userId,2,6,16,22,25,31,47,48,95,104,112,145,150,161,163,168,172,186,196,208,223,225,231,235,236,256,265,266,288,292,317,349,357,367,368,377,432,434,435,440,442,454,466,480,485,494,515,529,552,553,555,585,587,589,590,592,593,596,597,608,628,653,733,736,762,778,783,785,832,899,902,903,904,910,913,920,923,924,1028,1060,1073,1088,1092,1094,1097,1101,1127,1136,1198,1199,1201,1203,1204,1208,1210,1213,1221,1222,1225,1228,1230,1233,1240,1246,1249,1250,1258,1265,1270,1275,1278,1282,1291,1293,1302,1304,1307,1339,1372,1374,1376,1380,1387,1391,1393,1394,1408,1466,1517,1544,1552,1580,1608,1625,1645,1653,1673,1674,1682,1690,1704,1722,1729,1732,1747,1748,1777,1784,1876,1917,1954,1961,1997,2000,2001,2003,2005,2011,2019,2028,2100,2194,2268,2273,2278,2294,2395,2406,2407,2455,2470,2502,2529,2572,2599,2617,2628,2683,2701,2716,2770,2797,2858,2916,2985,2997,3000,3101,3147,3160,3175,3253,3418,3471,3481,3527,3578,3717,3751,3753,3911,3994,3996,4011,4027,4085,4226,4246,4262,4306,4370,4720,4878,4896,4963,4979,4995,5010,5378,5418,5445,5459,5502,5618,5669,5679,5989,6365,6377,6378,6502,6539,6934,7153,7438,8360,8665,8784,8961,35836,40815,44191,46578,48516,48780,49272,56367,68157,72998,79132
156,5.0,4.0,4.0,4.0,4.0,,4.0,,4.0,2.0,3.0,,5.0,4.0,4.0,4.0,4.0,3.0,4.0,3.0,,4.0,1.0,,4.0,3.0,,5.0,2.0,4.0,4.0,5.0,3.0,4.0,4.0,5.0,3.0,4.0,3.0,,4.0,4.0,3.0,5.0,3.0,4.0,,,5.0,4.0,4.0,3.0,5.0,5.0,5.0,4.0,5.0,,5.0,4.0,5.0,4.0,5.0,4.0,3.0,,,1.0,5.0,3.0,4.0,,5.0,4.5,5.0,,4.0,,5.0,,,5.0,5.0,4.0,5.0,5.0,5.0,5.0,5.0,4.0,4.0,,4.0,5.0,5.0,,4.0,3.0,4.0,,3.0,,5.0,5.0,4.0,,4.0,4.0,4.0,5.0,5.0,5.0,4.0,,5.0,5.0,3.0,4.0,4.0,,4.0,4.0,5.0,,5.0,,5.0,,,,3.0,5.0,4.0,5.0,5.0,3.0,4.0,5.0,,4.0,5.0,5.0,,,4.0,4.0,4.0,5.0,3.0,4.0,3.0,4.0,,5.0,4.0,4.0,,4.0,,5.0,4.0,5.0,5.0,4.0,5.0,4.0,2.0,4.0,4.0,4.0,4.0,5.0,5.0,,2.0,5.0,3.0,4.0,3.0,5.0,4.0,,5.0,4.0,4.0,3.0,,3.5,5.0,4.0,5.0,4.0,5.0,5.0,4.0,5.0,5.0,4.0,3.0,5.0,3.0,3.0,5.0,,4.0,5.0,4.0,4.0,4.0,5.0,,3.0,,4.0,5.0,3.0,5.0,4.0,5.0,4.0,,,,,,,,,,5.0,,,,,,,,,,,,,,,,,,,,
741,3.0,3.5,4.0,2.5,4.5,5.0,5.0,2.0,0.5,0.5,0.5,,5.0,5.0,4.5,3.5,,,2.0,3.5,1.0,,0.5,4.5,,,,3.0,4.5,1.5,0.5,2.5,5.0,4.5,4.0,2.5,4.0,1.0,1.0,3.0,0.5,3.0,0.5,2.0,3.0,0.5,5.0,5.0,4.5,4.5,,0.5,4.0,3.5,3.0,5.0,5.0,3.0,2.5,5.0,,4.5,4.5,0.5,,5.0,4.0,,4.0,,5.0,5.0,5.0,5.0,5.0,5.0,4.5,5.0,3.5,,4.0,1.0,4.5,5.0,1.0,4.0,2.0,5.0,4.5,5.0,5.0,5.0,5.0,5.0,4.0,5.0,4.5,4.5,5.0,5.0,1.0,5.0,4.5,5.0,5.0,5.0,5.0,5.0,2.5,4.5,4.0,5.0,5.0,5.0,3.0,4.5,5.0,5.0,,4.0,3.5,0.5,0.5,5.0,0.5,4.5,5.0,5.0,3.0,0.5,3.5,4.5,0.5,,4.5,5.0,4.5,4.5,5.0,4.5,4.5,4.0,5.0,5.0,5.0,5.0,1.0,5.0,,3.0,1.0,5.0,,4.5,4.5,,,0.5,,5.0,4.5,5.0,4.0,4.5,4.0,5.0,2.0,5.0,4.5,4.5,,,2.5,,,4.5,0.5,3.0,3.0,4.5,4.5,4.5,5.0,4.5,3.0,4.5,,4.5,5.0,5.0,5.0,0.5,4.5,2.0,,4.0,3.0,3.5,4.0,3.5,,4.0,4.5,5.0,4.5,4.5,4.5,3.0,4.5,5.0,,,,,4.5,,5.0,4.5,,3.0,3.5,4.5,4.0,4.5,4.5,,5.0,,4.0,,0.5,4.5,,5.0,3.5,5.0,3.5,,4.5,,,4.5,5.0,5.0,5.0,4.5,,,,
768,3.0,4.0,3.0,4.0,,,5.0,,3.0,,,3.0,3.0,3.0,4.5,0.5,4.0,,3.0,3.5,,3.0,3.0,,,3.0,,,4.0,,,3.0,,4.0,3.0,4.0,1.0,3.0,,4.0,4.0,3.5,3.0,3.0,4.0,3.0,,,3.5,4.0,3.0,,,4.0,,4.0,5.0,,3.0,4.0,,3.0,4.5,2.5,3.0,4.0,,,3.0,,,,3.5,3.0,4.0,,,4.0,,,,2.0,4.0,,3.0,4.0,3.5,4.0,4.5,4.0,5.0,,4.0,5.0,4.0,3.5,5.0,4.0,,,,5.0,4.5,3.0,4.0,4.5,4.5,4.0,4.0,5.0,,,4.0,,3.0,3.5,,4.0,4.0,5.0,4.0,3.0,3.5,4.0,3.0,3.0,4.0,4.0,3.0,3.0,3.5,4.0,3.0,3.5,4.0,3.0,,,3.0,4.0,4.0,4.0,4.0,3.5,,4.0,2.0,,3.0,2.5,4.0,3.0,4.0,4.0,4.0,3.0,3.0,3.0,4.0,4.0,3.0,3.0,4.0,2.5,4.0,3.5,,4.0,,3.0,4.0,4.0,4.0,,,4.5,3.5,3.0,3.0,4.0,,2.0,3.5,4.5,4.5,3.5,,,3.0,3.0,4.5,4.0,3.0,,,4.0,4.0,3.0,3.0,,,4.0,3.0,4.5,,4.0,4.0,,3.0,4.0,3.0,,4.0,3.5,4.0,,4.0,3.5,4.0,3.5,4.0,4.0,3.5,,4.0,3.5,3.5,3.5,,3.5,4.0,4.5,3.5,5.0,3.5,3.5,3.5,,,,3.5,4.0,,3.5,3.5,4.0,,3.0,3.0,4.0
775,2.0,3.5,4.0,3.0,4.0,2.0,4.5,2.5,1.0,4.0,3.5,,4.0,3.5,4.0,2.0,0.5,2.0,4.0,2.5,4.5,2.5,1.5,5.0,2.5,1.5,,1.0,4.0,3.0,3.5,3.5,4.0,3.0,4.5,3.5,1.5,3.0,2.0,4.0,3.0,4.0,3.5,4.5,3.5,,5.0,4.0,,1.0,4.0,3.5,2.5,4.5,4.0,4.0,5.0,5.0,2.0,5.0,1.5,2.5,3.0,2.5,1.0,5.0,3.5,4.5,2.5,4.0,4.5,5.0,4.0,5.0,5.0,3.5,5.0,5.0,4.5,,5.0,2.5,2.0,5.0,4.5,3.5,4.0,4.0,5.0,5.0,4.5,4.0,5.0,5.0,4.5,5.0,4.5,3.5,5.0,4.5,4.0,5.0,4.0,3.5,,4.0,3.0,3.5,5.0,3.5,4.5,5.0,5.0,4.5,3.5,5.0,2.5,4.0,4.5,5.0,4.5,3.0,5.0,4.0,4.0,4.5,2.0,4.0,4.0,4.0,3.5,4.0,3.5,3.5,3.0,3.5,4.5,3.0,5.0,3.5,3.0,3.5,5.0,4.0,4.0,3.5,4.0,4.0,3.0,2.0,4.0,5.0,5.0,3.0,4.5,4.0,5.0,4.5,5.0,4.0,2.5,4.0,3.5,4.0,4.5,,5.0,4.5,4.0,5.0,3.5,4.0,5.0,,4.5,3.5,2.0,4.5,1.0,4.0,3.0,3.5,3.5,4.5,4.0,5.0,4.0,2.0,3.0,5.0,4.5,3.0,3.0,5.0,2.0,4.5,2.5,1.0,4.5,2.0,4.0,3.0,5.0,,4.0,3.0,4.0,4.0,3.5,3.0,4.5,3.0,4.0,4.5,4.0,4.0,4.0,4.0,3.0,,4.0,3.0,3.5,4.5,3.5,4.0,4.0,3.0,5.0,,3.5,4.0,3.0,4.0,5.0,,,,5.0,,,,,,,,,,,
903,4.0,4.0,3.0,2.0,4.0,,4.0,1.0,2.0,4.0,1.0,3.0,4.0,4.0,4.0,2.0,1.0,3.0,2.0,4.0,4.0,3.0,4.0,4.0,3.0,2.0,3.0,4.0,4.0,3.0,2.0,3.0,4.0,4.0,3.0,4.0,2.0,4.0,4.0,4.0,2.0,2.0,3.0,4.0,3.0,3.0,4.0,4.0,2.0,3.0,4.0,3.0,4.0,4.0,4.0,3.0,5.0,3.0,2.0,5.0,4.0,1.0,4.0,3.0,1.0,5.0,2.0,3.0,3.0,2.0,4.0,4.0,3.0,3.0,3.0,4.0,5.0,3.0,3.0,4.0,4.0,1.0,1.0,2.0,5.0,1.0,3.0,4.0,5.0,4.0,3.0,4.0,5.0,5.0,4.0,5.0,4.0,3.0,4.0,5.0,5.0,4.0,4.0,5.0,4.0,4.0,3.0,4.0,4.0,3.0,5.0,1.0,4.0,4.0,4.0,4.0,5.0,3.0,2.0,3.0,4.0,2.0,5.0,2.0,4.0,4.0,3.0,4.0,3.0,2.0,2.0,3.0,3.0,4.0,2.0,,3.0,4.0,4.0,2.0,5.0,1.0,3.0,5.0,4.0,2.0,3.0,4.0,1.0,3.0,4.0,4.0,5.0,3.0,3.0,4.0,3.0,4.0,4.0,4.0,4.0,4.0,2.0,3.0,3.0,3.0,4.0,4.0,3.0,4.0,3.0,3.0,2.0,3.0,4.0,3.0,2.0,3.0,1.0,5.0,4.0,4.0,5.0,3.0,4.0,3.0,,4.0,3.0,2.0,4.0,3.0,1.0,4.0,3.0,4.0,3.0,2.0,3.0,,3.0,3.0,4.0,4.0,5.0,5.0,,2.0,4.0,4.0,1.0,,,,,,,,,,,,,,,,,,,,,,,,,,,,,,,,,,,,,,,
982,2.0,3.5,4.0,3.0,3.5,3.0,5.0,2.5,2.5,3.0,3.0,3.0,3.0,3.0,3.5,2.0,2.5,3.0,3.0,2.5,4.0,2.5,3.0,3.5,,2.0,,3.0,3.5,3.0,2.5,3.0,4.0,2.5,2.5,3.5,,3.0,2.5,2.5,2.5,3.0,3.0,3.0,2.5,2.5,3.0,,2.5,3.0,4.0,1.5,2.5,3.5,3.0,3.0,3.5,3.5,3.0,4.0,3.5,1.5,3.0,2.5,2.0,4.0,,3.0,2.5,3.0,3.5,4.0,5.0,,3.5,3.5,4.0,4.5,3.0,,3.5,2.0,3.5,4.0,2.5,3.0,3.0,4.0,4.0,3.5,5.0,4.0,3.5,4.5,3.5,4.5,4.5,4.5,4.0,,4.0,4.0,4.0,4.0,3.5,4.0,4.0,4.0,3.5,3.0,3.5,,4.0,3.5,3.0,4.0,3.5,3.5,2.5,2.5,3.0,3.0,3.5,3.5,3.5,3.5,3.5,3.0,3.5,3.0,3.0,3.0,3.0,4.0,3.0,3.0,4.0,3.5,3.0,3.5,3.0,3.0,4.0,5.0,3.0,3.5,,3.5,3.0,2.5,4.0,3.5,4.0,3.5,3.5,3.5,3.5,3.0,4.5,3.5,2.0,3.5,3.0,3.0,3.5,3.0,4.0,3.5,3.0,3.5,2.5,3.5,3.5,,3.5,2.5,3.0,3.5,3.0,3.0,3.0,2.0,4.0,3.5,3.5,3.5,,3.0,3.0,4.0,3.5,3.0,3.5,4.0,3.5,4.0,3.5,3.0,3.5,2.5,,2.5,3.5,3.0,3.0,4.0,4.0,3.0,4.0,3.0,3.0,3.5,4.5,3.0,3.0,4.0,3.5,3.5,3.0,3.5,3.0,2.0,3.0,4.5,3.5,3.5,3.5,3.0,,3.0,3.5,3.5,2.0,4.0,4.0,3.0,3.0,,3.5,4.0,3.5,3.5,,3.5,3.0,3.5,,,,
1849,3.0,,,3.5,,3.0,4.0,3.0,3.0,2.5,,3.5,3.5,3.5,3.5,3.0,3.0,3.0,2.5,1.5,3.5,,3.0,3.5,4.0,3.0,,3.0,,3.0,3.5,3.5,3.5,2.5,3.0,3.0,3.0,3.0,2.5,4.0,3.5,3.0,3.0,3.5,3.0,,,,3.0,,,3.0,3.5,3.5,4.0,3.5,5.0,3.5,3.5,3.5,4.0,3.0,3.5,3.0,,,3.5,3.0,3.0,4.5,3.5,4.0,4.0,4.0,3.5,4.0,4.5,3.5,4.0,,3.5,4.0,3.5,,3.5,3.5,3.5,3.5,4.5,4.0,3.5,,4.0,,4.5,4.0,4.0,4.0,3.5,,3.5,,3.0,4.0,4.0,,4.0,4.0,4.0,3.0,3.5,4.0,4.0,,3.5,4.0,4.0,3.5,3.5,3.5,3.5,3.5,3.5,2.5,3.0,3.5,3.5,,3.0,3.0,3.0,3.5,4.0,3.5,,3.5,,3.5,3.5,3.0,3.5,4.0,,3.5,3.5,4.0,3.5,4.0,3.0,3.0,3.5,3.5,4.0,3.5,3.0,3.5,4.0,3.5,,3.5,3.5,3.5,3.5,3.5,4.0,3.0,3.0,3.5,3.5,,3.5,3.5,,3.5,3.0,4.0,3.0,3.0,2.5,4.0,3.5,4.0,4.0,3.5,,3.5,4.5,3.5,3.5,3.0,4.0,3.0,3.5,4.0,3.5,,3.5,3.0,4.0,3.0,4.0,3.5,4.5,3.5,4.0,,4.0,3.0,,4.0,3.5,3.5,4.0,3.5,3.5,3.5,3.5,,3.0,3.5,3.5,,4.0,4.0,3.5,3.5,3.5,3.5,4.5,4.0,3.5,4.0,3.5,4.0,3.5,3.5,3.5,,4.5,3.0,3.5,,4.0,,3.5,4.0,,,,
2261,3.5,3.5,3.0,3.5,3.0,2.5,4.0,,3.0,1.5,,,3.5,3.5,,2.5,4.0,,,3.5,1.5,2.5,0.5,3.0,,1.0,,2.0,2.5,2.5,2.5,3.5,4.0,3.0,3.0,3.0,3.0,3.5,,3.0,3.0,2.5,2.5,5.0,3.5,3.5,3.0,3.5,3.5,3.0,3.5,,3.0,4.5,2.0,4.0,4.0,3.5,3.0,4.0,4.0,,3.5,3.5,1.5,,,1.5,2.5,4.0,3.5,3.5,2.0,4.0,4.0,3.5,3.5,5.0,4.0,2.0,3.0,3.5,3.5,4.0,3.5,3.5,4.5,3.5,4.5,2.5,2.0,4.0,2.0,3.5,3.5,2.5,3.0,,4.0,3.0,3.5,2.5,4.0,2.5,2.0,4.0,,3.0,4.0,,4.0,5.0,5.0,3.0,2.5,4.0,2.0,3.0,1.5,2.0,4.0,4.0,4.0,2.5,2.5,3.0,3.0,1.5,2.0,3.5,3.0,3.5,3.5,3.0,3.0,3.5,3.5,4.0,3.5,,3.0,3.0,4.5,2.5,2.5,3.0,2.0,2.5,,,3.0,3.0,3.5,2.5,2.0,,2.5,3.0,,3.0,3.0,4.0,2.5,,4.0,,2.5,4.0,3.5,3.5,3.0,3.0,2.5,,,2.0,2.0,1.0,2.0,3.5,3.0,2.5,3.5,4.0,3.5,3.0,,3.0,3.5,3.0,3.5,1.5,3.5,3.5,2.5,4.0,2.5,2.0,3.5,2.0,3.0,3.0,4.0,3.0,3.0,3.5,3.0,2.5,3.0,4.5,4.0,3.5,0.5,3.5,3.0,2.5,3.0,,1.5,3.0,3.5,,3.0,,2.0,4.0,3.0,3.0,4.0,4.0,1.0,3.0,,3.0,4.0,3.0,1.0,1.5,2.5,0.5,,,2.5,2.5,2.5,2.5,3.0,,,
2397,4.0,4.0,4.0,4.0,3.0,3.0,4.0,3.0,4.0,3.0,3.0,4.0,4.0,4.0,4.0,4.0,3.0,4.0,4.0,1.0,3.0,,1.0,3.0,4.0,3.0,,,,4.0,3.0,4.0,4.0,4.0,4.0,4.0,4.0,4.0,4.0,4.0,1.0,4.0,4.0,4.0,3.0,4.0,,4.0,4.0,3.0,,4.0,3.0,4.0,4.0,4.0,4.0,4.0,4.0,4.0,4.0,3.0,4.0,4.0,,,4.0,4.0,3.0,4.0,4.0,4.0,4.0,4.0,4.0,4.0,1.0,1.0,3.0,,1.0,4.0,4.0,4.0,4.0,4.0,4.0,1.0,4.0,3.0,,4.0,4.0,3.0,4.0,4.0,4.0,4.0,4.0,3.0,3.0,4.0,4.0,4.0,4.0,4.0,5.0,4.0,4.0,4.0,4.0,3.0,4.0,4.0,4.0,4.0,4.0,,4.0,4.0,4.0,4.0,4.0,1.0,4.0,4.0,4.0,,4.0,4.0,3.0,4.0,4.0,4.0,4.0,4.0,4.0,4.0,4.0,4.0,4.0,4.0,4.0,4.0,4.0,4.0,4.0,4.0,4.0,4.0,4.0,3.0,,4.0,4.0,4.0,4.0,4.0,4.0,4.0,3.0,4.0,4.0,4.0,4.0,4.0,4.0,4.0,4.0,,3.0,4.0,4.0,4.0,4.0,4.0,4.0,4.0,3.0,4.0,4.0,3.0,4.0,3.0,4.0,4.0,,4.0,4.0,4.0,1.0,1.0,,4.0,3.0,4.0,4.0,4.0,4.0,3.0,4.0,4.0,4.0,4.0,3.0,4.0,4.0,4.0,4.0,4.0,4.0,3.0,3.0,4.0,4.0,3.0,4.0,4.0,4.0,4.0,4.0,4.0,4.0,4.0,,,4.0,4.0,4.0,4.0,4.0,4.0,4.0,4.0,4.0,4.0,4.0,4.0,4.0,4.0,4.0,4.0,4.0,4.0,4.0,4.0,4.0,,4.0,4.0
3284,3.0,,,,3.5,3.5,,4.0,4.0,,,,4.5,3.5,,3.5,2.0,3.0,,3.0,4.5,,,4.5,3.0,3.5,4.0,,,,,,3.5,2.0,3.0,4.5,,,,4.0,,,3.5,4.0,4.5,,,,3.0,,,,3.0,,,4.5,,3.5,3.0,5.0,,3.0,4.0,,,4.0,4.0,,,5.0,3.5,4.0,5.0,4.5,5.0,4.5,5.0,3.5,4.5,,4.0,,,4.0,5.0,,4.0,5.0,5.0,4.5,,,,5.0,3.5,,5.0,,4.0,4.5,5.0,5.0,3.5,3.5,,4.0,3.5,4.0,4.0,3.5,5.0,4.0,4.5,5.0,4.5,4.0,4.0,,4.0,3.5,4.0,2.0,4.0,2.0,3.0,4.0,,,3.5,,,4.5,3.5,,,2.0,4.5,3.5,4.0,,4.0,3.0,4.5,3.0,4.0,4.5,,3.0,,3.5,4.0,4.0,,,,4.0,,4.0,,,4.0,4.0,,,,4.5,3.0,4.0,4.0,,4.0,3.5,3.5,,3.5,,1.5,,2.0,5.0,3.5,5.0,4.5,3.0,3.5,5.0,5.0,,,4.0,4.5,3.0,5.0,5.0,3.5,,,,5.0,3.0,4.5,,4.5,,4.5,,4.5,4.0,,4.0,3.0,,,4.0,3.5,3.5,4.0,,2.0,4.0,3.0,,4.5,4.5,4.5,,4.0,1.5,4.5,3.5,,4.0,,4.5,4.5,3.5,4.0,3.0,4.5,2.5,4.0,3.0,4.5,3.0,4.5,2.5,4.0,4.5,,4.5
3318,3.0,3.0,3.0,2.0,4.0,3.0,4.5,4.0,2.0,4.0,4.0,4.0,3.0,,4.0,4.0,3.0,4.0,2.0,3.0,5.0,,1.0,5.0,3.0,3.0,,4.0,5.0,4.0,2.0,1.0,3.0,4.0,3.0,2.0,3.0,1.0,2.0,3.0,4.0,2.0,3.0,4.0,0.5,2.0,,,5.0,5.0,4.0,0.5,4.0,3.0,4.0,4.0,5.0,4.0,3.0,2.0,2.0,3.0,4.0,4.0,2.0,5.0,,3.0,3.0,,4.5,,,,,3.0,4.5,2.0,2.0,3.0,4.0,4.0,0.5,3.0,4.0,3.0,3.0,5.0,4.0,,5.0,,,4.0,4.5,,3.0,4.0,3.0,4.0,,,3.0,3.0,,,4.0,3.0,4.0,3.0,3.0,4.5,4.0,2.0,4.0,,3.0,5.0,,3.0,3.0,3.0,4.0,4.0,5.0,4.0,3.0,,3.0,2.0,3.0,3.0,1.0,4.0,4.5,,3.0,3.0,3.0,3.0,3.0,3.0,1.0,4.0,2.0,4.0,4.0,4.0,4.0,4.0,4.0,4.0,4.0,3.0,3.0,4.0,4.0,4.0,,2.0,2.0,5.0,5.0,4.0,,4.0,3.0,3.0,3.0,3.0,3.0,4.5,,5.0,2.0,2.0,4.0,3.0,1.0,5.0,2.0,2.0,5.0,2.0,3.0,4.0,4.0,2.0,5.0,4.5,4.0,3.0,4.0,4.0,4.0,4.0,4.0,4.0,2.0,,3.0,4.0,5.0,4.5,4.0,4.0,5.0,2.0,4.5,4.5,,4.5,4.0,4.5,4.0,4.5,5.0,3.0,4.5,4.0,4.0,3.0,3.0,3.0,4.5,4.5,4.5,2.5,4.5,4.5,2.5,4.0,3.0,5.0,4.5,4.0,3.0,4.5,5.0,4.0,4.0,5.0,5.0,5.0,,4.5,,,,
3397,2.0,,,1.0,,,4.0,0.5,1.5,,,3.0,3.5,,,0.5,0.5,3.0,0.5,,3.0,,,,,2.0,,,,3.0,3.0,,3.0,2.0,3.5,3.0,,,1.0,3.5,3.0,3.0,,3.0,2.0,3.0,,3.5,,,,0.5,3.0,2.5,,3.0,3.5,4.0,3.0,,,,2.0,3.0,,4.0,,,2.5,4.0,4.0,,3.5,3.5,,,,5.0,4.0,,3.0,3.0,,3.0,3.5,3.0,4.0,,,4.0,,3.5,,,4.0,,,4.0,,,3.5,,3.0,4.0,,,4.0,3.5,3.0,,,,,,,,,,,,,3.5,4.0,,3.5,,,3.5,3.0,2.0,1.5,3.5,3.0,3.0,1.0,4.0,3.5,,4.0,,4.0,,,4.0,4.0,4.0,3.5,4.0,3.5,2.5,4.0,3.5,4.0,,,3.0,3.5,3.0,,3.5,,,,,,3.5,3.5,,3.0,,,3.0,4.0,3.5,3.5,2.0,2.5,3.0,,,3.5,3.0,4.0,,,3.5,4.0,,2.5,5.0,3.5,0.5,,4.0,3.0,,2.5,,1.0,2.0,4.0,,4.0,,,,4.0,3.0,,3.0,3.5,3.5,4.0,3.0,3.5,3.0,4.0,,1.5,4.0,3.5,2.5,4.0,4.5,4.0,3.0,4.0,,4.0,,4.0,3.5,,4.0,,,,3.5,3.5,3.5,3.5,4.5,4.0,4.0,,,3.5,,4.5,4.0
3797,2.0,4.0,3.0,,3.0,3.0,3.5,,,1.0,3.0,,,,,,,,,2.0,,,2.5,2.0,,,2.0,,4.0,3.0,,,1.0,3.0,4.0,3.0,2.0,,,,,,,3.0,,,1.5,3.0,,,,,1.0,3.0,5.0,,4.0,,3.0,5.0,4.5,,,2.0,1.0,5.0,,,2.0,,,4.0,4.0,,3.0,,3.0,2.0,,3.0,,,3.0,,1.0,1.0,,4.0,3.0,2.5,3.0,4.0,4.0,5.0,2.0,3.0,3.0,3.5,3.5,3.0,2.5,4.0,3.0,4.0,2.0,3.0,3.0,5.0,4.0,,3.5,,4.0,4.0,,4.0,2.0,,,,,,2.0,,2.0,1.0,,3.0,4.0,,2.0,3.0,1.0,3.0,3.0,4.0,1.0,,3.0,1.0,3.0,,3.0,4.0,3.0,,1.0,3.0,,2.0,,5.0,,2.0,,3.0,,2.0,4.5,2.0,,4.0,,3.0,,3.0,1.0,,,3.0,,2.0,5.0,,,3.0,3.0,2.0,1.0,2.0,,2.0,5.0,2.0,,4.0,2.5,,,4.0,4.0,2.0,4.0,,3.5,,4.0,,3.0,,3.0,,4.0,2.0,5.0,,5.0,2.0,3.0,3.0,1.0,3.0,3.5,3.0,2.0,4.0,5.0,,3.0,3.0,3.0,3.0,,3.5,5.0,,4.0,2.0,3.0,,4.0,4.0,3.0,4.0,2.0,2.5,2.5,3.5,,3.5,3.5,3.0,3.5,3.0,3.5,2.0,3.5,4.0,4.0,3.5
3858,1.5,3.0,4.5,1.5,2.0,0.5,4.0,,1.0,,,,2.5,0.5,1.0,,,,1.0,,4.0,1.0,2.0,2.5,1.0,0.5,,,4.5,,,2.0,2.5,0.5,,1.5,0.5,0.5,,,,3.5,1.0,2.0,1.5,,3.0,2.0,0.5,2.0,4.0,,2.5,2.0,3.0,3.0,4.5,3.5,1.5,5.0,,,1.0,3.0,,4.5,3.0,2.0,,5.0,,4.0,4.0,5.0,,,5.0,5.0,3.0,3.5,3.0,,3.5,3.0,3.0,2.0,2.0,2.5,3.5,5.0,4.5,4.0,,5.0,2.5,4.0,4.0,4.5,4.0,4.5,5.0,4.0,3.5,3.5,4.0,,5.0,4.0,4.5,3.5,4.0,5.0,2.5,,3.5,2.0,3.5,3.0,,,,,5.0,3.5,3.5,3.0,,3.5,1.0,1.5,2.0,2.0,0.5,2.0,2.5,4.0,5.0,2.0,4.0,2.0,3.0,,3.5,5.0,,3.0,2.5,2.5,2.0,,,,4.0,,,3.5,3.0,3.5,4.0,3.5,,4.0,4.0,,,3.0,2.0,3.0,3.5,4.0,2.0,1.0,4.0,,,2.0,3.0,1.5,0.5,4.0,2.5,3.0,3.0,2.5,3.5,4.5,,4.0,2.5,4.0,,,,3.5,3.5,3.5,2.5,,,,,3.5,4.0,4.0,3.5,,4.5,3.0,4.0,3.0,2.0,4.0,3.5,3.0,3.0,3.0,3.0,1.5,1.5,2.0,3.5,,1.0,5.0,4.5,3.5,3.0,0.5,4.0,,3.5,2.0,0.5,3.5,3.5,4.0,,,4.5,,,3.5,3.0,2.5,3.5,1.0,3.0,3.5,2.5,3.5
3907,2.5,4.0,4.0,3.5,3.5,1.0,4.0,,3.5,3.0,3.0,,4.0,3.5,2.5,,,,2.5,2.0,4.0,2.5,3.5,3.5,,,1.5,,2.5,,,3.5,3.0,3.0,3.5,3.5,3.0,,2.0,,,3.0,2.5,4.0,,,,3.0,2.5,3.0,3.5,,,4.0,3.0,3.5,4.0,3.0,1.0,4.5,3.5,2.5,3.5,2.5,,4.5,,3.5,2.5,3.5,2.5,3.5,4.0,3.5,,3.5,3.5,3.5,,3.5,4.0,,3.0,,3.5,2.5,3.5,4.0,4.5,4.0,4.5,4.0,,3.5,4.0,4.0,5.0,4.5,3.5,4.0,4.5,4.5,3.5,,,4.0,4.0,4.0,4.0,,,3.5,4.5,,2.5,4.0,3.5,2.5,3.5,4.5,3.5,2.5,3.5,2.5,,3.5,2.5,3.5,3.5,3.0,2.0,3.5,3.0,4.0,4.0,3.5,4.0,3.0,4.0,2.5,3.5,2.5,3.0,5.0,3.5,4.0,,,3.0,2.0,4.0,3.5,3.5,3.5,,3.5,3.0,4.5,4.0,4.0,3.0,3.5,3.0,,3.0,3.0,4.5,,3.0,3.0,,3.5,,,3.5,3.0,2.0,2.5,2.0,4.0,,3.0,3.0,3.5,3.5,3.5,4.0,3.5,3.5,3.0,4.0,3.5,,,4.0,3.5,3.5,,4.0,3.0,,2.0,4.0,3.5,3.0,,4.5,,3.0,3.5,3.5,2.5,4.0,3.0,3.5,3.0,3.0,3.5,2.0,3.5,3.5,2.0,3.0,4.0,3.0,3.5,3.5,2.5,3.5,2.5,4.0,3.5,2.0,4.5,3.5,3.0,3.5,3.0,4.5,4.5,4.0,2.5,3.5,4.0,4.0,4.0,2.5,4.0,3.5,4.0
4222,,,,,,,4.0,4.0,,,4.0,,5.0,4.5,,2.0,3.0,,2.0,3.0,,,4.0,4.5,,4.0,4.0,4.0,2.0,4.0,,4.0,4.0,3.5,4.0,4.0,3.0,3.0,,4.0,3.0,4.0,4.0,4.5,3.0,,,5.0,,4.0,4.0,,4.0,3.0,5.0,4.0,5.0,5.0,3.0,4.0,,3.0,,2.0,,5.0,5.0,,,5.0,4.0,4.0,5.0,4.0,4.5,4.0,5.0,5.0,,,,,,4.0,5.0,3.0,4.0,5.0,4.5,5.0,5.0,4.5,5.0,4.0,4.0,5.0,5.0,5.0,5.0,4.0,5.0,5.0,3.0,4.0,3.0,5.0,4.5,4.0,4.5,2.0,4.5,5.0,4.0,4.0,4.0,5.0,4.0,4.0,4.0,4.5,4.5,2.0,5.0,4.0,,4.0,2.0,3.0,4.0,4.0,,4.5,,4.0,,4.0,,4.0,4.0,3.0,4.0,5.0,4.0,4.0,4.0,4.5,,5.0,3.0,,,5.0,4.0,3.0,3.0,4.0,4.0,4.5,5.0,5.0,3.0,4.0,4.0,4.0,,4.0,,4.0,3.0,4.0,4.0,4.0,5.0,,4.0,3.0,4.0,3.5,,3.5,4.0,4.0,5.0,3.0,4.0,5.0,5.0,3.0,4.5,4.0,4.0,,5.0,5.0,4.0,3.0,4.0,,4.5,4.0,4.0,3.0,4.0,5.0,4.0,3.0,5.0,,,5.0,5.0,,3.5,4.0,4.0,4.5,5.0,4.0,4.0,,5.0,3.5,5.0,5.0,,,4.0,3.5,4.5,4.0,,4.5,3.5,5.0,5.0,4.0,4.0,,5.0,,4.5,4.5,4.5,4.5,4.5,4.5,4.5,5.0,4.5,5.0
4276,,1.5,2.0,1.0,3.0,,1.0,,,,,,2.0,,,,,,1.5,,3.0,,3.5,4.0,,,,,0.5,1.5,,2.0,,3.0,1.5,2.5,,,,,,,,2.5,,,2.0,,,,1.0,,2.0,2.0,2.0,3.5,2.0,4.5,3.0,3.0,,,,2.0,,,,,,4.0,,3.0,3.5,4.0,4.0,3.5,4.5,2.5,2.5,,2.5,,2.0,3.5,4.5,1.5,2.0,4.0,3.5,4.0,,3.5,2.5,2.5,2.0,3.5,5.0,2.0,3.0,3.0,3.5,2.0,3.5,,1.5,3.0,2.0,3.5,2.5,,4.0,2.5,2.5,2.0,1.5,2.0,3.0,2.0,3.0,4.0,3.0,1.5,4.0,2.5,,4.0,,,,2.5,,3.0,,1.5,2.0,2.0,3.5,2.0,3.0,2.0,1.5,2.0,3.5,3.5,,2.0,,,,,3.5,2.0,1.5,2.0,2.5,3.5,,3.5,4.5,2.5,3.5,4.0,,,2.0,,3.0,3.5,2.0,2.5,2.0,3.0,4.0,,3.0,2.0,1.5,,,3.0,,2.0,1.0,3.5,2.5,3.5,,1.5,,4.0,,2.5,2.5,4.0,4.0,1.5,2.0,,3.5,,4.0,2.0,2.5,,3.5,2.0,2.0,,2.5,,,2.5,3.0,2.0,2.5,,,,,,,,1.0,,,1.5,,2.0,,3.5,,1.5,2.0,2.0,2.5,,,2.0,4.0,3.5,3.0,,,,,3.5,2.0,,,
4358,3.0,5.0,4.0,3.0,3.0,0.5,5.0,,3.0,3.0,3.0,3.0,3.0,,5.0,,2.5,,,,5.0,3.0,3.0,4.0,,,,3.0,5.0,,,3.0,4.0,4.0,,5.0,1.0,3.0,1.0,4.0,2.0,4.0,2.0,4.0,2.0,3.0,,4.0,4.0,4.0,5.0,4.0,3.5,5.0,3.0,5.0,5.0,5.0,2.0,5.0,5.0,2.0,4.0,1.0,2.0,,3.0,4.0,1.0,5.0,3.0,5.0,5.0,,5.0,4.0,5.0,5.0,5.0,5.0,5.0,3.0,5.0,5.0,5.0,4.0,5.0,5.0,5.0,5.0,,5.0,5.0,5.0,5.0,4.0,5.0,5.0,4.0,5.0,3.0,,5.0,3.0,5.0,,4.0,5.0,5.0,5.0,5.0,4.0,5.0,4.0,5.0,4.0,2.0,4.0,4.0,4.0,4.0,5.0,5.0,5.0,1.0,5.0,3.0,5.0,5.0,2.0,4.0,1.0,1.0,5.0,5.0,5.0,5.0,3.0,5.0,4.0,5.0,4.0,5.0,5.0,5.0,5.0,2.0,2.0,4.0,3.0,5.0,2.0,5.0,4.0,3.0,5.0,4.0,4.0,,,3.0,5.0,2.0,4.0,4.0,,5.0,4.0,3.0,5.0,3.0,4.0,4.0,5.0,5.0,5.0,5.0,5.0,3.0,5.0,4.0,4.0,4.5,5.0,4.0,4.0,5.0,5.0,5.0,5.0,,4.0,4.0,5.0,5.0,4.0,3.0,4.0,5.0,3.5,4.0,5.0,5.0,5.0,5.0,4.0,5.0,2.0,3.0,5.0,1.0,4.0,5.0,4.0,5.0,4.0,3.0,,4.0,5.0,5.0,3.0,5.0,5.0,5.0,4.5,1.0,4.5,4.5,5.0,5.0,5.0,4.5,5.0,5.0,3.5,4.5,2.0,5.0,5.0,3.5,4.5,,5.0,5.0,5.0,1.0,5.0,4.0,
4450,3.0,,,,,,5.0,,,,,,4.0,,,,,,,3.5,,,3.5,,,,,,1.5,4.0,2.5,,,3.0,,3.0,,,2.0,3.5,,,,4.0,,,2.0,4.0,,,,,2.5,3.0,,1.5,5.0,,3.0,3.0,4.0,,2.5,3.5,2.0,,,,3.0,,3.5,4.0,3.5,,,4.0,3.0,4.0,,,3.0,3.0,2.0,,4.0,2.5,4.0,5.0,4.0,1.0,5.0,3.5,,3.0,3.0,1.0,2.0,,4.0,,,3.0,4.0,2.5,,,4.0,4.0,4.0,,4.0,,4.0,3.5,3.0,3.0,4.0,4.0,3.0,3.0,3.0,,4.0,,2.5,5.0,,,0.5,,,4.0,,4.0,,4.0,,3.0,3.0,,4.0,,,,,4.0,,4.0,4.0,4.0,3.5,5.0,4.0,2.0,1.5,,3.0,3.0,,3.0,4.0,,3.5,,,2.5,,3.5,5.0,4.0,3.0,5.0,5.0,,,2.0,3.0,1.0,3.0,3.0,3.0,4.0,3.0,3.0,2.0,3.0,,1.5,4.0,3.5,3.0,2.0,,5.0,3.0,,3.5,2.5,3.0,3.5,,3.5,2.0,,3.5,3.0,4.0,2.5,1.0,3.0,3.5,4.5,2.5,,3.0,3.0,3.5,,2.5,3.0,3.5,,4.5,,0.5,3.0,4.5,2.5,3.0,3.0,1.0,3.5,1.5,0.5,0.5,3.5,2.0,3.0,2.5,,,0.5,3.0,2.5,2.5,1.5,4.0,,3.0,
4507,3.0,4.0,3.0,4.0,4.0,3.0,4.0,3.0,4.0,3.0,4.0,3.0,4.0,3.0,2.5,,,2.0,,2.0,5.0,,3.0,4.0,,2.0,3.5,4.0,3.0,2.0,3.0,2.0,4.0,3.0,3.0,4.0,2.0,3.0,2.0,4.0,2.0,3.0,,3.0,2.0,3.0,3.5,,,,4.0,2.0,2.0,4.0,3.0,3.0,5.0,4.0,3.0,4.0,4.0,,3.0,3.0,,4.0,3.0,4.0,3.0,4.0,4.0,5.0,5.0,5.0,4.0,4.5,5.0,3.0,4.0,4.0,4.0,3.0,3.0,4.0,5.0,2.0,3.0,5.0,4.0,3.0,4.0,4.0,4.0,5.0,3.0,5.0,5.0,4.0,4.0,5.0,5.0,,4.0,4.0,,4.0,,5.0,4.0,,4.0,3.0,4.0,,3.0,4.0,4.0,3.0,,4.0,2.0,3.0,4.0,1.0,4.0,5.0,3.0,4.0,4.0,2.0,3.0,4.0,2.0,3.0,3.0,,2.0,4.0,3.0,,4.0,3.0,4.0,4.0,3.0,,4.0,4.0,,3.0,4.0,3.0,3.0,3.0,2.0,3.0,3.0,2.0,5.0,4.5,3.0,3.0,3.0,3.0,4.0,3.0,5.0,3.0,2.0,4.0,3.0,3.0,4.0,3.0,4.0,3.0,3.0,3.0,1.0,4.0,2.0,4.0,5.0,4.0,4.0,4.0,4.0,3.0,4.0,4.0,3.0,4.0,3.0,4.0,5.0,2.0,3.0,,3.0,3.0,4.0,3.0,5.0,4.0,4.0,3.5,,4.0,3.5,3.0,3.0,,,2.0,4.0,3.0,3.0,4.0,2.0,4.0,3.0,2.0,2.0,4.0,3.0,,4.0,4.0,3.5,3.5,,4.0,,4.0,4.5,3.5,4.0,3.5,4.0,4.0,4.0,4.5,,,,,,,,
4967,3.0,,3.5,4.0,,3.0,3.5,3.0,3.5,3.5,3.5,4.0,2.5,,,3.0,3.5,,3.0,2.0,2.5,,2.0,3.0,,,,,,2.5,2.5,3.5,3.5,3.0,3.0,3.0,2.0,3.0,2.5,,3.0,,3.5,3.0,2.0,3.5,,3.5,4.0,,,1.5,4.0,3.0,3.0,,3.0,3.0,3.5,3.0,,3.0,3.5,3.5,,4.0,3.5,3.5,3.0,,,,,,,,,,3.0,,3.0,3.0,3.0,,,2.0,3.0,3.5,3.0,,,,3.0,,3.5,,,,,,,3.5,3.0,4.0,,,3.0,3.5,3.5,3.0,3.5,,3.5,,3.5,3.0,3.5,3.0,,,3.0,4.0,3.5,2.0,2.5,,3.0,,4.0,2.5,4.0,3.5,4.0,,3.0,3.0,3.0,,3.5,3.0,4.0,4.0,3.0,3.0,,,3.5,3.5,,3.0,2.5,,3.5,3.5,3.5,3.5,5.0,3.5,,3.5,2.5,4.0,,3.5,,3.0,,3.5,3.0,3.0,3.0,3.5,3.0,4.5,,4.0,3.0,4.0,3.5,4.0,3.0,3.5,3.0,3.5,3.0,3.5,,3.0,4.0,,3.0,3.5,,3.0,,4.0,3.5,4.0,4.0,4.0,,,,4.5,,4.5,,4.0,,4.5,,3.5,,4.0,4.0,,2.5,3.5,3.5,3.5,2.5,3.5,3.0,,2.5,4.0,3.5,3.0,4.0,4.0,3.5,4.5,3.0,3.0,3.0,3.0,3.5,3.5,3.5,4.0,3.5,3.5,4.0,,,4.0,4.0,3.5,4.0,
5843,,3.5,4.0,,4.0,,3.5,,3.5,4.0,4.0,,3.5,4.0,4.0,,2.5,,2.5,3.0,4.0,,4.0,4.0,2.5,,,3.5,3.0,3.0,3.0,3.5,4.5,4.0,3.5,4.5,,4.0,,4.0,3.5,4.0,3.5,4.0,2.5,3.0,5.0,4.5,,4.0,4.0,3.5,4.0,4.5,4.0,2.5,4.5,4.0,3.5,4.5,4.0,,3.5,3.0,,4.0,,4.0,2.5,4.5,,4.0,4.5,4.0,5.0,4.0,5.0,4.0,4.0,4.5,3.0,3.0,3.0,4.0,4.5,4.0,4.0,4.5,5.0,4.0,5.0,4.5,5.0,5.0,4.0,4.5,4.5,4.0,4.0,5.0,5.0,,5.0,3.5,,5.0,4.5,4.5,4.5,4.5,4.5,,4.0,,4.5,4.0,5.0,3.5,,5.0,4.5,4.0,4.5,,3.5,4.5,4.0,4.0,4.0,,3.5,4.0,3.0,3.5,,4.0,4.5,5.0,4.0,3.0,4.5,3.5,3.5,3.5,4.5,4.0,3.0,4.0,,2.5,5.0,3.5,4.5,4.5,2.5,3.5,4.0,3.0,4.5,4.0,4.5,4.5,4.0,3.5,3.5,4.0,4.0,4.0,4.0,4.0,2.5,,4.0,,4.5,4.0,3.0,4.0,2.5,4.0,3.5,4.0,4.5,4.0,4.0,4.5,,4.0,4.0,4.0,4.0,3.5,4.0,4.0,4.5,4.0,3.5,,4.0,1.5,3.5,3.5,4.5,4.0,3.5,3.0,4.5,4.0,3.5,4.5,3.5,4.0,,4.0,4.0,4.5,4.0,,3.0,4.0,4.0,3.0,,,4.5,,4.0,2.5,4.5,4.0,4.0,4.0,3.0,4.0,4.5,4.0,4.0,4.5,4.5,,,,,,,,,,,
6099,,4.5,4.0,2.0,3.5,,4.5,,2.0,3.0,3.0,2.5,3.5,3.5,,3.0,,,2.5,,4.0,3.0,3.0,4.5,3.5,,,,3.0,3.0,,2.5,4.0,3.5,3.0,3.0,,2.5,2.5,3.0,2.0,3.5,3.0,3.0,,2.5,4.0,,3.0,4.0,3.5,,2.5,4.0,4.0,3.0,4.0,3.5,2.5,4.5,3.5,3.0,3.5,2.0,,3.5,,,3.0,3.5,4.0,4.5,3.5,4.5,4.5,4.0,3.5,4.0,3.5,4.0,4.0,3.0,3.0,,3.5,3.0,4.0,4.0,4.5,4.5,4.0,4.5,4.5,5.0,4.0,4.5,5.0,4.5,4.0,4.0,4.5,5.0,4.0,4.0,,4.0,3.5,4.5,4.0,3.5,4.0,3.5,4.0,4.0,,4.5,4.0,3.5,3.0,4.0,3.0,3.0,3.5,2.5,3.0,4.0,3.0,4.0,3.5,0.5,3.0,3.0,2.0,3.5,3.5,4.0,4.0,3.5,4.0,2.5,3.5,2.5,4.0,5.0,3.5,4.0,3.5,4.0,,,3.0,3.5,4.0,3.0,3.0,3.5,3.5,3.5,4.0,4.0,3.0,4.0,3.5,3.0,3.0,4.0,3.5,3.5,3.0,,1.0,4.0,3.5,3.5,3.5,3.5,2.0,3.5,,4.0,2.5,4.0,5.0,3.5,3.0,5.0,3.5,3.5,2.0,3.5,3.5,4.5,3.0,,4.5,4.0,3.0,,3.5,,4.5,3.5,4.5,4.0,4.5,3.0,5.0,3.5,3.0,3.5,3.0,4.0,5.0,3.5,3.0,4.5,4.0,3.0,2.0,3.0,3.5,,3.0,4.0,4.0,3.5,2.5,2.0,3.5,,3.5,3.5,2.5,4.0,4.0,3.5,3.0,4.0,3.5,4.0,4.0,4.0,4.0,3.5,4.0,4.0,4.5,4.0,3.5,4.5
6373,2.5,3.0,3.0,,,3.0,4.0,2.5,,,2.0,1.0,,,3.5,,,2.0,,3.0,3.0,,0.5,2.0,2.5,1.0,2.5,3.0,3.5,3.0,2.5,2.5,2.5,2.0,2.5,2.5,,,,,2.5,,2.0,2.5,,,2.5,,,2.5,3.0,,3.0,4.0,3.0,2.5,3.0,2.5,4.0,3.0,3.5,2.5,3.5,2.5,1.5,3.5,2.5,2.5,2.5,4.0,4.0,4.0,4.5,3.0,4.0,4.0,3.0,2.5,2.5,,3.0,4.0,,,3.0,2.5,4.0,3.5,3.0,2.0,4.0,5.0,3.0,2.5,3.5,,2.0,3.5,3.0,1.5,1.5,3.5,4.0,3.0,3.0,4.0,3.5,3.0,3.5,2.5,2.5,2.5,2.5,4.0,,2.5,2.5,3.5,,,,3.5,3.5,3.0,2.5,2.5,3.0,2.5,,3.0,,2.5,2.5,3.0,,3.0,2.5,,2.5,,3.5,1.5,2.5,2.0,3.0,3.0,2.5,2.5,2.5,2.5,2.5,3.5,2.5,3.0,2.5,2.5,,3.0,,2.5,,3.5,3.0,2.0,3.0,3.0,2.0,,,2.5,2.0,2.5,2.5,3.0,1.5,2.5,2.5,,1.5,2.5,,3.0,3.0,3.0,3.0,2.5,2.0,1.5,3.0,4.0,2.5,2.0,3.0,3.0,2.5,3.0,2.5,2.5,2.5,2.0,2.0,3.0,2.0,2.5,1.5,,4.0,2.0,2.5,3.5,2.0,3.5,3.5,2.5,3.5,2.0,2.5,1.0,2.5,2.5,3.0,,2.0,2.5,4.5,2.5,3.0,2.5,4.0,2.5,2.0,3.5,2.0,4.5,2.5,3.0,2.5,3.0,3.0,,,,,,,,,,,
6636,,4.0,4.5,4.0,5.0,,4.5,,4.0,3.0,,3.0,4.0,3.0,3.5,,3.0,,4.0,,5.0,3.0,3.0,5.0,,,,,5.0,,,3.0,4.0,,,2.0,,2.0,,,,3.0,,4.0,,,5.0,3.0,,,5.0,2.0,3.5,4.0,4.5,4.0,5.0,,,5.0,,,3.0,,,4.0,,4.0,,4.0,4.0,4.0,5.0,4.0,5.0,3.0,5.0,4.0,4.5,5.0,5.0,2.5,3.0,4.0,3.0,,3.5,5.0,5.0,5.0,5.0,4.5,4.5,4.0,4.0,5.0,5.0,5.0,4.0,5.0,5.0,,5.0,4.0,,4.0,5.0,3.0,3.0,,3.0,,5.0,4.0,5.0,4.0,4.0,2.5,,3.0,,,5.0,4.0,4.0,2.5,,4.0,4.0,4.0,4.0,3.0,3.0,,,4.0,5.0,4.0,4.0,,5.0,,5.0,5.0,5.0,4.0,3.0,4.0,4.0,,4.5,5.0,5.0,4.0,3.0,4.0,,,4.0,5.0,3.0,4.0,4.0,,4.0,3.0,5.0,3.0,4.0,4.0,,4.0,,3.0,4.5,4.0,4.0,4.0,,4.0,4.0,3.0,5.0,3.0,4.0,5.0,,4.0,4.0,5.0,4.0,3.0,4.0,5.0,5.0,3.0,3.5,,4.0,4.0,5.0,4.0,3.0,4.5,3.0,5.0,5.0,4.0,5.0,5.0,4.0,5.0,4.0,4.0,4.0,5.0,4.5,5.0,4.0,4.0,5.0,3.0,5.0,3.0,5.0,5.0,5.0,4.0,4.5,3.5,4.5,4.0,3.5,5.0,5.0,4.5,3.5,4.5,3.5,,3.5,4.0,5.0,5.0,5.0,4.0,,,,
6719,4.0,5.0,5.0,,2.5,4.0,4.5,2.5,,2.0,,,4.0,,,2.0,1.5,2.0,,,4.5,2.5,5.0,4.5,4.5,2.5,3.5,4.0,5.0,3.0,3.5,,1.5,2.5,5.0,3.0,1.5,,2.5,,,3.0,,5.0,,,,4.0,4.0,4.0,4.5,1.0,4.0,,,5.0,5.0,3.0,3.0,3.0,3.5,2.5,,3.5,3.5,5.0,2.0,3.5,3.5,3.0,3.0,4.5,5.0,4.0,2.5,5.0,4.5,4.0,5.0,4.5,5.0,5.0,4.5,,5.0,,5.0,1.5,5.0,4.5,5.0,4.0,4.0,5.0,4.5,5.0,,5.0,3.5,4.5,5.0,,3.5,5.0,,,5.0,3.0,4.0,,3.0,4.0,5.0,,3.5,5.0,2.5,3.5,,,,5.0,5.0,4.0,3.0,3.5,,4.0,3.5,,5.0,3.0,,3.0,4.0,5.0,4.0,4.5,5.0,,5.0,,,5.0,,3.5,4.5,4.5,2.5,3.5,,5.0,3.5,4.0,4.0,2.5,5.0,4.5,5.0,5.0,5.0,,5.0,3.5,,3.5,5.0,1.0,5.0,,,4.0,,4.5,4.0,5.0,3.0,3.5,2.5,4.0,,4.5,5.0,,,5.0,5.0,3.0,4.5,4.5,2.5,3.0,,4.5,3.5,,,2.5,4.5,4.5,4.0,2.5,,5.0,5.0,,4.5,5.0,,2.5,,3.5,4.5,4.0,5.0,5.0,3.5,,,5.0,5.0,3.5,5.0,5.0,4.5,4.5,3.5,,4.5,5.0,5.0,5.0,,4.0,5.0,3.0,3.0,4.0,5.0,4.0,4.0,2.5,5.0,5.0,4.0,4.5,3.5,5.0,,
7201,1.0,2.0,3.0,3.0,5.0,,4.0,4.0,2.5,,,1.5,3.0,3.5,3.5,2.0,,,3.0,3.0,,,4.0,4.5,,,,,2.0,3.5,2.0,2.0,3.5,2.0,,2.0,,3.0,3.0,3.5,2.0,,3.5,4.5,2.5,,,,2.0,,4.5,,4.0,5.0,2.0,3.0,5.0,4.0,4.5,4.0,2.5,2.5,3.0,3.5,,3.0,4.5,,1.5,5.0,3.0,3.0,4.0,5.0,4.0,4.0,3.0,2.0,4.0,,3.0,3.0,2.0,3.0,3.0,2.5,2.0,5.0,4.5,3.0,5.0,,,2.0,3.0,,,2.0,3.5,,4.0,4.0,5.0,3.0,5.0,4.0,3.0,4.0,4.0,3.0,4.0,3.0,4.0,,,4.0,3.0,3.0,,,4.0,3.5,5.0,5.0,1.5,4.0,3.0,3.0,3.0,3.0,,4.0,2.5,,2.0,4.0,4.5,3.0,,2.0,,2.5,5.0,,3.5,2.0,,,2.5,1.0,3.0,,4.0,4.0,2.5,5.0,2.0,4.0,,4.0,3.0,,,3.5,,4.0,4.0,5.0,2.0,4.0,2.0,3.0,4.0,,4.0,3.0,2.0,,2.0,3.0,,4.0,4.0,4.5,5.0,4.0,5.0,3.0,4.0,,4.0,,4.0,3.0,,4.0,3.5,,4.0,3.0,,2.0,3.0,,3.0,3.0,4.0,3.0,5.0,4.0,2.0,4.0,4.0,3.0,3.0,,3.0,2.0,,1.0,2.5,,3.0,4.0,,4.0,3.5,2.0,3.0,3.0,4.0,4.0,2.5,4.5,4.0,4.0,1.5,1.5,3.0,,4.5,3.0,,3.5,4.0,3.5,2.5,4.5,4.0,4.0
7828,2.5,3.0,3.0,1.0,3.0,2.0,2.5,,3.0,3.5,2.5,1.5,2.5,2.5,3.0,1.0,3.0,0.5,3.0,0.5,3.5,,5.0,,,1.5,,1.5,2.0,2.0,3.5,2.5,,2.5,4.0,3.0,3.0,2.5,2.0,3.0,3.5,1.5,4.0,4.0,1.5,2.0,,,3.5,3.0,3.0,3.0,2.0,4.0,1.5,4.0,3.0,,1.5,2.5,,4.0,3.5,2.5,1.5,2.5,,3.5,2.0,2.0,,,,,,,2.0,3.5,,2.0,5.0,1.0,1.5,,3.0,3.0,2.0,5.0,5.0,3.0,3.0,,,3.0,5.0,4.0,4.5,4.0,2.0,2.0,2.0,2.5,4.5,2.5,2.5,,3.0,4.5,4.5,4.5,4.0,,4.5,2.0,3.0,4.0,3.5,2.5,2.5,2.0,2.5,4.0,2.5,1.5,2.0,3.5,,2.5,4.5,3.5,3.5,5.0,1.0,,0.5,3.5,3.0,2.5,2.0,3.0,4.0,2.0,2.0,2.0,1.5,2.0,3.0,2.0,2.0,4.0,3.0,4.0,2.0,4.0,3.5,3.0,3.0,4.5,,2.5,3.0,3.5,,4.5,3.5,3.0,2.0,3.0,2.5,1.5,4.0,4.5,2.5,1.5,3.0,4.5,4.0,3.5,3.5,5.0,2.0,4.0,4.0,3.5,3.5,2.5,,2.0,,2.0,4.0,3.5,1.5,3.5,3.5,4.0,2.0,3.5,3.5,2.0,,2.0,3.0,5.0,2.5,4.0,1.5,2.0,3.0,4.5,1.5,,1.5,1.5,4.5,3.0,3.5,2.5,4.0,4.5,2.0,3.5,1.0,,,3.5,3.0,4.0,3.0,4.0,,4.5,2.5,5.0,3.0,4.0,3.0,,4.0,4.0,1.0,,,,,,,,,
8405,3.0,4.0,3.5,3.0,4.5,2.0,4.5,3.0,2.5,2.5,3.0,2.5,4.0,3.0,3.0,2.0,1.5,2.5,2.5,2.0,4.0,2.0,4.0,5.0,1.5,2.0,4.0,3.0,3.5,2.5,3.0,3.0,4.5,3.5,3.0,4.5,3.0,2.5,2.0,4.0,2.5,3.5,3.0,4.0,2.0,3.0,4.5,4.0,2.0,3.5,3.5,3.0,4.0,5.0,4.0,4.5,5.0,5.0,4.0,5.0,3.5,3.0,3.0,2.5,2.0,4.0,3.0,3.5,3.5,5.0,4.5,5.0,5.0,5.0,5.0,5.0,5.0,5.0,4.5,4.0,4.0,4.0,3.5,5.0,5.0,3.0,3.5,5.0,5.0,5.0,5.0,4.5,5.0,5.0,4.0,5.0,5.0,4.0,5.0,5.0,5.0,5.0,5.0,3.5,4.0,5.0,4.5,4.5,4.5,2.5,5.0,5.0,3.5,5.0,4.0,5.0,4.5,3.5,4.0,4.0,4.0,4.5,5.0,2.0,4.0,5.0,4.0,4.0,4.0,2.5,2.0,3.0,2.5,3.0,2.5,3.5,5.0,4.5,4.0,2.5,4.0,3.0,4.0,4.0,4.0,4.0,3.0,4.0,3.0,2.0,5.0,4.0,5.0,4.0,3.0,3.5,4.0,3.0,5.0,5.0,4.0,4.5,3.5,3.5,3.5,3.5,5.0,4.0,4.0,4.5,4.0,4.0,5.0,2.5,4.5,3.0,3.0,3.0,1.5,4.5,3.5,5.0,4.5,3.5,4.0,5.0,5.0,3.5,3.0,4.5,3.5,4.0,5.0,5.0,4.0,4.0,3.5,1.5,4.0,2.5,4.0,3.0,5.0,3.0,4.0,3.5,4.5,4.0,4.0,4.5,3.5,4.0,4.0,4.5,3.5,4.0,4.0,4.0,3.0,3.0,4.0,2.0,3.5,5.0,4.5,3.5,4.0,3.0,5.0,3.5,4.0,4.0,3.0,5.0,4.0,4.0,3.5,3.5,4.0,4.0,4.0,3.5,4.0,4.5,3.5,4.0,4.5,4.0,3.5,4.0
8647,,2.0,,,,,,,3.0,3.0,5.0,5.0,2.0,3.0,4.0,,1.0,,2.0,1.0,4.0,,4.0,4.0,3.0,4.0,3.0,,,,3.0,4.0,1.0,,4.0,,,3.0,1.0,3.0,4.0,,4.0,,5.0,3.0,1.0,1.0,4.0,3.0,4.0,5.0,,4.0,,1.0,,,1.0,4.0,2.0,3.0,5.0,,1.0,,,5.0,,,1.0,1.0,3.0,4.0,3.0,,3.0,,,3.0,4.0,,,0.5,,,,5.0,4.0,5.0,3.5,4.0,,2.0,3.0,,,,3.0,,4.0,3.0,4.0,,3.0,,,4.0,3.0,4.0,5.0,3.0,4.0,,,3.0,3.0,,4.0,4.0,4.0,1.0,2.0,3.0,,4.0,,,3.0,,,5.0,,,1.0,3.0,1.0,,,,,4.0,,4.0,4.0,4.0,,,,3.0,,,2.0,5.0,5.0,4.0,4.0,,4.0,,4.0,3.0,,5.0,2.0,2.0,4.0,3.0,,,4.0,5.0,,,1.0,4.0,,2.0,4.0,5.0,4.0,3.0,,5.0,4.0,2.0,3.0,,,,4.0,3.0,,3.0,2.5,5.0,1.0,1.0,3.0,2.0,4.0,,1.0,,4.0,4.0,3.0,,,1.0,,0.5,,,3.5,4.0,1.0,,,,3.0,3.0,,3.0,4.0,,,1.5,3.0,3.0,,3.5,0.5,,,3.0,,0.5,2.0,,,,,,,,,,,
8805,3.0,3.0,,3.0,,,4.0,0.5,3.0,,4.5,,0.5,3.0,4.5,3.0,,,3.0,3.0,,3.0,,4.0,,3.0,,3.0,3.0,3.0,0.5,3.0,,4.0,,3.0,0.5,2.5,4.0,2.5,3.0,3.0,3.0,3.5,,3.0,,,3.0,3.0,3.0,,3.0,3.0,3.0,3.0,5.0,5.0,2.5,3.0,,4.0,3.0,3.0,,,3.0,0.5,3.0,4.5,,3.5,3.0,,5.0,4.0,5.0,3.5,2.0,,3.0,3.0,,3.0,3.5,3.0,2.5,5.0,5.0,5.0,3.0,3.0,5.0,,3.5,4.5,4.0,3.0,3.0,3.5,,4.5,4.5,4.0,3.0,4.0,3.5,3.0,3.0,5.0,5.0,,3.0,3.0,,2.5,0.5,3.5,,3.5,3.5,3.0,3.0,4.0,0.5,0.5,1.5,3.5,3.0,4.5,2.5,5.0,3.0,3.0,3.0,3.0,4.0,5.0,,3.0,5.0,3.0,,2.0,3.0,4.5,,4.0,3.0,4.5,3.0,3.0,3.5,4.0,,,4.5,3.0,,3.0,,4.0,3.0,3.0,3.0,2.5,,2.5,3.0,,,3.0,3.5,,,5.0,3.5,3.0,3.0,3.5,0.5,0.5,0.5,4.0,5.0,3.0,,,3.0,,3.0,3.0,,,3.0,,3.5,1.0,3.5,4.0,,4.5,4.0,,3.0,0.5,2.5,,,4.0,4.0,,4.0,4.5,3.5,3.0,,3.0,3.5,4.0,3.0,3.5,3.0,,,4.0,,3.5,3.5,,,5.0,,5.0,3.0,3.0,4.0,,4.5,,,,,,,,,,,
8963,,3.5,3.0,2.5,4.0,,2.0,,,,3.0,3.0,3.5,4.0,,,,1.0,,,3.0,4.0,,3.0,1.0,2.0,3.5,2.0,2.0,1.0,,3.5,2.5,,,3.5,2.0,1.5,,3.0,2.0,3.5,,2.0,2.0,2.0,4.0,3.0,,,3.0,,2.0,3.0,3.5,2.0,5.0,,4.0,3.0,3.5,,2.0,2.0,,3.0,,2.0,3.0,3.0,2.5,4.0,4.0,3.0,3.0,4.0,4.0,5.0,,3.0,,4.0,3.5,4.0,3.0,2.0,2.0,,3.5,3.5,,4.0,3.0,3.5,3.0,5.0,5.0,3.0,4.0,3.0,5.0,4.5,3.0,3.0,5.0,,4.0,2.5,3.5,,3.5,,3.0,3.0,2.0,2.5,4.0,,,3.0,,4.0,3.0,,3.0,3.0,2.0,3.5,3.0,2.0,3.0,3.0,3.0,2.0,4.0,4.0,3.0,4.0,2.5,,2.5,3.0,4.0,2.0,3.0,2.0,2.0,4.0,2.0,,3.0,4.0,4.0,3.0,3.0,,,,,3.5,2.0,3.5,3.0,3.0,3.0,3.0,3.0,4.0,3.5,3.5,,4.0,2.0,2.5,3.5,2.0,3.0,2.0,,2.0,1.5,2.0,4.5,4.0,3.5,2.0,,4.0,2.0,2.5,,,4.0,3.0,2.5,3.0,1.0,,3.0,3.0,3.0,2.0,3.5,,3.0,4.0,3.5,3.5,3.0,,2.5,2.5,3.5,2.5,2.0,2.0,3.5,4.0,3.0,4.0,3.0,,2.0,,4.0,2.5,3.5,2.0,,2.5,2.5,2.0,,2.5,2.5,,3.5,2.0,,2.5,3.0,,3.5,3.0,2.5,3.5,4.0,3.0,2.0,2.0
9034,,2.0,2.0,2.5,3.0,,2.5,,,2.0,,,,,,,,,,2.5,3.0,,3.5,4.0,,,2.0,1.5,,,,,3.0,,,3.5,,2.0,,3.0,,,3.0,2.5,,,3.0,2.5,,,,2.5,2.5,2.5,2.0,3.5,2.5,4.0,2.0,4.5,,,,,,2.5,,3.5,,4.5,,3.0,4.0,2.5,4.0,3.5,3.0,4.5,3.5,,3.0,,3.5,4.0,4.0,2.0,2.5,,,3.5,3.0,2.5,4.0,3.5,2.5,4.0,4.5,1.5,4.0,3.5,4.0,4.0,3.0,,,3.0,2.5,3.5,3.0,,3.0,3.5,2.5,3.0,2.0,2.5,,3.0,3.0,3.0,3.5,1.0,4.0,2.5,2.5,2.5,4.0,4.0,,,,2.0,,,,,,3.0,2.5,,2.5,,3.5,,1.5,3.0,,1.0,,,3.0,2.5,2.5,3.5,,3.0,2.0,3.0,4.5,,2.0,4.0,1.0,,3.0,3.5,2.5,3.0,3.0,2.0,2.5,2.0,,,2.5,,,2.5,,2.5,,3.0,1.5,3.0,4.0,3.0,3.5,,,2.0,3.5,3.5,3.5,4.0,2.0,,3.5,,3.5,2.0,,2.5,3.0,,,,,1.5,,2.0,4.5,,,2.5,,3.0,2.0,3.5,2.0,3.5,4.0,1.5,2.5,3.0,,,4.0,,2.5,,2.5,3.5,,1.5,,2.0,4.0,,4.0,,,,2.5,2.5,2.5,4.0,,4.5,0.5,2.0
9087,1.0,3.0,5.0,,,,5.0,2.0,2.0,3.0,,,4.0,4.5,4.0,,2.0,,3.0,2.5,4.0,3.0,4.0,3.0,,2.0,,5.0,5.0,1.0,3.0,3.0,1.0,2.0,3.0,5.0,2.0,4.5,3.0,4.5,3.0,3.5,2.0,5.0,1.0,4.0,2.0,,1.0,4.5,4.0,4.0,2.0,5.0,5.0,5.0,5.0,4.0,5.0,5.0,4.0,3.0,4.0,4.0,3.0,4.5,2.0,2.0,4.0,,5.0,4.0,4.0,2.0,,3.0,1.5,4.0,3.0,4.5,3.5,3.0,5.0,,5.0,4.0,5.0,5.0,5.0,4.0,5.0,,5.0,5.0,4.5,5.0,5.0,5.0,5.0,,,5.0,4.5,4.0,3.5,4.0,5.0,3.0,4.5,5.0,3.0,4.0,4.0,,3.0,5.0,4.5,3.0,4.0,4.5,4.0,2.0,5.0,,5.0,5.0,5.0,4.0,4.0,4.0,4.0,1.0,4.0,4.0,4.0,4.0,5.0,3.0,3.0,4.0,4.0,3.0,4.0,1.0,2.0,,4.0,4.0,2.0,4.0,2.0,5.0,4.0,5.0,4.0,4.0,2.0,4.0,,5.0,3.0,4.0,5.0,3.0,4.5,,3.0,4.0,4.0,4.0,4.0,3.0,5.0,4.0,4.0,3.0,3.5,4.0,,4.0,3.0,5.0,4.0,5.0,1.0,4.0,,5.0,,3.0,,4.0,2.0,5.0,3.0,5.0,5.0,,4.0,4.0,,4.0,3.0,4.0,2.0,3.5,5.0,4.0,5.0,4.0,4.5,5.0,3.0,,4.0,2.0,,4.0,,4.0,3.0,2.5,5.0,,4.0,3.0,3.5,2.0,4.0,4.5,3.5,3.5,,5.0,4.0,,3.5,3.5,4.0,4.5,,3.5,4.0,4.5,,3.5,4.0,3.5,5.0,
9544,,4.0,4.0,2.0,3.5,2.0,4.5,,2.0,2.5,2.5,3.0,3.0,3.0,3.0,2.0,1.5,2.0,1.5,3.0,3.5,3.0,2.0,,2.0,2.5,,3.0,2.0,2.0,2.0,2.5,3.0,3.0,3.0,3.0,2.0,2.0,2.0,3.0,2.0,3.0,3.0,3.0,2.0,2.0,4.0,4.0,2.0,3.0,3.5,2.0,2.0,3.0,3.0,3.0,3.5,3.0,2.0,4.0,3.0,3.0,3.0,3.5,2.0,4.0,,2.5,3.0,,,4.0,4.0,4.0,4.0,3.0,,3.0,2.0,3.0,3.5,3.0,3.0,3.0,3.5,2.0,3.0,4.0,4.0,,4.0,4.0,4.0,4.0,3.0,5.0,4.5,4.0,3.0,5.0,4.5,3.5,4.0,3.5,3.5,4.0,3.0,3.0,3.0,3.0,3.0,3.0,2.5,4.0,,4.0,4.0,2.0,,3.0,2.0,2.0,3.0,3.0,2.0,4.0,3.5,4.0,2.0,2.0,3.0,3.5,2.0,3.0,3.0,3.0,4.0,3.0,3.5,3.0,3.0,3.0,3.5,3.5,3.0,2.0,2.0,3.0,2.5,2.0,3.0,3.0,3.0,3.0,2.0,2.0,2.0,2.0,4.0,3.0,3.0,3.0,3.0,3.0,3.0,3.0,3.5,3.0,3.0,3.0,3.0,2.0,4.5,,4.0,3.0,2.0,2.5,2.0,3.0,1.5,3.0,3.5,3.0,3.0,4.0,,3.0,2.5,3.5,3.0,3.0,3.0,3.0,3.0,3.0,3.5,2.0,3.0,2.0,2.0,2.0,3.5,4.0,4.0,3.0,3.5,3.0,4.0,4.0,3.0,3.0,3.0,,3.5,4.0,3.5,3.5,2.5,3.5,3.0,2.0,,,,3.0,2.5,2.5,3.0,3.0,,3.5,3.0,4.5,3.5,3.0,3.5,3.0,3.0,3.5,3.0,2.5,3.0,4.0,3.0,4.0,,3.5,3.5,3.0
9545,,4.0,,,4.0,,2.0,,3.0,3.0,4.0,,4.0,3.0,,,,1.0,1.0,,,3.0,4.0,4.0,,,3.0,2.0,2.0,2.0,,3.0,2.0,4.0,,4.0,2.0,3.0,1.0,4.0,,3.0,3.0,3.0,,3.0,3.0,5.0,3.0,4.0,,,1.0,4.0,4.0,3.0,5.0,4.0,4.0,4.0,4.0,,4.0,3.0,,4.0,,,3.0,3.0,4.0,3.0,3.0,4.0,3.0,5.0,4.0,3.0,5.0,4.0,4.0,1.0,3.0,2.0,3.0,4.0,,4.0,5.0,3.0,3.0,3.0,5.0,3.0,4.5,3.0,3.0,,5.0,1.0,4.0,3.5,4.0,4.0,3.0,4.0,2.0,4.0,4.0,,4.0,4.0,,3.0,3.0,5.0,3.0,3.0,1.0,1.0,1.0,4.0,5.0,1.0,2.0,2.0,2.0,4.0,4.0,2.0,,4.0,,2.0,3.0,2.0,3.0,4.0,4.0,2.0,2.0,2.0,,,3.0,,4.0,4.5,,2.5,4.0,2.0,3.0,4.0,4.0,2.0,,3.0,3.0,3.0,4.0,3.0,3.0,3.0,,3.0,2.0,3.5,4.0,2.0,4.0,4.0,4.0,3.0,2.0,3.0,3.5,4.0,,4.0,3.5,4.0,2.0,3.5,4.0,2.0,,3.0,3.0,1.0,3.5,4.0,5.0,4.0,3.5,,5.0,2.0,3.0,2.0,1.5,1.0,2.0,4.0,3.0,4.0,3.0,3.0,,4.0,2.0,2.0,3.0,4.0,4.0,3.0,3.5,5.0,3.0,4.0,,3.0,,,,3.0,3.5,,,4.5,3.5,3.5,,,,4.5,4.0,3.5,,4.0,4.5,,3.0,5.0,2.0,3.0,0.5,,,
9562,4.0,4.0,4.5,3.0,5.0,,4.5,,4.0,5.0,,3.0,5.0,4.0,,,,3.0,,4.0,4.0,,,4.5,,,,,5.0,4.0,3.0,,4.5,4.0,,4.0,4.0,3.5,3.5,4.0,,4.0,3.0,5.0,,,,4.0,,4.0,4.0,5.0,4.5,4.0,4.5,4.0,5.0,,4.5,4.0,5.0,4.0,4.5,4.0,3.5,4.5,,5.0,4.0,,5.0,4.0,5.0,4.5,,5.0,3.0,5.0,5.0,4.5,3.0,4.5,3.0,3.0,4.0,5.0,5.0,5.0,5.0,5.0,,,5.0,5.0,5.0,5.0,5.0,5.0,5.0,4.5,5.0,5.0,5.0,4.5,,5.0,5.0,4.0,5.0,,4.0,4.0,5.0,,4.5,3.0,3.0,,5.0,5.0,5.0,5.0,5.0,5.0,4.0,3.0,,4.5,5.0,3.0,,4.0,4.0,4.0,4.0,,5.0,4.5,4.0,,5.0,4.0,4.5,3.0,4.5,,3.0,3.0,3.0,4.0,5.0,4.5,5.0,4.0,4.0,5.0,4.0,5.0,,4.0,4.0,5.0,4.0,4.0,,5.0,,4.0,5.0,5.0,4.5,4.5,3.0,,4.5,4.0,4.0,5.0,2.0,4.5,,5.0,5.0,5.0,4.0,4.0,4.0,4.0,4.5,4.0,5.0,4.0,4.0,5.0,4.0,4.5,5.0,3.5,4.0,4.5,4.5,,3.0,4.0,5.0,5.0,4.5,4.5,5.0,4.0,4.0,4.5,4.0,5.0,4.5,2.0,5.0,4.0,4.5,4.5,4.5,2.0,4.0,,4.5,4.0,4.0,4.0,4.5,4.0,,4.0,3.5,5.0,5.0,4.5,4.5,4.5,4.5,4.0,,4.0,4.5,4.5,4.0,5.0,4.0,5.0,4.5,
9930,3.0,3.0,2.0,3.0,,3.0,4.0,4.0,,3.0,3.0,,4.0,4.0,2.0,2.0,,4.0,,,3.0,,2.0,,4.0,3.0,4.0,4.0,,4.0,3.0,,3.0,,3.0,4.0,,3.0,,3.0,,4.0,3.0,4.0,,,3.0,,3.0,4.0,,3.0,4.0,5.0,3.0,4.0,5.0,4.0,4.0,2.0,,,3.0,2.0,,4.0,,,3.0,4.0,3.0,,,,,4.0,4.0,,4.0,4.0,4.0,4.0,2.5,,5.0,4.0,3.0,3.0,4.0,,,,4.0,3.0,4.0,3.5,,3.0,,,3.0,,,4.0,4.0,,4.0,4.0,4.0,3.0,,3.0,3.0,,3.0,3.5,4.0,2.0,,,,4.0,3.0,1.0,4.0,3.0,4.0,,4.0,,4.0,3.0,,4.0,,3.0,4.0,4.0,3.0,,4.0,,,2.5,2.0,,4.0,3.0,3.0,4.0,,4.0,3.5,,,3.0,5.0,2.0,4.5,3.0,5.0,,4.0,4.0,2.0,,3.0,3.0,3.0,,4.0,4.0,4.0,4.0,3.0,,3.0,4.0,,4.0,3.0,4.0,4.0,,,2.5,3.0,,5.0,4.0,,4.0,4.0,4.0,4.0,,4.0,,3.0,4.0,3.0,3.0,4.0,4.0,3.0,,4.0,4.0,,4.0,3.0,4.0,3.5,5.0,4.0,4.0,4.0,4.0,3.0,3.0,3.0,,3.0,3.5,3.5,3.0,3.0,3.0,4.0,3.0,4.5,3.5,,4.0,,4.0,4.0,4.5,4.5,4.5,4.0,3.0,4.0,4.0,4.0,4.0,4.5,,,
10303,4.0,5.0,4.0,3.0,5.0,3.0,,3.5,4.0,3.0,,,5.0,3.0,,2.0,,3.5,3.5,2.5,3.0,3.0,4.0,5.0,3.0,,3.0,3.0,3.0,3.0,,3.0,4.0,3.0,2.0,4.0,2.0,3.0,3.0,3.0,2.0,4.0,,4.0,,3.0,5.0,4.0,,,5.0,4.0,4.0,4.0,3.0,3.0,5.0,,4.0,5.0,3.5,,3.0,3.5,2.5,5.0,,3.0,3.0,4.0,4.0,4.0,4.0,4.0,4.0,5.0,5.0,5.0,,4.0,3.0,3.0,3.0,5.0,5.0,3.0,3.0,4.0,5.0,4.5,3.0,4.0,5.0,5.0,4.0,5.0,5.0,4.0,5.0,5.0,5.0,5.0,3.0,4.0,,4.0,3.0,4.0,4.0,3.0,5.0,4.0,4.0,5.0,5.0,4.0,4.5,2.0,,3.0,3.0,4.0,4.0,,5.0,5.0,4.0,4.0,3.0,3.0,3.0,3.0,3.0,3.0,,,5.0,4.0,4.0,,4.0,3.0,5.0,4.0,4.0,3.0,1.0,4.0,3.0,2.0,4.0,5.0,,3.0,3.0,3.0,3.0,2.0,,5.0,4.0,4.0,4.0,3.0,3.0,4.0,5.0,3.0,4.0,3.0,4.0,3.0,4.0,,4.0,,3.0,1.0,,4.0,3.0,4.0,5.0,3.0,3.0,4.0,,4.0,4.0,4.0,3.0,3.0,4.0,5.0,4.0,3.0,4.0,,,3.0,5.0,3.0,4.0,3.0,4.0,4.0,5.0,4.0,2.5,,3.0,3.0,,3.0,4.0,3.0,4.0,,4.0,4.0,4.0,,3.0,,4.0,4.0,4.0,2.5,4.0,3.5,,4.0,3.5,3.5,4.0,,4.0,3.0,4.0,4.5,,,4.0,4.0,3.5,4.0,4.0,4.0,4.0,4.0
10321,3.0,3.0,4.0,1.0,5.0,4.0,1.0,2.0,3.0,1.0,1.0,3.0,5.0,4.0,5.0,4.0,3.0,3.0,1.0,2.0,4.0,4.0,1.0,2.0,3.0,4.0,5.0,3.0,1.0,2.0,,5.0,3.0,4.0,3.0,3.0,4.0,3.0,,5.0,3.0,4.0,,2.0,3.0,5.0,1.0,5.0,3.0,5.0,3.0,1.0,4.0,4.0,4.0,2.0,4.0,5.0,4.0,5.0,4.0,5.0,3.0,4.0,2.0,3.0,3.0,1.0,3.0,5.0,3.0,5.0,4.0,5.0,5.0,2.0,,5.0,3.0,5.0,,2.0,3.0,3.0,5.0,2.0,3.0,4.0,4.0,4.0,5.0,4.0,5.0,5.0,5.0,5.0,5.0,4.0,3.0,5.0,5.0,2.0,3.0,4.0,3.0,5.0,3.0,5.0,5.0,1.0,5.0,4.0,3.0,5.0,5.0,5.0,3.0,1.0,5.0,4.0,3.0,1.0,5.0,2.0,5.0,3.0,3.0,4.0,,3.0,3.0,4.0,1.0,3.0,2.0,4.0,2.0,4.0,3.0,1.0,4.0,4.0,4.0,3.0,5.0,4.0,2.0,5.0,3.0,2.0,5.0,5.0,3.0,4.0,4.0,3.0,2.0,4.0,5.0,5.0,5.0,5.0,5.0,3.0,2.0,5.0,3.0,5.0,4.0,3.0,3.0,4.0,4.0,4.0,5.0,3.0,4.0,2.0,4.0,4.0,3.0,5.0,5.0,4.0,3.0,4.0,4.0,2.0,3.0,4.0,3.0,4.0,,,5.0,,3.0,3.0,,,,,,,,,,,,,,,,,,,,,,,,,,,,,,,,,,,,,,,,,,,,,,,,,,,,
10443,4.0,4.5,4.5,,3.5,,,3.0,1.0,1.5,,3.0,3.5,4.0,3.5,4.5,,,,1.0,2.5,,2.5,,,2.0,,,,,3.5,5.0,3.0,3.0,4.0,3.5,0.5,,1.0,2.0,1.0,4.5,0.5,5.0,0.5,,,1.5,4.0,,,1.0,4.0,4.5,5.0,3.5,5.0,3.5,,3.0,,,5.0,1.0,,,2.5,,3.0,5.0,5.0,4.0,3.5,3.0,5.0,4.5,5.0,4.5,4.0,1.5,3.5,1.5,3.0,,3.5,4.0,,5.0,5.0,,3.5,4.0,5.0,1.0,5.0,4.0,5.0,1.0,4.5,3.5,1.0,5.0,4.5,4.5,3.5,5.0,1.0,2.5,3.0,3.0,,5.0,5.0,,5.0,5.0,2.5,2.5,4.5,4.5,3.5,4.0,4.5,,3.0,3.0,4.5,,0.5,3.0,3.0,3.5,4.0,4.0,1.0,3.5,,5.0,,,3.0,4.0,,4.0,,,1.5,1.0,2.0,1.0,4.5,5.0,0.5,4.5,4.5,,,2.0,,4.5,,5.0,4.5,3.0,2.5,3.5,,1.0,3.0,,3.0,4.5,4.5,,2.5,2.5,4.0,0.5,0.5,3.0,,2.0,4.5,,4.0,,3.0,3.0,3.5,,2.5,1.0,,4.0,3.0,4.5,5.0,,3.0,4.5,,4.5,3.5,3.5,3.5,3.0,4.0,2.0,,4.0,1.0,3.0,4.0,2.0,3.5,,4.5,4.5,5.0,3.5,2.0,3.5,3.5,2.5,3.0,2.5,3.5,3.5,4.0,,,3.0,4.5,5.0,2.5,3.5,3.0,3.0,4.5,2.0,2.5,3.5,4.0,4.5,2.0,4.5,4.0,3.0,3.5,4.5
10514,3.0,3.0,2.5,,,3.0,4.0,3.0,,,,2.0,,,3.5,3.0,1.0,,2.0,2.5,3.5,,2.5,4.0,,0.5,,,3.5,,1.0,,,3.0,,2.5,2.0,2.0,,,2.0,,2.5,3.5,2.0,,,,3.0,4.0,3.5,,2.0,4.0,,3.5,4.0,4.0,2.5,4.0,4.0,1.0,2.5,1.5,2.0,4.0,4.0,,3.0,3.5,3.5,4.0,3.5,4.0,,,5.0,5.0,3.0,,3.0,,2.5,,3.0,2.5,,4.0,3.5,4.0,5.0,4.5,4.0,4.0,4.0,3.0,,4.0,4.0,2.0,,4.0,3.0,,3.0,,3.5,2.5,3.5,3.5,4.0,4.0,3.5,4.0,,,2.5,4.5,,2.5,,3.5,3.0,2.5,,,,2.5,3.0,2.5,2.5,3.0,,4.0,4.0,,,,,0.5,4.5,2.5,3.0,4.0,,4.0,,3.5,,2.5,3.5,3.5,4.0,,,2.5,3.0,3.0,4.0,,,,,2.5,3.0,2.5,,,,3.0,3.0,,4.5,3.0,,3.0,3.0,3.0,2.5,3.5,,2.5,4.0,3.5,2.5,3.5,3.0,,3.0,,3.0,2.0,,3.5,3.5,2.5,3.0,2.0,2.5,3.0,,4.0,3.0,4.5,3.0,,4.0,3.0,3.5,2.5,3.5,3.0,4.5,3.0,2.5,,3.5,,3.0,2.0,2.5,2.0,3.0,3.5,,3.0,3.5,3.0,3.5,2.0,3.0,4.0,3.0,4.5,4.5,3.0,1.0,,2.5,3.0,3.5,4.0,3.0,4.0,4.5,3.5,3.5,4.5,4.0,4.5
10678,3.5,4.0,3.0,3.0,2.5,3.0,5.0,2.5,2.5,3.0,3.5,3.0,5.0,4.0,3.5,,1.5,3.0,,2.5,4.5,2.5,4.0,4.5,,2.5,,,3.0,3.5,,3.0,4.0,3.0,3.0,3.5,1.0,3.5,1.0,4.0,3.0,3.5,2.5,4.5,3.0,3.5,,4.5,1.5,3.0,3.5,3.0,2.5,4.5,4.0,3.5,4.5,3.5,2.5,5.0,3.5,,3.5,2.5,1.5,3.5,,3.0,3.0,,,,4.5,,,,4.0,3.5,,4.0,4.5,3.5,2.0,3.0,5.0,3.5,3.0,4.0,5.0,3.5,,5.0,,3.5,5.0,4.5,3.0,4.5,4.0,3.5,,4.5,4.5,4.0,4.0,4.5,3.5,3.5,4.0,4.0,4.5,,4.0,3.5,4.0,4.0,3.5,2.5,3.0,4.0,3.0,3.5,5.0,3.0,3.5,4.0,2.5,3.5,4.0,1.5,3.0,4.0,3.5,4.0,3.0,3.5,4.0,4.0,3.5,2.5,4.0,3.0,3.5,4.0,3.5,3.5,4.0,3.5,3.0,3.5,4.0,4.5,4.0,4.0,3.5,4.0,3.5,3.0,4.5,4.5,3.0,4.5,4.0,3.5,3.5,,4.0,3.5,3.5,4.0,3.0,4.5,4.0,,3.5,3.5,3.0,3.5,1.5,4.5,,3.0,4.0,3.5,4.0,3.5,,2.5,4.0,4.5,3.5,4.0,3.5,,4.5,3.5,3.5,1.5,3.5,3.0,4.0,4.5,4.0,4.0,4.0,3.5,4.0,,3.5,4.0,2.0,4.0,4.5,4.0,3.5,4.0,4.0,4.0,2.5,4.0,3.5,2.0,3.0,,4.0,3.0,,2.5,4.0,3.5,4.0,4.5,,5.0,4.0,,4.5,3.5,4.0,3.0,3.5,3.0,,4.5,4.0,4.0,4.0,,,
10761,5.0,3.0,,,4.0,3.0,,3.0,1.0,2.0,,,3.0,,3.0,,3.0,2.0,,3.0,5.0,2.0,1.0,5.0,4.0,1.0,4.0,3.0,,,2.0,1.0,4.0,1.0,4.0,2.0,1.0,1.0,3.0,4.0,,4.0,,3.0,1.0,,4.0,3.0,2.0,4.0,3.0,2.0,2.0,2.0,4.0,4.0,4.0,3.0,3.0,4.0,,3.0,,1.0,2.0,3.0,3.0,2.0,,3.0,3.0,3.0,3.0,5.0,5.0,4.0,3.0,3.0,4.0,,4.0,2.0,,4.0,2.0,1.0,3.0,4.0,3.0,4.0,3.0,4.0,3.0,3.0,3.0,2.0,1.0,,3.0,2.0,1.0,3.0,2.0,3.0,5.0,3.0,3.0,2.0,3.0,3.0,3.0,4.0,3.0,3.0,4.0,3.0,1.0,4.0,3.0,3.0,3.0,1.0,1.0,2.0,3.0,5.0,4.0,3.0,3.0,2.0,2.0,3.0,2.0,,,3.0,,3.0,2.0,3.0,4.0,3.0,4.0,4.0,4.0,,2.0,2.0,1.0,1.0,1.0,3.0,2.0,4.0,4.0,2.0,3.0,1.0,5.0,4.0,3.0,2.0,3.0,,3.0,1.0,3.0,1.0,2.0,3.0,1.0,4.0,2.0,,4.0,2.0,3.0,4.0,2.0,2.0,4.0,2.0,4.0,4.0,3.0,5.0,5.0,3.0,,3.0,4.0,3.0,4.0,2.0,5.0,2.0,4.0,1.0,3.0,4.0,5.0,2.0,5.0,3.0,3.0,3.0,,3.0,2.0,3.0,,,,4.0,2.0,,,1.0,,,,,,,,,,,,,,,,,,,,,,,,,,,,,,,,
10989,3.0,,3.0,,4.0,4.0,4.0,5.0,3.0,4.0,4.0,,5.0,4.0,4.0,,3.0,3.0,4.0,4.0,,,4.0,,4.0,2.0,3.0,,4.0,3.0,4.0,3.0,3.0,3.0,2.0,4.0,,2.0,4.0,2.0,3.0,3.0,,2.0,2.0,3.0,3.0,4.0,3.0,3.0,4.0,4.0,3.0,4.0,4.0,2.0,5.0,5.0,4.0,4.0,4.0,,4.0,2.0,3.0,2.0,3.0,5.0,2.0,5.0,,5.0,5.0,5.0,4.0,5.0,5.0,5.0,5.0,,4.0,5.0,3.0,4.0,2.0,4.0,,5.0,4.0,5.0,,,,5.0,5.0,5.0,5.0,4.0,4.0,4.0,5.0,,4.0,2.0,5.0,3.0,4.0,4.0,5.0,5.0,4.0,5.0,2.0,,3.0,4.0,4.0,3.0,2.0,5.0,5.0,5.0,4.0,2.0,3.0,4.0,,4.0,,4.0,3.0,4.0,4.0,4.0,5.0,,3.0,3.0,4.0,4.0,4.0,3.0,3.0,2.0,4.0,5.0,4.0,,4.0,2.0,4.0,4.0,4.0,3.0,4.0,3.0,,4.0,,2.0,3.0,4.0,4.0,,3.0,5.0,2.0,4.0,3.0,3.0,4.0,3.0,5.0,4.0,5.0,3.0,2.0,2.0,1.0,3.0,,3.0,4.0,5.0,5.0,4.0,4.0,4.0,3.0,2.0,3.0,4.0,4.0,3.0,4.0,3.0,2.0,3.0,5.0,4.0,4.0,3.0,5.0,3.0,3.0,3.0,5.0,4.0,4.0,3.0,4.0,3.0,,3.0,2.0,3.0,3.0,2.0,5.0,4.0,3.0,3.0,4.0,5.0,4.0,4.0,3.5,2.0,3.5,3.0,4.0,3.0,5.0,2.0,,,,,,,,,,,,,,,,
11081,,2.5,2.0,,2.5,1.5,2.0,,2.5,,2.5,,,2.5,2.0,2.0,,,2.0,,2.0,,3.0,3.0,,,,,2.0,2.5,,2.0,,,,2.5,,2.5,,,2.5,,3.0,2.5,1.5,,,,,4.5,,,1.5,2.0,1.5,2.0,2.5,,1.5,2.5,,,2.5,2.0,1.5,3.0,,3.0,2.0,,,2.5,,,2.5,,3.0,3.5,,,3.0,,,,2.0,1.5,2.5,3.0,5.0,2.5,5.0,3.0,,2.5,1.5,4.0,3.0,2.5,3.0,2.5,3.0,,3.0,2.0,2.5,,3.0,3.0,2.0,3.0,2.5,,2.5,,,2.5,2.5,2.0,2.5,3.0,2.5,2.5,2.5,1.5,2.5,5.0,,2.5,1.5,1.5,2.0,2.0,2.5,2.5,2.5,2.0,3.5,2.5,2.0,2.0,2.0,,2.5,3.5,,2.5,,2.5,1.5,1.0,2.5,2.5,4.0,2.5,2.5,2.0,,,,1.5,,3.0,2.0,,3.0,,3.0,2.5,,2.5,2.0,2.5,,,2.5,2.5,1.0,2.5,,2.5,,2.0,1.0,2.5,2.5,2.5,,2.0,2.5,,,,2.0,,,2.5,2.5,1.0,,1.5,,2.0,2.5,3.0,2.5,2.0,2.5,,3.0,2.5,2.5,2.0,2.0,,3.0,3.0,1.5,,1.5,3.0,1.5,1.5,1.0,,,2.0,2.0,2.5,2.5,2.5,2.0,3.0,,2.0,2.5,,3.0,,2.5,2.5,,,1.5,3.0,2.0,2.5,1.0,3.0,,2.5
11434,4.0,,,4.0,4.0,4.5,4.0,2.5,,4.5,,3.5,,,,,4.0,,3.0,0.5,1.0,,3.0,3.0,,,4.0,,4.5,3.0,,,3.0,1.0,4.0,4.0,2.0,,,3.0,5.0,3.5,4.0,2.0,4.0,,,,,,3.0,5.0,3.0,5.0,,4.0,5.0,,2.0,3.0,4.0,2.0,0.5,4.0,4.0,2.0,1.0,,3.0,3.0,,4.0,4.0,3.0,,4.0,,3.0,2.0,1.0,3.0,4.0,5.0,3.0,3.0,,3.0,5.0,4.0,3.0,,,3.0,,4.0,,,,4.0,,,3.0,4.0,2.0,4.0,,5.0,3.0,3.0,2.0,3.0,4.0,4.0,2.0,,2.0,2.0,4.0,,3.0,,3.0,4.0,2.0,,3.0,,,4.0,,,3.0,,5.0,2.0,4.0,1.0,3.0,3.0,5.0,3.0,3.0,2.0,,,4.0,4.0,4.0,2.0,,2.0,2.0,3.0,,,3.0,3.0,2.0,,,2.0,,4.0,3.0,1.5,2.5,,4.0,2.0,4.0,3.0,,2.0,4.0,4.0,2.0,1.0,4.0,,4.0,,2.0,5.0,4.0,3.0,2.5,,3.5,3.0,1.0,5.0,,4.0,3.0,4.0,2.0,1.0,,3.0,,4.0,5.0,5.0,,1.0,3.0,5.0,4.0,,5.0,1.0,2.5,3.5,4.0,,2.5,4.0,,1.0,3.0,5.0,3.0,5.0,3.0,5.0,4.5,,2.0,4.0,,4.5,3.5,1.0,4.5,4.5,3.5,,,4.0,,3.5,4.5,3.5,,,2.0,2.0,3.0,4.5,4.5
11719,3.0,4.0,,3.0,,,3.5,,,,,2.5,5.0,,,,,,2.5,,3.0,1.5,3.5,4.5,,,,4.0,3.5,3.0,3.5,2.5,3.0,2.5,,3.0,,3.5,,4.0,2.5,2.5,,4.5,3.5,,,,,,,3.5,2.5,4.5,,,3.0,,,3.5,3.0,,3.5,3.0,,,,,1.5,,,5.0,3.5,5.0,,4.0,,,,3.0,3.0,2.0,3.0,3.5,,3.5,3.5,,4.0,,,,,4.0,3.0,,3.0,,3.0,,3.5,4.5,3.5,4.0,,,3.5,2.5,4.5,,,,3.5,,,,3.0,,,,,,4.0,4.0,3.0,,,,5.0,2.0,3.5,3.5,2.5,,3.0,4.0,3.5,3.5,4.5,,4.0,3.5,,,3.5,,,3.0,3.0,3.5,,,,2.5,,,4.5,4.0,,,,,,3.0,,,,,,,3.0,,,4.5,4.0,2.5,1.5,3.5,,3.5,2.5,3.0,4.0,,,,3.5,2.5,,,,,4.0,,,,,,,3.0,4.0,4.0,,,,3.0,4.0,3.0,,,4.0,5.0,5.0,,4.0,2.5,,3.0,,3.5,4.0,2.5,4.5,,4.5,4.0,4.0,,5.0,3.5,5.0,5.0,,3.5,,,3.5,2.5,3.0,4.5,,5.0,4.0,3.5,3.0,4.5,4.0,,4.0,
11900,1.0,3.0,,0.5,2.0,3.0,4.0,4.0,2.0,,,4.5,4.0,3.0,3.5,1.0,2.5,,4.0,3.5,,3.5,4.5,3.5,,3.5,,,4.0,,,,4.5,3.5,4.0,3.5,,3.0,2.5,1.5,2.0,3.5,4.0,3.5,3.5,,,,3.0,3.5,3.0,,1.5,4.5,4.0,3.0,3.5,3.5,4.5,2.0,,2.5,3.5,4.0,2.0,3.0,4.0,3.0,4.0,,3.0,3.0,,,2.0,5.0,3.5,2.0,3.5,,4.5,3.0,3.5,5.0,3.0,3.5,3.5,3.5,3.5,,5.0,,3.0,4.0,4.0,,4.5,4.5,3.0,,2.5,3.5,4.5,4.0,3.5,4.0,4.0,2.5,2.5,3.5,4.0,3.0,3.5,,3.5,,2.5,4.5,4.0,3.5,3.5,3.0,3.5,3.0,4.0,,4.5,2.5,2.5,3.0,3.0,4.5,3.5,3.0,3.5,4.0,2.5,3.0,3.5,4.0,3.5,4.0,,2.5,,4.0,3.0,,3.5,3.5,4.0,4.0,4.0,3.5,3.0,4.0,3.5,3.0,3.5,4.0,1.5,4.0,3.0,3.5,1.5,3.5,3.0,,,3.5,3.0,,3.5,3.5,,3.5,4.5,3.5,4.0,2.5,2.0,4.0,4.0,2.5,3.5,4.5,,,4.5,4.0,3.5,3.5,3.0,,3.5,4.0,5.0,2.5,3.5,4.0,,4.5,4.0,,,3.5,3.5,3.5,3.0,4.5,4.5,4.0,,4.0,4.0,,4.5,,4.0,4.0,4.5,3.0,4.5,,,4.0,3.5,5.0,4.0,3.5,3.5,4.5,5.0,5.0,1.5,3.5,4.0,,4.0,1.5,4.0,5.0,,4.0,2.5,5.0,5.0,,5.0,
12131,3.0,3.5,3.5,2.5,3.5,2.5,4.0,2.0,2.0,2.0,1.5,3.0,3.5,2.5,3.0,2.5,2.0,2.5,2.5,1.0,4.0,2.5,3.0,2.0,2.5,1.0,,,3.5,2.5,3.5,2.5,2.0,3.0,3.0,2.5,2.5,1.5,2.0,3.0,2.5,3.0,2.0,3.0,1.5,2.0,,3.0,3.0,3.5,3.0,2.0,3.0,3.5,2.5,4.5,3.5,3.0,3.0,4.0,2.5,2.5,2.5,2.5,1.5,4.0,3.0,3.0,2.5,,,4.5,5.0,,3.5,,4.0,4.0,3.0,3.5,2.5,2.0,3.0,3.5,3.0,2.0,3.5,3.0,3.0,4.5,,4.0,4.0,4.5,3.0,4.5,5.0,4.0,5.0,,3.5,3.5,3.0,3.0,4.0,,3.5,4.0,2.0,3.0,3.0,3.0,3.5,4.0,3.0,,3.0,3.5,2.5,2.5,2.5,2.5,3.0,1.5,3.5,3.0,,3.0,3.0,2.5,2.0,3.0,3.0,3.5,3.5,3.5,3.0,2.0,3.0,2.5,3.5,2.5,3.0,3.5,2.5,4.0,3.0,3.5,2.5,2.5,3.0,2.5,3.5,2.5,2.5,2.5,3.0,2.5,,4.0,,3.0,3.0,0.5,3.0,2.5,4.0,2.5,2.5,3.0,2.5,3.5,2.5,3.0,3.5,3.0,3.0,3.0,0.5,3.5,2.5,3.0,5.0,3.0,2.5,3.5,,3.0,3.5,3.0,3.0,2.5,3.0,2.5,3.5,3.0,4.0,2.5,2.5,3.0,1.0,3.5,3.5,4.0,2.5,3.0,5.0,3.5,4.0,3.5,3.0,3.5,3.5,3.0,3.5,4.0,4.0,3.5,2.5,3.0,3.5,3.0,4.0,,3.0,3.5,3.5,3.0,,3.0,3.5,3.5,2.0,3.5,3.5,,2.5,4.0,3.0,2.5,,3.5,3.0,4.5,4.0,3.0,3.0,3.0,3.0,4.5
12644,3.5,3.0,4.0,4.5,4.0,3.0,4.5,2.5,2.0,2.5,,1.5,4.0,3.5,,2.5,2.5,3.5,1.0,3.0,3.0,2.5,2.0,,3.0,2.5,,3.5,4.0,4.0,3.0,3.0,4.0,2.0,2.0,2.5,2.5,2.0,3.0,4.0,3.0,3.5,1.5,4.0,2.5,1.0,4.0,3.0,2.5,2.0,,3.0,2.5,4.5,4.5,3.5,4.5,4.0,3.5,4.5,4.0,,1.5,4.0,2.0,,,3.0,1.5,4.0,4.0,3.5,4.0,4.0,,3.5,3.0,4.5,4.5,3.0,3.5,2.0,2.5,3.5,4.0,2.0,4.5,4.5,4.5,,2.5,,,4.5,4.5,4.5,3.0,3.0,3.0,4.0,3.5,,4.0,4.0,,,4.0,3.5,4.0,3.0,4.0,3.5,2.5,3.5,4.0,4.0,4.0,3.0,4.0,4.0,4.5,4.0,3.5,4.0,3.5,4.0,3.0,3.0,3.5,2.5,1.0,4.0,2.0,,2.0,3.0,5.0,3.5,4.0,1.5,4.5,2.0,2.5,3.0,3.0,3.5,4.5,4.5,3.5,3.0,4.5,4.0,3.0,3.0,2.0,2.5,,3.5,,4.5,2.0,4.0,4.0,1.5,2.0,3.0,4.0,3.0,4.0,2.5,,2.5,4.0,1.5,2.0,4.0,4.0,3.5,2.5,3.0,3.5,3.5,4.0,4.0,1.5,2.5,,3.0,4.5,3.5,4.0,3.0,4.0,5.0,3.0,2.0,4.0,0.5,3.5,2.5,4.0,3.5,,3.0,4.0,2.0,,3.5,3.0,4.0,3.5,4.0,,4.0,2.0,3.5,3.5,2.0,3.0,,4.0,3.5,4.0,,5.0,4.0,2.5,1.5,4.0,,,3.5,1.5,5.0,,4.0,,2.0,5.0,3.5,4.0,2.0,4.0,3.0,4.0,,4.0,,4.0,5.0
12767,,3.0,4.0,,5.0,,4.0,2.0,,4.0,,,4.0,2.0,3.0,,,2.0,,0.5,3.0,,3.0,4.0,,,4.0,2.0,5.0,,2.0,2.0,2.0,3.0,,0.5,,,,2.0,1.0,,2.0,3.0,3.5,,2.0,5.0,2.0,3.0,4.0,,2.0,3.0,4.0,4.0,4.0,3.0,2.0,4.5,,,,,,5.0,3.5,4.0,3.0,3.0,1.0,5.0,4.0,3.0,5.0,,5.0,5.0,3.0,3.0,4.0,1.0,2.0,3.5,4.5,3.5,3.0,5.0,5.0,5.0,4.0,4.0,4.0,5.0,4.5,4.0,5.0,5.0,4.5,5.0,4.0,,4.0,4.0,5.0,4.0,5.0,4.0,5.0,3.5,5.0,5.0,3.5,4.0,3.0,4.0,3.0,2.0,,3.0,3.0,2.0,4.0,4.0,3.5,5.0,3.0,3.0,4.0,2.0,,3.5,2.0,2.0,,2.0,4.0,,4.0,3.0,2.0,,,2.0,2.0,2.0,2.0,1.0,,0.5,4.0,4.0,4.0,3.0,3.0,4.0,4.0,4.0,5.0,3.0,3.0,4.0,,,3.0,4.0,5.0,4.0,3.0,4.0,2.0,4.0,4.0,,3.0,2.0,4.0,1.0,,4.5,3.0,4.0,5.0,4.0,4.0,4.5,5.0,2.0,3.0,4.5,4.0,3.0,3.0,4.0,3.5,3.0,4.0,,4.0,,4.0,4.0,5.0,,4.5,4.0,4.5,3.0,4.0,4.5,3.0,2.0,4.5,4.0,3.5,4.0,,,3.0,,4.0,3.5,3.5,5.0,4.0,,3.0,2.5,4.5,,,2.5,,4.0,,2.5,,3.5,5.0,3.5,4.0,4.0,,4.0,4.0,4.0,5.0,,3.0,3.5
12793,2.0,4.0,1.5,2.5,4.0,3.5,4.5,2.5,1.5,,4.0,3.5,4.0,4.0,,1.5,3.0,3.0,3.0,3.0,3.5,1.5,3.5,3.5,,1.0,,,3.0,2.5,1.5,3.5,4.0,2.0,2.5,3.5,1.5,2.5,4.0,2.5,1.5,3.5,3.0,3.5,1.5,2.0,3.5,,3.0,3.0,,,3.5,4.0,5.0,3.5,4.0,,3.5,3.5,4.0,3.0,4.0,1.5,1.0,4.0,,,3.0,,,4.0,3.5,4.0,4.0,3.0,3.0,3.5,3.0,,,1.5,2.5,3.5,2.0,2.5,4.0,5.0,4.5,4.5,4.5,,,4.0,4.5,4.5,,4.0,4.0,4.0,,4.0,3.5,4.0,4.0,4.0,4.5,3.5,3.5,4.0,3.5,3.0,4.5,,,3.5,,3.5,,3.5,4.0,,4.0,2.5,3.5,,3.0,4.0,3.0,,3.0,2.0,2.0,4.0,2.0,4.5,3.0,4.0,3.0,2.5,3.0,3.5,4.0,3.5,3.0,4.0,2.0,4.0,3.0,,3.0,4.0,3.5,4.0,2.5,4.0,4.0,3.0,5.0,3.5,2.0,3.5,4.0,2.5,3.5,,,3.5,3.5,3.5,3.0,3.5,4.0,2.5,,1.5,2.0,2.5,1.5,3.0,,3.0,4.0,3.0,4.0,3.5,3.5,,4.0,4.0,3.5,3.5,3.0,3.0,,4.0,4.0,2.0,4.0,1.0,,4.5,4.5,4.5,4.0,4.0,5.0,2.5,,4.5,4.5,3.0,4.0,1.5,3.5,3.5,4.5,2.5,2.5,3.0,4.0,,2.5,4.0,5.0,3.0,2.5,2.5,4.0,,4.0,3.0,2.5,3.0,2.5,4.0,4.0,3.0,4.0,,3.5,4.0,4.0,3.5,,4.0,2.5,3.5,4.5,5.0
13064,2.0,2.5,3.5,2.5,3.5,2.5,3.5,2.5,1.5,2.0,,2.5,3.0,2.0,4.0,2.5,2.0,2.0,2.0,1.0,4.0,2.0,1.5,3.5,2.5,2.0,2.5,2.5,3.5,2.5,,3.0,3.0,2.0,2.5,2.5,2.0,2.0,2.5,2.5,,2.5,1.5,3.0,1.0,,3.5,2.5,2.0,2.5,3.5,2.5,2.5,3.0,2.5,3.5,3.5,2.5,2.5,4.0,,2.5,1.0,2.5,2.5,4.0,3.5,2.0,2.5,3.5,2.5,5.0,4.0,3.0,3.5,4.0,,2.5,2.0,4.0,3.5,3.0,3.0,3.5,4.0,3.0,3.0,3.5,5.0,3.5,,,,4.0,3.0,4.0,4.0,3.5,3.5,,3.5,,3.0,3.0,3.5,,3.5,3.0,4.0,3.0,2.5,3.5,3.5,,3.0,2.5,3.5,3.5,2.0,3.0,2.5,3.5,4.0,3.5,3.0,4.0,2.5,2.5,3.5,3.0,1.5,3.0,2.5,3.0,2.0,,4.0,2.5,2.5,2.0,3.0,2.0,4.0,4.0,2.5,3.5,3.5,2.0,2.0,1.5,2.5,3.0,4.5,3.0,2.5,3.5,2.5,3.5,,3.5,3.0,3.0,2.5,2.5,2.5,2.5,3.5,3.0,3.0,3.5,2.5,3.5,3.5,2.5,3.5,3.5,1.0,2.5,,3.5,3.0,3.5,3.5,3.0,3.0,4.0,,3.5,3.5,4.0,,3.5,3.5,3.5,3.5,2.5,3.0,,2.5,,3.5,1.5,3.0,3.0,3.5,3.5,3.5,3.5,3.5,2.0,3.0,3.5,5.0,2.5,3.0,4.0,3.0,,1.5,3.0,2.5,2.5,2.5,,2.5,3.0,3.0,1.5,3.0,,4.0,3.0,1.0,3.0,4.0,1.5,2.5,3.5,3.5,3.0,2.0,3.5,3.0,3.5,3.0,3.5,3.5,5.0,2.0,4.0
13494,,3.5,4.0,2.5,,3.0,4.5,,,3.0,3.0,2.5,4.0,,,,,3.0,0.5,,3.5,,4.0,,3.0,,,4.0,,,0.5,3.0,4.0,0.5,,2.0,2.0,,2.5,5.0,2.0,3.5,2.5,3.5,1.0,,4.0,,,,3.0,3.5,,3.5,,4.0,4.5,,3.5,4.5,,,3.0,1.5,4.0,5.0,,3.0,0.5,,,4.5,4.0,,,,4.5,4.5,,5.0,4.0,5.0,3.5,,,4.0,,4.0,4.0,4.0,,,,4.0,4.5,4.0,5.0,4.0,5.0,,5.0,,3.0,4.5,4.0,,5.0,5.0,4.0,3.5,,4.0,4.0,5.0,,4.5,3.5,4.0,,4.0,2.0,5.0,4.0,3.0,4.0,4.0,,4.0,4.0,,,3.5,2.5,4.0,3.5,4.5,5.0,2.5,4.0,,4.5,4.0,4.0,5.0,,,3.5,3.5,2.0,,3.5,4.0,4.5,3.0,1.0,3.5,5.0,4.0,4.5,4.0,,4.0,4.0,,3.0,3.5,5.0,,,,,4.0,,4.0,5.0,1.5,3.0,2.0,2.5,5.0,,4.5,4.5,3.0,3.0,4.5,,,,5.0,,4.0,3.5,4.0,4.0,,3.5,3.5,,3.0,4.5,4.5,5.0,4.5,4.0,4.0,4.0,3.5,3.5,4.0,4.0,,5.0,3.0,4.0,5.0,,2.5,4.0,4.0,,3.0,3.0,,4.0,,4.0,,,3.5,,3.5,3.0,2.0,4.5,,4.0,4.5,5.0,4.5,4.0,5.0,5.0,5.0,4.5,4.0,4.5,4.5,,
13623,3.5,4.5,4.5,,,4.0,4.5,3.0,4.0,4.0,,4.0,4.5,4.5,,3.5,4.0,3.0,3.5,3.0,,,1.5,,2.0,,,,2.5,4.0,4.0,4.0,,1.5,4.0,4.0,4.0,3.0,3.0,,4.0,4.5,2.0,4.5,3.0,,,,4.5,5.0,,3.0,4.0,5.0,4.5,4.5,4.5,4.0,3.5,,,4.0,,4.0,3.5,,4.0,,,,,,,,,,,2.5,4.5,,4.0,4.0,4.0,,4.0,4.5,,4.5,5.0,,4.0,,,4.0,4.5,4.0,5.0,4.0,4.0,3.5,,,4.0,4.0,,,3.0,3.0,4.5,,4.0,,4.0,3.0,4.0,,3.5,4.5,4.0,4.5,3.5,4.0,4.5,,3.5,,4.0,,4.0,4.5,,3.5,4.0,,3.5,3.5,,,3.0,4.0,4.0,4.0,,,,,4.0,3.5,3.5,4.0,4.5,4.0,4.5,4.0,4.5,4.0,4.5,4.5,,4.5,3.5,4.0,4.5,4.0,3.0,,,4.0,3.0,4.0,3.5,4.0,4.5,3.5,,4.5,5.0,4.0,3.5,4.5,,4.0,3.5,4.0,3.5,,,4.0,4.0,,3.5,3.5,3.0,4.0,3.5,3.5,4.0,3.5,3.0,4.5,,,4.0,,3.5,4.0,,,4.5,4.0,2.5,3.5,,5.0,3.5,,,,5.0,,4.0,3.0,4.0,,,4.5,,4.5,,,,,,,,,,,,,,,,,,,,,,
14280,3.5,3.5,3.5,3.5,,3.0,4.5,3.5,3.0,3.5,,4.0,3.5,4.0,4.0,3.0,3.5,3.5,3.5,3.5,3.5,4.0,3.0,3.0,,3.0,,,4.0,3.5,3.0,3.5,3.5,4.0,4.0,3.5,2.0,3.0,2.0,,3.5,4.0,3.5,3.5,3.5,2.0,,,3.5,3.5,3.0,,3.0,4.0,3.5,3.5,4.5,,3.0,,3.0,3.5,4.0,3.5,2.0,3.0,3.5,,4.0,,,,,,,,,2.5,4.0,,,2.5,3.5,3.0,3.5,3.5,4.0,3.0,4.0,,3.5,,,3.5,4.0,3.5,,3.5,,,,3.0,4.0,4.5,,4.0,3.5,4.0,4.0,4.0,3.0,,4.0,,,,3.0,4.0,3.0,3.0,3.0,3.0,3.5,3.5,3.0,3.0,,3.5,3.0,3.5,4.5,4.5,3.0,4.0,4.0,3.5,3.5,,4.0,4.0,4.0,3.5,3.0,2.0,4.0,4.0,4.0,2.5,3.5,4.0,3.5,,3.5,4.0,3.5,3.5,3.5,4.0,,3.0,3.5,4.0,,4.0,3.5,3.5,,4.0,4.0,3.5,3.5,3.5,2.5,3.5,,4.0,3.5,3.5,4.0,4.0,1.5,3.0,5.0,3.5,3.5,4.0,,3.5,5.0,,4.0,3.5,3.0,4.0,4.0,3.5,4.0,4.0,1.5,4.5,,4.5,3.0,3.5,,3.5,4.5,3.0,,4.0,3.5,4.0,4.5,4.0,5.0,2.0,4.5,3.5,4.5,4.0,4.0,3.5,3.5,4.0,4.0,5.0,3.5,5.0,4.0,4.0,4.0,5.0,4.5,5.0,4.0,3.5,3.5,2.5,4.5,0.5,4.5,4.5,,4.5,5.0,4.0,5.0,4.0,5.0,4.5
14705,2.0,3.0,3.0,2.0,3.0,1.5,3.5,2.0,2.0,1.5,3.5,,3.0,3.0,3.5,2.5,1.5,0.5,2.5,2.0,3.0,2.5,3.0,3.5,2.5,4.0,3.0,2.0,3.0,2.5,2.0,3.0,3.0,2.5,2.5,3.5,2.0,2.0,2.5,3.0,,2.5,2.5,2.5,2.5,2.0,,3.0,,2.0,3.0,3.0,2.0,3.0,1.5,3.0,3.5,4.5,1.0,4.0,2.5,2.0,2.0,2.5,2.0,4.0,2.5,3.0,2.0,4.5,4.0,5.0,4.5,5.0,4.5,3.0,5.0,5.0,2.5,3.5,3.5,1.5,3.0,4.5,4.0,1.0,3.0,4.0,3.5,4.5,4.5,,4.0,5.0,2.5,4.5,4.5,3.5,4.5,5.0,5.0,,3.5,2.0,3.0,,4.5,3.0,3.0,,3.0,3.5,2.5,3.0,2.0,,2.5,2.5,2.0,3.0,2.0,2.5,4.0,3.0,3.0,3.5,3.5,3.5,2.5,2.5,1.5,3.0,1.0,3.0,2.5,3.0,4.0,3.0,2.5,2.0,3.0,1.0,4.0,4.0,3.5,2.0,,2.5,2.5,,,2.0,3.0,1.5,1.5,3.0,,,5.0,3.5,2.5,2.0,2.5,,,2.0,5.0,1.5,2.0,3.5,2.5,3.0,,2.0,4.0,2.5,2.0,2.5,,3.0,2.5,2.5,3.5,2.5,3.0,4.5,3.5,1.5,2.5,3.5,3.0,2.5,3.0,3.0,3.0,2.5,3.0,,3.0,,2.5,3.0,4.5,3.0,3.5,2.5,4.5,2.0,,2.0,3.5,3.5,3.5,2.5,3.5,3.5,1.5,3.0,,2.5,3.0,,2.5,3.5,3.5,2.5,3.5,3.0,3.5,,3.0,2.0,,4.5,4.0,,4.0,,2.5,3.0,,,,4.0,4.0,3.0,2.5,3.5,2.0,3.5
15478,,3.0,2.5,1.5,,3.0,3.0,0.5,2.0,,,,1.0,2.5,,,3.0,0.5,2.5,1.5,3.0,,2.5,3.5,,0.5,2.5,2.0,0.5,,,1.5,,,,3.5,0.5,1.0,,2.5,1.0,,1.0,2.5,3.5,2.0,3.0,3.0,,,2.5,2.5,,2.0,0.5,3.0,3.5,2.0,1.5,4.0,2.5,2.0,,2.0,1.0,3.0,2.0,3.0,1.5,2.0,1.5,3.0,4.0,3.0,3.5,2.5,4.0,4.0,1.5,,3.5,0.5,4.0,2.5,2.5,0.5,1.5,3.5,2.5,4.0,4.0,2.5,4.5,3.0,2.5,3.5,4.0,3.5,3.0,3.5,3.5,3.5,3.5,2.0,2.5,3.5,4.0,4.0,2.0,2.5,3.0,2.0,1.0,2.5,1.0,3.0,,4.0,,2.0,1.0,2.5,3.0,3.0,2.5,4.5,,3.0,0.5,2.0,3.0,2.5,1.5,,2.0,1.5,2.5,1.5,2.5,2.0,,1.5,3.0,,3.5,2.5,,3.5,2.0,2.5,2.5,,3.5,2.5,1.0,,,1.5,3.5,2.0,1.5,,1.0,,2.0,2.5,3.5,2.0,,2.5,1.0,3.5,3.0,1.5,3.0,3.0,1.5,0.5,,2.5,,2.5,2.5,3.0,4.5,4.0,4.5,1.0,0.5,3.0,3.0,2.5,1.0,3.0,3.0,,,1.0,3.0,,3.0,1.5,4.0,3.0,3.0,,3.0,2.0,2.5,2.0,3.5,3.0,3.5,1.0,2.5,3.5,,2.5,1.0,,2.0,1.0,1.5,4.5,3.0,,2.0,,3.0,,3.5,2.5,,3.5,3.0,,,,,,,,,,,,,,,
15486,2.5,2.5,3.0,3.0,3.0,3.0,3.5,2.5,3.0,3.0,3.5,3.0,3.5,3.0,3.5,3.0,1.5,2.0,3.5,2.5,,3.0,2.0,2.5,3.0,2.5,,3.0,1.5,3.5,2.0,3.5,3.5,3.0,2.0,3.0,2.0,3.0,2.0,2.0,2.5,3.5,3.0,4.0,2.5,3.0,,3.0,2.5,3.5,2.5,,2.0,4.5,4.0,3.5,4.0,2.0,4.0,4.0,4.0,3.5,4.0,1.5,2.5,2.5,2.5,2.5,2.5,3.0,2.5,3.5,3.0,2.5,,3.0,3.0,3.0,2.5,2.5,2.5,4.0,4.5,3.0,2.5,4.0,2.0,3.5,3.5,3.0,2.5,3.5,3.5,1.5,3.5,3.5,3.0,3.5,4.0,,3.0,3.0,4.0,4.0,3.5,3.0,3.0,3.5,3.0,3.0,,3.0,2.5,4.0,,,3.0,4.5,3.0,2.5,2.5,2.5,3.0,2.5,2.0,,2.5,3.0,2.0,3.5,3.5,4.0,3.0,4.0,3.0,2.5,2.5,3.0,2.5,3.5,4.0,3.5,3.0,,3.0,3.0,3.0,3.0,3.0,3.0,3.5,3.0,2.5,4.0,3.5,3.5,2.5,3.0,3.0,2.5,2.5,3.5,2.5,3.5,2.5,3.5,,3.0,2.0,2.5,3.0,,2.5,3.5,3.5,3.0,2.5,2.5,3.0,2.5,2.5,3.5,2.5,3.0,3.5,2.0,3.5,3.0,3.0,2.0,2.5,4.0,3.0,3.0,3.5,3.5,4.0,2.5,3.5,3.5,,3.5,4.0,3.0,2.5,3.5,3.0,3.5,4.0,3.5,3.5,3.5,3.0,3.5,3.0,2.5,4.0,3.0,2.5,3.5,2.5,2.0,2.5,3.0,2.0,3.0,3.0,2.5,3.5,3.5,2.5,3.5,3.5,,2.5,4.0,3.0,3.0,3.5,3.0,2.5,4.0,2.5,4.0,3.0,2.5,2.5,2.5,4.0,3.0
15529,1.5,3.5,3.0,4.0,4.0,,4.0,,2.5,3.5,,2.5,2.5,2.0,3.5,2.0,1.5,,2.5,2.0,3.5,1.0,2.0,3.5,2.0,,,3.5,4.0,1.5,,2.0,3.5,3.0,3.0,3.0,,2.5,,2.5,3.0,3.0,1.5,3.0,1.5,,,,2.5,3.5,4.0,,2.5,4.0,3.5,3.0,4.0,,1.5,4.0,3.5,2.0,3.0,2.0,2.0,4.0,3.0,2.5,2.5,4.0,,3.5,3.5,3.5,3.5,,5.0,3.5,3.0,,,1.0,3.5,3.5,3.5,2.5,3.5,3.0,4.0,3.5,4.0,,3.5,4.0,3.0,4.0,3.5,3.0,3.5,4.0,3.5,3.0,3.5,3.0,3.5,3.5,4.0,3.5,3.5,3.5,,,3.0,3.5,2.0,3.5,3.5,3.5,,,,3.5,3.5,3.5,3.0,3.5,1.5,3.5,3.0,2.0,3.5,3.0,2.0,3.5,3.5,3.0,3.5,3.0,3.5,3.5,3.5,2.5,4.0,3.5,3.5,2.5,3.0,3.5,2.5,3.5,4.0,3.0,3.0,3.5,3.5,3.5,1.5,3.5,4.5,3.5,2.5,4.0,3.0,2.5,3.0,3.0,,3.0,2.5,3.0,1.0,,3.5,,,3.0,2.5,3.0,2.0,2.5,2.0,3.0,3.5,2.0,3.5,3.5,,3.0,2.5,4.0,,2.5,3.5,4.0,3.5,3.0,4.0,2.0,3.0,3.0,,3.0,4.0,3.5,4.0,3.0,3.5,2.0,4.0,3.5,4.0,3.5,3.5,3.0,3.5,3.0,3.0,3.5,3.5,3.0,3.5,2.0,2.0,4.0,3.5,3.0,3.5,3.0,3.5,,3.5,2.5,3.0,4.0,3.5,3.5,2.0,3.5,3.5,,,,,,,,,,,
15617,2.5,3.5,4.0,3.0,4.5,2.5,3.0,,3.0,3.0,,2.5,4.0,3.5,3.0,2.5,2.5,,3.0,3.5,2.5,3.0,2.5,3.5,3.5,,,3.5,2.5,3.5,,2.0,3.5,2.5,3.0,3.0,3.0,2.5,2.0,3.0,3.5,4.0,,2.5,3.0,3.0,4.0,3.0,3.0,3.5,4.0,,4.0,4.0,4.5,3.5,4.0,3.0,3.0,4.5,2.5,3.0,3.5,3.5,,5.0,,3.0,3.5,4.0,3.5,4.5,3.5,4.5,3.5,3.5,3.5,3.0,3.0,,2.5,3.0,3.0,4.5,2.0,2.5,2.5,4.0,3.0,4.0,3.5,4.0,3.0,4.0,,3.5,3.5,4.0,3.0,4.0,3.5,3.5,3.5,3.0,3.5,4.0,4.0,4.0,3.5,3.0,4.0,3.5,3.0,3.5,3.0,4.0,3.5,4.0,,2.5,3.5,4.0,3.5,,3.5,3.0,3.5,3.5,2.5,3.5,3.5,2.0,3.5,3.5,3.5,3.5,3.5,3.5,4.5,3.0,3.5,3.0,3.5,5.0,3.5,3.0,3.5,4.0,3.0,3.5,3.0,3.5,4.0,3.5,3.0,2.5,,3.0,3.0,4.0,4.0,3.0,3.5,2.5,3.0,3.0,3.5,4.0,3.0,3.0,3.0,3.0,3.5,3.0,3.5,3.0,2.5,3.5,2.5,4.0,3.5,3.0,3.5,3.5,3.0,3.0,3.5,3.0,3.0,3.5,4.0,3.0,3.0,3.0,3.0,4.0,4.0,2.5,3.5,3.5,,3.5,3.0,3.0,3.0,3.0,3.0,3.5,3.0,3.0,3.5,3.0,4.0,,,4.0,2.0,3.0,,4.0,4.0,,3.0,4.0,4.0,3.5,4.0,3.0,3.0,,3.0,3.5,1.5,,2.5,,3.5,3.5,3.0,3.5,,2.5,3.5,4.5,4.5,4.0,3.5,2.0,3.5,3.5
15701,4.0,,,3.5,3.0,,4.0,,2.5,3.5,,3.5,,3.0,3.5,2.5,4.5,,3.0,3.5,3.5,,3.5,3.0,,2.5,,,3.0,3.5,,,,4.0,,4.0,,3.0,3.0,,4.0,,3.0,3.0,3.5,,,,,,3.0,,3.5,5.0,4.0,4.0,4.0,,0.5,3.5,,3.5,3.0,1.5,,4.0,,,,,,3.5,4.5,2.0,,,,4.0,3.0,,1.0,1.5,3.0,,2.0,2.0,3.5,4.5,5.0,5.0,,,3.0,4.0,4.5,,,4.0,4.0,,,4.0,5.0,4.0,3.5,3.0,5.0,4.5,4.5,4.0,,4.0,5.0,4.0,3.0,,,4.0,3.0,3.5,2.5,,,4.0,,2.5,,,3.5,3.0,3.5,4.5,,4.0,3.5,4.0,3.0,,4.0,2.5,3.0,2.5,2.5,5.0,,5.0,,4.0,3.0,3.5,2.5,3.5,3.5,3.0,3.5,3.5,4.0,4.0,0.5,,3.0,1.5,,,3.5,3.5,4.0,,2.0,4.5,3.0,,3.0,,3.5,3.5,2.5,4.0,3.0,4.0,,,4.5,5.0,4.5,4.0,4.5,,1.5,4.0,3.5,4.0,,3.0,4.0,4.0,3.0,2.0,4.0,,2.5,2.5,3.5,4.0,4.0,3.0,5.0,2.5,,4.5,2.0,4.0,4.5,3.5,3.5,3.5,2.5,,2.5,2.5,3.0,3.5,,5.0,4.0,4.0,,2.5,2.0,3.0,4.0,4.0,2.0,4.5,2.5,3.0,3.0,4.0,2.5,4.0,3.5,3.5,3.5,3.0,3.0,2.5,3.5,3.0,3.0,3.5
15718,,,,,4.0,,3.5,,,1.0,,,5.0,,,,,,2.5,,3.5,,1.0,,3.0,,,,,,1.0,,4.5,,3.0,3.0,,,,2.0,,1.0,4.0,4.5,1.0,,4.0,5.0,,,,,3.0,2.0,3.5,,2.0,5.0,2.0,5.0,,,3.0,,,3.5,,4.0,,5.0,5.0,4.0,4.0,5.0,5.0,5.0,5.0,4.0,5.0,4.5,4.0,4.0,2.5,5.0,5.0,2.5,,5.0,5.0,2.5,2.0,5.0,5.0,4.0,4.5,4.0,3.5,,5.0,3.0,5.0,5.0,3.0,2.0,,5.0,3.5,4.5,4.0,,5.0,4.0,4.0,4.0,5.0,5.0,3.5,,,,4.0,3.5,5.0,,3.5,4.0,,,3.0,,2.0,3.0,,,,,3.5,,3.5,,3.0,,,4.5,3.5,,,3.5,,,5.0,2.0,3.0,2.5,,3.0,3.0,2.0,4.0,4.5,5.0,,1.5,3.0,,,4.0,2.0,3.0,4.0,2.0,4.0,3.0,,5.0,3.0,3.0,,,4.0,4.0,4.0,5.0,2.0,,5.0,,2.5,,3.0,3.0,5.0,4.5,4.0,5.0,,3.0,,4.5,,4.5,2.5,4.5,2.0,4.5,3.0,4.0,4.0,,3.0,,3.5,4.0,4.0,3.5,3.5,2.5,,3.0,2.5,4.0,,4.0,3.5,3.0,,,2.5,3.5,,3.5,3.5,,4.0,,,,,4.5,,,,,,,,,,,
16162,4.0,,,4.0,4.0,3.0,4.0,,,4.0,,,4.0,,,,,4.0,4.0,3.0,,4.0,4.0,,3.0,,3.0,,,4.5,,4.0,5.0,3.0,4.0,4.0,2.0,4.0,,4.0,,3.5,,5.0,1.0,,5.0,3.0,4.0,3.0,,2.0,4.0,4.0,4.0,3.0,5.0,,4.0,5.0,,,4.0,,,3.5,,,3.0,,4.0,3.0,,4.0,,,3.0,4.0,3.0,,4.0,4.0,,3.5,4.0,4.0,3.0,4.0,4.0,,,,4.0,3.0,,3.0,,,4.0,,3.0,,3.0,,,,4.0,4.0,5.0,,,,4.0,,3.0,,3.0,3.0,4.0,,3.0,,4.0,4.0,4.0,4.0,4.0,,3.0,3.0,3.5,4.0,4.0,4.0,,4.0,,,4.0,,4.0,4.0,,,,,4.0,4.0,4.0,4.0,,4.0,4.0,3.0,3.0,2.0,4.0,3.0,,3.0,3.0,,3.0,,,,,,,3.5,4.0,3.0,,,,4.0,4.0,,,4.0,,4.0,4.0,2.0,,,,4.0,3.0,4.0,,4.0,4.0,4.0,4.0,3.0,4.0,,4.0,4.0,3.0,3.0,5.0,,4.0,,2.0,4.0,,3.0,2.0,4.0,,4.0,,,4.0,,,4.0,3.0,,5.0,,,3.5,,,3.5,4.0,4.5,4.5,,4.5,,,3.5,5.0,3.0,3.5,,,,3.5,,4.0,3.0,4.5,3.0,3.0
16606,,,3.0,,4.0,,,,,,,,5.0,3.0,,3.0,,,,,,3.0,,4.0,3.5,,4.0,4.0,4.0,,2.0,3.0,3.0,3.0,4.0,3.0,,,0.5,3.5,,3.0,,3.0,,,3.0,3.0,3.0,,,,3.0,4.0,,3.0,4.0,,4.0,4.0,,,,4.0,0.5,4.0,,,,,4.0,4.5,5.0,,4.0,,4.0,4.5,4.0,,3.0,2.0,3.0,,3.0,3.0,3.0,4.0,5.0,4.5,,3.5,5.0,4.5,3.0,,,3.0,4.0,2.5,4.5,,4.0,4.0,,,,5.0,4.0,,4.0,4.0,2.0,,3.0,5.0,4.0,,,3.0,,,3.0,4.0,5.0,4.0,,,,,2.0,3.0,,4.0,4.5,3.0,2.0,4.5,3.0,,3.0,,,3.0,4.0,,4.0,5.0,2.0,,4.0,4.0,,,,4.0,,,,,3.0,,5.0,,,,,2.0,3.0,,4.0,,2.0,,,,3.0,,,5.0,,4.0,3.0,,,4.5,,4.0,5.0,3.0,3.0,4.0,5.0,4.0,3.5,,4.0,2.0,4.0,3.0,3.0,4.0,4.0,3.0,5.0,,4.5,3.5,,4.0,4.0,4.0,4.0,,,4.0,4.5,,,,3.0,,4.0,4.0,,,3.0,,,2.0,,3.5,,,2.5,4.0,,4.0,4.5,1.5,,,3.5,,4.0,,4.0,4.0,2.0,2.0
16676,2.0,4.0,4.0,,1.0,,,,,,,,1.0,,,,,,,,,,5.0,5.0,2.0,,,3.5,,,3.0,,5.0,1.0,4.0,4.0,,,1.0,3.0,,3.0,,5.0,2.0,4.0,3.5,5.0,4.0,,4.0,,5.0,5.0,4.0,5.0,5.0,5.0,3.0,2.0,,,2.0,,,1.0,2.0,1.0,2.0,3.0,2.0,,4.0,3.0,3.0,5.0,3.0,2.0,4.0,3.0,4.0,5.0,2.0,,3.0,5.0,3.0,4.0,5.0,4.0,4.0,3.0,2.0,3.0,5.0,3.0,5.0,5.0,4.0,5.0,5.0,4.0,5.0,2.0,5.0,5.0,,4.0,5.0,2.0,5.0,4.0,3.0,3.0,3.0,4.0,5.0,2.0,,3.0,4.5,,5.0,3.0,3.0,2.0,3.0,4.0,2.0,3.0,1.0,5.0,3.0,3.0,3.0,2.0,1.0,5.0,2.0,,1.0,3.0,2.0,1.0,1.0,5.0,1.0,5.0,,,5.0,4.0,3.0,5.0,5.0,2.0,4.0,3.0,3.0,1.0,5.0,5.0,3.0,3.0,1.0,4.0,4.0,5.0,4.0,5.0,5.0,,5.0,3.0,2.0,1.0,1.0,2.0,,5.0,2.0,5.0,1.0,5.0,5.0,3.0,2.0,3.0,4.0,,5.0,5.0,4.0,4.0,4.0,4.0,3.0,,3.0,3.0,3.0,2.5,4.0,3.0,4.0,4.0,2.0,4.5,,3.0,,,3.5,5.0,4.0,2.0,4.0,3.0,3.0,4.0,3.0,3.0,2.0,4.0,,,4.0,3.0,4.0,,,4.5,,4.5,3.5,4.5,4.5,4.5,4.5,3.5,4.0,3.5,3.5,4.0,3.5,4.5,4.0,3.5,4.0,2.5
16865,2.5,4.0,3.0,2.5,3.5,2.5,4.0,3.0,3.0,,3.0,3.0,3.0,3.0,3.0,2.5,1.5,2.0,2.5,2.0,3.0,2.5,3.0,4.0,2.5,1.0,3.0,3.0,4.0,2.5,,2.5,3.5,3.0,3.0,3.5,,2.0,1.5,3.0,2.0,3.0,2.5,3.5,3.5,3.0,3.5,3.0,2.5,3.0,3.0,2.0,3.5,4.5,3.0,3.0,4.0,3.5,3.5,4.0,4.0,2.5,3.5,2.0,1.0,4.0,2.5,3.0,2.5,5.0,3.0,3.5,4.5,4.0,3.0,5.0,5.0,4.0,2.5,3.5,3.0,2.0,3.0,3.5,4.0,2.0,3.5,4.0,4.5,,4.5,4.5,,4.0,3.0,4.0,5.0,4.0,4.0,4.0,4.0,,5.0,4.0,3.5,3.0,3.5,4.0,5.0,4.0,,4.0,4.0,,3.0,4.0,4.0,4.0,3.0,4.5,3.0,3.5,4.0,3.0,4.0,,3.0,3.0,3.0,2.5,2.5,3.0,2.0,3.0,4.0,4.0,4.0,3.0,4.0,3.0,3.0,3.0,3.5,3.0,3.5,4.0,3.0,4.5,3.0,1.0,3.5,3.5,3.5,3.5,3.5,3.5,3.0,5.0,,4.0,3.0,4.0,3.5,3.0,3.0,3.5,3.0,2.0,2.5,3.5,2.0,3.0,4.5,3.0,3.0,3.0,3.0,3.0,1.5,3.0,3.0,3.0,4.5,4.5,4.0,4.0,,2.5,3.0,4.5,3.0,2.5,4.0,4.0,4.0,3.5,3.5,2.0,3.5,1.0,,4.5,4.0,4.0,3.0,3.0,4.0,3.5,4.0,4.0,3.0,4.0,4.0,3.0,3.0,4.5,3.0,3.0,3.0,3.0,3.5,,2.0,4.0,5.0,4.0,3.5,4.0,5.0,4.0,3.0,3.5,4.0,4.5,4.0,4.0,4.0,3.5,4.5,3.5,4.0,4.0,4.0,4.0,4.5,4.5,4.0,,,
16938,3.5,5.0,5.0,4.5,4.5,3.5,3.0,4.0,4.5,4.5,3.5,5.0,4.5,5.0,4.5,4.0,4.5,3.5,2.5,3.5,4.0,3.5,,3.0,2.5,3.5,,3.0,4.5,3.5,3.0,4.0,4.0,3.5,4.0,3.5,3.5,3.0,3.5,3.5,3.0,3.5,2.0,4.0,3.5,3.0,,,4.0,3.5,2.5,3.0,3.0,4.0,4.0,4.5,4.5,4.0,3.0,5.0,4.5,1.5,4.0,4.5,4.0,,4.0,3.5,4.0,3.5,3.5,3.5,3.5,4.5,4.0,4.0,3.5,5.0,2.0,3.5,3.0,4.0,4.5,4.0,5.0,3.5,3.0,5.0,4.5,1.5,4.0,4.0,2.0,5.0,3.5,4.5,5.0,5.0,3.0,2.5,,2.5,4.0,4.5,4.0,4.0,3.5,3.5,4.5,4.5,4.0,4.0,4.0,3.0,4.0,3.0,3.5,4.0,4.0,3.0,3.5,5.0,5.0,3.5,4.0,4.5,4.0,4.0,4.0,4.5,4.5,3.5,4.0,4.0,4.0,3.5,3.5,3.5,4.0,4.0,4.0,4.5,4.0,4.5,5.0,3.5,4.5,4.0,4.0,4.0,5.0,3.5,,4.0,4.0,4.0,4.5,4.0,4.5,4.5,4.0,3.5,4.5,4.0,4.5,4.0,4.0,2.0,3.5,4.0,3.0,5.0,5.0,4.0,,4.5,4.0,4.0,4.5,3.5,4.0,3.0,4.0,4.0,4.0,4.5,,4.5,4.0,3.5,4.0,3.5,4.0,5.0,4.5,5.0,5.0,4.0,4.0,4.5,1.0,5.0,5.0,5.0,4.0,4.5,,4.5,5.0,4.5,2.5,3.5,5.0,4.0,5.0,4.0,4.0,4.0,3.5,5.0,3.5,4.5,4.0,,3.5,3.5,5.0,4.5,4.5,5.0,0.5,5.0,5.0,3.0,5.0,4.0,5.0,4.0,4.5,4.0,2.5,4.0,3.0,5.0,4.0,4.5,4.5,,,
17040,,,2.5,,3.5,,4.0,2.0,,,3.0,,3.5,,,,2.0,,,,4.0,,,4.0,,,3.5,3.0,2.5,,,,2.0,,,,,,,,,,,2.0,,,3.5,,,3.0,2.0,,2.5,3.0,,,4.0,3.0,,4.0,,2.5,,,,4.0,,,,,,3.0,,,,,3.5,3.0,,3.0,,,,4.5,2.0,2.5,3.5,,3.0,4.0,3.5,,,4.0,,4.0,,4.0,,,4.0,3.0,2.5,3.0,3.0,1.5,3.5,,2.5,,,,2.5,4.0,,,2.5,,,,,3.5,3.0,,3.0,3.5,,3.0,3.0,,,2.0,3.0,,,3.5,4.0,3.0,4.0,3.5,,,4.0,3.0,,3.0,,3.0,,,2.5,2.5,3.5,3.0,2.5,,2.5,,3.5,4.0,,2.5,,2.5,3.0,3.0,4.0,2.0,,3.0,,3.0,,,,,,2.5,,,,,3.5,2.0,2.5,4.0,5.0,,,5.0,4.0,3.0,,3.0,3.0,2.5,3.0,,4.0,3.0,4.0,3.5,4.5,3.5,4.0,,5.0,4.0,3.0,3.0,4.0,4.0,3.5,3.0,3.0,4.0,4.0,4.0,,4.0,3.0,,3.5,4.0,4.0,,3.5,,3.5,2.5,4.0,,2.5,,3.0,4.5,4.0,4.0,4.5,,3.5,3.0,3.5,4.0,,4.0,4.0,3.5,4.0,3.5
17333,,4.0,4.0,,5.0,,4.0,3.0,,,,,4.0,,,,,,,,,,2.5,3.5,3.0,,5.0,2.0,3.0,3.5,,3.5,4.0,3.5,,,,,3.0,,,3.0,,3.0,,,5.0,4.0,,3.0,4.0,2.5,4.0,,4.0,4.0,5.0,4.0,4.0,5.0,,,,3.0,3.0,4.0,,,,5.0,3.0,4.0,4.0,5.0,5.0,4.0,5.0,5.0,1.0,5.0,5.0,2.0,4.0,,4.0,4.0,2.0,2.0,4.0,4.0,4.0,4.0,5.0,5.0,3.0,5.0,5.0,5.0,5.0,5.0,,4.0,4.0,4.0,5.0,5.0,5.0,4.0,4.0,,3.0,5.0,4.0,5.0,,5.0,5.0,2.0,,3.0,3.0,3.0,3.0,,,4.0,4.0,4.0,3.0,4.0,,3.0,4.0,,,4.0,3.0,4.0,4.0,,4.0,,,4.0,,5.0,,4.0,,,4.0,5.0,3.0,3.0,,4.0,3.0,3.5,4.0,5.0,4.0,3.0,2.0,,,2.0,3.0,2.0,4.0,4.0,3.0,3.0,3.0,3.0,4.0,,3.5,3.0,,4.0,,5.0,4.0,,3.0,4.0,,4.0,,3.5,4.0,3.0,4.0,4.0,3.0,,4.0,,4.0,,4.0,3.0,5.0,4.0,4.0,,5.0,3.0,4.5,4.0,5.0,4.0,,3.5,3.0,5.0,3.5,4.0,,4.0,5.0,,,4.5,4.0,4.0,,,5.0,,3.5,,,3.5,,,3.5,4.5,4.5,3.0,,4.0,3.5,4.0,4.5,4.0,4.5,3.5,3.5,4.5
18138,1.5,4.0,3.5,3.0,3.0,1.5,3.5,,2.0,3.0,2.0,2.5,4.0,3.0,3.0,2.0,1.5,1.5,1.5,2.0,3.5,1.5,2.5,4.5,2.0,,,2.0,4.0,1.5,,2.5,3.0,2.5,3.0,4.0,,2.0,,3.5,3.0,2.5,1.5,3.5,2.0,3.0,,,2.5,3.0,4.5,3.0,3.5,4.0,4.0,2.5,5.0,,4.0,5.0,3.0,2.0,3.0,1.5,2.0,4.0,2.5,3.0,2.5,5.0,,5.0,3.5,5.0,3.5,,5.0,,,3.5,4.0,2.0,2.5,3.5,4.5,2.5,,3.0,5.0,4.5,5.0,4.0,,5.0,3.0,5.0,4.0,3.5,5.0,4.5,5.0,,3.5,2.0,,,4.0,5.0,5.0,3.0,,,3.0,,3.0,4.0,4.0,3.0,2.5,4.0,3.0,3.0,5.0,3.0,3.5,3.5,3.0,4.0,3.0,1.5,2.0,3.0,2.5,3.0,2.5,3.0,5.0,,3.5,3.0,3.5,2.5,4.5,3.5,2.5,3.5,3.0,3.5,,2.5,,2.5,4.0,3.5,3.0,3.0,3.0,3.0,,3.5,3.0,3.5,3.0,3.0,3.0,2.5,4.0,4.0,2.5,4.0,2.5,3.5,3.5,3.0,4.0,3.0,2.0,2.5,1.0,5.0,3.5,3.0,4.5,3.5,3.5,5.0,2.5,2.5,3.0,5.0,3.0,3.0,4.0,,4.0,3.0,3.0,2.0,2.5,1.5,3.0,3.5,3.0,2.5,3.0,3.0,4.0,2.5,2.5,2.5,3.0,2.5,4.0,4.0,3.5,5.0,2.0,4.0,2.0,3.5,3.0,1.0,4.0,,3.0,2.0,3.5,2.5,4.0,2.5,3.5,3.5,2.0,4.5,3.5,1.5,2.5,3.5,4.0,3.5,3.5,3.0,3.5,4.5,3.0,3.5,4.0,4.5,3.5,5.0
18191,2.0,3.0,3.0,,2.5,3.0,3.0,2.5,2.5,2.5,2.5,2.0,3.0,3.0,3.5,2.5,2.0,2.0,2.5,3.0,3.5,2.0,2.5,3.0,,2.5,,3.0,3.0,2.0,3.0,3.0,3.0,2.0,3.0,2.5,2.5,2.0,2.0,3.0,2.0,3.5,2.5,3.5,1.5,2.0,3.5,3.0,2.0,3.0,3.5,2.0,4.0,3.5,4.5,3.5,3.5,3.5,3.0,3.0,3.0,2.5,3.0,2.5,1.5,3.5,2.0,,3.0,3.5,3.0,3.0,4.0,,5.0,2.5,3.5,3.5,3.5,,3.0,3.0,3.5,,4.0,3.0,3.0,3.5,5.0,,5.0,5.0,3.0,3.5,5.0,3.5,,3.0,,3.5,3.5,3.0,3.0,3.5,3.0,3.5,3.0,3.5,3.5,3.5,,2.0,5.0,3.5,3.5,5.0,3.5,3.0,3.0,5.0,4.0,3.0,3.5,2.5,3.0,,3.0,3.0,3.0,2.5,2.5,3.5,3.5,3.5,2.5,5.0,3.0,3.5,2.5,2.5,3.5,2.5,5.0,3.5,3.0,5.0,2.5,3.5,3.0,2.0,3.5,3.0,4.0,3.5,3.0,3.0,3.5,3.5,5.0,3.0,2.5,3.5,3.5,3.0,3.0,3.0,,3.0,3.5,3.0,3.5,3.0,3.5,,,2.5,4.0,3.0,2.0,3.0,2.5,2.5,5.0,3.5,3.0,3.0,2.0,3.0,3.0,3.5,3.5,3.0,3.5,3.0,3.5,3.5,3.5,2.5,3.5,2.5,,4.0,2.5,3.5,3.0,3.0,3.0,2.5,3.0,3.0,3.0,3.5,3.5,3.0,3.0,3.0,3.5,,4.0,3.5,3.0,2.5,3.5,,3.5,3.0,3.0,2.5,3.5,,3.5,3.0,,5.0,4.0,3.0,3.0,,3.5,,3.5,,,,,,,,,
18354,,,2.5,,2.0,,3.5,,2.5,,,,,,,,,,,,,,,3.0,3.0,,,,,2.0,,,3.5,,,2.5,,,,3.5,,,,3.0,,3.0,3.5,,,,,,,3.0,,,,,,3.0,,,3.5,,,,,,3.0,4.0,,3.5,3.5,3.5,3.5,3.5,4.0,3.0,4.0,,,,3.0,,4.0,2.0,,3.0,4.0,4.0,4.0,4.0,3.5,3.5,,2.5,4.5,,3.0,3.0,4.0,,4.0,,,3.0,2.5,4.5,,,3.0,4.0,3.0,4.0,3.5,3.5,3.5,,,,,,3.0,,,3.0,,,,,2.5,,,,,3.0,,,,,2.5,,,,,,,3.0,,2.5,3.0,,,3.0,,,,,4.5,3.0,3.5,,3.0,3.0,2.5,,3.0,4.0,,,,,,3.0,3.5,,,,,,,2.5,,,3.0,2.5,,,,,,,,3.5,,,3.0,,3.0,,,3.0,3.5,,2.5,2.5,3.5,2.0,2.5,3.0,,,,,,,,,,3.5,2.5,,3.0,,,,2.5,,3.5,,,,,,4.0,,3.5,,3.0,2.0,,3.0,3.0,,,3.5,4.0,3.5,3.5,3.0
18415,5.0,,5.0,,4.0,,5.0,,,1.0,,4.0,5.0,,,,3.0,,,,4.0,,1.0,5.0,,,5.0,,3.0,,4.0,4.0,4.0,4.0,,,2.0,,,4.0,,3.0,,4.0,4.0,,5.0,5.0,,5.0,,,5.0,5.0,5.0,3.0,5.0,5.0,4.0,5.0,4.0,,,3.0,,4.0,3.0,4.0,,5.0,5.0,5.0,5.0,,5.0,5.0,5.0,5.0,5.0,,5.0,4.0,4.0,5.0,5.0,4.0,,5.0,4.0,4.0,5.0,5.0,5.0,5.0,5.0,5.0,5.0,4.0,4.0,5.0,5.0,5.0,4.0,5.0,,5.0,5.0,5.0,4.0,,5.0,5.0,3.0,5.0,5.0,5.0,5.0,4.0,,3.0,,2.0,5.0,,4.0,4.0,,,,,3.0,4.0,4.0,,,3.0,2.0,5.0,5.0,,5.0,3.0,,3.5,5.0,5.0,,4.0,,,5.0,5.0,5.0,,,,,3.0,5.0,5.0,3.0,5.0,4.0,,,5.0,,3.0,4.0,,,,4.0,,,,1.0,,,5.0,,5.0,4.0,5.0,4.0,4.0,,4.0,5.0,,3.0,3.0,5.0,5.0,,,3.0,1.0,2.0,4.0,4.0,,4.0,0.5,4.0,,4.0,3.0,,5.0,5.0,,,3.0,4.0,1.0,4.0,4.0,3.0,4.0,5.0,3.0,3.0,4.0,5.0,,4.0,3.0,5.0,4.5,,,,,4.0,,4.0,1.5,2.0,4.0,,4.0,3.0,5.0,4.0,4.5,4.5,4.5,5.0,
18611,3.0,4.0,2.0,3.0,4.5,3.0,4.0,1.0,3.0,1.0,3.0,1.0,4.0,4.0,1.0,1.0,2.0,1.0,2.0,4.0,4.0,,1.0,4.5,2.0,1.0,4.0,4.0,4.0,2.0,3.0,2.0,4.0,1.5,3.0,3.5,3.5,,1.0,4.0,2.0,4.0,1.0,4.0,1.0,2.0,3.0,4.0,2.0,4.0,4.0,1.0,3.5,4.0,4.5,4.0,4.0,4.0,4.0,3.5,3.0,3.0,3.5,3.5,,4.0,,2.0,3.0,4.5,4.0,4.5,4.5,4.5,4.5,5.0,5.0,2.0,4.5,1.0,4.0,3.0,1.0,4.5,3.5,3.0,4.0,4.0,4.0,1.0,4.5,5.0,5.0,4.5,4.0,4.5,3.5,,4.5,4.5,4.0,3.0,3.0,4.0,4.0,4.5,1.5,4.0,3.5,,4.0,4.5,4.0,4.5,4.0,4.5,4.0,4.0,,,,4.0,4.0,3.0,4.0,4.0,4.0,4.0,4.0,1.0,4.0,4.0,3.0,,1.0,4.5,4.0,4.0,4.0,1.0,4.0,4.0,4.0,3.0,4.0,4.5,1.0,4.0,3.0,3.0,1.0,4.0,2.0,4.0,3.0,,4.0,,5.0,4.5,,4.0,4.0,3.5,4.0,3.0,4.0,3.0,2.0,,,4.0,2.0,3.0,4.0,4.0,2.5,2.0,1.0,4.0,3.0,3.0,4.5,3.0,,4.5,4.0,1.0,4.5,4.0,4.0,3.0,,4.0,4.0,4.0,4.5,2.0,4.0,4.0,4.0,3.0,4.5,4.0,4.0,4.0,4.5,4.0,,4.0,4.0,4.0,4.0,4.0,4.0,4.0,4.0,4.5,3.0,4.0,4.5,2.0,4.0,4.5,4.5,4.0,4.0,3.5,4.0,4.0,4.0,4.5,3.0,5.0,1.0,3.0,3.0,4.0,4.0,2.0,4.0,4.0,4.0,4.5,2.0,4.0,4.0,4.0,4.0,4.5
18628,4.0,4.0,5.0,2.0,2.0,1.0,4.0,2.0,1.0,4.0,2.0,5.0,5.0,4.0,2.0,2.0,1.0,1.0,4.0,3.0,4.0,3.0,3.0,4.0,,2.0,,3.0,3.0,4.0,2.0,4.0,1.0,3.0,3.0,4.0,3.0,2.0,1.0,3.0,2.0,3.0,2.0,5.0,2.0,5.0,2.0,4.0,2.0,,4.5,2.0,3.0,5.0,4.0,5.0,4.0,4.0,5.0,4.0,2.0,,5.0,3.0,3.0,3.0,3.0,2.0,4.0,4.0,5.0,4.0,5.0,4.0,4.0,5.0,5.0,4.0,3.0,5.0,4.0,,4.0,,3.0,4.0,4.0,,4.0,,5.0,3.0,4.0,5.0,3.0,4.0,5.0,4.0,5.0,5.0,4.0,3.0,4.0,5.0,3.0,4.0,4.0,2.0,4.5,,,2.0,4.0,4.0,5.0,5.0,,3.0,,,,4.0,3.5,2.0,5.0,3.0,4.0,3.0,4.0,4.0,2.0,2.0,3.0,3.0,3.0,2.0,4.0,3.0,4.0,,4.0,2.0,3.0,5.0,4.0,4.0,3.0,4.0,2.0,2.0,3.0,4.0,5.0,4.0,4.0,2.0,,,4.5,3.0,2.0,3.0,4.0,2.0,5.0,2.0,4.0,3.0,2.0,,1.0,5.0,,4.0,5.0,2.0,2.0,3.0,,4.5,2.0,4.0,5.0,,3.0,5.0,,,4.0,4.0,2.0,4.0,3.0,3.0,2.0,,4.0,2.0,4.0,4.0,3.0,3.0,5.0,4.0,3.0,5.0,4.0,,5.0,4.0,2.0,4.0,4.0,3.0,4.0,4.0,4.5,3.0,2.0,4.0,4.0,3.0,4.0,3.0,5.0,3.0,5.0,4.0,4.5,3.0,3.5,4.5,1.0,5.0,1.0,4.0,3.5,4.0,4.5,3.0,,3.5,4.0,3.5,2.5,2.0,,4.5,4.5,4.5
18706,2.5,4.0,4.0,3.0,3.0,1.5,5.0,1.5,3.0,,,,3.5,,,,,1.5,2.0,2.5,3.0,,2.5,2.5,,1.0,,2.5,3.5,2.5,,3.0,2.0,2.0,3.5,4.0,3.0,3.0,0.5,,3.5,3.0,3.5,3.5,2.5,,3.5,2.5,2.0,,2.5,,3.5,3.5,4.0,3.5,4.0,,3.0,5.0,,,2.5,3.0,1.5,5.0,,2.5,3.0,,,4.0,3.5,,,3.5,4.0,4.5,3.0,2.0,1.0,,3.0,4.0,3.5,2.5,3.0,3.5,4.0,4.0,3.5,,3.0,4.5,4.0,4.5,4.5,4.5,4.0,4.0,5.0,3.5,3.5,2.0,4.0,4.0,3.5,4.0,3.5,3.5,,5.0,4.0,3.5,2.5,3.5,4.0,3.5,3.0,2.5,1.0,1.5,3.5,4.0,2.5,2.5,3.5,3.5,3.5,1.5,3.0,4.0,3.5,2.5,2.0,2.0,4.0,,4.0,3.5,3.5,2.0,4.0,4.5,4.0,3.5,,4.5,1.0,2.0,3.5,4.0,4.0,2.0,,3.0,3.5,3.5,,4.0,,4.0,4.0,3.0,,4.0,4.0,3.5,3.0,2.5,3.0,3.5,3.5,,,2.5,2.5,2.0,1.5,2.5,2.0,3.0,5.0,3.0,3.0,5.0,4.0,,2.5,1.5,2.0,3.5,3.5,4.0,4.0,3.5,2.0,1.5,4.0,2.0,3.5,2.0,4.5,3.5,4.0,,4.0,,4.0,4.0,2.0,3.5,3.5,1.0,2.0,4.5,2.0,,3.0,3.5,2.5,3.0,2.0,5.0,4.0,3.0,1.5,1.5,4.0,2.5,3.5,2.0,2.0,3.0,3.5,4.5,4.0,4.0,3.5,3.5,2.0,4.0,4.5,3.5,2.5,3.5,4.0,5.0,3.0,2.5
19590,,5.0,3.0,2.5,,,2.0,,,3.0,,,4.5,2.0,3.0,,,,,,4.0,,,3.0,,2.5,4.5,2.5,,,3.0,3.0,4.5,,3.5,,,,3.0,3.0,3.0,,3.5,4.5,,,5.0,5.0,,2.5,,3.0,,4.5,4.0,,5.0,,3.0,3.0,,,2.5,,,0.5,,,,5.0,5.0,,,2.0,4.0,,5.0,4.0,3.5,,3.5,,3.0,4.0,4.0,,2.5,3.0,4.5,4.0,3.0,4.5,5.0,2.5,4.0,4.0,3.5,3.5,,,,4.0,4.5,4.0,4.0,4.5,4.5,4.0,4.0,4.0,4.5,3.5,4.5,3.0,4.5,4.0,5.0,,4.0,5.0,4.0,,5.0,1.0,4.5,,5.0,,4.5,,,4.5,,4.5,3.0,5.0,,3.5,4.5,,5.0,,3.0,,,5.0,4.0,5.0,4.0,,5.0,4.5,5.0,4.0,,,2.5,3.5,5.0,4.5,,4.0,4.0,,5.0,,,,,4.0,,4.5,4.5,4.5,,,,3.0,,4.5,,3.0,5.0,3.5,4.5,1.5,,,5.0,4.0,4.5,,,4.0,4.5,4.0,4.0,,3.5,4.0,4.5,4.0,4.0,4.0,5.0,3.5,3.5,4.0,4.0,4.0,2.0,3.0,4.5,4.5,4.0,4.5,4.5,5.0,3.0,4.5,4.5,3.5,4.5,,0.5,4.0,1.5,3.5,3.0,3.0,4.5,4.0,2.0,4.5,4.0,3.5,3.5,4.5,3.0,4.0,3.0,,5.0,5.0,3.0,3.0,4.5,1.0,,4.0
19711,4.0,,4.0,,3.5,,5.0,,2.5,4.0,,4.0,2.5,,,3.0,,3.0,4.0,3.0,4.5,,4.0,,,2.0,4.0,4.0,,3.0,,,,3.5,4.0,4.0,,3.0,2.0,3.5,3.5,,,5.0,2.0,,,,,,,,3.5,4.0,5.0,3.0,5.0,5.0,3.0,3.0,4.0,3.5,4.0,1.0,1.0,4.5,,,,,,,,,,,,4.5,,,4.5,4.0,4.0,3.0,5.0,3.0,3.5,4.0,5.0,,4.0,,,,4.5,4.0,4.0,4.5,4.0,,,,5.0,3.5,,,1.5,5.0,5.0,4.0,3.5,,4.0,5.0,3.5,,4.5,5.0,,3.5,,3.5,4.0,1.0,3.5,,4.0,,3.0,3.5,4.0,2.0,2.0,4.5,4.5,5.0,3.0,,4.5,2.5,5.0,2.5,,4.0,,4.0,3.5,3.5,3.5,3.5,4.0,3.0,4.0,4.0,3.5,4.0,4.0,4.0,,4.5,3.0,4.0,,,,3.0,,3.5,5.0,4.0,3.0,4.0,5.0,2.5,3.5,4.0,1.0,3.5,3.5,4.0,,4.0,5.0,4.0,3.5,5.0,,3.5,4.5,4.5,3.5,3.5,3.0,4.5,5.0,5.0,4.0,,2.0,3.0,,3.5,3.0,5.0,1.0,,,4.5,5.0,5.0,4.5,5.0,2.5,2.0,4.0,3.0,2.0,3.0,1.0,3.0,3.0,2.0,5.0,,3.5,3.0,4.0,3.0,3.0,3.5,4.0,4.0,4.5,4.5,5.0,3.0,3.0,,4.0,2.0,,3.0,5.0,4.0,4.0,4.0,4.0,3.0,4.0,4.5
20132,3.0,4.0,4.0,4.0,4.0,3.0,5.0,2.0,3.0,4.0,,3.0,4.0,4.0,2.0,4.0,,4.0,4.0,4.0,4.0,4.0,3.0,5.0,3.0,4.0,5.0,4.0,0.5,3.0,3.0,4.0,5.0,0.5,4.0,4.0,4.0,,3.0,5.0,,4.0,3.0,,,2.0,5.0,5.0,,3.0,,4.0,5.0,4.0,5.0,5.0,5.0,5.0,4.0,5.0,4.0,3.0,4.0,3.0,3.0,3.0,5.0,2.0,,5.0,5.0,4.0,5.0,5.0,5.0,5.0,4.0,2.0,5.0,3.0,5.0,3.0,,4.0,5.0,4.0,4.0,4.0,5.0,2.0,4.0,5.0,3.0,4.0,4.0,4.0,5.0,4.0,4.0,5.0,5.0,2.0,4.0,5.0,1.0,4.0,4.0,5.0,5.0,,5.0,3.0,4.0,5.0,5.0,5.0,5.0,4.0,,,,4.0,5.0,5.0,5.0,5.0,5.0,5.0,3.5,3.0,4.0,4.0,4.0,5.0,4.0,4.0,3.0,4.0,4.0,2.0,5.0,,3.0,4.0,4.0,1.0,5.0,5.0,3.0,4.0,5.0,5.0,5.0,5.0,5.0,4.0,2.0,3.0,1.0,5.0,4.0,5.0,5.0,3.5,3.0,4.0,5.0,4.0,4.0,4.0,,5.0,3.0,3.0,5.0,4.0,3.0,5.0,2.0,4.0,4.0,5.0,5.0,,,4.0,,5.0,5.0,4.0,5.0,5.0,5.0,4.0,5.0,,4.0,2.0,5.0,2.0,5.0,4.0,3.0,3.0,5.0,,4.0,4.0,2.0,5.0,4.0,4.0,3.0,4.0,4.0,5.0,5.0,3.0,2.0,4.0,4.0,2.5,3.5,3.0,4.5,3.5,5.0,,5.0,,,3.5,,,,5.0,3.5,4.5,4.0,,3.5,3.0,4.5,4.0,4.0,3.5,5.0,4.0,,
21070,5.0,,,,,,,3.5,3.0,,,,5.0,,,3.0,,,,3.5,,,,,,,,3.0,,4.0,,4.0,4.5,5.0,5.0,,4.0,4.5,4.0,4.5,,4.0,4.5,5.0,3.5,,4.5,,2.5,4.5,,,4.5,4.5,5.0,5.0,3.5,5.0,5.0,,,5.0,5.0,4.5,,,5.0,,5.0,5.0,4.0,5.0,5.0,,3.5,5.0,3.5,5.0,5.0,,4.0,3.5,3.5,,5.0,4.0,5.0,5.0,5.0,3.5,4.0,,4.0,4.0,4.0,,,,5.0,3.0,2.0,5.0,5.0,4.0,3.5,5.0,,4.5,5.0,4.0,5.0,5.0,5.0,5.0,5.0,5.0,,5.0,5.0,5.0,4.5,,3.5,5.0,3.5,,4.0,,,5.0,3.5,5.0,4.5,4.0,4.0,4.0,,5.0,5.0,4.0,,,,,,,,4.0,3.5,4.5,3.5,4.5,5.0,4.5,5.0,4.5,4.0,4.5,5.0,5.0,5.0,5.0,,5.0,4.5,5.0,,5.0,4.5,4.5,4.5,,5.0,5.0,,5.0,3.5,2.5,2.5,5.0,3.0,5.0,4.5,5.0,4.5,,5.0,5.0,5.0,,5.0,4.0,4.0,5.0,4.5,4.0,5.0,,5.0,5.0,,,4.0,,,5.0,,,3.5,5.0,5.0,,,5.0,,,4.0,,4.5,,5.0,5.0,5.0,5.0,,,,,5.0,,,5.0,,5.0,,5.0,,,4.5,,,,,,,,,,,
21078,4.0,3.0,4.0,3.0,2.0,,4.0,2.5,4.0,3.0,3.0,5.0,5.0,4.0,2.0,3.0,2.0,3.0,3.0,4.0,5.0,3.0,3.5,2.0,3.0,,3.0,4.0,3.0,4.0,4.0,4.0,4.5,4.0,3.0,4.0,2.0,3.0,2.0,4.0,2.0,4.0,2.0,5.0,2.0,3.0,4.0,3.0,3.0,4.0,3.0,2.0,3.0,3.0,4.0,5.0,4.0,,3.5,5.0,4.0,3.0,4.0,1.0,3.0,4.0,,3.5,3.5,,,3.0,4.0,2.0,3.0,,4.5,2.0,2.0,4.0,3.0,4.0,3.5,4.0,5.0,5.0,3.0,3.0,4.0,3.0,3.0,3.0,2.0,3.0,4.0,5.0,5.0,3.0,4.0,3.0,4.0,3.0,3.0,4.0,4.0,3.0,2.0,4.0,5.0,2.0,2.0,3.0,5.0,2.0,5.0,3.0,5.0,3.0,3.0,3.0,3.0,4.0,5.0,1.0,5.0,3.0,3.0,4.0,2.5,5.0,5.0,4.0,4.0,4.0,3.0,3.0,5.0,3.0,3.5,2.0,4.0,3.0,3.0,2.0,3.5,,3.0,5.0,4.0,2.0,4.0,5.0,3.0,4.0,3.0,2.0,4.0,5.0,2.0,3.0,4.0,4.0,5.0,4.0,4.0,,3.0,4.0,4.0,2.0,4.0,3.0,3.0,4.0,4.0,2.0,4.0,4.0,1.0,3.0,3.0,4.0,5.0,4.0,3.0,4.0,,4.0,5.0,4.0,3.0,2.5,2.5,2.0,4.0,2.0,5.0,3.0,4.0,5.0,4.0,3.5,4.0,2.0,1.5,,3.0,3.5,3.0,3.0,2.0,4.0,3.5,3.0,3.0,3.0,4.5,2.0,2.5,3.0,3.0,2.5,3.0,,2.5,2.0,4.0,2.5,,4.5,2.5,3.5,1.5,,,,3.5,,,4.0,,2.0,3.5,4.5,4.0,4.0,,,,
21163,,3.0,4.0,1.0,3.0,,1.0,,,2.5,,,4.0,4.0,,,,,,1.0,1.0,1.0,3.0,5.0,,,,1.0,1.0,,,2.0,,,3.0,1.0,,,4.0,4.0,,3.0,,3.0,,,4.0,,,3.0,1.0,,1.0,4.0,1.0,4.0,1.0,,1.0,5.0,2.0,,,1.0,1.0,3.0,,4.0,,2.0,4.0,4.0,5.0,4.0,4.0,2.0,5.0,5.0,1.0,3.0,3.0,1.0,4.0,3.0,3.0,1.0,,5.0,4.0,5.0,5.0,5.0,4.0,5.0,3.0,5.0,5.0,4.0,5.0,5.0,5.0,3.0,5.0,1.0,4.0,4.0,4.0,5.0,2.0,,4.0,,3.0,4.0,1.0,4.0,3.0,3.0,,3.0,4.0,1.0,2.0,3.0,2.0,3.0,3.0,4.0,1.0,1.0,1.0,3.0,1.0,4.0,4.0,3.0,4.0,4.0,3.0,,2.0,2.5,4.0,4.0,2.0,2.0,,5.0,,,3.0,4.0,4.0,2.0,,2.0,,1.0,4.0,4.0,2.0,3.0,2.0,,3.0,,5.0,2.0,,,1.0,4.0,3.0,,4.0,,2.0,1.0,,5.0,5.0,3.0,3.0,,4.0,4.0,,4.0,,2.5,,1.0,2.0,2.5,3.0,1.0,1.0,,,,5.0,,5.0,2.0,4.0,1.0,3.0,2.0,2.0,,2.5,,1.5,,1.0,4.0,3.5,4.0,1.5,4.0,1.0,,,,5.0,,3.5,,,,3.5,4.0,,2.0,2.0,,3.0,2.5,3.5,4.0,,2.5,4.0,3.5,4.0,2.5,3.0,0.5,1.5,3.5
21391,2.0,4.0,5.0,3.0,3.0,2.0,2.0,,2.0,,,,3.0,3.0,,,2.0,,2.0,2.0,3.0,,4.0,3.0,,,2.0,,2.0,,,3.0,4.0,2.0,2.0,5.0,,,3.0,3.0,3.0,3.0,,5.0,4.0,3.0,4.0,4.0,,2.0,,2.0,2.0,5.0,3.0,3.0,3.0,,2.0,3.0,,,3.0,2.5,1.0,1.0,,4.0,3.0,4.0,,4.0,3.0,,4.0,5.0,4.0,4.0,,3.0,3.0,3.0,3.0,4.0,5.0,3.0,3.0,4.0,5.0,5.0,,4.0,4.0,5.0,4.0,5.0,5.0,3.0,4.0,4.0,4.0,5.0,4.0,3.0,4.0,4.0,3.0,4.0,5.0,,3.0,4.0,3.0,3.0,2.0,5.0,3.0,3.0,3.0,4.0,4.0,,3.0,2.0,3.0,4.0,5.0,4.0,2.0,2.0,4.0,5.0,3.0,2.0,4.0,3.0,5.0,4.0,3.0,2.5,3.0,,4.0,4.0,4.0,4.0,3.0,2.5,3.0,2.0,3.0,4.0,4.0,3.0,,3.0,2.0,4.0,,5.0,4.0,3.0,3.0,,3.0,4.0,1.0,4.0,3.0,4.0,4.0,3.0,4.0,3.0,4.0,4.0,3.0,3.0,1.0,5.0,4.0,3.0,4.0,5.0,4.0,5.0,,3.0,4.0,2.0,4.0,3.0,4.0,3.0,4.0,4.0,3.0,1.0,4.0,3.0,3.0,,4.0,2.0,4.0,3.0,4.0,4.0,3.5,4.0,4.0,4.0,,4.0,3.0,2.0,4.0,5.0,4.0,2.0,4.0,2.0,2.0,,1.5,4.0,4.0,4.0,4.0,,3.5,4.0,3.0,3.0,3.0,4.0,2.5,2.5,4.0,3.0,3.0,3.5,3.0,4.5,4.0,4.0,3.5,4.0,4.5,
21398,4.0,,4.0,,4.0,,,4.0,,,,,4.0,4.0,,,,,,3.0,2.5,,,4.0,,,4.0,,,,,,4.0,4.0,,,,3.0,,4.0,,,4.0,4.0,,,4.5,4.0,3.0,,4.0,,,4.0,4.0,3.5,,3.5,4.0,4.0,4.0,3.0,,,,,4.0,,,4.0,2.0,,4.5,4.0,3.0,4.5,4.0,4.0,4.0,4.0,4.0,,,3.0,3.0,4.0,4.0,5.0,5.0,5.0,3.0,4.0,3.5,4.0,3.0,4.0,4.0,4.0,4.0,4.0,4.0,4.0,4.0,3.0,,4.0,,4.0,5.0,3.0,4.0,4.0,3.0,4.0,4.0,3.0,4.0,,4.0,4.5,4.0,,4.0,3.0,2.0,2.0,,,3.0,4.0,4.0,4.0,2.0,4.0,,3.5,4.0,4.0,4.0,,4.0,2.0,,4.0,4.0,4.0,4.0,4.0,4.0,,4.0,3.0,,,,3.0,,2.0,4.0,4.0,4.0,,,,3.0,4.0,2.0,,4.0,4.0,,4.0,4.0,4.0,4.0,3.0,3.0,4.0,,2.5,,4.0,4.0,4.0,4.0,3.0,2.0,,4.5,,4.0,3.0,3.0,4.0,4.0,3.0,4.5,,4.0,,4.0,,4.0,3.0,4.0,3.0,4.0,3.0,,3.0,3.0,,2.5,4.0,4.0,3.0,3.0,4.0,2.5,4.0,4.0,3.0,3.0,,5.0,,4.5,1.5,4.0,,4.0,3.5,,5.0,4.5,4.0,3.5,3.5,4.0,,5.0,4.5,4.5,,4.0,4.5,4.5,4.5,,4.0
21861,2.5,2.0,4.0,2.5,3.5,,3.0,1.5,,,3.5,0.5,3.5,3.5,1.5,0.5,4.0,,2.0,4.0,4.0,0.5,4.5,5.0,,,,1.0,4.0,0.5,4.5,,4.5,3.5,3.5,4.0,,0.5,4.0,4.0,4.0,3.5,2.5,1.5,,,,5.0,0.5,4.5,5.0,,0.5,4.0,3.5,4.5,4.0,4.0,0.5,4.5,,3.0,,2.0,0.5,3.5,3.0,4.5,3.0,5.0,,3.5,5.0,5.0,5.0,1.0,5.0,4.5,5.0,1.0,4.5,0.5,2.0,1.5,5.0,3.0,1.0,4.0,5.0,5.0,4.5,5.0,5.0,4.0,1.5,5.0,5.0,4.0,,5.0,5.0,3.0,5.0,2.5,4.0,4.5,2.5,5.0,5.0,4.5,5.0,5.0,3.5,4.5,,3.5,3.5,3.5,3.0,5.0,4.0,5.0,5.0,4.5,4.5,4.0,,,3.0,0.5,3.0,2.5,,0.5,2.5,,4.5,3.5,4.5,4.0,4.5,,5.0,4.5,3.5,4.5,4.5,4.5,,3.0,5.0,4.5,2.0,5.0,0.5,5.0,4.5,4.5,5.0,4.0,4.0,3.5,,,,5.0,3.5,4.5,3.5,5.0,4.0,4.5,5.0,4.0,4.5,3.0,3.0,0.5,0.5,5.0,3.5,4.5,3.0,5.0,5.0,5.0,5.0,0.5,4.5,4.5,5.0,4.5,4.0,4.5,3.5,4.0,0.5,,4.5,,4.5,0.5,5.0,0.5,5.0,4.0,5.0,4.0,3.5,3.5,4.5,1.5,5.0,3.0,,5.0,,,4.0,,,,1.5,4.5,,,,,4.5,,4.5,4.5,,5.0,5.0,,,,,,,,,,,,,,,
22901,2.0,5.0,,2.0,4.0,,5.0,,3.0,3.0,4.0,3.0,,3.0,3.0,,,2.0,3.0,3.0,5.0,,4.0,4.0,,,,,4.0,,,,4.5,2.0,,3.0,,3.0,2.0,4.0,3.0,3.0,,4.0,3.0,3.0,,,,3.5,3.0,,,4.0,,4.0,4.5,,,5.0,,,3.0,3.5,2.0,4.0,,3.0,2.0,,4.5,4.0,4.0,4.0,,,5.0,5.0,,4.0,3.0,,4.0,3.0,4.0,,4.0,4.0,4.0,4.0,5.0,5.0,5.0,5.0,4.0,5.0,,4.0,,4.0,4.0,4.0,4.0,4.0,4.0,,4.0,3.0,5.0,3.0,4.0,,4.0,,4.0,4.0,,4.0,4.0,3.5,4.0,,5.0,3.0,4.0,4.0,,4.0,4.0,2.0,3.0,3.0,3.0,4.0,2.0,4.0,5.0,,5.0,3.0,5.0,3.0,5.0,4.0,4.0,3.0,3.5,,2.0,,,,5.0,,,3.0,3.0,4.0,5.0,4.0,,,,2.0,3.0,,5.0,,,4.0,3.0,4.0,4.0,3.0,5.0,3.0,3.0,2.0,,4.0,4.0,4.0,4.0,4.5,4.0,4.0,4.0,,4.0,5.0,3.0,4.0,4.0,4.0,5.0,4.0,3.0,3.0,4.0,,4.0,3.0,5.0,4.0,4.0,3.0,5.0,4.0,3.0,4.0,4.0,2.0,5.0,5.0,5.0,5.0,5.0,5.0,4.0,4.0,4.0,,4.0,5.0,3.5,4.0,4.0,3.0,5.0,3.5,5.0,4.0,,5.0,5.0,4.0,4.5,5.0,5.0,4.5,4.0,3.5,4.5,4.0,5.0,4.0,4.0,4.5,3.0,3.5
23061,,,,,5.0,,0.5,,3.0,,,,4.0,3.5,,,2.0,,3.5,3.5,4.0,,,3.0,2.5,,3.0,3.0,3.0,,3.0,,4.0,4.0,3.0,3.5,,2.0,,3.0,3.0,3.0,3.0,4.0,,3.0,4.0,4.0,,4.0,,,3.0,4.0,,3.0,4.0,,4.0,4.0,,3.0,4.0,3.0,3.0,,3.5,4.0,3.0,4.0,,3.0,3.0,5.0,5.0,4.0,4.0,4.0,3.0,3.0,3.0,3.0,3.0,3.0,5.0,4.0,3.0,4.5,4.0,3.0,4.0,4.0,5.0,5.0,3.0,4.0,4.0,4.0,4.0,5.0,5.0,4.5,4.0,2.0,4.0,5.0,4.0,4.0,4.0,3.0,5.0,4.0,4.0,4.0,4.0,4.0,4.0,3.0,,4.0,,3.5,5.0,,4.5,4.0,5.0,,3.0,3.0,3.5,3.5,,,3.5,3.0,4.0,4.0,,4.0,4.0,,4.0,4.0,3.0,4.0,,4.0,,1.5,4.0,3.0,,3.0,3.0,,4.0,4.0,5.0,5.0,4.0,4.0,3.0,,4.0,3.0,4.0,4.0,4.0,,3.0,3.5,4.0,,2.5,3.0,3.0,3.0,,4.5,3.0,4.0,5.0,4.0,4.0,4.0,3.0,3.5,4.0,,4.0,4.0,4.0,4.0,4.0,3.0,4.0,,4.0,4.0,4.0,4.0,4.0,4.0,4.0,4.0,4.0,4.0,,4.0,4.0,,4.0,4.0,4.0,3.0,4.0,4.0,3.0,3.5,3.0,2.5,3.0,4.0,4.0,,4.0,3.5,4.0,,3.5,3.0,4.0,5.0,3.0,3.5,4.0,4.0,4.0,4.0,4.0,3.5,4.5,,3.0,3.5,4.0,,4.0,4.0
23173,2.0,4.5,3.5,2.5,3.0,1.5,4.5,,2.0,2.5,2.0,2.0,3.5,2.5,2.5,2.5,1.5,1.5,2.0,2.0,3.5,2.0,2.5,5.0,2.5,,,2.0,4.0,1.5,,2.5,2.5,2.5,3.0,4.5,,2.0,,4.0,3.0,2.0,2.0,3.5,2.0,3.0,,,2.0,2.0,4.0,2.0,3.0,4.0,4.5,3.0,5.0,,4.0,5.0,2.0,2.0,3.0,2.0,1.0,4.0,2.0,2.5,2.0,5.0,,5.0,,5.0,,,5.0,,,3.0,3.5,2.0,2.0,3.0,4.0,2.5,,3.0,4.5,,4.5,,,4.5,3.0,5.0,3.5,3.5,5.0,4.0,4.5,,3.0,1.5,,,4.0,4.5,4.0,2.0,,,3.0,,,4.0,4.0,3.0,,3.5,3.0,3.0,5.0,2.0,3.0,3.0,3.0,3.5,3.0,1.5,2.0,3.0,2.0,2.5,3.0,3.0,5.0,,3.0,2.5,4.0,3.0,4.0,3.0,3.0,3.5,2.5,3.5,,2.0,,2.0,3.0,3.5,3.0,3.5,3.0,2.5,,3.0,3.0,3.5,2.5,3.0,2.5,2.0,4.0,4.0,,4.5,2.0,3.0,3.0,3.0,4.5,3.0,2.5,2.5,1.0,4.5,3.0,3.0,4.5,3.5,4.0,4.0,2.5,2.5,3.0,5.0,3.0,3.0,3.5,,4.5,3.0,3.0,2.0,3.0,1.5,3.0,4.0,3.5,2.5,3.0,2.5,4.0,2.5,3.0,3.0,2.5,3.0,4.0,3.5,3.5,5.0,2.0,4.0,2.0,3.0,3.0,1.5,4.0,,3.5,2.0,4.0,2.5,4.0,3.0,3.0,3.0,2.5,5.0,3.5,1.5,2.5,4.0,4.0,3.0,3.0,3.5,3.5,4.5,3.0,3.5,,,,
23180,3.0,5.0,,,,,5.0,3.0,,,,2.5,3.5,3.0,,,,,,2.5,4.0,,3.0,4.0,,,,,3.5,3.0,2.5,,,1.5,,4.0,,2.0,,,,,4.5,3.0,3.0,,,,2.5,,,,,4.0,4.0,4.0,4.0,,,3.5,,2.5,3.5,3.0,,4.0,4.0,3.5,,,,5.0,,4.0,3.5,5.0,5.0,5.0,4.0,,3.5,,,4.0,4.5,3.0,4.0,5.0,5.0,4.5,4.0,5.0,,5.0,4.0,5.0,5.0,5.0,5.0,,4.0,5.0,5.0,3.5,4.0,,5.0,4.0,3.5,3.5,3.5,4.5,4.0,4.0,,,,3.5,2.5,3.5,3.0,,5.0,2.0,,4.0,4.0,,3.0,2.5,2.5,3.5,,3.5,,3.5,4.5,3.5,5.0,2.5,4.0,3.0,3.5,3.0,,3.0,,,3.0,2.5,3.5,4.0,5.0,4.0,2.5,3.5,4.0,3.5,,5.0,,3.5,3.0,2.0,,2.5,3.0,,2.5,4.5,2.0,4.0,4.5,3.5,,4.0,2.0,3.5,2.0,4.5,2.5,4.0,4.0,3.5,4.5,4.5,5.0,,3.5,4.0,3.5,2.0,3.0,4.0,2.5,4.0,3.5,2.0,3.5,,3.5,3.0,4.5,4.0,4.0,3.0,5.0,2.5,5.0,2.5,4.0,4.0,4.0,4.0,4.0,3.5,3.0,4.0,2.0,4.0,4.5,1.5,1.5,3.5,3.5,4.5,,3.0,3.5,,4.5,3.0,1.5,5.0,3.0,2.0,3.5,,3.5,,3.5,5.0,3.5,,5.0,3.5,3.5,3.5,3.5,4.0
23190,4.0,3.0,3.5,4.0,3.0,,4.0,,4.0,,,3.5,3.0,5.0,2.0,,3.0,,3.0,2.5,,,1.0,,3.0,1.0,3.0,,4.0,3.0,,4.0,3.0,1.0,3.0,3.0,2.0,3.0,1.0,2.0,2.0,3.0,,3.0,2.5,,,,,2.5,4.0,,3.0,5.0,4.0,3.0,1.0,,3.0,4.0,4.0,3.0,4.0,4.0,,3.0,,,2.0,,,,,,4.0,3.5,,4.0,,,5.0,,4.0,4.0,4.0,4.0,2.0,2.0,3.0,4.0,4.0,3.5,,4.0,3.0,4.0,5.0,,3.0,3.0,,3.0,4.0,4.0,3.0,4.0,3.5,3.0,4.0,4.0,4.0,3.0,3.0,4.0,2.5,3.5,4.0,,,,,3.0,3.0,2.0,2.0,3.0,3.0,4.0,2.0,5.0,3.0,3.0,4.0,4.0,3.0,4.0,,3.0,5.0,3.0,4.0,3.0,3.0,4.0,2.0,1.0,,3.5,3.0,4.0,,4.0,,3.0,3.0,3.0,3.0,3.0,4.0,4.0,2.0,,4.0,3.0,4.0,2.5,,,3.0,4.0,1.0,3.5,4.0,,,3.0,3.0,2.0,2.0,3.0,,4.0,2.0,4.0,3.0,2.0,3.0,3.0,4.0,4.0,3.5,1.5,4.0,4.0,5.0,4.0,4.0,3.0,3.0,2.0,3.0,3.0,2.0,4.0,5.0,3.0,4.0,2.0,4.0,4.0,4.0,4.0,3.0,3.0,3.0,2.0,4.0,4.0,3.0,3.0,3.0,3.0,,5.0,4.5,2.5,3.5,3.5,3.5,3.0,2.5,3.5,3.5,4.0,4.0,4.0,3.5,3.5,4.0,2.5,4.0,3.0,3.5,,,3.5,,3.0,4.0,3.0
23523,3.0,2.5,2.5,4.0,2.0,2.5,4.5,,,,,,4.0,2.5,,3.0,,3.0,2.0,1.0,,3.0,0.5,3.0,2.5,,5.0,2.0,1.0,3.0,,2.0,3.0,2.0,3.0,3.0,2.5,3.0,,4.0,,4.5,,4.0,,3.0,4.0,4.0,,5.0,,,4.0,3.0,5.0,3.0,5.0,4.5,4.5,5.0,5.0,2.0,3.0,4.0,,3.5,,,3.0,4.0,3.0,4.0,5.0,,,3.0,4.0,1.0,3.0,,3.0,,,1.0,5.0,3.0,5.0,4.0,5.0,2.0,1.0,3.0,3.5,1.5,3.0,2.0,3.0,,5.0,4.0,,,3.0,5.0,,3.5,3.5,4.0,5.0,4.0,5.0,4.0,4.0,5.0,5.0,3.0,5.0,3.5,3.0,3.0,5.0,3.0,5.0,0.5,3.0,2.0,3.0,4.0,,2.0,3.0,1.0,4.0,2.5,3.5,1.0,1.5,5.0,3.0,,5.0,,,3.0,3.0,2.0,3.0,4.0,3.0,3.0,4.0,5.0,5.0,,3.0,0.5,,3.0,,4.5,4.0,3.0,4.0,,,,,2.0,3.0,5.0,4.0,,4.0,,,1.0,5.0,,,4.0,,5.0,4.0,4.0,5.0,2.0,,4.5,4.0,2.0,4.0,3.0,3.0,4.0,3.0,4.0,4.0,,3.0,4.0,4.0,4.0,1.0,,2.0,4.0,4.0,5.0,4.0,4.0,4.0,4.0,,2.0,4.0,2.0,5.0,3.0,3.5,3.0,5.0,,3.0,,5.0,3.0,5.0,3.5,4.0,3.0,4.0,2.0,3.0,4.5,,,3.5,4.5,4.0,,,2.0,2.5,4.5,4.0,3.0,3.5,,,
23599,2.5,,,,,,4.0,,,3.0,,,,,,,,,,,,,,,,,,,2.5,,,3.5,,,,3.0,,3.0,,,,,,4.5,,,,,,3.0,,,,,,,4.5,,,,,,,,,,,,,,,3.5,4.5,,4.0,4.0,,,4.5,,,,,,4.5,,,4.0,4.5,,5.0,,,,,,,,,,,4.5,4.5,,,,4.0,,4.5,4.0,,,,,,4.5,,,,,,,4.5,,,,,3.0,,,,3.0,,,,,4.0,4.0,,,,3.5,,,,4.0,,,,,,,,3.0,2.0,,,,,4.5,,4.5,,,,,,,,,4.0,,4.5,,,,,,,4.5,,,,,3.5,,,,,3.5,5.0,,,4.5,,4.5,3.0,,,,4.0,,,4.5,,,,,,4.0,,,4.5,3.5,4.5,4.0,4.0,,,4.0,3.0,3.0,,3.5,,3.0,3.0,4.0,3.5,4.0,4.0,2.5,3.0,3.5,4.0,4.0,4.0,3.5,4.5,4.0,2.5,5.0,4.0,4.0,3.5,4.0,,5.0,3.5,3.0
24127,4.0,,,3.0,,3.0,3.0,,4.0,,4.0,3.0,4.0,4.0,,4.0,3.0,,3.5,2.0,,3.0,,3.5,,,,2.0,,4.0,4.0,4.0,4.0,4.0,4.0,4.0,3.5,4.0,,4.0,3.0,4.0,,4.0,4.0,4.0,,3.5,4.0,4.0,1.0,,4.0,4.0,4.0,4.0,4.0,3.0,4.0,1.0,4.0,4.0,4.0,4.0,3.0,,3.0,,4.0,,3.5,4.0,,4.0,,4.0,4.0,3.0,4.0,,4.0,3.5,1.0,,4.0,3.5,3.5,,5.0,,4.0,,4.0,2.5,4.0,3.0,3.0,,,,,,4.0,4.0,,4.0,3.5,4.0,4.0,3.5,3.0,,4.0,,3.5,3.5,4.0,3.0,4.0,4.0,4.0,3.0,3.0,3.0,3.0,,,,3.0,4.0,4.0,4.0,5.0,4.0,4.0,3.0,,4.0,4.0,3.0,4.0,4.0,,1.0,3.0,,3.0,4.0,4.0,4.0,4.0,3.0,3.0,4.0,4.0,3.0,,4.0,,5.0,4.0,3.5,4.0,4.0,2.0,4.0,,4.0,4.0,3.5,4.0,,4.0,,,4.0,4.0,2.5,4.0,4.0,,3.5,1.0,4.0,3.0,3.0,,2.0,5.0,1.5,4.0,2.5,3.0,4.0,,4.0,4.0,4.0,4.0,5.0,,4.0,4.0,,2.5,3.5,2.5,3.0,,4.0,4.0,3.0,,5.0,3.0,1.0,4.0,3.0,4.0,4.0,5.0,4.0,3.0,,1.0,1.0,3.0,4.5,3.5,4.5,2.0,4.5,4.0,3.5,3.0,4.0,4.0,,5.0,0.5,4.0,4.0,,,4.0,4.0,,,,
24219,3.5,4.5,5.0,3.5,4.5,3.5,5.0,3.0,3.5,4.0,2.0,3.5,4.0,4.5,4.0,3.5,3.0,1.5,3.5,3.5,3.5,2.5,4.5,4.0,,3.5,,4.5,4.5,3.5,3.5,4.0,3.5,3.5,4.0,3.5,3.5,3.5,3.0,4.0,4.0,4.0,3.0,4.5,3.5,3.0,3.5,4.5,4.0,4.5,4.5,3.5,4.0,5.0,5.0,4.5,5.0,3.5,3.5,5.0,4.5,3.5,4.0,4.0,3.5,5.0,3.0,4.0,4.0,,4.0,3.5,4.0,3.5,4.0,4.5,5.0,5.0,2.5,4.0,4.0,3.5,4.5,4.0,5.0,4.5,4.5,3.5,4.0,4.5,4.5,4.0,5.0,5.0,4.5,5.0,5.0,5.0,5.0,4.5,4.5,4.5,4.5,4.0,4.0,3.5,5.0,5.0,5.0,3.0,3.5,3.5,4.0,4.0,4.5,5.0,3.5,3.5,3.0,2.5,3.0,3.0,4.0,4.0,4.0,4.0,4.0,4.5,4.0,4.0,4.0,4.0,3.5,5.0,4.5,4.5,5.0,4.0,4.5,3.5,4.5,4.0,4.0,5.0,4.0,4.5,3.5,4.5,3.5,3.5,4.0,4.5,4.5,4.0,4.0,4.0,4.5,4.5,4.0,5.0,4.0,3.0,4.5,4.0,4.5,3.5,5.0,3.0,4.0,3.5,4.0,4.5,3.5,3.0,3.5,3.5,3.0,4.0,2.5,4.5,4.0,5.0,5.0,4.0,4.0,5.0,3.5,4.0,4.5,4.5,4.0,4.5,4.0,4.0,4.0,5.0,5.0,3.5,4.0,4.0,4.0,4.0,3.5,4.5,4.0,4.0,5.0,3.5,4.5,4.0,3.5,4.0,5.0,3.0,4.0,5.0,4.0,4.5,3.5,4.0,4.0,3.5,4.0,2.5,3.0,4.0,4.0,3.5,5.0,4.0,5.0,4.0,3.5,4.0,4.0,3.5,3.5,4.0,5.0,4.5,3.5,4.5,4.5,4.5,5.0,4.5,3.5,5.0,4.0,4.5
24661,4.0,3.0,4.5,,3.5,3.0,3.0,,,4.0,,,3.5,,,,,3.5,,,5.0,,3.0,3.0,3.0,3.0,,,4.5,3.0,3.0,,3.0,3.0,3.0,3.0,3.0,,3.0,3.0,3.0,,2.5,1.0,3.0,,,3.5,3.0,,,3.0,3.5,3.0,3.5,4.0,4.0,3.0,3.0,5.0,4.0,,3.0,3.0,3.0,4.5,,3.5,,3.5,3.5,3.5,3.5,4.5,3.0,4.0,4.0,4.0,4.0,3.0,5.0,3.0,,4.0,4.0,3.0,3.0,4.0,4.0,4.0,3.0,4.0,3.0,5.0,5.0,5.0,4.5,4.0,4.0,3.5,4.5,,4.0,4.0,,3.5,5.0,4.0,4.5,,4.0,3.0,4.0,,3.0,2.0,4.0,3.0,4.0,3.5,4.0,3.0,4.0,3.0,3.0,5.0,,,3.5,,3.0,,4.0,,2.5,,4.5,,3.5,3.5,4.0,3.0,4.0,4.5,3.0,,3.5,4.0,,3.0,4.0,3.0,5.0,3.0,3.0,3.5,5.0,4.0,3.5,4.0,3.0,4.5,4.0,3.0,,,5.0,3.0,3.0,3.5,3.0,4.0,,3.5,5.0,,5.0,4.0,,3.5,3.0,3.0,3.5,4.0,3.5,5.0,4.0,,4.5,5.0,,3.0,4.0,4.0,,3.0,,,,,5.0,,4.0,3.0,3.5,3.5,4.5,4.5,3.0,3.5,3.5,4.0,5.0,4.0,4.0,5.0,2.5,3.5,5.0,3.0,,,3.0,5.0,5.0,3.0,4.0,3.0,4.0,,3.0,4.0,3.0,3.5,5.0,4.0,3.0,5.0,4.0,5.0,4.0,4.0,4.0,4.0,,3.5,4.0,4.0,,
24688,3.0,4.0,3.0,,4.0,,5.0,,3.0,4.0,3.0,3.0,4.0,3.0,5.0,3.0,3.0,,3.0,4.0,3.0,3.0,5.0,4.0,,2.0,,4.5,5.0,3.5,2.0,4.0,3.5,4.0,4.0,4.0,2.0,3.0,3.0,2.5,3.5,3.5,4.0,3.0,3.5,,4.0,,3.0,5.0,3.5,,4.0,4.0,4.0,4.0,4.0,,3.0,4.0,3.5,4.0,4.0,2.0,2.0,3.0,2.0,4.0,3.0,,3.0,3.5,,3.5,,2.5,3.0,3.0,,2.0,4.0,3.0,3.0,4.5,4.0,4.0,5.0,5.0,5.0,3.0,3.0,4.0,4.0,3.0,5.0,2.0,3.0,4.0,5.0,,4.0,5.0,5.0,4.0,4.0,,2.0,4.0,5.0,3.0,3.5,4.0,4.5,4.0,3.5,4.0,4.0,3.0,2.0,5.0,2.0,,4.0,4.0,4.0,3.0,4.0,2.0,4.5,1.0,3.0,4.0,3.0,4.0,4.0,4.0,4.0,3.0,4.0,3.0,3.0,3.0,2.0,3.0,,4.5,5.0,3.5,2.5,4.0,4.0,5.0,2.0,4.0,2.0,4.0,4.0,4.0,4.0,4.0,4.0,4.0,3.0,4.0,3.0,4.0,1.0,3.5,4.0,4.0,3.0,4.0,4.0,2.5,1.0,4.0,4.0,3.0,3.0,5.0,4.0,4.5,5.0,4.0,4.0,5.0,3.0,,4.0,5.0,4.0,4.0,4.0,4.0,4.0,4.0,3.0,2.0,4.0,3.0,3.0,5.0,3.0,4.0,3.0,3.5,4.5,1.0,1.0,4.0,4.0,2.5,4.0,3.0,3.0,3.0,3.0,2.0,4.0,4.0,3.0,2.0,3.0,3.0,3.5,1.0,4.0,4.0,3.0,3.5,4.0,4.0,2.5,3.0,4.5,4.0,3.5,4.0,5.0,4.5,4.0,4.0,4.0,4.0,3.5,3.5,3.5,4.0,3.5,3.0
24830,3.5,5.0,5.0,3.0,3.0,3.0,5.0,,4.0,2.0,3.0,3.0,5.0,5.0,5.0,2.0,3.5,,4.0,4.0,2.0,4.0,2.0,,3.0,,,4.0,5.0,4.0,4.0,4.5,4.0,3.0,4.0,5.0,2.0,4.0,2.0,4.0,3.0,4.0,,5.0,,4.0,4.0,4.5,2.0,4.0,5.0,2.5,4.5,5.0,5.0,5.0,5.0,,5.0,5.0,4.0,3.0,5.0,4.0,4.0,4.0,3.5,4.0,4.0,,,3.0,3.0,3.5,,0.5,2.0,3.5,4.0,2.5,,4.0,3.5,3.5,5.0,5.0,4.5,4.0,5.0,5.0,3.5,4.0,4.0,4.0,4.0,5.0,5.0,5.0,4.5,2.0,,4.0,4.0,5.0,4.0,4.0,5.0,5.0,4.5,5.0,2.0,4.0,5.0,4.0,4.0,4.0,4.0,4.0,5.0,5.0,5.0,5.0,5.0,3.0,4.0,3.0,5.0,4.0,4.0,2.0,4.0,4.5,4.0,4.0,4.5,4.0,5.0,4.5,3.0,3.0,5.0,4.0,4.0,5.0,4.0,4.0,3.0,4.5,4.0,4.0,4.0,5.0,4.0,5.0,4.5,3.0,3.0,2.5,,5.0,4.0,4.0,5.0,3.0,4.5,,4.0,3.0,4.0,4.0,4.0,,5.0,4.0,4.0,5.0,4.0,3.0,2.0,5.0,4.0,4.0,4.0,3.5,4.5,2.0,,4.0,4.0,3.0,4.0,4.0,4.5,5.0,4.0,5.0,4.0,3.0,4.0,4.5,,3.0,3.5,5.0,4.0,5.0,4.0,2.0,4.0,5.0,3.0,4.5,1.5,3.5,3.5,4.0,3.0,5.0,4.0,4.0,3.5,3.0,4.0,,5.0,4.0,4.0,3.0,5.0,3.0,4.0,4.5,3.5,5.0,3.0,5.0,4.5,4.0,4.5,3.0,4.0,,,,,,,,,
25101,2.0,5.0,4.0,2.5,5.0,,5.0,1.0,0.5,4.0,3.0,2.5,4.5,,1.0,,,,1.5,1.0,4.5,3.0,2.0,5.0,,,,,3.0,3.0,3.5,3.5,4.5,2.0,,3.0,,,0.5,3.5,0.5,4.0,,5.0,1.0,3.0,,3.0,,,2.0,1.5,2.5,5.0,5.0,3.5,5.0,5.0,1.5,5.0,4.5,2.0,3.0,3.5,,3.0,1.0,,4.0,4.5,4.5,5.0,5.0,5.0,5.0,4.0,5.0,5.0,4.5,,5.0,0.5,4.5,5.0,5.0,2.0,5.0,3.0,5.0,3.5,5.0,5.0,5.0,4.0,3.5,5.0,5.0,5.0,5.0,5.0,5.0,,5.0,,,5.0,5.0,4.5,5.0,0.5,5.0,5.0,4.0,4.5,,,3.0,,,,,1.0,5.0,4.0,5.0,5.0,4.5,4.0,3.5,3.0,2.5,2.5,4.0,4.5,1.5,5.0,5.0,5.0,5.0,,4.5,1.0,5.0,4.5,,5.0,3.5,4.0,,0.5,5.0,4.5,5.0,3.5,,4.5,2.5,5.0,5.0,4.5,,5.0,,2.5,4.0,1.5,5.0,3.5,,5.0,0.5,5.0,5.0,3.0,5.0,2.0,1.0,2.5,0.5,5.0,3.5,3.5,4.5,2.5,3.5,4.5,,4.5,4.5,4.5,,3.5,3.5,5.0,4.0,4.0,4.5,1.0,4.5,2.5,4.0,5.0,3.5,2.0,5.0,5.0,5.0,3.5,2.0,4.0,5.0,4.5,5.0,4.5,3.5,5.0,4.5,5.0,1.5,4.0,5.0,,5.0,4.0,4.5,3.5,5.0,1.5,4.0,2.0,4.0,3.0,1.0,3.5,4.5,3.5,4.0,3.5,5.0,4.0,3.5,3.5,4.0,4.5,5.0,4.0,3.5,2.5,,
25411,4.0,3.5,3.5,3.0,3.0,,5.0,,2.5,3.0,3.5,3.5,3.5,2.0,4.5,1.5,1.5,3.0,2.5,3.0,,,3.5,,,2.5,,2.5,3.5,2.5,,4.0,2.5,2.5,4.5,3.5,2.0,3.5,2.5,2.5,3.5,3.0,3.5,3.0,1.5,3.0,,,2.5,3.5,3.5,2.5,3.5,4.5,2.5,4.0,3.5,4.0,3.0,4.5,3.5,3.0,4.0,2.5,1.0,4.5,,,2.5,,,4.0,3.5,,4.0,2.5,,4.0,3.5,,,2.5,3.0,3.0,4.0,3.0,3.5,5.0,4.5,5.0,3.5,,,4.0,4.0,3.0,3.5,4.0,4.0,,,4.0,4.5,3.5,4.0,4.0,4.0,3.0,4.0,3.5,,4.0,5.0,,3.5,,3.0,,,,2.5,3.0,3.5,3.0,3.0,3.0,2.5,,5.0,2.5,3.0,4.0,2.5,4.0,3.5,4.0,3.5,3.0,4.5,2.5,3.0,4.0,4.0,4.5,3.5,4.0,3.5,3.5,1.0,3.0,4.0,4.5,3.0,4.0,3.0,4.5,3.5,3.5,,4.0,3.0,4.0,2.0,3.5,4.0,3.5,4.0,4.0,3.0,2.5,3.5,2.0,3.5,3.0,3.5,2.0,2.0,5.0,3.5,4.0,4.0,3.0,5.0,4.0,3.5,4.5,,2.5,4.0,3.5,4.0,4.0,4.0,3.0,3.5,4.0,3.0,3.5,4.0,2.5,4.0,4.5,3.5,5.0,5.0,4.5,5.0,3.5,3.5,4.5,2.5,5.0,4.5,2.0,5.0,3.5,2.5,3.5,3.5,4.5,4.5,2.0,3.5,5.0,4.0,3.5,5.0,2.5,4.0,4.5,4.5,5.0,2.0,1.5,4.5,5.0,3.5,4.5,5.0,4.5,,5.0,5.0,3.5,5.0,4.5,,3.5,,4.0
25978,3.0,3.5,,,,,5.0,2.5,3.0,3.0,3.5,,3.5,,4.0,4.0,2.5,3.5,3.5,3.0,4.0,,3.5,4.0,,3.0,3.0,4.0,4.0,3.0,3.5,3.5,3.5,3.5,3.5,3.0,3.0,,3.0,4.0,4.0,,3.5,5.0,4.0,,,3.5,3.0,4.0,4.0,3.0,3.0,5.0,3.5,4.0,4.5,4.0,3.0,3.5,,3.5,3.5,2.5,3.0,3.5,3.0,3.5,,4.5,,3.5,4.5,,4.5,4.0,4.0,5.0,4.5,3.0,4.5,3.5,4.0,,2.5,3.5,4.0,4.0,5.0,5.0,5.0,4.0,4.0,5.0,4.0,4.5,4.5,5.0,3.5,2.5,4.0,4.0,4.5,4.0,4.0,4.0,4.5,5.0,4.5,4.5,5.0,5.0,4.5,3.5,3.0,5.0,3.5,4.0,4.0,4.0,3.5,2.5,4.5,4.0,4.0,4.5,4.0,3.5,3.0,3.0,4.0,4.0,3.0,4.0,4.5,5.0,3.0,,4.0,4.0,3.0,3.0,4.0,4.0,4.5,5.0,2.5,4.5,4.0,3.0,4.0,4.0,4.0,4.5,3.5,4.0,4.5,4.0,5.0,,4.0,,,4.0,3.5,3.0,4.5,4.0,3.5,4.0,4.0,4.5,4.0,3.0,3.5,3.5,2.5,3.0,2.5,4.5,5.0,3.0,4.5,4.0,4.0,4.5,3.5,3.0,,3.0,5.0,4.0,4.0,4.0,3.5,4.5,4.5,,3.5,3.5,4.0,4.0,5.0,4.5,4.5,4.5,3.5,4.0,3.0,3.5,4.5,3.0,2.5,4.0,4.0,5.0,3.5,,2.5,4.5,4.5,3.0,3.5,3.5,4.5,,4.0,3.5,4.0,4.0,4.0,4.0,3.5,4.0,4.0,3.0,4.0,3.0,4.0,4.0,4.5,4.0,3.5,4.0,4.5,4.5,,,3.0,4.0
26193,,4.5,4.0,,3.5,,4.5,,2.0,3.5,2.0,2.5,4.0,4.0,3.0,2.5,,,2.5,2.5,4.0,3.0,4.0,3.5,2.5,,,3.5,2.0,3.0,,3.5,5.0,3.0,3.5,3.5,2.5,,,4.0,,4.0,2.5,4.0,,,5.0,4.5,3.0,4.0,4.0,2.5,3.5,4.5,4.0,3.5,5.0,4.0,3.5,4.5,3.5,,2.5,2.5,2.0,4.0,,3.5,3.0,5.0,,4.0,4.5,4.5,4.0,3.0,4.5,3.0,4.0,4.0,4.0,3.0,3.5,3.0,4.0,3.5,,4.5,5.0,4.0,,4.5,4.5,4.0,3.5,4.0,4.5,3.5,5.0,4.5,5.0,4.0,4.0,4.5,,4.5,4.0,5.0,5.0,3.5,4.0,4.0,4.0,3.0,4.5,4.0,4.0,,3.5,4.0,3.0,3.0,4.5,2.5,4.5,4.0,4.0,4.0,3.5,2.5,2.0,4.0,3.0,4.0,3.0,4.0,4.0,4.5,4.0,,4.0,,3.5,5.0,4.0,,3.5,4.0,,2.0,4.5,4.0,4.0,4.5,3.5,4.0,4.0,3.5,,4.5,3.5,4.0,4.0,3.5,,3.5,4.5,4.0,3.5,3.0,3.0,3.5,3.5,3.5,4.5,2.0,1.5,2.5,1.5,4.0,3.5,3.5,4.0,4.0,3.0,4.0,,3.0,2.5,3.5,3.5,3.5,,4.0,3.5,3.5,4.0,,4.0,,4.0,3.5,4.0,3.5,5.0,3.5,4.0,4.0,3.5,4.5,1.5,4.0,3.5,2.0,4.0,3.5,3.5,4.5,2.0,4.0,4.0,1.5,3.5,,3.5,3.0,4.0,2.0,4.5,3.5,4.0,3.5,2.0,4.0,4.0,2.5,3.5,3.5,4.5,3.5,3.0,3.0,3.5,4.0,4.0,4.0,4.0,4.0,3.5,4.0
26867,,3.5,3.0,,,,3.0,,,,,,,,,,,,,,1.0,,,3.5,,,2.5,,1.5,2.0,,,2.0,,,3.0,,,,,,,1.5,2.0,1.0,,3.5,,,,3.0,,,4.0,2.5,1.5,2.0,5.0,,2.0,,,,,,3.0,,,,5.0,4.0,5.0,5.0,5.0,5.0,5.0,5.0,5.0,4.0,4.5,4.5,,3.5,2.0,4.0,1.5,,5.0,2.0,2.0,3.5,4.0,2.0,3.5,1.5,2.5,5.0,1.5,2.5,5.0,5.0,4.0,3.0,,,4.5,2.0,3.0,2.0,,4.5,4.0,2.0,3.0,,4.0,2.5,2.0,,3.0,3.0,3.0,5.0,,,1.5,,3.5,1.5,1.5,3.0,2.0,3.0,2.0,,2.5,4.5,2.5,,,,3.5,3.5,2.0,,,2.0,2.5,,,3.0,2.5,5.0,2.0,,2.5,,,5.0,3.0,3.0,2.0,,,3.0,2.5,2.0,,,4.5,,3.0,4.0,,4.5,,2.0,2.0,,2.0,,2.5,5.0,3.0,4.0,4.0,3.0,1.5,,2.0,,,2.0,4.0,2.5,3.0,2.0,,,,2.0,2.0,3.5,,3.0,,5.0,2.0,2.0,3.0,2.5,4.0,1.5,2.5,2.5,2.0,2.5,,1.5,3.5,4.0,,2.0,2.5,2.0,3.0,3.5,,3.5,,,3.0,,3.0,2.0,,3.0,2.0,3.5,2.5,3.0,2.5,2.5,4.0,3.0,2.0,,,2.0,2.5
27053,,4.0,4.0,3.0,2.5,2.0,4.0,,2.5,2.5,,2.5,4.0,3.0,3.0,2.0,,1.5,2.0,2.0,3.0,3.0,3.5,3.0,,,,3.5,3.0,3.0,2.0,3.0,3.0,,2.0,3.5,1.5,3.0,3.0,2.5,2.5,3.0,,4.0,2.0,2.5,,4.0,2.0,4.5,3.0,1.5,3.0,4.0,4.0,3.0,5.0,3.0,2.0,3.5,3.0,2.5,3.0,2.5,,3.0,,3.0,2.5,,,3.0,4.0,,,,3.5,3.0,2.0,4.0,3.5,2.0,4.0,3.5,3.5,3.0,4.0,3.5,5.0,2.0,3.5,3.0,3.5,3.0,3.0,5.0,5.0,4.0,5.0,4.5,3.0,4.5,4.5,4.0,,4.0,4.0,2.5,4.0,2.5,3.5,,3.5,3.5,4.0,4.0,2.0,4.0,,4.0,3.5,1.5,5.0,2.0,3.0,4.0,4.0,4.0,3.0,2.0,2.5,2.5,2.5,3.5,2.0,4.0,4.0,3.0,4.0,2.0,4.5,,3.5,5.0,,3.5,2.0,3.0,3.0,2.0,4.0,4.5,4.0,3.5,3.0,2.5,3.0,4.0,3.0,4.5,2.5,4.0,3.5,2.0,3.0,,2.0,3.0,3.0,3.5,3.0,4.0,4.0,,3.5,2.5,2.5,2.0,1.5,4.0,,3.0,4.0,3.0,4.0,4.0,,3.0,3.5,4.0,3.5,2.0,2.0,4.5,4.0,4.0,4.0,,2.5,2.5,4.0,3.0,4.0,4.0,2.5,4.0,3.5,2.5,4.0,2.0,4.0,4.0,3.0,3.0,4.0,2.5,4.0,3.0,2.0,4.0,4.5,1.5,2.0,2.5,4.0,4.0,4.0,3.0,2.5,3.0,4.0,3.0,2.0,3.0,4.0,,4.0,3.0,,4.0,2.5,3.0,4.0,4.5,4.0,3.5,4.0,4.5,4.0,4.0
27054,2.0,5.0,3.0,3.0,3.0,3.0,5.0,,4.0,3.0,4.0,4.0,4.0,4.0,2.0,3.0,,3.0,3.0,1.0,2.0,1.0,4.0,4.0,3.0,2.0,,4.0,,4.0,2.0,5.0,4.0,3.0,4.0,5.0,1.0,4.0,1.0,4.0,3.0,4.0,2.0,5.0,3.0,4.0,,3.0,2.0,4.0,3.0,3.0,4.0,5.0,4.0,3.0,5.0,,3.0,5.0,4.0,3.0,4.0,4.0,1.0,2.0,,2.0,4.0,,,3.0,5.0,4.0,4.0,,4.0,,,5.0,,3.0,2.0,,3.0,3.0,4.0,4.0,5.0,4.0,,5.0,,3.0,4.0,4.0,5.0,5.0,5.0,3.0,5.0,5.0,3.0,5.0,4.0,,4.0,2.0,5.0,3.0,4.0,3.0,5.0,4.0,4.0,4.0,5.0,3.0,,2.0,3.0,3.0,5.0,3.0,5.0,5.0,3.0,3.0,4.0,4.0,4.0,1.0,4.0,4.0,3.0,4.0,4.0,4.0,5.0,1.0,5.0,3.0,3.0,4.0,5.0,5.0,3.0,5.0,2.0,2.0,4.0,5.0,4.0,5.0,4.0,4.0,1.0,4.0,,5.0,4.0,5.0,5.0,3.0,3.0,3.0,4.0,4.0,4.0,3.0,3.0,4.0,,,4.0,4.0,3.0,4.0,1.0,3.0,3.0,4.0,5.0,4.0,4.0,3.0,,4.0,4.0,4.0,3.0,2.0,4.0,3.0,5.0,4.0,4.0,1.0,5.0,4.0,5.0,3.0,4.0,4.0,2.0,4.0,4.0,4.0,3.0,5.0,3.0,3.0,,4.0,4.0,4.0,3.0,4.0,2.0,5.0,4.0,1.0,5.0,,,,,,,,,,,,,,,,,,,,,,,,,,,
27278,3.0,,,,,3.0,5.0,3.0,3.0,3.0,3.5,,5.0,3.0,2.0,2.0,,3.0,,1.0,4.0,,,4.0,3.0,4.0,3.0,4.0,,2.0,4.0,3.0,5.0,3.0,3.0,2.0,2.0,2.0,3.0,5.0,,3.0,2.0,4.0,,3.0,3.0,4.0,,,,,3.0,4.0,3.0,3.0,5.0,3.0,3.0,5.0,,,3.0,3.0,,4.0,,,4.0,5.0,,3.0,4.0,4.0,4.0,3.0,4.0,4.0,5.0,,4.0,,,5.0,4.0,2.0,2.0,4.0,5.0,3.0,3.0,5.0,3.0,4.0,3.0,4.0,3.0,3.5,5.0,5.0,4.0,4.0,4.0,4.0,5.0,4.0,,5.0,5.0,4.0,4.0,5.0,5.0,4.5,4.0,4.0,5.0,,3.0,4.0,5.0,3.0,3.0,4.0,3.0,3.0,1.0,3.0,4.0,2.0,2.0,5.0,4.0,,3.0,5.0,4.0,4.0,5.0,,4.0,2.0,,,4.0,5.0,3.0,3.0,3.0,2.0,,3.5,3.0,4.0,3.0,3.0,2.0,3.0,4.0,4.0,3.0,4.0,3.0,4.0,4.0,4.0,4.0,3.0,4.0,2.0,4.0,4.0,4.0,3.0,4.0,3.0,2.0,,,4.0,,3.0,5.0,3.0,3.0,4.0,5.0,,4.0,3.0,4.0,3.0,3.0,4.0,4.0,,3.0,,4.5,3.0,,3.0,5.0,3.0,4.0,3.0,5.0,4.0,,3.0,3.0,4.5,,4.0,,,4.0,3.0,,3.5,3.0,2.0,3.0,4.0,4.5,3.5,5.0,,4.0,3.5,3.0,3.5,,4.5,3.5,3.0,3.0,3.0,4.5,3.5,,,,,,,,,,
27469,2.5,4.5,4.0,2.5,2.0,1.0,4.5,,3.0,4.0,3.5,,3.5,3.5,3.5,,1.5,1.5,1.5,2.0,3.5,2.5,3.5,4.5,2.5,,,,4.0,2.5,2.0,4.0,3.0,1.5,3.0,4.0,1.0,2.5,2.0,2.0,2.5,2.5,2.5,3.5,2.0,,,4.0,1.0,4.0,4.5,3.5,,4.0,4.0,3.5,4.0,,3.5,4.5,4.0,2.5,2.0,2.5,0.5,4.0,,4.0,3.0,,,,,,,,5.0,3.5,,4.5,4.0,,2.5,3.0,3.5,2.5,4.0,4.5,4.0,4.0,3.0,4.0,,4.0,3.5,4.5,4.0,4.0,,3.0,3.0,2.5,3.5,3.0,4.0,,4.0,4.0,4.0,3.0,4.5,,4.0,4.5,,3.5,4.0,2.5,,3.0,3.5,3.5,4.0,3.0,3.5,5.0,4.0,3.5,3.5,3.0,3.0,3.0,3.0,3.5,4.0,3.0,3.5,4.0,3.0,3.0,4.0,,4.0,4.5,4.0,4.0,2.0,3.0,3.0,3.0,3.0,4.0,4.5,3.0,3.5,3.0,3.0,2.5,3.0,4.5,3.0,4.0,4.0,2.0,4.0,3.0,4.5,3.5,3.0,4.0,3.0,4.5,3.0,3.0,4.5,1.5,2.0,3.0,2.5,3.0,3.0,3.0,3.5,3.0,2.0,4.5,,3.0,3.0,4.0,3.5,2.5,3.0,3.0,3.5,3.0,4.0,2.0,3.5,3.0,3.0,4.0,3.0,3.5,4.0,3.5,4.0,3.0,3.5,4.0,2.0,3.0,4.5,3.0,4.0,4.5,2.5,4.0,2.5,4.0,4.5,2.0,4.5,,4.0,3.5,3.0,4.0,4.0,3.0,3.0,2.0,3.5,4.0,4.5,2.5,3.0,3.5,4.0,4.0,3.0,4.0,3.5,4.0,4.0,4.0,4.0,4.5,4.0,4.0
27482,,4.0,2.5,,4.0,,5.0,,,,,,3.5,3.0,,,,,,,3.5,,,2.0,,,4.5,3.0,,,,,5.0,4.0,,4.0,,2.0,,,,2.0,,3.0,,3.5,1.5,4.0,,,4.0,,3.5,4.0,5.0,,5.0,,3.5,5.0,,,,3.0,,2.0,,3.0,3.0,3.5,4.0,3.5,5.0,5.0,3.0,3.0,4.0,,3.0,4.5,4.0,4.0,,4.0,4.0,3.5,4.0,3.5,5.0,,,4.5,4.0,3.0,2.0,2.0,4.0,3.5,4.5,4.0,3.0,4.5,4.0,3.5,4.5,4.0,3.5,0.5,4.5,,,,3.0,4.0,3.5,3.5,5.0,,,,,4.5,4.0,,3.5,4.0,3.5,3.5,3.0,,,4.0,,,1.5,3.5,3.0,4.5,1.0,,4.0,,4.0,2.0,,,4.5,4.0,,,3.5,4.5,,4.0,3.5,3.0,1.0,3.5,4.5,4.5,4.5,4.5,3.0,,,4.0,2.0,3.0,3.5,,3.5,4.0,3.5,,2.0,2.0,3.0,3.0,,3.5,,4.5,4.5,4.5,3.5,3.0,4.0,5.0,4.5,2.0,,,5.0,3.5,4.5,2.5,3.0,,3.0,3.5,4.5,3.0,4.5,3.5,4.0,4.0,4.5,3.5,4.0,4.0,3.5,3.0,2.0,3.0,3.0,2.5,4.5,3.0,,4.0,5.0,,,2.5,4.5,,4.0,2.0,5.0,3.5,,4.0,3.5,4.5,4.0,4.5,4.0,4.5,4.5,4.0,3.5,4.0,3.5,4.5,2.0,4.0,4.0,4.0,4.5,2.5
28195,3.5,2.0,,,,,2.0,,,,3.0,,3.5,,,,3.0,,1.5,,2.5,,,3.5,,,,2.0,2.5,,3.0,2.0,2.0,2.5,,3.0,,,3.5,,,,,2.0,,,,4.0,,,3.5,,2.5,3.0,2.5,4.0,2.5,4.5,,5.0,,4.0,,2.0,,4.5,1.0,,,,3.5,4.5,,,,,,5.0,4.0,,5.0,,,2.0,3.0,2.0,3.5,4.5,5.0,5.0,3.5,4.0,4.5,5.0,4.0,4.5,3.0,4.0,4.5,4.0,2.5,5.0,5.0,2.0,3.0,,5.0,2.5,2.5,3.5,2.5,5.0,4.0,4.5,,,,2.5,4.5,4.0,4.0,3.0,4.5,4.0,,4.0,3.0,2.0,4.0,2.0,,4.0,,,,1.0,,,2.0,4.5,3.5,2.5,4.0,4.0,,3.0,,2.5,,,4.0,3.0,5.0,4.0,3.0,3.0,4.0,2.0,5.0,2.0,2.0,4.5,,,,3.0,,3.0,3.0,4.0,2.5,,4.5,,,,1.0,2.5,,3.0,,,3.5,3.0,4.0,4.0,4.5,,4.0,2.5,4.0,2.5,4.0,4.0,3.0,4.0,1.5,,4.5,,,1.5,4.0,,3.0,,3.0,,3.0,5.0,2.0,4.0,3.5,2.5,2.0,,,1.5,0.5,,,1.5,,4.5,4.0,,,1.0,4.0,,4.0,4.0,,1.5,4.0,5.0,,,5.0,,2.5,4.0,,,,3.0,3.0,2.5,2.5,1.0
28398,,3.0,3.0,1.5,3.0,,5.0,0.5,1.0,,2.0,2.5,1.5,,2.0,0.5,1.0,,2.0,2.0,,,4.5,5.0,,,,,4.5,2.5,,1.0,2.0,2.5,2.0,3.5,,3.0,1.0,2.0,1.5,,1.0,4.0,3.0,3.5,,,0.5,,4.0,,0.5,4.0,3.0,2.0,4.5,,0.5,5.0,1.0,,4.0,0.5,0.5,3.0,0.5,4.0,,0.5,,5.0,5.0,4.5,,,,5.0,0.5,3.0,,0.5,2.0,2.0,3.5,1.0,3.5,5.0,4.5,2.0,5.0,,,2.0,4.0,4.0,,5.0,5.0,3.0,,,5.0,4.0,3.5,,5.0,4.5,4.5,4.5,,,3.5,,,,,1.0,4.0,2.5,2.0,,4.5,1.5,0.5,4.5,2.0,,4.0,2.0,4.0,2.5,0.5,2.0,2.0,4.5,3.0,1.5,4.0,3.5,,1.0,4.5,5.0,,4.0,0.5,2.0,,3.5,3.0,3.5,4.0,4.5,4.0,4.5,,4.5,,5.0,,2.0,1.0,3.0,2.5,2.5,,1.0,1.0,5.0,2.0,4.0,4.5,0.5,,4.0,2.0,4.0,,4.0,3.5,1.5,5.0,4.0,5.0,4.0,,1.5,4.0,4.5,5.0,1.0,1.0,2.0,2.0,5.0,2.5,1.5,,2.5,,4.0,1.0,4.0,4.5,4.0,4.5,,5.0,4.0,4.5,3.5,4.5,2.5,2.5,2.0,1.5,4.5,2.0,3.0,2.5,0.5,3.5,,4.5,3.5,2.5,2.0,3.0,4.0,3.0,1.5,3.0,4.0,5.0,2.5,4.5,,4.5,3.5,4.0,,,,,3.5,,,,
29037,2.0,3.5,,3.5,4.5,2.5,5.0,3.0,3.5,3.5,,,4.5,4.0,4.0,,,1.0,1.0,,4.0,,4.0,5.0,,,,4.0,2.0,3.5,3.5,,1.5,4.0,,4.0,,0.5,1.5,3.5,,,,3.5,,4.0,,,3.5,4.0,5.0,3.5,2.5,4.5,3.5,4.0,5.0,4.0,0.5,5.0,4.0,3.5,4.5,3.0,0.5,5.0,2.5,,3.0,3.5,,,5.0,5.0,,,5.0,,4.0,4.5,3.5,,,4.5,4.0,,3.5,4.5,4.5,5.0,5.0,,,4.5,4.0,4.5,5.0,,4.5,5.0,5.0,,4.5,,4.0,,4.5,4.0,4.5,,4.5,4.0,3.5,,4.0,4.5,3.0,4.0,3.5,4.0,4.0,2.0,5.0,3.5,3.0,4.5,,,4.0,3.0,3.0,3.0,3.5,3.5,3.5,4.0,4.5,,4.0,1.0,4.5,,5.0,4.5,4.5,,4.0,3.5,3.0,2.0,4.0,4.0,4.0,4.5,3.5,4.0,4.0,,5.0,4.0,3.5,4.5,,3.0,3.5,3.0,4.5,3.5,,4.0,,4.0,4.0,3.0,4.0,3.5,2.5,3.0,0.5,4.0,3.0,4.5,3.5,,3.5,4.5,,,3.5,4.0,4.0,4.0,1.5,4.0,4.0,4.0,3.5,2.0,3.5,3.5,4.5,2.5,3.5,4.0,4.5,,4.5,4.0,3.5,4.5,2.0,3.0,4.5,2.0,4.5,5.0,3.5,4.0,3.0,4.0,3.5,,3.5,,4.5,3.0,4.0,3.5,4.5,4.0,4.0,4.0,2.5,5.0,5.0,3.5,4.0,3.5,4.5,4.5,,4.5,,,,,,,,
29069,3.0,4.0,,4.0,,,,,3.0,3.0,4.0,,4.0,4.0,3.0,4.0,2.0,,3.0,3.0,3.0,4.0,,4.0,4.0,,,3.0,3.0,4.0,4.0,4.0,4.0,4.0,4.0,4.0,,4.0,3.0,5.0,2.0,4.0,3.0,4.0,2.0,4.0,,4.0,4.0,4.0,,3.0,4.0,4.0,4.0,4.0,4.0,4.0,4.0,4.0,,4.0,4.0,4.0,,,4.0,2.0,4.0,5.0,4.0,4.0,5.0,4.0,5.0,4.0,5.0,5.0,5.0,4.0,5.0,4.0,4.0,4.0,4.0,4.0,3.0,5.0,5.0,5.0,4.0,4.0,5.0,4.0,4.0,5.0,5.0,4.0,5.0,4.0,4.0,4.0,5.0,4.0,4.0,5.0,4.0,5.0,4.0,3.0,5.0,4.0,4.0,4.0,5.0,5.0,4.0,3.0,4.0,4.0,5.0,4.0,5.0,2.0,4.0,4.0,4.0,,4.0,3.0,3.0,4.0,4.0,,,,,4.0,3.0,3.0,4.0,3.0,,3.0,,4.0,4.0,4.0,3.0,3.0,4.0,4.0,4.0,4.0,4.0,3.0,3.0,4.0,5.0,4.0,5.0,4.0,4.0,4.0,3.0,4.0,4.0,4.0,5.0,4.0,4.0,4.0,4.0,3.0,4.0,3.0,4.0,3.0,,3.0,,5.0,5.0,4.0,4.0,5.0,4.0,4.0,4.0,4.0,3.0,4.0,4.0,4.0,4.0,4.0,4.0,,4.0,3.0,3.0,3.0,5.0,4.0,4.0,4.0,4.0,,4.0,4.0,3.0,3.5,,4.0,4.0,3.0,4.0,4.0,4.0,4.0,4.0,2.0,4.0,4.0,4.0,4.0,3.5,4.0,5.0,,,,,,,,,,,,,,,,,,,,,
29499,3.0,,5.0,,4.0,,5.0,,,3.0,,,3.0,4.0,,,,,3.0,,4.0,,,5.0,,3.0,4.0,4.0,,5.0,,,4.0,2.0,,4.0,,,,4.0,4.0,,,4.5,,,5.0,4.0,,,4.0,,5.0,4.0,3.0,4.0,4.0,4.0,,5.0,,4.0,,,,4.5,,,4.0,5.0,4.0,4.0,5.0,3.0,3.0,5.0,3.0,5.0,1.0,4.0,4.0,,5.0,4.0,4.0,,5.0,5.0,5.0,5.0,3.0,5.0,5.0,5.0,5.0,5.0,4.5,5.0,1.0,5.0,5.0,5.0,5.0,5.0,3.0,5.0,5.0,,4.0,4.5,0.5,4.0,5.0,5.0,5.0,5.0,5.0,3.0,4.0,5.0,4.0,,5.0,,4.0,5.0,,4.0,,,,4.0,3.0,3.5,3.0,3.0,4.0,4.0,4.0,3.0,4.0,2.0,3.0,3.0,4.0,3.0,,4.0,3.0,,2.0,4.0,5.0,5.0,5.0,4.0,1.0,4.0,4.0,4.0,4.0,5.0,4.0,1.0,4.0,3.0,2.5,4.5,4.0,4.0,4.0,,4.0,4.0,,2.5,3.0,,,4.0,,3.0,4.0,4.5,5.0,3.0,4.0,5.0,4.0,4.0,,1.0,3.0,5.0,4.0,4.0,3.0,4.0,5.0,,1.0,4.0,1.0,,3.0,4.0,4.0,,3.0,3.0,5.0,4.5,4.0,3.0,4.0,4.0,4.0,4.0,3.0,3.0,4.0,,,4.0,4.0,3.0,,3.5,4.5,,,3.0,,5.0,3.5,,,,4.5,,,,,4.0,,,,,,
29575,2.0,3.5,3.5,2.0,3.0,2.5,3.5,2.0,3.0,3.0,3.0,2.5,3.5,3.0,2.5,2.5,2.0,2.0,2.0,2.0,3.5,2.0,3.5,3.0,2.5,2.0,3.0,3.0,2.5,3.0,2.0,3.5,3.0,3.0,3.0,3.0,2.0,2.0,2.0,3.0,1.5,3.0,2.5,3.0,2.5,2.5,3.0,2.5,2.5,3.0,2.5,2.0,2.5,2.5,3.5,3.0,3.0,3.0,3.0,4.0,2.5,2.0,3.0,2.5,2.5,4.0,2.0,3.5,2.5,3.0,2.0,3.5,5.0,3.0,3.5,3.0,3.5,4.5,4.0,3.5,3.0,2.5,2.0,3.0,4.0,3.0,2.5,4.0,4.5,2.5,3.0,3.5,5.0,4.5,4.5,4.0,3.0,4.5,4.0,3.5,4.5,4.0,2.5,3.0,3.0,4.5,3.0,4.0,4.0,3.0,3.5,3.5,4.0,4.5,4.0,4.0,3.0,3.0,3.5,3.0,4.0,3.0,4.5,2.5,3.0,3.5,4.0,3.5,4.0,2.5,2.5,2.5,3.0,2.5,3.0,3.0,3.5,3.0,3.5,2.0,4.0,3.5,5.0,4.5,3.0,2.5,3.0,3.5,2.5,2.0,3.0,3.5,3.5,3.0,2.5,3.0,3.5,2.5,5.0,4.5,3.0,3.5,3.0,3.0,3.0,1.5,5.0,2.5,3.0,2.5,4.0,4.5,3.5,1.5,3.5,2.5,3.5,4.0,2.5,3.5,3.0,3.0,4.5,2.5,2.5,3.5,4.0,2.5,3.0,3.5,3.0,3.5,3.0,4.5,4.0,2.0,4.0,2.5,2.5,2.5,3.5,2.5,4.5,3.5,4.0,4.0,3.5,4.0,3.5,3.0,3.0,2.0,2.5,3.0,4.0,5.0,3.5,4.0,3.5,3.5,3.5,1.5,2.5,3.5,3.5,2.0,4.0,2.5,2.5,2.5,2.5,2.5,2.0,3.0,3.5,3.0,3.5,,3.0,,,,,,,,,,,
31122,3.0,5.0,4.0,3.0,3.5,2.0,4.5,,2.5,3.5,3.5,4.0,4.5,4.0,3.0,3.0,2.5,3.0,3.0,3.5,3.5,3.0,5.0,4.0,2.5,3.0,,3.5,3.0,4.0,3.0,4.0,3.5,3.5,4.0,4.0,2.5,4.0,3.0,4.0,3.5,3.0,4.0,4.0,3.0,3.5,,4.0,3.5,3.5,4.5,,3.0,5.0,4.0,4.0,4.5,,3.0,4.0,,3.0,3.5,3.5,3.0,4.0,,3.5,3.5,3.5,3.5,3.5,4.0,3.5,3.0,4.0,4.0,2.0,3.5,3.5,3.0,3.0,4.0,3.0,2.5,4.0,3.5,3.5,5.0,3.0,4.0,4.0,2.5,4.0,4.0,5.0,4.5,4.5,3.5,4.0,4.0,4.0,4.0,3.5,4.0,,3.0,4.5,4.0,2.0,,,4.5,3.5,3.5,,3.5,3.5,4.0,3.5,3.5,2.5,3.5,3.0,3.5,4.0,3.0,4.0,4.0,3.5,3.5,4.0,3.5,4.0,3.0,4.5,3.5,3.5,4.0,3.5,4.0,3.5,4.5,3.5,3.0,3.0,3.5,4.5,4.0,3.0,4.0,4.5,,4.0,3.5,3.0,,3.5,4.0,5.0,,3.5,4.0,3.0,3.5,3.0,3.5,3.5,,3.5,3.0,4.0,,3.5,3.5,3.0,4.0,4.0,2.5,3.5,4.0,3.5,4.5,3.5,4.0,4.0,,3.5,5.0,4.5,4.0,3.5,4.0,3.5,4.0,4.0,5.0,3.0,4.0,4.0,3.5,4.0,4.0,4.0,3.5,3.0,5.0,3.5,4.0,4.0,3.5,4.0,4.0,3.5,4.0,3.5,4.0,5.0,4.5,4.5,4.0,3.0,4.5,3.5,3.5,2.0,4.0,4.0,3.5,3.5,3.5,4.5,3.5,4.5,4.5,3.5,4.5,3.5,5.0,3.5,3.5,4.0,3.5,5.0,5.0,4.5,4.0,4.5,5.0,4.0
31181,,,,5.0,,,3.0,,,,,,4.5,5.0,,,,,,,,4.0,,,,,,4.0,,4.0,,4.0,4.0,,,5.0,,,,4.0,,4.0,,3.0,,,,,,4.0,,,,4.0,4.0,4.0,4.0,,3.5,5.0,,,5.0,,,,,,,,,,4.0,3.0,,,2.0,4.0,,,,,4.0,,4.0,4.0,,2.0,4.0,,3.0,5.0,,5.0,4.0,3.0,4.0,5.0,5.0,,,5.0,5.0,5.0,3.5,,4.0,5.0,3.5,4.0,,,4.0,4.0,,,,3.5,,,,3.0,5.0,,3.5,,3.0,,,,,,4.0,5.0,,5.0,,4.0,4.5,5.0,5.0,,,3.5,,4.0,,5.0,,,4.0,4.0,,4.0,,,,,3.0,5.0,,4.0,4.5,,3.5,4.0,,,,,,,4.0,3.5,,,,,,,,,5.0,4.0,,5.0,,4.0,5.0,4.0,5.0,,4.0,5.0,4.0,,5.0,,5.0,5.0,,5.0,5.0,,4.0,,5.0,4.0,,4.0,4.0,5.0,3.0,4.0,4.0,,5.0,5.0,,4.0,5.0,,4.0,2.5,4.0,4.0,3.0,3.5,4.0,4.0,3.5,3.5,5.0,5.0,4.0,3.5,3.5,3.5,4.0,3.0,3.5,4.5,4.0,4.0,4.0,4.5,4.0,3.5,4.5,4.5
31404,1.5,4.0,5.0,4.0,5.0,1.5,,,2.0,1.5,,2.0,5.0,4.0,2.0,2.0,2.0,,,,3.0,2.0,2.0,4.0,2.0,4.0,5.0,3.0,,,,,4.0,3.0,4.0,,2.0,3.0,1.5,4.0,,3.0,3.0,3.0,2.5,3.0,,,,,,2.0,2.5,,5.0,2.0,,,,5.0,,3.0,,,,,5.0,4.0,,,,,,,,,,5.0,,,5.0,1.0,2.0,5.0,5.0,,,,,2.0,3.0,,5.0,5.0,,5.0,3.0,2.5,5.0,,4.0,,,2.0,,,,3.0,4.0,,,5.0,4.0,5.0,5.0,2.5,,3.0,,,,3.0,5.0,2.0,3.0,,3.0,4.0,3.0,2.0,3.0,3.0,2.5,4.0,2.5,4.0,5.0,,,1.5,3.0,,5.0,3.0,,5.0,,3.0,2.5,1.0,,,5.0,5.0,4.0,3.0,3.0,3.0,,,,,2.5,,,4.0,,,,,2.0,,,2.5,4.0,,,2.5,,4.0,4.0,,5.0,,,5.0,,2.5,4.0,5.0,3.0,,,5.0,5.0,,2.0,2.0,4.0,,4.0,,5.0,,,2.5,3.0,4.0,,,3.0,,2.5,5.0,,,5.0,5.0,,3.0,,1.5,,,4.0,,3.0,4.0,5.0,3.0,3.0,,3.0,4.0,5.0,,3.0,3.0,,4.0,4.0,,4.0,,,,,,,
32094,2.5,3.0,,,3.0,,4.5,,2.5,,,2.0,3.0,,,2.5,,,,2.5,4.0,,4.0,3.0,,2.5,,,2.5,2.5,,,2.5,3.5,3.0,3.0,,2.5,,,,,3.5,3.5,3.0,,,,,3.5,3.0,,2.5,5.0,3.5,,3.5,,2.5,4.0,,2.5,2.5,2.5,,4.0,,3.0,,,,4.0,4.5,4.0,4.5,3.5,4.5,4.5,3.0,,3.0,2.5,,,3.5,2.5,,3.0,3.5,3.0,5.0,5.0,4.5,4.5,4.0,4.5,3.5,5.0,3.5,4.0,3.5,3.5,4.0,4.0,,4.5,4.5,3.5,4.0,,4.5,3.0,3.5,3.5,,,2.0,3.0,,3.0,,,4.0,3.0,2.5,3.0,,3.0,3.0,,2.5,2.5,2.5,3.5,3.0,4.0,4.0,,3.5,2.5,3.5,,2.5,4.0,,4.0,2.5,3.0,,2.5,3.5,3.5,3.0,2.5,2.5,3.0,4.0,3.5,5.0,3.5,2.5,3.5,,0.5,3.0,,3.5,,3.0,3.0,2.5,4.0,4.0,,3.5,2.5,3.0,3.0,2.5,3.5,,2.5,5.0,3.5,3.5,4.0,4.5,,3.0,4.0,4.0,3.0,2.5,3.0,4.0,4.0,3.5,2.5,4.0,2.0,,3.5,4.0,4.5,4.0,2.5,5.0,2.5,3.5,3.5,2.5,3.5,4.5,3.5,3.0,4.0,3.0,2.0,2.5,4.0,3.0,2.5,2.0,4.5,4.0,3.5,3.5,2.0,3.5,3.0,4.5,3.5,2.0,4.0,3.5,3.0,4.0,4.5,4.0,4.0,3.5,4.5,4.5,4.5,4.0,3.0,3.5,3.0,4.0,4.0
32161,3.0,4.0,4.5,3.0,4.5,3.0,5.0,2.5,2.5,2.5,,3.0,3.5,3.0,2.5,1.0,1.5,1.0,3.0,2.5,3.5,1.0,1.5,3.5,2.5,2.5,,2.0,3.0,3.0,1.5,3.0,3.5,2.5,2.5,4.0,1.0,3.0,2.0,3.0,2.5,3.0,2.5,3.5,2.5,1.0,,,2.5,3.0,4.0,,3.0,4.0,3.0,3.5,5.0,,2.5,5.0,,3.0,3.5,3.0,1.0,4.5,1.5,,2.5,,,3.0,4.0,,,3.0,3.5,4.5,3.0,,,3.0,2.5,4.0,3.0,2.5,3.5,4.0,4.0,,4.0,4.0,3.5,4.0,3.0,5.0,4.0,4.0,4.5,4.0,,4.5,4.5,4.0,5.0,3.5,5.0,4.0,3.0,4.0,3.5,,3.5,,3.5,4.5,3.0,3.5,,,,,4.0,3.0,3.0,3.0,3.5,4.0,3.5,3.0,2.0,3.0,2.5,3.0,3.0,,4.0,3.0,4.0,1.0,4.0,2.5,4.0,5.0,3.5,,2.5,4.0,2.5,2.0,3.5,4.0,4.0,3.5,3.0,3.5,,3.5,5.0,3.0,2.5,4.0,3.0,2.5,3.0,3.5,,3.0,2.5,4.0,3.0,4.0,4.5,,3.5,3.0,1.5,2.5,0.5,3.5,,3.0,5.0,3.0,4.0,5.0,,,2.5,4.5,3.5,2.5,4.5,3.0,3.5,4.5,3.5,2.0,4.0,1.5,,3.0,4.5,3.5,5.0,3.0,4.0,3.0,4.5,4.0,2.5,3.5,4.0,3.5,3.0,3.5,4.5,3.0,1.5,4.0,3.5,1.0,1.0,,3.0,3.0,4.0,1.5,4.0,2.0,4.0,3.0,2.0,4.0,4.0,3.0,3.0,,4.0,2.5,3.0,4.0,3.5,3.5,4.0,4.0,3.5,3.5,3.0,3.5
32344,3.5,3.0,3.5,3.5,5.0,2.0,4.0,2.0,2.5,3.5,2.5,2.5,4.5,4.0,2.0,,1.0,3.5,2.0,2.5,3.5,2.5,3.5,3.5,2.5,,,3.5,1.0,4.0,2.0,3.0,3.5,,3.5,3.5,3.0,3.0,,3.5,2.5,4.0,3.0,4.0,,3.5,,3.5,2.0,3.5,4.0,2.5,3.5,3.5,5.0,4.0,5.0,3.5,3.5,3.5,3.0,,4.0,3.0,,3.5,,3.5,3.5,,,3.5,4.0,4.0,3.5,4.5,3.5,4.0,,3.5,3.5,,3.5,3.5,5.0,3.5,4.0,5.0,5.0,3.5,4.5,4.0,,5.0,4.0,4.5,4.0,5.0,3.0,5.0,4.5,4.0,4.0,4.5,,5.0,4.0,3.5,3.5,3.0,4.5,,4.0,,5.0,5.0,4.5,2.0,,3.0,3.5,3.0,5.0,2.0,3.5,5.0,3.0,4.0,4.0,2.0,3.5,3.5,3.0,3.5,3.5,3.5,4.5,4.5,4.0,2.0,3.5,3.0,3.5,4.0,3.5,3.0,3.0,4.0,3.5,4.0,5.0,5.0,5.0,3.5,3.5,3.5,1.5,2.0,4.5,5.0,3.5,5.0,4.0,3.0,2.5,3.5,4.0,3.5,3.5,3.5,3.5,3.5,5.0,2.0,3.5,2.5,2.5,3.5,,5.0,3.5,3.5,5.0,3.5,3.5,4.0,3.5,4.0,3.5,4.0,3.5,3.5,3.0,3.5,4.0,3.5,3.5,1.0,3.5,3.5,3.5,2.0,4.5,3.5,3.5,4.0,3.5,3.5,3.5,4.0,2.0,4.0,4.0,3.5,3.0,3.5,3.5,4.0,2.0,3.5,3.5,,2.5,3.0,4.0,3.0,3.5,2.5,4.0,3.5,3.5,3.5,,3.5,3.5,3.5,,3.5,4.0,3.5,,2.5,4.0,4.0,3.5,3.5,4.0,,,
32514,,3.5,,4.0,4.0,3.5,5.0,,2.5,3.5,,2.5,,3.5,,,,,3.0,3.5,4.0,3.5,4.0,4.0,,3.5,,5.0,4.0,4.0,4.0,3.5,3.5,3.0,4.5,3.0,,3.0,3.5,3.5,3.5,3.5,4.0,4.0,4.0,,3.5,4.0,,3.5,,3.0,4.0,4.0,4.0,4.0,5.0,4.5,3.5,3.5,3.5,,3.0,3.0,3.5,4.0,4.0,3.5,3.5,,,,,,,,3.5,,3.5,3.5,4.0,4.0,4.5,4.0,4.0,4.0,4.0,4.0,3.5,,,4.0,4.0,5.0,4.5,3.5,3.5,4.0,4.0,4.0,3.0,,4.0,4.5,,,4.5,5.0,3.5,,,,4.0,4.5,5.0,,4.0,,,,,,4.0,,4.0,3.5,4.5,,3.5,3.5,4.0,3.5,3.5,4.0,4.0,4.0,,3.5,4.0,,5.0,,3.0,5.0,3.5,4.0,2.0,4.5,3.0,3.0,4.5,4.0,4.0,3.5,3.5,4.0,3.5,3.5,3.0,5.0,3.5,,5.0,2.5,3.0,3.5,5.0,,3.5,,3.5,4.5,4.0,3.5,3.5,3.0,3.5,3.5,,4.0,3.0,4.0,4.0,4.0,3.0,5.0,,,4.5,4.0,3.0,3.0,4.0,,4.0,3.5,4.5,3.0,,3.5,3.5,3.0,4.0,4.0,3.0,3.5,4.5,3.5,4.0,3.0,3.0,3.5,5.0,3.0,4.0,3.5,4.5,3.0,4.0,3.5,4.5,3.5,2.5,,4.0,5.0,3.5,4.0,3.5,3.0,3.5,4.0,3.5,5.0,3.5,,3.0,4.0,,3.5,3.5,4.0,4.0,4.5,4.0,3.0,4.5,3.5,3.5,3.5
32632,3.0,,,,,,4.5,3.0,3.0,,,,,,,,,1.5,4.0,,3.0,,3.0,,4.0,1.0,,,3.0,3.5,3.0,,4.5,3.0,,,,4.0,,,,,4.5,5.0,4.0,,5.0,,,,4.0,,4.0,5.0,3.5,5.0,5.0,,4.5,5.0,,2.5,3.0,2.5,,5.0,3.0,,,5.0,4.5,3.5,4.5,5.0,4.0,5.0,3.5,5.0,,,,3.0,,5.0,3.0,3.0,3.0,4.0,3.5,5.0,4.5,4.5,5.0,5.0,5.0,,4.0,4.0,5.0,2.5,5.0,4.0,4.0,4.0,5.0,5.0,4.5,4.0,4.5,,4.5,,5.0,5.0,,4.5,,2.5,,,,,5.0,3.0,3.0,,,,4.5,4.0,4.0,4.0,2.5,,2.0,3.5,,,4.5,2.5,3.0,2.5,5.0,5.0,,,,3.5,3.0,,4.5,3.5,4.0,4.0,3.0,4.0,4.5,4.5,4.0,4.5,,2.5,,3.0,,,4.0,4.5,,3.5,3.0,,4.0,4.0,4.5,3.5,0.5,4.5,2.0,4.5,2.5,0.5,4.5,3.0,4.0,3.0,5.0,,,3.5,,3.5,4.0,,4.0,4.5,4.5,1.5,4.0,,,3.5,4.5,3.5,4.0,4.0,3.5,4.0,,3.5,3.0,4.0,4.5,3.0,3.0,,,,0.5,3.0,4.0,3.5,3.0,4.0,,4.0,,3.0,4.0,1.0,4.5,4.0,3.0,4.0,4.0,4.0,,4.0,,,3.5,4.0,,,5.0,4.0,3.5,5.0,3.0,5.0
32984,4.0,3.5,3.5,,4.5,3.0,4.5,2.5,3.0,2.0,3.5,2.5,3.0,2.0,4.0,,,2.0,4.0,4.0,4.5,3.0,4.0,,,1.0,,,3.0,2.0,2.0,3.0,4.0,2.0,5.0,4.0,3.0,4.0,2.0,4.0,3.0,4.0,3.0,4.0,4.0,3.0,2.0,,2.5,4.0,5.0,4.0,4.0,4.5,4.5,4.0,5.0,4.0,4.0,4.5,4.0,1.0,4.0,2.5,2.0,4.0,2.0,4.0,4.0,3.5,,4.0,3.5,4.5,,2.5,4.5,4.0,4.5,2.5,4.5,3.0,3.5,4.0,4.5,3.5,3.5,2.0,4.0,,4.5,4.5,,3.0,4.0,5.0,4.5,4.5,,4.5,4.0,,4.0,4.0,,,4.5,4.0,4.0,,3.0,,3.0,,4.5,4.0,4.5,,2.5,2.5,2.0,,4.0,4.0,4.0,4.0,,3.0,4.5,3.0,2.0,4.0,3.0,3.5,4.0,,4.5,,4.0,3.0,3.0,1.0,3.5,4.5,2.5,3.5,3.0,4.5,2.5,4.0,4.0,5.0,4.5,4.0,4.0,4.0,3.0,3.0,,4.0,3.0,4.0,4.5,1.0,1.0,2.0,4.0,3.0,3.0,,2.0,4.0,,4.0,2.0,3.5,2.0,4.0,1.0,4.0,4.0,3.0,4.5,3.0,4.0,4.0,,4.0,,3.0,3.0,4.0,4.0,4.0,4.5,,4.5,1.0,3.0,1.0,3.5,3.0,3.0,,4.0,4.0,5.0,4.0,4.0,4.5,4.0,2.0,,4.0,4.0,2.5,4.0,3.0,4.0,4.0,4.0,2.0,3.0,4.5,4.5,3.5,4.0,4.0,4.5,3.5,3.5,1.5,,4.0,4.5,3.5,4.0,,3.5,,4.0,4.0,4.0,4.5,4.0,4.5,3.5,4.5,5.0,4.5
33082,3.0,2.0,2.0,3.0,2.0,,3.0,2.0,2.0,2.0,2.0,1.0,1.0,3.0,3.0,1.0,3.0,,2.0,2.0,2.0,,1.0,2.0,2.0,3.0,4.0,,2.0,1.0,,2.0,3.0,5.0,2.0,4.0,,2.0,,3.0,2.0,3.0,2.0,3.0,3.0,,5.0,4.0,2.0,3.0,3.0,,3.0,4.0,2.0,4.0,3.0,2.0,3.0,2.0,2.0,2.0,1.0,2.0,2.0,3.0,,,3.0,3.0,1.0,3.0,3.0,2.0,,2.0,2.0,3.0,2.0,,2.0,1.0,,2.0,4.0,2.0,3.0,4.0,3.0,1.0,3.0,3.5,2.0,4.0,2.0,3.0,3.0,4.0,3.0,2.0,2.0,3.0,4.0,3.0,4.0,2.0,4.0,4.0,4.0,2.0,2.0,3.0,3.0,1.0,4.0,2.0,5.0,2.0,,,,2.0,2.0,3.0,3.0,5.0,1.0,3.0,2.0,,2.0,2.0,2.0,3.0,3.0,3.0,2.0,2.0,3.0,3.0,3.0,2.0,2.0,1.0,1.0,2.0,2.0,4.0,,,,2.0,5.0,3.0,3.0,3.0,3.0,2.0,2.0,1.0,,3.0,3.0,,,2.0,2.0,2.0,,3.0,2.0,2.5,,5.0,4.0,3.0,2.0,2.0,,3.0,,3.0,2.0,4.0,3.0,4.5,3.0,1.0,3.0,2.0,3.0,2.0,3.0,1.0,3.0,3.0,2.0,2.0,2.0,,,3.0,3.0,3.0,2.0,,5.0,3.0,2.0,3.0,2.0,3.5,3.0,2.0,3.0,4.0,2.0,2.0,2.0,3.5,4.0,2.0,2.0,4.0,3.0,,2.0,2.0,3.0,2.0,2.5,2.5,3.0,3.0,3.5,2.5,2.5,,3.0,,2.0,2.5,2.5,2.5,4.0,2.0,3.0,2.5,3.0,3.0
33349,2.0,4.5,5.0,3.0,3.5,,5.0,,3.0,4.0,3.0,2.0,4.0,3.5,3.0,2.0,,3.0,2.5,3.0,4.0,3.5,5.0,5.0,2.5,3.5,,3.0,4.0,5.0,2.5,4.5,3.5,3.0,4.0,3.5,1.5,3.5,3.0,3.0,2.0,4.5,2.5,4.0,2.5,2.0,2.5,4.0,2.5,5.0,5.0,3.5,4.0,4.5,4.0,3.5,4.5,4.5,3.0,5.0,4.5,3.5,4.5,3.0,1.0,4.0,2.5,4.0,4.0,4.0,3.5,4.0,4.0,2.5,5.0,3.5,4.5,3.0,3.0,5.0,4.0,3.5,4.5,3.5,4.5,4.5,4.0,4.0,5.0,3.5,4.5,4.5,3.5,3.5,3.5,5.0,5.0,4.5,3.0,,4.0,4.0,4.0,4.0,,4.5,3.0,5.0,3.5,3.5,4.0,3.5,4.0,4.5,3.5,4.5,4.5,3.0,4.0,4.5,2.5,3.5,5.0,2.0,4.0,3.5,4.5,3.5,4.0,3.0,4.0,4.5,4.0,4.0,3.5,3.5,5.0,3.0,4.0,3.0,4.0,2.5,3.5,5.0,,2.5,2.0,3.5,3.0,4.0,4.0,3.5,4.0,4.5,4.0,3.5,5.0,2.5,5.0,4.5,,5.0,4.0,3.5,3.0,4.0,2.5,4.0,,3.5,3.5,4.5,3.5,,4.0,3.5,2.5,3.5,1.0,4.5,3.0,4.0,4.5,4.5,3.5,3.5,2.5,4.0,4.5,3.5,4.0,4.5,3.5,3.5,4.0,4.5,4.0,2.5,,3.5,4.5,,3.0,4.5,2.5,2.5,5.0,4.0,4.5,4.5,0.5,4.0,4.5,3.0,3.5,4.0,3.0,5.0,3.0,4.0,4.0,1.5,3.5,,3.0,4.0,3.5,2.0,3.0,4.0,3.5,4.5,2.5,4.0,4.0,3.5,2.5,0.5,3.5,,,,,,,,,,,
33402,4.0,1.0,4.0,5.0,5.0,,4.0,1.0,3.0,2.0,3.0,2.0,3.0,4.0,,,1.0,3.0,4.0,1.0,5.0,4.0,5.0,5.0,3.0,4.0,1.0,2.0,3.0,1.0,3.0,4.0,3.0,4.0,4.0,2.0,3.0,4.0,2.0,2.0,3.0,4.0,,5.0,4.0,,,5.0,4.0,1.0,5.0,4.0,1.0,5.0,2.0,4.0,5.0,4.0,4.0,5.0,5.0,4.0,4.0,5.0,,4.0,3.0,4.0,,,,5.0,5.0,5.0,,5.0,3.0,3.0,4.0,3.0,5.0,2.0,5.0,5.0,4.0,,4.0,4.0,5.0,4.0,,,,4.0,3.0,3.0,2.0,4.0,3.0,5.0,5.0,4.0,5.0,3.0,4.0,,5.0,,3.0,1.0,5.0,4.0,4.0,4.0,5.0,5.0,,3.0,4.0,5.0,4.0,4.0,5.0,4.0,,4.0,3.0,4.0,2.0,2.0,4.0,4.0,2.0,4.0,4.0,2.0,4.0,4.0,3.0,4.0,2.0,4.0,3.0,5.0,3.0,4.0,4.0,4.0,3.0,1.0,4.0,3.0,4.0,3.0,2.0,4.0,4.0,3.0,4.0,5.0,4.0,3.0,3.0,,,4.0,4.0,4.0,3.0,5.0,3.0,,4.0,,4.0,4.0,2.0,4.0,1.0,3.0,,3.0,5.0,2.0,4.0,4.0,,5.0,5.0,5.0,5.0,3.0,5.0,5.0,4.0,4.0,,,,1.0,,,,,,,,,,,,,,,,,,,,,,,,,,,,,,,,,,,,,,,,,,,,,,,,,,
33736,3.0,3.5,3.5,2.0,3.5,2.5,5.0,,2.0,3.5,2.0,2.0,3.5,3.5,2.5,3.5,2.5,2.5,2.5,2.5,3.5,,3.0,3.0,3.0,2.5,,3.5,3.5,2.0,3.0,2.5,4.0,1.5,2.0,2.5,2.5,1.5,2.0,2.5,1.5,3.5,2.0,3.0,2.0,3.0,3.5,3.0,,2.5,4.0,2.0,3.5,3.5,3.5,3.0,3.0,2.5,3.5,4.0,3.0,3.0,3.5,3.5,1.5,4.0,,2.5,3.0,,2.5,3.0,,,,,3.5,5.0,,3.0,3.5,2.0,3.0,4.0,3.5,3.0,4.0,,4.0,2.5,,,,3.5,2.5,3.5,3.5,3.5,,2.5,,,2.0,3.5,4.0,,4.0,4.5,4.0,2.0,2.0,,3.0,3.5,4.5,4.0,3.0,2.5,2.0,,,,4.5,2.0,4.0,3.0,3.0,3.0,2.0,2.5,1.5,3.0,2.0,4.0,3.5,3.5,3.5,3.5,4.0,2.5,4.5,,3.5,4.0,2.5,3.0,3.5,3.0,3.0,3.5,4.0,4.0,,3.0,3.5,2.5,3.5,3.5,,4.0,3.0,3.0,3.5,2.5,2.5,,3.0,3.5,3.5,,3.0,4.0,3.5,3.0,2.5,2.5,,2.5,1.5,4.0,3.5,4.0,4.0,3.5,3.5,3.0,,2.5,4.0,5.0,4.5,2.5,3.0,4.0,3.0,3.0,,3.0,3.5,,,3.5,3.5,,4.0,2.5,3.5,2.5,2.5,2.5,3.5,,4.5,3.0,4.0,,,,,,,,,,,,,,,,,,,,,3.0,,,,,,4.5,,4.0,4.5,,4.5,,4.5,4.0
34576,3.0,3.0,3.0,3.0,3.5,3.0,4.0,,3.0,3.5,4.0,3.0,3.5,3.5,4.0,2.5,3.5,3.5,3.0,3.0,3.5,3.0,4.0,3.5,3.0,,3.0,,4.0,3.5,3.0,3.5,3.5,2.5,4.0,3.0,2.5,2.0,2.5,3.5,3.0,3.5,3.5,4.0,2.0,3.0,,3.5,,3.0,3.5,3.0,3.0,4.0,3.5,3.5,4.5,3.5,3.0,4.0,3.5,3.0,3.0,3.5,2.5,3.5,,3.5,3.0,3.5,,4.0,3.5,4.5,3.5,,3.5,3.5,3.5,3.5,3.5,3.0,3.5,3.5,4.0,3.5,3.5,4.0,4.0,3.5,4.0,3.5,3.5,4.0,4.0,3.5,3.5,3.5,3.5,3.5,3.5,4.0,3.5,3.0,4.0,3.5,4.5,3.0,4.0,3.0,3.5,3.5,4.0,3.5,3.0,3.5,3.5,3.5,2.0,2.5,2.0,2.0,4.5,3.5,3.0,4.0,3.5,3.5,3.5,3.5,3.0,3.5,3.0,4.0,3.0,3.5,3.5,3.5,3.5,3.5,3.0,3.5,3.5,4.0,3.0,4.0,3.0,3.5,3.0,3.0,3.0,3.5,4.0,3.0,3.0,4.0,4.0,3.5,3.5,3.5,3.5,3.5,3.5,3.5,3.5,3.0,3.0,3.5,3.5,4.0,3.5,3.0,3.5,2.5,4.0,3.0,3.5,3.5,2.5,4.0,2.5,3.5,5.0,3.0,3.5,3.5,4.0,3.0,3.0,4.0,3.0,3.5,2.5,4.0,2.5,3.5,3.5,3.5,3.5,3.0,4.0,3.5,3.0,4.0,4.0,3.0,5.0,3.0,3.5,3.5,3.5,4.0,4.0,3.0,3.5,3.5,3.5,3.5,3.5,4.0,4.0,3.0,3.5,3.5,3.5,4.5,3.5,3.5,3.5,3.5,3.5,4.0,3.5,3.5,4.0,3.5,4.0,3.0,4.0,2.0,3.0,2.0,3.5,3.5,4.5,2.5,2.5,4.0,4.5,4.0
34587,2.0,5.0,4.0,2.5,,1.5,3.0,,3.0,3.0,,0.5,3.0,3.0,3.5,3.5,2.5,2.5,2.0,2.0,3.0,,3.5,4.0,2.0,1.0,,4.0,4.0,,2.5,3.0,2.0,2.0,3.0,2.0,3.0,2.5,,2.5,2.0,,3.0,3.0,0.5,2.5,3.5,3.0,2.0,4.0,4.0,2.5,2.0,3.0,3.0,4.0,3.5,0.5,3.0,4.0,,2.5,3.0,2.0,0.5,3.5,1.5,3.0,3.0,,3.5,4.0,4.0,3.0,3.5,3.0,4.5,4.5,,4.0,3.5,0.5,2.0,3.0,3.0,3.0,3.0,4.0,4.0,4.0,,,,4.0,5.0,3.5,4.0,4.0,,4.0,3.0,3.0,3.5,3.5,3.0,,4.5,3.0,4.0,,3.5,2.0,3.5,,3.0,,2.5,4.0,,,,0.5,4.5,2.5,2.0,3.5,3.5,3.5,0.5,0.5,3.0,2.0,3.0,3.5,3.0,3.0,,3.0,3.5,3.0,3.0,,4.0,3.5,3.0,3.5,3.0,3.5,2.5,3.0,4.0,3.5,4.0,3.0,2.5,3.0,3.0,3.5,4.0,3.0,2.0,4.5,3.0,1.5,4.0,2.0,4.5,2.5,2.0,3.0,1.0,4.0,4.0,2.0,2.5,1.5,0.5,0.5,1.0,3.5,1.0,2.5,3.0,2.5,3.0,3.5,,2.0,3.0,,3.5,0.5,2.0,3.5,4.0,3.5,3.0,3.0,,,3.5,0.5,3.0,3.5,3.0,3.5,3.5,2.0,4.0,3.0,2.0,,4.5,,3.0,4.0,4.0,3.0,0.5,2.5,3.0,0.5,0.5,,0.5,2.0,3.0,0.5,2.5,2.0,4.5,3.0,0.5,0.5,4.0,3.0,,3.0,2.5,3.0,,3.0,3.5,,3.0,3.5,,,,
34651,3.0,5.0,4.5,4.0,5.0,3.5,5.0,3.5,4.0,4.0,4.0,3.0,5.0,4.0,4.0,4.0,4.0,,3.0,1.0,5.0,4.0,3.0,5.0,4.0,,5.0,4.0,4.0,5.0,4.0,5.0,4.0,4.0,4.0,4.0,4.0,4.0,3.0,,3.0,3.0,4.0,5.0,3.0,4.0,,4.0,4.0,3.0,4.0,,4.0,4.5,5.0,5.0,5.0,,4.0,5.0,,3.0,5.0,4.0,3.0,5.0,,,5.0,,5.0,5.0,5.0,5.0,5.0,,5.0,5.0,,3.0,5.0,3.0,4.0,5.0,4.0,4.5,5.0,5.0,5.0,5.0,5.0,4.0,5.0,5.0,4.0,5.0,5.0,4.0,4.0,,5.0,5.0,5.0,5.0,5.0,4.0,5.0,5.0,4.0,5.0,5.0,5.0,4.0,5.0,4.0,5.0,4.0,5.0,3.0,4.0,3.0,3.0,5.0,4.0,4.0,5.0,5.0,5.0,3.0,4.0,4.0,4.0,5.0,5.0,4.0,3.0,,4.5,3.5,5.0,5.0,4.0,4.0,5.0,4.0,5.0,4.5,5.0,5.0,3.0,4.0,4.0,5.0,4.0,4.0,3.0,4.0,4.0,4.0,5.0,4.0,5.0,5.0,4.0,5.0,3.0,3.0,4.0,4.0,5.0,5.0,5.0,5.0,2.0,,4.0,3.0,2.0,3.0,4.0,4.0,5.0,5.0,3.0,4.0,3.0,4.5,4.0,5.0,,5.0,3.0,5.0,5.0,5.0,5.0,5.0,3.0,5.0,4.0,5.0,5.0,5.0,4.5,4.0,4.0,5.0,4.0,4.0,4.0,3.5,4.0,4.0,5.0,4.0,5.0,3.0,5.0,4.0,5.0,4.0,1.0,3.0,5.0,4.0,,4.0,3.5,4.5,4.0,5.0,5.0,3.5,5.0,5.0,4.0,4.5,,5.0,2.0,5.0,5.0,,4.5,3.5,5.0,,4.0,4.0,5.0
34856,3.0,4.0,5.0,,3.0,2.0,3.0,2.0,1.0,4.0,4.0,2.0,4.0,3.0,3.0,,,3.0,2.0,1.0,2.0,2.0,4.5,,,2.0,4.0,2.0,,3.0,3.0,4.0,4.0,4.0,3.0,3.0,,2.0,2.0,4.0,,3.0,4.0,4.0,1.0,,4.5,5.0,3.0,3.0,4.0,3.0,3.0,4.0,3.5,4.0,4.0,5.0,,5.0,,3.0,4.0,2.0,1.0,4.5,3.0,3.0,3.0,4.0,4.0,5.0,5.0,4.0,4.0,3.5,5.0,4.0,3.0,4.5,5.0,3.0,3.0,3.0,4.0,3.0,3.0,5.0,5.0,5.0,5.0,,5.0,5.0,4.0,5.0,5.0,4.0,5.0,4.0,5.0,5.0,4.0,4.5,4.0,4.0,5.0,5.0,4.0,1.0,5.0,4.0,4.0,5.0,3.0,3.0,5.0,3.0,3.0,3.0,3.0,,4.0,3.0,3.5,5.0,3.0,4.0,4.0,3.0,2.0,4.0,3.0,4.0,4.0,4.0,4.0,2.0,4.0,4.0,5.0,4.0,4.0,5.0,,3.0,4.0,4.5,,1.0,3.0,4.0,4.0,4.0,4.0,4.0,4.0,4.0,3.0,5.0,4.0,4.0,4.0,3.0,4.0,4.5,5.0,4.0,4.0,4.0,3.0,4.0,4.0,,5.0,1.0,3.0,4.0,1.0,5.0,3.0,4.0,4.5,3.0,4.0,5.0,3.0,4.0,4.0,5.0,4.0,4.0,,4.5,4.0,4.0,4.0,,3.0,3.0,4.5,4.0,5.0,4.0,4.5,4.0,4.5,4.0,4.0,4.0,3.0,3.0,5.0,5.0,4.0,4.5,4.0,4.0,4.0,4.0,4.5,2.5,3.0,4.0,5.0,4.0,3.0,4.0,5.0,3.0,,4.0,3.0,5.0,4.5,3.5,4.0,4.0,4.5,4.0,4.0,1.0,4.5,4.5,4.0,4.0,4.0,4.5,4.5,4.5
35109,2.0,4.0,,,4.0,,3.5,,,2.0,,,,3.0,,3.0,,,,,,,,,,2.0,,,3.0,2.5,2.0,3.0,,2.0,3.0,3.0,2.5,,,3.0,,4.0,,4.5,2.0,,,3.0,,3.5,,,4.0,4.5,3.5,4.5,5.0,4.0,4.0,4.5,,,3.0,,,,,,2.0,4.0,,,4.0,,,4.0,,4.0,4.0,3.5,,3.5,3.5,3.0,5.0,3.0,4.0,,5.0,,5.0,,4.5,5.0,4.5,,5.0,4.0,5.0,4.5,4.0,,5.0,3.0,,5.0,4.0,3.0,4.0,,,4.0,4.0,5.0,5.0,5.0,3.5,,2.0,3.5,3.0,4.5,5.0,,3.5,3.5,3.5,,,2.0,,3.0,,,2.0,,,5.0,4.5,,3.5,,3.5,,2.0,,1.5,3.0,,,4.5,5.0,5.0,3.5,3.0,3.5,,3.0,,5.0,3.5,3.0,3.5,3.5,3.0,,,3.5,4.0,3.0,,4.0,4.5,,3.5,2.0,,3.0,1.5,4.0,2.0,3.0,4.5,3.0,3.5,,,3.5,4.0,,3.0,3.0,3.5,5.0,3.5,3.0,3.5,3.0,2.0,3.5,3.5,3.0,4.5,,3.0,3.5,5.0,4.5,4.0,3.5,4.5,3.5,,3.5,3.5,4.0,4.5,3.5,,3.5,3.5,,3.5,,,3.0,3.5,,4.0,4.0,3.0,4.0,,5.0,5.0,2.5,3.0,4.0,5.0,2.5,4.0,3.0,3.0,5.0,5.0,4.0,5.0,4.5,4.5,5.0
35128,,5.0,5.0,4.0,5.0,2.0,5.0,3.0,2.0,2.0,,2.0,4.0,4.0,2.0,,,,,,4.0,,3.0,5.0,,,,,5.0,4.0,3.0,2.0,4.0,3.0,3.0,3.0,2.0,2.5,2.5,4.0,3.0,3.0,3.0,4.0,,3.0,5.0,,,4.0,4.0,,1.0,4.0,3.0,4.0,5.0,4.0,,5.0,4.0,,4.0,1.0,,5.0,4.0,4.0,3.0,5.0,3.5,5.0,5.0,5.0,5.0,4.0,5.0,5.0,4.0,4.0,4.0,,2.0,5.0,5.0,,,5.0,4.0,4.0,5.0,5.0,5.0,5.0,3.0,5.0,5.0,4.0,5.0,5.0,5.0,5.0,4.0,3.0,4.0,5.0,5.0,5.0,5.0,,5.0,4.0,4.0,4.0,3.0,5.0,3.0,4.0,,,,,5.0,3.0,4.0,2.0,3.0,5.0,4.0,2.0,2.0,2.5,2.0,5.0,3.0,5.0,5.0,4.5,5.0,2.0,4.0,3.0,5.0,5.0,5.0,4.0,3.0,4.0,2.0,1.0,2.0,4.0,5.0,5.0,3.0,3.0,,3.0,5.0,5.0,,3.0,4.0,3.0,4.0,5.0,5.0,3.0,3.5,4.5,3.5,3.0,5.0,3.0,5.0,2.0,3.0,3.0,1.0,5.0,4.0,4.0,5.0,4.0,4.0,4.0,5.0,3.0,4.0,5.0,4.0,4.0,1.0,5.0,5.0,4.0,2.0,1.0,4.0,3.0,4.0,5.0,5.0,4.0,5.0,3.0,5.0,4.0,5.0,4.0,5.0,2.0,5.0,4.0,5.0,5.0,5.0,5.0,4.0,4.0,5.0,2.0,5.0,5.0,5.0,4.0,5.0,4.5,4.5,3.5,5.0,4.0,4.0,5.0,5.0,4.5,4.0,4.5,5.0,4.5,4.5,4.5,4.0,5.0,4.0,4.5,5.0,,,4.5
35227,3.0,3.0,2.0,3.0,4.0,,3.0,4.0,5.0,3.0,,4.5,3.0,4.0,2.0,3.0,3.0,3.0,2.0,2.0,3.0,4.0,4.0,2.0,,3.0,,3.0,3.0,3.0,4.5,4.0,2.0,3.5,3.5,4.5,4.0,3.0,2.0,4.0,4.0,5.0,,4.5,3.0,4.0,,,3.0,3.0,3.0,2.0,4.0,4.0,3.0,4.0,4.5,,4.5,3.0,3.0,,5.0,3.0,2.0,1.0,,1.0,4.0,,,3.0,,,2.0,4.0,,,5.0,2.0,4.0,5.0,4.5,4.0,5.0,5.0,5.0,,4.5,,3.0,,2.0,2.5,5.0,4.5,5.0,3.0,,,,2.0,4.5,4.0,,3.0,4.0,5.0,4.5,3.0,,,4.5,4.0,5.0,5.0,4.0,,,,,5.0,4.0,1.0,4.0,2.0,2.0,4.5,4.0,4.0,5.0,5.0,3.0,5.0,4.0,3.0,2.0,3.0,3.0,,5.0,4.0,3.0,1.0,,4.0,4.0,2.0,2.0,2.0,5.0,4.0,3.0,4.5,3.5,3.0,,4.5,2.0,5.0,4.0,5.0,5.0,3.0,2.0,4.0,1.0,4.0,4.0,4.0,3.0,3.5,4.5,4.0,4.0,4.0,3.5,4.0,2.0,3.5,2.0,4.0,5.0,4.0,3.0,3.0,,4.0,4.0,1.0,3.0,3.0,3.5,4.0,2.0,4.0,4.0,4.0,3.0,3.0,1.0,4.0,4.5,3.0,1.0,3.5,4.0,4.0,5.0,5.0,3.0,4.0,1.0,5.0,4.0,2.0,3.0,5.0,,5.0,4.0,3.0,4.0,,,4.0,4.0,5.0,5.0,4.0,3.0,3.5,4.5,,4.5,4.5,5.0,2.0,5.0,2.5,3.0,4.0,3.5,5.0,3.0,2.5,4.5,3.0,5.0,3.5
35834,3.5,4.0,4.0,,4.0,3.5,4.0,3.5,2.5,3.0,3.5,3.5,4.0,4.0,3.5,3.5,3.5,,3.5,3.0,4.0,,2.5,4.0,,3.0,3.0,2.0,3.5,3.5,3.5,3.5,,3.5,4.0,4.0,3.5,3.0,3.5,3.5,3.5,3.5,2.5,3.5,2.5,2.5,,4.0,4.0,4.0,,,3.5,4.5,4.0,4.0,4.0,4.0,3.5,3.5,,3.5,3.5,3.5,3.5,4.0,3.5,2.5,3.5,4.0,,3.0,4.5,,4.0,4.0,,4.0,5.0,,4.0,2.5,,,3.5,4.0,3.5,4.5,4.5,,4.0,,,4.0,5.0,3.5,4.0,4.0,4.0,,4.0,,4.0,4.0,,3.0,,4.0,4.0,4.5,4.0,4.0,4.0,4.0,4.5,4.0,4.0,3.5,,3.5,,2.0,4.0,2.0,3.5,4.0,4.0,,3.5,4.0,3.5,4.0,3.5,4.5,5.0,4.5,3.5,3.5,3.5,,4.0,,3.0,,4.5,4.0,3.5,4.0,3.5,3.5,5.0,4.5,4.0,4.5,4.0,4.5,3.5,4.0,4.0,4.0,4.0,4.0,4.5,4.0,4.0,3.5,3.5,3.5,,4.0,2.5,4.0,4.5,3.5,,3.5,3.5,3.5,3.0,4.0,,4.5,5.0,4.0,4.0,3.5,4.5,,4.5,,3.5,2.0,3.0,3.5,3.5,3.5,4.0,3.0,3.5,3.5,3.5,4.0,4.5,5.0,3.5,4.5,4.0,2.5,4.0,4.0,4.0,4.5,,3.5,3.5,3.5,4.0,4.0,3.0,4.0,4.0,4.0,4.0,4.0,4.0,3.5,4.0,3.5,4.0,3.0,,4.0,3.0,5.0,4.0,3.5,3.5,,4.0,3.0,3.5,4.5,4.0,4.0,4.0,3.0,4.5,4.0,4.0,4.5
37253,4.0,1.0,3.0,,0.5,,2.0,0.5,2.5,3.5,,4.0,0.5,0.5,3.5,,2.5,,4.0,5.0,1.0,3.0,5.0,0.5,,,,0.5,2.0,3.0,0.5,0.5,0.5,5.0,0.5,2.0,0.5,4.0,3.5,0.5,4.5,4.0,0.5,4.5,1.0,0.5,0.5,,0.5,3.5,0.5,0.5,4.0,2.5,0.5,2.0,2.0,0.5,0.5,0.5,,0.5,2.0,2.0,,2.0,,,3.0,0.5,0.5,,1.5,,,0.5,0.5,0.5,0.5,,4.5,3.5,,0.5,1.0,2.0,5.0,2.5,1.0,,1.5,,1.0,2.0,1.5,5.0,5.0,2.0,4.0,0.5,0.5,0.5,3.0,0.5,4.5,0.5,5.0,5.0,4.0,3.5,0.5,,1.5,,,2.0,0.5,,2.0,2.0,1.0,5.0,1.5,0.5,2.0,0.5,0.5,5.0,2.5,3.5,2.0,5.0,2.0,3.5,,4.5,0.5,3.5,5.0,4.0,0.5,,0.5,0.5,,2.5,0.5,0.5,1.0,0.5,3.5,1.5,2.5,2.5,2.0,1.5,,3.5,2.0,2.0,,4.0,2.0,1.5,2.0,0.5,0.5,0.5,4.0,0.5,0.5,0.5,1.0,,0.5,5.0,3.0,3.5,3.0,5.0,5.0,0.5,3.5,3.0,0.5,2.0,0.5,,3.5,0.5,1.0,3.0,,3.5,0.5,2.0,3.5,3.0,0.5,0.5,0.5,2.5,5.0,2.0,4.0,2.5,2.5,,5.0,3.0,5.0,3.0,3.5,5.0,1.5,0.5,0.5,3.0,2.5,5.0,3.5,4.0,2.5,0.5,5.0,4.5,4.0,2.5,1.5,0.5,2.5,5.0,5.0,5.0,2.0,2.5,4.0,,2.0,0.5,2.0,4.0,,2.0,2.5,2.5,0.5,1.0,3.5,3.5
37317,4.0,,,,4.0,,3.5,4.0,,2.0,,,4.0,4.0,3.0,3.0,3.0,,3.0,4.0,,,3.0,4.0,,,4.0,4.0,2.0,3.0,3.0,3.0,,3.0,3.0,4.0,1.0,2.0,4.0,3.0,3.0,3.0,1.0,5.0,3.0,3.0,3.5,3.0,3.0,3.0,3.0,,4.0,5.0,5.0,4.0,5.0,4.0,4.0,4.0,4.0,4.0,4.0,3.0,,,4.0,,4.0,4.0,4.0,4.0,4.0,5.0,4.0,4.0,4.0,5.0,5.0,,4.0,3.0,3.0,4.0,5.0,3.0,2.0,4.0,5.0,4.0,4.0,4.0,5.0,4.0,5.0,,4.0,4.0,4.0,3.0,,,5.0,4.0,,5.0,4.0,3.0,4.0,3.0,4.0,5.0,5.0,4.0,4.0,5.0,4.0,4.0,3.0,5.0,4.0,4.0,5.0,3.0,,3.0,4.0,,,4.0,,4.0,3.0,,3.0,4.0,4.0,4.0,4.0,3.0,4.0,4.0,,2.0,,5.0,,3.0,3.0,3.0,5.0,5.0,5.0,5.0,3.0,4.0,3.0,3.0,,5.0,3.0,4.0,4.0,3.0,,4.0,,4.0,5.0,3.0,3.0,,5.0,,,4.0,5.0,,3.0,4.0,3.0,4.0,5.0,4.0,4.0,4.0,,3.0,5.0,4.0,4.0,3.0,4.0,5.0,,4.0,5.0,4.0,4.0,4.0,,4.0,5.0,,4.0,4.0,4.0,4.0,3.0,5.0,5.0,,,5.0,,,5.0,,4.0,5.0,4.0,4.0,4.0,,4.0,,,4.0,4.5,4.0,4.0,4.5,3.5,4.5,,4.0,,,4.0,4.0,4.5,,,,,4.5,,,,
38160,,3.0,3.5,,3.5,,3.5,,2.0,,,,,,,,,,,,,,,3.5,,,,,3.5,,,,,,,,,,,2.5,2.0,1.5,,,,,,,,3.0,4.0,,2.5,2.5,,3.0,3.5,4.0,2.0,4.5,,,,,,4.0,,,,3.0,3.5,5.0,5.0,5.0,5.0,,5.0,5.0,4.5,,3.5,1.5,,3.0,3.0,1.5,,5.0,3.5,5.0,3.5,3.5,5.0,5.0,,4.5,5.0,4.5,4.0,5.0,4.5,5.0,3.0,3.0,3.0,4.5,3.0,4.5,3.0,2.5,4.5,4.5,,,2.5,3.5,3.0,2.5,,,,3.0,4.0,3.0,3.0,4.5,3.5,3.0,3.0,,,2.5,1.5,2.0,1.5,3.5,4.5,3.5,3.5,,2.5,,3.5,4.0,,2.0,,3.0,,,3.0,3.0,3.0,,,,,,5.0,,3.0,2.5,3.0,,3.0,,4.5,3.0,3.0,4.5,2.5,,3.0,,4.5,,,3.0,,3.0,,3.0,3.5,2.5,4.0,3.5,3.5,3.0,,3.5,,3.0,3.0,3.5,3.5,,,,,,4.0,3.0,4.5,,3.5,2.5,3.5,3.0,2.5,,3.5,3.0,3.0,,3.0,4.5,3.0,,,,3.0,,,4.5,,,3.5,,,,,3.0,,,,,,2.5,3.5,,,,,3.5,3.5,,,,,3.5
38335,3.5,,3.5,,4.0,,2.5,,2.0,,,,3.5,,3.5,,3.0,,,,,,2.0,4.5,4.0,,4.0,,,,,3.0,4.0,,,4.0,,1.5,,3.5,,3.5,,3.5,,,4.0,4.5,,,,,,,3.0,4.0,3.5,,3.5,4.5,,,,,,,,3.5,,4.5,4.0,5.0,4.0,5.0,4.5,4.5,5.0,4.0,3.5,,,3.5,0.5,4.0,3.5,2.5,4.0,4.5,4.0,4.5,,,4.0,5.0,4.0,4.0,5.0,4.0,4.0,4.0,5.0,,3.5,,4.0,4.0,3.5,5.0,3.5,0.5,4.5,3.5,,4.5,3.0,3.0,4.5,4.0,,,,,3.5,3.0,,5.0,4.0,,4.0,3.0,,3.5,,,3.0,4.0,5.0,4.0,4.0,,4.5,,,4.0,3.0,,,4.0,,,2.0,3.5,3.5,,,,,,4.5,,,4.0,,,,,5.0,3.0,3.0,3.5,,4.0,3.5,,,,,3.0,3.0,4.0,3.5,4.0,4.0,,,5.0,,0.5,,4.5,3.5,,4.0,4.0,4.0,,3.5,,4.5,,4.0,,5.0,,4.5,3.5,4.0,,4.0,3.5,4.0,,4.0,,,4.0,4.0,,,,4.0,,,4.5,4.0,,,,,,,,,,,,,,,,,,,,,,,,,
39181,3.0,,4.0,3.0,4.0,,5.0,,,,,,5.0,,2.0,,3.0,2.0,4.0,2.0,4.0,2.0,3.0,5.0,,,4.5,4.0,1.0,3.0,3.0,,4.0,,3.0,4.0,1.0,3.0,2.0,,3.0,4.0,3.0,4.0,2.0,,4.0,5.0,4.0,,4.0,4.0,4.0,5.0,4.0,5.0,5.0,,5.0,5.0,4.0,2.0,,4.0,1.0,5.0,2.0,3.0,,5.0,4.0,5.0,5.0,5.0,5.0,4.0,5.0,5.0,5.0,4.0,3.0,4.0,4.0,5.0,5.0,4.0,3.0,5.0,5.0,5.0,,,4.0,5.0,4.0,5.0,5.0,4.0,5.0,5.0,5.0,4.0,3.0,3.0,4.0,,4.0,4.0,4.0,,5.0,3.0,4.0,3.0,4.0,5.0,5.0,4.0,,3.0,,4.0,5.0,4.0,5.0,5.0,4.0,3.0,4.0,4.0,,4.0,,4.0,,4.0,5.0,4.0,4.0,4.0,5.0,,3.0,4.0,3.0,4.0,4.0,4.0,3.0,3.0,,4.0,5.0,5.0,,3.0,,4.0,4.0,5.0,5.0,4.0,4.0,,4.0,3.0,4.0,4.0,4.0,5.0,5.0,5.0,4.0,3.0,5.0,3.5,3.0,3.0,1.0,4.0,4.0,5.0,4.0,3.0,4.0,5.0,4.0,5.0,5.0,5.0,3.0,5.0,5.0,5.0,5.0,,5.0,,4.0,4.0,4.0,5.0,5.0,,4.0,4.0,4.0,5.0,2.5,3.0,4.0,4.0,5.0,5.0,4.0,4.0,4.0,3.0,3.0,4.0,5.0,,4.0,5.0,5.0,4.5,5.0,3.0,5.0,3.0,5.0,5.0,2.0,5.0,5.0,4.5,4.0,5.0,5.0,4.5,4.0,3.5,4.5,3.5,3.0,3.5,4.5,3.5,4.0,
39214,5.0,4.0,4.0,,5.0,4.0,5.0,3.0,,3.0,,,3.5,,,,,,4.0,2.0,4.0,,5.0,5.0,,2.0,,,5.0,4.0,3.5,,,2.5,,3.5,,,4.0,,,,2.5,5.0,,,,,,,5.0,,,5.0,5.0,5.0,5.0,4.0,2.5,5.0,3.5,,3.0,3.0,,4.0,2.0,3.0,,5.0,,,4.0,,4.5,,4.0,5.0,4.5,,5.0,,4.5,5.0,5.0,3.0,3.5,,4.0,2.0,,4.0,,3.5,5.0,4.0,,5.0,4.0,4.0,5.0,,5.0,,,5.0,5.0,5.0,5.0,2.5,4.5,5.0,4.0,,5.0,,3.0,,,,,4.5,5.0,3.5,3.0,3.5,,4.5,3.0,3.0,,,3.0,5.0,3.5,4.5,5.0,5.0,5.0,2.5,4.5,,4.0,5.0,4.5,,3.0,4.0,,,,3.0,4.5,4.0,3.5,5.0,5.0,5.0,,5.0,,,,,3.5,3.5,3.0,,,5.0,,5.0,,3.0,,,,3.0,,5.0,,5.0,5.0,5.0,4.5,4.5,,3.5,4.0,4.0,,5.0,4.0,5.0,5.0,4.0,,,3.0,,,3.0,,,4.0,3.0,,,,4.0,,,4.5,,,3.0,,,,,,,3.5,,5.0,,3.5,,5.0,,4.0,4.0,,,3.5,3.0,,3.5,3.0,3.0,,4.0,3.5,5.0,5.0,,3.0,5.0,3.0,2.0
40058,3.0,3.0,3.0,3.0,3.0,,5.0,,1.0,4.0,4.0,3.0,4.0,3.0,3.0,,1.0,3.0,4.0,3.0,5.0,3.0,2.0,2.0,,1.0,,,2.0,4.0,4.0,4.0,3.0,4.0,4.0,4.0,3.0,2.0,4.0,4.0,2.0,3.0,1.0,4.0,3.0,3.0,,5.0,3.0,4.0,4.0,4.0,2.0,3.0,5.0,3.0,5.0,4.0,2.0,5.0,4.0,,4.0,3.0,,3.0,,5.0,3.0,4.0,,5.0,4.0,5.0,5.0,5.0,4.0,4.0,3.0,4.0,5.0,2.0,4.0,4.0,5.0,4.0,4.0,5.0,5.0,5.0,3.0,5.0,4.0,4.0,4.0,5.0,5.0,4.0,5.0,5.0,4.0,,5.0,4.0,,4.0,3.0,4.0,4.0,3.0,5.0,4.0,5.0,4.0,5.0,4.0,4.0,3.0,2.0,3.0,4.0,3.0,5.0,4.0,4.0,5.0,4.0,4.0,4.0,4.0,4.0,4.0,4.0,3.0,4.0,,3.0,4.0,4.0,3.0,5.0,,3.0,2.0,3.0,3.0,4.0,5.0,2.0,3.0,5.0,4.0,5.0,5.0,4.0,4.0,3.0,3.0,4.0,5.0,4.0,4.0,4.0,4.0,3.0,4.0,5.0,4.0,3.0,4.0,4.0,3.0,5.0,3.0,3.0,4.0,,4.0,,3.0,1.0,5.0,5.0,2.0,4.0,4.0,,4.0,5.0,4.0,3.0,5.0,1.0,5.0,4.0,4.0,4.0,,5.0,4.0,4.0,3.0,,,5.0,3.0,5.0,,3.0,5.0,3.0,4.0,,,,,5.0,5.0,,,5.0,,4.0,,,,4.0,,,,,,,,,,,,,,,,,,,,,,,
40483,1.5,2.5,2.5,2.5,2.5,2.5,3.0,2.5,2.5,2.0,2.5,,3.5,2.0,3.5,2.0,1.5,1.5,2.0,1.5,2.0,2.5,2.5,2.0,2.0,,2.5,2.0,3.5,2.0,1.5,1.5,3.0,2.5,2.0,3.5,2.0,2.5,1.5,3.5,2.5,2.5,2.0,3.0,2.0,2.5,2.5,4.0,1.5,3.5,2.0,2.0,2.5,3.0,2.5,2.5,3.0,3.0,1.5,3.5,2.0,2.0,3.0,2.0,2.5,2.5,2.0,,2.0,5.0,3.5,3.5,3.0,3.5,4.0,4.0,5.0,4.5,3.5,2.0,3.5,3.0,3.5,3.0,3.5,4.0,2.5,3.5,4.5,2.0,2.5,4.5,4.5,3.5,3.5,3.0,5.0,2.5,3.5,2.5,4.0,3.5,3.0,2.0,2.5,3.5,2.5,4.0,3.0,2.5,4.0,3.5,4.0,3.5,3.0,3.0,3.0,3.0,3.0,4.0,3.5,2.0,3.0,1.5,2.0,2.5,4.0,2.0,2.0,2.5,2.5,3.0,3.5,3.5,3.0,2.0,3.0,3.0,2.0,2.5,2.5,2.5,2.0,3.5,2.0,3.0,1.5,2.5,2.0,1.5,2.5,2.0,3.0,4.0,3.0,1.5,2.0,2.5,3.5,3.5,2.5,2.5,3.0,2.5,3.0,,2.5,3.5,2.5,2.0,2.5,3.5,3.0,2.0,3.5,2.0,2.0,2.0,2.5,4.0,2.0,3.5,3.0,3.5,2.5,2.5,2.0,3.5,2.0,1.5,2.0,2.5,2.5,3.5,1.5,2.5,4.0,2.0,2.0,2.0,3.0,2.0,3.5,2.0,2.5,3.0,3.5,3.0,3.0,3.0,2.5,2.0,2.0,2.5,3.0,2.0,3.5,2.5,2.0,3.0,2.0,,2.0,,2.0,2.0,2.5,2.5,2.0,2.0,2.0,2.5,2.5,4.5,3.0,2.5,3.5,1.5,1.5,3.5,3.0,2.5,2.0,2.5,2.5,4.0,3.0,2.5,2.5,3.5
41079,,3.5,4.5,,2.0,,3.0,,2.0,3.0,,,3.0,3.5,4.0,,3.0,,,,,2.0,3.0,4.0,,,,,1.0,,,,4.0,4.0,,3.0,,,,3.5,,,,3.5,,,4.0,4.0,,3.5,4.0,,2.0,4.0,4.0,2.5,2.0,,4.0,4.0,,,,4.0,,5.0,,,,4.0,3.5,5.0,4.5,3.5,5.0,3.5,4.5,4.0,3.0,4.0,,,4.0,4.0,4.0,,2.5,4.0,2.5,3.0,4.0,4.0,3.5,4.0,2.0,5.0,4.0,4.0,4.0,3.5,5.0,3.0,3.5,3.0,3.0,3.5,3.0,5.0,3.0,2.0,4.5,3.0,2.0,3.5,3.5,4.5,3.0,3.5,,3.5,2.0,2.0,3.0,,4.0,4.0,3.5,3.0,4.0,2.0,,2.0,3.5,4.0,,3.0,4.5,3.5,3.5,3.0,3.5,,4.0,4.0,4.0,,,1.0,3.5,,3.5,2.5,4.5,,,4.0,,,5.0,3.5,3.0,4.0,4.0,,,3.5,4.0,2.0,2.0,4.5,1.0,4.5,3.0,,4.0,,1.0,3.0,,3.5,2.5,,4.0,3.5,4.0,4.0,3.5,3.5,,3.5,4.0,3.0,4.0,4.0,3.5,3.0,3.0,,2.0,,4.0,3.0,4.5,3.0,3.0,3.5,4.0,,3.0,4.0,4.0,4.0,4.0,,,2.0,3.5,3.0,1.0,3.5,4.0,,4.0,4.0,4.0,4.0,,4.0,,,3.5,,3.5,4.5,3.5,,3.0,3.5,3.0,,,3.0,,2.5,3.5,3.5,3.5,3.5,4.5,3.0
41267,3.5,3.5,2.0,3.5,,2.5,4.5,2.5,,2.5,,2.0,3.5,4.0,3.5,2.5,2.5,2.0,2.0,1.5,4.0,,0.5,3.0,,2.5,2.5,2.5,4.0,2.5,3.5,3.0,4.0,3.5,,3.5,2.0,,2.0,3.0,3.0,2.0,3.0,3.5,4.0,,3.0,,3.5,,3.5,2.5,1.5,4.0,1.5,3.0,4.0,2.5,2.5,3.5,3.5,3.5,3.5,3.5,,4.0,3.0,,2.5,3.5,,3.0,1.5,2.5,3.5,2.5,3.0,4.0,3.5,3.0,3.5,1.0,3.5,2.5,4.0,1.5,2.5,4.5,5.0,5.0,3.0,5.0,4.0,4.0,3.0,4.5,5.0,2.5,4.0,4.0,3.0,,3.5,3.5,3.5,3.5,4.5,4.5,4.0,2.5,4.0,4.0,5.0,,2.0,3.5,4.0,3.5,2.0,3.5,2.0,3.0,3.5,1.5,2.0,4.0,2.5,4.0,2.5,3.0,3.5,3.5,4.0,3.5,3.0,3.5,3.5,3.5,4.0,2.5,4.0,3.0,4.0,2.0,3.0,3.5,3.0,4.5,2.0,2.0,2.5,3.5,3.0,2.5,2.5,4.0,2.5,2.0,3.5,4.0,3.0,3.5,4.0,2.5,3.5,2.5,3.5,4.0,2.5,3.5,3.5,3.5,3.0,2.5,3.5,3.5,2.0,3.5,1.5,4.0,3.0,4.0,3.5,3.5,3.5,3.5,,4.0,,3.5,3.5,4.0,4.0,3.5,4.5,3.0,3.5,,3.5,2.0,4.0,3.0,4.0,,2.5,2.0,4.5,3.5,3.5,4.5,2.5,4.0,3.5,4.0,4.0,,,,2.0,3.0,4.0,3.0,2.5,4.5,3.5,4.5,3.5,2.0,4.5,4.0,3.5,4.0,2.5,4.5,4.5,3.5,3.5,,4.0,4.0,4.0,3.5,3.0,4.5,,3.0,,3.5,4.0,4.5
41283,4.0,4.5,4.5,4.0,,,5.0,,4.5,4.0,3.5,1.5,,4.0,,,,,3.5,3.5,4.0,,,4.5,,3.0,,4.0,3.0,,4.0,4.0,4.5,4.5,3.0,4.5,3.0,4.0,4.0,4.5,3.5,4.0,2.5,4.5,2.0,4.0,4.0,,,4.5,5.0,,4.0,5.0,4.0,5.0,5.0,5.0,3.5,5.0,4.5,3.0,4.5,3.5,2.5,5.0,,4.0,4.0,5.0,3.0,5.0,5.0,5.0,4.5,4.0,5.0,4.5,4.0,,5.0,3.5,4.0,,4.5,3.0,4.5,5.0,5.0,4.5,5.0,4.0,5.0,4.5,4.5,5.0,5.0,4.5,4.5,5.0,5.0,4.5,5.0,4.0,4.5,5.0,4.5,5.0,5.0,,4.5,4.5,4.5,3.0,4.5,4.0,4.5,3.5,,4.5,4.0,2.5,5.0,4.5,4.0,5.0,4.5,4.5,4.5,3.5,4.0,4.5,4.5,4.0,,4.5,5.0,4.5,4.5,3.5,4.0,4.0,4.5,5.0,,5.0,,4.5,,3.5,4.0,4.5,4.0,4.0,3.5,4.0,4.0,4.0,5.0,4.5,4.5,4.5,4.0,3.5,4.0,,4.5,4.5,4.5,5.0,4.0,4.5,4.0,,4.5,4.0,4.0,4.0,,4.5,4.0,4.5,4.5,4.0,5.0,5.0,4.5,4.0,4.0,4.0,5.0,4.5,,4.0,5.0,4.5,4.5,3.0,5.0,3.5,5.0,4.0,4.5,4.5,5.0,4.5,4.5,,4.0,5.0,3.5,3.5,5.0,4.0,4.0,4.5,,4.5,4.0,4.5,4.5,3.5,,5.0,4.5,,4.5,3.5,5.0,4.0,4.5,4.5,3.5,5.0,5.0,4.5,4.0,,5.0,,,,,,,,,,,
41517,3.0,4.0,4.0,3.0,,,4.0,,4.0,,3.0,2.0,4.0,3.0,3.0,,3.0,,2.0,2.0,4.0,,1.0,4.0,,,3.5,,2.0,2.0,,4.0,2.5,3.0,3.0,3.0,2.0,2.0,2.0,3.0,3.0,,3.0,3.0,1.0,3.0,,4.0,3.0,2.0,,3.0,2.0,3.0,4.0,4.0,4.0,4.0,3.0,5.0,,2.0,3.0,2.0,2.0,4.0,3.0,,,4.0,,3.5,,,4.0,,,5.0,3.0,4.0,4.0,4.0,3.0,,3.0,4.0,4.5,4.0,4.0,4.0,5.0,,5.0,4.0,4.0,4.0,4.0,4.0,5.0,,,3.5,3.0,5.0,4.0,5.0,,3.0,4.0,4.0,4.0,4.0,4.0,4.0,3.0,,,3.0,4.0,4.0,4.0,4.0,4.0,2.5,,4.0,4.0,3.0,3.0,3.0,2.0,3.0,3.0,4.0,3.0,4.0,4.0,,2.0,1.0,5.0,3.0,2.0,4.0,4.0,4.5,,,2.0,2.0,,,,4.0,4.0,3.0,4.0,4.0,4.5,4.0,3.0,4.0,,2.0,4.0,2.0,4.0,2.0,3.0,3.0,3.0,4.0,4.0,3.0,5.0,3.0,3.0,2.0,1.0,4.0,,4.0,5.0,4.0,3.5,4.5,4.0,,4.0,5.0,2.5,3.0,,4.0,,4.0,4.0,,4.0,3.0,4.0,4.0,4.5,4.0,4.0,2.0,5.0,,4.0,4.0,3.0,,5.0,4.0,4.0,4.0,4.0,4.0,3.0,4.0,3.0,,2.0,4.0,,3.5,3.0,3.5,3.5,,4.0,4.0,2.5,4.0,4.0,4.0,3.0,4.0,4.0,,3.5,,,,,,,,,
41613,4.0,4.0,4.5,4.0,4.0,,4.5,,,,,,4.0,,,,4.0,,4.0,,5.0,,,5.0,,,,,5.0,,,,,4.0,,4.0,,,4.0,3.0,4.0,,,4.5,4.0,,,,,4.0,4.0,4.5,4.0,4.0,,4.5,4.5,4.0,,5.0,,4.0,4.0,4.0,,5.0,,,,2.0,,4.0,5.0,4.0,4.0,,3.0,4.5,4.0,,4.5,,4.0,5.0,3.0,,4.0,5.0,4.0,4.0,4.5,,5.0,4.0,3.0,4.5,4.0,5.0,4.0,,2.0,4.0,4.0,,4.0,4.0,4.5,5.0,4.0,4.0,5.0,0.5,4.0,,,4.0,,4.5,4.0,3.0,4.0,,5.0,5.0,,5.0,,4.0,5.0,3.5,,4.0,,4.0,4.0,4.0,4.0,,4.0,4.0,0.5,,4.0,4.0,3.0,4.0,3.0,3.0,4.0,2.0,,4.0,4.5,3.0,,4.0,4.0,3.0,,3.5,,3.0,,,4.0,4.0,3.0,,,4.0,,3.0,5.0,,5.0,4.0,2.0,5.0,4.0,4.5,,3.0,4.0,5.0,4.0,4.0,5.0,,4.0,4.0,4.0,4.0,4.5,5.0,3.5,5.0,4.0,,4.5,,4.0,4.0,5.0,2.5,4.0,,5.0,,4.0,4.0,4.5,4.0,4.0,2.5,1.5,3.5,3.0,,,,4.0,,4.0,4.5,4.5,3.0,4.0,3.0,4.5,,4.5,4.0,,4.5,2.5,,,,4.0,,4.0,4.0,4.5,4.0,,3.5,,4.0,4.0,4.0
41638,4.5,3.5,4.0,,,,,,,2.0,,,4.0,,3.5,,,,,,4.0,,,4.0,,,,,,,,4.0,,,,,,,,,,,,4.0,,,,,,,4.0,,3.0,4.5,,,,,4.0,4.5,,,3.5,,,3.5,,,,5.0,2.5,,4.5,,,,,,,2.0,,,,,,,5.0,,4.0,4.5,,5.0,,,,,,,,4.0,,,3.5,4.5,3.5,4.0,,,,,,,4.5,5.0,,4.0,3.5,,,5.0,,3.5,,,4.5,3.5,,,4.0,,3.5,5.0,,,3.5,3.0,,4.0,4.5,,4.5,4.5,,4.5,4.5,5.0,,4.0,,,,5.0,3.5,,,,,,,4.0,4.0,,,,,,2.0,3.0,,,,3.5,,,4.0,,3.5,3.5,,,,,4.5,,,4.5,3.5,,4.5,,4.5,,,,3.0,,3.5,,5.0,,4.0,,4.0,3.0,4.0,,4.0,,,4.0,,3.5,5.0,4.5,2.0,,4.0,3.0,,4.5,4.0,,1.5,4.5,4.5,4.0,4.5,4.0,4.5,4.0,,4.0,,5.0,4.0,4.0,4.5,4.0,4.0,3.0,3.5,5.0,4.5,4.5,4.0,4.0,4.5,4.0,5.0,3.0
42032,3.0,4.5,4.0,3.5,4.0,,5.0,,4.0,3.0,3.0,,,4.0,4.0,2.0,4.0,,2.5,3.0,3.0,,,2.0,,,,,4.0,3.0,3.5,4.0,,,4.0,3.0,,4.0,,3.0,4.0,3.5,3.0,3.0,,4.0,,,3.0,4.0,,,4.0,4.0,4.0,5.0,4.0,3.0,4.0,1.0,4.0,1.0,3.0,2.0,1.0,4.5,3.0,4.0,4.0,,3.0,2.0,,4.0,2.0,1.0,,3.0,3.5,4.0,3.5,4.0,,3.0,2.0,4.0,4.0,3.5,3.0,3.0,,3.0,,,4.0,4.0,,4.0,4.0,,,,4.0,4.0,3.5,3.0,,4.5,4.0,4.0,4.0,3.0,4.0,,4.0,,,3.0,4.0,4.0,4.0,5.0,2.0,1.0,4.0,3.0,4.0,4.0,3.5,2.0,3.0,4.0,4.0,4.0,4.0,4.0,4.5,3.0,4.0,2.0,4.0,3.0,4.0,0.5,4.0,4.0,4.0,,4.0,4.0,2.0,3.0,3.0,3.0,2.0,3.0,4.0,4.0,,4.0,3.0,4.0,4.0,4.0,4.0,4.0,1.0,3.0,4.0,3.0,4.0,4.0,4.0,3.5,3.0,,2.5,4.0,,4.0,0.5,4.0,4.0,3.0,4.0,1.0,,,,4.5,4.0,4.0,,1.0,1.0,4.0,4.0,3.5,,,,4.0,4.0,5.0,,2.0,4.0,,3.5,4.0,4.0,4.0,4.5,4.0,4.0,,,3.5,4.0,4.0,4.0,3.5,3.5,5.0,4.0,3.5,,4.0,3.0,4.0,,4.0,4.0,4.5,3.0,3.0,4.0,4.5,3.5,3.5,4.0,3.5,3.5,4.0,4.5,4.0,,2.5,3.0,4.5
42069,,3.0,4.0,,,,3.0,,2.0,3.0,2.0,4.0,4.0,3.0,3.0,,,,,2.0,4.0,2.0,3.0,4.0,,,,,3.0,3.0,2.0,3.0,3.0,3.0,2.0,4.0,,3.0,,3.0,3.0,2.0,,2.0,3.0,2.0,,,2.0,3.0,3.0,4.0,2.0,4.0,3.0,2.0,5.0,,3.0,5.0,3.0,,3.0,3.0,2.0,5.0,,3.0,3.0,,4.0,4.0,,4.0,5.0,4.0,5.0,3.0,3.0,2.0,,3.0,3.0,,,,3.0,3.0,4.0,,4.0,5.0,5.0,3.0,3.0,4.0,5.0,4.0,4.0,,4.0,5.0,4.0,2.0,4.0,4.0,2.0,5.0,4.0,2.0,4.0,,4.0,,,3.5,4.0,2.0,,,3.0,3.0,4.0,2.0,3.0,,3.0,3.0,3.0,2.0,3.0,2.0,3.0,3.0,2.0,4.0,4.0,5.0,3.0,3.0,2.0,3.0,3.0,3.0,3.0,3.0,3.0,2.0,3.0,2.5,,3.0,5.0,4.0,2.0,4.0,,,4.0,3.0,,3.0,3.0,3.0,3.0,4.0,5.0,4.0,,,3.0,3.0,3.0,3.0,4.0,2.0,,3.0,2.0,4.0,3.0,3.0,4.0,3.0,4.0,5.0,,3.0,,3.0,4.0,4.0,4.0,,4.0,4.0,3.0,,3.0,3.0,,3.0,4.0,,4.0,4.0,4.0,3.0,3.0,3.0,,3.0,3.5,3.0,3.5,3.0,,4.0,,3.0,4.0,2.0,,,,,,,4.0,3.5,,4.0,,3.5,3.0,,3.0,,4.0,3.0,,,4.0,,,3.5,,,2.5,
42096,3.5,2.5,2.5,2.5,4.5,3.0,5.0,,,4.5,4.0,3.0,4.0,3.5,3.0,,,,2.0,3.0,5.0,2.5,5.0,5.0,,1.0,,,2.5,,3.5,,2.5,3.0,4.0,5.0,4.0,3.0,4.0,3.0,3.0,,3.0,4.5,2.0,,,,3.0,4.5,4.5,3.5,4.0,5.0,,4.0,4.5,2.5,3.0,5.0,4.5,,4.5,5.0,,,2.0,4.5,4.5,4.5,2.5,2.5,3.0,4.5,,5.0,3.0,4.5,4.5,4.0,4.0,2.5,3.0,4.5,4.5,3.0,4.5,3.5,4.5,,5.0,4.5,2.0,4.0,3.5,3.5,2.5,4.5,,5.0,4.5,,4.5,4.0,2.5,,5.0,4.5,5.0,2.5,3.5,3.5,5.0,4.0,4.5,5.0,4.5,2.5,,,3.5,2.5,5.0,2.0,4.0,5.0,2.0,3.5,3.5,0.5,4.0,4.0,3.0,3.0,3.0,,4.5,2.5,4.5,3.0,5.0,2.5,3.0,5.0,3.0,3.5,3.0,2.0,3.0,2.0,5.0,4.0,4.0,4.0,4.0,3.0,5.0,3.5,,5.0,3.0,3.5,3.5,3.5,,2.0,4.5,,,4.5,3.0,4.5,,3.5,5.0,1.5,1.0,4.5,,4.0,4.0,5.0,5.0,3.5,3.5,4.0,,3.0,3.0,5.0,4.0,4.5,3.0,,5.0,3.5,2.5,3.0,3.5,,3.5,4.5,2.5,2.0,5.0,3.5,5.0,4.0,2.0,3.5,4.0,2.0,4.5,3.0,3.0,5.0,3.5,3.5,1.5,3.5,4.5,2.0,3.5,2.0,4.0,5.0,4.0,3.0,5.0,3.5,3.5,3.5,1.5,4.5,5.0,2.0,2.5,2.5,4.5,3.5,2.5,4.0,4.0,4.0,4.0,3.5,5.0,3.5,3.5,4.5
42204,2.5,3.0,3.5,,4.0,2.5,3.0,2.0,3.0,3.0,,,4.0,3.0,,,3.0,,2.0,2.5,4.0,2.5,3.0,4.5,,,3.5,1.5,3.5,3.0,1.0,3.0,2.5,3.0,3.5,3.0,2.5,2.5,1.5,3.0,2.5,2.0,2.5,3.5,2.0,3.0,4.0,4.5,,3.5,4.0,,3.0,3.5,3.0,4.0,4.0,4.0,2.5,4.5,,,3.5,3.0,1.5,4.0,2.0,,,4.5,4.0,4.0,4.0,4.0,4.0,3.0,5.0,4.0,3.0,3.0,4.0,2.5,2.5,4.0,3.5,3.0,2.5,4.5,4.0,4.5,4.0,4.0,4.0,4.5,3.5,5.0,4.0,4.0,4.0,4.5,4.0,4.0,3.5,3.0,3.5,3.5,4.0,4.0,4.0,3.5,4.0,4.0,3.5,3.5,3.5,3.0,2.0,3.5,3.0,3.5,3.0,3.0,4.0,3.0,3.0,4.0,3.0,3.5,3.5,,3.0,3.5,2.5,3.5,2.5,,4.5,3.5,4.0,2.5,3.5,3.0,4.0,4.5,3.0,3.5,3.5,3.0,2.5,3.0,3.5,3.5,4.0,3.0,2.5,3.5,3.5,3.0,4.5,3.0,3.5,4.0,3.5,3.5,3.0,3.0,4.0,3.5,3.0,3.5,3.0,,3.5,,4.0,3.5,1.5,3.5,2.0,4.0,2.5,3.5,4.0,3.0,3.5,4.0,3.5,,3.5,4.0,3.5,3.5,3.5,4.0,4.0,3.5,3.5,2.5,3.0,,4.0,3.5,4.0,,4.0,3.5,4.0,,4.0,3.5,3.0,3.0,4.0,4.0,3.5,4.0,3.0,,2.5,3.5,3.5,3.0,2.5,4.0,4.0,3.5,3.0,3.5,4.0,3.0,3.5,4.0,,4.0,4.5,,3.5,,,,,,,,,,,,,
42369,,,,,,,,3.0,,3.5,,,4.5,3.5,,,,,,3.0,4.5,,,3.0,3.0,,,,,,,3.0,4.0,3.0,3.0,2.5,,,3.0,4.0,,3.0,,2.5,1.0,,4.5,4.5,,4.5,,3.0,2.5,3.5,3.5,3.0,4.0,3.0,3.5,4.0,,,,2.5,,4.5,2.0,,3.0,5.0,4.0,,4.0,4.5,4.0,5.0,4.5,4.0,4.0,4.0,4.0,3.5,,3.5,3.0,4.0,4.0,4.5,4.0,4.5,,4.0,4.5,4.0,3.5,4.5,4.5,,4.5,,3.5,,3.5,4.0,,4.0,,4.5,4.5,3.5,4.5,3.5,4.0,5.0,3.5,3.5,4.5,,4.0,4.0,3.5,4.0,4.0,,3.0,4.5,,,3.5,,,4.5,,,3.0,4.0,,3.5,3.5,,4.0,3.0,,4.0,,4.0,2.5,4.0,,1.0,4.0,4.0,,3.0,3.0,3.0,3.0,2.0,4.0,,4.0,4.0,4.0,3.0,,,4.0,3.5,3.5,,3.5,4.5,3.5,3.0,4.5,,2.0,3.5,,4.5,4.0,4.0,4.5,3.5,3.5,4.5,4.5,3.5,4.0,3.0,4.0,3.5,4.5,4.0,3.5,,4.0,,4.0,,4.0,2.5,4.5,4.0,4.0,4.0,4.5,3.0,,4.0,,,2.5,,3.5,4.0,3.5,,1.5,4.0,4.0,2.0,4.0,4.0,,,3.5,2.5,4.0,4.0,,3.5,,4.0,,3.5,4.0,3.5,4.5,4.0,,3.5,4.5,,4.0,3.5,4.0,,3.5,4.0
42929,4.0,,,3.0,,4.0,3.0,4.0,2.0,1.0,,2.0,4.0,4.0,,4.0,3.0,,3.0,2.0,,3.0,1.0,4.0,,4.0,,,,4.0,4.0,4.0,3.0,1.0,5.0,4.0,2.0,3.0,1.0,4.0,3.0,3.0,2.0,5.0,2.0,4.0,4.0,,3.0,3.0,,5.0,5.0,3.0,4.0,3.0,5.0,4.0,5.0,4.0,4.0,3.0,4.0,4.0,1.0,1.0,4.0,,4.0,4.0,5.0,5.0,5.0,4.0,5.0,4.0,4.0,3.0,4.0,,5.0,4.0,4.0,4.0,5.0,4.0,4.0,3.0,5.0,,3.0,5.0,4.0,2.0,5.0,4.0,4.0,,3.0,,2.0,,5.0,5.0,3.0,5.0,3.0,4.0,5.0,3.0,4.0,5.0,4.0,,,3.0,2.0,3.0,4.0,4.0,4.0,4.0,4.0,4.0,3.0,1.0,3.0,,2.0,5.0,3.0,4.5,4.0,3.5,3.0,3.0,3.0,4.0,4.0,3.0,2.0,4.0,1.0,,,3.0,1.0,4.0,5.0,4.0,1.0,4.0,4.0,4.0,3.0,4.0,4.0,3.0,,5.0,4.0,5.0,4.0,3.0,,3.0,,3.0,5.0,2.0,3.0,,5.0,2.0,2.0,4.0,4.0,1.0,4.0,5.0,1.0,5.0,1.0,4.0,3.0,,,5.0,5.0,3.0,4.0,1.0,3.0,5.0,,4.0,3.0,2.0,,5.0,2.0,2.0,3.0,,3.0,3.0,5.0,2.0,5.0,4.0,1.0,3.0,2.5,4.0,4.0,,,,3.5,3.5,2.5,3.0,5.0,,0.5,3.0,3.0,3.0,4.5,4.0,4.0,4.0,,,,,,,,,,,,,,,,,,
43194,3.0,4.0,4.5,,2.5,,4.0,2.5,3.0,3.0,4.5,3.5,5.0,3.0,5.0,,3.0,1.0,2.0,1.5,5.0,1.0,2.0,3.0,,1.0,,3.0,3.0,3.0,3.0,3.0,3.0,2.5,3.0,5.0,1.5,3.5,2.5,3.0,2.0,2.5,3.0,5.0,2.0,3.0,,3.0,2.0,4.0,5.0,1.5,2.5,5.0,3.0,4.0,4.5,2.5,3.5,4.5,3.5,3.5,5.0,3.5,0.5,5.0,,3.0,3.0,,,3.5,5.0,,,,3.5,5.0,3.0,4.5,4.5,2.0,2.0,2.5,4.5,3.5,5.0,5.0,5.0,4.0,,,4.0,4.5,5.0,4.0,3.5,4.0,4.5,4.0,,4.0,5.0,4.0,4.5,,3.0,5.0,5.0,3.5,4.5,3.5,5.0,4.5,,4.5,3.5,3.0,2.5,3.5,3.0,3.5,4.0,3.5,3.0,4.0,3.0,3.0,4.5,3.5,3.5,3.5,4.5,4.0,3.0,4.0,3.0,,3.0,4.0,5.0,3.0,4.5,3.5,1.0,4.0,4.5,3.0,2.5,4.0,2.5,2.5,3.5,4.5,4.0,3.5,5.0,4.0,5.0,5.0,3.0,3.0,4.0,3.5,4.0,2.0,4.5,2.0,2.0,3.5,2.5,3.5,4.0,,3.0,4.0,3.0,3.0,1.0,5.0,3.0,4.5,4.0,4.5,5.0,4.0,5.0,2.0,4.0,4.0,4.5,4.0,2.5,4.5,3.0,4.5,5.0,3.0,4.0,3.5,4.5,4.0,5.0,4.5,5.0,3.5,5.0,,3.0,4.5,4.0,3.0,4.0,3.5,5.0,5.0,2.0,5.0,3.5,5.0,5.0,2.5,4.5,5.0,3.5,3.5,3.5,4.5,4.5,4.0,4.5,5.0,4.5,5.0,5.0,3.5,5.0,5.0,5.0,4.0,4.0,5.0,5.0,5.0,4.5,4.5,4.0,5.0,5.0,5.0
43296,,3.0,4.0,4.0,3.5,,4.5,1.0,3.0,,2.5,,4.0,4.0,5.0,,,2.0,1.0,1.5,5.0,1.0,2.0,4.0,1.0,1.5,4.0,,1.0,1.0,1.0,3.0,3.0,2.0,3.5,3.0,,,2.5,,,3.5,,2.0,,,,3.5,1.0,,,2.5,2.5,2.0,3.0,2.0,5.0,1.0,2.0,5.0,,,1.0,3.0,,4.5,1.0,,2.5,,,,,4.0,1.5,3.5,1.0,4.0,0.5,5.0,2.5,2.0,4.0,,2.5,4.0,3.5,4.5,3.0,,,,,2.0,4.5,3.0,5.0,5.0,5.0,,1.0,4.5,4.0,3.0,5.0,2.5,5.0,3.0,2.5,0.5,4.0,2.0,4.0,,3.5,3.0,2.0,2.0,4.0,3.5,2.0,3.0,3.0,3.5,2.5,5.0,,5.0,3.5,4.0,2.0,2.5,2.5,3.5,2.5,4.5,5.0,5.0,4.0,4.0,3.0,3.5,3.5,4.5,4.0,,3.5,3.0,1.0,,3.5,4.0,4.5,,,1.0,,2.0,,3.0,2.0,,4.5,2.0,,,3.5,4.0,,,,5.0,3.5,1.5,4.0,0.5,1.0,3.0,2.5,2.0,3.5,2.0,5.0,3.5,,5.0,,3.0,,5.0,2.5,4.0,2.5,4.0,3.0,2.5,1.0,1.5,3.5,3.0,5.0,4.0,4.0,5.0,4.0,,5.0,2.0,1.0,1.0,4.0,4.0,5.0,,1.0,5.0,3.0,3.0,1.0,3.5,2.5,2.5,1.5,,3.5,4.5,4.0,2.5,1.0,,4.5,,2.5,1.0,4.0,1.0,4.0,5.0,2.5,3.5,3.0,4.0,4.5,5.0,4.0,3.5,4.5,,,
43384,,3.5,3.5,4.0,4.0,3.0,5.0,,3.0,,,,4.5,4.0,2.0,3.0,2.5,,2.5,,4.5,4.0,1.5,4.5,,,3.5,3.5,3.0,4.0,3.5,3.0,3.5,1.5,2.5,4.0,,,,3.5,,3.0,,5.0,1.5,,4.5,4.0,3.0,5.0,4.0,2.0,4.5,5.0,5.0,3.0,5.0,4.0,4.0,3.0,4.0,0.5,3.5,3.0,2.0,3.5,,0.5,2.5,4.5,3.0,3.0,,5.0,3.5,3.5,3.0,3.0,4.5,3.0,5.0,2.5,3.5,5.0,4.5,3.0,,5.0,5.0,,4.0,,4.0,5.0,3.5,4.0,5.0,5.0,4.0,2.5,3.0,5.0,5.0,4.0,,4.0,3.5,3.5,4.0,4.5,3.0,3.0,5.0,5.0,4.5,4.0,3.0,,4.0,3.0,4.5,3.0,4.5,1.0,4.0,3.5,5.0,,,3.5,,3.0,3.0,3.0,2.0,3.5,2.5,4.0,,3.5,5.0,,,4.5,,2.5,3.0,2.5,2.5,3.0,5.0,5.0,5.0,3.0,,,3.0,,,5.0,2.0,5.0,5.0,,,,2.5,3.0,3.5,3.0,2.5,4.0,5.0,,3.0,,2.5,1.5,,1.5,,2.0,5.0,4.0,2.5,4.0,,3.5,4.5,2.5,3.5,3.5,3.0,3.5,3.0,4.0,5.0,,4.0,3.5,,3.5,3.0,3.0,4.0,3.0,5.0,4.0,3.5,3.5,,3.0,3.0,3.0,3.0,3.0,4.5,4.5,2.0,3.0,4.0,,5.0,3.0,4.0,3.0,3.0,2.5,3.5,,3.0,3.5,3.5,5.0,1.5,3.5,3.0,,4.0,2.5,3.0,4.0,4.5,4.0,4.0,3.5,4.5,4.0,4.5,4.5
43545,3.0,3.0,4.0,,,2.0,2.0,,2.0,3.0,4.0,2.0,2.0,3.0,2.0,,1.0,,,1.0,4.0,,4.0,4.0,2.0,1.0,2.0,2.0,3.5,1.0,1.0,3.0,2.0,2.0,2.0,3.0,2.0,2.0,1.0,4.0,1.0,3.0,3.0,2.0,2.0,2.0,3.0,,3.0,3.5,1.0,,2.0,2.0,2.0,4.0,4.0,3.0,2.0,5.0,,3.0,1.0,2.0,2.0,3.0,,3.0,1.0,4.0,3.0,4.0,4.0,3.0,5.0,3.0,5.0,5.0,2.0,4.0,3.0,1.0,,4.0,3.0,2.0,2.0,5.0,4.0,4.0,4.0,3.0,5.0,3.0,2.0,5.0,3.0,5.0,4.0,5.0,3.0,3.0,3.5,3.0,4.0,4.0,4.0,3.5,2.0,,5.0,3.0,2.0,4.0,3.0,3.0,3.0,,2.0,2.0,3.0,,3.0,4.0,3.0,5.0,4.0,3.5,3.0,1.0,2.0,4.0,1.0,3.0,3.0,2.0,4.0,3.0,2.0,,4.0,3.0,3.5,5.0,4.0,,1.5,3.0,2.0,2.0,4.0,2.0,,4.0,3.0,2.0,,2.0,5.0,3.5,3.0,3.0,3.0,3.0,3.0,1.0,4.0,2.0,2.0,2.0,1.5,,1.0,2.0,4.5,3.0,1.0,1.0,1.0,2.0,3.0,2.0,4.0,1.0,4.0,4.0,,,1.0,4.0,4.0,1.0,3.0,2.0,3.0,,4.0,2.0,4.0,3.0,4.5,2.0,4.0,,4.5,3.0,,3.0,,2.0,3.0,,,2.0,0.5,4.0,,4.0,,2.0,2.5,,,,2.0,,2.5,,4.0,3.0,,3.5,0.5,,,,1.0,1.5,,4.5,,,4.0,3.0,,2.5,4.5,,,
44241,4.0,5.0,,3.0,4.0,,4.0,3.5,5.0,,,3.0,5.0,4.0,,5.0,,3.5,2.5,1.0,,4.0,,,4.0,,4.0,4.0,,3.0,5.0,5.0,4.0,4.0,4.0,5.0,3.5,5.0,,5.0,2.0,4.0,,4.0,3.0,5.0,4.0,5.0,4.0,5.0,,,5.0,5.0,4.0,5.0,5.0,,4.0,5.0,5.0,3.0,4.0,3.0,,,,4.0,4.0,4.0,5.0,5.0,5.0,5.0,5.0,4.0,5.0,5.0,5.0,,4.0,4.0,4.0,5.0,5.0,4.0,4.0,,5.0,,4.0,5.0,5.0,4.0,3.0,4.0,5.0,,5.0,5.0,5.0,5.0,5.0,3.5,4.0,5.0,4.0,4.0,5.0,4.0,5.0,4.5,5.0,5.0,5.0,5.0,5.0,4.0,3.0,5.0,5.0,4.0,5.0,3.5,5.0,4.0,5.0,5.0,,3.0,4.0,5.0,5.0,4.0,,4.0,4.5,5.0,,,4.5,4.0,,,3.0,5.0,5.0,4.0,4.0,4.0,5.0,5.0,5.0,5.0,4.0,,5.0,5.0,5.0,5.0,5.0,5.0,5.0,3.0,3.5,4.5,,4.0,4.0,4.5,5.0,,4.0,,5.0,5.0,3.0,,1.0,5.0,5.0,5.0,4.5,5.0,4.0,4.0,,5.0,,,5.0,3.0,4.0,5.0,4.5,,5.0,3.5,5.0,4.5,5.0,4.5,5.0,,5.0,5.0,4.0,1.0,,4.0,4.0,5.0,,2.5,5.0,4.0,5.0,5.0,2.5,5.0,4.5,1.0,4.0,,5.0,4.5,4.0,,5.0,5.0,,4.0,,,,,4.0,,,,,,,,,,,,,
44654,3.0,4.0,4.0,,4.0,3.0,5.0,3.0,3.5,3.5,,3.5,4.0,4.0,3.5,4.0,2.0,2.0,,3.0,4.5,3.5,4.0,,4.0,2.0,,4.0,,,2.0,4.0,4.5,3.0,4.0,4.0,1.0,3.0,,4.5,2.5,4.0,,3.5,2.5,4.0,4.5,4.0,3.0,5.0,,,3.0,5.0,5.0,3.5,4.5,3.5,4.0,5.0,4.0,4.0,4.0,3.0,,4.0,4.0,3.0,3.5,5.0,3.0,5.0,4.5,4.0,4.5,3.5,4.5,3.0,4.5,4.0,4.5,3.0,3.0,4.0,5.0,4.0,4.0,,5.0,,,4.0,3.5,3.5,4.0,4.5,5.0,3.5,5.0,4.0,3.5,,4.0,4.5,,,4.0,5.0,5.0,2.0,4.5,3.5,4.5,,3.0,4.0,5.0,4.0,3.0,4.0,4.0,4.0,4.0,,3.5,4.0,4.5,5.0,3.5,,4.0,4.0,4.0,4.0,3.5,4.0,4.5,4.5,3.5,,4.5,4.0,,3.5,,3.5,4.0,4.0,,3.0,4.5,4.5,,4.5,3.0,4.0,4.0,3.0,4.0,4.0,4.0,4.0,5.0,2.0,2.5,3.0,3.5,4.0,3.0,,3.5,4.5,3.5,4.0,4.0,3.0,3.0,3.0,,4.5,2.0,4.0,4.0,4.0,3.5,,,3.5,4.0,3.0,4.0,4.0,4.0,3.0,5.0,4.0,5.0,2.5,4.0,4.0,4.0,2.5,4.0,3.5,,4.5,4.0,2.0,2.0,4.0,3.5,,,4.0,4.5,3.0,4.0,,3.5,4.5,3.0,2.0,,,4.0,,4.0,3.0,5.0,4.0,,4.0,3.0,4.5,4.0,3.5,4.0,3.5,5.0,4.5,4.0,3.5,4.0,4.0,4.0,4.5,4.5,4.5,4.0,
45015,2.5,2.5,,3.0,3.5,3.0,4.5,1.5,3.0,3.0,,,3.0,,4.5,3.0,1.0,0.5,,2.5,4.5,,0.5,3.5,2.0,2.5,,3.5,4.0,2.5,1.5,,3.0,3.0,2.5,2.5,2.0,1.0,2.0,3.0,2.0,,,3.0,,,,3.5,2.5,4.0,4.5,1.5,,2.5,2.5,3.5,3.5,4.0,2.5,4.0,,1.5,2.0,2.0,1.5,4.5,2.0,0.5,2.5,,,,4.0,3.0,3.0,3.0,4.5,4.5,4.0,3.0,4.0,3.0,,,3.0,2.0,2.0,4.0,3.5,4.5,3.5,,,4.5,3.5,3.5,4.0,5.0,3.0,4.5,5.0,4.5,3.5,3.0,,,5.0,2.0,3.0,3.0,3.5,4.0,4.0,,3.0,,3.5,2.5,,,0.5,3.0,3.5,2.0,2.5,3.0,3.5,,3.5,2.5,1.5,1.0,,4.0,3.0,3.0,3.5,3.0,2.5,,3.0,,3.5,5.0,3.5,,3.5,3.0,,2.5,2.5,3.5,4.0,,,3.0,4.0,3.0,,2.5,2.0,,,,,3.5,4.5,,3.5,,,3.5,2.5,2.5,3.0,2.5,,3.5,1.5,3.5,0.5,4.0,5.0,3.0,1.0,4.0,3.5,,3.0,4.5,1.5,3.5,3.5,,4.0,,3.0,,3.0,,4.0,4.5,4.0,4.0,4.5,2.5,3.5,2.5,,3.0,2.0,4.0,4.5,3.0,,5.0,,,0.5,3.0,2.5,,2.5,4.5,4.0,4.0,2.5,,2.5,3.0,3.5,4.5,,4.0,4.0,3.5,3.5,3.5,3.5,2.5,3.5,3.5,5.0,3.0,3.5,,4.0,4.0,4.0,3.5
45815,3.0,1.0,,1.0,,2.0,3.0,3.0,1.0,1.0,1.0,1.0,3.0,4.0,1.0,2.0,1.0,1.0,,2.0,1.0,,5.0,1.0,3.0,1.0,,3.0,1.0,2.0,3.0,4.0,1.0,2.0,3.0,1.0,2.0,1.0,3.0,3.0,1.0,3.0,1.0,4.0,1.0,3.0,3.0,,1.0,,1.0,1.0,1.0,3.0,4.0,2.0,5.0,,1.0,2.0,,2.0,2.0,1.0,1.0,,3.0,1.0,4.0,,5.0,,,3.0,3.0,2.0,2.0,3.0,3.0,1.0,3.0,,,,,2.0,3.0,4.0,5.0,,2.0,,5.0,,5.0,3.0,3.0,1.0,4.0,1.0,2.0,4.0,,,,,,5.0,4.0,3.0,3.0,,4.0,,,2.0,3.0,,4.0,4.0,4.0,1.0,3.0,1.0,2.0,4.0,3.0,3.0,1.0,3.0,1.0,3.0,4.0,,2.0,,,,2.0,1.0,3.0,4.0,1.0,1.0,1.0,,1.0,1.0,1.0,1.0,3.0,3.0,,3.0,3.0,1.0,2.0,3.0,,5.0,3.0,3.0,3.0,1.0,5.0,3.0,1.0,1.0,1.0,,2.0,1.0,3.0,1.0,1.0,1.0,4.0,1.0,1.0,3.0,1.0,3.0,1.0,2.0,1.0,,1.0,,,,1.0,1.0,1.0,3.0,,,,,,,,,,,,,,,,,,,,,,,,,,,,,,,,,,,,,,,,,,,,,,,,,,,,,,,,
45987,,,,2.0,,,2.0,1.0,4.0,4.0,5.0,3.0,3.0,,4.0,2.0,2.0,2.0,3.0,3.0,2.0,1.0,1.0,4.0,,1.0,,,1.0,1.0,3.0,2.0,4.0,4.0,3.0,4.0,1.0,1.0,2.0,3.0,3.0,2.0,5.0,5.0,2.0,,4.0,3.0,3.0,,3.0,3.0,4.0,4.0,2.0,2.0,4.0,4.0,1.0,5.0,,,3.0,2.0,,,,3.0,3.0,5.0,,4.0,,3.0,,,,2.5,3.0,,5.0,4.0,,4.0,3.0,1.0,4.0,5.0,5.0,,,,,,3.0,4.0,,1.0,4.0,,,,3.0,2.0,4.0,,2.0,4.0,4.0,5.0,5.0,3.0,3.0,3.0,,,4.0,2.0,2.0,5.0,4.0,3.0,,4.0,3.0,5.0,4.0,,4.0,1.0,1.0,1.0,,1.5,2.0,2.0,1.0,4.0,2.0,1.0,,3.0,3.0,4.0,,5.0,4.0,3.0,1.0,1.0,2.0,1.0,4.0,3.0,3.0,4.0,4.0,3.0,4.0,,4.0,3.0,,5.0,2.0,4.0,5.0,4.0,3.0,3.5,3.0,4.0,4.0,4.0,5.0,1.0,1.0,3.0,1.0,5.0,,3.0,2.0,3.0,4.0,5.0,5.0,1.0,,,4.0,4.0,3.0,4.0,2.0,3.0,4.0,1.0,4.0,,2.5,5.0,5.0,,5.0,3.0,5.0,,,2.5,2.0,3.0,5.0,,,,,2.0,1.5,,2.0,1.0,4.0,5.0,,3.0,,0.5,3.5,,4.0,,0.5,4.5,1.0,2.0,,,,,,,,,,,,,,
46396,2.0,5.0,5.0,2.5,3.5,,4.5,1.5,2.5,2.0,0.5,2.5,3.0,,2.5,2.0,,,2.0,3.0,3.5,,2.0,4.5,,,,,4.5,,0.5,,,1.5,3.0,1.0,0.5,,2.5,,2.5,3.0,,3.5,3.0,,3.5,,2.0,4.0,4.5,2.5,2.0,3.0,2.5,3.0,5.0,2.5,2.0,5.0,,1.5,1.5,2.0,1.5,4.0,,1.5,2.0,,3.5,3.0,5.0,,,,5.0,4.0,,2.5,4.0,,,4.5,3.0,,,5.0,5.0,4.0,5.0,3.0,5.0,5.0,4.5,5.0,3.0,5.0,5.0,5.0,3.5,5.0,3.0,0.5,4.0,,5.0,4.0,5.0,3.5,3.5,3.0,5.0,,2.5,2.5,2.0,3.5,,3.0,,3.5,5.0,2.0,,5.0,,2.5,3.0,2.5,2.0,4.0,,3.0,2.5,,4.5,,2.5,2.0,4.0,,5.0,4.0,,4.5,2.5,3.0,2.0,1.5,3.5,2.5,5.0,3.0,2.5,2.5,1.5,3.5,4.5,3.0,4.0,4.0,,1.0,,2.0,4.5,,2.5,4.0,1.5,3.5,4.0,1.5,3.5,1.5,2.5,2.5,1.5,4.0,3.5,4.0,3.0,4.0,5.0,4.5,,3.5,4.0,5.0,2.5,2.5,3.0,3.0,3.0,4.0,3.5,,1.0,,4.0,3.5,,4.0,5.0,,3.5,,2.5,1.0,3.5,3.5,4.0,3.5,3.0,4.0,2.5,2.5,3.0,2.5,3.0,2.0,3.0,2.5,3.0,3.5,4.0,0.5,,2.0,3.5,2.0,1.0,5.0,4.0,0.5,,,2.0,4.0,3.5,2.0,3.5,4.0,3.5,,3.5,5.0,3.0,4.0
46470,3.0,3.5,2.5,4.5,5.0,3.0,3.5,2.0,3.5,3.0,3.0,3.5,4.0,4.0,3.5,2.0,3.0,2.5,2.0,3.0,2.0,2.0,2.0,3.0,4.5,2.5,2.5,2.5,4.0,3.5,2.5,,5.0,3.0,3.0,5.0,3.0,3.0,3.0,3.5,3.0,0.5,3.5,2.5,3.0,3.0,2.0,,2.5,3.0,3.0,1.0,3.5,3.0,5.0,5.0,3.5,2.0,3.5,4.0,2.5,3.0,4.5,4.5,2.0,4.0,3.5,2.5,3.0,3.5,,3.0,,3.5,5.0,2.0,2.0,5.0,3.0,2.0,4.0,1.0,3.5,3.0,1.5,2.0,5.0,,4.0,4.5,3.0,,2.5,3.5,5.0,1.0,0.5,5.0,3.5,2.5,2.0,2.5,5.0,3.5,3.0,3.0,3.0,5.0,5.0,4.5,5.0,3.0,5.0,4.0,5.0,5.0,4.5,1.5,,3.0,2.5,4.5,2.0,3.5,5.0,4.0,1.0,1.5,5.0,2.0,5.0,5.0,2.5,5.0,4.0,2.0,3.0,2.5,4.5,3.0,5.0,2.5,1.5,1.5,1.5,4.0,5.0,4.5,3.0,4.0,3.5,4.5,0.5,4.5,4.5,3.5,2.5,5.0,,4.5,3.0,4.0,3.0,3.0,3.0,3.5,2.0,4.0,3.0,2.0,3.0,3.0,4.0,4.0,2.5,3.0,4.0,5.0,3.0,5.0,2.5,5.0,3.5,3.0,3.5,2.5,5.0,3.0,5.0,2.5,3.5,4.0,4.5,5.0,5.0,2.0,1.5,2.0,3.0,2.5,3.0,5.0,3.0,5.0,1.5,3.0,4.0,4.5,3.5,5.0,3.0,3.5,5.0,4.0,5.0,3.0,5.0,2.0,4.0,5.0,5.0,5.0,5.0,4.5,4.0,2.5,2.5,3.0,5.0,3.5,,5.0,3.5,4.0,5.0,5.0,5.0,5.0,5.0,5.0,4.0,4.5,5.0,3.0,5.0,2.0,5.0,3.5,3.0,4.0
46744,,4.0,4.0,,4.0,3.0,4.0,4.0,3.0,2.5,3.0,,4.0,4.0,3.0,,,,,0.5,3.5,,4.0,4.5,,,4.0,4.0,3.5,3.0,,4.0,4.0,4.0,3.0,4.0,,4.0,,4.0,,4.0,,3.0,,,5.0,4.0,,4.0,3.0,3.5,3.0,4.0,4.5,4.0,5.0,4.0,4.0,5.0,4.0,,3.0,3.0,,5.0,4.0,,4.0,5.0,5.0,5.0,5.0,4.5,3.5,5.0,5.0,5.0,4.0,4.0,5.0,4.0,3.0,4.5,4.0,3.0,4.0,5.0,5.0,5.0,4.0,5.0,5.0,5.0,4.0,5.0,5.0,4.5,5.0,5.0,5.0,5.0,4.0,3.5,4.0,5.0,4.0,4.5,4.5,,5.0,3.0,4.0,4.0,4.0,5.0,3.0,4.0,,4.0,,4.5,5.0,3.0,4.0,5.0,4.5,4.0,4.0,3.0,2.0,4.5,4.0,,,3.0,4.5,5.0,4.0,,4.0,,4.0,4.0,4.0,,3.0,4.0,,3.0,5.0,4.5,4.0,5.0,3.0,4.0,,2.5,4.0,4.5,4.0,5.0,4.0,3.0,4.0,3.0,4.0,4.0,4.0,4.0,4.0,4.0,4.0,,5.0,,3.0,3.5,,4.0,4.0,5.0,5.0,3.0,4.0,4.0,4.0,4.0,,3.5,4.0,4.0,4.0,5.0,4.0,,5.0,,,3.0,4.0,,5.0,4.0,4.0,4.0,5.0,4.0,4.0,4.0,2.5,,4.0,3.5,3.0,5.0,4.5,4.0,2.5,4.0,3.0,,4.0,5.0,4.0,,4.0,,5.0,3.0,4.0,3.5,,4.0,4.0,2.5,3.0,3.5,4.0,4.0,,,,,,,,,,
47439,,4.5,5.0,,4.0,3.0,3.0,2.5,2.5,,,,3.0,,3.0,1.0,3.0,,,2.5,4.0,,2.5,3.5,,,,,4.0,,,,4.5,,,3.0,,,,,2.5,3.0,,5.0,,,3.5,2.5,,,3.0,,,3.5,3.5,4.5,3.5,,,3.5,,,3.5,,,4.0,,,2.5,4.5,3.5,4.5,3.5,5.0,4.0,4.0,3.5,5.0,,,,4.0,5.0,4.0,4.5,3.0,4.0,5.0,4.0,5.0,4.5,4.0,5.0,5.0,3.5,4.5,5.0,5.0,5.0,4.5,5.0,3.5,3.5,4.0,4.0,3.0,5.0,,,4.0,,5.0,3.5,3.0,,3.5,,5.0,,,,3.5,4.0,4.0,3.5,2.5,3.5,3.0,,2.5,2.5,3.5,2.5,3.5,3.5,5.0,3.0,4.0,5.0,4.0,4.0,2.5,5.0,3.5,3.5,3.5,,,4.0,3.0,3.5,,4.0,,,4.0,,,3.5,3.5,,3.0,3.0,2.5,2.5,,3.5,,,4.5,,,4.0,,,2.5,2.5,,,4.0,,,5.0,4.0,4.0,3.0,,3.5,3.0,3.0,3.5,,4.0,4.0,4.0,3.0,4.5,2.0,,2.5,,4.0,3.5,3.0,3.5,,4.5,4.0,3.5,,5.0,3.5,5.0,3.0,3.5,,3.0,3.5,2.5,3.5,2.5,,4.0,4.0,5.0,2.5,3.5,3.0,,,3.5,3.0,,5.0,3.5,,3.5,,,,4.5,3.5,3.5,3.5,4.0,4.0,,3.5,4.0,5.0
48644,3.0,4.0,4.0,3.0,5.0,,2.0,3.0,4.0,,4.0,,3.0,,,3.0,3.0,,,2.0,,2.0,,3.0,3.0,2.0,4.0,,,3.0,,3.0,3.0,4.0,3.0,3.0,,2.0,3.0,3.0,3.0,3.0,,3.0,4.0,3.0,3.0,4.0,3.0,,2.0,2.0,3.0,5.0,,4.0,3.0,4.0,2.0,4.0,3.0,3.0,3.0,3.0,,,,3.0,3.0,5.0,,5.0,5.0,5.0,5.0,4.0,5.0,4.0,,,4.0,3.0,3.0,4.0,3.0,,3.0,5.0,4.0,5.0,,,4.0,,4.0,,4.0,,,,4.0,5.0,5.0,3.0,5.0,4.0,,5.0,4.0,,4.0,3.0,4.0,,3.0,4.0,4.0,2.0,3.0,4.0,3.0,,4.0,,3.0,4.0,4.0,,3.0,2.0,3.0,4.0,3.0,,3.0,4.0,,3.0,4.0,3.0,3.0,3.0,5.0,4.0,4.0,3.0,4.0,4.0,,2.0,,3.0,4.0,4.0,3.0,,,4.0,5.0,,4.0,4.0,,3.0,4.0,,4.0,4.0,,,3.0,,3.0,3.0,5.0,3.0,4.0,3.0,2.0,4.0,4.0,3.0,,4.0,3.0,4.0,4.0,,,4.0,3.0,,,4.0,4.0,,4.0,,4.0,2.0,4.0,3.0,4.0,,4.0,4.0,4.0,4.0,,4.0,5.0,,,4.0,3.0,4.0,,,3.0,3.0,4.0,3.0,,4.0,,,,3.5,4.0,3.5,,4.0,3.0,4.0,4.0,4.0,4.0,,4.0,,4.0,4.0,,,,4.5,,,,
48677,3.0,5.0,4.0,1.0,,,4.5,2.0,2.0,2.0,2.5,3.0,5.0,4.0,4.0,3.0,3.5,,2.0,3.0,3.0,2.0,4.0,3.0,,,1.0,5.0,3.0,4.0,2.0,3.0,,3.0,5.0,4.0,2.0,2.5,1.0,3.5,4.0,2.0,1.0,5.0,1.0,,2.0,5.0,4.0,5.0,4.5,,4.0,5.0,4.0,4.0,5.0,,4.0,4.5,4.0,3.0,2.0,3.0,,,3.0,1.0,3.0,3.0,,,,,3.0,3.0,5.0,3.0,,,3.0,2.5,4.5,3.0,5.0,4.0,5.0,2.0,5.0,1.0,4.0,4.0,4.0,4.5,4.0,4.5,5.0,4.5,5.0,4.0,,3.5,4.5,4.0,3.0,4.5,3.5,4.0,4.0,4.0,3.0,,5.0,,5.0,5.0,4.0,4.0,3.0,4.0,3.0,1.0,4.5,2.0,4.5,2.0,4.0,3.5,,2.0,1.0,4.0,,,,,4.5,3.0,4.0,1.0,5.0,3.0,,1.0,4.0,2.0,,4.0,1.5,3.0,3.0,3.0,3.0,4.0,4.0,3.0,3.0,4.0,,5.0,3.0,4.5,4.5,3.0,3.0,3.0,,4.0,3.0,3.0,4.0,,2.0,,,4.5,3.5,,2.0,4.0,1.0,5.0,5.0,3.0,3.0,,,3.0,4.5,,3.0,1.0,4.0,5.0,,3.0,5.0,4.0,3.0,3.0,,2.0,4.0,5.0,4.5,3.5,4.0,2.5,4.0,4.5,3.0,4.5,,5.0,5.0,,4.5,4.0,3.0,5.0,4.0,3.5,3.5,,,,4.0,4.5,4.0,4.0,2.0,5.0,4.0,5.0,3.0,4.5,4.0,,4.5,,4.0,3.5,3.0,5.0,3.5,4.0,,4.0,5.0,4.0
49212,,4.0,3.0,4.0,4.0,,5.0,3.0,,4.0,,,3.0,4.0,5.0,3.0,3.0,4.0,,,3.0,3.0,3.0,3.0,3.0,3.0,5.0,4.0,3.0,4.0,3.0,4.0,5.0,4.0,4.0,4.0,2.0,3.0,2.5,5.0,,3.0,3.0,4.0,3.0,,4.0,5.0,,,4.0,4.0,4.0,4.0,5.0,3.0,5.0,4.0,5.0,5.0,4.0,,4.0,,2.0,5.0,3.0,1.0,4.0,,5.0,5.0,5.0,4.0,,3.0,3.0,,4.0,5.0,5.0,5.0,4.0,4.0,5.0,4.0,,4.0,5.0,,,4.0,,3.0,4.0,5.0,4.0,,4.0,,4.0,,4.0,3.0,,,4.0,5.0,5.0,3.0,3.0,4.0,5.0,5.0,4.0,4.0,5.0,,,,,4.0,4.0,,4.0,5.0,3.0,4.0,5.0,3.0,3.0,4.0,4.0,5.0,,4.0,4.0,5.0,5.0,,5.0,3.0,4.0,4.0,5.0,,4.0,5.0,,,3.0,5.0,,4.0,4.0,3.0,5.0,4.0,,5.0,4.0,,5.0,,,3.0,5.0,4.0,3.0,,4.0,3.0,,3.0,4.0,,3.0,4.0,,5.0,3.0,5.0,5.0,3.0,,5.0,,,4.0,4.0,,4.0,4.0,4.0,5.0,,3.0,,3.0,,4.0,3.0,4.0,5.0,2.0,3.0,5.0,4.0,3.0,4.0,,,3.0,4.0,4.0,3.0,3.0,2.0,,4.0,4.0,3.0,3.0,,3.5,2.5,4.0,,4.5,4.0,,3.5,,2.0,,3.0,3.5,3.0,3.0,4.0,3.5,,4.5,3.5,,3.0,,,,
49554,3.0,,,4.0,4.0,2.0,4.0,,3.0,2.0,,,4.0,3.0,,,3.0,,3.0,3.5,,,3.0,3.5,,,5.0,4.0,4.5,4.0,4.0,3.0,4.0,4.0,,3.0,3.0,3.0,3.0,4.0,4.0,3.0,4.0,4.0,,,4.0,4.0,,3.0,4.0,,4.5,4.0,4.0,4.0,5.0,,4.0,5.0,,,3.0,2.5,,4.0,,1.0,3.5,,4.0,4.0,5.0,,5.0,5.0,4.0,4.0,4.5,,4.0,4.5,4.0,4.0,4.0,4.0,4.0,4.0,4.0,4.0,5.0,4.5,4.5,4.5,4.0,,4.0,,4.0,4.0,4.0,5.0,4.5,3.0,,4.5,4.0,4.0,4.0,3.0,3.0,4.0,4.0,4.0,4.0,4.0,4.0,4.0,4.0,4.0,4.5,3.0,4.0,,4.0,,3.5,3.0,3.5,4.0,3.0,3.5,3.5,4.0,,,4.0,3.5,3.0,3.0,4.0,3.0,3.5,4.0,3.5,4.5,,4.0,3.0,3.5,3.0,4.0,4.5,4.0,4.0,3.5,4.0,4.0,,4.0,4.0,,4.0,3.0,,4.0,4.0,4.0,4.5,,4.0,3.0,5.0,3.5,4.0,3.5,4.0,2.5,2.0,4.0,3.0,4.0,4.5,4.5,4.0,4.5,,4.0,4.5,4.5,4.0,4.5,4.5,4.0,4.5,4.0,3.5,,3.0,4.0,4.0,3.0,4.0,3.5,4.0,4.0,4.0,4.0,,4.0,3.0,3.0,,4.0,3.5,3.5,4.5,4.5,3.0,3.0,4.0,3.0,2.5,5.0,4.0,3.0,3.5,4.0,4.0,3.5,4.0,4.0,,4.5,4.0,3.5,3.5,4.0,4.0,3.5,3.5,4.0,4.0,3.5,4.0,4.0,4.5,2.5,4.0,2.5
49817,2.5,4.5,5.0,3.0,4.0,3.0,3.5,,2.5,,,,4.0,3.0,4.0,2.5,3.0,,2.0,2.5,,2.5,3.5,4.5,3.5,3.0,4.0,4.5,5.0,3.0,,3.5,3.5,3.5,,1.5,3.5,,3.0,,2.5,3.5,,2.5,2.5,3.5,,,3.0,5.0,,,3.5,4.0,4.0,3.0,5.0,,3.5,4.0,4.0,3.0,3.0,2.5,2.0,4.5,,,3.5,,,,,,,4.0,,5.0,4.0,,,4.0,4.0,4.5,3.5,3.5,4.0,4.5,4.5,4.0,4.5,4.0,5.0,4.5,4.0,5.0,5.0,3.5,4.5,4.0,,5.0,4.5,4.5,,4.5,4.5,4.5,3.0,4.5,,4.0,4.0,4.5,4.0,4.5,4.5,4.5,3.0,3.0,3.0,4.0,4.5,3.0,3.0,3.5,4.0,4.5,3.0,1.5,3.0,3.0,3.0,3.5,4.0,4.5,3.5,3.5,4.5,3.5,4.5,3.0,4.0,4.5,4.0,4.0,3.0,3.5,2.5,3.0,4.5,4.0,5.0,3.5,3.5,3.5,3.5,2.5,5.0,4.0,3.0,4.0,3.5,3.5,3.5,4.0,,3.5,3.5,4.0,4.0,,4.5,,,2.5,3.0,3.0,2.0,3.0,,3.5,4.5,5.0,3.0,4.0,4.5,3.0,4.0,4.0,,3.5,4.0,4.5,,4.0,4.5,2.5,,,,3.5,3.5,4.0,4.0,3.5,3.5,,5.0,3.0,4.0,4.0,4.0,3.5,4.0,,4.5,4.0,2.5,3.5,4.0,2.5,3.0,5.0,4.5,,4.0,4.5,4.5,,5.0,4.0,4.5,5.0,3.5,3.0,4.0,,,,2.5,4.5,,4.5,4.0,,,4.0,3.5,4.0
50168,2.0,5.0,4.0,4.0,,,5.0,,,2.0,0.5,,1.5,,1.0,,4.0,,4.5,2.0,1.0,4.0,4.5,,,,,,1.0,5.0,,4.0,,4.5,,3.0,,4.0,,,,4.5,,5.0,1.5,,,,,,1.5,,1.0,5.0,1.0,3.0,4.5,,1.0,5.0,4.5,,4.5,3.0,,1.0,,,,,,4.5,4.5,,,5.0,1.0,1.0,,,1.0,,4.5,,1.0,4.0,2.0,1.0,1.0,,,4.0,,1.5,1.0,1.0,5.0,2.0,,,,,5.0,,0.5,,4.5,,4.0,4.5,,,1.0,,,,,,,,,1.0,5.0,1.0,4.0,,1.0,4.0,4.5,5.0,4.0,4.0,4.5,4.5,5.0,5.0,,4.5,1.5,4.5,4.5,1.0,4.0,,,,,,4.5,1.5,1.0,4.0,1.0,1.0,1.0,1.5,,3.0,0.5,1.5,,1.5,4.0,1.0,,1.0,,,,2.0,1.0,1.5,,4.0,1.0,4.5,1.0,4.5,,1.5,,2.0,1.0,5.0,4.5,1.0,0.5,1.0,5.0,1.5,,,,1.0,,4.5,4.5,4.5,1.0,4.5,,4.5,0.5,1.5,4.0,,5.0,1.0,4.5,1.0,,5.0,2.0,1.0,1.5,5.0,1.0,5.0,1.0,4.5,4.5,,4.0,0.5,1.5,4.5,5.0,1.0,1.0,,4.5,1.5,1.0,1.0,4.0,1.0,4.5,,1.0,1.0,1.0,5.0,1.0,4.5,5.0,,,,,
50297,,3.5,4.0,0.5,2.5,2.5,3.0,,3.0,2.5,3.5,2.0,3.5,,,2.5,1.0,1.0,2.5,3.0,1.0,2.5,3.0,4.0,,2.0,2.0,3.0,0.5,2.0,,3.0,2.5,3.0,,3.0,2.0,,,2.5,3.0,3.5,3.0,3.0,2.0,,3.5,3.0,,,4.0,1.5,3.0,4.0,4.0,3.5,5.0,,3.0,5.0,3.0,2.5,2.5,,2.5,3.5,,3.5,2.0,5.0,3.5,5.0,5.0,,4.5,4.0,5.0,4.0,,5.0,4.0,3.0,3.0,3.0,5.0,2.5,3.0,5.0,3.5,5.0,5.0,3.0,5.0,4.5,1.0,5.0,5.0,3.5,2.5,4.5,3.5,4.0,4.5,1.0,3.0,4.0,3.5,5.0,4.0,2.0,5.0,,2.5,3.0,3.5,3.0,,2.0,,4.0,,2.5,5.0,2.0,4.0,3.0,4.0,5.0,4.0,,2.0,4.0,,1.5,2.0,2.5,4.0,3.0,3.5,1.0,5.0,2.0,4.0,4.0,3.0,3.0,3.0,4.0,,,4.5,3.5,3.0,3.0,2.5,2.5,3.0,,5.0,4.0,3.0,3.0,,2.5,,3.0,5.0,3.0,2.0,4.0,3.5,3.5,3.0,1.5,5.0,2.5,1.0,3.5,1.5,4.0,2.5,3.5,3.0,2.5,4.0,5.0,1.5,2.5,2.5,3.5,4.0,3.0,3.5,2.5,3.0,1.5,2.5,3.0,,1.5,4.0,3.0,4.0,4.0,2.5,3.0,5.0,2.0,3.5,,3.0,,4.5,3.0,3.5,2.5,3.0,4.0,1.0,4.0,3.5,2.5,1.0,1.5,2.0,3.5,4.5,2.0,5.0,,4.0,3.0,1.5,4.0,3.0,,3.5,3.0,5.0,,,,,,,,3.0,,,
50367,3.0,2.0,,3.0,3.0,,2.5,2.0,2.5,2.5,,3.5,5.0,3.5,,2.0,,3.0,2.5,2.5,2.5,3.0,3.0,2.5,2.5,2.5,,,0.5,3.5,3.5,4.0,2.5,2.5,3.0,2.5,3.0,3.0,1.0,3.0,2.5,3.5,1.5,4.5,2.5,3.0,2.0,3.5,3.5,5.0,,,4.0,4.0,2.5,3.5,4.5,,3.0,4.5,,2.5,3.5,4.5,1.0,3.0,3.0,,3.5,3.5,2.0,4.5,4.0,,,2.5,3.0,3.0,,,1.0,3.0,,,4.0,4.0,3.0,5.0,5.0,,4.0,2.5,3.0,4.5,4.0,4.0,4.5,3.5,3.0,4.0,1.5,3.5,3.5,3.5,,3.0,4.0,5.0,5.0,3.5,4.0,2.5,4.0,,4.0,4.0,4.0,,2.5,4.0,3.5,3.5,4.0,2.0,2.5,3.0,4.0,2.5,1.5,4.0,3.5,3.5,3.5,3.0,,2.5,,2.5,3.5,2.5,4.0,2.5,2.5,2.0,3.0,,2.5,2.5,3.0,4.0,4.5,3.5,1.0,4.5,3.5,2.5,4.0,4.0,,4.5,2.5,5.0,4.5,3.5,,1.5,2.0,3.5,2.5,3.0,3.0,3.0,3.0,2.5,,3.0,4.0,1.5,2.5,3.5,,3.5,4.0,2.5,2.5,1.5,,,3.5,2.0,3.5,3.0,1.0,3.5,2.5,2.5,4.0,3.5,1.5,3.5,2.0,3.5,3.0,3.0,4.5,3.5,2.5,3.5,,3.5,3.5,,,2.5,4.5,3.5,4.5,1.5,4.5,5.0,3.5,3.0,3.5,1.5,0.5,4.0,3.5,3.5,4.0,3.0,2.0,4.0,2.5,3.5,1.5,3.0,4.5,,3.0,,2.5,2.0,2.5,4.0,,2.5,2.5,5.0,3.5,5.0
50943,2.0,5.0,5.0,1.5,5.0,2.0,5.0,,3.5,3.0,1.5,3.5,4.0,3.5,3.0,1.5,1.0,2.5,3.5,3.5,3.5,3.5,4.0,4.5,1.5,2.5,,3.5,5.0,2.5,2.0,3.0,3.0,3.5,3.5,2.0,2.5,4.0,3.0,3.5,2.5,4.0,3.5,4.5,4.0,2.5,,3.5,2.5,4.5,4.5,,,5.0,3.5,5.0,5.0,3.5,3.0,5.0,3.5,2.0,3.5,1.0,1.0,5.0,,5.0,3.0,,,4.0,4.0,4.0,4.0,3.5,5.0,3.0,3.5,5.0,5.0,3.0,5.0,4.0,4.0,3.5,5.0,5.0,5.0,3.5,4.5,3.5,,4.0,5.0,5.0,4.0,5.0,5.0,5.0,,3.5,5.0,4.0,4.5,4.5,5.0,4.5,5.0,3.0,4.5,3.5,4.5,4.0,4.5,4.0,4.0,5.0,,,,,5.0,2.5,,5.0,5.0,4.0,4.0,3.0,3.5,4.0,2.5,4.5,3.5,4.5,,4.5,3.5,3.5,4.5,2.5,4.0,5.0,3.0,5.0,4.0,4.0,3.0,4.0,4.0,5.0,4.0,4.0,3.5,4.0,5.0,5.0,,5.0,3.0,5.0,4.0,1.5,2.5,3.0,5.0,4.0,3.5,5.0,2.5,4.5,4.0,2.5,4.0,2.5,2.5,4.0,2.5,4.0,,4.0,5.0,5.0,5.0,4.5,,3.5,3.5,4.0,3.0,3.5,3.5,3.5,3.0,5.0,4.0,2.5,,3.5,3.5,4.0,4.0,4.0,4.0,5.0,5.0,2.0,4.0,4.0,3.0,4.0,4.5,4.0,3.5,4.5,4.0,4.0,3.5,4.0,4.0,1.0,3.0,4.0,4.0,4.5,3.5,4.0,4.5,4.0,4.5,3.0,4.0,5.0,4.5,4.0,3.0,4.5,4.0,4.0,2.0,3.5,4.0,4.5,4.0,4.5,3.5,4.0,,
51075,3.0,,4.0,,,,,3.0,4.5,,2.5,3.5,,4.0,,3.0,2.0,3.0,2.0,2.5,,,3.0,,,,,3.5,,3.5,3.0,3.5,3.5,4.0,4.0,4.0,3.0,,2.5,4.0,3.0,3.0,2.0,5.0,3.0,4.0,,,3.0,4.0,,,4.0,4.0,1.0,5.0,4.0,4.0,4.0,5.0,,3.0,4.0,4.0,,,,,4.0,4.0,,5.0,5.0,,5.0,4.0,5.0,4.0,4.0,,4.0,,4.0,,5.0,4.0,4.0,5.0,5.0,5.0,4.0,4.0,5.0,5.0,3.5,,4.5,3.0,3.5,,4.0,5.0,5.0,4.0,,4.0,4.0,4.0,4.0,4.0,5.0,4.0,4.0,,3.0,,3.5,3.0,2.5,5.0,4.0,,4.0,1.5,3.0,5.0,4.0,,,4.0,3.5,4.0,4.5,,,2.5,,4.0,4.0,3.0,3.0,4.0,,,4.0,4.0,,,2.5,4.0,,4.0,4.0,4.0,4.0,4.0,3.0,2.5,4.0,5.0,4.0,4.0,,,3.5,4.0,,4.0,,3.0,4.0,4.0,4.0,,,4.0,5.0,,2.0,5.0,2.0,4.0,,4.0,4.0,,5.0,4.0,,,4.0,,3.0,4.0,,4.0,5.0,,5.0,5.0,4.5,4.0,5.0,,4.0,3.5,,3.0,4.0,4.0,3.0,4.0,4.0,4.0,3.5,4.0,4.5,5.0,5.0,3.5,5.0,3.0,4.0,5.0,,4.0,4.0,3.5,4.0,4.0,3.5,4.0,3.5,5.0,3.5,4.0,2.0,,5.0,3.0,4.5,3.5,4.0,5.0,4.0,4.0,,1.5,5.0,4.5
51199,,5.0,4.5,,1.0,,2.0,3.0,,,,,5.0,,,,3.0,,,,4.0,,1.0,2.0,,,5.0,,3.0,,,,4.0,,,,,,,,,,,1.0,,,2.0,,,5.0,,,,4.0,2.0,3.0,5.0,,2.0,3.0,,,,3.0,4.0,1.0,3.0,1.0,,5.0,2.0,4.0,,4.0,4.0,5.0,5.0,3.0,5.0,4.0,2.0,2.0,,5.0,5.0,2.0,3.0,4.0,5.0,5.0,5.0,4.5,5.0,5.0,5.0,4.0,5.0,3.0,4.0,4.0,5.0,4.0,5.0,1.0,4.0,5.0,5.0,5.0,5.0,,5.0,4.0,3.0,5.0,5.0,5.0,5.0,4.0,,,,3.0,3.0,,4.0,5.0,3.0,3.0,1.0,1.0,,4.0,2.0,,,,3.5,4.0,5.0,,5.0,,3.0,5.0,3.0,5.0,4.0,4.0,,1.0,3.0,3.0,5.0,4.0,4.0,,,3.0,4.0,5.0,4.0,2.0,2.0,2.0,2.0,2.0,2.0,4.0,,,1.0,,3.5,,2.0,,2.0,1.0,,4.0,4.0,4.0,3.0,,5.0,4.0,,2.0,3.0,3.0,4.0,,2.0,3.0,5.0,,5.0,,4.0,,5.0,,5.0,4.0,5.0,4.0,5.0,2.0,3.0,4.0,,2.0,,4.0,2.0,4.0,5.0,5.0,1.0,4.0,3.0,4.0,2.0,3.0,4.0,,5.0,3.5,3.0,4.0,,3.5,2.0,5.0,2.5,3.5,4.0,2.5,4.5,3.5,3.0,2.5,4.0,4.5,2.0,5.0,4.5,4.5,4.0,1.5
51227,2.5,2.5,4.5,2.5,3.0,2.0,4.5,,2.0,3.5,,1.5,2.5,3.0,,0.5,2.0,1.5,1.5,1.5,4.5,,3.0,4.5,4.0,0.5,2.5,2.0,3.0,3.0,,3.0,4.0,2.5,1.5,2.5,2.5,1.0,2.0,3.0,1.0,3.5,2.5,2.5,3.5,1.5,,,,3.0,,,2.0,4.0,2.5,3.5,3.5,2.0,3.0,4.5,,3.0,3.0,2.5,0.5,3.5,,,2.0,4.0,4.0,4.0,5.0,,,4.5,5.0,5.0,3.5,,3.5,2.5,2.5,3.5,3.5,2.5,2.5,3.0,4.5,4.0,4.5,4.0,3.5,5.0,3.5,4.5,4.0,4.5,3.5,4.0,5.0,4.0,4.0,4.0,4.5,3.5,5.0,4.5,3.5,3.5,4.5,5.0,3.5,3.5,,4.0,4.5,3.5,3.0,3.0,3.0,2.0,4.0,4.0,1.5,3.5,2.5,3.5,1.5,1.0,1.0,2.5,2.5,4.0,3.5,4.5,4.0,3.0,4.0,2.5,3.5,2.0,1.5,5.0,,3.5,,3.5,0.5,2.0,4.0,3.0,4.0,4.5,3.5,3.5,4.5,3.0,5.0,4.5,3.0,4.0,2.5,1.5,4.0,2.5,4.0,3.5,2.5,4.5,2.5,,4.0,,,1.0,2.0,1.5,0.5,4.5,3.5,3.0,4.0,2.5,4.0,4.0,4.5,2.5,3.5,4.0,4.0,3.0,2.5,3.0,4.5,4.0,3.5,1.5,,2.0,,2.5,4.5,3.0,3.5,3.5,4.0,3.5,4.5,3.0,3.0,3.5,1.5,2.0,2.5,4.5,2.5,3.0,2.0,3.5,3.0,1.5,0.5,5.0,4.0,3.0,4.0,3.5,2.5,,1.5,4.0,3.5,3.5,3.5,1.5,3.5,3.0,2.5,,3.0,4.0,4.0,4.5,3.0,4.0,4.0,,,
51507,4.0,3.0,5.0,,4.0,3.0,4.5,,4.0,4.0,,,4.0,4.0,,3.0,,4.0,,4.0,4.0,,,4.0,,,5.0,5.0,4.0,4.0,,4.0,4.0,4.0,3.0,2.0,,,4.0,4.0,,3.0,,5.0,,,5.0,5.0,,4.0,5.0,,4.0,3.0,5.0,2.0,4.0,,4.0,4.0,4.5,3.0,3.0,3.0,,4.0,,3.0,4.0,4.0,4.0,4.0,5.0,3.0,4.0,4.0,3.0,4.5,3.0,,,3.0,,3.0,5.0,4.0,3.0,5.0,4.0,,4.0,5.0,5.0,4.5,2.0,4.0,5.0,4.0,5.0,5.0,5.0,5.0,3.0,4.0,4.0,5.0,3.0,4.0,5.0,,4.0,,4.0,5.0,5.0,5.0,5.0,4.0,3.0,4.0,3.0,2.0,5.0,4.0,5.0,4.0,4.0,4.0,3.5,3.0,3.0,4.0,4.0,4.0,,3.0,5.0,4.0,5.0,3.0,4.0,4.0,4.0,4.0,4.0,4.0,4.0,4.0,4.0,4.0,5.0,4.0,5.0,4.0,3.0,3.0,4.0,3.0,5.0,5.0,4.0,5.0,5.0,3.0,3.0,3.0,3.0,3.5,,,4.0,,4.0,4.0,3.5,3.0,3.0,1.0,,3.5,3.0,5.0,4.0,,,4.0,,4.0,4.0,5.0,5.0,,4.0,5.0,4.0,,5.0,,4.0,3.0,4.0,4.0,2.0,5.0,4.0,4.5,3.0,4.0,5.0,5.0,4.0,4.0,3.0,4.0,3.0,4.0,5.0,4.0,1.0,4.0,4.0,,,4.5,4.5,,4.5,4.0,5.0,2.0,3.5,4.5,,3.0,5.0,4.0,4.0,4.5,3.5,3.5,3.5,4.0,4.5,4.5,4.0,3.0,4.5,5.0,3.5,5.0
51558,3.0,4.0,3.5,2.0,4.0,1.5,0.5,3.0,3.5,3.5,0.5,2.5,4.0,4.0,3.5,3.5,3.5,4.0,1.0,3.5,2.0,4.5,2.0,1.0,4.0,3.0,4.5,3.5,0.5,4.0,4.0,4.0,4.5,2.5,4.0,3.0,3.5,3.5,1.0,4.0,2.0,5.0,1.0,4.0,1.5,4.0,5.0,3.0,4.5,4.0,3.5,3.0,4.5,3.5,4.0,2.5,3.0,3.5,3.5,2.0,2.5,3.5,5.0,4.5,2.5,2.0,3.0,1.5,4.0,3.0,2.0,,,,4.0,3.0,3.0,4.0,4.5,3.0,3.5,2.5,3.0,1.0,4.0,4.5,4.0,4.0,5.0,,4.5,,5.0,3.0,3.0,4.0,5.0,2.0,4.0,,,,4.0,4.5,4.0,4.5,2.0,3.0,5.0,2.0,1.5,3.0,5.0,4.0,4.5,3.5,4.0,4.0,3.0,3.5,3.5,3.0,4.5,2.0,5.0,2.0,3.5,2.5,4.0,3.5,3.0,3.5,4.0,2.5,3.5,4.0,3.5,2.5,3.0,0.5,4.5,4.0,0.5,1.0,2.5,,2.5,3.5,4.5,4.0,4.5,4.0,1.0,4.5,4.0,3.0,4.0,4.5,3.5,4.0,3.5,5.0,4.0,3.5,4.0,4.0,2.0,5.0,3.0,0.5,4.5,3.0,2.0,1.5,2.0,4.0,1.5,4.0,1.0,4.0,2.0,4.5,3.0,2.5,3.5,3.0,1.0,2.0,2.0,1.5,,3.0,3.0,5.0,5.0,3.0,5.0,3.5,3.5,3.5,2.0,3.0,4.0,3.0,2.0,5.0,1.0,4.0,4.0,4.0,4.0,4.0,5.0,5.0,5.0,0.5,4.5,2.0,4.0,4.5,3.5,3.5,4.0,,4.5,3.5,5.0,4.5,4.5,4.0,1.5,5.0,4.0,4.0,,4.0,4.0,,4.5,3.0,4.5,3.0,,4.0,5.0,4.5,3.5,3.5,5.0,3.0
51703,3.0,5.0,4.0,4.0,3.0,3.0,5.0,2.0,3.0,3.0,3.0,5.0,4.0,4.0,3.0,3.0,2.0,2.0,2.0,3.0,3.0,3.0,2.0,3.0,3.0,2.0,,5.0,3.0,3.0,3.0,4.0,3.0,3.0,3.0,4.0,3.0,3.0,2.0,2.0,4.0,4.0,3.0,4.0,3.0,3.0,2.0,,2.0,4.0,4.0,2.0,4.0,5.0,3.0,4.0,4.0,4.0,3.0,3.0,3.0,2.0,4.0,4.0,2.0,5.0,2.0,2.0,4.0,3.0,,3.0,4.0,2.0,,,3.0,,3.0,3.0,4.0,2.0,3.0,,5.0,4.0,4.0,3.0,4.0,2.0,4.0,3.5,3.0,4.0,4.0,5.0,4.0,4.0,,4.0,3.0,3.5,5.0,3.0,,4.0,4.0,4.0,5.0,4.0,,3.0,5.0,3.0,4.0,3.0,3.0,2.0,,2.0,2.0,1.0,4.0,3.0,5.0,3.0,4.0,5.0,3.0,4.0,5.0,3.5,4.0,5.0,4.0,4.0,3.0,3.0,5.0,4.0,5.0,3.0,4.0,3.0,4.0,3.5,3.0,5.0,5.0,5.0,4.0,5.0,3.0,3.0,2.0,3.0,4.0,5.0,,5.0,2.0,4.0,4.0,3.0,4.0,4.0,2.0,3.0,3.0,3.0,4.0,3.0,4.0,4.0,3.0,3.0,4.0,3.0,2.0,4.0,4.0,3.0,5.0,4.0,3.0,4.0,3.0,3.0,5.0,3.0,3.0,3.0,3.0,4.0,4.0,4.0,5.0,4.0,3.0,5.0,2.0,5.0,3.0,3.0,5.0,3.0,5.0,3.0,3.0,3.0,4.0,3.0,5.0,3.0,4.0,3.5,4.0,4.0,5.0,5.0,5.0,4.0,4.0,3.0,4.5,4.0,4.5,5.0,3.5,3.0,3.5,4.0,5.0,5.0,4.0,4.5,5.0,4.0,4.5,3.5,3.5,5.0,3.0,4.5,4.5,4.0,4.0,4.0,4.0,4.0
52009,,2.0,3.5,3.0,5.0,1.0,2.0,,0.5,3.0,2.0,2.0,4.0,3.0,2.0,1.0,,1.0,,,5.0,2.0,0.5,4.0,1.0,,5.0,2.0,0.5,3.0,,2.0,4.0,1.0,3.0,2.0,1.0,1.0,,,,0.5,1.0,1.0,,1.0,2.0,5.0,,2.0,2.0,1.0,1.0,2.0,,1.0,5.0,,2.0,5.0,4.5,,2.0,1.0,,5.0,,3.0,3.0,3.0,3.5,,,,4.0,1.0,5.0,1.0,,5.0,0.5,1.0,1.0,5.0,3.0,1.0,3.0,5.0,4.0,5.0,4.0,,,0.5,1.0,2.0,1.0,4.0,3.0,,4.0,,2.0,2.5,4.5,,3.5,2.0,2.0,,4.0,2.0,2.0,,,4.0,4.0,1.0,1.0,1.0,1.0,1.0,4.0,4.0,4.0,5.0,,2.0,2.0,1.0,3.0,3.0,2.0,1.5,1.0,2.0,5.0,3.0,4.0,1.0,5.0,1.0,5.0,5.0,5.0,,5.0,5.0,3.0,4.0,2.0,4.0,2.0,1.0,1.0,2.0,3.0,1.0,,5.0,1.0,3.5,3.5,4.0,3.0,2.0,4.0,2.0,,2.0,1.0,4.0,0.5,1.0,5.0,3.5,1.0,2.0,1.0,2.0,5.0,4.0,5.0,,1.0,5.0,,2.0,3.0,2.0,4.0,3.0,4.5,3.0,5.0,2.0,2.5,1.0,4.0,1.0,1.0,1.0,5.0,5.0,5.0,2.0,3.0,4.0,2.0,4.0,1.0,2.0,4.0,4.0,5.0,5.0,3.0,5.0,2.0,5.0,3.5,2.0,3.0,,4.0,2.0,4.0,2.5,4.0,4.0,3.5,4.0,2.0,3.5,4.0,3.0,2.5,4.0,3.0,3.0,3.0,2.5,4.5,5.0,3.5,2.5,3.5,4.0,0.5,4.0
52116,2.0,3.0,3.0,1.0,4.0,2.5,5.0,1.5,0.5,,0.5,1.0,3.0,2.0,2.0,2.5,3.0,1.0,1.5,1.0,4.5,1.5,0.5,4.5,1.0,0.5,2.0,2.0,3.5,1.5,0.5,2.5,0.5,2.0,2.5,1.0,,4.5,2.0,0.5,3.0,2.0,2.0,4.5,2.5,1.5,3.0,3.5,1.0,5.0,,,2.0,4.5,3.0,4.5,4.5,4.0,1.0,4.5,2.0,2.0,2.0,2.5,1.0,4.5,1.0,2.0,1.5,4.5,4.5,5.0,5.0,,,5.0,5.0,5.0,4.0,,3.0,0.5,1.5,,5.0,1.5,2.5,,5.0,,5.0,5.0,4.5,4.5,5.0,5.0,5.0,5.0,4.0,4.5,4.5,,3.5,3.5,1.5,4.0,5.0,3.5,3.5,4.0,5.0,5.0,4.0,3.0,2.5,,1.5,2.5,0.5,,0.5,3.0,4.5,3.5,2.0,3.0,3.0,3.0,0.5,3.5,2.0,2.0,2.5,1.0,3.0,,4.5,2.0,1.0,2.0,2.5,2.0,4.5,5.0,,,0.5,5.0,2.0,0.5,3.0,3.5,5.0,3.5,3.0,3.5,2.5,2.5,4.5,2.5,2.0,5.0,2.5,1.0,1.5,3.0,,,1.5,4.0,2.0,,4.0,0.5,,1.5,2.0,1.5,0.5,3.0,1.0,2.0,4.5,3.0,3.0,4.5,4.5,1.0,2.5,5.0,,,2.0,3.5,4.0,4.5,4.0,1.0,2.0,1.5,,3.5,1.5,3.5,4.5,2.0,4.5,0.5,4.0,4.5,3.5,3.0,5.0,2.0,2.5,3.0,3.5,2.0,2.5,2.0,3.0,0.5,2.0,,4.0,0.5,1.5,0.5,5.0,2.5,3.5,3.5,0.5,2.0,3.0,3.0,3.0,,5.0,4.5,2.0,4.0,4.0,5.0,4.5,3.0,3.5,3.0,3.0,
52260,4.0,3.5,3.0,3.5,3.5,3.5,4.0,3.0,3.5,3.0,3.5,3.0,4.0,4.0,,4.0,3.5,3.0,2.5,3.5,3.0,3.0,3.5,,,3.0,,3.5,,3.5,3.0,4.0,4.0,3.0,4.0,4.0,,3.5,3.0,4.0,3.0,,3.5,4.5,3.5,4.0,,4.0,3.0,3.5,3.5,3.0,4.0,4.5,4.0,3.5,4.0,3.5,3.5,3.5,3.5,3.5,4.0,4.0,2.5,3.5,3.0,3.5,3.0,3.5,3.0,,,3.5,,3.5,3.5,3.5,4.0,3.0,3.0,3.0,,,4.0,3.5,4.0,3.0,4.0,,4.0,4.0,4.0,3.0,4.5,4.0,4.0,4.5,3.5,,3.0,4.0,4.0,3.5,4.0,4.0,3.0,4.0,4.0,4.0,3.0,3.5,4.5,3.5,4.0,3.5,4.0,,4.0,4.0,4.0,3.5,4.0,3.5,4.0,4.0,4.5,3.5,3.5,3.5,3.0,3.0,3.5,3.5,3.0,4.0,,4.0,4.0,3.0,4.0,3.5,3.0,3.0,3.0,3.5,3.5,3.5,4.0,3.0,3.5,4.0,3.5,3.0,3.5,3.5,4.0,3.5,4.0,4.5,4.0,4.0,4.0,3.5,4.0,3.0,3.5,,4.0,3.0,4.0,4.0,4.0,3.0,3.0,4.0,3.0,3.0,3.5,4.0,2.0,4.0,4.0,3.5,4.0,3.0,4.5,,4.0,4.0,3.5,3.5,3.5,3.5,3.5,4.0,4.0,3.0,4.0,3.5,3.5,4.0,4.5,3.5,3.5,,3.0,3.5,2.5,3.0,3.5,,2.5,4.0,4.5,3.5,3.5,4.0,3.0,4.0,4.0,3.0,3.5,4.0,4.5,3.0,3.0,4.0,3.0,3.0,4.0,3.5,4.0,5.0,3.5,3.5,4.0,3.5,4.0,4.0,4.0,4.0,,3.0,3.0,3.5,3.5,4.0,3.5,3.0
52439,2.0,3.0,,,3.5,,,,,,,,5.0,4.0,,3.0,2.5,,,3.0,2.0,,2.0,,,,,,0.5,3.0,2.0,4.0,4.0,3.0,3.0,4.0,3.0,,2.0,4.0,,4.0,3.0,4.0,2.0,3.0,4.0,3.0,4.0,4.0,,2.5,3.0,4.0,4.0,4.0,4.0,4.0,3.0,4.0,,2.5,4.0,4.0,1.0,1.0,,2.0,,5.0,3.0,4.0,5.0,4.0,4.0,4.0,5.0,3.0,3.0,,3.0,2.0,,,4.0,4.0,3.0,4.0,5.0,2.0,4.0,5.0,5.0,4.0,4.0,4.0,5.0,,5.0,4.0,4.0,5.0,4.0,4.0,,5.0,,5.0,4.0,,4.0,5.0,4.0,5.0,4.0,5.0,4.0,2.0,3.0,4.0,3.0,3.0,4.0,2.5,4.5,4.0,4.0,4.0,2.0,2.5,4.0,4.0,4.0,,,,1.5,4.0,2.0,2.5,4.0,3.0,,4.0,3.0,,3.0,3.0,,,5.0,5.0,4.0,4.0,3.0,3.0,4.0,4.0,3.0,4.5,4.0,4.0,4.0,3.0,4.0,4.0,3.0,4.0,4.0,2.5,4.0,,4.0,,4.0,1.0,3.0,2.0,2.0,4.0,3.0,4.0,2.0,4.0,3.0,2.0,3.0,,4.0,,4.0,3.0,3.0,4.0,4.0,4.0,4.0,,4.5,3.0,2.0,2.5,3.0,,4.0,4.0,3.0,3.0,2.5,4.0,2.0,,3.0,3.0,3.0,2.0,4.0,,2.0,3.0,4.0,3.0,4.0,,0.5,,3.5,3.0,4.0,3.0,,3.5,2.5,5.0,,4.0,4.0,2.5,4.0,,,,2.0,,3.0,2.0,,,,
52636,5.0,,,4.0,4.0,,4.5,3.0,4.0,4.0,,4.0,5.0,5.0,,4.0,,,4.0,4.0,,,2.0,,,3.0,4.0,,3.0,,4.0,,,4.0,4.0,4.0,4.0,4.0,3.0,,4.0,4.0,,4.0,4.0,4.0,,,,5.0,4.0,2.0,5.0,4.0,5.0,4.0,5.0,4.0,4.0,3.0,,4.0,4.0,5.0,4.0,,3.0,2.5,4.0,3.0,4.0,5.0,4.0,4.0,4.0,5.0,2.0,2.0,4.0,,4.0,3.0,5.0,,4.0,5.0,4.0,5.0,5.0,,5.0,4.0,4.0,,4.0,,5.0,4.0,,3.0,4.0,4.0,4.0,5.0,3.0,4.0,4.0,4.0,4.0,,5.0,4.0,5.0,,4.0,4.0,4.0,4.0,4.0,4.0,3.0,4.0,4.0,3.0,4.0,3.0,5.0,,3.0,4.0,4.0,4.0,5.0,5.0,,4.0,,,4.0,4.0,5.0,,3.5,,,5.0,,,4.0,5.0,5.0,5.0,4.0,5.0,4.0,4.0,,4.0,4.0,5.0,4.0,,5.0,4.0,,4.0,,4.0,,3.0,4.0,,4.0,,3.5,4.0,3.0,3.0,4.0,4.0,4.0,5.0,3.0,4.0,4.0,3.0,,4.0,5.0,3.0,4.0,4.0,4.0,3.0,,5.0,5.0,4.0,3.0,5.0,2.0,4.0,4.0,3.0,4.0,5.0,4.0,3.0,,4.0,4.0,4.0,3.0,5.0,4.0,,4.0,4.0,3.5,4.0,4.0,3.5,3.0,,3.0,4.0,4.0,4.0,4.5,4.0,3.0,4.5,,4.0,3.0,,4.0,,4.0,,,,,,,,,,,
52877,2.0,3.0,4.0,2.0,3.0,,4.5,1.5,2.0,4.0,,,2.0,,4.0,1.0,,3.0,3.5,4.5,5.0,2.5,3.5,4.5,2.0,1.5,,2.5,3.5,3.5,2.0,3.0,,3.0,3.0,2.5,3.0,3.0,3.0,3.0,4.0,,3.0,4.5,2.5,3.5,,,2.0,4.5,4.5,2.5,2.0,5.0,2.5,4.5,5.0,4.5,0.5,4.5,,,2.5,3.0,2.0,4.5,1.5,3.5,3.5,2.0,,4.0,4.5,,5.0,,5.0,5.0,3.5,3.5,5.0,2.0,,,2.0,2.5,3.5,5.0,4.5,4.5,5.0,,,4.5,4.0,5.0,5.0,4.0,3.5,4.5,5.0,4.5,5.0,4.0,,,5.0,5.0,3.5,4.0,4.5,5.0,4.0,4.5,2.5,4.0,4.0,4.0,3.0,5.0,4.0,3.5,4.0,4.0,,3.5,,4.5,4.0,1.0,3.0,2.5,2.0,2.5,,3.5,4.5,3.0,4.0,3.0,,3.0,4.0,5.0,4.5,4.5,4.5,4.0,1.0,,3.5,4.5,5.0,3.5,2.5,4.0,4.0,3.0,,3.0,3.0,5.0,2.0,2.5,4.0,4.0,4.0,,3.0,3.5,3.5,4.5,4.0,,4.0,3.5,2.5,3.0,,5.0,3.5,4.0,4.5,4.5,4.0,4.5,5.0,,2.5,4.5,3.0,4.0,2.5,2.0,5.0,5.0,2.5,,4.0,,4.5,3.0,3.5,3.5,4.0,2.5,4.5,3.0,3.5,2.5,2.0,3.5,4.5,4.0,3.5,5.0,,,2.5,4.0,2.0,2.0,1.5,5.0,5.0,4.0,3.0,2.0,3.0,3.5,4.0,3.5,,4.0,4.0,,3.0,3.0,3.5,4.0,4.0,4.0,4.0,3.0,3.5,3.5,3.5,4.0,3.0,4.0
53346,2.0,4.0,5.0,3.0,4.0,,4.0,2.0,2.0,,3.5,3.0,3.5,3.0,3.5,3.0,,,4.0,3.0,4.0,,2.0,,3.5,,,3.0,2.0,3.0,2.0,3.0,2.5,3.0,3.0,3.5,1.0,3.0,1.0,3.5,1.0,2.0,3.0,3.5,2.0,2.0,,4.0,2.0,3.5,3.5,4.0,3.0,4.0,3.5,3.5,4.0,3.0,3.5,4.5,3.5,3.5,3.5,1.0,,5.0,3.0,,3.0,5.0,,4.0,4.0,4.5,4.5,5.0,5.0,3.5,3.0,4.5,5.0,2.0,3.5,3.5,4.0,4.0,3.0,,5.0,4.0,5.0,,,4.5,3.5,5.0,5.0,4.0,5.0,5.0,3.5,4.0,5.0,3.0,4.0,,4.0,4.0,4.0,5.0,,,3.0,,3.0,4.5,4.5,2.0,3.0,4.0,4.0,3.0,5.0,2.0,3.5,4.0,2.0,4.5,2.0,2.5,3.5,4.5,3.5,3.5,3.5,5.0,3.5,4.0,3.5,3.5,3.5,2.0,4.0,3.5,,4.0,,4.0,3.0,3.0,4.0,3.5,4.0,4.0,4.0,3.5,3.5,3.5,,3.5,3.0,4.0,3.5,4.0,2.0,3.5,4.5,3.5,3.5,4.0,3.0,2.0,5.0,3.5,4.0,2.0,1.0,,,4.0,3.0,2.0,3.5,4.0,4.0,5.0,4.5,3.5,3.0,,4.0,,3.5,4.0,3.0,4.5,3.0,2.5,4.0,3.0,3.5,2.5,4.5,3.0,4.0,3.5,4.5,1.0,3.0,3.5,3.5,3.0,3.5,3.0,2.0,4.5,,3.0,2.5,3.5,3.0,3.5,2.0,4.0,4.5,3.0,4.0,3.0,5.0,3.0,3.5,3.5,1.5,4.0,4.5,4.0,3.0,3.5,4.5,4.0,3.0,3.5,4.0,4.5,3.5,3.5,4.0,4.5,4.0,3.5
53640,1.0,5.0,,3.0,3.5,3.0,5.0,4.0,3.0,3.0,5.0,3.0,3.0,,2.0,4.0,,3.0,2.0,4.0,5.0,,5.0,4.5,,3.0,,,2.0,4.0,,3.5,4.5,2.0,4.0,4.0,3.0,4.0,,,3.0,4.0,0.5,5.0,3.0,,,,,3.5,3.0,2.0,5.0,5.0,5.0,4.0,5.0,,4.0,4.0,4.5,3.0,5.0,3.0,2.0,4.5,4.0,3.0,3.5,,4.0,3.5,,,3.5,,4.5,3.0,,3.0,,2.0,4.0,3.0,4.0,3.0,4.0,,4.0,,,5.0,3.0,3.0,5.0,4.5,,4.0,4.0,,5.0,3.5,4.0,,3.0,,,4.0,5.0,,,,4.0,4.5,,4.0,4.0,4.0,,,,,4.0,1.0,4.0,,3.0,4.0,1.0,3.0,2.0,2.0,3.0,4.0,3.0,4.5,4.5,,3.0,3.0,2.0,2.0,4.0,5.0,4.0,3.0,3.0,4.0,4.0,4.0,,4.0,4.0,3.0,2.0,4.0,,3.0,,4.0,3.5,4.0,4.5,2.0,1.0,4.0,3.0,,,5.0,,3.5,,3.0,5.0,3.0,2.5,1.0,2.0,3.0,4.0,4.5,5.0,5.0,3.0,4.0,4.0,5.0,3.0,4.5,4.5,,5.0,3.0,3.0,3.0,5.0,2.0,5.0,4.0,4.0,1.0,2.5,3.0,3.0,,5.0,4.0,3.5,4.0,4.5,4.5,4.0,2.0,4.0,3.0,5.0,5.0,2.5,3.0,4.5,,3.0,4.5,4.5,3.5,4.0,4.0,5.0,4.0,3.5,4.0,3.0,4.0,4.0,3.0,4.0,4.5,4.0,3.5,3.5,4.0,3.5,4.0,4.0,5.0,4.0,4.0,4.0,5.0
53853,,,,,,,,,,,,,,,,,,,,,,,,,,,,,,,,,,,,,,,,,,,,,,,,,,,,,,,,,,,,,,,,,,,,,,,,,,,,,,,,,,,,,,,,,,,,,,,,,,,,,,,,,,,,,,,,,,,,,,,,,,,,,,,,,,,,,,,,,,,,,,,,,,,,,,,,,,,,,,,,,,,,,,,,,,,,,,,,,,,,,,,,,,,,,,,,,,,,,,,,,,4.0,,2.5,4.0,,3.5,3.0,,1.5,2.5,2.0,4.5,3.5,3.0,3.0,2.5,2.0,1.5,,3.5,,1.5,4.0,3.5,2.5,3.0,2.0,3.0,3.5,4.0,4.0,,,3.5,,,2.0,3.5,3.5,,2.0,2.5,3.5,3.5,3.0,3.0,3.5,,
53998,3.0,4.5,4.0,3.5,4.0,2.5,4.5,,,,,3.0,3.5,3.5,3.5,3.0,,,2.5,3.0,4.0,,2.5,,,2.0,,3.0,4.0,3.5,,3.5,4.0,3.0,3.5,3.5,,,,,3.0,3.0,3.0,3.5,3.5,,4.0,,3.5,,4.0,,3.5,3.5,3.5,4.0,5.0,3.5,4.0,4.5,3.5,,3.5,3.0,1.0,4.0,3.5,,3.5,4.5,4.0,5.0,4.0,4.5,4.0,4.5,4.5,3.0,4.0,3.5,,3.5,2.5,,4.0,3.5,4.0,4.0,4.0,4.0,4.0,4.5,4.0,4.0,4.0,4.0,5.0,4.0,4.0,4.0,4.5,4.0,4.0,3.5,,4.0,4.0,4.0,4.0,2.5,4.0,4.0,4.5,4.0,,4.0,4.0,3.0,,,,4.0,3.5,3.5,4.0,4.0,4.0,4.0,3.5,3.0,3.0,3.5,3.5,4.0,3.0,4.0,4.5,4.0,4.0,3.0,4.0,3.5,4.0,4.5,,,3.5,4.5,,,4.0,4.0,4.0,4.0,3.5,3.5,4.0,4.0,4.0,4.0,,4.0,3.5,3.0,3.5,4.0,3.5,3.5,3.5,3.5,,,3.5,3.0,4.0,2.5,3.5,3.0,2.0,4.0,,4.0,4.5,3.5,3.5,4.0,4.0,3.5,4.0,4.5,3.5,,4.0,3.5,3.5,3.0,3.5,2.0,4.0,,,3.5,4.5,4.0,4.5,3.5,5.0,4.0,4.0,4.5,3.0,4.0,4.0,4.0,4.0,3.5,4.0,3.5,,3.5,4.5,,3.5,4.5,,3.5,4.0,,4.0,3.0,4.0,4.0,,4.0,4.5,4.5,4.0,,3.5,3.5,3.5,4.0,4.0,4.0,4.0,3.5,4.5,4.5,3.5,4.5
54107,2.0,4.5,,4.0,4.0,,5.0,4.0,,1.5,,,4.5,,,,,2.5,,3.0,4.0,,2.5,5.0,3.5,,,,4.5,2.5,2.0,,4.5,2.5,4.0,5.0,2.0,,1.5,4.0,,,2.5,4.0,,3.0,5.0,4.5,2.5,,,,4.5,5.0,,4.5,5.0,5.0,3.5,5.0,3.0,3.0,,2.5,,4.0,4.5,,,5.0,,5.0,5.0,5.0,5.0,5.0,5.0,5.0,5.0,,4.0,,,5.0,5.0,,4.5,4.0,5.0,4.0,,4.0,5.0,5.0,4.0,5.0,5.0,,,5.0,5.0,,5.0,2.5,,5.0,4.5,4.0,4.5,,5.0,5.0,4.0,,,4.5,4.5,,,,4.0,2.5,5.0,4.0,4.5,5.0,5.0,5.0,4.0,3.0,,3.0,3.5,,2.5,5.0,5.0,4.5,5.0,3.0,,4.0,5.0,,4.5,4.0,,3.5,4.0,1.5,4.0,,5.0,,,4.0,3.0,4.5,5.0,4.5,4.0,,,,,4.0,3.5,4.5,3.0,5.0,,3.5,4.0,3.0,4.5,2.5,3.0,3.0,2.0,4.0,,4.5,4.0,4.0,,5.0,5.0,4.0,2.5,5.0,4.0,4.0,5.0,4.5,,4.0,3.0,,4.0,,4.5,3.5,5.0,,4.0,3.0,,4.0,,3.0,4.0,4.0,4.0,3.0,4.0,4.5,2.5,4.0,3.0,4.5,4.0,1.0,3.5,5.0,5.0,3.5,4.0,2.0,4.5,,4.0,3.5,2.5,5.0,4.5,4.0,4.5,3.0,5.0,4.0,3.5,2.0,4.0,5.0,4.5,4.0,4.5,5.0,4.0,3.0
54113,,,4.0,,5.0,,4.0,4.0,4.0,,4.0,,4.0,,,,4.0,,,,,,,5.0,,,5.0,,,,,5.0,4.0,,,3.0,,,,4.0,,4.0,4.0,3.0,4.0,3.0,4.5,,4.0,,4.0,,4.0,4.0,5.0,4.0,5.0,5.0,4.0,5.0,,,4.0,,,4.0,4.0,,,,4.0,5.0,5.0,5.0,5.0,4.0,5.0,5.0,5.0,,4.0,4.0,4.0,4.0,4.5,4.0,5.0,5.0,5.0,5.0,4.0,5.0,5.0,5.0,3.0,4.5,,4.0,4.0,4.0,5.0,5.0,4.0,5.0,5.0,5.0,4.0,5.0,5.0,,5.0,4.0,5.0,5.0,4.0,5.0,5.0,,4.0,5.0,5.0,3.0,4.0,2.0,,5.0,,,3.0,,4.0,4.0,4.0,,4.0,5.0,,5.0,5.0,4.0,5.0,3.0,,,5.0,4.0,3.0,5.0,3.0,3.0,4.0,5.0,,3.0,3.0,5.0,3.0,3.0,5.0,4.0,5.0,4.0,,3.0,,5.0,5.0,3.0,4.0,5.0,3.0,4.0,3.0,4.0,5.0,,2.0,2.0,,3.0,,5.0,5.0,4.0,5.0,5.0,5.0,3.0,,,5.0,3.0,5.0,5.0,4.5,4.0,4.0,3.0,5.0,3.0,5.0,3.5,4.0,,,,5.0,,,5.0,4.0,,5.0,4.0,4.0,4.0,,5.0,,4.0,5.0,3.0,3.0,5.0,5.0,,4.0,3.5,4.5,4.0,4.0,4.0,4.0,4.5,4.5,3.5,,4.0,4.5,,4.0,,,5.0,,,,,,
54305,,4.5,3.5,,3.5,1.5,4.5,,,2.0,,1.0,3.5,4.0,,,2.0,,2.5,2.0,2.5,2.0,3.0,4.0,,,,,3.5,2.5,,3.5,2.5,2.0,,3.5,,3.0,,,,2.5,,2.5,,3.0,4.5,3.5,,2.0,3.0,,1.5,4.0,3.0,3.0,4.5,3.5,,5.0,2.5,,2.5,0.5,,3.5,,2.5,3.0,3.5,2.5,4.5,4.0,3.0,3.5,,5.0,4.5,,3.5,2.5,0.5,3.5,3.5,3.5,,3.0,4.5,3.5,4.5,4.5,3.5,3.5,5.0,2.0,4.5,5.0,4.0,3.5,4.0,5.0,4.5,4.0,3.0,,3.5,4.0,4.0,3.0,2.0,3.5,2.5,2.5,3.5,,3.5,3.5,3.0,,,,2.0,5.0,2.0,2.5,3.5,3.0,3.5,3.0,1.5,2.5,3.0,1.0,3.5,2.5,4.0,4.5,4.0,3.0,3.0,3.5,2.0,4.0,4.5,4.0,2.5,2.0,2.0,1.5,0.5,3.0,3.0,4.5,2.5,1.5,3.0,,2.0,4.0,3.5,,3.0,2.0,2.0,3.5,3.0,5.0,2.5,,4.5,2.5,4.0,3.5,,4.5,2.0,1.5,2.0,,3.5,3.0,,3.0,2.0,2.5,4.0,3.5,3.0,2.5,4.0,3.5,3.0,3.0,4.5,4.5,2.5,2.5,,,,4.0,2.5,4.5,3.5,3.5,3.0,4.5,3.0,3.5,2.0,4.0,2.5,4.5,,3.5,4.5,,3.5,2.0,4.5,3.0,2.0,2.0,3.5,3.5,2.5,3.0,1.0,3.5,1.5,3.0,3.5,,3.0,3.5,,4.0,3.0,3.5,,,2.5,3.0,3.5,3.5,2.5,2.0,3.5,2.5,2.5
54465,4.0,5.0,5.0,3.5,3.5,3.5,5.0,3.5,3.5,4.0,4.0,5.0,4.0,3.5,5.0,4.0,3.5,3.5,3.5,4.0,5.0,3.0,4.0,4.0,3.5,3.0,,,4.5,4.0,3.5,4.0,,4.0,4.0,4.0,3.0,4.5,3.0,3.0,3.5,3.0,3.5,5.0,4.0,4.0,,,4.5,5.0,4.5,2.0,3.0,5.0,3.5,4.0,5.0,4.0,3.0,5.0,3.0,3.5,4.5,4.5,3.0,5.0,3.0,3.5,4.0,,4.0,4.5,5.0,,,3.5,,2.5,3.5,4.5,3.5,4.0,4.0,,4.0,4.5,4.0,5.0,5.0,,5.0,4.0,4.0,5.0,5.0,5.0,5.0,5.0,,,,,5.0,3.0,4.5,3.0,5.0,5.0,5.0,4.0,5.0,4.5,5.0,,4.5,,3.5,4.0,4.0,5.0,4.0,4.0,5.0,3.5,3.0,3.5,4.5,4.5,5.0,4.5,4.0,4.0,3.5,3.5,4.0,3.5,4.0,3.0,4.0,4.5,5.0,4.0,4.5,4.5,4.5,4.5,4.0,,3.5,4.0,4.5,3.0,5.0,5.0,5.0,5.0,4.0,5.0,5.0,5.0,3.0,3.0,3.0,3.0,4.5,3.5,3.0,3.0,3.0,4.0,3.5,5.0,5.0,4.0,2.5,4.5,4.0,4.0,3.5,5.0,3.0,4.0,4.5,5.0,5.0,3.0,5.0,4.0,4.0,3.0,4.5,3.5,,3.5,3.0,5.0,4.5,3.0,3.5,3.5,3.0,5.0,5.0,4.5,5.0,5.0,5.0,3.0,4.5,5.0,4.0,4.5,5.0,3.0,4.5,3.0,4.0,5.0,5.0,4.5,4.0,3.5,4.5,5.0,,3.5,4.5,5.0,3.5,4.0,5.0,5.0,4.0,5.0,4.5,4.0,4.0,2.5,5.0,5.0,3.0,3.5,4.5,5.0,4.5,5.0,3.5,5.0,4.0,4.5
54494,,5.0,5.0,3.0,4.0,,2.0,3.0,3.0,3.0,4.0,4.0,4.0,4.0,4.0,5.0,,4.0,,,3.0,,3.0,4.0,4.0,,,4.0,,,3.0,4.0,5.0,4.0,4.0,4.0,4.0,3.0,,4.0,,,,,,,5.0,5.0,3.0,4.0,4.0,2.0,5.0,5.0,5.0,4.0,4.0,,5.0,4.0,4.0,,4.0,1.0,,4.0,3.0,3.0,4.0,5.0,5.0,5.0,5.0,5.0,5.0,4.0,5.0,5.0,4.0,4.0,2.0,5.0,,4.0,5.0,2.0,4.0,3.0,4.0,,,5.0,4.0,5.0,5.0,5.0,5.0,4.0,4.0,5.0,5.0,5.0,4.0,,4.0,3.0,5.0,5.0,5.0,,4.0,3.0,,5.0,4.0,5.0,5.0,,,,,1.0,5.0,,5.0,2.0,5.0,4.0,4.0,,2.0,4.0,4.0,5.0,2.0,4.0,4.0,5.0,4.0,,5.0,4.0,5.0,4.0,4.0,,4.0,5.0,,2.0,5.0,5.0,3.0,4.0,4.0,,,3.0,5.0,4.0,4.0,5.0,4.0,,4.0,,4.0,4.0,4.0,,3.0,5.0,,2.0,3.0,1.0,3.0,4.0,1.0,3.0,4.0,4.0,5.0,3.0,2.0,4.0,,4.0,4.0,4.0,,4.0,5.0,3.0,3.0,1.0,4.0,2.0,4.0,2.0,4.0,4.0,4.0,3.0,4.0,5.0,5.0,4.0,,2.0,4.0,4.0,4.0,4.0,3.0,4.0,5.0,3.0,3.0,4.0,4.0,1.0,3.0,,,5.0,5.0,,,,,,,,,,,,,,,,,,,,,,,
54549,3.0,,,,,,,,3.0,,,,,,,3.0,2.5,2.5,3.0,3.0,3.5,,2.5,4.0,,3.0,3.0,,,,3.0,,3.0,3.0,3.0,3.0,,,3.0,,3.0,,,4.0,3.0,,3.5,,,,3.5,3.0,3.0,4.0,,4.0,,3.0,3.0,4.0,,3.0,,,,3.5,,,,3.0,3.0,3.0,,3.0,4.0,2.5,5.0,3.0,3.0,,3.0,,,,3.0,3.0,3.0,4.0,4.0,4.0,3.5,,4.0,3.0,4.0,,,3.0,4.0,,3.5,,3.5,,,4.0,4.0,3.5,3.5,3.5,4.0,3.5,3.5,3.5,3.0,4.0,3.0,3.0,4.0,4.0,3.5,3.0,3.5,3.5,,4.0,,,3.0,3.0,,4.0,,,,4.0,4.0,3.5,4.0,3.5,3.0,,3.5,4.0,,,,3.0,3.0,,,3.0,3.0,3.0,3.0,3.0,,2.5,4.0,,2.5,3.5,,3.5,4.0,3.5,,3.0,2.5,4.0,3.0,3.5,4.0,3.0,3.5,3.0,3.0,3.0,3.0,3.0,,3.0,4.0,3.0,3.5,3.5,,3.5,3.5,,3.0,3.5,3.0,3.0,3.0,3.5,3.5,,3.5,,,4.0,,3.0,4.0,3.0,,3.0,,3.5,,,4.0,3.5,,4.0,,,3.0,4.0,3.0,3.0,,,,,,3.0,,,,3.5,2.5,3.5,,3.0,4.0,3.0,3.0,,3.5,4.0,4.0,,3.0,3.5,,,3.0,
55765,3.0,,3.0,3.0,5.0,,4.5,,3.5,3.5,,3.0,4.5,3.0,4.0,,3.0,3.5,2.0,,,4.0,3.0,,3.5,,,3.0,4.0,3.0,3.0,4.0,4.0,4.0,,4.0,,3.0,,4.0,3.0,4.0,,4.0,3.0,,3.0,4.0,,,4.0,,4.0,5.0,5.0,4.0,5.0,4.0,5.0,,4.0,,4.0,3.0,,4.0,3.0,,3.0,,4.0,4.5,5.0,5.0,4.0,5.0,5.0,3.0,3.0,,3.0,4.0,4.0,5.0,4.0,3.0,4.5,3.0,5.0,,,,5.0,5.0,3.0,4.0,5.0,4.0,4.0,4.5,5.0,4.5,5.0,4.0,4.0,,5.0,5.0,4.0,,3.0,4.0,4.0,4.0,4.0,4.5,5.0,4.0,4.0,4.0,3.0,3.0,4.0,2.0,4.0,3.0,4.0,,3.0,2.0,4.5,4.0,4.5,4.0,4.0,4.0,4.0,5.0,5.0,4.0,5.0,,4.0,4.0,3.0,3.0,4.0,4.5,3.0,3.0,4.0,4.0,5.0,4.0,4.0,4.0,3.0,4.5,,4.0,5.0,3.0,4.0,3.0,3.0,3.0,3.0,3.0,4.0,3.0,3.0,4.0,4.0,4.0,4.0,3.0,3.0,3.0,2.0,3.0,3.0,5.0,4.0,4.5,4.0,4.0,,4.0,4.0,4.0,3.0,3.0,4.0,4.0,3.0,4.0,5.0,3.0,3.0,4.0,,5.0,5.0,4.0,3.0,4.0,5.0,4.5,3.0,4.0,2.0,4.5,4.0,5.0,4.0,4.0,4.0,,4.0,5.0,4.0,3.0,3.5,4.5,4.0,5.0,4.5,4.0,4.5,4.5,4.5,4.0,4.5,5.0,3.5,4.0,4.0,4.5,5.0,2.5,5.0,4.0,3.5,5.0,4.0,5.0,4.0,4.5,5.0,3.5
56504,2.5,,5.0,2.5,5.0,,5.0,,3.0,4.0,3.0,3.0,5.0,4.0,3.0,2.0,1.0,2.5,2.5,2.0,3.0,2.0,2.0,5.0,,,4.5,2.0,4.5,3.0,1.5,3.5,4.0,3.0,3.0,3.0,,,,3.5,2.5,3.0,2.0,4.0,2.5,2.5,5.0,4.5,3.0,3.0,4.0,3.0,2.0,4.5,4.5,3.5,5.0,,2.5,5.0,,,4.0,2.5,1.0,5.0,4.5,4.5,4.0,5.0,,5.0,5.0,4.5,5.0,5.0,5.0,5.0,,,3.5,2.0,2.5,4.5,4.5,2.0,4.5,5.0,5.0,5.0,5.0,4.5,5.0,5.0,4.5,5.0,5.0,4.5,4.5,5.0,5.0,5.0,4.5,3.5,4.0,5.0,5.0,4.5,3.5,3.0,4.0,4.0,4.0,4.0,4.0,4.5,4.0,4.5,4.0,4.5,4.0,1.5,5.0,4.5,4.0,4.5,4.0,4.5,4.0,2.5,4.0,3.5,4.0,4.5,2.0,,5.0,3.5,5.0,3.5,5.0,3.5,5.0,5.0,4.5,4.5,3.0,4.5,2.0,2.0,4.0,4.0,5.0,4.0,4.0,3.5,3.0,3.0,5.0,5.0,2.5,4.0,3.0,2.0,4.0,4.0,5.0,3.0,2.5,5.0,3.0,5.0,4.0,,5.0,1.0,3.0,3.5,1.0,4.5,2.5,4.0,5.0,4.0,5.0,5.0,4.5,3.0,3.0,5.0,4.0,3.0,2.5,5.0,2.5,3.5,3.0,1.0,4.0,2.5,4.5,5.0,5.0,4.5,5.0,3.5,5.0,,4.5,3.0,4.0,5.0,5.0,2.5,4.0,5.0,2.5,5.0,4.5,4.5,3.0,1.5,3.0,4.5,3.5,3.0,5.0,4.5,,2.5,4.5,2.5,4.0,4.5,4.5,,2.0,5.0,5.0,5.0,,4.5,,5.0,,4.5,,,,
56847,3.5,5.0,4.0,2.0,,,4.0,2.0,3.0,2.0,1.0,4.0,4.0,5.0,3.5,3.0,2.5,,2.5,3.0,,3.0,3.0,,,,,5.0,,3.0,2.5,4.0,,3.0,3.0,4.0,,3.5,,2.0,2.0,4.0,,4.0,3.0,4.0,,5.0,,4.0,3.5,,3.0,5.0,5.0,4.0,2.0,4.0,2.5,,3.0,,4.0,4.0,,,,,3.0,,,4.0,,,,4.0,4.0,5.0,4.5,2.0,2.0,,4.0,,3.0,4.0,5.0,3.5,5.0,,4.0,,4.0,3.0,3.5,4.0,5.0,4.5,4.0,3.0,,4.0,4.0,,,5.0,3.0,4.0,4.0,3.0,,5.0,4.5,,4.0,4.0,3.5,4.0,4.0,4.0,2.0,,4.0,,4.0,,5.0,3.5,4.0,4.0,3.0,4.0,4.0,4.0,3.0,4.0,,4.0,4.5,3.0,3.0,3.0,3.0,3.0,3.5,4.0,3.0,3.0,2.0,4.0,3.5,,,4.0,4.0,,2.0,2.0,4.5,5.0,,4.0,4.0,4.0,4.0,,,4.0,,,,3.0,4.0,,2.0,4.0,4.0,4.0,2.0,3.5,3.0,3.5,2.0,3.0,3.0,,,,3.0,,4.0,,3.5,,,5.0,5.0,4.5,4.0,4.0,,3.0,4.0,4.0,5.0,,5.0,4.0,3.5,4.0,3.5,3.0,4.0,3.5,4.0,2.5,4.5,5.0,2.5,4.0,4.5,1.5,5.0,,4.5,1.5,4.5,4.0,4.5,3.5,4.0,5.0,4.0,5.0,5.0,4.0,4.5,3.0,4.5,3.0,5.0,4.5,3.0,4.5,5.0,5.0,,4.5,4.5,5.0
57716,2.5,5.0,3.5,,4.0,,3.0,,,,,,2.0,,3.5,,,,,3.0,4.0,2.5,,,,,,2.0,,,,2.5,3.5,2.5,,2.5,,,,,,3.0,,3.0,,,5.0,,,4.0,3.5,,2.5,5.0,4.0,4.0,3.5,,3.0,5.0,,,,4.0,,4.5,,,,,,4.5,5.0,,4.0,5.0,4.0,4.5,,,,,3.5,4.5,,,,4.0,3.5,5.0,5.0,,,,3.0,4.0,3.0,4.5,,,4.5,,5.0,,4.0,,4.5,5.0,4.0,,,,,,,,4.0,4.0,,,,,,,,,3.0,,,,,4.0,,,4.0,3.0,5.0,,,,3.0,,,4.5,,4.5,,3.0,,,,3.5,,,,,,3.0,,4.0,,,3.0,,,,,,,,,,,,,,3.5,,,,,,5.0,3.0,3.5,4.5,,,,5.0,,,3.0,,4.0,,2.5,,,,,2.5,3.5,5.0,4.0,,4.0,,,3.0,,3.5,4.0,,3.0,3.0,,,3.0,,3.5,1.5,4.0,4.0,,,,,,,3.5,3.0,,4.0,2.5,,3.0,,,,,3.5,2.5,3.5,,,4.5,3.0,4.0,2.5
57735,1.0,2.5,3.0,3.0,2.0,,3.0,2.0,3.0,2.5,3.5,2.0,3.0,3.0,,3.0,3.0,,3.0,2.0,2.0,2.0,1.0,3.0,3.0,,3.0,2.0,3.5,2.0,3.0,3.5,4.0,4.0,2.0,3.5,2.0,3.0,3.0,3.5,2.0,3.0,2.0,2.0,4.0,4.0,,3.0,3.0,3.0,,3.0,3.0,5.0,2.0,3.0,3.0,,3.0,3.0,3.0,2.5,3.0,,2.0,3.0,,1.0,3.0,3.0,3.0,5.0,4.0,3.0,4.0,3.0,5.0,3.0,3.0,2.0,2.5,2.5,3.0,3.0,2.0,3.0,4.0,4.0,3.0,4.0,4.0,3.0,5.0,4.0,3.0,3.0,5.0,4.0,3.0,3.0,3.0,4.0,5.0,2.0,4.0,3.5,4.0,4.0,3.0,2.0,3.0,3.0,4.0,3.0,3.0,4.0,3.0,2.0,3.5,3.5,3.0,2.0,2.5,4.0,3.0,2.0,2.0,3.0,3.0,2.0,3.0,4.0,3.0,4.0,3.0,4.0,3.0,3.0,2.0,4.5,4.0,3.5,3.0,2.0,3.0,3.5,3.0,3.0,3.5,3.0,3.0,3.5,3.0,2.0,2.0,3.0,,2.0,4.0,3.5,3.0,4.0,3.0,3.0,5.0,2.0,3.0,3.0,2.0,3.0,3.5,3.0,3.0,2.0,3.0,4.0,3.5,2.5,1.5,4.0,2.0,3.0,3.0,4.0,3.5,2.0,2.5,3.0,3.0,4.5,4.5,2.0,,2.5,3.5,4.0,3.5,2.5,2.0,3.0,3.5,4.0,2.5,4.0,3.5,3.5,4.0,,,4.0,3.0,,,3.5,3.0,2.0,3.0,3.0,3.0,3.0,3.5,2.5,3.0,3.0,3.5,3.0,3.5,3.5,3.5,3.5,3.5,3.5,3.5,3.5,,3.0,,3.0,,,,4.0,,,,,,,,
58069,,4.5,3.0,,,,3.5,3.0,2.0,2.0,3.5,2.0,3.5,2.0,2.0,2.0,2.5,,2.5,3.0,3.0,3.0,,,,,,2.0,0.5,1.5,,4.0,3.5,3.0,3.0,2.0,2.0,2.0,2.5,4.0,1.5,3.5,2.5,3.5,1.0,2.0,1.5,3.0,2.0,2.0,1.5,,4.0,5.0,4.5,2.0,4.5,,3.0,3.0,,2.5,2.5,2.0,,3.0,3.0,,2.0,4.5,,2.0,2.0,3.0,3.0,2.0,5.0,2.5,,,,,3.0,2.0,2.5,4.0,4.0,4.5,5.0,3.0,,,5.0,4.5,3.5,4.0,5.0,4.0,4.0,,,3.5,4.0,3.0,3.5,2.5,3.0,1.0,4.0,3.0,,2.5,4.0,4.5,5.0,,4.5,2.5,4.0,5.0,4.0,,4.0,1.0,4.0,3.0,5.0,3.0,3.0,2.0,3.5,3.5,2.5,,3.0,,2.0,3.5,2.5,2.0,3.5,4.5,3.0,,,4.5,,3.0,4.0,2.0,,3.0,3.5,4.0,3.5,3.5,2.0,3.5,4.5,4.0,3.0,4.0,4.5,2.0,4.0,3.5,,3.0,3.0,3.0,2.5,2.5,3.0,,,2.0,3.0,2.0,1.5,4.5,,3.0,3.0,4.0,4.0,,5.0,4.0,3.0,,3.5,3.5,3.0,2.0,4.5,4.0,3.5,2.5,4.0,2.5,2.5,,5.0,,,4.0,3.5,,2.5,3.0,1.5,3.5,3.5,2.0,4.0,,,4.5,3.5,,3.0,2.5,,5.0,3.5,,2.5,3.5,4.5,,,5.0,2.0,4.5,2.5,4.0,,,4.0,3.0,4.5,3.0,,4.0,4.0,4.0,1.0,,3.5,4.0
58426,3.0,3.5,4.5,,3.5,,3.5,2.5,,3.0,,3.0,4.0,3.5,,,,2.5,,,3.0,,,,,,,,3.5,,3.0,,3.5,2.5,,2.5,,,,,,,,3.0,,,,,,,4.0,,,4.0,,3.0,3.0,2.0,3.5,3.5,4.0,,1.5,,,4.0,3.0,,,,3.0,4.0,,,,4.0,4.0,4.0,3.0,3.0,3.0,,,,3.0,3.5,,,3.0,,,4.0,,3.5,3.0,4.5,4.0,3.5,3.5,3.5,4.0,,3.5,3.0,3.5,,3.5,3.0,3.0,,,,,,,,3.0,3.0,,,,3.0,,,3.5,3.5,,4.0,3.5,3.0,,3.5,,4.0,,,3.5,,3.5,,3.5,2.0,3.5,3.0,,,2.0,3.5,,,,3.5,4.0,,,3.0,,2.5,,3.0,,3.0,4.0,,,2.5,3.0,,,,,1.5,,4.0,2.5,2.0,3.5,3.5,,3.0,,3.5,3.5,,,,,,3.5,3.5,,,3.5,,3.0,3.0,4.0,2.5,3.0,,,3.5,,4.0,4.0,,4.0,2.0,4.0,3.5,3.5,,4.0,1.5,3.5,4.5,3.5,4.0,4.0,2.5,3.5,1.0,,,,3.0,4.5,3.0,3.0,,4.0,3.5,3.0,3.5,4.0,3.5,2.5,4.0,3.0,3.0,3.5,4.5,3.5,4.0,3.0,3.5,3.5,4.0,3.5,4.5
58667,4.5,3.5,4.5,,4.0,,4.0,,2.5,4.0,4.5,,5.0,3.5,3.5,,,,3.5,2.0,4.0,,2.5,,3.5,,4.0,3.0,3.5,3.0,2.5,4.0,3.0,3.5,3.5,3.5,3.0,3.0,2.0,4.5,,3.5,,4.5,4.0,,,5.0,,4.0,,,4.0,4.5,4.0,3.5,5.0,,3.0,4.5,,3.0,2.0,1.0,2.5,4.0,,4.5,,5.0,,4.0,4.5,4.5,5.0,3.5,5.0,4.5,4.5,,4.0,3.5,3.5,4.0,4.5,3.5,3.5,5.0,5.0,,,,5.0,4.5,4.0,4.0,5.0,4.0,4.0,4.5,5.0,,,3.5,,4.5,3.0,5.0,4.5,,5.0,4.5,4.5,4.5,4.5,4.5,4.0,,4.0,4.0,4.0,3.0,4.5,1.5,3.5,5.0,4.0,4.0,4.0,3.5,2.0,4.0,2.0,4.0,,4.5,4.0,3.5,4.0,,4.0,,,5.0,4.5,,3.5,3.5,,1.0,4.0,4.5,4.5,,,2.5,,4.5,,5.0,4.5,4.5,3.5,4.0,4.0,,4.0,4.5,4.0,,4.0,4.5,3.0,3.5,4.0,3.0,2.5,4.0,1.0,4.5,4.5,4.0,5.0,4.5,4.0,4.5,,3.5,4.5,4.5,4.0,3.0,4.0,4.5,4.5,,3.0,3.0,4.0,3.0,4.0,4.5,2.5,,5.0,4.5,4.5,3.5,,4.5,4.0,,4.5,3.5,4.0,4.5,4.0,2.5,3.5,3.0,4.5,3.5,,3.0,4.5,,4.0,,4.5,4.0,,4.0,2.0,5.0,4.0,4.5,4.0,4.5,4.5,4.0,4.5,4.0,4.5,4.5,4.0,4.5,4.5,4.5,3.5,
58953,3.5,,3.0,,3.0,3.5,3.5,3.0,3.5,2.5,,,3.5,4.0,3.0,,3.5,3.0,,1.5,3.0,3.0,3.5,3.0,2.5,3.0,3.5,2.5,,3.0,3.5,3.5,1.0,3.5,3.0,4.0,1.5,3.0,,2.5,,3.5,3.0,3.0,3.5,,,3.5,3.5,2.5,,2.0,4.0,3.0,3.0,4.0,2.0,3.5,2.5,4.0,,,3.0,3.5,1.5,2.0,,3.5,3.5,4.0,4.0,4.5,5.0,3.0,4.5,5.0,4.5,3.0,5.0,,3.0,2.0,,,4.5,3.5,1.0,2.5,4.5,,4.0,3.5,3.5,3.0,3.5,,4.5,2.5,4.0,3.5,1.5,4.0,3.0,3.0,,3.0,3.0,5.0,4.5,3.5,3.0,5.0,3.5,3.0,4.0,4.0,2.0,,,3.0,3.0,2.5,3.5,2.0,3.5,3.5,3.0,3.5,1.5,,3.5,4.0,4.0,4.0,,4.0,3.5,4.5,2.5,3.0,3.5,3.0,,4.5,2.0,,2.5,3.5,3.5,,3.5,4.0,3.5,3.5,3.0,,2.0,4.0,1.5,3.0,3.0,4.0,3.5,,,3.5,,3.5,3.0,3.0,2.5,,3.5,4.0,3.0,3.0,,2.0,2.5,4.0,,4.0,1.0,,3.5,,,3.0,3.5,4.5,3.0,4.0,3.0,2.5,4.0,4.5,4.0,4.0,3.0,4.0,3.5,4.0,3.5,3.5,4.0,3.5,,0.5,2.0,3.5,1.0,,3.5,,3.0,3.5,3.5,4.0,,4.0,1.0,2.0,3.5,,1.5,,3.5,4.0,4.0,2.5,,5.0,3.0,3.5,4.0,2.5,3.5,4.0,4.5,2.0,,4.0,4.0,3.0,4.5,3.0,4.0,,,
59407,3.5,4.0,3.5,3.5,,3.5,3.0,3.0,3.0,3.5,,3.0,4.0,3.0,3.0,3.0,3.0,,3.5,3.0,,,1.0,3.0,,,,3.5,,2.5,4.0,3.5,,3.0,3.5,3.0,3.5,3.0,3.5,3.0,3.0,3.0,,4.0,3.0,3.0,3.5,3.0,3.0,3.5,,,3.0,3.5,4.0,3.0,5.0,4.0,3.0,2.5,,3.0,3.0,3.0,,3.5,3.0,,3.0,3.0,3.5,4.0,3.5,4.0,4.0,3.0,4.0,4.0,4.0,,5.0,,4.0,,5.0,4.0,3.5,4.0,5.0,3.0,4.0,5.0,4.0,4.0,4.0,4.0,4.0,3.0,3.0,,,4.0,4.0,3.5,,5.0,4.0,3.0,3.5,3.5,3.5,3.0,3.5,3.0,3.5,4.0,3.5,4.5,4.0,3.5,4.0,3.0,5.0,3.0,3.0,2.5,3.0,3.5,3.0,3.0,3.0,4.0,3.5,3.0,3.5,,,3.5,,3.0,3.0,4.0,3.0,3.0,2.5,,3.0,3.0,3.5,3.5,3.5,3.0,5.0,3.5,3.0,4.0,4.0,3.5,4.0,5.0,3.5,4.0,3.0,4.0,4.0,3.0,,3.5,4.0,2.5,3.5,,4.0,,,4.0,3.5,3.0,2.0,4.0,,3.0,3.5,3.5,3.0,,,4.0,4.0,,3.0,3.5,3.0,5.0,3.0,3.5,3.5,3.0,3.0,3.0,2.5,3.0,3.0,3.5,4.0,3.5,3.0,3.0,4.5,3.5,3.0,3.0,1.5,4.0,3.0,,3.5,3.5,3.5,3.5,3.0,3.5,3.5,,,,,3.5,3.0,3.5,4.0,4.0,3.0,5.0,3.5,3.0,3.5,,4.0,,4.0,3.5,3.5,4.0,3.5,5.0,,3.0,3.0,3.0
59414,,3.0,4.0,4.0,3.5,,4.0,,1.0,,,,4.0,,,,3.0,4.5,,,,2.0,,3.5,,,,,4.0,3.5,,2.0,3.0,,,4.5,,2.0,,,,2.0,,,,4.0,4.0,4.0,,1.0,3.5,,4.0,4.0,5.0,2.0,4.0,,3.0,3.5,4.0,3.0,4.0,3.0,,2.0,,,3.0,,4.0,3.0,3.5,,3.0,2.0,4.0,4.5,2.0,,,,4.0,4.0,3.0,3.0,,,4.0,1.0,3.0,5.0,,4.5,3.0,3.5,4.0,3.5,1.0,4.0,4.0,,4.0,2.0,,3.0,3.5,,2.0,,,4.0,3.0,4.0,4.0,,4.0,4.0,,2.0,2.0,,2.0,,,,2.0,4.0,,,4.0,2.0,2.0,3.5,4.0,4.0,4.0,4.5,4.0,,4.0,,2.0,,,3.5,,,2.0,2.0,2.0,4.0,3.0,3.0,,,,,,4.5,3.5,3.0,3.0,,,,,,3.5,,2.0,4.5,4.0,,,,,,,3.0,,3.0,5.0,4.0,,2.0,,4.0,4.0,4.0,,,4.5,2.5,,,5.0,,,,,3.5,,1.0,1.0,3.0,5.0,3.5,4.5,,2.0,4.0,2.0,,,,5.0,3.5,3.0,2.5,2.5,,3.0,,4.0,3.5,4.0,3.5,3.0,3.0,4.0,2.5,4.0,,,,3.0,,,,,3.5,3.5,4.0,4.0,,3.5,3.5,,3.0
59477,3.0,2.5,4.0,2.0,2.5,2.5,4.5,2.5,2.5,3.0,2.5,3.0,2.5,3.0,3.0,,2.0,2.0,2.5,2.5,4.0,2.5,4.0,3.5,2.5,1.5,,,2.5,3.0,2.0,2.5,,3.0,3.0,4.0,3.0,3.0,2.0,,3.0,2.5,2.5,4.0,3.5,2.5,,,2.0,,3.5,2.0,3.0,5.0,3.0,4.5,3.5,3.0,2.5,4.0,3.5,2.5,2.5,2.5,1.5,2.5,2.5,2.5,2.5,3.5,,3.0,4.0,3.5,3.5,3.0,4.0,3.5,,4.5,4.5,2.5,2.5,0.5,3.0,2.5,4.0,4.5,3.0,2.5,,3.5,3.0,2.5,3.5,4.5,3.0,4.0,4.0,4.0,2.5,,3.0,2.5,,3.0,3.0,4.0,4.0,2.5,2.5,2.5,2.5,3.0,3.0,4.0,2.5,2.5,2.5,2.5,2.5,4.0,3.5,2.5,3.0,3.5,,3.5,2.5,2.5,2.5,3.0,2.5,3.5,3.0,3.0,4.0,2.5,2.5,2.0,4.0,2.5,2.5,3.5,3.5,3.5,3.5,4.0,3.0,2.5,2.5,4.0,3.0,2.5,2.5,3.5,3.5,4.5,3.0,4.0,2.0,3.0,2.5,2.0,3.0,3.5,3.5,2.5,3.0,3.0,2.5,3.0,3.0,3.0,3.0,3.0,2.5,2.5,2.0,3.0,2.5,2.5,4.0,4.0,3.5,4.5,3.0,2.5,4.0,3.5,2.5,2.5,4.0,3.0,2.5,3.5,3.5,2.0,3.5,3.5,2.5,4.5,3.0,4.0,2.5,2.5,5.0,2.5,4.0,4.5,3.5,3.5,3.0,,3.5,3.0,3.5,3.5,3.0,3.0,3.5,2.0,4.0,3.5,3.5,3.5,2.5,2.5,3.5,2.5,3.5,3.5,2.0,3.5,3.0,4.0,2.0,3.5,4.0,3.0,,3.0,3.5,3.5,3.5,3.0,3.5,4.0,4.0,3.5
59544,3.0,2.0,4.5,2.0,4.0,,3.5,,2.0,2.0,,1.0,2.0,4.0,1.0,,2.0,2.5,2.0,2.0,4.0,4.0,,3.5,2.0,2.0,,,,4.0,3.5,3.0,5.0,4.5,2.0,3.0,,1.0,3.5,2.0,4.5,2.0,,1.0,3.0,4.0,,,2.0,3.0,4.0,,3.0,4.0,3.0,4.0,4.0,,1.0,4.5,2.0,4.0,2.0,3.0,3.0,5.0,,4.5,3.5,2.0,5.0,3.0,3.0,5.0,,2.0,5.0,5.0,2.0,,3.5,,2.0,2.0,1.0,4.0,3.5,5.0,5.0,5.0,4.0,5.0,2.0,4.0,3.0,5.0,,2.0,,2.0,,2.0,4.5,4.0,5.0,4.0,5.0,5.0,4.5,4.0,3.5,4.0,3.0,3.0,,5.0,3.5,,2.0,3.0,2.0,3.0,3.0,5.0,4.0,3.0,3.0,4.0,2.0,1.0,2.0,4.0,4.5,2.5,4.0,5.0,2.0,4.0,4.0,2.0,3.0,2.0,4.0,3.5,,4.5,3.5,2.0,2.0,4.0,5.0,2.0,2.0,4.0,3.0,1.0,4.0,3.5,,,4.0,3.0,2.0,2.5,2.0,3.0,,4.0,4.0,3.0,4.0,3.5,4.5,,3.5,2.0,4.0,,1.0,3.0,3.5,5.0,3.0,3.5,4.5,4.0,,3.0,2.0,2.0,,3.5,3.0,2.0,3.0,4.5,4.0,3.0,3.0,,,4.5,2.0,5.0,2.0,4.0,4.5,4.0,4.0,3.5,4.0,4.0,3.5,2.5,3.5,4.0,3.5,4.5,3.0,4.5,4.0,3.0,2.0,,2.0,4.0,2.5,5.0,4.0,3.5,3.0,4.0,4.0,1.0,3.0,4.0,4.0,,4.0,4.0,2.0,2.5,,1.5,4.0,3.5,,,,
59852,3.0,4.0,4.0,3.0,5.0,,4.0,,4.0,4.0,3.0,,5.0,3.0,,2.0,,,3.0,4.0,,3.0,4.0,4.0,3.0,,5.0,2.0,4.0,4.0,4.0,3.0,4.0,4.0,3.0,4.0,,,,4.0,,4.0,,4.0,,,5.0,4.5,,,4.0,3.0,4.0,4.0,4.0,3.0,5.0,4.0,5.0,5.0,4.0,,,4.0,,4.0,,4.0,4.0,,4.0,4.0,5.0,5.0,3.0,5.0,5.0,,4.0,4.0,5.0,5.0,5.0,5.0,4.0,3.0,4.0,4.0,4.0,5.0,4.0,,,5.0,3.0,5.0,4.5,4.0,5.0,5.0,5.0,5.0,4.0,3.0,3.0,,4.0,4.0,4.0,,5.0,,4.0,4.0,5.0,5.0,5.0,4.0,,2.0,,3.0,5.0,4.0,5.0,5.0,3.0,4.0,4.0,4.0,3.5,3.0,4.0,4.0,4.0,4.0,5.0,5.0,5.0,,5.0,4.0,5.0,4.0,4.0,3.5,,5.0,4.0,4.0,4.5,4.0,5.0,4.0,3.0,3.5,4.5,4.0,,3.0,4.0,,4.0,,4.0,4.0,4.0,4.0,4.0,4.0,4.0,4.0,4.0,3.0,4.0,,2.0,3.0,,4.0,4.0,4.0,5.0,3.0,3.0,5.0,,4.0,,5.0,4.0,4.0,5.0,4.0,4.0,,4.0,,,5.0,2.5,4.0,5.0,,4.5,4.0,5.0,3.5,5.0,5.0,4.5,4.5,4.0,3.5,4.0,3.0,4.0,4.0,2.0,4.0,4.5,,3.0,4.0,,2.0,3.5,4.0,4.5,4.0,3.5,4.0,3.0,3.0,4.5,4.0,4.5,4.0,,4.5,4.0,4.5,4.5,5.0,4.0,4.5,5.0,4.5,4.0,4.5
59873,2.5,5.0,5.0,3.0,4.0,2.5,5.0,2.0,2.5,1.5,,2.0,3.5,3.0,4.0,2.0,2.0,1.5,2.0,2.0,3.5,3.0,3.0,4.5,2.0,0.5,,2.0,5.0,3.5,1.5,2.5,4.0,3.5,3.0,3.5,2.0,3.5,2.0,3.5,3.0,3.0,3.5,3.5,3.0,1.0,,,2.0,3.0,4.5,,3.0,4.0,4.5,4.0,4.5,3.5,2.5,5.0,3.0,,3.0,1.5,2.5,5.0,2.5,2.5,4.0,4.5,,5.0,4.5,5.0,4.5,3.5,5.0,5.0,3.5,4.5,,,3.5,3.5,3.5,2.0,4.0,4.5,3.5,4.0,5.0,,,5.0,3.5,5.0,5.0,4.5,4.5,4.5,4.5,4.0,4.0,3.5,3.5,4.5,4.0,4.0,4.0,2.0,,,4.0,,,4.5,,4.5,,,,,4.5,4.0,3.5,4.0,,4.0,4.0,3.0,2.5,4.0,2.0,4.5,3.5,3.5,4.5,3.0,4.5,4.0,4.5,3.0,5.0,5.0,5.0,4.0,,4.5,2.0,1.0,4.5,4.0,4.0,4.0,3.5,2.5,2.5,4.0,4.5,3.5,2.5,4.0,3.0,2.0,3.0,,4.0,3.0,,3.5,2.0,4.0,3.5,,4.0,2.0,2.5,3.5,1.0,3.5,4.0,3.5,4.5,3.5,4.0,4.5,,3.5,4.0,5.0,1.5,2.5,3.0,3.5,4.5,3.5,3.5,2.0,3.0,2.0,,3.5,4.5,2.5,4.0,4.0,5.0,3.5,2.0,4.0,3.5,4.5,4.0,2.5,4.0,5.0,2.5,,2.0,3.0,3.5,2.5,3.0,3.0,4.0,3.5,4.0,2.5,2.0,,3.5,2.0,1.5,2.5,5.0,3.5,,,4.0,,,,3.5,3.5,4.5,4.0,,,,
60018,3.0,4.5,4.0,2.0,4.0,2.5,4.0,,2.5,4.5,,3.5,4.5,4.0,4.5,3.0,2.5,1.5,3.0,2.0,5.0,,3.5,3.5,4.0,1.0,,4.0,3.0,3.0,4.0,4.0,3.0,3.0,3.5,4.0,3.5,3.0,3.0,3.5,3.0,4.0,1.5,4.5,0.5,2.5,,2.0,2.5,4.5,4.5,3.0,4.0,4.5,4.5,4.5,3.5,3.0,4.0,4.5,,3.5,4.0,4.0,3.0,3.5,,3.5,3.5,,4.0,2.0,0.5,5.0,4.0,3.0,3.5,4.0,4.0,4.0,4.5,3.5,3.0,3.0,4.5,4.0,4.5,,4.5,3.5,4.0,,5.0,4.0,5.0,4.0,4.0,3.5,,3.0,,,4.0,3.5,,3.5,3.5,4.0,4.5,4.0,3.0,2.0,4.5,,4.0,4.0,4.0,3.5,4.0,4.0,4.0,1.5,4.0,3.0,4.0,4.5,3.5,3.5,3.5,4.5,3.5,3.5,3.5,4.0,3.5,3.0,5.0,3.5,3.5,3.0,4.0,3.5,5.0,5.0,3.0,3.0,4.0,5.0,3.5,4.0,3.0,4.0,1.5,5.0,4.5,3.5,4.0,3.5,3.5,4.5,4.0,4.0,4.0,4.0,4.0,4.5,3.5,4.0,4.0,3.0,3.5,4.0,,3.0,3.0,4.0,5.0,3.5,2.5,3.5,3.0,3.0,5.0,3.5,3.0,3.5,,3.0,4.0,2.5,4.5,3.0,4.0,4.0,4.0,3.5,4.5,4.0,4.0,4.5,3.0,4.0,3.5,4.5,4.0,3.5,4.5,3.5,4.0,4.5,3.0,2.0,3.5,4.0,3.0,3.5,3.5,3.0,5.0,3.5,4.0,3.0,4.5,0.5,4.0,1.0,4.0,4.0,4.5,3.5,2.5,4.5,5.0,4.5,,,,,,,,,,,,,,,,
60159,3.0,3.0,3.0,3.0,3.0,2.0,4.0,2.0,4.0,2.5,,3.5,5.0,4.0,3.0,3.0,3.0,2.0,3.0,5.0,2.5,2.0,3.0,2.0,2.5,3.0,,,2.0,4.0,3.0,5.0,2.0,2.0,4.0,4.0,3.0,3.0,3.0,4.0,3.0,4.0,3.0,5.0,3.0,4.0,,3.5,3.0,4.0,3.0,2.5,4.0,5.0,5.0,4.0,4.5,5.0,4.0,4.5,,5.0,3.0,4.0,2.0,2.0,3.0,2.5,4.0,3.0,4.0,4.0,5.0,4.0,4.0,4.5,,3.0,5.0,,5.0,4.0,3.0,2.0,5.0,4.0,5.0,4.0,5.0,4.0,4.0,3.0,,4.0,5.0,3.0,3.5,5.0,5.0,,,4.0,3.0,3.0,2.0,4.0,3.5,4.0,5.0,3.0,4.0,3.0,5.0,,5.0,4.0,4.0,3.0,4.0,5.0,5.0,3.0,2.0,2.0,3.0,3.0,,,4.0,5.0,4.0,4.0,5.0,4.0,4.0,5.0,3.0,3.5,4.0,3.0,4.0,4.0,,2.0,2.0,,3.0,3.0,4.0,4.0,4.0,4.0,3.0,4.0,4.0,3.5,5.0,5.0,3.5,4.5,3.0,3.0,3.0,4.0,3.0,3.0,,4.0,3.0,3.0,4.0,3.0,5.0,3.0,3.0,5.0,5.0,4.0,4.0,4.0,3.0,4.0,3.0,5.0,4.0,3.0,,4.0,5.0,,5.0,3.0,1.0,5.0,4.0,5.0,4.0,3.0,4.5,3.0,4.0,3.0,4.0,2.0,3.0,4.0,4.0,3.5,,5.0,3.5,,3.0,4.0,4.5,3.0,3.0,3.5,4.5,4.5,4.0,4.0,3.0,4.0,3.0,2.5,4.0,4.5,5.0,4.5,4.0,4.0,4.0,4.5,3.5,4.5,4.5,3.0,5.0,3.0,3.5,3.5,2.5,3.0,4.0,3.0,3.0,3.5,4.5,4.0
60181,3.5,4.5,4.0,3.0,,,4.0,,4.0,4.0,4.5,4.0,4.5,3.0,4.0,3.5,2.0,3.5,3.0,2.5,,4.0,4.0,3.0,3.5,2.0,2.5,,3.5,3.5,,2.5,4.0,4.0,3.5,3.0,3.0,4.5,,3.5,2.5,4.0,2.0,3.0,3.5,3.0,,,4.0,4.0,,,4.0,2.5,4.0,2.5,4.5,,4.0,5.0,4.0,3.0,3.5,4.5,3.5,,,,3.5,3.5,4.0,4.0,4.0,3.5,,4.5,,5.0,3.0,,,,3.5,,4.0,3.0,,3.5,3.5,2.5,3.5,4.0,4.0,4.0,2.5,4.0,4.5,4.5,,,,3.5,3.5,4.0,,3.0,4.5,4.5,4.0,2.0,4.0,,3.0,4.0,3.5,3.5,3.5,3.5,,,,4.0,4.0,3.5,3.5,2.5,4.0,3.5,3.0,2.5,4.0,2.5,1.5,4.0,4.0,4.0,,4.0,3.5,2.0,4.0,,3.0,4.5,3.5,2.5,3.5,3.5,3.5,4.0,3.5,4.0,4.5,2.5,2.5,2.5,,3.5,,4.5,3.5,4.0,4.0,3.5,4.0,4.5,,4.0,3.0,3.5,4.0,4.0,3.5,,4.0,3.0,2.0,3.0,3.0,2.5,3.5,2.0,4.0,3.5,2.5,3.0,,4.0,4.0,,,3.5,3.5,4.0,3.5,4.0,4.5,3.0,4.0,4.5,3.5,1.5,4.0,3.5,4.0,4.0,4.0,3.5,4.0,4.5,3.5,4.0,,1.0,4.0,2.5,4.5,4.0,,4.0,3.0,2.0,1.0,,3.5,4.0,4.0,,4.0,4.5,3.0,3.5,,,4.0,2.0,,,3.0,,,,,,,,,,,
60361,,3.0,2.5,,,3.0,1.0,,3.5,,,,2.0,3.0,,,,,,,,,,,3.0,,,,2.0,,,,,,3.0,4.0,,,,,,2.0,,3.5,,,,,,3.5,3.5,,,3.5,,3.0,4.5,5.0,3.0,4.5,,,3.0,,,4.0,,,3.0,5.0,3.5,5.0,4.0,4.0,5.0,3.5,5.0,3.0,,,,,2.5,3.0,5.0,1.5,4.5,3.0,5.0,3.0,4.5,4.5,4.5,3.5,,4.5,5.0,3.0,4.0,3.0,4.5,4.0,5.0,3.0,,4.0,3.0,4.0,,,3.0,,3.5,3.0,2.0,1.5,3.5,3.0,,3.5,,,5.0,,,,3.0,,3.0,,,3.0,2.0,,,1.5,3.5,,3.0,2.0,3.5,3.5,4.5,3.5,,3.5,,,,2.0,3.5,,3.5,4.0,3.0,,,,5.0,4.0,3.0,4.0,3.5,3.0,2.5,3.5,4.0,,,3.5,,3.0,3.5,,4.0,,2.5,2.5,,3.0,3.0,,3.5,4.0,3.5,4.0,5.0,,3.0,4.0,3.5,,4.5,5.0,3.5,3.5,3.0,,3.0,2.0,3.5,,4.0,2.0,3.0,3.0,3.5,3.5,,3.5,3.0,3.0,3.5,2.5,3.0,3.0,3.0,3.0,2.5,,4.0,2.5,3.5,4.5,3.5,3.0,3.5,3.0,4.0,,4.0,2.5,,4.0,4.0,2.5,,3.0,4.0,3.5,,,3.0,4.0,3.5,4.0,4.0,4.0,3.5,3.5
60762,2.0,2.0,4.0,2.0,,1.0,4.5,,1.0,3.0,,,3.0,,,1.0,,3.0,3.0,1.0,2.0,3.0,,4.0,1.0,3.0,,4.0,,3.0,,2.0,5.0,1.0,,2.0,2.0,2.0,2.0,3.0,2.0,3.0,3.0,3.0,3.0,,3.0,,2.0,3.0,3.0,,4.0,3.0,4.0,3.0,3.0,3.0,4.0,4.0,3.0,2.0,3.0,2.0,2.0,4.0,,,3.0,2.5,3.0,3.0,5.0,3.0,4.0,,3.0,1.0,3.0,4.0,4.0,3.0,3.0,3.0,3.0,3.0,3.0,4.0,3.0,5.0,2.0,4.0,,3.0,2.0,4.0,5.0,4.0,3.0,4.0,4.0,,3.0,4.0,4.0,2.0,3.0,3.0,3.0,3.0,3.0,3.0,4.0,3.0,4.0,4.0,4.0,4.0,,,,4.0,4.0,3.0,3.0,4.0,2.0,3.0,1.0,2.0,1.0,2.0,2.0,4.0,3.0,4.0,3.0,3.0,3.0,3.0,2.0,,3.0,3.0,3.0,4.0,3.0,2.0,2.0,1.0,4.0,3.0,4.0,3.0,3.0,3.0,3.0,4.0,,2.0,3.0,4.0,3.0,,3.0,3.0,3.0,3.0,3.0,3.0,3.0,4.0,3.0,,4.0,2.0,2.0,2.0,,3.0,4.0,4.0,3.0,2.0,3.0,5.0,,4.0,4.0,4.0,2.0,2.0,3.0,3.0,4.0,1.0,2.0,1.0,3.0,,4.0,2.0,3.0,3.0,4.0,2.0,3.0,4.0,4.0,4.0,3.0,4.0,4.0,3.0,4.0,3.0,3.0,3.0,1.0,3.0,3.0,3.0,3.0,,,4.0,3.0,,,,,,,,,,,,,,,,,,,,,,,
60887,3.0,,3.0,3.5,4.5,3.5,5.0,2.0,,,,3.0,3.0,3.0,2.0,,2.5,3.0,4.0,2.0,,2.5,1.5,,,1.0,1.0,4.0,3.5,2.5,,3.5,4.0,3.0,3.0,4.0,1.0,2.0,2.5,,1.5,3.5,0.5,3.0,1.5,,,,2.0,1.0,4.0,,3.5,3.0,2.0,2.5,5.0,3.0,5.0,2.0,,1.0,3.5,3.0,2.5,4.0,2.0,0.5,2.5,1.0,,1.0,1.0,1.0,0.5,1.0,1.0,,1.0,,2.0,4.5,3.0,3.5,5.0,3.5,,2.5,1.0,,1.0,1.0,1.0,2.0,2.0,2.0,2.0,,3.0,,,,2.0,3.5,3.0,1.0,4.0,,3.0,1.0,,1.0,2.0,3.0,,2.0,3.0,4.0,2.0,2.0,2.0,3.0,3.0,1.5,4.0,,1.0,3.5,2.5,2.0,3.0,2.5,3.0,,2.5,4.0,3.0,,3.0,2.0,3.5,2.0,,3.5,2.0,4.5,3.5,4.0,3.0,4.0,2.0,3.5,2.5,2.0,2.0,3.0,,3.0,1.0,3.0,2.0,2.0,3.5,,,3.0,,,,3.0,3.0,,2.0,3.0,,2.5,2.0,2.5,1.0,2.5,,3.0,3.5,2.0,1.0,,0.5,3.0,3.5,,1.0,3.0,4.5,2.5,4.0,1.0,1.0,4.0,3.5,,,3.0,1.0,,2.0,2.5,5.0,4.0,,4.0,4.0,4.0,5.0,2.0,3.0,,,,2.0,3.5,,2.0,4.0,1.0,4.5,4.0,3.5,3.0,4.0,,3.5,2.0,3.0,4.0,3.0,4.0,,,,1.0,,,,,,,,,,
61168,2.0,5.0,4.5,2.0,3.5,2.0,4.0,1.0,4.0,2.0,3.5,3.0,3.0,4.0,5.0,2.0,3.5,2.0,2.5,2.5,4.0,4.0,2.5,2.5,2.5,2.0,,4.0,5.0,1.0,,3.0,2.5,4.5,3.0,2.5,,2.5,,,3.0,4.0,5.0,4.0,3.5,2.5,,4.0,3.0,3.5,4.0,,4.0,5.0,3.0,4.0,5.0,,4.0,4.5,4.0,1.5,3.5,2.5,4.0,3.5,2.0,3.0,4.0,4.0,4.0,2.5,3.5,5.0,5.0,4.0,4.0,3.0,,2.0,1.0,3.0,5.0,3.0,4.0,3.0,4.0,3.0,4.5,4.0,5.0,4.5,3.0,3.0,3.5,4.0,4.5,3.5,5.0,4.0,2.5,4.0,5.0,3.0,3.5,,3.0,5.0,4.5,4.0,4.5,2.5,4.0,,,5.0,2.0,2.5,,2.5,,4.0,4.0,4.0,3.0,4.5,,3.0,3.0,4.0,3.5,5.0,1.0,3.5,5.0,3.0,4.0,1.5,5.0,3.5,4.0,3.0,3.0,5.0,5.0,5.0,2.0,4.5,1.5,3.0,4.0,4.0,4.5,4.5,4.5,2.5,,4.5,3.5,3.5,3.5,4.0,4.0,2.5,3.0,3.5,,4.0,3.5,3.0,4.0,3.5,3.0,,4.5,3.5,1.5,3.0,2.0,4.0,3.0,3.5,5.0,4.0,3.5,4.0,4.0,3.0,3.0,,4.0,3.0,3.0,3.0,3.0,5.0,3.5,3.0,3.0,1.5,,1.0,4.0,5.0,3.0,4.0,4.0,4.0,5.0,4.5,2.5,5.0,3.5,2.0,2.5,2.0,4.0,4.5,3.0,4.5,3.0,3.5,,5.0,4.0,4.5,3.5,3.5,5.0,3.5,2.0,5.0,3.0,2.5,5.0,4.0,4.5,,3.0,,3.5,5.0,5.0,4.0,3.5,4.5,3.5,4.5,4.5,4.5
61696,2.0,5.0,4.5,4.0,3.0,2.5,5.0,,3.5,4.0,3.0,4.0,3.5,,4.0,2.5,,3.0,2.5,,4.0,2.5,4.5,4.0,,1.0,,,3.5,2.0,3.0,,,3.0,4.0,4.0,1.0,3.5,3.5,4.0,4.0,1.5,3.5,3.5,3.0,,4.0,3.0,,5.0,4.5,4.0,4.0,4.5,4.5,2.0,5.0,,3.0,5.0,,,4.0,,3.5,5.0,3.0,4.0,4.0,4.5,,5.0,5.0,5.0,,,,2.0,4.0,4.0,5.0,3.0,,,1.5,3.5,5.0,5.0,5.0,,4.5,5.0,,,5.0,5.0,5.0,4.5,5.0,4.5,,,4.0,5.0,,5.0,5.0,5.0,5.0,,5.0,,5.0,3.5,5.0,,,3.0,4.5,4.0,3.5,4.0,5.0,,4.5,3.0,3.0,,3.5,,,4.5,,1.0,3.0,3.0,5.0,,5.0,1.0,4.5,,3.5,5.0,4.5,4.0,4.0,4.0,3.0,4.0,4.0,4.0,5.0,5.0,3.0,3.5,5.0,4.0,,5.0,3.0,5.0,5.0,4.0,3.0,3.5,4.0,4.0,4.0,4.5,4.0,5.0,4.0,3.0,4.0,,3.0,4.0,3.0,5.0,,3.0,3.5,4.0,5.0,3.5,,,3.5,4.0,4.0,5.0,3.0,4.0,,5.0,5.0,2.5,2.5,3.0,4.5,4.0,3.5,5.0,4.0,4.0,4.0,3.0,,,,3.0,5.0,,5.0,3.0,4.0,3.0,3.5,4.0,4.0,2.0,4.0,,3.0,4.0,3.0,2.5,4.0,4.0,4.0,3.0,2.0,5.0,5.0,,4.0,4.0,4.0,4.0,,5.0,4.0,4.5,5.0,4.0,,,,
62040,3.0,4.5,4.5,,4.5,3.0,4.5,3.5,1.5,4.0,,2.0,4.0,2.5,4.0,,3.5,,,2.0,5.0,,4.0,5.0,,,,,5.0,2.5,3.0,2.5,3.5,3.0,,2.5,2.0,2.5,2.5,3.5,,3.0,,3.5,,,4.5,2.0,2.5,4.0,5.0,,2.5,3.0,3.0,3.5,5.0,4.5,3.0,5.0,3.0,,2.5,3.0,2.0,5.0,3.0,3.5,1.0,4.5,5.0,5.0,5.0,5.0,5.0,5.0,5.0,5.0,3.5,4.5,4.5,3.0,2.5,4.5,4.5,3.0,0.5,4.5,5.0,5.0,5.0,5.0,5.0,5.0,5.0,5.0,5.0,5.0,4.5,5.0,5.0,5.0,3.5,4.0,5.0,4.5,5.0,4.5,3.0,,5.0,5.0,5.0,4.5,1.5,5.0,3.0,3.5,3.0,5.0,2.0,4.0,5.0,3.5,2.5,5.0,3.0,4.5,3.5,2.0,,3.5,,,,4.5,5.0,2.0,4.0,3.0,4.0,3.0,5.0,5.0,4.5,5.0,3.5,3.0,2.5,4.0,4.0,4.0,5.0,3.5,2.5,3.5,4.5,3.0,5.0,5.0,,4.5,3.0,,2.5,3.0,5.0,3.5,3.0,3.5,2.0,5.0,4.5,3.5,4.5,1.5,2.5,3.0,0.5,3.5,3.5,4.0,5.0,3.5,,5.0,5.0,3.0,4.5,5.0,4.0,1.5,4.5,4.5,5.0,3.0,4.0,2.5,4.5,3.0,5.0,3.5,4.5,5.0,5.0,2.5,4.5,2.5,4.5,3.5,4.0,2.5,4.5,3.5,3.0,5.0,4.0,2.0,2.5,4.0,4.5,2.0,2.0,5.0,3.5,4.5,4.5,3.0,4.5,3.5,5.0,3.0,3.0,5.0,5.0,2.5,4.0,4.5,4.0,4.5,4.0,4.5,4.5,4.5,4.0,4.5,4.0,5.0,3.0,4.5
62160,3.5,4.5,,2.5,3.0,3.5,4.0,,3.0,3.0,,4.0,3.0,,2.0,,,1.0,2.5,2.5,3.0,,3.0,4.5,,1.0,,,0.5,3.5,3.5,,3.5,3.5,2.5,4.5,2.0,3.5,2.0,,2.5,,,5.0,0.5,,,,4.0,3.0,,3.5,4.5,3.5,,4.0,5.0,3.0,3.0,3.5,4.0,,1.5,2.5,,3.5,,,3.5,4.5,3.5,4.0,5.0,5.0,3.0,4.0,3.5,2.5,5.0,,4.5,2.5,,3.0,1.0,2.0,3.0,3.0,4.0,,,5.0,4.5,3.0,4.5,4.0,,3.0,,3.5,3.0,,3.0,4.5,,3.0,3.5,2.5,4.0,,5.0,3.5,3.0,3.5,,3.0,2.0,4.0,,,,5.0,5.0,2.0,2.0,,2.5,4.0,3.5,3.0,4.0,4.5,3.0,,3.5,3.0,5.0,3.0,1.5,2.0,4.0,2.5,,,2.0,3.0,5.0,3.5,2.5,2.5,4.0,2.5,5.0,4.5,2.5,2.5,3.5,2.5,5.0,4.5,,4.0,,3.5,3.0,,,,,2.5,3.0,,5.0,4.5,,3.5,3.5,4.0,0.5,4.5,3.5,4.0,4.0,,2.5,,,3.0,3.5,4.0,,3.5,2.5,1.5,2.5,4.5,3.5,,1.5,,,2.5,4.5,,,5.0,3.5,3.0,1.0,5.0,1.0,4.0,5.0,3.5,3.0,1.0,3.5,3.0,2.0,4.0,2.5,1.0,3.0,,4.0,2.0,4.5,3.0,4.5,3.0,5.0,5.0,1.5,4.5,4.5,3.0,2.5,4.5,2.5,5.0,5.0,3.5,5.0,4.0,3.5,3.5,5.0,5.0,3.0,4.5
62812,3.0,1.0,2.0,3.0,0.5,2.5,3.5,3.0,1.0,3.0,,2.5,4.0,1.5,2.5,2.0,3.0,3.5,3.5,2.0,3.0,3.0,3.5,3.5,3.0,3.0,0.5,4.0,0.5,1.5,3.5,3.0,3.5,2.0,3.5,4.0,3.0,0.5,2.5,2.0,3.0,2.5,3.0,3.0,1.5,3.0,4.5,3.0,2.0,,0.5,3.0,4.0,1.5,1.5,3.5,4.0,3.5,3.5,3.5,3.0,2.5,4.0,3.5,1.0,2.0,,2.5,2.5,4.0,3.5,3.5,3.5,3.5,3.0,3.5,2.0,1.0,4.0,3.5,4.0,4.0,3.0,3.5,4.5,3.0,3.0,4.0,4.0,,1.0,3.5,4.0,0.5,3.5,1.5,,3.5,3.0,2.0,1.0,,1.5,5.0,4.0,3.5,3.0,4.0,4.0,2.5,4.0,3.0,4.0,3.0,3.0,4.0,3.5,0.5,,2.5,3.0,4.0,2.0,3.0,2.5,3.5,1.0,2.5,2.0,3.0,3.5,2.0,2.5,4.0,1.5,3.5,3.0,4.0,3.5,2.5,3.0,,,3.0,3.5,3.5,4.0,2.0,4.5,3.5,2.0,2.0,2.0,3.5,3.5,4.0,4.5,1.0,,3.0,3.5,4.0,3.5,4.0,1.5,3.5,4.0,5.0,4.0,1.5,2.0,4.5,3.0,3.5,4.0,4.0,2.5,3.0,2.5,3.0,3.0,4.0,5.0,4.0,2.5,3.5,,2.0,4.5,1.0,5.0,2.0,2.0,3.5,3.0,2.0,,2.5,4.5,3.0,3.5,4.5,3.5,2.0,,3.5,,5.0,2.0,4.0,3.0,3.5,3.5,3.0,4.0,1.0,3.0,4.0,3.0,4.0,3.0,1.5,4.5,,2.0,3.5,2.0,3.0,5.0,4.0,,3.0,3.5,3.5,1.0,3.0,3.5,3.0,2.0,3.5,3.5,3.0,2.0,4.0,3.5,,4.5,,3.0,3.5
62925,2.5,,4.0,2.0,4.0,,4.5,,2.5,,3.0,,2.0,,,,,,,,3.0,,,3.0,,,4.0,,3.0,,,,4.0,,,4.0,,3.0,,,,,,2.0,,,3.0,4.5,,,4.0,,2.0,3.0,4.0,2.0,4.0,,2.0,4.0,,,,,,4.0,,,,4.0,3.0,4.0,4.0,3.0,4.0,4.0,4.0,4.0,,4.0,3.5,3.0,3.0,4.0,5.0,4.0,,4.0,5.0,4.0,,,4.0,4.0,4.0,4.0,4.5,4.0,4.0,4.0,4.5,,4.5,5.0,,,4.0,4.0,4.0,4.0,,,4.0,4.0,,,5.0,,,,,4.0,4.0,,4.0,4.0,,3.0,3.0,,3.0,,,4.0,,3.0,4.5,4.5,4.0,,4.0,,4.0,,3.0,3.0,4.0,1.0,,1.0,5.0,4.0,3.0,4.0,3.0,,,3.0,,4.0,2.0,4.0,,4.0,,,4.5,3.0,,3.0,2.0,,,,4.5,,1.0,3.0,,3.0,2.0,3.0,3.0,4.0,3.0,4.0,3.0,4.0,,2.0,3.0,4.0,4.0,4.0,3.0,,3.5,,3.0,,,4.5,4.0,,,3.0,5.0,3.0,4.0,2.0,3.5,3.0,4.0,3.0,3.0,3.0,3.0,4.0,3.0,4.0,3.0,,3.0,,3.0,3.0,3.0,1.5,3.5,,2.5,3.0,,3.5,,,2.5,2.5,3.5,3.5,,,2.5,4.0,4.0,2.5,4.0,3.5,3.0,4.0
63046,3.5,,,,,,,,,,,,,,,3.5,,,,,3.5,,,2.5,3.5,,,,,,4.0,,2.0,,,,3.5,,,4.0,,,,4.0,,,,4.5,,,,,3.5,,4.5,,,,4.0,,,,,3.5,,,,3.0,,,2.0,,4.0,,,,,3.0,5.0,,4.5,4.0,,,4.5,,,4.0,3.5,,,5.0,,,2.5,,,,,,4.0,,,4.5,,,,4.0,4.0,,4.5,,,4.0,4.0,5.0,4.5,,3.5,3.5,4.0,4.0,4.0,,,3.0,,,,,,4.0,,,4.0,4.0,3.5,4.0,4.0,,4.0,,,2.5,3.0,,,,,,4.0,4.0,4.0,,,3.5,,3.5,,,4.0,,,,,4.0,2.5,4.0,4.0,,4.0,3.5,4.0,4.0,,,,,,4.0,,4.0,,,,,3.5,,,,4.0,4.0,4.0,4.0,,,,,4.5,,4.0,,2.0,,,,,4.0,,4.0,4.0,,,4.5,2.5,1.0,3.5,,,,,3.5,,4.5,4.0,,4.5,,3.0,,,3.5,,5.0,,3.5,,3.0,4.0,4.0,4.5,3.5,4.0,,,3.5,4.5,,4.0,
63147,,2.0,2.5,2.0,2.0,,5.0,,2.0,,,2.5,4.0,3.0,3.0,,,,1.5,,,,,4.5,,,,,,,,,,,,,,,,,,,,,,,4.0,2.5,,2.5,2.5,,,2.5,,,2.0,3.5,,2.5,,,1.5,1.5,,2.5,2.5,,2.5,4.5,,5.0,4.5,5.0,3.5,,5.0,5.0,,2.5,3.0,,,4.0,4.5,,,4.5,5.0,5.0,4.0,3.5,3.5,4.5,,4.5,3.0,2.5,3.0,4.5,4.0,3.0,3.5,,,4.0,3.0,4.5,4.5,,5.0,4.0,,,,,,,,,,3.5,5.0,3.0,3.5,4.5,,3.0,2.5,3.0,,2.5,2.5,5.0,2.5,2.0,3.0,,4.0,2.0,2.5,,3.0,3.0,3.0,2.5,,2.5,,1.5,2.5,3.5,4.0,,,,,,4.5,3.0,,,,,2.5,3.5,4.0,,,4.5,,2.5,,,3.0,3.0,1.5,1.5,,4.0,2.5,,2.5,2.5,2.5,4.0,2.5,,2.5,2.5,2.5,,3.5,5.0,3.5,,4.5,,3.0,,2.5,1.0,3.0,2.5,2.5,,5.0,2.0,2.5,1.5,2.5,2.5,2.0,2.5,3.0,2.5,3.0,2.5,2.0,2.5,3.0,,2.5,2.5,3.0,2.5,2.5,2.5,3.0,,2.5,3.0,2.0,2.5,2.5,2.5,2.5,,3.0,2.5,2.0,2.5,,4.0,4.5,2.5,2.5,2.5,2.5,2.5
64060,3.0,4.0,3.0,,5.0,,4.0,,,3.5,,4.0,4.0,4.0,3.0,,3.0,3.5,,3.0,4.5,3.0,3.0,4.0,3.0,,4.5,3.0,3.5,3.0,4.0,3.5,4.0,4.0,3.5,4.0,2.5,3.0,,4.0,3.0,4.0,,4.0,3.5,,4.0,5.0,3.5,5.0,5.0,,4.0,5.0,5.0,3.0,5.0,,4.0,4.0,4.0,3.5,3.0,3.5,,4.0,,3.5,4.0,,,4.5,3.5,,,,3.0,5.0,5.0,3.0,4.5,3.5,4.0,4.0,5.0,4.0,5.0,5.0,5.0,2.5,4.5,,,5.0,4.0,5.0,5.0,,5.0,,4.5,5.0,5.0,5.0,4.5,3.0,4.0,4.0,5.0,4.0,,,5.0,,5.0,5.0,5.0,,,4.0,,4.0,4.0,2.0,3.5,4.0,3.0,3.0,3.0,4.0,3.0,5.0,3.0,4.0,4.0,4.0,3.0,3.0,4.0,3.0,5.0,3.0,4.0,4.5,3.0,4.0,4.0,4.0,3.0,2.0,4.0,5.0,,4.0,4.0,4.0,4.5,3.0,,4.0,4.5,4.0,4.0,3.0,4.0,4.0,4.0,4.0,4.0,4.0,3.5,4.0,4.0,3.0,4.0,3.0,4.0,3.0,,5.0,3.5,5.0,5.0,5.0,4.0,5.0,,4.0,3.5,4.0,3.0,3.0,4.0,5.0,4.0,3.0,4.0,2.0,3.0,3.0,3.0,4.0,5.0,4.0,4.0,3.0,5.0,5.0,4.0,3.0,5.0,3.5,4.5,3.5,2.5,3.0,5.0,3.0,3.5,4.5,5.0,2.5,4.0,,3.5,4.0,4.0,3.5,4.5,3.5,4.0,4.5,3.0,4.0,5.0,4.0,4.0,4.5,4.0,3.5,3.5,4.0,3.5,4.0,4.5,4.5,4.0,4.0,4.0,4.0
64843,4.0,4.0,,3.0,3.0,,5.0,1.0,4.0,5.0,,,4.0,3.0,,3.0,,,2.0,1.0,,3.5,3.5,4.0,3.0,,,,0.5,1.0,4.0,3.0,4.0,4.0,4.0,4.0,2.0,2.0,3.0,1.5,3.5,4.0,3.5,4.0,,3.0,,,2.0,4.0,3.5,,4.0,3.0,,4.0,4.5,4.0,3.5,5.0,4.0,3.0,3.0,4.0,3.0,,,3.0,3.0,4.0,4.5,4.0,5.0,4.0,5.0,4.0,5.0,3.5,4.5,4.5,5.0,4.0,4.0,,4.5,3.0,5.0,5.0,5.0,3.0,4.0,4.0,5.0,,4.0,4.5,5.0,3.0,4.5,,4.0,3.0,4.0,4.0,,5.0,4.0,4.5,4.5,4.0,5.0,,4.5,,4.0,3.5,4.0,,4.0,4.0,4.0,4.0,4.0,3.5,4.5,5.0,3.0,,4.5,3.5,3.5,4.0,2.0,,,4.0,3.5,3.0,4.0,3.0,5.0,4.0,1.0,3.0,4.0,,3.5,4.5,3.0,3.0,5.0,3.0,4.5,4.0,3.0,3.0,3.0,3.0,,4.5,4.0,3.0,4.0,4.0,,4.0,,4.0,3.5,3.0,4.0,5.0,5.0,,4.0,4.0,4.0,4.5,2.0,4.5,4.0,3.5,4.5,3.0,3.0,4.5,,3.0,4.5,3.5,4.0,4.0,0.5,4.0,3.0,3.0,5.0,,4.0,2.5,3.5,4.5,4.5,5.0,5.0,3.5,5.0,4.0,3.0,5.0,,4.5,,5.0,4.0,3.5,5.0,3.5,3.0,4.5,3.5,4.0,5.0,,0.5,5.0,3.5,4.0,4.5,3.5,,4.0,3.0,4.5,4.0,5.0,3.0,,5.0,4.5,5.0,4.0,3.5,4.0,4.0,5.0,4.5,,4.5,5.0
65304,,4.0,4.0,2.0,4.0,,3.0,,,,,2.0,4.0,,,,,,,,4.0,,,5.0,5.0,,3.0,3.0,3.0,,,2.5,5.0,,2.0,4.0,,,,3.0,,3.0,3.5,2.0,,,,4.0,,,1.0,3.0,2.0,4.0,,2.0,4.0,,2.0,4.0,3.0,,3.0,2.0,,4.0,,5.0,2.0,5.0,3.0,5.0,5.0,5.0,3.0,5.0,4.0,3.0,4.0,4.0,3.0,5.0,2.0,3.0,3.0,3.0,3.0,5.0,4.0,5.0,5.0,,5.0,5.0,3.0,5.0,5.0,3.0,4.0,5.0,5.0,,4.0,4.0,4.0,5.0,4.0,5.0,3.0,5.0,5.0,4.0,3.0,2.0,,4.0,5.0,3.0,,2.0,,4.0,5.0,3.5,4.0,4.0,4.0,4.0,5.0,,2.0,4.0,3.0,4.0,4.0,4.0,5.0,4.0,5.0,4.0,4.0,,4.0,4.0,4.0,4.0,4.0,1.0,,1.0,4.0,2.0,5.0,3.0,1.0,,1.0,2.5,5.0,4.0,4.0,4.0,,,3.0,4.0,5.0,4.0,3.0,4.0,3.0,4.0,,4.0,5.0,3.0,2.0,2.0,1.0,4.0,2.0,4.0,4.0,4.0,2.0,5.0,5.0,4.0,5.0,3.0,3.0,3.0,4.0,,4.0,,4.0,,4.0,,4.0,4.0,5.0,2.0,4.0,4.0,5.0,5.0,,4.0,4.0,4.0,1.5,3.0,4.0,5.0,1.0,4.0,2.0,3.0,4.0,2.0,3.0,5.0,3.0,4.0,4.0,3.0,4.5,3.0,5.0,4.5,,4.5,5.0,,4.0,3.5,4.5,5.0,3.5,4.0,2.0,5.0,5.0,4.0,,,,
65401,,2.5,4.0,,4.5,,4.0,,,,,,4.0,1.0,,,,3.0,,,0.5,,,4.0,,,4.0,4.0,4.0,,,3.5,4.5,,,2.0,,1.5,,3.5,,2.5,,3.0,,,4.5,3.5,,,4.5,,3.0,,3.0,1.0,5.0,4.0,3.5,5.0,4.0,,,3.0,,4.0,,,,5.0,5.0,5.0,5.0,5.0,5.0,5.0,5.0,5.0,5.0,4.0,,5.0,4.0,4.5,4.0,,,,2.0,4.0,,4.0,5.0,5.0,2.5,5.0,4.0,4.5,3.0,4.0,5.0,0.5,,1.0,3.0,3.5,5.0,5.0,3.5,,5.0,5.0,,5.0,4.0,5.0,5.0,,,2.0,,3.0,4.0,0.5,3.5,2.0,,4.5,1.5,,,2.0,,3.5,,,2.5,3.0,4.5,,3.0,,5.0,5.0,4.0,,3.0,4.0,,,1.5,3.0,3.0,,,,,1.0,5.0,,,2.0,3.0,,,,2.0,3.0,,4.0,,2.5,,2.0,3.5,2.0,,1.0,,4.0,4.0,5.0,5.0,3.5,,5.0,,5.0,4.0,4.0,4.0,5.0,5.0,4.0,4.5,,3.0,,2.5,,3.5,2.0,4.0,0.5,5.0,4.0,4.5,2.0,,3.0,3.0,3.0,2.5,,4.5,3.5,4.0,,,4.0,3.0,,4.0,,4.0,4.0,4.0,,,3.5,,3.0,,,,3.5,3.5,4.0,,3.5,,,4.5,5.0,3.0,,4.5,4.0,4.0,4.0
65529,3.0,1.0,,1.5,4.5,1.0,4.5,3.0,2.5,3.0,,,2.0,,,2.0,3.0,0.5,2.0,1.0,4.0,,1.0,4.0,0.5,0.5,,3.5,4.5,3.5,0.5,,3.0,1.0,0.5,3.0,0.5,,0.5,,0.5,2.5,,3.0,0.5,,0.5,,,,5.0,0.5,3.0,2.0,,1.5,4.5,2.0,0.5,3.0,4.5,2.0,2.0,4.0,,5.0,1.5,0.5,0.5,,,,,,,3.5,4.0,1.5,0.5,,3.0,1.0,1.5,,1.0,1.0,,5.0,3.5,3.5,,4.0,,4.0,2.0,3.5,,4.0,,,,,1.0,1.5,3.5,,5.0,1.5,3.0,,,4.5,2.5,,0.5,,0.5,5.0,,,,2.0,2.0,1.5,2.5,,,4.5,3.0,3.0,3.0,2.0,0.5,2.5,3.5,2.5,3.0,,3.0,3.5,2.0,0.5,1.0,3.5,0.5,2.0,3.5,3.5,2.0,,,3.5,3.5,1.0,0.5,3.5,,3.0,0.5,2.0,0.5,,3.5,0.5,0.5,2.0,3.5,,,2.5,1.5,4.5,3.5,1.0,3.5,2.0,1.5,3.0,0.5,3.5,0.5,0.5,5.0,2.0,1.0,3.5,2.0,,3.0,4.5,1.0,5.0,2.0,0.5,4.0,1.0,4.0,2.5,3.0,2.5,2.5,2.0,2.5,4.0,3.0,,5.0,0.5,,0.5,1.0,4.0,5.0,2.0,,5.0,2.5,3.5,0.5,1.0,,0.5,3.5,2.5,5.0,3.5,3.0,3.5,2.0,1.0,4.0,2.5,3.5,5.0,3.5,0.5,3.0,4.0,1.0,3.5,1.5,4.5,4.5,4.5,,,,,2.5,3.5
66263,4.0,,3.0,,,4.0,5.0,4.0,,,,4.0,4.0,4.0,,,,3.0,3.0,2.0,4.0,,,3.0,3.0,,,3.0,4.0,,4.0,,3.0,4.0,,4.0,,,,4.0,4.0,3.0,,4.0,,,,,3.0,4.0,,4.0,4.0,5.0,5.0,5.0,3.0,5.0,5.0,3.0,4.0,3.0,3.0,4.0,,3.0,4.0,,4.0,3.5,,,5.0,,,4.0,,3.0,5.0,3.0,5.0,4.0,4.0,5.0,5.0,5.0,4.0,4.0,5.0,,,,,4.0,4.0,,4.0,3.0,5.0,,3.0,,5.0,5.0,,,3.0,3.0,5.0,4.0,4.0,4.0,4.0,,5.0,,5.0,3.0,4.0,5.0,4.0,5.0,3.0,2.0,4.0,,3.0,,3.0,3.0,4.0,4.0,4.0,3.0,,4.0,4.0,5.0,4.0,4.0,4.0,4.0,,2.0,4.0,5.0,4.0,4.0,4.0,4.0,4.0,5.0,3.0,5.0,5.0,4.0,4.0,4.0,,4.0,4.0,4.0,4.0,3.0,,4.0,2.0,4.0,4.0,4.0,4.0,3.0,4.0,,3.0,2.0,4.0,3.0,2.5,3.0,,5.0,5.0,4.0,4.0,4.0,4.0,4.0,4.0,4.0,4.0,3.0,4.0,4.0,4.0,4.0,4.0,,4.0,,4.0,4.0,4.0,,2.0,4.0,5.0,4.0,3.0,4.0,4.0,4.0,4.0,4.0,4.0,,3.0,,3.0,4.0,3.0,3.0,4.0,3.5,4.0,2.0,4.0,4.0,4.5,4.0,3.0,3.0,4.0,5.0,4.0,4.0,4.0,4.0,4.0,3.5,4.0,4.0,4.0,2.5,3.0,4.5,4.0,3.0,4.5,4.5
66401,,,,,4.0,,4.0,,,,,,,,,,,,,,,,4.0,,,,,,,,4.0,,3.0,3.0,4.0,,,,2.0,,,,,4.0,,,,,4.0,,4.0,1.0,3.5,4.0,4.0,,5.0,4.0,4.0,5.0,,,,3.5,,,,,,4.0,3.0,,4.0,4.5,4.0,3.0,4.0,5.0,5.0,,,,,3.0,5.0,3.5,,5.0,4.5,5.0,4.0,4.0,5.0,4.0,4.0,5.0,4.0,,5.0,2.0,3.0,,4.0,,3.5,4.0,3.0,4.5,5.0,4.0,3.0,,4.5,,3.5,5.0,3.0,,,,,3.0,3.0,3.0,3.0,4.0,,,3.0,2.0,,4.0,,3.5,4.5,3.5,4.0,,,4.0,,,,,3.0,4.0,,4.0,,,,4.0,5.0,4.0,4.0,,3.5,4.0,,4.5,,3.0,,,,,4.0,,4.0,3.0,5.0,,4.0,,4.0,4.0,3.0,3.0,,5.0,3.5,,5.0,4.0,5.0,4.0,,4.0,4.5,1.0,3.0,4.0,4.0,5.0,3.0,3.0,4.0,,,,3.0,4.0,1.5,2.5,4.0,4.0,2.0,3.0,,4.0,4.5,4.0,4.0,4.0,3.0,4.0,5.0,1.0,4.5,4.0,4.0,3.0,3.0,,3.5,2.5,4.5,3.0,3.5,4.0,2.5,3.5,,4.0,4.5,4.0,3.5,3.0,4.5,4.5,3.5,4.0,3.5,4.0,3.5,3.5,4.0,5.0,5.0,1.5
66533,4.5,2.5,3.5,,4.0,,3.0,3.0,3.5,4.0,,2.0,3.0,2.5,4.0,,3.0,,3.0,4.0,4.5,,3.5,4.5,,4.0,,1.5,3.5,2.5,,4.0,,3.0,3.0,2.0,2.5,3.0,3.0,2.5,3.0,4.0,3.5,3.5,,,,3.5,2.5,3.5,4.5,4.5,1.0,2.5,4.0,3.0,4.5,3.0,3.5,2.5,4.0,3.5,3.0,2.0,,3.5,3.0,3.5,3.0,1.5,3.5,3.0,3.0,3.0,3.0,2.0,5.0,3.0,2.5,4.0,3.0,,,0.5,3.0,3.0,2.5,2.5,5.0,4.0,5.0,4.0,2.5,3.5,5.0,4.5,2.5,3.5,4.0,4.0,2.5,,3.0,2.5,,,3.0,2.0,5.0,3.0,4.0,2.5,2.5,,2.0,4.5,2.5,,4.0,3.5,4.0,2.0,3.0,3.0,4.0,5.0,3.0,,4.0,4.5,3.0,3.5,3.0,5.0,3.5,3.0,5.0,3.5,5.0,3.0,3.0,3.0,2.5,4.5,0.5,3.0,3.0,3.0,3.5,3.0,3.0,3.5,4.0,3.0,3.5,,2.5,4.5,,3.5,,3.5,3.5,3.5,3.0,4.0,,3.5,3.5,3.5,3.0,4.5,4.0,4.0,,2.0,2.0,3.5,3.5,4.5,3.5,3.0,5.0,3.0,3.0,4.5,4.0,2.5,3.5,3.0,4.0,4.0,4.5,3.5,2.5,3.0,4.0,3.0,3.5,3.0,4.5,3.5,2.0,4.5,3.0,3.0,3.5,2.5,4.5,3.0,3.5,4.5,5.0,3.0,4.0,4.0,4.5,4.5,2.0,3.0,3.0,2.5,3.0,3.5,,3.5,3.0,4.0,4.0,4.0,3.5,3.0,4.0,3.0,4.5,3.5,2.5,2.0,4.0,4.5,3.0,3.0,4.0,3.5,3.0,3.0,3.0,5.0,4.0,2.0
66617,0.5,4.0,2.0,,,2.0,3.5,,2.5,1.0,2.0,1.0,3.0,2.0,2.0,1.0,1.0,1.0,1.0,0.5,3.0,,2.5,4.0,1.0,1.0,,1.0,1.5,2.0,,3.0,,2.5,2.0,2.0,1.0,1.0,1.0,1.0,1.0,2.0,2.0,2.0,1.0,1.0,,3.0,1.0,2.5,2.0,,1.0,3.0,2.5,3.0,4.0,,,4.0,,,2.0,0.5,,2.0,1.0,2.0,1.0,4.0,3.5,4.5,5.0,3.0,5.0,,4.0,3.0,,3.0,,,2.0,,1.0,2.5,3.0,4.0,5.0,5.0,4.5,4.0,3.0,2.5,2.0,4.0,4.0,4.0,,4.0,3.0,4.0,3.0,,3.5,4.0,4.0,2.0,2.0,3.0,4.0,1.0,4.0,,2.0,2.0,2.5,3.0,,,,1.5,4.0,3.0,1.0,3.0,2.5,3.0,3.0,2.0,1.0,2.5,2.0,3.0,2.0,2.5,2.0,3.0,2.0,3.0,,2.0,4.0,4.5,3.0,4.0,1.0,2.0,,1.0,,3.0,4.0,3.0,,1.0,,2.0,5.0,3.0,,4.0,2.0,3.0,3.0,,3.5,,,4.0,2.0,4.0,,,3.0,2.5,1.5,1.0,1.0,4.0,,2.0,2.0,1.5,4.0,4.5,3.0,,2.0,,,2.0,2.0,,3.0,2.0,3.0,,3.0,1.0,3.0,2.0,3.0,3.0,4.5,3.0,3.5,,3.0,2.0,,4.0,3.0,2.0,3.0,3.0,3.0,3.0,2.0,3.0,3.0,2.0,1.0,2.5,3.0,,3.0,2.5,2.5,0.5,3.0,3.5,,,1.5,,3.0,3.0,3.5,3.5,,3.0,0.5,3.5,2.0,3.5,2.5,4.0,,
66649,3.0,3.0,3.5,,4.5,,3.5,2.5,,,3.0,2.5,4.0,,,3.5,3.0,3.5,3.0,4.0,4.0,2.5,3.5,3.0,2.5,2.0,3.0,,4.0,,2.5,,4.0,2.5,3.0,2.5,2.0,1.5,2.5,3.0,2.0,3.5,2.5,3.0,2.0,,3.0,,2.5,,4.5,,3.5,3.0,4.0,3.5,4.0,3.5,3.5,3.5,,3.0,3.0,3.5,2.5,4.5,2.5,,3.0,,4.0,5.0,4.0,4.5,4.0,4.0,5.0,4.5,3.5,4.0,3.5,3.0,3.0,3.5,4.0,4.0,,,4.5,5.0,3.5,,4.0,4.0,4.0,4.0,4.5,4.0,3.5,3.0,4.0,,3.5,3.5,4.0,4.0,5.0,4.0,3.5,3.5,5.0,3.0,3.5,3.5,3.5,3.5,5.0,4.0,2.0,,,2.5,4.0,4.5,3.5,5.0,,4.5,3.5,2.5,2.5,3.5,2.5,2.0,4.0,4.0,3.0,3.5,2.5,3.5,3.0,3.0,4.5,4.0,2.5,4.0,,4.0,3.5,2.0,3.5,4.0,4.0,2.5,3.0,3.0,3.0,3.0,4.0,3.5,3.5,4.5,,3.5,3.5,4.0,4.0,,3.5,4.5,2.5,,3.0,,3.5,2.0,3.5,3.5,2.0,3.5,,2.5,3.5,3.5,3.0,4.5,,3.0,2.5,5.0,,3.0,3.5,,2.0,3.0,4.0,2.0,3.5,4.0,,2.0,5.0,4.5,,3.0,5.0,3.0,5.0,4.0,3.0,4.0,4.0,3.0,3.5,2.5,3.5,3.5,3.5,2.5,3.5,3.0,3.0,4.0,3.0,3.5,2.5,3.0,3.5,2.5,,4.0,3.0,4.5,4.0,4.5,2.5,4.0,4.0,3.0,3.5,3.0,4.5,4.5,5.0,4.5,3.5,5.0,4.5,4.5
66763,3.0,,3.0,,5.0,,4.0,3.0,2.0,2.0,,,4.5,4.0,3.0,2.0,1.0,2.5,,2.0,4.0,,3.0,4.0,3.0,2.0,4.5,3.0,3.0,3.0,4.0,3.0,5.0,3.0,3.0,5.0,2.0,3.0,3.0,4.0,2.0,4.0,2.0,4.0,1.0,2.0,4.0,4.0,3.0,4.0,3.0,4.0,4.0,4.0,5.0,2.0,5.0,4.0,4.0,5.0,4.0,,3.0,4.0,,4.0,3.0,3.0,3.0,4.0,4.0,4.0,4.0,4.5,5.0,4.0,5.0,4.0,4.0,4.0,4.0,3.0,3.0,5.0,5.0,4.0,3.0,5.0,5.0,3.0,4.0,5.0,5.0,5.0,4.0,5.0,5.0,,5.0,5.0,5.0,4.5,3.0,4.0,,4.0,4.0,4.5,5.0,,5.0,5.0,3.0,4.5,5.0,5.0,5.0,3.0,3.0,4.0,5.0,3.0,5.0,1.5,4.0,4.0,4.0,4.0,4.0,2.0,3.0,4.0,3.0,4.0,3.0,4.0,4.0,5.0,3.0,,4.5,3.5,4.0,4.0,4.5,,4.0,4.5,3.0,3.0,5.0,4.5,4.0,4.0,3.0,3.0,2.0,3.0,5.0,4.5,4.0,4.0,4.0,3.0,3.5,4.0,3.0,5.0,4.0,3.0,4.0,4.0,3.0,3.5,3.0,4.0,2.0,3.0,1.0,3.0,4.0,4.0,5.0,5.0,4.0,5.0,4.0,3.0,4.0,4.0,4.5,4.0,5.0,4.5,3.0,3.0,4.0,3.0,4.0,4.0,4.0,2.0,5.0,4.0,4.0,4.0,5.0,4.0,3.5,4.5,4.0,4.0,4.0,4.0,4.0,4.0,4.5,4.5,3.0,4.0,4.0,3.0,4.0,4.0,5.0,3.0,4.0,4.5,4.0,3.0,4.0,4.0,3.0,5.0,4.5,4.5,3.5,4.5,4.0,4.5,3.5,,3.5,5.0,4.0,4.0,4.0,4.0,3.5,5.0
66810,,5.0,4.0,,1.0,2.0,5.0,1.0,3.0,2.0,4.0,,3.0,3.0,3.0,,,1.0,2.0,,4.0,,4.0,4.0,,1.0,,,2.5,2.0,,3.0,1.0,4.0,,3.0,,,,3.0,,4.0,,3.0,,,1.0,3.0,,,3.0,,3.0,3.0,1.0,4.5,4.0,2.0,2.0,5.0,,1.5,3.0,1.0,2.0,4.0,1.0,4.0,3.0,4.0,,3.0,3.0,4.0,4.0,2.0,5.0,5.0,,3.0,,3.0,1.0,4.0,2.0,3.0,3.0,1.0,3.0,5.0,4.5,3.0,4.5,4.5,2.0,4.5,4.0,5.0,5.0,5.0,4.0,5.0,4.0,3.0,4.0,5.0,5.0,4.0,3.0,4.0,3.5,1.0,2.0,3.0,1.0,4.0,3.0,4.0,3.0,4.0,3.0,1.0,4.0,4.0,3.0,5.0,4.5,,4.0,2.0,2.0,4.0,1.0,4.0,,3.0,4.5,3.0,4.0,2.0,,3.0,5.0,5.0,2.0,4.0,2.0,2.0,2.0,2.5,2.0,3.0,3.5,4.0,2.0,3.0,3.0,4.0,5.0,2.0,3.0,3.0,3.0,3.0,4.0,2.0,4.0,3.0,3.0,4.0,3.0,3.0,3.5,3.0,4.0,,1.0,2.0,,4.0,4.0,3.0,3.0,4.0,3.0,4.0,,4.0,,3.5,4.0,4.0,4.0,1.0,4.0,4.0,3.0,,4.0,,,4.5,2.0,1.0,5.0,4.0,4.0,2.0,4.5,3.0,2.0,3.0,4.0,1.0,3.0,3.0,2.0,3.0,1.5,3.5,3.0,1.5,2.0,,,3.0,2.0,3.5,1.5,2.0,4.0,3.0,3.0,4.5,4.5,,4.0,1.5,3.5,4.0,,3.5,2.5,3.5,4.0,4.0,,,,
66836,1.0,4.5,3.0,3.0,3.5,2.0,4.0,1.5,,2.0,2.5,1.0,,,4.0,1.5,0.5,1.5,,,3.0,,0.5,3.5,,0.5,,1.5,3.5,,1.5,,3.0,2.0,2.5,,2.0,,0.5,,,,1.0,2.5,1.0,,,,2.0,2.5,3.5,0.5,2.0,,3.0,2.5,3.5,3.5,2.0,4.0,,2.0,1.5,,,4.0,1.5,1.5,,4.5,4.0,5.0,5.0,4.0,4.0,4.0,5.0,5.0,3.0,,,2.0,3.5,,3.0,,3.5,3.5,3.5,5.0,5.0,4.0,4.5,5.0,4.0,4.0,5.0,4.0,3.5,4.5,3.5,3.5,3.5,,,3.5,4.0,4.0,3.5,1.5,,3.0,3.5,3.0,,3.5,,3.5,,,,1.0,3.5,2.0,,3.0,2.0,3.5,,,,1.5,2.0,3.5,4.0,3.5,3.5,3.5,,,3.0,,4.0,5.0,,3.5,2.0,4.0,2.0,1.5,,3.5,,,,,,3.0,5.0,,,3.5,3.0,2.5,,2.5,,,,,1.5,,3.5,2.0,,2.0,2.0,,0.5,3.0,1.5,,4.0,3.5,3.5,3.0,3.5,3.0,1.0,5.0,,2.0,,3.5,3.0,,3.5,1.0,,2.0,,3.5,4.0,,4.0,3.0,3.5,1.5,3.5,2.0,,3.5,4.5,,,,,,,2.0,3.5,1.0,1.5,4.0,3.0,1.5,,1.5,2.5,,,,1.0,3.5,4.0,1.5,2.5,,1.5,,,1.5,,3.5,2.0,3.0,,3.5,,
67075,,4.0,5.0,4.0,1.5,3.0,5.0,,1.5,4.0,2.5,,4.0,3.5,,,2.0,,2.5,3.0,3.5,3.0,4.5,3.0,,2.0,,,3.0,,2.0,3.5,,2.5,2.0,3.0,,3.0,1.5,3.0,3.5,2.5,,4.0,,2.5,,2.5,,5.0,5.0,2.0,4.5,5.0,4.5,3.0,5.0,,3.0,3.5,3.0,2.0,2.0,3.0,,3.5,,3.0,3.5,,,2.5,3.0,,3.0,2.0,3.0,3.0,,2.0,3.5,1.5,3.5,1.5,1.0,1.5,2.0,3.5,3.5,2.5,2.5,3.5,2.5,2.5,4.5,5.0,4.0,5.0,2.5,1.5,2.0,3.5,5.0,3.5,3.5,2.0,5.0,4.0,5.0,1.5,2.0,1.5,3.0,,2.5,2.0,,2.5,5.0,5.0,4.5,,2.0,0.5,4.0,1.5,3.0,5.0,3.0,,2.0,3.0,1.5,3.0,4.0,2.0,2.5,3.0,4.5,2.5,3.5,2.0,3.5,5.0,2.0,4.0,1.5,2.0,2.0,1.5,2.5,3.0,1.0,3.0,,2.5,3.5,4.5,3.5,4.0,2.5,4.0,5.0,3.5,3.0,,2.0,1.5,2.0,4.0,2.5,5.0,5.0,,,,2.0,3.5,2.0,5.0,1.5,3.5,5.0,4.0,3.0,3.5,3.5,,4.5,3.0,4.0,3.0,2.5,1.5,1.5,3.5,5.0,2.0,,3.5,1.0,2.0,2.0,5.0,4.5,3.0,4.0,,3.0,3.0,3.0,2.5,3.5,3.5,4.5,2.0,4.0,3.5,2.5,4.0,3.5,,1.0,3.0,2.0,3.5,5.0,4.0,2.0,3.0,1.5,2.0,2.5,5.0,3.5,,3.5,2.5,3.0,3.5,3.0,4.0,3.0,4.0,3.0,2.5,,4.5,3.0,3.5
67346,,0.5,2.5,,,,0.5,1.5,,,1.5,1.0,4.5,,,,,,0.5,,2.0,,0.5,,3.0,,4.0,,1.0,,,,5.0,2.5,2.5,,,,,3.0,1.0,3.5,,1.0,,,5.0,4.0,2.0,,,1.0,3.0,1.0,2.0,2.0,1.5,2.0,4.0,2.0,1.5,,,,,,,,,3.0,5.0,5.0,5.0,3.0,5.0,4.0,4.0,3.0,3.0,,2.0,5.0,,3.5,3.0,2.5,1.0,2.0,2.0,2.0,,4.0,3.0,1.5,2.0,2.0,5.0,1.0,4.0,4.0,5.0,4.5,1.0,3.5,3.0,4.0,0.5,1.5,3.0,,3.0,2.5,2.0,4.0,2.5,3.0,5.0,,,,3.0,3.0,1.0,1.0,2.5,2.0,,,1.5,1.5,,,,1.0,0.5,,2.5,4.5,2.5,0.5,3.0,,,2.0,2.5,,,3.5,0.5,0.5,4.0,3.0,1.5,1.0,0.5,1.5,1.0,2.0,,2.5,2.0,2.0,,,0.5,,,2.5,3.0,0.5,2.0,,2.0,,2.5,0.5,,1.0,,2.5,,2.0,2.5,2.0,1.0,2.0,,2.0,1.5,3.0,2.0,1.0,3.0,3.0,3.5,1.5,2.0,,1.5,,3.5,,3.0,1.5,,1.5,,4.0,,,,0.5,,,3.0,2.5,4.0,,,,1.5,,0.5,1.5,3.0,0.5,2.5,0.5,2.0,,0.5,2.0,0.5,,1.0,,,3.0,,,,,3.0,,,,3.5,,,
67443,3.5,4.0,4.5,4.0,3.0,4.0,4.0,,3.0,,3.0,3.0,4.0,,4.0,3.0,3.0,3.0,,3.0,3.5,4.0,3.5,4.5,3.5,3.0,,4.0,5.0,3.5,,3.0,3.5,3.5,3.5,4.0,,3.0,,3.0,3.5,3.5,3.5,4.0,3.0,3.5,3.5,,3.0,3.5,3.0,,3.5,4.5,4.5,4.0,4.0,,3.5,3.5,3.5,3.0,3.5,3.5,3.0,4.0,,2.5,4.0,3.0,3.5,4.0,3.5,3.5,4.0,4.0,4.0,4.0,,,3.5,2.5,4.0,3.5,4.0,3.0,3.5,,4.5,4.0,3.5,5.0,4.0,4.0,3.5,4.0,4.5,4.0,4.0,3.5,,4.5,3.5,5.0,4.0,3.5,3.5,4.0,4.5,3.0,,,4.0,4.0,4.0,3.5,,4.0,3.5,3.5,3.5,,,3.5,3.5,3.0,4.0,4.0,4.0,3.5,3.5,3.5,3.5,4.0,4.0,4.5,4.0,3.0,5.0,3.0,4.0,3.5,3.5,3.5,4.0,4.0,3.0,4.5,3.0,3.0,,3.5,,3.0,3.0,3.0,,4.0,4.0,4.5,2.5,4.5,3.5,3.0,3.5,3.5,4.0,3.0,2.5,3.0,3.0,4.0,3.5,2.5,4.0,3.5,4.5,4.0,3.0,3.0,3.5,4.0,4.5,4.0,3.5,4.5,4.0,3.5,4.0,4.0,3.0,,3.5,3.0,4.0,3.0,4.5,3.0,3.5,4.0,,3.0,5.0,3.5,3.5,3.5,4.0,4.0,4.0,4.0,4.0,4.0,4.0,4.0,3.5,4.0,4.0,4.0,4.0,4.0,4.5,2.5,3.5,4.0,5.0,3.5,4.0,3.5,3.5,4.0,3.5,3.5,2.5,5.0,4.0,4.0,4.0,3.5,4.0,,4.0,4.5,4.0,3.5,4.0,3.5,3.5,,,
67527,3.5,4.0,3.5,3.0,4.0,3.0,4.0,3.0,3.0,3.0,3.0,3.0,3.0,4.0,3.0,3.5,2.5,2.5,3.5,3.0,2.0,3.5,3.0,1.0,3.0,2.5,3.5,3.5,3.0,2.5,3.0,3.5,3.5,3.5,2.5,4.0,3.0,3.5,2.5,3.0,2.5,4.0,2.5,3.5,2.5,3.5,3.0,3.5,3.0,3.5,4.5,2.0,4.5,4.0,4.0,3.0,4.5,3.5,3.5,4.5,4.0,2.5,3.0,2.5,2.5,4.0,3.0,3.5,4.5,4.0,3.0,4.0,4.5,3.0,,4.0,,,3.0,,3.5,4.0,4.5,3.5,4.5,3.5,4.0,4.0,4.5,3.0,3.5,,,3.5,,4.0,4.0,3.5,4.5,4.0,3.0,4.0,4.5,3.5,4.0,,3.5,2.5,4.5,4.0,4.5,2.0,2.5,,4.5,5.0,2.5,4.5,,3.5,4.0,3.0,4.5,3.0,3.5,3.5,4.0,3.5,2.5,3.5,,3.0,3.0,4.0,4.0,3.0,3.0,4.0,4.0,3.5,3.5,3.0,4.0,3.5,2.5,3.5,2.5,3.5,3.0,3.5,4.0,4.0,4.5,4.5,3.5,2.5,3.5,4.0,,4.0,3.0,4.0,3.5,2.5,3.5,3.0,3.5,3.5,3.5,2.5,3.5,,3.5,2.5,3.0,2.0,,3.0,2.5,2.5,,4.0,3.5,3.0,3.5,3.0,,3.5,4.0,3.5,3.0,3.5,4.0,3.0,2.5,3.5,4.0,2.5,3.0,4.0,,2.5,3.0,3.5,3.0,3.5,4.0,3.5,2.5,4.0,3.0,4.0,,3.0,3.5,3.0,3.5,3.0,,4.0,4.0,3.0,3.5,,3.5,3.0,4.0,3.0,4.5,3.5,3.0,3.5,3.5,4.5,3.0,3.0,4.0,,4.0,2.5,2.5,2.5,4.0,4.5,3.0,3.5,,,,
68026,3.0,3.5,,,5.0,3.0,5.0,,,5.0,,,5.0,4.0,2.0,,,1.5,,,3.5,2.5,2.0,,4.0,2.0,4.0,5.0,,1.0,3.5,2.5,4.0,5.0,2.5,4.5,,,,4.0,3.0,4.0,3.5,3.0,,,4.5,5.0,,2.0,,,3.5,5.0,4.0,5.0,1.5,3.0,3.5,4.0,,,2.5,2.0,,,,1.0,,5.0,5.0,4.5,3.5,4.0,4.0,4.0,5.0,4.5,3.0,3.5,,4.0,2.5,4.0,5.0,4.0,3.0,5.0,3.5,3.0,3.5,2.0,5.0,3.0,3.0,5.0,4.5,2.5,4.0,,4.0,5.0,3.5,4.0,5.0,4.0,,5.0,4.0,1.0,5.0,3.0,2.0,4.0,3.0,,5.0,,,4.0,4.5,1.0,5.0,,5.0,5.0,5.0,4.0,3.0,,1.0,4.0,3.0,4.0,,,5.0,4.0,,,4.5,3.5,4.0,2.0,4.5,3.5,,4.0,4.0,3.0,5.0,3.0,,3.0,,3.5,,,5.0,5.0,5.0,4.0,4.0,3.0,3.5,4.0,4.0,4.0,3.0,,3.5,3.5,2.0,4.0,5.0,,2.0,2.0,1.5,5.0,2.0,5.0,3.5,3.0,1.5,5.0,,,,4.5,2.5,3.0,3.5,4.0,3.0,,4.5,3.0,,3.0,,5.0,5.0,4.0,5.0,4.0,,4.0,5.0,3.5,,,,4.5,2.0,3.5,4.5,5.0,1.5,5.0,4.0,3.5,4.5,,4.5,,4.5,,4.0,3.5,,4.0,,3.5,,,5.0,2.5,,4.5,4.0,,4.5,3.5,,3.0,5.0,4.0,5.0,
68063,3.5,3.0,3.5,3.5,5.0,2.0,4.0,2.0,2.5,3.5,2.5,3.0,4.0,4.0,2.0,,1.0,3.5,1.5,2.5,3.5,2.5,3.5,4.0,2.5,,,3.5,1.0,4.0,2.0,3.0,3.5,,3.5,3.5,2.5,3.0,,3.5,2.5,4.0,3.0,4.5,,3.5,,3.5,2.0,3.5,4.0,2.5,3.5,3.5,5.0,4.0,5.0,3.5,3.5,3.5,3.0,,4.0,3.5,,3.5,,3.5,3.5,,,3.5,4.0,4.0,3.5,4.5,3.5,4.0,,3.5,3.5,,3.5,3.5,5.0,3.5,4.0,5.0,5.0,3.5,4.0,4.0,,5.0,4.0,5.0,4.0,5.0,3.0,5.0,4.0,4.0,4.0,4.5,,5.0,4.0,3.5,3.5,3.0,4.5,,4.0,,5.0,5.0,4.5,2.0,,3.0,3.5,3.0,5.0,2.0,3.5,5.0,3.0,3.5,4.0,2.0,3.5,3.5,3.0,3.5,3.5,3.5,4.5,4.5,4.0,2.0,3.5,3.0,3.5,4.5,3.5,3.0,3.0,4.0,3.5,4.0,5.0,5.0,5.0,3.5,3.5,3.5,1.5,2.5,4.5,5.0,3.5,5.0,4.0,3.0,3.0,3.5,4.0,3.5,3.5,3.5,3.5,3.5,5.0,2.0,3.5,3.0,2.5,3.5,,5.0,3.5,3.5,5.0,3.5,3.5,4.0,3.5,4.0,3.5,4.0,3.5,3.5,3.0,3.5,4.0,3.5,3.5,1.0,3.5,3.5,3.5,2.0,4.0,3.5,3.5,4.5,4.0,3.5,3.5,4.0,2.0,4.0,4.0,3.5,2.5,3.5,3.5,4.0,2.5,3.5,3.5,,3.0,3.5,4.0,3.0,3.5,2.5,4.0,3.0,3.5,3.0,,3.5,3.5,3.5,,3.5,4.0,3.5,,2.5,4.0,4.0,,3.0,,,,
68358,3.0,4.0,,3.0,4.0,,4.0,,4.0,,4.5,2.0,5.0,,2.0,,,4.0,,4.0,5.0,,4.5,4.0,,,,,4.0,4.0,4.0,,,3.0,4.0,4.0,,,,3.5,3.0,3.5,4.0,2.0,4.0,4.0,,4.0,,4.0,3.5,3.5,,5.0,,4.0,5.0,,4.0,5.0,4.0,4.5,4.0,3.0,,5.0,4.0,5.0,4.0,5.0,,4.0,4.0,,,,4.0,5.0,4.5,4.5,5.0,,3.0,3.5,5.0,1.5,4.0,5.0,5.0,2.5,5.0,,,4.0,5.0,5.0,4.0,5.0,5.0,,,,4.0,,,,5.0,4.0,4.0,4.0,4.0,5.0,4.0,,4.0,,4.0,4.0,,4.0,,4.0,4.0,4.0,4.0,4.0,,4.0,4.0,4.0,4.0,1.0,2.0,5.0,,4.0,5.0,4.0,4.5,,5.0,4.0,4.0,4.5,1.5,4.0,,4.0,1.5,2.0,5.0,,4.5,4.0,4.0,,4.0,3.0,,5.0,4.0,5.0,5.0,4.0,4.0,4.5,,4.0,4.5,5.0,4.0,4.0,5.0,2.0,4.0,2.0,4.0,3.0,,4.0,4.0,4.0,5.0,4.0,4.0,4.0,,3.0,4.5,5.0,4.0,4.0,3.0,4.0,2.0,5.0,3.0,3.5,5.0,4.0,5.0,5.0,5.0,3.5,1.0,4.0,5.0,4.0,4.0,4.0,5.0,5.0,4.0,5.0,4.0,5.0,5.0,4.5,5.0,4.0,5.0,,5.0,4.5,5.0,4.0,4.5,4.5,4.0,4.0,4.5,4.0,3.0,5.0,3.5,4.5,3.5,4.0,4.5,4.5,4.0,4.0,4.5,5.0,4.5,,4.5,,4.0,5.0
68558,2.5,,3.0,,,,4.0,4.5,2.5,,,,3.5,,1.5,,,2.0,0.5,,5.0,,2.5,4.5,,2.5,,,5.0,,,,3.0,2.5,,2.5,,,,,,,1.0,5.0,,,3.0,,,,3.0,,2.0,2.5,4.0,3.5,4.5,2.5,2.5,2.5,3.5,,2.0,,,5.0,5.0,,,,3.0,3.0,4.0,,,3.0,4.5,4.5,,5.0,2.0,3.5,,3.0,3.0,3.5,3.0,5.0,3.0,3.5,5.0,4.0,,4.5,5.0,5.0,4.5,5.0,2.5,3.5,5.0,3.0,3.0,5.0,3.5,,5.0,4.0,4.0,3.5,,,3.5,,,3.5,4.0,3.0,,3.5,2.5,3.5,5.0,2.0,3.0,2.5,,2.5,3.5,2.5,2.5,3.0,,3.0,,3.5,4.0,,3.5,3.0,3.5,3.0,3.0,2.5,,3.5,2.5,3.0,3.0,3.0,4.0,4.0,2.0,,,2.5,,3.0,,4.5,,4.5,2.5,,,3.0,3.0,,,3.0,0.5,3.5,4.0,4.0,2.5,3.0,3.5,3.0,3.0,3.0,,2.5,4.0,3.5,1.5,3.0,2.5,,4.0,5.0,3.0,,3.5,,4.5,2.0,3.5,2.5,,,,3.0,3.0,3.0,3.5,3.0,5.0,2.5,3.5,3.5,3.0,4.0,4.0,2.0,4.0,3.0,5.0,3.0,4.5,3.5,3.5,1.5,2.5,4.0,3.5,3.0,3.5,1.0,3.5,,5.0,3.5,,3.5,4.5,3.0,3.0,3.0,4.0,2.5,3.0,3.0,2.0,3.5,5.0,4.5,4.0,4.5,4.0,5.0
68575,,5.0,4.0,2.0,5.0,1.5,5.0,,,2.5,,,4.0,3.5,2.5,,,0.5,1.5,1.5,,2.5,2.0,4.0,,,,,2.0,3.0,,,,,,3.5,,1.5,1.5,2.5,1.0,4.0,0.5,3.0,,,,3.0,1.5,4.5,,,1.5,3.0,5.0,3.0,5.0,,3.0,4.5,3.0,,3.0,3.0,,4.5,2.5,2.5,3.0,5.0,3.0,4.5,5.0,3.0,3.0,3.0,4.0,5.0,,3.0,2.5,2.0,3.5,4.5,3.0,4.0,3.0,3.0,4.0,2.0,5.0,5.0,5.0,5.0,5.0,5.0,5.0,5.0,4.0,5.0,3.0,3.0,3.0,5.0,,4.5,3.0,4.5,5.0,,2.0,3.0,3.0,4.0,3.5,5.0,3.0,4.0,1.5,3.5,2.0,1.5,5.0,,3.0,2.5,3.5,4.0,3.5,,2.5,2.5,,3.0,3.0,3.5,5.0,3.0,3.0,2.5,5.0,,,3.0,3.5,3.5,3.0,2.5,1.5,1.0,3.5,3.0,3.0,2.5,2.5,1.0,2.5,4.0,4.5,5.0,,4.5,5.0,,3.0,2.5,2.5,,1.5,2.5,2.5,2.5,3.5,2.5,2.5,2.5,3.0,2.0,,4.0,,2.0,4.5,2.0,,3.0,,3.0,3.0,3.0,,2.0,4.5,3.0,3.0,3.0,5.0,,,2.5,2.5,2.0,3.0,3.0,3.0,2.5,4.5,,3.0,3.0,,3.0,2.5,4.0,3.0,2.5,3.0,3.0,2.5,3.0,3.0,2.0,,2.5,4.0,2.0,2.5,3.0,5.0,3.0,5.0,3.0,3.0,3.0,3.0,2.5,2.5,5.0,3.5,2.5,,4.0,5.0,4.5,4.5,4.0,4.5,5.0,5.0,5.0
69683,3.0,4.0,4.0,4.0,4.0,,4.0,,3.0,4.0,2.0,4.0,4.0,4.0,4.0,2.0,,3.0,2.0,2.0,5.0,3.0,4.0,4.0,3.0,3.0,,5.0,4.0,3.0,,4.0,4.0,4.0,3.0,4.0,,3.0,,4.0,2.0,3.0,3.0,4.0,2.0,,,3.0,3.0,3.0,5.0,3.0,3.0,3.0,4.0,4.0,5.0,4.0,3.0,5.0,,,4.0,3.0,2.0,5.0,,3.0,3.0,5.0,4.0,4.0,3.0,,,,5.0,4.5,4.0,4.0,,2.0,4.0,4.0,4.0,3.0,4.0,5.0,5.0,4.0,,,5.0,5.0,5.0,4.0,5.0,4.0,4.0,,5.0,,5.0,4.0,4.0,,5.0,4.0,4.0,4.0,5.0,4.0,4.0,,4.0,4.0,4.0,4.0,3.0,3.0,3.0,3.0,5.0,4.0,4.0,5.0,4.0,4.0,5.0,2.0,4.0,4.0,3.0,4.0,4.0,4.0,5.0,4.0,5.0,3.0,4.0,3.0,4.0,4.0,4.0,4.0,4.0,4.0,3.0,3.0,3.0,4.0,4.0,4.0,4.0,3.0,3.0,3.0,4.0,5.0,4.0,4.0,4.0,3.0,4.0,4.0,5.0,4.0,3.0,4.0,3.0,4.0,4.0,4.0,5.0,4.0,3.0,3.0,1.0,3.0,3.0,4.0,5.0,3.0,3.0,5.0,5.0,4.0,4.0,5.0,3.0,4.0,4.0,4.0,4.0,3.0,5.0,3.0,4.0,4.0,4.0,4.0,5.0,5.0,5.0,4.0,5.0,5.0,4.0,5.0,5.0,4.0,5.0,4.0,4.0,5.0,,4.0,4.0,4.0,5.0,2.0,4.0,5.0,5.0,4.0,5.0,5.0,5.0,3.5,4.0,4.5,4.0,5.0,3.5,4.0,4.5,4.5,5.0,,,,,,,,,,,
69793,3.5,4.5,4.0,3.5,4.0,3.0,4.0,3.0,3.0,3.5,4.5,3.5,4.0,3.5,4.5,4.0,3.0,3.0,3.5,2.5,5.0,3.5,3.5,3.5,3.0,2.5,3.5,4.0,4.0,3.0,3.5,3.0,3.5,3.5,4.0,3.5,2.0,3.5,1.5,3.0,3.5,3.5,2.5,4.5,3.0,2.5,2.5,4.0,3.5,4.0,5.0,2.5,3.5,4.5,3.0,4.0,4.0,4.0,4.0,3.0,3.5,3.5,4.0,3.5,3.5,4.5,3.5,2.0,3.5,3.5,3.5,3.5,4.0,2.5,,3.0,3.0,4.5,4.0,4.0,4.5,3.5,3.5,3.0,4.0,4.0,4.0,4.0,5.0,4.0,4.5,3.0,,5.0,4.0,4.5,3.0,5.0,3.5,4.0,3.5,,4.0,4.0,4.5,3.5,4.5,4.0,4.0,4.0,4.5,4.0,4.0,3.5,3.0,4.0,5.0,3.0,3.0,5.0,3.0,4.5,3.0,3.5,4.0,4.0,3.0,3.0,4.0,3.0,3.5,3.5,3.5,4.5,3.0,5.0,4.0,3.5,3.5,4.0,4.5,3.0,3.0,4.0,4.0,4.5,4.0,3.5,3.5,3.5,4.0,4.0,5.0,3.5,4.0,4.0,4.5,4.0,4.0,4.5,3.5,4.0,4.0,3.5,3.5,4.0,3.5,3.0,3.0,4.0,3.0,4.5,4.0,4.0,3.5,3.5,3.5,4.0,3.5,3.5,1.5,4.0,4.0,3.0,4.0,3.0,5.0,3.5,4.0,4.0,4.0,4.0,3.0,4.5,4.0,4.0,4.0,2.5,3.0,3.5,3.5,4.5,5.0,3.5,5.0,3.5,4.0,4.0,4.5,4.5,4.5,4.0,4.5,4.0,4.5,4.0,4.5,3.5,4.5,4.5,3.0,3.5,2.5,5.0,4.0,4.0,2.5,3.5,4.0,3.5,4.0,4.5,4.0,4.5,4.5,3.0,4.0,3.5,3.0,4.0,4.0,4.5,,,,4.0,,,,
70201,3.0,3.5,3.5,,,2.0,4.0,,2.5,2.5,2.5,3.0,3.5,3.5,3.0,,3.0,3.0,2.0,3.0,,,3.0,3.0,3.0,2.5,,,,3.0,2.0,,,3.0,3.0,2.5,3.0,2.5,3.0,,3.0,,2.5,4.0,3.0,2.5,,3.5,2.5,3.5,3.5,1.5,3.0,3.5,3.5,3.0,4.0,,,4.0,3.0,,3.5,3.0,,3.5,,2.5,3.0,4.0,,3.5,4.0,3.5,3.5,,4.0,3.0,3.5,4.0,4.0,,,,3.0,,3.0,3.5,,3.5,4.5,4.0,,,,4.0,4.0,3.5,3.5,4.0,3.0,,3.0,3.0,,3.5,3.5,3.0,3.5,,3.5,3.5,,4.0,3.5,4.0,,,,,,3.0,,2.5,,3.5,,3.5,3.0,3.5,3.0,3.5,3.0,3.0,3.5,3.0,3.0,3.0,3.0,3.0,,,3.5,4.0,3.0,,2.5,3.0,3.0,3.5,3.5,3.5,3.0,,,3.0,3.0,3.0,5.0,3.5,3.0,3.5,3.5,3.0,3.0,3.0,3.5,3.0,,,2.5,3.5,3.5,3.0,3.0,3.5,,3.0,,,2.0,3.5,3.0,3.0,3.5,3.0,,,3.5,3.0,,2.5,,3.0,3.0,4.0,4.0,3.0,3.0,,3.5,3.0,3.0,4.0,4.0,3.0,4.0,,3.0,4.0,3.0,3.0,4.0,3.0,3.0,3.5,3.5,3.0,,3.5,3.5,3.5,3.0,4.0,3.5,2.5,3.0,3.0,4.0,2.5,3.5,4.0,3.0,4.0,3.5,3.5,3.0,3.5,4.0,3.0,3.0,3.0,3.5,4.0,3.5,3.0,3.0,3.5,3.5,3.5
70379,3.0,4.5,,2.5,4.5,2.0,5.0,3.0,3.0,3.5,,2.5,4.5,4.5,4.5,,,2.0,3.0,,4.5,,3.5,5.0,,1.0,,4.0,3.0,3.5,3.0,,3.5,4.5,,4.0,2.0,2.5,2.5,4.0,,,,4.0,,4.0,,,3.0,4.5,5.0,3.5,3.0,5.0,3.0,4.0,5.0,5.0,0.5,5.0,4.5,4.0,4.0,3.0,2.5,4.5,3.5,,3.5,,,5.0,5.0,5.0,,3.0,5.0,,4.0,4.5,4.5,,2.5,4.0,4.5,,,5.0,5.0,5.0,5.0,,,5.0,4.0,5.0,5.0,,5.0,5.0,5.0,,5.0,,4.0,,4.0,5.0,4.5,,5.0,4.5,4.5,,4.0,4.5,3.0,4.0,3.5,4.0,3.0,3.0,5.0,3.5,3.5,4.5,,5.0,4.0,3.0,3.0,4.0,3.0,4.0,3.5,4.0,5.0,,4.5,0.5,4.5,,5.0,5.0,4.5,,3.0,4.0,2.5,3.0,4.0,4.0,4.0,4.5,4.0,4.0,4.0,,5.0,3.5,3.0,,,2.5,,4.0,5.0,,,,,4.5,3.5,3.0,4.5,3.5,2.5,3.5,0.5,4.5,3.5,4.5,4.0,,,5.0,,,3.5,4.0,4.5,5.0,3.0,4.0,5.0,4.0,3.5,2.0,4.0,2.5,5.0,3.0,4.0,4.5,5.0,,5.0,4.0,4.5,4.5,3.0,3.5,4.0,3.5,4.5,5.0,3.5,4.5,2.5,4.0,4.0,0.5,3.5,,5.0,3.5,4.5,3.5,4.0,3.5,4.5,5.0,3.5,5.0,5.0,4.5,4.5,4.0,4.5,,,,,,,,,,,
70816,2.0,,,4.0,0.5,3.5,4.0,2.0,3.5,4.0,,,3.5,,,4.0,1.0,4.0,4.0,1.5,3.0,,4.5,2.0,4.0,2.0,,0.5,1.0,4.0,2.0,4.0,,4.0,4.0,4.5,3.0,4.0,2.5,4.0,3.0,4.0,3.5,3.5,4.0,,,,3.5,4.0,,3.5,3.5,4.0,,3.0,3.5,2.5,,4.0,,,,4.0,,,4.0,4.0,4.5,,4.0,,,,,3.5,4.0,3.0,4.0,,5.0,,2.0,1.0,4.0,,4.0,4.5,5.0,,,,,,5.0,,2.0,,4.0,,,,4.0,4.0,,,4.0,5.0,5.0,,4.0,3.5,4.0,,5.0,,4.0,3.0,,,,0.5,,3.5,4.0,,4.0,,4.0,0.5,4.0,0.5,4.0,,,3.0,1.0,,3.0,4.0,4.0,,,2.5,1.5,4.0,3.0,4.0,4.0,4.0,4.0,4.0,1.0,4.0,4.0,5.0,5.0,5.0,,3.0,4.0,,,4.0,,,3.0,3.5,4.0,,4.0,3.0,4.0,4.0,3.0,4.0,1.0,3.0,0.5,4.0,4.0,3.5,4.0,3.0,2.0,4.0,,4.0,4.5,4.0,3.5,5.0,,,4.0,4.0,3.0,1.0,3.5,4.0,4.0,4.0,3.0,1.0,4.0,,4.0,,,4.0,1.0,3.0,4.0,3.5,3.5,2.5,4.0,4.0,5.0,4.0,4.0,,4.0,4.5,,4.5,4.0,3.0,4.0,4.0,4.0,4.0,3.5,5.0,4.0,3.5,4.0,4.0,4.0,3.0,3.5,4.0,4.0,4.0,4.5,,4.0,,4.0,4.0
70936,3.0,3.0,4.0,2.0,3.0,,5.0,,,,,,4.0,4.0,,,,,,2.0,4.0,,3.0,1.0,,,,4.0,3.0,2.0,,2.0,3.5,3.0,,3.0,,,,,,3.0,,3.0,,,2.0,3.0,1.0,4.5,5.0,,1.0,,4.0,2.0,5.0,,3.0,2.0,,,2.0,2.0,1.0,5.0,,4.0,,5.0,2.0,2.0,3.0,4.0,4.0,5.0,5.0,5.0,2.0,4.0,2.0,3.0,3.0,4.0,2.0,2.0,4.0,,3.0,4.0,3.0,3.0,5.0,2.0,3.0,4.0,4.0,2.0,3.0,5.0,2.5,5.0,3.5,3.0,,4.0,1.0,,,,4.0,,3.0,3.0,3.0,3.0,,5.0,,,,4.0,5.0,2.0,1.0,4.0,4.0,3.0,2.5,3.0,3.0,4.0,,3.0,,,5.0,2.0,,4.0,2.0,,,3.0,2.0,2.0,1.5,4.0,,,2.0,3.0,2.5,,,2.5,,,3.0,2.0,2.0,4.0,4.5,,3.0,,3.0,3.0,1.0,4.5,3.0,,3.0,,5.0,1.5,2.0,1.0,1.0,1.0,,,2.0,,3.0,2.0,,3.0,,5.0,,,2.0,4.0,,,3.0,,3.0,,,,2.0,5.0,1.0,,2.0,,4.0,0.5,3.0,2.0,2.0,1.0,3.0,1.0,1.0,5.0,3.0,2.0,4.0,,4.5,,,4.0,2.0,,3.5,2.0,5.0,2.5,,4.0,,1.5,2.5,,,,3.5,2.5,4.0,4.0,3.0,3.5,2.5,4.0,2.0,
71170,2.0,5.0,4.0,2.5,4.0,,5.0,,2.0,3.0,,3.0,3.5,,3.0,2.0,,,,3.0,,3.0,3.0,,,,,3.0,3.5,2.5,,,3.5,2.5,3.0,3.0,,3.0,,,2.5,3.0,3.0,4.0,2.5,,,,2.5,3.5,4.0,,,4.0,,3.5,4.5,,3.5,4.5,3.5,2.5,3.0,3.0,,,,,3.0,,,,,,,,,4.5,,4.0,,,3.0,,3.5,3.0,,4.5,4.0,3.0,,,4.0,5.0,,4.0,5.0,,,4.5,,,4.0,,,,4.0,4.5,3.5,4.0,,,,,,,,3.5,,,,,,3.0,3.0,,5.0,4.5,3.5,2.0,2.5,3.0,2.0,4.0,3.5,3.5,4.0,,4.0,3.0,4.0,,4.5,4.5,3.0,4.0,,3.5,2.5,3.0,4.0,,,4.0,3.0,,,3.0,,,,4.0,3.5,2.5,4.0,3.0,4.0,,,,,,,3.0,,3.0,1.5,2.5,,,,,4.0,3.5,,4.5,,,3.5,4.5,4.0,,,,4.0,4.0,4.5,2.0,4.0,2.5,,4.0,4.5,4.0,4.0,3.0,4.0,3.5,4.5,4.0,3.5,4.5,4.5,3.0,3.5,4.0,,3.5,3.0,4.0,4.0,2.0,4.0,,,4.0,3.5,2.5,4.0,3.0,,3.5,2.0,4.5,5.0,4.0,4.0,4.0,3.5,4.0,4.0,3.0,,4.0,4.0,4.0,4.0,5.0,4.0,5.0
71315,2.5,,,3.0,4.5,,4.0,4.5,2.5,3.0,4.5,,5.0,2.0,4.5,1.0,3.0,2.5,1.5,1.5,5.0,2.0,1.5,,3.0,,,1.5,0.5,3.0,,3.0,4.0,4.0,5.0,4.0,1.5,,,4.0,4.0,,4.0,4.0,1.0,,4.5,,4.0,4.0,,,3.0,5.0,,5.0,5.0,4.0,4.0,5.0,,4.0,3.5,3.5,,5.0,3.0,,3.0,5.0,4.5,5.0,5.0,4.0,,4.0,,,4.0,4.0,5.0,4.0,4.0,5.0,3.0,4.0,4.0,5.0,5.0,,,,,,5.0,,,,4.5,,4.0,,4.0,5.0,4.0,,3.0,4.0,5.0,4.5,5.0,4.0,5.0,,5.0,5.0,5.0,4.0,3.0,4.0,4.0,4.0,4.0,3.0,5.0,5.0,4.0,4.0,4.0,3.0,4.0,4.0,,4.0,5.0,4.5,3.0,4.0,,,5.0,,4.0,3.0,4.0,5.0,4.0,4.0,3.0,4.0,4.0,4.0,,4.0,4.0,4.0,4.0,3.0,,5.0,4.0,,3.0,,,,,4.0,3.5,,3.0,4.0,4.0,4.0,5.0,4.0,4.0,3.0,2.0,5.0,,5.0,5.0,3.0,,5.0,,5.0,,5.0,5.0,3.0,3.0,4.0,4.0,4.0,3.0,,5.0,3.5,4.5,4.5,5.0,4.0,5.0,4.0,5.0,5.0,,5.0,3.5,4.5,5.0,5.0,4.0,,,,3.0,4.5,,3.0,4.0,4.5,,4.0,4.0,2.5,5.0,4.0,,5.0,,5.0,5.0,4.0,4.0,4.5,5.0,4.5,4.5,,,5.0,5.0,5.0,5.0,,,
71975,2.5,4.5,4.0,3.5,3.5,3.0,4.0,3.0,3.0,2.5,,3.0,4.0,4.0,3.5,2.5,3.0,2.5,3.0,3.0,4.5,3.5,2.0,3.0,2.0,2.0,,,4.0,3.5,2.5,4.0,2.0,3.5,2.5,4.0,3.0,3.0,4.0,4.5,3.0,4.5,3.5,4.5,1.0,3.0,1.5,4.0,,4.0,3.0,4.0,4.0,5.0,3.5,4.0,5.0,3.0,3.5,4.5,4.5,3.0,3.5,3.5,3.0,4.0,3.5,3.5,3.0,2.5,2.5,4.0,4.0,3.5,3.5,2.5,2.0,4.5,3.0,4.0,4.0,2.5,4.0,3.5,5.0,3.0,4.0,5.0,4.5,4.5,3.5,4.5,3.5,3.5,5.0,4.0,5.0,4.5,4.0,2.5,4.0,3.0,5.0,3.0,4.0,4.0,4.0,5.0,4.0,3.0,4.0,3.5,4.0,3.0,3.5,3.5,4.0,3.5,1.5,3.5,4.5,4.0,4.0,3.5,4.0,4.0,3.0,4.0,3.5,4.0,3.5,4.0,3.5,3.5,4.0,3.5,4.0,3.5,4.0,3.5,3.0,3.5,3.5,4.0,3.0,4.0,3.5,4.5,3.5,3.5,4.0,4.5,4.5,4.0,3.0,4.0,2.5,3.5,4.0,4.5,3.5,3.5,4.5,3.0,4.0,3.5,4.5,2.5,3.5,3.5,3.5,4.5,5.0,3.5,4.5,3.5,4.5,3.5,2.0,4.5,4.0,4.0,5.0,4.0,4.0,5.0,4.0,4.0,4.5,4.0,4.0,5.0,3.0,4.5,4.0,4.0,4.0,3.5,4.0,3.0,4.5,4.0,4.5,3.5,3.5,4.0,5.0,3.0,3.5,4.0,4.0,4.0,4.5,4.0,4.0,2.5,4.5,3.5,4.0,4.0,4.5,3.5,4.5,4.0,4.5,4.5,3.0,4.0,4.0,3.0,4.0,4.0,3.5,4.5,4.0,4.0,4.5,3.5,4.0,4.5,4.0,4.0,3.5,4.5,4.0,4.0,4.0,4.0,4.0,4.0
72008,,5.0,5.0,,5.0,,4.0,,,1.0,4.0,,5.0,,,,,,,,5.0,4.0,,5.0,,,4.0,,1.0,4.0,,,5.0,,3.0,4.0,,,3.0,4.0,,,,4.0,5.0,,5.0,5.0,,5.0,5.0,,5.0,3.0,3.0,5.0,4.0,5.0,3.0,5.0,,,5.0,4.0,,5.0,,1.0,5.0,5.0,4.0,5.0,5.0,5.0,5.0,5.0,5.0,5.0,5.0,4.0,5.0,5.0,4.0,5.0,5.0,2.0,,4.0,5.0,5.0,5.0,5.0,5.0,5.0,5.0,3.0,5.0,5.0,5.0,5.0,5.0,5.0,5.0,3.0,,5.0,5.0,5.0,4.0,,5.0,3.0,5.0,5.0,3.0,5.0,5.0,4.0,4.0,5.0,5.0,5.0,5.0,5.0,5.0,5.0,5.0,4.0,4.0,4.0,0.5,5.0,,4.0,,5.0,4.0,4.0,5.0,,5.0,4.0,5.0,5.0,5.0,5.0,1.0,5.0,,,5.0,5.0,4.0,2.0,,5.0,,4.0,,5.0,4.0,5.0,5.0,,,,5.0,2.0,4.0,5.0,1.5,5.0,4.0,5.0,5.0,4.0,5.0,1.0,5.0,3.5,2.0,5.0,5.0,5.0,5.0,5.0,,,5.0,5.0,5.0,5.0,4.0,5.0,5.0,,,,,,5.0,5.0,,5.0,5.0,1.0,5.0,5.0,,5.0,3.0,4.0,,5.0,5.0,5.0,4.0,5.0,3.0,4.0,5.0,,5.0,5.0,3.0,2.0,5.0,4.0,5.0,5.0,5.0,,,,5.0,5.0,3.0,2.0,4.0,5.0,5.0,3.5,5.0,5.0,5.0,4.0,5.0,5.0,5.0,0.5
72401,3.5,,,2.5,,,3.5,3.5,,2.0,,2.5,,,,,,1.0,3.0,2.0,3.5,2.0,3.0,1.5,,,3.0,1.5,,,2.5,,2.5,3.0,,3.0,,,2.5,,,,,3.5,,,,,1.5,,,3.5,,2.5,,2.5,3.5,3.0,3.0,,,,,,2.0,4.0,3.0,,,,3.0,2.0,3.0,2.5,,,,,3.5,3.0,2.5,2.0,3.0,3.5,2.5,,,,,,,4.0,,3.0,3.5,3.0,,,,,3.0,,3.5,,,,3.0,3.0,3.0,,,,,,,,3.0,,,,,2.0,,3.0,3.5,1.5,,,3.5,2.5,,3.5,,,2.0,2.0,3.5,,3.5,,3.5,,,,1.5,3.5,3.0,4.0,2.5,,,,1.5,,,,3.0,,,3.0,2.0,,,,,3.0,2.5,,,,3.5,4.0,3.0,1.5,3.5,2.0,3.0,4.0,1.0,3.5,2.5,,4.0,,,3.5,,2.5,,4.0,,3.0,2.5,,3.0,,,,4.0,,3.5,2.0,4.5,4.5,2.0,,5.0,4.0,,4.5,3.0,3.5,5.0,3.5,4.5,3.5,2.5,,2.0,2.5,3.5,2.5,2.5,4.0,3.5,3.0,3.5,3.0,4.0,,5.0,3.0,,3.0,3.0,4.5,3.0,4.5,4.0,4.5,,3.5,5.0,2.5,3.5,3.0,3.5,4.0,2.5,3.5
72983,3.5,3.5,,2.5,3.5,3.0,4.0,2.5,2.5,4.0,4.0,2.5,5.0,,3.5,3.0,2.0,,4.5,3.5,5.0,2.5,3.5,5.0,,,,,1.5,3.5,3.5,3.5,4.0,5.0,4.0,4.0,3.5,4.0,3.5,4.0,3.5,4.5,3.5,5.0,2.5,3.0,,,3.5,4.5,,4.0,4.0,5.0,4.5,5.0,4.5,4.0,4.0,3.5,5.0,3.5,4.0,4.0,2.5,3.5,,1.5,3.5,4.5,,4.0,4.5,4.5,5.0,4.5,,4.5,5.0,,5.0,3.0,3.5,,5.0,,,5.0,5.0,,4.5,5.0,,,5.0,4.5,4.5,,4.0,,,,4.0,3.5,4.0,,3.5,5.0,5.0,5.0,5.0,5.0,5.0,,4.0,4.5,4.0,3.5,5.0,5.0,4.0,3.5,5.0,0.5,3.5,4.5,,4.0,5.0,4.0,3.5,5.0,4.0,,1.0,3.5,4.0,4.5,4.5,2.0,4.0,3.5,3.5,3.5,2.5,,4.5,4.0,2.5,4.0,4.5,4.5,4.0,3.5,3.5,3.5,,4.0,,4.0,4.0,4.0,4.0,4.5,4.0,4.0,,4.0,4.0,4.0,4.0,3.5,5.0,3.0,2.5,5.0,3.5,4.5,2.5,5.0,3.5,3.5,,4.0,3.5,4.0,,,4.0,,4.0,4.0,3.5,4.0,4.0,,3.5,4.0,4.0,4.0,4.0,4.0,4.0,5.0,4.0,5.0,5.0,4.0,,5.0,3.5,4.0,,5.0,4.5,,4.0,,4.0,4.5,4.0,4.0,4.0,,,5.0,4.0,3.5,4.5,4.0,5.0,5.0,4.0,5.0,4.5,5.0,3.5,4.0,4.0,,4.5,,,,,,,,,
73026,3.0,3.0,2.0,3.0,,,2.0,,3.0,,,,5.0,3.0,3.0,3.0,1.0,,,3.0,,3.0,,,3.0,,,4.0,1.0,4.0,1.5,4.0,4.0,4.0,3.0,3.0,2.0,2.0,,,2.0,3.0,,3.0,2.0,3.0,,,3.0,3.0,,,3.0,3.0,3.0,3.0,5.0,3.0,3.0,5.0,3.0,,4.0,3.0,2.0,,,,3.0,4.0,,3.5,,4.0,3.5,5.0,,3.0,,,1.0,4.0,3.0,,5.0,3.0,3.0,,3.5,3.0,3.0,,5.0,4.0,4.0,2.0,4.0,4.0,,4.0,,5.0,3.0,,3.0,5.0,4.0,,3.0,2.0,,1.0,3.5,,3.0,3.0,3.0,3.0,3.0,3.0,3.0,4.0,3.0,3.0,4.0,,5.0,3.0,,3.0,3.0,3.0,4.5,4.0,3.0,2.0,,4.0,4.0,3.0,4.5,3.0,,,4.5,4.0,,4.5,4.0,3.0,5.0,,4.0,5.0,3.0,2.0,,4.0,3.5,5.0,3.0,4.0,4.0,,4.0,,,4.0,3.0,3.0,3.0,,3.0,,,2.0,3.0,1.0,,3.5,,4.0,4.0,3.5,3.0,,,4.0,4.0,,,,4.0,4.0,,4.0,3.5,3.0,,4.0,,4.0,,,3.0,3.0,5.0,,3.0,,3.0,4.0,,,3.0,,4.0,5.0,3.5,4.0,4.0,2.5,3.0,,0.5,3.0,3.5,,,4.5,,,,,,,3.0,,,,,,,3.0,,3.0,,2.5,3.5,3.0
73611,2.5,4.0,3.0,3.0,4.0,3.0,5.0,2.0,3.0,3.0,,3.5,4.0,5.0,4.0,3.0,2.5,4.0,3.0,2.5,3.0,4.0,4.0,3.0,3.0,2.5,3.0,3.0,2.0,3.5,4.0,4.0,4.0,3.0,3.5,3.5,2.5,2.5,2.5,3.5,3.0,4.0,2.5,4.0,2.0,3.0,,3.0,3.5,5.0,3.0,3.5,4.5,4.0,5.0,3.5,5.0,3.5,4.0,5.0,4.0,3.0,3.5,3.0,3.0,4.0,2.0,3.5,3.0,5.0,4.0,4.0,5.0,5.0,5.0,4.5,5.0,4.0,4.5,5.0,3.0,4.0,4.0,3.0,4.0,4.0,4.0,4.0,5.0,,4.0,4.5,5.0,4.0,4.0,4.0,5.0,4.0,4.0,3.0,4.5,4.0,4.0,5.0,4.0,4.5,3.5,4.0,5.0,4.0,,,5.0,4.0,5.0,4.0,4.5,2.0,,3.0,,4.0,5.0,,4.0,3.0,4.0,3.0,4.5,3.0,3.0,4.0,4.0,3.0,2.5,4.0,4.0,4.0,4.0,3.0,5.0,3.0,3.0,3.5,3.5,,4.0,5.0,,3.0,4.0,4.5,4.0,4.0,3.0,4.5,4.5,2.0,5.0,4.0,4.0,4.0,5.0,3.0,4.5,3.0,4.0,4.0,,,3.5,5.0,4.0,4.5,3.5,3.0,2.0,3.5,1.5,5.0,3.0,4.0,5.0,3.0,3.5,5.0,,3.5,4.0,3.5,3.5,5.0,4.0,3.5,5.0,3.0,4.0,2.5,4.5,3.5,5.0,4.0,5.0,4.0,2.5,4.5,4.0,4.0,3.0,3.5,3.0,4.0,4.0,4.5,5.0,4.0,4.0,3.0,2.5,5.0,5.0,1.5,4.0,3.0,5.0,3.0,4.0,3.5,5.0,4.0,3.0,4.0,3.0,5.0,3.5,4.0,4.5,5.0,4.0,4.0,4.5,3.5,4.0,4.5,4.0,4.5,5.0,4.5,3.5,4.0
74028,3.5,3.5,0.5,4.5,,,1.5,4.0,4.0,,5.0,3.5,5.0,4.0,1.0,4.0,3.0,,,4.5,,,3.0,,,,,,,4.0,3.0,4.0,,,4.0,4.0,,4.0,3.0,4.0,3.0,4.5,,4.5,4.0,4.5,1.5,4.0,3.5,3.0,,,5.0,5.0,4.5,3.5,3.5,5.0,3.0,3.5,3.5,4.0,4.5,3.0,,,,,3.5,5.0,3.5,3.5,,4.0,4.0,4.5,3.5,3.5,5.0,,2.5,,1.0,,4.5,,4.0,3.5,5.0,4.0,4.5,4.0,4.5,1.0,5.0,,,2.5,5.0,0.5,,4.0,5.0,3.5,,,,5.0,5.0,3.0,3.0,3.5,5.0,5.0,4.5,,2.0,2.5,4.0,5.0,4.5,3.5,4.0,,3.0,3.5,4.0,3.5,0.5,4.0,3.0,5.0,4.5,3.0,4.0,4.5,,4.5,4.5,2.5,2.5,4.5,,,4.0,,,3.5,3.5,2.5,4.5,4.0,3.0,4.0,3.5,4.0,3.0,5.0,,4.0,4.0,4.0,3.5,3.0,,4.5,,4.0,5.0,3.5,5.0,3.5,4.5,,,4.0,4.0,,2.0,3.0,2.5,4.5,,5.0,4.0,,3.0,3.5,4.5,,4.5,1.0,2.0,3.0,,3.5,,,3.5,4.5,2.0,4.5,3.0,,,4.0,4.0,,,5.0,4.5,,,4.0,4.0,,4.5,,4.5,3.0,5.0,4.0,3.5,4.5,,,4.0,3.0,4.5,3.5,,4.5,3.0,5.0,,4.5,3.0,,5.0,,3.0,4.5,4.0,2.0,,4.5,,,,
74054,3.0,4.0,4.0,,,,4.0,,4.0,,,,5.0,,,,3.0,,4.0,2.0,4.0,3.0,4.0,4.0,,,,,4.0,,,,4.0,4.0,3.0,4.0,,3.0,3.0,3.0,4.0,3.0,,4.0,4.0,,3.0,4.0,,3.0,4.5,5.0,,5.0,4.0,5.0,5.0,4.0,,5.0,4.0,3.0,4.0,4.0,2.0,,,4.0,3.0,5.0,4.0,5.0,5.0,4.0,5.0,5.0,5.0,5.0,4.0,3.0,5.0,,4.0,4.0,5.0,3.0,4.0,5.0,5.0,5.0,5.0,5.0,5.0,5.0,5.0,5.0,5.0,5.0,5.0,5.0,5.0,5.0,5.0,3.0,,4.0,5.0,5.0,5.0,3.0,5.0,5.0,4.0,3.0,5.0,5.0,4.0,3.0,4.0,5.0,4.0,3.0,5.0,3.0,3.0,5.0,,4.0,5.0,4.0,4.0,4.0,4.0,5.0,4.0,3.0,5.0,,4.0,3.0,,4.0,4.0,4.0,4.0,4.0,,4.0,3.0,4.0,4.0,4.0,5.0,4.0,4.0,4.0,4.0,4.0,4.0,4.0,4.0,4.0,3.0,4.0,,4.0,4.0,5.0,4.0,4.0,3.0,4.0,5.0,,4.0,4.0,5.0,5.0,3.0,5.0,4.0,5.0,5.0,5.0,4.0,5.0,,4.0,5.0,4.0,5.0,5.0,4.0,5.0,4.0,4.0,4.0,,5.0,3.0,5.0,3.0,4.0,,5.0,4.0,4.0,3.0,,5.0,4.0,3.0,4.0,4.0,3.0,4.0,5.0,5.0,3.0,,5.0,2.0,4.0,5.0,4.5,3.0,4.0,4.0,5.0,4.0,4.0,,,5.0,5.0,,,,,,,,,,,,,,,
74142,0.5,4.0,1.0,2.0,2.0,,4.0,,2.0,3.0,1.0,3.0,3.0,3.0,3.0,1.0,0.5,1.0,1.0,1.5,5.0,1.0,4.0,5.0,1.0,0.5,,3.0,2.0,1.5,2.0,2.0,4.0,1.0,4.0,0.5,1.0,1.0,3.0,2.0,1.0,0.5,2.5,2.5,0.5,0.5,1.0,,2.0,2.0,3.5,3.0,2.5,3.0,2.0,4.0,2.0,2.0,2.0,4.0,4.0,0.5,2.0,0.5,0.5,2.0,1.0,4.0,3.0,1.0,0.5,3.0,1.0,1.0,0.5,3.0,1.0,3.0,3.0,3.5,3.0,2.0,2.0,2.0,3.0,2.0,3.5,5.0,5.0,4.0,3.0,,3.0,1.0,3.0,5.0,3.0,1.0,3.0,1.0,0.5,,1.0,1.0,1.0,3.0,2.0,5.0,5.0,3.0,3.0,4.0,5.0,3.0,4.0,4.0,4.0,2.0,5.0,5.0,2.5,0.5,1.5,2.5,4.0,2.0,4.0,3.0,4.0,0.5,3.0,4.0,0.5,4.0,2.5,1.0,2.5,2.0,4.0,2.0,5.0,1.0,3.0,5.0,1.5,1.0,3.0,2.0,1.0,2.0,1.0,3.0,2.0,4.0,4.0,3.0,5.0,4.0,,2.0,2.0,3.0,3.5,1.5,1.0,1.0,4.0,4.0,1.0,3.0,1.0,5.0,4.0,2.0,4.0,4.0,3.0,3.0,1.0,5.0,1.0,4.0,3.0,4.0,4.0,5.0,3.0,3.0,2.0,2.0,5.0,2.0,2.0,1.0,3.0,5.0,2.0,1.5,5.0,1.5,1.0,1.0,2.5,3.5,2.0,1.0,4.0,2.5,0.5,2.5,1.0,4.0,5.0,4.0,3.0,5.0,2.0,2.0,2.5,2.0,3.0,4.0,2.0,1.0,3.0,2.5,1.5,3.0,5.0,1.5,3.5,4.0,2.0,3.0,5.0,4.0,1.0,3.5,1.0,4.0,3.0,3.5,5.0,4.0,2.0,5.0,4.0,5.0,1.0,5.0
74289,3.0,,,,,2.0,2.0,2.0,2.0,,2.0,1.5,4.0,,2.0,1.0,2.0,1.0,,2.0,3.0,,,2.0,,,3.0,,,,3.0,,,4.0,,3.0,,1.0,2.0,,2.0,,2.0,3.0,2.0,,,3.0,2.0,3.0,1.0,,3.0,4.0,3.5,4.0,4.0,2.0,2.0,3.0,,2.0,3.0,2.0,1.0,,2.0,,2.5,,3.0,,3.0,2.0,,,4.0,4.0,3.0,,4.0,2.0,1.0,2.0,4.0,2.0,3.0,5.0,5.0,3.0,3.0,,,,3.0,2.0,,,3.0,,,3.0,4.0,4.0,,3.0,2.0,3.0,3.0,4.0,4.0,3.0,4.0,,3.0,4.0,2.0,2.0,1.0,4.0,4.0,,,2.0,1.0,4.0,2.0,,3.0,3.0,2.0,4.0,3.0,,2.0,2.0,,2.5,3.0,,3.0,2.0,,3.0,2.0,3.0,1.5,3.0,2.0,2.0,2.0,3.0,,4.0,3.0,3.0,2.0,3.0,3.0,2.5,3.0,3.0,2.5,3.0,2.0,2.0,,3.0,3.0,,,2.0,3.0,3.0,,4.0,3.0,2.0,2.0,3.0,,3.0,2.0,3.0,3.0,3.0,3.0,,4.0,,3.0,3.0,3.0,3.0,,3.0,3.0,2.0,3.0,2.0,2.0,3.0,3.0,,3.0,3.0,3.0,3.0,2.0,4.0,2.0,3.0,3.0,4.0,3.0,,3.0,,3.0,3.0,3.0,2.0,3.0,3.0,,,3.0,2.5,3.0,,,4.0,2.0,4.0,2.5,3.0,3.0,,3.5,2.0,4.0,4.0,3.0,3.0,3.0,2.5,2.0,2.0,3.0,3.0
74937,,,3.0,1.0,,,2.0,,0.5,3.0,2.0,2.0,5.0,3.0,,,,1.0,,1.0,,,,5.0,,,,,0.5,1.0,3.0,3.0,,2.0,4.0,3.0,,,4.0,4.0,4.0,4.0,2.0,1.0,3.0,,5.0,3.0,,,,3.0,2.0,4.0,1.0,3.0,4.5,,0.5,4.5,,,,0.5,1.0,,,3.0,4.0,2.5,2.5,2.5,3.0,2.0,2.5,,3.0,0.5,,,2.0,3.0,2.0,1.0,1.0,2.0,,5.0,4.5,4.0,2.0,5.0,2.0,1.0,2.0,5.0,3.0,2.5,5.0,,,2.0,4.0,0.5,,,3.0,5.0,4.5,,5.0,,5.0,,3.0,2.0,4.0,,4.0,5.0,4.0,,,1.0,3.0,5.0,,4.0,5.0,,,3.0,2.0,,3.0,,3.0,3.0,4.0,,3.0,,4.0,1.0,4.0,,3.0,4.0,,,,4.0,3.0,3.0,,3.0,,3.0,,,4.0,4.0,3.0,,2.0,,4.5,3.0,3.0,1.0,4.0,4.5,3.0,3.0,4.0,,,2.0,0.5,5.0,1.0,3.0,2.0,4.0,4.0,3.0,,,4.0,1.0,3.0,4.0,1.0,3.0,1.0,2.0,3.0,3.0,3.0,3.0,3.0,2.0,,2.0,5.0,4.0,2.0,2.0,1.0,4.0,,2.0,0.5,1.0,2.0,0.5,2.0,,,3.0,3.0,,,,,,3.5,,,,,3.0,,,,,,2.0,3.5,2.0,,1.0,3.5,2.5,3.0,3.0,1.0,2.0,1.0,
75299,3.0,3.0,4.0,5.0,5.0,,5.0,4.0,4.0,2.0,2.0,3.0,3.0,4.0,3.0,2.0,,3.0,3.0,3.0,3.0,4.0,4.0,4.0,3.0,2.0,5.0,3.0,3.0,3.0,3.0,4.0,4.0,3.0,2.0,5.0,2.0,3.0,1.0,4.0,3.0,3.0,3.0,3.0,2.0,5.0,5.0,,2.0,3.0,,3.0,3.0,4.0,5.0,3.0,5.0,5.0,3.0,5.0,3.0,3.0,3.0,3.0,2.0,5.0,3.0,,4.0,5.0,4.0,5.0,5.0,5.0,5.0,5.0,5.0,5.0,5.0,,4.0,3.0,3.0,,4.0,2.0,4.0,4.0,4.0,5.0,5.0,5.0,5.0,5.0,3.0,5.0,5.0,4.0,5.0,5.0,5.0,5.0,5.0,3.0,,5.0,4.0,5.0,4.0,3.0,4.0,5.0,4.0,5.0,,5.0,5.0,4.0,,4.0,,4.0,5.0,3.0,3.0,3.0,4.0,,3.0,3.0,2.0,4.0,4.0,4.0,4.0,4.0,5.0,,5.0,3.0,4.0,3.0,3.0,4.0,4.0,5.0,,4.0,2.0,2.0,5.0,4.0,5.0,5.0,5.0,4.0,,3.0,5.0,5.0,4.0,5.0,4.0,3.0,,5.0,4.0,4.0,,4.0,4.0,,4.0,3.0,5.0,4.0,3.0,3.0,1.0,3.0,5.0,4.0,5.0,4.0,4.0,5.0,5.0,4.0,3.0,5.0,4.0,3.0,3.0,3.0,,4.0,4.0,2.0,4.0,3.0,4.0,4.0,4.0,,5.0,4.0,5.0,4.0,4.0,4.0,5.0,4.0,,4.0,4.0,,5.0,4.0,3.0,5.0,5.0,3.0,4.0,5.0,3.0,2.0,3.0,3.0,5.0,,4.0,4.0,3.0,5.0,4.0,5.0,5.0,4.0,5.0,4.0,4.0,3.0,5.0,5.0,3.0,5.0,,,,
75469,1.0,5.0,5.0,1.5,4.0,3.0,5.0,,1.5,3.0,3.5,3.5,4.0,4.0,3.5,0.5,1.5,1.0,3.0,3.0,4.0,3.0,,3.5,1.5,,,4.0,4.5,2.5,1.0,4.0,1.0,2.0,3.0,3.5,1.0,2.5,,3.0,1.5,3.5,0.5,4.0,0.5,0.5,2.5,,3.5,4.0,4.5,1.0,2.0,4.5,4.5,3.0,5.0,,3.0,2.5,4.5,3.0,4.5,1.5,,3.0,3.0,,3.5,,3.0,4.0,4.0,,,4.0,2.0,4.0,2.5,3.5,0.5,3.0,4.0,,4.5,4.5,4.5,2.5,5.0,4.0,4.5,4.0,4.5,4.5,4.5,4.5,5.0,4.0,3.5,,1.5,4.0,4.0,3.5,4.5,4.0,3.5,0.5,4.0,4.0,3.5,3.5,3.5,3.5,3.5,4.5,1.5,3.5,,3.5,1.5,1.5,4.5,1.0,3.5,2.5,4.5,3.0,2.5,3.5,2.5,2.5,3.0,5.0,4.0,3.0,4.0,4.0,3.5,3.5,4.0,3.5,4.0,2.5,,4.0,,0.5,0.5,3.5,3.0,2.5,4.5,4.0,3.0,3.5,4.5,3.0,4.0,4.0,3.0,4.0,3.5,2.5,4.5,,3.5,,3.0,3.5,,3.5,3.5,3.0,2.0,3.5,4.5,2.5,1.0,3.5,,3.0,3.5,3.5,4.0,3.5,3.0,,4.0,4.0,2.5,1.5,4.5,4.5,3.5,4.0,4.5,3.5,3.5,3.0,,3.5,3.0,3.5,,3.5,5.0,,4.5,2.0,,2.5,5.0,3.0,4.5,4.0,1.5,5.0,4.5,4.0,4.5,2.0,1.5,4.0,4.0,3.5,4.5,2.0,3.5,3.0,4.5,4.5,3.0,4.0,3.5,3.0,4.0,4.5,3.5,,,,,,,,,,,
75678,2.0,3.0,3.0,4.0,4.0,3.0,4.0,,3.0,4.0,,,4.0,3.0,,4.0,,3.0,2.0,,5.0,,4.0,3.0,3.0,2.5,4.0,4.0,1.0,3.0,3.0,4.0,5.0,3.0,3.0,4.0,3.0,3.0,3.0,5.0,3.0,3.0,3.0,4.0,2.0,,3.0,,4.0,5.0,2.0,3.0,3.0,5.0,4.0,5.0,3.0,5.0,3.0,4.0,5.0,,3.0,3.0,1.0,5.0,,3.0,4.0,2.0,4.0,4.0,4.0,3.0,,3.0,4.0,1.0,5.0,4.0,5.0,5.0,3.0,5.0,4.0,4.0,5.0,,5.0,3.0,5.0,,,5.0,5.0,5.0,5.0,,4.0,,,5.0,5.0,4.0,5.0,4.0,3.0,4.0,4.0,3.0,5.0,5.0,5.0,4.0,3.0,4.0,2.0,4.0,,,,5.0,5.0,2.0,4.0,5.0,4.0,5.0,2.0,4.0,3.0,3.0,3.0,3.0,4.0,4.0,4.0,5.0,3.0,4.0,5.0,,4.0,3.0,3.0,,5.0,4.0,3.0,4.0,5.0,5.0,5.0,4.0,3.0,4.0,5.0,3.0,5.0,3.0,5.0,5.0,5.0,4.0,3.0,4.0,5.0,5.0,4.0,4.0,3.0,4.0,4.0,4.0,4.0,5.0,4.0,5.0,,5.0,3.0,4.0,5.0,4.0,,4.0,,4.0,4.0,4.0,1.0,5.0,4.0,5.0,4.0,,5.0,3.0,2.0,5.0,,4.0,5.0,5.0,5.0,4.0,5.0,4.0,4.0,4.0,1.0,4.0,4.0,,5.0,4.0,5.0,5.0,5.0,4.0,5.0,,4.0,,5.0,5.0,3.5,2.5,4.0,3.5,4.0,5.0,,5.0,4.0,4.0,3.5,4.0,4.0,,,,,,,,,,,
75810,1.0,,4.5,,4.5,,4.5,3.0,2.5,2.0,4.0,2.0,4.5,3.0,3.0,3.0,,1.5,2.0,1.0,4.0,,3.0,4.5,,,,,4.5,4.0,3.0,,4.0,3.0,1.5,4.5,1.0,,1.0,4.0,2.0,,3.0,4.5,1.0,,,4.5,,3.5,3.0,2.0,3.5,4.5,4.0,3.0,4.5,4.5,2.0,4.5,,2.0,3.5,3.0,,4.5,3.5,,3.0,5.0,2.0,4.5,4.5,4.5,5.0,4.0,5.0,4.5,4.5,,4.5,,2.0,4.5,5.0,2.0,4.0,4.5,4.5,2.5,4.5,4.0,4.5,4.5,4.5,4.5,4.5,3.0,5.0,4.5,4.5,4.0,4.0,1.0,,4.5,5.0,4.5,4.0,,4.5,4.0,4.5,2.5,4.5,4.5,4.0,2.5,4.0,4.5,4.0,4.0,4.5,2.5,4.0,3.0,,,3.0,2.0,3.0,2.5,3.0,4.0,,4.0,4.5,4.0,4.5,2.0,4.0,,4.5,3.5,4.5,4.5,2.0,4.0,2.0,2.5,2.0,3.5,4.5,4.5,4.0,4.0,3.0,2.5,5.0,4.5,,4.0,2.0,3.0,3.0,3.0,4.0,3.0,3.0,3.5,2.0,3.5,4.0,,,3.0,4.0,3.5,1.0,4.0,4.5,3.5,4.5,4.0,4.0,4.5,4.5,2.0,4.5,5.0,3.0,4.0,2.5,5.0,4.5,4.0,4.0,1.5,3.5,3.0,3.0,4.0,4.5,,4.0,2.0,4.5,3.5,4.0,4.5,4.5,3.0,4.0,4.5,3.5,5.0,4.5,4.0,3.0,4.0,4.5,1.0,4.5,5.0,3.0,3.5,4.0,4.5,5.0,,3.5,3.0,3.5,3.0,4.5,3.5,4.0,3.0,4.5,4.5,4.5,4.0,4.5,4.5,4.0,4.5,3.5,,4.0,5.0
76155,3.0,4.0,3.5,3.5,,3.0,4.0,2.5,2.5,,,,3.5,,3.0,2.5,,3.0,3.5,2.5,4.0,3.0,3.5,4.5,3.0,,,4.5,3.5,3.0,,,3.5,3.5,4.0,3.5,,2.5,3.0,3.5,3.0,,3.0,3.0,,,4.0,,,3.5,4.0,,3.5,4.0,3.5,3.0,4.0,,3.0,5.0,3.5,,3.5,,,4.0,,3.5,4.0,,,4.5,4.0,,4.0,3.0,,4.5,,3.5,,,3.5,,3.5,,,4.5,4.0,4.0,4.0,,3.0,4.0,,4.0,4.0,4.5,,,4.0,,3.5,4.0,4.0,4.5,4.5,4.0,4.0,3.5,4.5,,4.0,,,,4.0,3.5,,,,,3.5,3.5,3.5,3.5,3.5,4.0,3.5,,3.0,3.5,,4.0,4.0,4.0,4.0,3.5,4.0,3.5,3.5,,4.0,4.5,3.5,3.5,3.0,4.0,,3.0,4.0,4.5,4.0,4.0,3.5,3.5,,3.5,,3.0,,4.0,3.0,3.5,3.5,3.5,4.5,,,4.0,3.0,4.0,,3.0,3.5,3.0,3.0,3.5,3.0,3.5,3.0,,4.5,3.5,3.5,4.5,4.5,3.0,4.5,4.5,3.5,3.5,4.0,,4.5,,4.0,3.0,4.0,3.0,,4.0,3.5,5.0,4.0,3.5,5.0,4.0,,3.0,4.5,4.5,4.5,3.5,4.0,4.0,3.5,3.5,,4.0,4.0,3.0,4.0,4.5,4.0,4.0,3.5,4.0,4.5,3.5,4.0,4.5,3.5,4.0,4.5,3.5,4.0,3.5,4.5,3.5,,5.0,,4.0,4.5,,4.0,4.5,4.0,5.0
76213,,5.0,5.0,2.0,4.0,,3.0,,,2.0,2.0,,2.5,3.0,,,1.0,,3.0,2.0,3.0,3.0,,3.0,,,,,2.0,2.0,,2.0,2.0,3.0,,3.0,,3.0,,,2.0,2.0,,3.0,1.0,4.0,3.0,3.0,,4.0,4.0,,2.0,3.0,3.0,2.0,4.0,,1.0,5.0,3.0,,3.0,3.0,,4.0,,3.0,2.0,3.0,,5.0,5.0,3.0,3.0,3.0,4.0,5.0,,4.0,3.0,,4.0,3.0,3.0,,4.0,4.0,3.0,3.0,5.0,,4.5,3.0,2.0,4.0,5.0,5.0,4.0,5.0,4.0,4.0,4.0,3.0,2.0,,4.0,5.0,2.0,3.0,3.0,,2.0,,,3.0,4.0,2.0,3.0,4.0,3.0,2.0,4.0,4.0,2.0,4.0,4.0,3.0,3.0,2.0,3.0,2.0,2.0,3.0,3.0,4.0,4.0,4.0,4.0,2.0,0.5,1.0,4.0,4.0,2.5,4.0,2.0,4.5,2.0,2.0,,3.0,3.0,2.0,2.0,3.0,,3.0,,4.0,3.0,4.0,2.0,,3.0,,4.0,2.0,2.0,4.0,2.0,3.0,4.0,,5.0,3.0,1.0,,,3.0,4.0,3.0,1.0,4.0,5.0,4.0,,4.0,,4.0,4.0,2.0,4.0,5.0,5.0,2.0,4.0,,3.0,,3.5,4.0,4.0,1.0,2.0,,5.0,3.0,2.0,,4.0,3.0,5.0,1.0,,4.0,,3.0,1.0,2.0,2.0,2.0,1.0,,4.0,5.0,,1.5,,,2.5,,1.5,1.0,3.5,,,1.5,3.0,,,4.0,,4.0,,3.5,,,,3.5
76292,1.5,3.0,3.5,0.5,,,3.0,0.5,3.0,2.5,0.5,0.5,3.5,,3.5,3.5,,0.5,2.5,2.0,3.0,0.5,3.0,4.0,1.0,0.5,0.5,3.0,3.0,2.5,3.5,3.0,,2.5,3.0,3.0,1.0,2.0,2.5,3.5,3.0,3.5,2.0,2.0,2.0,,3.5,3.0,3.5,5.0,3.0,3.0,4.5,4.5,2.5,3.5,5.0,4.0,4.0,5.0,,2.5,3.0,2.0,1.0,,2.0,3.0,4.0,2.5,3.0,,,2.5,5.0,2.5,5.0,4.0,4.0,,5.0,2.0,2.5,2.5,2.5,1.5,3.0,5.0,5.0,,4.5,4.0,5.0,3.5,5.0,4.5,4.0,4.0,3.0,4.0,2.0,2.5,5.0,3.0,,4.5,3.0,4.0,3.5,4.0,2.5,,5.0,4.0,5.0,4.0,2.0,3.0,4.0,4.0,4.0,1.5,3.0,2.5,2.0,3.0,3.5,4.0,2.5,2.5,3.0,3.0,3.0,,3.0,1.5,,5.0,2.5,2.5,4.0,3.5,1.5,3.0,,,4.5,1.0,0.5,2.5,5.0,4.5,5.0,4.0,3.0,2.0,2.0,2.0,0.5,5.0,2.0,3.0,3.5,,4.0,1.0,,4.0,3.5,2.5,5.0,0.5,5.0,,,2.5,2.5,3.5,1.0,5.0,,3.0,,3.0,3.0,2.5,0.5,4.0,4.0,,3.0,2.5,0.5,4.5,,4.0,4.5,1.0,0.5,4.5,,4.0,0.5,2.0,0.5,3.0,,0.5,4.0,2.0,,2.5,2.5,5.0,2.5,,4.5,3.5,3.0,4.0,4.0,2.5,5.0,,0.5,0.5,4.5,3.5,1.0,2.5,2.5,5.0,3.5,5.0,3.5,1.0,3.0,,0.5,1.0,4.0,3.0,,4.5,3.5,3.5,,,,
76437,3.0,4.0,4.0,3.5,2.0,2.5,2.5,3.0,3.5,1.0,0.5,1.5,4.5,3.5,3.0,4.0,1.5,2.5,2.5,1.0,3.0,2.5,3.5,0.5,2.0,3.0,3.0,3.0,4.0,1.5,3.5,4.0,3.0,3.0,4.0,3.0,1.5,4.0,1.5,3.0,2.5,3.0,1.5,4.0,2.0,3.0,4.0,3.0,3.0,3.5,3.5,2.5,3.0,3.5,2.5,4.0,4.0,2.5,3.5,3.0,2.0,4.0,3.5,2.0,3.0,3.0,2.5,2.5,2.5,,0.5,1.5,4.0,3.0,3.0,3.0,4.5,4.0,2.5,5.0,4.0,3.0,4.0,2.5,3.0,4.0,4.0,3.0,4.0,3.5,0.5,2.5,5.0,4.5,1.5,3.5,4.0,3.5,3.0,2.5,2.5,4.0,3.5,5.0,3.5,0.5,3.0,3.5,3.0,3.5,1.5,,4.0,5.0,5.0,3.0,0.5,3.0,,1.5,3.0,3.5,3.0,4.0,3.5,2.0,2.0,3.0,3.5,3.0,2.5,3.5,3.0,2.5,3.5,4.5,2.5,4.0,3.5,1.5,5.0,2.0,0.5,3.0,3.0,3.0,1.5,4.0,5.0,2.0,3.0,4.0,1.5,3.5,3.0,3.5,3.5,4.0,2.0,4.0,2.5,3.0,3.0,2.5,3.0,2.0,3.0,3.5,3.0,4.0,3.0,5.0,1.5,,2.5,2.5,3.5,3.0,4.5,4.0,1.5,3.0,3.5,3.0,2.5,0.5,2.5,3.0,3.0,3.0,0.5,3.0,2.5,3.0,0.5,3.0,3.5,1.5,3.5,5.0,0.5,2.5,1.5,3.0,,4.0,4.0,1.5,4.0,4.0,1.5,4.0,3.0,3.0,3.5,3.0,5.0,3.5,4.0,4.0,3.5,2.0,1.5,0.5,3.0,2.5,4.0,4.0,5.0,0.5,4.0,4.5,3.5,5.0,3.5,3.0,3.0,3.0,4.5,1.5,3.0,4.0,3.5,3.5,4.0,3.0,3.0,,,
76630,2.5,4.5,2.5,2.0,3.5,2.5,4.0,3.0,2.0,3.0,3.0,3.0,4.5,3.0,2.5,1.5,3.0,1.5,1.5,3.0,4.0,3.0,0.5,2.5,3.0,2.5,3.5,2.5,3.0,2.5,0.5,3.0,4.5,3.0,2.0,3.5,1.0,2.0,2.5,3.5,2.5,3.5,1.5,4.5,3.5,2.5,4.0,3.5,3.0,2.0,3.0,2.0,3.0,4.0,3.0,4.0,4.5,4.0,2.0,4.0,3.0,3.5,3.0,3.5,1.5,3.0,2.5,1.0,3.0,4.0,3.0,4.5,3.5,4.5,3.0,4.0,5.0,4.0,4.5,3.5,3.0,3.5,2.5,4.0,4.0,3.0,4.5,4.5,4.0,4.0,3.5,2.5,4.0,3.5,4.0,3.0,4.0,4.0,4.0,3.0,3.0,4.0,4.5,3.0,4.5,,4.0,4.5,3.5,2.5,2.0,3.5,4.5,4.5,3.0,3.5,3.0,3.0,3.0,3.0,3.0,3.0,4.0,3.0,3.0,3.5,4.5,2.5,3.0,1.5,3.0,4.0,1.5,3.0,1.5,4.0,3.0,3.0,4.0,2.5,3.5,3.0,3.5,3.0,3.5,3.5,2.5,3.5,1.5,3.0,2.5,3.0,3.5,3.5,3.0,2.5,3.0,3.0,2.5,4.0,3.0,3.5,3.0,3.0,3.5,4.5,3.0,2.5,3.0,3.0,1.5,4.0,3.0,3.5,3.5,3.0,2.0,3.0,1.5,4.0,1.0,4.0,4.0,3.0,3.5,4.0,2.5,3.0,3.0,3.0,3.5,3.0,3.5,4.0,3.5,4.0,4.0,3.0,3.5,2.5,3.5,3.5,3.5,3.5,3.5,2.0,4.0,4.5,3.0,3.0,3.5,3.5,3.0,3.0,3.5,3.0,2.0,3.0,2.0,4.0,4.0,2.0,3.0,2.0,4.0,4.0,4.0,2.5,4.5,2.5,4.0,3.0,2.5,3.5,4.0,3.0,3.5,2.5,3.0,2.0,3.0,3.5,3.0,2.5,3.0,3.0,4.0,3.5,5.0,4.5
76737,3.0,4.0,3.0,,1.0,4.0,5.0,,1.0,,4.0,,5.0,,,,,,1.0,2.0,2.0,,5.0,5.0,,,5.0,,3.0,3.0,,4.0,2.0,4.0,4.0,4.0,,2.0,,3.0,,4.0,4.0,5.0,,4.0,5.0,4.0,5.0,1.0,5.0,,4.0,4.0,5.0,3.0,4.0,5.0,4.0,5.0,5.0,,1.0,1.0,,2.0,,4.0,,5.0,5.0,5.0,5.0,5.0,5.0,5.0,5.0,5.0,5.0,4.0,,4.0,3.0,5.0,5.0,5.0,2.0,4.0,3.0,2.0,,5.0,,5.0,3.0,5.0,5.0,3.0,5.0,5.0,5.0,3.0,4.0,4.0,5.0,3.0,4.0,3.0,3.0,,5.0,5.0,3.0,5.0,4.0,5.0,5.0,3.0,5.0,3.0,5.0,5.0,5.0,3.0,1.0,5.0,1.0,3.0,4.0,4.0,1.0,5.0,2.0,,4.0,2.0,2.0,5.0,5.0,,4.0,4.0,3.0,3.0,5.0,,1.0,1.0,2.0,4.0,5.0,4.0,5.0,4.0,4.0,,,,1.0,3.0,5.0,4.0,3.0,5.0,3.0,,5.0,4.0,4.0,3.0,3.0,5.0,1.0,,5.0,4.0,3.0,4.0,2.0,5.0,5.0,4.0,5.0,4.0,3.0,5.0,,5.0,4.0,4.0,5.0,5.0,5.0,5.0,5.0,,4.0,,5.0,,4.0,,5.0,5.0,5.0,4.0,4.0,4.0,,4.0,1.0,5.0,2.0,4.0,4.0,4.0,4.0,5.0,,5.0,2.0,4.0,,,4.0,,5.0,2.0,,3.5,4.0,5.0,,,,,,,,,,,,,,,,,,
76972,,3.5,3.5,,,,4.0,,,,,,4.0,3.0,,,,,,,3.5,,,,,,,3.0,3.5,,,,,,,,,,,,,,,4.0,,,,3.5,,,,,,4.0,,,4.0,,3.5,4.0,,,,,,4.0,,,,4.0,3.5,3.5,4.0,2.0,4.0,4.0,3.5,,,2.5,,3.0,,,5.0,,,5.0,5.0,,,3.0,4.0,4.0,5.0,4.0,4.0,3.5,4.0,4.0,4.0,4.0,3.5,3.5,,4.0,4.0,4.0,3.5,,3.5,,4.0,,,3.5,3.5,,4.0,4.0,4.0,3.0,4.0,3.5,,3.5,4.0,,,2.5,,4.0,,3.5,,,4.0,,,2.0,4.0,,3.5,3.5,,,,3.5,3.0,1.5,3.0,2.0,,,,,3.0,2.5,,5.0,3.5,,,,4.0,,4.0,,3.0,,,4.0,4.5,,4.5,,1.5,,,3.5,,,4.0,3.5,3.0,4.0,4.0,,4.0,,,,,4.0,4.0,,4.0,,3.5,,3.5,4.0,5.0,3.5,3.5,3.0,4.0,,3.0,3.5,,3.5,3.5,3.5,3.5,5.0,3.5,3.5,2.0,3.5,4.0,1.0,,4.0,4.0,,3.5,,4.0,,,3.5,,5.0,4.0,3.5,3.5,4.0,4.0,4.0,3.5,3.5,1.5,4.0,4.0,3.5,4.0,4.5,4.5,4.5
77018,3.0,,,,4.5,3.5,4.0,4.0,,,,3.0,4.0,,,3.0,,2.0,,,3.5,,,4.0,3.0,,4.0,3.5,,,3.0,,,,3.0,3.5,,,,,,4.0,,4.0,,,4.0,4.0,,,4.0,2.0,4.0,3.5,5.0,4.0,5.0,4.0,4.0,4.0,,,,3.5,2.0,4.5,3.5,,,4.0,5.0,4.0,5.0,4.5,4.0,5.0,4.0,5.0,5.0,3.5,5.0,4.0,,,5.0,4.0,,3.0,4.5,,,4.0,4.0,4.0,,4.0,,4.0,4.0,4.0,4.0,,4.0,5.0,,4.0,4.0,5.0,4.5,,,4.0,4.5,4.0,4.5,4.0,5.0,4.0,,,,,4.0,3.5,3.5,,4.0,,3.5,,,4.0,,,,3.0,4.0,5.0,4.0,2.0,4.5,,,4.0,,4.0,,4.5,,,,4.0,4.0,,,3.0,4.0,3.5,4.0,5.0,4.0,,,,,3.0,4.5,4.0,4.0,,3.5,4.0,3.0,,4.0,3.0,4.0,3.0,,4.0,,4.0,4.5,,4.0,4.0,4.5,,4.0,4.0,3.0,3.0,3.5,4.0,4.5,,5.0,,4.0,3.5,4.0,3.5,5.0,3.5,4.0,,5.0,4.0,,4.0,4.0,4.0,,4.0,3.5,4.0,5.0,,3.0,4.5,5.0,3.0,4.0,5.0,4.0,3.0,4.0,3.0,4.0,,4.0,3.5,2.5,5.0,4.5,3.5,4.0,4.0,4.5,4.5,4.0,4.0,5.0,4.5,4.0,4.5,4.0,4.0,4.5,5.0
77247,3.5,4.0,4.5,3.0,4.0,2.5,5.0,,4.0,,,2.5,5.0,4.0,4.0,3.0,4.0,3.5,3.0,3.5,3.5,3.5,0.5,4.0,4.0,3.0,3.0,4.0,4.5,4.0,1.0,4.5,3.5,2.5,4.0,4.0,4.0,4.0,3.0,3.5,3.5,4.0,5.0,3.5,3.5,2.0,4.0,5.0,3.5,4.0,4.5,,3.5,4.5,4.5,3.0,4.0,5.0,3.5,4.0,4.0,3.5,3.5,4.0,2.5,4.0,,3.5,4.0,4.0,4.5,4.5,4.0,4.0,4.0,4.0,5.0,5.0,4.0,,4.0,3.0,4.5,4.0,4.0,4.0,4.0,4.0,4.5,5.0,,5.0,4.5,4.0,5.0,4.5,5.0,5.0,4.0,4.5,4.5,,4.5,4.0,4.0,4.0,3.5,4.5,5.0,4.0,3.0,4.0,5.0,5.0,4.0,4.0,4.0,4.5,4.0,4.5,4.0,4.0,4.0,3.5,3.5,4.0,4.0,4.5,3.5,4.0,3.5,3.5,3.0,4.0,5.0,5.0,4.0,3.5,5.0,3.5,3.5,2.0,4.0,4.0,5.0,4.5,3.0,4.0,3.5,3.0,4.5,4.0,3.0,4.0,4.0,3.0,3.5,4.5,4.0,5.0,2.0,5.0,4.0,1.5,4.0,,,3.5,4.0,4.0,1.0,3.5,4.0,,3.0,3.0,5.0,3.0,2.5,4.0,1.5,3.0,4.0,4.0,4.0,4.5,,2.0,3.5,5.0,4.0,1.0,2.5,5.0,3.5,4.0,5.0,3.0,3.5,4.0,,4.0,5.0,4.5,3.0,4.0,4.5,3.5,4.0,4.0,5.0,5.0,4.0,2.5,,3.5,4.0,4.5,5.0,4.0,5.0,3.0,4.0,4.0,3.5,3.0,4.0,5.0,4.0,3.5,,3.0,5.0,3.0,4.5,3.5,4.0,4.5,5.0,4.0,,,,,,,,,,
77696,3.0,4.0,4.0,3.0,5.0,,5.0,,2.0,3.0,4.0,2.0,4.0,3.0,4.0,2.5,3.0,,3.0,3.0,4.0,3.0,4.0,4.0,,1.5,,4.0,4.0,2.0,,3.0,4.0,4.0,4.0,3.0,2.5,3.0,3.0,3.0,4.0,3.0,3.5,3.0,4.0,,4.0,4.0,3.0,3.0,4.0,,3.0,4.0,4.0,4.0,5.0,4.0,3.0,5.0,,3.0,3.0,2.0,2.0,4.0,,4.0,3.0,,,4.5,4.0,,4.0,,3.5,5.0,4.0,4.0,3.0,3.0,3.0,4.0,3.0,3.0,5.0,4.0,5.0,4.0,4.5,4.5,3.0,5.0,5.0,4.0,5.0,4.5,4.0,4.0,,5.0,4.0,4.0,4.0,4.0,5.0,4.0,3.0,4.0,,,5.0,,,4.0,3.0,4.0,,4.5,,3.0,4.0,4.0,4.0,4.0,4.0,5.0,3.0,3.0,2.0,4.0,2.0,4.0,4.0,5.0,4.0,3.5,2.0,3.0,5.0,3.0,4.0,4.0,3.0,5.0,3.0,5.0,3.0,2.0,4.0,4.0,4.0,3.0,3.0,4.0,4.0,4.0,5.0,4.0,3.0,4.0,4.0,4.0,4.0,3.0,4.0,3.0,3.0,4.0,4.0,4.0,5.0,3.0,,3.0,3.0,3.0,2.0,4.0,,3.0,4.0,4.0,4.0,5.0,4.0,,4.0,5.0,4.0,3.0,4.0,4.0,4.0,4.0,4.0,2.0,3.5,,,4.0,4.5,4.0,4.0,4.0,5.0,3.5,4.5,5.0,4.0,4.0,4.5,3.0,3.5,3.0,4.0,,3.5,3.5,2.0,2.5,2.5,4.5,3.0,,4.0,2.5,3.5,3.5,4.0,4.0,3.0,4.0,4.0,5.0,3.5,4.0,4.0,,3.5,4.0,4.0,4.0,4.0,3.5,5.0,4.0,4.5,4.5
77884,3.0,4.0,3.5,,3.0,,4.0,2.5,2.5,,,2.5,3.0,3.0,,3.0,2.0,,1.5,2.5,,,2.5,4.0,,,,3.0,3.5,3.0,2.5,3.0,,3.0,2.5,3.0,,2.5,2.0,,2.5,,2.5,3.0,2.5,,3.5,3.5,3.0,3.5,1.5,2.5,2.5,3.5,3.5,3.0,4.0,4.0,3.0,3.5,3.0,2.5,2.5,3.0,2.0,3.5,,,3.0,4.5,2.5,5.0,4.0,4.0,4.0,3.0,5.0,5.0,3.5,,,,3.0,3.0,4.0,3.0,4.0,4.0,3.5,3.0,4.0,3.5,5.0,5.0,3.5,4.0,4.0,4.0,4.0,4.0,3.5,4.0,4.0,2.5,3.5,4.0,4.0,3.5,3.0,2.5,3.0,4.0,3.0,3.5,3.0,3.0,,3.0,3.0,3.0,3.0,3.0,3.5,3.0,3.0,3.0,4.5,3.5,3.0,2.5,2.0,3.5,2.5,2.5,,3.0,4.0,3.0,3.0,3.0,3.0,3.0,3.0,3.0,2.5,3.0,,3.0,2.5,1.0,3.5,3.5,3.0,3.0,3.0,3.5,3.0,3.5,5.0,3.5,3.0,2.0,3.0,3.0,,3.0,3.5,,2.5,3.5,3.0,3.5,3.0,,3.5,2.5,3.0,3.0,2.0,3.0,,3.0,4.0,2.5,3.5,4.0,4.0,2.0,3.5,3.5,3.5,3.0,3.0,3.5,3.0,3.0,3.5,2.0,3.5,2.5,,3.0,4.5,,3.5,3.0,4.0,,2.0,3.5,3.0,3.0,3.5,,3.0,,3.0,3.5,3.5,3.0,3.5,2.5,2.5,4.0,3.5,3.5,3.5,3.0,3.5,,,3.5,2.5,4.5,,,,,4.0,,,,,,,,,,,
78308,,3.0,2.5,3.0,3.5,,4.0,,3.0,2.5,3.0,2.5,,2.5,3.0,0.5,0.5,,2.0,2.0,4.5,,1.5,4.0,,2.0,,,2.0,2.0,,3.0,3.5,2.0,2.0,2.0,1.5,2.5,,2.0,3.0,3.0,2.5,0.5,3.0,2.0,,,3.0,4.0,2.5,,1.0,3.0,3.0,3.5,3.0,,1.5,4.0,3.5,2.5,2.5,1.5,,4.5,,3.0,3.0,2.0,,,,,3.0,1.5,3.0,2.5,1.5,2.5,3.0,1.0,2.0,4.0,3.0,2.0,3.0,3.0,4.0,4.0,3.5,,,3.0,3.5,3.0,3.0,4.0,3.5,,0.5,5.0,3.5,4.0,3.5,,3.0,3.5,3.5,4.5,2.5,,4.0,,2.0,3.0,2.5,2.0,2.5,2.5,1.0,1.0,3.0,2.5,2.5,3.5,3.5,4.0,3.5,1.0,2.0,3.5,2.5,3.0,2.0,3.0,3.5,3.0,3.5,2.0,3.5,2.5,3.0,4.0,3.5,4.0,3.0,2.5,2.0,1.5,3.0,3.0,4.0,,2.0,3.5,3.0,3.0,4.0,1.5,2.0,4.0,3.0,2.5,3.0,,3.0,2.5,3.0,3.0,0.5,2.5,3.0,3.0,3.0,3.0,0.5,3.0,1.5,3.5,2.5,1.5,3.5,3.5,3.0,4.0,,3.0,3.0,,2.5,2.5,2.0,2.5,4.5,3.5,3.0,2.0,3.5,2.0,,2.5,4.0,3.5,3.5,2.0,3.5,2.5,3.0,3.0,2.0,3.5,4.0,3.5,2.5,3.0,,4.0,1.5,2.5,2.0,3.0,2.5,3.5,4.0,2.0,,,,1.5,3.0,4.0,,4.0,,,,3.5,3.0,,3.5,4.0,,,3.5,3.5,,4.0,,
78356,,5.0,3.5,,5.0,,5.0,,2.0,,3.0,3.0,4.0,4.0,4.0,1.0,1.0,,,2.0,4.5,2.0,3.0,4.0,,2.0,,3.5,4.0,2.0,,2.0,4.0,4.0,3.0,4.0,,3.0,3.0,4.0,2.0,2.0,3.0,2.0,3.0,2.0,5.0,,2.0,3.0,5.0,,4.0,5.0,5.0,2.0,5.0,,3.0,5.0,3.0,,3.5,2.0,2.0,5.0,,3.0,1.0,,,4.0,,,5.0,4.0,5.0,4.0,4.0,4.0,3.0,2.0,4.0,4.0,3.0,3.0,4.0,4.0,5.0,3.0,3.5,5.0,5.0,4.5,4.5,5.0,5.0,4.0,5.0,5.0,5.0,5.0,4.5,4.0,4.5,4.0,4.0,3.5,3.0,3.0,4.0,4.0,3.5,4.0,4.0,5.0,4.0,2.0,3.0,4.0,2.0,2.0,4.0,3.0,4.0,4.0,4.0,4.0,4.0,2.0,4.0,3.0,4.0,3.0,3.0,,5.0,4.0,3.0,1.0,5.0,3.0,4.5,5.0,3.0,,3.5,4.0,,1.0,4.0,4.0,3.0,4.0,3.0,,,2.0,5.0,4.0,4.0,4.0,2.0,3.0,4.0,3.5,4.0,3.0,4.0,,3.0,4.0,4.0,,4.0,2.0,2.0,4.0,2.5,4.0,3.0,4.0,5.0,3.0,4.0,4.0,,4.0,4.0,4.0,3.5,4.0,4.5,3.0,4.0,4.0,2.0,,3.5,2.0,4.0,,4.0,4.0,4.0,4.5,4.0,3.0,4.0,3.0,,3.5,3.5,,4.0,4.0,4.0,3.0,2.0,4.0,4.0,2.0,3.0,,4.0,,4.0,2.0,3.0,3.5,,4.0,1.5,3.5,3.5,2.5,3.5,4.0,4.0,3.5,,,4.0,4.0,,3.5,4.0,4.0,4.5,
79159,2.5,4.5,4.0,3.5,3.0,2.5,4.5,,2.5,3.0,3.0,2.5,3.5,3.5,2.0,2.5,,2.0,,3.0,3.5,2.0,4.0,4.0,2.5,1.5,3.0,3.0,2.5,3.0,2.0,3.5,4.0,2.5,4.5,4.5,2.0,3.5,,2.5,3.0,4.0,,4.0,1.0,3.5,4.0,4.0,2.5,4.5,4.0,3.0,4.0,4.5,4.0,4.5,4.5,4.0,2.5,4.5,4.0,,3.0,2.5,0.5,3.5,4.0,4.0,3.5,4.5,3.5,5.0,5.0,4.0,4.5,4.0,4.5,4.5,4.5,4.5,4.0,,3.5,2.5,4.0,3.0,3.5,4.0,5.0,5.0,4.5,5.0,4.5,4.5,4.5,5.0,4.5,4.0,3.5,4.0,4.5,3.5,4.5,4.0,4.5,5.0,4.5,4.5,4.0,2.5,4.5,4.0,4.5,,3.5,4.0,3.0,3.5,3.0,4.0,,3.5,4.5,2.5,4.5,5.0,4.5,4.0,4.0,3.5,3.0,4.0,3.0,4.5,3.0,4.0,3.5,4.5,4.5,,4.0,3.0,4.0,4.0,4.0,4.5,2.5,3.0,2.0,3.0,4.5,4.0,3.5,4.5,4.5,4.5,3.5,3.5,5.0,4.5,3.0,4.5,4.0,2.5,4.5,4.0,4.5,4.0,2.5,3.0,3.0,4.0,4.5,,4.0,3.5,2.5,3.5,1.0,4.5,2.5,4.0,4.5,4.0,4.0,3.5,,4.0,3.5,4.0,3.5,3.5,3.5,4.0,4.5,4.0,4.0,1.5,3.5,2.0,3.5,4.0,4.5,4.0,3.5,4.5,4.5,3.0,4.0,3.5,4.0,4.0,4.5,3.0,4.0,4.0,3.5,4.5,3.0,3.5,4.5,3.0,4.5,3.5,,3.0,3.5,4.0,4.0,4.0,3.5,3.0,4.0,2.5,4.5,3.5,4.5,3.5,4.5,3.5,,3.5,4.0,4.5,3.5,4.0,2.5,4.0,2.0,4.0
79366,,4.0,3.0,,4.0,3.0,4.0,3.0,4.0,,3.0,,5.0,4.0,,3.0,2.0,,3.5,3.0,4.0,,,5.0,,,4.0,,3.5,,3.0,3.0,,4.0,3.0,4.0,,3.0,,,3.0,,3.0,4.0,3.0,3.0,,3.0,3.0,3.0,3.0,,3.0,4.5,3.5,3.5,4.5,,4.0,5.0,4.0,3.0,3.5,3.0,3.0,3.5,3.0,,3.5,3.0,,3.0,4.0,4.0,4.0,4.0,5.0,5.0,4.0,,3.0,3.0,3.5,,5.0,3.0,,4.0,5.0,3.0,,4.0,4.0,3.0,5.0,4.0,5.0,3.0,3.0,4.0,4.0,4.5,4.5,4.0,3.5,5.0,4.0,3.0,4.0,3.0,4.0,4.0,3.0,4.5,4.0,4.0,3.0,,3.5,4.0,4.0,5.0,4.5,3.0,4.0,4.0,,,3.0,3.5,4.0,4.5,3.5,3.0,3.5,3.0,4.0,4.0,4.0,3.0,4.5,4.0,3.5,4.0,4.0,4.0,,4.5,3.0,3.0,4.5,4.0,4.0,4.5,4.0,,,3.5,4.0,4.5,3.0,4.0,4.0,4.0,3.0,4.0,,3.0,3.0,,4.0,3.5,,4.5,3.0,4.0,4.0,4.0,,4.0,3.0,,5.0,3.5,4.0,4.0,2.5,,5.0,3.5,3.0,4.0,3.0,4.5,4.0,4.0,4.0,3.5,4.0,4.0,4.0,3.0,5.0,3.5,,4.0,4.0,4.0,,4.5,4.0,4.0,3.5,4.5,,3.0,4.5,4.0,4.5,4.0,4.5,3.5,4.0,4.0,,4.0,,4.5,4.5,5.0,4.0,4.5,4.5,5.0,4.0,5.0,4.5,4.0,4.5,4.0,4.5,4.5,3.5,4.5,4.0,4.0,4.0,4.5,4.5,4.0
79531,,4.0,4.0,4.0,4.0,,4.0,,3.0,2.0,2.0,,5.0,4.0,2.0,2.0,,3.0,3.0,4.0,3.0,3.5,3.0,4.0,2.0,,4.0,4.0,,3.0,,4.0,4.0,3.0,,4.0,2.0,4.0,,4.0,2.0,2.0,3.0,4.0,2.0,4.0,4.0,4.0,2.0,,4.0,,3.0,4.0,4.0,3.0,4.5,,4.0,4.0,3.0,3.0,4.0,4.0,3.0,3.0,2.5,4.0,3.0,3.0,,,,4.0,,5.0,4.0,5.0,3.5,3.0,1.0,3.0,4.0,4.0,3.0,3.0,4.0,4.0,4.0,4.0,,4.0,5.0,4.5,4.0,4.0,4.5,3.0,4.5,4.0,4.0,4.5,4.0,3.0,4.0,4.0,3.0,4.5,4.0,4.0,3.0,3.0,4.0,4.0,4.0,4.0,4.0,4.0,3.0,4.0,3.5,3.0,5.0,1.5,4.0,4.0,5.0,,4.0,3.0,4.0,3.0,4.0,3.0,4.0,4.0,4.0,5.0,3.0,3.0,4.0,4.0,,3.0,3.0,4.5,4.0,4.0,4.0,3.0,4.0,4.0,4.0,3.0,4.0,2.0,,2.0,3.5,3.0,3.0,3.0,3.0,4.0,4.5,4.0,3.0,4.0,4.0,2.0,3.0,2.0,4.0,2.5,4.0,3.0,3.0,4.0,1.0,5.0,4.0,4.0,4.0,4.0,0.5,4.0,,4.0,,4.0,4.0,4.0,3.0,4.0,4.0,4.0,4.5,3.0,4.0,,3.0,3.0,4.5,,3.0,4.0,4.0,4.0,3.0,4.0,4.0,4.0,3.0,2.0,3.0,2.0,3.0,3.5,3.0,4.0,4.0,2.0,3.0,,,,3.5,3.5,4.0,3.0,2.5,2.5,3.5,4.5,2.5,4.0,4.0,3.5,4.5,3.0,3.0,3.5,4.0,4.0,4.0,3.5,4.0,3.0,4.0,4.5
80092,2.5,3.0,,,,,3.5,2.5,,,,,3.0,,,2.5,,,,,3.5,,,3.5,,,,,,,2.5,,,,,,,,,,,3.5,,3.5,,,,3.0,2.5,,3.0,3.0,,3.5,,3.0,3.0,,,3.5,,2.5,,,,4.0,2.5,,,5.0,3.5,4.0,3.5,3.5,5.0,,4.0,4.0,3.0,3.5,3.0,,,3.0,4.5,2.5,3.5,3.5,3.0,3.5,4.0,3.0,5.0,4.0,2.5,4.0,4.5,,4.0,3.5,3.5,3.0,4.0,,,4.5,4.0,,4.0,,3.0,4.0,,3.0,,,,,,,,3.0,3.5,3.5,4.0,3.5,,,,3.0,,2.5,,3.5,,,3.0,3.0,4.0,,3.0,,4.5,3.5,,,,,1.5,2.5,,,3.0,,,4.0,,3.0,4.5,,,3.5,,,,3.0,4.0,,,4.5,,3.0,3.5,3.0,4.0,3.0,2.5,2.5,2.0,,3.0,,2.5,,,3.0,2.5,,,3.5,3.0,3.5,,4.5,4.0,,2.5,,3.5,,2.5,4.0,3.5,3.5,4.0,,2.5,,3.0,3.0,2.5,3.0,4.0,,3.5,3.0,3.0,3.0,3.0,,3.5,,3.0,3.0,3.0,3.0,3.0,3.0,3.0,,3.0,2.5,2.5,3.0,4.0,,3.0,3.0,3.0,3.5,,3.0,,3.0,3.5,3.0,3.0,3.0,3.0,2.5
80185,2.5,3.0,4.5,2.0,,2.0,4.0,2.0,1.0,,1.5,1.5,3.5,3.0,2.0,2.0,1.0,,0.5,1.5,,2.5,2.0,3.0,,0.5,,,2.5,2.0,1.0,3.0,3.5,2.5,2.5,3.0,,2.5,1.0,,2.0,3.0,1.0,3.5,1.5,0.5,,,3.0,,2.5,,,3.5,3.0,2.0,4.0,3.5,3.0,4.0,,1.5,2.0,2.0,1.0,4.5,1.5,,2.0,3.5,3.5,4.0,4.0,4.5,3.5,3.0,4.5,4.0,3.5,,,,3.0,3.0,4.0,,2.0,4.5,4.5,3.5,4.5,4.5,4.0,4.0,3.5,4.0,3.5,3.5,4.0,3.5,4.0,5.0,3.0,3.0,3.0,,4.0,,3.5,2.0,,3.0,4.0,,2.0,3.5,,3.0,,,,3.0,3.0,3.0,3.0,3.0,3.0,3.0,2.0,1.0,2.5,3.0,2.5,3.0,2.0,4.0,3.0,3.5,4.0,1.5,4.5,1.0,3.0,4.0,,4.0,3.0,3.0,2.0,1.5,,4.0,2.5,3.0,2.5,1.0,,3.5,4.5,4.0,2.0,3.5,2.5,2.5,3.0,2.0,3.5,3.0,,4.0,1.5,3.0,,,,2.0,1.0,2.0,1.0,2.0,,2.5,4.5,2.0,3.0,4.5,4.5,,2.5,5.0,1.5,2.5,3.5,3.0,3.0,2.5,4.0,2.0,4.0,2.0,,,4.0,3.5,5.0,2.5,4.0,,4.0,4.0,2.5,,,,3.5,4.0,3.0,,2.0,3.0,3.0,0.5,3.0,5.0,4.0,2.0,,0.5,3.5,,4.0,3.5,0.5,3.0,3.5,3.0,,,3.0,,,2.0,,,3.5,,,3.0,4.5,3.5
80207,2.5,3.0,3.5,3.0,4.0,3.5,5.0,,2.0,2.5,,1.5,3.0,3.0,2.5,3.5,,2.0,2.5,2.5,3.0,3.0,1.5,4.5,2.0,1.5,,3.0,4.0,3.5,,2.5,3.0,1.5,2.5,3.5,,,2.0,2.0,2.0,3.5,,4.0,1.5,2.0,3.5,3.5,3.0,3.5,4.0,1.5,2.0,2.5,4.0,3.5,4.5,2.5,3.0,3.0,4.0,3.0,3.5,2.5,1.5,4.0,,2.5,2.5,3.0,3.5,4.5,5.0,4.5,4.0,4.0,4.5,4.0,2.0,3.0,2.0,1.5,3.0,4.0,3.5,2.5,3.5,4.5,3.0,4.0,4.5,4.5,4.5,4.5,4.0,4.5,4.5,4.0,3.5,3.0,4.0,3.5,2.5,4.0,3.5,4.5,4.5,4.0,3.5,4.0,3.0,2.0,2.5,4.5,,4.0,3.5,4.0,,,,0.5,4.0,2.0,3.5,2.0,3.0,4.0,2.0,2.5,3.0,1.5,2.5,4.0,4.5,3.5,3.0,3.0,4.0,2.5,4.0,2.5,4.5,4.0,4.5,4.0,2.0,3.0,2.5,2.0,2.5,3.5,3.5,3.0,2.5,3.5,3.5,3.0,5.0,4.0,1.5,4.5,4.0,1.5,4.0,,3.5,,3.0,3.5,,3.0,4.5,1.5,3.5,2.0,3.5,1.5,1.5,2.5,3.0,2.5,5.0,2.5,2.5,4.0,4.0,3.0,4.5,4.5,2.0,1.5,3.5,3.0,4.0,3.0,4.5,2.0,4.0,3.0,,3.5,4.0,4.5,4.0,2.5,4.5,3.5,3.0,3.0,4.0,4.0,4.5,3.0,4.0,3.0,4.0,3.0,3.5,3.5,4.0,1.0,2.0,3.5,3.5,3.5,2.5,2.5,4.0,3.5,3.0,4.0,2.0,4.5,4.5,3.5,3.0,5.0,3.0,2.5,3.5,4.0,4.0,4.0,,3.5,,,,
80391,4.0,4.0,4.0,3.0,,,5.0,4.0,,5.0,,,5.0,,5.0,4.0,3.0,,3.0,4.0,4.0,,4.0,4.0,,3.0,,5.0,4.0,4.0,3.0,,4.0,4.0,4.0,5.0,4.0,4.0,4.0,,2.0,4.0,3.0,4.0,3.0,,,,,4.0,4.0,,4.0,5.0,5.0,4.0,5.0,,4.0,4.5,,4.0,5.0,4.0,,,4.0,4.0,,,,4.5,5.0,,5.0,,5.0,,,4.0,5.0,4.0,4.0,3.0,5.0,4.0,5.0,5.0,5.0,5.0,5.0,,,5.0,5.0,5.0,4.5,4.5,4.0,5.0,,5.0,5.0,4.0,5.0,5.0,5.0,4.0,4.0,4.0,5.0,3.0,5.0,4.0,,5.0,4.0,,,4.0,,3.0,5.0,4.0,4.0,5.0,,,4.0,4.0,4.0,4.5,4.0,4.0,,3.0,2.0,4.5,4.5,4.0,4.0,4.0,3.0,5.0,,3.0,4.0,4.0,4.0,4.0,5.0,5.0,4.5,5.0,4.0,5.0,4.0,4.0,5.0,5.0,3.0,4.0,4.0,4.0,4.0,3.0,3.0,4.0,4.0,4.0,4.0,4.0,5.0,,,4.0,4.5,4.0,3.0,5.0,4.0,5.0,4.0,4.0,5.0,4.5,,5.0,5.0,4.5,4.0,4.0,4.0,4.0,4.0,5.0,5.0,4.0,5.0,4.0,,5.0,4.0,4.5,4.0,5.0,5.0,,4.0,5.0,4.0,3.0,4.0,5.0,4.0,4.5,4.0,5.0,5.0,4.0,4.0,4.0,4.0,,5.0,4.0,5.0,4.5,4.0,4.5,4.5,4.5,4.5,5.0,4.5,5.0,4.0,4.5,4.0,3.5,4.5,4.5,4.0,5.0,4.5,,4.5,,,
80501,2.5,4.5,5.0,3.5,,3.0,4.5,2.0,,,,3.5,3.5,,3.5,2.5,,,3.0,3.5,,3.0,2.5,4.0,2.0,1.5,,,2.5,3.5,,3.0,,3.5,3.0,4.0,,3.5,,,3.5,4.0,,4.5,4.0,,3.5,,,,4.0,,3.0,4.5,,3.5,4.0,3.0,3.0,3.0,4.0,,3.5,3.0,3.0,4.0,2.0,,3.0,4.5,2.5,4.0,4.5,,4.5,,5.0,4.0,,,,,4.5,2.5,4.0,3.5,3.5,3.0,4.5,3.0,,5.0,,3.0,2.0,5.0,5.0,4.0,,3.5,3.0,,3.5,4.0,3.5,,4.0,5.0,4.5,3.5,,,4.5,,,5.0,2.5,2.5,,,,,4.5,2.5,3.5,2.5,3.5,4.0,3.5,3.5,3.5,3.5,3.5,5.0,4.0,4.0,4.5,2.5,4.5,3.5,4.0,2.5,4.0,3.5,4.0,4.0,,3.5,3.0,4.0,,4.0,4.0,3.5,3.0,4.0,,4.0,,4.0,3.0,4.0,3.5,3.5,4.0,3.5,2.0,,3.0,4.0,3.0,,4.0,3.0,,3.5,,3.0,2.0,4.0,2.5,4.0,4.5,4.0,3.0,3.5,,3.5,3.5,4.0,,,3.5,3.5,,4.5,4.0,4.0,3.5,,,4.0,3.5,4.5,,4.0,5.0,3.0,5.0,3.5,4.0,4.5,4.0,3.5,4.0,,4.0,3.0,,3.5,4.0,2.5,4.5,,,4.5,4.5,3.5,4.0,4.5,4.5,3.5,3.5,4.0,4.5,2.0,3.5,,3.5,3.0,,3.0,3.0,5.0,5.0,4.0,3.0,4.5,4.0,5.0
80668,,5.0,4.0,3.0,5.0,3.0,0.5,,2.5,3.5,,3.0,2.0,2.5,3.0,2.5,,3.5,3.5,4.0,4.0,,3.5,4.0,,2.5,3.0,5.0,3.5,2.5,1.5,,,2.5,3.5,3.0,,2.5,1.0,2.5,1.0,3.0,2.5,3.5,,3.0,,2.5,2.5,3.5,5.0,,,4.0,,4.0,4.0,,3.5,4.5,3.5,2.5,3.5,3.5,2.5,0.5,,3.5,2.5,,,3.5,2.5,,3.0,,3.5,3.5,,3.5,,2.5,4.5,3.0,4.5,4.0,5.0,1.5,5.0,5.0,4.5,,3.0,3.5,5.0,5.0,4.0,3.5,3.5,2.5,,2.0,4.5,,3.5,,4.0,4.0,4.0,5.0,4.0,,5.0,,,,3.5,3.5,,,,5.0,5.0,,,3.0,,4.5,3.0,2.5,0.5,3.0,2.5,4.0,3.5,1.5,3.0,,2.0,3.5,3.5,3.5,4.0,5.0,3.0,4.0,3.5,,4.0,,4.0,4.0,4.0,4.5,4.5,3.5,5.0,3.5,,2.5,,3.5,3.5,,4.0,,5.0,5.0,,,4.5,5.0,4.5,3.0,1.5,3.5,4.0,3.0,,5.0,2.5,3.5,3.5,4.5,2.5,2.5,3.0,4.0,3.5,2.5,2.0,3.5,,4.0,3.0,5.0,3.5,3.0,2.0,2.5,0.5,4.5,3.5,4.5,2.0,5.0,3.5,3.5,5.0,1.0,2.0,3.5,3.5,0.5,3.0,5.0,3.5,,4.0,4.0,2.5,3.5,4.5,,3.5,2.0,4.0,3.5,2.0,3.0,3.5,4.5,4.0,5.0,3.5,,4.0,4.0,,4.0,,4.0,4.0,4.0,4.0,5.0,3.5,3.5,3.5,3.5
80771,2.5,4.0,3.0,3.5,,3.5,5.0,1.5,0.5,2.5,,3.5,3.5,,3.5,,4.0,2.5,,,4.0,,2.5,4.0,3.0,1.5,,,2.5,3.0,2.0,3.0,3.5,2.0,2.5,2.5,,,,3.0,2.5,2.5,2.5,4.0,,,,3.5,3.5,3.0,4.5,,2.5,3.5,3.5,3.0,4.0,1.5,2.5,5.0,,1.5,3.5,3.0,,4.5,1.0,,3.5,2.0,4.0,3.0,4.0,3.5,4.0,4.0,4.5,4.5,2.0,,3.5,2.5,,4.0,3.0,2.5,,4.5,3.5,5.0,3.5,4.5,3.5,5.0,4.0,4.0,5.0,5.0,3.5,3.5,3.5,4.0,3.5,4.0,3.5,4.5,5.0,2.5,1.5,2.0,2.5,3.0,3.5,,3.0,4.5,4.5,2.5,,,,,2.0,2.5,,4.5,2.5,3.5,2.5,0.5,2.0,3.0,3.0,,,4.0,5.0,4.0,3.5,4.0,,2.0,3.5,5.0,5.0,3.5,2.5,4.5,2.5,2.0,3.5,4.0,2.0,3.5,3.0,3.0,4.0,,5.0,4.0,,4.0,,2.5,1.0,3.5,4.5,3.0,,4.5,2.5,3.0,3.0,2.0,,2.5,1.0,2.0,1.5,2.5,2.0,2.5,4.5,,4.0,4.0,4.5,3.5,3.0,5.0,2.5,2.5,4.5,2.0,3.5,,2.5,1.5,2.5,1.5,4.0,4.0,2.5,3.0,4.5,3.0,4.5,,1.0,3.0,2.5,,4.5,1.5,2.5,5.0,4.5,4.0,1.5,2.0,2.5,1.0,2.5,5.0,2.5,2.0,3.0,2.5,4.0,,5.0,3.5,3.0,4.5,3.5,2.0,1.5,4.5,4.0,,2.5,4.0,3.0,,4.5,,4.5,3.0,3.0,3.0
80886,3.0,3.0,3.0,3.0,5.0,3.0,3.0,4.0,4.0,4.0,3.0,3.0,4.0,2.0,2.0,,,,3.0,2.0,5.0,4.0,4.0,4.0,2.0,4.0,5.0,3.0,2.0,4.0,5.0,2.0,5.0,4.0,1.0,5.0,,4.0,,4.0,3.0,3.0,3.0,3.0,3.0,3.0,4.0,4.0,3.0,2.0,4.0,4.0,5.0,4.0,3.0,3.0,5.0,5.0,4.0,5.0,4.0,3.0,2.0,2.0,2.0,4.0,3.0,4.0,2.0,5.0,5.0,4.0,5.0,5.0,5.0,5.0,5.0,4.0,5.0,4.0,2.0,4.0,3.0,5.0,5.0,4.0,4.0,5.0,5.0,3.0,4.0,4.0,5.0,5.0,3.0,4.0,5.0,4.0,5.0,5.0,5.0,4.0,5.0,4.0,4.0,4.0,4.0,4.0,5.0,3.0,4.0,5.0,5.0,5.0,2.0,5.0,5.0,,1.0,4.0,3.0,4.0,5.0,1.0,4.0,4.0,4.0,3.0,1.0,2.0,3.0,3.0,3.0,4.0,3.0,3.0,3.0,5.0,3.0,2.0,5.0,2.0,3.0,2.0,5.0,3.0,3.0,4.0,1.0,1.0,5.0,3.0,3.0,5.0,5.0,4.0,4.0,4.0,5.0,4.0,4.0,2.0,3.0,2.0,5.0,3.0,4.0,4.0,3.0,4.0,4.0,2.0,4.0,,5.0,2.0,2.0,1.0,,5.0,4.0,5.0,5.0,5.0,4.0,5.0,3.0,4.0,,3.0,5.0,5.0,5.0,5.0,4.0,3.0,2.0,,5.0,,4.0,5.0,5.0,3.0,3.0,5.0,,,,,,,,,,,,,,,,,,,,,,,,,,,,,,,,,,,,,,,,,,,,
80920,3.0,4.0,4.0,,3.0,,3.5,2.5,3.0,2.0,,2.0,3.5,4.0,3.0,2.0,1.5,,2.5,3.0,3.0,3.0,0.5,4.0,,,,3.5,,3.0,3.0,3.5,3.5,2.0,3.0,3.0,1.5,2.5,,4.0,1.5,4.0,3.0,3.5,,3.0,,3.5,3.0,4.0,,,3.0,4.0,3.5,3.5,4.5,2.5,2.5,4.0,,3.0,2.5,3.0,3.0,3.0,2.0,3.0,3.5,2.5,,2.5,3.5,4.0,4.0,4.0,3.5,3.5,3.0,,2.0,3.0,3.5,,3.5,3.0,3.5,2.5,3.5,2.0,5.0,4.0,3.5,4.0,3.5,5.0,5.0,3.0,2.0,3.5,,4.0,4.0,,,3.0,4.0,4.0,4.0,3.0,3.5,2.5,3.5,3.0,3.5,3.5,3.0,3.5,2.0,2.0,2.0,2.0,4.5,2.0,3.0,3.0,4.0,4.5,1.5,3.0,,3.5,3.0,3.0,3.0,3.0,4.5,4.0,2.5,2.5,4.0,,3.0,3.0,3.0,3.5,1.0,4.0,3.0,3.0,3.5,3.0,4.5,4.0,3.0,3.0,3.0,,3.5,4.5,2.5,4.0,4.0,,3.5,2.0,2.0,3.5,3.5,3.5,3.0,3.0,3.0,,,3.0,2.5,1.5,,3.5,1.0,3.0,2.0,3.0,2.5,,,3.5,4.0,,3.5,2.5,,4.0,,3.5,4.0,2.5,3.0,3.0,,2.5,2.5,3.5,,3.5,3.0,,3.0,3.5,3.5,3.0,2.0,4.0,3.0,2.0,4.0,3.0,2.5,4.5,3.0,2.5,3.5,,3.0,3.5,3.5,2.5,4.0,3.0,4.0,3.5,2.5,4.5,3.0,3.0,4.0,,4.0,4.0,4.0,4.0,,3.5,3.5,4.0,3.5,3.0,3.0,3.5
81186,,4.5,4.5,,,,5.0,,,,,1.5,,3.0,,,,,,,,,,,,,,,,,,3.0,,,,,,,,,,3.0,,2.5,,,3.5,4.5,,,,,,4.0,,,4.5,4.0,,4.5,,,,,,,,,,5.0,,5.0,4.5,4.0,4.0,3.5,5.0,5.0,,,4.0,,,4.0,,,,,2.5,4.0,4.0,3.5,5.0,4.0,4.5,5.0,5.0,,,4.0,5.0,3.5,3.5,,,4.0,4.5,4.5,,,,4.0,2.0,,2.5,,,,,,,,5.0,2.5,,4.0,,,,,,,,4.0,,2.5,4.5,,,,4.0,,5.0,4.0,,2.5,,,,,,3.5,4.0,4.0,,,,,5.0,,,,,,2.5,,5.0,,,5.0,,,,,,,,,,4.0,,3.0,4.5,3.5,,4.5,,,,5.0,,,,2.5,4.0,3.0,,,,,,,,,,,4.5,,,,,,,,,4.0,,,,3.0,,,,,,,,2.5,2.5,2.0,3.0,3.0,2.0,2.0,4.0,,2.5,,2.0,3.0,2.5,2.5,1.5,4.5,2.5,2.5,3.0,5.0,2.5,3.5
81267,3.0,3.0,3.5,3.5,,2.5,4.0,3.0,4.0,3.5,4.0,3.5,4.0,4.0,,3.0,2.0,3.5,3.0,2.5,,,3.5,,,2.5,,3.5,4.0,3.5,3.5,3.0,3.5,4.0,3.0,4.0,3.0,3.5,3.5,,3.0,3.0,3.5,5.0,2.5,2.5,,3.5,3.5,,,3.5,4.5,5.0,4.0,5.0,4.0,,5.0,,3.0,3.5,4.0,4.0,2.5,,3.0,3.5,3.0,,,,,,,3.5,,,3.5,,,,4.5,,3.5,3.5,4.0,,4.5,,,,3.5,,4.0,,,,,,,,3.5,4.0,,3.5,,3.5,4.0,3.0,,,4.0,4.0,3.0,,3.5,,,,,,4.0,4.0,3.5,2.5,3.5,3.5,4.0,3.5,4.0,4.0,3.0,,3.0,2.5,,,3.0,3.5,3.0,3.0,,3.5,3.5,3.5,3.0,4.0,3.5,4.0,3.5,,3.0,4.0,4.0,4.0,4.0,4.0,,3.0,3.0,,3.5,3.5,3.0,3.0,3.0,3.5,3.0,2.0,3.0,4.5,,2.0,,4.5,4.0,3.5,3.0,3.5,3.5,3.5,4.0,4.0,3.5,2.5,,,3.5,,3.0,3.0,,,2.0,3.5,3.5,,3.5,3.0,,3.0,3.0,3.5,3.5,3.0,5.0,2.5,,5.0,3.5,4.5,3.0,3.5,4.0,3.0,3.0,3.5,4.5,3.5,3.5,3.5,2.5,2.5,3.5,2.5,4.0,3.5,3.5,3.5,3.0,4.0,3.5,5.0,3.5,5.0,3.0,,4.0,,3.5,3.5,3.5,4.5,,3.0,3.5,3.5,4.0,4.0
81487,3.0,4.0,4.0,,4.0,,4.5,,,2.0,3.0,,4.0,,,,,,4.0,1.0,2.0,,3.0,3.0,,,4.0,,3.0,,,,4.0,4.0,3.0,4.0,3.0,2.0,,2.0,,,,4.0,,,,4.0,,,4.0,,4.0,5.0,4.0,,4.0,,2.0,5.0,3.0,,3.0,1.0,,5.0,,3.0,,,,,4.0,,4.0,4.0,4.0,5.0,4.0,3.0,4.0,4.0,,4.0,5.0,3.0,4.0,5.0,5.0,5.0,4.0,,4.0,5.0,4.0,4.0,5.0,4.0,5.0,4.0,5.0,4.0,4.0,4.0,4.0,,5.0,4.0,5.0,,5.0,4.0,,4.0,4.0,5.0,4.0,,,4.0,,3.0,5.0,2.0,4.0,5.0,3.5,4.0,4.0,,,4.0,,3.0,4.5,4.0,4.0,4.0,4.0,,4.0,2.0,2.0,3.0,,4.0,3.0,3.0,2.0,,4.0,4.0,4.0,3.0,,3.0,3.0,3.0,,4.0,4.0,4.0,3.0,3.0,3.5,,4.0,4.0,4.0,4.0,,2.5,4.0,,4.0,,3.0,3.5,1.0,4.0,3.0,4.0,4.0,5.0,4.0,4.0,3.0,4.0,3.5,4.0,4.0,4.0,4.0,5.0,4.0,4.0,4.0,,3.5,,3.5,3.5,3.0,4.0,4.5,4.0,4.5,3.5,4.0,4.0,3.5,4.0,4.0,3.0,2.5,4.0,4.0,3.5,2.5,3.5,4.5,,3.5,4.5,4.0,,4.0,2.5,4.5,2.5,3.5,3.0,,4.5,,4.0,,3.5,4.0,4.0,3.0,4.0,3.5,4.0,3.0,3.5,3.5,4.0,4.5,3.5
81706,3.0,4.0,4.0,3.0,2.5,1.0,2.5,3.5,2.5,4.0,3.0,,3.0,3.5,3.5,2.5,2.5,2.5,3.0,3.0,3.5,2.0,1.5,,,2.5,4.0,3.5,3.5,2.5,3.0,3.5,3.5,,2.5,4.5,3.0,3.5,,3.5,3.0,3.5,3.0,4.0,2.0,3.5,2.5,4.0,3.0,3.5,,1.5,3.5,4.0,4.5,2.5,4.0,3.0,4.0,4.0,3.5,2.5,4.0,2.5,1.5,3.5,3.5,,2.0,3.5,,2.5,3.0,,,3.5,2.5,2.0,3.0,3.5,4.0,4.0,4.0,2.5,4.0,4.0,3.5,3.5,5.0,1.5,,4.0,,3.0,5.0,3.0,4.0,4.0,3.5,,,,4.5,,4.0,,3.0,,4.0,3.5,,3.0,4.0,,,,3.5,3.5,3.0,4.0,4.0,3.5,3.0,,4.0,,3.5,3.5,3.5,2.5,3.0,3.0,3.5,2.5,3.0,4.5,3.0,4.0,3.5,3.0,4.0,3.0,,3.5,1.5,4.0,3.5,3.0,2.5,3.0,3.0,,3.0,4.0,3.5,3.5,4.5,3.5,4.0,2.5,4.0,,4.0,3.5,2.0,3.5,2.0,4.0,4.0,3.0,4.0,3.5,3.5,2.5,3.5,3.5,2.5,3.0,1.5,4.0,,3.0,4.0,4.0,4.0,2.5,3.5,4.5,3.5,2.5,3.5,3.0,3.0,,2.5,4.0,2.5,2.5,3.5,2.5,3.5,2.0,4.5,3.0,4.5,4.0,4.0,4.5,,4.0,2.0,4.0,1.0,3.0,3.5,1.5,4.0,3.5,2.5,4.5,3.5,2.5,3.0,5.0,4.5,4.0,3.5,3.5,5.0,4.0,4.0,3.5,3.5,4.0,4.5,4.5,3.5,3.5,4.5,3.5,3.5,2.5,4.0,3.0,3.0,4.0,4.5,2.5,3.5,3.5
82418,4.0,4.0,4.0,3.0,5.0,3.0,5.0,1.0,3.0,4.0,,4.0,4.0,4.0,2.0,3.0,4.0,4.0,4.0,4.0,4.0,3.0,3.5,5.0,3.0,4.0,4.0,4.0,1.0,2.0,3.0,4.0,5.0,,4.0,4.0,4.0,2.0,4.0,4.0,1.0,4.0,5.0,4.0,,4.0,5.0,5.0,3.0,3.0,4.0,4.0,3.0,4.0,5.0,5.0,5.0,5.0,4.0,5.0,4.0,3.0,4.0,4.0,2.0,5.0,4.0,2.5,3.5,5.0,5.0,5.0,5.0,5.0,5.0,4.0,5.0,3.0,5.0,5.0,5.0,,3.0,4.0,5.0,4.0,4.0,5.0,4.0,4.0,5.0,5.0,3.0,5.0,5.0,5.0,5.0,4.0,5.0,5.0,5.0,3.0,4.0,5.0,3.0,5.0,4.0,5.0,4.0,3.0,5.0,2.0,5.0,4.0,5.0,5.0,5.0,4.0,5.0,3.0,3.0,2.0,4.0,5.0,5.0,5.0,4.0,5.0,4.0,3.0,4.0,5.0,3.0,5.0,4.0,5.0,4.0,5.0,5.0,3.0,5.0,,5.0,5.0,5.0,3.0,4.0,5.0,3.0,4.0,5.0,5.0,5.0,5.0,4.0,3.0,1.0,4.0,4.0,4.0,4.0,5.0,5.0,3.5,5.0,5.0,5.0,3.0,4.0,4.0,4.0,5.0,2.0,,4.0,4.0,3.0,4.0,1.0,5.0,4.0,5.0,5.0,4.0,4.0,5.0,2.0,4.0,4.0,5.0,4.0,4.0,5.0,4.0,5.0,1.0,1.0,1.5,5.0,1.0,5.0,4.0,3.0,5.0,5.0,5.0,5.0,4.0,4.0,5.0,3.0,3.0,2.5,4.0,4.0,5.0,5.0,2.0,2.0,4.0,4.0,2.5,3.0,3.0,5.0,3.0,4.0,3.0,5.0,,,3.5,,4.0,4.0,4.5,4.0,4.5,5.0,,3.5,3.0,4.5,5.0,4.0,3.5,5.0,4.5,3.5,4.5
83090,3.0,2.0,4.0,3.0,3.0,2.0,4.0,3.0,3.0,1.0,3.0,2.0,4.0,4.0,3.0,2.0,3.0,2.0,3.0,2.0,2.0,3.0,2.0,3.0,3.0,2.0,2.0,2.0,4.0,3.0,2.0,3.0,4.0,3.0,2.0,4.0,2.0,2.0,3.0,3.0,2.0,3.0,2.0,4.0,1.0,3.0,3.0,4.0,3.0,2.0,3.0,1.0,2.0,4.0,5.0,3.0,4.0,3.0,3.0,4.0,2.0,3.0,3.0,4.0,1.0,4.0,3.0,2.0,3.0,4.0,2.0,4.0,4.0,3.0,3.0,4.0,5.0,3.0,4.0,2.0,3.0,3.0,5.0,3.0,3.0,3.0,4.0,4.0,4.0,4.0,5.0,4.0,5.0,5.0,3.0,4.0,4.0,3.0,5.0,5.0,3.0,4.0,3.0,3.0,3.0,4.0,4.0,4.0,3.0,3.0,3.0,4.0,3.0,5.0,4.0,5.0,3.0,3.0,2.0,2.0,2.0,2.0,4.0,2.0,3.0,3.0,3.0,2.0,1.0,3.0,2.0,3.0,3.0,4.0,3.0,3.0,3.0,2.0,3.0,3.0,5.0,3.0,3.0,3.0,2.0,4.0,2.0,3.0,3.0,1.0,3.0,3.0,4.0,3.0,2.0,3.0,2.0,2.0,4.0,4.0,3.0,4.0,3.0,3.0,3.0,4.0,2.0,3.0,3.0,3.0,2.0,2.0,3.0,3.0,2.0,3.0,3.0,1.0,3.0,4.0,2.0,3.0,3.0,3.0,3.0,4.0,2.0,3.0,3.0,3.0,3.0,1.0,3.0,5.0,3.0,4.0,3.0,2.0,2.0,3.0,2.0,2.0,4.0,3.0,4.0,3.0,2.0,3.0,3.0,2.0,3.0,2.0,2.0,4.0,3.0,3.0,4.0,4.0,3.0,3.0,3.0,2.0,2.0,2.0,2.0,4.0,,,,,,,,,,,,,,,,,,,,,,,,
83275,,,4.0,4.0,,3.5,4.0,3.5,2.5,3.5,,3.5,3.5,3.5,2.5,3.0,,4.0,3.0,1.5,4.0,3.0,3.0,3.5,2.5,2.5,,3.5,3.5,4.0,3.5,3.5,3.0,3.5,3.5,3.5,3.0,2.5,2.0,,2.0,3.5,3.0,4.5,1.5,,,,3.5,3.5,,3.5,4.5,3.0,4.0,3.5,4.5,2.5,4.0,3.5,4.0,,4.0,3.0,2.5,3.0,3.5,2.5,3.5,,,4.0,4.5,4.5,4.0,5.0,4.5,3.0,5.0,4.0,5.0,4.5,3.5,3.0,5.0,3.5,3.5,,4.0,,3.5,4.0,,,3.5,5.0,4.0,4.0,,4.0,3.5,,3.5,4.0,,,4.5,5.0,4.5,,,,3.5,,4.0,,3.5,3.5,,,,4.5,4.0,3.0,3.5,3.0,3.5,,3.0,3.5,3.0,4.5,,2.5,2.0,4.0,4.0,3.5,3.5,3.5,4.0,,,3.0,,,3.5,4.0,4.0,3.5,5.0,4.5,4.5,4.0,3.5,4.0,4.5,4.0,,,3.5,3.5,3.5,3.5,,3.0,3.0,4.0,4.5,,3.0,4.0,3.5,3.5,3.5,3.0,2.5,4.5,1.5,4.5,,4.0,5.0,2.0,2.0,3.0,,4.5,5.0,,,2.5,,,3.5,3.5,4.0,2.5,3.5,4.0,3.5,,3.0,3.0,2.5,4.5,,3.0,4.0,4.5,3.5,2.5,3.0,4.5,4.0,2.0,4.5,,,,3.5,3.0,3.0,,3.5,3.5,3.5,3.5,4.0,3.5,3.0,4.5,4.5,,3.5,4.0,,3.5,3.0,3.5,4.0,4.0,4.0,4.0,3.5,3.5,4.5,,,
84476,1.5,3.0,4.0,2.0,,1.0,4.0,1.0,1.0,2.5,1.0,0.5,1.5,1.5,3.5,,1.0,,1.5,1.5,3.0,0.5,0.5,,,,,2.0,4.5,1.5,0.5,2.0,1.5,2.0,2.0,1.0,1.0,1.5,1.0,,,,2.5,3.0,1.0,,,,1.0,,3.5,0.5,1.5,3.0,2.0,2.5,4.0,,2.0,4.5,2.5,1.0,2.0,2.0,1.5,4.5,,1.0,0.5,4.0,3.0,4.0,4.0,,,2.0,5.0,4.5,3.0,1.5,3.0,,2.5,,3.0,1.5,3.5,4.5,3.0,4.0,4.0,,5.0,4.5,4.0,4.0,5.0,4.0,,4.0,4.5,,3.0,,4.0,3.5,4.0,3.5,2.5,,,,3.0,4.0,,2.5,2.5,3.0,,,,1.5,4.0,2.5,1.5,4.0,,4.0,2.5,1.0,1.0,2.5,1.0,2.5,,3.0,4.5,,3.0,3.0,1.0,2.5,4.0,4.0,2.0,3.0,1.0,1.5,0.5,1.0,2.5,,4.0,1.5,4.5,3.0,2.0,1.5,,2.5,3.0,1.5,2.5,2.0,2.5,2.5,4.5,,,2.5,1.0,3.0,,1.5,3.0,2.5,3.0,2.5,,3.0,2.5,3.0,5.0,2.5,1.5,4.5,4.5,,2.0,5.0,,3.0,2.5,4.0,4.0,3.5,2.5,2.0,2.5,,3.5,1.5,3.5,4.0,3.5,1.0,4.0,2.0,4.0,3.0,2.0,2.5,4.0,2.0,3.0,3.5,3.0,3.0,3.0,2.5,2.5,1.0,2.5,4.5,2.5,3.5,,2.5,3.5,2.5,4.5,1.5,2.0,3.0,4.5,3.0,,4.5,4.5,,2.0,4.0,4.5,4.5,4.5,3.5,4.0,4.0,,4.5
84752,3.5,3.0,3.0,,3.0,,2.5,,1.5,3.5,,1.5,3.5,2.5,3.0,0.5,2.5,2.0,2.5,1.0,5.0,2.0,2.0,4.0,,2.5,4.0,3.0,2.0,3.0,2.0,3.0,3.5,2.5,0.5,3.0,,2.0,1.5,4.0,3.0,3.5,2.0,3.0,2.0,3.0,3.0,4.0,3.0,3.0,3.5,0.5,3.5,3.5,3.5,3.0,1.0,,2.0,4.0,,2.0,2.5,1.5,2.5,3.0,,1.5,,4.0,,,3.0,4.0,,,4.0,3.5,5.0,3.0,4.5,2.5,2.5,2.5,3.0,3.0,4.0,4.0,5.0,5.0,,,,3.0,3.0,4.0,3.0,2.0,3.5,,5.0,,4.0,2.5,,,,5.0,5.0,2.5,5.0,,3.5,3.5,4.0,3.0,3.5,,2.5,4.0,3.5,1.5,2.5,1.0,3.0,5.0,,3.0,4.5,2.0,1.5,5.0,,2.5,2.0,4.0,3.5,,4.5,1.5,4.0,2.5,3.5,4.0,4.5,3.5,,3.5,1.5,2.0,2.0,4.0,0.5,3.0,2.0,3.0,1.5,3.5,5.0,3.0,3.0,3.0,3.0,,,1.5,3.0,4.5,4.0,2.5,2.0,3.5,3.5,,3.5,,2.0,3.5,2.0,4.0,3.0,4.0,3.5,3.5,1.5,4.5,3.0,,3.5,3.0,3.0,5.0,3.0,3.0,5.0,1.0,3.0,2.0,2.5,,3.0,3.5,3.0,,4.0,3.0,3.5,2.5,,3.5,2.5,2.5,3.5,3.5,2.0,3.5,3.5,,2.5,3.0,3.0,3.5,2.0,3.0,3.0,,3.5,3.5,3.5,1.5,2.5,4.5,3.0,4.5,2.5,2.5,4.0,3.0,5.0,3.5,4.0,5.0,2.5,3.0,5.0,1.5,3.0,4.0,4.5,4.5
84849,,4.0,,,4.0,,4.0,,,,,,,,,,,,,2.0,4.0,,,,,,,,,,,,,,,5.0,,,,,,,,4.0,,,3.0,3.5,,,,,,4.0,4.5,3.0,5.0,,,4.0,,,,,,,,,,4.5,4.5,4.0,4.0,,4.0,4.0,4.0,4.5,4.0,5.0,4.0,,4.0,,3.0,,4.0,,5.0,4.0,,,5.0,5.0,4.0,,4.0,3.0,4.0,5.0,4.0,,3.0,3.0,,4.0,3.0,,,,4.0,3.0,,,4.0,4.0,,3.0,,3.0,3.5,3.0,4.0,,3.0,3.0,,,,3.0,,,,,,4.0,3.0,4.0,,,4.0,,3.0,4.0,,,4.0,3.5,,,5.0,3.0,5.0,,,,,,,4.0,,3.0,,,,,4.0,3.0,,,,4.0,5.0,4.0,4.0,3.0,3.0,3.0,1.0,,4.0,4.0,5.0,4.0,3.0,4.5,4.0,,4.0,4.0,3.0,,3.0,4.0,4.0,3.0,4.0,,4.0,3.0,4.0,3.0,4.0,3.0,4.0,,4.0,3.0,,5.0,4.0,4.0,3.0,4.0,4.0,3.0,4.0,3.0,3.0,4.5,3.0,,4.0,4.0,3.0,,4.0,3.0,,,,3.5,3.0,5.0,4.0,,4.0,,,4.5,4.5,,3.5,4.5,3.0,4.0,3.5,4.0,4.0,3.5
85640,3.0,4.0,4.5,,4.0,,3.0,,2.0,3.0,3.0,,4.5,,,,4.0,,,3.0,4.5,,4.5,4.5,,2.0,,,3.0,,3.0,3.5,3.0,4.0,3.0,3.0,2.0,,,,2.0,,,4.5,3.0,,,,,,4.5,3.0,3.0,3.5,4.0,3.5,3.0,4.0,,5.0,,3.0,4.0,4.0,,5.0,,4.5,,4.0,,4.5,4.5,4.5,5.0,5.0,4.0,4.0,4.5,5.0,4.0,1.0,3.0,4.0,4.0,3.0,3.0,5.0,5.0,5.0,4.0,4.0,5.0,4.5,4.0,5.0,4.5,3.5,4.0,,4.5,4.0,3.0,1.0,4.0,,3.0,5.0,5.0,4.0,4.0,4.0,5.0,5.0,3.0,3.0,4.5,3.0,,2.0,3.0,3.5,4.0,3.0,3.5,5.0,4.0,4.0,3.5,3.5,,4.0,3.0,,,4.0,4.0,,4.0,,4.0,3.0,4.0,5.0,3.0,4.5,3.0,2.0,3.0,4.0,3.0,2.5,4.0,4.0,3.0,2.5,2.0,2.0,,5.0,3.0,3.0,3.0,,4.5,4.0,5.0,4.5,3.0,2.0,4.0,4.5,4.5,,4.5,3.0,3.5,3.0,3.0,4.0,5.0,3.0,4.0,4.5,2.0,5.0,,3.0,4.0,2.0,5.0,4.5,4.0,3.0,5.0,3.5,3.0,3.0,4.0,3.5,5.0,4.5,3.0,5.0,5.0,4.0,5.0,,3.0,4.5,,4.5,4.0,5.0,4.5,5.0,,,4.5,4.0,4.0,3.0,3.5,,4.0,3.5,4.0,4.0,5.0,4.0,,4.0,4.0,5.0,4.0,4.5,4.0,,5.0,4.5,5.0,,4.0,,,4.0,,5.0,4.5,4.0
85926,0.5,1.0,3.0,0.5,4.0,,3.0,1.0,2.0,2.5,3.0,1.0,2.0,1.0,0.5,,2.0,,3.0,,5.0,2.0,4.0,5.0,,1.0,,,3.0,2.0,2.0,3.0,,2.0,4.0,2.0,1.0,3.0,1.0,2.0,3.0,2.0,1.0,3.0,3.0,1.0,3.0,5.0,,3.0,4.0,2.0,1.0,3.0,3.0,4.0,4.0,,1.5,5.0,2.0,2.0,2.0,2.0,,4.0,1.0,3.0,2.0,4.0,,3.0,3.0,4.0,4.0,3.5,5.0,4.5,4.5,3.0,2.5,1.0,2.0,3.0,3.0,2.0,3.0,4.0,5.0,,3.0,4.0,,3.0,4.0,5.0,3.0,5.0,,4.0,,4.0,4.0,4.5,,3.5,5.0,4.5,4.0,4.0,3.0,,4.0,,4.0,5.0,5.0,3.0,2.0,4.0,4.0,0.5,2.0,1.0,,4.0,,4.0,4.0,2.0,2.0,3.0,2.0,4.0,1.0,2.0,2.0,4.0,4.0,2.0,2.0,2.0,3.0,4.0,4.0,4.0,2.0,3.0,2.0,2.0,4.0,3.0,3.0,3.0,3.0,3.0,2.0,3.0,2.5,3.0,2.0,5.0,2.0,3.0,3.0,2.0,3.0,3.0,3.0,3.0,3.0,4.0,2.0,3.0,4.0,3.0,1.5,2.0,1.0,4.0,3.0,3.0,5.0,4.0,3.0,4.0,3.0,3.0,2.0,2.0,3.0,3.0,2.0,2.0,2.0,4.0,2.0,1.0,4.0,2.0,3.0,2.0,3.0,2.0,4.0,3.0,5.0,3.5,4.0,3.0,3.5,1.5,3.0,5.0,2.0,3.0,3.0,2.0,1.5,2.0,1.5,2.0,4.0,,4.0,3.0,3.5,3.5,3.5,1.0,2.5,3.5,2.0,3.5,2.5,1.5,2.0,3.5,3.0,2.0,3.5,3.5,2.5,4.0,4.5,4.0,2.0,2.5,2.5,4.0
86529,,4.5,2.0,,2.5,,2.0,1.0,,,,,2.5,3.0,,,,,,,4.0,,2.0,4.5,,,1.5,0.5,1.0,2.0,,2.0,4.5,,,3.5,,1.5,,3.0,,2.0,1.0,2.5,,2.0,4.0,3.0,,4.0,3.0,,0.5,4.0,2.5,3.5,4.0,3.5,1.5,2.0,2.0,,2.5,0.5,,4.0,2.0,3.0,,4.0,3.0,2.5,5.0,2.5,4.5,3.0,5.0,5.0,3.0,1.5,3.5,2.5,3.5,2.0,4.0,1.0,2.0,0.5,5.0,2.0,5.0,3.5,2.5,2.5,3.0,5.0,3.5,3.0,2.0,1.5,3.0,1.5,4.5,3.5,,3.0,4.5,4.0,4.5,,1.5,4.0,3.0,2.0,4.5,4.0,2.0,2.0,,3.0,3.0,4.0,5.0,1.5,3.0,0.5,2.0,3.5,4.0,1.0,1.5,2.0,2.0,2.0,,3.0,3.0,2.5,4.0,1.0,3.0,3.0,4.0,1.0,1.5,2.0,,1.0,1.5,0.5,2.0,3.0,4.5,1.0,1.0,3.0,2.0,2.0,0.5,1.5,2.0,4.0,3.5,,3.5,,2.0,2.5,2.0,4.0,0.5,3.5,5.0,1.0,3.5,0.5,2.0,1.5,,3.0,3.0,4.0,4.0,3.0,3.0,2.0,1.0,2.0,3.0,2.0,,,1.5,4.0,2.0,1.5,1.0,,4.0,,3.0,2.0,0.5,0.5,2.0,1.5,4.0,3.0,3.0,1.0,2.0,3.5,3.0,3.0,2.5,2.0,2.0,2.0,1.5,4.0,1.5,1.0,3.0,2.5,4.0,2.5,3.5,1.0,2.5,3.0,3.5,2.5,,2.5,2.5,1.0,3.0,,2.5,3.0,2.5,4.0,1.0,3.5,4.5,4.5,3.0,2.0,0.5,1.5
86722,2.5,2.5,2.0,1.0,2.5,1.5,4.5,,2.5,0.5,1.5,0.5,2.5,2.5,,1.5,1.0,,1.0,2.0,2.5,3.0,2.5,4.0,1.5,1.0,,1.5,3.5,2.0,0.5,1.5,3.5,0.5,2.5,2.0,0.5,1.5,1.5,2.0,0.5,1.5,1.0,2.5,,1.5,,,,4.0,1.5,1.0,2.0,2.5,,4.5,4.0,3.0,3.5,5.0,1.0,1.5,1.5,2.0,0.5,4.0,1.5,1.5,1.0,4.0,4.5,4.0,4.0,3.5,4.5,3.0,,,4.5,3.0,5.0,0.5,1.5,2.5,3.0,1.5,2.5,4.0,4.5,4.0,2.0,3.5,,3.0,3.5,2.5,3.0,,2.5,,2.5,,3.0,3.5,4.5,,5.0,4.0,4.0,2.0,3.5,2.0,4.0,,1.0,,1.5,2.5,2.0,2.5,2.0,1.5,2.5,4.0,1.5,2.5,3.0,2.0,2.5,1.0,0.5,1.5,1.5,2.0,2.0,3.5,1.5,1.5,2.0,2.5,2.5,2.0,,3.5,,3.0,1.5,3.0,1.0,2.0,2.0,4.0,,2.5,2.0,1.0,3.5,3.0,,4.0,1.5,2.0,2.0,,2.5,1.5,2.5,,1.5,2.0,1.5,3.0,2.5,1.5,3.5,2.5,3.0,2.5,0.5,4.0,1.5,2.0,4.0,1.5,2.0,5.0,4.0,0.5,4.0,2.0,3.0,3.0,3.5,,3.5,2.5,5.0,2.5,4.5,2.0,,3.0,4.0,,3.5,1.5,3.5,3.0,,3.0,2.0,3.0,5.0,3.0,3.0,3.5,5.0,4.0,3.0,3.0,3.5,1.0,2.5,5.0,4.0,3.5,3.5,3.0,5.0,3.0,5.0,4.5,3.0,2.5,3.0,2.5,2.5,3.0,4.0,3.5,4.0,4.5,4.5,3.5,2.5,3.5,4.0,4.0,3.0,3.0
86839,4.0,3.0,3.0,3.0,1.0,4.0,3.0,,4.0,,4.0,3.0,5.0,3.0,4.0,,2.5,3.0,5.0,2.0,3.0,,,,3.0,3.0,,,3.0,5.0,5.0,4.0,,4.0,4.0,5.0,3.0,4.0,1.0,,3.0,3.0,1.0,5.0,3.0,4.0,,,,5.0,2.0,5.0,3.0,4.5,,5.0,5.0,4.0,3.0,4.0,,,3.0,5.0,3.0,,,2.0,5.0,,,5.0,5.0,5.0,5.0,,1.5,4.0,2.0,1.0,5.0,2.0,4.0,,3.0,5.0,3.0,2.0,4.0,,5.0,,,4.0,5.0,5.0,2.0,5.0,3.0,,,,5.0,,5.0,,5.0,4.0,5.0,3.0,5.0,3.0,4.0,,,5.0,5.0,4.0,3.0,3.0,3.0,5.0,3.0,3.0,4.0,,,5.0,5.0,4.0,4.0,3.0,4.0,3.0,4.0,1.0,3.5,,4.0,,3.5,4.0,3.5,,3.0,3.0,,5.0,5.0,5.0,4.0,3.0,3.0,5.0,5.0,4.0,2.5,4.0,,5.0,4.0,,4.0,3.0,4.0,3.0,1.0,4.0,2.0,3.0,4.0,3.0,5.0,4.0,4.0,4.0,3.0,4.5,2.0,4.0,3.0,3.0,3.0,4.0,1.0,1.0,,4.0,4.5,,4.0,3.0,4.0,3.0,3.0,3.0,2.0,3.0,2.5,,,4.0,,1.0,2.0,4.5,0.5,3.5,5.0,3.0,,5.0,1.5,,,,,3.5,3.0,4.0,4.0,3.0,4.0,,4.0,5.0,,3.5,5.0,5.0,3.0,4.5,2.5,4.5,4.0,,3.5,,3.0,4.0,,,,,,,,,,
87561,3.0,4.5,4.5,,4.5,,5.0,,,3.0,4.5,,,,4.0,,,,,,5.0,,3.0,,,,,,3.5,,,,,4.0,,2.5,,,,,3.0,,,4.5,3.0,,,,3.0,4.5,4.5,,,4.5,,3.5,4.5,4.0,,4.5,4.0,,3.0,,,4.5,,,,,,4.5,4.5,,4.5,,,4.5,,4.0,4.0,,,,,,3.5,4.5,3.5,4.5,5.0,,,4.5,3.5,4.5,4.5,4.5,,4.0,,,4.5,4.0,4.0,,5.0,4.5,4.0,3.5,,4.5,3.5,,,4.5,,,,,,,5.0,,3.0,4.5,4.0,4.0,2.5,,3.0,3.5,3.0,4.5,4.5,3.5,4.0,,4.0,,4.5,,4.0,5.0,,4.0,,4.5,,,3.0,,4.5,4.0,,3.0,4.0,,5.0,4.0,,4.5,3.5,,4.0,,5.0,,,5.0,,4.5,3.5,,4.5,,,,,5.0,,4.0,4.5,4.5,4.5,4.5,4.5,3.0,3.0,4.5,,4.5,,,4.5,4.0,3.5,,,,3.5,3.5,5.0,4.5,4.5,,4.5,,4.5,4.0,,4.0,4.0,,4.0,4.5,,,,3.5,3.0,,2.5,4.5,4.0,4.0,4.0,3.5,4.0,4.0,4.5,3.5,3.0,3.5,4.0,,3.5,4.0,4.0,3.5,,4.0,4.0,4.0,4.0,3.5,4.5,4.5,4.0,4.5
88738,1.0,,,2.0,,4.0,4.0,,,2.0,,2.0,5.0,5.0,2.0,,1.0,,1.0,1.0,5.0,,1.0,4.0,,,4.0,,5.0,4.0,2.0,4.0,3.0,4.0,,3.0,,2.0,,,,,,5.0,4.0,,,,2.0,,4.0,,3.0,4.0,4.0,3.0,4.0,4.0,3.0,4.0,,1.0,,3.0,1.0,5.0,,,,4.0,,,,,,,4.0,5.0,5.0,4.0,5.0,2.0,3.0,,4.0,2.0,4.0,5.0,5.0,5.0,,,,4.0,5.0,,,,4.0,,,,4.0,5.0,,,,5.0,5.0,4.0,4.0,5.0,5.0,5.0,,,4.0,3.0,3.0,4.0,3.0,5.0,4.0,1.0,3.0,4.0,,,4.0,1.0,,4.0,,4.0,4.0,5.0,4.0,,5.0,,4.0,2.0,4.0,3.0,4.0,4.0,2.0,4.0,5.0,1.0,,5.0,,4.0,,2.0,5.0,2.0,,3.0,3.0,3.0,4.0,2.0,4.0,4.0,5.0,3.0,,4.0,3.0,5.0,4.0,,5.0,3.0,2.0,4.0,,5.0,,4.0,5.0,2.0,4.0,5.0,,,,5.0,4.0,4.0,,5.0,4.0,,4.0,2.0,3.0,,,,5.0,5.0,5.0,4.0,5.0,3.0,4.0,4.0,3.0,5.0,5.0,4.0,4.0,2.0,5.0,,3.0,,4.0,,2.0,5.0,5.0,3.0,4.0,3.0,5.0,1.0,4.0,4.0,2.0,5.0,1.0,4.0,2.0,5.0,5.0,4.0,4.0,5.0,5.0,5.0,5.0,4.0,,2.0,5.0,5.0
88773,3.5,,,,5.0,,5.0,3.5,3.5,2.5,,,5.0,,,,3.0,4.0,2.0,1.0,5.0,,3.0,5.0,3.5,,,,4.5,,4.0,4.0,4.0,5.0,3.5,4.0,3.0,,,3.0,4.0,5.0,,4.0,5.0,,,,,,5.0,4.0,3.5,4.0,5.0,5.0,5.0,5.0,4.0,5.0,,3.5,5.0,4.0,,5.0,4.0,,,5.0,3.0,4.5,5.0,5.0,5.0,4.0,,5.0,5.0,5.0,5.0,2.0,4.0,,5.0,3.0,3.0,5.0,5.0,5.0,5.0,5.0,4.0,5.0,5.0,5.0,5.0,,5.0,,5.0,5.0,5.0,4.0,5.0,5.0,5.0,5.0,5.0,4.0,5.0,,5.0,,5.0,5.0,5.0,4.0,4.0,5.0,5.0,4.0,5.0,2.0,4.0,5.0,,4.0,3.0,3.0,4.0,4.0,3.0,5.0,4.0,4.5,5.0,4.0,4.0,4.0,,3.0,5.0,5.0,3.0,5.0,3.0,3.0,,4.0,4.0,3.5,5.0,4.0,4.0,4.0,4.0,4.0,,4.0,5.0,5.0,4.0,,3.0,4.0,,5.0,5.0,4.0,5.0,3.0,5.0,3.0,,,4.0,3.0,3.0,5.0,3.0,5.0,5.0,5.0,4.0,5.0,,4.5,,,3.0,4.0,,4.0,5.0,4.0,,3.0,5.0,3.5,,3.0,,5.0,5.0,5.0,,4.0,4.0,5.0,,,5.0,5.0,3.0,5.0,,,4.0,4.0,3.0,3.0,5.0,4.0,,,5.0,4.0,5.0,,4.5,4.5,4.0,4.5,4.5,5.0,4.0,4.0,4.5,,5.0,3.5,4.5,,,4.5,5.0,4.5,4.5,4.5
88820,2.5,3.5,4.0,3.0,4.0,2.5,4.0,,2.0,2.0,,,5.0,4.0,3.0,3.0,,,2.5,3.0,3.5,4.0,3.0,4.5,3.0,3.0,5.0,4.5,3.0,3.5,2.5,3.0,4.0,3.0,3.0,4.5,3.0,3.0,2.5,4.0,3.0,3.5,,4.0,2.0,3.0,4.0,5.0,,3.0,3.0,2.5,2.5,4.5,5.0,4.0,5.0,4.0,4.0,4.5,4.0,2.0,3.5,3.5,,4.0,4.0,3.0,3.5,5.0,,5.0,5.0,4.0,4.0,5.0,5.0,5.0,4.0,2.5,3.0,3.0,3.0,4.5,5.0,3.0,4.5,5.0,5.0,3.0,4.0,5.0,4.5,5.0,5.0,4.0,5.0,4.0,5.0,5.0,4.0,4.5,4.0,3.0,3.5,5.0,4.5,3.5,5.0,2.5,5.0,4.0,4.5,4.5,5.0,5.0,5.0,3.0,3.0,4.0,4.0,4.0,5.0,3.0,4.0,4.0,3.0,4.0,3.0,3.0,3.0,3.5,2.5,4.5,3.0,4.0,4.0,5.0,5.0,3.0,4.5,3.0,4.0,4.0,4.0,4.5,2.5,4.5,2.5,2.5,5.0,4.5,5.0,4.0,,4.0,4.0,4.0,4.5,5.0,4.0,4.0,4.0,2.5,3.0,4.0,3.5,4.0,4.0,4.0,3.0,4.0,4.5,3.0,4.5,3.0,4.0,3.0,2.0,4.0,4.0,4.0,4.0,4.0,4.0,4.5,4.0,4.0,5.0,4.5,3.5,4.0,3.5,5.0,4.0,3.0,3.5,2.5,3.5,3.0,4.0,4.0,4.5,3.5,4.0,3.0,4.5,3.5,3.5,4.0,4.0,4.0,4.0,4.0,3.5,4.0,4.5,4.0,4.0,3.0,4.0,2.0,4.0,3.0,5.0,2.5,4.0,3.5,4.0,3.5,3.0,3.0,3.0,5.0,4.5,3.5,3.0,4.0,4.5,3.0,4.0,4.0,4.0,4.0,3.5,3.0,4.0,4.0,4.5,4.5
89081,,4.5,4.5,,,,5.0,,,4.5,,4.0,4.5,4.5,4.0,,3.0,,,,4.0,,5.0,,,,,,4.0,4.0,,4.5,,4.0,,3.5,3.5,,4.0,,,4.0,,4.0,,,,,4.0,4.5,,,,4.0,4.5,3.5,4.0,,4.0,5.0,,,4.0,,,4.0,,,4.5,,,,,,4.5,,4.0,4.0,,4.5,4.0,,,,4.5,4.5,4.5,4.5,5.0,,4.5,4.0,,4.0,4.5,4.5,5.0,4.5,4.0,,,4.5,4.5,4.5,,4.5,4.0,4.5,4.5,4.5,4.0,,4.5,,4.0,4.0,4.0,,,4.5,3.5,2.5,4.0,,4.0,4.5,4.0,4.0,4.5,4.5,3.5,4.5,4.0,5.0,,4.5,,4.5,4.5,4.5,4.5,,4.0,4.5,3.5,4.0,,4.5,,4.5,4.0,4.0,4.0,4.0,4.0,,4.5,4.5,,4.5,,5.0,4.0,3.0,4.5,4.0,,,4.0,,3.5,4.5,4.0,3.5,,,4.5,4.5,3.0,5.0,4.0,4.5,4.0,4.0,3.5,4.5,,4.0,4.5,,,4.0,,,4.0,4.5,4.5,3.5,4.5,4.5,,4.0,4.5,5.0,4.0,4.5,4.0,3.5,4.0,4.5,3.0,3.5,4.0,4.0,4.5,,4.0,4.0,4.5,5.0,4.5,4.0,4.0,,3.0,3.0,4.5,4.5,4.5,4.5,4.0,5.0,4.5,4.5,,4.5,4.5,4.0,3.5,4.0,4.0,4.5,4.5,5.0,4.0,4.0,4.0,3.5,4.5,4.5
89242,3.0,2.5,,3.5,,4.0,3.5,4.0,3.0,4.5,,3.0,4.0,3.0,3.0,3.5,,4.0,,,3.5,4.0,5.0,2.5,4.5,4.0,4.0,4.0,,4.0,4.0,3.5,4.0,,,,,3.5,4.0,4.5,3.0,4.0,,4.0,3.0,3.0,4.5,4.0,,3.5,4.0,4.0,5.0,,4.5,4.0,4.5,,5.0,3.0,4.0,3.5,3.0,4.0,4.5,,,4.0,4.0,,4.0,,,,,,,,,,,5.0,4.0,2.5,4.0,4.5,4.0,,3.5,,,,,,2.5,4.0,4.0,,,,,,3.0,5.0,,,3.5,4.0,4.5,,,,3.5,,4.0,,4.5,,,,,4.0,3.0,3.0,4.5,4.5,3.0,,3.0,,4.0,3.0,4.0,3.0,,3.0,3.5,4.0,4.0,3.0,4.5,,4.0,,,2.0,5.0,4.5,4.0,5.0,,4.5,3.0,4.0,4.0,3.0,,4.0,,4.5,4.0,3.5,4.0,,3.0,,4.0,4.0,4.0,3.5,4.0,4.5,3.5,4.5,4.0,3.5,3.0,3.5,3.5,4.0,,4.5,4.5,3.5,3.5,4.0,,4.0,4.5,4.5,3.5,4.0,4.0,3.5,4.5,,4.0,3.0,4.0,4.0,3.0,4.0,2.5,3.5,4.5,4.0,4.0,5.0,,4.0,3.0,3.5,2.5,4.0,4.0,4.0,4.5,,,3.5,3.5,3.5,4.5,4.0,,3.5,4.0,,4.0,,,3.5,,,,4.0,,4.5,4.0,4.0,,,,,,,4.5,,,
89299,,,,1.5,2.5,,,,,1.0,,,3.0,2.5,,,,1.5,,,3.5,,1.0,4.0,,2.0,,,,,,,4.0,1.5,2.0,1.5,,1.5,1.0,3.5,,2.5,,1.0,2.0,2.5,3.5,,,2.0,2.5,,3.5,2.5,2.5,3.0,3.0,4.0,2.0,3.0,,1.5,1.5,1.5,,4.5,2.5,,2.0,,4.5,3.5,4.5,,,,3.5,3.5,,2.5,4.5,3.5,1.5,2.5,4.0,2.0,3.5,4.0,4.0,4.0,4.0,4.5,,2.5,4.0,4.0,4.0,3.5,3.0,2.0,4.5,,4.0,3.0,2.5,,3.5,5.0,4.0,3.5,3.0,2.5,3.0,,3.5,4.0,4.0,2.0,1.0,3.5,4.0,2.5,3.0,1.0,3.5,4.0,3.0,,1.5,1.0,2.0,2.0,2.5,4.0,,3.5,4.5,,3.5,1.0,4.0,2.0,3.0,3.5,3.0,4.5,2.0,3.0,4.0,1.0,4.0,2.5,,3.0,3.0,3.0,3.0,2.5,,3.0,2.5,3.5,3.0,,,3.0,4.5,2.5,3.0,3.5,2.0,4.5,3.5,3.5,4.0,3.0,2.0,2.0,,2.5,2.5,4.0,4.0,3.5,2.0,4.5,3.5,2.5,3.5,5.0,4.0,2.5,3.0,3.5,3.5,,2.5,,4.0,1.5,4.0,4.0,5.0,2.5,3.0,2.5,4.0,3.0,,3.0,1.5,4.5,4.5,3.0,3.5,2.5,2.5,,,4.0,3.0,,1.0,3.5,1.5,,3.0,0.5,3.0,,4.5,,,4.0,,2.5,2.0,4.0,2.5,3.5,3.0,3.0,3.5,4.0,4.0,3.0,4.0,4.0,3.0,4.5
89307,2.5,3.0,1.5,3.0,2.5,3.0,4.0,2.0,2.0,2.5,2.0,1.5,2.0,2.5,3.5,2.0,2.0,1.0,2.0,0.5,4.5,2.5,0.5,4.0,2.0,2.0,3.0,1.5,3.0,3.0,2.0,3.0,4.0,2.0,2.5,2.0,1.5,1.0,2.0,3.0,1.0,2.5,1.5,3.0,3.0,,3.5,3.0,3.0,3.0,3.0,2.0,3.0,2.5,1.5,3.0,3.5,2.5,3.0,4.5,2.5,2.0,2.0,2.0,1.0,3.5,2.0,3.0,3.0,3.0,3.5,3.5,4.0,3.5,,3.0,4.5,1.5,3.0,2.5,4.0,3.0,2.5,3.5,3.0,3.0,2.5,4.0,4.0,4.5,3.5,3.5,4.0,4.0,3.0,3.5,3.5,3.5,3.5,2.5,0.5,4.5,3.5,4.0,4.0,2.0,4.5,3.5,3.0,3.5,3.0,1.5,4.0,3.0,2.0,3.0,3.0,3.0,1.5,1.5,2.0,3.5,3.5,2.0,1.5,4.0,2.5,3.5,3.5,1.5,1.5,3.5,0.5,3.0,3.0,3.5,3.0,3.5,4.5,2.0,3.5,2.0,3.0,4.0,2.5,4.0,2.5,2.0,2.0,0.5,2.5,3.5,4.0,1.5,2.0,3.0,3.0,3.0,4.0,3.0,2.0,3.0,3.0,,3.0,2.5,3.0,2.5,2.0,1.5,1.5,3.5,2.5,3.5,3.5,2.5,1.0,3.0,1.5,3.5,2.0,2.5,4.0,3.5,2.5,5.0,,3.0,3.0,,3.0,3.0,2.0,3.0,4.0,3.0,2.5,2.0,3.0,2.5,,3.0,3.5,3.5,4.0,2.0,3.5,3.0,2.5,3.0,3.0,3.5,4.5,3.0,3.5,3.0,4.0,1.5,1.5,,2.5,3.0,3.0,3.5,4.0,4.0,1.0,1.5,,1.0,3.5,4.0,,3.5,1.5,3.5,,3.5,,,4.5,4.0,,,,,,,,
89364,,3.0,3.0,1.0,5.0,2.0,1.0,3.0,1.0,,,,4.0,,2.0,,,2.0,,,3.0,,,4.0,,,4.0,2.0,,2.0,,3.0,4.0,,1.0,3.0,,1.0,,3.0,2.0,2.0,,3.0,,,3.0,5.0,,2.0,4.0,3.0,,5.0,,5.0,4.0,4.0,2.0,4.0,1.0,,1.0,2.0,,5.0,4.0,,4.0,5.0,5.0,5.0,4.0,5.0,3.0,3.0,5.0,5.0,3.0,3.0,4.0,2.0,1.0,5.0,3.0,2.0,4.0,4.0,4.0,3.0,,3.0,,5.0,2.0,5.0,5.0,4.0,5.0,5.0,5.0,5.0,4.0,3.0,5.0,,4.0,4.0,3.0,1.0,5.0,4.0,2.0,,2.0,5.0,5.0,3.0,,,,4.0,4.0,1.0,4.0,5.0,,,4.0,2.0,2.0,4.0,2.0,1.0,,,5.0,4.0,4.0,,4.0,,3.0,4.0,3.0,2.0,3.0,4.0,,1.0,4.0,4.0,2.0,3.0,2.0,4.0,,2.0,,3.0,5.0,4.0,1.0,,1.0,4.0,5.0,3.0,3.0,3.0,2.0,3.0,,,4.0,,,2.0,,3.0,4.0,4.0,5.0,,4.0,5.0,4.0,1.0,3.0,4.0,4.0,3.0,5.0,4.0,5.0,2.0,3.0,,5.0,,4.0,2.0,5.0,3.0,4.0,4.0,5.0,4.0,3.0,4.0,,,4.0,4.0,5.0,4.0,3.0,4.0,,,3.0,,5.0,5.0,,,4.0,,5.0,2.0,,,,,,,,,,,,,,,,,,,,
89402,2.5,5.0,4.0,3.0,3.5,3.0,5.0,,3.5,4.0,3.0,,3.5,4.0,3.5,1.0,,,2.0,2.0,4.5,3.0,3.5,3.5,2.0,,,3.5,4.0,3.5,,3.5,3.5,3.0,,3.5,3.0,3.5,3.5,3.0,3.5,3.5,3.0,4.5,2.0,2.0,,3.5,3.0,5.0,5.0,3.0,3.0,5.0,3.5,3.5,5.0,,3.5,5.0,4.0,2.0,3.5,3.5,1.0,4.5,,4.5,3.5,4.0,,4.0,5.0,,3.5,,4.0,5.0,,4.5,4.0,1.0,3.5,3.5,4.0,4.0,3.5,4.5,4.5,3.5,4.5,5.0,,5.0,4.0,5.0,5.0,5.0,5.0,5.0,4.5,,5.0,3.0,3.5,,5.0,4.0,4.5,3.5,4.0,3.5,3.5,3.5,3.5,3.5,4.0,3.5,3.5,3.5,3.5,3.5,4.0,4.0,5.0,4.0,3.5,3.5,4.0,3.5,3.5,3.5,2.5,3.0,2.5,2.5,5.0,4.0,4.0,3.0,5.0,3.0,3.5,5.0,3.0,5.0,3.5,5.0,,3.0,4.0,3.5,4.0,,,4.0,4.0,3.5,4.5,4.5,3.5,3.5,3.5,3.0,3.5,3.0,5.0,,3.0,4.0,,4.5,4.0,2.0,4.5,,3.0,3.5,2.0,5.0,4.0,3.5,4.0,4.0,4.0,5.0,3.5,3.5,3.5,3.5,3.0,4.0,3.5,3.5,4.5,3.5,4.0,3.5,3.5,3.5,5.0,3.5,4.0,3.5,4.0,,3.5,,5.0,4.0,3.0,3.5,3.5,4.0,4.0,5.0,3.5,3.5,3.5,4.0,3.5,3.0,3.5,,4.5,4.0,3.5,3.0,4.0,3.5,3.0,3.5,3.0,4.0,4.0,3.5,3.5,3.5,5.0,4.0,4.0,3.5,3.5,4.0,5.0,4.0,3.5,4.0,4.0,4.0
89495,,3.5,,,4.0,,3.5,,,,,,,,,,,,,,4.0,,,4.0,,,3.0,2.0,,,,,,,,,,,,,,,,,,,3.0,3.5,,,5.0,,1.0,2.0,,,3.5,,,4.0,,,,,,4.0,,,2.5,5.0,3.0,3.5,5.0,3.5,3.0,,2.0,4.0,,4.0,4.0,,,4.5,2.5,,,3.5,2.0,3.5,5.0,2.5,,5.0,2.5,5.0,5.0,4.5,3.5,4.0,3.5,,3.0,5.0,3.0,4.0,4.5,3.5,4.0,,3.5,,2.5,3.0,,4.0,3.0,2.0,,,,,,,,5.0,,,,,,2.5,,5.0,3.0,3.0,4.0,3.0,3.5,,3.0,,,3.5,4.0,,,,,,,2.0,,,,,,,4.0,2.0,,,,,,,5.0,,,,,3.5,,,4.0,,1.0,0.5,,,,,4.0,,,4.0,1.0,,3.0,4.0,,,,3.0,3.5,,0.5,,,,4.5,1.5,1.0,3.0,4.0,,4.0,,2.0,3.0,,2.5,3.5,2.5,,4.5,3.0,,1.0,,,,,1.5,4.0,3.0,2.5,,3.0,,4.0,1.0,,2.5,3.0,,1.0,2.0,3.5,,,,3.5,,,1.0,3.5,,,3.0
90186,4.5,,,,2.0,3.5,4.5,4.0,4.0,3.5,5.0,,4.5,4.0,4.0,,3.5,3.5,,,,,3.0,3.0,3.5,4.5,,,0.5,4.0,5.0,4.5,4.5,4.0,4.0,5.0,,4.0,4.0,5.0,4.5,5.0,1.0,5.0,2.5,,,4.5,,,,4.5,4.5,4.0,,4.0,5.0,4.0,5.0,2.0,,3.0,4.5,5.0,4.0,2.0,2.5,2.0,4.0,5.0,4.5,4.0,5.0,5.0,,4.5,3.0,4.0,5.0,,4.5,4.0,,3.5,5.0,3.5,5.0,5.0,5.0,,3.0,,,4.0,4.0,,,,5.0,,,3.5,4.0,4.0,,4.0,3.0,5.0,5.0,4.0,3.0,4.5,4.0,,,,5.0,,,4.5,4.5,3.0,3.5,1.0,4.0,3.5,,,4.0,4.5,4.0,5.0,4.0,,3.5,,,,4.0,,3.5,4.0,,,4.0,,3.5,5.0,4.0,4.5,,4.0,4.5,2.0,5.0,4.0,4.0,4.5,,,4.0,5.0,4.0,5.0,,,,5.0,5.0,4.0,5.0,4.0,3.0,,4.5,,2.0,5.0,4.5,5.0,,5.0,,4.5,5.0,4.5,,,,,5.0,5.0,,5.0,,4.5,,5.0,3.5,,,5.0,3.0,,,5.0,,4.5,,4.5,,,,3.5,4.5,,3.5,3.5,2.5,4.5,5.0,4.5,4.0,,0.5,5.0,4.5,4.0,5.0,,,5.0,3.5,4.5,1.0,5.0,4.0,,4.5,4.0,,,,,,,,,,
90968,1.0,3.0,3.0,,3.0,,4.0,,2.5,2.0,2.0,1.0,2.0,3.0,4.5,,1.5,1.5,1.0,2.0,5.0,1.5,2.0,4.0,,,3.5,1.5,0.5,2.5,,1.5,4.0,2.5,3.0,3.0,,,1.0,4.5,2.5,3.0,1.5,4.0,2.0,,,3.5,2.5,4.5,3.0,2.5,2.5,4.0,2.0,4.0,3.5,2.5,2.5,5.0,3.5,,3.0,2.0,0.5,5.0,,,3.0,3.5,2.0,5.0,5.0,4.5,5.0,,4.0,2.5,2.5,4.5,4.5,,,2.5,3.0,2.0,2.0,4.5,4.5,5.0,,4.5,3.0,4.5,4.0,5.0,,4.5,3.5,3.0,4.0,,3.0,3.0,3.0,4.5,3.5,4.5,5.0,3.5,3.5,2.5,3.0,,4.0,4.0,4.5,2.0,2.5,3.5,,4.5,4.5,3.0,5.0,4.0,3.0,4.5,3.0,1.5,2.5,3.0,3.5,3.0,3.0,2.5,5.0,,4.5,2.5,4.5,,4.5,4.0,4.5,2.0,2.0,4.0,2.0,1.5,1.5,4.5,,1.5,,3.0,4.0,3.5,,4.5,,3.5,2.5,2.5,4.5,3.0,5.0,,,,2.5,3.0,3.0,3.5,5.0,3.0,1.5,0.5,,3.5,3.0,3.5,4.5,3.5,3.0,4.0,3.5,2.5,2.5,4.5,4.5,4.0,3.0,3.0,3.5,4.5,3.0,,4.5,3.0,2.0,2.0,3.5,4.5,3.5,2.0,5.0,2.5,2.0,2.0,4.0,3.0,3.5,1.5,4.0,5.0,2.0,3.5,2.0,4.0,2.5,1.5,3.0,3.5,5.0,2.0,4.0,1.0,5.0,,3.0,3.0,1.5,4.5,4.0,1.5,4.0,3.5,5.0,3.5,,,4.5,4.5,4.0,3.0,4.0,4.0,2.5,4.0
91193,,3.0,,4.0,,,3.0,,2.5,,3.0,2.0,3.5,4.0,,,2.5,,2.5,3.0,,3.0,3.0,,,,,2.5,,3.0,2.5,4.0,,3.5,2.5,3.5,1.5,3.5,3.0,3.0,,3.5,,4.0,2.0,4.0,,4.5,3.0,3.0,,,3.0,3.0,4.0,2.5,3.0,3.5,3.0,3.5,3.0,,4.0,,,,,,3.0,3.0,3.0,5.0,5.0,4.0,4.0,3.0,4.0,4.0,3.0,,,,3.0,4.0,4.0,,3.0,4.0,5.0,3.0,,5.0,4.0,3.0,3.5,,3.0,4.0,3.0,2.5,4.0,4.0,3.5,3.0,3.0,5.0,2.0,4.0,3.0,,3.5,2.0,3.0,5.0,3.0,4.0,3.0,,3.0,4.0,4.0,,5.0,,3.0,4.0,3.0,,,3.0,4.0,3.0,4.0,2.5,,3.0,2.5,3.5,,2.0,4.0,3.5,,4.0,3.0,3.5,3.0,3.5,3.0,3.0,4.0,3.5,3.0,4.0,3.5,,,2.0,5.0,4.0,3.0,5.0,3.5,3.0,3.5,,,3.0,2.5,3.0,3.0,3.5,4.0,,4.0,3.5,3.0,,,3.0,,2.5,,3.5,3.0,2.5,,3.0,3.0,,3.5,3.0,,4.0,3.5,3.0,4.0,,,3.0,,3.5,3.0,2.5,,4.0,4.0,,,,,3.0,4.5,3.0,3.0,,3.0,,3.0,3.5,3.5,,,,4.0,,,,,3.0,,3.0,,,,,3.5,3.0,,,,3.0,3.0,3.5,3.0,3.0,3.0,,3.0,3.0
91349,,3.5,3.5,,3.5,,4.0,,,,,,4.0,3.0,,,,,,,4.0,,,4.0,,,4.0,,,,,3.5,3.5,,,,,,,,,,,3.5,,,4.0,3.5,,3.5,3.0,,3.5,4.0,4.0,,4.0,,,4.5,3.5,,,,,4.0,,,,4.0,4.0,5.0,5.0,4.0,4.0,3.5,5.0,5.0,4.0,3.5,4.0,,,4.0,4.0,3.5,4.0,4.0,4.5,4.0,4.5,4.5,4.0,5.0,4.0,4.0,4.0,3.5,4.0,4.0,4.5,3.5,4.0,4.0,3.5,4.0,4.0,4.5,3.0,3.0,4.5,4.0,3.5,4.0,3.5,4.0,4.0,,,3.5,,,4.5,,4.0,4.0,,3.5,,,,,,4.0,,4.0,4.0,3.5,4.0,,4.0,,3.5,4.5,,4.0,,3.5,,,3.5,4.0,4.0,3.5,,,3.5,,5.0,3.5,,4.0,4.0,,,,4.0,,,,,4.5,4.0,,4.0,,,,,4.0,,3.5,4.0,4.0,,4.0,5.0,,4.0,4.0,,,,4.5,4.0,3.5,3.0,,3.5,,3.5,,3.5,4.0,4.0,,4.0,,3.0,4.0,,3.5,4.0,,3.5,4.0,3.5,3.0,,3.5,4.0,,,5.0,4.0,,4.0,,4.0,,4.0,4.0,,4.0,2.5,4.0,3.5,4.5,3.0,,,4.0,4.0,3.5,4.0,,4.0,2.5,3.5,4.0
91626,4.0,3.5,3.5,3.0,3.5,4.0,3.5,1.0,,4.0,,3.5,4.0,,4.0,,3.0,2.5,,3.0,4.0,,3.0,4.0,3.5,2.0,,4.0,,,5.0,3.0,1.0,4.0,4.0,4.0,3.0,3.0,,4.0,,4.0,,4.5,,,,,4.0,,3.5,,4.0,4.0,4.0,4.0,4.5,3.5,4.0,4.0,,,4.0,4.0,,3.5,2.0,,3.0,5.0,4.0,4.0,4.0,5.0,,4.0,3.5,,5.0,3.5,5.0,4.0,,,5.0,4.0,,5.0,4.0,,,3.0,,4.0,4.0,4.0,4.0,,5.0,,4.5,,,5.0,,,4.0,4.0,4.0,,3.0,3.5,4.0,,4.0,3.5,4.0,,,,,4.0,,,4.0,,,4.0,4.0,2.0,4.0,4.0,4.0,3.5,4.0,3.5,4.0,,5.0,,4.5,3.0,,4.0,3.0,3.0,4.5,4.0,3.0,3.0,,4.5,3.5,,,,3.0,,,,,,4.0,4.0,,3.0,3.0,,,,4.0,4.0,,4.5,4.0,4.5,3.0,4.0,,3.5,2.5,4.5,4.5,,2.0,,,,4.0,4.0,4.0,4.0,3.0,,4.0,3.0,4.5,4.5,3.5,4.0,3.0,4.0,5.0,3.0,,3.0,4.0,4.0,,4.0,3.5,4.0,4.0,3.0,4.5,2.0,5.0,3.5,2.0,4.0,5.0,3.0,3.0,,4.0,3.0,3.5,4.0,5.0,4.0,3.5,4.5,4.0,5.0,4.5,4.0,4.0,4.0,4.5,3.5,4.5,4.0,4.0,4.0,4.5,3.5,4.0,4.0,3.5,5.0
91867,3.0,4.0,3.0,4.0,5.0,3.0,4.0,,4.0,,,,5.0,4.0,4.0,2.0,,2.0,3.0,2.0,,3.0,3.0,4.0,3.0,3.0,5.0,3.0,5.0,4.0,,4.0,5.0,5.0,4.0,4.0,2.0,4.0,3.0,4.0,2.0,4.0,3.0,5.0,2.0,4.0,5.0,4.0,3.0,3.0,4.0,,3.0,4.0,5.0,3.0,5.0,5.0,4.0,5.0,5.0,3.0,4.0,3.0,,5.0,,3.0,4.0,5.0,5.0,4.0,4.0,5.0,5.0,5.0,5.0,5.0,5.0,,3.0,3.0,3.0,5.0,5.0,3.0,4.0,5.0,5.0,3.0,3.0,5.0,5.0,4.0,5.0,5.0,5.0,5.0,5.0,5.0,5.0,5.0,4.0,4.0,5.0,5.0,2.0,5.0,4.0,3.0,4.0,5.0,4.0,3.0,5.0,4.0,5.0,4.0,3.0,3.0,3.0,3.0,5.0,3.0,5.0,4.0,5.0,5.0,,3.0,4.0,4.0,4.0,3.0,4.0,3.0,5.0,5.0,5.0,3.0,4.0,3.0,4.0,1.0,5.0,5.0,,5.0,4.0,2.0,2.0,5.0,4.0,4.0,4.0,3.0,2.0,3.0,5.0,5.0,4.0,5.0,5.0,3.0,3.0,,3.0,4.0,5.0,4.0,3.0,,3.0,,4.0,4.0,4.0,2.0,2.0,3.0,5.0,5.0,5.0,4.0,4.0,5.0,,3.0,4.0,5.0,4.0,,3.0,5.0,5.0,3.0,5.0,2.0,,4.0,,4.0,5.0,4.0,4.0,3.0,5.0,3.0,3.0,4.0,4.0,5.0,4.0,5.0,4.0,5.0,5.0,5.0,,,,,,,,,,,,,,,,,,,,,,,,,,,,,,,,
91893,3.0,4.5,4.5,3.0,,3.0,4.5,2.5,,3.0,,,4.0,3.5,3.5,1.5,1.0,2.0,1.5,2.0,4.0,2.5,1.5,4.0,,,,,4.5,3.5,2.5,2.0,,3.0,3.5,4.0,,,0.5,,,,1.0,3.5,2.0,2.5,,3.5,,,5.0,2.5,4.0,4.5,,4.5,5.0,2.0,3.5,4.5,4.5,,4.0,2.5,0.5,4.5,,3.5,,,,5.0,5.0,5.0,3.5,5.0,,5.0,1.5,,3.5,,4.0,,4.5,3.5,2.0,2.5,4.5,5.0,4.0,5.0,,5.0,,5.0,4.5,4.5,4.5,4.5,4.5,5.0,4.5,,3.5,4.0,5.0,4.0,4.0,3.5,4.5,0.5,4.5,3.5,,,,2.0,,,,3.5,5.0,3.5,4.0,3.0,,3.5,4.0,2.5,3.0,3.0,3.5,4.5,4.0,3.5,5.0,4.5,4.5,2.0,4.0,3.0,4.5,4.0,,4.0,3.5,4.5,,1.0,4.5,3.5,4.5,,,3.0,4.0,3.0,4.0,5.0,,,4.5,3.5,3.5,4.0,4.0,2.5,3.0,3.0,,3.5,4.5,2.5,4.0,2.5,,3.5,1.5,4.0,,4.0,5.0,4.0,3.0,4.5,3.0,3.5,4.5,5.0,4.0,3.0,4.5,3.5,,3.5,3.5,3.0,3.5,3.0,,3.0,,2.5,,,5.0,,4.5,4.0,,4.5,4.5,3.0,,4.5,4.5,4.5,,4.0,4.0,2.5,2.0,5.0,4.0,4.0,4.0,3.5,4.0,3.5,4.5,4.5,,,4.5,3.5,3.5,4.0,2.5,4.0,3.5,4.0,3.5,4.5,3.5,4.5,,,,
92011,3.0,3.0,3.0,4.0,4.0,3.0,5.0,3.5,4.0,3.0,,3.0,4.0,5.0,5.0,3.0,3.0,5.0,2.0,2.5,3.0,4.0,3.0,3.0,4.0,3.0,4.0,4.0,3.0,4.0,4.0,4.0,4.0,3.0,3.0,4.0,4.0,3.0,2.0,3.0,3.0,4.0,3.0,3.0,3.0,4.0,4.0,5.0,4.0,5.0,4.0,3.0,4.0,4.0,4.0,4.0,4.0,,4.0,4.0,4.0,4.0,4.0,3.0,3.0,4.0,3.0,3.0,4.0,4.0,4.0,4.0,5.0,5.0,3.0,5.0,3.0,3.0,5.0,3.0,5.0,4.0,4.0,4.0,5.0,5.0,4.0,5.0,5.0,,4.0,4.0,5.0,4.0,4.0,5.0,5.0,3.0,5.0,4.0,5.0,,4.0,5.0,4.0,5.0,3.0,4.0,4.0,5.0,5.0,4.0,3.0,5.0,5.0,4.0,5.0,5.0,3.0,4.0,4.0,4.0,3.0,3.0,5.0,5.0,4.0,4.0,4.0,3.0,3.0,4.0,4.0,,5.0,4.0,4.0,4.0,4.0,4.0,5.0,5.0,,4.0,4.0,4.0,4.0,4.0,5.0,5.0,5.0,5.0,5.0,5.0,4.0,4.0,3.0,4.0,4.0,5.0,4.0,5.0,5.0,4.0,3.0,4.0,4.0,4.0,5.0,4.0,3.0,4.0,5.0,3.0,3.0,3.0,5.0,4.0,3.0,5.0,,5.0,5.0,4.0,4.0,4.0,,4.0,4.0,4.0,4.0,4.0,4.0,5.0,5.0,4.0,4.0,2.0,3.0,4.0,3.0,4.0,5.0,3.0,4.0,4.0,4.0,3.0,4.0,3.0,3.0,4.0,3.5,4.0,4.5,4.0,4.0,3.5,4.0,4.0,3.0,3.0,,,4.5,,4.0,4.0,4.5,4.0,3.5,3.5,3.5,4.5,4.0,3.0,4.0,3.5,4.0,3.5,4.0,,4.0,4.5,4.0,4.0,4.0,,,
92269,3.0,4.5,5.0,2.5,4.0,,4.5,1.5,2.5,2.0,,2.0,4.5,3.5,2.5,1.5,,1.0,0.5,2.0,0.5,3.5,3.5,4.5,3.5,0.5,,3.0,4.5,2.0,2.0,3.5,3.5,2.0,2.5,3.5,2.0,3.5,,3.0,2.5,2.5,3.5,3.5,1.5,1.5,3.0,4.0,3.5,4.0,4.0,4.0,3.5,4.5,4.0,4.0,4.0,4.5,3.0,4.0,4.0,3.0,2.5,1.0,,1.0,4.0,3.0,3.5,4.5,3.5,5.0,5.0,3.5,5.0,5.0,5.0,5.0,5.0,4.0,3.0,,4.0,1.5,5.0,2.5,3.5,3.5,5.0,2.0,5.0,3.5,5.0,5.0,3.5,5.0,5.0,3.5,4.0,4.5,5.0,4.0,4.0,4.0,3.5,4.5,4.0,4.0,4.5,3.5,3.5,5.0,3.0,3.0,4.0,4.5,4.0,3.5,3.5,5.0,4.0,4.0,5.0,2.5,3.5,3.5,3.0,4.0,3.5,4.0,2.5,3.5,3.5,4.5,,2.5,5.0,4.5,4.0,1.5,3.0,2.0,2.0,4.0,3.0,4.5,3.5,3.5,3.5,1.5,4.5,3.0,4.0,4.0,4.0,3.0,2.5,3.5,5.0,2.0,2.5,4.0,2.5,2.5,4.0,3.0,4.5,4.0,3.0,3.0,3.5,3.5,5.0,4.0,4.5,3.5,2.0,1.5,0.5,4.5,3.0,3.5,4.5,3.0,4.5,3.0,,3.5,2.0,3.0,4.0,3.0,3.5,4.0,4.5,4.5,3.0,3.0,4.0,2.0,4.0,3.5,4.0,3.0,3.5,4.0,4.0,2.5,2.0,3.0,3.0,4.0,2.0,2.5,3.5,3.5,3.5,5.0,3.0,4.0,4.0,2.0,3.0,4.0,0.5,3.5,4.0,1.5,4.0,3.5,2.5,3.5,0.5,3.5,1.5,2.0,4.0,,4.5,2.5,3.5,2.0,2.5,4.0,3.0,3.5,3.5,5.0,2.0,4.5
92499,3.5,,,,3.0,3.0,,,2.5,4.5,,2.0,4.0,,,4.5,4.5,,1.0,2.5,5.0,,2.5,,3.5,,4.0,4.0,,3.0,,3.0,3.5,3.5,3.5,2.5,,2.0,,4.0,,3.5,,3.5,,,4.5,4.5,3.5,2.5,3.0,2.0,3.0,2.5,3.5,3.0,3.0,3.0,2.0,5.0,,2.5,2.5,,1.5,3.0,,2.0,,4.0,3.5,4.5,4.5,3.0,4.0,4.5,3.5,4.5,4.5,4.0,4.5,3.0,3.0,4.0,4.0,2.5,2.0,4.0,3.5,4.0,,4.5,4.0,3.5,4.0,3.0,3.5,3.0,4.0,3.0,3.0,3.0,4.5,4.0,,3.5,3.5,3.5,4.0,4.5,4.0,4.5,3.5,4.0,4.0,4.5,3.5,4.0,3.0,3.5,3.0,4.0,3.0,4.5,2.0,4.5,4.0,,2.0,3.0,3.0,4.5,3.0,4.5,2.5,3.5,4.0,4.0,4.0,0.5,4.0,,4.0,4.0,3.5,4.5,3.5,3.0,,2.5,3.5,3.5,,2.5,2.5,3.0,,3.0,,3.5,3.0,4.0,3.5,3.0,,4.5,3.5,4.0,4.0,3.0,3.5,4.0,5.0,3.0,3.0,4.0,4.0,2.0,,3.5,,4.0,3.5,3.0,3.0,4.0,,3.5,4.0,3.5,4.0,3.0,3.5,4.0,2.5,2.0,3.5,3.5,4.5,3.5,4.5,4.5,4.0,,4.0,4.0,4.5,4.5,,4.5,4.0,,4.0,4.5,4.0,2.5,4.0,2.5,3.0,3.0,3.5,3.5,4.5,4.5,4.0,,4.0,4.5,4.0,4.0,,4.5,4.5,5.0,,3.5,3.0,3.5,3.5,3.5,4.5,4.0,4.5,,4.0,2.5,4.0,,3.5,4.0
92956,2.0,3.5,4.0,2.5,3.0,2.0,5.0,2.0,2.5,3.5,2.0,2.5,4.0,4.5,3.5,2.5,2.0,1.5,4.0,2.0,4.0,3.0,3.5,4.5,2.0,1.5,,4.0,4.5,3.5,2.0,3.5,3.5,3.5,4.0,4.0,1.5,4.0,3.5,3.5,2.0,4.0,2.5,4.5,2.0,2.5,,4.5,2.5,4.0,5.0,4.0,4.5,4.0,3.5,3.0,5.0,4.5,2.5,4.5,3.5,3.0,4.5,2.0,2.0,5.0,2.5,3.5,3.0,,,5.0,5.0,5.0,5.0,4.5,5.0,4.0,4.5,5.0,5.0,3.0,2.0,2.5,5.0,1.5,4.5,5.0,5.0,5.0,5.0,5.0,4.0,5.0,4.0,5.0,5.0,4.5,5.0,5.0,5.0,4.0,5.0,4.0,4.5,5.0,4.5,4.5,5.0,4.0,5.0,4.5,4.5,,3.5,5.0,5.0,4.0,2.5,4.5,4.5,4.0,5.0,2.5,4.5,5.0,4.5,4.5,4.0,2.5,4.0,3.0,3.0,4.5,3.5,4.0,5.0,4.0,4.5,1.5,4.5,3.5,4.0,4.5,4.0,5.0,3.5,4.0,2.0,4.0,4.5,3.5,5.0,4.0,3.5,4.5,4.0,4.5,5.0,4.5,4.0,4.5,3.5,3.0,3.5,4.0,4.5,4.0,3.5,5.0,2.5,4.0,5.0,3.5,4.5,3.0,4.0,3.5,1.0,4.5,4.0,4.5,4.5,4.5,5.0,4.5,3.5,2.5,4.0,4.5,4.0,2.5,4.0,4.5,4.0,4.0,4.5,2.5,4.0,3.5,4.0,5.0,4.5,4.5,4.5,4.0,5.0,4.0,4.5,4.5,4.0,4.5,4.5,3.5,4.5,4.5,4.5,4.5,4.5,4.5,5.0,1.0,4.0,,4.5,3.5,4.5,4.5,5.0,,,5.0,4.0,5.0,4.0,4.5,4.5,5.0,5.0,,,,,,,,,,,
93152,5.0,5.0,5.0,3.0,3.0,,5.0,,5.0,4.0,,,5.0,5.0,3.0,,2.0,,3.0,3.0,3.0,3.0,4.0,3.0,3.0,,,,4.5,3.0,3.0,5.0,5.0,5.0,1.0,3.0,,,,3.0,3.0,5.0,,5.0,2.0,3.0,,5.0,,,3.0,,3.0,4.0,3.0,3.0,5.0,,3.0,5.0,2.0,2.0,3.0,4.0,3.0,3.0,,5.0,3.0,4.0,,4.0,3.0,2.0,3.0,2.0,2.0,5.0,,5.0,5.0,2.0,5.0,3.0,4.0,3.0,3.0,5.0,4.0,5.0,5.0,3.0,4.0,5.0,4.0,5.0,5.0,5.0,3.0,4.0,5.0,5.0,4.0,3.0,5.0,5.0,5.0,5.0,5.0,3.0,3.0,3.0,3.0,3.0,3.0,3.0,4.0,,3.0,3.0,2.0,2.0,5.0,2.0,5.0,5.0,3.0,5.0,4.0,3.0,3.0,4.0,3.0,4.0,5.0,5.0,5.0,3.0,5.0,,5.0,3.0,5.0,5.0,5.0,4.0,4.0,5.0,3.0,3.0,4.0,5.0,4.0,3.0,3.0,3.0,,3.0,4.0,5.0,3.0,3.0,5.0,3.0,3.0,5.0,3.0,5.0,3.0,3.0,2.0,3.0,3.0,3.0,5.0,2.0,3.5,5.0,3.0,4.0,5.0,3.0,5.0,5.0,5.0,5.0,,3.0,5.0,3.0,5.0,3.0,,5.0,5.0,3.0,5.0,2.0,3.0,4.0,3.0,3.0,4.0,5.0,5.0,3.0,5.0,5.0,5.0,5.0,5.0,3.0,3.0,4.0,3.0,3.0,5.0,5.0,,5.0,5.0,,3.0,3.5,3.0,3.0,5.0,1.0,5.0,3.0,3.0,,2.0,5.0,5.0,5.0,3.0,5.0,5.0,5.0,3.0,3.0,3.0,5.0,5.0,3.0,5.0,5.0,3.0,4.0
93234,2.0,4.0,,3.0,,2.5,4.0,,2.0,,3.0,2.0,4.0,3.0,3.0,2.5,2.0,,1.0,1.5,4.0,,1.5,4.0,,2.0,,,2.5,2.0,,3.0,3.0,2.5,2.5,3.0,,3.0,2.0,3.0,3.5,3.5,3.0,2.5,3.5,,,,2.5,,3.5,,3.5,4.5,3.5,3.0,3.5,,2.5,3.5,4.0,3.0,2.5,2.0,1.5,4.0,,2.5,3.0,4.0,2.5,4.0,4.0,3.5,3.5,4.0,3.5,4.5,2.5,,3.0,2.5,1.0,2.5,2.5,2.5,4.0,4.5,4.0,4.5,5.0,4.0,3.5,,4.0,,3.5,4.0,4.0,3.5,3.5,4.5,4.0,4.0,3.5,3.5,3.5,4.5,4.0,3.5,,,4.0,3.5,4.0,,3.5,4.0,3.5,4.0,4.0,3.0,3.5,3.0,3.0,4.0,,3.5,3.0,1.5,1.5,2.0,2.0,3.5,3.5,4.0,3.5,,3.5,2.5,3.5,3.0,2.5,4.5,3.5,5.0,3.0,3.0,2.0,1.5,3.5,4.0,3.5,3.5,3.0,3.0,2.5,4.5,3.5,3.0,,4.0,3.0,2.5,,3.5,,3.5,,3.0,3.0,5.0,3.0,,3.0,3.0,3.0,2.0,1.0,4.0,3.0,2.5,3.5,3.5,4.5,4.5,3.5,,,2.5,4.0,3.5,2.5,3.0,3.5,3.0,3.0,2.0,3.5,2.5,3.5,3.5,3.5,3.5,4.0,3.5,4.0,3.0,,,2.5,3.5,4.0,3.0,4.0,4.0,3.5,3.5,2.5,3.5,3.0,1.5,2.0,4.0,4.0,3.0,3.5,3.0,,3.5,4.0,4.0,2.0,5.0,,,3.5,,,3.5,3.5,4.0,3.5,4.0,4.5,4.0,,,3.5,4.5
94013,,5.0,,,5.0,3.0,4.0,,,4.0,,,5.0,4.0,3.0,,2.5,,4.0,3.0,5.0,4.0,,,,,5.0,,3.0,,3.0,,,4.0,,5.0,,3.0,3.0,4.0,4.0,,,4.0,3.0,,4.0,,,,4.0,,,4.0,5.0,3.0,5.0,,,5.0,,4.0,,,2.5,5.0,,,,5.0,,5.0,5.0,5.0,5.0,5.0,5.0,5.0,,,,,,5.0,5.0,,4.0,5.0,5.0,4.0,4.0,,5.0,5.0,5.0,5.0,,5.0,,5.0,5.0,5.0,5.0,,4.0,5.0,,4.0,4.0,3.5,5.0,5.0,5.0,,,,5.0,,4.0,5.0,5.0,,4.0,5.0,4.5,5.0,,,4.0,3.0,3.0,4.0,4.0,,,4.0,4.5,,,4.0,5.0,4.0,4.0,4.0,5.0,5.0,5.0,5.0,4.0,3.0,5.0,4.5,,3.0,,,,,5.0,5.0,4.0,5.0,4.0,3.0,4.0,3.0,4.0,5.0,,,,,4.0,3.0,4.0,,3.0,,3.0,5.0,3.0,5.0,5.0,4.0,4.0,4.0,4.0,,,5.0,5.0,4.0,5.0,5.0,5.0,,4.0,4.0,4.0,3.0,5.0,5.0,4.0,5.0,4.0,4.0,5.0,4.0,,,,4.5,,4.0,4.0,4.0,5.0,4.0,4.0,4.0,4.0,3.0,4.0,4.0,5.0,3.5,4.0,4.0,4.0,4.0,4.5,,3.5,5.0,4.5,,4.5,4.5,4.5,4.0,4.0,4.0,4.5,4.5,4.5,4.0,5.0,5.0,4.0,5.0
94259,3.0,,2.0,2.0,3.0,3.0,4.0,2.0,3.0,3.0,,3.0,4.0,,3.0,,2.0,2.0,3.0,3.0,5.0,3.0,4.0,,4.0,2.0,5.0,,2.5,3.0,2.5,3.0,3.0,2.5,,4.0,3.0,2.0,2.0,3.0,,3.0,3.0,4.0,2.0,3.0,,4.0,2.0,3.0,4.0,3.0,3.0,5.0,3.0,4.0,5.0,4.0,3.0,4.0,,,3.0,2.5,2.0,4.0,3.0,,,,,5.0,5.0,5.0,,4.0,,4.0,4.0,4.0,5.0,4.0,3.0,3.0,3.5,,2.0,5.0,3.0,3.0,,3.5,4.5,4.5,5.0,3.0,,,5.0,,,4.0,4.0,4.0,4.0,,3.0,5.0,3.0,,,3.0,2.0,,,,4.0,4.0,4.0,4.0,4.0,5.0,3.0,1.0,3.0,3.0,4.0,,3.5,3.5,3.0,4.0,3.0,4.0,2.0,4.0,2.0,3.0,4.0,3.0,4.0,3.0,3.0,3.0,,,3.0,2.0,4.0,3.0,,3.0,2.0,,,3.0,5.0,3.0,,3.0,3.0,,3.0,3.0,3.0,2.0,3.0,3.0,3.0,,3.0,3.0,,3.5,3.0,3.0,3.0,3.5,3.0,4.0,3.0,3.0,3.0,4.0,,3.0,2.5,3.0,4.0,2.5,5.0,3.0,3.0,3.0,3.0,3.0,4.0,1.0,3.0,,3.0,3.0,5.0,4.0,3.0,3.0,5.0,4.0,,3.0,3.0,3.0,3.0,5.0,3.0,3.0,4.0,,3.0,3.0,4.0,2.0,3.0,3.0,,2.0,4.0,4.0,3.5,3.0,,3.5,2.5,5.0,,,,,,,,,,,,,,,,
94377,4.0,3.5,3.0,4.0,,,,4.0,2.5,3.5,2.0,5.0,3.5,,3.0,,1.5,2.5,,2.5,,,5.0,3.5,2.5,2.0,,,,3.5,3.5,,3.0,4.5,4.5,4.0,,4.0,2.5,,4.0,,4.0,4.5,2.5,3.0,,,3.5,3.5,,3.5,,5.0,4.0,3.5,5.0,,3.5,4.0,3.0,3.0,4.0,3.0,,1.0,3.0,3.5,4.0,4.0,,2.5,2.0,,,,3.5,0.5,,,,3.0,4.0,0.5,,3.5,4.0,3.5,4.0,,4.0,,3.0,2.0,3.5,,4.0,4.0,,,4.0,3.0,2.5,,1.5,3.5,4.5,4.0,3.0,,,,4.0,4.5,,4.0,,2.5,,,,3.5,,2.5,3.5,3.0,3.5,3.0,3.5,3.5,4.0,4.0,2.0,3.5,4.5,2.5,2.0,4.0,3.5,4.5,,4.5,,1.5,,3.5,,5.0,2.5,4.0,3.5,4.0,,3.5,3.5,,,3.0,,4.5,,4.5,3.5,3.5,3.5,,3.0,,,,,4.0,,,,4.5,3.0,2.0,3.0,3.5,5.0,,4.0,3.5,,,,,4.0,,2.5,,1.0,,1.0,3.0,4.5,3.0,3.5,3.0,,3.5,,4.5,1.5,,4.0,3.0,4.5,4.5,,3.5,,3.5,3.0,3.5,4.0,4.5,3.5,4.5,4.0,3.5,2.5,2.0,,4.5,4.5,3.5,3.0,3.5,3.5,4.5,2.5,4.5,3.5,4.0,4.5,,4.0,3.5,4.5,0.5,3.0,2.0,4.0,5.0,4.0,1.5,4.0,3.5
94976,2.5,3.5,3.0,,3.0,3.0,5.0,,1.0,3.5,1.5,2.5,3.5,3.5,3.0,2.5,2.0,0.5,1.5,2.5,3.0,,4.5,2.0,0.5,1.0,,,5.0,2.5,1.5,3.0,2.0,4.0,1.0,2.5,0.5,,2.0,,2.0,3.0,0.5,3.0,1.5,,,3.0,2.0,3.5,3.0,1.0,,3.0,3.5,3.0,4.5,3.0,2.0,5.0,3.5,2.5,2.0,,0.5,4.5,1.5,3.5,2.5,,,5.0,3.0,,4.0,,3.0,4.5,2.5,1.0,2.0,1.0,2.0,,4.0,2.0,,4.0,2.5,3.5,3.5,,,5.0,3.0,3.0,4.5,5.0,4.0,2.0,4.0,,3.0,4.0,4.0,,4.0,1.5,4.0,3.5,,4.0,2.0,3.0,2.0,,3.0,3.0,,,,2.0,,1.0,2.0,3.5,4.0,4.0,1.0,2.0,3.0,3.0,2.0,4.0,3.5,3.0,3.0,,3.0,1.0,5.0,2.5,4.5,4.5,4.0,4.5,3.5,4.0,,2.0,2.5,4.5,3.0,3.0,2.0,1.5,3.0,2.0,3.5,3.0,,4.5,3.0,2.5,3.0,,5.0,,,,2.5,4.5,2.0,1.5,,,2.0,1.0,0.5,3.0,0.5,4.0,3.5,3.0,3.0,3.5,4.0,,,4.0,,3.5,1.0,4.0,4.0,2.5,3.0,2.5,3.0,2.0,3.5,3.5,4.0,2.5,5.0,3.0,4.0,,3.0,1.5,2.0,1.0,1.0,,3.5,5.0,,,1.0,3.0,2.0,2.0,1.0,4.0,3.0,3.0,3.0,2.0,,1.0,,2.0,2.0,1.5,4.0,,2.5,4.0,,2.0,,4.0,4.5,4.0,3.0,4.0,4.0,2.5,2.0,2.5
95254,,2.5,3.5,,2.5,,4.0,,2.5,,,,,,2.0,,1.5,,2.5,,2.5,,2.0,4.0,,,,,1.5,,,,3.0,2.5,2.5,2.5,,2.0,,,,,2.5,2.5,,,,,,,2.0,,2.0,3.0,2.0,2.5,4.0,,2.0,2.5,,,2.5,2.5,2.0,2.5,,2.5,,,3.0,4.0,4.0,4.5,4.0,3.5,4.0,5.0,2.5,,,2.5,2.5,2.5,3.0,,2.5,3.0,,3.0,,,,4.5,,4.0,3.5,2.0,,4.5,4.5,2.5,3.0,,,,3.0,3.0,3.0,,,,,2.5,,,,4.0,,,,,2.5,3.0,,3.0,,2.5,3.0,2.5,2.0,2.5,2.0,4.0,,2.5,3.0,,2.5,2.5,2.0,2.5,4.0,3.0,2.5,,3.5,3.0,2.5,2.5,2.5,2.5,3.5,,,,,3.0,2.0,2.0,,2.5,,,2.5,,2.5,1.5,,4.0,2.0,,2.5,2.0,,2.5,2.0,3.0,2.0,,,,2.5,2.5,,4.5,2.5,,,2.5,1.5,,3.0,,2.5,2.5,2.5,1.5,3.0,,,2.0,2.5,2.5,2.5,,3.0,2.5,2.5,2.5,2.5,2.5,2.5,,2.5,2.5,,,,2.5,2.5,2.5,,,3.5,3.0,2.5,2.0,,2.5,2.5,3.0,2.0,2.5,2.5,2.5,2.5,3.5,2.5,1.0,,2.0,3.0,2.5,2.5,2.5,3.0,3.0,2.5,3.0
95301,3.0,3.0,3.0,3.0,,3.0,3.0,3.0,3.0,,3.0,,4.0,3.0,,3.0,3.0,,1.5,,3.0,,,3.0,,1.5,,3.0,1.5,1.5,,3.0,4.0,,3.0,3.0,,,0.5,3.0,,3.0,,3.0,1.5,,4.0,3.0,,1.5,3.0,,3.0,4.0,3.0,4.0,4.0,3.0,3.0,4.0,3.0,,3.0,3.0,,3.0,,,3.0,4.0,3.0,3.0,3.0,3.0,4.0,5.0,4.0,4.0,5.0,3.0,5.0,3.0,3.0,3.0,3.0,4.0,4.0,5.0,5.0,4.0,4.0,4.0,4.0,3.0,4.0,3.0,3.0,3.0,4.0,3.0,4.0,4.0,4.0,4.0,3.0,4.0,3.0,5.0,4.0,4.0,1.5,3.0,4.0,4.0,3.0,4.0,4.0,1.5,3.0,4.0,4.0,3.0,4.0,3.0,4.0,4.0,4.0,3.0,,,3.0,3.0,4.0,3.0,,4.0,3.0,4.0,4.0,0.5,3.0,,,4.0,3.0,,,4.0,,1.5,3.0,4.0,3.0,3.0,3.0,,,3.0,5.0,4.0,3.0,4.0,3.0,3.0,,,3.0,,4.0,3.0,3.0,,3.0,,3.0,,5.0,,,3.0,,5.0,3.0,3.0,3.0,4.0,3.0,3.0,3.0,3.0,4.0,3.0,3.0,3.0,,3.0,3.0,,4.0,3.0,3.0,3.0,3.0,,3.0,3.0,4.0,3.0,1.5,4.0,3.0,3.0,3.0,3.0,,3.0,3.0,,1.5,3.0,4.0,3.0,3.0,3.0,,,3.0,3.0,4.0,4.0,4.0,4.0,,5.0,3.0,3.0,3.0,3.0,5.0,3.0,3.0,4.0,4.0,4.0,4.0,4.0,4.0,,3.0,
96370,3.0,3.0,4.0,3.0,3.5,3.0,4.0,,,2.0,,,4.5,3.5,,,,,,,3.5,,,4.0,2.5,,,2.0,,,2.0,3.0,3.0,1.0,,4.0,,,,4.5,,4.0,2.0,4.5,,,5.0,4.0,3.0,,,3.0,3.0,4.0,3.5,4.0,4.5,2.0,4.0,4.0,3.0,,4.0,2.0,,4.0,,,2.0,4.0,3.5,4.5,4.0,4.0,4.0,2.0,4.5,4.0,3.0,,3.5,3.5,,,4.0,3.5,,4.5,4.0,3.0,3.5,4.0,4.0,3.5,4.0,3.5,5.0,4.0,4.5,3.0,4.0,3.5,4.0,4.5,3.5,4.0,4.0,3.0,4.5,,4.0,3.0,4.0,4.0,3.5,3.5,5.0,,4.5,4.0,4.0,4.0,4.5,,4.5,4.5,4.0,4.0,3.5,1.0,3.5,4.5,3.0,4.0,2.0,4.5,3.5,4.0,4.5,,3.5,,,3.5,,4.0,4.5,3.5,3.5,1.5,4.0,4.0,4.0,,,3.5,3.0,2.0,4.0,3.0,4.0,4.0,4.0,,,3.5,3.0,3.0,3.0,3.0,2.0,4.0,4.0,2.5,,,4.0,3.0,,4.5,3.5,4.0,3.5,,,3.5,4.0,4.0,4.0,5.0,4.0,3.5,2.5,3.5,5.0,2.0,3.0,,3.5,,4.5,4.5,4.0,,4.0,2.0,5.0,4.5,3.5,4.5,4.5,3.5,4.5,4.5,4.0,4.0,3.5,,3.0,3.5,4.5,,4.5,4.5,4.0,,4.0,3.0,4.0,3.5,4.5,3.5,2.5,5.0,4.5,4.0,3.5,4.0,4.0,3.5,5.0,4.0,3.5,4.0,4.0,,,,,
96601,3.5,2.0,,3.0,,2.5,5.0,,3.5,4.0,,4.0,3.0,3.0,4.0,3.0,3.5,2.5,4.0,0.5,3.5,2.0,2.5,3.5,3.5,3.5,3.5,3.0,2.5,3.0,,4.0,4.5,3.5,3.0,4.0,2.5,4.0,1.0,3.0,2.0,3.5,2.5,4.0,0.5,3.5,4.0,5.0,3.5,3.5,3.5,,2.5,3.5,2.5,4.0,5.0,,4.5,4.0,2.5,3.5,4.0,3.0,0.5,3.5,,3.0,3.0,,4.0,4.0,5.0,,3.5,,3.5,4.0,4.0,3.5,3.5,3.5,3.0,4.0,5.0,4.5,3.5,,5.0,3.5,,4.0,,3.0,3.5,3.5,4.5,4.0,3.5,2.5,,2.5,2.5,3.5,4.5,,4.0,4.5,4.0,3.5,4.0,,4.5,3.0,3.5,3.5,4.0,3.5,4.0,4.0,3.0,,4.0,3.0,4.0,,4.0,3.0,4.0,3.0,3.5,3.5,3.5,3.5,3.5,4.0,3.5,4.0,2.5,3.0,3.0,3.5,3.5,3.5,3.0,4.0,3.5,4.0,3.0,3.5,4.0,4.0,3.5,4.0,4.0,3.5,3.5,3.0,3.0,3.5,3.0,4.0,3.5,4.0,3.5,,4.0,3.5,3.0,3.5,4.0,3.5,4.0,4.0,3.5,4.5,3.5,3.5,2.0,4.0,2.5,3.5,2.5,4.0,4.0,4.0,3.5,4.0,,1.5,4.0,3.5,4.0,4.0,4.0,4.0,3.5,3.5,3.5,3.0,4.0,2.5,3.5,,3.0,4.0,4.0,3.5,4.0,4.0,1.5,3.5,3.5,3.5,4.0,3.0,3.0,4.0,3.5,4.5,4.0,3.0,3.0,3.5,3.0,3.0,3.0,4.0,4.0,4.5,4.5,4.5,3.0,5.0,4.5,,4.5,2.0,4.0,,,,,,,,,,,
97602,3.5,4.0,3.0,4.0,3.5,3.0,4.0,3.0,3.5,2.5,,1.5,3.0,3.5,3.5,,2.0,3.0,3.5,3.0,2.0,3.5,1.5,3.5,3.5,3.5,4.5,3.5,4.0,2.5,,3.0,4.0,3.5,4.5,3.5,,2.0,2.5,4.0,3.5,3.0,2.5,3.0,4.0,3.5,3.5,,,3.5,4.0,,2.5,3.5,3.5,3.5,4.0,,4.0,4.0,3.5,3.5,4.0,2.5,3.0,4.0,,,3.5,4.5,4.0,4.0,4.0,3.5,4.0,3.5,3.0,,4.5,3.5,3.5,2.5,2.5,3.5,4.0,3.5,4.0,4.5,4.0,3.5,3.5,4.0,4.0,3.5,4.0,4.0,4.0,,4.0,,2.5,4.5,3.5,4.0,4.5,3.5,,5.0,4.0,4.0,2.5,,4.0,,,4.0,3.5,3.0,3.0,,,4.5,,3.5,2.5,3.5,2.0,3.5,2.5,2.5,4.0,3.5,2.5,4.0,3.5,3.0,3.5,,3.0,3.0,2.5,,3.5,3.5,4.0,4.0,,4.0,2.0,3.5,3.5,3.5,4.0,3.5,3.5,4.0,3.0,3.0,4.5,3.5,3.0,4.0,4.0,,2.5,4.0,4.0,3.5,3.5,3.5,3.5,3.5,,3.0,,3.5,3.5,2.0,2.0,4.0,,,4.5,4.0,4.0,4.0,,,3.5,2.5,4.0,3.5,4.0,4.0,3.0,2.0,3.5,3.0,3.0,3.5,4.0,3.5,3.0,4.0,4.0,4.0,4.5,3.5,4.5,4.0,,4.0,2.0,3.5,4.0,3.5,3.5,,2.5,4.0,4.0,3.5,3.0,4.0,4.0,,3.5,,4.0,4.0,3.0,4.0,,3.5,4.0,2.5,3.5,3.5,3.5,2.5,3.5,4.0,3.5,3.5,,4.0,3.5,,,
97826,,,2.5,0.5,3.0,,1.5,,3.0,,,,4.0,3.5,,3.0,,,2.0,4.0,3.0,3.0,,,4.0,,5.0,3.0,,3.0,,4.0,4.0,,4.0,4.0,3.0,3.0,,4.0,,4.0,3.0,4.0,2.0,3.0,3.0,4.5,,,,3.0,4.0,4.0,4.0,4.0,0.5,4.0,4.0,4.0,3.0,2.5,3.0,4.0,,,,,3.5,,5.0,3.5,4.0,,,,,,5.0,3.5,3.5,4.0,3.0,3.5,4.0,4.5,,3.0,4.0,,,,,,4.0,2.5,,3.0,5.0,,3.0,,5.0,4.5,3.5,,3.5,3.0,4.0,4.0,3.0,,4.0,,5.0,,5.0,2.0,,,,3.0,3.0,,4.5,4.0,,,3.0,3.0,,4.0,4.0,4.0,,4.0,3.5,4.0,4.0,,4.0,4.0,2.5,3.0,,,4.0,4.0,3.0,4.0,,4.0,,,,1.0,,3.0,,4.5,3.0,3.0,3.5,,,,2.5,3.0,,2.5,3.5,3.0,2.0,4.5,3.5,3.0,3.5,3.0,3.0,3.0,,4.0,4.5,3.0,,3.0,,3.0,3.5,2.5,,4.0,4.0,3.0,4.0,,4.0,3.0,3.5,4.0,3.0,3.0,5.0,,4.0,,3.5,4.0,,4.0,,3.0,3.0,4.0,4.0,,4.0,,4.0,4.0,3.5,,3.5,3.5,,,4.5,4.0,5.0,3.5,,4.0,3.5,4.0,3.5,4.0,4.0,4.0,4.5,,4.5,4.0,4.0,4.0,4.0,4.0,4.0,,3.5,4.5
97853,4.0,3.5,4.5,3.5,,,4.5,,,2.0,3.0,,5.0,,3.5,,2.0,,3.0,,4.5,,3.0,4.0,,,,,2.0,3.0,3.0,,,3.0,,3.0,2.5,,,3.0,,,,5.0,2.0,,,,,,3.5,2.5,,4.5,3.5,4.5,5.0,,,4.5,3.0,,,3.5,,4.0,,,,4.0,,5.0,5.0,4.0,4.0,4.5,5.0,5.0,,3.5,5.0,,,,4.0,3.0,4.5,4.5,5.0,5.0,5.0,5.0,4.5,5.0,5.0,5.0,5.0,4.5,5.0,4.5,4.0,3.5,5.0,4.0,3.5,4.0,5.0,4.0,4.0,4.0,4.0,,4.0,,4.0,3.5,,3.0,4.0,4.0,4.0,,4.5,2.5,3.5,3.0,4.0,4.0,4.0,3.5,3.5,3.5,5.0,4.0,3.5,4.0,4.0,,3.5,3.0,5.0,,4.0,4.0,,5.0,3.0,3.5,,2.5,4.5,4.0,5.0,3.0,3.0,4.0,2.5,3.5,5.0,5.0,,,,3.5,4.0,,4.0,3.0,3.0,4.0,3.0,4.0,4.0,3.0,4.0,3.5,2.0,3.5,,5.0,,3.5,5.0,3.5,3.5,4.0,5.0,,4.5,3.5,3.5,3.5,,5.0,4.0,3.5,4.5,,,4.0,3.5,4.0,4.0,3.0,5.0,3.5,4.5,3.5,4.0,3.0,4.0,4.5,5.0,3.0,3.5,4.0,4.0,,2.5,2.5,4.0,3.0,4.5,5.0,4.5,4.0,,3.5,3.5,,4.0,3.5,3.5,5.0,4.5,3.0,2.5,4.0,4.0,4.0,3.5,4.0,4.0,4.5,4.0,4.0,3.0,3.5,,4.0
98206,2.5,4.0,4.0,,4.0,,4.0,1.5,2.5,2.5,,3.0,4.5,2.5,3.0,,3.0,2.5,1.5,3.0,4.5,,3.5,4.0,3.0,3.0,,,2.0,3.5,3.5,,4.0,2.5,3.5,3.0,,3.0,,3.5,3.0,3.0,2.0,3.5,4.0,,,,2.0,,4.0,,4.0,3.5,2.0,3.5,4.0,2.0,4.0,5.0,,3.5,3.0,2.5,1.5,3.0,2.0,3.5,3.0,,3.5,4.0,5.0,,,,3.0,5.0,2.5,2.0,3.0,2.0,1.0,,4.0,2.0,3.5,4.0,4.0,4.5,4.5,4.5,3.0,3.5,3.5,4.0,4.0,4.0,4.0,3.0,2.0,4.0,2.5,3.0,3.0,,3.5,5.0,4.0,3.5,2.5,1.5,4.0,2.5,3.0,4.5,4.0,,3.5,3.5,2.5,1.5,1.5,3.5,3.5,4.0,1.5,4.0,3.0,3.0,4.0,4.5,3.0,2.0,3.0,4.0,,,4.5,2.5,4.0,1.0,4.0,4.0,4.0,4.0,4.0,3.0,2.5,3.5,4.0,3.0,1.5,4.0,4.0,,,3.5,,4.0,2.0,4.0,4.0,3.0,3.5,3.5,4.0,,2.5,3.0,2.0,4.0,1.0,2.0,2.0,3.5,2.0,3.0,3.5,4.0,2.5,3.5,4.0,3.5,3.0,4.0,3.0,1.5,4.5,2.0,4.0,3.0,3.0,4.0,4.0,2.0,4.0,3.0,4.0,2.5,2.5,2.5,3.0,4.0,4.0,4.0,4.0,3.0,3.0,3.5,4.0,,4.0,2.5,3.5,3.5,3.5,3.0,2.5,3.5,3.0,3.0,3.5,3.5,,3.0,4.0,3.5,3.5,2.5,4.0,3.0,4.5,5.0,5.0,3.0,3.0,2.0,2.5,3.5,3.0,2.0,3.5,3.0,2.5,3.5,3.5,5.0,4.5,3.0
98420,2.0,4.0,4.5,4.0,,,4.0,,2.0,2.5,,2.5,5.0,4.0,,,,,,0.5,4.5,2.5,3.5,3.0,,1.0,,2.5,2.5,2.5,2.5,3.0,1.0,2.0,4.0,4.0,,2.0,2.0,2.5,2.5,4.0,2.5,4.0,2.0,3.0,1.0,,,5.0,3.5,2.5,2.0,5.0,3.5,2.5,5.0,4.0,3.0,5.0,4.5,,3.0,2.5,1.0,3.5,,3.5,3.0,5.0,3.0,4.0,3.5,4.5,5.0,4.5,4.0,2.5,3.0,2.0,2.0,2.5,3.5,3.0,4.5,2.5,3.0,4.5,4.5,,3.0,4.5,2.0,5.0,4.5,5.0,4.5,5.0,4.0,5.0,4.5,,5.0,3.5,,3.0,3.0,4.5,4.5,,,3.0,3.5,,4.0,3.0,1.0,3.5,,,,4.0,5.0,2.5,3.0,2.5,,4.0,4.0,3.0,3.0,2.5,3.5,4.5,3.0,,4.0,4.0,1.0,3.0,4.0,,4.5,2.5,2.0,4.0,4.0,4.0,2.5,2.5,4.0,4.5,2.5,3.5,3.5,3.0,1.0,2.5,,5.0,2.0,3.5,4.5,3.0,,,0.5,1.0,2.5,2.5,2.5,4.5,4.5,2.5,,3.0,3.0,4.0,2.0,4.0,,2.0,5.0,3.5,2.0,2.5,,2.5,5.0,1.5,3.0,2.5,2.0,3.0,,5.0,4.5,,1.0,4.0,,4.0,5.0,3.0,4.5,4.0,5.0,3.0,,4.5,4.0,4.0,5.0,,5.0,1.0,,5.0,3.5,4.5,4.5,2.0,4.5,,2.5,4.0,4.0,4.0,2.5,4.0,3.5,4.5,2.0,,5.0,3.0,4.0,,4.0,4.0,,4.0,2.0,4.0,4.0,,4.0,4.5,4.5,5.0
98865,,,4.0,,3.0,,3.0,,,,,,,,,,,,,,4.0,,,3.0,,,3.0,,3.0,,,,2.0,,,,,,,,,,,,,,,3.0,,,4.0,,,,,,2.0,,2.5,5.0,,,,,,4.0,,,,,,,4.5,3.5,4.0,4.0,5.0,3.5,,4.0,,,,4.0,4.5,,,4.5,,4.5,3.0,4.0,,3.0,,4.0,5.0,5.0,3.0,4.0,4.5,3.0,,,2.0,2.0,3.0,3.0,,,3.0,,,2.5,,2.0,3.0,,,,,,4.0,,,,,4.0,,,,,,,,,4.0,3.5,3.0,,2.0,,4.0,3.0,3.5,,,2.5,,,1.0,2.5,,,,,,,,2.0,,,,,,,3.0,,,,,4.5,,,5.0,,,2.0,,,,,5.0,,,5.0,,,,5.0,,,3.0,3.0,5.0,,,,,,4.0,3.0,2.0,,,,4.0,4.0,3.5,3.0,,3.0,2.0,,,5.0,2.0,,,,2.0,,2.0,4.0,5.0,3.0,4.0,,,,3.5,,,,3.5,,,4.0,,3.5,,,3.5,4.0,2.5,,4.5,3.0,,1.5
99342,3.0,,4.5,,,4.0,5.0,2.5,3.0,4.0,4.0,,5.0,4.0,4.0,3.0,,,3.0,2.0,5.0,,4.0,3.5,,3.0,,4.5,3.0,3.5,3.0,4.0,2.5,3.5,,2.5,4.0,,3.0,,3.0,2.0,4.0,3.5,,,4.0,,3.0,3.5,4.0,2.5,4.0,4.0,3.0,4.0,4.0,3.0,0.5,4.0,,4.0,,2.5,2.0,4.5,3.0,3.0,,3.5,4.0,5.0,5.0,4.0,3.0,,,4.0,3.0,,4.0,4.0,4.0,,5.0,3.5,5.0,5.0,5.0,5.0,4.0,,,3.5,5.0,4.5,3.0,4.0,4.0,3.5,4.0,,4.5,4.5,,4.0,5.0,4.5,5.0,5.0,5.0,4.5,4.5,4.0,3.0,4.0,3.0,4.5,4.0,5.0,4.0,3.0,5.0,3.5,4.0,3.0,,,5.0,2.5,4.0,4.0,4.0,4.0,4.0,,,4.0,4.0,2.0,,3.0,,4.5,,3.5,,4.5,3.5,3.0,4.0,5.0,4.5,3.5,2.0,3.5,4.0,4.0,2.5,,3.0,4.5,4.0,3.5,,3.0,3.5,3.0,3.5,5.0,3.0,5.0,4.0,,4.0,4.0,4.0,5.0,0.5,5.0,4.0,4.0,5.0,4.0,4.0,4.5,,3.0,5.0,,5.0,3.5,4.5,5.0,4.0,4.0,4.0,,3.0,,4.5,4.5,3.5,4.0,4.5,4.0,4.5,3.0,4.5,4.5,3.0,4.0,4.5,3.0,4.0,4.0,5.0,4.0,4.5,5.0,4.5,4.0,3.5,4.0,3.5,5.0,4.5,3.0,4.0,,4.5,4.0,2.5,5.0,4.5,4.0,5.0,4.5,5.0,5.0,4.0,3.0,4.0,4.0,,5.0,4.0,5.0,5.0,5.0
99499,2.0,,4.0,,,,2.0,,,3.0,3.0,,4.0,3.5,5.0,,,3.0,,2.0,2.0,,1.0,3.0,,,5.0,,,3.0,5.0,3.0,3.0,3.0,3.0,4.0,3.0,3.0,3.0,3.0,4.0,4.0,2.0,3.0,,3.0,4.0,5.0,4.0,3.0,,4.0,,4.0,2.0,4.0,4.0,3.5,5.0,4.0,,3.0,3.0,4.0,3.0,3.5,,3.0,3.0,4.0,4.0,5.0,5.0,5.0,5.0,5.0,5.0,4.0,3.0,4.0,3.0,3.0,4.0,3.0,3.0,4.0,,5.0,4.0,4.0,5.0,3.0,4.5,5.0,5.0,3.0,5.0,4.0,5.0,3.0,2.0,5.0,4.0,5.0,,4.0,5.0,4.0,4.0,5.0,4.0,4.0,5.0,3.0,3.0,3.0,4.0,,,,,4.0,5.0,3.0,3.0,3.0,4.0,,4.0,1.0,5.0,4.0,3.0,4.0,,4.0,4.0,5.0,3.0,,3.0,,,3.0,3.0,,4.0,4.0,,3.0,5.0,5.0,3.5,4.0,3.0,3.0,3.0,3.0,5.0,4.0,4.0,3.0,4.0,4.0,4.0,3.0,2.0,4.0,3.0,2.0,4.0,3.0,3.0,,4.0,,4.0,3.0,,4.0,2.0,3.0,3.0,4.0,3.0,3.0,,3.5,5.0,5.0,4.0,,1.0,5.0,,3.0,5.0,,2.0,5.0,4.0,4.0,5.0,4.0,4.0,4.0,5.0,4.0,3.0,4.0,,,,,,3.0,5.0,,4.0,3.0,,3.0,2.0,,,,,,,,,4.0,,5.0,,4.0,,,5.0,4.0,,,,,,,4.0,,,
99754,3.0,4.0,3.5,3.5,2.0,,4.0,,3.5,,,3.5,4.0,4.0,,3.5,,3.0,3.5,2.5,,3.0,,4.0,3.5,,3.0,4.0,4.0,3.5,,,3.5,,3.5,4.0,,3.5,,3.5,,4.0,,3.5,,3.5,4.0,4.5,,4.0,4.0,,,4.0,,3.5,5.0,,3.0,4.0,4.5,,3.0,3.5,,4.0,,,4.0,3.0,3.5,4.0,4.0,3.0,5.0,4.0,3.5,3.5,3.5,,3.0,3.5,4.0,4.0,3.5,,4.0,4.0,4.0,4.0,,,,5.0,,5.0,5.0,4.0,4.0,4.0,4.5,5.0,4.0,3.5,3.5,,4.0,4.0,3.0,3.0,4.0,,3.0,,3.5,3.5,4.0,3.0,,,,3.0,5.0,3.5,3.5,5.0,4.0,3.5,3.5,3.0,3.5,4.0,3.5,4.0,3.5,3.5,4.0,5.0,4.0,3.0,3.5,,3.0,5.0,4.0,4.0,,4.0,3.5,3.0,3.5,3.5,4.0,4.0,4.0,3.0,,,,4.5,3.0,4.0,4.0,3.5,3.5,,4.0,3.5,3.5,4.0,3.0,4.0,3.5,4.0,3.5,3.0,,,,4.0,,3.5,4.0,3.5,4.0,4.0,,4.0,4.0,4.5,4.0,,4.0,4.5,4.5,3.5,4.0,,,,3.5,4.0,4.0,,3.5,4.0,4.0,3.5,3.5,4.0,2.5,4.0,4.0,3.5,4.0,5.0,4.0,,,5.0,3.5,,4.0,,4.5,3.5,4.0,3.0,4.0,3.5,4.0,3.0,2.5,4.5,3.5,3.5,4.5,4.0,4.0,4.0,4.5,3.5,3.5,5.0,5.0,5.0,4.0,4.0,4.0,5.0
100134,1.0,2.0,2.0,1.0,3.0,2.0,5.0,2.5,,0.5,,0.5,4.5,2.0,1.5,0.5,,1.5,2.0,1.0,3.5,1.0,2.0,5.0,1.0,1.0,2.0,0.5,4.5,3.0,0.5,1.0,4.5,0.5,1.5,4.0,0.5,0.5,0.5,1.5,0.5,2.5,2.5,5.0,0.5,0.5,5.0,3.5,,3.5,4.5,2.5,1.5,2.0,4.5,5.0,5.0,5.0,3.5,5.0,3.5,,0.5,1.0,0.5,5.0,5.0,,2.5,3.0,4.0,5.0,5.0,5.0,5.0,4.5,5.0,5.0,4.5,3.5,3.5,1.0,3.0,5.0,5.0,2.0,3.5,5.0,5.0,5.0,4.0,5.0,5.0,5.0,4.5,5.0,4.5,3.5,5.0,5.0,5.0,4.0,4.5,4.0,,5.0,5.0,4.0,4.5,,5.0,5.0,3.5,,4.0,,2.5,5.0,0.5,2.5,3.5,,5.0,4.5,4.0,4.0,3.0,,3.0,3.0,1.5,2.5,1.0,4.5,2.0,3.0,5.0,2.0,5.0,2.0,4.0,2.0,4.0,3.0,3.0,2.5,4.0,4.0,2.0,0.5,1.5,2.0,5.0,1.0,0.5,3.0,2.5,4.5,4.0,3.5,2.0,3.0,4.0,0.5,,5.0,5.0,3.0,2.5,3.5,1.5,3.5,3.5,2.5,5.0,2.5,2.0,1.0,0.5,3.0,2.5,2.5,5.0,2.0,,5.0,3.0,2.0,0.5,5.0,,0.5,4.0,5.0,5.0,1.0,3.0,,5.0,1.0,3.0,3.5,5.0,3.0,3.5,2.0,5.0,1.0,,4.0,4.5,5.0,5.0,3.5,3.5,5.0,1.0,2.5,3.0,2.0,5.0,0.5,2.0,5.0,5.0,3.5,1.0,1.5,5.0,,5.0,4.0,1.5,5.0,5.0,3.0,2.5,2.5,5.0,2.0,,,,,,,,,,
100366,4.0,3.5,3.5,,,2.0,5.0,3.5,,3.5,,4.0,5.0,4.0,3.0,,3.0,,3.0,3.0,4.5,,4.5,4.5,,,,,2.0,3.5,,3.5,,4.5,,4.0,,,3.5,,,,,4.5,2.5,3.5,,,3.0,,3.5,4.0,,5.0,4.0,3.5,4.5,4.0,3.5,4.5,,3.0,4.0,4.5,2.0,4.0,5.0,3.5,,,,2.5,4.0,,,,,5.0,4.5,,3.5,,3.0,4.0,4.5,2.5,4.0,5.0,4.5,4.0,4.5,4.5,,4.5,5.0,3.5,4.5,4.5,,,3.5,,3.5,4.0,,,4.0,4.5,4.5,,4.0,3.0,4.5,,,,,3.5,,,,3.5,4.5,4.5,,4.0,,,4.5,4.0,3.0,4.0,4.0,3.5,3.5,4.0,3.0,,4.5,3.5,4.5,4.0,4.0,4.5,,5.0,4.5,,4.5,2.0,4.0,,,4.0,3.5,4.0,3.5,4.5,4.5,5.0,,,,4.5,4.0,4.5,3.5,,,3.5,,4.0,3.5,,3.5,3.5,4.0,4.0,3.0,4.5,,,4.0,3.5,3.0,4.5,4.5,,5.0,4.0,4.0,4.0,,4.5,4.0,4.5,4.5,3.5,4.5,4.0,4.0,4.5,4.0,,4.5,,5.0,,3.5,4.5,3.5,4.0,5.0,4.5,4.5,4.0,4.5,4.5,4.5,4.0,4.5,3.0,5.0,4.5,,4.0,4.0,5.0,5.0,3.5,4.5,4.5,4.5,5.0,5.0,5.0,4.0,4.5,4.5,5.0,4.5,4.0,5.0,4.5,4.5,4.0,4.5,4.5,4.5,4.5
100781,1.5,3.5,3.5,,,2.5,3.5,,3.5,2.0,4.0,,1.5,2.0,3.0,2.5,2.0,,2.0,2.0,3.5,,2.0,3.5,,2.0,,,2.5,2.0,,,2.5,2.5,,3.5,2.0,2.5,,,2.5,,3.0,3.0,,2.5,,,,,3.0,,2.0,3.0,,3.0,3.5,,,4.5,,,3.0,,1.0,3.5,,,1.0,5.0,,5.0,5.0,3.5,4.5,4.5,5.0,3.5,,3.0,,,3.5,3.5,0.5,,2.0,4.0,1.0,,4.0,,3.5,3.5,0.5,4.0,,3.0,3.5,4.0,4.5,3.5,2.5,2.5,3.0,3.5,4.0,4.0,3.0,,,1.5,,,,,2.5,3.5,3.0,,,,4.5,3.5,,4.0,,,3.0,3.0,3.0,3.0,,2.0,2.5,2.0,2.0,,2.5,2.0,2.5,1.5,3.5,4.0,0.5,1.5,,0.5,2.0,2.0,,,3.5,,,4.0,,,5.0,1.0,,2.0,,3.5,2.5,3.5,4.0,,,3.5,2.5,3.5,4.0,,,1.5,0.5,3.0,1.0,,,,1.5,3.0,5.0,4.0,3.5,2.5,,1.5,3.0,3.0,3.5,,3.5,,3.5,1.5,4.5,,4.0,2.0,4.0,0.5,4.5,2.5,3.0,2.0,,3.0,2.5,3.5,2.5,0.5,3.5,3.0,,,0.5,3.0,2.5,2.0,,4.0,4.0,3.0,4.0,1.5,3.5,,2.0,3.5,0.5,3.0,3.0,,3.0,,3.5,,,,,,,,,,,
101044,2.5,3.0,,,0.5,3.0,2.0,,3.5,3.0,,2.0,4.5,3.0,,4.5,,,,1.5,,,4.0,2.5,4.5,,3.0,3.0,,3.5,,4.5,,,4.0,3.5,3.5,4.5,,4.5,,3.5,,3.5,,3.5,,3.5,,4.0,2.0,,4.0,3.5,4.0,2.5,,,4.0,1.5,3.5,,3.5,4.0,,,,1.0,4.0,,3.0,2.0,3.5,,,3.0,2.0,2.0,4.0,,,2.0,1.0,,4.0,4.0,3.5,4.5,4.0,1.0,3.5,,3.5,,4.0,,3.5,1.5,3.5,,,3.0,3.0,3.0,,2.5,,4.0,3.0,,,,4.0,,3.5,3.5,5.0,,,,1.0,2.0,4.0,,4.0,4.5,4.5,,1.0,4.5,4.0,,4.5,4.0,,3.0,,2.5,4.5,,4.0,4.0,,1.0,3.0,,3.5,4.0,3.0,3.0,3.0,3.0,,4.0,4.0,,3.0,,2.5,5.0,3.0,3.5,4.5,4.0,,,3.5,3.0,2.5,,3.5,2.0,,2.5,,3.0,3.5,1.5,,3.5,3.0,4.5,3.5,1.5,3.0,2.5,,1.5,4.5,1.5,3.0,,,3.5,2.5,2.5,4.0,3.5,4.5,3.5,,4.5,,2.0,3.5,4.5,3.0,2.5,1.5,4.5,,3.5,2.0,3.5,3.5,2.5,5.0,2.5,3.5,4.0,3.5,,4.0,3.5,3.5,4.5,3.5,3.5,4.0,3.5,,3.5,3.5,4.5,3.0,3.5,4.0,2.0,3.5,,3.5,4.0,3.0,3.5,3.5,3.0,3.5,3.5,3.5,4.5
101127,4.0,5.0,4.5,4.0,4.0,4.0,4.0,3.5,3.0,,4.0,3.0,5.0,4.0,,5.0,,3.0,3.5,4.0,,4.0,4.0,3.5,5.0,3.0,4.0,5.0,3.5,4.0,3.0,4.5,4.5,3.5,4.0,4.0,3.5,3.0,,4.5,2.0,4.5,,4.5,2.5,3.5,4.5,4.5,3.5,3.5,,,4.5,5.0,5.0,3.0,5.0,4.0,5.0,5.0,4.5,4.0,4.0,4.0,2.0,3.5,,,4.0,5.0,4.0,4.5,4.0,5.0,5.0,5.0,5.0,4.0,4.0,4.0,3.0,4.0,4.0,4.0,5.0,4.5,5.0,4.5,5.0,,3.5,,5.0,5.0,4.0,4.0,5.0,,5.0,5.0,5.0,5.0,4.5,5.0,4.0,4.5,4.5,4.5,4.0,,4.5,4.0,4.5,5.0,5.0,5.0,5.0,4.5,4.0,4.0,4.5,,5.0,2.5,5.0,5.0,4.5,4.0,,4.0,2.0,4.0,4.0,4.0,4.5,4.0,4.0,5.0,4.0,3.0,5.0,4.0,3.5,5.0,4.5,,4.0,5.0,3.5,3.5,4.0,5.0,4.0,4.5,4.5,,,4.0,,5.0,4.5,4.0,5.0,,4.5,3.5,,4.0,4.0,4.0,3.0,3.0,4.0,,4.0,2.5,3.0,,2.0,4.0,3.0,5.0,5.0,4.0,4.0,4.0,,4.5,5.0,5.0,4.0,3.0,5.0,5.0,4.0,2.5,5.0,3.0,,5.0,5.0,3.0,4.5,2.5,5.0,4.0,4.5,5.0,4.0,5.0,4.5,4.5,3.5,5.0,4.0,5.0,5.0,5.0,3.0,4.0,5.0,3.0,4.0,,5.0,4.0,5.0,3.5,5.0,3.5,3.5,4.5,4.0,5.0,3.5,4.0,5.0,4.5,,,,,,,,,,,,
101458,4.0,,,,,2.5,4.0,3.0,2.0,2.0,4.0,,5.0,4.0,,3.0,4.0,3.0,2.0,,,,,,,,,,1.0,3.0,4.0,4.5,4.0,,4.5,3.0,,4.0,2.0,2.0,3.0,3.0,,3.0,,,,5.0,4.0,4.0,,,4.5,4.0,3.5,4.0,4.5,4.0,4.0,4.0,,3.0,4.0,3.0,,,3.0,,4.0,4.0,4.0,4.0,4.5,4.0,4.0,3.0,4.0,4.0,5.0,,3.0,4.0,4.0,,5.0,4.5,4.0,2.0,5.0,,4.0,4.0,4.0,3.0,2.0,2.0,4.0,,5.0,,3.0,,4.0,4.0,,4.5,,4.0,4.5,4.0,4.0,4.5,4.5,5.0,4.0,4.5,4.0,4.0,2.0,4.0,2.0,3.0,4.5,,4.0,3.0,3.0,,2.0,,3.5,4.0,4.0,4.5,,3.0,,4.0,2.0,3.0,4.5,3.0,,,,5.0,,4.0,3.0,3.0,4.5,4.0,4.0,4.5,4.0,3.0,4.0,4.0,2.0,5.0,5.0,4.5,4.5,4.0,,4.0,,4.5,4.5,4.0,4.0,,4.0,4.0,,4.0,2.0,2.0,,4.0,3.0,4.0,4.0,4.0,3.0,2.5,4.0,4.0,4.5,,4.0,3.0,,3.0,,4.0,4.5,,4.0,4.5,4.0,3.0,4.5,3.0,4.5,4.0,4.0,3.0,,4.0,3.0,4.0,2.5,4.0,4.5,,4.0,,,4.5,5.0,,3.0,2.0,,3.0,,4.5,4.0,,,4.5,4.0,5.0,,4.0,4.0,2.5,4.5,,4.5,3.5,2.0,,4.0,,,,,
101861,,3.0,5.0,,4.0,2.0,4.0,1.0,1.0,1.0,,,4.0,4.0,,,2.0,2.0,,,3.0,4.0,3.0,5.0,1.0,,3.0,,4.0,,1.0,3.0,5.0,,1.0,5.0,1.0,4.0,,1.0,3.0,3.0,,2.0,,,5.0,4.0,1.0,2.0,4.0,2.0,4.0,3.0,,4.0,5.0,1.0,4.0,4.0,,,4.0,3.0,,5.0,1.0,3.0,,4.0,5.0,5.0,5.0,4.0,5.0,5.0,5.0,5.0,4.0,4.0,,1.0,5.0,5.0,3.0,4.0,4.0,5.0,4.0,3.0,,3.0,5.0,5.0,2.0,4.0,3.0,5.0,5.0,4.0,5.0,1.0,3.0,3.0,5.0,3.0,5.0,5.0,3.0,4.0,2.0,2.0,3.0,5.0,1.0,3.0,5.0,3.0,1.0,1.0,1.0,2.0,4.0,5.0,5.0,4.0,,4.0,5.0,1.0,3.0,5.0,4.0,,3.0,5.0,5.0,4.0,4.0,4.0,3.0,4.0,5.0,4.0,5.0,3.0,3.0,5.0,,,1.0,,5.0,3.0,2.0,3.0,1.0,2.0,4.0,1.0,4.0,,,4.0,5.0,2.0,5.0,4.0,1.0,4.0,1.0,3.0,3.0,4.0,5.0,4.0,1.0,5.0,,3.0,,4.0,2.0,5.0,4.0,5.0,5.0,4.0,1.0,4.0,5.0,4.0,5.0,4.0,4.0,2.0,5.0,3.0,1.0,1.0,5.0,,5.0,4.0,2.0,3.0,3.0,5.0,5.0,1.0,3.0,5.0,4.0,5.0,4.0,5.0,5.0,2.0,1.0,5.0,5.0,5.0,1.0,,3.0,,,,,,,,,,,,,,,,,,,,,,,,,
102025,,4.0,,,3.5,,3.5,,,,,,4.0,,,,,,,3.5,3.0,,,4.0,,,,,,3.0,,3.5,4.0,3.5,,4.5,,,,,3.0,3.5,,4.0,,,4.5,4.5,,,3.5,,,4.0,4.5,3.5,4.0,4.5,3.0,5.0,4.0,,3.0,3.0,1.0,4.5,,2.0,,5.0,3.0,5.0,5.0,4.5,4.5,4.0,5.0,5.0,5.0,,2.5,,3.5,4.5,5.0,,4.0,4.0,4.5,,4.5,5.0,5.0,4.5,4.0,4.5,5.0,4.0,4.5,5.0,5.0,5.0,4.0,2.5,3.5,5.0,4.0,4.0,4.0,2.5,4.0,4.5,3.5,4.0,4.5,4.5,4.0,4.0,,4.0,4.0,,5.0,,4.5,2.5,4.0,,2.5,3.0,,4.0,,3.5,4.0,4.0,4.5,,4.0,,,3.5,3.5,3.5,4.0,3.5,,4.0,,1.0,4.5,3.5,5.0,,,,,3.0,5.0,4.0,,4.0,4.0,,,3.5,4.0,,3.5,4.0,,,4.0,,,,2.5,2.5,,4.0,,4.5,3.0,4.0,4.0,3.5,4.0,3.5,4.0,4.5,4.0,,4.0,5.0,4.0,,3.5,,4.0,,,3.5,4.0,3.5,4.5,,3.5,3.5,4.0,3.0,4.0,,4.0,4.0,3.0,4.0,4.0,4.0,3.5,4.0,4.0,,3.0,4.5,4.0,,,3.5,4.0,,,,2.5,4.0,4.5,3.0,,,4.5,,3.5,,4.0,4.5,,4.5,4.5,4.5,4.5,4.5
102038,2.0,4.0,3.0,,2.5,2.0,5.0,2.5,1.0,,2.0,2.5,3.5,4.0,2.5,2.0,2.0,2.5,,2.0,,2.5,3.5,3.0,4.0,3.0,4.0,3.0,4.0,3.0,3.0,4.0,4.0,3.0,2.5,4.0,3.0,1.5,2.5,4.0,3.0,3.0,,3.5,3.0,3.0,4.5,4.0,,4.0,2.0,,4.0,4.0,4.0,4.0,4.0,2.5,4.0,4.0,3.5,2.0,3.5,3.5,1.0,4.0,2.5,3.5,2.5,3.5,3.5,4.0,4.0,3.0,4.0,3.0,4.5,4.0,3.0,,2.0,3.0,3.0,4.0,4.0,4.5,2.0,4.0,4.5,4.0,3.0,3.0,4.0,5.0,4.5,4.0,5.0,5.0,4.0,4.5,4.5,3.5,4.0,4.0,3.0,3.5,4.0,5.0,4.0,3.0,4.0,2.0,4.5,4.0,4.0,4.0,4.0,3.0,3.0,4.0,4.0,2.0,4.5,4.0,4.0,4.5,3.0,3.0,4.0,3.0,3.0,4.0,2.0,2.0,3.0,4.0,4.5,4.5,3.0,2.0,4.0,4.0,2.0,2.0,4.0,2.0,4.0,4.0,3.0,4.0,4.5,4.0,4.0,3.0,3.0,1.0,,3.0,4.5,2.5,4.0,3.5,3.0,,4.0,,4.0,4.0,4.0,4.0,3.0,,4.0,,4.0,3.0,2.0,4.0,2.5,4.0,4.0,4.5,4.0,2.0,4.0,4.0,,4.0,3.0,4.0,4.0,4.0,5.0,4.5,2.0,2.5,5.0,2.0,3.0,3.0,3.5,3.0,4.0,4.0,4.0,4.0,4.0,4.0,4.0,4.5,2.5,,4.0,2.5,4.0,3.5,3.0,4.0,2.5,3.5,2.5,3.5,3.0,2.0,4.0,3.0,3.5,3.5,3.0,4.0,3.5,4.0,3.0,3.5,,3.5,4.0,,3.5,3.5,,3.5,,,,,,,,
102680,,,4.0,,4.0,,5.0,,,5.0,,2.0,,4.0,,2.0,,,,,2.0,2.0,5.0,5.0,,,4.0,,4.0,,,,2.0,,,1.0,,,4.0,,,,1.0,2.0,,,,2.0,,,,,5.0,2.0,1.0,1.0,2.0,,3.0,4.0,,,,,1.0,2.0,,4.0,,,,2.0,2.0,2.0,,,,5.0,,2.0,2.0,,2.0,4.0,1.0,1.0,,,2.0,5.0,4.0,5.0,,5.0,2.0,5.0,5.0,4.0,4.0,5.0,5.0,,2.0,5.0,,,4.0,5.0,1.0,,4.0,,,,,4.0,5.0,,,,,,2.0,1.0,5.0,5.0,,4.0,4.0,,,4.0,,4.0,,,5.0,,,,4.0,4.0,4.0,5.0,4.0,,,2.0,,,4.0,4.0,5.0,1.0,1.0,2.0,,,,5.0,,,4.0,,2.0,,2.0,1.0,4.0,1.0,1.0,4.0,,,4.0,,,1.0,,1.0,2.0,2.0,5.0,4.0,1.0,2.0,,4.0,4.0,4.0,,2.0,4.0,,2.0,2.0,4.0,4.0,2.0,1.0,5.0,,2.0,4.0,4.0,4.0,4.0,4.0,,,4.0,,2.0,,4.0,5.0,4.0,2.0,,4.0,2.0,2.0,,4.0,4.0,,4.0,2.0,,,,1.0,,,2.0,,,,,4.0,,,5.0,2.0,,,2.0,1.0,,
102888,3.0,3.0,4.0,,,,4.0,,3.0,2.0,3.0,4.0,5.0,4.0,3.0,3.0,4.0,3.0,3.0,4.0,4.0,,4.0,4.0,3.0,,4.0,4.0,4.0,4.0,3.0,4.0,5.0,4.0,3.0,4.0,3.0,4.0,2.0,4.0,4.0,3.0,3.0,5.0,3.0,4.0,4.0,5.0,4.0,3.0,4.0,,3.0,4.0,4.0,4.0,5.0,4.0,4.0,5.0,4.0,4.0,4.0,4.0,,4.0,,4.0,4.0,4.0,4.0,4.0,,4.0,4.0,,4.0,4.0,3.0,4.0,,3.0,4.0,4.0,5.0,4.0,4.0,5.0,4.0,3.0,4.0,5.0,,4.0,5.0,4.0,,4.0,,,4.0,,4.0,4.0,4.0,5.0,4.0,4.0,4.0,3.0,4.0,4.0,4.0,4.0,4.0,4.0,4.0,3.0,4.0,3.0,4.0,4.0,5.0,3.0,4.0,,4.0,4.0,4.0,5.0,4.0,4.0,4.0,4.0,3.0,4.0,4.0,4.0,2.0,4.0,5.0,4.0,4.0,4.0,4.0,4.0,4.0,5.0,4.0,3.0,5.0,4.0,4.0,4.0,3.0,4.0,4.0,3.0,,5.0,4.0,4.0,4.0,4.0,4.0,4.0,5.0,3.0,4.0,3.0,3.0,3.0,4.0,4.0,5.0,4.0,4.0,4.0,1.0,4.0,4.0,4.0,5.0,5.0,4.0,5.0,3.0,3.0,4.0,2.0,3.0,4.0,4.0,5.0,5.0,4.0,3.0,4.0,4.0,3.0,,4.0,3.0,4.0,4.0,4.0,4.0,3.0,4.0,4.0,2.0,4.0,4.0,4.0,4.0,5.0,3.0,5.0,4.0,4.0,3.0,2.0,2.0,3.0,5.0,2.0,4.0,4.0,4.0,4.0,4.0,3.5,,4.5,,,,,3.5,3.5,3.5,3.5,4.5,4.5,3.0,3.5,,,,
102911,0.5,2.5,3.0,3.5,3.0,1.0,4.5,0.5,2.5,4.0,1.0,1.5,2.5,1.5,0.5,,2.5,0.5,2.5,0.5,4.0,2.5,3.5,1.5,1.0,0.5,,,4.5,2.5,0.5,3.5,1.0,2.5,2.0,3.0,0.5,0.5,3.0,3.0,1.0,2.5,0.5,2.5,0.5,1.5,,2.5,1.0,,2.5,1.5,1.5,3.0,0.5,3.5,4.5,0.5,1.5,4.0,3.5,0.5,0.5,3.0,1.0,4.0,0.5,4.5,2.0,,1.5,3.0,3.0,,,,2.0,4.0,2.0,3.0,4.0,0.5,,,3.5,1.0,3.0,1.5,1.5,5.0,,,,,2.5,3.0,,3.5,,,,,3.0,2.5,,,4.0,3.5,3.0,,,1.0,2.5,,1.5,,1.5,2.0,,,,1.5,,2.0,1.0,3.0,1.5,3.0,3.5,1.5,1.0,3.5,2.5,3.5,2.0,4.0,3.5,,2.5,3.5,3.0,2.0,4.0,5.0,2.0,3.0,5.0,0.5,1.5,1.5,2.5,3.0,3.5,1.0,1.0,2.5,3.0,3.0,,2.0,1.5,,2.5,2.5,1.0,1.5,4.0,2.5,2.0,3.0,1.5,4.0,2.5,4.0,4.0,0.5,3.0,3.0,1.0,4.0,1.5,3.0,4.5,2.0,1.5,4.0,,2.5,2.5,1.5,0.5,3.5,1.5,3.0,3.0,1.5,4.0,1.5,0.5,0.5,2.5,3.0,3.5,4.0,2.5,3.0,3.5,1.5,3.0,,3.0,3.5,5.0,0.5,3.0,4.5,3.5,2.5,3.0,4.0,3.5,3.0,3.0,,3.5,4.5,3.5,1.5,0.5,2.5,5.0,3.0,1.0,3.5,,0.5,3.0,2.0,0.5,4.5,,4.5,3.5,3.5,3.5,,4.5,0.5,2.0,3.5
103028,2.0,3.5,4.0,2.5,3.0,2.0,3.0,2.0,1.0,2.0,,2.0,2.5,,3.0,1.0,1.0,1.0,,2.0,3.5,2.0,2.5,3.5,1.5,0.5,,3.5,1.5,2.5,2.0,2.0,3.0,2.0,3.0,1.0,1.0,1.5,0.5,,1.5,2.0,1.0,2.5,1.0,2.0,,2.5,2.0,2.5,2.5,0.5,2.0,3.5,3.0,4.0,3.5,2.5,2.5,4.5,3.5,,3.0,2.0,0.5,3.5,2.0,1.5,2.0,4.5,3.0,4.5,5.0,3.0,5.0,4.5,4.5,4.0,3.0,3.0,3.5,2.5,2.0,3.5,3.0,1.5,,3.5,3.0,3.0,,,3.5,4.5,2.0,4.0,4.5,5.0,,4.0,4.0,,2.5,3.5,3.0,3.0,4.0,3.5,2.0,,,3.0,3.5,3.5,2.5,4.0,2.5,3.0,,,,3.0,3.0,1.5,3.5,3.5,3.5,3.5,1.0,2.0,1.0,1.0,1.5,3.5,3.0,4.0,4.5,,4.0,,4.5,,,3.0,3.5,,1.0,4.0,2.0,0.5,2.5,3.0,3.0,,,1.0,2.5,1.0,4.0,3.5,1.5,2.5,2.0,1.0,3.0,2.0,4.0,,1.5,,2.0,2.5,3.0,2.0,3.5,1.5,,1.5,0.5,2.0,0.5,3.0,4.5,,1.5,5.0,,2.0,2.0,3.5,,2.5,3.0,,3.0,,1.0,1.0,2.0,0.5,4.0,1.0,4.5,3.5,4.0,1.5,4.5,3.0,3.5,1.0,,3.0,4.0,3.0,1.0,5.0,2.5,3.0,,3.0,3.0,0.5,,,4.0,1.5,3.0,,3.5,0.5,,0.5,,4.0,2.5,1.0,2.5,4.0,2.5,3.5,3.5,3.5,4.0,4.0,,,,,,
103223,5.0,5.0,4.0,3.0,4.0,3.0,5.0,,4.0,4.0,,4.0,5.0,5.0,,3.5,3.0,,4.0,2.0,5.0,4.5,4.0,5.0,4.0,,3.0,,3.0,4.0,3.0,5.0,5.0,5.0,3.0,5.0,2.0,,4.0,5.0,3.0,4.0,4.0,4.0,4.0,5.0,5.0,5.0,5.0,,4.0,4.0,4.0,3.0,5.0,4.0,5.0,4.0,5.0,5.0,4.5,,4.0,5.0,3.0,5.0,,4.0,3.0,5.0,5.0,5.0,5.0,4.0,5.0,4.0,5.0,4.0,4.0,3.0,,5.0,4.0,3.0,5.0,4.0,4.0,5.0,5.0,3.0,5.0,4.0,5.0,5.0,2.0,5.0,5.0,5.0,5.0,5.0,5.0,5.0,5.0,5.0,3.0,5.0,4.0,5.0,5.0,5.0,5.0,5.0,4.0,5.0,5.0,5.0,5.0,,4.0,5.0,4.0,4.0,5.0,5.0,5.0,5.0,5.0,5.0,5.0,3.0,3.0,5.0,4.0,5.0,3.0,3.0,4.0,5.0,3.0,,4.0,,4.0,4.0,5.0,4.0,5.0,4.0,3.0,3.0,5.0,5.0,3.0,4.0,,3.0,,5.0,5.0,5.0,5.0,3.0,4.0,5.0,5.0,4.0,5.0,5.0,4.0,5.0,5.0,4.0,3.0,5.0,5.0,2.0,2.0,3.0,2.0,5.0,5.0,5.0,5.0,4.0,5.0,5.0,,4.0,4.0,5.0,5.0,5.0,4.0,5.0,5.0,5.0,5.0,2.0,4.0,4.0,5.0,5.0,3.0,5.0,5.0,5.0,5.0,5.0,5.0,4.0,3.0,4.0,4.0,3.0,4.0,5.0,4.0,3.0,3.0,3.0,4.0,3.0,4.0,2.5,3.5,,5.0,3.0,3.0,4.0,4.5,5.0,,5.0,3.5,2.5,2.0,3.5,3.0,4.0,5.0,4.0,5.0,4.0,5.0,5.0,5.0,,,
103291,2.0,4.5,4.0,3.0,4.5,2.0,4.0,4.0,2.0,2.0,,2.5,3.0,,2.5,,1.5,,2.5,1.5,3.5,2.0,4.0,4.5,,,,4.0,2.5,2.0,2.0,2.0,,1.5,1.0,3.5,1.5,2.5,2.0,,1.5,2.5,,4.5,2.0,2.0,,,,3.0,5.0,2.0,1.5,4.5,4.5,4.0,5.0,2.0,3.0,5.0,4.0,2.5,3.0,2.0,1.5,3.5,,3.5,2.5,5.0,2.5,5.0,5.0,5.0,5.0,1.5,5.0,5.0,,3.5,4.5,1.5,4.5,5.0,5.0,3.5,4.5,2.0,5.0,3.0,5.0,,4.0,4.5,4.0,5.0,5.0,3.0,4.0,5.0,4.5,,5.0,3.0,4.0,4.5,4.0,4.0,5.0,2.0,5.0,,4.5,4.0,4.0,4.5,1.0,2.0,,3.5,,1.5,5.0,2.5,4.5,4.5,4.0,3.5,3.5,,2.5,3.5,2.0,4.5,2.0,4.5,4.5,5.0,4.0,,4.5,2.0,5.0,4.5,,5.0,,4.5,,1.0,5.0,4.5,4.5,4.5,3.0,4.5,5.0,3.0,5.0,4.0,2.0,4.0,4.0,3.0,3.5,,4.0,4.0,2.0,2.5,2.0,4.5,5.0,,4.5,,3.0,3.5,1.5,5.0,,2.5,4.0,4.5,4.0,3.5,,4.5,3.0,4.0,,3.5,4.0,4.5,4.5,4.5,4.0,2.0,,,,5.0,4.0,3.0,4.0,4.5,4.5,,4.5,4.0,,3.5,3.5,3.5,3.5,3.5,3.0,4.5,3.0,4.0,5.0,2.0,4.5,4.0,3.5,3.5,4.0,3.5,3.5,2.5,3.5,3.0,3.0,4.5,5.0,3.5,3.5,3.0,3.5,4.5,4.0,4.0,3.5,4.5,4.0,4.5,2.5,,,
103654,2.5,4.0,3.0,2.5,3.0,2.5,4.5,2.5,2.0,4.0,3.0,2.5,3.0,3.5,2.5,1.5,3.0,2.5,2.0,3.0,5.0,1.5,3.5,4.0,1.0,2.5,,3.5,3.5,3.5,3.0,3.5,4.5,3.5,2.5,3.5,1.5,3.5,1.5,3.0,3.0,3.0,2.5,4.0,1.0,1.5,1.5,,2.5,3.5,5.0,,3.0,4.0,3.0,3.5,4.5,3.5,3.0,3.5,3.0,2.5,3.5,2.5,0.5,5.0,3.0,3.0,3.0,3.0,3.5,4.0,3.5,4.0,4.0,3.5,4.5,4.0,4.0,,3.5,3.0,2.5,4.0,4.5,3.5,5.0,5.0,5.0,4.0,5.0,3.5,5.0,4.5,5.0,4.5,4.5,4.5,3.0,4.5,3.5,3.5,3.5,3.5,3.0,4.0,3.5,4.5,4.0,4.0,4.0,3.0,5.0,3.5,3.0,4.5,4.0,3.0,3.0,4.0,4.0,2.5,4.5,3.0,3.5,3.0,4.5,3.0,3.5,4.0,3.5,3.5,1.5,3.5,3.5,3.5,4.0,3.5,4.0,2.5,5.0,2.5,4.5,5.0,4.5,3.5,3.5,3.5,3.0,3.5,4.5,4.0,3.5,3.5,3.5,3.0,3.5,4.0,4.5,5.0,3.5,4.5,3.5,2.5,3.0,2.5,5.0,3.5,3.0,4.0,3.0,4.0,3.5,1.5,4.0,3.0,3.0,3.5,1.0,4.0,3.0,4.0,4.5,4.0,4.0,5.0,4.0,3.0,3.5,4.0,3.5,3.5,3.5,4.5,3.5,4.0,3.5,2.0,4.5,3.5,4.0,4.0,4.5,5.0,3.5,3.5,5.0,4.0,4.0,4.0,3.5,3.5,5.0,3.5,4.5,4.5,3.0,3.0,3.5,4.0,3.5,3.0,2.0,4.5,4.0,,4.0,3.5,4.0,4.0,3.5,4.0,3.0,5.0,4.0,3.5,4.0,3.5,5.0,3.5,3.5,4.0,,4.5,5.0,4.0,,,,
103986,2.0,,,2.5,,,3.5,2.0,2.0,,,3.0,2.5,,,1.0,1.0,3.0,1.5,3.0,3.0,,,,,2.0,,,,2.5,2.0,,2.5,2.0,2.5,3.0,,,2.0,3.0,3.0,2.0,,3.0,1.0,2.5,,3.0,1.5,,,0.5,2.0,3.0,,3.0,3.0,3.5,2.5,3.0,3.0,0.5,2.0,1.5,,3.5,,,2.5,3.5,4.0,,3.5,3.5,3.0,,,4.0,3.5,,2.5,2.5,,2.5,3.5,2.5,3.0,,,4.0,,3.0,,,3.5,,,3.0,,,3.0,,3.0,3.0,,,3.0,3.0,2.5,,,,,,,,,,,,,3.5,3.0,,3.0,,,3.0,3.0,2.5,2.0,3.5,2.5,2.0,1.0,3.5,3.5,,3.5,,3.0,,,3.5,3.0,3.5,3.0,3.5,3.5,2.5,3.0,3.0,5.0,,,2.0,3.0,1.5,,2.5,2.5,,2.0,,,2.5,3.0,,2.5,,,3.0,3.0,3.0,3.5,2.0,2.0,2.5,,,4.0,3.0,4.0,,,3.5,3.5,,2.5,4.5,3.0,0.5,,3.5,3.0,,1.0,,,1.0,3.0,,3.5,2.0,,,3.5,2.5,,3.0,3.5,3.0,3.5,3.0,3.0,3.5,3.0,,2.0,3.5,3.0,3.0,3.0,4.0,3.0,3.0,3.5,1.5,3.0,,3.5,3.5,,3.5,,2.5,3.0,3.5,3.0,4.0,3.0,,3.5,3.5,,,3.5,,4.5,
104043,2.5,3.5,2.5,,4.0,,4.0,,2.5,4.5,2.5,2.5,3.5,3.0,,3.0,2.0,2.0,2.0,1.0,5.0,1.5,3.5,3.0,1.0,2.0,3.0,3.5,3.0,2.0,3.5,3.0,3.0,3.0,,3.0,1.0,2.5,2.0,3.5,2.0,,2.0,2.0,3.0,2.5,3.0,,2.0,3.0,4.0,,3.0,3.0,,3.5,3.5,,3.0,4.0,,,3.0,1.5,,4.0,,3.0,2.5,,,,,,,1.0,5.0,5.0,,2.5,3.0,,3.0,2.0,2.5,2.5,3.0,,5.0,3.0,,3.5,,3.5,4.5,3.5,4.0,3.0,4.0,,,5.0,4.0,3.0,4.0,5.0,4.0,3.0,3.0,3.0,,,4.5,3.0,,,3.0,3.0,3.0,4.0,3.0,,2.5,1.0,3.0,2.0,,3.0,2.5,2.0,2.5,2.0,2.0,3.5,,2.0,4.0,,4.0,2.0,3.5,,4.0,3.5,,4.0,2.0,3.5,2.0,3.0,3.0,3.5,4.0,3.0,,2.0,3.0,3.0,,5.0,,,2.0,,,,3.0,,1.0,3.0,2.0,3.0,3.0,3.0,4.0,3.0,3.0,3.0,,4.0,2.0,3.0,5.0,3.0,4.0,4.0,,3.0,3.5,3.5,3.0,3.0,,3.0,3.0,3.0,4.5,3.0,3.5,3.0,3.0,4.0,4.0,4.0,4.0,4.0,4.5,3.0,3.0,4.0,3.0,3.5,3.0,3.0,4.0,3.0,4.0,3.0,4.0,4.0,3.0,2.0,4.0,3.5,2.0,3.5,3.0,3.5,2.0,3.0,2.0,3.5,3.0,4.0,4.5,2.0,3.0,3.5,2.5,3.5,3.0,4.0,4.0,4.0,3.5,3.5,4.0,4.0,3.0,4.5
104063,2.5,4.5,4.5,3.5,,,4.5,3.5,2.5,2.5,4.0,,4.5,4.0,3.0,3.0,2.5,2.5,2.5,4.5,2.5,4.0,1.5,,3.0,,3.0,,2.0,4.0,2.0,4.5,,2.5,3.5,4.0,,3.5,2.5,3.5,4.5,,,4.5,3.5,3.5,4.5,4.0,3.0,3.5,3.5,2.0,3.0,5.0,,3.5,5.0,4.0,3.5,4.5,,3.0,4.0,4.0,2.5,4.0,,2.0,2.0,3.5,4.0,4.5,4.5,4.0,4.5,3.5,3.5,5.0,4.0,2.5,3.5,,,,4.0,3.0,4.5,4.0,5.0,4.0,4.5,4.0,4.0,3.5,4.5,4.5,4.0,4.5,4.0,,4.0,4.5,4.0,,3.5,4.0,4.5,4.5,4.0,4.0,3.5,3.0,5.0,4.0,,3.0,2.0,3.5,,4.0,,4.0,4.0,2.5,2.5,4.0,,2.5,2.5,3.0,4.0,3.5,4.0,4.0,3.5,4.5,3.5,,4.5,3.5,3.5,3.0,,4.5,3.5,4.0,3.5,4.0,4.5,3.5,4.0,3.0,3.5,3.5,3.0,,3.5,,4.0,4.0,,4.0,4.0,3.5,4.5,3.0,4.5,3.5,3.0,3.0,2.5,3.5,,4.0,4.0,3.0,4.0,3.0,2.5,4.5,2.5,2.5,3.5,3.5,4.0,4.5,4.0,,,3.5,3.5,3.5,3.5,4.5,4.0,4.5,4.5,3.0,3.0,2.5,3.0,4.5,4.5,4.0,4.5,3.5,3.5,2.5,3.5,4.0,3.5,3.0,3.5,4.5,4.0,4.5,,4.0,4.0,4.5,4.0,3.5,4.0,4.5,,,3.5,4.0,3.5,3.5,3.5,2.5,3.5,5.0,3.5,3.5,4.5,,4.5,3.0,4.5,3.5,,3.0,4.5,4.5,,4.5,4.0,3.5
104345,1.0,3.0,4.0,,4.0,,3.5,2.5,2.0,2.0,,2.5,2.5,3.5,3.0,,,,2.5,3.5,4.0,,1.0,3.5,,,2.0,2.5,4.0,2.5,,3.0,3.0,2.5,2.5,3.0,,2.0,,,3.5,3.0,3.0,3.0,2.5,,4.0,3.5,,3.0,3.5,,2.5,4.5,3.0,2.5,4.5,2.5,2.5,3.5,3.0,2.0,3.5,,,3.5,,,3.5,4.0,3.5,4.0,5.0,4.5,3.0,3.5,4.0,5.0,3.5,3.0,3.5,2.0,3.0,,3.0,2.5,3.5,3.5,4.0,4.5,5.0,4.5,4.5,5.0,3.5,4.0,5.0,3.5,3.5,4.0,3.5,4.0,3.5,3.5,3.0,5.0,5.0,3.0,4.0,3.5,4.0,4.5,4.0,3.5,3.5,3.5,3.5,4.0,3.5,3.5,3.5,2.0,3.5,2.5,2.5,4.0,4.0,3.0,2.5,3.5,2.0,3.5,3.5,4.5,3.5,4.0,3.0,3.5,3.5,2.0,3.5,,3.0,4.5,4.0,4.0,2.0,3.5,2.0,2.5,3.0,3.5,4.5,3.5,2.5,2.0,2.5,3.5,4.5,3.0,,4.0,4.0,1.5,3.0,3.0,3.0,,3.0,3.0,1.0,2.5,4.5,4.0,4.5,3.0,2.5,2.5,,3.5,,3.0,3.5,4.0,3.5,4.0,3.5,,4.0,3.5,3.0,1.5,3.0,3.0,4.0,3.0,4.0,2.5,3.5,,3.5,3.5,3.5,3.5,3.5,1.5,4.5,3.5,4.0,3.5,3.5,4.0,4.5,2.5,3.5,3.0,3.5,4.0,3.5,3.0,5.0,2.0,1.5,5.0,2.0,4.0,3.0,4.0,4.0,2.5,4.0,3.0,3.0,5.0,5.0,3.0,3.0,2.5,4.0,3.5,4.0,2.5,3.5,4.0,3.0,3.5,3.5,3.5,3.5,5.0
104347,,5.0,3.0,,3.0,,5.0,,,,1.0,4.0,4.0,3.0,4.0,2.0,1.0,2.0,3.0,2.0,,3.0,4.0,,,3.0,,,,2.0,,2.0,4.0,3.5,3.5,4.0,,3.0,,,4.0,,3.0,4.0,3.0,,,4.0,2.0,3.0,4.0,,,3.0,5.0,3.0,4.0,,3.5,4.0,3.0,3.0,3.0,2.0,2.0,5.0,,4.0,2.0,3.0,2.0,4.0,4.0,4.0,3.0,4.0,3.0,4.0,,,,,4.0,3.0,2.0,4.0,,4.0,4.0,3.0,5.0,4.0,3.0,4.0,3.0,3.0,4.0,4.0,3.0,3.0,,4.0,4.0,,3.0,3.5,3.0,4.0,4.0,3.0,,,4.0,,4.0,4.0,,4.0,3.0,3.0,2.0,3.0,4.0,2.0,2.0,4.0,5.0,,2.0,2.0,2.0,2.0,2.0,,3.0,4.0,3.0,3.0,3.0,,3.0,2.0,3.0,2.0,3.0,3.0,,3.0,2.0,2.0,3.0,3.5,3.0,3.0,3.0,,,2.0,4.0,4.0,,5.0,4.0,2.0,2.0,,,5.0,,,3.5,3.0,4.0,,,2.0,2.0,3.0,3.0,2.0,,3.0,3.0,3.0,4.0,2.0,,3.0,4.0,3.0,4.0,3.0,2.0,3.0,2.0,3.0,4.0,3.0,4.0,3.0,,4.0,3.0,3.0,4.0,3.5,4.0,2.0,3.0,3.0,2.0,3.5,,3.0,3.0,,3.5,4.0,3.0,3.0,3.5,2.0,3.0,,3.0,4.0,3.0,4.0,,3.0,3.0,3.5,3.0,4.0,4.0,,3.0,,4.0,2.0,3.0,3.0,,3.5,,5.0,,4.0,4.0,4.0
104824,,3.0,,,,,3.5,,,3.0,2.5,,3.0,3.5,3.0,,3.0,,2.5,2.0,3.5,,3.0,,,,,,4.5,,,3.0,,2.5,3.0,1.0,,,,,3.0,,,2.5,,3.0,,,3.0,3.5,2.5,,3.5,4.0,,3.0,3.0,,,3.5,,,3.0,3.0,,2.0,,2.5,1.0,,,,,,,,,2.5,3.0,,,,3.0,,3.0,,4.0,3.0,3.5,4.0,,,,3.5,3.0,3.0,,3.5,3.5,,,,3.0,4.0,,,4.5,3.0,3.5,3.0,,,3.5,,3.0,,,3.5,3.0,3.0,2.5,2.0,,,,3.0,,,3.0,2.0,2.5,3.0,,3.0,2.0,4.0,1.0,3.0,4.0,2.0,3.0,2.5,3.0,5.0,,3.5,3.0,,,2.0,,3.5,3.0,3.5,,3.0,2.0,3.5,,3.0,,,3.5,3.0,,,3.5,,,3.0,,3.0,,,,,1.0,2.0,,3.5,3.5,,1.0,3.0,4.0,3.5,4.0,,3.0,3.0,3.0,3.5,2.0,3.0,,3.5,3.5,,3.5,1.0,1.0,3.0,4.0,2.5,4.0,3.0,3.0,,3.0,3.0,3.5,2.5,5.0,2.5,2.5,4.0,3.5,3.0,0.5,3.5,3.0,3.0,2.0,3.5,3.0,4.5,3.0,3.0,,,4.5,3.5,3.0,4.0,3.5,2.5,3.0,3.5,3.0,3.0,2.5,3.0,2.0,4.5,3.5,2.5,2.5,3.0,4.0,4.0
104916,2.0,3.0,4.5,3.0,3.5,3.0,5.0,,2.5,2.0,,,2.5,3.0,1.0,,3.0,,,2.5,4.0,,2.0,3.5,,2.0,,,4.0,,2.5,,,2.5,,3.0,,2.0,2.5,3.0,3.0,,2.5,2.5,2.5,,,,,,4.5,,2.0,4.0,3.5,3.5,4.0,,0.5,4.0,4.0,3.0,3.0,,,4.5,,,3.0,,,3.0,4.0,,,,2.5,5.0,,3.5,3.0,,2.0,,3.0,2.0,2.5,5.0,4.0,4.0,5.0,3.5,,4.0,4.0,4.5,4.0,5.0,3.0,,,5.0,5.0,4.0,3.5,4.0,5.0,4.5,4.0,,,3.0,4.0,,,,,3.5,4.0,4.0,4.0,,3.5,2.5,,4.0,,4.0,3.0,,2.0,3.0,2.5,4.5,,4.0,5.0,3.0,4.5,1.5,3.5,2.0,4.5,5.0,,3.0,,3.5,2.0,2.0,5.0,4.5,3.5,3.0,1.5,3.0,2.5,4.0,,3.0,,,,,,2.5,3.5,,,3.0,2.5,4.5,4.0,,4.0,,2.0,3.0,1.0,3.5,3.5,3.0,4.5,4.0,4.0,4.5,4.5,,3.5,5.0,3.5,3.5,3.5,3.5,4.0,3.0,2.0,,4.0,,3.0,2.5,3.0,5.0,3.5,2.5,4.5,3.5,4.0,2.0,4.0,4.0,3.5,2.5,4.0,2.5,4.5,2.5,2.0,3.5,4.0,,,3.0,4.0,2.5,,1.5,3.5,,4.0,3.0,1.0,4.5,4.0,3.5,,4.0,4.0,2.5,,3.5,4.0,4.0,4.0,3.5,4.0,3.5,3.0,3.5
105357,,5.0,4.0,2.5,4.5,,5.0,,,3.0,,,3.5,,,,,,3.0,,,2.5,1.0,,,,,,2.0,3.5,,3.5,4.5,1.0,,4.0,,2.5,2.5,3.5,2.5,,,3.0,3.0,,4.5,,,,3.5,,4.0,2.5,5.0,,4.5,,2.5,5.0,4.0,,3.0,2.5,0.5,4.0,,,,5.0,3.0,5.0,5.0,5.0,4.0,4.5,5.0,5.0,,5.0,,2.0,3.0,5.0,3.0,2.0,,2.5,4.5,3.0,3.5,5.0,4.0,3.5,3.5,4.5,5.0,3.5,4.5,5.0,3.5,5.0,5.0,4.5,3.5,5.0,5.0,3.5,4.5,,,,4.0,3.5,4.5,4.5,4.0,4.0,,,,,5.0,,,1.5,4.0,4.0,2.5,,,,1.0,2.5,2.5,4.5,4.0,4.5,4.5,3.0,4.5,1.5,4.5,3.5,3.5,2.5,3.0,3.5,,2.0,3.0,4.0,1.5,3.5,3.0,,,3.0,1.5,4.0,4.0,3.5,3.0,,3.0,,,2.5,3.5,4.0,3.5,3.5,3.5,,3.5,2.0,2.5,,,,,4.0,4.5,3.0,2.5,3.5,,3.5,2.5,5.0,,,4.0,3.0,4.0,2.0,3.5,,3.0,,,4.0,3.5,,,4.0,4.0,3.0,4.0,3.5,4.0,3.5,3.0,,4.5,2.0,3.5,2.5,,3.5,3.0,,2.5,,4.0,3.0,3.0,,3.5,1.5,3.0,3.0,,,4.0,,4.0,4.0,,,,4.0,3.5,4.0,3.5,3.5,4.0,4.0,,3.5
105498,,3.0,4.0,3.5,5.0,4.0,5.0,,1.0,4.5,3.0,,3.0,,,,4.0,,2.0,2.5,5.0,,3.5,4.0,1.0,,,,4.5,,,,4.0,4.5,,3.5,,,,,,4.0,,4.5,,,3.5,4.5,,,4.5,,3.5,4.0,4.0,3.5,4.0,,4.0,5.0,,,3.5,,,3.5,,3.5,4.0,,4.5,,,3.5,,4.5,5.0,5.0,,4.5,5.0,3.0,3.5,3.0,4.5,2.0,4.0,4.0,4.5,3.5,3.0,3.5,4.5,5.0,3.0,5.0,,5.0,4.5,4.5,4.0,2.0,4.5,4.0,5.0,,4.0,4.0,4.0,4.0,5.0,3.5,,5.0,3.0,,4.0,4.5,,4.0,,,2.0,4.5,4.0,5.0,,4.5,4.0,4.0,3.0,4.5,,4.0,4.5,4.5,5.0,4.0,4.5,4.0,4.5,2.0,4.0,3.5,3.0,3.5,3.0,4.5,3.0,3.5,3.5,4.0,4.5,4.0,3.5,3.5,3.5,3.0,,4.0,4.0,4.5,3.5,2.5,4.0,3.5,5.0,3.5,3.0,4.5,3.5,5.0,4.0,3.5,4.5,4.0,3.0,4.0,,4.0,3.5,4.0,5.0,3.0,3.0,5.0,5.0,3.0,4.0,4.5,4.0,3.5,4.5,5.0,4.0,3.0,2.0,4.0,3.0,,5.0,3.0,5.0,4.0,4.0,4.0,4.5,3.5,4.0,4.0,5.0,3.0,4.5,3.5,3.5,5.0,4.0,2.0,3.0,3.5,4.0,3.5,2.0,5.0,4.5,4.0,4.0,3.5,5.0,3.5,2.5,3.5,3.0,3.0,5.0,4.0,4.0,4.0,4.0,4.5,3.5,2.5,4.0,4.5,2.0,4.0,5.0,4.0,4.5,4.0
105580,3.0,3.0,3.0,3.0,2.5,3.0,4.0,2.0,,,,1.0,,2.0,3.5,1.5,,2.0,1.5,2.0,3.0,2.0,1.0,1.0,2.5,1.0,2.5,2.5,2.5,3.0,,2.0,2.0,2.0,2.5,2.5,,,,,2.0,2.5,,3.0,,,2.5,3.0,,2.5,3.5,,3.5,4.0,2.5,2.5,3.5,2.5,4.0,2.5,3.5,2.0,3.5,2.5,,3.0,,,3.0,3.5,3.5,4.0,5.0,3.5,4.0,4.5,3.0,2.5,2.5,,2.5,4.5,2.0,,3.5,2.5,3.5,3.5,3.0,1.5,4.0,5.0,2.5,3.0,2.5,3.0,2.0,3.5,3.0,1.5,1.5,3.5,4.0,2.5,3.0,4.0,3.5,3.5,3.5,,1.5,,3.0,3.5,,3.0,2.0,3.5,,,,3.5,3.5,3.0,2.5,2.5,2.5,2.5,1.0,2.0,2.5,2.5,2.5,3.5,2.5,3.0,1.5,,2.0,,3.5,,2.5,1.5,3.5,3.0,2.0,3.0,2.0,2.5,,4.0,3.0,3.5,3.0,,,3.0,1.5,2.0,,3.5,2.5,,2.0,2.0,1.5,2.5,2.0,2.5,,2.0,2.5,2.5,1.0,3.0,3.0,1.0,1.5,2.0,,3.0,3.0,3.0,,2.0,1.5,2.0,3.0,4.0,3.0,,2.5,2.5,2.0,2.5,2.0,2.5,2.5,2.0,,3.0,2.0,3.0,1.5,2.5,4.5,2.5,3.0,3.5,2.0,3.5,3.0,2.5,3.0,1.5,3.0,1.0,2.5,3.0,3.0,,1.5,2.5,4.0,3.0,3.0,2.5,3.5,2.5,2.0,2.0,,4.5,2.5,3.5,3.0,2.0,2.0,1.5,2.5,2.5,3.0,3.5,3.0,3.0,3.5,4.0,4.0,3.5
105588,2.0,3.0,3.5,,3.5,,4.5,,4.0,3.5,3.0,,4.0,3.5,,,0.5,,5.0,3.5,5.0,,3.5,4.5,1.5,1.5,,,3.0,2.5,,3.5,4.5,4.0,1.5,5.0,2.0,4.0,4.0,2.0,4.0,,4.5,4.5,0.5,3.5,,3.0,,,4.5,4.0,1.5,5.0,1.5,5.0,5.0,,1.5,4.0,4.0,,4.5,3.0,,4.0,,4.0,2.0,,,3.5,3.5,5.0,,,,5.0,4.5,,,2.0,1.5,3.5,3.5,1.0,2.5,4.5,5.0,,4.5,,3.5,4.0,,4.5,4.0,5.0,,,3.5,2.0,5.0,,3.5,4.5,5.0,4.0,4.0,3.5,5.0,,4.5,,,4.5,4.0,2.5,4.5,4.5,4.0,,4.0,0.5,2.5,4.0,1.5,4.0,4.5,4.0,4.5,4.0,4.5,4.5,3.5,,4.5,2.0,4.0,3.0,,3.5,1.5,1.0,3.0,4.0,3.5,4.0,3.0,4.5,1.5,3.5,5.0,4.5,2.0,3.0,,4.0,,3.5,3.0,4.0,,2.5,1.0,4.0,,2.0,3.0,4.5,3.5,,5.0,,,4.0,,4.5,1.0,2.0,4.5,1.5,4.0,5.0,5.0,,,4.0,3.5,,4.5,3.5,1.0,2.0,,5.0,5.0,3.5,,3.5,,5.0,3.5,4.0,4.0,0.5,5.0,2.5,4.0,,2.0,,4.0,,,,2.5,1.5,,4.5,,,4.5,,,1.0,,,,3.5,4.5,1.5,,,3.0,,4.0,1.0,,4.0,,1.0,4.0,3.5,4.5,3.5,,2.5,4.5,
106308,,,,,,,,,,,,4.0,4.0,,,,,,,1.5,3.0,,,,,,4.0,2.0,3.0,,,3.0,4.0,,,3.0,,,,3.0,,3.0,,3.0,,,4.0,3.0,3.0,,,2.5,2.5,,2.0,4.0,4.0,3.0,4.0,3.0,,,,,,,3.0,,,5.0,,4.0,4.5,4.0,4.0,4.5,5.0,5.0,5.0,3.0,,4.0,,4.0,4.0,4.0,,4.0,4.0,3.0,3.0,5.0,4.0,4.0,4.0,3.0,5.0,2.0,4.0,4.0,5.0,5.0,3.0,4.0,,5.0,,4.0,4.0,,5.0,4.0,3.0,4.0,4.0,4.0,3.0,,3.0,3.0,3.0,4.0,4.0,2.0,3.0,2.0,2.0,,4.0,,,4.5,3.0,1.0,,3.0,3.0,4.0,4.0,,4.0,3.0,,2.0,3.0,,,3.0,,,4.0,3.0,5.0,,,,,3.0,4.0,5.0,3.0,3.0,3.0,,,4.0,2.0,4.0,3.0,,4.0,,3.0,,,,4.0,4.0,,4.0,,4.0,4.0,4.0,3.0,4.0,,,,4.0,,4.0,5.0,3.0,4.0,,3.0,,,,4.0,,5.0,,,4.0,4.0,,,4.0,3.0,,,4.0,,,4.0,4.0,4.0,,4.0,3.5,,,4.0,,3.0,,4.0,,,3.5,,4.5,,4.0,4.0,4.0,4.0,,4.0,,4.0,,,3.0,4.0,,4.5,
106441,,3.0,,,,,3.0,3.0,4.0,,4.0,,4.0,3.0,3.0,,,1.0,3.0,3.0,4.0,,4.0,4.0,4.0,3.0,4.0,,,3.0,2.0,4.0,4.0,3.0,3.0,4.0,3.0,4.0,3.0,3.0,1.0,2.0,3.0,4.0,3.0,3.0,2.0,,3.0,4.0,5.0,,3.0,4.0,4.0,3.0,3.0,3.0,,3.0,,3.0,3.0,3.0,,3.0,,3.0,3.5,5.0,3.0,2.0,4.0,,5.0,,4.0,3.0,4.0,3.5,5.0,,3.0,2.0,1.0,3.0,2.0,4.0,4.0,3.0,4.0,,5.0,4.0,3.0,2.0,4.0,3.0,,,,5.0,4.0,,3.0,5.0,4.0,3.0,3.0,4.0,5.0,2.0,3.0,,3.0,3.0,,2.0,3.0,4.0,3.0,3.0,5.0,1.0,4.0,3.0,4.0,,2.0,3.0,3.0,3.0,,1.0,,3.0,3.0,4.0,1.5,4.0,,3.0,,2.0,,4.0,3.0,,,3.0,5.0,4.0,4.0,4.0,3.0,3.0,1.0,3.0,,3.5,4.0,3.0,3.0,3.0,4.0,3.0,,4.0,3.0,3.0,4.0,3.5,3.0,,,3.0,4.0,,2.0,4.0,3.0,3.0,3.0,3.0,3.0,3.0,,3.0,,,4.0,3.0,1.0,3.0,,3.0,3.0,,4.0,3.0,3.5,,4.0,4.0,,4.0,4.0,,2.0,4.0,,4.0,4.0,4.0,3.0,2.0,,4.0,3.0,3.0,2.5,2.5,4.5,,,,,4.5,4.0,3.0,3.0,4.0,3.5,5.0,,4.0,1.5,,4.0,3.5,4.0,3.0,,,4.0,4.0,,,,
106676,3.0,5.0,3.0,,3.0,3.0,3.0,3.0,4.0,,1.5,4.0,4.5,4.0,4.0,3.0,1.5,,1.5,4.0,0.5,3.0,2.5,,,,,4.0,,4.0,,4.0,,3.0,4.0,3.0,3.5,1.5,1.0,,3.0,4.0,,4.0,0.5,,3.5,,,5.0,4.0,,4.0,3.0,4.0,3.0,3.0,,1.0,0.5,4.0,4.0,5.0,0.5,,3.0,,1.0,1.5,,3.0,,,,,,3.0,4.0,3.0,3.0,4.0,4.0,3.0,3.0,3.0,4.0,4.0,0.5,3.0,,4.0,5.0,,1.5,1.5,4.0,4.0,5.0,1.5,4.0,,,4.0,4.0,1.5,,4.0,4.0,3.0,,,,3.0,1.5,1.5,3.0,4.0,,3.5,4.0,3.0,3.0,3.0,,5.0,,1.5,4.0,1.5,1.5,4.0,3.0,4.0,4.0,4.0,4.0,3.0,3.5,,,5.0,,3.0,5.0,4.0,,,5.0,2.0,3.0,4.0,1.5,1.5,3.0,3.0,3.0,,3.0,,5.0,2.0,3.0,4.0,3.0,4.0,,0.5,3.0,3.0,3.0,3.5,3.0,,4.0,,3.0,3.0,1.0,0.5,3.0,,4.0,0.5,3.0,3.0,0.5,,3.0,3.0,1.0,,0.5,,3.5,,4.0,5.0,4.0,,4.0,,,4.0,4.0,0.5,4.0,1.5,,4.0,3.0,,2.0,5.0,0.5,5.0,0.5,0.5,4.0,3.0,4.0,4.0,1.5,1.5,,3.0,0.5,3.0,3.0,5.0,3.0,4.0,3.0,3.0,3.0,1.5,1.5,4.0,1.5,5.0,1.5,,3.0,0.5,5.0,4.0,5.0,0.5,0.5,1.0,5.0
106906,3.5,,3.0,,4.0,5.0,,3.0,5.0,,4.0,4.0,,3.0,,2.5,4.0,,,4.0,5.0,3.0,1.0,,5.0,2.0,5.0,,,4.0,3.5,5.0,5.0,4.0,4.0,5.0,3.0,,3.0,4.0,4.0,4.0,3.0,4.0,4.0,4.0,,,4.0,3.0,,3.0,4.0,4.0,4.0,5.0,4.0,5.0,5.0,5.0,,5.0,4.0,4.0,,,5.0,,2.0,5.0,5.0,5.0,5.0,5.0,5.0,5.0,5.0,3.5,5.0,3.0,5.0,5.0,3.5,4.0,5.0,5.0,4.0,5.0,5.0,3.5,,,4.0,5.0,4.0,,3.0,,,,5.0,,5.0,4.0,5.0,,3.0,5.0,5.0,5.0,5.0,5.0,5.0,,4.0,4.0,5.0,4.0,4.0,5.0,4.0,5.0,3.0,3.0,4.0,5.0,4.0,,3.0,3.0,3.5,4.0,4.0,,3.0,,,4.0,4.0,4.0,4.0,5.0,,4.0,4.0,,4.0,5.0,,3.5,4.0,5.0,3.5,5.0,4.0,4.0,5.0,3.0,,,4.0,4.0,3.5,4.0,5.0,4.0,,5.0,4.0,2.0,3.5,5.0,5.0,5.0,4.0,4.0,4.5,3.0,3.0,4.0,,4.0,5.0,5.0,4.0,5.0,5.0,4.0,5.0,4.0,5.0,4.0,5.0,5.0,4.0,3.0,3.0,3.5,5.0,,5.0,4.0,4.0,,4.0,4.0,5.0,5.0,,4.0,,,,,4.5,4.5,,,,4.5,4.0,3.5,4.0,,,,,4.5,,,,,,,,,,,,,,,,,,,,,,
106939,5.0,4.0,4.0,3.0,,4.0,5.0,,3.0,,3.0,4.0,5.0,4.0,3.5,,2.0,,3.0,2.0,5.0,,,5.0,,,,,3.0,3.0,4.0,4.0,2.0,5.0,3.0,4.0,4.0,4.0,4.0,5.0,3.0,4.0,,5.0,3.0,5.0,4.0,5.0,4.0,5.0,5.0,,4.0,5.0,5.0,4.0,5.0,5.0,4.0,5.0,,5.0,4.0,4.0,2.0,5.0,,,4.0,,5.0,5.0,5.0,5.0,5.0,5.0,5.0,5.0,5.0,4.0,5.0,4.0,5.0,,5.0,5.0,5.0,5.0,5.0,5.0,5.0,5.0,5.0,5.0,5.0,5.0,5.0,4.0,5.0,5.0,5.0,5.0,5.0,5.0,,5.0,5.0,5.0,5.0,4.0,5.0,5.0,5.0,5.0,5.0,5.0,5.0,4.5,4.0,5.0,3.0,4.0,4.0,3.0,5.0,5.0,5.0,5.0,5.0,4.0,4.0,4.0,4.0,3.0,4.0,5.0,,4.0,5.0,,5.0,4.0,4.0,5.0,5.0,4.0,3.0,4.5,4.0,2.0,5.0,5.0,5.0,4.0,4.0,4.0,4.0,5.0,5.0,5.0,5.0,5.0,5.0,3.0,5.0,4.0,3.0,4.0,4.0,5.0,4.0,5.0,5.0,,5.0,5.0,3.0,5.0,1.0,5.0,5.0,5.0,5.0,5.0,5.0,5.0,,4.0,4.0,2.0,4.0,3.0,4.0,5.0,,4.0,5.0,,,4.0,2.0,5.0,5.0,,4.5,4.0,5.0,,5.0,4.5,4.5,5.0,5.0,,4.5,4.5,4.5,5.0,4.0,5.0,5.0,4.0,5.0,,5.0,4.0,5.0,4.5,,,5.0,5.0,4.0,,5.0,,4.5,,3.5,,,5.0,,5.0,4.0,5.0,,4.5,,
107326,3.0,4.0,3.0,4.0,5.0,3.0,4.0,,4.0,,,,5.0,4.0,3.0,3.0,,3.0,2.0,3.0,,3.0,3.0,4.0,3.0,3.0,4.0,3.0,5.0,3.0,,4.0,5.0,5.0,4.0,5.0,3.0,4.0,2.0,4.0,2.0,4.0,3.0,5.0,2.0,4.0,5.0,4.0,3.0,3.0,3.0,,3.0,4.0,5.0,3.0,5.0,5.0,4.0,5.0,5.0,3.0,4.0,3.0,,5.0,,3.0,4.0,5.0,4.0,4.0,4.0,5.0,5.0,5.0,5.0,5.0,5.0,,3.0,3.0,3.0,5.0,5.0,4.0,3.0,5.0,5.0,4.0,3.0,5.0,5.0,4.0,5.0,5.0,5.0,5.0,5.0,5.0,5.0,5.0,3.0,4.0,4.0,5.0,2.0,4.0,5.0,3.0,3.0,5.0,4.0,3.0,5.0,4.0,4.0,4.0,,3.0,3.0,2.0,5.0,3.0,4.0,4.0,4.0,5.0,3.0,3.0,4.0,4.0,4.0,4.0,3.0,3.0,5.0,5.0,5.0,2.0,3.0,3.0,4.0,1.0,5.0,5.0,4.0,5.0,4.0,3.0,3.0,5.0,4.0,4.0,4.0,4.0,3.0,3.0,5.0,5.0,4.0,5.0,5.0,3.0,3.0,,3.0,4.0,5.0,4.0,3.0,,4.0,,4.0,4.0,4.0,3.0,2.0,3.0,4.0,5.0,5.0,4.0,4.0,5.0,,3.0,3.0,5.0,4.0,,3.0,5.0,5.0,4.0,4.0,2.0,,4.0,,3.0,5.0,4.0,4.0,3.0,5.0,3.0,3.0,5.0,4.0,5.0,4.0,4.0,4.0,4.0,5.0,5.0,4.0,4.0,5.0,,4.0,,,,,,,,,,,,,,,,,,,,,,,,,,,
107356,3.0,4.5,,,,,5.0,,3.0,3.5,3.5,3.0,5.0,4.5,,2.5,,2.5,,3.5,,,3.5,3.5,2.0,1.5,,,,,2.5,4.0,,3.0,3.0,3.0,2.0,3.0,2.0,3.0,3.0,3.0,2.5,4.0,2.0,3.0,,,3.0,3.5,,3.0,3.0,4.0,4.0,4.0,5.0,4.0,4.0,5.0,,3.0,3.0,3.0,,4.5,2.5,,,5.0,5.0,4.0,4.0,,5.0,3.0,5.0,5.0,4.0,3.0,4.0,2.0,3.0,,4.0,3.0,4.0,5.0,5.0,,4.0,,5.0,5.0,4.0,5.0,4.0,4.0,,,5.0,4.0,4.0,5.0,,5.0,4.5,3.5,4.0,4.0,4.0,5.0,4.0,,4.5,5.0,,3.0,4.0,4.0,3.0,2.0,5.0,4.0,4.0,4.0,4.5,,4.0,3.5,2.5,3.5,3.5,4.0,3.0,4.0,3.0,4.0,3.0,3.0,5.0,3.5,,3.5,4.0,4.5,3.5,4.0,3.0,3.0,4.0,4.0,,4.0,4.0,3.0,3.5,3.0,,5.0,3.0,4.0,4.5,3.0,3.0,3.5,,4.0,3.0,3.0,3.0,3.5,3.5,3.0,4.0,3.5,4.0,2.5,,3.5,3.0,3.0,4.0,3.0,3.5,3.5,4.0,,,4.0,3.5,3.5,3.5,5.0,5.0,3.5,4.0,,4.0,3.5,4.0,4.0,5.0,5.0,4.0,4.0,4.0,4.5,3.5,4.0,4.0,3.5,4.0,4.5,4.0,4.0,5.0,4.0,4.5,4.0,4.0,3.0,4.0,4.0,5.0,4.0,3.5,4.0,4.0,4.0,3.5,4.5,4.0,5.0,3.5,4.0,4.5,4.5,4.0,,4.0,4.5,4.0,4.5,4.0,4.5,4.0,3.5,4.0,4.5
107640,3.0,,4.0,3.5,3.5,,4.5,,3.5,1.5,,3.5,3.5,4.0,,,,2.5,3.5,2.5,1.5,4.0,4.0,3.0,3.0,,,2.0,1.5,3.5,1.5,3.5,4.5,3.0,,4.0,4.0,3.5,,,4.0,3.0,3.0,4.5,3.0,4.5,4.0,,3.0,2.0,4.0,,5.0,4.0,4.5,4.5,5.0,5.0,3.5,4.0,3.0,,4.0,3.0,3.5,2.0,,3.5,3.5,3.5,3.5,3.5,3.5,4.5,1.5,3.5,3.0,3.5,0.5,,2.5,3.5,4.0,,4.5,4.0,3.0,3.5,5.0,2.5,3.5,4.5,3.5,3.0,5.0,4.0,5.0,4.0,3.5,4.5,4.0,3.0,4.0,4.0,,4.5,4.5,4.0,4.0,3.0,4.0,1.5,4.5,5.0,3.0,3.0,3.5,3.5,5.0,5.0,5.0,4.0,5.0,3.5,2.5,,3.0,3.5,3.5,3.5,3.5,4.0,4.5,3.0,3.5,1.5,3.5,4.5,4.0,3.5,2.5,4.5,3.5,2.0,4.0,,4.0,4.0,3.0,3.0,3.5,4.0,4.5,3.5,5.0,4.5,5.0,4.0,3.0,3.5,4.0,4.5,4.0,4.0,4.0,3.0,2.0,4.0,4.0,4.0,5.0,3.5,4.0,2.0,2.5,3.5,3.5,4.0,3.5,4.5,4.0,4.0,4.5,4.0,4.0,2.0,,4.0,4.5,,3.5,3.0,3.5,4.0,,4.0,4.0,,3.5,,4.0,1.0,1.5,1.0,2.0,5.0,1.0,3.5,3.0,4.0,1.0,3.5,1.5,2.0,4.0,1.0,3.0,3.0,4.0,2.5,2.5,3.5,3.0,3.0,4.0,3.0,3.5,,4.0,1.5,3.5,3.5,,3.5,3.5,3.0,3.0,3.5,4.0,3.5,2.0,3.5,3.5,3.5,1.5,4.5,3.0,4.5,3.0,2.5
108142,0.5,2.0,4.0,,3.0,2.0,4.5,1.0,1.5,,,,2.5,1.0,3.5,2.5,2.5,,3.0,1.5,,,1.5,3.5,,1.0,,3.5,3.5,,,2.0,1.0,0.5,1.5,3.5,,2.0,2.0,,2.0,2.5,,2.0,1.0,,,,1.5,2.5,3.5,,,4.0,3.0,3.5,3.5,,1.5,3.0,,,2.0,1.5,2.5,4.0,,,1.5,,,3.5,3.5,,,2.0,3.0,4.0,,,2.5,,3.5,2.5,2.0,3.0,2.5,1.5,4.0,3.0,5.0,,2.5,4.0,4.0,3.5,4.0,4.0,,3.5,,4.5,4.0,2.5,3.5,3.0,4.0,,3.0,3.5,,,4.0,,,,,3.5,3.0,3.0,2.5,2.5,3.0,1.0,1.5,2.5,2.5,4.0,1.0,1.5,1.5,1.5,2.0,3.5,3.5,4.0,,,2.5,2.0,2.5,2.0,4.0,2.5,3.5,3.0,2.0,,2.0,2.5,4.0,2.0,4.0,2.5,1.0,3.5,,3.0,4.0,3.5,,3.5,3.0,2.5,4.0,,,,,2.0,3.5,,2.5,,,1.5,2.5,1.0,1.5,2.0,,2.5,2.5,3.0,3.0,3.0,,,3.0,4.0,,1.5,2.5,2.5,3.0,3.5,3.0,3.0,,3.0,,3.5,3.5,4.0,3.5,2.5,3.0,,3.5,1.5,3.0,3.0,,,3.5,,3.0,3.0,3.0,3.5,3.0,2.0,1.5,,2.5,3.5,2.0,2.5,2.5,3.0,3.5,2.0,2.0,4.0,4.0,1.5,3.0,,,,,2.5,,3.5,3.0,4.0,3.5,4.0,3.5,4.0
108248,3.0,1.0,,,,,3.0,3.0,3.0,3.0,1.0,,3.0,3.0,3.0,3.0,0.5,,3.0,3.0,4.0,0.5,3.0,3.0,,,,,1.0,,,3.5,2.0,3.0,4.0,3.0,4.0,1.0,1.0,,3.0,0.5,,4.0,3.0,,,,3.0,5.0,,2.0,3.0,4.0,2.0,3.0,3.0,3.0,2.0,1.0,,3.0,3.0,3.0,,3.0,3.0,,3.0,,,3.0,4.0,,3.0,,1.0,3.0,3.0,1.0,4.0,0.5,1.0,,3.0,3.0,3.0,5.0,5.0,,,,,,5.0,4.0,,,3.0,,,,3.0,3.0,1.0,,,3.0,5.0,0.5,3.0,3.0,5.0,,3.0,,,4.0,4.0,2.0,3.0,,4.0,1.0,2.0,,3.0,,3.0,2.0,3.0,4.0,4.0,3.0,0.5,3.0,1.0,3.0,3.0,2.0,3.0,3.0,1.0,5.0,,5.0,1.0,,0.5,3.0,1.0,3.0,2.0,3.0,3.0,3.0,5.0,5.0,3.0,3.0,3.0,5.0,3.0,3.0,3.0,1.0,,5.0,3.0,3.0,3.0,4.0,1.0,3.0,,4.0,4.0,3.0,1.0,5.0,1.0,3.0,4.0,3.0,3.0,1.0,3.0,3.0,4.0,,4.0,3.0,0.5,3.0,,3.0,3.0,3.0,4.0,3.0,4.0,3.0,4.0,3.0,3.0,3.0,5.0,,,3.0,3.0,3.0,2.0,4.0,4.0,1.0,2.0,,4.0,4.0,4.0,3.0,3.0,4.0,,4.0,3.0,4.0,5.0,4.0,4.0,5.0,4.0,5.0,3.0,4.0,4.0,1.0,5.0,3.0,4.0,1.0,4.0,3.0,5.0,5.0,1.0,1.0,4.0,5.0
108967,,2.0,3.5,,,,2.0,2.5,2.5,,3.0,,3.0,3.0,2.5,,1.0,,2.5,1.5,2.5,1.0,,3.0,,,4.0,3.5,3.5,2.0,,3.0,3.5,1.0,3.0,3.0,1.0,,3.0,3.0,1.0,3.5,2.0,2.5,,,4.0,,,3.0,4.0,,2.0,4.0,3.5,3.5,4.0,5.0,2.5,5.0,,,1.0,,2.0,5.0,,2.0,2.0,4.0,,5.0,4.0,3.5,,,,5.0,,3.0,,2.0,2.0,5.0,3.0,4.0,,5.0,5.0,5.0,5.0,,5.0,5.0,4.0,5.0,5.0,4.0,4.0,5.0,4.0,4.0,4.0,3.5,4.5,5.0,5.0,5.0,3.0,4.5,3.5,4.0,4.0,4.0,3.0,5.0,4.0,,3.0,4.0,3.0,2.5,5.0,3.5,4.0,5.0,4.0,3.0,4.5,1.0,,1.0,3.0,2.5,4.0,5.0,3.0,3.5,3.0,3.5,3.5,3.0,4.0,2.0,3.0,2.0,,3.0,2.0,1.0,4.0,4.0,5.0,4.5,3.0,2.0,3.0,1.0,4.0,3.5,2.0,4.5,2.0,3.5,4.5,3.0,4.0,4.0,3.0,3.5,3.0,4.0,3.0,,5.0,3.0,3.5,2.0,,5.0,4.0,2.5,3.5,3.0,3.0,3.5,4.0,4.0,,3.0,4.0,2.0,5.0,4.0,3.5,3.0,3.5,2.0,3.0,2.0,3.5,1.0,5.0,2.0,3.5,4.0,4.5,4.0,4.0,5.0,2.5,3.0,5.0,3.5,3.5,3.5,,,2.5,3.5,3.0,,3.0,4.0,3.5,,3.5,3.5,4.0,3.5,4.0,4.0,,4.5,3.5,4.0,3.5,3.5,4.0,4.5,3.5,2.0,4.0,4.0,3.5,3.0,,4.0,3.0,4.0
109883,2.0,4.0,5.0,3.0,5.0,2.0,4.0,,2.0,4.0,1.0,2.0,4.0,4.0,,1.0,2.0,1.0,4.0,3.0,3.5,,4.0,3.0,4.0,,2.0,2.0,4.0,2.0,,3.0,4.0,3.0,1.0,3.0,0.5,2.0,4.0,4.5,,3.0,1.0,3.0,1.0,,2.0,4.0,,4.0,4.0,2.0,4.0,3.0,5.0,3.0,4.0,,5.0,5.0,4.0,,2.0,1.0,2.0,2.0,,4.5,3.0,,4.0,4.0,4.0,4.0,,4.0,3.0,5.0,,3.0,5.0,4.0,4.5,4.0,4.0,4.0,4.0,5.0,4.0,4.0,,,,5.0,3.0,5.0,4.0,5.0,4.5,4.0,3.0,4.0,5.0,4.0,5.0,4.0,5.0,4.0,3.0,,3.0,,3.0,4.0,5.0,4.0,4.0,4.0,,3.0,3.0,4.0,5.0,3.0,5.0,5.0,3.0,4.0,5.0,3.0,2.0,3.0,2.0,4.5,4.0,2.0,5.0,3.0,5.0,3.0,5.0,,3.0,3.0,3.0,4.0,4.0,4.0,4.0,4.5,5.0,5.0,5.0,4.0,3.0,3.0,,3.0,4.0,5.0,3.0,4.0,3.0,2.0,4.0,2.0,5.0,4.0,4.0,3.0,4.0,3.0,5.0,,5.0,1.0,2.0,5.0,1.0,4.0,4.0,5.0,5.0,3.0,4.0,5.0,,4.0,5.0,4.0,3.0,4.0,4.5,4.0,4.0,4.0,5.0,2.0,3.0,4.0,5.0,2.0,3.0,2.0,2.0,4.0,5.0,3.0,5.0,3.0,4.0,3.5,4.5,,3.5,4.0,5.0,5.0,2.0,4.0,4.0,1.0,3.0,,5.0,3.5,4.5,4.0,2.5,4.0,3.5,3.0,2.5,,3.0,,4.0,3.5,2.5,4.0,,3.0,,4.0,4.0,4.0,4.0,4.0,4.0,4.0
110190,4.0,4.5,4.5,,,,4.5,3.0,3.5,3.5,,2.5,4.0,,,,,3.0,,,4.5,,4.0,3.5,,3.5,,,4.5,4.0,4.0,,,4.5,4.5,4.0,,,4.5,4.0,4.0,3.5,4.0,4.5,4.5,3.5,,4.0,4.0,4.0,5.0,4.0,4.0,5.0,,4.5,5.0,,,3.5,4.0,,4.0,,,4.5,2.5,,3.5,,3.5,,4.0,,,,4.0,4.5,4.0,,5.0,,3.5,3.5,4.5,,5.0,5.0,4.5,4.5,4.5,4.5,,4.0,4.5,5.0,5.0,5.0,4.0,3.5,,,4.0,3.5,,,4.5,5.0,5.0,3.5,5.0,4.5,5.0,,2.5,3.5,4.0,3.5,5.0,4.5,4.5,3.0,4.0,4.0,3.0,4.0,,,4.0,4.0,2.0,5.0,3.5,3.5,3.5,4.5,5.0,,4.5,4.0,4.0,,5.0,5.0,,4.5,4.5,4.0,3.0,3.5,3.5,4.5,4.5,4.0,3.5,3.5,4.0,5.0,,4.0,3.5,3.5,,3.5,,3.5,3.5,,,4.5,4.0,5.0,4.5,3.5,,4.0,4.0,4.0,4.0,5.0,,,5.0,5.0,4.0,4.0,,4.0,5.0,4.0,4.5,4.0,,4.5,,4.5,5.0,3.5,3.5,4.5,4.0,3.0,,5.0,4.0,3.5,4.0,,4.0,4.0,3.5,,3.5,4.0,4.0,4.5,3.5,2.5,3.5,3.0,4.5,3.5,3.5,,4.0,4.0,3.5,4.0,3.5,3.5,4.5,4.0,4.0,,5.0,3.5,,3.5,4.0,4.0,4.0,4.5,4.5,4.5,,,4.0,4.5,4.5,4.5
110706,4.0,3.0,4.0,1.5,5.0,2.5,4.5,3.0,2.0,3.0,,3.5,4.5,,3.5,,,,,,2.5,,2.0,,,,4.5,,,4.0,3.0,3.5,4.5,3.0,,4.0,2.5,3.0,0.5,3.5,,3.0,0.5,4.5,0.5,2.0,4.0,3.0,2.0,,2.5,3.0,4.0,5.0,3.5,4.0,5.0,,4.0,4.0,,,5.0,4.0,0.5,,2.5,,3.0,,,,2.0,,,3.0,,,,4.5,,3.0,1.5,,3.5,4.0,3.0,0.5,4.5,,1.0,,,3.5,4.0,4.5,4.0,3.5,3.0,3.5,4.0,,4.0,3.0,,,,4.0,4.0,1.0,,3.5,4.0,,,,5.0,4.5,,2.0,2.0,0.5,3.5,,2.5,3.0,,4.0,4.0,3.5,2.0,3.0,5.0,4.0,,3.5,4.0,4.0,4.0,1.0,5.0,2.5,2.5,,3.5,,4.0,4.0,4.0,4.0,,4.0,4.5,4.5,4.0,3.0,3.5,3.0,,5.0,4.0,4.5,3.0,2.0,,4.0,4.0,3.5,,,1.0,4.5,,2.5,3.0,4.0,3.5,2.5,,4.0,2.0,5.0,4.0,,1.5,3.5,,3.5,3.0,2.5,4.5,3.5,4.0,3.0,4.5,3.0,4.5,1.0,1.0,3.5,4.0,3.5,4.0,4.0,2.0,4.0,4.0,3.0,3.5,5.0,3.0,4.0,4.0,2.5,4.0,4.0,4.5,3.0,5.0,4.0,4.0,1.5,4.0,0.5,3.0,4.0,3.5,4.0,4.0,4.0,2.5,4.0,4.0,3.5,3.0,4.5,4.0,2.0,4.0,4.0,2.0,3.5,1.5,4.0,3.0,4.5,,3.5,,5.0
110758,3.0,3.0,3.0,3.0,3.0,3.0,4.0,3.0,2.0,4.0,3.0,2.0,4.0,3.0,4.0,2.0,3.0,,3.0,2.0,5.0,2.0,3.0,4.0,3.0,,,5.0,3.0,3.0,,3.0,4.0,4.0,4.0,4.0,2.0,3.0,,3.0,3.0,3.0,2.0,4.0,3.0,4.0,,4.0,3.0,4.0,5.0,2.5,3.0,5.0,4.0,4.0,4.0,4.0,3.0,5.0,4.0,3.0,3.0,3.0,2.0,5.0,,,3.0,5.0,4.0,5.0,5.0,5.0,4.0,,5.0,5.0,4.0,5.0,4.0,3.0,4.0,3.0,4.0,5.0,3.0,5.0,5.0,5.0,5.0,,5.0,5.0,5.0,5.0,5.0,5.0,5.0,4.0,,5.0,5.0,4.0,5.0,5.0,,4.0,5.0,4.0,4.0,5.0,4.0,3.0,4.0,5.0,4.0,4.0,3.0,4.0,3.0,3.0,4.0,4.0,4.0,5.0,5.0,3.0,5.0,2.0,3.0,4.0,3.0,4.0,3.0,4.0,4.0,4.0,4.0,3.0,5.0,3.0,3.0,5.0,4.0,4.0,4.0,5.0,3.0,4.0,4.0,4.0,4.0,3.0,3.0,4.0,5.0,3.0,,5.0,3.0,4.0,4.0,,4.0,4.0,5.0,4.0,4.0,4.0,4.0,4.0,3.0,4.0,4.0,2.0,4.0,4.0,,5.0,3.0,4.0,5.0,4.0,4.0,5.0,5.0,4.0,4.0,5.0,4.0,3.0,4.0,4.0,5.0,4.0,5.0,3.0,5.0,3.0,3.0,4.0,5.0,5.0,5.0,4.0,5.0,4.0,4.0,4.0,4.0,3.0,5.0,2.0,4.0,5.0,4.0,5.0,4.0,4.0,5.0,3.0,3.0,5.0,4.0,4.0,4.0,4.0,4.5,4.0,4.0,4.5,4.0,4.0,4.0,4.0,3.5,5.0,4.0,4.0,,4.0,4.5,4.5,4.5,4.0,4.0,4.0,4.0,5.0
110826,,3.5,3.5,2.5,4.0,,4.5,,3.0,,,,4.0,2.5,,,3.5,,3.0,,4.5,3.0,,,,,,,4.5,3.0,,2.5,,1.5,,3.5,,2.0,,,2.5,3.0,,3.0,1.5,3.0,,,,,3.5,,2.5,4.0,,3.0,4.5,,2.0,0.5,3.5,,3.0,2.5,,3.5,,,3.0,,3.5,3.5,3.5,4.0,,,4.5,3.5,,,3.5,2.0,2.5,1.5,3.5,1.5,2.5,3.5,3.5,3.5,3.0,,,4.5,3.5,3.5,4.5,,3.5,,2.0,4.5,3.5,2.0,3.5,,4.5,4.0,2.5,2.5,2.5,,3.0,,,,2.0,,,2.0,,0.5,3.0,2.0,2.5,0.5,,3.0,3.5,2.0,3.0,3.5,2.5,3.5,3.0,3.5,4.0,3.5,3.0,3.0,3.5,1.0,3.0,0.5,3.5,3.5,2.0,,3.0,2.5,3.0,3.0,4.0,3.0,2.5,2.0,,,5.0,4.0,2.5,3.0,,2.0,3.5,1.0,3.5,2.0,2.5,3.5,2.0,3.5,,,3.5,2.5,0.5,3.5,2.0,3.5,,3.5,4.0,4.0,3.0,,,2.5,4.0,5.0,3.0,2.5,2.5,3.0,2.5,3.5,3.0,3.0,,2.0,3.5,0.5,4.0,3.5,0.5,2.0,4.0,2.0,4.5,,,3.5,4.5,,3.5,,3.5,,,3.5,3.0,2.5,0.5,,4.0,2.5,3.5,3.5,4.0,2.5,2.0,3.0,3.5,4.0,3.5,,3.5,,4.0,3.0,,3.5,,,,1.5,2.5,,,
110847,3.5,4.0,,,4.0,,4.5,3.5,3.5,3.0,3.5,3.5,4.0,4.0,3.5,,,,3.5,3.0,4.0,3.5,3.0,,,3.0,,3.5,,3.5,3.5,3.5,4.0,3.5,,3.5,,3.5,,4.0,3.5,3.5,3.0,4.0,3.0,3.5,,4.0,,,4.0,3.0,3.5,4.0,4.0,4.0,4.0,3.0,3.5,4.0,4.0,3.5,3.5,3.5,,,3.5,3.5,3.5,,,,,4.0,,4.0,,4.0,,,3.5,3.5,4.0,3.5,4.0,4.0,4.0,4.5,4.0,4.5,,,,4.5,4.0,4.0,,4.0,4.0,,4.0,4.0,4.0,4.0,,,4.0,4.5,4.0,4.0,4.0,4.0,4.0,4.0,,4.0,4.0,,3.5,4.5,5.0,3.0,4.0,3.5,4.0,4.0,4.0,,4.0,3.0,3.5,4.0,4.0,,,3.5,4.0,4.0,4.0,3.5,4.0,3.5,4.0,4.0,3.5,,3.5,,3.5,3.5,4.0,4.0,,4.0,3.5,3.5,3.5,4.0,,4.0,3.5,4.0,4.0,3.5,4.0,4.0,3.5,4.0,3.5,3.5,3.5,4.0,3.5,,4.0,3.0,3.5,3.5,2.5,4.0,3.5,4.0,,4.0,4.0,4.0,,4.0,,,4.0,3.5,3.5,4.0,4.0,4.0,4.0,3.0,4.0,3.5,4.0,4.0,4.0,4.0,4.0,4.0,4.0,,3.5,4.0,4.5,4.0,,4.0,4.0,4.0,,4.0,4.0,4.0,4.0,3.0,4.0,4.5,4.0,3.5,4.0,3.5,4.0,4.0,4.0,4.0,,4.5,4.0,4.0,4.0,4.0,4.5,4.5,4.0,4.0,4.0,4.0,4.0,4.0,,4.0,5.0,4.5
110858,3.0,,3.5,0.5,2.5,2.0,4.0,,,2.0,,,3.0,,4.0,2.0,3.0,2.0,2.5,1.5,4.0,,0.5,4.0,1.0,0.5,5.0,3.0,3.5,2.5,,,3.0,2.0,3.0,3.0,2.5,0.5,2.0,,2.5,3.0,,3.0,,,3.5,,2.0,3.0,4.5,2.0,2.5,,4.0,4.0,5.0,3.5,2.5,5.0,,2.0,3.0,1.0,3.0,4.0,1.5,4.0,2.0,,,,4.0,,4.0,5.0,4.5,3.0,4.0,2.0,4.5,4.0,2.5,4.0,4.0,3.5,2.0,5.0,5.0,5.0,4.5,5.0,4.5,3.5,4.0,3.5,4.0,4.0,4.0,,4.0,4.0,4.0,5.0,5.0,,5.0,4.0,3.0,4.0,,5.0,5.0,4.0,4.0,4.0,3.5,3.5,1.5,4.0,3.0,3.5,3.0,3.0,4.0,4.0,3.0,,4.5,3.0,2.5,2.0,3.0,4.5,5.0,2.0,2.0,3.5,3.0,5.0,4.5,2.5,4.0,5.0,1.0,4.5,4.0,5.0,1.0,3.0,4.0,3.0,3.0,3.0,1.0,3.5,4.0,3.0,,4.0,2.5,,3.0,3.0,,3.5,5.0,3.0,3.0,4.5,3.0,4.5,5.0,1.5,4.0,1.5,4.0,3.0,0.5,4.0,,3.5,5.0,4.0,,3.0,5.0,3.0,4.0,2.0,0.5,4.0,4.5,5.0,5.0,,3.0,,3.5,,4.5,,4.5,4.5,5.0,3.0,5.0,4.0,4.0,3.0,0.5,4.5,5.0,4.0,4.0,5.0,3.5,,4.0,3.0,1.0,,,5.0,3.0,3.0,,4.5,3.0,,4.0,4.5,2.5,3.5,5.0,4.0,2.5,4.0,4.5,4.5,4.5,4.5,4.5,4.0,4.0,4.0,4.5,4.0,4.0,4.0
111549,3.0,,,3.0,,3.0,2.0,,2.0,,,,3.0,,3.5,1.0,2.0,3.0,,,4.0,2.5,,4.0,2.0,,4.0,3.0,,,,,4.0,3.0,4.0,4.0,3.0,,3.0,3.0,,3.0,3.0,3.0,3.0,,4.0,4.0,,3.0,,3.0,3.5,3.0,3.0,3.0,3.0,4.0,2.0,4.5,,3.0,,3.0,2.0,5.0,,,,5.0,5.0,4.0,5.0,5.0,5.0,4.0,5.0,5.0,4.0,3.0,3.0,4.0,,5.0,4.0,,,3.0,4.0,4.0,3.0,4.0,5.0,2.0,2.0,3.0,5.0,3.0,3.0,4.0,5.0,4.0,4.0,4.0,4.0,1.0,2.0,3.0,3.0,,4.0,5.0,3.0,3.0,3.0,4.0,4.0,3.0,2.0,3.0,4.0,3.0,2.0,2.0,3.0,4.0,3.0,,,,,3.0,,3.0,3.0,3.0,4.0,3.0,3.0,3.0,4.0,3.0,,2.0,3.0,4.0,3.0,2.0,,,3.0,3.0,,4.0,4.0,3.0,,3.0,5.0,,,2.0,3.0,,,3.0,3.5,4.0,3.0,3.0,4.0,,4.0,,3.5,2.5,2.0,,3.0,4.0,,3.0,5.0,4.0,5.0,5.0,4.0,,,3.0,4.0,3.0,2.0,1.0,4.0,2.0,3.0,,,,3.0,3.0,5.0,3.0,5.0,4.0,3.0,4.0,,,4.0,4.0,4.0,3.0,3.0,3.0,4.0,,3.0,3.0,3.0,2.0,1.5,,4.0,,3.0,3.0,4.0,3.5,,4.0,2.5,4.0,3.0,,3.5,3.0,3.5,,4.0,4.0,4.0,,4.0,4.0,4.0,,3.0,4.0
111880,2.5,3.0,3.5,3.0,3.5,3.0,4.0,2.5,,3.5,,3.5,3.5,,4.0,2.5,,,3.5,0.5,4.5,,3.5,5.0,,,,3.0,4.5,,,,,3.0,,2.5,,,2.0,,,2.0,3.0,4.5,,,,,2.5,,,2.5,,4.0,3.5,3.5,3.5,5.0,2.5,4.0,,2.5,,3.5,1.5,4.0,3.5,,,,,,,,,3.5,4.5,4.5,3.5,3.5,4.0,2.5,2.5,2.5,4.5,3.0,4.0,4.5,4.5,4.5,,4.5,,4.5,4.5,4.0,,4.5,4.0,4.0,4.0,,3.0,3.5,3.5,,4.0,4.0,3.5,3.0,3.5,4.5,4.0,,,,3.5,4.0,2.5,3.5,4.0,1.5,4.5,3.0,3.0,3.5,3.0,3.0,4.0,4.0,3.0,3.5,,3.0,3.5,,3.0,,3.5,3.0,4.0,3.0,3.5,4.0,3.0,4.0,3.5,,,2.5,3.5,4.0,4.5,3.0,,3.5,3.5,3.0,,4.0,3.5,3.0,3.5,,,3.5,3.5,3.0,3.0,4.0,,4.0,,,3.5,2.5,3.5,3.5,,3.5,3.5,3.0,4.5,3.5,3.5,4.0,4.0,3.5,3.5,,3.0,3.5,3.0,3.5,,3.0,3.5,2.0,,,,3.0,3.5,3.0,3.5,3.5,4.0,3.5,4.0,4.0,4.5,3.5,4.5,3.0,,3.5,3.5,,4.0,,4.0,3.5,4.0,5.0,4.5,4.0,4.0,3.0,4.5,3.0,3.5,3.5,3.5,5.0,4.0,4.0,,3.5,4.0,4.0,,4.0,4.0,3.5,4.0,3.0,,,,
111959,4.0,5.0,4.0,3.5,4.0,3.0,5.0,,4.0,3.0,,3.0,4.0,3.0,3.0,3.5,3.0,,,2.0,3.0,4.0,,,,3.0,,4.0,4.0,4.0,,4.0,4.0,4.0,,4.0,4.5,4.0,,4.0,4.0,4.0,4.0,5.0,3.0,,5.0,,4.0,,5.0,4.0,4.0,4.0,4.5,4.0,5.0,2.5,4.0,5.0,,3.0,4.0,4.0,2.5,5.0,,,4.0,5.0,3.0,5.0,5.0,5.0,5.0,5.0,5.0,5.0,3.5,5.0,5.0,2.0,5.0,4.0,5.0,4.0,4.0,5.0,5.0,5.0,3.0,4.0,5.0,5.0,4.5,5.0,5.0,5.0,,4.0,5.0,5.0,4.0,4.0,4.0,5.0,5.0,5.0,4.0,5.0,4.0,,4.0,4.0,5.0,5.0,4.0,4.0,,3.0,,4.0,5.0,4.0,4.0,5.0,4.0,4.0,4.0,3.0,4.0,4.0,3.0,5.0,4.0,4.0,4.0,4.0,4.0,4.0,4.0,3.0,4.0,4.5,3.5,,3.0,4.0,4.0,4.0,4.0,5.0,4.0,4.0,4.0,5.0,,4.0,5.0,5.0,4.0,5.0,5.0,4.0,3.0,,5.0,4.0,4.0,3.0,4.0,5.0,4.0,4.0,4.0,4.0,3.0,4.0,2.5,4.0,,4.0,5.0,5.0,5.0,4.5,,4.0,5.0,4.0,4.0,4.0,4.0,5.0,4.0,4.0,4.0,2.0,3.0,2.0,4.0,5.0,3.0,3.0,5.0,5.0,5.0,5.0,5.0,4.0,3.0,5.0,4.0,4.0,4.0,4.5,5.0,4.0,4.0,3.5,4.0,3.0,3.5,,4.0,3.5,4.0,2.5,,,5.0,4.0,2.0,3.5,3.0,3.5,4.0,4.0,5.0,4.0,,4.0,,4.0,4.0,5.0,,3.5,4.0,4.5
112365,2.0,,,,,,,1.0,,,,1.5,,,,,,,2.0,2.5,2.5,,1.5,4.0,,,,,2.0,,,,2.0,2.0,,2.0,,1.0,,,2.0,,1.5,2.0,2.0,,,,2.0,,2.5,,,3.5,,3.0,2.0,,1.0,3.0,,2.0,1.0,2.0,,2.5,1.5,,2.0,4.0,2.0,2.5,4.0,3.5,4.0,,4.0,4.0,,,,,,2.0,,2.0,2.0,4.0,5.0,4.0,5.0,3.5,4.0,3.0,2.0,2.0,,2.5,2.0,2.0,3.0,,4.5,,,3.0,3.0,2.0,3.0,2.5,,,4.0,,,4.0,,1.5,,,,2.0,4.0,2.0,2.0,3.0,,,2.0,,2.0,3.0,1.0,,,4.0,2.0,,3.0,1.5,,1.5,,4.0,2.5,2.0,,,2.0,1.0,3.0,,3.0,,,4.0,,2.0,5.0,2.0,,2.5,2.0,2.0,,,3.0,2.0,,3.0,,2.0,,,,1.5,1.0,2.0,1.0,3.5,,,3.0,4.0,3.5,,4.0,,2.0,,2.0,2.0,,3.0,2.0,4.5,2.0,,2.0,1.5,,2.0,4.0,,4.0,2.0,2.0,2.0,4.0,2.0,,2.5,2.0,2.0,2.0,,,2.0,,2.0,2.0,,2.0,5.0,3.0,3.0,,,2.5,,2.0,2.5,,3.0,3.0,2.5,,,3.0,,2.0,2.0,3.0,,,2.0,2.0,2.5,2.0,3.0
112762,,4.5,4.5,3.0,,,4.0,,2.5,,,,4.0,,,,2.0,3.0,3.0,3.0,4.0,,4.0,4.0,,3.0,,,,3.5,,3.5,4.0,3.0,,4.0,3.0,3.0,,,,3.0,,4.0,,3.0,4.5,,,,4.0,,,4.0,5.0,4.0,4.5,,2.5,4.5,4.0,,3.5,2.5,,4.0,,3.5,3.5,4.0,3.5,4.5,5.0,5.0,4.5,4.0,5.0,,,4.5,,3.0,,4.0,4.0,2.5,4.0,4.5,5.0,3.5,4.0,4.5,4.5,4.5,,5.0,4.5,,4.0,4.5,4.0,4.0,4.0,4.0,,4.5,4.0,4.0,4.5,,4.0,,4.0,4.0,4.0,4.5,3.5,,3.5,3.5,3.5,,5.0,3.0,3.5,3.5,3.5,3.5,4.0,,3.0,4.0,3.0,3.5,3.0,4.0,5.0,4.0,4.0,3.0,4.0,,4.5,4.0,3.0,3.5,3.0,4.5,3.0,2.5,4.0,4.0,4.5,3.5,3.0,4.0,,4.0,5.0,4.5,,4.0,3.5,3.0,3.0,4.0,3.5,4.0,3.5,4.5,3.0,3.5,4.5,,4.0,3.5,3.0,3.5,,4.0,3.0,3.5,4.5,3.5,4.0,5.0,4.0,,4.0,5.0,4.0,4.0,4.0,4.5,4.0,4.0,4.0,2.5,4.5,2.5,,4.0,4.5,4.0,4.0,4.0,4.0,3.5,4.0,4.0,4.0,3.5,4.0,3.5,4.0,3.0,3.5,3.0,2.5,4.0,4.0,,4.0,4.0,4.0,,4.0,,4.0,2.5,4.0,4.0,,4.0,4.0,4.0,3.5,3.0,4.5,2.5,4.0,4.5,4.0,4.5,3.5,3.5,4.0,4.0,3.5,
112988,4.0,4.0,4.0,3.0,3.0,,5.0,,,3.0,3.0,1.5,4.0,4.0,3.5,2.0,,3.0,,,4.0,3.0,3.0,4.0,3.0,,,3.0,2.5,3.0,,3.0,4.0,4.0,4.0,3.5,,2.0,2.0,4.0,3.0,3.0,,3.0,3.0,,5.0,4.0,3.0,3.0,3.0,,4.0,4.0,5.0,3.5,5.0,4.0,4.0,4.5,3.0,1.0,4.0,,2.0,4.0,3.5,,4.0,3.0,4.0,4.0,4.0,4.0,4.0,4.0,5.0,4.0,4.0,4.5,3.0,,3.0,4.0,4.0,3.0,4.0,4.5,5.0,4.0,4.5,4.0,4.0,3.0,4.0,5.0,5.0,3.0,5.0,4.0,5.0,4.5,3.5,4.0,4.0,4.0,4.0,4.0,4.0,3.0,3.0,4.0,4.5,4.0,4.0,4.5,4.5,3.0,2.0,3.0,3.0,3.0,5.0,3.0,3.0,4.0,4.0,4.0,4.0,2.0,3.0,4.0,4.0,4.0,3.0,4.0,5.0,4.0,4.0,,4.0,3.0,4.0,3.0,4.0,3.0,4.0,4.0,3.0,3.0,4.0,4.0,4.0,4.0,4.0,3.0,4.0,3.0,4.0,4.5,3.0,4.0,4.0,3.0,3.0,4.0,4.0,4.0,4.0,,3.0,3.5,3.0,3.0,4.0,3.0,3.0,3.0,2.0,4.0,4.0,4.0,5.0,4.0,3.0,4.5,4.0,,4.0,5.0,4.0,4.0,3.0,4.0,4.0,,4.0,3.0,4.5,3.0,4.0,4.0,5.0,3.0,3.0,3.5,5.0,4.0,3.0,3.5,5.0,4.0,4.0,3.0,4.0,4.0,4.0,4.0,3.5,4.0,4.0,2.0,4.0,4.5,4.0,3.0,4.0,3.5,4.5,4.0,3.5,4.0,3.0,5.0,4.5,4.0,4.0,4.0,4.0,4.0,4.5,4.0,4.0,4.5,4.0,4.5,,,,
113075,3.0,4.0,3.5,,,,4.5,,0.5,4.0,,,5.0,3.5,2.0,2.5,3.0,,1.5,4.0,3.5,4.0,4.5,4.5,,,,2.5,3.5,4.0,,4.0,2.5,3.0,4.5,5.0,,1.5,,,,5.0,,4.5,1.5,,,,3.5,3.5,4.0,,,2.5,1.5,3.0,4.0,,3.5,4.0,3.5,2.0,3.5,4.0,,4.0,,3.5,3.0,,,,3.5,,2.5,4.5,2.5,4.0,2.5,,3.0,3.5,4.5,,4.0,4.5,4.0,4.0,5.0,3.5,4.0,,5.0,5.0,3.5,4.5,5.0,4.5,3.5,,,4.0,4.0,,,4.5,4.0,3.0,5.0,4.5,3.5,,4.5,2.5,3.0,2.0,4.0,,4.0,3.5,3.0,4.0,5.0,,4.5,3.0,3.5,4.5,3.5,4.0,,4.0,,3.5,4.0,3.0,4.5,4.0,2.5,,3.5,3.5,2.5,3.5,1.5,,4.0,,2.5,4.5,4.0,,4.5,4.5,3.5,4.0,2.5,2.5,,5.0,,4.5,3.5,,3.5,1.5,4.0,1.5,,2.5,2.5,5.0,4.0,3.5,3.5,5.0,3.0,3.5,1.5,4.0,,3.0,3.0,3.5,3.5,2.5,,3.0,3.5,3.0,4.0,,,4.5,2.0,3.5,3.5,2.5,3.5,0.5,3.0,1.5,1.5,3.5,3.0,3.5,,4.0,4.5,5.0,,2.5,2.5,3.5,4.0,3.5,2.5,5.0,,5.0,4.0,3.5,4.0,,,4.5,3.0,2.5,3.5,2.0,4.0,4.0,1.5,2.0,,5.0,4.5,,3.5,3.5,3.5,1.0,3.0,4.0,4.0,5.0,3.0,4.5,2.0,3.5
113081,3.0,4.0,3.5,,,2.5,4.5,,,3.0,3.5,3.5,4.0,3.5,3.5,,3.5,,3.0,3.0,4.0,,3.0,4.0,,3.0,,4.5,3.0,3.5,3.5,4.0,,3.0,3.5,3.5,3.5,4.0,,,4.0,,4.0,5.0,3.5,3.5,,,3.5,4.0,3.5,2.5,4.0,5.0,4.0,3.5,3.5,4.0,2.5,3.0,,3.5,3.0,3.0,1.5,3.5,2.5,,4.0,,3.0,4.5,4.0,4.0,4.0,4.0,3.5,3.5,3.5,3.5,3.5,,4.0,,4.0,3.0,4.0,4.0,4.0,3.5,4.5,5.0,3.5,3.5,5.0,3.0,4.0,3.5,,3.0,,3.5,4.5,1.0,,3.5,5.0,5.0,5.0,3.5,4.0,0.5,4.0,,3.0,3.5,,3.5,3.5,4.0,4.0,,4.0,2.5,3.5,0.5,4.0,4.0,4.5,3.5,4.0,4.0,4.0,4.5,3.5,3.5,3.5,3.5,3.0,3.5,4.5,4.0,3.5,2.5,,3.5,3.5,,3.0,4.5,5.0,3.0,3.5,5.0,5.0,4.5,4.5,5.0,4.0,4.0,3.0,4.0,4.0,4.5,,,,3.5,3.5,4.5,3.5,4.5,4.0,2.0,1.0,3.5,3.5,4.5,2.5,5.0,,3.5,3.5,4.5,3.5,,,3.5,4.5,,3.0,5.0,3.0,4.0,,4.5,3.5,3.5,,5.0,,2.0,,4.0,2.5,5.0,4.0,,3.0,2.0,3.0,4.5,2.5,3.0,5.0,0.5,4.0,4.0,4.0,4.0,3.5,3.0,3.5,,0.5,4.0,3.5,3.5,,4.5,4.0,4.0,1.0,4.5,3.0,,4.5,,,4.0,3.5,2.0,,4.5,3.5,4.0,,4.0,4.0,
113181,,4.0,,2.0,4.0,2.0,4.0,,1.5,3.0,4.0,,4.0,,4.0,1.0,,3.0,,1.0,4.5,2.0,3.0,4.0,3.0,1.5,4.0,2.0,3.0,2.0,1.5,2.0,3.0,3.0,3.0,3.0,2.0,2.0,,4.0,1.0,2.5,2.0,3.5,2.0,1.5,3.0,4.5,2.0,3.0,2.0,,2.0,4.0,4.0,4.0,5.0,,4.0,4.5,2.0,2.0,4.0,2.0,0.5,4.0,3.0,4.0,3.0,3.0,,3.5,4.5,4.0,4.0,,5.0,4.5,,4.0,3.0,3.0,3.5,4.0,4.5,2.0,3.0,5.0,4.5,4.0,,4.5,4.0,5.0,4.0,5.0,5.0,3.0,5.0,4.0,4.0,4.0,4.0,4.0,4.0,,3.0,3.0,4.0,,4.0,4.0,4.0,4.0,4.5,4.0,4.5,2.0,3.0,4.0,4.0,4.0,4.0,3.0,3.0,4.5,3.0,4.0,4.0,3.0,4.0,3.0,2.0,,2.0,,3.0,3.0,4.0,2.0,4.0,3.0,3.0,3.0,2.5,2.5,,4.0,1.5,,4.5,3.0,3.0,4.0,4.0,3.0,,,3.5,4.0,3.0,4.0,4.0,1.5,,,4.0,3.0,3.0,1.0,3.0,4.0,,,3.5,3.0,2.5,3.0,,4.0,,4.0,4.0,3.0,3.0,4.0,,4.0,4.0,4.5,,4.0,4.0,4.5,4.5,3.0,3.0,3.0,,,4.0,3.0,4.5,4.0,4.0,4.0,4.0,3.0,3.0,,3.0,,4.0,4.0,4.0,4.0,4.0,4.0,3.0,3.5,3.5,2.0,4.0,,4.0,3.0,4.0,4.0,,3.0,3.5,4.0,1.5,4.5,4.0,,4.0,4.0,4.0,4.0,3.0,4.0,4.0,3.5,4.0,3.5,3.5,4.0,4.0,4.0
113209,3.0,2.5,3.5,2.5,3.0,3.0,4.0,3.0,3.0,3.0,,3.5,3.5,3.5,3.5,2.5,2.5,2.5,3.0,3.5,3.0,3.0,4.0,2.5,,3.0,,2.5,3.0,3.0,3.0,3.0,2.5,3.5,3.0,4.0,,3.5,3.0,2.5,3.5,3.0,3.5,4.0,3.0,2.5,,,3.5,3.5,3.5,,3.0,4.5,4.0,4.0,4.0,3.5,2.5,4.0,,3.0,3.5,3.0,2.5,3.5,2.5,,3.0,,3.0,3.0,3.5,2.5,3.0,3.0,,3.5,2.5,,,3.0,3.0,3.5,3.5,3.5,3.0,4.0,4.5,2.5,4.0,,3.0,3.5,5.0,4.0,4.5,4.5,,3.5,,4.5,4.5,4.0,2.5,3.5,4.0,3.5,3.5,2.0,3.5,,4.0,,3.0,,3.5,3.0,,,,3.5,4.0,3.0,3.5,3.5,3.5,3.5,3.0,3.5,3.5,3.5,3.0,3.0,2.5,,3.5,3.0,3.5,3.5,3.0,3.0,3.5,3.0,3.5,3.0,3.0,3.0,3.0,3.0,4.5,4.0,3.5,3.5,3.0,3.5,3.0,3.5,,4.5,2.5,,3.0,3.0,,3.0,,3.0,,4.0,3.5,3.5,3.5,,,3.5,3.5,3.0,2.5,3.5,3.0,3.0,4.0,4.0,4.5,3.5,,3.0,3.5,3.5,3.0,3.0,3.5,3.5,3.5,4.5,4.5,3.0,3.5,3.0,3.0,3.0,4.0,4.0,4.0,3.5,4.0,3.0,3.0,3.5,3.0,3.5,3.0,3.0,3.0,3.5,4.0,4.5,3.5,3.5,3.5,3.0,3.5,,4.0,3.5,3.5,3.5,4.0,3.0,3.5,3.5,3.5,5.0,4.0,4.0,,,3.5,3.5,3.0,3.5,3.5,4.0,3.5,3.5,3.5,4.0,4.5,4.5
113610,3.0,3.0,3.5,3.0,3.0,3.0,3.0,3.0,3.0,,3.0,2.5,3.0,3.0,3.5,,2.5,,3.0,4.0,,,3.0,,3.0,,,3.0,3.0,3.0,,3.5,,3.0,3.0,3.5,,3.5,2.0,3.0,3.0,3.5,2.5,3.5,2.5,3.0,,,,3.0,,,3.5,3.5,3.5,3.5,4.0,3.0,3.0,4.0,3.0,3.0,3.5,3.0,2.0,,,3.0,,4.0,3.0,3.5,3.0,3.5,3.0,3.5,3.0,3.5,2.5,,2.0,3.5,3.5,3.0,4.0,3.0,3.5,2.5,4.5,3.0,4.0,,3.5,4.0,3.5,3.0,3.0,3.5,3.0,3.5,3.5,3.5,4.0,2.5,,4.5,4.0,3.0,3.5,3.0,4.0,3.5,3.5,4.0,3.0,3.5,3.5,3.5,2.5,3.5,2.5,3.5,3.5,3.5,3.0,3.0,3.0,3.0,3.0,3.5,3.5,3.5,3.0,3.5,3.5,3.0,3.0,,3.5,3.0,2.5,3.0,,3.0,,,3.0,3.5,2.5,2.5,3.5,3.5,3.5,3.0,3.0,3.0,2.5,3.0,4.0,4.0,3.0,3.5,3.0,3.0,3.0,3.0,2.5,3.5,3.0,3.5,3.5,3.5,3.5,,,3.0,3.0,3.0,3.5,3.5,2.5,3.5,3.0,3.0,3.0,3.0,,3.0,4.0,,3.0,2.5,3.5,4.0,3.0,3.5,4.0,2.5,,3.0,2.5,3.5,3.5,,,3.5,3.0,3.0,3.0,2.5,3.5,,3.0,3.0,3.0,2.5,3.0,3.0,2.5,3.0,3.0,3.0,3.5,3.0,,,3.5,3.0,2.5,3.0,3.0,3.0,3.0,3.5,2.5,,3.0,3.0,3.5,,,3.0,3.0,3.0,3.0,3.0,2.5,3.0,3.0,2.5
113668,4.0,,2.5,4.0,4.0,3.0,4.5,1.0,1.0,3.5,4.0,3.5,1.5,,4.0,,2.5,1.0,3.0,1.0,4.5,1.0,1.0,4.0,4.0,1.0,,4.5,4.5,3.0,1.0,,,4.0,1.0,4.0,2.5,1.0,3.5,1.5,,2.5,2.5,3.0,1.0,1.0,,4.5,3.0,2.5,5.0,1.5,1.0,4.5,3.0,4.0,4.5,4.5,4.0,4.5,4.0,1.0,,2.0,2.0,5.0,3.0,1.0,2.0,4.0,4.5,4.5,4.5,4.0,,3.5,3.0,3.5,4.5,4.5,4.5,2.5,2.5,4.5,4.5,3.0,3.0,3.0,3.5,4.5,1.0,3.0,2.5,2.5,4.0,4.0,4.5,4.0,4.0,3.5,,,4.0,4.0,3.0,,5.0,4.0,4.5,3.0,4.5,4.5,4.0,,2.5,,4.5,4.5,3.0,2.0,3.0,4.0,2.5,3.5,1.5,5.0,3.5,3.5,4.0,3.0,3.5,3.5,,4.5,3.5,2.0,4.5,4.0,4.5,3.5,4.5,3.0,4.5,4.0,2.0,4.5,4.0,3.5,,,3.0,3.0,4.0,3.0,1.5,4.5,4.0,4.0,,,3.0,3.5,1.5,1.0,,2.5,5.0,3.0,2.0,4.5,4.0,3.5,,3.0,4.0,3.0,4.0,3.5,0.5,4.5,1.5,3.0,5.0,4.0,1.0,4.5,,3.5,,4.0,2.0,4.5,4.0,4.0,4.0,4.0,0.5,0.5,4.5,,5.0,,4.5,4.0,4.0,2.5,5.0,3.5,3.5,4.0,3.0,4.0,4.0,4.5,3.0,4.5,,,2.5,3.0,3.0,2.5,4.0,4.0,4.0,4.5,2.5,2.0,5.0,2.5,4.0,4.0,1.0,4.5,4.5,2.0,3.0,5.0,4.0,4.0,4.0,3.0,,,,,,,,
113806,4.0,4.5,5.0,5.0,4.5,3.5,5.0,3.0,4.0,5.0,,3.5,5.0,4.0,5.0,4.0,,3.5,3.5,,5.0,4.5,5.0,4.5,,4.0,,5.0,5.0,4.5,2.5,4.5,,5.0,4.0,3.5,,4.0,4.0,4.5,3.5,4.5,4.0,4.5,4.5,3.5,,,3.0,4.0,5.0,,,5.0,,3.5,5.0,5.0,3.5,4.0,4.5,,4.5,,2.5,5.0,3.0,4.5,5.0,1.5,,4.5,,,4.5,4.0,3.5,,3.5,5.0,3.5,,5.0,,5.0,4.5,,,3.5,,5.0,5.0,4.0,4.0,4.5,5.0,4.0,4.0,2.5,4.5,,,4.0,4.0,,4.5,5.0,3.5,4.5,3.5,,1.0,4.0,,3.0,4.0,3.5,,,,,2.5,4.5,3.5,5.0,3.5,3.5,4.5,4.0,,3.5,3.5,4.0,4.0,5.0,,4.5,4.5,2.5,,5.0,4.5,5.0,4.0,4.5,,5.0,4.5,3.0,4.0,2.5,4.5,5.0,4.0,4.0,3.5,4.5,4.0,,5.0,3.5,5.0,5.0,4.0,5.0,4.5,4.5,3.5,,,,5.0,,4.5,3.5,3.5,3.5,4.5,3.5,3.5,4.5,4.0,4.5,3.5,4.5,4.5,,4.5,5.0,4.5,4.0,3.5,4.5,2.5,5.0,4.5,4.0,4.0,2.5,4.5,3.5,2.5,2.5,4.5,5.0,4.0,5.0,3.0,5.0,5.0,4.0,4.5,5.0,4.5,4.5,4.0,4.0,4.5,4.0,4.5,4.5,4.0,1.5,,3.5,4.5,4.0,2.5,5.0,3.5,4.0,4.5,3.5,5.0,2.5,4.5,3.5,,5.0,5.0,4.0,5.0,,4.5,5.0,4.0,5.0,5.0,,
113991,3.0,4.0,4.0,3.0,3.0,3.0,4.5,1.5,2.5,3.0,3.5,3.5,4.0,3.5,4.0,3.0,2.0,2.5,3.5,2.5,3.5,,3.0,4.0,,2.5,3.0,3.0,3.5,3.5,3.5,3.0,3.5,3.5,4.0,3.0,2.5,3.0,2.5,3.5,3.0,3.0,2.0,3.0,3.0,3.5,,4.0,4.0,5.0,,,3.0,5.0,4.5,4.5,4.0,3.5,3.5,4.0,,4.0,3.5,2.0,1.0,3.5,2.0,4.0,3.5,,,,,,,4.0,4.0,3.5,3.5,,4.0,3.0,3.5,3.0,3.5,4.0,3.5,5.0,5.0,3.5,5.0,4.0,,5.0,5.0,5.0,4.5,4.0,4.0,4.0,,4.5,5.0,3.5,4.0,4.5,4.0,3.5,4.5,4.5,4.0,3.5,4.0,4.0,3.5,,3.5,4.0,3.5,4.5,4.0,2.0,3.5,4.0,4.0,3.0,4.0,4.0,3.5,2.0,3.5,3.5,4.0,4.0,4.0,3.5,4.5,3.5,3.5,3.0,3.5,3.5,3.5,5.0,2.5,4.5,3.5,4.5,3.0,3.0,4.0,3.5,4.0,4.0,3.5,4.0,4.5,3.0,5.0,4.0,,4.5,3.5,4.0,4.5,,4.0,4.0,3.0,2.5,4.0,5.0,4.0,3.0,3.5,4.5,2.0,3.0,3.0,4.5,1.5,3.0,4.0,4.0,4.0,4.0,3.5,3.0,3.5,,4.0,4.0,3.5,4.5,3.5,4.0,5.0,1.5,3.5,4.0,4.5,4.0,4.0,3.5,5.0,4.0,4.0,3.5,4.5,4.5,2.5,,4.0,2.5,3.0,4.5,4.0,4.0,2.0,4.0,3.5,3.0,4.0,3.5,3.5,3.0,4.0,2.0,3.5,3.5,4.0,4.5,3.5,5.0,4.0,4.0,4.0,3.0,5.0,4.5,3.5,5.0,4.0,5.0,5.0,5.0,4.5,5.0,4.0,4.5
114095,2.5,2.0,3.0,4.5,,3.0,3.0,,,,,,3.5,,3.0,3.0,3.0,1.5,3.0,2.0,,3.0,1.5,,2.5,,3.0,3.0,3.0,3.0,,3.0,3.0,3.5,,3.0,,4.5,,3.0,2.5,3.0,0.5,3.5,3.0,,3.0,,2.5,3.0,,,3.5,3.0,3.0,3.0,5.0,3.0,3.0,4.0,3.0,3.0,3.0,3.0,2.0,,3.0,,,3.0,3.0,3.0,4.5,5.0,5.0,4.5,3.0,5.0,4.0,,,2.5,4.0,4.0,,3.0,3.0,3.5,5.0,3.0,3.0,,4.0,4.5,3.5,3.5,4.0,3.0,3.5,,,,5.0,,4.0,4.0,5.0,3.5,3.0,3.0,5.0,3.0,4.0,,,4.5,3.0,3.0,2.0,1.5,,3.0,3.0,,3.0,3.0,4.5,,3.0,3.5,2.5,3.0,3.0,4.0,3.0,3.0,3.0,4.0,,3.0,3.5,,3.0,,,,3.0,4.5,2.0,2.5,3.0,3.5,3.0,3.0,3.0,3.0,2.0,3.0,,3.0,3.0,3.0,3.0,,2.0,,,3.5,,3.5,,,2.5,3.5,,3.5,3.0,3.0,,5.0,,3.0,,3.5,3.0,,,3.0,3.0,3.5,3.0,,3.0,3.0,3.0,3.0,3.0,3.0,,3.5,,2.0,4.5,,,3.0,3.0,3.0,3.0,4.0,,3.0,,3.5,2.5,3.0,3.0,,3.0,4.5,3.0,3.0,3.5,,3.5,,,3.0,4.5,3.0,,3.0,3.0,3.0,4.0,,3.5,,,,,,,,,,,,,
114406,1.0,3.0,4.5,,3.5,,5.0,2.0,,2.5,,1.0,2.5,,2.0,,,,,1.0,0.5,,2.0,4.5,,,,,4.5,,,,,1.0,,1.0,,,2.0,,1.0,2.5,,2.0,,,4.5,,,2.0,2.5,,1.5,3.0,1.0,2.0,4.0,4.0,2.0,5.0,2.5,,1.0,0.5,,3.5,1.5,1.0,,5.0,4.5,5.0,5.0,2.0,3.5,5.0,5.0,5.0,2.0,,2.5,,0.5,2.5,2.5,1.0,2.5,4.5,4.5,5.0,5.0,5.0,5.0,5.0,2.5,5.0,5.0,3.5,5.0,5.0,5.0,4.5,2.5,1.0,3.0,4.0,5.0,4.0,4.5,1.0,4.5,4.5,4.0,2.5,2.0,5.0,3.0,,,2.5,,1.5,3.0,3.0,2.0,4.0,1.5,2.5,3.5,,1.5,2.5,1.5,2.0,0.5,2.5,5.0,2.5,3.0,,1.0,1.5,3.5,2.5,3.0,3.5,1.0,,2.0,1.5,2.5,2.5,3.5,0.5,,2.0,1.0,4.5,5.0,2.5,,2.5,2.0,,2.5,2.0,5.0,,,2.5,,3.0,2.5,2.0,3.5,,1.0,2.5,0.5,3.5,,1.0,2.5,2.5,2.5,5.0,5.0,2.5,2.5,5.0,1.0,2.5,3.0,4.0,4.5,1.5,2.0,,3.5,0.5,4.5,3.5,3.0,2.5,3.0,,3.5,1.0,2.5,2.5,2.0,,3.0,2.0,4.0,5.0,1.0,1.0,2.0,2.0,4.0,,1.5,4.5,4.0,2.5,4.5,1.0,5.0,1.0,3.5,2.5,1.5,5.0,4.5,1.0,2.0,0.5,5.0,4.0,4.5,2.5,4.5,4.0,2.5,3.0,2.0,5.0,1.5,2.0
114412,3.0,4.5,4.0,,5.0,,4.5,2.0,,2.0,,2.5,3.0,,3.5,,3.0,,3.0,2.5,4.5,,5.0,4.5,,,,,3.5,3.5,,4.0,3.5,2.5,,4.5,0.5,,2.5,,3.0,,,4.5,4.5,,,2.0,,4.0,4.0,,3.0,4.5,2.5,2.0,3.5,3.0,2.5,5.0,,,3.0,3.0,,4.0,2.5,,,4.5,3.0,5.0,5.0,4.5,5.0,3.5,5.0,5.0,3.0,3.0,4.0,3.0,3.5,,4.5,4.0,3.0,5.0,5.0,5.0,4.5,5.0,5.0,5.0,3.5,4.0,5.0,4.5,4.0,5.0,4.5,5.0,5.0,3.5,4.5,4.5,5.0,5.0,5.0,4.0,5.0,5.0,5.0,3.0,3.0,4.0,3.0,4.0,3.5,4.5,4.5,4.0,5.0,2.5,3.5,5.0,3.5,,2.5,3.0,4.5,2.5,3.5,4.0,,4.5,4.5,4.5,4.5,2.5,4.0,2.5,5.0,5.0,,4.5,2.5,3.5,3.0,2.5,3.5,3.0,4.5,4.5,3.5,4.5,4.0,4.0,5.0,3.0,,4.0,4.0,2.0,4.0,2.5,4.5,4.0,,4.5,2.5,4.0,5.0,,3.0,3.0,1.5,3.5,,5.0,,4.0,3.5,5.0,5.0,5.0,5.0,4.0,3.5,4.5,4.5,4.5,3.5,4.5,4.0,5.0,4.0,3.0,3.0,3.0,,3.5,4.5,4.0,3.0,4.0,3.5,1.5,4.0,2.5,4.5,4.0,3.0,3.0,4.0,4.5,3.0,3.0,1.5,3.5,3.0,1.0,3.0,4.0,4.5,2.5,4.0,2.0,4.0,,4.0,3.0,2.5,3.5,3.5,2.0,3.5,2.0,5.0,2.5,3.0,3.5,4.0,4.0,3.5,3.5,2.5,4.5,2.5,3.5
114579,,4.5,4.0,3.5,,,4.0,,2.5,2.5,3.0,,,,,,1.5,,3.0,2.0,4.0,,3.5,5.0,,,,,,,,,4.5,3.0,,,,,,,3.0,,,3.0,3.5,,,,,,,,,3.5,,3.5,4.5,3.5,2.5,4.0,,,3.0,,,3.5,,,,5.0,3.0,4.5,4.5,5.0,4.0,4.0,4.5,5.0,,,,,3.5,4.0,4.0,,4.0,,3.0,3.5,5.0,5.0,4.0,4.5,3.5,3.5,4.0,4.5,4.0,3.0,3.0,4.0,4.0,4.0,,5.0,4.5,4.5,3.5,,,4.0,3.0,4.0,,4.5,,,,,2.5,,4.0,1.5,3.5,,,,2.5,,2.0,2.5,,,,3.0,,,4.0,3.5,3.0,,4.5,,3.5,3.5,,2.5,2.5,,,3.5,3.5,3.5,2.5,3.5,,2.5,,1.5,2.0,,,2.5,,,,,,4.0,,3.5,4.0,,,2.5,4.0,,2.5,3.0,,3.0,4.5,3.5,3.5,4.5,4.5,,4.5,3.5,3.5,3.5,3.0,4.0,5.0,4.0,3.5,,,,,3.5,3.0,4.0,,3.0,4.5,3.5,4.0,4.0,4.0,,3.5,4.0,,,4.0,,4.0,,4.0,,3.5,4.5,4.5,3.5,,,4.0,3.5,,,,4.0,4.0,4.0,,,4.0,2.5,,4.0,4.0,3.5,4.0,,4.0,3.0,,3.0
114624,3.0,4.5,4.0,3.0,4.0,3.0,4.5,,2.0,,2.5,3.5,3.0,3.0,4.0,2.5,,,,1.0,4.0,3.0,2.5,4.0,,2.5,,3.5,3.0,,,4.0,4.0,3.0,3.0,4.0,2.0,4.0,,3.0,2.5,3.0,,2.5,2.0,2.5,4.5,,3.0,4.0,4.0,,3.5,4.0,4.0,4.0,5.0,3.5,4.0,5.0,4.0,2.0,2.5,2.0,2.0,5.0,,,4.0,,5.0,4.0,4.0,4.5,4.0,3.5,4.5,4.0,3.5,4.0,3.5,,3.0,4.0,3.5,2.5,3.0,5.0,4.0,5.0,4.0,4.5,,4.0,5.0,4.0,5.0,4.0,4.0,5.0,4.0,4.0,4.0,4.0,4.5,3.0,5.0,3.0,4.0,3.5,,,3.0,4.0,3.0,5.0,5.0,3.0,,,,2.5,3.0,4.0,4.0,5.0,3.0,4.5,3.0,2.0,2.0,4.0,3.0,4.0,3.0,3.0,4.0,4.0,4.0,3.0,4.0,3.0,4.5,5.0,3.5,,2.5,4.0,,,4.0,4.0,2.0,4.0,3.0,4.0,,2.0,4.0,3.0,,4.0,4.0,3.0,4.0,3.0,4.0,2.5,3.0,,4.0,2.0,3.0,,4.0,2.5,3.0,2.0,2.0,4.0,2.5,3.0,5.0,3.0,2.0,4.5,4.5,3.0,3.0,5.0,,,4.5,4.0,4.0,2.5,5.0,3.0,3.5,2.5,4.5,4.0,5.0,4.5,4.5,3.5,5.0,4.5,4.5,4.0,3.0,,,4.0,4.5,4.0,4.0,4.0,2.5,3.5,4.0,3.0,3.5,4.5,4.5,,4.0,3.0,4.5,3.0,4.0,4.5,2.5,5.0,4.5,3.0,4.0,4.5,4.0,3.0,4.0,,4.5,4.5,3.0,3.5,3.5,3.0,4.0,4.5
115606,,3.5,4.0,,,,4.0,,,,,,5.0,,,,,0.5,,2.0,,,3.0,4.5,,,,4.0,1.5,,,3.5,3.0,,,2.5,,,,4.0,,,,,,,4.0,,,,4.0,3.0,2.5,3.0,3.5,,5.0,4.0,2.5,5.0,,,,,0.5,,,3.0,,3.5,1.5,4.5,3.5,5.0,5.0,5.0,5.0,4.0,2.0,,2.5,,3.0,3.0,2.0,,2.0,4.0,2.0,3.5,,4.0,5.0,4.0,2.5,5.0,5.0,4.0,3.5,5.0,4.5,,3.0,,,5.0,4.0,4.5,3.0,,2.0,3.0,2.0,4.5,3.5,4.5,2.5,,,,,,2.5,,3.0,4.5,4.0,,,,,3.5,,3.5,,,,4.5,3.5,,,,2.5,4.0,,,,,,,2.5,3.5,4.0,3.0,,,,,4.5,4.0,3.0,2.5,3.0,,,,3.5,3.5,,,2.0,,3.5,,4.0,,,,,2.5,4.0,3.5,4.5,,3.0,3.0,,2.5,3.0,,3.0,2.5,3.0,1.0,3.0,,2.0,,,,3.5,,3.5,,5.0,3.0,4.5,3.0,2.0,3.0,,4.0,3.5,,,3.0,4.5,,,2.5,3.5,3.0,,,4.0,,4.5,,,,,,,3.0,2.5,,,3.0,3.0,3.5,,3.0,4.0,5.0,4.0,2.5,4.0,4.5,,
115811,2.0,4.0,4.0,2.0,3.0,,1.0,,3.0,3.0,2.0,3.0,3.0,3.0,3.0,1.0,1.5,1.0,3.0,2.0,3.0,,,5.0,4.0,,3.0,,2.0,3.0,2.5,3.0,4.0,3.0,3.0,4.0,1.5,3.0,,4.0,1.5,,3.0,2.0,1.5,3.0,4.0,4.0,3.5,,2.0,,2.0,4.0,2.0,3.0,3.0,3.0,3.0,4.0,2.0,2.0,3.0,3.0,,4.0,,,3.0,4.0,4.0,2.5,3.0,4.0,4.0,2.5,4.0,5.0,,3.0,,,1.0,4.0,4.0,2.0,3.0,4.0,5.0,5.0,,,5.0,4.0,4.0,4.0,5.0,,3.0,4.0,4.0,4.0,3.0,3.0,4.0,4.0,4.0,4.0,3.0,3.0,3.0,3.0,3.0,4.0,4.0,,5.0,3.0,2.0,3.0,1.0,2.0,4.0,3.0,4.0,3.0,,3.0,3.0,2.0,2.0,4.0,2.5,3.0,3.0,4.0,,4.0,4.0,4.0,4.0,3.0,,3.0,,3.0,3.0,4.0,2.0,2.0,3.0,3.0,4.0,4.0,3.0,3.5,2.0,3.0,5.0,3.0,3.0,2.0,3.0,2.0,,3.0,,3.0,3.0,,1.0,3.0,3.0,3.0,,2.0,3.0,3.0,,3.0,,3.0,4.0,3.0,3.0,3.0,3.5,2.0,,5.0,4.0,2.0,,4.0,3.0,2.0,3.0,2.0,3.0,1.0,,4.0,4.0,3.5,4.0,3.0,3.0,3.0,1.5,4.0,1.5,3.0,4.0,2.5,3.0,3.0,3.0,3.0,3.0,3.5,3.0,2.5,,4.0,4.0,,,3.0,4.0,2.5,,2.5,2.0,,3.5,3.0,4.0,3.0,3.5,,,3.0,,3.0,,,,,,
116189,,4.0,3.5,3.0,4.0,3.0,4.0,,,,,3.0,3.5,,3.0,3.0,,2.5,,,3.5,,3.0,4.0,,2.0,,,4.0,,2.5,3.5,3.0,3.0,3.0,3.5,,3.0,,3.0,3.0,,3.5,3.0,2.5,,,,3.0,3.0,4.0,,3.0,3.0,3.5,4.0,3.5,,2.5,3.5,,3.5,3.0,3.0,3.0,4.0,3.0,,2.5,5.0,3.5,5.0,4.5,4.5,4.0,4.5,4.0,4.5,,,,3.0,3.5,4.0,4.0,3.0,3.0,4.5,4.0,4.0,4.5,5.0,,4.5,3.5,4.0,4.0,4.5,3.5,4.0,4.0,4.5,3.5,3.0,3.5,,4.0,4.0,3.5,4.0,,,3.5,3.5,,4.0,,3.5,,,,3.0,4.0,3.5,3.0,3.5,4.0,4.0,3.5,,3.0,3.0,3.0,3.0,3.0,4.0,3.5,3.5,3.0,3.0,3.5,2.5,4.5,4.0,3.5,4.0,3.0,3.0,3.0,2.0,4.0,3.0,4.0,3.5,3.0,4.0,3.0,3.0,4.5,3.0,3.0,3.5,3.0,3.0,,,3.5,3.5,2.5,4.0,2.5,3.5,4.0,3.5,3.5,3.5,2.5,3.0,2.5,3.5,,2.0,4.0,3.5,3.5,4.0,,3.5,4.0,3.5,,3.0,3.5,3.0,4.0,,3.0,2.0,3.0,2.5,,3.0,4.0,,3.5,3.5,4.0,3.0,4.0,,3.0,4.0,3.5,3.0,,3.5,3.5,,,3.5,4.0,2.5,3.0,4.0,4.0,3.5,3.5,3.0,,2.5,4.0,3.5,2.5,3.5,3.5,,3.5,4.0,3.5,3.5,3.5,3.5,4.0,3.5,3.5,4.0,3.5,3.5,3.5,3.5
116263,4.0,3.0,,3.5,,2.5,4.0,,3.0,4.0,3.0,3.5,3.0,,4.5,,2.0,2.5,,,4.0,2.0,3.0,,3.0,,,3.0,,1.5,4.5,,2.5,2.0,2.5,3.5,4.0,2.0,3.0,,,2.0,2.0,3.0,,3.0,,,3.0,4.5,3.0,3.0,5.0,4.0,3.5,2.5,4.0,2.5,1.5,1.0,2.5,2.5,,3.0,,0.5,,3.5,3.0,,,,,,,3.0,,,3.0,4.5,2.5,3.0,2.0,,3.0,4.0,,,3.0,1.0,,,,,4.0,1.0,,1.5,,3.5,2.0,,3.5,2.0,0.5,,4.0,5.0,5.0,,2.0,2.5,3.0,,3.0,,3.0,2.0,,,3.0,2.0,,2.0,2.0,5.0,3.0,3.0,4.0,2.0,3.5,3.5,3.0,2.5,3.0,3.5,3.0,,3.0,,3.5,,,4.5,,2.0,5.0,4.0,2.0,3.5,,2.0,3.5,3.5,3.0,3.5,4.0,2.5,,,3.5,,2.5,3.0,3.5,,3.5,3.5,3.0,,3.5,5.0,,3.5,4.0,3.0,0.5,3.0,,5.0,,5.0,3.5,2.5,1.0,3.5,,3.0,4.0,2.0,,5.0,3.5,3.0,2.5,,3.5,3.0,3.0,,4.0,2.5,2.5,3.0,,,2.5,5.0,,4.0,1.5,4.0,3.0,4.0,3.5,0.5,4.5,,0.5,3.0,3.0,3.5,2.5,,3.0,3.5,4.0,2.0,2.0,3.0,2.5,2.0,1.5,3.5,2.0,4.0,2.5,3.0,2.5,5.0,4.0,2.5,3.0,,,2.0,3.5,3.0,,3.0
116302,1.5,4.0,4.0,3.0,4.0,,5.0,2.0,3.0,,3.0,2.5,4.0,4.0,,,,,2.5,,4.0,,3.5,4.0,,1.0,,,4.0,3.0,,3.0,,3.0,,4.0,,4.0,,,3.5,4.0,2.5,3.5,,3.5,,,,,3.5,,,4.0,,4.0,5.0,4.5,3.0,5.0,2.0,3.5,4.0,3.5,,4.0,3.5,3.0,2.0,5.0,,5.0,5.0,4.5,5.0,4.5,5.0,5.0,,,4.5,,4.5,,4.5,,3.0,5.0,4.5,4.0,5.0,5.0,5.0,5.0,3.5,5.0,5.0,4.5,5.0,4.5,4.5,4.5,4.0,3.0,,4.5,4.5,4.0,4.5,2.5,4.5,3.0,4.5,2.0,,4.5,4.5,,4.0,4.0,3.5,3.5,4.5,3.5,3.0,,,3.5,3.0,2.5,3.0,4.0,3.5,3.5,,4.0,4.0,4.0,4.5,,4.0,3.0,4.0,4.0,,3.5,,4.0,2.5,1.5,3.0,3.5,4.0,,,,,,5.0,4.0,,3.5,3.0,,3.0,,4.5,,,4.0,,3.5,4.5,,,3.5,2.5,3.5,,3.5,3.0,3.0,4.5,4.5,,2.0,4.0,3.5,3.0,4.5,,,3.5,4.5,3.0,,3.0,2.0,3.5,,,4.0,4.0,1.0,4.0,,3.5,3.5,4.0,4.0,3.5,3.5,4.0,4.0,3.5,4.5,3.5,4.0,1.5,4.0,3.5,2.5,3.5,4.5,4.0,3.5,3.0,3.0,4.5,1.0,3.5,3.5,2.5,4.5,4.0,3.0,4.0,2.0,4.0,3.5,3.0,3.0,3.0,4.5,3.5,3.5,3.0,3.5,4.0,1.5
116317,3.5,,3.0,3.5,,,3.0,3.5,3.0,2.0,2.5,3.5,4.0,3.5,,4.0,4.0,,5.0,3.5,4.0,3.5,4.0,0.5,,3.5,3.0,4.0,3.5,2.5,4.0,3.5,2.0,4.0,3.5,4.0,2.5,3.0,3.5,4.5,2.0,4.5,3.5,4.5,3.5,3.5,,3.0,4.0,3.5,3.5,1.0,4.0,5.0,3.5,4.5,4.0,3.5,2.5,3.5,,4.0,4.5,3.0,3.0,4.0,2.5,0.5,3.5,,0.5,,,,,2.5,3.0,3.5,3.5,3.0,3.0,3.5,3.0,3.0,3.5,4.0,4.5,2.0,4.0,4.0,,,0.5,2.5,4.5,2.5,2.5,3.5,3.0,,1.5,5.0,3.0,4.5,,1.0,,5.0,4.5,4.5,3.5,0.5,3.5,2.5,4.0,1.0,4.0,5.0,2.5,4.0,3.5,3.0,3.0,0.5,4.5,,3.5,2.5,4.5,4.0,4.5,5.0,3.5,3.5,3.5,4.5,4.5,3.5,4.5,4.0,4.5,4.5,4.0,,4.0,5.0,,5.0,3.5,3.5,3.5,3.0,2.0,4.5,4.0,4.0,4.5,3.5,,3.5,5.0,3.0,3.5,3.5,3.0,3.5,,4.0,3.0,4.5,3.5,,2.0,,2.5,4.5,3.0,4.0,2.5,4.5,2.0,5.0,5.0,4.5,4.0,4.0,0.5,3.0,4.0,4.5,4.5,4.0,3.0,4.5,,4.0,4.0,3.0,3.0,3.0,0.5,4.5,4.0,,1.5,4.0,3.0,2.5,3.5,4.5,4.5,3.0,4.5,3.5,4.0,2.5,3.0,,4.0,4.5,4.0,1.5,3.5,,3.5,2.5,3.5,4.0,4.5,3.5,3.5,4.5,4.0,4.5,1.0,4.5,4.5,3.5,4.5,3.5,2.0,3.5,2.0,3.0,3.0,4.0,4.5,3.0,4.5,4.5
116361,,4.5,2.5,,2.5,,4.5,,2.0,,,2.0,3.0,3.0,,1.5,,2.0,,,2.5,,3.0,3.5,,,,1.0,,,2.5,3.0,2.0,,3.5,2.5,,,,,,3.5,,3.5,,2.5,4.0,,3.0,3.5,2.5,,3.0,3.0,3.5,3.5,3.5,4.5,3.0,5.0,3.0,,3.0,2.5,,3.5,,,3.0,4.0,3.5,4.5,4.5,2.0,4.0,3.5,5.0,4.5,4.0,4.0,3.0,1.0,,2.5,3.0,3.0,3.5,1.5,4.5,4.0,3.5,4.0,5.0,3.0,3.5,3.5,5.0,5.0,4.0,3.5,1.5,4.5,3.0,4.5,,5.0,4.5,3.0,3.0,,3.0,4.5,3.5,4.5,2.5,2.5,2.5,,,,,1.5,4.0,,4.0,3.0,3.0,4.0,3.0,2.0,,3.0,2.5,4.0,4.0,4.0,4.0,4.5,4.0,,4.0,,,4.5,3.0,4.0,3.0,3.0,,1.5,3.0,3.0,3.5,3.0,3.0,3.0,3.0,,5.0,3.0,2.5,2.5,3.0,,1.5,,4.0,3.0,,3.0,2.0,3.5,4.5,3.5,3.5,,2.0,1.5,,3.5,,3.5,2.5,3.5,2.5,3.0,4.0,3.0,3.0,5.0,,3.0,3.0,3.5,3.5,3.5,3.5,2.5,4.0,3.0,4.0,3.5,4.0,3.5,4.5,3.0,4.0,2.0,1.0,1.5,3.0,4.0,3.0,2.5,3.0,5.0,3.0,3.0,2.0,3.5,4.0,,3.5,5.0,3.5,2.0,4.0,2.0,4.5,2.0,4.0,3.5,2.0,4.0,2.0,2.0,3.5,3.5,4.0,0.5,,,2.5,2.5,3.5,3.0,3.0,3.0,3.0,4.0
116498,3.5,3.5,3.5,,3.5,3.5,3.0,,3.0,3.5,,,4.5,3.5,3.0,3.0,3.0,2.5,,3.5,4.0,3.5,3.5,3.5,4.0,,3.5,3.0,3.5,3.5,3.5,3.5,4.0,4.0,3.5,3.0,3.5,2.5,2.0,4.0,,3.5,3.0,4.0,,3.0,,5.0,3.5,3.0,3.0,2.5,5.0,5.0,5.0,3.5,4.5,2.5,5.0,4.0,4.5,3.0,3.0,3.5,2.5,,,2.5,3.0,3.0,4.0,3.5,3.5,3.5,4.5,4.0,4.5,4.0,2.0,,3.0,5.0,4.0,3.5,4.5,4.0,3.5,3.5,4.0,1.5,4.0,4.0,5.0,3.5,4.0,4.0,5.0,3.0,4.0,3.0,4.5,4.5,5.0,4.5,4.5,5.0,3.0,4.0,4.5,,3.0,3.5,4.0,3.5,5.0,4.0,5.0,3.5,3.5,4.0,3.0,4.0,4.0,3.0,4.0,3.0,3.5,3.5,2.0,3.5,3.5,3.5,3.0,,3.5,,3.5,4.0,4.0,,5.0,,5.0,3.0,3.5,,3.5,5.0,3.0,3.0,4.5,5.0,3.5,4.0,4.0,2.0,,4.5,4.5,4.5,4.0,3.5,4.0,3.0,3.0,2.5,3.0,3.0,4.5,3.0,4.0,3.0,3.5,3.0,,3.5,3.5,3.0,2.5,4.0,3.0,5.0,3.5,3.5,2.0,4.0,,4.0,3.5,3.0,,2.5,4.0,5.0,3.0,2.0,3.5,,,3.0,3.0,4.0,4.0,,3.0,4.0,3.5,3.0,3.0,4.5,3.0,,,4.0,3.5,2.5,4.5,3.5,4.0,4.0,3.0,2.5,3.5,,2.5,3.0,4.5,,2.5,3.5,3.5,4.0,3.0,4.5,5.0,4.0,3.5,3.0,4.0,3.5,4.5,3.5,4.0,4.0,4.0,3.5,4.5,3.0,5.0,
116556,2.0,4.0,,4.0,3.0,,4.0,,4.0,4.0,2.0,2.0,4.0,4.0,2.0,,1.0,,4.0,4.0,3.0,4.0,5.0,5.0,,,,1.0,2.0,3.0,,5.0,3.0,,,5.0,2.0,4.0,,3.0,3.0,3.0,4.0,4.0,2.0,3.0,5.0,,,,4.0,3.0,,4.0,4.0,3.0,5.0,5.0,4.0,5.0,3.0,,4.0,,,4.0,,5.0,1.0,5.0,3.0,5.0,5.0,5.0,4.0,4.0,5.0,5.0,3.5,5.0,3.0,2.0,5.0,4.0,4.0,3.0,4.0,4.0,5.0,2.0,5.0,4.5,5.0,5.0,3.0,5.0,5.0,4.0,5.0,5.0,4.0,5.0,5.0,4.0,4.0,,2.0,4.0,4.0,1.0,4.0,5.0,2.0,3.0,4.0,4.0,4.0,3.0,,4.0,4.0,2.0,5.0,3.0,4.0,5.0,5.0,4.0,3.0,4.0,3.0,4.0,,4.0,5.0,3.0,5.0,4.0,2.0,2.0,4.0,4.0,5.0,4.0,,3.0,,4.0,,,5.0,3.0,5.0,5.0,5.0,,,3.0,5.0,,5.0,5.0,3.0,,5.0,2.0,4.0,3.0,4.0,5.0,3.0,4.0,,5.0,1.0,,,1.0,,3.0,2.0,4.0,4.0,5.0,5.0,5.0,4.5,3.0,,4.0,,4.0,4.0,4.0,4.0,5.0,2.0,2.0,,2.0,4.0,4.0,5.0,2.0,4.0,3.5,4.0,,2.5,3.0,4.0,3.5,5.0,,2.5,4.0,,4.0,3.5,3.5,4.0,,1.0,3.0,4.5,4.0,4.5,1.5,2.5,1.5,,4.0,,4.0,2.0,,2.0,3.0,,,,,3.0,5.0,,,,,,
117144,2.5,2.0,5.0,3.5,4.0,3.0,5.0,,4.0,4.0,3.0,3.5,5.0,5.0,5.0,3.0,,3.0,3.5,1.5,5.0,3.0,3.5,,2.5,,,4.0,0.5,3.0,3.0,4.0,,3.5,4.0,4.0,3.0,3.0,2.0,3.5,3.0,4.0,2.0,4.0,2.5,4.0,,,3.0,5.0,5.0,2.0,3.5,4.0,4.0,5.0,5.0,4.0,4.0,,4.5,2.5,3.5,3.0,3.0,,,4.5,4.0,,,5.0,5.0,,3.0,,3.0,2.0,4.0,5.0,4.0,2.5,4.0,3.0,5.0,3.5,4.0,5.0,5.0,,5.0,4.0,4.0,4.0,5.0,5.0,5.0,4.0,,4.5,,3.0,5.0,4.0,,4.0,4.0,5.0,5.0,3.0,4.0,,5.0,,5.0,4.0,3.0,3.0,3.0,4.0,2.0,2.5,5.0,2.0,4.0,4.0,4.0,4.5,4.0,3.0,2.0,3.5,4.5,5.0,2.0,,5.0,4.0,4.0,3.0,0.5,4.0,3.0,4.0,,,2.0,4.0,4.0,0.5,5.0,4.5,5.0,5.0,4.0,4.0,5.0,4.0,,5.0,3.5,5.0,4.0,4.0,4.0,,,4.0,3.0,2.0,3.5,4.0,3.5,,4.0,3.0,2.0,4.0,1.0,5.0,2.0,5.0,4.5,2.0,3.5,0.5,,3.0,5.0,,4.0,3.0,3.5,4.0,2.5,4.0,5.0,3.5,,5.0,,4.0,1.0,4.0,4.0,4.0,4.0,,5.0,4.0,,4.0,,3.5,4.5,,4.0,5.0,4.0,2.0,4.0,2.0,5.0,,,3.0,5.0,,4.0,3.5,3.5,4.5,,4.5,3.5,4.5,3.5,,4.5,4.0,4.0,3.0,4.0,5.0,5.0,1.0,3.5,4.0,4.0,4.0
117315,3.5,5.0,5.0,,4.5,,5.0,3.0,,3.5,,3.5,4.5,,,,,,2.5,,,,,5.0,,1.0,,4.5,4.0,,,,4.0,3.5,,,,,,,,,3.0,5.0,,,,,,,,,3.5,5.0,,4.5,5.0,4.5,3.5,,,,,,,5.0,,,,5.0,4.5,5.0,5.0,5.0,,5.0,5.0,5.0,4.5,,4.5,,,,4.5,3.5,4.0,5.0,5.0,5.0,5.0,5.0,,5.0,5.0,5.0,5.0,5.0,5.0,5.0,5.0,5.0,5.0,4.5,,5.0,5.0,,5.0,,5.0,4.5,5.0,5.0,,,4.5,,,,,4.0,5.0,,,,4.5,4.5,4.0,,,,3.0,,4.0,,,4.5,5.0,,,,4.5,5.0,,4.5,,4.5,2.5,,4.5,,5.0,,,3.5,4.5,4.5,5.0,5.0,,,,,,,4.5,,,4.5,,,5.0,,,3.5,3.0,3.5,,4.5,,,5.0,,,4.5,5.0,,5.0,5.0,,3.5,4.0,4.5,4.5,4.5,5.0,3.0,4.0,,,,4.5,5.0,4.5,,5.0,,5.0,4.5,,4.5,5.0,4.0,4.5,4.5,,,,4.5,,,3.5,5.0,,4.0,,4.0,5.0,3.5,4.5,5.0,3.5,5.0,5.0,4.5,4.5,,5.0,4.0,4.5,5.0,,5.0,5.0,4.5,,5.0,,5.0
117395,1.5,1.5,4.0,5.0,4.0,,3.5,3.0,3.5,1.0,,1.5,5.0,5.0,2.0,0.5,1.0,1.0,1.5,2.5,,1.5,2.5,,2.0,1.0,,3.5,1.0,2.5,1.5,5.0,5.0,5.0,1.5,3.5,0.5,1.0,,3.5,2.0,2.0,0.5,5.0,,5.0,4.0,,,1.5,,2.0,1.5,4.0,5.0,5.0,4.5,3.5,2.0,5.0,2.5,2.0,3.0,2.5,0.5,3.5,3.0,,2.5,5.0,4.0,5.0,4.5,5.0,5.0,5.0,5.0,5.0,5.0,,2.0,2.5,1.5,,5.0,2.0,5.0,4.0,4.0,5.0,5.0,5.0,5.0,5.0,3.0,5.0,5.0,5.0,5.0,4.0,5.0,5.0,3.5,3.5,,5.0,3.5,5.0,5.0,,2.5,4.0,5.0,5.0,5.0,5.0,4.5,4.0,,4.0,,3.0,5.0,2.0,1.5,2.5,5.0,3.5,3.0,3.0,1.5,5.0,5.0,2.0,3.5,5.0,5.0,,4.0,3.0,3.0,3.0,3.5,4.0,2.5,,1.5,4.0,2.0,1.5,4.0,4.0,5.0,5.0,3.0,5.0,,1.5,5.0,4.5,2.0,4.0,5.0,2.0,,5.0,5.0,2.0,,2.5,2.0,,3.5,3.0,5.0,3.5,2.5,1.5,0.5,3.5,5.0,5.0,5.0,3.5,2.0,5.0,4.5,5.0,3.0,5.0,2.5,,3.5,5.0,,4.0,2.5,1.0,4.0,2.0,5.0,3.5,5.0,,3.0,2.0,5.0,5.0,3.0,4.0,5.0,4.0,3.0,5.0,3.5,,5.0,5.0,2.5,3.0,5.0,1.5,2.5,5.0,3.0,,3.0,2.5,5.0,,3.0,3.0,1.5,5.0,5.0,3.5,5.0,,5.0,3.5,5.0,4.0,,,,,,,,
117948,2.5,3.5,3.5,3.5,3.5,,3.0,,3.0,3.5,2.5,3.0,3.0,3.5,3.5,2.0,3.5,,3.5,3.0,4.0,3.0,3.0,4.0,,2.5,,,4.0,2.5,3.0,3.0,3.0,3.0,,3.5,,3.5,2.5,2.5,3.5,3.5,3.0,3.5,3.5,3.0,,,3.0,4.0,4.5,,3.5,5.0,3.5,3.5,4.0,2.5,3.5,4.0,,4.0,3.0,2.5,3.0,4.0,,3.5,2.5,,,3.5,3.0,,,,,3.5,3.5,4.5,4.0,,3.5,3.0,4.0,3.5,3.0,4.5,4.5,3.5,3.0,,3.5,5.0,4.0,3.0,3.0,4.0,3.0,3.5,4.0,,5.0,4.0,4.0,,3.0,4.0,3.5,4.5,3.5,3.5,3.0,3.5,3.5,3.0,3.0,3.0,3.5,4.0,4.0,2.5,4.0,3.5,3.0,4.0,4.0,4.0,3.0,3.5,4.0,3.5,2.5,4.0,3.5,,3.5,4.0,3.0,3.5,,2.0,,3.5,,4.0,3.5,4.0,3.0,3.0,5.0,3.5,4.0,3.5,3.5,4.0,4.0,2.0,5.0,4.0,3.5,4.0,3.0,3.5,3.5,3.5,3.5,4.0,3.5,3.0,3.0,3.5,3.5,,3.0,3.5,3.0,3.5,2.5,4.0,,4.0,3.0,4.5,4.5,5.0,3.0,3.0,,0.5,3.5,3.0,3.5,3.5,3.0,4.5,3.5,3.0,,,3.5,4.0,3.0,3.5,3.0,4.0,4.5,,4.0,3.0,3.5,4.0,5.0,3.0,,3.0,3.5,3.0,2.5,,3.0,2.5,,,3.5,,,4.5,2.5,,3.5,3.5,3.0,3.5,5.0,2.0,,,,,,,,,,,,,,
118205,4.0,4.0,4.0,3.0,4.0,3.0,4.0,3.5,4.0,3.0,3.0,3.0,4.0,4.0,4.0,3.0,3.0,3.0,3.0,3.0,4.0,3.0,3.0,4.0,4.0,3.0,4.0,3.0,4.0,3.0,3.0,4.0,4.0,4.0,3.0,4.0,3.0,3.0,2.0,4.0,3.0,4.0,3.0,3.0,3.0,4.0,4.0,4.0,3.0,4.0,4.0,3.0,4.0,4.0,4.0,4.0,4.0,4.5,4.0,4.0,4.0,3.0,4.0,4.0,,4.0,3.0,4.0,4.0,5.0,4.0,4.0,4.0,4.0,4.0,4.0,5.0,4.0,4.0,4.0,3.0,3.0,3.0,4.0,4.0,4.0,3.0,4.0,4.0,3.0,4.0,4.0,4.0,4.0,4.0,4.5,4.5,4.5,4.0,4.0,4.0,4.0,4.0,4.0,4.0,4.0,4.0,4.0,4.0,3.0,3.0,4.0,4.0,4.0,5.0,4.0,4.0,3.0,4.0,3.0,4.0,3.0,4.0,3.0,4.0,4.0,4.0,4.0,3.0,3.0,3.0,4.0,4.0,3.0,4.0,4.0,4.0,4.0,3.0,3.0,4.0,3.5,4.0,4.0,4.0,4.0,3.0,4.0,3.0,3.0,4.0,4.0,4.0,4.0,4.0,3.0,3.5,3.0,4.0,5.0,4.0,4.0,4.0,4.0,4.0,3.0,4.0,4.0,4.0,4.0,3.0,4.0,4.0,4.0,4.0,4.0,4.5,3.0,2.0,4.0,4.0,4.0,4.0,4.0,3.0,4.0,4.0,4.0,4.0,4.0,3.0,3.0,4.0,4.0,4.0,4.0,4.0,3.0,4.0,4.0,4.0,4.0,4.0,4.0,4.0,4.0,4.0,4.0,4.0,4.0,4.0,4.0,4.0,3.5,3.5,4.0,5.0,4.0,4.0,3.5,4.0,3.0,4.0,4.0,,3.0,4.0,3.5,4.0,4.0,3.0,4.0,3.0,4.5,4.0,3.5,3.5,4.0,4.0,4.0,4.5,4.0,4.5,4.0,4.0,4.0,4.0,4.0,4.0,4.5
118534,4.0,4.0,4.5,4.0,,4.0,5.0,3.5,4.0,5.0,4.0,4.5,3.0,4.5,4.5,3.5,3.5,3.0,4.0,3.5,4.0,,4.5,,4.0,3.5,,3.0,2.0,4.0,4.0,4.5,4.0,4.0,4.0,3.5,4.0,4.5,3.5,5.0,4.0,4.0,4.0,4.0,3.5,4.0,,4.5,4.0,4.0,,,4.0,5.0,4.0,3.0,5.0,4.0,4.0,3.5,,4.0,4.5,3.0,,3.5,3.5,4.0,4.5,,3.0,3.0,,,,4.0,,3.0,4.0,,4.5,4.0,,,4.0,5.0,,5.0,4.5,,5.0,,,3.5,5.0,,4.0,,,3.5,,,5.0,4.5,4.5,,4.0,3.5,4.0,5.0,4.0,3.5,5.0,,4.0,4.0,4.0,4.5,3.5,4.0,4.0,4.5,4.5,3.5,4.0,3.0,4.0,,4.5,3.5,3.5,4.0,4.5,5.0,5.0,4.0,4.5,4.5,4.0,4.5,5.0,5.0,,4.5,,4.5,4.5,3.5,3.5,4.0,4.5,5.0,4.5,5.0,4.5,4.0,3.0,4.0,4.0,5.0,,,5.0,4.5,4.0,3.5,,3.5,3.5,,4.5,5.0,4.0,4.0,,4.0,4.0,4.5,4.0,4.5,,5.0,4.0,4.5,4.0,,,,3.0,,4.0,5.0,,5.0,,5.0,4.5,4.5,3.0,4.5,3.0,3.5,5.0,3.5,4.5,5.0,,4.0,4.5,5.0,,,4.5,4.5,5.0,2.5,4.0,4.0,4.5,4.5,4.0,4.0,3.5,4.5,,,4.5,4.0,5.0,5.0,4.0,5.0,4.5,5.0,4.5,5.0,4.5,4.0,4.0,4.0,4.5,4.5,5.0,4.0,4.0,4.0,,,,
118754,2.5,5.0,4.0,3.0,3.0,3.0,4.0,2.5,3.5,4.5,3.5,4.0,2.5,3.5,4.0,2.5,3.5,1.5,3.0,3.5,4.5,2.0,3.0,4.5,2.5,3.0,4.0,3.0,3.5,3.0,3.5,3.0,4.5,3.0,3.5,4.0,3.5,3.5,1.0,4.0,4.0,3.5,3.5,3.0,3.0,3.5,4.5,4.0,3.0,4.0,4.0,3.0,3.5,4.0,4.0,3.5,3.0,4.0,3.0,4.5,4.0,3.5,4.0,3.0,0.5,3.5,2.5,4.0,0.5,5.0,5.0,5.0,4.5,4.5,4.0,2.5,5.0,4.0,4.0,4.5,4.5,3.5,3.5,4.0,3.0,3.0,4.5,4.0,5.0,4.5,4.5,5.0,5.0,5.0,4.5,4.5,5.0,5.0,5.0,5.0,4.5,4.5,5.0,3.5,4.5,4.5,4.5,4.5,3.0,3.5,5.0,5.0,3.5,5.0,4.0,4.5,3.0,3.5,4.0,5.0,4.0,2.5,4.5,4.5,3.0,4.5,4.0,,4.0,3.0,4.5,2.0,3.5,3.5,3.0,4.5,4.5,4.5,3.5,4.0,4.0,3.5,5.0,5.0,3.5,5.0,4.0,3.5,3.0,0.5,5.0,3.5,4.5,4.5,4.5,4.0,4.0,3.5,5.0,3.0,3.5,4.5,3.5,3.5,4.5,3.0,4.5,3.5,3.5,5.0,4.0,4.5,4.5,4.0,3.5,1.0,4.0,3.0,1.5,4.5,3.5,4.0,4.0,3.5,4.5,3.5,5.0,3.5,2.5,4.5,4.0,3.5,3.5,5.0,3.5,4.5,3.5,3.5,3.5,3.5,4.0,4.5,4.0,3.5,4.5,4.0,4.5,3.5,3.5,0.5,3.5,3.5,4.0,4.0,4.0,4.0,2.5,3.5,4.5,3.5,4.0,1.5,3.5,5.0,4.0,3.5,4.0,4.0,4.5,3.5,4.0,4.0,4.0,4.5,4.5,0.5,3.0,4.5,5.0,4.0,4.0,4.0,3.0,4.5,4.0,4.5,,,,
118848,3.5,5.0,4.5,,,,5.0,,3.5,3.5,3.0,4.0,4.0,4.0,4.0,,,,,2.0,1.5,,4.0,4.5,,,,,3.0,3.0,,4.0,,3.5,,4.0,,,2.5,,,3.5,4.5,4.5,3.5,,,,,,4.0,,,4.5,3.5,4.0,4.5,,,4.5,,,4.5,3.5,2.5,4.0,,3.0,4.0,,3.0,3.5,4.0,,3.5,,2.0,2.0,,,,,3.5,,3.0,4.0,2.5,5.0,4.5,4.0,4.5,4.0,3.0,3.5,4.5,4.5,4.5,4.5,4.5,5.0,3.5,4.0,4.0,,3.5,,4.5,3.5,4.0,4.0,3.0,3.5,4.5,,,4.0,3.5,4.5,,,,4.0,3.5,3.5,4.0,4.0,3.5,4.0,4.5,4.0,4.5,4.0,4.0,4.0,,4.0,4.0,,4.5,3.0,4.0,4.0,4.0,4.5,,3.5,4.0,,3.0,3.5,4.5,4.0,2.0,4.0,4.0,,4.0,4.0,2.5,4.5,,4.5,3.5,4.0,4.0,,3.0,3.5,,4.0,,4.0,3.0,,,4.0,3.0,4.0,2.5,3.5,3.0,,4.0,3.0,3.5,4.0,4.0,,4.5,4.5,3.5,,3.5,3.5,4.0,4.0,5.0,4.0,4.0,4.0,,4.0,0.5,5.0,4.5,4.0,5.0,,4.0,3.5,3.5,,4.0,3.5,4.5,2.0,4.5,4.5,3.5,4.5,4.5,2.5,4.5,4.0,4.5,4.0,4.5,4.5,4.0,4.0,4.5,4.5,4.5,5.0,4.0,3.5,4.5,4.5,4.0,4.0,3.5,4.0,4.5,5.0,4.5,4.5,4.0,4.5,4.0,5.0
118955,2.5,4.0,4.5,2.5,3.5,3.0,4.0,2.5,2.0,3.5,,3.5,2.5,3.5,3.0,,,2.0,,1.0,5.0,,2.5,4.0,,1.5,,,4.0,2.5,,,3.5,2.5,2.5,2.0,2.0,2.5,1.5,,2.5,3.5,3.0,3.0,2.5,2.0,,,2.0,3.0,3.5,,2.0,4.0,,4.0,3.5,3.5,3.0,4.0,,,4.0,2.5,2.5,4.0,,2.5,3.5,,,3.5,3.5,,,,3.5,3.5,,3.0,2.0,3.0,,,3.0,3.0,,3.5,3.5,3.0,4.0,4.5,,4.0,2.5,4.5,4.5,4.5,4.0,3.0,,3.0,3.5,4.0,,3.5,4.0,2.0,3.5,,3.0,3.0,3.5,,,4.5,2.0,3.5,,,,3.0,2.0,3.5,2.5,3.5,,3.5,3.5,2.0,2.5,2.5,2.5,3.0,4.0,,4.0,,3.5,,3.0,2.5,3.5,4.5,4.5,,2.5,3.5,,2.5,4.5,4.5,4.0,3.5,3.0,3.0,2.5,3.0,3.0,3.5,,4.0,3.0,2.5,4.0,2.5,,,1.5,,2.5,4.0,3.0,,,2.5,2.0,3.5,2.0,3.0,1.5,2.5,3.5,2.0,2.5,4.5,,,3.5,2.5,,2.5,2.5,,3.5,,4.0,3.0,3.5,2.5,,3.0,4.5,3.0,3.5,2.5,4.0,2.0,4.0,3.0,4.5,,4.5,2.0,3.0,3.5,3.5,4.0,1.5,3.0,3.5,2.0,2.0,3.5,3.0,2.5,2.0,2.0,3.0,2.5,4.0,2.5,2.0,3.0,4.0,2.5,3.0,,3.0,3.5,1.5,,3.5,4.0,3.0,,3.0,4.5,,4.0
118999,,5.0,4.0,,4.0,,4.0,,,,,,4.0,4.0,,,,4.0,,,4.0,3.0,4.0,5.0,,,,,2.0,3.0,,4.0,5.0,,3.0,4.0,3.0,,2.0,4.0,,3.0,,4.0,1.0,,5.0,4.0,,4.0,4.0,3.0,,,4.0,4.0,5.0,3.5,3.0,4.0,,,,,1.0,,,4.0,,5.0,,4.0,5.0,5.0,5.0,5.0,5.0,5.0,4.0,5.0,4.0,3.0,4.0,3.0,4.0,3.0,,5.0,5.0,,,,5.0,4.0,,5.0,5.0,4.0,5.0,5.0,5.0,,3.0,3.0,,5.0,4.5,5.0,5.0,,4.0,,,3.0,5.0,5.0,5.0,3.0,,,4.0,2.0,5.0,,5.0,4.0,3.5,4.0,3.0,,,4.0,,5.0,,,4.5,4.0,4.0,,3.0,,5.0,5.0,4.0,,,5.0,,1.5,4.0,4.0,,3.0,2.0,2.0,,3.0,,5.0,4.0,3.0,3.0,,4.0,4.0,5.0,,3.0,3.0,,4.0,4.0,,5.0,,,4.0,,5.0,3.0,3.0,2.5,3.0,,4.0,,4.0,,4.0,3.5,4.0,,4.0,4.0,,,,,,4.5,,,,4.0,4.0,,4.0,3.0,,4.5,,,,3.5,4.5,3.5,4.0,,3.5,4.0,,,,0.5,,4.0,,,,,4.0,,,3.5,,,,4.5,,,,,,,,,,,
119048,2.5,5.0,,4.0,4.0,3.5,5.0,4.0,,2.0,,,4.5,,,,,2.5,2.5,3.0,4.0,,3.0,5.0,3.5,2.5,,2.5,4.5,2.5,1.0,,4.5,3.0,3.5,4.5,2.5,,2.0,4.0,2.0,,3.5,4.0,,2.5,5.0,4.5,3.0,,,4.0,4.5,5.0,,4.5,5.0,5.0,3.5,5.0,3.0,3.5,,2.5,,4.5,4.5,,,5.0,5.0,5.0,5.0,5.0,5.0,5.0,5.0,5.0,5.0,,4.0,,,5.0,5.0,,4.5,4.0,5.0,4.0,,4.0,5.0,5.0,4.0,5.0,5.0,,,5.0,5.0,,5.0,2.5,,5.0,4.5,4.0,4.5,,5.0,5.0,4.0,,,4.5,4.0,5.0,2.0,,4.0,3.0,5.0,4.0,4.5,5.0,5.0,5.0,4.0,3.0,,3.0,3.0,,3.0,5.0,5.0,4.5,5.0,3.0,,4.0,5.0,,5.0,4.0,,3.5,4.0,1.5,3.5,,5.0,3.0,,4.0,3.0,2.5,5.0,4.0,4.0,,,,4.0,4.0,3.5,4.5,3.0,5.0,,3.5,4.0,2.0,4.5,3.0,3.0,3.0,1.0,4.0,,4.5,4.5,4.0,2.0,5.0,5.0,4.0,3.0,5.0,4.0,4.0,5.0,5.0,,4.0,3.0,,4.0,,4.5,3.5,5.0,,4.0,3.0,,4.0,,3.0,4.0,4.5,4.0,3.0,4.0,4.5,2.5,4.0,3.5,4.5,4.0,1.5,3.0,5.0,5.0,3.5,4.0,2.5,4.0,,4.0,3.5,3.0,5.0,5.0,4.0,4.5,3.5,5.0,4.0,3.5,2.0,4.5,5.0,4.5,4.0,4.5,5.0,4.0,3.0
119271,2.5,,4.0,,3.0,,4.0,2.5,1.5,4.0,3.5,3.0,3.5,,4.0,,1.0,2.0,1.5,1.0,3.5,,3.5,4.0,2.5,1.5,,1.0,4.5,1.5,2.0,2.5,,2.5,3.5,1.5,2.0,0.5,3.5,2.5,3.0,3.0,3.0,2.5,1.5,,2.5,,,3.0,,3.5,2.0,5.0,3.0,3.0,4.5,3.0,2.0,4.0,,1.0,3.0,1.5,,3.5,1.5,4.0,3.0,4.5,2.5,4.5,4.5,4.0,3.5,1.0,5.0,5.0,2.0,,2.0,1.0,,3.0,1.0,1.0,3.5,3.5,2.0,5.0,4.5,4.5,5.0,5.0,3.5,4.0,2.5,4.5,,4.5,4.0,3.0,5.0,1.0,,4.5,4.5,3.0,2.5,3.5,4.0,2.5,0.5,,2.0,4.0,2.0,3.0,2.5,4.0,2.0,2.5,2.0,4.0,2.0,4.0,4.0,,4.0,1.5,2.0,2.5,2.5,,3.0,3.0,4.5,,3.5,3.5,2.5,,3.0,4.5,,3.5,3.5,3.0,2.0,0.5,1.5,3.0,4.0,2.5,1.5,2.5,3.5,2.5,5.0,,2.0,3.0,3.0,3.0,,2.5,3.5,1.0,2.0,2.5,2.0,3.5,4.0,1.0,3.5,3.5,0.5,2.0,2.5,1.5,3.5,2.5,3.0,5.0,3.5,3.5,0.5,1.0,3.0,3.5,,4.0,3.5,3.0,3.0,5.0,3.0,1.5,3.5,2.0,3.5,4.0,4.0,3.0,4.0,1.5,4.5,1.5,3.5,1.0,3.0,2.5,4.0,1.0,2.5,3.5,1.5,1.0,,2.0,3.5,1.0,3.5,0.5,4.0,3.0,3.5,0.5,3.5,2.5,4.5,3.5,0.5,5.0,0.5,0.5,2.0,,4.0,,,,,,,,,,,
119367,4.0,3.0,3.0,,3.5,,4.0,2.0,,,3.0,,5.0,4.0,1.5,2.5,2.5,,,1.0,4.0,,1.0,4.0,,2.5,,4.0,3.5,2.0,3.5,5.0,1.0,5.0,3.0,5.0,2.0,2.0,,4.0,,4.5,,3.0,,3.5,,5.0,2.0,4.5,2.0,2.5,3.0,5.0,4.0,4.0,5.0,4.5,4.5,5.0,3.5,1.5,3.0,4.0,,4.0,,3.0,3.5,5.0,5.0,2.0,4.0,,4.5,4.0,5.0,5.0,3.0,,1.5,2.0,,3.0,5.0,3.0,4.0,5.0,5.0,2.0,5.0,4.5,5.0,5.0,5.0,4.0,4.5,5.0,5.0,,,5.0,5.0,5.0,3.0,5.0,4.0,5.0,5.0,3.5,5.0,4.0,2.0,5.0,4.5,5.0,4.0,3.0,3.0,5.0,4.0,,5.0,3.0,2.0,3.0,5.0,4.0,4.5,1.0,2.0,5.0,3.5,4.0,4.0,3.5,,5.0,5.0,,4.5,4.0,,2.0,3.5,3.0,3.0,5.0,3.0,1.0,4.0,5.0,2.5,5.0,4.0,4.0,0.5,4.0,4.0,4.0,4.0,4.5,5.0,3.5,2.5,4.0,,3.0,,3.0,4.0,5.0,3.5,,,4.0,3.5,4.5,,5.0,,5.0,5.0,4.0,2.0,3.0,5.0,,5.0,1.0,3.5,3.0,4.0,5.0,,5.0,5.0,,5.0,3.5,4.5,4.0,4.0,,,4.5,4.0,,3.5,4.0,3.5,3.0,4.5,4.5,3.0,2.5,5.0,3.0,3.5,5.0,2.0,3.5,3.0,4.5,5.0,4.0,3.5,4.0,5.0,2.5,3.0,4.5,1.5,3.5,2.5,4.5,4.5,3.5,3.5,3.5,3.5,5.0,3.0,4.5,2.0,4.0,4.5,,4.5,3.0
119531,3.0,3.0,3.0,3.0,4.0,3.0,3.5,,3.0,,3.0,,4.0,4.0,3.0,,3.0,,3.0,2.0,3.5,4.0,,4.0,3.0,,5.0,3.0,2.0,2.0,,4.0,4.0,4.0,,3.0,,2.0,2.5,3.5,2.5,3.0,2.5,4.0,2.0,2.0,5.0,3.0,2.5,,2.0,,3.5,3.0,4.0,2.0,5.0,4.0,4.0,4.0,4.0,3.0,3.0,3.0,2.0,4.0,,,3.0,5.0,4.0,5.0,5.0,5.0,5.0,5.0,5.0,5.0,4.0,,4.0,2.0,4.0,5.0,4.0,3.0,2.0,4.0,4.0,,4.0,5.0,5.0,2.0,3.5,4.0,5.0,2.0,4.0,5.0,5.0,5.0,3.0,5.0,4.0,4.0,4.5,3.0,4.0,2.0,3.0,5.0,4.0,5.0,4.0,5.0,4.0,3.0,,,,4.0,4.0,,4.0,4.0,5.0,4.0,,3.0,2.0,1.0,4.0,3.0,3.0,2.0,2.0,4.0,4.0,,4.0,3.0,3.5,2.0,4.0,,,2.0,2.0,2.0,2.0,4.0,4.0,3.0,3.0,,,2.5,5.0,5.0,3.0,3.0,5.0,3.0,3.0,4.0,4.0,3.0,4.0,3.0,3.0,,2.0,,,2.5,,2.5,,4.0,,4.0,5.0,3.0,2.0,2.0,,4.0,4.0,4.0,,,4.0,5.0,3.0,3.0,3.0,3.0,5.0,2.5,4.0,3.0,5.0,4.0,4.0,4.0,4.0,4.0,4.0,4.0,,,,4.0,3.0,3.0,4.0,4.0,,3.5,3.0,,,,4.0,,4.0,,4.5,3.5,3.5,,,,,,4.0,4.0,4.5,,5.0,,3.5,4.5,4.0,4.5,3.0,2.5,,
120572,3.0,4.5,4.0,2.0,3.0,2.0,4.0,,3.5,4.0,3.0,2.5,3.0,3.5,4.0,,2.0,4.0,2.5,2.5,5.0,2.5,3.5,4.0,,1.0,,,3.5,3.5,,3.0,3.0,3.0,,4.0,,3.5,,,3.0,3.0,2.5,4.0,3.0,3.0,,,,,4.5,,4.0,4.0,4.0,3.0,4.5,,,4.0,3.5,,4.5,3.0,2.5,3.5,,3.5,3.0,5.0,,,3.5,4.0,,,2.5,3.5,4.5,5.0,,,3.5,3.5,3.0,3.0,,5.0,3.5,,,,,3.5,4.0,4.5,4.5,3.5,,3.0,4.5,4.0,3.5,3.5,,,3.0,4.0,4.0,,2.5,3.5,,,,,3.0,,,,,,,2.0,4.0,3.5,,3.0,4.5,2.0,4.5,3.0,3.0,2.0,4.0,4.5,4.0,3.0,3.5,,4.0,2.5,4.0,4.0,4.5,4.5,3.5,3.5,2.5,3.0,,3.0,3.0,,,,,3.5,,5.0,,4.5,3.5,3.0,,,3.0,,,,,4.5,,3.0,4.5,3.5,3.0,3.5,,3.0,3.5,3.0,4.5,3.5,3.5,4.5,,3.0,4.0,5.0,3.0,4.0,3.0,,4.5,3.5,2.5,3.5,3.0,3.5,4.0,3.0,2.5,3.5,4.0,,5.0,3.5,3.5,4.0,3.0,,3.0,,4.0,4.5,3.5,4.0,2.5,3.0,5.0,2.5,2.5,,4.5,3.0,3.5,3.5,5.0,3.0,4.0,3.0,3.0,4.0,4.5,3.0,,4.5,5.0,4.0,3.0,4.0,5.0,4.0,3.0,4.5,5.0,4.0,4.0,3.5
120575,2.5,5.0,5.0,3.0,4.5,2.5,5.0,1.0,3.0,3.0,1.5,4.5,5.0,3.5,4.0,3.5,3.5,3.5,4.0,3.0,4.5,2.5,5.0,1.0,4.0,0.5,,5.0,2.5,4.0,1.5,4.5,2.0,3.5,2.5,2.0,3.5,3.0,2.5,4.0,3.0,5.0,1.0,4.5,2.5,3.0,3.5,4.0,4.5,5.0,5.0,1.5,3.5,5.0,4.0,4.0,5.0,1.5,4.5,4.0,3.0,3.0,4.0,4.5,3.0,4.0,1.0,4.0,2.0,,5.0,,,,,4.0,4.5,3.5,,4.5,3.5,4.5,3.0,,4.5,5.0,3.5,5.0,5.0,,3.5,,,5.0,5.0,5.0,5.0,5.0,,3.5,4.0,,5.0,5.0,,,4.0,5.0,3.5,3.5,3.0,3.0,5.0,,4.5,4.5,4.5,4.0,3.5,4.0,3.5,3.5,4.5,2.0,5.0,5.0,5.0,5.0,5.0,3.5,3.5,4.0,3.0,4.0,4.5,3.5,4.0,3.5,4.5,3.0,5.0,3.5,3.0,5.0,3.5,2.5,3.5,5.0,4.0,4.5,5.0,5.0,3.5,4.5,4.0,3.0,5.0,3.0,,4.5,4.0,4.0,5.0,2.0,4.0,2.5,3.0,4.0,3.0,3.5,4.0,5.0,3.5,4.0,0.5,3.0,4.0,4.5,3.0,4.0,3.5,4.5,5.0,3.0,2.0,1.5,,3.0,4.0,,4.5,3.0,2.5,3.5,5.0,4.5,5.0,5.0,,4.0,3.0,4.0,4.5,3.5,4.0,4.5,4.5,2.0,4.5,4.0,2.0,4.0,5.0,3.5,4.0,3.0,3.5,5.0,4.0,5.0,3.5,3.0,4.5,,2.5,3.5,4.0,3.5,3.5,5.0,4.0,4.0,3.5,5.0,4.0,2.5,5.0,5.0,,5.0,2.5,5.0,4.0,5.0,4.5,5.0,5.0,5.0,5.0,5.0
120948,3.0,5.0,4.0,3.5,5.0,,4.5,2.5,3.0,3.5,3.5,3.0,4.5,4.0,2.5,,1.0,3.0,3.0,2.5,4.5,2.5,5.0,4.5,,,,4.0,4.5,3.0,3.5,4.0,,3.5,3.5,3.5,2.5,3.5,,4.0,3.0,3.5,3.5,4.5,3.0,,,4.5,2.5,4.0,4.5,,4.0,4.5,4.5,4.5,4.5,,3.5,4.5,3.5,,4.0,1.5,2.5,4.5,4.0,4.5,3.5,5.0,4.0,5.0,4.5,3.5,4.5,5.0,5.0,5.0,4.5,5.0,4.5,3.5,4.0,4.0,4.5,4.0,4.0,4.5,5.0,4.5,5.0,4.0,5.0,5.0,4.5,4.5,5.0,4.0,,5.0,3.0,5.0,4.5,4.0,,4.5,4.5,4.5,4.5,3.0,,,4.5,,4.5,4.5,4.0,3.0,3.5,4.0,,3.5,5.0,3.5,4.5,3.5,4.5,4.0,4.5,2.5,3.0,4.0,3.0,3.0,4.5,2.0,4.5,,4.0,1.5,4.5,2.5,3.5,5.0,5.0,4.5,4.0,4.0,3.5,1.0,4.0,4.0,5.0,4.0,3.0,4.0,4.5,3.5,5.0,5.0,3.5,4.0,4.0,4.0,4.0,,3.5,,,4.0,3.0,4.5,4.0,,3.0,4.0,2.5,2.5,1.0,4.5,3.5,4.5,4.5,4.0,3.5,3.5,4.5,4.0,,5.0,4.0,4.0,4.0,4.0,4.5,4.5,2.5,3.0,3.5,,4.5,4.5,4.0,4.0,4.5,4.0,5.0,4.0,,4.5,4.0,3.5,3.5,4.5,4.5,4.5,4.5,,3.5,4.0,4.5,3.0,5.0,4.5,4.5,,4.5,3.0,4.0,3.5,4.5,4.0,3.0,4.5,3.5,4.0,4.0,2.5,4.0,4.5,4.0,3.0,4.0,4.5,3.5,3.0,4.0,3.5,3.5,4.5
121535,3.0,5.0,3.0,3.0,4.0,3.0,3.0,2.0,2.0,3.0,,,3.0,3.0,,,2.0,,2.0,1.5,3.0,2.0,,2.0,2.5,,2.0,2.0,1.0,2.0,,4.0,4.0,,3.0,4.0,2.0,3.5,3.0,2.0,2.0,3.0,,4.0,,3.0,4.5,4.0,,4.0,3.5,,4.0,4.0,3.5,3.5,4.5,4.0,2.0,4.5,3.0,3.0,2.0,4.0,2.0,3.0,,,3.0,2.0,3.0,4.0,3.0,5.0,5.0,3.5,4.0,3.0,4.0,3.0,,3.0,2.0,3.5,4.5,2.0,3.0,4.0,4.0,2.5,3.0,4.5,5.0,4.0,3.0,4.5,4.5,3.0,2.5,4.5,4.5,2.5,3.0,3.0,2.0,4.0,4.0,3.0,3.0,2.0,3.0,3.0,3.0,4.0,2.0,4.0,4.0,4.0,,2.0,2.0,2.0,4.5,2.5,3.0,4.0,4.5,4.0,2.0,3.0,3.0,3.0,2.0,2.0,3.0,3.5,4.0,4.0,3.0,4.0,4.0,3.5,3.0,4.0,3.0,4.0,,4.0,3.0,2.0,3.5,3.0,4.0,3.0,3.0,3.0,2.0,2.0,3.5,4.0,3.0,3.0,2.0,3.0,4.0,4.0,2.0,3.0,4.0,3.0,,2.5,3.0,2.0,2.0,3.0,3.0,2.5,2.0,4.0,3.0,3.0,4.0,3.0,,4.0,3.0,3.0,3.0,3.0,3.0,3.0,3.0,3.0,3.0,3.0,4.0,2.0,3.0,3.0,3.0,2.0,5.0,3.5,3.5,2.5,4.0,3.5,3.0,3.0,4.0,4.0,3.0,3.5,3.0,2.0,4.0,4.0,3.0,3.0,4.0,2.0,2.0,,4.0,4.0,4.0,3.0,4.0,3.5,3.5,3.0,3.5,4.0,2.5,3.5,3.5,2.5,4.0,3.0,2.5,2.5,3.5,5.0,3.5,4.0,3.5,3.5,4.5,3.5
121894,3.0,4.5,4.0,2.0,4.0,3.0,5.0,2.0,3.0,4.0,3.0,4.0,3.0,3.0,4.0,2.0,,3.0,,2.0,4.0,,5.0,3.0,4.0,,,3.0,4.0,3.0,2.0,3.0,4.5,3.0,3.0,4.0,3.0,2.0,3.0,3.0,2.0,3.0,3.0,4.0,3.0,3.0,,4.0,2.0,,4.0,3.0,3.0,4.0,3.0,4.0,5.0,3.5,3.0,5.0,3.0,1.0,3.0,3.0,1.0,4.0,,3.0,3.0,5.0,3.0,4.0,,,,,4.5,4.0,2.5,5.0,4.0,1.0,3.0,,5.0,4.0,3.0,4.5,4.0,,,,,5.0,4.0,5.0,5.0,4.0,4.5,4.0,4.5,,4.0,4.0,,,4.0,4.0,4.0,,3.0,,4.0,4.0,4.0,4.5,3.0,5.0,1.0,1.0,2.0,3.0,4.0,3.0,4.0,4.0,4.0,,3.0,3.0,3.0,4.0,3.0,4.0,4.0,3.0,4.0,,3.0,3.0,5.0,3.0,3.0,3.0,,4.0,3.0,4.0,,3.0,4.0,5.0,,4.0,3.0,4.0,3.0,4.0,,5.0,3.0,3.0,,3.0,,3.5,4.5,3.0,,,3.0,3.0,,3.0,4.0,1.0,3.0,4.0,3.0,3.0,1.0,3.0,5.0,3.0,2.5,3.0,,,4.0,5.0,,4.0,4.0,4.0,4.0,3.0,3.0,4.0,,3.0,4.5,3.0,2.0,4.0,3.0,4.0,5.0,,4.0,4.0,4.0,4.0,3.0,,4.0,5.0,4.0,2.0,3.0,3.0,4.0,3.0,3.0,,5.0,4.0,4.0,3.5,4.5,1.5,4.0,4.0,2.0,,5.0,4.0,2.0,5.0,4.0,3.5,,4.0,4.0,5.0,,3.5,,,,
121930,2.5,3.0,3.5,2.5,3.0,2.5,4.5,,2.5,,,3.0,3.0,,3.0,,0.5,,,2.0,3.5,,2.0,4.5,,2.0,,,4.5,2.5,,,2.5,3.5,2.5,3.5,,3.0,,,2.5,3.0,2.0,2.5,2.5,2.5,,3.0,,3.0,3.5,,2.0,3.0,2.5,3.5,4.0,,2.5,5.0,,,2.5,3.0,2.0,3.5,,2.5,3.0,,,,3.0,3.0,,,3.5,4.5,,3.0,3.0,,3.0,3.0,3.0,3.0,,3.5,2.0,4.0,4.0,3.0,,3.5,,5.0,4.0,3.5,4.5,3.0,3.5,2.5,3.0,,,2.5,3.5,3.5,,2.5,,,2.0,3.0,,3.5,,,,,,2.5,,3.0,2.5,3.0,,3.0,2.0,1.5,3.0,2.5,0.5,3.5,3.0,3.0,3.5,,3.0,3.0,3.0,2.5,3.5,4.0,2.5,4.0,3.5,3.0,1.0,2.5,3.0,3.0,3.0,2.5,2.0,,,,4.0,3.5,,3.5,,2.5,3.5,3.0,4.0,,2.0,3.0,2.0,3.0,2.0,,3.0,3.0,,2.0,2.0,3.0,,2.5,4.5,2.5,3.0,4.0,3.5,3.0,3.5,4.0,,2.0,1.5,3.0,3.0,3.0,3.5,2.5,3.5,2.0,3.5,3.0,2.0,3.5,3.0,2.5,4.0,,3.5,3.5,3.0,3.0,3.5,3.0,3.0,2.5,3.0,1.5,,3.5,3.0,2.5,2.5,5.0,3.5,3.5,3.0,3.0,3.5,3.0,2.0,3.0,3.0,1.5,3.5,3.5,3.0,3.0,3.5,2.5,3.0,3.5,3.5,3.5,3.5,3.5,3.0,4.0,3.0,3.5
122436,3.0,,4.0,4.0,5.0,,4.5,3.0,4.0,,,,4.0,3.0,,3.0,3.0,3.0,1.0,2.0,3.0,3.0,,5.0,,3.0,3.0,,5.0,4.0,4.0,,4.0,4.0,,4.0,3.0,,2.0,3.0,,4.0,,5.0,2.0,3.0,4.0,,,,,4.0,3.0,4.0,3.0,4.0,5.0,4.0,,5.0,4.0,4.0,4.0,4.0,3.0,3.0,3.0,3.0,4.0,,3.0,,,,3.0,,,4.0,5.0,2.0,4.0,3.0,,5.0,5.0,3.0,3.0,1.0,4.0,1.0,,,,,4.0,3.0,,3.0,5.0,,,,4.0,,,,4.0,4.0,4.0,,,4.0,4.0,4.0,,,,4.0,,3.0,,3.0,4.0,2.0,3.0,1.0,4.0,4.0,2.0,4.0,1.0,4.0,4.0,4.0,4.0,4.0,5.0,,4.0,4.0,5.0,,3.0,2.0,3.0,4.0,4.0,4.0,3.0,3.0,3.0,,,3.0,,5.0,4.0,3.0,,4.0,4.0,,4.0,3.0,2.0,4.0,3.0,4.0,4.0,4.0,3.0,2.0,,4.0,5.0,3.0,3.0,4.0,3.0,4.0,3.0,4.0,4.0,,4.0,3.0,,4.0,4.0,4.5,3.0,,4.5,3.0,,3.0,4.0,2.0,4.0,2.0,4.0,4.0,3.0,4.0,1.0,4.0,4.0,2.0,,4.0,5.0,4.0,4.0,4.0,4.0,3.0,3.0,2.0,3.0,3.0,4.0,3.0,4.0,,4.5,4.0,4.0,4.0,4.5,,4.0,3.0,3.0,3.5,,4.0,,,3.5,,,,,,,,,,,
122995,3.0,,3.0,,4.0,3.0,,3.0,5.0,,4.0,4.0,,3.0,,2.0,4.0,3.0,,4.0,5.0,3.0,1.5,,5.0,2.0,5.0,,,4.0,3.0,4.0,5.0,4.0,4.0,5.0,3.0,,3.0,4.0,4.0,4.0,3.0,4.0,4.0,3.0,4.5,,4.0,3.0,,3.0,4.0,4.0,4.0,4.0,4.0,5.0,5.0,5.0,4.0,5.0,4.0,4.0,2.5,,4.0,,2.0,5.0,5.0,5.0,5.0,4.0,5.0,5.0,5.0,3.0,5.0,3.0,5.0,5.0,3.0,3.0,4.0,5.0,4.0,5.0,5.0,3.0,,,4.0,5.0,5.0,,3.0,,4.0,,5.0,,5.0,4.0,5.0,,2.0,5.0,4.0,4.0,5.0,5.0,5.0,,4.0,4.0,5.0,4.0,3.0,5.0,4.0,5.0,3.0,3.0,4.0,5.0,4.0,,3.0,3.0,4.0,4.0,4.0,,3.5,4.0,,4.0,4.0,4.0,4.0,5.0,,4.0,4.0,,5.0,4.0,,3.0,4.0,5.0,3.5,4.0,4.0,3.0,5.0,3.0,,,4.0,4.0,3.0,4.0,5.0,4.0,4.5,5.0,4.0,2.0,3.0,5.0,5.0,4.0,4.0,4.0,5.0,3.0,3.0,4.0,4.0,4.0,5.0,4.0,4.0,5.0,5.0,4.0,5.0,4.0,5.0,5.0,5.0,4.0,4.0,3.0,3.0,3.0,5.0,,5.0,4.0,4.0,,4.0,4.0,5.0,4.0,,4.0,,,,4.0,4.5,5.0,,,3.5,4.5,5.0,3.0,4.0,,,,3.5,4.0,4.0,4.0,,4.5,3.0,,,4.0,4.0,4.5,4.5,3.5,4.0,4.0,4.0,,4.0,4.5,5.0,,4.0,2.0
123297,,,4.0,,,,,3.0,,,3.0,,,,,,,,,3.0,,,,4.0,,,,,4.0,,,,4.0,4.0,,3.5,,3.5,,,4.0,,4.0,4.0,4.0,,4.0,,,,4.0,,4.0,5.0,4.0,,4.0,5.0,4.0,4.0,,,,,,,4.0,,,5.0,,5.0,4.5,5.0,4.0,4.0,5.0,5.0,4.0,,4.0,4.0,4.0,4.0,4.5,4.0,4.5,4.5,4.0,5.0,4.5,,5.0,5.0,4.0,4.0,5.0,4.0,4.0,5.0,4.0,5.0,4.0,4.0,4.0,5.0,4.5,,4.0,4.0,4.5,5.0,4.0,4.0,4.0,4.0,4.0,4.0,4.0,4.5,4.0,4.0,4.5,4.0,,4.0,4.0,,,,,4.0,,,,4.0,4.0,4.0,,,4.0,,,4.0,,4.0,3.0,3.5,,3.5,,,4.5,,3.0,4.0,3.5,4.0,5.0,,4.0,4.0,,,,4.0,,4.0,4.0,4.0,3.0,,4.0,,,3.0,4.0,,,4.0,,4.0,4.0,4.0,4.0,4.5,4.0,4.0,,,4.0,,4.0,5.0,4.0,4.0,,,,,4.0,,,,,4.0,,,4.0,4.0,4.0,,,4.0,,,,4.0,,,,,,4.0,,,,,3.5,,,,,,,,,,,,,4.0,,,,,,,4.0,4.0
123352,5.0,4.0,5.0,4.0,3.5,3.0,4.5,3.0,3.0,5.0,3.5,3.0,3.0,3.5,4.0,2.5,0.5,3.5,3.0,3.5,,3.5,4.0,,2.5,3.0,3.5,4.0,2.0,3.5,,3.5,,4.0,3.5,4.5,3.5,3.5,3.0,5.0,4.5,3.5,2.0,4.5,3.0,4.5,,,5.0,5.0,4.0,2.5,,4.0,3.5,3.0,5.0,,,3.5,3.5,3.0,4.0,3.5,,,3.5,3.5,4.0,,3.0,,,,,4.5,,,,4.0,4.5,0.5,3.0,,2.5,,3.0,4.5,5.0,,,,,,4.5,4.0,5.0,,3.5,,,,5.0,,,,,4.5,3.0,4.5,5.0,,4.5,,,,,4.5,,,,,3.5,,3.5,4.0,4.5,,4.0,3.0,3.5,4.0,3.5,5.0,4.5,4.0,,,4.0,2.5,4.0,3.0,,,,,4.0,3.0,3.0,3.5,3.0,4.0,4.0,3.5,3.5,3.0,,3.5,,4.5,3.0,3.5,4.5,3.5,,3.0,,,2.5,3.0,,4.0,3.0,3.0,,3.5,1.5,4.0,,3.5,2.5,,4.5,4.5,,3.0,4.0,,4.5,,4.5,3.0,3.5,3.0,,4.5,4.0,2.5,,4.0,4.5,4.5,4.5,4.0,4.0,,4.0,,4.0,4.0,3.5,4.5,,3.5,1.5,3.5,4.0,4.5,2.0,4.0,,2.5,3.0,4.5,4.5,3.5,4.5,3.0,4.0,4.0,3.0,4.5,2.5,4.0,4.5,3.5,3.0,,4.5,4.5,3.5,3.0,3.5,,4.0,,3.0,3.5,4.5,5.0
123606,4.0,3.5,3.5,3.0,4.5,,4.5,4.0,,2.5,3.5,,4.0,4.0,2.5,,,,3.0,3.0,3.0,4.0,5.0,5.0,,,,2.0,4.5,,4.0,3.0,4.0,4.0,3.0,4.0,3.0,4.0,3.0,4.0,3.0,4.0,3.0,4.5,1.5,3.0,4.0,4.0,,4.0,4.0,,3.0,4.5,4.5,5.0,5.0,5.0,3.0,5.0,4.0,3.0,4.0,3.0,,4.5,3.0,4.0,,5.0,4.0,5.0,5.0,4.5,4.5,5.0,5.0,5.0,4.0,4.0,4.0,2.0,3.0,3.0,4.0,4.5,4.0,5.0,5.0,5.0,4.5,5.0,5.0,5.0,3.5,5.0,5.0,5.0,5.0,5.0,4.0,5.0,5.0,4.5,4.0,5.0,5.0,4.0,5.0,4.0,5.0,4.0,4.0,,4.0,5.0,4.5,4.5,4.5,5.0,4.0,4.0,5.0,3.0,4.0,4.0,4.5,4.0,3.0,3.0,,4.0,3.0,4.0,3.5,5.0,5.0,4.0,4.5,3.5,3.5,4.0,5.0,4.5,,5.0,3.0,4.0,,2.0,5.0,4.0,5.0,4.0,3.0,4.5,3.0,4.0,4.5,4.0,5.0,4.0,4.0,3.0,3.0,3.5,4.5,4.0,4.0,5.0,4.0,4.0,5.0,3.0,4.0,2.0,3.5,2.0,,5.0,4.0,5.0,5.0,4.0,5.0,4.0,5.0,3.0,4.5,4.5,4.5,4.0,3.0,5.0,4.0,5.0,4.0,,4.5,3.0,3.0,5.0,4.5,4.0,4.0,4.0,5.0,4.0,4.5,3.0,5.0,4.0,5.0,1.0,4.0,4.0,3.0,4.0,3.5,5.0,4.5,,4.5,5.0,4.0,3.0,4.5,2.5,4.5,1.5,3.0,3.5,0.5,4.5,4.0,,4.0,,3.5,4.0,1.0,3.0,2.5,3.5,4.5,3.5,,3.0,2.0,
124339,3.0,4.0,3.5,,,,4.5,,2.5,4.0,3.5,2.5,,,2.0,,2.0,,3.5,3.5,5.0,2.5,4.0,,,,,,4.5,3.0,2.0,4.5,,3.0,2.5,2.5,,2.5,,3.0,3.0,3.5,2.5,4.0,2.0,,,,,3.5,4.5,,3.5,3.5,3.0,5.0,4.0,3.5,3.5,4.0,,1.0,2.5,1.5,,5.0,3.0,2.5,,,,,,,3.5,,0.5,1.5,3.5,,4.0,2.5,3.5,,4.0,2.5,3.5,5.0,5.0,3.0,4.5,4.0,,,4.5,4.0,,5.0,,,,5.0,4.5,5.0,,,4.5,4.5,4.0,4.5,4.0,3.5,4.0,3.5,3.5,,,4.5,2.5,4.0,3.0,2.0,4.5,3.5,,5.0,4.0,2.5,4.5,3.5,2.0,4.0,1.0,3.0,4.0,2.5,2.0,3.5,3.5,2.5,4.0,3.0,2.5,,,3.5,,2.5,,3.0,3.5,4.0,4.0,3.5,3.0,4.5,4.0,4.0,4.0,3.5,3.0,3.5,3.0,,3.5,3.0,,4.0,4.0,4.0,4.0,3.5,3.5,,,3.0,2.0,3.0,,5.0,0.5,3.5,3.0,3.5,3.5,,4.0,3.5,,3.0,3.0,4.0,,3.5,,4.5,3.5,2.5,4.0,2.0,,3.5,4.0,4.5,3.0,3.5,5.0,,4.0,2.0,1.0,3.0,2.0,3.0,2.5,,3.5,3.0,3.0,2.5,3.5,2.5,3.5,4.5,4.0,2.5,3.5,3.5,3.0,3.5,4.0,3.5,3.0,4.5,4.0,,,,4.0,,,3.0,,3.5,2.0,3.0,2.0,3.5,3.5,3.5
124633,1.5,2.0,3.5,1.5,2.5,2.0,3.0,2.0,1.5,,,1.5,2.0,2.0,1.0,1.0,1.0,,1.0,0.5,2.0,,1.5,3.5,,,,,1.0,2.0,,1.5,2.0,2.5,1.5,1.0,,1.5,1.0,1.5,2.0,1.5,1.5,3.0,1.0,,,2.5,1.5,2.0,3.0,,1.0,2.5,1.5,1.0,3.5,2.5,2.0,3.0,,2.5,2.0,1.0,1.0,3.5,1.0,1.0,1.5,,2.5,4.0,4.0,3.5,3.5,2.5,4.0,5.0,3.5,,,0.5,1.5,,4.0,1.5,4.0,4.5,5.0,4.5,4.5,3.5,,5.0,4.0,3.5,4.0,4.5,3.0,4.0,4.0,,3.5,3.0,2.0,3.0,4.5,3.5,2.5,2.5,4.5,3.5,4.0,3.5,1.5,3.5,,1.5,,1.5,2.0,2.0,4.0,1.5,3.5,4.0,1.5,3.0,1.0,2.0,1.0,1.5,2.0,2.0,1.5,3.0,3.5,,4.0,1.5,2.0,1.5,2.0,5.0,2.5,2.5,,2.5,1.0,1.0,2.5,2.5,3.0,2.0,1.5,3.0,3.0,1.5,4.5,4.0,1.0,3.5,1.0,2.0,1.5,1.5,,2.5,3.0,4.0,1.5,,3.5,,1.0,1.0,3.0,2.0,1.0,3.5,4.5,2.5,3.5,3.5,3.5,3.5,4.5,1.5,,4.5,2.5,,1.5,4.0,2.5,3.0,3.0,2.5,1.5,1.5,,4.0,3.0,3.0,3.0,2.0,3.0,2.0,2.5,3.0,2.5,2.5,4.0,2.5,1.5,,3.0,3.0,3.5,4.0,2.5,2.0,4.0,4.0,,1.0,,1.0,4.0,2.5,2.0,3.0,0.5,4.0,3.0,2.5,4.0,,2.5,,1.5,2.5,2.5,4.0,3.0,3.5,1.5,3.0,2.0,
124831,4.0,4.0,4.0,4.0,3.0,1.0,5.0,,2.0,4.5,4.0,2.0,3.0,4.5,4.0,,,3.0,3.0,1.0,3.0,3.0,4.5,5.0,3.0,,4.0,4.5,4.5,4.0,4.0,4.0,4.0,3.0,4.0,3.0,2.0,3.0,3.0,4.5,3.0,4.5,4.0,4.0,3.0,3.0,,4.5,3.0,2.0,4.5,4.0,4.0,4.5,4.0,3.0,5.0,4.0,3.0,5.0,4.5,4.0,3.0,1.0,3.0,4.0,,5.0,4.0,,,4.5,4.0,,,,5.0,4.5,4.5,4.0,5.0,4.5,3.0,4.0,4.5,4.0,4.0,4.5,5.0,4.0,,5.0,4.0,5.0,4.0,4.5,5.0,5.0,,4.5,4.5,,4.0,4.5,4.0,5.0,3.0,5.0,5.0,,5.0,5.0,4.0,,4.5,4.5,4.0,3.0,2.0,3.0,4.0,4.0,4.0,4.0,4.5,5.0,4.0,4.5,4.0,1.0,2.0,3.0,2.0,4.5,2.0,4.5,5.0,4.0,4.5,,4.5,,4.5,5.0,3.0,5.0,4.0,4.0,,2.0,4.5,4.5,4.5,4.5,4.0,4.0,4.5,3.5,,4.5,4.5,4.5,4.5,,4.0,4.0,5.0,4.5,4.5,,4.0,5.0,4.0,,4.0,,3.0,2.0,,5.0,4.0,4.5,3.5,4.5,4.5,5.0,,4.0,,5.0,,4.0,4.0,5.0,4.5,4.0,4.0,2.5,,,4.0,4.5,5.0,4.0,5.0,4.0,4.5,,2.0,4.0,4.0,,4.0,4.0,5.0,5.0,2.0,4.5,4.0,4.5,4.0,2.0,4.0,,4.5,2.5,4.5,4.0,3.5,3.5,4.5,4.5,4.0,4.0,5.0,,4.0,4.5,4.0,5.0,4.0,2.5,3.0,5.0,3.5,3.0,4.5,4.5,2.5,5.0
125178,,4.0,4.0,,4.0,,5.0,,,,,,4.0,,,,,,,,4.0,2.0,3.0,5.0,,,3.0,,2.0,,,,3.0,3.0,,3.0,,,,,,,,3.0,2.0,,,,,4.0,4.0,5.0,4.0,4.0,5.0,4.0,4.0,,3.0,5.0,,,,3.0,,3.0,,,,4.0,3.0,3.0,5.0,5.0,4.0,5.0,5.0,5.0,,2.0,4.0,3.0,4.0,4.0,5.0,3.0,4.0,5.0,4.0,4.0,5.0,4.0,5.0,5.0,2.0,4.0,5.0,3.0,4.0,5.0,5.0,5.0,4.0,3.0,4.0,5.0,5.0,5.0,4.0,4.0,5.0,,,4.0,,4.0,3.0,,,4.0,4.0,4.0,5.0,3.0,3.0,3.0,,,4.0,2.0,,,,,,,3.0,,3.0,4.0,2.0,,4.0,3.0,,4.0,,5.0,4.0,3.0,4.0,2.0,5.0,,,,,3.0,3.0,4.0,3.0,4.0,3.0,,,,4.0,,,4.0,,4.0,4.0,,4.0,3.0,1.0,3.0,,4.0,,4.0,5.0,2.0,4.0,5.0,5.0,3.0,4.0,4.0,4.0,4.0,4.0,5.0,4.0,4.0,3.0,,4.0,,5.0,4.0,5.0,,,3.0,5.0,,2.0,4.0,4.5,4.0,5.0,,3.0,3.0,4.0,4.0,,,4.0,,,5.0,4.0,4.0,,5.0,5.0,,4.0,4.5,3.5,5.0,3.5,4.0,4.5,,5.0,,,,,,,,,,,
125794,4.0,5.0,4.0,4.0,4.0,4.0,5.0,,3.0,3.0,4.0,5.0,5.0,5.0,5.0,,4.0,,4.0,4.0,5.0,4.0,4.5,3.0,,4.0,5.0,4.0,4.0,5.0,,4.0,,4.0,4.0,4.0,3.5,4.0,4.0,5.0,4.0,4.0,3.0,5.0,2.0,4.0,4.0,5.0,4.0,5.0,5.0,,4.0,5.0,4.0,4.0,5.0,5.0,,5.0,4.0,4.0,5.0,4.0,3.0,5.0,,4.0,5.0,4.0,4.0,5.0,5.0,4.0,5.0,5.0,5.0,5.0,5.0,5.0,4.0,3.5,5.0,3.0,5.0,4.0,5.0,5.0,5.0,5.0,5.0,5.0,5.0,5.0,4.0,5.0,5.0,5.0,5.0,5.0,4.0,4.0,5.0,4.0,5.0,5.0,5.0,4.5,5.0,4.0,5.0,4.0,4.0,5.0,5.0,5.0,5.0,5.0,4.0,4.0,4.0,3.0,5.0,3.0,5.0,5.0,5.0,4.0,4.0,4.0,5.0,4.0,4.0,5.0,4.5,5.0,5.0,5.0,4.0,4.0,5.0,4.0,4.0,5.0,5.0,5.0,,5.0,4.0,4.0,5.0,5.0,5.0,5.0,4.0,3.0,3.0,4.0,5.0,5.0,5.0,5.0,5.0,4.0,5.0,4.0,3.0,4.0,5.0,5.0,4.0,5.0,5.0,,5.0,3.0,4.0,3.5,2.0,5.0,4.0,5.0,5.0,5.0,5.0,4.0,5.0,5.0,5.0,5.0,4.0,3.0,4.0,5.0,4.0,4.5,4.0,4.0,4.0,5.0,5.0,4.0,5.0,4.0,4.0,4.0,5.0,4.0,4.5,5.0,4.5,4.0,4.0,4.0,4.0,4.0,5.0,4.0,4.0,4.0,5.0,3.0,4.0,5.0,4.5,4.0,4.0,4.5,5.0,4.5,4.0,4.5,4.0,5.0,5.0,4.5,4.5,4.0,5.0,3.5,4.5,4.5,4.5,4.0,5.0,4.5,4.5,4.0,4.5,4.5
125978,,2.0,4.5,3.0,5.0,,4.0,,,,,,3.0,,3.0,,,1.0,,2.0,,4.0,3.0,2.0,3.0,,4.0,3.0,5.0,4.0,,2.0,3.5,4.0,3.0,3.0,,,,4.0,,4.0,,3.0,,,4.0,4.0,,3.0,4.0,,3.0,4.0,4.5,5.0,4.0,4.0,3.0,5.0,4.0,,3.0,2.0,,2.0,,,3.0,4.5,4.5,5.0,5.0,5.0,3.0,4.5,4.5,2.0,3.0,2.0,,3.0,4.0,4.5,4.0,3.0,2.0,3.0,3.0,4.0,,3.0,4.0,5.0,4.0,5.0,5.0,4.0,5.0,4.0,5.0,5.0,3.5,3.0,4.0,3.0,5.0,4.0,4.0,,3.0,4.0,1.5,4.0,3.0,5.0,4.0,5.0,,1.5,,3.0,4.0,3.0,3.0,4.0,3.0,5.0,,,3.0,2.0,2.0,3.0,3.0,3.0,5.0,4.0,3.0,,4.5,,3.0,2.0,4.0,4.0,4.0,1.0,,2.0,4.0,4.0,4.5,3.0,3.0,2.0,,,5.0,3.0,4.0,4.0,3.0,,,4.0,3.0,4.0,4.0,3.0,3.0,,4.0,3.0,4.0,2.0,,2.5,,3.5,4.5,4.0,4.5,3.0,4.0,4.0,4.5,4.0,4.0,5.0,,,4.0,5.0,4.0,,2.0,0.5,,2.0,4.0,5.0,5.0,2.0,5.0,4.0,4.0,4.5,4.0,4.0,5.0,4.0,4.5,5.0,3.0,4.0,5.0,4.0,,3.0,5.0,,2.5,,4.5,3.0,5.0,,,,,2.0,,3.5,,,,4.0,,,5.0,4.0,4.0,5.0,4.0,5.0,,4.5,3.0,4.0
127138,,4.5,4.0,,4.0,4.5,4.5,,,4.0,,,5.0,4.0,,,,,,,,,,,,,,4.5,,,,4.5,4.5,,,4.5,,,,4.5,,4.5,,4.5,,2.5,,4.5,,4.5,,,5.0,4.5,5.0,,5.0,,,5.0,4.5,3.0,,4.0,,,3.0,,4.0,4.5,4.5,4.5,5.0,4.5,5.0,5.0,4.0,,,3.0,,,,,4.5,4.5,4.0,4.5,5.0,,5.0,5.0,5.0,4.0,4.5,5.0,5.0,,4.5,3.0,4.5,3.0,4.5,4.5,3.0,5.0,2.0,4.5,5.0,,4.5,3.0,4.5,5.0,4.5,4.5,4.5,,,4.0,4.0,4.5,4.5,,5.0,,4.5,4.5,2.5,,,,3.0,2.0,4.0,4.5,,5.0,4.5,,5.0,,,,3.0,,4.5,4.5,,,5.0,4.5,5.0,4.0,,,,4.5,2.5,5.0,,4.5,5.0,,3.5,3.0,1.5,,,,,,4.5,4.0,3.0,,2.0,3.0,,3.0,,5.0,4.5,,,4.0,,,5.0,,3.0,,,4.5,4.0,,5.0,,3.0,4.5,2.5,4.5,4.5,3.0,2.0,4.0,4.5,4.5,,4.5,3.0,4.0,,4.5,4.0,2.0,4.5,4.0,3.0,4.5,4.5,,4.0,,3.0,,4.0,3.0,4.5,4.0,,4.5,3.0,5.0,3.0,4.0,4.5,4.0,4.5,4.5,4.5,4.5,4.5,4.5,4.0,4.5,4.5,4.5,4.5,4.5
127256,3.0,,,3.0,4.0,,4.5,,,,,,4.0,2.0,,2.0,,,,,,3.0,3.0,4.0,3.0,,5.0,3.0,3.0,,3.0,3.0,4.0,4.0,3.0,3.0,,,2.0,3.0,,3.0,,4.0,,,4.0,4.0,2.0,,,,3.0,4.0,3.0,3.0,4.0,4.0,3.0,5.0,,,3.0,3.0,2.0,4.0,,1.0,3.0,4.0,4.0,4.0,5.0,,,3.0,3.0,5.0,5.0,,4.0,3.0,3.0,5.0,5.0,3.0,3.0,4.5,4.5,4.5,,,,4.0,5.0,,,4.5,5.0,,4.5,,3.5,4.0,4.0,,4.0,4.5,3.0,,4.0,5.0,3.0,4.0,3.0,3.0,4.0,3.0,,,,2.0,4.0,3.0,3.0,4.0,,,2.0,,4.0,3.0,3.0,,3.0,3.0,2.0,3.0,3.0,,4.5,,,4.0,4.0,,3.0,4.0,,,,5.0,5.0,3.0,3.0,4.0,,2.0,,3.0,,,3.0,,,,,3.0,,,4.0,3.0,4.0,,3.0,,3.0,,,4.0,,4.0,4.0,,3.0,4.5,,5.0,4.0,4.0,3.5,3.5,4.0,4.0,4.0,,4.0,2.0,5.0,4.0,2.0,3.5,4.0,4.5,5.0,4.0,5.0,3.0,3.5,4.0,4.0,4.0,3.0,3.0,3.0,3.5,5.0,,3.0,3.0,3.0,2.0,3.0,4.0,,,4.0,,5.0,,,4.0,,3.5,4.5,4.0,,4.0,5.0,,,4.0,5.0,4.0,4.5,,4.5,4.5,3.5,3.5
128258,4.0,,,,3.0,3.5,4.0,4.0,3.0,3.0,3.5,,5.0,,,3.0,,3.5,3.0,1.0,3.0,,3.0,,3.5,4.0,,4.0,3.0,4.0,4.0,4.0,4.0,3.0,3.0,2.0,3.0,2.0,3.0,4.0,3.0,3.5,,4.0,2.0,4.0,3.0,4.0,3.0,,2.0,3.0,4.0,3.5,5.0,3.0,4.0,4.0,,3.0,4.0,3.0,4.0,4.0,,3.0,3.0,3.0,3.5,5.0,4.0,3.0,3.5,,3.0,3.0,4.0,2.5,4.5,,3.0,4.0,,,4.0,3.0,4.0,2.0,3.0,,,4.5,3.0,,4.5,3.0,3.0,,4.0,,3.0,3.0,3.5,4.0,3.0,3.5,,4.0,4.0,3.0,,3.0,4.0,4.0,4.0,3.0,4.0,3.0,4.5,3.0,4.5,4.0,,3.0,3.5,,4.0,3.5,3.0,1.0,3.0,5.0,4.0,4.0,4.0,4.0,3.0,4.0,4.0,2.0,5.0,2.0,,,4.0,5.0,3.0,3.0,4.0,3.0,,4.0,,3.0,3.0,3.0,4.5,3.0,,5.0,3.0,4.0,4.0,4.0,4.5,4.0,3.0,,,,3.0,4.0,,4.0,4.0,4.5,3.0,3.0,,4.0,,4.0,4.0,,3.0,,4.0,,5.0,3.0,4.0,3.5,3.0,,3.5,,3.0,,3.0,3.5,2.0,3.0,4.5,3.0,4.0,3.0,4.5,4.0,,3.0,3.0,4.5,4.0,4.0,3.5,3.0,4.0,3.0,3.0,4.0,4.0,3.0,4.0,4.5,3.5,4.0,3.5,3.5,4.5,4.5,4.0,3.5,,4.5,2.5,2.5,4.0,3.5,4.5,3.0,3.5,4.0,2.5,3.5,4.5,4.0,4.5,3.5,4.0,4.5
128309,1.0,3.5,4.5,,3.0,,2.5,2.0,,2.5,,,3.5,2.0,,1.5,,,,,3.0,,2.0,4.0,1.5,,,,2.0,1.0,0.5,,5.0,,3.0,3.5,,,2.5,3.5,,2.5,,3.0,,,3.0,2.5,1.0,,3.0,,3.5,3.0,2.5,2.0,4.0,3.5,3.0,4.5,,1.5,2.0,,,2.0,3.0,,2.5,3.5,,3.5,3.0,5.0,3.0,4.0,4.5,4.5,3.0,3.5,3.0,2.5,,3.0,2.5,1.5,2.5,5.0,4.0,4.0,3.0,3.5,2.0,4.0,3.0,4.5,3.5,4.0,2.5,3.5,4.5,1.5,4.0,1.0,,4.5,5.0,4.5,3.5,,3.5,4.0,3.5,2.5,4.0,4.5,5.0,2.0,3.0,4.0,3.5,2.5,3.5,2.0,3.5,4.5,3.0,2.5,3.5,1.5,,3.0,2.5,1.0,,3.5,4.5,3.5,3.5,1.5,4.0,2.0,3.0,4.0,4.0,4.0,,4.0,1.0,1.5,3.5,2.0,3.0,,,2.5,1.5,1.5,3.5,3.5,3.0,4.5,4.0,,2.5,2.0,2.0,,,3.5,,4.0,3.5,,0.5,,1.5,3.0,1.5,3.0,2.0,3.5,1.0,,3.0,3.0,1.5,2.5,2.0,4.0,1.5,,3.0,1.0,1.5,,2.0,,1.5,,3.5,3.0,2.5,2.5,2.0,,3.0,1.5,3.5,2.0,2.5,,1.5,,4.0,2.5,2.5,1.5,2.5,,4.0,,2.5,3.0,3.0,2.0,2.5,2.0,3.0,,4.0,3.0,1.5,1.5,3.5,,,2.0,3.0,4.0,,2.5,4.0,4.0,3.0,3.5,4.5,4.5,2.5,3.5
129540,3.0,5.0,4.0,3.0,5.0,3.0,5.0,,4.0,4.0,4.0,5.0,4.0,4.0,4.0,2.0,3.0,,3.0,4.0,4.0,3.0,4.0,2.0,,,4.0,5.0,5.0,3.0,,3.0,,4.0,4.0,3.0,2.0,2.0,2.0,4.0,3.0,4.0,1.0,4.0,,3.0,5.0,4.0,,4.0,3.0,3.0,4.0,5.0,4.0,4.0,5.0,,4.0,3.0,,4.0,5.0,4.0,3.0,5.0,,3.0,4.0,,,4.0,5.0,,3.0,,5.0,5.0,4.0,5.0,,1.0,4.0,3.0,5.0,5.0,4.0,5.0,4.0,4.0,5.0,5.0,5.0,5.0,4.0,5.0,5.0,5.0,4.0,3.0,4.0,5.0,5.0,5.0,,5.0,4.0,4.0,5.0,5.0,3.0,5.0,4.0,5.0,5.0,4.0,3.0,3.0,3.0,3.0,3.0,2.0,3.0,4.0,3.0,3.0,3.0,4.0,5.0,3.0,4.0,4.0,3.0,5.0,4.0,4.0,4.0,5.0,4.0,4.0,5.0,4.0,5.0,5.0,3.0,4.0,4.0,5.0,4.0,3.0,4.0,5.0,4.0,4.0,4.0,4.0,5.0,3.0,5.0,5.0,4.0,4.0,5.0,4.0,5.0,5.0,3.0,4.0,4.0,3.0,4.0,5.0,5.0,5.0,5.0,2.0,2.0,5.0,3.0,4.0,,5.0,5.0,3.0,3.0,5.0,4.0,3.0,4.0,5.0,2.0,4.0,2.0,3.5,4.0,4.0,5.0,5.0,5.0,4.0,4.0,2.0,5.0,5.0,4.0,4.0,5.0,2.0,4.0,5.0,5.0,4.0,5.0,4.0,4.0,4.0,3.0,5.0,4.0,4.0,5.0,4.0,4.0,4.5,5.0,4.0,4.0,5.0,4.0,4.0,3.5,4.5,5.0,4.5,5.0,3.5,3.5,5.0,3.5,4.0,4.0,,,,,,,,,
129583,3.5,,2.5,,,,1.0,,3.0,,,,,,4.0,1.5,1.0,1.5,,,3.0,4.5,3.5,3.5,,,,,4.0,,,,4.5,4.5,,4.5,3.0,,,4.0,3.5,4.5,,4.5,3.0,3.5,5.0,,,,,4.0,4.5,4.5,,4.0,4.0,3.0,4.0,4.0,4.0,,,3.0,,4.0,1.5,,,4.5,4.5,4.5,4.5,4.5,,5.0,4.5,4.0,3.5,2.5,4.0,4.5,4.5,4.5,4.0,,,,4.0,,,,5.0,4.5,4.0,4.0,5.0,,3.5,,4.0,,4.5,,4.5,,4.0,4.0,5.0,,4.5,3.0,4.0,,,,5.0,4.0,,,3.5,4.5,3.5,3.5,5.0,3.5,3.5,3.0,3.5,3.5,,,4.0,4.0,3.5,4.0,5.0,,4.5,3.0,4.5,4.0,4.5,,3.5,3.5,3.5,4.5,3.0,0.5,4.0,,,,,4.5,,4.0,4.0,4.0,4.0,,3.5,3.5,3.5,4.5,3.5,4.0,,,4.0,3.5,4.0,4.0,3.5,4.5,3.0,4.0,,4.0,3.5,4.5,4.5,4.5,4.5,5.0,,,,4.0,3.5,3.5,4.0,,4.0,3.5,4.0,,3.5,,3.5,3.5,5.0,4.0,4.5,,4.5,3.5,1.5,3.5,3.5,4.5,4.0,4.5,4.0,4.5,4.5,,3.5,4.5,4.0,3.0,4.0,,3.5,3.5,4.5,4.5,4.5,4.0,4.0,4.0,4.0,5.0,4.0,4.5,4.0,3.5,5.0,3.5,4.5,4.5,4.0,4.0,3.5,3.5,4.0,5.0,4.0,5.0
130191,3.5,3.5,4.0,4.0,,,5.0,3.0,5.0,4.0,4.0,4.0,,3.5,5.0,,4.0,2.0,5.0,5.0,5.0,3.0,,5.0,,5.0,,4.5,5.0,4.0,4.0,4.0,4.5,5.0,5.0,4.5,4.5,4.5,3.0,,3.5,,5.0,4.0,4.0,3.5,,,4.5,3.5,5.0,4.0,0.5,5.0,4.0,5.0,5.0,3.0,3.5,5.0,,4.0,4.0,4.5,3.5,,3.0,5.0,4.0,,,,,,3.5,,,4.5,1.0,,5.0,2.5,4.0,4.0,4.0,3.5,5.0,5.0,5.0,4.0,5.0,,,5.0,5.0,,,5.0,,,,,5.0,,5.0,4.5,5.0,5.0,5.0,5.0,5.0,3.5,5.0,,,3.0,,5.0,5.0,5.0,4.0,5.0,5.0,4.5,,4.0,4.5,,5.0,3.5,5.0,4.5,4.0,4.5,3.5,4.0,,3.5,,4.5,,4.5,,4.0,3.0,4.0,,,3.5,5.0,0.5,,5.0,5.0,4.0,5.0,5.0,5.0,5.0,5.0,3.0,3.5,,4.0,4.5,3.0,,1.5,5.0,5.0,3.5,5.0,5.0,,,5.0,4.0,5.0,3.5,5.0,,3.5,,4.5,4.5,,5.0,,5.0,,5.0,3.5,3.5,5.0,,5.0,5.0,5.0,4.0,4.5,4.0,4.5,2.0,4.5,5.0,3.5,4.5,4.0,,5.0,4.0,,,4.5,4.0,3.0,,,4.0,5.0,3.5,5.0,4.0,,,5.0,,4.0,,,5.0,5.0,,,,,,,,,,,,,,,,,,
130459,3.5,3.5,2.5,3.5,3.5,,3.5,,3.5,3.0,,3.0,4.0,3.5,3.0,3.0,,3.5,2.5,2.5,4.0,3.0,2.5,3.0,3.5,3.0,,2.5,3.5,3.5,3.0,3.5,3.0,,2.5,3.5,,3.5,3.0,3.0,3.0,3.5,,3.0,3.5,3.5,,,3.0,3.0,3.0,2.0,3.0,3.0,3.0,4.5,4.0,,3.0,4.0,3.5,,3.0,2.0,,3.5,,3.5,3.5,,3.0,4.0,4.5,4.0,2.5,,2.0,3.5,3.0,3.0,3.0,,3.5,3.5,4.5,3.0,3.5,,4.0,2.5,,4.5,,5.0,4.5,4.0,3.0,5.0,3.0,3.0,5.0,2.5,3.5,3.5,3.5,,4.5,4.0,5.0,3.0,3.5,,4.0,3.0,4.0,3.5,4.0,2.5,,,,4.5,3.5,4.0,3.0,3.5,3.5,3.5,2.5,3.0,3.0,4.0,3.5,4.0,3.0,3.5,4.0,3.5,4.0,,4.0,3.5,3.5,4.5,3.0,3.5,3.0,3.5,3.0,3.0,3.5,3.5,4.5,3.5,3.0,3.5,4.0,5.0,,4.5,4.0,3.5,3.5,3.5,3.5,,3.5,3.0,3.5,3.5,,4.5,4.0,2.5,3.5,2.0,3.0,,,3.5,2.5,3.5,4.0,3.5,3.5,3.0,,3.5,4.0,3.5,3.0,3.5,3.5,5.0,4.0,3.0,3.5,2.5,,2.0,2.5,3.0,2.0,3.0,3.0,4.0,3.5,,3.5,,4.0,3.5,2.5,2.5,3.5,2.5,3.0,3.5,3.5,3.5,3.5,2.5,3.5,,3.0,3.0,3.5,2.5,,3.0,3.5,2.5,2.5,3.5,4.0,,3.0,3.5,3.5,3.5,,,3.5,3.5,3.5,3.0,4.5,3.5,,3.5
130477,0.5,5.0,5.0,,3.0,,3.0,3.0,4.5,2.5,,2.5,4.0,4.0,4.0,2.5,3.0,,4.0,4.0,,3.5,2.5,,,1.5,,,5.0,4.5,,3.5,0.5,2.0,3.5,4.0,,4.0,,1.0,5.0,4.0,4.0,3.0,3.0,2.0,2.0,,2.5,5.0,5.0,,3.0,5.0,4.0,3.5,4.0,,2.0,4.0,4.0,3.0,4.5,3.5,2.5,4.0,,,4.5,,,,,,,1.0,,0.5,,,0.5,3.5,3.5,,0.5,3.0,4.0,5.0,4.5,,5.0,,2.5,5.0,4.0,5.0,5.0,4.5,0.5,4.5,,4.0,5.0,1.0,4.0,3.5,3.0,4.0,4.0,5.0,,,4.0,,,,,4.5,4.0,4.0,4.0,,3.0,2.5,3.0,,4.5,3.0,4.0,3.0,5.0,3.5,4.5,1.5,3.5,,1.5,,3.0,5.0,1.0,4.0,3.0,5.0,,3.0,,5.0,3.5,3.0,4.5,3.5,4.0,4.0,3.0,3.0,2.0,3.0,3.5,4.5,2.5,4.0,3.5,2.5,5.0,4.0,,1.5,2.5,3.0,3.0,,3.0,,,3.5,5.0,3.5,2.5,4.0,,2.0,5.0,5.0,5.0,2.5,,3.0,0.5,,3.0,,3.5,3.0,,5.0,5.0,1.5,1.0,4.5,4.5,3.5,5.0,4.5,3.0,2.0,4.0,2.0,4.5,5.0,1.0,3.5,5.0,1.0,0.5,,4.0,3.5,3.5,0.5,3.0,3.5,4.5,,4.0,3.5,3.5,3.5,2.0,3.0,3.0,0.5,2.5,3.5,5.0,4.0,0.5,,4.5,5.0,0.5,2.0,,5.0,1.0,4.5,,5.0,4.5,4.0
130622,3.0,5.0,4.5,3.5,3.5,2.5,4.5,1.5,,,,1.0,4.0,2.5,2.5,,1.0,2.0,3.0,3.0,3.0,2.0,3.0,4.0,3.0,1.5,3.0,3.5,4.0,2.0,,,3.5,1.5,,3.0,,,,1.0,,2.5,,4.0,,,4.0,,3.0,3.0,,,1.0,3.5,4.0,4.5,4.0,2.5,3.5,4.0,3.0,,3.0,3.0,0.5,4.0,,,3.0,4.0,4.0,4.0,5.0,3.5,3.5,4.5,5.0,5.0,,,,2.0,3.0,3.0,3.0,2.0,4.0,3.5,3.0,4.0,5.0,4.5,3.5,4.5,,4.5,5.0,4.0,4.0,5.0,3.0,4.0,3.5,3.0,4.0,4.0,4.0,2.5,3.5,3.5,,4.0,1.5,4.0,,4.5,3.5,4.5,,,,3.0,4.5,1.0,2.5,2.5,4.5,3.5,,2.5,1.0,1.0,3.0,4.0,3.5,3.0,,4.0,3.5,2.5,4.0,,,3.0,2.5,,1.0,4.0,2.5,1.0,4.0,3.5,4.0,,,,,2.0,4.0,4.0,1.0,3.0,2.0,,3.5,2.5,,1.0,2.0,3.5,,1.0,3.5,3.0,,1.5,,,0.5,2.5,,,3.5,,,,3.5,,3.5,3.0,,,3.5,4.0,3.0,3.0,3.0,,4.0,,,1.5,3.5,3.5,3.0,2.5,3.5,3.0,3.5,3.5,3.5,4.0,3.5,4.0,4.0,,3.5,4.5,,1.5,2.5,,3.0,4.0,,,3.5,1.0,2.5,3.0,3.5,3.5,0.5,3.5,,1.5,3.0,2.5,2.0,,4.0,3.0,3.5,3.5,4.0,3.5,3.0,4.0,,4.0
130767,,4.0,3.5,,4.0,,4.5,,2.0,,,,4.0,4.0,,,,,,,4.0,3.5,,4.5,,,,,3.5,,,,,,,3.5,,,,,3.5,,,,,3.0,4.0,,,,3.5,,,4.0,4.0,,4.0,4.0,,3.5,3.0,2.0,3.0,1.5,,4.0,4.0,3.0,3.0,4.5,,4.0,4.5,4.5,4.5,,4.5,4.5,3.5,3.5,3.0,,3.5,,4.0,,,4.5,4.5,3.5,4.5,4.5,4.0,4.5,,4.0,4.0,4.0,3.5,4.0,4.5,,3.0,,,4.0,3.5,4.5,4.0,,3.0,4.0,,3.5,,4.0,4.0,,,,,,4.5,4.0,4.0,4.0,4.0,4.0,3.5,2.0,2.5,3.5,2.5,3.0,3.5,3.5,4.5,4.0,3.0,3.0,3.5,3.0,3.5,4.0,3.0,3.0,1.5,2.5,2.5,3.0,,,3.5,,,4.0,,,3.5,4.0,,3.5,,3.0,3.5,3.5,3.5,,,4.0,3.0,3.0,,2.5,3.5,3.0,3.0,2.5,1.5,,2.5,,2.5,,4.0,4.0,4.0,,2.5,4.0,3.0,3.5,4.0,,3.0,,4.0,2.0,3.5,2.5,3.0,2.5,3.5,3.0,4.0,,4.5,3.0,,2.0,3.5,3.5,3.0,3.5,4.0,3.5,3.5,2.0,2.5,3.0,3.0,2.5,2.0,4.0,3.5,3.0,3.0,2.5,3.5,3.0,3.5,2.5,2.5,3.5,3.5,2.5,3.0,2.0,4.0,2.5,3.5,3.0,2.0,4.0,4.0,3.5,3.5,4.5,3.0,3.5
130987,3.0,3.0,3.5,,,,4.0,,3.5,3.0,3.0,4.0,3.0,4.0,2.5,2.0,2.5,3.0,3.0,2.5,4.5,3.0,3.5,,3.0,,,3.0,3.0,4.0,3.5,4.0,3.5,3.5,3.0,3.0,2.5,3.5,3.0,,2.5,4.0,3.5,4.0,2.5,3.0,4.5,3.5,3.0,3.0,,,3.0,3.5,4.0,3.0,4.0,,3.0,3.5,4.0,1.5,3.5,3.0,2.5,3.5,,,3.5,,4.5,3.5,4.0,,,4.0,,4.5,4.0,,4.0,2.5,3.5,,4.0,3.0,3.5,,3.5,,3.0,4.0,4.0,4.0,3.0,4.0,4.5,4.0,4.0,,4.0,,3.5,3.5,4.0,3.0,,3.5,4.0,3.0,,,3.5,4.0,3.0,4.0,4.0,,,,,3.0,3.5,2.5,4.0,3.0,4.0,3.5,3.5,3.0,3.0,3.0,3.0,3.5,3.0,4.0,,3.0,4.0,3.5,3.5,3.0,3.0,,4.5,3.5,3.5,4.5,3.0,3.0,4.0,3.5,3.5,3.0,3.0,3.0,3.5,3.0,,4.0,2.5,4.0,4.5,3.5,3.5,3.0,3.0,3.0,2.5,3.0,3.0,4.0,2.5,3.5,3.0,4.0,3.0,4.0,3.5,3.0,1.5,4.0,4.5,3.5,2.5,3.0,3.0,3.0,3.5,,4.0,3.5,3.0,3.0,4.0,4.0,4.0,3.0,3.5,3.0,,4.0,3.5,3.5,3.0,3.5,4.0,3.5,3.5,3.0,3.0,2.0,4.0,2.5,3.0,3.0,3.5,4.0,3.0,3.5,3.5,3.5,4.5,3.0,4.0,3.0,3.5,4.0,4.5,2.5,3.0,3.5,4.0,5.0,3.5,3.5,3.5,3.0,4.0,3.5,3.0,3.0,4.0,3.5,3.0,4.5,3.5,3.5,3.0,4.5
131275,3.5,4.0,,,,,4.0,3.0,,3.5,3.5,,4.5,3.5,2.5,3.0,,,,4.0,4.0,,4.0,4.0,,2.5,,,3.5,,3.0,3.5,,2.0,3.5,,,,4.5,,5.0,,3.0,4.0,4.0,,,4.0,3.5,4.0,4.0,,3.0,4.0,4.5,4.0,,4.0,,5.0,,3.5,4.5,4.0,,5.0,4.5,,,5.0,,,,2.5,,,5.0,5.0,4.0,,3.5,3.0,,,3.5,3.5,4.0,5.0,5.0,5.0,5.0,5.0,5.0,5.0,5.0,3.5,4.0,,5.0,4.5,,,3.5,4.0,,,4.0,3.5,5.0,4.0,5.0,3.5,5.0,4.0,4.0,4.0,,4.0,4.5,5.0,4.5,3.5,5.0,5.0,,5.0,3.0,4.0,3.5,3.0,3.5,4.0,4.0,5.0,,4.0,5.0,3.5,4.0,4.5,4.0,3.5,4.0,5.0,,3.5,3.5,,,5.0,5.0,3.0,5.0,4.5,4.5,2.5,4.0,4.5,5.0,4.0,,5.0,,3.0,,3.5,5.0,3.0,3.0,,3.0,3.5,4.5,3.5,,3.5,1.0,3.5,1.5,4.0,,4.5,,3.5,5.0,4.0,4.5,,4.5,5.0,5.0,4.0,2.5,5.0,5.0,4.0,4.5,2.5,4.0,4.0,3.5,4.0,3.0,4.0,5.0,4.0,4.5,,5.0,4.0,3.5,,4.0,4.0,4.0,5.0,3.5,,2.5,5.0,3.5,3.5,3.0,5.0,,2.5,4.5,2.5,5.0,3.0,4.0,3.0,2.5,4.5,5.0,3.5,4.0,5.0,5.0,5.0,3.0,5.0,3.5,3.5,3.5,5.0,5.0,5.0,4.5,5.0
131347,2.5,4.5,4.5,,4.0,3.0,5.0,1.5,2.5,4.0,1.5,3.0,3.5,4.0,,,,2.0,,2.5,4.5,,4.5,4.0,,1.5,,3.0,3.0,,3.0,3.5,,3.5,2.5,4.5,3.5,2.5,2.0,3.0,,3.5,,3.5,2.0,,,3.5,,3.5,5.0,2.0,3.5,4.5,3.5,3.0,4.5,3.5,3.5,5.0,4.5,,4.0,2.0,1.0,5.0,,3.0,3.5,5.0,3.5,5.0,5.0,4.5,5.0,4.5,5.0,5.0,4.5,4.0,4.0,2.5,3.5,,4.5,4.5,3.5,3.0,5.0,5.0,5.0,5.0,5.0,5.0,5.0,5.0,5.0,4.5,4.5,5.0,5.0,4.5,4.0,3.5,,5.0,5.0,3.5,5.0,,4.0,2.5,4.5,3.5,3.0,4.0,3.0,,3.5,3.5,3.5,4.0,4.0,2.0,3.0,4.5,3.5,4.0,4.5,2.5,2.5,3.5,3.0,4.5,2.0,,5.0,3.0,3.0,,4.5,3.0,4.0,5.0,3.0,,3.0,3.5,3.0,3.0,5.0,5.0,3.5,3.5,3.5,2.5,3.0,4.5,4.5,5.0,,3.5,4.0,3.5,3.0,2.5,5.0,3.5,,4.0,3.0,4.0,5.0,4.0,5.0,2.5,1.0,4.0,2.0,3.5,3.0,3.0,5.0,3.0,3.5,5.0,4.0,3.5,3.5,5.0,3.0,3.0,3.5,4.5,4.0,3.5,4.5,2.0,3.0,4.0,3.0,3.0,3.5,5.0,3.5,3.0,5.0,,4.5,3.5,3.0,3.5,4.0,3.5,3.5,5.0,3.5,4.0,2.5,3.5,4.5,2.0,3.0,3.5,4.5,3.0,4.5,4.0,4.5,3.0,3.5,3.0,3.5,5.0,5.0,3.0,3.5,3.0,4.0,4.5,3.5,3.5,4.5,5.0,4.5,4.5,4.0,5.0,4.0,5.0
131651,,3.0,,,3.5,,5.0,,,3.5,,,3.0,,,,,,,4.0,4.5,,4.5,4.5,,,,,3.0,3.5,2.5,,,,,4.0,,,,,,,4.0,4.5,,,,,,,4.0,,,,,,4.5,4.0,,5.0,,,,3.0,,4.5,,4.0,,3.5,,5.0,4.0,3.0,4.5,3.0,5.0,5.0,4.0,2.0,4.0,2.0,,,2.0,3.0,,5.0,4.5,4.5,5.0,5.0,2.5,4.5,5.0,4.5,4.5,5.0,5.0,4.5,3.5,,,4.5,2.5,,5.0,5.0,4.5,,4.5,,4.0,,2.0,5.0,,4.0,,3.0,3.5,,4.5,3.5,,5.0,,,3.5,,2.5,3.0,,2.0,,5.0,4.0,2.5,2.0,,4.5,,4.5,5.0,,,1.0,4.5,2.0,1.5,3.0,4.0,3.0,,,,4.0,4.5,5.0,3.0,,,,,4.0,,4.0,,3.0,,,4.0,3.5,1.5,,,4.0,3.0,,4.5,,3.5,4.0,3.5,3.5,4.5,4.5,,4.5,5.0,3.0,3.0,,,2.0,3.5,2.5,2.0,,,4.5,3.5,4.0,4.5,5.0,,5.0,,4.0,1.0,3.5,,3.5,,,4.5,3.0,,4.0,,4.0,1.0,4.0,4.5,3.0,,2.5,3.0,,,3.5,3.0,2.0,4.0,4.0,,,4.5,,2.5,,3.0,,4.0,,,,4.5,,
131894,5.0,,,3.5,,,4.5,5.0,,,,,5.0,,,,3.5,,5.0,4.0,,,,,,4.0,1.0,,,3.5,4.0,,,5.0,2.5,3.5,3.5,,5.0,,4.5,,,5.0,5.0,,,,,,,,5.0,5.0,3.5,5.0,4.0,5.0,,1.0,,5.0,2.5,,,3.5,5.0,,,,,,,,,,,5.0,5.0,,5.0,,,,5.0,,5.0,,4.5,5.0,,,,,5.0,,,,,,,,4.5,0.5,,,5.0,5.0,5.0,5.0,4.5,5.0,4.5,,,,,4.5,5.0,5.0,5.0,,5.0,5.0,2.0,,,,,5.0,,4.5,,,1.5,4.5,,,,5.0,2.0,,,,,5.0,,,5.0,5.0,,,4.5,,,5.0,5.0,5.0,,5.0,5.0,,,,,5.0,,,5.0,5.0,,,5.0,,,5.0,5.0,,4.5,5.0,,5.0,,5.0,5.0,3.0,5.0,,4.5,,5.0,,,5.0,,4.5,5.0,,5.0,,,4.5,5.0,,,,5.0,,,5.0,5.0,5.0,4.0,5.0,2.5,,4.5,,5.0,4.0,4.0,4.5,5.0,5.0,2.0,5.0,,5.0,5.0,,5.0,5.0,5.0,5.0,5.0,4.5,4.0,,5.0,,5.0,4.5,,2.0,5.0,,,,5.0,5.0
131904,3.0,3.5,,,,,4.5,3.0,,,,,,,,,3.0,,,3.0,3.5,,,3.5,,,,,3.5,2.5,,,3.0,3.0,3.0,3.5,,3.0,,3.5,,,,4.0,3.0,,4.0,,,,,3.0,3.5,4.0,4.0,3.0,4.0,3.5,3.0,4.0,,,2.5,3.0,,4.0,3.0,,,4.0,3.5,4.5,4.5,4.0,4.0,,,4.0,3.5,,3.5,,,3.5,4.0,3.0,,3.5,4.5,3.5,3.5,4.5,4.0,3.5,4.0,4.0,4.0,,4.0,3.5,4.0,4.0,4.5,,,,5.0,4.5,3.5,,,4.0,3.5,,,4.0,,,,3.5,3.0,,4.0,3.5,,,,,3.0,,,3.5,,3.5,,,,3.5,4.0,,4.0,3.5,3.5,3.0,,,,3.0,,3.5,,,,,3.0,,,3.0,4.5,3.5,,,,,,3.0,3.5,3.5,,,,4.0,4.0,,3.5,3.5,3.5,3.0,,3.5,,,3.5,3.0,,,4.0,3.5,3.0,4.5,3.5,,,4.0,,3.5,4.5,,4.0,,3.5,3.0,4.0,3.5,3.0,,3.0,,4.0,4.0,3.5,4.0,4.5,4.0,3.5,3.5,4.5,,3.0,3.5,3.5,2.5,3.5,4.5,4.0,4.5,3.5,3.5,3.5,,4.0,4.0,3.0,4.0,4.0,3.5,3.5,,4.0,3.0,4.0,4.0,3.5,3.5,3.5,3.5,3.5,2.5,,3.0
131961,2.0,4.5,3.0,3.0,2.0,1.0,4.5,0.5,1.5,2.5,3.0,3.0,2.0,3.0,3.5,1.0,1.5,1.0,1.5,1.0,4.0,2.0,3.0,4.5,1.5,0.5,,1.5,4.5,3.0,0.5,1.0,,1.0,2.0,1.5,2.0,1.0,2.5,3.0,1.0,2.5,3.0,3.0,2.0,1.0,,3.0,0.5,3.0,4.0,2.5,2.0,3.0,2.0,3.0,4.0,,1.0,4.0,2.5,1.5,1.0,1.0,2.0,4.5,1.0,3.0,1.5,4.5,,,5.0,2.5,,,3.0,5.0,3.0,3.0,2.5,1.0,2.0,3.0,2.0,2.0,3.5,3.5,5.0,5.0,2.5,,4.0,4.5,3.5,5.0,4.0,5.0,4.0,4.5,,4.0,3.5,2.0,4.5,,5.0,3.5,3.5,3.0,4.5,4.0,3.0,,,4.0,3.0,1.5,2.0,3.0,1.5,1.0,4.0,3.5,2.0,5.0,,,3.5,1.5,1.5,3.0,1.0,3.5,3.5,4.0,3.5,,3.0,2.5,4.0,3.0,4.0,5.0,3.5,4.0,2.0,4.0,2.0,1.0,3.0,,2.5,3.0,2.0,3.5,3.0,1.0,5.0,2.5,2.5,4.0,3.5,2.0,4.0,3.0,4.5,2.0,,4.0,,3.5,3.5,2.5,2.5,2.5,1.0,3.0,2.0,4.0,2.5,2.0,4.0,3.5,4.0,1.0,4.0,2.0,0.5,0.5,2.5,3.0,1.5,3.0,3.5,3.0,2.5,1.0,2.5,1.5,3.5,1.5,5.0,3.5,5.0,,4.5,1.5,3.0,2.5,2.5,3.5,4.0,2.5,4.0,4.5,2.5,,1.0,4.0,1.5,1.5,1.0,4.0,3.5,2.0,2.0,2.0,4.5,2.0,3.5,4.0,2.5,3.5,4.5,2.0,1.5,2.5,5.0,,3.0,4.0,2.5,4.5,4.0,4.5,1.5,,,
133133,2.5,4.0,3.0,3.0,3.5,,5.0,3.0,1.5,2.5,,2.5,2.0,2.5,3.0,,,2.5,2.5,3.0,3.0,,4.0,4.0,,2.0,,,3.0,3.0,,3.0,3.0,3.0,2.5,3.0,,2.0,3.0,2.0,2.5,3.0,3.0,3.0,2.5,3.0,,,2.5,1.5,2.0,,3.0,4.5,3.0,3.0,5.0,3.0,3.0,5.0,4.5,,2.0,2.5,2.0,4.0,2.5,2.5,3.5,2.5,,4.5,4.5,4.5,3.0,2.5,3.5,4.5,2.5,4.0,2.5,,2.5,3.5,3.0,2.0,3.5,5.0,4.0,4.0,5.0,5.0,3.5,4.0,3.5,5.0,3.5,4.5,4.0,4.5,5.0,5.0,4.0,4.0,4.0,4.0,4.5,3.5,2.5,3.0,3.5,3.5,3.5,4.0,2.5,4.0,3.5,,,2.0,,2.5,4.0,3.0,3.0,3.5,3.5,4.0,4.0,2.5,3.0,2.5,2.5,4.5,3.0,4.0,4.0,3.5,4.0,2.5,3.5,2.5,4.0,5.0,3.0,2.0,2.5,4.5,2.0,0.5,3.0,3.0,4.0,3.0,2.5,3.0,2.5,2.5,5.0,4.0,,3.5,3.0,3.0,3.5,3.5,3.0,,,3.5,2.5,4.5,1.5,,3.5,1.0,2.5,3.5,0.5,3.0,2.5,2.0,4.5,2.5,1.5,5.0,3.5,,4.0,5.0,3.0,4.0,3.0,2.0,3.0,3.5,3.5,2.5,3.5,2.5,3.0,3.5,2.0,4.0,5.0,3.0,4.5,3.5,4.0,4.5,1.5,4.5,5.0,2.0,4.0,1.5,3.0,2.0,1.5,3.5,3.5,2.0,3.5,3.0,4.0,3.5,3.5,2.5,3.5,2.0,3.5,3.0,1.5,3.5,4.5,4.0,2.0,3.5,2.5,3.0,2.5,3.0,3.5,4.0,4.0,4.0,2.5,,,
133372,3.0,3.0,5.0,4.0,5.0,3.0,5.0,,3.0,3.0,4.0,4.0,5.0,5.0,,4.0,2.0,2.5,,2.0,5.0,3.0,2.0,4.0,3.5,1.5,,4.0,4.0,4.0,,,4.0,1.5,3.0,4.0,2.5,3.0,2.0,4.0,3.0,4.0,3.0,3.0,0.5,,,5.0,3.5,3.5,5.0,3.0,4.0,5.0,5.0,4.0,5.0,2.0,4.0,5.0,4.0,,4.0,4.0,2.0,5.0,,3.0,3.0,,,5.0,5.0,,,3.0,,,2.5,5.0,4.0,2.5,4.0,5.0,4.5,4.0,,5.0,2.0,,,,,4.0,,5.0,5.0,5.0,4.0,5.0,,3.0,4.0,4.5,,,5.0,2.0,5.0,,5.0,,,3.5,4.0,,5.0,4.0,,,,4.0,4.0,4.0,4.0,5.0,,5.0,4.0,,4.0,4.0,4.0,4.0,3.0,5.0,5.0,4.0,4.0,,5.0,,4.0,4.0,4.0,3.5,3.5,4.0,,3.5,5.0,4.0,4.0,4.0,4.0,4.0,4.0,3.0,3.0,5.0,3.5,4.0,5.0,,,3.5,4.0,3.0,3.0,4.0,1.5,4.0,5.0,,4.0,,,4.0,1.0,3.0,4.0,5.0,5.0,4.0,,5.0,,4.0,5.0,5.0,3.0,4.0,5.0,4.0,5.0,2.0,3.0,3.0,4.0,4.0,3.5,5.0,5.0,5.0,5.0,4.0,5.0,4.0,5.0,5.0,3.0,5.0,5.0,4.0,4.0,5.0,3.0,3.0,,4.0,5.0,2.0,4.0,,5.0,4.0,4.0,3.0,4.5,3.5,3.0,,3.5,3.0,4.0,3.0,3.0,4.5,,3.0,4.0,3.0,3.0,5.0,3.5,,,,,
133811,5.0,5.0,5.0,5.0,5.0,4.0,5.0,4.0,4.0,5.0,,4.0,5.0,5.0,5.0,5.0,4.0,,4.0,3.0,4.0,5.0,4.0,3.0,4.0,3.0,,5.0,5.0,5.0,,5.0,3.0,2.0,5.0,4.0,3.0,3.0,,5.0,,5.0,3.5,5.0,3.0,4.0,4.0,3.0,3.0,5.0,4.0,3.0,4.0,5.0,4.0,4.0,5.0,5.0,3.5,4.0,5.0,5.0,5.0,5.0,3.0,4.0,5.0,3.0,5.0,5.0,,5.0,5.0,,4.5,4.0,5.0,4.0,,5.0,5.0,2.5,5.0,4.0,4.0,5.0,5.0,3.0,5.0,3.0,5.0,5.0,5.0,5.0,5.0,5.0,5.0,5.0,5.0,4.5,,4.5,5.0,5.0,,,5.0,4.0,4.0,,5.0,5.0,5.0,5.0,5.0,5.0,4.0,5.0,4.0,5.0,4.0,4.0,4.0,,4.0,4.0,4.0,5.0,4.0,4.0,5.0,5.0,5.0,5.0,5.0,5.0,4.0,4.0,4.0,4.0,5.0,5.0,4.0,4.0,5.0,2.0,4.0,5.0,,5.0,5.0,5.0,5.0,5.0,5.0,5.0,4.0,,4.0,5.0,4.0,4.0,5.0,4.0,5.0,4.0,4.0,3.0,3.0,4.0,4.0,5.0,4.5,5.0,4.0,5.0,5.0,4.0,4.0,4.0,,3.0,5.0,5.0,3.0,4.0,,5.0,4.0,5.0,3.0,3.5,3.0,3.0,5.0,4.0,5.0,4.0,5.0,5.0,2.0,4.0,5.0,5.0,4.0,4.0,5.0,4.0,5.0,4.0,4.5,4.0,4.5,5.0,3.0,4.5,5.0,5.0,3.5,5.0,3.5,,3.0,,3.5,4.5,4.0,3.5,4.0,3.5,4.0,4.5,3.0,5.0,5.0,4.0,5.0,,4.5,4.0,5.0,4.5,4.5,5.0,4.0,4.5,,4.5,4.5,4.0
134401,2.5,3.5,2.5,2.0,4.0,,3.0,,1.5,1.5,,,3.0,3.0,,1.5,,,1.5,1.0,3.5,1.5,3.0,3.5,,,3.5,,0.5,2.0,,2.0,3.0,2.0,1.5,,1.0,1.0,,3.0,,2.5,1.5,2.5,2.0,2.5,3.0,3.0,,1.5,1.5,,1.5,4.0,2.5,2.0,4.0,,,5.0,,,2.5,1.0,0.5,4.0,,,,3.0,3.5,4.0,4.5,4.5,3.5,,5.0,3.0,4.0,2.0,3.0,1.5,2.0,3.5,2.5,,,4.5,3.5,3.0,4.0,3.5,4.5,4.0,3.0,4.0,4.5,3.0,3.0,4.5,,4.0,2.0,2.5,2.5,4.5,4.0,4.0,3.0,2.0,,4.0,1.5,3.0,2.5,2.5,2.5,3.0,1.5,2.5,,,2.0,2.5,2.0,3.5,4.0,3.0,2.0,2.5,2.0,3.0,2.0,3.0,2.0,2.0,2.5,2.5,2.5,2.0,2.5,1.0,3.5,5.0,3.5,3.0,2.0,,,1.5,2.0,2.5,3.5,1.5,,,,2.5,4.5,0.5,2.5,1.5,2.5,2.5,2.0,,3.5,2.5,,2.5,2.5,3.0,1.5,2.5,3.5,3.0,2.0,2.0,,3.0,3.5,2.5,3.0,2.5,,4.0,,2.0,,2.0,2.5,3.5,3.5,3.5,4.0,,4.0,,3.5,0.5,2.5,1.5,4.0,3.0,3.0,3.0,,3.5,3.0,3.5,,4.0,,3.0,,4.0,3.0,1.0,,3.5,,,,,4.0,2.5,3.0,,,1.5,2.5,3.5,,4.0,3.5,2.5,3.0,4.0,3.5,4.0,,,3.5,3.5,2.5,4.0,3.5,,,4.0
134497,4.0,,5.0,,,3.0,4.0,3.0,,1.0,4.0,,5.0,3.0,,,3.0,,,,4.0,,,5.0,,,,,4.0,,,,4.0,4.0,,4.0,1.0,,,,3.0,3.0,,3.0,2.0,3.0,4.0,5.0,,,,,,5.0,5.0,3.0,4.0,4.5,,5.0,,4.0,4.0,,,,3.0,,,3.0,,5.0,5.0,4.0,5.0,,5.0,5.0,5.0,,4.0,,,4.0,4.0,2.0,3.0,5.0,5.0,3.0,4.0,5.0,,,4.0,5.0,4.0,4.0,4.0,,,5.0,5.0,4.0,4.0,,,5.0,5.0,4.0,,4.0,4.0,4.0,5.0,4.0,,4.0,4.0,5.0,5.0,2.0,,3.0,4.0,5.0,,4.0,3.0,3.0,4.0,3.0,,,,,,4.0,5.0,3.0,5.0,4.0,,,,4.0,,5.0,4.0,,,4.0,4.0,4.0,,5.0,,2.0,5.0,5.0,3.0,3.0,4.0,3.0,3.0,4.0,,,4.0,,5.0,,5.0,,4.0,3.0,3.0,,1.0,4.0,4.0,5.0,5.0,4.0,5.0,5.0,5.0,,3.0,4.0,4.0,,,4.0,4.0,3.0,4.0,,5.0,,,5.0,4.5,,4.0,3.0,,4.0,,5.0,,4.0,4.0,5.0,4.0,,5.0,4.0,3.0,4.0,4.0,,4.0,5.0,5.0,,5.0,3.5,5.0,,,5.0,2.5,5.0,4.0,5.0,4.5,4.0,5.0,4.0,3.5,5.0,4.0,,,4.0,4.5,,5.0,4.0
134567,4.0,3.5,5.0,,4.0,,4.0,,2.0,4.0,,,5.0,3.5,4.0,,,0.5,2.0,2.5,5.0,4.0,3.5,5.0,,1.0,,,4.5,3.5,,3.0,,2.0,3.5,4.0,2.0,2.5,,3.5,3.5,3.0,,5.0,4.0,,,,,4.0,5.0,4.0,0.5,4.0,5.0,4.0,4.5,3.5,4.0,4.5,,,1.0,2.0,1.5,4.0,,4.5,2.5,,2.0,3.5,4.5,2.0,4.5,,5.0,5.0,4.0,4.0,4.0,,2.5,4.5,5.0,1.0,5.0,4.5,5.0,4.5,3.5,4.0,,5.0,5.0,4.0,4.5,4.0,,5.0,3.5,5.0,4.5,4.0,4.0,4.5,5.0,3.0,5.0,,3.5,4.0,4.0,,5.0,5.0,4.5,2.0,2.5,4.0,3.5,4.5,5.0,3.0,1.0,2.5,,,4.5,4.0,,5.0,3.0,,,,5.0,,,,3.0,4.5,5.0,5.0,5.0,,2.0,3.0,,3.0,3.0,4.0,,5.0,4.0,3.5,4.0,2.5,,5.0,4.0,,4.5,2.0,2.0,,5.0,2.5,4.0,4.0,4.0,5.0,4.0,,5.0,2.5,3.5,4.0,3.5,4.5,4.0,2.5,5.0,1.0,4.0,5.0,,,5.0,5.0,4.0,4.0,2.0,3.5,4.0,3.0,3.5,2.5,3.0,3.0,4.0,3.0,,3.0,5.0,4.5,,,4.0,4.0,3.0,,5.0,,5.0,4.0,,3.0,3.5,4.5,3.0,2.0,,,5.0,4.0,2.5,,4.5,,4.5,4.5,,,4.0,4.5,4.0,4.0,3.5,4.0,,4.0,4.5,4.5,,4.0,4.5,3.5,3.0,
134690,2.0,1.5,4.5,,,3.5,3.0,,,,,,4.0,,1.5,3.0,3.0,2.5,3.5,4.0,3.0,,,4.0,,3.5,3.0,,,3.0,3.0,4.0,3.0,4.5,,2.0,,,3.0,4.0,2.0,,,3.5,,,,,4.0,,,,3.5,4.5,4.5,4.5,4.0,,3.0,4.0,3.0,4.5,3.0,,,4.0,2.5,4.5,,4.0,,,4.5,3.5,4.5,,3.0,4.5,,,4.5,,1.5,,4.5,,5.0,4.0,4.5,5.0,5.0,4.5,5.0,4.0,3.5,5.0,4.5,4.5,4.0,4.0,3.5,5.0,4.0,4.0,5.0,4.0,3.5,4.0,4.0,4.5,4.5,,,,,,,5.0,3.0,3.0,3.5,3.0,,4.0,4.0,,,5.0,2.0,2.0,,3.5,,4.5,4.0,5.0,4.0,3.0,4.0,3.0,4.0,,5.0,4.0,3.0,5.0,4.5,4.5,,1.5,3.0,5.0,5.0,4.0,4.0,4.0,4.5,3.0,5.0,4.0,,,3.5,3.0,,4.0,,3.5,3.5,,,4.0,,,,3.0,3.0,3.0,2.0,4.5,3.0,3.5,5.0,4.0,4.0,4.0,5.0,,5.0,5.0,3.0,4.0,,3.0,4.0,3.0,4.5,,5.0,4.0,4.5,4.0,4.0,5.0,5.0,4.0,5.0,,4.5,5.0,4.0,3.0,5.0,4.0,,3.0,4.0,,3.5,,3.0,2.5,2.5,4.0,4.5,2.5,,,,,,,2.5,4.5,4.0,3.5,,,4.0,,,4.5,,,3.5,,,3.0,3.5,3.0
134773,,3.0,4.0,3.0,,1.0,4.0,,1.0,4.5,,5.0,4.0,4.0,5.0,3.0,,,3.5,1.0,3.0,,2.5,3.0,3.5,,,4.5,1.0,3.0,3.0,3.5,,3.0,5.0,4.0,3.0,,2.0,,3.0,4.0,1.5,3.0,3.0,,,,2.0,3.0,,0.5,3.0,5.0,,5.0,4.0,3.0,,3.5,,,4.0,3.0,1.0,,,2.0,4.0,,,,5.0,4.0,,3.5,1.0,,3.0,5.0,3.0,1.0,3.0,,3.0,5.0,3.0,3.0,4.5,,,5.0,3.0,5.0,5.0,4.0,3.0,4.0,4.5,,3.5,,3.0,,,,3.0,5.0,5.0,,,,5.0,,5.0,3.0,,1.0,,,,2.0,2.0,1.0,4.0,3.0,,4.0,5.0,1.0,,3.0,,5.0,4.0,5.0,,3.0,4.0,1.0,5.0,3.0,4.0,4.0,4.0,3.0,3.0,4.0,3.0,4.0,3.0,4.0,2.0,4.0,3.0,4.0,4.0,5.0,,5.0,3.0,,4.0,3.0,3.0,,4.0,3.0,3.0,2.0,3.0,4.0,,4.0,3.0,5.0,4.0,4.0,3.0,5.0,2.0,3.0,4.0,2.0,5.0,3.0,,,3.0,2.0,3.0,2.0,1.0,,4.0,5.0,5.0,4.0,,4.0,,5.0,5.0,4.0,4.0,4.0,5.0,,,3.0,2.0,4.0,5.0,5.0,5.0,4.0,5.0,5.0,5.0,5.0,4.0,1.0,4.0,,3.5,4.0,5.0,5.0,3.5,4.5,4.0,5.0,4.0,5.0,4.5,4.5,4.5,3.5,5.0,3.5,5.0,4.5,3.0,5.0,5.0,4.5,4.5,5.0,4.5,5.0
135090,2.5,3.5,2.5,3.5,3.0,4.0,3.5,1.5,2.0,2.5,3.0,,3.0,3.5,3.5,1.5,1.5,1.5,2.5,0.5,4.0,2.0,1.0,3.5,2.0,2.0,3.5,3.0,3.0,2.5,1.5,3.0,3.5,1.0,3.0,2.0,1.0,0.5,1.0,2.5,3.0,2.5,1.5,2.5,3.0,1.0,3.0,3.5,2.5,3.0,4.0,1.5,3.0,2.5,2.5,3.0,4.0,2.5,1.5,4.5,2.5,2.0,1.5,1.0,0.5,4.0,,3.5,2.5,1.0,3.0,4.0,3.5,3.0,,2.5,4.5,2.5,3.0,3.0,3.5,3.5,2.5,4.0,3.0,3.0,3.0,4.0,3.0,4.5,2.5,4.0,3.5,4.5,4.0,3.0,4.0,3.5,4.0,3.0,1.0,4.5,3.5,4.0,4.0,,4.0,3.0,3.0,4.0,3.0,3.0,3.5,2.0,1.5,3.0,3.0,3.0,2.5,3.0,2.5,3.5,3.0,3.5,3.0,4.0,,3.5,3.5,1.5,2.0,3.5,2.0,3.0,2.5,4.0,3.5,3.0,4.5,2.5,3.5,2.5,3.5,4.0,3.0,4.5,3.0,3.0,2.0,1.0,2.5,3.0,4.0,3.0,2.0,3.5,4.0,3.0,4.5,3.5,2.5,3.5,3.5,2.0,3.5,2.5,3.0,2.5,2.5,2.5,1.0,3.0,2.5,3.5,3.5,2.0,1.0,3.5,1.0,3.5,2.0,2.0,4.0,3.0,2.5,4.5,,3.0,4.0,,3.0,3.0,2.0,1.5,4.5,3.5,3.0,1.5,3.0,2.0,,3.5,4.0,4.0,4.0,3.0,4.0,1.5,3.5,3.5,2.0,3.5,4.5,3.5,2.5,4.0,4.5,2.5,1.0,2.5,2.5,1.0,3.0,4.5,3.5,3.0,2.0,2.0,,2.0,4.0,3.0,2.0,4.0,2.5,3.0,1.5,3.5,,,3.5,4.0,,3.5,3.0,,,4.0,,
135425,,3.5,3.5,2.5,1.5,,3.0,,3.0,2.5,2.5,0.5,3.0,1.5,2.0,,2.0,2.0,3.0,2.5,2.0,,4.5,3.5,3.5,,,,1.0,,2.5,2.5,2.0,3.5,2.5,3.5,2.0,1.5,3.0,1.5,2.0,2.5,2.0,1.5,,,3.0,3.0,,3.0,3.5,3.0,0.5,3.0,2.5,3.0,2.0,3.0,2.0,4.5,2.0,,2.5,2.5,0.5,3.5,,4.5,3.5,5.0,,5.0,4.0,4.0,5.0,3.5,5.0,4.5,3.5,2.0,2.5,,3.0,3.0,4.5,1.0,3.0,3.5,3.5,3.0,4.0,2.5,4.5,3.0,2.0,4.5,5.0,2.0,2.0,3.5,4.0,,3.5,2.0,,4.5,3.5,4.0,3.0,3.0,3.5,,3.0,,1.0,2.0,3.0,2.5,2.5,4.0,2.5,,4.0,2.0,3.0,3.0,4.0,3.5,3.0,2.0,,2.0,2.5,3.0,2.5,2.5,2.5,3.0,4.0,2.0,2.0,2.0,3.5,5.0,4.0,2.0,3.5,2.5,1.5,1.5,3.0,1.5,5.0,3.0,2.5,3.5,2.5,2.0,5.0,4.0,3.0,4.0,2.0,2.5,3.0,,2.5,3.5,2.0,3.0,2.5,3.5,3.5,2.5,2.0,2.0,1.0,2.0,2.0,3.0,2.5,2.5,0.5,2.5,3.5,3.0,4.5,,0.5,3.5,3.0,2.5,1.0,3.5,2.5,2.5,2.0,,3.5,2.5,3.5,4.5,3.5,2.5,4.0,2.5,2.5,2.5,2.0,2.0,3.0,3.5,4.0,1.0,3.0,1.5,1.0,3.5,2.5,3.0,2.0,1.0,4.5,4.0,0.5,3.0,3.5,2.5,3.0,2.5,3.5,2.0,1.5,4.5,2.0,,3.0,2.0,3.0,3.5,2.0,,3.0,3.5,4.0,3.5,2.5,,,
135795,4.0,4.0,,2.0,,1.5,4.5,,1.5,3.5,,3.0,3.5,3.0,2.5,1.0,,,3.0,2.5,3.5,1.0,2.5,,,1.0,,3.5,3.5,3.0,1.5,3.0,3.0,2.5,3.0,3.5,1.0,3.5,2.0,1.0,2.5,,3.0,4.5,0.5,2.0,,,2.5,3.5,3.0,2.5,3.5,4.5,3.0,3.5,4.0,2.0,3.0,4.5,3.5,3.0,3.0,3.0,1.0,3.5,,2.0,2.5,,,,,,,2.5,3.0,,3.5,,4.5,3.0,1.5,,4.0,3.5,3.0,5.0,4.5,,,,2.0,3.5,5.0,4.0,4.5,4.0,,2.5,,,4.0,4.5,,3.5,4.0,3.5,3.5,4.0,,,4.5,,3.0,,2.0,3.0,,2.5,,4.0,5.0,2.5,3.5,,3.5,,4.5,3.5,3.5,3.5,2.0,3.0,2.5,3.5,2.5,3.0,3.5,2.5,3.5,,,4.0,,3.5,3.0,1.5,1.0,3.5,4.0,4.0,4.0,3.5,2.5,3.5,5.0,4.0,,4.5,1.0,4.0,3.5,2.5,4.0,1.5,,3.0,2.0,,2.5,3.0,,2.0,2.5,3.0,3.5,4.0,,4.5,1.0,3.5,4.0,4.0,3.5,4.0,,2.5,4.0,3.0,3.5,3.0,2.5,4.5,1.5,4.5,4.5,2.0,2.0,2.5,,2.5,4.5,4.0,4.0,3.5,4.0,3.0,3.0,4.5,,3.0,4.0,3.5,3.5,2.5,,3.5,1.5,3.5,4.0,1.5,3.5,2.5,5.0,3.5,3.0,2.5,2.5,3.0,4.0,4.5,3.5,5.0,4.0,3.0,2.5,2.0,3.0,2.5,4.0,3.0,3.0,4.5,3.5,3.5,3.0,,,
136054,,4.0,3.0,3.0,3.0,,4.5,,2.5,,3.5,,3.0,,,2.5,0.5,3.0,4.0,,,3.5,3.0,,3.0,3.0,2.5,3.0,2.5,3.0,,3.0,4.5,3.0,2.5,3.0,,3.0,,3.0,2.5,2.5,3.0,3.0,3.0,2.0,,,2.5,,,,3.5,3.0,3.5,2.5,3.5,4.0,3.5,3.0,3.0,3.0,3.0,2.5,2.5,,,,3.0,4.5,4.0,5.0,5.0,4.0,2.0,4.5,4.0,2.0,,,4.0,2.5,3.5,3.5,3.5,3.0,2.5,,4.0,4.0,4.0,4.5,4.0,2.5,4.5,3.0,5.0,3.0,3.0,2.5,3.5,,3.5,3.0,3.0,3.5,3.0,4.0,3.0,3.5,,,4.0,3.0,4.0,3.5,4.0,3.0,,,,3.0,4.0,,3.0,2.5,3.0,3.0,3.0,2.5,2.5,3.0,3.0,3.5,4.0,3.5,,3.5,4.0,3.0,3.5,3.0,,,3.0,,,4.0,3.0,2.5,4.0,3.0,3.5,3.5,2.5,3.0,,2.5,4.0,3.5,3.0,4.0,2.5,,3.5,,,3.0,3.5,3.0,3.0,2.0,3.5,,,,3.0,3.0,,3.0,3.0,3.0,3.5,3.0,2.5,3.0,,3.5,4.0,4.0,,3.5,4.0,2.5,4.0,2.5,3.5,3.0,,3.0,,4.0,3.5,4.0,,3.5,4.0,3.5,3.5,3.5,3.0,3.5,3.5,3.5,3.0,,3.0,,4.0,3.5,3.5,,4.0,4.0,4.5,4.0,3.5,2.0,,2.5,,3.5,2.5,2.5,3.5,,3.0,,3.0,3.5,4.0,4.0,3.5,3.5,4.0,3.5,3.5,2.5,,5.0
136268,2.0,5.0,5.0,2.0,4.0,4.0,4.0,3.0,3.0,2.0,3.0,4.0,4.0,4.0,3.0,2.0,3.0,,3.0,3.0,4.0,2.0,3.0,4.0,3.0,,,,3.0,4.0,3.0,4.0,,3.0,,4.0,2.0,3.0,2.0,3.0,3.0,4.0,1.0,5.0,3.0,4.0,3.5,4.5,3.0,,3.0,,3.5,5.0,5.0,3.5,3.0,3.0,4.0,4.5,3.0,3.0,4.0,3.0,2.0,3.0,3.5,5.0,4.0,,,,,,,4.0,3.0,3.0,,3.0,2.0,3.0,,3.0,4.0,3.0,4.0,3.0,4.0,2.0,,,,3.0,3.0,5.0,3.0,4.0,4.0,4.0,4.5,,3.0,3.0,3.0,,2.0,5.0,4.0,2.0,1.0,3.0,4.0,3.5,4.0,,4.0,3.0,4.5,5.0,5.0,3.0,4.0,1.0,4.0,3.0,4.0,4.0,1.0,2.0,4.0,3.0,4.0,3.0,3.0,4.0,4.5,3.0,5.0,3.0,5.0,3.5,3.0,3.0,4.0,4.0,2.0,4.0,4.0,3.0,4.0,4.0,3.0,3.0,3.0,3.5,3.0,4.0,,5.0,3.0,4.0,4.0,3.5,3.0,4.0,3.0,4.0,4.0,3.0,4.0,1.0,,,3.0,3.0,3.0,2.5,1.5,4.0,4.0,5.0,5.0,4.0,4.0,3.0,1.5,3.0,3.0,4.0,4.0,3.0,4.0,4.0,,4.0,4.0,3.0,2.0,3.0,5.0,3.0,5.0,3.0,4.0,3.0,5.0,4.0,4.0,3.0,4.0,3.0,3.0,3.0,4.0,3.0,4.0,4.0,2.0,3.5,4.0,3.5,3.0,3.0,1.0,,3.0,3.0,3.5,2.5,2.5,2.0,3.0,3.0,3.0,3.0,3.0,2.5,4.5,3.5,3.0,2.0,3.5,3.0,4.0,3.0,3.5,3.0,4.0,3.5
136599,2.0,3.5,4.5,,4.0,,4.5,,3.0,,,3.0,3.5,3.5,3.5,,2.5,,,2.5,4.0,3.5,3.5,4.0,,,,,3.5,3.0,,3.5,4.0,2.5,1.0,4.0,,2.5,,3.5,3.0,3.5,,3.5,2.0,,4.0,4.0,,3.0,4.5,,3.5,3.5,3.5,2.5,4.5,4.0,4.0,4.5,3.5,,3.0,3.0,3.0,4.5,,,3.5,4.5,4.5,4.0,4.5,4.0,4.5,4.5,5.0,4.5,4.0,4.0,,3.0,3.5,3.5,4.0,3.0,3.5,3.5,4.0,4.0,4.5,4.5,5.0,4.5,2.0,5.0,5.0,4.0,4.5,4.5,4.0,4.5,4.5,3.5,4.0,3.5,4.5,4.5,3.5,,4.0,4.0,3.0,4.0,3.5,3.5,3.5,2.5,3.5,2.5,3.5,,4.5,2.0,4.0,4.0,3.5,4.0,3.5,3.0,2.5,4.0,3.5,4.0,,3.0,4.5,4.0,3.0,3.0,4.0,2.0,4.5,4.5,4.0,3.5,3.0,4.0,2.5,2.0,3.5,3.5,4.5,3.5,3.5,3.0,2.5,3.0,5.0,4.0,3.0,4.0,3.5,,4.0,3.5,4.5,3.0,2.5,3.5,3.0,3.5,3.0,,4.5,2.5,2.5,3.0,1.0,3.5,4.0,3.5,4.5,2.5,3.5,3.5,4.5,3.5,4.0,4.0,3.0,3.0,3.5,4.0,4.0,2.0,4.0,,3.0,3.5,3.5,3.0,3.5,4.5,4.0,3.5,4.5,4.0,4.0,3.5,3.5,4.0,3.5,3.5,4.0,3.5,3.5,4.0,2.5,4.0,3.5,3.5,2.5,4.5,3.5,2.5,4.0,2.5,4.0,3.5,4.0,3.5,2.0,4.0,4.0,,4.0,4.0,4.5,4.0,3.5,4.0,3.5,4.0,4.0,4.0,4.0,4.0,4.0,4.5
136875,3.0,4.0,4.5,3.5,,,5.0,,3.0,4.0,,4.0,4.0,4.5,4.0,3.0,3.0,,3.5,4.0,4.5,,4.0,4.0,,2.5,,,5.0,3.5,,,5.0,3.5,4.0,4.0,,3.5,2.5,3.0,4.0,4.0,2.5,5.0,3.0,,,4.0,3.5,3.5,4.5,,3.5,4.5,4.0,4.5,5.0,,3.5,5.0,4.0,3.0,4.0,3.5,2.5,5.0,,4.0,3.0,,,3.5,,,,,,5.0,,4.0,,2.5,4.5,4.5,3.5,3.5,4.5,3.5,5.0,4.0,4.5,4.0,3.5,5.0,4.0,5.0,4.5,4.0,,4.0,,3.0,4.0,5.0,2.0,,5.0,4.0,4.0,4.5,,,4.5,,3.5,4.0,4.5,3.5,,,,2.0,4.5,3.5,4.5,3.5,,4.5,4.0,3.5,4.0,4.5,,4.5,3.5,5.0,5.0,,4.5,3.5,5.0,3.0,5.0,5.0,3.5,3.5,4.0,4.5,,4.0,5.0,4.5,,4.0,4.0,3.0,3.5,4.0,,5.0,,5.0,5.0,3.5,3.5,3.0,4.0,3.5,,4.5,3.0,4.5,,2.0,4.0,4.0,3.5,4.5,3.0,4.0,2.0,3.0,4.5,4.0,4.0,4.0,3.5,3.5,3.5,4.5,4.0,2.0,,4.5,4.0,4.5,5.0,3.0,3.0,2.5,,5.0,4.5,5.0,5.0,4.0,5.0,,4.5,4.0,4.0,3.0,5.0,4.0,5.0,4.5,4.5,4.0,3.5,4.5,4.5,4.0,3.0,,4.0,3.0,4.0,4.0,3.5,3.0,4.5,5.0,3.0,4.0,4.5,4.0,4.5,3.0,4.0,4.5,4.0,4.5,3.5,4.5,4.5,4.0,4.5,4.5,3.5,4.5
137037,3.0,5.0,4.0,3.0,4.0,2.0,5.0,,3.0,4.0,2.0,4.0,4.0,4.0,4.0,4.0,1.0,3.0,2.0,0.5,5.0,3.0,4.0,,2.0,1.0,,4.0,4.0,3.0,3.0,4.0,4.0,3.0,3.0,4.0,1.0,1.5,2.0,2.0,1.0,3.0,3.0,5.0,2.0,1.0,,2.5,3.0,5.0,5.0,2.0,2.0,5.0,5.0,4.0,5.0,4.0,4.0,5.0,5.0,3.0,4.0,1.0,2.0,,,5.0,4.0,3.0,3.0,5.0,5.0,4.0,,4.0,,5.0,4.0,4.5,4.0,2.0,4.0,,4.0,4.0,3.5,5.0,5.0,,4.0,4.0,,5.0,4.0,5.0,5.0,5.0,5.0,5.0,4.0,5.0,4.0,4.0,4.0,,3.0,5.0,5.0,,4.0,0.5,4.0,,4.0,5.0,,5.0,1.0,1.0,3.0,2.0,5.0,3.0,4.0,3.0,4.0,4.0,5.0,1.0,4.0,1.0,3.0,4.0,5.0,2.0,5.0,,5.0,3.0,5.0,1.0,4.0,5.0,4.0,2.5,3.0,5.0,1.0,1.0,5.0,5.0,,4.0,4.0,3.0,,4.5,4.0,5.0,,5.0,4.0,4.0,3.0,,4.0,4.0,,,3.0,5.0,3.5,4.0,5.0,2.0,2.0,5.0,1.0,5.0,4.0,4.0,5.0,,3.0,5.0,,3.0,5.0,5.0,3.0,5.0,3.0,2.0,4.0,4.0,5.0,1.0,,5.0,4.0,2.0,4.0,4.0,4.0,4.0,4.0,2.0,5.0,4.0,3.0,3.5,5.0,3.5,5.0,5.0,4.0,4.5,4.0,4.0,4.0,3.0,4.0,,,,4.5,5.0,,3.0,,3.0,4.0,4.5,5.0,4.5,2.5,,5.0,,,,,,,,,,,
137202,2.5,3.0,4.0,,4.0,,4.0,,3.0,3.0,4.5,,4.0,3.5,3.0,2.0,,2.0,,3.0,4.0,1.0,2.5,3.5,3.0,2.0,4.5,,4.5,3.0,,3.0,4.0,4.0,,3.0,3.0,3.0,,4.0,,,2.0,4.0,,,,4.0,,3.5,4.0,3.5,1.5,4.0,3.5,3.0,5.0,3.0,3.0,4.5,4.0,3.0,3.0,1.5,,5.0,,,3.0,4.0,4.0,4.0,4.5,5.0,5.0,3.0,5.0,4.0,4.5,4.0,4.0,,4.0,5.0,4.0,3.5,4.0,5.0,4.5,5.0,4.5,5.0,5.0,4.5,4.0,4.0,5.0,3.5,5.0,4.5,4.0,4.0,5.0,3.5,4.0,5.0,5.0,5.0,4.0,4.0,4.0,,3.5,4.5,,4.0,4.0,3.0,,4.0,,4.0,4.0,3.0,,4.0,3.5,4.5,4.0,,0.5,4.5,3.0,4.0,3.0,4.5,4.0,4.0,4.5,,4.5,3.5,4.0,4.0,,4.0,4.0,4.0,3.0,3.0,5.0,4.5,4.5,3.5,3.0,3.0,,3.0,4.5,4.0,,5.0,3.0,4.0,4.0,3.0,4.0,3.0,,3.5,3.5,5.0,4.0,,5.0,3.0,3.5,4.0,2.0,4.0,3.5,4.0,4.0,4.0,4.0,4.0,4.0,4.0,4.0,4.0,5.0,4.5,3.0,3.0,4.5,4.0,3.5,,4.0,3.0,4.5,,4.5,4.5,3.5,4.0,4.5,4.5,4.5,3.0,3.0,4.0,4.0,4.0,4.0,4.0,4.5,4.0,3.5,4.0,3.5,3.0,,4.5,4.0,4.5,4.5,3.5,4.0,3.5,4.0,4.5,3.5,4.5,4.0,3.5,4.0,4.0,4.5,4.0,4.0,4.0,4.0,4.5,4.0,4.0,4.0,4.0,4.0,4.0
137277,2.5,4.0,3.5,3.0,3.5,,4.5,,2.0,3.0,3.0,3.0,3.5,,3.0,2.5,2.0,2.5,2.5,2.5,4.0,3.0,3.5,4.0,3.0,0.5,4.0,3.5,4.0,3.0,,3.5,3.5,3.0,3.5,3.0,2.5,2.5,,,3.5,3.0,3.0,3.5,3.0,3.0,,,3.0,,4.5,,3.0,3.5,3.5,4.0,4.5,,3.0,4.5,,,3.0,3.0,,4.0,,,,,4.0,,,,,,,,3.0,,,,3.0,4.0,4.0,3.0,4.0,4.0,4.0,4.5,4.0,,,4.0,4.0,4.0,4.5,4.5,4.0,,4.0,,4.5,4.0,3.5,4.0,4.5,4.5,4.5,4.0,,,4.0,4.0,,,4.0,3.5,,3.5,3.0,3.0,4.0,4.0,4.0,4.5,3.5,,3.5,3.0,1.5,3.5,2.0,4.0,4.0,4.0,4.0,4.0,4.5,2.5,,3.0,4.0,5.0,,4.5,3.0,4.0,2.0,2.5,,3.5,4.0,4.0,3.0,3.5,4.0,4.5,,3.5,3.0,4.0,4.0,3.0,,2.5,4.0,3.5,3.0,4.0,3.0,3.5,,,,2.5,2.0,3.0,,3.5,3.0,4.0,4.0,3.5,4.0,4.5,5.0,3.0,4.0,4.5,,3.5,,4.0,3.5,4.0,3.5,2.0,3.0,,,4.0,4.0,4.5,4.5,4.0,4.0,3.0,,4.0,3.0,4.0,4.5,3.0,3.5,4.0,,3.5,3.0,3.5,3.5,2.5,3.0,5.0,4.0,3.5,4.0,3.0,4.0,3.0,4.0,4.0,2.0,3.5,4.5,3.0,4.0,3.5,4.5,3.5,3.0,3.5,3.5,4.5,4.0,3.5,4.0,4.5,3.5,4.0
137343,2.5,,3.0,,3.0,,,,2.0,5.0,3.0,3.0,3.5,3.0,3.5,2.0,1.5,0.5,2.5,2.0,4.0,1.5,4.0,,1.5,2.5,,4.0,2.5,2.0,3.0,2.0,3.0,3.0,1.5,3.0,2.0,1.5,2.0,2.0,1.0,,2.0,4.0,0.5,,,,2.0,1.5,2.5,2.5,3.5,4.0,3.0,3.5,4.0,3.0,2.0,4.0,,1.5,3.0,3.0,2.0,3.5,2.0,3.5,3.0,,,3.0,,,,2.5,,3.0,3.0,,4.0,3.0,1.0,1.5,4.0,3.0,3.0,5.0,5.0,,,,,3.0,5.0,3.5,,3.0,2.0,3.0,,3.0,4.0,2.5,,,5.0,3.5,3.0,3.5,5.0,,5.0,3.0,,3.0,2.5,3.5,2.5,4.0,2.5,3.5,4.0,5.0,3.0,2.0,,,5.0,3.0,2.0,3.0,3.0,,,2.5,4.0,,3.5,,3.5,2.0,,3.5,2.0,,4.0,3.5,3.0,3.0,3.5,4.0,4.0,3.0,3.0,3.5,3.0,3.5,3.0,4.5,2.0,2.5,2.5,3.0,,,3.0,3.5,2.0,3.5,3.5,4.0,4.5,,,4.0,4.0,5.0,2.0,3.0,2.0,3.0,3.5,3.5,4.5,3.0,,2.0,3.5,,3.0,4.0,3.0,4.0,3.5,3.0,5.0,,4.0,,4.0,2.5,4.0,,4.0,4.0,,3.0,3.5,3.5,3.0,3.5,3.5,3.5,3.0,2.0,2.0,,5.0,3.5,3.0,3.5,3.5,,3.5,3.0,3.5,4.0,5.0,2.5,3.5,5.0,4.0,5.0,5.0,4.0,3.5,,5.0,4.0,2.5,4.5,3.0,,3.5,,4.5,4.0,3.5,4.0
137686,3.0,4.0,4.0,3.0,4.0,3.0,5.0,3.0,3.0,3.0,4.0,3.0,4.0,4.0,4.0,2.0,2.0,2.5,3.0,2.0,4.0,1.0,3.5,4.0,,3.0,4.0,3.0,4.0,3.0,3.0,4.0,4.0,4.0,3.0,4.0,2.0,3.0,2.0,4.0,3.5,3.0,3.0,4.0,2.0,3.0,3.0,,3.0,3.5,4.0,4.0,3.0,5.0,3.5,4.0,5.0,4.0,2.0,4.5,3.0,3.0,4.0,3.0,2.5,5.0,4.0,3.0,4.0,4.0,,5.0,5.0,4.0,4.0,4.0,5.0,5.0,4.0,4.0,4.5,,3.0,3.0,4.5,3.0,4.0,4.5,5.0,4.0,5.0,5.0,5.0,5.0,4.5,5.0,5.0,4.0,5.0,5.0,4.0,5.0,5.0,4.0,4.0,5.0,5.0,4.0,4.5,3.0,4.0,4.5,4.0,4.0,4.0,4.0,4.5,4.0,4.0,4.0,4.0,3.0,5.0,4.0,4.0,4.5,4.0,4.0,4.0,3.0,3.0,4.0,4.0,4.0,3.5,3.5,4.0,4.5,4.5,3.5,4.0,4.0,4.0,4.0,4.0,4.0,4.0,4.0,3.0,4.0,4.0,4.0,4.5,4.0,4.0,4.0,4.0,4.0,4.0,5.0,4.0,4.0,4.0,4.0,4.0,4.0,4.0,4.0,,4.0,4.0,4.5,4.0,3.5,4.0,4.0,3.5,4.0,3.0,4.0,4.0,4.0,5.0,4.5,4.0,4.0,4.0,3.0,4.0,4.5,4.0,4.0,4.0,4.5,4.0,4.0,4.0,3.0,4.0,3.0,4.0,4.0,4.5,4.0,4.0,4.0,4.5,3.0,4.0,4.0,4.0,4.0,4.0,4.0,4.0,4.0,4.0,4.0,4.0,4.0,4.5,3.0,4.0,4.0,4.0,4.0,4.0,3.5,4.5,4.0,4.0,4.0,3.5,5.0,4.0,4.0,4.0,4.0,4.5,4.0,4.0,4.5,4.0,4.5,4.0,4.0,,,,
137885,3.0,5.0,4.0,2.0,,,4.0,3.0,3.0,3.0,3.0,2.0,,4.0,3.0,2.0,1.0,2.0,1.0,2.0,4.0,2.0,4.0,4.0,3.0,1.0,,2.0,1.0,3.0,3.0,2.0,2.0,4.0,3.0,3.0,1.0,3.0,1.0,3.0,3.0,,2.0,4.0,2.0,3.0,,5.0,2.0,3.0,3.0,,3.0,3.0,4.0,2.0,4.0,4.0,1.0,5.0,3.0,3.0,3.0,3.0,1.0,5.0,3.0,3.0,3.0,4.0,,5.0,5.0,3.0,5.0,4.0,5.0,5.0,3.0,2.0,4.0,,3.0,2.0,3.0,3.0,4.0,4.0,5.0,2.0,5.0,5.0,4.0,4.0,4.0,5.0,5.0,4.0,4.0,5.0,,5.0,3.0,,5.0,5.0,3.0,4.0,4.0,2.0,3.0,4.0,5.0,4.0,,5.0,2.0,2.0,5.0,4.0,1.0,1.0,5.0,3.0,,5.0,4.0,,4.0,2.0,2.0,4.0,1.0,2.0,1.0,4.0,,4.0,4.0,2.0,3.0,2.0,,2.0,3.0,5.0,4.0,2.0,1.0,2.0,3.0,3.0,4.0,3.0,2.0,3.0,3.0,4.0,5.0,4.0,2.0,3.0,,2.0,3.0,4.0,3.0,3.0,3.0,4.0,3.0,4.0,5.0,3.0,4.0,3.0,,4.0,1.0,4.0,4.0,2.0,2.0,2.0,3.0,,,3.0,4.0,3.0,4.0,,3.0,4.0,,4.0,4.0,,,,,,,,,,,,,,,,,,,,,,,,,,,,,,,,,,,,,,,,,,,,,,,,,,,,,
138208,2.0,3.0,2.5,,4.0,2.0,4.0,2.0,3.0,2.0,,1.5,3.0,3.0,2.0,1.0,,1.0,1.5,2.0,4.0,2.0,2.0,3.5,,,,2.0,1.0,3.0,3.0,2.0,2.0,3.0,3.0,4.0,2.0,,,4.0,2.0,3.0,1.0,3.0,1.0,3.0,3.0,3.0,3.0,4.0,4.0,1.0,3.0,3.0,3.0,3.0,3.0,1.0,3.0,4.0,3.0,2.0,3.0,2.0,1.0,2.0,3.0,,3.0,5.0,4.0,3.0,3.0,4.0,3.0,,4.0,3.0,3.0,4.0,4.0,3.0,2.0,,4.0,3.0,2.0,3.0,3.0,2.0,3.5,3.0,3.0,2.5,3.0,3.0,3.0,3.0,3.0,3.0,4.0,,3.0,4.0,,,3.0,3.0,3.0,2.0,3.0,2.0,3.0,3.0,3.0,3.0,4.0,,3.0,3.0,3.0,3.0,4.0,1.0,3.0,3.0,,3.0,3.0,1.0,1.0,3.0,2.0,3.0,2.0,4.0,2.0,3.0,4.0,2.0,5.0,2.0,3.0,2.0,3.0,4.0,3.0,2.0,1.0,2.0,,3.0,1.0,3.0,3.0,3.0,3.0,3.0,3.0,4.0,2.0,3.0,3.0,3.0,2.0,2.0,4.0,3.0,3.0,,1.0,3.0,,3.0,4.0,3.0,3.0,3.0,1.0,3.0,,3.0,4.0,2.0,,3.5,3.0,2.0,4.0,4.0,3.0,3.0,3.0,3.0,4.0,2.0,2.0,2.0,4.5,2.0,3.0,3.0,5.0,2.0,4.0,2.0,5.0,4.0,2.0,3.0,3.5,4.0,5.0,3.0,4.0,4.0,3.0,4.0,3.0,3.5,3.0,2.0,3.0,3.0,4.0,3.0,4.0,3.0,4.0,3.5,3.0,3.0,2.0,5.0,4.5,3.0,3.0,4.0,4.5,3.0,3.5,3.0,3.0,4.0,3.5,2.5,4.5,4.5,2.0,3.0
138325,3.0,4.5,4.5,,,,4.5,2.5,2.0,,,,4.0,,,,,,,2.5,4.5,,3.0,4.5,,,,,4.5,,3.0,3.5,4.0,,,3.5,,,,,,,,5.0,,,,,,4.5,,,,5.0,4.5,3.5,4.5,4.5,4.0,5.0,,,3.5,3.0,,4.5,2.5,,,4.5,3.5,5.0,5.0,5.0,5.0,5.0,5.0,5.0,,,4.5,,,4.5,5.0,3.5,,5.0,5.0,5.0,5.0,5.0,5.0,5.0,4.5,5.0,4.5,5.0,5.0,4.0,4.5,5.0,5.0,,,5.0,5.0,4.5,5.0,,5.0,5.0,4.5,4.5,4.0,5.0,4.0,3.0,,,,4.0,5.0,,,4.5,4.0,,3.0,3.0,,4.5,3.5,,,4.5,4.5,4.5,4.0,2.5,4.5,2.5,4.5,5.0,,4.5,,,,,4.0,4.0,4.5,,,4.0,,,5.0,4.5,,4.5,3.5,,4.0,,4.0,,,4.5,,4.0,4.5,,,2.5,2.5,3.0,,5.0,,4.0,5.0,4.5,4.0,4.5,5.0,4.0,4.5,4.5,3.5,,4.5,5.0,,3.5,4.5,,3.5,4.0,,4.5,3.5,4.5,4.0,,5.0,3.5,4.5,4.0,4.0,4.5,4.5,3.5,4.5,4.5,4.0,4.5,2.0,4.0,3.5,3.0,3.5,4.5,4.0,3.0,4.0,3.0,4.0,3.5,4.0,4.0,2.5,4.5,4.0,3.0,4.0,4.0,4.5,3.5,3.0,4.5,4.0,4.0,4.5,4.0,3.5,4.0,3.5,4.5
