TWIN_ID,False Cons. self _1,False Cons. self _2,False Cons. self _3,False Cons. self _4,False Cons. self _5,False Cons. self _6,False Cons. self _7,False Cons. self _8,False Cons. self _9,False Cons. self _10,Q156_1,Form A _1,Q158,Q157,Q160_1,Q160_2,Q160_3,Q159_1,Q159_2,Q159_3,Q162,Q161,Q163,Q164,Q165,Q167,Q169,Q171,Q174,Q177,Q172,Q175,Q178,Q173,Q176,Q179,Q181,Q182,Q183,Q184,Q189,Q190,Q191,Q192,Q193,Q194,Q195,Q198_1,Q198_2,Q198_3,Q198_4,Q198_5,Q198_6,Q198_7,Q198_8,Q198_9,Q198_10,Q203_1,Q203_2,Q203_3,Q203_4,Q203_5,Q203_6,nonseparabilty bene _1,nonseparabilty bene _2,nonseparabilty bene _3,nonseparabilty bene _4,nonseparability ris _1,nonseparability ris _2,nonseparability ris _3,nonseparability ris _4,Omission bias ,Denominator neglect ,False cons. others _1,False cons. others _2,False cons. others _3,False cons. others _4,False cons. others _5,False cons. others _6,False cons. others _7,False cons. others _10,False cons. others _11,False cons. others _12,1_Q295,2_Q295,3_Q295,4_Q295,5_Q295,6_Q295,7_Q295,8_Q295,9_Q295,10_Q295,11_Q295,12_Q295,13_Q295,14_Q295,15_Q295,16_Q295,17_Q295,18_Q295,19_Q295,20_Q295,21_Q295,22_Q295,23_Q295,24_Q295,25_Q295,26_Q295,27_Q295,28_Q295,29_Q295,30_Q295,31_Q295,32_Q295,33_Q295,34_Q295,35_Q295,36_Q295,37_Q295,38_Q295,39_Q295,40_Q295
234,4,4,4,2,3,4,4,3,2,2,,30.0,5.0,,,,,5.0,4.0,2.0,,6.0,1.0,54.0,,,2.0,2.0,4.0,5.0,,,,,,,15.0,,1.0,,4.0,,,1.0,,,5.0,1.0,1.0,1.0,1.0,1.0,1.0,1.0,1.0,1.0,1.0,,,,,,,6,3,3,3,3,5,6,6,3,2.0,65.0,60.0,60.0,40.0,50.0,60.0,60.0,50.0,40.0,40.0,1.0,2.0,2.0,1.0,1.0,1.0,1.0,2.0,1.0,2.0,2.0,1.0,2.0,1.0,1.0,1.0,1.0,2.0,2.0,2.0,1.0,2.0,1.0,1.0,2.0,2.0,2.0,1.0,1.0,1.0,1.0,1.0,1.0,1.0,1.0,1.0,1.0,1.0,1.0,1.0
347,4,4,4,4,4,4,5,4,2,2,70.0,,,2.0,3.0,4.0,5.0,,,,6.0,,1.0,40.0,,1.0,,2.0,4.0,5.0,,,,,,,,18.0,1.0,,4.0,,,,1.0,4.0,,,,,,,,,,,,1.0,1.0,1.0,1.0,1.0,1.0,6,3,4,4,2,5,6,6,3,2.0,55.0,50.0,52.0,60.0,62.0,58.0,70.0,54.0,40.0,42.0,2.0,2.0,2.0,1.0,1.0,2.0,2.0,2.0,2.0,2.0,1.0,2.0,1.0,1.0,2.0,2.0,2.0,2.0,1.0,1.0,2.0,1.0,1.0,2.0,2.0,2.0,1.0,2.0,2.0,1.0,2.0,2.0,2.0,1.0,1.0,1.0,1.0,1.0,2.0,2.0
428,4,4,4,4,4,4,4,4,2,2,,30.0,,1.0,,,,3.0,5.0,4.0,,6.0,1.0,54.0,,1.0,,,,,4.0,4.0,5.0,,,,18.0,,1.0,,,,2.0,1.0,,,4.0,,,,,,,,,,,1.0,1.0,1.0,1.0,1.0,1.0,6,3,4,4,2,5,6,6,3,2.0,55.0,50.0,52.0,60.0,62.0,58.0,65.0,54.0,40.0,42.0,1.0,1.0,2.0,1.0,1.0,1.0,2.0,1.0,2.0,2.0,2.0,2.0,1.0,1.0,1.0,1.0,2.0,2.0,1.0,2.0,1.0,2.0,2.0,1.0,1.0,1.0,2.0,1.0,2.0,1.0,1.0,2.0,1.0,1.0,2.0,1.0,1.0,2.0,1.0,2.0
36,5,5,5,5,5,5,5,5,1,1,70.0,,1.0,,3.0,4.0,6.0,,,,,6.0,,,2.0,,2.0,1.0,5.0,6.0,,,,,,,,20.0,1.0,,,9.0,,1.0,,5.0,,1.0,1.0,1.0,1.0,1.0,1.0,1.0,1.0,1.0,1.0,,,,,,,6,3,4,3,3,5,6,5,4,2.0,60.0,55.0,60.0,65.0,70.0,60.0,75.0,60.0,40.0,35.0,1.0,2.0,2.0,2.0,2.0,2.0,2.0,1.0,1.0,1.0,1.0,2.0,1.0,1.0,2.0,1.0,1.0,2.0,2.0,1.0,1.0,1.0,2.0,2.0,2.0,2.0,2.0,2.0,2.0,1.0,1.0,1.0,2.0,2.0,2.0,2.0,1.0,2.0,2.0,2.0
2,5,5,5,5,5,5,5,5,2,2,,30.0,5.0,,5.0,4.0,2.0,,,,6.0,,1.0,54.0,,1.0,,3.0,5.0,5.0,,,,,,,,15.0,,1.0,,4.0,,1.0,,5.0,,1.0,1.0,1.0,1.0,1.0,1.0,1.0,1.0,1.0,1.0,,,,,,,6,3,2,3,3,5,6,6,4,2.0,75.0,75.0,80.0,80.0,80.0,85.0,85.0,75.0,40.0,40.0,2.0,2.0,1.0,2.0,1.0,1.0,1.0,2.0,1.0,2.0,1.0,2.0,1.0,2.0,2.0,2.0,2.0,2.0,2.0,2.0,1.0,1.0,2.0,1.0,1.0,1.0,2.0,2.0,1.0,2.0,1.0,2.0,1.0,2.0,1.0,1.0,2.0,1.0,2.0,1.0
160,4,4,4,2,3,4,4,3,2,2,70.0,,2.0,,,,,5.0,4.0,2.0,,6.0,1.0,54.0,,,2.0,2.0,5.0,5.0,,,,,,,,15.0,1.0,,4.0,,,1.0,,5.0,,1.0,1.0,1.0,1.0,1.0,1.0,1.0,1.0,1.0,1.0,,,,,,,6,3,3,3,3,5,6,6,4,2.0,65.0,60.0,60.0,40.0,50.0,60.0,60.0,50.0,40.0,40.0,2.0,1.0,2.0,2.0,1.0,1.0,2.0,2.0,1.0,2.0,2.0,2.0,1.0,2.0,1.0,1.0,1.0,2.0,2.0,1.0,1.0,2.0,1.0,1.0,2.0,2.0,2.0,1.0,1.0,2.0,2.0,1.0,1.0,1.0,1.0,2.0,2.0,2.0,2.0,1.0
386,4,4,4,4,4,4,4,4,2,2,,30.0,,2.0,3.0,4.0,5.0,,,,6.0,,,,2.0,1.0,,,,,3.0,4.0,5.0,,,,16.0,,1.0,,,,2.0,,1.0,4.0,,1.0,1.0,1.0,1.0,1.0,1.0,1.0,1.0,1.0,1.0,,,,,,,6,3,5,4,3,5,6,5,3,2.0,55.0,50.0,52.0,60.0,62.0,58.0,65.0,54.0,40.0,38.0,1.0,2.0,2.0,2.0,1.0,1.0,1.0,1.0,2.0,2.0,1.0,2.0,1.0,2.0,2.0,2.0,2.0,1.0,1.0,2.0,2.0,2.0,2.0,2.0,2.0,2.0,1.0,1.0,1.0,1.0,1.0,2.0,1.0,2.0,1.0,1.0,2.0,2.0,1.0,2.0
912,4,4,4,3,4,4,4,3,2,2,,30.0,,2.0,4.0,3.0,2.0,,,,,6.0,1.0,54.0,,1.0,,,,,2.0,5.0,5.0,,,,,15.0,1.0,,4.0,,,,1.0,5.0,,,,,,,,,,,,1.0,1.0,1.0,1.0,1.0,1.0,6,3,2,3,3,5,6,6,3,2.0,65.0,60.0,60.0,50.0,60.0,60.0,60.0,50.0,40.0,40.0,1.0,2.0,2.0,1.0,1.0,1.0,2.0,1.0,2.0,1.0,2.0,1.0,1.0,2.0,1.0,1.0,2.0,2.0,1.0,1.0,1.0,2.0,2.0,1.0,2.0,2.0,1.0,1.0,2.0,1.0,1.0,1.0,1.0,1.0,1.0,1.0,1.0,2.0,1.0,2.0
861,4,4,4,4,4,4,5,4,2,2,,30.0,,2.0,,,,3.0,4.0,2.0,,6.0,,,2.0,,2.0,,,,4.0,4.0,5.0,,,,18.0,,,2.0,4.0,,,1.0,,4.0,,1.0,1.0,1.0,1.0,1.0,1.0,1.0,1.0,1.0,1.0,,,,,,,6,3,4,3,3,5,6,5,3,2.0,55.0,50.0,52.0,60.0,65.0,62.0,70.0,58.0,40.0,38.0,1.0,2.0,2.0,2.0,2.0,2.0,2.0,2.0,1.0,1.0,2.0,2.0,2.0,2.0,2.0,2.0,2.0,1.0,2.0,2.0,2.0,1.0,1.0,2.0,1.0,1.0,2.0,2.0,2.0,1.0,2.0,2.0,2.0,2.0,1.0,1.0,2.0,2.0,2.0,2.0
280,5,5,5,5,5,5,5,5,1,2,70.0,,,1.0,3.0,4.0,5.0,,,,,6.0,,,2.0,,2.0,1.0,4.0,5.0,,,,,,,20.0,,1.0,,5.0,,,,1.0,,5.0,1.0,1.0,1.0,1.0,1.0,1.0,1.0,1.0,1.0,1.0,,,,,,,6,3,4,4,3,5,6,6,3,2.0,60.0,55.0,60.0,65.0,70.0,60.0,75.0,65.0,40.0,45.0,1.0,2.0,1.0,1.0,2.0,2.0,1.0,2.0,2.0,1.0,1.0,1.0,2.0,2.0,2.0,2.0,1.0,1.0,1.0,2.0,2.0,2.0,1.0,1.0,1.0,1.0,1.0,1.0,2.0,2.0,1.0,1.0,1.0,1.0,2.0,2.0,2.0,1.0,2.0,1.0
709,4,4,4,5,5,5,5,4,2,2,,30.0,,2.0,3.0,4.0,6.0,,,,6.0,,,,2.0,1.0,,,,,3.0,4.0,5.0,,,,18.0,,,2.0,4.0,,,,1.0,4.0,,1.0,1.0,1.0,1.0,1.0,1.0,1.0,1.0,1.0,1.0,,,,,,,6,3,4,3,3,5,6,5,3,2.0,55.0,50.0,52.0,60.0,62.0,58.0,65.0,54.0,40.0,42.0,2.0,2.0,1.0,1.0,1.0,2.0,2.0,2.0,1.0,2.0,1.0,2.0,1.0,2.0,2.0,1.0,1.0,1.0,1.0,2.0,2.0,1.0,2.0,1.0,2.0,1.0,1.0,2.0,2.0,2.0,1.0,2.0,1.0,1.0,1.0,1.0,2.0,2.0,1.0,2.0
115,5,5,5,5,5,5,5,5,2,2,70.0,,5.0,,,,,5.0,4.0,2.0,6.0,,1.0,54.0,,1.0,,,,,2.0,5.0,5.0,,,,,15.0,,1.0,,,4.0,,1.0,,5.0,1.0,1.0,1.0,1.0,1.0,1.0,1.0,1.0,1.0,1.0,,,,,,,6,3,3,3,3,5,6,6,4,2.0,80.0,75.0,85.0,80.0,80.0,85.0,80.0,75.0,40.0,40.0,1.0,1.0,1.0,1.0,2.0,1.0,1.0,2.0,1.0,2.0,2.0,1.0,1.0,1.0,1.0,2.0,1.0,1.0,1.0,1.0,1.0,1.0,1.0,1.0,1.0,1.0,2.0,2.0,1.0,2.0,1.0,1.0,1.0,1.0,1.0,1.0,1.0,1.0,1.0,1.0
82,4,4,4,5,5,5,5,4,2,2,70.0,,,2.0,3.0,4.0,5.0,,,,,6.0,,,2.0,1.0,,2.0,4.0,5.0,,,,,,,18.0,,1.0,,,,2.0,1.0,,5.0,,,,,,,,,,,,1.0,1.0,1.0,1.0,1.0,1.0,6,3,4,3,3,5,6,5,3,2.0,55.0,50.0,52.0,60.0,62.0,58.0,65.0,54.0,40.0,42.0,1.0,1.0,2.0,2.0,2.0,1.0,2.0,1.0,1.0,1.0,2.0,1.0,1.0,2.0,1.0,1.0,1.0,1.0,1.0,1.0,1.0,2.0,1.0,2.0,2.0,2.0,1.0,1.0,1.0,2.0,1.0,2.0,2.0,1.0,2.0,2.0,2.0,1.0,1.0,1.0
967,2,3,3,1,2,3,3,1,4,2,,30.0,2.0,,,,,5.0,4.0,2.0,6.0,,1.0,54.0,,1.0,,,,,2.0,5.0,5.0,,,,15.0,,1.0,,,,3.0,,1.0,5.0,,,,,,,,,,,,1.0,1.0,1.0,1.0,1.0,1.0,7,3,2,2,3,5,6,6,4,2.0,40.0,50.0,50.0,20.0,30.0,50.0,50.0,20.0,60.0,30.0,2.0,1.0,2.0,2.0,1.0,2.0,2.0,1.0,2.0,1.0,1.0,2.0,1.0,1.0,1.0,2.0,2.0,1.0,2.0,2.0,1.0,1.0,1.0,1.0,2.0,1.0,1.0,2.0,1.0,1.0,1.0,1.0,2.0,1.0,1.0,1.0,1.0,1.0,2.0,2.0
814,4,4,5,3,4,5,5,4,2,2,70.0,,5.0,,,,,5.0,4.0,2.0,6.0,,1.0,54.0,,,2.0,2.0,4.0,5.0,,,,,,,,15.0,1.0,,,,3.0,,1.0,,5.0,1.0,1.0,1.0,1.0,1.0,1.0,1.0,1.0,1.0,1.0,,,,,,,6,3,3,3,3,5,6,6,4,2.0,70.0,65.0,75.0,50.0,60.0,70.0,70.0,60.0,40.0,40.0,1.0,1.0,1.0,1.0,2.0,2.0,1.0,1.0,1.0,1.0,1.0,1.0,1.0,1.0,2.0,1.0,1.0,1.0,1.0,1.0,2.0,1.0,2.0,1.0,1.0,1.0,1.0,1.0,2.0,1.0,1.0,1.0,1.0,1.0,1.0,1.0,1.0,1.0,1.0,1.0
241,4,4,4,4,4,4,4,4,2,2,,30.0,,2.0,3.0,4.0,5.0,,,,,6.0,,,2.0,,2.0,,,,,,,3.0,4.0,5.0,18.0,,1.0,,4.0,,,1.0,,4.0,,1.0,1.0,1.0,1.0,1.0,1.0,1.0,1.0,1.0,1.0,,,,,,,6,3,5,4,3,5,6,5,3,2.0,55.0,50.0,52.0,60.0,62.0,58.0,65.0,54.0,40.0,38.0,2.0,1.0,1.0,2.0,2.0,2.0,2.0,1.0,2.0,1.0,1.0,2.0,1.0,1.0,2.0,2.0,2.0,2.0,1.0,1.0,2.0,1.0,2.0,2.0,2.0,2.0,1.0,1.0,2.0,1.0,2.0,2.0,1.0,1.0,1.0,2.0,1.0,2.0,2.0,1.0
332,2,3,2,2,3,2,4,2,4,3,,30.0,,2.0,3.0,4.0,5.0,,,,,6.0,,,2.0,1.0,,2.0,4.0,5.0,,,,,,,,5.0,1.0,,,,3.0,1.0,,4.0,,1.0,1.0,1.0,1.0,1.0,1.0,1.0,1.0,1.0,1.0,,,,,,,6,3,4,4,3,5,6,6,3,2.0,45.0,40.0,42.0,55.0,60.0,50.0,65.0,48.0,38.0,40.0,1.0,2.0,1.0,1.0,2.0,1.0,1.0,2.0,2.0,1.0,1.0,2.0,1.0,1.0,1.0,1.0,1.0,2.0,2.0,1.0,1.0,1.0,2.0,1.0,1.0,2.0,1.0,2.0,1.0,1.0,2.0,1.0,2.0,1.0,1.0,2.0,1.0,2.0,1.0,2.0
43,4,4,4,3,4,5,4,3,2,2,,30.0,,2.0,,,,5.0,4.0,2.0,,6.0,1.0,54.0,,,2.0,,,,,,,2.0,4.0,5.0,,15.0,,1.0,4.0,,,,1.0,,5.0,,,,,,,,,,,1.0,1.0,1.0,1.0,1.0,1.0,6,3,2,3,3,5,6,6,4,2.0,65.0,60.0,60.0,50.0,60.0,70.0,60.0,50.0,40.0,40.0,2.0,1.0,1.0,2.0,1.0,2.0,1.0,1.0,1.0,2.0,1.0,1.0,2.0,1.0,2.0,1.0,1.0,2.0,1.0,1.0,1.0,2.0,1.0,1.0,1.0,1.0,1.0,1.0,1.0,1.0,1.0,2.0,1.0,1.0,1.0,2.0,1.0,1.0,1.0,2.0
88,3,3,3,3,4,3,4,3,4,3,,30.0,,2.0,,,,3.0,4.0,3.0,,5.0,1.0,45.0,,1.0,,,,,3.0,4.0,5.0,,,,,15.0,1.0,,,,3.0,,1.0,4.0,,,,,,,,,,,,1.0,1.0,1.0,1.0,1.0,1.0,6,3,4,4,3,5,6,6,3,2.0,45.0,40.0,42.0,55.0,60.0,50.0,65.0,48.0,52.0,44.0,2.0,1.0,2.0,1.0,1.0,1.0,2.0,2.0,1.0,1.0,2.0,1.0,1.0,1.0,1.0,1.0,1.0,1.0,2.0,2.0,2.0,1.0,1.0,1.0,1.0,1.0,2.0,2.0,1.0,2.0,1.0,2.0,1.0,1.0,1.0,1.0,2.0,2.0,1.0,1.0
670,5,5,5,5,5,5,5,5,1,2,,30.0,,2.0,,,,3.0,5.0,2.0,6.0,,,,2.0,1.0,,2.0,4.0,5.0,,,,,,,,18.0,1.0,,,6.0,,,1.0,,5.0,,,,,,,,,,,1.0,1.0,1.0,1.0,1.0,1.0,6,3,4,3,3,5,6,5,3,2.0,60.0,55.0,58.0,65.0,68.0,62.0,70.0,60.0,40.0,45.0,2.0,1.0,2.0,1.0,1.0,1.0,2.0,2.0,1.0,1.0,1.0,2.0,1.0,2.0,1.0,2.0,1.0,2.0,2.0,1.0,2.0,1.0,1.0,1.0,2.0,2.0,1.0,2.0,1.0,1.0,1.0,2.0,1.0,1.0,1.0,1.0,2.0,1.0,1.0,1.0
703,4,4,4,2,3,4,4,3,2,2,70.0,,5.0,,,,,5.0,4.0,2.0,6.0,,,,1.0,1.0,,,,,,,,2.0,4.0,5.0,,15.0,1.0,,4.0,,,1.0,,,5.0,1.0,1.0,1.0,1.0,1.0,1.0,1.0,1.0,1.0,1.0,,,,,,,6,3,2,3,3,5,6,6,4,2.0,65.0,60.0,60.0,40.0,50.0,60.0,60.0,50.0,40.0,40.0,1.0,1.0,2.0,2.0,1.0,2.0,2.0,2.0,1.0,1.0,2.0,1.0,1.0,1.0,2.0,1.0,1.0,2.0,1.0,1.0,2.0,2.0,1.0,1.0,1.0,1.0,2.0,1.0,2.0,1.0,1.0,1.0,1.0,1.0,1.0,1.0,2.0,1.0,2.0,1.0
496,5,5,5,3,4,5,5,4,2,2,,30.0,5.0,,,,,5.0,4.0,2.0,,6.0,1.0,54.0,,1.0,,3.0,5.0,5.0,,,,,,,15.0,,,1.0,,3.0,,1.0,,5.0,,,,,,,,,,,,1.0,1.0,1.0,1.0,1.0,1.0,7,3,2,3,3,5,6,6,4,2.0,75.0,70.0,75.0,50.0,60.0,75.0,75.0,60.0,40.0,40.0,2.0,2.0,1.0,1.0,2.0,1.0,1.0,1.0,2.0,2.0,2.0,1.0,1.0,2.0,1.0,1.0,2.0,1.0,1.0,1.0,1.0,1.0,2.0,1.0,1.0,2.0,1.0,1.0,1.0,1.0,1.0,1.0,1.0,1.0,1.0,1.0,1.0,1.0,1.0,1.0
49,4,4,4,4,4,4,5,4,2,2,,30.0,,2.0,3.0,4.0,5.0,,,,,5.0,1.0,40.0,,1.0,,2.0,4.0,4.0,,,,,,,18.0,,,2.0,4.0,,,1.0,,4.0,,,,,,,,,,,,1.0,1.0,1.0,1.0,1.0,1.0,6,3,4,3,3,5,6,5,3,2.0,55.0,50.0,52.0,60.0,62.0,58.0,65.0,54.0,40.0,42.0,2.0,2.0,2.0,1.0,1.0,1.0,1.0,1.0,2.0,2.0,1.0,1.0,2.0,1.0,1.0,2.0,2.0,2.0,2.0,1.0,1.0,2.0,2.0,1.0,2.0,2.0,1.0,2.0,1.0,2.0,1.0,2.0,1.0,2.0,2.0,1.0,2.0,2.0,2.0,1.0
457,4,4,4,2,3,4,4,2,2,2,70.0,,2.0,,,,,5.0,4.0,2.0,6.0,,1.0,54.0,,,2.0,,,,,,,2.0,4.0,5.0,15.0,,1.0,,,3.0,,1.0,,,5.0,1.0,1.0,1.0,1.0,1.0,1.0,1.0,1.0,1.0,1.0,,,,,,,6,3,2,3,3,5,6,6,4,2.0,65.0,60.0,60.0,40.0,50.0,60.0,60.0,40.0,40.0,40.0,1.0,1.0,2.0,1.0,1.0,1.0,1.0,1.0,1.0,1.0,1.0,1.0,1.0,1.0,1.0,1.0,2.0,1.0,1.0,1.0,1.0,1.0,1.0,1.0,1.0,1.0,1.0,1.0,1.0,1.0,1.0,1.0,1.0,2.0,1.0,1.0,1.0,1.0,2.0,1.0
524,5,5,5,5,5,5,5,5,1,1,,30.0,,1.0,,,,3.0,5.0,2.0,6.0,,,,2.0,1.0,,1.0,5.0,6.0,,,,,,,,0.0,,2.0,,9.0,,1.0,,6.0,,1.0,1.0,1.0,1.0,1.0,1.0,1.0,1.0,1.0,1.0,,,,,,,6,3,4,4,3,5,6,6,4,2.0,60.0,55.0,60.0,65.0,70.0,60.0,75.0,65.0,30.0,25.0,2.0,2.0,2.0,2.0,2.0,2.0,2.0,2.0,2.0,1.0,1.0,2.0,2.0,2.0,2.0,1.0,1.0,2.0,2.0,2.0,2.0,1.0,1.0,1.0,1.0,1.0,1.0,1.0,2.0,1.0,2.0,2.0,2.0,1.0,1.0,1.0,2.0,2.0,2.0,2.0
338,4,4,4,4,4,4,5,4,2,2,70.0,,,2.0,,,,3.0,5.0,2.0,6.0,,1.0,30.0,,,2.0,,,,3.0,4.0,5.0,,,,18.0,,1.0,,,,3.0,,1.0,4.0,,,,,,,,,,,,1.0,1.0,1.0,1.0,1.0,1.0,6,3,4,4,2,5,6,6,3,2.0,60.0,55.0,58.0,65.0,68.0,60.0,70.0,62.0,40.0,45.0,1.0,1.0,2.0,2.0,2.0,1.0,2.0,1.0,2.0,2.0,2.0,2.0,1.0,2.0,1.0,2.0,2.0,2.0,1.0,2.0,1.0,2.0,1.0,2.0,1.0,2.0,1.0,1.0,2.0,1.0,2.0,1.0,1.0,2.0,1.0,1.0,1.0,1.0,1.0,2.0
8,5,5,5,5,5,5,5,5,1,2,70.0,,5.0,,,,,4.0,5.0,3.0,6.0,,1.0,54.0,,1.0,,2.0,5.0,6.0,,,,,,,,15.0,1.0,,,,3.0,,1.0,5.0,,,,,,,,,,,,1.0,1.0,1.0,1.0,1.0,1.0,6,3,4,4,2,5,6,6,3,2.0,60.0,55.0,58.0,65.0,68.0,62.0,70.0,60.0,40.0,45.0,2.0,1.0,1.0,1.0,1.0,2.0,2.0,1.0,1.0,2.0,2.0,2.0,2.0,2.0,1.0,1.0,2.0,2.0,2.0,1.0,2.0,2.0,2.0,1.0,1.0,1.0,1.0,2.0,2.0,2.0,2.0,1.0,1.0,2.0,2.0,1.0,1.0,2.0,1.0,2.0
422,2,2,2,2,2,2,4,2,4,2,70.0,,,2.0,,,,3.0,4.0,2.0,,6.0,1.0,30.0,,1.0,,,,,,,,2.0,4.0,4.0,,15.0,1.0,,,,2.0,,1.0,4.0,,1.0,1.0,1.0,1.0,1.0,1.0,1.0,1.0,1.0,1.0,,,,,,,6,3,4,3,3,5,6,5,3,2.0,40.0,35.0,38.0,45.0,50.0,35.0,60.0,40.0,55.0,35.0,2.0,1.0,2.0,1.0,2.0,2.0,1.0,2.0,1.0,1.0,1.0,2.0,2.0,2.0,2.0,2.0,2.0,1.0,2.0,2.0,2.0,1.0,1.0,2.0,2.0,1.0,2.0,2.0,1.0,1.0,2.0,2.0,2.0,2.0,1.0,1.0,1.0,1.0,2.0,2.0
551,4,4,4,4,4,4,4,4,2,2,70.0,,4.0,,,,,3.0,4.0,2.0,6.0,,,,2.0,,2.0,3.0,4.0,5.0,,,,,,,,18.0,1.0,,4.0,,,,1.0,,4.0,1.0,1.0,1.0,1.0,1.0,1.0,1.0,1.0,1.0,1.0,,,,,,,6,4,5,4,3,5,6,5,3,2.0,55.0,60.0,58.0,62.0,65.0,60.0,70.0,55.0,40.0,45.0,1.0,1.0,1.0,2.0,1.0,2.0,2.0,2.0,1.0,2.0,1.0,1.0,1.0,2.0,2.0,1.0,2.0,1.0,2.0,1.0,2.0,1.0,1.0,1.0,1.0,1.0,1.0,2.0,1.0,1.0,2.0,2.0,1.0,2.0,1.0,1.0,1.0,2.0,1.0,1.0
918,2,3,3,2,3,3,3,2,4,4,40.0,,2.0,,5.0,4.0,2.0,,,,,6.0,,,1.0,1.0,,3.0,4.0,5.0,,,,,,,,15.0,,1.0,,,2.0,1.0,,,5.0,,,,,,,,,,,1.0,1.0,1.0,1.0,1.0,1.0,6,3,2,3,3,5,6,6,3,2.0,40.0,50.0,50.0,35.0,45.0,50.0,50.0,40.0,55.0,55.0,2.0,2.0,1.0,1.0,2.0,1.0,2.0,1.0,1.0,1.0,1.0,1.0,1.0,1.0,1.0,2.0,2.0,1.0,1.0,1.0,2.0,1.0,1.0,1.0,1.0,2.0,1.0,2.0,2.0,1.0,1.0,1.0,2.0,1.0,1.0,1.0,2.0,1.0,1.0,2.0
590,5,5,5,5,5,5,5,5,2,2,,30.0,5.0,,,,,5.0,4.0,2.0,,6.0,,,1.0,,2.0,,,,,,,3.0,5.0,5.0,15.0,,1.0,,,,3.0,1.0,,,5.0,,,,,,,,,,,1.0,1.0,1.0,1.0,1.0,1.0,7,3,2,3,2,6,7,6,4,2.0,75.0,75.0,80.0,80.0,80.0,85.0,85.0,75.0,40.0,40.0,1.0,2.0,1.0,2.0,1.0,1.0,1.0,2.0,2.0,2.0,1.0,1.0,2.0,1.0,1.0,1.0,2.0,1.0,2.0,1.0,1.0,1.0,1.0,1.0,1.0,2.0,1.0,2.0,1.0,1.0,1.0,1.0,1.0,1.0,1.0,1.0,1.0,1.0,1.0,1.0
605,5,5,5,5,5,5,5,5,2,2,70.0,,5.0,,5.0,4.0,2.0,,,,6.0,,,,1.0,1.0,,3.0,5.0,5.0,,,,,,,,15.0,,1.0,4.0,,,1.0,,,5.0,,,,,,,,,,,1.0,1.0,1.0,1.0,1.0,1.0,7,3,2,3,3,5,6,6,4,2.0,85.0,80.0,85.0,90.0,85.0,90.0,85.0,80.0,30.0,30.0,1.0,2.0,1.0,2.0,1.0,2.0,1.0,1.0,2.0,2.0,1.0,1.0,1.0,1.0,2.0,1.0,1.0,2.0,2.0,1.0,1.0,2.0,1.0,1.0,1.0,2.0,1.0,1.0,1.0,1.0,1.0,2.0,1.0,2.0,2.0,2.0,1.0,1.0,1.0,1.0
776,5,5,5,5,5,5,5,5,1,2,,30.0,5.0,,5.0,4.0,2.0,,,,,6.0,1.0,54.0,,1.0,,,,,2.0,5.0,5.0,,,,,12.0,1.0,,,,3.0,,1.0,,5.0,1.0,1.0,1.0,1.0,1.0,1.0,1.0,1.0,1.0,1.0,,,,,,,6,3,3,3,3,5,6,6,4,2.0,80.0,80.0,85.0,85.0,85.0,85.0,85.0,80.0,20.0,30.0,1.0,1.0,1.0,1.0,1.0,2.0,1.0,2.0,1.0,2.0,1.0,1.0,1.0,1.0,1.0,2.0,2.0,1.0,1.0,1.0,1.0,1.0,2.0,1.0,1.0,1.0,1.0,1.0,1.0,1.0,1.0,1.0,1.0,1.0,1.0,1.0,1.0,1.0,1.0,1.0
786,5,5,5,5,5,5,5,5,2,2,,30.0,,2.0,,,,5.0,4.0,2.0,,6.0,,,1.0,,2.0,3.0,5.0,5.0,,,,,,,15.0,,1.0,,4.0,,,1.0,,,5.0,1.0,1.0,1.0,1.0,1.0,1.0,1.0,1.0,1.0,1.0,,,,,,,6,3,3,3,3,5,6,6,4,2.0,75.0,75.0,80.0,80.0,80.0,85.0,85.0,75.0,40.0,40.0,1.0,1.0,1.0,2.0,1.0,2.0,2.0,1.0,1.0,2.0,1.0,1.0,1.0,1.0,2.0,1.0,1.0,1.0,2.0,1.0,1.0,1.0,2.0,1.0,1.0,1.0,2.0,1.0,1.0,1.0,1.0,2.0,1.0,1.0,1.0,1.0,1.0,1.0,1.0,1.0
413,4,4,4,4,4,4,5,4,2,2,,30.0,3.0,,3.0,4.0,5.0,,,,5.0,,1.0,40.0,,,2.0,,,,2.0,4.0,5.0,,,,18.0,,,2.0,,6.0,,1.0,,,4.0,1.0,1.0,1.0,1.0,1.0,1.0,1.0,1.0,1.0,1.0,,,,,,,6,3,4,3,3,5,6,5,3,2.0,60.0,55.0,60.0,65.0,65.0,60.0,70.0,60.0,40.0,40.0,2.0,2.0,1.0,1.0,2.0,1.0,1.0,2.0,1.0,2.0,1.0,2.0,1.0,1.0,1.0,1.0,1.0,1.0,2.0,2.0,2.0,2.0,1.0,1.0,2.0,1.0,2.0,1.0,1.0,1.0,1.0,1.0,1.0,1.0,1.0,1.0,1.0,1.0,1.0,2.0
560,3,4,4,4,4,4,4,3,2,2,70.0,,,2.0,,,,3.0,4.0,3.0,6.0,,1.0,54.0,,1.0,,3.0,4.0,5.0,,,,,,,,15.0,1.0,,5.0,,,,1.0,,4.0,1.0,1.0,1.0,1.0,1.0,1.0,1.0,1.0,1.0,1.0,,,,,,,6,3,4,4,3,5,6,6,3,2.0,50.0,55.0,60.0,65.0,65.0,60.0,70.0,55.0,40.0,40.0,2.0,1.0,2.0,1.0,1.0,2.0,1.0,2.0,1.0,1.0,1.0,2.0,2.0,1.0,2.0,1.0,1.0,2.0,1.0,2.0,2.0,1.0,1.0,1.0,2.0,2.0,1.0,1.0,1.0,1.0,2.0,1.0,2.0,1.0,1.0,1.0,1.0,2.0,1.0,1.0
929,2,2,2,2,2,2,3,2,4,4,70.0,,2.0,,3.0,4.0,5.0,,,,,5.0,1.0,54.0,,1.0,,2.0,3.0,4.0,,,,,,,15.0,,1.0,,,6.0,,1.0,,3.0,,1.0,1.0,1.0,1.0,1.0,1.0,1.0,1.0,1.0,1.0,,,,,,,6,3,4,3,3,5,6,5,3,2.0,55.0,50.0,50.0,60.0,60.0,55.0,65.0,55.0,45.0,40.0,1.0,2.0,1.0,1.0,1.0,2.0,1.0,1.0,2.0,2.0,1.0,2.0,1.0,1.0,2.0,1.0,1.0,1.0,2.0,2.0,1.0,2.0,2.0,2.0,1.0,2.0,2.0,2.0,1.0,2.0,1.0,2.0,1.0,1.0,1.0,1.0,2.0,2.0,2.0,2.0
634,5,5,5,5,5,5,5,5,1,2,,30.0,4.0,,,,,3.0,5.0,2.0,,5.0,1.0,40.0,,,2.0,,,,,,,2.0,5.0,6.0,20.0,,,2.0,,9.0,,1.0,,5.0,,,,,,,,,,,,1.0,1.0,1.0,1.0,1.0,1.0,6,3,4,3,3,5,6,6,3,2.0,60.0,55.0,60.0,65.0,65.0,60.0,70.0,60.0,40.0,35.0,2.0,2.0,2.0,2.0,2.0,2.0,1.0,2.0,2.0,2.0,2.0,2.0,1.0,2.0,1.0,2.0,2.0,2.0,2.0,2.0,2.0,1.0,2.0,2.0,2.0,1.0,2.0,2.0,2.0,2.0,2.0,2.0,2.0,2.0,2.0,2.0,2.0,2.0,2.0,2.0
747,4,4,4,5,5,5,5,4,2,2,70.0,,,2.0,,,,3.0,5.0,2.0,6.0,,,,2.0,1.0,,2.0,4.0,5.0,,,,,,,18.0,,1.0,,,5.0,,1.0,,,5.0,1.0,1.0,1.0,1.0,1.0,1.0,1.0,1.0,1.0,1.0,,,,,,,6,3,4,3,3,5,6,5,3,2.0,55.0,50.0,52.0,60.0,62.0,58.0,65.0,54.0,40.0,38.0,2.0,1.0,1.0,1.0,2.0,1.0,2.0,2.0,1.0,2.0,1.0,2.0,2.0,1.0,2.0,1.0,1.0,2.0,2.0,1.0,1.0,1.0,1.0,1.0,1.0,1.0,2.0,1.0,1.0,2.0,1.0,2.0,1.0,2.0,2.0,2.0,2.0,1.0,1.0,1.0
641,4,4,4,3,3,4,4,3,2,2,,30.0,5.0,,5.0,4.0,2.0,,,,6.0,,1.0,54.0,,1.0,,3.0,5.0,5.0,,,,,,,15.0,,,1.0,4.0,,,,1.0,,5.0,1.0,1.0,1.0,1.0,1.0,1.0,1.0,1.0,1.0,1.0,,,,,,,6,3,3,3,3,5,6,6,4,2.0,65.0,60.0,60.0,50.0,50.0,60.0,60.0,50.0,40.0,40.0,1.0,2.0,2.0,2.0,1.0,1.0,1.0,1.0,2.0,2.0,1.0,2.0,1.0,1.0,2.0,2.0,1.0,1.0,2.0,1.0,1.0,1.0,1.0,1.0,1.0,1.0,2.0,1.0,1.0,1.0,1.0,1.0,2.0,2.0,2.0,2.0,1.0,1.0,1.0,1.0
732,5,5,5,5,5,5,5,5,1,2,,30.0,,2.0,,,,3.0,4.0,3.0,,6.0,,,2.0,1.0,,,,,4.0,5.0,6.0,,,,,18.0,,2.0,,7.0,,,1.0,,5.0,1.0,1.0,1.0,1.0,1.0,1.0,1.0,1.0,1.0,1.0,,,,,,,6,3,4,3,3,5,6,5,3,2.0,60.0,55.0,58.0,65.0,68.0,62.0,70.0,60.0,40.0,45.0,2.0,1.0,1.0,2.0,1.0,1.0,2.0,1.0,1.0,2.0,2.0,2.0,2.0,2.0,2.0,2.0,1.0,1.0,1.0,2.0,1.0,1.0,2.0,2.0,2.0,2.0,1.0,2.0,2.0,1.0,2.0,2.0,2.0,1.0,1.0,2.0,1.0,2.0,2.0,1.0
78,2,3,3,2,3,3,3,2,2,2,,30.0,,2.0,5.0,4.0,2.0,,,,,6.0,,,1.0,,2.0,,,,,,,2.0,4.0,5.0,,15.0,,1.0,,,3.0,,1.0,5.0,,1.0,1.0,1.0,1.0,1.0,1.0,1.0,1.0,1.0,1.0,,,,,,,6,3,3,3,3,5,6,6,3,2.0,30.0,40.0,40.0,25.0,35.0,40.0,40.0,25.0,25.0,25.0,2.0,2.0,2.0,1.0,1.0,2.0,2.0,2.0,2.0,2.0,2.0,2.0,1.0,1.0,1.0,1.0,2.0,1.0,2.0,2.0,2.0,2.0,2.0,1.0,2.0,2.0,1.0,1.0,1.0,1.0,1.0,1.0,2.0,1.0,1.0,1.0,1.0,2.0,1.0,1.0
466,5,5,5,5,5,5,5,5,1,2,70.0,,,2.0,,,,3.0,5.0,2.0,6.0,,1.0,54.0,,1.0,,,,,4.0,5.0,6.0,,,,18.0,,,2.0,,6.0,,1.0,,5.0,,1.0,1.0,1.0,1.0,1.0,1.0,1.0,1.0,1.0,1.0,,,,,,,6,3,5,4,3,5,6,6,4,2.0,60.0,55.0,58.0,65.0,68.0,62.0,70.0,60.0,40.0,45.0,1.0,2.0,2.0,1.0,2.0,1.0,2.0,2.0,1.0,2.0,2.0,1.0,1.0,1.0,1.0,1.0,2.0,2.0,2.0,2.0,2.0,1.0,2.0,2.0,1.0,2.0,2.0,2.0,2.0,1.0,1.0,1.0,2.0,2.0,1.0,1.0,1.0,2.0,2.0,1.0
515,5,5,5,4,4,5,5,5,2,2,,30.0,5.0,,,,,5.0,4.0,2.0,6.0,,,,1.0,1.0,,,,,,,,2.0,5.0,5.0,15.0,,,1.0,4.0,,,1.0,,5.0,,1.0,1.0,1.0,1.0,1.0,1.0,1.0,1.0,1.0,1.0,,,,,,,6,3,3,3,3,5,6,6,4,2.0,70.0,65.0,65.0,50.0,50.0,65.0,65.0,65.0,30.0,30.0,1.0,1.0,1.0,2.0,2.0,1.0,2.0,1.0,1.0,1.0,1.0,1.0,1.0,1.0,2.0,1.0,1.0,2.0,1.0,1.0,1.0,1.0,1.0,1.0,1.0,1.0,1.0,2.0,1.0,1.0,1.0,1.0,1.0,1.0,1.0,1.0,1.0,1.0,2.0,1.0
680,5,5,5,5,5,5,5,5,1,2,,30.0,,1.0,3.0,4.0,6.0,,,,6.0,,,,2.0,1.0,,,,,,,,4.0,5.0,6.0,,18.0,,2.0,4.0,,,1.0,,,5.0,1.0,1.0,1.0,1.0,1.0,1.0,1.0,1.0,1.0,1.0,,,,,,,6,3,4,3,3,5,6,5,4,2.0,62.0,60.0,58.0,65.0,68.0,60.0,70.0,55.0,40.0,38.0,2.0,1.0,1.0,2.0,2.0,1.0,2.0,2.0,1.0,2.0,2.0,1.0,2.0,1.0,1.0,2.0,1.0,2.0,1.0,2.0,2.0,2.0,1.0,1.0,1.0,2.0,1.0,1.0,2.0,1.0,1.0,1.0,2.0,1.0,2.0,1.0,1.0,2.0,2.0,1.0
309,4,4,4,4,4,4,5,4,2,2,,30.0,,2.0,3.0,4.0,5.0,,,,6.0,,1.0,54.0,,1.0,,,,,3.0,4.0,5.0,,,,16.0,,1.0,,,,3.0,1.0,,,4.0,1.0,1.0,1.0,1.0,1.0,1.0,1.0,1.0,1.0,1.0,,,,,,,6,3,4,3,3,5,6,5,3,2.0,55.0,50.0,52.0,60.0,62.0,58.0,65.0,54.0,40.0,38.0,1.0,2.0,1.0,1.0,1.0,2.0,1.0,1.0,2.0,1.0,2.0,1.0,1.0,2.0,1.0,1.0,2.0,1.0,2.0,2.0,1.0,2.0,2.0,2.0,1.0,2.0,1.0,1.0,2.0,2.0,1.0,1.0,2.0,2.0,2.0,2.0,1.0,1.0,2.0,2.0
738,5,5,5,5,5,5,5,5,1,2,,30.0,,1.0,,,,3.0,4.0,2.0,6.0,,,,2.0,,2.0,,,,,,,4.0,5.0,6.0,20.0,,1.0,,4.0,,,1.0,,5.0,,1.0,1.0,1.0,1.0,1.0,1.0,1.0,1.0,1.0,1.0,,,,,,,6,3,4,4,3,5,6,6,4,2.0,60.0,55.0,60.0,65.0,70.0,60.0,75.0,65.0,40.0,45.0,2.0,2.0,1.0,2.0,1.0,1.0,1.0,1.0,2.0,2.0,2.0,2.0,2.0,1.0,2.0,1.0,2.0,1.0,2.0,1.0,1.0,2.0,2.0,1.0,2.0,2.0,2.0,2.0,1.0,1.0,2.0,1.0,1.0,2.0,1.0,2.0,1.0,1.0,2.0,1.0
124,5,5,5,5,5,5,5,5,2,2,70.0,,5.0,,5.0,4.0,2.0,,,,,6.0,,,1.0,,2.0,3.0,5.0,5.0,,,,,,,15.0,,1.0,,4.0,,,,1.0,,5.0,,,,,,,,,,,1.0,1.0,1.0,1.0,1.0,1.0,6,3,2,3,3,5,6,6,4,2.0,80.0,75.0,80.0,75.0,75.0,80.0,80.0,70.0,40.0,40.0,2.0,2.0,1.0,1.0,1.0,1.0,1.0,1.0,1.0,1.0,1.0,1.0,1.0,2.0,2.0,1.0,2.0,1.0,1.0,1.0,1.0,1.0,1.0,1.0,1.0,1.0,1.0,1.0,2.0,1.0,1.0,1.0,1.0,1.0,2.0,1.0,1.0,1.0,1.0,1.0
956,5,5,5,5,5,5,5,5,2,2,,30.0,,2.0,,,,,,,,6.0,1.0,54.0,,1.0,,,,,2.0,5.0,5.0,,,,15.0,,,1.0,,4.0,,,1.0,,5.0,,,,,,,,,,,1.0,1.0,1.0,1.0,1.0,1.0,6,3,2,3,3,5,6,6,3,2.0,75.0,70.0,80.0,85.0,80.0,85.0,80.0,75.0,40.0,40.0,1.0,1.0,1.0,1.0,1.0,1.0,1.0,1.0,2.0,2.0,1.0,1.0,1.0,1.0,1.0,1.0,1.0,1.0,1.0,1.0,1.0,1.0,1.0,1.0,1.0,1.0,1.0,2.0,1.0,1.0,1.0,1.0,1.0,1.0,1.0,1.0,1.0,1.0,1.0,1.0
825,2,3,3,2,3,3,4,2,2,3,,30.0,,2.0,5.0,4.0,2.0,,,,,6.0,1.0,54.0,,,2.0,,,,2.0,5.0,5.0,,,,15.0,,,1.0,4.0,,,1.0,,5.0,,,,,,,,,,,,1.0,1.0,1.0,1.0,1.0,1.0,6,3,2,3,3,5,6,5,4,2.0,40.0,50.0,50.0,30.0,40.0,50.0,60.0,30.0,30.0,40.0,2.0,2.0,2.0,1.0,1.0,1.0,1.0,2.0,2.0,1.0,2.0,2.0,1.0,1.0,2.0,2.0,1.0,2.0,2.0,1.0,1.0,1.0,2.0,1.0,1.0,1.0,1.0,2.0,1.0,2.0,2.0,1.0,2.0,1.0,1.0,1.0,2.0,2.0,2.0,2.0
270,4,4,4,4,4,4,4,4,2,2,70.0,,,2.0,,,,3.0,5.0,4.0,6.0,,,,2.0,,2.0,,,,,,,3.0,4.0,5.0,18.0,,,2.0,4.0,,,,1.0,,4.0,,,,,,,,,,,1.0,1.0,1.0,1.0,1.0,1.0,6,3,5,4,3,5,6,6,3,2.0,60.0,55.0,58.0,65.0,68.0,62.0,70.0,60.0,40.0,45.0,1.0,2.0,1.0,1.0,1.0,2.0,1.0,1.0,2.0,2.0,2.0,2.0,2.0,2.0,1.0,2.0,1.0,1.0,1.0,2.0,2.0,1.0,2.0,1.0,1.0,1.0,1.0,1.0,1.0,1.0,1.0,1.0,1.0,1.0,2.0,2.0,1.0,1.0,1.0,1.0
303,5,5,5,5,5,5,5,5,1,2,70.0,,4.0,,,,,3.0,5.0,2.0,6.0,,,,2.0,1.0,,2.0,5.0,6.0,,,,,,,20.0,,1.0,,,6.0,,1.0,,,5.0,,,,,,,,,,,1.0,1.0,1.0,1.0,1.0,1.0,6,3,4,3,3,5,6,5,3,2.0,60.0,55.0,60.0,65.0,70.0,65.0,75.0,60.0,40.0,35.0,2.0,1.0,1.0,2.0,1.0,1.0,2.0,1.0,2.0,2.0,1.0,2.0,2.0,1.0,1.0,2.0,1.0,1.0,2.0,1.0,1.0,2.0,1.0,1.0,2.0,1.0,1.0,2.0,1.0,2.0,1.0,1.0,1.0,1.0,1.0,1.0,1.0,2.0,2.0,1.0
997,4,4,4,2,4,5,5,4,2,2,70.0,,2.0,,,,,5.0,4.0,2.0,6.0,,1.0,54.0,,,2.0,3.0,4.0,5.0,,,,,,,,12.0,,1.0,,,2.0,1.0,,5.0,,,,,,,,,,,,1.0,1.0,1.0,1.0,1.0,1.0,7,3,3,3,3,5,6,6,4,2.0,65.0,60.0,60.0,40.0,60.0,75.0,75.0,60.0,40.0,40.0,2.0,1.0,1.0,2.0,2.0,2.0,1.0,1.0,1.0,1.0,1.0,1.0,2.0,1.0,1.0,2.0,2.0,1.0,1.0,1.0,1.0,1.0,2.0,2.0,1.0,1.0,2.0,1.0,1.0,1.0,1.0,1.0,2.0,1.0,1.0,1.0,2.0,2.0,2.0,1.0
72,4,4,4,4,4,4,4,4,2,2,70.0,,,2.0,3.0,4.0,5.0,,,,6.0,,1.0,40.0,,1.0,,,,,,,,3.0,4.0,4.0,18.0,,1.0,,,,3.0,1.0,,4.0,,1.0,1.0,1.0,1.0,1.0,1.0,1.0,1.0,1.0,1.0,,,,,,,6,3,4,4,2,5,6,5,3,2.0,55.0,50.0,52.0,60.0,62.0,58.0,65.0,54.0,40.0,38.0,1.0,1.0,2.0,2.0,1.0,2.0,1.0,2.0,1.0,2.0,1.0,2.0,1.0,1.0,2.0,1.0,2.0,1.0,1.0,2.0,1.0,2.0,1.0,2.0,1.0,1.0,1.0,2.0,2.0,1.0,1.0,2.0,1.0,2.0,1.0,2.0,2.0,2.0,1.0,2.0
205,3,3,3,4,4,4,4,4,2,2,,30.0,,2.0,,,,3.0,4.0,2.0,6.0,,1.0,54.0,,,2.0,2.0,4.0,5.0,,,,,,,15.0,,1.0,,,,2.0,,1.0,,4.0,,,,,,,,,,,1.0,1.0,1.0,1.0,1.0,1.0,6,3,5,4,3,5,6,5,3,2.0,55.0,50.0,50.0,60.0,65.0,60.0,70.0,60.0,40.0,40.0,2.0,2.0,1.0,1.0,1.0,1.0,1.0,1.0,1.0,1.0,2.0,1.0,2.0,1.0,1.0,1.0,2.0,2.0,2.0,2.0,2.0,2.0,1.0,1.0,1.0,1.0,1.0,2.0,1.0,1.0,1.0,2.0,1.0,1.0,1.0,1.0,2.0,2.0,2.0,2.0
376,5,5,5,5,5,5,5,5,2,3,70.0,,5.0,,,,,5.0,4.0,2.0,6.0,,,,1.0,,2.0,3.0,5.0,5.0,,,,,,,,15.0,1.0,,,,3.0,1.0,,5.0,,,,,,,,,,,,1.0,1.0,1.0,1.0,1.0,1.0,6,3,3,3,3,5,6,6,3,2.0,75.0,75.0,80.0,80.0,75.0,80.0,80.0,70.0,40.0,50.0,2.0,1.0,2.0,1.0,1.0,1.0,2.0,2.0,1.0,1.0,2.0,1.0,1.0,1.0,1.0,1.0,1.0,1.0,1.0,2.0,2.0,1.0,2.0,1.0,1.0,1.0,1.0,1.0,1.0,1.0,1.0,1.0,1.0,1.0,2.0,1.0,1.0,1.0,1.0,2.0
190,2,2,2,2,2,2,4,2,4,4,70.0,,,2.0,,,,3.0,4.0,2.0,,5.0,1.0,54.0,,1.0,,,,,4.0,4.0,5.0,,,,,18.0,1.0,,4.0,,,,1.0,4.0,,,,,,,,,,,,1.0,1.0,1.0,1.0,1.0,1.0,6,3,4,3,2,5,6,5,3,2.0,45.0,40.0,40.0,50.0,55.0,45.0,60.0,40.0,35.0,35.0,2.0,2.0,1.0,2.0,1.0,1.0,1.0,1.0,2.0,2.0,1.0,2.0,1.0,1.0,1.0,1.0,1.0,2.0,2.0,2.0,1.0,1.0,1.0,2.0,1.0,1.0,1.0,2.0,1.0,1.0,1.0,2.0,1.0,1.0,2.0,1.0,1.0,2.0,1.0,2.0
419,5,5,5,5,5,5,5,5,1,2,70.0,,5.0,,,,,3.0,5.0,2.0,6.0,,,,2.0,,2.0,,,,,,,3.0,5.0,6.0,,18.0,,2.0,5.0,,,1.0,,5.0,,,,,,,,,,,,1.0,1.0,1.0,1.0,1.0,1.0,6,3,4,4,2,5,6,6,4,2.0,60.0,55.0,50.0,65.0,60.0,60.0,70.0,55.0,40.0,45.0,1.0,1.0,2.0,2.0,1.0,1.0,2.0,2.0,2.0,2.0,1.0,1.0,1.0,2.0,1.0,1.0,1.0,1.0,2.0,1.0,1.0,2.0,2.0,2.0,1.0,2.0,1.0,1.0,2.0,2.0,1.0,2.0,1.0,1.0,1.0,1.0,2.0,1.0,1.0,2.0
891,2,3,2,2,3,2,4,2,4,4,,30.0,,2.0,,,,3.0,4.0,2.0,6.0,,,,2.0,,2.0,,,,2.0,4.0,5.0,,,,,0.0,1.0,,,6.0,,1.0,,4.0,,,,,,,,,,,,1.0,1.0,1.0,1.0,1.0,1.0,6,3,4,4,3,5,6,6,3,2.0,45.0,40.0,42.0,50.0,55.0,48.0,60.0,40.0,50.0,52.0,2.0,2.0,1.0,1.0,2.0,1.0,2.0,1.0,2.0,1.0,1.0,2.0,1.0,1.0,2.0,1.0,2.0,1.0,1.0,2.0,1.0,2.0,1.0,2.0,1.0,2.0,1.0,2.0,2.0,1.0,2.0,1.0,1.0,2.0,1.0,1.0,1.0,1.0,2.0,1.0
151,2,3,2,2,3,2,4,2,4,3,,30.0,,2.0,,,,3.0,4.0,2.0,6.0,,1.0,54.0,,1.0,,2.0,3.0,4.0,,,,,,,,15.0,1.0,,4.0,,,,1.0,,4.0,1.0,1.0,1.0,1.0,1.0,1.0,1.0,1.0,1.0,1.0,,,,,,,6,3,4,4,3,5,6,5,3,2.0,45.0,40.0,42.0,50.0,55.0,48.0,60.0,44.0,52.0,46.0,2.0,1.0,2.0,2.0,1.0,1.0,1.0,1.0,2.0,2.0,1.0,2.0,2.0,1.0,1.0,1.0,2.0,1.0,1.0,1.0,2.0,2.0,2.0,1.0,1.0,2.0,1.0,1.0,2.0,1.0,2.0,1.0,2.0,1.0,2.0,1.0,2.0,1.0,1.0,1.0
923,5,5,5,5,5,5,5,5,1,2,,30.0,4.0,,3.0,4.0,6.0,,,,,6.0,,,2.0,,2.0,,,,3.0,4.0,5.0,,,,,18.0,1.0,,,6.0,,,1.0,,5.0,,,,,,,,,,,1.0,1.0,1.0,1.0,1.0,1.0,6,3,4,3,2,5,6,5,3,2.0,55.0,50.0,52.0,60.0,62.0,58.0,65.0,54.0,40.0,45.0,2.0,2.0,1.0,2.0,1.0,2.0,1.0,2.0,1.0,2.0,2.0,2.0,1.0,2.0,2.0,2.0,1.0,1.0,2.0,1.0,2.0,2.0,2.0,1.0,2.0,1.0,2.0,2.0,1.0,2.0,2.0,1.0,1.0,2.0,2.0,2.0,2.0,1.0,1.0,2.0
850,5,5,5,5,5,5,5,5,2,2,40.0,,5.0,,,,,5.0,4.0,2.0,,6.0,1.0,54.0,,1.0,,,,,2.0,5.0,5.0,,,,,12.0,1.0,,,4.0,,1.0,,,5.0,1.0,1.0,1.0,1.0,1.0,1.0,1.0,1.0,1.0,1.0,,,,,,,6,3,3,3,3,5,6,6,4,2.0,75.0,70.0,75.0,80.0,75.0,80.0,75.0,70.0,40.0,40.0,1.0,2.0,1.0,2.0,2.0,1.0,1.0,1.0,2.0,1.0,1.0,1.0,1.0,1.0,1.0,1.0,1.0,1.0,1.0,2.0,1.0,1.0,1.0,1.0,1.0,1.0,1.0,2.0,1.0,2.0,1.0,1.0,1.0,1.0,1.0,1.0,1.0,1.0,2.0,1.0
233,5,4,4,5,5,5,5,4,1,2,,30.0,4.0,,,,,3.0,5.0,2.0,,6.0,,,2.0,,2.0,,,,4.0,4.0,5.0,,,,,15.0,,2.0,,6.0,,1.0,,,5.0,,,,,,,,,,,1.0,1.0,1.0,1.0,1.0,1.0,6,3,5,4,3,5,6,6,3,2.0,55.0,50.0,52.0,60.0,65.0,62.0,70.0,58.0,40.0,45.0,2.0,2.0,1.0,1.0,1.0,1.0,2.0,1.0,1.0,2.0,1.0,2.0,2.0,2.0,2.0,1.0,2.0,1.0,1.0,1.0,1.0,1.0,1.0,1.0,1.0,2.0,2.0,1.0,2.0,2.0,1.0,1.0,2.0,1.0,2.0,2.0,2.0,1.0,1.0,2.0
340,2,3,2,2,2,2,3,2,4,4,70.0,,2.0,,2.0,3.0,6.0,,,,,5.0,1.0,30.0,,,2.0,,,,,,,2.0,4.0,4.0,,15.0,,2.0,,,2.0,1.0,,,4.0,,,,,,,,,,,1.0,1.0,1.0,1.0,1.0,1.0,6,3,4,4,2,5,6,6,3,2.0,40.0,35.0,38.0,45.0,50.0,40.0,55.0,35.0,60.0,50.0,1.0,2.0,2.0,2.0,1.0,2.0,2.0,1.0,2.0,2.0,2.0,1.0,2.0,2.0,2.0,1.0,2.0,2.0,1.0,1.0,2.0,1.0,2.0,1.0,2.0,1.0,2.0,2.0,1.0,1.0,2.0,1.0,1.0,1.0,1.0,2.0,2.0,1.0,1.0,1.0
31,4,4,4,5,5,5,5,5,1,2,70.0,,,2.0,,,,4.0,5.0,3.0,6.0,,,,2.0,1.0,,,,,,,,3.0,4.0,5.0,,18.0,1.0,,4.0,,,1.0,,,5.0,,,,,,,,,,,1.0,1.0,1.0,1.0,1.0,1.0,6,3,4,4,2,5,6,6,3,2.0,55.0,50.0,52.0,60.0,62.0,58.0,65.0,54.0,40.0,42.0,2.0,1.0,1.0,2.0,2.0,1.0,2.0,2.0,2.0,1.0,1.0,2.0,1.0,1.0,1.0,1.0,2.0,1.0,2.0,2.0,1.0,2.0,1.0,2.0,2.0,2.0,1.0,2.0,1.0,1.0,2.0,1.0,2.0,1.0,1.0,2.0,1.0,2.0,2.0,1.0
5,3,3,3,3,4,3,4,3,2,2,,30.0,3.0,,,,,3.0,4.0,2.0,6.0,,1.0,40.0,,1.0,,,,,2.0,4.0,4.0,,,,,15.0,1.0,,,6.0,,1.0,,,4.0,,,,,,,,,,,1.0,1.0,1.0,1.0,1.0,1.0,6,3,4,4,2,5,6,6,3,2.0,45.0,40.0,40.0,50.0,55.0,50.0,60.0,45.0,35.0,35.0,1.0,2.0,2.0,2.0,1.0,1.0,1.0,1.0,2.0,1.0,1.0,1.0,1.0,2.0,1.0,1.0,2.0,1.0,2.0,2.0,2.0,1.0,1.0,2.0,1.0,1.0,2.0,2.0,1.0,1.0,1.0,1.0,1.0,1.0,1.0,1.0,1.0,2.0,1.0,2.0
167,4,4,4,4,4,4,5,4,2,2,70.0,,3.0,,3.0,4.0,5.0,,,,6.0,,,,2.0,,2.0,2.0,4.0,5.0,,,,,,,18.0,,1.0,,4.0,,,1.0,,4.0,,1.0,1.0,1.0,1.0,1.0,1.0,1.0,1.0,1.0,1.0,,,,,,,6,3,4,3,3,5,6,5,3,2.0,60.0,55.0,58.0,65.0,68.0,62.0,70.0,60.0,40.0,45.0,2.0,1.0,2.0,2.0,1.0,1.0,1.0,1.0,2.0,1.0,1.0,1.0,1.0,1.0,1.0,1.0,1.0,1.0,1.0,2.0,1.0,1.0,2.0,2.0,2.0,1.0,2.0,1.0,2.0,2.0,1.0,1.0,1.0,1.0,2.0,2.0,1.0,2.0,1.0,1.0
381,4,4,4,4,4,4,4,4,2,2,,30.0,3.0,,,,,3.0,4.0,2.0,,6.0,,,2.0,,2.0,,,,,,,3.0,4.0,5.0,,18.0,1.0,,,,3.0,1.0,,,4.0,,,,,,,,,,,1.0,1.0,1.0,1.0,1.0,1.0,6,3,4,4,2,5,6,6,3,2.0,55.0,50.0,52.0,60.0,62.0,58.0,65.0,54.0,40.0,38.0,1.0,2.0,1.0,1.0,2.0,2.0,2.0,1.0,2.0,2.0,1.0,2.0,2.0,2.0,1.0,1.0,1.0,1.0,2.0,2.0,2.0,1.0,2.0,2.0,1.0,2.0,1.0,1.0,1.0,2.0,2.0,2.0,1.0,1.0,2.0,2.0,1.0,1.0,1.0,2.0
608,4,4,4,4,4,4,5,4,2,2,,30.0,,2.0,3.0,4.0,5.0,,,,,6.0,1.0,54.0,,,2.0,,,,,,,3.0,4.0,5.0,16.0,,,2.0,,,3.0,1.0,,,4.0,1.0,1.0,1.0,1.0,1.0,1.0,1.0,1.0,1.0,1.0,,,,,,,6,3,4,3,3,5,6,5,3,2.0,55.0,50.0,52.0,60.0,62.0,58.0,70.0,54.0,40.0,38.0,2.0,2.0,1.0,1.0,2.0,1.0,1.0,2.0,1.0,1.0,2.0,1.0,1.0,1.0,1.0,2.0,1.0,1.0,2.0,2.0,1.0,1.0,2.0,1.0,1.0,1.0,1.0,2.0,1.0,1.0,2.0,1.0,1.0,2.0,1.0,2.0,1.0,2.0,2.0,1.0
915,5,5,5,5,5,5,5,5,1,2,70.0,,,1.0,,,,3.0,5.0,2.0,,6.0,1.0,54.0,,,2.0,1.0,4.0,5.0,,,,,,,,18.0,1.0,,,7.0,,1.0,,,5.0,,,,,,,,,,,1.0,1.0,1.0,1.0,1.0,1.0,6,3,4,4,2,5,6,6,3,2.0,60.0,55.0,60.0,65.0,70.0,60.0,75.0,65.0,40.0,35.0,1.0,2.0,2.0,2.0,1.0,1.0,2.0,2.0,1.0,2.0,1.0,2.0,2.0,1.0,1.0,2.0,1.0,2.0,2.0,2.0,1.0,1.0,2.0,1.0,1.0,2.0,2.0,1.0,2.0,2.0,1.0,2.0,1.0,1.0,2.0,1.0,2.0,1.0,2.0,2.0
866,5,5,5,5,5,5,5,5,1,1,,30.0,,2.0,5.0,4.0,2.0,,,,,6.0,1.0,54.0,,,2.0,,,,,,,2.0,5.0,5.0,,15.0,1.0,,,,3.0,1.0,,,5.0,1.0,1.0,1.0,1.0,1.0,1.0,1.0,1.0,1.0,1.0,,,,,,,6,3,3,3,3,5,6,6,4,2.0,75.0,75.0,80.0,80.0,80.0,85.0,85.0,70.0,25.0,25.0,2.0,2.0,1.0,1.0,1.0,2.0,1.0,2.0,1.0,1.0,2.0,1.0,1.0,1.0,1.0,1.0,2.0,1.0,1.0,1.0,1.0,1.0,1.0,1.0,2.0,1.0,1.0,1.0,2.0,2.0,2.0,2.0,1.0,1.0,1.0,1.0,1.0,1.0,1.0,1.0
287,2,3,3,1,2,3,3,2,1,2,70.0,,2.0,,,,,5.0,4.0,2.0,,6.0,,,1.0,1.0,,,,,,,,2.0,5.0,5.0,,10.0,1.0,,4.0,,,,1.0,,5.0,1.0,1.0,1.0,1.0,1.0,1.0,1.0,1.0,1.0,1.0,,,,,,,7,3,3,3,3,5,6,6,4,2.0,40.0,50.0,50.0,20.0,30.0,50.0,50.0,40.0,20.0,30.0,2.0,1.0,2.0,1.0,1.0,2.0,1.0,1.0,1.0,1.0,1.0,1.0,1.0,2.0,1.0,1.0,1.0,1.0,2.0,1.0,1.0,1.0,2.0,1.0,1.0,1.0,1.0,2.0,2.0,1.0,1.0,1.0,1.0,1.0,2.0,1.0,1.0,1.0,1.0,1.0
112,5,5,5,5,5,5,5,5,1,1,,30.0,5.0,,5.0,4.0,2.0,,,,,6.0,1.0,54.0,,,2.0,,,,2.0,5.0,5.0,,,,,15.0,1.0,,,,4.0,,1.0,,5.0,,,,,,,,,,,1.0,1.0,1.0,1.0,1.0,1.0,7,3,2,2,2,5,6,6,4,2.0,85.0,80.0,85.0,80.0,75.0,80.0,85.0,70.0,20.0,15.0,1.0,2.0,2.0,1.0,1.0,1.0,1.0,1.0,2.0,2.0,2.0,1.0,1.0,1.0,1.0,1.0,1.0,1.0,1.0,1.0,1.0,1.0,1.0,1.0,1.0,1.0,1.0,1.0,1.0,1.0,2.0,1.0,1.0,1.0,1.0,1.0,1.0,1.0,2.0,2.0
960,5,5,5,5,5,5,5,5,2,2,,30.0,5.0,,5.0,4.0,2.0,,,,,6.0,1.0,54.0,,,2.0,,,,,,,2.0,5.0,5.0,,15.0,,1.0,,3.0,,1.0,,5.0,,,,,,,,,,,,1.0,1.0,1.0,1.0,1.0,1.0,6,3,3,3,3,5,6,6,4,2.0,75.0,80.0,85.0,80.0,75.0,85.0,80.0,70.0,40.0,45.0,1.0,1.0,2.0,2.0,1.0,1.0,2.0,1.0,2.0,1.0,2.0,2.0,1.0,1.0,2.0,1.0,1.0,1.0,1.0,1.0,1.0,1.0,1.0,1.0,1.0,1.0,2.0,1.0,1.0,2.0,2.0,1.0,1.0,1.0,1.0,1.0,1.0,1.0,1.0,1.0
85,3,3,3,2,3,2,4,2,4,3,,30.0,,2.0,3.0,4.0,5.0,,,,,,1.0,54.0,,1.0,,,,,,,,2.0,4.0,5.0,20.0,,,2.0,,,2.0,1.0,,,4.0,1.0,1.0,1.0,1.0,1.0,1.0,1.0,1.0,1.0,1.0,,,,,,,6,3,5,4,3,5,6,5,3,2.0,50.0,45.0,45.0,40.0,50.0,40.0,60.0,40.0,55.0,45.0,1.0,1.0,1.0,2.0,1.0,1.0,1.0,1.0,1.0,1.0,1.0,1.0,1.0,1.0,1.0,2.0,2.0,1.0,1.0,1.0,2.0,1.0,2.0,2.0,1.0,2.0,1.0,1.0,2.0,2.0,1.0,1.0,2.0,2.0,2.0,1.0,1.0,1.0,1.0,2.0
813,2,3,3,1,2,3,3,2,1,2,70.0,,2.0,,5.0,4.0,2.0,,,,,6.0,,,1.0,,2.0,,,,,,,2.0,4.0,4.0,15.0,,,1.0,,,3.0,1.0,,,5.0,,,,,,,,,,,1.0,1.0,1.0,1.0,1.0,1.0,6,3,2,3,3,5,6,6,3,2.0,35.0,40.0,40.0,20.0,30.0,40.0,40.0,30.0,20.0,30.0,2.0,2.0,1.0,1.0,1.0,1.0,1.0,1.0,1.0,2.0,1.0,1.0,2.0,1.0,2.0,1.0,2.0,1.0,1.0,1.0,1.0,1.0,1.0,2.0,1.0,2.0,2.0,1.0,1.0,1.0,1.0,1.0,1.0,1.0,1.0,1.0,1.0,2.0,1.0,1.0
529,4,4,5,5,4,5,5,4,2,2,70.0,,2.0,,5.0,4.0,2.0,,,,,6.0,,,1.0,,2.0,3.0,5.0,5.0,,,,,,,15.0,,1.0,,,,3.0,,1.0,,5.0,1.0,1.0,1.0,1.0,1.0,1.0,1.0,1.0,1.0,1.0,,,,,,,7,3,3,3,3,5,6,6,4,2.0,70.0,65.0,75.0,80.0,70.0,80.0,75.0,65.0,40.0,40.0,1.0,1.0,1.0,1.0,1.0,2.0,1.0,2.0,1.0,1.0,1.0,1.0,1.0,1.0,1.0,1.0,1.0,1.0,1.0,1.0,1.0,1.0,1.0,1.0,1.0,1.0,1.0,1.0,1.0,1.0,1.0,1.0,1.0,1.0,2.0,1.0,1.0,1.0,1.0,1.0
246,2,2,2,2,2,2,4,2,4,4,,30.0,,2.0,3.0,4.0,5.0,,,,,5.0,,,2.0,1.0,,1.0,2.0,4.0,,,,,,,,20.0,,2.0,3.0,,,1.0,,,3.0,,,,,,,,,,,1.0,1.0,1.0,1.0,1.0,1.0,6,3,4,3,2,5,6,5,3,2.0,40.0,35.0,35.0,40.0,45.0,35.0,60.0,40.0,55.0,50.0,1.0,1.0,1.0,1.0,1.0,1.0,2.0,2.0,2.0,1.0,1.0,2.0,1.0,1.0,2.0,2.0,1.0,1.0,2.0,1.0,2.0,2.0,2.0,1.0,2.0,1.0,1.0,2.0,1.0,1.0,1.0,1.0,2.0,2.0,1.0,2.0,1.0,2.0,2.0,2.0
335,3,3,3,1,2,3,3,2,1,2,70.0,,2.0,,5.0,4.0,2.0,,,,6.0,,1.0,54.0,,1.0,,,,,,,,2.0,4.0,5.0,15.0,,,1.0,,3.0,,1.0,,,5.0,,,,,,,,,,,1.0,1.0,1.0,1.0,1.0,1.0,6,3,3,3,3,5,6,6,3,2.0,50.0,50.0,50.0,20.0,30.0,50.0,50.0,30.0,20.0,30.0,2.0,1.0,1.0,1.0,1.0,2.0,1.0,1.0,2.0,1.0,1.0,1.0,1.0,2.0,2.0,1.0,1.0,2.0,1.0,1.0,1.0,1.0,1.0,2.0,1.0,1.0,1.0,1.0,2.0,1.0,1.0,1.0,2.0,1.0,1.0,1.0,2.0,1.0,1.0,2.0
44,5,5,5,5,5,5,5,5,1,1,,30.0,,1.0,,,,4.0,5.0,2.0,6.0,,1.0,54.0,,,2.0,,,,,,,4.0,5.0,6.0,20.0,,1.0,,,,1.0,1.0,,5.0,,1.0,1.0,1.0,1.0,1.0,1.0,1.0,1.0,1.0,1.0,,,,,,,6,3,4,3,3,5,6,5,4,2.0,60.0,55.0,60.0,65.0,70.0,60.0,70.0,60.0,40.0,35.0,2.0,2.0,1.0,1.0,1.0,1.0,2.0,1.0,2.0,1.0,2.0,2.0,1.0,2.0,2.0,2.0,2.0,2.0,2.0,2.0,2.0,2.0,1.0,1.0,2.0,1.0,2.0,2.0,2.0,2.0,1.0,2.0,1.0,1.0,1.0,2.0,2.0,2.0,1.0,2.0
819,5,5,5,5,4,5,5,5,2,2,70.0,,5.0,,5.0,4.0,2.0,,,,6.0,,,,1.0,,2.0,,,,,,,2.0,5.0,5.0,15.0,,,1.0,4.0,,,,1.0,,5.0,,,,,,,,,,,1.0,1.0,1.0,1.0,1.0,1.0,6,3,2,3,3,5,6,6,4,2.0,75.0,70.0,75.0,70.0,65.0,75.0,70.0,70.0,40.0,40.0,2.0,1.0,2.0,1.0,2.0,1.0,2.0,1.0,1.0,2.0,1.0,1.0,2.0,1.0,1.0,1.0,1.0,1.0,1.0,2.0,1.0,1.0,2.0,1.0,2.0,1.0,2.0,2.0,1.0,1.0,1.0,1.0,1.0,1.0,1.0,1.0,1.0,1.0,1.0,1.0
677,5,5,5,4,4,5,5,4,2,2,70.0,,5.0,,4.0,5.0,2.0,,,,6.0,,,,1.0,1.0,,,,,2.0,5.0,5.0,,,,,15.0,,1.0,,4.0,,,1.0,,5.0,1.0,1.0,1.0,1.0,1.0,1.0,1.0,1.0,1.0,1.0,,,,,,,6,3,3,3,3,5,6,6,4,2.0,75.0,70.0,80.0,65.0,65.0,75.0,70.0,60.0,40.0,40.0,1.0,1.0,1.0,2.0,2.0,1.0,1.0,1.0,1.0,1.0,1.0,2.0,1.0,2.0,1.0,2.0,2.0,2.0,1.0,2.0,1.0,1.0,1.0,2.0,1.0,1.0,1.0,1.0,1.0,1.0,2.0,1.0,1.0,1.0,1.0,2.0,1.0,1.0,1.0,1.0
704,4,4,4,2,3,5,4,3,2,2,,30.0,5.0,,5.0,4.0,2.0,,,,6.0,,1.0,54.0,,,2.0,2.0,5.0,5.0,,,,,,,15.0,,,1.0,4.0,,,,1.0,5.0,,1.0,1.0,1.0,1.0,1.0,1.0,1.0,1.0,1.0,1.0,,,,,,,6,3,2,3,3,5,6,6,4,2.0,65.0,60.0,60.0,40.0,50.0,70.0,60.0,50.0,40.0,40.0,1.0,2.0,1.0,2.0,2.0,1.0,1.0,2.0,1.0,2.0,1.0,1.0,2.0,1.0,1.0,2.0,1.0,2.0,2.0,1.0,1.0,1.0,1.0,1.0,1.0,1.0,1.0,1.0,1.0,1.0,1.0,2.0,1.0,1.0,1.0,1.0,1.0,1.0,1.0,1.0
491,5,5,5,5,5,5,5,5,2,2,70.0,,5.0,,,,,5.0,4.0,2.0,,6.0,,,1.0,1.0,,3.0,5.0,5.0,,,,,,,15.0,,,1.0,,3.0,,,1.0,5.0,,,,,,,,,,,,1.0,1.0,1.0,1.0,1.0,1.0,6,3,3,3,3,5,6,6,4,2.0,75.0,70.0,75.0,70.0,70.0,75.0,70.0,65.0,40.0,40.0,1.0,1.0,2.0,2.0,2.0,1.0,2.0,1.0,1.0,1.0,1.0,2.0,1.0,2.0,1.0,2.0,1.0,1.0,2.0,1.0,1.0,1.0,1.0,2.0,1.0,1.0,1.0,1.0,2.0,1.0,2.0,1.0,1.0,2.0,1.0,1.0,1.0,1.0,1.0,1.0
118,2,4,4,1,3,4,4,2,1,2,70.0,,5.0,,5.0,4.0,2.0,,,,6.0,,,,1.0,1.0,,,,,2.0,5.0,5.0,,,,,15.0,,1.0,,,3.0,1.0,,5.0,,,,,,,,,,,,1.0,1.0,1.0,1.0,1.0,1.0,6,3,2,3,3,5,6,6,4,2.0,60.0,70.0,70.0,40.0,55.0,70.0,70.0,50.0,30.0,40.0,2.0,1.0,1.0,2.0,1.0,2.0,1.0,2.0,1.0,1.0,2.0,2.0,2.0,1.0,1.0,1.0,1.0,1.0,2.0,1.0,1.0,1.0,2.0,2.0,1.0,1.0,2.0,1.0,1.0,1.0,1.0,1.0,1.0,1.0,1.0,1.0,1.0,1.0,2.0,1.0
450,5,5,5,5,5,5,5,5,1,1,,30.0,3.0,,,,,3.0,4.0,2.0,6.0,,,,2.0,1.0,,,,,,,,4.0,5.0,6.0,,15.0,1.0,,4.0,,,1.0,,,5.0,1.0,1.0,1.0,1.0,1.0,1.0,1.0,1.0,1.0,1.0,,,,,,,6,3,4,3,2,5,6,5,4,2.0,60.0,55.0,58.0,65.0,68.0,62.0,70.0,60.0,40.0,35.0,1.0,1.0,1.0,1.0,1.0,1.0,2.0,2.0,2.0,1.0,1.0,2.0,2.0,1.0,1.0,1.0,1.0,1.0,2.0,2.0,1.0,1.0,2.0,1.0,2.0,1.0,2.0,2.0,1.0,1.0,1.0,1.0,2.0,2.0,1.0,1.0,1.0,1.0,1.0,2.0
523,4,4,4,4,4,4,5,4,2,2,,30.0,3.0,,3.0,4.0,5.0,,,,6.0,,1.0,54.0,,1.0,,,,,3.0,4.0,5.0,,,,18.0,,1.0,,,,2.0,,1.0,4.0,,,,,,,,,,,,1.0,1.0,1.0,1.0,1.0,1.0,6,3,4,4,2,5,6,6,3,2.0,60.0,55.0,58.0,65.0,68.0,62.0,70.0,60.0,40.0,38.0,1.0,2.0,1.0,1.0,1.0,1.0,2.0,1.0,1.0,1.0,2.0,1.0,2.0,2.0,2.0,1.0,1.0,1.0,1.0,2.0,1.0,1.0,2.0,1.0,1.0,2.0,2.0,1.0,2.0,2.0,1.0,2.0,1.0,1.0,2.0,2.0,1.0,1.0,2.0,2.0
239,4,4,4,2,3,4,4,3,2,3,70.0,,4.0,,,,,5.0,4.0,2.0,,6.0,1.0,54.0,,,2.0,,,,,,,2.0,5.0,5.0,10.0,,,1.0,,,3.0,,1.0,,5.0,,,,,,,,,,,1.0,1.0,1.0,1.0,1.0,1.0,6,2,3,3,3,5,6,6,4,2.0,65.0,60.0,60.0,40.0,50.0,60.0,60.0,50.0,40.0,50.0,2.0,2.0,1.0,2.0,2.0,1.0,1.0,1.0,1.0,1.0,2.0,1.0,1.0,2.0,1.0,2.0,2.0,1.0,1.0,1.0,1.0,1.0,1.0,1.0,1.0,1.0,1.0,1.0,2.0,1.0,1.0,1.0,1.0,1.0,1.0,1.0,1.0,1.0,2.0,1.0
425,3,4,4,2,3,4,4,3,2,2,70.0,,,2.0,,,,5.0,4.0,2.0,,6.0,,,1.0,1.0,,2.0,4.0,5.0,,,,,,,,15.0,,1.0,4.0,,,,1.0,5.0,,,,,,,,,,,,1.0,1.0,1.0,1.0,1.0,1.0,6,3,3,3,3,5,6,6,4,2.0,55.0,65.0,65.0,40.0,50.0,65.0,65.0,50.0,40.0,40.0,1.0,1.0,1.0,1.0,2.0,2.0,1.0,1.0,1.0,1.0,2.0,1.0,1.0,1.0,1.0,1.0,1.0,1.0,1.0,1.0,1.0,1.0,1.0,1.0,1.0,1.0,2.0,1.0,1.0,1.0,1.0,1.0,1.0,1.0,1.0,1.0,1.0,1.0,2.0,1.0
556,4,4,4,2,3,4,4,3,2,2,,30.0,,2.0,5.0,4.0,2.0,,,,6.0,,1.0,54.0,,1.0,,,,,2.0,4.0,5.0,,,,,15.0,,1.0,,,3.0,,1.0,,5.0,1.0,1.0,1.0,1.0,1.0,1.0,1.0,1.0,1.0,1.0,,,,,,,6,3,3,3,3,5,6,6,3,2.0,65.0,60.0,60.0,40.0,50.0,60.0,60.0,45.0,35.0,35.0,1.0,2.0,1.0,1.0,1.0,2.0,1.0,2.0,2.0,1.0,1.0,1.0,1.0,2.0,2.0,1.0,1.0,2.0,2.0,1.0,1.0,2.0,1.0,2.0,1.0,1.0,1.0,1.0,2.0,1.0,1.0,2.0,2.0,1.0,1.0,2.0,1.0,2.0,1.0,1.0
597,5,5,5,5,5,5,5,5,2,2,,30.0,5.0,,,,,5.0,4.0,2.0,,6.0,1.0,54.0,,1.0,,2.0,5.0,5.0,,,,,,,,15.0,1.0,,,,3.0,1.0,,,5.0,,,,,,,,,,,1.0,1.0,1.0,1.0,1.0,1.0,6,3,2,2,3,6,6,6,3,2.0,80.0,80.0,85.0,90.0,90.0,90.0,85.0,80.0,40.0,40.0,2.0,1.0,2.0,2.0,2.0,1.0,1.0,1.0,2.0,1.0,1.0,2.0,1.0,2.0,1.0,1.0,2.0,2.0,2.0,2.0,1.0,2.0,1.0,2.0,2.0,2.0,2.0,2.0,1.0,2.0,1.0,1.0,2.0,2.0,2.0,1.0,1.0,2.0,2.0,1.0
602,5,5,5,5,5,5,5,5,1,2,,30.0,6.0,,,,,5.0,4.0,2.0,,6.0,,,1.0,1.0,,,,,2.0,5.0,5.0,,,,15.0,,1.0,,,,4.0,,1.0,5.0,,1.0,1.0,1.0,1.0,1.0,1.0,1.0,1.0,1.0,1.0,,,,,,,7,3,3,3,3,5,6,6,4,2.0,85.0,85.0,85.0,85.0,85.0,85.0,85.0,85.0,20.0,30.0,1.0,1.0,2.0,1.0,1.0,2.0,1.0,1.0,1.0,1.0,2.0,1.0,1.0,2.0,1.0,1.0,2.0,2.0,1.0,1.0,2.0,2.0,1.0,1.0,1.0,2.0,2.0,2.0,2.0,1.0,1.0,2.0,1.0,1.0,1.0,1.0,1.0,1.0,2.0,1.0
771,5,5,5,5,5,5,5,5,1,2,70.0,,,1.0,,,,4.0,5.0,3.0,,6.0,1.0,54.0,,1.0,,1.0,5.0,6.0,,,,,,,,18.0,1.0,,4.0,,,,1.0,,5.0,,,,,,,,,,,1.0,1.0,1.0,1.0,1.0,1.0,6,3,4,3,3,5,6,5,4,2.0,60.0,55.0,58.0,65.0,70.0,62.0,75.0,60.0,40.0,35.0,2.0,1.0,2.0,1.0,1.0,2.0,2.0,2.0,2.0,2.0,2.0,1.0,1.0,1.0,2.0,2.0,2.0,1.0,1.0,2.0,2.0,2.0,2.0,2.0,1.0,1.0,1.0,1.0,2.0,1.0,2.0,2.0,1.0,1.0,1.0,2.0,2.0,2.0,1.0,2.0
781,5,5,5,5,5,5,5,5,2,2,,30.0,5.0,,5.0,4.0,2.0,,,,6.0,,1.0,54.0,,1.0,,3.0,5.0,5.0,,,,,,,,15.0,1.0,,4.0,,,1.0,,,5.0,,,,,,,,,,,1.0,1.0,1.0,1.0,1.0,1.0,6,3,3,3,3,5,6,6,3,1.0,80.0,80.0,85.0,85.0,85.0,85.0,85.0,80.0,30.0,30.0,1.0,1.0,1.0,1.0,1.0,1.0,1.0,1.0,1.0,1.0,1.0,1.0,1.0,1.0,1.0,1.0,1.0,1.0,1.0,1.0,1.0,1.0,1.0,1.0,1.0,1.0,1.0,1.0,1.0,1.0,1.0,1.0,1.0,1.0,1.0,1.0,1.0,1.0,1.0,1.0
208,2,3,3,1,2,3,3,2,1,2,70.0,,2.0,,,,,5.0,4.0,2.0,6.0,,,,1.0,,2.0,,,,2.0,5.0,5.0,,,,15.0,,,1.0,,4.0,,,1.0,,5.0,1.0,1.0,1.0,1.0,1.0,1.0,1.0,1.0,1.0,1.0,,,,,,,6,3,3,3,3,5,6,6,4,2.0,40.0,50.0,50.0,20.0,30.0,50.0,50.0,40.0,20.0,30.0,2.0,2.0,1.0,2.0,1.0,2.0,1.0,1.0,1.0,2.0,1.0,1.0,1.0,1.0,1.0,1.0,1.0,1.0,1.0,1.0,1.0,1.0,1.0,1.0,1.0,1.0,2.0,1.0,1.0,1.0,1.0,1.0,2.0,1.0,2.0,2.0,2.0,1.0,1.0,1.0
414,4,4,4,2,3,4,4,3,2,2,70.0,,,2.0,4.0,3.0,2.0,,,,6.0,,,,1.0,,2.0,3.0,4.0,5.0,,,,,,,15.0,,1.0,,,,3.0,1.0,,,5.0,1.0,1.0,1.0,1.0,1.0,1.0,1.0,1.0,1.0,1.0,,,,,,,6,3,3,3,3,5,6,6,4,2.0,65.0,60.0,60.0,40.0,50.0,60.0,60.0,50.0,40.0,40.0,1.0,1.0,2.0,1.0,1.0,2.0,1.0,2.0,1.0,1.0,1.0,1.0,2.0,1.0,1.0,2.0,1.0,1.0,2.0,1.0,1.0,1.0,1.0,1.0,1.0,1.0,1.0,2.0,1.0,1.0,1.0,1.0,1.0,2.0,2.0,2.0,1.0,1.0,1.0,1.0
567,5,5,5,5,5,5,5,5,2,2,70.0,,,2.0,5.0,4.0,2.0,,,,,6.0,,,1.0,,2.0,,,,3.0,5.0,5.0,,,,,15.0,,1.0,,,3.0,1.0,,5.0,,,,,,,,,,,,1.0,1.0,1.0,1.0,1.0,1.0,6,2,3,3,3,5,6,6,4,2.0,75.0,70.0,80.0,85.0,80.0,85.0,80.0,75.0,40.0,45.0,1.0,2.0,2.0,1.0,2.0,1.0,2.0,1.0,2.0,1.0,1.0,1.0,1.0,2.0,2.0,1.0,2.0,2.0,1.0,1.0,1.0,2.0,1.0,1.0,1.0,2.0,1.0,2.0,1.0,1.0,1.0,1.0,1.0,2.0,1.0,1.0,1.0,2.0,2.0,1.0
633,4,4,4,2,3,4,4,3,2,2,70.0,,4.0,,,,,5.0,4.0,2.0,,6.0,1.0,54.0,,1.0,,3.0,5.0,5.0,,,,,,,,15.0,,1.0,4.0,,,,1.0,,5.0,,,,,,,,,,,1.0,1.0,1.0,1.0,1.0,1.0,6,3,2,3,3,5,6,6,4,2.0,65.0,60.0,60.0,40.0,50.0,60.0,60.0,45.0,35.0,35.0,2.0,1.0,1.0,1.0,2.0,2.0,1.0,1.0,1.0,1.0,1.0,2.0,1.0,1.0,1.0,1.0,1.0,1.0,2.0,1.0,1.0,1.0,1.0,1.0,1.0,1.0,1.0,1.0,1.0,1.0,1.0,1.0,1.0,2.0,1.0,1.0,1.0,1.0,1.0,1.0
740,5,5,5,5,5,5,5,5,2,2,70.0,,5.0,,,,,5.0,4.0,2.0,,6.0,1.0,54.0,,1.0,,,,,,,,2.0,5.0,5.0,,15.0,,1.0,,3.0,,1.0,,5.0,,1.0,1.0,1.0,1.0,1.0,1.0,1.0,1.0,1.0,1.0,,,,,,,7,3,3,3,3,5,6,6,4,2.0,75.0,75.0,75.0,75.0,75.0,75.0,75.0,75.0,40.0,40.0,1.0,1.0,1.0,2.0,1.0,1.0,2.0,1.0,2.0,1.0,1.0,1.0,1.0,1.0,1.0,1.0,1.0,1.0,1.0,1.0,1.0,1.0,1.0,1.0,1.0,1.0,1.0,1.0,1.0,1.0,1.0,1.0,1.0,2.0,2.0,1.0,1.0,1.0,1.0,1.0
828,4,4,4,3,4,4,4,3,2,2,,30.0,2.0,,5.0,4.0,2.0,,,,6.0,,1.0,54.0,,,2.0,,,,,,,2.0,4.0,4.0,,15.0,,1.0,4.0,,,1.0,,,5.0,1.0,1.0,1.0,1.0,1.0,1.0,1.0,1.0,1.0,1.0,,,,,,,6,3,3,3,3,5,6,6,4,2.0,65.0,60.0,60.0,50.0,60.0,60.0,60.0,50.0,40.0,40.0,2.0,2.0,1.0,1.0,2.0,2.0,1.0,2.0,1.0,1.0,1.0,1.0,2.0,1.0,1.0,2.0,1.0,1.0,1.0,2.0,2.0,1.0,1.0,1.0,2.0,1.0,1.0,2.0,1.0,1.0,1.0,1.0,1.0,2.0,2.0,2.0,1.0,1.0,1.0,1.0
646,5,5,5,5,5,5,5,5,1,1,70.0,,,2.0,4.0,3.0,2.0,,,,6.0,,,,1.0,1.0,,3.0,5.0,5.0,,,,,,,15.0,,,1.0,,3.0,,,1.0,5.0,,1.0,1.0,1.0,1.0,1.0,1.0,1.0,1.0,1.0,1.0,,,,,,,6,3,3,3,3,5,6,6,4,2.0,80.0,75.0,85.0,80.0,75.0,80.0,80.0,70.0,20.0,20.0,1.0,2.0,2.0,1.0,1.0,2.0,2.0,1.0,1.0,1.0,2.0,2.0,1.0,1.0,2.0,2.0,2.0,1.0,2.0,2.0,1.0,1.0,1.0,2.0,1.0,2.0,1.0,1.0,2.0,1.0,1.0,1.0,2.0,1.0,1.0,1.0,2.0,1.0,2.0,1.0
735,5,5,5,5,5,5,5,5,1,1,70.0,,6.0,,,,,5.0,4.0,2.0,6.0,,,,1.0,,2.0,,,,2.0,5.0,6.0,,,,,15.0,,1.0,,,3.0,,1.0,,5.0,1.0,1.0,1.0,1.0,1.0,1.0,1.0,1.0,1.0,1.0,,,,,,,7,3,3,3,3,5,6,6,4,2.0,85.0,85.0,85.0,85.0,85.0,85.0,85.0,85.0,15.0,15.0,2.0,1.0,1.0,1.0,1.0,1.0,2.0,1.0,1.0,1.0,2.0,2.0,1.0,1.0,1.0,1.0,1.0,1.0,1.0,2.0,2.0,2.0,1.0,1.0,1.0,1.0,1.0,1.0,1.0,1.0,1.0,1.0,1.0,1.0,1.0,2.0,1.0,1.0,1.0,1.0
129,5,5,5,5,5,5,5,5,2,2,,30.0,6.0,,,,,5.0,4.0,2.0,,6.0,1.0,54.0,,,2.0,,,,2.0,5.0,5.0,,,,,15.0,1.0,,,,3.0,1.0,,,6.0,,,,,,,,,,,1.0,1.0,1.0,1.0,1.0,1.0,7,3,2,2,3,5,6,6,4,2.0,80.0,80.0,85.0,85.0,85.0,85.0,85.0,80.0,30.0,30.0,1.0,1.0,1.0,1.0,2.0,2.0,1.0,1.0,2.0,1.0,1.0,2.0,1.0,2.0,2.0,1.0,2.0,1.0,1.0,2.0,1.0,1.0,1.0,2.0,1.0,1.0,1.0,2.0,2.0,1.0,2.0,2.0,1.0,1.0,2.0,2.0,2.0,1.0,1.0,2.0
461,5,5,5,5,5,5,5,5,1,2,70.0,,,1.0,,,,3.0,5.0,2.0,,6.0,1.0,54.0,,,2.0,1.0,4.0,5.0,,,,,,,,0.0,1.0,,,,2.0,1.0,,5.0,,,,,,,,,,,,1.0,1.0,1.0,1.0,1.0,1.0,6,3,4,3,2,5,6,5,4,2.0,60.0,55.0,58.0,65.0,70.0,62.0,75.0,60.0,40.0,45.0,2.0,2.0,2.0,1.0,1.0,1.0,2.0,2.0,2.0,1.0,2.0,2.0,2.0,2.0,1.0,2.0,2.0,2.0,2.0,1.0,2.0,2.0,1.0,2.0,1.0,2.0,1.0,1.0,1.0,1.0,2.0,2.0,2.0,1.0,1.0,2.0,2.0,1.0,1.0,1.0
512,5,4,5,1,3,5,5,4,1,2,,30.0,5.0,,5.0,4.0,2.0,,,,,6.0,1.0,54.0,,1.0,,,,,,,,2.0,5.0,5.0,15.0,,1.0,,,,3.0,,1.0,,5.0,,,,,,,,,,,1.0,1.0,1.0,1.0,1.0,1.0,7,3,3,3,3,5,6,6,4,2.0,75.0,70.0,80.0,40.0,55.0,80.0,75.0,65.0,30.0,35.0,1.0,1.0,2.0,2.0,1.0,1.0,1.0,1.0,1.0,1.0,2.0,2.0,1.0,2.0,1.0,1.0,1.0,2.0,1.0,1.0,2.0,1.0,2.0,1.0,2.0,1.0,1.0,1.0,1.0,2.0,2.0,1.0,1.0,2.0,1.0,1.0,2.0,1.0,1.0,1.0
687,1,2,2,2,2,2,3,2,4,3,,30.0,,2.0,,,,3.0,4.0,2.0,5.0,,,,2.0,1.0,,,,,,,,2.0,3.0,4.0,20.0,,2.0,,,,2.0,1.0,,,3.0,,,,,,,,,,,1.0,1.0,1.0,1.0,1.0,1.0,6,3,4,3,3,5,6,5,2,1.0,40.0,35.0,35.0,40.0,45.0,35.0,50.0,40.0,55.0,45.0,2.0,2.0,2.0,2.0,1.0,1.0,1.0,2.0,1.0,2.0,2.0,2.0,1.0,2.0,1.0,2.0,1.0,1.0,2.0,1.0,1.0,2.0,2.0,1.0,2.0,2.0,2.0,1.0,1.0,1.0,2.0,2.0,1.0,2.0,2.0,1.0,2.0,1.0,2.0,1.0
123,2,2,2,2,2,2,3,2,4,4,70.0,,2.0,,3.0,4.0,6.0,,,,,5.0,1.0,30.0,,,2.0,1.0,2.0,3.0,,,,,,,,5.0,2.0,,,6.0,,1.0,,,3.0,1.0,1.0,1.0,1.0,1.0,1.0,1.0,1.0,1.0,1.0,,,,,,,6,3,4,3,3,5,6,5,3,2.0,40.0,35.0,38.0,45.0,50.0,40.0,55.0,38.0,50.0,48.0,2.0,1.0,2.0,2.0,1.0,2.0,2.0,1.0,2.0,2.0,2.0,1.0,2.0,1.0,1.0,2.0,1.0,1.0,1.0,2.0,2.0,1.0,2.0,2.0,1.0,1.0,1.0,2.0,1.0,1.0,1.0,1.0,1.0,1.0,1.0,2.0,2.0,2.0,2.0,1.0
951,2,3,3,2,3,4,4,2,4,2,,30.0,2.0,,5.0,4.0,2.0,,,,,6.0,1.0,54.0,,1.0,,,,,2.0,4.0,5.0,,,,,12.0,,1.0,,3.0,,,1.0,,4.0,1.0,1.0,1.0,1.0,1.0,1.0,1.0,1.0,1.0,1.0,,,,,,,6,3,2,3,3,5,6,5,4,2.0,40.0,50.0,50.0,40.0,50.0,60.0,60.0,40.0,60.0,40.0,1.0,2.0,2.0,2.0,2.0,2.0,1.0,1.0,1.0,1.0,2.0,1.0,1.0,1.0,2.0,1.0,1.0,1.0,1.0,1.0,1.0,1.0,1.0,1.0,1.0,1.0,2.0,1.0,1.0,1.0,1.0,1.0,1.0,1.0,1.0,1.0,1.0,1.0,1.0,1.0
822,2,2,2,2,2,2,4,2,4,4,70.0,,,2.0,3.0,4.0,5.0,,,,6.0,,1.0,40.0,,1.0,,2.0,4.0,5.0,,,,,,,20.0,,,2.0,,6.0,,,1.0,,4.0,,,,,,,,,,,1.0,1.0,1.0,1.0,1.0,1.0,6,3,4,4,2,5,6,6,3,2.0,40.0,35.0,35.0,40.0,40.0,35.0,60.0,35.0,60.0,60.0,1.0,1.0,1.0,2.0,1.0,1.0,2.0,2.0,1.0,1.0,2.0,2.0,2.0,1.0,2.0,1.0,1.0,1.0,1.0,1.0,1.0,1.0,1.0,2.0,1.0,2.0,1.0,1.0,1.0,1.0,1.0,1.0,2.0,1.0,1.0,1.0,1.0,1.0,1.0,1.0
518,4,4,4,5,5,5,5,5,1,2,,30.0,,2.0,,,,3.0,4.0,2.0,,6.0,1.0,54.0,,1.0,,,,,,,,4.0,4.0,5.0,,15.0,,2.0,,6.0,,,1.0,,5.0,1.0,1.0,1.0,1.0,1.0,1.0,1.0,1.0,1.0,1.0,,,,,,,6,3,5,4,2,5,6,5,3,2.0,60.0,55.0,58.0,65.0,70.0,68.0,75.0,62.0,40.0,45.0,1.0,2.0,1.0,2.0,1.0,1.0,2.0,2.0,1.0,1.0,2.0,1.0,1.0,1.0,1.0,1.0,1.0,2.0,2.0,1.0,1.0,2.0,1.0,1.0,2.0,1.0,1.0,2.0,2.0,1.0,1.0,1.0,1.0,1.0,1.0,1.0,1.0,1.0,1.0,2.0
277,2,3,3,2,3,4,4,2,1,1,70.0,,,2.0,,,,5.0,4.0,2.0,,6.0,,,1.0,,2.0,,,,2.0,4.0,5.0,,,,,15.0,,1.0,,,3.0,,1.0,5.0,,1.0,1.0,1.0,1.0,1.0,1.0,1.0,1.0,1.0,1.0,,,,,,,7,3,2,3,3,5,6,6,4,2.0,40.0,50.0,50.0,40.0,50.0,60.0,60.0,40.0,20.0,20.0,2.0,2.0,1.0,1.0,1.0,1.0,1.0,1.0,2.0,2.0,2.0,2.0,1.0,1.0,1.0,1.0,2.0,1.0,1.0,1.0,1.0,2.0,2.0,1.0,1.0,1.0,1.0,1.0,2.0,1.0,2.0,1.0,1.0,1.0,1.0,1.0,1.0,1.0,2.0,1.0
304,5,5,5,5,5,5,5,5,2,2,70.0,,5.0,,5.0,4.0,2.0,,,,,6.0,1.0,54.0,,1.0,,3.0,5.0,5.0,,,,,,,,15.0,,1.0,,3.0,,1.0,,5.0,,,,,,,,,,,,1.0,1.0,1.0,1.0,1.0,1.0,7,3,3,3,3,5,6,6,4,2.0,80.0,80.0,85.0,85.0,85.0,85.0,85.0,80.0,30.0,30.0,2.0,1.0,2.0,1.0,2.0,2.0,2.0,2.0,1.0,1.0,2.0,2.0,1.0,1.0,2.0,1.0,1.0,2.0,1.0,2.0,2.0,1.0,2.0,1.0,2.0,1.0,1.0,1.0,2.0,1.0,1.0,1.0,1.0,1.0,1.0,2.0,1.0,1.0,2.0,1.0
75,4,4,4,4,4,4,5,4,2,2,70.0,,,2.0,3.0,4.0,5.0,,,,,,1.0,54.0,,,2.0,,,,3.0,4.0,5.0,,,,,15.0,1.0,,4.0,,,,1.0,,5.0,,,,,,,,,,,1.0,1.0,1.0,1.0,1.0,1.0,6,3,4,4,2,5,6,6,3,2.0,55.0,50.0,52.0,60.0,62.0,58.0,65.0,54.0,40.0,38.0,2.0,1.0,2.0,2.0,1.0,1.0,1.0,1.0,2.0,1.0,2.0,1.0,2.0,1.0,2.0,2.0,1.0,1.0,1.0,1.0,2.0,2.0,1.0,1.0,2.0,2.0,1.0,1.0,1.0,2.0,1.0,2.0,1.0,1.0,1.0,1.0,2.0,2.0,2.0,1.0
990,5,5,5,5,5,5,5,5,1,2,,30.0,5.0,,5.0,4.0,2.0,,,,,6.0,1.0,54.0,,1.0,,,,,,,,2.0,5.0,5.0,,15.0,,1.0,,4.0,,1.0,,,5.0,,,,,,,,,,,1.0,1.0,1.0,1.0,1.0,1.0,7,3,3,3,3,5,6,6,4,2.0,75.0,75.0,80.0,80.0,80.0,85.0,85.0,70.0,20.0,30.0,1.0,2.0,1.0,2.0,2.0,1.0,1.0,2.0,2.0,1.0,1.0,1.0,1.0,2.0,2.0,1.0,1.0,1.0,1.0,1.0,1.0,1.0,1.0,1.0,1.0,2.0,1.0,1.0,1.0,1.0,1.0,1.0,1.0,1.0,1.0,1.0,1.0,1.0,1.0,1.0
202,4,4,4,2,3,4,4,3,2,2,70.0,,5.0,,,,,5.0,4.0,2.0,6.0,,1.0,54.0,,,2.0,,,,,,,2.0,5.0,5.0,15.0,,1.0,,,,3.0,1.0,,5.0,,,,,,,,,,,,1.0,1.0,1.0,1.0,1.0,1.0,6,3,3,3,3,5,6,6,4,2.0,70.0,65.0,65.0,40.0,50.0,65.0,65.0,50.0,40.0,40.0,1.0,1.0,2.0,1.0,1.0,2.0,1.0,1.0,1.0,1.0,2.0,2.0,1.0,1.0,2.0,1.0,1.0,1.0,1.0,2.0,1.0,2.0,1.0,1.0,1.0,2.0,2.0,1.0,1.0,1.0,1.0,1.0,1.0,1.0,1.0,1.0,1.0,2.0,1.0,1.0
371,2,2,2,2,2,2,4,2,4,4,,30.0,,2.0,,,,3.0,4.0,2.0,,5.0,1.0,54.0,,1.0,,2.0,4.0,5.0,,,,,,,18.0,,,2.0,4.0,,,1.0,,,4.0,1.0,1.0,1.0,1.0,1.0,1.0,1.0,1.0,1.0,1.0,,,,,,,6,3,4,4,2,5,6,6,3,2.0,45.0,40.0,40.0,40.0,45.0,40.0,60.0,40.0,55.0,55.0,1.0,1.0,2.0,1.0,1.0,1.0,2.0,1.0,1.0,2.0,2.0,2.0,1.0,1.0,2.0,1.0,1.0,2.0,1.0,2.0,1.0,1.0,1.0,1.0,1.0,1.0,2.0,1.0,1.0,1.0,1.0,2.0,2.0,1.0,1.0,1.0,1.0,2.0,1.0,1.0
197,4,4,4,4,4,4,4,4,2,2,,30.0,,2.0,,,,3.0,4.0,2.0,6.0,,1.0,54.0,,1.0,,,,,,,,3.0,4.0,5.0,18.0,,,2.0,4.0,,,1.0,,4.0,,1.0,1.0,1.0,1.0,1.0,1.0,1.0,1.0,1.0,1.0,,,,,,,6,3,4,3,3,5,6,5,3,2.0,55.0,50.0,52.0,60.0,62.0,58.0,65.0,54.0,40.0,38.0,1.0,2.0,1.0,1.0,2.0,2.0,2.0,1.0,1.0,2.0,2.0,2.0,1.0,1.0,1.0,2.0,2.0,2.0,1.0,1.0,1.0,2.0,2.0,1.0,2.0,1.0,2.0,1.0,2.0,1.0,2.0,2.0,2.0,1.0,2.0,1.0,2.0,1.0,1.0,1.0
896,5,5,5,4,4,5,5,4,2,2,70.0,,5.0,,,,,5.0,4.0,2.0,,6.0,1.0,54.0,,,2.0,,,,,,,2.0,5.0,5.0,15.0,,,1.0,4.0,,,1.0,,,5.0,,,,,,,,,,,1.0,1.0,1.0,1.0,1.0,1.0,7,3,3,3,3,5,6,6,4,2.0,75.0,75.0,80.0,65.0,65.0,80.0,75.0,65.0,40.0,40.0,1.0,2.0,2.0,1.0,1.0,2.0,2.0,1.0,2.0,1.0,2.0,1.0,2.0,1.0,1.0,1.0,2.0,2.0,1.0,1.0,1.0,1.0,2.0,2.0,1.0,1.0,2.0,1.0,1.0,1.0,1.0,1.0,1.0,1.0,1.0,2.0,2.0,2.0,1.0,1.0
156,5,5,5,5,5,5,5,5,1,2,,30.0,4.0,,3.0,4.0,6.0,,,,,6.0,,,2.0,1.0,,,,,4.0,5.0,6.0,,,,5.0,,,2.0,,5.0,,,1.0,,5.0,,,,,,,,,,,1.0,1.0,1.0,1.0,1.0,1.0,6,3,4,3,3,5,6,6,3,2.0,60.0,55.0,50.0,65.0,60.0,60.0,70.0,55.0,40.0,45.0,1.0,2.0,2.0,2.0,2.0,1.0,2.0,1.0,1.0,2.0,2.0,2.0,2.0,2.0,1.0,2.0,2.0,2.0,1.0,1.0,2.0,2.0,2.0,1.0,2.0,2.0,1.0,2.0,1.0,2.0,1.0,2.0,2.0,2.0,1.0,2.0,1.0,1.0,1.0,1.0
639,5,5,5,5,4,5,5,5,2,2,,30.0,5.0,,5.0,4.0,2.0,,,,,6.0,,,1.0,,2.0,,,,2.0,5.0,5.0,,,,,15.0,1.0,,,4.0,,,1.0,5.0,,1.0,1.0,1.0,1.0,1.0,1.0,1.0,1.0,1.0,1.0,,,,,,,7,3,3,3,3,5,6,6,4,2.0,75.0,75.0,80.0,75.0,70.0,80.0,75.0,70.0,40.0,40.0,2.0,2.0,1.0,1.0,1.0,2.0,2.0,2.0,2.0,1.0,2.0,2.0,1.0,2.0,1.0,1.0,1.0,2.0,2.0,1.0,1.0,1.0,2.0,2.0,1.0,1.0,1.0,1.0,1.0,2.0,2.0,1.0,1.0,2.0,1.0,1.0,1.0,1.0,2.0,2.0
924,5,5,5,5,5,5,5,5,2,2,70.0,,,2.0,5.0,4.0,2.0,,,,,6.0,1.0,54.0,,1.0,,3.0,5.0,5.0,,,,,,,,15.0,,1.0,,,2.0,,1.0,,5.0,1.0,1.0,1.0,1.0,1.0,1.0,1.0,1.0,1.0,1.0,,,,,,,6,3,3,3,3,5,6,6,4,2.0,75.0,75.0,80.0,80.0,80.0,80.0,80.0,75.0,30.0,30.0,2.0,2.0,2.0,1.0,1.0,1.0,1.0,2.0,1.0,1.0,1.0,1.0,2.0,2.0,1.0,1.0,1.0,1.0,1.0,2.0,1.0,1.0,1.0,2.0,1.0,2.0,1.0,1.0,1.0,1.0,1.0,1.0,1.0,1.0,1.0,1.0,1.0,2.0,1.0,1.0
857,4,4,4,4,4,4,5,4,2,2,70.0,,,2.0,,,,4.0,5.0,3.0,,6.0,,,2.0,1.0,,2.0,4.0,5.0,,,,,,,,15.0,1.0,,4.0,,,1.0,,,4.0,,,,,,,,,,,1.0,1.0,1.0,1.0,1.0,1.0,6,3,4,4,2,5,6,6,3,2.0,55.0,50.0,52.0,60.0,62.0,58.0,70.0,54.0,40.0,38.0,2.0,2.0,2.0,2.0,1.0,1.0,2.0,1.0,2.0,1.0,1.0,1.0,2.0,2.0,1.0,1.0,1.0,2.0,1.0,2.0,1.0,2.0,2.0,2.0,1.0,1.0,2.0,1.0,1.0,2.0,1.0,2.0,2.0,1.0,1.0,1.0,2.0,1.0,1.0,2.0
349,2,3,2,2,2,2,4,2,4,2,,30.0,,2.0,,,,3.0,4.0,2.0,,5.0,1.0,40.0,,,2.0,2.0,3.0,4.0,,,,,,,,15.0,1.0,,,6.0,,1.0,,,4.0,,,,,,,,,,,1.0,1.0,1.0,1.0,1.0,1.0,6,3,4,3,2,5,6,5,3,2.0,40.0,35.0,38.0,45.0,50.0,40.0,60.0,35.0,55.0,40.0,2.0,1.0,2.0,2.0,1.0,2.0,1.0,2.0,1.0,2.0,2.0,2.0,2.0,2.0,2.0,1.0,1.0,1.0,2.0,2.0,2.0,2.0,2.0,1.0,1.0,2.0,2.0,1.0,1.0,2.0,2.0,1.0,2.0,2.0,2.0,1.0,1.0,1.0,2.0,2.0
555,4,4,4,4,4,4,4,4,2,2,70.0,,,2.0,,,,3.0,4.0,2.0,6.0,,1.0,40.0,,,2.0,,,,3.0,4.0,4.0,,,,,15.0,1.0,,,5.0,,1.0,,,4.0,1.0,1.0,1.0,1.0,1.0,1.0,1.0,1.0,1.0,1.0,,,,,,,6,3,4,4,3,5,6,6,3,2.0,55.0,50.0,52.0,60.0,62.0,58.0,65.0,54.0,40.0,38.0,2.0,1.0,2.0,1.0,1.0,2.0,2.0,1.0,1.0,1.0,1.0,2.0,1.0,2.0,1.0,2.0,1.0,2.0,1.0,1.0,1.0,2.0,1.0,2.0,2.0,2.0,1.0,2.0,2.0,2.0,2.0,2.0,2.0,1.0,2.0,1.0,1.0,1.0,1.0,2.0
426,2,4,4,2,4,4,4,2,2,2,70.0,,5.0,,,,,5.0,4.0,2.0,6.0,,,,1.0,1.0,,,,,,,,2.0,4.0,5.0,15.0,,,1.0,,,2.0,,1.0,5.0,,,,,,,,,,,,1.0,1.0,1.0,1.0,1.0,1.0,6,3,3,3,3,5,6,6,3,2.0,40.0,60.0,60.0,40.0,60.0,60.0,60.0,40.0,40.0,40.0,1.0,1.0,2.0,1.0,2.0,2.0,1.0,1.0,1.0,2.0,1.0,1.0,1.0,2.0,1.0,1.0,1.0,1.0,1.0,2.0,1.0,1.0,1.0,2.0,1.0,2.0,1.0,1.0,1.0,1.0,1.0,1.0,1.0,1.0,1.0,2.0,1.0,1.0,1.0,1.0
38,3,4,4,2,3,4,4,2,2,2,,30.0,2.0,,5.0,4.0,2.0,,,,6.0,,,,1.0,,2.0,,,,3.0,4.0,5.0,,,,,15.0,,1.0,4.0,,,1.0,,,5.0,,,,,,,,,,,1.0,1.0,1.0,1.0,1.0,1.0,6,3,3,3,3,5,6,6,3,2.0,55.0,60.0,60.0,40.0,45.0,60.0,60.0,40.0,40.0,40.0,1.0,1.0,2.0,1.0,1.0,2.0,1.0,1.0,2.0,1.0,1.0,1.0,1.0,2.0,1.0,1.0,1.0,1.0,1.0,1.0,1.0,1.0,1.0,1.0,2.0,1.0,1.0,1.0,1.0,1.0,1.0,1.0,2.0,1.0,1.0,1.0,1.0,1.0,2.0,1.0
594,5,5,5,5,5,5,5,5,1,1,,30.0,5.0,,5.0,4.0,2.0,,,,6.0,,,,1.0,,2.0,2.0,5.0,5.0,,,,,,,,10.0,,1.0,4.0,,,1.0,,5.0,,,,,,,,,,,,1.0,1.0,1.0,1.0,1.0,1.0,6,3,3,3,3,5,6,6,4,2.0,80.0,80.0,80.0,80.0,80.0,80.0,80.0,80.0,20.0,20.0,1.0,1.0,1.0,1.0,2.0,2.0,1.0,1.0,1.0,2.0,1.0,1.0,1.0,1.0,1.0,1.0,1.0,1.0,2.0,1.0,1.0,1.0,1.0,1.0,1.0,1.0,1.0,1.0,1.0,2.0,1.0,1.0,1.0,1.0,1.0,1.0,1.0,1.0,1.0,1.0
772,2,3,2,2,3,2,4,2,4,2,,30.0,,2.0,,,,3.0,4.0,2.0,6.0,,1.0,40.0,,,2.0,2.0,3.0,4.0,,,,,,,,15.0,1.0,,,,2.0,1.0,,,4.0,1.0,1.0,1.0,1.0,1.0,1.0,1.0,1.0,1.0,1.0,,,,,,,6,3,4,4,3,5,6,6,3,2.0,40.0,35.0,38.0,45.0,50.0,40.0,60.0,35.0,30.0,32.0,2.0,2.0,1.0,1.0,1.0,1.0,2.0,1.0,1.0,2.0,2.0,1.0,1.0,2.0,1.0,2.0,1.0,2.0,1.0,1.0,1.0,2.0,1.0,1.0,2.0,1.0,1.0,1.0,1.0,2.0,1.0,2.0,1.0,1.0,1.0,2.0,2.0,2.0,1.0,2.0
388,4,4,4,5,5,5,5,4,1,2,70.0,,,2.0,,,,3.0,5.0,2.0,,6.0,,,2.0,,2.0,2.0,4.0,5.0,,,,,,,20.0,,1.0,,,,2.0,1.0,,,5.0,1.0,1.0,1.0,1.0,1.0,1.0,1.0,1.0,1.0,1.0,,,,,,,6,3,4,3,3,5,6,5,3,2.0,55.0,50.0,52.0,60.0,65.0,62.0,70.0,58.0,40.0,45.0,1.0,2.0,1.0,1.0,2.0,1.0,1.0,2.0,2.0,2.0,2.0,2.0,2.0,2.0,1.0,1.0,1.0,2.0,2.0,2.0,2.0,1.0,2.0,2.0,2.0,2.0,2.0,2.0,2.0,1.0,1.0,1.0,1.0,2.0,1.0,2.0,2.0,1.0,1.0,2.0
601,5,5,5,5,5,5,5,5,1,2,,30.0,,1.0,3.0,4.0,6.0,,,,,6.0,1.0,54.0,,,2.0,,,,4.0,5.0,6.0,,,,16.0,,1.0,,5.0,,,,1.0,5.0,,1.0,1.0,1.0,1.0,1.0,1.0,1.0,1.0,1.0,1.0,,,,,,,6,3,4,4,3,5,6,6,4,2.0,62.0,55.0,60.0,68.0,70.0,65.0,75.0,60.0,40.0,35.0,2.0,2.0,2.0,2.0,2.0,2.0,2.0,2.0,2.0,1.0,2.0,2.0,2.0,2.0,1.0,2.0,1.0,1.0,1.0,2.0,1.0,2.0,1.0,1.0,1.0,1.0,2.0,2.0,1.0,1.0,1.0,1.0,1.0,1.0,2.0,2.0,2.0,2.0,1.0,1.0
707,5,5,5,5,5,5,5,5,1,1,,30.0,,1.0,,,,3.0,5.0,2.0,6.0,,,,2.0,1.0,,1.0,5.0,6.0,,,,,,,,20.0,1.0,,,,1.0,1.0,,5.0,,,,,,,,,,,,1.0,1.0,1.0,1.0,1.0,1.0,6,3,4,4,3,5,6,6,4,2.0,60.0,55.0,60.0,65.0,70.0,60.0,70.0,60.0,40.0,35.0,1.0,2.0,1.0,2.0,2.0,2.0,2.0,1.0,2.0,1.0,1.0,2.0,2.0,2.0,2.0,2.0,1.0,1.0,1.0,1.0,1.0,2.0,1.0,2.0,2.0,2.0,1.0,2.0,2.0,1.0,2.0,1.0,2.0,2.0,1.0,2.0,2.0,1.0,1.0,1.0
674,2,3,2,2,3,2,3,2,4,4,70.0,,2.0,,,,,3.0,4.0,3.0,,5.0,,,2.0,,2.0,,,,3.0,4.0,5.0,,,,18.0,,,2.0,4.0,,,,1.0,3.0,,,,,,,,,,,,1.0,1.0,1.0,1.0,1.0,1.0,6,3,4,4,3,5,6,6,3,2.0,45.0,40.0,42.0,48.0,50.0,38.0,55.0,44.0,35.0,37.0,2.0,2.0,2.0,2.0,1.0,1.0,1.0,1.0,2.0,2.0,2.0,2.0,2.0,1.0,2.0,1.0,1.0,2.0,2.0,1.0,2.0,1.0,1.0,1.0,2.0,2.0,2.0,1.0,2.0,1.0,1.0,2.0,2.0,1.0,2.0,1.0,1.0,2.0,2.0,2.0
492,4,4,4,2,3,4,4,3,2,2,70.0,,5.0,,,,,5.0,4.0,2.0,,6.0,,,1.0,1.0,,3.0,4.0,5.0,,,,,,,,15.0,1.0,,4.0,,,1.0,,,5.0,,,,,,,,,,,1.0,1.0,1.0,1.0,1.0,1.0,6,3,2,3,3,5,6,6,4,2.0,65.0,60.0,60.0,40.0,50.0,60.0,60.0,45.0,35.0,35.0,2.0,2.0,1.0,1.0,2.0,1.0,2.0,2.0,2.0,1.0,2.0,2.0,1.0,2.0,1.0,1.0,1.0,2.0,1.0,1.0,1.0,2.0,1.0,1.0,1.0,1.0,1.0,1.0,1.0,1.0,1.0,1.0,1.0,1.0,1.0,1.0,1.0,1.0,1.0,1.0
969,2,3,2,2,3,2,3,2,4,4,,30.0,3.0,,2.0,3.0,5.0,,,,,5.0,1.0,30.0,,,2.0,,,,,,,2.0,4.0,4.0,18.0,,,2.0,,,2.0,1.0,,,4.0,1.0,1.0,1.0,1.0,1.0,1.0,1.0,1.0,1.0,1.0,,,,,,,6,3,4,4,3,5,6,6,3,2.0,40.0,35.0,38.0,45.0,50.0,40.0,55.0,35.0,50.0,45.0,1.0,2.0,2.0,2.0,1.0,2.0,2.0,2.0,2.0,2.0,2.0,1.0,1.0,2.0,1.0,2.0,1.0,2.0,2.0,1.0,1.0,2.0,1.0,2.0,1.0,2.0,1.0,1.0,2.0,2.0,2.0,1.0,2.0,2.0,1.0,2.0,1.0,2.0,2.0,2.0
520,4,4,4,2,3,4,4,3,2,2,70.0,,,2.0,,,,,,,6.0,,1.0,54.0,,1.0,,,,,,,,2.0,5.0,5.0,15.0,,,1.0,4.0,,,,1.0,5.0,,1.0,1.0,1.0,1.0,1.0,1.0,1.0,1.0,1.0,1.0,,,,,,,6,3,3,3,3,5,6,6,4,2.0,65.0,60.0,60.0,35.0,45.0,60.0,60.0,40.0,35.0,35.0,1.0,1.0,2.0,2.0,1.0,1.0,2.0,1.0,1.0,2.0,1.0,1.0,2.0,2.0,2.0,1.0,2.0,1.0,1.0,2.0,2.0,2.0,1.0,2.0,2.0,1.0,1.0,1.0,1.0,1.0,2.0,1.0,2.0,1.0,1.0,1.0,1.0,1.0,2.0,1.0
453,4,4,4,2,3,4,4,3,2,3,,30.0,5.0,,,,,5.0,4.0,2.0,,6.0,1.0,54.0,,1.0,,3.0,4.0,5.0,,,,,,,,15.0,1.0,,,,3.0,,1.0,,5.0,,,,,,,,,,,1.0,1.0,1.0,1.0,1.0,1.0,6,3,2,3,3,5,6,6,3,1.0,70.0,65.0,65.0,40.0,50.0,65.0,65.0,45.0,35.0,45.0,1.0,1.0,2.0,2.0,2.0,1.0,1.0,2.0,1.0,1.0,1.0,1.0,1.0,2.0,1.0,1.0,2.0,2.0,1.0,1.0,1.0,2.0,1.0,1.0,1.0,1.0,1.0,2.0,1.0,1.0,1.0,1.0,2.0,1.0,1.0,1.0,1.0,2.0,2.0,1.0
810,5,5,5,5,5,5,5,5,1,2,70.0,,,2.0,,,,3.0,4.0,2.0,6.0,,1.0,54.0,,1.0,,,,,,,,3.0,5.0,6.0,,18.0,1.0,,,,2.0,1.0,,5.0,,1.0,1.0,1.0,1.0,1.0,1.0,1.0,1.0,1.0,1.0,,,,,,,6,3,4,3,3,5,6,5,4,2.0,60.0,55.0,58.0,65.0,68.0,62.0,70.0,60.0,40.0,45.0,2.0,2.0,2.0,2.0,2.0,1.0,2.0,2.0,2.0,1.0,1.0,2.0,2.0,2.0,1.0,2.0,2.0,2.0,2.0,1.0,2.0,2.0,1.0,2.0,1.0,2.0,1.0,2.0,2.0,2.0,2.0,1.0,2.0,1.0,2.0,1.0,2.0,2.0,2.0,1.0
86,2,3,3,1,2,3,3,1,1,1,,30.0,1.0,,5.0,4.0,2.0,,,,,6.0,,,1.0,1.0,,2.0,4.0,5.0,,,,,,,15.0,,1.0,,,3.0,,1.0,,,5.0,1.0,1.0,1.0,1.0,1.0,1.0,1.0,1.0,1.0,1.0,,,,,,,6,3,2,2,3,5,6,6,3,2.0,40.0,50.0,50.0,20.0,30.0,50.0,50.0,20.0,20.0,20.0,2.0,1.0,1.0,1.0,2.0,2.0,1.0,1.0,1.0,2.0,2.0,1.0,1.0,2.0,2.0,1.0,2.0,1.0,2.0,1.0,1.0,2.0,2.0,1.0,1.0,1.0,1.0,2.0,1.0,1.0,1.0,1.0,2.0,1.0,1.0,1.0,1.0,2.0,1.0,1.0
963,4,4,4,4,4,4,4,4,2,2,70.0,,,2.0,3.0,4.0,5.0,,,,6.0,,,,2.0,,2.0,,,,,,,4.0,4.0,5.0,,18.0,1.0,,,6.0,,1.0,,,4.0,,,,,,,,,,,1.0,1.0,1.0,1.0,1.0,1.0,6,4,5,4,3,5,6,5,3,2.0,55.0,50.0,52.0,60.0,62.0,58.0,65.0,54.0,40.0,42.0,1.0,1.0,2.0,1.0,1.0,1.0,2.0,1.0,1.0,2.0,1.0,2.0,2.0,1.0,2.0,2.0,1.0,1.0,2.0,1.0,1.0,2.0,1.0,1.0,1.0,1.0,2.0,1.0,2.0,1.0,1.0,1.0,2.0,2.0,1.0,1.0,1.0,1.0,2.0,1.0
284,4,4,4,4,4,4,4,4,2,3,,30.0,4.0,,3.0,4.0,5.0,,,,6.0,,,,2.0,,2.0,,,,,,,3.0,4.0,5.0,,15.0,,2.0,,5.0,,,1.0,4.0,,,,,,,,,,,,1.0,1.0,1.0,1.0,1.0,1.0,6,3,4,4,2,5,6,6,3,2.0,55.0,50.0,52.0,60.0,62.0,58.0,65.0,54.0,40.0,45.0,1.0,2.0,2.0,1.0,2.0,1.0,2.0,2.0,1.0,2.0,1.0,2.0,1.0,1.0,2.0,2.0,1.0,1.0,2.0,1.0,2.0,2.0,1.0,1.0,2.0,1.0,1.0,1.0,2.0,2.0,2.0,1.0,2.0,2.0,2.0,1.0,2.0,2.0,2.0,1.0
498,4,5,5,2,4,5,5,3,2,3,,30.0,,2.0,,,,5.0,4.0,2.0,,6.0,1.0,54.0,,,2.0,,,,2.0,5.0,5.0,,,,,15.0,1.0,,,4.0,,1.0,,,5.0,1.0,1.0,1.0,1.0,1.0,1.0,1.0,1.0,1.0,1.0,,,,,,,7,3,4,3,3,5,6,6,3,2.0,65.0,75.0,80.0,40.0,60.0,75.0,70.0,50.0,35.0,45.0,2.0,1.0,1.0,2.0,1.0,1.0,2.0,2.0,1.0,1.0,1.0,1.0,1.0,1.0,1.0,1.0,1.0,2.0,2.0,1.0,1.0,1.0,1.0,1.0,1.0,2.0,1.0,1.0,1.0,1.0,1.0,1.0,2.0,1.0,1.0,1.0,1.0,1.0,2.0,1.0
111,2,3,2,2,3,2,4,2,4,3,70.0,,2.0,,,,,3.0,4.0,2.0,5.0,,,,2.0,,2.0,,,,3.0,4.0,5.0,,,,,15.0,,2.0,,6.0,,1.0,,4.0,,1.0,1.0,1.0,1.0,1.0,1.0,1.0,1.0,1.0,1.0,,,,,,,6,3,4,4,3,5,6,5,3,2.0,40.0,35.0,38.0,45.0,50.0,30.0,55.0,35.0,60.0,40.0,2.0,1.0,1.0,2.0,1.0,1.0,1.0,2.0,1.0,1.0,2.0,2.0,2.0,2.0,1.0,2.0,2.0,1.0,1.0,1.0,1.0,2.0,2.0,1.0,2.0,1.0,2.0,2.0,1.0,1.0,2.0,2.0,1.0,1.0,2.0,2.0,1.0,1.0,2.0,2.0
47,2,3,3,2,3,3,3,2,1,1,70.0,,2.0,,5.0,4.0,2.0,,,,,6.0,,,1.0,,2.0,,,,2.0,4.0,5.0,,,,,15.0,1.0,,4.0,,,,1.0,5.0,,1.0,1.0,1.0,1.0,1.0,1.0,1.0,1.0,1.0,1.0,,,,,,,6,3,3,3,3,5,5,5,4,2.0,40.0,35.0,35.0,30.0,35.0,35.0,35.0,30.0,20.0,20.0,2.0,2.0,1.0,1.0,1.0,1.0,2.0,1.0,2.0,1.0,1.0,2.0,1.0,1.0,1.0,1.0,1.0,1.0,1.0,1.0,1.0,2.0,1.0,1.0,1.0,1.0,1.0,1.0,1.0,1.0,1.0,2.0,1.0,1.0,1.0,1.0,1.0,2.0,1.0,2.0
459,4,4,4,4,4,4,5,4,2,2,,30.0,,2.0,,,,3.0,5.0,4.0,6.0,,1.0,40.0,,1.0,,,,,2.0,4.0,5.0,,,,18.0,,1.0,,,6.0,,,1.0,,5.0,1.0,1.0,1.0,1.0,1.0,1.0,1.0,1.0,1.0,1.0,,,,,,,6,3,4,4,3,5,6,6,3,2.0,55.0,50.0,52.0,60.0,62.0,58.0,65.0,54.0,40.0,38.0,2.0,2.0,2.0,1.0,1.0,2.0,1.0,1.0,2.0,1.0,2.0,2.0,2.0,1.0,1.0,1.0,2.0,1.0,1.0,1.0,1.0,2.0,2.0,1.0,1.0,2.0,1.0,2.0,1.0,2.0,1.0,1.0,1.0,1.0,1.0,2.0,2.0,1.0,1.0,1.0
336,2,3,2,2,2,2,3,2,4,4,,30.0,,2.0,,,,3.0,4.0,2.0,5.0,,1.0,54.0,,,2.0,2.0,3.0,4.0,,,,,,,18.0,,1.0,,,,3.0,1.0,,3.0,,1.0,1.0,1.0,1.0,1.0,1.0,1.0,1.0,1.0,1.0,,,,,,,6,3,4,3,3,5,6,5,3,2.0,45.0,40.0,42.0,38.0,40.0,35.0,50.0,40.0,55.0,50.0,2.0,2.0,2.0,1.0,2.0,2.0,1.0,1.0,1.0,2.0,1.0,2.0,2.0,1.0,1.0,2.0,2.0,1.0,1.0,2.0,1.0,1.0,1.0,2.0,1.0,1.0,2.0,1.0,1.0,1.0,1.0,2.0,2.0,2.0,1.0,2.0,2.0,1.0,1.0,2.0
245,2,4,4,2,4,4,4,3,2,2,70.0,,,2.0,5.0,4.0,2.0,,,,,6.0,,,1.0,1.0,,,,,,,,2.0,4.0,5.0,15.0,,1.0,,,,3.0,,1.0,,5.0,,,,,,,,,,,1.0,1.0,1.0,1.0,1.0,1.0,6,3,3,3,3,5,6,6,3,2.0,40.0,60.0,60.0,30.0,60.0,60.0,60.0,50.0,40.0,40.0,1.0,1.0,2.0,2.0,2.0,2.0,1.0,2.0,2.0,1.0,1.0,1.0,1.0,1.0,1.0,1.0,1.0,1.0,2.0,1.0,1.0,1.0,1.0,1.0,1.0,1.0,1.0,2.0,1.0,1.0,1.0,1.0,1.0,2.0,1.0,1.0,1.0,2.0,1.0,1.0
32,5,5,5,5,5,5,5,5,2,2,,30.0,6.0,,5.0,4.0,2.0,,,,,6.0,,,1.0,1.0,,2.0,5.0,5.0,,,,,,,,15.0,1.0,,4.0,,,1.0,,,5.0,1.0,1.0,1.0,1.0,1.0,1.0,1.0,1.0,1.0,1.0,,,,,,,6,3,2,2,3,5,6,6,4,2.0,80.0,80.0,85.0,85.0,80.0,85.0,80.0,75.0,30.0,30.0,2.0,1.0,2.0,1.0,2.0,2.0,1.0,2.0,1.0,2.0,1.0,1.0,1.0,1.0,1.0,1.0,2.0,2.0,2.0,1.0,1.0,1.0,1.0,1.0,1.0,2.0,1.0,1.0,1.0,2.0,2.0,1.0,1.0,1.0,1.0,1.0,1.0,1.0,1.0,1.0
6,4,4,4,2,3,4,4,3,2,2,,30.0,2.0,,5.0,4.0,2.0,,,,6.0,,,,1.0,,2.0,,,,,,,2.0,5.0,5.0,15.0,,,1.0,,,3.0,1.0,,5.0,,,,,,,,,,,,1.0,1.0,1.0,1.0,1.0,1.0,6,3,3,3,3,5,6,6,4,2.0,70.0,65.0,65.0,45.0,50.0,65.0,65.0,50.0,40.0,40.0,1.0,2.0,2.0,1.0,1.0,1.0,2.0,2.0,1.0,1.0,2.0,1.0,2.0,2.0,1.0,1.0,2.0,2.0,1.0,1.0,1.0,2.0,1.0,2.0,1.0,1.0,1.0,1.0,1.0,1.0,1.0,1.0,2.0,1.0,1.0,1.0,1.0,2.0,1.0,1.0
343,4,4,4,5,5,5,5,4,1,2,,30.0,,2.0,3.0,4.0,5.0,,,,6.0,,,,2.0,1.0,,,,,4.0,4.0,5.0,,,,16.0,,1.0,,,,3.0,,1.0,4.0,,,,,,,,,,,,1.0,1.0,1.0,1.0,1.0,1.0,6,3,4,4,2,5,6,6,3,2.0,55.0,50.0,52.0,60.0,65.0,62.0,70.0,55.0,40.0,45.0,2.0,2.0,1.0,2.0,2.0,2.0,1.0,2.0,2.0,2.0,2.0,2.0,2.0,2.0,2.0,1.0,2.0,2.0,2.0,2.0,2.0,1.0,2.0,2.0,1.0,2.0,1.0,2.0,1.0,2.0,2.0,1.0,2.0,2.0,2.0,2.0,1.0,2.0,2.0,2.0
230,4,4,4,4,4,4,5,4,2,2,70.0,,3.0,,3.0,4.0,5.0,,,,,6.0,,,2.0,1.0,,,,,3.0,4.0,5.0,,,,18.0,,,2.0,5.0,,,,1.0,,5.0,1.0,1.0,1.0,1.0,1.0,1.0,1.0,1.0,1.0,1.0,,,,,,,6,3,4,4,3,5,6,5,3,2.0,55.0,50.0,52.0,60.0,62.0,58.0,65.0,54.0,40.0,38.0,2.0,1.0,1.0,1.0,1.0,1.0,2.0,2.0,1.0,2.0,2.0,2.0,2.0,1.0,1.0,2.0,2.0,1.0,2.0,1.0,1.0,2.0,1.0,2.0,1.0,1.0,2.0,1.0,2.0,1.0,2.0,2.0,2.0,1.0,2.0,1.0,2.0,1.0,2.0,1.0
865,2,3,3,2,3,3,4,2,4,3,,30.0,,2.0,5.0,4.0,2.0,,,,,6.0,1.0,54.0,,,2.0,3.0,4.0,5.0,,,,,,,,15.0,,1.0,4.0,,,,1.0,5.0,,,,,,,,,,,,1.0,1.0,1.0,1.0,1.0,1.0,6,3,2,3,3,5,6,6,4,2.0,40.0,50.0,50.0,35.0,45.0,45.0,55.0,40.0,50.0,45.0,1.0,2.0,2.0,1.0,1.0,1.0,1.0,1.0,2.0,1.0,1.0,1.0,2.0,2.0,1.0,2.0,1.0,1.0,1.0,1.0,1.0,2.0,1.0,1.0,2.0,1.0,1.0,1.0,1.0,1.0,1.0,1.0,1.0,2.0,2.0,1.0,1.0,1.0,1.0,2.0
916,2,2,2,2,2,2,3,2,4,4,,30.0,,2.0,,,,3.0,4.0,3.0,6.0,,1.0,40.0,,1.0,,,,,,,,2.0,4.0,4.0,,0.0,,2.0,,6.0,,,1.0,,4.0,1.0,1.0,1.0,1.0,1.0,1.0,1.0,1.0,1.0,1.0,,,,,,,6,3,4,3,3,5,6,5,3,2.0,55.0,50.0,50.0,60.0,60.0,55.0,65.0,50.0,45.0,40.0,2.0,2.0,1.0,1.0,2.0,1.0,1.0,1.0,1.0,1.0,2.0,1.0,1.0,2.0,1.0,2.0,2.0,2.0,2.0,2.0,1.0,2.0,2.0,2.0,2.0,1.0,1.0,1.0,2.0,1.0,1.0,1.0,2.0,2.0,2.0,2.0,1.0,2.0,2.0,2.0
164,4,4,4,2,3,4,4,3,2,2,70.0,,,2.0,,,,5.0,4.0,2.0,,6.0,,,1.0,,2.0,,,,2.0,4.0,5.0,,,,,15.0,1.0,,4.0,,,1.0,,,5.0,,,,,,,,,,,1.0,1.0,1.0,1.0,1.0,1.0,7,3,2,3,3,5,6,6,3,2.0,70.0,65.0,70.0,40.0,50.0,65.0,65.0,50.0,40.0,40.0,2.0,1.0,1.0,2.0,1.0,2.0,1.0,2.0,1.0,1.0,2.0,2.0,2.0,1.0,1.0,2.0,2.0,2.0,1.0,1.0,1.0,1.0,2.0,1.0,1.0,2.0,1.0,1.0,2.0,2.0,1.0,1.0,1.0,2.0,2.0,1.0,2.0,1.0,1.0,2.0
382,3,3,3,3,3,3,4,3,2,2,70.0,,,2.0,3.0,4.0,5.0,,,,,5.0,,,2.0,1.0,,2.0,4.0,5.0,,,,,,,,20.0,,2.0,4.0,,,1.0,,,4.0,,,,,,,,,,,1.0,1.0,1.0,1.0,1.0,1.0,6,3,4,4,2,5,6,6,3,2.0,50.0,50.0,50.0,55.0,60.0,55.0,65.0,50.0,40.0,40.0,2.0,2.0,2.0,1.0,1.0,2.0,2.0,1.0,2.0,1.0,2.0,2.0,2.0,2.0,1.0,1.0,2.0,1.0,2.0,2.0,1.0,1.0,2.0,2.0,1.0,2.0,2.0,1.0,1.0,2.0,1.0,2.0,2.0,1.0,1.0,1.0,1.0,1.0,2.0,2.0
778,5,5,5,4,4,5,5,4,2,2,70.0,,5.0,,5.0,4.0,2.0,,,,6.0,,1.0,54.0,,,2.0,,,,2.0,5.0,5.0,,,,,15.0,,1.0,,,3.0,,1.0,5.0,,1.0,1.0,1.0,1.0,1.0,1.0,1.0,1.0,1.0,1.0,,,,,,,7,3,3,3,3,5,6,6,4,2.0,75.0,75.0,75.0,60.0,60.0,75.0,75.0,60.0,40.0,40.0,1.0,2.0,1.0,2.0,2.0,2.0,1.0,2.0,2.0,1.0,1.0,1.0,1.0,1.0,2.0,2.0,2.0,1.0,1.0,1.0,2.0,1.0,1.0,1.0,1.0,2.0,1.0,1.0,2.0,1.0,2.0,2.0,1.0,1.0,1.0,2.0,2.0,1.0,1.0,1.0
895,5,5,5,3,4,5,5,5,2,2,,30.0,5.0,,,,,5.0,4.0,2.0,6.0,,,,1.0,,2.0,,,,2.0,5.0,5.0,,,,15.0,,,1.0,4.0,,,,1.0,,5.0,,,,,,,,,,,1.0,1.0,1.0,1.0,1.0,1.0,7,3,3,3,3,5,6,6,4,2.0,75.0,70.0,75.0,50.0,60.0,75.0,75.0,70.0,40.0,40.0,1.0,1.0,2.0,1.0,1.0,2.0,1.0,2.0,2.0,1.0,1.0,1.0,2.0,1.0,1.0,1.0,1.0,2.0,1.0,1.0,1.0,1.0,1.0,2.0,1.0,1.0,1.0,1.0,1.0,2.0,1.0,1.0,1.0,2.0,1.0,1.0,2.0,1.0,1.0,1.0
372,2,4,4,2,3,4,4,2,2,3,70.0,,4.0,,5.0,4.0,2.0,,,,6.0,,1.0,54.0,,,2.0,,,,,,,2.0,4.0,5.0,,15.0,1.0,,,,3.0,,1.0,5.0,,,,,,,,,,,,1.0,1.0,1.0,1.0,1.0,1.0,6,2,3,3,3,5,6,6,4,2.0,40.0,60.0,60.0,40.0,50.0,60.0,60.0,40.0,40.0,50.0,1.0,1.0,2.0,2.0,1.0,1.0,1.0,2.0,1.0,1.0,1.0,2.0,1.0,1.0,1.0,1.0,2.0,1.0,1.0,2.0,1.0,1.0,1.0,1.0,2.0,2.0,1.0,1.0,2.0,1.0,1.0,1.0,1.0,1.0,1.0,1.0,1.0,1.0,2.0,1.0
788,4,4,4,4,4,4,4,4,2,2,70.0,,,2.0,,,,3.0,4.0,3.0,,6.0,,,2.0,,2.0,,,,,,,3.0,4.0,4.0,20.0,,1.0,,3.0,,,,1.0,4.0,,1.0,1.0,1.0,1.0,1.0,1.0,1.0,1.0,1.0,1.0,,,,,,,6,3,4,4,2,5,5,5,3,2.0,60.0,55.0,55.0,65.0,65.0,60.0,70.0,60.0,40.0,40.0,2.0,2.0,2.0,2.0,2.0,2.0,2.0,2.0,2.0,2.0,2.0,2.0,2.0,2.0,2.0,2.0,2.0,2.0,2.0,2.0,2.0,2.0,1.0,2.0,2.0,2.0,2.0,2.0,2.0,2.0,2.0,2.0,2.0,2.0,2.0,2.0,2.0,1.0,2.0,2.0
201,4,4,4,4,4,4,5,4,2,2,,30.0,,2.0,,,,3.0,5.0,4.0,,6.0,,,2.0,,2.0,,,,3.0,4.0,5.0,,,,,15.0,,2.0,,6.0,,,1.0,,5.0,1.0,1.0,1.0,1.0,1.0,1.0,1.0,1.0,1.0,1.0,,,,,,,6,3,4,3,3,5,6,5,3,2.0,60.0,55.0,60.0,65.0,70.0,60.0,75.0,60.0,40.0,40.0,2.0,2.0,1.0,2.0,2.0,2.0,1.0,1.0,1.0,1.0,1.0,2.0,2.0,1.0,1.0,2.0,2.0,2.0,2.0,2.0,1.0,1.0,2.0,1.0,2.0,1.0,2.0,1.0,2.0,1.0,2.0,1.0,1.0,1.0,2.0,2.0,1.0,2.0,1.0,2.0
194,3,3,3,4,4,4,4,4,2,2,,30.0,,2.0,3.0,4.0,5.0,,,,,6.0,,,2.0,,2.0,,,,,,,3.0,4.0,5.0,,0.0,,2.0,,6.0,,1.0,,,4.0,,,,,,,,,,,1.0,1.0,1.0,1.0,1.0,1.0,6,3,4,4,2,5,6,6,3,2.0,50.0,45.0,48.0,60.0,62.0,58.0,65.0,55.0,40.0,38.0,2.0,2.0,2.0,1.0,2.0,1.0,2.0,1.0,2.0,2.0,1.0,1.0,1.0,2.0,2.0,1.0,1.0,2.0,2.0,1.0,1.0,2.0,1.0,1.0,2.0,2.0,1.0,1.0,1.0,1.0,1.0,1.0,2.0,1.0,1.0,1.0,1.0,1.0,2.0,1.0
854,4,5,4,5,5,4,5,5,2,2,,30.0,,2.0,,,,3.0,4.0,2.0,,6.0,,,2.0,,2.0,,,,,,,3.0,4.0,5.0,18.0,,,2.0,,6.0,,,1.0,,5.0,1.0,1.0,1.0,1.0,1.0,1.0,1.0,1.0,1.0,1.0,,,,,,,6,3,4,3,3,5,6,5,3,2.0,60.0,55.0,58.0,65.0,70.0,60.0,75.0,68.0,40.0,42.0,2.0,1.0,1.0,2.0,1.0,1.0,1.0,1.0,2.0,1.0,1.0,1.0,2.0,2.0,2.0,1.0,1.0,2.0,2.0,2.0,1.0,1.0,2.0,2.0,1.0,2.0,2.0,1.0,2.0,2.0,2.0,2.0,1.0,1.0,2.0,1.0,2.0,2.0,2.0,1.0
927,2,3,2,2,3,2,4,2,4,3,70.0,,2.0,,2.0,3.0,5.0,,,,6.0,,1.0,54.0,,,2.0,,,,,,,3.0,4.0,5.0,18.0,,1.0,,,6.0,,,1.0,,4.0,,,,,,,,,,,1.0,1.0,1.0,1.0,1.0,1.0,6,3,4,4,2,5,6,5,3,2.0,45.0,40.0,42.0,50.0,55.0,48.0,60.0,40.0,52.0,44.0,1.0,1.0,2.0,1.0,1.0,1.0,1.0,1.0,2.0,1.0,2.0,2.0,1.0,2.0,1.0,1.0,2.0,1.0,2.0,1.0,1.0,1.0,1.0,1.0,2.0,1.0,1.0,1.0,2.0,2.0,2.0,2.0,2.0,1.0,1.0,2.0,2.0,1.0,1.0,1.0
155,2,2,2,2,2,2,4,2,4,4,,30.0,,2.0,3.0,4.0,6.0,,,,6.0,,,,2.0,1.0,,2.0,4.0,5.0,,,,,,,18.0,,,2.0,,5.0,,1.0,,3.0,,,,,,,,,,,,1.0,1.0,1.0,1.0,1.0,1.0,6,3,4,4,2,5,6,6,3,2.0,40.0,35.0,38.0,45.0,50.0,40.0,55.0,38.0,48.0,48.0,1.0,1.0,1.0,2.0,1.0,1.0,2.0,1.0,2.0,2.0,2.0,2.0,1.0,1.0,2.0,1.0,2.0,1.0,1.0,2.0,2.0,2.0,2.0,1.0,1.0,1.0,1.0,2.0,2.0,1.0,2.0,1.0,2.0,2.0,2.0,1.0,2.0,2.0,2.0,2.0
749,2,2,2,2,2,2,4,2,4,4,,30.0,,2.0,3.0,4.0,6.0,,,,,5.0,,,2.0,,2.0,2.0,4.0,5.0,,,,,,,,18.0,,2.0,,6.0,,,1.0,,4.0,1.0,1.0,1.0,1.0,1.0,1.0,1.0,1.0,1.0,1.0,,,,,,,6,3,5,4,3,5,6,5,3,2.0,40.0,38.0,37.0,35.0,36.0,34.0,50.0,38.0,48.0,47.0,1.0,1.0,1.0,1.0,1.0,1.0,1.0,1.0,2.0,1.0,2.0,1.0,2.0,2.0,2.0,1.0,1.0,2.0,1.0,1.0,2.0,1.0,1.0,1.0,1.0,2.0,2.0,1.0,1.0,2.0,2.0,1.0,2.0,1.0,2.0,2.0,1.0,2.0,1.0,2.0
821,3,4,4,4,4,4,5,4,2,2,,30.0,,2.0,,,,3.0,4.0,3.0,,6.0,1.0,54.0,,1.0,,,,,3.0,4.0,5.0,,,,18.0,,,2.0,4.0,,,1.0,,,4.0,1.0,1.0,1.0,1.0,1.0,1.0,1.0,1.0,1.0,1.0,,,,,,,6,3,4,3,3,5,6,5,3,2.0,55.0,60.0,58.0,62.0,65.0,60.0,70.0,60.0,40.0,45.0,2.0,2.0,2.0,2.0,2.0,2.0,2.0,1.0,1.0,1.0,1.0,1.0,1.0,2.0,1.0,2.0,1.0,1.0,1.0,2.0,2.0,2.0,1.0,1.0,1.0,1.0,2.0,1.0,2.0,2.0,1.0,1.0,2.0,2.0,1.0,2.0,1.0,1.0,2.0,2.0
952,5,5,5,5,5,5,5,5,2,2,30.0,,5.0,,5.0,4.0,2.0,,,,,6.0,1.0,54.0,,1.0,,,,,,,,2.0,5.0,5.0,,15.0,1.0,,,4.0,,,1.0,5.0,,1.0,1.0,1.0,1.0,1.0,1.0,1.0,1.0,1.0,1.0,,,,,,,7,3,3,3,3,5,6,6,4,2.0,75.0,80.0,85.0,85.0,80.0,85.0,80.0,75.0,40.0,40.0,1.0,1.0,1.0,1.0,2.0,2.0,1.0,1.0,1.0,1.0,1.0,1.0,2.0,1.0,1.0,1.0,1.0,1.0,1.0,1.0,2.0,1.0,1.0,2.0,1.0,1.0,2.0,1.0,2.0,1.0,1.0,2.0,2.0,1.0,1.0,1.0,1.0,1.0,2.0,1.0
120,1,2,2,1,2,3,4,1,1,1,40.0,,,2.0,,,,5.0,4.0,2.0,,6.0,,,1.0,,2.0,3.0,4.0,5.0,,,,,,,15.0,,1.0,,4.0,,,,1.0,,5.0,1.0,1.0,1.0,1.0,1.0,1.0,1.0,1.0,1.0,1.0,,,,,,,6,3,3,3,3,5,6,6,4,2.0,30.0,40.0,40.0,25.0,35.0,50.0,60.0,25.0,20.0,20.0,2.0,1.0,1.0,2.0,1.0,2.0,1.0,1.0,1.0,2.0,1.0,2.0,1.0,1.0,1.0,2.0,2.0,1.0,2.0,2.0,1.0,2.0,1.0,1.0,2.0,1.0,2.0,1.0,1.0,2.0,2.0,2.0,1.0,1.0,2.0,1.0,1.0,1.0,1.0,1.0
993,5,5,5,5,5,5,5,5,1,2,70.0,,,2.0,3.0,4.0,6.0,,,,,6.0,,,2.0,1.0,,2.0,4.0,5.0,,,,,,,,16.0,,2.0,,,3.0,1.0,,,5.0,,,,,,,,,,,1.0,1.0,1.0,1.0,1.0,1.0,6,3,4,4,2,5,6,6,3,2.0,60.0,55.0,60.0,65.0,70.0,60.0,75.0,60.0,40.0,35.0,2.0,2.0,2.0,2.0,1.0,2.0,2.0,1.0,2.0,2.0,2.0,2.0,1.0,2.0,1.0,2.0,2.0,1.0,2.0,1.0,1.0,2.0,2.0,1.0,2.0,1.0,1.0,1.0,2.0,1.0,1.0,2.0,1.0,1.0,2.0,1.0,1.0,2.0,2.0,2.0
76,1,2,2,1,2,2,2,1,5,4,,30.0,2.0,,,,,2.0,4.0,2.0,5.0,,,,2.0,1.0,,,,,,,,1.0,2.0,2.0,,0.0,,2.0,,9.0,,1.0,,3.0,,1.0,1.0,1.0,1.0,1.0,1.0,1.0,1.0,1.0,1.0,,,,,,,6,2,3,2,2,5,6,6,2,1.0,30.0,35.0,35.0,30.0,35.0,35.0,35.0,30.0,60.0,50.0,2.0,2.0,1.0,1.0,1.0,2.0,2.0,1.0,2.0,2.0,2.0,2.0,2.0,1.0,1.0,1.0,2.0,2.0,1.0,1.0,2.0,2.0,1.0,2.0,1.0,1.0,2.0,2.0,1.0,2.0,1.0,2.0,2.0,2.0,2.0,2.0,2.0,2.0,2.0,2.0
468,2,3,4,2,3,4,4,2,1,2,70.0,,5.0,,,,,5.0,4.0,2.0,,6.0,1.0,54.0,,1.0,,,,,,,,2.0,4.0,5.0,15.0,,,1.0,4.0,,,1.0,,5.0,,1.0,1.0,1.0,1.0,1.0,1.0,1.0,1.0,1.0,1.0,,,,,,,6,3,2,3,3,5,6,5,4,2.0,40.0,50.0,60.0,35.0,45.0,55.0,55.0,35.0,20.0,30.0,2.0,2.0,1.0,2.0,1.0,2.0,1.0,2.0,1.0,1.0,2.0,1.0,1.0,2.0,1.0,1.0,1.0,1.0,1.0,1.0,1.0,1.0,2.0,1.0,1.0,1.0,1.0,2.0,1.0,1.0,2.0,1.0,1.0,1.0,1.0,2.0,1.0,2.0,1.0,1.0
307,2,2,2,2,2,2,4,2,4,4,,30.0,,2.0,,,,3.0,5.0,4.0,,5.0,1.0,54.0,,1.0,,,,,2.0,4.0,5.0,,,,5.0,,1.0,,,,2.0,,1.0,,4.0,1.0,1.0,1.0,1.0,1.0,1.0,1.0,1.0,1.0,1.0,,,,,,,6,3,4,3,3,5,6,5,3,2.0,45.0,40.0,40.0,40.0,45.0,40.0,60.0,40.0,55.0,55.0,1.0,1.0,2.0,2.0,1.0,1.0,2.0,2.0,1.0,1.0,2.0,2.0,1.0,1.0,2.0,1.0,2.0,2.0,1.0,1.0,1.0,1.0,1.0,2.0,1.0,2.0,1.0,1.0,2.0,2.0,2.0,1.0,1.0,2.0,2.0,2.0,1.0,2.0,1.0,2.0
274,4,4,4,1,2,3,4,1,1,2,,30.0,5.0,,5.0,4.0,2.0,,,,6.0,,1.0,54.0,,,2.0,,,,,,,2.0,5.0,5.0,,15.0,,1.0,,4.0,,,1.0,5.0,,1.0,1.0,1.0,1.0,1.0,1.0,1.0,1.0,1.0,1.0,,,,,,,6,3,2,3,3,5,6,6,4,2.0,65.0,60.0,60.0,30.0,40.0,50.0,60.0,25.0,20.0,35.0,2.0,1.0,1.0,1.0,1.0,1.0,2.0,1.0,1.0,2.0,1.0,1.0,2.0,1.0,1.0,1.0,1.0,1.0,1.0,1.0,2.0,1.0,1.0,1.0,1.0,1.0,1.0,1.0,1.0,1.0,1.0,1.0,1.0,1.0,1.0,2.0,1.0,1.0,1.0,1.0
736,5,5,5,4,4,5,5,4,2,2,70.0,,5.0,,5.0,4.0,2.0,,,,,6.0,,,1.0,,2.0,,,,,,,2.0,5.0,5.0,10.0,,,1.0,4.0,,,,1.0,,5.0,1.0,1.0,1.0,1.0,1.0,1.0,1.0,1.0,1.0,1.0,,,,,,,6,3,3,3,3,5,6,6,4,2.0,75.0,75.0,75.0,65.0,65.0,75.0,75.0,65.0,35.0,35.0,1.0,2.0,1.0,2.0,1.0,1.0,1.0,2.0,2.0,2.0,2.0,1.0,2.0,1.0,2.0,1.0,1.0,1.0,2.0,1.0,1.0,2.0,2.0,1.0,2.0,2.0,2.0,1.0,1.0,1.0,2.0,1.0,2.0,1.0,1.0,1.0,2.0,1.0,1.0,2.0
645,2,3,4,1,3,4,4,2,1,2,70.0,,,2.0,5.0,4.0,2.0,,,,,6.0,1.0,54.0,,,2.0,,,,,,,2.0,4.0,5.0,15.0,,,1.0,,4.0,,,1.0,,5.0,1.0,1.0,1.0,1.0,1.0,1.0,1.0,1.0,1.0,1.0,,,,,,,6,3,2,3,3,5,6,6,4,2.0,40.0,50.0,60.0,30.0,50.0,60.0,60.0,40.0,30.0,35.0,1.0,2.0,1.0,1.0,1.0,1.0,1.0,1.0,1.0,1.0,2.0,1.0,1.0,1.0,2.0,1.0,1.0,2.0,1.0,1.0,1.0,2.0,1.0,1.0,2.0,1.0,1.0,1.0,2.0,1.0,1.0,1.0,1.0,1.0,1.0,1.0,1.0,2.0,1.0,2.0
958,4,4,4,4,4,4,5,4,2,2,70.0,,,2.0,,,,3.0,4.0,2.0,6.0,,1.0,54.0,,1.0,,,,,,,,3.0,4.0,5.0,,18.0,,2.0,,,2.0,,1.0,4.0,,,,,,,,,,,,1.0,1.0,1.0,1.0,1.0,1.0,6,3,4,3,3,5,6,5,3,2.0,60.0,55.0,58.0,65.0,68.0,62.0,70.0,60.0,40.0,45.0,2.0,2.0,2.0,2.0,2.0,2.0,2.0,2.0,2.0,2.0,2.0,2.0,1.0,2.0,1.0,1.0,1.0,1.0,1.0,2.0,1.0,2.0,2.0,1.0,1.0,2.0,2.0,1.0,1.0,2.0,2.0,2.0,2.0,2.0,1.0,2.0,1.0,2.0,1.0,1.0
511,5,4,5,5,5,5,5,5,1,1,70.0,,5.0,,,,,3.0,5.0,2.0,6.0,,1.0,54.0,,,2.0,,,,4.0,5.0,6.0,,,,,0.0,,2.0,,,3.0,1.0,,5.0,,,,,,,,,,,,1.0,1.0,1.0,1.0,1.0,1.0,6,3,5,4,2,5,6,5,4,2.0,60.0,55.0,58.0,65.0,68.0,62.0,70.0,60.0,40.0,35.0,1.0,2.0,2.0,1.0,1.0,1.0,1.0,2.0,1.0,1.0,1.0,2.0,2.0,2.0,2.0,1.0,1.0,2.0,2.0,1.0,1.0,1.0,1.0,1.0,1.0,2.0,1.0,1.0,2.0,1.0,2.0,2.0,1.0,2.0,2.0,1.0,1.0,1.0,1.0,2.0
462,2,2,2,2,2,2,4,2,4,2,70.0,,,2.0,3.0,4.0,5.0,,,,,5.0,1.0,30.0,,1.0,,,,,,,,2.0,4.0,4.0,,5.0,,2.0,4.0,,,1.0,,4.0,,1.0,1.0,1.0,1.0,1.0,1.0,1.0,1.0,1.0,1.0,,,,,,,6,3,4,4,3,5,6,5,3,2.0,40.0,35.0,35.0,30.0,35.0,30.0,50.0,35.0,50.0,35.0,2.0,1.0,2.0,1.0,2.0,1.0,2.0,1.0,1.0,2.0,1.0,1.0,1.0,2.0,1.0,2.0,1.0,1.0,2.0,1.0,1.0,2.0,1.0,2.0,2.0,2.0,1.0,1.0,2.0,1.0,2.0,1.0,2.0,2.0,1.0,2.0,1.0,2.0,1.0,1.0
684,5,5,5,5,5,5,5,5,1,2,70.0,,5.0,,,,,3.0,4.0,2.0,,6.0,,,2.0,1.0,,,,,,,,4.0,5.0,6.0,18.0,,1.0,,,,3.0,,1.0,5.0,,1.0,1.0,1.0,1.0,1.0,1.0,1.0,1.0,1.0,1.0,,,,,,,6,3,4,3,3,5,6,5,3,2.0,60.0,55.0,58.0,65.0,68.0,62.0,70.0,60.0,35.0,40.0,2.0,2.0,2.0,2.0,2.0,2.0,1.0,1.0,1.0,1.0,2.0,2.0,2.0,1.0,1.0,1.0,2.0,2.0,2.0,2.0,1.0,1.0,2.0,2.0,2.0,1.0,2.0,1.0,2.0,2.0,1.0,1.0,1.0,2.0,1.0,2.0,1.0,2.0,1.0,2.0
999,2,2,2,2,2,2,4,2,4,4,70.0,,2.0,,3.0,4.0,5.0,,,,6.0,,,,2.0,1.0,,1.0,4.0,5.0,,,,,,,,0.0,,2.0,4.0,,,1.0,,,4.0,,,,,,,,,,,1.0,1.0,1.0,1.0,1.0,1.0,6,3,4,4,2,5,6,6,3,2.0,40.0,45.0,40.0,50.0,55.0,45.0,60.0,40.0,55.0,50.0,2.0,2.0,2.0,1.0,2.0,2.0,1.0,1.0,1.0,2.0,2.0,1.0,1.0,2.0,2.0,2.0,1.0,2.0,1.0,1.0,1.0,1.0,1.0,2.0,1.0,2.0,2.0,2.0,2.0,1.0,2.0,2.0,2.0,1.0,1.0,2.0,1.0,1.0,2.0,1.0
782,5,5,5,5,5,5,5,5,2,2,,30.0,4.0,,,,,3.0,5.0,2.0,,6.0,,,2.0,1.0,,,,,4.0,5.0,6.0,,,,,18.0,,2.0,,,3.0,1.0,,5.0,,1.0,1.0,1.0,1.0,1.0,1.0,1.0,1.0,1.0,1.0,,,,,,,6,3,4,4,3,5,6,6,3,2.0,60.0,55.0,58.0,65.0,70.0,62.0,75.0,60.0,40.0,35.0,1.0,1.0,1.0,2.0,1.0,2.0,2.0,1.0,2.0,1.0,2.0,2.0,2.0,1.0,2.0,2.0,1.0,1.0,1.0,2.0,1.0,1.0,1.0,2.0,1.0,2.0,1.0,1.0,2.0,1.0,2.0,1.0,2.0,1.0,1.0,2.0,2.0,2.0,1.0,1.0
378,5,4,4,5,5,5,5,5,1,2,70.0,,,2.0,,,,4.0,5.0,3.0,,6.0,,,2.0,,2.0,,,,4.0,4.0,5.0,,,,,15.0,,2.0,,6.0,,1.0,,5.0,,1.0,1.0,1.0,1.0,1.0,1.0,1.0,1.0,1.0,1.0,,,,,,,6,3,4,4,3,5,6,6,3,2.0,60.0,55.0,58.0,65.0,70.0,68.0,75.0,60.0,40.0,45.0,2.0,1.0,1.0,1.0,1.0,2.0,2.0,1.0,2.0,1.0,2.0,1.0,1.0,2.0,1.0,1.0,2.0,2.0,2.0,1.0,2.0,2.0,1.0,1.0,1.0,1.0,2.0,2.0,1.0,2.0,1.0,1.0,2.0,1.0,2.0,2.0,1.0,1.0,2.0,1.0
564,5,5,5,4,4,4,5,4,2,2,,30.0,,2.0,3.0,4.0,5.0,,,,,6.0,,,2.0,1.0,,2.0,4.0,5.0,,,,,,,,18.0,1.0,,4.0,,,,1.0,,5.0,1.0,1.0,1.0,1.0,1.0,1.0,1.0,1.0,1.0,1.0,,,,,,,6,3,4,4,3,5,6,6,3,2.0,60.0,55.0,60.0,65.0,65.0,60.0,70.0,60.0,40.0,40.0,1.0,2.0,1.0,2.0,2.0,1.0,2.0,1.0,1.0,2.0,2.0,2.0,2.0,2.0,1.0,2.0,1.0,2.0,2.0,2.0,2.0,2.0,1.0,1.0,1.0,2.0,2.0,2.0,1.0,1.0,1.0,2.0,2.0,2.0,2.0,2.0,1.0,2.0,2.0,1.0
417,5,4,5,4,4,5,5,4,2,2,,30.0,,2.0,5.0,4.0,2.0,,,,,6.0,,,1.0,,2.0,,,,,,,3.0,5.0,5.0,15.0,,1.0,,,4.0,,,1.0,,5.0,1.0,1.0,1.0,1.0,1.0,1.0,1.0,1.0,1.0,1.0,,,,,,,6,3,3,3,3,5,6,6,4,2.0,75.0,70.0,80.0,65.0,65.0,80.0,75.0,70.0,40.0,40.0,2.0,1.0,1.0,2.0,1.0,2.0,1.0,1.0,2.0,1.0,2.0,1.0,1.0,1.0,1.0,1.0,2.0,1.0,1.0,1.0,1.0,1.0,2.0,1.0,1.0,2.0,1.0,1.0,1.0,2.0,1.0,2.0,1.0,1.0,1.0,1.0,1.0,1.0,2.0,1.0
743,2,2,2,2,2,2,4,2,4,4,,30.0,2.0,,,,,3.0,5.0,2.0,,5.0,1.0,40.0,,,2.0,,,,3.0,4.0,5.0,,,,18.0,,,2.0,,6.0,,,1.0,4.0,,,,,,,,,,,,1.0,1.0,1.0,1.0,1.0,1.0,6,3,4,3,3,5,6,5,3,2.0,40.0,35.0,35.0,40.0,45.0,35.0,60.0,40.0,50.0,50.0,2.0,2.0,1.0,2.0,1.0,1.0,2.0,1.0,1.0,2.0,2.0,1.0,2.0,1.0,1.0,1.0,2.0,2.0,1.0,1.0,2.0,1.0,1.0,1.0,2.0,2.0,1.0,1.0,2.0,2.0,2.0,1.0,1.0,2.0,1.0,2.0,2.0,1.0,1.0,1.0
630,5,5,5,5,5,5,5,5,2,2,,30.0,5.0,,5.0,4.0,2.0,,,,,6.0,,,1.0,,2.0,2.0,5.0,5.0,,,,,,,,15.0,1.0,,,3.0,,1.0,,5.0,,,,,,,,,,,,1.0,1.0,1.0,1.0,1.0,1.0,6,3,3,3,3,5,6,6,4,2.0,75.0,75.0,80.0,80.0,80.0,85.0,85.0,75.0,30.0,30.0,2.0,2.0,1.0,2.0,2.0,1.0,2.0,1.0,2.0,1.0,2.0,1.0,1.0,2.0,1.0,2.0,1.0,1.0,2.0,2.0,1.0,1.0,2.0,1.0,1.0,1.0,1.0,1.0,2.0,2.0,1.0,1.0,1.0,1.0,1.0,1.0,2.0,1.0,1.0,2.0
552,5,5,5,5,5,5,5,5,2,2,,30.0,5.0,,5.0,4.0,2.0,,,,6.0,,,,1.0,,2.0,,,,,,,2.0,5.0,5.0,,15.0,1.0,,,4.0,,,1.0,5.0,,1.0,1.0,1.0,1.0,1.0,1.0,1.0,1.0,1.0,1.0,,,,,,,7,3,3,3,3,5,6,6,4,2.0,80.0,75.0,85.0,80.0,80.0,85.0,80.0,75.0,40.0,40.0,1.0,2.0,1.0,2.0,1.0,1.0,1.0,2.0,2.0,1.0,1.0,2.0,1.0,1.0,1.0,1.0,1.0,1.0,1.0,1.0,1.0,1.0,1.0,1.0,1.0,1.0,1.0,2.0,1.0,2.0,1.0,1.0,1.0,1.0,1.0,2.0,2.0,1.0,1.0,1.0
421,2,2,2,2,2,2,4,2,4,4,,30.0,3.0,,3.0,4.0,6.0,,,,6.0,,,,2.0,,2.0,1.0,4.0,4.0,,,,,,,,18.0,1.0,,,6.0,,,1.0,4.0,,1.0,1.0,1.0,1.0,1.0,1.0,1.0,1.0,1.0,1.0,,,,,,,6,3,4,3,3,5,6,5,3,2.0,40.0,38.0,35.0,45.0,50.0,35.0,60.0,40.0,55.0,50.0,1.0,1.0,2.0,1.0,1.0,1.0,1.0,2.0,1.0,2.0,1.0,2.0,2.0,1.0,2.0,1.0,2.0,2.0,1.0,2.0,2.0,2.0,2.0,1.0,1.0,2.0,1.0,2.0,2.0,2.0,1.0,2.0,1.0,2.0,2.0,1.0,2.0,2.0,2.0,1.0
593,4,4,4,4,4,4,5,4,2,2,,30.0,3.0,,,,,4.0,5.0,3.0,6.0,,,,2.0,1.0,,,,,4.0,4.0,5.0,,,,18.0,,1.0,,4.0,,,,1.0,,5.0,1.0,1.0,1.0,1.0,1.0,1.0,1.0,1.0,1.0,1.0,,,,,,,6,3,4,4,3,5,6,6,3,2.0,60.0,55.0,58.0,65.0,68.0,60.0,70.0,55.0,40.0,42.0,1.0,1.0,2.0,1.0,1.0,1.0,1.0,1.0,2.0,2.0,1.0,1.0,2.0,1.0,2.0,1.0,2.0,2.0,1.0,2.0,1.0,1.0,1.0,2.0,1.0,2.0,1.0,2.0,1.0,1.0,1.0,1.0,2.0,1.0,1.0,1.0,2.0,1.0,2.0,1.0
169,5,5,5,2,4,5,5,4,2,2,,30.0,2.0,,,,,5.0,4.0,2.0,6.0,,1.0,54.0,,,2.0,3.0,5.0,5.0,,,,,,,15.0,,,1.0,,4.0,,1.0,,,5.0,,,,,,,,,,,1.0,1.0,1.0,1.0,1.0,1.0,6,3,2,2,3,5,6,6,4,2.0,75.0,70.0,75.0,40.0,60.0,75.0,75.0,60.0,40.0,40.0,1.0,2.0,1.0,2.0,2.0,2.0,1.0,1.0,1.0,1.0,1.0,2.0,1.0,2.0,1.0,1.0,1.0,2.0,1.0,1.0,1.0,1.0,2.0,1.0,1.0,1.0,1.0,1.0,1.0,2.0,2.0,2.0,1.0,2.0,1.0,2.0,1.0,1.0,2.0,2.0
775,5,5,5,5,5,5,5,5,1,2,70.0,,,2.0,,,,3.0,4.0,2.0,6.0,,1.0,54.0,,,2.0,,,,,,,3.0,5.0,6.0,,18.0,,2.0,5.0,,,1.0,,5.0,,1.0,1.0,1.0,1.0,1.0,1.0,1.0,1.0,1.0,1.0,,,,,,,6,3,4,3,2,5,6,6,4,2.0,60.0,55.0,58.0,65.0,68.0,62.0,70.0,60.0,40.0,45.0,2.0,2.0,2.0,1.0,2.0,1.0,1.0,1.0,2.0,1.0,2.0,1.0,1.0,2.0,1.0,1.0,2.0,2.0,2.0,2.0,2.0,2.0,1.0,1.0,2.0,1.0,1.0,2.0,1.0,2.0,1.0,1.0,1.0,1.0,1.0,1.0,1.0,2.0,1.0,2.0
606,4,4,4,2,3,4,4,3,2,2,70.0,,2.0,,,,,5.0,4.0,2.0,,6.0,,,1.0,1.0,,,,,,,,3.0,4.0,5.0,15.0,,1.0,,,3.0,,1.0,,5.0,,1.0,1.0,1.0,1.0,1.0,1.0,1.0,1.0,1.0,1.0,,,,,,,6,3,3,3,3,5,6,6,3,2.0,65.0,60.0,60.0,40.0,45.0,60.0,60.0,40.0,35.0,35.0,1.0,2.0,1.0,1.0,2.0,1.0,1.0,2.0,1.0,2.0,1.0,1.0,1.0,1.0,1.0,1.0,2.0,1.0,1.0,2.0,1.0,1.0,1.0,2.0,2.0,1.0,1.0,2.0,1.0,1.0,2.0,1.0,1.0,1.0,1.0,1.0,1.0,2.0,1.0,1.0
868,2,2,2,2,2,2,4,2,4,4,,30.0,,2.0,,,,3.0,5.0,4.0,,5.0,,,2.0,,2.0,1.0,4.0,5.0,,,,,,,20.0,,1.0,,4.0,,,1.0,,,4.0,,,,,,,,,,,1.0,1.0,1.0,1.0,1.0,1.0,6,3,4,4,3,5,6,6,4,2.0,40.0,35.0,38.0,45.0,50.0,40.0,60.0,35.0,55.0,50.0,,,,,,,,,,,,,,,,,,,,,,,,,,,,,,,,,,,,,,,,
289,4,4,4,4,4,4,4,4,2,2,70.0,,,2.0,3.0,4.0,5.0,,,,,6.0,,,2.0,,2.0,,,,3.0,4.0,5.0,,,,,5.0,1.0,,4.0,,,,1.0,,4.0,,,,,,,,,,,1.0,1.0,1.0,1.0,1.0,1.0,6,3,4,3,3,5,6,5,3,2.0,55.0,50.0,52.0,60.0,62.0,58.0,65.0,54.0,40.0,38.0,2.0,2.0,1.0,1.0,1.0,2.0,1.0,2.0,2.0,2.0,2.0,2.0,1.0,1.0,2.0,1.0,2.0,1.0,2.0,2.0,1.0,1.0,2.0,1.0,2.0,1.0,2.0,2.0,1.0,1.0,2.0,2.0,1.0,2.0,2.0,1.0,1.0,2.0,2.0,1.0
700,5,5,5,3,4,5,5,4,2,3,70.0,,5.0,,5.0,4.0,2.0,,,,,6.0,,,1.0,,2.0,3.0,5.0,5.0,,,,,,,,15.0,1.0,,4.0,,,1.0,,5.0,,1.0,1.0,1.0,1.0,1.0,1.0,1.0,1.0,1.0,1.0,,,,,,,6,3,2,3,3,5,6,6,4,2.0,75.0,70.0,75.0,50.0,60.0,75.0,75.0,60.0,40.0,50.0,1.0,2.0,2.0,1.0,2.0,1.0,1.0,1.0,2.0,1.0,1.0,1.0,1.0,2.0,1.0,1.0,2.0,2.0,1.0,1.0,1.0,1.0,2.0,1.0,2.0,1.0,1.0,1.0,1.0,1.0,1.0,1.0,2.0,1.0,2.0,1.0,1.0,1.0,2.0,1.0
673,2,4,4,2,3,3,4,2,2,3,,30.0,,2.0,,,,,,,6.0,,1.0,54.0,,1.0,,3.0,4.0,5.0,,,,,,,,15.0,,1.0,,,3.0,,1.0,,5.0,,,,,,,,,,,1.0,1.0,1.0,1.0,1.0,1.0,6,2,3,3,3,5,6,6,3,2.0,40.0,60.0,60.0,35.0,45.0,45.0,60.0,35.0,35.0,45.0,1.0,1.0,2.0,2.0,2.0,1.0,1.0,1.0,1.0,2.0,1.0,2.0,1.0,1.0,1.0,2.0,2.0,1.0,1.0,1.0,2.0,1.0,1.0,2.0,1.0,1.0,1.0,1.0,1.0,1.0,1.0,2.0,2.0,1.0,1.0,2.0,2.0,1.0,1.0,2.0
495,4,4,4,5,5,5,5,5,1,2,70.0,,,2.0,3.0,4.0,5.0,,,,,6.0,,,2.0,1.0,,,,,,,,2.0,4.0,5.0,18.0,,,1.0,4.0,,,,1.0,5.0,,,,,,,,,,,,1.0,1.0,1.0,1.0,1.0,1.0,6,3,4,3,3,5,6,5,3,2.0,60.0,55.0,58.0,65.0,70.0,68.0,75.0,60.0,40.0,45.0,1.0,2.0,2.0,1.0,2.0,2.0,2.0,2.0,1.0,2.0,2.0,2.0,1.0,1.0,2.0,2.0,1.0,1.0,2.0,1.0,1.0,1.0,2.0,1.0,2.0,2.0,2.0,1.0,2.0,1.0,1.0,1.0,1.0,1.0,1.0,1.0,2.0,1.0,1.0,2.0
527,4,4,5,3,4,5,5,3,2,2,,30.0,,2.0,4.0,5.0,2.0,,,,,6.0,1.0,54.0,,,2.0,,,,2.0,5.0,5.0,,,,15.0,,,1.0,,4.0,,,1.0,,5.0,1.0,1.0,1.0,1.0,1.0,1.0,1.0,1.0,1.0,1.0,,,,,,,7,3,3,3,3,5,6,6,4,2.0,70.0,65.0,75.0,50.0,60.0,70.0,70.0,50.0,40.0,40.0,2.0,1.0,1.0,1.0,2.0,1.0,2.0,1.0,1.0,1.0,1.0,2.0,1.0,2.0,1.0,1.0,1.0,1.0,1.0,2.0,1.0,2.0,2.0,1.0,1.0,1.0,1.0,1.0,1.0,2.0,1.0,1.0,1.0,1.0,1.0,1.0,2.0,1.0,1.0,1.0
454,4,4,4,4,4,4,4,4,2,2,70.0,,,2.0,3.0,4.0,5.0,,,,,5.0,,,2.0,1.0,,2.0,4.0,5.0,,,,,,,,15.0,1.0,,,,3.0,1.0,,4.0,,,,,,,,,,,,1.0,1.0,1.0,1.0,1.0,1.0,6,3,4,4,2,5,6,5,3,2.0,55.0,50.0,52.0,60.0,65.0,58.0,70.0,60.0,40.0,35.0,1.0,2.0,2.0,1.0,1.0,2.0,2.0,2.0,1.0,1.0,1.0,1.0,1.0,1.0,2.0,1.0,1.0,2.0,2.0,2.0,1.0,1.0,1.0,1.0,1.0,2.0,2.0,1.0,2.0,2.0,2.0,1.0,2.0,1.0,1.0,2.0,1.0,1.0,1.0,2.0
248,2,2,2,1,2,2,3,1,5,4,70.0,,,1.0,,,,3.0,4.0,2.0,6.0,,,,2.0,,2.0,,,,2.0,4.0,5.0,,,,18.0,,1.0,,4.0,,,,1.0,3.0,,,,,,,,,,,,1.0,1.0,1.0,1.0,1.0,1.0,6,3,4,4,2,5,6,6,3,2.0,45.0,40.0,42.0,50.0,55.0,48.0,60.0,38.0,52.0,44.0,2.0,1.0,1.0,1.0,2.0,2.0,2.0,2.0,1.0,1.0,2.0,2.0,2.0,1.0,1.0,1.0,1.0,1.0,1.0,1.0,1.0,1.0,2.0,1.0,1.0,1.0,2.0,1.0,1.0,1.0,1.0,2.0,1.0,2.0,1.0,2.0,2.0,1.0,2.0,1.0
817,2,3,3,1,3,3,3,1,1,2,,30.0,2.0,,,,,5.0,4.0,2.0,6.0,,1.0,54.0,,,2.0,,,,2.0,4.0,5.0,,,,15.0,,1.0,,4.0,,,1.0,,,5.0,,,,,,,,,,,1.0,1.0,1.0,1.0,1.0,1.0,6,2,3,3,3,5,6,6,4,2.0,30.0,40.0,40.0,20.0,40.0,40.0,40.0,20.0,20.0,30.0,2.0,2.0,2.0,2.0,1.0,1.0,1.0,1.0,2.0,1.0,1.0,1.0,2.0,1.0,1.0,2.0,2.0,1.0,1.0,2.0,1.0,1.0,2.0,1.0,1.0,1.0,1.0,1.0,1.0,1.0,1.0,1.0,1.0,1.0,1.0,1.0,1.0,2.0,2.0,1.0
964,1,2,2,2,2,2,4,1,4,4,,30.0,,2.0,,,,3.0,5.0,2.0,,5.0,,,2.0,1.0,,,,,2.0,4.0,4.0,,,,,18.0,1.0,,,,2.0,1.0,,,4.0,,,,,,,,,,,1.0,1.0,1.0,1.0,1.0,1.0,6,3,4,3,2,5,6,6,3,2.0,40.0,35.0,35.0,40.0,40.0,35.0,50.0,30.0,50.0,50.0,2.0,2.0,2.0,2.0,2.0,2.0,2.0,1.0,1.0,1.0,1.0,1.0,1.0,2.0,2.0,1.0,1.0,1.0,1.0,2.0,1.0,2.0,1.0,2.0,1.0,2.0,1.0,2.0,1.0,2.0,1.0,1.0,1.0,1.0,2.0,2.0,1.0,2.0,2.0,2.0
81,5,5,5,5,5,5,5,5,1,2,,30.0,,2.0,,,,3.0,5.0,2.0,6.0,,,,2.0,1.0,,,,,,,,4.0,5.0,6.0,20.0,,,2.0,4.0,,,,1.0,,5.0,1.0,1.0,1.0,1.0,1.0,1.0,1.0,1.0,1.0,1.0,,,,,,,6,3,4,3,2,5,6,5,4,2.0,60.0,55.0,60.0,65.0,70.0,60.0,75.0,60.0,40.0,45.0,2.0,2.0,2.0,2.0,2.0,2.0,2.0,1.0,2.0,1.0,2.0,2.0,1.0,2.0,2.0,2.0,1.0,2.0,2.0,2.0,2.0,2.0,1.0,1.0,2.0,2.0,1.0,2.0,2.0,2.0,2.0,1.0,1.0,2.0,1.0,1.0,1.0,2.0,2.0,2.0
679,4,4,4,2,3,4,4,3,2,2,70.0,,5.0,,5.0,4.0,2.0,,,,6.0,,1.0,54.0,,1.0,,,,,,,,2.0,4.0,5.0,,15.0,1.0,,,,3.0,,1.0,5.0,,1.0,1.0,1.0,1.0,1.0,1.0,1.0,1.0,1.0,1.0,,,,,,,6,3,3,3,3,5,6,6,3,2.0,65.0,60.0,60.0,40.0,45.0,60.0,60.0,45.0,35.0,35.0,1.0,1.0,2.0,1.0,1.0,2.0,1.0,1.0,2.0,1.0,1.0,1.0,1.0,1.0,1.0,1.0,1.0,2.0,1.0,1.0,1.0,1.0,1.0,1.0,2.0,1.0,2.0,1.0,1.0,1.0,1.0,1.0,1.0,1.0,1.0,1.0,2.0,2.0,1.0,1.0
283,2,3,3,2,3,3,3,2,4,3,,30.0,2.0,,5.0,4.0,2.0,,,,,6.0,,,1.0,,2.0,,,,,,,2.0,4.0,5.0,,15.0,,1.0,4.0,,,1.0,,5.0,,1.0,1.0,1.0,1.0,1.0,1.0,1.0,1.0,1.0,1.0,,,,,,,6,3,2,3,3,5,6,6,4,2.0,40.0,50.0,50.0,40.0,50.0,50.0,50.0,40.0,60.0,50.0,1.0,1.0,1.0,1.0,2.0,1.0,1.0,2.0,1.0,2.0,2.0,1.0,1.0,1.0,2.0,2.0,2.0,2.0,2.0,1.0,1.0,1.0,1.0,2.0,1.0,1.0,1.0,1.0,2.0,1.0,1.0,1.0,1.0,2.0,1.0,2.0,1.0,1.0,1.0,1.0
116,5,5,5,5,5,5,5,5,2,2,30.0,,5.0,,5.0,4.0,2.0,,,,6.0,,,,1.0,1.0,,,,,,,,4.0,5.0,5.0,15.0,,1.0,,,4.0,,,1.0,5.0,,,,,,,,,,,,1.0,1.0,1.0,1.0,1.0,1.0,6,3,3,3,3,5,6,6,4,2.0,80.0,80.0,85.0,85.0,85.0,85.0,85.0,80.0,40.0,40.0,2.0,2.0,1.0,2.0,1.0,2.0,1.0,1.0,1.0,2.0,1.0,2.0,1.0,2.0,1.0,1.0,1.0,1.0,1.0,1.0,1.0,1.0,1.0,1.0,2.0,1.0,1.0,1.0,2.0,1.0,2.0,1.0,1.0,1.0,1.0,1.0,1.0,1.0,1.0,1.0
40,2,3,3,2,3,4,4,2,2,2,,30.0,2.0,,,,,5.0,4.0,2.0,6.0,,,,1.0,,2.0,,,,,,,2.0,4.0,5.0,15.0,,,1.0,4.0,,,,1.0,,5.0,,,,,,,,,,,1.0,1.0,1.0,1.0,1.0,1.0,6,2,3,3,3,5,6,6,3,2.0,40.0,50.0,50.0,40.0,50.0,60.0,60.0,40.0,40.0,40.0,2.0,1.0,1.0,1.0,2.0,1.0,1.0,1.0,1.0,2.0,2.0,1.0,1.0,1.0,1.0,2.0,1.0,1.0,2.0,1.0,1.0,1.0,1.0,2.0,2.0,2.0,1.0,2.0,1.0,1.0,1.0,1.0,1.0,1.0,1.0,2.0,2.0,2.0,2.0,1.0
331,2,2,2,2,3,2,4,2,4,4,70.0,,,2.0,,,,3.0,4.0,2.0,,5.0,1.0,40.0,,,2.0,,,,,,,2.0,4.0,5.0,,5.0,1.0,,,6.0,,,1.0,4.0,,,,,,,,,,,,1.0,1.0,1.0,1.0,1.0,1.0,6,3,4,4,2,5,6,6,3,2.0,40.0,35.0,35.0,40.0,45.0,35.0,55.0,40.0,55.0,55.0,2.0,1.0,2.0,1.0,1.0,2.0,1.0,2.0,1.0,1.0,2.0,1.0,2.0,1.0,2.0,1.0,2.0,2.0,1.0,1.0,1.0,2.0,1.0,1.0,1.0,1.0,2.0,2.0,1.0,1.0,2.0,1.0,2.0,2.0,2.0,2.0,1.0,2.0,1.0,1.0
242,2,3,2,2,3,2,4,2,4,2,70.0,,,2.0,,,,3.0,4.0,3.0,6.0,,,,2.0,,2.0,,,,,,,4.0,4.0,5.0,,5.0,1.0,,,6.0,,1.0,,,4.0,1.0,1.0,1.0,1.0,1.0,1.0,1.0,1.0,1.0,1.0,,,,,,,6,3,4,4,3,5,6,6,3,2.0,45.0,40.0,42.0,50.0,55.0,40.0,60.0,45.0,55.0,40.0,1.0,2.0,1.0,1.0,1.0,1.0,1.0,1.0,2.0,1.0,1.0,2.0,1.0,1.0,2.0,1.0,1.0,1.0,2.0,2.0,1.0,1.0,2.0,2.0,2.0,1.0,1.0,1.0,1.0,2.0,1.0,1.0,1.0,1.0,1.0,1.0,2.0,1.0,1.0,1.0
35,2,4,4,1,3,4,4,1,1,2,,30.0,,2.0,5.0,4.0,2.0,,,,,6.0,,,1.0,1.0,,,,,2.0,5.0,5.0,,,,,15.0,1.0,,,3.0,,1.0,,5.0,,1.0,1.0,1.0,1.0,1.0,1.0,1.0,1.0,1.0,1.0,,,,,,,6,3,3,3,3,5,6,6,4,2.0,40.0,60.0,60.0,20.0,40.0,60.0,60.0,20.0,20.0,30.0,1.0,1.0,1.0,1.0,1.0,1.0,2.0,2.0,1.0,2.0,1.0,2.0,1.0,1.0,1.0,1.0,1.0,1.0,2.0,2.0,1.0,1.0,1.0,1.0,1.0,2.0,1.0,2.0,1.0,1.0,1.0,1.0,1.0,2.0,2.0,1.0,2.0,1.0,1.0,2.0
1,4,4,4,3,4,4,4,3,2,3,,30.0,4.0,,5.0,4.0,2.0,,,,,6.0,,,1.0,,2.0,3.0,4.0,5.0,,,,,,,15.0,,,1.0,,,3.0,1.0,,,5.0,,,,,,,,,,,1.0,1.0,1.0,1.0,1.0,1.0,6,3,3,3,3,5,6,6,4,2.0,65.0,60.0,60.0,50.0,60.0,60.0,60.0,50.0,40.0,50.0,2.0,1.0,2.0,1.0,2.0,2.0,1.0,2.0,1.0,1.0,1.0,2.0,1.0,1.0,2.0,2.0,1.0,2.0,2.0,1.0,1.0,1.0,2.0,1.0,2.0,1.0,2.0,2.0,1.0,2.0,2.0,2.0,1.0,1.0,2.0,1.0,1.0,2.0,1.0,1.0
344,5,5,5,5,5,5,5,5,1,1,70.0,,5.0,,,,,5.0,4.0,2.0,6.0,,1.0,54.0,,1.0,,,,,,,,2.0,5.0,5.0,,15.0,,1.0,,,3.0,1.0,,5.0,,1.0,1.0,1.0,1.0,1.0,1.0,1.0,1.0,1.0,1.0,,,,,,,7,3,3,3,3,5,6,6,4,2.0,80.0,80.0,85.0,85.0,85.0,85.0,85.0,80.0,20.0,20.0,2.0,2.0,1.0,1.0,1.0,1.0,2.0,2.0,1.0,1.0,1.0,1.0,1.0,1.0,2.0,1.0,1.0,1.0,1.0,1.0,1.0,1.0,1.0,2.0,1.0,1.0,2.0,1.0,1.0,1.0,1.0,1.0,1.0,1.0,1.0,1.0,1.0,1.0,1.0,1.0
237,5,5,5,5,5,5,5,5,1,2,,30.0,,1.0,3.0,4.0,6.0,,,,,6.0,,,2.0,,2.0,2.0,5.0,6.0,,,,,,,18.0,,1.0,,,,3.0,1.0,,5.0,,,,,,,,,,,,1.0,1.0,1.0,1.0,1.0,1.0,6,3,4,3,3,5,6,5,4,2.0,60.0,55.0,60.0,65.0,65.0,60.0,70.0,60.0,40.0,45.0,2.0,1.0,1.0,2.0,2.0,2.0,1.0,1.0,1.0,2.0,2.0,2.0,1.0,2.0,1.0,2.0,1.0,1.0,1.0,2.0,1.0,1.0,1.0,2.0,1.0,1.0,1.0,1.0,2.0,1.0,2.0,1.0,1.0,2.0,1.0,2.0,1.0,1.0,2.0,1.0
558,3,3,3,4,4,3,4,3,2,2,,30.0,,2.0,,,,3.0,4.0,2.0,,6.0,1.0,54.0,,,2.0,,,,,,,3.0,4.0,5.0,,5.0,,2.0,,,2.0,,1.0,,4.0,1.0,1.0,1.0,1.0,1.0,1.0,1.0,1.0,1.0,1.0,,,,,,,6,3,4,3,2,5,6,5,3,2.0,50.0,45.0,48.0,60.0,62.0,55.0,70.0,52.0,40.0,38.0,1.0,2.0,1.0,1.0,2.0,2.0,1.0,2.0,1.0,2.0,2.0,2.0,2.0,2.0,1.0,1.0,2.0,2.0,2.0,1.0,2.0,2.0,2.0,2.0,1.0,2.0,2.0,2.0,2.0,1.0,2.0,2.0,1.0,2.0,2.0,1.0,1.0,2.0,2.0,1.0
862,4,4,4,4,4,4,5,4,2,2,,30.0,,2.0,3.0,4.0,5.0,,,,,,1.0,54.0,,1.0,,,,,3.0,4.0,5.0,,,,,15.0,1.0,,4.0,,,,1.0,,4.0,1.0,1.0,1.0,1.0,1.0,1.0,1.0,1.0,1.0,1.0,,,,,,,6,3,4,4,2,5,6,6,3,2.0,55.0,50.0,52.0,60.0,65.0,58.0,70.0,60.0,40.0,42.0,2.0,1.0,1.0,1.0,2.0,1.0,1.0,2.0,1.0,2.0,1.0,1.0,1.0,2.0,1.0,1.0,1.0,2.0,1.0,1.0,2.0,1.0,1.0,2.0,1.0,2.0,2.0,1.0,1.0,2.0,1.0,2.0,1.0,2.0,1.0,1.0,1.0,2.0,1.0,1.0
911,4,4,5,3,4,5,5,3,2,2,70.0,,5.0,,,,,5.0,4.0,2.0,,6.0,,,1.0,,2.0,,,,,,,2.0,5.0,5.0,15.0,,1.0,,,,3.0,,1.0,5.0,,,,,,,,,,,,1.0,1.0,1.0,1.0,1.0,1.0,6,3,3,3,3,5,6,6,4,2.0,70.0,65.0,75.0,50.0,60.0,70.0,70.0,50.0,40.0,40.0,1.0,1.0,1.0,2.0,2.0,1.0,2.0,1.0,1.0,2.0,1.0,2.0,2.0,2.0,1.0,2.0,1.0,1.0,1.0,1.0,1.0,1.0,2.0,1.0,2.0,1.0,1.0,2.0,1.0,1.0,2.0,1.0,2.0,1.0,1.0,1.0,1.0,2.0,1.0,2.0
163,4,4,4,2,3,4,4,3,2,3,,30.0,5.0,,,,,5.0,4.0,2.0,,6.0,,,1.0,1.0,,3.0,4.0,5.0,,,,,,,15.0,,1.0,,4.0,,,1.0,,5.0,,1.0,1.0,1.0,1.0,1.0,1.0,1.0,1.0,1.0,1.0,,,,,,,7,3,3,3,3,5,6,6,4,2.0,65.0,60.0,60.0,40.0,50.0,60.0,60.0,50.0,40.0,50.0,1.0,1.0,2.0,1.0,2.0,2.0,1.0,1.0,1.0,1.0,1.0,1.0,1.0,1.0,1.0,1.0,1.0,1.0,1.0,2.0,1.0,2.0,2.0,1.0,1.0,1.0,1.0,1.0,1.0,1.0,1.0,1.0,1.0,1.0,1.0,2.0,1.0,1.0,1.0,1.0
599,3,3,3,3,4,4,4,3,2,2,,30.0,,2.0,3.0,4.0,5.0,,,,,6.0,,,2.0,,2.0,,,,,,,3.0,4.0,5.0,18.0,,,2.0,,,3.0,,1.0,4.0,,,,,,,,,,,,1.0,1.0,1.0,1.0,1.0,1.0,6,3,4,4,2,5,6,6,3,2.0,50.0,50.0,50.0,55.0,60.0,60.0,65.0,55.0,45.0,45.0,1.0,2.0,2.0,1.0,1.0,1.0,1.0,2.0,2.0,2.0,1.0,1.0,1.0,2.0,1.0,1.0,2.0,2.0,2.0,2.0,1.0,2.0,2.0,1.0,1.0,1.0,2.0,2.0,2.0,1.0,1.0,1.0,2.0,1.0,2.0,2.0,1.0,2.0,1.0,1.0
385,2,4,4,2,3,4,4,2,2,3,,30.0,5.0,,4.0,3.0,2.0,,,,,6.0,1.0,54.0,,1.0,,,,,2.0,4.0,4.0,,,,15.0,,,1.0,,4.0,,1.0,,,5.0,,,,,,,,,,,1.0,1.0,1.0,1.0,1.0,1.0,6,3,2,3,3,5,6,6,4,2.0,50.0,60.0,60.0,40.0,45.0,55.0,55.0,40.0,40.0,45.0,2.0,1.0,2.0,2.0,1.0,1.0,2.0,2.0,2.0,1.0,1.0,1.0,1.0,1.0,1.0,2.0,1.0,2.0,1.0,1.0,1.0,2.0,2.0,1.0,1.0,2.0,1.0,1.0,1.0,2.0,2.0,1.0,2.0,1.0,1.0,2.0,1.0,1.0,1.0,2.0
892,2,4,4,2,3,4,4,2,2,3,70.0,,2.0,,5.0,4.0,2.0,,,,6.0,,1.0,54.0,,1.0,,,,,,,,2.0,4.0,5.0,15.0,,,1.0,3.0,,,,1.0,,5.0,,,,,,,,,,,1.0,1.0,1.0,1.0,1.0,1.0,6,2,3,3,3,5,6,6,3,2.0,40.0,60.0,60.0,40.0,50.0,60.0,60.0,40.0,40.0,50.0,1.0,1.0,2.0,1.0,1.0,2.0,1.0,2.0,1.0,1.0,2.0,1.0,1.0,2.0,1.0,1.0,1.0,1.0,2.0,1.0,1.0,1.0,1.0,2.0,1.0,1.0,1.0,2.0,1.0,1.0,1.0,1.0,2.0,2.0,2.0,1.0,1.0,1.0,2.0,1.0
375,5,5,5,4,4,5,5,4,2,2,70.0,,5.0,,5.0,4.0,2.0,,,,,6.0,1.0,54.0,,1.0,,,,,,,,2.0,5.0,5.0,,15.0,1.0,,,4.0,,,1.0,,5.0,1.0,1.0,1.0,1.0,1.0,1.0,1.0,1.0,1.0,1.0,,,,,,,6,3,2,2,3,5,6,6,4,2.0,75.0,70.0,75.0,60.0,60.0,75.0,70.0,60.0,40.0,40.0,1.0,2.0,1.0,1.0,1.0,1.0,2.0,2.0,2.0,1.0,2.0,1.0,2.0,1.0,1.0,1.0,1.0,1.0,2.0,1.0,1.0,1.0,2.0,2.0,1.0,1.0,1.0,2.0,1.0,1.0,1.0,1.0,1.0,1.0,1.0,1.0,1.0,2.0,1.0,1.0
206,1,2,2,1,2,1,2,1,1,1,,30.0,2.0,,5.0,4.0,2.0,,,,6.0,,,,1.0,1.0,,2.0,4.0,5.0,,,,,,,,15.0,1.0,,4.0,,,1.0,,,5.0,,,,,,,,,,,1.0,1.0,1.0,1.0,1.0,1.0,6,2,2,2,3,5,6,6,4,2.0,20.0,30.0,30.0,15.0,25.0,15.0,30.0,10.0,10.0,10.0,2.0,1.0,1.0,1.0,2.0,1.0,2.0,1.0,1.0,1.0,1.0,1.0,2.0,1.0,2.0,1.0,1.0,1.0,2.0,2.0,1.0,1.0,1.0,1.0,1.0,1.0,1.0,2.0,1.0,1.0,2.0,2.0,1.0,1.0,2.0,1.0,1.0,2.0,1.0,1.0
193,2,3,2,2,2,2,3,2,4,4,70.0,,,2.0,3.0,4.0,5.0,,,,5.0,,,,2.0,1.0,,1.0,3.0,4.0,,,,,,,20.0,,,2.0,4.0,,,1.0,,,4.0,1.0,1.0,1.0,1.0,1.0,1.0,1.0,1.0,1.0,1.0,,,,,,,6,3,4,3,2,5,6,5,3,1.0,40.0,35.0,38.0,45.0,50.0,35.0,60.0,40.0,55.0,50.0,2.0,1.0,1.0,1.0,1.0,1.0,1.0,2.0,1.0,1.0,2.0,1.0,1.0,2.0,1.0,2.0,1.0,2.0,1.0,1.0,1.0,1.0,1.0,1.0,1.0,2.0,2.0,1.0,2.0,1.0,1.0,2.0,1.0,1.0,1.0,1.0,1.0,2.0,1.0,1.0
569,2,3,2,2,3,2,4,2,4,4,70.0,,,2.0,,,,3.0,5.0,2.0,6.0,,,,2.0,,2.0,,,,2.0,4.0,4.0,,,,16.0,,1.0,,,6.0,,1.0,,4.0,,,,,,,,,,,,1.0,1.0,1.0,1.0,1.0,1.0,6,3,4,4,2,5,6,6,3,2.0,55.0,50.0,48.0,60.0,62.0,52.0,70.0,50.0,45.0,40.0,1.0,1.0,2.0,2.0,1.0,2.0,1.0,1.0,1.0,2.0,1.0,2.0,2.0,2.0,2.0,1.0,2.0,1.0,1.0,1.0,2.0,1.0,1.0,1.0,2.0,1.0,1.0,2.0,1.0,2.0,2.0,1.0,1.0,2.0,2.0,1.0,2.0,1.0,2.0,2.0
853,3,3,3,3,4,3,4,3,2,2,70.0,,,2.0,3.0,4.0,5.0,,,,,5.0,,,2.0,,2.0,3.0,4.0,5.0,,,,,,,15.0,,1.0,,,6.0,,1.0,,4.0,,,,,,,,,,,,1.0,1.0,1.0,1.0,1.0,1.0,6,3,4,4,3,5,6,6,3,2.0,55.0,50.0,50.0,60.0,65.0,55.0,70.0,60.0,45.0,40.0,2.0,1.0,2.0,2.0,2.0,1.0,2.0,2.0,2.0,2.0,2.0,2.0,2.0,1.0,1.0,1.0,2.0,2.0,1.0,2.0,1.0,1.0,1.0,2.0,1.0,2.0,2.0,2.0,1.0,2.0,1.0,1.0,2.0,1.0,2.0,2.0,1.0,1.0,2.0,1.0
920,4,4,4,4,4,4,5,4,2,2,70.0,,,2.0,3.0,4.0,5.0,,,,,6.0,1.0,54.0,,,2.0,,,,,,,3.0,4.0,5.0,,5.0,,2.0,5.0,,,1.0,,4.0,,,,,,,,,,,,1.0,1.0,1.0,1.0,1.0,1.0,6,3,4,4,3,5,6,6,3,2.0,60.0,55.0,58.0,65.0,68.0,62.0,70.0,60.0,40.0,42.0,1.0,1.0,1.0,1.0,2.0,1.0,2.0,2.0,1.0,1.0,1.0,1.0,1.0,1.0,2.0,1.0,1.0,2.0,1.0,2.0,2.0,1.0,1.0,1.0,2.0,2.0,2.0,2.0,1.0,1.0,1.0,1.0,1.0,1.0,1.0,1.0,2.0,2.0,1.0,1.0
152,2,3,2,2,3,2,4,2,4,3,,30.0,,2.0,3.0,4.0,5.0,,,,6.0,,,,2.0,,2.0,,,,2.0,4.0,5.0,,,,,5.0,1.0,,3.0,,,1.0,,,4.0,,,,,,,,,,,1.0,1.0,1.0,1.0,1.0,1.0,6,3,4,4,3,5,6,6,3,2.0,40.0,35.0,38.0,50.0,55.0,45.0,60.0,40.0,50.0,45.0,2.0,2.0,2.0,1.0,2.0,1.0,1.0,2.0,2.0,1.0,2.0,1.0,2.0,2.0,1.0,2.0,2.0,1.0,2.0,2.0,2.0,2.0,2.0,1.0,2.0,1.0,2.0,1.0,1.0,2.0,1.0,2.0,2.0,2.0,1.0,2.0,2.0,1.0,1.0,1.0
826,4,4,4,4,4,4,4,4,2,2,,30.0,,2.0,3.0,4.0,5.0,,,,,6.0,,,2.0,1.0,,,,,,,,3.0,4.0,5.0,,15.0,,2.0,,,2.0,1.0,,4.0,,,,,,,,,,,,1.0,1.0,1.0,1.0,1.0,1.0,6,3,4,3,3,5,6,5,3,2.0,55.0,60.0,58.0,65.0,68.0,62.0,70.0,60.0,40.0,38.0,1.0,2.0,2.0,1.0,1.0,2.0,2.0,2.0,1.0,1.0,2.0,1.0,2.0,1.0,2.0,2.0,2.0,1.0,1.0,2.0,1.0,2.0,1.0,1.0,2.0,1.0,1.0,1.0,2.0,1.0,2.0,2.0,2.0,2.0,1.0,2.0,2.0,2.0,2.0,2.0
955,4,4,4,2,3,4,4,2,2,3,70.0,,,2.0,,,,,,,,6.0,1.0,54.0,,1.0,,,,,,,,2.0,4.0,5.0,,15.0,,1.0,,,3.0,,1.0,5.0,,1.0,1.0,1.0,1.0,1.0,1.0,1.0,1.0,1.0,1.0,,,,,,,6,3,2,3,3,5,6,6,4,2.0,65.0,60.0,60.0,40.0,45.0,60.0,60.0,40.0,40.0,45.0,1.0,1.0,2.0,2.0,2.0,1.0,2.0,1.0,2.0,1.0,1.0,1.0,1.0,1.0,1.0,2.0,1.0,2.0,1.0,1.0,2.0,1.0,2.0,2.0,1.0,1.0,1.0,1.0,1.0,1.0,2.0,2.0,1.0,2.0,1.0,2.0,1.0,2.0,1.0,2.0
648,5,4,5,5,4,5,5,4,2,2,70.0,,5.0,,5.0,4.0,2.0,,,,,6.0,,,1.0,1.0,,,,,2.0,5.0,5.0,,,,15.0,,,1.0,,4.0,,1.0,,5.0,,1.0,1.0,1.0,1.0,1.0,1.0,1.0,1.0,1.0,1.0,,,,,,,6,3,3,3,3,5,6,6,4,2.0,75.0,65.0,80.0,80.0,70.0,85.0,80.0,65.0,40.0,40.0,2.0,1.0,2.0,1.0,1.0,2.0,1.0,1.0,1.0,2.0,1.0,2.0,1.0,2.0,1.0,1.0,1.0,2.0,1.0,2.0,1.0,2.0,1.0,1.0,1.0,2.0,1.0,1.0,1.0,1.0,2.0,2.0,1.0,1.0,1.0,2.0,1.0,1.0,1.0,1.0
127,4,3,3,2,3,2,4,2,4,3,70.0,,2.0,,2.0,3.0,5.0,,,,6.0,,1.0,54.0,,,2.0,,,,3.0,4.0,5.0,,,,18.0,,1.0,,4.0,,,1.0,,4.0,,1.0,1.0,1.0,1.0,1.0,1.0,1.0,1.0,1.0,1.0,,,,,,,6,3,5,4,3,5,6,5,3,2.0,55.0,45.0,50.0,60.0,60.0,50.0,65.0,45.0,55.0,50.0,1.0,1.0,2.0,2.0,1.0,2.0,2.0,2.0,2.0,1.0,1.0,2.0,2.0,2.0,2.0,1.0,1.0,1.0,2.0,2.0,1.0,1.0,1.0,2.0,2.0,2.0,2.0,2.0,1.0,1.0,2.0,1.0,2.0,1.0,2.0,1.0,2.0,1.0,1.0,2.0
71,4,4,4,4,4,4,5,4,2,2,70.0,,,2.0,3.0,4.0,5.0,,,,6.0,,,,2.0,1.0,,2.0,4.0,5.0,,,,,,,18.0,,,2.0,,6.0,,1.0,,,5.0,1.0,1.0,1.0,1.0,1.0,1.0,1.0,1.0,1.0,1.0,,,,,,,6,3,4,4,3,5,6,5,3,2.0,55.0,50.0,52.0,60.0,62.0,58.0,65.0,54.0,40.0,42.0,1.0,1.0,1.0,2.0,1.0,1.0,2.0,2.0,2.0,1.0,2.0,2.0,2.0,1.0,1.0,1.0,2.0,2.0,2.0,1.0,1.0,1.0,1.0,1.0,2.0,1.0,1.0,2.0,2.0,1.0,1.0,2.0,2.0,2.0,2.0,2.0,1.0,2.0,1.0,1.0
994,4,4,4,2,4,4,5,3,2,2,,30.0,5.0,,,,,5.0,4.0,2.0,6.0,,1.0,54.0,,1.0,,,,,,,,2.0,5.0,5.0,,15.0,,1.0,,,3.0,,1.0,5.0,,,,,,,,,,,,1.0,1.0,1.0,1.0,1.0,1.0,6,3,3,3,3,5,6,6,4,2.0,65.0,60.0,60.0,40.0,60.0,60.0,75.0,50.0,35.0,35.0,1.0,1.0,2.0,2.0,1.0,2.0,1.0,1.0,2.0,1.0,1.0,1.0,2.0,1.0,1.0,1.0,1.0,1.0,2.0,1.0,1.0,1.0,2.0,2.0,1.0,1.0,1.0,1.0,1.0,2.0,1.0,1.0,1.0,1.0,2.0,2.0,1.0,2.0,1.0,1.0
689,2,3,3,2,3,3,3,2,4,4,70.0,,4.0,,,,,5.0,4.0,2.0,6.0,,1.0,54.0,,,2.0,,,,2.0,4.0,5.0,,,,15.0,,,1.0,,4.0,,,1.0,,5.0,,,,,,,,,,,1.0,1.0,1.0,1.0,1.0,1.0,6,3,3,3,3,5,6,6,3,2.0,40.0,35.0,35.0,30.0,35.0,35.0,35.0,30.0,45.0,45.0,1.0,2.0,1.0,1.0,1.0,1.0,2.0,2.0,1.0,2.0,1.0,1.0,1.0,2.0,1.0,1.0,1.0,2.0,1.0,2.0,2.0,1.0,2.0,1.0,2.0,2.0,1.0,1.0,1.0,2.0,1.0,2.0,1.0,1.0,1.0,1.0,1.0,1.0,1.0,1.0
300,4,4,5,3,4,5,5,4,2,2,,30.0,5.0,,,,,5.0,4.0,2.0,6.0,,,,1.0,,2.0,3.0,5.0,5.0,,,,,,,15.0,,1.0,,4.0,,,1.0,,5.0,,,,,,,,,,,,1.0,1.0,1.0,1.0,1.0,1.0,6,3,3,3,3,5,6,6,4,2.0,70.0,65.0,75.0,50.0,60.0,70.0,70.0,60.0,40.0,40.0,1.0,1.0,1.0,2.0,1.0,2.0,1.0,1.0,2.0,1.0,1.0,2.0,1.0,1.0,1.0,2.0,1.0,2.0,1.0,2.0,1.0,2.0,1.0,1.0,1.0,1.0,1.0,2.0,1.0,2.0,1.0,1.0,2.0,1.0,1.0,2.0,1.0,1.0,1.0,1.0
273,2,2,2,2,2,2,3,2,4,4,,30.0,,2.0,,,,3.0,5.0,2.0,6.0,,1.0,40.0,,,2.0,2.0,2.0,4.0,,,,,,,18.0,,,2.0,,,3.0,1.0,,3.0,,1.0,1.0,1.0,1.0,1.0,1.0,1.0,1.0,1.0,1.0,,,,,,,6,3,4,3,3,5,6,5,3,2.0,40.0,35.0,38.0,45.0,50.0,40.0,60.0,35.0,55.0,50.0,2.0,2.0,2.0,1.0,2.0,1.0,2.0,1.0,2.0,1.0,1.0,2.0,1.0,2.0,1.0,2.0,2.0,1.0,2.0,1.0,2.0,1.0,2.0,1.0,2.0,1.0,2.0,1.0,2.0,1.0,2.0,1.0,1.0,2.0,2.0,1.0,1.0,1.0,1.0,1.0
731,5,5,5,5,5,5,5,5,2,2,,30.0,5.0,,,,,5.0,4.0,2.0,,6.0,1.0,54.0,,,2.0,2.0,5.0,5.0,,,,,,,15.0,,,1.0,6.0,,,,1.0,,5.0,,,,,,,,,,,1.0,1.0,1.0,1.0,1.0,1.0,7,3,2,2,3,5,6,6,4,2.0,85.0,85.0,85.0,85.0,85.0,85.0,85.0,85.0,30.0,30.0,1.0,1.0,1.0,1.0,1.0,1.0,1.0,1.0,1.0,1.0,1.0,1.0,1.0,1.0,1.0,1.0,1.0,1.0,1.0,1.0,2.0,1.0,1.0,1.0,1.0,1.0,1.0,1.0,1.0,1.0,1.0,1.0,1.0,1.0,1.0,1.0,1.0,1.0,1.0,1.0
642,2,3,3,2,3,4,4,2,2,2,,30.0,2.0,,5.0,4.0,2.0,,,,6.0,,,,1.0,1.0,,3.0,4.0,5.0,,,,,,,15.0,,1.0,,,4.0,,,1.0,5.0,,,,,,,,,,,,1.0,1.0,1.0,1.0,1.0,1.0,6,3,2,3,3,5,6,6,3,2.0,40.0,35.0,35.0,30.0,35.0,50.0,50.0,30.0,30.0,30.0,1.0,1.0,1.0,1.0,1.0,1.0,2.0,1.0,1.0,1.0,2.0,1.0,1.0,1.0,2.0,1.0,1.0,2.0,1.0,2.0,1.0,1.0,1.0,2.0,1.0,1.0,1.0,1.0,1.0,1.0,1.0,2.0,1.0,1.0,1.0,2.0,1.0,1.0,1.0,1.0
516,4,4,4,5,5,5,5,4,2,2,,30.0,,2.0,,,,3.0,5.0,2.0,,6.0,1.0,54.0,,,2.0,,,,,,,3.0,4.0,5.0,20.0,,,2.0,,6.0,,,1.0,,4.0,,,,,,,,,,,1.0,1.0,1.0,1.0,1.0,1.0,6,3,4,4,2,5,6,6,3,2.0,60.0,55.0,58.0,65.0,70.0,62.0,75.0,60.0,40.0,38.0,1.0,2.0,2.0,2.0,2.0,1.0,2.0,1.0,2.0,2.0,2.0,2.0,1.0,1.0,2.0,2.0,2.0,1.0,2.0,2.0,1.0,2.0,1.0,1.0,2.0,2.0,2.0,2.0,1.0,1.0,2.0,1.0,1.0,2.0,2.0,2.0,1.0,2.0,2.0,1.0
465,4,4,4,4,4,4,5,4,2,2,,30.0,,2.0,,,,3.0,5.0,4.0,,6.0,1.0,40.0,,,2.0,3.0,4.0,5.0,,,,,,,16.0,,1.0,,4.0,,,,1.0,,5.0,,,,,,,,,,,1.0,1.0,1.0,1.0,1.0,1.0,6,3,4,4,2,5,6,6,3,2.0,60.0,55.0,58.0,65.0,68.0,62.0,70.0,60.0,40.0,45.0,2.0,2.0,2.0,1.0,1.0,1.0,1.0,2.0,1.0,2.0,1.0,2.0,2.0,1.0,2.0,1.0,2.0,2.0,2.0,1.0,1.0,2.0,2.0,2.0,2.0,2.0,2.0,1.0,1.0,1.0,2.0,2.0,2.0,1.0,2.0,1.0,1.0,1.0,2.0,1.0
279,5,5,5,5,5,5,5,5,2,2,30.0,,5.0,,5.0,4.0,2.0,,,,,6.0,1.0,54.0,,,2.0,3.0,5.0,5.0,,,,,,,15.0,,,1.0,3.0,,,1.0,,,5.0,1.0,1.0,1.0,1.0,1.0,1.0,1.0,1.0,1.0,1.0,,,,,,,6,3,2,3,3,5,6,6,4,2.0,80.0,80.0,85.0,85.0,85.0,85.0,85.0,80.0,30.0,30.0,1.0,2.0,1.0,2.0,2.0,1.0,1.0,1.0,1.0,1.0,1.0,1.0,2.0,1.0,2.0,2.0,1.0,1.0,2.0,2.0,2.0,1.0,2.0,1.0,2.0,1.0,1.0,2.0,1.0,1.0,1.0,1.0,1.0,1.0,2.0,1.0,1.0,1.0,1.0,1.0
683,4,4,4,3,4,3,4,3,2,2,70.0,,,2.0,3.0,4.0,5.0,,,,6.0,,,,2.0,,2.0,,,,,,,3.0,4.0,5.0,,5.0,1.0,,,,2.0,,1.0,,4.0,1.0,1.0,1.0,1.0,1.0,1.0,1.0,1.0,1.0,1.0,,,,,,,6,3,4,4,3,5,6,6,3,2.0,55.0,50.0,52.0,60.0,62.0,58.0,65.0,48.0,40.0,38.0,2.0,2.0,2.0,1.0,1.0,1.0,2.0,1.0,1.0,1.0,2.0,1.0,1.0,2.0,2.0,2.0,2.0,2.0,1.0,1.0,1.0,2.0,1.0,1.0,1.0,1.0,2.0,2.0,1.0,1.0,1.0,1.0,1.0,2.0,1.0,1.0,2.0,1.0,2.0,2.0
785,5,5,5,4,5,5,5,5,2,2,,30.0,,2.0,5.0,4.0,2.0,,,,6.0,,,,1.0,,2.0,,,,2.0,5.0,5.0,,,,,15.0,1.0,,,,3.0,1.0,,,5.0,1.0,1.0,1.0,1.0,1.0,1.0,1.0,1.0,1.0,1.0,,,,,,,7,3,3,3,3,5,6,6,4,2.0,80.0,80.0,85.0,70.0,80.0,85.0,80.0,75.0,40.0,40.0,1.0,1.0,1.0,2.0,2.0,1.0,1.0,1.0,1.0,1.0,1.0,1.0,1.0,1.0,1.0,1.0,2.0,1.0,2.0,1.0,1.0,1.0,1.0,1.0,1.0,1.0,1.0,1.0,2.0,1.0,1.0,1.0,1.0,1.0,1.0,1.0,1.0,1.0,2.0,1.0
563,5,5,5,5,5,5,5,5,1,2,,30.0,4.0,,,,,3.0,4.0,2.0,6.0,,,,2.0,,2.0,,,,4.0,5.0,6.0,,,,12.0,,,2.0,,,3.0,1.0,,,5.0,,,,,,,,,,,1.0,1.0,1.0,1.0,1.0,1.0,6,3,4,4,3,5,6,6,4,2.0,55.0,50.0,52.0,60.0,65.0,58.0,70.0,60.0,40.0,45.0,1.0,2.0,2.0,2.0,2.0,1.0,1.0,1.0,1.0,2.0,2.0,2.0,2.0,2.0,1.0,1.0,2.0,1.0,2.0,2.0,2.0,2.0,1.0,1.0,2.0,2.0,2.0,1.0,2.0,1.0,2.0,1.0,2.0,2.0,1.0,2.0,1.0,2.0,2.0,1.0
199,4,4,4,4,4,4,5,4,2,2,70.0,,,2.0,,,,3.0,4.0,2.0,,6.0,1.0,54.0,,,2.0,,,,3.0,4.0,5.0,,,,5.0,,,2.0,,6.0,,1.0,,,4.0,,,,,,,,,,,1.0,1.0,1.0,1.0,1.0,1.0,6,3,4,4,2,5,6,6,3,2.0,60.0,55.0,58.0,65.0,68.0,62.0,70.0,60.0,40.0,38.0,1.0,2.0,2.0,2.0,1.0,2.0,2.0,2.0,2.0,2.0,1.0,1.0,2.0,2.0,2.0,2.0,2.0,1.0,1.0,1.0,1.0,2.0,2.0,2.0,1.0,1.0,1.0,1.0,1.0,1.0,1.0,2.0,2.0,2.0,2.0,1.0,2.0,2.0,1.0,1.0
410,4,4,4,4,4,4,5,4,2,2,,30.0,,2.0,3.0,4.0,5.0,,,,,6.0,1.0,54.0,,1.0,,,,,4.0,4.0,5.0,,,,,18.0,,2.0,,6.0,,1.0,,4.0,,,,,,,,,,,,1.0,1.0,1.0,1.0,1.0,1.0,6,3,4,4,3,5,6,6,3,2.0,60.0,55.0,60.0,65.0,65.0,60.0,70.0,60.0,40.0,40.0,1.0,2.0,1.0,2.0,1.0,1.0,2.0,1.0,2.0,1.0,1.0,2.0,1.0,1.0,1.0,1.0,1.0,2.0,2.0,2.0,2.0,1.0,1.0,1.0,2.0,1.0,1.0,2.0,1.0,2.0,1.0,1.0,2.0,1.0,2.0,1.0,1.0,2.0,1.0,1.0
898,4,4,4,4,4,4,5,4,2,2,70.0,,3.0,,,,,4.0,5.0,3.0,,6.0,1.0,54.0,,,2.0,,,,,,,3.0,4.0,5.0,20.0,,,1.0,,6.0,,1.0,,,5.0,1.0,1.0,1.0,1.0,1.0,1.0,1.0,1.0,1.0,1.0,,,,,,,6,3,5,4,3,5,6,5,3,2.0,60.0,55.0,58.0,65.0,68.0,62.0,70.0,60.0,40.0,38.0,2.0,2.0,1.0,1.0,1.0,1.0,2.0,1.0,1.0,1.0,2.0,2.0,2.0,1.0,1.0,1.0,1.0,2.0,2.0,2.0,2.0,1.0,2.0,1.0,2.0,1.0,1.0,1.0,1.0,2.0,1.0,1.0,1.0,1.0,1.0,1.0,1.0,2.0,1.0,2.0
158,5,5,5,5,5,5,5,5,2,2,70.0,,6.0,,,,,5.0,4.0,2.0,,6.0,1.0,54.0,,1.0,,3.0,5.0,5.0,,,,,,,,15.0,1.0,,,4.0,,1.0,,5.0,,1.0,1.0,1.0,1.0,1.0,1.0,1.0,1.0,1.0,1.0,,,,,,,7,3,3,3,3,5,6,6,4,2.0,75.0,70.0,80.0,75.0,70.0,75.0,70.0,65.0,40.0,40.0,2.0,2.0,2.0,1.0,1.0,1.0,1.0,2.0,2.0,1.0,1.0,2.0,1.0,1.0,2.0,2.0,1.0,2.0,2.0,2.0,1.0,1.0,2.0,2.0,2.0,2.0,1.0,1.0,1.0,2.0,1.0,2.0,1.0,2.0,2.0,2.0,1.0,1.0,1.0,2.0
744,2,2,2,2,3,2,3,2,4,4,70.0,,2.0,,,,,3.0,4.0,2.0,6.0,,1.0,54.0,,,2.0,,,,2.0,4.0,4.0,,,,18.0,,1.0,,,6.0,,,1.0,3.0,,1.0,1.0,1.0,1.0,1.0,1.0,1.0,1.0,1.0,1.0,,,,,,,6,3,4,4,3,5,6,6,3,2.0,55.0,50.0,50.0,60.0,65.0,55.0,70.0,60.0,45.0,40.0,1.0,1.0,1.0,1.0,1.0,1.0,2.0,2.0,2.0,1.0,1.0,1.0,1.0,2.0,2.0,1.0,2.0,2.0,2.0,2.0,1.0,1.0,2.0,1.0,1.0,1.0,2.0,2.0,1.0,1.0,2.0,2.0,1.0,2.0,1.0,2.0,1.0,2.0,2.0,2.0
637,4,4,4,5,5,5,5,4,2,2,,30.0,,2.0,,,,3.0,5.0,2.0,6.0,,1.0,54.0,,1.0,,,,,,,,4.0,5.0,6.0,,5.0,1.0,,,,2.0,,1.0,,5.0,,,,,,,,,,,1.0,1.0,1.0,1.0,1.0,1.0,6,3,4,4,2,5,6,6,3,2.0,55.0,50.0,52.0,60.0,65.0,62.0,70.0,58.0,40.0,42.0,2.0,2.0,1.0,1.0,1.0,2.0,1.0,1.0,1.0,2.0,1.0,1.0,1.0,1.0,1.0,1.0,1.0,2.0,2.0,2.0,1.0,1.0,1.0,1.0,2.0,1.0,2.0,2.0,2.0,1.0,2.0,1.0,1.0,1.0,1.0,2.0,1.0,1.0,1.0,1.0
859,4,4,4,3,4,3,4,3,2,2,70.0,,,2.0,3.0,4.0,5.0,,,,,6.0,1.0,40.0,,1.0,,,,,3.0,4.0,5.0,,,,16.0,,1.0,,4.0,,,1.0,,,4.0,1.0,1.0,1.0,1.0,1.0,1.0,1.0,1.0,1.0,1.0,,,,,,,6,3,4,4,2,5,6,5,3,2.0,55.0,50.0,52.0,60.0,62.0,58.0,65.0,54.0,40.0,42.0,1.0,2.0,2.0,1.0,2.0,1.0,1.0,1.0,2.0,1.0,2.0,1.0,2.0,2.0,1.0,1.0,2.0,1.0,1.0,1.0,2.0,1.0,2.0,2.0,2.0,1.0,1.0,1.0,2.0,2.0,2.0,1.0,2.0,2.0,1.0,1.0,1.0,1.0,2.0,1.0
682,5,5,5,5,5,5,5,5,2,2,,30.0,5.0,,,,,5.0,4.0,2.0,6.0,,1.0,54.0,,,2.0,,,,,,,2.0,5.0,5.0,,15.0,,1.0,,,3.0,,1.0,,5.0,,,,,,,,,,,1.0,1.0,1.0,1.0,1.0,1.0,6,2,2,2,3,5,6,6,4,2.0,80.0,80.0,85.0,85.0,80.0,85.0,85.0,80.0,40.0,40.0,1.0,2.0,2.0,2.0,1.0,1.0,2.0,1.0,1.0,2.0,1.0,2.0,1.0,2.0,1.0,1.0,1.0,1.0,2.0,1.0,1.0,1.0,1.0,1.0,1.0,1.0,1.0,1.0,1.0,2.0,1.0,2.0,1.0,1.0,2.0,1.0,1.0,1.0,2.0,1.0
278,4,4,4,4,4,4,4,4,2,2,70.0,,,2.0,3.0,4.0,5.0,,,,,6.0,1.0,54.0,,1.0,,,,,4.0,4.0,5.0,,,,,15.0,1.0,,,,3.0,,1.0,,5.0,,,,,,,,,,,1.0,1.0,1.0,1.0,1.0,1.0,6,3,4,3,2,5,6,5,3,2.0,55.0,50.0,52.0,60.0,62.0,58.0,65.0,54.0,40.0,38.0,2.0,1.0,1.0,1.0,1.0,2.0,1.0,1.0,2.0,1.0,2.0,2.0,1.0,1.0,1.0,1.0,2.0,1.0,1.0,2.0,1.0,1.0,1.0,2.0,2.0,2.0,2.0,1.0,1.0,1.0,2.0,1.0,1.0,1.0,2.0,2.0,1.0,2.0,1.0,1.0
464,4,4,4,5,5,5,5,5,1,2,70.0,,,2.0,3.0,4.0,5.0,,,,,6.0,1.0,40.0,,,2.0,,,,,,,3.0,4.0,5.0,,18.0,1.0,,,5.0,,,1.0,4.0,,,,,,,,,,,,1.0,1.0,1.0,1.0,1.0,1.0,6,3,4,3,2,5,6,5,3,2.0,55.0,50.0,52.0,60.0,65.0,62.0,70.0,58.0,40.0,45.0,1.0,2.0,2.0,2.0,2.0,2.0,2.0,1.0,2.0,2.0,2.0,2.0,1.0,2.0,1.0,1.0,2.0,2.0,2.0,2.0,1.0,1.0,1.0,2.0,1.0,2.0,1.0,2.0,2.0,2.0,1.0,1.0,2.0,2.0,2.0,2.0,1.0,2.0,1.0,1.0
517,5,5,5,5,5,5,5,5,1,2,70.0,,,1.0,,,,3.0,5.0,2.0,,6.0,1.0,54.0,,,2.0,,,,,,,3.0,5.0,6.0,20.0,,1.0,,,9.0,,,1.0,5.0,,,,,,,,,,,,1.0,1.0,1.0,1.0,1.0,1.0,6,3,4,4,2,5,6,6,4,2.0,60.0,55.0,58.0,65.0,70.0,62.0,75.0,68.0,40.0,45.0,2.0,1.0,1.0,1.0,2.0,1.0,2.0,1.0,2.0,2.0,1.0,1.0,1.0,2.0,1.0,1.0,1.0,1.0,1.0,2.0,2.0,1.0,2.0,1.0,1.0,2.0,1.0,2.0,2.0,1.0,1.0,1.0,2.0,1.0,2.0,2.0,2.0,2.0,1.0,2.0
643,5,5,5,5,5,5,5,5,1,2,70.0,,,1.0,3.0,4.0,5.0,,,,6.0,,,,2.0,,2.0,2.0,4.0,5.0,,,,,,,,18.0,1.0,,4.0,,,,1.0,5.0,,1.0,1.0,1.0,1.0,1.0,1.0,1.0,1.0,1.0,1.0,,,,,,,6,3,4,3,2,5,6,5,4,2.0,60.0,55.0,58.0,65.0,68.0,62.0,70.0,60.0,35.0,40.0,1.0,1.0,2.0,1.0,1.0,1.0,1.0,2.0,2.0,1.0,1.0,2.0,2.0,2.0,1.0,1.0,1.0,1.0,1.0,1.0,2.0,2.0,2.0,2.0,2.0,2.0,2.0,1.0,2.0,2.0,1.0,1.0,2.0,2.0,2.0,1.0,2.0,2.0,2.0,1.0
730,4,4,4,4,4,4,5,4,2,2,,30.0,,2.0,3.0,4.0,5.0,,,,6.0,,,,2.0,1.0,,,,,,,,3.0,4.0,5.0,18.0,,1.0,,4.0,,,,1.0,5.0,,1.0,1.0,1.0,1.0,1.0,1.0,1.0,1.0,1.0,1.0,,,,,,,6,3,4,4,3,5,6,6,3,2.0,55.0,50.0,52.0,60.0,65.0,58.0,70.0,60.0,40.0,38.0,1.0,2.0,1.0,2.0,1.0,1.0,2.0,2.0,2.0,1.0,1.0,1.0,2.0,1.0,1.0,1.0,2.0,1.0,2.0,2.0,1.0,1.0,1.0,2.0,1.0,1.0,2.0,1.0,1.0,2.0,2.0,2.0,1.0,2.0,2.0,2.0,2.0,2.0,1.0,2.0
636,3,4,4,4,4,4,4,4,2,2,70.0,,3.0,,,,,3.0,5.0,4.0,,5.0,,,2.0,1.0,,,,,3.0,4.0,4.0,,,,18.0,,1.0,,,,2.0,1.0,,,4.0,,,,,,,,,,,1.0,1.0,1.0,1.0,1.0,1.0,6,3,4,4,3,5,6,6,3,2.0,55.0,60.0,60.0,65.0,65.0,60.0,70.0,60.0,40.0,40.0,2.0,2.0,2.0,2.0,1.0,2.0,1.0,2.0,1.0,2.0,2.0,2.0,2.0,1.0,2.0,2.0,1.0,1.0,1.0,1.0,2.0,2.0,2.0,2.0,1.0,2.0,2.0,1.0,2.0,2.0,2.0,2.0,2.0,1.0,2.0,1.0,1.0,2.0,1.0,1.0
745,2,3,3,1,3,3,4,2,2,3,,30.0,4.0,,,,,5.0,4.0,2.0,,6.0,,,1.0,1.0,,2.0,4.0,5.0,,,,,,,15.0,,,1.0,4.0,,,1.0,,5.0,,1.0,1.0,1.0,1.0,1.0,1.0,1.0,1.0,1.0,1.0,,,,,,,6,3,2,2,3,5,6,6,4,2.0,40.0,50.0,50.0,20.0,40.0,50.0,60.0,30.0,30.0,40.0,2.0,1.0,1.0,2.0,1.0,1.0,2.0,2.0,1.0,1.0,1.0,2.0,1.0,1.0,2.0,1.0,2.0,2.0,1.0,1.0,2.0,1.0,1.0,1.0,1.0,2.0,1.0,1.0,2.0,1.0,1.0,1.0,1.0,1.0,1.0,1.0,1.0,1.0,1.0,1.0
159,2,3,2,2,2,2,4,2,4,2,,30.0,3.0,,,,,3.0,5.0,2.0,,5.0,,,2.0,,2.0,2.0,4.0,4.0,,,,,,,20.0,,,2.0,,,2.0,,1.0,,4.0,1.0,1.0,1.0,1.0,1.0,1.0,1.0,1.0,1.0,1.0,,,,,,,6,3,4,3,3,5,6,5,3,2.0,40.0,35.0,38.0,45.0,50.0,40.0,60.0,35.0,55.0,40.0,2.0,2.0,1.0,2.0,2.0,2.0,1.0,1.0,2.0,1.0,2.0,1.0,1.0,2.0,2.0,1.0,2.0,1.0,1.0,2.0,2.0,2.0,1.0,2.0,2.0,2.0,2.0,1.0,2.0,2.0,1.0,2.0,2.0,1.0,2.0,1.0,2.0,1.0,1.0,2.0
858,5,5,5,5,5,5,5,5,1,1,,30.0,5.0,,,,,5.0,4.0,2.0,6.0,,1.0,54.0,,1.0,,3.0,5.0,5.0,,,,,,,,15.0,1.0,,,3.0,,1.0,,5.0,,1.0,1.0,1.0,1.0,1.0,1.0,1.0,1.0,1.0,1.0,,,,,,,7,3,3,3,3,5,6,6,4,2.0,85.0,80.0,85.0,85.0,85.0,85.0,85.0,80.0,20.0,20.0,1.0,1.0,2.0,2.0,1.0,2.0,1.0,1.0,1.0,1.0,1.0,1.0,1.0,1.0,1.0,1.0,2.0,2.0,1.0,1.0,1.0,1.0,1.0,2.0,1.0,1.0,1.0,1.0,1.0,2.0,1.0,1.0,2.0,1.0,1.0,1.0,1.0,1.0,1.0,1.0
411,2,4,4,1,3,3,4,1,2,2,,30.0,2.0,,5.0,4.0,2.0,,,,6.0,,1.0,54.0,,1.0,,3.0,5.0,5.0,,,,,,,15.0,,1.0,,,4.0,,1.0,,,5.0,,,,,,,,,,,1.0,1.0,1.0,1.0,1.0,1.0,7,3,3,3,3,5,6,6,4,2.0,40.0,60.0,60.0,25.0,40.0,40.0,60.0,25.0,35.0,35.0,1.0,1.0,1.0,1.0,1.0,2.0,2.0,1.0,2.0,1.0,2.0,1.0,1.0,1.0,1.0,2.0,2.0,1.0,2.0,2.0,1.0,1.0,1.0,2.0,1.0,2.0,1.0,1.0,1.0,1.0,1.0,2.0,1.0,1.0,2.0,1.0,1.0,1.0,1.0,2.0
198,5,5,5,5,5,5,5,5,2,2,70.0,,5.0,,,,,5.0,4.0,2.0,6.0,,,,1.0,1.0,,,,,,,,2.0,5.0,5.0,15.0,,1.0,,,,3.0,,1.0,5.0,,1.0,1.0,1.0,1.0,1.0,1.0,1.0,1.0,1.0,1.0,,,,,,,6,3,2,2,3,5,6,6,4,2.0,80.0,80.0,85.0,85.0,85.0,85.0,85.0,80.0,40.0,40.0,1.0,2.0,1.0,2.0,1.0,1.0,2.0,1.0,1.0,2.0,1.0,2.0,1.0,2.0,1.0,1.0,2.0,1.0,2.0,1.0,1.0,2.0,2.0,1.0,2.0,1.0,1.0,2.0,1.0,1.0,1.0,1.0,2.0,1.0,1.0,2.0,1.0,2.0,1.0,1.0
562,5,5,5,5,5,5,5,5,2,2,,30.0,5.0,,5.0,4.0,2.0,,,,,6.0,,,1.0,,2.0,3.0,5.0,5.0,,,,,,,15.0,,1.0,,,,3.0,1.0,,5.0,,,,,,,,,,,,1.0,1.0,1.0,1.0,1.0,1.0,7,3,2,3,3,6,6,6,4,2.0,75.0,75.0,80.0,80.0,75.0,80.0,80.0,70.0,40.0,40.0,2.0,2.0,2.0,1.0,2.0,2.0,2.0,2.0,1.0,1.0,1.0,2.0,2.0,1.0,1.0,1.0,2.0,2.0,2.0,2.0,1.0,2.0,2.0,1.0,2.0,1.0,2.0,2.0,1.0,1.0,2.0,1.0,2.0,1.0,1.0,2.0,2.0,1.0,2.0,1.0
784,4,4,4,4,4,4,4,4,2,2,70.0,,,2.0,3.0,4.0,6.0,,,,,5.0,,,2.0,1.0,,2.0,4.0,4.0,,,,,,,18.0,,1.0,,,,2.0,,1.0,4.0,,,,,,,,,,,,1.0,1.0,1.0,1.0,1.0,1.0,6,3,4,4,3,5,6,6,3,2.0,60.0,55.0,58.0,65.0,68.0,62.0,70.0,60.0,40.0,45.0,1.0,2.0,2.0,2.0,2.0,1.0,1.0,2.0,2.0,2.0,1.0,1.0,2.0,2.0,2.0,2.0,1.0,2.0,2.0,2.0,1.0,1.0,1.0,2.0,1.0,1.0,2.0,2.0,1.0,2.0,2.0,1.0,1.0,2.0,2.0,1.0,1.0,1.0,2.0,1.0
899,5,5,5,5,5,5,5,5,1,2,,30.0,,1.0,,,,3.0,5.0,2.0,,6.0,1.0,54.0,,1.0,,1.0,5.0,6.0,,,,,,,0.0,,,2.0,4.0,,,1.0,,,5.0,,,,,,,,,,,1.0,1.0,1.0,1.0,1.0,1.0,6,3,4,3,2,5,6,6,4,2.0,60.0,55.0,60.0,65.0,70.0,65.0,70.0,60.0,40.0,45.0,1.0,2.0,2.0,2.0,2.0,1.0,2.0,2.0,2.0,1.0,2.0,2.0,1.0,2.0,2.0,2.0,1.0,1.0,2.0,2.0,2.0,2.0,1.0,1.0,2.0,1.0,2.0,1.0,1.0,2.0,2.0,2.0,1.0,2.0,1.0,1.0,1.0,2.0,2.0,2.0
921,4,4,4,4,4,4,5,4,2,2,,30.0,,2.0,,,,3.0,4.0,2.0,5.0,,,,2.0,,2.0,,,,,,,3.0,4.0,4.0,18.0,,1.0,,,,2.0,1.0,,4.0,,1.0,1.0,1.0,1.0,1.0,1.0,1.0,1.0,1.0,1.0,,,,,,,6,3,4,3,3,5,6,5,3,2.0,55.0,60.0,58.0,65.0,68.0,62.0,70.0,60.0,40.0,38.0,1.0,2.0,2.0,1.0,1.0,2.0,1.0,1.0,2.0,1.0,2.0,1.0,1.0,1.0,2.0,2.0,1.0,1.0,1.0,1.0,2.0,2.0,2.0,2.0,1.0,2.0,1.0,1.0,2.0,2.0,1.0,2.0,1.0,1.0,2.0,1.0,1.0,1.0,2.0,2.0
852,5,5,5,4,4,5,5,5,2,2,70.0,,5.0,,5.0,4.0,2.0,,,,6.0,,,,1.0,,2.0,3.0,5.0,5.0,,,,,,,15.0,,1.0,,,3.0,,,1.0,,5.0,1.0,1.0,1.0,1.0,1.0,1.0,1.0,1.0,1.0,1.0,,,,,,,6,3,3,3,3,5,6,6,4,2.0,75.0,70.0,80.0,65.0,65.0,75.0,80.0,70.0,40.0,40.0,2.0,1.0,1.0,1.0,2.0,1.0,1.0,2.0,1.0,2.0,1.0,2.0,1.0,1.0,1.0,1.0,1.0,2.0,2.0,1.0,1.0,1.0,1.0,1.0,1.0,2.0,1.0,1.0,1.0,1.0,1.0,2.0,2.0,1.0,1.0,2.0,1.0,1.0,1.0,1.0
153,5,5,5,5,5,5,5,5,1,2,,30.0,,2.0,,,,3.0,5.0,2.0,,6.0,1.0,54.0,,,2.0,,,,,,,4.0,5.0,6.0,,5.0,1.0,,,6.0,,,1.0,,5.0,,,,,,,,,,,1.0,1.0,1.0,1.0,1.0,1.0,6,3,4,4,2,5,6,6,4,2.0,60.0,55.0,60.0,65.0,70.0,65.0,75.0,60.0,40.0,45.0,1.0,2.0,1.0,1.0,1.0,1.0,2.0,2.0,2.0,2.0,2.0,2.0,2.0,2.0,1.0,2.0,2.0,2.0,2.0,1.0,2.0,1.0,2.0,1.0,1.0,1.0,1.0,2.0,1.0,1.0,1.0,2.0,2.0,2.0,1.0,1.0,1.0,2.0,1.0,2.0
893,4,4,4,5,5,5,5,4,2,2,,30.0,3.0,,,,,3.0,4.0,2.0,,6.0,,,2.0,,2.0,2.0,4.0,5.0,,,,,,,,5.0,1.0,,,,3.0,1.0,,,5.0,1.0,1.0,1.0,1.0,1.0,1.0,1.0,1.0,1.0,1.0,,,,,,,6,3,4,3,3,5,6,5,3,2.0,55.0,50.0,52.0,60.0,62.0,58.0,65.0,54.0,40.0,42.0,2.0,2.0,1.0,2.0,1.0,1.0,2.0,2.0,1.0,2.0,1.0,2.0,1.0,1.0,2.0,2.0,1.0,1.0,2.0,1.0,2.0,1.0,1.0,2.0,1.0,2.0,1.0,2.0,1.0,2.0,2.0,2.0,1.0,2.0,1.0,2.0,1.0,2.0,1.0,2.0
568,5,5,5,5,5,5,5,5,2,2,,30.0,5.0,,,,,5.0,4.0,3.0,,6.0,1.0,54.0,,1.0,,,,,,,,2.0,5.0,5.0,15.0,,,1.0,,4.0,,1.0,,5.0,,1.0,1.0,1.0,1.0,1.0,1.0,1.0,1.0,1.0,1.0,,,,,,,7,3,3,3,3,5,6,6,4,2.0,80.0,75.0,85.0,80.0,75.0,80.0,85.0,70.0,40.0,45.0,2.0,2.0,1.0,2.0,1.0,2.0,1.0,1.0,1.0,2.0,1.0,1.0,2.0,2.0,2.0,1.0,1.0,2.0,2.0,1.0,1.0,2.0,1.0,2.0,1.0,2.0,1.0,2.0,1.0,2.0,2.0,1.0,2.0,1.0,1.0,1.0,1.0,1.0,1.0,2.0
192,5,5,5,5,5,5,5,5,1,1,30.0,,5.0,,4.0,3.0,2.0,,,,,6.0,1.0,54.0,,,2.0,,,,,,,2.0,5.0,5.0,15.0,,1.0,,,,3.0,,1.0,,5.0,1.0,1.0,1.0,1.0,1.0,1.0,1.0,1.0,1.0,1.0,,,,,,,7,3,2,3,2,5,6,6,4,2.0,75.0,75.0,80.0,80.0,80.0,80.0,80.0,75.0,25.0,25.0,1.0,1.0,2.0,2.0,2.0,1.0,1.0,1.0,2.0,2.0,2.0,1.0,1.0,1.0,1.0,2.0,2.0,1.0,1.0,2.0,2.0,1.0,1.0,2.0,1.0,1.0,1.0,1.0,1.0,2.0,1.0,1.0,2.0,2.0,1.0,2.0,1.0,1.0,2.0,2.0
207,2,4,3,2,3,2,4,2,4,2,70.0,,3.0,,3.0,4.0,5.0,,,,6.0,,,,2.0,1.0,,2.0,4.0,5.0,,,,,,,18.0,,,2.0,,,3.0,,1.0,,4.0,,,,,,,,,,,1.0,1.0,1.0,1.0,1.0,1.0,6,3,4,4,3,5,6,6,3,2.0,45.0,50.0,48.0,55.0,60.0,52.0,65.0,40.0,38.0,35.0,2.0,1.0,1.0,1.0,1.0,2.0,1.0,1.0,1.0,1.0,2.0,2.0,1.0,1.0,1.0,2.0,1.0,2.0,1.0,1.0,2.0,2.0,2.0,1.0,2.0,1.0,1.0,2.0,1.0,1.0,2.0,2.0,1.0,1.0,1.0,2.0,1.0,1.0,2.0,2.0
374,4,4,4,5,5,5,5,4,2,2,,30.0,4.0,,,,,3.0,4.0,2.0,,6.0,1.0,54.0,,,2.0,,,,,,,3.0,4.0,5.0,,15.0,,2.0,,,3.0,,1.0,,5.0,1.0,1.0,1.0,1.0,1.0,1.0,1.0,1.0,1.0,1.0,,,,,,,6,3,5,4,3,5,6,5,3,2.0,55.0,50.0,52.0,60.0,65.0,62.0,70.0,58.0,40.0,42.0,1.0,1.0,2.0,2.0,2.0,2.0,2.0,1.0,1.0,2.0,2.0,1.0,1.0,1.0,2.0,1.0,1.0,1.0,1.0,2.0,2.0,2.0,2.0,1.0,1.0,1.0,2.0,1.0,2.0,2.0,2.0,2.0,2.0,1.0,1.0,2.0,2.0,2.0,1.0,2.0
995,2,3,2,2,3,2,4,2,4,3,,30.0,,2.0,3.0,4.0,5.0,,,,,,1.0,54.0,,,2.0,,,,2.0,4.0,4.0,,,,,15.0,,2.0,3.0,,,,1.0,4.0,,,,,,,,,,,,1.0,1.0,1.0,1.0,1.0,1.0,6,3,4,3,3,5,6,5,3,2.0,45.0,40.0,42.0,55.0,60.0,50.0,65.0,48.0,52.0,44.0,1.0,2.0,1.0,1.0,1.0,1.0,2.0,1.0,1.0,1.0,1.0,1.0,1.0,1.0,1.0,2.0,2.0,2.0,2.0,2.0,2.0,1.0,1.0,1.0,2.0,2.0,1.0,1.0,2.0,1.0,2.0,1.0,2.0,1.0,2.0,1.0,1.0,1.0,1.0,2.0
70,5,5,5,5,5,5,5,5,1,2,,30.0,,2.0,,,,4.0,5.0,3.0,6.0,,,,2.0,1.0,,2.0,4.0,5.0,,,,,,,,15.0,1.0,,,,3.0,,1.0,5.0,,,,,,,,,,,,1.0,1.0,1.0,1.0,1.0,1.0,6,3,4,4,3,5,6,6,3,2.0,60.0,55.0,60.0,65.0,70.0,60.0,70.0,60.0,40.0,45.0,1.0,2.0,1.0,1.0,1.0,2.0,2.0,1.0,2.0,2.0,1.0,2.0,2.0,2.0,1.0,1.0,2.0,1.0,2.0,2.0,2.0,1.0,2.0,1.0,2.0,1.0,1.0,2.0,2.0,2.0,1.0,1.0,2.0,2.0,2.0,2.0,2.0,2.0,1.0,1.0
272,5,5,5,5,5,5,5,5,2,2,30.0,,5.0,,,,,5.0,4.0,2.0,,6.0,1.0,54.0,,,2.0,2.0,5.0,5.0,,,,,,,15.0,,,1.0,,,3.0,,1.0,,5.0,1.0,1.0,1.0,1.0,1.0,1.0,1.0,1.0,1.0,1.0,,,,,,,6,3,2,3,3,5,6,6,4,2.0,75.0,75.0,80.0,80.0,75.0,80.0,80.0,70.0,40.0,40.0,1.0,1.0,1.0,1.0,1.0,1.0,1.0,1.0,2.0,1.0,1.0,2.0,1.0,1.0,1.0,1.0,1.0,1.0,1.0,1.0,1.0,1.0,1.0,1.0,1.0,1.0,1.0,1.0,1.0,1.0,1.0,1.0,1.0,1.0,1.0,1.0,1.0,1.0,2.0,1.0
301,5,4,4,5,5,4,5,5,1,2,,30.0,,2.0,3.0,4.0,5.0,,,,6.0,,1.0,54.0,,,2.0,,,,,,,2.0,4.0,5.0,20.0,,,2.0,,6.0,,,1.0,,5.0,,,,,,,,,,,1.0,1.0,1.0,1.0,1.0,1.0,6,3,4,4,3,5,6,6,3,2.0,55.0,50.0,52.0,60.0,62.0,54.0,65.0,58.0,40.0,42.0,1.0,2.0,1.0,2.0,1.0,1.0,2.0,2.0,2.0,2.0,2.0,1.0,1.0,1.0,1.0,2.0,1.0,2.0,1.0,1.0,2.0,1.0,1.0,2.0,1.0,2.0,2.0,1.0,1.0,2.0,1.0,2.0,2.0,1.0,1.0,2.0,1.0,1.0,2.0,2.0
688,2,3,3,1,2,4,4,2,1,3,,30.0,,2.0,,,,,,,6.0,,1.0,54.0,,1.0,,,,,,,,2.0,4.0,5.0,,15.0,1.0,,,,2.0,,1.0,,5.0,1.0,1.0,1.0,1.0,1.0,1.0,1.0,1.0,1.0,1.0,,,,,,,6,3,2,2,3,5,6,6,3,,,,,,,,,,,,2.0,1.0,1.0,1.0,1.0,1.0,2.0,1.0,2.0,1.0,1.0,1.0,1.0,1.0,1.0,1.0,1.0,1.0,1.0,1.0,1.0,1.0,1.0,2.0,1.0,1.0,1.0,1.0,1.0,1.0,1.0,1.0,1.0,1.0,1.0,1.0,1.0,1.0,1.0,1.0
954,2,3,2,2,3,2,4,2,4,2,,30.0,,2.0,,,,3.0,4.0,3.0,,6.0,1.0,40.0,,1.0,,,,,3.0,4.0,5.0,,,,,15.0,1.0,,,,2.0,1.0,,,4.0,,,,,,,,,,,1.0,1.0,1.0,1.0,1.0,1.0,6,3,4,4,3,5,6,6,3,2.0,45.0,40.0,42.0,50.0,55.0,48.0,60.0,40.0,35.0,38.0,1.0,1.0,1.0,1.0,2.0,2.0,1.0,1.0,2.0,1.0,2.0,1.0,2.0,2.0,2.0,1.0,2.0,1.0,2.0,2.0,1.0,1.0,1.0,1.0,2.0,2.0,1.0,1.0,2.0,2.0,2.0,1.0,1.0,2.0,1.0,2.0,1.0,2.0,2.0,1.0
827,1,2,2,1,2,2,3,1,1,1,70.0,,2.0,,,,,5.0,4.0,2.0,6.0,,,,1.0,1.0,,2.0,5.0,5.0,,,,,,,15.0,,,1.0,4.0,,,,1.0,5.0,,1.0,1.0,1.0,1.0,1.0,1.0,1.0,1.0,1.0,1.0,,,,,,,7,3,3,3,3,5,6,6,4,2.0,20.0,30.0,30.0,15.0,25.0,30.0,40.0,15.0,10.0,10.0,1.0,2.0,1.0,1.0,2.0,1.0,1.0,2.0,1.0,1.0,1.0,1.0,1.0,2.0,1.0,1.0,2.0,1.0,2.0,2.0,1.0,1.0,1.0,1.0,1.0,2.0,2.0,1.0,1.0,1.0,1.0,1.0,2.0,1.0,1.0,2.0,1.0,1.0,1.0,1.0
126,4,4,4,4,4,4,5,4,2,2,,30.0,3.0,,3.0,4.0,5.0,,,,,5.0,,,2.0,1.0,,,,,,,,3.0,4.0,5.0,,5.0,,2.0,,6.0,,,1.0,,4.0,,,,,,,,,,,1.0,1.0,1.0,1.0,1.0,1.0,6,3,4,4,3,5,6,6,3,2.0,55.0,50.0,52.0,60.0,62.0,58.0,70.0,54.0,40.0,38.0,2.0,1.0,1.0,2.0,2.0,2.0,1.0,1.0,1.0,1.0,2.0,1.0,1.0,2.0,2.0,1.0,2.0,2.0,2.0,1.0,2.0,2.0,2.0,2.0,2.0,2.0,1.0,1.0,2.0,1.0,1.0,1.0,2.0,1.0,1.0,1.0,1.0,1.0,2.0,2.0
649,5,5,5,5,5,5,5,5,1,1,,30.0,,2.0,,,,4.0,5.0,3.0,6.0,,,,2.0,,2.0,,,,,,,4.0,5.0,6.0,,20.0,1.0,,4.0,,,1.0,,,5.0,1.0,1.0,1.0,1.0,1.0,1.0,1.0,1.0,1.0,1.0,,,,,,,6,3,4,4,3,5,6,6,4,2.0,55.0,50.0,52.0,60.0,65.0,58.0,70.0,60.0,40.0,35.0,2.0,2.0,2.0,2.0,2.0,2.0,2.0,2.0,2.0,2.0,2.0,1.0,2.0,2.0,2.0,2.0,2.0,2.0,2.0,1.0,2.0,2.0,1.0,1.0,2.0,2.0,1.0,1.0,1.0,2.0,2.0,2.0,1.0,1.0,2.0,2.0,1.0,1.0,2.0,2.0
41,2,3,2,2,3,2,4,2,4,3,70.0,,,2.0,,,,3.0,5.0,2.0,,6.0,1.0,54.0,,1.0,,,,,,,,3.0,4.0,5.0,,8.0,,2.0,4.0,,,,1.0,4.0,,,,,,,,,,,,1.0,1.0,1.0,1.0,1.0,1.0,6,3,4,3,3,5,6,5,3,2.0,45.0,40.0,42.0,50.0,55.0,48.0,60.0,40.0,38.0,35.0,2.0,2.0,1.0,2.0,1.0,2.0,2.0,2.0,1.0,2.0,2.0,1.0,2.0,1.0,2.0,1.0,2.0,2.0,1.0,1.0,2.0,2.0,2.0,2.0,2.0,1.0,1.0,1.0,2.0,1.0,1.0,1.0,1.0,1.0,2.0,1.0,1.0,2.0,1.0,2.0
243,2,3,4,2,3,4,4,2,2,2,70.0,,2.0,,,,,5.0,4.0,2.0,6.0,,,,1.0,,2.0,,,,,,,3.0,4.0,5.0,15.0,,1.0,,,3.0,,,1.0,5.0,,,,,,,,,,,,1.0,1.0,1.0,1.0,1.0,1.0,6,3,2,3,3,5,6,5,3,2.0,55.0,50.0,60.0,40.0,45.0,55.0,55.0,40.0,35.0,35.0,1.0,2.0,2.0,1.0,2.0,1.0,1.0,2.0,1.0,1.0,2.0,1.0,1.0,1.0,2.0,1.0,2.0,1.0,1.0,1.0,2.0,1.0,1.0,2.0,2.0,1.0,2.0,1.0,2.0,1.0,2.0,1.0,2.0,1.0,1.0,1.0,1.0,2.0,1.0,1.0
330,5,5,5,5,5,5,5,5,1,1,70.0,,,1.0,3.0,4.0,6.0,,,,,6.0,,,2.0,1.0,,,,,,,,3.0,5.0,6.0,20.0,,1.0,,4.0,,,,1.0,5.0,,1.0,1.0,1.0,1.0,1.0,1.0,1.0,1.0,1.0,1.0,,,,,,,6,3,4,4,2,5,6,6,4,2.0,60.0,55.0,60.0,65.0,70.0,60.0,75.0,60.0,40.0,35.0,1.0,2.0,1.0,1.0,1.0,2.0,1.0,1.0,2.0,1.0,2.0,2.0,1.0,1.0,1.0,1.0,2.0,2.0,1.0,1.0,2.0,1.0,2.0,2.0,1.0,1.0,1.0,1.0,2.0,1.0,1.0,2.0,2.0,2.0,1.0,2.0,1.0,1.0,2.0,2.0
80,1,2,2,1,2,2,3,1,4,4,,30.0,,1.0,2.0,3.0,5.0,,,,6.0,,,,2.0,1.0,,1.0,2.0,3.0,,,,,,,20.0,,1.0,,3.0,,,,1.0,,3.0,,,,,,,,,,,1.0,1.0,1.0,1.0,1.0,1.0,6,3,4,3,2,5,6,5,2,2.0,45.0,40.0,40.0,40.0,45.0,45.0,50.0,40.0,55.0,55.0,2.0,2.0,2.0,2.0,2.0,2.0,2.0,1.0,2.0,2.0,2.0,2.0,1.0,1.0,2.0,2.0,1.0,2.0,2.0,2.0,2.0,2.0,2.0,2.0,2.0,2.0,2.0,1.0,2.0,2.0,1.0,2.0,2.0,2.0,2.0,2.0,2.0,2.0,1.0,2.0
965,5,5,5,4,4,5,5,5,2,3,,30.0,5.0,,5.0,4.0,2.0,,,,,6.0,,,1.0,,2.0,3.0,5.0,5.0,,,,,,,,15.0,1.0,,,,3.0,1.0,,5.0,,,,,,,,,,,,1.0,1.0,1.0,1.0,1.0,1.0,7,3,3,3,3,5,6,6,4,2.0,70.0,70.0,70.0,60.0,60.0,70.0,70.0,70.0,40.0,50.0,1.0,1.0,1.0,1.0,1.0,1.0,1.0,1.0,1.0,1.0,1.0,1.0,1.0,1.0,1.0,1.0,1.0,1.0,1.0,1.0,1.0,1.0,1.0,1.0,1.0,1.0,1.0,1.0,1.0,1.0,1.0,1.0,1.0,1.0,1.0,1.0,1.0,1.0,1.0,1.0
816,4,4,4,3,3,4,4,3,2,2,,30.0,,2.0,,,,,,,6.0,,,,1.0,1.0,,,,,,,,3.0,4.0,5.0,,15.0,,1.0,4.0,,,,1.0,,5.0,1.0,1.0,1.0,1.0,1.0,1.0,1.0,1.0,1.0,1.0,,,,,,,6,3,3,3,3,5,6,6,3,2.0,65.0,60.0,60.0,50.0,50.0,60.0,60.0,50.0,40.0,40.0,1.0,1.0,1.0,1.0,1.0,2.0,1.0,2.0,1.0,2.0,1.0,1.0,1.0,1.0,2.0,2.0,2.0,1.0,1.0,1.0,1.0,1.0,1.0,2.0,1.0,1.0,2.0,1.0,1.0,1.0,1.0,1.0,1.0,1.0,1.0,2.0,2.0,1.0,1.0,2.0
117,4,4,4,4,4,4,4,4,2,2,,30.0,3.0,,,,,3.0,4.0,2.0,,6.0,1.0,54.0,,1.0,,,,,,,,2.0,4.0,5.0,,18.0,1.0,,3.0,,,1.0,,4.0,,1.0,1.0,1.0,1.0,1.0,1.0,1.0,1.0,1.0,1.0,,,,,,,6,3,4,3,3,5,6,5,3,2.0,55.0,50.0,52.0,60.0,62.0,58.0,65.0,54.0,40.0,38.0,2.0,2.0,2.0,2.0,2.0,2.0,2.0,2.0,2.0,2.0,2.0,2.0,2.0,2.0,2.0,2.0,2.0,2.0,2.0,2.0,2.0,2.0,2.0,2.0,2.0,2.0,2.0,2.0,2.0,2.0,2.0,2.0,2.0,2.0,2.0,2.0,2.0,2.0,2.0,2.0
282,5,5,5,5,5,5,5,5,1,1,70.0,,5.0,,5.0,4.0,2.0,,,,6.0,,1.0,54.0,,,2.0,3.0,5.0,5.0,,,,,,,,15.0,,1.0,,,3.0,,1.0,,5.0,1.0,1.0,1.0,1.0,1.0,1.0,1.0,1.0,1.0,1.0,,,,,,,7,3,4,3,3,5,6,6,4,2.0,80.0,75.0,85.0,80.0,80.0,85.0,80.0,75.0,30.0,25.0,2.0,1.0,2.0,1.0,1.0,1.0,1.0,1.0,1.0,2.0,1.0,1.0,1.0,2.0,2.0,1.0,2.0,1.0,1.0,1.0,2.0,1.0,1.0,2.0,1.0,1.0,1.0,1.0,1.0,1.0,1.0,1.0,1.0,1.0,1.0,1.0,1.0,1.0,2.0,1.0
678,4,4,4,4,4,4,4,4,2,2,,30.0,,2.0,3.0,4.0,5.0,,,,,5.0,,,2.0,,2.0,,,,,,,3.0,4.0,4.0,,15.0,,2.0,,,3.0,1.0,,4.0,,1.0,1.0,1.0,1.0,1.0,1.0,1.0,1.0,1.0,1.0,,,,,,,6,3,4,4,3,5,6,6,3,2.0,55.0,50.0,52.0,60.0,62.0,58.0,65.0,54.0,40.0,42.0,2.0,2.0,2.0,1.0,2.0,2.0,1.0,2.0,2.0,1.0,1.0,2.0,2.0,2.0,2.0,2.0,2.0,2.0,2.0,2.0,2.0,1.0,2.0,2.0,2.0,2.0,1.0,1.0,2.0,1.0,2.0,2.0,2.0,2.0,2.0,1.0,2.0,2.0,1.0,2.0
910,4,4,4,2,2,2,4,2,4,4,70.0,,,2.0,3.0,4.0,5.0,,,,,6.0,,,2.0,1.0,,,,,,,,4.0,4.0,5.0,,15.0,1.0,,,,3.0,,1.0,,4.0,1.0,1.0,1.0,1.0,1.0,1.0,1.0,1.0,1.0,1.0,,,,,,,6,3,5,4,3,5,6,5,3,2.0,55.0,50.0,52.0,48.0,47.0,45.0,60.0,44.0,51.0,53.0,1.0,1.0,1.0,1.0,2.0,1.0,1.0,1.0,1.0,1.0,1.0,2.0,1.0,1.0,1.0,2.0,1.0,1.0,1.0,2.0,1.0,1.0,2.0,1.0,1.0,2.0,2.0,1.0,1.0,1.0,1.0,1.0,1.0,2.0,1.0,2.0,1.0,2.0,2.0,1.0
863,4,4,4,4,4,4,4,4,2,2,,30.0,,2.0,,,,3.0,4.0,2.0,6.0,,,,2.0,1.0,,,,,,,,3.0,4.0,4.0,20.0,,,2.0,4.0,,,1.0,,4.0,,,,,,,,,,,,1.0,1.0,1.0,1.0,1.0,1.0,6,3,4,3,3,5,6,5,3,2.0,55.0,50.0,52.0,60.0,62.0,58.0,65.0,54.0,40.0,38.0,1.0,2.0,2.0,2.0,2.0,2.0,1.0,1.0,1.0,2.0,2.0,2.0,2.0,2.0,2.0,2.0,2.0,2.0,2.0,2.0,2.0,1.0,2.0,2.0,2.0,2.0,2.0,2.0,1.0,2.0,1.0,2.0,1.0,1.0,2.0,2.0,2.0,1.0,2.0,1.0
384,4,4,4,5,5,5,5,5,1,2,70.0,,4.0,,3.0,4.0,6.0,,,,,6.0,1.0,54.0,,,2.0,2.0,4.0,5.0,,,,,,,18.0,,1.0,,,,2.0,1.0,,5.0,,,,,,,,,,,,1.0,1.0,1.0,1.0,1.0,1.0,6,3,4,3,2,5,6,6,3,2.0,55.0,50.0,52.0,60.0,62.0,58.0,65.0,60.0,40.0,45.0,2.0,2.0,2.0,2.0,1.0,2.0,2.0,2.0,1.0,2.0,1.0,2.0,1.0,1.0,2.0,1.0,2.0,1.0,1.0,2.0,1.0,1.0,2.0,1.0,2.0,2.0,1.0,1.0,2.0,2.0,2.0,2.0,2.0,2.0,2.0,2.0,1.0,2.0,1.0,1.0
598,5,5,5,5,5,5,5,5,2,2,,30.0,,2.0,5.0,4.0,2.0,,,,,6.0,1.0,54.0,,1.0,,,,,2.0,5.0,5.0,,,,15.0,,,1.0,,4.0,,,1.0,5.0,,1.0,1.0,1.0,1.0,1.0,1.0,1.0,1.0,1.0,1.0,,,,,,,7,3,3,3,3,5,6,6,4,2.0,80.0,80.0,85.0,85.0,85.0,90.0,90.0,80.0,30.0,30.0,2.0,1.0,1.0,2.0,1.0,2.0,2.0,2.0,1.0,1.0,2.0,2.0,1.0,2.0,1.0,1.0,1.0,2.0,2.0,1.0,1.0,1.0,1.0,1.0,1.0,1.0,1.0,1.0,1.0,1.0,1.0,1.0,1.0,1.0,1.0,1.0,1.0,1.0,1.0,1.0
162,2,2,2,2,2,2,4,2,4,4,70.0,,,2.0,,,,3.0,5.0,4.0,,6.0,1.0,54.0,,,2.0,,,,,,,4.0,4.0,5.0,18.0,,,2.0,,6.0,,,1.0,4.0,,,,,,,,,,,,1.0,1.0,1.0,1.0,1.0,1.0,6,3,4,4,2,5,6,6,3,2.0,40.0,38.0,35.0,35.0,38.0,35.0,50.0,35.0,50.0,50.0,1.0,1.0,1.0,1.0,1.0,1.0,1.0,1.0,2.0,2.0,1.0,1.0,2.0,1.0,2.0,2.0,2.0,1.0,2.0,1.0,1.0,1.0,2.0,2.0,1.0,1.0,1.0,1.0,1.0,1.0,2.0,1.0,1.0,2.0,1.0,1.0,1.0,1.0,1.0,1.0
34,3,3,3,4,4,3,4,3,2,2,,30.0,,2.0,3.0,4.0,6.0,,,,5.0,,1.0,40.0,,,2.0,2.0,3.0,4.0,,,,,,,18.0,,1.0,,3.0,,,1.0,,4.0,,1.0,1.0,1.0,1.0,1.0,1.0,1.0,1.0,1.0,1.0,,,,,,,6,3,4,3,3,5,6,5,3,2.0,40.0,40.0,40.0,50.0,50.0,40.0,50.0,40.0,30.0,30.0,2.0,2.0,2.0,2.0,2.0,1.0,2.0,2.0,1.0,1.0,2.0,2.0,1.0,2.0,2.0,2.0,2.0,1.0,1.0,2.0,2.0,1.0,2.0,2.0,2.0,1.0,2.0,2.0,2.0,2.0,1.0,2.0,2.0,1.0,1.0,2.0,1.0,2.0,2.0,1.0
559,5,5,5,5,5,5,5,5,1,2,70.0,,4.0,,3.0,4.0,6.0,,,,,6.0,1.0,54.0,,,2.0,,,,,,,4.0,5.0,6.0,,15.0,,2.0,,,2.0,1.0,,,5.0,,,,,,,,,,,1.0,1.0,1.0,1.0,1.0,1.0,6,3,4,4,3,5,6,6,4,2.0,60.0,55.0,58.0,65.0,68.0,62.0,70.0,60.0,35.0,40.0,2.0,1.0,1.0,1.0,2.0,2.0,2.0,1.0,2.0,1.0,1.0,1.0,1.0,2.0,2.0,2.0,1.0,2.0,2.0,1.0,2.0,1.0,1.0,1.0,1.0,1.0,2.0,2.0,1.0,1.0,2.0,1.0,2.0,1.0,2.0,2.0,1.0,1.0,1.0,1.0
236,4,4,4,4,4,4,4,4,2,2,,30.0,,3.0,3.0,4.0,6.0,,,,6.0,,,,2.0,1.0,,2.0,4.0,4.0,,,,,,,,18.0,1.0,,,5.0,,1.0,,,4.0,,,,,,,,,,,1.0,1.0,1.0,1.0,1.0,1.0,6,3,4,4,2,5,6,6,3,2.0,60.0,55.0,60.0,65.0,65.0,60.0,70.0,55.0,40.0,40.0,2.0,2.0,1.0,1.0,1.0,2.0,1.0,2.0,2.0,2.0,1.0,2.0,1.0,2.0,2.0,1.0,1.0,2.0,1.0,1.0,2.0,1.0,1.0,1.0,2.0,1.0,2.0,2.0,2.0,1.0,1.0,1.0,1.0,2.0,2.0,2.0,1.0,2.0,2.0,1.0
345,2,3,3,2,3,3,3,2,4,4,70.0,,2.0,,,,,5.0,4.0,2.0,,6.0,,,1.0,,2.0,,,,,,,3.0,4.0,5.0,,12.0,,1.0,,,3.0,,1.0,5.0,,,,,,,,,,,,1.0,1.0,1.0,1.0,1.0,1.0,6,3,3,3,3,5,5,5,3,2.0,40.0,50.0,50.0,40.0,50.0,50.0,50.0,40.0,60.0,60.0,1.0,1.0,1.0,1.0,1.0,2.0,1.0,1.0,2.0,2.0,1.0,2.0,1.0,1.0,1.0,2.0,1.0,1.0,1.0,1.0,1.0,2.0,1.0,1.0,1.0,1.0,1.0,1.0,1.0,1.0,1.0,1.0,1.0,1.0,1.0,1.0,1.0,1.0,1.0,1.0
607,5,5,5,5,5,5,5,5,1,2,,30.0,,1.0,2.0,3.0,6.0,,,,,,,,2.0,,2.0,2.0,4.0,5.0,,,,,,,,18.0,,2.0,3.0,,,1.0,,,5.0,1.0,1.0,1.0,1.0,1.0,1.0,1.0,1.0,1.0,1.0,,,,,,,6,3,4,3,3,5,6,5,4,2.0,60.0,55.0,60.0,65.0,65.0,60.0,70.0,60.0,40.0,45.0,1.0,1.0,2.0,2.0,1.0,2.0,2.0,1.0,2.0,2.0,2.0,1.0,2.0,2.0,2.0,2.0,1.0,1.0,1.0,2.0,1.0,1.0,1.0,2.0,2.0,1.0,1.0,2.0,1.0,2.0,2.0,1.0,2.0,2.0,2.0,2.0,1.0,2.0,1.0,2.0
774,5,5,5,5,5,5,5,5,2,2,,30.0,5.0,,,,,5.0,4.0,2.0,,6.0,1.0,54.0,,1.0,,2.0,5.0,5.0,,,,,,,,15.0,,1.0,,,3.0,,1.0,,5.0,,,,,,,,,,,1.0,1.0,1.0,1.0,1.0,1.0,6,3,2,2,3,5,6,6,4,2.0,80.0,80.0,85.0,85.0,85.0,85.0,85.0,80.0,30.0,30.0,2.0,2.0,2.0,1.0,1.0,1.0,1.0,1.0,2.0,2.0,1.0,2.0,1.0,2.0,2.0,1.0,1.0,1.0,1.0,2.0,2.0,1.0,1.0,1.0,1.0,1.0,1.0,1.0,1.0,1.0,2.0,1.0,1.0,1.0,1.0,2.0,2.0,2.0,2.0,2.0
168,2,3,3,1,3,3,4,2,1,2,,30.0,2.0,,,,,4.0,3.0,2.0,6.0,,,,1.0,1.0,,,,,,,,2.0,4.0,5.0,15.0,,1.0,,,3.0,,1.0,,,5.0,,,,,,,,,,,1.0,1.0,1.0,1.0,1.0,1.0,6,3,2,3,3,5,6,5,3,2.0,40.0,35.0,35.0,20.0,35.0,35.0,45.0,40.0,20.0,25.0,1.0,2.0,1.0,1.0,1.0,2.0,1.0,1.0,1.0,2.0,1.0,1.0,2.0,1.0,1.0,1.0,1.0,1.0,2.0,1.0,2.0,2.0,1.0,1.0,2.0,2.0,2.0,1.0,1.0,1.0,2.0,1.0,1.0,1.0,1.0,2.0,1.0,1.0,1.0,1.0
592,4,4,4,4,4,4,5,4,2,2,,30.0,,2.0,2.0,3.0,5.0,,,,,5.0,1.0,40.0,,1.0,,,,,4.0,4.0,5.0,,,,16.0,,1.0,,,,2.0,,1.0,4.0,,,,,,,,,,,,1.0,1.0,1.0,1.0,1.0,1.0,6,3,4,4,3,5,6,6,3,2.0,60.0,55.0,60.0,65.0,65.0,60.0,70.0,60.0,40.0,40.0,1.0,1.0,2.0,2.0,1.0,1.0,1.0,1.0,1.0,2.0,1.0,2.0,2.0,2.0,1.0,2.0,2.0,1.0,2.0,2.0,1.0,2.0,1.0,1.0,2.0,1.0,2.0,2.0,1.0,2.0,1.0,2.0,2.0,2.0,1.0,1.0,1.0,1.0,2.0,2.0
869,2,3,2,2,2,2,4,2,4,4,,30.0,,2.0,3.0,4.0,5.0,,,,,6.0,,,2.0,1.0,,,,,3.0,4.0,5.0,,,,,15.0,1.0,,,6.0,,1.0,,,4.0,,,,,,,,,,,1.0,1.0,1.0,1.0,1.0,1.0,6,3,4,4,3,5,6,6,3,2.0,45.0,40.0,42.0,50.0,55.0,55.0,60.0,40.0,50.0,45.0,1.0,1.0,1.0,1.0,1.0,1.0,2.0,1.0,2.0,1.0,1.0,1.0,2.0,1.0,1.0,2.0,2.0,2.0,1.0,2.0,1.0,1.0,2.0,2.0,1.0,2.0,1.0,1.0,1.0,1.0,1.0,1.0,1.0,2.0,2.0,1.0,2.0,1.0,2.0,1.0
420,3,3,3,3,4,3,4,3,2,2,70.0,,,2.0,,,,3.0,4.0,3.0,6.0,,,,2.0,,2.0,,,,,,,3.0,4.0,5.0,,15.0,1.0,,4.0,,,,1.0,,4.0,1.0,1.0,1.0,1.0,1.0,1.0,1.0,1.0,1.0,1.0,,,,,,,6,3,4,4,3,5,6,6,3,2.0,55.0,50.0,52.0,60.0,65.0,58.0,70.0,60.0,40.0,45.0,1.0,2.0,2.0,1.0,1.0,1.0,1.0,1.0,2.0,2.0,1.0,2.0,1.0,1.0,1.0,1.0,1.0,2.0,2.0,2.0,1.0,2.0,1.0,1.0,1.0,1.0,1.0,2.0,1.0,2.0,2.0,1.0,1.0,1.0,1.0,1.0,1.0,2.0,1.0,2.0
553,4,4,4,2,3,4,4,3,2,2,70.0,,5.0,,5.0,4.0,2.0,,,,6.0,,,,1.0,,2.0,,,,2.0,4.0,5.0,,,,15.0,,,1.0,,3.0,,1.0,,,5.0,,,,,,,,,,,1.0,1.0,1.0,1.0,1.0,1.0,6,2,2,3,3,5,6,6,4,2.0,65.0,60.0,60.0,40.0,50.0,60.0,60.0,50.0,40.0,40.0,2.0,1.0,1.0,1.0,2.0,2.0,1.0,2.0,2.0,1.0,1.0,1.0,2.0,1.0,2.0,2.0,1.0,1.0,1.0,1.0,1.0,1.0,1.0,1.0,1.0,1.0,1.0,1.0,1.0,1.0,2.0,1.0,1.0,2.0,2.0,1.0,2.0,1.0,1.0,1.0
249,2,3,3,1,3,3,3,2,1,2,70.0,,2.0,,5.0,4.0,2.0,,,,6.0,,1.0,54.0,,,2.0,2.0,4.0,5.0,,,,,,,,15.0,1.0,,,,3.0,1.0,,4.0,,1.0,1.0,1.0,1.0,1.0,1.0,1.0,1.0,1.0,1.0,,,,,,,6,3,3,3,3,5,6,6,4,2.0,40.0,50.0,50.0,20.0,50.0,50.0,50.0,40.0,20.0,40.0,1.0,2.0,1.0,1.0,1.0,1.0,1.0,2.0,1.0,1.0,1.0,2.0,1.0,1.0,1.0,1.0,1.0,1.0,1.0,1.0,1.0,1.0,1.0,1.0,1.0,1.0,1.0,1.0,2.0,1.0,1.0,1.0,1.0,1.0,1.0,1.0,1.0,1.0,2.0,1.0
455,2,3,2,2,2,2,4,2,4,4,70.0,,,2.0,3.0,4.0,5.0,,,,,6.0,1.0,40.0,,1.0,,,,,2.0,4.0,5.0,,,,18.0,,,2.0,,,2.0,1.0,,,4.0,1.0,1.0,1.0,1.0,1.0,1.0,1.0,1.0,1.0,1.0,,,,,,,6,3,4,3,3,5,6,5,3,2.0,45.0,40.0,42.0,50.0,55.0,48.0,60.0,40.0,35.0,38.0,1.0,2.0,1.0,2.0,2.0,2.0,2.0,2.0,1.0,2.0,2.0,2.0,2.0,1.0,1.0,1.0,1.0,1.0,2.0,1.0,1.0,1.0,2.0,1.0,2.0,2.0,2.0,1.0,1.0,1.0,1.0,2.0,2.0,2.0,2.0,2.0,2.0,2.0,1.0,2.0
526,2,2,2,1,2,2,4,2,4,4,70.0,,,2.0,,,,3.0,5.0,4.0,,5.0,1.0,54.0,,1.0,,,,,2.0,4.0,5.0,,,,,0.0,2.0,,,6.0,,,1.0,,5.0,,,,,,,,,,,1.0,1.0,1.0,1.0,1.0,1.0,6,3,4,3,2,5,6,5,3,2.0,40.0,35.0,35.0,30.0,35.0,35.0,60.0,35.0,60.0,60.0,1.0,2.0,2.0,1.0,2.0,1.0,2.0,1.0,1.0,1.0,2.0,1.0,1.0,2.0,2.0,1.0,2.0,1.0,1.0,1.0,2.0,1.0,1.0,1.0,2.0,1.0,1.0,1.0,1.0,1.0,2.0,2.0,1.0,2.0,1.0,2.0,1.0,2.0,2.0,1.0
494,5,5,5,5,5,5,5,5,1,2,,30.0,5.0,,,,,5.0,4.0,2.0,,6.0,1.0,54.0,,,2.0,,,,2.0,5.0,5.0,,,,,15.0,,1.0,,,3.0,1.0,,,5.0,1.0,1.0,1.0,1.0,1.0,1.0,1.0,1.0,1.0,1.0,,,,,,,7,3,3,3,3,5,6,6,4,2.0,80.0,80.0,85.0,85.0,85.0,85.0,85.0,80.0,20.0,30.0,2.0,1.0,1.0,1.0,2.0,1.0,2.0,1.0,2.0,1.0,2.0,1.0,1.0,1.0,2.0,1.0,2.0,1.0,1.0,1.0,1.0,1.0,2.0,1.0,1.0,2.0,1.0,1.0,1.0,1.0,2.0,1.0,2.0,1.0,1.0,1.0,1.0,1.0,1.0,1.0
672,2,2,2,2,2,2,4,2,4,2,,30.0,,2.0,,,,3.0,5.0,4.0,6.0,,,,2.0,,2.0,,,,2.0,4.0,4.0,,,,16.0,,1.0,,,6.0,,1.0,,4.0,,1.0,1.0,1.0,1.0,1.0,1.0,1.0,1.0,1.0,1.0,,,,,,,6,3,4,3,3,5,6,5,3,2.0,45.0,40.0,42.0,50.0,55.0,48.0,60.0,40.0,55.0,38.0,2.0,1.0,1.0,1.0,1.0,2.0,2.0,1.0,2.0,2.0,1.0,2.0,1.0,1.0,1.0,1.0,1.0,1.0,1.0,1.0,1.0,2.0,2.0,2.0,2.0,2.0,1.0,2.0,1.0,1.0,1.0,2.0,2.0,2.0,2.0,2.0,2.0,2.0,1.0,1.0
701,2,2,2,2,2,2,4,2,4,4,,30.0,,2.0,2.0,3.0,6.0,,,,6.0,,1.0,54.0,,,2.0,,,,,,,2.0,4.0,5.0,,5.0,,2.0,4.0,,,,1.0,4.0,,1.0,1.0,1.0,1.0,1.0,1.0,1.0,1.0,1.0,1.0,,,,,,,6,3,4,4,3,5,6,6,3,2.0,45.0,40.0,40.0,50.0,55.0,50.0,60.0,45.0,40.0,35.0,2.0,1.0,1.0,2.0,1.0,1.0,1.0,1.0,1.0,2.0,2.0,2.0,1.0,1.0,2.0,2.0,2.0,2.0,1.0,1.0,2.0,2.0,2.0,2.0,2.0,2.0,2.0,2.0,1.0,1.0,1.0,1.0,2.0,2.0,2.0,1.0,1.0,1.0,1.0,2.0
288,5,5,5,5,5,5,5,5,1,2,70.0,,,2.0,,,,3.0,5.0,2.0,,6.0,1.0,30.0,,,2.0,2.0,5.0,6.0,,,,,,,18.0,,,2.0,,6.0,,,1.0,5.0,,1.0,1.0,1.0,1.0,1.0,1.0,1.0,1.0,1.0,1.0,,,,,,,6,3,4,3,3,5,6,5,3,2.0,60.0,55.0,58.0,65.0,62.0,60.0,70.0,55.0,40.0,45.0,1.0,2.0,1.0,2.0,1.0,2.0,1.0,2.0,1.0,1.0,2.0,1.0,2.0,1.0,2.0,2.0,2.0,2.0,2.0,2.0,2.0,1.0,2.0,1.0,1.0,2.0,1.0,2.0,1.0,1.0,1.0,2.0,1.0,1.0,1.0,2.0,2.0,1.0,1.0,1.0
685,5,5,5,5,5,5,5,5,2,2,70.0,,6.0,,5.0,4.0,2.0,,,,6.0,,1.0,54.0,,1.0,,,,,2.0,5.0,5.0,,,,,15.0,1.0,,,,4.0,,1.0,5.0,,,,,,,,,,,,1.0,1.0,1.0,1.0,1.0,1.0,7,3,3,3,3,6,6,6,4,2.0,85.0,85.0,85.0,85.0,85.0,85.0,85.0,85.0,30.0,30.0,1.0,1.0,2.0,1.0,1.0,1.0,1.0,1.0,1.0,1.0,2.0,2.0,2.0,1.0,1.0,2.0,2.0,2.0,1.0,1.0,1.0,1.0,1.0,1.0,1.0,2.0,1.0,1.0,1.0,1.0,1.0,1.0,1.0,1.0,1.0,1.0,1.0,1.0,1.0,1.0
463,5,5,5,5,5,5,5,5,1,2,,30.0,,2.0,3.0,4.0,6.0,,,,,6.0,,,2.0,1.0,,,,,,,,4.0,5.0,6.0,,5.0,1.0,,,5.0,,,1.0,,5.0,,,,,,,,,,,1.0,1.0,1.0,1.0,1.0,1.0,6,3,4,4,2,5,6,6,4,2.0,60.0,55.0,58.0,65.0,68.0,62.0,70.0,60.0,35.0,40.0,1.0,2.0,2.0,2.0,1.0,1.0,1.0,2.0,2.0,2.0,1.0,1.0,1.0,2.0,2.0,1.0,1.0,2.0,2.0,1.0,2.0,2.0,2.0,2.0,2.0,1.0,2.0,1.0,2.0,2.0,2.0,1.0,2.0,1.0,2.0,1.0,1.0,2.0,2.0,1.0
510,4,4,4,2,3,4,4,3,2,2,,30.0,2.0,,5.0,4.0,2.0,,,,,6.0,1.0,54.0,,1.0,,,,,2.0,5.0,5.0,,,,15.0,,,1.0,4.0,,,,1.0,,5.0,1.0,1.0,1.0,1.0,1.0,1.0,1.0,1.0,1.0,1.0,,,,,,,7,3,3,3,3,5,6,6,4,2.0,60.0,60.0,60.0,40.0,50.0,60.0,60.0,50.0,40.0,40.0,2.0,1.0,2.0,1.0,2.0,1.0,2.0,1.0,1.0,1.0,1.0,2.0,1.0,1.0,1.0,1.0,2.0,1.0,1.0,1.0,1.0,1.0,1.0,1.0,1.0,1.0,1.0,1.0,1.0,1.0,1.0,1.0,1.0,1.0,2.0,1.0,1.0,1.0,1.0,1.0
998,5,5,5,5,5,5,5,5,1,2,,30.0,,1.0,3.0,4.0,6.0,,,,6.0,,1.0,54.0,,1.0,,,,,,,,4.0,5.0,6.0,,18.0,,2.0,5.0,,,1.0,,,5.0,,,,,,,,,,,1.0,1.0,1.0,1.0,1.0,1.0,6,3,4,4,3,5,6,6,3,2.0,55.0,50.0,48.0,60.0,65.0,58.0,70.0,52.0,40.0,35.0,2.0,2.0,2.0,2.0,1.0,2.0,1.0,1.0,2.0,2.0,2.0,2.0,1.0,1.0,1.0,2.0,1.0,1.0,2.0,1.0,2.0,2.0,2.0,1.0,1.0,1.0,1.0,1.0,2.0,2.0,2.0,2.0,1.0,2.0,1.0,2.0,1.0,2.0,2.0,2.0
644,2,3,2,2,3,2,4,2,4,3,,30.0,2.0,,,,,3.0,5.0,2.0,6.0,,1.0,40.0,,,2.0,,,,3.0,4.0,5.0,,,,18.0,,,2.0,4.0,,,1.0,,4.0,,,,,,,,,,,,1.0,1.0,1.0,1.0,1.0,1.0,6,3,4,4,3,5,6,6,3,2.0,40.0,35.0,38.0,45.0,50.0,35.0,60.0,40.0,55.0,45.0,2.0,1.0,2.0,2.0,1.0,2.0,1.0,2.0,1.0,2.0,1.0,2.0,1.0,1.0,2.0,2.0,1.0,1.0,2.0,2.0,1.0,1.0,2.0,1.0,2.0,1.0,1.0,1.0,2.0,1.0,2.0,1.0,2.0,1.0,1.0,2.0,2.0,2.0,1.0,1.0
737,5,5,5,5,5,5,5,5,1,2,70.0,,,2.0,,,,3.0,5.0,4.0,,6.0,1.0,54.0,,,2.0,1.0,4.0,4.0,,,,,,,,0.0,2.0,,,,1.0,,1.0,,4.0,1.0,1.0,1.0,1.0,1.0,1.0,1.0,1.0,1.0,1.0,,,,,,,6,3,4,3,3,5,6,5,3,2.0,55.0,50.0,52.0,60.0,65.0,58.0,70.0,60.0,40.0,35.0,2.0,2.0,2.0,2.0,2.0,2.0,1.0,2.0,2.0,1.0,2.0,2.0,1.0,1.0,1.0,2.0,2.0,2.0,2.0,2.0,2.0,2.0,2.0,2.0,2.0,1.0,2.0,2.0,1.0,2.0,2.0,1.0,1.0,1.0,1.0,2.0,2.0,2.0,2.0,2.0
959,4,4,4,5,5,5,5,4,2,2,70.0,,,2.0,3.0,4.0,5.0,,,,6.0,,,,2.0,,2.0,,,,,,,4.0,5.0,6.0,18.0,,,2.0,5.0,,,,1.0,5.0,,1.0,1.0,1.0,1.0,1.0,1.0,1.0,1.0,1.0,1.0,,,,,,,6,3,4,3,3,5,6,5,3,2.0,60.0,55.0,58.0,65.0,70.0,68.0,72.0,60.0,40.0,38.0,1.0,1.0,1.0,1.0,2.0,1.0,2.0,2.0,1.0,1.0,1.0,2.0,1.0,2.0,2.0,2.0,1.0,1.0,2.0,1.0,1.0,1.0,2.0,2.0,1.0,2.0,1.0,2.0,1.0,1.0,1.0,1.0,2.0,1.0,2.0,2.0,1.0,1.0,1.0,1.0
631,5,5,5,5,5,5,5,5,1,1,70.0,,,2.0,3.0,4.0,6.0,,,,,6.0,1.0,30.0,,1.0,,,,,3.0,5.0,6.0,,,,,15.0,,2.0,,6.0,,1.0,,5.0,,1.0,1.0,1.0,1.0,1.0,1.0,1.0,1.0,1.0,1.0,,,,,,,6,3,4,3,3,5,6,5,4,2.0,60.0,55.0,60.0,65.0,65.0,60.0,70.0,60.0,40.0,35.0,1.0,2.0,1.0,2.0,1.0,1.0,2.0,1.0,2.0,1.0,1.0,2.0,2.0,1.0,1.0,1.0,1.0,1.0,1.0,1.0,2.0,2.0,1.0,1.0,2.0,1.0,2.0,1.0,2.0,1.0,2.0,2.0,2.0,1.0,1.0,2.0,1.0,1.0,2.0,2.0
742,5,5,5,5,5,5,5,5,1,2,,30.0,3.0,,3.0,4.0,6.0,,,,,5.0,,,2.0,,2.0,,,,,,,4.0,5.0,6.0,20.0,,,2.0,,,2.0,1.0,,5.0,,,,,,,,,,,,1.0,1.0,1.0,1.0,1.0,1.0,6,3,4,4,3,5,6,6,4,2.0,60.0,55.0,60.0,65.0,70.0,60.0,75.0,60.0,40.0,45.0,2.0,2.0,1.0,2.0,2.0,2.0,2.0,2.0,2.0,2.0,2.0,1.0,1.0,2.0,1.0,2.0,2.0,1.0,1.0,2.0,1.0,2.0,1.0,2.0,2.0,1.0,2.0,1.0,2.0,2.0,2.0,1.0,1.0,2.0,1.0,1.0,1.0,1.0,1.0,1.0
416,1,2,2,1,2,4,4,1,1,2,,30.0,,2.0,5.0,4.0,2.0,,,,6.0,,1.0,54.0,,,2.0,,,,2.0,5.0,5.0,,,,15.0,,1.0,,4.0,,,,1.0,,5.0,1.0,1.0,1.0,1.0,1.0,1.0,1.0,1.0,1.0,1.0,,,,,,,6,3,2,2,3,5,6,6,4,2.0,25.0,30.0,30.0,20.0,25.0,50.0,50.0,20.0,15.0,25.0,2.0,1.0,1.0,2.0,1.0,2.0,1.0,2.0,2.0,2.0,2.0,1.0,1.0,1.0,1.0,2.0,2.0,2.0,2.0,1.0,1.0,1.0,1.0,1.0,1.0,1.0,1.0,1.0,2.0,2.0,1.0,2.0,1.0,1.0,1.0,1.0,2.0,1.0,1.0,1.0
565,5,5,5,5,5,5,5,4,2,2,,30.0,,2.0,4.0,4.0,2.0,,,,,6.0,,,1.0,,2.0,,,,2.0,5.0,5.0,,,,15.0,,,1.0,,4.0,,,1.0,5.0,,,,,,,,,,,,1.0,1.0,1.0,1.0,1.0,1.0,7,3,3,3,3,5,6,6,4,2.0,75.0,70.0,80.0,85.0,80.0,85.0,80.0,65.0,40.0,45.0,2.0,1.0,1.0,1.0,1.0,2.0,1.0,1.0,2.0,1.0,1.0,1.0,1.0,1.0,1.0,1.0,1.0,1.0,1.0,1.0,1.0,1.0,1.0,1.0,1.0,1.0,1.0,1.0,1.0,2.0,1.0,1.0,1.0,1.0,1.0,2.0,1.0,1.0,1.0,1.0
379,4,4,4,4,4,4,4,4,2,2,,30.0,,2.0,,,,3.0,5.0,4.0,6.0,,,,2.0,1.0,,2.0,4.0,5.0,,,,,,,18.0,,,2.0,4.0,,,1.0,,4.0,,1.0,1.0,1.0,1.0,1.0,1.0,1.0,1.0,1.0,1.0,,,,,,,6,4,5,4,3,5,6,5,3,2.0,55.0,50.0,60.0,65.0,70.0,60.0,75.0,60.0,40.0,35.0,1.0,1.0,1.0,2.0,1.0,2.0,2.0,1.0,2.0,2.0,1.0,2.0,1.0,2.0,1.0,1.0,2.0,1.0,1.0,1.0,2.0,1.0,1.0,2.0,1.0,2.0,1.0,1.0,1.0,2.0,2.0,1.0,1.0,2.0,1.0,2.0,1.0,1.0,1.0,1.0
783,2,2,2,2,2,2,4,2,4,4,70.0,,,2.0,2.0,3.0,5.0,,,,,5.0,1.0,54.0,,,2.0,2.0,4.0,4.0,,,,,,,,5.0,1.0,,4.0,,,1.0,,,4.0,1.0,1.0,1.0,1.0,1.0,1.0,1.0,1.0,1.0,1.0,,,,,,,6,3,4,4,3,5,6,6,3,2.0,45.0,40.0,40.0,50.0,55.0,45.0,60.0,40.0,50.0,50.0,1.0,1.0,1.0,1.0,2.0,1.0,2.0,2.0,1.0,1.0,1.0,2.0,1.0,2.0,1.0,1.0,1.0,1.0,1.0,2.0,2.0,1.0,2.0,1.0,1.0,2.0,1.0,2.0,1.0,2.0,2.0,1.0,1.0,1.0,2.0,1.0,1.0,2.0,1.0,1.0
926,3,3,3,3,3,3,4,3,2,2,70.0,,,2.0,,,,3.0,5.0,2.0,,5.0,,,2.0,1.0,,,,,3.0,4.0,4.0,,,,20.0,,,2.0,,6.0,,,1.0,,4.0,1.0,1.0,1.0,1.0,1.0,1.0,1.0,1.0,1.0,1.0,,,,,,,6,3,4,4,2,5,6,6,3,2.0,50.0,45.0,48.0,55.0,60.0,52.0,65.0,50.0,40.0,38.0,2.0,2.0,2.0,2.0,2.0,2.0,2.0,2.0,2.0,1.0,2.0,1.0,2.0,2.0,2.0,1.0,2.0,2.0,1.0,1.0,2.0,1.0,2.0,2.0,2.0,2.0,2.0,2.0,2.0,2.0,2.0,1.0,2.0,2.0,1.0,2.0,2.0,2.0,2.0,1.0
855,4,4,4,2,3,4,4,3,2,2,,30.0,,2.0,5.0,4.0,2.0,,,,,6.0,1.0,54.0,,,2.0,,,,2.0,5.0,5.0,,,,,15.0,,1.0,4.0,,,,1.0,,5.0,1.0,1.0,1.0,1.0,1.0,1.0,1.0,1.0,1.0,1.0,,,,,,,6,3,3,3,3,5,6,6,3,2.0,65.0,65.0,65.0,40.0,50.0,65.0,65.0,50.0,40.0,40.0,2.0,1.0,2.0,1.0,1.0,1.0,2.0,2.0,1.0,2.0,1.0,1.0,1.0,1.0,1.0,2.0,1.0,1.0,2.0,1.0,2.0,2.0,1.0,1.0,1.0,1.0,1.0,2.0,2.0,2.0,2.0,1.0,1.0,1.0,2.0,2.0,1.0,2.0,2.0,1.0
748,5,5,5,5,5,5,5,5,1,1,,30.0,,2.0,5.0,4.0,2.0,,,,6.0,,1.0,54.0,,,2.0,,,,,,,2.0,5.0,5.0,,15.0,1.0,,,4.0,,,1.0,,5.0,,,,,,,,,,,1.0,1.0,1.0,1.0,1.0,1.0,7,3,3,3,3,5,6,6,4,2.0,80.0,75.0,85.0,80.0,80.0,85.0,80.0,75.0,20.0,20.0,1.0,2.0,2.0,1.0,2.0,2.0,1.0,1.0,1.0,1.0,2.0,1.0,2.0,1.0,2.0,2.0,1.0,2.0,2.0,1.0,1.0,1.0,2.0,2.0,2.0,1.0,1.0,1.0,2.0,1.0,1.0,2.0,2.0,2.0,1.0,1.0,2.0,2.0,1.0,1.0
154,2,3,3,1,3,3,3,2,1,2,70.0,,2.0,,,,,5.0,4.0,2.0,6.0,,1.0,54.0,,1.0,,2.0,4.0,5.0,,,,,,,,15.0,,1.0,4.0,,,1.0,,,5.0,,,,,,,,,,,1.0,1.0,1.0,1.0,1.0,1.0,6,3,2,3,3,5,6,6,4,2.0,40.0,50.0,50.0,20.0,50.0,50.0,50.0,40.0,20.0,40.0,1.0,1.0,1.0,1.0,1.0,1.0,2.0,2.0,1.0,1.0,2.0,1.0,2.0,1.0,1.0,1.0,1.0,1.0,1.0,1.0,1.0,1.0,2.0,1.0,1.0,1.0,2.0,1.0,1.0,1.0,1.0,1.0,1.0,2.0,1.0,1.0,1.0,1.0,1.0,1.0
894,5,5,5,4,4,4,5,4,2,2,70.0,,,2.0,2.0,4.0,6.0,,,,6.0,,,,2.0,1.0,,2.0,4.0,5.0,,,,,,,,18.0,,2.0,,,2.0,,1.0,4.0,,1.0,1.0,1.0,1.0,1.0,1.0,1.0,1.0,1.0,1.0,,,,,,,6,3,4,4,3,5,6,6,4,2.0,60.0,55.0,58.0,65.0,62.0,60.0,70.0,55.0,40.0,38.0,2.0,1.0,1.0,1.0,1.0,2.0,1.0,2.0,2.0,2.0,2.0,1.0,1.0,2.0,1.0,2.0,2.0,2.0,2.0,1.0,2.0,2.0,1.0,1.0,2.0,1.0,1.0,2.0,1.0,2.0,2.0,2.0,1.0,2.0,2.0,1.0,1.0,1.0,2.0,2.0
195,5,5,5,4,4,5,5,4,2,2,70.0,,,2.0,4.0,3.0,2.0,,,,,6.0,,,1.0,1.0,,,,,2.0,5.0,5.0,,,,,15.0,1.0,,5.0,,,,1.0,,5.0,,,,,,,,,,,1.0,1.0,1.0,1.0,1.0,1.0,6,3,3,3,3,5,6,6,4,2.0,75.0,75.0,80.0,65.0,65.0,80.0,75.0,65.0,40.0,40.0,1.0,1.0,2.0,2.0,1.0,1.0,1.0,2.0,1.0,2.0,1.0,1.0,2.0,2.0,1.0,1.0,1.0,1.0,2.0,2.0,2.0,1.0,2.0,1.0,1.0,1.0,1.0,1.0,2.0,1.0,1.0,1.0,1.0,1.0,2.0,2.0,1.0,1.0,1.0,1.0
200,2,4,4,1,3,4,4,2,1,2,70.0,,2.0,,5.0,4.0,2.0,,,,6.0,,1.0,54.0,,1.0,,3.0,5.0,5.0,,,,,,,,15.0,1.0,,,,3.0,,1.0,,5.0,,,,,,,,,,,1.0,1.0,1.0,1.0,1.0,1.0,6,3,2,3,3,5,6,6,4,2.0,30.0,60.0,60.0,20.0,40.0,60.0,60.0,30.0,20.0,30.0,2.0,2.0,1.0,2.0,1.0,2.0,1.0,1.0,1.0,2.0,1.0,1.0,1.0,1.0,1.0,1.0,2.0,2.0,1.0,1.0,1.0,2.0,1.0,1.0,1.0,1.0,1.0,2.0,1.0,1.0,2.0,2.0,1.0,2.0,1.0,1.0,1.0,2.0,1.0,1.0
789,2,2,2,2,2,2,4,2,4,2,,30.0,,2.0,,,,3.0,5.0,2.0,,5.0,,,2.0,,2.0,,,,2.0,4.0,4.0,,,,,15.0,,2.0,,6.0,,1.0,,,4.0,,,,,,,,,,,1.0,1.0,1.0,1.0,1.0,1.0,6,3,4,4,2,5,6,6,3,2.0,40.0,35.0,35.0,40.0,45.0,35.0,60.0,40.0,55.0,40.0,2.0,2.0,2.0,1.0,1.0,1.0,1.0,2.0,2.0,1.0,1.0,1.0,2.0,2.0,1.0,1.0,2.0,2.0,1.0,1.0,1.0,1.0,1.0,1.0,2.0,2.0,2.0,2.0,1.0,2.0,1.0,1.0,1.0,2.0,2.0,2.0,1.0,1.0,2.0,2.0
373,5,5,5,5,5,5,5,5,1,1,70.0,,,1.0,,,,3.0,5.0,2.0,6.0,,,,2.0,1.0,,,,,2.0,5.0,6.0,,,,,20.0,1.0,,,9.0,,1.0,,,6.0,1.0,1.0,1.0,1.0,1.0,1.0,1.0,1.0,1.0,1.0,,,,,,,7,3,4,3,3,5,6,6,4,2.0,60.0,55.0,60.0,65.0,70.0,60.0,75.0,65.0,40.0,35.0,2.0,2.0,2.0,2.0,2.0,2.0,2.0,2.0,1.0,2.0,2.0,2.0,2.0,1.0,2.0,2.0,2.0,2.0,1.0,1.0,2.0,2.0,2.0,2.0,1.0,2.0,2.0,2.0,2.0,2.0,2.0,1.0,2.0,2.0,1.0,2.0,2.0,2.0,1.0,2.0
77,2,2,2,2,2,2,2,2,4,4,,30.0,,2.0,,,,3.0,4.0,2.0,5.0,,1.0,40.0,,1.0,,,,,,,,1.0,2.0,3.0,,0.0,2.0,,,,1.0,,1.0,,3.0,,,,,,,,,,,1.0,1.0,1.0,1.0,1.0,1.0,5,3,2,2,3,5,6,6,2,1.0,30.0,30.0,30.0,30.0,30.0,30.0,30.0,30.0,40.0,40.0,1.0,1.0,2.0,2.0,1.0,1.0,2.0,1.0,2.0,1.0,2.0,2.0,1.0,2.0,1.0,1.0,2.0,2.0,2.0,2.0,1.0,1.0,1.0,2.0,1.0,2.0,1.0,2.0,2.0,1.0,2.0,2.0,2.0,1.0,2.0,1.0,2.0,2.0,2.0,2.0
992,4,4,4,5,5,5,5,5,2,2,70.0,,4.0,,,,,3.0,5.0,2.0,6.0,,,,2.0,,2.0,2.0,4.0,5.0,,,,,,,,18.0,1.0,,4.0,,,,1.0,5.0,,,,,,,,,,,,1.0,1.0,1.0,1.0,1.0,1.0,6,3,4,4,3,5,6,6,3,2.0,60.0,55.0,58.0,65.0,68.0,70.0,72.0,60.0,40.0,42.0,2.0,2.0,1.0,1.0,2.0,2.0,2.0,2.0,2.0,1.0,2.0,2.0,2.0,2.0,2.0,2.0,2.0,2.0,1.0,1.0,2.0,1.0,2.0,1.0,2.0,2.0,1.0,2.0,1.0,2.0,1.0,2.0,2.0,1.0,2.0,1.0,2.0,2.0,2.0,1.0
275,5,5,5,5,5,5,5,5,2,2,70.0,,,2.0,,,,,,,,6.0,1.0,54.0,,1.0,,3.0,5.0,5.0,,,,,,,,15.0,,1.0,,4.0,,,1.0,,5.0,1.0,1.0,1.0,1.0,1.0,1.0,1.0,1.0,1.0,1.0,,,,,,,6,3,3,3,3,5,6,6,4,,,,,,,,,,,,1.0,1.0,1.0,1.0,2.0,2.0,2.0,1.0,1.0,2.0,2.0,1.0,2.0,1.0,2.0,1.0,2.0,1.0,2.0,2.0,2.0,2.0,1.0,2.0,2.0,2.0,1.0,1.0,2.0,2.0,1.0,1.0,1.0,1.0,1.0,2.0,1.0,2.0,1.0,1.0
306,5,5,5,4,4,5,5,4,2,2,,30.0,5.0,,4.0,4.0,2.0,,,,,6.0,,,1.0,,2.0,3.0,5.0,5.0,,,,,,,15.0,,,1.0,,,2.0,,1.0,,5.0,1.0,1.0,1.0,1.0,1.0,1.0,1.0,1.0,1.0,1.0,,,,,,,7,3,3,3,3,5,6,6,4,2.0,75.0,70.0,80.0,60.0,60.0,75.0,70.0,65.0,40.0,40.0,2.0,2.0,2.0,1.0,2.0,2.0,2.0,1.0,1.0,2.0,2.0,2.0,2.0,2.0,2.0,2.0,2.0,1.0,2.0,1.0,2.0,1.0,1.0,1.0,2.0,2.0,1.0,2.0,1.0,1.0,2.0,2.0,2.0,2.0,1.0,1.0,2.0,1.0,2.0,2.0
469,2,4,2,2,4,2,4,2,4,2,70.0,,,2.0,,,,3.0,4.0,2.0,,6.0,,,2.0,1.0,,2.0,4.0,5.0,,,,,,,18.0,,1.0,,,6.0,,1.0,,4.0,,1.0,1.0,1.0,1.0,1.0,1.0,1.0,1.0,1.0,1.0,,,,,,,6,3,4,3,3,5,6,5,3,2.0,45.0,55.0,45.0,40.0,55.0,40.0,55.0,40.0,55.0,40.0,2.0,1.0,2.0,1.0,1.0,2.0,1.0,1.0,1.0,1.0,1.0,1.0,1.0,1.0,1.0,1.0,1.0,1.0,1.0,1.0,1.0,1.0,1.0,1.0,1.0,2.0,1.0,1.0,1.0,1.0,1.0,1.0,1.0,1.0,2.0,1.0,1.0,2.0,1.0,2.0
953,2,2,2,2,2,2,4,2,4,4,70.0,,,2.0,,,,3.0,4.0,2.0,,5.0,,,2.0,1.0,,1.0,2.0,4.0,,,,,,,20.0,,1.0,,3.0,,,,1.0,3.0,,,,,,,,,,,,1.0,1.0,1.0,1.0,1.0,1.0,6,3,4,3,3,5,6,5,3,2.0,40.0,35.0,35.0,40.0,45.0,35.0,60.0,40.0,55.0,50.0,2.0,1.0,1.0,2.0,1.0,2.0,1.0,1.0,2.0,2.0,1.0,2.0,1.0,2.0,2.0,1.0,1.0,2.0,1.0,1.0,1.0,1.0,2.0,2.0,2.0,1.0,1.0,1.0,2.0,2.0,2.0,2.0,2.0,1.0,2.0,2.0,2.0,1.0,2.0,1.0
820,5,5,5,5,5,5,5,5,1,2,70.0,,,2.0,3.0,4.0,6.0,,,,6.0,,,,2.0,1.0,,2.0,5.0,6.0,,,,,,,18.0,,1.0,,,5.0,,1.0,,5.0,,1.0,1.0,1.0,1.0,1.0,1.0,1.0,1.0,1.0,1.0,,,,,,,6,3,4,3,3,5,6,5,4,2.0,60.0,55.0,58.0,65.0,68.0,62.0,70.0,60.0,40.0,45.0,1.0,2.0,2.0,1.0,2.0,1.0,2.0,2.0,2.0,1.0,2.0,2.0,2.0,2.0,1.0,2.0,1.0,2.0,2.0,1.0,2.0,2.0,2.0,2.0,1.0,2.0,1.0,2.0,2.0,2.0,1.0,1.0,1.0,2.0,1.0,1.0,1.0,2.0,2.0,1.0
121,2,3,3,2,3,3,3,2,4,4,,30.0,,2.0,4.0,3.0,2.0,,,,,6.0,1.0,54.0,,,2.0,,,,,,,2.0,4.0,5.0,,10.0,1.0,,4.0,,,1.0,,5.0,,,,,,,,,,,,1.0,1.0,1.0,1.0,1.0,1.0,6,3,3,3,3,5,6,6,3,2.0,40.0,50.0,50.0,35.0,45.0,50.0,50.0,40.0,55.0,55.0,2.0,1.0,1.0,2.0,2.0,2.0,2.0,1.0,1.0,1.0,1.0,1.0,1.0,1.0,1.0,1.0,1.0,1.0,1.0,1.0,2.0,1.0,2.0,2.0,1.0,1.0,1.0,1.0,2.0,1.0,1.0,1.0,2.0,1.0,2.0,1.0,2.0,1.0,1.0,1.0
46,2,2,2,2,2,2,2,2,4,2,70.0,,3.0,,,,,2.0,5.0,3.0,5.0,,1.0,54.0,,,2.0,1.0,2.0,3.0,,,,,,,,20.0,,2.0,,10.0,,,1.0,4.0,,1.0,1.0,1.0,1.0,1.0,1.0,1.0,1.0,1.0,1.0,,,,,,,6,3,3,3,2,5,6,6,2,1.0,40.0,40.0,40.0,40.0,40.0,40.0,40.0,40.0,60.0,40.0,2.0,2.0,2.0,2.0,2.0,1.0,1.0,2.0,2.0,2.0,2.0,2.0,1.0,1.0,2.0,2.0,1.0,2.0,2.0,1.0,1.0,2.0,2.0,2.0,2.0,1.0,2.0,2.0,1.0,1.0,2.0,2.0,2.0,2.0,2.0,2.0,2.0,1.0,2.0,2.0
244,2,4,4,2,3,4,4,3,2,3,70.0,,5.0,,,,,5.0,4.0,2.0,6.0,,,,1.0,,2.0,,,,,,,2.0,4.0,5.0,,15.0,,1.0,4.0,,,1.0,,5.0,,,,,,,,,,,,1.0,1.0,1.0,1.0,1.0,1.0,6,3,3,3,3,5,6,6,4,2.0,40.0,60.0,60.0,40.0,50.0,60.0,60.0,50.0,40.0,50.0,1.0,2.0,2.0,1.0,1.0,1.0,2.0,1.0,2.0,2.0,1.0,1.0,2.0,2.0,1.0,1.0,1.0,2.0,2.0,1.0,1.0,1.0,2.0,1.0,1.0,1.0,1.0,2.0,1.0,2.0,1.0,1.0,2.0,1.0,1.0,1.0,2.0,1.0,1.0,1.0
337,1,2,2,2,3,3,3,2,1,2,70.0,,2.0,,5.0,4.0,2.0,,,,6.0,,1.0,54.0,,1.0,,,,,,,,2.0,4.0,5.0,5.0,,,1.0,,,3.0,1.0,,,5.0,1.0,1.0,1.0,1.0,1.0,1.0,1.0,1.0,1.0,1.0,,,,,,,6,3,2,3,3,5,6,5,3,2.0,20.0,30.0,30.0,30.0,40.0,40.0,40.0,30.0,20.0,30.0,1.0,1.0,2.0,1.0,2.0,1.0,2.0,1.0,1.0,1.0,1.0,2.0,1.0,1.0,2.0,1.0,1.0,2.0,2.0,1.0,1.0,1.0,1.0,2.0,2.0,1.0,1.0,2.0,1.0,1.0,1.0,1.0,1.0,2.0,1.0,1.0,2.0,2.0,1.0,1.0
458,4,4,4,4,4,4,5,4,2,2,,30.0,,2.0,3.0,4.0,5.0,,,,,6.0,,,2.0,1.0,,,,,4.0,4.0,5.0,,,,18.0,,1.0,,4.0,,,1.0,,4.0,,1.0,1.0,1.0,1.0,1.0,1.0,1.0,1.0,1.0,1.0,,,,,,,6,3,4,4,3,5,6,6,3,2.0,60.0,55.0,58.0,65.0,68.0,62.0,70.0,60.0,40.0,45.0,2.0,2.0,1.0,2.0,1.0,2.0,1.0,2.0,1.0,2.0,1.0,1.0,1.0,2.0,2.0,1.0,2.0,2.0,2.0,1.0,2.0,1.0,1.0,1.0,1.0,2.0,1.0,2.0,1.0,2.0,2.0,1.0,1.0,1.0,2.0,1.0,1.0,1.0,2.0,1.0
962,5,5,5,5,5,5,5,5,1,1,,30.0,6.0,,5.0,4.0,2.0,,,,,6.0,,,1.0,1.0,,,,,,,,2.0,5.0,5.0,,15.0,1.0,,,3.0,,,1.0,5.0,,,,,,,,,,,,1.0,1.0,1.0,1.0,1.0,1.0,7,3,3,3,3,5,6,6,3,2.0,75.0,75.0,80.0,80.0,75.0,80.0,80.0,70.0,30.0,30.0,1.0,2.0,1.0,1.0,2.0,2.0,1.0,1.0,2.0,1.0,1.0,2.0,2.0,1.0,1.0,2.0,2.0,1.0,1.0,1.0,2.0,1.0,2.0,1.0,1.0,2.0,2.0,1.0,2.0,2.0,1.0,1.0,1.0,1.0,2.0,1.0,2.0,1.0,1.0,1.0
87,5,5,5,5,5,5,5,4,1,1,,30.0,,2.0,5.0,4.0,2.0,,,,,6.0,,,1.0,1.0,,2.0,5.0,5.0,,,,,,,,15.0,,1.0,4.0,,,1.0,,,5.0,1.0,1.0,1.0,1.0,1.0,1.0,1.0,1.0,1.0,1.0,,,,,,,7,3,3,3,3,5,6,6,4,2.0,75.0,70.0,80.0,75.0,75.0,80.0,75.0,65.0,20.0,20.0,2.0,1.0,2.0,1.0,1.0,1.0,1.0,2.0,1.0,2.0,1.0,1.0,2.0,1.0,1.0,1.0,2.0,2.0,2.0,1.0,1.0,1.0,1.0,1.0,1.0,1.0,2.0,1.0,1.0,1.0,1.0,2.0,2.0,1.0,1.0,1.0,1.0,1.0,2.0,2.0
811,4,4,4,4,4,4,5,4,2,2,,30.0,,1.0,3.0,4.0,5.0,,,,,5.0,1.0,30.0,,1.0,,2.0,4.0,5.0,,,,,,,18.0,,1.0,,,,2.0,,1.0,4.0,,,,,,,,,,,,1.0,1.0,1.0,1.0,1.0,1.0,6,3,4,3,3,5,6,6,3,2.0,60.0,55.0,60.0,65.0,65.0,60.0,70.0,60.0,40.0,40.0,2.0,1.0,2.0,2.0,2.0,1.0,1.0,2.0,1.0,2.0,1.0,1.0,1.0,2.0,2.0,1.0,1.0,2.0,2.0,1.0,2.0,1.0,2.0,2.0,2.0,1.0,1.0,2.0,1.0,1.0,2.0,2.0,1.0,1.0,2.0,1.0,1.0,2.0,2.0,1.0
110,1,3,4,1,3,3,4,1,2,2,,30.0,2.0,,5.0,3.0,2.0,,,,,6.0,1.0,54.0,,,2.0,,,,2.0,5.0,5.0,,,,,15.0,,1.0,,4.0,,1.0,,,5.0,1.0,1.0,1.0,1.0,1.0,1.0,1.0,1.0,1.0,1.0,,,,,,,6,3,3,3,3,5,6,6,4,2.0,20.0,40.0,50.0,15.0,40.0,40.0,50.0,15.0,25.0,25.0,1.0,2.0,1.0,2.0,1.0,1.0,2.0,2.0,2.0,1.0,1.0,1.0,1.0,2.0,1.0,1.0,1.0,2.0,1.0,2.0,1.0,1.0,1.0,1.0,1.0,2.0,1.0,2.0,1.0,1.0,2.0,1.0,1.0,2.0,1.0,2.0,1.0,1.0,1.0,2.0
499,5,5,5,5,5,5,5,5,2,2,70.0,,5.0,,,,,5.0,4.0,2.0,6.0,,1.0,54.0,,1.0,,3.0,5.0,5.0,,,,,,,,15.0,1.0,,5.0,,,1.0,,,5.0,,,,,,,,,,,1.0,1.0,1.0,1.0,1.0,1.0,6,3,3,3,3,5,6,6,4,2.0,75.0,75.0,75.0,75.0,75.0,75.0,75.0,75.0,30.0,30.0,2.0,2.0,1.0,1.0,1.0,1.0,1.0,2.0,1.0,1.0,2.0,1.0,1.0,1.0,1.0,2.0,1.0,2.0,1.0,1.0,1.0,1.0,1.0,2.0,1.0,1.0,1.0,2.0,1.0,1.0,2.0,1.0,1.0,1.0,2.0,1.0,1.0,1.0,1.0,1.0
285,5,5,5,2,4,5,5,3,2,2,70.0,,5.0,,,,,5.0,4.0,2.0,6.0,,1.0,54.0,,,2.0,,,,,,,2.0,5.0,5.0,15.0,,,1.0,4.0,,,1.0,,,5.0,,,,,,,,,,,1.0,1.0,1.0,1.0,1.0,1.0,6,3,2,3,3,5,6,5,4,2.0,75.0,70.0,80.0,40.0,60.0,75.0,80.0,50.0,35.0,35.0,2.0,2.0,1.0,1.0,1.0,2.0,1.0,2.0,1.0,1.0,1.0,2.0,2.0,1.0,1.0,2.0,1.0,1.0,2.0,1.0,1.0,2.0,1.0,2.0,1.0,1.0,1.0,2.0,1.0,1.0,2.0,1.0,1.0,2.0,1.0,1.0,1.0,1.0,1.0,2.0
917,5,5,5,5,5,5,5,5,1,2,,30.0,,2.0,,,,3.0,4.0,2.0,,6.0,,,2.0,,2.0,2.0,4.0,5.0,,,,,,,18.0,,1.0,,3.0,,,,1.0,,5.0,1.0,1.0,1.0,1.0,1.0,1.0,1.0,1.0,1.0,1.0,,,,,,,6,3,4,3,3,5,6,5,3,2.0,60.0,55.0,58.0,65.0,68.0,62.0,70.0,60.0,40.0,45.0,2.0,2.0,2.0,1.0,1.0,2.0,2.0,1.0,2.0,2.0,2.0,2.0,2.0,2.0,2.0,1.0,2.0,2.0,2.0,2.0,2.0,1.0,2.0,2.0,1.0,1.0,2.0,1.0,2.0,2.0,2.0,1.0,2.0,1.0,1.0,2.0,2.0,2.0,2.0,2.0
864,2,2,2,2,2,2,4,2,4,4,70.0,,,2.0,,,,3.0,5.0,4.0,,6.0,,,2.0,1.0,,,,,,,,2.0,4.0,5.0,18.0,,1.0,,5.0,,,1.0,,,4.0,1.0,1.0,1.0,1.0,1.0,1.0,1.0,1.0,1.0,1.0,,,,,,,6,3,4,3,3,5,6,5,3,2.0,45.0,40.0,42.0,50.0,55.0,38.0,60.0,48.0,52.0,44.0,2.0,2.0,2.0,2.0,2.0,1.0,1.0,2.0,2.0,1.0,2.0,1.0,1.0,1.0,2.0,1.0,2.0,1.0,2.0,1.0,1.0,1.0,1.0,1.0,2.0,1.0,1.0,1.0,1.0,1.0,1.0,1.0,2.0,1.0,2.0,1.0,1.0,1.0,2.0,1.0
779,5,5,5,5,5,5,5,5,2,3,,30.0,5.0,,,,,5.0,4.0,2.0,,6.0,,,1.0,,2.0,2.0,5.0,5.0,,,,,,,15.0,,1.0,,,4.0,,1.0,,5.0,,,,,,,,,,,,1.0,1.0,1.0,1.0,1.0,1.0,7,3,2,2,3,5,6,6,4,2.0,75.0,70.0,80.0,85.0,80.0,85.0,80.0,75.0,40.0,50.0,2.0,1.0,1.0,1.0,2.0,2.0,1.0,2.0,1.0,1.0,1.0,2.0,2.0,1.0,1.0,1.0,1.0,1.0,2.0,2.0,1.0,1.0,2.0,2.0,1.0,2.0,1.0,2.0,1.0,1.0,1.0,2.0,1.0,1.0,1.0,2.0,1.0,2.0,2.0,1.0
383,2,3,2,2,3,2,4,2,4,4,,30.0,2.0,,,,,3.0,4.0,2.0,6.0,,,,2.0,,2.0,,,,,,,2.0,4.0,4.0,,5.0,1.0,,,,2.0,,1.0,,4.0,1.0,1.0,1.0,1.0,1.0,1.0,1.0,1.0,1.0,1.0,,,,,,,6,3,4,4,3,5,6,6,3,2.0,45.0,40.0,42.0,50.0,55.0,48.0,60.0,40.0,50.0,45.0,2.0,1.0,2.0,2.0,1.0,2.0,1.0,2.0,2.0,1.0,1.0,2.0,1.0,1.0,2.0,1.0,2.0,1.0,2.0,2.0,2.0,2.0,2.0,2.0,2.0,1.0,1.0,1.0,2.0,1.0,1.0,2.0,2.0,1.0,1.0,2.0,1.0,1.0,1.0,2.0
165,1,2,2,1,2,2,3,1,5,4,,30.0,2.0,,2.0,3.0,6.0,,,,,5.0,,,2.0,,2.0,,,,2.0,4.0,5.0,,,,,5.0,1.0,,,6.0,,,1.0,,4.0,,,,,,,,,,,1.0,1.0,1.0,1.0,1.0,1.0,6,3,4,4,3,5,6,6,3,2.0,40.0,45.0,40.0,55.0,60.0,50.0,65.0,40.0,35.0,30.0,1.0,1.0,2.0,2.0,2.0,1.0,1.0,2.0,1.0,1.0,1.0,1.0,2.0,2.0,1.0,1.0,1.0,1.0,2.0,1.0,1.0,2.0,2.0,1.0,1.0,1.0,1.0,1.0,1.0,1.0,1.0,2.0,1.0,1.0,1.0,1.0,1.0,1.0,1.0,2.0
7,5,5,5,5,5,5,5,5,2,2,,30.0,,2.0,4.0,3.0,2.0,,,,6.0,,,,1.0,,2.0,,,,2.0,5.0,6.0,,,,15.0,,1.0,,,,3.0,1.0,,5.0,,,,,,,,,,,,1.0,1.0,1.0,1.0,1.0,1.0,7,3,3,3,3,5,6,6,4,2.0,80.0,80.0,85.0,85.0,85.0,85.0,85.0,80.0,30.0,30.0,1.0,1.0,2.0,1.0,2.0,2.0,1.0,1.0,2.0,1.0,2.0,1.0,1.0,1.0,1.0,1.0,2.0,1.0,1.0,1.0,1.0,1.0,1.0,1.0,1.0,1.0,2.0,2.0,1.0,2.0,1.0,1.0,1.0,2.0,1.0,1.0,1.0,2.0,1.0,1.0
33,4,4,4,5,5,5,5,4,2,2,70.0,,,2.0,,,,3.0,5.0,2.0,6.0,,,,2.0,,2.0,,,,2.0,4.0,5.0,,,,,15.0,1.0,,,,2.0,1.0,,5.0,,,,,,,,,,,,1.0,1.0,1.0,1.0,1.0,1.0,6,3,4,3,2,5,6,5,3,2.0,60.0,55.0,58.0,65.0,70.0,68.0,75.0,60.0,40.0,45.0,1.0,1.0,1.0,2.0,1.0,2.0,1.0,2.0,2.0,2.0,2.0,1.0,1.0,2.0,2.0,1.0,2.0,1.0,1.0,2.0,1.0,2.0,2.0,1.0,1.0,1.0,2.0,2.0,2.0,2.0,1.0,1.0,2.0,1.0,1.0,1.0,2.0,2.0,1.0,2.0
231,1,2,2,1,2,2,2,1,1,1,,30.0,2.0,,,,,3.0,4.0,2.0,6.0,,1.0,54.0,,,2.0,,,,2.0,4.0,5.0,,,,,15.0,1.0,,,,2.0,,1.0,5.0,,1.0,1.0,1.0,1.0,1.0,1.0,1.0,1.0,1.0,1.0,,,,,,,6,3,2,2,3,5,6,6,4,2.0,20.0,30.0,30.0,15.0,25.0,25.0,30.0,15.0,15.0,15.0,2.0,1.0,1.0,2.0,2.0,2.0,2.0,1.0,1.0,1.0,1.0,1.0,1.0,2.0,2.0,2.0,2.0,1.0,1.0,2.0,1.0,1.0,1.0,2.0,1.0,1.0,2.0,2.0,2.0,1.0,1.0,2.0,2.0,2.0,1.0,1.0,1.0,2.0,1.0,1.0
342,5,5,5,5,5,5,5,5,1,2,70.0,,,2.0,3.0,4.0,5.0,,,,6.0,,1.0,54.0,,1.0,,2.0,4.0,5.0,,,,,,,15.0,,1.0,,,5.0,,,1.0,5.0,,,,,,,,,,,,1.0,1.0,1.0,1.0,1.0,1.0,6,3,4,4,3,5,6,6,3,2.0,60.0,55.0,58.0,65.0,68.0,62.0,70.0,60.0,40.0,45.0,1.0,2.0,1.0,2.0,2.0,1.0,1.0,2.0,2.0,2.0,2.0,1.0,1.0,2.0,2.0,1.0,1.0,2.0,1.0,2.0,2.0,1.0,2.0,1.0,2.0,1.0,1.0,1.0,2.0,1.0,2.0,1.0,2.0,1.0,2.0,2.0,1.0,2.0,1.0,1.0
600,5,5,5,5,5,5,5,5,2,2,70.0,,5.0,,5.0,4.0,2.0,,,,,6.0,1.0,54.0,,,2.0,,,,,,,2.0,5.0,5.0,15.0,,,1.0,,4.0,,1.0,,5.0,,,,,,,,,,,,1.0,1.0,1.0,1.0,1.0,1.0,7,3,3,3,3,5,6,6,3,2.0,80.0,75.0,85.0,80.0,80.0,85.0,80.0,75.0,40.0,40.0,1.0,1.0,1.0,1.0,2.0,2.0,2.0,2.0,2.0,2.0,1.0,1.0,2.0,2.0,1.0,2.0,2.0,1.0,1.0,1.0,1.0,1.0,1.0,1.0,1.0,1.0,1.0,1.0,2.0,2.0,1.0,2.0,1.0,1.0,1.0,1.0,1.0,1.0,1.0,1.0
389,4,4,4,4,4,4,5,4,2,2,,30.0,,2.0,,,,4.0,5.0,3.0,6.0,,,,2.0,1.0,,,,,,,,3.0,4.0,5.0,,0.0,,2.0,,,2.0,,1.0,4.0,,1.0,1.0,1.0,1.0,1.0,1.0,1.0,1.0,1.0,1.0,,,,,,,6,3,4,4,2,5,6,6,3,2.0,60.0,55.0,58.0,65.0,70.0,62.0,75.0,60.0,40.0,35.0,1.0,2.0,2.0,2.0,1.0,2.0,1.0,2.0,2.0,1.0,2.0,2.0,2.0,2.0,1.0,1.0,1.0,2.0,2.0,1.0,2.0,2.0,2.0,2.0,1.0,2.0,2.0,2.0,2.0,2.0,1.0,1.0,1.0,1.0,1.0,2.0,1.0,1.0,2.0,1.0
773,4,4,4,5,5,5,5,5,1,2,70.0,,4.0,,,,,3.0,5.0,2.0,6.0,,1.0,54.0,,,2.0,2.0,4.0,5.0,,,,,,,,18.0,1.0,,,6.0,,,1.0,5.0,,1.0,1.0,1.0,1.0,1.0,1.0,1.0,1.0,1.0,1.0,,,,,,,6,3,4,3,3,5,6,5,3,2.0,60.0,55.0,58.0,65.0,70.0,68.0,75.0,60.0,40.0,45.0,1.0,2.0,2.0,2.0,1.0,2.0,1.0,2.0,2.0,1.0,2.0,1.0,2.0,2.0,1.0,2.0,1.0,2.0,2.0,1.0,1.0,2.0,1.0,1.0,1.0,2.0,1.0,2.0,2.0,2.0,1.0,1.0,1.0,2.0,2.0,2.0,1.0,2.0,1.0,1.0
595,5,5,5,5,5,5,5,5,1,2,70.0,,,1.0,3.0,4.0,6.0,,,,6.0,,,,2.0,,2.0,2.0,4.0,5.0,,,,,,,,18.0,1.0,,,,3.0,1.0,,5.0,,,,,,,,,,,,1.0,1.0,1.0,1.0,1.0,1.0,6,3,4,4,2,5,6,6,3,2.0,60.0,55.0,60.0,65.0,70.0,60.0,75.0,65.0,40.0,45.0,1.0,2.0,1.0,2.0,1.0,2.0,1.0,1.0,1.0,1.0,2.0,2.0,2.0,1.0,2.0,2.0,1.0,2.0,2.0,1.0,2.0,1.0,2.0,1.0,2.0,2.0,1.0,2.0,1.0,2.0,1.0,2.0,2.0,2.0,2.0,1.0,1.0,2.0,1.0,2.0
427,4,4,4,4,4,4,4,4,2,2,,30.0,,2.0,,,,3.0,4.0,2.0,,6.0,,,2.0,,2.0,,,,,,,3.0,4.0,5.0,,15.0,,2.0,,,2.0,,1.0,4.0,,,,,,,,,,,,1.0,1.0,1.0,1.0,1.0,1.0,6,3,4,3,2,5,6,5,3,2.0,55.0,50.0,52.0,60.0,62.0,58.0,65.0,54.0,40.0,38.0,2.0,2.0,2.0,1.0,1.0,2.0,1.0,2.0,2.0,1.0,1.0,1.0,1.0,2.0,2.0,2.0,1.0,2.0,2.0,1.0,2.0,1.0,2.0,1.0,1.0,2.0,1.0,2.0,1.0,1.0,2.0,1.0,2.0,1.0,2.0,2.0,1.0,2.0,1.0,1.0
554,4,4,4,5,5,5,5,4,1,2,,30.0,3.0,,3.0,4.0,6.0,,,,,6.0,,,2.0,,2.0,1.0,4.0,5.0,,,,,,,20.0,,,2.0,4.0,,,1.0,,4.0,,,,,,,,,,,,1.0,1.0,1.0,1.0,1.0,1.0,6,3,4,3,3,5,6,5,3,2.0,60.0,55.0,58.0,65.0,70.0,62.0,75.0,60.0,40.0,45.0,2.0,1.0,1.0,1.0,2.0,2.0,1.0,1.0,2.0,2.0,1.0,1.0,1.0,2.0,2.0,1.0,1.0,1.0,2.0,2.0,2.0,1.0,1.0,2.0,1.0,1.0,1.0,1.0,2.0,1.0,2.0,2.0,1.0,2.0,1.0,2.0,2.0,2.0,2.0,1.0
348,3,3,3,2,3,2,4,2,4,2,,30.0,,2.0,3.0,4.0,5.0,,,,6.0,,,,2.0,,2.0,,,,,,,3.0,4.0,5.0,16.0,,1.0,,,6.0,,1.0,,,4.0,,,,,,,,,,,1.0,1.0,1.0,1.0,1.0,1.0,6,3,4,4,2,5,6,6,3,2.0,50.0,50.0,50.0,45.0,50.0,45.0,60.0,45.0,60.0,45.0,2.0,1.0,2.0,2.0,1.0,2.0,1.0,1.0,2.0,1.0,2.0,2.0,1.0,1.0,2.0,2.0,2.0,1.0,2.0,1.0,1.0,2.0,2.0,2.0,1.0,2.0,2.0,1.0,1.0,1.0,1.0,1.0,1.0,1.0,1.0,2.0,2.0,1.0,2.0,2.0
39,2,2,2,2,2,2,4,2,4,4,,30.0,,2.0,,,,3.0,4.0,2.0,6.0,,,,2.0,1.0,,,,,,,,2.0,4.0,5.0,18.0,,1.0,,,,2.0,1.0,,4.0,,,,,,,,,,,,1.0,1.0,1.0,1.0,1.0,1.0,6,3,4,3,2,5,6,5,3,2.0,40.0,38.0,35.0,45.0,50.0,40.0,60.0,35.0,55.0,50.0,2.0,1.0,1.0,2.0,2.0,1.0,2.0,1.0,1.0,2.0,2.0,1.0,1.0,2.0,2.0,2.0,1.0,2.0,2.0,1.0,1.0,1.0,2.0,1.0,2.0,2.0,1.0,1.0,1.0,1.0,1.0,2.0,1.0,1.0,2.0,2.0,2.0,1.0,1.0,1.0
452,2,2,2,2,2,2,4,2,4,4,70.0,,,2.0,3.0,4.0,5.0,,,,,6.0,1.0,54.0,,1.0,,,,,4.0,4.0,5.0,,,,18.0,,,2.0,,6.0,,,1.0,4.0,,1.0,1.0,1.0,1.0,1.0,1.0,1.0,1.0,1.0,1.0,,,,,,,6,3,4,3,3,5,6,5,3,2.0,45.0,45.0,45.0,45.0,45.0,45.0,60.0,45.0,60.0,60.0,1.0,1.0,1.0,1.0,2.0,1.0,1.0,1.0,1.0,1.0,1.0,1.0,1.0,2.0,2.0,2.0,1.0,1.0,1.0,1.0,2.0,1.0,1.0,2.0,1.0,1.0,2.0,1.0,1.0,1.0,1.0,1.0,1.0,1.0,1.0,1.0,2.0,2.0,1.0,1.0
521,5,5,5,5,5,5,5,5,2,2,70.0,,,2.0,5.0,4.0,2.0,,,,6.0,,1.0,54.0,,,2.0,,,,2.0,5.0,5.0,,,,,15.0,,1.0,,,3.0,,1.0,5.0,,,,,,,,,,,,1.0,1.0,1.0,1.0,1.0,1.0,6,3,2,3,3,5,6,6,4,2.0,80.0,80.0,85.0,85.0,85.0,90.0,90.0,80.0,30.0,30.0,2.0,2.0,1.0,2.0,1.0,1.0,2.0,2.0,2.0,1.0,1.0,2.0,2.0,1.0,1.0,1.0,1.0,2.0,2.0,1.0,1.0,1.0,1.0,2.0,1.0,1.0,1.0,1.0,1.0,1.0,1.0,1.0,1.0,2.0,1.0,2.0,1.0,1.0,1.0,1.0
493,4,4,4,5,5,5,5,4,1,2,70.0,,,2.0,3.0,4.0,5.0,,,,6.0,,,,2.0,1.0,,,,,3.0,4.0,5.0,,,,18.0,,,2.0,,,3.0,,1.0,,5.0,,,,,,,,,,,1.0,1.0,1.0,1.0,1.0,1.0,6,3,4,4,2,5,6,6,3,2.0,55.0,50.0,52.0,60.0,62.0,58.0,65.0,54.0,40.0,45.0,2.0,2.0,2.0,1.0,1.0,2.0,2.0,2.0,2.0,2.0,1.0,2.0,2.0,2.0,2.0,2.0,1.0,1.0,2.0,2.0,2.0,1.0,2.0,2.0,1.0,1.0,2.0,1.0,2.0,2.0,1.0,2.0,1.0,2.0,1.0,2.0,1.0,2.0,2.0,2.0
675,4,4,4,5,5,5,5,5,1,2,70.0,,,2.0,,,,3.0,5.0,2.0,6.0,,1.0,54.0,,1.0,,1.0,4.0,4.0,,,,,,,18.0,,1.0,,3.0,,,,1.0,,4.0,1.0,1.0,1.0,1.0,1.0,1.0,1.0,1.0,1.0,1.0,,,,,,,6,3,4,3,3,5,6,5,3,2.0,60.0,55.0,58.0,65.0,70.0,68.0,72.0,60.0,40.0,45.0,2.0,2.0,1.0,2.0,1.0,2.0,2.0,2.0,1.0,2.0,1.0,1.0,2.0,1.0,2.0,2.0,1.0,1.0,2.0,1.0,2.0,2.0,2.0,1.0,1.0,1.0,1.0,2.0,1.0,2.0,1.0,1.0,2.0,1.0,2.0,1.0,1.0,1.0,2.0,1.0
706,5,5,5,5,5,5,5,5,1,2,,30.0,,2.0,,,,3.0,5.0,2.0,6.0,,1.0,54.0,,1.0,,,,,3.0,4.0,5.0,,,,16.0,,1.0,,,,2.0,1.0,,5.0,,1.0,1.0,1.0,1.0,1.0,1.0,1.0,1.0,1.0,1.0,,,,,,,6,3,4,3,3,5,6,5,3,2.0,55.0,50.0,52.0,60.0,62.0,58.0,65.0,54.0,40.0,38.0,2.0,2.0,1.0,1.0,2.0,2.0,1.0,2.0,1.0,2.0,2.0,1.0,2.0,1.0,1.0,1.0,2.0,1.0,1.0,1.0,1.0,2.0,2.0,2.0,2.0,1.0,2.0,2.0,2.0,1.0,2.0,2.0,2.0,2.0,1.0,2.0,2.0,2.0,2.0,1.0
968,5,5,5,5,5,5,5,5,1,2,70.0,,5.0,,3.0,4.0,6.0,,,,6.0,,,,2.0,,2.0,2.0,5.0,6.0,,,,,,,,15.0,,2.0,,,2.0,1.0,,,5.0,1.0,1.0,1.0,1.0,1.0,1.0,1.0,1.0,1.0,1.0,,,,,,,6,3,4,3,3,5,6,5,4,2.0,55.0,50.0,52.0,60.0,62.0,58.0,65.0,54.0,40.0,45.0,2.0,1.0,2.0,1.0,2.0,2.0,2.0,2.0,1.0,2.0,1.0,2.0,1.0,1.0,2.0,1.0,1.0,1.0,1.0,1.0,2.0,2.0,1.0,2.0,1.0,2.0,2.0,2.0,2.0,2.0,2.0,1.0,2.0,1.0,2.0,1.0,2.0,2.0,1.0,2.0
305,4,4,4,4,4,5,4,4,2,2,70.0,,2.0,,5.0,4.0,2.0,,,,,6.0,1.0,54.0,,1.0,,3.0,4.0,5.0,,,,,,,,15.0,1.0,,,,3.0,,1.0,,5.0,,,,,,,,,,,1.0,1.0,1.0,1.0,1.0,1.0,6,3,2,3,3,5,6,6,4,2.0,65.0,60.0,60.0,60.0,60.0,70.0,60.0,60.0,40.0,40.0,2.0,1.0,2.0,1.0,1.0,1.0,2.0,1.0,1.0,1.0,1.0,1.0,1.0,2.0,1.0,2.0,1.0,1.0,1.0,1.0,1.0,1.0,1.0,1.0,1.0,1.0,2.0,1.0,1.0,1.0,1.0,1.0,2.0,2.0,1.0,1.0,1.0,1.0,1.0,2.0
276,3,3,3,3,4,3,4,3,2,2,,30.0,3.0,,,,,3.0,4.0,2.0,6.0,,1.0,40.0,,,2.0,,,,,,,2.0,4.0,4.0,,18.0,1.0,,,6.0,,1.0,,3.0,,,,,,,,,,,,1.0,1.0,1.0,1.0,1.0,1.0,6,3,4,4,2,5,6,5,3,2.0,45.0,40.0,40.0,50.0,55.0,45.0,60.0,50.0,35.0,35.0,2.0,2.0,2.0,2.0,2.0,2.0,2.0,2.0,1.0,2.0,1.0,2.0,2.0,2.0,2.0,1.0,1.0,2.0,1.0,2.0,2.0,1.0,1.0,1.0,1.0,2.0,2.0,1.0,1.0,1.0,2.0,1.0,2.0,1.0,1.0,2.0,2.0,2.0,1.0,1.0
519,2,3,3,1,2,1,3,1,1,1,70.0,,2.0,,,,,5.0,4.0,2.0,6.0,,,,1.0,1.0,,,,,2.0,4.0,5.0,,,,,15.0,,1.0,,,3.0,,1.0,5.0,,1.0,1.0,1.0,1.0,1.0,1.0,1.0,1.0,1.0,1.0,,,,,,,6,3,3,3,3,5,6,6,3,2.0,30.0,40.0,40.0,10.0,20.0,10.0,40.0,10.0,10.0,10.0,2.0,1.0,1.0,2.0,1.0,1.0,2.0,1.0,1.0,1.0,1.0,2.0,1.0,1.0,1.0,2.0,1.0,1.0,1.0,2.0,1.0,2.0,1.0,1.0,1.0,1.0,2.0,2.0,1.0,1.0,2.0,1.0,1.0,1.0,1.0,1.0,1.0,1.0,2.0,1.0
991,5,5,5,5,5,5,5,5,2,3,70.0,,5.0,,5.0,4.0,2.0,,,,6.0,,1.0,54.0,,1.0,,3.0,5.0,5.0,,,,,,,,15.0,1.0,,,,3.0,,1.0,5.0,,1.0,1.0,1.0,1.0,1.0,1.0,1.0,1.0,1.0,1.0,,,,,,,6,3,3,3,3,5,6,6,4,2.0,75.0,70.0,80.0,75.0,75.0,80.0,85.0,70.0,40.0,50.0,1.0,2.0,1.0,2.0,1.0,1.0,1.0,2.0,1.0,1.0,1.0,2.0,2.0,1.0,1.0,2.0,1.0,1.0,1.0,1.0,1.0,2.0,1.0,1.0,2.0,1.0,2.0,2.0,1.0,1.0,1.0,1.0,1.0,1.0,1.0,1.0,1.0,2.0,2.0,2.0
74,4,4,4,4,4,4,4,4,2,2,,30.0,,2.0,,,,3.0,4.0,2.0,6.0,,1.0,54.0,,,2.0,2.0,4.0,5.0,,,,,,,16.0,,1.0,,,6.0,,1.0,,4.0,,,,,,,,,,,,1.0,1.0,1.0,1.0,1.0,1.0,6,3,4,4,2,5,6,6,3,2.0,55.0,50.0,52.0,60.0,62.0,58.0,65.0,54.0,40.0,42.0,1.0,2.0,1.0,1.0,2.0,2.0,1.0,2.0,1.0,1.0,2.0,1.0,2.0,1.0,1.0,2.0,1.0,2.0,2.0,2.0,1.0,1.0,2.0,2.0,1.0,2.0,2.0,2.0,2.0,1.0,1.0,1.0,2.0,1.0,2.0,1.0,2.0,2.0,1.0,1.0
122,4,4,4,2,4,4,4,3,2,3,70.0,,2.0,,,,,5.0,4.0,2.0,6.0,,1.0,54.0,,1.0,,,,,2.0,5.0,5.0,,,,,15.0,,1.0,,,3.0,1.0,,,5.0,,,,,,,,,,,1.0,1.0,1.0,1.0,1.0,1.0,6,3,3,3,3,5,6,6,4,2.0,65.0,60.0,60.0,40.0,60.0,60.0,60.0,50.0,35.0,45.0,1.0,2.0,1.0,2.0,2.0,2.0,1.0,1.0,2.0,1.0,1.0,2.0,1.0,2.0,2.0,1.0,1.0,2.0,1.0,1.0,1.0,2.0,1.0,1.0,2.0,1.0,2.0,1.0,1.0,1.0,1.0,1.0,1.0,2.0,1.0,2.0,2.0,1.0,1.0,1.0
823,5,5,5,5,5,5,5,5,2,2,,30.0,5.0,,,,,5.0,4.0,2.0,,6.0,,,1.0,1.0,,,,,,,,2.0,5.0,5.0,15.0,,,1.0,,4.0,,1.0,,,5.0,1.0,1.0,1.0,1.0,1.0,1.0,1.0,1.0,1.0,1.0,,,,,,,7,3,3,3,4,5,6,6,4,2.0,80.0,75.0,85.0,80.0,75.0,80.0,85.0,70.0,40.0,45.0,1.0,2.0,1.0,2.0,2.0,2.0,1.0,1.0,2.0,1.0,1.0,1.0,1.0,2.0,1.0,1.0,1.0,2.0,1.0,1.0,1.0,1.0,1.0,1.0,2.0,2.0,1.0,1.0,1.0,2.0,1.0,1.0,2.0,1.0,1.0,2.0,2.0,1.0,1.0,1.0
950,5,4,5,5,5,5,5,5,2,3,,30.0,5.0,,5.0,4.0,2.0,,,,,6.0,,,1.0,1.0,,4.0,5.0,5.0,,,,,,,,15.0,,1.0,,,3.0,1.0,,5.0,,1.0,1.0,1.0,1.0,1.0,1.0,1.0,1.0,1.0,1.0,,,,,,,6,3,3,3,3,5,6,6,4,2.0,80.0,70.0,85.0,85.0,85.0,85.0,85.0,80.0,40.0,50.0,2.0,1.0,1.0,2.0,1.0,2.0,1.0,1.0,1.0,1.0,1.0,1.0,2.0,1.0,1.0,1.0,1.0,1.0,2.0,1.0,1.0,2.0,1.0,1.0,1.0,1.0,1.0,1.0,2.0,1.0,1.0,2.0,2.0,1.0,1.0,1.0,2.0,1.0,1.0,1.0
638,2,4,4,2,3,4,4,3,2,3,,30.0,5.0,,5.0,4.0,2.0,,,,6.0,,1.0,54.0,,1.0,,3.0,5.0,5.0,,,,,,,,12.0,,1.0,4.0,,,,1.0,5.0,,1.0,1.0,1.0,1.0,1.0,1.0,1.0,1.0,1.0,1.0,,,,,,,6,3,3,3,3,5,6,6,4,2.0,40.0,60.0,60.0,40.0,50.0,60.0,60.0,50.0,40.0,50.0,1.0,1.0,2.0,2.0,1.0,1.0,2.0,1.0,2.0,1.0,1.0,1.0,1.0,1.0,1.0,2.0,1.0,2.0,1.0,2.0,2.0,2.0,1.0,2.0,1.0,1.0,1.0,1.0,1.0,2.0,1.0,1.0,1.0,2.0,1.0,1.0,1.0,1.0,1.0,1.0
157,5,5,5,5,5,5,5,5,2,2,70.0,,5.0,,,,,5.0,4.0,2.0,6.0,,,,1.0,,2.0,3.0,5.0,5.0,,,,,,,15.0,,,1.0,4.0,,,1.0,,5.0,,1.0,1.0,1.0,1.0,1.0,1.0,1.0,1.0,1.0,1.0,,,,,,,6,3,2,2,3,5,6,6,4,2.0,80.0,80.0,85.0,85.0,85.0,85.0,85.0,80.0,40.0,40.0,1.0,1.0,2.0,2.0,1.0,1.0,1.0,2.0,1.0,1.0,1.0,1.0,2.0,1.0,1.0,1.0,1.0,1.0,1.0,2.0,2.0,1.0,1.0,2.0,1.0,1.0,1.0,1.0,1.0,1.0,2.0,1.0,1.0,1.0,1.0,1.0,1.0,1.0,2.0,1.0
856,3,3,3,3,3,3,4,3,4,3,,30.0,3.0,,,,,3.0,4.0,3.0,6.0,,1.0,40.0,,,2.0,,,,3.0,4.0,4.0,,,,18.0,,,2.0,,,3.0,,1.0,,4.0,,,,,,,,,,,1.0,1.0,1.0,1.0,1.0,1.0,6,3,4,4,3,5,6,5,3,2.0,50.0,45.0,48.0,55.0,60.0,50.0,65.0,55.0,40.0,45.0,2.0,2.0,2.0,2.0,2.0,2.0,1.0,1.0,1.0,2.0,1.0,2.0,1.0,1.0,1.0,1.0,2.0,2.0,2.0,1.0,2.0,2.0,2.0,2.0,2.0,1.0,1.0,1.0,1.0,1.0,1.0,1.0,1.0,2.0,2.0,1.0,2.0,1.0,2.0,2.0
925,4,4,4,3,4,4,4,3,2,2,,30.0,5.0,,5.0,4.0,2.0,,,,,6.0,,,1.0,1.0,,,,,,,,2.0,5.0,5.0,15.0,,,1.0,4.0,,,,1.0,,5.0,,,,,,,,,,,1.0,1.0,1.0,1.0,1.0,1.0,6,3,2,3,3,5,6,6,4,2.0,65.0,60.0,60.0,50.0,60.0,60.0,60.0,50.0,40.0,40.0,1.0,2.0,1.0,1.0,2.0,2.0,1.0,1.0,1.0,2.0,1.0,2.0,2.0,1.0,1.0,2.0,1.0,2.0,2.0,1.0,2.0,1.0,1.0,1.0,2.0,1.0,1.0,2.0,1.0,1.0,1.0,1.0,2.0,1.0,1.0,1.0,1.0,1.0,1.0,1.0
196,5,5,5,5,5,5,5,5,1,1,70.0,,,1.0,3.0,4.0,6.0,,,,6.0,,,,2.0,1.0,,,,,2.0,5.0,6.0,,,,20.0,,1.0,,,,2.0,,1.0,,5.0,1.0,1.0,1.0,1.0,1.0,1.0,1.0,1.0,1.0,1.0,,,,,,,6,3,4,3,2,5,6,5,4,2.0,60.0,55.0,60.0,65.0,70.0,60.0,75.0,65.0,40.0,35.0,2.0,1.0,2.0,1.0,1.0,2.0,1.0,1.0,2.0,1.0,1.0,2.0,2.0,1.0,2.0,2.0,2.0,2.0,1.0,2.0,1.0,1.0,1.0,1.0,2.0,2.0,2.0,1.0,1.0,2.0,1.0,2.0,1.0,1.0,1.0,1.0,2.0,2.0,1.0,1.0
370,2,4,4,2,3,4,4,2,2,3,70.0,,2.0,,5.0,4.0,2.0,,,,,6.0,,,1.0,1.0,,3.0,4.0,5.0,,,,,,,,12.0,,1.0,,,2.0,1.0,,5.0,,1.0,1.0,1.0,1.0,1.0,1.0,1.0,1.0,1.0,1.0,,,,,,,6,3,3,3,3,5,6,6,4,2.0,40.0,60.0,60.0,40.0,50.0,60.0,60.0,40.0,40.0,50.0,1.0,1.0,2.0,1.0,1.0,1.0,2.0,2.0,2.0,1.0,1.0,2.0,1.0,2.0,1.0,1.0,1.0,1.0,2.0,1.0,1.0,1.0,1.0,2.0,1.0,2.0,1.0,1.0,1.0,2.0,2.0,1.0,1.0,2.0,1.0,2.0,1.0,2.0,2.0,2.0
203,2,4,4,1,3,3,4,2,1,2,,30.0,2.0,,5.0,4.0,2.0,,,,6.0,,,,1.0,,2.0,,,,2.0,5.0,5.0,,,,,10.0,,1.0,4.0,,,1.0,,5.0,,,,,,,,,,,,1.0,1.0,1.0,1.0,1.0,1.0,6,3,3,3,3,5,6,6,4,2.0,40.0,60.0,60.0,20.0,40.0,40.0,60.0,30.0,20.0,30.0,1.0,1.0,2.0,1.0,2.0,1.0,1.0,1.0,1.0,2.0,1.0,2.0,1.0,1.0,1.0,1.0,1.0,1.0,1.0,1.0,1.0,1.0,1.0,1.0,1.0,1.0,1.0,1.0,1.0,1.0,1.0,1.0,1.0,1.0,1.0,1.0,1.0,1.0,1.0,1.0
897,2,3,2,2,3,2,4,2,4,4,,30.0,,2.0,,,,3.0,4.0,2.0,,5.0,,,2.0,1.0,,,,,3.0,4.0,4.0,,,,16.0,,1.0,,,,2.0,,1.0,3.0,,,,,,,,,,,,1.0,1.0,1.0,1.0,1.0,1.0,6,3,4,3,2,5,6,6,3,2.0,45.0,40.0,42.0,50.0,55.0,38.0,60.0,40.0,48.0,44.0,1.0,2.0,1.0,2.0,2.0,2.0,1.0,1.0,2.0,1.0,1.0,2.0,2.0,1.0,2.0,2.0,1.0,2.0,2.0,1.0,1.0,2.0,2.0,2.0,2.0,1.0,1.0,1.0,1.0,1.0,1.0,1.0,1.0,2.0,1.0,1.0,1.0,1.0,2.0,1.0
741,2,3,3,2,3,2,4,2,4,2,70.0,,,2.0,,,,3.0,4.0,2.0,,6.0,1.0,40.0,,1.0,,2.0,4.0,5.0,,,,,,,,5.0,1.0,,,6.0,,1.0,,4.0,,1.0,1.0,1.0,1.0,1.0,1.0,1.0,1.0,1.0,1.0,,,,,,,6,3,4,4,2,5,6,5,3,2.0,45.0,40.0,40.0,50.0,55.0,45.0,60.0,40.0,50.0,40.0,2.0,2.0,1.0,2.0,2.0,1.0,2.0,2.0,2.0,1.0,1.0,1.0,2.0,1.0,2.0,1.0,1.0,1.0,2.0,1.0,2.0,2.0,1.0,1.0,2.0,1.0,1.0,1.0,1.0,2.0,1.0,2.0,1.0,1.0,2.0,1.0,2.0,1.0,1.0,1.0
632,2,2,2,2,2,2,4,2,4,2,70.0,,,2.0,,,,3.0,4.0,2.0,,5.0,1.0,40.0,,,2.0,1.0,2.0,4.0,,,,,,,,5.0,2.0,,,6.0,,,1.0,,3.0,,,,,,,,,,,1.0,1.0,1.0,1.0,1.0,1.0,6,3,4,4,2,5,6,6,3,2.0,40.0,35.0,35.0,40.0,40.0,35.0,50.0,35.0,50.0,35.0,1.0,2.0,2.0,2.0,1.0,2.0,1.0,1.0,1.0,2.0,1.0,2.0,2.0,2.0,1.0,2.0,1.0,2.0,1.0,2.0,2.0,1.0,2.0,2.0,1.0,1.0,2.0,1.0,1.0,1.0,2.0,1.0,2.0,2.0,1.0,2.0,1.0,2.0,1.0,2.0
566,2,3,2,3,3,3,4,2,4,3,,30.0,,2.0,,,,3.0,5.0,2.0,5.0,,,,2.0,,2.0,,,,3.0,4.0,4.0,,,,,18.0,,2.0,3.0,,,1.0,,,4.0,,,,,,,,,,,1.0,1.0,1.0,1.0,1.0,1.0,6,3,4,4,2,5,6,6,3,2.0,40.0,35.0,38.0,45.0,50.0,40.0,55.0,38.0,42.0,40.0,2.0,2.0,2.0,2.0,2.0,2.0,2.0,1.0,1.0,2.0,2.0,1.0,2.0,2.0,1.0,1.0,2.0,1.0,2.0,1.0,2.0,2.0,1.0,1.0,2.0,2.0,2.0,2.0,2.0,2.0,2.0,1.0,2.0,2.0,1.0,2.0,2.0,2.0,2.0,1.0
415,5,5,5,5,5,5,5,5,2,2,,30.0,2.0,,4.0,3.0,2.0,,,,6.0,,1.0,54.0,,,2.0,,,,,,,2.0,5.0,5.0,,15.0,1.0,,,,3.0,,1.0,,5.0,1.0,1.0,1.0,1.0,1.0,1.0,1.0,1.0,1.0,1.0,,,,,,,7,3,3,3,3,5,6,6,4,2.0,80.0,80.0,85.0,85.0,85.0,85.0,85.0,80.0,40.0,40.0,1.0,2.0,1.0,1.0,2.0,2.0,1.0,1.0,1.0,1.0,2.0,1.0,1.0,2.0,1.0,1.0,1.0,2.0,2.0,1.0,1.0,2.0,2.0,1.0,1.0,1.0,2.0,1.0,2.0,1.0,1.0,2.0,2.0,2.0,1.0,1.0,1.0,1.0,2.0,1.0
209,4,4,4,2,3,4,4,3,2,2,,30.0,2.0,,5.0,4.0,2.0,,,,6.0,,,,1.0,,2.0,,,,2.0,4.0,5.0,,,,15.0,,1.0,,,4.0,,,1.0,,5.0,,,,,,,,,,,1.0,1.0,1.0,1.0,1.0,1.0,7,3,3,3,3,5,6,6,4,2.0,65.0,60.0,60.0,40.0,50.0,60.0,60.0,45.0,40.0,40.0,2.0,2.0,1.0,1.0,2.0,1.0,1.0,2.0,1.0,1.0,1.0,2.0,1.0,2.0,1.0,1.0,1.0,1.0,1.0,1.0,1.0,1.0,1.0,2.0,1.0,1.0,1.0,1.0,2.0,1.0,1.0,1.0,2.0,1.0,1.0,1.0,1.0,1.0,2.0,1.0
780,4,4,4,2,3,4,4,3,2,2,,30.0,2.0,,,,,5.0,4.0,2.0,6.0,,,,1.0,1.0,,,,,2.0,5.0,5.0,,,,,15.0,,1.0,,4.0,,1.0,,,5.0,1.0,1.0,1.0,1.0,1.0,1.0,1.0,1.0,1.0,1.0,,,,,,,6,3,3,3,3,5,6,6,3,2.0,70.0,65.0,65.0,45.0,50.0,65.0,65.0,50.0,40.0,40.0,2.0,1.0,1.0,1.0,2.0,2.0,1.0,2.0,1.0,1.0,1.0,1.0,1.0,2.0,1.0,2.0,1.0,1.0,1.0,1.0,1.0,1.0,1.0,1.0,1.0,1.0,1.0,1.0,1.0,1.0,1.0,1.0,1.0,1.0,1.0,1.0,2.0,1.0,2.0,1.0
686,2,2,2,2,2,2,3,2,4,4,70.0,,,2.0,3.0,4.0,5.0,,,,,5.0,1.0,40.0,,1.0,,,,,,,,2.0,3.0,4.0,,18.0,1.0,,,6.0,,1.0,,3.0,,1.0,1.0,1.0,1.0,1.0,1.0,1.0,1.0,1.0,1.0,,,,,,,6,3,4,3,3,5,6,5,2,2.0,45.0,40.0,40.0,50.0,55.0,55.0,60.0,45.0,50.0,40.0,1.0,2.0,2.0,2.0,1.0,1.0,1.0,2.0,2.0,1.0,1.0,1.0,2.0,2.0,2.0,2.0,2.0,1.0,1.0,2.0,2.0,2.0,2.0,1.0,2.0,1.0,2.0,2.0,2.0,1.0,1.0,2.0,2.0,2.0,1.0,1.0,1.0,2.0,2.0,2.0
513,5,5,5,5,5,5,5,5,1,1,,30.0,5.0,,5.0,4.0,2.0,,,,6.0,,1.0,54.0,,1.0,,,,,,,,2.0,5.0,5.0,15.0,,1.0,,4.0,,,,1.0,,5.0,,,,,,,,,,,1.0,1.0,1.0,1.0,1.0,1.0,6,3,2,3,3,5,6,6,4,2.0,80.0,80.0,85.0,90.0,90.0,90.0,85.0,80.0,20.0,20.0,1.0,2.0,1.0,1.0,2.0,2.0,1.0,1.0,2.0,1.0,1.0,2.0,1.0,1.0,1.0,2.0,1.0,1.0,1.0,1.0,1.0,2.0,1.0,1.0,2.0,1.0,1.0,2.0,1.0,2.0,1.0,1.0,1.0,1.0,2.0,2.0,1.0,1.0,1.0,1.0
460,4,4,4,5,5,5,5,4,1,2,70.0,,,2.0,,,,3.0,5.0,2.0,6.0,,,,2.0,1.0,,,,,,,,3.0,4.0,5.0,,18.0,1.0,,4.0,,,,1.0,4.0,,1.0,1.0,1.0,1.0,1.0,1.0,1.0,1.0,1.0,1.0,,,,,,,6,3,4,3,3,5,6,5,3,2.0,55.0,50.0,52.0,60.0,65.0,58.0,70.0,54.0,40.0,45.0,2.0,2.0,2.0,2.0,2.0,1.0,2.0,1.0,1.0,2.0,1.0,1.0,1.0,1.0,1.0,1.0,1.0,2.0,1.0,2.0,2.0,2.0,1.0,1.0,2.0,1.0,2.0,2.0,1.0,2.0,1.0,2.0,2.0,1.0,2.0,2.0,2.0,1.0,1.0,1.0
829,4,4,4,5,5,4,5,4,2,2,70.0,,,2.0,3.0,4.0,6.0,,,,,6.0,,,2.0,,2.0,,,,,,,2.0,4.0,4.0,,5.0,1.0,,3.0,,,1.0,,,4.0,1.0,1.0,1.0,1.0,1.0,1.0,1.0,1.0,1.0,1.0,,,,,,,6,3,4,3,3,5,6,5,3,2.0,55.0,50.0,52.0,60.0,65.0,58.0,70.0,54.0,40.0,42.0,2.0,2.0,2.0,1.0,1.0,2.0,2.0,1.0,1.0,2.0,2.0,1.0,2.0,1.0,2.0,2.0,1.0,1.0,1.0,2.0,1.0,1.0,1.0,1.0,1.0,2.0,2.0,2.0,2.0,1.0,1.0,2.0,1.0,1.0,2.0,1.0,1.0,2.0,2.0,2.0
128,4,4,4,2,3,4,4,3,2,2,70.0,,2.0,,5.0,4.0,2.0,,,,6.0,,,,1.0,,2.0,3.0,4.0,5.0,,,,,,,5.0,,1.0,,,3.0,,1.0,,,5.0,1.0,1.0,1.0,1.0,1.0,1.0,1.0,1.0,1.0,1.0,,,,,,,6,3,3,3,3,5,6,6,3,2.0,65.0,60.0,60.0,40.0,50.0,60.0,60.0,50.0,40.0,40.0,2.0,1.0,2.0,2.0,2.0,1.0,2.0,1.0,1.0,2.0,2.0,2.0,1.0,1.0,2.0,1.0,1.0,1.0,1.0,1.0,1.0,2.0,1.0,1.0,1.0,2.0,1.0,1.0,1.0,1.0,1.0,1.0,2.0,2.0,2.0,2.0,2.0,1.0,1.0,1.0
734,5,5,5,5,5,5,5,5,2,2,,30.0,5.0,,5.0,4.0,2.0,,,,,6.0,,,1.0,,2.0,,,,,,,2.0,5.0,5.0,,15.0,1.0,,,3.0,,,1.0,,5.0,,,,,,,,,,,1.0,1.0,1.0,1.0,1.0,1.0,6,3,3,3,4,6,6,6,4,2.0,80.0,80.0,85.0,85.0,85.0,85.0,85.0,80.0,40.0,40.0,2.0,2.0,1.0,2.0,2.0,2.0,1.0,1.0,2.0,1.0,1.0,2.0,1.0,2.0,1.0,2.0,1.0,1.0,1.0,1.0,1.0,2.0,1.0,1.0,1.0,1.0,1.0,1.0,1.0,1.0,1.0,1.0,1.0,1.0,1.0,1.0,1.0,1.0,1.0,1.0
647,4,4,4,4,4,4,4,4,2,2,70.0,,3.0,,3.0,4.0,5.0,,,,6.0,,1.0,54.0,,,2.0,,,,,,,3.0,4.0,5.0,18.0,,,2.0,,,2.0,1.0,,4.0,,,,,,,,,,,,1.0,1.0,1.0,1.0,1.0,1.0,6,3,4,3,2,5,6,6,3,2.0,60.0,55.0,58.0,65.0,68.0,62.0,70.0,60.0,40.0,45.0,1.0,2.0,1.0,1.0,1.0,1.0,2.0,1.0,2.0,1.0,1.0,2.0,1.0,2.0,2.0,1.0,2.0,2.0,2.0,1.0,1.0,2.0,1.0,1.0,1.0,2.0,1.0,2.0,1.0,2.0,2.0,1.0,1.0,2.0,2.0,2.0,2.0,1.0,1.0,1.0
522,5,5,5,5,5,5,5,5,2,2,,30.0,,2.0,5.0,4.0,2.0,,,,6.0,,,,1.0,1.0,,,,,2.0,5.0,5.0,,,,15.0,,1.0,,4.0,,,,1.0,,5.0,,,,,,,,,,,1.0,1.0,1.0,1.0,1.0,1.0,6,2,2,2,3,5,6,6,4,2.0,80.0,80.0,85.0,85.0,80.0,85.0,85.0,80.0,30.0,30.0,2.0,1.0,1.0,2.0,2.0,1.0,1.0,1.0,2.0,1.0,1.0,1.0,2.0,2.0,1.0,1.0,1.0,1.0,2.0,2.0,1.0,1.0,2.0,1.0,1.0,1.0,1.0,2.0,1.0,1.0,2.0,2.0,1.0,1.0,1.0,1.0,2.0,1.0,1.0,1.0
451,5,5,5,5,5,5,5,5,1,2,70.0,,3.0,,,,,3.0,5.0,2.0,,6.0,1.0,54.0,,1.0,,,,,3.0,5.0,6.0,,,,20.0,,1.0,,,9.0,,1.0,,,5.0,1.0,1.0,1.0,1.0,1.0,1.0,1.0,1.0,1.0,1.0,,,,,,,6,3,4,4,3,5,6,6,4,2.0,60.0,55.0,58.0,65.0,68.0,62.0,70.0,60.0,40.0,35.0,2.0,2.0,1.0,1.0,2.0,2.0,2.0,1.0,2.0,1.0,2.0,2.0,2.0,2.0,2.0,2.0,2.0,1.0,2.0,1.0,2.0,1.0,2.0,1.0,1.0,2.0,1.0,2.0,1.0,2.0,2.0,2.0,2.0,1.0,1.0,1.0,1.0,2.0,1.0,2.0
818,5,5,5,5,5,5,5,5,2,2,70.0,,5.0,,5.0,4.0,2.0,,,,6.0,,1.0,54.0,,1.0,,,,,,,,4.0,5.0,5.0,,12.0,1.0,,,,3.0,1.0,,5.0,,1.0,1.0,1.0,1.0,1.0,1.0,1.0,1.0,1.0,1.0,,,,,,,6,3,3,3,3,5,6,6,4,2.0,80.0,80.0,85.0,85.0,80.0,85.0,85.0,80.0,40.0,40.0,1.0,1.0,1.0,2.0,2.0,1.0,2.0,1.0,1.0,1.0,1.0,2.0,1.0,1.0,1.0,1.0,2.0,2.0,1.0,1.0,1.0,1.0,1.0,1.0,2.0,1.0,1.0,1.0,2.0,1.0,1.0,1.0,1.0,1.0,1.0,1.0,2.0,1.0,2.0,1.0
119,2,3,2,2,3,2,4,2,4,2,,30.0,,2.0,,,,3.0,5.0,2.0,,5.0,1.0,40.0,,1.0,,,,,2.0,4.0,4.0,,,,18.0,,,2.0,4.0,,,1.0,,4.0,,,,,,,,,,,,1.0,1.0,1.0,1.0,1.0,1.0,6,3,4,4,2,5,6,6,3,2.0,40.0,35.0,38.0,45.0,50.0,40.0,60.0,38.0,55.0,40.0,2.0,1.0,1.0,1.0,1.0,2.0,2.0,1.0,1.0,1.0,2.0,1.0,1.0,2.0,1.0,2.0,1.0,2.0,1.0,1.0,1.0,2.0,2.0,2.0,1.0,2.0,2.0,2.0,2.0,1.0,1.0,2.0,1.0,2.0,1.0,1.0,2.0,1.0,1.0,1.0
490,4,4,4,4,4,4,5,4,2,2,70.0,,,2.0,,,,3.0,5.0,2.0,,5.0,,,2.0,,2.0,2.0,4.0,4.0,,,,,,,18.0,,,2.0,,6.0,,1.0,,4.0,,1.0,1.0,1.0,1.0,1.0,1.0,1.0,1.0,1.0,1.0,,,,,,,6,3,4,3,3,5,6,5,3,2.0,55.0,50.0,52.0,60.0,62.0,58.0,65.0,54.0,40.0,38.0,2.0,1.0,1.0,2.0,2.0,2.0,2.0,2.0,2.0,2.0,1.0,2.0,2.0,1.0,2.0,2.0,2.0,1.0,2.0,1.0,1.0,2.0,1.0,2.0,2.0,1.0,2.0,2.0,1.0,2.0,1.0,2.0,1.0,2.0,2.0,2.0,1.0,2.0,1.0,2.0
705,5,5,5,4,4,5,5,4,2,2,70.0,,2.0,,,,,5.0,4.0,2.0,,6.0,1.0,54.0,,,2.0,,,,2.0,5.0,5.0,,,,,15.0,1.0,,,,3.0,1.0,,5.0,,1.0,1.0,1.0,1.0,1.0,1.0,1.0,1.0,1.0,1.0,,,,,,,6,3,3,3,3,5,6,6,3,2.0,70.0,65.0,65.0,55.0,55.0,70.0,70.0,55.0,35.0,35.0,1.0,1.0,1.0,2.0,2.0,1.0,1.0,2.0,2.0,1.0,1.0,1.0,2.0,2.0,1.0,1.0,1.0,1.0,1.0,2.0,1.0,1.0,2.0,2.0,1.0,2.0,1.0,1.0,1.0,2.0,1.0,1.0,1.0,1.0,1.0,1.0,1.0,1.0,1.0,2.0
676,3,3,3,4,4,4,4,3,2,2,,30.0,,2.0,3.0,4.0,5.0,,,,6.0,,,,2.0,1.0,,3.0,4.0,4.0,,,,,,,18.0,,,2.0,4.0,,,1.0,,,4.0,1.0,1.0,1.0,1.0,1.0,1.0,1.0,1.0,1.0,1.0,,,,,,,6,3,4,4,3,5,6,6,3,2.0,50.0,50.0,50.0,60.0,60.0,60.0,60.0,50.0,40.0,40.0,2.0,1.0,2.0,1.0,1.0,1.0,1.0,1.0,1.0,1.0,2.0,1.0,1.0,2.0,1.0,2.0,2.0,2.0,2.0,2.0,2.0,2.0,1.0,1.0,2.0,1.0,1.0,2.0,1.0,1.0,1.0,1.0,1.0,1.0,2.0,1.0,1.0,1.0,1.0,2.0
770,2,2,2,2,2,2,4,2,4,4,70.0,,2.0,,3.0,4.0,5.0,,,,6.0,,,,2.0,1.0,,,,,2.0,4.0,4.0,,,,,5.0,1.0,,3.0,,,,1.0,,4.0,,,,,,,,,,,1.0,1.0,1.0,1.0,1.0,1.0,6,3,4,4,3,5,6,6,3,2.0,40.0,40.0,40.0,40.0,40.0,40.0,60.0,40.0,60.0,60.0,2.0,2.0,2.0,2.0,1.0,1.0,1.0,1.0,2.0,1.0,2.0,1.0,2.0,1.0,2.0,1.0,1.0,1.0,1.0,2.0,1.0,2.0,1.0,2.0,2.0,1.0,2.0,1.0,1.0,1.0,1.0,1.0,2.0,2.0,1.0,2.0,1.0,2.0,2.0,1.0
603,4,4,4,5,5,5,5,4,1,2,70.0,,,2.0,,,,3.0,5.0,2.0,6.0,,,,2.0,1.0,,2.0,4.0,5.0,,,,,,,,20.0,1.0,,3.0,,,1.0,,5.0,,1.0,1.0,1.0,1.0,1.0,1.0,1.0,1.0,1.0,1.0,,,,,,,6,3,4,4,3,5,6,5,3,2.0,55.0,50.0,52.0,60.0,62.0,58.0,65.0,54.0,40.0,45.0,2.0,1.0,2.0,1.0,1.0,1.0,2.0,2.0,1.0,2.0,2.0,1.0,2.0,2.0,1.0,2.0,2.0,2.0,2.0,1.0,2.0,2.0,2.0,1.0,2.0,2.0,2.0,2.0,1.0,2.0,2.0,1.0,1.0,1.0,1.0,2.0,2.0,2.0,1.0,1.0
596,4,4,4,4,4,4,4,4,2,2,,30.0,4.0,,,,,3.0,4.0,2.0,,6.0,,,2.0,,2.0,,,,,,,3.0,4.0,4.0,18.0,,,2.0,4.0,,,1.0,,4.0,,1.0,1.0,1.0,1.0,1.0,1.0,1.0,1.0,1.0,1.0,,,,,,,6,3,4,3,2,5,6,5,3,2.0,55.0,50.0,52.0,60.0,62.0,58.0,65.0,54.0,40.0,38.0,2.0,2.0,2.0,2.0,2.0,1.0,2.0,2.0,2.0,2.0,2.0,2.0,1.0,2.0,2.0,2.0,2.0,2.0,2.0,2.0,2.0,1.0,1.0,2.0,2.0,1.0,2.0,1.0,2.0,2.0,1.0,2.0,2.0,2.0,2.0,2.0,1.0,2.0,1.0,1.0
557,5,5,5,3,4,5,5,4,2,2,,30.0,,2.0,,,,5.0,4.0,2.0,,6.0,1.0,54.0,,1.0,,,,,2.0,5.0,5.0,,,,,15.0,1.0,,,4.0,,,1.0,,5.0,,,,,,,,,,,1.0,1.0,1.0,1.0,1.0,1.0,6,3,3,3,3,5,6,6,3,2.0,65.0,60.0,60.0,45.0,50.0,60.0,60.0,50.0,35.0,35.0,1.0,1.0,2.0,1.0,1.0,1.0,1.0,1.0,1.0,1.0,1.0,1.0,1.0,1.0,1.0,2.0,1.0,1.0,2.0,2.0,1.0,1.0,1.0,2.0,1.0,1.0,1.0,1.0,1.0,1.0,1.0,1.0,1.0,2.0,1.0,1.0,1.0,1.0,1.0,1.0
424,4,4,4,4,4,4,5,4,2,2,70.0,,3.0,,,,,3.0,5.0,4.0,,6.0,,,2.0,1.0,,,,,,,,4.0,4.0,5.0,16.0,,1.0,,,,3.0,,1.0,,4.0,1.0,1.0,1.0,1.0,1.0,1.0,1.0,1.0,1.0,1.0,,,,,,,6,3,4,4,3,5,6,6,3,2.0,60.0,55.0,58.0,65.0,68.0,62.0,70.0,60.0,40.0,42.0,2.0,2.0,2.0,2.0,2.0,2.0,2.0,2.0,1.0,1.0,1.0,1.0,2.0,1.0,1.0,1.0,1.0,1.0,2.0,2.0,1.0,1.0,2.0,1.0,1.0,1.0,1.0,2.0,2.0,2.0,2.0,2.0,2.0,2.0,2.0,2.0,2.0,2.0,1.0,1.0
238,5,5,5,5,5,5,5,5,2,2,,30.0,,2.0,5.0,4.0,2.0,,,,,7.0,1.0,54.0,,,2.0,3.0,5.0,5.0,,,,,,,,15.0,,1.0,4.0,,,1.0,,,5.0,,,,,,,,,,,1.0,1.0,1.0,1.0,1.0,1.0,6,2,3,3,3,5,6,6,4,2.0,75.0,70.0,80.0,75.0,70.0,75.0,80.0,65.0,30.0,35.0,1.0,1.0,1.0,1.0,1.0,1.0,1.0,1.0,1.0,1.0,2.0,1.0,1.0,1.0,1.0,1.0,1.0,1.0,1.0,1.0,1.0,1.0,1.0,1.0,1.0,1.0,1.0,1.0,1.0,1.0,1.0,1.0,1.0,1.0,1.0,1.0,1.0,1.0,1.0,1.0
609,3,4,4,4,4,4,4,3,2,2,70.0,,,2.0,,,,3.0,4.0,2.0,5.0,,1.0,40.0,,1.0,,,,,3.0,4.0,5.0,,,,,15.0,,2.0,4.0,,,1.0,,4.0,,,,,,,,,,,,1.0,1.0,1.0,1.0,1.0,1.0,6,3,4,3,3,5,6,5,3,2.0,50.0,55.0,55.0,60.0,60.0,60.0,65.0,50.0,40.0,40.0,2.0,2.0,2.0,1.0,2.0,1.0,2.0,1.0,1.0,2.0,2.0,2.0,1.0,1.0,1.0,1.0,1.0,1.0,1.0,2.0,1.0,1.0,1.0,1.0,1.0,1.0,2.0,1.0,2.0,1.0,2.0,1.0,2.0,2.0,2.0,1.0,2.0,2.0,2.0,1.0
380,3,4,4,2,3,4,4,3,2,3,70.0,,2.0,,5.0,4.0,2.0,,,,,6.0,1.0,54.0,,,2.0,3.0,4.0,5.0,,,,,,,,15.0,1.0,,,,3.0,1.0,,,5.0,,,,,,,,,,,1.0,1.0,1.0,1.0,1.0,1.0,6,3,2,3,3,5,6,6,3,2.0,50.0,60.0,60.0,40.0,50.0,60.0,60.0,50.0,40.0,50.0,2.0,1.0,1.0,2.0,2.0,1.0,1.0,1.0,1.0,1.0,2.0,1.0,1.0,1.0,1.0,1.0,1.0,2.0,1.0,1.0,2.0,1.0,1.0,1.0,2.0,1.0,1.0,1.0,1.0,2.0,1.0,2.0,1.0,2.0,2.0,2.0,1.0,1.0,1.0,1.0
166,2,2,2,2,2,2,2,2,4,4,,30.0,1.0,,2.0,4.0,6.0,,,,6.0,,,,2.0,,2.0,,,,1.0,2.0,2.0,,,,20.0,,,2.0,,10.0,,1.0,,2.0,,1.0,1.0,1.0,1.0,1.0,1.0,1.0,1.0,1.0,1.0,,,,,,,6,3,4,4,3,5,6,6,1,1.0,40.0,40.0,40.0,40.0,40.0,40.0,40.0,40.0,60.0,60.0,2.0,2.0,2.0,2.0,2.0,2.0,2.0,2.0,2.0,2.0,1.0,2.0,2.0,2.0,2.0,2.0,1.0,2.0,2.0,2.0,2.0,2.0,2.0,2.0,2.0,2.0,2.0,2.0,2.0,2.0,1.0,2.0,2.0,2.0,2.0,2.0,2.0,1.0,2.0,2.0
867,4,4,4,3,4,4,4,3,2,2,,30.0,4.0,,5.0,4.0,2.0,,,,,6.0,,,1.0,,2.0,,,,,,,2.0,4.0,5.0,15.0,,,1.0,,4.0,,1.0,,5.0,,,,,,,,,,,,1.0,1.0,1.0,1.0,1.0,1.0,6,3,3,3,3,5,6,6,3,1.0,65.0,60.0,60.0,50.0,60.0,60.0,60.0,50.0,40.0,40.0,1.0,2.0,1.0,1.0,2.0,1.0,1.0,1.0,2.0,2.0,1.0,1.0,1.0,2.0,1.0,1.0,1.0,2.0,1.0,2.0,1.0,1.0,1.0,2.0,1.0,1.0,2.0,1.0,2.0,1.0,1.0,1.0,2.0,1.0,2.0,1.0,1.0,2.0,1.0,1.0
914,2,3,3,1,3,4,4,2,1,2,,30.0,5.0,,,,,5.0,4.0,2.0,,6.0,,,1.0,1.0,,3.0,4.0,5.0,,,,,,,15.0,,1.0,,,,3.0,,1.0,5.0,,,,,,,,,,,,1.0,1.0,1.0,1.0,1.0,1.0,6,3,3,3,3,5,6,6,4,2.0,40.0,50.0,50.0,20.0,50.0,60.0,60.0,40.0,20.0,30.0,1.0,1.0,2.0,1.0,1.0,2.0,1.0,2.0,2.0,1.0,1.0,1.0,1.0,2.0,1.0,1.0,1.0,1.0,1.0,1.0,1.0,2.0,1.0,1.0,1.0,1.0,1.0,1.0,1.0,2.0,1.0,1.0,2.0,1.0,1.0,1.0,1.0,1.0,2.0,1.0
341,4,4,4,5,5,5,5,4,2,2,70.0,,3.0,,3.0,4.0,6.0,,,,6.0,,,,2.0,1.0,,2.0,4.0,5.0,,,,,,,16.0,,,2.0,,,3.0,,1.0,,5.0,1.0,1.0,1.0,1.0,1.0,1.0,1.0,1.0,1.0,1.0,,,,,,,6,3,4,4,3,5,6,6,3,2.0,62.0,58.0,60.0,65.0,68.0,63.0,70.0,59.0,40.0,42.0,2.0,2.0,1.0,1.0,2.0,2.0,2.0,2.0,1.0,1.0,2.0,1.0,2.0,2.0,2.0,1.0,2.0,1.0,2.0,1.0,1.0,1.0,1.0,2.0,1.0,1.0,1.0,2.0,2.0,2.0,2.0,2.0,2.0,1.0,2.0,2.0,1.0,1.0,1.0,2.0
232,2,3,3,1,2,3,3,2,4,4,70.0,,2.0,,5.0,4.0,2.0,,,,6.0,,,,1.0,1.0,,2.0,4.0,5.0,,,,,,,,15.0,,1.0,4.0,,,,1.0,5.0,,,,,,,,,,,,1.0,1.0,1.0,1.0,1.0,1.0,7,3,2,3,3,6,6,6,4,2.0,40.0,50.0,50.0,20.0,30.0,50.0,50.0,40.0,60.0,60.0,2.0,2.0,2.0,2.0,1.0,1.0,1.0,2.0,1.0,1.0,2.0,1.0,1.0,1.0,1.0,1.0,1.0,1.0,1.0,1.0,1.0,2.0,1.0,1.0,1.0,1.0,1.0,1.0,1.0,1.0,1.0,1.0,1.0,1.0,1.0,2.0,1.0,2.0,2.0,1.0
4,5,5,5,5,5,5,5,5,1,2,,30.0,,2.0,,,,5.0,4.0,2.0,,6.0,,,1.0,,2.0,,,,2.0,5.0,5.0,,,,,15.0,,1.0,,,3.0,1.0,,5.0,,1.0,1.0,1.0,1.0,1.0,1.0,1.0,1.0,1.0,1.0,,,,,,,7,3,3,3,3,5,6,6,4,2.0,85.0,85.0,85.0,85.0,85.0,85.0,85.0,85.0,20.0,30.0,2.0,2.0,1.0,1.0,1.0,1.0,2.0,2.0,2.0,2.0,1.0,2.0,2.0,2.0,2.0,1.0,1.0,2.0,1.0,1.0,2.0,1.0,1.0,2.0,2.0,1.0,2.0,1.0,1.0,1.0,1.0,1.0,1.0,1.0,2.0,1.0,1.0,1.0,1.0,1.0
30,4,4,4,3,4,3,4,3,2,2,,30.0,,2.0,,,,3.0,4.0,2.0,6.0,,1.0,54.0,,,2.0,,,,,,,3.0,4.0,5.0,15.0,,,2.0,4.0,,,,1.0,,4.0,,,,,,,,,,,1.0,1.0,1.0,1.0,1.0,1.0,6,3,4,4,3,5,6,6,3,2.0,55.0,50.0,52.0,60.0,62.0,58.0,65.0,54.0,40.0,38.0,2.0,2.0,2.0,2.0,2.0,2.0,2.0,1.0,1.0,2.0,1.0,1.0,1.0,2.0,2.0,1.0,2.0,2.0,2.0,1.0,1.0,1.0,1.0,2.0,2.0,2.0,1.0,1.0,2.0,1.0,1.0,2.0,1.0,1.0,1.0,2.0,2.0,1.0,2.0,2.0
334,4,4,4,3,4,5,5,4,2,2,70.0,,4.0,,5.0,4.0,2.0,,,,,6.0,1.0,54.0,,1.0,,,,,3.0,5.0,5.0,,,,10.0,,,1.0,,,3.0,,1.0,5.0,,,,,,,,,,,,1.0,1.0,1.0,1.0,1.0,1.0,6,3,3,3,3,5,6,6,4,2.0,70.0,65.0,65.0,50.0,60.0,75.0,70.0,60.0,40.0,40.0,1.0,1.0,1.0,2.0,1.0,1.0,1.0,1.0,1.0,1.0,1.0,1.0,1.0,1.0,1.0,1.0,1.0,1.0,2.0,1.0,1.0,2.0,2.0,2.0,2.0,1.0,1.0,1.0,1.0,1.0,1.0,1.0,1.0,1.0,2.0,1.0,1.0,1.0,2.0,1.0
247,4,4,4,4,4,4,5,4,2,2,,30.0,4.0,,3.0,4.0,5.0,,,,6.0,,,,2.0,,2.0,2.0,4.0,5.0,,,,,,,16.0,,1.0,,,,3.0,,1.0,,5.0,1.0,1.0,1.0,1.0,1.0,1.0,1.0,1.0,1.0,1.0,,,,,,,6,3,4,4,3,5,6,5,3,2.0,55.0,50.0,52.0,60.0,62.0,58.0,65.0,54.0,40.0,42.0,1.0,2.0,1.0,2.0,1.0,2.0,2.0,1.0,2.0,1.0,2.0,1.0,1.0,1.0,2.0,2.0,1.0,1.0,2.0,1.0,1.0,1.0,2.0,1.0,1.0,2.0,1.0,2.0,1.0,2.0,1.0,1.0,2.0,2.0,2.0,1.0,2.0,1.0,2.0,1.0
528,5,5,5,4,4,5,5,4,2,2,,30.0,,2.0,4.0,3.0,2.0,,,,6.0,,1.0,54.0,,1.0,,,,,3.0,5.0,5.0,,,,,12.0,,1.0,,,3.0,1.0,,,5.0,1.0,1.0,1.0,1.0,1.0,1.0,1.0,1.0,1.0,1.0,,,,,,,6,3,3,3,3,5,6,6,3,2.0,75.0,70.0,75.0,65.0,65.0,75.0,70.0,60.0,40.0,40.0,1.0,1.0,1.0,2.0,2.0,2.0,2.0,1.0,2.0,1.0,1.0,2.0,1.0,2.0,1.0,2.0,2.0,1.0,2.0,1.0,1.0,1.0,1.0,1.0,1.0,1.0,1.0,1.0,1.0,1.0,1.0,1.0,1.0,1.0,1.0,2.0,1.0,1.0,1.0,1.0
45,2,2,2,2,2,2,4,2,4,4,70.0,,,2.0,3.0,4.0,5.0,,,,6.0,,,,2.0,,2.0,,,,2.0,4.0,5.0,,,,18.0,,,2.0,,6.0,,1.0,,4.0,,1.0,1.0,1.0,1.0,1.0,1.0,1.0,1.0,1.0,1.0,,,,,,,6,3,4,4,3,5,6,5,3,2.0,45.0,40.0,40.0,50.0,55.0,45.0,60.0,50.0,55.0,50.0,2.0,2.0,2.0,1.0,2.0,1.0,2.0,2.0,1.0,2.0,2.0,1.0,1.0,2.0,1.0,1.0,2.0,2.0,1.0,1.0,1.0,2.0,2.0,1.0,2.0,1.0,1.0,2.0,1.0,1.0,1.0,1.0,1.0,2.0,1.0,1.0,2.0,2.0,1.0,2.0
113,5,5,5,5,5,5,5,5,2,2,,30.0,5.0,,5.0,4.0,2.0,,,,,6.0,,,1.0,,2.0,,,,,,,2.0,5.0,5.0,,15.0,1.0,,4.0,,,,1.0,5.0,,,,,,,,,,,,1.0,1.0,1.0,1.0,1.0,1.0,6,3,3,3,3,5,6,6,4,2.0,75.0,75.0,80.0,80.0,80.0,80.0,80.0,75.0,40.0,40.0,2.0,1.0,1.0,2.0,2.0,1.0,2.0,2.0,1.0,1.0,1.0,2.0,1.0,1.0,1.0,1.0,2.0,2.0,2.0,1.0,1.0,1.0,2.0,1.0,1.0,1.0,1.0,1.0,2.0,2.0,1.0,1.0,1.0,2.0,2.0,1.0,1.0,1.0,1.0,1.0
286,2,3,3,2,3,3,3,2,4,3,40.0,,2.0,,5.0,4.0,2.0,,,,6.0,,,,1.0,,2.0,,,,2.0,5.0,5.0,,,,,15.0,,1.0,4.0,,,1.0,,,5.0,1.0,1.0,1.0,1.0,1.0,1.0,1.0,1.0,1.0,1.0,,,,,,,7,3,2,3,3,5,6,6,4,2.0,40.0,50.0,50.0,40.0,50.0,50.0,50.0,40.0,60.0,50.0,1.0,2.0,2.0,2.0,1.0,1.0,2.0,2.0,1.0,1.0,1.0,1.0,1.0,1.0,1.0,1.0,1.0,1.0,1.0,1.0,1.0,2.0,1.0,2.0,1.0,1.0,1.0,2.0,1.0,1.0,1.0,1.0,2.0,1.0,1.0,1.0,1.0,1.0,1.0,1.0
812,4,4,4,5,5,5,5,5,1,2,,30.0,,2.0,,,,3.0,5.0,2.0,,5.0,,,2.0,,2.0,,,,3.0,4.0,4.0,,,,18.0,,,2.0,3.0,,,1.0,,4.0,,,,,,,,,,,,1.0,1.0,1.0,1.0,1.0,1.0,6,3,4,4,2,5,6,6,3,2.0,55.0,50.0,52.0,60.0,62.0,58.0,65.0,54.0,40.0,45.0,2.0,2.0,1.0,2.0,1.0,1.0,2.0,2.0,2.0,2.0,2.0,2.0,1.0,1.0,1.0,1.0,1.0,1.0,1.0,2.0,2.0,1.0,1.0,2.0,2.0,1.0,2.0,2.0,1.0,2.0,2.0,2.0,2.0,1.0,2.0,2.0,2.0,2.0,1.0,1.0
84,5,5,5,5,5,5,5,5,1,2,70.0,,3.0,,3.0,4.0,6.0,,,,,5.0,,,2.0,,2.0,,,,3.0,5.0,6.0,,,,,0.0,,2.0,,,2.0,,1.0,5.0,,,,,,,,,,,,1.0,1.0,1.0,1.0,1.0,1.0,6,3,4,3,3,5,6,5,3,2.0,60.0,55.0,58.0,65.0,70.0,62.0,75.0,68.0,40.0,45.0,1.0,2.0,2.0,2.0,2.0,1.0,2.0,2.0,1.0,2.0,2.0,2.0,2.0,1.0,2.0,1.0,2.0,2.0,1.0,1.0,1.0,1.0,2.0,2.0,2.0,1.0,2.0,2.0,2.0,1.0,1.0,1.0,2.0,1.0,2.0,2.0,1.0,1.0,1.0,1.0
961,5,5,5,5,5,5,5,5,2,2,70.0,,5.0,,5.0,4.0,2.0,,,,,6.0,1.0,54.0,,1.0,,3.0,5.0,5.0,,,,,,,15.0,,,1.0,,,3.0,1.0,,,5.0,,,,,,,,,,,1.0,1.0,1.0,1.0,1.0,1.0,6,3,2,3,3,5,6,6,4,2.0,80.0,75.0,80.0,75.0,70.0,80.0,75.0,70.0,30.0,30.0,1.0,2.0,1.0,2.0,2.0,1.0,1.0,1.0,1.0,2.0,2.0,2.0,1.0,1.0,1.0,1.0,1.0,1.0,2.0,1.0,1.0,2.0,1.0,1.0,1.0,1.0,1.0,1.0,1.0,2.0,1.0,1.0,2.0,2.0,2.0,2.0,1.0,2.0,2.0,1.0
302,4,4,4,3,4,3,4,3,2,2,,30.0,,2.0,3.0,4.0,5.0,,,,,6.0,,,2.0,,2.0,,,,,,,2.0,4.0,5.0,,5.0,,2.0,,,2.0,1.0,,,4.0,1.0,1.0,1.0,1.0,1.0,1.0,1.0,1.0,1.0,1.0,,,,,,,6,3,4,4,3,5,6,6,3,2.0,55.0,50.0,52.0,60.0,62.0,58.0,65.0,54.0,40.0,42.0,2.0,2.0,1.0,2.0,2.0,2.0,1.0,2.0,2.0,2.0,2.0,1.0,1.0,2.0,2.0,2.0,2.0,1.0,2.0,2.0,1.0,1.0,2.0,2.0,2.0,2.0,2.0,2.0,2.0,2.0,2.0,2.0,2.0,1.0,2.0,2.0,2.0,2.0,2.0,2.0
271,4,4,4,5,5,5,5,4,1,2,70.0,,,2.0,3.0,4.0,5.0,,,,,6.0,,,2.0,1.0,,,,,4.0,5.0,6.0,,,,18.0,,1.0,,5.0,,,,1.0,,5.0,1.0,1.0,1.0,1.0,1.0,1.0,1.0,1.0,1.0,1.0,,,,,,,6,3,4,3,3,5,6,5,4,2.0,60.0,55.0,58.0,65.0,70.0,62.0,75.0,60.0,40.0,45.0,1.0,1.0,2.0,1.0,1.0,2.0,1.0,2.0,2.0,1.0,1.0,1.0,2.0,1.0,1.0,2.0,2.0,1.0,2.0,2.0,1.0,2.0,1.0,2.0,2.0,1.0,1.0,1.0,1.0,1.0,2.0,2.0,2.0,2.0,1.0,1.0,2.0,1.0,1.0,1.0
73,4,4,4,4,4,4,4,4,2,2,70.0,,,2.0,3.0,4.0,5.0,,,,,,1.0,54.0,,,2.0,2.0,4.0,5.0,,,,,,,,18.0,1.0,,4.0,,,,1.0,,5.0,1.0,1.0,1.0,1.0,1.0,1.0,1.0,1.0,1.0,1.0,,,,,,,6,3,4,4,2,5,6,6,3,2.0,55.0,50.0,52.0,60.0,62.0,58.0,65.0,54.0,40.0,42.0,2.0,2.0,1.0,1.0,1.0,1.0,2.0,2.0,1.0,2.0,1.0,2.0,2.0,2.0,2.0,2.0,1.0,2.0,1.0,1.0,1.0,1.0,1.0,2.0,2.0,1.0,2.0,2.0,1.0,2.0,1.0,1.0,1.0,1.0,2.0,1.0,1.0,1.0,1.0,2.0
996,3,3,3,4,4,4,4,3,2,2,70.0,,,2.0,,,,3.0,4.0,3.0,,6.0,,,2.0,,2.0,2.0,4.0,5.0,,,,,,,18.0,,,2.0,,,3.0,1.0,,4.0,,1.0,1.0,1.0,1.0,1.0,1.0,1.0,1.0,1.0,1.0,,,,,,,6,3,5,4,3,5,6,5,3,2.0,55.0,50.0,50.0,60.0,65.0,60.0,70.0,55.0,40.0,45.0,1.0,2.0,1.0,2.0,1.0,1.0,2.0,1.0,2.0,2.0,2.0,2.0,1.0,1.0,1.0,1.0,2.0,1.0,2.0,2.0,2.0,1.0,1.0,1.0,1.0,1.0,1.0,1.0,1.0,2.0,1.0,2.0,1.0,1.0,1.0,1.0,1.0,2.0,2.0,1.0
125,2,3,2,2,3,2,4,2,4,3,70.0,,,2.0,,,,3.0,4.0,2.0,,5.0,1.0,40.0,,1.0,,,,,2.0,4.0,5.0,,,,18.0,,,2.0,,6.0,,1.0,,,4.0,,,,,,,,,,,1.0,1.0,1.0,1.0,1.0,1.0,6,3,4,4,3,5,6,5,3,2.0,40.0,35.0,38.0,45.0,50.0,35.0,60.0,40.0,55.0,45.0,1.0,2.0,2.0,1.0,1.0,2.0,1.0,2.0,2.0,1.0,1.0,1.0,1.0,1.0,1.0,1.0,1.0,2.0,1.0,1.0,1.0,1.0,2.0,1.0,1.0,2.0,1.0,1.0,1.0,1.0,2.0,1.0,1.0,2.0,2.0,1.0,1.0,1.0,1.0,2.0
739,5,5,5,5,5,5,5,5,1,2,70.0,,,2.0,,,,3.0,5.0,2.0,6.0,,,,2.0,1.0,,,,,,,,2.0,5.0,6.0,,15.0,,2.0,,6.0,,1.0,,5.0,,1.0,1.0,1.0,1.0,1.0,1.0,1.0,1.0,1.0,1.0,,,,,,,6,3,4,3,2,5,6,5,4,2.0,60.0,55.0,60.0,65.0,70.0,60.0,75.0,60.0,40.0,45.0,2.0,1.0,2.0,2.0,1.0,2.0,2.0,2.0,2.0,2.0,2.0,2.0,1.0,2.0,2.0,2.0,2.0,1.0,1.0,2.0,1.0,1.0,1.0,1.0,1.0,1.0,2.0,2.0,1.0,1.0,2.0,2.0,2.0,2.0,1.0,1.0,1.0,1.0,2.0,2.0
824,5,5,5,5,5,5,5,5,1,2,,30.0,5.0,,,,,3.0,5.0,2.0,,6.0,,,2.0,1.0,,,,,4.0,5.0,6.0,,,,,18.0,1.0,,,,2.0,1.0,,,5.0,,,,,,,,,,,1.0,1.0,1.0,1.0,1.0,1.0,6,3,4,4,3,5,6,6,4,2.0,60.0,55.0,58.0,65.0,68.0,62.0,70.0,60.0,40.0,45.0,2.0,2.0,1.0,2.0,1.0,2.0,1.0,1.0,2.0,1.0,2.0,1.0,1.0,1.0,1.0,1.0,1.0,1.0,2.0,1.0,2.0,2.0,2.0,2.0,1.0,2.0,2.0,2.0,1.0,2.0,2.0,1.0,1.0,2.0,1.0,2.0,1.0,2.0,1.0,2.0
957,4,4,4,4,4,4,5,4,2,2,,30.0,3.0,,3.0,4.0,5.0,,,,,6.0,1.0,54.0,,1.0,,2.0,4.0,5.0,,,,,,,18.0,,1.0,,,,3.0,,1.0,4.0,,1.0,1.0,1.0,1.0,1.0,1.0,1.0,1.0,1.0,1.0,,,,,,,6,3,4,3,3,5,6,5,3,2.0,55.0,60.0,58.0,65.0,68.0,62.0,70.0,60.0,40.0,45.0,1.0,1.0,1.0,1.0,1.0,1.0,1.0,1.0,2.0,1.0,2.0,2.0,1.0,1.0,1.0,2.0,1.0,2.0,2.0,1.0,2.0,1.0,1.0,1.0,2.0,1.0,2.0,1.0,1.0,2.0,2.0,1.0,1.0,1.0,2.0,2.0,1.0,2.0,1.0,2.0
150,5,5,5,5,5,5,5,5,1,2,,30.0,,2.0,,,,3.0,5.0,2.0,,6.0,,,2.0,,2.0,,,,4.0,5.0,6.0,,,,,18.0,1.0,,4.0,,,1.0,,,5.0,1.0,1.0,1.0,1.0,1.0,1.0,1.0,1.0,1.0,1.0,,,,,,,6,3,5,4,2,5,6,5,3,2.0,60.0,55.0,50.0,65.0,70.0,60.0,75.0,60.0,40.0,35.0,1.0,1.0,2.0,1.0,1.0,1.0,2.0,2.0,2.0,2.0,1.0,1.0,1.0,2.0,1.0,2.0,1.0,1.0,2.0,1.0,1.0,1.0,2.0,2.0,2.0,1.0,1.0,2.0,2.0,1.0,1.0,1.0,1.0,1.0,1.0,2.0,1.0,2.0,2.0,2.0
851,4,4,4,4,4,4,5,4,2,2,,30.0,,2.0,3.0,4.0,5.0,,,,,,,,2.0,1.0,,2.0,4.0,5.0,,,,,,,18.0,,1.0,,4.0,,,,1.0,4.0,,,,,,,,,,,,1.0,1.0,1.0,1.0,1.0,1.0,6,3,4,4,3,5,6,6,3,2.0,55.0,50.0,52.0,60.0,62.0,58.0,70.0,54.0,40.0,42.0,1.0,1.0,2.0,1.0,1.0,2.0,2.0,1.0,2.0,1.0,1.0,1.0,2.0,1.0,2.0,1.0,2.0,1.0,2.0,1.0,1.0,2.0,1.0,1.0,2.0,2.0,2.0,1.0,2.0,1.0,1.0,2.0,1.0,1.0,2.0,2.0,2.0,1.0,2.0,1.0
922,5,5,5,4,5,5,5,5,2,2,,30.0,2.0,,,,,5.0,4.0,2.0,6.0,,,,1.0,,2.0,3.0,5.0,5.0,,,,,,,,15.0,,1.0,,,3.0,1.0,,5.0,,1.0,1.0,1.0,1.0,1.0,1.0,1.0,1.0,1.0,1.0,,,,,,,7,3,4,3,3,5,6,5,4,2.0,75.0,70.0,75.0,65.0,70.0,75.0,70.0,70.0,40.0,40.0,1.0,2.0,1.0,2.0,1.0,2.0,2.0,1.0,1.0,2.0,1.0,1.0,2.0,1.0,2.0,1.0,1.0,2.0,1.0,1.0,2.0,1.0,1.0,1.0,2.0,1.0,1.0,1.0,1.0,2.0,2.0,1.0,1.0,1.0,1.0,1.0,1.0,1.0,1.0,1.0
418,4,4,4,3,4,3,4,3,2,2,70.0,,,2.0,,,,3.0,5.0,4.0,,6.0,,,2.0,1.0,,2.0,4.0,5.0,,,,,,,20.0,,1.0,,,6.0,,1.0,,,4.0,1.0,1.0,1.0,1.0,1.0,1.0,1.0,1.0,1.0,1.0,,,,,,,6,3,4,4,3,5,6,6,3,2.0,60.0,55.0,58.0,65.0,68.0,60.0,70.0,62.0,50.0,48.0,2.0,2.0,2.0,2.0,1.0,2.0,2.0,2.0,2.0,2.0,2.0,2.0,2.0,2.0,2.0,1.0,1.0,2.0,1.0,2.0,1.0,2.0,2.0,1.0,2.0,2.0,1.0,2.0,2.0,1.0,2.0,1.0,2.0,2.0,2.0,2.0,2.0,2.0,2.0,2.0
191,4,4,4,4,4,4,5,4,2,2,70.0,,,2.0,3.0,4.0,5.0,,,,6.0,,,,2.0,,2.0,,,,,,,4.0,4.0,5.0,,18.0,,2.0,,6.0,,1.0,,4.0,,1.0,1.0,1.0,1.0,1.0,1.0,1.0,1.0,1.0,1.0,,,,,,,6,3,4,3,3,5,6,5,3,2.0,55.0,50.0,52.0,60.0,62.0,58.0,65.0,54.0,40.0,38.0,2.0,1.0,2.0,2.0,1.0,1.0,1.0,1.0,1.0,2.0,2.0,1.0,1.0,1.0,1.0,1.0,1.0,2.0,2.0,1.0,1.0,2.0,2.0,1.0,1.0,2.0,2.0,1.0,2.0,1.0,1.0,2.0,1.0,1.0,2.0,2.0,1.0,1.0,2.0,1.0
377,2,2,2,2,2,2,3,2,4,4,,30.0,,2.0,,,,3.0,4.0,2.0,5.0,,,,2.0,,2.0,2.0,3.0,4.0,,,,,,,18.0,,,2.0,,6.0,,,1.0,4.0,,,,,,,,,,,,1.0,1.0,1.0,1.0,1.0,1.0,6,3,4,4,3,5,6,6,3,2.0,40.0,38.0,35.0,45.0,50.0,35.0,60.0,40.0,55.0,50.0,2.0,2.0,2.0,1.0,1.0,2.0,2.0,2.0,1.0,1.0,1.0,1.0,1.0,1.0,1.0,1.0,1.0,2.0,1.0,2.0,2.0,2.0,2.0,1.0,1.0,1.0,1.0,2.0,1.0,1.0,1.0,2.0,2.0,1.0,1.0,1.0,1.0,2.0,1.0,1.0
204,4,4,4,4,4,4,4,4,2,2,70.0,,3.0,,,,,3.0,5.0,2.0,6.0,,,,2.0,1.0,,,,,,,,3.0,4.0,5.0,18.0,,1.0,,,6.0,,1.0,,,5.0,1.0,1.0,1.0,1.0,1.0,1.0,1.0,1.0,1.0,1.0,,,,,,,6,3,4,3,3,5,6,5,3,2.0,60.0,55.0,58.0,65.0,68.0,62.0,70.0,60.0,40.0,45.0,2.0,2.0,2.0,2.0,2.0,2.0,2.0,1.0,1.0,2.0,2.0,2.0,2.0,1.0,1.0,2.0,2.0,1.0,2.0,1.0,2.0,2.0,2.0,2.0,1.0,2.0,1.0,1.0,2.0,1.0,2.0,1.0,1.0,1.0,2.0,1.0,2.0,1.0,2.0,2.0
890,2,2,2,2,2,2,4,2,4,4,,30.0,2.0,,,,,3.0,4.0,2.0,,5.0,,,2.0,,2.0,,,,2.0,4.0,5.0,,,,,0.0,,2.0,,7.0,,,1.0,,4.0,1.0,1.0,1.0,1.0,1.0,1.0,1.0,1.0,1.0,1.0,,,,,,,6,3,4,3,3,5,6,5,3,2.0,40.0,35.0,35.0,35.0,35.0,35.0,60.0,35.0,60.0,60.0,2.0,2.0,1.0,1.0,2.0,2.0,2.0,1.0,2.0,2.0,1.0,1.0,2.0,2.0,1.0,1.0,2.0,2.0,1.0,1.0,2.0,2.0,2.0,1.0,1.0,1.0,2.0,1.0,2.0,2.0,1.0,2.0,1.0,2.0,2.0,1.0,1.0,1.0,2.0,1.0
928,4,4,4,5,5,5,5,4,1,2,,30.0,,2.0,3.0,4.0,5.0,,,,,6.0,,,2.0,,2.0,2.0,4.0,5.0,,,,,,,18.0,,,2.0,,,2.0,,1.0,5.0,,,,,,,,,,,,1.0,1.0,1.0,1.0,1.0,1.0,6,3,4,4,3,5,6,6,4,2.0,60.0,55.0,60.0,65.0,70.0,65.0,70.0,60.0,40.0,45.0,2.0,2.0,2.0,2.0,1.0,2.0,1.0,1.0,2.0,2.0,2.0,2.0,1.0,2.0,1.0,2.0,2.0,2.0,2.0,2.0,2.0,1.0,1.0,1.0,2.0,1.0,1.0,1.0,2.0,1.0,1.0,2.0,2.0,1.0,1.0,2.0,1.0,1.0,2.0,2.0
746,5,5,5,5,5,5,5,5,1,2,,30.0,,2.0,3.0,4.0,6.0,,,,6.0,,,,2.0,1.0,,,,,4.0,5.0,6.0,,,,,15.0,1.0,,,6.0,,,1.0,5.0,,,,,,,,,,,,1.0,1.0,1.0,1.0,1.0,1.0,6,3,4,3,2,5,6,6,3,2.0,60.0,55.0,60.0,65.0,70.0,65.0,75.0,60.0,40.0,45.0,1.0,1.0,2.0,2.0,2.0,1.0,1.0,1.0,1.0,1.0,1.0,2.0,2.0,1.0,1.0,1.0,2.0,2.0,2.0,1.0,1.0,1.0,2.0,1.0,1.0,1.0,1.0,1.0,2.0,2.0,2.0,2.0,1.0,1.0,2.0,2.0,1.0,2.0,1.0,1.0
635,2,3,2,2,2,2,4,2,4,2,70.0,,,2.0,,,,3.0,4.0,2.0,6.0,,1.0,54.0,,,2.0,2.0,4.0,5.0,,,,,,,,0.0,,2.0,3.0,,,1.0,,,4.0,1.0,1.0,1.0,1.0,1.0,1.0,1.0,1.0,1.0,1.0,,,,,,,6,3,5,4,3,5,6,5,3,2.0,45.0,40.0,40.0,35.0,40.0,35.0,60.0,40.0,50.0,40.0,2.0,2.0,2.0,1.0,2.0,1.0,2.0,2.0,2.0,1.0,2.0,1.0,1.0,2.0,1.0,1.0,1.0,2.0,2.0,2.0,1.0,1.0,1.0,1.0,2.0,2.0,1.0,1.0,1.0,1.0,2.0,1.0,1.0,1.0,1.0,1.0,1.0,2.0,2.0,1.0
561,5,5,5,4,4,5,5,5,2,2,,30.0,5.0,,5.0,4.0,2.0,,,,,6.0,,,1.0,1.0,,,,,,,,2.0,5.0,5.0,,15.0,1.0,,,4.0,,,1.0,5.0,,1.0,1.0,1.0,1.0,1.0,1.0,1.0,1.0,1.0,1.0,,,,,,,6,3,2,3,3,5,6,5,4,2.0,80.0,85.0,90.0,70.0,70.0,85.0,90.0,80.0,40.0,40.0,2.0,1.0,1.0,2.0,1.0,2.0,2.0,1.0,1.0,1.0,1.0,1.0,1.0,2.0,1.0,1.0,1.0,1.0,1.0,1.0,1.0,1.0,1.0,1.0,1.0,1.0,2.0,1.0,2.0,2.0,1.0,1.0,1.0,1.0,1.0,1.0,1.0,1.0,2.0,1.0
412,4,4,4,2,3,4,4,3,2,2,70.0,,2.0,,5.0,4.0,2.0,,,,6.0,,1.0,54.0,,,2.0,,,,,,,2.0,5.0,5.0,15.0,,,1.0,,4.0,,,1.0,5.0,,1.0,1.0,1.0,1.0,1.0,1.0,1.0,1.0,1.0,1.0,,,,,,,7,3,3,3,3,6,6,6,4,2.0,65.0,60.0,60.0,40.0,50.0,60.0,60.0,45.0,35.0,35.0,2.0,1.0,2.0,1.0,2.0,1.0,1.0,2.0,1.0,1.0,1.0,2.0,1.0,1.0,2.0,1.0,1.0,1.0,1.0,1.0,1.0,1.0,2.0,2.0,2.0,2.0,1.0,2.0,1.0,2.0,1.0,1.0,1.0,1.0,1.0,1.0,1.0,1.0,1.0,1.0
787,3,3,3,3,3,3,4,3,2,2,,30.0,,2.0,3.0,4.0,5.0,,,,,6.0,,,2.0,,2.0,,,,,,,3.0,4.0,5.0,18.0,,,2.0,,5.0,,1.0,,,4.0,,,,,,,,,,,1.0,1.0,1.0,1.0,1.0,1.0,6,3,4,4,3,5,6,6,3,2.0,50.0,45.0,48.0,55.0,60.0,52.0,65.0,50.0,40.0,38.0,1.0,1.0,1.0,2.0,2.0,1.0,1.0,2.0,1.0,2.0,1.0,1.0,1.0,1.0,1.0,1.0,2.0,2.0,1.0,2.0,2.0,1.0,2.0,2.0,2.0,1.0,1.0,1.0,2.0,2.0,1.0,1.0,2.0,2.0,1.0,1.0,1.0,1.0,1.0,1.0
79,4,4,4,4,4,4,5,4,2,2,70.0,,,2.0,3.0,4.0,6.0,,,,6.0,,1.0,54.0,,1.0,,,,,,,,3.0,4.0,5.0,16.0,,1.0,,,6.0,,1.0,,,4.0,,,,,,,,,,,1.0,1.0,1.0,1.0,1.0,1.0,6,3,4,4,2,5,6,6,3,2.0,60.0,55.0,58.0,65.0,68.0,62.0,70.0,60.0,40.0,42.0,2.0,2.0,2.0,1.0,1.0,2.0,1.0,1.0,2.0,2.0,2.0,1.0,1.0,2.0,1.0,2.0,2.0,1.0,1.0,1.0,2.0,1.0,2.0,2.0,2.0,1.0,1.0,2.0,2.0,1.0,2.0,1.0,1.0,2.0,1.0,2.0,1.0,1.0,1.0,2.0
308,5,5,5,5,5,5,5,5,1,2,70.0,,5.0,,3.0,4.0,6.0,,,,,6.0,1.0,54.0,,1.0,,,,,4.0,5.0,6.0,,,,16.0,,1.0,,4.0,,,1.0,,,5.0,1.0,1.0,1.0,1.0,1.0,1.0,1.0,1.0,1.0,1.0,,,,,,,6,3,5,4,3,5,6,5,3,2.0,60.0,55.0,58.0,65.0,70.0,62.0,75.0,60.0,40.0,45.0,2.0,2.0,2.0,1.0,2.0,2.0,2.0,1.0,2.0,2.0,2.0,1.0,2.0,1.0,1.0,1.0,2.0,2.0,1.0,1.0,1.0,1.0,2.0,1.0,2.0,1.0,1.0,1.0,2.0,1.0,1.0,1.0,1.0,2.0,1.0,2.0,1.0,1.0,1.0,2.0
681,4,4,4,2,4,4,4,3,2,3,70.0,,5.0,,5.0,4.0,2.0,,,,6.0,,,,1.0,,2.0,3.0,5.0,5.0,,,,,,,15.0,,1.0,,,,3.0,1.0,,,5.0,,,,,,,,,,,1.0,1.0,1.0,1.0,1.0,1.0,6,3,2,3,3,5,6,6,4,2.0,65.0,60.0,60.0,40.0,60.0,60.0,60.0,50.0,40.0,50.0,1.0,2.0,1.0,1.0,1.0,1.0,2.0,1.0,1.0,1.0,2.0,1.0,1.0,2.0,1.0,1.0,2.0,1.0,1.0,1.0,1.0,1.0,1.0,1.0,2.0,1.0,2.0,1.0,1.0,1.0,2.0,1.0,1.0,1.0,1.0,1.0,1.0,1.0,1.0,1.0
514,4,4,4,4,4,4,4,4,2,2,,30.0,3.0,,3.0,4.0,6.0,,,,6.0,,1.0,50.0,,,2.0,,,,3.0,4.0,5.0,,,,,18.0,,2.0,4.0,,,,1.0,,5.0,1.0,1.0,1.0,1.0,1.0,1.0,1.0,1.0,1.0,1.0,,,,,,,6,3,4,4,3,5,6,6,3,2.0,55.0,50.0,52.0,60.0,62.0,58.0,65.0,54.0,40.0,38.0,2.0,1.0,1.0,1.0,1.0,2.0,2.0,1.0,2.0,1.0,2.0,2.0,2.0,2.0,2.0,1.0,1.0,1.0,2.0,1.0,1.0,2.0,2.0,1.0,1.0,2.0,2.0,1.0,1.0,2.0,2.0,2.0,2.0,1.0,1.0,2.0,2.0,2.0,2.0,1.0
467,4,4,4,5,5,5,5,5,1,2,70.0,,,2.0,,,,3.0,5.0,2.0,6.0,,,,2.0,,2.0,,,,3.0,4.0,5.0,,,,,15.0,,2.0,4.0,,,,1.0,,5.0,,,,,,,,,,,1.0,1.0,1.0,1.0,1.0,1.0,6,3,4,4,3,5,6,6,3,2.0,60.0,55.0,60.0,65.0,70.0,65.0,70.0,60.0,40.0,45.0,2.0,1.0,1.0,2.0,1.0,1.0,2.0,1.0,2.0,2.0,2.0,1.0,1.0,1.0,1.0,2.0,1.0,1.0,1.0,1.0,2.0,2.0,2.0,1.0,1.0,1.0,2.0,1.0,1.0,1.0,2.0,2.0,1.0,1.0,2.0,1.0,2.0,1.0,1.0,1.0
733,5,4,5,5,5,5,5,5,2,3,70.0,,,2.0,5.0,4.0,2.0,,,,6.0,,1.0,54.0,,,2.0,,,,,,,3.0,5.0,5.0,15.0,,1.0,,,,3.0,1.0,,,5.0,,,,,,,,,,,1.0,1.0,1.0,1.0,1.0,1.0,6,3,3,3,4,5,6,6,4,2.0,75.0,70.0,75.0,75.0,75.0,75.0,75.0,75.0,40.0,50.0,1.0,1.0,2.0,1.0,1.0,2.0,2.0,1.0,1.0,1.0,1.0,2.0,1.0,1.0,1.0,1.0,2.0,1.0,1.0,2.0,1.0,1.0,1.0,1.0,2.0,1.0,2.0,1.0,1.0,1.0,1.0,1.0,1.0,1.0,1.0,1.0,1.0,1.0,1.0,1.0
640,3,3,3,3,4,3,4,3,2,2,,30.0,3.0,,3.0,4.0,5.0,,,,6.0,,,,2.0,1.0,,,,,,,,3.0,4.0,4.0,,15.0,,2.0,4.0,,,1.0,,,4.0,1.0,1.0,1.0,1.0,1.0,1.0,1.0,1.0,1.0,1.0,,,,,,,6,3,4,4,3,5,6,6,3,2.0,45.0,40.0,40.0,50.0,55.0,45.0,60.0,50.0,35.0,35.0,2.0,2.0,2.0,2.0,2.0,1.0,2.0,2.0,1.0,2.0,2.0,2.0,2.0,2.0,1.0,1.0,1.0,1.0,2.0,2.0,2.0,2.0,1.0,1.0,2.0,2.0,2.0,1.0,2.0,2.0,1.0,2.0,1.0,2.0,2.0,1.0,2.0,2.0,1.0,1.0
48,4,4,4,2,4,2,5,2,4,2,70.0,,,2.0,,,,3.0,4.0,2.0,,6.0,,,2.0,1.0,,,,,4.0,4.0,5.0,,,,,18.0,1.0,,,6.0,,,1.0,,4.0,,,,,,,,,,,1.0,1.0,1.0,1.0,1.0,1.0,6,3,4,4,3,5,6,6,3,2.0,55.0,50.0,52.0,60.0,62.0,58.0,70.0,54.0,48.0,45.0,2.0,1.0,1.0,1.0,1.0,2.0,1.0,2.0,2.0,2.0,1.0,2.0,2.0,2.0,2.0,2.0,2.0,2.0,2.0,2.0,1.0,1.0,2.0,2.0,2.0,2.0,2.0,2.0,1.0,2.0,1.0,2.0,2.0,2.0,2.0,1.0,1.0,2.0,1.0,1.0
339,4,4,4,5,5,5,5,4,1,2,70.0,,4.0,,,,,3.0,5.0,2.0,,6.0,,,2.0,,2.0,,,,4.0,4.0,5.0,,,,,15.0,,2.0,,6.0,,1.0,,,5.0,,,,,,,,,,,1.0,1.0,1.0,1.0,1.0,1.0,6,3,5,4,3,5,6,6,3,2.0,60.0,55.0,58.0,65.0,70.0,68.0,72.0,60.0,35.0,40.0,2.0,2.0,2.0,2.0,1.0,1.0,1.0,2.0,1.0,1.0,2.0,1.0,2.0,1.0,2.0,2.0,2.0,1.0,2.0,2.0,1.0,2.0,2.0,2.0,1.0,2.0,1.0,1.0,2.0,1.0,2.0,1.0,2.0,2.0,2.0,2.0,1.0,2.0,1.0,1.0
525,4,4,4,2,3,4,4,3,2,2,,30.0,2.0,,,,,5.0,4.0,2.0,,6.0,1.0,54.0,,,2.0,3.0,4.0,5.0,,,,,,,,12.0,,1.0,,,3.0,,1.0,5.0,,1.0,1.0,1.0,1.0,1.0,1.0,1.0,1.0,1.0,1.0,,,,,,,6,3,3,3,3,5,5,5,3,2.0,65.0,60.0,60.0,40.0,50.0,60.0,60.0,45.0,35.0,35.0,1.0,2.0,2.0,1.0,2.0,1.0,1.0,2.0,1.0,1.0,1.0,2.0,1.0,2.0,2.0,1.0,1.0,1.0,2.0,1.0,1.0,1.0,1.0,2.0,1.0,1.0,2.0,1.0,1.0,2.0,2.0,1.0,1.0,2.0,1.0,2.0,1.0,1.0,2.0,1.0
456,5,5,5,5,5,5,5,5,2,2,,30.0,5.0,,5.0,4.0,2.0,,,,,6.0,1.0,54.0,,,2.0,3.0,5.0,5.0,,,,,,,10.0,,,1.0,,,3.0,,1.0,5.0,,,,,,,,,,,,1.0,1.0,1.0,1.0,1.0,1.0,7,3,3,3,3,5,6,6,4,2.0,85.0,85.0,85.0,85.0,85.0,85.0,85.0,85.0,30.0,30.0,1.0,2.0,1.0,2.0,2.0,1.0,1.0,1.0,1.0,1.0,2.0,1.0,2.0,1.0,2.0,1.0,1.0,2.0,1.0,1.0,1.0,2.0,2.0,1.0,1.0,1.0,1.0,2.0,1.0,2.0,1.0,1.0,1.0,2.0,1.0,1.0,2.0,1.0,1.0,1.0
89,4,4,4,4,4,4,5,4,2,2,70.0,,3.0,,,,,3.0,5.0,2.0,,6.0,,,2.0,,2.0,2.0,4.0,5.0,,,,,,,,18.0,,2.0,,7.0,,,1.0,,5.0,1.0,1.0,1.0,1.0,1.0,1.0,1.0,1.0,1.0,1.0,,,,,,,6,3,4,3,3,5,6,5,3,2.0,55.0,50.0,52.0,60.0,62.0,58.0,65.0,54.0,40.0,42.0,1.0,2.0,1.0,2.0,2.0,2.0,2.0,2.0,1.0,2.0,2.0,1.0,2.0,2.0,2.0,1.0,2.0,1.0,2.0,2.0,1.0,1.0,1.0,1.0,1.0,1.0,2.0,2.0,1.0,2.0,2.0,2.0,2.0,2.0,1.0,2.0,1.0,1.0,1.0,2.0
497,5,5,5,5,5,5,5,5,2,2,,30.0,5.0,,5.0,4.0,2.0,,,,,6.0,1.0,54.0,,,2.0,,,,2.0,5.0,5.0,,,,,15.0,1.0,,,,3.0,,1.0,,5.0,,,,,,,,,,,1.0,1.0,1.0,1.0,1.0,1.0,7,3,3,3,3,5,6,6,4,2.0,85.0,80.0,85.0,80.0,75.0,85.0,80.0,75.0,40.0,40.0,1.0,2.0,2.0,2.0,1.0,1.0,1.0,1.0,1.0,1.0,2.0,1.0,2.0,1.0,1.0,2.0,1.0,2.0,1.0,1.0,1.0,1.0,1.0,1.0,1.0,2.0,2.0,1.0,2.0,1.0,1.0,1.0,2.0,1.0,1.0,1.0,1.0,1.0,1.0,1.0
702,4,4,4,3,4,5,4,3,2,2,70.0,,5.0,,,,,5.0,4.0,2.0,,6.0,1.0,54.0,,,2.0,2.0,4.0,5.0,,,,,,,,10.0,1.0,,4.0,,,,1.0,,5.0,,,,,,,,,,,1.0,1.0,1.0,1.0,1.0,1.0,6,3,3,3,3,5,6,6,4,2.0,65.0,60.0,60.0,50.0,55.0,70.0,60.0,50.0,40.0,40.0,1.0,2.0,2.0,2.0,1.0,1.0,1.0,2.0,1.0,1.0,1.0,1.0,1.0,2.0,1.0,1.0,2.0,1.0,1.0,2.0,1.0,1.0,2.0,2.0,1.0,2.0,2.0,1.0,2.0,1.0,1.0,1.0,1.0,1.0,2.0,2.0,1.0,1.0,1.0,1.0
671,2,3,3,3,3,3,3,2,4,3,70.0,,3.0,,2.0,3.0,5.0,,,,,5.0,,,2.0,1.0,,,,,,,,3.0,4.0,4.0,,18.0,1.0,,,,2.0,1.0,,4.0,,,,,,,,,,,,1.0,1.0,1.0,1.0,1.0,1.0,6,3,4,4,3,5,6,6,3,2.0,45.0,40.0,40.0,50.0,55.0,50.0,60.0,45.0,55.0,40.0,2.0,2.0,1.0,2.0,2.0,1.0,1.0,2.0,2.0,1.0,1.0,1.0,1.0,1.0,1.0,1.0,1.0,1.0,2.0,2.0,2.0,1.0,2.0,2.0,1.0,2.0,1.0,1.0,1.0,2.0,1.0,2.0,1.0,2.0,2.0,2.0,1.0,2.0,2.0,2.0
919,2,2,2,2,2,2,4,2,4,2,70.0,,2.0,,3.0,4.0,5.0,,,,6.0,,,,2.0,1.0,,,,,,,,2.0,4.0,5.0,,18.0,1.0,,,,2.0,1.0,,,4.0,1.0,1.0,1.0,1.0,1.0,1.0,1.0,1.0,1.0,1.0,,,,,,,6,3,4,4,3,5,6,5,3,2.0,40.0,35.0,35.0,40.0,45.0,35.0,60.0,40.0,50.0,40.0,2.0,1.0,1.0,2.0,1.0,1.0,2.0,2.0,1.0,2.0,1.0,2.0,1.0,1.0,2.0,1.0,1.0,1.0,2.0,1.0,2.0,2.0,1.0,2.0,2.0,1.0,1.0,1.0,2.0,2.0,1.0,2.0,1.0,2.0,1.0,2.0,1.0,2.0,1.0,1.0
777,5,5,5,4,5,5,5,5,1,2,,30.0,5.0,,,,,5.0,4.0,2.0,6.0,,1.0,54.0,,1.0,,3.0,5.0,5.0,,,,,,,,15.0,1.0,,,,4.0,1.0,,,5.0,1.0,1.0,1.0,1.0,1.0,1.0,1.0,1.0,1.0,1.0,,,,,,,6,3,2,3,3,5,6,6,4,2.0,80.0,75.0,80.0,60.0,75.0,80.0,75.0,70.0,30.0,40.0,1.0,2.0,2.0,1.0,1.0,1.0,2.0,1.0,2.0,1.0,1.0,1.0,1.0,1.0,1.0,1.0,1.0,1.0,1.0,1.0,1.0,1.0,1.0,1.0,2.0,1.0,1.0,1.0,1.0,1.0,1.0,1.0,1.0,1.0,1.0,1.0,1.0,2.0,1.0,1.0
604,2,3,2,2,3,2,4,2,4,4,,30.0,2.0,,,,,3.0,4.0,2.0,6.0,,,,2.0,,2.0,2.0,3.0,4.0,,,,,,,,0.0,,2.0,5.0,,,,1.0,,4.0,1.0,1.0,1.0,1.0,1.0,1.0,1.0,1.0,1.0,1.0,,,,,,,6,3,4,4,3,5,6,5,3,2.0,40.0,35.0,38.0,45.0,50.0,40.0,60.0,35.0,45.0,45.0,1.0,2.0,1.0,1.0,2.0,1.0,2.0,1.0,1.0,2.0,2.0,1.0,2.0,2.0,1.0,2.0,2.0,2.0,2.0,2.0,2.0,2.0,1.0,1.0,1.0,1.0,2.0,2.0,1.0,1.0,2.0,1.0,2.0,2.0,1.0,1.0,1.0,2.0,1.0,2.0
591,4,4,4,2,3,4,4,3,2,2,70.0,,2.0,,,,,5.0,4.0,2.0,,6.0,1.0,54.0,,,2.0,,,,2.0,5.0,5.0,,,,15.0,,,1.0,4.0,,,,1.0,,5.0,,,,,,,,,,,1.0,1.0,1.0,1.0,1.0,1.0,6,2,2,3,3,5,6,6,4,2.0,65.0,60.0,60.0,40.0,50.0,60.0,60.0,45.0,35.0,35.0,2.0,1.0,1.0,2.0,1.0,2.0,1.0,1.0,1.0,1.0,1.0,1.0,1.0,1.0,1.0,1.0,1.0,1.0,1.0,1.0,1.0,1.0,2.0,2.0,2.0,1.0,1.0,1.0,1.0,1.0,1.0,1.0,1.0,1.0,1.0,1.0,1.0,2.0,1.0,1.0
9,4,4,4,5,5,5,5,4,2,2,,30.0,3.0,,3.0,4.0,5.0,,,,6.0,,1.0,54.0,,1.0,,,,,4.0,4.0,5.0,,,,,16.0,,2.0,4.0,,,,1.0,5.0,,1.0,1.0,1.0,1.0,1.0,1.0,1.0,1.0,1.0,1.0,,,,,,,6,3,5,4,3,5,6,5,3,2.0,60.0,55.0,58.0,65.0,70.0,68.0,72.0,60.0,40.0,38.0,2.0,2.0,2.0,2.0,2.0,1.0,1.0,1.0,1.0,1.0,1.0,1.0,2.0,1.0,2.0,1.0,1.0,1.0,1.0,2.0,2.0,1.0,2.0,1.0,1.0,1.0,2.0,2.0,1.0,2.0,2.0,2.0,2.0,1.0,2.0,1.0,1.0,1.0,1.0,1.0
550,4,4,4,4,4,4,4,4,2,2,,30.0,4.0,,3.0,4.0,5.0,,,,6.0,,1.0,40.0,,1.0,,3.0,4.0,5.0,,,,,,,,18.0,1.0,,,6.0,,,1.0,4.0,,1.0,1.0,1.0,1.0,1.0,1.0,1.0,1.0,1.0,1.0,,,,,,,6,3,4,4,2,5,6,6,3,2.0,55.0,50.0,52.0,60.0,62.0,58.0,65.0,54.0,40.0,38.0,2.0,2.0,2.0,1.0,1.0,1.0,1.0,2.0,1.0,1.0,1.0,2.0,2.0,2.0,2.0,2.0,2.0,1.0,1.0,2.0,1.0,1.0,2.0,1.0,1.0,1.0,1.0,1.0,2.0,1.0,1.0,1.0,2.0,2.0,2.0,1.0,2.0,2.0,2.0,2.0
423,4,4,4,2,3,4,4,2,2,2,70.0,,4.0,,5.0,4.0,2.0,,,,6.0,,,,1.0,,2.0,3.0,4.0,5.0,,,,,,,15.0,,1.0,,,,3.0,,1.0,,5.0,,,,,,,,,,,1.0,1.0,1.0,1.0,1.0,1.0,7,3,3,3,3,5,6,6,4,2.0,65.0,60.0,65.0,40.0,50.0,60.0,60.0,40.0,40.0,40.0,1.0,1.0,2.0,1.0,1.0,1.0,2.0,1.0,2.0,2.0,1.0,1.0,1.0,1.0,1.0,1.0,2.0,1.0,1.0,1.0,1.0,1.0,1.0,1.0,1.0,1.0,1.0,2.0,2.0,1.0,1.0,1.0,2.0,1.0,1.0,1.0,1.0,1.0,1.0,1.0
387,4,4,4,4,4,4,5,4,2,2,,30.0,,2.0,3.0,4.0,5.0,,,,,6.0,1.0,54.0,,,2.0,2.0,4.0,5.0,,,,,,,18.0,,,2.0,,6.0,,1.0,,,4.0,1.0,1.0,1.0,1.0,1.0,1.0,1.0,1.0,1.0,1.0,,,,,,,6,3,4,4,3,5,6,5,3,2.0,55.0,50.0,52.0,60.0,62.0,58.0,65.0,54.0,40.0,42.0,2.0,2.0,1.0,2.0,2.0,2.0,1.0,1.0,1.0,1.0,2.0,1.0,2.0,1.0,1.0,2.0,1.0,1.0,1.0,1.0,2.0,1.0,2.0,2.0,1.0,1.0,1.0,1.0,2.0,1.0,1.0,1.0,2.0,2.0,1.0,1.0,2.0,1.0,2.0,1.0
161,2,3,2,2,3,2,4,2,4,4,70.0,,,2.0,3.0,4.0,5.0,,,,,6.0,,,2.0,,2.0,2.0,3.0,4.0,,,,,,,,15.0,1.0,,4.0,,,1.0,,3.0,,,,,,,,,,,,1.0,1.0,1.0,1.0,1.0,1.0,6,3,4,4,2,5,6,5,3,2.0,45.0,40.0,42.0,55.0,60.0,50.0,65.0,48.0,52.0,50.0,2.0,1.0,2.0,2.0,2.0,2.0,2.0,2.0,2.0,2.0,1.0,2.0,1.0,2.0,1.0,1.0,2.0,2.0,2.0,1.0,1.0,1.0,1.0,1.0,1.0,1.0,1.0,1.0,1.0,1.0,1.0,1.0,2.0,2.0,1.0,1.0,2.0,1.0,2.0,1.0
860,5,5,5,5,5,5,5,5,1,2,70.0,,,2.0,,,,3.0,5.0,2.0,,6.0,1.0,54.0,,1.0,,,,,4.0,5.0,6.0,,,,,20.0,,2.0,,,2.0,,1.0,,5.0,1.0,1.0,1.0,1.0,1.0,1.0,1.0,1.0,1.0,1.0,,,,,,,6,3,4,3,2,5,6,5,4,2.0,60.0,55.0,60.0,65.0,70.0,60.0,75.0,65.0,40.0,45.0,2.0,2.0,2.0,2.0,2.0,2.0,2.0,2.0,2.0,2.0,2.0,2.0,2.0,2.0,2.0,2.0,2.0,2.0,2.0,1.0,2.0,1.0,2.0,2.0,2.0,1.0,2.0,1.0,2.0,2.0,1.0,1.0,2.0,2.0,1.0,2.0,2.0,2.0,2.0,2.0
913,5,5,5,5,5,5,5,5,2,2,70.0,,5.0,,,,,5.0,4.0,2.0,,6.0,,,1.0,1.0,,3.0,5.0,5.0,,,,,,,,15.0,1.0,,,3.0,,1.0,,5.0,,,,,,,,,,,,1.0,1.0,1.0,1.0,1.0,1.0,7,3,3,3,3,6,6,6,4,2.0,85.0,80.0,85.0,90.0,85.0,90.0,85.0,80.0,30.0,30.0,1.0,2.0,1.0,1.0,1.0,1.0,2.0,1.0,1.0,2.0,1.0,1.0,2.0,1.0,2.0,1.0,1.0,2.0,1.0,1.0,1.0,1.0,1.0,1.0,2.0,1.0,2.0,1.0,2.0,2.0,1.0,1.0,1.0,1.0,1.0,1.0,1.0,1.0,1.0,1.0
429,5,5,5,5,5,5,5,5,1,2,70.0,,1.0,,,,,3.0,4.0,3.0,6.0,,,,2.0,,2.0,2.0,5.0,6.0,,,,,,,16.0,,,2.0,4.0,,,1.0,,5.0,,,,,,,,,,,,1.0,1.0,1.0,1.0,1.0,1.0,6,3,4,3,3,5,6,6,4,2.0,62.0,55.0,60.0,65.0,68.0,60.0,70.0,60.0,35.0,40.0,1.0,1.0,2.0,2.0,1.0,2.0,1.0,1.0,2.0,1.0,2.0,1.0,2.0,1.0,1.0,1.0,2.0,1.0,1.0,2.0,1.0,2.0,1.0,1.0,1.0,1.0,2.0,2.0,1.0,2.0,1.0,1.0,1.0,1.0,2.0,2.0,2.0,2.0,1.0,2.0
346,5,5,5,3,4,5,5,4,2,2,,30.0,5.0,,4.0,3.0,2.0,,,,6.0,,1.0,54.0,,1.0,,3.0,5.0,5.0,,,,,,,15.0,,,1.0,4.0,,,,1.0,,5.0,,,,,,,,,,,1.0,1.0,1.0,1.0,1.0,1.0,7,2,3,3,3,6,6,6,4,2.0,75.0,75.0,75.0,50.0,60.0,75.0,75.0,60.0,40.0,40.0,2.0,1.0,2.0,2.0,1.0,1.0,2.0,2.0,1.0,1.0,2.0,1.0,1.0,2.0,2.0,1.0,1.0,1.0,2.0,1.0,2.0,1.0,2.0,2.0,1.0,1.0,1.0,1.0,2.0,1.0,1.0,1.0,1.0,2.0,1.0,1.0,2.0,1.0,1.0,2.0
235,4,4,4,4,4,4,4,4,2,2,70.0,,,2.0,,,,3.0,4.0,2.0,,6.0,,,2.0,1.0,,,,,,,,4.0,4.0,5.0,16.0,,,2.0,,5.0,,,1.0,,4.0,,,,,,,,,,,1.0,1.0,1.0,1.0,1.0,1.0,6,3,4,4,2,5,6,6,3,2.0,60.0,55.0,58.0,65.0,68.0,62.0,70.0,60.0,40.0,45.0,2.0,2.0,2.0,2.0,1.0,1.0,1.0,1.0,1.0,2.0,2.0,1.0,1.0,2.0,2.0,1.0,2.0,1.0,2.0,2.0,1.0,1.0,2.0,2.0,1.0,1.0,2.0,2.0,1.0,1.0,1.0,2.0,2.0,1.0,1.0,2.0,2.0,1.0,1.0,2.0
3,3,3,3,3,4,3,4,3,2,2,70.0,,,1.0,3.0,4.0,5.0,,,,,5.0,1.0,30.0,,1.0,,,,,3.0,4.0,5.0,,,,15.0,,1.0,,,6.0,,,1.0,,4.0,,,,,,,,,,,1.0,1.0,1.0,1.0,1.0,1.0,6,3,4,4,3,5,6,6,3,2.0,50.0,45.0,45.0,55.0,60.0,50.0,65.0,55.0,40.0,40.0,1.0,2.0,1.0,1.0,2.0,1.0,1.0,1.0,2.0,1.0,1.0,1.0,2.0,1.0,2.0,1.0,1.0,2.0,1.0,1.0,2.0,2.0,2.0,2.0,2.0,2.0,2.0,2.0,1.0,1.0,2.0,2.0,1.0,2.0,1.0,2.0,2.0,1.0,2.0,1.0
37,5,5,5,5,5,5,5,5,1,2,,30.0,4.0,,,,,3.0,5.0,2.0,,5.0,1.0,54.0,,1.0,,2.0,4.0,5.0,,,,,,,20.0,,,2.0,,9.0,,1.0,,,5.0,1.0,1.0,1.0,1.0,1.0,1.0,1.0,1.0,1.0,1.0,,,,,,,6,3,4,3,3,5,6,5,3,2.0,55.0,50.0,52.0,60.0,65.0,58.0,70.0,60.0,40.0,35.0,2.0,2.0,2.0,2.0,2.0,2.0,2.0,2.0,2.0,2.0,2.0,1.0,2.0,2.0,2.0,2.0,2.0,2.0,2.0,2.0,2.0,2.0,2.0,2.0,2.0,2.0,2.0,1.0,2.0,2.0,2.0,2.0,2.0,2.0,2.0,2.0,2.0,1.0,2.0,2.0
333,5,5,5,2,4,5,5,5,2,2,70.0,,5.0,,,,,5.0,4.0,2.0,6.0,,,,1.0,,2.0,4.0,5.0,5.0,,,,,,,15.0,,,1.0,,,3.0,1.0,,,5.0,,,,,,,,,,,1.0,1.0,1.0,1.0,1.0,1.0,7,3,2,3,3,5,6,6,4,2.0,75.0,70.0,75.0,40.0,60.0,75.0,75.0,75.0,40.0,40.0,1.0,2.0,2.0,2.0,1.0,1.0,1.0,2.0,1.0,2.0,2.0,1.0,1.0,2.0,2.0,1.0,1.0,1.0,1.0,1.0,1.0,1.0,1.0,2.0,1.0,1.0,1.0,1.0,1.0,1.0,1.0,2.0,2.0,1.0,2.0,1.0,1.0,2.0,1.0,1.0
240,4,4,4,3,4,4,4,3,2,2,,30.0,5.0,,,,,5.0,4.0,2.0,,6.0,,,1.0,1.0,,,,,,,,2.0,4.0,5.0,,15.0,1.0,,,4.0,,1.0,,,5.0,1.0,1.0,1.0,1.0,1.0,1.0,1.0,1.0,1.0,1.0,,,,,,,6,3,3,3,3,5,6,6,3,2.0,65.0,60.0,60.0,50.0,60.0,60.0,60.0,50.0,40.0,40.0,1.0,2.0,1.0,2.0,1.0,1.0,1.0,2.0,2.0,1.0,1.0,1.0,2.0,1.0,1.0,2.0,1.0,1.0,1.0,1.0,1.0,1.0,1.0,1.0,2.0,1.0,1.0,2.0,1.0,1.0,1.0,1.0,1.0,1.0,2.0,1.0,1.0,1.0,2.0,1.0
42,4,4,4,4,4,4,5,4,2,2,,30.0,,2.0,,,,3.0,4.0,2.0,6.0,,1.0,54.0,,1.0,,2.0,4.0,5.0,,,,,,,18.0,,1.0,,4.0,,,,1.0,4.0,,,,,,,,,,,,1.0,1.0,1.0,1.0,1.0,1.0,6,3,4,4,3,5,6,6,3,2.0,55.0,50.0,52.0,60.0,65.0,58.0,70.0,60.0,40.0,38.0,1.0,1.0,1.0,1.0,2.0,1.0,1.0,2.0,1.0,2.0,2.0,1.0,2.0,2.0,2.0,1.0,2.0,2.0,2.0,1.0,1.0,1.0,2.0,1.0,1.0,2.0,2.0,2.0,2.0,2.0,2.0,2.0,2.0,2.0,2.0,2.0,2.0,1.0,1.0,2.0
114,5,5,5,5,5,5,5,5,2,2,,30.0,5.0,,5.0,4.0,2.0,,,,,6.0,1.0,54.0,,1.0,,2.0,5.0,5.0,,,,,,,,15.0,,1.0,,4.0,,,1.0,5.0,,,,,,,,,,,,1.0,1.0,1.0,1.0,1.0,1.0,7,3,3,3,3,5,6,6,4,2.0,80.0,75.0,80.0,75.0,75.0,80.0,80.0,70.0,40.0,40.0,1.0,2.0,2.0,1.0,1.0,1.0,2.0,1.0,1.0,2.0,2.0,1.0,1.0,2.0,1.0,1.0,1.0,1.0,1.0,2.0,1.0,1.0,2.0,2.0,1.0,1.0,1.0,2.0,1.0,1.0,1.0,2.0,1.0,2.0,2.0,1.0,1.0,2.0,2.0,1.0
708,4,4,4,1,2,4,4,1,1,1,70.0,,1.0,,,,,3.0,4.0,2.0,,6.0,1.0,54.0,,,2.0,3.0,4.0,5.0,,,,,,,10.0,,,1.0,,,2.0,,1.0,5.0,,1.0,1.0,1.0,1.0,1.0,1.0,1.0,1.0,1.0,1.0,,,,,,,6,3,2,2,3,5,6,6,4,2.0,60.0,60.0,60.0,20.0,30.0,60.0,60.0,20.0,20.0,20.0,1.0,2.0,2.0,1.0,1.0,1.0,1.0,2.0,1.0,1.0,2.0,1.0,2.0,1.0,2.0,1.0,1.0,2.0,2.0,2.0,1.0,1.0,1.0,1.0,2.0,1.0,1.0,2.0,2.0,1.0,1.0,1.0,2.0,1.0,1.0,2.0,1.0,1.0,1.0,1.0
281,4,4,4,3,4,4,4,3,2,2,,30.0,5.0,,,,,5.0,4.0,2.0,6.0,,1.0,54.0,,,2.0,,,,,,,2.0,4.0,5.0,15.0,,,1.0,3.0,,,1.0,,,5.0,,,,,,,,,,,1.0,1.0,1.0,1.0,1.0,1.0,6,3,2,3,3,5,6,5,3,2.0,65.0,60.0,60.0,50.0,60.0,60.0,60.0,50.0,35.0,35.0,2.0,1.0,1.0,1.0,2.0,2.0,1.0,1.0,1.0,2.0,1.0,1.0,1.0,2.0,2.0,2.0,1.0,1.0,1.0,2.0,2.0,1.0,1.0,1.0,1.0,2.0,1.0,2.0,2.0,2.0,1.0,2.0,1.0,2.0,2.0,2.0,1.0,1.0,2.0,1.0
815,4,4,4,4,4,4,5,4,2,2,70.0,,,2.0,3.0,4.0,5.0,,,,,6.0,,,2.0,,2.0,,,,,,,3.0,4.0,5.0,18.0,,,2.0,,6.0,,,1.0,4.0,,1.0,1.0,1.0,1.0,1.0,1.0,1.0,1.0,1.0,1.0,,,,,,,6,3,4,4,3,5,6,6,3,2.0,55.0,50.0,52.0,60.0,65.0,58.0,70.0,60.0,40.0,38.0,2.0,2.0,2.0,1.0,1.0,1.0,2.0,2.0,2.0,1.0,1.0,2.0,2.0,1.0,2.0,1.0,1.0,2.0,2.0,1.0,2.0,1.0,2.0,1.0,1.0,2.0,1.0,2.0,1.0,1.0,2.0,2.0,1.0,2.0,2.0,1.0,2.0,2.0,1.0,1.0
966,2,2,2,2,2,2,4,2,4,4,,30.0,,2.0,2.0,3.0,6.0,,,,,5.0,,,2.0,1.0,,,,,,,,3.0,4.0,5.0,18.0,,1.0,,3.0,,,1.0,,,4.0,1.0,1.0,1.0,1.0,1.0,1.0,1.0,1.0,1.0,1.0,,,,,,,6,3,4,3,3,5,6,5,3,2.0,40.0,35.0,38.0,45.0,50.0,40.0,60.0,35.0,55.0,50.0,2.0,2.0,1.0,2.0,2.0,2.0,1.0,1.0,1.0,1.0,2.0,1.0,1.0,1.0,1.0,1.0,2.0,1.0,2.0,1.0,2.0,1.0,2.0,2.0,1.0,1.0,1.0,1.0,1.0,2.0,1.0,2.0,2.0,1.0,1.0,1.0,1.0,2.0,1.0,1.0
83,2,3,2,2,3,2,4,2,4,2,,30.0,,2.0,3.0,4.0,6.0,,,,6.0,,,,2.0,,2.0,,,,,,,2.0,4.0,5.0,18.0,,1.0,,,6.0,,1.0,,4.0,,,,,,,,,,,,1.0,1.0,1.0,1.0,1.0,1.0,6,3,4,3,2,5,6,5,3,2.0,45.0,40.0,42.0,55.0,60.0,50.0,65.0,48.0,52.0,44.0,1.0,2.0,2.0,1.0,1.0,1.0,1.0,1.0,2.0,1.0,1.0,1.0,1.0,2.0,1.0,2.0,2.0,1.0,1.0,1.0,1.0,2.0,2.0,1.0,1.0,1.0,1.0,1.0,1.0,1.0,2.0,2.0,1.0,1.0,1.0,2.0,2.0,1.0,2.0,2.0
1000,2,3,3,2,3,3,3,2,2,2,,30.0,,2.0,,,,5.0,4.0,2.0,,6.0,1.0,54.0,,1.0,,,,,3.0,4.0,5.0,,,,,15.0,,1.0,4.0,,,,1.0,,5.0,,,,,,,,,,,1.0,1.0,1.0,1.0,1.0,1.0,6,3,2,2,3,5,6,6,4,2.0,40.0,50.0,50.0,40.0,50.0,50.0,50.0,40.0,40.0,40.0,2.0,1.0,2.0,2.0,1.0,2.0,2.0,1.0,2.0,1.0,1.0,2.0,1.0,1.0,1.0,2.0,2.0,1.0,1.0,2.0,2.0,1.0,2.0,2.0,2.0,1.0,1.0,2.0,1.0,2.0,1.0,1.0,2.0,1.0,1.0,1.0,1.0,2.0,1.0,1.0
573,5,5,5,5,5,5,5,5,2,2,70.0,,5.0,,5.0,4.0,3.0,,,,,6.0,1.0,54.0,,,2.0,3.0,5.0,5.0,,,,,,,,15.0,,1.0,,,2.0,1.0,,,5.0,1.0,1.0,1.0,1.0,1.0,1.0,1.0,1.0,1.0,1.0,,,,,,,6,3,3,3,3,5,6,6,4,2.0,75.0,75.0,75.0,75.0,75.0,75.0,75.0,75.0,25.0,25.0,1.0,2.0,2.0,1.0,2.0,1.0,1.0,1.0,2.0,1.0,2.0,1.0,1.0,1.0,2.0,2.0,1.0,1.0,2.0,2.0,1.0,1.0,1.0,2.0,1.0,1.0,1.0,2.0,1.0,2.0,1.0,1.0,1.0,1.0,1.0,1.0,1.0,1.0,1.0,2.0
400,5,5,5,5,5,5,5,5,1,2,,30.0,,2.0,,,,3.0,4.0,3.0,6.0,,1.0,54.0,,,2.0,,,,3.0,5.0,6.0,,,,,0.0,,2.0,3.0,,,,1.0,5.0,,1.0,1.0,1.0,1.0,1.0,1.0,1.0,1.0,1.0,1.0,,,,,,,6,3,4,3,3,5,6,6,3,2.0,60.0,55.0,60.0,65.0,65.0,60.0,70.0,60.0,40.0,35.0,1.0,2.0,2.0,2.0,2.0,2.0,1.0,1.0,2.0,1.0,2.0,1.0,1.0,1.0,2.0,1.0,2.0,1.0,2.0,2.0,2.0,1.0,2.0,2.0,2.0,1.0,2.0,1.0,2.0,1.0,2.0,2.0,2.0,1.0,1.0,1.0,1.0,1.0,2.0,2.0
189,4,4,4,4,4,4,4,4,2,2,70.0,,,2.0,3.0,4.0,5.0,,,,6.0,,1.0,40.0,,1.0,,2.0,4.0,5.0,,,,,,,,18.0,,2.0,4.0,,,1.0,,,4.0,1.0,1.0,1.0,1.0,1.0,1.0,1.0,1.0,1.0,1.0,,,,,,,6,3,4,4,3,5,5,5,3,2.0,55.0,50.0,52.0,60.0,62.0,58.0,65.0,54.0,40.0,42.0,2.0,1.0,2.0,2.0,1.0,1.0,2.0,1.0,1.0,2.0,2.0,1.0,2.0,2.0,1.0,1.0,2.0,1.0,1.0,2.0,2.0,1.0,2.0,2.0,1.0,2.0,1.0,1.0,1.0,1.0,1.0,2.0,2.0,1.0,1.0,1.0,1.0,1.0,1.0,1.0
795,5,5,5,5,5,5,5,5,1,2,70.0,,,1.0,,,,3.0,4.0,2.0,6.0,,,,2.0,1.0,,2.0,4.0,5.0,,,,,,,18.0,,,2.0,,,2.0,,1.0,,5.0,,,,,,,,,,,1.0,1.0,1.0,1.0,1.0,1.0,6,3,4,3,3,5,6,5,3,2.0,60.0,55.0,58.0,65.0,68.0,62.0,70.0,60.0,35.0,40.0,2.0,2.0,1.0,1.0,1.0,1.0,2.0,1.0,1.0,1.0,2.0,2.0,2.0,1.0,1.0,2.0,1.0,2.0,2.0,1.0,1.0,2.0,1.0,1.0,2.0,2.0,1.0,1.0,2.0,2.0,1.0,2.0,2.0,2.0,1.0,1.0,2.0,2.0,2.0,1.0
888,5,5,5,5,5,5,5,5,1,2,70.0,,1.0,,3.0,4.0,6.0,,,,,6.0,,,2.0,1.0,,,,,3.0,5.0,6.0,,,,15.0,,,2.0,4.0,,,1.0,,5.0,,1.0,1.0,1.0,1.0,1.0,1.0,1.0,1.0,1.0,1.0,,,,,,,6,3,4,3,3,5,6,5,3,2.0,60.0,55.0,58.0,65.0,70.0,62.0,75.0,68.0,40.0,45.0,1.0,2.0,1.0,2.0,2.0,1.0,1.0,1.0,2.0,1.0,1.0,2.0,2.0,2.0,2.0,1.0,1.0,2.0,1.0,1.0,2.0,1.0,2.0,2.0,1.0,1.0,1.0,2.0,2.0,1.0,2.0,2.0,2.0,2.0,1.0,2.0,1.0,1.0,2.0,2.0
754,5,5,5,5,5,5,5,5,1,2,,30.0,5.0,,,,,3.0,5.0,2.0,6.0,,,,2.0,,2.0,,,,4.0,5.0,6.0,,,,18.0,,,1.0,5.0,,,,1.0,5.0,,1.0,1.0,1.0,1.0,1.0,1.0,1.0,1.0,1.0,1.0,,,,,,,6,3,4,3,2,5,6,5,4,2.0,60.0,55.0,58.0,65.0,68.0,62.0,70.0,60.0,35.0,40.0,2.0,1.0,1.0,2.0,1.0,1.0,1.0,1.0,2.0,2.0,1.0,2.0,1.0,1.0,2.0,1.0,2.0,2.0,1.0,2.0,1.0,1.0,1.0,2.0,1.0,2.0,1.0,2.0,1.0,1.0,2.0,1.0,1.0,1.0,2.0,1.0,1.0,1.0,1.0,2.0
627,1,2,2,1,2,1,2,1,5,5,,30.0,,2.0,5.0,4.0,2.0,,,,,6.0,,,1.0,,2.0,2.0,4.0,5.0,,,,,,,,15.0,,1.0,,,3.0,,1.0,,5.0,,,,,,,,,,,1.0,1.0,1.0,1.0,1.0,1.0,7,2,2,2,2,5,6,6,3,2.0,20.0,30.0,30.0,15.0,25.0,15.0,25.0,15.0,75.0,75.0,2.0,2.0,1.0,1.0,2.0,2.0,2.0,2.0,1.0,2.0,2.0,1.0,2.0,1.0,2.0,1.0,1.0,1.0,2.0,1.0,1.0,2.0,1.0,1.0,2.0,1.0,1.0,1.0,2.0,1.0,1.0,1.0,2.0,1.0,2.0,2.0,1.0,2.0,2.0,2.0
148,2,2,2,2,2,2,4,2,4,4,70.0,,3.0,,,,,3.0,5.0,2.0,,5.0,1.0,54.0,,,2.0,2.0,4.0,5.0,,,,,,,16.0,,1.0,,,6.0,,1.0,,4.0,,,,,,,,,,,,1.0,1.0,1.0,1.0,1.0,1.0,6,3,4,4,2,5,6,6,3,2.0,45.0,40.0,42.0,50.0,55.0,48.0,60.0,40.0,55.0,52.0,2.0,1.0,2.0,1.0,2.0,1.0,2.0,1.0,1.0,2.0,2.0,1.0,1.0,1.0,2.0,1.0,1.0,1.0,1.0,1.0,1.0,1.0,1.0,2.0,1.0,1.0,2.0,1.0,2.0,1.0,2.0,1.0,2.0,2.0,2.0,2.0,1.0,1.0,1.0,2.0
849,5,5,5,5,5,5,5,5,2,2,30.0,,5.0,,5.0,4.0,2.0,,,,6.0,,1.0,54.0,,1.0,,,,,2.0,5.0,5.0,,,,15.0,,,1.0,,,3.0,,1.0,,5.0,1.0,1.0,1.0,1.0,1.0,1.0,1.0,1.0,1.0,1.0,,,,,,,6,3,2,3,3,5,6,6,4,2.0,75.0,75.0,75.0,75.0,75.0,75.0,75.0,75.0,30.0,30.0,2.0,1.0,2.0,1.0,2.0,2.0,2.0,2.0,1.0,1.0,2.0,2.0,1.0,2.0,2.0,1.0,2.0,1.0,2.0,1.0,1.0,1.0,2.0,1.0,2.0,1.0,2.0,1.0,1.0,2.0,1.0,1.0,2.0,2.0,1.0,2.0,1.0,1.0,2.0,1.0
721,5,5,5,5,5,5,5,5,1,2,,30.0,,1.0,,,,3.0,5.0,2.0,,6.0,,,2.0,,2.0,,,,,,,4.0,5.0,6.0,,20.0,1.0,,3.0,,,1.0,,5.0,,,,,,,,,,,,1.0,1.0,1.0,1.0,1.0,1.0,6,3,4,3,3,5,6,6,4,2.0,60.0,55.0,60.0,65.0,70.0,65.0,75.0,60.0,35.0,40.0,2.0,2.0,2.0,2.0,2.0,2.0,2.0,2.0,2.0,1.0,2.0,2.0,2.0,2.0,1.0,2.0,2.0,1.0,1.0,1.0,2.0,2.0,2.0,2.0,1.0,1.0,2.0,2.0,2.0,1.0,2.0,2.0,2.0,2.0,2.0,2.0,1.0,1.0,2.0,2.0
652,5,5,5,5,5,5,5,5,2,3,70.0,,5.0,,5.0,4.0,2.0,,,,6.0,,1.0,54.0,,,2.0,,,,2.0,5.0,5.0,,,,,15.0,1.0,,,4.0,,,1.0,,5.0,1.0,1.0,1.0,1.0,1.0,1.0,1.0,1.0,1.0,1.0,,,,,,,7,3,3,3,3,5,6,6,4,2.0,80.0,80.0,85.0,85.0,85.0,85.0,85.0,80.0,30.0,50.0,2.0,1.0,2.0,1.0,1.0,1.0,2.0,1.0,1.0,1.0,1.0,1.0,1.0,1.0,2.0,1.0,2.0,1.0,1.0,1.0,1.0,1.0,1.0,1.0,1.0,1.0,1.0,1.0,1.0,1.0,1.0,2.0,1.0,1.0,1.0,1.0,1.0,1.0,1.0,1.0
269,4,4,4,4,4,4,4,4,2,2,70.0,,4.0,,3.0,4.0,6.0,,,,6.0,,1.0,40.0,,1.0,,2.0,4.0,4.0,,,,,,,,15.0,1.0,,,5.0,,1.0,,4.0,,,,,,,,,,,,1.0,1.0,1.0,1.0,1.0,1.0,6,3,4,3,2,5,6,6,3,2.0,60.0,55.0,60.0,65.0,65.0,60.0,70.0,60.0,40.0,40.0,2.0,2.0,2.0,2.0,1.0,1.0,1.0,2.0,1.0,2.0,2.0,1.0,1.0,2.0,1.0,2.0,1.0,1.0,1.0,2.0,1.0,2.0,2.0,2.0,2.0,2.0,1.0,1.0,1.0,1.0,1.0,1.0,2.0,2.0,1.0,1.0,1.0,1.0,2.0,1.0
693,5,5,5,5,5,5,5,5,1,2,70.0,,,2.0,3.0,4.0,5.0,,,,,6.0,1.0,40.0,,1.0,,2.0,4.0,5.0,,,,,,,,18.0,1.0,,4.0,,,,1.0,5.0,,,,,,,,,,,,1.0,1.0,1.0,1.0,1.0,1.0,6,3,4,4,3,5,6,6,3,2.0,60.0,55.0,55.0,65.0,70.0,60.0,70.0,60.0,40.0,45.0,2.0,1.0,1.0,1.0,2.0,2.0,2.0,1.0,2.0,1.0,2.0,1.0,2.0,1.0,2.0,1.0,1.0,1.0,1.0,1.0,1.0,1.0,1.0,2.0,1.0,1.0,1.0,1.0,2.0,2.0,1.0,1.0,2.0,1.0,2.0,2.0,2.0,1.0,1.0,2.0
506,1,2,2,1,2,2,2,1,4,4,70.0,,,1.0,,,,3.0,5.0,2.0,,5.0,,,2.0,,2.0,,,,1.0,2.0,2.0,,,,,0.0,,2.0,,,1.0,1.0,,,2.0,,,,,,,,,,,1.0,1.0,1.0,1.0,1.0,1.0,6,3,4,3,3,5,6,5,2,2.0,35.0,40.0,38.0,30.0,35.0,40.0,45.0,30.0,50.0,50.0,2.0,2.0,2.0,2.0,2.0,2.0,2.0,2.0,2.0,2.0,2.0,2.0,2.0,2.0,2.0,2.0,2.0,2.0,2.0,2.0,2.0,2.0,2.0,2.0,2.0,2.0,2.0,2.0,2.0,2.0,2.0,2.0,2.0,2.0,2.0,2.0,2.0,2.0,2.0,2.0
475,4,4,4,4,4,4,5,4,2,2,,30.0,,2.0,,,,3.0,4.0,3.0,,6.0,,,2.0,,2.0,2.0,4.0,5.0,,,,,,,,18.0,1.0,,4.0,,,,1.0,,5.0,,,,,,,,,,,1.0,1.0,1.0,1.0,1.0,1.0,6,3,4,3,3,5,6,5,3,2.0,55.0,50.0,52.0,60.0,62.0,58.0,65.0,54.0,40.0,42.0,2.0,2.0,2.0,2.0,2.0,2.0,1.0,2.0,2.0,2.0,2.0,2.0,1.0,2.0,1.0,2.0,1.0,2.0,2.0,2.0,1.0,2.0,2.0,2.0,2.0,2.0,2.0,2.0,2.0,1.0,1.0,2.0,2.0,2.0,1.0,1.0,1.0,1.0,2.0,2.0
836,5,5,5,5,5,5,5,5,1,1,,30.0,,1.0,3.0,4.0,6.0,,,,6.0,,1.0,54.0,,,2.0,,,,,,,4.0,5.0,6.0,,15.0,1.0,,,,2.0,1.0,,,5.0,1.0,1.0,1.0,1.0,1.0,1.0,1.0,1.0,1.0,1.0,,,,,,,6,3,4,4,3,5,6,6,4,2.0,60.0,55.0,60.0,65.0,70.0,60.0,75.0,65.0,40.0,35.0,2.0,1.0,2.0,2.0,2.0,2.0,2.0,1.0,2.0,2.0,1.0,2.0,2.0,2.0,2.0,2.0,2.0,2.0,2.0,2.0,2.0,1.0,2.0,1.0,2.0,2.0,2.0,1.0,2.0,2.0,1.0,2.0,1.0,2.0,1.0,1.0,2.0,2.0,2.0,2.0
945,5,4,5,5,5,5,5,4,2,2,,30.0,,2.0,,,,5.0,4.0,2.0,,7.0,1.0,54.0,,1.0,,,,,2.0,5.0,5.0,,,,15.0,,1.0,,,4.0,,,1.0,,5.0,1.0,1.0,1.0,1.0,1.0,1.0,1.0,1.0,1.0,1.0,,,,,,,7,3,3,3,3,5,6,6,4,2.0,75.0,65.0,75.0,75.0,75.0,75.0,75.0,65.0,35.0,35.0,2.0,1.0,1.0,2.0,1.0,1.0,2.0,2.0,1.0,1.0,1.0,1.0,1.0,2.0,1.0,1.0,1.0,2.0,1.0,1.0,1.0,1.0,2.0,2.0,1.0,2.0,1.0,1.0,1.0,1.0,1.0,1.0,2.0,2.0,1.0,1.0,1.0,1.0,2.0,1.0
137,5,5,5,5,5,5,5,5,1,2,70.0,,4.0,,3.0,4.0,6.0,,,,,6.0,1.0,54.0,,,2.0,2.0,4.0,5.0,,,,,,,18.0,,1.0,,,,2.0,,1.0,5.0,,1.0,1.0,1.0,1.0,1.0,1.0,1.0,1.0,1.0,1.0,,,,,,,6,3,4,3,2,5,6,5,4,2.0,60.0,55.0,58.0,65.0,68.0,62.0,70.0,60.0,40.0,45.0,1.0,2.0,2.0,2.0,2.0,1.0,2.0,2.0,1.0,2.0,2.0,2.0,1.0,2.0,2.0,2.0,1.0,2.0,2.0,1.0,2.0,2.0,2.0,1.0,2.0,1.0,2.0,2.0,1.0,2.0,1.0,1.0,1.0,2.0,2.0,2.0,2.0,2.0,1.0,2.0
658,5,5,5,4,5,5,5,4,2,2,,30.0,,2.0,5.0,4.0,2.0,,,,,6.0,,,1.0,1.0,,3.0,5.0,5.0,,,,,,,15.0,,1.0,,,,3.0,1.0,,5.0,,1.0,1.0,1.0,1.0,1.0,1.0,1.0,1.0,1.0,1.0,,,,,,,7,3,2,2,3,5,6,6,4,2.0,75.0,70.0,75.0,60.0,70.0,75.0,70.0,60.0,40.0,40.0,1.0,2.0,2.0,1.0,1.0,2.0,1.0,1.0,1.0,1.0,2.0,2.0,1.0,2.0,1.0,1.0,1.0,2.0,1.0,1.0,1.0,2.0,1.0,2.0,1.0,1.0,1.0,2.0,1.0,1.0,1.0,2.0,1.0,1.0,1.0,1.0,1.0,1.0,2.0,1.0
984,5,5,5,5,5,5,5,5,1,1,70.0,,5.0,,,,,3.0,5.0,4.0,,6.0,,,2.0,1.0,,,,,4.0,5.0,6.0,,,,,18.0,,2.0,4.0,,,,1.0,,5.0,1.0,1.0,1.0,1.0,1.0,1.0,1.0,1.0,1.0,1.0,,,,,,,6,3,4,3,3,5,6,5,4,2.0,55.0,50.0,52.0,60.0,65.0,58.0,70.0,60.0,40.0,35.0,2.0,2.0,1.0,2.0,2.0,1.0,1.0,1.0,2.0,2.0,2.0,2.0,2.0,2.0,1.0,1.0,1.0,1.0,2.0,1.0,1.0,2.0,2.0,2.0,2.0,1.0,2.0,2.0,1.0,1.0,1.0,2.0,2.0,2.0,1.0,2.0,2.0,2.0,2.0,2.0
61,2,3,2,2,3,2,4,2,4,4,,30.0,,2.0,,,,3.0,4.0,3.0,6.0,,1.0,40.0,,1.0,,,,,,,,3.0,4.0,5.0,,15.0,,2.0,,,2.0,1.0,,,4.0,1.0,1.0,1.0,1.0,1.0,1.0,1.0,1.0,1.0,1.0,,,,,,,6,3,4,4,3,5,6,6,3,2.0,40.0,45.0,40.0,50.0,55.0,45.0,60.0,40.0,55.0,55.0,1.0,2.0,2.0,2.0,2.0,1.0,2.0,2.0,2.0,1.0,1.0,2.0,1.0,1.0,1.0,1.0,2.0,2.0,1.0,2.0,2.0,1.0,1.0,1.0,2.0,1.0,1.0,1.0,2.0,1.0,2.0,1.0,2.0,1.0,1.0,2.0,2.0,1.0,1.0,1.0
310,5,5,5,5,5,5,5,5,1,2,,30.0,1.0,,3.0,4.0,6.0,,,,6.0,,,,2.0,1.0,,,,,4.0,5.0,6.0,,,,,18.0,1.0,,,,3.0,1.0,,,5.0,1.0,1.0,1.0,1.0,1.0,1.0,1.0,1.0,1.0,1.0,,,,,,,6,3,4,3,3,5,6,5,3,2.0,60.0,55.0,50.0,65.0,70.0,60.0,75.0,60.0,40.0,35.0,2.0,2.0,1.0,2.0,1.0,1.0,2.0,1.0,2.0,2.0,2.0,1.0,1.0,2.0,1.0,1.0,2.0,2.0,2.0,2.0,2.0,1.0,2.0,1.0,1.0,1.0,1.0,2.0,2.0,1.0,2.0,2.0,1.0,1.0,1.0,2.0,1.0,1.0,1.0,2.0
699,5,5,5,5,5,5,5,5,1,1,,30.0,6.0,,,,,4.0,5.0,3.0,6.0,,,,2.0,,2.0,2.0,5.0,6.0,,,,,,,18.0,,1.0,,,,2.0,2.0,,,6.0,,,,,,,,,,,1.0,1.0,1.0,1.0,1.0,1.0,6,3,4,3,3,5,6,5,4,2.0,60.0,55.0,58.0,65.0,68.0,62.0,70.0,60.0,40.0,35.0,2.0,2.0,2.0,2.0,1.0,2.0,1.0,1.0,1.0,2.0,2.0,1.0,2.0,2.0,2.0,2.0,2.0,1.0,1.0,1.0,2.0,2.0,2.0,2.0,2.0,1.0,2.0,2.0,2.0,1.0,2.0,2.0,2.0,2.0,1.0,2.0,1.0,2.0,2.0,2.0
263,5,5,5,1,3,5,5,5,1,1,70.0,,1.0,,5.0,4.0,2.0,,,,,6.0,,,1.0,1.0,,,,,2.0,5.0,5.0,,,,15.0,,1.0,,,4.0,,,1.0,5.0,,1.0,1.0,1.0,1.0,1.0,1.0,1.0,1.0,1.0,1.0,,,,,,,7,3,3,3,3,6,6,6,4,2.0,85.0,85.0,85.0,30.0,50.0,85.0,85.0,85.0,30.0,30.0,1.0,2.0,1.0,2.0,1.0,1.0,2.0,2.0,1.0,2.0,2.0,1.0,1.0,2.0,1.0,1.0,1.0,1.0,2.0,1.0,1.0,2.0,2.0,1.0,1.0,1.0,2.0,2.0,1.0,1.0,1.0,1.0,2.0,1.0,1.0,1.0,2.0,1.0,1.0,1.0
882,5,5,5,5,5,5,5,5,1,2,70.0,,,2.0,3.0,4.0,5.0,,,,,6.0,1.0,54.0,,,2.0,4.0,4.0,5.0,,,,,,,,18.0,,2.0,,,3.0,,1.0,5.0,,1.0,1.0,1.0,1.0,1.0,1.0,1.0,1.0,1.0,1.0,,,,,,,6,3,4,3,3,5,6,6,3,2.0,55.0,50.0,52.0,60.0,62.0,58.0,65.0,54.0,40.0,45.0,2.0,2.0,1.0,2.0,1.0,1.0,1.0,1.0,1.0,2.0,2.0,1.0,1.0,2.0,2.0,2.0,1.0,1.0,1.0,1.0,1.0,2.0,1.0,1.0,1.0,2.0,1.0,1.0,2.0,2.0,2.0,1.0,1.0,1.0,1.0,1.0,1.0,2.0,1.0,2.0
14,5,4,5,5,5,5,5,4,1,2,70.0,,5.0,,,,,5.0,4.0,2.0,,6.0,,,1.0,1.0,,3.0,5.0,5.0,,,,,,,15.0,,,1.0,4.0,,,1.0,,,5.0,1.0,1.0,1.0,1.0,1.0,1.0,1.0,1.0,1.0,1.0,,,,,,,7,3,2,2,2,5,6,6,4,2.0,75.0,70.0,80.0,80.0,80.0,85.0,80.0,70.0,30.0,40.0,2.0,1.0,2.0,1.0,2.0,1.0,1.0,1.0,1.0,1.0,1.0,1.0,1.0,1.0,2.0,1.0,1.0,1.0,2.0,1.0,1.0,1.0,2.0,1.0,1.0,1.0,1.0,2.0,2.0,1.0,1.0,1.0,1.0,1.0,1.0,1.0,1.0,1.0,1.0,1.0
183,2,3,2,2,3,2,4,2,4,2,,30.0,,2.0,,,,3.0,4.0,2.0,,5.0,1.0,54.0,,,2.0,,,,2.0,4.0,4.0,,,,,15.0,,2.0,,6.0,,,1.0,,4.0,,,,,,,,,,,1.0,1.0,1.0,1.0,1.0,1.0,6,3,4,3,3,5,6,5,3,2.0,45.0,40.0,42.0,50.0,55.0,48.0,60.0,52.0,50.0,45.0,2.0,2.0,1.0,1.0,2.0,2.0,2.0,1.0,2.0,2.0,1.0,2.0,2.0,2.0,1.0,2.0,1.0,2.0,2.0,1.0,2.0,1.0,1.0,2.0,2.0,1.0,2.0,1.0,2.0,1.0,1.0,1.0,2.0,1.0,1.0,2.0,2.0,1.0,1.0,1.0
579,5,5,5,5,5,5,5,5,2,2,,30.0,5.0,,,,,5.0,4.0,2.0,,6.0,,,1.0,,2.0,2.0,5.0,5.0,,,,,,,,15.0,1.0,,,,3.0,,1.0,,5.0,,,,,,,,,,,1.0,1.0,1.0,1.0,1.0,1.0,6,2,3,3,3,5,6,6,4,2.0,75.0,75.0,80.0,80.0,80.0,85.0,85.0,70.0,40.0,40.0,1.0,1.0,2.0,2.0,1.0,1.0,1.0,2.0,2.0,2.0,1.0,2.0,1.0,2.0,1.0,1.0,2.0,1.0,1.0,1.0,2.0,2.0,1.0,1.0,1.0,1.0,2.0,1.0,1.0,1.0,2.0,1.0,1.0,1.0,2.0,2.0,1.0,2.0,1.0,1.0
365,4,4,4,3,3,3,5,2,4,2,,30.0,4.0,,3.0,4.0,5.0,,,,,6.0,,,2.0,1.0,,,,,,,,4.0,4.0,5.0,18.0,,,2.0,4.0,,,1.0,,4.0,,,,,,,,,,,,1.0,1.0,1.0,1.0,1.0,1.0,6,3,4,4,2,5,6,6,3,2.0,55.0,50.0,52.0,60.0,58.0,54.0,65.0,48.0,45.0,40.0,1.0,1.0,2.0,2.0,1.0,1.0,1.0,1.0,2.0,2.0,1.0,2.0,1.0,1.0,2.0,2.0,1.0,2.0,2.0,1.0,2.0,2.0,1.0,2.0,1.0,2.0,2.0,2.0,2.0,1.0,1.0,1.0,1.0,1.0,1.0,1.0,2.0,2.0,1.0,1.0
216,2,2,2,2,2,2,4,2,4,2,70.0,,,2.0,,,,3.0,5.0,4.0,5.0,,,,2.0,,2.0,,,,3.0,4.0,4.0,,,,18.0,,,2.0,3.0,,,1.0,,,4.0,1.0,1.0,1.0,1.0,1.0,1.0,1.0,1.0,1.0,1.0,,,,,,,6,3,4,3,3,5,6,5,3,2.0,45.0,40.0,38.0,35.0,40.0,38.0,60.0,35.0,55.0,35.0,2.0,2.0,1.0,2.0,2.0,1.0,2.0,2.0,2.0,1.0,1.0,1.0,1.0,2.0,2.0,1.0,1.0,1.0,1.0,2.0,1.0,2.0,2.0,2.0,1.0,2.0,1.0,1.0,1.0,2.0,1.0,2.0,2.0,2.0,1.0,2.0,1.0,2.0,1.0,1.0
843,5,5,5,5,5,5,5,5,1,2,70.0,,,1.0,3.0,4.0,6.0,,,,,6.0,1.0,40.0,,,2.0,2.0,5.0,6.0,,,,,,,,15.0,,2.0,4.0,,,,1.0,5.0,,1.0,1.0,1.0,1.0,1.0,1.0,1.0,1.0,1.0,1.0,,,,,,,6,3,4,4,3,5,6,6,4,2.0,60.0,55.0,60.0,65.0,65.0,60.0,70.0,60.0,40.0,45.0,1.0,2.0,2.0,1.0,2.0,1.0,2.0,1.0,1.0,2.0,2.0,1.0,2.0,2.0,2.0,1.0,1.0,1.0,2.0,2.0,1.0,2.0,1.0,1.0,1.0,2.0,1.0,1.0,2.0,1.0,1.0,2.0,2.0,2.0,2.0,1.0,2.0,1.0,2.0,1.0
930,4,4,4,4,4,4,5,4,2,2,,30.0,3.0,,,,,3.0,5.0,2.0,,6.0,1.0,54.0,,,2.0,,,,4.0,4.0,5.0,,,,,5.0,1.0,,,,3.0,,1.0,4.0,,,,,,,,,,,,1.0,1.0,1.0,1.0,1.0,1.0,6,3,5,4,3,5,6,5,3,2.0,55.0,50.0,52.0,60.0,65.0,58.0,70.0,60.0,40.0,38.0,1.0,1.0,1.0,2.0,2.0,2.0,1.0,1.0,1.0,2.0,2.0,1.0,1.0,1.0,2.0,1.0,1.0,1.0,1.0,1.0,2.0,1.0,1.0,2.0,2.0,1.0,1.0,1.0,1.0,2.0,2.0,1.0,2.0,2.0,2.0,2.0,1.0,2.0,1.0,2.0
142,3,3,3,3,4,3,4,3,4,3,70.0,,,2.0,,,,3.0,4.0,3.0,6.0,,,,2.0,1.0,,,,,3.0,4.0,4.0,,,,18.0,,1.0,,3.0,,,1.0,,4.0,,,,,,,,,,,,1.0,1.0,1.0,1.0,1.0,1.0,6,3,4,4,3,5,6,6,3,2.0,45.0,40.0,40.0,50.0,55.0,45.0,60.0,50.0,55.0,45.0,1.0,2.0,1.0,2.0,1.0,1.0,2.0,1.0,1.0,2.0,1.0,1.0,2.0,1.0,1.0,2.0,2.0,1.0,2.0,1.0,1.0,2.0,1.0,1.0,2.0,2.0,1.0,2.0,1.0,1.0,1.0,2.0,2.0,1.0,1.0,1.0,1.0,2.0,2.0,1.0
25,2,2,2,2,2,2,4,2,4,2,70.0,,3.0,,,,,2.0,4.0,2.0,5.0,,1.0,30.0,,,2.0,,,,2.0,4.0,4.0,,,,20.0,,,2.0,3.0,,,1.0,,3.0,,,,,,,,,,,,1.0,1.0,1.0,1.0,1.0,1.0,6,3,3,3,2,5,5,5,3,2.0,40.0,40.0,40.0,40.0,40.0,40.0,60.0,40.0,60.0,40.0,2.0,1.0,1.0,1.0,1.0,1.0,1.0,1.0,1.0,1.0,2.0,1.0,1.0,1.0,1.0,1.0,1.0,1.0,1.0,1.0,1.0,1.0,1.0,1.0,2.0,1.0,1.0,1.0,1.0,1.0,1.0,1.0,1.0,1.0,1.0,1.0,1.0,1.0,1.0,1.0
548,2,3,2,2,3,2,4,2,4,4,,30.0,,2.0,3.0,4.0,5.0,,,,,5.0,1.0,54.0,,1.0,,,,,,,,3.0,4.0,5.0,18.0,,,2.0,,6.0,,1.0,,4.0,,1.0,1.0,1.0,1.0,1.0,1.0,1.0,1.0,1.0,1.0,,,,,,,6,3,4,3,3,5,6,5,3,2.0,45.0,40.0,42.0,50.0,55.0,48.0,60.0,40.0,55.0,50.0,1.0,2.0,2.0,2.0,1.0,1.0,1.0,1.0,1.0,2.0,1.0,1.0,2.0,2.0,1.0,1.0,2.0,2.0,1.0,1.0,2.0,2.0,2.0,2.0,1.0,1.0,1.0,1.0,1.0,1.0,1.0,1.0,1.0,1.0,2.0,1.0,2.0,1.0,1.0,1.0
354,5,5,5,5,5,5,5,5,2,2,70.0,,5.0,,5.0,4.0,2.0,,,,,6.0,1.0,54.0,,,2.0,,,,2.0,5.0,5.0,,,,,15.0,1.0,,,,3.0,1.0,,5.0,,1.0,1.0,1.0,1.0,1.0,1.0,1.0,1.0,1.0,1.0,,,,,,,7,3,3,3,3,5,6,6,4,2.0,75.0,70.0,80.0,75.0,75.0,80.0,75.0,70.0,40.0,40.0,2.0,1.0,1.0,1.0,2.0,1.0,2.0,1.0,1.0,1.0,1.0,2.0,1.0,2.0,1.0,1.0,1.0,1.0,1.0,1.0,1.0,1.0,1.0,1.0,1.0,1.0,1.0,2.0,1.0,1.0,2.0,1.0,1.0,1.0,1.0,2.0,1.0,2.0,1.0,1.0
227,4,4,4,5,5,5,5,5,1,2,70.0,,,2.0,,,,3.0,4.0,2.0,6.0,,1.0,40.0,,1.0,,2.0,4.0,5.0,,,,,,,15.0,,,2.0,4.0,,,,1.0,,5.0,1.0,1.0,1.0,1.0,1.0,1.0,1.0,1.0,1.0,1.0,,,,,,,6,3,4,3,3,5,6,5,3,2.0,60.0,55.0,60.0,65.0,65.0,60.0,70.0,60.0,40.0,45.0,2.0,1.0,1.0,1.0,2.0,2.0,2.0,1.0,2.0,2.0,1.0,1.0,2.0,1.0,1.0,1.0,1.0,2.0,2.0,1.0,1.0,2.0,1.0,2.0,1.0,1.0,2.0,1.0,2.0,1.0,2.0,1.0,1.0,2.0,2.0,2.0,2.0,1.0,1.0,1.0
872,4,4,4,4,4,4,4,4,2,2,,30.0,3.0,,,,,3.0,4.0,2.0,6.0,,,,2.0,1.0,,,,,3.0,4.0,5.0,,,,,15.0,1.0,,,,3.0,,1.0,,4.0,1.0,1.0,1.0,1.0,1.0,1.0,1.0,1.0,1.0,1.0,,,,,,,6,3,4,4,3,5,6,6,3,2.0,55.0,50.0,52.0,60.0,62.0,58.0,65.0,54.0,40.0,38.0,2.0,1.0,1.0,2.0,1.0,1.0,1.0,1.0,1.0,1.0,1.0,1.0,2.0,1.0,2.0,1.0,2.0,1.0,2.0,1.0,2.0,1.0,1.0,1.0,2.0,1.0,1.0,2.0,1.0,2.0,1.0,2.0,2.0,2.0,1.0,2.0,1.0,1.0,2.0,1.0
901,5,5,5,3,4,5,5,4,2,2,,30.0,5.0,,,,,5.0,4.0,2.0,6.0,,,,1.0,,2.0,,,,2.0,5.0,5.0,,,,,15.0,1.0,,,4.0,,1.0,,,5.0,,,,,,,,,,,1.0,1.0,1.0,1.0,1.0,1.0,6,3,3,3,3,5,6,6,4,2.0,80.0,75.0,80.0,50.0,60.0,80.0,75.0,65.0,40.0,40.0,2.0,1.0,2.0,1.0,2.0,1.0,1.0,2.0,1.0,1.0,1.0,1.0,2.0,2.0,2.0,1.0,1.0,1.0,1.0,1.0,2.0,1.0,1.0,1.0,1.0,1.0,1.0,1.0,1.0,1.0,1.0,1.0,2.0,1.0,2.0,1.0,1.0,1.0,1.0,2.0
395,5,5,5,2,4,5,5,4,2,2,70.0,,5.0,,5.0,4.0,2.0,,,,6.0,,1.0,54.0,,1.0,,,,,,,,2.0,5.0,5.0,15.0,,1.0,,,3.0,,,1.0,,5.0,1.0,1.0,1.0,1.0,1.0,1.0,1.0,1.0,1.0,1.0,,,,,,,7,3,3,3,2,6,6,6,4,2.0,75.0,70.0,75.0,40.0,60.0,75.0,75.0,60.0,40.0,40.0,2.0,1.0,2.0,1.0,1.0,1.0,2.0,1.0,2.0,1.0,1.0,1.0,2.0,2.0,2.0,1.0,2.0,1.0,1.0,1.0,1.0,2.0,1.0,2.0,2.0,1.0,1.0,1.0,1.0,1.0,2.0,1.0,1.0,1.0,1.0,1.0,1.0,1.0,1.0,2.0
173,5,5,5,5,5,5,5,5,1,2,,30.0,,1.0,,,,3.0,5.0,2.0,,6.0,,,2.0,,2.0,,,,3.0,5.0,6.0,,,,20.0,,,2.0,4.0,,,1.0,,5.0,,,,,,,,,,,,1.0,1.0,1.0,1.0,1.0,1.0,6,3,4,3,3,5,6,5,4,2.0,60.0,55.0,58.0,65.0,70.0,60.0,75.0,55.0,40.0,45.0,2.0,2.0,1.0,2.0,1.0,2.0,1.0,1.0,1.0,1.0,1.0,2.0,2.0,1.0,2.0,1.0,2.0,1.0,2.0,2.0,2.0,2.0,1.0,2.0,2.0,2.0,2.0,2.0,1.0,1.0,2.0,1.0,2.0,1.0,2.0,1.0,2.0,2.0,2.0,1.0
589,5,5,5,5,5,5,5,5,1,2,70.0,,,2.0,,,,3.0,5.0,2.0,,6.0,1.0,54.0,,,2.0,,,,,,,4.0,5.0,6.0,12.0,,1.0,,,,3.0,,1.0,5.0,,1.0,1.0,1.0,1.0,1.0,1.0,1.0,1.0,1.0,1.0,,,,,,,6,3,4,4,3,5,6,6,4,2.0,60.0,55.0,58.0,65.0,68.0,62.0,70.0,60.0,40.0,45.0,1.0,2.0,2.0,2.0,1.0,1.0,2.0,2.0,2.0,1.0,1.0,2.0,1.0,1.0,1.0,2.0,2.0,1.0,1.0,1.0,2.0,1.0,1.0,1.0,1.0,1.0,2.0,2.0,2.0,2.0,1.0,1.0,2.0,1.0,2.0,2.0,1.0,2.0,2.0,2.0
807,2,2,2,2,2,2,4,2,4,2,,30.0,,2.0,,,,3.0,5.0,2.0,,5.0,1.0,35.0,,,2.0,,,,,,,2.0,4.0,4.0,,15.0,1.0,,,,2.0,,1.0,4.0,,1.0,1.0,1.0,1.0,1.0,1.0,1.0,1.0,1.0,1.0,,,,,,,6,3,4,4,3,5,6,6,3,2.0,40.0,35.0,38.0,45.0,50.0,40.0,60.0,35.0,55.0,30.0,2.0,2.0,2.0,2.0,2.0,2.0,2.0,1.0,2.0,1.0,2.0,2.0,2.0,1.0,2.0,2.0,2.0,1.0,1.0,2.0,2.0,1.0,2.0,2.0,1.0,2.0,1.0,1.0,2.0,1.0,2.0,1.0,2.0,1.0,1.0,2.0,1.0,2.0,1.0,2.0
91,5,5,5,5,5,5,5,5,1,2,70.0,,5.0,,3.0,4.0,6.0,,,,,6.0,,,2.0,1.0,,,,,,,,4.0,5.0,6.0,,18.0,,2.0,,6.0,,,1.0,5.0,,1.0,1.0,1.0,1.0,1.0,1.0,1.0,1.0,1.0,1.0,,,,,,,6,3,4,3,3,5,6,5,4,2.0,60.0,55.0,58.0,65.0,70.0,62.0,75.0,60.0,40.0,45.0,1.0,1.0,2.0,1.0,1.0,2.0,1.0,2.0,2.0,1.0,2.0,2.0,2.0,2.0,2.0,2.0,2.0,2.0,2.0,1.0,1.0,2.0,1.0,2.0,2.0,1.0,1.0,1.0,1.0,1.0,1.0,2.0,2.0,2.0,1.0,1.0,2.0,1.0,2.0,1.0
974,4,4,4,5,5,5,5,5,1,2,70.0,,,2.0,,,,3.0,4.0,2.0,,5.0,,,2.0,,2.0,,,,,,,3.0,4.0,5.0,,15.0,,2.0,,,2.0,1.0,,4.0,,,,,,,,,,,,1.0,1.0,1.0,1.0,1.0,1.0,6,3,4,3,2,5,6,5,3,2.0,60.0,55.0,58.0,65.0,70.0,68.0,72.0,60.0,40.0,45.0,1.0,2.0,1.0,2.0,2.0,1.0,2.0,2.0,2.0,1.0,2.0,2.0,2.0,2.0,2.0,2.0,2.0,1.0,2.0,1.0,1.0,1.0,2.0,2.0,1.0,2.0,2.0,1.0,2.0,1.0,1.0,2.0,1.0,2.0,2.0,2.0,2.0,1.0,2.0,2.0
106,5,5,5,5,5,5,5,5,1,2,70.0,,5.0,,5.0,4.0,2.0,,,,6.0,,,,1.0,1.0,,3.0,5.0,5.0,,,,,,,15.0,,,1.0,4.0,,,1.0,,5.0,,,,,,,,,,,,1.0,1.0,1.0,1.0,1.0,1.0,7,3,3,3,3,5,6,6,4,2.0,70.0,70.0,70.0,70.0,70.0,70.0,70.0,70.0,30.0,40.0,2.0,1.0,2.0,2.0,1.0,2.0,2.0,1.0,2.0,1.0,2.0,1.0,1.0,1.0,1.0,1.0,1.0,1.0,1.0,1.0,1.0,1.0,2.0,2.0,2.0,1.0,1.0,1.0,1.0,1.0,2.0,1.0,1.0,2.0,1.0,2.0,1.0,1.0,1.0,1.0
669,2,3,3,1,2,3,4,2,1,2,,30.0,,2.0,5.0,4.0,2.0,,,,,6.0,1.0,54.0,,,2.0,,,,2.0,5.0,5.0,,,,,15.0,,1.0,,4.0,,1.0,,5.0,,,,,,,,,,,,1.0,1.0,1.0,1.0,1.0,1.0,6,3,3,3,3,5,6,6,3,2.0,40.0,50.0,50.0,20.0,30.0,50.0,60.0,40.0,20.0,30.0,2.0,1.0,2.0,2.0,2.0,1.0,2.0,1.0,2.0,1.0,2.0,1.0,1.0,2.0,1.0,2.0,2.0,1.0,1.0,2.0,1.0,2.0,1.0,1.0,1.0,1.0,1.0,1.0,2.0,1.0,1.0,1.0,2.0,2.0,2.0,1.0,1.0,1.0,1.0,1.0
293,5,5,5,5,5,5,5,5,2,2,70.0,,5.0,,,,,5.0,4.0,2.0,,6.0,1.0,54.0,,,2.0,,,,2.0,5.0,5.0,,,,,15.0,,1.0,,4.0,,1.0,,5.0,,1.0,1.0,1.0,1.0,1.0,1.0,1.0,1.0,1.0,1.0,,,,,,,6,3,3,3,3,5,6,6,4,2.0,75.0,75.0,75.0,75.0,75.0,75.0,75.0,75.0,30.0,30.0,1.0,2.0,1.0,1.0,2.0,1.0,2.0,1.0,2.0,1.0,1.0,2.0,1.0,1.0,1.0,1.0,1.0,1.0,1.0,2.0,1.0,2.0,1.0,1.0,1.0,1.0,1.0,1.0,2.0,1.0,1.0,1.0,1.0,2.0,1.0,1.0,1.0,1.0,2.0,1.0
50,5,4,5,5,5,5,5,4,2,3,70.0,,5.0,,5.0,4.0,2.0,,,,,6.0,,,1.0,1.0,,,,,2.0,5.0,5.0,,,,,15.0,1.0,,4.0,,,1.0,,,5.0,1.0,1.0,1.0,1.0,1.0,1.0,1.0,1.0,1.0,1.0,,,,,,,7,3,2,2,3,5,6,6,4,2.0,75.0,65.0,80.0,80.0,80.0,80.0,80.0,65.0,35.0,50.0,2.0,1.0,2.0,1.0,2.0,1.0,1.0,2.0,2.0,2.0,1.0,1.0,1.0,2.0,2.0,1.0,2.0,1.0,2.0,1.0,1.0,1.0,1.0,1.0,1.0,2.0,2.0,2.0,2.0,1.0,1.0,2.0,1.0,2.0,1.0,1.0,1.0,2.0,2.0,1.0
321,3,3,3,2,3,2,4,2,4,2,70.0,,,2.0,3.0,4.0,5.0,,,,,5.0,,,2.0,,2.0,2.0,4.0,4.0,,,,,,,,5.0,,2.0,4.0,,,1.0,,4.0,,,,,,,,,,,,1.0,1.0,1.0,1.0,1.0,1.0,6,3,4,4,2,5,6,6,3,2.0,50.0,45.0,48.0,55.0,52.0,40.0,60.0,45.0,50.0,45.0,1.0,2.0,2.0,2.0,1.0,2.0,1.0,2.0,1.0,2.0,1.0,2.0,2.0,2.0,2.0,2.0,1.0,1.0,1.0,2.0,1.0,2.0,1.0,2.0,2.0,1.0,1.0,1.0,1.0,1.0,2.0,2.0,1.0,1.0,1.0,2.0,1.0,1.0,1.0,2.0
252,5,4,5,5,5,5,5,4,2,2,70.0,,5.0,,5.0,4.0,2.0,,,,,6.0,1.0,54.0,,1.0,,,,,,,,2.0,5.0,5.0,15.0,,1.0,,4.0,,,1.0,,,5.0,1.0,1.0,1.0,1.0,1.0,1.0,1.0,1.0,1.0,1.0,,,,,,,6,3,3,3,3,5,6,6,4,2.0,75.0,70.0,80.0,80.0,75.0,80.0,75.0,70.0,40.0,40.0,1.0,2.0,1.0,2.0,1.0,1.0,1.0,1.0,1.0,1.0,1.0,1.0,2.0,2.0,1.0,2.0,1.0,1.0,1.0,1.0,1.0,2.0,1.0,1.0,1.0,1.0,1.0,1.0,2.0,1.0,1.0,1.0,1.0,2.0,2.0,1.0,1.0,1.0,2.0,1.0
485,5,5,5,5,5,5,5,5,1,2,70.0,,,2.0,3.0,4.0,6.0,,,,6.0,,,,2.0,,2.0,2.0,4.0,5.0,,,,,,,18.0,,1.0,,,6.0,,1.0,,,5.0,1.0,1.0,1.0,1.0,1.0,1.0,1.0,1.0,1.0,1.0,,,,,,,6,3,4,3,3,5,6,6,3,2.0,60.0,55.0,60.0,65.0,70.0,65.0,75.0,60.0,40.0,45.0,1.0,1.0,1.0,2.0,2.0,2.0,1.0,2.0,2.0,1.0,1.0,1.0,1.0,1.0,2.0,1.0,1.0,1.0,2.0,2.0,2.0,2.0,1.0,1.0,1.0,2.0,1.0,1.0,1.0,1.0,2.0,2.0,1.0,2.0,2.0,2.0,2.0,2.0,2.0,1.0
710,5,5,5,4,4,5,5,4,2,2,,30.0,2.0,,5.0,4.0,2.0,,,,,6.0,,,1.0,,2.0,3.0,5.0,5.0,,,,,,,15.0,,1.0,,,4.0,,,1.0,5.0,,1.0,1.0,1.0,1.0,1.0,1.0,1.0,1.0,1.0,1.0,,,,,,,7,3,2,2,3,5,6,6,4,2.0,80.0,80.0,85.0,70.0,70.0,85.0,80.0,70.0,40.0,40.0,2.0,1.0,1.0,1.0,1.0,1.0,1.0,2.0,1.0,1.0,1.0,1.0,1.0,1.0,1.0,1.0,1.0,1.0,2.0,1.0,1.0,1.0,1.0,1.0,1.0,1.0,1.0,1.0,1.0,1.0,1.0,1.0,1.0,1.0,1.0,1.0,1.0,1.0,1.0,1.0
299,5,5,5,5,5,5,5,5,2,2,70.0,,5.0,,,,,5.0,4.0,2.0,,6.0,1.0,54.0,,,2.0,,,,,,,2.0,5.0,5.0,10.0,,1.0,,,,3.0,1.0,,5.0,,,,,,,,,,,,1.0,1.0,1.0,1.0,1.0,1.0,7,3,2,3,3,5,6,6,4,2.0,80.0,75.0,85.0,80.0,80.0,85.0,80.0,75.0,40.0,40.0,2.0,2.0,1.0,1.0,2.0,1.0,1.0,2.0,2.0,1.0,1.0,1.0,2.0,2.0,1.0,1.0,2.0,2.0,1.0,1.0,1.0,1.0,2.0,1.0,2.0,2.0,1.0,1.0,2.0,1.0,2.0,1.0,1.0,1.0,1.0,1.0,2.0,2.0,2.0,1.0
663,2,2,2,2,2,2,4,2,4,2,70.0,,2.0,,3.0,4.0,6.0,,,,,6.0,,,2.0,1.0,,,,,2.0,4.0,5.0,,,,18.0,,1.0,,4.0,,,,1.0,,4.0,,,,,,,,,,,1.0,1.0,1.0,1.0,1.0,1.0,6,3,4,3,3,5,6,5,3,2.0,40.0,35.0,35.0,40.0,45.0,35.0,60.0,40.0,55.0,40.0,1.0,2.0,1.0,1.0,1.0,1.0,1.0,1.0,1.0,1.0,1.0,1.0,1.0,2.0,2.0,1.0,1.0,1.0,2.0,1.0,1.0,1.0,2.0,2.0,1.0,2.0,1.0,1.0,1.0,1.0,1.0,2.0,1.0,1.0,1.0,1.0,1.0,2.0,1.0,1.0
258,2,3,3,1,2,2,3,1,4,4,70.0,,2.0,,5.0,4.0,2.0,,,,,6.0,,,1.0,1.0,,,,,2.0,5.0,5.0,,,,15.0,,1.0,,4.0,,,,1.0,,5.0,1.0,1.0,1.0,1.0,1.0,1.0,1.0,1.0,1.0,1.0,,,,,,,6,3,2,3,3,5,6,6,4,2.0,30.0,40.0,40.0,15.0,25.0,25.0,40.0,15.0,50.0,50.0,2.0,2.0,1.0,1.0,2.0,1.0,2.0,1.0,2.0,1.0,1.0,1.0,1.0,1.0,2.0,2.0,1.0,1.0,2.0,2.0,2.0,2.0,1.0,1.0,1.0,1.0,1.0,1.0,1.0,2.0,1.0,1.0,1.0,2.0,1.0,1.0,1.0,1.0,1.0,1.0
537,5,5,5,5,5,5,5,5,2,2,70.0,,6.0,,5.0,4.0,2.0,,,,6.0,,,,1.0,1.0,,2.0,5.0,5.0,,,,,,,,15.0,1.0,,,,3.0,,1.0,,6.0,1.0,1.0,1.0,1.0,1.0,1.0,1.0,1.0,1.0,1.0,,,,,,,7,3,2,2,3,5,6,6,4,2.0,80.0,85.0,90.0,90.0,90.0,90.0,90.0,85.0,30.0,30.0,2.0,1.0,2.0,2.0,1.0,2.0,1.0,1.0,1.0,2.0,1.0,2.0,1.0,2.0,1.0,2.0,1.0,1.0,1.0,2.0,2.0,1.0,1.0,2.0,1.0,1.0,2.0,1.0,2.0,2.0,1.0,1.0,1.0,1.0,1.0,2.0,1.0,2.0,1.0,2.0
444,1,3,3,1,3,3,3,1,1,1,,30.0,2.0,,5.0,4.0,2.0,,,,6.0,,1.0,54.0,,1.0,,,,,2.0,5.0,5.0,,,,,15.0,1.0,,,,3.0,1.0,,5.0,,,,,,,,,,,,1.0,1.0,1.0,1.0,1.0,1.0,7,2,3,3,3,5,6,6,3,2.0,25.0,40.0,40.0,20.0,40.0,40.0,40.0,20.0,20.0,20.0,2.0,2.0,1.0,1.0,2.0,1.0,2.0,1.0,1.0,1.0,2.0,1.0,1.0,1.0,2.0,1.0,1.0,1.0,1.0,2.0,1.0,2.0,1.0,1.0,1.0,1.0,1.0,1.0,1.0,1.0,1.0,1.0,1.0,2.0,1.0,1.0,2.0,1.0,1.0,2.0
542,3,4,4,2,3,4,4,2,2,2,,30.0,,2.0,4.0,3.0,2.0,,,,6.0,,1.0,54.0,,1.0,,,,,2.0,4.0,5.0,,,,,12.0,,1.0,,3.0,,1.0,,,5.0,,,,,,,,,,,1.0,1.0,1.0,1.0,1.0,1.0,6,3,2,3,3,5,6,6,3,2.0,50.0,60.0,60.0,40.0,50.0,60.0,60.0,40.0,40.0,40.0,1.0,2.0,1.0,2.0,1.0,2.0,2.0,1.0,1.0,2.0,1.0,2.0,1.0,1.0,2.0,1.0,2.0,1.0,1.0,2.0,1.0,1.0,1.0,2.0,1.0,2.0,1.0,1.0,1.0,2.0,1.0,2.0,2.0,1.0,2.0,2.0,1.0,1.0,2.0,1.0
431,3,3,3,2,3,2,4,2,4,2,70.0,,,2.0,,,,3.0,4.0,3.0,,6.0,,,2.0,1.0,,,,,3.0,4.0,5.0,,,,15.0,,,2.0,,6.0,,1.0,,4.0,,,,,,,,,,,,1.0,1.0,1.0,1.0,1.0,1.0,6,3,4,4,3,5,6,6,3,2.0,50.0,45.0,48.0,55.0,60.0,50.0,65.0,45.0,40.0,42.0,2.0,2.0,1.0,2.0,2.0,2.0,2.0,2.0,2.0,2.0,2.0,1.0,2.0,2.0,2.0,2.0,2.0,1.0,2.0,1.0,1.0,1.0,1.0,1.0,1.0,1.0,2.0,1.0,1.0,1.0,2.0,2.0,1.0,2.0,2.0,2.0,1.0,1.0,1.0,2.0
765,5,5,5,4,4,5,5,4,2,2,,30.0,5.0,,,,,5.0,4.0,2.0,,6.0,,,1.0,1.0,,3.0,5.0,5.0,,,,,,,15.0,,1.0,,4.0,,,,1.0,5.0,,,,,,,,,,,,1.0,1.0,1.0,1.0,1.0,1.0,6,3,3,3,3,5,6,6,4,2.0,75.0,75.0,75.0,65.0,65.0,75.0,75.0,65.0,35.0,35.0,1.0,2.0,2.0,1.0,2.0,1.0,1.0,2.0,1.0,1.0,2.0,1.0,2.0,1.0,2.0,1.0,2.0,1.0,1.0,1.0,1.0,1.0,1.0,2.0,1.0,2.0,1.0,1.0,2.0,1.0,2.0,1.0,1.0,1.0,1.0,1.0,2.0,1.0,1.0,1.0
616,5,5,5,5,5,5,5,5,1,2,70.0,,,2.0,,,,3.0,5.0,2.0,6.0,,,,2.0,1.0,,,,,,,,4.0,5.0,6.0,,15.0,1.0,,4.0,,,1.0,,,5.0,1.0,1.0,1.0,1.0,1.0,1.0,1.0,1.0,1.0,1.0,,,,,,,6,3,4,4,3,5,6,6,3,2.0,60.0,55.0,58.0,65.0,70.0,62.0,75.0,60.0,40.0,45.0,1.0,2.0,2.0,1.0,2.0,1.0,1.0,1.0,1.0,2.0,1.0,2.0,1.0,1.0,1.0,2.0,2.0,2.0,2.0,1.0,1.0,1.0,2.0,2.0,1.0,2.0,1.0,2.0,1.0,1.0,2.0,2.0,1.0,2.0,2.0,2.0,1.0,1.0,1.0,2.0
583,3,3,3,3,4,3,4,3,2,2,,30.0,,2.0,,,,3.0,4.0,3.0,,5.0,,,2.0,,2.0,,,,,,,3.0,4.0,4.0,,15.0,1.0,,,6.0,,,1.0,4.0,,,,,,,,,,,,1.0,1.0,1.0,1.0,1.0,1.0,6,3,4,3,3,5,6,5,3,2.0,50.0,45.0,48.0,55.0,60.0,52.0,65.0,50.0,40.0,38.0,1.0,2.0,2.0,1.0,2.0,2.0,2.0,1.0,2.0,1.0,2.0,2.0,2.0,1.0,1.0,1.0,1.0,1.0,1.0,2.0,2.0,1.0,1.0,1.0,2.0,2.0,1.0,1.0,2.0,2.0,1.0,2.0,2.0,2.0,2.0,2.0,1.0,1.0,2.0,2.0
179,5,5,5,5,5,5,5,5,2,2,70.0,,5.0,,,,,5.0,4.0,2.0,,6.0,1.0,54.0,,,2.0,,,,2.0,5.0,5.0,,,,,15.0,,1.0,,,3.0,,1.0,5.0,,,,,,,,,,,,1.0,1.0,1.0,1.0,1.0,1.0,7,3,3,3,3,5,6,6,4,2.0,75.0,70.0,80.0,75.0,70.0,75.0,80.0,70.0,40.0,45.0,2.0,1.0,1.0,2.0,2.0,1.0,1.0,2.0,1.0,2.0,2.0,1.0,1.0,1.0,2.0,1.0,1.0,1.0,1.0,1.0,1.0,1.0,1.0,1.0,1.0,2.0,1.0,1.0,1.0,1.0,1.0,1.0,1.0,1.0,1.0,1.0,1.0,1.0,1.0,1.0
878,2,3,2,2,3,2,4,2,4,2,70.0,,,2.0,,,,3.0,4.0,3.0,,5.0,1.0,54.0,,1.0,,,,,,,,2.0,4.0,5.0,,15.0,,2.0,,6.0,,1.0,,,4.0,,,,,,,,,,,1.0,1.0,1.0,1.0,1.0,1.0,6,3,4,4,2,5,6,6,3,2.0,45.0,40.0,42.0,55.0,60.0,50.0,65.0,48.0,52.0,44.0,1.0,2.0,2.0,2.0,1.0,1.0,1.0,2.0,1.0,1.0,2.0,1.0,1.0,1.0,1.0,2.0,2.0,1.0,1.0,2.0,1.0,1.0,1.0,1.0,1.0,2.0,2.0,1.0,1.0,2.0,1.0,1.0,1.0,1.0,2.0,1.0,1.0,2.0,2.0,2.0
574,2,4,4,2,3,4,4,2,2,2,40.0,,2.0,,5.0,4.0,2.0,,,,,6.0,1.0,54.0,,1.0,,,,,,,,2.0,4.0,5.0,,12.0,,1.0,,3.0,,1.0,,,5.0,1.0,1.0,1.0,1.0,1.0,1.0,1.0,1.0,1.0,1.0,,,,,,,6,3,3,3,3,5,6,6,4,2.0,40.0,60.0,60.0,40.0,50.0,60.0,60.0,40.0,40.0,40.0,2.0,1.0,2.0,1.0,2.0,1.0,2.0,1.0,1.0,1.0,1.0,2.0,1.0,1.0,1.0,2.0,1.0,1.0,1.0,2.0,1.0,1.0,1.0,1.0,1.0,1.0,1.0,1.0,2.0,1.0,1.0,1.0,1.0,1.0,1.0,1.0,1.0,1.0,1.0,1.0
407,4,4,4,5,5,5,5,4,2,2,70.0,,,2.0,,,,3.0,5.0,2.0,6.0,,,,2.0,,2.0,2.0,4.0,5.0,,,,,,,,18.0,,2.0,,6.0,,1.0,,5.0,,1.0,1.0,1.0,1.0,1.0,1.0,1.0,1.0,1.0,1.0,,,,,,,6,3,4,3,2,5,6,5,3,2.0,55.0,50.0,52.0,60.0,65.0,62.0,70.0,55.0,40.0,38.0,2.0,2.0,1.0,1.0,2.0,2.0,1.0,1.0,1.0,2.0,2.0,2.0,2.0,1.0,2.0,2.0,2.0,2.0,2.0,2.0,2.0,1.0,2.0,2.0,1.0,2.0,1.0,2.0,1.0,1.0,1.0,2.0,2.0,2.0,1.0,1.0,1.0,2.0,1.0,2.0
792,3,3,3,2,2,2,3,2,4,4,,30.0,3.0,,,,,3.0,4.0,2.0,5.0,,,,2.0,,2.0,3.0,3.0,4.0,,,,,,,,20.0,1.0,,,,2.0,1.0,,3.0,,1.0,1.0,1.0,1.0,1.0,1.0,1.0,1.0,1.0,1.0,,,,,,,6,3,4,4,2,5,6,6,3,2.0,40.0,40.0,40.0,35.0,35.0,35.0,40.0,35.0,45.0,45.0,1.0,1.0,2.0,2.0,2.0,2.0,1.0,2.0,2.0,1.0,2.0,2.0,1.0,2.0,1.0,2.0,1.0,1.0,2.0,1.0,2.0,1.0,2.0,2.0,1.0,1.0,1.0,2.0,2.0,2.0,2.0,1.0,2.0,2.0,1.0,2.0,2.0,2.0,1.0,1.0
368,5,5,5,5,5,5,5,5,1,2,70.0,,,2.0,,,,3.0,5.0,4.0,6.0,,,,2.0,,2.0,,,,4.0,5.0,6.0,,,,18.0,,1.0,,,6.0,,,1.0,,5.0,1.0,1.0,1.0,1.0,1.0,1.0,1.0,1.0,1.0,1.0,,,,,,,6,3,4,4,3,5,6,6,4,2.0,60.0,55.0,50.0,65.0,60.0,60.0,70.0,55.0,40.0,45.0,1.0,2.0,1.0,1.0,2.0,2.0,2.0,1.0,1.0,1.0,2.0,1.0,1.0,2.0,1.0,2.0,2.0,2.0,1.0,1.0,2.0,2.0,2.0,1.0,1.0,1.0,1.0,2.0,1.0,2.0,1.0,2.0,1.0,1.0,1.0,1.0,2.0,1.0,2.0,2.0
19,5,5,5,5,5,5,5,5,1,2,,30.0,,2.0,,,,3.0,5.0,2.0,,6.0,,,2.0,,2.0,,,,3.0,4.0,5.0,,,,18.0,,1.0,,,,2.0,,1.0,,5.0,1.0,1.0,1.0,1.0,1.0,1.0,1.0,1.0,1.0,1.0,,,,,,,6,3,4,4,2,5,6,6,3,2.0,60.0,55.0,58.0,65.0,70.0,62.0,75.0,60.0,40.0,45.0,2.0,2.0,2.0,2.0,1.0,2.0,1.0,1.0,1.0,2.0,1.0,1.0,2.0,2.0,1.0,2.0,1.0,2.0,1.0,2.0,1.0,2.0,2.0,1.0,2.0,2.0,1.0,1.0,1.0,2.0,1.0,2.0,2.0,2.0,2.0,1.0,1.0,2.0,1.0,2.0
753,4,4,4,2,3,5,4,3,2,2,70.0,,5.0,,5.0,4.0,2.0,,,,6.0,,,,1.0,1.0,,,,,2.0,4.0,5.0,,,,15.0,,1.0,,4.0,,,1.0,,5.0,,1.0,1.0,1.0,1.0,1.0,1.0,1.0,1.0,1.0,1.0,,,,,,,6,3,2,3,3,5,6,6,4,2.0,65.0,65.0,65.0,40.0,50.0,75.0,65.0,50.0,40.0,40.0,1.0,2.0,1.0,2.0,2.0,2.0,1.0,1.0,1.0,1.0,1.0,1.0,2.0,1.0,1.0,1.0,1.0,1.0,1.0,1.0,1.0,1.0,1.0,1.0,1.0,1.0,1.0,1.0,1.0,1.0,1.0,1.0,1.0,1.0,1.0,1.0,2.0,2.0,1.0,1.0
620,1,2,2,1,2,2,2,1,4,4,,30.0,,1.0,,,,2.0,4.0,3.0,,5.0,,,2.0,1.0,,,,,,,,1.0,2.0,3.0,20.0,,,2.0,,,1.0,,1.0,2.0,,1.0,1.0,1.0,1.0,1.0,1.0,1.0,1.0,1.0,1.0,,,,,,,6,2,3,2,3,5,6,6,2,2.0,35.0,40.0,38.0,30.0,35.0,35.0,40.0,30.0,50.0,45.0,2.0,1.0,1.0,1.0,1.0,2.0,2.0,2.0,1.0,2.0,1.0,2.0,2.0,1.0,2.0,2.0,1.0,1.0,1.0,2.0,2.0,1.0,2.0,1.0,2.0,1.0,2.0,1.0,1.0,2.0,2.0,1.0,1.0,2.0,1.0,1.0,2.0,1.0,2.0,2.0
726,2,3,2,2,3,2,4,2,4,2,,30.0,,2.0,,,,2.0,4.0,3.0,5.0,,,,2.0,1.0,,,,,2.0,4.0,4.0,,,,,18.0,1.0,,,,2.0,,1.0,4.0,,1.0,1.0,1.0,1.0,1.0,1.0,1.0,1.0,1.0,1.0,,,,,,,6,3,4,3,3,5,6,5,3,2.0,45.0,40.0,42.0,50.0,55.0,48.0,60.0,40.0,55.0,38.0,1.0,1.0,1.0,1.0,2.0,2.0,2.0,2.0,2.0,2.0,1.0,2.0,2.0,1.0,2.0,2.0,2.0,2.0,1.0,2.0,2.0,2.0,1.0,2.0,1.0,1.0,2.0,2.0,2.0,2.0,2.0,2.0,2.0,2.0,1.0,2.0,2.0,2.0,2.0,1.0
655,5,5,5,5,5,5,5,5,2,3,,30.0,,2.0,,,,,,,6.0,,1.0,54.0,,,2.0,3.0,5.0,5.0,,,,,,,15.0,,1.0,,,,3.0,,1.0,,5.0,,,,,,,,,,,1.0,1.0,1.0,1.0,1.0,1.0,7,3,3,3,3,5,6,6,4,2.0,85.0,80.0,85.0,80.0,75.0,85.0,80.0,75.0,40.0,50.0,1.0,1.0,2.0,1.0,2.0,1.0,1.0,1.0,2.0,1.0,1.0,1.0,1.0,1.0,1.0,1.0,1.0,1.0,1.0,1.0,1.0,1.0,1.0,2.0,1.0,1.0,1.0,2.0,1.0,2.0,2.0,2.0,2.0,2.0,1.0,1.0,1.0,1.0,2.0,1.0
948,2,2,2,2,2,2,4,2,4,2,,30.0,2.0,,2.0,3.0,5.0,,,,6.0,,1.0,54.0,,,2.0,2.0,4.0,4.0,,,,,,,,15.0,1.0,,4.0,,,1.0,,4.0,,1.0,1.0,1.0,1.0,1.0,1.0,1.0,1.0,1.0,1.0,,,,,,,6,3,4,4,3,5,6,5,3,2.0,40.0,35.0,38.0,45.0,50.0,40.0,60.0,35.0,55.0,38.0,1.0,1.0,2.0,2.0,1.0,2.0,1.0,2.0,1.0,1.0,1.0,1.0,1.0,1.0,1.0,2.0,1.0,1.0,1.0,2.0,1.0,1.0,2.0,1.0,1.0,1.0,1.0,1.0,1.0,2.0,1.0,2.0,1.0,1.0,2.0,1.0,1.0,1.0,1.0,1.0
694,5,5,5,5,5,5,5,5,1,2,,30.0,3.0,,3.0,4.0,6.0,,,,,6.0,1.0,54.0,,,2.0,,,,4.0,5.0,6.0,,,,16.0,,1.0,,3.0,,,1.0,,5.0,,1.0,1.0,1.0,1.0,1.0,1.0,1.0,1.0,1.0,1.0,,,,,,,6,3,5,4,3,5,6,5,3,2.0,60.0,55.0,60.0,65.0,70.0,60.0,75.0,60.0,40.0,35.0,2.0,1.0,2.0,2.0,2.0,2.0,1.0,1.0,1.0,2.0,2.0,2.0,1.0,1.0,2.0,2.0,1.0,2.0,2.0,2.0,1.0,1.0,2.0,2.0,1.0,1.0,2.0,1.0,2.0,1.0,2.0,1.0,2.0,2.0,1.0,2.0,2.0,2.0,1.0,1.0
501,5,5,5,5,5,5,5,5,1,2,70.0,,,2.0,,,,3.0,5.0,2.0,,6.0,1.0,54.0,,1.0,,2.0,4.0,5.0,,,,,,,18.0,,1.0,,,5.0,,1.0,,5.0,,,,,,,,,,,,1.0,1.0,1.0,1.0,1.0,1.0,6,3,4,3,2,5,6,6,3,2.0,62.0,60.0,58.0,65.0,68.0,60.0,70.0,55.0,35.0,40.0,2.0,2.0,1.0,2.0,1.0,1.0,1.0,1.0,2.0,1.0,1.0,2.0,2.0,1.0,2.0,2.0,1.0,1.0,1.0,1.0,2.0,2.0,2.0,1.0,2.0,2.0,2.0,1.0,1.0,1.0,2.0,1.0,2.0,2.0,2.0,2.0,2.0,2.0,1.0,1.0
472,2,2,2,2,2,2,4,2,4,2,,30.0,,2.0,3.0,4.0,5.0,,,,6.0,,1.0,40.0,,,2.0,,,,2.0,4.0,4.0,,,,20.0,,1.0,,,6.0,,,1.0,4.0,,,,,,,,,,,,1.0,1.0,1.0,1.0,1.0,1.0,6,3,4,4,2,5,6,6,3,2.0,40.0,35.0,35.0,40.0,45.0,35.0,60.0,40.0,55.0,40.0,1.0,2.0,1.0,1.0,2.0,2.0,1.0,1.0,1.0,2.0,1.0,2.0,1.0,2.0,1.0,1.0,1.0,1.0,2.0,1.0,2.0,1.0,2.0,1.0,2.0,1.0,2.0,2.0,1.0,2.0,1.0,1.0,2.0,2.0,2.0,1.0,1.0,2.0,2.0,1.0
989,4,4,4,4,4,4,5,4,2,2,70.0,,,2.0,,,,3.0,5.0,2.0,6.0,,,,2.0,,2.0,2.0,4.0,5.0,,,,,,,5.0,,1.0,,4.0,,,,1.0,,5.0,,,,,,,,,,,1.0,1.0,1.0,1.0,1.0,1.0,6,3,4,3,2,5,6,5,3,2.0,60.0,55.0,58.0,65.0,68.0,60.0,70.0,62.0,40.0,38.0,1.0,1.0,2.0,1.0,2.0,2.0,1.0,2.0,1.0,2.0,1.0,2.0,2.0,1.0,2.0,1.0,1.0,2.0,2.0,2.0,2.0,1.0,1.0,1.0,2.0,2.0,1.0,1.0,2.0,2.0,2.0,1.0,1.0,1.0,1.0,2.0,2.0,2.0,1.0,2.0
831,2,3,3,2,3,3,3,2,4,3,70.0,,2.0,,5.0,4.0,2.0,,,,,6.0,,,1.0,1.0,,,,,,,,2.0,4.0,5.0,,10.0,,1.0,,4.0,,1.0,,5.0,,1.0,1.0,1.0,1.0,1.0,1.0,1.0,1.0,1.0,1.0,,,,,,,6,3,2,2,3,5,6,6,3,2.0,40.0,50.0,50.0,40.0,50.0,50.0,50.0,40.0,60.0,50.0,2.0,1.0,2.0,1.0,1.0,1.0,2.0,1.0,2.0,1.0,2.0,2.0,1.0,2.0,1.0,1.0,2.0,1.0,1.0,2.0,2.0,1.0,1.0,2.0,1.0,1.0,1.0,1.0,2.0,1.0,1.0,2.0,2.0,1.0,1.0,2.0,2.0,1.0,1.0,1.0
942,5,5,5,5,5,5,5,5,1,2,,30.0,,2.0,,,,3.0,5.0,2.0,,6.0,,,2.0,1.0,,,,,3.0,4.0,5.0,,,,18.0,,1.0,,,6.0,,1.0,,5.0,,,,,,,,,,,,1.0,1.0,1.0,1.0,1.0,1.0,6,3,4,3,2,5,6,6,3,2.0,60.0,55.0,60.0,65.0,70.0,60.0,75.0,60.0,40.0,35.0,1.0,2.0,1.0,2.0,1.0,1.0,1.0,1.0,2.0,2.0,1.0,1.0,2.0,1.0,1.0,1.0,1.0,2.0,2.0,2.0,1.0,1.0,2.0,1.0,1.0,2.0,1.0,2.0,2.0,1.0,1.0,2.0,1.0,1.0,1.0,2.0,2.0,1.0,1.0,1.0
130,4,4,5,2,4,5,5,3,2,2,70.0,,5.0,,,,,5.0,4.0,2.0,,6.0,,,1.0,1.0,,,,,,,,2.0,5.0,5.0,,15.0,,1.0,,4.0,,1.0,,,5.0,1.0,1.0,1.0,1.0,1.0,1.0,1.0,1.0,1.0,1.0,,,,,,,6,3,3,3,3,5,6,6,4,2.0,70.0,65.0,75.0,40.0,60.0,75.0,70.0,50.0,35.0,35.0,1.0,2.0,1.0,1.0,2.0,1.0,1.0,1.0,1.0,1.0,1.0,1.0,1.0,2.0,1.0,1.0,1.0,1.0,1.0,1.0,2.0,1.0,1.0,1.0,1.0,1.0,1.0,1.0,2.0,1.0,1.0,1.0,1.0,1.0,2.0,1.0,1.0,1.0,1.0,1.0
66,4,4,4,3,4,4,5,4,2,3,70.0,,4.0,,3.0,4.0,5.0,,,,6.0,,,,2.0,,2.0,2.0,4.0,5.0,,,,,,,18.0,,,2.0,4.0,,,1.0,,4.0,,,,,,,,,,,,1.0,1.0,1.0,1.0,1.0,1.0,6,3,4,4,3,5,6,5,3,2.0,55.0,50.0,52.0,60.0,62.0,58.0,70.0,54.0,40.0,45.0,1.0,2.0,2.0,1.0,2.0,2.0,1.0,2.0,2.0,1.0,1.0,1.0,1.0,2.0,1.0,1.0,1.0,2.0,2.0,1.0,1.0,2.0,1.0,1.0,2.0,2.0,1.0,1.0,2.0,2.0,2.0,1.0,1.0,1.0,2.0,1.0,1.0,1.0,2.0,1.0
983,2,4,4,1,3,4,4,2,1,2,,30.0,5.0,,,,,5.0,4.0,2.0,6.0,,1.0,54.0,,1.0,,,,,2.0,5.0,5.0,,,,,15.0,1.0,,,4.0,,,1.0,5.0,,,,,,,,,,,,1.0,1.0,1.0,1.0,1.0,1.0,6,3,3,3,3,5,6,6,4,2.0,40.0,60.0,60.0,25.0,40.0,60.0,60.0,40.0,25.0,35.0,1.0,1.0,1.0,2.0,2.0,2.0,1.0,1.0,1.0,1.0,1.0,1.0,1.0,2.0,1.0,1.0,1.0,1.0,1.0,1.0,1.0,1.0,1.0,1.0,1.0,1.0,1.0,1.0,1.0,1.0,1.0,1.0,1.0,1.0,1.0,1.0,1.0,2.0,1.0,1.0
317,5,5,5,5,5,5,5,5,1,2,70.0,,,2.0,,,,3.0,5.0,2.0,6.0,,1.0,54.0,,1.0,,,,,,,,3.0,5.0,6.0,,18.0,1.0,,,,2.0,1.0,,,5.0,1.0,1.0,1.0,1.0,1.0,1.0,1.0,1.0,1.0,1.0,,,,,,,6,3,4,3,3,5,6,5,4,2.0,60.0,55.0,60.0,65.0,70.0,60.0,75.0,60.0,40.0,45.0,2.0,1.0,1.0,2.0,1.0,2.0,2.0,1.0,1.0,2.0,1.0,1.0,1.0,2.0,2.0,1.0,1.0,1.0,2.0,2.0,2.0,1.0,1.0,2.0,2.0,1.0,2.0,2.0,1.0,1.0,1.0,1.0,1.0,1.0,1.0,1.0,2.0,1.0,2.0,2.0
264,5,5,5,5,5,5,5,5,1,1,70.0,,,2.0,,,,3.0,5.0,2.0,,6.0,1.0,54.0,,1.0,,,,,3.0,5.0,6.0,,,,,18.0,1.0,,,9.0,,1.0,,5.0,,,,,,,,,,,,1.0,1.0,1.0,1.0,1.0,1.0,6,3,4,3,2,5,6,6,4,2.0,55.0,50.0,52.0,60.0,62.0,58.0,65.0,54.0,40.0,38.0,1.0,2.0,2.0,2.0,2.0,1.0,1.0,2.0,1.0,2.0,1.0,1.0,2.0,2.0,1.0,2.0,1.0,2.0,1.0,1.0,2.0,2.0,2.0,1.0,1.0,2.0,1.0,1.0,2.0,2.0,1.0,2.0,2.0,2.0,2.0,2.0,1.0,1.0,2.0,1.0
478,5,5,5,4,5,5,5,5,1,2,,30.0,5.0,,5.0,4.0,2.0,,,,6.0,,1.0,54.0,,1.0,,,,,,,,2.0,5.0,5.0,,15.0,1.0,,,4.0,,,1.0,5.0,,1.0,1.0,1.0,1.0,1.0,1.0,1.0,1.0,1.0,1.0,,,,,,,7,3,2,2,3,5,6,6,4,2.0,75.0,70.0,75.0,60.0,70.0,75.0,70.0,65.0,30.0,40.0,1.0,2.0,2.0,2.0,1.0,1.0,1.0,1.0,1.0,2.0,2.0,1.0,1.0,2.0,1.0,1.0,2.0,1.0,1.0,2.0,2.0,1.0,1.0,1.0,1.0,2.0,1.0,1.0,2.0,1.0,1.0,1.0,2.0,1.0,1.0,1.0,1.0,2.0,1.0,1.0
885,5,5,5,4,4,5,5,4,1,1,70.0,,4.0,,5.0,4.0,2.0,,,,6.0,,,,1.0,,2.0,3.0,5.0,5.0,,,,,,,15.0,,,1.0,,,3.0,,1.0,,5.0,1.0,1.0,1.0,1.0,1.0,1.0,1.0,1.0,1.0,1.0,,,,,,,7,3,2,3,3,5,6,6,4,2.0,75.0,70.0,75.0,60.0,60.0,75.0,70.0,60.0,25.0,25.0,1.0,1.0,1.0,1.0,2.0,2.0,2.0,1.0,2.0,1.0,2.0,1.0,1.0,2.0,1.0,1.0,1.0,2.0,1.0,2.0,2.0,1.0,1.0,1.0,2.0,2.0,2.0,1.0,1.0,1.0,2.0,1.0,1.0,1.0,1.0,1.0,1.0,2.0,1.0,1.0
13,5,5,5,2,4,5,5,4,2,2,70.0,,,2.0,,,,5.0,4.0,2.0,,6.0,1.0,54.0,,1.0,,,,,2.0,5.0,5.0,,,,15.0,,1.0,,4.0,,,,1.0,5.0,,1.0,1.0,1.0,1.0,1.0,1.0,1.0,1.0,1.0,1.0,,,,,,,7,3,3,3,3,5,6,6,4,2.0,75.0,75.0,80.0,40.0,60.0,75.0,75.0,60.0,40.0,40.0,1.0,1.0,2.0,1.0,2.0,2.0,1.0,1.0,2.0,1.0,1.0,1.0,1.0,1.0,1.0,1.0,1.0,1.0,1.0,2.0,1.0,1.0,2.0,1.0,1.0,1.0,1.0,1.0,1.0,1.0,1.0,1.0,1.0,2.0,2.0,2.0,1.0,1.0,1.0,1.0
184,1,2,2,1,2,4,4,1,1,1,70.0,,2.0,,,,,5.0,4.0,2.0,6.0,,1.0,54.0,,1.0,,,,,2.0,5.0,5.0,,,,5.0,,,1.0,4.0,,,1.0,,,5.0,1.0,1.0,1.0,1.0,1.0,1.0,1.0,1.0,1.0,1.0,,,,,,,7,3,2,3,2,5,6,5,4,2.0,20.0,30.0,30.0,15.0,25.0,50.0,50.0,15.0,15.0,15.0,2.0,1.0,2.0,2.0,1.0,1.0,2.0,1.0,2.0,1.0,2.0,1.0,1.0,1.0,2.0,2.0,1.0,2.0,1.0,1.0,1.0,1.0,2.0,1.0,1.0,1.0,1.0,2.0,1.0,1.0,2.0,1.0,1.0,2.0,1.0,2.0,1.0,1.0,1.0,1.0
362,5,5,5,5,5,5,5,5,2,2,,30.0,5.0,,,,,5.0,4.0,2.0,6.0,,,,1.0,1.0,,,,,2.0,5.0,5.0,,,,,10.0,1.0,,4.0,,,1.0,,,5.0,1.0,1.0,1.0,1.0,1.0,1.0,1.0,1.0,1.0,1.0,,,,,,,7,3,2,2,3,5,6,6,4,2.0,85.0,85.0,85.0,85.0,85.0,85.0,85.0,85.0,30.0,30.0,1.0,2.0,1.0,1.0,2.0,2.0,1.0,2.0,1.0,1.0,1.0,1.0,2.0,2.0,1.0,2.0,1.0,1.0,1.0,1.0,1.0,1.0,1.0,2.0,1.0,1.0,2.0,2.0,2.0,2.0,2.0,2.0,1.0,1.0,2.0,1.0,1.0,1.0,1.0,1.0
211,2,2,2,2,2,2,4,2,4,2,,30.0,,2.0,,,,3.0,4.0,2.0,,5.0,,,2.0,1.0,,2.0,2.0,4.0,,,,,,,,0.0,2.0,,,,2.0,1.0,,,4.0,1.0,1.0,1.0,1.0,1.0,1.0,1.0,1.0,1.0,1.0,,,,,,,6,3,4,3,3,5,6,5,3,2.0,40.0,35.0,35.0,40.0,45.0,35.0,60.0,40.0,55.0,35.0,1.0,1.0,2.0,1.0,2.0,1.0,1.0,2.0,2.0,1.0,1.0,1.0,2.0,2.0,1.0,1.0,2.0,1.0,2.0,1.0,2.0,1.0,2.0,1.0,2.0,1.0,1.0,2.0,1.0,1.0,2.0,1.0,2.0,1.0,2.0,2.0,1.0,1.0,2.0,1.0
798,5,5,5,5,5,5,5,5,1,1,70.0,,,1.0,,,,3.0,5.0,2.0,,6.0,,,2.0,1.0,,,,,4.0,5.0,6.0,,,,,20.0,,2.0,4.0,,,,1.0,,5.0,1.0,1.0,1.0,1.0,1.0,1.0,1.0,1.0,1.0,1.0,,,,,,,6,3,2,2,3,5,6,6,4,2.0,60.0,55.0,50.0,65.0,70.0,60.0,75.0,55.0,40.0,35.0,2.0,2.0,2.0,2.0,2.0,1.0,2.0,2.0,1.0,1.0,1.0,2.0,1.0,2.0,2.0,1.0,2.0,1.0,1.0,1.0,1.0,2.0,2.0,1.0,2.0,2.0,1.0,2.0,1.0,2.0,2.0,1.0,2.0,2.0,1.0,2.0,2.0,1.0,2.0,2.0
844,4,4,4,4,4,4,5,4,2,2,70.0,,,2.0,,,,3.0,4.0,2.0,,6.0,,,2.0,1.0,,,,,,,,3.0,4.0,5.0,18.0,,1.0,,,,2.0,,1.0,,5.0,,,,,,,,,,,1.0,1.0,1.0,1.0,1.0,1.0,6,3,4,4,3,5,6,6,3,2.0,60.0,55.0,58.0,65.0,68.0,62.0,70.0,60.0,40.0,45.0,2.0,1.0,1.0,2.0,2.0,1.0,2.0,2.0,2.0,1.0,1.0,1.0,2.0,2.0,1.0,1.0,1.0,1.0,2.0,2.0,1.0,2.0,1.0,2.0,2.0,1.0,2.0,2.0,1.0,2.0,2.0,2.0,1.0,2.0,1.0,2.0,1.0,2.0,2.0,1.0
937,4,4,4,5,5,5,5,5,1,2,,30.0,,2.0,3.0,4.0,5.0,,,,,6.0,,,2.0,1.0,,,,,4.0,4.0,5.0,,,,18.0,,,2.0,,,2.0,,1.0,,5.0,1.0,1.0,1.0,1.0,1.0,1.0,1.0,1.0,1.0,1.0,,,,,,,6,3,4,3,3,5,6,5,3,2.0,55.0,50.0,52.0,60.0,65.0,62.0,70.0,58.0,40.0,45.0,2.0,2.0,2.0,2.0,1.0,2.0,2.0,2.0,2.0,1.0,1.0,1.0,2.0,2.0,1.0,2.0,2.0,2.0,2.0,1.0,2.0,1.0,1.0,2.0,1.0,1.0,1.0,1.0,1.0,1.0,1.0,2.0,2.0,1.0,2.0,1.0,2.0,1.0,1.0,1.0
759,5,5,5,5,5,5,5,5,2,2,70.0,,5.0,,5.0,4.0,2.0,,,,,7.0,,,1.0,1.0,,,,,2.0,5.0,5.0,,,,15.0,,,1.0,,,3.0,,1.0,,5.0,,,,,,,,,,,1.0,1.0,1.0,1.0,1.0,1.0,7,3,3,3,3,6,6,6,4,2.0,80.0,80.0,85.0,85.0,80.0,85.0,85.0,80.0,40.0,40.0,1.0,1.0,1.0,1.0,1.0,2.0,1.0,1.0,2.0,1.0,1.0,1.0,2.0,1.0,2.0,1.0,2.0,1.0,1.0,1.0,1.0,2.0,2.0,1.0,1.0,1.0,1.0,1.0,2.0,1.0,1.0,1.0,1.0,1.0,1.0,1.0,1.0,1.0,1.0,1.0
145,4,4,4,4,4,4,5,4,2,2,,30.0,,1.0,,,,3.0,4.0,2.0,,5.0,1.0,40.0,,,2.0,2.0,4.0,5.0,,,,,,,18.0,,,2.0,,,2.0,1.0,,,4.0,,,,,,,,,,,1.0,1.0,1.0,1.0,1.0,1.0,6,3,4,3,3,5,6,5,3,2.0,60.0,55.0,58.0,65.0,68.0,62.0,70.0,60.0,40.0,42.0,1.0,1.0,2.0,1.0,1.0,2.0,2.0,1.0,1.0,1.0,1.0,2.0,1.0,2.0,2.0,1.0,1.0,2.0,1.0,1.0,1.0,1.0,1.0,1.0,2.0,1.0,1.0,2.0,1.0,1.0,2.0,1.0,2.0,2.0,2.0,1.0,1.0,1.0,2.0,2.0
22,5,5,5,5,5,5,5,5,1,2,,30.0,,2.0,3.0,4.0,6.0,,,,6.0,,1.0,54.0,,1.0,,,,,,,,3.0,5.0,6.0,18.0,,,2.0,4.0,,,1.0,,5.0,,1.0,1.0,1.0,1.0,1.0,1.0,1.0,1.0,1.0,1.0,,,,,,,6,3,4,3,3,5,6,6,3,2.0,60.0,55.0,60.0,65.0,70.0,65.0,75.0,60.0,40.0,45.0,2.0,1.0,2.0,1.0,1.0,1.0,2.0,2.0,2.0,2.0,2.0,2.0,1.0,1.0,1.0,2.0,2.0,1.0,2.0,2.0,2.0,1.0,2.0,1.0,1.0,2.0,1.0,1.0,1.0,1.0,2.0,1.0,1.0,2.0,1.0,1.0,1.0,2.0,2.0,2.0
353,2,2,2,2,2,2,4,2,4,4,,30.0,,2.0,2.0,3.0,5.0,,,,,,1.0,40.0,,1.0,,,,,3.0,4.0,5.0,,,,,10.0,1.0,,,,2.0,1.0,,,4.0,,,,,,,,,,,1.0,1.0,1.0,1.0,1.0,1.0,6,3,4,4,2,5,6,6,3,2.0,40.0,35.0,35.0,40.0,45.0,35.0,60.0,40.0,55.0,50.0,2.0,2.0,1.0,2.0,2.0,1.0,2.0,1.0,1.0,2.0,2.0,1.0,1.0,1.0,2.0,2.0,1.0,2.0,1.0,1.0,2.0,1.0,1.0,1.0,2.0,1.0,2.0,1.0,1.0,1.0,2.0,1.0,1.0,1.0,1.0,2.0,2.0,1.0,1.0,2.0
220,2,3,2,2,3,2,4,2,4,4,70.0,,,2.0,2.0,3.0,5.0,,,,,6.0,,,2.0,1.0,,,,,,,,2.0,4.0,4.0,,5.0,,2.0,,,2.0,1.0,,4.0,,1.0,1.0,1.0,1.0,1.0,1.0,1.0,1.0,1.0,1.0,,,,,,,6,3,4,4,3,5,6,6,3,2.0,45.0,40.0,42.0,38.0,50.0,35.0,60.0,40.0,55.0,50.0,1.0,1.0,2.0,2.0,1.0,2.0,1.0,2.0,2.0,2.0,1.0,1.0,1.0,2.0,2.0,2.0,1.0,1.0,1.0,1.0,2.0,1.0,2.0,2.0,2.0,2.0,2.0,2.0,1.0,2.0,2.0,2.0,1.0,2.0,1.0,2.0,2.0,1.0,1.0,2.0
875,4,4,4,4,4,4,5,4,2,2,,30.0,4.0,,2.0,3.0,5.0,,,,6.0,,,,2.0,1.0,,,,,4.0,4.0,5.0,,,,18.0,,,2.0,3.0,,,1.0,,,4.0,,,,,,,,,,,1.0,1.0,1.0,1.0,1.0,1.0,6,3,4,4,3,5,6,6,3,2.0,55.0,50.0,52.0,60.0,62.0,58.0,65.0,54.0,40.0,38.0,2.0,1.0,2.0,1.0,1.0,2.0,2.0,2.0,1.0,2.0,1.0,2.0,1.0,2.0,1.0,1.0,2.0,1.0,1.0,2.0,1.0,2.0,1.0,1.0,2.0,1.0,2.0,2.0,2.0,1.0,1.0,2.0,2.0,2.0,1.0,1.0,1.0,1.0,2.0,2.0
906,2,2,2,2,2,2,3,2,4,3,,30.0,,2.0,3.0,4.0,5.0,,,,,5.0,,,2.0,1.0,,,,,,,,3.0,3.0,4.0,,15.0,,2.0,,6.0,,1.0,,3.0,,1.0,1.0,1.0,1.0,1.0,1.0,1.0,1.0,1.0,1.0,,,,,,,6,3,4,3,3,5,6,5,3,2.0,40.0,38.0,37.0,45.0,48.0,35.0,50.0,39.0,55.0,44.0,1.0,2.0,2.0,2.0,2.0,2.0,1.0,2.0,2.0,1.0,2.0,2.0,2.0,1.0,1.0,2.0,2.0,2.0,1.0,2.0,1.0,1.0,2.0,1.0,1.0,2.0,2.0,1.0,2.0,1.0,1.0,1.0,2.0,1.0,1.0,2.0,1.0,2.0,1.0,2.0
392,4,4,4,5,5,5,5,5,1,2,70.0,,,2.0,3.0,4.0,5.0,,,,,6.0,,,2.0,1.0,,,,,4.0,5.0,6.0,,,,,18.0,,2.0,,6.0,,1.0,,,5.0,1.0,1.0,1.0,1.0,1.0,1.0,1.0,1.0,1.0,1.0,,,,,,,6,3,4,3,3,5,6,5,4,2.0,55.0,50.0,52.0,60.0,62.0,58.0,65.0,54.0,40.0,45.0,2.0,1.0,2.0,2.0,2.0,1.0,1.0,2.0,1.0,2.0,2.0,1.0,2.0,2.0,1.0,1.0,1.0,1.0,2.0,2.0,1.0,2.0,2.0,1.0,2.0,1.0,2.0,1.0,2.0,2.0,1.0,1.0,2.0,1.0,1.0,1.0,2.0,1.0,1.0,2.0
768,1,2,2,1,2,2,4,1,4,4,,30.0,2.0,,2.0,3.0,5.0,,,,,6.0,1.0,54.0,,1.0,,,,,,,,2.0,4.0,5.0,18.0,,1.0,,,6.0,,,1.0,,5.0,1.0,1.0,1.0,1.0,1.0,1.0,1.0,1.0,1.0,1.0,,,,,,,6,3,4,4,2,5,6,6,3,2.0,45.0,40.0,38.0,35.0,40.0,38.0,60.0,35.0,50.0,50.0,2.0,2.0,2.0,2.0,1.0,2.0,1.0,2.0,2.0,1.0,2.0,2.0,2.0,1.0,1.0,1.0,2.0,2.0,1.0,1.0,2.0,1.0,1.0,2.0,1.0,1.0,2.0,1.0,1.0,2.0,1.0,2.0,1.0,1.0,2.0,1.0,2.0,1.0,2.0,1.0
174,2,3,2,2,3,2,3,2,4,4,70.0,,,2.0,3.0,4.0,6.0,,,,,5.0,,,2.0,1.0,,,,,,,,2.0,4.0,4.0,,15.0,,2.0,4.0,,,,1.0,4.0,,,,,,,,,,,,1.0,1.0,1.0,1.0,1.0,1.0,6,3,4,3,3,5,6,5,3,2.0,45.0,40.0,42.0,50.0,55.0,48.0,60.0,40.0,35.0,38.0,1.0,1.0,2.0,1.0,1.0,2.0,1.0,2.0,2.0,1.0,2.0,1.0,2.0,2.0,1.0,2.0,2.0,1.0,2.0,1.0,2.0,1.0,1.0,1.0,2.0,2.0,2.0,1.0,1.0,1.0,2.0,2.0,2.0,2.0,2.0,1.0,1.0,1.0,2.0,1.0
800,2,3,3,2,3,4,4,2,2,2,70.0,,2.0,,,,,5.0,4.0,2.0,,6.0,,,1.0,,2.0,,,,2.0,4.0,4.0,,,,,15.0,,1.0,3.0,,,1.0,,4.0,,1.0,1.0,1.0,1.0,1.0,1.0,1.0,1.0,1.0,1.0,,,,,,,7,3,2,2,2,5,6,6,3,2.0,40.0,50.0,50.0,30.0,40.0,60.0,60.0,30.0,30.0,30.0,2.0,1.0,1.0,2.0,2.0,2.0,1.0,2.0,1.0,2.0,1.0,2.0,2.0,1.0,1.0,2.0,1.0,1.0,1.0,2.0,2.0,1.0,1.0,2.0,1.0,2.0,2.0,1.0,1.0,1.0,2.0,2.0,1.0,2.0,1.0,1.0,1.0,1.0,2.0,2.0
973,5,5,5,5,5,5,5,5,1,2,70.0,,,1.0,3.0,4.0,5.0,,,,,6.0,,,2.0,1.0,,2.0,5.0,6.0,,,,,,,,18.0,1.0,,4.0,,,1.0,,,5.0,,,,,,,,,,,1.0,1.0,1.0,1.0,1.0,1.0,6,3,4,4,2,5,6,6,4,2.0,60.0,55.0,58.0,65.0,68.0,62.0,70.0,60.0,40.0,45.0,1.0,2.0,2.0,1.0,1.0,1.0,1.0,2.0,2.0,1.0,2.0,1.0,1.0,1.0,2.0,2.0,2.0,1.0,1.0,1.0,2.0,2.0,1.0,1.0,2.0,1.0,2.0,1.0,1.0,2.0,2.0,1.0,1.0,1.0,2.0,1.0,1.0,2.0,1.0,2.0
96,4,4,4,4,4,4,5,4,2,2,,30.0,4.0,,3.0,4.0,5.0,,,,,6.0,,,2.0,1.0,,,,,3.0,4.0,5.0,,,,,15.0,,2.0,4.0,,,1.0,,4.0,,,,,,,,,,,,1.0,1.0,1.0,1.0,1.0,1.0,6,3,5,4,3,5,6,5,3,2.0,55.0,50.0,52.0,60.0,62.0,58.0,65.0,54.0,40.0,38.0,1.0,2.0,1.0,1.0,1.0,2.0,2.0,2.0,2.0,2.0,2.0,2.0,2.0,1.0,1.0,2.0,2.0,2.0,2.0,2.0,1.0,2.0,2.0,1.0,1.0,1.0,1.0,2.0,2.0,2.0,2.0,2.0,2.0,2.0,2.0,1.0,1.0,2.0,1.0,1.0
101,5,5,5,5,5,5,5,5,1,2,70.0,,5.0,,5.0,4.0,2.0,,,,6.0,,1.0,54.0,,,2.0,3.0,5.0,5.0,,,,,,,,15.0,,1.0,4.0,,,,1.0,5.0,,,,,,,,,,,,1.0,1.0,1.0,1.0,1.0,1.0,6,3,3,3,3,5,6,6,4,2.0,80.0,80.0,85.0,85.0,85.0,85.0,85.0,80.0,30.0,40.0,1.0,2.0,1.0,1.0,1.0,2.0,2.0,1.0,1.0,1.0,1.0,1.0,1.0,2.0,2.0,1.0,1.0,2.0,1.0,2.0,1.0,1.0,1.0,1.0,1.0,1.0,1.0,1.0,1.0,1.0,1.0,1.0,1.0,1.0,1.0,1.0,1.0,1.0,1.0,1.0
488,2,3,2,2,2,2,4,2,4,2,70.0,,,2.0,,,,3.0,4.0,2.0,6.0,,,,2.0,1.0,,,,,,,,2.0,4.0,4.0,,5.0,1.0,,3.0,,,,1.0,4.0,,,,,,,,,,,,1.0,1.0,1.0,1.0,1.0,1.0,6,3,4,4,3,5,6,6,3,2.0,40.0,35.0,38.0,45.0,50.0,40.0,60.0,35.0,55.0,40.0,2.0,1.0,2.0,1.0,2.0,2.0,2.0,2.0,2.0,2.0,1.0,1.0,2.0,2.0,1.0,1.0,1.0,1.0,1.0,2.0,1.0,1.0,1.0,2.0,2.0,1.0,2.0,1.0,1.0,2.0,1.0,2.0,1.0,2.0,2.0,1.0,2.0,2.0,2.0,2.0
294,5,5,5,5,5,5,5,5,2,2,,30.0,2.0,,,,,5.0,4.0,2.0,,6.0,1.0,54.0,,,2.0,,,,2.0,5.0,5.0,,,,,15.0,,1.0,,,3.0,,1.0,5.0,,1.0,1.0,1.0,1.0,1.0,1.0,1.0,1.0,1.0,1.0,,,,,,,7,3,4,4,2,5,6,6,4,2.0,80.0,80.0,85.0,85.0,85.0,85.0,85.0,80.0,30.0,30.0,1.0,1.0,1.0,1.0,2.0,1.0,1.0,2.0,2.0,1.0,1.0,2.0,1.0,1.0,1.0,2.0,1.0,1.0,1.0,1.0,1.0,1.0,1.0,2.0,2.0,1.0,1.0,1.0,1.0,1.0,1.0,1.0,1.0,1.0,2.0,1.0,1.0,1.0,1.0,1.0
57,4,4,4,4,4,4,4,4,2,2,70.0,,,2.0,,,,3.0,5.0,4.0,6.0,,1.0,54.0,,,2.0,,,,,,,4.0,4.0,5.0,,15.0,1.0,,4.0,,,,1.0,4.0,,1.0,1.0,1.0,1.0,1.0,1.0,1.0,1.0,1.0,1.0,,,,,,,6,3,4,4,3,5,6,6,3,2.0,60.0,55.0,58.0,65.0,68.0,62.0,70.0,60.0,40.0,45.0,1.0,2.0,1.0,2.0,1.0,2.0,1.0,1.0,1.0,1.0,1.0,1.0,2.0,1.0,1.0,2.0,1.0,1.0,1.0,1.0,1.0,2.0,1.0,1.0,1.0,1.0,2.0,1.0,2.0,2.0,1.0,1.0,2.0,2.0,2.0,2.0,2.0,1.0,1.0,1.0
326,2,3,2,2,3,2,4,2,4,2,,30.0,,2.0,,,,3.0,5.0,2.0,,6.0,1.0,54.0,,1.0,,,,,2.0,4.0,5.0,,,,,18.0,,2.0,4.0,,,,1.0,4.0,,1.0,1.0,1.0,1.0,1.0,1.0,1.0,1.0,1.0,1.0,,,,,,,6,3,4,3,3,5,6,5,3,2.0,45.0,40.0,40.0,50.0,55.0,45.0,60.0,40.0,55.0,40.0,1.0,2.0,1.0,1.0,1.0,2.0,1.0,2.0,1.0,2.0,2.0,1.0,1.0,1.0,2.0,2.0,2.0,2.0,2.0,1.0,2.0,2.0,1.0,1.0,1.0,1.0,1.0,2.0,2.0,1.0,1.0,1.0,2.0,1.0,2.0,1.0,1.0,1.0,2.0,1.0
255,5,5,5,5,5,5,5,5,1,2,,30.0,,2.0,3.0,4.0,5.0,,,,6.0,,,,2.0,1.0,,2.0,5.0,6.0,,,,,,,,18.0,,2.0,,,3.0,1.0,,,5.0,1.0,1.0,1.0,1.0,1.0,1.0,1.0,1.0,1.0,1.0,,,,,,,6,3,4,3,3,5,6,5,4,2.0,62.0,60.0,58.0,65.0,68.0,60.0,70.0,55.0,40.0,35.0,2.0,2.0,2.0,1.0,2.0,2.0,1.0,2.0,1.0,2.0,2.0,1.0,2.0,2.0,1.0,1.0,1.0,2.0,2.0,1.0,2.0,2.0,1.0,2.0,2.0,2.0,1.0,2.0,2.0,2.0,2.0,2.0,1.0,2.0,2.0,2.0,2.0,1.0,1.0,2.0
449,4,4,4,4,4,4,5,4,2,2,70.0,,,2.0,,,,3.0,4.0,2.0,,5.0,,,2.0,1.0,,1.0,4.0,5.0,,,,,,,5.0,,1.0,,4.0,,,1.0,,4.0,,,,,,,,,,,,1.0,1.0,1.0,1.0,1.0,1.0,6,3,4,4,2,5,6,6,3,2.0,55.0,50.0,52.0,60.0,62.0,58.0,70.0,54.0,40.0,38.0,1.0,2.0,1.0,2.0,1.0,1.0,2.0,2.0,1.0,2.0,1.0,2.0,1.0,2.0,1.0,2.0,1.0,2.0,1.0,1.0,2.0,2.0,2.0,2.0,2.0,2.0,2.0,2.0,2.0,2.0,1.0,2.0,2.0,1.0,2.0,2.0,2.0,2.0,1.0,2.0
482,5,5,5,5,5,5,5,5,1,1,,30.0,,2.0,5.0,4.0,2.0,,,,,6.0,,,1.0,1.0,,,,,2.0,5.0,5.0,,,,,15.0,,1.0,4.0,,,1.0,,5.0,,1.0,1.0,1.0,1.0,1.0,1.0,1.0,1.0,1.0,1.0,,,,,,,6,3,3,3,3,5,6,6,4,2.0,80.0,75.0,85.0,90.0,90.0,90.0,90.0,85.0,20.0,20.0,1.0,1.0,1.0,1.0,1.0,1.0,2.0,1.0,2.0,1.0,1.0,1.0,2.0,1.0,1.0,1.0,1.0,1.0,1.0,2.0,1.0,1.0,1.0,1.0,1.0,1.0,1.0,1.0,1.0,1.0,1.0,1.0,1.0,1.0,1.0,1.0,1.0,1.0,1.0,1.0
717,2,2,2,2,2,2,4,2,4,4,70.0,,2.0,,3.0,4.0,5.0,,,,6.0,,,,2.0,1.0,,,,,2.0,4.0,5.0,,,,18.0,,1.0,,,6.0,,1.0,,4.0,,1.0,1.0,1.0,1.0,1.0,1.0,1.0,1.0,1.0,1.0,,,,,,,6,3,4,4,2,5,6,6,3,2.0,45.0,40.0,40.0,40.0,40.0,35.0,60.0,40.0,60.0,60.0,2.0,2.0,1.0,2.0,1.0,1.0,1.0,2.0,2.0,2.0,1.0,2.0,2.0,2.0,2.0,2.0,1.0,2.0,1.0,2.0,2.0,1.0,1.0,1.0,2.0,1.0,1.0,2.0,2.0,1.0,2.0,1.0,2.0,1.0,1.0,1.0,1.0,1.0,1.0,1.0
664,3,3,3,3,4,4,4,3,2,2,70.0,,3.0,,3.0,4.0,5.0,,,,,6.0,1.0,54.0,,1.0,,,,,3.0,4.0,4.0,,,,,18.0,1.0,,,,3.0,1.0,,,4.0,1.0,1.0,1.0,1.0,1.0,1.0,1.0,1.0,1.0,1.0,,,,,,,6,3,4,4,3,5,6,6,3,2.0,55.0,50.0,52.0,60.0,65.0,58.0,70.0,60.0,40.0,45.0,2.0,2.0,2.0,1.0,1.0,2.0,1.0,1.0,2.0,1.0,1.0,1.0,2.0,2.0,2.0,1.0,2.0,2.0,1.0,2.0,1.0,2.0,2.0,1.0,2.0,1.0,1.0,2.0,1.0,2.0,1.0,1.0,2.0,1.0,1.0,2.0,2.0,1.0,2.0,1.0
979,4,4,4,5,5,5,5,4,2,2,,30.0,4.0,,3.0,4.0,6.0,,,,,,1.0,40.0,,,2.0,,,,,,,3.0,4.0,5.0,,10.0,1.0,,,5.0,,1.0,,,4.0,1.0,1.0,1.0,1.0,1.0,1.0,1.0,1.0,1.0,1.0,,,,,,,6,3,4,3,3,5,6,5,3,2.0,55.0,60.0,58.0,65.0,68.0,62.0,70.0,60.0,40.0,42.0,2.0,1.0,2.0,1.0,1.0,1.0,2.0,1.0,2.0,2.0,2.0,2.0,1.0,1.0,2.0,1.0,1.0,2.0,1.0,2.0,1.0,1.0,1.0,2.0,2.0,1.0,1.0,1.0,1.0,1.0,1.0,1.0,2.0,2.0,2.0,1.0,1.0,2.0,2.0,1.0
530,4,4,4,2,3,4,4,3,2,3,,30.0,2.0,,,,,5.0,4.0,2.0,6.0,,,,1.0,1.0,,,,,,,,3.0,4.0,5.0,,15.0,,1.0,4.0,,,,1.0,,5.0,,,,,,,,,,,1.0,1.0,1.0,1.0,1.0,1.0,6,3,3,3,3,5,6,6,3,2.0,70.0,65.0,70.0,50.0,55.0,65.0,65.0,50.0,40.0,50.0,1.0,2.0,1.0,2.0,1.0,2.0,1.0,2.0,1.0,1.0,1.0,2.0,1.0,2.0,1.0,2.0,1.0,2.0,2.0,1.0,1.0,1.0,1.0,1.0,1.0,1.0,1.0,1.0,2.0,1.0,1.0,1.0,1.0,1.0,1.0,1.0,1.0,2.0,1.0,1.0
443,5,5,5,5,5,5,5,5,1,1,,30.0,5.0,,,,,3.0,5.0,2.0,6.0,,,,2.0,,2.0,,,,2.0,5.0,6.0,,,,,18.0,1.0,,,6.0,,1.0,,,5.0,,,,,,,,,,,1.0,1.0,1.0,1.0,1.0,1.0,6,3,4,3,2,5,6,6,3,2.0,60.0,55.0,60.0,65.0,70.0,60.0,70.0,65.0,40.0,35.0,2.0,1.0,2.0,1.0,1.0,2.0,2.0,1.0,2.0,2.0,2.0,1.0,2.0,2.0,2.0,2.0,2.0,2.0,1.0,2.0,2.0,2.0,2.0,2.0,2.0,2.0,1.0,1.0,1.0,2.0,1.0,2.0,1.0,2.0,2.0,2.0,2.0,2.0,2.0,2.0
545,5,5,5,5,5,5,5,5,1,1,,30.0,5.0,,,,,5.0,4.0,2.0,6.0,,,,1.0,1.0,,,,,2.0,5.0,5.0,,,,15.0,,1.0,,4.0,,,1.0,,5.0,,,,,,,,,,,,1.0,1.0,1.0,1.0,1.0,1.0,7,3,3,3,3,5,6,6,4,2.0,85.0,85.0,85.0,85.0,85.0,85.0,85.0,85.0,15.0,15.0,1.0,1.0,1.0,1.0,1.0,2.0,1.0,2.0,1.0,2.0,1.0,1.0,1.0,1.0,1.0,1.0,1.0,1.0,1.0,1.0,1.0,1.0,1.0,1.0,2.0,1.0,1.0,1.0,1.0,1.0,1.0,1.0,1.0,1.0,2.0,1.0,1.0,1.0,1.0,1.0
436,4,4,4,5,5,5,5,4,1,2,70.0,,,2.0,,,,3.0,4.0,2.0,,6.0,1.0,54.0,,1.0,,2.0,4.0,5.0,,,,,,,,18.0,1.0,,4.0,,,,1.0,,5.0,1.0,1.0,1.0,1.0,1.0,1.0,1.0,1.0,1.0,1.0,,,,,,,6,3,4,3,3,5,6,5,3,2.0,55.0,50.0,52.0,60.0,65.0,62.0,70.0,58.0,40.0,45.0,2.0,2.0,1.0,2.0,1.0,2.0,2.0,2.0,1.0,2.0,2.0,2.0,2.0,2.0,2.0,2.0,2.0,2.0,2.0,1.0,1.0,1.0,1.0,2.0,1.0,1.0,2.0,2.0,1.0,2.0,2.0,2.0,1.0,1.0,2.0,1.0,2.0,2.0,2.0,1.0
359,4,3,3,2,3,2,3,2,4,2,,30.0,2.0,,,,,3.0,4.0,2.0,6.0,,,,2.0,1.0,,,,,,,,2.0,4.0,4.0,20.0,,1.0,,,,1.0,1.0,,3.0,,1.0,1.0,1.0,1.0,1.0,1.0,1.0,1.0,1.0,1.0,,,,,,,6,3,4,3,3,5,6,5,3,2.0,45.0,40.0,40.0,35.0,40.0,35.0,40.0,35.0,45.0,35.0,2.0,2.0,2.0,1.0,2.0,2.0,2.0,1.0,2.0,2.0,2.0,1.0,2.0,2.0,2.0,2.0,2.0,2.0,2.0,2.0,1.0,1.0,1.0,2.0,1.0,2.0,1.0,2.0,1.0,2.0,1.0,2.0,1.0,2.0,2.0,1.0,1.0,2.0,2.0,1.0
28,4,4,4,5,5,5,5,4,2,2,,30.0,3.0,,,,,3.0,5.0,2.0,6.0,,,,2.0,1.0,,2.0,4.0,5.0,,,,,,,,18.0,1.0,,,6.0,,,1.0,,5.0,1.0,1.0,1.0,1.0,1.0,1.0,1.0,1.0,1.0,1.0,,,,,,,6,3,4,3,3,5,6,5,3,2.0,55.0,50.0,60.0,65.0,70.0,60.0,75.0,55.0,40.0,35.0,2.0,2.0,2.0,1.0,1.0,2.0,1.0,1.0,1.0,2.0,1.0,2.0,2.0,2.0,2.0,2.0,1.0,1.0,1.0,2.0,1.0,1.0,2.0,2.0,1.0,2.0,2.0,1.0,1.0,2.0,2.0,2.0,2.0,2.0,1.0,2.0,1.0,1.0,2.0,1.0
762,4,4,4,4,4,4,5,4,2,2,70.0,,,2.0,3.0,4.0,5.0,,,,6.0,,1.0,40.0,,1.0,,,,,,,,3.0,4.0,5.0,,18.0,,2.0,4.0,,,,1.0,4.0,,1.0,1.0,1.0,1.0,1.0,1.0,1.0,1.0,1.0,1.0,,,,,,,6,3,4,4,3,5,6,6,3,2.0,60.0,55.0,58.0,65.0,68.0,60.0,70.0,62.0,40.0,38.0,1.0,1.0,1.0,2.0,1.0,1.0,2.0,2.0,1.0,2.0,1.0,1.0,2.0,1.0,2.0,1.0,1.0,1.0,1.0,1.0,1.0,1.0,1.0,1.0,2.0,2.0,1.0,1.0,2.0,1.0,1.0,1.0,2.0,2.0,1.0,1.0,1.0,1.0,2.0,1.0
611,5,5,5,5,5,5,5,5,1,1,70.0,,,2.0,5.0,4.0,2.0,,,,,6.0,1.0,54.0,,1.0,,,,,2.0,5.0,5.0,,,,5.0,,1.0,,,3.0,,1.0,,5.0,,,,,,,,,,,,1.0,1.0,1.0,1.0,1.0,1.0,7,2,3,3,3,6,6,6,3,2.0,80.0,80.0,85.0,85.0,85.0,90.0,90.0,80.0,20.0,20.0,2.0,1.0,1.0,1.0,1.0,2.0,1.0,1.0,1.0,2.0,1.0,1.0,1.0,1.0,1.0,1.0,1.0,1.0,2.0,2.0,1.0,1.0,1.0,2.0,1.0,2.0,1.0,1.0,1.0,1.0,1.0,1.0,1.0,1.0,1.0,1.0,1.0,1.0,2.0,1.0
398,4,4,4,3,4,5,5,3,2,2,70.0,,5.0,,4.0,5.0,2.0,,,,,6.0,,,1.0,,2.0,,,,,,,2.0,4.0,5.0,,15.0,1.0,,3.0,,,,1.0,5.0,,1.0,1.0,1.0,1.0,1.0,1.0,1.0,1.0,1.0,1.0,,,,,,,6,3,2,3,3,5,6,5,3,2.0,65.0,60.0,60.0,50.0,60.0,70.0,70.0,50.0,40.0,40.0,1.0,1.0,2.0,1.0,2.0,2.0,1.0,1.0,1.0,1.0,1.0,2.0,2.0,1.0,1.0,2.0,1.0,2.0,1.0,1.0,1.0,1.0,1.0,1.0,1.0,1.0,1.0,2.0,1.0,2.0,1.0,1.0,2.0,2.0,1.0,1.0,1.0,1.0,1.0,1.0
584,3,3,3,3,3,3,4,3,2,2,70.0,,,2.0,,,,3.0,4.0,3.0,5.0,,1.0,30.0,,,2.0,,,,3.0,4.0,4.0,,,,15.0,,2.0,,,,2.0,,1.0,,4.0,1.0,1.0,1.0,1.0,1.0,1.0,1.0,1.0,1.0,1.0,,,,,,,6,3,4,4,3,5,6,6,3,2.0,40.0,35.0,35.0,40.0,45.0,40.0,50.0,35.0,30.0,30.0,2.0,1.0,1.0,2.0,1.0,1.0,2.0,1.0,1.0,2.0,2.0,1.0,1.0,1.0,1.0,1.0,1.0,2.0,2.0,1.0,2.0,1.0,2.0,1.0,2.0,2.0,1.0,2.0,1.0,2.0,1.0,2.0,1.0,2.0,1.0,2.0,1.0,1.0,2.0,1.0
187,5,5,5,5,5,5,5,5,2,2,70.0,,5.0,,5.0,4.0,2.0,,,,,6.0,,,1.0,1.0,,2.0,5.0,5.0,,,,,,,,15.0,,1.0,,,3.0,,1.0,5.0,,,,,,,,,,,,1.0,1.0,1.0,1.0,1.0,1.0,6,3,3,3,3,5,6,6,4,2.0,85.0,80.0,85.0,85.0,80.0,85.0,80.0,75.0,30.0,30.0,2.0,1.0,1.0,2.0,1.0,1.0,1.0,2.0,1.0,1.0,1.0,1.0,1.0,2.0,2.0,1.0,1.0,1.0,2.0,2.0,1.0,1.0,1.0,2.0,1.0,1.0,1.0,1.0,1.0,1.0,1.0,1.0,1.0,1.0,2.0,1.0,1.0,1.0,1.0,1.0
212,2,2,2,2,2,2,4,2,4,4,,30.0,,2.0,,,,3.0,4.0,2.0,6.0,,,,2.0,,2.0,,,,,,,2.0,4.0,4.0,,5.0,1.0,,,6.0,,1.0,,,4.0,,,,,,,,,,,1.0,1.0,1.0,1.0,1.0,1.0,6,3,5,4,3,5,6,5,3,2.0,40.0,35.0,38.0,45.0,50.0,40.0,60.0,35.0,55.0,50.0,2.0,2.0,1.0,1.0,2.0,1.0,1.0,2.0,2.0,1.0,2.0,1.0,1.0,2.0,2.0,2.0,1.0,1.0,2.0,1.0,2.0,1.0,1.0,2.0,2.0,1.0,1.0,1.0,2.0,1.0,1.0,2.0,1.0,1.0,2.0,2.0,2.0,2.0,1.0,2.0
361,5,5,5,5,5,5,5,5,1,2,70.0,,,1.0,,,,4.0,5.0,3.0,,6.0,,,2.0,,2.0,2.0,5.0,6.0,,,,,,,,15.0,,2.0,4.0,,,1.0,,,5.0,,,,,,,,,,,1.0,1.0,1.0,1.0,1.0,1.0,6,3,4,4,3,5,6,6,3,2.0,60.0,55.0,50.0,65.0,70.0,60.0,75.0,55.0,40.0,35.0,1.0,2.0,2.0,2.0,2.0,2.0,1.0,2.0,2.0,2.0,1.0,1.0,1.0,2.0,1.0,1.0,1.0,2.0,2.0,2.0,1.0,1.0,1.0,1.0,2.0,1.0,2.0,1.0,2.0,1.0,1.0,1.0,1.0,1.0,1.0,1.0,2.0,2.0,2.0,2.0
10,5,5,5,5,5,5,5,5,1,2,70.0,,,1.0,3.0,4.0,6.0,,,,,6.0,,,2.0,1.0,,,,,4.0,5.0,6.0,,,,18.0,,1.0,,5.0,,,1.0,,,5.0,,,,,,,,,,,1.0,1.0,1.0,1.0,1.0,1.0,6,3,4,3,3,5,6,6,4,2.0,62.0,55.0,60.0,65.0,68.0,60.0,70.0,58.0,40.0,45.0,2.0,2.0,1.0,2.0,2.0,2.0,2.0,2.0,2.0,1.0,2.0,2.0,1.0,2.0,2.0,1.0,1.0,2.0,1.0,1.0,1.0,2.0,2.0,2.0,1.0,2.0,2.0,1.0,2.0,1.0,2.0,1.0,2.0,2.0,1.0,1.0,2.0,2.0,2.0,1.0
886,4,4,4,4,4,4,5,4,2,2,,30.0,,2.0,3.0,4.0,5.0,,,,,,,,,,2.0,,,,3.0,4.0,5.0,,,,,10.0,,2.0,4.0,,,1.0,,,5.0,,,,,,,,,,,1.0,1.0,1.0,1.0,1.0,1.0,6,3,4,3,3,5,6,6,3,2.0,55.0,50.0,55.0,60.0,65.0,60.0,70.0,55.0,40.0,40.0,1.0,2.0,2.0,1.0,2.0,2.0,2.0,1.0,1.0,1.0,1.0,1.0,1.0,1.0,1.0,1.0,1.0,2.0,1.0,2.0,1.0,1.0,1.0,1.0,1.0,1.0,2.0,2.0,2.0,1.0,1.0,1.0,1.0,2.0,1.0,1.0,1.0,1.0,1.0,1.0
629,5,5,5,5,5,5,5,5,2,2,70.0,,5.0,,,,,5.0,4.0,2.0,,6.0,1.0,54.0,,,2.0,,,,,,,2.0,5.0,5.0,15.0,,1.0,,4.0,,,1.0,,5.0,,1.0,1.0,1.0,1.0,1.0,1.0,1.0,1.0,1.0,1.0,,,,,,,6,3,2,3,3,5,6,6,4,2.0,80.0,80.0,85.0,85.0,85.0,85.0,85.0,80.0,30.0,30.0,2.0,1.0,1.0,2.0,1.0,2.0,1.0,1.0,1.0,2.0,1.0,1.0,2.0,1.0,2.0,2.0,1.0,1.0,2.0,2.0,1.0,1.0,2.0,1.0,1.0,2.0,2.0,2.0,1.0,1.0,1.0,2.0,1.0,2.0,1.0,1.0,1.0,1.0,1.0,1.0
146,4,4,4,4,4,4,4,4,2,2,70.0,,,2.0,,,,3.0,5.0,4.0,6.0,,1.0,40.0,,,2.0,,,,,,,3.0,4.0,5.0,,5.0,,2.0,,,2.0,1.0,,4.0,,,,,,,,,,,,1.0,1.0,1.0,1.0,1.0,1.0,6,3,4,4,3,5,6,6,3,2.0,60.0,55.0,60.0,65.0,65.0,60.0,70.0,60.0,40.0,40.0,1.0,1.0,2.0,2.0,2.0,2.0,1.0,2.0,1.0,1.0,2.0,1.0,1.0,1.0,1.0,1.0,1.0,1.0,1.0,2.0,1.0,1.0,2.0,2.0,2.0,2.0,1.0,2.0,1.0,1.0,2.0,1.0,1.0,1.0,1.0,1.0,2.0,2.0,1.0,2.0
934,2,4,4,2,3,4,4,2,1,2,70.0,,,2.0,,,,5.0,4.0,2.0,,6.0,,,1.0,,2.0,,,,,,,2.0,4.0,5.0,15.0,,1.0,,,4.0,,1.0,,5.0,,1.0,1.0,1.0,1.0,1.0,1.0,1.0,1.0,1.0,1.0,,,,,,,6,3,2,3,3,5,6,6,4,2.0,40.0,60.0,60.0,40.0,50.0,60.0,60.0,40.0,20.0,30.0,1.0,1.0,1.0,1.0,1.0,1.0,1.0,1.0,1.0,1.0,1.0,1.0,1.0,1.0,1.0,1.0,1.0,1.0,1.0,1.0,1.0,1.0,1.0,1.0,1.0,1.0,1.0,1.0,1.0,1.0,1.0,1.0,1.0,1.0,1.0,1.0,1.0,1.0,1.0,1.0
847,5,5,5,5,5,5,5,5,1,2,,30.0,,1.0,3.0,4.0,5.0,,,,6.0,,,,2.0,,2.0,,,,2.0,5.0,6.0,,,,20.0,,1.0,,,,2.0,,1.0,5.0,,1.0,1.0,1.0,1.0,1.0,1.0,1.0,1.0,1.0,1.0,,,,,,,6,3,4,4,3,5,6,6,3,2.0,60.0,55.0,50.0,65.0,70.0,60.0,75.0,55.0,40.0,45.0,2.0,1.0,1.0,2.0,1.0,1.0,1.0,2.0,2.0,1.0,1.0,2.0,2.0,1.0,1.0,1.0,1.0,2.0,1.0,1.0,2.0,2.0,1.0,1.0,2.0,2.0,1.0,2.0,2.0,1.0,2.0,2.0,1.0,2.0,1.0,1.0,1.0,1.0,2.0,1.0
133,4,4,4,4,4,4,5,4,1,2,70.0,,,2.0,3.0,4.0,5.0,,,,6.0,,1.0,54.0,,,2.0,1.0,4.0,5.0,,,,,,,20.0,,,2.0,4.0,,,1.0,,4.0,,,,,,,,,,,,1.0,1.0,1.0,1.0,1.0,1.0,6,3,4,3,3,5,6,5,3,2.0,60.0,55.0,55.0,65.0,65.0,60.0,70.0,60.0,40.0,45.0,1.0,2.0,2.0,2.0,1.0,1.0,2.0,1.0,2.0,1.0,1.0,1.0,2.0,2.0,1.0,1.0,1.0,2.0,1.0,2.0,2.0,1.0,2.0,2.0,1.0,2.0,2.0,2.0,1.0,1.0,1.0,1.0,1.0,1.0,1.0,1.0,2.0,1.0,2.0,2.0
941,5,5,5,5,5,5,5,5,1,1,,30.0,1.0,,,,,3.0,4.0,2.0,,6.0,1.0,54.0,,1.0,,,,,,,,3.0,5.0,6.0,,0.0,1.0,,,9.0,,1.0,,5.0,,,,,,,,,,,,1.0,1.0,1.0,1.0,1.0,1.0,6,3,4,3,2,5,6,6,4,2.0,60.0,55.0,50.0,65.0,60.0,60.0,70.0,55.0,40.0,35.0,2.0,2.0,2.0,1.0,1.0,1.0,2.0,2.0,1.0,2.0,2.0,1.0,1.0,2.0,2.0,2.0,1.0,1.0,2.0,1.0,2.0,1.0,2.0,1.0,1.0,1.0,1.0,2.0,1.0,2.0,2.0,2.0,1.0,1.0,2.0,2.0,2.0,2.0,1.0,1.0
832,5,5,5,5,5,5,5,5,2,3,70.0,,,2.0,5.0,4.0,2.0,,,,6.0,,,,1.0,1.0,,,,,,,,2.0,5.0,5.0,15.0,,1.0,,,3.0,,,1.0,,5.0,1.0,1.0,1.0,1.0,1.0,1.0,1.0,1.0,1.0,1.0,,,,,,,7,3,4,3,3,5,6,6,4,2.0,75.0,80.0,85.0,90.0,85.0,90.0,85.0,80.0,30.0,50.0,2.0,1.0,1.0,2.0,1.0,1.0,1.0,2.0,2.0,1.0,1.0,2.0,2.0,1.0,1.0,2.0,1.0,2.0,1.0,2.0,1.0,2.0,1.0,1.0,1.0,1.0,1.0,1.0,2.0,2.0,1.0,1.0,1.0,1.0,2.0,2.0,1.0,1.0,2.0,1.0
267,5,5,5,3,4,5,5,4,2,2,,30.0,5.0,,5.0,4.0,2.0,,,,6.0,,1.0,54.0,,,2.0,,,,,,,2.0,5.0,5.0,10.0,,1.0,,4.0,,,1.0,,,5.0,1.0,1.0,1.0,1.0,1.0,1.0,1.0,1.0,1.0,1.0,,,,,,,7,4,3,3,3,5,6,6,4,2.0,75.0,75.0,75.0,50.0,60.0,75.0,75.0,60.0,40.0,40.0,1.0,1.0,1.0,2.0,1.0,1.0,1.0,1.0,1.0,1.0,1.0,1.0,2.0,2.0,1.0,1.0,1.0,2.0,1.0,1.0,1.0,1.0,1.0,2.0,1.0,1.0,1.0,1.0,1.0,1.0,1.0,1.0,1.0,1.0,1.0,2.0,1.0,1.0,1.0,1.0
314,2,2,2,2,2,2,4,2,4,2,70.0,,,2.0,3.0,4.0,5.0,,,,,6.0,1.0,30.0,,,2.0,,,,,,,2.0,4.0,4.0,,5.0,1.0,,3.0,,,1.0,,,4.0,,,,,,,,,,,1.0,1.0,1.0,1.0,1.0,1.0,6,3,4,3,2,5,6,5,2,1.0,40.0,35.0,35.0,40.0,40.0,35.0,50.0,35.0,50.0,35.0,2.0,1.0,1.0,2.0,1.0,1.0,1.0,1.0,1.0,2.0,1.0,2.0,2.0,1.0,1.0,1.0,1.0,1.0,1.0,2.0,1.0,1.0,1.0,1.0,2.0,1.0,2.0,2.0,1.0,1.0,1.0,1.0,1.0,1.0,1.0,1.0,1.0,1.0,1.0,2.0
508,4,4,4,4,4,4,4,4,2,2,70.0,,,2.0,,,,4.0,5.0,3.0,,5.0,1.0,54.0,,1.0,,,,,,,,3.0,4.0,4.0,,15.0,,2.0,4.0,,,1.0,,4.0,,,,,,,,,,,,1.0,1.0,1.0,1.0,1.0,1.0,6,3,4,3,2,5,6,5,3,2.0,55.0,50.0,52.0,60.0,62.0,58.0,65.0,54.0,40.0,42.0,1.0,1.0,1.0,1.0,1.0,1.0,1.0,1.0,1.0,2.0,2.0,2.0,1.0,2.0,2.0,2.0,2.0,1.0,1.0,2.0,2.0,1.0,2.0,1.0,2.0,2.0,2.0,2.0,1.0,1.0,1.0,1.0,1.0,1.0,1.0,2.0,1.0,1.0,2.0,1.0
980,3,3,3,2,3,2,4,2,4,2,,30.0,,2.0,,,,3.0,4.0,3.0,6.0,,,,2.0,1.0,,,,,3.0,4.0,5.0,,,,,15.0,1.0,,,,2.0,1.0,,,4.0,,,,,,,,,,,1.0,1.0,1.0,1.0,1.0,1.0,6,3,4,4,2,5,6,6,3,2.0,50.0,45.0,45.0,40.0,50.0,40.0,60.0,40.0,55.0,40.0,1.0,1.0,2.0,1.0,2.0,2.0,2.0,1.0,2.0,1.0,2.0,2.0,1.0,1.0,1.0,2.0,2.0,1.0,2.0,1.0,1.0,1.0,1.0,2.0,1.0,2.0,2.0,2.0,2.0,2.0,2.0,2.0,1.0,1.0,2.0,1.0,2.0,2.0,1.0,1.0
65,5,5,5,5,5,5,5,5,2,2,70.0,,5.0,,5.0,4.0,2.0,,,,6.0,,1.0,54.0,,,2.0,4.0,5.0,5.0,,,,,,,,15.0,,1.0,,,3.0,1.0,,5.0,,,,,,,,,,,,1.0,1.0,1.0,1.0,1.0,1.0,7,3,2,3,3,5,6,6,4,2.0,75.0,80.0,85.0,80.0,80.0,85.0,80.0,75.0,40.0,40.0,1.0,1.0,2.0,2.0,1.0,2.0,1.0,2.0,1.0,2.0,1.0,2.0,2.0,1.0,1.0,1.0,1.0,1.0,2.0,1.0,1.0,1.0,1.0,2.0,1.0,1.0,2.0,2.0,1.0,1.0,1.0,1.0,1.0,1.0,1.0,1.0,2.0,1.0,1.0,2.0
838,5,5,5,4,4,5,5,5,2,2,70.0,,5.0,,,,,4.0,5.0,2.0,,6.0,,,1.0,,2.0,,,,2.0,5.0,5.0,,,,,15.0,,1.0,,,3.0,1.0,,,5.0,,,,,,,,,,,1.0,1.0,1.0,1.0,1.0,1.0,7,3,2,3,3,5,6,6,4,2.0,75.0,75.0,75.0,65.0,65.0,75.0,75.0,75.0,35.0,35.0,1.0,2.0,2.0,2.0,1.0,1.0,2.0,1.0,1.0,1.0,1.0,1.0,1.0,1.0,1.0,1.0,1.0,2.0,1.0,1.0,1.0,2.0,2.0,1.0,2.0,1.0,1.0,1.0,1.0,1.0,1.0,1.0,2.0,2.0,1.0,1.0,2.0,1.0,2.0,1.0
139,2,2,2,2,2,2,4,2,4,2,,30.0,,2.0,3.0,4.0,5.0,,,,,6.0,1.0,54.0,,,2.0,2.0,3.0,4.0,,,,,,,,18.0,,2.0,,,2.0,1.0,,,3.0,1.0,1.0,1.0,1.0,1.0,1.0,1.0,1.0,1.0,1.0,,,,,,,6,3,4,4,3,5,6,6,3,2.0,45.0,40.0,40.0,40.0,45.0,40.0,60.0,40.0,55.0,40.0,1.0,1.0,2.0,1.0,1.0,2.0,1.0,1.0,1.0,2.0,1.0,2.0,1.0,1.0,2.0,1.0,1.0,1.0,2.0,1.0,2.0,1.0,1.0,2.0,1.0,1.0,2.0,1.0,2.0,1.0,1.0,1.0,2.0,1.0,1.0,1.0,1.0,1.0,1.0,2.0
656,5,5,5,5,5,5,5,5,1,1,,30.0,,1.0,2.0,3.0,6.0,,,,6.0,,,,2.0,1.0,,5.0,5.0,6.0,,,,,,,20.0,,2.0,,,10.0,,1.0,,,5.0,1.0,1.0,1.0,1.0,1.0,1.0,1.0,1.0,1.0,1.0,,,,,,,7,3,4,4,2,6,7,7,4,2.0,60.0,55.0,60.0,65.0,65.0,60.0,70.0,60.0,40.0,35.0,2.0,1.0,1.0,2.0,1.0,1.0,1.0,2.0,1.0,2.0,2.0,2.0,1.0,2.0,2.0,1.0,1.0,1.0,2.0,1.0,2.0,1.0,2.0,2.0,1.0,2.0,1.0,2.0,1.0,1.0,2.0,1.0,2.0,2.0,2.0,2.0,1.0,2.0,1.0,1.0
725,4,4,4,4,4,4,5,4,2,2,70.0,,,2.0,,,,3.0,4.0,2.0,,5.0,1.0,54.0,,,2.0,2.0,4.0,5.0,,,,,,,16.0,,,2.0,,,2.0,1.0,,,4.0,1.0,1.0,1.0,1.0,1.0,1.0,1.0,1.0,1.0,1.0,,,,,,,6,3,4,3,3,5,6,5,3,2.0,55.0,50.0,52.0,60.0,62.0,58.0,70.0,54.0,40.0,38.0,2.0,2.0,1.0,1.0,2.0,2.0,1.0,2.0,1.0,1.0,2.0,2.0,1.0,2.0,2.0,2.0,1.0,2.0,2.0,2.0,2.0,2.0,1.0,1.0,2.0,1.0,2.0,1.0,2.0,2.0,2.0,1.0,1.0,2.0,1.0,1.0,1.0,2.0,2.0,1.0
697,5,5,5,5,5,5,5,5,2,2,,30.0,5.0,,5.0,4.0,2.0,,,,6.0,,,,1.0,1.0,,,,,,,,2.0,5.0,5.0,15.0,,1.0,,,4.0,,1.0,,5.0,,,,,,,,,,,,1.0,1.0,1.0,1.0,1.0,1.0,7,3,3,3,3,5,6,6,4,2.0,80.0,75.0,85.0,80.0,80.0,85.0,80.0,75.0,40.0,40.0,1.0,1.0,2.0,2.0,1.0,2.0,2.0,1.0,2.0,1.0,1.0,1.0,1.0,1.0,1.0,1.0,1.0,1.0,1.0,1.0,1.0,1.0,2.0,1.0,1.0,1.0,1.0,2.0,1.0,1.0,1.0,1.0,1.0,1.0,1.0,1.0,2.0,1.0,2.0,1.0
471,3,3,3,3,4,3,4,3,2,2,70.0,,,2.0,,,,3.0,4.0,2.0,6.0,,1.0,54.0,,1.0,,2.0,4.0,4.0,,,,,,,,20.0,,2.0,,,1.0,1.0,,3.0,,1.0,1.0,1.0,1.0,1.0,1.0,1.0,1.0,1.0,1.0,,,,,,,6,3,4,4,3,5,6,6,3,2.0,50.0,45.0,48.0,55.0,60.0,52.0,65.0,50.0,40.0,38.0,2.0,2.0,1.0,2.0,2.0,2.0,1.0,1.0,2.0,2.0,1.0,2.0,2.0,2.0,2.0,1.0,1.0,2.0,1.0,1.0,2.0,1.0,2.0,1.0,1.0,1.0,2.0,2.0,1.0,2.0,1.0,2.0,1.0,2.0,2.0,1.0,1.0,1.0,2.0,1.0
502,4,4,4,4,4,4,4,4,1,1,70.0,,3.0,,3.0,4.0,5.0,,,,6.0,,1.0,54.0,,1.0,,,,,,,,2.0,4.0,5.0,20.0,,1.0,,,5.0,,1.0,,,4.0,1.0,1.0,1.0,1.0,1.0,1.0,1.0,1.0,1.0,1.0,,,,,,,6,3,4,4,3,5,6,6,3,2.0,55.0,50.0,52.0,60.0,62.0,58.0,65.0,54.0,40.0,38.0,2.0,1.0,2.0,1.0,1.0,2.0,1.0,1.0,2.0,1.0,1.0,2.0,1.0,2.0,1.0,1.0,2.0,1.0,1.0,1.0,1.0,1.0,2.0,2.0,2.0,1.0,1.0,2.0,2.0,1.0,1.0,1.0,2.0,1.0,2.0,2.0,1.0,2.0,1.0,1.0
404,2,3,2,2,3,2,4,2,4,3,70.0,,,2.0,,,,3.0,4.0,2.0,,5.0,,,2.0,,2.0,,,,2.0,4.0,5.0,,,,,5.0,,2.0,,6.0,,,1.0,,4.0,,,,,,,,,,,1.0,1.0,1.0,1.0,1.0,1.0,6,3,4,4,2,5,6,6,3,2.0,40.0,35.0,38.0,45.0,50.0,35.0,60.0,40.0,55.0,45.0,2.0,1.0,2.0,1.0,2.0,1.0,1.0,2.0,1.0,2.0,1.0,2.0,2.0,1.0,1.0,2.0,2.0,1.0,1.0,2.0,2.0,2.0,1.0,1.0,2.0,1.0,1.0,2.0,1.0,2.0,1.0,1.0,2.0,1.0,2.0,1.0,2.0,2.0,1.0,2.0
577,4,4,4,3,3,4,4,3,2,2,,30.0,5.0,,5.0,4.0,2.0,,,,6.0,,,,1.0,1.0,,,,,2.0,4.0,4.0,,,,15.0,,,1.0,3.0,,,1.0,,5.0,,1.0,1.0,1.0,1.0,1.0,1.0,1.0,1.0,1.0,1.0,,,,,,,6,3,2,3,3,5,6,6,4,2.0,65.0,60.0,60.0,50.0,50.0,60.0,60.0,50.0,40.0,40.0,2.0,1.0,1.0,2.0,2.0,1.0,2.0,2.0,1.0,1.0,2.0,1.0,1.0,1.0,1.0,2.0,2.0,1.0,1.0,1.0,1.0,2.0,1.0,1.0,1.0,2.0,2.0,2.0,1.0,2.0,1.0,1.0,2.0,1.0,1.0,2.0,2.0,1.0,2.0,2.0
218,2,3,2,2,3,2,3,2,4,4,,30.0,2.0,,,,,3.0,4.0,3.0,,5.0,,,2.0,,2.0,2.0,3.0,4.0,,,,,,,18.0,,,2.0,,6.0,,1.0,,,4.0,1.0,1.0,1.0,1.0,1.0,1.0,1.0,1.0,1.0,1.0,,,,,,,6,3,4,4,3,5,6,6,3,2.0,45.0,40.0,42.0,50.0,55.0,48.0,60.0,40.0,35.0,38.0,1.0,2.0,2.0,2.0,2.0,1.0,1.0,2.0,1.0,2.0,2.0,1.0,1.0,2.0,1.0,2.0,2.0,2.0,2.0,1.0,2.0,2.0,2.0,1.0,1.0,2.0,1.0,1.0,2.0,2.0,1.0,2.0,2.0,2.0,2.0,2.0,2.0,1.0,2.0,1.0
791,2,2,2,1,2,2,2,1,1,3,70.0,,,2.0,5.0,4.0,2.0,,,,6.0,,1.0,54.0,,1.0,,,,,2.0,4.0,5.0,,,,5.0,,1.0,,3.0,,,,1.0,,5.0,1.0,1.0,1.0,1.0,1.0,1.0,1.0,1.0,1.0,1.0,,,,,,,6,3,2,3,3,5,6,6,4,2.0,30.0,30.0,30.0,15.0,30.0,30.0,30.0,15.0,15.0,50.0,2.0,1.0,2.0,2.0,1.0,2.0,2.0,1.0,2.0,1.0,1.0,1.0,1.0,2.0,1.0,2.0,2.0,1.0,2.0,1.0,1.0,1.0,1.0,2.0,1.0,1.0,2.0,2.0,1.0,1.0,2.0,1.0,1.0,2.0,1.0,2.0,2.0,1.0,1.0,1.0
623,2,2,2,1,2,2,3,1,4,4,70.0,,,1.0,3.0,4.0,6.0,,,,6.0,,,,2.0,,2.0,,,,2.0,4.0,4.0,,,,,5.0,1.0,,,,2.0,1.0,,3.0,,,,,,,,,,,,1.0,1.0,1.0,1.0,1.0,1.0,6,3,4,3,2,5,6,5,2,2.0,55.0,50.0,50.0,60.0,65.0,55.0,70.0,60.0,50.0,45.0,1.0,1.0,2.0,1.0,2.0,1.0,2.0,1.0,1.0,1.0,2.0,1.0,2.0,1.0,2.0,1.0,1.0,1.0,1.0,2.0,2.0,2.0,1.0,1.0,1.0,1.0,1.0,1.0,1.0,2.0,2.0,2.0,2.0,2.0,1.0,1.0,1.0,1.0,2.0,1.0
750,5,4,5,5,5,5,5,4,2,3,,20.0,5.0,,5.0,4.0,2.0,,,,,6.0,1.0,54.0,,,2.0,,,,,,,2.0,5.0,5.0,,15.0,,1.0,4.0,,,,1.0,,5.0,1.0,1.0,1.0,1.0,1.0,1.0,1.0,1.0,1.0,1.0,,,,,,,7,3,3,3,3,5,6,6,4,2.0,75.0,70.0,80.0,85.0,80.0,85.0,80.0,70.0,40.0,55.0,1.0,2.0,1.0,2.0,2.0,1.0,2.0,2.0,1.0,1.0,2.0,1.0,1.0,1.0,2.0,1.0,1.0,2.0,1.0,1.0,1.0,1.0,1.0,1.0,1.0,1.0,2.0,1.0,2.0,1.0,1.0,1.0,1.0,1.0,2.0,2.0,1.0,1.0,2.0,1.0
435,2,3,3,1,2,3,3,1,1,2,,30.0,2.0,,5.0,4.0,2.0,,,,,6.0,1.0,54.0,,1.0,,2.0,4.0,5.0,,,,,,,15.0,,,1.0,4.0,,,,1.0,,5.0,1.0,1.0,1.0,1.0,1.0,1.0,1.0,1.0,1.0,1.0,,,,,,,6,3,2,2,3,5,6,6,4,2.0,30.0,40.0,40.0,20.0,30.0,40.0,40.0,20.0,20.0,30.0,2.0,1.0,2.0,2.0,2.0,1.0,1.0,1.0,2.0,1.0,2.0,1.0,1.0,1.0,2.0,2.0,1.0,1.0,1.0,2.0,2.0,1.0,1.0,2.0,2.0,1.0,2.0,2.0,1.0,1.0,1.0,1.0,1.0,1.0,1.0,1.0,2.0,1.0,1.0,1.0
546,2,3,2,2,3,2,4,2,4,4,,30.0,,2.0,3.0,4.0,5.0,,,,6.0,,,,2.0,1.0,,,,,3.0,4.0,5.0,,,,,5.0,1.0,,3.0,,,1.0,,,4.0,,,,,,,,,,,1.0,1.0,1.0,1.0,1.0,1.0,6,3,4,4,3,5,6,6,3,2.0,45.0,40.0,42.0,50.0,55.0,48.0,60.0,40.0,38.0,35.0,2.0,2.0,1.0,2.0,1.0,2.0,2.0,2.0,2.0,2.0,1.0,1.0,1.0,1.0,1.0,1.0,1.0,1.0,2.0,1.0,1.0,1.0,1.0,2.0,2.0,2.0,1.0,1.0,1.0,1.0,1.0,1.0,2.0,1.0,2.0,2.0,2.0,2.0,1.0,1.0
229,5,5,5,5,5,5,5,5,1,2,70.0,,,2.0,,,,3.0,5.0,4.0,6.0,,,,2.0,,2.0,3.0,4.0,5.0,,,,,,,,18.0,,2.0,4.0,,,,1.0,5.0,,1.0,1.0,1.0,1.0,1.0,1.0,1.0,1.0,1.0,1.0,,,,,,,6,3,4,3,3,5,6,5,4,2.0,55.0,50.0,52.0,60.0,65.0,58.0,70.0,60.0,40.0,35.0,1.0,1.0,2.0,1.0,2.0,1.0,2.0,1.0,2.0,1.0,2.0,1.0,2.0,2.0,1.0,1.0,1.0,1.0,2.0,2.0,1.0,2.0,2.0,1.0,1.0,1.0,1.0,1.0,2.0,2.0,2.0,1.0,2.0,1.0,1.0,2.0,2.0,1.0,1.0,2.0
612,4,4,4,2,3,4,4,3,2,3,,30.0,2.0,,,,,5.0,4.0,2.0,,6.0,,,1.0,,2.0,2.0,4.0,5.0,,,,,,,,12.0,,1.0,4.0,,,1.0,,5.0,,1.0,1.0,1.0,1.0,1.0,1.0,1.0,1.0,1.0,1.0,,,,,,,6,3,3,3,3,5,6,6,4,2.0,65.0,60.0,60.0,45.0,50.0,60.0,60.0,50.0,40.0,45.0,2.0,2.0,1.0,1.0,1.0,1.0,1.0,2.0,2.0,1.0,1.0,1.0,2.0,1.0,2.0,1.0,2.0,2.0,2.0,1.0,1.0,2.0,1.0,1.0,1.0,1.0,1.0,1.0,2.0,1.0,1.0,1.0,1.0,1.0,1.0,1.0,2.0,2.0,2.0,1.0
761,5,5,5,5,5,5,5,5,1,2,70.0,,,1.0,3.0,4.0,6.0,,,,,6.0,,,2.0,,2.0,,,,,,,4.0,5.0,6.0,,0.0,1.0,,,,2.0,,1.0,,5.0,,,,,,,,,,,1.0,1.0,1.0,1.0,1.0,1.0,6,3,4,3,2,5,6,6,4,2.0,60.0,55.0,50.0,65.0,70.0,60.0,75.0,60.0,35.0,40.0,1.0,1.0,1.0,2.0,2.0,1.0,2.0,2.0,2.0,2.0,1.0,2.0,1.0,1.0,1.0,2.0,1.0,1.0,1.0,2.0,1.0,2.0,2.0,2.0,1.0,1.0,2.0,2.0,2.0,2.0,1.0,2.0,2.0,1.0,2.0,1.0,1.0,2.0,2.0,1.0
587,2,3,4,2,3,4,4,2,1,1,,30.0,2.0,,5.0,4.0,2.0,,,,,6.0,1.0,54.0,,1.0,,,,,2.0,4.0,5.0,,,,,15.0,,1.0,4.0,,,,1.0,,5.0,1.0,1.0,1.0,1.0,1.0,1.0,1.0,1.0,1.0,1.0,,,,,,,7,3,2,3,3,5,6,6,4,2.0,40.0,50.0,60.0,40.0,50.0,60.0,60.0,40.0,20.0,20.0,2.0,2.0,2.0,1.0,1.0,1.0,2.0,2.0,2.0,1.0,1.0,1.0,1.0,1.0,1.0,1.0,2.0,1.0,1.0,2.0,1.0,1.0,1.0,2.0,1.0,1.0,1.0,2.0,2.0,1.0,1.0,2.0,1.0,1.0,2.0,2.0,1.0,1.0,2.0,1.0
809,5,5,5,4,4,5,5,4,2,2,,30.0,2.0,,5.0,4.0,2.0,,,,,6.0,,,1.0,1.0,,,,,2.0,5.0,5.0,,,,5.0,,1.0,,4.0,,,1.0,,,5.0,,,,,,,,,,,1.0,1.0,1.0,1.0,1.0,1.0,7,3,2,3,2,5,6,6,4,2.0,75.0,70.0,80.0,65.0,65.0,75.0,70.0,60.0,40.0,40.0,1.0,2.0,1.0,2.0,1.0,1.0,1.0,2.0,2.0,2.0,1.0,1.0,1.0,1.0,1.0,1.0,1.0,1.0,1.0,1.0,1.0,1.0,1.0,1.0,1.0,1.0,1.0,1.0,2.0,2.0,1.0,2.0,1.0,1.0,1.0,1.0,1.0,1.0,1.0,1.0
108,4,4,4,4,4,4,4,4,2,2,70.0,,,2.0,,,,3.0,5.0,4.0,,6.0,1.0,54.0,,,2.0,,,,3.0,4.0,5.0,,,,18.0,,1.0,,,,2.0,,1.0,4.0,,1.0,1.0,1.0,1.0,1.0,1.0,1.0,1.0,1.0,1.0,,,,,,,6,3,4,4,3,5,6,6,3,2.0,55.0,50.0,52.0,60.0,62.0,58.0,65.0,54.0,40.0,42.0,1.0,1.0,1.0,1.0,2.0,1.0,1.0,2.0,2.0,1.0,2.0,1.0,2.0,2.0,1.0,2.0,1.0,2.0,2.0,1.0,2.0,1.0,1.0,1.0,2.0,1.0,2.0,1.0,1.0,2.0,1.0,1.0,2.0,1.0,1.0,1.0,1.0,1.0,1.0,1.0
481,2,2,2,2,2,2,4,2,4,4,70.0,,,2.0,,,,3.0,4.0,2.0,5.0,,,,2.0,,2.0,2.0,3.0,4.0,,,,,,,18.0,,1.0,,,,2.0,,1.0,3.0,,,,,,,,,,,,1.0,1.0,1.0,1.0,1.0,1.0,6,3,4,4,3,5,6,6,3,2.0,40.0,35.0,38.0,45.0,50.0,35.0,60.0,40.0,55.0,50.0,1.0,2.0,1.0,1.0,1.0,1.0,2.0,1.0,2.0,2.0,1.0,2.0,2.0,1.0,1.0,2.0,1.0,1.0,1.0,2.0,2.0,2.0,2.0,1.0,1.0,1.0,2.0,2.0,1.0,1.0,1.0,1.0,2.0,1.0,1.0,1.0,1.0,2.0,1.0,1.0
667,2,3,2,2,3,2,4,2,4,4,70.0,,,2.0,,,,3.0,5.0,2.0,,5.0,1.0,54.0,,1.0,,2.0,3.0,4.0,,,,,,,18.0,,,2.0,4.0,,,,1.0,,4.0,,,,,,,,,,,1.0,1.0,1.0,1.0,1.0,1.0,6,3,4,4,2,5,6,6,3,2.0,45.0,40.0,42.0,50.0,55.0,48.0,60.0,40.0,50.0,45.0,2.0,1.0,2.0,1.0,1.0,2.0,2.0,2.0,2.0,2.0,2.0,1.0,1.0,1.0,2.0,2.0,2.0,1.0,2.0,1.0,2.0,1.0,1.0,1.0,1.0,2.0,1.0,1.0,1.0,1.0,1.0,1.0,2.0,1.0,1.0,2.0,2.0,1.0,1.0,2.0
714,5,5,5,5,5,5,5,5,1,2,70.0,,,2.0,3.0,4.0,5.0,,,,6.0,,1.0,54.0,,1.0,,2.0,4.0,5.0,,,,,,,8.0,,,2.0,5.0,,,1.0,,,5.0,1.0,1.0,1.0,1.0,1.0,1.0,1.0,1.0,1.0,1.0,,,,,,,6,3,4,3,3,5,6,6,3,2.0,60.0,55.0,58.0,65.0,68.0,62.0,70.0,60.0,35.0,40.0,1.0,1.0,2.0,2.0,2.0,2.0,1.0,2.0,1.0,2.0,2.0,2.0,2.0,2.0,1.0,1.0,2.0,1.0,1.0,1.0,1.0,2.0,2.0,2.0,1.0,1.0,2.0,2.0,1.0,1.0,1.0,2.0,1.0,2.0,2.0,1.0,2.0,1.0,1.0,2.0
440,4,4,4,4,4,4,5,4,2,2,70.0,,,2.0,,,,3.0,5.0,2.0,6.0,,1.0,54.0,,,2.0,2.0,4.0,5.0,,,,,,,18.0,,,2.0,,,3.0,,1.0,,4.0,1.0,1.0,1.0,1.0,1.0,1.0,1.0,1.0,1.0,1.0,,,,,,,6,3,4,3,3,5,6,6,3,2.0,55.0,50.0,52.0,60.0,62.0,58.0,65.0,54.0,40.0,38.0,1.0,1.0,1.0,1.0,2.0,2.0,1.0,2.0,2.0,2.0,2.0,2.0,1.0,1.0,2.0,2.0,2.0,1.0,1.0,2.0,2.0,1.0,2.0,1.0,1.0,2.0,2.0,1.0,2.0,1.0,1.0,1.0,2.0,1.0,2.0,1.0,2.0,2.0,2.0,2.0
533,4,4,4,5,5,5,5,4,1,2,70.0,,,2.0,3.0,4.0,5.0,,,,,6.0,,,2.0,1.0,,,,,4.0,4.0,5.0,,,,,15.0,,2.0,,,3.0,,1.0,4.0,,1.0,1.0,1.0,1.0,1.0,1.0,1.0,1.0,1.0,1.0,,,,,,,6,3,4,4,3,5,6,6,3,2.0,60.0,55.0,58.0,65.0,68.0,70.0,72.0,60.0,40.0,45.0,2.0,1.0,2.0,2.0,2.0,2.0,2.0,2.0,2.0,1.0,1.0,1.0,2.0,1.0,1.0,1.0,2.0,1.0,2.0,1.0,1.0,1.0,1.0,2.0,2.0,1.0,1.0,2.0,2.0,2.0,2.0,1.0,1.0,2.0,1.0,2.0,2.0,2.0,2.0,2.0
102,1,2,2,1,2,2,2,1,1,1,70.0,,2.0,,5.0,4.0,2.0,,,,6.0,,,,1.0,1.0,,2.0,5.0,5.0,,,,,,,,15.0,1.0,,,3.0,,1.0,,,5.0,,,,,,,,,,,1.0,1.0,1.0,1.0,1.0,1.0,7,3,3,3,3,5,6,6,4,2.0,20.0,30.0,30.0,15.0,25.0,30.0,30.0,15.0,15.0,15.0,2.0,1.0,1.0,1.0,2.0,1.0,2.0,1.0,1.0,1.0,1.0,1.0,1.0,2.0,1.0,2.0,1.0,1.0,1.0,1.0,1.0,1.0,1.0,2.0,1.0,1.0,1.0,2.0,1.0,1.0,1.0,1.0,1.0,1.0,2.0,1.0,1.0,1.0,1.0,1.0
297,2,3,2,2,3,2,4,2,4,4,,30.0,2.0,,3.0,4.0,5.0,,,,,6.0,,,2.0,1.0,,1.0,3.0,4.0,,,,,,,18.0,,,2.0,,,2.0,,1.0,,4.0,1.0,1.0,1.0,1.0,1.0,1.0,1.0,1.0,1.0,1.0,,,,,,,6,3,4,3,3,5,6,5,3,2.0,40.0,35.0,38.0,45.0,50.0,35.0,60.0,40.0,55.0,50.0,1.0,1.0,2.0,2.0,1.0,1.0,1.0,1.0,1.0,1.0,2.0,1.0,1.0,2.0,1.0,1.0,1.0,2.0,1.0,1.0,1.0,1.0,2.0,1.0,1.0,1.0,1.0,1.0,1.0,1.0,1.0,1.0,1.0,2.0,2.0,1.0,1.0,2.0,2.0,1.0
95,2,3,4,2,3,4,4,2,1,2,,30.0,4.0,,5.0,4.0,2.0,,,,6.0,,1.0,54.0,,,2.0,3.0,4.0,5.0,,,,,,,15.0,,,1.0,,,3.0,1.0,,,5.0,,,,,,,,,,,1.0,1.0,1.0,1.0,1.0,1.0,6,2,3,3,3,5,6,6,4,2.0,40.0,35.0,45.0,30.0,35.0,40.0,40.0,30.0,20.0,25.0,1.0,1.0,1.0,2.0,1.0,1.0,1.0,2.0,1.0,2.0,2.0,1.0,2.0,1.0,2.0,1.0,1.0,2.0,2.0,2.0,1.0,1.0,1.0,2.0,1.0,1.0,2.0,1.0,1.0,1.0,1.0,1.0,2.0,1.0,1.0,1.0,1.0,1.0,1.0,1.0
970,5,5,5,5,5,5,5,5,1,1,,30.0,4.0,,,,,3.0,5.0,2.0,,6.0,1.0,54.0,,,2.0,,,,,,,3.0,5.0,6.0,,0.0,1.0,,,6.0,,,1.0,5.0,,,,,,,,,,,,1.0,1.0,1.0,1.0,1.0,1.0,7,3,5,4,2,5,6,6,3,2.0,60.0,55.0,60.0,65.0,65.0,60.0,70.0,60.0,40.0,35.0,2.0,2.0,1.0,1.0,2.0,2.0,2.0,1.0,2.0,1.0,1.0,2.0,2.0,1.0,1.0,1.0,1.0,2.0,2.0,1.0,2.0,2.0,1.0,1.0,1.0,1.0,1.0,2.0,2.0,1.0,1.0,1.0,2.0,1.0,1.0,2.0,1.0,2.0,1.0,1.0
803,5,5,5,5,5,5,5,5,1,2,,30.0,5.0,,,,,3.0,4.0,2.0,6.0,,1.0,54.0,,,2.0,,,,,,,3.0,5.0,6.0,,18.0,1.0,,,5.0,,,1.0,,5.0,,,,,,,,,,,1.0,1.0,1.0,1.0,1.0,1.0,6,3,4,3,3,5,6,5,3,2.0,60.0,55.0,58.0,65.0,68.0,62.0,70.0,60.0,40.0,45.0,2.0,2.0,2.0,2.0,2.0,2.0,2.0,1.0,2.0,2.0,1.0,2.0,2.0,1.0,2.0,1.0,2.0,2.0,2.0,2.0,2.0,2.0,2.0,2.0,2.0,2.0,2.0,2.0,2.0,2.0,2.0,2.0,2.0,2.0,1.0,2.0,1.0,1.0,2.0,2.0
256,2,4,4,2,3,4,4,2,2,2,30.0,,2.0,,,,,5.0,4.0,2.0,6.0,,1.0,54.0,,1.0,,,,,2.0,4.0,5.0,,,,,15.0,1.0,,,4.0,,,1.0,5.0,,1.0,1.0,1.0,1.0,1.0,1.0,1.0,1.0,1.0,1.0,,,,,,,7,3,3,3,3,5,6,6,4,2.0,40.0,60.0,60.0,40.0,50.0,60.0,60.0,40.0,40.0,40.0,1.0,1.0,1.0,1.0,2.0,1.0,1.0,2.0,2.0,1.0,2.0,1.0,2.0,1.0,1.0,2.0,1.0,2.0,1.0,1.0,2.0,1.0,2.0,1.0,1.0,2.0,1.0,1.0,1.0,1.0,2.0,1.0,1.0,2.0,1.0,1.0,2.0,2.0,1.0,1.0
325,2,3,2,2,3,2,4,2,4,4,70.0,,2.0,,,,,3.0,4.0,2.0,,5.0,1.0,30.0,,1.0,,,,,2.0,4.0,4.0,,,,18.0,,1.0,,3.0,,,1.0,,,4.0,,,,,,,,,,,1.0,1.0,1.0,1.0,1.0,1.0,6,3,4,3,3,5,6,5,3,2.0,40.0,45.0,40.0,50.0,55.0,40.0,60.0,45.0,55.0,50.0,1.0,1.0,1.0,2.0,1.0,2.0,1.0,2.0,2.0,2.0,1.0,1.0,2.0,1.0,1.0,2.0,2.0,2.0,1.0,2.0,1.0,1.0,1.0,1.0,2.0,1.0,1.0,1.0,2.0,1.0,2.0,1.0,1.0,2.0,2.0,1.0,1.0,2.0,1.0,1.0
539,4,5,5,5,5,5,5,5,1,2,70.0,,,1.0,3.0,4.0,6.0,,,,6.0,,,,2.0,,2.0,,,,3.0,4.0,5.0,,,,18.0,,1.0,,,6.0,,1.0,,5.0,,,,,,,,,,,,1.0,1.0,1.0,1.0,1.0,1.0,6,3,4,3,3,5,6,6,3,2.0,60.0,55.0,60.0,65.0,65.0,60.0,70.0,60.0,40.0,45.0,2.0,2.0,1.0,1.0,1.0,2.0,1.0,1.0,2.0,2.0,1.0,1.0,1.0,2.0,2.0,1.0,1.0,2.0,1.0,1.0,1.0,2.0,1.0,1.0,2.0,1.0,1.0,2.0,2.0,1.0,1.0,2.0,1.0,2.0,1.0,1.0,1.0,2.0,1.0,2.0
54,3,3,3,3,4,3,4,3,4,3,,30.0,,2.0,3.0,4.0,5.0,,,,,5.0,,,2.0,,2.0,,,,3.0,4.0,5.0,,,,18.0,,,2.0,,6.0,,1.0,,,4.0,,,,,,,,,,,1.0,1.0,1.0,1.0,1.0,1.0,6,3,4,4,3,5,6,6,3,2.0,45.0,40.0,42.0,50.0,55.0,48.0,60.0,50.0,52.0,45.0,2.0,1.0,1.0,1.0,1.0,1.0,1.0,1.0,1.0,2.0,1.0,2.0,1.0,1.0,2.0,1.0,1.0,1.0,2.0,1.0,2.0,1.0,2.0,1.0,1.0,1.0,1.0,1.0,2.0,2.0,2.0,2.0,1.0,1.0,2.0,2.0,1.0,2.0,2.0,1.0
223,2,2,2,2,2,2,4,2,4,4,,30.0,,2.0,3.0,4.0,5.0,,,,,6.0,1.0,40.0,,,2.0,,,,2.0,4.0,5.0,,,,18.0,,1.0,,,,2.0,1.0,,4.0,,1.0,1.0,1.0,1.0,1.0,1.0,1.0,1.0,1.0,1.0,,,,,,,6,3,4,3,3,5,6,5,3,2.0,40.0,45.0,40.0,50.0,55.0,45.0,60.0,40.0,55.0,50.0,2.0,1.0,1.0,2.0,1.0,1.0,2.0,2.0,1.0,1.0,1.0,2.0,1.0,2.0,1.0,1.0,1.0,2.0,1.0,2.0,1.0,1.0,1.0,2.0,1.0,1.0,1.0,2.0,2.0,2.0,1.0,2.0,1.0,2.0,1.0,1.0,1.0,2.0,1.0,1.0
350,4,4,4,1,3,5,5,3,1,2,,30.0,5.0,,,,,5.0,4.0,2.0,,6.0,,,1.0,1.0,,,,,,,,2.0,5.0,5.0,15.0,,1.0,,,4.0,,1.0,,,5.0,,,,,,,,,,,1.0,1.0,1.0,1.0,1.0,1.0,6,3,3,3,3,5,6,6,4,2.0,65.0,60.0,60.0,25.0,45.0,75.0,75.0,45.0,25.0,35.0,1.0,1.0,1.0,1.0,1.0,1.0,1.0,1.0,1.0,1.0,1.0,1.0,1.0,1.0,1.0,1.0,1.0,1.0,1.0,1.0,1.0,1.0,1.0,1.0,1.0,1.0,1.0,1.0,1.0,1.0,1.0,1.0,1.0,1.0,1.0,1.0,1.0,1.0,1.0,1.0
21,2,2,2,2,2,2,4,2,4,2,70.0,,,2.0,3.0,4.0,5.0,,,,6.0,,1.0,54.0,,1.0,,,,,,,,2.0,4.0,5.0,,15.0,1.0,,,6.0,,1.0,,,4.0,,,,,,,,,,,1.0,1.0,1.0,1.0,1.0,1.0,6,3,4,4,3,5,6,6,3,2.0,45.0,40.0,40.0,40.0,45.0,35.0,60.0,40.0,50.0,35.0,2.0,2.0,1.0,1.0,1.0,2.0,2.0,2.0,2.0,1.0,1.0,2.0,2.0,2.0,1.0,1.0,2.0,1.0,1.0,2.0,1.0,1.0,2.0,2.0,1.0,1.0,2.0,1.0,1.0,1.0,2.0,2.0,1.0,1.0,1.0,1.0,1.0,2.0,1.0,1.0
618,4,4,4,5,5,5,5,5,1,2,,30.0,,2.0,3.0,4.0,6.0,,,,,,1.0,54.0,,,2.0,,,,3.0,4.0,5.0,,,,18.0,,1.0,,,5.0,,1.0,,4.0,,1.0,1.0,1.0,1.0,1.0,1.0,1.0,1.0,1.0,1.0,,,,,,,6,3,4,4,3,5,6,6,3,2.0,55.0,50.0,52.0,60.0,62.0,58.0,65.0,60.0,40.0,45.0,,,,,,,,,,,,,,,,,,,,,,,,,,,,,,,,,,,,,,,,
391,4,4,4,4,4,4,4,4,2,2,70.0,,3.0,,3.0,4.0,5.0,,,,,6.0,1.0,54.0,,,2.0,,,,3.0,4.0,5.0,,,,,18.0,1.0,,,,3.0,,1.0,,4.0,1.0,1.0,1.0,1.0,1.0,1.0,1.0,1.0,1.0,1.0,,,,,,,6,3,4,4,3,5,6,6,3,2.0,55.0,50.0,52.0,60.0,62.0,58.0,65.0,54.0,40.0,38.0,2.0,2.0,1.0,2.0,1.0,2.0,2.0,2.0,1.0,2.0,2.0,1.0,1.0,2.0,1.0,2.0,1.0,2.0,1.0,2.0,1.0,1.0,2.0,1.0,1.0,1.0,1.0,2.0,1.0,1.0,1.0,2.0,1.0,1.0,1.0,1.0,1.0,2.0,2.0,2.0
177,4,4,4,2,3,4,4,3,2,2,,30.0,2.0,,,,,5.0,4.0,2.0,6.0,,,,1.0,1.0,,,,,,,,2.0,5.0,5.0,15.0,,,1.0,3.0,,,,1.0,,5.0,1.0,1.0,1.0,1.0,1.0,1.0,1.0,1.0,1.0,1.0,,,,,,,6,3,3,3,3,5,6,6,4,2.0,70.0,65.0,65.0,40.0,50.0,65.0,65.0,50.0,40.0,40.0,2.0,1.0,1.0,1.0,1.0,2.0,2.0,2.0,1.0,1.0,1.0,1.0,2.0,2.0,1.0,1.0,2.0,1.0,1.0,1.0,1.0,2.0,2.0,2.0,1.0,1.0,1.0,2.0,1.0,1.0,2.0,1.0,1.0,2.0,1.0,1.0,2.0,1.0,1.0,2.0
905,4,4,4,3,4,4,4,3,2,2,70.0,,2.0,,,,,5.0,4.0,2.0,,6.0,1.0,54.0,,,2.0,,,,,,,2.0,4.0,5.0,5.0,,1.0,,4.0,,,,1.0,5.0,,,,,,,,,,,,1.0,1.0,1.0,1.0,1.0,1.0,6,3,3,3,3,5,6,6,4,2.0,65.0,60.0,60.0,50.0,55.0,60.0,60.0,50.0,40.0,40.0,2.0,1.0,1.0,1.0,2.0,1.0,1.0,1.0,1.0,1.0,1.0,2.0,1.0,1.0,2.0,1.0,2.0,1.0,1.0,2.0,1.0,1.0,1.0,2.0,1.0,1.0,1.0,1.0,2.0,1.0,1.0,1.0,1.0,1.0,1.0,1.0,1.0,1.0,1.0,1.0
876,3,4,3,4,4,4,4,4,2,2,,30.0,,2.0,2.0,3.0,5.0,,,,,5.0,1.0,54.0,,,2.0,,,,,,,2.0,4.0,5.0,18.0,,1.0,,3.0,,,1.0,,4.0,,1.0,1.0,1.0,1.0,1.0,1.0,1.0,1.0,1.0,1.0,,,,,,,6,3,4,4,3,5,6,6,3,2.0,45.0,50.0,48.0,60.0,62.0,55.0,65.0,58.0,40.0,38.0,1.0,2.0,1.0,1.0,2.0,1.0,2.0,2.0,2.0,2.0,2.0,1.0,2.0,2.0,2.0,1.0,1.0,1.0,2.0,1.0,2.0,2.0,2.0,1.0,2.0,1.0,2.0,1.0,1.0,2.0,2.0,1.0,2.0,1.0,2.0,2.0,2.0,1.0,2.0,1.0
409,2,2,2,1,2,2,4,1,4,4,70.0,,1.0,,,,,3.0,4.0,2.0,,5.0,1.0,54.0,,,2.0,,,,4.0,4.0,5.0,,,,18.0,,,2.0,,,3.0,1.0,,3.0,,1.0,1.0,1.0,1.0,1.0,1.0,1.0,1.0,1.0,1.0,,,,,,,6,3,4,4,3,5,6,6,3,2.0,55.0,50.0,50.0,45.0,50.0,50.0,60.0,45.0,60.0,60.0,2.0,1.0,1.0,1.0,1.0,1.0,2.0,1.0,1.0,1.0,1.0,1.0,2.0,2.0,1.0,1.0,2.0,1.0,2.0,1.0,1.0,1.0,1.0,1.0,1.0,1.0,2.0,1.0,1.0,2.0,1.0,2.0,1.0,1.0,1.0,1.0,2.0,1.0,2.0,2.0
180,5,5,5,5,5,5,5,5,2,2,,30.0,,2.0,,,,5.0,4.0,2.0,,6.0,,,1.0,,2.0,3.0,5.0,5.0,,,,,,,,15.0,,1.0,4.0,,,1.0,,5.0,,1.0,1.0,1.0,1.0,1.0,1.0,1.0,1.0,1.0,1.0,,,,,,,7,3,3,3,3,5,6,6,4,2.0,75.0,75.0,75.0,75.0,75.0,75.0,75.0,75.0,30.0,30.0,1.0,1.0,1.0,1.0,2.0,1.0,2.0,2.0,1.0,1.0,1.0,1.0,1.0,1.0,1.0,2.0,1.0,1.0,2.0,2.0,1.0,1.0,2.0,1.0,1.0,2.0,1.0,1.0,1.0,2.0,1.0,1.0,1.0,1.0,1.0,1.0,2.0,1.0,1.0,1.0
215,5,5,5,5,5,5,5,5,1,2,,30.0,5.0,,,,,5.0,4.0,2.0,6.0,,1.0,54.0,,1.0,,,,,2.0,5.0,5.0,,,,15.0,,,1.0,4.0,,,1.0,,,5.0,,,,,,,,,,,1.0,1.0,1.0,1.0,1.0,1.0,7,3,2,2,3,5,6,6,4,2.0,85.0,85.0,85.0,85.0,85.0,85.0,85.0,85.0,20.0,30.0,2.0,2.0,1.0,1.0,1.0,2.0,1.0,1.0,2.0,1.0,2.0,2.0,1.0,1.0,2.0,1.0,1.0,1.0,1.0,1.0,1.0,1.0,2.0,1.0,1.0,1.0,2.0,1.0,1.0,1.0,1.0,2.0,1.0,2.0,1.0,1.0,1.0,1.0,2.0,1.0
366,4,4,4,3,4,3,4,3,2,2,,30.0,,2.0,3.0,4.0,6.0,,,,,5.0,1.0,40.0,,1.0,,2.0,4.0,4.0,,,,,,,18.0,,,2.0,4.0,,,1.0,,4.0,,,,,,,,,,,,1.0,1.0,1.0,1.0,1.0,1.0,6,3,4,4,2,5,6,6,3,2.0,55.0,50.0,52.0,60.0,62.0,58.0,65.0,54.0,40.0,42.0,2.0,2.0,2.0,1.0,2.0,1.0,1.0,2.0,1.0,1.0,2.0,2.0,2.0,1.0,1.0,1.0,1.0,2.0,2.0,2.0,2.0,2.0,1.0,1.0,2.0,2.0,2.0,2.0,1.0,1.0,2.0,1.0,1.0,1.0,2.0,1.0,1.0,1.0,1.0,1.0
17,5,5,5,5,5,5,5,5,1,1,,30.0,,2.0,,,,3.0,5.0,2.0,,6.0,1.0,54.0,,1.0,,1.0,4.0,5.0,,,,,,,20.0,,1.0,,3.0,,,1.0,,5.0,,,,,,,,,,,,1.0,1.0,1.0,1.0,1.0,1.0,6,3,4,3,2,5,6,6,3,2.0,60.0,55.0,58.0,62.0,65.0,60.0,70.0,55.0,40.0,38.0,2.0,1.0,2.0,2.0,1.0,1.0,2.0,2.0,2.0,2.0,2.0,2.0,1.0,2.0,2.0,2.0,2.0,1.0,2.0,1.0,1.0,2.0,1.0,2.0,2.0,2.0,2.0,1.0,2.0,2.0,2.0,1.0,2.0,2.0,2.0,2.0,2.0,1.0,1.0,2.0
881,2,3,2,2,2,2,3,2,4,4,,30.0,,2.0,,,,3.0,5.0,2.0,5.0,,1.0,40.0,,1.0,,,,,,,,3.0,4.0,4.0,,15.0,,2.0,,6.0,,,1.0,3.0,,,,,,,,,,,,1.0,1.0,1.0,1.0,1.0,1.0,6,3,4,4,2,5,6,5,3,2.0,45.0,40.0,42.0,50.0,48.0,38.0,55.0,44.0,35.0,37.0,2.0,2.0,1.0,1.0,2.0,2.0,2.0,1.0,2.0,2.0,1.0,2.0,1.0,2.0,1.0,1.0,2.0,1.0,1.0,2.0,1.0,2.0,1.0,2.0,1.0,2.0,2.0,2.0,2.0,1.0,1.0,1.0,2.0,1.0,1.0,2.0,2.0,2.0,1.0,2.0
141,4,4,4,4,4,4,5,4,2,2,70.0,,4.0,,,,,3.0,4.0,3.0,6.0,,1.0,54.0,,1.0,,,,,4.0,4.0,5.0,,,,,15.0,,2.0,,6.0,,1.0,,4.0,,,,,,,,,,,,1.0,1.0,1.0,1.0,1.0,1.0,6,4,4,4,3,5,6,6,3,2.0,60.0,55.0,58.0,65.0,68.0,62.0,70.0,60.0,40.0,42.0,2.0,1.0,1.0,1.0,1.0,2.0,1.0,2.0,1.0,1.0,2.0,1.0,2.0,1.0,1.0,1.0,2.0,1.0,2.0,1.0,1.0,1.0,2.0,1.0,1.0,2.0,2.0,1.0,1.0,1.0,1.0,2.0,1.0,1.0,1.0,1.0,1.0,2.0,1.0,1.0
933,2,3,2,2,3,2,4,2,4,3,,30.0,2.0,,,,,3.0,5.0,4.0,6.0,,1.0,30.0,,,2.0,,,,,,,2.0,4.0,4.0,18.0,,,2.0,,6.0,,1.0,,,4.0,1.0,1.0,1.0,1.0,1.0,1.0,1.0,1.0,1.0,1.0,,,,,,,6,3,4,4,3,5,6,6,3,2.0,45.0,40.0,40.0,35.0,45.0,35.0,60.0,40.0,55.0,40.0,2.0,1.0,2.0,2.0,2.0,2.0,1.0,1.0,2.0,2.0,1.0,2.0,1.0,1.0,2.0,2.0,1.0,1.0,2.0,2.0,1.0,1.0,1.0,2.0,1.0,2.0,1.0,2.0,1.0,2.0,1.0,2.0,2.0,1.0,2.0,1.0,2.0,1.0,1.0,2.0
840,3,3,3,2,3,2,4,2,4,2,70.0,,3.0,,,,,3.0,5.0,4.0,6.0,,,,2.0,1.0,,,,,,,,3.0,4.0,5.0,,8.0,1.0,,,6.0,,1.0,,,4.0,,,,,,,,,,,1.0,1.0,1.0,1.0,1.0,1.0,6,3,5,4,3,5,6,6,3,2.0,55.0,50.0,52.0,60.0,58.0,48.0,65.0,45.0,40.0,42.0,1.0,2.0,2.0,1.0,1.0,1.0,1.0,2.0,1.0,2.0,1.0,2.0,2.0,1.0,2.0,2.0,1.0,1.0,1.0,1.0,2.0,2.0,2.0,1.0,1.0,2.0,1.0,1.0,1.0,1.0,1.0,2.0,1.0,2.0,1.0,2.0,1.0,2.0,1.0,2.0
134,5,5,5,5,5,5,5,5,2,2,70.0,,5.0,,5.0,4.0,2.0,,,,,6.0,1.0,54.0,,1.0,,,,,2.0,5.0,5.0,,,,,15.0,,1.0,4.0,,,,1.0,,5.0,,,,,,,,,,,1.0,1.0,1.0,1.0,1.0,1.0,6,3,2,2,3,5,6,6,4,2.0,80.0,80.0,85.0,85.0,85.0,85.0,85.0,80.0,30.0,30.0,1.0,2.0,1.0,1.0,2.0,2.0,2.0,1.0,2.0,1.0,1.0,1.0,2.0,1.0,2.0,1.0,2.0,1.0,1.0,1.0,1.0,1.0,1.0,1.0,1.0,1.0,1.0,1.0,1.0,2.0,1.0,2.0,1.0,1.0,2.0,1.0,1.0,1.0,1.0,1.0
728,4,4,4,2,3,4,4,3,2,2,,30.0,,2.0,,,,4.0,3.0,2.0,,6.0,1.0,54.0,,,2.0,,,,,,,2.0,4.0,5.0,15.0,,1.0,,,4.0,,,1.0,5.0,,,,,,,,,,,,1.0,1.0,1.0,1.0,1.0,1.0,6,3,2,3,3,5,6,6,4,2.0,70.0,65.0,65.0,40.0,50.0,65.0,65.0,50.0,35.0,35.0,2.0,2.0,1.0,1.0,2.0,1.0,1.0,2.0,1.0,1.0,1.0,2.0,1.0,2.0,1.0,2.0,1.0,2.0,1.0,1.0,1.0,1.0,1.0,2.0,1.0,1.0,1.0,1.0,1.0,1.0,1.0,1.0,1.0,2.0,1.0,2.0,1.0,1.0,1.0,1.0
946,4,4,4,4,4,4,5,4,2,2,,30.0,,2.0,3.0,4.0,6.0,,,,,6.0,1.0,54.0,,,2.0,,,,,,,3.0,4.0,5.0,16.0,,1.0,,5.0,,,1.0,,,4.0,1.0,1.0,1.0,1.0,1.0,1.0,1.0,1.0,1.0,1.0,,,,,,,6,3,4,4,3,5,6,6,3,2.0,55.0,50.0,52.0,60.0,62.0,58.0,70.0,54.0,40.0,42.0,2.0,1.0,2.0,1.0,2.0,2.0,2.0,2.0,1.0,2.0,2.0,1.0,1.0,2.0,1.0,2.0,1.0,2.0,1.0,2.0,2.0,1.0,2.0,2.0,1.0,1.0,1.0,1.0,1.0,2.0,1.0,1.0,1.0,1.0,2.0,1.0,2.0,2.0,1.0,2.0
835,5,5,5,5,5,5,5,5,2,2,30.0,,5.0,,5.0,4.0,2.0,,,,6.0,,,,1.0,,2.0,,,,2.0,5.0,5.0,,,,15.0,,,1.0,4.0,,,1.0,,,5.0,,,,,,,,,,,1.0,1.0,1.0,1.0,1.0,1.0,6,3,3,3,3,5,6,6,4,2.0,75.0,75.0,75.0,75.0,75.0,75.0,75.0,75.0,40.0,40.0,1.0,1.0,2.0,2.0,1.0,1.0,2.0,2.0,1.0,1.0,1.0,2.0,2.0,1.0,1.0,2.0,1.0,1.0,1.0,1.0,1.0,1.0,1.0,1.0,1.0,1.0,1.0,1.0,2.0,1.0,1.0,1.0,1.0,1.0,1.0,1.0,2.0,1.0,1.0,1.0
260,4,4,4,2,3,4,4,3,2,3,70.0,,,2.0,,,,,,,6.0,,1.0,54.0,,1.0,,2.0,4.0,5.0,,,,,,,15.0,,1.0,,,3.0,,,1.0,5.0,,1.0,1.0,1.0,1.0,1.0,1.0,1.0,1.0,1.0,1.0,,,,,,,6,3,2,3,3,5,6,6,4,,,,,,,,,,,,1.0,1.0,1.0,2.0,1.0,1.0,2.0,2.0,1.0,1.0,1.0,1.0,2.0,2.0,1.0,1.0,1.0,1.0,1.0,2.0,1.0,1.0,1.0,2.0,1.0,1.0,2.0,2.0,1.0,1.0,1.0,2.0,1.0,2.0,1.0,1.0,1.0,1.0,1.0,1.0
313,5,5,5,5,5,5,5,5,1,1,70.0,,,1.0,3.0,4.0,6.0,,,,,6.0,1.0,54.0,,,2.0,,,,4.0,5.0,6.0,,,,18.0,,1.0,,,6.0,,1.0,,6.0,,,,,,,,,,,,1.0,1.0,1.0,1.0,1.0,1.0,7,3,4,3,2,6,6,5,4,2.0,60.0,55.0,58.0,65.0,68.0,62.0,70.0,60.0,40.0,35.0,2.0,2.0,2.0,2.0,2.0,1.0,1.0,1.0,1.0,1.0,1.0,2.0,1.0,2.0,2.0,1.0,1.0,1.0,2.0,1.0,2.0,1.0,1.0,1.0,1.0,2.0,1.0,2.0,1.0,2.0,1.0,1.0,1.0,1.0,1.0,2.0,1.0,1.0,1.0,1.0
62,5,5,5,3,4,5,5,4,2,2,70.0,,2.0,,5.0,4.0,2.0,,,,6.0,,,,1.0,,2.0,,,,2.0,5.0,5.0,,,,,12.0,,1.0,,4.0,,1.0,,,5.0,,,,,,,,,,,1.0,1.0,1.0,1.0,1.0,1.0,6,3,3,3,3,5,6,6,4,2.0,80.0,75.0,80.0,55.0,65.0,80.0,75.0,65.0,40.0,40.0,1.0,2.0,1.0,2.0,1.0,1.0,2.0,2.0,1.0,1.0,2.0,1.0,2.0,1.0,1.0,1.0,2.0,1.0,2.0,2.0,1.0,1.0,1.0,1.0,2.0,1.0,1.0,1.0,2.0,2.0,1.0,1.0,1.0,1.0,1.0,1.0,2.0,1.0,1.0,1.0
987,5,4,5,5,5,5,5,5,2,2,70.0,,,2.0,5.0,4.0,2.0,,,,,6.0,1.0,54.0,,,2.0,,,,,,,2.0,5.0,5.0,15.0,,1.0,,,,4.0,1.0,,,5.0,1.0,1.0,1.0,1.0,1.0,1.0,1.0,1.0,1.0,1.0,,,,,,,7,3,3,3,3,5,6,6,4,2.0,75.0,65.0,80.0,75.0,75.0,80.0,75.0,70.0,40.0,40.0,2.0,1.0,1.0,1.0,1.0,1.0,2.0,1.0,1.0,1.0,2.0,1.0,2.0,1.0,1.0,2.0,1.0,1.0,1.0,1.0,1.0,1.0,1.0,1.0,2.0,2.0,1.0,1.0,2.0,1.0,2.0,2.0,1.0,2.0,1.0,1.0,1.0,2.0,1.0,1.0
651,3,4,4,2,3,4,4,3,2,2,70.0,,2.0,,,,,5.0,4.0,2.0,6.0,,1.0,54.0,,1.0,,2.0,4.0,5.0,,,,,,,15.0,,1.0,,,3.0,,,1.0,5.0,,,,,,,,,,,,1.0,1.0,1.0,1.0,1.0,1.0,6,3,2,3,3,5,6,5,4,2.0,55.0,65.0,65.0,40.0,50.0,65.0,65.0,50.0,40.0,40.0,2.0,2.0,1.0,1.0,2.0,2.0,1.0,1.0,2.0,1.0,2.0,2.0,2.0,1.0,2.0,1.0,2.0,2.0,1.0,1.0,1.0,2.0,1.0,2.0,2.0,2.0,1.0,1.0,2.0,2.0,1.0,2.0,1.0,2.0,1.0,2.0,1.0,1.0,2.0,1.0
722,4,4,4,4,4,4,5,4,2,2,,30.0,,2.0,3.0,4.0,5.0,,,,6.0,,1.0,40.0,,1.0,,2.0,4.0,5.0,,,,,,,20.0,,,2.0,,6.0,,1.0,,4.0,,,,,,,,,,,,1.0,1.0,1.0,1.0,1.0,1.0,6,3,4,3,3,5,6,5,3,2.0,55.0,50.0,55.0,60.0,65.0,60.0,70.0,60.0,40.0,40.0,2.0,2.0,2.0,2.0,2.0,1.0,2.0,2.0,2.0,2.0,2.0,2.0,2.0,2.0,2.0,2.0,2.0,2.0,2.0,1.0,2.0,2.0,2.0,1.0,2.0,1.0,2.0,2.0,2.0,1.0,2.0,2.0,1.0,2.0,2.0,2.0,1.0,2.0,2.0,1.0
68,5,5,5,5,5,5,5,5,1,1,,30.0,,2.0,,,,,,,6.0,,1.0,54.0,,,2.0,,,,2.0,5.0,5.0,,,,,15.0,,1.0,,,4.0,1.0,,5.0,,,,,,,,,,,,1.0,1.0,1.0,1.0,1.0,1.0,7,3,3,3,3,5,6,6,4,2.0,85.0,80.0,85.0,80.0,80.0,85.0,80.0,75.0,20.0,20.0,2.0,1.0,1.0,1.0,2.0,2.0,1.0,1.0,2.0,1.0,2.0,1.0,2.0,1.0,1.0,1.0,2.0,2.0,2.0,1.0,1.0,1.0,1.0,1.0,1.0,1.0,2.0,2.0,2.0,1.0,1.0,1.0,1.0,1.0,1.0,1.0,2.0,1.0,2.0,2.0
319,3,4,4,2,3,4,4,3,2,2,70.0,,2.0,,5.0,4.0,2.0,,,,,6.0,,,1.0,1.0,,3.0,4.0,5.0,,,,,,,,15.0,,1.0,,3.0,,,1.0,5.0,,,,,,,,,,,,1.0,1.0,1.0,1.0,1.0,1.0,6,3,3,3,3,5,6,6,4,2.0,60.0,65.0,65.0,40.0,50.0,65.0,65.0,50.0,40.0,40.0,2.0,1.0,1.0,1.0,1.0,1.0,1.0,1.0,1.0,1.0,1.0,1.0,1.0,1.0,1.0,1.0,1.0,1.0,2.0,2.0,1.0,1.0,2.0,2.0,2.0,1.0,1.0,1.0,1.0,1.0,1.0,2.0,2.0,1.0,1.0,1.0,1.0,1.0,1.0,1.0
690,5,5,5,5,5,5,5,5,1,2,,30.0,,1.0,,,,3.0,5.0,2.0,,6.0,1.0,54.0,,,2.0,,,,,,,4.0,5.0,6.0,5.0,,1.0,,4.0,,,1.0,,5.0,,,,,,,,,,,,1.0,1.0,1.0,1.0,1.0,1.0,6,3,4,3,3,5,6,6,4,2.0,60.0,55.0,60.0,65.0,70.0,65.0,75.0,60.0,40.0,45.0,2.0,2.0,1.0,2.0,2.0,1.0,2.0,2.0,1.0,2.0,1.0,2.0,2.0,1.0,1.0,1.0,2.0,1.0,2.0,1.0,2.0,1.0,2.0,1.0,1.0,1.0,1.0,1.0,2.0,1.0,1.0,1.0,1.0,2.0,2.0,1.0,1.0,1.0,1.0,1.0
476,2,3,2,2,3,3,3,2,4,2,70.0,,3.0,,,,,3.0,5.0,2.0,6.0,,,,2.0,,2.0,,,,2.0,4.0,4.0,,,,0.0,,1.0,,3.0,,,1.0,,3.0,,,,,,,,,,,,1.0,1.0,1.0,1.0,1.0,1.0,6,3,4,4,3,5,6,6,3,2.0,45.0,40.0,42.0,55.0,60.0,55.0,70.0,50.0,35.0,40.0,2.0,2.0,2.0,1.0,1.0,2.0,1.0,1.0,2.0,2.0,2.0,1.0,1.0,2.0,1.0,2.0,2.0,2.0,1.0,2.0,1.0,2.0,1.0,2.0,2.0,2.0,2.0,2.0,1.0,2.0,1.0,1.0,2.0,2.0,1.0,2.0,1.0,1.0,1.0,1.0
505,4,4,4,3,4,3,5,4,2,2,,30.0,,2.0,3.0,4.0,5.0,,,,6.0,,1.0,40.0,,1.0,,2.0,4.0,5.0,,,,,,,,15.0,,2.0,,,3.0,1.0,,4.0,,,,,,,,,,,,1.0,1.0,1.0,1.0,1.0,1.0,6,3,4,3,3,5,6,5,3,2.0,55.0,60.0,58.0,50.0,60.0,55.0,70.0,60.0,40.0,40.0,1.0,1.0,1.0,2.0,1.0,2.0,1.0,1.0,1.0,2.0,1.0,1.0,1.0,1.0,2.0,1.0,2.0,1.0,2.0,1.0,1.0,1.0,1.0,2.0,1.0,1.0,2.0,1.0,2.0,1.0,2.0,2.0,1.0,1.0,2.0,1.0,2.0,2.0,1.0,2.0
403,5,5,5,5,5,5,5,5,1,2,,30.0,,1.0,3.0,4.0,6.0,,,,6.0,,1.0,54.0,,1.0,,2.0,4.0,5.0,,,,,,,18.0,,1.0,,,,2.0,1.0,,,5.0,,,,,,,,,,,1.0,1.0,1.0,1.0,1.0,1.0,6,3,4,4,2,5,6,6,4,2.0,60.0,55.0,58.0,65.0,68.0,62.0,70.0,60.0,40.0,45.0,1.0,2.0,1.0,1.0,1.0,1.0,2.0,2.0,2.0,1.0,1.0,1.0,2.0,1.0,2.0,2.0,1.0,2.0,2.0,1.0,2.0,2.0,2.0,2.0,2.0,2.0,1.0,2.0,2.0,2.0,1.0,1.0,1.0,2.0,1.0,1.0,1.0,2.0,2.0,2.0
570,5,5,5,5,5,5,5,5,1,1,,30.0,5.0,,,,,3.0,4.0,2.0,,6.0,1.0,54.0,,,2.0,,,,3.0,5.0,6.0,,,,,18.0,1.0,,3.0,,,,1.0,5.0,,1.0,1.0,1.0,1.0,1.0,1.0,1.0,1.0,1.0,1.0,,,,,,,6,3,4,4,2,5,6,6,3,2.0,60.0,55.0,50.0,65.0,70.0,60.0,75.0,55.0,40.0,35.0,2.0,2.0,1.0,2.0,1.0,2.0,2.0,2.0,2.0,1.0,2.0,2.0,2.0,1.0,2.0,2.0,1.0,2.0,2.0,1.0,2.0,2.0,2.0,1.0,2.0,2.0,2.0,2.0,1.0,2.0,2.0,1.0,2.0,2.0,2.0,2.0,1.0,2.0,2.0,2.0
796,5,5,5,5,5,5,5,5,1,1,70.0,,,2.0,3.0,4.0,6.0,,,,6.0,,1.0,54.0,,,2.0,2.0,4.0,4.0,,,,,,,20.0,,,2.0,4.0,,,,1.0,,5.0,1.0,1.0,1.0,1.0,1.0,1.0,1.0,1.0,1.0,1.0,,,,,,,6,3,4,4,2,5,6,6,3,2.0,60.0,55.0,58.0,65.0,68.0,62.0,70.0,60.0,40.0,35.0,1.0,2.0,1.0,2.0,1.0,1.0,2.0,1.0,1.0,1.0,2.0,1.0,1.0,2.0,2.0,1.0,2.0,2.0,1.0,1.0,2.0,2.0,2.0,2.0,1.0,1.0,1.0,2.0,1.0,2.0,2.0,2.0,1.0,1.0,2.0,2.0,1.0,2.0,2.0,2.0
939,4,4,4,3,4,5,5,4,2,2,70.0,,2.0,,,,,5.0,4.0,2.0,,6.0,,,1.0,1.0,,,,,,,,2.0,5.0,5.0,,15.0,1.0,,5.0,,,,1.0,5.0,,,,,,,,,,,,1.0,1.0,1.0,1.0,1.0,1.0,7,3,3,3,3,5,6,6,4,2.0,70.0,65.0,65.0,50.0,65.0,80.0,80.0,65.0,40.0,40.0,1.0,1.0,1.0,2.0,2.0,1.0,1.0,2.0,1.0,2.0,2.0,1.0,1.0,2.0,1.0,2.0,1.0,1.0,1.0,2.0,1.0,1.0,1.0,1.0,1.0,1.0,1.0,1.0,1.0,1.0,2.0,1.0,2.0,2.0,1.0,1.0,1.0,1.0,2.0,2.0
624,5,5,5,5,5,5,5,5,1,1,,30.0,,2.0,5.0,4.0,2.0,,,,,6.0,,,1.0,1.0,,,,,2.0,5.0,5.0,,,,,15.0,1.0,,,,3.0,1.0,,5.0,,,,,,,,,,,,1.0,1.0,1.0,1.0,1.0,1.0,7,3,3,3,3,5,6,6,3,2.0,80.0,80.0,85.0,85.0,85.0,85.0,85.0,80.0,20.0,20.0,1.0,1.0,2.0,1.0,2.0,1.0,2.0,2.0,1.0,1.0,1.0,2.0,2.0,2.0,1.0,2.0,2.0,1.0,1.0,1.0,2.0,1.0,1.0,2.0,1.0,1.0,1.0,2.0,1.0,2.0,2.0,1.0,1.0,1.0,1.0,1.0,2.0,2.0,1.0,1.0
757,5,5,5,5,5,5,5,5,1,2,,30.0,,1.0,,,,3.0,5.0,4.0,6.0,,1.0,40.0,,,2.0,,,,,,,3.0,5.0,6.0,18.0,,1.0,,,6.0,,,1.0,5.0,,1.0,1.0,1.0,1.0,1.0,1.0,1.0,1.0,1.0,1.0,,,,,,,6,3,4,3,3,5,6,6,4,2.0,60.0,55.0,58.0,65.0,68.0,62.0,70.0,60.0,35.0,40.0,2.0,2.0,2.0,1.0,1.0,2.0,1.0,1.0,1.0,2.0,1.0,1.0,2.0,1.0,1.0,1.0,1.0,1.0,1.0,2.0,1.0,2.0,1.0,1.0,1.0,2.0,2.0,1.0,1.0,1.0,1.0,1.0,2.0,1.0,1.0,1.0,1.0,1.0,1.0,2.0
432,4,4,4,2,3,4,4,3,2,2,,30.0,5.0,,5.0,4.0,2.0,,,,,6.0,,,1.0,,2.0,,,,,,,2.0,5.0,5.0,,15.0,,1.0,,,3.0,,1.0,,5.0,,,,,,,,,,,1.0,1.0,1.0,1.0,1.0,1.0,6,3,2,3,3,5,6,6,4,2.0,65.0,60.0,60.0,40.0,50.0,60.0,60.0,45.0,35.0,35.0,2.0,1.0,2.0,1.0,1.0,2.0,1.0,1.0,1.0,1.0,1.0,2.0,2.0,1.0,1.0,1.0,1.0,1.0,2.0,2.0,1.0,2.0,1.0,1.0,1.0,1.0,2.0,2.0,2.0,1.0,1.0,1.0,1.0,2.0,1.0,2.0,1.0,1.0,2.0,1.0
541,4,4,4,4,4,4,4,4,2,2,,30.0,,2.0,3.0,4.0,5.0,,,,6.0,,,,2.0,,2.0,2.0,4.0,4.0,,,,,,,18.0,,,2.0,,,3.0,1.0,,,4.0,1.0,1.0,1.0,1.0,1.0,1.0,1.0,1.0,1.0,1.0,,,,,,,6,3,4,3,3,5,6,5,3,2.0,55.0,50.0,52.0,60.0,62.0,58.0,65.0,54.0,40.0,42.0,2.0,2.0,1.0,1.0,1.0,1.0,1.0,1.0,1.0,1.0,1.0,2.0,2.0,2.0,2.0,1.0,2.0,2.0,1.0,2.0,2.0,2.0,1.0,1.0,1.0,1.0,2.0,2.0,2.0,1.0,1.0,2.0,1.0,1.0,2.0,1.0,2.0,2.0,1.0,2.0
908,5,5,5,5,5,5,5,5,1,2,70.0,,4.0,,,,,3.0,5.0,2.0,6.0,,,,2.0,,2.0,,,,4.0,5.0,6.0,,,,,5.0,1.0,,,6.0,,1.0,,,5.0,,,,,,,,,,,1.0,1.0,1.0,1.0,1.0,1.0,6,3,4,3,2,5,6,5,4,2.0,60.0,55.0,58.0,65.0,70.0,62.0,75.0,60.0,40.0,45.0,2.0,2.0,2.0,1.0,1.0,1.0,2.0,1.0,1.0,1.0,2.0,2.0,2.0,1.0,2.0,1.0,2.0,2.0,2.0,1.0,1.0,2.0,1.0,2.0,1.0,2.0,1.0,1.0,1.0,2.0,1.0,2.0,2.0,2.0,2.0,2.0,2.0,2.0,2.0,1.0
615,5,5,5,5,5,5,5,5,1,2,,30.0,,1.0,3.0,4.0,6.0,,,,,,1.0,54.0,,1.0,,,,,,,,4.0,5.0,6.0,,20.0,1.0,,4.0,,,,1.0,5.0,,1.0,1.0,1.0,1.0,1.0,1.0,1.0,1.0,1.0,1.0,,,,,,,6,3,4,3,3,5,6,5,3,2.0,60.0,55.0,58.0,65.0,70.0,62.0,75.0,60.0,40.0,45.0,2.0,2.0,2.0,1.0,2.0,1.0,1.0,1.0,2.0,1.0,2.0,2.0,2.0,2.0,2.0,1.0,1.0,1.0,1.0,2.0,1.0,1.0,2.0,2.0,2.0,2.0,2.0,2.0,2.0,2.0,2.0,1.0,1.0,2.0,2.0,1.0,2.0,2.0,2.0,1.0
766,4,4,4,2,3,4,4,3,2,3,70.0,,5.0,,5.0,4.0,2.0,,,,6.0,,1.0,54.0,,1.0,,3.0,5.0,5.0,,,,,,,,15.0,,1.0,6.0,,,1.0,,,5.0,,,,,,,,,,,1.0,1.0,1.0,1.0,1.0,1.0,7,3,2,3,3,5,6,6,4,2.0,70.0,65.0,65.0,40.0,50.0,65.0,65.0,50.0,40.0,50.0,2.0,2.0,1.0,1.0,1.0,1.0,1.0,1.0,1.0,2.0,1.0,2.0,1.0,1.0,1.0,1.0,1.0,1.0,1.0,2.0,1.0,1.0,1.0,1.0,1.0,1.0,1.0,1.0,1.0,1.0,1.0,1.0,1.0,2.0,2.0,1.0,1.0,2.0,1.0,1.0
580,2,3,2,2,2,2,4,2,4,4,,30.0,,2.0,3.0,4.0,5.0,,,,6.0,,1.0,54.0,,,2.0,2.0,4.0,5.0,,,,,,,,5.0,,2.0,4.0,,,1.0,,4.0,,,,,,,,,,,,1.0,1.0,1.0,1.0,1.0,1.0,6,3,4,4,2,5,6,6,3,2.0,45.0,40.0,42.0,55.0,60.0,50.0,65.0,40.0,35.0,38.0,1.0,2.0,2.0,1.0,1.0,2.0,1.0,1.0,1.0,1.0,1.0,1.0,2.0,1.0,2.0,1.0,1.0,1.0,2.0,2.0,1.0,1.0,2.0,2.0,1.0,1.0,1.0,2.0,2.0,2.0,2.0,2.0,2.0,1.0,1.0,2.0,1.0,1.0,2.0,2.0
98,4,4,4,4,4,4,5,4,2,3,,30.0,,2.0,3.0,4.0,5.0,,,,6.0,,,,2.0,1.0,,2.0,4.0,5.0,,,,,,,,18.0,1.0,,,6.0,,,1.0,,5.0,1.0,1.0,1.0,1.0,1.0,1.0,1.0,1.0,1.0,1.0,,,,,,,6,3,4,3,3,5,6,5,3,2.0,55.0,50.0,52.0,60.0,62.0,58.0,65.0,54.0,40.0,45.0,1.0,1.0,2.0,1.0,1.0,2.0,2.0,1.0,2.0,1.0,2.0,2.0,1.0,1.0,2.0,2.0,2.0,1.0,2.0,2.0,2.0,2.0,2.0,1.0,1.0,2.0,2.0,2.0,2.0,1.0,2.0,1.0,1.0,2.0,1.0,2.0,1.0,2.0,1.0,1.0
486,5,5,5,5,5,5,5,5,2,2,70.0,,5.0,,5.0,4.0,2.0,,,,,6.0,1.0,54.0,,,2.0,3.0,5.0,5.0,,,,,,,,15.0,1.0,,,,3.0,1.0,,,5.0,,,,,,,,,,,1.0,1.0,1.0,1.0,1.0,1.0,7,3,3,3,3,5,6,6,4,2.0,75.0,70.0,75.0,70.0,70.0,75.0,70.0,65.0,40.0,40.0,1.0,2.0,1.0,1.0,2.0,1.0,2.0,1.0,1.0,1.0,2.0,1.0,1.0,1.0,1.0,1.0,2.0,1.0,2.0,2.0,1.0,1.0,1.0,1.0,1.0,1.0,1.0,1.0,2.0,1.0,1.0,2.0,1.0,1.0,1.0,1.0,2.0,1.0,1.0,1.0
660,5,4,5,5,4,5,5,4,2,2,,30.0,,2.0,,,,,,,6.0,,1.0,54.0,,,2.0,2.0,5.0,5.0,,,,,,,,15.0,,1.0,,4.0,,,1.0,5.0,,,,,,,,,,,,1.0,1.0,1.0,1.0,1.0,1.0,6,3,3,3,3,5,6,6,4,2.0,70.0,60.0,75.0,70.0,65.0,75.0,70.0,60.0,40.0,40.0,2.0,2.0,1.0,1.0,1.0,2.0,1.0,1.0,1.0,1.0,1.0,1.0,1.0,1.0,2.0,1.0,1.0,1.0,1.0,2.0,2.0,1.0,1.0,1.0,1.0,2.0,1.0,2.0,2.0,1.0,1.0,2.0,1.0,1.0,2.0,1.0,1.0,1.0,1.0,1.0
713,5,5,5,5,5,5,5,5,1,2,70.0,,,2.0,,,,3.0,5.0,2.0,6.0,,1.0,54.0,,,2.0,,,,4.0,5.0,6.0,,,,,18.0,,2.0,4.0,,,1.0,,,5.0,1.0,1.0,1.0,1.0,1.0,1.0,1.0,1.0,1.0,1.0,,,,,,,6,3,4,3,3,5,6,5,4,2.0,60.0,55.0,58.0,65.0,68.0,62.0,70.0,60.0,40.0,45.0,1.0,2.0,1.0,1.0,2.0,1.0,2.0,2.0,2.0,1.0,1.0,2.0,2.0,1.0,1.0,1.0,1.0,1.0,1.0,1.0,1.0,1.0,2.0,1.0,2.0,2.0,2.0,1.0,1.0,1.0,2.0,2.0,2.0,1.0,1.0,1.0,1.0,2.0,1.0,1.0
59,2,3,2,2,3,2,4,2,4,3,70.0,,,2.0,,,,3.0,4.0,2.0,,6.0,,,2.0,,2.0,,,,3.0,4.0,5.0,,,,18.0,,1.0,,4.0,,,,1.0,,4.0,,,,,,,,,,,1.0,1.0,1.0,1.0,1.0,1.0,6,3,4,3,3,5,6,5,3,2.0,45.0,40.0,42.0,50.0,55.0,48.0,60.0,40.0,55.0,45.0,1.0,2.0,1.0,1.0,2.0,1.0,2.0,1.0,2.0,1.0,2.0,1.0,1.0,2.0,2.0,1.0,2.0,1.0,2.0,2.0,1.0,2.0,2.0,1.0,1.0,1.0,1.0,2.0,1.0,2.0,2.0,1.0,1.0,2.0,1.0,1.0,1.0,1.0,2.0,1.0
328,5,5,5,3,4,5,5,4,2,2,70.0,,2.0,,5.0,4.0,2.0,,,,6.0,,1.0,54.0,,,2.0,,,,2.0,5.0,5.0,,,,10.0,,,1.0,4.0,,,1.0,,,5.0,1.0,1.0,1.0,1.0,1.0,1.0,1.0,1.0,1.0,1.0,,,,,,,6,3,3,3,3,5,6,6,4,2.0,70.0,70.0,70.0,50.0,60.0,70.0,70.0,60.0,40.0,40.0,2.0,2.0,1.0,1.0,1.0,1.0,1.0,1.0,1.0,1.0,1.0,1.0,1.0,1.0,1.0,1.0,1.0,1.0,1.0,1.0,1.0,1.0,1.0,1.0,1.0,1.0,1.0,1.0,1.0,2.0,1.0,1.0,1.0,1.0,1.0,1.0,1.0,1.0,1.0,1.0
447,2,2,2,2,2,2,4,2,4,4,70.0,,,2.0,2.0,3.0,5.0,,,,,5.0,1.0,40.0,,1.0,,2.0,4.0,4.0,,,,,,,,5.0,,2.0,,6.0,,,1.0,,4.0,,,,,,,,,,,1.0,1.0,1.0,1.0,1.0,1.0,6,3,4,4,2,5,6,6,3,2.0,40.0,35.0,35.0,40.0,45.0,35.0,60.0,40.0,55.0,50.0,2.0,1.0,1.0,2.0,2.0,2.0,2.0,2.0,2.0,1.0,1.0,2.0,2.0,2.0,2.0,2.0,1.0,2.0,1.0,1.0,1.0,2.0,2.0,1.0,1.0,2.0,1.0,2.0,2.0,1.0,2.0,2.0,2.0,2.0,1.0,2.0,2.0,1.0,2.0,2.0
534,4,4,4,4,4,4,4,4,2,2,70.0,,4.0,,,,,3.0,4.0,3.0,,6.0,1.0,54.0,,1.0,,,,,,,,3.0,4.0,5.0,,18.0,1.0,,,,3.0,,1.0,4.0,,1.0,1.0,1.0,1.0,1.0,1.0,1.0,1.0,1.0,1.0,,,,,,,6,3,4,4,3,5,6,5,3,2.0,55.0,50.0,52.0,60.0,62.0,58.0,65.0,54.0,40.0,38.0,2.0,2.0,1.0,2.0,2.0,1.0,2.0,2.0,2.0,2.0,1.0,2.0,2.0,2.0,2.0,2.0,2.0,2.0,2.0,2.0,2.0,1.0,2.0,1.0,2.0,2.0,1.0,1.0,1.0,1.0,1.0,2.0,2.0,2.0,2.0,1.0,2.0,2.0,2.0,2.0
105,3,3,3,3,4,3,4,3,2,2,,30.0,,2.0,,,,3.0,4.0,3.0,5.0,,,,2.0,,2.0,2.0,3.0,4.0,,,,,,,,0.0,,2.0,3.0,,,1.0,,4.0,,1.0,1.0,1.0,1.0,1.0,1.0,1.0,1.0,1.0,1.0,,,,,,,6,3,4,4,3,5,5,5,3,2.0,45.0,40.0,40.0,50.0,55.0,50.0,60.0,45.0,35.0,35.0,1.0,1.0,2.0,1.0,2.0,1.0,1.0,2.0,1.0,1.0,1.0,2.0,1.0,1.0,1.0,2.0,1.0,1.0,1.0,2.0,1.0,1.0,1.0,2.0,1.0,1.0,1.0,1.0,2.0,2.0,2.0,2.0,1.0,1.0,1.0,1.0,1.0,2.0,2.0,1.0
719,5,5,5,5,5,5,5,5,2,3,,30.0,6.0,,,,,6.0,5.0,2.0,,6.0,,,1.0,1.0,,,,,2.0,5.0,5.0,,,,15.0,,1.0,,,4.0,,1.0,,,5.0,,,,,,,,,,,1.0,1.0,1.0,1.0,1.0,1.0,7,3,3,3,3,5,6,6,4,2.0,85.0,85.0,85.0,85.0,85.0,85.0,85.0,85.0,30.0,50.0,2.0,1.0,2.0,1.0,1.0,2.0,1.0,1.0,1.0,1.0,1.0,1.0,1.0,1.0,2.0,2.0,1.0,2.0,1.0,2.0,1.0,2.0,1.0,1.0,1.0,2.0,2.0,2.0,1.0,1.0,1.0,1.0,1.0,1.0,1.0,1.0,1.0,2.0,1.0,1.0
290,5,5,5,5,5,5,5,5,1,2,,30.0,5.0,,,,,3.0,5.0,2.0,,6.0,1.0,54.0,,,2.0,,,,4.0,5.0,6.0,,,,18.0,,,2.0,,6.0,,,1.0,,5.0,,,,,,,,,,,1.0,1.0,1.0,1.0,1.0,1.0,6,3,4,3,3,5,6,5,3,2.0,60.0,55.0,58.0,65.0,68.0,62.0,70.0,60.0,40.0,45.0,1.0,2.0,2.0,2.0,1.0,2.0,2.0,2.0,2.0,1.0,1.0,2.0,1.0,2.0,2.0,2.0,2.0,2.0,2.0,1.0,2.0,1.0,2.0,2.0,1.0,1.0,2.0,2.0,1.0,2.0,2.0,1.0,2.0,1.0,1.0,1.0,2.0,1.0,2.0,1.0
977,5,5,5,5,5,5,5,5,1,2,70.0,,6.0,,,,,5.0,4.0,2.0,,6.0,,,1.0,,2.0,2.0,5.0,6.0,,,,,,,15.0,,1.0,,4.0,,,,1.0,5.0,,1.0,1.0,1.0,1.0,1.0,1.0,1.0,1.0,1.0,1.0,,,,,,,7,3,2,2,2,5,6,6,4,2.0,75.0,75.0,80.0,80.0,80.0,85.0,85.0,75.0,30.0,40.0,1.0,2.0,1.0,2.0,2.0,1.0,1.0,1.0,2.0,1.0,1.0,1.0,2.0,1.0,1.0,2.0,1.0,1.0,1.0,1.0,1.0,1.0,2.0,1.0,1.0,1.0,1.0,1.0,2.0,1.0,1.0,1.0,1.0,1.0,1.0,1.0,1.0,1.0,1.0,1.0
92,2,3,3,2,3,3,3,2,4,4,70.0,,4.0,,,,,5.0,4.0,2.0,,6.0,,,1.0,1.0,,2.0,4.0,5.0,,,,,,,,15.0,1.0,,,,2.0,,1.0,,5.0,,,,,,,,,,,1.0,1.0,1.0,1.0,1.0,1.0,7,3,2,3,3,5,6,5,3,2.0,40.0,50.0,50.0,40.0,50.0,50.0,50.0,40.0,60.0,60.0,1.0,2.0,2.0,1.0,2.0,2.0,2.0,1.0,2.0,2.0,2.0,1.0,1.0,2.0,1.0,1.0,2.0,1.0,1.0,1.0,2.0,1.0,1.0,2.0,2.0,2.0,1.0,1.0,2.0,1.0,2.0,1.0,2.0,1.0,1.0,1.0,1.0,2.0,1.0,2.0
804,4,4,4,4,4,4,5,4,2,2,,30.0,4.0,,2.0,4.0,5.0,,,,,6.0,1.0,45.0,,1.0,,2.0,4.0,5.0,,,,,,,18.0,,1.0,,4.0,,,,1.0,,4.0,,,,,,,,,,,1.0,1.0,1.0,1.0,1.0,1.0,6,3,4,4,2,5,6,6,3,2.0,55.0,50.0,52.0,60.0,62.0,58.0,65.0,54.0,40.0,38.0,2.0,1.0,2.0,1.0,1.0,1.0,1.0,2.0,1.0,1.0,2.0,2.0,2.0,2.0,1.0,2.0,2.0,1.0,2.0,2.0,2.0,1.0,1.0,1.0,1.0,2.0,1.0,1.0,2.0,1.0,1.0,1.0,2.0,2.0,2.0,1.0,1.0,1.0,2.0,1.0
251,5,5,5,5,5,5,5,5,2,2,,30.0,5.0,,,,,5.0,4.0,2.0,6.0,,1.0,54.0,,,2.0,,,,,,,2.0,5.0,5.0,,15.0,1.0,,,,3.0,1.0,,,5.0,1.0,1.0,1.0,1.0,1.0,1.0,1.0,1.0,1.0,1.0,,,,,,,7,3,3,3,3,5,6,6,4,2.0,75.0,70.0,75.0,70.0,70.0,75.0,75.0,70.0,40.0,40.0,1.0,1.0,1.0,1.0,2.0,1.0,2.0,1.0,1.0,1.0,1.0,1.0,2.0,1.0,2.0,1.0,1.0,1.0,1.0,1.0,2.0,1.0,1.0,1.0,1.0,1.0,1.0,1.0,1.0,1.0,1.0,1.0,1.0,1.0,1.0,1.0,1.0,1.0,1.0,1.0
322,5,4,5,5,5,5,5,5,2,2,70.0,,5.0,,,,,4.0,3.0,2.0,,6.0,1.0,54.0,,1.0,,,,,,,,3.0,5.0,5.0,,15.0,1.0,,,4.0,,,1.0,,5.0,1.0,1.0,1.0,1.0,1.0,1.0,1.0,1.0,1.0,1.0,,,,,,,7,3,3,3,3,5,6,6,4,2.0,80.0,70.0,85.0,85.0,85.0,85.0,85.0,80.0,40.0,40.0,2.0,1.0,1.0,2.0,1.0,2.0,1.0,1.0,1.0,1.0,1.0,1.0,2.0,1.0,1.0,1.0,1.0,1.0,2.0,1.0,1.0,1.0,1.0,2.0,1.0,1.0,1.0,2.0,1.0,1.0,2.0,1.0,1.0,1.0,1.0,1.0,1.0,1.0,2.0,1.0
53,5,5,5,4,5,5,5,5,2,2,70.0,,2.0,,5.0,3.0,2.0,,,,6.0,,1.0,54.0,,1.0,,2.0,5.0,5.0,,,,,,,,12.0,1.0,,,3.0,,1.0,,,5.0,,,,,,,,,,,1.0,1.0,1.0,1.0,1.0,1.0,7,3,3,3,3,5,6,6,3,2.0,75.0,75.0,75.0,65.0,75.0,75.0,75.0,75.0,40.0,40.0,1.0,2.0,2.0,2.0,2.0,1.0,1.0,2.0,2.0,2.0,1.0,1.0,2.0,1.0,1.0,1.0,1.0,1.0,1.0,1.0,2.0,1.0,1.0,1.0,2.0,2.0,2.0,1.0,1.0,2.0,1.0,1.0,2.0,1.0,2.0,1.0,2.0,2.0,1.0,1.0
438,5,5,5,5,5,5,5,5,1,2,70.0,,3.0,,3.0,4.0,6.0,,,,,6.0,1.0,54.0,,,2.0,2.0,4.0,5.0,,,,,,,18.0,,1.0,,,,3.0,,1.0,,5.0,1.0,1.0,1.0,1.0,1.0,1.0,1.0,1.0,1.0,1.0,,,,,,,6,3,4,4,3,5,6,6,3,2.0,60.0,55.0,60.0,65.0,70.0,60.0,75.0,60.0,40.0,45.0,1.0,1.0,1.0,2.0,2.0,2.0,2.0,2.0,1.0,2.0,2.0,1.0,1.0,1.0,2.0,2.0,2.0,2.0,1.0,1.0,2.0,1.0,1.0,2.0,1.0,2.0,1.0,2.0,1.0,1.0,1.0,2.0,2.0,1.0,2.0,2.0,1.0,1.0,1.0,1.0
224,4,4,4,4,4,4,4,4,2,2,70.0,,,2.0,,,,3.0,4.0,2.0,,6.0,1.0,54.0,,,2.0,,,,3.0,4.0,5.0,,,,18.0,,,2.0,4.0,,,,1.0,4.0,,,,,,,,,,,,1.0,1.0,1.0,1.0,1.0,1.0,6,3,4,4,2,5,6,6,3,2.0,60.0,55.0,58.0,65.0,68.0,62.0,70.0,60.0,40.0,45.0,2.0,1.0,1.0,1.0,1.0,1.0,2.0,1.0,1.0,2.0,2.0,1.0,2.0,2.0,2.0,1.0,2.0,2.0,2.0,1.0,1.0,1.0,1.0,1.0,2.0,1.0,2.0,2.0,2.0,2.0,2.0,1.0,1.0,1.0,2.0,1.0,2.0,1.0,2.0,1.0
357,2,2,2,2,2,2,3,2,4,4,70.0,,,2.0,,,,3.0,5.0,4.0,5.0,,,,2.0,,2.0,,,,,,,2.0,4.0,4.0,,18.0,1.0,,3.0,,,1.0,,4.0,,1.0,1.0,1.0,1.0,1.0,1.0,1.0,1.0,1.0,1.0,,,,,,,6,3,4,3,3,5,6,5,3,2.0,45.0,40.0,40.0,50.0,55.0,45.0,60.0,40.0,50.0,50.0,1.0,1.0,2.0,1.0,2.0,1.0,1.0,2.0,2.0,1.0,2.0,2.0,1.0,2.0,1.0,2.0,2.0,2.0,1.0,1.0,1.0,1.0,2.0,2.0,1.0,1.0,2.0,2.0,2.0,2.0,2.0,1.0,1.0,1.0,1.0,2.0,2.0,2.0,2.0,1.0
26,5,5,5,5,5,5,5,5,1,1,,30.0,,2.0,5.0,4.0,2.0,,,,6.0,,1.0,54.0,,,2.0,,,,,,,2.0,5.0,5.0,,15.0,,1.0,,,3.0,,1.0,5.0,,,,,,,,,,,,1.0,1.0,1.0,1.0,1.0,1.0,7,3,2,3,2,5,6,6,4,2.0,75.0,70.0,80.0,75.0,70.0,80.0,75.0,70.0,30.0,25.0,2.0,1.0,1.0,2.0,2.0,1.0,1.0,2.0,1.0,1.0,1.0,1.0,1.0,1.0,1.0,1.0,1.0,1.0,1.0,1.0,1.0,1.0,1.0,1.0,1.0,1.0,1.0,2.0,2.0,2.0,2.0,1.0,1.0,1.0,1.0,1.0,1.0,2.0,1.0,1.0
396,5,5,5,5,5,5,5,5,1,1,,30.0,,1.0,3.0,4.0,6.0,,,,,6.0,,,2.0,,2.0,,,,4.0,5.0,6.0,,,,,20.0,,2.0,4.0,,,,1.0,,5.0,1.0,1.0,1.0,1.0,1.0,1.0,1.0,1.0,1.0,1.0,,,,,,,6,3,4,3,3,5,6,5,4,2.0,60.0,55.0,60.0,65.0,70.0,65.0,75.0,60.0,40.0,35.0,1.0,2.0,1.0,2.0,2.0,2.0,2.0,2.0,2.0,2.0,1.0,1.0,2.0,2.0,2.0,2.0,2.0,1.0,2.0,1.0,2.0,2.0,1.0,2.0,1.0,1.0,2.0,1.0,1.0,1.0,1.0,1.0,1.0,2.0,2.0,1.0,2.0,2.0,1.0,2.0
170,2,3,4,2,3,4,4,2,2,3,,30.0,2.0,,,,,5.0,4.0,2.0,,6.0,1.0,54.0,,,2.0,3.0,4.0,5.0,,,,,,,,15.0,,1.0,,,3.0,1.0,,4.0,,1.0,1.0,1.0,1.0,1.0,1.0,1.0,1.0,1.0,1.0,,,,,,,6,3,3,3,3,5,6,6,3,2.0,40.0,50.0,60.0,35.0,45.0,55.0,55.0,35.0,30.0,40.0,1.0,2.0,1.0,2.0,1.0,1.0,2.0,2.0,2.0,1.0,2.0,1.0,2.0,2.0,1.0,2.0,1.0,2.0,2.0,1.0,2.0,1.0,1.0,1.0,2.0,1.0,2.0,2.0,1.0,1.0,1.0,2.0,1.0,2.0,1.0,1.0,2.0,1.0,2.0,1.0
902,4,4,4,2,3,4,4,3,2,2,70.0,,,2.0,,,,5.0,4.0,2.0,6.0,,1.0,54.0,,,2.0,,,,,,,2.0,5.0,5.0,,15.0,1.0,,,3.0,,,1.0,,5.0,1.0,1.0,1.0,1.0,1.0,1.0,1.0,1.0,1.0,1.0,,,,,,,6,3,3,3,3,5,6,6,4,2.0,65.0,65.0,65.0,45.0,55.0,65.0,65.0,55.0,45.0,45.0,2.0,2.0,1.0,1.0,2.0,1.0,1.0,1.0,1.0,1.0,1.0,2.0,1.0,1.0,1.0,1.0,2.0,2.0,1.0,2.0,,,,,,,,,,,,,,,,,,,,
871,2,4,4,2,3,4,4,2,2,2,70.0,,5.0,,,,,5.0,4.0,2.0,6.0,,,,1.0,,2.0,3.0,5.0,5.0,,,,,,,15.0,,1.0,,,4.0,,,1.0,5.0,,,,,,,,,,,,1.0,1.0,1.0,1.0,1.0,1.0,7,3,3,3,3,5,6,6,4,2.0,40.0,60.0,60.0,40.0,50.0,60.0,60.0,40.0,40.0,40.0,1.0,1.0,1.0,2.0,2.0,1.0,2.0,1.0,1.0,1.0,1.0,1.0,2.0,1.0,1.0,1.0,1.0,1.0,1.0,1.0,1.0,1.0,2.0,1.0,1.0,1.0,2.0,1.0,2.0,1.0,2.0,1.0,1.0,1.0,1.0,1.0,1.0,1.0,1.0,2.0
323,5,5,5,5,5,5,5,5,1,1,70.0,,5.0,,5.0,4.0,2.0,,,,6.0,,1.0,54.0,,1.0,,3.0,5.0,5.0,,,,,,,,15.0,,1.0,4.0,,,1.0,,,5.0,1.0,1.0,1.0,1.0,1.0,1.0,1.0,1.0,1.0,1.0,,,,,,,6,3,2,2,3,5,6,6,3,2.0,75.0,75.0,75.0,75.0,75.0,75.0,75.0,75.0,25.0,25.0,1.0,2.0,1.0,1.0,2.0,2.0,2.0,1.0,1.0,1.0,1.0,1.0,1.0,2.0,1.0,1.0,1.0,1.0,1.0,2.0,1.0,2.0,1.0,1.0,1.0,2.0,2.0,2.0,1.0,1.0,1.0,2.0,2.0,1.0,2.0,1.0,1.0,1.0,1.0,2.0
250,2,3,3,1,2,3,3,2,1,1,,30.0,2.0,,5.0,4.0,2.0,,,,,6.0,1.0,54.0,,1.0,,,,,,,,2.0,4.0,5.0,,15.0,1.0,,,,3.0,,1.0,5.0,,,,,,,,,,,,1.0,1.0,1.0,1.0,1.0,1.0,6,3,3,3,3,5,5,5,3,2.0,40.0,50.0,50.0,20.0,30.0,50.0,50.0,40.0,20.0,20.0,1.0,1.0,1.0,2.0,1.0,1.0,1.0,1.0,2.0,1.0,1.0,1.0,1.0,1.0,2.0,1.0,1.0,1.0,1.0,1.0,1.0,1.0,1.0,1.0,1.0,1.0,1.0,1.0,1.0,1.0,1.0,1.0,1.0,1.0,1.0,1.0,1.0,1.0,1.0,1.0
52,5,5,5,5,5,5,5,5,1,2,,30.0,5.0,,,,,5.0,4.0,2.0,,6.0,,,1.0,,2.0,,,,2.0,5.0,5.0,,,,,15.0,,1.0,,4.0,,,1.0,5.0,,1.0,1.0,1.0,1.0,1.0,1.0,1.0,1.0,1.0,1.0,,,,,,,7,3,3,3,3,5,6,6,4,2.0,80.0,80.0,80.0,80.0,80.0,80.0,80.0,80.0,20.0,30.0,1.0,1.0,2.0,1.0,2.0,2.0,2.0,2.0,1.0,2.0,1.0,2.0,2.0,2.0,1.0,1.0,2.0,2.0,1.0,2.0,2.0,1.0,2.0,2.0,2.0,1.0,1.0,1.0,1.0,1.0,2.0,1.0,2.0,1.0,1.0,1.0,2.0,1.0,2.0,2.0
291,2,3,3,1,2,3,3,2,1,1,,30.0,2.0,,,,,5.0,4.0,2.0,6.0,,,,1.0,1.0,,3.0,4.0,4.0,,,,,,,,15.0,1.0,,4.0,,,,1.0,,5.0,,,,,,,,,,,1.0,1.0,1.0,1.0,1.0,1.0,6,3,2,3,3,5,6,6,3,2.0,40.0,45.0,45.0,20.0,30.0,45.0,45.0,35.0,20.0,20.0,2.0,2.0,2.0,1.0,1.0,1.0,2.0,1.0,2.0,1.0,2.0,1.0,2.0,1.0,2.0,1.0,1.0,1.0,1.0,1.0,2.0,1.0,2.0,1.0,2.0,1.0,2.0,1.0,1.0,2.0,1.0,2.0,2.0,2.0,1.0,1.0,1.0,2.0,1.0,1.0
718,5,5,5,5,5,5,5,5,1,2,,30.0,5.0,,,,,5.0,4.0,2.0,,6.0,,,1.0,1.0,,3.0,5.0,5.0,,,,,,,15.0,,,1.0,4.0,,,1.0,,,5.0,1.0,1.0,1.0,1.0,1.0,1.0,1.0,1.0,1.0,1.0,,,,,,,7,3,3,3,3,5,6,6,4,2.0,75.0,75.0,80.0,80.0,75.0,80.0,75.0,70.0,30.0,40.0,1.0,2.0,1.0,2.0,2.0,2.0,1.0,1.0,2.0,2.0,1.0,1.0,2.0,2.0,1.0,1.0,2.0,1.0,1.0,1.0,1.0,2.0,2.0,1.0,1.0,1.0,2.0,2.0,1.0,1.0,2.0,1.0,1.0,1.0,2.0,1.0,1.0,2.0,2.0,1.0
104,1,2,2,1,2,3,3,1,1,1,,30.0,2.0,,,,,5.0,4.0,2.0,6.0,,,,1.0,,2.0,,,,,,,2.0,4.0,5.0,15.0,,1.0,,3.0,,,,1.0,5.0,,1.0,1.0,1.0,1.0,1.0,1.0,1.0,1.0,1.0,1.0,,,,,,,6,3,3,3,3,5,6,6,4,2.0,20.0,30.0,30.0,15.0,25.0,40.0,40.0,15.0,15.0,15.0,1.0,2.0,2.0,2.0,2.0,1.0,2.0,2.0,2.0,1.0,1.0,2.0,1.0,1.0,1.0,1.0,1.0,1.0,1.0,2.0,2.0,1.0,2.0,1.0,2.0,2.0,2.0,2.0,2.0,2.0,2.0,1.0,2.0,1.0,1.0,1.0,1.0,2.0,2.0,1.0
805,1,2,2,1,2,2,2,1,4,3,70.0,,2.0,,,,,5.0,4.0,2.0,,6.0,1.0,54.0,,,2.0,2.0,4.0,5.0,,,,,,,15.0,,1.0,,,4.0,,,1.0,,5.0,,,,,,,,,,,1.0,1.0,1.0,1.0,1.0,1.0,6,3,2,2,3,5,6,6,3,2.0,30.0,35.0,35.0,25.0,30.0,35.0,35.0,25.0,40.0,30.0,2.0,2.0,1.0,1.0,1.0,2.0,2.0,1.0,2.0,2.0,1.0,1.0,1.0,1.0,1.0,1.0,1.0,2.0,1.0,1.0,1.0,1.0,1.0,1.0,1.0,1.0,1.0,1.0,1.0,1.0,2.0,1.0,1.0,1.0,1.0,1.0,1.0,1.0,1.0,1.0
93,5,4,5,5,5,5,5,5,1,2,,30.0,,2.0,3.0,4.0,5.0,,,,6.0,,1.0,54.0,,1.0,,2.0,4.0,5.0,,,,,,,5.0,,1.0,,,6.0,,1.0,,,5.0,1.0,1.0,1.0,1.0,1.0,1.0,1.0,1.0,1.0,1.0,,,,,,,6,3,4,3,3,5,6,5,4,2.0,55.0,50.0,60.0,65.0,65.0,60.0,70.0,55.0,40.0,45.0,2.0,2.0,1.0,1.0,1.0,1.0,1.0,1.0,1.0,1.0,2.0,1.0,2.0,1.0,1.0,1.0,2.0,2.0,2.0,2.0,1.0,2.0,2.0,2.0,2.0,1.0,1.0,1.0,2.0,2.0,1.0,1.0,2.0,1.0,2.0,1.0,1.0,2.0,2.0,1.0
976,1,1,1,2,2,2,2,1,1,1,70.0,,1.0,,,,,5.0,4.0,2.0,6.0,,1.0,54.0,,,2.0,,,,2.0,4.0,5.0,,,,5.0,,1.0,,,,3.0,,1.0,5.0,,1.0,1.0,1.0,1.0,1.0,1.0,1.0,1.0,1.0,1.0,,,,,,,6,2,2,2,3,5,6,6,4,2.0,20.0,20.0,20.0,30.0,30.0,30.0,30.0,20.0,20.0,20.0,2.0,1.0,2.0,1.0,1.0,1.0,2.0,1.0,2.0,1.0,2.0,1.0,2.0,1.0,1.0,1.0,1.0,2.0,1.0,1.0,1.0,1.0,1.0,1.0,1.0,2.0,1.0,1.0,1.0,1.0,1.0,1.0,2.0,1.0,1.0,1.0,1.0,1.0,2.0,2.0
171,3,3,3,3,4,3,4,3,2,2,70.0,,3.0,,3.0,4.0,5.0,,,,,5.0,,,2.0,,2.0,2.0,3.0,4.0,,,,,,,,15.0,1.0,,,,3.0,1.0,,3.0,,1.0,1.0,1.0,1.0,1.0,1.0,1.0,1.0,1.0,1.0,,,,,,,6,3,4,4,3,5,6,6,3,2.0,55.0,50.0,52.0,60.0,65.0,58.0,70.0,54.0,40.0,42.0,2.0,2.0,2.0,1.0,2.0,2.0,2.0,2.0,1.0,2.0,2.0,2.0,1.0,2.0,1.0,2.0,2.0,2.0,2.0,1.0,2.0,2.0,2.0,1.0,1.0,2.0,2.0,1.0,1.0,2.0,2.0,1.0,2.0,2.0,1.0,1.0,2.0,1.0,2.0,1.0
397,5,4,5,5,5,5,5,4,2,2,,30.0,5.0,,5.0,4.0,2.0,,,,,6.0,,,1.0,,2.0,3.0,5.0,5.0,,,,,,,,15.0,,1.0,,4.0,,1.0,,5.0,,,,,,,,,,,,1.0,1.0,1.0,1.0,1.0,1.0,7,3,3,3,3,5,6,6,4,2.0,75.0,65.0,80.0,80.0,80.0,85.0,80.0,65.0,40.0,40.0,1.0,1.0,2.0,1.0,1.0,2.0,1.0,1.0,1.0,2.0,1.0,1.0,1.0,2.0,1.0,1.0,1.0,2.0,1.0,2.0,1.0,1.0,1.0,1.0,1.0,1.0,2.0,1.0,1.0,2.0,1.0,1.0,1.0,2.0,2.0,2.0,1.0,1.0,1.0,1.0
870,2,3,3,1,2,3,4,1,1,2,,30.0,2.0,,,,,5.0,4.0,2.0,6.0,,,,1.0,,2.0,,,,,,,2.0,4.0,5.0,15.0,,,1.0,,4.0,,1.0,,,5.0,1.0,1.0,1.0,1.0,1.0,1.0,1.0,1.0,1.0,1.0,,,,,,,6,3,3,3,3,5,6,6,3,2.0,40.0,50.0,50.0,20.0,30.0,50.0,60.0,20.0,20.0,30.0,1.0,2.0,1.0,2.0,1.0,1.0,1.0,2.0,1.0,1.0,1.0,1.0,1.0,1.0,2.0,1.0,1.0,1.0,2.0,1.0,1.0,1.0,2.0,1.0,1.0,1.0,1.0,1.0,2.0,1.0,1.0,1.0,2.0,1.0,1.0,1.0,1.0,2.0,1.0,2.0
903,4,4,5,2,4,5,5,4,2,3,,30.0,5.0,,,,,5.0,4.0,2.0,6.0,,,,1.0,1.0,,,,,2.0,5.0,5.0,,,,,15.0,1.0,,,4.0,,1.0,,,5.0,,,,,,,,,,,1.0,1.0,1.0,1.0,1.0,1.0,7,3,4,3,3,5,6,6,4,2.0,65.0,60.0,70.0,40.0,60.0,70.0,70.0,60.0,40.0,50.0,1.0,2.0,1.0,2.0,2.0,2.0,1.0,1.0,1.0,1.0,2.0,2.0,2.0,2.0,2.0,1.0,1.0,1.0,1.0,1.0,2.0,1.0,1.0,1.0,1.0,2.0,1.0,1.0,1.0,1.0,1.0,2.0,1.0,1.0,1.0,1.0,1.0,1.0,1.0,1.0
356,4,5,5,3,4,5,5,4,2,2,70.0,,5.0,,,,,5.0,4.0,2.0,6.0,,,,1.0,1.0,,2.0,5.0,5.0,,,,,,,15.0,,1.0,,3.0,,,,1.0,5.0,,1.0,1.0,1.0,1.0,1.0,1.0,1.0,1.0,1.0,1.0,,,,,,,6,3,2,3,3,5,6,6,4,2.0,70.0,75.0,75.0,50.0,65.0,75.0,75.0,65.0,40.0,40.0,2.0,1.0,2.0,1.0,2.0,2.0,1.0,2.0,2.0,1.0,2.0,1.0,2.0,2.0,1.0,1.0,2.0,2.0,2.0,1.0,1.0,2.0,2.0,1.0,1.0,2.0,2.0,2.0,2.0,1.0,2.0,1.0,1.0,2.0,2.0,1.0,2.0,1.0,2.0,1.0
225,5,5,5,5,5,5,5,5,2,2,,30.0,,2.0,,,,5.0,4.0,2.0,,6.0,,,1.0,1.0,,,,,2.0,5.0,5.0,,,,,15.0,1.0,,,4.0,,1.0,,5.0,,1.0,1.0,1.0,1.0,1.0,1.0,1.0,1.0,1.0,1.0,,,,,,,7,3,3,3,3,5,6,6,4,2.0,75.0,70.0,75.0,80.0,75.0,80.0,75.0,70.0,40.0,40.0,1.0,1.0,2.0,1.0,2.0,1.0,2.0,1.0,1.0,2.0,2.0,1.0,1.0,1.0,1.0,1.0,1.0,1.0,1.0,1.0,1.0,2.0,1.0,1.0,1.0,2.0,2.0,1.0,1.0,1.0,1.0,1.0,1.0,2.0,2.0,2.0,1.0,1.0,2.0,1.0
439,2,3,3,2,3,4,4,2,2,2,,30.0,,2.0,4.0,3.0,2.0,,,,6.0,,1.0,54.0,,,2.0,,,,2.0,4.0,5.0,,,,5.0,,1.0,,4.0,,,,1.0,5.0,,1.0,1.0,1.0,1.0,1.0,1.0,1.0,1.0,1.0,1.0,,,,,,,6,3,3,3,3,5,5,5,4,2.0,40.0,50.0,50.0,30.0,50.0,60.0,60.0,30.0,30.0,30.0,2.0,2.0,1.0,1.0,2.0,1.0,2.0,1.0,1.0,2.0,1.0,1.0,2.0,1.0,1.0,1.0,1.0,2.0,1.0,1.0,1.0,1.0,2.0,2.0,1.0,2.0,1.0,1.0,1.0,1.0,2.0,2.0,1.0,2.0,1.0,2.0,1.0,1.0,1.0,2.0
27,4,4,5,4,4,5,5,4,2,3,,30.0,2.0,,5.0,4.0,2.0,,,,,6.0,1.0,54.0,,,2.0,,,,2.0,5.0,5.0,,,,10.0,,,1.0,,4.0,,1.0,,,5.0,1.0,1.0,1.0,1.0,1.0,1.0,1.0,1.0,1.0,1.0,,,,,,,6,3,3,3,3,5,6,6,3,2.0,70.0,65.0,75.0,65.0,65.0,75.0,75.0,65.0,40.0,50.0,1.0,2.0,1.0,2.0,1.0,1.0,1.0,1.0,1.0,1.0,1.0,1.0,1.0,1.0,2.0,1.0,1.0,1.0,1.0,1.0,2.0,2.0,1.0,2.0,1.0,1.0,2.0,1.0,2.0,1.0,1.0,1.0,1.0,1.0,1.0,1.0,1.0,1.0,2.0,2.0
909,4,4,4,2,3,4,4,3,2,2,70.0,,,2.0,,,,,,,,6.0,,,1.0,1.0,,3.0,4.0,5.0,,,,,,,10.0,,1.0,,4.0,,,,1.0,5.0,,,,,,,,,,,,1.0,1.0,1.0,1.0,1.0,1.0,6,3,2,2,3,5,6,6,3,2.0,65.0,60.0,60.0,40.0,50.0,60.0,60.0,50.0,40.0,40.0,1.0,1.0,2.0,1.0,1.0,1.0,2.0,1.0,2.0,1.0,1.0,1.0,1.0,2.0,1.0,2.0,1.0,1.0,1.0,1.0,1.0,1.0,1.0,1.0,1.0,1.0,1.0,1.0,1.0,1.0,1.0,1.0,1.0,1.0,1.0,1.0,2.0,1.0,2.0,1.0
581,2,3,2,2,3,2,4,2,4,4,70.0,,2.0,,,,,3.0,4.0,3.0,6.0,,1.0,54.0,,1.0,,,,,,,,3.0,4.0,5.0,16.0,,,2.0,,6.0,,1.0,,,4.0,1.0,1.0,1.0,1.0,1.0,1.0,1.0,1.0,1.0,1.0,,,,,,,6,3,4,4,3,5,6,5,3,2.0,45.0,40.0,42.0,55.0,60.0,50.0,70.0,48.0,38.0,35.0,2.0,2.0,2.0,2.0,1.0,1.0,2.0,1.0,2.0,1.0,2.0,2.0,1.0,1.0,1.0,1.0,1.0,2.0,1.0,1.0,1.0,1.0,1.0,1.0,1.0,1.0,1.0,1.0,2.0,1.0,2.0,2.0,2.0,1.0,2.0,1.0,2.0,1.0,1.0,1.0
767,2,2,2,2,2,2,4,2,4,2,,30.0,,2.0,3.0,4.0,5.0,,,,,5.0,,,2.0,1.0,,,,,3.0,4.0,5.0,,,,18.0,,1.0,,,6.0,,1.0,,,4.0,1.0,1.0,1.0,1.0,1.0,1.0,1.0,1.0,1.0,1.0,,,,,,,6,3,4,3,3,5,6,5,3,2.0,40.0,38.0,35.0,45.0,50.0,40.0,60.0,38.0,55.0,38.0,1.0,2.0,1.0,1.0,2.0,1.0,1.0,1.0,1.0,1.0,1.0,2.0,1.0,2.0,1.0,1.0,1.0,2.0,1.0,1.0,1.0,2.0,2.0,2.0,2.0,1.0,1.0,1.0,1.0,1.0,1.0,1.0,1.0,1.0,1.0,2.0,1.0,1.0,2.0,2.0
614,5,5,5,5,5,5,5,5,2,2,,30.0,5.0,,,,,6.0,5.0,2.0,,6.0,,,1.0,1.0,,,,,2.0,5.0,5.0,,,,15.0,,,1.0,,,3.0,,1.0,,5.0,1.0,1.0,1.0,1.0,1.0,1.0,1.0,1.0,1.0,1.0,,,,,,,7,3,3,3,3,5,6,6,4,2.0,85.0,85.0,90.0,90.0,90.0,90.0,90.0,85.0,30.0,30.0,1.0,2.0,2.0,1.0,1.0,2.0,1.0,1.0,1.0,2.0,1.0,1.0,1.0,1.0,1.0,1.0,2.0,2.0,1.0,1.0,1.0,1.0,1.0,1.0,1.0,1.0,2.0,2.0,1.0,1.0,1.0,2.0,1.0,1.0,1.0,2.0,2.0,1.0,1.0,1.0
540,4,4,4,4,4,4,4,4,2,2,,30.0,,2.0,3.0,4.0,5.0,,,,,6.0,,,2.0,,2.0,,,,3.0,4.0,5.0,,,,,18.0,1.0,,,,2.0,,1.0,4.0,,1.0,1.0,1.0,1.0,1.0,1.0,1.0,1.0,1.0,1.0,,,,,,,6,3,4,4,3,5,6,6,3,2.0,55.0,50.0,52.0,60.0,62.0,58.0,65.0,54.0,40.0,38.0,1.0,2.0,2.0,2.0,2.0,1.0,2.0,2.0,2.0,1.0,1.0,2.0,2.0,1.0,1.0,1.0,1.0,2.0,1.0,2.0,2.0,2.0,1.0,2.0,2.0,2.0,1.0,2.0,1.0,2.0,2.0,1.0,2.0,2.0,2.0,2.0,1.0,1.0,2.0,1.0
433,4,4,4,4,4,4,5,4,2,2,70.0,,,2.0,,,,3.0,5.0,2.0,,6.0,1.0,54.0,,1.0,,,,,3.0,4.0,5.0,,,,,18.0,1.0,,,6.0,,,1.0,5.0,,1.0,1.0,1.0,1.0,1.0,1.0,1.0,1.0,1.0,1.0,,,,,,,6,3,4,4,3,5,6,6,3,2.0,55.0,50.0,52.0,60.0,62.0,58.0,65.0,54.0,40.0,38.0,1.0,1.0,1.0,2.0,1.0,2.0,1.0,1.0,2.0,2.0,2.0,1.0,1.0,1.0,2.0,2.0,1.0,1.0,2.0,1.0,1.0,2.0,1.0,2.0,1.0,1.0,1.0,1.0,1.0,1.0,2.0,1.0,2.0,1.0,1.0,1.0,1.0,1.0,2.0,1.0
58,5,5,5,5,5,5,5,5,2,2,,30.0,5.0,,5.0,4.0,2.0,,,,6.0,,1.0,54.0,,1.0,,,,,2.0,5.0,5.0,,,,,10.0,1.0,,4.0,,,1.0,,5.0,,1.0,1.0,1.0,1.0,1.0,1.0,1.0,1.0,1.0,1.0,,,,,,,6,3,3,3,3,5,6,6,4,2.0,75.0,75.0,80.0,80.0,80.0,85.0,85.0,75.0,30.0,30.0,1.0,2.0,2.0,2.0,1.0,1.0,2.0,1.0,1.0,2.0,2.0,1.0,2.0,1.0,1.0,1.0,1.0,1.0,1.0,1.0,1.0,2.0,1.0,1.0,1.0,2.0,2.0,2.0,1.0,1.0,2.0,1.0,1.0,1.0,1.0,1.0,2.0,2.0,1.0,1.0
535,5,5,5,5,5,5,5,5,1,2,,30.0,,1.0,,,,3.0,4.0,2.0,6.0,,,,2.0,1.0,,4.0,5.0,6.0,,,,,,,18.0,,1.0,,,6.0,,,1.0,,5.0,,,,,,,,,,,1.0,1.0,1.0,1.0,1.0,1.0,6,3,5,4,3,5,6,6,4,2.0,60.0,55.0,60.0,65.0,70.0,65.0,75.0,60.0,40.0,45.0,1.0,2.0,1.0,1.0,2.0,1.0,1.0,1.0,1.0,2.0,2.0,2.0,1.0,1.0,2.0,2.0,1.0,2.0,1.0,2.0,1.0,2.0,2.0,1.0,2.0,1.0,2.0,1.0,2.0,1.0,1.0,1.0,2.0,1.0,1.0,1.0,2.0,2.0,1.0,1.0
446,4,4,4,4,4,4,4,4,2,2,,30.0,,2.0,3.0,4.0,5.0,,,,5.0,,,,2.0,,2.0,,,,3.0,4.0,5.0,,,,18.0,,1.0,,,6.0,,1.0,,,4.0,1.0,1.0,1.0,1.0,1.0,1.0,1.0,1.0,1.0,1.0,,,,,,,6,3,4,4,3,5,6,6,3,2.0,60.0,55.0,58.0,65.0,68.0,62.0,70.0,60.0,40.0,45.0,1.0,2.0,1.0,2.0,1.0,2.0,2.0,1.0,1.0,2.0,1.0,2.0,1.0,1.0,2.0,2.0,1.0,2.0,1.0,2.0,1.0,2.0,2.0,1.0,1.0,1.0,2.0,1.0,2.0,1.0,1.0,1.0,1.0,2.0,1.0,2.0,1.0,1.0,1.0,2.0
329,5,5,5,5,5,5,5,5,1,2,,30.0,5.0,,,,,5.0,4.0,2.0,6.0,,1.0,54.0,,1.0,,3.0,5.0,5.0,,,,,,,15.0,,,1.0,4.0,,,1.0,,5.0,,1.0,1.0,1.0,1.0,1.0,1.0,1.0,1.0,1.0,1.0,,,,,,,6,3,3,3,3,5,6,6,4,2.0,80.0,80.0,80.0,80.0,80.0,80.0,80.0,80.0,20.0,30.0,2.0,2.0,1.0,1.0,1.0,1.0,1.0,2.0,1.0,1.0,1.0,1.0,2.0,1.0,1.0,1.0,1.0,1.0,1.0,1.0,2.0,1.0,1.0,1.0,1.0,1.0,1.0,1.0,1.0,1.0,1.0,1.0,1.0,2.0,2.0,1.0,2.0,1.0,2.0,1.0
99,2,3,3,2,3,4,4,2,1,2,70.0,,2.0,,5.0,4.0,2.0,,,,,6.0,,,1.0,1.0,,,,,,,,2.0,4.0,5.0,,15.0,,1.0,3.0,,,1.0,,4.0,,1.0,1.0,1.0,1.0,1.0,1.0,1.0,1.0,1.0,1.0,,,,,,,6,3,3,3,3,5,6,6,4,2.0,40.0,50.0,50.0,40.0,50.0,60.0,60.0,40.0,20.0,40.0,1.0,2.0,1.0,1.0,2.0,1.0,2.0,2.0,1.0,2.0,2.0,1.0,1.0,1.0,1.0,1.0,1.0,2.0,1.0,1.0,1.0,2.0,1.0,1.0,1.0,2.0,1.0,1.0,1.0,2.0,1.0,1.0,1.0,1.0,1.0,2.0,1.0,1.0,1.0,1.0
712,2,3,3,2,3,3,3,2,4,3,,30.0,,2.0,5.0,4.0,2.0,,,,6.0,,1.0,54.0,,1.0,,,,,,,,2.0,4.0,5.0,,12.0,1.0,,4.0,,,,1.0,,5.0,,,,,,,,,,,1.0,1.0,1.0,1.0,1.0,1.0,6,3,3,3,3,5,6,6,3,2.0,40.0,50.0,50.0,40.0,50.0,50.0,50.0,40.0,60.0,50.0,2.0,1.0,2.0,2.0,1.0,1.0,1.0,1.0,2.0,1.0,1.0,1.0,1.0,1.0,1.0,1.0,2.0,1.0,1.0,1.0,1.0,1.0,1.0,1.0,1.0,1.0,1.0,1.0,1.0,1.0,1.0,1.0,2.0,1.0,1.0,2.0,1.0,1.0,1.0,1.0
661,5,5,5,5,5,5,5,5,1,2,70.0,,,2.0,,,,3.0,5.0,2.0,,6.0,1.0,54.0,,1.0,,1.0,5.0,6.0,,,,,,,20.0,,,2.0,3.0,,,,1.0,,5.0,,,,,,,,,,,1.0,1.0,1.0,1.0,1.0,1.0,6,3,4,3,3,5,6,5,3,2.0,60.0,55.0,60.0,65.0,70.0,60.0,75.0,60.0,40.0,35.0,1.0,2.0,2.0,2.0,1.0,2.0,2.0,1.0,1.0,2.0,2.0,1.0,2.0,2.0,1.0,1.0,2.0,2.0,2.0,1.0,2.0,2.0,2.0,2.0,2.0,1.0,2.0,1.0,2.0,2.0,2.0,1.0,2.0,1.0,2.0,1.0,2.0,1.0,1.0,1.0
487,3,3,3,3,3,3,4,3,4,3,,30.0,,3.0,,,,3.0,5.0,4.0,5.0,,,,2.0,,2.0,,,,,,,3.0,4.0,4.0,,10.0,,2.0,3.0,,,,1.0,,4.0,,,,,,,,,,,1.0,1.0,1.0,1.0,1.0,1.0,6,3,4,4,3,5,6,6,3,2.0,45.0,40.0,40.0,45.0,50.0,40.0,55.0,40.0,50.0,40.0,1.0,2.0,2.0,2.0,2.0,1.0,1.0,2.0,2.0,1.0,2.0,1.0,2.0,2.0,1.0,2.0,2.0,1.0,2.0,2.0,1.0,1.0,2.0,1.0,2.0,2.0,2.0,1.0,1.0,1.0,1.0,2.0,2.0,2.0,2.0,2.0,2.0,2.0,1.0,2.0
69,2,3,4,2,3,4,4,2,2,2,,30.0,,2.0,5.0,4.0,2.0,,,,,6.0,1.0,54.0,,,2.0,,,,2.0,4.0,5.0,,,,,15.0,1.0,,4.0,,,1.0,,,4.0,1.0,1.0,1.0,1.0,1.0,1.0,1.0,1.0,1.0,1.0,,,,,,,6,3,2,3,3,5,6,6,4,2.0,40.0,35.0,45.0,30.0,35.0,40.0,40.0,30.0,25.0,25.0,1.0,2.0,1.0,2.0,1.0,2.0,1.0,1.0,2.0,1.0,2.0,1.0,1.0,2.0,1.0,2.0,1.0,1.0,1.0,1.0,1.0,1.0,2.0,1.0,1.0,1.0,2.0,1.0,1.0,2.0,2.0,1.0,1.0,1.0,2.0,1.0,1.0,1.0,1.0,2.0
504,5,5,5,2,4,5,5,4,2,2,,30.0,2.0,,,,,5.0,4.0,2.0,6.0,,,,1.0,1.0,,,,,,,,2.0,5.0,5.0,,15.0,1.0,,4.0,,,1.0,,,5.0,1.0,1.0,1.0,1.0,1.0,1.0,1.0,1.0,1.0,1.0,,,,,,,7,3,4,4,3,5,6,6,4,2.0,75.0,70.0,80.0,40.0,60.0,75.0,70.0,60.0,40.0,40.0,1.0,1.0,2.0,2.0,1.0,1.0,1.0,1.0,2.0,1.0,2.0,2.0,2.0,1.0,1.0,1.0,1.0,1.0,2.0,1.0,1.0,2.0,2.0,1.0,2.0,1.0,2.0,2.0,1.0,1.0,2.0,1.0,2.0,2.0,2.0,1.0,1.0,1.0,2.0,1.0
477,2,3,3,1,2,3,4,1,1,2,,30.0,2.0,,,,,5.0,4.0,2.0,6.0,,,,1.0,,2.0,,,,2.0,5.0,5.0,,,,,15.0,,1.0,4.0,,,1.0,,5.0,,,,,,,,,,,,1.0,1.0,1.0,1.0,1.0,1.0,6,2,3,3,3,5,6,6,4,2.0,40.0,50.0,50.0,20.0,30.0,50.0,60.0,20.0,20.0,30.0,1.0,2.0,1.0,1.0,1.0,2.0,1.0,2.0,2.0,1.0,2.0,1.0,2.0,1.0,1.0,1.0,1.0,2.0,1.0,1.0,1.0,1.0,2.0,1.0,1.0,1.0,1.0,1.0,1.0,1.0,1.0,1.0,1.0,2.0,1.0,1.0,2.0,1.0,2.0,1.0
691,5,5,5,5,5,5,5,5,2,2,,30.0,5.0,,,,,5.0,4.0,2.0,,6.0,,,1.0,1.0,,2.0,5.0,5.0,,,,,,,15.0,,,1.0,4.0,,,1.0,,5.0,,,,,,,,,,,,1.0,1.0,1.0,1.0,1.0,1.0,7,3,3,3,3,5,6,6,4,2.0,80.0,75.0,80.0,85.0,80.0,85.0,80.0,75.0,40.0,40.0,1.0,1.0,2.0,2.0,1.0,1.0,1.0,2.0,2.0,1.0,1.0,1.0,1.0,1.0,1.0,1.0,1.0,2.0,1.0,2.0,2.0,2.0,1.0,1.0,1.0,1.0,1.0,1.0,1.0,1.0,1.0,1.0,1.0,1.0,1.0,1.0,1.0,1.0,1.0,1.0
318,2,2,2,2,2,2,4,2,4,4,,30.0,,2.0,3.0,4.0,6.0,,,,,5.0,1.0,40.0,,,2.0,2.0,3.0,4.0,,,,,,,,5.0,,2.0,,6.0,,1.0,,3.0,,1.0,1.0,1.0,1.0,1.0,1.0,1.0,1.0,1.0,1.0,,,,,,,6,3,4,4,3,5,6,6,2,2.0,40.0,35.0,35.0,40.0,45.0,35.0,60.0,40.0,50.0,50.0,1.0,2.0,1.0,1.0,1.0,2.0,2.0,1.0,2.0,1.0,1.0,2.0,2.0,2.0,1.0,2.0,2.0,2.0,1.0,1.0,1.0,1.0,2.0,1.0,2.0,2.0,1.0,1.0,2.0,1.0,2.0,1.0,1.0,1.0,2.0,2.0,1.0,2.0,1.0,1.0
723,4,4,4,4,4,4,4,4,2,2,70.0,,,2.0,3.0,4.0,5.0,,,,5.0,,,,2.0,1.0,,2.0,4.0,5.0,,,,,,,,18.0,1.0,,,,2.0,1.0,,,4.0,,,,,,,,,,,1.0,1.0,1.0,1.0,1.0,1.0,6,3,4,4,2,5,6,6,3,2.0,55.0,50.0,52.0,60.0,62.0,58.0,65.0,54.0,40.0,38.0,2.0,2.0,1.0,2.0,2.0,2.0,1.0,1.0,1.0,2.0,2.0,1.0,1.0,1.0,1.0,2.0,2.0,2.0,1.0,1.0,1.0,2.0,2.0,2.0,1.0,2.0,2.0,2.0,2.0,1.0,2.0,1.0,1.0,1.0,2.0,1.0,2.0,1.0,1.0,2.0
650,4,4,4,3,4,4,4,3,2,2,,30.0,2.0,,,,,5.0,4.0,2.0,,6.0,,,1.0,,2.0,2.0,4.0,5.0,,,,,,,,15.0,,1.0,4.0,,,,1.0,5.0,,,,,,,,,,,,1.0,1.0,1.0,1.0,1.0,1.0,6,3,3,3,3,5,6,6,4,2.0,70.0,65.0,65.0,50.0,60.0,65.0,60.0,50.0,40.0,40.0,2.0,2.0,1.0,2.0,1.0,1.0,1.0,2.0,1.0,1.0,2.0,1.0,2.0,1.0,2.0,1.0,2.0,1.0,1.0,2.0,1.0,2.0,1.0,2.0,1.0,1.0,1.0,1.0,1.0,2.0,1.0,1.0,1.0,1.0,1.0,1.0,2.0,1.0,1.0,1.0
938,4,4,4,4,4,4,4,4,1,1,,30.0,,1.0,,,,3.0,5.0,2.0,6.0,,1.0,40.0,,,2.0,,,,3.0,4.0,4.0,,,,20.0,,,2.0,,,1.0,1.0,,4.0,,,,,,,,,,,,1.0,1.0,1.0,1.0,1.0,1.0,6,3,4,4,2,5,6,6,3,2.0,60.0,55.0,60.0,65.0,65.0,60.0,70.0,60.0,40.0,40.0,2.0,2.0,1.0,2.0,2.0,2.0,1.0,2.0,2.0,1.0,1.0,1.0,2.0,2.0,2.0,1.0,2.0,1.0,2.0,1.0,1.0,1.0,1.0,2.0,1.0,2.0,1.0,2.0,1.0,2.0,1.0,2.0,1.0,1.0,2.0,2.0,2.0,1.0,1.0,1.0
756,2,3,2,2,3,2,3,2,4,3,,30.0,2.0,,2.0,3.0,5.0,,,,,5.0,,,2.0,,2.0,,,,2.0,4.0,4.0,,,,18.0,,,2.0,,6.0,,1.0,,,4.0,,,,,,,,,,,1.0,1.0,1.0,1.0,1.0,1.0,6,3,4,3,3,5,6,5,3,2.0,45.0,40.0,40.0,50.0,55.0,45.0,60.0,40.0,50.0,45.0,2.0,2.0,2.0,1.0,2.0,2.0,1.0,2.0,1.0,1.0,1.0,2.0,2.0,2.0,2.0,2.0,2.0,1.0,1.0,1.0,2.0,2.0,2.0,2.0,1.0,1.0,1.0,2.0,2.0,2.0,2.0,2.0,2.0,2.0,2.0,2.0,2.0,2.0,2.0,2.0
625,5,5,5,5,5,5,5,5,2,2,70.0,,5.0,,5.0,4.0,2.0,,,,,6.0,1.0,54.0,,1.0,,4.0,5.0,5.0,,,,,,,,15.0,,1.0,,,3.0,,1.0,5.0,,,,,,,,,,,,1.0,1.0,1.0,1.0,1.0,1.0,6,3,2,3,3,5,6,6,3,2.0,85.0,80.0,85.0,85.0,80.0,85.0,80.0,75.0,40.0,40.0,1.0,2.0,1.0,2.0,2.0,1.0,1.0,1.0,2.0,2.0,1.0,1.0,2.0,1.0,1.0,1.0,1.0,2.0,2.0,1.0,1.0,2.0,1.0,2.0,1.0,2.0,1.0,2.0,2.0,2.0,2.0,1.0,2.0,2.0,1.0,1.0,1.0,1.0,1.0,1.0
797,5,5,5,5,5,5,5,5,1,2,,30.0,,1.0,2.0,3.0,6.0,,,,,6.0,1.0,40.0,,1.0,,2.0,5.0,5.0,,,,,,,,18.0,1.0,,,7.0,,,1.0,5.0,,1.0,1.0,1.0,1.0,1.0,1.0,1.0,1.0,1.0,1.0,,,,,,,6,3,3,2,2,5,6,6,3,2.0,55.0,50.0,50.0,60.0,60.0,55.0,65.0,50.0,40.0,35.0,2.0,1.0,1.0,2.0,2.0,1.0,2.0,2.0,1.0,1.0,2.0,1.0,2.0,1.0,1.0,2.0,2.0,2.0,2.0,2.0,2.0,2.0,2.0,2.0,2.0,2.0,1.0,2.0,2.0,1.0,1.0,1.0,2.0,2.0,2.0,2.0,2.0,2.0,1.0,2.0
571,4,4,4,4,4,4,4,4,2,2,70.0,,3.0,,3.0,4.0,6.0,,,,6.0,,1.0,54.0,,1.0,,2.0,4.0,4.0,,,,,,,,18.0,1.0,,,6.0,,,1.0,,4.0,,,,,,,,,,,1.0,1.0,1.0,1.0,1.0,1.0,6,3,4,3,3,5,6,5,3,2.0,60.0,55.0,58.0,65.0,62.0,60.0,70.0,55.0,40.0,38.0,2.0,2.0,1.0,2.0,2.0,2.0,2.0,2.0,2.0,2.0,2.0,2.0,2.0,2.0,2.0,2.0,2.0,2.0,2.0,2.0,2.0,2.0,2.0,2.0,2.0,2.0,2.0,2.0,2.0,2.0,2.0,2.0,2.0,2.0,2.0,2.0,2.0,2.0,2.0,2.0
402,4,4,4,2,3,4,4,3,2,2,,30.0,2.0,,,,,5.0,4.0,2.0,,6.0,,,1.0,1.0,,,,,2.0,5.0,5.0,,,,,15.0,1.0,,,4.0,,1.0,,,5.0,,,,,,,,,,,1.0,1.0,1.0,1.0,1.0,1.0,7,3,3,3,3,5,6,6,4,2.0,70.0,65.0,65.0,40.0,50.0,65.0,65.0,50.0,40.0,40.0,1.0,1.0,2.0,1.0,2.0,1.0,1.0,1.0,2.0,1.0,1.0,1.0,1.0,2.0,1.0,2.0,2.0,2.0,1.0,1.0,1.0,1.0,1.0,1.0,2.0,2.0,2.0,1.0,1.0,1.0,2.0,1.0,1.0,1.0,1.0,1.0,1.0,1.0,1.0,1.0
140,2,4,4,2,3,4,4,2,2,3,,30.0,,2.0,5.0,4.0,2.0,,,,,6.0,1.0,54.0,,1.0,,,,,,,,2.0,4.0,5.0,,15.0,1.0,,,,3.0,1.0,,,5.0,1.0,1.0,1.0,1.0,1.0,1.0,1.0,1.0,1.0,1.0,,,,,,,6,3,3,3,3,5,6,6,4,2.0,40.0,60.0,60.0,40.0,50.0,60.0,60.0,40.0,40.0,50.0,1.0,2.0,1.0,2.0,1.0,1.0,1.0,1.0,1.0,1.0,2.0,2.0,1.0,1.0,1.0,1.0,1.0,2.0,1.0,1.0,1.0,1.0,1.0,1.0,1.0,1.0,2.0,1.0,1.0,1.0,2.0,1.0,1.0,1.0,1.0,1.0,1.0,1.0,1.0,1.0
841,3,4,4,2,3,4,4,3,2,2,,30.0,2.0,,,,,5.0,4.0,2.0,,6.0,,,1.0,1.0,,,,,2.0,4.0,5.0,,,,10.0,,,1.0,,3.0,,,1.0,,5.0,1.0,1.0,1.0,1.0,1.0,1.0,1.0,1.0,1.0,1.0,,,,,,,6,3,2,3,3,5,6,5,4,2.0,50.0,60.0,60.0,40.0,50.0,60.0,60.0,50.0,40.0,40.0,2.0,1.0,1.0,1.0,1.0,1.0,2.0,1.0,1.0,2.0,1.0,1.0,2.0,1.0,1.0,2.0,1.0,1.0,2.0,2.0,1.0,1.0,1.0,1.0,1.0,1.0,1.0,1.0,1.0,1.0,2.0,1.0,1.0,1.0,1.0,2.0,1.0,1.0,1.0,1.0
932,5,5,5,5,5,5,5,5,2,2,70.0,,5.0,,5.0,4.0,2.0,,,,,6.0,1.0,54.0,,,2.0,3.0,5.0,5.0,,,,,,,15.0,,1.0,,,3.0,,,1.0,5.0,,1.0,1.0,1.0,1.0,1.0,1.0,1.0,1.0,1.0,1.0,,,,,,,6,3,3,3,3,5,6,6,4,2.0,75.0,75.0,75.0,75.0,75.0,75.0,75.0,75.0,40.0,40.0,2.0,2.0,1.0,2.0,1.0,1.0,1.0,2.0,1.0,2.0,1.0,2.0,2.0,1.0,1.0,1.0,2.0,1.0,1.0,1.0,1.0,1.0,1.0,2.0,2.0,1.0,1.0,1.0,1.0,2.0,2.0,1.0,1.0,1.0,1.0,1.0,1.0,1.0,2.0,1.0
367,4,4,4,3,4,4,4,3,2,2,,30.0,2.0,,5.0,4.0,2.0,,,,6.0,,,,1.0,,2.0,3.0,4.0,5.0,,,,,,,,15.0,,1.0,,4.0,,1.0,,5.0,,1.0,1.0,1.0,1.0,1.0,1.0,1.0,1.0,1.0,1.0,,,,,,,7,3,2,3,3,5,6,6,4,2.0,65.0,60.0,60.0,50.0,60.0,60.0,60.0,50.0,40.0,40.0,1.0,1.0,2.0,2.0,1.0,2.0,1.0,1.0,2.0,1.0,1.0,1.0,1.0,2.0,2.0,1.0,1.0,1.0,2.0,2.0,1.0,1.0,1.0,1.0,2.0,2.0,1.0,2.0,2.0,2.0,1.0,1.0,2.0,2.0,1.0,1.0,2.0,1.0,1.0,2.0
214,2,3,3,2,3,4,4,2,2,2,70.0,,5.0,,5.0,4.0,2.0,,,,,6.0,,,1.0,,2.0,3.0,4.0,5.0,,,,,,,,12.0,,1.0,4.0,,,,1.0,,5.0,,,,,,,,,,,1.0,1.0,1.0,1.0,1.0,1.0,6,3,3,3,3,5,6,6,4,2.0,40.0,50.0,50.0,40.0,50.0,60.0,60.0,40.0,40.0,40.0,2.0,1.0,1.0,2.0,1.0,1.0,2.0,1.0,2.0,1.0,1.0,2.0,2.0,2.0,2.0,1.0,1.0,1.0,1.0,2.0,1.0,1.0,1.0,2.0,1.0,1.0,1.0,1.0,2.0,1.0,2.0,1.0,1.0,2.0,2.0,1.0,1.0,2.0,1.0,2.0
181,4,4,4,4,4,4,4,4,2,2,,30.0,,2.0,3.0,4.0,5.0,,,,,6.0,,,2.0,1.0,,,,,,,,3.0,4.0,5.0,5.0,,1.0,,,,2.0,1.0,,4.0,,,,,,,,,,,,1.0,1.0,1.0,1.0,1.0,1.0,6,3,4,3,2,5,6,5,3,2.0,55.0,50.0,52.0,60.0,62.0,58.0,65.0,54.0,40.0,38.0,2.0,2.0,2.0,1.0,2.0,2.0,1.0,1.0,2.0,1.0,2.0,2.0,2.0,2.0,1.0,2.0,2.0,2.0,1.0,2.0,2.0,1.0,2.0,1.0,2.0,1.0,2.0,2.0,1.0,2.0,1.0,2.0,2.0,2.0,1.0,1.0,1.0,2.0,1.0,1.0
408,5,5,5,5,5,5,5,5,1,1,,30.0,5.0,,5.0,4.0,2.0,,,,,6.0,1.0,54.0,,,2.0,3.0,5.0,5.0,,,,,,,15.0,,1.0,,4.0,,,1.0,,5.0,,,,,,,,,,,,1.0,1.0,1.0,1.0,1.0,1.0,7,3,3,3,3,5,6,6,4,2.0,80.0,80.0,85.0,85.0,80.0,85.0,80.0,75.0,30.0,30.0,2.0,1.0,1.0,2.0,2.0,1.0,1.0,2.0,1.0,1.0,2.0,1.0,2.0,2.0,2.0,1.0,1.0,1.0,1.0,2.0,2.0,2.0,2.0,2.0,2.0,1.0,2.0,1.0,2.0,2.0,2.0,1.0,1.0,2.0,1.0,1.0,1.0,2.0,1.0,1.0
880,5,5,5,5,5,5,5,5,2,2,70.0,,5.0,,,,,5.0,4.0,2.0,6.0,,,,1.0,,2.0,,,,2.0,5.0,5.0,,,,15.0,,1.0,,,,3.0,,1.0,5.0,,1.0,1.0,1.0,1.0,1.0,1.0,1.0,1.0,1.0,1.0,,,,,,,7,3,3,3,3,5,6,6,4,2.0,80.0,80.0,85.0,85.0,85.0,85.0,85.0,80.0,30.0,30.0,1.0,2.0,2.0,1.0,1.0,1.0,1.0,1.0,2.0,2.0,1.0,1.0,1.0,1.0,2.0,1.0,1.0,1.0,1.0,1.0,1.0,1.0,1.0,2.0,1.0,1.0,1.0,1.0,1.0,1.0,1.0,1.0,1.0,1.0,1.0,1.0,1.0,1.0,1.0,1.0
16,2,3,3,2,3,4,4,2,1,2,40.0,,2.0,,5.0,4.0,2.0,,,,,6.0,1.0,54.0,,,2.0,,,,,,,2.0,4.0,5.0,15.0,,1.0,,,,2.0,1.0,,,5.0,1.0,1.0,1.0,1.0,1.0,1.0,1.0,1.0,1.0,1.0,,,,,,,6,3,3,3,3,5,6,6,3,2.0,45.0,50.0,50.0,40.0,50.0,60.0,60.0,40.0,20.0,40.0,1.0,1.0,2.0,2.0,1.0,2.0,2.0,1.0,2.0,1.0,1.0,2.0,1.0,1.0,1.0,1.0,1.0,1.0,1.0,2.0,1.0,1.0,1.0,1.0,1.0,2.0,1.0,1.0,1.0,1.0,1.0,1.0,2.0,1.0,2.0,1.0,2.0,1.0,1.0,1.0
312,2,2,2,2,2,2,4,2,4,2,,30.0,,2.0,3.0,4.0,5.0,,,,6.0,,1.0,30.0,,,2.0,,,,2.0,4.0,4.0,,,,20.0,,,2.0,,,2.0,,1.0,3.0,,,,,,,,,,,,1.0,1.0,1.0,1.0,1.0,1.0,6,3,4,4,2,5,6,6,3,2.0,40.0,35.0,35.0,45.0,50.0,40.0,60.0,40.0,55.0,40.0,2.0,2.0,1.0,1.0,1.0,2.0,2.0,1.0,1.0,1.0,1.0,1.0,1.0,1.0,1.0,1.0,1.0,1.0,1.0,1.0,1.0,1.0,2.0,1.0,1.0,1.0,1.0,2.0,2.0,2.0,1.0,1.0,1.0,1.0,2.0,2.0,1.0,2.0,1.0,2.0
261,2,3,2,2,3,2,4,2,4,3,70.0,,,2.0,3.0,4.0,5.0,,,,,5.0,1.0,54.0,,,2.0,2.0,4.0,5.0,,,,,,,18.0,,,2.0,4.0,,,1.0,,,4.0,,,,,,,,,,,1.0,1.0,1.0,1.0,1.0,1.0,6,3,4,4,3,5,6,6,3,2.0,45.0,40.0,42.0,50.0,55.0,40.0,60.0,45.0,50.0,40.0,2.0,1.0,1.0,1.0,2.0,2.0,2.0,1.0,1.0,1.0,2.0,2.0,1.0,1.0,1.0,1.0,2.0,2.0,1.0,2.0,2.0,1.0,2.0,1.0,2.0,1.0,2.0,1.0,2.0,1.0,1.0,2.0,2.0,2.0,2.0,1.0,1.0,2.0,1.0,1.0
986,2,4,4,3,4,5,4,3,2,2,70.0,,2.0,,5.0,4.0,2.0,,,,,6.0,,,1.0,1.0,,,,,2.0,4.0,5.0,,,,,12.0,1.0,,,,3.0,,1.0,,5.0,,,,,,,,,,,1.0,1.0,1.0,1.0,1.0,1.0,6,3,2,3,3,5,6,5,3,2.0,40.0,60.0,60.0,50.0,60.0,70.0,60.0,50.0,40.0,40.0,1.0,1.0,1.0,2.0,1.0,1.0,2.0,1.0,1.0,2.0,1.0,2.0,1.0,1.0,1.0,2.0,1.0,1.0,2.0,1.0,1.0,1.0,1.0,1.0,1.0,1.0,1.0,2.0,1.0,1.0,1.0,1.0,2.0,1.0,1.0,1.0,1.0,1.0,1.0,2.0
63,1,2,2,1,2,2,2,1,1,1,40.0,,2.0,,5.0,4.0,2.0,,,,6.0,,,,1.0,,2.0,,,,2.0,4.0,4.0,,,,,15.0,1.0,,,,2.0,,1.0,,5.0,1.0,1.0,1.0,1.0,1.0,1.0,1.0,1.0,1.0,1.0,,,,,,,6,2,2,2,3,5,6,6,3,2.0,20.0,30.0,30.0,15.0,25.0,25.0,25.0,15.0,15.0,15.0,2.0,2.0,1.0,1.0,2.0,2.0,2.0,2.0,2.0,1.0,2.0,1.0,2.0,2.0,2.0,2.0,2.0,1.0,2.0,2.0,1.0,2.0,1.0,1.0,1.0,1.0,2.0,1.0,1.0,2.0,1.0,2.0,2.0,2.0,2.0,2.0,2.0,2.0,1.0,1.0
729,5,5,5,5,5,5,5,5,2,2,,30.0,5.0,,,,,5.0,4.0,2.0,,6.0,1.0,54.0,,,2.0,,,,2.0,5.0,5.0,,,,,15.0,1.0,,,3.0,,,1.0,5.0,,1.0,1.0,1.0,1.0,1.0,1.0,1.0,1.0,1.0,1.0,,,,,,,7,3,2,3,3,5,6,6,4,2.0,75.0,70.0,75.0,75.0,75.0,75.0,75.0,70.0,40.0,40.0,1.0,1.0,1.0,2.0,2.0,1.0,1.0,1.0,2.0,1.0,2.0,1.0,1.0,1.0,2.0,1.0,1.0,1.0,2.0,2.0,1.0,2.0,2.0,1.0,2.0,1.0,1.0,2.0,2.0,1.0,1.0,1.0,1.0,2.0,1.0,1.0,1.0,1.0,2.0,1.0
135,5,4,5,5,5,5,5,5,1,2,,30.0,5.0,,5.0,4.0,2.0,,,,6.0,,,,1.0,1.0,,3.0,5.0,5.0,,,,,,,,15.0,1.0,,5.0,,,,1.0,,5.0,,,,,,,,,,,1.0,1.0,1.0,1.0,1.0,1.0,7,3,3,3,3,5,6,6,4,2.0,75.0,70.0,80.0,85.0,80.0,85.0,80.0,75.0,30.0,40.0,1.0,2.0,2.0,1.0,1.0,2.0,2.0,2.0,2.0,1.0,1.0,2.0,2.0,2.0,1.0,2.0,2.0,2.0,1.0,1.0,2.0,1.0,1.0,1.0,2.0,2.0,1.0,1.0,1.0,1.0,1.0,1.0,2.0,2.0,1.0,2.0,2.0,1.0,2.0,1.0
834,4,4,4,4,4,4,5,4,2,2,70.0,,,2.0,3.0,4.0,5.0,,,,6.0,,1.0,54.0,,,2.0,2.0,4.0,5.0,,,,,,,,18.0,,2.0,,,2.0,,1.0,,4.0,1.0,1.0,1.0,1.0,1.0,1.0,1.0,1.0,1.0,1.0,,,,,,,6,3,4,3,3,5,6,5,3,2.0,55.0,50.0,52.0,60.0,62.0,58.0,65.0,54.0,40.0,42.0,1.0,1.0,2.0,2.0,2.0,1.0,2.0,1.0,2.0,1.0,1.0,2.0,1.0,1.0,2.0,2.0,1.0,1.0,1.0,2.0,2.0,1.0,1.0,2.0,2.0,2.0,1.0,2.0,2.0,2.0,2.0,2.0,2.0,2.0,2.0,2.0,1.0,2.0,2.0,1.0
947,5,5,5,4,4,5,5,4,2,2,70.0,,5.0,,,,,5.0,4.0,2.0,6.0,,,,1.0,,2.0,,,,,,,2.0,5.0,5.0,15.0,,1.0,,,3.0,,1.0,,,5.0,1.0,1.0,1.0,1.0,1.0,1.0,1.0,1.0,1.0,1.0,,,,,,,7,3,3,3,3,5,6,6,4,2.0,75.0,70.0,75.0,60.0,60.0,75.0,75.0,60.0,40.0,40.0,2.0,2.0,2.0,2.0,2.0,1.0,1.0,1.0,1.0,1.0,1.0,1.0,1.0,1.0,1.0,1.0,2.0,1.0,1.0,1.0,2.0,1.0,1.0,1.0,1.0,1.0,1.0,1.0,2.0,1.0,1.0,1.0,1.0,1.0,1.0,1.0,1.0,1.0,2.0,1.0
538,1,2,2,2,2,2,4,1,4,2,70.0,,2.0,,2.0,3.0,5.0,,,,,5.0,,,2.0,1.0,,1.0,2.0,4.0,,,,,,,,20.0,,2.0,,,2.0,1.0,,,3.0,1.0,1.0,1.0,1.0,1.0,1.0,1.0,1.0,1.0,1.0,,,,,,,6,3,4,3,3,5,6,5,2,1.0,40.0,35.0,38.0,45.0,50.0,40.0,60.0,35.0,55.0,40.0,2.0,2.0,1.0,2.0,2.0,2.0,1.0,2.0,2.0,1.0,1.0,2.0,2.0,2.0,2.0,2.0,2.0,1.0,1.0,2.0,2.0,2.0,2.0,1.0,2.0,1.0,2.0,2.0,1.0,1.0,1.0,2.0,1.0,2.0,2.0,2.0,2.0,1.0,1.0,1.0
324,4,4,4,5,5,4,5,4,2,2,70.0,,3.0,,,,,3.0,4.0,2.0,,6.0,,,2.0,1.0,,2.0,4.0,5.0,,,,,,,18.0,,1.0,,4.0,,,1.0,,,5.0,1.0,1.0,1.0,1.0,1.0,1.0,1.0,1.0,1.0,1.0,,,,,,,6,3,4,3,3,5,6,5,3,2.0,55.0,50.0,52.0,60.0,65.0,58.0,70.0,54.0,40.0,42.0,1.0,2.0,1.0,2.0,2.0,2.0,2.0,1.0,1.0,1.0,2.0,1.0,2.0,1.0,2.0,1.0,2.0,1.0,1.0,1.0,1.0,1.0,2.0,1.0,2.0,2.0,2.0,1.0,1.0,2.0,1.0,2.0,2.0,1.0,2.0,1.0,2.0,2.0,1.0,2.0
257,2,3,2,2,3,2,3,2,4,4,,30.0,,2.0,3.0,4.0,5.0,,,,,5.0,,,2.0,,2.0,,,,4.0,4.0,5.0,,,,18.0,,1.0,,4.0,,,,1.0,,4.0,1.0,1.0,1.0,1.0,1.0,1.0,1.0,1.0,1.0,1.0,,,,,,,6,3,4,4,3,5,6,5,3,2.0,45.0,40.0,42.0,50.0,55.0,48.0,60.0,40.0,55.0,50.0,1.0,2.0,2.0,1.0,2.0,1.0,2.0,2.0,1.0,1.0,1.0,2.0,1.0,2.0,1.0,1.0,2.0,2.0,1.0,1.0,1.0,2.0,1.0,1.0,2.0,1.0,2.0,2.0,1.0,2.0,2.0,2.0,2.0,1.0,2.0,2.0,1.0,2.0,2.0,1.0
55,5,5,5,5,5,5,5,5,2,2,,30.0,5.0,,5.0,4.0,2.0,,,,,6.0,1.0,54.0,,1.0,,,,,2.0,5.0,5.0,,,,,15.0,,1.0,,4.0,,1.0,,,5.0,,,,,,,,,,,1.0,1.0,1.0,1.0,1.0,1.0,7,3,2,2,3,5,6,6,4,2.0,75.0,75.0,80.0,80.0,75.0,80.0,80.0,70.0,30.0,30.0,1.0,2.0,1.0,2.0,1.0,1.0,1.0,1.0,1.0,1.0,1.0,1.0,2.0,1.0,1.0,1.0,2.0,2.0,1.0,1.0,1.0,1.0,1.0,1.0,1.0,1.0,1.0,2.0,2.0,2.0,2.0,1.0,1.0,1.0,1.0,1.0,1.0,1.0,2.0,1.0
296,2,3,2,2,2,2,4,2,4,4,,30.0,2.0,,3.0,4.0,5.0,,,,6.0,,,,2.0,,2.0,,,,,,,3.0,4.0,5.0,18.0,,1.0,,4.0,,,1.0,,,4.0,,,,,,,,,,,1.0,1.0,1.0,1.0,1.0,1.0,6,3,4,4,3,5,6,6,3,2.0,45.0,40.0,42.0,50.0,55.0,48.0,60.0,40.0,35.0,38.0,1.0,2.0,1.0,1.0,1.0,1.0,2.0,2.0,1.0,2.0,2.0,2.0,1.0,1.0,1.0,2.0,1.0,1.0,1.0,2.0,2.0,1.0,1.0,2.0,1.0,2.0,1.0,2.0,1.0,2.0,1.0,1.0,1.0,1.0,2.0,1.0,2.0,1.0,1.0,2.0
103,4,4,4,1,4,4,4,4,1,2,,30.0,5.0,,,,,5.0,4.0,2.0,6.0,,,,1.0,1.0,,,,,2.0,5.0,6.0,,,,,15.0,,1.0,,4.0,,1.0,,5.0,,,,,,,,,,,,1.0,1.0,1.0,1.0,1.0,1.0,7,3,3,3,3,6,6,6,4,2.0,65.0,65.0,65.0,30.0,65.0,65.0,65.0,65.0,30.0,40.0,1.0,1.0,1.0,1.0,1.0,2.0,2.0,2.0,1.0,1.0,2.0,2.0,1.0,1.0,1.0,1.0,1.0,1.0,1.0,1.0,1.0,1.0,1.0,1.0,1.0,1.0,1.0,1.0,1.0,1.0,1.0,1.0,2.0,1.0,1.0,1.0,1.0,1.0,1.0,1.0
802,2,3,4,1,3,4,4,2,1,2,,30.0,2.0,,,,,5.0,4.0,2.0,6.0,,,,1.0,1.0,,,,,2.0,4.0,5.0,,,,,15.0,1.0,,,,3.0,1.0,,5.0,,1.0,1.0,1.0,1.0,1.0,1.0,1.0,1.0,1.0,1.0,,,,,,,6,3,3,3,3,5,6,6,4,2.0,40.0,50.0,60.0,30.0,50.0,60.0,60.0,40.0,30.0,35.0,1.0,2.0,1.0,1.0,2.0,1.0,1.0,2.0,1.0,1.0,1.0,1.0,2.0,2.0,1.0,1.0,1.0,2.0,2.0,1.0,1.0,2.0,2.0,1.0,1.0,1.0,1.0,1.0,1.0,1.0,1.0,1.0,1.0,1.0,2.0,1.0,1.0,1.0,1.0,1.0
971,5,5,5,4,4,5,5,5,2,2,,30.0,5.0,,5.0,4.0,2.0,,,,,6.0,1.0,54.0,,1.0,,3.0,5.0,5.0,,,,,,,,15.0,,1.0,5.0,,,,1.0,5.0,,,,,,,,,,,,1.0,1.0,1.0,1.0,1.0,1.0,6,3,3,3,3,5,6,6,4,2.0,70.0,70.0,75.0,60.0,60.0,75.0,75.0,70.0,40.0,40.0,1.0,1.0,1.0,2.0,2.0,1.0,1.0,1.0,1.0,1.0,1.0,1.0,2.0,1.0,1.0,2.0,1.0,1.0,1.0,1.0,1.0,1.0,2.0,1.0,1.0,2.0,1.0,1.0,2.0,1.0,1.0,1.0,1.0,2.0,1.0,1.0,1.0,1.0,1.0,1.0
94,4,4,4,4,4,4,4,4,2,2,70.0,,,2.0,,,,3.0,4.0,2.0,6.0,,,,2.0,1.0,,2.0,4.0,5.0,,,,,,,,15.0,1.0,,4.0,,,,1.0,,4.0,1.0,1.0,1.0,1.0,1.0,1.0,1.0,1.0,1.0,1.0,,,,,,,6,3,4,4,3,5,6,6,3,2.0,55.0,50.0,52.0,60.0,62.0,58.0,65.0,54.0,40.0,42.0,2.0,1.0,1.0,2.0,1.0,1.0,1.0,2.0,2.0,1.0,2.0,1.0,2.0,1.0,2.0,1.0,1.0,2.0,1.0,1.0,2.0,2.0,1.0,2.0,1.0,2.0,1.0,2.0,1.0,2.0,1.0,2.0,1.0,2.0,1.0,2.0,2.0,1.0,2.0,1.0
176,5,5,5,4,4,5,5,4,2,2,70.0,,5.0,,,,,5.0,4.0,2.0,6.0,,1.0,54.0,,,2.0,2.0,5.0,5.0,,,,,,,10.0,,,1.0,,4.0,,1.0,,5.0,,1.0,1.0,1.0,1.0,1.0,1.0,1.0,1.0,1.0,1.0,,,,,,,7,3,3,3,3,5,6,6,3,2.0,75.0,70.0,75.0,60.0,60.0,75.0,75.0,60.0,40.0,40.0,2.0,1.0,1.0,1.0,2.0,1.0,1.0,1.0,1.0,2.0,1.0,2.0,1.0,2.0,1.0,2.0,2.0,2.0,2.0,2.0,1.0,1.0,1.0,2.0,2.0,1.0,1.0,1.0,2.0,1.0,2.0,2.0,1.0,2.0,1.0,2.0,2.0,1.0,1.0,1.0
390,2,3,2,2,3,2,3,2,4,4,,30.0,,2.0,,,,3.0,4.0,2.0,6.0,,1.0,54.0,,,2.0,,,,,,,2.0,4.0,5.0,,15.0,1.0,,4.0,,,1.0,,4.0,,1.0,1.0,1.0,1.0,1.0,1.0,1.0,1.0,1.0,1.0,,,,,,,6,3,4,4,3,5,6,5,3,2.0,45.0,40.0,42.0,50.0,55.0,48.0,60.0,40.0,50.0,45.0,1.0,1.0,1.0,1.0,2.0,1.0,1.0,1.0,2.0,1.0,2.0,2.0,1.0,1.0,1.0,1.0,1.0,1.0,1.0,2.0,2.0,1.0,1.0,2.0,1.0,2.0,1.0,2.0,2.0,1.0,1.0,1.0,2.0,1.0,1.0,2.0,1.0,2.0,1.0,2.0
619,2,3,2,2,3,2,4,2,4,4,70.0,,,2.0,3.0,4.0,6.0,,,,6.0,,1.0,40.0,,1.0,,,,,,,,2.0,4.0,4.0,,5.0,,2.0,,6.0,,,1.0,4.0,,1.0,1.0,1.0,1.0,1.0,1.0,1.0,1.0,1.0,1.0,,,,,,,6,3,4,4,2,5,6,5,3,2.0,40.0,45.0,38.0,50.0,55.0,40.0,60.0,45.0,50.0,48.0,2.0,1.0,1.0,2.0,1.0,2.0,1.0,2.0,2.0,1.0,1.0,2.0,1.0,1.0,1.0,2.0,2.0,1.0,1.0,1.0,1.0,1.0,1.0,2.0,2.0,1.0,1.0,2.0,1.0,1.0,1.0,2.0,1.0,2.0,2.0,1.0,1.0,2.0,2.0,1.0
877,5,5,5,5,5,5,5,5,1,2,70.0,,,2.0,,,,3.0,5.0,2.0,6.0,,1.0,54.0,,,2.0,,,,,,,3.0,4.0,5.0,,18.0,1.0,,,,3.0,,1.0,5.0,,,,,,,,,,,,1.0,1.0,1.0,1.0,1.0,1.0,6,3,4,4,3,5,6,6,3,2.0,55.0,50.0,52.0,60.0,62.0,58.0,65.0,54.0,40.0,42.0,2.0,2.0,2.0,2.0,2.0,1.0,2.0,1.0,1.0,2.0,2.0,1.0,1.0,2.0,1.0,2.0,2.0,2.0,2.0,1.0,1.0,1.0,2.0,1.0,1.0,2.0,2.0,1.0,2.0,1.0,2.0,2.0,2.0,2.0,2.0,2.0,2.0,1.0,1.0,1.0
904,4,4,4,4,4,4,4,4,2,2,70.0,,,2.0,,,,3.0,4.0,2.0,6.0,,,,2.0,1.0,,3.0,4.0,5.0,,,,,,,18.0,,,2.0,,,3.0,,1.0,4.0,,,,,,,,,,,,1.0,1.0,1.0,1.0,1.0,1.0,6,3,5,4,3,5,6,5,3,2.0,55.0,50.0,52.0,60.0,62.0,58.0,65.0,54.0,40.0,38.0,1.0,2.0,1.0,2.0,1.0,2.0,2.0,2.0,1.0,1.0,1.0,2.0,1.0,1.0,2.0,2.0,2.0,1.0,2.0,2.0,1.0,1.0,1.0,1.0,1.0,1.0,2.0,1.0,1.0,1.0,1.0,2.0,1.0,2.0,2.0,1.0,1.0,1.0,1.0,2.0
351,5,5,5,5,5,5,5,5,1,2,,30.0,,1.0,3.0,4.0,6.0,,,,6.0,,,,2.0,1.0,,,,,,,,4.0,5.0,6.0,,18.0,,2.0,,,3.0,1.0,,5.0,,,,,,,,,,,,1.0,1.0,1.0,1.0,1.0,1.0,6,3,4,3,2,5,6,5,3,2.0,60.0,55.0,58.0,65.0,68.0,62.0,70.0,60.0,35.0,40.0,2.0,1.0,2.0,2.0,1.0,2.0,2.0,2.0,1.0,1.0,2.0,1.0,2.0,1.0,2.0,2.0,1.0,1.0,1.0,2.0,1.0,2.0,1.0,1.0,1.0,2.0,2.0,1.0,1.0,1.0,1.0,2.0,1.0,2.0,1.0,2.0,1.0,2.0,1.0,1.0
222,4,4,4,2,3,4,4,3,2,2,70.0,,5.0,,5.0,4.0,2.0,,,,,6.0,1.0,54.0,,,2.0,2.0,4.0,5.0,,,,,,,15.0,,1.0,,4.0,,,1.0,,,5.0,1.0,1.0,1.0,1.0,1.0,1.0,1.0,1.0,1.0,1.0,,,,,,,6,3,2,3,3,5,6,6,4,2.0,65.0,60.0,60.0,40.0,50.0,60.0,60.0,50.0,40.0,40.0,1.0,1.0,2.0,1.0,2.0,1.0,2.0,1.0,2.0,2.0,1.0,2.0,1.0,1.0,2.0,1.0,1.0,1.0,1.0,1.0,1.0,1.0,2.0,1.0,1.0,1.0,1.0,1.0,1.0,1.0,1.0,1.0,2.0,1.0,1.0,1.0,1.0,1.0,2.0,1.0
20,2,3,3,2,3,4,4,2,2,2,,30.0,2.0,,,,,5.0,4.0,2.0,,6.0,,,1.0,,2.0,,,,,,,2.0,4.0,5.0,15.0,,1.0,,4.0,,,,1.0,,5.0,,,,,,,,,,,1.0,1.0,1.0,1.0,1.0,1.0,6,3,3,3,3,5,6,6,4,2.0,40.0,50.0,50.0,40.0,50.0,60.0,60.0,40.0,40.0,40.0,2.0,1.0,1.0,1.0,2.0,1.0,2.0,2.0,2.0,1.0,1.0,2.0,1.0,1.0,1.0,1.0,2.0,1.0,2.0,1.0,1.0,1.0,1.0,1.0,1.0,1.0,1.0,2.0,1.0,1.0,1.0,2.0,1.0,1.0,1.0,2.0,1.0,1.0,1.0,1.0
586,4,4,4,4,4,4,5,4,2,2,,30.0,,1.0,3.0,4.0,5.0,,,,6.0,,1.0,40.0,,,2.0,2.0,4.0,5.0,,,,,,,16.0,,1.0,,,,2.0,,1.0,4.0,,,,,,,,,,,,1.0,1.0,1.0,1.0,1.0,1.0,6,3,4,4,2,5,6,6,3,2.0,55.0,50.0,52.0,60.0,62.0,58.0,65.0,54.0,40.0,38.0,2.0,2.0,2.0,2.0,2.0,2.0,2.0,2.0,2.0,2.0,2.0,2.0,2.0,2.0,2.0,1.0,2.0,2.0,2.0,1.0,2.0,2.0,2.0,1.0,1.0,1.0,2.0,2.0,1.0,2.0,2.0,2.0,2.0,2.0,2.0,1.0,1.0,2.0,1.0,2.0
760,4,4,4,4,4,4,4,4,2,2,,30.0,,2.0,3.0,4.0,5.0,,,,6.0,,,,2.0,1.0,,,,,3.0,4.0,5.0,,,,,10.0,1.0,,,,2.0,1.0,,4.0,,1.0,1.0,1.0,1.0,1.0,1.0,1.0,1.0,1.0,1.0,,,,,,,6,3,4,4,2,5,6,5,3,2.0,55.0,50.0,52.0,60.0,62.0,58.0,65.0,54.0,40.0,42.0,2.0,1.0,2.0,1.0,1.0,1.0,2.0,1.0,1.0,1.0,2.0,1.0,1.0,2.0,1.0,1.0,1.0,2.0,1.0,2.0,2.0,1.0,1.0,2.0,1.0,2.0,1.0,2.0,1.0,2.0,2.0,1.0,1.0,2.0,1.0,2.0,1.0,1.0,1.0,2.0
613,5,5,5,5,5,5,5,5,2,2,,30.0,5.0,,5.0,4.0,2.0,,,,,6.0,,,1.0,,2.0,,,,,,,2.0,5.0,5.0,15.0,,,1.0,,4.0,,,1.0,,5.0,1.0,1.0,1.0,1.0,1.0,1.0,1.0,1.0,1.0,1.0,,,,,,,6,3,3,3,3,5,6,6,4,2.0,80.0,80.0,85.0,85.0,80.0,85.0,85.0,80.0,30.0,30.0,1.0,1.0,1.0,2.0,2.0,1.0,1.0,2.0,1.0,2.0,1.0,1.0,1.0,2.0,2.0,1.0,1.0,1.0,2.0,1.0,1.0,1.0,1.0,1.0,1.0,1.0,2.0,1.0,1.0,2.0,1.0,2.0,1.0,1.0,2.0,1.0,1.0,2.0,1.0,1.0
228,1,1,2,1,2,2,3,1,4,3,70.0,,2.0,,,,,5.0,4.0,2.0,,6.0,,,1.0,,2.0,,,,2.0,4.0,5.0,,,,15.0,,1.0,,,4.0,,,1.0,5.0,,1.0,1.0,1.0,1.0,1.0,1.0,1.0,1.0,1.0,1.0,,,,,,,6,2,3,3,3,5,6,6,3,2.0,20.0,20.0,30.0,20.0,30.0,30.0,40.0,20.0,50.0,30.0,1.0,2.0,2.0,1.0,2.0,2.0,1.0,2.0,2.0,2.0,1.0,2.0,1.0,2.0,1.0,1.0,2.0,1.0,1.0,2.0,1.0,1.0,1.0,1.0,2.0,1.0,2.0,2.0,1.0,2.0,2.0,1.0,2.0,1.0,1.0,1.0,2.0,1.0,2.0,1.0
547,2,4,4,2,3,4,4,2,2,2,,30.0,2.0,,5.0,4.0,2.0,,,,,6.0,1.0,54.0,,1.0,,,,,2.0,5.0,5.0,,,,15.0,,,1.0,4.0,,,,1.0,,5.0,,,,,,,,,,,1.0,1.0,1.0,1.0,1.0,1.0,6,3,2,3,3,5,6,5,3,2.0,40.0,60.0,60.0,40.0,50.0,60.0,60.0,40.0,40.0,40.0,2.0,1.0,2.0,1.0,2.0,1.0,1.0,2.0,1.0,2.0,1.0,2.0,1.0,1.0,1.0,2.0,1.0,2.0,1.0,2.0,1.0,2.0,1.0,1.0,1.0,1.0,1.0,1.0,1.0,1.0,1.0,1.0,1.0,1.0,1.0,1.0,1.0,1.0,1.0,1.0
434,5,4,5,5,5,5,5,4,2,2,70.0,,,2.0,5.0,4.0,2.0,,,,6.0,,1.0,54.0,,1.0,,,,,3.0,5.0,5.0,,,,15.0,,1.0,,,,3.0,1.0,,5.0,,1.0,1.0,1.0,1.0,1.0,1.0,1.0,1.0,1.0,1.0,,,,,,,7,3,3,3,3,5,6,6,4,2.0,75.0,70.0,80.0,80.0,80.0,85.0,80.0,70.0,40.0,40.0,2.0,1.0,1.0,2.0,2.0,1.0,1.0,2.0,2.0,1.0,2.0,1.0,1.0,1.0,1.0,1.0,1.0,1.0,1.0,2.0,1.0,1.0,2.0,2.0,1.0,1.0,1.0,1.0,1.0,2.0,1.0,1.0,2.0,2.0,1.0,1.0,1.0,1.0,1.0,1.0
532,5,5,5,5,5,5,5,5,2,2,70.0,,5.0,,4.0,3.0,2.0,,,,,7.0,,,1.0,1.0,,,,,,,,2.0,5.0,5.0,15.0,,,1.0,,,3.0,,1.0,5.0,,1.0,1.0,1.0,1.0,1.0,1.0,1.0,1.0,1.0,1.0,,,,,,,6,3,3,3,3,5,6,6,4,2.0,75.0,75.0,80.0,80.0,80.0,85.0,85.0,70.0,40.0,40.0,1.0,1.0,2.0,2.0,1.0,1.0,2.0,2.0,1.0,1.0,1.0,2.0,1.0,2.0,1.0,2.0,2.0,2.0,1.0,1.0,1.0,2.0,1.0,2.0,1.0,1.0,2.0,2.0,1.0,2.0,1.0,1.0,1.0,1.0,2.0,2.0,1.0,1.0,1.0,1.0
441,2,2,2,2,2,2,4,2,4,4,,30.0,,2.0,3.0,4.0,5.0,,,,6.0,,,,2.0,,2.0,2.0,4.0,4.0,,,,,,,18.0,,1.0,,,6.0,,,1.0,4.0,,,,,,,,,,,,1.0,1.0,1.0,1.0,1.0,1.0,6,3,4,4,2,5,6,6,3,2.0,45.0,40.0,40.0,50.0,55.0,50.0,60.0,45.0,55.0,50.0,1.0,1.0,1.0,1.0,2.0,2.0,2.0,2.0,2.0,1.0,2.0,2.0,2.0,2.0,2.0,1.0,2.0,1.0,2.0,2.0,1.0,1.0,1.0,2.0,2.0,1.0,1.0,1.0,1.0,1.0,2.0,1.0,1.0,1.0,2.0,1.0,1.0,1.0,1.0,2.0
808,4,4,4,4,4,4,4,4,2,2,70.0,,4.0,,,,,3.0,4.0,2.0,,5.0,1.0,54.0,,,2.0,,,,4.0,4.0,5.0,,,,,18.0,1.0,,,6.0,,,1.0,4.0,,,,,,,,,,,,1.0,1.0,1.0,1.0,1.0,1.0,6,3,4,4,2,5,6,6,3,2.0,60.0,55.0,58.0,65.0,68.0,62.0,70.0,60.0,40.0,45.0,2.0,2.0,2.0,2.0,2.0,2.0,1.0,1.0,2.0,2.0,1.0,1.0,2.0,2.0,2.0,2.0,1.0,1.0,1.0,1.0,1.0,1.0,1.0,2.0,2.0,1.0,1.0,1.0,1.0,1.0,2.0,1.0,2.0,1.0,1.0,1.0,1.0,2.0,1.0,2.0
715,5,5,5,5,5,5,5,5,1,2,,30.0,,1.0,,,,3.0,5.0,4.0,6.0,,1.0,54.0,,,2.0,2.0,4.0,5.0,,,,,,,18.0,,1.0,,,,2.0,1.0,,5.0,,,,,,,,,,,,1.0,1.0,1.0,1.0,1.0,1.0,6,3,4,3,3,5,6,6,3,2.0,60.0,55.0,60.0,65.0,70.0,65.0,75.0,60.0,30.0,35.0,1.0,2.0,1.0,2.0,2.0,1.0,2.0,1.0,2.0,1.0,2.0,2.0,2.0,2.0,2.0,2.0,2.0,2.0,2.0,2.0,2.0,1.0,2.0,1.0,2.0,2.0,1.0,2.0,2.0,2.0,2.0,2.0,1.0,1.0,1.0,1.0,2.0,2.0,2.0,1.0
666,5,5,5,5,5,5,5,5,1,2,,30.0,,1.0,,,,3.0,5.0,2.0,,6.0,1.0,40.0,,,2.0,,,,4.0,5.0,6.0,,,,,18.0,1.0,,,,2.0,1.0,,,5.0,1.0,1.0,1.0,1.0,1.0,1.0,1.0,1.0,1.0,1.0,,,,,,,6,3,4,4,3,5,6,6,3,2.0,60.0,55.0,60.0,65.0,70.0,60.0,75.0,60.0,40.0,45.0,2.0,2.0,1.0,2.0,2.0,1.0,2.0,2.0,2.0,2.0,2.0,1.0,2.0,2.0,1.0,1.0,1.0,1.0,1.0,1.0,2.0,2.0,2.0,2.0,2.0,2.0,2.0,2.0,2.0,1.0,2.0,2.0,1.0,2.0,1.0,2.0,2.0,2.0,1.0,2.0
480,3,3,3,3,3,3,4,2,4,2,70.0,,,2.0,3.0,4.0,5.0,,,,,5.0,1.0,30.0,,1.0,,2.0,4.0,4.0,,,,,,,,18.0,1.0,,,,2.0,,1.0,,4.0,,,,,,,,,,,1.0,1.0,1.0,1.0,1.0,1.0,6,3,4,4,3,5,6,6,3,2.0,50.0,45.0,45.0,50.0,55.0,50.0,60.0,40.0,45.0,40.0,2.0,2.0,2.0,2.0,2.0,2.0,1.0,1.0,1.0,1.0,2.0,2.0,2.0,2.0,2.0,1.0,1.0,2.0,2.0,1.0,2.0,2.0,2.0,1.0,2.0,1.0,2.0,2.0,1.0,1.0,1.0,2.0,2.0,1.0,1.0,1.0,2.0,2.0,2.0,1.0
109,2,3,3,2,3,2,4,2,4,2,70.0,,,2.0,3.0,4.0,5.0,,,,6.0,,1.0,54.0,,,2.0,,,,2.0,4.0,5.0,,,,,18.0,1.0,,,,3.0,,1.0,4.0,,,,,,,,,,,,1.0,1.0,1.0,1.0,1.0,1.0,6,3,4,4,2,5,6,6,3,2.0,45.0,40.0,40.0,50.0,55.0,45.0,60.0,40.0,50.0,40.0,2.0,2.0,1.0,2.0,2.0,2.0,2.0,1.0,1.0,1.0,1.0,2.0,1.0,2.0,1.0,1.0,1.0,1.0,1.0,2.0,2.0,1.0,1.0,1.0,2.0,2.0,1.0,2.0,1.0,1.0,1.0,2.0,2.0,1.0,2.0,1.0,2.0,2.0,1.0,2.0
503,4,4,4,4,4,4,4,4,2,2,,30.0,4.0,,3.0,4.0,5.0,,,,5.0,,1.0,40.0,,1.0,,,,,2.0,4.0,4.0,,,,20.0,,,2.0,,,1.0,,1.0,4.0,,,,,,,,,,,,1.0,1.0,1.0,1.0,1.0,1.0,6,3,4,4,2,5,6,6,3,2.0,60.0,55.0,60.0,65.0,65.0,60.0,70.0,60.0,40.0,40.0,2.0,1.0,2.0,2.0,2.0,2.0,1.0,1.0,1.0,1.0,2.0,2.0,1.0,2.0,1.0,2.0,2.0,2.0,2.0,2.0,2.0,1.0,2.0,2.0,1.0,2.0,1.0,1.0,2.0,2.0,2.0,2.0,1.0,1.0,2.0,1.0,2.0,2.0,2.0,1.0
470,5,4,5,5,5,5,5,4,2,2,,30.0,5.0,,5.0,4.0,2.0,,,,6.0,,1.0,54.0,,,2.0,2.0,5.0,5.0,,,,,,,15.0,,,1.0,,,3.0,1.0,,5.0,,1.0,1.0,1.0,1.0,1.0,1.0,1.0,1.0,1.0,1.0,,,,,,,6,3,3,3,3,5,6,6,4,2.0,75.0,70.0,80.0,85.0,85.0,90.0,85.0,70.0,40.0,40.0,2.0,1.0,2.0,1.0,1.0,1.0,1.0,2.0,1.0,2.0,1.0,1.0,1.0,1.0,1.0,2.0,1.0,1.0,1.0,2.0,2.0,1.0,1.0,1.0,1.0,2.0,1.0,1.0,2.0,2.0,2.0,1.0,1.0,2.0,1.0,1.0,1.0,2.0,2.0,1.0
696,2,3,2,2,3,2,4,2,4,2,70.0,,,2.0,,,,3.0,4.0,2.0,6.0,,,,2.0,,2.0,2.0,3.0,4.0,,,,,,,18.0,,1.0,,,6.0,,1.0,,3.0,,1.0,1.0,1.0,1.0,1.0,1.0,1.0,1.0,1.0,1.0,,,,,,,6,3,4,4,3,5,6,6,3,2.0,45.0,40.0,42.0,50.0,55.0,48.0,60.0,52.0,38.0,41.0,1.0,1.0,1.0,1.0,1.0,2.0,1.0,2.0,2.0,1.0,2.0,2.0,1.0,1.0,1.0,2.0,1.0,2.0,1.0,1.0,1.0,2.0,2.0,1.0,2.0,2.0,2.0,2.0,1.0,1.0,2.0,2.0,1.0,2.0,2.0,1.0,1.0,2.0,1.0,1.0
839,5,5,5,5,5,5,5,5,2,2,,30.0,2.0,,5.0,4.0,2.0,,,,,6.0,1.0,54.0,,,2.0,,,,,,,2.0,5.0,5.0,15.0,,1.0,,4.0,,,,1.0,,5.0,1.0,1.0,1.0,1.0,1.0,1.0,1.0,1.0,1.0,1.0,,,,,,,7,3,3,3,3,6,6,6,4,2.0,75.0,75.0,80.0,80.0,75.0,80.0,80.0,70.0,40.0,40.0,1.0,2.0,2.0,1.0,1.0,2.0,1.0,2.0,1.0,1.0,2.0,1.0,2.0,2.0,1.0,1.0,1.0,1.0,2.0,2.0,1.0,1.0,1.0,1.0,1.0,1.0,2.0,2.0,2.0,1.0,1.0,1.0,2.0,2.0,1.0,2.0,1.0,1.0,1.0,2.0
724,4,4,4,4,4,4,4,4,2,2,,30.0,,1.0,,,,3.0,4.0,3.0,,5.0,,,2.0,,2.0,,,,,,,3.0,4.0,4.0,18.0,,1.0,,3.0,,,1.0,,,4.0,,,,,,,,,,,1.0,1.0,1.0,1.0,1.0,1.0,6,3,4,4,3,5,6,6,3,2.0,55.0,50.0,52.0,60.0,62.0,58.0,65.0,54.0,40.0,38.0,1.0,1.0,2.0,1.0,1.0,2.0,1.0,2.0,1.0,2.0,2.0,2.0,2.0,2.0,2.0,1.0,1.0,2.0,1.0,2.0,2.0,2.0,1.0,1.0,1.0,2.0,2.0,2.0,1.0,1.0,1.0,2.0,2.0,2.0,2.0,2.0,2.0,2.0,2.0,2.0
657,2,3,2,2,3,2,4,2,4,3,70.0,,,2.0,3.0,4.0,5.0,,,,6.0,,1.0,54.0,,1.0,,,,,,,,3.0,4.0,5.0,,18.0,,2.0,,6.0,,1.0,,4.0,,1.0,1.0,1.0,1.0,1.0,1.0,1.0,1.0,1.0,1.0,,,,,,,6,3,4,3,3,5,6,5,3,2.0,45.0,40.0,42.0,38.0,50.0,35.0,60.0,40.0,55.0,45.0,1.0,2.0,2.0,1.0,1.0,1.0,1.0,2.0,2.0,2.0,2.0,1.0,2.0,1.0,1.0,2.0,2.0,1.0,1.0,1.0,1.0,1.0,1.0,2.0,2.0,1.0,1.0,2.0,1.0,1.0,2.0,1.0,2.0,2.0,2.0,1.0,2.0,2.0,1.0,1.0
138,4,4,4,4,4,4,5,4,2,2,,30.0,4.0,,,,,4.0,5.0,3.0,6.0,,,,2.0,,2.0,,,,,,,4.0,4.0,5.0,18.0,,,2.0,,,3.0,,1.0,4.0,,1.0,1.0,1.0,1.0,1.0,1.0,1.0,1.0,1.0,1.0,,,,,,,6,3,4,4,3,5,6,5,3,2.0,60.0,55.0,58.0,65.0,68.0,62.0,70.0,60.0,40.0,42.0,2.0,1.0,1.0,2.0,2.0,1.0,2.0,1.0,2.0,2.0,1.0,2.0,2.0,2.0,2.0,1.0,2.0,2.0,2.0,1.0,2.0,2.0,1.0,2.0,1.0,1.0,2.0,2.0,2.0,1.0,1.0,1.0,2.0,2.0,2.0,1.0,1.0,2.0,1.0,1.0
751,5,5,5,5,5,5,5,5,1,2,,30.0,,2.0,,,,3.0,5.0,2.0,6.0,,,,2.0,1.0,,,,,4.0,5.0,6.0,,,,,18.0,,2.0,5.0,,,1.0,,5.0,,,,,,,,,,,,1.0,1.0,1.0,1.0,1.0,1.0,6,3,4,3,2,5,6,6,4,2.0,60.0,55.0,58.0,65.0,68.0,62.0,70.0,60.0,40.0,45.0,1.0,1.0,2.0,2.0,1.0,2.0,1.0,2.0,2.0,1.0,1.0,1.0,1.0,1.0,2.0,2.0,1.0,1.0,1.0,1.0,2.0,2.0,1.0,1.0,2.0,1.0,1.0,1.0,1.0,2.0,2.0,2.0,1.0,1.0,1.0,2.0,1.0,1.0,1.0,2.0
622,5,5,5,2,4,5,5,4,2,3,70.0,,5.0,,,,,5.0,4.0,2.0,,6.0,,,1.0,,2.0,,,,,,,2.0,5.0,5.0,,15.0,,1.0,4.0,,,1.0,,5.0,,,,,,,,,,,,1.0,1.0,1.0,1.0,1.0,1.0,7,3,4,4,3,5,6,6,4,2.0,75.0,70.0,80.0,40.0,60.0,75.0,75.0,60.0,40.0,50.0,2.0,2.0,2.0,1.0,1.0,1.0,1.0,1.0,1.0,2.0,2.0,2.0,1.0,1.0,2.0,2.0,1.0,1.0,2.0,1.0,1.0,1.0,1.0,1.0,1.0,2.0,1.0,2.0,1.0,1.0,1.0,1.0,1.0,1.0,1.0,2.0,1.0,1.0,2.0,1.0
790,5,5,5,5,5,5,5,5,2,2,,30.0,5.0,,,,,5.0,4.0,2.0,6.0,,1.0,54.0,,,2.0,,,,,,,3.0,5.0,5.0,,15.0,,1.0,,4.0,,1.0,,5.0,,1.0,1.0,1.0,1.0,1.0,1.0,1.0,1.0,1.0,1.0,,,,,,,6,3,3,3,3,5,6,6,4,2.0,75.0,75.0,80.0,80.0,80.0,80.0,80.0,75.0,40.0,40.0,1.0,2.0,2.0,2.0,1.0,1.0,1.0,2.0,1.0,2.0,1.0,1.0,1.0,2.0,1.0,1.0,1.0,2.0,2.0,2.0,1.0,2.0,2.0,1.0,2.0,2.0,1.0,1.0,1.0,1.0,1.0,1.0,1.0,1.0,1.0,1.0,1.0,1.0,1.0,1.0
219,5,5,5,5,5,5,5,5,2,2,70.0,,5.0,,5.0,4.0,2.0,,,,6.0,,1.0,54.0,,,2.0,2.0,5.0,5.0,,,,,,,,15.0,1.0,,,4.0,,1.0,,5.0,,,,,,,,,,,,1.0,1.0,1.0,1.0,1.0,1.0,7,3,3,3,3,5,6,6,4,2.0,80.0,80.0,85.0,85.0,85.0,85.0,85.0,80.0,40.0,40.0,2.0,2.0,1.0,1.0,2.0,1.0,1.0,2.0,1.0,1.0,2.0,2.0,2.0,2.0,1.0,1.0,2.0,2.0,1.0,1.0,1.0,1.0,1.0,1.0,1.0,2.0,1.0,1.0,1.0,1.0,1.0,1.0,2.0,1.0,1.0,1.0,2.0,2.0,1.0,2.0
576,5,5,5,5,5,5,5,5,1,2,,30.0,,1.0,3.0,4.0,5.0,,,,6.0,,,,2.0,1.0,,1.0,4.0,5.0,,,,,,,20.0,,,2.0,3.0,,,,1.0,,5.0,1.0,1.0,1.0,1.0,1.0,1.0,1.0,1.0,1.0,1.0,,,,,,,6,3,4,3,3,5,6,5,3,2.0,60.0,55.0,60.0,65.0,70.0,60.0,75.0,60.0,40.0,45.0,2.0,2.0,2.0,2.0,2.0,2.0,2.0,2.0,2.0,2.0,2.0,2.0,2.0,2.0,2.0,2.0,2.0,2.0,2.0,2.0,2.0,2.0,2.0,2.0,2.0,2.0,2.0,2.0,2.0,2.0,2.0,2.0,2.0,2.0,2.0,2.0,2.0,2.0,2.0,2.0
405,5,5,5,5,5,5,5,5,1,2,,30.0,4.0,,3.0,4.0,6.0,,,,,6.0,,,2.0,,2.0,,,,4.0,5.0,6.0,,,,16.0,,,2.0,,6.0,,1.0,,5.0,,1.0,1.0,1.0,1.0,1.0,1.0,1.0,1.0,1.0,1.0,,,,,,,6,3,4,3,3,5,6,5,3,2.0,55.0,50.0,52.0,60.0,62.0,58.0,65.0,54.0,40.0,45.0,2.0,1.0,2.0,1.0,1.0,1.0,1.0,1.0,1.0,2.0,2.0,2.0,2.0,1.0,2.0,2.0,2.0,1.0,2.0,2.0,1.0,1.0,2.0,1.0,2.0,2.0,2.0,2.0,2.0,1.0,2.0,1.0,2.0,2.0,1.0,1.0,2.0,2.0,1.0,1.0
147,4,4,4,2,3,4,4,3,2,2,70.0,,5.0,,,,,5.0,4.0,2.0,,6.0,,,1.0,,2.0,,,,2.0,5.0,5.0,,,,,12.0,,1.0,,,3.0,1.0,,5.0,,,,,,,,,,,,1.0,1.0,1.0,1.0,1.0,1.0,6,3,3,3,3,5,6,6,4,2.0,65.0,60.0,65.0,40.0,50.0,60.0,60.0,45.0,35.0,35.0,1.0,1.0,1.0,1.0,2.0,1.0,2.0,1.0,2.0,1.0,2.0,1.0,1.0,1.0,1.0,1.0,1.0,1.0,1.0,1.0,1.0,1.0,1.0,2.0,2.0,2.0,1.0,1.0,2.0,1.0,1.0,1.0,1.0,1.0,1.0,1.0,1.0,1.0,2.0,1.0
628,4,4,4,4,4,4,4,4,2,2,70.0,,,2.0,3.0,4.0,5.0,,,,6.0,,1.0,40.0,,1.0,,,,,3.0,4.0,5.0,,,,,15.0,1.0,,4.0,,,,1.0,4.0,,,,,,,,,,,,1.0,1.0,1.0,1.0,1.0,1.0,6,3,4,4,3,5,6,6,3,2.0,60.0,55.0,58.0,65.0,68.0,62.0,70.0,60.0,40.0,45.0,2.0,2.0,2.0,1.0,2.0,2.0,2.0,2.0,2.0,1.0,2.0,2.0,2.0,1.0,2.0,1.0,2.0,1.0,2.0,2.0,1.0,2.0,2.0,1.0,1.0,2.0,2.0,1.0,2.0,2.0,1.0,2.0,2.0,1.0,2.0,1.0,2.0,1.0,1.0,1.0
846,5,5,5,5,5,5,5,5,2,2,,30.0,,1.0,5.0,4.0,2.0,,,,6.0,,1.0,54.0,,,2.0,,,,2.0,5.0,5.0,,,,,15.0,,1.0,,,3.0,1.0,,5.0,,1.0,1.0,1.0,1.0,1.0,1.0,1.0,1.0,1.0,1.0,,,,,,,7,3,3,3,3,5,6,6,4,2.0,80.0,80.0,80.0,80.0,80.0,80.0,80.0,80.0,40.0,40.0,1.0,1.0,1.0,1.0,1.0,2.0,1.0,1.0,1.0,1.0,1.0,2.0,2.0,1.0,1.0,1.0,1.0,2.0,1.0,1.0,1.0,1.0,2.0,1.0,1.0,1.0,1.0,1.0,2.0,1.0,1.0,1.0,1.0,1.0,2.0,1.0,1.0,1.0,2.0,1.0
935,4,4,4,2,3,4,4,3,2,2,70.0,,5.0,,,,,5.0,4.0,2.0,6.0,,,,1.0,,2.0,3.0,4.0,5.0,,,,,,,,15.0,1.0,,,,3.0,1.0,,5.0,,,,,,,,,,,,1.0,1.0,1.0,1.0,1.0,1.0,6,3,3,3,3,5,6,6,3,2.0,65.0,60.0,60.0,40.0,50.0,60.0,60.0,50.0,40.0,40.0,2.0,1.0,1.0,1.0,1.0,2.0,2.0,1.0,2.0,1.0,1.0,1.0,1.0,1.0,1.0,1.0,1.0,1.0,1.0,2.0,1.0,1.0,1.0,1.0,1.0,1.0,1.0,1.0,1.0,1.0,1.0,1.0,1.0,1.0,1.0,2.0,1.0,2.0,1.0,1.0
360,2,2,2,2,2,2,4,2,4,4,,30.0,,2.0,3.0,4.0,5.0,,,,6.0,,,,2.0,,2.0,,,,2.0,4.0,5.0,,,,5.0,,1.0,,4.0,,,,1.0,4.0,,,,,,,,,,,,1.0,1.0,1.0,1.0,1.0,1.0,6,3,4,4,2,5,6,6,3,2.0,40.0,35.0,35.0,40.0,45.0,35.0,60.0,35.0,55.0,55.0,1.0,2.0,1.0,2.0,2.0,1.0,2.0,2.0,2.0,1.0,1.0,1.0,2.0,1.0,1.0,1.0,1.0,1.0,1.0,1.0,2.0,2.0,2.0,2.0,2.0,1.0,2.0,2.0,1.0,1.0,1.0,2.0,2.0,1.0,2.0,1.0,1.0,2.0,1.0,1.0
213,5,5,5,5,5,5,5,5,1,2,,30.0,,2.0,3.0,4.0,6.0,,,,,6.0,,,2.0,1.0,,,,,,,,2.0,5.0,6.0,18.0,,1.0,,,6.0,,,1.0,5.0,,1.0,1.0,1.0,1.0,1.0,1.0,1.0,1.0,1.0,1.0,,,,,,,6,3,4,4,3,5,6,6,4,2.0,55.0,50.0,52.0,60.0,65.0,58.0,70.0,60.0,40.0,35.0,2.0,1.0,1.0,2.0,2.0,2.0,1.0,2.0,1.0,2.0,2.0,1.0,2.0,2.0,2.0,1.0,1.0,1.0,2.0,2.0,1.0,2.0,2.0,2.0,2.0,1.0,2.0,1.0,2.0,2.0,1.0,1.0,2.0,2.0,1.0,2.0,2.0,1.0,2.0,1.0
186,5,5,5,5,5,5,5,5,1,2,70.0,,,1.0,,,,3.0,5.0,2.0,,6.0,,,2.0,,2.0,2.0,4.0,5.0,,,,,,,,18.0,1.0,,,5.0,,,1.0,,5.0,1.0,1.0,1.0,1.0,1.0,1.0,1.0,1.0,1.0,1.0,,,,,,,6,3,4,3,3,5,6,5,3,2.0,60.0,55.0,60.0,65.0,65.0,60.0,70.0,60.0,40.0,45.0,2.0,2.0,2.0,1.0,2.0,1.0,1.0,1.0,2.0,2.0,1.0,2.0,1.0,2.0,2.0,2.0,2.0,2.0,1.0,1.0,1.0,2.0,2.0,2.0,1.0,2.0,2.0,1.0,2.0,1.0,2.0,1.0,2.0,2.0,1.0,1.0,1.0,1.0,2.0,2.0
887,5,5,5,5,5,5,5,5,2,2,,30.0,5.0,,5.0,4.0,2.0,,,,,6.0,,,1.0,1.0,,,,,,,,2.0,5.0,5.0,,15.0,,1.0,,3.0,,,1.0,,5.0,1.0,1.0,1.0,1.0,1.0,1.0,1.0,1.0,1.0,1.0,,,,,,,6,2,3,3,3,5,6,6,4,2.0,80.0,80.0,85.0,85.0,85.0,85.0,85.0,80.0,30.0,30.0,1.0,2.0,1.0,2.0,1.0,2.0,1.0,1.0,2.0,2.0,1.0,1.0,2.0,1.0,2.0,1.0,1.0,1.0,2.0,1.0,1.0,2.0,1.0,1.0,2.0,2.0,2.0,1.0,1.0,1.0,2.0,1.0,1.0,1.0,1.0,2.0,2.0,1.0,1.0,1.0
11,2,3,3,1,3,4,4,2,1,2,70.0,,2.0,,5.0,4.0,2.0,,,,,6.0,,,1.0,1.0,,3.0,4.0,5.0,,,,,,,15.0,,,1.0,,4.0,,,1.0,5.0,,,,,,,,,,,,1.0,1.0,1.0,1.0,1.0,1.0,7,3,2,2,3,5,6,6,4,2.0,40.0,50.0,50.0,20.0,50.0,60.0,60.0,40.0,20.0,30.0,1.0,2.0,1.0,1.0,1.0,2.0,1.0,2.0,1.0,2.0,1.0,1.0,2.0,1.0,1.0,2.0,1.0,1.0,2.0,1.0,1.0,1.0,2.0,1.0,1.0,1.0,1.0,1.0,1.0,2.0,1.0,1.0,1.0,1.0,2.0,2.0,1.0,2.0,2.0,1.0
509,3,4,4,2,3,4,4,3,2,3,70.0,,2.0,,,,,5.0,4.0,2.0,6.0,,1.0,54.0,,,2.0,3.0,4.0,5.0,,,,,,,5.0,,1.0,,4.0,,,1.0,,,5.0,1.0,1.0,1.0,1.0,1.0,1.0,1.0,1.0,1.0,1.0,,,,,,,6,3,3,3,3,5,6,6,4,2.0,55.0,60.0,60.0,40.0,50.0,60.0,60.0,50.0,40.0,50.0,1.0,1.0,2.0,2.0,1.0,2.0,1.0,1.0,1.0,2.0,1.0,1.0,2.0,1.0,2.0,1.0,2.0,2.0,1.0,1.0,2.0,2.0,1.0,1.0,1.0,1.0,2.0,1.0,2.0,1.0,1.0,1.0,2.0,1.0,2.0,1.0,1.0,1.0,1.0,1.0
315,5,5,5,5,5,5,5,5,1,1,70.0,,,1.0,3.0,4.0,5.0,,,,6.0,,,,2.0,1.0,,1.0,4.0,4.0,,,,,,,,0.0,,2.0,,,1.0,1.0,,5.0,,1.0,1.0,1.0,1.0,1.0,1.0,1.0,1.0,1.0,1.0,,,,,,,6,3,3,3,3,5,6,6,3,2.0,60.0,55.0,60.0,65.0,70.0,60.0,70.0,60.0,40.0,35.0,2.0,2.0,2.0,2.0,2.0,2.0,2.0,2.0,2.0,2.0,2.0,2.0,2.0,2.0,2.0,2.0,2.0,2.0,2.0,2.0,2.0,2.0,2.0,2.0,2.0,2.0,2.0,2.0,2.0,2.0,2.0,2.0,2.0,2.0,2.0,2.0,2.0,2.0,2.0,2.0
266,4,4,4,4,4,4,4,4,2,2,70.0,,,2.0,3.0,4.0,5.0,,,,6.0,,,,2.0,1.0,,,,,4.0,4.0,5.0,,,,18.0,,1.0,,,6.0,,,1.0,4.0,,1.0,1.0,1.0,1.0,1.0,1.0,1.0,1.0,1.0,1.0,,,,,,,6,3,4,4,3,5,6,6,3,2.0,55.0,50.0,52.0,60.0,62.0,58.0,65.0,54.0,40.0,38.0,1.0,2.0,1.0,2.0,2.0,1.0,1.0,2.0,1.0,2.0,1.0,2.0,2.0,1.0,1.0,1.0,2.0,2.0,1.0,1.0,2.0,1.0,1.0,1.0,1.0,1.0,1.0,2.0,1.0,1.0,1.0,2.0,1.0,1.0,2.0,2.0,1.0,1.0,1.0,1.0
64,3,3,3,3,4,3,4,3,2,2,70.0,,,2.0,3.0,4.0,5.0,,,,6.0,,1.0,30.0,,1.0,,2.0,4.0,4.0,,,,,,,18.0,,1.0,,,6.0,,,1.0,4.0,,,,,,,,,,,,1.0,1.0,1.0,1.0,1.0,1.0,6,3,4,4,3,5,6,6,3,2.0,50.0,45.0,45.0,55.0,60.0,50.0,65.0,55.0,40.0,40.0,1.0,2.0,1.0,2.0,1.0,2.0,1.0,2.0,2.0,2.0,1.0,1.0,1.0,1.0,2.0,1.0,1.0,1.0,1.0,2.0,1.0,1.0,2.0,1.0,1.0,2.0,1.0,1.0,1.0,1.0,1.0,2.0,2.0,1.0,1.0,1.0,2.0,2.0,2.0,1.0
981,5,5,5,4,4,5,5,4,2,2,,30.0,5.0,,,,,5.0,4.0,2.0,,6.0,,,1.0,1.0,,3.0,5.0,5.0,,,,,,,,10.0,1.0,,4.0,,,1.0,,5.0,,1.0,1.0,1.0,1.0,1.0,1.0,1.0,1.0,1.0,1.0,,,,,,,7,3,2,3,2,5,6,6,4,2.0,75.0,70.0,75.0,60.0,60.0,75.0,75.0,60.0,40.0,40.0,2.0,1.0,2.0,2.0,1.0,2.0,1.0,2.0,1.0,1.0,1.0,1.0,1.0,2.0,1.0,1.0,1.0,1.0,2.0,2.0,1.0,1.0,1.0,2.0,1.0,1.0,2.0,1.0,1.0,2.0,2.0,1.0,1.0,1.0,1.0,1.0,1.0,1.0,2.0,2.0
132,2,2,2,2,2,2,2,2,4,4,70.0,,,1.0,,,,3.0,4.0,3.0,,5.0,1.0,30.0,,1.0,,,,,,,,1.0,2.0,3.0,,20.0,,2.0,3.0,,,1.0,,,3.0,1.0,1.0,1.0,1.0,1.0,1.0,1.0,1.0,1.0,1.0,,,,,,,6,3,3,2,2,5,6,6,3,1.0,35.0,30.0,30.0,30.0,30.0,30.0,30.0,30.0,40.0,40.0,2.0,2.0,2.0,2.0,2.0,2.0,2.0,2.0,2.0,2.0,1.0,2.0,2.0,2.0,2.0,2.0,2.0,2.0,2.0,2.0,1.0,2.0,2.0,2.0,2.0,2.0,2.0,2.0,2.0,2.0,2.0,2.0,2.0,2.0,2.0,2.0,2.0,2.0,2.0,2.0
833,5,5,5,5,5,5,5,5,1,2,70.0,,,2.0,3.0,4.0,5.0,,,,,6.0,,,2.0,1.0,,,,,4.0,4.0,5.0,,,,18.0,,,2.0,,6.0,,,1.0,,5.0,,,,,,,,,,,1.0,1.0,1.0,1.0,1.0,1.0,6,3,4,4,2,5,6,6,4,2.0,60.0,55.0,58.0,65.0,70.0,62.0,75.0,60.0,40.0,45.0,1.0,2.0,2.0,2.0,2.0,1.0,2.0,1.0,2.0,1.0,1.0,2.0,2.0,1.0,1.0,2.0,2.0,2.0,1.0,1.0,2.0,1.0,1.0,2.0,2.0,1.0,2.0,2.0,2.0,1.0,1.0,1.0,1.0,2.0,1.0,2.0,1.0,2.0,1.0,1.0
940,5,5,5,5,5,5,5,5,1,2,70.0,,,1.0,,,,3.0,4.0,2.0,,6.0,1.0,54.0,,1.0,,1.0,5.0,6.0,,,,,,,20.0,,1.0,,3.0,,,1.0,,,5.0,1.0,1.0,1.0,1.0,1.0,1.0,1.0,1.0,1.0,1.0,,,,,,,6,3,4,3,3,5,6,6,4,2.0,55.0,50.0,52.0,60.0,62.0,58.0,65.0,54.0,40.0,38.0,2.0,2.0,1.0,2.0,2.0,1.0,1.0,2.0,2.0,2.0,1.0,2.0,2.0,2.0,2.0,2.0,2.0,2.0,2.0,2.0,2.0,2.0,2.0,1.0,2.0,2.0,2.0,2.0,2.0,2.0,2.0,2.0,2.0,2.0,2.0,2.0,2.0,2.0,2.0,2.0
442,4,4,4,4,4,4,5,4,2,2,70.0,,,2.0,,,,3.0,4.0,2.0,,6.0,1.0,54.0,,1.0,,2.0,4.0,5.0,,,,,,,18.0,,,2.0,,,2.0,1.0,,4.0,,,,,,,,,,,,1.0,1.0,1.0,1.0,1.0,1.0,6,3,4,3,3,5,6,5,3,2.0,60.0,55.0,58.0,65.0,68.0,62.0,70.0,60.0,40.0,45.0,2.0,2.0,1.0,1.0,2.0,1.0,2.0,2.0,1.0,1.0,2.0,1.0,1.0,2.0,2.0,2.0,2.0,2.0,1.0,2.0,2.0,1.0,2.0,1.0,2.0,1.0,2.0,2.0,1.0,1.0,2.0,1.0,1.0,2.0,2.0,2.0,1.0,2.0,1.0,2.0
531,5,5,5,4,4,5,5,4,2,2,70.0,,5.0,,5.0,4.0,2.0,,,,,6.0,1.0,54.0,,,2.0,3.0,5.0,5.0,,,,,,,15.0,,,1.0,4.0,,,1.0,,,5.0,,,,,,,,,,,1.0,1.0,1.0,1.0,1.0,1.0,7,3,2,3,3,5,6,6,4,2.0,75.0,70.0,75.0,60.0,60.0,75.0,75.0,60.0,40.0,40.0,1.0,2.0,1.0,1.0,1.0,2.0,2.0,1.0,1.0,2.0,1.0,1.0,1.0,1.0,2.0,1.0,2.0,1.0,1.0,1.0,1.0,1.0,2.0,1.0,1.0,2.0,1.0,1.0,1.0,1.0,1.0,2.0,1.0,2.0,2.0,1.0,1.0,1.0,1.0,1.0
665,5,5,5,5,5,5,5,5,1,2,70.0,,,1.0,3.0,4.0,6.0,,,,6.0,,,,2.0,,2.0,,,,,,,4.0,5.0,6.0,,18.0,1.0,,,,2.0,,1.0,5.0,,,,,,,,,,,,1.0,1.0,1.0,1.0,1.0,1.0,7,4,5,4,3,6,6,5,4,2.0,60.0,55.0,60.0,65.0,70.0,60.0,75.0,60.0,40.0,35.0,1.0,2.0,2.0,2.0,2.0,1.0,2.0,2.0,2.0,2.0,1.0,2.0,2.0,1.0,2.0,2.0,2.0,2.0,1.0,1.0,2.0,1.0,2.0,1.0,1.0,1.0,2.0,1.0,2.0,1.0,1.0,1.0,2.0,1.0,1.0,1.0,1.0,1.0,1.0,2.0
716,4,4,4,4,4,4,5,4,2,2,70.0,,,2.0,,,,4.0,5.0,3.0,6.0,,1.0,40.0,,1.0,,,,,4.0,4.0,5.0,,,,,18.0,1.0,,,,3.0,1.0,,4.0,,1.0,1.0,1.0,1.0,1.0,1.0,1.0,1.0,1.0,1.0,,,,,,,6,3,4,4,3,5,6,6,3,2.0,55.0,50.0,52.0,60.0,62.0,58.0,65.0,54.0,40.0,38.0,1.0,2.0,1.0,1.0,1.0,1.0,1.0,1.0,1.0,2.0,2.0,1.0,1.0,1.0,1.0,2.0,2.0,2.0,1.0,1.0,1.0,2.0,2.0,1.0,2.0,2.0,2.0,2.0,2.0,2.0,1.0,1.0,2.0,2.0,2.0,1.0,2.0,2.0,1.0,2.0
483,2,2,2,2,2,2,4,2,4,4,,30.0,2.0,,2.0,3.0,5.0,,,,6.0,,,,2.0,1.0,,,,,2.0,4.0,5.0,,,,,15.0,,2.0,3.0,,,,1.0,,4.0,,,,,,,,,,,1.0,1.0,1.0,1.0,1.0,1.0,6,3,4,4,2,5,6,6,3,2.0,40.0,35.0,35.0,45.0,50.0,40.0,60.0,45.0,55.0,50.0,1.0,1.0,1.0,1.0,1.0,2.0,1.0,1.0,1.0,1.0,1.0,1.0,1.0,1.0,1.0,1.0,1.0,1.0,1.0,1.0,1.0,1.0,1.0,1.0,1.0,2.0,1.0,1.0,1.0,1.0,2.0,1.0,1.0,1.0,1.0,1.0,2.0,2.0,1.0,1.0
978,4,4,4,4,4,4,4,4,2,2,,30.0,,1.0,,,,3.0,4.0,2.0,,5.0,,,2.0,,2.0,2.0,4.0,4.0,,,,,,,,16.0,1.0,,4.0,,,,1.0,4.0,,,,,,,,,,,,1.0,1.0,1.0,1.0,1.0,1.0,6,3,4,3,2,5,6,5,3,2.0,55.0,50.0,52.0,60.0,62.0,58.0,65.0,54.0,40.0,42.0,2.0,1.0,1.0,2.0,1.0,1.0,2.0,1.0,2.0,1.0,1.0,2.0,2.0,2.0,2.0,1.0,1.0,1.0,2.0,2.0,2.0,2.0,2.0,2.0,1.0,2.0,1.0,1.0,1.0,2.0,2.0,2.0,1.0,2.0,2.0,1.0,1.0,2.0,2.0,1.0
585,2,2,2,2,2,2,2,2,4,4,,30.0,,2.0,3.0,4.0,5.0,,,,,5.0,1.0,30.0,,1.0,,1.0,2.0,2.0,,,,,,,20.0,,2.0,,,9.0,,,1.0,4.0,,,,,,,,,,,,1.0,1.0,1.0,1.0,1.0,1.0,6,3,3,3,2,5,6,6,3,2.0,40.0,40.0,40.0,40.0,40.0,40.0,40.0,40.0,60.0,60.0,1.0,2.0,2.0,2.0,2.0,2.0,2.0,2.0,2.0,2.0,2.0,1.0,1.0,2.0,2.0,1.0,2.0,1.0,1.0,1.0,2.0,1.0,2.0,2.0,2.0,1.0,1.0,2.0,2.0,1.0,2.0,2.0,2.0,2.0,2.0,2.0,2.0,1.0,2.0,1.0
399,4,4,4,5,5,5,5,4,1,2,70.0,,,2.0,,,,3.0,4.0,2.0,6.0,,1.0,54.0,,,2.0,2.0,4.0,5.0,,,,,,,18.0,,,2.0,,,3.0,1.0,,,5.0,,,,,,,,,,,1.0,1.0,1.0,1.0,1.0,1.0,6,3,4,3,3,5,6,5,3,2.0,55.0,50.0,52.0,60.0,65.0,62.0,70.0,58.0,35.0,40.0,1.0,2.0,1.0,2.0,2.0,2.0,2.0,1.0,2.0,2.0,1.0,1.0,2.0,2.0,1.0,1.0,1.0,2.0,1.0,2.0,2.0,1.0,2.0,2.0,1.0,1.0,2.0,1.0,1.0,2.0,1.0,1.0,2.0,2.0,2.0,2.0,1.0,2.0,1.0,2.0
610,5,5,5,4,4,5,5,5,2,2,40.0,,5.0,,,,,5.0,4.0,2.0,6.0,,,,1.0,,2.0,,,,2.0,5.0,5.0,,,,15.0,,,1.0,,,3.0,,1.0,,5.0,,,,,,,,,,,1.0,1.0,1.0,1.0,1.0,1.0,6,3,3,3,3,5,6,6,4,2.0,70.0,70.0,70.0,60.0,60.0,70.0,70.0,70.0,40.0,40.0,2.0,2.0,2.0,1.0,1.0,1.0,1.0,1.0,2.0,1.0,1.0,2.0,1.0,2.0,2.0,1.0,1.0,2.0,2.0,1.0,1.0,2.0,1.0,1.0,1.0,1.0,1.0,1.0,2.0,2.0,1.0,2.0,2.0,2.0,1.0,2.0,2.0,2.0,2.0,2.0
763,5,5,5,5,5,5,5,5,1,2,70.0,,,1.0,,,,3.0,5.0,2.0,,6.0,1.0,54.0,,1.0,,,,,,,,4.0,5.0,6.0,18.0,,,2.0,4.0,,,,1.0,,5.0,,,,,,,,,,,1.0,1.0,1.0,1.0,1.0,1.0,6,3,4,3,2,5,6,5,4,2.0,60.0,55.0,60.0,65.0,65.0,60.0,70.0,60.0,40.0,45.0,2.0,2.0,2.0,1.0,1.0,1.0,2.0,2.0,2.0,2.0,2.0,2.0,1.0,2.0,2.0,1.0,1.0,1.0,2.0,1.0,2.0,2.0,2.0,2.0,2.0,1.0,1.0,1.0,2.0,1.0,1.0,1.0,2.0,1.0,2.0,1.0,1.0,2.0,1.0,2.0
358,4,4,4,4,4,4,4,4,2,2,,30.0,4.0,,,,,3.0,4.0,3.0,,6.0,1.0,44.0,,,2.0,,,,,,,3.0,4.0,5.0,,16.0,,2.0,,,3.0,,1.0,4.0,,,,,,,,,,,,1.0,1.0,1.0,1.0,1.0,1.0,6,4,5,4,3,5,6,5,3,2.0,62.0,58.0,60.0,65.0,68.0,60.0,70.0,55.0,40.0,42.0,2.0,2.0,1.0,1.0,2.0,2.0,1.0,2.0,1.0,1.0,2.0,1.0,1.0,2.0,2.0,1.0,2.0,1.0,1.0,1.0,2.0,1.0,2.0,2.0,2.0,1.0,1.0,2.0,1.0,2.0,2.0,1.0,1.0,1.0,2.0,1.0,2.0,1.0,1.0,1.0
437,5,4,5,5,5,5,5,5,1,2,,30.0,,2.0,3.0,4.0,6.0,,,,6.0,,,,2.0,1.0,,,,,,,,4.0,5.0,6.0,,18.0,,2.0,,,3.0,1.0,,5.0,,,,,,,,,,,,1.0,1.0,1.0,1.0,1.0,1.0,6,3,4,3,3,5,6,5,4,2.0,60.0,55.0,60.0,65.0,70.0,65.0,75.0,60.0,40.0,45.0,2.0,2.0,2.0,1.0,2.0,1.0,1.0,2.0,1.0,1.0,1.0,1.0,2.0,1.0,2.0,1.0,2.0,2.0,1.0,2.0,2.0,2.0,2.0,2.0,1.0,1.0,2.0,1.0,1.0,2.0,2.0,2.0,2.0,2.0,1.0,1.0,1.0,2.0,1.0,1.0
544,5,5,5,5,5,5,5,5,1,1,,30.0,5.0,,,,,5.0,4.0,2.0,6.0,,1.0,54.0,,,2.0,,,,,,,2.0,5.0,5.0,15.0,,,1.0,4.0,,,,1.0,,5.0,,,,,,,,,,,1.0,1.0,1.0,1.0,1.0,1.0,7,3,2,2,3,5,6,6,4,2.0,75.0,70.0,80.0,85.0,80.0,85.0,80.0,75.0,30.0,25.0,2.0,2.0,1.0,1.0,1.0,1.0,1.0,1.0,1.0,1.0,1.0,1.0,1.0,1.0,2.0,1.0,1.0,1.0,2.0,1.0,1.0,1.0,1.0,1.0,2.0,1.0,1.0,1.0,1.0,1.0,1.0,1.0,1.0,1.0,1.0,2.0,1.0,1.0,1.0,1.0
29,4,4,4,4,4,4,4,4,2,2,70.0,,,2.0,,,,3.0,5.0,2.0,6.0,,,,2.0,1.0,,,,,,,,2.0,4.0,4.0,20.0,,1.0,,3.0,,,,1.0,4.0,,1.0,1.0,1.0,1.0,1.0,1.0,1.0,1.0,1.0,1.0,,,,,,,6,3,4,4,3,5,6,6,3,2.0,55.0,50.0,52.0,60.0,65.0,58.0,70.0,60.0,40.0,35.0,2.0,2.0,2.0,2.0,2.0,1.0,2.0,2.0,1.0,2.0,2.0,1.0,2.0,2.0,1.0,1.0,2.0,2.0,1.0,2.0,2.0,2.0,2.0,1.0,1.0,2.0,2.0,1.0,1.0,2.0,2.0,2.0,2.0,2.0,2.0,2.0,1.0,1.0,2.0,2.0
907,4,4,4,4,4,4,5,4,2,2,70.0,,,2.0,,,,3.0,4.0,2.0,,6.0,1.0,54.0,,,2.0,,,,,,,3.0,4.0,5.0,18.0,,,2.0,4.0,,,,1.0,4.0,,1.0,1.0,1.0,1.0,1.0,1.0,1.0,1.0,1.0,1.0,,,,,,,6,3,4,3,3,5,6,5,3,2.0,60.0,55.0,58.0,65.0,68.0,62.0,70.0,60.0,40.0,45.0,2.0,1.0,1.0,1.0,2.0,2.0,1.0,1.0,2.0,1.0,1.0,2.0,2.0,1.0,2.0,1.0,1.0,2.0,1.0,1.0,2.0,1.0,2.0,2.0,2.0,2.0,1.0,1.0,2.0,2.0,1.0,2.0,2.0,1.0,2.0,2.0,1.0,1.0,1.0,1.0
874,4,4,4,4,4,4,4,4,2,2,70.0,,4.0,,3.0,4.0,6.0,,,,6.0,,,,2.0,,2.0,,,,,,,3.0,4.0,5.0,,20.0,1.0,,3.0,,,1.0,,,4.0,,,,,,,,,,,1.0,1.0,1.0,1.0,1.0,1.0,6,3,4,3,2,5,6,6,3,2.0,60.0,55.0,60.0,65.0,65.0,60.0,70.0,60.0,40.0,40.0,2.0,2.0,1.0,2.0,2.0,2.0,1.0,2.0,2.0,1.0,1.0,1.0,2.0,1.0,2.0,1.0,2.0,2.0,1.0,1.0,2.0,2.0,1.0,1.0,2.0,2.0,2.0,2.0,1.0,2.0,2.0,1.0,2.0,2.0,2.0,1.0,2.0,2.0,2.0,1.0
175,4,4,4,2,3,4,4,3,2,3,70.0,,2.0,,,,,5.0,4.0,2.0,6.0,,,,1.0,1.0,,,,,,,,2.0,4.0,5.0,15.0,,1.0,,4.0,,,,1.0,,5.0,1.0,1.0,1.0,1.0,1.0,1.0,1.0,1.0,1.0,1.0,,,,,,,6,3,2,3,3,5,6,6,4,2.0,65.0,60.0,60.0,40.0,50.0,60.0,60.0,45.0,35.0,50.0,1.0,2.0,2.0,1.0,2.0,1.0,1.0,1.0,2.0,1.0,2.0,2.0,1.0,1.0,2.0,2.0,1.0,1.0,1.0,2.0,1.0,2.0,1.0,1.0,1.0,2.0,1.0,1.0,1.0,2.0,2.0,2.0,2.0,1.0,1.0,2.0,2.0,1.0,1.0,1.0
769,5,5,5,4,4,5,5,5,2,2,70.0,,5.0,,,,,5.0,4.0,2.0,,7.0,1.0,54.0,,1.0,,3.0,5.0,5.0,,,,,,,,15.0,1.0,,,,3.0,1.0,,5.0,,1.0,1.0,1.0,1.0,1.0,1.0,1.0,1.0,1.0,1.0,,,,,,,6,3,3,3,3,5,6,6,4,2.0,75.0,75.0,80.0,65.0,65.0,80.0,75.0,70.0,40.0,40.0,1.0,2.0,1.0,1.0,2.0,2.0,1.0,2.0,1.0,1.0,1.0,1.0,2.0,1.0,2.0,1.0,2.0,2.0,1.0,1.0,1.0,1.0,1.0,2.0,1.0,1.0,1.0,1.0,2.0,2.0,1.0,2.0,1.0,1.0,2.0,2.0,1.0,1.0,1.0,1.0
393,5,5,5,5,5,5,5,5,1,2,,30.0,5.0,,,,,5.0,4.0,2.0,,6.0,1.0,54.0,,,2.0,,,,,,,2.0,5.0,5.0,15.0,,,1.0,,,3.0,,1.0,,5.0,,,,,,,,,,,1.0,1.0,1.0,1.0,1.0,1.0,7,3,3,3,3,5,6,6,4,2.0,85.0,85.0,90.0,90.0,90.0,90.0,90.0,85.0,20.0,30.0,1.0,1.0,2.0,1.0,1.0,2.0,1.0,1.0,1.0,1.0,1.0,2.0,1.0,1.0,1.0,1.0,1.0,2.0,2.0,1.0,1.0,1.0,1.0,2.0,1.0,1.0,1.0,1.0,1.0,1.0,1.0,1.0,1.0,2.0,1.0,1.0,1.0,1.0,1.0,1.0
23,5,5,5,4,4,5,5,5,2,3,70.0,,5.0,,,,,5.0,4.0,2.0,6.0,,1.0,54.0,,,2.0,,,,3.0,5.0,5.0,,,,15.0,,1.0,,6.0,,,,1.0,5.0,,,,,,,,,,,,1.0,1.0,1.0,1.0,1.0,1.0,7,3,3,3,3,5,6,6,4,2.0,75.0,75.0,75.0,65.0,65.0,75.0,75.0,75.0,40.0,50.0,1.0,1.0,2.0,1.0,1.0,2.0,2.0,1.0,1.0,1.0,1.0,1.0,1.0,1.0,1.0,1.0,1.0,1.0,1.0,1.0,1.0,1.0,1.0,1.0,1.0,1.0,1.0,1.0,2.0,1.0,1.0,2.0,1.0,1.0,1.0,1.0,1.0,1.0,1.0,1.0
221,2,2,2,2,2,2,2,2,4,4,70.0,,,2.0,,,,3.0,5.0,2.0,6.0,,1.0,30.0,,1.0,,1.0,2.0,2.0,,,,,,,20.0,,,2.0,3.0,,,,1.0,,3.0,,,,,,,,,,,1.0,1.0,1.0,1.0,1.0,1.0,6,3,4,3,3,5,6,5,2,1.0,40.0,35.0,35.0,40.0,45.0,35.0,50.0,40.0,55.0,45.0,2.0,2.0,1.0,1.0,1.0,2.0,2.0,2.0,2.0,1.0,2.0,2.0,1.0,2.0,1.0,1.0,1.0,1.0,1.0,2.0,2.0,1.0,1.0,2.0,1.0,1.0,2.0,2.0,1.0,2.0,2.0,1.0,1.0,2.0,1.0,2.0,1.0,1.0,2.0,1.0
352,4,4,4,4,4,4,5,4,2,2,70.0,,,2.0,,,,3.0,5.0,2.0,,5.0,,,2.0,,2.0,2.0,4.0,5.0,,,,,,,18.0,,,2.0,,6.0,,,1.0,4.0,,,,,,,,,,,,1.0,1.0,1.0,1.0,1.0,1.0,6,3,4,3,3,5,6,5,3,2.0,55.0,50.0,52.0,60.0,62.0,58.0,65.0,54.0,40.0,38.0,2.0,1.0,2.0,2.0,1.0,2.0,2.0,2.0,1.0,2.0,1.0,1.0,1.0,1.0,2.0,1.0,2.0,1.0,2.0,1.0,1.0,1.0,2.0,1.0,2.0,1.0,1.0,2.0,1.0,2.0,1.0,1.0,2.0,2.0,1.0,1.0,2.0,1.0,1.0,2.0
56,2,3,2,2,3,2,4,2,4,2,,30.0,,2.0,3.0,4.0,5.0,,,,6.0,,1.0,25.0,,1.0,,2.0,4.0,4.0,,,,,,,,5.0,,2.0,,,2.0,1.0,,3.0,,1.0,1.0,1.0,1.0,1.0,1.0,1.0,1.0,1.0,1.0,,,,,,,6,3,4,3,2,5,6,5,3,2.0,40.0,35.0,38.0,45.0,50.0,35.0,60.0,40.0,55.0,40.0,2.0,2.0,1.0,1.0,1.0,2.0,1.0,2.0,1.0,2.0,1.0,2.0,2.0,2.0,1.0,2.0,1.0,2.0,2.0,2.0,1.0,1.0,1.0,1.0,2.0,2.0,1.0,2.0,2.0,1.0,1.0,1.0,2.0,1.0,2.0,2.0,2.0,2.0,1.0,2.0
448,2,3,2,2,3,2,3,2,4,3,,30.0,,2.0,,,,3.0,4.0,3.0,5.0,,,,2.0,,2.0,,,,,,,3.0,4.0,5.0,18.0,,,2.0,4.0,,,1.0,,,4.0,1.0,1.0,1.0,1.0,1.0,1.0,1.0,1.0,1.0,1.0,,,,,,,6,3,4,4,3,5,6,6,3,2.0,45.0,40.0,42.0,50.0,55.0,48.0,60.0,38.0,35.0,40.0,1.0,1.0,2.0,1.0,1.0,1.0,2.0,2.0,1.0,2.0,1.0,1.0,2.0,2.0,2.0,1.0,2.0,1.0,2.0,2.0,1.0,2.0,2.0,2.0,1.0,1.0,1.0,1.0,2.0,2.0,2.0,2.0,2.0,1.0,2.0,2.0,1.0,2.0,1.0,1.0
254,2,3,3,1,2,3,3,1,1,1,,30.0,2.0,,5.0,4.0,2.0,,,,6.0,,,,1.0,1.0,,2.0,4.0,5.0,,,,,,,,15.0,,1.0,4.0,,,1.0,,5.0,,1.0,1.0,1.0,1.0,1.0,1.0,1.0,1.0,1.0,1.0,,,,,,,6,3,3,3,3,5,6,6,4,2.0,40.0,50.0,50.0,20.0,30.0,50.0,50.0,20.0,20.0,20.0,2.0,1.0,1.0,1.0,2.0,1.0,2.0,1.0,2.0,1.0,2.0,1.0,1.0,2.0,2.0,1.0,2.0,1.0,2.0,1.0,1.0,2.0,1.0,1.0,1.0,1.0,1.0,1.0,2.0,1.0,2.0,2.0,1.0,2.0,2.0,1.0,1.0,1.0,1.0,2.0
327,2,2,2,2,2,2,3,2,4,4,70.0,,,2.0,3.0,4.0,5.0,,,,5.0,,1.0,30.0,,1.0,,2.0,2.0,4.0,,,,,,,20.0,,,2.0,,6.0,,1.0,,3.0,,,,,,,,,,,,1.0,1.0,1.0,1.0,1.0,1.0,6,3,4,4,3,5,6,6,3,2.0,35.0,30.0,30.0,30.0,30.0,30.0,40.0,30.0,50.0,50.0,2.0,1.0,1.0,1.0,2.0,2.0,1.0,1.0,2.0,1.0,2.0,1.0,1.0,1.0,1.0,2.0,2.0,2.0,2.0,2.0,2.0,1.0,1.0,1.0,2.0,2.0,2.0,2.0,2.0,1.0,2.0,1.0,1.0,1.0,2.0,1.0,1.0,1.0,2.0,1.0
97,4,4,4,4,4,4,4,4,2,2,,30.0,,2.0,,,,3.0,4.0,3.0,,6.0,,,2.0,,2.0,,,,,,,3.0,4.0,5.0,,15.0,,2.0,,6.0,,1.0,,,4.0,,,,,,,,,,,1.0,1.0,1.0,1.0,1.0,1.0,6,3,4,4,2,5,6,6,3,2.0,55.0,50.0,52.0,60.0,62.0,58.0,65.0,54.0,40.0,38.0,2.0,1.0,1.0,2.0,1.0,1.0,2.0,2.0,1.0,1.0,2.0,1.0,1.0,1.0,1.0,1.0,2.0,2.0,2.0,1.0,1.0,2.0,2.0,2.0,1.0,1.0,2.0,2.0,1.0,2.0,1.0,2.0,1.0,2.0,1.0,1.0,1.0,2.0,2.0,2.0
972,5,5,5,5,5,5,5,5,1,2,70.0,,,1.0,,,,3.0,4.0,2.0,,6.0,1.0,54.0,,1.0,,1.0,4.0,4.0,,,,,,,20.0,,,2.0,5.0,,,,1.0,,4.0,,,,,,,,,,,1.0,1.0,1.0,1.0,1.0,1.0,6,3,4,3,2,5,6,5,3,2.0,60.0,55.0,55.0,65.0,70.0,60.0,70.0,60.0,40.0,45.0,2.0,2.0,2.0,2.0,2.0,2.0,2.0,1.0,2.0,2.0,2.0,1.0,2.0,2.0,1.0,1.0,2.0,1.0,1.0,2.0,1.0,1.0,2.0,1.0,1.0,2.0,1.0,2.0,2.0,1.0,2.0,2.0,1.0,2.0,1.0,2.0,2.0,2.0,1.0,2.0
801,5,5,5,5,5,5,5,5,1,2,70.0,,5.0,,5.0,4.0,2.0,,,,6.0,,1.0,54.0,,,2.0,,,,2.0,5.0,5.0,,,,15.0,,,1.0,,,3.0,,1.0,5.0,,1.0,1.0,1.0,1.0,1.0,1.0,1.0,1.0,1.0,1.0,,,,,,,6,3,3,3,3,5,6,6,4,2.0,80.0,75.0,85.0,80.0,75.0,85.0,80.0,70.0,30.0,40.0,1.0,1.0,1.0,2.0,1.0,2.0,1.0,1.0,1.0,2.0,2.0,1.0,1.0,2.0,1.0,1.0,2.0,1.0,2.0,1.0,2.0,1.0,1.0,2.0,2.0,1.0,1.0,1.0,2.0,2.0,1.0,1.0,2.0,1.0,2.0,1.0,1.0,1.0,2.0,1.0
295,5,4,5,5,5,5,5,5,2,3,70.0,,5.0,,,,,5.0,4.0,2.0,,6.0,1.0,54.0,,,2.0,,,,,,,2.0,5.0,5.0,,15.0,1.0,,,,3.0,1.0,,,5.0,1.0,1.0,1.0,1.0,1.0,1.0,1.0,1.0,1.0,1.0,,,,,,,7,3,3,3,3,5,6,6,4,2.0,75.0,70.0,80.0,85.0,80.0,85.0,80.0,75.0,40.0,50.0,1.0,2.0,2.0,2.0,2.0,2.0,1.0,1.0,1.0,1.0,1.0,2.0,1.0,1.0,1.0,1.0,1.0,1.0,1.0,1.0,1.0,1.0,1.0,2.0,1.0,1.0,1.0,1.0,1.0,1.0,2.0,1.0,1.0,1.0,2.0,2.0,1.0,1.0,1.0,1.0
489,4,4,4,5,5,5,5,5,1,2,70.0,,4.0,,3.0,4.0,6.0,,,,,6.0,1.0,30.0,,,2.0,,,,,,,2.0,4.0,5.0,,15.0,,2.0,4.0,,,1.0,,,5.0,1.0,1.0,1.0,1.0,1.0,1.0,1.0,1.0,1.0,1.0,,,,,,,6,3,4,3,3,5,6,5,3,2.0,60.0,55.0,60.0,70.0,70.0,65.0,75.0,65.0,40.0,45.0,1.0,2.0,1.0,2.0,2.0,1.0,1.0,2.0,1.0,1.0,1.0,2.0,2.0,2.0,2.0,2.0,1.0,2.0,1.0,2.0,2.0,2.0,2.0,1.0,1.0,1.0,1.0,1.0,2.0,1.0,2.0,1.0,2.0,1.0,2.0,2.0,1.0,2.0,1.0,1.0
100,5,5,5,5,5,5,5,5,1,2,,30.0,4.0,,3.0,4.0,6.0,,,,6.0,,,,2.0,,2.0,,,,4.0,5.0,6.0,,,,,0.0,,2.0,,,2.0,1.0,,5.0,,,,,,,,,,,,1.0,1.0,1.0,1.0,1.0,1.0,6,3,4,4,2,5,6,6,4,2.0,60.0,55.0,60.0,65.0,65.0,60.0,70.0,60.0,35.0,40.0,2.0,1.0,2.0,1.0,1.0,2.0,2.0,2.0,2.0,2.0,1.0,2.0,2.0,2.0,1.0,1.0,1.0,2.0,1.0,1.0,1.0,1.0,2.0,2.0,2.0,1.0,1.0,1.0,1.0,2.0,1.0,1.0,2.0,1.0,1.0,1.0,1.0,2.0,1.0,2.0
982,2,3,2,2,3,2,3,2,4,4,70.0,,2.0,,3.0,4.0,5.0,,,,,5.0,1.0,40.0,,1.0,,,,,,,,3.0,4.0,4.0,,15.0,1.0,,,,2.0,1.0,,,4.0,1.0,1.0,1.0,1.0,1.0,1.0,1.0,1.0,1.0,1.0,,,,,,,6,3,4,3,3,5,6,5,3,2.0,40.0,35.0,38.0,45.0,50.0,40.0,60.0,35.0,30.0,25.0,1.0,1.0,1.0,1.0,2.0,1.0,2.0,2.0,2.0,1.0,2.0,1.0,2.0,2.0,1.0,1.0,1.0,2.0,2.0,2.0,1.0,1.0,2.0,1.0,1.0,1.0,2.0,1.0,2.0,1.0,2.0,1.0,1.0,1.0,2.0,2.0,2.0,2.0,2.0,2.0
67,5,5,5,5,5,5,5,5,1,2,70.0,,,2.0,,,,3.0,5.0,4.0,,6.0,,,2.0,1.0,,,,,4.0,5.0,6.0,,,,18.0,,1.0,,4.0,,,,1.0,,5.0,,,,,,,,,,,1.0,1.0,1.0,1.0,1.0,1.0,6,3,4,3,2,5,6,5,4,2.0,60.0,55.0,58.0,65.0,70.0,62.0,75.0,60.0,40.0,35.0,2.0,2.0,2.0,2.0,1.0,1.0,2.0,2.0,1.0,1.0,1.0,1.0,2.0,1.0,1.0,2.0,2.0,1.0,1.0,2.0,1.0,2.0,1.0,2.0,1.0,2.0,2.0,2.0,2.0,1.0,2.0,2.0,1.0,2.0,2.0,1.0,2.0,2.0,2.0,2.0
479,2,4,4,2,3,4,4,2,1,2,70.0,,5.0,,,,,5.0,4.0,2.0,,6.0,,,1.0,1.0,,,,,,,,2.0,5.0,5.0,,15.0,,1.0,,4.0,,,1.0,5.0,,1.0,1.0,1.0,1.0,1.0,1.0,1.0,1.0,1.0,1.0,,,,,,,7,3,2,2,3,6,6,6,4,2.0,40.0,60.0,60.0,30.0,40.0,60.0,60.0,30.0,20.0,30.0,1.0,2.0,2.0,1.0,2.0,2.0,1.0,1.0,2.0,1.0,2.0,1.0,1.0,1.0,1.0,2.0,2.0,1.0,2.0,1.0,1.0,2.0,2.0,1.0,1.0,2.0,1.0,1.0,2.0,1.0,2.0,1.0,1.0,1.0,1.0,1.0,2.0,1.0,1.0,1.0
265,5,5,5,4,4,5,5,4,2,2,70.0,,5.0,,,,,5.0,4.0,2.0,,6.0,,,1.0,,2.0,,,,2.0,5.0,5.0,,,,15.0,,,1.0,4.0,,,1.0,,,5.0,1.0,1.0,1.0,1.0,1.0,1.0,1.0,1.0,1.0,1.0,,,,,,,7,3,2,3,3,5,6,6,4,2.0,75.0,70.0,75.0,65.0,65.0,75.0,75.0,65.0,40.0,40.0,1.0,2.0,2.0,1.0,1.0,2.0,1.0,2.0,2.0,1.0,1.0,1.0,1.0,2.0,1.0,1.0,2.0,1.0,1.0,2.0,2.0,1.0,1.0,1.0,1.0,1.0,1.0,1.0,2.0,1.0,2.0,1.0,2.0,1.0,2.0,2.0,2.0,1.0,1.0,1.0
316,2,3,2,2,2,2,3,2,4,4,,30.0,2.0,,,,,3.0,4.0,3.0,6.0,,1.0,40.0,,1.0,,,,,,,,3.0,4.0,5.0,,15.0,1.0,,,,3.0,,1.0,,4.0,,,,,,,,,,,1.0,1.0,1.0,1.0,1.0,1.0,6,3,4,4,3,5,6,5,3,2.0,40.0,35.0,38.0,45.0,50.0,35.0,55.0,40.0,60.0,50.0,2.0,1.0,1.0,1.0,2.0,1.0,1.0,1.0,1.0,2.0,1.0,1.0,1.0,2.0,1.0,2.0,1.0,2.0,1.0,1.0,1.0,1.0,1.0,1.0,1.0,2.0,2.0,2.0,1.0,1.0,1.0,2.0,1.0,2.0,1.0,2.0,2.0,2.0,1.0,2.0
943,5,5,5,5,5,5,5,5,2,2,,30.0,,2.0,5.0,4.0,2.0,,,,6.0,,,,1.0,1.0,,,,,,,,2.0,5.0,5.0,15.0,,1.0,,,4.0,,1.0,,5.0,,1.0,1.0,1.0,1.0,1.0,1.0,1.0,1.0,1.0,1.0,,,,,,,7,3,3,3,3,5,6,6,4,2.0,85.0,80.0,85.0,80.0,80.0,85.0,80.0,75.0,40.0,40.0,1.0,2.0,1.0,2.0,1.0,1.0,1.0,2.0,1.0,2.0,1.0,1.0,1.0,1.0,1.0,1.0,1.0,1.0,1.0,1.0,1.0,2.0,2.0,1.0,1.0,1.0,2.0,1.0,1.0,1.0,1.0,1.0,2.0,1.0,1.0,1.0,1.0,1.0,1.0,1.0
830,5,5,5,4,5,5,5,5,1,2,70.0,,5.0,,5.0,4.0,2.0,,,,6.0,,1.0,54.0,,1.0,,,,,2.0,5.0,5.0,,,,,10.0,1.0,,,3.0,,1.0,,,5.0,,,,,,,,,,,1.0,1.0,1.0,1.0,1.0,1.0,7,3,3,3,3,5,6,6,4,2.0,75.0,75.0,80.0,65.0,75.0,80.0,75.0,70.0,25.0,35.0,1.0,1.0,1.0,1.0,1.0,2.0,1.0,2.0,1.0,1.0,1.0,2.0,1.0,1.0,2.0,2.0,1.0,1.0,1.0,1.0,1.0,1.0,1.0,1.0,1.0,1.0,1.0,1.0,1.0,1.0,1.0,1.0,2.0,1.0,1.0,1.0,1.0,2.0,1.0,1.0
131,2,2,2,1,2,2,2,2,5,4,70.0,,2.0,,3.0,4.0,6.0,,,,6.0,,1.0,40.0,,1.0,,1.0,2.0,4.0,,,,,,,,0.0,,2.0,,,2.0,1.0,,,3.0,,,,,,,,,,,1.0,1.0,1.0,1.0,1.0,1.0,6,3,4,4,2,5,6,6,3,2.0,40.0,35.0,38.0,30.0,35.0,35.0,40.0,38.0,45.0,42.0,2.0,1.0,1.0,2.0,1.0,2.0,1.0,1.0,2.0,1.0,1.0,1.0,2.0,1.0,2.0,2.0,1.0,2.0,1.0,2.0,2.0,1.0,2.0,1.0,2.0,1.0,1.0,2.0,2.0,1.0,1.0,1.0,1.0,1.0,1.0,2.0,2.0,2.0,2.0,2.0
936,3,3,3,3,3,3,4,3,2,2,70.0,,,1.0,,,,3.0,4.0,2.0,,5.0,1.0,40.0,,1.0,,2.0,3.0,4.0,,,,,,,,15.0,1.0,,3.0,,,,1.0,4.0,,1.0,1.0,1.0,1.0,1.0,1.0,1.0,1.0,1.0,1.0,,,,,,,6,3,4,4,3,5,6,5,3,2.0,50.0,45.0,50.0,55.0,60.0,55.0,65.0,50.0,40.0,40.0,2.0,2.0,2.0,1.0,1.0,2.0,2.0,1.0,2.0,1.0,1.0,2.0,1.0,2.0,2.0,2.0,1.0,2.0,1.0,2.0,1.0,2.0,1.0,1.0,2.0,2.0,1.0,2.0,1.0,2.0,1.0,2.0,2.0,2.0,2.0,1.0,1.0,1.0,2.0,2.0
845,5,5,5,5,5,5,5,5,1,2,70.0,,4.0,,3.0,4.0,6.0,,,,,6.0,1.0,54.0,,,2.0,2.0,4.0,5.0,,,,,,,18.0,,1.0,,,,2.0,1.0,,,5.0,,,,,,,,,,,1.0,1.0,1.0,1.0,1.0,1.0,6,3,5,4,3,5,6,5,3,2.0,60.0,55.0,58.0,65.0,70.0,62.0,75.0,68.0,40.0,45.0,2.0,2.0,2.0,1.0,2.0,2.0,1.0,2.0,1.0,2.0,2.0,1.0,2.0,1.0,2.0,1.0,1.0,2.0,2.0,1.0,1.0,2.0,1.0,2.0,2.0,1.0,2.0,2.0,2.0,1.0,1.0,2.0,2.0,1.0,1.0,2.0,1.0,2.0,2.0,2.0
144,4,3,3,2,3,2,4,2,4,2,,30.0,2.0,,,,,3.0,4.0,2.0,,5.0,,,2.0,1.0,,,,,,,,3.0,4.0,5.0,18.0,,,2.0,,6.0,,,1.0,4.0,,1.0,1.0,1.0,1.0,1.0,1.0,1.0,1.0,1.0,1.0,,,,,,,6,3,4,4,2,5,6,5,3,2.0,55.0,50.0,50.0,45.0,50.0,40.0,60.0,45.0,55.0,45.0,2.0,1.0,1.0,2.0,2.0,1.0,1.0,2.0,1.0,1.0,2.0,1.0,1.0,1.0,2.0,1.0,2.0,1.0,1.0,1.0,1.0,1.0,1.0,2.0,2.0,1.0,1.0,2.0,2.0,2.0,2.0,2.0,2.0,2.0,1.0,1.0,2.0,2.0,1.0,1.0
758,4,4,4,4,4,4,5,4,2,2,70.0,,,2.0,,,,3.0,5.0,2.0,6.0,,,,2.0,1.0,,,,,3.0,4.0,5.0,,,,,18.0,1.0,,3.0,,,1.0,,,4.0,1.0,1.0,1.0,1.0,1.0,1.0,1.0,1.0,1.0,1.0,,,,,,,6,3,4,4,2,5,6,6,3,2.0,55.0,50.0,52.0,60.0,62.0,58.0,65.0,54.0,40.0,38.0,2.0,1.0,2.0,2.0,1.0,1.0,2.0,1.0,2.0,2.0,2.0,1.0,1.0,1.0,2.0,1.0,2.0,1.0,1.0,1.0,2.0,2.0,2.0,1.0,2.0,2.0,1.0,1.0,2.0,1.0,2.0,1.0,2.0,1.0,1.0,2.0,2.0,1.0,1.0,2.0
12,4,4,4,2,3,4,4,2,2,2,,30.0,,2.0,,,,5.0,4.0,2.0,,6.0,1.0,54.0,,,2.0,2.0,4.0,5.0,,,,,,,5.0,,,1.0,,,2.0,1.0,,5.0,,1.0,1.0,1.0,1.0,1.0,1.0,1.0,1.0,1.0,1.0,,,,,,,6,3,3,3,3,5,6,6,3,2.0,60.0,60.0,60.0,40.0,50.0,60.0,60.0,40.0,40.0,40.0,2.0,1.0,2.0,1.0,1.0,1.0,2.0,1.0,2.0,2.0,1.0,1.0,1.0,2.0,2.0,2.0,2.0,1.0,1.0,1.0,2.0,2.0,1.0,1.0,1.0,1.0,1.0,1.0,1.0,1.0,2.0,1.0,1.0,1.0,2.0,1.0,1.0,2.0,1.0,1.0
884,4,4,4,4,4,4,4,4,2,3,70.0,,3.0,,,,,4.0,5.0,3.0,6.0,,,,2.0,,2.0,,,,3.0,4.0,5.0,,,,16.0,,1.0,,,,3.0,1.0,,4.0,,1.0,1.0,1.0,1.0,1.0,1.0,1.0,1.0,1.0,1.0,,,,,,,6,3,4,4,3,5,6,6,3,2.0,55.0,50.0,52.0,60.0,62.0,58.0,65.0,54.0,40.0,45.0,1.0,1.0,2.0,1.0,2.0,2.0,2.0,1.0,2.0,1.0,1.0,1.0,1.0,2.0,2.0,2.0,1.0,1.0,1.0,1.0,1.0,2.0,1.0,1.0,1.0,1.0,2.0,1.0,2.0,1.0,2.0,1.0,2.0,2.0,1.0,1.0,1.0,1.0,2.0,2.0
799,5,5,5,5,5,5,5,5,1,1,70.0,,1.0,,,,,3.0,5.0,2.0,,6.0,,,2.0,,2.0,1.0,4.0,5.0,,,,,,,20.0,,1.0,,,,1.0,,1.0,,5.0,1.0,1.0,1.0,1.0,1.0,1.0,1.0,1.0,1.0,1.0,,,,,,,6,3,4,4,3,5,6,6,4,2.0,60.0,55.0,60.0,65.0,70.0,60.0,70.0,60.0,40.0,35.0,1.0,1.0,2.0,2.0,2.0,2.0,1.0,1.0,2.0,2.0,1.0,2.0,1.0,1.0,2.0,2.0,2.0,1.0,1.0,1.0,1.0,2.0,1.0,1.0,1.0,2.0,2.0,2.0,1.0,2.0,1.0,1.0,1.0,2.0,2.0,2.0,2.0,2.0,2.0,1.0
210,4,4,4,4,4,4,5,4,2,2,,30.0,,2.0,3.0,4.0,5.0,,,,,6.0,,,2.0,,2.0,2.0,4.0,5.0,,,,,,,,18.0,1.0,,,,3.0,,1.0,4.0,,1.0,1.0,1.0,1.0,1.0,1.0,1.0,1.0,1.0,1.0,,,,,,,6,3,4,3,3,5,6,5,3,2.0,55.0,50.0,52.0,60.0,62.0,58.0,65.0,54.0,40.0,42.0,1.0,2.0,2.0,1.0,1.0,2.0,2.0,2.0,1.0,1.0,2.0,2.0,1.0,1.0,1.0,1.0,1.0,2.0,2.0,2.0,1.0,2.0,2.0,2.0,1.0,1.0,1.0,1.0,1.0,1.0,2.0,2.0,2.0,1.0,1.0,1.0,1.0,2.0,2.0,2.0
363,5,4,5,5,5,5,5,5,1,2,70.0,,5.0,,,,,3.0,5.0,2.0,6.0,,,,2.0,,2.0,2.0,4.0,5.0,,,,,,,18.0,,1.0,,4.0,,,,1.0,4.0,,1.0,1.0,1.0,1.0,1.0,1.0,1.0,1.0,1.0,1.0,,,,,,,6,3,4,3,3,5,6,5,3,2.0,60.0,55.0,60.0,65.0,65.0,60.0,70.0,60.0,40.0,45.0,1.0,1.0,1.0,2.0,2.0,1.0,1.0,2.0,1.0,1.0,1.0,1.0,2.0,2.0,1.0,2.0,1.0,2.0,2.0,2.0,2.0,1.0,1.0,2.0,2.0,2.0,2.0,2.0,1.0,1.0,1.0,2.0,2.0,2.0,2.0,2.0,1.0,1.0,2.0,1.0
185,5,5,5,5,5,5,5,4,2,3,,30.0,,2.0,,,,5.0,4.0,2.0,,6.0,1.0,54.0,,,2.0,3.0,5.0,5.0,,,,,,,,15.0,,1.0,4.0,,,,1.0,,5.0,1.0,1.0,1.0,1.0,1.0,1.0,1.0,1.0,1.0,1.0,,,,,,,6,3,3,3,3,5,6,6,4,2.0,75.0,75.0,75.0,75.0,75.0,75.0,75.0,65.0,35.0,50.0,1.0,1.0,1.0,1.0,1.0,2.0,2.0,1.0,1.0,1.0,1.0,1.0,1.0,1.0,1.0,1.0,1.0,1.0,1.0,1.0,1.0,1.0,2.0,1.0,1.0,1.0,1.0,1.0,1.0,1.0,1.0,1.0,1.0,2.0,1.0,1.0,1.0,1.0,1.0,1.0
621,5,5,5,5,5,5,5,5,1,2,70.0,,3.0,,3.0,4.0,6.0,,,,,5.0,1.0,54.0,,,2.0,,,,,,,3.0,5.0,6.0,5.0,,1.0,,,,2.0,1.0,,5.0,,,,,,,,,,,,1.0,1.0,1.0,1.0,1.0,1.0,6,3,4,4,3,5,6,6,4,2.0,60.0,55.0,60.0,65.0,65.0,60.0,70.0,60.0,40.0,45.0,2.0,1.0,1.0,2.0,1.0,1.0,1.0,2.0,2.0,1.0,1.0,2.0,2.0,1.0,2.0,2.0,2.0,2.0,2.0,2.0,2.0,2.0,2.0,2.0,2.0,2.0,1.0,2.0,2.0,1.0,1.0,2.0,1.0,2.0,2.0,2.0,2.0,1.0,2.0,1.0
752,5,5,5,5,5,5,5,5,2,2,,20.0,5.0,,,,,5.0,4.0,2.0,6.0,,,,1.0,1.0,,2.0,5.0,5.0,,,,,,,15.0,,,1.0,4.0,,,1.0,,,5.0,,,,,,,,,,,1.0,1.0,1.0,1.0,1.0,1.0,7,3,2,2,3,5,6,6,4,2.0,85.0,80.0,85.0,80.0,80.0,85.0,80.0,75.0,40.0,40.0,2.0,2.0,1.0,2.0,1.0,1.0,2.0,1.0,1.0,2.0,1.0,1.0,2.0,1.0,2.0,2.0,2.0,1.0,2.0,1.0,2.0,2.0,2.0,2.0,1.0,1.0,2.0,1.0,2.0,2.0,2.0,1.0,1.0,1.0,1.0,1.0,1.0,2.0,2.0,1.0
369,2,3,3,2,3,3,3,2,4,4,,30.0,2.0,,,,,5.0,4.0,2.0,6.0,,1.0,54.0,,1.0,,,,,,,,2.0,4.0,5.0,,15.0,1.0,,,,3.0,,1.0,,5.0,,,,,,,,,,,1.0,1.0,1.0,1.0,1.0,1.0,6,3,2,2,3,5,6,6,3,2.0,40.0,35.0,35.0,30.0,35.0,35.0,35.0,30.0,40.0,40.0,2.0,1.0,2.0,1.0,1.0,1.0,2.0,1.0,1.0,2.0,1.0,2.0,1.0,1.0,2.0,1.0,2.0,1.0,1.0,1.0,2.0,1.0,2.0,1.0,1.0,2.0,1.0,1.0,2.0,2.0,1.0,2.0,1.0,2.0,1.0,2.0,1.0,2.0,2.0,1.0
793,4,4,4,5,5,5,5,5,1,1,70.0,,1.0,,2.0,3.0,5.0,,,,,5.0,,,2.0,,2.0,,,,3.0,4.0,4.0,,,,20.0,,1.0,,,5.0,,1.0,,,4.0,1.0,1.0,1.0,1.0,1.0,1.0,1.0,1.0,1.0,1.0,,,,,,,6,3,4,3,3,5,6,5,3,2.0,60.0,55.0,60.0,65.0,70.0,65.0,70.0,60.0,40.0,35.0,1.0,2.0,1.0,2.0,1.0,2.0,2.0,2.0,1.0,2.0,1.0,1.0,2.0,1.0,1.0,1.0,1.0,2.0,2.0,2.0,1.0,2.0,1.0,2.0,1.0,2.0,2.0,1.0,2.0,1.0,2.0,1.0,1.0,1.0,2.0,2.0,1.0,1.0,1.0,2.0
406,2,3,3,3,4,3,4,3,4,2,70.0,,3.0,,,,,3.0,5.0,4.0,5.0,,1.0,40.0,,,2.0,,,,,,,2.0,4.0,4.0,18.0,,1.0,,,6.0,,,1.0,,4.0,1.0,1.0,1.0,1.0,1.0,1.0,1.0,1.0,1.0,1.0,,,,,,,6,3,4,4,3,5,6,6,3,2.0,45.0,40.0,40.0,50.0,55.0,45.0,60.0,50.0,40.0,35.0,2.0,2.0,2.0,1.0,1.0,2.0,1.0,2.0,1.0,1.0,1.0,2.0,1.0,2.0,1.0,1.0,1.0,1.0,2.0,2.0,2.0,2.0,2.0,1.0,2.0,2.0,1.0,2.0,1.0,2.0,2.0,1.0,2.0,1.0,1.0,2.0,1.0,2.0,1.0,2.0
575,2,4,4,2,3,4,4,2,1,2,70.0,,5.0,,,,,5.0,4.0,2.0,,6.0,,,1.0,1.0,,,,,2.0,4.0,5.0,,,,,15.0,,1.0,,,4.0,1.0,,,5.0,,,,,,,,,,,1.0,1.0,1.0,1.0,1.0,1.0,6,3,2,3,3,5,6,5,4,2.0,40.0,60.0,60.0,30.0,40.0,60.0,60.0,30.0,20.0,30.0,2.0,1.0,1.0,2.0,2.0,1.0,1.0,1.0,2.0,1.0,2.0,2.0,1.0,1.0,1.0,1.0,2.0,1.0,1.0,1.0,1.0,2.0,1.0,1.0,2.0,1.0,1.0,2.0,1.0,1.0,2.0,2.0,1.0,1.0,1.0,1.0,2.0,1.0,1.0,1.0
18,5,5,5,5,5,5,5,5,1,2,,30.0,,1.0,3.0,4.0,6.0,,,,6.0,,,,2.0,,2.0,,,,4.0,5.0,6.0,,,,,0.0,,2.0,4.0,,,1.0,,,5.0,,,,,,,,,,,1.0,1.0,1.0,1.0,1.0,1.0,6,3,4,4,2,5,6,6,4,2.0,60.0,55.0,60.0,65.0,70.0,65.0,75.0,60.0,40.0,35.0,2.0,2.0,1.0,2.0,1.0,1.0,2.0,2.0,2.0,2.0,1.0,2.0,2.0,1.0,2.0,1.0,2.0,1.0,2.0,2.0,2.0,2.0,1.0,1.0,1.0,2.0,1.0,2.0,1.0,2.0,2.0,1.0,2.0,2.0,1.0,1.0,1.0,2.0,2.0,2.0
473,5,5,5,4,5,5,5,5,2,3,,30.0,5.0,,5.0,4.0,2.0,,,,6.0,,1.0,54.0,,1.0,,,,,,,,2.0,5.0,5.0,,15.0,,1.0,4.0,,,,1.0,,5.0,1.0,1.0,1.0,1.0,1.0,1.0,1.0,1.0,1.0,1.0,,,,,,,6,3,3,3,3,5,6,6,4,2.0,70.0,65.0,70.0,60.0,65.0,70.0,65.0,60.0,40.0,50.0,1.0,1.0,1.0,2.0,1.0,1.0,2.0,1.0,1.0,1.0,1.0,1.0,1.0,1.0,2.0,1.0,2.0,1.0,1.0,1.0,1.0,1.0,1.0,1.0,1.0,1.0,1.0,2.0,2.0,1.0,1.0,1.0,1.0,1.0,1.0,1.0,1.0,1.0,2.0,1.0
500,5,5,5,5,5,5,5,5,1,1,70.0,,,1.0,,,,3.0,5.0,2.0,6.0,,,,2.0,1.0,,,,,3.0,4.0,4.0,,,,20.0,,,2.0,3.0,,,,1.0,5.0,,,,,,,,,,,,1.0,1.0,1.0,1.0,1.0,1.0,6,3,4,3,2,5,6,6,3,2.0,60.0,55.0,60.0,65.0,65.0,60.0,70.0,60.0,40.0,35.0,1.0,2.0,2.0,1.0,2.0,1.0,2.0,2.0,1.0,2.0,2.0,2.0,2.0,2.0,2.0,2.0,1.0,1.0,1.0,1.0,2.0,2.0,2.0,2.0,2.0,1.0,1.0,2.0,2.0,1.0,2.0,1.0,2.0,2.0,2.0,2.0,2.0,1.0,2.0,2.0
695,5,5,5,5,5,5,5,5,1,1,,30.0,5.0,,,,,5.0,4.0,2.0,,6.0,1.0,54.0,,1.0,,4.0,5.0,5.0,,,,,,,,15.0,,1.0,,3.0,,1.0,,,5.0,,,,,,,,,,,1.0,1.0,1.0,1.0,1.0,1.0,7,3,2,2,3,5,6,6,4,2.0,75.0,80.0,85.0,80.0,75.0,85.0,80.0,70.0,30.0,25.0,1.0,2.0,2.0,1.0,1.0,1.0,2.0,1.0,1.0,1.0,2.0,1.0,1.0,1.0,1.0,1.0,2.0,1.0,2.0,2.0,2.0,1.0,1.0,1.0,1.0,1.0,1.0,1.0,1.0,1.0,2.0,1.0,1.0,1.0,1.0,1.0,1.0,1.0,2.0,2.0
988,4,4,4,4,4,4,4,4,2,2,,30.0,3.0,,,,,3.0,4.0,2.0,6.0,,,,2.0,1.0,,2.0,4.0,5.0,,,,,,,,18.0,,2.0,4.0,,,,1.0,,4.0,1.0,1.0,1.0,1.0,1.0,1.0,1.0,1.0,1.0,1.0,,,,,,,6,3,4,3,3,5,6,5,3,2.0,55.0,50.0,52.0,60.0,62.0,58.0,65.0,54.0,40.0,38.0,2.0,1.0,2.0,2.0,2.0,1.0,1.0,1.0,2.0,1.0,2.0,2.0,2.0,1.0,1.0,1.0,1.0,1.0,1.0,2.0,1.0,1.0,2.0,1.0,1.0,2.0,1.0,2.0,2.0,1.0,2.0,1.0,1.0,2.0,2.0,1.0,1.0,1.0,1.0,1.0
654,5,5,5,5,5,5,5,5,1,2,70.0,,3.0,,3.0,4.0,6.0,,,,6.0,,1.0,54.0,,1.0,,2.0,4.0,5.0,,,,,,,,18.0,1.0,,,6.0,,1.0,,,5.0,1.0,1.0,1.0,1.0,1.0,1.0,1.0,1.0,1.0,1.0,,,,,,,6,3,4,4,3,5,6,6,3,2.0,55.0,50.0,52.0,60.0,62.0,58.0,65.0,54.0,40.0,38.0,2.0,2.0,2.0,2.0,1.0,1.0,2.0,2.0,2.0,1.0,2.0,2.0,2.0,2.0,1.0,2.0,2.0,2.0,2.0,1.0,1.0,2.0,2.0,1.0,1.0,1.0,2.0,1.0,2.0,2.0,2.0,1.0,2.0,1.0,1.0,2.0,1.0,2.0,2.0,1.0
727,4,4,5,5,5,5,5,4,2,2,70.0,,5.0,,5.0,4.0,2.0,,,,,6.0,1.0,54.0,,,2.0,,,,2.0,5.0,5.0,,,,,15.0,,1.0,,4.0,,1.0,,,5.0,,,,,,,,,,,1.0,1.0,1.0,1.0,1.0,1.0,7,3,2,2,3,5,6,6,4,2.0,70.0,65.0,75.0,75.0,75.0,75.0,75.0,65.0,40.0,40.0,1.0,1.0,2.0,2.0,2.0,1.0,1.0,1.0,1.0,1.0,1.0,1.0,1.0,2.0,1.0,1.0,1.0,1.0,1.0,1.0,1.0,1.0,1.0,1.0,1.0,1.0,1.0,1.0,1.0,1.0,1.0,1.0,1.0,1.0,1.0,1.0,1.0,1.0,1.0,1.0
949,4,4,4,4,4,4,4,4,2,2,70.0,,,2.0,,,,3.0,4.0,2.0,,6.0,1.0,54.0,,1.0,,,,,3.0,4.0,4.0,,,,16.0,,1.0,,4.0,,,1.0,,,4.0,,,,,,,,,,,1.0,1.0,1.0,1.0,1.0,1.0,6,3,4,4,3,5,6,5,3,2.0,55.0,50.0,52.0,60.0,62.0,58.0,65.0,54.0,40.0,42.0,2.0,2.0,1.0,1.0,1.0,1.0,2.0,2.0,2.0,2.0,2.0,2.0,1.0,1.0,1.0,1.0,1.0,2.0,2.0,2.0,2.0,1.0,2.0,1.0,2.0,1.0,2.0,2.0,2.0,2.0,2.0,1.0,2.0,1.0,1.0,1.0,2.0,2.0,1.0,2.0
445,2,3,2,2,3,2,4,2,4,3,,30.0,,2.0,3.0,4.0,5.0,,,,6.0,,,,2.0,1.0,,2.0,4.0,5.0,,,,,,,,16.0,1.0,,4.0,,,,1.0,4.0,,,,,,,,,,,,1.0,1.0,1.0,1.0,1.0,1.0,6,3,4,4,3,5,6,6,3,2.0,45.0,40.0,42.0,55.0,60.0,50.0,65.0,48.0,38.0,41.0,1.0,2.0,1.0,2.0,2.0,2.0,2.0,2.0,1.0,1.0,1.0,1.0,2.0,2.0,1.0,2.0,2.0,2.0,1.0,2.0,1.0,1.0,1.0,1.0,2.0,1.0,1.0,2.0,2.0,1.0,1.0,1.0,2.0,1.0,2.0,2.0,1.0,1.0,1.0,2.0
536,1,1,1,1,1,1,2,2,4,4,70.0,,,1.0,,,,3.0,4.0,2.0,,5.0,1.0,54.0,,1.0,,1.0,2.0,2.0,,,,,,,20.0,,1.0,,3.0,,,1.0,,2.0,,1.0,1.0,1.0,1.0,1.0,1.0,1.0,1.0,1.0,1.0,,,,,,,6,3,4,3,3,5,6,6,1,2.0,55.0,50.0,50.0,60.0,65.0,60.0,70.0,55.0,45.0,40.0,2.0,2.0,1.0,2.0,2.0,2.0,2.0,1.0,1.0,2.0,2.0,1.0,2.0,2.0,2.0,2.0,2.0,2.0,1.0,2.0,2.0,1.0,1.0,2.0,1.0,2.0,2.0,2.0,2.0,2.0,2.0,2.0,1.0,2.0,1.0,1.0,2.0,1.0,2.0,2.0
259,4,4,4,4,4,4,5,4,2,2,,30.0,3.0,,,,,3.0,5.0,2.0,6.0,,1.0,54.0,,1.0,,2.0,4.0,5.0,,,,,,,,18.0,,2.0,,6.0,,1.0,,4.0,,1.0,1.0,1.0,1.0,1.0,1.0,1.0,1.0,1.0,1.0,,,,,,,6,3,4,4,3,5,6,6,3,2.0,55.0,50.0,52.0,60.0,65.0,58.0,70.0,60.0,40.0,38.0,2.0,2.0,1.0,2.0,1.0,1.0,1.0,1.0,2.0,1.0,1.0,1.0,2.0,1.0,1.0,2.0,1.0,2.0,1.0,1.0,2.0,2.0,2.0,1.0,2.0,1.0,1.0,2.0,2.0,2.0,2.0,2.0,2.0,1.0,2.0,2.0,1.0,2.0,1.0,1.0
662,2,3,2,2,3,2,3,2,4,4,,30.0,,2.0,,,,3.0,4.0,2.0,6.0,,1.0,40.0,,1.0,,,,,2.0,4.0,4.0,,,,18.0,,1.0,,4.0,,,1.0,,4.0,,,,,,,,,,,,1.0,1.0,1.0,1.0,1.0,1.0,6,3,4,3,3,5,6,5,3,2.0,40.0,35.0,38.0,45.0,50.0,40.0,55.0,38.0,60.0,50.0,1.0,1.0,2.0,2.0,2.0,2.0,2.0,2.0,1.0,2.0,2.0,2.0,1.0,1.0,1.0,1.0,2.0,2.0,2.0,1.0,1.0,1.0,2.0,2.0,1.0,1.0,2.0,2.0,1.0,2.0,2.0,1.0,2.0,1.0,2.0,1.0,1.0,1.0,1.0,2.0
298,4,4,4,2,3,2,5,2,4,2,,30.0,2.0,,3.0,4.0,5.0,,,,,5.0,,,2.0,1.0,,2.0,4.0,5.0,,,,,,,,15.0,,2.0,4.0,,,,1.0,,4.0,,,,,,,,,,,1.0,1.0,1.0,1.0,1.0,1.0,6,3,4,4,3,5,6,5,3,2.0,55.0,60.0,58.0,50.0,55.0,48.0,70.0,45.0,52.0,44.0,1.0,1.0,2.0,2.0,2.0,2.0,1.0,1.0,2.0,2.0,2.0,2.0,1.0,2.0,1.0,2.0,1.0,1.0,2.0,1.0,1.0,2.0,1.0,1.0,2.0,1.0,2.0,1.0,2.0,2.0,1.0,2.0,2.0,1.0,1.0,2.0,2.0,1.0,2.0,1.0
711,2,2,2,2,2,2,4,2,5,4,,30.0,,1.0,,,,3.0,4.0,2.0,,5.0,,,2.0,,2.0,,,,,,,2.0,4.0,5.0,20.0,,,2.0,,6.0,,1.0,,,4.0,,,,,,,,,,,1.0,1.0,1.0,1.0,1.0,1.0,6,3,4,3,2,5,6,5,3,2.0,40.0,35.0,38.0,45.0,50.0,40.0,60.0,35.0,55.0,50.0,1.0,2.0,2.0,1.0,1.0,2.0,1.0,1.0,2.0,2.0,1.0,2.0,2.0,2.0,2.0,2.0,2.0,1.0,1.0,2.0,1.0,2.0,2.0,2.0,2.0,2.0,2.0,1.0,2.0,1.0,2.0,2.0,2.0,2.0,1.0,2.0,1.0,1.0,1.0,2.0
484,5,5,5,5,5,5,5,5,1,2,,30.0,,2.0,3.0,4.0,6.0,,,,,6.0,,,2.0,1.0,,,,,3.0,5.0,6.0,,,,18.0,,,2.0,,5.0,,,1.0,,5.0,,,,,,,,,,,1.0,1.0,1.0,1.0,1.0,1.0,6,3,4,3,3,5,6,5,4,2.0,60.0,55.0,60.0,65.0,65.0,60.0,70.0,60.0,40.0,45.0,2.0,1.0,1.0,1.0,1.0,2.0,2.0,1.0,2.0,2.0,2.0,1.0,2.0,2.0,1.0,1.0,1.0,1.0,2.0,2.0,1.0,1.0,2.0,2.0,2.0,1.0,2.0,1.0,1.0,1.0,1.0,1.0,1.0,2.0,1.0,2.0,2.0,2.0,2.0,1.0
178,3,3,3,3,4,3,4,3,2,2,70.0,,,2.0,3.0,4.0,6.0,,,,,5.0,1.0,30.0,,,2.0,2.0,4.0,5.0,,,,,,,18.0,,1.0,,4.0,,,1.0,,4.0,,,,,,,,,,,,1.0,1.0,1.0,1.0,1.0,1.0,6,3,4,4,2,5,6,6,3,2.0,40.0,35.0,38.0,45.0,50.0,40.0,55.0,38.0,30.0,32.0,1.0,2.0,1.0,1.0,2.0,1.0,1.0,1.0,2.0,1.0,2.0,1.0,1.0,1.0,1.0,2.0,1.0,1.0,1.0,2.0,2.0,2.0,2.0,2.0,1.0,1.0,2.0,2.0,2.0,1.0,1.0,1.0,2.0,1.0,1.0,1.0,1.0,2.0,2.0,1.0
582,4,4,4,2,3,5,4,3,2,2,,30.0,2.0,,5.0,4.0,2.0,,,,,6.0,,,1.0,,2.0,3.0,4.0,5.0,,,,,,,,15.0,,1.0,,,2.0,,1.0,5.0,,1.0,1.0,1.0,1.0,1.0,1.0,1.0,1.0,1.0,1.0,,,,,,,6,3,2,3,3,5,6,5,3,2.0,65.0,60.0,60.0,40.0,50.0,75.0,65.0,50.0,35.0,35.0,1.0,1.0,2.0,1.0,2.0,1.0,1.0,1.0,2.0,1.0,1.0,1.0,2.0,1.0,1.0,2.0,1.0,1.0,1.0,1.0,1.0,1.0,1.0,1.0,1.0,1.0,1.0,1.0,1.0,1.0,2.0,1.0,2.0,1.0,1.0,2.0,1.0,1.0,1.0,1.0
617,5,5,5,4,4,5,5,5,2,2,70.0,,5.0,,,,,5.0,4.0,2.0,6.0,,1.0,54.0,,1.0,,,,,2.0,5.0,5.0,,,,,12.0,1.0,,,4.0,,1.0,,5.0,,1.0,1.0,1.0,1.0,1.0,1.0,1.0,1.0,1.0,1.0,,,,,,,6,3,3,3,3,5,5,5,3,2.0,75.0,70.0,75.0,60.0,60.0,75.0,75.0,70.0,40.0,40.0,2.0,2.0,1.0,1.0,1.0,1.0,1.0,1.0,1.0,2.0,1.0,2.0,2.0,1.0,1.0,2.0,2.0,1.0,2.0,2.0,1.0,1.0,2.0,2.0,1.0,1.0,2.0,1.0,1.0,1.0,1.0,1.0,1.0,1.0,1.0,1.0,2.0,2.0,1.0,1.0
764,2,3,3,2,3,3,3,2,4,4,,30.0,2.0,,,,,5.0,4.0,2.0,6.0,,,,1.0,1.0,,2.0,4.0,5.0,,,,,,,15.0,,1.0,,,,3.0,,1.0,,5.0,,,,,,,,,,,1.0,1.0,1.0,1.0,1.0,1.0,7,2,3,3,3,5,6,6,3,2.0,40.0,50.0,50.0,40.0,50.0,50.0,50.0,40.0,60.0,60.0,1.0,1.0,2.0,1.0,1.0,2.0,1.0,1.0,2.0,1.0,2.0,2.0,1.0,1.0,2.0,2.0,1.0,2.0,2.0,1.0,1.0,1.0,2.0,1.0,1.0,1.0,1.0,1.0,1.0,2.0,1.0,1.0,2.0,2.0,1.0,1.0,1.0,2.0,1.0,2.0
879,3,3,3,4,4,3,4,3,2,2,,30.0,,2.0,,,,3.0,5.0,2.0,,5.0,1.0,30.0,,,2.0,,,,2.0,4.0,4.0,,,,18.0,,,2.0,,5.0,,,1.0,,4.0,,,,,,,,,,,1.0,1.0,1.0,1.0,1.0,1.0,6,3,4,4,3,5,6,6,3,2.0,40.0,35.0,38.0,50.0,55.0,40.0,60.0,45.0,30.0,32.0,2.0,1.0,2.0,1.0,2.0,1.0,1.0,2.0,1.0,1.0,2.0,2.0,1.0,1.0,2.0,2.0,2.0,1.0,2.0,1.0,2.0,2.0,2.0,1.0,1.0,1.0,2.0,2.0,1.0,1.0,2.0,2.0,2.0,2.0,1.0,1.0,1.0,1.0,1.0,2.0
430,2,3,2,2,3,2,4,2,4,2,,30.0,2.0,,3.0,4.0,5.0,,,,,5.0,,,2.0,,2.0,,,,,,,3.0,4.0,5.0,18.0,,1.0,,,6.0,,1.0,,4.0,,1.0,1.0,1.0,1.0,1.0,1.0,1.0,1.0,1.0,1.0,,,,,,,6,3,4,4,3,5,6,5,3,2.0,45.0,40.0,42.0,50.0,55.0,48.0,60.0,44.0,52.0,43.0,2.0,1.0,2.0,2.0,1.0,2.0,1.0,2.0,2.0,2.0,2.0,2.0,2.0,1.0,1.0,2.0,1.0,2.0,2.0,1.0,1.0,1.0,1.0,1.0,1.0,2.0,1.0,1.0,2.0,1.0,2.0,1.0,1.0,1.0,1.0,1.0,1.0,2.0,1.0,1.0
543,4,5,5,3,4,5,5,4,2,2,,30.0,,2.0,,,,5.0,4.0,2.0,,6.0,,,1.0,,2.0,,,,,,,2.0,5.0,5.0,15.0,,1.0,,,4.0,,1.0,,5.0,,1.0,1.0,1.0,1.0,1.0,1.0,1.0,1.0,1.0,1.0,,,,,,,6,3,3,3,3,5,6,6,4,2.0,70.0,75.0,80.0,55.0,65.0,80.0,75.0,60.0,40.0,45.0,1.0,2.0,2.0,2.0,1.0,1.0,1.0,1.0,1.0,2.0,1.0,1.0,1.0,2.0,1.0,1.0,2.0,1.0,1.0,1.0,2.0,1.0,1.0,2.0,1.0,1.0,1.0,1.0,1.0,2.0,1.0,1.0,2.0,1.0,1.0,1.0,2.0,2.0,1.0,1.0
900,4,4,4,5,5,5,5,4,2,2,,30.0,,2.0,3.0,4.0,5.0,,,,6.0,,,,2.0,1.0,,,,,,,,3.0,4.0,5.0,,15.0,1.0,,,,3.0,,1.0,,4.0,1.0,1.0,1.0,1.0,1.0,1.0,1.0,1.0,1.0,1.0,,,,,,,6,3,4,3,3,5,6,5,3,2.0,60.0,55.0,58.0,65.0,70.0,68.0,75.0,60.0,40.0,45.0,2.0,1.0,1.0,2.0,2.0,2.0,1.0,2.0,1.0,1.0,1.0,1.0,1.0,1.0,2.0,2.0,2.0,2.0,1.0,2.0,2.0,1.0,2.0,2.0,2.0,2.0,2.0,1.0,1.0,1.0,1.0,1.0,2.0,2.0,1.0,1.0,2.0,2.0,1.0,1.0
873,2,3,3,1,3,3,3,2,1,2,70.0,,2.0,,,,,5.0,4.0,2.0,,6.0,,,1.0,1.0,,2.0,4.0,5.0,,,,,,,,15.0,1.0,,,4.0,,,1.0,5.0,,1.0,1.0,1.0,1.0,1.0,1.0,1.0,1.0,1.0,1.0,,,,,,,6,3,2,2,3,5,6,6,3,2.0,30.0,40.0,40.0,20.0,40.0,40.0,40.0,30.0,20.0,30.0,1.0,1.0,2.0,2.0,1.0,1.0,1.0,1.0,2.0,1.0,1.0,1.0,1.0,1.0,1.0,1.0,2.0,1.0,2.0,1.0,1.0,1.0,2.0,1.0,1.0,1.0,2.0,1.0,2.0,1.0,1.0,2.0,2.0,2.0,2.0,1.0,2.0,1.0,1.0,2.0
588,5,5,5,5,5,5,5,4,2,2,,30.0,5.0,,5.0,4.0,2.0,,,,,6.0,,,1.0,,2.0,2.0,5.0,5.0,,,,,,,,15.0,,1.0,,3.0,,1.0,,,5.0,,,,,,,,,,,1.0,1.0,1.0,1.0,1.0,1.0,7,3,3,3,3,5,6,6,4,2.0,75.0,75.0,80.0,80.0,80.0,80.0,75.0,65.0,40.0,40.0,1.0,2.0,2.0,2.0,2.0,2.0,1.0,1.0,1.0,1.0,1.0,2.0,1.0,1.0,1.0,1.0,2.0,2.0,1.0,2.0,2.0,1.0,1.0,1.0,1.0,1.0,2.0,1.0,1.0,1.0,1.0,1.0,1.0,1.0,1.0,2.0,1.0,1.0,1.0,2.0
172,3,3,3,3,3,3,4,3,2,2,,30.0,3.0,,3.0,4.0,5.0,,,,6.0,,,,2.0,1.0,,,,,,,,3.0,4.0,5.0,,18.0,1.0,,,,2.0,1.0,,,4.0,1.0,1.0,1.0,1.0,1.0,1.0,1.0,1.0,1.0,1.0,,,,,,,6,3,4,4,3,5,6,6,3,2.0,50.0,50.0,50.0,50.0,50.0,50.0,60.0,50.0,40.0,40.0,1.0,1.0,1.0,1.0,2.0,2.0,2.0,2.0,1.0,1.0,1.0,1.0,1.0,2.0,2.0,2.0,2.0,1.0,2.0,2.0,2.0,2.0,1.0,2.0,2.0,1.0,2.0,2.0,2.0,1.0,2.0,2.0,1.0,1.0,1.0,2.0,2.0,2.0,2.0,1.0
394,5,5,5,5,5,5,5,5,1,2,70.0,,,1.0,,,,3.0,5.0,2.0,,6.0,,,2.0,1.0,,1.0,5.0,6.0,,,,,,,5.0,,,2.0,,6.0,,1.0,,5.0,,,,,,,,,,,,1.0,1.0,1.0,1.0,1.0,1.0,6,3,4,3,2,5,6,5,4,2.0,60.0,55.0,60.0,65.0,70.0,65.0,75.0,60.0,40.0,45.0,2.0,1.0,2.0,1.0,2.0,1.0,1.0,2.0,1.0,1.0,2.0,1.0,2.0,2.0,2.0,1.0,1.0,2.0,1.0,1.0,1.0,1.0,2.0,1.0,1.0,1.0,2.0,2.0,2.0,2.0,1.0,1.0,1.0,2.0,2.0,2.0,2.0,2.0,1.0,2.0
24,1,2,2,1,2,1,2,1,4,4,70.0,,,1.0,2.0,3.0,6.0,,,,6.0,,,,2.0,,2.0,,,,2.0,2.0,2.0,,,,20.0,,2.0,,,,1.0,1.0,,2.0,,,,,,,,,,,,1.0,1.0,1.0,1.0,1.0,1.0,6,3,4,3,2,5,6,5,2,1.0,40.0,35.0,35.0,30.0,35.0,30.0,35.0,30.0,50.0,50.0,2.0,2.0,1.0,2.0,1.0,1.0,2.0,1.0,2.0,2.0,1.0,1.0,2.0,2.0,2.0,1.0,2.0,1.0,2.0,1.0,1.0,2.0,1.0,2.0,1.0,1.0,1.0,1.0,2.0,1.0,2.0,2.0,1.0,1.0,2.0,1.0,2.0,1.0,1.0,2.0
226,3,3,3,3,3,3,4,3,4,3,70.0,,,2.0,,,,3.0,5.0,4.0,,6.0,,,2.0,1.0,,2.0,4.0,5.0,,,,,,,18.0,,1.0,,,6.0,,,1.0,,4.0,,,,,,,,,,,1.0,1.0,1.0,1.0,1.0,1.0,6,3,4,4,3,5,6,6,3,2.0,50.0,45.0,48.0,55.0,55.0,50.0,60.0,45.0,40.0,42.0,2.0,2.0,1.0,2.0,2.0,1.0,2.0,2.0,2.0,1.0,2.0,2.0,2.0,1.0,1.0,2.0,1.0,2.0,1.0,1.0,2.0,1.0,1.0,1.0,1.0,1.0,2.0,2.0,1.0,2.0,2.0,1.0,1.0,1.0,1.0,1.0,1.0,1.0,1.0,2.0
355,3,4,4,4,4,4,4,4,2,3,,30.0,3.0,,,,,3.0,5.0,4.0,,6.0,1.0,30.0,,1.0,,,,,3.0,4.0,4.0,,,,18.0,,1.0,,,,2.0,1.0,,4.0,,1.0,1.0,1.0,1.0,1.0,1.0,1.0,1.0,1.0,1.0,,,,,,,6,3,4,3,3,5,6,5,3,2.0,50.0,55.0,55.0,60.0,60.0,60.0,65.0,55.0,40.0,45.0,1.0,2.0,1.0,2.0,2.0,2.0,1.0,1.0,1.0,1.0,2.0,2.0,2.0,1.0,1.0,2.0,2.0,2.0,2.0,1.0,1.0,1.0,1.0,2.0,1.0,2.0,2.0,2.0,1.0,1.0,2.0,2.0,1.0,2.0,2.0,2.0,1.0,2.0,1.0,1.0
549,5,5,5,5,5,5,5,5,1,2,70.0,,5.0,,3.0,4.0,6.0,,,,6.0,,,,2.0,,2.0,2.0,5.0,6.0,,,,,,,18.0,,,2.0,,,3.0,,1.0,5.0,,1.0,1.0,1.0,1.0,1.0,1.0,1.0,1.0,1.0,1.0,,,,,,,6,3,4,4,3,5,6,6,3,2.0,60.0,55.0,58.0,65.0,68.0,62.0,70.0,60.0,35.0,40.0,2.0,1.0,2.0,1.0,2.0,2.0,1.0,1.0,2.0,1.0,2.0,2.0,1.0,1.0,2.0,1.0,2.0,2.0,2.0,1.0,1.0,1.0,1.0,1.0,2.0,1.0,2.0,1.0,1.0,2.0,2.0,1.0,1.0,2.0,1.0,2.0,1.0,1.0,1.0,1.0
51,4,4,4,2,3,4,4,3,2,3,40.0,,,2.0,5.0,4.0,2.0,,,,,6.0,1.0,54.0,,,2.0,,,,,,,2.0,4.0,5.0,15.0,,,1.0,,,3.0,,1.0,5.0,,1.0,1.0,1.0,1.0,1.0,1.0,1.0,1.0,1.0,1.0,,,,,,,6,3,3,3,3,5,6,6,3,2.0,65.0,60.0,60.0,40.0,50.0,60.0,60.0,50.0,40.0,50.0,2.0,1.0,1.0,2.0,1.0,1.0,2.0,1.0,1.0,1.0,2.0,1.0,1.0,1.0,1.0,1.0,1.0,1.0,2.0,1.0,2.0,1.0,1.0,1.0,2.0,1.0,1.0,1.0,1.0,1.0,1.0,1.0,1.0,2.0,1.0,1.0,1.0,1.0,1.0,1.0
253,5,5,5,5,5,5,5,5,1,1,70.0,,6.0,,,,,5.0,4.0,2.0,6.0,,1.0,54.0,,,2.0,,,,,,,2.0,5.0,5.0,15.0,,,1.0,4.0,,,1.0,,5.0,,,,,,,,,,,,1.0,1.0,1.0,1.0,1.0,1.0,7,3,2,3,2,5,6,6,4,2.0,80.0,80.0,85.0,85.0,85.0,85.0,85.0,80.0,20.0,20.0,1.0,2.0,1.0,2.0,1.0,2.0,2.0,1.0,1.0,2.0,1.0,1.0,1.0,2.0,1.0,1.0,1.0,1.0,1.0,2.0,1.0,1.0,2.0,1.0,1.0,2.0,1.0,1.0,2.0,1.0,1.0,1.0,1.0,1.0,1.0,1.0,1.0,1.0,1.0,1.0
320,5,5,5,5,5,5,5,5,1,2,,30.0,,1.0,,,,3.0,5.0,2.0,,6.0,1.0,54.0,,,2.0,,,,,,,4.0,5.0,6.0,0.0,,,2.0,,,1.0,,1.0,,5.0,,,,,,,,,,,1.0,1.0,1.0,1.0,1.0,1.0,6,3,4,3,3,5,6,6,4,2.0,60.0,55.0,58.0,65.0,70.0,62.0,75.0,68.0,40.0,45.0,2.0,2.0,2.0,2.0,2.0,2.0,2.0,2.0,1.0,1.0,2.0,2.0,1.0,1.0,2.0,1.0,2.0,2.0,2.0,2.0,2.0,1.0,2.0,2.0,2.0,2.0,2.0,2.0,2.0,2.0,2.0,2.0,2.0,2.0,2.0,2.0,2.0,2.0,2.0,2.0
975,5,5,5,4,4,5,5,5,2,2,,30.0,5.0,,5.0,4.0,2.0,,,,,6.0,1.0,54.0,,,2.0,3.0,5.0,5.0,,,,,,,15.0,,1.0,,,4.0,,1.0,,5.0,,1.0,1.0,1.0,1.0,1.0,1.0,1.0,1.0,1.0,1.0,,,,,,,7,3,2,3,3,5,6,6,4,2.0,75.0,70.0,80.0,65.0,65.0,75.0,70.0,70.0,40.0,40.0,1.0,2.0,1.0,1.0,2.0,1.0,2.0,2.0,1.0,1.0,2.0,2.0,2.0,1.0,1.0,2.0,1.0,1.0,1.0,1.0,1.0,2.0,1.0,1.0,1.0,1.0,2.0,1.0,2.0,2.0,2.0,1.0,1.0,1.0,1.0,2.0,1.0,1.0,1.0,2.0
90,5,5,5,5,5,5,5,5,2,2,,30.0,6.0,,5.0,4.0,2.0,,,,6.0,,,,1.0,,2.0,2.0,5.0,5.0,,,,,,,,15.0,,1.0,,4.0,,1.0,,,5.0,,,,,,,,,,,1.0,1.0,1.0,1.0,1.0,1.0,6,3,3,3,3,5,6,6,4,2.0,80.0,75.0,85.0,80.0,75.0,80.0,85.0,70.0,40.0,45.0,1.0,2.0,1.0,1.0,1.0,1.0,1.0,2.0,1.0,1.0,1.0,1.0,1.0,1.0,2.0,1.0,2.0,1.0,1.0,1.0,1.0,2.0,2.0,1.0,1.0,1.0,1.0,1.0,2.0,1.0,1.0,1.0,1.0,1.0,1.0,1.0,1.0,1.0,1.0,2.0
806,5,5,5,5,5,5,5,5,1,2,,30.0,4.0,,3.0,4.0,5.0,,,,,6.0,1.0,54.0,,1.0,,,,,3.0,5.0,6.0,,,,,10.0,1.0,,,6.0,,,1.0,5.0,,,,,,,,,,,,1.0,1.0,1.0,1.0,1.0,1.0,6,3,4,4,3,5,6,6,4,2.0,60.0,55.0,60.0,65.0,70.0,60.0,75.0,65.0,35.0,40.0,1.0,2.0,2.0,2.0,2.0,2.0,2.0,2.0,1.0,2.0,1.0,1.0,2.0,2.0,1.0,1.0,1.0,1.0,2.0,1.0,2.0,2.0,2.0,1.0,1.0,1.0,2.0,2.0,1.0,1.0,2.0,1.0,2.0,2.0,1.0,2.0,2.0,2.0,1.0,1.0
292,5,5,5,5,5,5,5,5,2,2,70.0,,5.0,,,,,5.0,4.0,2.0,,6.0,,,1.0,1.0,,,,,,,,3.0,5.0,5.0,15.0,,1.0,,,,3.0,1.0,,5.0,,1.0,1.0,1.0,1.0,1.0,1.0,1.0,1.0,1.0,1.0,,,,,,,6,3,2,2,3,5,6,6,4,2.0,80.0,80.0,85.0,85.0,85.0,85.0,85.0,80.0,30.0,30.0,2.0,1.0,1.0,1.0,1.0,1.0,2.0,1.0,1.0,2.0,1.0,1.0,1.0,2.0,1.0,1.0,1.0,1.0,1.0,1.0,1.0,1.0,1.0,1.0,1.0,2.0,1.0,1.0,1.0,2.0,1.0,2.0,1.0,1.0,1.0,1.0,1.0,2.0,2.0,1.0
668,2,2,2,2,2,2,4,2,4,4,,30.0,,2.0,3.0,4.0,5.0,,,,,5.0,,,2.0,,2.0,2.0,4.0,4.0,,,,,,,,18.0,,2.0,,,2.0,1.0,,4.0,,,,,,,,,,,,1.0,1.0,1.0,1.0,1.0,1.0,6,3,4,4,3,5,6,6,3,2.0,45.0,40.0,40.0,50.0,55.0,45.0,60.0,50.0,55.0,50.0,1.0,1.0,2.0,2.0,2.0,1.0,1.0,2.0,1.0,1.0,2.0,1.0,1.0,1.0,2.0,1.0,1.0,1.0,2.0,1.0,2.0,1.0,2.0,1.0,1.0,1.0,2.0,1.0,2.0,2.0,1.0,2.0,2.0,1.0,1.0,1.0,2.0,2.0,1.0,2.0
107,1,2,2,1,2,2,2,1,1,1,,30.0,2.0,,,,,5.0,4.0,2.0,6.0,,1.0,54.0,,1.0,,,,,2.0,4.0,3.0,,,,,15.0,1.0,,4.0,,,,1.0,5.0,,,,,,,,,,,,1.0,1.0,1.0,1.0,1.0,1.0,6,2,2,2,3,5,6,6,3,2.0,20.0,30.0,30.0,15.0,25.0,25.0,25.0,15.0,15.0,15.0,1.0,2.0,2.0,1.0,2.0,1.0,1.0,1.0,2.0,1.0,2.0,2.0,1.0,1.0,2.0,1.0,2.0,2.0,1.0,1.0,2.0,1.0,1.0,1.0,1.0,1.0,1.0,2.0,1.0,1.0,2.0,1.0,2.0,2.0,1.0,1.0,2.0,2.0,2.0,2.0
60,2,3,3,1,2,3,4,2,1,1,,30.0,,2.0,5.0,4.0,2.0,,,,6.0,,,,1.0,,2.0,,,,2.0,5.0,5.0,,,,,15.0,1.0,,,,3.0,1.0,,,5.0,,,,,,,,,,,1.0,1.0,1.0,1.0,1.0,1.0,7,3,2,3,2,5,6,6,4,2.0,30.0,40.0,40.0,20.0,30.0,40.0,50.0,30.0,20.0,20.0,1.0,2.0,1.0,2.0,1.0,1.0,2.0,2.0,2.0,1.0,2.0,1.0,1.0,1.0,2.0,1.0,1.0,1.0,1.0,2.0,1.0,2.0,1.0,1.0,1.0,1.0,2.0,1.0,1.0,1.0,2.0,1.0,1.0,1.0,1.0,1.0,2.0,1.0,2.0,1.0
985,4,4,4,4,4,4,4,4,2,2,70.0,,4.0,,,,,3.0,5.0,2.0,,6.0,1.0,54.0,,,2.0,,,,3.0,4.0,5.0,,,,18.0,,1.0,,,6.0,,,1.0,5.0,,,,,,,,,,,,1.0,1.0,1.0,1.0,1.0,1.0,6,3,4,4,3,5,6,6,3,2.0,55.0,50.0,52.0,60.0,62.0,58.0,65.0,54.0,40.0,38.0,1.0,2.0,2.0,1.0,2.0,1.0,2.0,2.0,2.0,1.0,2.0,1.0,2.0,2.0,1.0,1.0,2.0,1.0,2.0,2.0,1.0,2.0,1.0,2.0,2.0,1.0,1.0,1.0,2.0,1.0,2.0,1.0,2.0,2.0,2.0,1.0,1.0,1.0,1.0,1.0
262,2,3,3,1,2,3,3,1,2,2,,30.0,2.0,,5.0,4.0,2.0,,,,6.0,,1.0,54.0,,,2.0,,,,2.0,5.0,5.0,,,,,15.0,1.0,,4.0,,,1.0,,,5.0,1.0,1.0,1.0,1.0,1.0,1.0,1.0,1.0,1.0,1.0,,,,,,,6,3,2,2,3,5,6,6,4,2.0,40.0,50.0,50.0,25.0,30.0,50.0,50.0,25.0,30.0,30.0,1.0,1.0,1.0,2.0,1.0,2.0,1.0,1.0,2.0,1.0,1.0,1.0,1.0,1.0,1.0,1.0,1.0,1.0,1.0,1.0,1.0,1.0,1.0,1.0,1.0,1.0,1.0,1.0,1.0,1.0,1.0,1.0,1.0,1.0,1.0,1.0,1.0,2.0,1.0,1.0
698,5,5,5,5,5,5,5,5,2,2,,30.0,5.0,,,,,5.0,4.0,2.0,6.0,,,,1.0,1.0,,,,,2.0,5.0,5.0,,,,,15.0,1.0,,,3.0,,,1.0,,5.0,1.0,1.0,1.0,1.0,1.0,1.0,1.0,1.0,1.0,1.0,,,,,,,6,3,2,3,3,5,6,6,4,2.0,75.0,75.0,80.0,80.0,80.0,80.0,80.0,75.0,40.0,40.0,2.0,1.0,1.0,1.0,2.0,1.0,1.0,2.0,1.0,1.0,2.0,1.0,1.0,1.0,1.0,1.0,1.0,2.0,2.0,1.0,1.0,1.0,1.0,1.0,1.0,2.0,2.0,1.0,2.0,1.0,1.0,1.0,2.0,1.0,1.0,1.0,1.0,1.0,1.0,2.0
311,4,4,4,4,4,4,5,4,2,2,70.0,,3.0,,,,,3.0,4.0,2.0,,6.0,1.0,54.0,,,2.0,2.0,4.0,5.0,,,,,,,,15.0,1.0,,,,3.0,1.0,,,4.0,1.0,1.0,1.0,1.0,1.0,1.0,1.0,1.0,1.0,1.0,,,,,,,6,3,4,4,2,5,6,6,3,2.0,55.0,50.0,52.0,60.0,62.0,58.0,65.0,54.0,40.0,38.0,2.0,1.0,1.0,1.0,1.0,1.0,2.0,2.0,2.0,1.0,1.0,1.0,1.0,1.0,2.0,2.0,1.0,2.0,2.0,2.0,2.0,1.0,2.0,1.0,2.0,2.0,2.0,1.0,2.0,1.0,2.0,1.0,1.0,1.0,2.0,2.0,2.0,2.0,1.0,2.0
944,3,3,3,3,4,3,4,3,2,2,70.0,,,2.0,,,,3.0,4.0,3.0,,5.0,,,2.0,1.0,,,,,,,,2.0,4.0,4.0,,20.0,1.0,,3.0,,,1.0,,4.0,,1.0,1.0,1.0,1.0,1.0,1.0,1.0,1.0,1.0,1.0,,,,,,,6,3,4,4,3,5,6,6,3,2.0,50.0,45.0,50.0,55.0,60.0,55.0,65.0,50.0,40.0,40.0,2.0,1.0,2.0,2.0,1.0,2.0,2.0,2.0,2.0,2.0,2.0,2.0,2.0,1.0,2.0,2.0,1.0,2.0,2.0,2.0,1.0,2.0,1.0,2.0,2.0,2.0,2.0,2.0,2.0,2.0,2.0,2.0,1.0,2.0,2.0,2.0,2.0,2.0,1.0,1.0
837,5,5,5,5,5,5,5,5,1,1,,30.0,5.0,,4.0,3.0,2.0,,,,6.0,,1.0,54.0,,,2.0,,,,2.0,5.0,5.0,,,,15.0,,1.0,,,4.0,,1.0,,,5.0,1.0,1.0,1.0,1.0,1.0,1.0,1.0,1.0,1.0,1.0,,,,,,,7,3,2,2,3,5,6,6,4,2.0,75.0,70.0,80.0,85.0,80.0,75.0,80.0,65.0,30.0,25.0,2.0,1.0,2.0,1.0,2.0,1.0,2.0,1.0,2.0,2.0,1.0,1.0,1.0,1.0,1.0,2.0,1.0,2.0,1.0,1.0,1.0,2.0,1.0,1.0,2.0,1.0,2.0,1.0,1.0,1.0,2.0,1.0,1.0,1.0,1.0,2.0,1.0,1.0,1.0,1.0
659,3,3,3,3,4,3,4,3,2,2,,30.0,,2.0,3.0,4.0,6.0,,,,,6.0,,,2.0,,2.0,,,,,,,3.0,4.0,5.0,20.0,,1.0,,,6.0,,1.0,,4.0,,,,,,,,,,,,1.0,1.0,1.0,1.0,1.0,1.0,6,3,4,4,3,5,6,6,3,2.0,45.0,40.0,40.0,50.0,55.0,50.0,60.0,45.0,35.0,35.0,1.0,2.0,2.0,1.0,2.0,1.0,2.0,2.0,2.0,1.0,1.0,2.0,1.0,1.0,1.0,2.0,2.0,1.0,2.0,2.0,2.0,1.0,2.0,1.0,1.0,1.0,1.0,1.0,2.0,1.0,1.0,1.0,1.0,1.0,2.0,2.0,1.0,1.0,1.0,1.0
136,3,3,3,2,3,2,4,2,4,2,70.0,,3.0,,,,,3.0,4.0,2.0,6.0,,1.0,54.0,,,2.0,,,,,,,3.0,4.0,5.0,18.0,,1.0,,,6.0,,1.0,,,4.0,1.0,1.0,1.0,1.0,1.0,1.0,1.0,1.0,1.0,1.0,,,,,,,6,3,4,4,3,5,6,6,3,2.0,45.0,40.0,42.0,48.0,50.0,38.0,55.0,41.0,44.0,40.0,1.0,2.0,2.0,2.0,2.0,1.0,2.0,1.0,1.0,1.0,1.0,2.0,1.0,2.0,1.0,2.0,2.0,1.0,2.0,2.0,1.0,1.0,1.0,1.0,2.0,2.0,1.0,2.0,1.0,2.0,2.0,1.0,1.0,2.0,1.0,2.0,1.0,1.0,2.0,1.0
931,3,3,4,3,4,4,4,3,2,2,,30.0,2.0,,,,,5.0,4.0,2.0,6.0,,,,1.0,,2.0,,,,2.0,4.0,5.0,,,,10.0,,,1.0,4.0,,,,1.0,,5.0,,,,,,,,,,,1.0,1.0,1.0,1.0,1.0,1.0,6,3,2,3,3,5,6,6,4,2.0,50.0,50.0,60.0,50.0,60.0,60.0,60.0,50.0,40.0,40.0,2.0,1.0,2.0,1.0,1.0,2.0,2.0,1.0,2.0,1.0,1.0,2.0,1.0,1.0,1.0,2.0,2.0,1.0,2.0,1.0,1.0,2.0,2.0,2.0,1.0,1.0,1.0,1.0,1.0,1.0,1.0,2.0,1.0,1.0,1.0,1.0,1.0,1.0,2.0,2.0
842,4,4,4,4,4,4,4,4,2,2,70.0,,,2.0,,,,3.0,4.0,2.0,,6.0,1.0,54.0,,,2.0,2.0,4.0,5.0,,,,,,,18.0,,1.0,,4.0,,,1.0,,4.0,,,,,,,,,,,,1.0,1.0,1.0,1.0,1.0,1.0,6,3,4,3,2,5,6,5,3,2.0,55.0,50.0,52.0,60.0,65.0,58.0,70.0,60.0,40.0,38.0,2.0,2.0,1.0,2.0,2.0,1.0,2.0,1.0,2.0,1.0,1.0,1.0,2.0,1.0,2.0,2.0,1.0,1.0,2.0,2.0,2.0,2.0,2.0,1.0,1.0,2.0,2.0,2.0,1.0,2.0,1.0,1.0,1.0,2.0,2.0,2.0,2.0,1.0,2.0,2.0
143,5,5,5,5,5,5,5,5,1,2,70.0,,3.0,,3.0,4.0,6.0,,,,,6.0,1.0,40.0,,1.0,,2.0,4.0,5.0,,,,,,,,18.0,1.0,,,6.0,,,1.0,,5.0,1.0,1.0,1.0,1.0,1.0,1.0,1.0,1.0,1.0,1.0,,,,,,,6,3,4,4,3,5,6,6,4,2.0,60.0,55.0,50.0,65.0,60.0,60.0,70.0,55.0,35.0,40.0,2.0,2.0,1.0,2.0,1.0,1.0,2.0,2.0,2.0,1.0,1.0,2.0,1.0,2.0,2.0,2.0,1.0,1.0,2.0,1.0,2.0,2.0,1.0,2.0,2.0,1.0,2.0,2.0,2.0,1.0,1.0,2.0,2.0,1.0,2.0,2.0,1.0,2.0,1.0,2.0
15,5,5,5,3,4,5,5,4,2,2,70.0,,2.0,,5.0,4.0,3.0,,,,6.0,,,,1.0,,2.0,,,,,,,3.0,5.0,5.0,,15.0,,1.0,4.0,,,,1.0,,5.0,1.0,1.0,1.0,1.0,1.0,1.0,1.0,1.0,1.0,1.0,,,,,,,7,3,3,3,3,5,6,6,4,2.0,75.0,70.0,75.0,50.0,60.0,70.0,70.0,60.0,40.0,40.0,2.0,1.0,1.0,2.0,1.0,1.0,2.0,2.0,2.0,1.0,1.0,1.0,1.0,2.0,1.0,1.0,1.0,1.0,2.0,1.0,1.0,1.0,2.0,2.0,1.0,1.0,1.0,1.0,2.0,1.0,1.0,1.0,1.0,1.0,1.0,1.0,2.0,1.0,2.0,1.0
883,4,4,4,4,4,4,5,4,2,3,70.0,,,2.0,,,,3.0,4.0,2.0,6.0,,1.0,54.0,,1.0,,3.0,4.0,5.0,,,,,,,15.0,,,2.0,,,3.0,,1.0,4.0,,1.0,1.0,1.0,1.0,1.0,1.0,1.0,1.0,1.0,1.0,,,,,,,6,3,4,4,2,5,6,5,3,2.0,55.0,50.0,52.0,60.0,62.0,58.0,65.0,54.0,40.0,45.0,2.0,1.0,2.0,2.0,1.0,1.0,1.0,1.0,1.0,2.0,1.0,2.0,1.0,2.0,1.0,2.0,1.0,1.0,2.0,2.0,1.0,2.0,2.0,2.0,2.0,1.0,2.0,1.0,1.0,1.0,1.0,2.0,2.0,2.0,1.0,1.0,1.0,2.0,2.0,1.0
217,1,2,2,1,2,2,3,1,4,4,70.0,,2.0,,3.0,4.0,5.0,,,,6.0,,,,2.0,1.0,,,,,,,,2.0,4.0,5.0,5.0,,1.0,,4.0,,,1.0,,3.0,,1.0,1.0,1.0,1.0,1.0,1.0,1.0,1.0,1.0,1.0,,,,,,,6,3,4,4,3,5,6,5,3,2.0,45.0,40.0,40.0,50.0,55.0,45.0,60.0,40.0,50.0,50.0,2.0,2.0,2.0,2.0,1.0,1.0,1.0,1.0,1.0,1.0,2.0,2.0,1.0,1.0,2.0,1.0,2.0,1.0,1.0,2.0,1.0,1.0,2.0,1.0,1.0,1.0,1.0,2.0,1.0,1.0,2.0,1.0,1.0,1.0,1.0,2.0,2.0,1.0,2.0,1.0
364,5,5,5,5,5,5,5,5,2,2,70.0,,5.0,,5.0,4.0,2.0,,,,6.0,,,,1.0,1.0,,,,,,,,2.0,5.0,5.0,,15.0,1.0,,6.0,,,,1.0,,5.0,,,,,,,,,,,1.0,1.0,1.0,1.0,1.0,1.0,7,3,3,3,3,5,6,6,4,2.0,80.0,80.0,85.0,85.0,85.0,85.0,85.0,80.0,40.0,40.0,1.0,1.0,1.0,2.0,1.0,2.0,1.0,1.0,1.0,1.0,2.0,1.0,1.0,1.0,1.0,1.0,1.0,1.0,1.0,1.0,1.0,1.0,1.0,1.0,1.0,2.0,1.0,1.0,1.0,2.0,1.0,1.0,1.0,1.0,1.0,1.0,1.0,1.0,1.0,1.0
578,5,5,5,5,5,5,5,5,1,1,,30.0,,2.0,3.0,4.0,6.0,,,,,6.0,,,2.0,1.0,,,,,4.0,5.0,6.0,,,,5.0,,,2.0,,,2.0,,1.0,,6.0,,,,,,,,,,,1.0,1.0,1.0,1.0,1.0,1.0,6,3,4,3,2,5,6,6,4,2.0,60.0,55.0,60.0,65.0,70.0,60.0,75.0,60.0,40.0,35.0,2.0,2.0,2.0,2.0,2.0,2.0,2.0,2.0,2.0,2.0,2.0,1.0,1.0,2.0,2.0,2.0,2.0,2.0,2.0,2.0,2.0,1.0,2.0,2.0,1.0,1.0,2.0,2.0,2.0,1.0,1.0,2.0,2.0,2.0,1.0,1.0,2.0,2.0,1.0,1.0
182,5,5,5,2,4,5,5,4,2,2,,30.0,2.0,,5.0,4.0,2.0,,,,,6.0,,,1.0,1.0,,,,,,,,2.0,5.0,5.0,15.0,,1.0,,,4.0,,1.0,,,5.0,1.0,1.0,1.0,1.0,1.0,1.0,1.0,1.0,1.0,1.0,,,,,,,7,3,2,3,3,5,6,6,4,2.0,75.0,70.0,80.0,40.0,60.0,75.0,75.0,60.0,40.0,40.0,2.0,1.0,2.0,2.0,1.0,1.0,1.0,2.0,1.0,1.0,1.0,1.0,2.0,1.0,1.0,2.0,1.0,2.0,2.0,1.0,1.0,1.0,1.0,1.0,1.0,2.0,2.0,1.0,1.0,1.0,1.0,1.0,1.0,1.0,1.0,2.0,1.0,1.0,1.0,2.0
149,5,5,5,5,5,5,5,5,1,2,70.0,,4.0,,,,,3.0,5.0,2.0,6.0,,1.0,54.0,,,2.0,2.0,4.0,5.0,,,,,,,16.0,,,2.0,,,2.0,1.0,,5.0,,,,,,,,,,,,1.0,1.0,1.0,1.0,1.0,1.0,6,3,4,3,2,5,6,6,3,2.0,60.0,55.0,58.0,65.0,68.0,62.0,70.0,60.0,35.0,40.0,2.0,2.0,2.0,1.0,1.0,1.0,2.0,1.0,2.0,2.0,2.0,1.0,1.0,2.0,2.0,1.0,2.0,1.0,1.0,2.0,1.0,1.0,1.0,1.0,2.0,2.0,2.0,1.0,1.0,2.0,1.0,2.0,2.0,2.0,2.0,1.0,2.0,2.0,1.0,1.0
626,5,4,5,5,5,5,5,5,2,3,70.0,,5.0,,,,,5.0,4.0,2.0,,6.0,1.0,54.0,,,2.0,,,,,,,2.0,5.0,5.0,,12.0,,1.0,,,3.0,,1.0,,5.0,1.0,1.0,1.0,1.0,1.0,1.0,1.0,1.0,1.0,1.0,,,,,,,6,3,3,3,3,5,6,6,4,2.0,75.0,70.0,75.0,75.0,75.0,75.0,75.0,75.0,40.0,50.0,2.0,1.0,2.0,1.0,1.0,1.0,2.0,2.0,2.0,1.0,1.0,1.0,2.0,1.0,1.0,1.0,1.0,1.0,1.0,1.0,2.0,1.0,1.0,1.0,1.0,1.0,1.0,1.0,1.0,2.0,1.0,1.0,1.0,1.0,1.0,1.0,2.0,1.0,2.0,1.0
755,4,4,4,4,4,4,5,4,2,2,,30.0,,2.0,3.0,4.0,5.0,,,,,,1.0,54.0,,1.0,,,,,3.0,4.0,5.0,,,,18.0,,,2.0,,,2.0,,1.0,4.0,,,,,,,,,,,,1.0,1.0,1.0,1.0,1.0,1.0,6,3,4,3,3,5,6,5,3,2.0,55.0,50.0,52.0,60.0,62.0,58.0,65.0,54.0,40.0,42.0,2.0,2.0,1.0,1.0,1.0,2.0,1.0,2.0,2.0,1.0,2.0,1.0,1.0,2.0,1.0,2.0,1.0,1.0,1.0,1.0,2.0,2.0,2.0,2.0,2.0,2.0,1.0,1.0,1.0,2.0,2.0,1.0,2.0,1.0,1.0,2.0,1.0,1.0,1.0,1.0
848,5,5,5,5,5,5,5,5,2,2,,30.0,5.0,,,,,5.0,4.0,2.0,,6.0,1.0,54.0,,,2.0,2.0,5.0,5.0,,,,,,,,15.0,1.0,,,,3.0,1.0,,5.0,,1.0,1.0,1.0,1.0,1.0,1.0,1.0,1.0,1.0,1.0,,,,,,,7,3,3,3,3,5,6,6,4,2.0,85.0,85.0,85.0,85.0,85.0,85.0,85.0,85.0,30.0,30.0,1.0,1.0,1.0,1.0,1.0,2.0,1.0,2.0,2.0,1.0,1.0,1.0,2.0,1.0,1.0,1.0,1.0,1.0,1.0,2.0,1.0,1.0,1.0,1.0,2.0,1.0,1.0,1.0,1.0,1.0,1.0,1.0,1.0,1.0,1.0,1.0,1.0,1.0,1.0,1.0
794,5,5,5,5,5,5,5,5,1,2,70.0,,,1.0,3.0,4.0,5.0,,,,6.0,,1.0,54.0,,,2.0,,,,,,,4.0,5.0,6.0,16.0,,1.0,,,6.0,,,1.0,5.0,,,,,,,,,,,,1.0,1.0,1.0,1.0,1.0,1.0,6,3,4,3,3,5,6,5,3,2.0,55.0,50.0,52.0,60.0,65.0,58.0,70.0,60.0,35.0,40.0,1.0,2.0,2.0,1.0,2.0,2.0,2.0,2.0,1.0,2.0,1.0,1.0,1.0,2.0,2.0,1.0,1.0,1.0,2.0,1.0,2.0,1.0,2.0,1.0,1.0,2.0,1.0,2.0,2.0,1.0,2.0,1.0,2.0,2.0,1.0,1.0,2.0,1.0,2.0,2.0
188,4,4,4,3,4,4,4,3,2,2,70.0,,2.0,,,,,5.0,4.0,2.0,,6.0,,,1.0,1.0,,,,,,,,2.0,4.0,5.0,,15.0,1.0,,,4.0,,,1.0,5.0,,,,,,,,,,,,1.0,1.0,1.0,1.0,1.0,1.0,6,3,3,3,3,5,6,6,4,2.0,65.0,60.0,60.0,50.0,60.0,60.0,60.0,50.0,40.0,40.0,2.0,2.0,1.0,2.0,1.0,2.0,1.0,2.0,2.0,1.0,1.0,1.0,1.0,1.0,1.0,1.0,1.0,1.0,1.0,2.0,1.0,1.0,1.0,2.0,1.0,2.0,1.0,2.0,1.0,1.0,1.0,1.0,2.0,2.0,1.0,1.0,1.0,1.0,2.0,1.0
401,4,4,4,3,4,5,5,3,2,2,,30.0,5.0,,,,,5.0,4.0,2.0,6.0,,1.0,54.0,,1.0,,2.0,4.0,4.0,,,,,,,,15.0,1.0,,,3.0,,,1.0,5.0,,,,,,,,,,,,1.0,1.0,1.0,1.0,1.0,1.0,6,3,2,3,3,5,6,6,3,2.0,65.0,60.0,60.0,50.0,60.0,70.0,70.0,50.0,40.0,40.0,1.0,1.0,2.0,2.0,1.0,1.0,2.0,1.0,1.0,1.0,2.0,1.0,1.0,1.0,1.0,2.0,2.0,1.0,1.0,1.0,1.0,2.0,1.0,2.0,1.0,2.0,2.0,2.0,2.0,2.0,1.0,1.0,1.0,2.0,1.0,1.0,1.0,1.0,2.0,1.0
572,2,2,2,2,2,2,4,2,4,4,,30.0,,2.0,,,,3.0,4.0,2.0,,6.0,1.0,54.0,,1.0,,,,,,,,4.0,4.0,5.0,16.0,,,2.0,,,3.0,,1.0,,4.0,1.0,1.0,1.0,1.0,1.0,1.0,1.0,1.0,1.0,1.0,,,,,,,6,3,5,4,3,5,6,5,3,2.0,40.0,38.0,35.0,45.0,50.0,42.0,60.0,38.0,55.0,53.0,2.0,1.0,2.0,1.0,2.0,1.0,2.0,1.0,1.0,2.0,2.0,1.0,1.0,1.0,2.0,1.0,2.0,1.0,1.0,2.0,1.0,1.0,1.0,1.0,2.0,1.0,1.0,1.0,2.0,2.0,1.0,2.0,1.0,2.0,1.0,1.0,2.0,1.0,1.0,1.0
889,5,5,5,4,4,5,5,4,1,1,,30.0,5.0,,,,,5.0,4.0,2.0,,6.0,1.0,54.0,,1.0,,,,,2.0,5.0,5.0,,,,,15.0,1.0,,4.0,,,,1.0,,5.0,1.0,1.0,1.0,1.0,1.0,1.0,1.0,1.0,1.0,1.0,,,,,,,7,3,3,3,3,5,6,6,4,2.0,85.0,80.0,85.0,70.0,70.0,85.0,80.0,70.0,20.0,20.0,2.0,1.0,1.0,2.0,2.0,1.0,2.0,2.0,1.0,2.0,2.0,2.0,1.0,1.0,1.0,1.0,1.0,1.0,1.0,1.0,1.0,1.0,2.0,1.0,1.0,2.0,1.0,1.0,1.0,1.0,1.0,1.0,2.0,1.0,1.0,1.0,1.0,1.0,1.0,1.0
474,4,4,4,2,3,4,4,3,2,2,,30.0,,2.0,,,,5.0,4.0,2.0,,6.0,1.0,54.0,,,2.0,,,,2.0,5.0,5.0,,,,,15.0,,1.0,4.0,,,1.0,,,5.0,,,,,,,,,,,1.0,1.0,1.0,1.0,1.0,1.0,6,3,3,3,3,5,6,6,4,2.0,70.0,65.0,65.0,40.0,50.0,65.0,65.0,50.0,40.0,40.0,2.0,1.0,2.0,1.0,1.0,1.0,1.0,1.0,1.0,2.0,1.0,2.0,1.0,1.0,1.0,2.0,1.0,2.0,1.0,1.0,2.0,1.0,1.0,2.0,2.0,1.0,1.0,1.0,1.0,1.0,1.0,2.0,1.0,1.0,1.0,1.0,1.0,1.0,2.0,1.0
507,2,3,2,2,3,2,4,2,4,2,70.0,,2.0,,3.0,4.0,5.0,,,,6.0,,1.0,54.0,,,2.0,,,,,,,2.0,4.0,5.0,18.0,,,2.0,,6.0,,1.0,,,4.0,,,,,,,,,,,1.0,1.0,1.0,1.0,1.0,1.0,6,3,5,4,3,5,6,5,3,2.0,45.0,40.0,42.0,50.0,55.0,48.0,60.0,40.0,35.0,38.0,1.0,1.0,2.0,2.0,2.0,1.0,1.0,2.0,1.0,1.0,1.0,1.0,1.0,2.0,2.0,2.0,1.0,2.0,2.0,2.0,2.0,2.0,2.0,1.0,2.0,2.0,1.0,2.0,1.0,1.0,2.0,1.0,1.0,1.0,1.0,2.0,2.0,1.0,2.0,1.0
692,2,3,3,1,2,3,4,2,4,3,,30.0,2.0,,,,,5.0,4.0,2.0,6.0,,,,1.0,,2.0,2.0,4.0,5.0,,,,,,,10.0,,1.0,,4.0,,,,1.0,5.0,,1.0,1.0,1.0,1.0,1.0,1.0,1.0,1.0,1.0,1.0,,,,,,,6,3,2,3,3,5,6,6,4,2.0,40.0,50.0,50.0,20.0,30.0,50.0,60.0,40.0,60.0,50.0,2.0,1.0,2.0,1.0,2.0,1.0,1.0,2.0,1.0,1.0,2.0,1.0,2.0,1.0,1.0,1.0,1.0,1.0,1.0,2.0,1.0,1.0,2.0,1.0,1.0,1.0,1.0,1.0,2.0,1.0,1.0,1.0,2.0,2.0,2.0,1.0,1.0,1.0,1.0,2.0
268,5,5,5,5,5,5,5,5,1,2,,30.0,,1.0,5.0,4.0,2.0,,,,6.0,,1.0,54.0,,1.0,,,,,2.0,5.0,5.0,,,,,10.0,,1.0,,,3.0,1.0,,5.0,,,,,,,,,,,,1.0,1.0,1.0,1.0,1.0,1.0,7,3,3,3,3,5,6,6,4,2.0,80.0,75.0,85.0,80.0,80.0,85.0,80.0,75.0,30.0,40.0,2.0,1.0,1.0,2.0,1.0,2.0,1.0,2.0,1.0,2.0,2.0,1.0,1.0,2.0,2.0,1.0,1.0,2.0,1.0,2.0,2.0,2.0,1.0,2.0,1.0,1.0,2.0,1.0,1.0,1.0,1.0,1.0,1.0,1.0,2.0,1.0,1.0,1.0,2.0,2.0
653,4,4,4,2,3,5,4,2,2,2,70.0,,,2.0,5.0,4.0,2.0,,,,,6.0,1.0,54.0,,1.0,,,,,2.0,4.0,5.0,,,,15.0,,1.0,,3.0,,,,1.0,,5.0,1.0,1.0,1.0,1.0,1.0,1.0,1.0,1.0,1.0,1.0,,,,,,,6,3,3,3,3,5,6,6,3,2.0,65.0,60.0,60.0,40.0,50.0,70.0,60.0,40.0,35.0,35.0,1.0,1.0,1.0,1.0,2.0,2.0,1.0,1.0,1.0,1.0,2.0,2.0,2.0,1.0,1.0,1.0,2.0,2.0,1.0,1.0,1.0,2.0,1.0,2.0,1.0,2.0,2.0,2.0,2.0,1.0,1.0,1.0,1.0,2.0,1.0,2.0,1.0,1.0,1.0,2.0
720,1,2,2,1,2,2,2,1,1,1,,30.0,2.0,,,,,5.0,4.0,2.0,,6.0,,,1.0,,2.0,,,,,,,2.0,4.0,5.0,,15.0,,1.0,,,3.0,,1.0,,5.0,1.0,1.0,1.0,1.0,1.0,1.0,1.0,1.0,1.0,1.0,,,,,,,6,3,2,2,3,5,6,6,4,2.0,20.0,30.0,30.0,15.0,25.0,25.0,30.0,15.0,10.0,10.0,2.0,1.0,2.0,1.0,1.0,2.0,1.0,2.0,2.0,1.0,2.0,2.0,2.0,1.0,1.0,1.0,1.0,2.0,1.0,2.0,2.0,1.0,1.0,1.0,2.0,1.0,1.0,2.0,2.0,1.0,1.0,1.0,1.0,1.0,1.0,2.0,1.0,2.0,2.0,1.0
