TWIN_ID,False Cons. self _1,False Cons. self _2,False Cons. self _3,False Cons. self _4,False Cons. self _5,False Cons. self _6,False Cons. self _7,False Cons. self _8,False Cons. self _9,False Cons. self _10,Q156_1,Form A _1,Q158,Q157,Q160_1,Q160_2,Q160_3,Q159_1,Q159_2,Q159_3,Q162,Q161,Q163,Q164,Q165,Q167,Q169,Q171,Q174,Q177,Q172,Q175,Q178,Q173,Q176,Q179,Q181,Q182,Q183,Q184,Q189,Q190,Q191,Q192,Q193,Q194,Q195,Q198_1,Q198_2,Q198_3,Q198_4,Q198_5,Q198_6,Q198_7,Q198_8,Q198_9,Q198_10,Q203_1,Q203_2,Q203_3,Q203_4,Q203_5,Q203_6,nonseparabilty bene _1,nonseparabilty bene _2,nonseparabilty bene _3,nonseparabilty bene _4,nonseparability ris _1,nonseparability ris _2,nonseparability ris _3,nonseparability ris _4,Omission bias ,Denominator neglect ,False cons. others _1,False cons. others _2,False cons. others _3,False cons. others _4,False cons. others _5,False cons. others _6,False cons. others _7,False cons. others _10,False cons. others _11,False cons. others _12,1_Q295,2_Q295,3_Q295,4_Q295,5_Q295,6_Q295,7_Q295,8_Q295,9_Q295,10_Q295,11_Q295,12_Q295,13_Q295,14_Q295,15_Q295,16_Q295,17_Q295,18_Q295,19_Q295,20_Q295,21_Q295,22_Q295,23_Q295,24_Q295,25_Q295,26_Q295,27_Q295,28_Q295,29_Q295,30_Q295,31_Q295,32_Q295,33_Q295,34_Q295,35_Q295,36_Q295,37_Q295,38_Q295,39_Q295,40_Q295
234,2,2,2,3,3,3,2,3,4,3,,30.0,3.0,,,,,5.0,4.0,2.0,,6.0,2.0,8.0,,,2.0,1.0,5.0,6.0,,,,,,,16.0,,1.0,,2.0,,,1.0,,,3.0,2.0,2.0,1.0,1.0,1.0,1.0,1.0,1.0,1.0,1.0,,,,,,,5,4,4,2,2,5,5,7,3,1,50.0,30.0,35.0,45.0,55.0,50.0,40.0,65.0,50.0,30.0,2,2,2,1,2,1,2,2,1,2,2,2,2,2,2,2,2,2,2,2,2,2,2,1,2,2,2,1,1,1,2,1,2,2,2,2,2,2,2,2
347,4,3,4,4,4,3,4,5,3,4,50.0,,,3.0,3.0,3.0,3.0,,,,6.0,,1.0,40.0,,1.0,,1.0,4.0,4.0,,,,,,,,10.0,2.0,,2.0,,,,1.0,4.0,,,,,,,,,,,,1.0,1.0,2.0,1.0,2.0,1.0,6,4,4,4,3,4,3,3,4,2,90.0,41.0,89.0,87.0,88.0,48.0,59.0,83.0,60.0,75.0,2,2,2,1,1,2,2,2,2,2,1,2,1,2,2,2,2,2,2,2,2,1,1,2,2,2,1,2,2,2,2,2,2,1,1,2,2,1,2,2
428,5,5,5,5,5,5,5,4,5,5,,30.0,,1.0,,,,1.0,1.0,1.0,,5.0,1.0,30.0,,2.0,,,,,5.0,5.0,5.0,,,,12.0,,1.0,,,,1.0,1.0,,,1.0,,,,,,,,,,,1.0,2.0,1.0,1.0,2.0,1.0,6,2,7,7,2,6,7,7,1,2,54.0,46.0,85.0,93.0,91.0,30.0,78.0,63.0,85.0,100.0,2,1,2,2,1,1,2,2,2,2,2,2,2,1,2,1,2,2,1,2,2,2,2,2,1,2,2,2,1,1,1,2,2,2,2,1,2,2,1,2
36,5,2,5,5,5,5,5,5,1,5,75.0,,3.0,,5.0,3.0,4.0,,,,,6.0,,,2.0,,1.0,1.0,5.0,6.0,,,,,,,,20.0,1.0,,,2.0,,1.0,,6.0,,1.0,1.0,1.0,1.0,1.0,1.0,1.0,1.0,1.0,1.0,,,,,,,5,1,2,2,6,7,7,7,4,1,79.0,50.0,100.0,89.0,78.0,83.0,93.0,95.0,5.0,77.0,1,2,1,1,2,1,2,1,1,2,1,1,1,1,2,2,2,2,2,1,2,2,2,2,2,2,2,2,2,2,1,1,2,1,2,2,2,2,2,2
2,5,3,5,5,4,5,5,5,1,3,,75.0,5.0,,3.0,3.0,4.0,,,,3.0,,1.0,24.0,,1.0,,4.0,2.0,4.0,,,,,,,,8.0,,2.0,,2.0,,1.0,,6.0,,1.0,1.0,1.0,1.0,1.0,1.0,1.0,1.0,1.0,1.0,,,,,,,6,4,2,2,2,5,6,7,3,1,45.0,45.0,45.0,70.0,70.0,40.0,45.0,60.0,33.0,55.0,2,2,1,2,1,1,1,2,1,2,1,2,1,2,2,2,2,2,2,2,2,1,2,1,2,1,2,2,1,2,1,2,2,2,2,2,2,1,2,2
160,2,4,4,2,4,1,4,3,5,3,90.0,,3.0,,,,,4.0,3.0,2.0,,6.0,1.0,45.0,,,2.0,1.0,5.0,5.0,,,,,,,,15.0,1.0,,4.0,,,2.0,,2.0,,1.0,1.0,1.0,1.0,2.0,2.0,2.0,1.0,1.0,1.0,,,,,,,7,5,6,6,5,5,5,5,3,2,50.0,60.0,55.0,65.0,70.0,65.0,98.0,90.0,90.0,50.0,2,2,2,2,1,1,2,2,1,2,2,1,2,2,1,1,1,2,2,1,1,2,1,2,2,2,2,2,1,2,2,1,1,1,1,2,2,2,2,1
386,5,4,4,5,4,4,4,3,2,1,,30.0,,3.0,2.0,2.0,2.0,,,,5.0,,,,2.0,1.0,,,,,1.0,5.0,5.0,,,,20.0,,1.0,,,,2.0,,1.0,4.0,,1.0,1.0,1.0,1.0,1.0,1.0,1.0,1.0,1.0,1.0,,,,,,,5,2,5,3,3,5,5,5,2,1,25.0,20.0,30.0,45.0,70.0,50.0,40.0,65.0,50.0,60.0,2,2,2,2,1,2,2,2,2,2,1,2,1,2,2,2,2,2,2,2,1,2,2,2,2,2,2,2,2,1,1,2,2,2,2,1,2,2,2,2
912,1,3,1,1,3,2,1,3,5,5,,30.0,,4.0,2.0,2.0,2.0,,,,,6.0,1.0,50.0,,1.0,,,,,5.0,1.0,5.0,,,,,20.0,1.0,,2.0,,,,2.0,2.0,,,,,,,,,,,,1.0,1.0,1.0,1.0,1.0,1.0,6,2,7,6,2,3,7,5,1,1,25.0,50.0,13.0,37.0,58.0,45.0,50.0,50.0,67.0,75.0,1,1,2,1,1,1,2,1,2,1,2,2,1,2,2,1,2,2,2,2,2,2,2,1,2,2,2,2,2,1,2,2,2,1,2,2,2,2,1,2
861,4,4,5,5,4,4,3,2,2,1,,30.0,,3.0,,,,3.0,3.0,3.0,,3.0,,,2.0,,2.0,,,,4.0,3.0,3.0,,,,20.0,,,1.0,1.0,,,1.0,,4.0,,1.0,1.0,1.0,1.0,1.0,1.0,1.0,1.0,1.0,1.0,,,,,,,7,1,3,3,3,6,5,5,1,1,71.0,62.0,65.0,69.0,68.0,58.0,71.0,68.0,49.0,25.0,2,2,2,2,1,2,2,2,2,1,2,1,2,2,2,1,2,1,2,2,2,1,1,2,1,1,2,1,1,1,2,2,2,1,2,1,2,2,2,2
280,5,4,5,5,4,5,5,5,1,1,70.0,,,1.0,3.0,2.0,2.0,,,,,7.0,,,2.0,,2.0,2.0,4.0,3.0,,,,,,,20.0,,1.0,,1.0,,,,2.0,,5.0,1.0,1.0,1.0,1.0,1.0,1.0,1.0,1.0,1.0,1.0,,,,,,,6,1,2,3,5,4,5,7,2,1,70.0,30.0,65.0,80.0,80.0,56.0,90.0,95.0,45.0,18.0,1,2,1,2,2,2,1,2,2,2,2,2,2,2,2,2,1,2,2,2,2,2,2,2,2,2,2,2,2,2,2,2,2,1,1,2,1,2,2,2
709,5,3,5,5,5,5,5,5,3,5,,10.0,,2.0,3.0,2.0,2.0,,,,6.0,,,,2.0,2.0,,,,,2.0,4.0,3.0,,,,15.0,,,1.0,1.0,,,,2.0,6.0,,1.0,1.0,1.0,2.0,1.0,1.0,1.0,1.0,1.0,2.0,,,,,,,7,2,4,4,5,7,4,6,2,1,55.0,30.0,40.0,55.0,50.0,30.0,55.0,45.0,30.0,45.0,2,1,2,2,1,2,2,2,2,1,1,2,2,2,2,1,1,1,1,2,1,1,1,1,2,2,1,2,2,2,2,2,1,1,2,1,2,2,1,2
115,4,2,4,2,5,4,4,4,2,4,80.0,,5.0,,,,,5.0,1.0,2.0,5.0,,2.0,45.0,,1.0,,,,,4.0,5.0,6.0,,,,,10.0,,2.0,,,2.0,,1.0,,5.0,1.0,1.0,1.0,1.0,1.0,1.0,1.0,1.0,1.0,1.0,,,,,,,5,1,2,2,2,5,6,5,1,2,40.0,25.0,44.0,20.0,53.0,36.0,62.0,49.0,53.0,58.0,2,2,1,2,2,1,2,2,2,1,2,1,1,2,1,2,1,2,2,2,1,2,1,1,2,2,2,2,2,2,1,2,1,1,2,2,2,2,2,2
82,3,4,5,4,5,4,5,5,2,3,70.0,,,3.0,3.0,3.0,3.0,,,,,5.0,,,2.0,1.0,,2.0,3.0,3.0,,,,,,,18.0,,2.0,,,,1.0,2.0,,4.0,,,,,,,,,,,,1.0,1.0,1.0,2.0,1.0,2.0,6,1,2,4,5,6,5,5,3,1,51.0,54.0,57.0,65.0,88.0,93.0,100.0,82.0,2.0,79.0,1,2,1,2,2,1,2,2,1,2,2,1,1,2,1,1,1,2,1,1,1,2,2,2,1,2,2,1,1,2,2,2,2,2,2,2,2,2,1,2
967,1,1,1,1,5,1,1,1,5,1,,91.0,5.0,,,,,2.0,3.0,3.0,6.0,,1.0,15.0,,1.0,,,,,1.0,4.0,6.0,,,,10.0,,1.0,,,,5.0,,2.0,3.0,,,,,,,,,,,,1.0,2.0,1.0,1.0,2.0,1.0,6,1,4,2,2,7,5,6,1,2,35.0,30.0,20.0,50.0,50.0,30.0,50.0,40.0,65.0,45.0,2,1,2,2,1,2,1,2,2,1,1,2,2,1,1,2,2,1,2,2,2,1,2,2,1,2,1,1,2,1,2,1,2,1,1,2,2,1,1,2
814,2,3,2,4,3,3,4,4,4,4,90.0,,6.0,,,,,4.0,5.0,3.0,5.0,,2.0,2.0,,,2.0,4.0,4.0,4.0,,,,,,,,12.0,1.0,,,,2.0,,1.0,,2.0,1.0,1.0,1.0,2.0,2.0,1.0,1.0,2.0,1.0,1.0,,,,,,,5,5,3,2,3,5,5,6,1,1,35.0,35.0,25.0,65.0,55.0,45.0,65.0,60.0,55.0,65.0,2,1,1,1,2,2,1,1,2,1,2,2,1,1,1,1,1,2,1,1,1,2,2,2,1,1,1,1,2,1,1,1,1,1,1,1,1,1,1,1
241,3,3,3,3,3,3,3,3,3,3,,30.0,,2.0,3.0,2.0,2.0,,,,,1.0,,,2.0,,1.0,,,,,,,2.0,2.0,3.0,3.0,,1.0,,2.0,,,2.0,,3.0,,1.0,1.0,1.0,1.0,1.0,1.0,1.0,1.0,1.0,1.0,,,,,,,5,2,5,3,4,5,4,4,3,1,46.0,35.0,31.0,49.0,56.0,68.0,62.0,53.0,46.0,48.0,2,2,1,2,2,2,2,2,2,2,2,2,2,2,2,2,2,2,2,2,2,2,2,2,2,2,2,2,2,2,2,2,1,2,2,2,1,2,2,2
332,4,3,2,2,3,4,4,4,4,3,,33.0,,2.0,4.0,3.0,2.0,,,,,6.0,,,1.0,1.0,,4.0,4.0,6.0,,,,,,,,15.0,1.0,,,,3.0,2.0,,4.0,,1.0,1.0,1.0,1.0,1.0,1.0,1.0,1.0,1.0,1.0,,,,,,,6,3,5,5,5,7,7,5,4,1,40.0,10.0,30.0,25.0,40.0,50.0,40.0,50.0,50.0,50.0,1,2,1,1,2,1,1,2,2,1,1,2,1,1,1,1,2,2,2,1,2,1,2,2,1,2,1,2,1,2,2,2,2,1,2,2,2,2,2,2
43,4,3,3,5,4,3,4,4,2,4,,30.0,,3.0,,,,4.0,2.0,3.0,,4.0,1.0,50.0,,,2.0,,,,,,,2.0,4.0,3.0,,10.0,,1.0,3.0,,,,1.0,,1.0,,,,,,,,,,,2.0,1.0,1.0,1.0,1.0,2.0,6,1,1,1,2,7,7,7,4,1,1.0,87.0,100.0,100.0,63.0,45.0,100.0,47.0,100.0,100.0,1,1,1,2,1,1,1,1,2,2,2,1,2,1,2,1,1,1,1,2,2,1,1,1,2,1,1,1,2,2,1,1,1,2,1,2,1,1,1,1
88,3,4,3,4,3,5,3,3,2,4,,62.0,,4.0,,,,5.0,2.0,3.0,,5.0,1.0,54.0,,1.0,,,,,4.0,4.0,4.0,,,,,19.0,1.0,,,,2.0,,2.0,5.0,,,,,,,,,,,,1.0,1.0,2.0,2.0,1.0,1.0,5,5,4,2,2,3,5,6,3,1,24.0,33.0,10.0,21.0,20.0,73.0,14.0,23.0,9.0,45.0,1,1,1,2,1,1,2,1,1,1,1,1,1,1,1,1,1,1,1,1,2,1,1,1,1,1,2,1,1,2,1,1,1,1,1,1,1,2,1,1
670,4,4,3,4,4,4,4,4,3,4,,90.0,,1.0,,,,3.0,3.0,3.0,4.0,,,,2.0,1.0,,2.0,4.0,4.0,,,,,,,,20.0,1.0,,,6.0,,,1.0,,4.0,,,,,,,,,,,1.0,1.0,1.0,1.0,1.0,1.0,7,2,3,3,3,6,6,6,4,2,53.0,56.0,26.0,53.0,60.0,69.0,65.0,70.0,25.0,57.0,2,1,2,1,1,1,2,2,1,1,1,2,1,2,1,1,1,2,2,2,2,2,1,1,2,2,2,1,1,1,1,1,1,1,1,1,2,1,1,1
703,3,3,3,3,4,3,3,3,3,3,70.0,,4.0,,,,,3.0,3.0,3.0,3.0,,,,2.0,1.0,,,,,,,,3.0,4.0,4.0,,5.0,2.0,,1.0,,,1.0,,,4.0,1.0,1.0,1.0,1.0,2.0,1.0,1.0,1.0,2.0,2.0,,,,,,,5,2,4,4,4,4,4,4,1,1,8.0,0.0,0.0,0.0,0.0,8.0,3.0,3.0,13.0,1.0,1,2,2,1,1,1,2,2,2,2,1,1,2,1,2,1,1,2,1,2,2,2,1,2,1,1,2,1,2,1,1,2,1,1,2,1,2,1,2,1
496,5,4,2,4,5,5,4,5,4,3,,80.0,4.0,,,,,6.0,5.0,4.0,,5.0,2.0,54.0,,1.0,,5.0,5.0,6.0,,,,,,,5.0,,,1.0,,2.0,,1.0,,1.0,,,,,,,,,,,,1.0,1.0,2.0,1.0,2.0,1.0,5,7,5,6,7,6,7,2,1,2,63.0,51.0,65.0,77.0,60.0,46.0,93.0,53.0,67.0,54.0,1,1,1,1,1,1,1,1,1,1,1,1,1,1,1,1,1,1,1,1,1,1,1,1,1,1,1,1,1,1,1,1,1,1,1,1,1,1,1,1
49,2,4,3,4,4,3,4,4,4,4,,50.0,,4.0,1.0,6.0,5.0,,,,,5.0,1.0,50.0,,1.0,,1.0,1.0,5.0,,,,,,,20.0,,,2.0,3.0,,,2.0,,4.0,,,,,,,,,,,,1.0,2.0,1.0,1.0,2.0,1.0,5,1,5,5,2,5,5,5,3,1,40.0,70.0,50.0,40.0,25.0,65.0,75.0,60.0,80.0,90.0,2,1,2,1,1,2,1,1,2,1,1,1,2,1,1,2,2,2,2,1,1,1,2,1,1,2,1,2,1,2,1,1,1,2,2,1,2,2,2,1
457,2,3,1,1,3,3,4,1,5,3,70.0,,4.0,,,,,5.0,5.0,5.0,3.0,,1.0,50.0,,,2.0,,,,,,,1.0,5.0,6.0,20.0,,1.0,,,10.0,,1.0,,,6.0,1.0,1.0,1.0,1.0,1.0,1.0,1.0,1.0,1.0,1.0,,,,,,,6,1,5,5,2,7,5,5,1,2,45.0,45.0,45.0,45.0,44.0,50.0,60.0,25.0,80.0,50.0,2,1,2,2,1,1,2,2,2,2,2,1,1,1,1,2,2,2,1,2,2,2,2,2,2,1,1,2,2,1,1,1,2,2,2,2,1,1,2,2
524,5,4,5,5,3,4,5,5,3,1,,50.0,,2.0,,,,3.0,3.0,2.0,3.0,,,,1.0,1.0,,1.0,5.0,4.0,,,,,,,,10.0,,1.0,,3.0,,1.0,,4.0,,1.0,1.0,1.0,2.0,1.0,1.0,1.0,2.0,1.0,1.0,,,,,,,6,1,2,1,2,5,6,6,4,2,55.0,40.0,50.0,40.0,40.0,30.0,50.0,60.0,50.0,10.0,2,2,2,2,2,2,2,1,1,2,1,1,1,2,1,2,1,1,2,2,1,2,1,1,2,1,2,2,1,1,2,1,1,1,2,1,2,2,2,1
338,1,3,1,4,4,2,4,2,5,5,50.0,,,4.0,,,,3.0,3.0,2.0,1.0,,1.0,20.0,,,2.0,,,,1.0,3.0,4.0,,,,10.0,,2.0,,,,1.0,,1.0,4.0,,,,,,,,,,,,1.0,2.0,1.0,2.0,1.0,2.0,7,1,4,1,2,7,6,6,1,2,10.0,50.0,50.0,50.0,50.0,34.0,34.0,75.0,75.0,75.0,2,1,1,1,2,1,2,2,2,2,2,2,2,2,2,2,2,2,2,2,2,2,2,2,2,2,1,2,1,1,2,2,1,2,2,2,2,1,2,2
8,2,3,4,3,3,2,3,2,3,2,70.0,,5.0,,,,,5.0,2.0,2.0,6.0,,1.0,54.0,,1.0,,1.0,3.0,4.0,,,,,,,,10.0,1.0,,,,2.0,,2.0,5.0,,,,,,,,,,,,1.0,1.0,1.0,2.0,2.0,2.0,4,5,2,3,3,5,6,5,3,1,42.0,40.0,45.0,59.0,42.0,34.0,37.0,37.0,48.0,36.0,2,2,1,1,2,2,2,1,1,2,2,1,2,2,1,1,1,2,2,2,2,1,2,2,1,1,1,2,2,2,1,2,2,2,1,1,1,2,1,2
422,3,2,2,4,4,1,4,5,5,5,70.0,,,2.0,,,,3.0,4.0,1.0,,6.0,1.0,17.0,,1.0,,,,,,,,1.0,1.0,2.0,,0.0,1.0,,,,1.0,,1.0,3.0,,1.0,1.0,1.0,1.0,1.0,1.0,1.0,1.0,1.0,1.0,,,,,,,7,1,4,3,2,7,6,6,1,1,73.0,82.0,40.0,63.0,71.0,38.0,65.0,93.0,87.0,88.0,2,1,2,2,2,2,1,1,2,1,1,2,2,2,2,2,2,1,2,2,2,1,2,2,2,2,2,2,1,1,2,2,2,2,2,2,2,2,2,2
551,3,4,4,5,5,4,5,5,4,4,70.0,,5.0,,,,,3.0,2.0,1.0,6.0,,,,2.0,,2.0,3.0,5.0,4.0,,,,,,,,12.0,1.0,,4.0,,,,2.0,,4.0,1.0,2.0,1.0,1.0,2.0,2.0,1.0,1.0,1.0,2.0,,,,,,,6,3,1,2,4,5,6,6,3,2,61.0,50.0,55.0,60.0,55.0,50.0,65.0,75.0,55.0,55.0,2,1,1,1,1,2,2,2,1,2,1,2,1,2,1,1,2,1,1,2,2,1,1,1,1,1,1,2,1,1,2,2,2,1,1,1,1,2,1,1
918,4,5,5,5,3,2,4,5,5,4,70.0,,5.0,,3.0,3.0,4.0,,,,,6.0,,,2.0,2.0,,1.0,5.0,6.0,,,,,,,,0.0,,2.0,,,1.0,1.0,,,6.0,,,,,,,,,,,1.0,1.0,2.0,1.0,2.0,1.0,7,3,5,2,3,5,5,6,2,1,60.0,74.0,91.0,100.0,44.0,24.0,78.0,85.0,80.0,87.0,2,2,1,1,2,1,2,1,2,1,1,1,1,1,1,2,2,2,2,1,2,2,1,2,1,2,1,2,2,2,2,1,1,1,1,1,2,1,1,2
590,4,4,4,5,5,5,3,5,2,5,,30.0,5.0,,,,,2.0,3.0,2.0,,7.0,,,1.0,,2.0,,,,,,,2.0,5.0,6.0,15.0,,2.0,,,,4.0,1.0,,,3.0,,,,,,,,,,,1.0,1.0,2.0,1.0,1.0,1.0,7,3,5,5,5,5,6,6,3,1,67.0,62.0,64.0,68.0,67.0,73.0,78.0,82.0,70.0,69.0,2,2,2,2,1,2,2,2,2,2,2,2,2,2,1,2,2,1,2,2,2,2,2,2,2,2,2,2,2,2,1,2,2,2,1,2,1,2,2,2
605,3,4,5,5,3,5,5,5,2,3,85.0,,3.0,,4.0,3.0,5.0,,,,5.0,,,,2.0,2.0,,3.0,2.0,2.0,,,,,,,,5.0,,2.0,4.0,,,1.0,,,5.0,,,,,,,,,,,1.0,1.0,2.0,2.0,1.0,1.0,6,1,6,5,2,6,6,5,4,1,30.0,45.0,20.0,70.0,40.0,80.0,90.0,85.0,20.0,60.0,1,2,2,2,1,2,1,1,1,2,1,1,1,1,2,1,1,1,2,2,1,1,1,1,2,2,1,2,1,2,1,2,2,2,2,1,1,1,2,2
776,4,4,5,5,5,5,5,5,3,2,,34.0,5.0,,4.0,4.0,4.0,,,,,4.0,2.0,4.0,,1.0,,,,,3.0,5.0,6.0,,,,,4.0,1.0,,,,3.0,,2.0,,5.0,1.0,1.0,1.0,1.0,1.0,1.0,1.0,1.0,1.0,1.0,,,,,,,7,2,5,6,1,5,6,6,2,1,35.0,38.0,29.0,41.0,39.0,32.0,45.0,45.0,40.0,29.0,2,2,2,2,2,2,2,2,2,2,2,1,2,2,2,2,2,2,2,2,2,2,2,2,2,2,2,2,2,2,2,2,2,1,2,2,2,2,1,2
786,5,4,5,5,5,4,4,5,3,5,,30.0,,4.0,,,,3.0,4.0,2.0,,6.0,,,2.0,,1.0,2.0,4.0,4.0,,,,,,,14.0,,1.0,,3.0,,,2.0,,,4.0,1.0,1.0,1.0,2.0,1.0,2.0,1.0,2.0,1.0,1.0,,,,,,,6,2,3,3,5,5,6,5,3,1,25.0,15.0,25.0,40.0,30.0,45.0,60.0,60.0,34.0,20.0,1,2,1,1,1,1,2,2,1,2,1,1,1,2,2,1,1,1,2,2,2,1,2,2,2,1,1,1,1,1,2,1,1,2,1,2,1,1,1,1
413,5,5,5,5,5,5,5,5,5,3,,30.0,4.0,,1.0,1.0,4.0,,,,6.0,,1.0,21.0,,,2.0,,,,1.0,5.0,6.0,,,,20.0,,,2.0,,5.0,,1.0,,,6.0,1.0,1.0,1.0,2.0,1.0,2.0,2.0,1.0,1.0,1.0,,,,,,,7,1,1,5,7,7,7,7,4,2,57.0,17.0,66.0,80.0,33.0,56.0,77.0,69.0,71.0,32.0,1,1,1,1,2,2,1,2,1,2,1,2,1,2,1,1,2,1,2,2,2,2,1,2,2,2,2,2,1,1,2,2,2,2,1,2,2,1,1,2
560,2,1,1,1,4,2,2,2,4,4,70.0,,,2.0,,,,5.0,5.0,2.0,6.0,,1.0,18.0,,1.0,,2.0,4.0,4.0,,,,,,,,0.0,2.0,,2.0,,,,2.0,,3.0,1.0,1.0,1.0,1.0,1.0,1.0,1.0,1.0,1.0,1.0,,,,,,,5,4,6,3,3,6,5,6,2,1,30.0,40.0,25.0,25.0,50.0,34.0,26.0,15.0,51.0,40.0,1,1,1,1,2,1,2,2,1,2,1,1,2,1,2,1,1,1,1,2,2,2,1,1,2,2,2,2,1,2,2,1,2,2,1,1,1,2,1,1
929,2,4,2,5,4,1,3,5,5,5,13.0,,4.0,,5.0,2.0,1.0,,,,,6.0,1.0,26.0,,1.0,,4.0,4.0,2.0,,,,,,,8.0,,1.0,,,6.0,,2.0,,4.0,,1.0,2.0,2.0,1.0,1.0,2.0,1.0,1.0,1.0,2.0,,,,,,,7,1,1,4,5,7,7,7,1,2,40.0,70.0,41.0,100.0,60.0,20.0,70.0,80.0,70.0,90.0,1,2,1,2,1,2,2,1,2,1,1,2,2,1,2,1,2,1,1,2,1,2,2,2,1,2,2,2,1,2,2,2,1,1,2,2,2,2,2,2
634,5,5,5,5,4,5,5,5,1,2,,30.0,5.0,,,,,3.0,4.0,3.0,,7.0,1.0,15.0,,,2.0,,,,,,,2.0,5.0,6.0,18.0,,,2.0,,3.0,,1.0,,4.0,,,,,,,,,,,,1.0,1.0,2.0,1.0,1.0,2.0,5,1,4,3,2,5,5,5,4,1,40.0,35.0,30.0,40.0,37.0,34.0,35.0,38.0,59.0,46.0,1,2,1,2,1,2,1,2,2,2,2,2,2,2,1,2,2,1,1,2,1,1,2,1,1,1,2,2,1,2,2,2,1,1,2,2,2,2,2,2
747,4,3,4,5,5,4,5,4,3,5,84.0,,,1.0,,,,1.0,1.0,1.0,7.0,,,,2.0,1.0,,1.0,4.0,3.0,,,,,,,5.0,,1.0,,,3.0,,1.0,,,6.0,1.0,1.0,1.0,1.0,2.0,1.0,2.0,1.0,1.0,2.0,,,,,,,5,4,4,6,2,5,6,5,4,2,30.0,40.0,40.0,50.0,45.0,70.0,60.0,50.0,50.0,70.0,2,1,1,1,2,2,2,2,1,1,2,2,2,1,2,1,1,2,2,1,2,1,1,1,2,1,2,2,1,2,2,2,2,2,2,2,2,1,2,1
641,4,3,3,5,4,4,3,4,4,3,,85.0,5.0,,2.0,4.0,1.0,,,,6.0,,1.0,50.0,,1.0,,1.0,4.0,3.0,,,,,,,15.0,,,2.0,3.0,,,,2.0,,6.0,1.0,1.0,1.0,1.0,1.0,1.0,1.0,1.0,1.0,1.0,,,,,,,6,5,4,3,5,5,6,6,1,2,70.0,50.0,80.0,75.0,50.0,25.0,50.0,95.0,80.0,50.0,1,1,2,1,1,1,1,1,1,1,1,1,2,2,2,2,2,2,1,2,1,2,1,2,2,1,2,2,2,1,2,2,2,2,2,2,2,2,2,2
732,4,3,4,5,4,5,4,5,3,3,,89.0,,3.0,,,,2.0,4.0,2.0,,6.0,,,2.0,1.0,,,,,4.0,5.0,5.0,,,,,18.0,,1.0,,9.0,,,2.0,,4.0,1.0,1.0,1.0,2.0,1.0,1.0,2.0,1.0,2.0,1.0,,,,,,,6,2,3,2,2,3,5,6,4,2,40.0,51.0,62.0,95.0,70.0,69.0,81.0,88.0,48.0,32.0,2,1,2,2,2,2,1,2,1,2,1,2,2,2,2,2,2,1,1,2,1,2,2,2,2,2,1,2,2,2,2,2,2,1,2,2,2,1,2,2
78,1,1,1,1,2,1,3,1,5,5,,67.0,,4.0,5.0,3.0,3.0,,,,,5.0,,,2.0,,2.0,,,,,,,2.0,4.0,4.0,,10.0,,2.0,,,1.0,,2.0,3.0,,2.0,2.0,2.0,2.0,2.0,2.0,2.0,2.0,2.0,2.0,,,,,,,6,6,3,4,2,4,5,6,1,1,17.0,13.0,15.0,16.0,66.0,22.0,60.0,16.0,85.0,90.0,1,2,2,2,2,1,2,2,1,2,2,2,1,1,2,2,2,1,2,1,2,2,2,1,2,1,1,2,2,2,2,2,2,2,1,2,2,2,2,1
466,4,5,5,5,5,5,5,4,1,2,70.0,,,5.0,,,,2.0,1.0,2.0,6.0,,1.0,14.0,,1.0,,,,,5.0,4.0,3.0,,,,18.0,,,2.0,,6.0,,2.0,,3.0,,1.0,1.0,1.0,1.0,1.0,1.0,1.0,1.0,1.0,1.0,,,,,,,7,2,5,5,3,6,7,6,4,1,40.0,30.0,40.0,20.0,35.0,40.0,50.0,30.0,55.0,45.0,1,2,1,2,2,2,2,2,1,2,2,1,2,2,2,1,2,2,1,2,2,2,2,2,2,2,2,2,2,2,2,2,2,2,2,2,1,2,2,1
515,5,5,5,5,5,5,3,2,2,2,,75.0,4.0,,,,,3.0,3.0,2.0,6.0,,,,2.0,1.0,,,,,,,,5.0,5.0,6.0,15.0,,,1.0,3.0,,,2.0,,4.0,,1.0,1.0,1.0,1.0,1.0,1.0,1.0,1.0,1.0,1.0,,,,,,,6,5,5,5,2,5,5,5,3,1,40.0,35.0,51.0,51.0,51.0,51.0,49.0,53.0,53.0,48.0,1,2,2,2,2,2,2,2,2,2,2,1,2,1,2,1,2,1,2,2,2,2,2,2,2,1,2,2,1,2,2,1,1,2,1,1,2,2,2,2
680,4,5,5,5,4,5,5,5,2,1,,75.0,,2.0,4.0,3.0,4.0,,,,6.0,,,,2.0,1.0,,,,,,,,1.0,5.0,6.0,,15.0,,2.0,5.0,,,2.0,,,5.0,1.0,1.0,1.0,2.0,1.0,1.0,1.0,2.0,1.0,1.0,,,,,,,7,4,5,5,2,5,5,5,4,2,56.0,80.0,65.0,55.0,85.0,60.0,95.0,88.0,62.0,28.0,1,2,1,2,2,1,2,2,1,2,1,2,1,1,2,1,1,2,1,2,1,2,1,2,1,2,2,1,1,2,2,1,1,1,2,1,1,2,2,1
309,3,2,2,5,3,3,4,4,4,4,,55.0,,4.0,2.0,4.0,4.0,,,,6.0,,1.0,40.0,,1.0,,,,,1.0,3.0,6.0,,,,15.0,,2.0,,,,1.0,1.0,,,2.0,1.0,1.0,1.0,1.0,1.0,2.0,1.0,1.0,2.0,1.0,,,,,,,6,3,2,2,2,5,6,7,1,1,61.0,10.0,20.0,75.0,50.0,65.0,41.0,80.0,75.0,50.0,2,2,2,1,2,2,1,2,2,1,2,1,1,2,2,2,2,2,1,2,1,2,2,2,2,2,2,1,2,2,2,2,2,2,2,2,1,2,2,1
738,4,5,5,5,4,5,5,5,1,3,,30.0,,5.0,,,,4.0,5.0,2.0,6.0,,,,2.0,,2.0,,,,,,,3.0,5.0,4.0,20.0,,2.0,,3.0,,,1.0,,6.0,,1.0,1.0,1.0,2.0,1.0,2.0,1.0,1.0,2.0,1.0,,,,,,,5,2,1,1,2,5,7,7,3,2,75.0,25.0,39.0,59.0,52.0,24.0,79.0,87.0,60.0,52.0,2,2,1,2,2,2,1,2,2,1,2,2,2,2,2,1,2,1,2,1,1,2,2,2,2,2,2,2,2,1,2,2,1,2,2,2,1,2,2,1
124,4,4,4,3,4,2,4,4,3,2,79.0,,5.0,,4.0,4.0,4.0,,,,,6.0,,,2.0,,2.0,3.0,4.0,4.0,,,,,,,20.0,,2.0,,2.0,,,,2.0,,4.0,,,,,,,,,,,2.0,1.0,2.0,1.0,1.0,1.0,4,4,4,4,5,5,6,5,3,1,30.0,31.0,31.0,24.0,26.0,46.0,32.0,8.0,36.0,5.0,1,2,1,1,2,2,2,2,2,1,1,1,1,1,2,2,2,2,2,2,2,2,1,1,2,2,2,2,2,2,2,1,2,1,2,1,1,1,1,2
956,4,4,5,5,4,4,4,5,3,2,,30.0,,4.0,,,,,,,,6.0,1.0,30.0,,1.0,,,,,4.0,5.0,4.0,,,,20.0,,,1.0,,2.0,,,1.0,,4.0,,,,,,,,,,,1.0,1.0,1.0,2.0,1.0,2.0,6,2,3,3,5,5,6,7,3,1,30.0,20.0,25.0,20.0,20.0,25.0,30.0,40.0,70.0,50.0,2,1,1,2,2,1,1,2,2,2,2,1,1,2,1,2,2,2,1,1,2,2,2,1,2,1,1,2,1,1,2,2,2,2,2,1,2,1,2,2
825,2,3,2,1,3,4,4,5,5,3,,85.0,,3.0,4.0,3.0,4.0,,,,,6.0,2.0,7.0,,,2.0,,,,1.0,4.0,4.0,,,,10.0,,,2.0,3.0,,,1.0,,4.0,,,,,,,,,,,,1.0,1.0,1.0,1.0,2.0,2.0,6,1,5,5,3,5,5,5,2,2,70.0,45.0,60.0,20.0,55.0,75.0,50.0,65.0,80.0,50.0,2,2,2,1,1,1,1,1,1,1,2,2,1,1,2,1,1,2,2,1,1,2,2,1,1,1,1,2,2,2,2,2,2,1,1,2,2,2,2,1
270,4,2,4,4,4,4,4,4,5,5,70.0,,,1.0,,,,2.0,2.0,2.0,3.0,,,,2.0,,2.0,,,,,,,2.0,2.0,3.0,20.0,,,2.0,2.0,,,,2.0,,6.0,,,,,,,,,,,1.0,1.0,1.0,1.0,1.0,1.0,6,3,5,5,2,2,5,5,4,1,40.0,35.0,60.0,40.0,40.0,71.0,65.0,80.0,70.0,55.0,1,2,1,2,2,1,1,1,1,1,2,2,2,2,1,2,1,2,1,2,2,1,2,2,1,2,2,2,2,2,2,2,2,2,2,2,2,2,1,1
303,5,5,5,5,5,5,5,5,4,3,90.0,,3.0,,,,,3.0,3.0,3.0,3.0,,,,2.0,1.0,,1.0,3.0,4.0,,,,,,,20.0,,2.0,,,10.0,,1.0,,,5.0,,,,,,,,,,,1.0,1.0,1.0,1.0,1.0,1.0,7,2,6,3,3,6,7,7,1,1,40.0,35.0,36.0,65.0,60.0,43.0,57.0,48.0,44.0,51.0,2,2,2,2,2,2,2,1,2,2,2,2,2,1,1,2,2,2,2,2,1,2,1,2,2,2,2,2,2,2,2,2,1,2,2,2,1,2,2,2
997,5,5,5,5,5,5,5,5,1,5,62.0,,3.0,,,,,4.0,4.0,4.0,6.0,,1.0,50.0,,,1.0,1.0,2.0,4.0,,,,,,,,5.0,,2.0,,,3.0,2.0,,4.0,,,,,,,,,,,,1.0,1.0,2.0,1.0,2.0,1.0,7,2,4,4,5,7,7,7,4,1,61.0,62.0,62.0,63.0,63.0,77.0,64.0,66.0,30.0,65.0,2,2,2,1,2,2,2,2,2,1,1,1,1,1,1,2,1,2,1,1,1,1,2,2,1,2,2,1,1,2,1,1,1,1,2,1,1,2,2,1
72,2,3,3,4,4,1,4,4,5,3,70.0,,,5.0,3.0,3.0,2.0,,,,5.0,,1.0,22.0,,1.0,,,,,,,,5.0,5.0,5.0,20.0,,1.0,,,,2.0,2.0,,4.0,,2.0,2.0,1.0,1.0,1.0,2.0,2.0,2.0,1.0,1.0,,,,,,,5,2,4,4,2,5,4,5,4,1,42.0,47.0,51.0,57.0,62.0,38.0,78.0,62.0,60.0,61.0,2,1,2,2,1,2,2,2,1,2,1,1,1,1,2,1,1,1,1,1,1,1,1,2,1,1,1,2,2,1,1,2,1,2,2,2,1,2,2,2
205,4,3,4,4,4,4,4,5,2,4,,30.0,,2.0,,,,4.0,4.0,3.0,6.0,,1.0,28.0,,,2.0,3.0,5.0,4.0,,,,,,,15.0,,2.0,,,,2.0,,2.0,,5.0,,,,,,,,,,,1.0,1.0,2.0,1.0,2.0,1.0,4,2,2,2,5,5,6,6,1,1,71.0,41.0,51.0,80.0,51.0,45.0,67.0,84.0,73.0,54.0,2,2,1,2,1,1,2,1,1,1,2,2,2,1,1,2,2,2,2,2,2,2,2,2,1,2,2,2,2,1,1,2,2,2,1,2,2,2,2,2
376,4,4,5,5,5,4,4,5,4,4,70.0,,2.0,,,,,3.0,5.0,4.0,6.0,,,,2.0,,2.0,1.0,4.0,4.0,,,,,,,,15.0,1.0,,,,2.0,2.0,,6.0,,,,,,,,,,,,1.0,1.0,2.0,1.0,2.0,1.0,6,1,5,5,5,5,7,6,4,1,60.0,35.0,60.0,70.0,80.0,40.0,45.0,70.0,85.0,40.0,2,2,1,1,2,1,2,2,2,1,1,1,2,1,1,1,2,2,1,2,2,2,2,2,1,1,1,2,1,1,1,1,2,2,2,2,2,2,2,2
190,2,4,4,2,4,2,2,2,5,4,30.0,,,1.0,,,,6.0,6.0,1.0,,5.0,2.0,14.0,,1.0,,,,,4.0,4.0,5.0,,,,,4.0,2.0,,1.0,,,,1.0,1.0,,,,,,,,,,,,1.0,1.0,1.0,2.0,1.0,2.0,5,5,5,5,5,6,7,7,3,1,54.0,26.0,41.0,47.0,43.0,25.0,56.0,20.0,27.0,30.0,2,2,1,2,1,2,2,1,1,2,1,1,1,1,1,2,2,2,1,2,2,1,1,2,1,2,2,1,1,2,1,1,1,1,2,1,1,2,1,1
419,3,4,4,5,4,3,4,4,2,3,82.0,,6.0,,,,,5.0,4.0,6.0,5.0,,,,2.0,,1.0,,,,,,,4.0,4.0,2.0,,10.0,,2.0,2.0,,,2.0,,5.0,,,,,,,,,,,,1.0,1.0,1.0,1.0,2.0,2.0,6,2,4,2,6,3,2,2,1,1,25.0,60.0,77.0,64.0,60.0,83.0,77.0,54.0,31.0,51.0,1,1,2,2,2,2,2,2,2,1,2,2,1,2,1,1,2,1,2,2,1,2,1,2,2,2,2,1,2,2,1,2,2,1,1,2,2,1,1,2
891,1,1,2,3,1,2,2,1,5,2,,50.0,,2.0,,,,2.0,1.0,2.0,1.0,,,,2.0,,1.0,,,,2.0,4.0,3.0,,,,,0.0,1.0,,,10.0,,1.0,,1.0,,,,,,,,,,,,1.0,1.0,1.0,1.0,1.0,1.0,7,3,2,3,2,5,7,7,4,2,5.0,10.0,25.0,50.0,40.0,1.0,30.0,50.0,90.0,30.0,2,1,1,1,2,1,1,2,2,2,1,2,1,1,2,1,2,2,1,2,1,2,2,2,1,2,1,2,2,1,2,1,1,2,1,2,1,1,2,1
151,3,3,3,3,3,5,3,3,1,3,,64.0,,3.0,,,,4.0,3.0,2.0,5.0,,1.0,14.0,,1.0,,1.0,4.0,4.0,,,,,,,,20.0,1.0,,4.0,,,,1.0,,3.0,1.0,1.0,1.0,1.0,1.0,2.0,2.0,2.0,2.0,2.0,,,,,,,4,1,4,4,4,5,5,5,3,2,36.0,33.0,45.0,68.0,54.0,47.0,61.0,42.0,26.0,17.0,1,1,1,2,1,1,1,2,2,2,2,1,2,2,1,1,1,2,2,1,2,1,2,1,1,2,1,2,2,2,2,1,1,1,2,1,1,1,1,2
923,1,4,5,5,5,5,5,5,2,3,,3.0,2.0,,5.0,4.0,3.0,,,,,5.0,,,2.0,,2.0,,,,2.0,5.0,6.0,,,,,20.0,2.0,,,4.0,,,1.0,,5.0,,,,,,,,,,,1.0,1.0,1.0,1.0,1.0,1.0,6,1,7,2,3,5,5,7,3,1,21.0,36.0,39.0,56.0,64.0,53.0,62.0,42.0,70.0,60.0,2,2,2,2,2,2,2,2,1,2,2,2,1,2,2,2,2,1,2,2,2,2,2,2,2,2,2,2,2,1,2,2,2,2,2,2,2,2,2,2
850,4,3,4,5,5,4,3,3,1,3,70.0,,4.0,,,,,4.0,4.0,4.0,,5.0,1.0,18.0,,1.0,,,,,5.0,4.0,6.0,,,,,4.0,1.0,,,10.0,,2.0,,,4.0,1.0,1.0,1.0,1.0,1.0,1.0,1.0,1.0,1.0,1.0,,,,,,,7,6,5,5,3,5,5,5,2,1,40.0,25.0,45.0,60.0,65.0,40.0,45.0,40.0,30.0,45.0,2,2,2,2,2,2,2,2,2,1,2,2,2,2,1,2,2,2,2,2,1,2,2,2,2,2,2,2,1,2,2,1,1,2,2,1,1,1,1,1
233,5,5,5,5,5,3,5,5,2,3,,30.0,4.0,,,,,5.0,2.0,3.0,,5.0,,,2.0,,1.0,,,,5.0,5.0,6.0,,,,,20.0,,2.0,,9.0,,1.0,,,4.0,,,,,,,,,,,1.0,1.0,1.0,1.0,1.0,1.0,6,2,5,5,2,5,5,6,2,1,35.0,30.0,25.0,25.0,25.0,35.0,65.0,40.0,45.0,25.0,2,2,1,2,1,2,2,1,2,1,2,2,2,2,2,2,1,1,1,1,2,2,2,2,2,2,2,1,2,2,1,2,2,2,2,2,2,1,2,2
340,5,4,5,4,5,1,4,2,5,3,31.0,,6.0,,5.0,2.0,6.0,,,,,6.0,2.0,35.0,,,1.0,,,,,,,2.0,4.0,1.0,,0.0,,1.0,,,2.0,1.0,,,6.0,,,,,,,,,,,1.0,1.0,1.0,2.0,1.0,2.0,7,1,2,1,2,6,7,6,2,2,77.0,41.0,67.0,69.0,23.0,26.0,70.0,52.0,76.0,41.0,1,2,2,2,1,2,2,2,2,2,1,1,1,2,2,1,2,2,1,1,2,1,2,1,1,1,2,2,2,1,1,1,2,1,1,2,2,1,1,1
31,5,4,4,5,4,4,5,4,1,4,30.0,,,6.0,,,,5.0,6.0,4.0,6.0,,,,2.0,1.0,,,,,,,,2.0,5.0,6.0,,15.0,2.0,,1.0,,,2.0,,,6.0,,,,,,,,,,,1.0,1.0,1.0,1.0,2.0,2.0,6,4,4,4,2,4,5,5,4,2,62.0,60.0,63.0,70.0,77.0,72.0,68.0,64.0,58.0,66.0,2,2,1,2,1,1,2,1,2,2,2,1,1,1,1,2,2,1,2,2,1,2,2,2,2,1,1,2,2,1,2,2,2,2,1,2,2,1,2,1
5,3,2,3,4,4,3,5,4,5,3,,30.0,5.0,,,,,2.0,4.0,2.0,3.0,,2.0,9.0,,1.0,,,,,4.0,4.0,4.0,,,,,12.0,1.0,,,10.0,,2.0,,,3.0,,,,,,,,,,,1.0,1.0,1.0,2.0,1.0,2.0,6,4,3,5,5,6,6,5,2,2,41.0,36.0,39.0,63.0,64.0,28.0,84.0,88.0,77.0,71.0,2,2,2,2,2,1,2,1,2,2,1,1,2,2,1,2,2,2,2,2,2,1,1,2,1,2,2,2,1,1,2,1,1,1,2,2,1,2,2,2
167,1,4,4,5,5,2,5,5,5,1,71.0,,4.0,,3.0,3.0,3.0,,,,6.0,,,,2.0,,2.0,1.0,4.0,5.0,,,,,,,20.0,,1.0,,3.0,,,2.0,,6.0,,1.0,1.0,1.0,1.0,1.0,2.0,2.0,2.0,2.0,2.0,,,,,,,6,1,3,3,3,3,3,3,2,1,39.0,52.0,63.0,54.0,56.0,68.0,67.0,76.0,63.0,10.0,2,1,2,2,1,1,2,2,2,2,1,1,2,2,2,1,1,2,1,2,2,1,2,2,2,1,2,1,2,1,2,2,2,2,2,2,2,2,1,1
381,4,3,4,5,4,4,4,5,4,3,,90.0,3.0,,,,,2.0,3.0,2.0,,6.0,,,1.0,,2.0,,,,,,,3.0,4.0,3.0,,15.0,1.0,,,,2.0,2.0,,,5.0,,,,,,,,,,,1.0,1.0,2.0,1.0,1.0,2.0,6,1,6,4,3,5,5,5,3,2,33.0,10.0,24.0,52.0,65.0,73.0,70.0,89.0,71.0,25.0,1,2,1,2,2,2,2,1,2,2,2,2,1,2,2,2,2,1,1,2,1,2,2,2,1,2,1,2,1,2,2,1,1,1,2,2,1,1,2,1
608,3,2,2,2,2,2,4,2,4,4,,81.0,,1.0,4.0,4.0,3.0,,,,,7.0,2.0,5.0,,,1.0,,,,,,,2.0,2.0,5.0,20.0,,,2.0,,,1.0,1.0,,,6.0,1.0,1.0,1.0,1.0,1.0,1.0,1.0,1.0,1.0,1.0,,,,,,,4,5,3,2,2,5,7,7,3,1,41.0,12.0,24.0,40.0,25.0,14.0,79.0,19.0,77.0,59.0,2,1,1,2,2,2,2,2,1,2,2,1,1,1,1,2,2,2,1,2,1,1,2,2,2,2,2,1,1,1,2,1,1,2,1,2,1,1,2,2
915,5,2,4,5,5,5,5,4,2,1,88.0,,,4.0,,,,3.0,3.0,2.0,,7.0,1.0,40.0,,,1.0,1.0,5.0,5.0,,,,,,,,12.0,1.0,,,8.0,,2.0,,,6.0,,,,,,,,,,,1.0,1.0,1.0,1.0,1.0,1.0,7,2,5,2,3,5,5,7,4,1,55.0,33.0,40.0,57.0,92.0,70.0,92.0,57.0,40.0,59.0,2,2,2,2,2,1,2,2,1,2,1,2,1,1,2,2,2,2,2,2,2,1,2,1,2,2,2,2,2,2,2,2,2,2,2,1,2,1,2,1
866,4,4,4,5,4,5,4,5,3,4,,54.0,,2.0,4.0,3.0,3.0,,,,,6.0,2.0,8.0,,,1.0,,,,,,,4.0,4.0,3.0,,5.0,1.0,,,,2.0,2.0,,,3.0,1.0,1.0,1.0,2.0,2.0,1.0,2.0,1.0,1.0,1.0,,,,,,,6,3,2,2,5,5,6,6,3,2,55.0,34.0,38.0,81.0,66.0,37.0,50.0,71.0,54.0,56.0,2,2,1,1,1,2,2,2,2,2,2,1,1,1,1,1,2,1,1,1,2,2,1,1,2,2,2,1,2,2,2,2,2,1,1,2,1,1,1,1
287,4,3,3,4,3,3,4,3,5,4,70.0,,5.0,,,,,5.0,4.0,5.0,,5.0,,,1.0,1.0,,,,,,,,3.0,4.0,4.0,,10.0,2.0,,4.0,,,,2.0,,3.0,2.0,1.0,1.0,2.0,2.0,1.0,1.0,2.0,1.0,2.0,,,,,,,4,5,6,5,2,4,5,6,2,1,63.0,55.0,64.0,62.0,86.0,42.0,80.0,56.0,36.0,43.0,2,1,1,1,1,2,1,2,1,1,1,1,2,2,1,1,1,1,1,1,1,2,1,1,2,1,2,1,1,2,1,2,1,1,2,2,1,2,2,2
112,5,5,5,5,4,4,4,5,3,4,,60.0,5.0,,1.0,1.0,1.0,,,,,6.0,2.0,0.0,,,1.0,,,,3.0,5.0,3.0,,,,,5.0,1.0,,,,1.0,,2.0,,3.0,,,,,,,,,,,1.0,1.0,2.0,1.0,1.0,2.0,7,1,4,5,1,7,7,7,4,1,60.0,30.0,55.0,25.0,35.0,20.0,40.0,70.0,75.0,35.0,2,1,2,1,1,2,2,2,2,2,2,2,2,1,1,1,1,2,2,1,2,2,2,1,2,2,2,2,2,2,1,2,1,1,1,1,1,2,2,2
960,5,5,5,5,5,5,5,5,1,5,,30.0,3.0,,3.0,4.0,2.0,,,,,6.0,2.0,8.0,,,2.0,,,,,,,1.0,5.0,5.0,,5.0,,2.0,,10.0,,2.0,,6.0,,,,,,,,,,,,1.0,1.0,1.0,1.0,2.0,2.0,6,2,1,2,2,6,5,6,2,2,34.0,32.0,37.0,57.0,50.0,29.0,28.0,34.0,6.0,32.0,1,1,1,2,1,2,2,1,2,1,1,2,2,1,1,2,1,2,2,2,1,1,1,1,2,2,1,1,2,2,2,1,1,1,2,1,1,1,1,1
85,2,2,2,2,4,4,3,1,5,4,,50.0,,1.0,3.0,4.0,3.0,,,,,,1.0,40.0,,1.0,,,,,,,,4.0,5.0,5.0,20.0,,,2.0,,,1.0,1.0,,,5.0,1.0,1.0,1.0,1.0,1.0,1.0,1.0,1.0,1.0,1.0,,,,,,,6,2,6,6,2,5,5,5,3,1,20.0,25.0,25.0,30.0,30.0,60.0,60.0,40.0,60.0,50.0,2,1,1,2,1,2,2,1,2,1,2,2,1,2,2,2,2,1,1,1,1,2,2,2,1,2,2,2,2,2,1,1,2,2,2,2,1,1,2,1
813,2,4,5,5,5,5,4,5,3,3,50.0,,4.0,,3.0,3.0,5.0,,,,,6.0,,,2.0,,1.0,,,,,,,5.0,5.0,6.0,20.0,,,2.0,,,2.0,1.0,,,4.0,,,,,,,,,,,1.0,2.0,1.0,2.0,1.0,1.0,7,2,6,5,3,6,6,6,1,1,20.0,51.0,68.0,71.0,87.0,18.0,85.0,83.0,11.0,53.0,2,2,2,2,2,2,2,1,1,1,2,2,2,1,2,1,2,2,2,1,2,1,1,2,2,2,2,1,2,1,2,1,2,2,1,2,2,2,2,2
529,5,4,5,5,5,5,5,5,5,5,69.0,,5.0,,5.0,5.0,5.0,,,,,5.0,,,1.0,,2.0,3.0,5.0,5.0,,,,,,,14.0,,2.0,,,,4.0,,2.0,,4.0,1.0,1.0,2.0,1.0,1.0,2.0,1.0,1.0,2.0,1.0,,,,,,,7,4,7,5,5,7,5,7,2,1,52.0,52.0,52.0,32.0,32.0,36.0,70.0,48.0,95.0,79.0,2,1,2,1,1,2,1,2,1,2,2,1,1,2,2,1,2,2,1,1,2,2,2,1,2,2,1,2,1,2,1,2,2,2,2,1,2,2,2,2
246,1,1,1,4,4,3,4,5,4,4,,1.0,,3.0,4.0,2.0,1.0,,,,,6.0,,,2.0,1.0,,1.0,2.0,1.0,,,,,,,,5.0,,1.0,1.0,,,1.0,,,6.0,,,,,,,,,,,1.0,1.0,2.0,1.0,2.0,1.0,7,1,2,5,1,6,5,3,1,1,40.0,40.0,60.0,70.0,85.0,85.0,90.0,80.0,70.0,65.0,1,2,2,2,2,2,2,2,2,2,1,2,1,2,2,2,2,1,2,1,2,2,2,2,2,2,1,2,2,1,2,2,2,2,1,2,1,2,2,2
335,1,3,3,1,1,1,4,2,5,5,70.0,,3.0,,4.0,3.0,4.0,,,,5.0,,1.0,20.0,,1.0,,,,,,,,3.0,2.0,2.0,18.0,,,2.0,,10.0,,1.0,,,4.0,,,,,,,,,,,1.0,1.0,1.0,1.0,2.0,2.0,6,5,6,6,3,3,5,5,3,1,15.0,30.0,10.0,0.0,0.0,5.0,30.0,10.0,100.0,100.0,2,1,1,1,2,1,2,2,2,2,1,1,1,2,2,1,1,1,2,2,2,2,1,2,2,2,1,1,2,2,2,1,2,2,1,2,2,2,1,2
44,5,5,5,5,5,5,5,5,1,1,,30.0,,1.0,,,,3.0,3.0,2.0,5.0,,1.0,20.0,,,2.0,,,,,,,1.0,5.0,6.0,20.0,,2.0,,,,2.0,2.0,,4.0,,1.0,1.0,1.0,1.0,1.0,1.0,1.0,2.0,2.0,2.0,,,,,,,7,4,2,2,1,3,6,6,4,1,10.0,10.0,10.0,20.0,20.0,5.0,15.0,2.0,60.0,70.0,2,2,1,1,2,1,2,1,2,1,2,2,1,2,1,2,2,1,2,2,2,2,2,1,2,2,2,1,1,2,1,1,1,2,1,2,2,2,2,2
819,4,5,5,4,4,4,5,4,4,4,67.0,,4.0,,3.0,4.0,4.0,,,,6.0,,,,1.0,,1.0,,,,,,,2.0,4.0,4.0,15.0,,,2.0,2.0,,,,1.0,,4.0,,,,,,,,,,,1.0,1.0,1.0,2.0,1.0,1.0,5,2,4,5,6,6,4,5,3,2,32.0,53.0,36.0,60.0,68.0,25.0,70.0,53.0,72.0,56.0,2,1,2,1,2,2,2,2,1,2,1,1,2,1,1,2,1,1,2,1,1,1,2,1,2,2,2,2,2,1,1,2,2,2,2,1,2,1,1,1
677,3,3,3,5,5,3,5,5,3,3,66.0,,6.0,,3.0,3.0,3.0,,,,7.0,,,,2.0,1.0,,,,,5.0,5.0,6.0,,,,,4.0,,1.0,,10.0,,,2.0,,6.0,1.0,1.0,1.0,1.0,1.0,1.0,1.0,1.0,1.0,1.0,,,,,,,4,1,4,4,5,6,4,4,2,1,20.0,6.0,5.0,66.0,25.0,20.0,70.0,100.0,55.0,50.0,2,1,1,2,2,2,2,1,2,2,2,2,2,2,2,2,2,2,2,2,2,2,1,2,1,1,1,2,2,1,2,2,2,1,2,2,1,1,1,2
704,2,3,4,5,5,3,4,4,3,4,,30.0,4.0,,4.0,3.0,2.0,,,,5.0,,1.0,20.0,,,2.0,5.0,5.0,6.0,,,,,,,10.0,,,2.0,8.0,,,,1.0,5.0,,2.0,2.0,2.0,2.0,1.0,1.0,1.0,1.0,1.0,1.0,,,,,,,7,4,4,5,3,6,5,5,2,1,50.0,40.0,35.0,70.0,70.0,45.0,85.0,70.0,50.0,80.0,1,1,2,2,2,2,2,1,2,2,1,2,2,1,2,1,1,2,2,1,1,1,2,1,2,2,2,2,2,2,1,2,2,1,1,2,1,1,2,1
491,4,4,3,4,4,4,4,4,4,4,81.0,,3.0,,,,,3.0,5.0,3.0,,6.0,,,2.0,1.0,,1.0,4.0,2.0,,,,,,,15.0,,,2.0,,4.0,,,1.0,5.0,,,,,,,,,,,,1.0,1.0,1.0,1.0,2.0,2.0,7,1,7,6,5,6,6,6,4,1,21.0,20.0,20.0,38.0,17.0,20.0,21.0,16.0,9.0,4.0,1,1,1,2,2,1,2,1,1,1,1,2,2,2,1,2,2,1,1,2,2,1,1,1,1,2,1,1,2,1,1,2,1,1,1,1,1,1,1,1
118,4,4,4,2,4,4,3,4,3,4,66.0,,3.0,,2.0,4.0,3.0,,,,3.0,,,,2.0,1.0,,,,,1.0,4.0,5.0,,,,,20.0,,2.0,,,2.0,1.0,,3.0,,,,,,,,,,,,1.0,1.0,2.0,1.0,1.0,2.0,6,2,6,5,5,5,6,6,3,1,18.0,23.0,34.0,35.0,73.0,29.0,33.0,50.0,25.0,55.0,2,1,2,2,1,2,1,1,2,2,2,1,2,1,1,1,2,1,2,2,2,2,1,2,2,2,2,1,1,1,1,2,2,1,1,2,2,1,2,1
450,3,5,5,4,4,5,5,2,1,5,,56.0,4.0,,,,,4.0,4.0,4.0,3.0,,,,2.0,1.0,,,,,,,,3.0,4.0,4.0,,10.0,1.0,,3.0,,,1.0,,,4.0,1.0,1.0,1.0,1.0,1.0,1.0,1.0,2.0,2.0,2.0,,,,,,,7,1,2,1,4,7,6,7,3,2,39.0,14.0,7.0,8.0,9.0,9.0,69.0,1.0,47.0,78.0,2,1,2,1,1,1,2,2,1,1,2,2,1,1,1,1,1,1,2,1,2,2,2,2,1,2,2,2,2,1,1,1,2,2,1,1,2,1,2,2
523,4,5,4,5,4,3,4,4,5,5,,52.0,5.0,,2.0,2.0,6.0,,,,4.0,,1.0,20.0,,1.0,,,,,1.0,4.0,1.0,,,,10.0,,2.0,,,,2.0,,1.0,5.0,,,,,,,,,,,,1.0,1.0,1.0,1.0,2.0,2.0,6,3,3,2,2,3,5,7,4,1,69.0,81.0,83.0,99.0,71.0,58.0,92.0,93.0,100.0,87.0,2,1,1,1,1,2,2,1,1,2,1,1,2,2,1,1,2,1,1,1,1,1,1,1,1,1,2,1,1,1,1,2,2,1,2,2,1,1,2,1
239,4,3,4,4,4,4,4,5,5,4,25.0,,5.0,,,,,3.0,2.0,3.0,,6.0,2.0,3.0,,,2.0,,,,,,,2.0,5.0,5.0,20.0,,,1.0,,,2.0,,2.0,,2.0,,,,,,,,,,,1.0,1.0,1.0,1.0,1.0,1.0,6,3,5,4,3,5,6,6,2,1,70.0,40.0,62.0,63.0,67.0,20.0,55.0,79.0,81.0,83.0,2,2,1,2,2,1,1,1,2,1,2,2,2,2,2,2,2,1,2,1,2,1,2,1,2,2,1,1,2,1,2,1,2,2,2,2,2,2,2,2
425,1,2,2,2,3,1,5,3,5,5,71.0,,,2.0,,,,1.0,5.0,1.0,,6.0,,,2.0,1.0,,1.0,5.0,1.0,,,,,,,,17.0,,2.0,1.0,,,,2.0,2.0,,,,,,,,,,,,1.0,1.0,2.0,1.0,1.0,2.0,6,1,1,5,5,6,6,5,1,1,50.0,33.0,32.0,36.0,38.0,34.0,72.0,75.0,88.0,51.0,2,2,2,2,2,2,2,1,2,1,2,2,2,2,2,1,1,2,2,2,2,2,2,2,1,2,2,2,2,2,2,2,2,2,2,1,2,2,2,2
556,3,3,3,3,3,3,3,3,3,3,,31.0,,3.0,4.0,3.0,3.0,,,,4.0,,1.0,50.0,,1.0,,,,,3.0,4.0,6.0,,,,,2.0,,2.0,,,2.0,,1.0,,3.0,1.0,2.0,1.0,2.0,1.0,2.0,1.0,2.0,1.0,2.0,,,,,,,6,1,4,2,2,6,7,7,3,1,50.0,50.0,51.0,42.0,43.0,24.0,28.0,31.0,81.0,35.0,1,2,1,2,2,2,2,2,2,1,1,1,2,2,2,2,2,1,2,1,2,2,2,2,2,2,2,1,2,2,1,2,2,2,2,2,2,2,2,2
597,4,5,3,3,5,5,5,5,1,2,,10.0,3.0,,,,,5.0,3.0,3.0,,6.0,1.0,54.0,,1.0,,4.0,5.0,5.0,,,,,,,,10.0,1.0,,,,3.0,1.0,,,5.0,,,,,,,,,,,1.0,1.0,2.0,2.0,1.0,1.0,7,1,1,1,2,5,7,7,3,1,30.0,42.0,27.0,36.0,82.0,31.0,64.0,51.0,34.0,25.0,2,1,1,1,2,1,1,2,2,1,1,2,1,2,2,1,2,2,2,2,1,2,2,2,2,1,2,2,1,2,1,1,2,2,1,1,2,2,2,1
602,4,4,5,5,5,5,5,5,2,3,,95.0,2.0,,,,,2.0,3.0,2.0,,5.0,,,2.0,1.0,,,,,5.0,5.0,6.0,,,,20.0,,2.0,,,,2.0,,1.0,5.0,,1.0,1.0,1.0,1.0,1.0,1.0,1.0,1.0,1.0,1.0,,,,,,,6,4,6,5,2,5,2,4,4,1,40.0,20.0,40.0,70.0,75.0,50.0,65.0,50.0,60.0,60.0,2,2,2,2,1,2,2,1,1,2,2,1,2,2,1,2,2,2,1,2,2,2,1,1,2,2,2,2,1,1,1,2,1,2,1,2,2,2,2,2
771,5,3,5,5,5,5,5,5,1,3,75.0,,,2.0,,,,3.0,4.0,2.0,,6.0,1.0,13.0,,1.0,,1.0,5.0,6.0,,,,,,,,15.0,1.0,,5.0,,,,2.0,,4.0,,,,,,,,,,,1.0,1.0,1.0,1.0,1.0,1.0,6,2,1,1,2,5,7,6,1,1,83.0,26.0,73.0,66.0,77.0,80.0,64.0,96.0,47.0,44.0,2,2,2,1,1,2,2,2,2,2,2,2,2,2,2,2,2,1,1,2,2,2,2,2,2,2,2,2,2,1,2,2,2,2,2,2,2,2,2,2
781,3,4,4,4,4,4,4,5,2,2,,90.0,6.0,,4.0,5.0,3.0,,,,6.0,,2.0,7.0,,1.0,,1.0,5.0,4.0,,,,,,,,10.0,1.0,,3.0,,,2.0,,,3.0,,,,,,,,,,,1.0,1.0,2.0,1.0,2.0,1.0,6,2,3,3,5,5,5,5,3,1,40.0,45.0,35.0,50.0,50.0,40.0,50.0,80.0,50.0,50.0,2,1,1,1,1,2,1,2,2,1,1,1,2,1,1,1,1,2,1,2,1,1,1,1,1,2,1,1,1,2,2,2,2,1,1,1,2,2,1,2
208,2,3,2,2,4,2,2,3,4,3,70.0,,3.0,,,,,2.0,2.0,2.0,6.0,,,,2.0,,1.0,,,,1.0,4.0,4.0,,,,10.0,,,1.0,,5.0,,,1.0,,5.0,1.0,1.0,1.0,1.0,1.0,2.0,2.0,2.0,1.0,1.0,,,,,,,5,1,4,4,2,5,4,4,1,1,51.0,35.0,37.0,40.0,55.0,25.0,25.0,53.0,53.0,45.0,2,2,1,1,1,2,1,1,1,2,2,1,2,1,2,2,2,2,1,2,1,1,2,2,2,2,2,2,2,1,2,2,2,2,2,2,2,2,2,2
414,2,3,2,3,4,4,2,2,4,4,90.0,,,3.0,3.0,3.0,3.0,,,,4.0,,,,2.0,,2.0,1.0,5.0,5.0,,,,,,,20.0,,1.0,,,,2.0,2.0,,,4.0,1.0,1.0,1.0,1.0,2.0,1.0,2.0,2.0,1.0,1.0,,,,,,,6,1,5,4,2,7,5,7,3,2,45.0,45.0,45.0,45.0,70.0,70.0,45.0,59.0,65.0,74.0,2,1,2,1,1,1,1,2,1,1,2,1,2,1,2,2,1,1,2,1,1,1,1,1,1,1,1,2,2,1,1,1,1,2,2,2,1,2,1,1
567,4,5,4,5,3,5,5,5,1,5,70.0,,,3.0,2.0,4.0,4.0,,,,,7.0,,,1.0,,2.0,,,,2.0,5.0,5.0,,,,,20.0,,2.0,,,2.0,1.0,,5.0,,,,,,,,,,,,1.0,1.0,1.0,1.0,2.0,2.0,7,1,5,6,2,6,6,6,2,1,37.0,25.0,11.0,65.0,61.0,74.0,100.0,75.0,28.0,93.0,1,2,2,1,2,1,1,1,2,1,2,1,1,2,2,2,2,1,1,1,1,2,1,2,2,2,1,2,1,1,1,2,1,2,1,1,1,2,2,1
633,2,4,4,5,3,5,4,4,4,3,85.0,,4.0,,,,,4.0,5.0,2.0,,7.0,1.0,51.0,,1.0,,1.0,4.0,4.0,,,,,,,,15.0,,2.0,2.0,,,,2.0,,4.0,,,,,,,,,,,1.0,1.0,1.0,2.0,1.0,1.0,6,2,7,7,2,5,7,7,3,1,30.0,45.0,50.0,60.0,25.0,75.0,70.0,55.0,80.0,35.0,2,1,1,1,2,2,1,1,2,1,1,2,1,1,2,2,2,2,2,2,1,2,2,1,1,1,2,2,2,1,2,2,2,2,2,1,1,1,2,1
740,5,5,5,5,4,3,5,5,5,3,64.0,,5.0,,,,,3.0,3.0,3.0,,3.0,2.0,1.0,,1.0,,,,,,,,1.0,4.0,3.0,,15.0,,2.0,,9.0,,1.0,,5.0,,1.0,2.0,1.0,2.0,1.0,2.0,1.0,2.0,1.0,2.0,,,,,,,6,5,1,1,6,6,7,7,1,2,39.0,32.0,56.0,32.0,79.0,22.0,95.0,48.0,38.0,18.0,2,2,2,2,1,2,1,1,2,2,2,1,2,1,1,1,1,2,1,1,1,1,2,1,1,1,1,2,1,1,1,2,1,2,2,1,2,2,2,1
828,4,4,3,2,4,2,4,5,5,1,,80.0,5.0,,2.0,2.0,5.0,,,,6.0,,2.0,9.0,,,2.0,,,,,,,2.0,5.0,6.0,,15.0,,1.0,3.0,,,2.0,,,4.0,1.0,1.0,2.0,1.0,1.0,1.0,2.0,1.0,1.0,2.0,,,,,,,7,3,3,6,2,6,6,6,3,2,71.0,86.0,54.0,5.0,87.0,12.0,80.0,96.0,86.0,14.0,2,1,2,2,2,2,2,2,2,2,2,2,2,2,1,2,1,2,1,2,2,1,1,2,2,2,2,2,1,2,2,2,1,2,2,2,1,1,2,1
646,4,4,4,5,5,5,5,5,2,1,70.0,,,1.0,3.0,4.0,5.0,,,,6.0,,,,2.0,1.0,,3.0,5.0,2.0,,,,,,,20.0,,,2.0,,9.0,,,1.0,5.0,,1.0,1.0,2.0,1.0,1.0,1.0,2.0,1.0,1.0,2.0,,,,,,,6,1,5,5,3,7,6,6,3,1,35.0,15.0,25.0,46.0,55.0,55.0,79.0,56.0,50.0,30.0,1,1,2,1,1,2,2,2,1,1,2,2,1,2,1,2,1,2,2,1,2,2,1,1,1,1,1,2,1,2,2,1,2,1,2,1,2,2,2,1
735,5,5,5,5,5,5,5,5,1,1,66.0,,1.0,,,,,5.0,4.0,4.0,6.0,,,,2.0,,1.0,,,,4.0,5.0,6.0,,,,,5.0,,2.0,,,3.0,,2.0,,6.0,1.0,1.0,1.0,2.0,1.0,2.0,1.0,2.0,1.0,1.0,,,,,,,7,2,6,7,1,3,6,3,4,1,60.0,60.0,60.0,70.0,70.0,55.0,90.0,70.0,45.0,25.0,2,1,2,1,1,2,2,2,2,1,2,2,1,1,2,2,1,2,1,2,2,2,1,2,2,1,1,1,2,1,2,1,2,2,1,2,1,1,2,2
129,4,5,5,5,4,5,5,5,1,3,,30.0,4.0,,,,,3.0,3.0,3.0,,6.0,1.0,50.0,,,2.0,,,,1.0,5.0,5.0,,,,,5.0,1.0,,,,2.0,2.0,,,5.0,,,,,,,,,,,1.0,1.0,1.0,1.0,1.0,1.0,6,4,5,3,3,3,6,6,3,1,27.0,8.0,31.0,38.0,66.0,41.0,43.0,52.0,48.0,54.0,2,2,2,1,2,2,2,1,2,2,2,2,2,2,2,1,2,2,2,2,2,2,2,2,2,1,2,2,2,2,2,2,1,2,2,2,2,2,2,2
461,5,4,5,5,3,2,4,5,1,4,75.0,,,1.0,,,,1.0,2.0,4.0,,7.0,1.0,40.0,,,2.0,4.0,5.0,3.0,,,,,,,,15.0,1.0,,,,3.0,2.0,,6.0,,,,,,,,,,,,1.0,1.0,1.0,1.0,1.0,2.0,7,2,1,6,1,5,7,2,1,1,96.0,100.0,89.0,93.0,83.0,11.0,73.0,49.0,26.0,83.0,2,1,1,1,2,2,1,1,2,2,1,1,1,2,1,2,2,1,2,1,1,1,1,2,1,2,1,1,1,1,1,1,1,1,1,1,2,1,1,1
512,4,5,4,4,4,5,4,4,5,5,,70.0,4.0,,5.0,4.0,6.0,,,,,6.0,1.0,50.0,,1.0,,,,,,,,3.0,5.0,6.0,15.0,,1.0,,,,3.0,,2.0,,5.0,,,,,,,,,,,1.0,1.0,2.0,1.0,2.0,1.0,2,5,3,6,5,4,7,3,2,2,92.0,83.0,93.0,100.0,84.0,46.0,100.0,65.0,96.0,100.0,1,1,2,1,1,2,1,1,1,1,1,1,2,2,1,1,2,1,1,1,2,1,2,1,1,2,1,1,1,2,2,1,2,2,1,2,2,2,2,2
687,1,4,1,1,3,1,4,1,5,3,,71.0,,3.0,,,,3.0,4.0,5.0,5.0,,,,1.0,1.0,,,,,,,,3.0,2.0,3.0,16.0,,1.0,,,,1.0,2.0,,,5.0,,,,,,,,,,,1.0,1.0,2.0,2.0,1.0,1.0,4,1,2,2,1,6,5,5,1,2,46.0,53.0,54.0,39.0,50.0,23.0,72.0,64.0,65.0,54.0,1,2,1,2,1,2,1,1,1,2,1,2,1,2,1,2,2,1,1,1,1,1,2,1,2,2,1,1,1,2,2,1,1,1,2,1,2,1,1,1
123,1,2,4,5,4,3,4,5,4,5,50.0,,4.0,,4.0,3.0,1.0,,,,,7.0,1.0,15.0,,,1.0,1.0,4.0,5.0,,,,,,,,10.0,1.0,,,9.0,,2.0,,,6.0,1.0,1.0,1.0,1.0,1.0,1.0,1.0,1.0,1.0,2.0,,,,,,,7,1,1,3,5,5,6,6,4,2,25.0,36.0,88.0,93.0,96.0,39.0,98.0,97.0,58.0,88.0,2,2,2,2,2,2,2,2,2,2,1,2,2,1,1,2,2,2,1,2,2,2,2,2,1,2,2,2,2,1,2,2,1,2,2,2,2,2,2,2
951,4,3,2,2,3,4,4,4,4,4,,30.0,6.0,,5.0,2.0,2.0,,,,,5.0,1.0,35.0,,1.0,,,,,4.0,5.0,6.0,,,,,20.0,,1.0,,10.0,,,2.0,,5.0,1.0,1.0,1.0,1.0,1.0,1.0,1.0,1.0,1.0,1.0,,,,,,,5,3,4,5,3,2,5,2,2,1,39.0,15.0,35.0,51.0,53.0,50.0,77.0,89.0,51.0,55.0,2,1,2,2,2,2,1,1,2,1,2,2,2,1,2,1,1,1,1,1,1,1,2,2,1,1,1,1,1,1,2,2,1,2,2,2,1,1,2,1
822,4,5,4,4,4,5,4,4,5,4,66.0,,,5.0,5.0,5.0,5.0,,,,4.0,,1.0,54.0,,1.0,,5.0,4.0,6.0,,,,,,,15.0,,,1.0,,5.0,,,1.0,,5.0,,,,,,,,,,,1.0,1.0,1.0,1.0,1.0,1.0,6,5,5,6,5,6,6,5,3,1,30.0,16.0,25.0,33.0,24.0,27.0,19.0,30.0,21.0,31.0,1,1,1,2,1,1,2,1,1,1,1,2,2,2,2,2,1,1,1,1,1,1,2,2,2,2,1,1,1,1,1,1,1,1,1,1,1,1,1,1
518,1,1,1,1,2,1,4,2,5,5,,67.0,,2.0,,,,4.0,4.0,2.0,,6.0,1.0,20.0,,1.0,,,,,,,,1.0,5.0,6.0,,5.0,,1.0,,10.0,,,2.0,,4.0,1.0,1.0,1.0,1.0,1.0,1.0,1.0,1.0,1.0,1.0,,,,,,,7,4,7,7,2,5,5,5,3,1,33.0,25.0,40.0,25.0,34.0,20.0,85.0,75.0,70.0,74.0,2,2,2,2,2,2,2,2,2,1,2,2,1,2,2,1,2,2,2,2,2,2,2,1,2,2,1,2,2,2,2,2,2,1,2,2,2,1,2,2
277,2,2,2,4,2,3,4,3,5,5,71.0,,,3.0,,,,4.0,2.0,1.0,,5.0,,,2.0,,2.0,,,,4.0,5.0,5.0,,,,,20.0,,2.0,,,1.0,,2.0,5.0,,1.0,2.0,1.0,1.0,2.0,1.0,2.0,1.0,1.0,1.0,,,,,,,6,3,4,4,2,3,5,6,2,2,29.0,29.0,25.0,59.0,57.0,42.0,57.0,28.0,100.0,80.0,1,2,2,1,1,1,1,2,2,2,2,2,1,2,2,1,1,2,2,2,2,2,2,1,2,1,2,2,2,1,2,1,1,1,2,2,2,1,2,2
304,4,4,4,5,4,4,3,5,3,3,70.0,,5.0,,3.0,4.0,3.0,,,,,6.0,1.0,22.0,,1.0,,3.0,4.0,5.0,,,,,,,,10.0,,2.0,,2.0,,2.0,,5.0,,,,,,,,,,,,1.0,1.0,1.0,1.0,1.0,1.0,7,2,3,3,2,5,6,7,4,1,45.0,40.0,35.0,50.0,65.0,50.0,70.0,85.0,55.0,40.0,2,2,2,2,2,2,2,2,2,2,2,2,2,1,2,2,2,2,1,1,2,1,2,2,2,2,1,1,1,1,2,2,2,2,2,2,1,1,2,2
75,3,3,3,5,5,2,4,3,4,5,30.0,,,3.0,4.0,4.0,4.0,,,,,,1.0,20.0,,,2.0,,,,2.0,4.0,3.0,,,,,10.0,1.0,,5.0,,,,1.0,,4.0,,,,,,,,,,,1.0,1.0,1.0,1.0,2.0,2.0,5,1,3,3,2,6,5,5,3,2,50.0,33.0,59.0,60.0,73.0,33.0,49.0,69.0,29.0,81.0,2,1,2,2,1,1,2,1,2,1,2,1,2,2,2,2,1,1,2,1,1,1,1,1,2,2,1,1,1,1,1,2,1,1,1,1,2,2,2,1
990,4,5,5,5,3,5,5,5,1,2,,30.0,6.0,,3.0,2.0,2.0,,,,,6.0,1.0,15.0,,1.0,,,,,,,,1.0,5.0,6.0,,10.0,,1.0,,9.0,,1.0,,,6.0,,,,,,,,,,,1.0,1.0,1.0,1.0,1.0,1.0,6,1,4,3,4,6,7,7,3,1,25.0,35.0,45.0,68.0,46.0,77.0,50.0,95.0,52.0,48.0,1,2,1,2,2,1,1,2,2,2,2,2,1,2,2,2,2,1,2,2,1,2,1,1,2,2,2,2,2,1,2,1,1,1,2,2,1,1,2,1
202,4,5,3,2,3,4,4,3,4,2,50.0,,5.0,,,,,1.0,2.0,2.0,6.0,,1.0,20.0,,,1.0,,,,,,,3.0,5.0,4.0,10.0,,1.0,,,,3.0,2.0,,4.0,,,,,,,,,,,,1.0,2.0,2.0,2.0,1.0,1.0,6,1,4,3,2,6,5,6,3,2,71.0,55.0,80.0,75.0,85.0,50.0,85.0,60.0,57.0,40.0,1,2,2,1,1,2,1,1,2,1,1,1,1,2,2,2,1,2,1,1,1,2,1,1,2,2,1,1,1,1,1,2,2,1,1,2,2,1,1,1
371,2,2,1,1,1,4,4,4,4,4,,83.0,,2.0,,,,4.0,5.0,4.0,,6.0,2.0,8.0,,1.0,,2.0,2.0,4.0,,,,,,,2.0,,,1.0,5.0,,,1.0,,,4.0,1.0,1.0,1.0,1.0,1.0,1.0,1.0,2.0,2.0,2.0,,,,,,,6,3,5,5,5,5,5,5,1,2,56.0,64.0,50.0,45.0,40.0,70.0,58.0,59.0,62.0,62.0,2,1,2,2,2,1,2,2,2,2,2,2,2,2,2,2,1,1,2,2,2,2,2,1,1,2,2,2,1,1,2,2,2,2,2,1,2,2,2,2
197,4,4,2,4,4,4,4,5,1,5,,33.0,,2.0,,,,2.0,5.0,1.0,3.0,,2.0,5.0,,1.0,,,,,,,,3.0,4.0,2.0,12.0,,,2.0,2.0,,,1.0,,4.0,,1.0,1.0,1.0,1.0,1.0,1.0,1.0,2.0,2.0,2.0,,,,,,,6,1,1,3,3,7,7,7,2,1,57.0,42.0,21.0,74.0,81.0,13.0,62.0,94.0,94.0,39.0,2,1,2,2,2,2,1,2,1,2,2,2,2,1,2,2,2,2,2,1,1,2,2,1,2,1,2,2,2,1,2,2,2,1,2,2,2,2,2,2
896,4,4,4,5,5,4,5,5,3,2,70.0,,6.0,,,,,5.0,2.0,2.0,,7.0,1.0,40.0,,,1.0,,,,,,,4.0,5.0,6.0,10.0,,,2.0,1.0,,,2.0,,,5.0,,,,,,,,,,,1.0,2.0,1.0,2.0,1.0,1.0,6,2,2,2,5,3,7,7,1,2,55.0,45.0,40.0,30.0,60.0,20.0,65.0,10.0,70.0,5.0,1,2,1,1,1,1,2,1,1,1,1,1,2,1,1,1,2,2,1,1,1,1,2,1,1,1,2,2,2,1,1,1,1,1,1,2,2,1,1,1
156,5,5,5,5,4,5,5,5,2,1,,80.0,4.0,,3.0,4.0,4.0,,,,,6.0,,,2.0,1.0,,,,,3.0,5.0,4.0,,,,15.0,,,2.0,,5.0,,,2.0,,4.0,,,,,,,,,,,1.0,1.0,2.0,1.0,1.0,2.0,5,3,4,4,5,5,5,5,4,1,72.0,46.0,58.0,30.0,66.0,40.0,80.0,95.0,60.0,60.0,1,1,1,2,1,1,1,2,1,1,2,2,2,2,2,2,2,2,1,1,2,2,2,1,2,2,1,1,1,2,1,2,2,2,1,2,1,1,1,1
639,5,5,5,5,5,5,5,5,1,1,,30.0,2.0,,2.0,4.0,3.0,,,,,4.0,,,2.0,,2.0,,,,1.0,4.0,1.0,,,,,0.0,1.0,,,9.0,,,1.0,5.0,,1.0,1.0,1.0,1.0,1.0,1.0,1.0,1.0,1.0,1.0,,,,,,,5,1,4,5,2,6,6,6,4,1,34.0,18.0,40.0,34.0,34.0,39.0,73.0,73.0,56.0,24.0,1,2,1,1,2,2,2,2,2,2,2,2,2,2,1,1,1,2,2,1,2,1,2,2,2,1,1,2,1,2,2,2,2,2,1,1,2,1,2,2
924,4,5,4,5,3,5,5,5,1,5,60.0,,,3.0,3.0,5.0,5.0,,,,,7.0,1.0,54.0,,1.0,,2.0,4.0,4.0,,,,,,,,18.0,,1.0,,,1.0,,2.0,,4.0,1.0,1.0,2.0,2.0,2.0,2.0,2.0,2.0,2.0,2.0,,,,,,,7,5,5,5,1,7,7,7,3,1,61.0,16.0,49.0,49.0,52.0,46.0,68.0,62.0,47.0,58.0,2,2,1,1,1,1,2,2,2,1,2,1,2,2,1,1,2,1,2,2,1,2,2,2,1,2,1,1,2,1,2,1,1,1,1,1,1,2,1,1
857,4,3,4,5,4,4,4,5,2,4,90.0,,,4.0,,,,3.0,3.0,3.0,,2.0,,,1.0,1.0,,1.0,5.0,5.0,,,,,,,,5.0,1.0,,2.0,,,1.0,,,5.0,,,,,,,,,,,1.0,1.0,1.0,1.0,1.0,1.0,6,2,6,5,2,6,5,7,1,1,40.0,10.0,40.0,50.0,60.0,30.0,70.0,80.0,55.0,85.0,2,2,1,2,2,1,2,2,2,1,1,2,2,1,2,2,1,2,1,2,1,2,2,2,2,2,2,2,1,2,2,2,2,2,2,1,2,1,2,2
349,1,1,1,1,4,2,2,1,5,3,,30.0,,2.0,,,,3.0,4.0,2.0,,5.0,1.0,24.0,,,2.0,2.0,4.0,4.0,,,,,,,,15.0,1.0,,,8.0,,1.0,,,4.0,,,,,,,,,,,1.0,1.0,1.0,1.0,1.0,1.0,6,5,5,5,3,6,7,6,1,2,30.0,59.0,38.0,46.0,66.0,35.0,65.0,45.0,58.0,45.0,1,1,2,1,2,2,1,2,1,2,2,2,2,2,2,1,1,2,2,2,2,2,2,1,2,2,1,1,2,2,2,1,2,2,2,2,1,1,2,1
555,3,4,3,4,3,2,5,1,3,4,71.0,,,2.0,,,,3.0,3.0,3.0,2.0,,1.0,50.0,,,2.0,,,,5.0,5.0,5.0,,,,,15.0,1.0,,,4.0,,1.0,,,6.0,1.0,1.0,1.0,1.0,2.0,2.0,2.0,1.0,1.0,1.0,,,,,,,7,1,4,4,1,7,6,6,2,1,60.0,65.0,90.0,92.0,46.0,45.0,86.0,69.0,81.0,58.0,2,1,2,1,1,2,2,2,2,1,1,2,1,2,2,2,1,2,1,2,1,2,1,2,2,2,1,2,2,2,2,2,2,2,2,1,1,1,1,2
426,4,4,3,4,4,4,4,4,4,3,92.0,,4.0,,,,,3.0,5.0,3.0,3.0,,,,1.0,1.0,,,,,,,,4.0,3.0,4.0,18.0,,,1.0,,,1.0,,2.0,4.0,,,,,,,,,,,,1.0,2.0,1.0,1.0,2.0,1.0,5,2,4,4,3,5,5,5,1,2,40.0,40.0,25.0,46.0,68.0,58.0,65.0,71.0,68.0,47.0,1,1,2,1,2,2,2,1,2,1,2,1,2,2,2,1,1,2,2,2,1,1,2,2,2,2,2,1,2,1,2,2,2,2,2,2,2,2,2,2
38,2,2,2,2,2,4,4,4,4,4,,30.0,6.0,,4.0,4.0,4.0,,,,5.0,,,,2.0,,1.0,,,,3.0,2.0,4.0,,,,,0.0,,2.0,2.0,,,2.0,,,3.0,,,,,,,,,,,1.0,1.0,2.0,2.0,1.0,1.0,6,6,6,6,6,6,6,6,1,1,0.0,0.0,0.0,0.0,0.0,0.0,0.0,0.0,1.0,0.0,2,2,1,2,1,1,1,1,2,2,1,2,2,2,1,1,2,2,1,2,2,2,2,2,2,2,1,1,2,1,2,2,2,2,1,2,2,1,2,1
594,2,4,3,5,5,5,5,5,3,5,,30.0,3.0,,5.0,5.0,3.0,,,,6.0,,,,2.0,,2.0,5.0,5.0,6.0,,,,,,,,10.0,,2.0,2.0,,,1.0,,1.0,,,,,,,,,,,,1.0,1.0,1.0,1.0,1.0,1.0,7,7,6,6,1,7,5,5,2,1,30.0,15.0,15.0,49.0,49.0,49.0,49.0,49.0,52.0,49.0,1,1,1,1,2,2,2,2,1,2,1,1,1,2,2,1,2,2,2,1,2,2,2,2,1,1,2,2,2,2,2,1,2,2,2,1,2,2,1,2
772,1,3,3,3,4,3,5,3,5,2,,75.0,,3.0,,,,4.0,3.0,2.0,6.0,,2.0,6.0,,,2.0,2.0,5.0,3.0,,,,,,,,16.0,1.0,,,,2.0,1.0,,,4.0,1.0,1.0,1.0,1.0,1.0,1.0,1.0,2.0,2.0,2.0,,,,,,,5,2,6,4,4,7,6,6,3,1,40.0,25.0,45.0,55.0,60.0,45.0,90.0,70.0,65.0,50.0,2,2,2,1,1,1,2,1,1,2,2,2,2,2,1,2,1,2,1,2,2,2,2,2,2,1,1,1,2,2,1,2,2,1,2,2,2,2,1,2
388,3,4,4,5,5,4,5,5,3,4,66.0,,,2.0,,,,3.0,3.0,3.0,,6.0,,,2.0,,2.0,1.0,5.0,4.0,,,,,,,5.0,,1.0,,,,4.0,1.0,,,6.0,1.0,2.0,2.0,1.0,1.0,1.0,2.0,1.0,1.0,1.0,,,,,,,6,1,6,2,1,7,5,5,2,2,21.0,21.0,20.0,70.0,70.0,50.0,85.0,89.0,50.0,64.0,1,2,1,1,2,1,2,2,2,1,2,2,2,1,2,1,2,1,2,2,1,2,2,2,1,2,1,1,2,1,2,2,2,2,1,2,2,2,2,2
601,4,4,4,5,5,5,5,5,2,2,,30.0,,4.0,3.0,3.0,3.0,,,,,5.0,1.0,20.0,,,2.0,,,,5.0,4.0,5.0,,,,20.0,,1.0,,3.0,,,,2.0,4.0,,1.0,1.0,2.0,1.0,1.0,2.0,1.0,1.0,1.0,2.0,,,,,,,7,4,7,7,2,6,4,5,4,1,40.0,20.0,40.0,25.0,33.0,40.0,60.0,50.0,40.0,30.0,2,2,2,2,2,2,2,2,2,2,2,2,2,2,1,2,2,1,1,2,1,2,1,2,2,2,1,2,1,1,2,2,2,1,1,2,2,2,1,2
707,5,5,5,5,3,5,5,5,1,1,,30.0,,6.0,,,,4.0,4.0,4.0,6.0,,,,2.0,1.0,,3.0,5.0,5.0,,,,,,,,0.0,2.0,,,,2.0,2.0,,6.0,,,,,,,,,,,,1.0,1.0,2.0,1.0,2.0,1.0,6,2,4,3,1,3,5,6,4,1,55.0,40.0,60.0,71.0,42.0,48.0,73.0,67.0,30.0,23.0,1,2,1,2,2,1,2,2,1,1,1,2,2,2,2,2,1,1,1,1,1,2,1,2,2,2,2,2,2,2,2,1,2,2,1,2,2,2,1,1
674,1,2,1,2,4,1,5,1,5,4,75.0,,3.0,,,,,3.0,3.0,2.0,,5.0,,,2.0,,1.0,,,,5.0,3.0,4.0,,,,20.0,,,2.0,1.0,,,,2.0,3.0,,,,,,,,,,,,1.0,1.0,2.0,1.0,2.0,1.0,5,2,5,1,3,7,5,7,1,1,45.0,33.0,44.0,47.0,58.0,42.0,79.0,54.0,48.0,65.0,2,2,2,2,2,1,1,1,2,2,2,2,2,1,2,2,1,1,1,1,2,1,1,2,2,2,2,1,1,1,1,2,1,1,2,2,1,2,2,2
492,2,2,2,4,3,1,4,4,5,5,50.0,,5.0,,,,,3.0,3.0,2.0,,6.0,,,2.0,1.0,,3.0,3.0,4.0,,,,,,,,10.0,2.0,,1.0,,,1.0,,,4.0,,,,,,,,,,,1.0,1.0,1.0,1.0,2.0,2.0,3,1,7,5,3,4,4,5,2,1,30.0,40.0,50.0,75.0,30.0,15.0,80.0,80.0,80.0,100.0,2,1,1,1,2,1,2,2,2,1,2,2,2,2,1,2,1,2,1,2,1,2,2,2,1,1,2,1,2,1,2,2,2,1,2,1,1,1,2,2
969,1,1,1,1,3,1,1,1,5,4,,30.0,3.0,,4.0,3.0,5.0,,,,,7.0,1.0,50.0,,,2.0,,,,,,,1.0,4.0,5.0,15.0,,,2.0,,,2.0,1.0,,,4.0,2.0,2.0,1.0,1.0,2.0,1.0,2.0,2.0,1.0,2.0,,,,,,,5,1,1,1,1,6,6,7,1,1,30.0,20.0,39.0,48.0,17.0,43.0,53.0,57.0,52.0,11.0,2,2,2,2,2,2,2,2,2,2,2,2,2,2,2,2,2,2,2,2,2,1,2,2,2,2,2,1,2,2,2,2,2,2,1,2,2,2,2,2
520,2,1,1,1,1,1,1,1,5,1,92.0,,,4.0,,,,,,,6.0,,1.0,25.0,,1.0,,,,,,,,3.0,5.0,6.0,5.0,,,1.0,3.0,,,,2.0,5.0,,1.0,1.0,2.0,1.0,1.0,2.0,1.0,2.0,1.0,2.0,,,,,,,7,2,3,3,6,3,5,5,3,1,36.0,17.0,20.0,2.0,26.0,27.0,58.0,24.0,81.0,24.0,2,1,2,2,2,1,2,2,2,2,2,2,2,2,2,2,2,2,2,2,2,2,2,2,2,2,2,2,2,2,2,2,2,2,2,1,2,1,2,2
453,3,4,3,2,3,1,4,5,5,4,,85.0,4.0,,,,,2.0,1.0,1.0,,3.0,2.0,1.0,,1.0,,1.0,4.0,5.0,,,,,,,,8.0,1.0,,,,2.0,,1.0,,2.0,,,,,,,,,,,1.0,1.0,1.0,1.0,2.0,2.0,6,2,4,4,2,7,7,7,2,1,36.0,57.0,51.0,15.0,37.0,1.0,70.0,100.0,95.0,80.0,1,2,2,2,2,1,1,2,1,1,1,1,1,2,2,1,2,2,1,1,1,2,2,2,2,2,1,1,1,2,2,2,2,1,1,2,1,2,1,1
810,4,4,4,4,4,5,4,5,1,3,35.0,,,3.0,,,,3.0,4.0,2.0,4.0,,2.0,25.0,,1.0,,,,,,,,3.0,4.0,4.0,,5.0,1.0,,,,2.0,1.0,,4.0,,1.0,1.0,1.0,1.0,1.0,2.0,2.0,2.0,2.0,2.0,,,,,,,6,5,3,4,4,4,5,4,4,1,54.0,50.0,55.0,52.0,58.0,57.0,33.0,73.0,48.0,37.0,2,2,2,1,1,1,1,1,2,1,2,2,2,1,1,1,2,2,2,1,2,2,1,1,1,2,1,1,2,2,1,2,2,1,1,1,1,2,2,1
86,1,1,1,1,2,1,5,4,5,2,,30.0,5.0,,3.0,5.0,5.0,,,,,6.0,,,2.0,1.0,,1.0,1.0,1.0,,,,,,,0.0,,2.0,,,3.0,,1.0,,,4.0,1.0,1.0,2.0,1.0,2.0,1.0,2.0,1.0,1.0,1.0,,,,,,,2,7,3,5,5,6,1,3,1,1,50.0,50.0,65.0,60.0,50.0,25.0,85.0,65.0,70.0,40.0,1,1,1,1,2,2,1,1,1,2,2,2,1,2,1,1,2,2,2,2,1,2,2,1,2,1,2,2,1,1,2,2,2,1,2,1,1,1,1,1
963,5,3,3,4,5,4,5,5,3,3,75.0,,,4.0,2.0,3.0,3.0,,,,6.0,,,,2.0,,2.0,,,,,,,4.0,4.0,2.0,,10.0,1.0,,,6.0,,2.0,,,2.0,,,,,,,,,,,1.0,1.0,1.0,1.0,1.0,1.0,7,5,6,6,5,6,5,5,4,1,80.0,54.0,34.0,64.0,88.0,25.0,96.0,83.0,50.0,25.0,1,1,2,2,1,2,2,1,1,2,2,2,2,1,2,2,1,1,1,1,1,2,1,2,1,1,2,1,2,2,1,1,2,2,1,1,1,1,2,2
284,1,1,3,4,3,3,5,3,4,4,,71.0,4.0,,4.0,3.0,1.0,,,,6.0,,,,2.0,,1.0,,,,,,,3.0,5.0,5.0,,10.0,,1.0,,10.0,,,1.0,2.0,,,,,,,,,,,,1.0,1.0,1.0,1.0,2.0,2.0,6,1,2,2,2,5,5,6,1,2,4.0,33.0,16.0,45.0,73.0,15.0,85.0,43.0,67.0,81.0,1,2,2,2,2,2,1,2,2,2,2,2,2,2,1,2,2,2,1,2,2,2,1,1,2,2,2,1,2,2,2,1,2,2,2,1,2,2,2,1
498,1,3,2,4,4,3,4,4,3,4,,30.0,,5.0,,,,3.0,2.0,2.0,,6.0,1.0,14.0,,,2.0,,,,4.0,5.0,6.0,,,,,20.0,1.0,,,3.0,,1.0,,,4.0,1.0,1.0,2.0,1.0,1.0,1.0,2.0,1.0,2.0,1.0,,,,,,,6,1,4,5,5,5,5,6,3,2,15.0,45.0,10.0,60.0,30.0,48.0,20.0,30.0,50.0,52.0,1,1,1,2,2,2,1,1,2,1,1,1,1,1,2,1,1,2,2,2,1,1,1,1,1,1,1,1,1,2,1,1,2,1,2,1,1,1,2,1
111,4,5,3,3,4,3,3,4,4,4,70.0,,5.0,,,,,5.0,4.0,5.0,5.0,,,,2.0,,2.0,,,,3.0,4.0,5.0,,,,,15.0,,2.0,,2.0,,2.0,,5.0,,2.0,1.0,2.0,2.0,1.0,1.0,2.0,2.0,1.0,2.0,,,,,,,6,5,5,6,5,4,5,4,3,1,44.0,56.0,45.0,51.0,51.0,42.0,61.0,50.0,36.0,46.0,1,1,1,2,1,1,1,1,1,1,2,2,1,1,2,1,1,1,1,1,1,2,2,1,2,2,1,1,1,1,2,1,1,1,2,1,1,1,2,2
47,1,1,1,1,4,2,1,1,5,5,70.0,,5.0,,5.0,4.0,5.0,,,,,5.0,,,2.0,,1.0,,,,5.0,5.0,4.0,,,,,9.0,2.0,,3.0,,,,1.0,2.0,,2.0,2.0,1.0,1.0,1.0,1.0,1.0,1.0,1.0,1.0,,,,,,,6,2,6,5,5,6,5,3,4,2,46.0,22.0,40.0,44.0,59.0,29.0,58.0,67.0,42.0,56.0,2,1,1,1,2,1,1,1,1,2,2,2,2,2,1,1,2,1,1,2,1,2,2,1,1,2,2,1,1,1,2,1,2,2,1,2,1,1,1,2
459,5,3,5,4,4,5,5,5,1,3,,30.0,,1.0,,,,4.0,4.0,3.0,4.0,,1.0,47.0,,1.0,,,,,2.0,4.0,6.0,,,,12.0,,2.0,,,10.0,,,2.0,,3.0,2.0,1.0,2.0,2.0,1.0,1.0,1.0,1.0,2.0,1.0,,,,,,,6,2,4,3,3,5,6,6,3,2,35.0,37.0,83.0,21.0,68.0,74.0,58.0,87.0,56.0,53.0,2,2,2,1,2,2,2,2,2,1,2,2,2,1,2,1,2,2,2,1,1,2,2,2,2,2,2,2,1,2,2,1,2,2,2,2,2,2,1,2
336,3,4,3,3,3,4,3,3,4,4,,30.0,,1.0,,,,3.0,2.0,2.0,6.0,,2.0,3.0,,,2.0,4.0,4.0,4.0,,,,,,,15.0,,1.0,,,,4.0,1.0,,4.0,,1.0,2.0,1.0,2.0,2.0,2.0,2.0,1.0,1.0,2.0,,,,,,,5,2,2,4,3,5,7,5,1,1,55.0,50.0,40.0,81.0,82.0,77.0,75.0,74.0,67.0,60.0,1,2,1,2,1,1,2,1,1,1,2,1,2,1,2,1,2,1,1,1,1,2,1,2,1,1,2,2,1,2,2,2,1,2,1,2,1,1,2,2
245,4,4,4,4,4,2,4,3,4,4,90.0,,,3.0,2.0,2.0,2.0,,,,,6.0,,,2.0,1.0,,,,,,,,3.0,2.0,4.0,18.0,,1.0,,,,3.0,,2.0,,5.0,,,,,,,,,,,1.0,1.0,1.0,2.0,2.0,1.0,6,2,3,4,2,6,5,4,3,1,72.0,63.0,73.0,79.0,84.0,76.0,66.0,73.0,78.0,84.0,1,1,1,1,1,1,1,1,2,1,1,1,1,1,1,1,1,1,2,1,1,1,1,1,1,1,1,1,1,2,1,2,1,2,1,1,1,2,1,1
32,5,5,5,5,5,5,5,5,1,1,,50.0,3.0,,3.0,3.0,3.0,,,,,6.0,,,2.0,1.0,,1.0,5.0,6.0,,,,,,,,0.0,1.0,,1.0,,,1.0,,,6.0,1.0,1.0,1.0,1.0,1.0,1.0,1.0,1.0,1.0,1.0,,,,,,,7,1,1,3,5,7,7,6,1,1,50.0,50.0,50.0,50.0,50.0,50.0,50.0,50.0,50.0,50.0,2,2,2,1,2,2,2,2,2,2,1,2,2,2,1,2,2,2,2,1,2,1,2,1,2,2,1,1,1,2,2,1,2,2,2,1,2,2,2,2
6,5,5,5,5,4,5,5,5,2,4,,30.0,2.0,,2.0,2.0,2.0,,,,6.0,,,,2.0,,2.0,,,,,,,4.0,5.0,6.0,20.0,,,2.0,,,1.0,1.0,,6.0,,,,,,,,,,,,1.0,1.0,2.0,1.0,1.0,2.0,6,5,5,4,5,7,6,6,2,1,70.0,65.0,80.0,80.0,60.0,65.0,70.0,85.0,40.0,60.0,2,1,2,2,2,1,1,2,1,1,2,2,2,2,1,2,2,2,1,2,2,2,1,1,1,2,1,2,2,1,2,1,2,2,2,2,1,1,2,2
343,4,3,4,5,5,4,5,5,5,3,,30.0,,3.0,3.0,4.0,4.0,,,,6.0,,,,2.0,1.0,,,,,5.0,5.0,4.0,,,,16.0,,1.0,,,,1.0,,2.0,2.0,,,,,,,,,,,,1.0,1.0,2.0,1.0,2.0,1.0,6,5,7,6,2,5,6,5,2,1,45.0,30.0,45.0,55.0,65.0,45.0,80.0,75.0,65.0,50.0,2,2,1,1,2,1,1,2,2,1,2,2,2,2,1,1,2,1,1,2,1,1,1,2,1,2,1,2,1,1,2,1,2,1,2,1,1,1,1,2
230,5,3,4,4,4,5,4,5,3,4,50.0,,4.0,,3.0,3.0,3.0,,,,,6.0,,,2.0,1.0,,,,,2.0,5.0,6.0,,,,15.0,,,2.0,2.0,,,,2.0,,5.0,1.0,1.0,1.0,1.0,1.0,1.0,1.0,1.0,1.0,1.0,,,,,,,5,1,4,4,2,6,6,5,1,1,70.0,50.0,55.0,50.0,70.0,65.0,80.0,95.0,50.0,60.0,2,2,2,1,1,1,1,2,2,2,2,2,2,1,1,2,2,2,2,1,1,2,1,2,1,2,2,2,1,2,2,2,2,1,2,1,2,1,2,1
865,4,2,2,3,4,2,3,3,4,3,,87.0,,2.0,3.0,4.0,3.0,,,,,7.0,2.0,7.0,,,2.0,1.0,4.0,4.0,,,,,,,,0.0,,1.0,2.0,,,,1.0,3.0,,,,,,,,,,,,1.0,1.0,1.0,1.0,2.0,2.0,6,2,3,3,3,5,6,6,2,1,85.0,21.0,65.0,75.0,75.0,45.0,61.0,87.0,50.0,70.0,1,2,2,1,2,2,1,1,1,1,1,1,2,2,2,1,2,2,2,1,1,2,2,2,2,1,2,2,1,2,2,1,2,2,2,1,1,2,2,2
916,1,1,1,5,3,1,4,3,5,1,,1.0,,2.0,,,,5.0,3.0,2.0,1.0,,1.0,30.0,,1.0,,,,,,,,5.0,4.0,2.0,,20.0,,2.0,,10.0,,,2.0,,2.0,1.0,1.0,1.0,1.0,1.0,1.0,1.0,1.0,1.0,1.0,,,,,,,6,2,5,3,5,5,6,5,1,2,30.0,20.0,20.0,70.0,30.0,40.0,60.0,60.0,80.0,30.0,2,2,1,1,2,2,2,2,2,2,2,1,1,2,2,2,2,1,1,2,1,1,2,1,1,2,1,1,2,1,2,2,2,2,2,2,1,2,2,2
164,3,4,3,5,3,3,5,3,3,5,73.0,,,3.0,,,,4.0,4.0,4.0,,7.0,,,1.0,,1.0,,,,3.0,3.0,2.0,,,,,5.0,2.0,,1.0,,,1.0,,,6.0,,,,,,,,,,,1.0,1.0,2.0,1.0,2.0,2.0,5,5,4,4,5,5,6,6,3,1,45.0,25.0,42.0,74.0,66.0,21.0,83.0,24.0,9.0,100.0,2,1,2,2,1,2,2,2,1,2,2,2,2,2,1,2,2,2,1,1,1,1,2,2,1,2,2,2,2,2,1,2,1,2,2,1,2,1,1,2
382,3,4,4,4,4,3,4,4,4,2,70.0,,,2.0,3.0,3.0,3.0,,,,,6.0,,,2.0,1.0,,1.0,4.0,6.0,,,,,,,,20.0,,2.0,1.0,,,1.0,,,4.0,,,,,,,,,,,1.0,1.0,1.0,1.0,2.0,2.0,6,2,6,5,2,5,5,5,2,1,43.0,20.0,43.0,45.0,45.0,47.0,50.0,50.0,51.0,10.0,2,2,2,2,1,2,2,1,2,1,2,2,2,2,1,1,2,2,2,2,1,1,2,2,1,2,2,2,1,2,1,2,2,2,1,1,1,2,2,2
778,5,5,5,5,5,5,5,5,3,5,92.0,,4.0,,2.0,2.0,5.0,,,,3.0,,2.0,7.0,,,1.0,,,,3.0,5.0,6.0,,,,,0.0,,1.0,,,2.0,,1.0,3.0,,1.0,1.0,1.0,2.0,1.0,1.0,2.0,1.0,2.0,1.0,,,,,,,7,4,4,3,1,6,7,7,3,2,71.0,50.0,40.0,36.0,34.0,75.0,79.0,58.0,92.0,48.0,1,2,1,2,2,2,1,2,2,1,1,1,1,2,2,2,2,2,1,2,2,2,2,2,2,1,2,2,2,1,2,2,2,1,1,2,2,1,2,2
895,4,4,4,5,5,5,1,1,5,5,,30.0,6.0,,,,,3.0,4.0,2.0,6.0,,,,1.0,,2.0,,,,3.0,5.0,6.0,,,,10.0,,,1.0,2.0,,,,2.0,,2.0,,,,,,,,,,,1.0,1.0,1.0,1.0,1.0,1.0,6,5,5,5,5,5,6,6,3,1,50.0,20.0,60.0,50.0,50.0,40.0,60.0,80.0,50.0,40.0,1,1,2,1,1,2,2,2,2,1,2,1,2,1,2,1,1,2,1,2,2,1,2,2,2,2,2,2,2,2,1,1,1,2,1,2,2,1,2,2
372,5,4,3,4,3,4,5,4,5,5,72.0,,5.0,,1.0,1.0,1.0,,,,3.0,,1.0,50.0,,,2.0,,,,,,,5.0,5.0,6.0,,15.0,1.0,,,,3.0,,2.0,6.0,,,,,,,,,,,,1.0,1.0,2.0,2.0,1.0,1.0,6,4,5,7,1,4,3,2,3,2,62.0,53.0,79.0,81.0,89.0,59.0,67.0,81.0,82.0,62.0,1,1,1,2,1,1,2,1,2,2,1,2,1,2,1,2,2,1,1,2,1,2,1,2,1,2,1,1,2,1,2,1,2,1,2,2,1,1,2,1
788,4,4,4,4,4,4,4,4,4,4,30.0,,,4.0,,,,3.0,2.0,3.0,,6.0,,,2.0,,2.0,,,,,,,2.0,4.0,4.0,9.0,,2.0,,2.0,,,,1.0,4.0,,1.0,1.0,1.0,1.0,1.0,1.0,2.0,2.0,2.0,2.0,,,,,,,3,2,2,2,3,3,5,5,3,1,5.0,5.0,12.0,32.0,47.0,25.0,21.0,22.0,27.0,18.0,1,1,1,1,1,1,2,2,1,2,2,2,1,2,2,2,2,2,2,2,2,2,2,2,2,2,2,2,1,2,2,2,2,2,2,2,2,1,2,1
201,5,3,5,2,4,5,4,3,2,2,,71.0,,3.0,,,,3.0,3.0,2.0,,6.0,,,2.0,,2.0,,,,4.0,5.0,6.0,,,,,0.0,,2.0,,10.0,,,2.0,,3.0,1.0,1.0,1.0,1.0,1.0,1.0,1.0,1.0,1.0,1.0,,,,,,,7,3,4,4,5,3,3,5,2,1,71.0,22.0,62.0,26.0,58.0,67.0,67.0,30.0,51.0,23.0,2,2,1,2,2,1,2,2,2,1,1,2,2,2,2,1,2,2,2,2,1,1,2,2,2,1,2,2,2,2,2,1,1,2,2,2,2,2,2,2
194,1,4,1,4,4,4,4,4,3,1,,30.0,,4.0,3.0,3.0,3.0,,,,,3.0,,,1.0,,2.0,,,,,,,4.0,4.0,4.0,,15.0,,1.0,,10.0,,1.0,,,4.0,,,,,,,,,,,1.0,1.0,1.0,1.0,2.0,2.0,7,1,2,2,5,7,7,7,1,2,12.0,12.0,11.0,40.0,49.0,60.0,50.0,50.0,53.0,0.0,2,2,2,2,2,1,2,1,2,2,1,2,1,2,2,1,1,2,1,1,2,2,1,1,2,2,2,2,2,2,1,1,2,1,1,2,2,1,2,1
854,4,3,4,4,4,4,5,5,5,5,,75.0,,5.0,,,,4.0,2.0,2.0,,5.0,,,2.0,,2.0,,,,,,,4.0,5.0,5.0,15.0,,,1.0,,10.0,,,2.0,,3.0,1.0,2.0,1.0,2.0,1.0,2.0,2.0,2.0,2.0,2.0,,,,,,,6,1,1,1,1,7,7,7,2,1,80.0,82.0,100.0,100.0,100.0,75.0,100.0,100.0,25.0,100.0,1,1,2,2,1,1,2,1,2,1,1,2,2,2,2,1,1,1,1,1,2,1,2,2,1,1,2,1,1,2,2,2,1,1,2,1,2,2,2,2
927,1,1,1,4,4,1,4,2,5,5,85.0,,5.0,,2.0,3.0,3.0,,,,6.0,,2.0,10.0,,,2.0,,,,,,,4.0,5.0,4.0,20.0,,1.0,,,4.0,,,2.0,,6.0,,,,,,,,,,,1.0,1.0,1.0,1.0,2.0,2.0,6,3,7,7,2,5,6,6,1,2,40.0,25.0,42.0,71.0,79.0,26.0,75.0,50.0,74.0,78.0,2,1,1,1,2,2,1,2,2,1,1,2,2,1,2,2,2,1,2,1,2,1,1,1,2,1,1,1,1,2,2,1,2,1,1,2,2,1,1,1
155,4,2,2,4,4,2,4,5,4,4,,90.0,,1.0,4.0,4.0,4.0,,,,6.0,,,,2.0,1.0,,1.0,5.0,6.0,,,,,,,20.0,,,2.0,,10.0,,1.0,,6.0,,,,,,,,,,,,1.0,1.0,2.0,1.0,1.0,2.0,7,1,6,6,2,7,5,5,3,1,30.0,25.0,20.0,25.0,50.0,25.0,65.0,50.0,59.0,50.0,1,2,1,1,2,1,2,1,2,2,2,2,2,1,1,1,2,2,2,2,1,2,1,2,2,1,1,2,2,2,2,2,2,2,2,2,2,2,1,2
749,4,4,4,4,4,2,5,2,5,4,,30.0,,1.0,1.0,1.0,3.0,,,,,6.0,,,2.0,,2.0,2.0,5.0,2.0,,,,,,,,20.0,,1.0,,6.0,,,2.0,,4.0,1.0,1.0,1.0,1.0,2.0,2.0,2.0,2.0,2.0,2.0,,,,,,,6,2,2,5,2,6,6,6,4,1,40.0,78.0,94.0,70.0,78.0,0.0,70.0,0.0,98.0,90.0,1,1,1,2,1,2,1,1,1,1,2,1,2,1,2,1,2,1,1,2,2,1,1,1,2,2,2,2,1,1,2,1,2,1,2,2,1,2,1,2
821,2,3,2,4,4,4,4,4,3,4,,30.0,,1.0,,,,3.0,3.0,2.0,,6.0,1.0,30.0,,1.0,,,,,2.0,4.0,4.0,,,,4.0,,,1.0,1.0,,,1.0,,,3.0,1.0,1.0,2.0,1.0,1.0,1.0,2.0,1.0,1.0,2.0,,,,,,,5,1,1,1,1,3,5,5,1,2,48.0,36.0,29.0,45.0,50.0,60.0,52.0,56.0,34.0,58.0,2,2,1,2,1,2,1,1,1,2,1,1,1,2,1,2,1,1,1,1,2,2,1,1,1,1,2,1,2,2,1,1,2,2,1,2,1,1,2,2
952,4,4,4,3,3,4,4,4,4,4,50.0,,4.0,,4.0,2.0,4.0,,,,,6.0,1.0,50.0,,1.0,,,,,,,,3.0,5.0,5.0,,15.0,1.0,,,10.0,,,1.0,4.0,,1.0,1.0,1.0,2.0,2.0,1.0,1.0,1.0,2.0,2.0,,,,,,,7,1,4,5,6,6,6,6,1,2,40.0,20.0,40.0,30.0,50.0,30.0,72.0,69.0,50.0,70.0,2,2,1,1,2,2,2,1,1,1,2,2,1,2,2,1,1,1,1,1,2,1,2,2,2,1,2,1,2,1,1,2,2,1,2,2,2,1,2,1
120,1,1,1,1,3,1,1,3,5,2,93.0,,,3.0,,,,5.0,3.0,3.0,,5.0,,,2.0,,2.0,1.0,1.0,1.0,,,,,,,15.0,,1.0,,1.0,,,,1.0,,4.0,1.0,1.0,1.0,1.0,1.0,1.0,1.0,1.0,1.0,1.0,,,,,,,5,4,5,6,3,5,4,3,1,1,12.0,8.0,6.0,3.0,28.0,93.0,14.0,38.0,86.0,53.0,2,2,2,2,1,1,1,2,1,1,1,2,2,1,1,2,2,1,2,2,1,2,1,1,2,2,2,1,1,2,2,2,2,2,2,2,1,2,1,2
993,5,5,5,5,5,5,5,5,2,2,75.0,,,2.0,4.0,4.0,4.0,,,,,6.0,,,2.0,1.0,,2.0,5.0,5.0,,,,,,,,17.0,,2.0,,,1.0,1.0,,,4.0,,,,,,,,,,,1.0,1.0,1.0,1.0,1.0,1.0,7,5,6,6,2,6,7,6,3,1,50.0,55.0,50.0,58.0,63.0,52.0,56.0,45.0,55.0,45.0,2,1,2,1,1,2,2,2,2,1,2,2,1,2,1,2,2,1,2,2,1,2,2,1,1,1,1,1,2,1,1,2,1,2,2,1,1,2,1,2
76,1,1,1,1,5,1,2,1,5,1,,30.0,6.0,,,,,4.0,4.0,4.0,1.0,,,,1.0,2.0,,,,,,,,3.0,1.0,1.0,,20.0,,1.0,,10.0,,1.0,,3.0,,1.0,2.0,2.0,2.0,1.0,1.0,1.0,2.0,2.0,2.0,,,,,,,1,1,1,1,3,6,6,6,1,2,7.0,5.0,6.0,5.0,100.0,7.0,5.0,9.0,100.0,39.0,2,2,2,2,2,1,1,1,2,2,2,2,2,1,2,1,2,2,2,1,2,2,2,1,1,1,2,2,2,2,2,1,2,1,2,2,2,2,2,2
468,2,3,4,4,4,3,4,4,4,3,100.0,,6.0,,,,,3.0,3.0,3.0,,6.0,1.0,35.0,,1.0,,,,,,,,4.0,5.0,5.0,15.0,,,2.0,3.0,,,1.0,,3.0,,1.0,1.0,1.0,2.0,1.0,1.0,2.0,1.0,1.0,2.0,,,,,,,5,5,4,4,5,6,6,6,1,1,60.0,39.0,70.0,80.0,83.0,26.0,95.0,75.0,75.0,63.0,2,2,2,1,1,2,2,2,1,1,1,1,1,2,1,1,1,1,2,2,1,1,2,1,2,1,1,2,1,1,1,1,1,2,1,2,1,2,1,1
307,1,2,1,1,3,1,3,1,5,3,,30.0,,5.0,,,,4.0,5.0,2.0,,7.0,1.0,18.0,,1.0,,,,,2.0,5.0,4.0,,,,15.0,,1.0,,,,2.0,,2.0,,4.0,1.0,1.0,2.0,1.0,1.0,2.0,2.0,1.0,1.0,1.0,,,,,,,6,2,5,5,2,5,6,6,1,1,32.0,27.0,18.0,22.0,34.0,23.0,65.0,27.0,63.0,75.0,2,1,2,2,1,1,2,2,1,1,2,2,2,1,1,2,2,1,1,1,2,2,1,2,2,2,1,2,1,1,2,2,1,1,2,2,2,2,1,2
274,4,4,4,4,4,3,3,3,3,3,,71.0,4.0,,2.0,2.0,3.0,,,,4.0,,1.0,54.0,,,2.0,,,,,,,4.0,4.0,5.0,,10.0,,1.0,,6.0,,,2.0,4.0,,2.0,1.0,1.0,1.0,2.0,1.0,1.0,2.0,1.0,1.0,,,,,,,6,4,6,6,2,4,4,4,3,1,50.0,51.0,50.0,50.0,50.0,50.0,46.0,46.0,49.0,51.0,2,1,1,2,2,2,1,1,2,2,2,2,2,2,2,2,2,2,2,1,2,2,2,2,2,2,1,2,2,2,2,2,2,2,2,2,2,2,2,2
736,2,3,2,3,4,4,3,3,3,4,70.0,,3.0,,4.0,4.0,3.0,,,,,7.0,,,2.0,,1.0,,,,,,,1.0,4.0,3.0,15.0,,,2.0,1.0,,,,1.0,,4.0,1.0,1.0,1.0,1.0,1.0,2.0,2.0,2.0,2.0,2.0,,,,,,,5,1,4,4,4,5,5,6,2,1,22.0,6.0,25.0,70.0,70.0,20.0,85.0,30.0,35.0,69.0,1,2,1,2,1,1,1,2,2,1,2,1,2,2,2,2,1,1,2,2,1,2,2,1,2,2,2,2,1,2,2,1,2,1,1,2,2,2,2,2
645,4,4,4,4,4,2,3,4,4,4,40.0,,,2.0,6.0,1.0,1.0,,,,,3.0,1.0,54.0,,,2.0,,,,,,,2.0,5.0,5.0,16.0,,,1.0,,10.0,,,1.0,,3.0,1.0,1.0,2.0,2.0,2.0,1.0,1.0,2.0,1.0,1.0,,,,,,,6,3,6,6,2,5,6,6,2,2,64.0,46.0,73.0,63.0,78.0,18.0,42.0,76.0,83.0,80.0,1,2,1,1,1,1,1,1,1,1,2,1,1,1,1,2,1,1,2,1,2,2,1,1,1,1,2,1,2,2,1,1,1,1,1,2,1,1,1,1
958,4,4,5,5,5,5,5,5,3,2,70.0,,,4.0,,,,3.0,3.0,3.0,6.0,,1.0,45.0,,1.0,,,,,,,,1.0,2.0,4.0,,20.0,,1.0,,,2.0,,2.0,4.0,,,,,,,,,,,,1.0,1.0,1.0,1.0,1.0,1.0,7,1,4,4,2,6,5,6,2,1,60.0,45.0,25.0,35.0,65.0,65.0,65.0,99.0,50.0,25.0,2,1,1,2,2,2,2,1,2,2,2,2,2,2,2,1,1,1,1,2,2,2,2,1,1,2,2,1,1,2,2,2,2,2,2,2,2,2,2,2
511,5,4,3,4,5,1,5,4,5,4,70.0,,6.0,,,,,4.0,2.0,1.0,1.0,,1.0,35.0,,,2.0,,,,5.0,5.0,6.0,,,,,17.0,,1.0,,,3.0,1.0,,3.0,,,,,,,,,,,,1.0,1.0,2.0,1.0,1.0,2.0,6,5,5,5,1,6,6,6,1,2,50.0,36.0,36.0,43.0,60.0,17.0,58.0,15.0,58.0,53.0,1,2,1,1,1,2,1,1,1,2,1,2,1,2,2,1,2,2,1,1,2,1,2,1,1,2,1,2,1,2,2,2,1,2,1,2,1,2,1,2
462,2,2,1,4,4,4,5,3,5,5,70.0,,,4.0,1.0,4.0,3.0,,,,,7.0,2.0,9.0,,1.0,,,,,,,,2.0,5.0,5.0,,10.0,,2.0,5.0,,,1.0,,4.0,,1.0,1.0,2.0,1.0,1.0,1.0,2.0,2.0,1.0,2.0,,,,,,,7,1,1,4,2,6,6,6,1,2,50.0,35.0,37.0,65.0,67.0,68.0,72.0,77.0,64.0,73.0,2,2,2,1,2,2,2,1,2,2,1,2,1,2,1,2,1,1,2,1,1,2,1,2,2,2,1,1,2,2,1,1,2,2,2,2,1,2,2,2
684,5,4,5,5,5,5,5,1,1,2,70.0,,2.0,,,,,2.0,5.0,3.0,,6.0,,,2.0,1.0,,,,,,,,5.0,4.0,6.0,15.0,,1.0,,,,2.0,,2.0,2.0,,1.0,1.0,1.0,1.0,1.0,1.0,1.0,2.0,2.0,2.0,,,,,,,6,2,5,7,5,6,6,5,3,1,55.0,35.0,40.0,55.0,65.0,42.0,68.0,37.0,52.0,50.0,1,2,2,2,2,1,1,1,1,1,2,2,1,2,1,2,2,1,2,2,1,2,2,2,2,1,2,2,1,1,1,1,1,2,2,1,1,1,1,2
999,4,3,4,4,3,3,5,5,5,4,70.0,,5.0,,3.0,4.0,5.0,,,,5.0,,,,2.0,2.0,,2.0,5.0,6.0,,,,,,,,5.0,,2.0,4.0,,,1.0,,,5.0,,,,,,,,,,,1.0,1.0,2.0,1.0,1.0,2.0,6,2,4,5,5,5,6,5,2,2,65.0,40.0,80.0,40.0,75.0,55.0,70.0,80.0,85.0,65.0,2,1,2,2,1,1,1,1,2,2,2,1,1,1,2,1,1,2,1,1,2,1,2,1,2,2,2,1,2,1,2,2,2,1,1,2,1,1,2,1
782,4,5,4,3,5,5,5,5,2,5,,70.0,4.0,,,,,3.0,4.0,2.0,,6.0,,,2.0,1.0,,,,,1.0,4.0,6.0,,,,,10.0,,2.0,,,3.0,1.0,,4.0,,1.0,1.0,1.0,2.0,1.0,1.0,1.0,1.0,2.0,1.0,,,,,,,7,4,4,4,2,3,5,5,2,1,55.0,48.0,48.0,40.0,60.0,65.0,48.0,48.0,50.0,50.0,1,2,1,2,2,2,2,1,2,2,1,2,2,1,1,1,1,1,1,2,1,1,1,2,2,2,2,2,2,1,2,2,2,1,1,1,2,2,2,1
378,5,4,5,5,5,5,5,5,3,2,70.0,,,3.0,,,,4.0,4.0,4.0,,5.0,,,2.0,,2.0,,,,1.0,1.0,4.0,,,,,20.0,,2.0,,3.0,,2.0,,2.0,,1.0,1.0,1.0,1.0,1.0,1.0,1.0,2.0,2.0,2.0,,,,,,,7,3,6,3,2,5,6,5,4,2,55.0,45.0,36.0,66.0,60.0,46.0,80.0,70.0,50.0,50.0,2,1,2,2,1,1,2,1,2,2,2,1,1,2,2,1,1,2,2,1,2,2,2,2,2,2,2,2,2,2,2,2,2,1,2,2,2,1,2,1
564,5,5,5,5,4,4,5,5,3,5,,58.0,,3.0,3.0,3.0,3.0,,,,,5.0,,,1.0,1.0,,1.0,5.0,6.0,,,,,,,,10.0,1.0,,3.0,,,,2.0,,4.0,1.0,2.0,1.0,2.0,2.0,1.0,1.0,2.0,1.0,2.0,,,,,,,6,1,5,5,2,7,7,7,3,2,54.0,57.0,60.0,42.0,48.0,34.0,57.0,71.0,72.0,53.0,1,2,1,2,2,1,2,1,1,1,2,2,2,2,2,2,2,1,1,2,1,1,2,2,1,1,1,2,1,1,2,1,2,1,1,2,2,2,2,2
417,3,3,4,5,5,4,4,5,3,3,,60.0,,2.0,2.0,2.0,2.0,,,,,5.0,,,1.0,,1.0,,,,,,,3.0,4.0,4.0,15.0,,1.0,,,7.0,,,1.0,,4.0,1.0,1.0,1.0,1.0,1.0,1.0,1.0,1.0,1.0,1.0,,,,,,,6,4,4,3,5,3,5,5,2,1,60.0,55.0,60.0,65.0,60.0,60.0,60.0,60.0,55.0,50.0,2,2,1,2,2,2,2,2,2,2,2,2,1,2,1,2,1,2,2,2,1,1,1,2,2,2,2,2,1,2,2,2,2,2,2,2,1,2,2,2
743,5,4,5,4,5,5,4,5,5,4,,40.0,2.0,,,,,5.0,6.0,5.0,,2.0,1.0,54.0,,,1.0,,,,2.0,4.0,6.0,,,,15.0,,,1.0,,2.0,,,1.0,6.0,,,,,,,,,,,,1.0,1.0,2.0,1.0,2.0,1.0,6,5,4,5,3,4,5,4,1,1,71.0,46.0,55.0,55.0,59.0,50.0,57.0,64.0,75.0,63.0,2,1,1,2,1,1,1,1,2,1,1,2,1,1,2,2,1,2,1,1,2,2,2,1,1,1,2,1,1,2,1,2,1,1,1,1,1,2,1,1
630,3,4,4,5,3,4,5,5,3,4,,20.0,4.0,,4.0,2.0,2.0,,,,,5.0,,,1.0,,1.0,2.0,4.0,4.0,,,,,,,,20.0,1.0,,,6.0,,1.0,,4.0,,,,,,,,,,,,1.0,1.0,2.0,1.0,1.0,2.0,5,2,1,1,2,7,7,7,2,2,50.0,30.0,60.0,70.0,60.0,50.0,85.0,75.0,50.0,65.0,2,2,1,2,2,2,2,1,2,2,2,2,1,1,2,2,1,2,2,2,1,2,1,2,1,1,1,2,1,2,1,2,2,1,2,2,2,2,1,2
552,5,5,5,5,3,5,5,5,1,4,,90.0,4.0,,2.0,3.0,2.0,,,,6.0,,,,2.0,,2.0,,,,,,,5.0,5.0,5.0,,2.0,1.0,,,7.0,,,2.0,5.0,,1.0,1.0,1.0,2.0,1.0,1.0,1.0,2.0,1.0,1.0,,,,,,,7,1,6,6,3,7,5,4,2,2,55.0,50.0,50.0,45.0,55.0,70.0,60.0,80.0,30.0,50.0,2,2,2,2,2,2,1,2,2,1,2,2,2,2,1,1,1,2,2,1,1,1,2,1,2,2,2,2,2,2,2,2,1,2,1,2,2,2,1,2
421,2,1,5,5,3,4,5,5,4,5,,75.0,2.0,,5.0,3.0,6.0,,,,6.0,,,,2.0,,1.0,3.0,3.0,5.0,,,,,,,,10.0,1.0,,,10.0,,,1.0,6.0,,2.0,2.0,2.0,2.0,2.0,2.0,2.0,2.0,2.0,2.0,,,,,,,3,1,4,3,1,7,5,5,3,1,40.0,45.0,31.0,60.0,100.0,26.0,75.0,100.0,65.0,100.0,1,1,2,1,1,2,1,2,1,2,2,2,2,1,1,1,2,2,1,2,2,1,2,2,1,2,1,1,2,1,1,2,1,2,2,1,2,1,2,1
593,5,4,4,3,3,1,4,3,5,4,,65.0,6.0,,,,,5.0,1.0,1.0,2.0,,,,2.0,1.0,,,,,4.0,5.0,5.0,,,,16.0,,2.0,,2.0,,,,2.0,,5.0,1.0,1.0,1.0,2.0,2.0,1.0,1.0,1.0,1.0,1.0,,,,,,,5,5,6,5,1,6,7,6,1,2,43.0,36.0,38.0,24.0,31.0,13.0,36.0,21.0,77.0,39.0,1,2,1,1,1,2,1,2,1,2,1,1,2,1,2,1,2,2,1,2,1,1,2,1,2,1,1,2,1,2,1,2,1,1,2,1,2,1,2,1
169,5,2,5,5,5,5,5,5,4,3,,90.0,4.0,,,,,5.0,3.0,2.0,6.0,,1.0,20.0,,,2.0,1.0,5.0,6.0,,,,,,,20.0,,,1.0,,9.0,,2.0,,,4.0,,,,,,,,,,,1.0,1.0,1.0,1.0,1.0,1.0,6,2,4,5,5,6,5,5,3,2,40.0,35.0,40.0,45.0,70.0,60.0,50.0,95.0,75.0,70.0,1,2,2,2,2,2,2,2,1,2,2,2,1,2,2,1,1,2,2,2,2,1,2,1,2,1,1,2,1,2,2,2,2,2,1,2,2,2,2,2
775,4,5,5,5,3,5,5,5,2,3,70.0,,,2.0,,,,3.0,3.0,3.0,5.0,,2.0,8.0,,,1.0,,,,,,,3.0,5.0,5.0,,15.0,,2.0,3.0,,,2.0,,4.0,,1.0,1.0,1.0,1.0,2.0,2.0,1.0,1.0,2.0,2.0,,,,,,,7,1,4,2,1,5,6,6,3,2,31.0,40.0,15.0,60.0,50.0,35.0,80.0,90.0,40.0,50.0,2,2,1,2,2,1,2,1,1,1,2,1,1,2,1,1,1,1,2,2,2,2,1,1,2,1,1,2,2,2,1,1,1,2,1,1,1,2,1,2
606,4,4,5,4,4,2,4,5,4,4,70.0,,5.0,,,,,4.0,1.0,3.0,,7.0,,,2.0,1.0,,,,,,,,1.0,5.0,6.0,20.0,,1.0,,,3.0,,2.0,,5.0,,1.0,2.0,1.0,1.0,1.0,2.0,1.0,1.0,1.0,2.0,,,,,,,5,4,6,6,5,6,6,5,4,2,56.0,57.0,52.0,66.0,53.0,31.0,83.0,71.0,66.0,76.0,1,2,1,1,2,1,2,2,1,2,1,1,1,1,1,1,2,2,2,2,1,1,2,2,2,1,2,2,1,1,2,2,1,2,1,2,1,2,2,1
868,5,5,5,5,5,1,3,1,5,1,,100.0,,1.0,,,,6.0,1.0,1.0,,7.0,,,2.0,,2.0,1.0,5.0,6.0,,,,,,,20.0,,1.0,,10.0,,,1.0,,,5.0,,,,,,,,,,,1.0,1.0,1.0,2.0,2.0,1.0,7,1,1,7,1,7,7,7,4,2,100.0,100.0,100.0,100.0,50.0,100.0,100.0,20.0,100.0,50.0,,,,,,,,,,,,,,,,,,,,,,,,,,,,,,,,,,,,,,,,
289,5,3,4,4,5,4,5,5,2,3,80.0,,,3.0,3.0,5.0,4.0,,,,,6.0,,,2.0,,1.0,,,,1.0,5.0,6.0,,,,,10.0,1.0,,6.0,,,,1.0,,3.0,,,,,,,,,,,2.0,2.0,1.0,2.0,2.0,1.0,6,1,2,5,2,6,7,5,3,1,65.0,35.0,50.0,45.0,55.0,20.0,65.0,60.0,75.0,65.0,2,2,1,2,1,2,1,2,2,2,2,2,2,1,2,1,2,2,2,2,2,1,2,2,2,1,2,2,1,2,2,2,2,2,2,1,2,2,1,1
700,4,4,5,4,5,4,5,2,3,1,85.0,,3.0,,2.0,3.0,3.0,,,,,6.0,,,2.0,,2.0,2.0,3.0,4.0,,,,,,,,5.0,1.0,,2.0,,,2.0,,3.0,,1.0,1.0,1.0,1.0,2.0,1.0,1.0,2.0,1.0,1.0,,,,,,,6,5,2,5,3,5,6,5,2,1,46.0,35.0,55.0,49.0,25.0,36.0,79.0,66.0,62.0,24.0,1,2,2,1,2,2,1,1,2,1,1,1,1,1,1,1,2,1,1,1,1,1,2,1,2,2,2,1,1,1,1,1,2,2,2,2,1,1,1,1
673,2,1,1,1,3,1,4,1,5,2,,70.0,,3.0,,,,,,,6.0,,2.0,8.0,,1.0,,2.0,5.0,4.0,,,,,,,,0.0,,2.0,,,1.0,,2.0,,2.0,,,,,,,,,,,1.0,1.0,2.0,1.0,1.0,2.0,7,1,3,3,5,3,6,6,3,1,35.0,30.0,25.0,25.0,45.0,30.0,70.0,20.0,65.0,35.0,1,2,2,2,2,1,2,1,1,2,2,2,2,2,2,2,2,2,1,1,2,2,2,2,2,2,2,2,1,2,1,2,2,1,2,2,2,1,2,2
495,4,4,4,4,4,4,4,5,2,5,30.0,,,2.0,4.0,3.0,2.0,,,,,6.0,,,1.0,2.0,,,,,,,,4.0,5.0,6.0,10.0,,,1.0,10.0,,,,1.0,5.0,,,,,,,,,,,,1.0,1.0,1.0,1.0,2.0,2.0,5,1,1,1,2,5,7,7,3,1,45.0,35.0,50.0,65.0,70.0,65.0,85.0,70.0,75.0,90.0,1,2,2,1,2,2,2,2,2,2,2,2,1,2,2,2,2,2,2,1,2,1,2,1,2,2,2,1,2,2,2,1,1,2,2,1,2,1,1,2
527,2,3,2,4,4,3,4,4,4,5,,30.0,,6.0,3.0,3.0,3.0,,,,,6.0,1.0,45.0,,,2.0,,,,1.0,4.0,5.0,,,,20.0,,,2.0,,10.0,,,2.0,,5.0,1.0,1.0,1.0,1.0,1.0,1.0,1.0,1.0,1.0,1.0,,,,,,,6,2,4,5,3,5,5,5,2,2,50.0,30.0,40.0,25.0,60.0,50.0,40.0,90.0,60.0,70.0,2,1,1,1,1,2,2,1,2,1,1,2,2,2,1,1,2,2,1,1,2,2,2,1,2,1,2,1,1,1,2,1,1,1,1,1,2,1,1,1
454,4,3,4,4,4,4,4,3,2,3,65.0,,,5.0,3.0,3.0,3.0,,,,,6.0,,,2.0,1.0,,3.0,3.0,2.0,,,,,,,,2.0,1.0,,,,2.0,2.0,,4.0,,,,,,,,,,,,1.0,1.0,1.0,1.0,1.0,1.0,7,5,5,6,2,5,6,5,3,1,46.0,18.0,45.0,55.0,63.0,55.0,65.0,55.0,33.0,60.0,2,2,2,2,1,2,2,1,1,1,1,1,1,2,2,1,1,2,2,2,2,1,2,2,1,2,2,1,2,2,2,1,2,2,2,2,2,2,1,2
248,4,4,4,4,4,4,4,4,4,4,34.0,,,4.0,,,,4.0,5.0,5.0,5.0,,,,2.0,,2.0,,,,4.0,4.0,4.0,,,,15.0,,2.0,,10.0,,,,1.0,4.0,,,,,,,,,,,,1.0,1.0,1.0,1.0,2.0,2.0,6,3,3,6,6,5,5,5,2,2,56.0,53.0,42.0,24.0,33.0,28.0,45.0,42.0,27.0,41.0,1,1,1,1,1,2,1,2,1,1,1,1,1,1,1,1,1,1,2,1,1,1,1,1,1,1,1,1,1,1,2,2,1,1,1,1,2,1,1,1
817,2,3,5,4,4,4,5,4,3,3,,30.0,2.0,,,,,3.0,4.0,2.0,6.0,,1.0,55.0,,,1.0,,,,2.0,5.0,5.0,,,,15.0,,1.0,,2.0,,,1.0,,,2.0,,,,,,,,,,,1.0,1.0,1.0,1.0,2.0,2.0,6,2,5,5,2,5,4,5,3,1,51.0,52.0,53.0,71.0,67.0,67.0,90.0,78.0,56.0,75.0,2,2,2,1,1,1,2,1,2,2,1,2,2,2,1,2,1,2,1,2,1,1,2,2,1,1,2,1,1,2,1,2,2,2,2,2,2,2,2,2
964,4,4,4,1,1,2,5,5,5,5,,50.0,,2.0,,,,2.0,5.0,1.0,,6.0,,,2.0,1.0,,,,,1.0,5.0,6.0,,,,,10.0,1.0,,,,2.0,1.0,,,6.0,,,,,,,,,,,1.0,1.0,1.0,1.0,1.0,2.0,7,6,6,1,3,6,6,7,1,1,25.0,44.0,16.0,49.0,36.0,40.0,100.0,86.0,71.0,86.0,2,2,2,2,1,2,2,2,1,2,2,2,1,2,2,2,2,2,2,2,2,2,2,2,2,2,1,2,2,2,2,2,1,1,2,2,1,2,2,2
81,4,3,5,5,4,5,5,5,3,2,,30.0,,5.0,,,,4.0,6.0,2.0,6.0,,,,2.0,1.0,,,,,,,,4.0,5.0,3.0,20.0,,,2.0,3.0,,,,2.0,,6.0,1.0,1.0,1.0,2.0,1.0,1.0,1.0,1.0,1.0,1.0,,,,,,,5,1,7,6,3,5,6,7,3,2,45.0,25.0,61.0,61.0,47.0,39.0,67.0,61.0,73.0,35.0,2,2,2,1,2,2,2,1,2,1,2,2,1,2,2,2,1,2,2,1,1,2,2,1,1,2,2,2,2,2,1,2,1,1,1,2,1,2,1,1
679,2,4,4,3,4,4,4,4,4,4,70.0,,6.0,,3.0,4.0,3.0,,,,6.0,,1.0,45.0,,1.0,,,,,,,,1.0,5.0,5.0,,20.0,2.0,,,,2.0,,2.0,4.0,,1.0,1.0,1.0,1.0,1.0,1.0,1.0,1.0,1.0,1.0,,,,,,,6,2,6,5,3,6,5,5,2,2,25.0,17.0,40.0,45.0,60.0,45.0,65.0,35.0,51.0,56.0,1,1,2,2,2,2,2,1,2,1,1,2,1,1,2,2,1,2,2,2,2,2,2,1,2,2,2,1,1,1,1,2,1,2,2,1,2,2,2,2
283,2,1,1,1,3,1,2,3,5,3,,91.0,5.0,,2.0,5.0,3.0,,,,,6.0,,,1.0,,2.0,,,,,,,1.0,5.0,6.0,,17.0,,2.0,7.0,,,1.0,,4.0,,1.0,1.0,1.0,1.0,1.0,1.0,1.0,1.0,1.0,1.0,,,,,,,5,1,6,7,2,5,7,6,2,2,67.0,37.0,51.0,72.0,85.0,49.0,78.0,77.0,32.0,77.0,1,2,1,1,2,2,1,2,1,2,2,1,2,2,2,2,2,2,2,2,1,1,2,2,2,2,1,1,2,2,1,1,2,2,1,2,1,1,2,2
116,3,5,4,5,5,4,5,3,5,5,80.0,,5.0,,6.0,1.0,1.0,,,,1.0,,,,1.0,1.0,,,,,,,,3.0,5.0,4.0,16.0,,1.0,,,2.0,,,2.0,5.0,,,,,,,,,,,,1.0,1.0,1.0,1.0,1.0,1.0,6,6,2,2,2,3,6,6,3,2,82.0,73.0,90.0,97.0,84.0,72.0,78.0,52.0,100.0,100.0,1,2,1,2,1,2,2,1,1,2,1,2,1,2,1,1,1,2,2,2,2,2,1,1,2,1,1,2,2,1,2,2,2,1,1,1,1,2,1,2
40,4,1,4,2,2,2,4,5,5,3,,35.0,3.0,,,,,1.0,1.0,1.0,6.0,,,,2.0,,2.0,,,,,,,4.0,5.0,6.0,10.0,,,1.0,3.0,,,,2.0,,5.0,,,,,,,,,,,1.0,1.0,2.0,1.0,1.0,2.0,6,2,4,5,5,6,6,6,3,1,40.0,25.0,10.0,25.0,20.0,10.0,30.0,80.0,85.0,20.0,2,2,2,1,2,1,1,1,1,1,2,1,1,2,1,2,1,1,2,1,1,1,1,2,2,2,2,2,1,1,1,1,1,1,1,2,2,2,1,1
331,2,2,2,1,2,2,2,1,5,3,70.0,,,5.0,,,,5.0,4.0,2.0,,6.0,1.0,55.0,,,2.0,,,,,,,2.0,4.0,4.0,,20.0,2.0,,,2.0,,,2.0,3.0,,,,,,,,,,,,1.0,1.0,1.0,1.0,1.0,1.0,7,6,6,6,1,2,4,6,2,1,20.0,20.0,22.0,19.0,34.0,35.0,82.0,22.0,73.0,49.0,1,2,1,1,1,2,1,2,1,2,2,1,2,2,2,1,2,2,2,1,2,2,1,1,1,1,2,2,1,1,2,1,2,2,2,2,2,2,1,2
242,4,3,4,3,4,4,4,2,5,4,85.0,,,2.0,,,,1.0,1.0,1.0,5.0,,,,2.0,,2.0,,,,,,,1.0,5.0,4.0,,0.0,1.0,,,4.0,,1.0,,,3.0,2.0,1.0,2.0,1.0,2.0,1.0,2.0,1.0,2.0,1.0,,,,,,,6,2,1,6,3,4,5,7,3,1,90.0,50.0,75.0,60.0,78.0,100.0,49.0,30.0,100.0,67.0,1,2,1,1,1,1,2,2,2,1,2,2,1,1,2,1,2,2,2,1,1,1,1,2,1,2,2,2,1,2,2,2,2,1,2,2,1,1,2,1
35,1,1,1,1,4,1,5,3,5,3,,30.0,,3.0,4.0,5.0,5.0,,,,,6.0,,,2.0,1.0,,,,,1.0,3.0,6.0,,,,,10.0,1.0,,,4.0,,1.0,,3.0,,1.0,1.0,1.0,1.0,1.0,1.0,1.0,1.0,1.0,1.0,,,,,,,5,3,4,5,3,6,5,5,2,2,40.0,20.0,10.0,50.0,70.0,25.0,60.0,51.0,65.0,50.0,2,1,2,2,1,1,2,1,2,2,2,2,1,2,2,1,2,2,2,1,2,2,2,2,2,2,1,2,2,2,2,2,2,2,2,2,2,2,2,2
1,2,4,2,2,4,1,4,4,4,2,,70.0,1.0,,4.0,4.0,4.0,,,,,7.0,,,1.0,,1.0,5.0,5.0,6.0,,,,,,,20.0,,,2.0,,,1.0,1.0,,,5.0,,,,,,,,,,,1.0,1.0,1.0,2.0,2.0,1.0,7,2,2,1,2,1,6,7,1,2,10.0,92.0,100.0,100.0,100.0,1.0,95.0,97.0,100.0,43.0,2,1,1,1,2,2,2,1,1,1,2,1,2,1,2,2,1,2,2,2,1,2,2,2,2,1,2,2,1,2,2,2,2,1,2,2,1,1,1,1
344,5,5,5,4,4,4,5,4,2,4,35.0,,4.0,,,,,3.0,3.0,3.0,5.0,,1.0,14.0,,1.0,,,,,,,,2.0,5.0,6.0,,5.0,,2.0,,,2.0,2.0,,5.0,,1.0,1.0,1.0,1.0,1.0,1.0,1.0,1.0,1.0,1.0,,,,,,,3,2,3,3,3,5,6,6,3,2,33.0,25.0,31.0,16.0,21.0,18.0,41.0,40.0,38.0,32.0,2,2,1,1,2,2,2,2,2,2,1,2,2,2,2,1,2,2,1,2,1,2,1,2,2,2,2,2,2,2,2,1,1,1,1,2,2,2,2,2
237,4,5,5,5,1,5,5,5,1,1,,30.0,,1.0,1.0,1.0,1.0,,,,,6.0,,,2.0,,2.0,1.0,1.0,3.0,,,,,,,18.0,,2.0,,,,1.0,2.0,,6.0,,,,,,,,,,,,1.0,1.0,1.0,1.0,1.0,1.0,5,3,4,3,6,5,2,3,2,1,40.0,54.0,38.0,45.0,56.0,47.0,62.0,45.0,57.0,31.0,2,1,1,2,2,2,2,1,1,2,2,2,2,2,1,1,2,1,2,2,2,1,1,2,2,2,2,2,2,2,1,1,1,2,2,2,2,2,2,2
558,2,3,4,2,1,2,4,3,2,1,,57.0,,5.0,,,,2.0,4.0,6.0,,3.0,1.0,0.0,,,1.0,,,,,,,4.0,3.0,5.0,,10.0,,1.0,,,3.0,,1.0,,6.0,1.0,2.0,1.0,1.0,2.0,1.0,1.0,2.0,2.0,1.0,,,,,,,3,4,5,5,1,2,4,5,4,1,29.0,40.0,12.0,61.0,11.0,36.0,61.0,21.0,62.0,3.0,1,2,1,1,2,1,1,2,1,2,1,2,1,2,1,2,1,2,1,2,1,1,2,1,2,1,2,1,2,1,2,1,2,1,2,1,2,1,2,2
862,4,4,3,5,4,5,5,5,1,4,,30.0,,4.0,3.0,3.0,3.0,,,,,,2.0,10.0,,1.0,,,,,2.0,3.0,6.0,,,,,0.0,1.0,,6.0,,,,2.0,,4.0,1.0,1.0,2.0,1.0,2.0,1.0,1.0,1.0,2.0,1.0,,,,,,,6,2,4,3,2,5,6,4,3,1,40.0,20.0,10.0,54.0,57.0,40.0,65.0,45.0,32.0,65.0,2,2,2,2,2,1,1,1,1,2,2,2,1,2,2,2,1,2,1,1,2,2,2,2,2,1,2,2,2,2,2,2,2,2,1,2,2,2,1,1
911,4,4,4,5,3,5,5,5,1,3,90.0,,4.0,,,,,3.0,4.0,2.0,,7.0,,,2.0,,2.0,,,,,,,1.0,5.0,6.0,15.0,,1.0,,,,3.0,,2.0,4.0,,,,,,,,,,,,1.0,2.0,1.0,2.0,1.0,1.0,7,2,3,3,5,6,6,6,3,2,39.0,30.0,39.0,39.0,55.0,30.0,50.0,50.0,40.0,40.0,2,2,2,2,2,1,2,2,1,2,2,2,2,2,2,2,2,2,1,2,1,1,1,2,2,1,2,2,1,1,2,2,2,2,1,1,1,2,2,2
163,4,3,2,4,3,5,5,5,2,4,,82.0,4.0,,,,,5.0,5.0,3.0,,6.0,,,2.0,2.0,,2.0,4.0,6.0,,,,,,,20.0,,1.0,,3.0,,,1.0,,4.0,,1.0,1.0,1.0,1.0,1.0,1.0,1.0,1.0,1.0,1.0,,,,,,,6,5,3,3,2,5,6,5,4,1,30.0,21.0,60.0,40.0,60.0,20.0,70.0,75.0,81.0,25.0,1,1,2,1,2,2,2,2,1,1,2,2,2,2,2,1,2,1,1,2,1,2,2,1,2,1,2,1,1,1,2,2,1,1,1,2,2,2,1,2
599,4,4,4,4,4,5,3,3,4,1,,1.0,,1.0,5.0,5.0,5.0,,,,,5.0,,,2.0,,2.0,,,,,,,1.0,5.0,6.0,20.0,,,2.0,,,2.0,,1.0,4.0,,,,,,,,,,,,1.0,1.0,1.0,2.0,1.0,1.0,7,2,5,5,4,4,5,5,3,2,31.0,32.0,36.0,47.0,43.0,70.0,30.0,33.0,72.0,12.0,1,2,2,1,2,2,1,1,2,1,1,2,2,2,1,1,1,2,1,2,2,2,2,2,1,1,2,2,2,1,2,1,2,1,2,2,2,2,1,1
385,1,1,1,1,1,1,1,1,5,3,,95.0,5.0,,4.0,4.0,4.0,,,,,7.0,1.0,25.0,,1.0,,,,,4.0,1.0,1.0,,,,5.0,,,2.0,,9.0,,2.0,,,1.0,,,,,,,,,,,1.0,1.0,1.0,1.0,1.0,1.0,7,2,6,6,5,6,3,3,1,1,10.0,7.0,9.0,8.0,6.0,8.0,25.0,25.0,82.0,16.0,2,2,1,2,1,2,2,2,2,1,1,2,2,1,2,2,1,2,1,2,2,2,1,1,2,2,2,2,2,2,2,2,2,1,1,2,1,2,1,2
892,3,3,3,5,5,5,5,5,3,3,80.0,,4.0,,3.0,4.0,3.0,,,,6.0,,1.0,54.0,,1.0,,,,,,,,4.0,4.0,3.0,15.0,,,1.0,4.0,,,,2.0,,4.0,,,,,,,,,,,1.0,1.0,1.0,1.0,1.0,1.0,7,3,5,3,3,6,6,7,3,1,45.0,55.0,60.0,55.0,65.0,60.0,75.0,65.0,40.0,35.0,1,1,2,1,2,2,2,2,1,2,2,2,2,2,1,1,1,2,2,1,2,2,2,2,2,1,2,2,1,1,2,1,2,2,2,1,2,1,2,2
375,4,4,5,4,5,5,5,5,2,2,70.0,,1.0,,3.0,2.0,2.0,,,,,7.0,1.0,21.0,,1.0,,,,,,,,5.0,5.0,6.0,,10.0,1.0,,,10.0,,,1.0,,5.0,1.0,1.0,1.0,1.0,1.0,1.0,1.0,1.0,1.0,1.0,,,,,,,6,2,5,5,1,5,5,6,1,1,17.0,22.0,25.0,33.0,66.0,47.0,87.0,68.0,51.0,21.0,1,2,2,1,1,1,2,1,2,2,2,2,1,1,2,2,1,1,2,2,1,1,2,2,1,1,2,1,1,2,1,2,2,2,2,1,2,2,2,1
206,1,1,1,1,1,1,1,1,5,5,,30.0,5.0,,1.0,2.0,3.0,,,,1.0,,,,2.0,1.0,,1.0,1.0,1.0,,,,,,,,20.0,1.0,,1.0,,,2.0,,,1.0,,,,,,,,,,,1.0,1.0,1.0,1.0,1.0,1.0,6,2,4,1,5,6,6,6,1,1,4.0,1.0,5.0,7.0,8.0,20.0,56.0,17.0,52.0,58.0,2,1,2,1,2,2,2,2,2,1,2,2,2,2,2,1,2,2,2,2,2,2,2,2,2,2,2,2,2,2,2,2,2,2,2,2,2,2,2,2
193,3,4,4,3,4,4,3,3,4,3,67.0,,,3.0,5.0,4.0,4.0,,,,5.0,,,,1.0,1.0,,3.0,4.0,4.0,,,,,,,12.0,,,1.0,4.0,,,1.0,,,4.0,1.0,1.0,1.0,2.0,2.0,2.0,1.0,1.0,2.0,1.0,,,,,,,5,1,6,5,1,7,7,7,4,1,22.0,50.0,32.0,18.0,45.0,28.0,68.0,55.0,76.0,42.0,1,2,1,2,1,2,1,1,1,1,2,1,2,2,1,1,1,2,1,1,1,1,1,1,1,2,2,2,2,1,2,2,1,1,1,2,1,2,1,1
569,2,4,3,2,5,4,4,5,4,5,80.0,,,2.0,,,,5.0,2.0,1.0,3.0,,,,2.0,,1.0,,,,4.0,5.0,5.0,,,,15.0,,1.0,,,6.0,,1.0,,3.0,,,,,,,,,,,,1.0,2.0,1.0,2.0,1.0,2.0,5,1,1,1,3,6,6,7,3,1,40.0,60.0,50.0,55.0,65.0,70.0,77.0,81.0,85.0,89.0,1,1,1,2,1,2,2,1,1,1,2,2,1,1,1,1,1,2,1,1,1,1,1,1,1,1,1,2,1,2,2,2,1,1,1,1,1,1,1,1
853,3,4,3,3,4,4,4,4,3,4,75.0,,,5.0,2.0,3.0,5.0,,,,,5.0,,,1.0,,2.0,2.0,4.0,3.0,,,,,,,14.0,,1.0,,,5.0,,1.0,,3.0,,,,,,,,,,,,1.0,1.0,1.0,1.0,1.0,1.0,6,4,5,5,1,5,6,5,4,1,40.0,40.0,30.0,30.0,50.0,35.0,55.0,65.0,40.0,40.0,2,2,2,1,1,2,1,2,1,2,1,1,2,1,2,1,2,1,1,2,1,2,1,2,2,2,2,2,1,2,2,2,2,1,1,2,1,2,2,2
920,4,4,3,3,4,5,5,4,3,4,76.0,,,3.0,2.0,3.0,4.0,,,,,6.0,1.0,45.0,,,2.0,,,,,,,4.0,5.0,6.0,,20.0,,2.0,2.0,,,2.0,,4.0,,,,,,,,,,,,1.0,1.0,2.0,1.0,2.0,1.0,6,2,2,2,3,6,6,6,2,1,70.0,34.0,60.0,28.0,65.0,96.0,60.0,45.0,96.0,35.0,1,1,1,2,1,1,2,2,2,1,1,1,1,2,2,2,1,2,1,2,2,1,2,1,2,2,2,2,1,2,2,2,2,1,1,1,2,2,2,1
152,1,1,1,3,3,3,3,1,5,5,,50.0,,1.0,4.0,4.0,4.0,,,,3.0,,,,2.0,,2.0,,,,2.0,2.0,3.0,,,,,15.0,1.0,,2.0,,,2.0,,,3.0,,,,,,,,,,,1.0,1.0,1.0,1.0,2.0,2.0,6,1,4,3,2,6,5,7,1,1,0.0,0.0,0.0,35.0,50.0,0.0,15.0,0.0,100.0,100.0,2,2,2,1,2,2,1,2,2,1,2,1,2,2,2,1,2,2,2,2,2,2,2,1,2,1,2,2,1,2,2,2,2,2,2,2,2,2,1,1
826,2,4,3,5,4,4,5,4,2,4,,71.0,,1.0,2.0,2.0,3.0,,,,,6.0,,,2.0,1.0,,,,,,,,2.0,5.0,6.0,,0.0,,1.0,,,3.0,1.0,,5.0,,,,,,,,,,,,1.0,1.0,1.0,1.0,2.0,2.0,7,4,4,3,3,5,5,6,2,2,52.0,38.0,30.0,76.0,59.0,40.0,81.0,75.0,25.0,62.0,2,2,2,1,2,2,2,2,1,1,2,2,2,2,2,2,2,1,1,1,1,2,1,1,2,2,1,2,2,1,2,2,2,2,2,2,2,2,2,2
955,4,3,3,1,3,3,3,1,5,3,1.0,,,2.0,,,,,,,,7.0,2.0,1.0,,1.0,,,,,,,,1.0,3.0,2.0,,20.0,,2.0,,,1.0,,2.0,1.0,,1.0,1.0,2.0,2.0,2.0,1.0,1.0,1.0,1.0,2.0,,,,,,,6,1,3,2,2,5,5,3,1,2,30.0,30.0,20.0,30.0,30.0,25.0,25.0,20.0,80.0,30.0,1,1,1,2,1,2,2,1,2,2,1,2,1,2,2,2,1,1,2,1,2,2,1,2,2,1,1,1,1,1,1,1,1,2,2,2,2,2,2,2
648,5,5,5,4,5,4,5,5,3,3,85.0,,3.0,,2.0,5.0,2.0,,,,,6.0,,,2.0,1.0,,,,,2.0,4.0,5.0,,,,15.0,,,2.0,,10.0,,2.0,,5.0,,1.0,1.0,1.0,1.0,1.0,1.0,1.0,1.0,1.0,1.0,,,,,,,5,1,5,5,3,6,6,6,3,1,70.0,50.0,70.0,40.0,45.0,30.0,60.0,50.0,65.0,55.0,2,2,2,2,2,2,2,2,2,2,2,2,2,2,2,1,2,2,1,2,2,2,2,2,2,2,1,1,1,2,2,2,1,2,2,2,1,2,2,2
127,5,3,5,5,4,4,2,5,3,4,80.0,,6.0,,2.0,4.0,5.0,,,,5.0,,1.0,35.0,,,2.0,,,,5.0,5.0,6.0,,,,20.0,,1.0,,4.0,,,1.0,,6.0,,1.0,1.0,1.0,1.0,1.0,1.0,1.0,1.0,1.0,1.0,,,,,,,7,1,5,5,2,7,6,6,2,2,50.0,35.0,45.0,40.0,65.0,50.0,50.0,80.0,70.0,60.0,1,1,2,2,1,2,2,2,2,1,2,1,2,2,2,2,2,2,1,2,1,2,1,2,2,2,2,2,1,1,2,1,2,1,2,2,2,1,1,2
71,4,4,4,4,3,3,4,5,4,2,70.0,,,3.0,2.0,3.0,3.0,,,,4.0,,,,2.0,1.0,,3.0,5.0,4.0,,,,,,,20.0,,,1.0,,6.0,,1.0,,,3.0,1.0,1.0,1.0,1.0,1.0,1.0,1.0,1.0,1.0,1.0,,,,,,,7,1,2,2,2,6,6,6,2,1,80.0,80.0,80.0,50.0,30.0,40.0,86.0,100.0,75.0,40.0,1,2,2,2,1,2,2,2,2,1,2,2,2,1,2,1,2,2,2,2,2,1,1,1,1,1,2,2,2,1,2,2,2,2,2,2,2,2,2,1
994,4,4,4,3,5,4,5,3,4,3,,30.0,5.0,,,,,3.0,4.0,2.0,3.0,,2.0,8.0,,1.0,,,,,,,,2.0,5.0,6.0,,18.0,,2.0,,,2.0,,2.0,6.0,,,,,,,,,,,,1.0,1.0,2.0,1.0,1.0,2.0,5,1,5,2,3,6,4,5,2,1,35.0,25.0,40.0,40.0,65.0,50.0,45.0,50.0,60.0,60.0,1,1,2,2,1,2,1,1,2,1,1,1,1,1,1,1,1,1,1,1,1,2,2,2,1,2,2,1,1,2,2,1,1,2,2,2,1,2,1,1
689,4,3,2,3,2,3,3,2,3,2,71.0,,3.0,,,,,3.0,2.0,2.0,6.0,,2.0,50.0,,,2.0,,,,4.0,4.0,4.0,,,,8.0,,,1.0,,2.0,,,2.0,,5.0,,,,,,,,,,,1.0,2.0,2.0,1.0,2.0,1.0,4,3,4,4,3,5,4,3,3,2,54.0,40.0,31.0,48.0,44.0,40.0,57.0,46.0,51.0,41.0,1,2,2,2,2,1,2,2,1,2,1,1,1,2,1,1,1,2,1,2,2,1,2,1,2,2,2,2,1,2,2,2,1,1,1,2,1,2,1,1
300,4,4,4,4,4,5,4,2,5,4,,30.0,4.0,,,,,6.0,3.0,3.0,5.0,,,,2.0,,2.0,2.0,5.0,4.0,,,,,,,15.0,,2.0,,3.0,,,2.0,,6.0,,,,,,,,,,,,1.0,1.0,1.0,1.0,1.0,1.0,7,1,2,6,1,6,7,5,3,1,93.0,53.0,73.0,17.0,52.0,73.0,60.0,12.0,100.0,72.0,2,1,2,2,1,2,1,2,2,2,1,2,1,1,2,2,1,1,2,1,1,2,2,1,1,1,1,2,2,2,1,2,2,1,1,1,1,1,1,2
273,5,2,5,4,1,3,5,5,4,4,,82.0,,1.0,,,,3.0,3.0,2.0,5.0,,1.0,34.0,,,1.0,3.0,4.0,6.0,,,,,,,5.0,,,2.0,,,1.0,1.0,,6.0,,2.0,2.0,2.0,2.0,2.0,2.0,1.0,1.0,1.0,1.0,,,,,,,7,3,1,1,3,6,7,6,4,2,100.0,55.0,100.0,50.0,41.0,59.0,92.0,100.0,74.0,74.0,2,2,2,1,1,1,2,2,1,2,1,2,2,2,2,2,2,2,1,2,2,2,2,2,2,2,2,2,2,1,2,2,1,2,2,1,2,2,1,2
731,5,5,5,5,5,4,5,5,3,4,,82.0,2.0,,,,,5.0,2.0,2.0,,7.0,1.0,54.0,,,2.0,1.0,5.0,6.0,,,,,,,18.0,,,2.0,6.0,,,,1.0,,1.0,,,,,,,,,,,1.0,1.0,1.0,1.0,2.0,2.0,6,5,5,6,2,6,6,4,1,1,80.0,73.0,62.0,83.0,85.0,50.0,90.0,83.0,31.0,64.0,2,2,2,2,2,2,1,2,2,1,2,1,1,1,2,1,1,1,1,1,1,2,2,1,2,1,1,2,2,2,1,1,1,1,1,1,2,2,2,1
642,1,4,3,4,5,5,5,5,3,5,,30.0,4.0,,3.0,3.0,3.0,,,,6.0,,,,2.0,1.0,,1.0,5.0,5.0,,,,,,,20.0,,2.0,,,10.0,,,1.0,2.0,,,,,,,,,,,,1.0,2.0,1.0,1.0,1.0,2.0,6,1,2,2,1,5,7,7,2,1,30.0,65.0,55.0,80.0,60.0,45.0,95.0,70.0,50.0,85.0,1,2,1,1,1,1,2,1,1,2,2,2,1,2,2,2,2,2,1,2,2,1,2,2,2,2,1,1,1,1,1,2,1,2,2,2,2,1,2,2
516,4,4,2,4,4,4,5,4,2,4,,33.0,,2.0,,,,3.0,3.0,1.0,,6.0,1.0,50.0,,,2.0,,,,,,,4.0,4.0,4.0,12.0,,,2.0,,10.0,,,1.0,,4.0,,,,,,,,,,,2.0,2.0,1.0,2.0,1.0,2.0,6,2,6,5,5,6,5,5,3,2,60.0,34.0,18.0,30.0,51.0,56.0,84.0,64.0,42.0,63.0,1,1,2,2,1,1,1,1,2,2,2,2,2,1,2,2,1,1,1,2,2,1,1,1,1,1,2,1,1,2,1,1,1,2,1,2,1,2,2,2
465,3,4,5,4,3,3,4,5,5,5,,66.0,,5.0,,,,4.0,4.0,5.0,,6.0,1.0,4.0,,,1.0,4.0,4.0,4.0,,,,,,,8.0,,1.0,,3.0,,,,2.0,,5.0,,,,,,,,,,,1.0,1.0,2.0,2.0,2.0,1.0,4,5,6,4,5,6,6,4,3,2,40.0,24.0,36.0,23.0,55.0,22.0,35.0,26.0,34.0,37.0,1,2,1,1,2,1,1,2,1,1,1,1,2,1,1,1,2,1,2,1,1,1,1,1,1,1,1,1,1,1,1,1,1,1,2,1,2,1,1,1
279,4,4,5,5,5,5,5,5,4,5,68.0,,1.0,,6.0,1.0,1.0,,,,,6.0,1.0,53.0,,,2.0,3.0,5.0,6.0,,,,,,,17.0,,,1.0,3.0,,,1.0,,,6.0,2.0,2.0,1.0,1.0,2.0,1.0,1.0,2.0,1.0,2.0,,,,,,,7,2,3,5,6,5,5,4,3,1,46.0,35.0,37.0,51.0,55.0,53.0,89.0,76.0,66.0,41.0,1,2,2,2,2,1,1,1,1,2,2,2,2,1,2,2,1,2,1,2,2,1,2,1,2,1,1,2,1,1,2,1,2,2,2,1,2,1,1,2
683,4,4,5,4,5,3,5,5,5,5,70.0,,,1.0,4.0,4.0,3.0,,,,2.0,,,,2.0,,1.0,,,,,,,2.0,5.0,5.0,,15.0,1.0,,,,3.0,,2.0,,5.0,1.0,1.0,1.0,2.0,1.0,1.0,2.0,1.0,1.0,1.0,,,,,,,7,4,4,5,2,3,5,5,3,1,9.0,50.0,89.0,83.0,85.0,56.0,100.0,100.0,81.0,98.0,2,2,2,2,1,1,2,1,1,1,2,1,1,1,2,2,1,2,2,1,2,2,1,1,1,1,1,2,1,1,1,1,2,2,2,2,2,1,2,2
785,5,5,5,5,4,5,5,5,1,4,,57.0,,3.0,5.0,5.0,4.0,,,,3.0,,,,2.0,,2.0,,,,4.0,5.0,5.0,,,,,8.0,1.0,,,,2.0,1.0,,,4.0,1.0,2.0,1.0,2.0,1.0,2.0,1.0,1.0,2.0,2.0,,,,,,,7,1,1,2,5,7,7,6,3,2,44.0,24.0,19.0,56.0,37.0,43.0,53.0,22.0,68.0,27.0,2,1,1,2,2,1,1,1,2,1,1,2,1,1,1,2,2,2,2,1,1,2,2,2,2,1,1,1,2,2,2,1,1,1,1,1,2,2,2,2
563,5,4,5,5,5,5,5,5,4,5,,30.0,4.0,,,,,2.0,5.0,1.0,2.0,,,,2.0,,2.0,,,,5.0,4.0,4.0,,,,16.0,,,2.0,,,2.0,2.0,,,6.0,,,,,,,,,,,1.0,1.0,1.0,1.0,1.0,1.0,7,2,3,5,3,5,5,6,2,2,42.0,30.0,42.0,39.0,42.0,46.0,52.0,78.0,69.0,61.0,1,1,2,2,2,2,1,1,1,2,1,1,2,1,1,1,2,1,1,2,2,2,1,2,2,2,2,1,2,1,2,2,2,2,1,2,1,2,2,1
199,4,3,4,4,5,4,5,5,3,1,75.0,,,1.0,,,,4.0,4.0,3.0,,6.0,1.0,20.0,,,1.0,,,,3.0,5.0,6.0,,,,20.0,,,2.0,,10.0,,2.0,,,5.0,,,,,,,,,,,1.0,1.0,1.0,1.0,2.0,2.0,7,2,5,6,4,6,6,6,3,1,65.0,40.0,50.0,65.0,65.0,50.0,75.0,90.0,65.0,25.0,1,2,2,2,1,2,1,2,2,2,1,1,2,2,1,2,2,1,1,1,1,2,2,2,1,2,1,2,2,1,2,2,2,2,2,1,2,2,1,1
410,5,4,5,4,4,5,5,4,3,4,,70.0,,2.0,4.0,1.0,5.0,,,,,5.0,1.0,15.0,,2.0,,,,,2.0,4.0,3.0,,,,,10.0,,2.0,,8.0,,2.0,,4.0,,,,,,,,,,,,1.0,1.0,2.0,1.0,1.0,2.0,4,2,1,3,1,5,4,5,1,1,40.0,48.0,44.0,61.0,64.0,36.0,48.0,54.0,55.0,59.0,2,1,2,2,1,2,2,1,2,1,1,2,2,1,1,1,2,2,2,2,2,1,1,2,2,2,1,2,1,2,1,2,2,1,2,2,2,2,2,2
898,5,4,4,5,5,4,5,5,2,5,70.0,,5.0,,,,,5.0,3.0,2.0,,6.0,1.0,54.0,,,1.0,,,,,,,4.0,2.0,5.0,10.0,,,1.0,,2.0,,1.0,,,6.0,2.0,2.0,2.0,2.0,2.0,1.0,1.0,2.0,1.0,1.0,,,,,,,6,3,3,5,2,5,5,5,3,1,95.0,53.0,59.0,100.0,80.0,69.0,62.0,59.0,54.0,67.0,1,1,1,2,1,1,2,1,1,1,1,1,1,2,2,1,1,1,1,2,1,1,2,2,2,1,1,1,1,1,2,1,1,1,2,1,1,1,1,1
158,3,3,4,5,4,4,5,5,3,5,74.0,,3.0,,,,,3.0,4.0,1.0,,6.0,1.0,26.0,,1.0,,1.0,5.0,6.0,,,,,,,,10.0,2.0,,,4.0,,1.0,,4.0,,2.0,1.0,1.0,1.0,2.0,1.0,2.0,2.0,1.0,1.0,,,,,,,6,1,3,2,5,6,7,7,4,2,67.0,64.0,94.0,91.0,97.0,97.0,82.0,100.0,25.0,100.0,2,2,2,1,1,2,2,2,2,1,1,2,1,1,2,2,1,2,1,2,1,2,2,2,2,2,1,1,2,2,1,2,1,2,2,2,1,2,1,2
744,1,2,1,3,3,4,4,1,5,5,88.0,,4.0,,,,,3.0,2.0,1.0,4.0,,2.0,6.0,,,1.0,,,,1.0,5.0,3.0,,,,19.0,,1.0,,,9.0,,,1.0,2.0,,1.0,1.0,1.0,2.0,1.0,2.0,1.0,1.0,2.0,1.0,,,,,,,6,2,1,1,3,4,6,6,2,2,25.0,8.0,6.0,65.0,74.0,78.0,49.0,32.0,92.0,84.0,1,1,1,2,2,2,2,2,2,1,1,2,1,2,1,2,2,2,2,2,1,1,1,2,1,1,2,2,1,1,2,2,2,2,2,2,1,2,1,2
637,4,3,4,5,5,5,5,5,2,5,,30.0,,2.0,,,,3.0,4.0,1.0,6.0,,1.0,20.0,,1.0,,,,,,,,2.0,4.0,4.0,,10.0,2.0,,,,1.0,,2.0,,6.0,,,,,,,,,,,1.0,1.0,2.0,1.0,2.0,1.0,7,2,3,5,3,7,6,6,2,1,40.0,30.0,55.0,52.0,64.0,55.0,70.0,60.0,45.0,65.0,2,2,2,2,1,2,2,1,1,2,2,2,1,2,2,1,2,2,2,2,2,2,2,1,1,1,2,2,2,2,2,1,2,2,2,2,1,2,2,2
859,4,5,2,1,4,4,4,4,5,5,82.0,,,3.0,4.0,5.0,3.0,,,,,6.0,1.0,68.0,,2.0,,,,,1.0,4.0,6.0,,,,10.0,,1.0,,7.0,,,2.0,,,5.0,1.0,1.0,2.0,1.0,1.0,2.0,1.0,1.0,2.0,1.0,,,,,,,6,4,5,5,3,6,5,6,2,2,66.0,49.0,29.0,36.0,77.0,68.0,93.0,57.0,81.0,88.0,1,2,2,2,1,1,2,1,1,2,2,2,2,2,1,2,2,2,1,1,2,1,2,2,2,1,2,2,1,1,1,1,2,2,1,1,1,1,1,2
682,5,5,5,5,5,5,5,5,1,1,,90.0,3.0,,,,,4.0,5.0,3.0,6.0,,1.0,15.0,,,2.0,,,,,,,1.0,5.0,3.0,,4.0,,2.0,,,2.0,,2.0,,4.0,,,,,,,,,,,1.0,1.0,1.0,1.0,1.0,1.0,6,2,4,3,6,5,5,6,4,1,55.0,60.0,66.0,74.0,77.0,59.0,80.0,52.0,25.0,39.0,2,2,1,2,2,1,2,1,1,2,1,2,1,2,1,2,2,1,2,1,2,2,2,1,2,1,2,2,2,2,1,2,2,2,2,1,1,2,2,1
278,5,4,4,4,4,4,5,5,3,4,70.0,,,5.0,3.0,5.0,2.0,,,,,5.0,1.0,18.0,,1.0,,,,,5.0,5.0,5.0,,,,,6.0,2.0,,,,3.0,,1.0,,4.0,,,,,,,,,,,1.0,2.0,2.0,1.0,1.0,1.0,5,3,1,2,2,3,1,1,3,2,99.0,75.0,91.0,100.0,64.0,67.0,82.0,100.0,45.0,82.0,2,2,1,1,1,2,2,2,2,2,2,2,2,2,2,2,1,2,2,2,1,2,2,2,2,2,2,2,1,2,2,2,1,2,2,2,2,2,1,2
464,5,4,5,5,2,4,5,5,1,3,60.0,,,3.0,3.0,5.0,4.0,,,,,5.0,2.0,2.0,,,1.0,,,,,,,4.0,5.0,6.0,,5.0,1.0,,,5.0,,,2.0,4.0,,,,,,,,,,,,1.0,1.0,2.0,1.0,1.0,2.0,6,1,5,5,4,5,5,5,3,1,36.0,30.0,30.0,65.0,30.0,25.0,60.0,56.0,20.0,25.0,1,2,1,2,1,2,2,1,2,2,1,2,1,2,1,2,2,2,2,1,1,1,1,1,1,1,1,1,2,2,1,2,1,1,2,2,1,1,1,2
517,5,5,5,3,5,2,5,5,4,5,38.0,,,3.0,,,,2.0,3.0,4.0,,7.0,2.0,7.0,,,2.0,,,,,,,2.0,5.0,2.0,10.0,,2.0,,,5.0,,,1.0,2.0,,,,,,,,,,,,1.0,1.0,1.0,1.0,2.0,2.0,6,1,1,3,2,6,7,5,4,2,56.0,90.0,84.0,58.0,93.0,42.0,80.0,68.0,45.0,58.0,1,1,2,2,1,1,2,1,2,2,1,1,1,1,2,1,1,1,1,2,2,1,1,1,1,2,2,2,2,1,1,1,1,1,2,1,2,2,1,1
643,5,4,4,5,5,5,5,5,2,3,85.0,,,3.0,3.0,4.0,4.0,,,,6.0,,,,2.0,,2.0,2.0,4.0,3.0,,,,,,,,20.0,1.0,,2.0,,,,2.0,5.0,,1.0,1.0,1.0,1.0,1.0,1.0,1.0,1.0,1.0,1.0,,,,,,,7,3,6,5,3,5,5,5,4,1,62.0,38.0,10.0,64.0,68.0,59.0,68.0,72.0,78.0,60.0,1,1,2,1,1,2,1,2,2,2,1,1,1,1,1,2,2,1,1,1,2,2,2,2,2,2,2,1,2,2,2,2,2,2,2,2,2,2,2,2
730,5,3,4,3,4,5,5,5,2,4,,30.0,,3.0,4.0,4.0,4.0,,,,6.0,,,,2.0,2.0,,,,,,,,3.0,5.0,6.0,20.0,,1.0,,2.0,,,,1.0,4.0,,1.0,1.0,1.0,2.0,1.0,1.0,2.0,1.0,1.0,1.0,,,,,,,7,1,4,4,1,7,5,5,3,1,25.0,15.0,25.0,40.0,65.0,35.0,35.0,75.0,45.0,25.0,1,2,1,2,2,1,2,2,2,2,1,2,2,2,2,2,2,1,2,2,1,2,2,2,1,2,2,2,1,2,2,2,2,2,2,2,2,2,2,2
636,3,4,4,5,2,3,4,3,2,4,70.0,,3.0,,,,,2.0,3.0,1.0,,3.0,,,1.0,1.0,,,,,2.0,5.0,2.0,,,,10.0,,1.0,,,,2.0,2.0,,,3.0,,,,,,,,,,,1.0,1.0,1.0,1.0,2.0,2.0,6,2,2,3,4,5,6,5,3,2,29.0,15.0,11.0,86.0,24.0,8.0,14.0,31.0,15.0,30.0,2,1,2,1,1,2,1,2,1,1,2,2,2,1,2,1,1,1,1,1,2,1,2,1,1,2,1,1,2,1,1,1,2,1,1,1,1,1,1,1
745,2,2,2,1,3,3,4,3,4,2,,81.0,4.0,,,,,3.0,2.0,3.0,,6.0,,,2.0,1.0,,1.0,3.0,3.0,,,,,,,10.0,,,2.0,3.0,,,1.0,,4.0,,1.0,1.0,2.0,1.0,1.0,2.0,1.0,2.0,1.0,1.0,,,,,,,7,4,4,5,5,6,5,5,2,1,50.0,28.0,27.0,18.0,52.0,50.0,68.0,52.0,70.0,46.0,2,2,2,2,2,1,1,2,1,1,2,2,2,1,2,2,2,2,1,2,2,2,2,2,1,2,1,1,1,1,1,2,2,1,1,1,2,2,2,2
159,1,1,1,4,4,3,3,5,1,5,,30.0,4.0,,,,,4.0,5.0,2.0,,5.0,,,2.0,,1.0,1.0,4.0,4.0,,,,,,,5.0,,,2.0,,,2.0,,2.0,,6.0,1.0,1.0,1.0,1.0,1.0,1.0,1.0,2.0,2.0,2.0,,,,,,,6,4,4,4,5,5,6,7,1,2,20.0,20.0,20.0,75.0,80.0,20.0,30.0,100.0,100.0,70.0,2,2,1,2,1,2,1,1,2,2,2,1,2,2,1,1,2,1,1,2,2,2,1,2,2,2,2,1,2,2,1,2,1,1,2,2,1,2,1,1
858,5,4,5,5,4,5,5,4,1,5,,68.0,6.0,,,,,3.0,4.0,1.0,4.0,,1.0,20.0,,1.0,,4.0,5.0,6.0,,,,,,,,10.0,1.0,,,3.0,,1.0,,6.0,,1.0,2.0,1.0,1.0,1.0,1.0,2.0,2.0,1.0,2.0,,,,,,,4,4,3,5,2,2,4,3,4,1,88.0,66.0,71.0,71.0,74.0,93.0,75.0,84.0,78.0,77.0,1,2,2,2,1,2,1,1,2,1,2,2,1,1,1,1,2,2,2,1,1,2,1,2,2,2,1,1,1,2,2,2,2,1,2,1,2,2,1,2
411,4,5,5,4,5,5,5,4,2,2,,30.0,2.0,,3.0,5.0,2.0,,,,5.0,,1.0,52.0,,2.0,,4.0,5.0,6.0,,,,,,,10.0,,2.0,,,9.0,,2.0,,,6.0,,,,,,,,,,,1.0,1.0,1.0,1.0,1.0,1.0,6,5,5,3,1,5,6,5,3,1,50.0,45.0,54.0,46.0,45.0,49.0,49.0,42.0,64.0,51.0,1,1,1,1,1,2,1,1,2,1,2,1,1,1,1,2,1,1,1,2,1,2,1,2,1,2,1,1,1,2,1,1,1,1,1,1,2,1,1,2
198,5,4,4,5,4,5,5,5,1,3,70.0,,3.0,,,,,3.0,3.0,3.0,4.0,,,,2.0,1.0,,,,,,,,2.0,5.0,6.0,15.0,,2.0,,,,1.0,,1.0,4.0,,1.0,1.0,2.0,1.0,1.0,2.0,1.0,1.0,2.0,1.0,,,,,,,7,1,4,3,3,7,6,5,1,1,50.0,40.0,40.0,70.0,60.0,50.0,80.0,95.0,51.0,50.0,2,2,2,2,2,2,1,1,1,2,2,2,2,2,1,2,2,2,2,2,2,2,2,1,1,2,2,2,2,2,2,1,1,1,2,2,1,2,2,2
562,5,4,5,5,2,5,2,5,2,2,,84.0,3.0,,4.0,3.0,4.0,,,,,6.0,,,2.0,,2.0,5.0,5.0,6.0,,,,,,,20.0,,1.0,,,,2.0,1.0,,5.0,,,,,,,,,,,,1.0,1.0,2.0,1.0,1.0,2.0,5,3,3,2,5,5,6,6,1,2,73.0,47.0,36.0,72.0,48.0,62.0,72.0,64.0,73.0,34.0,2,1,2,1,2,2,2,2,1,1,1,1,2,1,1,1,2,1,2,1,2,1,1,1,2,2,2,2,2,1,2,1,1,2,1,1,2,1,1,1
784,4,4,5,5,5,5,5,5,2,4,51.0,,,3.0,3.0,3.0,4.0,,,,,7.0,,,2.0,1.0,,1.0,4.0,3.0,,,,,,,10.0,,1.0,,,,1.0,,1.0,4.0,,,,,,,,,,,,1.0,1.0,1.0,2.0,1.0,2.0,5,2,5,5,5,3,5,5,4,2,31.0,36.0,24.0,78.0,52.0,54.0,39.0,75.0,24.0,14.0,1,2,2,2,2,1,1,2,2,2,1,1,2,2,2,2,2,2,1,2,2,1,1,2,2,2,1,2,1,2,2,2,2,2,1,2,2,1,1,2
899,5,4,4,4,5,5,5,5,1,1,,80.0,,2.0,,,,1.0,5.0,1.0,,4.0,1.0,20.0,,1.0,,4.0,5.0,6.0,,,,,,,20.0,,,2.0,4.0,,,1.0,,,6.0,,,,,,,,,,,1.0,1.0,1.0,2.0,1.0,2.0,7,1,5,3,2,6,7,7,4,1,80.0,35.0,45.0,65.0,80.0,46.0,85.0,70.0,45.0,20.0,2,2,2,2,1,1,1,1,2,1,2,1,1,1,1,2,2,1,2,1,2,1,1,1,2,1,1,1,1,2,2,2,1,2,1,1,1,1,2,2
921,5,5,4,5,5,2,5,5,5,5,,77.0,,2.0,,,,3.0,4.0,4.0,3.0,,,,2.0,,1.0,,,,,,,4.0,4.0,3.0,20.0,,1.0,,,,3.0,1.0,,5.0,,1.0,2.0,2.0,2.0,1.0,1.0,2.0,2.0,2.0,1.0,,,,,,,7,1,3,3,1,6,7,5,2,1,30.0,54.0,31.0,76.0,48.0,45.0,56.0,82.0,88.0,74.0,1,1,2,1,2,2,1,2,2,2,1,1,1,1,2,1,2,1,2,2,1,2,2,2,1,2,1,1,2,2,1,1,2,1,1,1,1,1,2,1
852,4,1,5,4,3,2,5,4,3,4,30.0,,4.0,,4.0,5.0,5.0,,,,5.0,,,,1.0,,2.0,4.0,3.0,2.0,,,,,,,10.0,,1.0,,,4.0,,,2.0,,5.0,1.0,1.0,1.0,1.0,1.0,1.0,2.0,2.0,2.0,2.0,,,,,,,5,6,6,7,6,5,5,7,4,1,49.0,82.0,76.0,89.0,42.0,94.0,60.0,85.0,40.0,90.0,1,1,2,1,2,1,2,1,1,2,1,1,1,2,1,2,1,1,1,1,2,1,2,1,1,2,1,1,2,1,1,2,1,1,2,1,1,2,2,2
153,5,4,5,5,4,5,4,5,4,3,,35.0,,3.0,,,,3.0,4.0,3.0,,6.0,1.0,20.0,,,2.0,,,,,,,2.0,5.0,4.0,,2.0,1.0,,,10.0,,,2.0,,5.0,,,,,,,,,,,1.0,1.0,1.0,1.0,2.0,2.0,6,3,3,2,5,6,6,6,3,1,68.0,44.0,83.0,64.0,72.0,77.0,82.0,86.0,66.0,42.0,1,2,1,1,1,1,2,2,2,1,1,2,2,2,1,2,2,2,1,1,2,1,2,1,1,1,1,2,1,1,1,1,2,1,1,1,1,2,1,2
893,3,3,4,5,5,5,5,4,4,4,,71.0,3.0,,,,,3.0,5.0,2.0,,6.0,,,2.0,,2.0,2.0,5.0,5.0,,,,,,,,15.0,1.0,,,,2.0,1.0,,,5.0,1.0,1.0,2.0,1.0,1.0,1.0,2.0,1.0,1.0,2.0,,,,,,,7,4,4,5,3,5,6,6,2,1,31.0,27.0,17.0,36.0,72.0,22.0,100.0,54.0,63.0,57.0,1,1,1,2,1,1,2,1,2,2,1,1,1,1,2,1,1,1,1,1,1,1,1,2,1,1,2,2,1,2,2,1,1,2,1,2,1,1,2,2
568,3,5,5,5,5,5,5,5,3,2,,30.0,5.0,,,,,5.0,3.0,1.0,,6.0,1.0,50.0,,1.0,,,,,,,,3.0,2.0,4.0,19.0,,,1.0,,10.0,,1.0,,5.0,,1.0,1.0,2.0,1.0,1.0,1.0,2.0,1.0,1.0,2.0,,,,,,,6,6,3,5,1,5,7,7,2,2,30.0,60.0,95.0,60.0,99.0,79.0,85.0,90.0,55.0,50.0,2,2,2,2,2,2,1,2,2,2,1,2,2,1,2,1,2,2,2,2,2,2,2,2,1,2,1,1,2,2,2,1,2,2,2,2,2,2,2,2
192,5,5,5,5,5,5,5,5,1,1,27.0,,3.0,,3.0,3.0,3.0,,,,,7.0,1.0,20.0,,,1.0,,,,,,,1.0,5.0,5.0,5.0,,1.0,,,,1.0,,2.0,,6.0,2.0,2.0,2.0,2.0,2.0,2.0,2.0,2.0,2.0,2.0,,,,,,,7,1,1,5,2,3,6,6,4,1,52.0,37.0,31.0,52.0,50.0,47.0,61.0,68.0,47.0,47.0,2,2,2,1,2,2,1,1,2,2,2,2,2,2,2,1,2,1,2,2,2,1,2,2,2,2,2,2,2,2,2,2,2,2,1,1,2,2,2,2
207,4,5,4,4,4,4,3,4,4,4,70.0,,3.0,,5.0,2.0,3.0,,,,5.0,,,,2.0,1.0,,2.0,4.0,5.0,,,,,,,15.0,,,1.0,,,3.0,,2.0,,4.0,,,,,,,,,,,1.0,2.0,1.0,1.0,2.0,1.0,7,3,5,5,2,5,7,5,3,1,55.0,60.0,50.0,55.0,60.0,60.0,80.0,55.0,40.0,70.0,1,1,1,1,1,1,1,1,1,1,2,2,1,1,1,1,1,2,1,1,1,1,2,2,2,1,1,1,1,1,2,2,2,2,2,2,2,1,2,1
374,2,2,3,5,5,5,4,4,2,1,,30.0,4.0,,,,,4.0,3.0,3.0,,6.0,1.0,18.0,,,2.0,,,,,,,4.0,5.0,5.0,,10.0,,2.0,,,2.0,,1.0,,4.0,1.0,1.0,1.0,1.0,2.0,1.0,1.0,1.0,2.0,1.0,,,,,,,6,5,5,5,3,5,5,6,3,1,55.0,42.0,58.0,55.0,65.0,58.0,72.0,54.0,58.0,26.0,1,1,2,2,2,2,1,1,1,1,2,2,2,1,2,2,2,2,2,2,2,1,2,1,1,1,2,1,2,2,2,2,2,1,2,2,2,2,2,2
995,2,3,2,2,3,3,2,2,4,3,,80.0,,3.0,3.0,3.0,5.0,,,,,,2.0,9.0,,,2.0,,,,1.0,1.0,3.0,,,,,5.0,,1.0,2.0,,,,1.0,2.0,,,,,,,,,,,,1.0,1.0,2.0,1.0,1.0,2.0,6,4,5,5,4,4,3,3,2,1,65.0,65.0,50.0,66.0,70.0,65.0,70.0,70.0,50.0,65.0,1,2,2,2,2,2,1,2,1,2,1,2,2,1,2,2,2,2,2,2,2,2,2,1,2,2,1,1,2,1,2,2,2,2,2,2,2,2,2,2
70,4,3,4,5,2,4,5,5,4,2,,20.0,,2.0,,,,5.0,4.0,4.0,6.0,,,,2.0,1.0,,3.0,5.0,5.0,,,,,,,,15.0,1.0,,,,2.0,,1.0,4.0,,,,,,,,,,,,1.0,1.0,2.0,2.0,1.0,1.0,7,6,7,6,2,3,6,6,3,1,60.0,30.0,60.0,70.0,33.0,65.0,91.0,90.0,90.0,34.0,2,1,2,1,1,2,2,1,2,2,1,2,1,2,1,2,1,2,1,2,1,2,2,1,1,1,1,2,1,2,1,1,2,2,2,2,2,2,2,2
272,5,5,5,5,5,5,4,4,5,5,70.0,,3.0,,,,,2.0,4.0,2.0,,6.0,1.0,35.0,,,2.0,2.0,5.0,3.0,,,,,,,2.0,,,1.0,,,2.0,,2.0,,4.0,1.0,1.0,1.0,1.0,1.0,1.0,1.0,1.0,1.0,1.0,,,,,,,6,2,3,3,1,2,5,5,4,1,60.0,60.0,70.0,60.0,50.0,80.0,40.0,75.0,95.0,51.0,2,2,1,2,2,2,1,2,2,1,1,2,2,2,2,1,2,2,2,2,2,2,1,1,2,1,1,2,1,2,2,2,2,2,2,1,2,1,2,2
301,1,2,2,5,5,5,4,5,1,1,,30.0,,1.0,2.0,3.0,4.0,,,,1.0,,1.0,20.0,,,2.0,,,,,,,1.0,5.0,5.0,20.0,,,1.0,,4.0,,,1.0,,6.0,,,,,,,,,,,1.0,1.0,1.0,1.0,1.0,1.0,6,1,6,6,5,6,3,3,4,1,50.0,30.0,70.0,70.0,70.0,60.0,75.0,90.0,50.0,30.0,1,2,2,2,2,2,2,2,2,2,2,2,2,2,1,2,2,2,2,2,2,2,1,2,2,2,2,2,1,2,2,2,2,1,2,2,1,2,2,2
688,4,5,4,3,5,4,3,1,5,3,,32.0,,2.0,,,,,,,2.0,,1.0,20.0,,1.0,,,,,,,,5.0,3.0,4.0,,20.0,2.0,,,,5.0,,2.0,,5.0,2.0,2.0,2.0,2.0,1.0,2.0,2.0,1.0,1.0,2.0,,,,,,,4,2,2,5,4,7,5,4,3,,,,,,,,,,,,1,1,2,2,1,2,1,1,2,1,1,1,1,1,1,1,1,2,1,2,2,2,1,1,1,1,1,1,1,1,2,1,1,1,1,2,1,1,1,1
954,5,3,4,3,3,4,4,2,4,4,,66.0,,1.0,,,,5.0,4.0,4.0,,5.0,1.0,14.0,,1.0,,,,,4.0,5.0,5.0,,,,,20.0,1.0,,,,2.0,2.0,,,6.0,,,,,,,,,,,1.0,2.0,1.0,1.0,1.0,1.0,6,5,5,6,6,5,6,5,1,1,45.0,42.0,33.0,27.0,28.0,32.0,20.0,24.0,9.0,33.0,1,1,1,1,2,2,1,1,2,1,2,2,2,1,2,1,2,2,2,1,2,1,1,1,1,2,1,2,2,2,2,1,2,2,1,1,2,1,2,2
827,1,1,1,1,1,1,5,4,5,4,71.0,,2.0,,,,,4.0,6.0,2.0,6.0,,,,2.0,1.0,,1.0,5.0,1.0,,,,,,,20.0,,,2.0,6.0,,,,1.0,2.0,,2.0,1.0,1.0,2.0,1.0,1.0,1.0,1.0,2.0,1.0,,,,,,,6,3,4,5,5,6,7,7,1,1,41.0,33.0,41.0,33.0,36.0,42.0,72.0,64.0,54.0,65.0,2,1,2,2,1,2,1,2,2,1,2,2,1,2,2,2,2,2,2,2,2,1,2,1,2,2,2,1,2,2,2,1,2,2,1,2,2,2,1,1
126,4,3,3,5,5,4,5,5,3,3,,30.0,3.0,,3.0,3.0,4.0,,,,,5.0,,,2.0,1.0,,,,,,,,4.0,5.0,6.0,,15.0,,2.0,,10.0,,,1.0,,2.0,,,,,,,,,,,1.0,1.0,1.0,1.0,1.0,1.0,6,1,3,3,2,6,7,7,1,1,29.0,28.0,18.0,64.0,78.0,48.0,64.0,72.0,46.0,31.0,2,2,1,2,2,2,2,2,2,2,2,2,2,2,2,2,2,2,2,1,2,2,2,2,2,2,1,1,1,2,1,2,2,1,1,2,2,2,2,2
649,4,4,5,5,4,5,3,5,2,3,,30.0,,3.0,,,,4.0,3.0,2.0,2.0,,,,2.0,,2.0,,,,,,,1.0,3.0,4.0,,0.0,2.0,,3.0,,,1.0,,,3.0,1.0,1.0,1.0,1.0,1.0,1.0,1.0,1.0,1.0,1.0,,,,,,,7,3,3,3,3,3,6,5,3,1,72.0,36.0,27.0,54.0,45.0,54.0,54.0,81.0,45.0,36.0,1,2,2,2,2,2,1,2,1,2,2,1,2,2,2,2,2,2,2,2,2,2,1,1,2,2,2,1,2,2,1,2,1,1,2,2,1,2,2,2
41,2,3,2,2,4,4,5,5,4,4,70.0,,,3.0,,,,4.0,4.0,2.0,,4.0,1.0,32.0,,1.0,,,,,,,,4.0,5.0,3.0,,17.0,,1.0,3.0,,,,2.0,4.0,,,,,,,,,,,,1.0,1.0,2.0,1.0,2.0,1.0,6,3,4,3,5,6,5,5,2,1,41.0,45.0,41.0,50.0,60.0,60.0,84.0,72.0,50.0,75.0,1,2,1,1,1,1,2,2,2,2,1,1,2,1,2,1,2,2,2,1,2,2,2,2,2,1,1,2,1,1,1,1,1,1,2,1,2,2,1,2
243,3,3,3,4,4,3,5,3,2,4,30.0,,4.0,,,,,1.0,1.0,1.0,6.0,,,,2.0,,2.0,,,,,,,4.0,5.0,6.0,20.0,,1.0,,,6.0,,,2.0,4.0,,,,,,,,,,,,1.0,1.0,1.0,1.0,1.0,2.0,6,4,4,4,5,6,7,7,2,2,50.0,50.0,55.0,68.0,68.0,52.0,91.0,52.0,100.0,68.0,1,1,2,1,1,2,2,2,1,1,2,2,1,1,2,1,2,1,1,2,2,1,2,2,2,1,2,1,1,1,2,1,2,1,1,1,1,1,1,1
330,3,3,3,5,5,5,5,5,5,5,80.0,,,5.0,3.0,4.0,3.0,,,,,6.0,,,2.0,1.0,,,,,,,,3.0,5.0,5.0,0.0,,1.0,,2.0,,,,2.0,5.0,,1.0,1.0,1.0,1.0,1.0,1.0,1.0,1.0,1.0,1.0,,,,,,,7,1,4,5,3,7,6,5,2,1,30.0,10.0,10.0,80.0,75.0,61.0,80.0,85.0,48.0,32.0,2,2,2,1,1,2,1,1,2,2,2,2,2,2,2,1,2,2,1,1,2,1,2,2,1,1,2,1,2,2,2,2,2,2,2,2,1,1,2,2
80,1,1,1,3,3,1,1,3,5,3,,98.0,,2.0,3.0,4.0,2.0,,,,6.0,,,,2.0,1.0,,2.0,3.0,3.0,,,,,,,20.0,,2.0,,1.0,,,,2.0,,1.0,,,,,,,,,,,1.0,1.0,1.0,1.0,1.0,1.0,6,5,6,7,2,3,5,3,1,1,45.0,39.0,41.0,41.0,43.0,42.0,43.0,38.0,54.0,36.0,2,2,2,2,2,1,2,1,2,2,2,2,1,1,2,1,1,2,2,2,2,2,2,2,2,1,2,1,2,2,1,1,2,2,2,2,2,2,1,1
965,5,5,5,5,5,5,5,5,1,5,,30.0,3.0,,5.0,5.0,5.0,,,,,6.0,,,2.0,,2.0,1.0,4.0,5.0,,,,,,,,1.0,1.0,,,,3.0,1.0,,6.0,,,,,,,,,,,,1.0,1.0,1.0,1.0,2.0,2.0,5,2,3,5,3,7,7,6,3,2,100.0,100.0,81.0,100.0,92.0,100.0,100.0,100.0,0.0,50.0,1,2,2,2,1,2,2,1,1,2,1,2,1,1,1,2,2,1,2,2,2,2,2,2,1,2,2,1,2,1,1,1,2,2,2,2,1,1,1,2
816,3,3,3,5,4,2,4,5,4,3,,73.0,,2.0,,,,,,,4.0,,,,2.0,1.0,,,,,,,,4.0,3.0,4.0,,20.0,,1.0,3.0,,,,2.0,,3.0,1.0,1.0,2.0,1.0,1.0,1.0,2.0,2.0,1.0,1.0,,,,,,,7,2,4,4,3,4,6,4,2,2,40.0,50.0,37.0,75.0,75.0,50.0,59.0,74.0,50.0,57.0,1,2,2,2,1,2,1,2,2,1,2,1,2,2,2,2,2,2,1,1,1,2,2,2,2,1,2,2,2,2,2,1,2,2,1,2,2,1,2,2
117,5,5,4,5,4,4,4,5,3,3,,80.0,4.0,,,,,4.0,4.0,2.0,,3.0,2.0,5.0,,1.0,,,,,,,,5.0,2.0,5.0,,15.0,2.0,,2.0,,,1.0,,2.0,,1.0,1.0,1.0,1.0,2.0,2.0,2.0,2.0,2.0,2.0,,,,,,,6,6,6,6,1,2,3,3,3,1,77.0,73.0,80.0,71.0,72.0,67.0,63.0,74.0,44.0,77.0,2,2,2,1,2,2,2,2,1,2,2,2,2,2,2,1,2,2,2,2,2,1,1,2,2,2,1,2,1,2,2,2,2,2,2,2,1,1,2,2
282,5,5,5,5,5,5,5,5,2,4,85.0,,5.0,,3.0,4.0,4.0,,,,6.0,,1.0,25.0,,,2.0,2.0,4.0,6.0,,,,,,,,20.0,,2.0,,,3.0,,1.0,,5.0,1.0,1.0,1.0,1.0,1.0,1.0,1.0,1.0,1.0,1.0,,,,,,,7,5,6,7,3,6,7,7,4,1,70.0,45.0,70.0,60.0,75.0,55.0,70.0,52.0,55.0,60.0,2,1,2,1,1,1,1,2,1,1,1,2,1,2,2,1,2,2,1,2,2,2,1,2,2,2,1,1,2,2,2,2,1,2,2,2,1,2,2,2
678,4,4,4,3,4,3,3,5,3,3,,40.0,,4.0,5.0,5.0,4.0,,,,,6.0,,,2.0,,2.0,,,,,,,2.0,5.0,5.0,,10.0,,2.0,,,1.0,2.0,,4.0,,1.0,1.0,1.0,2.0,2.0,1.0,2.0,2.0,1.0,1.0,,,,,,,4,1,1,1,1,5,7,7,2,1,32.0,26.0,23.0,34.0,38.0,28.0,27.0,89.0,51.0,41.0,2,2,1,1,1,2,1,2,2,1,2,2,2,2,1,2,2,2,2,1,2,1,2,2,2,2,2,2,2,2,2,2,2,1,2,1,2,2,1,2
910,4,4,4,4,4,2,2,2,4,4,71.0,,,4.0,2.0,2.0,5.0,,,,,5.0,,,1.0,1.0,,,,,,,,1.0,4.0,5.0,,18.0,1.0,,,,1.0,,2.0,,4.0,1.0,1.0,2.0,1.0,1.0,2.0,1.0,1.0,2.0,1.0,,,,,,,2,1,2,5,2,6,6,6,3,1,22.0,75.0,72.0,83.0,86.0,27.0,78.0,82.0,81.0,77.0,1,2,1,1,2,2,1,1,2,1,2,2,2,1,1,2,2,1,1,2,2,1,2,2,1,2,2,1,1,1,2,2,1,2,1,2,1,1,1,1
863,5,5,5,5,4,5,5,5,1,4,,80.0,,2.0,,,,4.0,5.0,3.0,5.0,,,,2.0,1.0,,,,,,,,4.0,5.0,6.0,15.0,,,1.0,5.0,,,2.0,,5.0,,,,,,,,,,,,1.0,2.0,1.0,1.0,2.0,1.0,6,2,2,1,3,6,7,7,3,2,63.0,67.0,50.0,90.0,55.0,54.0,75.0,80.0,32.0,86.0,1,2,2,1,1,2,2,1,2,2,1,1,1,1,1,2,1,1,1,2,2,1,2,1,2,2,2,2,1,2,1,2,1,1,2,2,2,1,2,1
384,2,5,4,5,5,5,5,5,1,5,80.0,,3.0,,2.0,2.0,4.0,,,,,5.0,1.0,15.0,,,1.0,1.0,5.0,3.0,,,,,,,20.0,,2.0,,,,1.0,1.0,,4.0,,,,,,,,,,,,1.0,1.0,1.0,2.0,1.0,2.0,3,1,4,3,2,3,5,6,2,2,60.0,75.0,85.0,80.0,85.0,53.0,90.0,80.0,50.0,82.0,2,2,2,2,2,2,2,2,2,2,1,2,2,2,2,1,2,2,1,2,2,1,2,2,2,2,2,2,2,2,2,2,2,2,2,2,1,2,2,2
598,5,3,5,5,5,5,5,5,3,3,,60.0,,1.0,3.0,3.0,1.0,,,,,6.0,1.0,10.0,,1.0,,,,,1.0,5.0,4.0,,,,15.0,,,2.0,,10.0,,,2.0,6.0,,1.0,1.0,1.0,2.0,1.0,2.0,1.0,2.0,1.0,2.0,,,,,,,7,2,4,4,3,3,6,7,2,1,80.0,35.0,70.0,85.0,90.0,70.0,95.0,60.0,65.0,70.0,2,1,2,2,1,2,2,2,2,2,2,2,2,2,2,2,2,2,2,2,2,2,2,1,2,2,1,2,2,2,2,2,2,2,1,2,2,2,2,2
162,5,5,5,5,5,2,5,5,5,5,71.0,,,5.0,,,,5.0,3.0,2.0,,6.0,1.0,54.0,,,2.0,,,,,,,3.0,4.0,5.0,15.0,,,2.0,,1.0,,,2.0,3.0,,,,,,,,,,,,1.0,1.0,2.0,1.0,1.0,2.0,6,5,1,6,2,6,7,7,3,2,86.0,81.0,87.0,94.0,71.0,19.0,96.0,100.0,99.0,96.0,1,2,1,2,2,1,1,1,1,1,1,2,2,2,1,1,1,1,2,1,1,2,2,2,2,1,2,1,1,2,2,1,1,2,2,2,2,2,2,2
34,3,3,4,3,4,1,4,4,5,4,,70.0,,2.0,5.0,5.0,6.0,,,,3.0,,1.0,20.0,,,2.0,2.0,4.0,3.0,,,,,,,15.0,,1.0,,2.0,,,1.0,,4.0,,1.0,1.0,1.0,1.0,1.0,1.0,1.0,1.0,1.0,1.0,,,,,,,6,2,4,5,5,5,5,5,3,2,50.0,50.0,48.0,47.0,47.0,47.0,54.0,54.0,100.0,47.0,2,1,2,2,2,1,2,2,1,1,2,2,1,2,2,2,2,1,1,2,2,2,1,2,1,2,2,2,2,2,1,2,2,1,2,2,1,2,2,2
559,5,5,5,5,3,5,5,5,1,3,80.0,,2.0,,5.0,5.0,5.0,,,,,6.0,1.0,12.0,,,1.0,,,,,,,2.0,5.0,3.0,,5.0,,1.0,,,3.0,1.0,,,5.0,,,,,,,,,,,1.0,1.0,1.0,1.0,2.0,1.0,7,3,2,3,6,6,6,6,3,1,42.0,20.0,32.0,55.0,36.0,32.0,66.0,69.0,69.0,65.0,1,1,1,2,2,2,2,2,1,1,1,1,1,1,2,2,2,1,1,1,2,1,2,1,1,2,2,2,1,1,2,2,1,1,2,2,2,2,1,1
236,2,3,4,5,2,5,5,4,5,4,,70.0,,3.0,1.0,1.0,3.0,,,,3.0,,,,2.0,1.0,,3.0,2.0,2.0,,,,,,,,15.0,1.0,,,1.0,,1.0,,,5.0,,,,,,,,,,,1.0,1.0,1.0,1.0,2.0,2.0,6,1,1,1,5,7,7,6,1,2,10.0,40.0,75.0,75.0,60.0,100.0,100.0,98.0,90.0,80.0,2,2,1,2,1,2,1,1,2,2,1,2,1,2,2,2,1,2,1,1,2,1,1,2,1,1,2,2,2,2,1,1,2,2,2,2,1,2,2,2
345,4,3,4,3,2,2,2,3,2,3,57.0,,5.0,,,,,2.0,5.0,2.0,,5.0,,,2.0,,2.0,,,,,,,4.0,5.0,5.0,,12.0,,2.0,,,2.0,,1.0,2.0,,,,,,,,,,,,1.0,1.0,1.0,1.0,2.0,2.0,5,3,3,4,3,3,2,3,4,1,25.0,25.0,45.0,41.0,34.0,43.0,38.0,34.0,41.0,58.0,1,1,1,1,1,2,2,1,2,2,1,2,1,1,1,2,1,1,1,2,1,2,1,1,2,1,1,1,1,2,1,1,1,1,1,2,1,2,2,1
607,5,5,5,5,5,5,5,5,3,5,,80.0,,2.0,4.0,2.0,5.0,,,,,,,,2.0,,2.0,4.0,5.0,4.0,,,,,,,,10.0,,2.0,2.0,,,2.0,,,1.0,2.0,2.0,1.0,1.0,2.0,2.0,2.0,1.0,1.0,2.0,,,,,,,7,4,2,3,1,6,7,7,2,2,75.0,55.0,75.0,70.0,65.0,60.0,80.0,85.0,45.0,100.0,1,2,2,1,1,2,2,1,2,2,2,1,2,2,2,2,1,2,2,2,2,1,1,2,2,1,1,1,2,2,2,2,2,1,2,2,1,2,1,1
774,2,5,4,5,4,4,5,4,1,3,,53.0,6.0,,,,,4.0,4.0,4.0,,7.0,1.0,14.0,,1.0,,1.0,5.0,1.0,,,,,,,,10.0,,1.0,,,1.0,,2.0,,6.0,,,,,,,,,,,1.0,1.0,1.0,1.0,1.0,1.0,5,1,2,2,5,5,6,6,3,2,15.0,82.0,78.0,100.0,45.0,92.0,100.0,88.0,7.0,45.0,1,2,2,1,1,1,2,1,2,2,1,2,2,2,2,1,1,1,1,2,1,2,1,2,1,1,1,1,1,1,1,1,1,2,2,1,1,2,2,1
168,4,3,3,3,4,4,3,3,4,3,,77.0,5.0,,,,,5.0,4.0,3.0,7.0,,,,2.0,1.0,,,,,,,,4.0,4.0,5.0,10.0,,1.0,,,6.0,,1.0,,,5.0,,,,,,,,,,,1.0,1.0,2.0,2.0,1.0,1.0,6,5,6,5,6,4,5,5,3,2,80.0,62.0,24.0,29.0,21.0,29.0,25.0,57.0,27.0,31.0,1,1,1,2,2,2,1,1,2,1,1,1,1,2,1,1,1,1,2,2,1,1,1,1,1,1,1,1,1,2,1,1,1,1,1,1,1,1,1,1
592,4,5,5,5,2,5,5,5,5,5,,30.0,,2.0,2.0,1.0,5.0,,,,,6.0,2.0,20.0,,1.0,,,,,4.0,5.0,6.0,,,,20.0,,1.0,,,,3.0,,1.0,6.0,,,,,,,,,,,,1.0,1.0,1.0,2.0,1.0,1.0,6,5,2,5,2,5,5,7,4,1,20.0,12.0,5.0,69.0,76.0,30.0,75.0,77.0,90.0,82.0,2,1,2,2,1,2,1,1,1,2,1,2,2,2,1,1,2,2,2,1,1,2,2,1,2,1,2,2,1,2,2,1,2,1,2,2,1,2,2,2
869,4,5,4,4,4,3,4,5,4,4,,23.0,,5.0,4.0,2.0,3.0,,,,,6.0,,,2.0,1.0,,,,,4.0,5.0,6.0,,,,,10.0,1.0,,,7.0,,1.0,,,3.0,,,,,,,,,,,1.0,1.0,1.0,1.0,1.0,1.0,6,2,1,2,5,6,6,6,2,1,82.0,71.0,78.0,76.0,85.0,73.0,75.0,62.0,71.0,79.0,1,2,1,1,2,1,2,1,2,1,1,1,2,1,1,1,2,2,1,2,1,1,2,2,1,2,1,1,1,2,1,1,1,2,2,1,2,1,2,1
420,1,3,4,5,4,4,3,5,4,4,70.0,,,3.0,,,,4.0,4.0,2.0,3.0,,,,2.0,,1.0,,,,,,,5.0,4.0,5.0,,12.0,2.0,,3.0,,,,2.0,,5.0,1.0,1.0,1.0,1.0,1.0,2.0,2.0,2.0,1.0,1.0,,,,,,,6,4,5,6,3,6,5,4,2,1,3.0,67.0,45.0,69.0,59.0,23.0,72.0,87.0,79.0,81.0,1,2,1,2,1,1,1,1,2,2,1,1,2,1,1,1,1,2,2,1,1,2,1,2,1,1,2,1,1,2,1,1,1,1,2,1,1,1,2,2
553,3,3,2,2,2,1,5,5,5,5,91.0,,4.0,,3.0,3.0,4.0,,,,3.0,,,,2.0,,1.0,,,,2.0,5.0,4.0,,,,20.0,,,2.0,,10.0,,1.0,,,4.0,,,,,,,,,,,1.0,1.0,2.0,1.0,1.0,2.0,6,4,6,6,5,5,6,6,3,2,70.0,71.0,82.0,47.0,49.0,37.0,99.0,93.0,73.0,53.0,2,2,1,2,2,2,1,2,2,2,2,2,2,2,1,2,2,2,2,1,1,2,1,2,2,2,2,2,2,2,2,2,2,2,2,2,2,1,2,2
249,1,4,1,3,5,4,3,4,5,3,70.0,,4.0,,5.0,4.0,3.0,,,,3.0,,1.0,15.0,,,2.0,1.0,5.0,4.0,,,,,,,,10.0,1.0,,,,2.0,1.0,,5.0,,1.0,1.0,1.0,1.0,1.0,1.0,1.0,1.0,1.0,1.0,,,,,,,6,1,5,5,2,6,5,5,1,2,50.0,47.0,30.0,48.0,59.0,64.0,63.0,75.0,88.0,60.0,2,2,1,2,1,2,2,2,2,2,2,2,1,2,2,2,2,1,2,2,2,2,2,2,2,2,2,2,2,2,1,2,2,2,2,2,2,2,2,2
455,3,3,4,5,3,3,4,4,5,3,60.0,,,4.0,5.0,5.0,4.0,,,,,5.0,2.0,8.0,,1.0,,,,,4.0,4.0,3.0,,,,0.0,,,1.0,,,2.0,1.0,,,5.0,1.0,1.0,2.0,1.0,1.0,2.0,2.0,1.0,1.0,1.0,,,,,,,3,2,1,2,2,5,3,4,3,1,49.0,38.0,55.0,100.0,85.0,0.0,29.0,90.0,97.0,71.0,2,2,1,2,2,2,1,2,2,1,2,1,1,2,2,1,2,1,2,2,1,2,2,2,2,2,2,2,1,2,1,2,2,1,2,2,1,2,2,1
526,3,4,3,2,3,4,4,3,5,4,10.0,,,5.0,,,,2.0,4.0,2.0,,6.0,2.0,9.0,,1.0,,,,,3.0,3.0,4.0,,,,,15.0,1.0,,,10.0,,,1.0,,4.0,,,,,,,,,,,1.0,1.0,2.0,1.0,1.0,2.0,7,1,2,3,3,7,5,5,3,2,30.0,40.0,60.0,60.0,70.0,40.0,60.0,10.0,95.0,85.0,1,2,2,2,2,2,2,2,1,1,2,1,1,2,2,1,2,2,1,1,2,1,1,2,2,1,1,2,2,1,2,2,1,2,1,2,1,1,2,1
494,4,3,3,5,4,4,3,5,3,3,,3.0,4.0,,,,,3.0,3.0,3.0,,7.0,1.0,42.0,,,2.0,,,,4.0,5.0,6.0,,,,,10.0,,2.0,,,2.0,1.0,,,6.0,1.0,1.0,2.0,1.0,1.0,2.0,1.0,2.0,1.0,1.0,,,,,,,6,1,3,3,3,5,5,6,1,1,70.0,25.0,35.0,50.0,40.0,40.0,20.0,65.0,50.0,50.0,2,1,2,1,1,2,2,2,2,2,2,1,2,1,2,2,2,1,2,1,2,1,2,1,2,2,2,1,2,2,2,2,1,1,2,2,2,1,1,2
672,1,3,1,2,2,1,1,5,5,4,,70.0,,3.0,,,,3.0,3.0,4.0,5.0,,,,2.0,,1.0,,,,5.0,1.0,3.0,,,,2.0,,1.0,,,10.0,,1.0,,3.0,,1.0,1.0,1.0,1.0,1.0,1.0,1.0,1.0,1.0,1.0,,,,,,,6,3,4,3,2,6,3,6,1,1,13.0,42.0,5.0,44.0,17.0,56.0,20.0,57.0,67.0,47.0,2,2,1,1,2,2,2,1,2,2,1,2,1,1,1,1,1,1,2,1,1,2,2,1,2,2,1,2,1,1,1,2,2,2,2,2,1,2,1,1
701,2,2,2,2,4,4,2,1,4,1,,94.0,,2.0,3.0,4.0,4.0,,,,6.0,,1.0,18.0,,,1.0,,,,,,,1.0,4.0,5.0,,5.0,,2.0,3.0,,,,2.0,4.0,,1.0,1.0,1.0,1.0,1.0,1.0,1.0,1.0,1.0,1.0,,,,,,,6,1,6,6,3,6,5,5,2,1,61.0,46.0,61.0,62.0,66.0,56.0,66.0,54.0,54.0,33.0,1,1,2,2,1,2,1,2,1,2,2,2,2,1,2,2,2,2,2,2,2,2,1,1,2,2,2,2,1,2,1,2,2,2,2,2,1,2,2,2
288,5,5,5,5,5,5,5,5,1,5,22.0,,,1.0,,,,6.0,3.0,1.0,,6.0,1.0,30.0,,,2.0,2.0,5.0,6.0,,,,,,,7.0,,,2.0,,2.0,,,2.0,6.0,,1.0,2.0,2.0,2.0,1.0,1.0,2.0,2.0,2.0,1.0,,,,,,,7,1,2,2,4,7,6,7,4,1,99.0,92.0,100.0,98.0,96.0,98.0,99.0,95.0,1.0,97.0,1,2,1,2,1,2,1,2,1,1,1,1,1,1,1,1,2,1,2,2,2,1,2,1,1,1,2,2,1,1,1,2,1,1,1,2,2,1,1,1
685,5,4,3,5,5,4,5,4,3,4,90.0,,6.0,,4.0,4.0,6.0,,,,3.0,,1.0,40.0,,1.0,,,,,5.0,5.0,6.0,,,,,20.0,1.0,,,,2.0,,1.0,6.0,,,,,,,,,,,,1.0,1.0,2.0,1.0,2.0,1.0,7,1,3,3,5,7,5,3,2,1,40.0,30.0,25.0,85.0,80.0,50.0,75.0,35.0,60.0,75.0,1,2,2,2,1,2,2,1,1,2,2,2,2,1,1,2,2,2,2,2,1,1,2,2,2,2,1,1,1,2,2,1,1,2,1,1,2,2,2,2
463,5,5,5,5,4,5,5,5,1,3,,40.0,,2.0,3.0,3.0,3.0,,,,,5.0,,,2.0,1.0,,,,,,,,4.0,5.0,5.0,,5.0,1.0,,,4.0,,,2.0,,5.0,,,,,,,,,,,1.0,1.0,1.0,1.0,1.0,1.0,7,1,3,5,2,6,7,5,4,1,60.0,45.0,40.0,30.0,40.0,45.0,55.0,50.0,40.0,40.0,2,2,2,2,1,1,1,2,2,2,1,1,1,2,2,1,1,2,1,1,1,2,2,2,1,1,2,1,1,2,2,1,2,1,2,1,1,2,1,1
510,2,5,5,5,5,5,5,2,5,5,,38.0,5.0,,6.0,3.0,5.0,,,,,5.0,1.0,51.0,,1.0,,,,,2.0,5.0,6.0,,,,10.0,,,2.0,10.0,,,,2.0,,2.0,1.0,1.0,1.0,1.0,1.0,2.0,2.0,2.0,2.0,2.0,,,,,,,7,2,5,6,1,6,6,7,4,2,13.0,68.0,35.0,81.0,77.0,30.0,80.0,23.0,71.0,83.0,2,1,1,1,1,1,2,2,1,2,1,1,2,2,2,1,1,2,1,1,2,1,1,1,2,2,2,2,2,2,1,1,2,2,2,1,1,2,2,1
998,4,4,4,5,4,5,5,5,1,4,,50.0,,1.0,4.0,4.0,4.0,,,,7.0,,1.0,18.0,,1.0,,,,,,,,3.0,5.0,5.0,,5.0,,2.0,2.0,,,1.0,,,3.0,,,,,,,,,,,1.0,1.0,1.0,1.0,1.0,1.0,7,4,5,5,2,5,5,5,3,2,60.0,23.0,40.0,60.0,80.0,70.0,80.0,90.0,31.0,60.0,2,1,2,2,1,1,1,1,1,2,2,2,1,1,1,1,1,1,2,1,1,2,1,1,1,1,1,1,1,1,1,2,1,1,1,2,1,2,2,1
644,4,2,4,3,4,4,4,5,5,5,,3.0,5.0,,,,,5.0,3.0,1.0,5.0,,2.0,0.0,,,2.0,,,,2.0,5.0,5.0,,,,15.0,,,2.0,2.0,,,1.0,,2.0,,,,,,,,,,,,1.0,1.0,2.0,1.0,1.0,1.0,7,1,6,1,5,7,4,7,1,2,90.0,60.0,75.0,70.0,90.0,50.0,95.0,95.0,90.0,95.0,1,1,1,2,2,2,1,1,1,2,1,2,1,1,2,2,1,2,1,2,2,2,2,1,2,2,1,1,1,2,2,2,2,2,2,2,2,2,1,1
737,2,5,5,4,5,4,4,5,2,5,70.0,,,2.0,,,,4.0,4.0,2.0,,7.0,2.0,1.0,,,2.0,1.0,5.0,5.0,,,,,,,,0.0,2.0,,,,2.0,,1.0,,5.0,1.0,1.0,1.0,2.0,1.0,2.0,1.0,1.0,2.0,1.0,,,,,,,5,1,3,3,2,5,6,5,2,2,75.0,50.0,30.0,80.0,90.0,50.0,40.0,65.0,85.0,75.0,1,2,1,1,1,2,1,1,2,1,1,1,1,1,1,2,2,1,1,2,1,2,2,2,1,1,2,1,2,1,2,1,1,1,1,2,2,2,2,1
959,2,3,4,3,5,3,4,2,2,4,8.0,,,4.0,2.0,1.0,1.0,,,,3.0,,,,2.0,,1.0,,,,,,,2.0,3.0,5.0,12.0,,,1.0,3.0,,,,2.0,4.0,,1.0,1.0,2.0,2.0,1.0,1.0,1.0,2.0,1.0,1.0,,,,,,,6,2,4,5,2,2,5,7,2,2,61.0,15.0,44.0,38.0,25.0,37.0,12.0,79.0,21.0,72.0,1,1,2,1,2,2,1,2,1,2,1,1,1,1,1,2,1,2,1,2,2,1,1,1,2,2,1,2,1,2,1,1,1,2,1,2,1,1,1,1
631,3,4,4,5,5,4,5,5,3,4,71.0,,,4.0,3.0,2.0,4.0,,,,,3.0,1.0,40.0,,1.0,,,,,5.0,5.0,6.0,,,,,14.0,,2.0,,10.0,,1.0,,3.0,,1.0,2.0,1.0,1.0,1.0,2.0,1.0,1.0,2.0,1.0,,,,,,,3,1,1,3,1,5,7,5,3,2,44.0,50.0,41.0,43.0,46.0,29.0,100.0,40.0,50.0,45.0,2,2,1,2,1,1,2,1,1,1,2,1,1,2,1,1,1,1,1,1,1,1,1,1,1,1,1,1,1,1,1,2,1,2,1,2,1,1,1,2
742,4,5,5,5,5,5,5,5,1,3,,30.0,3.0,,4.0,3.0,3.0,,,,,7.0,,,2.0,,1.0,,,,,,,3.0,5.0,5.0,12.0,,,1.0,,,1.0,2.0,,4.0,,,,,,,,,,,,1.0,2.0,1.0,1.0,2.0,1.0,7,4,6,6,1,5,6,6,3,2,48.0,48.0,40.0,48.0,48.0,40.0,48.0,45.0,52.0,50.0,1,1,1,2,1,2,2,1,1,2,1,1,1,2,1,2,1,1,1,2,1,2,1,2,1,1,2,1,2,1,1,1,1,1,1,1,1,1,1,1
416,1,1,1,5,5,1,5,3,5,5,,30.0,,3.0,4.0,2.0,3.0,,,,4.0,,2.0,10.0,,,2.0,,,,4.0,4.0,4.0,,,,10.0,,1.0,,1.0,,,,2.0,,4.0,1.0,1.0,1.0,1.0,1.0,1.0,1.0,1.0,1.0,1.0,,,,,,,5,3,5,5,1,6,5,5,1,2,35.0,59.0,32.0,71.0,71.0,42.0,80.0,51.0,55.0,66.0,2,1,1,2,1,2,1,2,2,2,2,1,1,1,1,2,2,1,2,1,1,2,1,1,2,2,2,1,2,2,2,2,1,1,2,2,2,2,1,1
565,3,3,4,3,4,4,4,4,3,3,,70.0,,4.0,3.0,2.0,3.0,,,,,5.0,,,2.0,,1.0,,,,4.0,4.0,3.0,,,,15.0,,,1.0,,4.0,,,1.0,2.0,,,,,,,,,,,,1.0,1.0,2.0,1.0,1.0,2.0,5,2,2,4,3,5,5,5,3,1,70.0,35.0,71.0,74.0,80.0,20.0,74.0,68.0,69.0,70.0,1,1,2,1,1,2,1,2,2,1,1,1,1,1,1,2,2,1,1,1,1,1,1,1,1,1,2,1,2,1,2,2,1,1,1,2,2,2,1,2
379,1,1,1,4,4,1,2,5,5,5,,30.0,,1.0,,,,4.0,4.0,4.0,6.0,,,,2.0,1.0,,3.0,1.0,1.0,,,,,,,20.0,,,2.0,1.0,,,2.0,,4.0,,1.0,1.0,2.0,1.0,1.0,2.0,1.0,1.0,2.0,1.0,,,,,,,7,2,6,6,5,5,5,5,1,1,29.0,20.0,8.0,38.0,48.0,14.0,21.0,38.0,64.0,41.0,1,1,1,2,1,2,2,2,2,2,2,2,1,2,2,2,2,1,1,1,2,2,2,2,2,2,1,2,1,2,2,2,1,2,1,2,1,2,2,1
783,2,3,4,4,4,3,5,4,4,5,75.0,,,4.0,3.0,2.0,3.0,,,,,6.0,2.0,8.0,,,2.0,2.0,4.0,5.0,,,,,,,,5.0,2.0,,2.0,,,1.0,,,5.0,1.0,1.0,1.0,1.0,2.0,2.0,2.0,1.0,1.0,2.0,,,,,,,5,1,1,4,2,7,5,4,2,2,66.0,58.0,81.0,85.0,81.0,93.0,100.0,94.0,51.0,86.0,2,2,2,1,2,1,2,2,1,1,1,1,2,1,1,2,1,1,1,2,2,1,2,2,1,2,1,2,1,2,2,2,2,1,2,1,2,2,2,2
926,2,4,2,5,5,5,4,5,2,5,70.0,,,3.0,,,,3.0,5.0,2.0,,5.0,,,2.0,1.0,,,,,3.0,1.0,1.0,,,,20.0,,,2.0,,10.0,,,1.0,,4.0,1.0,1.0,1.0,1.0,1.0,1.0,1.0,2.0,2.0,2.0,,,,,,,6,1,6,5,4,5,5,5,3,1,60.0,35.0,65.0,65.0,65.0,30.0,40.0,90.0,65.0,75.0,2,2,2,2,2,1,2,2,2,1,2,1,2,2,2,2,2,2,2,2,2,1,2,1,2,2,2,2,2,2,2,1,2,2,2,2,2,2,2,2
855,1,4,2,3,4,5,2,3,5,4,,67.0,,2.0,3.0,2.0,4.0,,,,,6.0,1.0,15.0,,,1.0,,,,4.0,5.0,4.0,,,,,17.0,,2.0,2.0,,,,2.0,,6.0,1.0,1.0,2.0,1.0,2.0,2.0,2.0,1.0,1.0,2.0,,,,,,,7,3,5,5,5,6,4,4,2,1,28.0,28.0,21.0,77.0,84.0,82.0,18.0,53.0,91.0,70.0,2,1,2,1,2,2,1,1,1,2,1,1,1,2,1,2,1,1,2,1,2,2,2,1,2,1,1,2,2,2,2,2,1,1,2,2,2,2,2,1
748,2,3,2,4,4,4,4,4,2,3,,75.0,,3.0,3.0,3.0,2.0,,,,6.0,,1.0,30.0,,,1.0,,,,,,,5.0,4.0,3.0,,15.0,1.0,,,6.0,,,2.0,,6.0,,,,,,,,,,,1.0,1.0,1.0,1.0,1.0,1.0,6,1,7,7,4,6,5,5,2,2,40.0,30.0,40.0,45.0,57.0,35.0,45.0,40.0,45.0,35.0,1,2,2,1,2,2,2,2,2,1,2,2,2,1,2,2,1,2,2,2,2,1,1,2,1,1,2,1,2,2,2,2,1,2,2,1,2,2,2,2
154,4,3,5,5,3,4,4,5,2,2,70.0,,4.0,,,,,2.0,5.0,4.0,6.0,,1.0,20.0,,1.0,,2.0,4.0,3.0,,,,,,,,15.0,,2.0,3.0,,,1.0,,,4.0,,,,,,,,,,,1.0,1.0,2.0,1.0,2.0,1.0,5,2,6,6,2,2,5,6,1,2,71.0,40.0,65.0,45.0,59.0,54.0,80.0,84.0,75.0,26.0,1,2,2,1,2,2,2,2,2,1,2,1,2,2,1,2,1,2,1,1,1,2,2,1,1,2,2,2,1,2,2,2,1,2,2,1,1,2,1,2
894,5,4,5,5,3,3,5,3,3,3,100.0,,,5.0,3.0,3.0,3.0,,,,3.0,,,,2.0,1.0,,2.0,5.0,4.0,,,,,,,,0.0,,2.0,,,2.0,,2.0,6.0,,2.0,2.0,1.0,2.0,2.0,1.0,2.0,2.0,1.0,2.0,,,,,,,7,3,2,1,1,7,7,7,3,2,90.0,60.0,85.0,34.0,50.0,40.0,75.0,80.0,70.0,50.0,2,1,2,1,1,2,2,2,2,2,2,1,1,2,2,2,2,2,2,2,2,2,1,2,2,2,1,2,1,1,2,2,2,1,2,2,2,1,1,2
195,5,4,5,5,5,5,5,5,1,2,70.0,,,4.0,3.0,4.0,4.0,,,,,5.0,,,2.0,1.0,,,,,5.0,5.0,5.0,,,,,18.0,1.0,,3.0,,,,1.0,,4.0,,,,,,,,,,,1.0,1.0,1.0,1.0,1.0,1.0,6,2,5,5,2,5,6,6,4,1,35.0,30.0,45.0,40.0,75.0,35.0,33.0,50.0,60.0,62.0,1,2,2,2,1,1,1,2,2,2,2,1,2,2,1,1,2,1,1,2,2,1,2,1,2,2,2,2,2,2,1,1,2,2,2,1,2,1,1,2
200,1,1,1,1,3,1,2,3,5,4,70.0,,3.0,,2.0,2.0,3.0,,,,6.0,,1.0,23.0,,1.0,,1.0,5.0,4.0,,,,,,,,15.0,1.0,,,,3.0,,1.0,,6.0,,,,,,,,,,,1.0,2.0,1.0,1.0,1.0,2.0,6,4,4,5,2,2,2,3,3,2,14.0,7.0,6.0,7.0,57.0,8.0,68.0,0.0,75.0,90.0,2,2,2,2,2,2,2,1,2,2,1,1,1,2,2,1,2,2,2,1,2,1,1,1,2,1,1,2,1,1,1,2,1,2,2,2,2,2,1,2
789,3,5,3,1,5,2,5,5,5,5,,51.0,,1.0,,,,2.0,1.0,1.0,,6.0,,,2.0,,2.0,,,,1.0,5.0,6.0,,,,,20.0,,2.0,,3.0,,1.0,,,6.0,,,,,,,,,,,1.0,1.0,1.0,2.0,2.0,1.0,7,1,1,1,3,6,6,7,1,1,19.0,43.0,25.0,55.0,43.0,11.0,97.0,100.0,92.0,75.0,2,1,2,2,2,1,2,2,2,2,1,2,2,2,2,1,2,2,2,2,2,2,1,2,2,2,2,2,1,2,2,1,2,2,2,2,2,1,2,2
373,5,5,5,5,4,5,5,5,3,4,70.0,,,4.0,,,,6.0,3.0,3.0,5.0,,,,2.0,1.0,,,,,4.0,5.0,6.0,,,,,18.0,1.0,,,6.0,,2.0,,,6.0,2.0,2.0,2.0,2.0,2.0,2.0,2.0,2.0,2.0,2.0,,,,,,,7,2,3,3,3,5,6,7,3,2,87.0,23.0,92.0,42.0,36.0,64.0,88.0,97.0,82.0,31.0,2,1,2,2,2,2,1,1,2,2,1,2,2,2,1,2,2,2,1,1,2,2,2,2,1,2,1,2,2,2,2,1,2,2,1,2,2,2,2,2
77,3,4,2,4,4,2,5,5,5,3,,50.0,,3.0,,,,2.0,3.0,1.0,5.0,,2.0,10.0,,1.0,,,,,,,,3.0,3.0,3.0,,5.0,1.0,,,,2.0,,1.0,,5.0,,,,,,,,,,,1.0,1.0,2.0,1.0,1.0,2.0,2,1,4,5,1,5,6,5,3,2,50.0,75.0,25.0,80.0,80.0,20.0,100.0,100.0,100.0,80.0,2,1,2,2,2,1,2,1,2,1,2,2,1,2,2,1,1,2,2,1,1,1,1,2,1,2,1,2,2,1,2,2,2,2,2,1,2,2,2,2
992,4,3,4,3,3,3,4,3,3,4,69.0,,2.0,,,,,5.0,2.0,2.0,4.0,,,,2.0,,2.0,4.0,3.0,1.0,,,,,,,,10.0,1.0,,1.0,,,,2.0,2.0,,,,,,,,,,,,2.0,1.0,2.0,2.0,1.0,2.0,4,2,2,5,5,5,6,5,4,2,83.0,67.0,65.0,55.0,57.0,71.0,55.0,54.0,73.0,58.0,1,1,1,1,1,1,1,1,1,2,1,2,1,2,1,2,1,1,1,1,1,1,1,2,1,1,1,1,1,1,1,1,1,1,2,1,1,1,1,1
275,4,4,5,5,4,5,5,5,1,1,70.0,,,3.0,,,,,,,,5.0,1.0,40.0,,1.0,,3.0,4.0,4.0,,,,,,,,5.0,,2.0,,3.0,,,2.0,,4.0,1.0,1.0,1.0,1.0,1.0,1.0,1.0,1.0,1.0,2.0,,,,,,,6,2,3,3,2,5,7,7,4,,,,,,,,,,,,1,1,1,1,2,2,2,1,1,2,2,2,1,2,2,1,2,1,2,2,2,2,1,2,2,1,1,1,2,2,1,2,1,1,2,2,2,1,2,1
306,1,4,5,4,3,1,5,4,5,3,,85.0,3.0,,4.0,4.0,4.0,,,,,6.0,,,2.0,,1.0,1.0,5.0,5.0,,,,,,,0.0,,,2.0,,,2.0,,2.0,,6.0,1.0,1.0,1.0,1.0,1.0,1.0,1.0,1.0,1.0,1.0,,,,,,,7,3,4,3,2,6,7,7,2,2,29.0,41.0,55.0,76.0,18.0,5.0,83.0,55.0,100.0,21.0,2,2,2,1,2,2,2,2,1,2,2,2,2,2,1,2,2,2,2,2,2,2,2,2,2,2,2,2,1,1,2,2,2,2,2,2,2,1,2,2
469,4,4,4,4,3,3,2,2,4,3,85.0,,,1.0,,,,2.0,1.0,1.0,,6.0,,,2.0,1.0,,3.0,5.0,6.0,,,,,,,18.0,,2.0,,,10.0,,2.0,,6.0,,1.0,1.0,2.0,1.0,1.0,2.0,1.0,1.0,2.0,1.0,,,,,,,5,2,5,6,2,5,6,5,4,1,51.0,64.0,52.0,60.0,40.0,40.0,75.0,71.0,36.0,65.0,1,1,2,1,1,1,1,2,2,2,1,1,2,2,1,2,2,1,2,2,1,1,2,1,1,1,1,2,1,1,1,2,1,2,1,1,1,1,2,2
953,1,2,1,1,4,2,1,2,5,3,81.0,,,2.0,,,,4.0,5.0,3.0,,5.0,,,2.0,1.0,,1.0,3.0,2.0,,,,,,,20.0,,1.0,,3.0,,,,2.0,5.0,,,,,,,,,,,,1.0,1.0,1.0,1.0,1.0,1.0,6,1,6,6,3,5,5,4,1,1,54.0,71.0,59.0,73.0,76.0,79.0,80.0,86.0,53.0,72.0,2,1,2,2,2,2,2,2,2,2,1,2,2,2,1,1,2,2,2,1,1,1,2,2,2,1,2,2,2,2,2,1,2,2,2,2,2,1,2,1
820,5,5,5,5,5,4,3,5,4,3,64.0,,,4.0,6.0,5.0,5.0,,,,2.0,,,,1.0,1.0,,4.0,4.0,5.0,,,,,,,0.0,,1.0,,,7.0,,1.0,,3.0,,1.0,1.0,1.0,2.0,2.0,1.0,2.0,1.0,1.0,2.0,,,,,,,7,1,1,1,5,6,7,7,1,1,60.0,70.0,100.0,78.0,43.0,40.0,90.0,74.0,80.0,67.0,1,1,2,1,2,1,2,1,2,1,1,2,2,2,2,1,1,2,2,1,2,2,2,1,2,2,2,2,1,1,1,2,1,1,1,1,2,2,2,2
121,1,2,1,1,3,1,5,2,5,3,,70.0,,3.0,5.0,5.0,5.0,,,,,6.0,2.0,10.0,,,1.0,,,,,,,5.0,4.0,4.0,,0.0,2.0,,3.0,,,1.0,,3.0,,,,,,,,,,,,1.0,1.0,1.0,1.0,1.0,1.0,7,4,5,3,5,4,5,6,2,1,18.0,12.0,12.0,12.0,12.0,1.0,76.0,5.0,100.0,4.0,2,1,1,1,2,2,2,1,1,1,1,2,1,1,2,1,1,1,2,1,1,1,2,2,2,1,1,1,2,1,1,1,2,1,1,1,2,2,2,2
46,1,3,2,3,3,3,4,5,3,3,80.0,,5.0,,,,,3.0,3.0,3.0,5.0,,1.0,20.0,,,2.0,1.0,1.0,4.0,,,,,,,,8.0,,1.0,,10.0,,,2.0,4.0,,1.0,1.0,1.0,1.0,1.0,1.0,2.0,1.0,1.0,1.0,,,,,,,6,1,4,4,2,3,4,4,3,2,29.0,71.0,31.0,31.0,30.0,32.0,50.0,50.0,50.0,78.0,2,2,2,2,2,2,2,2,2,2,2,2,1,2,2,2,2,2,2,2,1,2,2,2,1,1,2,2,1,1,2,1,2,2,2,2,2,2,1,2
244,5,4,4,5,4,4,5,4,4,2,80.0,,1.0,,,,,1.0,1.0,1.0,5.0,,,,2.0,,2.0,,,,,,,2.0,4.0,3.0,,0.0,,1.0,3.0,,,1.0,,3.0,,,,,,,,,,,,2.0,2.0,2.0,1.0,1.0,1.0,6,1,1,3,2,5,5,7,4,1,60.0,100.0,100.0,58.0,77.0,81.0,60.0,31.0,100.0,74.0,2,1,1,1,1,1,2,1,1,2,2,1,2,2,2,2,2,1,1,1,1,2,2,1,2,2,1,2,2,1,2,1,2,2,1,2,2,1,1,2
337,1,2,1,1,2,1,1,1,5,5,70.0,,6.0,,4.0,4.0,4.0,,,,6.0,,2.0,8.0,,1.0,,,,,,,,4.0,4.0,4.0,15.0,,,1.0,,,1.0,1.0,,,6.0,1.0,1.0,1.0,2.0,1.0,1.0,2.0,1.0,2.0,1.0,,,,,,,6,5,4,1,5,3,4,7,1,1,30.0,5.0,18.0,25.0,53.0,20.0,37.0,28.0,66.0,36.0,2,1,2,2,2,2,2,1,1,2,1,2,1,2,2,1,1,2,2,2,1,2,2,2,2,1,2,2,2,2,1,2,2,2,1,1,2,2,2,2
458,4,4,5,5,2,3,3,5,4,4,,29.0,,4.0,2.0,2.0,4.0,,,,,3.0,,,2.0,1.0,,,,,3.0,5.0,4.0,,,,15.0,,1.0,,3.0,,,1.0,,4.0,,2.0,2.0,1.0,2.0,2.0,1.0,2.0,1.0,2.0,2.0,,,,,,,5,2,2,4,4,5,6,5,2,1,57.0,53.0,67.0,64.0,53.0,41.0,58.0,75.0,38.0,72.0,2,1,1,2,2,1,1,2,2,2,2,1,1,1,2,1,2,2,2,1,1,1,1,1,1,2,1,2,1,2,2,1,1,1,2,1,1,1,1,1
962,5,5,5,5,1,5,5,5,1,3,,76.0,2.0,,4.0,5.0,6.0,,,,,6.0,,,2.0,1.0,,,,,,,,5.0,4.0,6.0,,6.0,1.0,,,4.0,,,2.0,6.0,,,,,,,,,,,,1.0,1.0,1.0,1.0,2.0,1.0,6,2,5,6,2,5,6,4,3,1,44.0,56.0,41.0,81.0,14.0,61.0,94.0,74.0,53.0,72.0,2,1,2,1,2,2,2,2,2,2,2,2,2,2,2,2,2,2,2,2,2,2,1,2,2,2,2,2,2,2,2,2,2,1,2,2,2,1,2,2
87,4,4,5,5,4,5,4,5,4,4,,91.0,,5.0,5.0,3.0,3.0,,,,,6.0,,,2.0,1.0,,1.0,5.0,5.0,,,,,,,,10.0,,1.0,2.0,,,1.0,,,4.0,1.0,2.0,1.0,1.0,2.0,1.0,2.0,1.0,1.0,2.0,,,,,,,6,1,1,1,2,5,7,7,1,2,40.0,30.0,40.0,50.0,80.0,60.0,50.0,80.0,60.0,10.0,2,2,2,1,1,2,1,2,2,2,2,2,2,2,1,2,2,2,2,2,1,1,2,1,1,2,2,2,2,1,2,2,2,2,2,1,2,2,2,2
811,3,4,4,5,4,4,5,4,2,5,,30.0,,1.0,1.0,1.0,1.0,,,,,1.0,2.0,10.0,,1.0,,4.0,3.0,4.0,,,,,,,5.0,,1.0,,,,2.0,,1.0,4.0,,,,,,,,,,,,2.0,1.0,1.0,1.0,2.0,1.0,6,1,1,2,1,7,7,7,1,2,25.0,100.0,33.0,100.0,70.0,50.0,100.0,50.0,51.0,100.0,1,1,2,2,2,1,1,2,1,2,1,1,1,2,2,1,1,2,2,1,2,1,2,2,2,1,1,2,1,1,2,2,1,1,2,1,1,2,2,1
110,4,3,4,4,4,4,4,4,4,4,,33.0,5.0,,3.0,4.0,4.0,,,,,5.0,1.0,54.0,,,2.0,,,,3.0,4.0,5.0,,,,,10.0,,2.0,,10.0,,1.0,,,4.0,1.0,1.0,1.0,1.0,2.0,2.0,2.0,2.0,2.0,2.0,,,,,,,6,2,3,5,4,4,3,2,2,1,56.0,44.0,52.0,27.0,51.0,39.0,31.0,30.0,29.0,28.0,1,1,1,2,2,1,2,2,1,1,1,2,2,2,1,1,1,1,1,2,2,1,1,1,1,2,1,1,1,1,2,1,1,1,1,2,2,1,1,2
499,4,4,5,5,3,5,5,5,1,1,70.0,,3.0,,,,,4.0,4.0,2.0,6.0,,1.0,25.0,,1.0,,2.0,4.0,3.0,,,,,,,,17.0,1.0,,3.0,,,1.0,,,6.0,,,,,,,,,,,1.0,1.0,2.0,1.0,1.0,2.0,7,6,6,7,5,5,5,5,3,2,30.0,20.0,30.0,25.0,50.0,45.0,40.0,50.0,40.0,25.0,2,2,2,2,1,2,2,2,2,2,2,2,1,2,2,2,1,2,2,2,2,1,2,1,2,1,2,2,1,2,2,2,2,2,2,1,2,1,2,2
285,4,5,4,5,4,5,4,3,4,5,66.0,,4.0,,,,,3.0,2.0,2.0,5.0,,1.0,32.0,,,2.0,,,,,,,3.0,5.0,4.0,5.0,,,2.0,4.0,,,1.0,,,5.0,,,,,,,,,,,1.0,1.0,1.0,1.0,2.0,2.0,6,5,6,5,3,5,6,6,3,1,73.0,78.0,86.0,83.0,78.0,52.0,64.0,70.0,86.0,72.0,1,1,1,2,1,1,2,1,1,2,1,2,2,1,2,1,2,2,2,1,2,2,2,2,1,1,1,2,2,2,1,2,1,2,2,1,1,1,1,2
917,3,4,4,4,4,5,4,5,1,2,,30.0,,3.0,,,,3.0,2.0,2.0,,4.0,,,2.0,,1.0,2.0,1.0,3.0,,,,,,,0.0,,1.0,,2.0,,,,2.0,,3.0,1.0,1.0,1.0,1.0,1.0,1.0,1.0,1.0,1.0,1.0,,,,,,,6,2,5,5,3,6,5,5,1,1,40.0,30.0,66.0,50.0,66.0,70.0,50.0,50.0,40.0,60.0,2,2,2,1,2,2,2,1,2,2,1,1,2,1,1,1,2,2,2,1,1,1,2,1,1,2,2,1,2,1,2,1,2,1,1,1,2,2,2,1
864,4,4,5,4,4,4,5,4,4,4,65.0,,,5.0,,,,5.0,5.0,5.0,,4.0,,,2.0,1.0,,,,,,,,5.0,4.0,6.0,10.0,,1.0,,3.0,,,2.0,,,5.0,1.0,1.0,1.0,1.0,1.0,1.0,1.0,1.0,1.0,1.0,,,,,,,6,6,6,6,6,6,6,6,2,1,35.0,19.0,31.0,33.0,25.0,29.0,41.0,23.0,24.0,34.0,1,1,2,1,1,1,1,2,1,1,2,2,1,1,2,2,2,1,1,2,1,1,2,1,1,1,1,1,1,1,1,1,2,1,1,1,1,1,1,1
779,4,5,5,5,4,5,4,5,2,1,,30.0,3.0,,,,,4.0,6.0,2.0,,6.0,,,2.0,,2.0,1.0,4.0,6.0,,,,,,,15.0,,1.0,,,6.0,,2.0,,4.0,,,,,,,,,,,,1.0,1.0,2.0,1.0,2.0,1.0,7,5,6,3,3,5,6,6,3,2,65.0,45.0,47.0,60.0,75.0,30.0,55.0,33.0,30.0,40.0,2,2,2,1,2,2,2,1,2,1,2,2,2,1,1,1,2,2,2,2,1,1,2,2,1,2,2,2,1,2,2,2,1,2,1,2,1,2,2,1
383,5,4,4,4,4,4,4,1,4,3,,83.0,1.0,,,,,6.0,1.0,3.0,2.0,,,,2.0,,2.0,,,,,,,3.0,3.0,6.0,,0.0,1.0,,,,9.0,,2.0,,2.0,1.0,1.0,2.0,2.0,1.0,1.0,2.0,2.0,1.0,1.0,,,,,,,5,2,2,5,1,6,6,5,4,1,50.0,34.0,28.0,28.0,40.0,58.0,80.0,5.0,50.0,50.0,2,1,1,1,2,1,2,2,1,2,1,2,2,1,2,1,1,1,2,2,1,2,2,2,2,1,1,1,2,1,2,2,2,2,1,2,1,1,1,2
165,1,2,1,1,3,2,5,2,5,3,,49.0,2.0,,5.0,4.0,4.0,,,,,4.0,,,2.0,,1.0,,,,4.0,4.0,5.0,,,,,10.0,2.0,,,4.0,,,2.0,,3.0,,,,,,,,,,,1.0,1.0,2.0,1.0,1.0,2.0,5,6,5,4,2,4,5,6,4,1,68.0,54.0,45.0,43.0,48.0,49.0,71.0,55.0,60.0,62.0,1,1,1,1,2,1,1,1,1,1,1,1,1,1,1,1,1,1,2,1,1,1,1,1,1,1,1,1,1,1,1,1,1,1,1,1,1,1,2,1
7,5,4,5,5,4,5,5,5,1,4,,3.0,,3.0,5.0,5.0,5.0,,,,6.0,,,,1.0,,1.0,,,,3.0,5.0,5.0,,,,10.0,,1.0,,,,3.0,1.0,,5.0,,,,,,,,,,,,1.0,1.0,1.0,1.0,2.0,2.0,7,3,3,2,1,6,7,6,3,1,45.0,25.0,60.0,60.0,45.0,35.0,80.0,40.0,65.0,45.0,1,1,2,1,2,1,1,1,1,2,1,1,1,1,1,1,2,1,1,2,1,2,1,1,1,1,2,2,1,2,2,2,1,2,1,2,2,2,2,2
33,4,4,4,5,5,5,5,5,2,3,70.0,,,2.0,,,,3.0,4.0,3.0,6.0,,,,2.0,,2.0,,,,1.0,4.0,3.0,,,,,10.0,1.0,,,,2.0,1.0,,4.0,,,,,,,,,,,,1.0,1.0,1.0,1.0,2.0,2.0,6,1,2,2,5,5,6,6,2,2,56.0,55.0,43.0,52.0,47.0,48.0,50.0,38.0,38.0,40.0,2,2,1,2,2,2,2,2,2,2,1,2,2,2,2,1,2,1,2,2,1,2,2,2,1,2,2,2,2,1,1,1,2,1,2,2,2,2,1,2
231,1,1,1,4,4,1,4,5,5,4,,33.0,5.0,,,,,3.0,1.0,2.0,6.0,,2.0,8.0,,,1.0,,,,2.0,4.0,4.0,,,,,18.0,1.0,,,,1.0,,2.0,3.0,,2.0,2.0,2.0,2.0,2.0,2.0,2.0,1.0,2.0,1.0,,,,,,,3,2,2,5,2,3,6,6,1,1,8.0,5.0,3.0,46.0,60.0,3.0,61.0,81.0,100.0,66.0,2,1,2,2,2,1,2,1,1,1,2,1,1,2,2,2,1,2,2,1,1,1,1,1,1,2,2,2,2,1,1,1,2,2,1,1,1,2,1,1
342,5,5,5,5,5,5,5,5,2,1,73.0,,,1.0,5.0,4.0,3.0,,,,5.0,,1.0,30.0,,1.0,,2.0,4.0,6.0,,,,,,,15.0,,1.0,,,5.0,,,2.0,5.0,,,,,,,,,,,,1.0,1.0,1.0,1.0,1.0,1.0,7,1,5,5,5,6,7,5,4,1,49.0,45.0,46.0,46.0,37.0,37.0,61.0,55.0,59.0,54.0,2,2,2,2,2,1,1,2,1,2,2,2,1,2,2,2,1,2,1,2,2,1,2,2,2,2,2,1,1,2,2,1,2,1,1,2,1,2,2,1
600,4,4,4,4,4,5,5,4,2,3,81.0,,6.0,,3.0,4.0,5.0,,,,,6.0,1.0,20.0,,,2.0,,,,,,,1.0,5.0,5.0,5.0,,,2.0,,3.0,,1.0,,4.0,,,,,,,,,,,,1.0,1.0,2.0,1.0,2.0,1.0,7,5,5,5,5,6,5,6,2,2,47.0,27.0,40.0,43.0,40.0,42.0,44.0,46.0,25.0,42.0,1,2,1,1,2,2,2,2,1,1,2,1,2,2,2,2,2,1,1,2,2,1,1,2,2,2,1,2,1,2,1,1,2,2,1,1,2,2,1,2
389,4,3,4,5,4,5,5,5,4,5,,95.0,,2.0,,,,2.0,2.0,2.0,2.0,,,,2.0,1.0,,,,,,,,2.0,5.0,6.0,,19.0,,2.0,,,1.0,,1.0,6.0,,2.0,2.0,2.0,1.0,1.0,1.0,1.0,1.0,1.0,1.0,,,,,,,6,2,5,6,5,6,6,5,3,1,27.0,32.0,73.0,89.0,92.0,96.0,93.0,90.0,55.0,90.0,1,2,2,2,1,2,1,2,1,1,2,2,2,2,1,1,1,2,2,1,1,2,2,2,1,1,2,2,1,1,1,2,1,2,2,2,1,1,2,1
773,5,5,4,5,4,5,5,5,2,4,70.0,,4.0,,,,,4.0,5.0,3.0,5.0,,1.0,20.0,,,2.0,2.0,4.0,5.0,,,,,,,,5.0,2.0,,,10.0,,,1.0,5.0,,1.0,1.0,1.0,1.0,2.0,1.0,1.0,2.0,1.0,2.0,,,,,,,7,1,3,3,3,7,7,6,3,1,46.0,36.0,30.0,60.0,68.0,52.0,77.0,88.0,45.0,63.0,1,2,2,1,1,2,1,1,2,1,2,1,2,2,1,2,2,2,2,1,1,2,2,1,1,2,1,1,1,2,1,1,2,2,1,2,2,2,1,1
595,5,4,4,4,5,4,5,5,3,5,10.0,,,2.0,1.0,3.0,2.0,,,,3.0,,,,2.0,,2.0,1.0,5.0,5.0,,,,,,,,10.0,1.0,,,,1.0,1.0,,5.0,,,,,,,,,,,,1.0,1.0,1.0,1.0,2.0,2.0,6,1,1,1,2,5,7,6,1,1,64.0,51.0,72.0,36.0,70.0,40.0,86.0,94.0,40.0,96.0,2,2,1,2,2,2,2,1,2,1,1,2,2,2,2,2,1,1,2,2,2,2,2,1,2,2,2,2,2,2,2,2,2,2,2,2,2,2,2,1
427,1,2,4,5,5,4,5,5,5,3,,70.0,,1.0,,,,4.0,3.0,2.0,,6.0,,,2.0,,2.0,,,,,,,2.0,4.0,3.0,,0.0,,1.0,,,2.0,,2.0,4.0,,,,,,,,,,,,1.0,2.0,1.0,1.0,2.0,1.0,3,4,5,3,3,3,5,5,1,2,20.0,10.0,30.0,45.0,60.0,35.0,65.0,60.0,74.0,55.0,2,1,2,1,1,1,2,1,1,1,1,1,1,2,2,2,1,1,2,1,1,1,2,2,1,1,1,1,1,2,2,1,2,2,2,2,2,2,1,1
554,5,3,4,5,4,4,4,5,3,3,,70.0,6.0,,3.0,2.0,2.0,,,,,5.0,,,2.0,,1.0,3.0,5.0,1.0,,,,,,,20.0,,,1.0,2.0,,,1.0,,1.0,,,,,,,,,,,,1.0,1.0,2.0,1.0,2.0,1.0,5,2,6,3,1,1,3,3,4,2,58.0,100.0,54.0,100.0,49.0,100.0,100.0,100.0,27.0,100.0,1,1,1,1,2,1,1,1,2,2,1,1,1,2,2,1,1,1,2,1,2,1,1,2,1,1,1,1,2,1,2,2,1,2,1,1,2,2,1,1
348,1,3,1,3,3,4,3,3,3,3,,5.0,,2.0,3.0,3.0,3.0,,,,1.0,,,,2.0,,1.0,,,,,,,2.0,5.0,6.0,5.0,,1.0,,,10.0,,1.0,,,6.0,,,,,,,,,,,1.0,2.0,2.0,1.0,2.0,1.0,5,1,1,2,2,6,7,7,1,1,5.0,2.0,5.0,25.0,38.0,10.0,14.0,45.0,35.0,40.0,2,1,2,2,2,2,2,2,2,2,2,1,2,1,2,2,2,2,2,2,2,2,2,2,2,2,2,2,2,2,2,2,2,1,2,2,2,2,2,2
39,1,1,1,1,3,2,1,1,5,3,,30.0,,2.0,,,,4.0,4.0,2.0,6.0,,,,2.0,1.0,,,,,,,,2.0,2.0,4.0,18.0,,2.0,,,,1.0,1.0,,3.0,,,,,,,,,,,,1.0,2.0,1.0,2.0,1.0,2.0,7,1,3,3,5,5,5,6,1,1,44.0,58.0,30.0,53.0,52.0,95.0,78.0,29.0,69.0,40.0,1,1,2,2,2,1,2,1,2,1,2,2,2,2,2,2,2,2,2,2,1,1,2,2,2,2,1,2,1,2,1,2,2,1,2,2,1,2,2,2
452,5,5,5,5,5,2,5,5,5,5,90.0,,,1.0,1.0,2.0,4.0,,,,,6.0,1.0,54.0,,1.0,,,,,5.0,5.0,6.0,,,,18.0,,,2.0,,9.0,,,2.0,1.0,,1.0,1.0,1.0,1.0,1.0,1.0,1.0,1.0,1.0,1.0,,,,,,,5,1,6,6,2,6,5,7,3,1,100.0,85.0,85.0,100.0,85.0,20.0,85.0,95.0,100.0,100.0,1,1,1,1,2,1,1,1,1,1,1,1,1,2,1,1,1,1,1,1,1,1,1,2,1,1,1,1,1,1,1,1,1,2,1,1,2,2,1,1
521,4,5,5,4,5,5,5,5,3,3,65.0,,,3.0,5.0,5.0,4.0,,,,6.0,,1.0,18.0,,,1.0,,,,2.0,4.0,3.0,,,,,15.0,,2.0,,,2.0,,1.0,5.0,,,,,,,,,,,,1.0,1.0,1.0,1.0,2.0,2.0,6,2,2,1,1,5,6,7,3,2,32.0,27.0,14.0,58.0,67.0,26.0,59.0,79.0,44.0,49.0,2,2,2,2,1,2,2,2,2,2,2,2,2,2,1,1,1,1,2,1,2,1,2,2,2,2,1,1,2,2,2,1,1,2,1,2,1,2,2,1
493,5,4,5,5,4,5,5,5,2,1,82.0,,,3.0,5.0,5.0,5.0,,,,5.0,,,,2.0,1.0,,,,,5.0,4.0,5.0,,,,20.0,,,2.0,,,2.0,,2.0,,4.0,,,,,,,,,,,1.0,1.0,1.0,1.0,1.0,1.0,7,2,3,3,3,6,5,5,3,1,76.0,58.0,44.0,86.0,64.0,47.0,79.0,94.0,61.0,19.0,2,2,2,1,1,2,2,2,2,2,1,2,2,2,1,2,1,1,1,1,1,1,2,2,2,1,1,1,1,2,1,2,2,1,1,1,2,1,2,2
675,5,2,4,5,5,5,4,5,1,2,100.0,,,2.0,,,,2.0,2.0,2.0,3.0,,1.0,22.0,,1.0,,2.0,4.0,2.0,,,,,,,20.0,,2.0,,2.0,,,,2.0,,6.0,1.0,2.0,1.0,2.0,2.0,2.0,2.0,1.0,1.0,2.0,,,,,,,7,6,6,6,5,5,5,6,1,2,62.0,29.0,18.0,37.0,39.0,15.0,22.0,20.0,80.0,44.0,2,2,1,1,1,2,1,2,1,2,1,1,2,2,2,2,2,2,1,2,2,2,2,1,2,1,1,1,1,2,1,1,2,1,2,2,2,2,2,1
706,5,4,5,5,5,5,5,5,1,5,,60.0,,3.0,,,,5.0,4.0,1.0,5.0,,1.0,35.0,,1.0,,,,,2.0,5.0,6.0,,,,3.0,,1.0,,,,4.0,1.0,,6.0,,1.0,1.0,2.0,1.0,1.0,1.0,2.0,2.0,1.0,1.0,,,,,,,6,1,2,2,3,5,6,5,4,1,60.0,30.0,65.0,60.0,70.0,50.0,75.0,80.0,50.0,40.0,2,1,1,2,2,2,2,2,1,2,1,2,2,1,1,1,2,1,2,2,2,1,2,2,2,1,2,2,2,2,2,2,2,2,2,2,1,2,1,2
968,5,5,5,5,3,5,5,3,3,3,63.0,,2.0,,4.0,4.0,5.0,,,,3.0,,,,2.0,,1.0,2.0,5.0,5.0,,,,,,,,20.0,,2.0,,,2.0,1.0,,,6.0,1.0,1.0,1.0,1.0,1.0,1.0,1.0,1.0,1.0,1.0,,,,,,,6,2,4,3,2,5,4,3,4,1,65.0,60.0,80.0,71.0,50.0,40.0,95.0,50.0,45.0,50.0,2,1,1,1,2,2,2,2,1,2,1,2,2,2,1,1,1,1,1,2,2,2,2,2,2,2,2,1,2,2,2,1,2,1,2,2,2,2,1,2
305,4,3,4,5,4,4,4,4,3,4,65.0,,5.0,,3.0,3.0,4.0,,,,,6.0,1.0,15.0,,1.0,,1.0,4.0,3.0,,,,,,,,2.0,2.0,,,,3.0,,1.0,,4.0,,,,,,,,,,,1.0,1.0,1.0,2.0,1.0,1.0,6,3,4,4,1,5,4,4,3,1,41.0,45.0,39.0,43.0,40.0,51.0,57.0,65.0,33.0,50.0,2,1,2,2,2,1,1,2,2,1,1,1,2,2,1,2,1,1,1,2,1,1,1,2,1,1,2,1,2,1,1,2,2,2,1,1,1,2,1,2
276,2,2,3,4,5,4,4,5,2,4,,70.0,4.0,,,,,5.0,4.0,3.0,6.0,,2.0,12.0,,,2.0,,,,,,,4.0,5.0,5.0,,15.0,1.0,,,9.0,,1.0,,4.0,,,,,,,,,,,,1.0,1.0,1.0,1.0,2.0,1.0,6,1,2,2,2,7,6,5,1,2,39.0,10.0,20.0,57.0,64.0,40.0,81.0,90.0,74.0,81.0,2,2,2,2,2,1,2,1,1,2,2,2,1,2,1,2,2,1,1,2,1,1,1,1,2,1,1,2,2,1,2,2,2,1,1,2,2,1,1,2
519,2,2,2,3,4,2,3,2,5,3,70.0,,4.0,,,,,2.0,2.0,2.0,3.0,,,,2.0,1.0,,,,,5.0,5.0,3.0,,,,,5.0,,2.0,,,1.0,,2.0,5.0,,1.0,1.0,1.0,1.0,1.0,1.0,1.0,1.0,1.0,1.0,,,,,,,5,1,2,1,3,6,5,5,2,2,55.0,45.0,45.0,40.0,60.0,65.0,57.0,72.0,67.0,57.0,1,2,1,2,1,2,2,1,2,1,1,1,1,1,2,2,1,1,1,2,1,2,1,1,1,1,1,2,2,1,2,1,1,1,1,2,1,1,2,1
991,4,4,3,5,5,5,5,4,2,2,70.0,,3.0,,3.0,3.0,4.0,,,,4.0,,2.0,5.0,,1.0,,2.0,2.0,4.0,,,,,,,,8.0,1.0,,,,2.0,,2.0,3.0,,1.0,1.0,1.0,1.0,1.0,1.0,1.0,1.0,1.0,1.0,,,,,,,6,2,6,6,3,5,6,5,4,1,35.0,30.0,45.0,25.0,42.0,20.0,60.0,35.0,30.0,20.0,2,1,2,2,2,1,2,2,1,2,1,2,2,1,1,2,2,1,2,1,1,2,1,2,1,1,2,2,2,1,1,1,2,2,1,1,1,2,2,2
74,2,3,4,5,4,4,2,4,3,4,,40.0,,2.0,,,,3.0,3.0,3.0,5.0,,1.0,16.0,,,2.0,2.0,5.0,4.0,,,,,,,15.0,,1.0,,,10.0,,1.0,,3.0,,,,,,,,,,,,1.0,1.0,1.0,1.0,1.0,1.0,6,2,5,5,2,6,7,6,3,1,60.0,59.0,50.0,39.0,38.0,29.0,60.0,59.0,50.0,62.0,2,2,1,1,2,1,2,1,1,1,1,1,2,1,1,2,1,2,1,2,1,1,2,1,1,2,2,2,2,2,1,1,2,1,2,1,2,1,2,2
122,5,1,5,5,5,1,3,5,5,3,70.0,,5.0,,,,,2.0,2.0,2.0,2.0,,1.0,50.0,,1.0,,,,,3.0,5.0,5.0,,,,,20.0,,2.0,,,1.0,1.0,,,6.0,,,,,,,,,,,1.0,1.0,1.0,2.0,1.0,2.0,7,1,2,2,1,4,6,6,1,1,95.0,50.0,50.0,50.0,50.0,50.0,50.0,50.0,50.0,50.0,1,2,2,2,2,2,1,2,2,2,2,2,2,2,2,2,2,1,2,2,1,2,2,2,2,2,2,1,2,2,2,2,2,2,2,1,2,1,2,2
823,5,5,5,5,4,5,5,5,3,1,,61.0,2.0,,,,,1.0,6.0,1.0,,7.0,,,1.0,1.0,,,,,,,,2.0,5.0,6.0,15.0,,,2.0,,3.0,,1.0,,,3.0,1.0,1.0,2.0,1.0,1.0,2.0,1.0,1.0,2.0,1.0,,,,,,,7,5,5,4,4,4,5,6,4,2,35.0,58.0,75.0,84.0,63.0,60.0,69.0,98.0,60.0,5.0,2,2,1,2,1,2,2,1,2,2,1,1,1,1,1,1,1,2,2,2,2,2,2,2,2,2,2,1,2,2,1,1,2,2,1,1,2,1,1,2
950,2,2,2,4,3,3,3,5,4,4,,30.0,4.0,,3.0,5.0,3.0,,,,,6.0,,,2.0,1.0,,4.0,2.0,3.0,,,,,,,,5.0,,2.0,,,2.0,1.0,,4.0,,1.0,1.0,1.0,2.0,2.0,1.0,1.0,1.0,2.0,2.0,,,,,,,7,4,5,5,4,6,6,5,4,2,25.0,24.0,16.0,41.0,23.0,20.0,38.0,58.0,26.0,48.0,1,2,1,2,1,2,2,2,2,2,1,1,1,1,2,1,1,2,2,1,2,2,1,2,2,2,1,2,1,1,1,2,1,1,1,1,2,1,1,2
638,4,4,4,5,3,4,4,5,4,2,,10.0,3.0,,4.0,2.0,4.0,,,,6.0,,1.0,20.0,,1.0,,1.0,5.0,6.0,,,,,,,,18.0,,2.0,5.0,,,,1.0,3.0,,1.0,1.0,1.0,2.0,1.0,1.0,1.0,2.0,1.0,2.0,,,,,,,6,1,5,5,1,5,5,5,3,1,80.0,75.0,87.0,100.0,57.0,90.0,100.0,86.0,16.0,22.0,1,2,2,2,2,2,2,2,2,1,2,1,2,1,1,2,1,2,2,2,2,2,1,2,1,2,1,1,2,2,2,2,2,2,2,1,2,2,1,1
157,4,2,4,4,4,5,5,5,1,4,70.0,,4.0,,,,,3.0,3.0,2.0,4.0,,,,2.0,,1.0,1.0,1.0,5.0,,,,,,,20.0,,,2.0,3.0,,,1.0,,2.0,,1.0,1.0,1.0,2.0,1.0,1.0,2.0,1.0,1.0,2.0,,,,,,,6,5,5,2,3,5,5,6,3,1,40.0,20.0,60.0,60.0,60.0,50.0,80.0,80.0,50.0,60.0,2,1,1,2,1,1,2,2,2,2,1,2,2,1,2,1,2,1,2,2,2,2,2,2,1,1,2,1,2,1,2,2,2,2,2,2,2,1,2,1
856,5,5,5,5,5,1,5,5,5,5,,30.0,3.0,,,,,4.0,4.0,2.0,3.0,,2.0,54.0,,,2.0,,,,2.0,4.0,4.0,,,,10.0,,,2.0,,,3.0,,1.0,,4.0,,,,,,,,,,,1.0,1.0,1.0,1.0,1.0,1.0,6,1,1,1,6,7,7,7,1,1,40.0,50.0,50.0,60.0,60.0,40.0,70.0,70.0,90.0,60.0,2,1,2,1,2,2,1,1,1,2,1,2,1,1,1,1,1,2,2,1,2,2,2,1,2,1,2,1,1,1,1,1,1,1,1,2,2,1,1,1
925,4,3,2,4,4,4,4,5,4,4,,80.0,4.0,,4.0,4.0,4.0,,,,,5.0,,,2.0,1.0,,,,,,,,2.0,5.0,6.0,10.0,,,1.0,5.0,,,,2.0,,6.0,,,,,,,,,,,1.0,1.0,1.0,1.0,1.0,1.0,7,4,4,4,1,4,4,4,3,1,80.0,40.0,50.0,40.0,70.0,70.0,80.0,80.0,100.0,50.0,1,2,1,1,2,2,2,2,1,2,2,1,2,2,1,2,2,2,2,2,2,2,2,2,2,2,1,2,1,1,1,1,2,2,1,1,2,1,1,1
196,5,3,5,4,4,5,5,3,3,2,30.0,,,4.0,4.0,4.0,4.0,,,,6.0,,,,2.0,1.0,,,,,1.0,5.0,6.0,,,,20.0,,2.0,,,,2.0,,2.0,,6.0,1.0,2.0,1.0,2.0,1.0,2.0,1.0,2.0,1.0,2.0,,,,,,,7,1,1,1,5,7,7,7,2,2,40.0,20.0,30.0,25.0,20.0,25.0,80.0,80.0,60.0,30.0,2,2,2,2,2,2,2,2,2,2,2,2,2,2,2,2,2,2,2,2,2,2,2,2,2,2,2,2,2,2,2,2,2,2,2,2,2,1,2,2
370,3,2,5,4,3,1,4,4,5,5,80.0,,2.0,,1.0,1.0,6.0,,,,,7.0,,,1.0,1.0,,2.0,4.0,6.0,,,,,,,,10.0,,1.0,,,3.0,2.0,,5.0,,1.0,1.0,1.0,1.0,2.0,1.0,1.0,2.0,1.0,1.0,,,,,,,3,1,7,6,3,7,7,6,1,1,64.0,42.0,70.0,78.0,38.0,17.0,31.0,49.0,53.0,58.0,2,1,1,1,1,2,2,2,2,1,1,1,1,2,1,1,1,1,2,1,1,2,2,2,1,2,1,1,1,2,2,1,1,2,1,2,1,2,2,2
203,4,5,4,5,4,5,4,4,5,4,,77.0,6.0,,1.0,1.0,1.0,,,,3.0,,,,2.0,,1.0,,,,4.0,5.0,6.0,,,,,12.0,,2.0,4.0,,,1.0,,4.0,,,,,,,,,,,,2.0,2.0,1.0,1.0,2.0,2.0,6,5,4,4,2,5,4,5,4,2,55.0,40.0,51.0,41.0,48.0,55.0,45.0,57.0,65.0,50.0,1,1,2,1,1,2,1,1,2,1,1,2,1,1,1,2,1,1,2,1,1,2,1,1,2,1,1,2,1,1,2,1,1,1,2,1,2,1,1,1
897,2,2,1,5,5,5,5,5,1,3,,30.0,,3.0,,,,3.0,4.0,2.0,,4.0,,,2.0,1.0,,,,,5.0,3.0,5.0,,,,20.0,,1.0,,,,1.0,,2.0,4.0,,,,,,,,,,,,1.0,1.0,1.0,1.0,1.0,1.0,7,6,7,7,4,6,7,7,3,1,25.0,15.0,20.0,55.0,70.0,75.0,30.0,45.0,40.0,40.0,1,2,1,2,2,2,2,1,1,2,1,2,2,2,2,2,1,2,2,1,2,2,2,2,2,1,1,1,2,1,1,1,1,1,1,2,1,1,2,2
741,2,4,4,4,5,2,5,4,4,5,90.0,,,3.0,,,,3.0,4.0,2.0,,6.0,1.0,50.0,,1.0,,1.0,5.0,6.0,,,,,,,,5.0,1.0,,,10.0,,2.0,,6.0,,1.0,1.0,1.0,1.0,1.0,1.0,1.0,1.0,1.0,1.0,,,,,,,5,1,2,3,1,7,7,7,1,1,50.0,60.0,80.0,85.0,75.0,35.0,100.0,85.0,75.0,80.0,2,2,1,2,1,1,1,2,2,1,2,2,1,1,1,1,1,2,2,2,2,1,1,2,1,1,1,1,1,1,1,2,1,1,2,1,2,1,1,1
632,4,3,5,4,4,1,5,5,5,5,35.0,,,2.0,,,,2.0,5.0,2.0,,6.0,2.0,0.0,,,1.0,3.0,2.0,5.0,,,,,,,,20.0,1.0,,,9.0,,,1.0,,3.0,,,,,,,,,,,1.0,2.0,2.0,1.0,1.0,2.0,2,1,3,3,2,5,6,6,1,2,71.0,74.0,96.0,52.0,54.0,26.0,94.0,95.0,86.0,90.0,2,2,2,2,2,2,1,1,1,2,1,2,2,2,1,2,1,1,1,2,1,1,1,2,1,1,2,1,2,1,2,1,2,2,2,1,1,1,1,1
566,1,1,1,1,2,3,4,5,5,5,,59.0,,4.0,,,,5.0,3.0,3.0,6.0,,,,2.0,,1.0,,,,2.0,3.0,4.0,,,,,12.0,,1.0,1.0,,,2.0,,,4.0,,,,,,,,,,,2.0,2.0,2.0,1.0,2.0,1.0,6,1,1,1,3,7,7,7,1,2,51.0,36.0,77.0,0.0,0.0,5.0,56.0,93.0,100.0,84.0,1,2,2,2,1,1,1,2,2,1,2,1,1,2,1,1,1,1,1,2,1,2,1,2,2,2,1,1,2,2,2,2,2,1,2,2,2,1,2,2
415,5,3,5,5,5,4,4,5,3,1,,30.0,3.0,,4.0,4.0,4.0,,,,3.0,,1.0,20.0,,,2.0,,,,,,,5.0,5.0,2.0,,20.0,1.0,,,,1.0,,2.0,,5.0,1.0,1.0,1.0,1.0,1.0,1.0,1.0,1.0,1.0,1.0,,,,,,,6,4,5,5,3,5,5,6,4,1,45.0,30.0,45.0,40.0,70.0,33.0,64.0,90.0,40.0,30.0,2,2,1,2,2,2,2,1,2,1,2,2,2,2,1,2,1,2,2,1,1,2,2,2,2,1,2,2,2,2,2,2,2,2,1,2,2,1,2,2
209,2,5,4,5,5,1,5,4,5,5,,100.0,6.0,,3.0,4.0,1.0,,,,7.0,,,,2.0,,2.0,,,,5.0,5.0,6.0,,,,20.0,,1.0,,,9.0,,,2.0,,1.0,,,,,,,,,,,1.0,1.0,1.0,1.0,1.0,1.0,6,1,3,3,2,7,6,6,4,1,20.0,20.0,21.0,60.0,40.0,45.0,45.0,70.0,55.0,25.0,2,2,2,1,2,2,2,2,2,2,2,2,2,2,1,2,2,2,2,2,1,2,2,2,2,1,1,2,2,1,2,2,2,2,1,2,2,1,2,2
780,1,1,2,2,2,1,5,4,5,4,,30.0,5.0,,,,,3.0,4.0,3.0,3.0,,,,2.0,1.0,,,,,1.0,4.0,5.0,,,,,15.0,,2.0,,10.0,,1.0,,,4.0,1.0,1.0,1.0,1.0,1.0,1.0,1.0,1.0,1.0,1.0,,,,,,,6,3,5,5,2,5,5,5,2,1,50.0,50.0,30.0,40.0,55.0,35.0,75.0,55.0,60.0,66.0,1,2,1,1,2,2,2,2,2,1,2,1,2,2,1,1,1,2,2,1,1,1,1,2,1,1,2,2,2,2,1,1,2,1,2,2,2,1,2,1
686,2,1,3,1,4,2,4,2,5,4,92.0,,,2.0,2.0,6.0,4.0,,,,,6.0,1.0,23.0,,1.0,,,,,,,,4.0,5.0,6.0,,20.0,2.0,,,10.0,,1.0,,1.0,,1.0,1.0,1.0,1.0,1.0,1.0,1.0,1.0,1.0,1.0,,,,,,,6,5,3,3,5,3,3,5,1,1,64.0,6.0,91.0,81.0,62.0,25.0,64.0,88.0,89.0,85.0,2,2,2,2,2,2,2,2,2,2,2,1,2,2,2,2,1,1,2,2,2,2,2,2,2,2,2,2,2,2,2,2,2,2,1,1,1,2,2,2
513,3,5,5,4,4,4,4,4,2,4,,85.0,5.0,,5.0,5.0,4.0,,,,6.0,,1.0,33.0,,1.0,,,,,,,,3.0,4.0,2.0,15.0,,1.0,,3.0,,,,1.0,,1.0,,,,,,,,,,,1.0,2.0,1.0,2.0,2.0,1.0,7,5,7,6,5,6,5,5,4,1,84.0,63.0,91.0,100.0,82.0,66.0,77.0,59.0,88.0,80.0,1,1,1,1,1,1,1,1,1,1,1,1,1,2,2,2,2,1,1,1,1,2,1,1,1,1,1,2,1,1,1,1,1,1,2,1,1,1,1,1
460,4,3,4,4,3,2,4,5,5,4,70.0,,,3.0,,,,3.0,2.0,1.0,5.0,,,,2.0,1.0,,,,,,,,3.0,5.0,5.0,,5.0,2.0,,4.0,,,,2.0,4.0,,1.0,1.0,2.0,1.0,1.0,1.0,2.0,1.0,2.0,1.0,,,,,,,5,2,3,5,2,6,4,3,2,1,44.0,9.0,22.0,48.0,47.0,60.0,84.0,97.0,97.0,90.0,2,2,2,1,2,2,2,2,1,2,1,1,2,1,1,1,1,2,2,1,2,2,1,2,2,2,2,2,1,2,1,1,2,1,1,1,2,1,2,1
829,5,4,4,5,4,4,5,5,4,5,71.0,,,2.0,1.0,1.0,1.0,,,,,6.0,,,1.0,,2.0,,,,,,,1.0,5.0,3.0,,16.0,1.0,,3.0,,,1.0,,,5.0,1.0,1.0,2.0,2.0,1.0,2.0,1.0,1.0,1.0,1.0,,,,,,,5,2,4,3,2,6,6,6,3,2,75.0,68.0,75.0,95.0,77.0,90.0,93.0,88.0,60.0,67.0,2,1,2,2,2,2,2,2,2,2,2,1,2,2,2,2,2,1,2,2,1,2,1,1,2,2,2,1,2,1,2,1,1,1,2,2,1,2,2,2
128,3,3,4,1,3,1,2,4,5,4,30.0,,5.0,,5.0,2.0,3.0,,,,3.0,,,,2.0,,1.0,2.0,5.0,3.0,,,,,,,20.0,,1.0,,,3.0,,2.0,,,5.0,1.0,1.0,1.0,2.0,2.0,2.0,1.0,1.0,1.0,2.0,,,,,,,6,4,1,4,2,4,6,6,2,2,60.0,26.0,55.0,30.0,25.0,10.0,41.0,70.0,80.0,48.0,2,2,1,2,2,1,1,1,1,2,2,2,2,2,2,1,2,1,2,2,2,2,1,1,2,1,1,1,1,2,2,1,2,2,2,1,2,2,1,2
734,4,4,4,4,5,5,4,5,2,2,,30.0,3.0,,2.0,3.0,3.0,,,,,6.0,,,2.0,,2.0,,,,,,,2.0,4.0,5.0,,12.0,1.0,,,7.0,,,1.0,,4.0,,,,,,,,,,,1.0,1.0,1.0,1.0,2.0,2.0,6,3,4,3,3,5,6,5,3,1,60.0,55.0,65.0,45.0,70.0,50.0,70.0,85.0,51.0,30.0,2,2,2,1,2,2,2,1,2,2,1,2,2,2,2,2,2,1,2,1,1,2,2,2,2,1,2,2,1,2,2,1,2,2,1,1,2,2,1,2
647,3,4,4,4,5,4,4,5,4,4,70.0,,5.0,,3.0,3.0,3.0,,,,6.0,,1.0,50.0,,,2.0,,,,,,,4.0,4.0,6.0,19.0,,,2.0,,,2.0,1.0,,3.0,,,,,,,,,,,,1.0,1.0,2.0,1.0,1.0,2.0,7,3,6,6,2,4,7,7,1,2,30.0,24.0,33.0,64.0,69.0,41.0,57.0,55.0,67.0,55.0,1,2,1,2,1,1,2,2,2,2,2,2,2,2,2,2,2,2,2,2,2,2,1,2,2,2,1,2,1,2,2,2,1,2,2,2,2,1,1,1
522,5,4,5,5,4,5,4,5,3,3,,29.0,,2.0,4.0,5.0,2.0,,,,5.0,,,,1.0,1.0,,,,,4.0,5.0,3.0,,,,20.0,,1.0,,3.0,,,,1.0,,5.0,,,,,,,,,,,1.0,1.0,1.0,1.0,1.0,1.0,7,5,5,3,2,3,6,7,4,1,15.0,10.0,4.0,46.0,41.0,23.0,38.0,91.0,33.0,18.0,2,2,2,1,2,1,1,1,2,2,2,1,2,2,2,2,1,1,2,2,2,2,2,2,1,1,1,2,2,1,2,2,1,2,2,2,2,1,2,2
451,3,4,3,5,4,5,5,4,3,1,70.0,,3.0,,,,,2.0,4.0,2.0,,7.0,1.0,15.0,,1.0,,,,,2.0,4.0,4.0,,,,10.0,,1.0,,,10.0,,1.0,,,6.0,1.0,1.0,1.0,1.0,1.0,1.0,1.0,2.0,2.0,2.0,,,,,,,6,2,5,5,5,6,7,7,1,1,30.0,35.0,25.0,50.0,30.0,68.0,75.0,45.0,25.0,32.0,2,2,2,2,2,2,2,2,2,1,2,2,1,2,1,2,1,1,2,2,2,1,2,2,1,2,1,2,1,2,2,1,2,1,2,2,2,2,2,2
818,5,4,5,5,4,5,5,5,3,4,20.0,,4.0,,3.0,4.0,4.0,,,,6.0,,2.0,8.0,,1.0,,,,,,,,2.0,5.0,4.0,,15.0,1.0,,,,2.0,1.0,,4.0,,1.0,1.0,1.0,1.0,1.0,1.0,2.0,2.0,1.0,1.0,,,,,,,6,5,3,3,1,3,5,5,2,1,75.0,45.0,35.0,55.0,65.0,30.0,85.0,85.0,58.0,80.0,1,1,1,2,2,1,2,2,2,1,1,2,2,1,2,1,1,2,2,1,1,2,2,1,2,1,1,1,2,2,2,2,1,2,1,2,2,1,2,2
119,4,4,5,3,3,4,4,3,5,3,,85.0,,1.0,,,,1.0,5.0,2.0,,6.0,1.0,54.0,,1.0,,,,,1.0,1.0,5.0,,,,15.0,,,2.0,4.0,,,1.0,,4.0,,,,,,,,,,,,1.0,1.0,1.0,1.0,1.0,1.0,6,2,5,5,2,5,7,7,2,1,60.0,41.0,60.0,50.0,70.0,40.0,35.0,40.0,70.0,70.0,2,1,1,1,1,2,2,1,1,1,1,1,1,2,1,2,1,2,1,2,1,1,2,2,1,2,2,2,2,1,1,2,1,2,1,1,2,1,2,2
490,4,3,3,4,5,2,5,5,5,5,35.0,,,3.0,,,,4.0,5.0,2.0,,5.0,,,2.0,,1.0,1.0,5.0,5.0,,,,,,,15.0,,,2.0,,4.0,,1.0,,4.0,,1.0,1.0,1.0,1.0,1.0,1.0,1.0,2.0,2.0,2.0,,,,,,,6,2,3,5,5,7,6,5,3,1,40.0,50.0,45.0,25.0,50.0,60.0,75.0,55.0,70.0,50.0,1,1,1,2,2,2,1,2,1,1,1,2,1,1,1,2,2,1,2,1,1,2,1,2,1,1,1,2,1,2,1,2,2,2,2,2,1,2,1,2
705,4,3,5,4,5,4,4,5,2,1,70.0,,5.0,,,,,5.0,5.0,4.0,,5.0,1.0,16.0,,,2.0,,,,4.0,5.0,6.0,,,,,20.0,1.0,,,,3.0,2.0,,1.0,,1.0,1.0,1.0,2.0,1.0,1.0,2.0,1.0,2.0,1.0,,,,,,,7,5,7,4,5,6,6,7,3,1,45.0,20.0,25.0,30.0,45.0,51.0,40.0,75.0,40.0,10.0,1,1,1,1,2,2,2,1,1,1,2,1,2,1,1,1,1,1,1,2,1,1,2,2,1,2,1,2,1,2,2,2,1,2,2,1,2,1,1,2
676,4,4,3,4,3,3,4,4,3,4,,30.0,,2.0,1.0,3.0,5.0,,,,4.0,,,,2.0,1.0,,1.0,4.0,5.0,,,,,,,15.0,,,2.0,4.0,,,1.0,,,5.0,1.0,1.0,1.0,1.0,2.0,1.0,1.0,1.0,1.0,2.0,,,,,,,4,4,4,4,2,5,5,5,1,1,74.0,19.0,61.0,73.0,43.0,25.0,80.0,27.0,42.0,45.0,2,1,2,1,2,1,1,2,1,2,2,2,2,1,2,2,2,2,2,2,1,2,1,1,2,2,1,2,2,2,2,2,1,1,2,2,1,1,1,2
770,1,3,3,1,1,2,5,1,5,4,60.0,,2.0,,2.0,3.0,3.0,,,,6.0,,,,2.0,1.0,,,,,3.0,4.0,6.0,,,,,15.0,1.0,,6.0,,,,2.0,,3.0,,,,,,,,,,,1.0,1.0,1.0,2.0,1.0,2.0,7,1,2,2,3,6,5,5,1,1,50.0,50.0,50.0,10.0,10.0,75.0,85.0,25.0,85.0,70.0,2,1,2,2,1,1,1,1,1,1,1,2,2,1,2,2,1,1,1,2,1,2,2,1,1,1,1,1,1,2,2,1,2,2,1,2,1,2,2,2
603,5,4,5,5,5,5,5,5,1,3,90.0,,,1.0,,,,3.0,4.0,4.0,7.0,,,,2.0,1.0,,5.0,2.0,5.0,,,,,,,,15.0,1.0,,10.0,,,1.0,,6.0,,1.0,1.0,1.0,1.0,1.0,1.0,1.0,1.0,1.0,1.0,,,,,,,5,2,6,6,3,2,2,2,3,1,60.0,35.0,70.0,80.0,75.0,70.0,79.0,60.0,35.0,70.0,2,1,2,1,1,1,2,1,1,2,2,1,2,1,2,2,2,2,2,2,2,2,2,1,2,2,2,2,1,2,2,1,1,1,1,2,1,2,2,1
596,3,4,3,4,5,4,4,3,3,5,,90.0,3.0,,,,,2.0,5.0,1.0,,5.0,,,2.0,,2.0,,,,,,,1.0,3.0,5.0,20.0,,,2.0,3.0,,,1.0,,4.0,,1.0,1.0,1.0,1.0,1.0,2.0,1.0,1.0,2.0,1.0,,,,,,,6,5,5,4,5,5,6,5,2,2,20.0,15.0,20.0,35.0,60.0,30.0,35.0,25.0,40.0,65.0,2,2,1,1,2,1,2,2,1,2,1,2,1,1,2,2,1,2,2,1,1,1,2,2,2,1,2,1,2,2,1,2,2,2,2,1,1,2,1,1
557,4,3,4,4,4,3,4,5,4,4,,90.0,,2.0,,,,2.0,3.0,2.0,,6.0,2.0,5.0,,1.0,,,,,3.0,5.0,5.0,,,,,10.0,1.0,,,6.0,,,2.0,,5.0,,,,,,,,,,,1.0,1.0,2.0,1.0,1.0,2.0,6,6,2,5,4,5,6,5,3,1,73.0,36.0,70.0,71.0,72.0,81.0,48.0,75.0,67.0,69.0,2,1,2,1,2,1,1,2,2,1,2,1,1,1,1,2,2,2,2,2,2,1,2,2,1,1,1,1,1,1,1,1,1,2,1,1,1,2,1,1
424,4,5,4,5,5,5,4,5,3,5,70.0,,4.0,,,,,3.0,4.0,3.0,,6.0,,,2.0,1.0,,,,,,,,2.0,5.0,5.0,20.0,,1.0,,,,3.0,,1.0,,3.0,1.0,2.0,1.0,2.0,1.0,2.0,1.0,2.0,1.0,2.0,,,,,,,7,2,6,5,5,6,6,7,3,1,60.0,40.0,60.0,75.0,75.0,50.0,90.0,95.0,80.0,80.0,1,2,2,1,2,2,1,1,1,1,1,1,2,1,1,1,1,1,1,1,1,1,1,1,1,2,1,2,1,2,2,2,2,2,1,2,1,2,1,1
238,5,4,5,3,5,5,4,3,2,2,,30.0,,3.0,5.0,3.0,3.0,,,,,7.0,1.0,48.0,,,2.0,1.0,1.0,2.0,,,,,,,,5.0,,2.0,2.0,,,2.0,,,5.0,,,,,,,,,,,1.0,1.0,1.0,1.0,1.0,1.0,6,1,5,5,1,6,7,7,2,1,52.0,50.0,52.0,57.0,65.0,52.0,60.0,80.0,62.0,57.0,2,2,2,2,1,2,2,2,1,2,2,1,2,2,1,1,2,2,1,1,2,2,2,1,1,2,1,1,2,2,2,2,2,1,2,1,1,1,1,2
609,4,2,3,4,4,3,3,4,4,5,49.0,,,5.0,,,,3.0,2.0,3.0,4.0,,2.0,8.0,,1.0,,,,,3.0,5.0,5.0,,,,,12.0,,2.0,7.0,,,2.0,,4.0,,,,,,,,,,,,1.0,1.0,1.0,1.0,1.0,1.0,6,2,4,3,2,6,6,6,1,1,60.0,55.0,52.0,55.0,75.0,52.0,63.0,70.0,60.0,64.0,2,2,2,1,2,2,2,1,1,2,2,2,2,1,2,2,1,1,1,2,2,1,1,1,1,1,2,1,2,1,2,1,2,2,2,2,2,1,2,1
380,3,3,3,1,4,1,4,4,5,5,15.0,,5.0,,5.0,3.0,4.0,,,,,6.0,1.0,45.0,,,1.0,2.0,5.0,6.0,,,,,,,,0.0,1.0,,,,2.0,1.0,,,5.0,,,,,,,,,,,1.0,1.0,1.0,1.0,1.0,1.0,5,2,1,4,5,7,7,5,2,2,60.0,30.0,50.0,63.0,100.0,24.0,100.0,36.0,79.0,100.0,2,1,1,1,2,1,1,1,1,1,1,1,2,1,1,1,1,2,2,2,2,1,2,2,2,2,1,1,1,2,1,2,1,2,2,1,1,1,1,1
166,1,5,1,4,5,2,2,3,5,5,,30.0,3.0,,5.0,2.0,2.0,,,,1.0,,,,2.0,,2.0,,,,2.0,4.0,5.0,,,,20.0,,,2.0,,3.0,,1.0,,2.0,,1.0,1.0,1.0,1.0,1.0,1.0,1.0,1.0,1.0,1.0,,,,,,,7,7,7,7,2,5,5,5,4,2,44.0,84.0,79.0,40.0,81.0,27.0,75.0,48.0,68.0,82.0,2,2,2,2,1,2,2,2,1,1,1,2,1,2,2,2,1,1,2,2,1,2,2,2,2,2,1,2,2,1,1,2,1,2,2,2,2,1,2,2
867,3,3,3,4,3,3,4,3,4,3,,70.0,4.0,,1.0,3.0,2.0,,,,,3.0,,,2.0,,1.0,,,,,,,4.0,3.0,5.0,20.0,,,2.0,,10.0,,1.0,,4.0,,,,,,,,,,,,1.0,1.0,2.0,1.0,1.0,2.0,7,2,3,4,1,5,6,6,1,1,50.0,40.0,40.0,90.0,50.0,50.0,80.0,70.0,65.0,50.0,1,2,2,1,2,1,2,2,2,2,1,2,2,2,1,2,1,2,2,2,1,1,1,2,2,1,2,1,2,1,2,2,1,1,2,2,2,2,1,1
914,4,4,4,4,4,4,4,4,4,4,,70.0,3.0,,,,,3.0,3.0,3.0,,5.0,,,2.0,1.0,,4.0,4.0,4.0,,,,,,,10.0,,1.0,,,,3.0,,1.0,3.0,,,,,,,,,,,,1.0,1.0,1.0,1.0,2.0,2.0,5,2,2,3,2,6,6,5,2,1,61.0,35.0,83.0,63.0,70.0,96.0,79.0,82.0,5.0,90.0,1,1,2,1,1,2,1,2,2,1,2,1,1,2,1,1,1,1,1,2,2,2,1,1,1,1,1,1,2,2,1,2,2,2,2,2,1,1,2,1
341,4,4,3,3,2,3,4,4,3,4,65.0,,4.0,,4.0,4.0,3.0,,,,4.0,,,,2.0,1.0,,1.0,5.0,6.0,,,,,,,15.0,,,2.0,,,3.0,,1.0,,3.0,1.0,1.0,2.0,1.0,1.0,2.0,2.0,1.0,1.0,2.0,,,,,,,5,5,6,5,5,4,4,4,1,1,51.0,54.0,72.0,61.0,47.0,62.0,59.0,58.0,52.0,60.0,1,1,1,1,1,1,1,1,1,1,2,1,1,1,1,2,2,1,1,1,1,1,1,1,1,1,1,1,1,1,1,2,1,1,1,1,1,1,1,1
232,1,1,1,1,2,1,1,1,5,5,95.0,,6.0,,4.0,3.0,4.0,,,,6.0,,,,2.0,1.0,,1.0,4.0,5.0,,,,,,,,15.0,,2.0,3.0,,,,1.0,1.0,,,,,,,,,,,,1.0,1.0,1.0,2.0,1.0,2.0,7,2,6,5,5,6,7,7,2,1,15.0,20.0,10.0,35.0,40.0,35.0,60.0,30.0,80.0,50.0,2,2,2,2,1,1,1,2,1,1,2,1,1,2,1,1,2,2,1,1,2,2,1,1,1,2,2,2,1,2,2,2,1,2,2,2,1,2,2,1
4,5,5,5,5,5,5,5,5,4,5,,34.0,,1.0,,,,3.0,3.0,1.0,,7.0,,,1.0,,1.0,,,,1.0,5.0,6.0,,,,,0.0,,2.0,,,2.0,2.0,,6.0,,1.0,1.0,1.0,1.0,1.0,2.0,2.0,2.0,2.0,2.0,,,,,,,7,1,1,1,1,7,7,7,1,2,45.0,51.0,41.0,56.0,63.0,52.0,78.0,84.0,82.0,84.0,2,2,2,2,2,2,2,2,2,2,1,2,2,2,2,2,2,2,2,2,2,2,1,2,2,2,2,1,2,1,2,2,1,1,2,2,2,2,2,2
30,1,5,4,5,5,5,5,5,5,5,,93.0,,6.0,,,,2.0,3.0,3.0,6.0,,2.0,8.0,,,2.0,,,,,,,4.0,4.0,4.0,18.0,,,1.0,9.0,,,,2.0,,3.0,,,,,,,,,,,1.0,1.0,1.0,2.0,2.0,1.0,7,2,6,6,5,7,2,2,1,2,10.0,93.0,54.0,97.0,97.0,97.0,95.0,100.0,85.0,100.0,2,2,2,1,2,2,1,1,2,2,2,2,1,2,2,1,2,2,2,2,2,2,1,2,2,2,1,1,2,1,2,2,1,1,1,2,2,1,2,2
334,4,5,4,4,5,5,5,5,3,5,70.0,,6.0,,3.0,4.0,5.0,,,,,3.0,2.0,3.0,,1.0,,,,,2.0,5.0,6.0,,,,17.0,,,2.0,,,1.0,,1.0,4.0,,,,,,,,,,,,1.0,1.0,1.0,1.0,2.0,1.0,7,4,5,5,5,7,5,6,3,1,50.0,61.0,47.0,64.0,76.0,63.0,85.0,62.0,57.0,66.0,2,2,1,2,2,2,2,2,2,2,2,1,2,1,2,1,1,1,2,1,1,2,2,2,2,2,2,2,1,2,1,2,2,2,2,2,2,1,2,2
247,3,4,4,4,3,3,4,4,3,3,,91.0,3.0,,3.0,4.0,3.0,,,,5.0,,,,2.0,,2.0,2.0,5.0,6.0,,,,,,,15.0,,2.0,,,,3.0,,1.0,,6.0,1.0,1.0,1.0,1.0,1.0,1.0,1.0,1.0,1.0,1.0,,,,,,,5,4,5,6,2,6,5,5,1,2,35.0,30.0,48.0,53.0,40.0,11.0,74.0,70.0,26.0,34.0,2,2,1,1,1,1,2,2,2,1,2,2,1,1,2,1,1,1,1,2,1,1,1,1,1,1,1,1,1,2,2,1,1,1,1,1,1,1,1,1
528,4,4,3,5,5,5,5,5,1,3,,56.0,,3.0,2.0,4.0,4.0,,,,5.0,,1.0,14.0,,1.0,,,,,1.0,4.0,5.0,,,,,10.0,,2.0,,,2.0,1.0,,,4.0,1.0,2.0,2.0,1.0,2.0,1.0,1.0,2.0,1.0,2.0,,,,,,,7,3,3,3,1,5,5,5,2,1,58.0,47.0,32.0,39.0,37.0,33.0,40.0,38.0,47.0,51.0,1,2,1,2,2,2,2,1,2,1,1,2,1,2,1,2,2,1,2,1,1,1,1,1,1,1,1,2,1,1,2,1,1,1,2,2,2,2,2,1
45,2,2,1,2,4,1,4,1,5,4,88.0,,,3.0,5.0,4.0,2.0,,,,6.0,,,,2.0,,2.0,,,,2.0,5.0,4.0,,,,13.0,,,1.0,,4.0,,1.0,,4.0,,1.0,1.0,1.0,1.0,1.0,1.0,1.0,1.0,1.0,1.0,,,,,,,6,6,3,2,5,5,6,6,1,2,19.0,20.0,16.0,24.0,15.0,25.0,22.0,8.0,89.0,23.0,2,2,1,1,2,2,2,2,2,2,2,1,1,2,1,1,2,2,2,1,1,2,2,1,2,1,2,2,2,2,2,2,2,2,1,1,2,2,1,2
113,2,2,2,5,5,4,4,5,3,1,,30.0,3.0,,6.0,4.0,4.0,,,,,6.0,,,2.0,,1.0,,,,,,,4.0,5.0,6.0,,7.0,1.0,,4.0,,,,2.0,4.0,,,,,,,,,,,,1.0,1.0,1.0,1.0,1.0,1.0,5,3,3,3,5,5,6,6,3,1,35.0,30.0,31.0,75.0,75.0,42.0,69.0,96.0,60.0,5.0,2,2,2,2,2,1,2,2,2,1,1,2,2,2,1,2,2,2,2,1,2,1,2,2,2,2,1,2,2,1,1,2,2,2,2,2,2,2,2,2
286,4,5,4,4,3,4,5,4,3,4,70.0,,5.0,,5.0,4.0,5.0,,,,5.0,,,,1.0,,1.0,,,,4.0,3.0,5.0,,,,,15.0,,2.0,6.0,,,1.0,,,3.0,1.0,1.0,1.0,2.0,1.0,2.0,1.0,2.0,1.0,2.0,,,,,,,4,5,3,5,3,4,5,6,1,1,76.0,65.0,47.0,52.0,78.0,58.0,52.0,47.0,32.0,79.0,1,1,2,2,2,1,2,2,1,2,1,1,2,1,2,1,1,2,1,1,1,1,1,2,1,1,1,2,1,2,1,2,2,2,2,2,2,1,1,1
812,5,5,5,5,4,4,5,3,2,2,,30.0,,1.0,,,,2.0,3.0,1.0,,5.0,,,2.0,,2.0,,,,1.0,5.0,4.0,,,,20.0,,,2.0,2.0,,,1.0,,2.0,,,,,,,,,,,,1.0,2.0,1.0,1.0,1.0,2.0,4,2,2,4,4,4,6,5,2,2,100.0,100.0,100.0,100.0,100.0,81.0,100.0,65.0,1.0,50.0,1,2,1,1,2,1,2,1,1,1,2,1,1,2,1,1,1,1,1,2,1,1,1,2,1,1,1,2,1,2,1,1,1,1,2,2,2,2,1,2
84,5,5,5,5,4,5,5,5,2,1,70.0,,3.0,,4.0,4.0,3.0,,,,,7.0,,,2.0,,2.0,,,,1.0,4.0,5.0,,,,,4.0,,2.0,,,1.0,,2.0,4.0,,,,,,,,,,,,1.0,1.0,1.0,1.0,1.0,1.0,6,4,3,5,5,6,6,6,4,1,35.0,40.0,43.0,42.0,52.0,42.0,42.0,42.0,49.0,40.0,2,2,2,2,1,1,2,2,1,2,2,2,2,2,2,2,2,2,2,2,1,1,2,1,2,1,1,1,2,2,1,2,2,2,2,2,2,1,2,1
961,3,5,3,3,5,5,4,3,3,4,90.0,,4.0,,5.0,3.0,4.0,,,,,4.0,1.0,50.0,,1.0,,1.0,5.0,6.0,,,,,,,20.0,,,1.0,,,2.0,1.0,,,5.0,,,,,,,,,,,1.0,1.0,2.0,1.0,2.0,1.0,6,2,4,6,2,5,4,2,3,1,32.0,15.0,15.0,35.0,40.0,30.0,50.0,60.0,40.0,30.0,1,2,1,2,2,1,2,1,1,1,1,2,1,1,1,1,1,1,2,1,2,2,1,1,2,1,2,1,1,2,1,1,2,2,1,2,1,2,2,2
302,4,5,4,5,4,5,5,5,5,5,,30.0,,5.0,3.0,2.0,3.0,,,,,6.0,,,2.0,,2.0,,,,,,,3.0,5.0,5.0,,0.0,,2.0,,,2.0,2.0,,,2.0,1.0,2.0,2.0,1.0,2.0,2.0,1.0,2.0,1.0,2.0,,,,,,,6,1,6,5,3,7,7,7,4,2,75.0,80.0,50.0,85.0,80.0,50.0,100.0,90.0,85.0,95.0,1,2,1,1,1,2,1,2,1,2,2,1,1,1,1,1,1,1,1,1,1,1,2,1,1,1,1,1,2,1,2,1,2,1,2,2,2,1,2,1
271,5,2,5,5,5,5,5,5,2,4,65.0,,,2.0,2.0,2.0,1.0,,,,,6.0,,,2.0,1.0,,,,,4.0,5.0,6.0,,,,15.0,,1.0,,4.0,,,,1.0,,6.0,1.0,1.0,1.0,2.0,1.0,1.0,1.0,2.0,1.0,2.0,,,,,,,6,1,5,6,1,6,6,6,3,1,66.0,19.0,71.0,98.0,77.0,41.0,100.0,100.0,69.0,95.0,2,1,2,1,1,1,1,1,2,1,1,1,1,1,1,2,2,1,2,1,1,2,1,2,2,1,1,1,1,1,2,2,2,2,1,1,2,1,1,2
73,5,4,5,5,5,5,4,3,2,2,75.0,,,2.0,4.0,3.0,2.0,,,,,,2.0,9.0,,,1.0,4.0,4.0,5.0,,,,,,,,16.0,1.0,,5.0,,,,2.0,,4.0,1.0,1.0,1.0,1.0,1.0,1.0,1.0,1.0,1.0,1.0,,,,,,,6,2,6,6,2,3,5,5,1,1,55.0,42.0,44.0,66.0,62.0,40.0,60.0,34.0,46.0,43.0,2,2,1,1,2,1,2,2,2,2,2,2,2,2,2,2,2,2,2,2,1,2,1,2,2,2,2,2,1,2,2,1,1,2,2,2,2,1,1,2
996,1,4,4,2,2,5,5,5,1,4,70.0,,,1.0,,,,2.0,4.0,2.0,,7.0,,,2.0,,2.0,5.0,5.0,6.0,,,,,,,20.0,,,1.0,,,2.0,2.0,,4.0,,1.0,1.0,1.0,1.0,1.0,1.0,1.0,1.0,1.0,1.0,,,,,,,5,5,6,4,1,3,4,5,4,1,50.0,39.0,60.0,23.0,41.0,60.0,75.0,58.0,40.0,76.0,1,2,2,2,1,1,2,1,2,2,2,1,2,2,2,1,2,2,2,2,2,1,1,1,1,1,1,1,1,2,1,2,2,2,1,2,2,2,2,1
125,3,4,4,4,3,1,4,4,5,3,70.0,,,3.0,,,,4.0,3.0,4.0,,7.0,1.0,40.0,,1.0,,,,,5.0,5.0,4.0,,,,17.0,,,2.0,,10.0,,2.0,,,6.0,,,,,,,,,,,1.0,1.0,1.0,1.0,1.0,1.0,6,4,7,7,5,5,5,4,4,2,65.0,75.0,70.0,80.0,55.0,30.0,80.0,70.0,50.0,55.0,1,2,1,1,2,2,1,1,1,1,1,1,2,2,1,1,2,2,1,1,1,1,2,1,1,2,1,1,1,1,2,1,1,2,1,1,1,1,1,2
739,4,4,5,4,4,4,5,5,4,2,97.0,,,3.0,,,,4.0,4.0,1.0,5.0,,,,2.0,2.0,,,,,,,,2.0,5.0,4.0,,15.0,,2.0,,10.0,,1.0,,4.0,,1.0,1.0,1.0,1.0,1.0,1.0,1.0,1.0,1.0,1.0,,,,,,,7,3,2,1,3,5,7,6,3,2,62.0,30.0,82.0,61.0,36.0,21.0,58.0,46.0,68.0,32.0,1,1,2,2,1,1,2,2,2,2,2,2,1,1,2,2,2,2,1,2,1,1,1,1,2,1,2,1,1,2,2,2,2,1,1,1,1,1,2,2
824,5,5,5,5,5,5,5,5,2,1,,45.0,2.0,,,,,4.0,4.0,2.0,,5.0,,,2.0,1.0,,,,,5.0,5.0,5.0,,,,,15.0,2.0,,,,2.0,1.0,,,5.0,,,,,,,,,,,1.0,1.0,1.0,1.0,1.0,1.0,6,2,5,3,2,6,6,6,3,1,46.0,35.0,47.0,65.0,65.0,45.0,80.0,75.0,60.0,50.0,2,2,1,2,1,2,1,2,2,2,2,2,1,1,2,1,1,2,2,1,1,2,2,1,2,2,2,2,1,2,2,2,2,2,1,2,1,2,2,2
957,3,4,4,5,5,3,5,5,4,3,,85.0,2.0,,3.0,3.0,3.0,,,,,4.0,1.0,25.0,,1.0,,1.0,4.0,3.0,,,,,,,10.0,,1.0,,,,1.0,,1.0,4.0,,1.0,1.0,1.0,2.0,1.0,1.0,1.0,2.0,1.0,1.0,,,,,,,5,1,4,3,2,5,6,5,1,2,50.0,30.0,30.0,35.0,50.0,30.0,75.0,84.0,60.0,50.0,2,1,2,2,2,1,1,2,1,2,2,2,2,1,1,2,1,1,2,2,2,1,1,1,2,2,1,2,2,2,2,2,1,2,1,2,1,2,2,2
150,4,3,3,5,4,5,5,3,1,3,,84.0,,3.0,,,,3.0,3.0,2.0,,6.0,,,2.0,,2.0,,,,2.0,3.0,3.0,,,,,10.0,2.0,,3.0,,,1.0,,,4.0,1.0,1.0,1.0,2.0,1.0,1.0,1.0,1.0,1.0,2.0,,,,,,,6,2,4,4,2,5,4,6,3,2,38.0,36.0,23.0,56.0,62.0,54.0,70.0,52.0,41.0,61.0,1,1,2,2,2,1,2,2,2,2,1,1,2,2,2,2,2,1,2,1,2,2,2,2,2,2,2,2,2,1,1,2,1,1,2,2,2,2,2,2
851,1,2,2,2,3,3,2,3,4,3,,30.0,,4.0,5.0,3.0,2.0,,,,,,,,2.0,1.0,,1.0,3.0,3.0,,,,,,,15.0,,2.0,,3.0,,,,2.0,3.0,,,,,,,,,,,,1.0,1.0,2.0,1.0,1.0,2.0,5,2,5,3,3,5,6,6,2,2,35.0,40.0,30.0,45.0,36.0,25.0,20.0,40.0,65.0,50.0,2,2,2,2,2,2,2,2,2,2,2,2,2,2,2,1,2,2,2,1,2,2,2,2,2,2,2,2,2,2,1,2,2,1,2,2,2,1,2,2
922,4,3,4,5,5,5,5,5,2,5,,63.0,5.0,,,,,2.0,5.0,2.0,5.0,,,,1.0,,2.0,1.0,2.0,2.0,,,,,,,,14.0,,1.0,,,2.0,1.0,,5.0,,1.0,1.0,2.0,1.0,1.0,1.0,2.0,1.0,1.0,2.0,,,,,,,6,3,2,3,1,5,5,5,3,1,40.0,35.0,25.0,100.0,60.0,40.0,70.0,85.0,75.0,70.0,1,2,2,1,1,2,2,2,1,2,1,2,2,1,2,2,2,2,2,1,2,2,2,1,2,2,1,1,2,2,2,2,1,2,1,1,2,1,2,2
418,3,4,3,4,2,2,5,4,5,3,65.0,,,3.0,,,,1.0,1.0,1.0,,6.0,,,2.0,1.0,,4.0,4.0,5.0,,,,,,,16.0,,1.0,,,4.0,,1.0,,,4.0,1.0,1.0,1.0,1.0,1.0,1.0,1.0,1.0,1.0,1.0,,,,,,,4,2,3,5,3,5,4,5,4,1,30.0,51.0,56.0,65.0,25.0,5.0,68.0,46.0,87.0,19.0,1,2,2,1,1,1,2,2,1,1,1,2,1,2,1,2,1,1,1,2,2,2,2,1,2,2,2,2,1,2,1,1,2,1,1,1,1,1,1,2
191,3,5,5,5,5,3,5,5,2,5,80.0,,,4.0,3.0,1.0,5.0,,,,6.0,,,,2.0,,2.0,,,,,,,4.0,5.0,5.0,,15.0,,2.0,,3.0,,1.0,,5.0,,1.0,1.0,1.0,2.0,1.0,1.0,1.0,2.0,1.0,1.0,,,,,,,6,2,2,2,1,5,6,6,2,1,75.0,80.0,90.0,90.0,75.0,20.0,50.0,60.0,70.0,85.0,2,2,1,2,1,1,1,1,1,2,2,1,1,1,1,1,1,1,2,1,1,2,1,1,1,2,2,1,1,1,1,2,1,1,1,2,1,1,2,1
377,4,3,3,3,3,3,4,3,3,4,,33.0,,4.0,,,,3.0,3.0,2.0,5.0,,,,1.0,,1.0,4.0,4.0,2.0,,,,,,,3.0,,,1.0,,6.0,,,1.0,4.0,,,,,,,,,,,,1.0,1.0,2.0,1.0,2.0,1.0,6,5,5,6,6,5,6,6,2,1,45.0,28.0,31.0,29.0,34.0,36.0,29.0,33.0,33.0,35.0,1,2,1,1,2,1,2,1,1,2,1,1,2,2,2,1,1,2,1,1,2,2,1,1,1,1,2,1,1,2,2,2,1,1,1,1,2,2,2,2
204,4,3,4,3,4,4,4,4,3,4,71.0,,3.0,,,,,4.0,3.0,3.0,6.0,,,,2.0,2.0,,,,,,,,2.0,5.0,6.0,20.0,,2.0,,,1.0,,1.0,,,4.0,1.0,1.0,1.0,1.0,1.0,2.0,2.0,1.0,1.0,1.0,,,,,,,6,4,3,3,5,5,6,6,3,1,52.0,29.0,23.0,41.0,48.0,49.0,61.0,58.0,46.0,55.0,2,2,2,2,2,2,1,1,1,2,2,2,1,2,2,2,2,2,2,1,2,2,1,2,2,2,1,2,1,2,2,1,2,1,2,1,2,2,2,2
890,1,1,4,1,4,1,1,1,5,1,,80.0,5.0,,,,,1.0,5.0,2.0,,6.0,,,2.0,,2.0,,,,5.0,2.0,1.0,,,,,15.0,,2.0,,7.0,,,1.0,,3.0,1.0,1.0,1.0,1.0,1.0,1.0,1.0,1.0,1.0,1.0,,,,,,,3,1,7,7,2,5,5,5,1,1,70.0,71.0,83.0,81.0,73.0,12.0,72.0,90.0,55.0,75.0,1,1,1,2,1,1,2,2,2,1,1,1,2,2,1,1,1,2,1,2,2,1,2,1,1,1,2,1,2,2,1,1,2,1,2,1,2,2,2,2
928,4,5,5,5,4,3,5,5,5,5,,75.0,,2.0,2.0,3.0,2.0,,,,,5.0,,,2.0,,1.0,1.0,4.0,3.0,,,,,,,15.0,,,2.0,,,2.0,,2.0,2.0,,,,,,,,,,,,1.0,1.0,2.0,1.0,2.0,1.0,7,1,2,3,4,5,6,6,3,2,75.0,86.0,63.0,100.0,95.0,69.0,98.0,75.0,62.0,94.0,2,1,2,2,2,2,1,2,1,2,1,2,1,1,1,2,2,2,1,1,1,2,1,1,2,1,1,1,2,1,1,2,1,1,1,2,1,1,2,2
746,5,3,4,5,4,5,4,5,1,1,,80.0,,2.0,3.0,3.0,3.0,,,,3.0,,,,2.0,1.0,,,,,4.0,4.0,3.0,,,,,10.0,1.0,,,5.0,,,2.0,4.0,,,,,,,,,,,,1.0,1.0,1.0,1.0,1.0,1.0,6,4,1,6,3,5,6,6,2,1,45.0,23.0,35.0,47.0,72.0,67.0,44.0,49.0,38.0,18.0,2,1,2,2,2,2,2,1,1,1,1,2,1,1,1,1,2,2,2,2,2,1,2,1,1,2,1,2,2,2,2,2,2,2,2,2,2,2,1,2
635,3,2,5,5,5,2,5,2,5,4,70.0,,,2.0,,,,6.0,4.0,2.0,6.0,,1.0,54.0,,,2.0,1.0,5.0,5.0,,,,,,,,15.0,,2.0,3.0,,,1.0,,,4.0,1.0,2.0,1.0,2.0,1.0,2.0,1.0,2.0,1.0,2.0,,,,,,,5,1,4,7,5,7,5,6,3,2,33.0,55.0,40.0,70.0,40.0,75.0,50.0,70.0,45.0,40.0,1,2,1,1,1,2,1,2,2,1,2,1,1,1,2,1,2,2,2,2,1,1,2,1,1,2,2,2,2,1,1,1,1,2,1,1,1,1,2,2
561,4,4,5,5,5,2,5,5,3,4,,85.0,4.0,,2.0,4.0,2.0,,,,,6.0,,,1.0,1.0,,,,,,,,2.0,5.0,6.0,,15.0,1.0,,,10.0,,,2.0,5.0,,1.0,1.0,2.0,1.0,2.0,1.0,1.0,1.0,2.0,1.0,,,,,,,6,2,2,3,3,5,6,6,1,2,70.0,20.0,45.0,50.0,75.0,30.0,90.0,95.0,60.0,65.0,2,2,1,2,2,2,1,2,2,1,2,1,1,2,1,1,1,1,2,2,2,2,1,1,1,2,1,1,2,2,2,1,2,1,2,1,2,1,2,2
412,5,5,5,3,2,2,4,3,5,4,71.0,,2.0,,5.0,5.0,4.0,,,,5.0,,1.0,54.0,,,2.0,,,,,,,4.0,4.0,6.0,15.0,,,1.0,,2.0,,,2.0,4.0,,1.0,1.0,1.0,1.0,2.0,2.0,2.0,2.0,2.0,2.0,,,,,,,7,7,6,7,6,5,6,7,3,1,37.0,65.0,31.0,43.0,22.0,70.0,68.0,66.0,80.0,65.0,1,2,2,1,2,1,1,2,2,1,2,2,1,1,2,1,2,2,1,1,2,2,2,2,1,2,1,1,2,2,1,1,2,2,2,1,1,1,1,2
787,5,4,5,4,5,5,4,5,4,5,,42.0,,1.0,5.0,1.0,2.0,,,,,6.0,,,2.0,,1.0,,,,,,,2.0,5.0,6.0,15.0,,,1.0,,3.0,,1.0,,,6.0,,,,,,,,,,,1.0,2.0,1.0,1.0,2.0,2.0,7,5,7,6,1,5,2,3,3,2,40.0,42.0,67.0,11.0,27.0,39.0,47.0,3.0,47.0,38.0,1,2,1,2,1,1,1,1,1,1,1,2,1,1,1,1,1,1,1,1,2,1,1,2,2,1,1,1,1,2,1,1,2,2,2,1,1,1,1,1
79,2,4,5,3,4,5,5,2,3,1,70.0,,,2.0,3.0,2.0,2.0,,,,6.0,,1.0,20.0,,1.0,,,,,,,,4.0,5.0,6.0,20.0,,1.0,,,9.0,,2.0,,,6.0,,,,,,,,,,,1.0,1.0,1.0,1.0,2.0,2.0,7,3,6,5,5,3,5,5,3,1,10.0,40.0,75.0,48.0,70.0,45.0,81.0,90.0,80.0,10.0,1,1,1,1,1,2,2,1,2,1,1,1,1,2,1,2,2,1,1,1,2,1,1,1,2,1,1,1,2,1,1,2,2,1,1,1,2,1,1,2
308,4,4,5,5,5,5,4,3,3,1,40.0,,5.0,,3.0,5.0,5.0,,,,,6.0,1.0,40.0,,1.0,,,,,4.0,5.0,6.0,,,,15.0,,1.0,,3.0,,,1.0,,,6.0,1.0,1.0,1.0,1.0,1.0,1.0,1.0,1.0,1.0,1.0,,,,,,,6,2,3,3,2,5,6,6,3,1,65.0,48.0,40.0,70.0,75.0,80.0,90.0,68.0,40.0,60.0,2,1,1,2,2,1,2,2,2,1,2,1,1,1,1,2,2,1,1,1,1,1,2,2,1,1,2,2,1,1,1,1,2,2,1,2,1,1,2,2
681,2,4,4,5,4,4,5,4,4,3,70.0,,4.0,,3.0,3.0,3.0,,,,4.0,,,,2.0,,2.0,1.0,5.0,6.0,,,,,,,18.0,,1.0,,,,2.0,1.0,,,4.0,,,,,,,,,,,1.0,2.0,1.0,1.0,2.0,1.0,6,2,2,2,3,6,6,6,3,1,50.0,38.0,49.0,79.0,71.0,57.0,99.0,84.0,86.0,78.0,2,2,2,1,1,1,2,2,1,2,2,1,2,1,2,2,2,2,1,1,1,1,2,1,2,2,1,1,1,1,2,2,2,1,1,1,1,1,1,1
514,4,2,4,4,5,1,4,5,5,5,,75.0,1.0,,3.0,2.0,4.0,,,,7.0,,1.0,50.0,,,2.0,,,,1.0,5.0,5.0,,,,,0.0,,2.0,2.0,,,,1.0,,3.0,1.0,1.0,1.0,2.0,1.0,1.0,1.0,2.0,1.0,2.0,,,,,,,3,2,3,2,1,3,5,6,4,1,60.0,30.0,85.0,80.0,80.0,0.0,40.0,100.0,100.0,75.0,2,1,1,1,1,2,1,1,2,1,1,1,1,2,1,1,1,1,2,1,1,1,2,1,1,2,1,1,1,2,2,1,1,2,1,2,2,2,2,1
467,3,3,3,3,3,3,4,4,4,3,50.0,,,2.0,,,,4.0,5.0,3.0,3.0,,,,2.0,,2.0,,,,2.0,4.0,5.0,,,,,15.0,,2.0,3.0,,,,1.0,,6.0,,,,,,,,,,,1.0,2.0,1.0,1.0,1.0,2.0,4,2,2,3,3,5,5,5,3,1,60.0,50.0,50.0,75.0,75.0,25.0,80.0,80.0,50.0,50.0,2,2,2,2,2,1,2,2,2,2,2,2,2,2,1,2,1,1,2,1,2,2,2,2,2,2,2,1,2,1,2,2,1,2,2,2,2,2,2,2
733,4,3,4,3,5,4,4,4,3,4,80.0,,,1.0,4.0,4.0,3.0,,,,6.0,,1.0,20.0,,,1.0,,,,,,,1.0,5.0,6.0,20.0,,2.0,,,,2.0,1.0,,,4.0,,,,,,,,,,,1.0,1.0,2.0,1.0,1.0,2.0,7,2,6,4,2,5,5,5,3,1,71.0,52.0,67.0,81.0,82.0,58.0,91.0,90.0,70.0,61.0,1,1,1,2,1,2,2,1,1,1,1,1,1,1,2,1,2,1,1,2,2,1,1,1,1,1,2,1,2,2,1,2,1,1,2,1,1,1,1,1
640,4,4,4,2,4,2,4,4,2,4,,5.0,5.0,,3.0,4.0,3.0,,,,6.0,,,,1.0,1.0,,,,,,,,1.0,5.0,6.0,,10.0,,1.0,2.0,,,1.0,,,6.0,1.0,1.0,1.0,1.0,1.0,2.0,2.0,2.0,2.0,2.0,,,,,,,7,2,2,2,3,6,6,6,3,2,46.0,23.0,68.0,42.0,67.0,50.0,79.0,63.0,81.0,81.0,2,1,1,2,1,2,2,2,1,1,2,1,2,2,1,1,1,1,2,2,2,2,1,1,2,2,2,1,2,2,1,2,1,2,1,2,2,2,2,1
48,4,3,4,5,5,5,5,5,4,3,69.0,,,5.0,,,,3.0,4.0,3.0,,7.0,,,2.0,1.0,,,,,5.0,5.0,6.0,,,,,20.0,1.0,,,9.0,,,2.0,,4.0,,,,,,,,,,,1.0,1.0,2.0,1.0,1.0,2.0,6,2,3,3,5,7,7,7,4,1,30.0,30.0,20.0,70.0,80.0,60.0,70.0,85.0,40.0,70.0,1,1,1,1,1,2,1,2,1,2,1,2,2,2,2,2,2,2,2,2,2,1,2,2,2,2,2,2,2,2,1,2,2,2,2,2,2,2,1,1
339,4,4,3,5,4,4,3,3,2,4,70.0,,5.0,,,,,4.0,2.0,2.0,,6.0,,,2.0,,2.0,,,,1.0,5.0,3.0,,,,,10.0,,2.0,,4.0,,1.0,,,5.0,,,,,,,,,,,1.0,2.0,2.0,1.0,1.0,1.0,7,2,3,5,5,6,6,5,2,2,40.0,53.0,65.0,80.0,55.0,45.0,65.0,65.0,65.0,76.0,1,2,2,2,1,1,1,1,1,1,1,1,2,1,1,1,1,1,2,1,1,2,1,1,1,1,2,2,2,1,1,1,1,1,1,1,1,2,1,2
525,4,3,4,4,4,3,4,3,3,3,,30.0,4.0,,,,,3.0,3.0,3.0,,5.0,1.0,20.0,,,1.0,2.0,3.0,4.0,,,,,,,,20.0,,1.0,,,1.0,,2.0,4.0,,1.0,1.0,1.0,1.0,1.0,1.0,1.0,1.0,1.0,1.0,,,,,,,6,3,5,5,2,5,5,5,3,1,57.0,38.0,54.0,74.0,49.0,41.0,79.0,31.0,63.0,52.0,1,2,2,1,2,2,1,2,1,1,2,2,2,2,2,2,2,1,2,1,1,2,2,2,1,1,2,1,2,1,2,1,1,2,1,2,1,2,2,1
456,4,2,3,2,4,4,5,5,2,4,,30.0,5.0,,1.0,1.0,1.0,,,,,6.0,2.0,10.0,,,2.0,1.0,5.0,5.0,,,,,,,15.0,,,2.0,,,3.0,,2.0,6.0,,,,,,,,,,,,1.0,1.0,2.0,1.0,1.0,2.0,6,6,4,2,2,5,6,6,1,2,77.0,11.0,38.0,12.0,13.0,50.0,45.0,97.0,50.0,50.0,2,1,1,2,2,1,1,1,1,1,1,1,2,2,2,2,2,2,2,1,1,2,2,2,2,1,1,2,1,2,1,2,1,1,1,1,2,1,1,1
89,4,4,3,2,3,5,4,5,2,4,38.0,,2.0,,,,,3.0,4.0,2.0,,6.0,,,2.0,,1.0,2.0,2.0,1.0,,,,,,,,10.0,,1.0,,8.0,,,1.0,,4.0,1.0,1.0,1.0,2.0,1.0,2.0,1.0,1.0,2.0,1.0,,,,,,,6,2,3,3,3,6,6,6,3,2,60.0,77.0,42.0,61.0,88.0,89.0,82.0,97.0,12.0,100.0,1,2,2,2,1,2,2,1,2,2,2,2,1,2,2,2,1,1,2,2,2,2,2,2,1,1,2,2,2,2,1,2,2,2,2,2,1,2,2,2
497,2,3,4,5,4,2,4,4,4,3,,86.0,4.0,,4.0,5.0,3.0,,,,,6.0,1.0,45.0,,,2.0,,,,4.0,5.0,2.0,,,,,16.0,1.0,,,,4.0,,1.0,,2.0,,,,,,,,,,,1.0,1.0,1.0,1.0,1.0,1.0,7,5,6,7,2,3,2,5,2,2,40.0,73.0,93.0,90.0,83.0,48.0,74.0,81.0,24.0,79.0,1,2,1,2,2,1,1,1,1,1,2,1,2,2,1,2,2,1,1,1,1,2,1,1,1,2,1,1,1,1,1,1,1,1,1,1,1,1,1,1
702,1,2,1,5,5,5,1,1,3,5,96.0,,5.0,,,,,4.0,5.0,2.0,,7.0,1.0,50.0,,,2.0,5.0,4.0,6.0,,,,,,,,19.0,1.0,,1.0,,,,2.0,,3.0,,,,,,,,,,,2.0,1.0,1.0,1.0,1.0,2.0,6,2,6,6,5,5,5,5,4,2,1.0,10.0,1.0,100.0,100.0,82.0,2.0,1.0,38.0,95.0,1,1,1,2,2,2,2,2,1,1,2,1,1,2,2,2,1,1,2,2,2,2,2,2,2,2,2,2,2,1,2,2,1,1,2,2,1,2,2,1
671,1,1,1,1,5,3,5,5,5,5,1.0,,4.0,,1.0,3.0,4.0,,,,,3.0,,,2.0,1.0,,,,,,,,1.0,1.0,1.0,,20.0,2.0,,,,1.0,2.0,,1.0,,,,,,,,,,,,2.0,2.0,2.0,2.0,2.0,2.0,5,2,4,3,5,6,7,7,1,1,20.0,2.0,2.0,40.0,75.0,65.0,95.0,99.0,85.0,70.0,2,1,1,2,2,2,1,2,2,2,2,2,1,1,2,1,1,1,2,2,1,1,2,2,1,2,1,1,2,2,1,1,1,2,2,2,2,2,2,2
919,2,3,2,3,2,4,4,4,3,3,80.0,,3.0,,2.0,4.0,5.0,,,,6.0,,,,2.0,1.0,,,,,,,,3.0,5.0,6.0,,5.0,1.0,,,,2.0,1.0,,,5.0,1.0,1.0,1.0,1.0,1.0,1.0,1.0,1.0,1.0,1.0,,,,,,,7,1,7,7,2,7,5,5,3,1,35.0,18.0,30.0,36.0,41.0,48.0,67.0,77.0,60.0,57.0,2,2,1,2,1,1,2,2,2,1,1,2,2,1,1,1,2,1,2,1,1,2,1,2,2,2,1,1,2,2,1,2,2,2,1,2,2,2,1,1
777,5,5,5,5,5,5,5,5,1,5,,60.0,4.0,,,,,3.0,3.0,3.0,7.0,,2.0,7.0,,1.0,,1.0,5.0,5.0,,,,,,,,10.0,2.0,,,,2.0,2.0,,,5.0,1.0,1.0,1.0,1.0,1.0,1.0,1.0,2.0,2.0,2.0,,,,,,,7,1,6,6,5,7,7,7,4,1,91.0,44.0,77.0,84.0,71.0,53.0,79.0,98.0,30.0,100.0,2,1,2,1,1,1,2,2,2,1,2,2,1,2,2,2,2,2,2,2,2,1,1,2,2,1,2,2,1,2,2,2,2,1,2,1,1,2,2,2
604,4,2,3,3,4,3,4,2,4,2,,30.0,5.0,,,,,4.0,4.0,2.0,2.0,,,,1.0,,1.0,4.0,3.0,4.0,,,,,,,,10.0,,2.0,1.0,,,,2.0,,4.0,1.0,1.0,1.0,1.0,1.0,1.0,1.0,1.0,1.0,1.0,,,,,,,5,5,5,5,2,5,5,5,4,1,40.0,50.0,40.0,60.0,75.0,60.0,60.0,40.0,40.0,30.0,2,2,2,1,2,2,1,1,1,1,2,1,2,2,2,2,2,2,2,2,2,2,2,2,2,1,2,2,2,2,1,1,2,2,1,2,1,1,1,2
591,2,3,4,4,4,5,2,5,2,3,70.0,,3.0,,,,,2.0,4.0,2.0,,2.0,2.0,2.0,,,2.0,,,,5.0,2.0,2.0,,,,10.0,,,1.0,1.0,,,,2.0,,4.0,,,,,,,,,,,1.0,1.0,2.0,1.0,2.0,1.0,5,1,4,3,1,5,6,4,3,1,52.0,20.0,75.0,60.0,40.0,65.0,55.0,69.0,70.0,26.0,2,2,1,2,2,2,2,2,2,2,1,2,2,1,2,2,2,1,2,1,2,2,1,2,2,2,2,2,2,2,2,2,2,2,1,2,2,2,2,2
9,4,4,3,5,5,4,5,5,4,2,,30.0,2.0,,3.0,3.0,3.0,,,,5.0,,1.0,25.0,,1.0,,,,,2.0,5.0,5.0,,,,,10.0,,1.0,4.0,,,,2.0,3.0,,1.0,1.0,1.0,1.0,1.0,1.0,1.0,1.0,1.0,1.0,,,,,,,7,2,6,7,4,6,5,5,2,1,40.0,30.0,30.0,55.0,76.0,37.0,80.0,58.0,60.0,41.0,2,1,2,2,2,2,1,1,1,1,1,1,2,2,2,1,1,1,1,2,2,2,1,1,1,1,2,1,2,2,2,2,2,2,2,1,2,1,2,1
550,2,4,4,5,4,4,5,4,4,4,,30.0,5.0,,2.0,1.0,3.0,,,,5.0,,1.0,50.0,,1.0,,4.0,4.0,3.0,,,,,,,,0.0,1.0,,,9.0,,,2.0,4.0,,1.0,1.0,1.0,1.0,1.0,1.0,1.0,1.0,1.0,1.0,,,,,,,6,2,5,2,4,3,5,6,2,2,48.0,53.0,69.0,69.0,68.0,48.0,78.0,87.0,57.0,69.0,2,2,1,2,2,2,2,2,1,2,1,2,2,2,2,2,2,2,2,2,2,2,2,2,1,2,1,1,2,2,2,2,2,2,2,2,2,2,2,2
423,3,3,3,3,3,3,3,3,3,3,50.0,,5.0,,2.0,2.0,5.0,,,,4.0,,,,2.0,,2.0,3.0,3.0,4.0,,,,,,,2.0,,2.0,,,,3.0,,2.0,,5.0,,,,,,,,,,,1.0,1.0,1.0,1.0,2.0,2.0,4,4,4,4,4,4,4,4,4,2,50.0,50.0,50.0,50.0,50.0,50.0,50.0,50.0,50.0,50.0,1,1,1,1,2,2,1,1,2,1,1,2,1,1,2,1,1,2,1,1,2,1,2,2,1,1,2,1,2,1,1,1,2,1,2,1,1,1,2,1
387,3,3,3,5,4,2,4,5,5,4,,3.0,,4.0,2.0,3.0,3.0,,,,,6.0,1.0,40.0,,,2.0,1.0,3.0,4.0,,,,,,,20.0,,,2.0,,8.0,,1.0,,,4.0,1.0,1.0,1.0,2.0,1.0,1.0,2.0,1.0,2.0,1.0,,,,,,,5,4,4,2,5,4,4,6,2,1,15.0,5.0,5.0,25.0,30.0,5.0,50.0,80.0,90.0,60.0,2,2,1,2,2,2,2,1,2,1,2,2,2,2,2,2,2,1,1,2,2,2,2,2,2,2,2,2,2,2,2,2,2,2,1,1,2,1,2,1
161,4,3,2,4,4,4,4,5,5,5,85.0,,,2.0,2.0,4.0,4.0,,,,,5.0,,,2.0,,2.0,2.0,4.0,4.0,,,,,,,,10.0,1.0,,4.0,,,2.0,,5.0,,,,,,,,,,,,1.0,1.0,2.0,1.0,1.0,2.0,5,2,5,5,3,5,5,6,3,1,34.0,19.0,29.0,53.0,54.0,29.0,72.0,97.0,72.0,65.0,2,1,2,1,2,2,2,2,2,1,1,2,1,2,1,2,2,2,2,2,2,2,1,2,1,1,1,2,1,1,1,2,2,2,2,2,2,1,2,1
860,5,5,5,5,5,3,5,5,5,5,29.0,,,2.0,,,,3.0,3.0,3.0,,6.0,1.0,15.0,,1.0,,,,,1.0,5.0,6.0,,,,,10.0,,2.0,,,1.0,,2.0,,5.0,1.0,1.0,1.0,1.0,1.0,1.0,1.0,1.0,1.0,1.0,,,,,,,6,1,4,4,3,6,5,5,1,2,100.0,100.0,100.0,100.0,100.0,56.0,57.0,100.0,100.0,100.0,2,1,2,2,2,2,2,2,2,2,2,2,2,2,2,2,2,2,2,1,2,2,2,2,2,2,2,2,2,2,2,1,2,2,2,2,2,2,2,2
913,4,4,5,5,4,4,5,4,3,2,70.0,,5.0,,,,,3.0,3.0,3.0,,6.0,,,2.0,1.0,,1.0,2.0,3.0,,,,,,,,20.0,1.0,,,9.0,,1.0,,4.0,,,,,,,,,,,,1.0,1.0,1.0,1.0,2.0,2.0,5,2,6,3,5,6,6,6,4,1,60.0,50.0,40.0,60.0,43.0,45.0,75.0,61.0,50.0,35.0,1,2,2,2,1,1,2,2,2,2,2,2,2,2,2,2,2,2,2,1,1,1,2,2,2,1,2,2,2,2,2,2,2,1,2,1,2,1,2,1
429,4,5,5,5,4,5,5,5,2,3,77.0,,2.0,,,,,2.0,3.0,1.0,6.0,,,,2.0,,2.0,1.0,4.0,5.0,,,,,,,15.0,,,2.0,3.0,,,1.0,,6.0,,,,,,,,,,,,1.0,1.0,1.0,1.0,1.0,1.0,7,2,4,5,3,6,6,6,3,1,58.0,54.0,45.0,49.0,51.0,44.0,60.0,77.0,59.0,48.0,2,2,2,2,1,2,1,1,2,2,2,2,2,1,1,2,2,1,2,2,2,2,2,2,2,2,2,2,2,2,1,1,2,1,2,2,2,2,2,2
346,5,5,5,5,5,1,1,1,5,5,,30.0,3.0,,3.0,1.0,6.0,,,,7.0,,1.0,40.0,,1.0,,1.0,5.0,6.0,,,,,,,15.0,,,2.0,2.0,,,,2.0,,6.0,,,,,,,,,,,1.0,1.0,2.0,1.0,1.0,2.0,7,1,1,1,1,2,7,6,1,1,70.0,60.0,55.0,90.0,85.0,20.0,85.0,50.0,70.0,80.0,2,1,2,2,1,1,2,2,1,2,2,1,1,2,1,1,1,2,1,1,2,1,2,2,1,1,1,1,2,1,1,1,2,1,2,1,2,2,1,2
235,5,4,5,5,4,4,4,5,4,4,70.0,,,3.0,,,,5.0,5.0,3.0,,7.0,,,2.0,1.0,,,,,,,,4.0,5.0,6.0,17.0,,,2.0,,10.0,,,2.0,,2.0,,,,,,,,,,,1.0,2.0,1.0,1.0,2.0,1.0,7,4,6,5,5,7,5,5,3,2,60.0,39.0,50.0,34.0,45.0,36.0,49.0,50.0,35.0,47.0,2,1,2,2,1,1,1,1,1,2,2,2,1,1,2,2,2,1,2,2,1,2,2,1,2,1,2,2,1,1,2,2,2,1,2,2,2,1,2,2
3,4,2,4,4,4,5,3,5,4,4,55.0,,,2.0,5.0,4.0,3.0,,,,,5.0,1.0,22.0,,1.0,,,,,5.0,4.0,6.0,,,,20.0,,1.0,,,10.0,,,2.0,,3.0,,,,,,,,,,,1.0,1.0,2.0,1.0,1.0,2.0,3,2,5,5,2,6,6,5,3,1,40.0,20.0,40.0,85.0,85.0,60.0,25.0,100.0,60.0,60.0,1,2,2,2,1,1,1,2,2,1,1,2,2,1,1,1,1,2,1,2,2,2,2,2,2,1,2,2,1,2,2,2,2,2,2,2,2,2,1,1
37,4,5,5,5,4,5,5,5,1,3,,30.0,3.0,,,,,3.0,3.0,3.0,,5.0,1.0,33.0,,1.0,,1.0,5.0,6.0,,,,,,,20.0,,,2.0,,9.0,,2.0,,,4.0,1.0,1.0,1.0,1.0,1.0,1.0,1.0,1.0,1.0,1.0,,,,,,,6,3,6,5,3,5,5,5,3,1,65.0,65.0,70.0,65.0,75.0,60.0,75.0,90.0,35.0,50.0,1,2,2,2,2,2,2,1,2,2,1,1,2,2,1,1,1,1,1,2,1,2,2,1,2,2,1,2,2,2,1,2,2,1,2,2,2,1,2,2
333,5,3,5,4,4,5,3,4,4,4,69.0,,3.0,,,,,4.0,2.0,3.0,5.0,,,,1.0,,1.0,4.0,4.0,2.0,,,,,,,15.0,,,1.0,,,2.0,2.0,,,4.0,,,,,,,,,,,1.0,1.0,1.0,1.0,2.0,2.0,7,1,7,7,5,7,6,6,3,1,92.0,68.0,78.0,84.0,81.0,75.0,80.0,78.0,82.0,80.0,1,1,2,2,1,1,1,2,2,2,2,1,2,2,2,1,2,1,1,1,1,1,1,1,1,1,1,1,1,1,1,1,2,1,2,1,1,2,1,1
240,4,4,4,4,4,4,4,4,4,4,,20.0,2.0,,,,,4.0,3.0,2.0,,6.0,,,2.0,1.0,,,,,,,,2.0,2.0,5.0,,5.0,2.0,,,5.0,,2.0,,,2.0,1.0,1.0,1.0,1.0,1.0,1.0,1.0,1.0,1.0,1.0,,,,,,,6,3,5,5,2,6,5,5,2,1,60.0,51.0,64.0,59.0,67.0,54.0,70.0,71.0,25.0,69.0,1,2,2,2,1,1,1,1,2,2,1,1,2,1,2,2,2,2,2,2,1,1,2,1,2,1,2,2,2,2,1,2,1,2,2,1,1,2,2,2
42,2,4,4,5,4,5,5,2,2,1,,80.0,,3.0,,,,2.0,4.0,2.0,5.0,,2.0,6.0,,1.0,,4.0,4.0,5.0,,,,,,,4.0,,1.0,,5.0,,,,2.0,3.0,,,,,,,,,,,,1.0,1.0,1.0,1.0,1.0,1.0,5,3,6,6,2,5,6,6,2,1,15.0,35.0,40.0,42.0,48.0,48.0,85.0,85.0,52.0,40.0,1,1,2,1,2,2,1,2,1,2,2,1,2,2,2,1,2,2,2,2,2,1,2,2,1,2,1,2,2,2,2,2,2,2,2,2,2,1,2,2
114,4,4,5,5,5,5,5,5,2,2,,50.0,2.0,,4.0,4.0,3.0,,,,,5.0,1.0,30.0,,1.0,,1.0,4.0,5.0,,,,,,,,20.0,,2.0,,10.0,,,2.0,6.0,,,,,,,,,,,,1.0,1.0,2.0,1.0,1.0,2.0,7,4,4,2,2,5,5,6,4,1,40.0,30.0,30.0,35.0,40.0,35.0,60.0,60.0,30.0,30.0,2,2,2,1,2,2,2,1,1,2,2,1,1,2,1,1,2,2,2,2,1,1,2,2,2,1,2,2,2,2,2,2,1,1,2,2,2,2,2,1
708,5,5,4,5,5,1,4,5,5,5,60.0,,2.0,,,,,3.0,4.0,2.0,,7.0,2.0,50.0,,,2.0,3.0,4.0,6.0,,,,,,,20.0,,,1.0,,,2.0,,1.0,6.0,,1.0,1.0,1.0,2.0,1.0,1.0,1.0,1.0,2.0,1.0,,,,,,,7,3,3,5,1,6,7,7,3,2,38.0,89.0,55.0,85.0,71.0,25.0,65.0,77.0,90.0,98.0,1,2,2,2,2,1,1,2,2,1,1,2,2,2,2,1,2,2,2,2,2,2,2,1,2,1,2,2,2,1,2,1,2,1,2,1,1,2,2,2
281,3,4,3,4,4,2,4,3,4,4,,42.0,4.0,,,,,4.0,4.0,2.0,4.0,,2.0,3.0,,,1.0,,,,,,,3.0,5.0,4.0,12.0,,,2.0,3.0,,,1.0,,,5.0,,,,,,,,,,,1.0,1.0,1.0,2.0,2.0,1.0,6,1,3,3,2,6,5,5,3,2,39.0,54.0,39.0,29.0,25.0,34.0,65.0,67.0,74.0,81.0,1,2,1,1,1,2,1,1,1,2,1,1,1,1,2,2,2,1,1,2,2,2,2,1,1,2,1,2,1,2,1,2,2,2,1,2,1,1,2,1
815,4,3,5,4,4,5,4,5,1,3,91.0,,,3.0,3.0,3.0,3.0,,,,,6.0,,,1.0,,1.0,,,,,,,3.0,5.0,5.0,20.0,,,2.0,,2.0,,,1.0,4.0,,1.0,1.0,1.0,1.0,1.0,1.0,1.0,1.0,1.0,1.0,,,,,,,6,2,2,2,4,5,6,7,3,2,80.0,50.0,50.0,80.0,80.0,80.0,75.0,90.0,15.0,65.0,2,1,2,2,2,1,2,1,2,1,1,1,2,1,2,1,1,2,2,1,1,1,1,2,2,2,1,1,1,2,2,1,2,2,1,1,1,1,1,1
966,4,3,3,4,5,4,3,4,5,4,,30.0,,2.0,2.0,2.0,1.0,,,,,3.0,,,2.0,1.0,,,,,,,,2.0,4.0,4.0,20.0,,1.0,,5.0,,,2.0,,,2.0,2.0,2.0,2.0,2.0,2.0,2.0,2.0,2.0,2.0,2.0,,,,,,,5,4,3,5,2,3,5,5,1,2,50.0,41.0,62.0,60.0,50.0,60.0,48.0,53.0,70.0,67.0,1,1,2,2,1,1,1,2,2,2,2,1,1,2,1,1,1,1,1,1,2,1,1,2,1,1,1,1,2,2,1,2,2,1,2,2,1,2,1,1
83,4,4,5,4,5,1,5,5,5,5,,75.0,,2.0,4.0,5.0,2.0,,,,5.0,,,,2.0,,2.0,,,,,,,1.0,5.0,5.0,20.0,,2.0,,,7.0,,1.0,,6.0,,,,,,,,,,,,1.0,1.0,1.0,2.0,1.0,2.0,6,2,6,6,3,5,5,5,2,1,50.0,65.0,80.0,75.0,80.0,45.0,100.0,100.0,55.0,80.0,1,2,2,2,2,2,1,1,2,2,2,2,1,2,1,2,2,2,1,2,2,2,2,2,2,1,1,2,2,2,2,1,1,2,2,2,2,1,2,1
1000,1,3,1,5,1,3,5,3,3,1,,50.0,,6.0,,,,4.0,4.0,4.0,,7.0,1.0,22.0,,1.0,,,,,4.0,3.0,1.0,,,,,0.0,,2.0,1.0,,,,2.0,,1.0,,,,,,,,,,,1.0,1.0,1.0,1.0,1.0,1.0,7,1,7,2,3,6,6,6,1,1,2.0,2.0,2.0,100.0,10.0,33.0,100.0,22.0,46.0,27.0,2,2,2,2,2,2,2,1,2,1,1,2,1,2,2,2,2,2,1,2,2,2,2,2,2,2,2,2,2,2,2,1,2,1,1,2,2,2,2,2
573,4,4,4,4,4,4,4,4,3,2,70.0,,4.0,,3.0,3.0,3.0,,,,,5.0,1.0,54.0,,,2.0,2.0,3.0,5.0,,,,,,,,0.0,,2.0,,,1.0,1.0,,,4.0,1.0,1.0,1.0,1.0,1.0,1.0,1.0,1.0,1.0,1.0,,,,,,,6,4,3,3,2,4,5,5,2,1,66.0,64.0,63.0,64.0,66.0,44.0,64.0,71.0,53.0,17.0,2,2,2,2,2,2,2,1,2,2,2,2,2,1,1,1,2,1,2,2,2,2,1,2,2,2,2,2,2,2,1,1,2,2,2,2,2,1,2,2
400,5,5,5,5,5,5,5,5,2,3,,80.0,,3.0,,,,3.0,3.0,2.0,6.0,,1.0,40.0,,,2.0,,,,4.0,5.0,6.0,,,,,15.0,,2.0,10.0,,,,1.0,4.0,,1.0,1.0,1.0,1.0,1.0,1.0,1.0,1.0,1.0,1.0,,,,,,,7,2,3,3,2,5,5,5,4,1,60.0,30.0,60.0,60.0,30.0,40.0,40.0,90.0,50.0,30.0,2,2,2,2,2,2,2,2,1,2,2,2,2,2,2,2,2,1,2,2,2,2,2,2,2,2,2,2,2,2,2,2,2,2,2,2,1,1,2,2
189,4,2,4,5,4,5,4,5,4,2,40.0,,,3.0,3.0,2.0,4.0,,,,6.0,,2.0,0.0,,2.0,,3.0,2.0,4.0,,,,,,,,5.0,,1.0,2.0,,,1.0,,,5.0,1.0,1.0,1.0,1.0,2.0,2.0,1.0,1.0,1.0,1.0,,,,,,,5,2,6,5,2,4,5,5,2,2,40.0,30.0,40.0,70.0,40.0,80.0,70.0,50.0,87.0,30.0,2,1,2,2,1,1,2,1,1,2,2,2,2,2,2,2,2,1,1,2,2,2,2,2,1,2,2,1,1,2,1,2,2,1,1,2,2,1,2,1
795,1,5,3,5,4,5,5,5,1,3,20.0,,,2.0,,,,3.0,3.0,3.0,5.0,,,,2.0,1.0,,3.0,5.0,5.0,,,,,,,10.0,,,1.0,,,1.0,,1.0,,5.0,,,,,,,,,,,1.0,1.0,1.0,1.0,2.0,2.0,6,1,1,1,4,7,7,7,3,2,14.0,24.0,5.0,37.0,13.0,40.0,31.0,52.0,41.0,17.0,2,2,1,2,2,2,2,2,1,1,2,2,2,2,2,2,1,1,2,1,2,2,1,1,2,2,1,1,2,1,1,2,2,1,2,2,1,2,2,2
888,4,3,5,5,5,5,5,5,1,3,70.0,,4.0,,3.0,4.0,3.0,,,,,6.0,,,2.0,1.0,,,,,1.0,5.0,6.0,,,,10.0,,,2.0,2.0,,,1.0,,3.0,,1.0,1.0,2.0,1.0,1.0,2.0,1.0,1.0,2.0,1.0,,,,,,,6,2,4,4,4,5,6,7,3,2,60.0,60.0,70.0,75.0,75.0,66.0,66.0,66.0,33.0,50.0,2,1,2,2,2,1,1,2,2,2,2,2,1,2,2,2,1,1,1,1,1,1,1,1,2,2,1,2,2,1,2,2,2,2,1,2,1,1,1,2
754,4,4,5,5,4,5,5,5,1,4,,95.0,3.0,,,,,4.0,3.0,1.0,3.0,,,,2.0,,1.0,,,,1.0,5.0,4.0,,,,20.0,,,2.0,3.0,,,,1.0,4.0,,1.0,1.0,2.0,1.0,1.0,2.0,1.0,1.0,2.0,1.0,,,,,,,7,1,4,3,1,6,6,6,3,1,55.0,40.0,48.0,70.0,75.0,65.0,85.0,75.0,60.0,65.0,2,1,2,2,2,2,1,2,2,2,2,1,1,2,2,2,2,2,2,2,2,2,2,2,2,2,2,2,2,1,2,2,1,2,2,2,2,1,1,2
627,1,1,1,1,1,1,1,1,5,3,,90.0,,1.0,3.0,4.0,2.0,,,,,5.0,,,2.0,,2.0,2.0,1.0,1.0,,,,,,,,20.0,,2.0,,,2.0,,2.0,,1.0,,,,,,,,,,,1.0,1.0,1.0,1.0,2.0,2.0,2,1,6,5,2,5,5,5,1,1,9.0,4.0,3.0,8.0,10.0,21.0,17.0,16.0,78.0,60.0,2,2,1,2,2,2,2,1,2,2,2,2,2,2,2,2,2,2,2,2,2,2,2,2,2,2,2,1,2,1,1,2,2,2,2,2,2,2,2,1
148,1,2,1,2,4,3,3,1,5,4,90.0,,2.0,,,,,3.0,5.0,1.0,,7.0,1.0,30.0,,,1.0,1.0,2.0,2.0,,,,,,,15.0,,1.0,,,9.0,,2.0,,3.0,,,,,,,,,,,,1.0,1.0,1.0,1.0,1.0,1.0,6,2,6,4,2,6,6,6,1,1,40.0,50.0,30.0,50.0,30.0,30.0,50.0,30.0,52.0,40.0,2,2,2,1,2,1,2,2,1,2,2,1,1,1,2,2,1,2,1,2,1,1,1,1,2,1,2,1,2,2,2,2,2,2,2,2,2,2,2,2
849,4,4,4,5,5,4,5,4,3,4,70.0,,4.0,,3.0,3.0,2.0,,,,6.0,,1.0,35.0,,1.0,,,,,5.0,5.0,6.0,,,,0.0,,,2.0,,,3.0,,2.0,,4.0,1.0,1.0,1.0,1.0,1.0,1.0,1.0,1.0,1.0,1.0,,,,,,,5,4,3,3,3,4,5,5,4,2,37.0,34.0,28.0,58.0,53.0,45.0,70.0,51.0,22.0,53.0,2,1,2,2,2,2,2,2,1,2,2,2,2,2,2,1,2,1,2,1,2,1,2,1,2,2,1,1,2,2,2,2,2,2,1,2,2,1,2,2
721,5,5,5,5,5,5,5,5,1,3,,100.0,,2.0,,,,2.0,2.0,2.0,,6.0,,,2.0,,1.0,,,,,,,4.0,4.0,3.0,,20.0,1.0,,2.0,,,1.0,,6.0,,,,,,,,,,,,1.0,1.0,1.0,1.0,2.0,2.0,7,3,3,2,2,5,5,5,1,1,55.0,50.0,80.0,74.0,50.0,51.0,88.0,77.0,51.0,51.0,2,2,2,2,2,2,2,2,2,1,2,2,2,2,1,2,2,1,1,1,2,2,2,2,2,1,2,2,2,1,1,1,2,2,2,1,2,1,2,2
652,5,4,4,4,5,5,5,5,2,4,70.0,,5.0,,4.0,3.0,2.0,,,,6.0,,1.0,20.0,,,2.0,,,,2.0,4.0,4.0,,,,,8.0,1.0,,,4.0,,,2.0,,4.0,1.0,1.0,1.0,2.0,2.0,2.0,1.0,1.0,2.0,2.0,,,,,,,6,2,4,2,1,6,5,5,3,1,65.0,37.0,43.0,51.0,60.0,68.0,74.0,51.0,42.0,51.0,2,1,2,2,2,1,2,1,2,2,2,2,1,2,2,2,2,2,1,1,2,1,2,2,2,1,1,2,2,1,1,2,2,2,2,2,1,2,1,2
269,3,5,5,5,5,5,5,5,1,5,90.0,,1.0,,6.0,1.0,1.0,,,,7.0,,2.0,3.0,,1.0,,5.0,4.0,1.0,,,,,,,,15.0,1.0,,,4.0,,1.0,,5.0,,,,,,,,,,,,1.0,1.0,1.0,1.0,2.0,2.0,7,1,5,6,1,7,7,6,1,2,0.0,100.0,100.0,90.0,65.0,50.0,100.0,90.0,20.0,95.0,2,2,1,1,2,2,1,1,1,1,2,1,1,2,2,2,1,2,1,2,2,2,2,1,2,2,2,1,1,1,2,1,1,2,2,1,1,1,2,1
693,4,4,5,5,5,5,5,5,1,3,70.0,,,2.0,3.0,4.0,2.0,,,,,5.0,1.0,35.0,,1.0,,2.0,4.0,5.0,,,,,,,,5.0,1.0,,2.0,,,,2.0,6.0,,,,,,,,,,,,2.0,2.0,2.0,1.0,2.0,1.0,7,1,4,2,3,6,6,6,2,2,35.0,35.0,49.0,54.0,63.0,50.0,76.0,66.0,37.0,51.0,2,2,1,2,2,2,2,2,2,2,2,1,2,2,2,2,1,1,2,2,2,1,2,2,1,2,1,2,2,2,2,2,2,2,2,2,2,2,1,2
506,1,3,3,1,3,1,2,1,5,4,100.0,,,1.0,,,,6.0,3.0,2.0,,7.0,,,2.0,,2.0,,,,2.0,1.0,1.0,,,,,15.0,,2.0,,,1.0,1.0,,,1.0,,,,,,,,,,,1.0,1.0,1.0,1.0,2.0,2.0,7,5,3,3,2,3,5,5,3,2,20.0,40.0,30.0,20.0,30.0,20.0,21.0,11.0,83.0,50.0,1,2,1,2,2,1,1,1,2,2,2,2,1,2,2,1,1,1,2,2,2,1,1,2,2,1,1,2,1,2,2,2,1,1,1,1,1,2,2,1
475,5,4,5,5,3,4,5,5,2,3,,30.0,,3.0,,,,3.0,2.0,3.0,,5.0,,,2.0,,2.0,2.0,2.0,2.0,,,,,,,,18.0,1.0,,2.0,,,,2.0,,5.0,,,,,,,,,,,1.0,1.0,1.0,1.0,1.0,1.0,6,2,3,5,2,6,6,4,3,1,40.0,21.0,55.0,42.0,32.0,28.0,57.0,61.0,57.0,40.0,2,2,2,2,2,1,1,2,2,2,2,2,2,2,1,2,1,2,2,1,1,2,2,2,2,2,2,1,1,1,1,2,1,2,1,1,2,1,2,2
836,5,4,5,5,5,5,5,4,2,5,,85.0,,4.0,5.0,5.0,3.0,,,,3.0,,1.0,23.0,,,2.0,,,,,,,2.0,5.0,6.0,,5.0,1.0,,,,1.0,1.0,,,5.0,1.0,1.0,2.0,1.0,1.0,1.0,1.0,1.0,1.0,2.0,,,,,,,7,2,3,3,5,6,5,5,3,1,45.0,55.0,50.0,45.0,55.0,60.0,85.0,75.0,50.0,30.0,2,1,2,2,2,2,2,1,2,2,2,2,2,2,2,2,2,2,2,2,2,1,2,1,2,2,2,2,2,2,1,2,1,1,2,2,2,2,2,2
945,3,5,5,5,5,5,5,5,1,3,,30.0,,2.0,,,,1.0,1.0,1.0,,7.0,1.0,18.0,,1.0,,,,,1.0,5.0,6.0,,,,15.0,,1.0,,,4.0,,,2.0,,6.0,1.0,1.0,1.0,1.0,1.0,1.0,1.0,1.0,1.0,1.0,,,,,,,6,4,4,4,2,3,4,4,4,2,20.0,14.0,9.0,31.0,38.0,24.0,26.0,73.0,42.0,19.0,2,2,2,2,1,1,2,2,2,2,2,2,2,2,1,2,2,2,2,2,2,2,2,2,1,2,1,2,1,2,2,2,2,2,2,2,2,1,2,2
137,5,5,5,5,4,5,5,5,2,1,70.0,,3.0,,5.0,6.0,3.0,,,,,6.0,1.0,50.0,,,2.0,1.0,5.0,5.0,,,,,,,20.0,,1.0,,,,2.0,,2.0,6.0,,1.0,1.0,1.0,1.0,1.0,1.0,1.0,1.0,1.0,1.0,,,,,,,7,5,3,3,2,5,7,7,3,1,60.0,20.0,60.0,65.0,70.0,60.0,70.0,70.0,45.0,5.0,1,2,2,2,1,1,1,2,1,1,1,2,1,1,2,2,1,2,1,2,2,2,2,1,2,1,1,2,1,1,1,1,1,2,2,1,2,1,1,1
658,3,3,3,4,4,5,5,5,2,3,,70.0,,4.0,3.0,2.0,5.0,,,,,6.0,,,2.0,1.0,,3.0,5.0,6.0,,,,,,,15.0,,1.0,,,,3.0,1.0,,5.0,,1.0,1.0,1.0,1.0,1.0,1.0,1.0,2.0,2.0,2.0,,,,,,,5,5,5,5,5,5,4,5,1,1,50.0,40.0,40.0,55.0,55.0,60.0,50.0,70.0,30.0,50.0,2,2,2,2,2,1,2,2,2,2,2,2,2,2,1,2,1,2,1,1,1,2,2,2,1,1,2,2,2,1,2,1,2,2,2,2,2,1,2,1
984,5,5,5,5,5,5,5,5,1,5,90.0,,6.0,,,,,6.0,6.0,2.0,,6.0,,,2.0,1.0,,,,,5.0,5.0,6.0,,,,,5.0,,2.0,3.0,,,,1.0,,6.0,1.0,1.0,1.0,1.0,1.0,1.0,1.0,1.0,1.0,1.0,,,,,,,7,2,2,3,2,5,7,6,4,1,55.0,25.0,15.0,65.0,70.0,60.0,65.0,75.0,75.0,65.0,2,2,1,1,2,1,1,1,2,2,2,2,2,2,2,2,1,1,2,1,1,2,2,2,2,1,2,2,1,1,1,2,2,2,2,2,2,2,2,2
61,2,3,4,4,4,1,5,4,5,3,,70.0,,2.0,,,,1.0,3.0,3.0,6.0,,1.0,30.0,,1.0,,,,,,,,4.0,5.0,4.0,,20.0,,1.0,,,2.0,1.0,,,4.0,1.0,1.0,1.0,1.0,1.0,1.0,1.0,1.0,1.0,1.0,,,,,,,6,1,2,2,2,5,6,6,1,2,30.0,55.0,45.0,45.0,55.0,20.0,78.0,75.0,70.0,60.0,1,2,2,2,2,1,2,1,2,2,2,2,1,1,1,1,2,2,1,2,2,2,1,1,2,2,1,1,2,1,2,1,2,1,1,1,2,2,1,1
310,4,4,5,2,5,5,5,5,3,3,,60.0,4.0,,3.0,4.0,5.0,,,,6.0,,,,2.0,1.0,,,,,1.0,2.0,3.0,,,,,5.0,1.0,,,,3.0,2.0,,,5.0,1.0,1.0,1.0,2.0,1.0,1.0,1.0,1.0,1.0,1.0,,,,,,,5,1,6,5,2,6,6,6,2,1,32.0,28.0,68.0,17.0,77.0,56.0,83.0,78.0,58.0,61.0,2,2,1,2,1,2,2,2,2,2,2,1,1,2,1,1,2,2,2,2,2,1,2,1,2,2,2,2,2,2,2,2,2,1,2,2,2,2,2,2
699,5,5,5,4,3,5,5,5,3,5,,50.0,4.0,,,,,5.0,5.0,5.0,4.0,,,,2.0,,2.0,3.0,5.0,4.0,,,,,,,10.0,,1.0,,,,2.0,1.0,,,4.0,,,,,,,,,,,1.0,1.0,2.0,2.0,1.0,2.0,6,2,4,5,6,6,6,6,3,1,40.0,34.0,40.0,81.0,39.0,26.0,77.0,61.0,60.0,45.0,2,2,2,2,1,2,1,2,1,1,1,1,1,1,1,2,2,1,1,2,2,2,2,2,2,2,2,2,2,1,2,2,1,2,2,2,1,2,2,2
263,5,5,5,5,4,5,5,4,4,5,74.0,,6.0,,1.0,1.0,1.0,,,,,6.0,,,1.0,1.0,,,,,5.0,5.0,5.0,,,,10.0,,1.0,,,3.0,,,1.0,6.0,,2.0,1.0,2.0,1.0,1.0,2.0,1.0,2.0,1.0,2.0,,,,,,,7,1,1,1,1,5,7,7,4,2,48.0,60.0,38.0,28.0,33.0,49.0,21.0,28.0,25.0,43.0,1,1,1,1,1,1,1,1,1,1,2,2,1,2,1,2,1,1,2,1,1,1,2,1,1,1,2,1,1,1,1,2,2,1,1,2,2,2,1,2
882,5,5,5,5,4,5,5,5,2,1,70.0,,,3.0,5.0,3.0,2.0,,,,,7.0,1.0,32.0,,,2.0,4.0,5.0,2.0,,,,,,,,0.0,,1.0,,,2.0,,1.0,1.0,,1.0,1.0,1.0,1.0,1.0,1.0,1.0,1.0,1.0,1.0,,,,,,,6,1,5,6,1,7,7,7,1,1,50.0,30.0,30.0,25.0,5.0,30.0,50.0,95.0,60.0,40.0,2,2,1,2,2,1,1,2,1,2,2,2,1,2,1,2,1,2,2,2,2,1,1,1,1,2,1,1,1,1,2,1,1,2,2,1,1,1,1,2
14,5,3,5,5,3,5,5,5,1,1,70.0,,3.0,,,,,1.0,4.0,1.0,,6.0,,,2.0,1.0,,1.0,5.0,6.0,,,,,,,20.0,,,1.0,3.0,,,1.0,,,6.0,1.0,1.0,1.0,1.0,1.0,1.0,1.0,1.0,1.0,1.0,,,,,,,5,1,4,6,3,6,6,1,3,1,75.0,50.0,62.0,80.0,35.0,62.0,83.0,75.0,51.0,0.0,2,2,2,2,2,2,2,2,2,1,2,2,2,2,2,2,2,1,2,2,2,1,2,2,2,2,2,2,2,2,2,2,2,2,1,2,2,2,1,1
183,2,3,2,2,4,3,1,4,4,4,,80.0,,3.0,,,,3.0,4.0,2.0,,5.0,1.0,21.0,,,2.0,,,,1.0,4.0,6.0,,,,,12.0,,2.0,,5.0,,,2.0,,5.0,,,,,,,,,,,1.0,1.0,1.0,1.0,1.0,1.0,5,2,4,3,3,6,5,5,3,1,40.0,34.0,52.0,43.0,68.0,55.0,31.0,72.0,56.0,58.0,2,1,2,1,2,2,1,1,2,2,2,2,2,2,1,1,1,1,2,2,2,2,2,2,2,2,2,2,2,1,2,2,2,1,2,2,2,2,2,1
579,3,4,4,5,3,5,5,5,1,3,,60.0,3.0,,,,,4.0,3.0,3.0,,6.0,,,2.0,,2.0,5.0,5.0,5.0,,,,,,,,15.0,1.0,,,,3.0,,1.0,,5.0,,,,,,,,,,,1.0,1.0,2.0,1.0,1.0,2.0,6,4,2,3,3,5,6,5,3,1,50.0,35.0,40.0,60.0,40.0,40.0,55.0,35.0,15.0,40.0,2,1,2,2,1,1,1,1,2,2,2,2,1,2,2,2,1,1,1,1,2,2,1,2,1,1,2,2,2,1,2,1,1,1,2,2,2,2,2,2
365,4,3,3,5,5,4,4,3,3,5,,30.0,3.0,,5.0,2.0,4.0,,,,,6.0,,,2.0,2.0,,,,,,,,4.0,5.0,5.0,14.0,,,2.0,10.0,,,2.0,,4.0,,,,,,,,,,,,1.0,1.0,2.0,1.0,1.0,1.0,5,1,4,5,1,5,4,4,4,2,61.0,63.0,64.0,83.0,83.0,62.0,63.0,75.0,50.0,76.0,2,2,2,2,1,1,2,2,2,1,1,1,1,2,2,2,2,2,2,1,1,2,2,2,2,2,1,1,2,2,2,2,2,1,1,2,2,2,2,2
216,1,4,2,2,5,5,5,4,5,4,63.0,,,4.0,,,,3.0,4.0,3.0,6.0,,,,1.0,,2.0,,,,2.0,4.0,3.0,,,,2.0,,,1.0,4.0,,,2.0,,,2.0,1.0,1.0,2.0,1.0,2.0,2.0,2.0,2.0,1.0,1.0,,,,,,,5,3,4,5,5,6,4,4,4,1,9.0,41.0,65.0,27.0,32.0,13.0,69.0,83.0,100.0,79.0,1,2,2,2,1,1,1,1,1,1,1,1,1,2,1,1,2,1,2,1,1,1,1,1,1,1,2,1,1,1,1,2,1,1,1,2,1,1,1,2
843,3,5,5,5,5,5,5,5,1,5,80.0,,,3.0,2.0,3.0,4.0,,,,,6.0,1.0,23.0,,,1.0,2.0,5.0,4.0,,,,,,,,14.0,,2.0,1.0,,,,2.0,6.0,,1.0,1.0,1.0,2.0,2.0,1.0,1.0,1.0,2.0,1.0,,,,,,,7,1,2,3,1,5,6,5,3,1,30.0,50.0,50.0,65.0,65.0,40.0,70.0,60.0,25.0,40.0,2,2,2,1,1,1,2,1,1,2,2,1,1,2,2,1,1,1,2,2,1,2,2,1,1,1,2,1,2,2,1,2,2,2,2,2,2,2,2,2
930,3,5,4,5,3,4,5,5,4,3,,30.0,2.0,,,,,3.0,2.0,2.0,,6.0,1.0,50.0,,,2.0,,,,4.0,4.0,6.0,,,,,10.0,2.0,,,,2.0,,2.0,4.0,,,,,,,,,,,,1.0,1.0,1.0,1.0,2.0,2.0,7,1,3,2,1,7,6,7,4,1,55.0,35.0,40.0,15.0,40.0,20.0,85.0,60.0,90.0,60.0,2,1,1,2,1,2,1,2,1,2,2,2,1,1,2,2,1,1,1,1,1,1,1,2,1,1,1,1,1,1,2,2,2,2,2,2,2,2,2,2
142,2,4,2,5,4,5,4,4,1,5,70.0,,,3.0,,,,3.0,3.0,2.0,5.0,,,,1.0,1.0,,,,,4.0,2.0,6.0,,,,5.0,,1.0,,2.0,,,1.0,,4.0,,,,,,,,,,,,1.0,1.0,2.0,1.0,2.0,1.0,7,3,4,3,2,3,4,3,2,2,20.0,75.0,10.0,85.0,85.0,65.0,30.0,71.0,25.0,92.0,1,2,1,1,1,1,2,1,1,2,1,1,2,1,1,2,1,1,1,1,1,2,1,1,2,2,1,1,1,1,2,1,2,1,1,1,1,2,2,2
25,3,5,3,3,3,4,1,5,5,1,20.0,,4.0,,,,,6.0,6.0,6.0,1.0,,2.0,7.0,,,1.0,,,,3.0,3.0,4.0,,,,5.0,,,2.0,3.0,,,1.0,,3.0,,,,,,,,,,,,1.0,2.0,1.0,2.0,1.0,2.0,6,4,1,1,1,5,7,7,1,2,51.0,79.0,77.0,14.0,13.0,72.0,20.0,79.0,78.0,10.0,2,2,1,1,2,1,2,1,1,1,2,1,2,1,1,2,1,2,2,1,1,1,2,1,2,2,2,2,2,1,2,2,1,1,1,1,1,1,1,2
548,1,1,1,1,1,2,2,1,5,5,,30.0,,2.0,3.0,5.0,4.0,,,,,7.0,1.0,19.0,,1.0,,,,,,,,1.0,4.0,4.0,14.0,,,2.0,,9.0,,1.0,,5.0,,1.0,1.0,2.0,2.0,1.0,1.0,1.0,2.0,1.0,1.0,,,,,,,5,4,6,6,5,5,4,5,3,2,24.0,27.0,24.0,18.0,75.0,62.0,58.0,11.0,64.0,57.0,1,1,2,2,2,2,2,2,1,2,1,2,2,2,1,1,2,2,2,2,2,1,2,2,2,1,1,2,1,2,2,2,2,1,2,1,2,2,1,1
354,5,5,5,5,5,5,5,5,5,5,81.0,,4.0,,6.0,6.0,6.0,,,,,5.0,1.0,25.0,,,2.0,,,,4.0,5.0,6.0,,,,,5.0,1.0,,,,3.0,2.0,,6.0,,1.0,1.0,1.0,1.0,1.0,2.0,2.0,2.0,2.0,2.0,,,,,,,7,1,3,3,1,7,7,7,3,2,30.0,25.0,21.0,70.0,76.0,38.0,100.0,78.0,65.0,96.0,2,2,2,1,2,1,2,1,2,2,2,2,2,2,1,2,1,1,2,2,1,2,2,1,2,2,1,2,1,2,2,1,2,1,1,2,1,1,2,2
227,3,4,5,4,4,5,5,5,2,3,13.0,,,3.0,,,,5.0,3.0,3.0,6.0,,1.0,20.0,,2.0,,1.0,5.0,6.0,,,,,,,5.0,,,1.0,4.0,,,,2.0,,6.0,1.0,1.0,2.0,1.0,2.0,1.0,1.0,1.0,2.0,1.0,,,,,,,4,4,1,4,3,7,7,7,3,2,79.0,58.0,88.0,58.0,52.0,29.0,79.0,72.0,64.0,77.0,2,1,2,1,1,2,2,1,2,2,2,1,2,1,1,1,1,2,2,1,1,2,1,2,1,2,1,1,1,1,2,1,1,2,1,2,1,2,1,2
872,2,3,2,2,4,4,4,4,2,2,,75.0,5.0,,,,,4.0,2.0,1.0,6.0,,,,2.0,1.0,,,,,1.0,5.0,5.0,,,,,0.0,1.0,,,,3.0,,2.0,,5.0,1.0,1.0,2.0,2.0,2.0,2.0,2.0,1.0,2.0,2.0,,,,,,,7,5,5,5,2,3,3,3,2,1,42.0,33.0,28.0,45.0,55.0,54.0,81.0,89.0,43.0,29.0,2,1,1,2,1,1,1,1,1,1,1,1,2,1,2,1,1,1,1,1,2,1,1,1,2,1,1,2,1,2,1,2,2,2,1,2,1,1,2,1
901,4,4,4,5,5,4,2,5,5,5,,81.0,2.0,,,,,2.0,2.0,1.0,6.0,,,,2.0,,1.0,,,,2.0,5.0,6.0,,,,,15.0,1.0,,,10.0,,1.0,,,6.0,,,,,,,,,,,1.0,2.0,1.0,1.0,2.0,1.0,6,2,3,4,3,5,6,7,1,1,27.0,17.0,35.0,90.0,67.0,53.0,69.0,92.0,88.0,74.0,1,2,1,1,2,1,1,2,2,1,2,2,1,2,2,2,1,1,1,1,1,2,2,2,1,2,2,1,1,2,2,1,2,1,2,2,1,1,2,2
395,5,5,5,5,5,5,5,5,5,5,70.0,,4.0,,6.0,1.0,3.0,,,,1.0,,1.0,51.0,,1.0,,,,,,,,1.0,5.0,6.0,10.0,,1.0,,,2.0,,,1.0,,6.0,1.0,1.0,1.0,1.0,1.0,1.0,2.0,2.0,1.0,2.0,,,,,,,6,7,5,5,1,1,6,7,4,2,81.0,83.0,96.0,95.0,90.0,93.0,82.0,92.0,98.0,93.0,1,1,1,1,1,1,2,2,2,1,1,1,1,2,1,1,1,1,1,1,1,1,1,1,1,1,1,1,1,1,1,1,1,1,2,1,1,1,1,1
173,3,4,4,5,4,5,5,4,1,4,,30.0,,5.0,,,,4.0,4.0,3.0,,6.0,,,2.0,,2.0,,,,1.0,5.0,6.0,,,,12.0,,,2.0,10.0,,,1.0,,2.0,,,,,,,,,,,,1.0,2.0,1.0,1.0,2.0,1.0,7,5,4,2,3,5,7,7,1,2,53.0,41.0,57.0,69.0,59.0,28.0,42.0,63.0,70.0,60.0,1,2,2,2,1,2,1,2,2,1,1,2,2,1,1,1,1,2,2,2,2,2,2,2,1,2,2,2,2,2,2,2,2,1,2,2,2,2,2,1
589,3,4,5,4,4,3,4,2,5,4,58.0,,,1.0,,,,3.0,5.0,4.0,,4.0,1.0,53.0,,,2.0,,,,,,,2.0,5.0,6.0,17.0,,2.0,,,,3.0,,1.0,2.0,,2.0,2.0,1.0,1.0,1.0,2.0,2.0,1.0,1.0,1.0,,,,,,,6,1,2,5,2,6,5,6,1,2,45.0,47.0,66.0,43.0,47.0,42.0,58.0,7.0,80.0,61.0,1,1,2,2,1,1,2,1,1,1,1,2,2,1,1,2,2,1,1,2,2,1,1,1,1,1,2,1,1,1,2,1,2,1,2,2,1,1,2,2
807,3,3,3,3,2,3,4,4,4,4,,3.0,,3.0,,,,4.0,3.0,1.0,,6.0,1.0,15.0,,,2.0,,,,,,,2.0,4.0,3.0,,5.0,1.0,,,,1.0,,1.0,4.0,,1.0,1.0,1.0,1.0,2.0,2.0,2.0,2.0,1.0,2.0,,,,,,,4,3,4,3,1,2,5,5,2,1,19.0,14.0,38.0,66.0,40.0,39.0,77.0,68.0,58.0,53.0,1,1,2,1,2,1,2,1,2,1,2,1,2,1,2,2,1,2,1,1,1,1,2,1,1,1,1,2,1,1,2,1,1,1,1,2,1,2,1,2
91,4,3,4,5,5,3,4,5,3,4,70.0,,3.0,,2.0,2.0,5.0,,,,,6.0,,,2.0,1.0,,,,,,,,3.0,5.0,5.0,,10.0,,1.0,,9.0,,,1.0,4.0,,1.0,1.0,1.0,2.0,1.0,1.0,1.0,2.0,1.0,1.0,,,,,,,6,1,1,1,2,6,7,7,1,2,70.0,40.0,75.0,65.0,50.0,40.0,75.0,85.0,65.0,50.0,1,2,2,1,2,2,1,1,2,1,1,2,2,2,2,2,2,2,2,1,1,2,1,2,2,1,1,1,2,1,1,2,1,2,1,1,2,1,2,1
974,4,3,5,4,5,5,5,3,2,3,91.0,,,4.0,,,,3.0,3.0,2.0,,6.0,,,2.0,,2.0,,,,,,,2.0,5.0,4.0,,2.0,,2.0,,,2.0,1.0,,3.0,,,,,,,,,,,,1.0,1.0,1.0,1.0,1.0,1.0,6,2,2,4,2,5,7,5,3,1,60.0,45.0,55.0,40.0,50.0,55.0,70.0,70.0,40.0,50.0,1,2,2,1,2,1,1,2,2,1,1,2,2,2,2,1,1,1,2,1,2,1,2,2,2,2,2,2,2,1,2,2,2,2,2,2,2,2,1,2
106,4,4,5,5,4,5,5,5,2,2,60.0,,4.0,,5.0,5.0,5.0,,,,5.0,,,,2.0,1.0,,2.0,1.0,2.0,,,,,,,20.0,,,2.0,2.0,,,1.0,,3.0,,,,,,,,,,,,1.0,1.0,2.0,1.0,1.0,2.0,6,1,4,3,4,6,4,5,1,1,40.0,30.0,35.0,55.0,45.0,45.0,75.0,70.0,40.0,25.0,2,1,2,2,1,1,1,1,2,1,2,1,1,1,1,1,1,1,2,1,1,1,1,2,2,2,1,1,1,1,2,2,1,2,1,1,1,1,1,1
669,2,2,2,2,3,2,4,2,4,3,,81.0,,2.0,5.0,3.0,4.0,,,,,6.0,1.0,18.0,,,2.0,,,,4.0,5.0,4.0,,,,,18.0,,2.0,,6.0,,2.0,,4.0,,,,,,,,,,,,1.0,1.0,1.0,1.0,1.0,1.0,5,5,6,4,4,5,7,6,2,2,30.0,15.0,33.0,40.0,50.0,40.0,70.0,40.0,65.0,44.0,2,1,1,2,1,2,1,1,2,2,2,1,1,2,1,1,2,1,1,1,1,1,1,1,1,1,1,1,1,1,1,1,2,1,1,1,1,2,1,1
293,3,4,4,5,5,5,5,5,1,1,70.0,,4.0,,,,,2.0,1.0,2.0,,5.0,1.0,22.0,,,1.0,,,,4.0,5.0,5.0,,,,,15.0,,2.0,,2.0,,2.0,,6.0,,1.0,1.0,2.0,1.0,1.0,1.0,2.0,1.0,2.0,1.0,,,,,,,7,1,3,2,2,5,6,6,3,1,40.0,58.0,48.0,55.0,64.0,55.0,36.0,31.0,40.0,43.0,2,2,1,1,2,2,2,1,2,2,1,2,2,2,2,2,2,1,1,2,2,2,2,2,2,1,2,2,2,2,2,2,2,2,2,2,2,2,2,2
50,5,4,4,5,4,5,5,5,2,3,50.0,,4.0,,2.0,4.0,2.0,,,,,6.0,,,2.0,1.0,,,,,1.0,4.0,2.0,,,,,10.0,1.0,,3.0,,,1.0,,,5.0,1.0,1.0,1.0,1.0,1.0,1.0,2.0,2.0,2.0,2.0,,,,,,,7,4,3,2,2,5,6,7,3,1,80.0,40.0,70.0,50.0,40.0,70.0,80.0,75.0,60.0,75.0,2,2,2,2,2,2,2,2,2,1,1,2,2,1,2,1,2,1,2,2,1,1,2,2,2,2,2,2,2,2,2,2,2,2,2,2,2,2,2,2
321,4,4,4,4,4,2,4,4,4,4,71.0,,,3.0,2.0,2.0,2.0,,,,,6.0,,,2.0,,2.0,4.0,3.0,4.0,,,,,,,,15.0,,2.0,3.0,,,1.0,,5.0,,,,,,,,,,,,1.0,1.0,1.0,2.0,2.0,1.0,5,2,2,5,2,6,6,3,3,1,70.0,56.0,65.0,65.0,63.0,47.0,68.0,81.0,89.0,55.0,1,2,2,2,1,2,1,2,1,2,2,2,2,1,1,2,1,2,2,1,1,2,1,2,2,1,1,1,1,2,2,1,1,2,1,1,1,1,1,1
252,4,3,4,4,4,3,5,5,4,3,70.0,,3.0,,3.0,3.0,3.0,,,,,7.0,1.0,54.0,,1.0,,,,,,,,1.0,4.0,4.0,18.0,,1.0,,2.0,,,1.0,,,4.0,1.0,1.0,2.0,1.0,2.0,1.0,1.0,2.0,1.0,1.0,,,,,,,6,6,4,3,2,3,6,6,2,1,54.0,40.0,49.0,49.0,39.0,55.0,73.0,68.0,50.0,57.0,2,2,1,2,1,1,1,1,1,1,2,1,1,2,1,1,1,1,1,2,2,2,1,2,1,1,1,1,1,1,1,1,1,2,2,1,1,1,2,2
485,5,3,5,5,5,5,5,5,1,3,70.0,,,3.0,3.0,3.0,3.0,,,,4.0,,,,2.0,,2.0,1.0,5.0,6.0,,,,,,,20.0,,2.0,,,3.0,,1.0,,,6.0,1.0,1.0,1.0,1.0,1.0,1.0,1.0,1.0,1.0,1.0,,,,,,,7,1,4,4,2,6,5,6,4,1,60.0,30.0,70.0,60.0,70.0,71.0,65.0,65.0,30.0,50.0,2,2,1,2,2,2,2,2,2,1,2,2,1,1,2,1,1,1,2,2,2,2,2,1,1,2,1,2,2,1,2,2,2,2,2,2,2,2,2,2
710,2,3,2,4,5,4,1,5,1,1,,55.0,4.0,,2.0,2.0,6.0,,,,,3.0,,,2.0,,1.0,1.0,5.0,5.0,,,,,,,15.0,,1.0,,,9.0,,,2.0,6.0,,1.0,1.0,1.0,1.0,1.0,1.0,1.0,2.0,2.0,2.0,,,,,,,7,1,4,5,5,6,6,6,1,2,47.0,46.0,43.0,45.0,59.0,34.0,10.0,47.0,60.0,41.0,2,1,1,1,1,2,1,2,2,1,1,1,1,1,1,1,1,1,2,1,1,2,1,2,2,1,1,1,1,1,1,1,2,1,1,1,1,1,1,1
299,5,3,5,4,5,4,5,5,4,2,7.0,,2.0,,,,,2.0,3.0,2.0,,6.0,2.0,10.0,,,1.0,,,,,,,2.0,5.0,6.0,20.0,,1.0,,,,2.0,1.0,,5.0,,,,,,,,,,,,1.0,2.0,1.0,1.0,2.0,1.0,6,2,1,1,1,6,7,7,3,2,67.0,30.0,56.0,26.0,85.0,37.0,90.0,92.0,87.0,34.0,2,2,1,1,2,1,1,2,2,2,1,1,1,2,1,1,2,2,1,1,1,1,2,1,2,2,1,1,1,1,2,1,1,2,2,2,2,2,2,2
663,4,5,3,1,5,4,5,5,5,3,10.0,,3.0,,2.0,2.0,6.0,,,,,6.0,,,1.0,1.0,,,,,1.0,5.0,6.0,,,,20.0,,1.0,,4.0,,,,1.0,,6.0,,,,,,,,,,,1.0,1.0,2.0,1.0,1.0,2.0,4,1,3,3,3,7,7,7,1,2,70.0,80.0,30.0,30.0,75.0,50.0,80.0,80.0,85.0,50.0,2,2,1,1,2,1,2,1,2,2,1,1,2,2,2,1,2,2,2,1,2,2,2,2,1,2,1,1,2,1,1,2,2,1,2,2,2,1,2,1
258,1,1,1,3,3,1,3,3,5,1,95.0,,4.0,,3.0,3.0,3.0,,,,,4.0,,,2.0,1.0,,,,,5.0,1.0,1.0,,,,20.0,,1.0,,2.0,,,,2.0,,6.0,1.0,1.0,1.0,1.0,1.0,1.0,1.0,1.0,1.0,1.0,,,,,,,7,1,7,5,5,6,5,5,1,1,55.0,52.0,44.0,41.0,45.0,45.0,55.0,52.0,50.0,46.0,2,2,2,2,2,2,2,2,2,2,2,1,1,2,2,2,2,2,2,2,2,2,2,2,2,1,2,1,2,2,2,2,2,2,1,2,2,2,2,2
537,5,5,5,5,3,5,5,5,1,2,70.0,,1.0,,1.0,1.0,1.0,,,,6.0,,,,2.0,1.0,,4.0,5.0,6.0,,,,,,,,20.0,2.0,,,,1.0,,1.0,,6.0,1.0,1.0,1.0,2.0,1.0,1.0,2.0,1.0,1.0,1.0,,,,,,,7,5,1,1,3,7,7,7,1,1,56.0,36.0,51.0,39.0,44.0,46.0,58.0,59.0,57.0,64.0,2,2,2,2,1,1,2,2,1,2,2,2,2,1,1,2,1,2,2,2,1,1,1,2,1,2,2,1,1,2,1,1,2,2,1,2,1,2,2,2
444,3,4,4,3,3,4,4,4,4,3,,30.0,2.0,,5.0,3.0,6.0,,,,6.0,,1.0,54.0,,1.0,,,,,4.0,5.0,5.0,,,,,12.0,2.0,,,,3.0,2.0,,2.0,,,,,,,,,,,,1.0,1.0,1.0,1.0,2.0,2.0,7,1,1,4,1,7,4,5,4,1,45.0,38.0,39.0,47.0,42.0,37.0,51.0,40.0,34.0,46.0,1,2,1,1,2,1,1,1,1,2,2,1,1,1,1,1,2,1,1,2,1,1,1,1,1,1,1,1,1,1,1,1,2,1,1,1,1,1,1,1
542,4,2,4,5,2,4,5,5,2,4,,36.0,,5.0,4.0,6.0,6.0,,,,6.0,,1.0,18.0,,2.0,,,,,2.0,4.0,4.0,,,,,2.0,,2.0,,9.0,,1.0,,,2.0,,,,,,,,,,,1.0,1.0,2.0,1.0,2.0,2.0,1,1,1,2,3,6,7,7,2,1,12.0,10.0,9.0,26.0,58.0,44.0,70.0,92.0,62.0,50.0,1,2,2,1,1,2,2,2,2,2,1,2,2,1,2,2,2,2,2,2,2,1,2,2,2,2,1,2,2,2,2,2,2,1,2,2,1,2,2,2
431,2,3,2,3,4,4,4,1,4,3,60.0,,,1.0,,,,2.0,5.0,2.0,,7.0,,,1.0,1.0,,,,,5.0,5.0,6.0,,,,18.0,,,2.0,,9.0,,2.0,,5.0,,,,,,,,,,,,1.0,1.0,2.0,1.0,2.0,1.0,7,2,2,2,3,5,5,7,1,2,61.0,60.0,14.0,55.0,70.0,42.0,86.0,25.0,80.0,70.0,1,1,1,2,2,2,2,2,1,2,2,1,2,2,2,2,2,1,1,2,1,2,1,2,1,2,2,1,1,2,2,2,1,1,2,2,1,2,1,2
765,4,3,5,5,5,5,5,4,2,2,,60.0,4.0,,,,,5.0,4.0,1.0,,6.0,,,2.0,1.0,,3.0,5.0,6.0,,,,,,,19.0,,1.0,,3.0,,,,2.0,5.0,,,,,,,,,,,,1.0,1.0,1.0,1.0,1.0,1.0,7,3,5,5,5,5,6,6,3,1,45.0,33.0,49.0,33.0,44.0,51.0,53.0,47.0,58.0,37.0,2,1,2,2,2,1,1,2,2,1,2,2,2,2,2,2,2,1,1,2,2,2,2,2,1,1,2,2,2,2,2,2,2,1,1,1,2,2,2,1
616,2,4,4,3,4,4,5,5,3,2,92.0,,,3.0,,,,2.0,4.0,2.0,6.0,,,,2.0,1.0,,,,,,,,2.0,4.0,5.0,,5.0,1.0,,3.0,,,2.0,,,5.0,1.0,1.0,2.0,1.0,2.0,1.0,1.0,1.0,1.0,2.0,,,,,,,7,1,5,6,1,5,6,6,2,2,50.0,40.0,25.0,60.0,65.0,69.0,80.0,70.0,49.0,38.0,2,2,2,1,2,1,2,1,1,2,1,2,1,1,2,2,2,2,1,1,2,2,2,2,2,2,1,2,1,1,2,2,1,2,2,2,2,1,1,2
583,2,4,2,5,5,3,4,4,5,2,,90.0,,4.0,,,,2.0,4.0,3.0,,7.0,,,2.0,,2.0,,,,,,,2.0,5.0,6.0,,15.0,1.0,,,4.0,,,1.0,4.0,,,,,,,,,,,,1.0,1.0,1.0,2.0,1.0,1.0,7,2,5,5,3,5,6,5,2,1,35.0,55.0,10.0,40.0,30.0,45.0,70.0,75.0,80.0,55.0,1,1,2,1,1,2,2,1,2,1,2,2,1,1,1,1,1,1,1,2,2,1,2,2,1,2,1,1,2,1,1,2,2,2,2,2,1,1,1,2
179,4,5,5,4,5,5,4,5,1,4,50.0,,5.0,,,,,2.0,3.0,2.0,,6.0,1.0,26.0,,,2.0,,,,1.0,5.0,6.0,,,,,20.0,,2.0,,,2.0,,1.0,6.0,,,,,,,,,,,,1.0,1.0,1.0,1.0,1.0,1.0,6,1,3,3,3,7,6,7,1,2,45.0,35.0,45.0,40.0,80.0,65.0,55.0,92.0,33.0,70.0,2,2,2,2,2,2,1,2,2,2,2,1,2,1,2,1,2,1,2,1,2,2,2,2,2,2,2,2,2,2,2,2,2,2,2,1,1,1,2,2
878,1,2,4,3,5,2,4,2,5,3,70.0,,,1.0,,,,3.0,4.0,2.0,,6.0,2.0,11.0,,1.0,,,,,,,,1.0,5.0,6.0,,5.0,,2.0,,10.0,,1.0,,,5.0,,,,,,,,,,,1.0,1.0,1.0,1.0,2.0,2.0,5,5,5,5,2,3,5,6,3,1,50.0,20.0,50.0,50.0,90.0,50.0,50.0,30.0,65.0,50.0,2,2,2,2,1,2,2,2,2,2,2,2,2,2,2,2,2,2,1,2,1,2,1,2,1,2,2,1,1,2,1,1,2,1,2,2,2,2,2,2
574,1,2,2,1,4,4,4,2,4,4,50.0,,3.0,,5.0,6.0,6.0,,,,,6.0,1.0,50.0,,1.0,,,,,,,,4.0,5.0,5.0,,0.0,,1.0,,10.0,,1.0,,,5.0,1.0,1.0,1.0,1.0,1.0,1.0,1.0,1.0,1.0,1.0,,,,,,,7,6,5,6,5,6,6,6,2,1,30.0,27.0,25.0,44.0,65.0,43.0,60.0,45.0,57.0,53.0,2,1,2,1,1,2,1,2,1,2,2,2,2,1,2,1,2,2,1,2,1,1,1,2,1,2,2,2,2,1,2,1,1,2,1,2,2,1,2,2
407,4,4,5,5,4,4,5,5,4,4,70.0,,,3.0,,,,1.0,4.0,2.0,3.0,,,,2.0,,2.0,2.0,3.0,4.0,,,,,,,,15.0,,1.0,,10.0,,1.0,,4.0,,1.0,1.0,1.0,1.0,1.0,1.0,1.0,1.0,1.0,1.0,,,,,,,6,3,5,5,3,6,5,5,3,1,80.0,65.0,60.0,50.0,70.0,49.0,20.0,65.0,46.0,65.0,2,1,1,1,2,2,2,1,2,2,2,2,2,2,2,2,2,2,2,2,1,1,2,2,2,2,2,2,2,1,2,2,2,2,1,2,2,1,2,2
792,3,3,3,3,3,5,5,5,5,5,,49.0,5.0,,,,,6.0,3.0,1.0,1.0,,,,1.0,,1.0,5.0,3.0,1.0,,,,,,,,10.0,1.0,,,,1.0,2.0,,1.0,,1.0,2.0,1.0,2.0,1.0,2.0,1.0,2.0,1.0,2.0,,,,,,,7,1,1,1,1,7,7,7,1,2,53.0,56.0,42.0,66.0,32.0,77.0,100.0,100.0,100.0,100.0,1,1,1,1,2,1,1,2,2,2,1,1,2,1,1,2,1,1,1,1,1,1,1,2,1,1,1,1,1,1,1,1,2,2,1,1,1,1,1,1
368,5,5,5,5,5,4,5,5,3,4,10.0,,,1.0,,,,6.0,2.0,1.0,6.0,,,,1.0,,2.0,,,,2.0,5.0,6.0,,,,20.0,,1.0,,,1.0,,,2.0,,6.0,2.0,2.0,2.0,2.0,2.0,1.0,1.0,1.0,1.0,1.0,,,,,,,6,4,3,4,6,4,3,4,3,1,45.0,63.0,78.0,57.0,70.0,51.0,77.0,79.0,53.0,81.0,1,2,1,1,1,1,2,2,1,1,2,1,2,2,1,2,1,2,2,1,2,1,2,1,1,1,1,2,2,2,1,2,1,1,1,1,2,1,2,1
19,5,5,5,5,5,5,5,5,3,3,,62.0,,5.0,,,,3.0,5.0,2.0,,6.0,,,1.0,,1.0,,,,4.0,5.0,5.0,,,,20.0,,1.0,,,,4.0,,1.0,,6.0,1.0,2.0,1.0,2.0,1.0,2.0,1.0,1.0,1.0,1.0,,,,,,,6,4,2,2,5,6,7,7,4,1,50.0,50.0,50.0,50.0,50.0,50.0,69.0,50.0,50.0,50.0,1,2,1,2,1,2,1,1,2,2,1,1,2,2,1,1,1,2,1,2,1,2,1,2,1,1,2,2,1,2,1,2,2,2,2,2,2,1,1,2
753,5,3,5,3,4,4,5,5,5,4,100.0,,4.0,,3.0,4.0,4.0,,,,3.0,,,,2.0,1.0,,,,,5.0,4.0,4.0,,,,15.0,,1.0,,4.0,,,1.0,,3.0,,1.0,1.0,1.0,1.0,1.0,1.0,1.0,1.0,1.0,1.0,,,,,,,7,2,4,5,5,5,5,5,1,1,81.0,61.0,87.0,90.0,70.0,40.0,90.0,55.0,75.0,70.0,1,2,2,2,2,2,1,2,1,1,1,2,2,1,1,1,1,2,2,2,2,1,1,1,2,1,1,1,2,2,1,2,1,1,1,2,2,2,1,2
620,1,1,1,1,1,1,1,1,5,1,,10.0,,5.0,,,,2.0,2.0,2.0,,6.0,,,2.0,1.0,,,,,,,,1.0,2.0,4.0,0.0,,,1.0,,,2.0,,1.0,2.0,,1.0,1.0,1.0,2.0,1.0,1.0,1.0,2.0,1.0,1.0,,,,,,,6,6,6,6,5,5,3,3,1,2,42.0,42.0,42.0,42.0,42.0,32.0,32.0,42.0,77.0,42.0,2,2,1,2,2,2,1,2,1,1,2,2,1,1,2,2,2,1,1,2,1,2,1,1,2,2,2,1,2,1,2,2,1,2,1,1,2,1,2,2
726,4,4,2,5,3,5,4,3,2,4,,50.0,,1.0,,,,2.0,2.0,2.0,3.0,,,,2.0,1.0,,,,,5.0,5.0,1.0,,,,,0.0,1.0,,,,1.0,,1.0,1.0,,1.0,1.0,1.0,1.0,1.0,1.0,1.0,1.0,1.0,1.0,,,,,,,7,2,4,2,2,5,6,6,4,1,47.0,60.0,40.0,80.0,50.0,45.0,65.0,80.0,52.0,66.0,2,1,1,1,1,2,2,2,2,2,1,2,2,1,1,2,2,2,2,1,2,2,1,2,2,1,2,2,1,2,2,2,2,2,1,1,1,2,2,1
655,4,4,5,4,4,2,5,1,5,4,,30.0,,5.0,,,,,,,6.0,,1.0,52.0,,,2.0,2.0,4.0,2.0,,,,,,,14.0,,2.0,,,,8.0,,1.0,,6.0,,,,,,,,,,,1.0,1.0,1.0,1.0,1.0,1.0,5,4,2,3,5,5,6,7,3,1,70.0,50.0,86.0,79.0,80.0,38.0,95.0,70.0,78.0,49.0,1,1,2,1,2,1,1,1,2,1,1,1,1,1,2,2,2,2,1,1,1,2,2,2,1,2,2,1,1,1,2,2,2,2,2,1,2,1,2,1
948,1,2,1,1,4,1,4,4,5,3,,70.0,3.0,,3.0,2.0,2.0,,,,6.0,,1.0,50.0,,,2.0,1.0,5.0,4.0,,,,,,,,8.0,1.0,,5.0,,,1.0,,4.0,,1.0,1.0,2.0,1.0,1.0,2.0,1.0,1.0,2.0,1.0,,,,,,,7,4,5,5,1,6,6,6,2,2,20.0,35.0,15.0,40.0,75.0,25.0,80.0,80.0,70.0,85.0,2,1,2,2,2,2,1,2,1,1,1,1,1,2,1,1,1,1,1,1,1,2,2,2,1,1,2,1,1,2,1,2,2,1,2,2,2,1,2,1
694,4,4,5,5,5,4,4,4,2,3,,30.0,3.0,,3.0,3.0,3.0,,,,,5.0,1.0,40.0,,,2.0,,,,4.0,5.0,6.0,,,,20.0,,1.0,,7.0,,,2.0,,4.0,,1.0,1.0,1.0,1.0,1.0,1.0,1.0,1.0,1.0,1.0,,,,,,,7,5,5,5,1,6,6,7,2,1,62.0,29.0,78.0,77.0,73.0,73.0,75.0,73.0,33.0,33.0,2,1,1,2,2,1,1,1,1,2,1,1,1,2,1,2,1,2,2,2,1,1,1,2,2,1,1,1,2,1,2,2,2,1,1,2,2,2,1,1
501,4,4,5,5,3,5,5,5,4,3,80.0,,,2.0,,,,3.0,4.0,3.0,,5.0,1.0,30.0,,1.0,,4.0,5.0,6.0,,,,,,,20.0,,2.0,,,8.0,,2.0,,6.0,,,,,,,,,,,,1.0,1.0,2.0,1.0,2.0,2.0,7,1,5,2,3,6,6,7,3,1,55.0,40.0,70.0,75.0,65.0,60.0,85.0,90.0,53.0,65.0,2,2,1,1,1,1,1,1,2,2,1,2,1,2,2,2,1,1,1,2,2,2,2,1,2,2,1,1,1,2,1,1,2,1,1,2,1,2,1,1
472,1,4,1,2,4,2,5,3,5,3,,76.0,,3.0,3.0,3.0,3.0,,,,3.0,,1.0,30.0,,,2.0,,,,4.0,5.0,5.0,,,,10.0,,1.0,,,10.0,,,1.0,4.0,,,,,,,,,,,,1.0,1.0,1.0,1.0,1.0,1.0,6,1,6,6,5,7,2,3,1,1,20.0,50.0,10.0,30.0,50.0,50.0,70.0,60.0,80.0,50.0,1,2,2,2,2,2,2,2,1,2,1,2,2,2,2,1,1,2,2,1,2,2,2,1,2,2,2,2,2,2,1,2,1,2,2,1,1,2,2,1
989,4,4,5,4,4,5,4,4,4,5,70.0,,,5.0,,,,5.0,2.0,2.0,6.0,,,,2.0,,1.0,4.0,4.0,4.0,,,,,,,20.0,,1.0,,2.0,,,,1.0,,2.0,,,,,,,,,,,2.0,2.0,1.0,2.0,1.0,1.0,7,5,1,5,2,6,7,7,1,2,31.0,11.0,53.0,33.0,67.0,92.0,96.0,100.0,30.0,63.0,1,2,1,2,2,1,2,2,2,2,1,2,2,1,2,1,1,1,1,1,1,1,1,1,1,1,1,1,2,1,2,1,1,1,1,1,1,1,2,1
831,1,1,2,1,5,4,2,1,5,5,70.0,,5.0,,5.0,5.0,3.0,,,,,6.0,,,2.0,1.0,,,,,,,,1.0,1.0,5.0,,15.0,,2.0,,4.0,,1.0,,1.0,,1.0,1.0,1.0,1.0,1.0,1.0,1.0,1.0,1.0,1.0,,,,,,,5,2,6,5,1,2,3,5,2,1,25.0,20.0,15.0,58.0,65.0,71.0,40.0,21.0,56.0,75.0,1,1,2,2,1,1,2,1,2,1,2,2,2,2,2,1,2,2,1,2,2,2,1,2,1,1,2,2,2,1,2,2,1,2,1,2,2,2,1,1
942,5,3,5,4,4,4,3,5,2,2,,3.0,,4.0,,,,5.0,5.0,3.0,,5.0,,,2.0,1.0,,,,,2.0,5.0,6.0,,,,19.0,,1.0,,,6.0,,1.0,,5.0,,,,,,,,,,,,1.0,1.0,2.0,1.0,1.0,1.0,7,2,3,3,2,7,6,5,3,1,75.0,45.0,60.0,75.0,80.0,55.0,45.0,85.0,45.0,40.0,1,2,2,2,2,2,2,2,2,2,1,2,2,2,1,1,1,2,2,2,1,2,2,2,2,2,1,2,2,1,1,2,1,1,2,2,2,2,2,2
130,4,5,4,5,4,5,3,2,4,4,70.0,,3.0,,,,,2.0,2.0,1.0,,5.0,,,2.0,1.0,,,,,,,,4.0,4.0,4.0,,0.0,,1.0,,10.0,,1.0,,,2.0,1.0,1.0,1.0,1.0,1.0,1.0,1.0,1.0,1.0,1.0,,,,,,,6,1,2,3,2,5,6,6,2,1,60.0,70.0,90.0,80.0,70.0,75.0,50.0,85.0,86.0,65.0,2,1,2,2,2,2,2,2,2,2,2,2,2,2,2,2,1,2,2,2,1,2,2,1,2,2,2,2,2,2,2,2,2,2,2,2,1,1,2,2
66,2,4,3,4,5,5,5,3,2,4,69.0,,4.0,,3.0,4.0,2.0,,,,6.0,,,,2.0,,2.0,2.0,4.0,5.0,,,,,,,0.0,,,1.0,2.0,,,2.0,,3.0,,,,,,,,,,,,1.0,1.0,1.0,1.0,1.0,1.0,6,2,4,3,5,5,5,5,2,2,19.0,17.0,27.0,39.0,59.0,50.0,64.0,48.0,49.0,49.0,1,2,2,1,2,2,1,2,2,2,1,2,1,2,2,1,2,2,1,1,2,2,2,1,2,2,1,1,2,2,2,1,2,2,2,2,2,1,2,2
983,4,4,4,4,4,4,4,4,4,4,,68.0,5.0,,,,,5.0,5.0,5.0,4.0,,1.0,54.0,,1.0,,,,,5.0,4.0,6.0,,,,,10.0,1.0,,,3.0,,,1.0,5.0,,,,,,,,,,,,1.0,1.0,1.0,1.0,1.0,1.0,6,2,6,2,6,6,6,6,3,1,40.0,27.0,37.0,30.0,34.0,25.0,32.0,37.0,38.0,31.0,1,1,1,1,1,1,1,1,1,2,1,1,1,2,1,1,1,1,1,1,1,1,2,1,1,1,2,1,2,1,1,1,1,2,1,1,1,2,1,1
317,5,5,5,5,5,1,5,5,5,5,68.0,,,4.0,,,,5.0,2.0,1.0,2.0,,1.0,50.0,,1.0,,,,,,,,5.0,5.0,4.0,,18.0,1.0,,,,2.0,1.0,,,6.0,2.0,2.0,1.0,1.0,1.0,1.0,2.0,2.0,2.0,1.0,,,,,,,5,5,2,1,5,6,7,7,3,2,60.0,30.0,35.0,62.0,62.0,8.0,74.0,26.0,82.0,71.0,1,1,1,2,1,2,1,1,1,1,2,2,2,2,1,1,1,1,2,2,2,1,1,1,2,2,1,1,1,1,1,1,2,1,1,1,1,1,2,1
264,5,5,5,5,5,5,5,5,1,3,10.0,,,4.0,,,,3.0,5.0,2.0,,7.0,1.0,52.0,,1.0,,,,,3.0,5.0,6.0,,,,,10.0,2.0,,,9.0,,1.0,,4.0,,,,,,,,,,,,1.0,1.0,2.0,1.0,1.0,2.0,7,1,1,1,2,7,7,7,2,2,45.0,5.0,1.0,40.0,30.0,25.0,90.0,80.0,90.0,50.0,2,2,2,2,2,2,1,2,2,2,2,1,2,1,2,2,2,2,2,2,2,2,1,2,2,2,1,1,1,2,2,2,2,2,2,2,1,1,2,1
478,5,5,5,5,5,5,5,5,4,5,,30.0,4.0,,3.0,4.0,5.0,,,,5.0,,1.0,54.0,,1.0,,,,,,,,4.0,5.0,6.0,,15.0,1.0,,,9.0,,,2.0,4.0,,1.0,1.0,1.0,1.0,1.0,1.0,1.0,1.0,1.0,1.0,,,,,,,7,1,1,1,1,7,7,7,3,1,40.0,51.0,76.0,89.0,72.0,46.0,82.0,98.0,18.0,75.0,2,2,2,2,1,1,1,1,2,2,2,2,1,1,2,2,2,2,1,2,2,2,2,2,2,2,1,1,2,1,1,1,2,2,2,1,2,2,2,2
885,4,1,4,4,2,2,4,5,1,3,70.0,,1.0,,1.0,1.0,1.0,,,,7.0,,,,2.0,,1.0,5.0,4.0,6.0,,,,,,,20.0,,,1.0,,,1.0,,1.0,,1.0,1.0,1.0,1.0,1.0,1.0,1.0,1.0,1.0,1.0,1.0,,,,,,,4,6,5,2,3,3,3,7,3,1,51.0,70.0,70.0,46.0,58.0,72.0,69.0,60.0,64.0,46.0,2,2,2,2,2,2,2,2,2,2,2,2,2,2,1,2,1,2,1,2,2,1,2,1,2,2,2,1,2,1,2,2,2,1,2,2,2,2,2,2
13,5,5,5,5,5,5,5,5,1,5,70.0,,,1.0,,,,1.0,3.0,2.0,,7.0,2.0,7.0,,1.0,,,,,1.0,5.0,6.0,,,,20.0,,1.0,,5.0,,,,1.0,4.0,,1.0,1.0,1.0,2.0,1.0,2.0,1.0,2.0,1.0,1.0,,,,,,,7,1,5,5,1,7,6,6,3,1,30.0,25.0,40.0,30.0,20.0,60.0,85.0,50.0,80.0,40.0,1,2,2,1,2,2,2,1,2,2,2,1,1,1,1,1,2,1,2,1,1,2,2,1,2,2,1,1,2,2,1,1,1,2,2,2,1,1,1,1
184,1,2,4,1,2,1,5,4,5,5,25.0,,3.0,,,,,1.0,5.0,3.0,1.0,,1.0,50.0,,1.0,,,,,5.0,5.0,2.0,,,,20.0,,,2.0,3.0,,,1.0,,,6.0,1.0,1.0,1.0,1.0,2.0,1.0,1.0,1.0,1.0,2.0,,,,,,,6,1,3,2,5,7,6,6,1,1,62.0,13.0,86.0,75.0,97.0,24.0,100.0,88.0,86.0,100.0,2,2,2,2,1,1,2,1,2,1,2,1,1,1,1,2,1,2,1,2,1,1,2,1,1,1,1,2,2,1,2,1,2,2,1,2,1,1,1,1
362,5,5,5,5,5,5,5,5,2,1,,80.0,4.0,,,,,4.0,4.0,4.0,6.0,,,,2.0,1.0,,,,,2.0,5.0,6.0,,,,,0.0,1.0,,2.0,,,2.0,,,5.0,1.0,1.0,1.0,1.0,1.0,2.0,2.0,2.0,2.0,2.0,,,,,,,6,2,4,4,2,5,4,4,4,2,50.0,40.0,40.0,40.0,65.0,40.0,80.0,70.0,70.0,49.0,2,2,1,2,2,2,1,2,1,1,2,2,2,2,1,2,2,2,1,1,1,1,1,2,1,2,2,2,2,2,2,2,2,1,2,1,1,2,2,2
211,1,1,1,1,3,1,3,2,1,4,,30.0,,3.0,,,,3.0,5.0,2.0,,7.0,,,2.0,1.0,,1.0,3.0,2.0,,,,,,,,15.0,1.0,,,,1.0,2.0,,,2.0,1.0,1.0,1.0,1.0,1.0,1.0,1.0,1.0,1.0,1.0,,,,,,,6,5,7,6,2,3,4,5,2,1,25.0,35.0,24.0,48.0,61.0,28.0,52.0,59.0,64.0,51.0,1,1,2,1,2,2,2,2,2,2,1,1,2,2,1,1,2,1,2,1,2,2,2,1,2,1,2,2,2,1,2,1,2,1,2,2,1,2,2,1
798,5,5,5,5,4,5,5,5,1,3,65.0,,,3.0,,,,3.0,4.0,3.0,,6.0,,,2.0,1.0,,,,,4.0,4.0,4.0,,,,,12.0,,2.0,3.0,,,,2.0,,3.0,1.0,1.0,2.0,1.0,1.0,2.0,1.0,1.0,2.0,1.0,,,,,,,7,1,3,2,1,6,4,7,3,1,27.0,15.0,23.0,35.0,40.0,35.0,40.0,60.0,55.0,20.0,2,1,2,2,2,1,2,2,1,1,1,1,2,2,2,2,2,1,1,2,1,2,2,1,2,2,2,2,1,1,1,2,2,1,1,1,2,1,2,1
844,4,5,4,5,4,3,5,5,4,4,90.0,,,4.0,,,,3.0,3.0,3.0,,5.0,,,2.0,1.0,,,,,,,,4.0,4.0,2.0,20.0,,1.0,,,,2.0,,1.0,,4.0,,,,,,,,,,,1.0,1.0,1.0,1.0,1.0,1.0,5,1,6,2,1,5,5,5,3,1,78.0,66.0,80.0,91.0,68.0,47.0,67.0,45.0,48.0,57.0,2,2,1,1,2,1,1,2,2,1,1,1,2,2,2,1,1,1,1,2,1,2,2,1,1,2,2,2,1,2,1,2,1,2,1,2,1,2,2,1
937,4,5,4,5,5,4,5,5,3,5,,31.0,,5.0,3.0,5.0,4.0,,,,,6.0,,,2.0,1.0,,,,,2.0,5.0,6.0,,,,13.0,,,1.0,,,2.0,,1.0,,4.0,2.0,2.0,2.0,1.0,1.0,2.0,1.0,2.0,2.0,1.0,,,,,,,7,5,6,5,2,5,3,3,4,1,24.0,75.0,20.0,30.0,67.0,9.0,75.0,23.0,67.0,21.0,1,1,2,2,1,1,1,1,2,1,1,1,2,1,1,2,2,1,2,1,2,1,1,2,1,1,1,1,2,1,2,2,2,1,2,2,1,1,1,1
759,5,5,5,5,5,5,5,5,1,5,70.0,,5.0,,4.0,3.0,2.0,,,,,6.0,,,1.0,1.0,,,,,3.0,5.0,6.0,,,,18.0,,,2.0,,,2.0,,2.0,,5.0,,,,,,,,,,,2.0,1.0,1.0,2.0,2.0,2.0,6,4,4,4,4,6,5,6,4,1,40.0,25.0,35.0,15.0,20.0,15.0,25.0,30.0,66.0,20.0,1,1,1,1,1,1,2,2,1,1,1,1,1,1,1,1,1,1,2,2,1,1,1,1,1,2,1,1,1,1,2,2,1,2,1,2,2,1,1,1
145,4,4,4,4,3,5,5,5,1,3,,50.0,,3.0,,,,3.0,3.0,3.0,,6.0,1.0,30.0,,,2.0,2.0,4.0,4.0,,,,,,,15.0,,,2.0,,,2.0,1.0,,,6.0,,,,,,,,,,,1.0,1.0,1.0,1.0,2.0,2.0,7,1,2,1,1,7,7,7,3,2,50.0,25.0,40.0,50.0,50.0,45.0,50.0,50.0,75.0,45.0,2,2,2,1,2,2,2,2,2,2,1,2,2,2,2,2,1,2,2,1,1,1,2,1,2,2,1,2,2,2,2,2,2,2,2,2,1,2,2,2
22,4,4,4,5,2,5,5,5,1,3,,30.0,,3.0,3.0,3.0,3.0,,,,6.0,,1.0,16.0,,1.0,,,,,,,,2.0,5.0,6.0,10.0,,,2.0,4.0,,,1.0,,2.0,,1.0,1.0,1.0,1.0,1.0,1.0,1.0,1.0,1.0,1.0,,,,,,,5,1,4,2,3,5,5,5,1,1,40.0,30.0,30.0,45.0,55.0,40.0,50.0,70.0,50.0,40.0,2,2,2,1,1,1,2,2,2,2,2,2,2,2,2,2,1,1,2,2,1,1,2,1,2,2,1,1,1,1,2,1,1,2,2,1,2,2,2,2
353,1,4,5,2,2,2,5,1,5,3,,28.0,,5.0,6.0,4.0,3.0,,,,,,1.0,40.0,,1.0,,,,,3.0,3.0,5.0,,,,,10.0,2.0,,,,4.0,1.0,,,3.0,,,,,,,,,,,1.0,2.0,1.0,2.0,2.0,2.0,6,2,6,4,2,2,3,3,4,1,21.0,35.0,30.0,54.0,26.0,37.0,59.0,45.0,40.0,42.0,1,1,1,1,1,1,1,1,1,1,1,1,1,1,1,1,1,1,2,1,2,1,2,1,1,1,1,1,1,1,1,1,1,1,1,1,1,1,1,1
220,4,4,4,4,4,2,4,5,5,4,31.0,,,4.0,3.0,2.0,4.0,,,,,3.0,,,2.0,1.0,,,,,,,,4.0,5.0,6.0,,10.0,,2.0,,,10.0,1.0,,4.0,,1.0,1.0,2.0,2.0,1.0,1.0,1.0,2.0,1.0,1.0,,,,,,,6,2,3,3,2,6,5,5,3,2,51.0,51.0,54.0,76.0,72.0,7.0,55.0,79.0,92.0,70.0,1,2,1,2,1,2,1,2,2,2,2,2,2,2,2,2,2,2,2,2,2,2,2,1,2,2,1,2,2,2,2,2,2,2,1,2,2,2,2,2
875,3,4,4,4,5,5,5,5,3,4,,30.0,5.0,,4.0,3.0,5.0,,,,6.0,,,,1.0,1.0,,,,,5.0,5.0,5.0,,,,20.0,,,1.0,4.0,,,2.0,,,6.0,,,,,,,,,,,1.0,2.0,1.0,1.0,1.0,2.0,7,4,7,5,1,7,4,7,2,2,35.0,45.0,28.0,51.0,68.0,31.0,100.0,40.0,71.0,57.0,2,1,1,1,1,2,2,2,1,1,1,1,1,2,1,1,1,1,1,2,1,1,1,1,1,1,1,2,1,1,1,1,2,1,1,1,1,1,2,1
906,4,3,2,4,3,2,4,3,2,3,,40.0,,3.0,5.0,2.0,3.0,,,,,2.0,,,1.0,2.0,,,,,,,,3.0,2.0,5.0,,5.0,,2.0,,5.0,,2.0,,3.0,,1.0,2.0,2.0,1.0,2.0,1.0,2.0,2.0,1.0,2.0,,,,,,,5,3,4,4,3,6,4,4,2,1,20.0,33.0,40.0,13.0,45.0,69.0,43.0,78.0,39.0,37.0,1,1,2,1,2,1,1,2,1,1,2,2,1,1,2,1,1,2,1,2,1,2,1,2,1,2,2,1,2,1,2,2,1,2,1,2,2,1,1,2
392,4,4,3,5,4,5,5,5,1,3,31.0,,,2.0,3.0,3.0,3.0,,,,,5.0,,,2.0,1.0,,,,,1.0,4.0,4.0,,,,,10.0,,2.0,,5.0,,1.0,,,3.0,1.0,1.0,1.0,2.0,1.0,1.0,2.0,1.0,1.0,2.0,,,,,,,6,2,4,4,5,7,5,5,2,2,45.0,31.0,33.0,76.0,63.0,75.0,91.0,79.0,35.0,73.0,2,2,2,2,1,1,1,2,1,2,2,2,2,2,1,2,1,2,2,2,2,2,1,2,1,2,2,2,2,2,1,2,2,2,1,2,2,2,1,2
768,5,5,5,4,4,5,4,4,5,4,,51.0,1.0,,1.0,5.0,4.0,,,,,1.0,1.0,54.0,,1.0,,,,,,,,1.0,5.0,6.0,10.0,,2.0,,,9.0,,,1.0,,6.0,1.0,1.0,1.0,1.0,1.0,1.0,1.0,1.0,1.0,1.0,,,,,,,7,6,7,7,6,6,7,7,1,2,68.0,66.0,68.0,71.0,48.0,41.0,59.0,38.0,86.0,64.0,1,1,1,1,1,1,1,1,2,1,1,1,1,2,1,1,1,2,2,1,1,1,1,2,1,1,1,1,1,1,1,1,1,2,1,1,2,1,1,1
174,5,5,4,2,5,4,5,5,5,4,70.0,,,3.0,3.0,2.0,4.0,,,,,7.0,,,2.0,1.0,,,,,,,,2.0,5.0,6.0,,5.0,,2.0,2.0,,,,1.0,6.0,,,,,,,,,,,,1.0,1.0,1.0,1.0,1.0,1.0,7,1,1,2,5,6,7,6,3,2,72.0,87.0,82.0,58.0,68.0,46.0,86.0,78.0,65.0,42.0,1,2,2,1,2,2,2,2,2,1,2,1,2,2,2,2,2,1,2,1,1,1,1,1,2,2,2,2,1,1,2,2,2,2,2,1,2,1,2,1
800,1,2,1,4,4,1,4,2,5,4,70.0,,4.0,,,,,2.0,4.0,3.0,,6.0,,,2.0,,1.0,,,,1.0,2.0,2.0,,,,,0.0,,1.0,1.0,,,1.0,,2.0,,1.0,1.0,1.0,1.0,1.0,1.0,1.0,1.0,1.0,1.0,,,,,,,5,1,2,1,2,5,7,7,1,1,0.0,5.0,0.0,50.0,25.0,10.0,90.0,27.0,95.0,40.0,2,1,1,2,2,2,2,2,1,1,1,2,2,2,2,2,2,2,2,2,2,2,1,2,1,2,2,1,2,2,2,2,2,2,2,2,2,2,2,2
973,5,4,5,5,5,5,5,4,4,5,81.0,,,2.0,4.0,3.0,3.0,,,,,5.0,,,2.0,2.0,,4.0,5.0,6.0,,,,,,,,15.0,2.0,,5.0,,,2.0,,,6.0,,,,,,,,,,,1.0,2.0,1.0,1.0,1.0,1.0,6,5,4,5,2,5,5,5,4,2,61.0,57.0,63.0,64.0,76.0,69.0,64.0,57.0,78.0,62.0,1,1,2,2,1,1,1,1,2,1,1,1,1,1,1,1,1,1,1,1,1,2,2,1,1,1,1,1,1,1,1,1,1,1,1,2,1,1,1,1
96,3,3,3,4,4,3,4,5,3,5,,30.0,4.0,,5.0,5.0,5.0,,,,,6.0,,,2.0,1.0,,,,,3.0,5.0,5.0,,,,,15.0,,1.0,2.0,,,2.0,,4.0,,,,,,,,,,,,1.0,1.0,2.0,1.0,2.0,1.0,6,1,1,1,2,6,7,7,2,1,36.0,45.0,43.0,33.0,45.0,25.0,38.0,28.0,41.0,51.0,1,2,1,1,1,1,2,2,2,2,2,2,2,1,1,2,1,2,2,1,1,2,2,1,2,1,1,2,2,2,1,2,2,2,2,1,1,1,1,1
101,4,4,4,5,5,4,4,5,3,4,50.0,,2.0,,3.0,3.0,3.0,,,,6.0,,1.0,50.0,,,2.0,1.0,4.0,4.0,,,,,,,,10.0,,2.0,3.0,,,,1.0,6.0,,,,,,,,,,,,1.0,2.0,1.0,2.0,1.0,2.0,4,1,4,4,2,6,6,6,3,1,30.0,15.0,5.0,75.0,45.0,20.0,65.0,85.0,50.0,80.0,1,1,1,1,1,2,1,2,2,2,2,2,1,2,2,1,1,2,1,2,1,1,2,2,1,2,2,2,1,1,1,2,1,1,1,1,2,1,2,2
488,2,2,1,4,4,2,3,5,5,4,20.0,,,1.0,,,,2.0,3.0,3.0,3.0,,,,2.0,1.0,,,,,,,,1.0,5.0,5.0,,5.0,1.0,,1.0,,,,1.0,6.0,,,,,,,,,,,,1.0,1.0,1.0,2.0,1.0,2.0,5,1,5,2,2,5,5,6,2,2,40.0,22.0,30.0,45.0,49.0,35.0,58.0,89.0,74.0,75.0,2,2,2,2,2,2,2,2,1,2,1,2,2,2,2,2,1,2,1,2,1,1,2,2,2,2,2,1,1,2,1,2,2,2,2,1,2,2,2,1
294,3,4,4,3,4,4,3,3,4,4,,60.0,5.0,,,,,3.0,2.0,3.0,,6.0,1.0,52.0,,,1.0,,,,3.0,4.0,4.0,,,,,14.0,,2.0,,,2.0,,2.0,2.0,,1.0,2.0,1.0,1.0,2.0,1.0,2.0,1.0,2.0,2.0,,,,,,,5,5,4,3,2,5,5,5,2,2,71.0,36.0,60.0,43.0,36.0,51.0,53.0,42.0,46.0,46.0,1,1,2,2,1,1,1,2,2,1,1,2,1,2,1,2,1,2,2,1,1,1,2,2,2,1,2,1,1,1,1,1,2,2,1,1,1,2,1,1
57,5,5,5,5,4,1,5,4,5,5,35.0,,,5.0,,,,5.0,2.0,1.0,3.0,,1.0,54.0,,,2.0,,,,,,,5.0,5.0,5.0,,15.0,1.0,,1.0,,,,1.0,6.0,,2.0,2.0,2.0,2.0,1.0,1.0,2.0,2.0,2.0,1.0,,,,,,,5,3,2,1,5,6,7,7,1,2,60.0,73.0,53.0,35.0,46.0,36.0,30.0,62.0,58.0,53.0,1,1,1,1,1,1,2,2,1,1,1,1,1,1,1,1,1,1,1,1,1,2,1,1,1,1,1,1,1,1,1,2,2,2,2,1,2,1,1,1
326,1,3,1,1,3,2,2,1,5,2,,50.0,,3.0,,,,2.0,5.0,3.0,,6.0,2.0,5.0,,1.0,,,,,2.0,5.0,6.0,,,,,20.0,,2.0,3.0,,,,2.0,4.0,,1.0,1.0,2.0,1.0,2.0,1.0,1.0,1.0,2.0,1.0,,,,,,,7,1,6,3,1,7,6,6,1,2,20.0,15.0,10.0,5.0,34.0,13.0,20.0,36.0,64.0,21.0,1,2,2,1,1,2,1,1,1,2,2,1,1,1,2,2,2,2,2,1,2,2,1,1,1,1,1,2,2,1,2,1,2,1,2,1,1,1,2,2
255,4,4,4,4,4,4,4,4,2,3,,57.0,,2.0,3.0,3.0,3.0,,,,6.0,,,,2.0,1.0,,2.0,5.0,3.0,,,,,,,,13.0,,1.0,,,3.0,2.0,,,5.0,1.0,1.0,1.0,1.0,1.0,1.0,1.0,1.0,1.0,1.0,,,,,,,7,2,3,2,3,6,5,6,4,1,42.0,40.0,39.0,42.0,43.0,42.0,44.0,44.0,38.0,38.0,2,2,2,2,2,2,1,2,2,2,2,2,2,2,2,2,2,2,2,2,2,2,2,2,2,2,2,2,2,2,2,2,2,2,2,2,2,2,2,2
449,4,3,4,4,5,3,5,5,2,2,70.0,,,2.0,,,,3.0,3.0,3.0,,3.0,,,2.0,1.0,,1.0,3.0,4.0,,,,,,,20.0,,1.0,,3.0,,,2.0,,2.0,,,,,,,,,,,,1.0,1.0,1.0,1.0,1.0,1.0,5,1,4,3,3,5,6,6,3,1,40.0,10.0,35.0,25.0,45.0,40.0,55.0,65.0,80.0,15.0,2,2,2,2,1,2,1,2,1,2,2,2,2,2,2,2,1,2,1,2,1,2,2,2,2,2,1,2,2,2,2,2,2,1,2,1,2,2,1,1
482,4,3,4,4,3,4,3,4,4,3,,67.0,,1.0,4.0,3.0,4.0,,,,,3.0,,,2.0,1.0,,,,,4.0,3.0,4.0,,,,,15.0,,1.0,9.0,,,1.0,,5.0,,2.0,1.0,2.0,1.0,2.0,1.0,2.0,2.0,1.0,1.0,,,,,,,4,1,3,4,3,2,3,3,3,2,17.0,19.0,42.0,27.0,50.0,47.0,27.0,30.0,25.0,33.0,2,1,1,1,1,1,2,2,2,2,1,2,2,1,1,2,2,2,1,2,1,1,1,2,1,1,2,1,1,2,1,2,1,1,1,1,2,2,1,2
717,2,4,3,1,4,4,5,2,5,4,54.0,,3.0,,2.0,3.0,3.0,,,,3.0,,,,2.0,1.0,,,,,1.0,4.0,6.0,,,,18.0,,1.0,,,10.0,,1.0,,4.0,,1.0,1.0,1.0,1.0,1.0,1.0,1.0,1.0,1.0,1.0,,,,,,,6,1,5,5,1,6,5,5,3,1,42.0,47.0,51.0,32.0,50.0,70.0,65.0,70.0,90.0,75.0,2,2,1,2,2,2,1,2,2,2,1,2,2,2,2,2,1,2,1,2,2,1,1,1,2,2,1,2,2,1,2,2,2,1,1,1,1,1,1,1
664,1,4,2,4,5,3,4,5,3,4,70.0,,3.0,,2.0,4.0,3.0,,,,,6.0,1.0,50.0,,1.0,,,,,1.0,1.0,1.0,,,,,15.0,1.0,,,,1.0,2.0,,,4.0,1.0,1.0,1.0,1.0,1.0,2.0,1.0,2.0,1.0,2.0,,,,,,,6,4,3,3,2,5,5,5,4,1,14.0,26.0,33.0,41.0,62.0,24.0,58.0,89.0,48.0,54.0,2,1,2,1,1,1,1,1,2,2,1,1,1,2,2,2,2,1,2,2,1,2,2,2,2,2,1,2,1,2,1,1,2,2,2,2,2,1,2,2
979,4,4,4,5,5,3,4,4,4,4,,30.0,4.0,,2.0,1.0,4.0,,,,,,2.0,7.0,,,2.0,,,,,,,2.0,4.0,6.0,,0.0,1.0,,,3.0,,1.0,,,4.0,1.0,1.0,2.0,2.0,1.0,1.0,1.0,2.0,1.0,1.0,,,,,,,6,2,4,3,1,5,6,5,3,1,65.0,50.0,25.0,40.0,25.0,30.0,70.0,80.0,60.0,25.0,2,1,2,1,2,1,2,1,2,2,2,2,2,1,1,1,2,1,1,2,1,1,2,2,2,1,1,1,1,1,2,1,2,2,2,1,1,1,2,1
530,4,3,3,4,4,4,4,4,4,4,,70.0,4.0,,,,,3.0,4.0,2.0,6.0,,,,2.0,1.0,,,,,,,,4.0,2.0,3.0,,20.0,,2.0,2.0,,,,2.0,,5.0,,,,,,,,,,,1.0,1.0,2.0,1.0,1.0,2.0,6,4,3,3,5,6,6,6,1,2,40.0,30.0,30.0,60.0,60.0,50.0,60.0,70.0,61.0,61.0,2,2,2,2,2,2,1,2,2,1,2,2,2,1,2,2,2,2,2,1,2,2,2,2,2,2,2,2,2,2,2,2,1,2,1,1,2,2,2,2
443,5,5,5,5,5,5,5,5,1,1,,30.0,4.0,,,,,3.0,3.0,3.0,5.0,,,,2.0,,2.0,,,,5.0,5.0,6.0,,,,,15.0,1.0,,,6.0,,2.0,,,6.0,,,,,,,,,,,2.0,2.0,2.0,2.0,2.0,2.0,7,1,4,5,1,7,6,5,4,1,50.0,33.0,33.0,45.0,55.0,40.0,60.0,50.0,51.0,50.0,2,1,1,1,1,2,2,1,1,2,2,1,2,1,2,2,1,2,1,2,2,1,2,2,2,1,1,1,1,1,1,1,1,2,1,1,2,2,1,2
545,5,3,5,5,5,3,5,5,3,5,,50.0,4.0,,,,,4.0,5.0,1.0,4.0,,,,2.0,1.0,,,,,3.0,5.0,4.0,,,,15.0,,1.0,,1.0,,,1.0,,3.0,,,,,,,,,,,,1.0,2.0,1.0,2.0,1.0,2.0,7,1,4,4,1,7,7,7,3,1,100.0,75.0,100.0,100.0,99.0,50.0,100.0,100.0,50.0,100.0,2,2,1,2,1,2,1,2,1,2,2,1,2,1,2,1,1,1,2,2,2,1,2,1,2,1,1,1,1,1,1,2,1,2,2,2,2,2,2,2
436,4,4,5,5,3,5,5,5,2,1,70.0,,,3.0,,,,4.0,4.0,4.0,,6.0,1.0,18.0,,1.0,,1.0,5.0,6.0,,,,,,,,5.0,1.0,,7.0,,,,1.0,,5.0,1.0,1.0,1.0,1.0,1.0,1.0,1.0,1.0,1.0,1.0,,,,,,,6,1,5,4,2,6,5,6,3,1,66.0,75.0,70.0,70.0,30.0,60.0,80.0,67.0,38.0,28.0,2,2,1,2,1,1,2,1,1,2,2,2,2,1,2,2,1,2,2,1,1,2,1,2,1,1,2,2,1,2,1,2,1,1,2,1,2,2,2,1
359,4,4,4,5,3,1,4,3,5,4,,30.0,6.0,,,,,3.0,2.0,2.0,6.0,,,,2.0,1.0,,,,,,,,4.0,5.0,5.0,15.0,,1.0,,,,2.0,2.0,,4.0,,1.0,1.0,1.0,1.0,1.0,1.0,1.0,2.0,2.0,2.0,,,,,,,6,2,1,1,2,5,6,7,1,1,50.0,71.0,49.0,86.0,79.0,22.0,87.0,69.0,91.0,85.0,1,1,2,1,1,1,2,1,1,2,2,1,2,2,1,2,2,2,1,2,1,1,1,2,1,2,2,1,1,2,1,2,1,2,2,2,1,1,2,2
28,3,4,4,5,5,4,4,4,2,2,,75.0,5.0,,,,,5.0,5.0,4.0,4.0,,,,2.0,1.0,,2.0,5.0,5.0,,,,,,,,0.0,2.0,,,8.0,,,1.0,,5.0,1.0,2.0,1.0,2.0,1.0,2.0,1.0,2.0,1.0,2.0,,,,,,,6,4,5,5,5,6,6,6,4,1,50.0,30.0,30.0,30.0,52.0,20.0,51.0,75.0,49.0,50.0,1,1,2,2,1,2,1,1,2,2,1,2,2,2,2,2,1,1,1,1,1,2,2,2,2,2,2,2,2,2,2,2,2,2,1,2,2,1,2,2
762,4,5,2,5,1,4,5,5,5,1,30.0,,,3.0,2.0,3.0,5.0,,,,6.0,,2.0,3.0,,1.0,,,,,,,,5.0,4.0,2.0,,10.0,,2.0,2.0,,,,2.0,3.0,,2.0,2.0,1.0,1.0,2.0,2.0,1.0,2.0,2.0,2.0,,,,,,,6,2,5,5,2,7,7,7,2,2,40.0,50.0,25.0,70.0,25.0,85.0,100.0,87.0,60.0,10.0,1,1,2,1,1,1,2,1,1,1,1,2,1,1,1,1,1,1,1,1,2,1,1,1,2,2,1,1,1,1,2,1,1,2,1,1,1,1,2,1
611,2,4,4,5,4,5,5,5,1,5,97.0,,,4.0,3.0,4.0,3.0,,,,,6.0,1.0,18.0,,1.0,,,,,5.0,5.0,6.0,,,,18.0,,2.0,,,3.0,,1.0,,1.0,,,,,,,,,,,,1.0,1.0,2.0,1.0,1.0,2.0,5,1,5,5,3,7,1,3,3,2,37.0,88.0,69.0,94.0,52.0,54.0,96.0,91.0,48.0,98.0,2,2,2,2,2,2,2,2,2,2,1,2,2,2,2,2,2,2,2,2,1,2,2,2,2,2,2,2,2,2,1,2,2,2,2,2,2,1,2,1
398,2,4,4,5,5,5,5,5,3,5,74.0,,4.0,,4.0,4.0,5.0,,,,,7.0,,,2.0,,2.0,,,,,,,4.0,4.0,2.0,,10.0,2.0,,8.0,,,,1.0,4.0,,1.0,1.0,1.0,2.0,1.0,1.0,1.0,2.0,1.0,1.0,,,,,,,6,3,5,4,2,5,6,7,1,1,33.0,22.0,34.0,71.0,88.0,67.0,95.0,94.0,42.0,99.0,2,2,1,2,2,2,1,1,1,1,2,1,2,2,2,1,2,2,2,1,1,2,1,2,2,1,1,2,1,2,2,1,2,2,2,1,1,1,2,2
584,3,3,3,3,4,3,5,2,1,3,62.0,,,4.0,,,,5.0,2.0,1.0,6.0,,1.0,54.0,,,2.0,,,,1.0,3.0,4.0,,,,5.0,,2.0,,,,1.0,,1.0,,6.0,1.0,1.0,2.0,2.0,1.0,1.0,1.0,1.0,2.0,1.0,,,,,,,7,1,2,2,1,7,7,6,1,2,51.0,54.0,50.0,63.0,64.0,63.0,56.0,65.0,1.0,56.0,2,2,1,2,1,1,2,2,1,2,2,1,2,1,2,1,1,2,2,1,2,1,2,2,2,2,1,2,1,2,1,2,1,1,1,2,2,2,2,1
187,4,5,5,5,4,5,4,4,1,2,70.0,,4.0,,3.0,3.0,3.0,,,,,6.0,,,2.0,1.0,,1.0,3.0,4.0,,,,,,,,10.0,,1.0,,,1.0,,2.0,3.0,,,,,,,,,,,,1.0,2.0,1.0,2.0,1.0,1.0,6,3,6,6,2,6,6,6,3,1,30.0,64.0,20.0,36.0,49.0,45.0,66.0,67.0,51.0,33.0,2,1,1,2,2,1,1,2,1,2,2,2,2,2,2,2,1,2,2,2,2,1,2,2,2,1,2,2,2,2,2,1,1,2,2,2,1,1,2,2
212,4,2,2,3,5,4,5,5,4,5,,71.0,,5.0,,,,5.0,4.0,5.0,2.0,,,,2.0,,1.0,,,,,,,4.0,4.0,3.0,,15.0,1.0,,,3.0,,1.0,,,5.0,,,,,,,,,,,1.0,1.0,1.0,1.0,1.0,1.0,7,2,2,4,2,5,6,7,3,1,61.0,19.0,10.0,70.0,45.0,80.0,96.0,91.0,65.0,82.0,1,1,1,1,2,2,1,2,1,1,2,1,1,2,1,2,1,1,1,1,2,1,1,2,2,1,1,1,2,1,1,1,1,1,2,2,2,2,1,2
361,4,5,4,5,3,5,4,5,2,4,92.0,,,3.0,,,,2.0,4.0,3.0,,7.0,,,2.0,,1.0,2.0,5.0,5.0,,,,,,,,10.0,,1.0,3.0,,,2.0,,,4.0,,,,,,,,,,,1.0,1.0,1.0,2.0,2.0,1.0,6,3,3,2,3,5,6,7,3,1,39.0,43.0,41.0,48.0,48.0,46.0,58.0,50.0,47.0,51.0,1,2,2,2,1,1,1,2,2,2,1,1,1,1,1,1,1,2,2,2,1,1,1,2,2,1,2,2,2,2,1,1,2,1,1,1,2,2,2,2
10,5,5,5,5,5,5,5,5,1,1,80.0,,,3.0,2.0,1.0,1.0,,,,,7.0,,,2.0,1.0,,,,,4.0,5.0,5.0,,,,20.0,,1.0,,6.0,,,2.0,,,6.0,,,,,,,,,,,1.0,1.0,1.0,1.0,1.0,1.0,7,5,5,6,2,3,5,5,4,1,54.0,13.0,45.0,52.0,53.0,55.0,65.0,70.0,46.0,26.0,2,2,1,1,2,1,2,2,2,2,2,2,2,2,2,2,1,2,1,2,1,2,2,2,2,2,2,2,2,2,2,1,2,2,2,2,1,2,1,1
886,3,3,3,4,4,5,3,5,3,2,,3.0,,4.0,2.0,4.0,4.0,,,,,,,,,,1.0,,,,4.0,3.0,6.0,,,,,3.0,,2.0,1.0,,,1.0,,,5.0,,,,,,,,,,,1.0,2.0,1.0,2.0,1.0,1.0,7,5,4,4,3,5,6,7,3,1,25.0,25.0,40.0,30.0,25.0,80.0,50.0,50.0,50.0,10.0,2,2,1,2,2,1,2,1,2,1,2,1,1,1,2,2,1,1,2,1,1,1,2,1,1,1,1,1,2,1,1,1,1,2,1,1,1,1,2,1
629,4,3,4,5,3,5,4,4,1,3,100.0,,2.0,,,,,4.0,4.0,3.0,,5.0,1.0,14.0,,,2.0,,,,,,,1.0,2.0,3.0,20.0,,1.0,,3.0,,,1.0,,5.0,,2.0,2.0,2.0,2.0,2.0,2.0,2.0,2.0,2.0,2.0,,,,,,,7,4,2,4,2,6,7,5,1,2,60.0,25.0,50.0,75.0,50.0,40.0,80.0,30.0,55.0,50.0,2,1,1,1,2,2,1,2,2,2,2,2,2,1,2,2,1,1,2,1,2,1,2,2,2,2,2,2,1,1,2,2,1,2,1,1,1,2,1,2
146,4,4,4,4,4,3,2,4,4,3,70.0,,,3.0,,,,3.0,3.0,2.0,4.0,,1.0,40.0,,,1.0,,,,,,,3.0,4.0,6.0,,20.0,,2.0,,,4.0,1.0,,4.0,,,,,,,,,,,,1.0,1.0,1.0,2.0,2.0,2.0,6,2,2,2,4,6,6,6,2,1,25.0,7.0,16.0,26.0,25.0,37.0,32.0,55.0,26.0,40.0,2,1,2,2,2,1,2,1,1,2,2,2,2,1,1,2,2,2,2,2,2,2,1,2,2,2,2,2,2,1,2,2,2,2,1,2,2,2,1,2
934,5,5,5,5,5,5,5,5,2,5,70.0,,,4.0,,,,3.0,3.0,3.0,,7.0,,,2.0,,2.0,,,,,,,1.0,5.0,6.0,15.0,,2.0,,,4.0,,2.0,,5.0,,1.0,2.0,1.0,1.0,1.0,2.0,1.0,1.0,1.0,2.0,,,,,,,7,1,4,6,2,7,6,5,2,1,70.0,60.0,70.0,85.0,85.0,90.0,90.0,90.0,75.0,90.0,1,2,2,1,2,2,1,2,2,2,2,2,2,2,1,2,2,2,2,2,2,2,1,2,2,2,2,2,2,1,2,2,2,2,2,1,2,2,2,2
847,5,2,4,5,5,5,5,5,5,5,,30.0,,5.0,2.0,2.0,5.0,,,,5.0,,,,2.0,,2.0,,,,4.0,4.0,2.0,,,,15.0,,1.0,,,,2.0,,2.0,5.0,,1.0,1.0,2.0,2.0,1.0,2.0,2.0,1.0,2.0,2.0,,,,,,,7,5,3,5,2,5,3,3,1,2,91.0,36.0,60.0,93.0,91.0,68.0,89.0,86.0,87.0,100.0,2,1,1,2,1,1,1,1,2,1,1,1,1,1,1,1,1,1,2,2,1,1,1,1,2,1,1,2,2,1,1,2,2,2,2,1,1,1,1,1
133,1,3,1,1,5,3,3,5,5,5,100.0,,,6.0,5.0,2.0,2.0,,,,6.0,,1.0,45.0,,,2.0,1.0,1.0,6.0,,,,,,,20.0,,,2.0,2.0,,,1.0,,1.0,,,,,,,,,,,,1.0,1.0,1.0,2.0,1.0,2.0,7,2,6,5,2,7,6,7,1,2,10.0,30.0,75.0,25.0,90.0,26.0,42.0,88.0,84.0,84.0,2,2,2,2,2,2,2,1,2,2,2,2,2,2,2,2,2,2,1,2,2,1,2,2,1,2,2,2,1,2,2,2,2,2,2,2,2,2,1,2
941,5,5,5,5,5,5,5,3,3,5,,90.0,5.0,,,,,4.0,5.0,4.0,,6.0,2.0,8.0,,1.0,,,,,,,,3.0,5.0,3.0,,15.0,1.0,,,3.0,,1.0,,6.0,,,,,,,,,,,,1.0,2.0,1.0,2.0,1.0,2.0,7,2,4,5,5,6,7,5,3,1,85.0,60.0,80.0,85.0,90.0,60.0,95.0,95.0,97.0,90.0,2,2,2,1,1,1,2,1,2,2,2,1,1,2,2,2,1,1,2,1,2,2,1,1,1,1,1,2,1,2,2,2,2,1,2,1,2,1,2,2
832,5,5,3,4,3,5,4,5,2,3,90.0,,,2.0,4.0,4.0,5.0,,,,6.0,,,,2.0,1.0,,,,,,,,1.0,5.0,5.0,9.0,,1.0,,,7.0,,,1.0,,4.0,1.0,1.0,1.0,1.0,1.0,1.0,1.0,1.0,1.0,1.0,,,,,,,7,5,5,5,1,3,5,6,1,1,59.0,36.0,35.0,43.0,38.0,61.0,71.0,80.0,52.0,44.0,2,1,1,2,1,1,1,2,1,1,1,2,2,1,1,2,1,2,1,2,1,2,1,1,1,1,1,1,1,2,1,2,1,1,1,2,2,1,1,1
267,5,3,5,5,5,5,5,5,3,5,,29.0,1.0,,5.0,3.0,4.0,,,,7.0,,2.0,7.0,,,2.0,,,,,,,5.0,5.0,3.0,20.0,,2.0,,9.0,,,1.0,,,1.0,2.0,1.0,2.0,1.0,1.0,2.0,1.0,1.0,1.0,1.0,,,,,,,7,3,2,2,1,5,6,7,2,1,61.0,44.0,52.0,87.0,92.0,67.0,93.0,97.0,76.0,86.0,1,2,1,2,1,2,1,2,1,2,1,2,1,2,1,2,1,2,1,2,1,1,1,2,1,2,1,2,1,2,1,2,1,2,1,2,1,2,1,2
314,4,5,4,5,5,1,4,5,5,5,70.0,,,1.0,2.0,3.0,4.0,,,,,6.0,1.0,17.0,,,2.0,,,,,,,4.0,5.0,6.0,,17.0,1.0,,4.0,,,1.0,,,5.0,,,,,,,,,,,1.0,2.0,2.0,1.0,1.0,1.0,3,2,3,5,5,6,5,5,3,1,66.0,54.0,78.0,94.0,98.0,11.0,59.0,85.0,93.0,97.0,2,1,1,2,2,2,2,1,2,2,1,2,2,2,1,2,1,2,1,2,2,1,2,1,2,1,2,2,1,1,2,2,1,2,1,1,1,1,2,2
508,4,4,3,5,5,5,5,5,4,5,91.0,,,3.0,,,,5.0,4.0,2.0,,6.0,1.0,20.0,,2.0,,,,,,,,2.0,4.0,5.0,,15.0,,2.0,7.0,,,1.0,,5.0,,,,,,,,,,,,1.0,1.0,2.0,1.0,1.0,2.0,6,2,4,5,4,6,6,4,3,1,25.0,20.0,11.0,77.0,83.0,42.0,76.0,54.0,82.0,91.0,1,1,1,1,2,1,1,2,1,2,2,2,1,2,2,2,1,1,1,2,2,1,1,1,2,2,2,2,2,1,1,1,1,1,1,2,1,1,2,1
980,1,3,1,2,3,3,5,3,5,5,,17.0,,3.0,,,,3.0,3.0,3.0,4.0,,,,2.0,1.0,,,,,3.0,1.0,3.0,,,,,0.0,1.0,,,,1.0,1.0,,,3.0,,,,,,,,,,,1.0,1.0,1.0,1.0,2.0,2.0,5,1,1,1,2,7,7,7,1,2,12.0,12.0,8.0,7.0,49.0,26.0,68.0,35.0,55.0,60.0,2,2,2,1,2,2,2,1,2,2,2,2,2,2,2,2,2,2,2,1,2,2,2,2,2,2,2,2,2,2,2,2,2,1,2,1,2,2,2,2
65,5,5,5,5,1,5,4,5,1,4,70.0,,2.0,,3.0,3.0,3.0,,,,6.0,,1.0,20.0,,,1.0,2.0,4.0,1.0,,,,,,,,15.0,,1.0,,,1.0,2.0,,6.0,,,,,,,,,,,,1.0,1.0,1.0,2.0,2.0,1.0,5,2,2,2,2,5,6,7,2,1,55.0,20.0,45.0,52.0,20.0,50.0,25.0,40.0,25.0,35.0,1,1,2,2,1,2,2,1,2,2,2,2,2,2,2,2,2,1,2,2,2,2,2,2,1,1,2,2,1,2,2,1,2,2,2,1,2,1,2,2
838,5,5,5,4,5,5,5,5,4,5,70.0,,5.0,,,,,3.0,3.0,3.0,,5.0,,,2.0,,2.0,,,,5.0,5.0,3.0,,,,,5.0,,2.0,,,2.0,2.0,,,6.0,,,,,,,,,,,1.0,1.0,1.0,1.0,1.0,1.0,7,2,4,4,2,6,5,5,2,1,65.0,44.0,59.0,57.0,68.0,54.0,85.0,85.0,51.0,82.0,1,2,2,2,2,1,2,2,1,2,1,1,2,1,2,2,2,2,2,1,2,2,2,1,2,1,1,2,1,2,1,1,2,2,2,2,2,2,2,2
139,2,3,3,4,4,2,4,5,3,4,,72.0,,1.0,1.0,1.0,3.0,,,,,4.0,2.0,1.0,,,2.0,1.0,5.0,4.0,,,,,,,,10.0,,1.0,,,1.0,1.0,,,5.0,1.0,1.0,1.0,1.0,1.0,1.0,1.0,2.0,2.0,2.0,,,,,,,4,2,2,2,4,3,3,3,3,1,54.0,75.0,78.0,75.0,72.0,72.0,76.0,85.0,83.0,79.0,1,1,1,2,1,2,2,1,1,1,1,1,1,2,1,1,1,1,1,1,1,1,1,1,1,1,1,1,1,1,1,1,2,1,1,1,1,1,1,2
656,3,4,5,5,5,1,5,3,5,5,,31.0,,5.0,5.0,1.0,3.0,,,,3.0,,,,1.0,1.0,,4.0,5.0,5.0,,,,,,,5.0,,2.0,,,1.0,,1.0,,,6.0,1.0,1.0,1.0,1.0,1.0,1.0,1.0,1.0,1.0,1.0,,,,,,,6,1,4,1,1,6,5,7,1,1,20.0,100.0,100.0,51.0,47.0,32.0,31.0,22.0,100.0,100.0,1,1,1,2,1,2,2,1,1,2,1,2,1,1,2,1,2,1,2,2,2,2,1,2,1,1,1,2,1,1,1,1,1,1,2,2,2,1,1,1
725,4,5,4,5,5,4,5,5,5,5,82.0,,,3.0,,,,4.0,4.0,3.0,,7.0,1.0,20.0,,,1.0,4.0,4.0,5.0,,,,,,,20.0,,,2.0,,,1.0,1.0,,,6.0,1.0,1.0,1.0,1.0,1.0,1.0,1.0,1.0,1.0,1.0,,,,,,,7,3,2,3,1,6,7,7,1,1,30.0,61.0,49.0,100.0,100.0,61.0,100.0,100.0,100.0,100.0,2,2,1,1,2,2,2,1,2,1,1,2,2,1,2,2,1,1,2,2,2,1,1,1,2,1,2,2,2,2,2,2,1,2,1,1,2,2,1,2
697,5,5,5,5,5,5,5,5,2,2,,30.0,5.0,,2.0,3.0,3.0,,,,6.0,,,,2.0,1.0,,,,,,,,1.0,5.0,2.0,10.0,,1.0,,,9.0,,1.0,,5.0,,,,,,,,,,,,1.0,1.0,2.0,1.0,2.0,1.0,6,2,2,1,3,6,7,7,3,2,81.0,77.0,80.0,88.0,93.0,76.0,97.0,95.0,49.0,51.0,2,2,2,2,2,2,2,2,2,2,2,2,1,2,2,2,2,2,1,1,2,1,2,2,2,1,1,2,2,1,2,2,1,2,2,2,2,1,2,1
471,2,2,4,5,4,4,5,4,1,3,70.0,,,1.0,,,,3.0,4.0,3.0,5.0,,1.0,54.0,,1.0,,1.0,5.0,1.0,,,,,,,,0.0,,1.0,,,4.0,1.0,,2.0,,1.0,1.0,1.0,1.0,1.0,1.0,1.0,1.0,1.0,1.0,,,,,,,7,1,6,6,1,6,6,5,1,1,50.0,50.0,50.0,50.0,50.0,50.0,50.0,50.0,50.0,50.0,2,2,1,1,2,2,1,1,2,2,1,2,2,2,2,1,1,2,2,1,2,1,2,1,1,1,2,2,1,2,1,2,1,2,2,2,1,2,2,1
502,4,5,4,5,5,5,3,5,2,5,90.0,,4.0,,2.0,2.0,1.0,,,,6.0,,1.0,20.0,,1.0,,,,,,,,1.0,5.0,1.0,0.0,,1.0,,,3.0,,1.0,,,6.0,1.0,1.0,2.0,1.0,1.0,1.0,2.0,1.0,1.0,2.0,,,,,,,7,1,1,5,1,5,5,6,2,2,81.0,29.0,89.0,94.0,92.0,10.0,94.0,81.0,91.0,75.0,2,1,2,2,2,2,2,2,2,1,1,2,2,2,2,1,1,1,1,1,1,1,2,2,2,1,1,2,2,1,1,1,2,2,2,2,1,2,1,1
404,4,4,4,5,5,4,4,5,5,5,70.0,,,4.0,,,,4.0,4.0,1.0,,6.0,,,2.0,,2.0,,,,4.0,5.0,6.0,,,,,10.0,,2.0,,9.0,,,1.0,,6.0,,,,,,,,,,,1.0,1.0,1.0,1.0,2.0,2.0,7,2,3,2,3,5,7,7,2,1,37.0,51.0,70.0,75.0,77.0,25.0,80.0,76.0,75.0,67.0,2,2,2,2,2,1,2,2,1,2,1,2,2,2,1,2,2,2,1,2,1,2,1,1,2,1,1,2,2,2,1,1,2,2,2,1,2,2,2,2
577,2,3,3,4,3,1,3,5,5,5,,37.0,6.0,,4.0,2.0,5.0,,,,3.0,,,,1.0,2.0,,,,,1.0,3.0,3.0,,,,12.0,,,2.0,1.0,,,1.0,,5.0,,1.0,2.0,2.0,2.0,1.0,2.0,1.0,2.0,1.0,1.0,,,,,,,3,1,1,1,5,7,7,7,3,1,17.0,39.0,13.0,9.0,55.0,3.0,57.0,0.0,100.0,53.0,2,2,2,2,2,1,1,1,1,1,2,2,1,1,2,2,1,1,2,1,1,1,1,2,2,2,1,2,1,2,2,1,2,2,2,2,1,2,2,2
218,2,4,3,4,3,2,5,2,4,4,,80.0,5.0,,,,,3.0,4.0,3.0,,6.0,,,2.0,,2.0,2.0,4.0,5.0,,,,,,,20.0,,,1.0,,8.0,,2.0,,,2.0,1.0,1.0,2.0,1.0,1.0,2.0,1.0,1.0,2.0,1.0,,,,,,,6,5,2,2,5,6,6,6,3,2,40.0,60.0,60.0,80.0,50.0,50.0,80.0,50.0,80.0,75.0,1,2,2,2,2,1,1,2,1,2,1,1,1,2,2,2,2,1,1,1,2,2,2,2,1,1,2,1,1,1,1,2,2,2,1,1,2,2,2,2
791,5,3,4,1,5,1,4,5,5,5,96.0,,,1.0,1.0,3.0,6.0,,,,5.0,,2.0,8.0,,1.0,,,,,3.0,5.0,6.0,,,,20.0,,1.0,,1.0,,,,1.0,,1.0,1.0,1.0,1.0,1.0,2.0,1.0,1.0,2.0,1.0,2.0,,,,,,,5,6,7,6,5,6,7,7,1,1,88.0,60.0,89.0,27.0,93.0,22.0,80.0,85.0,95.0,76.0,2,1,1,2,1,2,2,2,2,1,1,1,1,2,2,2,1,1,2,2,2,2,1,2,1,1,2,2,1,1,2,1,2,2,1,2,2,1,1,1
623,1,1,1,1,2,1,3,2,5,4,40.0,,,5.0,5.0,5.0,2.0,,,,6.0,,,,2.0,,2.0,,,,2.0,5.0,6.0,,,,,15.0,1.0,,,,3.0,1.0,,1.0,,,,,,,,,,,,1.0,1.0,2.0,1.0,2.0,1.0,4,5,3,4,5,4,5,6,1,2,10.0,15.0,20.0,5.0,10.0,0.0,70.0,35.0,80.0,60.0,1,1,2,2,1,1,2,1,2,2,2,2,2,1,2,2,2,2,2,2,2,2,1,2,1,1,1,2,2,2,1,2,2,2,2,2,2,1,1,1
750,5,5,5,5,5,5,5,5,1,3,,50.0,4.0,,4.0,4.0,3.0,,,,,5.0,1.0,20.0,,,1.0,,,,,,,1.0,5.0,6.0,,0.0,,1.0,10.0,,,,1.0,,6.0,1.0,1.0,1.0,1.0,1.0,1.0,1.0,1.0,1.0,1.0,,,,,,,6,2,3,3,5,6,6,6,3,2,40.0,30.0,40.0,30.0,50.0,40.0,40.0,50.0,40.0,50.0,1,2,2,2,2,1,2,2,2,2,2,2,1,1,2,2,2,2,2,1,2,1,2,1,2,2,2,2,2,2,1,2,2,2,2,2,2,2,2,2
435,1,1,1,1,5,1,1,1,5,5,,30.0,3.0,,1.0,3.0,1.0,,,,,6.0,2.0,5.0,,1.0,,5.0,1.0,1.0,,,,,,,20.0,,,2.0,1.0,,,,2.0,,1.0,1.0,1.0,1.0,1.0,1.0,1.0,1.0,1.0,1.0,1.0,,,,,,,6,4,6,6,3,3,3,3,3,1,29.0,10.0,16.0,32.0,59.0,48.0,22.0,12.0,54.0,55.0,2,1,2,2,1,2,2,2,2,2,2,1,2,1,2,2,1,1,1,2,1,1,1,2,2,1,2,2,2,2,1,1,2,1,2,2,1,1,1,2
546,3,4,3,3,3,2,2,4,4,2,,30.0,,3.0,4.0,3.0,3.0,,,,3.0,,,,2.0,1.0,,,,,4.0,3.0,4.0,,,,,15.0,2.0,,3.0,,,1.0,,,3.0,,,,,,,,,,,1.0,2.0,2.0,2.0,1.0,2.0,3,1,1,3,3,6,6,4,4,1,28.0,34.0,21.0,63.0,35.0,10.0,50.0,18.0,29.0,55.0,1,2,1,1,1,1,2,2,2,1,2,2,1,1,1,2,1,1,2,1,1,1,1,1,2,2,1,2,1,1,1,1,2,1,2,1,1,2,2,1
229,5,5,5,5,3,5,4,5,2,4,95.0,,,4.0,,,,3.0,3.0,3.0,6.0,,,,2.0,,1.0,5.0,5.0,4.0,,,,,,,,20.0,,2.0,10.0,,,,2.0,4.0,,1.0,1.0,2.0,1.0,2.0,1.0,1.0,1.0,2.0,1.0,,,,,,,7,4,2,2,2,6,7,7,3,1,70.0,50.0,50.0,70.0,70.0,40.0,60.0,80.0,85.0,70.0,1,2,2,1,2,2,2,2,2,1,2,1,1,1,1,2,1,2,2,1,1,2,1,2,2,1,1,1,2,2,2,2,2,1,2,2,2,2,1,2
612,2,2,4,1,4,5,5,2,5,4,,80.0,6.0,,,,,3.0,3.0,2.0,,6.0,,,2.0,,1.0,1.0,5.0,6.0,,,,,,,,0.0,,2.0,5.0,,,1.0,,2.0,,1.0,1.0,1.0,1.0,1.0,1.0,1.0,1.0,1.0,1.0,,,,,,,4,1,3,3,3,5,6,6,2,1,40.0,25.0,45.0,40.0,65.0,65.0,80.0,20.0,50.0,60.0,1,2,2,1,1,1,1,2,2,2,1,2,2,2,2,2,2,2,2,2,2,2,1,2,1,1,2,2,2,1,2,2,2,2,1,2,2,2,1,2
761,5,5,5,5,5,5,5,5,2,3,7.0,,,2.0,3.0,3.0,4.0,,,,,7.0,,,2.0,,1.0,,,,,,,4.0,5.0,4.0,,5.0,1.0,,,,2.0,,2.0,,4.0,,,,,,,,,,,1.0,2.0,1.0,1.0,2.0,1.0,6,1,5,3,2,6,5,7,4,2,25.0,15.0,45.0,45.0,65.0,30.0,25.0,30.0,25.0,52.0,2,1,2,2,2,1,2,2,1,2,1,2,1,1,1,2,1,1,2,2,2,2,2,2,2,2,1,2,2,2,2,2,1,1,2,2,1,2,2,2
587,1,5,4,5,3,1,5,5,4,2,,80.0,4.0,,2.0,1.0,1.0,,,,,6.0,1.0,46.0,,1.0,,,,,4.0,5.0,5.0,,,,,15.0,,2.0,1.0,,,,1.0,,6.0,1.0,1.0,1.0,1.0,1.0,1.0,1.0,1.0,1.0,1.0,,,,,,,7,1,1,3,2,6,7,3,3,1,10.0,60.0,55.0,90.0,40.0,70.0,95.0,66.0,55.0,30.0,2,2,1,1,1,1,2,2,1,1,1,2,1,1,1,2,2,1,1,2,2,2,2,1,1,2,2,2,1,1,1,2,1,1,1,2,1,1,2,1
809,5,4,4,5,3,5,5,5,4,5,,81.0,4.0,,3.0,4.0,6.0,,,,,6.0,,,2.0,1.0,,,,,2.0,5.0,3.0,,,,20.0,,2.0,,3.0,,,2.0,,,4.0,,,,,,,,,,,1.0,1.0,1.0,2.0,1.0,2.0,7,2,2,3,1,7,7,5,3,1,9.0,15.0,11.0,2.0,4.0,26.0,5.0,2.0,79.0,39.0,1,2,1,1,1,2,1,1,1,2,2,1,1,2,1,2,1,2,1,2,2,1,1,1,1,2,1,1,2,1,2,1,1,1,2,2,1,1,1,1
108,4,4,3,4,4,3,4,5,4,4,77.0,,,1.0,,,,2.0,3.0,2.0,,6.0,2.0,10.0,,,2.0,,,,1.0,5.0,4.0,,,,10.0,,1.0,,,,1.0,,2.0,4.0,,1.0,1.0,1.0,2.0,1.0,1.0,1.0,2.0,2.0,1.0,,,,,,,6,1,3,3,2,5,5,5,2,1,57.0,52.0,50.0,52.0,55.0,48.0,68.0,85.0,64.0,73.0,2,2,1,1,1,2,2,2,2,1,1,2,2,2,2,2,1,1,2,1,2,2,2,2,2,2,2,2,1,2,2,1,2,2,1,1,1,1,1,1
481,2,4,3,4,4,4,4,4,3,4,71.0,,,3.0,,,,3.0,3.0,2.0,3.0,,,,1.0,,1.0,2.0,3.0,4.0,,,,,,,15.0,,2.0,,,,2.0,,1.0,5.0,,,,,,,,,,,,1.0,1.0,2.0,1.0,1.0,2.0,6,2,2,2,3,4,6,6,1,1,71.0,22.0,41.0,65.0,48.0,41.0,47.0,29.0,88.0,48.0,1,2,1,2,1,2,2,2,2,2,1,2,2,2,2,2,2,2,2,1,2,2,2,1,2,1,2,1,2,2,1,1,2,1,2,2,1,2,1,2
667,1,1,1,1,1,1,1,1,5,3,70.0,,,3.0,,,,3.0,3.0,2.0,,6.0,1.0,15.0,,1.0,,2.0,2.0,1.0,,,,,,,20.0,,,2.0,1.0,,,,2.0,,2.0,,,,,,,,,,,1.0,1.0,1.0,1.0,1.0,1.0,5,6,2,2,2,5,6,6,1,1,1.0,1.0,1.0,1.0,1.0,1.0,1.0,1.0,99.0,41.0,2,1,2,2,1,2,2,1,2,2,2,1,1,1,2,2,2,1,2,1,2,2,1,1,1,1,1,2,1,1,1,2,2,1,2,2,1,1,2,2
714,5,4,5,4,5,5,5,5,2,4,50.0,,,4.0,4.0,2.0,2.0,,,,6.0,,1.0,48.0,,1.0,,3.0,4.0,5.0,,,,,,,18.0,,,2.0,3.0,,,2.0,,,5.0,1.0,1.0,2.0,1.0,1.0,2.0,1.0,1.0,2.0,1.0,,,,,,,4,2,2,2,6,6,6,5,3,1,75.0,49.0,86.0,87.0,94.0,60.0,80.0,96.0,36.0,86.0,1,1,2,2,2,1,2,2,1,2,2,2,2,2,2,1,2,1,1,2,1,2,2,1,2,1,2,2,1,2,1,2,2,2,2,1,1,1,2,2
440,4,3,4,4,5,4,5,5,3,2,71.0,,,5.0,,,,5.0,5.0,4.0,6.0,,1.0,20.0,,,1.0,1.0,4.0,4.0,,,,,,,18.0,,,1.0,,,1.0,,2.0,,5.0,1.0,1.0,1.0,1.0,1.0,1.0,1.0,1.0,1.0,1.0,,,,,,,3,2,5,3,5,5,5,5,3,1,25.0,20.0,25.0,41.0,40.0,30.0,65.0,69.0,75.0,51.0,2,1,1,1,2,1,2,2,1,2,2,2,1,1,1,2,1,1,2,2,2,1,2,1,2,2,2,2,1,1,1,1,2,1,2,2,2,2,2,1
533,4,5,4,5,5,5,5,5,2,1,80.0,,,2.0,3.0,4.0,2.0,,,,,6.0,,,2.0,1.0,,,,,5.0,2.0,2.0,,,,,15.0,,2.0,,,2.0,,2.0,6.0,,1.0,1.0,1.0,1.0,1.0,1.0,1.0,1.0,1.0,1.0,,,,,,,7,2,6,3,5,4,5,6,3,2,47.0,41.0,43.0,75.0,73.0,48.0,72.0,67.0,35.0,29.0,2,1,2,2,1,2,2,2,2,2,2,1,2,1,1,1,1,2,2,1,1,2,1,2,1,2,1,2,2,2,2,2,2,2,1,1,2,2,2,2
102,5,5,5,5,5,5,4,2,4,4,8.0,,1.0,,5.0,6.0,6.0,,,,6.0,,,,2.0,1.0,,1.0,5.0,6.0,,,,,,,,10.0,1.0,,,10.0,,1.0,,,1.0,,,,,,,,,,,1.0,1.0,1.0,1.0,2.0,2.0,1,1,1,5,1,3,6,7,4,2,58.0,41.0,67.0,74.0,49.0,45.0,51.0,9.0,11.0,32.0,2,2,1,1,1,1,1,1,1,1,2,1,1,1,1,1,1,1,1,2,1,1,1,1,1,1,1,1,1,2,1,2,1,1,1,1,1,1,1,1
297,2,1,1,2,3,1,3,1,5,4,,30.0,5.0,,5.0,5.0,2.0,,,,,5.0,,,2.0,1.0,,1.0,3.0,5.0,,,,,,,10.0,,,2.0,,,2.0,,2.0,,2.0,2.0,2.0,2.0,2.0,2.0,2.0,2.0,2.0,2.0,2.0,,,,,,,6,6,6,6,1,3,5,7,2,1,16.0,12.0,14.0,14.0,39.0,20.0,54.0,18.0,86.0,87.0,1,2,2,2,1,2,1,2,1,1,2,1,2,2,1,1,1,2,1,2,2,1,2,2,1,2,2,1,1,2,2,1,2,2,1,1,1,2,2,2
95,4,5,5,4,5,5,5,4,3,2,,30.0,2.0,,3.0,2.0,5.0,,,,3.0,,1.0,54.0,,,2.0,4.0,5.0,4.0,,,,,,,15.0,,,1.0,,,2.0,2.0,,,4.0,,,,,,,,,,,1.0,1.0,2.0,1.0,1.0,2.0,6,4,5,6,2,5,6,5,2,1,48.0,60.0,43.0,47.0,53.0,51.0,45.0,64.0,49.0,50.0,1,2,1,2,1,1,1,2,1,2,1,1,2,2,1,2,1,2,1,2,1,1,2,2,2,2,1,1,2,2,2,1,2,2,2,1,2,1,1,2
970,5,5,5,5,4,5,5,5,3,3,,30.0,4.0,,,,,5.0,4.0,2.0,,7.0,1.0,20.0,,,2.0,,,,,,,1.0,5.0,6.0,,20.0,2.0,,,7.0,,,2.0,6.0,,,,,,,,,,,,1.0,1.0,2.0,1.0,2.0,1.0,6,1,5,2,5,6,7,7,1,2,40.0,20.0,30.0,20.0,40.0,10.0,40.0,30.0,5.0,20.0,1,2,1,1,2,1,1,2,2,1,1,2,2,1,1,2,2,2,2,1,1,2,1,1,1,1,1,1,2,2,1,2,2,1,1,2,1,2,1,1
803,5,5,4,5,5,4,5,5,2,5,,61.0,3.0,,,,,3.0,5.0,2.0,6.0,,1.0,15.0,,,2.0,,,,,,,1.0,4.0,1.0,,7.0,1.0,,,10.0,,,1.0,,6.0,,,,,,,,,,,1.0,1.0,2.0,1.0,1.0,2.0,6,1,1,2,5,7,7,6,3,2,61.0,35.0,45.0,55.0,33.0,36.0,46.0,74.0,36.0,47.0,1,2,2,1,2,1,1,1,1,1,1,1,1,1,1,1,2,2,2,2,2,1,2,2,1,1,1,1,1,1,2,1,2,1,1,1,1,1,1,1
256,4,2,4,4,1,4,2,2,5,4,71.0,,4.0,,,,,3.0,3.0,2.0,5.0,,1.0,50.0,,2.0,,,,,5.0,5.0,6.0,,,,,15.0,1.0,,,9.0,,,2.0,6.0,,1.0,1.0,2.0,1.0,1.0,2.0,1.0,2.0,1.0,1.0,,,,,,,5,6,4,5,5,6,4,5,4,1,40.0,83.0,60.0,91.0,96.0,69.0,86.0,61.0,0.0,92.0,1,1,1,1,1,1,1,1,2,1,1,1,1,1,1,1,1,1,1,1,1,1,2,1,1,1,1,1,1,1,2,1,1,2,2,1,1,1,1,1
325,1,1,1,1,5,3,1,4,5,4,36.0,,4.0,,,,,5.0,2.0,2.0,,6.0,1.0,25.0,,1.0,,,,,4.0,4.0,6.0,,,,15.0,,2.0,,3.0,,,1.0,,,6.0,,,,,,,,,,,2.0,2.0,1.0,1.0,1.0,1.0,7,3,1,1,2,6,6,6,1,1,10.0,30.0,10.0,21.0,57.0,30.0,5.0,70.0,59.0,75.0,1,2,1,2,1,2,1,2,2,2,2,2,1,1,2,2,2,2,1,1,1,2,1,1,2,1,1,1,2,2,2,1,1,2,2,1,2,1,1,1
539,3,3,3,2,5,3,5,5,5,5,0.0,,,4.0,3.0,5.0,5.0,,,,4.0,,,,1.0,,1.0,,,,3.0,5.0,2.0,,,,15.0,,1.0,,,10.0,,1.0,,4.0,,,,,,,,,,,,2.0,2.0,1.0,2.0,1.0,1.0,6,4,4,6,4,5,5,5,2,2,63.0,69.0,42.0,80.0,83.0,46.0,77.0,51.0,74.0,72.0,2,1,1,2,1,2,1,1,2,2,1,1,1,2,2,1,1,2,1,1,2,2,1,1,1,1,1,2,2,1,2,2,1,2,1,1,1,2,1,2
54,2,2,3,5,5,3,5,5,5,5,,30.0,,2.0,2.0,5.0,5.0,,,,,6.0,,,2.0,,1.0,,,,5.0,5.0,5.0,,,,13.0,,,1.0,,4.0,,1.0,,,4.0,,,,,,,,,,,1.0,1.0,1.0,1.0,2.0,2.0,6,2,4,5,5,6,5,6,2,1,26.0,29.0,42.0,95.0,83.0,74.0,76.0,100.0,100.0,100.0,2,2,2,1,1,1,2,2,1,2,2,1,2,1,2,2,1,2,2,2,1,1,2,1,2,1,1,1,2,2,2,2,1,2,1,2,2,2,1,2
223,5,5,5,5,5,5,3,5,1,3,,35.0,,5.0,5.0,1.0,5.0,,,,,5.0,1.0,30.0,,,2.0,,,,1.0,5.0,6.0,,,,17.0,,2.0,,,,1.0,2.0,,4.0,,1.0,1.0,2.0,2.0,2.0,1.0,1.0,2.0,2.0,1.0,,,,,,,7,2,1,5,1,4,7,5,2,2,88.0,81.0,71.0,100.0,55.0,91.0,37.0,26.0,29.0,48.0,2,1,1,1,1,1,2,2,1,2,2,2,2,2,1,2,1,1,1,2,2,2,2,1,2,1,1,2,2,2,2,1,1,1,1,1,2,2,2,2
350,4,2,2,4,4,5,5,4,3,1,,30.0,5.0,,,,,4.0,4.0,3.0,,6.0,,,2.0,1.0,,,,,,,,5.0,5.0,6.0,20.0,,1.0,,,10.0,,1.0,,,1.0,,,,,,,,,,,1.0,1.0,1.0,1.0,1.0,1.0,7,4,6,5,1,5,7,6,1,1,40.0,12.0,23.0,62.0,40.0,18.0,70.0,49.0,58.0,31.0,2,2,1,2,1,1,2,1,1,1,1,2,1,1,1,1,1,2,2,1,1,1,1,1,1,1,2,1,2,2,2,2,2,1,1,1,2,1,1,1
21,4,4,4,5,5,4,4,5,2,4,81.0,,,5.0,2.0,5.0,4.0,,,,7.0,,1.0,30.0,,1.0,,,,,,,,5.0,5.0,1.0,,10.0,1.0,,,3.0,,1.0,,,4.0,,,,,,,,,,,1.0,1.0,1.0,1.0,1.0,1.0,5,3,5,5,2,5,5,5,4,2,17.0,26.0,22.0,69.0,70.0,31.0,40.0,100.0,78.0,48.0,2,2,2,1,1,2,2,2,1,2,1,2,2,2,2,2,2,2,2,2,2,2,2,2,2,1,2,1,1,1,2,2,1,1,2,2,2,2,2,2
618,4,4,4,4,4,4,4,5,3,4,,38.0,,1.0,3.0,3.0,3.0,,,,,,1.0,42.0,,,2.0,,,,3.0,5.0,4.0,,,,3.0,,1.0,,,5.0,,2.0,,5.0,,1.0,1.0,1.0,2.0,2.0,1.0,2.0,1.0,1.0,2.0,,,,,,,6,4,4,4,5,5,5,5,3,1,46.0,29.0,34.0,45.0,38.0,33.0,15.0,25.0,6.0,36.0,,,,,,,,,,,,,,,,,,,,,,,,,,,,,,,,,,,,,,,,
391,2,2,2,2,4,3,2,2,5,5,70.0,,1.0,,3.0,3.0,4.0,,,,,6.0,1.0,20.0,,,1.0,,,,5.0,5.0,6.0,,,,,20.0,2.0,,,,5.0,,2.0,,4.0,1.0,1.0,1.0,1.0,1.0,1.0,1.0,1.0,1.0,1.0,,,,,,,7,5,6,6,2,3,5,5,3,1,46.0,34.0,43.0,45.0,64.0,52.0,50.0,70.0,57.0,64.0,1,1,1,2,1,2,2,2,1,2,2,2,1,2,1,2,1,2,1,1,1,1,1,1,1,1,2,2,1,1,1,1,2,1,2,2,1,2,1,2
177,3,2,2,2,4,4,2,3,4,2,,29.0,2.0,,,,,3.0,3.0,3.0,4.0,,,,2.0,1.0,,,,,,,,1.0,4.0,4.0,20.0,,,1.0,2.0,,,,2.0,,5.0,1.0,1.0,1.0,1.0,1.0,2.0,2.0,2.0,1.0,2.0,,,,,,,6,1,3,3,3,6,6,6,1,2,56.0,32.0,39.0,48.0,51.0,42.0,32.0,59.0,61.0,28.0,2,2,1,2,2,2,2,2,2,2,1,2,2,2,1,2,2,1,1,2,2,2,2,2,2,2,2,1,2,2,2,2,2,2,1,2,2,2,2,2
905,3,4,4,5,5,1,1,5,5,5,70.0,,6.0,,,,,4.0,4.0,4.0,,4.0,1.0,17.0,,,1.0,,,,,,,2.0,4.0,3.0,20.0,,1.0,,3.0,,,,2.0,4.0,,,,,,,,,,,,1.0,1.0,1.0,1.0,1.0,1.0,7,1,3,2,3,7,7,7,2,2,58.0,74.0,40.0,87.0,94.0,32.0,80.0,98.0,52.0,68.0,2,2,2,1,2,1,1,1,1,1,1,2,2,1,2,1,2,1,1,1,1,2,2,2,2,2,1,2,2,2,2,1,1,1,1,1,1,1,2,2
876,4,5,5,5,3,4,4,5,5,3,,65.0,,5.0,2.0,1.0,5.0,,,,,4.0,1.0,35.0,,,1.0,,,,,,,2.0,5.0,4.0,14.0,,1.0,,5.0,,,2.0,,5.0,,1.0,1.0,2.0,1.0,2.0,2.0,1.0,2.0,1.0,1.0,,,,,,,3,2,4,1,1,5,7,6,1,1,70.0,60.0,85.0,90.0,75.0,55.0,52.0,73.0,100.0,67.0,1,1,1,1,2,1,2,2,2,2,2,1,2,1,1,1,2,1,1,1,2,2,1,1,1,1,2,1,1,1,1,1,2,1,1,2,1,1,2,2
409,4,5,5,4,5,5,5,4,2,2,30.0,,2.0,,,,,3.0,5.0,2.0,,5.0,1.0,50.0,,,2.0,,,,4.0,5.0,6.0,,,,10.0,,,2.0,,,9.0,2.0,,6.0,,1.0,1.0,1.0,1.0,1.0,1.0,1.0,1.0,1.0,1.0,,,,,,,6,5,5,3,1,5,6,6,3,1,46.0,63.0,45.0,43.0,45.0,55.0,60.0,56.0,67.0,68.0,1,1,1,1,2,1,2,2,1,1,2,1,1,2,1,1,2,1,1,1,1,1,1,1,1,1,2,1,1,2,1,2,1,1,1,1,2,1,2,2
180,4,4,5,3,4,3,4,5,3,4,,60.0,,3.0,,,,6.0,1.0,3.0,,6.0,,,1.0,,1.0,5.0,5.0,5.0,,,,,,,,10.0,,2.0,3.0,,,1.0,,6.0,,2.0,2.0,2.0,1.0,1.0,1.0,1.0,1.0,1.0,1.0,,,,,,,7,4,4,5,2,5,6,4,4,1,75.0,40.0,55.0,70.0,80.0,25.0,70.0,90.0,90.0,95.0,1,1,1,1,2,1,1,2,2,1,1,1,1,1,1,2,1,1,2,2,1,1,2,1,2,2,1,2,1,2,1,2,1,1,1,1,2,2,1,1
215,5,5,5,5,5,5,5,5,2,5,,88.0,4.0,,,,,5.0,4.0,2.0,6.0,,1.0,27.0,,1.0,,,,,4.0,5.0,6.0,,,,5.0,,,2.0,3.0,,,1.0,,,6.0,,,,,,,,,,,1.0,1.0,1.0,2.0,1.0,2.0,6,1,3,3,3,5,6,6,2,2,53.0,40.0,51.0,52.0,65.0,52.0,78.0,80.0,54.0,77.0,2,1,2,2,2,1,1,1,2,2,1,2,1,1,2,2,1,1,2,2,1,1,2,1,2,2,2,1,2,1,2,2,2,2,1,2,2,1,2,1
366,4,4,4,3,4,4,4,5,2,3,,30.0,,4.0,4.0,3.0,5.0,,,,,6.0,1.0,24.0,,2.0,,1.0,3.0,2.0,,,,,,,19.0,,,1.0,2.0,,,2.0,,5.0,,,,,,,,,,,,1.0,2.0,1.0,1.0,2.0,1.0,5,4,6,6,2,3,5,5,3,1,73.0,70.0,49.0,58.0,90.0,50.0,89.0,98.0,16.0,59.0,2,1,2,1,2,2,1,2,1,2,2,2,2,2,1,1,1,2,2,2,1,1,1,2,1,1,2,1,1,1,2,2,1,2,2,1,1,2,1,1
17,2,5,5,5,1,2,1,5,4,1,,84.0,,1.0,,,,6.0,6.0,2.0,,4.0,1.0,80.0,,1.0,,1.0,5.0,3.0,,,,,,,20.0,,2.0,,1.0,,,1.0,,6.0,,,,,,,,,,,,1.0,1.0,1.0,1.0,1.0,1.0,7,1,1,1,2,7,7,7,1,1,13.0,58.0,50.0,62.0,27.0,33.0,48.0,70.0,55.0,21.0,2,2,2,2,2,2,2,2,2,2,2,2,2,2,2,2,2,2,2,2,2,2,2,2,2,2,2,2,2,2,2,2,2,2,2,2,2,2,2,2
881,4,4,4,5,4,2,4,4,5,3,,30.0,,2.0,,,,4.0,3.0,3.0,5.0,,2.0,6.0,,1.0,,,,,,,,5.0,4.0,2.0,,5.0,,2.0,,3.0,,,1.0,5.0,,,,,,,,,,,,1.0,1.0,1.0,1.0,1.0,1.0,6,1,5,5,2,6,5,5,1,1,70.0,71.0,89.0,50.0,60.0,37.0,73.0,92.0,84.0,50.0,2,2,1,1,2,2,2,1,2,2,1,2,2,2,2,1,2,1,1,2,1,2,1,2,2,2,2,2,2,2,1,1,1,1,2,2,2,2,1,1
141,4,4,4,5,5,4,4,5,4,4,70.0,,1.0,,,,,4.0,5.0,3.0,6.0,,2.0,8.0,,1.0,,,,,2.0,5.0,5.0,,,,,18.0,,2.0,,10.0,,1.0,,4.0,,,,,,,,,,,,1.0,1.0,2.0,1.0,1.0,2.0,6,5,5,2,5,6,7,7,3,2,60.0,50.0,40.0,40.0,60.0,60.0,70.0,70.0,60.0,70.0,1,1,1,2,1,1,1,2,1,1,2,2,2,1,1,2,2,1,2,2,1,1,2,2,2,2,1,1,2,1,2,2,2,2,1,1,2,1,2,1
933,3,3,2,4,3,1,4,5,5,1,,60.0,1.0,,,,,3.0,3.0,2.0,3.0,,2.0,54.0,,,1.0,,,,,,,1.0,5.0,6.0,20.0,,,1.0,,4.0,,1.0,,,6.0,2.0,1.0,1.0,2.0,1.0,1.0,1.0,2.0,1.0,1.0,,,,,,,7,2,5,5,2,6,6,7,3,1,35.0,23.0,15.0,32.0,8.0,17.0,94.0,90.0,78.0,8.0,2,1,2,2,1,2,2,2,2,2,2,2,2,2,2,1,1,1,2,2,2,2,2,2,2,2,2,2,1,2,1,2,1,2,2,1,1,2,2,2
840,3,4,3,4,5,4,3,4,5,4,70.0,,1.0,,,,,3.0,4.0,5.0,5.0,,,,1.0,1.0,,,,,,,,4.0,5.0,5.0,,12.0,1.0,,,4.0,,2.0,,,2.0,,,,,,,,,,,2.0,2.0,1.0,1.0,1.0,1.0,5,4,6,4,5,4,3,5,4,2,47.0,66.0,72.0,42.0,58.0,100.0,54.0,74.0,64.0,63.0,1,1,2,1,2,1,2,1,2,1,2,1,2,2,1,1,1,2,1,2,1,1,1,1,1,2,1,1,1,2,1,1,2,2,1,2,1,1,1,2
134,5,3,5,5,5,5,5,5,3,1,60.0,,4.0,,3.0,3.0,2.0,,,,,6.0,1.0,50.0,,1.0,,,,,1.0,5.0,6.0,,,,,15.0,,2.0,2.0,,,,2.0,,5.0,,,,,,,,,,,1.0,1.0,2.0,1.0,1.0,2.0,6,2,2,5,2,5,5,5,2,2,55.0,10.0,30.0,70.0,70.0,20.0,85.0,90.0,70.0,5.0,1,2,1,1,2,2,2,1,2,2,1,1,2,2,1,1,1,1,1,1,2,1,1,1,1,1,1,2,1,2,1,1,1,2,2,2,1,1,2,2
728,3,3,3,3,3,3,3,3,3,3,,70.0,,5.0,,,,3.0,3.0,3.0,,2.0,1.0,39.0,,,2.0,,,,,,,3.0,3.0,4.0,10.0,,2.0,,,1.0,,,1.0,4.0,,,,,,,,,,,,1.0,1.0,1.0,1.0,1.0,1.0,5,1,4,4,1,5,5,5,3,1,22.0,11.0,18.0,11.0,9.0,4.0,16.0,5.0,9.0,13.0,1,2,1,2,1,1,1,2,1,1,1,2,2,2,1,2,1,2,1,2,2,1,1,2,1,2,2,1,2,2,2,1,2,2,1,2,2,1,1,2
946,4,3,4,3,4,4,4,4,3,3,,30.0,,3.0,2.0,4.0,3.0,,,,,6.0,1.0,20.0,,,2.0,,,,,,,4.0,4.0,4.0,8.0,,1.0,,3.0,,,1.0,,,6.0,1.0,1.0,2.0,1.0,1.0,1.0,2.0,1.0,1.0,1.0,,,,,,,3,4,5,5,1,3,3,3,3,2,45.0,34.0,50.0,51.0,60.0,65.0,58.0,52.0,48.0,45.0,2,2,1,2,2,2,2,2,2,2,2,1,2,2,1,2,2,2,2,2,2,1,2,2,2,2,2,1,2,2,2,2,1,2,2,2,2,2,2,2
835,4,3,3,4,4,4,4,4,3,4,70.0,,3.0,,3.0,4.0,4.0,,,,6.0,,,,2.0,,1.0,,,,4.0,5.0,6.0,,,,10.0,,,2.0,3.0,,,1.0,,,6.0,,,,,,,,,,,1.0,1.0,2.0,1.0,1.0,2.0,6,2,2,2,4,7,7,6,1,1,31.0,9.0,4.0,21.0,27.0,21.0,34.0,22.0,38.0,45.0,2,2,2,2,2,1,2,1,2,2,1,2,1,1,2,1,2,2,1,2,2,2,1,1,2,2,1,1,1,2,2,2,2,2,2,2,2,2,2,2
260,4,5,4,4,4,5,4,5,4,4,86.0,,,6.0,,,,,,,5.0,,1.0,54.0,,1.0,,5.0,5.0,5.0,,,,,,,10.0,,1.0,,,3.0,,,1.0,6.0,,1.0,1.0,1.0,1.0,1.0,1.0,2.0,2.0,2.0,2.0,,,,,,,5,6,5,6,4,3,5,5,3,,,,,,,,,,,,1,1,1,2,2,2,2,1,1,1,1,1,2,1,2,1,1,1,2,1,1,2,2,1,1,1,2,2,1,1,1,1,1,2,1,1,1,1,1,1
313,5,5,5,5,2,5,5,4,1,1,85.0,,,2.0,4.0,5.0,5.0,,,,,6.0,1.0,15.0,,,2.0,,,,5.0,5.0,6.0,,,,20.0,,1.0,,,3.0,,2.0,,6.0,,,,,,,,,,,,2.0,1.0,1.0,2.0,1.0,2.0,7,1,5,6,3,7,5,6,4,2,55.0,50.0,60.0,55.0,35.0,35.0,70.0,75.0,55.0,30.0,2,2,1,2,1,1,1,2,1,2,2,1,2,2,2,1,1,1,2,1,2,2,1,1,2,2,1,1,1,2,1,1,1,2,2,1,1,1,1,2
62,4,5,5,5,4,5,5,5,2,4,49.0,,5.0,,4.0,4.0,4.0,,,,6.0,,,,2.0,,2.0,,,,2.0,5.0,5.0,,,,,13.0,,2.0,,4.0,,1.0,,,5.0,,,,,,,,,,,1.0,1.0,1.0,1.0,2.0,2.0,6,1,1,1,2,5,7,7,3,1,18.0,35.0,62.0,71.0,41.0,18.0,75.0,57.0,17.0,63.0,1,2,2,2,1,1,2,2,1,1,2,2,2,1,1,1,2,1,2,2,1,2,2,1,2,2,1,1,2,2,1,2,2,1,1,1,2,2,1,2
987,5,4,5,5,4,5,2,1,2,5,85.0,,,5.0,6.0,1.0,2.0,,,,,6.0,1.0,50.0,,,2.0,,,,,,,5.0,2.0,1.0,17.0,,2.0,,,,4.0,2.0,,,6.0,1.0,1.0,1.0,2.0,1.0,1.0,1.0,2.0,1.0,1.0,,,,,,,6,1,4,6,1,7,6,4,1,1,93.0,76.0,95.0,90.0,95.0,78.0,14.0,18.0,3.0,96.0,2,2,1,1,1,1,1,2,2,1,1,1,1,1,2,1,1,1,1,1,2,1,2,1,2,2,1,2,1,1,1,1,2,1,1,1,2,2,2,1
651,1,1,1,5,5,1,3,1,1,1,70.0,,5.0,,,,,2.0,5.0,3.0,3.0,,1.0,40.0,,1.0,,2.0,4.0,3.0,,,,,,,20.0,,1.0,,,7.0,,,2.0,4.0,,,,,,,,,,,,1.0,2.0,1.0,2.0,1.0,1.0,5,2,7,7,5,3,6,4,3,1,18.0,22.0,30.0,60.0,50.0,20.0,55.0,40.0,80.0,40.0,2,2,1,1,1,2,1,2,2,2,2,2,2,1,2,1,2,2,1,1,1,2,1,2,1,2,1,1,1,2,1,1,1,2,1,2,1,1,2,1
722,4,5,3,5,5,5,5,5,1,3,,50.0,,3.0,3.0,3.0,3.0,,,,3.0,,1.0,20.0,,1.0,,1.0,5.0,4.0,,,,,,,20.0,,,2.0,,10.0,,1.0,,4.0,,,,,,,,,,,,1.0,1.0,1.0,1.0,1.0,1.0,7,1,4,1,1,7,4,7,1,1,50.0,50.0,50.0,50.0,50.0,50.0,50.0,50.0,50.0,50.0,2,2,2,2,2,2,2,2,2,2,1,2,2,2,2,2,2,2,2,1,2,2,2,2,2,2,2,2,2,1,2,2,2,2,2,2,2,2,1,2
68,4,3,4,3,4,5,4,3,3,4,,72.0,,6.0,,,,,,,4.0,,1.0,7.0,,,1.0,,,,5.0,5.0,4.0,,,,,19.0,,1.0,,,6.0,2.0,,5.0,,,,,,,,,,,,1.0,1.0,1.0,2.0,2.0,2.0,6,6,7,7,5,6,5,5,3,1,53.0,68.0,43.0,50.0,46.0,58.0,44.0,71.0,75.0,47.0,1,2,1,1,1,2,1,1,1,2,1,1,1,2,1,1,2,1,1,1,2,1,1,1,1,2,1,1,2,1,2,1,1,1,2,1,1,1,1,1
319,3,3,3,4,4,3,4,3,2,3,70.0,,4.0,,3.0,4.0,4.0,,,,,4.0,,,2.0,1.0,,3.0,5.0,4.0,,,,,,,,0.0,,2.0,,9.0,,,2.0,4.0,,,,,,,,,,,,2.0,2.0,1.0,1.0,1.0,1.0,5,1,4,4,3,6,4,4,3,1,49.0,50.0,51.0,51.0,74.0,45.0,71.0,30.0,54.0,48.0,1,1,2,2,1,1,2,2,2,2,2,2,2,2,1,1,1,1,2,2,2,1,2,2,2,2,1,2,2,1,2,2,2,2,2,2,1,2,2,2
690,5,5,5,5,5,5,5,5,2,1,,80.0,,3.0,,,,4.0,5.0,2.0,,7.0,1.0,50.0,,,2.0,,,,,,,5.0,5.0,6.0,14.0,,1.0,,10.0,,,1.0,,4.0,,,,,,,,,,,,1.0,1.0,1.0,1.0,1.0,1.0,6,1,1,1,4,6,7,7,4,1,55.0,40.0,32.0,75.0,65.0,55.0,85.0,65.0,30.0,5.0,2,2,2,2,2,2,2,2,2,2,2,2,2,2,1,1,2,2,2,1,1,2,1,2,2,1,1,1,2,2,1,2,2,1,2,1,2,2,1,2
476,4,3,1,4,5,1,5,5,5,3,70.0,,1.0,,,,,4.0,2.0,4.0,6.0,,,,2.0,,2.0,,,,5.0,5.0,4.0,,,,19.0,,1.0,,2.0,,,1.0,,4.0,,,,,,,,,,,,1.0,1.0,1.0,1.0,1.0,1.0,5,2,6,7,2,6,5,5,4,2,45.0,34.0,12.0,38.0,47.0,42.0,55.0,57.0,52.0,50.0,1,2,2,1,2,2,1,1,2,1,2,2,1,2,2,1,1,1,2,2,2,2,1,2,2,2,2,2,2,2,2,2,2,1,1,2,2,1,2,1
505,4,1,5,4,4,5,4,5,3,4,,85.0,,2.0,2.0,4.0,4.0,,,,6.0,,1.0,50.0,,1.0,,1.0,5.0,5.0,,,,,,,,13.0,,2.0,,,3.0,2.0,,2.0,,,,,,,,,,,,1.0,1.0,1.0,2.0,1.0,1.0,7,3,5,5,2,5,6,6,3,1,45.0,15.0,5.0,65.0,75.0,55.0,46.0,75.0,45.0,50.0,1,1,1,1,1,2,1,2,1,2,2,1,1,1,1,2,2,1,2,1,1,1,2,2,2,2,2,2,2,2,2,1,1,1,2,1,1,2,1,2
403,5,5,5,5,5,5,5,4,1,1,,30.0,,1.0,3.0,3.0,3.0,,,,6.0,,1.0,25.0,,1.0,,3.0,1.0,1.0,,,,,,,20.0,,1.0,,,,2.0,1.0,,,6.0,,,,,,,,,,,1.0,1.0,1.0,2.0,2.0,2.0,7,1,4,2,1,7,7,7,3,2,60.0,34.0,26.0,72.0,86.0,26.0,55.0,70.0,50.0,38.0,1,2,1,2,1,2,1,2,2,1,1,2,1,2,2,2,2,2,2,1,2,2,1,2,1,2,1,2,2,2,2,2,2,2,2,2,1,2,2,1
570,5,5,5,5,5,5,5,5,2,3,,90.0,3.0,,,,,4.0,3.0,2.0,,5.0,1.0,27.0,,,2.0,,,,4.0,1.0,2.0,,,,,5.0,1.0,,1.0,,,,1.0,3.0,,1.0,2.0,1.0,2.0,1.0,2.0,1.0,2.0,1.0,2.0,,,,,,,6,3,5,3,5,6,7,7,4,1,92.0,76.0,99.0,100.0,91.0,83.0,84.0,89.0,32.0,70.0,2,2,2,2,1,2,2,2,1,2,2,2,1,1,2,2,1,1,2,2,2,2,2,2,2,2,1,2,2,2,1,2,1,2,2,2,1,2,2,2
796,5,4,5,5,1,5,5,5,2,1,51.0,,,4.0,2.0,2.0,1.0,,,,6.0,,2.0,10.0,,,2.0,2.0,4.0,6.0,,,,,,,10.0,,,2.0,2.0,,,,2.0,,4.0,1.0,1.0,2.0,1.0,1.0,2.0,1.0,2.0,1.0,2.0,,,,,,,7,2,4,5,3,6,6,5,3,2,55.0,82.0,51.0,75.0,33.0,15.0,73.0,41.0,61.0,31.0,1,2,2,2,1,1,2,1,1,2,2,1,1,2,2,1,2,2,1,1,2,2,2,2,1,1,1,2,1,2,1,2,1,2,1,2,2,1,2,1
939,2,3,3,4,5,4,5,4,4,5,90.0,,4.0,,,,,2.0,4.0,1.0,,4.0,,,2.0,1.0,,,,,,,,4.0,5.0,5.0,,10.0,2.0,,1.0,,,,2.0,4.0,,,,,,,,,,,,1.0,1.0,1.0,2.0,1.0,2.0,7,1,4,3,2,7,7,7,1,2,30.0,20.0,5.0,10.0,90.0,25.0,85.0,85.0,85.0,95.0,1,1,2,2,1,2,1,2,1,2,2,2,1,2,2,2,1,1,2,2,2,2,2,1,1,2,2,1,1,2,2,1,2,1,1,2,1,1,2,2
624,4,4,5,5,5,5,5,5,1,4,,90.0,,2.0,2.0,1.0,3.0,,,,,7.0,,,2.0,1.0,,,,,1.0,4.0,1.0,,,,,20.0,1.0,,,,1.0,1.0,,3.0,,,,,,,,,,,,1.0,1.0,1.0,1.0,1.0,1.0,5,1,2,5,1,5,6,5,1,2,55.0,40.0,45.0,35.0,41.0,30.0,65.0,100.0,30.0,60.0,2,2,2,2,2,1,2,1,2,1,1,2,2,2,1,2,2,2,2,2,2,1,2,2,2,2,2,2,2,2,2,2,2,2,1,2,2,2,2,2
757,2,4,4,5,5,5,5,5,3,4,,70.0,,4.0,,,,1.0,5.0,1.0,5.0,,2.0,5.0,,,2.0,,,,,,,1.0,5.0,5.0,10.0,,2.0,,,6.0,,,1.0,6.0,,2.0,2.0,2.0,2.0,1.0,1.0,1.0,1.0,1.0,1.0,,,,,,,7,1,4,5,2,7,2,6,3,1,29.0,63.0,42.0,59.0,55.0,62.0,74.0,42.0,65.0,75.0,2,1,2,2,1,2,1,2,1,2,2,2,1,1,1,1,2,1,2,2,2,2,1,2,1,2,2,2,2,2,1,2,1,1,2,2,1,1,1,1
432,4,2,1,4,4,4,3,2,4,3,,30.0,4.0,,3.0,3.0,3.0,,,,,4.0,,,2.0,,2.0,,,,,,,4.0,2.0,5.0,,15.0,,2.0,,,3.0,,1.0,,3.0,,,,,,,,,,,1.0,1.0,1.0,1.0,1.0,1.0,6,3,7,7,3,6,6,5,2,1,60.0,60.0,50.0,60.0,65.0,40.0,75.0,65.0,60.0,80.0,1,1,1,2,1,2,1,2,2,1,2,1,2,1,1,1,1,1,2,2,1,1,2,2,2,2,1,1,1,1,1,2,2,1,2,2,1,1,2,2
541,4,4,4,5,4,4,4,5,3,3,,80.0,,4.0,5.0,5.0,5.0,,,,3.0,,,,2.0,,2.0,2.0,5.0,6.0,,,,,,,15.0,,,2.0,,,2.0,2.0,,,5.0,1.0,1.0,1.0,1.0,1.0,1.0,1.0,2.0,2.0,2.0,,,,,,,7,3,7,6,6,6,6,5,3,1,24.0,30.0,28.0,79.0,58.0,24.0,73.0,100.0,58.0,76.0,2,1,2,2,2,2,2,2,2,2,1,2,1,2,2,1,2,2,1,2,2,2,2,1,2,2,2,2,1,1,1,2,2,2,2,2,2,2,1,2
908,4,4,4,5,4,4,4,4,2,4,40.0,,4.0,,,,,4.0,4.0,2.0,5.0,,,,2.0,,2.0,,,,3.0,4.0,5.0,,,,,15.0,1.0,,,9.0,,1.0,,,4.0,,,,,,,,,,,1.0,1.0,1.0,2.0,1.0,1.0,6,2,5,4,4,6,5,5,3,2,15.0,15.0,26.0,48.0,54.0,60.0,75.0,42.0,46.0,65.0,1,2,2,1,1,1,1,1,2,1,2,2,1,1,2,2,1,2,2,1,1,2,2,2,2,2,2,1,2,2,2,1,2,1,2,1,2,2,2,2
615,5,2,4,4,5,5,2,2,2,2,,30.0,,5.0,2.0,1.0,1.0,,,,,,1.0,54.0,,1.0,,,,,,,,5.0,4.0,6.0,,20.0,1.0,,5.0,,,,2.0,5.0,,1.0,1.0,1.0,1.0,1.0,1.0,1.0,1.0,1.0,1.0,,,,,,,7,2,3,6,2,5,5,3,4,1,15.0,30.0,25.0,40.0,60.0,70.0,45.0,70.0,55.0,10.0,2,2,1,2,2,1,1,2,2,1,1,2,2,2,2,1,2,1,1,2,2,2,2,2,2,2,2,2,1,2,2,2,2,2,2,2,2,2,2,2
766,5,5,4,4,5,5,5,3,4,3,60.0,,6.0,,6.0,5.0,4.0,,,,6.0,,1.0,55.0,,1.0,,1.0,5.0,6.0,,,,,,,,8.0,,2.0,2.0,,,2.0,,,5.0,,,,,,,,,,,1.0,1.0,2.0,1.0,2.0,2.0,7,6,5,5,5,6,7,7,2,2,97.0,61.0,74.0,45.0,54.0,29.0,93.0,52.0,95.0,65.0,1,2,1,1,1,2,2,1,2,1,1,1,1,1,1,2,2,2,2,1,1,1,1,1,1,1,1,1,1,1,1,2,1,1,1,2,1,1,1,1
580,4,3,4,4,3,3,4,3,4,3,,50.0,,3.0,4.0,3.0,4.0,,,,3.0,,1.0,54.0,,,2.0,3.0,4.0,5.0,,,,,,,,16.0,,2.0,6.0,,,1.0,,3.0,,,,,,,,,,,,1.0,1.0,2.0,1.0,2.0,1.0,3,4,3,5,2,5,6,4,1,2,15.0,23.0,42.0,27.0,50.0,22.0,38.0,7.0,61.0,42.0,1,1,1,1,1,1,1,1,1,1,1,2,1,1,2,2,2,1,2,1,2,1,2,2,2,2,2,2,2,1,2,1,2,2,2,2,2,1,2,2
98,5,4,5,5,5,4,5,5,3,5,,30.0,,3.0,3.0,3.0,3.0,,,,5.0,,,,2.0,2.0,,4.0,5.0,4.0,,,,,,,,5.0,1.0,,,3.0,,,2.0,,5.0,1.0,1.0,1.0,1.0,1.0,1.0,1.0,1.0,1.0,1.0,,,,,,,7,2,5,5,5,6,6,5,3,2,65.0,50.0,42.0,47.0,49.0,26.0,55.0,84.0,68.0,57.0,1,1,2,1,2,2,2,1,1,1,2,2,2,1,2,2,2,1,2,2,2,2,1,1,1,2,2,2,2,2,2,1,2,1,2,2,1,1,1,1
486,4,4,4,4,5,5,5,4,2,4,70.0,,5.0,,3.0,2.0,1.0,,,,,6.0,1.0,40.0,,,2.0,1.0,5.0,4.0,,,,,,,,10.0,2.0,,,,6.0,1.0,,,4.0,,,,,,,,,,,1.0,1.0,1.0,1.0,1.0,1.0,7,4,4,4,3,5,5,3,3,1,70.0,70.0,60.0,55.0,60.0,60.0,75.0,55.0,55.0,50.0,2,1,1,1,1,1,2,1,1,1,1,1,1,2,2,1,1,2,2,2,1,1,1,2,1,1,1,1,2,2,2,1,1,2,2,2,2,2,1,2
660,4,3,4,4,4,4,4,4,3,4,,60.0,,2.0,,,,,,,3.0,,2.0,8.0,,,1.0,1.0,5.0,5.0,,,,,,,,10.0,,2.0,,3.0,,,1.0,5.0,,,,,,,,,,,,1.0,1.0,2.0,1.0,1.0,2.0,6,2,3,3,1,5,6,6,2,2,50.0,25.0,50.0,50.0,50.0,25.0,75.0,76.0,76.0,50.0,2,2,2,2,1,2,2,2,2,2,1,1,1,1,2,2,2,2,1,2,2,2,2,1,1,2,1,2,2,1,1,1,1,2,1,2,1,1,1,2
713,4,4,5,5,5,5,5,5,2,3,86.0,,,2.0,,,,2.0,3.0,1.0,7.0,,1.0,28.0,,,2.0,,,,1.0,5.0,5.0,,,,,15.0,,2.0,2.0,,,1.0,,,4.0,1.0,1.0,1.0,1.0,1.0,1.0,1.0,1.0,1.0,1.0,,,,,,,6,1,4,4,2,7,7,7,3,1,15.0,9.0,45.0,60.0,80.0,40.0,70.0,80.0,77.0,53.0,2,2,2,2,2,1,2,2,2,1,1,2,2,2,2,1,2,1,2,1,2,2,2,2,2,2,2,2,2,2,2,2,2,2,1,2,1,2,2,2
59,1,1,4,1,5,4,2,1,5,4,70.0,,,4.0,,,,3.0,2.0,2.0,,6.0,,,2.0,,2.0,,,,5.0,2.0,6.0,,,,20.0,,2.0,,2.0,,,,2.0,,2.0,,,,,,,,,,,1.0,1.0,1.0,1.0,1.0,1.0,7,2,6,6,5,5,6,6,4,1,50.0,35.0,46.0,33.0,60.0,50.0,65.0,45.0,55.0,70.0,2,2,1,1,1,1,1,1,2,1,1,1,2,1,2,2,2,2,1,2,1,2,2,1,2,2,2,1,2,2,2,1,1,2,1,1,1,1,2,1
328,2,2,4,4,4,1,5,1,4,3,90.0,,4.0,,1.0,1.0,1.0,,,,5.0,,2.0,10.0,,,2.0,,,,4.0,4.0,6.0,,,,10.0,,,2.0,5.0,,,1.0,,,4.0,1.0,1.0,1.0,1.0,1.0,1.0,1.0,1.0,1.0,1.0,,,,,,,7,1,4,2,5,6,4,6,2,1,30.0,40.0,70.0,90.0,60.0,30.0,100.0,15.0,50.0,70.0,2,2,1,1,2,2,2,1,2,1,2,2,1,1,2,2,2,1,2,2,2,2,1,2,2,2,2,2,2,2,2,2,2,2,2,1,2,2,2,2
447,1,3,2,4,5,3,4,2,5,4,70.0,,,2.0,2.0,3.0,5.0,,,,,6.0,2.0,5.0,,1.0,,2.0,4.0,4.0,,,,,,,,5.0,,2.0,,10.0,,,2.0,,2.0,,,,,,,,,,,1.0,1.0,1.0,2.0,1.0,1.0,5,1,4,5,2,5,6,6,1,1,10.0,60.0,25.0,70.0,80.0,50.0,90.0,20.0,80.0,80.0,2,1,2,2,2,2,2,2,2,1,1,1,2,2,1,2,2,2,1,1,1,2,2,1,1,2,2,2,1,1,2,2,2,2,1,2,2,1,2,2
534,4,4,2,4,4,4,4,2,4,3,80.0,,4.0,,,,,5.0,4.0,3.0,,6.0,1.0,13.0,,1.0,,,,,,,,1.0,2.0,3.0,,20.0,1.0,,,,1.0,,1.0,5.0,,1.0,1.0,1.0,1.0,1.0,1.0,1.0,1.0,1.0,1.0,,,,,,,6,4,5,5,2,6,6,6,3,1,30.0,25.0,35.0,50.0,50.0,60.0,80.0,50.0,65.0,35.0,2,1,1,2,2,1,1,2,2,1,1,2,2,2,2,2,2,1,2,2,2,1,2,1,2,1,1,2,2,1,1,2,2,2,2,1,2,2,2,2
105,2,2,1,4,4,1,1,5,5,3,,30.0,,5.0,,,,4.0,3.0,2.0,6.0,,,,2.0,,2.0,2.0,5.0,6.0,,,,,,,,0.0,,1.0,10.0,,,1.0,,1.0,,1.0,1.0,1.0,1.0,1.0,1.0,1.0,1.0,1.0,1.0,,,,,,,6,1,6,6,2,6,6,7,1,1,52.0,37.0,41.0,29.0,50.0,35.0,70.0,72.0,52.0,60.0,1,1,2,1,2,2,1,2,2,2,2,2,2,1,1,2,2,1,1,2,2,2,2,2,1,1,1,1,2,2,2,1,2,1,1,1,2,2,2,1
719,5,4,5,5,5,5,5,5,2,3,,30.0,3.0,,,,,4.0,4.0,3.0,,6.0,,,2.0,1.0,,,,,4.0,4.0,2.0,,,,10.0,,1.0,,,9.0,,1.0,,,4.0,,,,,,,,,,,1.0,1.0,1.0,2.0,2.0,2.0,7,2,1,1,5,6,7,7,4,1,45.0,30.0,30.0,60.0,61.0,52.0,92.0,92.0,13.0,21.0,2,2,2,2,2,2,2,2,2,2,2,1,1,2,2,2,2,2,2,2,2,2,2,2,2,2,2,2,2,2,2,2,2,2,2,2,2,2,2,1
290,5,5,5,5,4,5,5,5,2,2,,23.0,5.0,,,,,4.0,6.0,2.0,,6.0,2.0,8.0,,,2.0,,,,4.0,5.0,5.0,,,,15.0,,,1.0,,5.0,,,2.0,,5.0,,,,,,,,,,,1.0,1.0,2.0,1.0,2.0,1.0,6,5,2,2,5,6,7,7,3,2,55.0,34.0,58.0,63.0,54.0,47.0,71.0,57.0,30.0,56.0,1,2,2,2,1,2,1,1,2,2,1,1,1,2,2,2,1,1,1,1,2,1,1,1,1,1,2,1,1,2,1,1,1,1,1,1,2,1,1,1
977,4,3,5,4,5,5,4,2,2,4,90.0,,5.0,,,,,5.0,5.0,2.0,,7.0,,,2.0,,1.0,5.0,5.0,5.0,,,,,,,12.0,,1.0,,2.0,,,,2.0,3.0,,1.0,2.0,1.0,2.0,1.0,1.0,2.0,1.0,1.0,1.0,,,,,,,4,3,5,6,3,6,6,6,3,2,75.0,50.0,85.0,67.0,45.0,84.0,46.0,42.0,35.0,58.0,2,1,1,1,1,1,1,1,1,1,1,1,2,2,2,2,1,2,1,1,1,2,2,1,1,1,1,1,1,1,2,1,1,1,1,1,2,1,2,2
92,4,2,4,4,4,4,5,4,5,4,65.0,,4.0,,,,,3.0,3.0,3.0,,7.0,,,2.0,1.0,,1.0,4.0,4.0,,,,,,,,10.0,2.0,,,,2.0,,1.0,,4.0,,,,,,,,,,,1.0,2.0,1.0,1.0,1.0,2.0,6,1,4,4,5,7,6,5,3,2,20.0,5.0,47.0,41.0,56.0,37.0,62.0,80.0,55.0,67.0,1,2,1,1,1,2,1,2,1,1,1,1,1,2,2,2,1,1,1,1,2,2,2,1,2,2,1,1,2,2,2,2,1,2,2,1,2,2,2,2
804,4,5,4,5,5,5,5,5,2,5,,50.0,3.0,,3.0,3.0,4.0,,,,,5.0,2.0,5.0,,1.0,,2.0,5.0,5.0,,,,,,,15.0,,2.0,,4.0,,,,1.0,,6.0,,,,,,,,,,,1.0,1.0,1.0,2.0,1.0,2.0,6,2,1,2,3,5,7,6,4,2,40.0,70.0,40.0,85.0,70.0,35.0,85.0,60.0,65.0,50.0,2,1,1,1,2,1,2,2,1,1,1,1,1,1,2,1,2,2,2,2,2,1,1,1,2,2,1,2,2,1,2,1,1,2,2,1,2,2,2,2
251,5,5,5,5,5,5,5,5,4,2,,62.0,5.0,,,,,4.0,5.0,3.0,6.0,,1.0,20.0,,,2.0,,,,,,,1.0,4.0,5.0,,0.0,1.0,,,,3.0,1.0,,,5.0,1.0,1.0,2.0,2.0,1.0,1.0,1.0,1.0,2.0,1.0,,,,,,,6,1,1,1,3,6,6,6,3,2,44.0,59.0,60.0,44.0,37.0,53.0,64.0,52.0,60.0,48.0,2,1,1,1,2,2,2,2,2,1,1,2,2,2,2,2,2,2,2,2,2,2,2,2,1,2,2,1,1,2,2,2,2,1,2,2,2,1,2,2
322,5,5,5,5,4,2,5,3,2,5,70.0,,3.0,,,,,2.0,3.0,4.0,,7.0,1.0,54.0,,1.0,,,,,,,,2.0,5.0,6.0,,20.0,1.0,,,9.0,,,2.0,,3.0,1.0,1.0,2.0,1.0,1.0,1.0,2.0,2.0,1.0,1.0,,,,,,,4,1,3,6,1,6,7,7,1,1,84.0,84.0,96.0,86.0,82.0,3.0,82.0,50.0,58.0,82.0,2,1,1,1,2,1,1,2,1,1,1,1,1,1,1,1,1,1,2,2,1,1,2,1,2,1,1,2,2,1,2,2,1,1,1,1,2,2,2,1
53,2,1,4,4,5,5,3,5,3,1,67.0,,5.0,,3.0,5.0,2.0,,,,6.0,,1.0,26.0,,1.0,,1.0,4.0,1.0,,,,,,,,15.0,1.0,,,9.0,,1.0,,,5.0,,,,,,,,,,,1.0,1.0,1.0,1.0,1.0,1.0,7,2,6,6,3,5,5,5,1,1,32.0,17.0,24.0,58.0,77.0,62.0,59.0,77.0,66.0,63.0,1,2,2,2,2,1,1,2,2,2,1,1,2,1,2,2,1,1,1,2,2,1,2,1,1,2,2,2,1,2,1,2,2,2,2,1,2,2,2,1
438,5,4,5,4,5,3,5,5,3,5,70.0,,3.0,,5.0,2.0,2.0,,,,,5.0,1.0,33.0,,,2.0,5.0,4.0,6.0,,,,,,,20.0,,1.0,,,,2.0,,2.0,,3.0,1.0,1.0,1.0,1.0,1.0,1.0,1.0,1.0,1.0,1.0,,,,,,,7,5,2,3,1,2,6,3,3,1,96.0,51.0,59.0,49.0,71.0,49.0,95.0,95.0,49.0,91.0,1,1,1,2,2,2,2,2,2,2,2,1,1,1,2,1,2,2,1,2,2,1,1,2,2,1,1,2,1,1,2,2,2,1,2,2,1,1,1,1
224,5,4,4,3,4,4,3,3,4,3,80.0,,,5.0,,,,5.0,4.0,5.0,,7.0,2.0,60.0,,,1.0,,,,4.0,4.0,4.0,,,,15.0,,,1.0,6.0,,,,1.0,5.0,,,,,,,,,,,,1.0,1.0,2.0,2.0,2.0,2.0,6,5,6,5,6,5,5,5,3,2,33.0,32.0,22.0,31.0,42.0,33.0,40.0,33.0,21.0,58.0,2,2,1,2,1,1,1,1,2,1,1,1,1,1,1,2,1,1,1,2,1,1,1,2,1,1,1,1,2,1,1,1,1,1,1,2,1,1,1,1
357,1,2,1,2,2,1,2,3,5,3,45.0,,,4.0,,,,4.0,4.0,3.0,6.0,,,,1.0,,1.0,,,,,,,1.0,3.0,1.0,,14.0,2.0,,1.0,,,1.0,,2.0,,1.0,1.0,1.0,1.0,1.0,1.0,1.0,1.0,1.0,1.0,,,,,,,6,4,1,1,2,5,6,6,1,1,15.0,22.0,12.0,31.0,34.0,6.0,59.0,78.0,87.0,68.0,1,1,2,2,2,1,1,2,2,1,2,2,1,2,2,2,2,2,2,1,1,1,2,2,2,1,2,2,1,1,2,1,1,1,1,2,2,2,1,1
26,3,4,4,5,5,5,5,5,3,1,,30.0,,1.0,5.0,5.0,5.0,,,,6.0,,1.0,35.0,,,1.0,,,,,,,1.0,2.0,3.0,,0.0,,1.0,,,1.0,,1.0,5.0,,,,,,,,,,,,1.0,2.0,1.0,1.0,1.0,2.0,6,2,2,2,5,6,7,7,4,1,31.0,13.0,16.0,21.0,42.0,40.0,65.0,36.0,66.0,10.0,2,2,2,2,2,2,2,2,2,2,2,2,1,2,1,2,1,1,2,2,1,1,2,2,1,1,1,2,2,2,2,1,2,2,2,2,1,2,2,1
396,5,5,5,5,5,5,5,5,1,5,,30.0,,4.0,1.0,1.0,1.0,,,,,7.0,,,2.0,,2.0,,,,1.0,5.0,6.0,,,,,10.0,,1.0,3.0,,,,2.0,,6.0,1.0,1.0,2.0,1.0,2.0,1.0,1.0,1.0,2.0,1.0,,,,,,,5,1,1,1,1,6,7,7,4,1,95.0,70.0,85.0,50.0,50.0,65.0,90.0,99.0,65.0,80.0,2,1,1,2,2,2,1,2,1,2,1,1,2,2,2,2,2,1,2,1,2,1,1,2,1,1,2,1,1,1,1,1,1,1,1,2,2,2,1,2
170,4,2,4,1,3,3,4,5,3,3,,90.0,4.0,,,,,3.0,5.0,2.0,,6.0,2.0,6.0,,,1.0,3.0,2.0,3.0,,,,,,,,15.0,,2.0,,,3.0,2.0,,4.0,,1.0,1.0,1.0,1.0,1.0,1.0,1.0,1.0,1.0,1.0,,,,,,,7,1,2,2,2,7,6,6,3,1,39.0,49.0,32.0,39.0,39.0,60.0,78.0,95.0,32.0,43.0,1,2,2,2,1,1,1,2,2,1,2,1,2,2,1,1,1,1,2,1,2,2,2,1,1,1,2,2,2,1,1,2,1,2,2,1,1,1,2,2
902,3,4,3,3,4,4,4,4,4,3,80.0,,,2.0,,,,3.0,4.0,2.0,4.0,,2.0,10.0,,,2.0,,,,,,,3.0,3.0,4.0,,5.0,1.0,,,9.0,,,1.0,,4.0,1.0,1.0,2.0,1.0,2.0,2.0,2.0,1.0,1.0,1.0,,,,,,,6,2,2,4,2,4,5,4,2,2,50.0,40.0,60.0,50.0,56.0,40.0,44.0,46.0,76.0,33.0,2,2,2,1,1,2,1,1,2,1,1,2,2,2,1,1,2,2,1,2,,,,,,,,,,,,,,,,,,,,
871,2,1,2,1,2,4,5,2,5,4,70.0,,5.0,,,,,5.0,4.0,5.0,4.0,,,,2.0,,2.0,4.0,4.0,5.0,,,,,,,15.0,,2.0,,,3.0,,,2.0,5.0,,,,,,,,,,,,1.0,1.0,1.0,1.0,2.0,2.0,3,6,5,4,5,6,5,6,4,1,62.0,73.0,49.0,66.0,48.0,71.0,44.0,69.0,38.0,65.0,1,1,1,2,2,1,2,1,1,2,2,1,2,2,1,2,2,1,1,2,1,1,2,2,2,2,1,2,1,1,1,1,2,2,1,2,2,2,1,1
323,3,5,4,4,5,5,5,5,5,2,70.0,,4.0,,4.0,3.0,5.0,,,,5.0,,2.0,8.0,,1.0,,2.0,4.0,4.0,,,,,,,,7.0,,2.0,3.0,,,1.0,,,6.0,1.0,1.0,1.0,2.0,1.0,2.0,2.0,1.0,1.0,1.0,,,,,,,5,4,6,5,5,5,5,6,1,2,36.0,70.0,61.0,89.0,70.0,67.0,100.0,100.0,65.0,50.0,1,2,1,1,2,2,2,1,1,1,2,1,1,2,2,2,1,1,1,2,2,2,1,1,1,1,2,1,1,2,1,2,2,1,2,1,1,1,1,2
250,1,2,1,4,4,1,2,2,5,2,,30.0,4.0,,2.0,3.0,4.0,,,,,5.0,1.0,25.0,,1.0,,,,,,,,2.0,5.0,5.0,,5.0,1.0,,,,1.0,,2.0,4.0,,,,,,,,,,,,1.0,1.0,1.0,1.0,2.0,2.0,6,5,5,6,3,3,5,6,2,1,25.0,25.0,22.0,37.0,62.0,32.0,50.0,50.0,50.0,12.0,1,1,2,1,2,2,1,2,2,1,2,1,2,2,2,2,2,1,2,2,2,1,2,1,2,1,2,2,1,2,2,1,2,1,2,2,2,1,2,2
52,4,3,4,5,3,5,5,5,1,3,,30.0,3.0,,,,,2.0,2.0,2.0,,6.0,,,2.0,,2.0,,,,4.0,5.0,5.0,,,,,0.0,,2.0,,9.0,,,2.0,4.0,,1.0,1.0,1.0,1.0,1.0,1.0,1.0,1.0,1.0,1.0,,,,,,,7,2,2,3,1,5,6,7,2,1,55.0,45.0,38.0,43.0,38.0,44.0,74.0,91.0,59.0,56.0,1,2,2,2,1,2,1,2,1,1,2,2,2,2,1,2,2,2,1,2,2,1,1,2,2,1,2,2,1,2,2,1,2,1,1,1,2,1,2,2
291,1,3,2,1,1,1,3,2,5,4,,20.0,4.0,,,,,3.0,1.0,2.0,1.0,,,,2.0,1.0,,1.0,4.0,3.0,,,,,,,,15.0,1.0,,3.0,,,,2.0,,2.0,,,,,,,,,,,1.0,1.0,1.0,1.0,2.0,2.0,5,1,4,7,4,6,4,2,1,2,25.0,75.0,30.0,5.0,5.0,2.0,55.0,10.0,90.0,75.0,1,2,2,1,1,1,2,2,2,1,2,2,1,2,2,1,2,1,1,1,2,1,1,2,1,1,2,1,1,2,1,2,2,2,2,2,1,2,1,1
718,4,4,4,5,5,1,5,5,5,5,,76.0,3.0,,,,,3.0,3.0,3.0,,6.0,,,2.0,1.0,,2.0,5.0,6.0,,,,,,,20.0,,,2.0,2.0,,,1.0,,,4.0,1.0,1.0,2.0,1.0,1.0,2.0,1.0,1.0,2.0,1.0,,,,,,,7,1,4,4,3,5,6,7,2,1,27.0,19.0,31.0,47.0,60.0,34.0,75.0,53.0,64.0,72.0,1,2,1,2,2,2,1,1,2,2,1,1,1,1,1,2,2,1,1,2,1,1,2,1,2,2,2,2,1,1,1,1,1,2,2,1,2,2,2,2
104,4,4,3,3,4,5,5,3,3,3,,80.0,4.0,,,,,2.0,4.0,3.0,5.0,,,,2.0,,2.0,,,,,,,2.0,5.0,5.0,15.0,,1.0,,6.0,,,,2.0,5.0,,1.0,1.0,1.0,1.0,1.0,1.0,1.0,1.0,1.0,1.0,,,,,,,5,3,5,6,2,2,5,4,3,2,60.0,50.0,35.0,35.0,60.0,75.0,85.0,50.0,25.0,50.0,1,2,2,2,2,1,2,2,2,2,1,2,2,2,2,2,2,1,1,2,2,1,2,1,2,2,2,2,2,1,2,1,2,2,2,2,1,2,2,1
805,3,2,2,2,2,3,4,3,4,4,90.0,,4.0,,,,,4.0,4.0,2.0,,6.0,1.0,30.0,,,2.0,1.0,4.0,4.0,,,,,,,2.0,,1.0,,,7.0,,,1.0,,4.0,,,,,,,,,,,1.0,1.0,1.0,2.0,1.0,1.0,5,1,1,1,1,6,7,7,1,2,50.0,30.0,40.0,30.0,40.0,20.0,80.0,60.0,56.0,52.0,2,2,1,1,1,2,2,2,2,2,2,1,1,2,2,2,1,2,1,2,1,2,2,1,2,1,1,2,2,2,1,1,2,1,2,1,1,2,2,2
93,4,3,5,5,4,5,3,2,3,2,,30.0,,1.0,2.0,3.0,2.0,,,,3.0,,2.0,6.0,,1.0,,1.0,5.0,6.0,,,,,,,15.0,,1.0,,,9.0,,2.0,,,4.0,1.0,1.0,1.0,1.0,1.0,1.0,1.0,1.0,1.0,1.0,,,,,,,6,4,6,7,2,5,6,6,3,1,50.0,45.0,50.0,70.0,75.0,60.0,75.0,60.0,40.0,25.0,2,2,1,2,1,1,1,1,1,2,2,2,1,1,1,2,1,2,1,2,1,1,2,1,1,1,1,1,2,2,1,1,2,1,2,2,1,2,2,1
976,1,1,2,5,5,1,5,1,5,5,70.0,,1.0,,,,,4.0,1.0,3.0,5.0,,1.0,54.0,,,2.0,,,,4.0,5.0,6.0,,,,20.0,,2.0,,,,1.0,,2.0,3.0,,1.0,1.0,1.0,1.0,1.0,1.0,1.0,1.0,1.0,1.0,,,,,,,7,3,6,2,5,7,5,7,1,2,29.0,6.0,12.0,85.0,94.0,21.0,94.0,24.0,25.0,100.0,1,1,2,2,1,1,1,1,2,2,2,1,2,2,1,1,1,1,2,1,1,2,1,2,1,2,2,1,1,2,1,1,1,2,1,1,1,1,2,2
171,2,2,2,4,4,3,4,2,4,4,70.0,,5.0,,3.0,4.0,5.0,,,,,7.0,,,1.0,,1.0,2.0,4.0,5.0,,,,,,,,0.0,2.0,,,,1.0,2.0,,4.0,,2.0,2.0,2.0,2.0,2.0,2.0,2.0,2.0,2.0,2.0,,,,,,,5,2,5,5,3,4,5,5,2,1,35.0,48.0,41.0,58.0,63.0,48.0,61.0,41.0,45.0,50.0,2,1,2,1,2,2,2,2,1,1,1,2,1,2,1,1,1,1,1,2,2,2,1,2,1,2,1,1,2,2,2,1,2,2,2,1,1,1,2,2
397,5,4,4,2,3,5,4,4,2,1,,30.0,6.0,,3.0,4.0,2.0,,,,,5.0,,,2.0,,2.0,4.0,5.0,6.0,,,,,,,,20.0,,1.0,,10.0,,1.0,,4.0,,,,,,,,,,,,1.0,1.0,1.0,1.0,1.0,1.0,7,2,5,6,5,6,7,5,4,1,68.0,56.0,64.0,18.0,60.0,72.0,42.0,85.0,30.0,65.0,1,1,2,1,1,2,2,2,2,2,2,1,1,2,1,1,2,2,2,2,2,2,2,2,2,2,2,2,1,2,2,2,2,2,2,2,2,2,2,2
870,4,4,4,5,5,3,4,5,4,5,,85.0,2.0,,,,,4.0,2.0,2.0,6.0,,,,2.0,,2.0,,,,,,,4.0,5.0,3.0,0.0,,,2.0,,10.0,,1.0,,,4.0,1.0,2.0,1.0,1.0,2.0,1.0,1.0,2.0,1.0,1.0,,,,,,,5,2,2,5,6,5,5,4,3,1,80.0,87.0,90.0,92.0,90.0,48.0,80.0,96.0,90.0,92.0,1,2,2,2,1,1,2,1,2,1,1,1,1,2,2,2,1,2,2,2,1,2,1,2,2,1,1,1,2,1,1,1,1,1,2,2,1,2,1,2
903,4,3,4,5,4,4,4,4,3,5,,30.0,2.0,,,,,4.0,5.0,1.0,4.0,,,,2.0,1.0,,,,,2.0,5.0,6.0,,,,,10.0,2.0,,,10.0,,2.0,,,3.0,,,,,,,,,,,1.0,2.0,1.0,2.0,1.0,2.0,6,1,1,1,1,5,7,7,1,1,60.0,60.0,50.0,100.0,100.0,50.0,100.0,100.0,52.0,100.0,1,2,1,2,2,2,1,1,1,1,2,1,2,1,2,2,2,2,2,1,1,1,1,2,1,2,1,1,1,1,2,2,2,1,1,1,1,2,1,1
356,5,5,3,5,5,4,5,5,5,5,32.0,,1.0,,,,,6.0,1.0,1.0,1.0,,,,2.0,2.0,,1.0,4.0,5.0,,,,,,,2.0,,1.0,,3.0,,,,2.0,4.0,,1.0,1.0,1.0,1.0,1.0,1.0,1.0,2.0,2.0,2.0,,,,,,,7,3,2,7,4,7,7,7,1,1,100.0,61.0,36.0,100.0,100.0,39.0,100.0,100.0,30.0,100.0,2,2,1,1,1,2,1,2,2,1,2,2,2,2,1,2,2,1,2,1,2,2,2,1,1,2,2,2,2,2,2,2,2,2,2,2,2,2,2,2
225,4,5,4,4,5,4,5,2,5,2,,74.0,,2.0,,,,1.0,5.0,1.0,,3.0,,,2.0,2.0,,,,,2.0,4.0,2.0,,,,,12.0,1.0,,,10.0,,1.0,,3.0,,1.0,1.0,1.0,1.0,2.0,2.0,2.0,2.0,2.0,2.0,,,,,,,2,3,1,3,5,6,7,5,3,1,77.0,55.0,79.0,76.0,82.0,53.0,56.0,30.0,90.0,46.0,1,1,2,1,1,1,1,1,1,1,1,2,2,1,1,1,2,1,2,1,1,2,1,1,2,1,1,2,2,1,1,2,1,2,1,2,2,2,1,2
439,1,1,1,3,3,1,1,3,5,4,,52.0,,1.0,4.0,4.0,2.0,,,,6.0,,1.0,43.0,,,1.0,,,,1.0,5.0,6.0,,,,20.0,,1.0,,2.0,,,,1.0,6.0,,1.0,2.0,1.0,2.0,1.0,2.0,1.0,2.0,1.0,2.0,,,,,,,6,1,4,5,1,7,5,5,2,1,25.0,15.0,15.0,25.0,34.0,28.0,30.0,34.0,77.0,86.0,2,2,1,1,2,1,1,1,1,2,1,1,2,1,1,1,1,2,1,1,1,1,1,1,1,1,2,1,1,1,1,1,1,1,1,1,2,1,1,1
27,3,3,3,4,3,4,4,5,2,3,,49.0,4.0,,4.0,4.0,4.0,,,,,6.0,2.0,10.0,,,1.0,,,,1.0,5.0,6.0,,,,15.0,,,2.0,,10.0,,2.0,,,4.0,1.0,1.0,1.0,1.0,1.0,1.0,1.0,1.0,1.0,1.0,,,,,,,6,1,4,5,1,7,4,4,2,2,51.0,50.0,49.0,49.0,75.0,33.0,72.0,95.0,22.0,52.0,2,2,1,2,2,2,1,1,2,2,2,2,1,1,2,1,2,2,2,1,2,2,2,2,2,1,2,2,2,2,1,2,2,1,2,1,1,2,2,1
909,3,4,4,4,4,2,5,5,4,4,70.0,,,5.0,,,,,,,,6.0,,,2.0,1.0,,1.0,4.0,5.0,,,,,,,20.0,,1.0,,3.0,,,,1.0,6.0,,,,,,,,,,,,1.0,1.0,2.0,1.0,2.0,1.0,3,1,5,3,2,5,6,4,3,1,35.0,15.0,25.0,60.0,100.0,18.0,75.0,85.0,80.0,46.0,2,1,2,1,2,1,2,2,2,2,2,1,2,2,2,2,1,1,2,2,2,2,2,2,2,2,1,1,2,2,1,1,1,2,2,2,2,1,2,2
581,5,4,4,5,4,4,5,4,5,4,70.0,,5.0,,,,,1.0,1.0,1.0,5.0,,1.0,50.0,,1.0,,,,,,,,2.0,5.0,5.0,12.0,,,2.0,,6.0,,1.0,,,4.0,1.0,1.0,1.0,1.0,1.0,1.0,1.0,1.0,1.0,1.0,,,,,,,6,3,2,3,1,6,7,7,3,1,85.0,55.0,75.0,63.0,72.0,83.0,66.0,79.0,93.0,77.0,1,1,2,1,1,1,1,1,2,1,1,2,1,1,1,1,1,2,1,2,1,1,1,1,1,1,1,1,2,1,2,1,2,1,2,2,1,2,1,2
767,4,2,2,2,4,4,4,4,5,2,,90.0,,1.0,6.0,5.0,4.0,,,,,7.0,,,2.0,1.0,,,,,4.0,5.0,6.0,,,,15.0,,1.0,,,5.0,,1.0,,,6.0,1.0,1.0,2.0,1.0,1.0,1.0,2.0,2.0,1.0,1.0,,,,,,,6,2,5,5,1,3,5,6,3,1,45.0,52.0,22.0,48.0,63.0,54.0,51.0,60.0,58.0,30.0,2,2,1,1,2,1,1,1,2,1,2,2,1,1,1,2,1,2,1,1,2,2,1,2,2,2,2,1,1,1,1,1,2,1,2,2,2,1,2,2
614,5,5,5,5,5,5,5,3,1,4,,92.0,1.0,,,,,3.0,3.0,2.0,,3.0,,,2.0,2.0,,,,,4.0,5.0,6.0,,,,0.0,,,1.0,,,10.0,,1.0,,6.0,1.0,1.0,1.0,1.0,1.0,1.0,1.0,1.0,1.0,1.0,,,,,,,7,1,1,1,1,7,7,7,4,1,89.0,85.0,91.0,93.0,94.0,95.0,95.0,51.0,6.0,94.0,2,2,2,2,2,2,2,2,2,2,2,2,1,2,2,2,2,2,2,2,2,2,2,2,2,2,2,2,2,2,2,2,2,2,2,2,2,1,2,2
540,4,3,4,4,3,2,3,5,2,4,,70.0,,2.0,1.0,1.0,4.0,,,,,6.0,,,2.0,,2.0,,,,3.0,4.0,6.0,,,,,20.0,1.0,,,,1.0,,2.0,6.0,,1.0,1.0,2.0,1.0,1.0,2.0,1.0,1.0,2.0,1.0,,,,,,,6,2,2,2,1,6,7,7,1,1,72.0,40.0,51.0,50.0,49.0,30.0,65.0,100.0,38.0,71.0,1,2,2,1,2,2,2,1,2,2,1,1,1,2,2,1,2,1,1,2,1,2,1,2,2,2,1,2,1,2,1,1,2,2,2,2,2,1,2,1
433,3,3,3,4,4,4,4,4,4,4,85.0,,,3.0,,,,5.0,4.0,3.0,,7.0,1.0,30.0,,1.0,,,,,4.0,4.0,4.0,,,,,10.0,2.0,,,9.0,,,1.0,4.0,,1.0,1.0,2.0,1.0,2.0,1.0,1.0,2.0,1.0,1.0,,,,,,,4,4,4,5,2,3,5,5,1,2,56.0,35.0,40.0,36.0,40.0,40.0,72.0,75.0,50.0,82.0,2,2,1,1,1,2,2,1,2,2,1,2,1,2,1,2,1,2,2,2,1,1,2,2,1,1,1,1,1,1,1,1,1,1,1,1,1,1,1,1
58,4,5,5,3,5,4,5,5,3,3,,90.0,2.0,,4.0,3.0,5.0,,,,6.0,,1.0,15.0,,1.0,,,,,1.0,4.0,5.0,,,,,0.0,1.0,,3.0,,,1.0,,5.0,,1.0,1.0,1.0,2.0,1.0,2.0,1.0,1.0,2.0,1.0,,,,,,,6,2,5,5,2,6,6,7,4,1,90.0,71.0,60.0,55.0,70.0,46.0,72.0,83.0,63.0,73.0,2,2,2,2,1,1,2,2,1,1,2,2,2,1,1,2,2,1,1,1,2,1,1,2,2,2,2,1,1,2,2,1,1,2,2,2,2,2,2,1
535,5,5,5,5,5,5,5,5,1,4,,75.0,,3.0,,,,3.0,4.0,2.0,3.0,,,,2.0,1.0,,2.0,4.0,3.0,,,,,,,15.0,,1.0,,,9.0,,,1.0,,4.0,,,,,,,,,,,1.0,1.0,2.0,1.0,1.0,2.0,7,5,1,6,7,7,5,6,3,1,35.0,10.0,5.0,55.0,50.0,40.0,80.0,70.0,65.0,40.0,1,1,1,2,1,1,1,1,1,1,1,2,2,1,1,2,2,2,1,1,1,2,2,1,1,1,2,1,2,1,1,1,2,1,1,2,2,2,1,1
446,3,4,4,5,3,5,5,4,3,3,,30.0,,3.0,4.0,4.0,4.0,,,,5.0,,,,2.0,,2.0,,,,4.0,5.0,6.0,,,,20.0,,2.0,,,9.0,,1.0,,,6.0,1.0,1.0,1.0,1.0,1.0,1.0,1.0,1.0,1.0,1.0,,,,,,,6,2,5,5,5,7,6,5,2,1,50.0,50.0,75.0,70.0,60.0,50.0,75.0,60.0,50.0,50.0,1,2,1,2,1,1,1,1,2,2,2,2,1,1,1,2,1,2,2,2,1,2,2,1,1,1,2,1,2,1,2,1,1,2,1,2,2,1,1,1
329,5,4,5,5,5,5,5,5,1,1,,30.0,2.0,,,,,3.0,3.0,2.0,6.0,,1.0,20.0,,1.0,,3.0,4.0,4.0,,,,,,,20.0,,,2.0,1.0,,,1.0,,4.0,,1.0,1.0,1.0,1.0,1.0,2.0,2.0,2.0,2.0,2.0,,,,,,,5,1,2,2,2,3,6,5,2,1,77.0,70.0,78.0,65.0,76.0,51.0,85.0,72.0,56.0,16.0,2,2,2,2,1,2,1,2,1,1,1,2,2,1,2,1,1,1,1,1,2,2,2,1,2,2,1,1,2,1,2,1,1,2,2,1,2,2,2,1
99,1,1,1,1,1,1,1,1,5,3,100.0,,2.0,,3.0,5.0,2.0,,,,,6.0,,,2.0,1.0,,,,,,,,5.0,5.0,6.0,,1.0,,2.0,3.0,,,2.0,,1.0,,1.0,1.0,1.0,1.0,1.0,1.0,1.0,1.0,1.0,1.0,,,,,,,7,1,7,6,5,7,5,5,1,1,15.0,16.0,14.0,32.0,33.0,29.0,55.0,38.0,53.0,65.0,1,2,1,2,2,2,2,2,2,2,2,2,2,1,2,2,2,2,1,2,2,2,2,2,2,2,2,1,2,2,1,1,1,1,1,2,2,1,2,1
712,1,1,1,1,4,1,4,1,5,5,,20.0,,3.0,4.0,5.0,2.0,,,,3.0,,1.0,16.0,,1.0,,,,,,,,4.0,2.0,3.0,,10.0,1.0,,1.0,,,,1.0,,1.0,,,,,,,,,,,1.0,1.0,2.0,1.0,2.0,1.0,5,4,3,2,2,5,6,6,2,1,25.0,25.0,40.0,35.0,50.0,35.0,70.0,45.0,65.0,70.0,2,2,2,2,2,2,2,2,2,1,2,2,2,2,1,1,2,1,2,2,1,1,2,1,1,1,2,2,2,2,2,1,2,1,1,2,2,1,1,1
661,5,4,5,4,5,4,4,4,2,1,92.0,,,2.0,,,,2.0,3.0,2.0,,6.0,1.0,40.0,,1.0,,1.0,5.0,6.0,,,,,,,15.0,,,2.0,2.0,,,,2.0,,4.0,,,,,,,,,,,1.0,1.0,1.0,1.0,1.0,1.0,6,2,2,2,3,6,6,6,4,1,25.0,5.0,50.0,40.0,60.0,40.0,60.0,10.0,54.0,0.0,2,1,2,2,1,2,2,1,1,2,2,1,2,2,1,1,1,2,2,1,2,1,2,2,2,2,2,1,2,2,2,2,2,2,2,2,1,1,2,1
487,3,4,4,4,5,1,5,4,4,4,,19.0,,1.0,,,,4.0,4.0,1.0,7.0,,,,2.0,,2.0,,,,,,,5.0,2.0,3.0,,17.0,,1.0,2.0,,,,1.0,,3.0,,,,,,,,,,,1.0,1.0,1.0,2.0,1.0,1.0,5,1,4,3,4,6,6,6,3,1,3.0,7.0,9.0,17.0,80.0,50.0,77.0,3.0,65.0,57.0,1,1,2,2,2,2,1,2,1,2,2,1,2,1,1,2,1,1,2,2,1,2,1,1,2,2,2,1,1,1,1,2,1,2,2,2,1,1,1,2
69,4,3,2,3,4,4,3,2,3,4,,69.0,,5.0,5.0,4.0,3.0,,,,,5.0,1.0,54.0,,,2.0,,,,2.0,4.0,5.0,,,,,5.0,1.0,,4.0,,,1.0,,,5.0,1.0,1.0,1.0,1.0,1.0,1.0,1.0,2.0,2.0,2.0,,,,,,,5,4,3,4,6,5,4,5,3,1,59.0,35.0,62.0,38.0,64.0,75.0,34.0,29.0,64.0,34.0,1,1,1,2,1,1,2,1,2,1,2,2,2,2,2,1,2,1,2,1,1,1,1,1,2,1,2,1,1,1,2,1,1,1,1,1,2,1,2,1
504,2,4,3,2,4,1,5,1,5,4,,50.0,4.0,,,,,2.0,5.0,1.0,2.0,,,,2.0,1.0,,,,,,,,1.0,5.0,2.0,,13.0,2.0,,1.0,,,1.0,,,3.0,1.0,1.0,2.0,1.0,1.0,2.0,1.0,2.0,1.0,1.0,,,,,,,7,1,2,2,6,7,7,7,1,1,75.0,20.0,65.0,17.0,89.0,67.0,61.0,60.0,49.0,49.0,2,2,2,2,2,2,2,2,2,2,1,1,2,2,2,2,1,2,2,2,2,2,2,2,1,2,1,2,2,1,2,2,2,2,2,2,2,1,2,2
477,1,1,1,1,1,1,2,1,5,4,,61.0,2.0,,,,,3.0,2.0,2.0,6.0,,,,1.0,,1.0,,,,4.0,5.0,6.0,,,,,10.0,,2.0,1.0,,,2.0,,4.0,,,,,,,,,,,,1.0,1.0,1.0,1.0,1.0,1.0,6,2,2,6,2,6,5,5,1,1,0.0,0.0,0.0,0.0,0.0,0.0,60.0,0.0,76.0,43.0,1,2,1,1,1,1,1,2,2,1,1,2,1,2,1,2,1,1,1,1,2,2,2,1,1,2,1,1,1,1,1,1,1,2,2,1,2,1,2,2
691,4,4,5,4,3,3,4,3,5,2,,30.0,2.0,,,,,5.0,5.0,2.0,,6.0,,,2.0,1.0,,2.0,4.0,4.0,,,,,,,12.0,,,2.0,5.0,,,1.0,,3.0,,,,,,,,,,,,1.0,1.0,2.0,1.0,1.0,2.0,6,4,6,6,2,5,5,5,2,1,61.0,50.0,71.0,51.0,40.0,47.0,60.0,40.0,68.0,57.0,1,1,2,2,1,1,1,2,2,1,1,1,1,1,1,1,2,2,1,2,2,2,2,1,2,1,1,1,2,1,1,1,1,1,1,2,1,1,1,1
318,1,1,1,1,1,1,1,1,5,5,,40.0,,4.0,3.0,3.0,3.0,,,,,5.0,1.0,44.0,,,2.0,3.0,4.0,5.0,,,,,,,,10.0,,1.0,,6.0,,2.0,,3.0,,1.0,1.0,1.0,1.0,1.0,1.0,1.0,1.0,1.0,1.0,,,,,,,7,5,7,7,3,6,7,7,3,1,29.0,19.0,15.0,42.0,50.0,36.0,47.0,43.0,50.0,65.0,1,1,1,1,1,2,2,2,1,2,1,2,2,2,1,2,2,1,1,1,1,1,2,1,1,1,1,2,2,1,2,2,1,1,2,2,1,2,2,2
723,4,3,4,5,4,5,5,5,4,3,70.0,,,2.0,2.0,3.0,3.0,,,,5.0,,,,2.0,1.0,,1.0,2.0,5.0,,,,,,,,15.0,2.0,,,,1.0,2.0,,,4.0,,,,,,,,,,,1.0,1.0,2.0,1.0,1.0,1.0,5,2,3,2,2,5,5,5,2,2,40.0,15.0,35.0,45.0,50.0,55.0,65.0,70.0,40.0,35.0,2,2,1,1,2,2,2,1,1,1,2,2,1,1,1,2,2,2,1,1,1,2,2,2,1,2,2,2,2,1,2,2,1,1,2,2,2,1,2,2
650,3,3,2,4,3,4,4,1,4,3,,90.0,2.0,,,,,4.0,4.0,2.0,,7.0,,,2.0,,1.0,2.0,3.0,1.0,,,,,,,,3.0,,2.0,1.0,,,,2.0,3.0,,,,,,,,,,,,1.0,1.0,2.0,1.0,1.0,2.0,7,5,5,7,3,5,6,5,1,2,30.0,20.0,5.0,80.0,70.0,30.0,90.0,70.0,90.0,50.0,2,1,1,2,1,2,2,2,2,1,1,1,2,2,2,1,2,2,1,2,2,2,1,2,2,2,2,2,2,2,2,1,2,2,2,1,2,2,1,2
938,4,4,4,5,4,4,5,5,3,4,,29.0,,2.0,,,,5.0,4.0,4.0,3.0,,2.0,10.0,,,1.0,,,,4.0,4.0,5.0,,,,16.0,,,2.0,,,1.0,2.0,,5.0,,,,,,,,,,,,2.0,2.0,1.0,2.0,1.0,2.0,6,2,4,4,5,6,6,6,2,1,57.0,40.0,26.0,21.0,23.0,14.0,49.0,57.0,60.0,55.0,2,2,1,2,2,2,1,2,2,1,1,1,1,2,2,2,2,1,2,2,2,1,1,2,1,2,1,2,2,2,2,2,2,2,2,2,2,2,2,1
756,1,4,3,3,4,3,5,5,5,2,,30.0,3.0,,4.0,2.0,2.0,,,,,7.0,,,2.0,,2.0,,,,1.0,5.0,4.0,,,,15.0,,,2.0,,5.0,,1.0,,,2.0,,,,,,,,,,,2.0,1.0,1.0,2.0,2.0,1.0,5,2,4,5,4,5,3,3,1,2,20.0,40.0,30.0,55.0,35.0,15.0,70.0,65.0,70.0,45.0,2,1,2,1,2,1,1,2,1,1,1,1,2,2,2,1,2,1,1,1,2,1,2,2,1,2,1,2,2,1,2,2,2,2,2,2,2,2,2,2
625,5,4,5,3,5,5,4,5,4,4,85.0,,5.0,,4.0,3.0,2.0,,,,,6.0,1.0,20.0,,2.0,,1.0,5.0,2.0,,,,,,,,18.0,,2.0,,,1.0,,2.0,5.0,,,,,,,,,,,,1.0,2.0,1.0,2.0,1.0,1.0,6,2,5,3,5,7,7,7,1,1,71.0,44.0,74.0,43.0,64.0,45.0,57.0,61.0,71.0,67.0,1,2,1,2,2,2,1,1,2,2,1,1,2,2,2,1,1,2,2,1,1,2,2,2,1,2,1,2,2,2,2,1,2,2,2,1,1,1,1,1
797,5,3,4,5,4,3,5,5,4,4,,32.0,,1.0,3.0,3.0,4.0,,,,,6.0,2.0,5.0,,1.0,,1.0,5.0,4.0,,,,,,,,20.0,2.0,,,5.0,,,2.0,5.0,,1.0,1.0,1.0,1.0,1.0,1.0,1.0,1.0,1.0,1.0,,,,,,,6,1,3,3,2,7,6,6,3,1,55.0,16.0,21.0,38.0,46.0,14.0,68.0,59.0,71.0,34.0,1,1,2,2,2,1,2,2,2,1,2,1,1,1,1,2,2,2,2,2,2,1,2,2,1,1,1,1,2,2,1,2,1,2,2,1,1,2,2,2
571,4,3,3,4,4,2,3,4,4,2,70.0,,6.0,,2.0,2.0,3.0,,,,6.0,,1.0,30.0,,1.0,,2.0,5.0,3.0,,,,,,,,10.0,1.0,,,10.0,,,2.0,,4.0,,,,,,,,,,,1.0,1.0,1.0,1.0,1.0,1.0,6,1,2,3,2,6,7,6,2,1,50.0,40.0,30.0,55.0,60.0,30.0,20.0,80.0,50.0,50.0,2,2,2,2,2,2,1,2,1,2,1,1,2,2,2,2,1,2,2,2,1,2,1,2,2,2,1,1,2,1,2,2,2,1,2,1,2,2,1,2
402,4,4,4,2,4,4,4,4,3,4,,82.0,4.0,,,,,5.0,5.0,2.0,,7.0,,,2.0,1.0,,,,,4.0,5.0,6.0,,,,,20.0,2.0,,,10.0,,2.0,,,6.0,,,,,,,,,,,2.0,1.0,2.0,2.0,1.0,2.0,6,2,2,2,1,5,7,6,4,2,38.0,20.0,17.0,23.0,31.0,16.0,65.0,23.0,38.0,60.0,2,1,2,2,2,2,1,2,2,1,2,2,2,1,1,2,1,2,2,2,2,2,2,2,1,2,2,2,2,2,2,2,1,1,2,2,2,2,2,1
140,5,4,5,4,5,2,4,2,5,4,,80.0,,2.0,3.0,2.0,5.0,,,,,6.0,1.0,52.0,,1.0,,,,,,,,4.0,5.0,3.0,,5.0,1.0,,,,3.0,1.0,,,6.0,1.0,2.0,1.0,1.0,2.0,2.0,2.0,1.0,1.0,1.0,,,,,,,6,5,7,4,2,5,4,7,4,2,81.0,67.0,86.0,58.0,74.0,26.0,65.0,11.0,93.0,75.0,1,1,1,1,1,1,2,1,2,2,1,2,1,1,1,1,2,2,1,1,1,1,1,2,1,2,2,1,2,1,1,1,1,1,1,1,1,1,2,2
841,4,4,3,2,5,5,5,4,1,3,,0.0,4.0,,,,,4.0,1.0,2.0,,4.0,,,2.0,1.0,,,,,2.0,5.0,6.0,,,,20.0,,,2.0,,10.0,,,2.0,,6.0,1.0,1.0,1.0,1.0,1.0,2.0,1.0,1.0,1.0,1.0,,,,,,,6,2,1,1,2,6,7,7,3,2,81.0,49.0,77.0,0.0,67.0,100.0,100.0,100.0,0.0,14.0,2,1,2,1,1,2,2,1,1,2,1,1,2,1,1,2,1,1,2,2,2,1,1,2,1,1,2,2,1,1,1,1,1,1,1,1,2,1,1,1
932,5,5,5,5,5,5,5,5,2,5,38.0,,3.0,,2.0,3.0,3.0,,,,,7.0,1.0,21.0,,,2.0,2.0,4.0,3.0,,,,,,,12.0,,1.0,,,7.0,,,1.0,5.0,,1.0,2.0,2.0,2.0,1.0,1.0,2.0,1.0,2.0,1.0,,,,,,,6,2,3,4,4,6,6,5,4,1,52.0,36.0,49.0,29.0,46.0,19.0,46.0,34.0,66.0,36.0,2,1,1,2,2,1,1,2,2,2,1,1,1,2,2,2,1,1,1,1,1,2,1,1,2,2,2,1,2,2,2,1,2,2,1,1,1,2,2,1
367,4,2,1,1,4,4,3,1,5,4,,75.0,5.0,,3.0,5.0,2.0,,,,6.0,,,,2.0,,1.0,2.0,2.0,5.0,,,,,,,,20.0,,2.0,,8.0,,1.0,,2.0,,1.0,1.0,1.0,1.0,1.0,1.0,1.0,1.0,1.0,1.0,,,,,,,7,4,4,3,2,5,6,6,3,1,60.0,33.0,29.0,30.0,90.0,55.0,60.0,40.0,77.0,58.0,1,2,2,1,1,2,1,2,2,1,1,2,1,2,2,1,2,1,2,2,1,1,2,1,2,2,1,2,2,2,2,2,2,1,2,2,2,2,2,1
214,3,3,3,3,3,3,3,3,3,3,70.0,,5.0,,3.0,3.0,3.0,,,,,6.0,,,2.0,,1.0,3.0,3.0,4.0,,,,,,,,16.0,,1.0,2.0,,,,2.0,,4.0,,,,,,,,,,,1.0,2.0,1.0,2.0,1.0,2.0,4,4,4,4,4,4,4,4,2,1,46.0,42.0,41.0,41.0,51.0,24.0,59.0,26.0,65.0,55.0,1,1,1,1,1,1,1,1,1,1,1,1,1,1,1,1,1,1,1,1,1,1,1,1,1,1,1,1,1,1,1,1,1,1,1,1,1,1,1,1
181,5,5,5,5,5,5,5,5,1,1,,75.0,,2.0,3.0,5.0,6.0,,,,,6.0,,,2.0,1.0,,,,,,,,1.0,4.0,5.0,12.0,,1.0,,,,2.0,1.0,,4.0,,,,,,,,,,,,1.0,1.0,2.0,1.0,1.0,2.0,6,1,4,3,2,6,4,5,3,1,55.0,60.0,65.0,68.0,65.0,62.0,71.0,68.0,41.0,35.0,2,2,2,1,2,2,2,2,2,2,2,2,2,2,1,2,2,2,1,1,2,2,2,1,2,2,2,2,2,2,2,1,2,2,2,2,2,2,1,2
408,4,4,5,5,5,5,5,5,1,1,,75.0,4.0,,3.0,5.0,3.0,,,,,5.0,1.0,15.0,,,2.0,2.0,5.0,5.0,,,,,,,20.0,,1.0,,3.0,,,1.0,,4.0,,,,,,,,,,,,1.0,1.0,2.0,1.0,2.0,1.0,6,4,5,5,2,3,5,5,2,1,40.0,30.0,30.0,30.0,30.0,30.0,25.0,35.0,40.0,25.0,2,1,1,2,2,1,1,2,1,1,2,2,2,2,2,2,2,1,1,2,2,2,2,2,2,2,2,1,2,2,2,1,1,2,2,2,1,2,2,1
880,4,3,5,5,5,5,4,4,3,3,70.0,,6.0,,,,,3.0,3.0,2.0,3.0,,,,2.0,,2.0,,,,2.0,4.0,5.0,,,,20.0,,2.0,,,,3.0,,2.0,5.0,,1.0,1.0,1.0,1.0,1.0,1.0,1.0,1.0,1.0,1.0,,,,,,,7,3,7,7,3,5,6,6,1,1,55.0,25.0,35.0,90.0,90.0,55.0,60.0,85.0,70.0,65.0,2,2,2,2,2,2,2,1,2,2,2,2,2,2,2,1,1,2,1,1,2,1,2,2,1,2,2,2,2,2,2,1,1,2,2,2,2,2,2,2
16,2,3,3,5,3,4,4,4,3,4,81.0,,2.0,,2.0,3.0,5.0,,,,,3.0,1.0,20.0,,,2.0,,,,,,,1.0,5.0,6.0,7.0,,1.0,,,,1.0,2.0,,,2.0,1.0,1.0,2.0,1.0,1.0,2.0,1.0,2.0,1.0,2.0,,,,,,,7,1,6,1,1,7,6,6,3,1,23.0,17.0,23.0,66.0,25.0,30.0,71.0,53.0,49.0,46.0,1,1,2,2,1,2,2,1,2,1,2,2,2,2,2,1,2,2,1,2,2,2,1,1,1,2,2,2,2,2,1,2,2,2,2,2,2,1,2,2
312,2,4,2,2,3,2,4,3,5,4,,37.0,,5.0,3.0,3.0,3.0,,,,6.0,,1.0,54.0,,,2.0,,,,4.0,4.0,5.0,,,,5.0,,,2.0,,,2.0,,1.0,4.0,,,,,,,,,,,,1.0,2.0,1.0,1.0,2.0,1.0,6,1,6,5,5,7,7,7,2,2,3.0,7.0,41.0,27.0,27.0,14.0,30.0,12.0,98.0,47.0,2,2,2,1,1,2,2,2,1,2,2,2,2,1,2,2,1,2,2,2,1,2,1,2,1,2,1,2,2,2,2,2,2,2,2,1,2,1,2,2
261,4,3,4,5,4,5,4,4,2,4,79.0,,,4.0,4.0,2.0,1.0,,,,,7.0,1.0,41.0,,,2.0,2.0,4.0,2.0,,,,,,,15.0,,,1.0,2.0,,,1.0,,,4.0,,,,,,,,,,,2.0,1.0,1.0,1.0,2.0,1.0,6,4,5,5,5,6,6,7,2,1,66.0,57.0,66.0,89.0,71.0,48.0,71.0,88.0,25.0,59.0,1,1,2,2,2,1,2,1,1,2,1,2,2,2,1,1,2,1,1,2,1,1,2,1,2,2,2,1,1,1,1,2,1,2,2,2,2,2,1,1
986,1,3,3,5,5,5,5,1,3,5,50.0,,5.0,,3.0,3.0,3.0,,,,,4.0,,,1.0,1.0,,,,,3.0,5.0,4.0,,,,,15.0,1.0,,,,1.0,,1.0,,6.0,,,,,,,,,,,1.0,1.0,1.0,1.0,1.0,1.0,4,1,1,7,4,6,7,5,2,2,30.0,36.0,50.0,81.0,79.0,27.0,96.0,21.0,87.0,97.0,1,2,1,2,2,2,2,2,2,2,2,2,1,2,2,2,1,2,1,2,2,2,1,2,1,1,1,2,1,2,1,1,2,1,1,1,1,1,2,2
63,1,1,1,4,2,1,4,4,5,1,81.0,,4.0,,5.0,3.0,3.0,,,,5.0,,,,2.0,,1.0,,,,2.0,5.0,6.0,,,,,20.0,1.0,,,,1.0,,2.0,,6.0,1.0,1.0,1.0,1.0,1.0,1.0,1.0,1.0,1.0,1.0,,,,,,,7,1,3,3,1,7,7,7,1,1,28.0,31.0,16.0,10.0,31.0,16.0,23.0,39.0,62.0,14.0,2,2,1,1,2,2,2,2,2,1,1,1,1,2,2,2,2,1,1,2,1,2,1,1,2,1,2,2,2,2,1,1,1,1,1,1,2,2,2,2
729,2,3,3,5,4,3,4,5,5,3,,30.0,3.0,,,,,3.0,4.0,2.0,,6.0,2.0,6.0,,,2.0,,,,5.0,5.0,5.0,,,,,5.0,1.0,,,6.0,,,2.0,5.0,,1.0,1.0,1.0,1.0,1.0,1.0,1.0,1.0,1.0,1.0,,,,,,,5,2,6,3,3,5,6,6,3,1,45.0,40.0,43.0,49.0,55.0,50.0,55.0,50.0,60.0,50.0,1,1,1,2,2,1,2,2,2,1,2,1,1,1,2,2,2,2,2,2,1,2,2,2,2,1,2,2,2,1,2,2,1,2,2,1,1,1,2,1
135,5,5,4,5,5,5,5,5,1,5,,30.0,6.0,,3.0,4.0,3.0,,,,7.0,,,,2.0,1.0,,2.0,5.0,6.0,,,,,,,,10.0,1.0,,3.0,,,,2.0,,4.0,,,,,,,,,,,1.0,1.0,1.0,1.0,1.0,1.0,7,5,6,4,2,5,6,6,3,1,23.0,29.0,27.0,53.0,55.0,57.0,62.0,71.0,39.0,49.0,1,2,2,2,1,2,2,2,2,2,1,2,1,1,1,2,2,2,2,2,2,2,2,1,2,2,2,2,1,2,1,2,2,2,1,2,2,1,2,2
834,4,5,5,5,5,5,5,5,1,3,70.0,,,1.0,2.0,2.0,4.0,,,,4.0,,1.0,24.0,,,2.0,4.0,4.0,4.0,,,,,,,,20.0,,2.0,,,1.0,,1.0,,6.0,1.0,1.0,1.0,1.0,1.0,1.0,1.0,1.0,1.0,1.0,,,,,,,7,2,4,5,3,6,4,3,2,1,40.0,73.0,40.0,75.0,50.0,70.0,90.0,80.0,20.0,40.0,1,2,2,2,2,2,1,1,2,2,1,2,1,2,1,2,1,1,1,2,2,2,1,2,2,2,2,1,1,2,2,2,2,2,2,1,2,2,2,2
947,2,4,5,5,3,5,5,3,2,3,85.0,,3.0,,,,,3.0,4.0,2.0,6.0,,,,2.0,,2.0,,,,,,,2.0,5.0,5.0,18.0,,2.0,,,4.0,,1.0,,,4.0,1.0,1.0,1.0,1.0,1.0,1.0,1.0,1.0,1.0,2.0,,,,,,,6,4,5,2,3,6,6,6,2,2,22.0,64.0,33.0,53.0,33.0,80.0,93.0,50.0,33.0,46.0,2,2,2,2,2,2,1,1,2,1,1,1,1,2,2,1,2,2,2,2,2,1,2,1,1,2,1,1,2,1,1,1,1,1,1,1,1,2,2,1
538,1,2,2,2,2,1,5,1,5,5,82.0,,1.0,,3.0,2.0,1.0,,,,,7.0,,,1.0,1.0,,2.0,4.0,6.0,,,,,,,,15.0,,2.0,,,1.0,1.0,,,6.0,1.0,1.0,1.0,1.0,1.0,2.0,2.0,2.0,2.0,2.0,,,,,,,7,1,2,1,1,6,7,7,1,2,66.0,63.0,69.0,69.0,80.0,25.0,92.0,20.0,100.0,59.0,2,2,2,2,2,1,2,2,2,1,1,2,2,2,2,1,1,1,1,2,2,2,2,1,2,1,1,2,1,1,1,2,1,2,2,1,1,1,1,2
324,4,4,5,3,4,5,4,3,4,1,72.0,,4.0,,,,,3.0,4.0,2.0,,6.0,,,1.0,1.0,,2.0,4.0,3.0,,,,,,,20.0,,1.0,,3.0,,,1.0,,,4.0,1.0,1.0,2.0,1.0,1.0,2.0,1.0,1.0,2.0,2.0,,,,,,,5,2,2,3,2,5,6,7,3,2,40.0,40.0,55.0,67.0,55.0,75.0,75.0,62.0,65.0,16.0,2,2,1,2,1,2,2,1,1,2,2,1,2,1,2,2,2,2,1,2,1,2,2,1,2,2,2,1,1,2,2,1,2,1,2,1,2,2,2,2
257,4,3,2,4,4,4,5,4,4,3,,30.0,,4.0,2.0,2.0,2.0,,,,,5.0,,,2.0,,2.0,,,,2.0,2.0,4.0,,,,0.0,,1.0,,4.0,,,,2.0,,4.0,1.0,1.0,1.0,1.0,1.0,1.0,1.0,1.0,1.0,1.0,,,,,,,7,7,5,7,4,6,6,6,4,1,60.0,25.0,25.0,75.0,70.0,40.0,86.0,70.0,65.0,50.0,1,2,1,1,2,2,2,2,2,1,1,2,1,2,2,2,2,2,2,1,2,1,1,1,2,1,1,2,2,2,2,2,2,1,2,2,2,2,1,1
55,4,3,4,4,5,3,5,4,3,3,,48.0,2.0,,3.0,4.0,4.0,,,,,6.0,2.0,8.0,,1.0,,,,,2.0,5.0,6.0,,,,,19.0,,1.0,,10.0,,1.0,,,4.0,,,,,,,,,,,1.0,1.0,1.0,1.0,1.0,1.0,7,2,4,4,3,5,5,5,2,1,35.0,24.0,36.0,40.0,42.0,38.0,94.0,51.0,50.0,47.0,2,1,1,2,2,2,2,2,1,1,1,2,2,1,2,2,2,2,2,2,2,2,1,1,2,1,2,2,2,2,2,2,1,1,1,1,1,2,2,1
296,4,2,4,1,4,5,2,2,4,4,,49.0,4.0,,2.0,5.0,4.0,,,,5.0,,,,2.0,,1.0,,,,,,,4.0,5.0,5.0,20.0,,1.0,,4.0,,,1.0,,,5.0,,,,,,,,,,,1.0,1.0,2.0,1.0,1.0,2.0,6,2,3,6,5,5,6,5,3,1,44.0,35.0,74.0,58.0,72.0,58.0,58.0,68.0,87.0,88.0,2,2,1,2,2,1,1,2,1,1,2,2,1,2,1,1,1,1,1,2,1,2,1,2,2,2,1,2,2,2,1,2,1,1,2,1,2,2,2,2
103,5,5,5,5,5,5,5,5,1,5,,85.0,1.0,,,,,4.0,4.0,1.0,4.0,,,,2.0,1.0,,,,,5.0,5.0,6.0,,,,,15.0,,2.0,,10.0,,1.0,,2.0,,,,,,,,,,,,1.0,1.0,1.0,1.0,2.0,2.0,7,1,1,6,1,7,7,7,4,2,100.0,50.0,50.0,50.0,50.0,50.0,50.0,50.0,50.0,50.0,1,1,1,1,1,1,1,1,1,1,1,1,1,1,1,1,1,1,1,1,1,1,1,1,1,1,1,1,1,1,1,1,1,1,1,1,1,1,1,1
802,1,4,1,1,4,2,4,2,5,4,,30.0,4.0,,,,,2.0,3.0,2.0,5.0,,,,1.0,1.0,,,,,1.0,4.0,3.0,,,,,20.0,1.0,,,,2.0,1.0,,2.0,,1.0,1.0,1.0,1.0,1.0,1.0,1.0,2.0,2.0,2.0,,,,,,,6,3,5,2,2,5,5,6,2,2,60.0,32.0,33.0,46.0,68.0,48.0,72.0,44.0,80.0,45.0,1,2,1,1,2,2,2,2,2,1,1,2,2,2,2,1,2,2,2,2,1,2,2,2,2,1,2,2,1,1,2,1,2,1,2,2,2,2,2,1
971,5,3,5,2,5,5,4,5,1,2,,30.0,2.0,,4.0,3.0,3.0,,,,,6.0,1.0,20.0,,1.0,,2.0,4.0,4.0,,,,,,,,15.0,,2.0,3.0,,,,2.0,4.0,,,,,,,,,,,,1.0,1.0,1.0,1.0,1.0,1.0,6,2,5,6,1,5,3,3,3,1,30.0,15.0,20.0,20.0,35.0,15.0,60.0,50.0,70.0,44.0,1,2,1,2,2,1,2,2,2,1,1,2,2,2,1,2,1,1,1,1,1,1,2,1,1,2,2,2,2,1,2,1,2,2,2,2,1,1,2,1
94,3,3,3,4,3,3,4,3,2,3,81.0,,,3.0,,,,3.0,3.0,2.0,6.0,,,,2.0,1.0,,3.0,3.0,2.0,,,,,,,,0.0,1.0,,3.0,,,,2.0,,5.0,1.0,1.0,2.0,1.0,2.0,1.0,2.0,1.0,1.0,2.0,,,,,,,5,1,6,4,5,3,7,4,3,1,30.0,32.0,42.0,80.0,50.0,50.0,80.0,55.0,50.0,65.0,2,1,1,2,1,1,2,2,1,1,2,2,2,2,1,1,1,2,2,2,1,2,1,2,1,2,2,2,2,2,2,2,2,2,1,2,1,2,1,1
176,5,5,5,5,5,5,5,5,3,3,100.0,,2.0,,,,,3.0,3.0,2.0,4.0,,1.0,54.0,,,2.0,2.0,2.0,2.0,,,,,,,18.0,,,1.0,,4.0,,2.0,,4.0,,1.0,2.0,2.0,1.0,2.0,1.0,1.0,2.0,1.0,1.0,,,,,,,7,3,5,2,2,7,7,7,3,2,59.0,63.0,53.0,70.0,71.0,61.0,84.0,94.0,71.0,55.0,2,1,2,1,2,2,2,2,1,2,1,2,2,1,1,2,2,2,2,2,1,1,1,2,2,2,2,2,2,2,2,2,1,2,1,2,2,2,2,2
390,4,2,2,2,4,4,2,2,5,3,,50.0,,2.0,,,,4.0,3.0,2.0,6.0,,1.0,25.0,,,2.0,,,,,,,2.0,4.0,5.0,,5.0,1.0,,2.0,,,1.0,,3.0,,1.0,1.0,1.0,1.0,2.0,1.0,2.0,1.0,2.0,1.0,,,,,,,5,1,5,4,2,5,6,6,1,2,40.0,25.0,20.0,45.0,40.0,55.0,45.0,36.0,75.0,35.0,1,2,1,1,2,1,1,1,2,1,2,2,1,1,2,1,2,1,1,1,1,2,1,2,1,2,2,2,2,1,2,1,2,2,1,2,1,1,2,2
619,1,3,1,1,2,2,2,1,5,3,75.0,,,4.0,5.0,3.0,4.0,,,,3.0,,1.0,25.0,,1.0,,,,,,,,1.0,1.0,2.0,,5.0,,1.0,,5.0,,,2.0,3.0,,1.0,1.0,1.0,2.0,1.0,2.0,1.0,1.0,2.0,1.0,,,,,,,6,3,5,5,2,6,5,5,3,2,35.0,20.0,35.0,45.0,35.0,20.0,35.0,25.0,75.0,45.0,2,1,1,2,2,2,1,2,1,1,1,2,1,1,1,1,2,2,1,2,1,1,1,2,2,2,1,2,2,2,1,2,1,2,2,2,1,2,2,1
877,5,4,5,5,5,5,5,5,1,1,70.0,,,2.0,,,,4.0,3.0,3.0,5.0,,2.0,8.0,,,1.0,,,,,,,3.0,5.0,5.0,,15.0,1.0,,,,3.0,,1.0,6.0,,,,,,,,,,,,1.0,1.0,1.0,1.0,2.0,2.0,7,2,2,2,5,6,7,7,2,1,70.0,50.0,36.0,39.0,70.0,40.0,82.0,92.0,61.0,50.0,2,2,2,2,2,1,2,2,1,2,2,2,2,2,2,2,2,2,2,2,1,1,1,2,1,2,2,1,2,2,2,2,2,2,2,2,2,1,1,2
904,3,4,4,5,5,5,5,5,4,5,80.0,,,2.0,,,,3.0,3.0,3.0,6.0,,,,2.0,1.0,,3.0,4.0,4.0,,,,,,,20.0,,,2.0,,,1.0,,2.0,6.0,,,,,,,,,,,,1.0,1.0,1.0,1.0,1.0,1.0,6,4,5,3,2,5,5,6,3,1,45.0,52.0,45.0,73.0,79.0,58.0,80.0,67.0,58.0,73.0,2,1,1,1,2,2,2,1,2,2,1,2,1,1,1,1,2,1,2,2,1,2,2,1,1,1,2,2,1,1,1,1,2,2,2,1,1,1,1,2
351,4,5,5,5,4,5,5,4,5,4,,30.0,,4.0,4.0,4.0,4.0,,,,5.0,,,,2.0,1.0,,,,,,,,5.0,5.0,4.0,,0.0,,2.0,,,2.0,1.0,,4.0,,,,,,,,,,,,1.0,2.0,1.0,1.0,1.0,2.0,6,2,2,3,2,5,6,6,3,1,70.0,40.0,40.0,60.0,45.0,40.0,75.0,90.0,60.0,70.0,2,1,1,2,1,2,2,1,1,2,2,1,1,1,2,2,2,1,1,2,1,2,2,1,2,2,2,1,1,1,1,2,1,2,1,1,1,2,1,1
222,2,1,1,1,4,1,5,1,5,5,100.0,,3.0,,1.0,1.0,1.0,,,,,6.0,1.0,45.0,,,2.0,1.0,5.0,5.0,,,,,,,20.0,,1.0,,3.0,,,1.0,,,6.0,1.0,1.0,1.0,1.0,1.0,1.0,1.0,1.0,1.0,1.0,,,,,,,4,1,4,4,1,3,4,5,3,1,20.0,0.0,10.0,15.0,50.0,30.0,86.0,15.0,75.0,84.0,1,2,2,2,2,2,2,2,2,2,2,2,2,1,2,1,2,2,2,2,2,1,2,2,2,1,1,2,2,1,2,2,2,1,2,2,2,2,2,1
20,4,2,4,4,4,3,4,2,4,4,,70.0,6.0,,,,,3.0,4.0,2.0,,6.0,,,2.0,,1.0,,,,,,,4.0,4.0,5.0,15.0,,1.0,,4.0,,,,2.0,,5.0,,,,,,,,,,,1.0,1.0,1.0,1.0,1.0,1.0,6,2,5,5,3,5,6,5,3,1,50.0,35.0,54.0,40.0,45.0,52.0,66.0,35.0,40.0,60.0,2,1,1,2,2,1,2,2,2,2,2,2,2,2,2,1,1,2,2,1,2,2,2,1,2,2,2,2,2,1,2,2,2,2,2,2,2,2,2,1
586,5,5,4,5,5,3,5,5,5,4,,30.0,,1.0,5.0,2.0,5.0,,,,3.0,,1.0,54.0,,,2.0,1.0,5.0,6.0,,,,,,,20.0,,1.0,,,,2.0,,1.0,6.0,,,,,,,,,,,,1.0,1.0,1.0,1.0,2.0,2.0,7,1,1,5,1,7,7,7,2,2,50.0,40.0,25.0,75.0,25.0,50.0,35.0,75.0,50.0,30.0,2,2,1,1,2,1,1,2,2,1,2,2,2,1,1,1,1,2,2,1,2,2,2,1,1,1,1,1,1,2,2,2,2,2,2,1,1,2,1,2
760,4,4,2,2,3,4,5,5,4,3,,75.0,,4.0,3.0,3.0,3.0,,,,6.0,,,,1.0,1.0,,,,,4.0,4.0,2.0,,,,,0.0,1.0,,,,2.0,1.0,,3.0,,1.0,1.0,2.0,1.0,1.0,2.0,1.0,1.0,2.0,2.0,,,,,,,7,2,3,5,1,6,5,5,2,2,41.0,53.0,34.0,51.0,54.0,36.0,82.0,75.0,38.0,51.0,2,1,2,1,1,1,2,2,1,1,1,1,2,2,1,1,1,2,1,2,2,2,1,2,1,2,1,2,2,2,2,1,1,2,1,2,1,1,1,2
613,4,4,5,4,4,5,5,5,2,4,,30.0,4.0,,3.0,3.0,3.0,,,,,6.0,,,2.0,,2.0,,,,,,,2.0,5.0,6.0,16.0,,,2.0,,10.0,,,2.0,,4.0,1.0,1.0,2.0,1.0,1.0,2.0,1.0,2.0,1.0,1.0,,,,,,,7,2,5,5,2,5,6,6,2,1,48.0,40.0,44.0,52.0,55.0,48.0,60.0,55.0,48.0,52.0,2,1,2,2,2,2,1,2,1,2,2,2,2,2,2,1,1,1,2,2,2,2,2,1,2,1,2,2,2,2,1,2,2,1,2,2,2,2,1,1
228,1,1,1,1,1,1,1,5,5,3,70.0,,1.0,,,,,3.0,3.0,1.0,,4.0,,,2.0,,1.0,,,,1.0,1.0,4.0,,,,5.0,,1.0,,,10.0,,,1.0,2.0,,1.0,2.0,1.0,2.0,1.0,2.0,1.0,2.0,1.0,2.0,,,,,,,5,3,2,2,3,3,5,6,1,2,8.0,8.0,11.0,13.0,21.0,7.0,45.0,50.0,67.0,28.0,2,2,2,2,2,2,2,2,2,2,2,2,1,2,2,1,2,1,2,2,2,2,1,2,2,2,2,2,1,2,2,2,2,2,1,2,2,2,2,2
547,3,3,4,3,3,3,3,2,3,3,,88.0,3.0,,6.0,1.0,1.0,,,,,7.0,1.0,54.0,,1.0,,,,,3.0,3.0,4.0,,,,15.0,,,1.0,4.0,,,,1.0,,4.0,,,,,,,,,,,1.0,1.0,1.0,1.0,1.0,1.0,4,2,3,4,5,7,7,6,3,1,50.0,40.0,64.0,50.0,65.0,24.0,80.0,21.0,15.0,70.0,1,1,2,2,1,1,1,1,2,1,2,1,1,2,1,1,1,2,2,1,1,2,1,1,2,1,2,1,1,2,1,1,1,2,2,1,1,1,1,1
434,2,2,4,5,4,4,4,4,2,1,80.0,,,2.0,3.0,3.0,3.0,,,,6.0,,1.0,56.0,,1.0,,,,,5.0,5.0,4.0,,,,20.0,,1.0,,,,1.0,1.0,,3.0,,1.0,1.0,1.0,1.0,1.0,1.0,1.0,1.0,1.0,1.0,,,,,,,5,6,6,5,3,3,5,6,1,1,29.0,40.0,53.0,58.0,59.0,40.0,58.0,43.0,65.0,21.0,1,2,1,2,2,2,1,2,2,1,2,1,2,1,1,2,2,2,1,2,1,1,2,2,2,2,1,2,2,2,2,1,2,2,2,1,1,1,1,2
532,4,4,4,5,5,3,5,5,2,5,80.0,,1.0,,2.0,5.0,5.0,,,,,6.0,,,2.0,1.0,,,,,,,,5.0,5.0,4.0,20.0,,,1.0,,,1.0,,1.0,6.0,,1.0,1.0,1.0,1.0,1.0,1.0,1.0,1.0,1.0,1.0,,,,,,,6,2,5,5,2,5,6,5,3,1,81.0,72.0,76.0,82.0,89.0,20.0,77.0,90.0,10.0,90.0,2,2,2,2,2,2,2,2,1,2,2,2,2,2,2,2,2,2,2,2,2,2,1,2,2,2,2,2,2,2,2,2,2,1,2,2,1,2,1,2
441,2,2,2,2,4,2,2,4,4,4,,59.0,,5.0,4.0,4.0,3.0,,,,6.0,,,,2.0,,1.0,1.0,5.0,5.0,,,,,,,15.0,,2.0,,,10.0,,,1.0,5.0,,,,,,,,,,,,1.0,1.0,1.0,2.0,1.0,1.0,5,2,5,5,2,6,5,5,1,2,60.0,25.0,25.0,50.0,58.0,38.0,37.0,59.0,82.0,63.0,1,1,2,1,2,2,1,1,1,1,2,2,2,1,2,2,2,1,2,2,1,1,1,2,2,1,1,1,2,2,2,1,1,2,2,1,2,1,2,2
808,4,3,4,4,4,3,4,3,3,4,90.0,,6.0,,,,,4.0,4.0,4.0,,6.0,2.0,3.0,,,1.0,,,,2.0,4.0,5.0,,,,,20.0,2.0,,,1.0,,,2.0,5.0,,,,,,,,,,,,1.0,1.0,1.0,1.0,1.0,1.0,5,4,4,5,2,5,6,6,3,1,50.0,50.0,50.0,50.0,50.0,50.0,55.0,55.0,50.0,50.0,2,1,1,2,2,2,2,1,2,2,1,1,2,2,2,2,1,2,1,2,1,2,2,2,2,1,2,1,1,1,2,2,2,2,1,2,2,2,1,2
715,5,5,5,5,5,5,5,5,3,3,,60.0,,2.0,,,,3.0,3.0,2.0,6.0,,2.0,10.0,,,2.0,1.0,5.0,6.0,,,,,,,20.0,,2.0,,,,3.0,1.0,,4.0,,,,,,,,,,,,1.0,1.0,2.0,1.0,1.0,2.0,7,1,1,3,4,7,7,6,3,2,40.0,20.0,20.0,25.0,25.0,40.0,85.0,85.0,75.0,25.0,1,1,2,2,1,1,2,1,1,2,1,1,2,1,2,2,2,2,2,2,2,1,2,2,2,2,1,2,2,2,2,2,1,1,1,1,2,2,2,2
666,5,4,5,5,5,3,4,3,3,4,,22.0,,3.0,,,,4.0,4.0,2.0,,3.0,2.0,9.0,,,1.0,,,,5.0,5.0,6.0,,,,,3.0,2.0,,,,1.0,1.0,,,4.0,1.0,1.0,1.0,2.0,1.0,1.0,2.0,1.0,1.0,2.0,,,,,,,7,2,5,6,2,5,6,4,3,1,40.0,15.0,20.0,65.0,70.0,45.0,40.0,50.0,55.0,60.0,1,1,1,1,2,1,1,2,1,2,1,1,2,2,2,1,1,1,1,1,1,1,2,2,2,2,2,2,2,1,1,2,1,2,2,2,1,2,1,2
480,1,4,3,3,4,4,4,4,4,3,30.0,,,3.0,4.0,3.0,5.0,,,,,6.0,2.0,5.0,,1.0,,2.0,5.0,5.0,,,,,,,,5.0,1.0,,,,1.0,,2.0,,4.0,,,,,,,,,,,1.0,1.0,2.0,1.0,1.0,2.0,5,2,5,1,1,6,5,6,1,1,11.0,30.0,47.0,47.0,5.0,12.0,69.0,70.0,21.0,25.0,1,2,2,2,2,2,1,2,1,1,2,2,1,2,2,1,1,2,2,1,2,2,1,2,2,1,1,2,1,1,1,2,2,1,1,1,2,2,1,1
109,2,2,4,2,4,4,5,4,4,4,85.0,,,2.0,4.0,6.0,3.0,,,,5.0,,2.0,5.0,,,1.0,,,,5.0,5.0,5.0,,,,,10.0,1.0,,,,3.0,,2.0,5.0,,,,,,,,,,,,1.0,1.0,1.0,1.0,1.0,1.0,7,2,6,3,2,5,6,5,2,1,10.0,20.0,41.0,16.0,48.0,37.0,86.0,54.0,63.0,22.0,2,1,2,2,2,1,2,1,1,1,2,2,1,2,2,2,2,1,1,2,2,1,1,1,2,2,2,2,1,1,2,2,2,2,2,1,2,2,1,2
503,5,1,4,5,5,5,5,5,3,1,,9.0,6.0,,3.0,5.0,4.0,,,,3.0,,1.0,40.0,,1.0,,,,,1.0,5.0,6.0,,,,15.0,,,2.0,,,1.0,,1.0,4.0,,,,,,,,,,,,1.0,1.0,2.0,1.0,2.0,2.0,6,7,1,1,2,2,7,7,4,2,90.0,0.0,85.0,50.0,50.0,85.0,100.0,100.0,85.0,25.0,1,1,1,2,2,1,1,1,2,1,2,2,1,2,1,2,2,2,1,2,2,1,1,2,1,2,1,1,2,2,1,2,1,1,2,1,1,2,1,1
470,5,4,2,4,2,4,4,5,1,3,,80.0,5.0,,3.0,2.0,1.0,,,,1.0,,1.0,26.0,,,1.0,4.0,2.0,5.0,,,,,,,14.0,,,1.0,,,1.0,2.0,,4.0,,1.0,1.0,1.0,1.0,2.0,1.0,2.0,2.0,2.0,2.0,,,,,,,6,2,5,2,1,5,5,6,3,1,30.0,25.0,40.0,37.0,57.0,44.0,64.0,12.0,38.0,56.0,2,2,2,2,1,1,2,2,1,2,1,1,1,2,1,2,2,2,2,2,1,1,2,2,1,2,2,2,2,2,2,1,1,2,1,2,2,1,2,1
696,1,1,1,1,1,1,1,1,5,5,90.0,,,4.0,,,,3.0,4.0,1.0,3.0,,,,2.0,,2.0,2.0,4.0,3.0,,,,,,,15.0,,2.0,,,10.0,,2.0,,1.0,,1.0,1.0,1.0,1.0,1.0,1.0,1.0,1.0,1.0,1.0,,,,,,,5,1,5,6,4,6,5,5,1,1,25.0,35.0,15.0,45.0,49.0,5.0,75.0,60.0,70.0,15.0,1,2,1,1,2,2,1,2,1,2,2,2,2,2,1,2,2,2,1,1,1,2,2,1,2,2,2,2,1,2,2,1,1,2,2,1,1,1,2,2
839,2,1,1,4,5,2,4,2,4,4,,70.0,2.0,,2.0,3.0,2.0,,,,,7.0,2.0,4.0,,,1.0,,,,,,,3.0,1.0,2.0,20.0,,1.0,,2.0,,,,2.0,,3.0,1.0,1.0,1.0,1.0,2.0,1.0,2.0,2.0,1.0,1.0,,,,,,,7,5,7,7,2,5,2,2,2,2,25.0,10.0,20.0,70.0,90.0,60.0,75.0,30.0,60.0,80.0,1,2,2,1,1,2,1,2,1,1,2,2,1,2,1,2,1,1,2,2,2,1,1,2,1,1,2,2,2,2,1,2,2,2,2,2,2,1,1,2
724,4,4,4,5,5,4,4,4,4,4,,50.0,,4.0,,,,4.0,4.0,2.0,,6.0,,,1.0,,1.0,,,,,,,1.0,5.0,6.0,10.0,,2.0,,3.0,,,1.0,,,3.0,,,,,,,,,,,1.0,1.0,1.0,1.0,2.0,2.0,7,5,6,6,5,5,5,5,3,2,53.0,60.0,75.0,75.0,76.0,53.0,55.0,61.0,62.0,72.0,2,1,2,1,1,2,1,1,1,1,1,2,2,2,2,1,1,1,1,1,2,2,1,2,2,2,2,2,1,1,2,1,2,1,1,1,2,2,2,2
657,4,3,4,5,5,5,5,5,3,4,60.0,,,5.0,2.0,1.0,4.0,,,,3.0,,1.0,54.0,,1.0,,,,,,,,1.0,5.0,6.0,,20.0,,1.0,,10.0,,1.0,,5.0,,2.0,1.0,1.0,1.0,1.0,1.0,1.0,1.0,1.0,1.0,,,,,,,7,1,6,7,1,1,3,3,1,2,71.0,29.0,29.0,87.0,29.0,74.0,25.0,5.0,3.0,82.0,1,1,1,2,1,1,1,2,1,2,1,1,2,2,1,1,1,1,1,1,2,1,2,1,2,1,2,1,1,1,2,1,2,1,1,1,2,1,2,2
138,2,4,5,5,5,5,5,5,2,5,,100.0,4.0,,,,,3.0,3.0,2.0,6.0,,,,2.0,,1.0,,,,,,,4.0,5.0,5.0,18.0,,,2.0,,,2.0,,2.0,5.0,,1.0,1.0,2.0,1.0,1.0,1.0,2.0,2.0,1.0,1.0,,,,,,,6,1,4,2,5,6,5,5,3,1,37.0,33.0,58.0,72.0,69.0,30.0,68.0,70.0,48.0,68.0,2,1,2,2,2,2,2,1,2,2,2,2,2,2,2,2,2,2,2,1,2,2,2,2,2,2,2,2,2,2,1,2,1,2,2,2,2,2,1,2
751,5,3,5,5,5,5,5,4,2,3,,30.0,,4.0,,,,5.0,2.0,3.0,6.0,,,,2.0,2.0,,,,,1.0,5.0,6.0,,,,,20.0,,2.0,10.0,,,1.0,,5.0,,,,,,,,,,,,1.0,1.0,1.0,1.0,1.0,1.0,7,2,7,6,2,5,6,6,2,2,70.0,33.0,80.0,71.0,91.0,50.0,94.0,73.0,44.0,50.0,1,1,2,2,1,2,1,1,2,1,1,1,1,1,1,2,1,1,1,1,1,1,1,1,1,1,1,1,1,1,1,2,1,1,1,1,1,1,1,1
622,4,5,5,5,5,5,5,5,3,4,90.0,,4.0,,,,,2.0,4.0,1.0,,7.0,,,1.0,,2.0,,,,,,,4.0,5.0,5.0,,20.0,,2.0,7.0,,,1.0,,2.0,,,,,,,,,,,,1.0,1.0,1.0,1.0,2.0,2.0,6,1,2,2,4,5,6,6,3,2,60.0,40.0,50.0,40.0,60.0,41.0,77.0,100.0,55.0,41.0,1,1,1,1,1,2,1,1,1,2,2,2,1,1,2,1,2,1,2,2,2,2,1,2,1,2,1,2,1,1,2,1,1,2,1,1,2,2,2,2
790,4,1,4,4,3,4,5,5,3,4,,20.0,4.0,,,,,5.0,1.0,1.0,3.0,,1.0,54.0,,,2.0,,,,,,,4.0,2.0,4.0,,10.0,,1.0,,3.0,,1.0,,4.0,,1.0,1.0,2.0,2.0,2.0,2.0,2.0,2.0,2.0,2.0,,,,,,,6,1,1,1,2,5,6,6,2,1,83.0,71.0,86.0,100.0,30.0,99.0,100.0,100.0,43.0,53.0,1,2,1,2,1,1,1,2,1,2,1,1,1,1,1,1,1,2,1,2,2,1,1,1,2,2,1,1,2,1,2,1,2,1,1,1,1,1,1,1
219,5,4,5,5,1,5,5,5,1,1,76.0,,4.0,,4.0,4.0,3.0,,,,6.0,,1.0,50.0,,,2.0,3.0,4.0,5.0,,,,,,,,20.0,1.0,,,9.0,,1.0,,5.0,,,,,,,,,,,,1.0,2.0,1.0,1.0,2.0,1.0,7,5,7,4,3,5,7,6,3,2,60.0,26.0,41.0,49.0,34.0,27.0,55.0,84.0,21.0,15.0,2,2,1,2,2,2,1,2,1,1,2,2,2,2,2,2,2,1,2,1,2,2,2,1,1,2,2,2,1,1,2,2,2,2,1,2,2,2,2,2
576,5,5,5,5,4,5,5,4,1,4,,15.0,,2.0,2.0,3.0,3.0,,,,3.0,,,,1.0,1.0,,1.0,4.0,6.0,,,,,,,10.0,,,2.0,3.0,,,,2.0,,5.0,1.0,1.0,1.0,1.0,1.0,1.0,1.0,2.0,2.0,2.0,,,,,,,7,1,1,1,5,7,7,7,4,2,70.0,75.0,70.0,80.0,50.0,60.0,75.0,50.0,50.0,40.0,2,1,2,2,2,1,1,2,1,2,2,2,2,1,1,1,2,2,1,2,2,1,2,2,2,1,2,1,2,2,2,2,2,1,1,2,2,1,2,2
405,4,4,5,4,4,2,5,1,5,4,,30.0,6.0,,4.0,4.0,2.0,,,,,6.0,,,1.0,,2.0,,,,2.0,4.0,2.0,,,,15.0,,,2.0,,8.0,,2.0,,6.0,,1.0,1.0,1.0,1.0,1.0,1.0,1.0,1.0,1.0,1.0,,,,,,,6,4,2,2,5,6,6,7,3,2,60.0,66.0,84.0,73.0,80.0,62.0,95.0,57.0,68.0,50.0,1,1,2,1,1,1,1,1,1,2,2,2,2,1,2,2,1,1,1,2,1,1,1,1,2,2,2,1,1,1,1,1,2,1,1,1,1,2,1,1
147,5,4,5,4,4,2,4,3,4,4,70.0,,5.0,,,,,5.0,1.0,2.0,,1.0,,,2.0,,2.0,,,,1.0,5.0,5.0,,,,,15.0,,2.0,,,3.0,1.0,,5.0,,,,,,,,,,,,1.0,1.0,2.0,1.0,1.0,2.0,6,5,4,4,5,4,6,6,3,2,70.0,80.0,70.0,90.0,49.0,30.0,90.0,50.0,60.0,50.0,2,2,2,2,2,1,1,2,2,1,2,2,1,2,2,1,2,2,2,2,2,2,2,1,2,1,1,1,2,2,2,2,2,2,1,1,1,1,2,2
628,1,4,3,1,3,1,4,3,5,3,55.0,,,1.0,3.0,5.0,2.0,,,,6.0,,2.0,9.0,,1.0,,,,,4.0,4.0,4.0,,,,,5.0,1.0,,3.0,,,,2.0,2.0,,,,,,,,,,,,1.0,2.0,1.0,2.0,1.0,1.0,6,1,1,2,4,6,6,5,3,2,20.0,25.0,25.0,10.0,25.0,5.0,55.0,33.0,60.0,25.0,2,1,2,1,1,1,2,1,2,1,1,1,1,1,1,2,2,1,1,1,1,2,1,2,1,1,1,2,1,1,1,2,2,1,2,1,1,1,1,1
846,4,4,5,5,5,5,5,5,1,3,,90.0,,4.0,3.0,3.0,3.0,,,,3.0,,2.0,7.0,,,1.0,,,,1.0,4.0,3.0,,,,,5.0,,2.0,,,1.0,1.0,,6.0,,1.0,1.0,1.0,1.0,1.0,1.0,1.0,1.0,1.0,1.0,,,,,,,6,1,2,5,3,6,7,5,4,1,56.0,50.0,55.0,50.0,50.0,50.0,76.0,55.0,46.0,51.0,2,1,1,2,2,2,1,1,1,2,1,2,1,2,1,1,1,1,1,1,2,1,2,2,1,1,1,1,2,1,1,1,1,1,2,2,2,1,1,1
935,4,4,4,5,5,3,5,5,4,4,70.0,,4.0,,,,,4.0,3.0,3.0,6.0,,,,2.0,,1.0,3.0,4.0,5.0,,,,,,,,0.0,2.0,,,,2.0,1.0,,4.0,,,,,,,,,,,,1.0,1.0,1.0,1.0,1.0,1.0,7,1,4,5,5,7,5,5,3,1,66.0,74.0,64.0,100.0,100.0,50.0,100.0,100.0,84.0,72.0,2,2,2,1,1,2,2,2,2,2,2,2,2,2,2,1,1,1,1,2,2,1,2,1,2,2,1,2,2,2,1,2,2,1,2,2,1,2,1,2
360,5,5,2,5,3,5,5,3,4,4,,100.0,,1.0,1.0,1.0,1.0,,,,1.0,,,,2.0,,2.0,,,,1.0,5.0,6.0,,,,20.0,,1.0,,7.0,,,,1.0,2.0,,,,,,,,,,,,1.0,1.0,2.0,1.0,2.0,1.0,5,3,3,5,2,6,3,6,4,1,35.0,80.0,38.0,56.0,33.0,34.0,100.0,31.0,88.0,100.0,1,1,2,1,1,1,1,2,1,1,1,1,1,1,1,1,1,2,1,2,2,1,2,2,2,1,2,1,1,2,1,2,1,2,1,1,2,2,2,1
213,5,5,5,5,4,5,4,5,2,4,,71.0,,2.0,1.0,2.0,3.0,,,,,6.0,,,2.0,1.0,,,,,,,,1.0,5.0,6.0,20.0,,1.0,,,4.0,,,2.0,3.0,,1.0,1.0,1.0,1.0,1.0,1.0,1.0,1.0,1.0,1.0,,,,,,,5,2,3,1,2,6,7,7,3,2,40.0,50.0,70.0,85.0,79.0,65.0,92.0,81.0,44.0,81.0,1,2,1,2,2,1,1,1,2,2,2,2,2,1,2,1,1,2,1,2,1,1,2,2,2,1,2,1,2,2,2,2,2,2,1,2,1,2,2,1
186,4,3,3,4,4,4,5,3,2,3,50.0,,,4.0,,,,3.0,3.0,3.0,,6.0,,,2.0,,2.0,2.0,5.0,5.0,,,,,,,,20.0,1.0,,,6.0,,,1.0,,5.0,1.0,1.0,2.0,1.0,1.0,1.0,2.0,1.0,2.0,1.0,,,,,,,5,1,3,3,1,6,5,5,2,1,58.0,36.0,60.0,72.0,51.0,49.0,74.0,97.0,65.0,34.0,2,1,2,2,1,1,1,2,2,2,2,2,1,1,2,2,1,2,1,1,2,2,2,1,2,2,2,1,2,1,1,2,2,2,2,1,1,1,1,2
887,4,5,4,5,2,5,4,5,1,1,,50.0,5.0,,3.0,2.0,2.0,,,,,3.0,,,1.0,1.0,,,,,,,,1.0,5.0,4.0,,10.0,,1.0,,4.0,,,1.0,,4.0,1.0,1.0,1.0,1.0,1.0,1.0,1.0,1.0,1.0,1.0,,,,,,,6,2,4,5,2,5,6,5,1,1,75.0,35.0,75.0,60.0,70.0,75.0,60.0,90.0,15.0,60.0,2,2,1,2,2,2,2,2,2,2,1,1,2,1,2,2,2,2,2,2,2,2,2,1,2,2,2,2,1,2,2,2,1,2,2,2,2,1,2,1
11,5,5,5,5,3,1,5,3,5,5,100.0,,2.0,,3.0,3.0,5.0,,,,,7.0,,,2.0,1.0,,1.0,5.0,1.0,,,,,,,15.0,,,2.0,,10.0,,,1.0,4.0,,,,,,,,,,,,1.0,1.0,2.0,1.0,1.0,2.0,6,2,2,1,1,5,7,7,1,2,51.0,37.0,50.0,63.0,63.0,36.0,100.0,43.0,81.0,89.0,1,2,1,2,1,1,1,2,2,2,2,2,2,2,1,2,2,2,2,2,2,2,2,2,2,1,1,2,2,2,2,1,2,2,2,2,2,2,2,2
509,4,5,4,3,4,4,3,4,3,4,68.0,,5.0,,,,,5.0,4.0,5.0,4.0,,1.0,12.0,,,2.0,4.0,5.0,5.0,,,,,,,15.0,,1.0,,5.0,,,1.0,,,5.0,1.0,1.0,1.0,1.0,1.0,2.0,2.0,2.0,2.0,2.0,,,,,,,6,5,6,6,6,5,6,7,4,2,75.0,58.0,39.0,57.0,73.0,69.0,57.0,68.0,46.0,79.0,1,1,2,1,2,1,2,1,1,1,1,1,1,2,1,1,2,2,1,2,1,1,2,1,1,1,1,2,1,1,2,1,1,1,1,2,1,1,2,1
315,5,5,5,5,5,5,5,2,1,3,70.0,,,3.0,4.0,4.0,4.0,,,,6.0,,,,2.0,1.0,,1.0,5.0,5.0,,,,,,,,20.0,,2.0,,,1.0,2.0,,5.0,,1.0,1.0,1.0,1.0,1.0,1.0,1.0,1.0,1.0,1.0,,,,,,,7,4,3,3,1,3,6,6,4,1,47.0,43.0,48.0,58.0,55.0,48.0,66.0,51.0,50.0,60.0,2,2,2,1,2,2,2,1,1,1,2,2,2,1,2,2,1,1,2,2,1,2,2,2,2,2,2,2,2,1,2,1,2,2,2,2,2,2,2,2
266,4,4,4,5,4,4,4,4,4,4,70.0,,,3.0,1.0,1.0,1.0,,,,6.0,,,,2.0,1.0,,,,,3.0,5.0,6.0,,,,15.0,,1.0,,,4.0,,,1.0,5.0,,1.0,2.0,1.0,2.0,1.0,2.0,1.0,2.0,1.0,2.0,,,,,,,5,2,2,2,2,6,6,6,2,2,71.0,70.0,70.0,39.0,57.0,23.0,88.0,10.0,49.0,79.0,1,1,1,2,1,1,2,2,1,2,1,2,2,1,2,1,2,1,1,1,2,1,1,1,1,1,1,2,1,1,1,1,1,1,2,2,2,1,1,1
64,3,3,2,2,4,1,3,3,5,4,92.0,,,4.0,4.0,3.0,3.0,,,,5.0,,2.0,5.0,,1.0,,2.0,5.0,6.0,,,,,,,15.0,,1.0,,,5.0,,,1.0,4.0,,,,,,,,,,,,1.0,2.0,1.0,1.0,2.0,1.0,6,4,5,4,2,5,5,6,3,1,50.0,75.0,38.0,38.0,67.0,29.0,67.0,60.0,85.0,76.0,2,2,1,2,1,2,1,2,2,2,1,1,1,2,2,1,1,2,1,1,1,2,2,1,1,2,1,2,2,1,1,2,2,1,2,1,2,2,1,1
981,1,4,2,5,4,5,4,5,4,5,,50.0,4.0,,,,,5.0,3.0,2.0,,7.0,,,2.0,1.0,,1.0,1.0,6.0,,,,,,,,15.0,1.0,,2.0,,,1.0,,2.0,,1.0,1.0,1.0,1.0,2.0,1.0,2.0,1.0,1.0,2.0,,,,,,,6,1,2,3,5,6,6,5,4,1,10.0,90.0,50.0,100.0,90.0,50.0,100.0,90.0,90.0,100.0,1,2,2,2,1,2,2,2,2,1,1,1,2,2,1,1,2,1,1,2,1,2,2,1,1,1,2,2,1,2,2,2,1,1,1,1,1,1,2,2
132,1,1,1,1,3,1,3,1,5,3,81.0,,,4.0,,,,4.0,5.0,3.0,,6.0,1.0,47.0,,1.0,,,,,,,,1.0,5.0,5.0,,20.0,,2.0,1.0,,,1.0,,,4.0,1.0,1.0,1.0,1.0,1.0,1.0,1.0,1.0,1.0,1.0,,,,,,,6,1,4,5,2,5,4,5,1,2,25.0,25.0,25.0,25.0,25.0,25.0,50.0,25.0,75.0,50.0,2,2,2,2,2,2,2,2,2,1,2,2,2,2,2,2,2,2,2,2,2,2,2,2,2,2,2,2,2,2,2,2,2,2,2,2,1,2,2,2
833,4,3,3,4,4,3,4,5,5,4,80.0,,,2.0,5.0,4.0,6.0,,,,,5.0,,,2.0,1.0,,,,,2.0,5.0,5.0,,,,15.0,,,1.0,,10.0,,,2.0,,5.0,,,,,,,,,,,1.0,1.0,1.0,1.0,1.0,1.0,6,1,4,4,4,6,6,7,2,2,50.0,30.0,20.0,80.0,80.0,50.0,75.0,90.0,90.0,90.0,1,2,2,2,2,1,2,2,1,2,1,2,2,1,1,2,2,2,2,2,2,2,2,2,2,2,2,2,1,2,1,1,1,2,2,2,1,2,2,2
940,5,5,5,5,1,5,5,5,1,1,2.0,,,2.0,,,,4.0,4.0,3.0,,6.0,2.0,9.0,,1.0,,1.0,5.0,5.0,,,,,,,15.0,,1.0,,3.0,,,1.0,,,6.0,1.0,1.0,1.0,2.0,1.0,1.0,2.0,2.0,1.0,1.0,,,,,,,6,2,5,2,1,5,5,7,3,1,45.0,30.0,45.0,35.0,45.0,25.0,35.0,40.0,65.0,10.0,2,1,1,2,2,1,1,2,1,1,2,1,2,2,1,2,2,2,2,2,2,2,1,1,2,1,2,1,2,1,1,2,2,2,1,2,1,2,1,2
442,3,4,3,3,4,4,5,5,3,1,86.0,,,4.0,,,,2.0,3.0,1.0,,6.0,1.0,30.0,,1.0,,3.0,4.0,4.0,,,,,,,0.0,,,2.0,,,1.0,1.0,,6.0,,,,,,,,,,,,1.0,2.0,1.0,1.0,2.0,1.0,7,1,1,2,5,6,6,6,1,1,61.0,62.0,62.0,51.0,50.0,30.0,54.0,85.0,39.0,38.0,1,2,2,2,2,2,2,1,1,1,2,2,2,2,2,2,2,1,2,1,2,1,2,1,2,1,2,2,2,1,2,1,1,2,2,1,2,2,2,2
531,4,4,4,4,5,5,5,5,3,3,70.0,,6.0,,2.0,3.0,3.0,,,,,5.0,1.0,20.0,,,2.0,1.0,3.0,4.0,,,,,,,20.0,,,1.0,4.0,,,1.0,,,3.0,,,,,,,,,,,1.0,1.0,1.0,1.0,2.0,2.0,7,1,5,3,3,5,5,6,3,2,81.0,58.0,83.0,86.0,92.0,64.0,97.0,85.0,85.0,90.0,1,1,1,1,1,2,2,2,2,2,1,1,2,1,1,1,1,2,1,1,1,1,1,2,1,1,1,1,1,1,1,1,2,1,2,1,2,1,1,1
665,3,4,5,4,4,4,5,4,3,4,30.0,,,1.0,3.0,4.0,3.0,,,,3.0,,,,1.0,,2.0,,,,,,,5.0,4.0,4.0,,2.0,1.0,,,,4.0,,1.0,4.0,,,,,,,,,,,,1.0,1.0,1.0,1.0,2.0,2.0,6,1,5,3,1,5,6,5,3,1,3.0,50.0,58.0,48.0,63.0,52.0,59.0,41.0,25.0,47.0,2,2,2,2,1,1,2,1,1,2,1,2,2,1,1,2,1,2,1,2,2,1,1,1,2,1,2,2,2,2,2,2,1,2,2,1,2,2,2,2
716,2,4,2,5,3,1,3,4,5,3,80.0,,,3.0,,,,5.0,4.0,3.0,6.0,,1.0,50.0,,1.0,,,,,1.0,4.0,3.0,,,,,12.0,1.0,,,,3.0,2.0,,2.0,,1.0,1.0,2.0,1.0,1.0,1.0,1.0,2.0,2.0,1.0,,,,,,,7,1,1,2,1,7,5,6,1,1,7.0,70.0,18.0,95.0,30.0,0.0,20.0,2.0,100.0,25.0,1,2,1,2,1,1,1,1,1,2,2,1,1,2,1,2,1,2,1,1,2,2,2,1,1,2,1,1,2,2,1,2,2,1,1,1,2,2,2,1
483,4,1,4,2,5,2,5,1,5,5,,99.0,5.0,,6.0,1.0,1.0,,,,6.0,,,,2.0,1.0,,,,,1.0,5.0,4.0,,,,,0.0,,2.0,4.0,,,,1.0,,4.0,,,,,,,,,,,1.0,1.0,1.0,1.0,1.0,1.0,7,1,5,5,2,6,4,5,3,1,61.0,34.0,67.0,35.0,77.0,42.0,98.0,20.0,76.0,88.0,1,1,2,2,2,1,2,1,1,2,2,1,1,2,2,2,2,1,2,2,2,2,1,1,1,2,1,1,1,2,2,2,2,2,1,2,2,2,1,2
978,1,3,3,3,4,2,3,3,3,4,,71.0,,4.0,,,,4.0,1.0,2.0,,5.0,,,2.0,,1.0,3.0,5.0,2.0,,,,,,,,3.0,1.0,,3.0,,,,2.0,3.0,,,,,,,,,,,,2.0,1.0,2.0,2.0,1.0,2.0,5,2,2,4,1,4,4,4,2,2,35.0,25.0,25.0,30.0,41.0,5.0,22.0,23.0,45.0,50.0,2,1,1,1,2,1,2,1,1,2,2,2,1,2,2,2,1,1,1,2,2,2,2,2,1,2,1,1,2,2,2,2,1,2,2,1,2,2,2,1
585,1,2,1,1,1,1,4,1,5,5,,30.0,,3.0,6.0,5.0,4.0,,,,,7.0,1.0,30.0,,1.0,,1.0,1.0,1.0,,,,,,,0.0,,1.0,,,10.0,,,1.0,5.0,,,,,,,,,,,,1.0,1.0,2.0,1.0,1.0,2.0,6,1,6,6,2,7,6,6,1,1,30.0,30.0,40.0,20.0,20.0,5.0,75.0,5.0,86.0,60.0,1,2,2,2,2,2,2,2,2,2,2,1,2,2,1,2,2,2,2,1,2,2,2,2,1,1,1,2,2,2,2,2,2,1,2,2,2,2,1,2
399,4,4,5,5,5,5,4,5,1,5,75.0,,,2.0,,,,3.0,4.0,1.0,4.0,,2.0,5.0,,,2.0,1.0,5.0,5.0,,,,,,,15.0,,,2.0,,,4.0,1.0,,,6.0,,,,,,,,,,,1.0,1.0,1.0,1.0,1.0,1.0,7,4,5,2,2,6,5,7,2,1,50.0,45.0,55.0,40.0,60.0,40.0,50.0,85.0,45.0,20.0,1,2,1,2,2,2,2,1,2,2,2,2,2,2,1,2,2,2,1,2,2,1,2,2,1,2,2,2,1,2,2,1,2,2,1,2,2,1,1,1
610,4,4,4,5,3,4,4,5,4,4,32.0,,5.0,,,,,3.0,3.0,2.0,3.0,,,,1.0,,1.0,,,,2.0,5.0,6.0,,,,12.0,,,2.0,,,3.0,,2.0,,5.0,,,,,,,,,,,1.0,1.0,1.0,1.0,1.0,1.0,5,2,3,3,2,2,3,6,3,2,53.0,34.0,35.0,50.0,51.0,40.0,38.0,63.0,58.0,57.0,2,2,2,1,1,1,1,1,2,2,2,2,2,2,2,1,1,2,2,1,1,2,2,2,2,1,2,1,2,2,1,2,2,2,2,2,2,2,2,2
763,5,5,4,5,3,5,5,5,1,4,30.0,,,3.0,,,,3.0,3.0,2.0,,7.0,1.0,15.0,,1.0,,,,,,,,3.0,5.0,5.0,15.0,,,2.0,3.0,,,,2.0,,2.0,,,,,,,,,,,1.0,1.0,1.0,2.0,2.0,1.0,5,2,3,3,2,4,4,5,4,1,51.0,51.0,60.0,55.0,45.0,51.0,70.0,45.0,50.0,65.0,2,2,1,1,1,1,1,2,1,1,2,1,2,2,2,1,2,1,1,1,2,2,2,1,2,1,1,1,1,1,1,2,2,1,1,1,1,1,1,1
358,3,5,4,3,3,2,4,4,5,4,,55.0,5.0,,,,,3.0,4.0,5.0,,4.0,1.0,6.0,,,1.0,,,,,,,4.0,4.0,5.0,,6.0,,1.0,,,3.0,,1.0,5.0,,,,,,,,,,,,1.0,2.0,2.0,1.0,1.0,2.0,4,5,6,5,4,5,5,6,2,2,24.0,16.0,25.0,27.0,36.0,22.0,41.0,21.0,33.0,28.0,1,1,2,1,2,1,2,1,1,1,1,1,2,2,1,1,2,1,1,1,1,1,1,2,2,1,1,1,2,1,1,2,1,1,2,2,1,1,1,1
437,3,2,2,4,4,4,4,2,3,1,,30.0,,3.0,3.0,4.0,3.0,,,,6.0,,,,2.0,1.0,,,,,,,,3.0,2.0,4.0,,0.0,,2.0,,,2.0,2.0,,3.0,,,,,,,,,,,,1.0,1.0,1.0,1.0,1.0,1.0,5,2,6,6,5,4,6,5,4,1,55.0,30.0,20.0,45.0,65.0,53.0,60.0,65.0,60.0,45.0,1,1,1,2,2,1,1,1,1,1,1,2,2,1,2,1,1,2,1,2,2,2,2,2,1,1,1,1,1,2,1,2,1,2,2,1,2,2,1,1
544,4,4,4,5,4,4,5,4,2,4,,77.0,2.0,,,,,3.0,4.0,2.0,6.0,,1.0,45.0,,,2.0,,,,,,,5.0,4.0,6.0,20.0,,,2.0,4.0,,,,2.0,,5.0,,,,,,,,,,,2.0,2.0,1.0,1.0,1.0,1.0,7,1,7,7,5,6,2,3,4,1,51.0,51.0,55.0,61.0,53.0,48.0,49.0,49.0,51.0,53.0,2,1,1,2,1,1,2,2,1,1,2,1,2,1,2,2,1,1,1,1,2,1,2,2,2,1,2,1,1,2,1,1,1,2,1,1,2,2,1,2
29,2,4,4,5,5,4,5,5,4,5,40.0,,,2.0,,,,4.0,3.0,2.0,6.0,,,,2.0,1.0,,,,,,,,1.0,5.0,6.0,7.0,,1.0,,10.0,,,,1.0,6.0,,1.0,1.0,1.0,2.0,1.0,1.0,1.0,2.0,1.0,2.0,,,,,,,7,2,2,2,1,5,7,7,3,2,40.0,60.0,30.0,40.0,70.0,20.0,80.0,95.0,75.0,95.0,2,2,2,2,2,1,1,2,1,1,2,2,2,2,1,1,2,2,2,2,2,2,2,2,2,2,2,2,1,2,1,2,2,2,1,2,2,2,2,2
907,4,4,3,4,4,4,4,4,3,4,70.0,,,4.0,,,,2.0,2.0,2.0,,6.0,1.0,50.0,,,2.0,,,,,,,4.0,4.0,4.0,15.0,,,2.0,3.0,,,,2.0,4.0,,1.0,1.0,1.0,1.0,1.0,1.0,1.0,1.0,1.0,1.0,,,,,,,6,1,4,2,2,6,7,6,3,1,60.0,40.0,75.0,80.0,50.0,60.0,75.0,95.0,50.0,90.0,1,2,2,1,2,2,1,1,2,1,1,2,1,1,2,2,2,2,1,1,1,2,1,2,1,2,2,2,1,2,1,2,2,2,2,2,1,2,1,1
874,5,5,5,5,5,5,5,5,5,5,29.0,,1.0,,1.0,1.0,1.0,,,,6.0,,,,2.0,,2.0,,,,,,,3.0,5.0,6.0,,0.0,1.0,,5.0,,,1.0,,,6.0,,,,,,,,,,,1.0,1.0,1.0,1.0,1.0,1.0,7,1,1,1,1,7,7,7,1,1,100.0,100.0,100.0,100.0,98.0,100.0,100.0,100.0,23.0,100.0,2,2,1,2,2,2,2,2,2,1,1,1,2,2,2,2,1,2,2,1,2,1,1,1,1,2,2,2,1,2,2,1,2,2,1,1,1,1,2,1
175,4,2,4,4,5,2,2,4,5,3,70.0,,4.0,,,,,3.0,3.0,2.0,6.0,,,,2.0,1.0,,,,,,,,1.0,1.0,3.0,15.0,,1.0,,4.0,,,,2.0,,2.0,1.0,1.0,1.0,1.0,1.0,1.0,1.0,1.0,1.0,1.0,,,,,,,5,2,4,2,5,5,6,7,3,2,50.0,40.0,60.0,70.0,76.0,57.0,65.0,85.0,75.0,66.0,1,1,1,2,2,1,1,1,2,1,1,2,2,1,2,2,2,2,1,2,1,2,2,1,1,2,1,1,2,2,2,2,2,1,1,2,2,2,2,2
769,4,4,3,4,4,5,5,5,2,3,85.0,,4.0,,,,,3.0,4.0,2.0,,6.0,1.0,15.0,,1.0,,4.0,5.0,5.0,,,,,,,,10.0,1.0,,,,2.0,1.0,,4.0,,1.0,1.0,1.0,1.0,1.0,1.0,1.0,1.0,1.0,1.0,,,,,,,6,2,3,3,2,6,6,6,3,2,57.0,58.0,40.0,39.0,25.0,55.0,66.0,70.0,32.0,45.0,1,2,1,1,2,2,1,2,2,2,2,2,2,2,2,2,2,2,2,1,1,2,1,1,2,2,2,1,2,2,2,2,2,1,2,1,1,2,2,2
393,5,4,5,5,5,4,5,5,3,5,,90.0,4.0,,,,,5.0,4.0,2.0,,4.0,1.0,54.0,,,2.0,,,,,,,3.0,5.0,5.0,17.0,,,2.0,,,1.0,,2.0,,2.0,,,,,,,,,,,1.0,2.0,1.0,2.0,1.0,1.0,7,4,1,7,1,6,7,7,3,2,95.0,75.0,92.0,98.0,96.0,55.0,88.0,95.0,52.0,90.0,2,2,2,1,1,2,1,2,1,1,2,2,1,1,2,1,1,2,2,2,1,2,1,2,1,1,1,1,2,2,2,2,1,2,1,2,1,2,2,2
23,5,3,4,5,5,5,5,5,1,5,70.0,,6.0,,,,,3.0,3.0,2.0,6.0,,1.0,30.0,,,1.0,,,,1.0,1.0,6.0,,,,20.0,,1.0,,3.0,,,,1.0,1.0,,,,,,,,,,,,1.0,1.0,1.0,1.0,1.0,1.0,6,5,5,6,1,5,5,5,4,1,47.0,44.0,37.0,61.0,62.0,47.0,60.0,58.0,48.0,53.0,1,2,2,1,1,2,2,1,1,2,1,1,2,1,1,1,2,1,1,1,1,1,1,2,1,1,1,1,2,1,1,2,1,2,1,1,1,1,2,1
221,1,3,3,1,4,1,1,4,5,3,70.0,,,6.0,,,,1.0,1.0,1.0,6.0,,1.0,30.0,,1.0,,2.0,3.0,1.0,,,,,,,0.0,,,1.0,1.0,,,,1.0,,6.0,,,,,,,,,,,1.0,1.0,1.0,1.0,1.0,1.0,5,5,1,5,2,5,7,7,1,2,37.0,56.0,39.0,32.0,42.0,10.0,0.0,71.0,84.0,49.0,2,1,1,1,1,1,1,1,2,1,1,1,1,2,1,1,1,1,1,2,2,1,1,1,1,1,2,2,1,2,2,1,1,1,1,2,1,1,1,1
352,4,4,4,4,5,4,2,3,5,5,70.0,,,4.0,,,,5.0,1.0,1.0,,5.0,,,2.0,,2.0,1.0,4.0,6.0,,,,,,,5.0,,,2.0,,9.0,,,1.0,1.0,,,,,,,,,,,,1.0,1.0,2.0,2.0,1.0,1.0,7,1,3,1,1,7,7,7,2,2,80.0,80.0,76.0,90.0,100.0,81.0,53.0,89.0,79.0,93.0,2,2,2,1,1,2,2,2,2,1,2,1,2,1,1,2,1,2,2,1,1,2,2,2,2,1,2,2,2,2,1,1,1,2,2,2,2,2,2,2
56,4,4,5,5,4,2,4,5,5,3,,82.0,,2.0,3.0,5.0,6.0,,,,6.0,,2.0,30.0,,1.0,,1.0,4.0,2.0,,,,,,,,15.0,,1.0,,,1.0,1.0,,3.0,,1.0,1.0,2.0,1.0,1.0,2.0,1.0,1.0,2.0,1.0,,,,,,,4,1,1,1,2,6,3,5,1,2,20.0,31.0,43.0,34.0,30.0,20.0,82.0,84.0,68.0,85.0,2,2,1,1,1,2,1,2,1,2,1,2,2,2,1,2,1,2,2,1,1,1,1,1,2,2,1,2,2,1,1,1,2,1,1,2,2,2,1,2
448,4,4,2,2,3,4,4,3,5,5,,30.0,,2.0,,,,3.0,3.0,1.0,6.0,,,,2.0,,2.0,,,,,,,2.0,3.0,2.0,20.0,,,2.0,1.0,,,2.0,,,5.0,1.0,2.0,1.0,1.0,1.0,1.0,2.0,1.0,1.0,2.0,,,,,,,5,5,4,4,5,5,5,5,1,1,30.0,25.0,10.0,28.0,66.0,80.0,85.0,80.0,78.0,87.0,1,1,2,1,1,1,1,1,2,2,1,1,2,2,2,1,2,1,2,2,1,2,2,2,2,1,2,1,2,2,2,2,2,2,2,2,1,2,2,2
254,1,3,1,2,3,1,1,4,5,1,,30.0,6.0,,3.0,3.0,3.0,,,,7.0,,,,2.0,2.0,,2.0,1.0,6.0,,,,,,,,20.0,,2.0,2.0,,,1.0,,5.0,,1.0,1.0,1.0,1.0,1.0,1.0,1.0,1.0,1.0,1.0,,,,,,,7,2,6,5,1,3,3,5,2,1,50.0,25.0,50.0,60.0,70.0,20.0,75.0,90.0,55.0,20.0,2,1,1,1,2,1,2,1,2,2,2,1,2,2,2,2,1,1,2,1,1,2,2,2,1,1,1,2,2,2,2,2,2,2,2,1,1,2,2,1
327,1,1,1,1,1,1,1,1,5,5,27.0,,,3.0,5.0,4.0,3.0,,,,5.0,,2.0,2.0,,1.0,,2.0,3.0,2.0,,,,,,,5.0,,,2.0,,1.0,,2.0,,2.0,,,,,,,,,,,,1.0,2.0,1.0,1.0,1.0,2.0,6,4,3,3,2,5,6,6,1,1,30.0,15.0,18.0,21.0,21.0,10.0,64.0,82.0,72.0,100.0,2,1,1,2,2,2,2,2,2,1,2,1,2,2,1,2,1,2,2,2,2,1,1,1,2,2,2,1,1,2,1,2,2,2,2,2,2,1,2,1
97,2,2,5,4,5,3,5,5,3,4,,30.0,,1.0,,,,5.0,4.0,2.0,,7.0,,,2.0,,2.0,,,,,,,1.0,5.0,6.0,,20.0,,2.0,,6.0,,2.0,,,6.0,,,,,,,,,,,1.0,2.0,1.0,1.0,2.0,1.0,6,2,2,2,2,5,5,5,1,1,60.0,5.0,65.0,70.0,60.0,55.0,80.0,60.0,75.0,75.0,1,1,1,2,1,1,2,2,1,1,2,2,2,1,2,1,1,2,2,1,1,2,1,2,1,1,2,2,1,2,2,2,1,2,1,1,1,2,1,1
972,3,3,1,1,3,2,1,1,5,3,90.0,,,2.0,,,,3.0,2.0,1.0,,6.0,1.0,40.0,,1.0,,3.0,1.0,4.0,,,,,,,18.0,,,2.0,2.0,,,,2.0,,2.0,,,,,,,,,,,1.0,1.0,1.0,1.0,1.0,1.0,6,4,6,6,3,3,3,3,4,1,41.0,50.0,35.0,29.0,52.0,45.0,50.0,36.0,55.0,35.0,2,2,1,2,2,2,2,1,1,2,2,1,2,1,1,1,2,1,2,1,1,1,2,1,2,2,2,2,2,2,2,1,1,2,1,1,2,1,1,1
801,5,4,5,4,5,5,5,1,3,4,75.0,,3.0,,3.0,4.0,2.0,,,,5.0,,2.0,6.0,,,2.0,,,,5.0,5.0,6.0,,,,15.0,,,2.0,,,2.0,,2.0,3.0,,1.0,1.0,1.0,1.0,1.0,1.0,1.0,1.0,1.0,1.0,,,,,,,5,2,7,6,3,4,7,7,2,2,66.0,48.0,63.0,61.0,63.0,56.0,80.0,4.0,53.0,74.0,2,1,1,2,2,2,2,1,1,1,2,2,1,2,1,1,1,2,2,1,2,1,2,2,2,1,1,2,1,2,1,2,2,1,2,1,2,2,2,1
295,5,5,5,5,4,5,5,5,2,1,70.0,,6.0,,,,,4.0,2.0,5.0,,7.0,2.0,1.0,,,2.0,,,,,,,1.0,5.0,6.0,,5.0,1.0,,,,1.0,1.0,,,6.0,1.0,2.0,1.0,2.0,1.0,2.0,1.0,2.0,1.0,2.0,,,,,,,7,1,6,6,3,7,7,7,4,2,60.0,40.0,55.0,83.0,37.0,60.0,70.0,84.0,47.0,24.0,2,2,2,2,2,1,2,2,2,2,1,2,2,2,1,2,1,1,1,1,2,2,2,2,2,1,1,2,2,2,2,1,2,1,2,2,2,1,1,1
489,1,5,5,5,4,5,5,5,1,2,51.0,,4.0,,5.0,6.0,1.0,,,,,6.0,2.0,8.0,,,2.0,,,,,,,2.0,5.0,1.0,,20.0,,1.0,1.0,,,1.0,,,6.0,1.0,1.0,2.0,1.0,1.0,1.0,2.0,1.0,1.0,2.0,,,,,,,5,2,1,1,1,7,7,7,1,2,31.0,100.0,29.0,100.0,100.0,100.0,100.0,100.0,0.0,100.0,2,2,1,2,2,2,2,2,2,2,1,2,2,2,2,1,2,2,2,2,1,2,2,2,2,1,2,2,1,2,2,2,2,1,2,2,2,2,2,1
100,4,4,4,5,5,5,5,5,1,2,,30.0,3.0,,2.0,3.0,3.0,,,,6.0,,,,1.0,,2.0,,,,3.0,5.0,5.0,,,,,0.0,,2.0,,,2.0,1.0,,5.0,,,,,,,,,,,,1.0,1.0,1.0,1.0,1.0,1.0,6,2,5,2,3,5,5,6,3,1,60.0,30.0,50.0,55.0,67.0,45.0,55.0,67.0,50.0,66.0,1,1,2,2,1,1,1,1,2,2,1,2,1,2,1,2,1,2,1,1,1,2,2,2,2,1,2,2,2,2,2,1,2,2,2,2,1,2,2,1
982,4,3,2,4,4,4,3,5,3,4,79.0,,2.0,,2.0,4.0,2.0,,,,,6.0,1.0,50.0,,1.0,,,,,,,,2.0,2.0,3.0,,0.0,1.0,,,,2.0,1.0,,,4.0,1.0,1.0,1.0,1.0,1.0,1.0,1.0,1.0,1.0,1.0,,,,,,,5,5,2,3,2,3,5,5,2,1,23.0,43.0,45.0,54.0,58.0,56.0,71.0,92.0,74.0,62.0,2,1,2,2,2,1,1,2,2,2,1,2,2,2,1,2,2,2,1,2,1,1,1,1,1,1,2,1,2,1,2,1,1,2,2,2,1,2,1,2
67,5,5,5,5,5,5,5,5,1,1,81.0,,,1.0,,,,2.0,3.0,2.0,,7.0,,,1.0,1.0,,,,,1.0,5.0,6.0,,,,15.0,,1.0,,10.0,,,,2.0,,5.0,,,,,,,,,,,1.0,1.0,1.0,1.0,1.0,1.0,7,4,5,5,2,5,5,6,4,1,90.0,60.0,69.0,80.0,72.0,84.0,71.0,64.0,33.0,24.0,2,2,2,2,1,1,2,2,1,1,1,1,2,2,1,2,2,2,1,2,1,2,1,2,1,2,2,2,2,2,2,2,2,2,2,1,2,2,2,2
479,3,3,3,3,3,3,3,3,3,3,50.0,,5.0,,,,,2.0,2.0,5.0,,4.0,,,2.0,1.0,,,,,,,,3.0,3.0,4.0,,2.0,,2.0,,3.0,,,2.0,5.0,,1.0,1.0,1.0,1.0,1.0,1.0,1.0,2.0,2.0,2.0,,,,,,,6,6,4,5,4,4,5,5,4,2,50.0,50.0,50.0,50.0,50.0,50.0,50.0,50.0,50.0,50.0,1,1,1,1,1,1,2,2,2,1,1,2,1,2,1,2,1,2,2,2,2,2,2,1,2,1,1,1,1,2,1,2,2,1,2,2,2,1,1,2
265,4,3,3,3,3,3,4,3,3,3,70.0,,2.0,,,,,2.0,5.0,4.0,,6.0,,,2.0,,2.0,,,,1.0,5.0,6.0,,,,20.0,,,1.0,2.0,,,1.0,,,6.0,1.0,1.0,1.0,2.0,1.0,1.0,1.0,2.0,1.0,2.0,,,,,,,6,2,3,2,2,6,7,7,3,2,90.0,30.0,30.0,20.0,50.0,30.0,95.0,80.0,70.0,20.0,2,2,2,2,2,2,2,2,2,2,2,2,2,2,2,2,2,2,2,2,2,2,2,2,1,2,1,2,2,2,2,2,2,2,2,2,2,1,2,2
316,5,5,5,4,4,5,5,4,5,5,,50.0,4.0,,,,,1.0,2.0,2.0,5.0,,1.0,54.0,,1.0,,,,,,,,3.0,4.0,4.0,,15.0,1.0,,,,4.0,,2.0,,2.0,,,,,,,,,,,1.0,1.0,1.0,1.0,2.0,2.0,6,2,4,4,3,6,6,6,3,2,95.0,94.0,84.0,74.0,65.0,78.0,98.0,49.0,85.0,86.0,1,1,1,1,2,1,1,1,1,1,1,1,1,2,1,2,1,2,1,1,1,1,1,1,1,2,1,1,2,1,1,1,1,1,1,2,1,2,1,1
943,5,5,5,5,5,5,5,5,2,4,,25.0,,1.0,2.0,4.0,6.0,,,,4.0,,,,1.0,1.0,,,,,,,,2.0,4.0,6.0,10.0,,1.0,,,3.0,,2.0,,5.0,,1.0,1.0,1.0,2.0,2.0,1.0,2.0,1.0,1.0,2.0,,,,,,,7,4,2,2,1,5,6,6,4,1,50.0,35.0,50.0,55.0,75.0,25.0,90.0,50.0,70.0,75.0,1,2,1,2,1,1,1,2,1,2,2,2,1,2,2,2,1,1,1,1,2,2,2,1,2,1,2,2,1,2,2,1,2,1,2,1,1,2,2,1
830,3,3,5,5,3,5,5,5,1,1,10.0,,3.0,,2.0,4.0,4.0,,,,5.0,,1.0,30.0,,1.0,,,,,3.0,5.0,6.0,,,,,0.0,1.0,,,4.0,,2.0,,,3.0,,,,,,,,,,,1.0,2.0,1.0,2.0,1.0,1.0,7,2,6,6,1,5,6,5,3,1,40.0,30.0,55.0,65.0,50.0,40.0,57.0,67.0,15.0,20.0,2,2,2,2,1,2,2,2,2,1,2,2,2,2,2,2,2,2,2,2,2,2,2,2,2,2,2,2,2,2,2,2,2,2,1,1,1,2,2,2
131,5,5,5,5,5,3,5,5,4,5,60.0,,5.0,,3.0,1.0,1.0,,,,5.0,,1.0,54.0,,1.0,,4.0,5.0,6.0,,,,,,,,10.0,,1.0,,,2.0,1.0,,,4.0,,,,,,,,,,,1.0,1.0,1.0,1.0,1.0,1.0,6,5,4,6,1,3,5,5,1,1,90.0,80.0,80.0,80.0,75.0,50.0,75.0,60.0,50.0,95.0,1,2,2,2,1,2,1,1,2,2,1,1,2,2,2,2,1,2,2,2,2,1,2,1,1,2,1,1,2,1,1,2,2,1,1,2,2,2,2,2
936,5,3,4,5,4,5,3,1,4,5,73.0,,,4.0,,,,5.0,4.0,4.0,,4.0,1.0,16.0,,1.0,,3.0,2.0,6.0,,,,,,,,15.0,1.0,,2.0,,,,1.0,4.0,,2.0,1.0,2.0,1.0,2.0,1.0,2.0,1.0,2.0,1.0,,,,,,,7,1,5,3,1,5,5,5,3,2,58.0,67.0,58.0,73.0,76.0,72.0,67.0,80.0,74.0,69.0,2,1,2,2,1,1,1,2,1,2,2,1,2,1,2,2,1,2,1,1,1,1,1,1,1,2,1,2,1,2,1,2,1,1,1,1,2,1,2,2
845,5,4,5,5,5,5,3,5,2,1,80.0,,3.0,,5.0,5.0,4.0,,,,,6.0,2.0,9.0,,,2.0,1.0,5.0,6.0,,,,,,,20.0,,2.0,,,,3.0,1.0,,,5.0,,,,,,,,,,,1.0,1.0,1.0,1.0,1.0,1.0,7,2,3,3,5,5,4,4,2,1,42.0,46.0,45.0,50.0,75.0,58.0,55.0,64.0,58.0,50.0,2,2,1,1,2,2,1,2,1,2,2,2,2,2,1,1,1,2,2,1,1,2,1,1,1,1,2,1,1,1,1,1,2,1,1,2,1,1,2,2
144,4,2,4,2,2,1,2,1,5,4,,28.0,4.0,,,,,4.0,4.0,3.0,,6.0,,,2.0,1.0,,,,,,,,1.0,5.0,5.0,10.0,,,2.0,,9.0,,,1.0,4.0,,1.0,2.0,1.0,1.0,2.0,1.0,1.0,1.0,2.0,1.0,,,,,,,5,1,1,2,1,3,3,5,1,2,43.0,4.0,45.0,11.0,12.0,3.0,31.0,60.0,96.0,38.0,2,1,2,2,2,2,1,2,2,1,2,2,2,2,2,1,2,2,1,1,1,1,2,2,1,1,2,1,2,2,1,2,2,2,2,2,1,2,2,2
758,3,4,4,3,4,3,4,4,3,4,80.0,,,2.0,,,,4.0,3.0,1.0,3.0,,,,2.0,1.0,,,,,4.0,5.0,5.0,,,,,5.0,1.0,,3.0,,,1.0,,,4.0,1.0,1.0,1.0,2.0,1.0,2.0,1.0,1.0,2.0,1.0,,,,,,,5,4,6,5,5,7,7,7,1,2,20.0,10.0,5.0,15.0,10.0,71.0,83.0,78.0,90.0,59.0,2,1,2,2,1,2,2,2,2,2,2,2,1,2,2,1,2,2,1,2,2,2,2,2,2,2,2,2,2,2,2,1,2,2,1,2,2,1,2,2
12,4,4,4,4,4,4,5,5,5,4,,30.0,,5.0,,,,4.0,5.0,3.0,,6.0,1.0,15.0,,,1.0,2.0,5.0,5.0,,,,,,,4.0,,,2.0,,,2.0,2.0,,5.0,,1.0,1.0,2.0,1.0,1.0,1.0,2.0,1.0,2.0,1.0,,,,,,,7,1,3,2,2,6,5,6,2,2,52.0,54.0,78.0,91.0,52.0,38.0,64.0,63.0,62.0,41.0,1,1,2,1,1,1,2,2,1,1,1,1,1,2,2,2,2,2,1,1,2,2,2,2,2,2,2,1,1,1,2,1,1,1,2,1,2,1,2,2
884,3,4,3,5,5,3,4,3,5,5,70.0,,2.0,,,,,3.0,3.0,3.0,6.0,,,,2.0,,2.0,,,,4.0,3.0,5.0,,,,16.0,,1.0,,,,3.0,2.0,,3.0,,1.0,1.0,1.0,1.0,1.0,1.0,1.0,1.0,1.0,1.0,,,,,,,6,4,4,4,5,6,5,5,2,1,42.0,41.0,39.0,61.0,54.0,48.0,63.0,52.0,67.0,56.0,1,1,2,1,2,1,1,2,1,2,1,2,1,2,1,2,1,1,1,1,1,1,1,1,1,1,2,1,1,1,2,1,1,2,1,2,2,2,1,2
799,5,5,5,5,5,5,5,5,2,5,80.0,,1.0,,,,,5.0,5.0,2.0,,6.0,,,2.0,,2.0,3.0,5.0,6.0,,,,,,,15.0,,2.0,,,,2.0,,2.0,,1.0,1.0,1.0,1.0,1.0,1.0,1.0,2.0,2.0,2.0,2.0,,,,,,,5,1,4,6,1,7,5,7,4,1,62.0,71.0,50.0,65.0,70.0,60.0,85.0,90.0,40.0,90.0,1,2,2,1,2,2,1,2,2,2,1,2,1,1,2,2,2,1,1,1,1,2,1,1,1,2,2,2,1,2,2,1,1,2,2,2,2,2,2,1
210,4,5,4,5,5,1,2,5,5,5,,95.0,,1.0,3.0,3.0,2.0,,,,,1.0,,,2.0,,2.0,2.0,4.0,6.0,,,,,,,,15.0,1.0,,,,10.0,,2.0,6.0,,1.0,1.0,1.0,1.0,1.0,1.0,1.0,1.0,1.0,1.0,,,,,,,5,6,7,6,3,4,5,6,3,1,13.0,21.0,24.0,31.0,37.0,52.0,44.0,32.0,35.0,65.0,1,1,2,1,1,2,2,2,2,2,1,2,2,2,2,1,1,1,2,2,2,2,2,2,1,2,1,1,1,1,2,2,2,2,1,1,2,2,2,2
363,5,5,5,5,5,5,5,5,1,3,70.0,,5.0,,,,,5.0,1.0,3.0,6.0,,,,2.0,,1.0,2.0,5.0,5.0,,,,,,,20.0,,1.0,,4.0,,,,2.0,6.0,,1.0,1.0,1.0,1.0,1.0,1.0,1.0,2.0,2.0,2.0,,,,,,,7,2,1,1,3,6,6,7,3,1,80.0,80.0,79.0,80.0,79.0,67.0,67.0,73.0,88.0,36.0,1,1,1,2,1,1,1,2,2,2,1,1,1,1,1,2,1,2,2,2,2,2,1,2,2,2,2,1,1,2,1,2,2,1,2,2,1,1,2,1
185,3,4,5,5,4,4,5,3,4,5,,78.0,,1.0,,,,1.0,2.0,1.0,,5.0,1.0,54.0,,,2.0,3.0,4.0,5.0,,,,,,,,10.0,,1.0,3.0,,,,1.0,,5.0,1.0,2.0,1.0,1.0,2.0,1.0,1.0,1.0,1.0,2.0,,,,,,,7,1,5,5,1,7,7,6,3,1,59.0,40.0,61.0,99.0,53.0,85.0,41.0,38.0,35.0,68.0,1,2,1,1,1,2,2,1,1,2,2,1,1,2,1,1,1,2,2,1,1,1,2,1,1,2,1,2,1,1,1,1,2,2,1,1,1,2,2,1
621,5,5,5,4,2,4,1,3,2,3,85.0,,5.0,,2.0,6.0,1.0,,,,,6.0,2.0,3.0,,,2.0,,,,,,,1.0,5.0,3.0,15.0,,1.0,,,,1.0,2.0,,4.0,,,,,,,,,,,,1.0,1.0,2.0,1.0,1.0,2.0,7,5,2,2,3,3,6,6,1,2,25.0,15.0,30.0,50.0,15.0,35.0,60.0,50.0,15.0,55.0,2,1,2,2,2,2,2,2,2,2,2,2,2,2,2,2,2,2,2,2,2,2,2,2,2,2,2,2,2,2,2,2,2,2,2,2,2,2,2,2
752,1,3,1,3,5,5,5,5,3,3,,50.0,5.0,,,,,1.0,2.0,3.0,4.0,,,,2.0,1.0,,1.0,3.0,2.0,,,,,,,10.0,,,1.0,1.0,,,1.0,,,2.0,,,,,,,,,,,1.0,2.0,1.0,2.0,1.0,2.0,6,6,1,1,1,3,7,7,1,2,30.0,50.0,30.0,50.0,50.0,50.0,96.0,95.0,50.0,50.0,2,2,2,2,1,2,2,1,2,2,1,1,2,2,2,2,2,2,2,1,2,2,2,2,1,2,2,2,1,2,2,2,2,2,1,2,2,2,2,2
369,3,2,3,4,4,2,5,1,5,5,,31.0,3.0,,,,,1.0,2.0,1.0,6.0,,2.0,10.0,,1.0,,,,,,,,4.0,2.0,1.0,,10.0,1.0,,,,2.0,,1.0,,4.0,,,,,,,,,,,1.0,1.0,1.0,2.0,1.0,1.0,6,5,2,2,5,5,7,6,2,2,70.0,72.0,51.0,34.0,63.0,79.0,72.0,42.0,80.0,77.0,2,2,1,1,2,1,2,1,2,2,1,2,1,2,2,1,2,2,1,1,2,1,2,2,2,2,2,2,2,2,1,2,2,2,1,2,2,2,2,2
793,3,3,4,2,4,1,5,5,5,3,70.0,,6.0,,5.0,1.0,4.0,,,,,7.0,,,2.0,,1.0,,,,1.0,5.0,4.0,,,,20.0,,1.0,,,3.0,,1.0,,,6.0,1.0,1.0,1.0,2.0,1.0,2.0,1.0,1.0,2.0,1.0,,,,,,,7,1,2,2,2,6,6,6,3,1,51.0,51.0,49.0,26.0,48.0,10.0,70.0,74.0,83.0,57.0,1,2,1,2,2,2,1,2,1,2,2,1,2,2,1,2,2,2,2,2,1,2,1,2,2,2,2,1,2,1,2,1,1,1,2,2,2,1,2,2
406,3,4,2,4,5,4,4,4,3,2,100.0,,4.0,,,,,5.0,3.0,6.0,3.0,,1.0,50.0,,,2.0,,,,,,,5.0,5.0,5.0,18.0,,1.0,,,10.0,,,1.0,,6.0,1.0,1.0,2.0,1.0,1.0,2.0,1.0,1.0,2.0,1.0,,,,,,,7,2,5,6,2,7,7,7,3,2,49.0,42.0,45.0,61.0,79.0,60.0,60.0,54.0,43.0,25.0,1,1,2,1,1,2,1,2,2,1,1,2,1,2,1,1,1,1,1,1,2,1,2,1,2,1,1,1,1,1,2,1,1,1,1,2,1,2,1,2
575,1,3,1,1,3,3,4,2,5,3,70.0,,2.0,,,,,4.0,5.0,3.0,,7.0,,,2.0,1.0,,,,,2.0,5.0,4.0,,,,,10.0,,2.0,,,2.0,1.0,,,2.0,,,,,,,,,,,1.0,1.0,2.0,1.0,1.0,2.0,7,2,3,2,3,6,5,5,2,2,20.0,33.0,30.0,45.0,30.0,25.0,90.0,35.0,55.0,40.0,2,2,1,1,2,2,1,1,2,1,2,2,1,1,1,1,2,1,2,2,1,2,1,2,2,2,2,2,1,1,2,2,1,1,1,2,2,1,2,2
18,5,5,5,5,5,5,5,5,1,2,,69.0,,4.0,4.0,3.0,3.0,,,,6.0,,,,1.0,,2.0,,,,4.0,5.0,6.0,,,,,5.0,,2.0,3.0,,,2.0,,,6.0,,,,,,,,,,,1.0,1.0,1.0,1.0,1.0,1.0,6,1,3,2,2,7,7,7,3,1,64.0,57.0,54.0,60.0,74.0,54.0,59.0,90.0,54.0,53.0,2,2,1,2,1,1,2,2,2,2,2,2,2,2,2,1,2,1,2,2,2,2,1,2,1,2,1,1,1,2,2,2,2,2,1,1,1,2,2,2
473,5,4,5,5,4,5,4,5,1,1,,80.0,5.0,,3.0,4.0,4.0,,,,6.0,,1.0,20.0,,1.0,,,,,,,,1.0,5.0,5.0,,12.0,,2.0,3.0,,,,2.0,,6.0,1.0,1.0,2.0,1.0,1.0,2.0,1.0,2.0,1.0,1.0,,,,,,,7,3,3,4,3,5,5,5,3,1,55.0,40.0,65.0,66.0,63.0,52.0,60.0,85.0,50.0,22.0,2,2,1,1,1,1,2,1,2,1,2,2,1,2,2,1,2,2,2,2,2,2,1,2,1,2,1,1,1,1,2,2,2,2,2,2,2,2,2,1
500,5,5,5,5,5,5,5,5,1,3,86.0,,,2.0,,,,3.0,3.0,2.0,5.0,,,,2.0,1.0,,,,,1.0,4.0,5.0,,,,17.0,,,1.0,3.0,,,,1.0,6.0,,,,,,,,,,,,1.0,1.0,1.0,1.0,2.0,2.0,7,4,1,1,5,5,7,7,2,2,41.0,40.0,40.0,69.0,78.0,40.0,45.0,64.0,30.0,38.0,2,2,2,1,2,2,2,2,2,2,2,2,2,2,2,2,1,1,2,2,2,2,2,2,2,2,2,2,2,2,2,2,2,2,2,2,2,2,2,2
695,5,5,5,5,3,5,5,5,1,3,,85.0,4.0,,,,,4.0,4.0,3.0,,5.0,1.0,25.0,,1.0,,1.0,2.0,1.0,,,,,,,,5.0,,2.0,,8.0,,1.0,,,5.0,,,,,,,,,,,1.0,1.0,1.0,1.0,1.0,1.0,5,1,6,6,3,6,6,5,3,2,70.0,10.0,20.0,40.0,50.0,10.0,61.0,30.0,75.0,40.0,2,2,2,2,2,2,1,1,2,1,1,1,1,2,2,1,2,2,2,2,2,1,2,2,1,2,2,2,1,1,2,2,1,2,2,2,1,1,2,1
988,4,5,4,5,5,4,5,5,4,5,,50.0,5.0,,,,,3.0,1.0,1.0,5.0,,,,2.0,1.0,,1.0,3.0,5.0,,,,,,,,10.0,,2.0,2.0,,,,1.0,,5.0,1.0,2.0,2.0,1.0,2.0,1.0,1.0,2.0,1.0,2.0,,,,,,,6,3,1,1,5,5,7,7,2,2,60.0,64.0,88.0,100.0,75.0,55.0,100.0,89.0,70.0,100.0,1,1,2,2,2,2,1,1,2,1,2,2,2,1,1,1,1,1,1,2,1,2,2,1,1,2,2,2,1,1,2,1,1,2,2,1,2,1,1,1
654,5,5,5,5,5,5,5,5,2,1,65.0,,4.0,,4.0,3.0,4.0,,,,6.0,,1.0,40.0,,1.0,,1.0,4.0,4.0,,,,,,,,10.0,1.0,,,5.0,,1.0,,,5.0,2.0,2.0,1.0,1.0,2.0,1.0,1.0,2.0,1.0,1.0,,,,,,,7,1,2,2,5,7,7,6,3,2,57.0,51.0,43.0,54.0,56.0,38.0,58.0,61.0,60.0,58.0,1,2,1,2,1,2,2,2,1,1,2,2,1,1,1,1,1,1,1,2,2,2,1,2,1,1,2,1,2,1,2,2,1,1,1,2,2,1,1,1
727,5,5,5,5,5,5,5,5,1,5,70.0,,3.0,,5.0,5.0,3.0,,,,,3.0,1.0,54.0,,,2.0,,,,3.0,5.0,5.0,,,,,5.0,,1.0,,10.0,,1.0,,,5.0,,,,,,,,,,,1.0,1.0,1.0,2.0,2.0,1.0,6,1,1,1,4,6,6,6,2,1,50.0,20.0,30.0,50.0,50.0,50.0,75.0,30.0,30.0,50.0,1,2,2,2,2,1,2,2,1,1,1,2,1,2,1,1,2,1,2,2,1,2,2,1,1,2,1,2,1,1,1,2,1,2,2,1,1,1,1,1
949,3,2,4,3,5,4,4,4,4,4,75.0,,,3.0,,,,3.0,4.0,2.0,,6.0,1.0,30.0,,1.0,,,,,5.0,3.0,4.0,,,,15.0,,1.0,,4.0,,,2.0,,,4.0,,,,,,,,,,,1.0,1.0,2.0,1.0,2.0,1.0,6,4,5,4,5,5,6,7,4,2,44.0,38.0,27.0,58.0,96.0,58.0,72.0,74.0,61.0,86.0,2,2,1,1,1,1,1,1,2,2,2,1,1,2,1,1,1,2,1,2,2,1,2,1,2,1,2,2,2,1,2,1,2,2,2,2,2,2,1,2
445,1,3,2,5,1,1,5,4,5,5,,30.0,,6.0,4.0,3.0,6.0,,,,7.0,,,,2.0,1.0,,4.0,5.0,5.0,,,,,,,,0.0,1.0,,2.0,,,,1.0,6.0,,,,,,,,,,,,1.0,1.0,1.0,2.0,1.0,2.0,5,1,1,3,2,6,6,6,3,2,30.0,40.0,28.0,68.0,14.0,38.0,88.0,66.0,88.0,52.0,1,2,1,2,2,1,1,1,1,1,1,1,1,2,1,1,2,2,1,1,1,1,1,1,1,1,1,1,1,1,2,1,2,1,1,2,1,1,1,2
536,1,1,1,1,2,1,3,4,5,4,70.0,,,2.0,,,,3.0,4.0,3.0,,6.0,1.0,30.0,,1.0,,2.0,1.0,2.0,,,,,,,20.0,,2.0,,1.0,,,2.0,,2.0,,1.0,1.0,1.0,1.0,1.0,1.0,1.0,1.0,1.0,1.0,,,,,,,7,1,7,3,2,5,3,3,1,1,20.0,30.0,10.0,15.0,40.0,25.0,60.0,90.0,75.0,65.0,2,2,1,1,1,1,2,1,1,2,1,1,1,1,1,1,2,2,1,2,2,1,1,2,1,1,1,1,1,2,2,2,1,2,2,2,1,2,2,2
259,4,4,3,5,5,5,5,4,2,5,,30.0,3.0,,,,,4.0,3.0,2.0,6.0,,1.0,45.0,,1.0,,1.0,4.0,4.0,,,,,,,,10.0,,2.0,,9.0,,1.0,,2.0,,1.0,1.0,1.0,2.0,1.0,1.0,2.0,1.0,2.0,1.0,,,,,,,7,4,3,6,5,7,7,7,4,1,25.0,31.0,34.0,64.0,65.0,47.0,82.0,81.0,56.0,70.0,2,2,2,2,2,1,2,1,2,1,1,1,1,1,2,2,2,1,1,1,2,2,1,2,2,1,1,2,2,2,1,1,2,2,2,2,2,1,1,1
662,3,4,4,3,3,4,4,4,4,4,,50.0,,4.0,,,,3.0,3.0,3.0,7.0,,1.0,50.0,,1.0,,,,,1.0,5.0,5.0,,,,20.0,,1.0,,2.0,,,1.0,,4.0,,,,,,,,,,,,1.0,1.0,1.0,1.0,1.0,1.0,6,1,2,2,5,6,6,6,2,2,10.0,80.0,20.0,35.0,40.0,40.0,100.0,30.0,40.0,60.0,2,2,2,2,2,1,2,2,1,2,2,2,1,1,2,1,2,2,1,1,1,2,2,2,1,1,2,2,1,1,2,1,2,1,2,1,2,2,1,2
298,4,5,5,5,5,1,5,5,5,5,,91.0,3.0,,2.0,4.0,5.0,,,,,6.0,,,2.0,1.0,,1.0,5.0,5.0,,,,,,,,10.0,,2.0,2.0,,,,2.0,,3.0,,,,,,,,,,,2.0,1.0,1.0,2.0,1.0,2.0,6,1,2,6,3,6,6,6,2,2,61.0,56.0,64.0,88.0,88.0,53.0,94.0,96.0,46.0,77.0,2,1,1,1,2,1,1,1,1,2,1,2,1,1,1,1,1,1,2,1,1,2,1,1,2,1,1,1,1,2,1,2,1,1,1,1,1,2,2,1
711,2,4,2,1,2,2,1,4,5,1,,90.0,,1.0,,,,2.0,3.0,5.0,,6.0,,,2.0,,1.0,,,,,,,2.0,5.0,5.0,20.0,,,1.0,,3.0,,1.0,,,5.0,,,,,,,,,,,1.0,1.0,2.0,2.0,1.0,1.0,6,2,6,5,5,6,6,6,3,2,60.0,70.0,20.0,40.0,35.0,60.0,45.0,80.0,90.0,25.0,2,2,2,1,2,2,2,1,2,1,2,2,1,1,2,2,1,1,1,2,1,2,2,2,1,2,2,1,2,1,2,2,2,2,1,2,1,1,2,2
484,4,3,4,5,3,5,5,5,1,3,,50.0,,3.0,5.0,5.0,3.0,,,,,7.0,,,1.0,1.0,,,,,1.0,5.0,4.0,,,,18.0,,,2.0,,3.0,,,1.0,,3.0,,,,,,,,,,,1.0,1.0,1.0,1.0,1.0,1.0,7,1,3,4,1,7,7,7,2,1,43.0,31.0,86.0,52.0,66.0,55.0,55.0,41.0,30.0,38.0,2,1,2,2,1,2,2,1,2,2,2,2,2,2,1,1,1,1,2,2,1,2,1,2,2,2,2,2,2,1,1,2,1,1,2,2,2,2,2,1
178,2,5,1,3,4,5,4,5,5,3,80.0,,,5.0,4.0,6.0,5.0,,,,,7.0,2.0,8.0,,,2.0,2.0,4.0,6.0,,,,,,,15.0,,1.0,,2.0,,,2.0,,2.0,,,,,,,,,,,,1.0,1.0,2.0,2.0,1.0,1.0,7,5,2,1,3,4,6,7,1,1,51.0,70.0,25.0,50.0,49.0,60.0,35.0,75.0,50.0,50.0,2,2,1,2,1,2,1,1,2,1,2,1,1,1,2,2,1,2,1,2,2,2,2,2,2,2,2,2,1,2,2,1,2,1,1,2,1,2,2,1
582,2,3,4,5,4,3,5,5,3,3,,30.0,6.0,,2.0,3.0,3.0,,,,,6.0,,,2.0,,1.0,1.0,4.0,4.0,,,,,,,,10.0,,2.0,,,2.0,,2.0,4.0,,1.0,1.0,1.0,1.0,1.0,1.0,1.0,1.0,1.0,1.0,,,,,,,6,5,6,5,2,5,3,5,2,1,8.0,22.0,12.0,65.0,61.0,30.0,75.0,85.0,25.0,38.0,1,2,2,1,2,2,2,2,2,1,1,2,2,1,1,2,2,2,1,1,2,1,1,1,2,2,1,1,1,1,2,2,2,1,2,2,2,1,2,1
617,4,4,5,5,4,5,5,4,2,4,80.0,,5.0,,,,,4.0,4.0,2.0,6.0,,2.0,10.0,,1.0,,,,,4.0,5.0,4.0,,,,,10.0,1.0,,,5.0,,2.0,,5.0,,1.0,1.0,1.0,1.0,1.0,1.0,1.0,1.0,1.0,1.0,,,,,,,6,5,5,5,5,5,6,5,4,1,60.0,45.0,65.0,55.0,80.0,35.0,65.0,60.0,60.0,80.0,1,2,1,1,1,2,1,1,1,2,2,1,2,1,2,2,2,2,2,1,2,2,2,2,1,2,2,1,2,1,2,1,1,1,2,2,2,2,1,2
764,3,2,2,5,3,4,5,5,5,4,,65.0,6.0,,,,,4.0,3.0,3.0,1.0,,,,2.0,1.0,,5.0,1.0,1.0,,,,,,,20.0,,2.0,,,,1.0,,1.0,,6.0,,,,,,,,,,,1.0,1.0,1.0,1.0,1.0,1.0,7,5,7,3,1,5,4,6,4,1,45.0,20.0,44.0,60.0,65.0,40.0,85.0,50.0,60.0,55.0,2,1,2,2,1,2,2,1,1,2,2,2,2,2,2,2,1,2,2,2,2,2,2,1,2,2,2,2,2,2,2,2,1,2,2,2,2,2,1,2
879,1,2,3,5,5,2,5,5,4,5,,75.0,,3.0,,,,3.0,3.0,1.0,,6.0,2.0,10.0,,,1.0,,,,3.0,4.0,5.0,,,,10.0,,,2.0,,4.0,,,2.0,,4.0,,,,,,,,,,,1.0,1.0,2.0,1.0,1.0,2.0,3,1,4,3,1,7,4,4,2,2,15.0,15.0,20.0,100.0,100.0,15.0,100.0,100.0,100.0,100.0,1,1,2,1,1,2,2,2,2,1,1,2,1,1,1,2,2,1,1,1,2,2,2,1,2,1,2,2,2,1,1,2,2,1,1,2,1,1,2,2
430,4,4,5,5,4,2,5,5,4,4,,40.0,4.0,,5.0,3.0,3.0,,,,,6.0,,,2.0,,1.0,,,,,,,4.0,4.0,5.0,18.0,,1.0,,,6.0,,1.0,,5.0,,1.0,1.0,1.0,1.0,1.0,2.0,2.0,2.0,2.0,2.0,,,,,,,7,1,2,3,1,6,4,5,3,1,80.0,35.0,60.0,94.0,80.0,43.0,86.0,94.0,74.0,83.0,2,1,2,2,1,2,1,1,2,1,2,1,2,1,1,2,1,2,2,1,1,1,1,1,1,2,1,1,2,1,2,1,1,1,1,1,1,2,1,1
543,4,3,3,4,5,2,4,5,5,4,,100.0,,5.0,,,,3.0,5.0,4.0,,6.0,,,2.0,,2.0,,,,,,,4.0,5.0,6.0,15.0,,1.0,,,8.0,,2.0,,4.0,,1.0,1.0,1.0,1.0,1.0,1.0,1.0,2.0,2.0,2.0,,,,,,,5,2,5,4,3,5,5,6,3,1,65.0,40.0,30.0,60.0,40.0,15.0,70.0,85.0,80.0,55.0,1,2,2,1,2,1,1,1,2,2,1,2,1,2,1,1,2,1,2,1,1,1,1,2,1,1,1,1,1,1,1,1,2,2,1,1,2,2,1,2
900,4,4,4,3,5,4,5,5,4,1,,80.0,,2.0,2.0,3.0,4.0,,,,6.0,,,,1.0,1.0,,,,,,,,4.0,5.0,6.0,,10.0,1.0,,,,3.0,,2.0,,6.0,1.0,1.0,1.0,1.0,2.0,2.0,1.0,2.0,1.0,1.0,,,,,,,5,3,3,3,2,5,5,6,3,2,30.0,35.0,40.0,50.0,75.0,80.0,90.0,90.0,80.0,25.0,2,1,1,2,2,2,2,1,1,1,2,2,2,2,2,2,1,1,2,2,2,1,2,2,2,2,2,2,2,2,2,1,2,2,1,1,2,2,1,2
873,3,2,3,4,4,2,4,3,4,2,71.0,,3.0,,,,,3.0,3.0,3.0,,6.0,,,2.0,2.0,,4.0,5.0,5.0,,,,,,,,20.0,2.0,,,1.0,,,2.0,4.0,,1.0,1.0,2.0,1.0,1.0,1.0,2.0,2.0,1.0,1.0,,,,,,,2,1,4,3,2,2,2,2,4,2,77.0,46.0,80.0,14.0,36.0,3.0,5.0,3.0,3.0,6.0,2,1,2,2,1,1,1,2,2,2,1,1,1,1,2,1,1,2,2,1,1,1,1,1,1,1,2,1,2,1,2,2,2,2,1,2,2,2,1,2
588,5,5,5,5,4,4,5,5,2,2,,30.0,4.0,,3.0,4.0,3.0,,,,,6.0,,,1.0,,1.0,3.0,5.0,2.0,,,,,,,,10.0,,1.0,,4.0,,2.0,,,4.0,,,,,,,,,,,1.0,1.0,1.0,2.0,1.0,1.0,6,2,4,3,1,5,5,7,3,1,52.0,40.0,24.0,63.0,73.0,26.0,80.0,57.0,56.0,41.0,1,2,2,1,2,2,1,1,1,1,1,2,1,1,1,1,2,1,1,1,2,2,2,1,2,1,2,1,1,1,2,1,2,2,1,2,2,1,1,1
172,1,5,5,5,5,1,1,5,5,3,,30.0,4.0,,6.0,3.0,3.0,,,,7.0,,,,2.0,1.0,,,,,,,,5.0,5.0,6.0,,10.0,1.0,,,,1.0,2.0,,,6.0,1.0,1.0,1.0,1.0,1.0,1.0,1.0,1.0,1.0,1.0,,,,,,,7,2,7,7,2,3,4,5,4,1,55.0,70.0,57.0,61.0,35.0,18.0,50.0,54.0,81.0,33.0,1,2,1,1,2,2,2,2,1,2,2,1,1,2,2,2,2,1,2,2,2,2,1,1,2,2,2,2,1,2,2,2,2,2,2,2,2,2,2,2
394,5,5,5,5,5,5,5,5,3,3,70.0,,,2.0,,,,4.0,4.0,3.0,,7.0,,,1.0,1.0,,1.0,4.0,4.0,,,,,,,20.0,,,1.0,,4.0,,1.0,,4.0,,,,,,,,,,,,1.0,1.0,2.0,1.0,2.0,1.0,7,1,2,3,2,5,7,7,3,1,51.0,45.0,47.0,38.0,34.0,20.0,78.0,82.0,73.0,51.0,2,1,2,2,2,1,2,2,2,2,2,2,2,2,1,2,2,2,1,2,1,1,2,1,1,1,2,2,2,1,1,2,1,2,2,2,2,2,2,2
24,2,2,2,3,2,1,2,2,5,4,65.0,,,3.0,5.0,2.0,3.0,,,,5.0,,,,1.0,,2.0,,,,5.0,4.0,3.0,,,,20.0,,1.0,,,,2.0,1.0,,1.0,,,,,,,,,,,,1.0,1.0,2.0,1.0,2.0,1.0,3,4,4,1,4,5,5,7,1,1,0.0,39.0,0.0,31.0,14.0,0.0,25.0,9.0,100.0,63.0,2,1,1,1,2,1,2,1,1,2,1,1,2,1,2,1,2,2,2,1,1,2,1,2,1,1,1,1,2,1,2,1,1,1,2,1,2,1,1,2
226,3,5,4,5,4,4,5,5,5,5,63.0,,,4.0,,,,3.0,1.0,1.0,,6.0,,,1.0,1.0,,3.0,4.0,4.0,,,,,,,10.0,,2.0,,,2.0,,,1.0,,4.0,,,,,,,,,,,1.0,2.0,2.0,1.0,2.0,1.0,7,2,2,3,2,6,7,7,1,1,73.0,56.0,50.0,96.0,74.0,70.0,92.0,100.0,43.0,96.0,1,1,1,1,2,1,1,1,2,1,2,2,2,1,2,2,1,2,1,1,2,1,2,1,2,1,2,1,2,1,1,1,1,1,2,2,1,1,2,1
355,3,3,3,4,4,3,5,3,3,4,,50.0,3.0,,,,,3.0,3.0,3.0,,3.0,1.0,54.0,,1.0,,,,,3.0,4.0,5.0,,,,10.0,,1.0,,,,3.0,1.0,,5.0,,1.0,1.0,1.0,2.0,2.0,1.0,1.0,1.0,1.0,2.0,,,,,,,7,1,4,4,1,7,4,4,3,1,50.0,20.0,20.0,60.0,50.0,40.0,100.0,50.0,40.0,50.0,1,2,2,1,1,2,1,1,2,2,2,2,2,1,1,1,1,2,2,2,1,1,1,2,1,2,2,2,1,2,2,2,2,2,2,1,2,2,1,2
549,4,4,5,5,5,3,5,4,4,3,70.0,,2.0,,3.0,3.0,3.0,,,,4.0,,,,2.0,,2.0,1.0,5.0,6.0,,,,,,,15.0,,,1.0,,,3.0,,2.0,5.0,,1.0,1.0,1.0,1.0,1.0,2.0,1.0,1.0,1.0,1.0,,,,,,,5,4,4,5,2,5,6,5,3,1,70.0,70.0,69.0,80.0,80.0,50.0,89.0,50.0,50.0,50.0,1,1,2,2,1,1,1,1,1,1,1,1,1,1,2,2,2,1,2,1,2,1,1,2,2,1,2,1,1,2,1,2,1,2,1,2,1,1,2,1
51,4,4,4,5,5,2,4,5,4,4,70.0,,,5.0,3.0,3.0,4.0,,,,,5.0,1.0,15.0,,,2.0,,,,,,,5.0,5.0,5.0,20.0,,,2.0,,,3.0,,1.0,5.0,,1.0,1.0,1.0,1.0,1.0,1.0,1.0,1.0,1.0,1.0,,,,,,,6,5,2,2,1,5,6,6,3,2,67.0,60.0,61.0,72.0,77.0,54.0,72.0,91.0,59.0,82.0,2,2,1,2,1,2,2,1,1,2,2,2,1,1,2,2,2,1,2,1,2,1,1,2,1,1,1,1,1,2,2,2,1,1,2,2,1,1,2,1
253,5,5,5,5,5,5,5,5,1,5,50.0,,6.0,,,,,6.0,1.0,1.0,6.0,,1.0,50.0,,,2.0,,,,,,,1.0,5.0,6.0,15.0,,,2.0,3.0,,,1.0,,5.0,,,,,,,,,,,,1.0,1.0,2.0,1.0,1.0,2.0,7,1,1,1,3,7,7,7,4,2,70.0,20.0,70.0,75.0,91.0,50.0,80.0,99.0,51.0,51.0,1,2,2,2,2,2,1,1,1,2,1,2,1,2,1,2,1,1,1,2,1,2,1,1,1,2,2,2,2,1,1,2,1,2,1,1,1,1,2,2
320,4,2,4,5,5,5,3,5,1,1,,50.0,,2.0,,,,3.0,4.0,3.0,,6.0,1.0,22.0,,,2.0,,,,,,,2.0,2.0,5.0,15.0,,,2.0,,,2.0,,2.0,,5.0,,,,,,,,,,,1.0,1.0,1.0,1.0,1.0,1.0,7,2,6,6,5,6,6,7,1,1,37.0,75.0,28.0,40.0,75.0,41.0,11.0,43.0,67.0,18.0,1,2,2,2,2,2,1,2,1,2,2,2,2,2,2,2,2,2,2,2,2,2,2,2,2,2,1,2,2,2,2,2,2,2,2,2,2,2,2,2
975,5,5,4,5,3,5,2,3,2,5,,30.0,4.0,,1.0,3.0,3.0,,,,,3.0,1.0,15.0,,,1.0,3.0,2.0,2.0,,,,,,,20.0,,1.0,,,2.0,,2.0,,5.0,,1.0,1.0,1.0,1.0,1.0,1.0,1.0,1.0,1.0,1.0,,,,,,,6,4,2,5,5,5,5,6,4,1,60.0,60.0,65.0,75.0,65.0,70.0,75.0,70.0,75.0,80.0,1,1,1,1,2,1,1,2,1,2,2,2,2,1,1,1,1,1,1,2,2,2,1,2,2,1,1,2,1,1,2,2,1,1,1,2,1,1,1,1
90,5,5,5,5,3,5,4,5,1,3,,38.0,4.0,,3.0,3.0,4.0,,,,2.0,,,,2.0,,2.0,1.0,5.0,5.0,,,,,,,,10.0,,1.0,,10.0,,2.0,,,5.0,,,,,,,,,,,1.0,1.0,2.0,1.0,1.0,2.0,7,2,2,3,5,7,7,7,3,2,58.0,35.0,47.0,54.0,56.0,61.0,52.0,92.0,23.0,51.0,2,2,2,1,2,2,2,2,2,2,2,2,2,2,2,1,2,2,2,2,1,1,2,2,2,2,2,2,1,2,2,2,2,2,2,2,2,1,2,2
806,5,5,5,5,5,5,5,5,2,1,,78.0,4.0,,3.0,3.0,3.0,,,,,6.0,1.0,47.0,,1.0,,,,,1.0,4.0,6.0,,,,,14.0,2.0,,,10.0,,,1.0,4.0,,,,,,,,,,,,1.0,1.0,1.0,1.0,1.0,1.0,5,5,5,5,2,5,5,6,4,1,75.0,51.0,50.0,62.0,71.0,59.0,90.0,95.0,33.0,9.0,2,2,2,2,2,1,2,2,1,2,2,1,2,2,1,1,1,2,1,2,1,2,2,2,2,2,2,2,1,2,2,2,2,2,2,2,2,2,2,2
292,1,4,3,5,5,3,1,1,1,3,50.0,,5.0,,,,,3.0,3.0,3.0,,6.0,,,2.0,1.0,,,,,,,,4.0,2.0,2.0,20.0,,2.0,,,,1.0,1.0,,5.0,,1.0,1.0,1.0,1.0,1.0,1.0,1.0,1.0,1.0,1.0,,,,,,,6,5,5,5,2,5,5,5,2,1,50.0,50.0,50.0,50.0,50.0,50.0,50.0,50.0,50.0,50.0,2,2,2,1,2,1,1,1,2,2,2,2,1,2,1,1,2,2,1,2,1,1,1,1,2,2,1,2,1,2,1,2,1,1,1,2,2,1,2,2
668,1,1,1,1,1,1,4,1,5,4,,82.0,,3.0,4.0,5.0,4.0,,,,,6.0,,,2.0,,1.0,2.0,2.0,2.0,,,,,,,,5.0,,2.0,,,1.0,1.0,,3.0,,,,,,,,,,,,1.0,1.0,1.0,1.0,2.0,2.0,7,4,4,6,5,6,7,5,3,1,15.0,15.0,2.0,18.0,24.0,20.0,75.0,8.0,70.0,65.0,2,1,2,2,2,1,2,2,2,1,2,2,2,1,2,1,2,1,2,2,2,1,2,1,2,1,2,2,2,2,2,2,2,1,2,2,2,1,2,2
107,1,1,1,1,3,1,1,1,5,3,,55.0,6.0,,,,,4.0,5.0,2.0,6.0,,1.0,13.0,,1.0,,,,,3.0,1.0,1.0,,,,,20.0,1.0,,10.0,,,,1.0,1.0,,,,,,,,,,,,1.0,1.0,1.0,1.0,1.0,1.0,7,1,6,3,2,7,6,6,1,1,10.0,6.0,14.0,25.0,40.0,15.0,21.0,16.0,70.0,51.0,1,2,2,1,2,1,1,1,2,2,2,1,2,1,2,2,2,2,1,1,2,1,1,1,1,1,2,2,1,2,2,1,2,2,2,1,2,2,2,2
60,1,1,1,1,1,1,3,1,5,1,,85.0,,6.0,1.0,1.0,1.0,,,,3.0,,,,1.0,,1.0,,,,5.0,5.0,6.0,,,,,10.0,1.0,,,,2.0,1.0,,,6.0,,,,,,,,,,,1.0,1.0,2.0,1.0,2.0,1.0,7,1,2,2,1,3,5,5,1,2,40.0,30.0,30.0,5.0,5.0,2.0,30.0,30.0,90.0,5.0,1,2,1,1,1,1,1,2,2,2,2,1,1,1,2,1,1,1,1,1,1,2,1,1,1,1,2,1,1,2,2,1,1,1,2,1,2,1,1,1
985,4,3,4,3,4,2,4,5,5,4,77.0,,3.0,,,,,2.0,2.0,2.0,,6.0,1.0,9.0,,,2.0,,,,2.0,1.0,3.0,,,,14.0,,1.0,,,8.0,,,1.0,5.0,,,,,,,,,,,,1.0,1.0,2.0,1.0,1.0,2.0,5,1,3,3,2,2,3,3,2,1,62.0,23.0,56.0,55.0,66.0,43.0,64.0,89.0,63.0,63.0,2,2,2,2,2,2,1,2,2,1,2,2,2,2,2,2,2,1,2,2,1,2,1,2,2,1,2,1,2,2,2,1,2,2,2,2,2,2,2,2
262,4,2,3,5,4,4,2,2,5,3,,79.0,5.0,,5.0,3.0,5.0,,,,6.0,,1.0,54.0,,,2.0,,,,2.0,3.0,4.0,,,,,20.0,2.0,,2.0,,,1.0,,,5.0,1.0,2.0,1.0,1.0,1.0,2.0,2.0,2.0,1.0,2.0,,,,,,,2,2,5,6,3,3,7,4,3,1,59.0,52.0,34.0,56.0,63.0,50.0,27.0,52.0,43.0,63.0,2,1,2,1,1,2,2,2,2,2,1,1,1,2,2,2,2,1,1,1,2,2,1,1,2,1,2,1,1,1,2,2,1,2,1,2,1,2,2,1
698,4,5,4,5,5,5,5,3,2,3,,61.0,4.0,,,,,3.0,1.0,2.0,6.0,,,,2.0,1.0,,,,,3.0,4.0,1.0,,,,,0.0,1.0,,,4.0,,,1.0,,4.0,1.0,1.0,1.0,1.0,1.0,1.0,2.0,2.0,2.0,2.0,,,,,,,6,1,5,3,6,7,7,7,2,1,42.0,12.0,7.0,97.0,100.0,25.0,45.0,93.0,95.0,46.0,2,2,1,1,2,1,1,2,1,1,2,2,2,1,1,2,1,2,1,1,1,1,1,1,2,2,1,1,1,1,2,1,1,1,1,2,2,1,1,2
311,4,3,4,4,3,4,4,4,5,3,7.0,,2.0,,,,,3.0,2.0,1.0,,3.0,1.0,55.0,,,2.0,3.0,5.0,5.0,,,,,,,,10.0,2.0,,,,3.0,1.0,,,2.0,1.0,1.0,1.0,2.0,2.0,1.0,1.0,1.0,2.0,1.0,,,,,,,4,3,3,5,2,5,6,5,2,2,32.0,12.0,70.0,82.0,22.0,58.0,81.0,60.0,29.0,20.0,2,1,1,1,1,1,1,1,1,1,1,1,2,1,2,2,1,1,2,2,1,1,2,1,2,2,2,1,1,1,2,1,1,1,1,1,2,2,1,1
944,1,1,1,5,1,1,1,1,5,1,100.0,,,1.0,,,,3.0,3.0,3.0,,6.0,,,2.0,1.0,,,,,,,,2.0,5.0,6.0,,0.0,1.0,,1.0,,,2.0,,1.0,,1.0,1.0,1.0,1.0,1.0,1.0,1.0,1.0,1.0,1.0,,,,,,,6,1,7,6,3,6,3,3,1,1,1.0,1.0,1.0,20.0,20.0,10.0,90.0,90.0,10.0,20.0,2,1,2,2,2,1,1,1,2,2,2,2,2,1,2,2,2,2,2,2,1,1,1,2,1,2,2,2,2,2,1,2,1,2,2,2,2,2,1,2
837,5,4,5,5,3,4,4,1,4,3,,60.0,2.0,,2.0,1.0,3.0,,,,3.0,,1.0,35.0,,,2.0,,,,1.0,4.0,5.0,,,,20.0,,2.0,,,4.0,,1.0,,,6.0,1.0,1.0,2.0,1.0,1.0,2.0,1.0,1.0,2.0,1.0,,,,,,,6,2,4,1,2,5,4,6,1,2,32.0,40.0,78.0,63.0,58.0,30.0,78.0,3.0,57.0,65.0,2,1,2,2,2,2,2,2,2,2,2,2,1,2,2,1,2,2,2,2,1,2,1,2,2,1,2,2,2,2,2,1,2,2,2,2,2,1,2,2
659,4,5,4,5,4,4,5,4,4,3,,30.0,,1.0,3.0,3.0,3.0,,,,,4.0,,,2.0,,1.0,,,,,,,4.0,4.0,6.0,18.0,,1.0,,,7.0,,1.0,,1.0,,,,,,,,,,,,1.0,1.0,1.0,1.0,1.0,1.0,6,1,5,5,2,5,6,6,3,1,39.0,26.0,25.0,49.0,44.0,56.0,65.0,31.0,56.0,38.0,1,2,1,2,2,1,2,1,1,1,2,1,1,1,1,2,2,1,1,1,1,1,2,2,1,1,1,2,2,1,1,2,1,1,1,2,1,1,1,1
136,1,4,3,5,5,2,3,5,5,3,50.0,,4.0,,,,,5.0,5.0,2.0,6.0,,1.0,16.0,,,1.0,,,,,,,4.0,4.0,4.0,10.0,,1.0,,,9.0,,1.0,,,6.0,1.0,1.0,1.0,1.0,1.0,1.0,1.0,1.0,1.0,1.0,,,,,,,7,2,4,5,2,7,7,7,2,1,29.0,36.0,42.0,33.0,45.0,31.0,74.0,65.0,75.0,44.0,2,2,2,1,2,1,2,1,1,2,1,2,2,2,1,2,1,1,2,2,1,2,1,2,2,2,1,2,2,2,2,2,2,1,2,2,1,2,2,2
931,1,3,2,3,5,2,4,4,1,4,,80.0,4.0,,,,,2.0,3.0,2.0,5.0,,,,2.0,,1.0,,,,3.0,2.0,3.0,,,,0.0,,,2.0,1.0,,,,1.0,,3.0,,,,,,,,,,,1.0,1.0,2.0,1.0,2.0,1.0,6,1,1,1,1,6,6,6,1,2,19.0,48.0,60.0,40.0,68.0,33.0,87.0,84.0,72.0,75.0,2,1,2,1,1,2,2,1,2,2,2,2,2,2,2,1,2,2,2,2,2,2,2,2,1,2,1,2,2,2,2,2,2,1,1,2,2,2,2,2
842,4,4,5,5,5,5,5,4,2,3,56.0,,,3.0,,,,3.0,3.0,3.0,,7.0,1.0,20.0,,,1.0,2.0,5.0,3.0,,,,,,,19.0,,1.0,,3.0,,,1.0,,5.0,,,,,,,,,,,,1.0,1.0,2.0,1.0,2.0,1.0,7,5,3,3,2,3,5,5,3,1,60.0,50.0,50.0,50.0,30.0,50.0,30.0,40.0,50.0,20.0,2,2,2,2,2,1,2,2,1,1,1,2,1,2,2,2,1,2,2,2,2,2,2,1,2,2,1,2,2,1,2,1,1,2,2,2,2,2,2,2
143,4,4,4,5,5,5,3,5,2,3,30.0,,3.0,,3.0,4.0,4.0,,,,,5.0,2.0,10.0,,1.0,,3.0,5.0,5.0,,,,,,,,6.0,1.0,,,6.0,,,1.0,,4.0,1.0,1.0,1.0,1.0,1.0,2.0,2.0,2.0,2.0,2.0,,,,,,,6,1,2,2,1,6,6,6,3,2,62.0,71.0,96.0,53.0,81.0,40.0,64.0,97.0,59.0,87.0,2,2,1,2,1,2,2,2,2,1,1,2,1,2,1,2,2,1,2,1,2,2,1,2,2,1,2,2,2,1,2,1,2,2,2,2,1,2,2,1
15,5,2,5,4,4,3,5,5,5,4,80.0,,4.0,,2.0,3.0,3.0,,,,3.0,,,,2.0,,2.0,,,,,,,4.0,5.0,5.0,,10.0,,1.0,3.0,,,,2.0,,3.0,1.0,1.0,2.0,1.0,1.0,2.0,1.0,1.0,1.0,2.0,,,,,,,7,1,2,2,3,7,7,7,1,2,25.0,10.0,15.0,40.0,45.0,15.0,95.0,90.0,70.0,60.0,2,2,2,2,2,2,2,2,2,1,2,2,2,2,2,2,2,2,2,2,2,2,2,2,2,2,2,2,2,1,2,2,2,2,2,2,2,2,2,2
883,4,4,4,4,3,3,4,3,3,3,70.0,,,2.0,,,,4.0,3.0,5.0,6.0,,1.0,20.0,,1.0,,3.0,2.0,3.0,,,,,,,20.0,,,2.0,,,4.0,,2.0,2.0,,1.0,1.0,1.0,1.0,1.0,1.0,1.0,1.0,1.0,1.0,,,,,,,6,7,6,6,6,5,6,5,3,1,63.0,58.0,63.0,51.0,55.0,46.0,70.0,47.0,44.0,56.0,2,1,2,2,1,2,1,2,2,2,1,1,2,2,1,2,1,2,2,2,1,2,2,2,2,2,2,2,2,2,2,2,2,2,1,1,2,2,2,1
217,3,1,3,3,3,3,3,5,4,3,94.0,,1.0,,2.0,4.0,3.0,,,,4.0,,,,2.0,1.0,,,,,,,,4.0,1.0,1.0,5.0,,1.0,,5.0,,,1.0,,1.0,,1.0,1.0,1.0,1.0,1.0,1.0,1.0,1.0,1.0,1.0,,,,,,,5,4,5,4,3,3,5,4,1,2,19.0,30.0,11.0,46.0,13.0,13.0,25.0,78.0,35.0,8.0,2,1,2,2,1,2,1,1,2,1,2,2,1,2,2,2,2,1,1,2,2,1,2,1,1,2,1,2,1,2,2,1,1,1,1,2,2,1,2,1
364,1,1,1,1,1,1,5,5,5,5,63.0,,4.0,,1.0,1.0,1.0,,,,6.0,,,,2.0,1.0,,,,,,,,4.0,5.0,5.0,,5.0,1.0,,4.0,,,,1.0,,1.0,,,,,,,,,,,1.0,1.0,1.0,2.0,2.0,1.0,7,4,1,1,1,6,7,7,3,1,30.0,27.0,45.0,31.0,24.0,0.0,100.0,100.0,100.0,100.0,2,2,1,2,1,2,2,2,2,1,2,2,1,1,2,1,1,1,2,1,2,2,2,1,2,2,1,2,1,2,2,1,2,1,2,2,2,1,1,2
578,4,5,4,5,4,5,4,5,2,1,,30.0,,3.0,3.0,4.0,5.0,,,,,6.0,,,2.0,1.0,,,,,2.0,5.0,4.0,,,,5.0,,,2.0,,,3.0,,2.0,,4.0,,,,,,,,,,,1.0,1.0,1.0,1.0,1.0,1.0,6,1,5,5,5,6,6,6,3,1,72.0,60.0,84.0,48.0,70.0,62.0,85.0,62.0,39.0,25.0,2,2,1,2,2,2,2,2,2,2,2,1,2,2,1,2,2,2,1,1,2,1,2,2,2,2,1,1,1,1,1,2,2,1,2,1,1,1,2,1
182,2,1,3,1,4,1,1,1,5,2,,30.0,4.0,,3.0,3.0,4.0,,,,,4.0,,,2.0,1.0,,,,,,,,4.0,2.0,3.0,20.0,,1.0,,,9.0,,1.0,,,2.0,1.0,1.0,1.0,1.0,1.0,1.0,1.0,1.0,1.0,1.0,,,,,,,6,4,4,1,1,5,6,7,3,1,25.0,5.0,20.0,25.0,80.0,33.0,40.0,35.0,95.0,85.0,2,1,2,1,1,1,1,2,2,2,1,1,2,2,2,2,2,2,2,1,2,2,1,2,2,2,2,2,2,2,2,1,1,1,1,2,2,2,1,2
149,3,3,4,4,4,3,5,5,3,2,70.0,,3.0,,,,,2.0,3.0,2.0,6.0,,1.0,38.0,,,2.0,1.0,4.0,2.0,,,,,,,20.0,,,2.0,,,1.0,1.0,,4.0,,,,,,,,,,,,1.0,1.0,1.0,1.0,2.0,2.0,5,4,4,5,4,5,5,6,3,1,35.0,10.0,45.0,30.0,75.0,45.0,95.0,100.0,55.0,25.0,2,2,1,1,2,1,2,1,2,2,2,2,1,2,2,2,2,1,2,2,2,1,1,2,1,2,2,1,2,2,2,2,2,2,1,2,2,2,2,1
626,4,4,5,5,5,5,4,4,2,5,70.0,,4.0,,,,,3.0,3.0,1.0,,6.0,1.0,53.0,,,2.0,,,,,,,4.0,5.0,3.0,,14.0,,2.0,,,4.0,,2.0,,5.0,1.0,1.0,2.0,2.0,2.0,1.0,1.0,2.0,1.0,2.0,,,,,,,6,4,5,5,2,5,5,5,1,1,66.0,68.0,65.0,73.0,76.0,67.0,64.0,64.0,52.0,76.0,1,1,2,2,1,2,1,2,1,1,1,1,2,1,2,1,1,2,1,2,1,1,2,1,2,1,1,1,1,2,1,1,1,1,2,2,2,2,2,1
755,4,4,4,4,4,4,4,3,3,3,,30.0,,3.0,5.0,5.0,4.0,,,,,,1.0,50.0,,1.0,,,,,4.0,5.0,5.0,,,,15.0,,,1.0,,,2.0,,1.0,4.0,,,,,,,,,,,,1.0,1.0,2.0,1.0,1.0,1.0,6,2,6,5,2,6,6,5,2,2,29.0,73.0,44.0,64.0,58.0,76.0,75.0,65.0,25.0,53.0,2,2,2,1,1,2,1,2,2,1,1,1,1,1,1,1,1,2,1,1,2,2,2,1,2,2,1,2,1,2,2,1,2,1,2,2,1,1,1,1
848,4,4,2,5,5,5,5,5,1,5,,85.0,5.0,,,,,4.0,5.0,4.0,,7.0,1.0,20.0,,,2.0,4.0,5.0,6.0,,,,,,,,8.0,1.0,,,,2.0,2.0,,6.0,,1.0,1.0,1.0,1.0,1.0,1.0,1.0,1.0,1.0,1.0,,,,,,,6,2,3,3,2,5,6,6,2,2,60.0,26.0,15.0,77.0,90.0,25.0,72.0,92.0,46.0,93.0,2,1,1,2,2,2,1,1,2,1,1,2,2,1,1,1,1,1,1,1,1,1,1,2,2,1,2,1,1,1,1,1,1,2,1,1,1,1,1,2
794,4,4,5,5,5,5,5,5,1,3,50.0,,,2.0,3.0,2.0,3.0,,,,5.0,,1.0,48.0,,,2.0,,,,,,,1.0,4.0,5.0,20.0,,1.0,,,6.0,,,2.0,5.0,,,,,,,,,,,,1.0,1.0,1.0,1.0,1.0,1.0,6,2,2,5,3,5,5,5,2,1,40.0,30.0,40.0,28.0,28.0,42.0,60.0,46.0,57.0,65.0,1,2,2,1,2,1,1,1,1,2,1,2,1,1,2,1,1,1,1,1,2,1,2,1,1,2,1,2,1,1,2,1,2,2,1,1,2,1,2,2
188,3,4,3,4,4,4,4,3,3,2,90.0,,4.0,,,,,3.0,4.0,2.0,,6.0,,,2.0,1.0,,,,,,,,2.0,4.0,5.0,,12.0,2.0,,,9.0,,,1.0,4.0,,,,,,,,,,,,1.0,1.0,2.0,1.0,1.0,2.0,5,2,3,2,4,4,5,6,3,1,40.0,60.0,50.0,47.0,55.0,20.0,65.0,75.0,70.0,40.0,2,2,2,2,1,2,1,2,2,2,2,1,2,2,1,1,1,2,2,2,1,2,1,2,2,1,2,2,1,2,1,2,2,2,2,1,2,1,2,2
401,5,5,5,4,5,5,5,5,1,5,,30.0,4.0,,,,,3.0,4.0,2.0,5.0,,1.0,50.0,,1.0,,1.0,2.0,2.0,,,,,,,,20.0,1.0,,,10.0,,,2.0,4.0,,,,,,,,,,,,1.0,1.0,1.0,1.0,2.0,2.0,7,4,4,4,5,5,6,6,1,1,70.0,70.0,60.0,40.0,40.0,60.0,90.0,70.0,50.0,100.0,1,1,2,1,2,1,1,2,2,1,2,1,2,1,2,2,1,1,2,2,1,2,1,2,2,2,2,2,2,2,1,1,1,2,1,2,2,2,1,1
572,5,5,5,5,5,5,5,5,5,5,,82.0,,6.0,,,,6.0,6.0,6.0,,2.0,2.0,6.0,,1.0,,,,,,,,4.0,5.0,5.0,20.0,,,1.0,,,2.0,,1.0,,5.0,1.0,1.0,1.0,1.0,1.0,1.0,1.0,1.0,1.0,1.0,,,,,,,7,1,3,7,3,1,1,1,2,1,100.0,81.0,100.0,86.0,85.0,82.0,77.0,91.0,74.0,99.0,2,1,1,1,2,2,2,1,2,2,2,1,1,1,2,1,1,1,2,1,2,1,2,1,1,1,1,2,2,2,1,2,2,2,1,1,2,2,1,1
889,5,3,5,5,4,5,5,5,1,2,,25.0,3.0,,,,,4.0,3.0,1.0,,7.0,1.0,42.0,,1.0,,,,,4.0,4.0,4.0,,,,,18.0,1.0,,3.0,,,,2.0,,6.0,1.0,1.0,1.0,1.0,1.0,1.0,1.0,1.0,1.0,1.0,,,,,,,7,2,5,6,5,7,7,6,3,2,55.0,15.0,40.0,65.0,75.0,50.0,70.0,35.0,35.0,75.0,2,1,2,2,2,1,2,2,2,2,2,2,1,2,2,2,2,1,1,2,1,2,2,1,2,2,1,2,2,2,2,1,2,2,2,1,2,2,1,2
474,5,5,5,5,3,3,5,5,1,5,,71.0,,3.0,,,,4.0,4.0,4.0,,6.0,1.0,45.0,,,2.0,,,,5.0,5.0,2.0,,,,,20.0,,2.0,8.0,,,1.0,,,4.0,,,,,,,,,,,1.0,1.0,2.0,2.0,2.0,1.0,7,5,5,5,1,6,7,5,3,1,45.0,15.0,30.0,40.0,20.0,79.0,40.0,95.0,95.0,50.0,2,2,2,2,1,2,1,1,2,1,1,2,2,2,2,2,2,2,2,1,2,1,2,1,2,2,2,1,1,1,1,2,1,1,1,1,2,2,2,2
507,1,4,5,5,5,3,3,3,3,3,50.0,,4.0,,3.0,3.0,3.0,,,,1.0,,1.0,54.0,,,1.0,,,,,,,5.0,5.0,6.0,5.0,,,1.0,,2.0,,2.0,,,4.0,,,,,,,,,,,1.0,1.0,1.0,1.0,2.0,2.0,5,6,1,1,1,2,1,1,2,2,0.0,80.0,80.0,95.0,90.0,50.0,50.0,0.0,100.0,100.0,2,1,1,2,1,1,1,1,1,1,1,1,1,1,1,2,2,1,1,1,1,2,2,1,2,2,1,2,1,1,2,2,1,1,2,2,2,1,2,2
692,1,1,3,1,5,1,1,1,5,5,,30.0,2.0,,,,,5.0,3.0,2.0,6.0,,,,2.0,,2.0,1.0,2.0,2.0,,,,,,,15.0,,1.0,,3.0,,,,2.0,2.0,,1.0,1.0,1.0,1.0,1.0,1.0,1.0,1.0,1.0,1.0,,,,,,,6,2,5,3,3,5,6,6,1,1,3.0,10.0,20.0,3.0,90.0,10.0,60.0,25.0,80.0,90.0,2,2,2,2,2,2,1,2,1,1,2,2,2,2,1,1,1,2,2,2,2,2,2,2,2,1,1,2,2,2,2,2,2,2,2,2,2,2,2,2
268,5,4,4,5,5,5,5,5,2,1,,40.0,,2.0,3.0,1.0,2.0,,,,6.0,,1.0,20.0,,1.0,,,,,4.0,4.0,3.0,,,,,0.0,,2.0,,,2.0,2.0,,5.0,,,,,,,,,,,,1.0,1.0,1.0,1.0,1.0,1.0,6,2,5,5,2,6,5,3,2,1,55.0,41.0,50.0,31.0,49.0,31.0,61.0,68.0,53.0,34.0,2,1,1,2,1,2,1,2,2,1,2,2,1,2,2,2,1,2,1,2,2,1,1,2,1,1,2,2,1,1,1,2,1,1,1,1,2,1,1,2
653,1,3,2,1,4,1,4,2,1,3,73.0,,,5.0,4.0,6.0,5.0,,,,,6.0,2.0,10.0,,1.0,,,,,4.0,5.0,5.0,,,,12.0,,2.0,,3.0,,,,1.0,,5.0,1.0,2.0,1.0,1.0,1.0,2.0,2.0,2.0,2.0,1.0,,,,,,,6,1,2,3,1,7,6,5,3,2,12.0,26.0,30.0,62.0,68.0,44.0,65.0,82.0,73.0,62.0,1,2,1,1,1,1,2,1,1,1,1,2,2,1,1,1,2,2,1,1,1,2,2,1,1,2,2,2,2,1,1,1,2,2,2,2,1,2,2,2
720,1,3,1,1,3,1,3,3,5,3,,49.0,4.0,,,,,5.0,4.0,2.0,,6.0,,,2.0,,2.0,,,,,,,2.0,4.0,5.0,,15.0,,2.0,,,2.0,,2.0,,5.0,2.0,2.0,1.0,1.0,1.0,1.0,2.0,1.0,1.0,1.0,,,,,,,5,4,4,4,5,5,6,5,1,1,8.0,4.0,4.0,18.0,34.0,10.0,35.0,23.0,68.0,58.0,2,2,2,1,1,2,1,2,2,1,2,2,2,1,1,1,2,2,2,2,2,2,2,1,2,1,2,1,2,2,2,1,1,2,1,2,2,2,2,2
