TWIN_ID,False Cons. self _1,False Cons. self _2,False Cons. self _3,False Cons. self _4,False Cons. self _5,False Cons. self _6,False Cons. self _7,False Cons. self _8,False Cons. self _9,False Cons. self _10,Q156_1,Form A _1,Q158,Q157,Q160_1,Q160_2,Q160_3,Q159_1,Q159_2,Q159_3,Q162,Q161,Q163,Q164,Q165,Q167,Q169,Q171,Q174,Q177,Q172,Q175,Q178,Q173,Q176,Q179,Q181,Q182,Q183,Q184,Q189,Q190,Q191,Q192,Q193,Q194,Q195,Q198_1,Q198_2,Q198_3,Q198_4,Q198_5,Q198_6,Q198_7,Q198_8,Q198_9,Q198_10,Q203_1,Q203_2,Q203_3,Q203_4,Q203_5,Q203_6,nonseparabilty bene _1,nonseparabilty bene _2,nonseparabilty bene _3,nonseparabilty bene _4,nonseparability ris _1,nonseparability ris _2,nonseparability ris _3,nonseparability ris _4,Omission bias ,Denominator neglect ,False cons. others _1,False cons. others _2,False cons. others _3,False cons. others _4,False cons. others _5,False cons. others _6,False cons. others _7,False cons. others _10,False cons. others _11,False cons. others _12,1_Q295,2_Q295,3_Q295,4_Q295,5_Q295,6_Q295,7_Q295,8_Q295,9_Q295,10_Q295,11_Q295,12_Q295,13_Q295,14_Q295,15_Q295,16_Q295,17_Q295,18_Q295,19_Q295,20_Q295,21_Q295,22_Q295,23_Q295,24_Q295,25_Q295,26_Q295,27_Q295,28_Q295,29_Q295,30_Q295,31_Q295,32_Q295,33_Q295,34_Q295,35_Q295,36_Q295,37_Q295,38_Q295,39_Q295,40_Q295
1634,4,4,5,2,4,4,5,3,2,2,30.0,,,2.0,,,,5.0,4.0,2.0,,6.0,1.0,54.0,,1.0,,,,,4.0,5.0,5.0,,,,15.0,,,2.0,4.0,,,,1.0,5.0,,,,,,,,,,,,1.0,1.0,1.0,1.0,1.0,1.0,6,3,2,2,2,4,6,6,3,2,60.0,55.0,70.0,30.0,50.0,55.0,70.0,40.0,30.0,30.0,1,2,1,1,1,2,2,1,2,1,2,1,1,1,2,1,2,2,2,2,1,2,1,1,2,2,1,1,2,1,1,1,1,2,1,1,2,1,2,1
1747,4,4,4,3,3,3,4,2,2,2,,30.0,2.0,,3.0,3.0,4.0,,,,,6.0,1.0,54.0,,1.0,,4.0,4.0,5.0,,,,,,,,10.0,,1.0,,4.0,,1.0,,5.0,,,,,,,,,,,,1.0,1.0,1.0,1.0,1.0,1.0,6,3,3,3,2,4,5,5,3,2,60.0,55.0,55.0,40.0,40.0,40.0,50.0,30.0,30.0,30.0,2,1,1,1,2,1,2,1,2,1,2,1,1,1,2,2,1,1,1,2,1,1,2,1,1,2,1,1,2,1,2,2,2,1,1,2,1,1,2,1
1028,5,5,5,5,5,5,5,5,2,2,,30.0,6.0,,,,,3.0,4.0,2.0,6.0,,,,1.0,1.0,,,,,,,,5.0,5.0,5.0,,10.0,,1.0,,4.0,,,1.0,,5.0,1.0,1.0,1.0,1.0,1.0,1.0,1.0,1.0,1.0,1.0,,,,,,,6,3,4,4,1,4,5,5,3,2,80.0,75.0,85.0,80.0,75.0,80.0,85.0,70.0,30.0,30.0,1,1,1,2,2,1,2,2,1,1,2,2,1,2,1,2,1,1,1,1,2,2,1,2,1,2,1,1,1,1,1,2,1,2,1,1,1,1,2,1
234,4,4,4,4,4,4,4,3,2,2,,30.0,5.0,,,,,5.0,4.0,2.0,,6.0,1.0,54.0,,,2.0,4.0,5.0,5.0,,,,,,,15.0,,1.0,,4.0,,,1.0,,,5.0,1.0,1.0,1.0,1.0,1.0,1.0,1.0,1.0,1.0,1.0,,,,,,,6,3,3,3,1,4,6,6,3,2,60.0,55.0,60.0,55.0,50.0,50.0,55.0,40.0,30.0,30.0,2,2,2,1,1,1,1,2,1,2,2,1,2,1,2,1,2,1,2,1,1,1,1,1,2,2,2,1,1,2,1,1,2,1,2,1,2,1,1,1
347,5,5,5,4,4,5,5,4,2,2,30.0,,,2.0,4.0,4.0,2.0,,,,6.0,,1.0,54.0,,1.0,,2.0,5.0,5.0,,,,,,,,15.0,1.0,,4.0,,,,1.0,5.0,,,,,,,,,,,,1.0,1.0,1.0,1.0,1.0,1.0,6,3,3,3,2,4,5,5,3,2,75.0,70.0,80.0,60.0,55.0,70.0,75.0,50.0,40.0,40.0,1,2,2,1,1,2,2,2,2,1,1,2,1,1,2,2,2,1,1,1,2,1,1,1,2,2,1,1,2,1,2,2,1,1,1,1,1,1,1,1
428,5,5,5,5,5,5,5,5,1,1,,30.0,,2.0,,,,4.0,4.0,2.0,,6.0,1.0,54.0,,1.0,,,,,4.0,5.0,6.0,,,,15.0,,1.0,,,,3.0,2.0,,,6.0,,,,,,,,,,,1.0,1.0,1.0,1.0,1.0,1.0,6,3,3,3,3,5,6,6,4,2,85.0,85.0,90.0,90.0,85.0,90.0,90.0,85.0,20.0,20.0,1,1,1,1,1,1,2,2,2,2,2,2,1,1,2,1,2,1,1,2,1,2,2,1,1,1,2,1,2,1,1,2,2,1,2,1,1,1,1,2
36,5,5,5,5,5,5,5,5,1,1,30.0,,6.0,,4.0,4.0,5.0,,,,,7.0,,,1.0,,2.0,2.0,5.0,6.0,,,,,,,,15.0,1.0,,,4.0,,1.0,,5.0,,1.0,1.0,1.0,1.0,1.0,1.0,1.0,1.0,1.0,1.0,,,,,,,6,3,3,3,2,4,5,5,3,2,80.0,80.0,85.0,85.0,80.0,80.0,85.0,80.0,20.0,20.0,2,2,2,1,2,1,2,1,1,2,1,1,1,1,2,2,1,2,2,1,1,2,2,2,2,1,2,1,2,2,1,1,2,2,2,2,1,2,2,2
2047,5,5,5,2,3,5,5,2,2,2,,30.0,5.0,,3.0,4.0,2.0,,,,,6.0,,,1.0,1.0,,2.0,5.0,5.0,,,,,,,15.0,,,1.0,,6.0,,1.0,,,5.0,1.0,1.0,1.0,1.0,1.0,1.0,1.0,1.0,1.0,1.0,,,,,,,6,3,2,2,1,3,5,5,3,2,70.0,70.0,75.0,40.0,50.0,70.0,70.0,40.0,40.0,40.0,1,2,2,1,1,1,1,1,1,1,1,1,1,2,1,1,1,1,1,1,2,2,1,2,1,1,1,1,1,1,1,1,1,1,2,1,1,2,1,2
2,5,5,5,5,5,5,5,5,1,1,,30.0,4.0,,4.0,3.0,3.0,,,,6.0,,1.0,15.0,,1.0,,4.0,5.0,5.0,,,,,,,,15.0,,1.0,,5.0,,2.0,,5.0,,1.0,1.0,1.0,1.0,1.0,1.0,1.0,1.0,1.0,1.0,,,,,,,6,3,3,3,1,3,5,5,3,2,80.0,75.0,85.0,80.0,75.0,80.0,85.0,70.0,20.0,20.0,2,2,1,1,1,1,2,2,1,2,1,2,1,1,2,2,1,2,1,1,2,1,1,1,1,1,2,2,1,1,2,2,1,1,1,1,2,1,2,1
1929,4,4,4,3,4,4,4,3,2,2,30.0,,,2.0,5.0,4.0,3.0,,,,6.0,,1.0,54.0,,1.0,,,,,2.0,5.0,5.0,,,,15.0,,1.0,,,7.0,,,1.0,,5.0,,,,,,,,,,,1.0,1.0,1.0,1.0,1.0,1.0,6,3,3,3,2,4,5,5,3,2,60.0,55.0,55.0,40.0,45.0,50.0,50.0,35.0,30.0,30.0,2,2,1,1,1,2,2,1,1,2,2,2,2,2,2,2,2,1,1,1,2,2,1,1,2,2,2,1,1,1,1,2,1,1,2,2,1,2,1,1
1413,2,4,4,1,3,2,4,1,5,3,,30.0,,2.0,5.0,3.0,4.0,,,,6.0,,,,1.0,1.0,,,,,2.0,5.0,5.0,,,,15.0,,1.0,,4.0,,,,1.0,,5.0,1.0,1.0,1.0,1.0,1.0,1.0,1.0,1.0,1.0,1.0,,,,,,,6,3,3,3,2,4,5,5,3,2,40.0,50.0,50.0,20.0,30.0,40.0,50.0,20.0,60.0,30.0,2,1,1,1,1,1,2,1,1,2,1,1,1,1,2,1,2,1,2,1,1,1,1,1,1,1,1,1,1,1,1,1,1,1,1,1,1,1,1,1
1560,5,4,5,5,5,5,5,5,2,2,40.0,,,2.0,4.0,4.0,2.0,,,,6.0,,1.0,20.0,,,2.0,,,,4.0,5.0,5.0,,,,,15.0,1.0,,,,3.0,,1.0,5.0,,,,,,,,,,,,1.0,1.0,1.0,1.0,1.0,1.0,6,3,3,3,2,3,5,5,3,2,75.0,70.0,80.0,75.0,70.0,75.0,80.0,70.0,40.0,40.0,1,1,1,1,1,1,1,1,1,1,2,1,1,1,1,1,1,1,1,1,1,1,1,1,1,1,1,1,1,1,1,1,1,1,1,1,1,1,1,1
1786,5,5,5,5,5,5,5,5,1,1,20.0,,,2.0,4.0,3.0,2.0,,,,6.0,,,,1.0,,2.0,2.0,5.0,6.0,,,,,,,,15.0,1.0,,4.0,,,1.0,,5.0,,,,,,,,,,,,1.0,1.0,1.0,1.0,1.0,1.0,6,3,3,3,2,5,6,6,3,2,80.0,75.0,85.0,70.0,65.0,75.0,80.0,70.0,40.0,50.0,1,1,2,1,2,1,1,2,1,2,1,1,2,1,2,1,1,1,2,1,2,2,1,2,2,2,1,1,2,1,1,1,2,2,1,1,1,1,2,1
160,5,5,5,4,4,5,5,4,2,2,30.0,,5.0,,,,,5.0,4.0,2.0,,6.0,1.0,54.0,,,2.0,4.0,5.0,5.0,,,,,,,,15.0,1.0,,4.0,,,2.0,,5.0,,1.0,1.0,1.0,1.0,1.0,1.0,1.0,1.0,1.0,1.0,,,,,,,6,3,2,2,2,5,6,6,3,2,75.0,70.0,80.0,60.0,55.0,70.0,75.0,50.0,30.0,30.0,1,1,2,1,1,1,1,2,1,2,2,2,1,2,1,1,1,2,1,1,1,2,1,1,2,1,1,1,1,1,2,1,1,1,1,2,1,2,2,1
386,4,4,4,4,4,4,4,4,2,2,,35.0,,2.0,4.0,3.0,2.0,,,,6.0,,,,1.0,1.0,,,,,4.0,5.0,5.0,,,,15.0,,1.0,,,,3.0,,1.0,5.0,,1.0,1.0,1.0,1.0,1.0,1.0,1.0,1.0,1.0,1.0,,,,,,,5,2,2,2,2,4,5,5,3,2,60.0,60.0,60.0,60.0,60.0,60.0,60.0,60.0,40.0,40.0,2,2,2,1,1,2,1,1,2,1,1,2,1,2,2,1,1,1,1,2,1,2,2,1,1,2,1,2,1,1,2,2,1,2,1,1,2,1,1,2
912,5,4,5,4,4,5,5,4,2,2,,30.0,,2.0,3.0,4.0,5.0,,,,,6.0,1.0,54.0,,1.0,,,,,5.0,5.0,5.0,,,,,15.0,1.0,,4.0,,,,1.0,5.0,,,,,,,,,,,,1.0,1.0,1.0,1.0,1.0,1.0,6,3,2,2,2,4,5,5,3,2,70.0,60.0,75.0,55.0,50.0,65.0,70.0,55.0,40.0,40.0,1,2,2,1,1,1,2,1,2,1,2,1,1,2,1,1,1,2,2,1,2,1,2,1,2,1,1,1,2,1,1,2,2,1,1,1,1,1,1,2
861,4,4,5,4,4,4,5,4,2,2,,35.0,,2.0,,,,5.0,4.0,2.0,,6.0,,,1.0,,2.0,,,,4.0,5.0,5.0,,,,15.0,,,1.0,4.0,,,1.0,,5.0,,1.0,1.0,1.0,1.0,1.0,1.0,1.0,1.0,1.0,1.0,,,,,,,6,3,3,3,1,4,5,5,3,2,65.0,65.0,75.0,55.0,55.0,60.0,70.0,50.0,40.0,40.0,1,2,2,2,2,2,1,1,1,1,2,1,1,2,1,2,1,1,1,1,1,1,2,2,1,2,1,1,1,1,1,2,1,2,1,1,1,2,2,1
1680,5,5,5,5,5,5,5,5,1,1,20.0,,5.0,,4.0,3.0,3.0,,,,,6.0,,,1.0,,2.0,,,,5.0,5.0,5.0,,,,15.0,,1.0,,,,3.0,2.0,,,5.0,,,,,,,,,,,1.0,1.0,1.0,1.0,1.0,1.0,6,3,2,2,1,3,5,5,3,2,85.0,80.0,90.0,75.0,70.0,80.0,85.0,70.0,20.0,25.0,1,1,1,1,2,2,1,1,1,2,1,1,2,1,1,1,1,2,1,2,1,1,1,2,1,2,1,2,1,1,2,1,2,1,2,1,1,2,1,1
1309,5,5,5,4,4,5,5,4,2,2,,30.0,6.0,,4.0,3.0,5.0,,,,,6.0,,,1.0,1.0,,4.0,5.0,5.0,,,,,,,15.0,,1.0,,4.0,,,,1.0,,5.0,1.0,1.0,1.0,1.0,1.0,1.0,1.0,1.0,1.0,1.0,,,,,,,6,3,3,3,1,4,6,6,3,2,75.0,70.0,80.0,50.0,50.0,70.0,70.0,50.0,40.0,40.0,2,1,1,2,1,2,1,1,2,2,2,2,1,1,1,1,1,1,1,1,1,1,1,1,1,2,1,1,1,2,1,1,1,2,2,1,1,1,1,1
1466,5,5,5,2,3,5,5,4,2,2,,30.0,,2.0,4.0,3.0,3.0,,,,6.0,,1.0,54.0,,1.0,,1.0,5.0,5.0,,,,,,,,5.0,1.0,,,,3.0,,1.0,,5.0,1.0,1.0,1.0,1.0,1.0,1.0,1.0,1.0,1.0,1.0,,,,,,,6,3,4,3,1,5,6,6,3,2,70.0,70.0,75.0,40.0,50.0,70.0,70.0,50.0,40.0,40.0,2,1,1,2,2,1,1,1,1,1,1,1,1,2,1,1,1,1,1,1,1,1,1,1,1,1,1,1,1,1,1,1,1,1,1,1,1,1,1,1
1515,5,5,5,5,5,5,5,5,1,1,,30.0,5.0,,4.0,3.0,2.0,,,,,6.0,,,1.0,,2.0,,,,5.0,5.0,6.0,,,,,15.0,,1.0,5.0,,,1.0,,6.0,,,,,,,,,,,,1.0,1.0,1.0,1.0,1.0,1.0,6,2,3,3,2,5,6,6,4,2,80.0,80.0,85.0,85.0,80.0,80.0,85.0,80.0,20.0,20.0,1,1,1,1,1,1,1,1,2,1,1,1,1,1,1,1,1,1,1,1,1,1,1,1,1,1,1,1,1,1,1,1,1,1,1,1,1,1,1,1
280,5,5,5,5,5,5,5,5,1,1,30.0,,,5.0,4.0,3.0,3.0,,,,,6.0,,,1.0,,2.0,4.0,5.0,6.0,,,,,,,15.0,,1.0,,5.0,,,,1.0,,5.0,1.0,1.0,1.0,1.0,1.0,1.0,1.0,1.0,1.0,1.0,,,,,,,6,3,3,3,2,4,5,5,3,2,80.0,75.0,85.0,90.0,85.0,90.0,90.0,80.0,20.0,20.0,1,2,1,2,1,2,1,2,2,1,2,1,2,1,2,1,1,2,1,2,2,1,1,2,1,1,1,1,1,1,1,1,1,1,1,1,1,1,1,1
709,5,5,5,5,5,5,5,5,1,1,,30.0,,2.0,3.0,4.0,3.0,,,,6.0,,,,1.0,1.0,,,,,5.0,5.0,6.0,,,,15.0,,,1.0,4.0,,,,1.0,5.0,,1.0,1.0,1.0,1.0,1.0,1.0,1.0,1.0,1.0,1.0,,,,,,,6,3,2,2,2,4,5,5,3,2,80.0,80.0,85.0,85.0,80.0,85.0,85.0,80.0,20.0,20.0,1,1,1,1,1,2,2,2,1,1,1,2,1,2,2,1,1,2,1,1,1,1,1,1,2,1,1,1,1,1,1,1,1,1,1,1,1,2,1,1
115,5,5,5,5,5,5,5,4,2,2,30.0,,4.0,,,,,5.0,4.0,2.0,6.0,,1.0,54.0,,1.0,,,,,4.0,5.0,5.0,,,,,15.0,,1.0,,,3.0,,1.0,,5.0,1.0,1.0,1.0,1.0,1.0,1.0,1.0,1.0,1.0,1.0,,,,,,,6,2,3,3,1,5,6,6,3,2,80.0,75.0,85.0,80.0,75.0,80.0,85.0,70.0,40.0,40.0,1,1,1,1,2,1,1,2,1,2,1,1,1,1,1,1,1,1,1,1,1,1,1,1,1,1,1,1,1,1,1,1,1,1,1,1,1,1,1,1
82,5,5,5,5,5,5,5,5,2,2,30.0,,,2.0,4.0,3.0,3.0,,,,,6.0,,,1.0,1.0,,4.0,5.0,5.0,,,,,,,15.0,,1.0,,,,3.0,2.0,,5.0,,,,,,,,,,,,1.0,1.0,1.0,1.0,1.0,1.0,6,2,2,2,1,3,5,5,4,2,75.0,75.0,80.0,85.0,80.0,85.0,90.0,80.0,30.0,30.0,1,1,2,1,2,1,2,1,1,1,1,1,1,2,1,1,1,2,1,1,1,1,1,1,1,2,1,1,1,2,2,1,2,1,2,1,2,1,1,1
967,5,4,5,2,3,4,5,2,1,2,,30.0,6.0,,,,,4.0,5.0,2.0,6.0,,1.0,54.0,,1.0,,,,,4.0,5.0,5.0,,,,15.0,,1.0,,,,3.0,,1.0,5.0,,,,,,,,,,,,1.0,1.0,1.0,1.0,1.0,1.0,6,3,2,3,1,3,5,5,3,2,70.0,60.0,75.0,40.0,50.0,60.0,70.0,40.0,30.0,40.0,2,1,2,2,2,1,2,2,2,1,1,2,1,2,1,2,1,1,1,2,1,1,2,2,2,1,2,1,2,2,1,1,2,1,2,2,1,1,1,2
814,4,4,4,4,4,4,4,3,2,2,40.0,,5.0,,,,,5.0,4.0,3.0,6.0,,1.0,54.0,,,2.0,2.0,4.0,5.0,,,,,,,,15.0,1.0,,,,3.0,,1.0,,5.0,1.0,1.0,1.0,1.0,1.0,1.0,1.0,1.0,1.0,1.0,,,,,,,6,3,3,3,1,5,6,6,3,2,60.0,55.0,60.0,55.0,50.0,55.0,50.0,40.0,35.0,35.0,1,1,1,1,1,1,1,1,1,1,1,1,1,1,1,1,1,1,1,1,1,1,1,1,1,1,1,1,1,1,1,1,1,1,1,1,1,1,1,1
1641,5,5,5,4,4,5,5,3,2,2,,30.0,,2.0,,,,5.0,4.0,2.0,6.0,,1.0,54.0,,1.0,,,,,,,,4.0,5.0,5.0,,15.0,1.0,,,4.0,,1.0,,,5.0,,,,,,,,,,,1.0,1.0,1.0,1.0,1.0,1.0,6,3,2,2,2,5,6,6,3,2,70.0,65.0,75.0,50.0,55.0,70.0,75.0,40.0,30.0,30.0,1,2,1,1,2,1,1,1,2,2,2,1,2,1,2,1,2,1,1,2,1,1,2,2,2,1,2,2,1,1,2,1,1,1,1,2,1,1,1,1
1732,5,5,5,5,5,5,5,5,2,2,30.0,,4.0,,,,,5.0,4.0,2.0,,6.0,,,1.0,,2.0,,,,,,,4.0,5.0,5.0,15.0,,,1.0,4.0,,,1.0,,,5.0,1.0,1.0,1.0,1.0,1.0,1.0,1.0,1.0,1.0,1.0,,,,,,,6,3,3,3,1,4,6,6,3,2,75.0,70.0,80.0,75.0,70.0,75.0,80.0,70.0,40.0,40.0,1,2,1,2,1,1,1,1,1,2,2,1,1,2,1,1,2,1,2,1,2,1,2,1,1,1,2,1,2,1,2,2,1,1,2,2,1,1,2,1
241,4,4,5,4,4,4,5,4,2,2,,30.0,,2.0,4.0,3.0,3.0,,,,,6.0,,,1.0,,2.0,,,,,,,4.0,5.0,5.0,15.0,,1.0,,4.0,,,1.0,,5.0,,1.0,1.0,1.0,1.0,1.0,1.0,1.0,1.0,1.0,1.0,,,,,,,6,3,2,2,1,3,4,4,3,2,65.0,60.0,70.0,55.0,50.0,60.0,70.0,50.0,40.0,40.0,1,1,1,2,1,2,2,1,2,1,1,2,1,1,2,2,2,1,1,1,1,1,1,2,2,1,1,1,2,1,1,1,2,1,1,2,2,2,2,1
332,4,4,4,3,3,4,4,3,2,2,,30.0,,2.0,5.0,4.0,3.0,,,,,6.0,,,1.0,1.0,,2.0,4.0,5.0,,,,,,,,10.0,1.0,,,,3.0,2.0,,5.0,,1.0,1.0,1.0,1.0,1.0,1.0,1.0,1.0,1.0,1.0,,,,,,,6,3,3,3,1,4,5,5,3,2,60.0,55.0,55.0,40.0,40.0,55.0,55.0,40.0,30.0,30.0,1,2,1,1,2,1,2,1,1,1,1,1,2,1,1,2,1,1,2,1,1,2,1,1,1,2,1,2,1,2,1,1,2,1,1,2,1,1,2,1
2032,5,5,5,5,5,5,5,5,2,2,,30.0,6.0,,,,,5.0,4.0,2.0,6.0,,,,1.0,,2.0,,,,,,,4.0,5.0,5.0,,15.0,,1.0,4.0,,,2.0,,5.0,,,,,,,,,,,,1.0,1.0,1.0,1.0,1.0,1.0,6,2,3,3,1,3,5,5,3,2,75.0,70.0,80.0,75.0,70.0,75.0,80.0,70.0,40.0,40.0,1,1,2,1,1,2,1,2,1,2,2,1,1,1,1,1,2,1,2,1,1,1,1,1,1,1,1,1,1,2,2,1,1,2,1,2,2,1,1,1
43,5,5,5,5,5,5,5,4,2,2,,30.0,,2.0,,,,5.0,4.0,2.0,,6.0,1.0,54.0,,,2.0,,,,,,,2.0,5.0,5.0,,15.0,,1.0,3.0,,,,1.0,,5.0,,,,,,,,,,,1.0,1.0,1.0,1.0,1.0,1.0,6,3,2,2,1,4,5,5,3,2,75.0,70.0,80.0,75.0,70.0,75.0,80.0,60.0,40.0,40.0,1,1,2,1,1,1,1,1,1,1,1,1,1,1,1,2,1,1,1,1,2,1,1,1,1,1,2,1,1,1,1,1,1,1,1,1,1,1,1,1
88,5,5,5,3,3,5,5,2,2,2,,30.0,,2.0,,,,5.0,4.0,2.0,,6.0,1.0,54.0,,1.0,,,,,2.0,5.0,5.0,,,,,15.0,1.0,,,,3.0,,1.0,5.0,,,,,,,,,,,,1.0,1.0,1.0,1.0,1.0,1.0,6,3,3,3,2,4,5,5,3,2,70.0,70.0,70.0,50.0,50.0,70.0,70.0,30.0,30.0,30.0,1,1,1,1,1,1,2,1,1,1,2,1,2,1,1,1,2,1,1,2,1,1,2,1,1,1,1,1,1,1,1,1,1,1,1,1,1,1,1,1
1997,5,5,5,5,5,5,5,5,2,2,,30.0,,2.0,,,,6.0,5.0,2.0,6.0,,1.0,54.0,,1.0,,,,,,,,5.0,5.0,6.0,18.0,,1.0,,,5.0,,2.0,,,5.0,,,,,,,,,,,1.0,1.0,1.0,1.0,1.0,1.0,6,2,3,3,1,5,6,6,3,2,85.0,80.0,90.0,85.0,80.0,85.0,90.0,85.0,30.0,30.0,2,1,1,1,2,1,1,1,1,1,1,1,1,1,1,1,1,1,1,1,1,1,2,1,1,1,1,2,1,1,1,1,1,2,2,1,1,1,1,2
1270,5,5,5,2,4,5,5,2,1,1,30.0,,,2.0,4.0,3.0,3.0,,,,,6.0,1.0,54.0,,1.0,,,,,,,,4.0,5.0,6.0,15.0,,,2.0,,5.0,,1.0,,5.0,,,,,,,,,,,,1.0,1.0,1.0,1.0,1.0,1.0,6,3,3,3,3,5,5,5,3,2,75.0,70.0,80.0,40.0,50.0,70.0,80.0,40.0,20.0,20.0,1,1,2,2,1,1,2,2,1,1,1,2,2,2,1,2,1,1,2,1,1,1,2,1,2,2,1,2,1,2,1,1,2,1,1,2,1,1,2,1
1303,5,5,5,5,5,5,5,5,1,1,,30.0,,2.0,4.0,3.0,3.0,,,,,6.0,1.0,54.0,,1.0,,,,,,,,5.0,5.0,6.0,15.0,,1.0,,4.0,,,2.0,,,6.0,1.0,1.0,1.0,1.0,1.0,1.0,1.0,1.0,1.0,1.0,,,,,,,6,3,3,3,2,4,6,6,3,2,75.0,75.0,80.0,80.0,75.0,80.0,80.0,70.0,30.0,30.0,1,2,2,1,1,2,1,1,1,2,2,1,2,1,2,1,1,1,1,1,2,1,1,1,2,1,1,1,1,2,1,1,1,1,1,1,1,2,1,1
1096,5,5,5,5,5,5,5,5,1,1,70.0,,6.0,,4.0,4.0,2.0,,,,,6.0,,,1.0,1.0,,5.0,5.0,6.0,,,,,,,,15.0,,1.0,4.0,,,,1.0,5.0,,1.0,1.0,1.0,1.0,1.0,1.0,1.0,1.0,1.0,1.0,,,,,,,6,3,3,3,1,5,5,5,4,2,80.0,80.0,85.0,80.0,75.0,80.0,80.0,75.0,20.0,20.0,1,1,1,1,1,1,1,1,1,1,1,1,1,1,1,1,1,1,1,1,1,1,1,1,1,1,1,1,1,1,1,1,1,1,1,1,1,1,1,1
670,5,5,5,5,5,5,5,5,1,1,,30.0,,4.0,,,,6.0,5.0,2.0,6.0,,,,1.0,1.0,,4.0,5.0,6.0,,,,,,,,15.0,1.0,,,4.0,,,1.0,,6.0,,,,,,,,,,,1.0,1.0,1.0,1.0,1.0,1.0,6,3,3,3,3,5,6,6,4,2,75.0,70.0,80.0,85.0,80.0,75.0,85.0,70.0,30.0,30.0,1,1,2,1,1,1,2,1,1,1,1,2,1,2,2,1,1,1,2,2,1,1,1,1,2,2,1,1,1,1,1,1,1,1,1,1,1,1,1,1
703,5,5,5,5,5,5,5,5,2,2,30.0,,6.0,,,,,5.0,4.0,2.0,6.0,,,,1.0,1.0,,,,,,,,4.0,5.0,5.0,,15.0,1.0,,4.0,,,2.0,,,5.0,1.0,1.0,1.0,1.0,1.0,1.0,1.0,1.0,1.0,1.0,,,,,,,6,3,2,2,2,5,6,6,3,2,75.0,70.0,75.0,70.0,65.0,70.0,75.0,60.0,40.0,40.0,1,1,2,2,1,2,1,1,1,2,1,1,1,1,1,1,1,1,1,1,1,1,1,1,1,1,1,1,1,1,1,1,1,1,2,2,1,1,1,1
496,5,5,5,4,4,5,5,4,2,2,,30.0,5.0,,,,,4.0,3.0,2.0,,6.0,1.0,54.0,,1.0,,4.0,5.0,5.0,,,,,,,15.0,,,1.0,,6.0,,2.0,,5.0,,,,,,,,,,,,1.0,1.0,1.0,1.0,1.0,1.0,6,3,3,3,2,5,5,5,3,2,75.0,70.0,80.0,60.0,55.0,75.0,80.0,50.0,40.0,40.0,1,1,1,1,1,1,1,1,1,1,1,1,1,1,1,1,1,1,1,1,1,1,1,1,1,1,1,1,1,1,1,1,1,1,1,1,1,1,1,1
2038,5,5,5,4,4,5,5,4,2,2,30.0,,,2.0,5.0,3.0,2.0,,,,,6.0,1.0,54.0,,,2.0,4.0,5.0,5.0,,,,,,,18.0,,,1.0,,4.0,,,1.0,5.0,,,,,,,,,,,,1.0,1.0,1.0,1.0,1.0,1.0,6,3,3,3,1,4,5,5,3,2,75.0,70.0,80.0,60.0,60.0,75.0,70.0,55.0,40.0,40.0,1,1,2,2,1,1,1,1,1,1,2,1,2,1,1,2,1,2,1,1,2,1,1,2,1,2,1,1,1,2,2,1,2,1,1,1,1,1,1,1
49,4,4,4,4,4,4,4,4,2,2,,30.0,,2.0,5.0,4.0,3.0,,,,,6.0,1.0,54.0,,1.0,,3.0,5.0,5.0,,,,,,,15.0,,,1.0,4.0,,,1.0,,5.0,,,,,,,,,,,,1.0,1.0,1.0,1.0,1.0,1.0,6,3,3,3,2,4,5,5,3,2,65.0,60.0,70.0,60.0,55.0,60.0,65.0,55.0,40.0,40.0,1,1,2,1,1,1,1,1,2,2,1,1,2,1,1,1,2,2,1,1,1,2,1,1,1,2,1,1,1,2,1,2,1,2,1,1,2,2,2,1
1956,5,5,5,5,5,5,5,5,1,1,30.0,,,2.0,,,,4.0,4.0,2.0,,6.0,,,1.0,,2.0,,,,,,,4.0,5.0,6.0,,15.0,1.0,,,4.0,,,1.0,5.0,,1.0,1.0,1.0,1.0,1.0,1.0,1.0,1.0,1.0,1.0,,,,,,,6,3,3,3,2,3,5,5,3,2,75.0,75.0,80.0,85.0,80.0,80.0,85.0,75.0,20.0,20.0,2,1,1,1,1,1,1,2,1,1,1,2,1,2,1,1,1,1,1,2,1,1,1,2,2,2,1,1,2,2,1,1,1,1,2,1,1,2,2,1
1825,5,5,5,5,5,5,5,5,1,1,,30.0,5.0,,3.0,3.0,4.0,,,,6.0,,,,1.0,1.0,,4.0,5.0,5.0,,,,,,,15.0,,,1.0,,5.0,,,1.0,,5.0,,,,,,,,,,,1.0,1.0,1.0,1.0,1.0,1.0,6,3,3,3,3,3,5,5,3,2,75.0,75.0,80.0,80.0,75.0,80.0,80.0,75.0,20.0,20.0,1,1,2,2,1,1,2,2,1,2,1,2,1,1,1,1,1,1,1,1,1,1,1,1,1,1,1,1,1,2,2,1,1,2,1,1,2,2,1,2
1057,5,5,5,5,5,5,5,5,1,1,30.0,,,5.0,,,,4.0,4.0,2.0,,6.0,,,1.0,1.0,,5.0,5.0,6.0,,,,,,,15.0,,,1.0,,5.0,,,1.0,6.0,,,,,,,,,,,,1.0,1.0,1.0,1.0,1.0,1.0,6,3,3,3,3,5,5,5,3,2,75.0,75.0,80.0,85.0,80.0,85.0,85.0,80.0,20.0,20.0,1,1,1,1,1,1,1,1,1,1,1,1,1,1,1,1,1,1,1,1,1,1,1,1,1,1,1,1,1,1,1,1,1,1,1,1,1,1,1,1
1124,5,5,5,5,5,5,5,5,1,1,30.0,,,4.0,,,,6.0,5.0,2.0,6.0,,1.0,54.0,,,2.0,2.0,5.0,5.0,,,,,,,15.0,,1.0,,,4.0,,,1.0,,5.0,,,,,,,,,,,1.0,1.0,1.0,1.0,1.0,1.0,6,3,3,3,3,5,6,6,3,2,80.0,75.0,85.0,80.0,75.0,80.0,85.0,70.0,20.0,20.0,1,2,1,2,1,2,2,1,1,2,1,2,1,2,1,2,2,1,1,2,1,1,2,1,1,2,1,2,1,1,1,2,1,2,1,1,2,1,1,1
1738,5,5,5,5,5,5,5,5,1,2,,30.0,,2.0,,,,5.0,4.0,2.0,6.0,,,,1.0,,2.0,,,,1.0,5.0,6.0,,,,,15.0,,1.0,4.0,,,,1.0,,5.0,1.0,1.0,1.0,1.0,1.0,1.0,1.0,1.0,1.0,1.0,,,,,,,6,3,3,3,1,3,5,5,3,2,85.0,80.0,85.0,80.0,75.0,80.0,85.0,75.0,20.0,30.0,1,1,1,1,2,2,1,2,2,2,2,1,2,1,1,2,1,1,1,2,1,1,2,1,1,1,1,2,1,1,1,1,1,1,1,2,2,1,1,1
457,5,4,5,2,3,4,5,2,1,2,40.0,,2.0,,,,,5.0,4.0,2.0,6.0,,1.0,54.0,,,2.0,,,,,,,2.0,5.0,5.0,15.0,,1.0,,,4.0,,1.0,,,5.0,1.0,1.0,1.0,1.0,1.0,1.0,1.0,1.0,1.0,1.0,,,,,,,6,3,2,2,2,5,6,6,3,2,70.0,65.0,75.0,40.0,50.0,60.0,70.0,30.0,20.0,30.0,1,1,2,1,1,1,1,1,1,1,2,1,1,1,1,1,1,1,1,1,1,1,1,1,1,1,1,1,1,1,1,1,1,1,1,1,1,1,2,1
524,5,5,5,5,5,5,5,5,2,2,,30.0,,6.0,,,,5.0,4.0,2.0,6.0,,,,1.0,1.0,,5.0,5.0,5.0,,,,,,,,15.0,,1.0,,4.0,,2.0,,6.0,,1.0,1.0,1.0,1.0,1.0,1.0,1.0,1.0,1.0,1.0,,,,,,,6,2,2,2,1,4,5,5,3,2,85.0,80.0,85.0,90.0,90.0,90.0,90.0,80.0,30.0,30.0,2,2,2,2,2,2,2,2,2,2,2,2,2,2,2,2,2,2,2,2,2,2,2,2,2,2,2,2,2,2,2,2,2,2,2,2,2,2,2,2
338,4,4,4,4,4,4,4,4,2,2,40.0,,,2.0,,,,5.0,4.0,2.0,6.0,,1.0,54.0,,,2.0,,,,4.0,5.0,6.0,,,,5.0,,1.0,,,,3.0,,1.0,5.0,,,,,,,,,,,,1.0,1.0,1.0,1.0,1.0,1.0,6,3,3,3,3,5,6,6,3,2,65.0,65.0,65.0,65.0,65.0,65.0,65.0,65.0,35.0,35.0,1,1,1,2,1,1,2,2,2,2,2,2,2,2,1,2,2,1,1,2,1,1,1,2,1,1,1,1,2,1,1,1,1,2,2,2,1,1,1,2
8,5,5,5,5,5,5,5,5,1,1,30.0,,5.0,,,,,6.0,5.0,2.0,6.0,,1.0,54.0,,1.0,,5.0,5.0,6.0,,,,,,,,15.0,1.0,,,,3.0,,1.0,6.0,,,,,,,,,,,,1.0,1.0,1.0,1.0,1.0,1.0,6,3,3,3,3,5,5,5,4,2,85.0,85.0,90.0,90.0,85.0,90.0,90.0,85.0,20.0,20.0,1,1,2,1,1,2,2,1,1,2,2,2,2,1,1,2,1,1,1,1,1,1,1,1,1,1,1,2,1,2,2,1,1,2,2,1,1,1,1,2
1923,5,5,5,5,5,5,5,5,2,2,30.0,,6.0,,,,,5.0,4.0,2.0,,6.0,1.0,54.0,,1.0,,,,,,,,5.0,5.0,6.0,15.0,,1.0,,,,3.0,,1.0,5.0,,,,,,,,,,,,1.0,1.0,1.0,1.0,1.0,1.0,6,3,3,3,1,3,5,5,4,2,80.0,75.0,85.0,70.0,65.0,75.0,80.0,70.0,40.0,40.0,1,1,1,2,1,1,1,2,1,2,2,1,1,2,1,1,1,2,1,2,2,1,1,2,2,1,1,1,2,1,1,1,1,2,2,1,2,2,2,2
1850,5,5,5,5,5,5,5,4,2,2,,30.0,6.0,,3.0,4.0,2.0,,,,,6.0,,,1.0,,2.0,,,,,,,4.0,5.0,5.0,15.0,,,1.0,4.0,,,,1.0,5.0,,1.0,1.0,1.0,1.0,1.0,1.0,1.0,1.0,1.0,1.0,,,,,,,6,3,3,3,1,4,5,5,3,2,80.0,75.0,85.0,70.0,65.0,75.0,80.0,60.0,40.0,50.0,1,1,2,1,1,2,1,1,2,1,2,2,1,1,1,1,1,1,1,2,1,1,1,1,1,1,1,2,1,1,1,1,2,1,1,1,1,1,1,1
1022,5,5,5,5,5,5,5,5,2,2,30.0,,5.0,,,,,6.0,4.0,2.0,6.0,,,,1.0,,2.0,4.0,5.0,6.0,,,,,,,,10.0,,1.0,,4.0,,,1.0,,5.0,1.0,1.0,1.0,1.0,1.0,1.0,1.0,1.0,1.0,1.0,,,,,,,6,3,3,3,2,5,5,5,3,2,75.0,75.0,80.0,85.0,80.0,85.0,90.0,80.0,30.0,30.0,1,1,2,2,1,2,2,1,1,2,1,1,2,1,1,1,1,1,1,2,1,2,1,1,1,2,2,1,1,2,1,1,2,1,1,1,1,2,1,2
1151,4,4,5,2,3,4,5,2,1,1,40.0,,5.0,,,,,5.0,4.0,2.0,,6.0,1.0,15.0,,,2.0,4.0,5.0,5.0,,,,,,,15.0,,,1.0,,,3.0,1.0,,,5.0,,,,,,,,,,,1.0,1.0,1.0,1.0,1.0,1.0,6,3,2,2,3,5,6,6,3,2,65.0,60.0,70.0,40.0,50.0,55.0,60.0,35.0,30.0,25.0,1,1,1,1,1,1,1,2,1,2,1,1,1,2,1,1,1,1,1,1,1,1,1,1,1,2,1,1,1,1,1,1,1,2,1,1,1,1,1,2
422,4,4,4,2,3,4,4,2,2,2,40.0,,,2.0,,,,5.0,4.0,2.0,,6.0,1.0,54.0,,1.0,,,,,,,,2.0,5.0,5.0,,15.0,1.0,,,,3.0,,1.0,5.0,,1.0,1.0,1.0,1.0,1.0,1.0,1.0,1.0,1.0,1.0,,,,,,,6,3,3,3,2,5,6,6,3,2,65.0,60.0,60.0,40.0,40.0,60.0,60.0,30.0,30.0,30.0,2,1,2,1,2,1,1,2,1,1,1,2,2,1,2,1,1,1,2,1,1,1,1,2,2,1,2,1,1,1,2,1,2,2,1,1,2,1,1,1
551,5,5,5,5,5,5,5,4,2,2,30.0,,5.0,,,,,5.0,3.0,2.0,6.0,,,,1.0,,2.0,4.0,5.0,5.0,,,,,,,,15.0,1.0,,5.0,,,,1.0,,5.0,1.0,1.0,1.0,1.0,1.0,1.0,1.0,1.0,1.0,1.0,,,,,,,6,3,3,3,1,4,5,5,3,2,75.0,70.0,80.0,75.0,70.0,75.0,80.0,65.0,40.0,40.0,2,1,1,2,1,1,1,1,1,2,1,1,1,2,1,1,1,2,2,1,2,1,1,1,2,1,1,2,2,1,2,2,1,1,1,2,1,2,1,1
918,5,5,5,4,4,5,5,4,2,3,40.0,,4.0,,3.0,4.0,3.0,,,,,6.0,,,1.0,1.0,,4.0,5.0,5.0,,,,,,,,12.0,,1.0,,,3.0,1.0,,,5.0,,,,,,,,,,,1.0,1.0,1.0,1.0,1.0,1.0,6,3,2,2,2,5,6,6,3,2,75.0,70.0,80.0,60.0,55.0,70.0,65.0,50.0,40.0,45.0,2,2,1,1,2,1,2,1,1,2,1,1,2,1,1,2,2,1,1,2,2,1,1,2,1,2,1,2,2,2,1,2,2,1,2,1,2,1,1,2
1891,5,5,5,5,5,5,5,4,2,2,30.0,,4.0,,3.0,4.0,5.0,,,,,6.0,1.0,54.0,,,2.0,4.0,5.0,5.0,,,,,,,,15.0,1.0,,,4.0,,,1.0,5.0,,1.0,1.0,1.0,1.0,1.0,1.0,1.0,1.0,1.0,1.0,,,,,,,6,2,3,3,1,3,5,5,3,2,75.0,70.0,80.0,75.0,70.0,75.0,80.0,65.0,40.0,40.0,1,1,1,1,1,1,2,1,1,1,1,1,1,1,1,1,1,1,1,1,1,1,1,1,1,1,1,1,1,1,1,1,1,1,1,1,1,1,1,1
1190,5,5,5,5,5,5,5,5,1,1,30.0,,,2.0,,,,5.0,4.0,2.0,6.0,,,,1.0,,2.0,,,,,,,2.0,5.0,5.0,,15.0,1.0,,,,3.0,2.0,,5.0,,,,,,,,,,,,1.0,1.0,1.0,1.0,1.0,1.0,6,3,3,3,2,5,6,6,3,2,75.0,70.0,80.0,75.0,70.0,75.0,80.0,70.0,30.0,30.0,1,1,2,1,2,1,1,1,1,1,1,2,2,1,1,1,2,1,1,2,1,1,2,1,1,1,2,2,1,1,1,1,1,2,2,2,2,1,1,1
1419,5,5,5,5,5,5,5,5,1,1,,30.0,5.0,,,,,5.0,4.0,2.0,,6.0,,,1.0,1.0,,,,,5.0,5.0,6.0,,,,15.0,,,1.0,5.0,,,,1.0,,6.0,,,,,,,,,,,1.0,1.0,1.0,1.0,1.0,1.0,6,3,3,3,3,5,6,6,4,2,85.0,85.0,90.0,90.0,90.0,90.0,90.0,90.0,10.0,10.0,1,1,2,1,2,2,1,1,1,2,2,1,2,1,1,1,1,1,1,2,2,1,1,1,2,1,1,1,1,2,1,2,1,1,2,1,1,2,1,2
1205,5,5,5,4,5,5,5,4,2,2,30.0,,4.0,,,,,5.0,4.0,2.0,6.0,,1.0,54.0,,,2.0,,,,4.0,5.0,5.0,,,,15.0,,,1.0,,,3.0,,1.0,,5.0,1.0,1.0,1.0,1.0,1.0,1.0,1.0,1.0,1.0,1.0,,,,,,,6,3,3,3,2,5,6,6,3,2,70.0,70.0,75.0,60.0,65.0,70.0,70.0,60.0,40.0,40.0,1,2,2,1,2,1,2,1,1,1,2,2,1,1,1,1,2,1,1,1,1,1,1,1,1,1,2,2,2,2,1,2,1,1,1,1,2,1,2,1
1376,5,5,5,5,5,5,5,5,2,2,,30.0,,2.0,,,,5.0,4.0,2.0,6.0,,,,1.0,,2.0,,,,,,,4.0,5.0,5.0,,15.0,1.0,,4.0,,,1.0,,,5.0,1.0,1.0,1.0,1.0,1.0,1.0,1.0,1.0,1.0,1.0,,,,,,,6,2,3,3,1,4,5,5,3,2,80.0,75.0,85.0,80.0,75.0,80.0,85.0,70.0,40.0,40.0,1,2,2,1,1,1,2,2,1,2,1,1,2,1,1,1,2,1,2,1,1,2,1,2,2,1,1,2,1,1,1,1,1,1,2,1,2,1,1,1
590,5,5,5,5,5,5,5,5,2,2,,30.0,6.0,,,,,5.0,4.0,2.0,,6.0,,,1.0,,2.0,,,,,,,4.0,5.0,5.0,10.0,,1.0,,,,3.0,2.0,,,5.0,,,,,,,,,,,1.0,1.0,1.0,1.0,1.0,1.0,6,2,3,3,1,3,5,5,3,2,85.0,80.0,85.0,80.0,75.0,80.0,85.0,75.0,40.0,40.0,1,2,1,2,1,1,2,2,2,1,1,2,2,1,1,1,2,1,2,1,2,1,1,1,1,2,1,2,1,1,2,1,1,2,1,1,1,2,1,1
605,5,5,5,5,5,5,5,5,1,1,30.0,,5.0,,3.0,4.0,2.0,,,,6.0,,,,1.0,1.0,,2.0,5.0,5.0,,,,,,,,10.0,,2.0,4.0,,,2.0,,,5.0,,,,,,,,,,,1.0,1.0,1.0,1.0,1.0,1.0,6,3,3,3,1,3,5,5,3,2,75.0,70.0,80.0,85.0,80.0,85.0,80.0,70.0,30.0,30.0,1,2,1,2,1,2,1,1,2,2,1,1,1,1,2,1,2,2,2,2,1,2,1,1,2,2,1,1,1,1,1,2,1,2,2,2,1,1,2,2
776,5,5,5,5,5,5,5,5,2,2,,30.0,4.0,,5.0,4.0,4.0,,,,,6.0,1.0,54.0,,1.0,,,,,4.0,5.0,5.0,,,,,15.0,1.0,,,,3.0,,1.0,,5.0,1.0,1.0,1.0,1.0,1.0,1.0,1.0,1.0,1.0,1.0,,,,,,,6,3,3,3,2,5,6,6,3,2,70.0,65.0,75.0,70.0,65.0,70.0,70.0,60.0,40.0,40.0,1,1,1,1,1,1,1,1,1,1,1,1,1,1,1,2,1,1,1,1,1,1,1,1,1,1,1,1,1,1,1,1,1,1,1,1,1,1,1,1
1912,5,5,5,5,5,5,5,5,1,1,,15.0,5.0,,4.0,4.0,2.0,,,,,6.0,,,1.0,,2.0,4.0,5.0,6.0,,,,,,,,15.0,,1.0,,,3.0,2.0,,5.0,,1.0,1.0,1.0,1.0,1.0,1.0,1.0,1.0,1.0,1.0,,,,,,,6,3,3,3,2,4,4,4,3,2,80.0,80.0,85.0,80.0,75.0,85.0,90.0,70.0,20.0,20.0,2,2,1,1,1,2,2,2,1,1,1,2,1,2,1,1,2,2,1,1,1,1,1,1,2,1,1,1,1,1,1,1,1,1,1,1,1,1,1,1
1861,5,5,5,5,5,5,5,5,2,2,30.0,,,2.0,,,,5.0,4.0,2.0,,6.0,,,1.0,,2.0,4.0,5.0,5.0,,,,,,,,10.0,,1.0,4.0,,,1.0,,5.0,,1.0,1.0,1.0,1.0,1.0,1.0,1.0,1.0,1.0,1.0,,,,,,,6,3,3,3,1,4,5,5,3,2,85.0,80.0,85.0,90.0,85.0,90.0,90.0,80.0,30.0,30.0,1,1,1,1,1,1,1,1,1,1,1,1,2,1,1,1,1,2,1,1,1,1,1,1,1,1,1,1,1,1,1,1,1,1,1,1,1,2,1,1
786,5,5,5,5,5,5,5,4,2,2,,30.0,,5.0,,,,5.0,4.0,2.0,,6.0,,,1.0,,2.0,4.0,5.0,5.0,,,,,,,18.0,,1.0,,6.0,,,1.0,,,6.0,1.0,1.0,1.0,1.0,1.0,1.0,1.0,1.0,1.0,1.0,,,,,,,6,3,3,3,1,5,6,6,3,2,80.0,75.0,85.0,80.0,75.0,80.0,85.0,70.0,40.0,40.0,1,1,1,2,1,1,2,1,1,2,2,1,1,1,2,1,1,1,2,1,2,1,2,1,2,1,2,1,1,1,1,2,1,2,1,1,1,2,1,1
413,5,5,5,5,5,5,5,5,1,1,,30.0,5.0,,3.0,3.0,4.0,,,,6.0,,1.0,54.0,,,2.0,,,,4.0,5.0,5.0,,,,15.0,,,1.0,,7.0,,1.0,,,6.0,1.0,1.0,1.0,1.0,1.0,1.0,1.0,1.0,1.0,1.0,,,,,,,6,3,2,3,2,5,6,5,3,2,75.0,75.0,80.0,70.0,70.0,75.0,80.0,70.0,20.0,20.0,1,1,1,1,1,1,1,1,1,2,1,1,1,1,1,1,1,1,1,1,1,1,1,1,1,1,1,1,1,1,1,1,1,1,1,1,1,1,1,1
560,5,5,5,4,4,5,5,4,2,2,30.0,,,2.0,,,,5.0,4.0,2.0,6.0,,1.0,54.0,,1.0,,4.0,5.0,5.0,,,,,,,,15.0,1.0,,5.0,,,,1.0,,5.0,1.0,1.0,1.0,1.0,1.0,1.0,1.0,1.0,1.0,1.0,,,,,,,6,3,3,3,1,5,5,5,3,2,70.0,70.0,75.0,60.0,60.0,70.0,70.0,60.0,40.0,40.0,1,1,1,1,1,1,1,1,1,1,1,1,1,1,1,1,1,1,1,1,1,1,1,1,1,1,1,1,1,1,1,1,1,1,1,1,1,1,1,1
1386,5,5,5,5,5,5,5,5,2,2,30.0,,4.0,,4.0,5.0,3.0,,,,6.0,,,,1.0,1.0,,,,,,,,5.0,5.0,6.0,15.0,,1.0,,5.0,,,2.0,,5.0,,1.0,1.0,1.0,1.0,1.0,1.0,1.0,1.0,1.0,1.0,,,,,,,6,3,3,3,1,5,6,6,3,2,85.0,80.0,85.0,80.0,75.0,85.0,80.0,70.0,40.0,40.0,1,1,1,1,1,1,2,1,1,1,1,1,1,1,1,1,1,1,1,1,1,1,1,1,1,1,1,1,1,1,1,1,1,1,1,1,1,1,1,1
1013,5,5,5,5,5,5,5,5,1,1,,30.0,6.0,,,,,4.0,5.0,2.0,,6.0,,,1.0,1.0,,,,,5.0,5.0,6.0,,,,15.0,,1.0,,,4.0,,,1.0,5.0,,1.0,1.0,1.0,1.0,1.0,1.0,1.0,1.0,1.0,1.0,,,,,,,6,3,3,3,2,4,5,5,3,2,85.0,80.0,85.0,90.0,85.0,90.0,90.0,80.0,20.0,20.0,2,1,2,1,1,1,1,1,1,2,2,1,1,1,2,1,1,1,1,1,1,1,1,1,1,1,1,1,1,1,1,1,1,1,1,1,1,1,1,1
1160,5,5,5,5,5,5,5,4,2,2,,30.0,,2.0,,,,5.0,4.0,2.0,,6.0,1.0,54.0,,,2.0,,,,,,,2.0,5.0,5.0,15.0,,,1.0,4.0,,,2.0,,5.0,,1.0,1.0,1.0,1.0,1.0,1.0,1.0,1.0,1.0,1.0,,,,,,,6,3,3,3,1,5,6,6,3,2,80.0,75.0,85.0,80.0,75.0,80.0,85.0,70.0,40.0,40.0,1,2,1,2,1,1,2,2,1,1,2,1,1,1,1,2,1,2,1,1,2,1,1,1,1,1,1,1,1,1,2,1,1,1,1,2,1,1,1,1
929,4,4,4,3,3,4,4,3,2,2,40.0,,5.0,,5.0,4.0,3.0,,,,,6.0,1.0,54.0,,1.0,,4.0,4.0,5.0,,,,,,,15.0,,1.0,,,4.0,,1.0,,5.0,,1.0,1.0,1.0,1.0,1.0,1.0,1.0,1.0,1.0,1.0,,,,,,,6,3,3,3,1,5,6,6,3,2,60.0,55.0,55.0,40.0,40.0,55.0,55.0,40.0,30.0,30.0,1,2,2,1,1,2,1,1,2,2,2,2,1,1,1,1,1,1,1,2,2,2,1,2,2,2,2,2,1,2,1,2,2,2,1,1,2,2,1,1
634,5,5,5,5,5,5,5,5,1,1,,30.0,5.0,,,,,4.0,4.0,2.0,,6.0,1.0,54.0,,,2.0,,,,,,,5.0,5.0,6.0,10.0,,,1.0,,6.0,,1.0,,5.0,,,,,,,,,,,,1.0,1.0,1.0,1.0,1.0,1.0,6,3,3,3,3,5,6,6,3,2,75.0,75.0,80.0,85.0,80.0,85.0,85.0,80.0,20.0,20.0,1,2,1,2,1,2,1,1,1,1,1,1,1,1,1,2,1,1,1,1,1,1,1,1,1,1,1,1,1,1,1,1,1,1,1,1,1,1,1,1
747,5,5,5,5,5,5,5,5,1,1,30.0,,,5.0,,,,4.0,3.0,2.0,6.0,,,,1.0,1.0,,4.0,5.0,5.0,,,,,,,15.0,,1.0,,,6.0,,2.0,,,6.0,1.0,1.0,1.0,1.0,1.0,1.0,1.0,1.0,1.0,1.0,,,,,,,6,3,3,3,2,4,5,5,3,2,75.0,75.0,80.0,85.0,80.0,85.0,85.0,80.0,20.0,20.0,1,1,1,1,1,1,2,2,1,2,1,1,1,1,1,1,1,2,2,2,1,1,1,1,1,1,1,1,1,1,1,1,1,1,1,1,1,2,1,1
1428,5,5,5,5,5,5,5,5,2,2,30.0,,5.0,,,,,4.0,3.0,2.0,,6.0,1.0,54.0,,,2.0,4.0,5.0,5.0,,,,,,,,15.0,1.0,,,4.0,,1.0,,5.0,,,,,,,,,,,,1.0,1.0,1.0,1.0,1.0,1.0,6,3,3,3,2,5,5,5,3,2,75.0,70.0,80.0,85.0,80.0,75.0,80.0,70.0,40.0,40.0,2,2,2,2,1,2,1,1,1,1,2,1,1,2,1,2,2,2,1,2,1,1,1,1,1,2,1,2,1,2,2,1,2,1,2,2,2,2,1,1
1234,5,5,5,5,5,5,5,5,1,1,20.0,,5.0,,4.0,4.0,3.0,,,,,6.0,,,1.0,1.0,,4.0,5.0,6.0,,,,,,,,15.0,,1.0,,,3.0,2.0,,5.0,,,,,,,,,,,,1.0,1.0,1.0,1.0,1.0,1.0,6,3,3,3,2,5,6,6,3,2,85.0,85.0,90.0,90.0,90.0,90.0,90.0,80.0,20.0,20.0,1,1,1,1,1,1,1,1,1,1,1,2,1,1,1,1,1,2,1,1,1,1,1,1,1,1,1,1,1,1,1,2,1,1,2,1,2,1,1,1
1347,5,5,5,5,5,5,5,5,1,2,,20.0,,5.0,4.0,3.0,2.0,,,,6.0,,,,1.0,1.0,,,,,,,,5.0,5.0,6.0,18.0,,1.0,,4.0,,,,1.0,5.0,,1.0,1.0,1.0,1.0,1.0,1.0,1.0,1.0,1.0,1.0,,,,,,,6,3,3,3,1,4,5,5,3,2,80.0,75.0,85.0,80.0,75.0,80.0,85.0,70.0,20.0,30.0,1,2,1,2,1,2,1,2,1,2,1,2,2,2,1,2,1,2,1,2,2,1,1,2,1,1,2,1,1,2,1,1,2,1,1,2,2,1,1,2
641,5,5,5,5,5,5,5,5,2,2,,30.0,6.0,,3.0,4.0,5.0,,,,6.0,,1.0,54.0,,1.0,,2.0,5.0,5.0,,,,,,,15.0,,,2.0,3.0,,,,1.0,,5.0,1.0,1.0,1.0,1.0,1.0,1.0,1.0,1.0,1.0,1.0,,,,,,,6,3,3,3,1,5,6,6,3,2,80.0,75.0,85.0,80.0,75.0,80.0,80.0,70.0,40.0,40.0,1,2,1,2,1,1,1,2,1,2,1,1,2,1,1,2,2,1,1,1,1,2,1,1,2,1,2,1,1,1,1,1,2,2,2,1,2,1,1,2
732,5,5,5,5,5,5,5,5,2,2,,30.0,,6.0,,,,5.0,4.0,2.0,,6.0,,,1.0,1.0,,,,,5.0,5.0,6.0,,,,,15.0,,1.0,,5.0,,,1.0,,6.0,1.0,1.0,1.0,1.0,1.0,1.0,1.0,1.0,1.0,1.0,,,,,,,6,3,3,3,1,4,6,6,3,2,80.0,75.0,80.0,85.0,80.0,80.0,85.0,75.0,30.0,30.0,2,1,1,2,2,2,2,2,1,2,2,1,1,2,1,2,1,1,1,2,1,1,2,2,2,2,1,2,2,2,2,2,1,1,1,2,2,1,2,1
1241,5,5,5,4,4,5,5,4,2,2,,30.0,4.0,,,,,5.0,4.0,2.0,,6.0,1.0,54.0,,,2.0,3.0,5.0,5.0,,,,,,,,15.0,,1.0,,,3.0,2.0,,5.0,,1.0,1.0,1.0,1.0,1.0,1.0,1.0,1.0,1.0,1.0,,,,,,,6,2,3,3,1,5,6,6,3,2,75.0,70.0,80.0,60.0,55.0,70.0,65.0,50.0,40.0,45.0,2,1,1,1,1,2,1,1,2,1,2,1,1,2,1,1,1,2,1,2,1,2,2,1,1,2,2,1,2,1,1,2,1,2,1,2,2,1,2,1
1332,5,5,5,5,5,5,5,5,1,1,30.0,,4.0,,,,,5.0,4.0,2.0,,6.0,1.0,54.0,,,2.0,,,,1.0,5.0,5.0,,,,,15.0,,1.0,,4.0,,2.0,,,5.0,1.0,1.0,1.0,1.0,1.0,1.0,1.0,1.0,1.0,1.0,,,,,,,6,3,3,3,1,5,6,6,3,2,75.0,70.0,80.0,85.0,80.0,85.0,90.0,70.0,20.0,20.0,1,1,1,1,2,2,2,1,1,1,2,1,1,1,1,1,1,1,1,1,1,1,1,1,1,1,1,1,1,1,1,1,1,1,1,1,1,1,1,1
1967,5,5,5,5,5,5,5,5,1,1,,30.0,,2.0,4.0,4.0,3.0,,,,,6.0,1.0,15.0,,1.0,,4.0,5.0,5.0,,,,,,,,15.0,1.0,,,4.0,,1.0,,6.0,,,,,,,,,,,,1.0,1.0,1.0,1.0,1.0,1.0,6,3,3,3,2,4,5,5,3,2,75.0,75.0,80.0,85.0,80.0,85.0,85.0,80.0,20.0,20.0,1,2,1,2,1,2,1,2,2,2,1,2,2,1,1,2,2,2,2,1,1,1,2,1,1,1,1,1,1,1,1,1,1,1,1,1,1,1,1,1
1814,5,5,5,1,1,5,5,1,1,1,,30.0,,5.0,4.0,4.0,3.0,,,,6.0,,1.0,54.0,,1.0,,,,,,,,2.0,5.0,6.0,5.0,,,2.0,,4.0,,,1.0,5.0,,,,,,,,,,,,1.0,1.0,1.0,1.0,1.0,1.0,6,3,3,3,2,3,5,5,3,2,70.0,70.0,70.0,20.0,20.0,70.0,70.0,20.0,20.0,20.0,1,2,1,2,2,2,2,1,2,2,1,1,2,1,2,2,1,1,1,1,1,1,1,1,1,2,1,1,1,1,1,1,1,1,1,2,2,2,1,1
2009,5,5,5,4,4,5,5,3,2,2,30.0,,4.0,,4.0,3.0,3.0,,,,,6.0,1.0,54.0,,1.0,,,,,4.0,5.0,5.0,,,,15.0,,1.0,,,,3.0,2.0,,5.0,,1.0,1.0,1.0,1.0,1.0,1.0,1.0,1.0,1.0,1.0,,,,,,,6,3,2,2,2,5,6,6,3,2,70.0,70.0,75.0,50.0,50.0,70.0,70.0,40.0,30.0,30.0,1,1,1,2,2,1,2,2,2,2,2,2,1,2,1,2,2,2,2,1,1,2,1,1,1,1,2,1,1,2,1,2,1,1,1,1,1,2,1,1
78,4,4,4,2,3,4,4,2,1,1,,30.0,,2.0,5.0,4.0,3.0,,,,,6.0,,,1.0,,2.0,,,,,,,4.0,5.0,5.0,,15.0,,1.0,,,3.0,,1.0,5.0,,1.0,1.0,1.0,1.0,1.0,1.0,1.0,1.0,1.0,1.0,,,,,,,6,3,2,2,1,3,5,5,3,1,65.0,60.0,65.0,40.0,50.0,55.0,60.0,40.0,30.0,30.0,2,2,2,1,2,1,2,1,1,2,1,2,1,1,1,2,2,1,2,1,1,2,1,1,2,2,1,1,1,2,1,1,2,1,1,1,1,2,1,1
466,5,5,5,5,5,5,5,5,1,1,30.0,,,2.0,,,,5.0,4.0,2.0,6.0,,1.0,54.0,,1.0,,,,,5.0,5.0,6.0,,,,15.0,,,1.0,,4.0,,2.0,,5.0,,1.0,1.0,1.0,1.0,1.0,1.0,1.0,1.0,1.0,1.0,,,,,,,6,3,3,3,2,4,5,5,3,2,80.0,75.0,85.0,80.0,75.0,80.0,85.0,70.0,30.0,25.0,1,2,1,1,2,1,2,2,1,1,1,1,1,1,1,1,1,1,2,2,1,1,1,1,1,1,1,1,2,1,1,1,2,2,1,1,1,1,2,1
515,5,5,5,5,5,5,5,5,2,2,,30.0,6.0,,,,,5.0,4.0,2.0,6.0,,,,1.0,1.0,,,,,,,,5.0,5.0,6.0,18.0,,,1.0,6.0,,,2.0,,6.0,,1.0,1.0,1.0,1.0,1.0,1.0,1.0,1.0,1.0,1.0,,,,,,,6,3,3,3,1,5,5,5,3,2,85.0,80.0,85.0,80.0,75.0,80.0,85.0,70.0,30.0,30.0,1,1,1,2,2,1,2,1,1,1,2,1,2,1,2,1,1,1,2,1,2,1,1,1,1,1,2,2,1,1,1,1,1,2,1,1,1,1,2,1
680,5,5,5,5,5,5,5,5,1,1,,30.0,,5.0,4.0,5.0,3.0,,,,6.0,,,,1.0,1.0,,,,,,,,5.0,5.0,6.0,,15.0,,1.0,4.0,,,2.0,,,6.0,1.0,1.0,1.0,1.0,1.0,1.0,1.0,1.0,1.0,1.0,,,,,,,7,3,3,3,1,5,6,6,3,2,75.0,75.0,80.0,85.0,80.0,85.0,85.0,80.0,30.0,30.0,1,1,1,2,2,1,1,1,1,2,1,1,1,1,1,1,1,1,1,1,1,1,1,1,1,1,1,1,1,1,1,1,1,1,2,1,1,1,1,1
309,5,5,5,4,4,5,5,4,2,3,,30.0,,2.0,5.0,3.0,4.0,,,,6.0,,1.0,54.0,,1.0,,,,,4.0,5.0,5.0,,,,15.0,,1.0,,,,3.0,2.0,,,5.0,1.0,1.0,1.0,1.0,1.0,1.0,1.0,1.0,1.0,1.0,,,,,,,6,3,3,3,1,5,6,6,3,2,75.0,70.0,80.0,60.0,55.0,70.0,75.0,50.0,40.0,45.0,1,2,1,1,2,1,1,1,2,1,2,1,1,2,1,2,1,2,2,1,1,2,1,1,1,2,1,1,1,2,2,1,2,1,2,1,1,2,1,1
1066,5,5,5,4,4,5,5,4,2,2,30.0,,4.0,,3.0,4.0,5.0,,,,,6.0,1.0,54.0,,,2.0,,,,4.0,5.0,5.0,,,,15.0,,1.0,,,,3.0,,1.0,5.0,,1.0,1.0,1.0,1.0,1.0,1.0,1.0,1.0,1.0,1.0,,,,,,,6,3,2,3,2,4,5,5,3,2,75.0,70.0,80.0,60.0,55.0,70.0,75.0,50.0,40.0,40.0,1,1,1,1,1,2,1,2,1,1,1,2,1,1,2,2,1,1,1,1,1,1,1,1,1,2,1,1,1,1,2,1,1,1,1,2,2,1,2,1
1115,5,5,5,4,4,4,5,3,2,2,30.0,,4.0,,,,,5.0,4.0,2.0,6.0,,,,1.0,1.0,,2.0,5.0,5.0,,,,,,,15.0,,,1.0,,5.0,,2.0,,5.0,,1.0,1.0,1.0,1.0,1.0,1.0,1.0,1.0,1.0,1.0,,,,,,,6,3,3,3,1,5,6,6,3,2,75.0,70.0,75.0,50.0,50.0,50.0,70.0,40.0,30.0,30.0,1,1,1,1,1,1,1,1,1,2,1,1,2,1,1,2,1,1,2,1,2,1,2,1,2,2,1,1,2,1,1,1,2,1,1,1,1,1,1,1
1280,4,4,4,2,3,4,4,2,2,2,40.0,,,2.0,,,,5.0,4.0,2.0,,6.0,,,1.0,1.0,,,,,,,,1.0,5.0,5.0,12.0,,,2.0,3.0,,,1.0,,5.0,,,,,,,,,,,,1.0,1.0,1.0,1.0,1.0,1.0,6,3,3,3,2,4,5,5,3,2,60.0,55.0,60.0,30.0,40.0,50.0,50.0,30.0,30.0,30.0,1,2,1,1,1,2,1,2,1,2,1,2,1,1,1,2,2,1,2,1,1,2,1,2,2,1,1,1,1,1,2,1,2,1,1,1,2,1,2,1
1709,5,5,5,5,5,5,5,5,1,1,,30.0,,6.0,,,,4.0,3.0,2.0,,6.0,,,1.0,1.0,,,,,,,,4.0,5.0,6.0,15.0,,,2.0,,,3.0,,1.0,,5.0,1.0,1.0,1.0,1.0,1.0,1.0,1.0,1.0,1.0,1.0,,,,,,,6,3,3,3,1,3,5,5,3,2,80.0,75.0,85.0,70.0,65.0,75.0,80.0,70.0,20.0,20.0,2,1,1,1,1,1,1,1,1,1,1,1,1,1,1,1,1,1,1,1,1,1,1,1,1,1,1,1,1,1,1,1,1,1,1,1,1,1,2,1
738,5,5,5,5,5,5,5,5,2,2,,30.0,,6.0,,,,4.0,4.0,2.0,6.0,,,,1.0,,2.0,,,,,,,4.0,5.0,5.0,15.0,,1.0,,4.0,,,2.0,,5.0,,1.0,1.0,1.0,1.0,1.0,1.0,1.0,1.0,1.0,1.0,,,,,,,6,3,3,3,1,4,5,5,3,2,80.0,75.0,85.0,80.0,75.0,80.0,85.0,70.0,40.0,40.0,1,2,1,2,1,2,1,1,2,1,2,1,1,2,1,1,2,1,1,1,1,2,1,1,2,2,2,2,1,1,2,1,1,1,1,1,1,2,1,1
124,5,5,5,5,5,5,5,5,2,2,30.0,,6.0,,4.0,3.0,2.0,,,,,6.0,,,1.0,,2.0,4.0,5.0,5.0,,,,,,,15.0,,1.0,,4.0,,,,1.0,,6.0,,,,,,,,,,,1.0,1.0,1.0,1.0,1.0,1.0,6,3,2,2,2,4,5,5,3,2,85.0,80.0,85.0,80.0,75.0,80.0,85.0,75.0,30.0,30.0,1,2,1,1,1,2,1,1,1,1,1,1,1,2,1,1,1,1,1,1,1,1,1,1,1,1,1,1,1,1,1,1,1,1,2,1,1,1,1,1
1338,5,5,5,5,5,5,5,5,2,2,30.0,,4.0,,4.0,5.0,3.0,,,,6.0,,,,1.0,,2.0,4.0,5.0,5.0,,,,,,,,10.0,1.0,,,4.0,,2.0,,,5.0,,,,,,,,,,,1.0,1.0,1.0,1.0,1.0,1.0,6,2,3,3,1,3,5,5,3,2,75.0,70.0,80.0,75.0,70.0,75.0,80.0,70.0,40.0,40.0,1,2,1,1,1,2,2,1,2,1,1,1,2,2,1,1,1,2,2,1,1,1,1,1,2,1,1,2,1,1,2,1,2,1,1,2,1,2,1,1
1457,5,5,5,5,5,5,5,5,1,2,30.0,,6.0,,,,,5.0,4.0,2.0,,6.0,,,1.0,,2.0,4.0,5.0,6.0,,,,,,,15.0,,,1.0,,,3.0,,1.0,5.0,,1.0,1.0,1.0,1.0,1.0,1.0,1.0,1.0,1.0,1.0,,,,,,,6,3,3,3,1,4,6,6,3,2,80.0,75.0,85.0,80.0,75.0,80.0,85.0,70.0,30.0,40.0,1,1,2,1,1,1,2,1,2,1,2,1,2,1,1,2,2,1,1,2,1,1,1,1,2,1,1,2,1,1,1,2,1,2,2,1,1,2,1,2
1524,5,5,5,5,5,5,5,5,2,2,30.0,,5.0,,4.0,3.0,3.0,,,,,6.0,,,1.0,1.0,,4.0,5.0,5.0,,,,,,,,10.0,1.0,,4.0,,,,1.0,5.0,,1.0,1.0,1.0,1.0,1.0,1.0,1.0,1.0,1.0,1.0,,,,,,,6,3,3,3,1,5,6,6,3,2,85.0,80.0,85.0,80.0,75.0,80.0,85.0,75.0,40.0,40.0,2,1,2,2,2,1,2,1,2,2,1,2,1,1,2,2,1,1,2,1,2,1,2,1,2,1,2,2,2,2,2,2,1,2,1,2,1,2,1,1
956,5,5,5,5,5,5,5,5,2,2,,30.0,,6.0,5.0,3.0,5.0,,,,,6.0,1.0,54.0,,1.0,,,,,5.0,5.0,6.0,,,,15.0,,,1.0,,5.0,,,1.0,,5.0,,,,,,,,,,,1.0,1.0,1.0,1.0,1.0,1.0,6,3,3,3,1,3,5,5,3,2,80.0,75.0,85.0,80.0,75.0,80.0,85.0,70.0,30.0,30.0,1,1,1,1,1,1,1,1,2,2,2,1,1,1,1,1,1,1,1,1,1,1,1,1,1,1,1,1,1,1,1,1,1,1,1,1,1,1,1,1
825,5,5,5,4,4,5,5,4,2,3,,30.0,,2.0,4.0,3.0,3.0,,,,,6.0,1.0,54.0,,,2.0,,,,4.0,5.0,5.0,,,,15.0,,,1.0,4.0,,,1.0,,5.0,,,,,,,,,,,,1.0,1.0,1.0,1.0,1.0,1.0,6,3,2,2,2,4,5,5,3,2,75.0,70.0,80.0,60.0,55.0,75.0,80.0,50.0,40.0,45.0,1,2,1,1,1,1,1,2,1,1,2,2,1,1,1,2,1,1,1,1,1,2,1,2,1,1,1,2,1,1,1,1,2,1,1,1,2,1,1,1
270,5,5,5,5,5,5,5,5,1,1,30.0,,,2.0,,,,5.0,4.0,2.0,6.0,,,,1.0,,2.0,,,,,,,5.0,5.0,5.0,5.0,,,2.0,4.0,,,,1.0,,5.0,,,,,,,,,,,1.0,1.0,1.0,1.0,1.0,1.0,6,3,3,3,1,5,6,6,4,2,80.0,75.0,85.0,80.0,75.0,80.0,85.0,70.0,20.0,15.0,1,2,1,1,1,2,1,1,1,2,2,1,1,1,1,2,1,2,1,2,1,1,1,1,2,1,1,1,1,1,1,2,2,1,2,2,2,1,1,1
303,5,5,5,5,5,5,5,5,2,2,30.0,,4.0,,,,,5.0,4.0,2.0,6.0,,,,1.0,1.0,,4.0,5.0,5.0,,,,,,,15.0,,1.0,,,4.0,,2.0,,,5.0,,,,,,,,,,,1.0,1.0,1.0,1.0,1.0,1.0,6,2,3,3,2,5,6,6,3,2,80.0,75.0,85.0,80.0,75.0,80.0,85.0,70.0,30.0,30.0,1,1,1,1,1,1,2,1,1,2,1,1,2,1,1,1,1,1,2,2,1,2,1,1,1,1,1,1,1,1,1,1,1,1,1,1,1,2,1,1
1496,5,5,5,2,3,5,5,2,2,2,40.0,,,2.0,,,,4.0,4.0,2.0,6.0,,,,1.0,1.0,,2.0,5.0,5.0,,,,,,,15.0,,,1.0,4.0,,,1.0,,,5.0,,,,,,,,,,,1.0,1.0,1.0,1.0,1.0,1.0,6,3,3,3,1,5,5,5,4,2,75.0,75.0,80.0,40.0,50.0,70.0,70.0,40.0,40.0,40.0,1,1,1,1,2,1,2,1,1,1,1,1,1,2,1,2,1,1,1,2,1,1,1,2,1,1,2,1,1,1,1,1,1,1,1,2,2,1,1,1
1670,5,5,5,5,5,5,5,5,1,1,,30.0,,6.0,,,,6.0,5.0,2.0,6.0,,,,1.0,1.0,,4.0,5.0,6.0,,,,,,,,15.0,,1.0,4.0,,,,1.0,5.0,,,,,,,,,,,,1.0,1.0,1.0,1.0,1.0,1.0,6,3,3,3,2,4,5,5,3,2,80.0,75.0,85.0,80.0,75.0,80.0,85.0,70.0,20.0,20.0,1,1,1,1,1,2,1,1,1,1,1,1,1,1,1,1,1,1,1,1,1,1,1,1,1,1,1,1,1,1,1,1,1,1,1,1,1,1,1,1
1703,5,5,5,5,5,5,5,5,2,2,,30.0,,6.0,4.0,3.0,2.0,,,,6.0,,,,1.0,1.0,,,,,,,,5.0,5.0,5.0,15.0,,1.0,,,6.0,,2.0,,5.0,,1.0,1.0,1.0,1.0,1.0,1.0,1.0,1.0,1.0,1.0,,,,,,,6,3,3,3,1,5,6,6,3,2,85.0,80.0,85.0,80.0,75.0,80.0,85.0,70.0,40.0,40.0,1,2,2,2,1,1,1,2,1,2,1,1,2,1,2,1,1,1,1,2,1,2,1,1,2,1,2,2,2,1,1,2,2,1,2,2,2,1,1,2
2003,5,4,5,2,3,4,5,2,2,2,30.0,,,2.0,5.0,3.0,4.0,,,,,6.0,,,1.0,,2.0,4.0,5.0,5.0,,,,,,,,15.0,,1.0,,,3.0,2.0,,,5.0,,,,,,,,,,,1.0,1.0,1.0,1.0,1.0,1.0,6,3,3,3,2,5,6,6,3,2,70.0,60.0,75.0,40.0,50.0,60.0,70.0,40.0,40.0,40.0,1,1,1,1,1,1,2,1,1,1,2,1,1,2,2,1,1,2,1,1,1,1,1,1,1,1,1,1,1,1,1,1,1,1,1,1,1,1,1,1
997,4,4,4,4,4,4,4,4,2,2,40.0,,5.0,,,,,5.0,5.0,2.0,6.0,,1.0,54.0,,,2.0,2.0,5.0,5.0,,,,,,,,15.0,,1.0,,,3.0,1.0,,5.0,,,,,,,,,,,,1.0,1.0,1.0,1.0,1.0,1.0,6,3,3,3,2,4,5,5,3,2,65.0,65.0,65.0,65.0,65.0,65.0,65.0,65.0,35.0,35.0,1,1,1,1,2,2,2,2,1,1,1,1,1,1,1,2,2,2,1,1,1,1,2,2,1,1,2,2,2,2,1,1,2,1,1,1,1,1,2,1
72,5,5,5,4,4,5,5,4,2,2,30.0,,,2.0,4.0,3.0,3.0,,,,6.0,,1.0,54.0,,1.0,,,,,,,,2.0,5.0,5.0,15.0,,1.0,,,,3.0,2.0,,5.0,,1.0,1.0,1.0,1.0,1.0,1.0,1.0,1.0,1.0,1.0,,,,,,,6,3,3,3,1,4,5,5,3,2,70.0,65.0,75.0,50.0,55.0,70.0,70.0,50.0,30.0,30.0,1,1,2,1,1,2,1,1,1,1,1,1,1,1,2,1,1,1,1,1,1,1,1,1,1,1,1,1,2,1,1,2,1,1,1,2,1,1,1,2
205,5,5,5,4,4,5,5,4,2,2,,30.0,,2.0,,,,6.0,4.0,2.0,6.0,,1.0,54.0,,,2.0,2.0,5.0,6.0,,,,,,,15.0,,1.0,,,,3.0,,1.0,,5.0,,,,,,,,,,,1.0,1.0,1.0,1.0,1.0,1.0,6,3,3,3,3,5,5,5,3,2,75.0,75.0,80.0,60.0,60.0,80.0,80.0,50.0,30.0,30.0,1,1,1,1,1,1,1,1,1,1,1,1,1,1,1,1,1,1,1,1,1,1,1,1,1,1,1,1,1,1,1,1,1,1,1,1,1,1,1,1
376,5,5,5,5,5,5,5,5,2,2,30.0,,4.0,,,,,5.0,4.0,2.0,6.0,,,,1.0,,2.0,2.0,5.0,5.0,,,,,,,,10.0,1.0,,,,3.0,2.0,,5.0,,,,,,,,,,,,1.0,1.0,1.0,1.0,1.0,1.0,6,2,3,3,1,4,5,5,3,2,80.0,75.0,85.0,80.0,75.0,70.0,80.0,70.0,40.0,40.0,1,1,1,1,1,1,1,1,1,1,1,1,1,1,1,1,1,1,1,1,1,1,1,1,1,1,1,1,1,1,1,1,1,1,1,1,1,1,1,1
190,5,5,5,2,3,5,5,2,2,2,30.0,,,2.0,,,,4.0,4.0,2.0,,6.0,1.0,54.0,,1.0,,,,,4.0,5.0,5.0,,,,,15.0,1.0,,4.0,,,,1.0,5.0,,,,,,,,,,,,1.0,1.0,1.0,1.0,1.0,1.0,6,3,3,3,2,4,4,4,3,2,70.0,70.0,70.0,40.0,40.0,70.0,70.0,40.0,40.0,40.0,2,1,2,1,2,1,2,1,2,1,1,2,1,1,1,1,1,1,2,2,1,1,1,1,1,1,1,2,1,1,1,2,1,1,1,1,1,1,1,1
419,5,5,5,5,5,5,5,5,2,2,30.0,,5.0,,,,,5.0,4.0,2.0,6.0,,,,1.0,,2.0,,,,,,,4.0,5.0,5.0,,15.0,,1.0,5.0,,,2.0,,5.0,,,,,,,,,,,,1.0,1.0,1.0,1.0,1.0,1.0,6,3,3,3,1,3,5,5,4,2,75.0,70.0,80.0,75.0,70.0,75.0,80.0,70.0,30.0,30.0,1,1,2,1,1,1,2,1,1,1,2,1,1,1,2,1,1,1,2,1,1,1,1,1,1,2,1,2,1,2,1,1,1,1,1,1,1,2,1,2
1605,5,5,5,5,5,5,5,5,1,1,,30.0,5.0,,,,,4.0,4.0,2.0,6.0,,,,1.0,1.0,,,,,,,,5.0,5.0,6.0,,15.0,1.0,,4.0,,,1.0,,6.0,,,,,,,,,,,,1.0,1.0,1.0,1.0,1.0,1.0,6,3,3,3,3,5,5,5,4,2,75.0,75.0,80.0,85.0,80.0,85.0,85.0,80.0,20.0,20.0,1,1,1,1,1,1,1,1,1,1,1,1,1,1,1,1,1,1,1,1,1,1,1,1,1,1,1,1,1,1,1,1,1,1,2,1,1,2,1,2
1776,5,5,5,5,5,5,5,5,2,2,,30.0,5.0,,4.0,4.0,5.0,,,,,6.0,1.0,54.0,,1.0,,4.0,5.0,5.0,,,,,,,,15.0,,1.0,,,3.0,2.0,,5.0,,,,,,,,,,,,1.0,1.0,1.0,1.0,1.0,1.0,6,3,3,3,3,4,4,4,3,2,75.0,75.0,75.0,75.0,75.0,75.0,75.0,75.0,25.0,25.0,1,1,1,1,1,1,1,1,1,1,1,1,1,1,1,1,1,1,1,1,1,1,1,1,1,1,1,1,1,1,1,1,1,1,1,1,1,1,1,1
1590,5,5,5,4,4,5,5,4,2,2,,30.0,,2.0,,,,5.0,4.0,2.0,6.0,,,,1.0,1.0,,2.0,5.0,5.0,,,,,,,,15.0,,1.0,,,3.0,,1.0,,5.0,,,,,,,,,,,1.0,1.0,1.0,1.0,1.0,1.0,6,3,2,2,2,4,5,5,3,2,70.0,70.0,70.0,60.0,60.0,70.0,70.0,60.0,40.0,40.0,1,2,1,1,1,2,1,2,1,2,1,1,1,2,1,1,2,1,1,1,2,1,1,1,2,2,1,1,1,1,1,1,2,1,1,2,1,2,1,1
1019,5,5,5,4,4,5,5,4,2,2,,30.0,5.0,,,,,4.0,5.0,2.0,,6.0,,,1.0,,2.0,4.0,5.0,5.0,,,,,,,15.0,,,1.0,5.0,,,,1.0,,5.0,1.0,1.0,1.0,1.0,1.0,1.0,1.0,1.0,1.0,1.0,,,,,,,6,3,3,3,3,5,6,6,3,2,75.0,75.0,80.0,70.0,65.0,80.0,80.0,60.0,40.0,40.0,1,1,1,1,1,1,1,1,1,1,1,1,1,1,1,1,1,1,1,1,1,1,1,1,1,1,1,1,1,1,1,1,1,1,1,1,1,1,1,1
1918,5,5,5,4,4,5,5,4,2,2,30.0,,,2.0,,,,5.0,4.0,2.0,6.0,,1.0,54.0,,,2.0,,,,,,,4.0,5.0,5.0,15.0,,,1.0,,4.0,,,1.0,5.0,,,,,,,,,,,,1.0,1.0,1.0,1.0,1.0,1.0,6,3,3,3,2,4,5,5,3,2,75.0,70.0,80.0,60.0,60.0,75.0,70.0,55.0,40.0,40.0,1,2,1,2,1,1,2,2,2,1,1,2,1,2,1,1,1,1,2,1,2,1,2,2,1,2,1,2,1,2,2,2,1,1,1,2,2,1,2,1
891,5,5,5,2,3,5,5,2,2,2,,30.0,,2.0,,,,5.0,4.0,2.0,6.0,,,,1.0,,2.0,,,,2.0,5.0,5.0,,,,,15.0,1.0,,,4.0,,1.0,,5.0,,,,,,,,,,,,1.0,1.0,1.0,1.0,1.0,1.0,6,3,3,3,3,5,5,5,3,2,70.0,70.0,70.0,40.0,50.0,70.0,70.0,30.0,30.0,30.0,2,2,1,1,2,1,2,1,2,2,1,2,2,1,2,1,1,2,1,2,1,2,1,2,1,2,1,1,2,1,2,1,1,2,1,2,1,1,2,1
151,5,4,5,2,3,5,5,2,1,1,,30.0,,2.0,,,,5.0,4.0,2.0,6.0,,1.0,54.0,,1.0,,2.0,5.0,5.0,,,,,,,,15.0,1.0,,4.0,,,,1.0,,5.0,1.0,1.0,1.0,1.0,1.0,1.0,1.0,1.0,1.0,1.0,,,,,,,6,3,2,2,2,4,6,6,3,2,70.0,60.0,75.0,40.0,50.0,70.0,70.0,40.0,30.0,30.0,2,1,2,2,1,1,1,1,2,2,2,1,2,1,1,2,1,1,1,1,2,1,2,1,1,1,1,2,2,1,1,1,2,1,2,1,1,1,2,2
1422,5,5,5,5,5,5,5,5,1,1,30.0,,6.0,,4.0,5.0,2.0,,,,6.0,,,,1.0,,2.0,,,,5.0,5.0,6.0,,,,,15.0,,1.0,,,3.0,,1.0,,5.0,,,,,,,,,,,1.0,1.0,1.0,1.0,1.0,1.0,6,3,3,3,2,3,5,5,4,2,85.0,80.0,85.0,80.0,75.0,80.0,85.0,70.0,20.0,20.0,2,2,2,1,2,1,2,2,2,2,1,1,2,2,2,2,2,2,1,1,2,1,2,1,2,2,2,2,2,1,2,2,1,2,2,2,2,1,2,2
1551,5,5,5,5,5,5,5,5,1,1,40.0,,,2.0,,,,4.0,4.0,2.0,,6.0,,,1.0,1.0,,,,,5.0,5.0,6.0,,,,15.0,,,2.0,,6.0,,1.0,,,6.0,,,,,,,,,,,1.0,1.0,1.0,1.0,1.0,1.0,6,3,3,3,3,5,6,6,3,2,75.0,75.0,80.0,80.0,75.0,75.0,80.0,70.0,20.0,20.0,1,2,1,2,1,2,1,2,1,2,1,2,1,2,1,2,2,1,2,1,2,1,2,1,2,1,2,1,2,1,2,1,2,1,2,1,2,1,2,1
923,5,5,5,5,5,5,5,5,1,1,,30.0,5.0,,3.0,4.0,2.0,,,,,6.0,,,1.0,,2.0,,,,5.0,5.0,6.0,,,,,15.0,1.0,,,4.0,,,1.0,,6.0,,,,,,,,,,,1.0,1.0,1.0,1.0,1.0,1.0,6,3,2,3,3,5,6,5,4,2,70.0,70.0,80.0,80.0,80.0,80.0,80.0,70.0,20.0,20.0,1,1,1,2,1,1,1,2,1,2,2,2,1,1,2,2,1,1,2,1,2,1,1,1,2,1,2,1,1,1,1,1,1,1,2,1,2,1,2,1
850,5,5,5,5,5,5,5,5,2,2,20.0,,6.0,,,,,5.0,4.0,2.0,,6.0,1.0,54.0,,1.0,,,,,5.0,5.0,6.0,,,,,15.0,1.0,,,4.0,,2.0,,,6.0,1.0,1.0,1.0,1.0,1.0,1.0,1.0,1.0,1.0,1.0,,,,,,,6,3,3,3,1,5,6,6,3,2,80.0,75.0,85.0,80.0,75.0,80.0,85.0,70.0,30.0,30.0,1,2,1,1,2,1,1,2,1,1,1,1,1,1,1,2,1,1,1,2,2,1,1,1,2,2,2,1,1,2,2,1,1,1,1,1,1,2,1,2
1633,5,5,5,2,3,5,5,2,1,1,35.0,,5.0,,,,,4.0,5.0,2.0,6.0,,,,1.0,1.0,,4.0,5.0,5.0,,,,,,,15.0,,1.0,,,,3.0,,1.0,,5.0,1.0,1.0,1.0,1.0,1.0,1.0,1.0,1.0,1.0,1.0,,,,,,,6,3,3,3,3,5,6,6,3,2,70.0,70.0,75.0,40.0,50.0,60.0,70.0,40.0,30.0,30.0,1,1,1,2,2,2,2,1,1,2,1,1,1,1,2,1,2,2,1,1,1,1,1,1,1,2,1,2,2,1,1,2,1,2,1,2,2,2,2,1
1740,5,5,5,5,5,5,5,5,2,2,70.0,,5.0,,,,,4.0,4.0,2.0,,6.0,1.0,54.0,,,2.0,4.0,5.0,5.0,,,,,,,18.0,,,1.0,,,3.0,,1.0,5.0,,1.0,1.0,1.0,1.0,1.0,1.0,1.0,1.0,1.0,1.0,,,,,,,6,3,3,3,1,3,5,5,4,2,75.0,75.0,75.0,75.0,75.0,75.0,75.0,75.0,25.0,25.0,1,1,1,1,1,1,1,1,1,1,1,1,1,1,1,1,1,1,1,1,1,1,1,1,1,1,1,1,1,1,1,1,1,1,1,1,1,1,1,1
233,5,5,5,5,5,5,5,5,2,2,,30.0,4.0,,,,,5.0,4.0,2.0,,6.0,,,1.0,,2.0,,,,2.0,5.0,5.0,,,,,15.0,,1.0,,4.0,,2.0,,,5.0,,,,,,,,,,,1.0,1.0,1.0,1.0,1.0,1.0,6,3,3,3,2,4,5,5,3,2,75.0,70.0,80.0,75.0,70.0,80.0,85.0,70.0,40.0,40.0,1,1,1,1,1,1,1,1,1,1,1,1,1,1,1,1,1,1,1,1,1,1,1,1,1,1,1,1,1,1,1,1,1,1,1,1,1,1,1,1
340,5,5,5,3,4,5,5,3,2,2,30.0,,4.0,,4.0,3.0,3.0,,,,,6.0,1.0,54.0,,,2.0,,,,,,,3.0,5.0,5.0,,15.0,,2.0,,,3.0,2.0,,,5.0,,,,,,,,,,,1.0,1.0,1.0,1.0,1.0,1.0,6,3,3,3,1,4,5,5,3,2,75.0,70.0,80.0,50.0,60.0,70.0,75.0,40.0,30.0,30.0,1,2,2,1,1,2,1,1,1,2,1,1,1,2,1,1,1,2,1,1,1,1,1,1,1,1,2,2,1,1,1,1,1,1,1,2,2,1,1,1
31,5,5,5,5,5,5,5,5,1,1,30.0,,,2.0,,,,4.0,5.0,2.0,6.0,,,,1.0,1.0,,,,,,,,5.0,5.0,5.0,,15.0,1.0,,4.0,,,1.0,,,5.0,,,,,,,,,,,1.0,1.0,1.0,1.0,1.0,1.0,6,3,3,3,2,4,5,5,3,2,75.0,75.0,80.0,75.0,70.0,75.0,80.0,70.0,30.0,30.0,2,1,1,2,1,1,2,1,2,1,1,1,1,1,1,1,2,1,2,2,1,1,1,1,1,2,1,2,1,1,1,1,2,1,1,2,1,1,2,1
2040,5,5,5,5,5,5,5,5,1,1,30.0,,,2.0,,,,5.0,4.0,2.0,6.0,,1.0,54.0,,,2.0,,,,,,,4.0,5.0,5.0,5.0,,,1.0,,5.0,,,1.0,,5.0,,,,,,,,,,,1.0,1.0,1.0,1.0,1.0,1.0,6,3,2,2,2,4,5,5,3,2,75.0,70.0,80.0,75.0,70.0,80.0,85.0,70.0,20.0,30.0,1,1,1,1,1,1,1,1,1,1,1,1,1,1,1,1,1,1,1,1,1,1,1,1,1,1,1,1,1,1,1,1,1,1,1,1,1,1,1,1
5,5,5,5,5,5,5,5,4,2,2,,30.0,6.0,,,,,4.0,3.0,2.0,6.0,,1.0,54.0,,1.0,,,,,4.0,5.0,5.0,,,,,15.0,1.0,,,4.0,,1.0,,,5.0,,,,,,,,,,,1.0,1.0,1.0,1.0,1.0,1.0,6,3,3,3,2,5,5,5,3,2,75.0,70.0,80.0,75.0,70.0,75.0,80.0,60.0,40.0,40.0,1,2,1,1,1,1,1,1,1,1,1,1,1,1,1,1,1,1,1,1,1,1,1,1,1,1,1,1,1,1,1,1,1,1,1,1,1,1,1,1
1414,5,5,5,5,5,5,5,5,1,1,30.0,,,2.0,,,,4.0,4.0,2.0,6.0,,1.0,54.0,,,2.0,2.0,5.0,5.0,,,,,,,,15.0,1.0,,,4.0,,,1.0,5.0,,,,,,,,,,,,1.0,1.0,1.0,1.0,1.0,1.0,6,3,3,3,3,5,5,5,3,2,75.0,70.0,80.0,75.0,70.0,70.0,75.0,70.0,20.0,20.0,2,1,1,2,1,2,1,1,1,1,1,2,1,1,2,1,1,1,1,2,1,2,2,1,2,2,2,1,2,2,1,2,2,1,2,2,1,1,2,2
1567,5,5,5,5,5,5,5,5,1,1,,30.0,,2.0,,,,5.0,4.0,2.0,6.0,,,,1.0,1.0,,2.0,5.0,6.0,,,,,,,15.0,,,1.0,,,3.0,1.0,,5.0,,1.0,1.0,1.0,1.0,1.0,1.0,1.0,1.0,1.0,1.0,,,,,,,6,3,3,3,2,4,5,5,4,2,80.0,75.0,85.0,90.0,85.0,90.0,90.0,80.0,20.0,20.0,1,2,1,1,2,1,2,1,1,1,2,1,1,1,1,1,1,1,1,1,1,2,2,2,1,1,2,1,1,1,1,1,2,1,2,2,1,2,2,1
1781,5,5,5,5,5,5,5,5,2,2,30.0,,,5.0,4.0,3.0,3.0,,,,,6.0,,,1.0,,2.0,,,,4.0,5.0,5.0,,,,,15.0,,1.0,,,3.0,2.0,,,5.0,1.0,1.0,1.0,1.0,1.0,1.0,1.0,1.0,1.0,1.0,,,,,,,6,2,2,2,1,3,5,5,3,2,75.0,75.0,80.0,80.0,75.0,75.0,80.0,70.0,40.0,40.0,1,1,1,1,1,1,1,1,1,1,1,1,2,2,1,1,1,1,1,1,1,1,1,1,1,1,1,1,1,1,1,1,1,1,1,1,1,1,1,1
1208,5,5,5,1,1,5,5,1,1,1,,30.0,6.0,,,,,5.0,4.0,2.0,6.0,,,,1.0,,2.0,,,,,,,4.0,5.0,6.0,5.0,,1.0,,,,3.0,1.0,,,5.0,,,,,,,,,,,1.0,1.0,1.0,1.0,1.0,1.0,6,3,2,2,2,4,5,5,3,2,70.0,70.0,70.0,20.0,20.0,70.0,70.0,20.0,20.0,20.0,2,1,1,2,1,1,2,2,1,1,1,1,2,1,2,2,2,1,1,1,2,2,1,2,1,2,2,2,1,2,1,1,1,1,1,1,1,2,1,1
167,5,5,5,5,5,5,5,5,1,1,30.0,,5.0,,4.0,3.0,2.0,,,,6.0,,,,1.0,,2.0,4.0,5.0,5.0,,,,,,,15.0,,1.0,,4.0,,,1.0,,5.0,,1.0,1.0,1.0,1.0,1.0,1.0,1.0,1.0,1.0,1.0,,,,,,,6,3,3,3,2,4,5,5,3,2,75.0,75.0,75.0,75.0,75.0,75.0,75.0,75.0,25.0,25.0,1,1,1,1,1,1,1,1,1,1,1,1,1,1,1,1,1,1,1,1,1,1,1,1,1,1,1,1,1,1,1,1,1,1,1,1,1,1,1,1
381,4,4,4,3,4,4,4,3,2,2,,40.0,5.0,,,,,5.0,4.0,2.0,,6.0,,,1.0,,2.0,,,,,,,4.0,5.0,5.0,,15.0,1.0,,,,3.0,1.0,,,5.0,,,,,,,,,,,1.0,1.0,1.0,1.0,1.0,1.0,6,3,3,3,3,5,5,5,3,2,65.0,60.0,70.0,50.0,55.0,60.0,65.0,50.0,40.0,40.0,1,2,1,1,2,1,2,1,1,2,1,2,1,2,1,1,1,1,2,1,2,1,2,2,1,2,1,2,1,2,2,1,1,1,2,2,1,1,2,1
608,5,4,5,4,4,5,5,4,2,2,,30.0,,2.0,5.0,3.0,3.0,,,,,6.0,1.0,54.0,,,2.0,,,,,,,4.0,5.0,5.0,15.0,,,1.0,,,3.0,2.0,,,5.0,1.0,1.0,1.0,1.0,1.0,1.0,1.0,1.0,1.0,1.0,,,,,,,6,3,2,2,1,3,5,5,3,2,75.0,70.0,80.0,65.0,60.0,75.0,80.0,60.0,40.0,40.0,1,1,1,2,2,1,1,1,1,1,2,1,1,1,1,2,1,1,2,2,1,1,2,1,2,1,1,2,1,2,2,1,1,2,1,2,2,2,1,1
915,5,5,5,5,5,5,5,5,2,2,30.0,,,6.0,,,,6.0,5.0,2.0,,6.0,1.0,54.0,,,2.0,4.0,5.0,5.0,,,,,,,,15.0,1.0,,,4.0,,2.0,,,5.0,,,,,,,,,,,1.0,1.0,1.0,1.0,1.0,1.0,6,3,3,3,2,4,5,5,3,2,80.0,75.0,85.0,80.0,75.0,80.0,85.0,70.0,30.0,40.0,2,1,1,1,1,1,2,2,1,2,1,2,2,1,1,2,1,2,2,2,1,1,2,1,1,2,2,1,2,2,1,2,1,2,2,2,1,1,2,1
866,5,5,5,5,5,5,5,5,1,1,,30.0,,2.0,4.0,3.0,2.0,,,,,6.0,1.0,54.0,,,2.0,,,,,,,4.0,5.0,6.0,,15.0,1.0,,,,3.0,1.0,,,5.0,1.0,1.0,1.0,1.0,1.0,1.0,1.0,1.0,1.0,1.0,,,,,,,6,3,2,2,1,3,6,6,3,2,75.0,75.0,80.0,80.0,75.0,80.0,80.0,70.0,20.0,20.0,1,2,1,1,1,2,1,2,1,2,2,1,1,1,2,1,2,1,1,1,1,1,2,1,2,1,1,1,2,2,1,1,2,2,1,1,1,1,1,1
1687,5,5,5,5,5,5,5,5,2,2,30.0,,,2.0,,,,5.0,4.0,2.0,6.0,,1.0,54.0,,,2.0,,,,,,,2.0,5.0,5.0,,15.0,1.0,,,,3.0,,1.0,5.0,,1.0,1.0,1.0,1.0,1.0,1.0,1.0,1.0,1.0,1.0,,,,,,,6,3,3,3,2,4,5,5,3,2,80.0,75.0,80.0,75.0,70.0,80.0,85.0,70.0,40.0,40.0,1,2,1,1,1,1,1,1,1,1,1,1,1,1,1,1,1,1,1,1,1,1,1,1,1,1,1,1,1,1,1,1,1,1,1,1,1,1,1,1
1461,5,5,5,5,5,5,5,5,2,2,30.0,,4.0,,,,,5.0,4.0,2.0,,6.0,1.0,54.0,,,2.0,,,,,,,4.0,5.0,5.0,15.0,,,1.0,,,3.0,,1.0,,6.0,1.0,1.0,1.0,1.0,1.0,1.0,1.0,1.0,1.0,1.0,,,,,,,6,3,3,3,1,3,5,5,3,2,85.0,80.0,85.0,80.0,75.0,80.0,85.0,75.0,30.0,30.0,1,2,2,1,2,1,1,2,2,1,1,2,2,1,1,1,1,2,1,1,1,2,1,1,2,1,1,2,1,1,2,1,2,1,1,2,1,1,2,2
1512,4,4,4,2,3,4,4,2,2,2,,35.0,,2.0,3.0,4.0,2.0,,,,,6.0,1.0,54.0,,1.0,,,,,4.0,5.0,5.0,,,,,15.0,1.0,,,4.0,,,1.0,5.0,,,,,,,,,,,,1.0,1.0,1.0,1.0,1.0,1.0,6,3,3,3,3,4,4,4,3,2,65.0,60.0,70.0,40.0,50.0,55.0,60.0,35.0,30.0,30.0,1,2,1,1,2,1,2,1,2,2,1,2,2,1,1,1,1,1,1,1,2,1,1,2,1,2,1,1,2,2,1,1,2,2,2,1,2,1,2,1
287,5,5,5,2,2,5,5,2,1,1,30.0,,5.0,,,,,4.0,4.0,2.0,,6.0,,,1.0,1.0,,,,,,,,2.0,5.0,6.0,,15.0,1.0,,6.0,,,,1.0,,6.0,1.0,1.0,1.0,1.0,1.0,1.0,1.0,1.0,1.0,1.0,,,,,,,6,2,2,2,2,5,5,5,4,2,70.0,70.0,70.0,40.0,40.0,70.0,70.0,40.0,10.0,10.0,2,1,1,1,1,2,1,1,1,1,2,2,1,1,1,2,1,1,2,1,1,1,1,1,1,1,1,1,1,1,1,2,1,1,2,2,1,1,1,1
112,5,5,5,5,5,5,5,5,1,1,,30.0,5.0,,4.0,4.0,5.0,,,,,6.0,1.0,54.0,,,2.0,,,,5.0,5.0,5.0,,,,,15.0,1.0,,,,3.0,,1.0,,5.0,,,,,,,,,,,1.0,1.0,1.0,1.0,1.0,1.0,6,3,2,2,2,4,6,6,3,2,75.0,70.0,80.0,70.0,65.0,75.0,80.0,60.0,40.0,40.0,1,2,2,1,1,2,1,1,2,1,2,1,1,1,1,1,1,1,1,1,1,1,1,1,1,2,1,1,1,1,2,1,1,1,1,1,1,1,2,2
960,5,5,5,5,5,5,5,5,2,2,,30.0,5.0,,4.0,4.0,5.0,,,,,6.0,1.0,15.0,,,2.0,,,,,,,4.0,5.0,5.0,,15.0,,1.0,,4.0,,1.0,,5.0,,,,,,,,,,,,1.0,1.0,1.0,1.0,1.0,1.0,6,3,3,3,2,4,5,5,3,2,80.0,80.0,85.0,85.0,80.0,85.0,85.0,80.0,30.0,30.0,1,1,2,2,1,1,2,1,2,2,1,2,1,1,2,2,2,1,1,2,1,1,1,1,1,1,1,1,2,2,2,1,2,1,2,1,1,1,1,1
85,4,4,4,3,4,4,4,3,2,2,,30.0,,2.0,4.0,3.0,5.0,,,,6.0,,1.0,54.0,,1.0,,,,,,,,4.0,5.0,5.0,15.0,,,2.0,,,3.0,1.0,,,5.0,1.0,1.0,1.0,1.0,1.0,1.0,1.0,1.0,1.0,1.0,,,,,,,6,3,3,3,2,4,6,6,3,2,60.0,55.0,60.0,40.0,50.0,50.0,50.0,40.0,30.0,30.0,1,1,1,1,1,1,1,1,1,1,1,1,1,1,1,2,2,1,1,1,1,1,1,1,1,1,1,1,1,1,1,1,1,1,1,1,1,1,1,1
813,4,4,4,2,3,4,4,2,1,1,40.0,,2.0,,4.0,3.0,3.0,,,,,6.0,,,1.0,,2.0,,,,,,,2.0,5.0,5.0,5.0,,,2.0,,,3.0,1.0,,,5.0,,,,,,,,,,,1.0,1.0,1.0,1.0,1.0,1.0,6,3,2,2,2,4,5,5,3,2,60.0,60.0,60.0,40.0,50.0,60.0,60.0,40.0,20.0,20.0,2,2,1,2,1,1,1,1,1,2,2,1,2,1,2,1,2,1,1,1,1,1,1,2,1,2,2,1,2,1,2,1,2,1,1,1,2,2,1,1
1129,4,4,4,2,2,3,4,2,1,2,35.0,,,2.0,4.0,3.0,3.0,,,,6.0,,1.0,54.0,,1.0,,,,,2.0,5.0,5.0,,,,,15.0,,2.0,,,3.0,,1.0,5.0,,,,,,,,,,,,1.0,1.0,1.0,1.0,1.0,1.0,6,3,2,3,2,5,5,5,3,2,65.0,60.0,70.0,40.0,35.0,50.0,55.0,30.0,25.0,30.0,1,1,1,1,1,1,1,1,1,1,1,1,1,1,1,1,1,1,1,1,1,1,1,1,1,1,1,1,1,1,1,1,1,1,1,1,1,1,1,2
1646,5,5,5,5,5,5,5,4,2,2,,30.0,,5.0,5.0,4.0,5.0,,,,6.0,,1.0,54.0,,,2.0,,,,2.0,5.0,5.0,,,,,15.0,,1.0,4.0,,,2.0,,5.0,,,,,,,,,,,,1.0,1.0,1.0,1.0,1.0,1.0,6,3,3,3,2,3,5,5,3,2,75.0,70.0,80.0,75.0,70.0,75.0,80.0,60.0,40.0,40.0,1,1,1,2,1,2,1,1,2,2,1,1,1,1,2,1,1,1,1,2,2,1,1,1,1,1,1,1,1,2,1,2,2,1,1,2,1,1,1,1
1735,5,5,5,5,5,5,5,5,2,2,,30.0,5.0,,3.0,4.0,2.0,,,,,6.0,,,1.0,1.0,,4.0,5.0,5.0,,,,,,,,10.0,,1.0,,,3.0,2.0,,,5.0,1.0,1.0,1.0,1.0,1.0,1.0,1.0,1.0,1.0,1.0,,,,,,,6,3,2,2,2,5,6,6,3,2,80.0,80.0,85.0,80.0,75.0,80.0,80.0,75.0,30.0,30.0,1,1,1,1,1,1,1,1,1,1,1,1,1,1,1,1,1,1,1,1,1,1,1,1,1,1,1,1,1,1,1,1,1,1,1,1,1,1,1,1
529,5,5,5,5,5,5,5,4,2,2,30.0,,5.0,,3.0,4.0,5.0,,,,,6.0,,,1.0,,2.0,4.0,5.0,5.0,,,,,,,15.0,,1.0,,,,3.0,,1.0,,5.0,1.0,1.0,1.0,1.0,1.0,1.0,1.0,1.0,1.0,1.0,,,,,,,6,3,3,3,1,3,5,5,3,2,75.0,70.0,80.0,70.0,65.0,70.0,75.0,60.0,40.0,40.0,1,1,1,1,1,2,1,2,1,1,2,1,1,2,1,1,1,2,1,1,2,1,1,1,2,1,1,2,1,1,1,1,1,1,2,1,2,1,1,1
246,4,4,4,2,3,3,4,2,2,2,,30.0,,2.0,5.0,4.0,3.0,,,,,6.0,,,1.0,1.0,,3.0,4.0,5.0,,,,,,,,12.0,,1.0,4.0,,,2.0,,,5.0,,,,,,,,,,,1.0,1.0,1.0,1.0,1.0,1.0,6,3,3,3,2,4,5,5,3,2,60.0,55.0,60.0,40.0,45.0,50.0,55.0,40.0,35.0,35.0,1,2,2,2,1,1,2,2,2,1,1,2,1,1,2,1,1,2,2,2,2,2,2,2,2,2,1,2,2,1,1,1,1,2,1,2,1,2,1,1
335,4,4,4,2,3,4,4,2,2,2,40.0,,5.0,,5.0,4.0,3.0,,,,6.0,,1.0,54.0,,1.0,,,,,,,,4.0,5.0,5.0,15.0,,,2.0,,4.0,,1.0,,,5.0,,,,,,,,,,,1.0,1.0,1.0,1.0,1.0,1.0,6,3,3,3,3,4,5,5,3,2,60.0,55.0,60.0,40.0,45.0,50.0,55.0,35.0,30.0,30.0,2,1,1,1,1,1,1,2,2,2,2,1,1,2,2,1,1,2,1,1,2,1,1,2,2,2,1,1,2,2,2,1,2,1,1,1,1,2,1,2
2035,4,4,5,4,4,5,5,4,2,2,,30.0,,2.0,,,,5.0,4.0,2.0,,6.0,1.0,54.0,,,2.0,,,,4.0,5.0,5.0,,,,,15.0,,1.0,,,3.0,,1.0,5.0,,1.0,1.0,1.0,1.0,1.0,1.0,1.0,1.0,1.0,1.0,,,,,,,6,3,3,3,2,4,5,5,3,2,65.0,60.0,70.0,55.0,50.0,65.0,70.0,55.0,40.0,40.0,1,1,1,1,2,1,1,2,1,1,2,1,1,1,1,1,1,2,1,1,1,1,1,1,1,2,1,2,1,1,2,1,1,2,1,2,1,1,1,1
44,5,5,5,5,5,5,5,5,1,1,,30.0,,2.0,,,,5.0,4.0,2.0,6.0,,1.0,54.0,,,2.0,,,,,,,4.0,5.0,6.0,15.0,,1.0,,,,3.0,2.0,,5.0,,1.0,1.0,1.0,1.0,1.0,1.0,1.0,1.0,1.0,1.0,,,,,,,6,3,3,3,2,5,6,6,4,2,75.0,70.0,80.0,85.0,80.0,90.0,85.0,80.0,20.0,20.0,1,2,1,1,1,1,2,1,1,1,2,1,1,2,2,2,1,2,1,2,1,1,1,1,2,1,1,1,1,1,1,1,1,1,1,1,1,1,1,1
1828,5,5,5,4,4,5,5,4,2,2,,30.0,,2.0,,,,6.0,4.0,2.0,6.0,,1.0,54.0,,1.0,,,,,,,,4.0,5.0,5.0,5.0,,,2.0,,5.0,,,1.0,5.0,,,,,,,,,,,,1.0,1.0,1.0,1.0,1.0,1.0,6,3,3,3,2,4,5,5,3,2,75.0,70.0,80.0,60.0,55.0,75.0,70.0,60.0,40.0,40.0,2,1,1,2,1,1,1,1,2,2,1,2,1,1,2,1,1,1,2,1,1,2,1,1,2,2,1,1,1,2,1,1,2,2,2,1,2,1,2,2
819,5,5,5,5,5,5,5,5,1,1,30.0,,5.0,,4.0,5.0,3.0,,,,6.0,,,,1.0,,2.0,,,,,,,5.0,5.0,6.0,5.0,,,1.0,4.0,,,,1.0,,5.0,,,,,,,,,,,1.0,1.0,1.0,1.0,1.0,1.0,6,3,3,3,3,4,5,5,3,2,75.0,75.0,80.0,80.0,75.0,80.0,80.0,70.0,20.0,20.0,1,1,1,1,2,1,2,2,1,2,1,1,1,1,1,1,1,1,2,1,1,1,2,1,2,1,2,1,1,1,1,1,1,1,1,1,1,1,1,1
1990,5,5,5,5,5,5,5,5,1,1,,20.0,6.0,,4.0,3.0,2.0,,,,6.0,,,,1.0,1.0,,,,,5.0,5.0,5.0,,,,15.0,,1.0,,,,3.0,2.0,,5.0,,,,,,,,,,,,1.0,1.0,1.0,1.0,1.0,1.0,6,3,3,3,3,5,5,5,3,2,75.0,75.0,80.0,80.0,75.0,80.0,80.0,75.0,25.0,25.0,2,1,1,2,1,2,1,1,2,2,1,2,1,1,2,1,2,1,2,2,1,2,1,1,2,1,2,1,1,1,1,2,1,2,1,2,2,2,1,1
1277,5,5,5,5,5,5,5,5,2,2,,30.0,,6.0,,,,6.0,5.0,2.0,6.0,,,,1.0,1.0,,,,,5.0,5.0,6.0,,,,,10.0,1.0,,,6.0,,2.0,,5.0,,,,,,,,,,,,1.0,1.0,1.0,1.0,1.0,1.0,6,3,3,3,1,4,5,5,3,2,80.0,80.0,85.0,80.0,75.0,80.0,85.0,70.0,40.0,40.0,2,1,1,1,1,1,1,1,1,1,1,1,1,1,1,1,1,1,1,1,1,1,1,1,1,1,1,1,1,1,1,1,1,1,1,1,1,1,1,1
1304,5,5,5,4,4,5,5,4,2,3,,30.0,6.0,,,,,4.0,5.0,2.0,6.0,,,,1.0,1.0,,,,,,,,5.0,5.0,5.0,,15.0,1.0,,5.0,,,,1.0,,5.0,,,,,,,,,,,1.0,1.0,1.0,1.0,1.0,1.0,6,3,3,3,1,5,6,6,3,2,75.0,70.0,80.0,60.0,60.0,75.0,70.0,60.0,40.0,50.0,1,2,1,1,2,1,2,2,2,1,2,1,1,2,1,1,1,1,2,1,2,1,2,2,1,2,1,1,1,1,1,2,1,2,1,2,1,2,1,1
1091,5,5,5,4,4,5,5,4,2,2,,30.0,4.0,,3.0,4.0,5.0,,,,6.0,,,,1.0,1.0,,,,,1.0,5.0,6.0,,,,15.0,,1.0,,4.0,,,,1.0,,5.0,1.0,1.0,1.0,1.0,1.0,1.0,1.0,1.0,1.0,1.0,,,,,,,6,3,2,2,2,5,6,6,3,2,70.0,65.0,70.0,50.0,50.0,70.0,70.0,50.0,30.0,30.0,2,2,1,2,1,1,2,1,1,1,1,2,2,2,1,1,2,2,2,1,2,1,1,1,2,2,1,1,1,2,2,1,2,1,1,1,2,1,2,1
1518,5,5,5,4,4,5,5,4,2,2,,30.0,,2.0,5.0,4.0,5.0,,,,,6.0,,,1.0,1.0,,,,,5.0,5.0,6.0,,,,,15.0,,1.0,,,3.0,2.0,,5.0,,,,,,,,,,,,1.0,1.0,1.0,1.0,1.0,1.0,6,3,3,3,2,4,5,5,3,2,75.0,70.0,80.0,50.0,50.0,75.0,70.0,50.0,30.0,30.0,2,1,2,1,2,1,1,1,1,2,1,1,1,2,1,1,1,1,2,1,2,1,2,1,2,1,1,1,1,1,2,1,2,1,1,2,1,1,1,1
677,5,5,5,5,5,5,5,5,1,1,70.0,,5.0,,4.0,3.0,2.0,,,,6.0,,,,1.0,1.0,,,,,5.0,5.0,6.0,,,,,15.0,,1.0,,6.0,,,1.0,,6.0,1.0,1.0,1.0,1.0,1.0,1.0,1.0,1.0,1.0,1.0,,,,,,,6,3,3,3,2,5,5,5,3,2,80.0,80.0,85.0,80.0,75.0,85.0,90.0,75.0,20.0,20.0,1,1,1,2,2,2,2,1,1,1,2,2,2,2,1,2,2,2,1,2,2,1,1,2,1,1,1,1,1,1,1,1,1,1,1,1,1,1,1,1
704,5,4,5,5,5,5,5,4,2,2,,35.0,5.0,,4.0,4.0,2.0,,,,6.0,,1.0,54.0,,,2.0,4.0,5.0,5.0,,,,,,,15.0,,,1.0,4.0,,,,1.0,5.0,,1.0,1.0,1.0,1.0,1.0,1.0,1.0,1.0,1.0,1.0,,,,,,,6,2,2,2,1,3,5,5,3,2,75.0,65.0,80.0,70.0,70.0,80.0,80.0,60.0,40.0,40.0,1,2,1,2,1,1,1,2,1,1,1,2,2,2,1,2,1,2,1,1,1,1,1,1,1,1,1,1,1,1,1,1,1,1,1,1,1,1,1,1
491,5,5,5,5,5,5,5,5,1,1,30.0,,5.0,,,,,5.0,5.0,1.0,,6.0,,,2.0,1.0,,5.0,5.0,6.0,,,,,,,18.0,,,1.0,,4.0,,,1.0,5.0,,,,,,,,,,,,1.0,1.0,1.0,1.0,1.0,1.0,6,3,3,3,3,5,5,5,3,2,75.0,75.0,80.0,80.0,75.0,80.0,80.0,75.0,20.0,20.0,1,1,1,1,1,1,2,1,1,1,1,2,1,2,1,2,1,1,1,1,2,1,1,1,1,1,1,1,1,1,1,1,1,1,1,1,1,1,1,1
118,5,5,5,3,3,4,5,3,2,2,40.0,,4.0,,4.0,4.0,3.0,,,,6.0,,,,1.0,1.0,,,,,2.0,5.0,5.0,,,,,15.0,,2.0,,,3.0,1.0,,5.0,,,,,,,,,,,,1.0,1.0,1.0,1.0,1.0,1.0,6,3,3,3,1,4,5,5,3,2,75.0,70.0,80.0,50.0,50.0,60.0,70.0,40.0,30.0,30.0,2,1,1,2,1,1,1,2,1,1,2,2,2,1,2,2,1,1,2,2,2,1,1,2,2,2,2,1,2,1,1,2,2,1,1,1,2,1,2,2
1951,4,4,4,4,4,4,4,3,2,2,40.0,,4.0,,4.0,3.0,3.0,,,,,6.0,,,1.0,1.0,,,,,,,,4.0,5.0,5.0,,15.0,1.0,,,4.0,,,1.0,5.0,,1.0,1.0,1.0,1.0,1.0,1.0,1.0,1.0,1.0,1.0,,,,,,,6,3,3,3,1,5,6,6,3,2,60.0,55.0,55.0,50.0,50.0,50.0,50.0,40.0,30.0,30.0,1,2,1,1,1,2,1,1,2,1,1,2,1,1,2,1,2,1,1,2,1,1,1,2,2,1,1,2,1,1,2,1,1,1,2,1,2,1,2,1
1822,5,5,5,5,5,5,5,5,2,2,30.0,,4.0,,,,,5.0,4.0,2.0,,6.0,,,1.0,,2.0,,,,,,,5.0,5.0,5.0,,15.0,,2.0,,,3.0,,1.0,,5.0,,,,,,,,,,,1.0,1.0,1.0,1.0,1.0,1.0,6,3,3,3,2,4,6,6,3,2,80.0,75.0,85.0,80.0,75.0,80.0,85.0,70.0,40.0,40.0,1,1,1,1,2,2,2,1,1,2,1,1,1,1,1,2,1,1,1,1,1,1,1,1,2,1,2,1,2,1,1,1,1,1,1,1,1,1,1,1
1050,5,5,5,5,5,5,5,4,1,2,,30.0,,6.0,3.0,4.0,5.0,,,,6.0,,,,1.0,1.0,,,,,4.0,5.0,5.0,,,,15.0,,1.0,,,,3.0,2.0,,5.0,,1.0,1.0,1.0,1.0,1.0,1.0,1.0,1.0,1.0,1.0,,,,,,,7,3,3,3,2,5,6,6,3,2,75.0,70.0,80.0,75.0,70.0,75.0,80.0,60.0,30.0,40.0,1,1,1,1,1,1,1,1,1,1,1,1,1,1,1,1,1,1,1,1,1,1,1,1,1,1,1,1,1,1,1,1,1,1,1,1,1,1,1,1
1123,5,5,5,2,3,5,5,2,2,2,30.0,,5.0,,4.0,4.0,3.0,,,,,6.0,1.0,54.0,,,2.0,,,,4.0,5.0,5.0,,,,,15.0,1.0,,,4.0,,,1.0,5.0,,,,,,,,,,,,1.0,1.0,1.0,1.0,1.0,1.0,6,3,3,3,2,4,4,4,3,2,70.0,70.0,70.0,40.0,40.0,70.0,70.0,30.0,30.0,30.0,1,1,1,1,1,1,1,1,1,1,2,1,1,1,1,2,1,1,1,1,1,1,1,1,2,2,1,1,1,1,1,1,2,1,1,1,1,1,1,1
450,5,5,5,5,5,5,5,5,1,1,,15.0,5.0,,,,,4.0,4.0,2.0,6.0,,,,1.0,1.0,,,,,,,,5.0,5.0,6.0,,15.0,1.0,,4.0,,,1.0,,,6.0,1.0,1.0,1.0,1.0,1.0,1.0,1.0,1.0,1.0,1.0,,,,,,,6,3,3,3,2,4,5,5,3,2,75.0,75.0,80.0,80.0,75.0,80.0,80.0,75.0,25.0,25.0,1,1,2,2,1,1,2,2,1,1,1,2,2,1,1,1,1,1,2,2,1,1,2,1,2,1,2,1,1,1,1,1,2,2,1,1,2,1,1,1
523,5,5,5,5,5,5,5,4,2,2,,30.0,5.0,,5.0,4.0,3.0,,,,6.0,,1.0,54.0,,1.0,,,,,4.0,5.0,5.0,,,,15.0,,1.0,,,,3.0,,1.0,5.0,,,,,,,,,,,,1.0,1.0,1.0,1.0,1.0,1.0,6,3,3,3,1,4,6,6,3,2,80.0,75.0,85.0,80.0,75.0,80.0,85.0,70.0,40.0,40.0,1,1,1,1,1,1,1,1,1,1,1,1,1,1,1,1,1,1,1,1,1,1,1,1,1,1,1,1,1,1,1,1,1,1,1,1,1,1,1,1
1924,5,5,5,5,5,5,5,5,2,2,30.0,,4.0,,,,,5.0,4.0,2.0,,6.0,,,1.0,,2.0,,,,,,,5.0,5.0,5.0,15.0,,1.0,,,,2.0,,1.0,,5.0,1.0,1.0,1.0,1.0,1.0,1.0,1.0,1.0,1.0,1.0,,,,,,,6,2,2,2,2,5,6,6,3,1,85.0,80.0,85.0,90.0,85.0,90.0,90.0,85.0,30.0,30.0,1,2,1,2,2,2,1,1,1,2,1,2,2,1,1,1,1,2,1,1,1,2,1,1,1,2,2,1,1,1,1,1,1,1,1,2,2,2,1,1
1857,5,5,5,3,4,5,5,3,2,2,40.0,,5.0,,,,,5.0,4.0,2.0,,6.0,1.0,54.0,,1.0,,4.0,5.0,5.0,,,,,,,,8.0,,1.0,,4.0,,,1.0,5.0,,1.0,1.0,1.0,1.0,1.0,1.0,1.0,1.0,1.0,1.0,,,,,,,6,2,3,3,2,4,5,5,3,2,75.0,70.0,75.0,50.0,55.0,70.0,70.0,50.0,40.0,40.0,1,1,1,1,1,1,1,2,1,1,1,2,1,1,2,2,2,1,1,1,1,1,1,2,1,1,1,1,1,1,1,1,1,1,1,1,1,1,1,1
1639,5,5,5,5,5,5,5,5,1,1,,30.0,,5.0,,,,6.0,5.0,2.0,,6.0,,,1.0,1.0,,,,,,,,5.0,5.0,6.0,10.0,,1.0,,,4.0,,2.0,,,6.0,,,,,,,,,,,1.0,1.0,1.0,1.0,1.0,1.0,6,3,3,3,3,5,6,6,4,2,75.0,70.0,80.0,70.0,65.0,70.0,75.0,60.0,40.0,40.0,1,1,1,1,1,1,1,1,1,1,1,1,1,1,1,1,1,1,1,1,1,1,1,1,1,1,1,1,1,1,1,1,1,1,1,1,1,1,1,1
1025,5,5,5,5,5,5,5,5,1,1,,30.0,,6.0,4.0,3.0,3.0,,,,6.0,,,,1.0,,2.0,,,,1.0,5.0,6.0,,,,,18.0,,2.0,,4.0,,,1.0,5.0,,1.0,1.0,1.0,1.0,1.0,1.0,1.0,1.0,1.0,1.0,,,,,,,6,3,3,3,2,4,6,6,3,2,85.0,80.0,85.0,85.0,80.0,85.0,90.0,75.0,20.0,20.0,2,1,1,2,1,2,2,1,1,1,1,1,2,1,2,1,1,1,1,2,2,1,1,1,1,1,1,1,1,1,1,1,1,1,1,1,1,1,1,1
1156,5,5,5,5,5,5,5,5,1,1,30.0,,,5.0,4.0,4.0,2.0,,,,6.0,,1.0,54.0,,,2.0,,,,,,,5.0,5.0,6.0,,15.0,,1.0,,5.0,,,1.0,5.0,,,,,,,,,,,,1.0,1.0,1.0,1.0,1.0,1.0,6,3,3,3,3,5,5,5,3,2,85.0,80.0,90.0,75.0,70.0,80.0,85.0,75.0,20.0,15.0,1,1,1,1,1,1,1,2,1,1,1,1,1,1,1,1,1,1,1,1,1,1,1,1,1,1,1,1,1,1,1,1,1,1,1,1,1,1,1,1
239,4,4,5,4,4,4,5,3,2,2,40.0,,4.0,,,,,4.0,4.0,2.0,,6.0,1.0,15.0,,,2.0,,,,,,,4.0,5.0,5.0,5.0,,,2.0,,,3.0,,1.0,,5.0,,,,,,,,,,,1.0,1.0,1.0,1.0,1.0,1.0,6,3,2,3,2,5,6,5,3,2,65.0,60.0,70.0,55.0,50.0,60.0,70.0,40.0,30.0,30.0,2,2,1,2,1,1,1,2,1,1,2,1,2,1,1,2,2,1,1,1,2,1,1,1,1,1,1,1,2,1,1,1,2,1,2,1,2,1,2,1
425,4,4,4,3,3,4,4,3,2,2,40.0,,,2.0,,,,5.0,4.0,2.0,,6.0,,,1.0,1.0,,2.0,5.0,5.0,,,,,,,,15.0,,1.0,4.0,,,,1.0,5.0,,,,,,,,,,,,1.0,1.0,1.0,1.0,1.0,1.0,6,3,3,3,3,5,5,5,3,2,65.0,60.0,65.0,50.0,50.0,60.0,60.0,50.0,40.0,40.0,1,1,1,1,2,2,1,1,1,1,1,1,2,1,1,1,1,2,1,1,1,1,1,1,1,1,2,2,1,2,1,2,1,1,1,1,1,2,2,1
556,5,5,5,5,5,5,5,4,2,2,,30.0,,4.0,5.0,4.0,5.0,,,,6.0,,1.0,54.0,,1.0,,,,,4.0,5.0,5.0,,,,,15.0,,1.0,,,3.0,,1.0,,5.0,1.0,1.0,1.0,1.0,1.0,1.0,1.0,1.0,1.0,1.0,,,,,,,6,3,2,2,2,4,5,5,3,2,80.0,75.0,80.0,70.0,65.0,70.0,75.0,60.0,40.0,40.0,1,2,1,2,1,2,1,2,2,1,1,1,1,2,2,1,1,2,2,1,2,2,1,2,1,1,2,1,2,1,1,2,1,2,1,2,1,2,1,1
1896,5,5,5,4,4,5,5,3,2,2,,30.0,6.0,,,,,5.0,4.0,2.0,,6.0,1.0,54.0,,,2.0,,,,4.0,5.0,5.0,,,,15.0,,,1.0,,7.0,,1.0,,5.0,,1.0,1.0,1.0,1.0,1.0,1.0,1.0,1.0,1.0,1.0,,,,,,,6,3,3,3,2,5,5,5,3,2,70.0,65.0,75.0,50.0,55.0,70.0,70.0,40.0,30.0,30.0,1,1,1,1,1,1,1,1,1,1,1,1,1,1,1,1,1,1,1,1,1,1,1,1,1,1,1,1,1,1,1,1,1,1,1,1,1,1,1,1
1197,5,5,5,3,3,5,5,3,2,2,40.0,,,2.0,4.0,3.0,3.0,,,,6.0,,1.0,20.0,,1.0,,,,,,,,3.0,5.0,5.0,10.0,,1.0,,,,3.0,1.0,,5.0,,1.0,1.0,1.0,1.0,1.0,1.0,1.0,1.0,1.0,1.0,,,,,,,6,2,2,2,1,5,5,5,3,2,70.0,70.0,70.0,50.0,50.0,70.0,70.0,50.0,30.0,30.0,1,1,1,1,1,1,2,1,1,1,1,1,1,1,2,1,1,1,1,1,1,1,1,1,1,1,1,1,1,1,1,1,1,1,1,1,1,1,1,1
1202,4,4,5,4,4,4,5,4,2,2,35.0,,,2.0,,,,4.0,3.0,2.0,,6.0,,,1.0,1.0,,,,,,,,4.0,5.0,5.0,,15.0,,2.0,,5.0,,,1.0,,5.0,,,,,,,,,,,1.0,1.0,1.0,1.0,1.0,1.0,6,3,3,3,2,4,4,4,3,2,65.0,60.0,75.0,55.0,60.0,60.0,70.0,55.0,40.0,40.0,2,1,2,1,1,1,1,2,1,1,2,2,2,1,1,1,1,2,1,1,1,1,1,1,1,1,1,1,1,1,1,1,1,1,1,1,1,1,1,1
1371,5,5,5,5,5,5,5,5,2,2,30.0,,4.0,,,,,5.0,4.0,2.0,6.0,,,,1.0,1.0,,2.0,5.0,5.0,,,,,,,,10.0,,1.0,,5.0,,2.0,,5.0,,1.0,1.0,1.0,1.0,1.0,1.0,1.0,1.0,1.0,1.0,,,,,,,6,3,2,2,2,5,6,6,3,2,85.0,80.0,85.0,80.0,75.0,80.0,85.0,75.0,30.0,30.0,1,1,1,2,2,1,1,1,1,1,1,1,1,1,1,1,1,1,1,1,1,1,1,1,1,1,1,1,1,1,1,1,1,1,1,1,1,1,1,1
597,5,5,5,5,5,5,5,5,1,1,,30.0,5.0,,,,,4.0,4.0,2.0,,6.0,1.0,54.0,,1.0,,5.0,5.0,6.0,,,,,,,,15.0,1.0,,,,3.0,2.0,,,6.0,,,,,,,,,,,1.0,1.0,1.0,1.0,1.0,1.0,6,3,3,3,3,5,5,5,4,2,75.0,75.0,80.0,80.0,75.0,75.0,80.0,70.0,20.0,20.0,1,1,1,1,1,1,1,1,1,1,1,1,1,2,1,1,2,2,2,1,1,1,1,1,1,1,2,1,1,1,1,2,2,1,1,1,1,2,1,1
602,5,5,5,5,5,5,5,5,2,2,,30.0,5.0,,,,,4.0,4.0,2.0,,6.0,,,1.0,1.0,,,,,5.0,5.0,6.0,,,,15.0,,1.0,,,,3.0,,1.0,5.0,,1.0,1.0,1.0,1.0,1.0,1.0,1.0,1.0,1.0,1.0,,,,,,,6,3,3,3,1,5,5,5,3,2,75.0,75.0,80.0,85.0,80.0,85.0,85.0,75.0,40.0,40.0,1,1,2,1,1,2,1,1,1,1,2,1,2,2,1,2,2,2,1,1,2,2,1,1,2,2,2,2,2,2,1,2,1,1,2,1,2,1,2,1
771,5,5,5,5,5,5,5,5,1,1,30.0,,,4.0,,,,5.0,4.0,2.0,,6.0,1.0,54.0,,1.0,,4.0,5.0,5.0,,,,,,,,15.0,1.0,,4.0,,,,1.0,,5.0,,,,,,,,,,,1.0,1.0,1.0,1.0,1.0,1.0,6,3,3,3,1,5,6,6,3,2,85.0,80.0,90.0,90.0,85.0,90.0,90.0,80.0,20.0,20.0,1,1,2,1,1,2,1,2,2,2,1,2,1,1,2,1,1,1,1,2,1,1,1,1,1,1,1,1,1,1,2,1,1,1,1,1,2,2,1,1
1915,5,5,5,5,5,5,5,5,2,2,30.0,,6.0,,5.0,4.0,3.0,,,,,6.0,1.0,54.0,,,2.0,,,,5.0,5.0,5.0,,,,15.0,,1.0,,,,2.0,,1.0,,5.0,,,,,,,,,,,1.0,1.0,1.0,1.0,1.0,1.0,6,3,2,2,1,4,6,6,3,2,85.0,80.0,90.0,85.0,80.0,85.0,90.0,75.0,40.0,40.0,1,1,2,1,2,2,1,1,1,2,2,1,2,1,2,1,1,2,1,1,2,1,1,1,1,1,1,1,1,1,1,1,2,2,1,1,1,1,1,1
1866,4,4,4,3,4,4,4,3,2,2,,30.0,,2.0,3.0,3.0,4.0,,,,6.0,,,,1.0,,2.0,2.0,4.0,5.0,,,,,,,15.0,,1.0,,,4.0,,,1.0,5.0,,,,,,,,,,,,1.0,1.0,1.0,1.0,1.0,1.0,6,3,3,3,2,5,6,6,3,2,60.0,55.0,60.0,40.0,45.0,50.0,50.0,40.0,35.0,30.0,1,2,1,1,1,2,1,1,2,2,2,1,2,2,1,1,1,1,1,1,1,2,1,1,2,1,1,2,1,2,2,1,1,1,2,2,1,1,1,1
781,5,5,5,5,5,5,5,5,1,1,,30.0,4.0,,5.0,4.0,3.0,,,,6.0,,1.0,54.0,,1.0,,4.0,5.0,5.0,,,,,,,,15.0,1.0,,5.0,,,1.0,,,5.0,,,,,,,,,,,1.0,1.0,1.0,1.0,1.0,1.0,6,3,3,3,2,4,5,5,3,2,85.0,80.0,85.0,80.0,75.0,80.0,85.0,75.0,20.0,20.0,1,1,1,1,1,1,1,1,1,1,1,1,1,1,1,1,1,1,1,1,1,1,1,1,1,1,1,1,1,1,1,1,1,1,1,1,1,1,1,1
208,5,5,5,4,4,5,5,4,2,2,30.0,,4.0,,,,,4.0,3.0,2.0,6.0,,,,1.0,,2.0,,,,2.0,5.0,5.0,,,,15.0,,,2.0,,7.0,,,1.0,,5.0,1.0,1.0,1.0,1.0,1.0,1.0,1.0,1.0,1.0,1.0,,,,,,,6,3,3,3,2,4,5,5,3,2,75.0,70.0,75.0,50.0,50.0,70.0,70.0,50.0,30.0,30.0,2,2,1,2,1,2,1,1,1,2,2,1,2,1,1,2,2,2,2,1,1,1,2,2,1,1,2,1,1,1,2,1,2,2,2,2,2,1,2,1
414,4,4,5,3,4,4,5,3,2,2,40.0,,,2.0,4.0,3.0,2.0,,,,6.0,,,,1.0,,2.0,3.0,5.0,5.0,,,,,,,15.0,,1.0,,,,3.0,1.0,,,5.0,1.0,1.0,1.0,1.0,1.0,1.0,1.0,1.0,1.0,1.0,,,,,,,6,3,3,3,2,4,5,5,3,2,65.0,65.0,80.0,50.0,55.0,60.0,70.0,40.0,30.0,30.0,1,2,1,1,2,1,1,1,1,1,1,1,1,1,1,1,2,1,2,1,1,1,1,1,1,1,2,2,1,1,1,1,1,2,2,2,1,1,1,1
567,5,5,5,5,5,5,5,5,1,1,30.0,,,2.0,4.0,4.0,3.0,,,,,6.0,,,1.0,,2.0,,,,5.0,5.0,6.0,,,,,15.0,,1.0,,,3.0,2.0,,5.0,,,,,,,,,,,,1.0,1.0,1.0,1.0,1.0,1.0,6,3,3,3,2,4,5,5,3,2,75.0,75.0,80.0,80.0,75.0,80.0,80.0,75.0,25.0,25.0,1,2,1,1,2,1,2,1,2,1,1,1,1,2,2,1,1,2,1,1,1,2,1,1,1,2,1,1,1,1,1,1,1,2,1,1,1,2,2,1
1381,5,5,5,4,4,5,5,4,2,2,70.0,,6.0,,3.0,4.0,2.0,,,,6.0,,1.0,54.0,,,2.0,,,,,,,5.0,5.0,6.0,15.0,,1.0,,,4.0,,,1.0,5.0,,,,,,,,,,,,1.0,1.0,1.0,1.0,1.0,1.0,6,3,3,3,1,5,6,6,3,2,75.0,75.0,80.0,60.0,60.0,75.0,75.0,60.0,40.0,40.0,1,2,1,1,2,1,1,1,1,1,1,1,1,1,1,2,1,2,1,1,1,1,1,1,1,2,1,1,1,1,1,1,1,1,1,1,1,1,1,1
1608,5,5,5,5,5,5,5,5,1,1,70.0,,,2.0,,,,5.0,4.0,2.0,,6.0,,,1.0,,2.0,,,,4.0,5.0,5.0,,,,10.0,,,1.0,,,3.0,,1.0,5.0,,1.0,1.0,1.0,1.0,1.0,1.0,1.0,1.0,1.0,1.0,,,,,,,6,3,3,3,1,3,6,6,3,2,75.0,75.0,80.0,80.0,75.0,80.0,80.0,75.0,20.0,20.0,1,1,1,1,1,1,1,1,1,1,1,1,1,1,1,1,1,1,1,1,1,1,1,1,1,1,1,1,1,1,1,1,1,1,1,1,1,1,1,1
1014,5,4,5,5,4,5,5,4,2,2,35.0,,5.0,,3.0,4.0,3.0,,,,6.0,,1.0,54.0,,1.0,,4.0,5.0,5.0,,,,,,,18.0,,,1.0,,,3.0,,1.0,5.0,,,,,,,,,,,,1.0,1.0,1.0,1.0,1.0,1.0,6,3,3,3,1,3,5,5,4,2,75.0,65.0,80.0,70.0,60.0,85.0,90.0,55.0,40.0,45.0,1,1,2,2,1,1,1,2,2,1,1,1,1,1,2,1,1,1,1,1,1,1,1,1,1,1,1,1,1,1,1,1,1,1,1,1,1,1,1,1
1167,5,5,5,5,5,5,5,5,1,1,30.0,,6.0,,4.0,3.0,3.0,,,,,6.0,1.0,54.0,,1.0,,,,,,,,5.0,5.0,6.0,10.0,,1.0,,,10.0,,,1.0,6.0,,1.0,1.0,1.0,1.0,1.0,1.0,1.0,1.0,1.0,1.0,,,,,,,7,3,3,3,1,5,6,6,3,2,75.0,75.0,80.0,85.0,80.0,85.0,85.0,80.0,20.0,20.0,1,1,1,1,1,1,1,1,1,1,1,1,1,1,1,1,1,1,1,1,1,1,1,1,1,1,1,1,1,1,1,1,1,1,1,1,1,1,1,1
633,5,5,5,4,4,5,5,4,2,2,70.0,,5.0,,,,,5.0,4.0,2.0,,6.0,1.0,54.0,,1.0,,4.0,5.0,5.0,,,,,,,,15.0,,1.0,4.0,,,,1.0,,5.0,,,,,,,,,,,1.0,1.0,1.0,1.0,1.0,1.0,6,3,3,3,2,4,5,5,3,2,70.0,70.0,70.0,60.0,60.0,70.0,70.0,60.0,40.0,40.0,2,1,1,1,2,2,2,1,1,1,1,2,2,1,1,2,1,1,2,2,2,1,2,1,2,1,2,1,1,2,2,1,1,2,2,1,1,1,1,1
740,5,4,5,5,4,5,5,4,2,2,40.0,,5.0,,,,,5.0,4.0,2.0,,6.0,1.0,54.0,,1.0,,,,,,,,4.0,5.0,5.0,,15.0,,2.0,,4.0,,1.0,,5.0,,1.0,1.0,1.0,1.0,1.0,1.0,1.0,1.0,1.0,1.0,,,,,,,6,3,3,3,1,3,6,6,3,2,70.0,65.0,75.0,80.0,70.0,75.0,80.0,70.0,40.0,40.0,2,2,2,2,2,2,2,2,2,2,2,1,2,2,2,2,2,2,1,1,1,1,1,1,1,1,1,1,1,1,1,1,1,2,2,1,2,2,2,2
1233,5,5,5,4,4,5,5,4,2,2,,30.0,4.0,,4.0,3.0,5.0,,,,6.0,,1.0,54.0,,1.0,,,,,3.0,5.0,5.0,,,,,15.0,1.0,,,4.0,,2.0,,5.0,,,,,,,,,,,,1.0,1.0,1.0,1.0,1.0,1.0,6,2,3,3,2,5,6,6,3,2,70.0,70.0,75.0,60.0,60.0,70.0,70.0,55.0,40.0,40.0,1,1,1,2,1,2,1,2,1,2,1,1,2,2,2,1,1,1,1,2,2,1,2,1,2,2,1,1,1,1,2,2,1,2,2,1,1,1,2,2
1340,5,5,5,5,5,5,5,5,1,2,,30.0,4.0,,5.0,4.0,3.0,,,,6.0,,1.0,54.0,,1.0,,,,,,,,5.0,5.0,6.0,15.0,,,1.0,5.0,,,,1.0,,6.0,,,,,,,,,,,1.0,1.0,1.0,1.0,1.0,1.0,6,3,2,2,1,4,5,5,3,2,80.0,75.0,85.0,80.0,75.0,80.0,85.0,70.0,30.0,40.0,1,1,2,1,1,1,1,2,2,1,1,2,1,1,2,1,1,1,1,1,1,1,1,1,1,1,1,1,1,1,1,1,1,1,1,1,1,1,1,1
828,5,5,5,4,4,5,5,4,2,2,,30.0,4.0,,5.0,4.0,3.0,,,,6.0,,1.0,54.0,,,2.0,,,,,,,3.0,5.0,5.0,,15.0,,1.0,4.0,,,1.0,,,5.0,1.0,1.0,1.0,1.0,1.0,1.0,1.0,1.0,1.0,1.0,,,,,,,6,3,3,3,2,4,5,5,3,2,70.0,70.0,75.0,60.0,60.0,70.0,70.0,55.0,40.0,40.0,2,2,1,1,2,2,1,2,1,2,2,1,2,2,1,2,1,2,2,1,2,1,1,2,2,2,1,2,1,2,2,2,1,2,2,2,1,2,1,1
646,5,5,5,5,5,5,5,5,2,2,40.0,,,2.0,5.0,3.0,4.0,,,,6.0,,,,1.0,1.0,,2.0,5.0,5.0,,,,,,,15.0,,,1.0,,6.0,,,1.0,5.0,,1.0,1.0,1.0,1.0,1.0,1.0,1.0,1.0,1.0,1.0,,,,,,,6,3,3,3,3,4,5,5,3,2,75.0,70.0,80.0,75.0,70.0,75.0,80.0,70.0,40.0,40.0,1,2,2,1,1,1,2,1,1,1,2,1,1,2,1,2,2,1,2,1,1,1,1,1,1,2,1,1,1,1,2,1,2,1,1,1,2,1,1,1
735,5,5,5,5,5,5,5,5,2,2,30.0,,6.0,,,,,6.0,5.0,2.0,6.0,,,,1.0,,2.0,,,,5.0,5.0,6.0,,,,,15.0,,1.0,,,3.0,,1.0,,5.0,1.0,1.0,1.0,1.0,1.0,1.0,1.0,1.0,1.0,1.0,,,,,,,6,3,3,3,2,4,4,4,3,2,85.0,80.0,85.0,90.0,85.0,90.0,90.0,80.0,30.0,30.0,1,1,1,1,1,1,2,2,1,1,2,1,1,1,2,1,1,1,1,1,2,1,1,2,1,1,1,2,1,2,1,1,1,1,1,1,2,1,1,1
129,5,5,5,5,5,5,5,5,2,2,,30.0,4.0,,,,,5.0,4.0,2.0,,6.0,1.0,54.0,,,2.0,,,,4.0,5.0,5.0,,,,,15.0,1.0,,,,3.0,2.0,,,5.0,,,,,,,,,,,1.0,1.0,1.0,1.0,1.0,1.0,6,3,3,3,2,4,5,5,3,2,80.0,75.0,85.0,80.0,75.0,80.0,85.0,70.0,40.0,40.0,1,2,1,1,1,2,1,1,2,1,1,2,1,2,2,1,1,1,2,1,1,1,2,2,1,1,1,2,1,1,1,2,1,1,1,2,1,1,1,1
1246,5,5,5,5,5,5,5,5,2,2,30.0,,4.0,,,,,5.0,4.0,2.0,6.0,,,,1.0,1.0,,,,,5.0,5.0,6.0,,,,15.0,,1.0,,,,3.0,2.0,,,5.0,1.0,1.0,1.0,1.0,1.0,1.0,1.0,1.0,1.0,1.0,,,,,,,7,3,3,3,1,5,6,6,3,2,85.0,80.0,85.0,80.0,75.0,80.0,85.0,70.0,40.0,40.0,1,1,1,1,1,1,2,1,1,1,1,1,1,1,1,1,1,1,1,1,1,1,1,1,1,1,1,1,1,1,1,1,1,1,1,1,1,1,1,1
1335,5,5,5,5,5,5,5,5,2,2,,30.0,,4.0,4.0,3.0,3.0,,,,,6.0,,,1.0,1.0,,,,,5.0,5.0,6.0,,,,15.0,,,1.0,,6.0,,2.0,,,5.0,,,,,,,,,,,1.0,1.0,1.0,1.0,1.0,1.0,6,3,4,3,2,4,5,5,3,2,75.0,70.0,80.0,85.0,80.0,85.0,90.0,80.0,40.0,40.0,1,1,1,1,1,2,2,1,1,1,1,1,1,2,1,2,1,1,1,2,1,1,1,2,1,1,1,1,1,1,1,1,1,2,1,2,1,1,1,1
1529,5,5,5,4,4,5,5,4,2,3,,30.0,5.0,,5.0,4.0,3.0,,,,6.0,,,,1.0,1.0,,,,,,,,4.0,5.0,5.0,,15.0,,1.0,4.0,,,1.0,,5.0,,,,,,,,,,,,1.0,1.0,1.0,1.0,1.0,1.0,6,3,3,3,3,4,5,5,3,2,70.0,70.0,75.0,60.0,60.0,75.0,70.0,60.0,40.0,50.0,1,1,2,1,1,2,1,2,1,1,2,1,1,2,1,1,1,2,1,2,2,2,1,1,1,2,1,1,2,1,2,1,1,2,1,1,2,1,1,1
1960,5,5,5,5,5,5,5,5,2,2,,30.0,6.0,,,,,2.0,5.0,1.0,6.0,,1.0,54.0,,,2.0,,,,4.0,5.0,5.0,,,,5.0,,1.0,,,,3.0,2.0,,,5.0,1.0,1.0,1.0,1.0,1.0,1.0,1.0,1.0,1.0,1.0,,,,,,,6,3,3,3,1,5,6,6,3,2,75.0,70.0,80.0,75.0,70.0,75.0,80.0,70.0,40.0,40.0,2,1,2,1,1,1,1,2,2,2,1,2,2,1,1,2,2,1,2,1,1,1,2,2,2,1,1,1,2,1,1,1,2,1,1,1,1,2,1,1
1813,5,5,5,5,5,5,5,5,1,1,30.0,,,2.0,,,,4.0,4.0,2.0,6.0,,,,1.0,1.0,,2.0,5.0,6.0,,,,,,,15.0,,,1.0,,5.0,,2.0,,5.0,,,,,,,,,,,,1.0,1.0,1.0,1.0,1.0,1.0,6,3,3,3,3,5,6,6,3,2,75.0,75.0,80.0,75.0,75.0,80.0,80.0,75.0,25.0,25.0,1,1,1,1,1,1,1,1,1,1,1,1,1,1,1,1,1,1,1,1,1,1,1,1,1,1,1,1,1,1,1,1,1,1,1,1,1,1,1,1
461,5,5,5,5,5,5,5,5,2,2,30.0,,,2.0,,,,4.0,3.0,2.0,,6.0,1.0,54.0,,,2.0,4.0,5.0,5.0,,,,,,,,15.0,1.0,,,,3.0,2.0,,5.0,,,,,,,,,,,,1.0,1.0,1.0,1.0,1.0,1.0,6,2,3,3,1,3,5,5,3,2,85.0,80.0,90.0,85.0,80.0,85.0,90.0,80.0,30.0,30.0,1,1,1,1,1,1,1,1,1,1,1,1,1,1,1,1,1,1,1,1,1,1,1,2,1,1,1,1,1,1,1,1,1,1,1,1,1,1,1,1
512,5,5,5,2,3,5,5,2,1,1,,30.0,4.0,,3.0,4.0,5.0,,,,,6.0,1.0,54.0,,1.0,,,,,,,,4.0,5.0,6.0,18.0,,1.0,,,,3.0,,1.0,,5.0,,,,,,,,,,,1.0,1.0,1.0,1.0,1.0,1.0,6,2,3,3,1,3,6,6,3,2,75.0,70.0,80.0,40.0,50.0,75.0,70.0,40.0,20.0,20.0,1,1,2,2,1,1,1,1,1,2,2,2,1,1,1,1,1,1,1,1,1,1,1,1,2,1,1,1,1,1,2,1,1,2,1,2,1,1,1,1
687,4,4,4,2,3,4,4,2,2,2,,30.0,,5.0,,,,5.0,4.0,2.0,6.0,,,,1.0,1.0,,,,,,,,2.0,5.0,5.0,5.0,,1.0,,,,3.0,2.0,,,5.0,,,,,,,,,,,1.0,1.0,1.0,1.0,1.0,1.0,6,3,3,3,2,4,5,5,3,2,60.0,55.0,60.0,30.0,40.0,55.0,50.0,30.0,30.0,30.0,2,2,1,2,1,1,1,2,1,1,2,2,1,2,1,2,1,2,1,2,1,2,1,1,2,1,2,1,1,1,2,1,2,1,2,1,2,1,2,1
1061,5,5,5,5,5,5,5,5,2,2,,30.0,6.0,,4.0,4.0,2.0,,,,,6.0,1.0,54.0,,,2.0,4.0,5.0,5.0,,,,,,,15.0,,,1.0,,6.0,,,1.0,5.0,,1.0,1.0,1.0,1.0,1.0,1.0,1.0,1.0,1.0,1.0,,,,,,,6,3,3,3,2,4,5,5,3,2,75.0,75.0,80.0,80.0,75.0,80.0,80.0,70.0,40.0,40.0,1,1,1,1,2,2,2,1,1,2,2,1,1,1,2,1,1,2,1,2,2,2,1,2,1,1,2,2,1,1,1,1,1,1,1,1,1,2,2,1
1112,5,5,5,5,5,5,5,5,1,1,,15.0,5.0,,,,,5.0,4.0,2.0,6.0,,1.0,54.0,,,2.0,,,,5.0,5.0,6.0,,,,10.0,,1.0,,4.0,,,1.0,,,6.0,1.0,1.0,1.0,1.0,1.0,1.0,1.0,1.0,1.0,1.0,,,,,,,6,3,3,3,3,5,5,5,3,2,75.0,75.0,80.0,85.0,80.0,85.0,85.0,80.0,20.0,20.0,2,2,2,2,2,2,2,2,1,2,2,2,2,2,2,2,2,2,2,2,2,2,1,1,2,1,2,2,2,2,2,2,2,2,2,2,2,1,2,2
1287,5,5,5,5,5,5,5,5,1,1,,30.0,,2.0,,,,2.0,4.0,2.0,,6.0,,,1.0,,2.0,,,,,,,4.0,5.0,6.0,2.0,,1.0,,,,3.0,,1.0,5.0,,1.0,1.0,1.0,1.0,1.0,1.0,1.0,1.0,1.0,1.0,,,,,,,6,3,3,3,1,3,5,5,3,2,70.0,70.0,80.0,80.0,80.0,80.0,80.0,70.0,20.0,20.0,1,1,2,1,1,2,2,1,1,1,2,1,2,2,1,1,1,2,2,2,1,2,1,2,1,1,1,1,1,1,1,1,1,1,2,2,1,1,2,2
123,4,4,4,2,3,4,4,2,2,2,40.0,,2.0,,4.0,3.0,3.0,,,,,6.0,1.0,54.0,,,2.0,2.0,4.0,5.0,,,,,,,,15.0,1.0,,,4.0,,1.0,,,5.0,1.0,1.0,1.0,1.0,1.0,1.0,1.0,1.0,1.0,1.0,,,,,,,6,3,3,3,2,4,5,5,3,2,60.0,55.0,60.0,30.0,40.0,50.0,50.0,30.0,30.0,30.0,2,1,2,2,1,2,2,2,1,2,1,2,2,1,1,2,2,1,1,2,2,2,2,2,1,1,1,2,1,1,1,2,2,1,1,2,2,1,2,1
1450,4,4,5,5,5,5,5,5,2,2,,30.0,,2.0,4.0,3.0,2.0,,,,,6.0,1.0,54.0,,,2.0,3.0,5.0,5.0,,,,,,,15.0,,1.0,,3.0,,,1.0,,5.0,,,,,,,,,,,,1.0,1.0,1.0,1.0,1.0,1.0,6,3,3,3,2,5,6,6,3,2,65.0,60.0,70.0,75.0,70.0,75.0,80.0,70.0,40.0,40.0,2,1,1,1,2,2,1,1,1,1,1,1,1,2,1,2,1,1,1,1,2,1,1,1,1,1,1,1,1,1,1,1,1,1,1,1,1,1,1,1
1523,5,5,5,3,4,5,5,3,2,2,,30.0,,2.0,3.0,4.0,2.0,,,,6.0,,1.0,54.0,,1.0,,,,,,,,4.0,5.0,5.0,15.0,,,1.0,,,3.0,,1.0,,5.0,1.0,1.0,1.0,1.0,1.0,1.0,1.0,1.0,1.0,1.0,,,,,,,6,2,3,3,1,3,5,5,3,2,75.0,70.0,80.0,50.0,60.0,75.0,80.0,40.0,30.0,30.0,1,1,1,2,1,2,1,2,1,1,2,1,2,1,1,1,1,2,1,1,1,1,2,1,2,1,1,1,1,1,1,2,2,2,2,1,1,1,1,1
951,4,4,4,2,3,4,4,2,2,2,,30.0,5.0,,4.0,3.0,3.0,,,,,6.0,1.0,15.0,,1.0,,,,,4.0,5.0,5.0,,,,,15.0,,1.0,,6.0,,,1.0,,5.0,1.0,1.0,1.0,1.0,1.0,1.0,1.0,1.0,1.0,1.0,,,,,,,6,3,3,3,1,5,5,5,3,2,65.0,65.0,65.0,40.0,40.0,65.0,65.0,40.0,40.0,40.0,1,2,2,2,2,2,1,1,2,1,2,1,2,1,2,1,1,1,1,1,1,1,1,1,1,1,1,1,1,1,1,1,1,1,1,1,1,1,1,1
822,5,5,5,4,4,5,5,4,2,2,35.0,,,2.0,4.0,3.0,3.0,,,,6.0,,1.0,54.0,,1.0,,4.0,5.0,5.0,,,,,,,15.0,,,1.0,,5.0,,,1.0,,5.0,,,,,,,,,,,1.0,1.0,1.0,1.0,1.0,1.0,6,3,3,3,3,4,5,5,3,2,75.0,70.0,80.0,60.0,55.0,75.0,70.0,50.0,40.0,40.0,1,1,1,2,1,1,2,1,1,1,2,2,2,1,1,1,1,1,1,1,1,1,1,2,1,2,1,2,1,1,1,1,1,1,1,1,1,1,1,1
518,5,5,5,5,5,5,5,4,2,2,,30.0,,5.0,,,,5.0,4.0,2.0,,6.0,1.0,54.0,,1.0,,,,,,,,4.0,5.0,5.0,,15.0,,1.0,,5.0,,,1.0,,5.0,1.0,1.0,1.0,1.0,1.0,1.0,1.0,1.0,1.0,1.0,,,,,,,6,3,3,3,2,5,6,6,3,2,75.0,70.0,80.0,70.0,65.0,70.0,75.0,60.0,40.0,40.0,1,1,1,2,1,1,2,2,2,1,2,1,1,1,1,1,1,1,1,1,1,1,1,1,1,1,1,1,1,1,1,1,1,1,1,1,1,1,1,1
277,4,4,4,2,3,4,4,2,1,1,40.0,,,2.0,,,,5.0,4.0,2.0,,6.0,,,1.0,,2.0,,,,3.0,5.0,5.0,,,,,15.0,,1.0,,,3.0,,1.0,5.0,,1.0,1.0,1.0,1.0,1.0,1.0,1.0,1.0,1.0,1.0,,,,,,,6,3,2,2,1,4,5,5,3,2,65.0,65.0,65.0,40.0,40.0,50.0,50.0,40.0,30.0,30.0,1,1,1,1,1,1,1,1,2,2,2,1,1,1,1,1,2,2,1,1,1,1,1,1,2,1,1,1,1,1,1,1,1,1,1,1,1,1,1,1
304,5,5,5,5,5,5,5,5,1,1,30.0,,4.0,,4.0,3.0,5.0,,,,,6.0,1.0,54.0,,1.0,,2.0,5.0,5.0,,,,,,,,15.0,,1.0,,7.0,,2.0,,5.0,,,,,,,,,,,,1.0,1.0,1.0,1.0,1.0,1.0,6,3,3,3,1,4,5,5,3,2,85.0,80.0,85.0,90.0,85.0,90.0,90.0,80.0,20.0,20.0,2,1,1,1,2,2,2,1,1,2,2,1,1,1,2,1,1,2,1,1,1,1,1,1,2,1,1,1,1,1,1,1,1,1,1,1,1,1,1,1
1491,5,5,5,5,5,5,5,5,1,1,,30.0,5.0,,3.0,4.0,2.0,,,,,6.0,,,1.0,1.0,,,,,5.0,5.0,6.0,,,,15.0,,1.0,,,,3.0,,1.0,5.0,,1.0,1.0,1.0,1.0,1.0,1.0,1.0,1.0,1.0,1.0,,,,,,,6,3,3,3,2,5,5,5,4,2,75.0,75.0,80.0,75.0,75.0,75.0,75.0,75.0,25.0,25.0,1,1,2,1,2,1,2,1,1,1,1,1,1,1,1,1,1,1,1,1,1,1,1,1,1,1,1,1,1,1,1,1,1,1,1,1,1,1,1,1
1118,5,5,5,5,5,5,5,5,1,1,40.0,,5.0,,,,,5.0,4.0,2.0,6.0,,1.0,15.0,,1.0,,,,,,,,5.0,5.0,6.0,,15.0,1.0,,5.0,,,,1.0,6.0,,,,,,,,,,,,1.0,1.0,1.0,1.0,1.0,1.0,6,3,3,3,2,5,6,6,4,2,80.0,75.0,85.0,80.0,75.0,80.0,85.0,80.0,20.0,20.0,1,2,2,1,1,1,2,2,1,2,1,2,2,2,1,1,1,1,1,2,1,2,1,2,1,1,2,1,2,2,1,1,1,2,2,2,2,2,1,2
1677,4,4,4,2,3,3,4,2,2,2,,30.0,5.0,,,,,5.0,4.0,2.0,,6.0,1.0,54.0,,1.0,,,,,,,,2.0,5.0,5.0,5.0,,,2.0,,6.0,,,1.0,5.0,,,,,,,,,,,,1.0,1.0,1.0,1.0,1.0,1.0,6,3,3,3,1,4,5,5,3,2,60.0,55.0,60.0,30.0,40.0,40.0,50.0,30.0,30.0,30.0,1,2,1,2,2,1,2,1,1,2,2,1,2,1,1,1,2,1,2,1,1,2,1,1,2,1,1,2,1,1,1,1,2,2,2,1,1,1,2,2
1704,5,5,5,5,5,5,5,5,1,1,,30.0,,5.0,,,,4.0,4.0,2.0,6.0,,1.0,54.0,,1.0,,,,,5.0,5.0,6.0,,,,15.0,,1.0,,,6.0,,2.0,,5.0,,,,,,,,,,,,1.0,1.0,1.0,1.0,1.0,1.0,7,3,3,3,1,3,5,5,3,2,85.0,85.0,90.0,90.0,90.0,90.0,90.0,90.0,10.0,10.0,2,1,1,1,2,1,1,2,1,2,1,2,1,2,1,2,1,1,2,1,1,1,1,2,1,1,1,2,1,2,2,2,1,2,1,2,2,2,1,1
1819,5,5,5,4,4,5,5,4,2,2,,30.0,,2.0,4.0,3.0,3.0,,,,6.0,,1.0,54.0,,1.0,,,,,,,,4.0,5.0,5.0,15.0,,1.0,,,4.0,,1.0,,,5.0,1.0,1.0,1.0,1.0,1.0,1.0,1.0,1.0,1.0,1.0,,,,,,,6,2,3,3,1,4,5,5,3,2,75.0,70.0,80.0,60.0,55.0,70.0,75.0,50.0,40.0,45.0,1,1,1,2,2,1,1,2,2,1,2,2,1,1,1,1,1,1,1,1,1,2,1,1,1,2,2,2,1,1,1,2,2,1,1,1,1,2,2,1
2004,5,5,5,2,2,5,5,2,1,2,,35.0,5.0,,,,,4.0,3.0,2.0,,6.0,1.0,54.0,,,2.0,,,,,,,2.0,5.0,5.0,,15.0,,1.0,4.0,,,1.0,,5.0,,1.0,1.0,1.0,1.0,1.0,1.0,1.0,1.0,1.0,1.0,,,,,,,6,3,3,3,2,4,5,5,3,2,70.0,70.0,70.0,30.0,30.0,70.0,70.0,30.0,30.0,30.0,1,1,1,1,1,1,1,1,1,1,2,1,1,1,1,1,1,1,1,1,1,1,1,1,2,1,2,1,1,1,1,2,1,1,1,1,2,1,1,1
75,5,4,5,5,4,5,5,4,2,2,40.0,,,2.0,3.0,4.0,3.0,,,,6.0,,1.0,20.0,,,2.0,,,,4.0,5.0,5.0,,,,,15.0,1.0,,4.0,,,,1.0,,5.0,,,,,,,,,,,1.0,1.0,1.0,1.0,1.0,1.0,6,3,3,3,3,4,5,5,3,2,70.0,65.0,70.0,60.0,55.0,65.0,70.0,55.0,40.0,40.0,1,1,2,2,1,2,1,1,2,1,1,2,2,1,2,2,1,2,1,1,1,2,1,1,1,2,1,1,1,2,1,2,2,2,1,1,2,2,2,1
990,5,5,5,5,5,5,5,5,1,1,,30.0,6.0,,3.0,4.0,3.0,,,,,6.0,1.0,54.0,,1.0,,,,,,,,5.0,5.0,6.0,,15.0,,2.0,,4.0,,1.0,,,6.0,,,,,,,,,,,1.0,1.0,1.0,1.0,1.0,1.0,6,3,3,3,3,4,5,5,3,2,75.0,70.0,80.0,85.0,80.0,85.0,90.0,80.0,30.0,30.0,1,1,1,2,1,1,1,2,1,2,2,1,1,1,2,2,1,1,1,1,1,1,1,2,1,2,1,1,2,1,1,1,2,1,1,1,1,1,1,1
202,5,5,5,5,5,5,5,4,2,2,30.0,,4.0,,,,,5.0,4.0,2.0,6.0,,1.0,54.0,,,2.0,,,,,,,5.0,5.0,6.0,15.0,,1.0,,,,3.0,3.0,,5.0,,,,,,,,,,,,1.0,1.0,1.0,1.0,1.0,1.0,6,2,3,3,1,3,5,5,3,2,85.0,80.0,85.0,80.0,75.0,80.0,85.0,70.0,40.0,40.0,1,1,2,1,1,2,1,1,1,1,1,1,1,1,1,1,1,1,1,1,1,1,1,1,1,2,1,1,1,1,1,1,1,1,1,1,1,1,1,1
371,4,4,4,2,3,4,4,2,1,2,,30.0,,2.0,,,,5.0,4.0,2.0,,6.0,1.0,54.0,,1.0,,2.0,5.0,5.0,,,,,,,15.0,,,1.0,4.0,,,1.0,,,5.0,1.0,1.0,1.0,1.0,1.0,1.0,1.0,1.0,1.0,1.0,,,,,,,6,3,3,3,2,5,5,5,3,2,60.0,55.0,55.0,30.0,40.0,50.0,50.0,30.0,20.0,30.0,1,1,2,2,1,1,1,1,1,2,2,2,1,1,1,1,1,1,1,1,1,1,1,1,1,2,2,2,2,1,1,2,2,1,1,1,1,2,1,1
197,5,5,5,5,5,5,5,5,1,1,,30.0,,2.0,,,,5.0,4.0,2.0,6.0,,1.0,54.0,,1.0,,,,,,,,4.0,5.0,5.0,15.0,,,1.0,4.0,,,2.0,,5.0,,1.0,1.0,1.0,1.0,1.0,1.0,1.0,1.0,1.0,1.0,,,,,,,6,3,2,2,2,5,6,6,3,2,80.0,75.0,85.0,70.0,65.0,75.0,80.0,70.0,30.0,30.0,2,1,1,2,2,1,2,2,1,2,1,2,1,1,2,2,1,2,2,1,1,1,1,1,2,1,2,1,2,1,1,1,1,1,2,1,2,1,2,1
1602,5,5,5,5,5,5,5,5,1,1,30.0,,,5.0,,,,4.0,4.0,2.0,6.0,,1.0,54.0,,,2.0,,,,4.0,5.0,5.0,,,,,15.0,,1.0,4.0,,,1.0,,,5.0,,,,,,,,,,,1.0,1.0,1.0,1.0,1.0,1.0,6,3,2,2,2,5,6,6,3,2,75.0,70.0,80.0,85.0,80.0,85.0,90.0,80.0,20.0,15.0,1,1,1,1,1,1,1,2,1,2,1,1,2,1,1,1,1,1,1,1,2,1,1,1,1,2,1,1,1,1,1,1,1,1,1,1,1,2,1,1
1771,5,5,5,5,5,5,5,5,1,1,,30.0,6.0,,,,,5.0,4.0,2.0,6.0,,,,1.0,1.0,,,,,,,,4.0,5.0,6.0,18.0,,,1.0,4.0,,,,1.0,5.0,,1.0,1.0,1.0,1.0,1.0,1.0,1.0,1.0,1.0,1.0,,,,,,,6,3,3,3,1,5,6,6,3,2,85.0,80.0,85.0,80.0,75.0,80.0,85.0,75.0,20.0,20.0,1,1,2,1,1,1,2,1,1,1,1,1,1,2,2,1,1,2,1,1,1,1,1,1,1,1,1,1,1,2,1,1,1,1,1,1,1,2,1,1
1597,4,4,4,2,3,4,4,2,1,1,40.0,,,2.0,4.0,3.0,3.0,,,,6.0,,1.0,54.0,,1.0,,,,,,,,1.0,5.0,5.0,,15.0,,2.0,3.0,,,,1.0,5.0,,,,,,,,,,,,1.0,1.0,1.0,1.0,1.0,1.0,6,3,2,3,2,4,5,5,3,2,60.0,55.0,55.0,30.0,35.0,50.0,50.0,30.0,20.0,20.0,1,2,1,2,1,2,1,2,1,1,2,1,1,2,1,2,1,2,1,1,1,1,1,2,1,1,1,1,1,2,1,1,1,2,1,2,1,2,1,2
896,5,4,5,5,5,5,5,5,2,2,40.0,,5.0,,,,,4.0,3.0,2.0,,6.0,1.0,54.0,,,2.0,,,,,,,4.0,5.0,5.0,15.0,,,1.0,4.0,,,2.0,,,5.0,,,,,,,,,,,1.0,1.0,1.0,1.0,1.0,1.0,6,3,2,3,2,5,6,5,4,2,75.0,70.0,80.0,85.0,80.0,80.0,85.0,75.0,40.0,40.0,1,2,1,1,1,2,2,1,2,1,2,1,2,1,2,1,1,2,1,2,1,2,1,2,1,1,2,1,1,1,1,1,1,1,1,1,2,1,1,1
156,5,5,5,5,5,5,5,5,1,1,,30.0,5.0,,4.0,4.0,3.0,,,,,6.0,,,1.0,1.0,,,,,5.0,5.0,6.0,,,,15.0,,,1.0,,3.0,,,1.0,,6.0,,,,,,,,,,,1.0,1.0,1.0,1.0,1.0,1.0,6,3,3,3,3,5,5,5,4,2,75.0,75.0,80.0,85.0,80.0,85.0,85.0,80.0,20.0,20.0,1,1,1,2,2,1,2,1,1,2,1,2,2,1,1,1,1,2,1,1,2,2,1,1,2,1,1,1,1,1,1,1,1,2,1,1,1,1,1,1
639,5,5,5,5,5,5,5,5,1,1,,30.0,5.0,,4.0,4.0,2.0,,,,,6.0,,,1.0,,2.0,,,,5.0,5.0,6.0,,,,,15.0,1.0,,,4.0,,,1.0,5.0,,1.0,1.0,1.0,1.0,1.0,1.0,1.0,1.0,1.0,1.0,,,,,,,6,3,3,3,2,4,5,5,3,2,75.0,75.0,80.0,85.0,80.0,85.0,90.0,80.0,20.0,20.0,1,2,1,1,1,2,2,2,1,2,2,2,1,2,1,2,1,1,1,1,1,1,1,2,1,1,1,2,1,2,2,1,1,2,1,1,1,1,1,2
1425,5,5,5,5,5,5,5,5,2,2,,30.0,,2.0,,,,5.0,4.0,2.0,,6.0,1.0,54.0,,1.0,,4.0,5.0,5.0,,,,,,,15.0,,,1.0,,,3.0,2.0,,5.0,,1.0,1.0,1.0,1.0,1.0,1.0,1.0,1.0,1.0,1.0,,,,,,,6,3,3,3,1,5,6,6,3,2,85.0,80.0,85.0,80.0,75.0,80.0,85.0,75.0,30.0,30.0,1,1,2,1,2,1,2,2,1,2,1,1,2,1,2,1,1,2,2,1,1,1,1,1,1,1,2,1,1,1,2,1,1,1,2,1,2,1,1,1
1556,5,5,5,5,5,5,5,5,2,2,,30.0,,2.0,,,,5.0,4.0,2.0,,6.0,,,1.0,,2.0,,,,,,,4.0,5.0,6.0,15.0,,1.0,,,5.0,,,1.0,5.0,,,,,,,,,,,,1.0,1.0,1.0,1.0,1.0,1.0,6,2,3,3,1,4,5,5,3,2,75.0,70.0,80.0,75.0,70.0,75.0,80.0,70.0,40.0,40.0,1,1,1,1,1,1,1,1,1,1,1,1,1,1,1,1,1,1,1,1,1,1,1,1,1,1,1,1,1,1,1,1,1,1,1,1,1,1,1,1
1239,5,5,5,5,5,5,5,5,1,1,,30.0,,5.0,4.0,3.0,3.0,,,,6.0,,1.0,54.0,,,2.0,2.0,5.0,5.0,,,,,,,18.0,,,1.0,,,3.0,2.0,,5.0,,1.0,1.0,1.0,1.0,1.0,1.0,1.0,1.0,1.0,1.0,,,,,,,6,2,3,3,1,3,5,5,3,2,75.0,75.0,80.0,80.0,75.0,80.0,80.0,75.0,20.0,20.0,1,1,2,1,2,1,2,1,1,2,1,2,1,1,1,1,1,2,1,1,1,1,1,1,2,2,2,1,2,1,1,1,1,1,2,1,1,1,1,1
924,5,5,5,5,5,5,5,5,1,1,30.0,,,2.0,5.0,4.0,3.0,,,,,6.0,1.0,54.0,,1.0,,1.0,5.0,5.0,,,,,,,,12.0,,1.0,,,3.0,,1.0,,6.0,1.0,1.0,1.0,1.0,1.0,1.0,1.0,1.0,1.0,1.0,,,,,,,6,3,3,3,1,5,6,6,3,2,85.0,80.0,85.0,80.0,75.0,80.0,85.0,75.0,20.0,20.0,2,1,1,1,1,1,2,2,1,1,1,1,2,2,1,1,1,1,1,2,1,1,1,2,1,2,1,1,1,1,1,1,2,1,1,1,1,2,1,1
857,5,5,5,5,5,5,5,5,1,1,30.0,,,2.0,,,,4.0,3.0,2.0,,6.0,,,2.0,1.0,,2.0,5.0,5.0,,,,,,,,15.0,1.0,,4.0,,,1.0,,,5.0,,,,,,,,,,,1.0,1.0,1.0,1.0,1.0,1.0,6,3,2,3,2,5,6,5,3,2,75.0,75.0,80.0,80.0,75.0,80.0,80.0,75.0,20.0,20.0,1,1,1,1,1,2,1,1,1,1,1,1,1,2,1,1,2,1,1,1,1,1,1,1,1,1,1,1,1,1,1,1,1,1,1,2,1,1,1,2
1749,4,4,4,4,4,4,4,4,2,2,,30.0,,2.0,4.0,3.0,3.0,,,,,6.0,,,1.0,,2.0,,,,4.0,5.0,5.0,,,,15.0,,1.0,,,4.0,,1.0,,,5.0,1.0,1.0,1.0,1.0,1.0,1.0,1.0,1.0,1.0,1.0,,,,,,,6,3,3,3,2,5,6,6,3,1,70.0,70.0,70.0,70.0,70.0,70.0,70.0,70.0,30.0,30.0,1,1,2,1,2,2,1,1,1,1,1,1,1,1,2,1,1,1,1,2,1,1,1,1,1,1,1,1,1,1,1,1,1,1,1,1,1,1,1,1
1155,5,5,5,5,5,5,5,5,1,1,20.0,,5.0,,4.0,4.0,3.0,,,,6.0,,1.0,54.0,,,2.0,4.0,5.0,5.0,,,,,,,,15.0,,1.0,,6.0,,,1.0,,5.0,,,,,,,,,,,1.0,1.0,1.0,1.0,1.0,1.0,6,3,3,3,3,4,5,5,3,2,75.0,75.0,80.0,80.0,75.0,80.0,80.0,75.0,40.0,40.0,1,1,2,1,1,2,1,2,1,1,2,1,2,2,1,1,1,1,1,2,1,2,2,1,1,1,1,2,1,1,1,1,2,1,1,1,1,1,1,1
1026,4,4,5,4,4,4,5,4,2,2,,30.0,,2.0,,,,5.0,4.0,2.0,6.0,,,,1.0,,2.0,,,,,,,4.0,5.0,5.0,,15.0,,2.0,,4.0,,,1.0,5.0,,,,,,,,,,,,1.0,1.0,1.0,1.0,1.0,1.0,6,3,3,3,3,5,6,6,3,2,65.0,60.0,70.0,55.0,55.0,60.0,70.0,50.0,40.0,40.0,2,1,2,1,1,2,2,2,1,1,1,2,1,2,1,2,1,1,1,1,1,1,2,2,1,1,1,2,1,1,1,1,1,1,1,2,1,1,1,1
349,5,4,5,2,3,4,5,2,1,2,,30.0,,2.0,,,,5.0,4.0,2.0,,6.0,1.0,54.0,,,2.0,2.0,5.0,5.0,,,,,,,,12.0,1.0,,,4.0,,2.0,,,5.0,,,,,,,,,,,1.0,1.0,1.0,1.0,1.0,1.0,6,3,3,3,2,4,5,5,3,2,65.0,55.0,70.0,30.0,40.0,50.0,60.0,25.0,20.0,35.0,1,2,2,2,1,2,1,2,1,1,2,1,2,2,1,1,1,2,2,1,2,2,1,2,1,2,2,1,1,1,2,1,2,2,2,1,1,2,2,1
555,5,5,5,5,5,5,5,4,2,2,30.0,,,2.0,,,,5.0,4.0,2.0,6.0,,1.0,54.0,,,2.0,,,,4.0,5.0,5.0,,,,,15.0,1.0,,,4.0,,2.0,,,5.0,1.0,1.0,1.0,1.0,1.0,1.0,1.0,1.0,1.0,1.0,,,,,,,6,3,3,3,1,5,5,5,3,2,70.0,70.0,75.0,70.0,65.0,70.0,70.0,60.0,40.0,40.0,2,1,2,1,1,2,2,1,1,1,2,1,1,2,1,2,1,2,1,1,1,1,1,1,1,2,1,2,2,2,2,1,2,1,2,1,1,1,2,2
426,5,5,5,2,3,5,5,3,2,2,30.0,,5.0,,,,,5.0,4.0,2.0,6.0,,,,1.0,1.0,,,,,,,,2.0,5.0,5.0,15.0,,,1.0,,,3.0,,1.0,5.0,,,,,,,,,,,,1.0,1.0,1.0,1.0,1.0,1.0,6,3,3,3,2,4,4,4,3,2,75.0,75.0,80.0,40.0,50.0,80.0,80.0,40.0,30.0,30.0,1,1,2,1,2,1,1,2,1,2,2,1,1,1,1,1,1,1,1,1,1,1,1,2,2,2,2,1,2,1,2,1,1,2,1,2,2,1,1,1
38,4,4,4,2,3,4,4,2,2,2,,30.0,5.0,,4.0,3.0,2.0,,,,6.0,,,,1.0,,2.0,,,,4.0,5.0,5.0,,,,,15.0,,1.0,4.0,,,1.0,,,5.0,,,,,,,,,,,1.0,1.0,1.0,1.0,1.0,1.0,6,3,3,3,2,4,5,5,3,2,65.0,65.0,65.0,40.0,40.0,60.0,60.0,40.0,40.0,40.0,1,1,2,1,1,2,1,2,1,2,1,1,2,1,1,1,1,1,1,1,2,2,1,1,2,2,1,1,2,1,2,1,2,1,1,2,1,1,2,1
2049,5,5,5,5,5,5,5,5,1,1,,30.0,5.0,,3.0,4.0,5.0,,,,,6.0,,,1.0,1.0,,,,,5.0,5.0,6.0,,,,,15.0,1.0,,,,3.0,,1.0,6.0,,1.0,1.0,1.0,1.0,1.0,1.0,1.0,1.0,1.0,1.0,,,,,,,7,3,2,2,1,5,6,6,3,2,75.0,75.0,80.0,80.0,75.0,80.0,80.0,75.0,20.0,20.0,1,1,1,1,1,1,1,1,1,1,1,1,1,1,1,1,1,1,1,1,2,1,1,1,2,1,1,2,1,1,1,1,2,1,1,2,1,1,1,2
1854,5,5,5,5,5,5,5,5,2,2,30.0,,4.0,,,,,4.0,4.0,2.0,6.0,,1.0,54.0,,1.0,,,,,5.0,5.0,6.0,,,,10.0,,1.0,,,7.0,,2.0,,5.0,,1.0,1.0,1.0,1.0,1.0,1.0,1.0,1.0,1.0,1.0,,,,,,,6,3,3,3,2,4,4,4,3,2,75.0,70.0,80.0,85.0,80.0,75.0,80.0,70.0,40.0,40.0,1,1,1,1,1,1,1,1,1,1,1,2,1,1,1,1,1,1,1,1,1,1,1,1,1,1,1,1,1,1,1,1,1,1,1,1,1,1,1,1
1927,4,4,4,3,4,4,4,3,2,2,40.0,,5.0,,3.0,4.0,2.0,,,,,6.0,,,1.0,1.0,,4.0,5.0,5.0,,,,,,,,15.0,1.0,,,4.0,,,1.0,,5.0,,,,,,,,,,,1.0,1.0,1.0,1.0,1.0,1.0,6,3,3,3,2,5,5,5,3,2,65.0,60.0,65.0,50.0,55.0,60.0,60.0,45.0,40.0,40.0,2,1,1,1,1,1,1,2,2,1,1,2,1,1,1,1,1,1,1,1,1,1,1,1,1,1,1,1,1,1,1,1,1,1,1,1,1,2,1,1
1194,5,5,5,5,5,5,5,5,1,1,40.0,,5.0,,4.0,4.0,2.0,,,,6.0,,,,1.0,1.0,,4.0,5.0,5.0,,,,,,,,15.0,1.0,,,,3.0,2.0,,,5.0,,,,,,,,,,,1.0,1.0,1.0,1.0,1.0,1.0,6,3,2,2,2,5,6,6,3,2,75.0,75.0,80.0,80.0,75.0,80.0,80.0,75.0,20.0,20.0,2,1,2,1,1,1,1,2,1,2,1,1,1,2,2,1,2,2,1,2,2,1,1,2,1,2,1,1,1,2,2,1,1,1,2,1,1,2,1,1
1372,5,5,5,5,5,5,5,5,2,2,30.0,,,2.0,5.0,4.0,3.0,,,,6.0,,,,1.0,,2.0,,,,4.0,5.0,5.0,,,,,12.0,,1.0,,6.0,,,1.0,,5.0,1.0,1.0,1.0,1.0,1.0,1.0,1.0,1.0,1.0,1.0,,,,,,,6,3,3,3,1,4,5,5,3,2,75.0,70.0,80.0,70.0,65.0,70.0,75.0,60.0,40.0,40.0,1,2,1,2,1,1,2,1,1,2,2,2,2,1,1,1,1,1,2,2,2,1,2,1,2,1,2,1,1,1,2,2,2,1,1,2,1,1,2,2
1788,5,5,5,5,5,5,5,5,2,2,,30.0,4.0,,,,,5.0,4.0,2.0,,6.0,,,1.0,1.0,,,,,4.0,5.0,5.0,,,,,10.0,,1.0,5.0,,,,1.0,,5.0,,,,,,,,,,,1.0,1.0,1.0,1.0,1.0,1.0,6,3,3,3,1,3,5,5,3,2,80.0,75.0,85.0,80.0,75.0,80.0,85.0,70.0,40.0,40.0,1,1,2,1,1,1,2,2,2,1,2,1,1,1,1,1,1,2,2,1,1,1,1,1,1,1,1,2,1,2,1,1,2,2,1,2,2,1,1,1
1201,5,5,5,5,5,5,5,5,2,2,35.0,,,2.0,4.0,4.0,2.0,,,,6.0,,,,1.0,1.0,,,,,5.0,5.0,5.0,,,,15.0,,,1.0,,5.0,,,1.0,5.0,,1.0,1.0,1.0,1.0,1.0,1.0,1.0,1.0,1.0,1.0,,,,,,,6,3,3,3,2,4,5,5,3,2,75.0,75.0,80.0,75.0,75.0,80.0,80.0,75.0,40.0,40.0,1,1,2,1,2,1,1,2,1,2,1,2,1,1,1,1,1,2,1,1,1,1,2,1,1,1,1,1,1,1,1,1,1,1,1,1,1,1,2,1
594,5,5,5,5,5,5,5,5,1,1,,30.0,6.0,,4.0,4.0,2.0,,,,6.0,,,,1.0,,2.0,2.0,5.0,5.0,,,,,,,,15.0,,1.0,6.0,,,1.0,,6.0,,,,,,,,,,,,1.0,1.0,1.0,1.0,1.0,1.0,6,3,3,3,2,5,6,6,4,2,80.0,80.0,85.0,80.0,75.0,80.0,85.0,70.0,40.0,40.0,1,1,1,1,1,1,1,1,1,2,1,1,1,1,1,1,1,1,1,1,1,1,1,1,1,1,1,1,1,1,1,1,1,1,1,1,1,1,1,1
772,4,4,4,4,4,4,4,3,2,2,,30.0,,2.0,,,,5.0,4.0,2.0,6.0,,1.0,54.0,,,2.0,3.0,4.0,5.0,,,,,,,,10.0,1.0,,,,3.0,1.0,,,5.0,1.0,1.0,1.0,1.0,1.0,1.0,1.0,1.0,1.0,1.0,,,,,,,6,3,3,3,2,5,6,6,3,2,65.0,65.0,65.0,50.0,50.0,50.0,50.0,40.0,30.0,30.0,1,2,1,1,1,1,2,1,2,2,2,1,1,2,1,1,1,2,1,1,1,2,1,1,2,1,1,1,1,2,1,1,1,1,1,2,2,2,1,2
388,5,5,5,5,5,5,5,5,1,1,30.0,,,2.0,,,,5.0,4.0,2.0,,6.0,,,1.0,,2.0,2.0,5.0,5.0,,,,,,,15.0,,1.0,,,,3.0,2.0,,,5.0,1.0,1.0,1.0,1.0,1.0,1.0,1.0,1.0,1.0,1.0,,,,,,,6,3,2,3,2,5,6,5,3,1,85.0,85.0,90.0,90.0,85.0,85.0,90.0,90.0,10.0,10.0,2,2,2,2,2,1,2,2,2,2,2,2,2,2,1,2,1,2,2,2,2,2,2,2,1,1,2,2,2,1,1,2,2,2,2,2,1,2,2,2
601,5,5,5,5,5,5,5,5,2,2,,20.0,,6.0,4.0,3.0,3.0,,,,,6.0,1.0,54.0,,,2.0,,,,2.0,5.0,6.0,,,,15.0,,1.0,,4.0,,,,1.0,5.0,,1.0,1.0,1.0,1.0,1.0,1.0,1.0,1.0,1.0,1.0,,,,,,,6,3,3,3,1,3,5,5,3,2,85.0,80.0,85.0,80.0,75.0,80.0,85.0,75.0,40.0,40.0,1,1,2,2,1,1,2,1,1,1,2,2,1,2,1,1,2,1,1,2,1,1,1,1,1,1,2,2,1,1,1,2,1,1,1,2,1,1,1,1
1895,5,5,5,5,5,5,5,5,2,2,,30.0,6.0,,4.0,3.0,5.0,,,,6.0,,,,1.0,,2.0,,,,,,,5.0,5.0,6.0,15.0,,1.0,,4.0,,,,1.0,5.0,,,,,,,,,,,,1.0,1.0,1.0,1.0,1.0,1.0,6,2,3,3,1,3,5,5,3,2,85.0,80.0,85.0,80.0,75.0,80.0,85.0,80.0,30.0,30.0,1,2,2,1,1,1,1,1,1,2,1,2,2,1,1,1,1,1,1,1,1,1,1,1,1,1,1,1,1,1,1,1,1,1,1,1,1,1,1,1
1307,5,5,5,5,5,5,5,5,2,2,30.0,,,4.0,,,,5.0,4.0,2.0,6.0,,,,1.0,,2.0,,,,4.0,5.0,5.0,,,,,12.0,,1.0,,,3.0,2.0,,5.0,,1.0,1.0,1.0,1.0,1.0,1.0,1.0,1.0,1.0,1.0,,,,,,,6,3,3,3,1,4,5,5,3,2,85.0,80.0,90.0,85.0,80.0,85.0,90.0,75.0,40.0,40.0,1,1,1,2,1,2,1,2,2,1,1,1,1,1,1,1,1,1,1,1,1,1,1,1,1,1,1,1,1,1,1,1,1,1,1,1,1,1,1,1
1274,5,5,5,5,5,5,5,5,2,2,,30.0,5.0,,4.0,3.0,2.0,,,,,6.0,,,1.0,1.0,,4.0,5.0,5.0,,,,,,,15.0,,1.0,,4.0,,,,1.0,5.0,,1.0,1.0,1.0,1.0,1.0,1.0,1.0,1.0,1.0,1.0,,,,,,,6,3,2,2,1,4,5,5,3,2,75.0,70.0,80.0,85.0,80.0,85.0,90.0,75.0,40.0,40.0,2,2,1,1,1,1,1,1,1,2,2,1,2,1,2,1,2,1,1,1,1,1,1,2,1,1,1,1,2,1,2,2,2,2,2,1,1,1,1,1
1468,5,5,5,4,4,5,5,4,2,2,,30.0,6.0,,3.0,4.0,2.0,,,,,6.0,,,1.0,1.0,,,,,5.0,5.0,5.0,,,,15.0,,,1.0,5.0,,,2.0,,,5.0,1.0,1.0,1.0,1.0,1.0,1.0,1.0,1.0,1.0,1.0,,,,,,,6,3,3,3,1,5,6,6,3,2,75.0,70.0,80.0,60.0,55.0,70.0,65.0,50.0,40.0,40.0,1,1,1,2,1,2,1,1,1,2,2,1,2,2,2,1,1,1,1,1,1,1,1,1,2,1,1,2,1,1,1,1,1,1,1,1,1,2,1,1
1092,5,5,5,5,5,5,5,5,2,2,,30.0,5.0,,4.0,3.0,2.0,,,,6.0,,,,1.0,1.0,,4.0,5.0,6.0,,,,,,,15.0,,,1.0,,,3.0,2.0,,5.0,,,,,,,,,,,,1.0,1.0,1.0,1.0,1.0,1.0,6,3,3,3,3,5,6,6,3,2,75.0,70.0,80.0,75.0,70.0,75.0,80.0,70.0,40.0,40.0,1,2,2,1,1,1,1,1,1,1,2,2,1,1,1,1,1,1,1,1,1,1,1,1,2,1,1,1,1,1,2,1,1,2,2,2,1,2,2,1
707,5,5,5,5,5,5,5,5,1,1,,30.0,,2.0,,,,5.0,4.0,2.0,6.0,,,,1.0,1.0,,5.0,5.0,6.0,,,,,,,,15.0,1.0,,,,3.0,2.0,,6.0,,,,,,,,,,,,1.0,1.0,1.0,1.0,1.0,1.0,6,3,3,3,3,5,6,6,4,2,75.0,70.0,80.0,85.0,80.0,85.0,90.0,70.0,20.0,30.0,1,1,2,1,2,2,1,1,1,1,1,2,2,2,1,1,1,1,1,1,1,1,1,1,1,2,1,2,2,1,1,1,2,2,1,2,1,1,1,1
674,4,4,4,2,3,4,4,2,2,2,40.0,,5.0,,,,,5.0,5.0,2.0,,6.0,,,2.0,,2.0,,,,4.0,5.0,5.0,,,,15.0,,,2.0,3.0,,,,1.0,5.0,,,,,,,,,,,,1.0,1.0,1.0,1.0,1.0,1.0,6,3,3,3,2,5,5,5,3,2,60.0,60.0,60.0,30.0,40.0,50.0,50.0,30.0,30.0,30.0,1,1,1,1,1,1,1,1,2,2,2,2,2,1,2,1,1,1,1,1,2,2,1,1,1,1,1,1,2,1,1,1,1,1,2,2,1,1,2,2
492,4,4,4,2,3,4,4,2,1,1,40.0,,4.0,,,,,4.0,5.0,2.0,,6.0,,,1.0,1.0,,2.0,5.0,5.0,,,,,,,,15.0,1.0,,4.0,,,1.0,,,5.0,,,,,,,,,,,1.0,1.0,1.0,1.0,1.0,1.0,6,3,3,3,3,5,6,6,3,2,65.0,65.0,70.0,40.0,50.0,60.0,70.0,40.0,30.0,30.0,1,1,2,1,1,1,2,1,2,1,1,2,1,2,1,1,1,2,1,1,2,1,1,1,1,1,1,1,1,1,1,1,1,1,1,1,1,1,1,1
969,5,5,5,2,3,5,5,2,2,2,,30.0,6.0,,5.0,4.0,3.0,,,,,6.0,1.0,54.0,,,2.0,,,,,,,2.0,5.0,5.0,10.0,,,2.0,,,3.0,1.0,,,5.0,1.0,1.0,1.0,1.0,1.0,1.0,1.0,1.0,1.0,1.0,,,,,,,6,3,3,3,1,3,5,5,3,2,70.0,70.0,75.0,30.0,40.0,70.0,70.0,30.0,30.0,30.0,1,2,2,2,1,2,1,2,1,1,2,1,1,2,1,2,1,2,2,2,1,1,1,2,1,2,1,1,2,2,2,1,2,2,1,2,1,2,2,2
1993,5,5,5,5,5,5,5,5,1,1,,30.0,5.0,,5.0,4.0,5.0,,,,,6.0,,,1.0,,2.0,,,,,,,5.0,5.0,6.0,,15.0,1.0,,,,3.0,,1.0,6.0,,,,,,,,,,,,1.0,1.0,1.0,1.0,1.0,1.0,6,3,2,3,2,4,5,5,4,2,85.0,85.0,90.0,90.0,85.0,90.0,90.0,80.0,20.0,20.0,1,2,1,1,1,2,1,1,1,1,1,2,1,1,1,1,1,1,1,1,1,1,1,1,1,1,1,1,1,1,1,1,1,1,1,1,1,1,1,1
1120,5,5,5,4,4,5,5,4,2,3,,30.0,,2.0,,,,5.0,4.0,2.0,,6.0,1.0,54.0,,,2.0,,,,2.0,5.0,5.0,,,,10.0,,1.0,,,,3.0,,1.0,,5.0,1.0,1.0,1.0,1.0,1.0,1.0,1.0,1.0,1.0,1.0,,,,,,,6,3,2,2,1,3,5,5,3,2,75.0,70.0,80.0,60.0,55.0,70.0,75.0,50.0,40.0,45.0,1,1,1,1,1,1,1,1,1,1,1,1,1,1,1,1,1,1,1,1,1,1,1,1,1,1,1,1,1,1,1,1,1,1,1,1,1,1,1,1
1053,5,5,5,4,4,5,5,4,2,2,30.0,,,2.0,5.0,3.0,4.0,,,,,6.0,,,1.0,,2.0,,,,,,,2.0,5.0,5.0,,15.0,1.0,,4.0,,,2.0,,,5.0,,,,,,,,,,,1.0,1.0,1.0,1.0,1.0,1.0,6,3,3,3,2,4,5,5,3,2,70.0,65.0,75.0,55.0,50.0,70.0,75.0,60.0,40.0,35.0,1,2,2,1,1,1,1,2,1,1,2,1,1,2,2,2,1,2,1,1,2,1,1,1,2,1,2,2,1,1,2,2,1,1,1,1,2,2,2,1
520,5,5,5,3,4,5,5,3,2,2,30.0,,,2.0,4.0,3.0,3.0,,,,6.0,,1.0,54.0,,1.0,,,,,,,,2.0,5.0,5.0,15.0,,,2.0,4.0,,,,1.0,5.0,,1.0,1.0,1.0,1.0,1.0,1.0,1.0,1.0,1.0,1.0,,,,,,,6,3,3,3,1,4,5,5,3,2,70.0,65.0,75.0,40.0,50.0,70.0,75.0,40.0,30.0,30.0,1,1,2,2,1,1,2,1,1,2,2,1,2,2,2,1,2,1,1,2,2,2,1,1,2,2,1,1,1,2,2,1,2,1,1,1,1,1,2,1
453,5,5,5,5,5,5,5,5,2,2,,30.0,5.0,,,,,6.0,5.0,2.0,,6.0,1.0,54.0,,1.0,,4.0,5.0,6.0,,,,,,,,15.0,1.0,,,,3.0,,1.0,,5.0,,,,,,,,,,,1.0,1.0,1.0,1.0,1.0,1.0,6,3,3,3,1,3,5,5,3,2,75.0,70.0,80.0,75.0,70.0,75.0,80.0,70.0,40.0,40.0,1,1,1,1,1,1,1,2,1,1,1,1,1,2,1,1,1,2,1,1,1,1,1,1,1,1,1,1,1,1,1,1,1,1,1,1,1,2,1,1
1821,5,5,5,5,5,5,5,5,1,1,,30.0,6.0,,3.0,4.0,5.0,,,,6.0,,,,1.0,1.0,,5.0,5.0,6.0,,,,,,,18.0,,1.0,,,4.0,,2.0,,,6.0,,,,,,,,,,,1.0,1.0,1.0,1.0,1.0,1.0,7,3,3,3,1,5,6,6,4,2,85.0,80.0,85.0,80.0,75.0,85.0,80.0,75.0,20.0,20.0,1,2,1,1,2,1,1,2,1,2,1,1,1,2,1,1,1,1,2,2,2,1,1,1,1,2,1,1,1,2,2,1,1,1,1,1,2,1,2,1
1952,5,5,5,5,5,5,5,5,2,2,,30.0,6.0,,3.0,4.0,5.0,,,,6.0,,,,1.0,1.0,,,,,,,,5.0,5.0,6.0,15.0,,1.0,,6.0,,,1.0,,,5.0,1.0,1.0,1.0,1.0,1.0,1.0,1.0,1.0,1.0,1.0,,,,,,,6,3,3,3,1,5,6,6,3,2,85.0,80.0,85.0,80.0,75.0,80.0,85.0,75.0,40.0,40.0,1,2,1,2,1,1,1,2,1,2,1,2,1,1,1,2,1,1,1,1,1,1,1,1,2,2,2,2,2,1,1,2,1,1,2,1,1,2,1,2
810,5,5,5,5,5,5,5,5,1,1,70.0,,,2.0,,,,4.0,4.0,2.0,6.0,,1.0,54.0,,1.0,,,,,,,,4.0,5.0,5.0,,15.0,1.0,,,,3.0,2.0,,5.0,,1.0,1.0,1.0,1.0,1.0,1.0,1.0,1.0,1.0,1.0,,,,,,,6,3,3,3,3,5,5,5,3,2,85.0,85.0,90.0,90.0,90.0,90.0,90.0,90.0,10.0,10.0,1,1,2,1,1,1,2,2,1,1,1,2,2,1,1,2,1,2,1,1,2,2,1,1,1,1,1,1,1,2,2,1,2,2,1,1,1,2,1,1
86,4,4,4,2,3,4,4,2,2,2,,35.0,5.0,,3.0,3.0,2.0,,,,,6.0,,,1.0,1.0,,2.0,5.0,5.0,,,,,,,15.0,,1.0,,,4.0,,1.0,,,5.0,1.0,1.0,1.0,1.0,1.0,1.0,1.0,1.0,1.0,1.0,,,,,,,5,2,3,3,2,3,5,5,3,2,65.0,65.0,65.0,40.0,40.0,65.0,65.0,40.0,40.0,40.0,1,1,1,1,2,1,1,2,1,2,2,1,2,1,2,1,2,1,2,1,1,1,1,1,1,1,1,2,1,1,1,1,2,1,1,1,1,2,1,1
963,5,5,5,5,5,5,5,5,2,2,30.0,,,2.0,5.0,4.0,3.0,,,,6.0,,,,1.0,,2.0,,,,,,,2.0,5.0,5.0,,15.0,1.0,,,4.0,,2.0,,,5.0,,,,,,,,,,,1.0,1.0,1.0,1.0,1.0,1.0,6,3,3,3,2,4,5,5,3,2,80.0,75.0,85.0,80.0,75.0,80.0,85.0,70.0,30.0,30.0,1,1,2,1,2,1,2,1,1,2,1,2,1,1,2,2,1,1,1,2,1,1,1,2,1,2,2,1,1,1,1,1,2,2,1,1,1,2,2,2
1999,5,5,5,5,5,5,5,5,1,2,,30.0,6.0,,4.0,3.0,2.0,,,,6.0,,,,1.0,,2.0,,,,5.0,5.0,6.0,,,,15.0,,1.0,,,,3.0,,1.0,,6.0,1.0,1.0,1.0,1.0,1.0,1.0,1.0,1.0,1.0,1.0,,,,,,,6,3,3,3,2,5,6,6,3,2,85.0,80.0,85.0,80.0,75.0,80.0,85.0,70.0,30.0,40.0,1,2,1,2,2,1,2,1,1,1,2,2,1,1,1,2,1,2,1,1,2,1,1,1,1,1,1,2,1,1,1,1,1,1,1,1,1,1,1,1
1684,4,4,5,2,3,4,5,2,1,2,,35.0,,2.0,3.0,4.0,2.0,,,,,6.0,,,1.0,1.0,,,,,4.0,5.0,5.0,,,,15.0,,,1.0,,,3.0,,1.0,5.0,,,,,,,,,,,,1.0,1.0,1.0,1.0,1.0,1.0,6,3,2,3,2,4,5,5,3,2,70.0,65.0,80.0,40.0,50.0,60.0,70.0,30.0,20.0,30.0,2,1,2,2,1,1,1,1,1,2,2,1,1,1,1,1,2,1,1,2,1,2,1,1,2,2,1,2,2,1,2,1,2,2,2,1,2,1,2,1
1098,5,5,5,5,5,5,5,5,1,1,,30.0,,6.0,,,,4.0,4.0,2.0,,6.0,,,1.0,1.0,,,,,,,,5.0,5.0,6.0,15.0,,,1.0,6.0,,,,1.0,,6.0,1.0,1.0,1.0,1.0,1.0,1.0,1.0,1.0,1.0,1.0,,,,,,,7,3,3,3,1,3,6,6,3,2,80.0,80.0,85.0,90.0,85.0,90.0,90.0,85.0,20.0,20.0,2,2,1,1,2,1,2,2,1,1,1,2,2,1,1,2,1,2,1,2,2,1,2,1,1,2,1,1,1,2,2,1,1,2,1,2,2,1,1,2
1511,5,5,5,4,4,5,5,4,2,2,40.0,,,2.0,4.0,3.0,3.0,,,,6.0,,1.0,54.0,,1.0,,,,,5.0,5.0,5.0,,,,15.0,,,1.0,,6.0,,2.0,,,5.0,,,,,,,,,,,1.0,1.0,1.0,1.0,1.0,1.0,6,3,3,3,3,5,5,5,3,2,75.0,70.0,75.0,65.0,60.0,75.0,75.0,60.0,40.0,40.0,1,1,1,1,1,1,1,1,1,1,1,1,2,1,1,1,1,1,1,1,1,1,1,1,2,1,1,2,2,2,1,2,1,2,1,1,1,1,1,2
1462,4,4,4,2,3,4,4,2,2,2,40.0,,,2.0,4.0,3.0,2.0,,,,,6.0,1.0,54.0,,,2.0,2.0,5.0,5.0,,,,,,,,15.0,1.0,,,4.0,,1.0,,5.0,,,,,,,,,,,,1.0,1.0,1.0,1.0,1.0,1.0,6,3,3,3,3,5,5,5,3,2,65.0,60.0,70.0,30.0,40.0,55.0,60.0,25.0,20.0,20.0,1,1,1,1,2,2,1,2,1,1,2,2,1,1,2,1,1,1,1,1,1,1,1,2,1,2,2,1,2,1,1,1,2,1,1,2,1,2,1,1
284,5,5,5,4,4,5,5,4,2,3,,30.0,5.0,,4.0,4.0,2.0,,,,6.0,,,,1.0,,2.0,,,,,,,5.0,5.0,6.0,,15.0,,1.0,,4.0,,,1.0,5.0,,,,,,,,,,,,1.0,1.0,1.0,1.0,1.0,1.0,6,3,2,2,1,3,5,5,3,2,70.0,75.0,80.0,60.0,55.0,70.0,75.0,50.0,40.0,45.0,1,2,1,1,2,1,1,2,1,1,1,1,2,1,2,2,1,1,1,1,1,1,1,1,2,1,1,1,1,1,1,1,1,1,2,1,1,1,1,1
498,4,4,4,2,3,4,4,2,2,2,,30.0,,2.0,,,,5.0,4.0,2.0,,6.0,1.0,54.0,,,2.0,,,,2.0,5.0,5.0,,,,,15.0,1.0,,,4.0,,2.0,,,5.0,1.0,1.0,1.0,1.0,1.0,1.0,1.0,1.0,1.0,1.0,,,,,,,6,3,3,3,1,5,6,6,3,2,60.0,55.0,60.0,40.0,45.0,55.0,50.0,35.0,30.0,30.0,2,1,1,2,1,2,2,2,2,1,1,2,1,2,1,2,1,2,2,1,1,1,1,1,1,2,2,2,1,2,1,2,2,2,1,2,2,2,2,1
111,5,5,5,2,5,5,5,5,1,1,30.0,,5.0,,,,,4.0,3.0,2.0,6.0,,,,1.0,,2.0,,,,5.0,5.0,6.0,,,,,15.0,,1.0,,4.0,,1.0,,5.0,,1.0,1.0,1.0,1.0,1.0,1.0,1.0,1.0,1.0,1.0,,,,,,,6,2,3,3,2,5,5,5,3,2,70.0,70.0,80.0,40.0,50.0,60.0,70.0,60.0,20.0,20.0,1,1,1,1,1,1,1,1,1,1,1,1,1,1,1,1,1,1,1,1,1,1,1,1,1,1,1,1,1,1,1,1,1,1,1,1,1,1,1,1
2036,4,4,4,2,3,4,4,2,2,2,40.0,,,2.0,4.0,3.0,2.0,,,,6.0,,,,1.0,,2.0,4.0,5.0,5.0,,,,,,,,15.0,,2.0,,5.0,,,1.0,,5.0,1.0,1.0,1.0,1.0,1.0,1.0,1.0,1.0,1.0,1.0,,,,,,,6,3,2,2,2,4,5,5,3,2,60.0,55.0,60.0,40.0,45.0,55.0,55.0,40.0,40.0,40.0,1,2,2,2,1,2,1,1,1,1,2,1,2,1,1,2,1,1,1,1,1,2,1,1,1,2,1,2,1,1,2,2,2,1,2,2,1,2,1,2
47,4,4,4,2,3,4,4,2,2,2,40.0,,5.0,,3.0,4.0,2.0,,,,,6.0,,,1.0,,2.0,,,,4.0,5.0,5.0,,,,,15.0,1.0,,4.0,,,,1.0,5.0,,1.0,1.0,1.0,1.0,1.0,1.0,1.0,1.0,1.0,1.0,,,,,,,6,3,2,2,1,4,5,5,3,2,65.0,60.0,70.0,30.0,40.0,50.0,60.0,30.0,40.0,30.0,1,2,1,1,1,1,2,1,2,2,1,2,1,2,1,2,1,1,1,1,1,1,1,1,1,1,1,2,2,1,1,2,1,1,1,2,1,1,1,2
1958,5,5,5,4,4,5,5,4,2,2,40.0,,4.0,,4.0,5.0,2.0,,,,6.0,,1.0,54.0,,,2.0,2.0,5.0,5.0,,,,,,,,8.0,1.0,,4.0,,,2.0,,5.0,,,,,,,,,,,,1.0,1.0,1.0,1.0,1.0,1.0,6,3,3,3,1,4,5,5,3,2,75.0,70.0,80.0,50.0,55.0,75.0,70.0,50.0,30.0,30.0,1,2,1,2,2,1,1,1,1,2,2,1,1,1,2,1,1,2,2,2,1,1,1,1,1,2,2,1,1,2,2,2,2,2,2,1,1,1,2,1
1059,4,4,4,3,3,4,4,3,2,2,,35.0,,2.0,,,,5.0,4.0,2.0,6.0,,1.0,20.0,,,2.0,,,,,,,2.0,5.0,5.0,,15.0,,1.0,,4.0,,,1.0,,5.0,,,,,,,,,,,1.0,1.0,1.0,1.0,1.0,1.0,6,3,2,3,3,4,5,5,3,2,65.0,60.0,70.0,50.0,50.0,60.0,60.0,40.0,30.0,30.0,1,1,1,2,1,2,1,2,1,1,1,1,1,2,1,1,1,1,1,2,1,2,2,1,2,1,1,1,1,2,2,1,1,1,1,1,1,1,1,1
1736,5,5,5,4,4,5,5,4,2,2,,30.0,4.0,,3.0,4.0,3.0,,,,,6.0,1.0,54.0,,,2.0,,,,4.0,5.0,5.0,,,,,15.0,,1.0,4.0,,,,1.0,5.0,,1.0,1.0,1.0,1.0,1.0,1.0,1.0,1.0,1.0,1.0,,,,,,,6,3,3,3,1,3,5,5,3,2,75.0,70.0,80.0,60.0,65.0,70.0,75.0,60.0,40.0,50.0,1,1,1,2,2,2,2,1,1,1,1,1,1,1,2,1,2,2,1,2,1,1,2,1,2,2,2,1,1,1,1,2,2,2,2,2,2,2,2,1
1645,5,5,5,5,5,5,5,5,2,2,35.0,,,2.0,4.0,3.0,2.0,,,,,6.0,1.0,54.0,,1.0,,3.0,5.0,5.0,,,,,,,15.0,,1.0,,,,3.0,,1.0,5.0,,,,,,,,,,,,1.0,1.0,1.0,1.0,1.0,1.0,6,3,2,3,2,5,6,5,4,2,75.0,70.0,80.0,70.0,65.0,75.0,80.0,70.0,40.0,40.0,1,2,1,2,1,1,2,1,2,1,1,1,2,1,1,2,1,2,1,1,2,1,1,1,2,1,1,1,1,1,1,1,1,1,1,1,1,1,1,1
459,5,5,5,5,5,5,5,4,2,2,,30.0,,5.0,,,,5.0,4.0,2.0,6.0,,1.0,54.0,,1.0,,,,,4.0,5.0,5.0,,,,15.0,,1.0,,,6.0,,,1.0,,5.0,1.0,1.0,1.0,1.0,1.0,1.0,1.0,1.0,1.0,1.0,,,,,,,6,3,3,3,3,5,6,6,3,2,80.0,75.0,85.0,80.0,75.0,80.0,85.0,60.0,40.0,40.0,1,1,1,1,1,2,1,1,1,1,1,1,2,1,1,1,1,1,1,1,1,1,1,1,1,2,1,1,1,2,1,1,1,1,1,2,2,1,1,1
336,4,4,4,2,3,4,4,2,1,1,,30.0,,2.0,,,,5.0,4.0,2.0,6.0,,1.0,54.0,,,2.0,2.0,5.0,5.0,,,,,,,15.0,,1.0,,,,3.0,1.0,,5.0,,1.0,1.0,1.0,1.0,1.0,1.0,1.0,1.0,1.0,1.0,,,,,,,6,3,3,3,1,4,4,4,3,2,65.0,65.0,65.0,40.0,40.0,65.0,65.0,40.0,20.0,20.0,1,2,1,1,2,2,1,1,1,2,1,1,1,1,1,2,2,1,1,1,1,1,1,1,1,1,1,1,1,1,1,1,1,1,1,1,1,1,1,1
245,4,4,4,2,3,4,4,2,2,2,35.0,,,2.0,4.0,3.0,3.0,,,,,6.0,,,1.0,1.0,,,,,,,,2.0,5.0,5.0,15.0,,1.0,,,,3.0,,1.0,,5.0,,,,,,,,,,,1.0,1.0,1.0,1.0,1.0,1.0,6,3,3,3,2,4,5,5,3,2,65.0,60.0,65.0,40.0,50.0,60.0,60.0,40.0,30.0,30.0,1,1,2,2,2,2,1,1,2,1,2,1,1,1,1,1,1,2,2,1,2,1,1,1,2,1,1,2,1,2,1,2,1,2,1,1,1,2,1,1
32,5,5,5,5,5,5,5,5,1,1,,15.0,6.0,,4.0,3.0,3.0,,,,,6.0,,,1.0,1.0,,5.0,5.0,6.0,,,,,,,,15.0,1.0,,4.0,,,1.0,,,6.0,1.0,1.0,1.0,1.0,1.0,1.0,1.0,1.0,1.0,1.0,,,,,,,6,3,2,2,1,3,5,5,3,2,75.0,70.0,80.0,85.0,80.0,85.0,90.0,75.0,40.0,40.0,1,1,1,1,1,2,2,1,1,2,1,1,2,1,1,1,1,1,1,1,1,1,1,1,1,1,1,1,1,2,2,1,1,2,1,1,1,1,1,1
6,4,4,4,4,4,4,4,3,2,2,,30.0,4.0,,5.0,4.0,3.0,,,,6.0,,,,1.0,,2.0,,,,,,,2.0,5.0,5.0,15.0,,,1.0,,,3.0,2.0,,5.0,,,,,,,,,,,,1.0,1.0,1.0,1.0,1.0,1.0,6,3,3,3,1,3,5,5,3,2,65.0,60.0,65.0,55.0,50.0,55.0,60.0,40.0,35.0,30.0,1,1,1,1,1,1,1,2,1,2,2,1,1,2,1,1,2,2,1,1,1,2,1,1,1,1,1,1,1,1,1,1,2,1,1,1,1,1,1,2
2043,5,5,5,5,5,5,5,5,1,1,30.0,,4.0,,,,,4.0,4.0,2.0,6.0,,1.0,54.0,,1.0,,4.0,5.0,5.0,,,,,,,15.0,,,1.0,,4.0,,,1.0,5.0,,1.0,1.0,1.0,1.0,1.0,1.0,1.0,1.0,1.0,1.0,,,,,,,6,3,3,3,2,4,4,4,3,2,80.0,80.0,85.0,85.0,80.0,80.0,85.0,80.0,20.0,20.0,1,2,1,2,2,1,2,2,2,2,1,2,2,2,1,1,1,1,2,1,1,2,1,1,1,2,2,2,1,1,1,1,1,2,1,1,2,2,2,1
1743,5,5,5,4,4,5,5,4,2,2,,30.0,6.0,,,,,5.0,4.0,2.0,,6.0,,,1.0,1.0,,,,,4.0,5.0,5.0,,,,15.0,,1.0,,,,3.0,,1.0,,5.0,,,,,,,,,,,1.0,1.0,1.0,1.0,1.0,1.0,6,3,3,3,1,3,5,5,3,2,75.0,70.0,80.0,60.0,55.0,75.0,70.0,60.0,40.0,40.0,1,1,1,1,1,1,1,1,2,2,1,1,2,2,1,1,1,2,1,1,1,2,1,1,2,1,1,1,1,1,1,1,2,1,1,1,1,1,2,1
1630,5,5,5,4,4,5,5,4,2,2,70.0,,,2.0,,,,5.0,4.0,2.0,,6.0,1.0,54.0,,1.0,,,,,,,,4.0,5.0,5.0,,15.0,1.0,,4.0,,,1.0,,5.0,,1.0,1.0,1.0,1.0,1.0,1.0,1.0,1.0,1.0,1.0,,,,,,,6,3,3,3,2,5,6,6,3,2,70.0,70.0,70.0,60.0,60.0,70.0,70.0,60.0,40.0,40.0,1,2,2,1,1,1,1,1,1,1,1,1,2,2,1,1,2,1,1,1,2,1,2,1,1,1,2,1,1,1,1,1,1,1,1,1,1,1,1,1
343,5,4,5,5,5,5,5,5,2,2,,30.0,,2.0,4.0,4.0,2.0,,,,6.0,,,,1.0,1.0,,,,,5.0,5.0,6.0,,,,15.0,,1.0,,,,3.0,,1.0,5.0,,,,,,,,,,,,1.0,1.0,1.0,1.0,1.0,1.0,6,3,2,3,2,5,6,5,4,2,75.0,70.0,80.0,85.0,80.0,85.0,90.0,75.0,40.0,50.0,1,2,1,1,1,2,1,2,1,1,2,1,2,1,2,1,1,2,1,2,1,1,2,1,1,2,1,2,1,2,1,1,2,2,1,2,1,2,1,2
230,5,5,5,5,5,5,5,5,2,2,40.0,,4.0,,4.0,5.0,2.0,,,,,6.0,,,1.0,1.0,,,,,2.0,5.0,6.0,,,,15.0,,,1.0,5.0,,,,1.0,,5.0,1.0,1.0,1.0,1.0,1.0,1.0,1.0,1.0,1.0,1.0,,,,,,,6,3,3,3,1,5,6,6,3,2,80.0,75.0,85.0,70.0,65.0,75.0,80.0,70.0,40.0,45.0,1,1,1,1,1,1,1,1,1,1,1,1,1,1,1,1,1,1,1,1,1,1,1,1,1,1,1,1,1,1,1,1,1,1,1,1,1,1,1,1
865,4,4,4,3,3,4,4,2,2,2,,30.0,,2.0,3.0,4.0,4.0,,,,,6.0,1.0,54.0,,,2.0,2.0,5.0,5.0,,,,,,,,15.0,,1.0,4.0,,,,1.0,5.0,,,,,,,,,,,,1.0,1.0,1.0,1.0,1.0,1.0,6,3,3,3,3,5,5,5,3,2,60.0,55.0,55.0,40.0,40.0,55.0,55.0,35.0,35.0,35.0,1,1,2,1,1,2,1,1,2,2,1,2,2,2,1,2,1,2,1,1,1,2,2,2,2,2,1,1,1,2,2,1,1,2,2,1,1,1,1,2
916,5,5,5,4,4,5,5,4,2,2,,30.0,,2.0,,,,5.0,4.0,2.0,6.0,,1.0,54.0,,1.0,,,,,,,,4.0,5.0,5.0,,15.0,,1.0,,4.0,,,1.0,,5.0,1.0,1.0,1.0,1.0,1.0,1.0,1.0,1.0,1.0,1.0,,,,,,,6,3,3,3,2,5,6,6,3,2,70.0,70.0,70.0,60.0,60.0,70.0,70.0,60.0,40.0,40.0,1,1,1,1,2,2,1,1,1,1,1,2,1,1,2,1,1,2,1,2,1,1,1,1,1,2,1,2,2,1,2,2,2,2,1,2,1,1,1,1
1564,5,5,5,5,5,5,5,5,2,2,40.0,,,2.0,,,,6.0,5.0,2.0,,6.0,,,1.0,,2.0,4.0,5.0,5.0,,,,,,,15.0,,1.0,,,,3.0,2.0,,5.0,,1.0,1.0,1.0,1.0,1.0,1.0,1.0,1.0,1.0,1.0,,,,,,,6,3,3,3,2,4,5,5,3,2,80.0,75.0,85.0,80.0,75.0,80.0,85.0,70.0,40.0,40.0,1,1,1,1,1,1,1,1,1,1,1,1,1,1,1,1,1,1,1,1,1,1,1,1,1,1,1,1,1,1,1,1,1,1,1,1,1,1,1,1
1417,5,5,5,5,5,5,5,5,2,2,,30.0,4.0,,,,,5.0,4.0,2.0,6.0,,,,1.0,,2.0,,,,,,,4.0,5.0,5.0,,15.0,,2.0,,,3.0,2.0,,5.0,,,,,,,,,,,,1.0,1.0,1.0,1.0,1.0,1.0,6,3,3,3,2,4,5,5,3,2,85.0,80.0,85.0,80.0,75.0,80.0,85.0,75.0,40.0,40.0,2,1,2,2,1,1,2,1,1,2,2,1,2,1,2,1,1,1,2,2,1,2,2,1,2,1,2,1,1,1,1,1,2,2,1,1,1,1,1,1
1782,5,5,5,5,5,5,5,5,1,1,,20.0,,6.0,,,,4.0,5.0,2.0,,6.0,,,1.0,1.0,,,,,1.0,5.0,5.0,,,,15.0,,1.0,,,,3.0,2.0,,,5.0,,,,,,,,,,,1.0,1.0,1.0,1.0,1.0,1.0,6,3,3,3,1,3,5,5,4,1,85.0,80.0,85.0,80.0,75.0,80.0,85.0,75.0,20.0,20.0,1,2,1,1,2,2,1,1,1,2,1,1,1,1,2,1,1,1,2,2,1,1,1,1,1,1,1,1,1,1,1,1,2,2,2,1,1,2,1,1
1378,4,4,4,3,3,3,4,2,2,2,40.0,,5.0,,,,,5.0,4.0,2.0,,6.0,1.0,54.0,,1.0,,4.0,5.0,5.0,,,,,,,,15.0,,2.0,,5.0,,1.0,,5.0,,1.0,1.0,1.0,1.0,1.0,1.0,1.0,1.0,1.0,1.0,,,,,,,6,2,2,2,1,3,5,5,3,2,60.0,55.0,55.0,40.0,40.0,40.0,55.0,30.0,30.0,30.0,1,1,2,1,2,1,2,1,1,1,1,2,2,1,1,2,2,1,2,1,1,1,1,2,1,1,2,1,2,1,1,2,1,1,2,1,2,1,1,2
164,5,5,5,5,5,5,5,5,1,1,30.0,,,2.0,,,,5.0,4.0,2.0,,6.0,,,1.0,,2.0,,,,4.0,5.0,5.0,,,,,15.0,1.0,,4.0,,,1.0,,,5.0,,,,,,,,,,,1.0,1.0,1.0,1.0,1.0,1.0,6,3,3,3,3,5,6,6,3,2,70.0,70.0,70.0,70.0,70.0,70.0,70.0,70.0,30.0,30.0,2,1,1,2,1,2,1,2,1,1,2,2,2,1,1,2,2,2,1,1,1,1,2,1,1,2,2,1,2,2,1,1,2,2,2,1,2,1,1,2
382,5,5,5,4,4,5,5,3,2,2,30.0,,,2.0,5.0,4.0,5.0,,,,,6.0,,,1.0,1.0,,3.0,5.0,5.0,,,,,,,,15.0,,1.0,4.0,,,1.0,,,5.0,,,,,,,,,,,1.0,1.0,1.0,1.0,1.0,1.0,6,3,3,3,1,3,5,5,4,2,70.0,65.0,75.0,50.0,45.0,70.0,70.0,40.0,30.0,30.0,1,2,1,1,1,2,2,1,2,1,1,2,2,1,1,1,2,1,2,1,1,2,1,1,1,2,2,1,1,1,1,1,1,2,1,1,1,1,1,2
778,5,4,5,4,4,5,5,4,2,3,40.0,,4.0,,4.0,3.0,3.0,,,,6.0,,1.0,54.0,,,2.0,,,,3.0,5.0,5.0,,,,,12.0,,1.0,,,3.0,,1.0,5.0,,1.0,1.0,1.0,1.0,1.0,1.0,1.0,1.0,1.0,1.0,,,,,,,6,3,3,3,1,4,5,5,3,2,70.0,60.0,75.0,55.0,50.0,65.0,70.0,55.0,40.0,45.0,1,2,1,1,2,2,1,1,2,1,2,1,2,1,2,2,2,1,1,1,2,1,2,2,1,1,1,1,2,1,2,2,1,1,1,2,2,1,1,1
895,5,5,5,5,5,5,5,4,2,2,,30.0,6.0,,,,,5.0,4.0,2.0,6.0,,,,1.0,,2.0,,,,5.0,5.0,6.0,,,,15.0,,,1.0,4.0,,,,1.0,,5.0,,,,,,,,,,,1.0,1.0,1.0,1.0,1.0,1.0,6,3,3,3,2,4,5,5,3,2,75.0,70.0,80.0,75.0,70.0,75.0,80.0,60.0,40.0,40.0,1,1,2,1,1,2,2,2,2,1,1,2,2,1,1,1,1,2,1,1,1,1,1,1,2,2,1,2,1,2,1,1,1,2,1,1,2,1,1,1
372,4,4,4,2,3,4,4,2,2,2,40.0,,5.0,,4.0,3.0,3.0,,,,6.0,,1.0,54.0,,,2.0,,,,,,,2.0,5.0,5.0,,15.0,1.0,,,,3.0,,1.0,5.0,,,,,,,,,,,,1.0,1.0,1.0,1.0,1.0,1.0,6,3,3,3,2,4,5,5,3,2,60.0,55.0,55.0,30.0,40.0,55.0,55.0,30.0,30.0,30.0,1,1,2,2,2,1,1,2,1,2,2,2,2,1,2,1,2,2,2,2,2,1,2,1,2,2,1,1,2,1,2,2,1,2,2,1,1,1,2,1
788,5,5,5,5,5,5,5,4,2,2,30.0,,,2.0,,,,5.0,3.0,2.0,,6.0,,,1.0,,2.0,,,,,,,4.0,5.0,5.0,15.0,,1.0,,4.0,,,,1.0,5.0,,1.0,1.0,1.0,1.0,1.0,1.0,1.0,1.0,1.0,1.0,,,,,,,6,3,3,3,1,5,6,6,3,2,80.0,75.0,85.0,90.0,85.0,80.0,85.0,70.0,40.0,40.0,1,1,1,1,1,1,1,1,1,1,1,2,1,1,2,2,1,1,1,1,1,1,1,1,1,1,1,1,1,1,1,1,1,1,1,1,1,1,1,1
201,5,5,5,5,5,5,5,5,2,2,,30.0,,2.0,,,,5.0,4.0,2.0,,6.0,,,1.0,,2.0,,,,4.0,5.0,5.0,,,,,15.0,,1.0,,6.0,,,1.0,,5.0,1.0,1.0,1.0,1.0,1.0,1.0,1.0,1.0,1.0,1.0,,,,,,,6,3,3,3,2,5,6,6,3,2,85.0,80.0,85.0,80.0,75.0,80.0,85.0,80.0,30.0,30.0,1,1,2,2,1,1,1,1,1,1,1,2,1,1,1,1,2,1,2,1,1,1,1,1,1,1,2,1,1,1,1,1,1,1,2,2,1,1,1,2
194,5,5,5,4,4,5,5,4,2,3,,30.0,,2.0,4.0,3.0,3.0,,,,,6.0,,,1.0,,2.0,,,,,,,2.0,5.0,5.0,,15.0,,1.0,,4.0,,2.0,,,5.0,,,,,,,,,,,1.0,1.0,1.0,1.0,1.0,1.0,6,3,3,3,3,5,5,5,3,2,70.0,70.0,75.0,60.0,60.0,70.0,70.0,60.0,40.0,50.0,2,2,2,1,2,1,2,2,2,2,1,2,2,2,2,1,2,2,2,1,1,2,1,1,2,2,2,1,1,2,1,1,2,1,1,2,1,2,1,1
1772,5,5,5,5,5,5,5,5,2,2,,15.0,6.0,,,,,6.0,4.0,2.0,,6.0,1.0,54.0,,,2.0,4.0,5.0,5.0,,,,,,,,15.0,1.0,,,4.0,,,1.0,,5.0,,,,,,,,,,,1.0,1.0,1.0,1.0,1.0,1.0,6,3,3,3,2,4,5,5,3,2,75.0,70.0,80.0,75.0,70.0,75.0,80.0,70.0,30.0,30.0,1,2,2,1,1,1,2,2,2,2,2,1,1,1,1,2,1,1,1,1,1,1,1,1,1,1,1,1,1,1,1,1,1,1,1,1,1,1,1,1
1388,5,5,5,5,5,5,5,5,1,1,,30.0,,2.0,,,,5.0,4.0,2.0,6.0,,,,1.0,,2.0,,,,,,,4.0,5.0,6.0,10.0,,1.0,,,6.0,,,1.0,,5.0,,,,,,,,,,,1.0,1.0,1.0,1.0,1.0,1.0,6,3,3,3,3,5,6,6,3,2,75.0,75.0,80.0,80.0,75.0,80.0,80.0,75.0,25.0,25.0,2,1,2,1,1,2,2,1,1,2,1,1,2,1,1,1,2,1,1,1,1,1,2,1,1,1,1,2,1,2,2,1,1,1,1,1,1,1,1,1
1601,5,5,5,4,4,5,5,4,2,3,,30.0,,2.0,,,,5.0,4.0,2.0,6.0,,,,1.0,,2.0,,,,,,,2.0,5.0,5.0,,15.0,,1.0,,,3.0,2.0,,5.0,,1.0,1.0,1.0,1.0,1.0,1.0,1.0,1.0,1.0,1.0,,,,,,,6,3,3,3,1,3,5,5,3,2,75.0,70.0,80.0,60.0,55.0,75.0,70.0,50.0,40.0,45.0,1,2,1,2,1,1,1,2,1,1,2,2,1,1,1,1,2,1,2,1,1,1,2,1,1,1,2,2,2,2,1,2,2,1,1,1,2,2,1,1
1594,5,5,5,2,3,5,5,2,2,2,70.0,,5.0,,,,,4.0,4.0,2.0,,6.0,,,1.0,1.0,,,,,5.0,5.0,5.0,,,,15.0,,,1.0,,,3.0,,1.0,5.0,,,,,,,,,,,,1.0,1.0,1.0,1.0,1.0,1.0,6,3,2,3,2,4,5,5,3,2,70.0,70.0,70.0,30.0,30.0,70.0,70.0,30.0,30.0,30.0,1,2,1,2,1,1,2,1,1,1,2,2,1,1,1,1,2,2,1,1,2,1,1,1,1,1,1,1,2,1,1,1,1,2,2,2,2,2,1,1
854,5,5,5,5,5,5,5,5,2,2,,30.0,,6.0,,,,5.0,4.0,2.0,,6.0,,,1.0,,2.0,,,,,,,5.0,5.0,6.0,15.0,,,1.0,,5.0,,,1.0,,6.0,1.0,1.0,1.0,1.0,1.0,1.0,1.0,1.0,1.0,1.0,,,,,,,6,2,3,3,1,4,5,5,3,2,80.0,75.0,80.0,75.0,70.0,80.0,75.0,70.0,40.0,40.0,1,1,1,1,1,1,1,1,1,1,1,1,1,1,1,1,1,1,1,1,1,1,1,1,1,1,1,1,1,1,1,1,1,1,1,1,1,1,1,1
927,4,4,4,2,3,4,4,2,2,2,40.0,,4.0,,3.0,4.0,3.0,,,,6.0,,1.0,54.0,,,2.0,,,,,,,2.0,5.0,5.0,15.0,,1.0,,,4.0,,,1.0,,5.0,,,,,,,,,,,1.0,1.0,1.0,1.0,1.0,1.0,6,3,3,3,2,4,4,4,3,2,65.0,65.0,65.0,40.0,40.0,65.0,65.0,40.0,40.0,40.0,1,1,1,1,1,1,1,1,1,1,1,1,1,1,1,1,1,1,1,1,1,1,1,1,1,1,1,1,1,1,1,1,1,1,1,1,1,1,1,1
155,5,5,5,2,2,5,5,2,1,2,,30.0,,2.0,3.0,4.0,2.0,,,,6.0,,,,1.0,1.0,,4.0,5.0,5.0,,,,,,,15.0,,,2.0,,4.0,,1.0,,5.0,,,,,,,,,,,,1.0,1.0,1.0,1.0,1.0,1.0,6,3,2,3,2,4,5,5,3,2,70.0,70.0,75.0,40.0,40.0,70.0,70.0,40.0,20.0,40.0,1,1,1,1,1,1,2,1,2,2,2,2,1,1,1,1,2,1,2,1,1,1,1,1,2,1,1,2,2,1,1,2,2,1,1,1,2,1,1,2
749,4,4,4,4,4,4,4,3,2,2,,30.0,,2.0,5.0,3.0,4.0,,,,,6.0,,,1.0,,2.0,4.0,4.0,5.0,,,,,,,,10.0,,1.0,,5.0,,,1.0,,5.0,1.0,1.0,1.0,1.0,1.0,1.0,1.0,1.0,1.0,1.0,,,,,,,6,3,3,3,2,5,6,6,3,2,60.0,55.0,55.0,50.0,50.0,50.0,50.0,40.0,30.0,30.0,1,2,1,2,1,2,1,1,2,2,2,1,1,2,2,1,1,2,1,1,2,1,1,1,2,2,2,1,1,1,2,2,2,1,2,1,1,2,1,2
1555,5,5,5,5,5,5,5,5,1,1,40.0,,5.0,,4.0,3.0,2.0,,,,,6.0,1.0,15.0,,1.0,,4.0,5.0,5.0,,,,,,,18.0,,,1.0,,,3.0,2.0,,5.0,,1.0,1.0,1.0,1.0,1.0,1.0,1.0,1.0,1.0,1.0,,,,,,,6,3,2,2,1,3,5,5,4,1,80.0,80.0,85.0,85.0,80.0,80.0,85.0,80.0,20.0,20.0,1,1,1,1,1,2,1,2,2,1,2,2,1,2,2,1,1,1,2,1,1,2,1,2,1,2,1,1,1,1,1,2,1,2,1,2,1,1,1,2
1426,4,4,5,4,4,4,5,4,2,2,,35.0,,2.0,,,,5.0,4.0,2.0,6.0,,,,1.0,,2.0,4.0,5.0,5.0,,,,,,,15.0,,,1.0,,,3.0,,1.0,5.0,,1.0,1.0,1.0,1.0,1.0,1.0,1.0,1.0,1.0,1.0,,,,,,,6,3,3,3,1,3,3,3,3,2,65.0,65.0,75.0,60.0,60.0,70.0,75.0,60.0,40.0,40.0,1,2,2,1,1,2,2,1,1,2,1,1,1,1,1,1,1,2,1,1,1,2,1,2,1,2,1,1,1,2,1,2,1,2,1,1,1,1,1,1
1349,4,4,4,2,3,4,4,2,1,1,40.0,,,2.0,4.0,3.0,3.0,,,,6.0,,1.0,54.0,,1.0,,1.0,5.0,5.0,,,,,,,,15.0,,2.0,,,2.0,,1.0,5.0,,1.0,1.0,1.0,1.0,1.0,1.0,1.0,1.0,1.0,1.0,,,,,,,6,3,3,3,2,5,6,6,3,2,60.0,55.0,60.0,30.0,40.0,50.0,50.0,30.0,20.0,20.0,2,1,1,1,1,2,1,2,1,2,1,2,2,1,2,2,1,1,1,2,1,1,1,1,1,2,1,1,1,2,1,1,2,1,2,2,1,1,2,1
821,5,5,5,5,5,5,5,5,1,1,,30.0,,2.0,,,,4.0,3.0,2.0,,6.0,1.0,54.0,,1.0,,,,,4.0,5.0,5.0,,,,18.0,,,1.0,4.0,,,1.0,,,6.0,1.0,1.0,1.0,1.0,1.0,1.0,1.0,1.0,1.0,1.0,,,,,,,6,3,2,2,2,4,6,6,3,2,75.0,70.0,80.0,70.0,65.0,75.0,80.0,70.0,30.0,30.0,1,1,1,1,2,1,1,1,2,1,1,1,1,1,1,1,1,1,2,1,1,1,1,1,2,1,2,1,1,2,1,1,1,2,1,2,2,1,1,1
952,5,5,5,5,5,5,5,5,1,1,30.0,,5.0,,4.0,4.0,3.0,,,,,6.0,1.0,54.0,,1.0,,,,,,,,4.0,5.0,5.0,,15.0,1.0,,,4.0,,,1.0,5.0,,1.0,1.0,1.0,1.0,1.0,1.0,1.0,1.0,1.0,1.0,,,,,,,6,3,3,3,2,4,5,5,3,2,75.0,75.0,80.0,80.0,75.0,80.0,80.0,75.0,20.0,20.0,1,1,1,1,1,1,1,1,1,1,1,1,1,1,1,1,1,1,1,1,1,1,1,1,1,1,1,1,1,1,1,2,1,1,1,1,1,1,1,1
120,4,4,4,2,3,2,4,2,1,1,30.0,,,2.0,,,,5.0,4.0,2.0,,6.0,,,1.0,,2.0,2.0,5.0,5.0,,,,,,,10.0,,1.0,,3.0,,,,1.0,,5.0,1.0,1.0,1.0,1.0,1.0,1.0,1.0,1.0,1.0,1.0,,,,,,,6,3,2,3,2,4,5,5,3,2,60.0,50.0,55.0,20.0,30.0,25.0,40.0,15.0,10.0,10.0,2,2,1,2,1,2,1,1,1,1,2,2,2,1,1,2,2,1,2,2,1,2,1,1,2,1,2,1,1,2,2,2,2,2,2,2,2,2,2,2
1520,4,4,5,5,4,5,5,4,2,2,40.0,,4.0,,4.0,3.0,2.0,,,,6.0,,1.0,54.0,,,2.0,,,,4.0,5.0,5.0,,,,,15.0,,1.0,,,3.0,2.0,,,5.0,1.0,1.0,1.0,1.0,1.0,1.0,1.0,1.0,1.0,1.0,,,,,,,6,3,2,2,1,4,5,5,3,2,70.0,70.0,80.0,60.0,60.0,70.0,80.0,50.0,40.0,40.0,1,1,1,1,1,1,1,1,1,1,1,1,1,1,1,1,1,1,1,1,1,1,1,1,1,1,1,1,1,1,1,1,1,1,1,1,1,1,1,1
1453,4,4,4,4,4,4,4,4,2,2,,30.0,,2.0,4.0,3.0,3.0,,,,,6.0,,,1.0,1.0,,3.0,5.0,5.0,,,,,,,15.0,,,1.0,,,3.0,1.0,,5.0,,,,,,,,,,,,1.0,1.0,1.0,1.0,1.0,1.0,6,3,3,3,3,5,5,5,3,2,70.0,70.0,70.0,70.0,70.0,70.0,70.0,70.0,30.0,30.0,1,1,2,2,2,2,1,2,1,1,1,1,1,1,1,1,1,1,1,1,1,1,1,1,1,1,1,1,1,1,1,1,1,1,1,1,1,1,1,1
1969,5,5,5,5,5,5,5,5,1,1,30.0,,6.0,,,,,6.0,5.0,2.0,6.0,,,,1.0,,2.0,,,,5.0,5.0,6.0,,,,15.0,,1.0,,,4.0,,2.0,,,5.0,,,,,,,,,,,1.0,1.0,1.0,1.0,1.0,1.0,6,3,3,3,2,5,6,6,3,2,85.0,80.0,85.0,80.0,75.0,80.0,85.0,75.0,20.0,20.0,1,1,2,1,2,2,2,1,1,2,2,1,1,1,2,1,1,1,1,1,1,2,2,1,1,2,2,1,2,2,1,1,2,1,1,1,1,2,2,1
2007,5,5,5,5,5,5,5,5,1,1,30.0,,,6.0,3.0,4.0,2.0,,,,,6.0,1.0,54.0,,1.0,,4.0,5.0,6.0,,,,,,,,10.0,1.0,,,,3.0,2.0,,6.0,,1.0,1.0,1.0,1.0,1.0,1.0,1.0,1.0,1.0,1.0,,,,,,,6,2,3,3,1,5,6,6,3,2,85.0,80.0,85.0,90.0,85.0,90.0,90.0,80.0,20.0,20.0,1,2,2,1,1,1,1,1,2,1,1,2,1,1,1,2,1,2,1,2,2,1,1,1,2,2,2,1,1,2,2,2,2,1,2,1,1,2,1,1
993,5,5,5,5,5,5,5,5,1,1,30.0,,,2.0,4.0,3.0,3.0,,,,,6.0,,,1.0,1.0,,4.0,5.0,5.0,,,,,,,,15.0,,2.0,,,3.0,2.0,,,5.0,,,,,,,,,,,1.0,1.0,1.0,1.0,1.0,1.0,6,3,3,3,3,5,6,6,4,2,75.0,75.0,80.0,85.0,80.0,85.0,90.0,80.0,20.0,20.0,1,1,2,2,1,1,2,1,2,1,1,1,1,2,1,2,1,1,2,1,1,2,2,1,1,1,1,1,2,1,1,1,1,2,1,1,1,1,2,1
76,4,4,4,2,3,4,4,2,1,1,,15.0,5.0,,,,,5.0,4.0,2.0,6.0,,,,1.0,1.0,,,,,,,,4.0,5.0,5.0,,15.0,,2.0,,4.0,,1.0,,5.0,,1.0,1.0,1.0,1.0,1.0,1.0,1.0,1.0,1.0,1.0,,,,,,,6,3,3,3,2,4,5,5,3,2,65.0,65.0,65.0,40.0,40.0,50.0,50.0,30.0,20.0,20.0,2,1,2,1,1,2,1,2,1,2,2,1,2,1,2,1,1,2,1,1,2,2,1,2,1,2,2,2,1,2,2,2,2,1,2,2,2,2,1,1
468,5,5,5,4,4,5,5,4,2,3,30.0,,5.0,,,,,5.0,4.0,2.0,,6.0,1.0,54.0,,1.0,,,,,,,,4.0,5.0,5.0,15.0,,,1.0,4.0,,,1.0,,5.0,,1.0,1.0,1.0,1.0,1.0,1.0,1.0,1.0,1.0,1.0,,,,,,,6,3,3,3,1,5,6,6,3,2,75.0,70.0,80.0,50.0,50.0,70.0,70.0,50.0,30.0,40.0,2,1,1,2,1,2,1,2,1,2,2,1,1,2,1,1,1,1,1,2,2,2,1,1,2,1,1,2,1,1,2,1,1,2,1,2,1,2,1,1
307,5,5,5,2,3,4,5,2,1,1,,30.0,,6.0,,,,5.0,4.0,2.0,,6.0,1.0,54.0,,1.0,,,,,1.0,5.0,5.0,,,,5.0,,2.0,,,,2.0,,1.0,,5.0,1.0,1.0,1.0,1.0,1.0,1.0,1.0,1.0,1.0,1.0,,,,,,,6,3,3,3,3,5,6,6,3,2,70.0,70.0,75.0,40.0,50.0,60.0,70.0,40.0,20.0,20.0,2,2,2,2,1,1,2,2,1,1,2,2,2,1,2,2,2,2,1,1,1,1,1,2,1,2,1,1,2,1,2,2,1,2,2,2,2,2,1,2
274,4,4,4,3,4,4,4,3,2,2,,40.0,6.0,,3.0,4.0,2.0,,,,6.0,,1.0,54.0,,,2.0,,,,,,,4.0,5.0,5.0,,15.0,,1.0,,4.0,,,1.0,5.0,,1.0,1.0,1.0,1.0,1.0,1.0,1.0,1.0,1.0,1.0,,,,,,,6,3,3,3,1,4,5,5,3,2,60.0,55.0,55.0,40.0,50.0,50.0,50.0,35.0,30.0,30.0,2,1,1,1,2,2,2,1,1,2,1,1,2,2,1,1,1,1,2,1,2,1,1,1,1,1,1,1,1,2,2,2,1,1,2,2,1,1,2,1
1068,5,5,5,2,3,5,5,2,2,2,40.0,,5.0,,3.0,4.0,3.0,,,,,6.0,1.0,15.0,,1.0,,,,,5.0,5.0,5.0,,,,15.0,,,2.0,4.0,,,1.0,,,5.0,1.0,1.0,1.0,1.0,1.0,1.0,1.0,1.0,1.0,1.0,,,,,,,6,3,3,3,2,5,5,5,3,2,70.0,70.0,75.0,40.0,40.0,70.0,70.0,40.0,40.0,40.0,1,1,1,1,1,1,1,1,1,1,1,2,2,1,1,1,1,1,1,1,1,1,1,1,1,1,1,1,1,1,1,1,1,1,1,1,1,1,1,1
1492,5,5,5,5,5,5,5,5,1,1,,30.0,5.0,,,,,4.0,5.0,2.0,,6.0,,,1.0,1.0,,4.0,5.0,5.0,,,,,,,,15.0,,1.0,4.0,,,1.0,,5.0,,,,,,,,,,,,1.0,1.0,1.0,1.0,1.0,1.0,6,3,3,3,3,5,5,5,3,2,75.0,75.0,80.0,85.0,80.0,85.0,85.0,75.0,30.0,30.0,1,1,1,1,1,1,1,1,1,1,1,1,1,2,1,1,1,1,1,1,1,1,1,1,1,1,1,1,1,1,1,1,1,1,1,1,1,1,1,1
1707,5,5,5,5,5,5,5,4,2,2,40.0,,4.0,,,,,5.0,4.0,2.0,,6.0,,,1.0,,2.0,4.0,5.0,5.0,,,,,,,,12.0,1.0,,,,3.0,2.0,,,5.0,1.0,1.0,1.0,1.0,1.0,1.0,1.0,1.0,1.0,1.0,,,,,,,6,3,3,3,2,5,6,6,3,2,75.0,70.0,80.0,65.0,60.0,70.0,75.0,55.0,40.0,45.0,1,1,1,1,1,2,1,1,1,1,1,1,1,1,1,1,1,1,1,1,1,1,1,1,1,1,1,1,1,1,1,1,1,1,1,1,1,1,1,1
1674,5,5,5,5,5,5,5,5,1,1,20.0,,,2.0,,,,5.0,4.0,2.0,,6.0,,,1.0,1.0,,,,,,,,4.0,5.0,6.0,15.0,,1.0,,4.0,,,2.0,,,5.0,,,,,,,,,,,1.0,1.0,1.0,1.0,1.0,1.0,6,3,2,3,2,5,6,5,3,2,75.0,75.0,80.0,75.0,75.0,75.0,75.0,75.0,25.0,25.0,2,1,1,2,2,2,1,2,1,2,1,1,1,1,2,2,2,1,1,2,1,2,2,2,2,1,2,1,1,2,1,2,1,1,1,2,2,2,2,1
736,5,5,5,5,5,5,5,5,1,1,30.0,,6.0,,3.0,4.0,2.0,,,,,6.0,,,1.0,,2.0,,,,,,,4.0,5.0,5.0,5.0,,,2.0,4.0,,,,1.0,,5.0,1.0,1.0,1.0,1.0,1.0,1.0,1.0,1.0,1.0,1.0,,,,,,,6,3,3,3,1,3,6,6,3,2,75.0,70.0,80.0,75.0,70.0,70.0,75.0,70.0,40.0,40.0,1,2,1,2,1,1,1,2,2,2,2,1,2,1,2,1,1,1,2,1,1,1,1,1,1,2,2,2,1,1,2,1,2,1,1,1,2,1,1,2
645,4,4,4,2,3,4,4,2,2,2,40.0,,,2.0,5.0,3.0,4.0,,,,,6.0,1.0,54.0,,,2.0,,,,,,,2.0,5.0,5.0,7.0,,,1.0,,6.0,,,1.0,,5.0,1.0,1.0,1.0,1.0,1.0,1.0,1.0,1.0,1.0,1.0,,,,,,,6,3,2,2,2,4,5,5,3,2,65.0,60.0,65.0,40.0,45.0,55.0,60.0,35.0,30.0,30.0,2,1,1,1,1,1,1,1,1,1,1,1,1,1,1,1,1,1,1,1,1,1,1,1,1,1,1,1,1,1,1,1,1,1,1,1,1,1,1,1
1336,5,5,5,2,3,5,5,4,2,2,30.0,,,2.0,5.0,4.0,3.0,,,,6.0,,1.0,54.0,,,2.0,,,,,,,4.0,5.0,5.0,,15.0,,2.0,,,3.0,1.0,,5.0,,,,,,,,,,,,1.0,1.0,1.0,1.0,1.0,1.0,6,3,2,2,2,4,5,5,3,2,70.0,65.0,75.0,40.0,50.0,70.0,80.0,60.0,30.0,40.0,1,2,1,1,1,1,1,2,1,1,1,1,2,1,2,1,1,2,1,1,1,2,1,2,1,1,2,1,1,2,1,1,2,1,2,1,1,2,1,1
1245,4,4,4,4,4,4,4,3,2,2,40.0,,4.0,,,,,5.0,4.0,2.0,6.0,,,,1.0,,2.0,,,,,,,2.0,5.0,5.0,15.0,,,1.0,,,3.0,2.0,,,5.0,1.0,1.0,1.0,1.0,1.0,1.0,1.0,1.0,1.0,1.0,,,,,,,6,3,3,3,1,4,5,5,3,2,65.0,60.0,60.0,55.0,55.0,60.0,60.0,50.0,40.0,40.0,1,2,1,1,2,2,2,1,2,1,1,1,2,1,2,1,1,2,1,1,1,2,1,1,1,2,1,1,2,1,1,1,2,1,1,1,1,1,2,1
1459,5,5,5,5,5,5,5,5,1,1,,30.0,5.0,,5.0,5.0,2.0,,,,6.0,,1.0,54.0,,1.0,,5.0,5.0,6.0,,,,,,,,15.0,,1.0,,,3.0,,1.0,6.0,,,,,,,,,,,,1.0,1.0,1.0,1.0,1.0,1.0,6,3,3,3,3,5,6,6,3,2,75.0,75.0,80.0,80.0,75.0,80.0,80.0,75.0,40.0,40.0,1,1,1,1,1,1,1,2,1,1,1,1,2,1,1,1,1,2,1,1,1,1,1,1,2,1,2,1,1,1,1,1,1,1,1,1,1,2,1,1
958,5,5,5,5,5,5,5,4,2,2,30.0,,,2.0,,,,5.0,4.0,2.0,6.0,,1.0,54.0,,1.0,,,,,,,,2.0,5.0,5.0,,15.0,,2.0,,,3.0,,1.0,5.0,,,,,,,,,,,,1.0,1.0,1.0,1.0,1.0,1.0,6,3,2,2,1,5,6,6,3,2,85.0,80.0,85.0,80.0,75.0,80.0,85.0,70.0,40.0,40.0,1,1,1,2,2,2,2,1,1,1,2,1,1,2,1,1,1,2,1,2,1,1,1,1,1,1,2,1,1,1,2,2,1,2,1,1,2,2,1,1
511,5,4,5,5,5,5,5,5,2,2,40.0,,5.0,,,,,4.0,4.0,2.0,6.0,,1.0,54.0,,,2.0,,,,5.0,5.0,6.0,,,,,15.0,,1.0,,,3.0,2.0,,5.0,,,,,,,,,,,,1.0,1.0,1.0,1.0,1.0,1.0,6,3,3,3,3,5,6,6,4,2,75.0,70.0,80.0,75.0,70.0,75.0,75.0,70.0,40.0,40.0,1,2,1,1,1,1,1,2,1,1,1,1,2,1,1,1,1,1,1,1,1,1,1,1,1,1,1,1,1,1,1,1,1,1,1,1,1,1,1,1
462,4,4,4,2,3,4,4,2,2,2,30.0,,,2.0,2.0,4.0,3.0,,,,,6.0,1.0,54.0,,1.0,,,,,,,,2.0,5.0,5.0,,15.0,,2.0,4.0,,,1.0,,5.0,,1.0,1.0,1.0,1.0,1.0,1.0,1.0,1.0,1.0,1.0,,,,,,,6,3,3,3,1,4,5,5,3,2,65.0,60.0,65.0,40.0,50.0,60.0,60.0,40.0,30.0,30.0,2,1,2,1,1,2,2,1,1,2,2,1,1,1,1,2,2,1,2,1,1,1,1,2,2,1,1,1,2,1,2,2,2,2,2,2,1,2,1,1
684,5,5,5,5,5,5,5,5,1,1,30.0,,5.0,,,,,4.0,3.0,2.0,,6.0,,,1.0,1.0,,,,,,,,5.0,5.0,6.0,18.0,,1.0,,,,3.0,,1.0,6.0,,1.0,1.0,1.0,1.0,1.0,1.0,1.0,1.0,1.0,1.0,,,,,,,7,3,3,3,1,5,5,5,3,2,85.0,85.0,90.0,90.0,85.0,90.0,90.0,85.0,15.0,15.0,1,1,1,1,1,1,1,1,1,1,1,1,1,1,1,1,1,1,1,1,1,1,1,1,1,1,1,1,1,1,1,1,1,1,1,1,1,1,1,1
1498,4,4,4,2,3,4,4,2,2,2,40.0,,5.0,,4.0,3.0,3.0,,,,,6.0,1.0,54.0,,1.0,,4.0,5.0,5.0,,,,,,,,15.0,1.0,,,,3.0,1.0,,5.0,,1.0,1.0,1.0,1.0,1.0,1.0,1.0,1.0,1.0,1.0,,,,,,,6,3,2,2,1,4,5,5,3,2,65.0,60.0,60.0,30.0,40.0,50.0,50.0,30.0,30.0,30.0,1,1,1,1,1,2,2,2,1,1,1,2,2,1,1,2,1,2,2,1,2,1,2,1,1,2,1,1,2,1,1,1,1,1,1,1,2,2,1,1
1111,5,5,5,5,5,5,5,5,1,1,30.0,,5.0,,4.0,4.0,3.0,,,,,6.0,1.0,54.0,,1.0,,,,,,,,4.0,5.0,6.0,,15.0,1.0,,6.0,,,,1.0,,6.0,,,,,,,,,,,1.0,1.0,1.0,1.0,1.0,1.0,6,3,3,3,3,5,5,5,4,2,75.0,75.0,80.0,80.0,75.0,80.0,80.0,75.0,25.0,25.0,1,1,1,1,1,1,1,1,1,1,1,1,1,1,1,1,1,1,1,1,1,1,1,1,1,1,1,1,1,1,1,1,1,1,1,1,1,1,1,1
1062,4,4,4,2,2,4,4,2,4,2,30.0,,,2.0,4.0,3.0,2.0,,,,,6.0,,,1.0,1.0,,,,,2.0,5.0,5.0,,,,5.0,,,2.0,3.0,,,1.0,,5.0,,,,,,,,,,,,1.0,1.0,1.0,1.0,1.0,1.0,6,3,3,3,2,5,6,6,4,2,65.0,65.0,65.0,40.0,40.0,50.0,50.0,40.0,40.0,40.0,2,2,2,2,2,2,2,1,1,2,2,2,2,1,1,2,2,2,2,1,2,1,2,2,2,2,2,1,2,2,2,1,2,1,1,1,2,2,1,1
1284,5,5,5,5,5,5,5,5,1,1,,30.0,5.0,,,,,6.0,5.0,2.0,,6.0,,,1.0,,2.0,,,,5.0,5.0,6.0,,,,3.0,,,1.0,5.0,,,,1.0,6.0,,,,,,,,,,,,1.0,1.0,1.0,1.0,1.0,1.0,6,3,3,3,3,5,5,5,3,2,85.0,85.0,90.0,90.0,85.0,90.0,90.0,85.0,10.0,10.0,1,1,1,2,1,2,2,2,1,2,1,1,1,2,1,1,1,1,2,2,1,1,1,2,1,1,1,1,1,1,1,1,1,1,1,2,1,2,1,2
1810,5,5,5,4,4,5,5,4,2,2,,30.0,,2.0,,,,4.0,4.0,2.0,6.0,,1.0,54.0,,,2.0,2.0,5.0,5.0,,,,,,,15.0,,1.0,,4.0,,,,1.0,,5.0,,,,,,,,,,,1.0,1.0,1.0,1.0,1.0,1.0,6,3,2,3,2,5,6,5,4,2,75.0,70.0,80.0,60.0,55.0,75.0,80.0,60.0,40.0,40.0,1,1,1,1,1,1,1,1,1,2,1,1,1,1,1,1,1,1,1,1,1,1,1,1,1,1,1,1,1,1,1,1,1,1,1,1,1,1,1,1
1963,5,5,5,5,5,5,5,5,1,1,30.0,,,2.0,,,,5.0,4.0,2.0,,6.0,1.0,54.0,,1.0,,,,,,,,5.0,5.0,6.0,,18.0,1.0,,4.0,,,1.0,,,6.0,1.0,1.0,1.0,1.0,1.0,1.0,1.0,1.0,1.0,1.0,,,,,,,6,3,3,3,2,4,5,5,4,1,85.0,80.0,90.0,90.0,85.0,90.0,90.0,80.0,20.0,20.0,2,1,1,1,2,1,2,1,1,2,2,1,1,1,2,1,2,1,2,2,1,2,1,1,2,2,2,2,2,1,1,1,1,1,2,1,1,2,1,1
999,4,4,4,2,2,4,4,2,4,2,30.0,,2.0,,4.0,4.0,3.0,,,,6.0,,,,1.0,1.0,,2.0,5.0,2.0,,,,,,,,15.0,,2.0,3.0,,,1.0,,,5.0,,,,,,,,,,,1.0,1.0,1.0,1.0,1.0,1.0,6,3,3,3,2,5,5,5,3,2,65.0,65.0,65.0,40.0,40.0,65.0,65.0,40.0,40.0,40.0,2,2,2,2,2,2,1,1,1,2,2,1,1,2,2,2,2,2,2,1,1,1,1,1,1,1,1,1,1,1,2,2,2,2,1,1,1,1,2,1
782,5,5,5,5,5,5,5,5,2,2,,30.0,6.0,,,,,4.0,4.0,2.0,,7.0,,,1.0,1.0,,,,,5.0,5.0,6.0,,,,,15.0,,1.0,,,3.0,2.0,,5.0,,1.0,1.0,1.0,1.0,1.0,1.0,1.0,1.0,1.0,1.0,,,,,,,6,3,3,3,1,4,5,5,3,2,80.0,75.0,80.0,75.0,70.0,75.0,80.0,70.0,40.0,40.0,1,1,1,2,1,2,2,1,1,1,2,2,2,1,1,1,2,1,1,2,1,1,1,1,2,2,1,1,1,1,2,1,2,1,1,2,2,2,1,1
378,5,5,5,5,5,5,5,5,1,1,30.0,,,2.0,,,,5.0,4.0,2.0,,6.0,,,1.0,,2.0,,,,4.0,5.0,6.0,,,,,15.0,,1.0,,4.0,,2.0,,5.0,,1.0,1.0,1.0,1.0,1.0,1.0,1.0,1.0,1.0,1.0,,,,,,,6,3,3,3,2,4,5,5,3,2,85.0,80.0,85.0,90.0,85.0,90.0,90.0,80.0,20.0,20.0,2,1,1,1,1,1,2,1,1,1,2,1,1,1,1,1,2,2,1,1,1,1,1,1,2,1,2,1,1,2,2,2,1,1,1,2,1,1,1,1
564,5,5,5,5,5,5,5,5,2,2,,30.0,,2.0,5.0,4.0,4.0,,,,,6.0,,,1.0,1.0,,4.0,5.0,5.0,,,,,,,,15.0,1.0,,5.0,,,,1.0,,5.0,1.0,1.0,1.0,1.0,1.0,1.0,1.0,1.0,1.0,1.0,,,,,,,6,3,3,3,3,5,6,6,3,2,75.0,70.0,80.0,75.0,70.0,80.0,75.0,70.0,40.0,40.0,1,2,1,2,2,1,1,1,1,2,2,1,2,1,1,1,1,2,2,1,1,1,1,1,1,2,2,1,1,1,1,2,1,1,2,1,1,2,1,1
417,4,4,5,5,4,5,5,4,2,2,,30.0,,2.0,3.0,4.0,5.0,,,,,6.0,,,1.0,,2.0,,,,,,,4.0,5.0,5.0,15.0,,1.0,,,4.0,,,1.0,,5.0,1.0,1.0,1.0,1.0,1.0,1.0,1.0,1.0,1.0,1.0,,,,,,,6,3,3,3,2,5,6,6,3,2,70.0,65.0,75.0,80.0,70.0,75.0,80.0,65.0,40.0,40.0,2,1,1,2,2,2,2,1,2,2,2,1,1,1,1,1,2,1,1,1,1,1,2,1,1,2,1,1,2,2,2,2,1,1,2,2,2,1,2,2
1382,5,5,5,5,5,5,5,5,2,2,30.0,,,2.0,5.0,3.0,4.0,,,,6.0,,,,1.0,1.0,,3.0,5.0,5.0,,,,,,,,10.0,,2.0,3.0,,,,1.0,5.0,,,,,,,,,,,,1.0,1.0,1.0,1.0,1.0,1.0,6,3,2,2,2,4,6,6,3,2,80.0,75.0,85.0,80.0,75.0,80.0,85.0,70.0,40.0,40.0,1,1,1,2,1,2,1,2,1,2,2,2,1,2,1,2,1,1,2,1,1,2,1,1,2,1,2,2,1,2,2,2,1,1,2,2,1,2,1,1
1778,5,5,5,5,5,5,5,5,1,1,30.0,,5.0,,,,,4.0,5.0,2.0,,6.0,,,1.0,,2.0,,,,4.0,5.0,6.0,,,,15.0,,,1.0,4.0,,,,1.0,5.0,,1.0,1.0,1.0,1.0,1.0,1.0,1.0,1.0,1.0,1.0,,,,,,,6,3,3,3,2,5,5,5,3,2,80.0,80.0,80.0,80.0,80.0,80.0,80.0,80.0,20.0,20.0,2,1,1,2,1,1,2,2,2,2,2,1,1,1,1,1,1,1,1,1,1,1,1,1,1,1,1,1,1,1,1,1,1,1,1,1,1,1,1,1
1164,5,5,5,5,5,5,5,5,1,1,,30.0,6.0,,,,,4.0,4.0,2.0,6.0,,1.0,54.0,,,2.0,2.0,5.0,6.0,,,,,,,18.0,,1.0,,,4.0,,,1.0,5.0,,,,,,,,,,,,1.0,1.0,1.0,1.0,1.0,1.0,6,3,3,3,3,4,4,4,3,2,75.0,75.0,80.0,80.0,75.0,80.0,80.0,75.0,20.0,20.0,2,2,1,1,2,2,1,2,1,1,1,1,1,1,1,1,1,1,1,2,1,1,1,1,2,1,1,1,1,1,1,1,1,1,2,1,1,1,1,1
1017,5,5,5,5,5,5,5,5,1,1,,30.0,,2.0,,,,5.0,4.0,2.0,6.0,,,,1.0,,2.0,4.0,5.0,5.0,,,,,,,15.0,,,1.0,,,3.0,1.0,,5.0,,,,,,,,,,,,1.0,1.0,1.0,1.0,1.0,1.0,6,3,3,3,3,5,6,6,4,2,75.0,70.0,80.0,85.0,80.0,80.0,85.0,75.0,30.0,30.0,1,1,1,1,2,2,2,1,1,1,1,1,1,2,1,1,1,2,1,1,2,1,1,2,1,1,1,2,1,1,1,1,1,2,1,2,2,1,1,1
1865,5,5,5,4,4,5,5,4,2,3,,30.0,,2.0,4.0,3.0,3.0,,,,,6.0,1.0,54.0,,1.0,,4.0,5.0,5.0,,,,,,,,15.0,1.0,,4.0,,,1.0,,,5.0,,,,,,,,,,,1.0,1.0,1.0,1.0,1.0,1.0,6,3,2,2,2,5,6,6,3,2,70.0,70.0,75.0,50.0,50.0,70.0,70.0,50.0,30.0,40.0,1,1,1,1,2,2,1,1,2,2,1,2,1,1,2,1,1,2,1,2,2,2,1,1,2,1,2,1,1,1,1,1,2,1,1,1,1,1,2,1
1916,4,4,5,2,3,4,5,2,1,1,40.0,,5.0,,,,,5.0,5.0,2.0,,6.0,1.0,54.0,,1.0,,,,,4.0,5.0,5.0,,,,5.0,,1.0,,,,2.0,1.0,,,5.0,1.0,1.0,1.0,1.0,1.0,1.0,1.0,1.0,1.0,1.0,,,,,,,6,3,2,3,2,5,6,5,3,2,65.0,65.0,75.0,40.0,50.0,60.0,70.0,30.0,20.0,20.0,1,1,1,1,1,1,1,1,1,1,1,1,1,1,1,1,1,1,1,1,1,1,1,1,1,2,1,1,1,1,1,2,1,1,1,1,1,1,1,1
743,5,5,5,2,3,4,5,2,1,2,,30.0,6.0,,,,,5.0,4.0,2.0,,6.0,1.0,54.0,,,2.0,,,,2.0,5.0,5.0,,,,15.0,,,2.0,,4.0,,,1.0,5.0,,,,,,,,,,,,1.0,1.0,1.0,1.0,1.0,1.0,6,2,3,3,1,3,5,5,3,2,70.0,65.0,75.0,40.0,50.0,60.0,70.0,40.0,30.0,35.0,2,1,2,1,1,1,2,2,1,2,2,1,2,2,1,1,2,1,1,2,1,1,1,2,2,2,1,1,2,2,1,1,2,1,1,2,2,1,1,1
630,5,5,5,5,5,5,5,5,2,2,,30.0,6.0,,3.0,4.0,5.0,,,,,6.0,,,1.0,,2.0,4.0,5.0,6.0,,,,,,,,10.0,1.0,,,4.0,,2.0,,5.0,,,,,,,,,,,,1.0,1.0,1.0,1.0,1.0,1.0,6,3,3,3,2,4,5,5,3,2,85.0,80.0,85.0,80.0,75.0,80.0,85.0,75.0,30.0,30.0,1,2,1,2,2,1,1,1,1,1,1,1,1,1,1,1,1,1,1,1,1,1,1,1,1,1,1,1,1,1,1,1,1,1,1,1,1,1,1,1
1343,5,5,5,4,4,5,5,4,2,3,30.0,,5.0,,4.0,4.0,3.0,,,,,6.0,1.0,54.0,,1.0,,,,,4.0,5.0,5.0,,,,5.0,,1.0,,,,3.0,2.0,,,5.0,,,,,,,,,,,1.0,1.0,1.0,1.0,1.0,1.0,6,3,3,3,2,5,6,6,4,2,75.0,70.0,80.0,65.0,60.0,75.0,70.0,60.0,40.0,50.0,1,2,1,1,1,1,2,2,1,2,1,1,1,1,1,1,1,1,1,1,1,1,1,2,2,1,2,2,1,1,2,1,2,1,2,1,1,1,2,1
1230,5,5,5,5,5,5,5,5,2,2,,30.0,,4.0,,,,5.0,4.0,2.0,,6.0,,,1.0,1.0,,,,,5.0,5.0,5.0,,,,15.0,,1.0,,,5.0,,2.0,,,6.0,1.0,1.0,1.0,1.0,1.0,1.0,1.0,1.0,1.0,1.0,,,,,,,6,3,3,3,1,4,6,6,3,2,80.0,75.0,85.0,80.0,75.0,80.0,85.0,70.0,40.0,40.0,1,1,1,1,1,1,1,1,1,1,1,1,1,1,1,1,1,1,1,1,1,1,1,1,1,1,1,1,1,1,1,1,1,1,1,1,1,1,1,1
1152,4,4,5,4,4,5,5,4,2,2,40.0,,5.0,,5.0,4.0,3.0,,,,6.0,,1.0,54.0,,,2.0,2.0,5.0,5.0,,,,,,,,15.0,,2.0,3.0,,,,1.0,,5.0,1.0,1.0,1.0,1.0,1.0,1.0,1.0,1.0,1.0,1.0,,,,,,,6,3,3,3,2,5,6,6,3,2,65.0,60.0,70.0,55.0,50.0,65.0,70.0,55.0,40.0,40.0,2,1,1,2,1,2,1,2,1,2,1,1,2,2,2,2,2,1,1,2,2,1,2,1,1,2,2,1,2,2,2,1,2,1,1,2,2,2,1,1
1021,5,5,5,5,5,5,5,5,1,1,,30.0,,2.0,,,,5.0,4.0,2.0,,6.0,,,1.0,1.0,,4.0,5.0,5.0,,,,,,,15.0,,1.0,,,,3.0,2.0,,5.0,,1.0,1.0,1.0,1.0,1.0,1.0,1.0,1.0,1.0,1.0,,,,,,,6,3,3,3,1,4,5,5,3,1,85.0,80.0,85.0,80.0,75.0,80.0,85.0,70.0,20.0,20.0,1,1,1,2,2,2,2,2,1,1,2,1,1,1,2,2,1,2,1,1,1,2,1,2,2,1,1,2,2,1,1,2,1,1,1,2,1,2,1,1
552,5,5,5,5,5,5,5,5,1,1,,30.0,6.0,,3.0,4.0,5.0,,,,6.0,,,,1.0,,2.0,,,,,,,5.0,5.0,6.0,,15.0,1.0,,,4.0,,,1.0,5.0,,1.0,1.0,1.0,1.0,1.0,1.0,1.0,1.0,1.0,1.0,,,,,,,6,2,3,3,1,5,6,6,3,2,85.0,80.0,85.0,85.0,80.0,85.0,85.0,75.0,20.0,20.0,1,1,1,1,1,1,1,1,1,1,1,1,1,1,1,1,1,1,1,1,1,1,1,1,1,1,1,1,1,2,1,1,1,1,1,1,1,1,1,1
421,5,5,5,2,3,4,5,2,2,2,,30.0,6.0,,3.0,4.0,5.0,,,,6.0,,,,1.0,,2.0,2.0,5.0,5.0,,,,,,,,10.0,1.0,,,4.0,,,1.0,5.0,,1.0,1.0,1.0,1.0,1.0,1.0,1.0,1.0,1.0,1.0,,,,,,,6,3,3,3,1,4,6,6,3,1,70.0,70.0,70.0,40.0,50.0,60.0,70.0,40.0,40.0,40.0,1,1,2,1,1,2,1,2,1,2,1,2,2,1,2,1,2,1,1,2,2,1,1,2,1,1,2,1,2,1,2,2,1,2,1,2,2,1,2,1
1853,5,5,5,4,4,5,5,4,2,2,,30.0,5.0,,,,,5.0,4.0,2.0,,6.0,,,1.0,1.0,,,,,2.0,5.0,5.0,,,,15.0,,1.0,,4.0,,,1.0,,5.0,,,,,,,,,,,,1.0,1.0,1.0,1.0,1.0,1.0,6,2,3,3,1,3,5,5,3,2,70.0,65.0,75.0,50.0,50.0,70.0,70.0,50.0,30.0,30.0,1,1,2,1,2,1,1,1,2,1,1,1,1,1,1,1,1,1,1,1,1,1,1,1,1,1,1,1,1,1,1,1,1,1,1,1,1,1,1,1
1920,4,4,4,4,4,4,4,3,2,2,30.0,,,2.0,5.0,3.0,5.0,,,,6.0,,,,1.0,1.0,,,,,5.0,5.0,6.0,,,,,15.0,,1.0,,,3.0,,1.0,,5.0,,,,,,,,,,,1.0,1.0,1.0,1.0,1.0,1.0,6,3,3,3,1,4,5,5,3,2,70.0,70.0,75.0,70.0,65.0,70.0,70.0,60.0,40.0,40.0,1,2,1,2,1,1,1,1,2,2,1,1,2,1,2,1,1,1,2,1,2,1,2,1,1,2,1,1,1,1,1,1,2,2,1,1,1,2,2,1
1193,4,4,4,2,3,4,4,2,2,2,40.0,,5.0,,,,,5.0,5.0,2.0,,6.0,,,1.0,1.0,,,,,4.0,5.0,5.0,,,,,15.0,1.0,,,,3.0,1.0,,,5.0,,,,,,,,,,,1.0,1.0,1.0,1.0,1.0,1.0,6,3,3,3,2,5,5,5,3,2,65.0,65.0,65.0,50.0,50.0,60.0,60.0,40.0,40.0,40.0,1,2,1,1,1,2,1,2,1,2,1,1,2,1,2,1,1,1,1,1,1,1,2,1,1,1,1,1,1,1,1,1,1,1,1,2,1,1,1,1
1569,4,4,4,2,3,4,4,2,2,2,,30.0,5.0,,4.0,3.0,2.0,,,,6.0,,1.0,54.0,,,2.0,4.0,5.0,5.0,,,,,,,15.0,,,1.0,,,3.0,2.0,,,5.0,1.0,1.0,1.0,1.0,1.0,1.0,1.0,1.0,1.0,1.0,,,,,,,6,3,2,2,2,4,5,5,3,2,65.0,60.0,60.0,30.0,40.0,50.0,50.0,30.0,20.0,20.0,1,1,1,1,1,1,1,1,1,1,1,1,1,1,1,1,1,1,1,1,1,1,1,1,1,1,1,1,1,1,1,1,1,1,1,1,1,1,1,1
1375,5,5,5,5,5,5,5,5,2,2,,30.0,6.0,,,,,6.0,5.0,2.0,6.0,,,,1.0,,2.0,4.0,5.0,5.0,,,,,,,15.0,,,1.0,4.0,,,2.0,,5.0,,,,,,,,,,,,1.0,1.0,1.0,1.0,1.0,1.0,6,3,3,3,2,4,5,5,3,2,85.0,80.0,85.0,80.0,75.0,80.0,85.0,75.0,30.0,30.0,2,1,1,2,1,1,1,1,1,2,1,2,1,1,1,2,2,2,1,1,2,1,1,2,2,1,2,1,2,1,2,2,1,1,2,1,1,2,1,2
1206,4,4,4,3,3,4,4,3,2,2,40.0,,4.0,,3.0,4.0,2.0,,,,,6.0,1.0,20.0,,1.0,,,,,2.0,5.0,5.0,,,,15.0,,,1.0,,,3.0,,1.0,5.0,,1.0,1.0,1.0,1.0,1.0,1.0,1.0,1.0,1.0,1.0,,,,,,,5,2,3,3,1,4,5,5,3,2,65.0,60.0,65.0,50.0,50.0,60.0,60.0,50.0,40.0,40.0,2,2,2,2,2,1,2,2,2,2,2,2,2,2,2,2,2,2,2,2,2,2,2,2,2,2,2,2,2,2,2,2,2,2,2,2,2,2,2,2
593,5,5,5,5,5,5,5,4,2,2,,30.0,6.0,,,,,5.0,4.0,2.0,6.0,,,,1.0,1.0,,,,,5.0,5.0,5.0,,,,15.0,,1.0,,5.0,,,,1.0,,6.0,1.0,1.0,1.0,1.0,1.0,1.0,1.0,1.0,1.0,1.0,,,,,,,6,3,2,2,1,4,5,5,3,2,80.0,75.0,80.0,70.0,65.0,70.0,75.0,60.0,40.0,40.0,2,2,2,1,1,1,1,1,2,2,1,1,2,1,2,1,2,2,1,2,1,1,2,2,1,2,2,1,1,1,1,2,2,1,1,2,1,1,2,1
169,5,5,5,4,4,5,5,4,2,2,,30.0,5.0,,,,,5.0,4.0,2.0,6.0,,1.0,54.0,,,2.0,3.0,5.0,5.0,,,,,,,18.0,,,1.0,,5.0,,1.0,,,5.0,,,,,,,,,,,1.0,1.0,1.0,1.0,1.0,1.0,6,3,3,3,3,5,6,6,3,2,75.0,70.0,80.0,60.0,55.0,75.0,70.0,60.0,40.0,40.0,1,2,2,1,2,2,1,1,1,1,2,2,1,2,1,1,1,2,2,1,2,1,1,1,1,2,1,1,1,2,2,2,1,2,1,1,2,1,2,1
775,5,5,5,5,5,5,5,5,1,1,30.0,,,6.0,,,,5.0,4.0,2.0,6.0,,1.0,54.0,,,2.0,,,,,,,1.0,5.0,6.0,,15.0,,2.0,4.0,,,1.0,,5.0,,1.0,1.0,1.0,1.0,1.0,1.0,1.0,1.0,1.0,1.0,,,,,,,6,2,3,3,1,5,6,6,3,2,85.0,80.0,85.0,80.0,75.0,80.0,85.0,70.0,20.0,20.0,1,1,2,1,2,1,1,2,1,1,2,1,2,2,1,1,2,1,2,1,2,1,1,1,1,1,1,1,1,2,1,1,1,1,1,2,1,2,1,1
606,4,4,5,4,4,4,5,3,2,2,40.0,,4.0,,,,,5.0,4.0,2.0,,6.0,,,1.0,1.0,,,,,,,,4.0,5.0,5.0,15.0,,1.0,,,4.0,,1.0,,5.0,,1.0,1.0,1.0,1.0,1.0,1.0,1.0,1.0,1.0,1.0,,,,,,,6,3,3,3,3,5,5,5,3,2,65.0,65.0,75.0,60.0,60.0,60.0,70.0,50.0,40.0,40.0,1,2,1,1,2,1,1,2,1,2,1,1,2,2,1,1,2,1,1,1,1,2,1,2,2,1,1,2,1,1,2,2,1,1,1,1,1,2,1,1
868,4,4,4,2,3,4,4,2,1,2,,30.0,,2.0,,,,5.0,4.0,2.0,,6.0,,,1.0,,2.0,2.0,5.0,5.0,,,,,,,15.0,,1.0,,4.0,,,1.0,,,5.0,,,,,,,,,,,1.0,1.0,1.0,1.0,1.0,1.0,6,3,3,3,3,5,5,5,3,2,65.0,60.0,65.0,40.0,50.0,55.0,60.0,40.0,30.0,40.0,1,1,1,1,1,1,1,1,1,2,1,1,1,1,1,1,1,1,1,1,1,1,1,1,1,1,1,1,1,1,1,1,1,1,1,1,1,1,1,1
1892,5,5,5,5,5,5,5,5,1,1,,15.0,5.0,,,,,5.0,4.0,2.0,6.0,,,,1.0,1.0,,,,,,,,5.0,5.0,6.0,,15.0,1.0,,,4.0,,1.0,,5.0,,,,,,,,,,,,1.0,1.0,1.0,1.0,1.0,1.0,6,3,3,3,3,5,6,6,3,2,75.0,70.0,80.0,85.0,80.0,85.0,90.0,80.0,30.0,30.0,1,1,1,1,1,1,1,1,1,2,2,1,1,1,1,1,1,1,1,1,1,1,1,1,2,2,2,1,1,1,1,1,1,1,1,1,1,1,1,1
1689,5,4,5,4,4,5,5,3,2,2,,30.0,,2.0,,,,5.0,4.0,2.0,6.0,,1.0,54.0,,,2.0,4.0,5.0,5.0,,,,,,,15.0,,,1.0,,4.0,,1.0,,,5.0,,,,,,,,,,,1.0,1.0,1.0,1.0,1.0,1.0,6,3,2,2,2,4,5,5,3,2,70.0,60.0,75.0,55.0,50.0,65.0,70.0,40.0,30.0,35.0,1,1,1,2,1,1,2,1,2,2,2,1,2,1,1,2,2,1,1,2,1,1,1,1,1,2,1,2,1,2,1,1,2,1,2,1,1,1,2,1
1300,5,5,5,4,4,4,5,4,2,3,30.0,,4.0,,,,,3.0,4.0,2.0,6.0,,,,1.0,1.0,,,,,5.0,5.0,5.0,,,,15.0,,1.0,,,4.0,,1.0,,,5.0,,,,,,,,,,,1.0,1.0,1.0,1.0,1.0,1.0,6,3,2,2,1,4,5,5,3,2,70.0,65.0,75.0,50.0,55.0,60.0,70.0,50.0,40.0,45.0,1,2,1,2,2,2,1,2,1,1,2,1,1,2,1,2,1,1,1,2,1,1,2,2,1,2,2,1,1,1,2,1,2,1,2,1,2,1,2,1
1273,5,5,5,2,4,5,5,3,2,2,,30.0,6.0,,,,,5.0,4.0,2.0,,6.0,1.0,54.0,,1.0,,,,,2.0,5.0,5.0,,,,,15.0,1.0,,4.0,,,1.0,,5.0,,1.0,1.0,1.0,1.0,1.0,1.0,1.0,1.0,1.0,1.0,,,,,,,6,3,2,2,2,5,6,6,3,2,70.0,70.0,75.0,40.0,50.0,70.0,70.0,40.0,30.0,30.0,1,1,1,2,2,1,2,1,1,2,1,1,1,1,1,1,1,1,1,1,1,1,1,1,1,1,1,1,1,1,1,1,1,1,1,1,1,1,1,1
1095,5,4,5,5,5,5,5,5,2,2,,35.0,5.0,,3.0,4.0,2.0,,,,6.0,,1.0,54.0,,,2.0,,,,4.0,5.0,5.0,,,,15.0,,,1.0,4.0,,,,1.0,5.0,,1.0,1.0,1.0,1.0,1.0,1.0,1.0,1.0,1.0,1.0,,,,,,,6,2,1,1,1,5,6,6,3,2,85.0,75.0,90.0,80.0,75.0,80.0,85.0,80.0,40.0,40.0,1,1,1,1,1,1,1,2,1,1,2,1,2,1,2,1,1,1,1,1,1,1,1,1,1,1,1,1,1,1,1,1,1,1,1,1,1,1,1,1
289,5,5,5,5,5,5,5,5,1,1,30.0,,,2.0,5.0,4.0,3.0,,,,,6.0,,,1.0,,2.0,,,,5.0,5.0,5.0,,,,,15.0,1.0,,4.0,,,,1.0,,5.0,,,,,,,,,,,1.0,1.0,1.0,1.0,1.0,1.0,6,3,2,2,3,5,5,5,3,2,75.0,75.0,80.0,75.0,70.0,75.0,80.0,70.0,20.0,20.0,2,2,1,1,1,2,1,2,1,2,2,2,1,1,2,2,1,1,1,2,1,1,1,1,2,1,1,2,1,1,1,2,1,2,2,1,1,2,1,1
700,5,5,5,4,4,5,5,4,2,2,30.0,,5.0,,5.0,4.0,3.0,,,,,6.0,,,1.0,,2.0,4.0,5.0,5.0,,,,,,,,10.0,1.0,,4.0,,,2.0,,5.0,,1.0,1.0,1.0,1.0,1.0,1.0,1.0,1.0,1.0,1.0,,,,,,,6,3,3,3,1,4,5,5,3,2,70.0,65.0,75.0,60.0,55.0,70.0,65.0,50.0,40.0,40.0,2,1,1,1,2,1,1,1,2,1,2,1,1,2,2,1,2,2,1,1,1,1,1,1,2,2,1,1,1,2,1,1,2,1,2,2,1,2,2,1
673,5,5,5,2,2,5,5,2,2,2,,30.0,,5.0,5.0,3.0,4.0,,,,6.0,,1.0,54.0,,1.0,,4.0,5.0,6.0,,,,,,,,15.0,,1.0,,,3.0,,1.0,,5.0,,,,,,,,,,,1.0,1.0,1.0,1.0,1.0,1.0,6,3,3,3,1,3,5,5,3,2,70.0,70.0,70.0,40.0,40.0,70.0,70.0,40.0,40.0,40.0,1,1,2,1,2,1,1,1,1,2,2,2,1,2,1,2,2,1,1,1,1,1,1,1,1,1,1,1,1,1,1,1,1,1,1,1,2,1,1,2
495,5,5,5,5,5,5,5,5,2,2,30.0,,,2.0,4.0,3.0,5.0,,,,,6.0,,,1.0,1.0,,,,,,,,5.0,5.0,5.0,15.0,,,1.0,4.0,,,,1.0,5.0,,,,,,,,,,,,1.0,1.0,1.0,1.0,1.0,1.0,6,3,2,2,1,3,5,5,3,2,85.0,80.0,85.0,80.0,75.0,80.0,85.0,75.0,30.0,30.0,1,2,1,1,2,2,1,2,1,2,1,1,1,2,2,2,2,1,2,2,1,1,1,1,2,1,2,1,2,1,1,1,1,1,2,1,2,1,1,1
1994,5,5,5,5,5,5,5,5,2,2,,30.0,,2.0,4.0,3.0,2.0,,,,,6.0,1.0,54.0,,,2.0,,,,4.0,5.0,5.0,,,,,15.0,,1.0,,4.0,,1.0,,5.0,,,,,,,,,,,,1.0,1.0,1.0,1.0,1.0,1.0,6,3,3,3,2,3,3,3,3,2,85.0,80.0,85.0,80.0,75.0,80.0,85.0,75.0,30.0,30.0,1,1,1,1,1,2,1,1,1,1,1,1,1,1,1,1,1,1,1,1,1,1,1,1,1,1,1,1,2,1,2,1,1,1,1,1,1,1,1,1
1127,5,5,5,5,5,5,5,5,2,2,30.0,,,5.0,4.0,4.0,3.0,,,,,6.0,1.0,54.0,,,2.0,,,,4.0,5.0,5.0,,,,15.0,,,1.0,4.0,,,2.0,,,5.0,1.0,1.0,1.0,1.0,1.0,1.0,1.0,1.0,1.0,1.0,,,,,,,6,3,3,3,1,5,6,6,3,2,75.0,70.0,80.0,85.0,80.0,75.0,80.0,70.0,40.0,40.0,1,2,1,1,1,2,1,1,1,2,2,2,2,2,1,1,2,1,1,2,2,1,2,1,1,1,1,1,1,2,2,1,2,1,2,2,1,1,1,2
1054,5,5,5,5,5,5,5,5,1,1,,15.0,,2.0,4.0,3.0,2.0,,,,6.0,,,,1.0,1.0,,,,,5.0,5.0,6.0,,,,15.0,,1.0,,,5.0,,,1.0,5.0,,,,,,,,,,,,1.0,1.0,1.0,1.0,1.0,1.0,6,3,3,3,3,5,5,5,3,2,75.0,75.0,80.0,75.0,75.0,75.0,75.0,75.0,25.0,25.0,1,2,2,1,1,2,2,2,1,1,2,2,2,1,2,2,1,1,1,2,2,1,1,1,1,1,1,2,2,1,1,1,2,1,1,1,1,1,1,1
1648,5,4,5,2,3,4,5,3,2,1,,30.0,,5.0,,,,5.0,4.0,2.0,6.0,,,,1.0,,2.0,,,,,,,4.0,5.0,5.0,5.0,,1.0,,4.0,,,,1.0,,5.0,1.0,1.0,1.0,1.0,1.0,1.0,1.0,1.0,1.0,1.0,,,,,,,6,3,2,3,2,5,6,5,3,2,70.0,65.0,75.0,40.0,50.0,60.0,70.0,50.0,40.0,30.0,2,1,2,1,1,1,2,1,1,2,1,2,2,2,2,1,1,1,1,1,1,2,1,1,1,2,1,1,1,1,1,2,1,1,1,1,1,1,2,1
527,5,5,5,4,4,5,5,4,2,3,,30.0,,2.0,3.0,4.0,2.0,,,,,6.0,1.0,54.0,,,2.0,,,,2.0,5.0,5.0,,,,15.0,,,1.0,,7.0,,,1.0,,5.0,1.0,1.0,1.0,1.0,1.0,1.0,1.0,1.0,1.0,1.0,,,,,,,6,3,3,3,2,4,5,5,3,2,75.0,70.0,80.0,60.0,55.0,75.0,70.0,60.0,40.0,50.0,2,1,1,1,1,1,1,1,1,2,1,2,1,1,2,1,2,2,1,2,1,2,1,1,1,1,1,2,1,2,1,2,1,1,1,2,2,1,1,1
454,5,5,5,4,4,5,5,4,2,3,40.0,,,2.0,4.0,3.0,2.0,,,,,6.0,,,1.0,1.0,,4.0,5.0,5.0,,,,,,,,15.0,1.0,,,,3.0,1.0,,5.0,,,,,,,,,,,,1.0,1.0,1.0,1.0,1.0,1.0,6,3,3,3,2,5,6,6,3,2,75.0,70.0,80.0,60.0,55.0,75.0,70.0,50.0,40.0,45.0,1,2,2,1,1,1,2,2,1,1,1,1,1,1,2,1,1,1,2,2,1,1,1,2,1,2,2,1,1,1,2,1,2,2,1,1,1,1,1,1
248,5,5,5,2,4,5,5,2,2,2,35.0,,,2.0,,,,5.0,4.0,2.0,6.0,,,,1.0,,2.0,,,,4.0,5.0,5.0,,,,5.0,,1.0,,4.0,,,,1.0,5.0,,,,,,,,,,,,1.0,1.0,1.0,1.0,1.0,1.0,6,3,3,3,2,3,3,3,3,2,75.0,70.0,80.0,40.0,50.0,70.0,80.0,40.0,30.0,30.0,1,1,2,1,2,1,2,2,1,2,2,1,2,1,1,2,1,1,2,1,1,1,2,1,1,1,2,1,1,1,1,1,1,1,1,1,1,1,1,1
1826,5,5,5,5,5,5,5,5,1,1,30.0,,,2.0,,,,5.0,4.0,2.0,,6.0,1.0,15.0,,,2.0,,,,5.0,5.0,6.0,,,,18.0,,,1.0,4.0,,,,1.0,6.0,,1.0,1.0,1.0,1.0,1.0,1.0,1.0,1.0,1.0,1.0,,,,,,,6,3,2,2,2,5,6,6,3,2,85.0,80.0,90.0,75.0,70.0,80.0,85.0,75.0,20.0,25.0,1,1,2,1,1,1,1,1,1,1,1,1,1,1,2,2,1,1,2,1,1,1,2,2,1,1,1,1,2,1,2,1,1,1,1,1,1,1,1,1
1955,5,5,5,4,4,5,5,4,2,2,40.0,,,2.0,,,,6.0,5.0,2.0,,6.0,,,1.0,,2.0,3.0,5.0,5.0,,,,,,,15.0,,,1.0,5.0,,,1.0,,,5.0,1.0,1.0,1.0,1.0,1.0,1.0,1.0,1.0,1.0,1.0,,,,,,,6,3,3,3,2,4,5,5,3,2,75.0,70.0,80.0,60.0,55.0,70.0,75.0,50.0,40.0,40.0,1,1,1,1,1,1,1,1,1,1,1,1,1,1,1,1,1,1,1,1,1,1,1,1,1,1,1,1,1,1,1,1,1,1,1,1,1,1,1,1
817,4,4,4,2,3,4,4,2,1,1,,30.0,5.0,,,,,5.0,5.0,2.0,6.0,,1.0,54.0,,,2.0,,,,4.0,5.0,5.0,,,,15.0,,1.0,,4.0,,,1.0,,,5.0,,,,,,,,,,,1.0,1.0,1.0,1.0,1.0,1.0,6,3,3,3,2,4,5,5,3,2,65.0,65.0,65.0,40.0,40.0,65.0,65.0,40.0,20.0,20.0,2,2,2,2,1,1,1,1,2,1,1,1,2,1,2,2,2,2,1,2,1,1,2,1,1,1,1,1,1,1,1,1,1,1,1,1,1,2,1,1
964,4,4,5,2,3,4,5,2,1,2,,35.0,,2.0,,,,4.0,3.0,2.0,,6.0,,,1.0,1.0,,,,,4.0,5.0,5.0,,,,,15.0,1.0,,,,3.0,1.0,,,5.0,,,,,,,,,,,1.0,1.0,1.0,1.0,1.0,1.0,6,3,2,3,2,4,5,5,4,2,65.0,60.0,70.0,40.0,50.0,55.0,70.0,30.0,20.0,35.0,1,1,1,1,1,2,1,1,1,1,1,1,1,1,1,1,1,1,1,1,1,1,1,1,1,1,1,1,1,1,1,1,1,1,1,1,1,1,1,1
81,5,5,5,5,5,5,5,5,1,1,,30.0,,2.0,,,,4.0,4.0,2.0,6.0,,,,1.0,1.0,,,,,,,,5.0,5.0,6.0,15.0,,,1.0,4.0,,,,1.0,,5.0,1.0,1.0,1.0,1.0,1.0,1.0,1.0,1.0,1.0,1.0,,,,,,,6,3,3,3,2,5,6,6,3,2,70.0,70.0,80.0,80.0,80.0,80.0,80.0,80.0,20.0,20.0,2,1,2,1,2,2,1,1,2,1,2,2,1,1,2,2,1,1,2,1,2,1,1,1,1,1,1,1,1,1,1,1,1,1,1,1,1,1,1,1
1279,5,5,5,5,5,5,5,5,1,1,,30.0,6.0,,4.0,5.0,2.0,,,,6.0,,,,1.0,1.0,,2.0,5.0,5.0,,,,,,,,15.0,,2.0,,7.0,,,1.0,,5.0,,,,,,,,,,,1.0,1.0,1.0,1.0,1.0,1.0,6,3,3,3,3,5,5,5,3,2,75.0,80.0,85.0,90.0,85.0,90.0,90.0,80.0,20.0,20.0,1,2,1,1,2,1,2,1,1,2,1,2,2,1,2,1,2,1,2,1,2,1,1,1,1,2,2,1,1,2,1,1,2,1,1,1,1,1,2,1
1683,4,4,5,5,5,5,5,4,2,2,,30.0,,2.0,4.0,3.0,3.0,,,,6.0,,,,1.0,1.0,,,,,5.0,5.0,6.0,,,,15.0,,,1.0,4.0,,,,1.0,5.0,,1.0,1.0,1.0,1.0,1.0,1.0,1.0,1.0,1.0,1.0,,,,,,,6,3,3,3,2,4,5,5,3,2,70.0,65.0,80.0,75.0,70.0,75.0,80.0,65.0,40.0,40.0,1,1,2,2,2,2,1,2,2,1,1,1,1,2,1,1,2,2,1,1,1,2,1,1,1,1,2,1,1,1,1,2,1,1,1,1,2,2,1,1
1516,5,5,5,5,5,5,5,4,2,2,,30.0,4.0,,,,,5.0,4.0,2.0,6.0,,1.0,54.0,,1.0,,,,,4.0,5.0,5.0,,,,,15.0,,1.0,,4.0,,2.0,,,5.0,,,,,,,,,,,1.0,1.0,1.0,1.0,1.0,1.0,6,3,2,2,1,5,6,6,3,2,75.0,70.0,80.0,70.0,65.0,70.0,75.0,60.0,40.0,40.0,2,1,2,2,1,1,1,1,1,2,1,2,2,2,2,1,1,1,2,2,1,1,1,1,1,1,2,1,2,1,2,1,2,1,1,2,1,2,2,1
1465,5,5,5,5,5,5,5,5,2,2,,30.0,6.0,,,,,5.0,4.0,2.0,6.0,,,,1.0,1.0,,4.0,5.0,5.0,,,,,,,15.0,,1.0,,,4.0,,,1.0,5.0,,1.0,1.0,1.0,1.0,1.0,1.0,1.0,1.0,1.0,1.0,,,,,,,6,3,3,3,1,5,6,6,3,2,80.0,75.0,85.0,80.0,75.0,80.0,85.0,70.0,30.0,30.0,1,1,2,2,1,2,1,1,1,2,2,2,2,2,1,1,2,1,2,1,1,2,1,1,1,2,1,1,2,1,1,2,1,1,1,1,1,2,1,1
679,5,4,5,5,5,5,5,5,2,2,40.0,,5.0,,3.0,4.0,2.0,,,,6.0,,1.0,54.0,,1.0,,,,,,,,4.0,5.0,5.0,,15.0,1.0,,,,3.0,,1.0,5.0,,1.0,1.0,1.0,1.0,1.0,1.0,1.0,1.0,1.0,1.0,,,,,,,6,3,2,2,1,3,5,5,3,2,75.0,65.0,80.0,70.0,65.0,70.0,75.0,70.0,40.0,40.0,1,1,2,1,1,2,1,2,1,1,2,1,1,1,2,1,1,2,1,1,1,1,1,1,2,1,2,1,1,1,1,1,1,2,1,1,2,2,1,2
283,5,5,5,2,3,4,5,2,1,1,,30.0,6.0,,3.0,4.0,5.0,,,,,6.0,,,1.0,,2.0,,,,,,,2.0,5.0,5.0,,15.0,,2.0,4.0,,,1.0,,5.0,,1.0,1.0,1.0,1.0,1.0,1.0,1.0,1.0,1.0,1.0,,,,,,,6,3,3,3,1,5,6,6,3,2,70.0,70.0,75.0,30.0,40.0,50.0,70.0,30.0,20.0,20.0,1,2,1,1,2,2,1,2,1,2,2,1,1,1,2,1,2,2,1,1,1,2,1,2,2,1,1,1,2,1,1,1,2,2,1,2,1,1,2,1
116,5,5,5,5,5,5,5,5,1,1,30.0,,5.0,,4.0,3.0,2.0,,,,6.0,,,,1.0,1.0,,,,,,,,5.0,5.0,6.0,15.0,,1.0,,,4.0,,,1.0,5.0,,,,,,,,,,,,1.0,1.0,1.0,1.0,1.0,1.0,6,3,3,3,2,5,5,5,3,2,75.0,75.0,80.0,75.0,70.0,75.0,80.0,70.0,20.0,20.0,2,2,1,2,1,2,1,1,1,2,1,2,1,2,2,1,1,2,2,1,1,2,2,1,2,2,1,1,2,1,2,2,1,1,1,1,1,2,1,2
2031,4,4,4,3,4,4,4,3,2,2,,35.0,,2.0,,,,4.0,3.0,2.0,6.0,,,,1.0,1.0,,,,,4.0,5.0,5.0,,,,5.0,,1.0,,,4.0,,1.0,,5.0,,,,,,,,,,,,1.0,1.0,1.0,1.0,1.0,1.0,6,3,3,3,3,5,6,6,3,2,65.0,60.0,70.0,55.0,60.0,65.0,70.0,50.0,40.0,45.0,1,1,2,2,1,2,2,1,1,1,2,1,2,1,2,1,1,2,2,1,2,1,2,1,2,1,2,2,1,1,1,2,1,1,1,1,2,2,1,2
40,4,4,4,2,3,3,4,2,2,2,,30.0,5.0,,,,,5.0,4.0,2.0,6.0,,,,1.0,,2.0,,,,,,,2.0,5.0,5.0,15.0,,,2.0,4.0,,,,1.0,,5.0,,,,,,,,,,,1.0,1.0,1.0,1.0,1.0,1.0,6,2,3,3,2,5,6,6,3,2,60.0,55.0,55.0,30.0,40.0,40.0,50.0,30.0,30.0,30.0,1,1,1,1,1,1,1,1,1,1,1,1,1,1,1,1,1,1,1,1,1,1,1,1,1,1,1,1,1,1,1,1,1,1,1,1,1,1,1,1
1731,5,5,5,2,2,5,5,2,1,1,,30.0,5.0,,4.0,3.0,2.0,,,,,6.0,1.0,54.0,,1.0,,,,,4.0,5.0,5.0,,,,,15.0,,2.0,,4.0,,,1.0,5.0,,1.0,1.0,1.0,1.0,1.0,1.0,1.0,1.0,1.0,1.0,,,,,,,6,3,2,2,1,3,4,4,3,2,75.0,75.0,80.0,40.0,40.0,75.0,75.0,40.0,20.0,20.0,1,1,2,2,1,1,2,2,2,2,2,2,2,2,2,1,1,1,1,2,2,1,1,1,2,1,1,2,1,2,1,2,1,2,1,2,2,1,2,2
1642,5,5,5,4,4,5,5,4,2,2,,30.0,,2.0,,,,5.0,4.0,2.0,6.0,,,,1.0,1.0,,,,,,,,3.0,5.0,5.0,15.0,,1.0,,4.0,,,,1.0,,5.0,,,,,,,,,,,1.0,1.0,1.0,1.0,1.0,1.0,6,3,3,3,2,4,5,5,3,2,70.0,70.0,75.0,50.0,50.0,70.0,70.0,50.0,30.0,30.0,2,1,2,2,2,1,1,1,1,1,1,2,2,1,2,1,2,1,2,1,1,2,2,2,1,1,2,2,1,1,1,2,2,1,1,1,2,1,1,1
331,4,4,5,4,4,4,5,3,2,2,40.0,,,2.0,,,,5.0,4.0,2.0,,6.0,1.0,54.0,,,2.0,,,,,,,2.0,5.0,6.0,,15.0,1.0,,,4.0,,,1.0,5.0,,,,,,,,,,,,1.0,1.0,1.0,1.0,1.0,1.0,6,3,3,3,3,4,4,4,3,2,65.0,60.0,70.0,55.0,55.0,60.0,65.0,50.0,40.0,40.0,1,2,1,1,1,2,1,2,1,2,2,1,2,1,2,1,1,2,1,2,1,2,1,1,1,1,1,2,1,1,2,1,1,2,2,1,1,2,1,1
242,5,5,5,2,2,5,5,2,2,2,35.0,,,2.0,,,,4.0,3.0,2.0,6.0,,,,1.0,,2.0,,,,,,,4.0,5.0,6.0,,15.0,1.0,,,4.0,,1.0,,,5.0,1.0,1.0,1.0,1.0,1.0,1.0,1.0,1.0,1.0,1.0,,,,,,,6,3,3,3,3,5,5,5,3,2,75.0,75.0,75.0,25.0,25.0,75.0,75.0,25.0,25.0,25.0,1,1,2,1,2,1,1,1,2,2,2,1,2,1,2,1,2,1,1,1,1,1,1,1,2,1,1,1,1,1,1,1,1,1,1,1,1,1,1,1
35,4,4,4,2,3,4,4,2,2,2,,30.0,,2.0,5.0,4.0,3.0,,,,,6.0,,,1.0,1.0,,,,,2.0,5.0,5.0,,,,,10.0,1.0,,,4.0,,2.0,,5.0,,1.0,1.0,1.0,1.0,1.0,1.0,1.0,1.0,1.0,1.0,,,,,,,6,3,3,3,2,3,5,5,3,2,60.0,55.0,60.0,30.0,40.0,50.0,50.0,30.0,30.0,30.0,1,1,1,1,1,1,1,1,1,2,1,2,1,1,1,1,1,1,2,2,1,2,1,1,1,2,1,2,1,1,1,1,1,2,2,2,1,1,1,2
1,4,4,4,4,4,4,4,4,2,2,,40.0,5.0,,3.0,4.0,3.0,,,,,6.0,,,1.0,,2.0,4.0,5.0,5.0,,,,,,,15.0,,,1.0,,,3.0,1.0,,,5.0,,,,,,,,,,,1.0,1.0,1.0,1.0,1.0,1.0,6,3,2,2,2,5,6,6,3,2,70.0,65.0,70.0,60.0,60.0,65.0,70.0,60.0,40.0,40.0,1,1,2,1,2,1,1,1,1,1,1,2,1,1,1,1,1,2,1,1,1,1,1,1,1,1,1,1,1,2,2,1,2,1,1,1,1,1,1,1
2044,4,4,4,3,4,4,4,3,2,2,,30.0,4.0,,,,,5.0,4.0,2.0,6.0,,,,1.0,,2.0,2.0,4.0,5.0,,,,,,,,10.0,,1.0,,3.0,,1.0,,5.0,,,,,,,,,,,,1.0,1.0,1.0,1.0,1.0,1.0,6,3,3,3,3,5,5,5,3,2,65.0,65.0,70.0,50.0,55.0,60.0,60.0,40.0,30.0,30.0,1,2,1,2,1,1,1,2,1,1,1,2,2,1,1,2,1,1,2,1,1,2,1,2,1,1,2,1,1,2,1,1,1,2,1,2,2,1,1,1
1859,4,4,5,2,3,4,5,2,1,1,,30.0,,2.0,5.0,3.0,4.0,,,,6.0,,1.0,54.0,,,2.0,,,,,,,2.0,5.0,5.0,,15.0,,2.0,3.0,,,1.0,,5.0,,,,,,,,,,,,1.0,1.0,1.0,1.0,1.0,1.0,6,3,3,3,1,4,5,5,3,2,65.0,60.0,70.0,30.0,40.0,50.0,60.0,30.0,20.0,20.0,2,1,1,2,1,1,1,1,2,1,2,1,2,1,2,1,2,1,2,1,2,1,2,1,1,1,2,1,2,1,2,1,2,1,2,1,2,1,2,1
1744,5,5,5,5,5,5,5,5,1,1,20.0,,,2.0,4.0,3.0,4.0,,,,6.0,,1.0,54.0,,1.0,,,,,,,,4.0,5.0,6.0,,15.0,,1.0,,4.0,,,1.0,,5.0,,,,,,,,,,,1.0,1.0,1.0,1.0,1.0,1.0,6,3,3,3,3,5,5,5,4,2,75.0,70.0,80.0,75.0,70.0,75.0,80.0,70.0,40.0,40.0,1,1,1,2,2,2,2,2,1,1,1,2,1,1,1,1,1,1,1,1,1,1,1,1,1,1,1,1,1,1,1,2,1,1,1,1,1,1,1,1
1637,5,5,5,5,5,5,5,5,1,1,,30.0,,2.0,,,,5.0,4.0,2.0,6.0,,,,1.0,1.0,,,,,,,,5.0,5.0,6.0,,15.0,,2.0,,,3.0,2.0,,,5.0,,,,,,,,,,,1.0,1.0,1.0,1.0,1.0,1.0,6,3,3,3,3,3,5,5,3,2,70.0,65.0,75.0,80.0,75.0,80.0,85.0,70.0,40.0,40.0,1,1,1,2,2,1,1,2,2,1,2,1,1,1,2,2,2,2,1,1,2,1,1,1,2,1,1,2,1,1,2,2,1,1,2,1,1,1,1,1
1158,5,5,5,5,5,5,5,5,2,2,,30.0,6.0,,,,,5.0,4.0,2.0,,6.0,1.0,54.0,,,2.0,,,,,,,5.0,5.0,5.0,15.0,,,1.0,4.0,,,2.0,,5.0,,,,,,,,,,,,1.0,1.0,1.0,1.0,1.0,1.0,6,3,2,2,1,5,6,6,4,2,75.0,70.0,80.0,75.0,70.0,75.0,80.0,70.0,40.0,40.0,1,1,1,1,1,2,1,2,1,2,1,1,2,2,1,1,2,2,1,1,1,2,1,1,1,1,1,1,1,1,1,1,1,2,1,2,1,1,1,1
344,5,5,5,5,5,5,5,5,2,2,35.0,,5.0,,,,,5.0,4.0,2.0,6.0,,1.0,54.0,,1.0,,,,,,,,5.0,5.0,6.0,,15.0,,1.0,,,3.0,2.0,,5.0,,1.0,1.0,1.0,1.0,1.0,1.0,1.0,1.0,1.0,1.0,,,,,,,6,3,3,3,2,4,5,5,3,2,75.0,70.0,80.0,85.0,80.0,85.0,90.0,70.0,40.0,40.0,1,1,1,1,1,1,2,1,1,1,1,1,1,1,1,1,1,1,1,1,1,1,1,1,1,1,1,1,1,1,1,1,1,1,1,1,1,1,1,1
237,5,5,5,5,5,5,5,5,1,1,,30.0,,5.0,4.0,4.0,3.0,,,,,6.0,,,1.0,,2.0,2.0,5.0,5.0,,,,,,,15.0,,1.0,,,,3.0,2.0,,5.0,,,,,,,,,,,,1.0,1.0,1.0,1.0,1.0,1.0,6,3,2,3,2,4,5,5,3,2,85.0,85.0,90.0,90.0,85.0,90.0,90.0,80.0,20.0,20.0,2,1,1,1,2,1,1,1,1,2,2,2,1,1,1,2,1,1,1,1,1,1,1,2,1,1,1,2,2,1,2,1,1,2,1,1,1,2,2,1
558,4,4,5,2,3,4,5,2,1,1,,30.0,,2.0,,,,5.0,4.0,2.0,,6.0,1.0,54.0,,,2.0,,,,,,,4.0,5.0,5.0,,15.0,,1.0,,,3.0,,1.0,,5.0,1.0,1.0,1.0,1.0,1.0,1.0,1.0,1.0,1.0,1.0,,,,,,,6,3,3,3,2,4,5,5,3,1,65.0,60.0,70.0,40.0,50.0,55.0,60.0,35.0,30.0,25.0,1,1,1,1,1,2,1,1,1,1,1,2,2,1,1,1,1,2,1,1,2,2,1,2,1,2,2,1,2,1,1,1,1,2,1,2,1,2,2,1
862,5,5,5,5,5,5,5,4,2,2,,30.0,,2.0,3.0,4.0,2.0,,,,,6.0,1.0,54.0,,1.0,,,,,4.0,5.0,5.0,,,,,10.0,1.0,,4.0,,,,1.0,,5.0,1.0,1.0,1.0,1.0,1.0,1.0,1.0,1.0,1.0,1.0,,,,,,,6,3,2,2,2,5,6,6,3,2,75.0,70.0,80.0,75.0,70.0,80.0,75.0,60.0,40.0,40.0,2,1,2,1,2,1,1,2,1,2,1,1,2,2,1,1,2,1,2,1,1,1,2,1,1,2,1,2,1,2,2,1,1,2,1,1,2,1,1,1
911,5,4,5,4,4,5,5,4,2,2,40.0,,5.0,,,,,5.0,4.0,2.0,,6.0,,,1.0,,2.0,,,,,,,4.0,5.0,5.0,15.0,,1.0,,,,3.0,,1.0,5.0,,,,,,,,,,,,1.0,1.0,1.0,1.0,1.0,1.0,6,3,3,3,2,5,5,5,3,2,75.0,65.0,80.0,60.0,55.0,70.0,75.0,60.0,40.0,40.0,2,1,1,2,2,1,2,1,2,1,2,1,2,2,1,2,1,2,1,1,1,1,2,1,2,1,2,2,1,1,2,2,2,1,1,1,2,1,1,2
1898,5,5,5,5,5,5,5,5,2,2,30.0,,,2.0,,,,5.0,4.0,2.0,,6.0,1.0,54.0,,,2.0,,,,4.0,5.0,5.0,,,,,15.0,1.0,,,,3.0,2.0,,,5.0,1.0,1.0,1.0,1.0,1.0,1.0,1.0,1.0,1.0,1.0,,,,,,,6,3,2,2,1,3,5,5,4,2,80.0,75.0,80.0,85.0,80.0,80.0,85.0,70.0,30.0,30.0,1,1,1,1,2,1,2,1,2,2,1,2,1,1,1,2,2,1,2,1,2,1,1,2,1,1,2,1,2,1,2,2,1,1,2,2,1,1,1,2
1563,5,5,5,5,5,5,5,5,1,1,,30.0,,5.0,3.0,4.0,5.0,,,,,6.0,1.0,54.0,,,2.0,,,,,,,5.0,5.0,6.0,15.0,,1.0,,,,3.0,2.0,,,6.0,1.0,1.0,1.0,1.0,1.0,1.0,1.0,1.0,1.0,1.0,,,,,,,6,3,3,3,1,4,5,5,4,2,85.0,80.0,85.0,80.0,75.0,85.0,80.0,70.0,20.0,20.0,1,2,2,1,1,1,2,1,1,2,2,2,1,1,1,1,1,1,2,1,1,1,1,1,1,1,1,1,1,2,1,1,1,2,1,2,1,1,1,1
1199,5,5,5,5,5,5,5,5,1,1,,30.0,5.0,,,,,5.0,4.0,2.0,,6.0,1.0,54.0,,1.0,,,,,5.0,5.0,6.0,,,,,15.0,,1.0,5.0,,,,1.0,6.0,,,,,,,,,,,,1.0,1.0,1.0,1.0,1.0,1.0,6,3,3,3,3,5,5,5,3,2,75.0,75.0,80.0,85.0,80.0,85.0,85.0,80.0,20.0,20.0,1,1,1,1,1,1,1,1,1,1,1,1,1,1,1,1,1,1,1,1,1,1,1,1,1,1,1,1,1,1,1,1,1,1,1,1,1,1,1,1
1410,5,4,5,4,4,5,5,4,2,2,30.0,,,2.0,,,,5.0,4.0,2.0,6.0,,1.0,54.0,,,2.0,,,,,,,2.0,5.0,5.0,,15.0,1.0,,4.0,,,,1.0,,5.0,1.0,1.0,1.0,1.0,1.0,1.0,1.0,1.0,1.0,1.0,,,,,,,6,3,3,3,2,4,5,5,3,2,70.0,60.0,75.0,50.0,55.0,70.0,75.0,60.0,40.0,40.0,1,1,1,2,1,2,1,2,1,1,2,1,1,1,1,2,1,2,1,2,1,1,2,1,2,1,2,2,1,1,1,2,1,2,2,1,2,1,1,1
1785,5,5,5,2,3,5,5,2,2,2,,30.0,4.0,,3.0,4.0,5.0,,,,6.0,,,,1.0,,2.0,2.0,5.0,5.0,,,,,,,,8.0,,2.0,,5.0,,,1.0,5.0,,1.0,1.0,1.0,1.0,1.0,1.0,1.0,1.0,1.0,1.0,,,,,,,6,3,2,2,1,5,6,6,3,2,70.0,65.0,75.0,40.0,50.0,70.0,70.0,40.0,30.0,30.0,1,1,1,1,2,2,2,1,2,2,1,1,2,1,1,2,2,2,1,2,1,1,1,1,1,2,1,1,1,2,1,1,2,1,1,1,1,1,1,2
163,5,5,5,5,5,5,5,5,1,1,,30.0,5.0,,,,,4.0,4.0,2.0,,6.0,,,1.0,1.0,,4.0,5.0,5.0,,,,,,,15.0,,1.0,,4.0,,,1.0,,5.0,,1.0,1.0,1.0,1.0,1.0,1.0,1.0,1.0,1.0,1.0,,,,,,,6,3,3,3,2,5,6,6,3,2,80.0,75.0,85.0,70.0,65.0,75.0,80.0,70.0,30.0,30.0,1,1,2,1,2,2,1,1,1,1,2,1,1,2,2,1,2,1,1,2,1,2,2,1,2,1,1,1,1,1,1,2,2,1,1,2,2,2,1,1
599,5,4,5,4,4,5,5,4,2,3,,30.0,,2.0,3.0,3.0,4.0,,,,,6.0,,,1.0,,2.0,,,,,,,4.0,5.0,5.0,15.0,,,2.0,,,3.0,,1.0,5.0,,,,,,,,,,,,1.0,1.0,1.0,1.0,1.0,1.0,6,3,3,3,2,4,5,5,3,2,75.0,65.0,80.0,60.0,55.0,70.0,75.0,50.0,40.0,45.0,1,2,2,1,2,1,1,2,1,1,1,2,1,2,1,1,1,1,2,2,1,2,2,1,1,1,2,2,2,1,2,1,2,2,2,2,2,2,1,1
385,4,4,5,4,4,4,5,3,2,2,,35.0,5.0,,3.0,4.0,2.0,,,,,6.0,1.0,54.0,,1.0,,,,,4.0,5.0,5.0,,,,15.0,,,2.0,,4.0,,1.0,,,5.0,,,,,,,,,,,1.0,1.0,1.0,1.0,1.0,1.0,6,3,2,3,2,4,5,5,3,2,65.0,60.0,70.0,55.0,50.0,60.0,70.0,40.0,30.0,30.0,2,1,1,2,1,1,2,2,2,1,2,1,2,1,2,2,1,2,1,1,1,2,1,1,2,2,1,1,1,2,2,2,2,1,1,2,1,2,1,1
1868,5,5,5,4,4,5,5,4,2,3,,30.0,,2.0,,,,5.0,4.0,2.0,,6.0,,,1.0,1.0,,4.0,5.0,5.0,,,,,,,,15.0,,1.0,4.0,,,,1.0,5.0,,1.0,1.0,1.0,1.0,1.0,1.0,1.0,1.0,1.0,1.0,,,,,,,6,3,3,3,1,4,6,6,3,2,70.0,70.0,75.0,50.0,50.0,70.0,70.0,50.0,30.0,40.0,1,1,1,1,1,2,1,1,2,1,1,2,1,1,1,1,1,1,1,1,2,1,2,1,2,1,1,1,2,1,2,1,2,1,1,1,1,1,2,1
892,5,5,5,4,4,5,5,4,2,2,40.0,,5.0,,4.0,3.0,3.0,,,,6.0,,1.0,54.0,,1.0,,,,,,,,4.0,5.0,5.0,15.0,,,1.0,4.0,,,,1.0,,5.0,,,,,,,,,,,1.0,1.0,1.0,1.0,1.0,1.0,6,3,2,2,2,4,5,5,3,2,75.0,75.0,80.0,60.0,60.0,80.0,80.0,60.0,40.0,40.0,1,1,2,1,2,2,1,2,1,1,2,2,2,1,1,1,1,1,2,1,2,2,1,1,2,1,1,2,1,1,2,1,2,2,2,1,1,1,1,1
375,5,5,5,5,5,5,5,5,2,2,30.0,,5.0,,4.0,3.0,5.0,,,,,6.0,1.0,54.0,,1.0,,,,,,,,4.0,5.0,5.0,,15.0,1.0,,,5.0,,,1.0,,5.0,1.0,1.0,1.0,1.0,1.0,1.0,1.0,1.0,1.0,1.0,,,,,,,6,3,3,3,2,5,6,6,3,2,80.0,75.0,85.0,80.0,75.0,80.0,85.0,70.0,40.0,40.0,1,1,1,1,1,1,1,2,2,1,2,1,1,1,1,1,1,1,2,2,2,1,2,2,1,1,1,2,2,1,2,2,1,2,2,1,1,2,1,1
206,4,4,4,2,3,2,4,2,1,1,,30.0,5.0,,4.0,3.0,3.0,,,,6.0,,,,1.0,1.0,,2.0,5.0,5.0,,,,,,,,5.0,1.0,,4.0,,,1.0,,,5.0,,,,,,,,,,,1.0,1.0,1.0,1.0,1.0,1.0,6,3,3,3,2,4,5,5,3,2,65.0,60.0,70.0,40.0,50.0,45.0,55.0,40.0,30.0,30.0,1,1,2,1,2,1,2,1,1,2,2,1,2,1,1,1,1,2,1,2,2,1,1,1,1,1,1,2,1,2,2,1,1,1,2,1,2,1,1,1
193,4,4,4,2,3,4,4,2,2,2,40.0,,,2.0,5.0,3.0,3.0,,,,6.0,,,,1.0,1.0,,2.0,5.0,5.0,,,,,,,15.0,,,1.0,4.0,,,1.0,,,5.0,1.0,1.0,1.0,1.0,1.0,1.0,1.0,1.0,1.0,1.0,,,,,,,6,3,3,3,2,5,6,6,3,2,60.0,55.0,55.0,30.0,40.0,50.0,50.0,30.0,30.0,30.0,2,2,1,1,1,1,2,2,1,1,2,1,2,2,1,1,2,2,1,2,2,2,1,1,1,2,2,1,2,2,2,2,2,1,1,2,1,2,1,1
569,4,4,4,2,3,4,4,2,1,1,35.0,,,2.0,,,,5.0,4.0,2.0,6.0,,,,1.0,,2.0,,,,2.0,5.0,5.0,,,,10.0,,1.0,,,4.0,,1.0,,5.0,,,,,,,,,,,,1.0,1.0,1.0,1.0,1.0,1.0,6,3,3,3,2,5,6,6,3,2,65.0,65.0,65.0,40.0,40.0,65.0,65.0,40.0,40.0,40.0,1,1,2,2,2,2,2,1,1,2,2,2,2,2,2,1,2,2,1,1,2,1,1,1,2,1,1,2,2,2,2,2,1,2,2,1,2,2,2,2
1775,5,5,5,5,5,5,5,4,2,2,,30.0,5.0,,,,,6.0,5.0,2.0,6.0,,,,1.0,1.0,,,,,,,,4.0,5.0,5.0,,15.0,,1.0,,,3.0,,1.0,5.0,,1.0,1.0,1.0,1.0,1.0,1.0,1.0,1.0,1.0,1.0,,,,,,,6,3,3,3,2,5,5,5,3,2,75.0,70.0,80.0,75.0,70.0,75.0,80.0,60.0,40.0,40.0,2,1,1,1,2,2,2,1,1,2,2,2,2,1,2,2,2,2,2,1,1,1,1,1,2,2,2,1,1,2,1,1,1,1,2,2,1,2,2,1
1606,5,5,5,5,5,5,5,5,1,1,,30.0,,2.0,,,,4.0,3.0,2.0,6.0,,1.0,54.0,,1.0,,,,,5.0,5.0,6.0,,,,15.0,,,1.0,4.0,,,2.0,,6.0,,,,,,,,,,,,1.0,1.0,1.0,1.0,1.0,1.0,6,3,3,3,2,3,6,6,4,2,75.0,75.0,80.0,85.0,80.0,85.0,90.0,80.0,20.0,20.0,1,1,2,1,2,1,2,1,1,2,1,2,1,1,1,2,1,2,2,1,1,2,1,1,2,1,1,2,1,2,1,1,1,2,1,1,1,2,1,1
1593,4,4,5,5,5,5,5,5,2,2,,30.0,5.0,,,,,5.0,4.0,2.0,6.0,,,,1.0,,2.0,,,,4.0,5.0,5.0,,,,15.0,,1.0,,,3.0,,1.0,,,5.0,,,,,,,,,,,1.0,1.0,1.0,1.0,1.0,1.0,6,3,3,3,3,5,6,6,3,2,70.0,65.0,75.0,80.0,75.0,80.0,85.0,70.0,40.0,40.0,1,1,1,1,1,2,1,1,1,2,1,1,1,1,2,1,1,2,1,2,1,1,1,1,2,2,1,1,1,1,1,1,1,1,1,2,1,1,1,1
1169,5,5,5,5,5,5,5,5,1,1,,30.0,5.0,,4.0,4.0,3.0,,,,,6.0,,,1.0,1.0,,4.0,5.0,5.0,,,,,,,,15.0,1.0,,,,3.0,,1.0,,5.0,,,,,,,,,,,1.0,1.0,1.0,1.0,1.0,1.0,6,3,2,2,2,4,5,5,3,2,75.0,75.0,80.0,80.0,75.0,80.0,80.0,75.0,20.0,20.0,1,1,1,1,1,2,2,1,2,1,1,2,1,1,1,1,1,2,2,2,2,1,1,1,1,1,1,2,1,1,1,2,1,1,2,1,1,1,1,1
853,5,4,5,5,5,5,5,5,2,2,30.0,,,2.0,4.0,3.0,2.0,,,,,6.0,,,1.0,,2.0,3.0,5.0,5.0,,,,,,,15.0,,1.0,,,4.0,,1.0,,5.0,,,,,,,,,,,,1.0,1.0,1.0,1.0,1.0,1.0,6,3,3,3,1,3,5,5,3,2,75.0,70.0,80.0,75.0,70.0,75.0,80.0,70.0,40.0,40.0,1,1,2,2,1,2,1,1,1,2,1,1,1,1,1,1,1,1,1,1,1,1,1,1,1,1,1,2,1,1,1,1,2,1,1,1,1,1,1,1
920,5,5,5,5,5,5,5,5,2,2,40.0,,,2.0,5.0,4.0,5.0,,,,,6.0,1.0,54.0,,,2.0,,,,,,,4.0,5.0,6.0,,15.0,,1.0,5.0,,,2.0,,5.0,,,,,,,,,,,,1.0,1.0,1.0,1.0,1.0,1.0,6,3,3,3,2,4,5,5,3,2,85.0,80.0,85.0,80.0,75.0,80.0,85.0,75.0,30.0,30.0,1,1,1,1,2,2,1,2,1,1,1,1,1,1,1,1,1,1,1,1,1,1,1,1,1,1,1,1,1,1,1,1,1,1,1,1,1,1,1,1
152,5,5,5,1,2,5,5,1,1,1,,30.0,,2.0,4.0,4.0,2.0,,,,6.0,,,,1.0,,2.0,,,,4.0,5.0,5.0,,,,,15.0,1.0,,4.0,,,1.0,,,5.0,,,,,,,,,,,1.0,1.0,1.0,1.0,1.0,1.0,6,3,3,3,2,4,5,5,3,2,70.0,70.0,75.0,20.0,25.0,70.0,70.0,20.0,20.0,20.0,1,2,1,1,2,1,1,2,2,1,2,1,2,2,1,2,1,2,2,2,2,1,1,2,1,1,2,1,1,2,1,1,2,2,2,2,1,1,1,1
1552,4,4,4,2,3,4,4,2,2,2,,30.0,,2.0,,,,5.0,4.0,2.0,6.0,,,,1.0,1.0,,,,,2.0,5.0,5.0,,,,15.0,,,1.0,,6.0,,,1.0,5.0,,,,,,,,,,,,1.0,1.0,1.0,1.0,1.0,1.0,6,3,3,3,3,5,6,6,3,2,60.0,55.0,55.0,30.0,40.0,50.0,50.0,30.0,30.0,30.0,1,1,1,1,2,2,1,1,2,1,1,1,2,1,1,1,1,2,1,1,2,1,1,1,2,1,2,1,2,2,1,1,1,1,2,1,1,1,1,1
1421,5,5,5,4,4,5,5,4,2,2,70.0,,,2.0,,,,5.0,4.0,2.0,6.0,,1.0,54.0,,1.0,,,,,,,,4.0,5.0,5.0,,15.0,1.0,,,4.0,,,1.0,5.0,,,,,,,,,,,,1.0,1.0,1.0,1.0,1.0,1.0,6,2,3,3,2,4,5,5,3,2,70.0,70.0,75.0,60.0,60.0,70.0,70.0,60.0,40.0,40.0,1,2,2,1,1,2,2,1,2,2,1,1,2,1,1,1,2,2,1,2,1,1,1,1,1,2,2,1,2,1,2,1,1,2,2,1,2,2,2,1
826,5,5,5,5,5,5,5,5,1,1,,30.0,,2.0,4.0,4.0,3.0,,,,,6.0,,,1.0,1.0,,,,,,,,4.0,5.0,5.0,,15.0,,1.0,,,3.0,2.0,,5.0,,,,,,,,,,,,1.0,1.0,1.0,1.0,1.0,1.0,6,3,3,3,2,5,5,5,3,2,75.0,75.0,75.0,75.0,75.0,75.0,75.0,75.0,25.0,25.0,2,2,2,1,1,1,2,1,1,1,2,2,2,1,2,2,2,1,1,1,1,1,1,1,1,1,1,1,1,1,1,1,1,1,1,1,1,1,1,1
955,5,4,5,2,3,3,4,2,1,1,40.0,,,2.0,5.0,3.0,4.0,,,,,6.0,1.0,54.0,,1.0,,,,,,,,2.0,5.0,5.0,,15.0,,2.0,,,3.0,,1.0,5.0,,1.0,1.0,1.0,1.0,1.0,1.0,1.0,1.0,1.0,1.0,,,,,,,6,3,3,3,2,5,6,6,3,2,70.0,60.0,75.0,40.0,50.0,50.0,65.0,40.0,20.0,20.0,1,1,2,2,1,1,2,1,1,1,1,2,1,1,1,2,1,1,1,1,1,1,1,1,1,1,1,1,1,1,1,2,1,2,1,2,1,1,1,2
648,5,5,5,5,5,5,5,5,1,1,40.0,,4.0,,4.0,3.0,2.0,,,,,6.0,,,1.0,1.0,,,,,5.0,5.0,6.0,,,,15.0,,,1.0,,7.0,,2.0,,6.0,,1.0,1.0,1.0,1.0,1.0,1.0,1.0,1.0,1.0,1.0,,,,,,,6,3,2,2,1,3,6,6,3,2,85.0,85.0,90.0,90.0,85.0,90.0,90.0,85.0,20.0,20.0,1,1,1,1,1,1,1,1,1,1,1,1,1,1,1,1,1,1,1,1,1,1,1,1,1,1,1,1,1,1,1,1,1,1,1,1,1,1,1,1
127,4,4,4,3,3,4,4,3,2,2,40.0,,4.0,,4.0,3.0,5.0,,,,6.0,,1.0,54.0,,,2.0,,,,2.0,5.0,5.0,,,,15.0,,1.0,,4.0,,,1.0,,5.0,,1.0,1.0,1.0,1.0,1.0,1.0,1.0,1.0,1.0,1.0,,,,,,,6,3,3,3,2,4,5,5,3,2,65.0,60.0,70.0,50.0,45.0,55.0,60.0,40.0,35.0,30.0,1,1,2,2,1,2,2,1,2,1,2,2,2,2,2,1,1,2,2,2,1,2,2,2,2,2,2,2,1,2,2,1,2,1,2,2,2,2,1,2
1248,5,5,5,5,5,5,5,5,1,1,,30.0,6.0,,,,,5.0,4.0,2.0,,6.0,,,1.0,,2.0,,,,4.0,5.0,5.0,,,,15.0,,,1.0,,6.0,,2.0,,5.0,,1.0,1.0,1.0,1.0,1.0,1.0,1.0,1.0,1.0,1.0,,,,,,,6,3,3,3,1,4,5,5,3,2,80.0,75.0,85.0,80.0,75.0,80.0,85.0,70.0,30.0,25.0,1,1,1,1,1,1,1,1,1,1,1,1,1,1,1,1,1,1,1,1,1,1,1,1,1,1,1,1,1,1,1,1,1,1,1,1,1,1,1,1
1527,5,4,5,5,5,5,5,5,2,2,30.0,,5.0,,,,,4.0,5.0,2.0,,6.0,1.0,15.0,,1.0,,,,,4.0,5.0,5.0,,,,5.0,,1.0,,,,3.0,,1.0,5.0,,1.0,1.0,1.0,1.0,1.0,1.0,1.0,1.0,1.0,1.0,,,,,,,6,3,2,3,2,5,5,5,3,2,75.0,70.0,80.0,85.0,80.0,85.0,90.0,80.0,40.0,40.0,1,2,2,1,1,2,1,1,2,2,1,2,1,2,1,2,2,1,1,2,2,1,2,2,2,2,1,2,2,2,2,2,2,1,1,1,2,2,1,1
1454,5,5,5,2,3,5,5,2,2,2,,40.0,,2.0,4.0,3.0,3.0,,,,,6.0,,,1.0,,2.0,2.0,5.0,5.0,,,,,,,,15.0,,1.0,4.0,,,,1.0,,5.0,,,,,,,,,,,1.0,1.0,1.0,1.0,1.0,1.0,6,3,3,3,2,4,5,5,3,2,75.0,70.0,80.0,40.0,50.0,70.0,80.0,30.0,20.0,20.0,2,2,2,1,1,1,1,2,1,1,1,2,2,1,2,1,1,2,2,1,1,1,1,2,1,1,2,1,1,1,2,1,2,1,1,1,1,2,1,1
2000,5,5,5,3,4,5,5,4,2,2,35.0,,,2.0,,,,5.0,4.0,2.0,6.0,,,,1.0,1.0,,2.0,5.0,5.0,,,,,,,,15.0,1.0,,,,3.0,,1.0,,5.0,,,,,,,,,,,1.0,1.0,1.0,1.0,1.0,1.0,6,3,3,3,2,4,5,5,3,2,70.0,70.0,75.0,40.0,50.0,60.0,70.0,50.0,30.0,30.0,2,1,1,2,1,2,1,1,1,1,2,1,2,2,1,1,2,1,2,2,1,2,1,2,1,2,2,2,2,1,2,1,2,1,1,2,2,1,2,1
71,5,5,5,5,5,5,5,5,2,2,30.0,,,2.0,5.0,4.0,5.0,,,,6.0,,,,1.0,1.0,,4.0,5.0,5.0,,,,,,,15.0,,,1.0,,6.0,,2.0,,,5.0,1.0,1.0,1.0,1.0,1.0,1.0,1.0,1.0,1.0,1.0,,,,,,,6,3,3,3,1,5,6,6,3,2,75.0,70.0,80.0,75.0,70.0,80.0,75.0,70.0,30.0,30.0,1,2,1,1,1,1,2,1,2,1,2,1,2,1,1,1,2,2,1,2,1,1,1,1,1,1,1,2,2,1,1,2,1,1,2,2,1,2,1,1
994,5,5,5,4,4,5,5,4,2,2,,30.0,5.0,,,,,4.0,4.0,2.0,6.0,,1.0,54.0,,1.0,,,,,,,,4.0,5.0,5.0,,15.0,,1.0,,,3.0,,1.0,5.0,,,,,,,,,,,,1.0,1.0,1.0,1.0,1.0,1.0,6,2,2,2,1,3,5,5,3,2,75.0,70.0,80.0,60.0,55.0,75.0,70.0,50.0,40.0,40.0,1,1,2,2,1,2,1,1,2,1,1,1,2,1,1,1,1,2,2,1,1,1,2,2,2,1,1,1,1,2,1,1,1,2,2,2,1,2,1,1
689,5,5,5,2,3,5,5,5,1,2,35.0,,5.0,,,,,4.0,3.0,2.0,6.0,,1.0,54.0,,,2.0,,,,4.0,5.0,6.0,,,,15.0,,,1.0,,4.0,,,1.0,,6.0,,,,,,,,,,,1.0,1.0,1.0,1.0,1.0,1.0,6,3,3,3,3,5,6,6,4,2,75.0,70.0,80.0,40.0,50.0,70.0,80.0,60.0,30.0,40.0,1,2,1,1,1,2,1,2,1,2,1,1,1,2,1,2,1,2,1,2,2,1,2,1,2,1,1,1,1,2,1,2,1,2,1,1,1,2,1,1
300,5,5,5,4,4,5,5,4,2,2,,30.0,4.0,,,,,5.0,4.0,2.0,6.0,,,,1.0,,2.0,3.0,5.0,5.0,,,,,,,15.0,,1.0,,4.0,,,1.0,,5.0,,,,,,,,,,,,1.0,1.0,1.0,1.0,1.0,1.0,6,3,3,3,1,3,5,5,3,2,75.0,70.0,80.0,60.0,55.0,70.0,65.0,50.0,40.0,40.0,1,2,1,2,1,2,1,1,2,2,1,2,1,1,2,2,1,2,1,2,1,2,1,1,2,2,1,2,1,2,1,2,1,1,1,2,1,1,1,1
273,4,4,4,2,3,4,4,2,2,2,,30.0,,2.0,,,,5.0,3.0,2.0,6.0,,1.0,54.0,,,2.0,2.0,5.0,5.0,,,,,,,15.0,,,2.0,,,3.0,1.0,,5.0,,1.0,1.0,2.0,2.0,1.0,1.0,1.0,1.0,1.0,1.0,,,,,,,6,3,3,3,2,4,5,5,3,2,60.0,55.0,55.0,30.0,40.0,50.0,50.0,30.0,30.0,30.0,2,1,1,1,2,1,1,2,2,2,1,2,1,2,1,2,1,2,2,1,2,1,2,1,2,1,2,1,2,1,2,1,2,1,2,1,2,1,2,1
1495,4,4,4,2,3,4,4,2,2,2,40.0,,,2.0,4.0,3.0,3.0,,,,6.0,,,,1.0,,2.0,,,,4.0,5.0,5.0,,,,,15.0,1.0,,,4.0,,,1.0,,5.0,,,,,,,,,,,1.0,1.0,1.0,1.0,1.0,1.0,6,3,3,3,3,5,5,5,3,2,60.0,60.0,60.0,40.0,40.0,50.0,50.0,30.0,30.0,30.0,1,1,2,1,1,1,1,2,2,2,1,2,2,2,2,1,1,2,1,1,1,2,1,2,2,1,1,2,2,2,2,1,2,1,1,2,1,2,1,1
1289,5,5,5,5,5,5,5,5,1,2,70.0,,,6.0,,,,5.0,4.0,2.0,6.0,,,,1.0,,2.0,,,,1.0,5.0,6.0,,,,15.0,,,1.0,,,3.0,2.0,,,5.0,1.0,1.0,1.0,1.0,1.0,1.0,1.0,1.0,1.0,1.0,,,,,,,6,3,3,3,1,4,5,5,3,2,85.0,80.0,90.0,85.0,80.0,85.0,90.0,75.0,30.0,40.0,1,2,1,1,1,2,1,1,2,1,2,2,1,2,2,2,1,1,1,1,2,2,1,1,2,1,1,2,1,1,2,1,2,1,1,1,1,1,1,2
1700,5,5,5,5,5,5,5,5,1,1,30.0,,5.0,,4.0,3.0,3.0,,,,,6.0,,,1.0,1.0,,4.0,5.0,5.0,,,,,,,,15.0,1.0,,4.0,,,,1.0,5.0,,1.0,1.0,1.0,1.0,1.0,1.0,1.0,1.0,1.0,1.0,,,,,,,6,3,2,2,1,3,3,3,4,2,80.0,75.0,85.0,80.0,75.0,85.0,80.0,75.0,20.0,20.0,2,2,1,1,1,1,2,2,1,2,1,1,1,2,2,1,2,1,1,2,1,1,1,1,2,2,1,1,1,1,1,1,1,2,2,2,2,2,1,1
1673,5,5,5,5,5,5,5,5,1,1,30.0,,,2.0,3.0,4.0,3.0,,,,6.0,,1.0,54.0,,1.0,,,,,,,,2.0,5.0,5.0,,15.0,,2.0,,,3.0,,1.0,,5.0,,,,,,,,,,,1.0,1.0,1.0,1.0,1.0,1.0,6,3,2,3,2,5,6,5,4,2,75.0,70.0,80.0,85.0,80.0,85.0,90.0,70.0,30.0,40.0,1,1,2,2,1,2,2,1,1,2,1,1,2,2,1,2,1,1,1,1,2,1,1,2,2,1,1,1,2,1,1,1,1,1,1,1,1,1,1,1
731,5,5,5,5,5,5,5,5,1,2,,30.0,4.0,,,,,5.0,4.0,2.0,,6.0,1.0,54.0,,,2.0,4.0,5.0,5.0,,,,,,,15.0,,,1.0,4.0,,,,1.0,,5.0,,,,,,,,,,,1.0,1.0,1.0,1.0,1.0,1.0,6,3,2,3,2,5,6,5,3,2,85.0,80.0,85.0,80.0,75.0,80.0,85.0,75.0,20.0,30.0,1,2,1,1,1,1,1,1,1,1,1,1,1,1,2,1,1,1,1,1,2,1,1,2,1,1,2,1,1,1,1,1,2,1,1,1,1,1,1,1
642,4,4,4,3,3,4,4,3,2,2,,30.0,5.0,,4.0,3.0,5.0,,,,6.0,,,,1.0,1.0,,2.0,4.0,5.0,,,,,,,15.0,,1.0,,,4.0,,,1.0,5.0,,,,,,,,,,,,1.0,1.0,1.0,1.0,1.0,1.0,6,3,3,3,2,4,5,5,3,2,60.0,55.0,55.0,40.0,40.0,50.0,50.0,35.0,30.0,30.0,1,1,1,1,1,1,2,1,1,1,2,1,1,1,2,1,1,2,1,1,1,1,1,2,2,1,1,2,1,1,1,2,1,1,1,2,1,1,2,2
1331,5,5,5,5,5,5,5,5,1,1,40.0,,,2.0,,,,5.0,4.0,2.0,,6.0,,,1.0,,2.0,,,,,,,5.0,5.0,6.0,2.0,,1.0,,,,3.0,,1.0,,6.0,,,,,,,,,,,1.0,1.0,1.0,1.0,1.0,1.0,6,2,2,2,1,5,6,6,4,2,85.0,80.0,90.0,85.0,80.0,85.0,90.0,80.0,20.0,20.0,2,2,2,1,1,2,2,1,1,1,1,1,1,1,1,1,1,1,1,2,2,1,1,2,1,1,1,2,1,2,2,2,2,1,1,2,1,2,1,1
1242,5,5,5,3,4,4,5,3,2,2,30.0,,,2.0,5.0,4.0,3.0,,,,6.0,,,,1.0,1.0,,,,,,,,2.0,5.0,5.0,,15.0,,1.0,,4.0,,2.0,,5.0,,1.0,1.0,1.0,1.0,1.0,1.0,1.0,1.0,1.0,1.0,,,,,,,6,3,3,3,1,4,5,5,3,2,70.0,65.0,75.0,40.0,50.0,60.0,70.0,40.0,30.0,30.0,1,2,2,1,2,1,1,1,1,1,1,1,2,1,2,2,1,1,1,1,1,1,1,1,2,2,1,2,1,2,2,2,1,1,1,1,1,2,2,1
516,5,5,5,5,5,5,5,5,2,2,,30.0,,2.0,,,,5.0,4.0,2.0,,6.0,1.0,54.0,,,2.0,,,,,,,2.0,5.0,5.0,15.0,,,1.0,,5.0,,,1.0,,5.0,,,,,,,,,,,1.0,1.0,1.0,1.0,1.0,1.0,6,3,2,2,1,4,5,5,3,2,70.0,70.0,75.0,75.0,70.0,70.0,75.0,70.0,40.0,40.0,1,2,1,1,2,1,1,2,1,2,1,2,1,1,1,2,1,1,1,2,1,1,1,1,1,2,1,1,1,2,2,2,1,2,2,2,1,1,1,1
465,5,5,5,5,5,5,5,5,1,1,,30.0,,2.0,,,,6.0,5.0,2.0,,6.0,1.0,54.0,,,2.0,4.0,5.0,6.0,,,,,,,18.0,,1.0,,4.0,,,,1.0,,5.0,,,,,,,,,,,1.0,1.0,1.0,1.0,1.0,1.0,6,3,3,3,3,5,5,5,3,2,75.0,70.0,80.0,85.0,80.0,85.0,90.0,80.0,20.0,20.0,1,1,1,1,1,1,1,1,1,1,1,1,1,1,1,1,1,1,1,1,1,1,1,1,1,1,1,1,1,1,1,1,1,1,1,1,1,1,1,1
279,5,5,5,5,5,5,5,5,1,1,30.0,,6.0,,4.0,3.0,5.0,,,,,6.0,1.0,54.0,,,2.0,4.0,5.0,5.0,,,,,,,18.0,,,1.0,4.0,,,1.0,,,6.0,1.0,1.0,1.0,1.0,1.0,1.0,1.0,1.0,1.0,1.0,,,,,,,6,3,3,3,1,5,6,6,3,2,80.0,80.0,85.0,80.0,75.0,80.0,80.0,75.0,20.0,20.0,1,2,1,1,1,1,1,1,1,1,1,1,2,1,2,2,1,1,2,2,2,1,2,1,2,1,1,1,1,1,1,1,1,1,2,1,1,1,1,1
683,4,4,4,2,3,4,4,2,2,2,40.0,,,2.0,5.0,4.0,3.0,,,,6.0,,,,1.0,,2.0,,,,,,,4.0,5.0,5.0,,15.0,1.0,,,,3.0,,1.0,,5.0,1.0,1.0,1.0,1.0,1.0,1.0,1.0,1.0,1.0,1.0,,,,,,,6,3,3,3,1,4,5,5,3,2,65.0,60.0,65.0,40.0,45.0,55.0,60.0,40.0,35.0,35.0,2,2,2,1,1,1,2,1,1,1,2,1,1,2,1,2,1,2,1,1,1,1,1,1,1,1,1,2,1,2,2,1,1,2,1,2,2,2,2,2
1116,5,5,5,5,5,5,5,5,1,1,30.0,,,2.0,,,,4.0,3.0,2.0,6.0,,,,1.0,1.0,,,,,4.0,5.0,6.0,,,,,15.0,1.0,,4.0,,,,1.0,,6.0,1.0,1.0,1.0,1.0,1.0,1.0,1.0,1.0,1.0,1.0,,,,,,,6,3,3,3,3,5,5,5,3,2,75.0,70.0,80.0,75.0,70.0,75.0,80.0,70.0,20.0,20.0,1,2,1,2,1,1,1,2,1,2,1,2,2,1,1,1,1,1,2,1,2,2,1,1,1,1,1,2,1,2,1,1,1,2,1,2,1,2,1,1
1065,5,5,5,2,2,5,5,2,1,2,,30.0,,2.0,,,,4.0,4.0,2.0,6.0,,,,1.0,1.0,,,,,2.0,5.0,5.0,,,,,15.0,,2.0,5.0,,,1.0,,,5.0,,,,,,,,,,,1.0,1.0,1.0,1.0,1.0,1.0,6,3,3,3,2,4,5,5,3,2,70.0,70.0,75.0,40.0,40.0,70.0,70.0,40.0,30.0,40.0,1,1,1,1,1,1,1,1,1,1,1,1,1,1,1,1,1,1,1,1,1,1,1,1,1,1,1,1,1,1,1,1,1,1,1,1,1,1,1,1
1679,4,4,4,2,3,4,4,2,2,2,40.0,,,2.0,5.0,4.0,3.0,,,,,6.0,1.0,15.0,,1.0,,,,,4.0,5.0,5.0,,,,5.0,,1.0,,,4.0,,1.0,,,5.0,,,,,,,,,,,1.0,1.0,1.0,1.0,1.0,1.0,6,3,2,2,2,4,5,5,3,2,65.0,60.0,60.0,40.0,45.0,55.0,60.0,40.0,35.0,30.0,1,1,2,1,2,1,1,1,1,2,1,2,2,2,2,1,1,2,2,2,1,1,2,1,2,2,2,1,1,1,2,1,1,2,2,2,1,1,2,2
1283,4,4,4,2,3,4,4,2,2,2,,30.0,5.0,,,,,5.0,4.0,2.0,6.0,,,,1.0,1.0,,,,,,,,4.0,5.0,5.0,15.0,,,1.0,4.0,,,,1.0,,5.0,1.0,1.0,1.0,1.0,1.0,1.0,1.0,1.0,1.0,1.0,,,,,,,6,3,3,3,1,3,5,5,3,2,65.0,60.0,65.0,40.0,50.0,60.0,60.0,40.0,40.0,40.0,1,1,1,1,1,1,1,1,1,1,1,1,1,1,1,1,1,1,1,1,1,1,1,1,1,1,1,1,1,1,1,1,1,1,1,1,1,1,1,1
1817,5,5,5,5,5,5,5,5,2,2,20.0,,5.0,,4.0,3.0,2.0,,,,,6.0,1.0,54.0,,,2.0,,,,,,,4.0,5.0,5.0,,15.0,1.0,,4.0,,,1.0,,,5.0,1.0,1.0,1.0,1.0,1.0,1.0,1.0,1.0,1.0,1.0,,,,,,,6,3,2,2,2,5,6,6,3,2,75.0,70.0,80.0,75.0,70.0,75.0,80.0,70.0,40.0,40.0,1,1,2,1,1,2,1,1,2,1,2,1,1,2,1,1,1,2,1,1,1,1,2,1,2,1,2,1,2,1,1,2,1,1,1,1,1,1,2,1
1964,5,5,5,5,5,5,5,5,1,1,30.0,,,4.0,,,,5.0,5.0,2.0,6.0,,,,1.0,,2.0,5.0,5.0,6.0,,,,,,,15.0,,,1.0,,5.0,,2.0,,,5.0,1.0,1.0,1.0,1.0,1.0,1.0,1.0,1.0,1.0,1.0,,,,,,,6,3,3,3,3,5,5,5,3,2,85.0,85.0,90.0,90.0,85.0,90.0,90.0,90.0,10.0,10.0,1,1,1,1,2,1,1,1,1,1,1,1,1,1,1,1,1,1,1,1,1,1,1,1,1,1,1,1,1,1,1,1,1,1,1,1,1,1,1,1
785,5,5,5,5,5,5,5,5,1,1,,20.0,,5.0,3.0,4.0,3.0,,,,6.0,,,,1.0,,2.0,,,,5.0,5.0,6.0,,,,,15.0,1.0,,,,3.0,2.0,,,5.0,1.0,1.0,1.0,1.0,1.0,1.0,1.0,1.0,1.0,1.0,,,,,,,6,3,2,3,2,5,6,5,3,2,70.0,70.0,80.0,80.0,80.0,80.0,80.0,70.0,20.0,20.0,1,1,1,1,1,1,1,1,1,1,1,1,1,1,1,1,1,1,1,1,1,1,1,1,1,1,1,1,1,1,1,1,1,1,1,1,1,1,1,1
563,5,5,5,5,5,5,5,5,1,1,,30.0,5.0,,,,,5.0,4.0,1.0,6.0,,,,1.0,,2.0,,,,5.0,5.0,6.0,,,,15.0,,,1.0,,,3.0,2.0,,,5.0,,,,,,,,,,,1.0,1.0,1.0,1.0,1.0,1.0,6,3,3,3,2,5,6,6,4,2,75.0,75.0,80.0,80.0,75.0,80.0,80.0,70.0,20.0,20.0,1,1,1,2,1,1,1,1,1,2,1,1,1,1,1,1,1,1,1,1,1,1,1,1,1,1,1,1,1,1,1,1,1,1,1,1,1,1,1,1
199,5,5,5,4,4,5,5,4,2,2,30.0,,,2.0,,,,5.0,4.0,2.0,,6.0,1.0,54.0,,,2.0,,,,2.0,5.0,5.0,,,,15.0,,,1.0,,4.0,,1.0,,,5.0,,,,,,,,,,,1.0,1.0,1.0,1.0,1.0,1.0,6,3,3,3,2,4,5,5,3,2,75.0,70.0,80.0,60.0,55.0,70.0,75.0,50.0,40.0,40.0,1,2,2,2,1,2,2,2,2,2,2,1,2,2,1,1,1,2,1,1,1,2,2,2,1,1,1,1,1,1,1,1,2,1,1,1,1,2,1,1
410,5,5,5,5,5,5,5,5,1,1,,30.0,,5.0,5.0,4.0,3.0,,,,,6.0,1.0,54.0,,1.0,,,,,5.0,5.0,6.0,,,,,15.0,,1.0,,5.0,,2.0,,5.0,,,,,,,,,,,,1.0,1.0,1.0,1.0,1.0,1.0,6,3,3,3,2,4,5,5,3,2,85.0,80.0,85.0,80.0,75.0,80.0,85.0,70.0,20.0,20.0,1,2,1,2,1,1,1,1,2,1,1,2,1,1,1,1,1,2,1,2,1,1,1,2,1,1,2,1,1,1,1,1,2,1,2,1,1,1,1,1
1385,5,5,5,4,4,5,5,4,2,2,,30.0,5.0,,,,,6.0,5.0,2.0,6.0,,,,1.0,1.0,,,,,4.0,5.0,5.0,,,,,15.0,,2.0,,,3.0,2.0,,,5.0,1.0,1.0,1.0,1.0,1.0,1.0,1.0,1.0,1.0,1.0,,,,,,,6,3,2,2,2,4,5,5,3,2,75.0,75.0,80.0,60.0,60.0,75.0,75.0,60.0,40.0,40.0,1,2,1,1,2,1,1,2,1,1,2,2,1,2,1,2,1,1,1,1,1,1,1,1,1,2,2,2,1,1,1,2,1,1,1,2,1,2,1,1
1163,4,4,4,2,3,4,4,2,2,2,40.0,,,2.0,4.0,3.0,3.0,,,,,6.0,,,1.0,1.0,,,,,,,,2.0,5.0,5.0,8.0,,1.0,,3.0,,,,1.0,,5.0,,,,,,,,,,,1.0,1.0,1.0,1.0,1.0,1.0,6,3,3,3,2,4,5,5,3,2,60.0,55.0,60.0,30.0,40.0,50.0,50.0,30.0,25.0,25.0,2,1,1,1,2,2,2,1,1,2,1,1,2,2,1,2,2,1,2,1,2,2,2,2,1,2,2,2,1,1,1,2,2,1,1,2,1,1,1,2
1599,5,5,5,1,2,5,5,1,1,1,30.0,,4.0,,,,,5.0,4.0,2.0,6.0,,1.0,54.0,,1.0,,,,,,,,2.0,5.0,5.0,,15.0,1.0,,,4.0,,1.0,,,5.0,,,,,,,,,,,1.0,1.0,1.0,1.0,1.0,1.0,6,3,3,3,3,5,5,5,3,2,70.0,70.0,70.0,30.0,30.0,70.0,70.0,30.0,30.0,30.0,1,2,1,1,2,2,1,2,1,1,1,1,1,1,1,1,1,1,1,2,1,1,1,1,2,2,2,2,1,1,1,1,2,2,1,2,1,1,1,1
1010,5,5,5,4,4,5,5,4,2,3,35.0,,5.0,,4.0,3.0,3.0,,,,6.0,,1.0,15.0,,1.0,,,,,5.0,5.0,5.0,,,,,15.0,1.0,,,4.0,,1.0,,5.0,,,,,,,,,,,,1.0,1.0,1.0,1.0,1.0,1.0,6,3,3,3,3,4,5,5,3,2,75.0,75.0,80.0,65.0,65.0,80.0,80.0,60.0,40.0,50.0,1,1,1,1,1,1,1,1,1,1,1,1,1,1,1,1,1,1,1,1,1,1,1,1,1,1,1,1,1,2,1,1,1,1,2,1,1,1,2,1
1862,5,5,5,5,5,5,5,5,1,1,,30.0,5.0,,,,,4.0,4.0,2.0,,6.0,1.0,54.0,,1.0,,4.0,5.0,6.0,,,,,,,,15.0,,1.0,,5.0,,1.0,,6.0,,,,,,,,,,,,1.0,1.0,1.0,1.0,1.0,1.0,6,3,3,3,2,5,5,5,3,2,85.0,85.0,90.0,90.0,90.0,90.0,90.0,80.0,20.0,20.0,1,1,1,1,1,1,2,2,1,1,1,1,1,2,1,1,1,1,1,1,1,1,1,2,2,1,1,2,2,1,1,1,1,1,1,1,1,1,1,1
1911,5,5,5,5,5,5,5,5,2,2,30.0,,4.0,,,,,5.0,4.0,2.0,,6.0,,,1.0,1.0,,,,,5.0,5.0,6.0,,,,15.0,,1.0,,,6.0,,1.0,,,6.0,1.0,1.0,1.0,1.0,1.0,1.0,1.0,1.0,1.0,1.0,,,,,,,6,3,3,3,2,4,6,6,3,2,85.0,80.0,85.0,80.0,75.0,80.0,85.0,70.0,30.0,30.0,1,1,1,1,2,1,1,1,2,1,2,1,1,1,1,2,1,1,1,2,1,2,1,1,1,1,1,1,1,1,1,1,1,1,1,1,1,1,1,1
898,5,5,5,4,4,5,5,4,2,2,30.0,,5.0,,,,,5.0,4.0,2.0,,6.0,1.0,54.0,,,2.0,,,,,,,2.0,5.0,5.0,15.0,,,1.0,,6.0,,1.0,,,5.0,1.0,1.0,1.0,1.0,1.0,1.0,1.0,1.0,1.0,1.0,,,,,,,6,2,3,3,1,5,6,6,3,2,75.0,70.0,80.0,60.0,55.0,70.0,75.0,60.0,40.0,40.0,1,2,1,1,1,1,1,1,1,1,1,1,1,1,1,1,1,1,1,1,1,1,1,1,1,1,1,1,1,1,1,1,1,1,1,1,1,1,1,1
158,5,5,5,5,5,5,5,5,2,3,30.0,,6.0,,,,,5.0,4.0,2.0,,6.0,1.0,54.0,,1.0,,4.0,5.0,5.0,,,,,,,,15.0,1.0,,,4.0,,2.0,,5.0,,1.0,1.0,1.0,1.0,1.0,1.0,1.0,1.0,1.0,1.0,,,,,,,6,3,2,2,1,3,5,5,3,2,85.0,80.0,85.0,80.0,75.0,80.0,85.0,75.0,30.0,50.0,2,2,2,1,1,2,1,2,2,1,1,2,1,1,2,2,2,2,2,2,2,2,2,2,2,2,2,2,2,2,2,2,2,2,2,2,2,2,2,2
744,5,5,5,2,3,4,5,2,1,1,40.0,,5.0,,,,,5.0,4.0,2.0,6.0,,1.0,54.0,,,2.0,,,,4.0,5.0,5.0,,,,15.0,,1.0,,,7.0,,,1.0,5.0,,1.0,1.0,1.0,1.0,1.0,1.0,1.0,1.0,1.0,1.0,,,,,,,6,3,3,3,2,4,5,5,3,2,70.0,65.0,75.0,40.0,50.0,60.0,70.0,30.0,20.0,20.0,1,1,1,1,1,1,2,1,1,1,1,1,1,1,1,2,1,2,1,1,1,1,1,1,1,1,2,2,1,1,2,1,2,2,1,1,1,2,1,1
637,5,5,5,5,5,5,5,5,2,2,,30.0,,2.0,,,,5.0,4.0,2.0,6.0,,1.0,54.0,,1.0,,,,,,,,4.0,5.0,5.0,,15.0,1.0,,,,3.0,,1.0,,5.0,,,,,,,,,,,1.0,1.0,1.0,1.0,1.0,1.0,6,2,3,3,2,5,6,6,3,2,75.0,70.0,80.0,75.0,70.0,75.0,80.0,70.0,40.0,40.0,1,1,1,1,1,1,1,1,1,1,1,1,1,1,1,1,1,1,1,1,1,1,1,1,1,1,1,1,1,1,1,1,1,1,1,1,1,1,1,1
1558,4,4,4,2,3,3,4,2,1,1,35.0,,,2.0,5.0,4.0,3.0,,,,,6.0,1.0,20.0,,1.0,,,,,,,,4.0,5.0,5.0,,15.0,,1.0,,,3.0,1.0,,5.0,,1.0,1.0,1.0,1.0,1.0,1.0,1.0,1.0,1.0,1.0,,,,,,,6,3,3,3,2,5,6,6,3,1,70.0,70.0,70.0,40.0,40.0,40.0,70.0,30.0,20.0,20.0,1,1,2,1,1,2,1,1,2,1,1,2,2,1,2,2,1,1,1,1,1,1,1,1,2,1,1,1,1,1,1,1,1,2,1,1,1,1,1,2
1344,5,5,5,4,4,5,5,4,2,2,,30.0,6.0,,3.0,4.0,2.0,,,,,6.0,,,1.0,1.0,,,,,4.0,5.0,5.0,,,,,12.0,1.0,,4.0,,,2.0,,5.0,,1.0,1.0,1.0,1.0,1.0,1.0,1.0,1.0,1.0,1.0,,,,,,,6,3,3,3,1,4,5,5,3,2,70.0,70.0,75.0,50.0,50.0,70.0,70.0,50.0,30.0,30.0,1,1,1,1,2,2,1,1,1,1,2,1,1,1,2,1,1,2,1,1,2,1,1,1,1,1,2,2,1,1,2,1,1,1,2,2,1,2,2,1
1237,5,5,5,4,4,5,5,4,2,2,,30.0,,2.0,,,,5.0,4.0,2.0,,6.0,,,1.0,1.0,,,,,2.0,5.0,5.0,,,,15.0,,1.0,,4.0,,,2.0,,,5.0,1.0,1.0,1.0,1.0,1.0,1.0,1.0,1.0,1.0,1.0,,,,,,,6,3,3,3,1,5,6,6,3,2,80.0,75.0,85.0,60.0,55.0,70.0,75.0,50.0,40.0,40.0,1,1,2,1,1,1,2,2,1,2,2,2,2,1,2,1,1,1,2,1,2,1,2,1,1,1,2,2,2,1,2,1,1,2,2,1,2,1,1,2
859,4,4,4,3,3,4,4,3,2,2,40.0,,,2.0,5.0,3.0,4.0,,,,,6.0,1.0,54.0,,1.0,,,,,4.0,5.0,5.0,,,,15.0,,1.0,,3.0,,,1.0,,,5.0,1.0,1.0,1.0,1.0,1.0,1.0,1.0,1.0,1.0,1.0,,,,,,,6,3,3,3,2,4,5,5,3,2,60.0,55.0,60.0,40.0,40.0,55.0,55.0,40.0,30.0,30.0,1,1,2,1,2,1,1,1,2,1,2,1,1,2,1,2,1,1,1,1,2,1,1,2,1,1,2,1,2,2,2,1,2,2,1,2,1,1,1,1
682,5,5,5,5,5,5,5,5,1,1,,30.0,5.0,,,,,4.0,4.0,2.0,6.0,,1.0,54.0,,,2.0,,,,,,,4.0,5.0,6.0,,15.0,,1.0,,,3.0,,1.0,,5.0,,,,,,,,,,,1.0,1.0,1.0,1.0,1.0,1.0,6,3,3,3,2,3,3,3,3,2,75.0,75.0,80.0,80.0,75.0,80.0,80.0,75.0,25.0,25.0,1,2,1,2,1,1,2,1,1,1,1,2,1,2,2,2,1,1,2,1,2,1,1,1,2,1,1,2,1,1,1,2,1,2,2,1,1,2,1,1
278,5,5,5,5,5,5,5,5,2,2,30.0,,,2.0,5.0,4.0,3.0,,,,,6.0,1.0,54.0,,1.0,,,,,5.0,5.0,5.0,,,,,15.0,1.0,,,,3.0,,1.0,,5.0,,,,,,,,,,,1.0,1.0,1.0,1.0,1.0,1.0,6,3,3,3,2,4,6,6,3,2,75.0,70.0,80.0,75.0,70.0,75.0,80.0,70.0,40.0,40.0,2,2,2,1,1,2,2,1,2,1,2,2,1,2,2,2,1,1,2,2,1,1,2,1,2,2,2,2,2,1,2,1,1,2,2,2,2,2,1,2
464,5,5,5,5,5,5,5,5,1,1,30.0,,,2.0,4.0,5.0,2.0,,,,,6.0,1.0,54.0,,,2.0,,,,,,,2.0,5.0,5.0,,15.0,1.0,,,4.0,,,1.0,5.0,,,,,,,,,,,,1.0,1.0,1.0,1.0,1.0,1.0,6,3,3,3,2,5,5,5,3,2,75.0,75.0,80.0,80.0,75.0,80.0,80.0,75.0,20.0,20.0,1,2,1,2,2,1,2,1,2,2,1,1,1,2,1,1,1,2,2,1,1,1,1,2,1,2,1,2,2,2,1,2,1,1,2,2,1,1,1,1
517,5,5,5,5,5,5,5,4,1,2,70.0,,,2.0,,,,5.0,4.0,2.0,,6.0,1.0,54.0,,,2.0,,,,,,,4.0,5.0,5.0,15.0,,1.0,,,4.0,,,1.0,5.0,,,,,,,,,,,,1.0,1.0,1.0,1.0,1.0,1.0,6,2,3,3,1,5,5,5,3,2,85.0,80.0,85.0,85.0,80.0,85.0,85.0,70.0,15.0,20.0,1,1,2,1,2,1,2,1,1,2,1,2,1,1,2,1,1,1,1,2,2,1,1,1,1,2,1,2,2,1,1,1,2,1,2,1,1,2,1,1
1282,5,5,5,2,3,4,5,2,1,1,,30.0,,2.0,5.0,3.0,3.0,,,,,6.0,1.0,54.0,,,2.0,2.0,5.0,5.0,,,,,,,15.0,,1.0,,4.0,,,2.0,,,5.0,1.0,1.0,1.0,1.0,1.0,1.0,1.0,1.0,1.0,1.0,,,,,,,6,2,2,2,2,5,6,6,3,2,70.0,65.0,70.0,40.0,50.0,55.0,60.0,40.0,30.0,30.0,2,2,2,1,1,2,1,1,1,1,2,2,2,1,1,2,1,2,1,2,1,1,2,1,2,2,1,1,1,1,2,1,2,2,1,2,1,2,1,1
1678,5,5,5,5,5,5,5,5,2,2,,30.0,6.0,,,,,4.0,5.0,2.0,,6.0,1.0,54.0,,,2.0,,,,,,,4.0,5.0,6.0,15.0,,,1.0,,5.0,,2.0,,,5.0,,,,,,,,,,,1.0,1.0,1.0,1.0,1.0,1.0,6,3,3,3,1,4,6,6,3,2,85.0,80.0,85.0,80.0,75.0,80.0,85.0,75.0,40.0,40.0,1,1,2,1,1,1,1,2,1,1,2,1,1,1,1,2,1,2,1,1,1,2,1,1,1,1,2,1,2,1,2,1,2,1,2,1,1,1,2,2
1064,5,5,5,5,5,5,5,5,2,2,,30.0,6.0,,,,,5.0,4.0,2.0,6.0,,,,1.0,1.0,,,,,5.0,5.0,6.0,,,,15.0,,1.0,,,4.0,,,1.0,,6.0,,,,,,,,,,,1.0,1.0,1.0,1.0,1.0,1.0,6,3,3,3,1,3,5,5,3,2,75.0,70.0,80.0,70.0,65.0,75.0,80.0,60.0,40.0,40.0,1,1,1,1,1,1,1,1,1,1,1,1,1,1,1,1,1,1,1,1,1,1,1,1,1,1,1,1,1,1,1,1,1,1,1,1,1,1,1,1
1117,5,5,5,5,5,5,5,5,1,1,70.0,,,5.0,,,,5.0,4.0,2.0,6.0,,1.0,54.0,,,2.0,,,,,,,4.0,5.0,5.0,3.0,,1.0,,,,2.0,2.0,,5.0,,,,,,,,,,,,1.0,1.0,1.0,1.0,1.0,1.0,6,3,2,2,2,4,5,5,3,2,85.0,80.0,85.0,80.0,75.0,80.0,85.0,75.0,20.0,20.0,1,1,2,1,1,1,1,1,1,2,2,1,2,1,2,1,1,2,2,2,2,1,1,1,1,2,1,2,1,1,1,2,2,1,2,1,1,1,2,2
1965,4,4,4,3,4,3,4,3,2,2,,30.0,,2.0,4.0,3.0,3.0,,,,6.0,,,,1.0,1.0,,,,,4.0,5.0,5.0,,,,,15.0,1.0,,,,3.0,,1.0,5.0,,1.0,1.0,1.0,1.0,1.0,1.0,1.0,1.0,1.0,1.0,,,,,,,6,3,2,2,1,5,6,6,3,2,65.0,65.0,65.0,50.0,50.0,50.0,50.0,40.0,40.0,40.0,1,2,2,1,1,1,1,2,1,2,2,1,2,2,1,2,1,1,2,1,1,2,2,1,1,2,2,1,1,2,1,2,1,1,1,2,1,2,1,1
1816,5,5,5,5,5,5,5,5,1,1,,15.0,4.0,,,,,5.0,4.0,2.0,6.0,,,,1.0,1.0,,,,,,,,5.0,5.0,6.0,,15.0,1.0,,4.0,,,2.0,,5.0,,1.0,1.0,1.0,1.0,1.0,1.0,1.0,1.0,1.0,1.0,,,,,,,6,3,3,3,2,5,6,6,3,2,75.0,70.0,80.0,85.0,80.0,85.0,90.0,80.0,20.0,20.0,2,1,1,1,1,2,1,1,1,2,2,1,1,1,2,1,1,2,1,1,1,1,1,2,1,2,1,1,2,1,1,2,1,1,1,1,1,1,2,1
643,5,5,5,5,5,5,5,5,1,1,30.0,,,2.0,4.0,3.0,3.0,,,,6.0,,,,1.0,,2.0,3.0,5.0,6.0,,,,,,,,15.0,1.0,,4.0,,,,1.0,5.0,,1.0,1.0,1.0,1.0,1.0,1.0,1.0,1.0,1.0,1.0,,,,,,,7,3,3,3,1,3,6,6,3,2,75.0,70.0,80.0,85.0,80.0,75.0,80.0,70.0,30.0,30.0,1,1,2,1,1,1,2,2,2,2,1,2,2,2,1,1,2,1,1,1,2,2,1,2,1,2,2,1,2,2,1,2,1,2,2,1,2,1,1,2
730,5,5,5,5,5,5,5,5,1,1,,20.0,,2.0,4.0,3.0,3.0,,,,6.0,,,,1.0,1.0,,,,,,,,5.0,5.0,6.0,15.0,,1.0,,4.0,,,,1.0,5.0,,1.0,1.0,1.0,1.0,1.0,1.0,1.0,1.0,1.0,1.0,,,,,,,6,3,3,3,2,5,6,6,3,2,80.0,75.0,85.0,80.0,75.0,80.0,85.0,70.0,30.0,25.0,1,1,1,1,1,1,1,2,2,1,1,1,2,1,1,1,2,1,1,1,1,1,1,1,1,1,2,1,1,1,1,1,1,1,1,1,2,1,1,2
1243,5,5,5,5,5,5,5,5,1,1,30.0,,,5.0,3.0,4.0,3.0,,,,6.0,,,,1.0,1.0,,,,,,,,4.0,5.0,6.0,10.0,,,1.0,,7.0,,,1.0,,5.0,1.0,1.0,1.0,1.0,1.0,1.0,1.0,1.0,1.0,1.0,,,,,,,6,3,2,3,2,5,6,5,3,2,75.0,75.0,80.0,80.0,75.0,80.0,80.0,75.0,20.0,20.0,2,2,2,2,1,1,1,1,1,1,1,1,1,1,1,1,1,1,1,1,1,1,1,1,1,1,1,1,1,1,1,1,1,1,1,1,1,1,1,1
1330,5,5,5,4,4,5,5,4,2,2,,30.0,,2.0,,,,4.0,4.0,2.0,6.0,,1.0,54.0,,1.0,,2.0,5.0,5.0,,,,,,,15.0,,1.0,,,,3.0,,1.0,5.0,,1.0,1.0,1.0,1.0,1.0,1.0,1.0,1.0,1.0,1.0,,,,,,,6,3,3,3,2,5,6,6,3,2,75.0,70.0,80.0,50.0,55.0,75.0,70.0,50.0,30.0,30.0,1,1,2,2,2,1,2,1,1,2,1,1,2,1,1,1,2,2,1,2,1,1,1,1,2,2,2,1,2,1,1,2,2,1,2,1,1,2,1,2
636,5,5,5,4,5,5,5,4,2,3,40.0,,5.0,,,,,4.0,3.0,2.0,,6.0,,,1.0,1.0,,,,,5.0,5.0,6.0,,,,15.0,,1.0,,,,3.0,2.0,,,5.0,,,,,,,,,,,1.0,1.0,1.0,1.0,1.0,1.0,6,3,3,3,1,4,6,6,3,2,75.0,70.0,80.0,60.0,65.0,70.0,75.0,55.0,40.0,50.0,2,1,2,2,1,2,1,2,1,1,2,2,2,1,2,1,1,1,2,1,2,1,1,2,1,2,1,1,2,2,1,1,2,1,2,1,1,2,1,1
745,5,5,5,2,4,5,5,2,1,1,,30.0,6.0,,,,,5.0,4.0,2.0,,6.0,,,1.0,1.0,,2.0,5.0,5.0,,,,,,,15.0,,,2.0,4.0,,,1.0,,5.0,,1.0,1.0,1.0,1.0,1.0,1.0,1.0,1.0,1.0,1.0,,,,,,,6,3,2,3,2,5,6,5,3,2,70.0,65.0,75.0,30.0,40.0,60.0,70.0,30.0,20.0,20.0,1,1,1,2,1,1,2,2,1,1,1,2,1,1,2,1,2,1,1,1,1,1,1,1,1,2,2,1,1,1,1,1,1,1,1,1,2,1,1,2
159,4,4,4,2,3,4,4,2,2,2,,30.0,5.0,,,,,5.0,4.0,2.0,,6.0,,,1.0,,2.0,2.0,5.0,5.0,,,,,,,15.0,,,1.0,,,3.0,,1.0,,5.0,1.0,1.0,1.0,1.0,1.0,1.0,1.0,1.0,1.0,1.0,,,,,,,6,3,3,3,2,4,5,5,3,2,65.0,65.0,65.0,40.0,40.0,50.0,60.0,30.0,30.0,30.0,1,2,1,1,1,2,1,1,2,1,2,1,2,2,1,1,2,1,1,1,1,2,1,1,1,2,2,1,2,1,1,2,1,1,2,1,1,1,2,1
1236,5,5,5,4,4,5,5,4,2,2,35.0,,5.0,,,,,5.0,4.0,2.0,,6.0,,,1.0,,2.0,4.0,5.0,5.0,,,,,,,15.0,,1.0,,,,3.0,2.0,,5.0,,1.0,1.0,1.0,1.0,1.0,1.0,1.0,1.0,1.0,1.0,,,,,,,6,3,3,3,1,3,5,5,3,2,75.0,70.0,80.0,60.0,55.0,70.0,75.0,60.0,40.0,40.0,1,1,2,1,2,2,1,1,1,2,1,1,2,1,1,2,1,1,2,1,2,1,1,1,2,1,2,2,1,2,2,1,2,1,1,2,1,2,1,1
1345,5,5,5,5,5,5,5,5,1,1,,30.0,,2.0,,,,5.0,4.0,2.0,6.0,,,,1.0,1.0,,1.0,5.0,5.0,,,,,,,15.0,,,2.0,5.0,,,1.0,,6.0,,,,,,,,,,,,1.0,1.0,1.0,1.0,1.0,1.0,6,3,3,3,2,5,5,5,4,2,80.0,80.0,85.0,90.0,85.0,90.0,90.0,80.0,20.0,20.0,1,1,1,1,1,1,1,2,1,1,1,1,2,1,1,2,1,1,1,1,1,2,2,2,1,1,1,1,1,1,1,1,2,2,1,1,1,2,1,2
1559,5,5,5,1,2,5,5,1,1,1,30.0,,,2.0,4.0,5.0,2.0,,,,,6.0,,,1.0,,2.0,,,,2.0,5.0,5.0,,,,3.0,,,2.0,4.0,,,,1.0,5.0,,,,,,,,,,,,1.0,1.0,1.0,1.0,1.0,1.0,6,3,3,3,2,5,6,6,3,2,75.0,75.0,75.0,25.0,25.0,75.0,75.0,25.0,25.0,25.0,1,1,1,2,2,2,1,1,1,1,1,2,1,2,1,1,1,1,2,1,1,1,1,2,1,2,1,2,1,1,1,2,1,1,2,1,1,1,2,1
858,5,5,5,5,5,5,5,5,1,1,,15.0,4.0,,,,,5.0,4.0,2.0,6.0,,1.0,54.0,,1.0,,4.0,5.0,6.0,,,,,,,,15.0,1.0,,,4.0,,1.0,,5.0,,1.0,1.0,1.0,1.0,1.0,1.0,1.0,1.0,1.0,1.0,,,,,,,6,2,3,3,2,4,5,5,3,2,75.0,70.0,80.0,85.0,80.0,85.0,90.0,80.0,20.0,20.0,1,1,2,2,1,2,1,1,1,2,1,1,1,1,1,2,1,2,1,1,1,2,1,2,1,2,1,2,1,2,1,1,2,1,1,2,1,1,1,1
411,4,4,5,2,3,4,4,2,1,1,,30.0,6.0,,5.0,5.0,2.0,,,,6.0,,1.0,54.0,,1.0,,5.0,5.0,6.0,,,,,,,15.0,,1.0,,,4.0,,1.0,,,5.0,,,,,,,,,,,1.0,1.0,1.0,1.0,1.0,1.0,6,3,2,3,2,5,6,5,3,2,65.0,60.0,70.0,40.0,50.0,55.0,60.0,45.0,30.0,25.0,1,1,1,1,1,2,1,1,2,1,2,1,2,1,1,2,1,1,1,2,1,1,1,2,1,2,2,1,1,2,1,1,2,1,1,1,2,1,1,2
198,5,5,5,5,5,5,5,5,1,1,40.0,,4.0,,,,,5.0,4.0,2.0,7.0,,,,1.0,1.0,,,,,,,,5.0,5.0,6.0,2.0,,1.0,,,,3.0,,1.0,6.0,,1.0,1.0,1.0,1.0,1.0,1.0,1.0,1.0,1.0,1.0,,,,,,,6,3,2,2,1,4,5,5,3,2,75.0,75.0,80.0,85.0,80.0,85.0,85.0,80.0,20.0,20.0,1,2,1,1,1,2,2,1,1,2,1,1,1,1,1,1,2,2,1,1,2,2,1,1,1,1,1,1,1,1,1,1,1,1,1,1,1,2,1,1
562,5,5,5,5,5,5,5,4,2,3,,30.0,4.0,,5.0,4.0,3.0,,,,,6.0,,,1.0,,2.0,4.0,5.0,5.0,,,,,,,15.0,,1.0,,,,3.0,2.0,,5.0,,,,,,,,,,,,1.0,1.0,1.0,1.0,1.0,1.0,6,3,3,3,2,5,6,6,3,2,80.0,75.0,85.0,70.0,65.0,70.0,75.0,60.0,40.0,50.0,2,1,1,1,2,2,1,2,1,1,2,1,1,1,2,1,2,1,2,1,1,2,1,1,2,1,2,2,1,1,2,1,2,1,1,2,2,1,1,1
784,5,5,5,5,5,5,5,5,1,1,35.0,,,2.0,4.0,3.0,3.0,,,,,6.0,,,1.0,1.0,,4.0,5.0,5.0,,,,,,,15.0,,1.0,,,,3.0,,1.0,5.0,,,,,,,,,,,,1.0,1.0,1.0,1.0,1.0,1.0,6,3,3,3,2,5,5,5,3,2,75.0,70.0,80.0,85.0,80.0,85.0,90.0,70.0,20.0,20.0,1,1,1,1,1,1,1,1,2,2,1,1,1,2,2,1,1,1,2,2,1,1,1,2,1,1,1,1,1,1,1,1,1,1,1,1,1,1,1,1
1011,5,5,5,5,5,5,5,4,2,2,,30.0,,5.0,4.0,3.0,5.0,,,,,6.0,1.0,54.0,,1.0,,,,,4.0,5.0,5.0,,,,,12.0,1.0,,4.0,,,2.0,,5.0,,1.0,1.0,1.0,1.0,1.0,1.0,1.0,1.0,1.0,1.0,,,,,,,6,3,3,3,1,5,6,6,3,2,80.0,75.0,80.0,70.0,70.0,75.0,80.0,60.0,40.0,40.0,1,1,2,2,1,1,2,1,1,2,1,1,1,2,1,1,2,1,1,1,1,2,1,2,1,1,1,1,1,1,1,1,1,1,1,1,1,1,1,1
1598,5,5,5,4,4,5,5,4,2,2,,30.0,5.0,,5.0,4.0,3.0,,,,,6.0,,,1.0,,2.0,3.0,5.0,5.0,,,,,,,15.0,,1.0,,4.0,,,1.0,,5.0,,1.0,1.0,1.0,1.0,1.0,1.0,1.0,1.0,1.0,1.0,,,,,,,6,3,3,3,1,3,5,5,3,1,70.0,70.0,75.0,50.0,50.0,70.0,70.0,50.0,40.0,40.0,1,1,1,1,1,2,1,2,1,2,2,1,1,2,1,2,1,1,1,1,1,1,1,1,1,1,1,1,2,1,1,2,2,2,1,2,2,2,2,2
1162,5,5,5,2,4,5,5,4,2,2,35.0,,5.0,,,,,5.0,4.0,2.0,6.0,,,,1.0,1.0,,4.0,5.0,5.0,,,,,,,,15.0,,1.0,5.0,,,,1.0,,5.0,1.0,1.0,1.0,1.0,1.0,1.0,1.0,1.0,1.0,1.0,,,,,,,6,3,3,3,2,4,5,5,3,2,75.0,70.0,80.0,40.0,50.0,70.0,70.0,50.0,30.0,30.0,1,1,2,1,1,2,1,1,1,1,2,1,2,2,1,1,1,2,2,1,2,1,2,1,2,1,1,2,1,2,1,2,1,1,2,1,1,2,2,1
1384,5,5,5,2,3,5,5,2,2,2,70.0,,,2.0,,,,4.0,3.0,2.0,,6.0,,,1.0,,2.0,2.0,5.0,5.0,,,,,,,18.0,,1.0,,,,3.0,2.0,,,5.0,1.0,1.0,1.0,1.0,1.0,1.0,1.0,1.0,1.0,1.0,,,,,,,6,3,2,2,2,5,6,6,3,2,70.0,70.0,70.0,40.0,40.0,70.0,70.0,40.0,40.0,40.0,1,1,2,1,2,2,1,2,1,1,1,2,1,1,2,1,1,1,2,1,1,1,1,2,1,2,1,2,1,1,2,2,1,1,2,1,2,1,2,1
1910,5,5,5,2,4,5,5,2,2,2,,30.0,,2.0,,,,5.0,4.0,2.0,,6.0,1.0,54.0,,1.0,,2.0,5.0,5.0,,,,,,,,15.0,,1.0,4.0,,,,1.0,5.0,,1.0,1.0,1.0,1.0,1.0,1.0,1.0,1.0,1.0,1.0,,,,,,,6,3,3,3,1,4,5,5,3,2,80.0,75.0,85.0,30.0,50.0,80.0,80.0,30.0,30.0,30.0,2,1,1,1,1,1,1,1,2,1,1,2,1,1,2,1,1,1,1,1,1,1,1,1,1,1,1,1,1,1,1,1,1,1,1,1,1,1,1,1
1863,5,5,5,5,5,5,5,5,1,1,,30.0,6.0,,4.0,4.0,3.0,,,,,6.0,1.0,54.0,,,2.0,2.0,5.0,5.0,,,,,,,15.0,,1.0,,,,3.0,1.0,,5.0,,,,,,,,,,,,1.0,1.0,1.0,1.0,1.0,1.0,6,3,2,3,2,5,6,5,3,2,80.0,80.0,85.0,80.0,75.0,85.0,80.0,70.0,20.0,20.0,1,1,2,1,1,1,1,2,1,1,2,1,2,1,1,1,1,1,1,1,2,1,2,2,1,1,1,1,1,1,1,1,1,1,1,1,1,1,1,1
899,5,5,5,5,5,5,5,5,1,1,,30.0,,5.0,,,,5.0,4.0,2.0,,6.0,1.0,54.0,,1.0,,5.0,5.0,6.0,,,,,,,18.0,,,1.0,4.0,,,1.0,,,5.0,,,,,,,,,,,1.0,1.0,1.0,1.0,1.0,1.0,6,3,3,3,3,5,6,6,4,2,75.0,75.0,80.0,80.0,75.0,80.0,80.0,75.0,20.0,20.0,1,2,2,1,1,1,1,1,1,1,2,2,1,2,1,2,2,1,1,2,1,1,1,1,2,1,2,1,1,2,2,2,1,2,1,1,1,1,1,1
921,5,5,5,5,5,5,5,5,1,1,,30.0,,2.0,,,,5.0,4.0,2.0,6.0,,,,1.0,,2.0,,,,,,,4.0,5.0,6.0,2.0,,1.0,,,,3.0,1.0,,5.0,,1.0,1.0,1.0,1.0,1.0,1.0,1.0,1.0,1.0,1.0,,,,,,,6,3,3,3,2,4,4,4,3,2,70.0,70.0,70.0,70.0,70.0,70.0,70.0,70.0,30.0,30.0,1,1,2,1,1,2,2,2,1,2,1,1,1,1,1,1,1,1,1,1,1,1,1,1,1,2,1,1,1,2,1,2,2,1,1,1,1,1,1,1
852,5,5,5,5,5,5,5,5,1,1,30.0,,4.0,,4.0,3.0,3.0,,,,6.0,,,,1.0,,2.0,4.0,5.0,6.0,,,,,,,15.0,,1.0,,,4.0,,,1.0,,5.0,1.0,1.0,1.0,1.0,1.0,1.0,1.0,1.0,1.0,1.0,,,,,,,6,3,3,3,2,5,5,5,3,2,80.0,80.0,85.0,85.0,80.0,80.0,85.0,80.0,20.0,20.0,1,1,1,1,1,1,1,1,1,1,1,1,1,1,1,1,1,1,1,1,1,1,1,1,1,2,1,1,1,1,1,2,2,1,1,2,1,1,1,2
153,5,5,5,5,5,5,5,5,2,2,,30.0,,6.0,,,,5.0,4.0,2.0,,6.0,1.0,54.0,,,2.0,,,,,,,5.0,5.0,6.0,,15.0,1.0,,,4.0,,,1.0,,6.0,,,,,,,,,,,1.0,1.0,1.0,1.0,1.0,1.0,6,3,3,3,2,5,6,6,4,2,85.0,80.0,90.0,85.0,80.0,85.0,90.0,80.0,30.0,30.0,1,1,1,1,1,1,2,2,2,1,2,2,2,1,1,2,2,1,1,1,1,1,2,1,1,1,1,2,1,1,1,1,2,1,1,1,1,2,1,1
1420,5,5,5,5,5,5,5,5,1,1,,30.0,,2.0,4.0,5.0,2.0,,,,,6.0,,,1.0,,2.0,,,,,,,4.0,5.0,6.0,15.0,,,1.0,,,3.0,,1.0,,5.0,,,,,,,,,,,1.0,1.0,1.0,1.0,1.0,1.0,6,3,3,3,2,4,4,4,3,2,80.0,80.0,85.0,80.0,75.0,80.0,85.0,75.0,20.0,20.0,1,1,1,1,1,1,1,1,1,1,1,1,1,1,1,1,1,1,1,1,1,1,1,1,1,1,1,1,1,1,1,1,1,1,1,1,1,1,1,1
1553,4,4,4,2,3,3,4,2,2,2,,30.0,,2.0,3.0,4.0,2.0,,,,6.0,,,,1.0,,2.0,,,,2.0,5.0,5.0,,,,15.0,,,2.0,3.0,,,,1.0,,5.0,1.0,1.0,1.0,1.0,1.0,1.0,1.0,1.0,1.0,1.0,,,,,,,6,3,2,2,2,4,5,5,3,2,65.0,60.0,65.0,40.0,45.0,50.0,55.0,35.0,30.0,30.0,2,2,2,1,1,2,2,1,2,1,2,2,2,1,2,2,2,1,1,2,1,1,1,1,1,2,1,1,1,2,2,1,1,1,1,1,2,1,1,1
1869,5,5,5,5,5,5,5,5,1,1,,30.0,,2.0,4.0,3.0,3.0,,,,,6.0,1.0,15.0,,1.0,,4.0,5.0,6.0,,,,,,,15.0,,1.0,,,,3.0,2.0,,,5.0,1.0,1.0,1.0,1.0,1.0,1.0,1.0,1.0,1.0,1.0,,,,,,,6,3,3,3,1,4,5,5,3,2,85.0,85.0,90.0,90.0,90.0,90.0,90.0,90.0,10.0,10.0,1,1,1,1,1,1,1,1,1,1,1,1,1,1,1,1,1,1,1,1,1,1,1,1,1,1,1,1,1,1,1,1,1,1,1,1,1,1,1,1
893,5,5,5,5,5,5,5,5,2,2,,20.0,6.0,,,,,4.0,4.0,2.0,,6.0,,,1.0,,2.0,4.0,5.0,5.0,,,,,,,,15.0,1.0,,,,3.0,2.0,,,5.0,1.0,1.0,1.0,1.0,1.0,1.0,1.0,1.0,1.0,1.0,,,,,,,6,3,3,3,1,5,6,6,3,2,85.0,80.0,85.0,90.0,85.0,90.0,90.0,80.0,30.0,30.0,1,1,2,2,1,2,1,1,1,2,1,2,1,1,2,2,2,1,1,1,2,1,1,2,1,2,2,2,1,2,2,2,1,2,2,1,2,1,1,2
568,5,5,5,5,5,5,5,5,2,2,,30.0,6.0,,,,,5.0,5.0,2.0,,6.0,1.0,54.0,,1.0,,,,,,,,5.0,5.0,5.0,15.0,,,1.0,,7.0,,2.0,,5.0,,1.0,1.0,1.0,1.0,1.0,1.0,1.0,1.0,1.0,1.0,,,,,,,6,2,3,3,1,3,5,5,3,2,85.0,80.0,85.0,80.0,75.0,80.0,85.0,75.0,30.0,30.0,2,2,1,2,1,2,1,1,1,2,1,1,2,1,2,1,1,2,1,1,1,2,1,2,1,2,1,2,1,2,2,1,2,1,2,1,1,1,1,2
192,5,5,5,5,5,5,5,5,2,2,30.0,,6.0,,5.0,4.0,2.0,,,,,6.0,1.0,54.0,,,2.0,,,,,,,4.0,5.0,5.0,15.0,,1.0,,,,3.0,,1.0,,5.0,1.0,1.0,1.0,1.0,1.0,1.0,1.0,1.0,1.0,1.0,,,,,,,6,2,3,3,1,5,6,6,3,2,75.0,70.0,80.0,85.0,80.0,75.0,80.0,70.0,40.0,40.0,1,1,1,1,1,1,1,1,2,2,2,1,2,2,2,1,2,1,1,1,1,1,1,1,1,1,1,1,1,1,1,1,1,1,1,1,1,1,1,1
207,4,4,4,2,3,4,4,2,2,2,40.0,,4.0,,4.0,3.0,2.0,,,,6.0,,,,1.0,1.0,,4.0,5.0,5.0,,,,,,,15.0,,,2.0,,,3.0,,1.0,,5.0,,,,,,,,,,,1.0,1.0,1.0,1.0,1.0,1.0,6,3,2,3,2,5,6,5,3,2,60.0,60.0,60.0,40.0,50.0,60.0,60.0,40.0,40.0,40.0,1,1,2,1,1,2,1,1,1,1,1,1,2,1,1,1,1,2,1,1,1,1,1,2,2,1,1,2,2,1,1,1,1,2,1,2,2,1,2,2
374,5,5,5,5,5,5,5,5,1,1,,30.0,5.0,,,,,5.0,4.0,2.0,,6.0,1.0,54.0,,,2.0,,,,,,,5.0,5.0,6.0,,15.0,,1.0,,,3.0,,1.0,,6.0,1.0,1.0,1.0,1.0,1.0,1.0,1.0,1.0,1.0,1.0,,,,,,,6,3,3,3,3,5,6,6,3,2,75.0,75.0,80.0,85.0,80.0,80.0,85.0,80.0,20.0,20.0,1,1,2,1,2,1,2,1,1,1,2,1,1,1,2,1,1,1,1,1,1,1,1,1,1,1,1,1,1,1,1,1,2,1,1,2,2,2,1,2
1168,5,5,5,5,5,5,5,5,2,2,35.0,,5.0,,4.0,4.0,2.0,,,,6.0,,,,1.0,,2.0,4.0,5.0,5.0,,,,,,,15.0,,,1.0,,,3.0,,1.0,,5.0,,,,,,,,,,,1.0,1.0,1.0,1.0,1.0,1.0,6,3,3,3,2,4,4,4,3,2,80.0,80.0,85.0,80.0,75.0,80.0,85.0,70.0,30.0,30.0,1,2,1,1,1,1,1,1,1,1,1,1,1,1,1,1,2,2,1,1,1,1,1,1,1,1,1,1,1,1,1,1,1,1,1,1,1,1,1,1
1592,5,5,5,5,5,5,5,5,1,1,,30.0,,5.0,4.0,3.0,5.0,,,,6.0,,1.0,54.0,,1.0,,,,,4.0,5.0,5.0,,,,15.0,,,1.0,4.0,,,,1.0,5.0,,1.0,1.0,1.0,1.0,1.0,1.0,1.0,1.0,1.0,1.0,,,,,,,6,3,3,3,1,4,6,6,3,2,85.0,80.0,85.0,80.0,75.0,80.0,85.0,70.0,30.0,30.0,2,2,1,2,1,1,1,1,1,1,1,1,1,1,1,1,1,1,1,1,1,1,1,1,1,1,2,1,1,2,1,1,1,1,1,1,1,1,1,1
1607,4,4,4,2,3,4,4,2,2,2,,30.0,5.0,,3.0,3.0,4.0,,,,6.0,,1.0,54.0,,1.0,,,,,4.0,5.0,5.0,,,,,15.0,,1.0,,,3.0,2.0,,,5.0,1.0,1.0,1.0,1.0,1.0,1.0,1.0,1.0,1.0,1.0,,,,,,,6,3,3,3,3,5,5,5,3,2,65.0,65.0,65.0,40.0,50.0,60.0,60.0,40.0,40.0,40.0,1,1,1,2,2,1,1,1,2,2,2,1,1,2,2,1,2,1,1,2,2,1,1,2,1,2,1,2,1,2,1,1,2,1,2,1,2,1,2,1
1774,5,5,5,5,5,5,5,5,2,2,30.0,,4.0,,,,,5.0,4.0,2.0,6.0,,1.0,54.0,,1.0,,,,,,,,4.0,5.0,5.0,,15.0,1.0,,5.0,,,,1.0,5.0,,1.0,1.0,1.0,1.0,1.0,1.0,1.0,1.0,1.0,1.0,,,,,,,6,3,3,3,2,4,6,6,3,2,80.0,75.0,85.0,80.0,75.0,80.0,85.0,70.0,30.0,30.0,1,2,2,1,1,2,1,2,2,1,2,1,2,1,1,2,1,1,1,1,1,1,1,1,1,1,1,1,1,1,1,1,1,1,1,1,1,1,1,1
995,4,4,4,2,3,4,4,2,2,2,,30.0,,2.0,5.0,4.0,3.0,,,,,6.0,1.0,54.0,,,2.0,,,,2.0,5.0,5.0,,,,,15.0,,1.0,4.0,,,,1.0,5.0,,,,,,,,,,,,1.0,1.0,1.0,1.0,1.0,1.0,6,3,3,3,1,4,5,5,3,2,60.0,55.0,55.0,30.0,40.0,50.0,50.0,30.0,30.0,30.0,2,2,1,1,2,1,2,2,1,2,1,2,1,2,1,2,1,2,1,2,1,2,1,2,2,2,1,1,2,1,2,1,2,1,2,2,2,1,1,2
70,5,5,5,5,5,5,5,5,2,2,,30.0,,2.0,,,,5.0,4.0,2.0,6.0,,,,1.0,1.0,,2.0,5.0,5.0,,,,,,,,15.0,1.0,,,,3.0,,1.0,5.0,,,,,,,,,,,,1.0,1.0,1.0,1.0,1.0,1.0,6,3,3,3,1,3,5,5,3,2,80.0,75.0,85.0,80.0,75.0,80.0,85.0,70.0,40.0,40.0,1,1,2,1,1,2,2,1,2,2,1,2,1,2,1,1,1,1,1,2,1,1,1,1,1,1,1,2,1,2,1,1,2,2,2,1,1,1,1,1
2001,5,5,5,5,5,5,5,5,2,2,30.0,,4.0,,,,,4.0,4.0,2.0,6.0,,,,1.0,1.0,,,,,5.0,5.0,6.0,,,,18.0,,1.0,,,,3.0,,1.0,5.0,,,,,,,,,,,,1.0,1.0,1.0,1.0,1.0,1.0,6,3,3,3,2,4,5,5,3,2,75.0,70.0,80.0,75.0,70.0,75.0,80.0,70.0,40.0,40.0,1,1,1,1,1,1,1,1,1,1,1,1,1,1,1,1,1,1,1,1,1,1,1,1,1,1,1,1,1,1,1,1,1,1,1,1,1,1,1,1
272,5,5,5,5,5,5,5,5,1,2,30.0,,6.0,,,,,6.0,5.0,2.0,,6.0,1.0,54.0,,,2.0,2.0,5.0,5.0,,,,,,,18.0,,,2.0,,,3.0,,1.0,,5.0,1.0,1.0,1.0,1.0,1.0,1.0,1.0,1.0,1.0,1.0,,,,,,,6,2,2,2,3,5,6,6,3,2,85.0,80.0,90.0,85.0,80.0,75.0,80.0,70.0,20.0,30.0,1,1,1,1,1,1,1,1,1,1,1,1,1,1,1,1,1,1,1,1,1,1,1,1,1,1,1,1,1,1,1,1,1,1,1,1,1,1,1,1
301,5,5,5,5,5,5,5,5,1,1,,30.0,,2.0,3.0,3.0,4.0,,,,6.0,,1.0,54.0,,,2.0,,,,,,,2.0,5.0,6.0,15.0,,,2.0,,4.0,,,1.0,,5.0,,,,,,,,,,,1.0,1.0,1.0,1.0,1.0,1.0,6,3,3,3,2,4,5,5,3,2,75.0,70.0,80.0,75.0,70.0,75.0,80.0,65.0,30.0,25.0,2,2,1,1,1,1,2,2,2,2,2,1,1,1,1,1,1,1,1,1,1,1,1,1,1,2,2,1,1,1,1,2,2,1,1,2,1,1,2,2
688,5,4,5,2,3,5,5,2,2,2,,30.0,,5.0,3.0,4.0,2.0,,,,6.0,,1.0,54.0,,1.0,,,,,,,,2.0,5.0,5.0,,15.0,1.0,,,,3.0,,1.0,,5.0,1.0,1.0,1.0,1.0,1.0,1.0,1.0,1.0,1.0,1.0,,,,,,,6,3,3,3,1,4,6,6,3,2,70.0,60.0,75.0,40.0,50.0,70.0,75.0,40.0,30.0,30.0,1,1,1,1,1,2,2,1,2,1,2,1,1,1,1,1,1,1,1,1,1,1,1,1,1,1,1,1,1,1,1,1,1,1,1,1,1,1,1,1
1672,5,5,5,4,4,4,5,4,2,2,,30.0,4.0,,,,,4.0,5.0,2.0,6.0,,,,1.0,1.0,,,,,3.0,5.0,5.0,,,,,10.0,1.0,,4.0,,,2.0,,5.0,,,,,,,,,,,,1.0,1.0,1.0,1.0,1.0,1.0,6,3,3,3,2,4,5,5,3,2,70.0,70.0,75.0,50.0,50.0,50.0,70.0,50.0,30.0,30.0,2,1,1,2,1,2,1,2,1,1,2,2,1,1,1,2,2,1,1,1,2,1,1,1,2,1,2,1,1,2,1,1,2,1,1,2,2,1,1,2
1701,4,4,4,2,3,4,4,2,2,2,40.0,,,2.0,4.0,3.0,3.0,,,,6.0,,,,1.0,,2.0,,,,4.0,5.0,5.0,,,,15.0,,1.0,,,6.0,,,1.0,,5.0,1.0,1.0,1.0,1.0,1.0,1.0,1.0,1.0,1.0,1.0,,,,,,,6,3,2,2,2,4,5,5,3,2,65.0,65.0,65.0,40.0,50.0,60.0,70.0,40.0,30.0,30.0,1,2,2,1,2,2,1,1,1,2,1,1,2,2,1,2,1,1,1,1,1,2,1,1,1,1,1,2,1,1,2,2,1,2,1,1,1,2,1,1
1288,5,5,5,5,5,5,5,5,1,1,30.0,,,2.0,4.0,3.0,3.0,,,,,6.0,,,1.0,1.0,,2.0,5.0,5.0,,,,,,,,15.0,,1.0,,,3.0,,1.0,5.0,,1.0,1.0,1.0,1.0,1.0,1.0,1.0,1.0,1.0,1.0,,,,,,,6,3,3,3,1,3,5,5,3,2,85.0,85.0,90.0,90.0,85.0,90.0,90.0,85.0,15.0,15.0,1,1,2,1,1,1,1,1,2,2,1,2,1,2,1,2,2,1,1,1,2,1,1,1,1,1,1,1,1,1,1,1,1,2,2,1,1,2,1,2
1494,5,5,5,4,4,5,5,4,2,2,,30.0,5.0,,,,,2.0,4.0,2.0,,6.0,,,1.0,,2.0,2.0,5.0,5.0,,,,,,,,15.0,1.0,,4.0,,,1.0,,5.0,,1.0,1.0,1.0,1.0,1.0,1.0,1.0,1.0,1.0,1.0,,,,,,,6,3,2,2,1,3,5,5,3,2,75.0,70.0,80.0,60.0,55.0,70.0,65.0,50.0,40.0,45.0,1,1,1,1,1,2,2,1,2,1,1,1,1,1,1,1,1,1,1,1,1,1,1,1,2,1,1,1,2,1,2,1,2,1,1,2,1,2,1,2
954,4,4,4,3,3,4,4,3,2,2,,35.0,,2.0,,,,5.0,4.0,2.0,,6.0,1.0,15.0,,1.0,,,,,4.0,5.0,5.0,,,,,15.0,1.0,,,,3.0,1.0,,,5.0,,,,,,,,,,,1.0,1.0,1.0,1.0,1.0,1.0,6,3,3,3,3,5,5,5,3,2,65.0,60.0,60.0,50.0,50.0,60.0,60.0,50.0,40.0,40.0,1,1,1,1,1,1,1,1,2,1,1,1,2,1,2,1,1,2,1,1,1,1,1,1,1,2,1,1,1,2,1,1,1,2,1,2,1,1,2,1
827,4,4,4,2,3,2,4,2,1,1,40.0,,2.0,,,,,5.0,4.0,2.0,6.0,,,,1.0,1.0,,2.0,5.0,5.0,,,,,,,15.0,,,2.0,3.0,,,,1.0,5.0,,1.0,1.0,1.0,1.0,1.0,1.0,1.0,1.0,1.0,1.0,,,,,,,6,3,3,3,2,4,5,5,3,2,60.0,60.0,60.0,40.0,50.0,40.0,60.0,40.0,20.0,20.0,1,1,1,1,1,1,1,1,1,1,1,1,1,1,1,1,1,1,1,1,1,1,1,1,1,1,1,1,1,1,1,1,1,1,1,1,1,1,1,1
126,4,4,4,4,4,4,4,4,2,2,,30.0,5.0,,3.0,3.0,3.0,,,,,6.0,,,1.0,1.0,,,,,,,,4.0,5.0,5.0,,15.0,,2.0,,4.0,,,1.0,,5.0,,,,,,,,,,,1.0,1.0,1.0,1.0,1.0,1.0,6,3,3,3,3,4,4,4,3,2,70.0,70.0,70.0,70.0,70.0,70.0,70.0,70.0,30.0,30.0,1,1,1,1,1,2,1,1,1,1,1,1,1,1,1,1,1,1,1,1,1,1,1,1,1,1,1,1,1,1,1,1,1,1,1,1,1,1,1,1
649,5,5,5,5,5,5,5,5,1,1,,30.0,,2.0,,,,6.0,5.0,2.0,6.0,,,,2.0,,2.0,,,,,,,5.0,5.0,6.0,,15.0,1.0,,4.0,,,1.0,,,6.0,1.0,1.0,1.0,1.0,1.0,1.0,1.0,1.0,1.0,1.0,,,,,,,6,3,3,3,2,5,6,6,3,2,75.0,70.0,80.0,85.0,80.0,85.0,90.0,70.0,30.0,30.0,1,1,1,1,1,1,1,1,1,1,2,1,1,1,1,1,1,1,1,1,1,1,1,1,1,1,1,1,1,1,1,1,1,1,1,1,1,1,1,1
1455,5,4,5,5,5,5,5,5,2,2,,30.0,5.0,,4.0,4.0,3.0,,,,6.0,,1.0,54.0,,2.0,,,,,5.0,5.0,6.0,,,,,15.0,1.0,,4.0,,,1.0,,5.0,,,,,,,,,,,,1.0,1.0,1.0,1.0,1.0,1.0,6,3,2,2,2,4,5,5,3,2,75.0,70.0,80.0,85.0,80.0,85.0,90.0,80.0,40.0,50.0,1,2,1,2,1,1,2,2,2,1,1,1,2,2,1,1,1,2,1,1,2,1,2,1,2,1,2,1,1,1,1,1,2,1,1,1,1,2,2,1
1526,5,5,5,4,4,5,5,4,2,3,,30.0,5.0,,4.0,3.0,3.0,,,,,6.0,,,1.0,1.0,,,,,5.0,5.0,6.0,,,,15.0,,,1.0,5.0,,,1.0,,,5.0,1.0,1.0,1.0,1.0,1.0,1.0,1.0,1.0,1.0,1.0,,,,,,,6,3,2,2,1,3,5,5,3,2,75.0,70.0,80.0,65.0,60.0,75.0,70.0,60.0,40.0,50.0,1,1,1,1,1,1,1,1,1,1,1,1,1,1,1,1,1,1,1,1,1,1,1,1,2,1,1,1,1,2,1,1,1,1,2,1,1,1,1,1
1249,4,4,4,3,3,4,4,2,2,2,,30.0,2.0,,,,,5.0,4.0,2.0,6.0,,1.0,54.0,,,2.0,2.0,4.0,5.0,,,,,,,15.0,,,2.0,,4.0,,,1.0,,5.0,,,,,,,,,,,1.0,1.0,1.0,1.0,1.0,1.0,6,3,2,2,1,4,6,6,3,2,60.0,55.0,60.0,40.0,40.0,55.0,55.0,35.0,30.0,30.0,2,2,1,2,1,2,2,2,2,1,2,1,2,1,2,1,2,2,1,1,2,1,1,1,2,1,1,2,1,2,2,1,1,2,2,1,1,2,1,1
41,5,5,5,4,4,5,5,4,2,3,40.0,,,2.0,,,,4.0,3.0,2.0,,6.0,1.0,54.0,,1.0,,,,,,,,5.0,5.0,6.0,,15.0,,2.0,4.0,,,,1.0,5.0,,,,,,,,,,,,1.0,1.0,1.0,1.0,1.0,1.0,6,3,3,3,2,4,6,6,3,2,75.0,70.0,80.0,50.0,55.0,70.0,75.0,50.0,30.0,40.0,1,2,1,1,1,1,2,2,1,2,2,1,2,1,2,1,1,2,2,1,1,2,2,1,2,1,1,1,2,1,1,1,2,1,1,2,1,1,1,1
2030,5,4,5,5,5,5,5,5,2,2,,30.0,,5.0,,,,5.0,4.0,2.0,,6.0,1.0,54.0,,,2.0,,,,4.0,5.0,5.0,,,,15.0,,,1.0,,6.0,,1.0,,5.0,,,,,,,,,,,,1.0,1.0,1.0,1.0,1.0,1.0,6,3,2,3,3,5,6,5,3,2,75.0,70.0,80.0,75.0,70.0,75.0,80.0,70.0,40.0,40.0,2,2,2,1,2,1,2,2,1,2,2,2,2,1,2,2,2,2,2,2,2,1,2,2,2,2,2,2,2,2,2,2,2,1,1,2,2,2,2,2
1643,4,4,4,2,3,4,4,2,1,1,,30.0,,2.0,,,,5.0,3.0,2.0,6.0,,,,1.0,1.0,,,,,2.0,5.0,5.0,,,,,15.0,,2.0,,5.0,,,1.0,,5.0,1.0,1.0,1.0,1.0,1.0,1.0,1.0,1.0,1.0,1.0,,,,,,,6,3,3,3,2,4,5,5,3,2,60.0,55.0,55.0,30.0,40.0,50.0,50.0,30.0,20.0,20.0,2,2,1,1,1,1,1,2,1,1,1,2,2,2,1,1,1,1,2,2,1,1,1,1,2,2,1,1,2,2,1,2,2,1,2,2,1,2,2,2
1730,5,5,5,5,5,5,5,5,1,1,,30.0,5.0,,,,,4.0,4.0,2.0,6.0,,,,1.0,,2.0,,,,4.0,5.0,6.0,,,,,15.0,,1.0,4.0,,,1.0,,5.0,,1.0,1.0,1.0,1.0,1.0,1.0,1.0,1.0,1.0,1.0,,,,,,,6,3,3,3,2,5,5,5,3,2,75.0,75.0,80.0,85.0,80.0,85.0,90.0,80.0,20.0,20.0,1,1,1,1,1,2,1,1,2,2,1,2,1,1,1,1,1,1,1,1,1,1,1,1,1,2,1,1,1,1,1,1,1,1,1,1,1,1,1,2
243,4,4,4,2,3,4,4,2,2,2,40.0,,5.0,,,,,5.0,4.0,2.0,6.0,,,,1.0,,2.0,,,,,,,4.0,5.0,5.0,15.0,,1.0,,,4.0,,,1.0,5.0,,,,,,,,,,,,1.0,1.0,1.0,1.0,1.0,1.0,6,3,3,3,2,4,5,5,3,2,60.0,55.0,60.0,40.0,45.0,50.0,50.0,35.0,30.0,30.0,1,2,2,1,2,1,1,2,1,1,2,1,1,1,2,1,2,1,1,2,2,1,1,2,2,1,2,1,1,1,2,1,2,1,2,1,1,2,1,1
330,5,5,5,5,5,5,5,5,2,2,30.0,,,2.0,4.0,3.0,3.0,,,,,6.0,,,1.0,1.0,,,,,,,,2.0,5.0,5.0,12.0,,1.0,,4.0,,,,1.0,5.0,,1.0,1.0,1.0,1.0,1.0,1.0,1.0,1.0,1.0,1.0,,,,,,,6,3,3,3,1,4,6,6,3,2,80.0,75.0,85.0,80.0,75.0,80.0,85.0,70.0,30.0,30.0,1,2,1,1,1,2,1,1,2,1,2,1,1,2,1,1,1,2,1,1,2,1,1,1,1,2,2,1,2,1,1,2,2,1,1,1,1,1,2,2
80,4,4,4,2,3,3,4,2,1,1,,30.0,,2.0,4.0,3.0,3.0,,,,6.0,,,,1.0,1.0,,2.0,5.0,5.0,,,,,,,15.0,,2.0,,3.0,,,,1.0,,5.0,,,,,,,,,,,1.0,1.0,1.0,1.0,1.0,1.0,6,3,2,3,2,5,6,5,3,2,60.0,55.0,55.0,30.0,40.0,40.0,50.0,30.0,20.0,20.0,2,2,1,2,2,1,1,1,2,2,2,1,1,1,2,1,1,2,2,1,2,2,1,1,2,2,2,1,2,2,1,2,2,2,2,2,2,2,1,2
965,5,5,5,5,5,5,5,5,2,2,,30.0,6.0,,3.0,4.0,5.0,,,,,6.0,,,1.0,,2.0,4.0,5.0,5.0,,,,,,,,10.0,1.0,,,,3.0,2.0,,5.0,,,,,,,,,,,,1.0,1.0,1.0,1.0,1.0,1.0,6,3,2,3,1,4,6,6,3,2,80.0,75.0,85.0,80.0,75.0,80.0,85.0,70.0,40.0,40.0,1,1,1,1,1,1,1,1,1,1,1,1,1,1,1,1,1,1,1,1,1,1,1,1,1,1,1,1,1,1,1,1,1,1,1,1,1,1,1,1
816,5,5,5,4,4,5,5,4,2,2,,30.0,,2.0,5.0,3.0,4.0,,,,6.0,,,,1.0,1.0,,,,,,,,4.0,5.0,5.0,,10.0,,2.0,4.0,,,,1.0,,5.0,1.0,1.0,1.0,1.0,1.0,1.0,1.0,1.0,1.0,1.0,,,,,,,6,3,3,3,1,4,6,6,3,2,75.0,70.0,80.0,60.0,55.0,70.0,75.0,60.0,40.0,40.0,1,1,2,2,1,2,1,2,1,2,1,1,1,1,2,2,2,1,2,1,2,1,2,2,1,1,2,1,1,1,2,1,2,1,1,2,2,1,1,2
1464,4,4,4,2,2,4,4,2,1,1,,30.0,5.0,,,,,5.0,4.0,2.0,,6.0,,,1.0,,2.0,,,,,,,4.0,5.0,5.0,10.0,,,2.0,,5.0,,1.0,,,5.0,1.0,1.0,1.0,1.0,1.0,1.0,1.0,1.0,1.0,1.0,,,,,,,6,3,3,3,2,4,4,4,3,2,65.0,65.0,65.0,40.0,40.0,65.0,65.0,30.0,30.0,30.0,2,2,1,1,2,2,1,2,1,1,2,1,2,1,1,2,1,2,1,1,2,1,1,2,2,1,2,1,2,1,2,2,1,1,1,2,2,2,1,1
1517,5,5,5,5,5,5,5,4,2,2,40.0,,,2.0,,,,5.0,4.0,2.0,,6.0,,,1.0,1.0,,,,,4.0,5.0,5.0,,,,15.0,,1.0,,,4.0,,,1.0,,5.0,1.0,1.0,1.0,1.0,1.0,1.0,1.0,1.0,1.0,1.0,,,,,,,6,3,3,3,2,5,6,6,3,2,80.0,75.0,85.0,80.0,75.0,80.0,85.0,70.0,40.0,40.0,1,1,1,1,1,1,1,1,1,1,1,1,1,1,1,1,1,1,1,1,1,1,1,1,1,1,1,1,1,1,1,1,1,1,1,1,1,1,1,1
1682,4,4,4,4,4,4,4,4,2,2,40.0,,,2.0,,,,5.0,4.0,2.0,,6.0,,,1.0,1.0,,4.0,5.0,5.0,,,,,,,,10.0,1.0,,,,3.0,2.0,,5.0,,1.0,1.0,1.0,1.0,1.0,1.0,1.0,1.0,1.0,1.0,,,,,,,6,3,3,3,2,4,4,4,3,2,65.0,65.0,65.0,65.0,65.0,65.0,65.0,65.0,35.0,35.0,2,1,2,1,2,2,1,2,1,1,2,1,2,1,1,2,1,2,1,1,1,2,1,1,1,1,1,1,1,1,2,1,1,2,1,1,2,1,1,1
1278,5,5,5,5,5,5,5,5,1,1,,30.0,6.0,,,,,5.0,4.0,2.0,6.0,,1.0,54.0,,,2.0,,,,,,,5.0,5.0,6.0,,15.0,1.0,,,,3.0,2.0,,5.0,,,,,,,,,,,,1.0,1.0,1.0,1.0,1.0,1.0,6,3,3,3,2,4,4,4,3,2,85.0,80.0,85.0,80.0,75.0,80.0,85.0,70.0,20.0,20.0,1,2,2,1,1,1,1,1,1,1,1,1,1,1,1,1,1,1,1,1,1,1,2,1,2,1,2,2,1,1,1,1,1,1,1,2,1,2,2,1
117,5,5,5,5,5,5,5,5,1,1,,30.0,5.0,,,,,5.0,4.0,2.0,,6.0,1.0,15.0,,1.0,,,,,,,,5.0,5.0,6.0,,15.0,1.0,,4.0,,,2.0,,6.0,,1.0,1.0,1.0,1.0,1.0,1.0,1.0,1.0,1.0,1.0,,,,,,,6,3,3,3,2,4,5,5,3,2,75.0,70.0,80.0,85.0,80.0,85.0,90.0,70.0,30.0,30.0,1,1,2,1,2,1,1,1,1,1,2,2,2,2,1,1,2,1,2,1,1,1,1,2,1,2,1,2,1,2,2,2,1,1,1,2,2,1,1,2
282,5,5,5,5,5,5,5,5,1,1,30.0,,5.0,,4.0,3.0,2.0,,,,6.0,,1.0,54.0,,,2.0,4.0,5.0,6.0,,,,,,,,15.0,,1.0,,,3.0,,1.0,,5.0,1.0,1.0,1.0,1.0,1.0,1.0,1.0,1.0,1.0,1.0,,,,,,,7,3,2,2,2,5,6,6,4,2,80.0,75.0,85.0,90.0,85.0,80.0,90.0,75.0,20.0,20.0,1,1,1,1,1,1,1,1,1,1,1,1,1,2,2,1,1,1,1,1,1,1,1,2,1,2,1,1,1,1,1,1,1,1,1,1,1,1,1,1
678,5,5,5,5,5,5,5,5,2,2,,30.0,,6.0,3.0,4.0,5.0,,,,,7.0,,,1.0,,2.0,,,,,,,2.0,5.0,5.0,,12.0,,1.0,,,3.0,2.0,,5.0,,1.0,1.0,1.0,1.0,1.0,1.0,1.0,1.0,1.0,1.0,,,,,,,6,3,3,3,1,4,5,5,4,1,85.0,80.0,85.0,80.0,75.0,80.0,85.0,70.0,40.0,40.0,2,2,1,1,2,1,1,2,1,1,1,2,2,2,1,1,1,2,1,1,1,1,1,2,2,2,1,1,2,1,2,2,2,1,2,1,2,2,1,1
910,5,5,5,4,4,5,5,4,2,2,30.0,,,2.0,4.0,3.0,5.0,,,,,6.0,,,1.0,1.0,,,,,,,,4.0,5.0,5.0,,15.0,1.0,,,,3.0,,1.0,,5.0,1.0,1.0,1.0,1.0,1.0,1.0,1.0,1.0,1.0,1.0,,,,,,,6,3,3,3,2,4,5,5,3,2,70.0,70.0,80.0,50.0,50.0,70.0,70.0,50.0,30.0,30.0,1,1,2,1,1,1,1,1,1,2,1,2,2,1,1,2,1,1,1,2,1,1,2,1,1,2,1,1,1,2,2,1,1,2,1,2,1,2,2,1
863,5,5,5,5,5,5,5,5,2,2,,30.0,,6.0,,,,4.0,4.0,2.0,6.0,,,,1.0,1.0,,,,,,,,5.0,5.0,6.0,15.0,,,1.0,4.0,,,1.0,,5.0,,,,,,,,,,,,1.0,1.0,1.0,1.0,1.0,1.0,6,3,3,3,1,4,5,5,3,2,85.0,80.0,85.0,80.0,75.0,80.0,85.0,75.0,40.0,40.0,1,2,2,1,1,2,2,1,2,2,1,1,2,1,2,2,1,2,1,2,2,1,2,2,2,2,1,1,2,1,1,1,1,2,2,2,2,1,2,1
1899,5,5,5,4,4,5,5,4,2,2,,30.0,,2.0,4.0,3.0,3.0,,,,,6.0,,,1.0,,2.0,,,,,,,4.0,5.0,5.0,15.0,,1.0,,4.0,,,,1.0,,5.0,,,,,,,,,,,1.0,1.0,1.0,1.0,1.0,1.0,6,3,3,4,2,4,5,5,3,2,80.0,75.0,85.0,60.0,65.0,80.0,75.0,60.0,40.0,40.0,1,1,1,1,2,1,1,1,1,2,1,1,2,2,2,1,1,1,2,1,1,1,1,1,2,2,2,2,2,1,1,2,1,2,2,2,1,1,2,1
1784,5,5,5,5,5,5,5,5,1,1,,30.0,5.0,,4.0,3.0,2.0,,,,6.0,,,,1.0,1.0,,,,,,,,4.0,5.0,6.0,,15.0,1.0,,,4.0,,2.0,,5.0,,,,,,,,,,,,1.0,1.0,1.0,1.0,1.0,1.0,6,3,3,3,2,5,5,5,3,2,75.0,75.0,80.0,75.0,70.0,75.0,80.0,70.0,30.0,30.0,1,1,1,1,1,1,1,2,1,1,1,1,2,1,1,1,2,1,1,1,1,1,1,1,1,1,1,2,1,1,1,1,1,1,1,1,1,1,1,1
1411,5,5,5,5,5,5,5,5,1,1,20.0,,5.0,,,,,5.0,5.0,2.0,6.0,,1.0,54.0,,,2.0,,,,,,,2.0,5.0,5.0,,15.0,,1.0,,,3.0,1.0,,5.0,,1.0,1.0,1.0,1.0,1.0,1.0,1.0,1.0,1.0,1.0,,,,,,,6,3,3,3,2,4,5,5,3,2,75.0,70.0,80.0,75.0,70.0,75.0,80.0,70.0,30.0,30.0,2,2,2,1,2,1,2,2,2,1,2,2,2,1,1,1,1,2,2,2,2,2,2,2,1,1,1,1,2,1,2,1,1,1,1,1,1,2,1,2
1198,5,5,5,2,3,5,5,5,1,1,30.0,,5.0,,4.0,4.0,2.0,,,,,6.0,,,1.0,,2.0,,,,,,,4.0,5.0,5.0,15.0,,1.0,,,,3.0,,1.0,5.0,,1.0,1.0,1.0,1.0,1.0,1.0,1.0,1.0,1.0,1.0,,,,,,,6,3,2,2,1,3,5,5,3,2,80.0,80.0,85.0,40.0,50.0,70.0,70.0,60.0,20.0,20.0,1,1,1,1,1,1,2,1,2,1,1,1,1,1,1,1,1,2,1,1,1,1,1,1,1,1,1,1,1,2,1,2,2,1,2,1,1,1,2,1
1562,5,5,5,5,5,5,5,5,1,1,30.0,,,2.0,,,,5.0,4.0,2.0,6.0,,,,1.0,1.0,,4.0,5.0,5.0,,,,,,,15.0,,1.0,,,,3.0,2.0,,5.0,,,,,,,,,,,,1.0,1.0,1.0,1.0,1.0,1.0,6,3,2,3,3,5,5,5,3,2,75.0,70.0,80.0,75.0,70.0,75.0,80.0,70.0,30.0,30.0,2,2,1,1,1,2,1,1,1,2,2,2,1,2,1,1,1,2,1,1,1,1,1,1,2,2,1,2,2,1,1,2,1,2,1,1,2,2,1,2
384,5,5,5,5,5,5,5,5,1,1,30.0,,5.0,,4.0,4.0,5.0,,,,,6.0,1.0,54.0,,,2.0,2.0,5.0,5.0,,,,,,,15.0,,1.0,,,,3.0,2.0,,5.0,,,,,,,,,,,,1.0,1.0,1.0,1.0,1.0,1.0,6,3,3,3,2,5,6,6,3,2,75.0,75.0,75.0,75.0,75.0,75.0,75.0,75.0,25.0,25.0,2,2,2,2,2,2,2,2,1,2,1,1,2,2,2,1,2,2,1,2,2,1,2,2,2,2,2,1,2,2,2,2,2,2,2,2,2,2,2,2
598,5,5,5,5,5,5,5,5,1,1,,20.0,,2.0,4.0,3.0,2.0,,,,,6.0,1.0,54.0,,1.0,,,,,5.0,5.0,6.0,,,,18.0,,,1.0,,7.0,,,1.0,5.0,,1.0,1.0,1.0,1.0,1.0,1.0,1.0,1.0,1.0,1.0,,,,,,,6,3,3,3,3,4,5,5,3,2,85.0,80.0,85.0,80.0,75.0,85.0,90.0,80.0,20.0,20.0,2,1,1,2,1,2,2,2,1,1,2,2,1,2,1,2,2,2,1,1,1,2,2,1,2,1,1,1,2,1,1,2,2,1,1,2,2,2,1,2
162,5,5,5,4,4,5,5,4,2,2,30.0,,,2.0,,,,5.0,4.0,2.0,,6.0,1.0,54.0,,,2.0,,,,,,,4.0,5.0,6.0,3.0,,,1.0,,4.0,,,1.0,5.0,,,,,,,,,,,,1.0,1.0,1.0,1.0,1.0,1.0,6,3,3,3,3,5,5,5,3,2,75.0,70.0,80.0,60.0,55.0,70.0,75.0,60.0,40.0,40.0,1,1,1,1,1,1,1,1,1,1,1,1,1,1,1,1,1,1,1,1,1,1,1,1,1,1,1,1,1,1,1,1,1,1,1,1,1,1,1,1
2045,5,5,5,5,5,5,5,5,1,1,,30.0,,2.0,4.0,4.0,3.0,,,,6.0,,,,1.0,,2.0,3.0,5.0,5.0,,,,,,,,10.0,1.0,,,4.0,,1.0,,5.0,,,,,,,,,,,,1.0,1.0,1.0,1.0,1.0,1.0,6,3,3,3,3,5,6,6,3,2,75.0,75.0,80.0,75.0,70.0,80.0,80.0,70.0,40.0,40.0,1,1,1,1,1,1,1,1,1,1,1,1,1,1,1,1,1,1,1,1,1,1,1,1,2,1,1,1,1,1,1,1,1,1,1,1,1,1,1,1
34,5,4,5,5,5,5,5,5,2,2,,30.0,,2.0,4.0,3.0,4.0,,,,6.0,,1.0,54.0,,,2.0,4.0,5.0,5.0,,,,,,,15.0,,1.0,,4.0,,,1.0,,5.0,,1.0,1.0,1.0,1.0,1.0,1.0,1.0,1.0,1.0,1.0,,,,,,,6,2,3,3,1,3,5,5,3,2,75.0,70.0,80.0,85.0,80.0,85.0,90.0,80.0,40.0,40.0,1,1,1,1,1,1,1,1,1,1,2,2,1,2,1,2,1,1,1,1,2,2,1,1,1,1,1,1,1,1,1,2,1,1,1,1,1,1,2,1
1858,5,5,5,2,3,4,5,2,1,1,30.0,,,2.0,,,,5.0,4.0,2.0,,6.0,1.0,54.0,,1.0,,2.0,5.0,5.0,,,,,,,,15.0,1.0,,,5.0,,1.0,,,5.0,1.0,1.0,1.0,1.0,1.0,1.0,1.0,1.0,1.0,1.0,,,,,,,6,3,3,3,3,5,6,6,3,2,70.0,70.0,75.0,40.0,50.0,60.0,70.0,40.0,20.0,20.0,1,1,2,1,1,1,1,2,2,2,1,2,2,1,1,1,1,1,2,1,1,2,1,1,1,1,2,1,2,1,1,1,2,1,2,2,1,1,1,2
1159,5,5,5,5,5,5,5,5,2,2,30.0,,6.0,,4.0,3.0,2.0,,,,6.0,,,,1.0,1.0,,2.0,5.0,5.0,,,,,,,,10.0,,1.0,,,3.0,,1.0,5.0,,1.0,1.0,1.0,1.0,1.0,1.0,1.0,1.0,1.0,1.0,,,,,,,6,3,3,3,1,5,6,6,3,2,80.0,75.0,85.0,80.0,75.0,80.0,85.0,70.0,40.0,40.0,1,2,2,1,2,1,2,1,2,2,1,2,1,2,1,2,1,2,1,1,2,1,2,2,2,1,1,1,2,2,2,1,2,1,2,1,2,1,1,2
1636,5,5,5,5,5,5,5,5,1,1,30.0,,,2.0,5.0,4.0,4.0,,,,,6.0,,,1.0,1.0,,2.0,5.0,6.0,,,,,,,,15.0,1.0,,,,3.0,,1.0,,5.0,1.0,1.0,1.0,1.0,1.0,1.0,1.0,1.0,1.0,1.0,,,,,,,6,3,3,3,2,3,5,5,3,2,75.0,70.0,80.0,75.0,70.0,75.0,80.0,70.0,20.0,20.0,2,1,2,1,2,1,1,2,2,2,2,1,2,1,2,2,1,2,2,2,2,1,1,2,2,1,2,2,1,2,2,1,2,1,2,1,2,2,1,2
1745,5,5,5,4,4,5,5,4,2,2,30.0,,5.0,,,,,5.0,4.0,2.0,,6.0,,,1.0,,2.0,,,,,,,2.0,5.0,5.0,15.0,,1.0,,,4.0,,2.0,,5.0,,,,,,,,,,,,1.0,1.0,1.0,1.0,1.0,1.0,6,3,3,3,1,5,5,5,3,2,70.0,70.0,75.0,60.0,60.0,70.0,70.0,55.0,40.0,40.0,2,2,1,2,2,1,1,2,1,2,1,1,2,1,1,2,1,1,2,1,2,2,2,1,1,2,1,1,2,1,1,2,2,1,1,2,1,1,2,1
559,5,5,5,5,5,5,5,5,1,1,30.0,,5.0,,4.0,4.0,3.0,,,,,6.0,1.0,54.0,,,2.0,,,,,,,4.0,5.0,5.0,,15.0,,2.0,,,3.0,2.0,,,6.0,,,,,,,,,,,1.0,1.0,1.0,1.0,1.0,1.0,6,3,3,3,2,5,6,6,4,2,75.0,75.0,80.0,85.0,80.0,85.0,85.0,80.0,20.0,20.0,1,1,1,1,1,1,1,1,1,1,1,1,1,1,1,1,1,1,1,1,1,1,1,1,1,1,2,1,1,1,1,1,1,1,1,1,1,1,1,1
236,5,5,5,5,5,5,5,5,1,1,,30.0,,2.0,4.0,3.0,5.0,,,,6.0,,,,1.0,1.0,,2.0,5.0,6.0,,,,,,,,5.0,1.0,,,4.0,,1.0,,,5.0,,,,,,,,,,,1.0,1.0,1.0,1.0,1.0,1.0,6,3,2,3,2,5,6,6,3,2,75.0,75.0,80.0,80.0,75.0,80.0,80.0,70.0,20.0,20.0,1,2,1,1,1,1,1,1,2,1,1,2,1,2,1,1,1,2,1,2,1,1,1,1,1,1,2,1,2,1,1,1,1,1,1,1,1,1,2,1
345,5,4,5,2,4,4,5,2,2,3,70.0,,2.0,,,,,5.0,4.0,2.0,,6.0,,,1.0,,2.0,,,,,,,4.0,5.0,5.0,,12.0,,2.0,,,3.0,,1.0,5.0,,,,,,,,,,,,1.0,1.0,1.0,1.0,1.0,1.0,6,3,3,3,1,4,5,5,3,2,75.0,60.0,75.0,40.0,60.0,60.0,75.0,40.0,40.0,50.0,1,1,1,1,1,2,2,1,2,2,1,2,1,1,1,2,1,1,1,1,1,1,1,1,1,1,1,1,1,1,1,1,1,1,2,2,1,1,2,2
1207,5,5,5,5,5,5,5,5,2,2,,30.0,5.0,,,,,4.0,4.0,2.0,,6.0,1.0,54.0,,,2.0,4.0,5.0,6.0,,,,,,,,15.0,1.0,,,4.0,,1.0,,5.0,,,,,,,,,,,,1.0,1.0,1.0,1.0,1.0,1.0,6,3,2,3,3,5,5,5,3,2,75.0,70.0,80.0,75.0,70.0,80.0,75.0,70.0,30.0,30.0,1,1,1,1,2,1,2,1,1,1,2,2,1,2,1,1,1,1,1,1,1,2,1,1,1,1,1,2,1,2,1,2,1,2,2,1,2,1,1,2
1374,5,5,5,3,4,4,5,3,2,2,30.0,,2.0,,,,,5.0,4.0,2.0,6.0,,1.0,54.0,,,2.0,,,,,,,2.0,5.0,5.0,,15.0,1.0,,4.0,,,1.0,,5.0,,,,,,,,,,,,1.0,1.0,1.0,1.0,1.0,1.0,6,3,2,2,2,4,5,5,3,2,70.0,65.0,75.0,40.0,50.0,55.0,70.0,40.0,30.0,30.0,1,1,2,1,1,1,1,2,1,2,2,1,1,1,1,1,1,1,1,1,1,2,2,1,1,1,2,1,1,1,2,1,1,1,1,2,1,1,2,1
1568,5,5,5,5,5,5,5,5,2,2,,30.0,,2.0,,,,5.0,4.0,2.0,6.0,,1.0,54.0,,,2.0,,,,,,,4.0,5.0,5.0,,15.0,1.0,,4.0,,,1.0,,5.0,,1.0,1.0,1.0,1.0,1.0,1.0,1.0,1.0,1.0,1.0,,,,,,,6,3,3,3,2,5,6,6,3,2,80.0,75.0,80.0,75.0,70.0,75.0,80.0,70.0,40.0,40.0,1,2,1,1,2,1,2,1,1,1,2,1,1,1,2,2,1,1,2,1,1,1,2,2,1,1,2,1,2,1,2,2,1,2,1,1,1,1,2,1
1192,5,5,5,4,4,5,5,4,2,2,,30.0,,2.0,,,,4.0,3.0,2.0,,6.0,,,1.0,1.0,,2.0,5.0,5.0,,,,,,,,15.0,1.0,,,,3.0,1.0,,5.0,,1.0,1.0,1.0,1.0,1.0,1.0,1.0,1.0,1.0,1.0,,,,,,,6,2,1,1,1,3,6,6,3,2,75.0,75.0,80.0,65.0,65.0,80.0,75.0,60.0,40.0,40.0,2,1,2,1,2,2,2,1,1,1,2,2,1,2,2,1,1,2,1,1,1,2,1,1,2,1,1,2,2,2,1,2,1,2,1,2,2,1,2,1
607,5,5,5,5,5,5,5,5,1,1,,30.0,,2.0,5.0,4.0,3.0,,,,6.0,,,,1.0,,2.0,2.0,5.0,5.0,,,,,,,,15.0,,1.0,3.0,,,2.0,,,5.0,1.0,1.0,1.0,1.0,1.0,1.0,1.0,1.0,1.0,1.0,,,,,,,6,3,3,3,2,5,6,6,3,2,75.0,75.0,80.0,80.0,80.0,80.0,80.0,80.0,20.0,20.0,1,1,2,2,1,2,2,1,1,2,2,1,2,2,2,1,1,1,1,2,1,1,1,1,2,1,1,2,1,2,2,2,1,2,2,2,1,2,1,1
774,5,5,5,5,5,5,5,5,1,1,,15.0,5.0,,,,,5.0,4.0,2.0,,6.0,1.0,54.0,,1.0,,4.0,5.0,5.0,,,,,,,,12.0,,1.0,,,3.0,,1.0,,5.0,,,,,,,,,,,1.0,1.0,1.0,1.0,1.0,1.0,6,3,2,2,3,5,6,6,3,2,85.0,85.0,85.0,85.0,85.0,85.0,85.0,85.0,85.0,85.0,2,2,2,1,1,1,2,2,1,2,1,2,1,2,1,1,2,2,1,2,2,1,1,1,1,1,2,2,1,1,1,2,1,1,2,1,2,2,2,2
168,4,4,4,2,3,4,4,2,1,1,,30.0,4.0,,,,,5.0,4.0,2.0,6.0,,,,1.0,1.0,,,,,,,,4.0,5.0,5.0,5.0,,1.0,,,4.0,,2.0,,,5.0,,,,,,,,,,,1.0,1.0,1.0,1.0,1.0,1.0,6,3,3,3,3,4,4,4,3,2,65.0,60.0,70.0,40.0,50.0,60.0,70.0,40.0,30.0,30.0,2,2,1,1,1,2,1,2,1,2,2,1,2,2,1,1,2,1,2,1,2,2,1,1,2,2,1,2,1,1,2,1,2,1,2,2,1,2,1,2
592,5,5,5,5,5,5,5,5,1,1,,30.0,,2.0,4.0,3.0,2.0,,,,,6.0,1.0,54.0,,1.0,,,,,5.0,5.0,6.0,,,,15.0,,1.0,,,,3.0,,1.0,5.0,,,,,,,,,,,,1.0,1.0,1.0,1.0,1.0,1.0,6,3,3,3,3,5,5,5,3,2,75.0,70.0,80.0,75.0,70.0,75.0,80.0,70.0,30.0,30.0,1,1,2,2,1,2,1,1,1,2,1,2,2,1,1,2,1,2,1,1,1,2,1,2,1,1,2,1,1,2,2,2,1,2,1,1,1,2,2,2
869,5,5,5,2,3,5,5,2,2,2,,30.0,,2.0,4.0,3.0,4.0,,,,,6.0,,,1.0,1.0,,,,,5.0,5.0,5.0,,,,,15.0,1.0,,,4.0,,1.0,,,5.0,,,,,,,,,,,1.0,1.0,1.0,1.0,1.0,1.0,6,3,3,3,1,3,3,3,3,2,70.0,70.0,75.0,40.0,50.0,60.0,70.0,40.0,30.0,30.0,1,2,1,1,1,1,2,1,1,1,1,1,2,1,1,1,1,2,1,1,1,1,2,1,1,2,2,1,1,1,1,1,1,1,1,1,1,1,1,1
1893,5,5,5,5,5,5,5,5,1,2,,30.0,,5.0,5.0,4.0,2.0,,,,6.0,,1.0,54.0,,1.0,,5.0,5.0,6.0,,,,,,,,15.0,1.0,,,,2.0,2.0,,5.0,,,,,,,,,,,,1.0,1.0,1.0,1.0,1.0,1.0,6,3,3,3,1,5,6,6,3,2,85.0,80.0,85.0,80.0,75.0,85.0,80.0,75.0,20.0,30.0,1,1,1,1,1,2,1,2,1,1,2,1,1,1,1,1,1,1,1,2,1,1,1,1,1,1,1,1,1,1,1,1,1,1,1,1,1,1,1,1
1020,5,5,5,5,5,5,5,5,2,2,30.0,,,2.0,5.0,4.0,4.0,,,,6.0,,,,1.0,,2.0,,,,,,,5.0,5.0,6.0,,15.0,,1.0,,,3.0,2.0,,5.0,,,,,,,,,,,,1.0,1.0,1.0,1.0,1.0,1.0,6,2,3,3,1,4,5,5,3,2,85.0,80.0,85.0,80.0,75.0,80.0,85.0,75.0,40.0,40.0,1,1,2,1,2,1,2,1,1,1,2,1,2,1,1,2,2,1,1,1,1,2,1,1,2,1,1,1,1,1,1,1,1,1,1,1,1,1,1,1
1153,5,5,5,4,4,5,5,4,2,2,30.0,,5.0,,,,,5.0,4.0,2.0,,6.0,1.0,54.0,,1.0,,4.0,5.0,6.0,,,,,,,,15.0,1.0,,,,3.0,2.0,,,5.0,,,,,,,,,,,1.0,1.0,1.0,1.0,1.0,1.0,6,3,3,3,2,4,5,5,3,2,75.0,70.0,75.0,50.0,50.0,75.0,75.0,50.0,30.0,30.0,2,1,1,1,1,2,2,1,1,1,2,1,2,2,1,1,1,2,2,1,1,1,1,1,1,1,2,1,1,1,1,1,1,2,1,2,2,2,1,1
420,4,4,4,4,4,4,4,4,2,2,35.0,,,2.0,,,,5.0,4.0,2.0,6.0,,,,1.0,,2.0,,,,,,,4.0,5.0,5.0,,15.0,1.0,,4.0,,,,1.0,,5.0,1.0,1.0,1.0,1.0,1.0,1.0,1.0,1.0,1.0,1.0,,,,,,,6,3,3,3,3,5,6,6,3,2,65.0,65.0,65.0,65.0,65.0,65.0,65.0,65.0,35.0,35.0,1,1,2,2,1,1,1,1,2,2,1,2,1,1,1,1,1,1,1,1,1,1,1,1,1,1,1,1,1,1,1,1,1,1,1,1,1,1,1,1
553,5,5,5,4,4,5,5,4,2,2,30.0,,5.0,,4.0,3.0,2.0,,,,6.0,,,,1.0,,2.0,,,,5.0,5.0,6.0,,,,15.0,,,1.0,,6.0,,1.0,,,5.0,,,,,,,,,,,1.0,1.0,1.0,1.0,1.0,1.0,6,3,2,3,2,5,6,5,3,2,75.0,70.0,80.0,65.0,60.0,75.0,80.0,60.0,40.0,40.0,1,1,1,1,1,2,1,2,2,1,1,2,2,1,1,2,1,1,1,1,1,1,1,1,1,1,1,1,1,1,1,1,1,2,1,1,1,1,1,1
1921,4,4,4,2,3,3,4,2,2,2,40.0,,4.0,,3.0,4.0,2.0,,,,,6.0,,,1.0,1.0,,,,,4.0,5.0,5.0,,,,,5.0,1.0,,,,3.0,1.0,,5.0,,,,,,,,,,,,1.0,1.0,1.0,1.0,1.0,1.0,5,3,2,2,2,4,5,5,3,2,65.0,60.0,70.0,40.0,50.0,50.0,60.0,40.0,30.0,30.0,2,1,1,1,2,2,1,1,1,1,1,2,1,2,2,2,1,1,1,1,1,2,1,2,1,2,1,2,2,1,2,1,1,1,1,2,1,1,2,2
1852,5,5,5,2,3,5,5,2,2,2,30.0,,5.0,,4.0,4.0,3.0,,,,6.0,,,,1.0,,2.0,,,,4.0,5.0,6.0,,,,15.0,,,1.0,5.0,,,,1.0,5.0,,,,,,,,,,,,1.0,1.0,1.0,1.0,1.0,1.0,6,3,2,2,2,4,5,5,3,2,75.0,70.0,80.0,40.0,50.0,70.0,80.0,40.0,30.0,30.0,1,1,1,1,1,1,1,1,1,1,1,1,1,1,1,1,1,1,1,1,1,1,1,1,1,1,1,1,1,1,1,1,1,1,1,1,1,1,1,1
1649,5,5,5,5,5,5,5,5,1,1,70.0,,5.0,,4.0,4.0,3.0,,,,6.0,,,,1.0,,2.0,,,,,,,5.0,5.0,6.0,18.0,,,1.0,,,3.0,,1.0,5.0,,1.0,1.0,1.0,1.0,1.0,1.0,1.0,1.0,1.0,1.0,,,,,,,6,3,3,3,1,3,5,5,3,1,85.0,85.0,90.0,90.0,85.0,90.0,90.0,85.0,15.0,15.0,1,2,1,1,1,1,1,2,1,2,1,2,1,2,1,1,1,1,2,1,1,1,1,2,1,1,2,2,1,1,1,2,1,2,1,1,2,1,1,1
1055,5,5,5,5,5,5,5,5,1,1,30.0,,5.0,,,,,4.0,4.0,2.0,,6.0,,,1.0,1.0,,4.0,5.0,5.0,,,,,,,15.0,,,1.0,,5.0,,,1.0,,6.0,1.0,1.0,1.0,1.0,1.0,1.0,1.0,1.0,1.0,1.0,,,,,,,6,3,2,2,1,3,5,5,3,2,75.0,75.0,80.0,80.0,75.0,80.0,80.0,75.0,20.0,20.0,2,2,1,1,1,1,1,1,1,1,1,2,1,1,2,2,1,1,2,1,1,1,1,1,1,2,1,1,1,1,2,1,1,1,1,1,2,1,1,1
1126,5,5,5,4,4,5,5,3,2,2,40.0,,,2.0,4.0,3.0,5.0,,,,,6.0,,,1.0,,2.0,,,,2.0,5.0,5.0,,,,18.0,,,2.0,,4.0,,1.0,,,5.0,1.0,1.0,1.0,1.0,1.0,1.0,1.0,1.0,1.0,1.0,,,,,,,6,3,3,3,3,5,6,6,3,2,75.0,80.0,85.0,60.0,55.0,70.0,75.0,40.0,30.0,25.0,1,1,2,2,1,2,1,2,1,1,1,1,2,1,1,2,1,1,1,2,1,1,1,2,1,2,2,2,1,1,1,2,1,1,2,1,2,1,1,1
249,5,5,5,3,4,5,5,3,2,2,30.0,,4.0,,5.0,4.0,3.0,,,,6.0,,1.0,54.0,,,2.0,2.0,5.0,5.0,,,,,,,,10.0,1.0,,,,3.0,2.0,,5.0,,1.0,1.0,1.0,1.0,1.0,1.0,1.0,1.0,1.0,1.0,,,,,,,6,2,3,3,1,4,5,5,3,2,70.0,65.0,75.0,40.0,50.0,70.0,70.0,40.0,30.0,30.0,1,2,1,1,1,1,1,2,1,2,1,2,1,1,1,2,1,2,1,1,1,1,1,1,1,2,1,1,2,1,1,1,1,1,1,1,1,1,1,1
455,5,5,5,4,4,5,5,4,2,2,40.0,,,2.0,5.0,4.0,5.0,,,,,6.0,1.0,54.0,,1.0,,,,,5.0,5.0,5.0,,,,15.0,,,1.0,,,3.0,2.0,,,5.0,1.0,1.0,1.0,1.0,1.0,1.0,1.0,1.0,1.0,1.0,,,,,,,6,2,3,3,1,3,5,5,3,2,75.0,70.0,80.0,50.0,55.0,70.0,65.0,50.0,30.0,30.0,1,2,1,1,2,1,1,2,1,1,2,2,2,1,1,1,1,1,1,1,1,1,2,2,1,1,1,1,1,1,1,1,1,1,2,2,1,2,1,2
526,5,5,5,2,3,5,5,2,1,1,35.0,,,2.0,,,,5.0,4.0,2.0,,6.0,1.0,54.0,,1.0,,,,,5.0,5.0,5.0,,,,,15.0,1.0,,,4.0,,,1.0,,5.0,,,,,,,,,,,1.0,1.0,1.0,1.0,1.0,1.0,6,3,2,2,2,5,6,6,3,2,70.0,70.0,75.0,40.0,50.0,60.0,70.0,40.0,30.0,30.0,1,2,2,1,2,1,1,1,1,1,2,1,2,2,2,1,1,1,1,1,2,1,1,2,2,1,1,2,1,1,2,2,1,2,1,2,1,2,2,1
1954,5,5,5,5,5,5,5,5,2,2,30.0,,,2.0,4.0,3.0,3.0,,,,6.0,,1.0,54.0,,1.0,,,,,4.0,5.0,5.0,,,,,15.0,,1.0,4.0,,,,1.0,,5.0,1.0,1.0,1.0,1.0,1.0,1.0,1.0,1.0,1.0,1.0,,,,,,,6,2,3,3,1,5,6,6,3,2,80.0,75.0,85.0,70.0,65.0,75.0,80.0,60.0,40.0,50.0,1,2,2,2,1,1,2,1,1,1,2,1,1,2,1,1,1,1,1,1,1,1,1,2,1,1,2,1,1,2,1,2,1,1,1,1,1,1,2,1
1827,4,4,4,2,3,4,4,2,2,2,,30.0,,2.0,3.0,4.0,5.0,,,,,6.0,1.0,54.0,,,2.0,,,,,,,4.0,5.0,5.0,,15.0,,1.0,,,3.0,3.0,,5.0,,,,,,,,,,,,1.0,1.0,1.0,1.0,1.0,1.0,6,3,2,3,2,4,5,5,3,2,65.0,60.0,60.0,40.0,45.0,55.0,60.0,35.0,30.0,30.0,1,1,2,1,2,1,1,2,2,1,1,1,2,1,2,2,1,1,1,1,2,2,2,1,2,1,1,1,2,1,1,2,1,1,2,1,1,2,2,1
1094,5,5,5,5,5,5,5,5,1,1,,30.0,5.0,,3.0,4.0,5.0,,,,,6.0,1.0,54.0,,,2.0,,,,5.0,5.0,6.0,,,,,15.0,,1.0,,4.0,,,1.0,,5.0,1.0,1.0,1.0,1.0,1.0,1.0,1.0,1.0,1.0,1.0,,,,,,,6,3,3,3,2,4,4,4,3,2,75.0,70.0,80.0,75.0,70.0,75.0,80.0,70.0,30.0,30.0,1,1,2,1,1,2,1,1,1,1,1,1,2,2,1,2,1,1,2,1,1,2,1,1,1,1,1,1,1,1,1,2,1,1,1,1,1,2,1,1
1272,5,5,5,5,5,5,5,5,1,1,,30.0,5.0,,4.0,4.0,3.0,,,,6.0,,1.0,54.0,,,2.0,,,,,,,4.0,5.0,5.0,15.0,,,1.0,,,3.0,,1.0,5.0,,,,,,,,,,,,1.0,1.0,1.0,1.0,1.0,1.0,6,3,3,3,2,3,5,5,3,2,75.0,75.0,75.0,75.0,75.0,75.0,75.0,75.0,25.0,25.0,2,2,2,1,1,1,2,1,1,2,2,2,1,1,2,2,2,1,1,2,1,1,2,2,2,1,2,1,2,1,1,2,1,2,1,1,2,2,1,1
1301,5,5,5,5,5,5,5,4,2,2,,30.0,6.0,,,,,5.0,4.0,2.0,6.0,,,,1.0,,2.0,,,,4.0,5.0,5.0,,,,15.0,,1.0,,4.0,,,,1.0,5.0,,1.0,1.0,1.0,1.0,1.0,1.0,1.0,1.0,1.0,1.0,,,,,,,6,3,3,3,1,4,5,5,3,2,80.0,75.0,80.0,70.0,65.0,75.0,80.0,60.0,40.0,40.0,1,1,2,1,2,2,1,2,1,1,2,1,1,2,1,2,1,1,1,2,1,1,2,2,1,2,2,1,1,1,2,2,1,2,1,1,1,1,1,2
1688,5,5,5,4,4,5,5,4,2,2,30.0,,5.0,,,,,6.0,5.0,2.0,6.0,,1.0,54.0,,,2.0,2.0,5.0,5.0,,,,,,,,15.0,1.0,,,4.0,,,1.0,5.0,,1.0,1.0,1.0,1.0,1.0,1.0,1.0,1.0,1.0,1.0,,,,,,,6,3,3,3,1,5,6,6,3,2,70.0,70.0,75.0,50.0,50.0,70.0,70.0,50.0,30.0,30.0,2,2,1,1,1,1,1,1,2,2,2,1,1,2,2,2,1,1,2,2,1,1,2,1,1,1,2,2,2,1,1,2,2,1,1,1,2,1,1,1
494,5,5,5,5,5,5,5,5,1,1,,20.0,6.0,,,,,5.0,4.0,2.0,,6.0,1.0,54.0,,,2.0,,,,5.0,5.0,5.0,,,,,15.0,,1.0,,,3.0,2.0,,,6.0,1.0,1.0,1.0,1.0,1.0,1.0,1.0,1.0,1.0,1.0,,,,,,,7,3,2,2,2,5,6,6,3,2,85.0,80.0,85.0,90.0,85.0,90.0,90.0,80.0,10.0,10.0,2,1,1,1,2,1,2,1,2,2,2,1,2,1,2,2,2,1,1,1,1,1,2,1,1,2,1,2,1,2,2,1,2,1,1,1,1,1,2,1
672,4,4,4,3,3,4,4,2,2,2,,30.0,,2.0,,,,5.0,4.0,2.0,6.0,,,,1.0,,2.0,,,,2.0,5.0,5.0,,,,15.0,,1.0,,,4.0,,1.0,,5.0,,1.0,1.0,1.0,1.0,1.0,1.0,1.0,1.0,1.0,1.0,,,,,,,6,3,3,3,1,3,6,6,3,2,65.0,65.0,65.0,50.0,50.0,60.0,60.0,40.0,40.0,40.0,2,1,2,1,1,2,2,1,2,1,1,2,1,1,1,1,1,1,2,1,1,1,1,2,2,2,2,2,2,1,2,2,2,2,1,2,2,1,2,1
701,4,4,4,2,3,4,4,2,1,1,,30.0,,2.0,4.0,3.0,3.0,,,,6.0,,1.0,15.0,,,2.0,,,,,,,2.0,5.0,5.0,,15.0,,2.0,4.0,,,,1.0,5.0,,1.0,1.0,1.0,1.0,1.0,1.0,1.0,1.0,1.0,1.0,,,,,,,6,3,2,2,1,5,6,6,3,2,70.0,65.0,70.0,40.0,50.0,60.0,60.0,40.0,30.0,30.0,1,1,2,2,1,1,1,2,1,2,2,2,2,1,2,2,2,2,1,2,2,2,2,1,2,2,2,2,1,2,1,2,2,1,2,1,2,2,1,2
288,5,4,5,5,5,5,5,5,2,2,30.0,,,2.0,,,,6.0,5.0,2.0,,6.0,1.0,54.0,,,2.0,4.0,5.0,6.0,,,,,,,18.0,,,1.0,,5.0,,,1.0,5.0,,1.0,1.0,1.0,1.0,1.0,1.0,1.0,1.0,1.0,1.0,,,,,,,7,3,3,3,3,5,6,6,3,2,80.0,70.0,85.0,90.0,85.0,90.0,90.0,80.0,30.0,30.0,1,2,1,2,1,2,1,1,1,1,1,1,1,1,1,1,1,1,1,1,1,1,1,1,1,1,1,1,1,1,1,1,1,1,1,2,1,1,1,1
1995,5,5,5,5,5,5,5,5,2,2,30.0,,4.0,,4.0,4.0,3.0,,,,6.0,,1.0,54.0,,1.0,,,,,,,,5.0,5.0,6.0,,15.0,1.0,,5.0,,,2.0,,,5.0,1.0,1.0,1.0,1.0,1.0,1.0,1.0,1.0,1.0,1.0,,,,,,,6,3,3,3,1,5,6,6,3,2,85.0,80.0,85.0,85.0,80.0,85.0,85.0,80.0,30.0,30.0,1,2,2,2,1,1,1,1,1,2,1,2,1,1,2,2,1,2,1,2,1,1,1,1,1,1,1,1,1,1,1,1,2,1,1,2,1,1,1,1
685,5,5,5,5,5,5,5,5,1,1,30.0,,6.0,,4.0,3.0,3.0,,,,6.0,,1.0,54.0,,1.0,,,,,4.0,5.0,5.0,,,,,5.0,1.0,,,,3.0,,1.0,5.0,,,,,,,,,,,,1.0,1.0,1.0,1.0,1.0,1.0,6,3,2,2,1,4,5,5,3,2,85.0,80.0,85.0,85.0,80.0,85.0,90.0,80.0,20.0,20.0,1,1,2,2,1,2,1,1,1,1,2,2,2,2,1,2,2,2,1,1,1,1,1,2,1,2,1,2,1,1,1,1,1,1,1,1,1,1,1,1
463,5,5,5,5,5,5,5,5,1,1,,30.0,,6.0,4.0,3.0,5.0,,,,,6.0,,,1.0,1.0,,,,,,,,5.0,5.0,6.0,,15.0,1.0,,,4.0,,,1.0,,6.0,,,,,,,,,,,1.0,1.0,1.0,1.0,1.0,1.0,6,2,3,3,2,5,6,6,3,2,80.0,75.0,85.0,80.0,75.0,80.0,85.0,70.0,20.0,15.0,1,1,2,2,1,2,1,2,2,2,1,1,1,2,2,1,1,2,2,1,1,2,1,2,2,1,2,1,2,2,2,1,2,1,2,1,1,2,1,1
510,5,4,5,2,4,4,5,2,2,2,,30.0,5.0,,5.0,3.0,4.0,,,,,6.0,1.0,54.0,,1.0,,,,,4.0,5.0,5.0,,,,15.0,,,1.0,6.0,,,,1.0,,6.0,1.0,1.0,1.0,1.0,1.0,1.0,1.0,1.0,1.0,1.0,,,,,,,6,3,3,3,2,5,6,6,3,2,70.0,60.0,75.0,40.0,50.0,55.0,65.0,35.0,30.0,30.0,2,1,2,1,2,2,1,1,1,1,1,2,1,1,2,2,1,1,1,1,1,1,1,1,1,1,1,1,1,1,1,1,2,1,2,1,1,1,1,1
1285,5,5,5,5,5,5,5,4,2,2,,30.0,,5.0,,,,5.0,3.0,2.0,6.0,,,,1.0,1.0,,,,,4.0,5.0,5.0,,,,,12.0,,1.0,,4.0,,1.0,,5.0,,1.0,1.0,1.0,1.0,1.0,1.0,1.0,1.0,1.0,1.0,,,,,,,6,3,3,3,1,5,6,6,3,2,80.0,80.0,85.0,80.0,75.0,85.0,80.0,70.0,40.0,40.0,1,1,2,2,2,1,2,2,1,2,2,2,1,1,1,2,1,1,1,1,1,1,1,2,1,1,2,1,1,1,1,1,1,1,1,1,1,1,1,1
1063,5,5,5,5,5,5,5,5,2,2,35.0,,,2.0,5.0,4.0,3.0,,,,,6.0,1.0,15.0,,1.0,,,,,,,,4.0,5.0,6.0,,15.0,,1.0,,4.0,,2.0,,5.0,,,,,,,,,,,,1.0,1.0,1.0,1.0,1.0,1.0,6,3,3,3,3,5,5,5,3,2,80.0,80.0,85.0,80.0,75.0,80.0,85.0,80.0,30.0,30.0,1,1,2,1,1,2,1,2,2,2,1,1,2,1,1,1,1,1,1,1,1,1,1,1,2,2,2,1,1,1,1,1,1,1,2,1,1,2,1,2
1110,5,5,5,2,4,5,5,4,2,2,40.0,,4.0,,,,,5.0,4.0,2.0,6.0,,1.0,54.0,,1.0,,,,,,,,4.0,5.0,5.0,,15.0,,1.0,,,3.0,,1.0,,5.0,1.0,1.0,1.0,1.0,1.0,1.0,1.0,1.0,1.0,1.0,,,,,,,6,2,3,3,2,5,6,6,3,2,75.0,70.0,80.0,40.0,50.0,75.0,80.0,60.0,40.0,40.0,1,2,1,1,2,1,1,1,2,1,2,1,1,1,2,1,2,1,1,2,1,1,1,1,2,1,1,2,1,2,1,1,1,1,1,1,1,2,1,1
1499,5,5,5,5,5,5,5,5,1,1,,30.0,5.0,,4.0,3.0,5.0,,,,,6.0,,,1.0,1.0,,,,,5.0,5.0,5.0,,,,,15.0,,1.0,,,3.0,2.0,,5.0,,1.0,1.0,1.0,1.0,1.0,1.0,1.0,1.0,1.0,1.0,,,,,,,6,2,2,2,1,3,5,5,3,2,85.0,80.0,85.0,80.0,75.0,80.0,85.0,75.0,20.0,20.0,1,1,1,1,1,1,1,1,1,1,1,2,2,1,1,2,1,2,1,1,1,2,1,1,1,1,1,1,1,1,1,2,1,1,1,1,1,1,1,1
1962,5,5,5,4,4,5,5,4,2,3,30.0,,5.0,,,,,5.0,4.0,2.0,6.0,,1.0,54.0,,1.0,,,,,,,,2.0,5.0,5.0,15.0,,1.0,,,,3.0,2.0,,,5.0,,,,,,,,,,,1.0,1.0,1.0,1.0,1.0,1.0,6,3,2,2,1,3,5,5,4,2,75.0,70.0,80.0,60.0,55.0,75.0,80.0,50.0,40.0,45.0,1,2,1,1,1,1,2,2,2,2,2,2,2,1,1,1,1,2,1,2,1,1,2,1,2,1,2,2,1,2,2,1,1,1,2,1,1,1,1,1
1811,5,5,5,5,5,5,5,5,1,1,,30.0,6.0,,,,,6.0,5.0,2.0,6.0,,,,1.0,1.0,,,,,5.0,5.0,6.0,,,,15.0,,1.0,,,4.0,,,1.0,5.0,,,,,,,,,,,,1.0,1.0,1.0,1.0,1.0,1.0,6,3,3,3,2,5,6,6,3,2,80.0,80.0,85.0,80.0,75.0,80.0,80.0,70.0,20.0,20.0,2,1,2,1,2,1,1,1,1,2,1,1,1,1,2,2,1,1,1,1,1,1,1,1,2,2,1,1,2,1,2,1,2,1,2,1,1,2,1,2
998,5,5,5,5,5,5,5,5,1,2,,30.0,,2.0,4.0,3.0,2.0,,,,6.0,,1.0,54.0,,1.0,,,,,,,,5.0,5.0,6.0,,15.0,,1.0,5.0,,,2.0,,,6.0,,,,,,,,,,,1.0,1.0,1.0,1.0,1.0,1.0,7,3,3,3,1,5,6,6,3,2,85.0,80.0,90.0,85.0,80.0,85.0,90.0,75.0,20.0,30.0,1,2,2,1,1,1,1,1,1,2,2,1,1,1,1,1,1,2,2,2,1,1,1,1,1,1,1,1,1,1,1,1,1,1,1,1,1,2,2,1
644,4,4,4,4,4,4,4,3,2,2,,30.0,5.0,,,,,5.0,4.0,2.0,6.0,,1.0,54.0,,,2.0,,,,4.0,5.0,5.0,,,,18.0,,,2.0,4.0,,,2.0,,5.0,,,,,,,,,,,,1.0,1.0,1.0,1.0,1.0,1.0,6,3,3,3,1,4,5,5,3,2,60.0,60.0,60.0,60.0,60.0,60.0,60.0,50.0,40.0,40.0,1,2,1,1,1,1,1,1,1,1,1,1,1,1,1,1,1,1,1,1,1,1,1,1,1,1,1,1,1,1,1,1,1,1,1,1,1,1,1,1
737,5,5,5,5,5,5,5,5,1,1,30.0,,,2.0,,,,6.0,5.0,2.0,,6.0,1.0,54.0,,,2.0,2.0,5.0,5.0,,,,,,,,15.0,1.0,,,,3.0,,1.0,,5.0,1.0,1.0,1.0,1.0,1.0,1.0,1.0,1.0,1.0,1.0,,,,,,,6,3,2,3,3,5,6,5,4,2,75.0,70.0,80.0,85.0,80.0,85.0,90.0,80.0,20.0,20.0,1,1,2,1,1,2,1,2,1,1,1,1,1,2,1,2,1,1,2,2,1,1,2,2,2,1,1,2,1,1,2,1,1,1,1,2,2,2,1,2
1458,5,5,5,5,5,5,5,5,2,2,,30.0,,2.0,,,,5.0,4.0,2.0,6.0,,,,1.0,1.0,,,,,5.0,5.0,6.0,,,,15.0,,,1.0,6.0,,,,1.0,,6.0,1.0,1.0,1.0,1.0,1.0,1.0,1.0,1.0,1.0,1.0,,,,,,,6,3,2,2,1,3,4,4,3,2,80.0,75.0,85.0,70.0,65.0,75.0,80.0,60.0,40.0,50.0,2,2,2,2,1,1,1,2,1,1,2,1,2,1,1,1,2,2,2,2,1,1,2,1,1,1,1,1,2,2,1,1,2,1,1,1,1,2,1,1
1244,5,5,5,5,5,5,5,5,1,1,30.0,,,2.0,5.0,4.0,3.0,,,,,6.0,1.0,54.0,,1.0,,4.0,5.0,5.0,,,,,,,,15.0,1.0,,,5.0,,1.0,,,6.0,,,,,,,,,,,1.0,1.0,1.0,1.0,1.0,1.0,6,3,3,3,3,5,5,5,4,2,80.0,75.0,85.0,90.0,85.0,90.0,90.0,80.0,20.0,20.0,1,2,2,1,2,2,1,1,1,1,2,1,1,1,1,1,1,1,1,1,1,1,1,1,1,1,1,2,1,1,1,1,1,2,1,1,1,2,2,1
1337,5,5,5,5,5,5,5,5,1,1,,30.0,,2.0,4.0,4.0,3.0,,,,6.0,,1.0,54.0,,,2.0,,,,,,,4.0,5.0,6.0,15.0,,,2.0,4.0,,,1.0,,5.0,,1.0,1.0,1.0,1.0,1.0,1.0,1.0,1.0,1.0,1.0,,,,,,,6,3,3,3,1,5,6,6,3,2,85.0,80.0,90.0,85.0,80.0,85.0,90.0,80.0,20.0,20.0,1,1,2,1,2,2,1,2,1,1,1,2,1,2,2,2,1,1,2,1,1,1,2,1,2,2,1,2,2,2,1,2,1,1,2,1,1,1,1,1
959,5,5,5,5,5,5,5,5,2,2,30.0,,,2.0,5.0,3.0,5.0,,,,6.0,,,,1.0,,2.0,,,,,,,4.0,5.0,5.0,15.0,,,1.0,4.0,,,,1.0,5.0,,1.0,1.0,1.0,1.0,1.0,1.0,1.0,1.0,1.0,1.0,,,,,,,6,3,3,3,1,5,5,5,3,2,80.0,75.0,85.0,80.0,75.0,80.0,85.0,70.0,40.0,40.0,1,1,1,1,2,1,2,2,1,1,1,2,1,1,1,2,2,1,1,1,1,1,1,1,1,1,1,1,1,1,1,1,1,1,1,2,1,2,1,1
631,5,5,5,5,5,5,5,5,1,1,30.0,,,2.0,4.0,3.0,3.0,,,,,6.0,1.0,54.0,,1.0,,,,,5.0,5.0,6.0,,,,,15.0,,1.0,,5.0,,2.0,,5.0,,1.0,1.0,1.0,1.0,1.0,1.0,1.0,1.0,1.0,1.0,,,,,,,6,3,3,3,2,5,5,5,3,2,75.0,75.0,80.0,80.0,75.0,75.0,80.0,70.0,20.0,20.0,1,1,2,2,1,1,2,1,2,1,2,1,2,1,1,1,2,1,1,1,1,2,1,1,1,1,2,1,2,1,1,2,1,1,1,2,1,1,2,2
742,5,5,5,5,5,5,5,5,2,2,,30.0,6.0,,4.0,3.0,5.0,,,,,6.0,,,1.0,,2.0,,,,,,,4.0,5.0,5.0,15.0,,,1.0,,,3.0,1.0,,5.0,,,,,,,,,,,,1.0,1.0,1.0,1.0,1.0,1.0,6,3,3,3,1,5,6,6,3,2,80.0,75.0,85.0,80.0,75.0,80.0,85.0,70.0,30.0,30.0,1,2,2,1,1,2,2,1,1,2,1,2,1,2,1,1,2,1,2,1,1,2,1,1,1,2,2,1,1,1,1,2,2,2,1,1,2,1,1,1
1231,4,4,4,2,3,4,4,2,2,2,,30.0,,2.0,4.0,3.0,3.0,,,,6.0,,1.0,54.0,,1.0,,,,,,,,2.0,5.0,5.0,,15.0,,1.0,,4.0,,,1.0,,5.0,,,,,,,,,,,1.0,1.0,1.0,1.0,1.0,1.0,6,3,3,3,2,4,5,5,3,2,65.0,60.0,60.0,40.0,40.0,60.0,60.0,40.0,40.0,40.0,1,2,1,2,2,2,1,1,1,1,1,2,1,2,2,1,1,2,1,1,1,1,1,1,1,1,2,1,2,1,1,1,1,2,1,1,2,2,1,1
1342,4,4,4,4,4,4,4,4,2,3,,30.0,,2.0,,,,5.0,4.0,2.0,6.0,,,,1.0,,2.0,,,,,,,2.0,5.0,5.0,,15.0,,1.0,,,3.0,,1.0,5.0,,1.0,1.0,1.0,1.0,1.0,1.0,1.0,1.0,1.0,1.0,,,,,,,6,3,3,3,2,5,5,5,3,2,70.0,70.0,70.0,70.0,70.0,70.0,70.0,70.0,30.0,50.0,1,2,1,1,2,2,1,1,2,2,1,1,2,1,2,2,1,1,2,1,1,2,2,1,2,1,1,2,1,1,1,2,2,1,1,1,2,2,1,1
416,4,4,4,3,4,4,4,3,2,2,,30.0,,5.0,3.0,4.0,5.0,,,,6.0,,1.0,54.0,,,2.0,,,,2.0,5.0,5.0,,,,15.0,,1.0,,4.0,,,,1.0,,5.0,1.0,1.0,1.0,1.0,1.0,1.0,1.0,1.0,1.0,1.0,,,,,,,6,3,2,2,1,5,6,6,3,2,65.0,60.0,65.0,50.0,55.0,60.0,60.0,50.0,40.0,40.0,1,1,2,2,1,1,1,2,1,2,2,1,1,1,1,1,1,2,1,1,1,1,1,1,1,1,2,1,2,1,1,2,1,1,1,1,2,1,1,1
565,5,5,5,5,5,5,5,5,1,1,,30.0,,2.0,5.0,3.0,4.0,,,,,6.0,,,1.0,,2.0,,,,4.0,5.0,5.0,,,,15.0,,,1.0,,6.0,,,1.0,5.0,,,,,,,,,,,,1.0,1.0,1.0,1.0,1.0,1.0,6,3,3,3,3,5,6,6,3,2,80.0,75.0,85.0,80.0,75.0,80.0,85.0,70.0,20.0,15.0,1,2,1,1,1,2,2,1,1,2,2,1,1,1,1,2,1,1,1,2,1,2,2,1,2,1,2,1,1,2,2,1,1,1,1,2,1,1,1,2
379,4,4,5,4,4,4,5,4,2,2,,35.0,,2.0,,,,5.0,4.0,2.0,6.0,,,,1.0,1.0,,4.0,5.0,5.0,,,,,,,15.0,,,1.0,4.0,,,2.0,,5.0,,1.0,1.0,1.0,1.0,1.0,1.0,1.0,1.0,1.0,1.0,,,,,,,6,3,3,3,2,4,5,5,3,2,65.0,60.0,70.0,60.0,55.0,60.0,70.0,50.0,40.0,40.0,1,1,1,1,1,1,1,1,1,1,1,1,1,1,1,1,1,1,1,1,1,1,1,1,1,1,1,1,1,1,1,1,1,1,1,1,1,1,1,1
783,5,5,5,2,3,4,5,2,1,1,40.0,,,2.0,4.0,3.0,3.0,,,,,6.0,1.0,54.0,,,2.0,2.0,5.0,5.0,,,,,,,,15.0,1.0,,5.0,,,1.0,,,5.0,1.0,1.0,1.0,1.0,1.0,1.0,1.0,1.0,1.0,1.0,,,,,,,6,3,2,2,1,4,5,5,3,2,70.0,70.0,75.0,40.0,50.0,50.0,70.0,40.0,30.0,30.0,1,1,2,1,1,1,2,2,1,2,1,2,1,2,2,1,1,2,1,1,1,2,2,1,1,2,1,2,1,2,2,1,1,1,2,1,1,2,1,1
1016,5,5,5,4,4,5,5,4,2,3,,30.0,5.0,,4.0,4.0,3.0,,,,,6.0,,,1.0,1.0,,,,,5.0,5.0,6.0,,,,,15.0,1.0,,,4.0,,1.0,,5.0,,,,,,,,,,,,1.0,1.0,1.0,1.0,1.0,1.0,6,3,3,3,2,4,5,5,3,2,75.0,75.0,80.0,70.0,65.0,80.0,80.0,65.0,40.0,50.0,1,1,1,1,1,1,1,1,1,1,1,1,2,2,1,1,2,1,1,1,2,1,1,1,1,1,1,1,1,1,1,1,1,2,1,1,1,1,1,1
1165,5,5,5,4,4,5,5,4,2,3,,30.0,5.0,,,,,5.0,4.0,2.0,6.0,,,,1.0,1.0,,2.0,5.0,5.0,,,,,,,,15.0,,1.0,,,3.0,,1.0,5.0,,,,,,,,,,,,1.0,1.0,1.0,1.0,1.0,1.0,6,3,3,3,2,4,5,5,3,2,70.0,70.0,75.0,60.0,60.0,70.0,70.0,50.0,30.0,40.0,1,1,2,1,1,2,1,2,1,2,2,1,2,1,1,1,1,2,2,2,1,1,2,1,1,2,1,2,1,1,2,1,1,2,1,1,1,1,1,1
1779,5,5,5,4,4,5,5,4,2,2,,30.0,4.0,,,,,5.0,5.0,2.0,6.0,,1.0,54.0,,,2.0,,,,3.0,5.0,5.0,,,,18.0,,1.0,,,4.0,,,1.0,5.0,,,,,,,,,,,,1.0,1.0,1.0,1.0,1.0,1.0,6,3,3,3,1,3,5,5,3,2,70.0,70.0,75.0,60.0,60.0,70.0,70.0,55.0,40.0,40.0,1,1,1,2,1,2,1,1,2,1,1,1,2,1,2,2,1,1,2,1,2,1,1,1,2,1,1,2,1,1,2,2,1,1,2,1,1,1,1,2
1383,5,5,5,5,5,5,5,5,1,1,,30.0,4.0,,5.0,4.0,2.0,,,,,6.0,1.0,54.0,,,2.0,2.0,5.0,5.0,,,,,,,,15.0,1.0,,,,3.0,1.0,,,5.0,,,,,,,,,,,1.0,1.0,1.0,1.0,1.0,1.0,6,2,3,3,2,5,6,6,3,2,75.0,75.0,80.0,80.0,75.0,80.0,80.0,75.0,25.0,25.0,1,1,1,1,1,1,1,1,1,1,1,1,1,1,1,2,1,1,1,1,1,1,1,1,1,1,1,1,1,1,1,1,1,1,1,1,1,1,1,1
1917,5,5,5,5,5,5,5,4,2,2,30.0,,,2.0,,,,5.0,4.0,2.0,6.0,,1.0,54.0,,1.0,,4.0,5.0,5.0,,,,,,,,12.0,,1.0,4.0,,,2.0,,5.0,,,,,,,,,,,,1.0,1.0,1.0,1.0,1.0,1.0,6,3,3,3,1,4,5,5,3,2,80.0,75.0,85.0,80.0,75.0,80.0,85.0,70.0,40.0,40.0,1,1,1,1,1,1,1,1,1,1,1,1,1,1,1,1,1,1,1,1,1,1,1,1,1,1,1,1,1,1,1,1,1,1,1,1,1,1,1,1
1864,5,5,5,4,4,5,5,4,2,3,30.0,,,2.0,4.0,3.0,5.0,,,,,6.0,,,1.0,,2.0,,,,,,,2.0,5.0,5.0,,15.0,1.0,,4.0,,,,1.0,5.0,,1.0,1.0,1.0,1.0,1.0,1.0,1.0,1.0,1.0,1.0,,,,,,,6,3,3,3,2,5,6,6,3,2,75.0,70.0,80.0,60.0,55.0,70.0,65.0,50.0,40.0,45.0,1,1,1,1,1,1,1,1,1,1,1,1,1,1,1,1,1,1,1,1,1,1,1,1,1,1,1,1,1,1,1,1,1,1,1,1,1,1,1,1
926,4,4,4,2,3,4,4,2,2,2,40.0,,,3.0,,,,4.0,4.0,2.0,,6.0,,,1.0,1.0,,,,,4.0,5.0,5.0,,,,15.0,,,2.0,,5.0,,,1.0,,5.0,1.0,1.0,1.0,1.0,1.0,1.0,1.0,1.0,1.0,1.0,,,,,,,6,3,2,2,2,5,6,6,3,2,65.0,60.0,70.0,40.0,50.0,55.0,60.0,30.0,35.0,30.0,2,2,1,2,2,1,1,2,1,1,2,1,2,2,2,1,1,2,1,1,2,1,1,1,2,1,1,2,2,1,2,1,2,2,1,2,2,2,2,1
855,5,5,5,5,5,5,5,5,1,1,,30.0,,2.0,3.0,3.0,2.0,,,,,6.0,1.0,54.0,,,2.0,,,,4.0,5.0,6.0,,,,,15.0,,2.0,4.0,,,,1.0,,5.0,1.0,1.0,1.0,1.0,1.0,1.0,1.0,1.0,1.0,1.0,,,,,,,6,3,2,2,2,5,6,6,3,2,75.0,70.0,80.0,70.0,65.0,70.0,75.0,60.0,40.0,40.0,2,2,2,1,2,2,1,1,2,2,2,2,1,2,1,2,1,1,2,1,2,2,2,1,1,1,1,2,2,2,2,1,1,1,2,2,2,2,2,2
748,5,5,5,5,5,5,5,5,1,1,,30.0,,2.0,4.0,4.0,3.0,,,,6.0,,1.0,54.0,,,2.0,,,,,,,5.0,5.0,5.0,,15.0,1.0,,,4.0,,,1.0,,5.0,,,,,,,,,,,1.0,1.0,1.0,1.0,1.0,1.0,6,3,3,3,3,5,5,5,3,2,75.0,75.0,80.0,75.0,75.0,80.0,75.0,75.0,20.0,20.0,1,2,1,1,1,1,2,1,1,1,2,1,1,1,2,1,1,2,1,1,1,1,2,1,2,1,1,1,1,1,1,1,2,2,1,1,1,2,1,1
154,5,5,5,2,4,4,5,2,2,3,40.0,,2.0,,,,,5.0,4.0,2.0,6.0,,1.0,54.0,,1.0,,2.0,5.0,5.0,,,,,,,,12.0,,1.0,4.0,,,2.0,,,5.0,,,,,,,,,,,1.0,1.0,1.0,1.0,1.0,1.0,6,3,3,3,2,5,6,6,3,2,70.0,65.0,75.0,40.0,50.0,55.0,70.0,30.0,25.0,40.0,1,1,1,1,1,1,2,2,1,1,2,1,1,1,1,1,1,1,1,1,1,1,1,1,1,1,2,1,1,1,1,1,1,1,1,1,1,2,1,2
1348,5,5,5,5,5,5,5,5,1,1,30.0,,,2.0,,,,6.0,5.0,2.0,,6.0,1.0,54.0,,,2.0,4.0,5.0,5.0,,,,,,,,15.0,1.0,,,4.0,,,1.0,5.0,,,,,,,,,,,,1.0,1.0,1.0,1.0,1.0,1.0,6,3,3,3,2,4,5,5,3,2,80.0,75.0,85.0,80.0,75.0,80.0,85.0,70.0,20.0,20.0,2,1,1,2,1,2,1,2,2,1,1,2,1,1,2,1,2,1,2,1,1,2,1,1,2,1,1,2,2,2,1,2,1,1,1,2,1,1,2,1
1427,5,5,5,5,5,5,5,5,2,2,,30.0,6.0,,3.0,4.0,5.0,,,,,6.0,1.0,54.0,,,2.0,,,,4.0,5.0,5.0,,,,15.0,,,1.0,,4.0,,,1.0,,6.0,1.0,1.0,1.0,1.0,1.0,1.0,1.0,1.0,1.0,1.0,,,,,,,6,3,2,3,2,5,6,5,3,2,70.0,65.0,70.0,75.0,70.0,70.0,75.0,60.0,40.0,40.0,2,2,1,2,2,1,1,2,2,2,1,1,2,2,1,2,2,2,1,1,2,2,2,1,1,2,1,2,2,1,2,2,1,2,2,2,1,2,2,1
1554,4,4,4,4,4,4,4,4,2,2,35.0,,,2.0,5.0,4.0,2.0,,,,6.0,,1.0,15.0,,,2.0,4.0,4.0,5.0,,,,,,,,15.0,1.0,,3.0,,,,1.0,,5.0,1.0,1.0,1.0,1.0,1.0,1.0,1.0,1.0,1.0,1.0,,,,,,,6,3,3,3,2,4,5,5,3,2,70.0,70.0,70.0,70.0,70.0,70.0,70.0,70.0,30.0,30.0,1,1,1,2,1,2,2,1,1,2,1,1,2,2,1,1,1,1,1,2,1,2,2,1,2,1,1,1,1,1,1,1,2,1,2,1,1,1,1,1
894,4,4,4,4,4,4,4,4,2,2,35.0,,,2.0,4.0,3.0,3.0,,,,6.0,,,,1.0,1.0,,2.0,5.0,5.0,,,,,,,,15.0,,1.0,,,3.0,,1.0,5.0,,1.0,1.0,1.0,1.0,1.0,1.0,1.0,1.0,1.0,1.0,,,,,,,6,3,3,3,1,5,6,6,3,2,65.0,65.0,65.0,65.0,65.0,65.0,65.0,65.0,35.0,35.0,2,1,2,1,1,2,1,2,2,1,2,1,2,2,1,2,2,2,2,1,2,1,1,1,1,1,1,2,1,2,2,2,2,1,2,1,2,1,2,2
195,5,5,5,5,5,5,5,5,2,2,30.0,,,2.0,5.0,4.0,3.0,,,,,6.0,,,1.0,1.0,,,,,5.0,5.0,5.0,,,,,15.0,1.0,,4.0,,,,1.0,,5.0,,,,,,,,,,,1.0,1.0,1.0,1.0,1.0,1.0,6,3,2,3,1,3,5,5,4,2,80.0,75.0,85.0,70.0,65.0,75.0,80.0,70.0,40.0,45.0,2,1,1,2,1,2,1,2,1,2,1,1,2,2,1,1,2,1,1,2,1,1,1,1,1,1,1,1,2,1,1,2,1,1,2,2,1,1,1,2
200,4,4,4,1,2,1,4,1,4,1,30.0,,2.0,,3.0,4.0,2.0,,,,6.0,,1.0,54.0,,1.0,,2.0,5.0,5.0,,,,,,,,15.0,1.0,,,,3.0,,1.0,,5.0,,,,,,,,,,,1.0,1.0,1.0,1.0,1.0,1.0,6,3,2,3,2,4,5,5,3,2,65.0,60.0,65.0,20.0,30.0,20.0,60.0,20.0,60.0,20.0,1,2,1,2,1,1,2,1,1,2,1,1,1,1,1,1,2,2,1,1,1,1,1,1,1,1,1,1,1,1,1,1,1,1,1,1,1,2,1,1
789,4,4,4,2,3,4,4,3,2,2,,30.0,,2.0,,,,5.0,4.0,2.0,,6.0,,,1.0,,2.0,,,,4.0,5.0,5.0,,,,,15.0,,1.0,,4.0,,1.0,,,5.0,,,,,,,,,,,1.0,1.0,1.0,1.0,1.0,1.0,6,3,2,3,1,4,5,5,3,2,60.0,55.0,60.0,30.0,40.0,50.0,55.0,35.0,25.0,25.0,2,1,2,1,1,1,1,2,2,2,1,1,2,2,1,1,2,2,1,1,2,1,1,1,2,1,2,2,1,2,1,1,1,2,1,2,1,1,2,1
373,5,5,5,5,5,5,5,5,2,2,30.0,,,4.0,,,,5.0,4.0,2.0,6.0,,,,1.0,1.0,,,,,1.0,5.0,5.0,,,,,15.0,1.0,,,6.0,,1.0,,,6.0,1.0,1.0,1.0,1.0,1.0,1.0,1.0,1.0,1.0,1.0,,,,,,,6,3,3,3,2,4,5,5,3,2,70.0,70.0,75.0,70.0,70.0,70.0,70.0,60.0,40.0,40.0,1,2,2,2,2,1,2,2,2,2,2,2,2,2,1,2,2,2,2,1,2,2,1,2,1,2,2,2,2,1,2,1,1,2,1,2,2,1,1,1
1595,5,5,5,5,5,5,5,5,1,1,,30.0,5.0,,4.0,4.0,5.0,,,,,6.0,1.0,54.0,,1.0,,4.0,5.0,5.0,,,,,,,18.0,,,1.0,,,2.0,,1.0,,5.0,,,,,,,,,,,1.0,1.0,1.0,1.0,1.0,1.0,6,3,2,3,2,5,6,5,3,2,75.0,75.0,80.0,80.0,75.0,80.0,80.0,70.0,30.0,30.0,1,1,1,1,1,1,1,1,1,1,1,1,1,1,1,1,1,1,1,1,1,1,1,1,1,1,1,1,1,1,1,1,1,1,1,1,1,1,1,1
1600,5,5,5,5,5,5,5,5,1,1,,30.0,,6.0,3.0,3.0,3.0,,,,6.0,,1.0,54.0,,1.0,,5.0,5.0,6.0,,,,,,,15.0,,,1.0,,4.0,,,1.0,,5.0,,,,,,,,,,,1.0,1.0,1.0,1.0,1.0,1.0,6,2,3,3,1,3,5,5,3,2,85.0,80.0,85.0,90.0,85.0,90.0,90.0,80.0,20.0,20.0,1,1,2,2,1,2,2,1,1,1,2,1,2,2,1,2,1,1,1,2,2,1,1,2,1,2,2,1,2,1,2,2,1,1,2,1,1,1,2,2
1389,5,5,5,5,5,5,5,5,1,1,30.0,,,5.0,3.0,3.0,5.0,,,,,6.0,1.0,54.0,,1.0,,,,,5.0,5.0,6.0,,,,,15.0,1.0,,4.0,,,,1.0,6.0,,1.0,1.0,1.0,1.0,1.0,1.0,1.0,1.0,1.0,1.0,,,,,,,6,3,2,2,2,5,6,6,3,2,75.0,75.0,80.0,85.0,80.0,85.0,90.0,80.0,20.0,20.0,2,1,2,1,1,2,2,1,1,1,2,2,2,2,1,2,1,1,1,2,2,2,1,2,2,1,2,1,1,2,1,2,2,1,2,2,2,1,2,1
1773,4,4,4,4,4,4,4,4,2,2,,30.0,,2.0,,,,5.0,3.0,2.0,6.0,,,,1.0,,2.0,2.0,5.0,5.0,,,,,,,,15.0,1.0,,4.0,,,,1.0,,5.0,1.0,1.0,1.0,1.0,1.0,1.0,1.0,1.0,1.0,1.0,,,,,,,6,3,3,3,2,3,5,5,3,2,65.0,65.0,65.0,65.0,65.0,65.0,65.0,65.0,35.0,35.0,1,1,2,1,1,1,1,2,2,2,1,1,1,1,1,2,2,1,1,1,1,1,1,1,1,1,2,1,2,2,1,1,1,1,2,2,1,1,1,1
1968,5,5,5,5,5,5,5,4,2,2,,30.0,6.0,,3.0,4.0,5.0,,,,6.0,,1.0,54.0,,,2.0,4.0,5.0,5.0,,,,,,,15.0,,1.0,,,3.0,,,1.0,5.0,,,,,,,,,,,,1.0,1.0,1.0,1.0,1.0,1.0,6,3,3,3,1,3,5,5,3,2,80.0,75.0,85.0,80.0,75.0,80.0,85.0,60.0,40.0,40.0,1,2,1,1,2,2,1,1,1,1,2,1,1,2,2,1,1,1,1,2,1,2,1,1,1,2,1,2,1,1,2,1,2,2,1,1,2,2,1,2
77,5,4,5,5,5,5,5,5,2,2,,30.0,,5.0,,,,6.0,5.0,2.0,6.0,,1.0,54.0,,1.0,,,,,,,,4.0,5.0,5.0,,15.0,1.0,,,,3.0,,1.0,,5.0,,,,,,,,,,,1.0,1.0,1.0,1.0,1.0,1.0,6,3,3,3,3,5,5,5,3,2,70.0,60.0,75.0,80.0,75.0,80.0,85.0,75.0,40.0,40.0,1,2,2,1,2,1,2,1,2,1,1,2,1,2,2,1,2,2,1,1,2,1,1,2,1,1,1,2,2,1,2,2,1,1,2,1,2,2,1,1
992,5,5,5,5,5,5,5,5,1,1,30.0,,5.0,,,,,5.0,4.0,2.0,6.0,,,,1.0,,2.0,4.0,5.0,6.0,,,,,,,,15.0,1.0,,5.0,,,,1.0,6.0,,,,,,,,,,,,1.0,1.0,1.0,1.0,1.0,1.0,6,3,3,3,3,5,5,5,4,2,75.0,70.0,80.0,85.0,80.0,75.0,80.0,70.0,30.0,30.0,1,1,1,1,1,2,2,2,1,1,2,2,1,1,1,1,1,1,1,1,1,1,1,1,1,1,1,1,1,1,1,1,1,1,2,1,2,1,1,1
2006,4,4,4,2,3,4,4,2,2,2,35.0,,2.0,,,,,4.0,5.0,2.0,,6.0,1.0,54.0,,,2.0,,,,,,,2.0,5.0,5.0,3.0,,,2.0,,,3.0,,1.0,5.0,,1.0,1.0,1.0,1.0,1.0,1.0,1.0,1.0,1.0,1.0,,,,,,,6,3,2,2,1,3,5,5,3,1,65.0,65.0,65.0,40.0,40.0,50.0,50.0,30.0,30.0,30.0,1,2,1,1,1,1,1,1,1,1,1,1,1,1,1,1,1,1,1,1,1,1,1,1,1,1,1,1,1,1,2,1,1,1,1,1,1,1,1,1
275,5,5,5,5,5,5,5,5,2,2,30.0,,,2.0,5.0,3.0,3.0,,,,,6.0,1.0,54.0,,1.0,,2.0,5.0,5.0,,,,,,,,15.0,,1.0,,5.0,,,1.0,,5.0,1.0,1.0,1.0,1.0,1.0,1.0,1.0,1.0,1.0,1.0,,,,,,,6,3,3,3,2,4,5,5,3,1,85.0,80.0,85.0,90.0,85.0,90.0,90.0,85.0,30.0,30.0,1,1,2,1,2,2,2,1,1,2,2,1,2,1,2,1,2,1,1,2,2,2,1,2,2,2,1,2,2,2,1,2,2,1,2,1,2,2,1,1
306,5,5,5,5,5,5,5,5,2,2,,30.0,4.0,,4.0,3.0,5.0,,,,,6.0,,,1.0,,2.0,3.0,5.0,5.0,,,,,,,15.0,,,1.0,,,3.0,,1.0,,5.0,1.0,1.0,1.0,1.0,1.0,1.0,1.0,1.0,1.0,1.0,,,,,,,6,3,3,3,1,4,6,6,3,2,80.0,75.0,85.0,80.0,75.0,80.0,85.0,70.0,40.0,40.0,2,2,2,1,2,2,2,1,1,2,2,2,2,2,2,2,2,2,2,2,2,2,2,2,2,2,2,2,1,1,2,2,2,2,2,2,2,2,2,2
469,4,4,4,2,3,4,4,2,2,2,35.0,,,2.0,,,,5.0,4.0,2.0,,6.0,,,1.0,1.0,,4.0,4.0,5.0,,,,,,,15.0,,1.0,,,5.0,,2.0,,5.0,,1.0,1.0,1.0,1.0,1.0,1.0,1.0,1.0,1.0,1.0,,,,,,,6,3,3,3,1,3,5,5,3,2,65.0,60.0,70.0,40.0,50.0,60.0,70.0,40.0,30.0,30.0,1,1,1,1,1,1,1,1,1,1,1,1,1,1,1,1,1,1,1,1,1,1,1,1,1,1,1,1,1,1,1,1,1,1,1,1,1,1,1,1
1675,5,5,5,5,5,5,5,5,1,1,30.0,,5.0,,4.0,4.0,2.0,,,,,6.0,1.0,54.0,,1.0,,4.0,5.0,5.0,,,,,,,15.0,,1.0,,,,3.0,2.0,,5.0,,,,,,,,,,,,1.0,1.0,1.0,1.0,1.0,1.0,6,3,3,3,2,4,6,6,4,2,85.0,85.0,85.0,85.0,85.0,85.0,85.0,85.0,15.0,15.0,1,1,1,1,1,2,2,1,1,1,2,2,1,1,1,1,1,2,2,1,1,1,1,1,1,1,1,1,1,1,1,1,1,1,1,1,1,2,1,1
1706,5,4,5,2,3,5,5,2,2,2,,30.0,,2.0,,,,5.0,4.0,2.0,,6.0,,,1.0,1.0,,2.0,5.0,5.0,,,,,,,15.0,,,1.0,,4.0,,,1.0,,5.0,1.0,1.0,1.0,1.0,1.0,1.0,1.0,1.0,1.0,1.0,,,,,,,6,3,2,2,2,4,5,5,3,2,70.0,60.0,75.0,30.0,40.0,70.0,70.0,30.0,30.0,30.0,1,1,1,2,1,2,1,2,1,1,2,2,1,1,1,1,1,1,1,1,1,1,1,1,2,1,1,1,1,1,1,1,1,1,1,1,1,1,1,1
1493,5,5,5,5,5,5,5,5,2,2,30.0,,6.0,,,,,4.0,5.0,2.0,6.0,,,,1.0,,2.0,4.0,5.0,6.0,,,,,,,15.0,,,1.0,4.0,,,,1.0,5.0,,,,,,,,,,,,1.0,1.0,1.0,1.0,1.0,1.0,6,3,2,2,1,4,5,5,3,2,85.0,80.0,85.0,80.0,75.0,80.0,85.0,70.0,40.0,40.0,1,1,1,1,1,2,1,1,2,1,1,1,1,1,1,2,1,1,1,1,2,1,1,2,1,1,1,1,1,2,1,2,1,1,1,1,2,1,1,1
1069,5,5,5,4,4,5,5,4,1,2,,30.0,,2.0,5.0,4.0,3.0,,,,,6.0,,,1.0,,2.0,,,,,,,4.0,5.0,5.0,8.0,,,2.0,4.0,,,1.0,,,5.0,,,,,,,,,,,1.0,1.0,1.0,1.0,1.0,1.0,6,3,3,3,2,4,5,5,3,2,75.0,70.0,80.0,50.0,50.0,75.0,80.0,60.0,20.0,30.0,1,2,1,1,2,2,1,1,1,1,1,2,1,2,1,2,2,1,1,1,1,1,1,1,1,1,1,1,1,1,1,1,2,1,2,1,1,1,1,1
953,4,4,4,2,3,4,4,2,3,2,40.0,,,2.0,,,,5.0,4.0,2.0,,6.0,,,1.0,1.0,,2.0,5.0,5.0,,,,,,,15.0,,1.0,,4.0,,,,1.0,5.0,,,,,,,,,,,,1.0,1.0,1.0,1.0,1.0,1.0,6,2,3,3,2,5,6,6,3,2,60.0,55.0,55.0,30.0,40.0,50.0,50.0,30.0,40.0,30.0,1,2,1,1,1,1,1,1,1,1,1,1,1,1,1,1,1,1,1,1,1,1,1,1,1,1,1,1,1,2,2,1,2,1,2,1,2,1,2,1
820,5,5,5,5,5,5,5,5,1,1,30.0,,,2.0,4.0,4.0,3.0,,,,6.0,,,,1.0,1.0,,4.0,5.0,5.0,,,,,,,5.0,,1.0,,,4.0,,2.0,,5.0,,1.0,1.0,1.0,1.0,1.0,1.0,1.0,1.0,1.0,1.0,,,,,,,6,3,3,3,2,3,5,5,3,2,75.0,75.0,80.0,80.0,75.0,80.0,80.0,75.0,20.0,20.0,1,2,2,1,2,1,2,1,1,1,1,1,2,1,1,1,1,2,2,1,1,1,1,1,1,1,1,1,1,1,1,1,1,1,1,1,1,1,1,1
121,4,4,4,2,3,4,4,2,2,2,,30.0,,2.0,5.0,4.0,3.0,,,,,6.0,1.0,54.0,,,2.0,,,,,,,2.0,5.0,5.0,,15.0,1.0,,4.0,,,1.0,,5.0,,,,,,,,,,,,1.0,1.0,1.0,1.0,1.0,1.0,6,3,3,3,2,5,6,6,3,2,60.0,55.0,60.0,30.0,40.0,50.0,50.0,30.0,30.0,30.0,2,1,1,2,2,2,1,2,1,1,2,2,1,2,2,2,1,2,2,1,2,1,2,2,1,2,1,1,2,1,2,2,2,1,2,1,2,2,2,2
1452,5,5,5,5,5,5,5,5,1,1,35.0,,4.0,,4.0,4.0,2.0,,,,6.0,,,,1.0,,2.0,,,,,,,5.0,5.0,6.0,,15.0,,1.0,,7.0,,,1.0,5.0,,,,,,,,,,,,1.0,1.0,1.0,1.0,1.0,1.0,7,3,3,3,1,3,5,5,3,2,75.0,70.0,80.0,85.0,80.0,75.0,85.0,70.0,40.0,40.0,1,1,1,1,1,1,1,1,1,1,1,1,1,1,1,1,1,1,1,1,1,1,1,1,1,1,1,1,1,1,1,1,1,1,1,1,1,1,1,1
1521,5,5,5,5,5,5,5,5,1,1,,30.0,,5.0,4.0,3.0,2.0,,,,,6.0,1.0,54.0,,1.0,,,,,5.0,5.0,6.0,,,,,15.0,,1.0,,5.0,,1.0,,,6.0,,,,,,,,,,,1.0,1.0,1.0,1.0,1.0,1.0,6,3,3,3,3,4,5,5,3,2,75.0,70.0,80.0,85.0,80.0,85.0,90.0,80.0,20.0,20.0,1,1,1,1,1,1,1,1,1,1,1,1,2,2,1,1,1,1,2,1,1,1,1,1,2,1,1,1,2,1,1,1,1,1,1,1,1,1,1,1
46,5,4,5,4,4,5,5,4,2,2,35.0,,5.0,,,,,5.0,4.0,2.0,6.0,,1.0,54.0,,,2.0,4.0,5.0,5.0,,,,,,,,15.0,,1.0,,4.0,,,1.0,5.0,,1.0,1.0,1.0,1.0,1.0,1.0,1.0,1.0,1.0,1.0,,,,,,,6,3,3,3,1,3,5,5,3,2,75.0,70.0,80.0,65.0,60.0,75.0,80.0,55.0,40.0,40.0,1,1,1,1,1,1,1,1,1,1,1,1,1,1,1,1,1,1,1,1,1,1,1,1,1,1,1,1,1,1,1,1,1,1,1,1,1,1,1,1
2037,4,4,4,3,3,4,4,2,2,2,,30.0,,2.0,,,,5.0,4.0,2.0,,6.0,,,1.0,,2.0,2.0,5.0,5.0,,,,,,,,10.0,,1.0,5.0,,,,1.0,,5.0,1.0,1.0,1.0,1.0,1.0,1.0,1.0,1.0,1.0,1.0,,,,,,,6,3,2,2,2,4,5,5,3,2,65.0,60.0,60.0,50.0,50.0,60.0,60.0,40.0,40.0,40.0,1,2,1,2,1,1,2,2,1,1,1,1,1,1,2,1,1,1,1,2,1,1,1,1,2,2,2,1,2,1,1,2,2,1,1,1,2,1,1,1
1959,5,5,5,5,5,5,5,5,1,1,,30.0,,2.0,4.0,4.0,3.0,,,,,6.0,1.0,54.0,,1.0,,,,,,,,5.0,5.0,6.0,10.0,,1.0,,,,3.0,2.0,,,6.0,,,,,,,,,,,1.0,1.0,1.0,1.0,1.0,1.0,6,3,2,3,2,5,6,5,4,2,75.0,75.0,80.0,85.0,80.0,80.0,85.0,80.0,20.0,20.0,1,1,1,2,1,1,1,1,2,2,1,1,1,2,1,1,1,1,2,1,1,2,1,2,1,1,1,1,1,1,1,1,1,1,1,1,1,1,2,1
1644,5,5,5,5,5,5,5,5,1,1,,20.0,6.0,,,,,5.0,4.0,2.0,,6.0,,,1.0,1.0,,2.0,5.0,5.0,,,,,,,15.0,,,1.0,,,3.0,,1.0,5.0,,,,,,,,,,,,1.0,1.0,1.0,1.0,1.0,1.0,6,3,3,3,2,4,5,5,4,2,80.0,75.0,85.0,80.0,75.0,80.0,85.0,70.0,20.0,20.0,1,1,1,1,2,2,1,1,1,1,1,1,1,1,1,1,1,1,1,1,1,1,1,1,1,1,1,1,1,1,1,1,1,1,1,1,1,1,1,1
1737,5,5,5,5,5,5,5,5,1,1,,30.0,5.0,,,,,4.0,4.0,2.0,6.0,,,,1.0,1.0,,4.0,5.0,5.0,,,,,,,15.0,,1.0,,,,3.0,2.0,,,5.0,1.0,1.0,1.0,1.0,1.0,1.0,1.0,1.0,1.0,1.0,,,,,,,6,3,3,3,2,5,6,6,3,2,75.0,75.0,80.0,85.0,80.0,85.0,85.0,80.0,20.0,20.0,1,1,2,1,1,2,2,1,1,1,2,2,1,1,1,2,1,1,2,2,1,1,2,1,2,2,1,1,1,2,1,1,1,2,1,1,1,2,1,1
1058,5,5,5,5,5,5,5,5,1,1,30.0,,5.0,,3.0,4.0,2.0,,,,6.0,,,,1.0,1.0,,,,,,,,5.0,5.0,6.0,15.0,,,1.0,,4.0,,,1.0,5.0,,,,,,,,,,,,1.0,1.0,1.0,1.0,1.0,1.0,6,3,3,3,3,5,5,5,3,2,75.0,75.0,80.0,80.0,75.0,80.0,80.0,75.0,25.0,25.0,1,1,2,1,2,1,2,1,1,1,2,1,1,1,2,2,1,1,1,2,1,1,2,1,1,1,2,2,1,2,1,2,1,1,1,2,1,1,1,2
244,5,5,5,5,5,5,5,5,1,1,40.0,,5.0,,,,,4.0,4.0,2.0,6.0,,,,1.0,,2.0,,,,,,,4.0,5.0,6.0,,15.0,,1.0,5.0,,,2.0,,5.0,,,,,,,,,,,,1.0,1.0,1.0,1.0,1.0,1.0,6,3,3,3,3,5,6,6,3,2,75.0,70.0,80.0,70.0,65.0,70.0,75.0,60.0,40.0,40.0,1,1,2,1,2,1,2,1,2,1,1,1,2,2,1,1,1,2,2,1,1,1,1,1,1,1,1,2,1,2,1,1,2,1,1,1,2,1,1,1
337,4,4,4,3,4,4,4,3,2,2,40.0,,4.0,,3.0,3.0,3.0,,,,6.0,,1.0,15.0,,1.0,,,,,,,,4.0,5.0,5.0,5.0,,,2.0,,,3.0,2.0,,,5.0,1.0,1.0,1.0,1.0,1.0,1.0,1.0,1.0,1.0,1.0,,,,,,,6,3,3,3,1,3,3,3,3,2,65.0,65.0,65.0,50.0,50.0,50.0,50.0,40.0,40.0,40.0,1,1,2,1,2,1,2,1,1,1,1,2,1,1,2,1,1,2,2,1,1,1,1,2,1,1,1,2,2,1,1,2,1,1,1,1,1,2,1,1
458,4,4,5,5,5,5,5,4,2,2,,30.0,,2.0,4.0,3.0,2.0,,,,,6.0,,,1.0,1.0,,,,,4.0,5.0,5.0,,,,15.0,,1.0,,4.0,,,1.0,,5.0,,1.0,1.0,1.0,1.0,1.0,1.0,1.0,1.0,1.0,1.0,,,,,,,6,3,2,2,2,5,6,6,3,2,65.0,65.0,75.0,70.0,70.0,75.0,80.0,60.0,40.0,40.0,2,1,1,2,1,1,1,2,2,1,2,1,1,2,2,1,2,2,1,1,1,1,1,1,1,2,1,2,1,1,1,1,1,2,2,1,2,1,2,1
962,5,5,5,5,5,5,5,5,1,1,,30.0,5.0,,4.0,4.0,5.0,,,,,6.0,,,1.0,1.0,,,,,,,,4.0,5.0,6.0,,15.0,1.0,,,4.0,,,1.0,5.0,,,,,,,,,,,,1.0,1.0,1.0,1.0,1.0,1.0,6,3,3,3,2,5,5,5,3,2,75.0,75.0,80.0,80.0,75.0,80.0,80.0,75.0,20.0,20.0,1,1,1,1,1,1,1,1,2,1,1,2,1,1,1,1,1,2,1,2,2,1,1,1,1,1,2,1,2,2,1,1,1,1,1,1,1,1,1,1
87,5,5,5,5,5,5,5,4,2,2,,30.0,,2.0,3.0,3.0,5.0,,,,,6.0,,,1.0,1.0,,2.0,5.0,5.0,,,,,,,,5.0,,2.0,4.0,,,2.0,,,5.0,1.0,1.0,1.0,1.0,1.0,1.0,1.0,1.0,1.0,1.0,,,,,,,6,3,2,2,1,5,6,6,3,2,75.0,70.0,80.0,85.0,80.0,75.0,80.0,60.0,40.0,40.0,2,1,2,1,1,2,2,2,1,2,1,1,2,1,1,1,1,2,2,2,1,1,1,1,1,1,1,1,1,1,1,1,1,1,1,1,1,1,1,1
811,4,4,4,4,4,4,4,4,2,2,,30.0,,2.0,5.0,4.0,3.0,,,,,6.0,1.0,20.0,,1.0,,3.0,4.0,5.0,,,,,,,15.0,,1.0,,,,3.0,,1.0,5.0,,,,,,,,,,,,1.0,1.0,1.0,1.0,1.0,1.0,6,3,3,3,2,4,4,4,3,2,65.0,65.0,65.0,65.0,65.0,65.0,65.0,65.0,35.0,35.0,1,1,2,2,2,1,1,1,1,2,2,1,1,2,2,1,1,1,1,1,1,1,1,2,2,1,1,1,1,1,2,1,2,1,2,1,1,2,1,2
1998,5,5,5,5,5,5,5,5,1,1,,30.0,5.0,,4.0,4.0,3.0,,,,,6.0,1.0,54.0,,,2.0,2.0,5.0,5.0,,,,,,,5.0,,,1.0,,,3.0,1.0,,,5.0,,,,,,,,,,,1.0,1.0,1.0,1.0,1.0,1.0,6,3,3,3,1,4,5,5,4,2,75.0,75.0,80.0,85.0,80.0,85.0,85.0,80.0,20.0,20.0,1,2,1,1,2,1,2,1,2,1,2,2,1,1,1,1,1,1,1,1,1,1,1,1,1,2,1,1,1,2,1,1,1,1,1,1,1,1,1,1
1463,5,5,5,5,5,5,5,5,1,1,,30.0,,2.0,,,,4.0,4.0,2.0,6.0,,1.0,54.0,,,2.0,,,,5.0,5.0,6.0,,,,15.0,,1.0,,4.0,,,,1.0,,5.0,,,,,,,,,,,1.0,1.0,1.0,1.0,1.0,1.0,6,3,3,3,3,5,6,6,3,2,80.0,80.0,85.0,85.0,80.0,85.0,85.0,80.0,20.0,20.0,1,2,1,1,1,1,2,1,1,1,1,1,1,1,1,1,1,1,1,1,1,1,1,1,2,2,1,1,1,1,1,1,1,1,2,1,1,1,1,1
1510,5,5,5,5,5,5,5,4,2,2,30.0,,4.0,,4.0,4.0,3.0,,,,,6.0,1.0,54.0,,1.0,,,,,2.0,5.0,5.0,,,,15.0,,,1.0,,7.0,,1.0,,,6.0,1.0,1.0,1.0,1.0,1.0,1.0,1.0,1.0,1.0,1.0,,,,,,,6,3,3,3,2,4,5,5,3,2,75.0,70.0,80.0,70.0,65.0,70.0,75.0,60.0,40.0,40.0,1,1,1,1,1,1,1,2,1,1,2,2,1,1,2,1,2,1,1,1,1,1,1,1,2,1,1,2,1,1,1,1,1,2,1,1,2,1,1,1
1099,5,5,5,5,5,5,5,5,2,2,,30.0,5.0,,3.0,4.0,5.0,,,,6.0,,1.0,54.0,,,2.0,4.0,5.0,5.0,,,,,,,18.0,,,1.0,,6.0,,2.0,,,5.0,,,,,,,,,,,1.0,1.0,1.0,1.0,1.0,1.0,6,3,2,2,1,4,5,5,3,2,75.0,70.0,80.0,85.0,80.0,75.0,80.0,70.0,40.0,40.0,1,1,1,1,1,1,1,1,1,1,1,1,1,1,1,1,2,1,1,1,1,1,1,1,1,1,1,1,1,1,1,1,1,1,1,1,1,1,1,1
1685,5,5,5,5,5,5,5,4,2,2,30.0,,,5.0,,,,5.0,4.0,2.0,6.0,,,,1.0,1.0,,4.0,5.0,5.0,,,,,,,15.0,,,1.0,4.0,,,,1.0,,5.0,,,,,,,,,,,1.0,1.0,1.0,1.0,1.0,1.0,6,3,3,3,1,3,5,5,3,2,80.0,75.0,85.0,70.0,65.0,70.0,75.0,60.0,40.0,40.0,2,1,1,1,1,1,1,1,1,1,1,2,1,2,1,2,2,1,2,2,1,1,1,1,2,2,1,1,1,2,2,1,1,2,1,2,1,1,1,1
110,2,4,4,1,2,2,4,1,4,1,,30.0,2.0,,4.0,3.0,2.0,,,,,6.0,1.0,54.0,,,2.0,,,,2.0,5.0,5.0,,,,,15.0,,2.0,,6.0,,1.0,,,5.0,1.0,1.0,1.0,1.0,1.0,1.0,1.0,1.0,1.0,1.0,,,,,,,6,3,2,2,2,5,6,6,3,2,55.0,60.0,60.0,20.0,25.0,30.0,40.0,15.0,20.0,10.0,1,2,1,2,2,1,2,1,1,1,1,2,2,1,1,1,2,2,1,2,2,1,1,1,1,2,1,2,1,2,2,1,2,2,1,2,2,1,1,2
499,5,5,5,5,5,5,5,5,2,2,30.0,,5.0,,,,,4.0,4.0,2.0,6.0,,1.0,54.0,,1.0,,4.0,5.0,5.0,,,,,,,,15.0,1.0,,5.0,,,1.0,,,5.0,,,,,,,,,,,1.0,1.0,1.0,1.0,1.0,1.0,6,3,3,3,3,5,5,5,4,2,75.0,70.0,80.0,75.0,70.0,75.0,80.0,70.0,40.0,40.0,2,1,1,1,1,1,1,1,1,1,1,1,1,1,1,1,1,1,1,1,1,1,1,1,1,1,1,1,1,1,1,1,1,1,1,1,1,1,1,1
285,5,5,5,4,4,5,5,4,2,2,40.0,,5.0,,,,,4.0,4.0,2.0,6.0,,1.0,54.0,,,2.0,,,,,,,4.0,5.0,5.0,15.0,,,1.0,5.0,,,1.0,,,5.0,,,,,,,,,,,1.0,1.0,1.0,1.0,1.0,1.0,6,3,2,2,2,4,5,5,3,2,75.0,70.0,80.0,60.0,55.0,70.0,75.0,60.0,40.0,40.0,2,2,1,1,1,2,2,1,1,1,1,2,2,1,2,1,1,1,2,1,1,2,1,2,1,1,1,2,2,1,1,2,2,2,1,1,1,1,1,2
917,5,5,5,5,5,5,5,5,1,1,,20.0,,5.0,,,,5.0,4.0,2.0,,6.0,,,1.0,,2.0,4.0,5.0,5.0,,,,,,,15.0,,1.0,,4.0,,,,1.0,,5.0,1.0,1.0,1.0,1.0,1.0,1.0,1.0,1.0,1.0,1.0,,,,,,,6,3,3,3,3,5,6,6,3,2,80.0,80.0,85.0,90.0,85.0,90.0,90.0,85.0,20.0,20.0,2,1,2,1,2,2,1,1,2,2,2,1,2,1,1,1,1,2,1,1,2,1,1,2,1,1,2,1,2,1,1,1,2,1,1,1,1,2,1,2
864,4,4,4,2,3,4,4,2,2,2,40.0,,,2.0,,,,5.0,4.0,2.0,,6.0,,,1.0,1.0,,,,,,,,2.0,5.0,6.0,3.0,,1.0,,4.0,,,1.0,,,5.0,1.0,1.0,1.0,1.0,1.0,1.0,1.0,1.0,1.0,1.0,,,,,,,6,3,3,3,2,4,4,4,3,2,65.0,60.0,65.0,40.0,45.0,50.0,55.0,35.0,30.0,30.0,2,1,2,1,2,1,1,2,2,1,2,1,1,2,2,1,2,1,2,2,1,1,1,2,2,1,1,2,1,1,2,1,2,2,2,2,2,1,1,2
1379,5,5,5,5,5,5,5,5,1,1,30.0,,5.0,,,,,5.0,4.0,2.0,6.0,,1.0,54.0,,,2.0,,,,,,,5.0,5.0,6.0,,15.0,1.0,,,,3.0,2.0,,,6.0,1.0,1.0,1.0,1.0,1.0,1.0,1.0,1.0,1.0,1.0,,,,,,,6,3,3,3,3,5,6,6,4,2,75.0,75.0,80.0,80.0,75.0,80.0,80.0,75.0,30.0,30.0,1,1,1,1,2,1,1,1,1,2,2,1,1,1,1,1,1,1,1,1,1,1,1,1,1,1,1,2,1,1,2,1,1,1,1,2,2,2,1,2
1783,4,5,5,2,3,4,5,4,2,3,,30.0,4.0,,4.0,3.0,3.0,,,,6.0,,1.0,54.0,,1.0,,,,,,,,2.0,5.0,5.0,,15.0,1.0,,,4.0,,1.0,,5.0,,1.0,1.0,1.0,1.0,1.0,1.0,1.0,1.0,1.0,1.0,,,,,,,6,3,2,3,1,3,5,5,3,2,70.0,65.0,75.0,40.0,50.0,60.0,70.0,55.0,35.0,45.0,1,1,2,1,2,1,2,1,2,1,1,1,1,1,1,1,2,2,1,1,1,1,1,1,1,2,2,1,1,2,1,1,2,2,1,1,1,2,2,1
1416,5,5,5,2,3,5,5,2,2,2,35.0,,,2.0,4.0,4.0,2.0,,,,6.0,,,,1.0,,2.0,2.0,5.0,5.0,,,,,,,15.0,,1.0,,,4.0,,2.0,,5.0,,,,,,,,,,,,1.0,1.0,1.0,1.0,1.0,1.0,6,3,3,3,2,3,5,5,3,2,75.0,70.0,80.0,40.0,50.0,70.0,80.0,40.0,40.0,40.0,1,2,2,1,1,1,1,2,2,1,1,2,2,2,1,1,1,2,1,2,2,1,2,2,2,2,2,1,2,2,2,2,2,1,2,1,1,1,1,2
1565,5,5,5,5,5,5,5,5,1,1,,30.0,,6.0,5.0,4.0,5.0,,,,6.0,,,,1.0,,2.0,,,,5.0,5.0,6.0,,,,,15.0,,1.0,4.0,,,2.0,,5.0,,,,,,,,,,,,1.0,1.0,1.0,1.0,1.0,1.0,6,3,3,3,1,4,5,5,3,2,80.0,80.0,85.0,80.0,75.0,80.0,80.0,70.0,20.0,20.0,1,1,1,1,1,1,1,1,1,1,1,1,1,1,1,1,1,1,1,1,1,1,1,1,1,1,1,1,1,1,1,1,1,1,1,1,1,1,1,1
779,5,5,5,5,5,5,5,5,1,1,,30.0,5.0,,,,,5.0,4.0,2.0,,6.0,,,1.0,,2.0,4.0,5.0,5.0,,,,,,,2.0,,1.0,,,4.0,,1.0,,5.0,,,,,,,,,,,,1.0,1.0,1.0,1.0,1.0,1.0,6,3,3,3,3,5,6,6,3,2,85.0,80.0,90.0,75.0,70.0,80.0,85.0,75.0,20.0,25.0,1,1,1,1,2,2,1,2,1,2,1,2,2,1,1,1,1,1,2,2,1,1,1,1,1,2,1,2,1,1,1,1,1,2,1,2,1,1,1,1
383,5,5,5,2,3,5,5,2,1,1,,30.0,5.0,,,,,5.0,4.0,2.0,6.0,,,,1.0,,2.0,,,,,,,2.0,5.0,6.0,,15.0,1.0,,,,3.0,,1.0,,5.0,1.0,1.0,1.0,1.0,1.0,1.0,1.0,1.0,1.0,1.0,,,,,,,6,3,2,2,1,4,5,5,3,2,70.0,70.0,75.0,40.0,50.0,70.0,70.0,40.0,30.0,30.0,2,1,2,1,2,1,1,2,1,2,1,2,1,1,2,1,2,1,1,1,2,1,1,2,1,1,1,1,2,1,1,2,2,1,1,2,1,1,1,2
165,5,5,5,4,4,5,5,4,2,2,,30.0,5.0,,4.0,3.0,5.0,,,,,6.0,,,1.0,,2.0,,,,4.0,5.0,5.0,,,,,12.0,1.0,,,5.0,,,1.0,,5.0,,,,,,,,,,,1.0,1.0,1.0,1.0,1.0,1.0,6,2,3,3,2,4,5,5,3,2,75.0,70.0,80.0,60.0,60.0,75.0,70.0,60.0,40.0,40.0,1,2,2,2,2,1,2,1,1,1,1,1,2,2,1,1,2,1,2,1,1,2,1,1,1,1,1,2,1,1,1,2,1,2,1,2,1,1,1,2
2042,5,5,5,5,5,5,5,5,2,2,30.0,,,2.0,5.0,3.0,3.0,,,,,6.0,,,1.0,1.0,,,,,,,,4.0,5.0,5.0,15.0,,1.0,,,4.0,,,1.0,,5.0,1.0,1.0,1.0,1.0,1.0,1.0,1.0,1.0,1.0,1.0,,,,,,,6,2,3,3,2,5,6,6,3,2,80.0,75.0,85.0,70.0,65.0,75.0,80.0,70.0,40.0,40.0,1,1,2,1,1,2,2,1,1,1,2,2,2,2,2,1,2,2,1,2,1,1,1,1,1,1,1,2,1,2,1,1,1,1,1,1,1,2,1,1
7,5,5,5,5,5,5,5,5,2,2,,30.0,,6.0,4.0,3.0,5.0,,,,6.0,,,,1.0,,2.0,,,,2.0,5.0,5.0,,,,15.0,,1.0,,,,3.0,2.0,,5.0,,,,,,,,,,,,1.0,1.0,1.0,1.0,1.0,1.0,6,2,3,3,2,5,6,6,3,2,80.0,75.0,80.0,75.0,70.0,75.0,80.0,70.0,40.0,40.0,1,1,2,1,2,2,1,1,1,1,2,2,1,1,1,1,1,1,1,1,1,1,1,1,1,2,1,2,1,2,1,1,1,2,1,1,1,2,1,1
33,5,5,5,5,5,5,5,5,1,1,30.0,,,2.0,,,,5.0,4.0,2.0,6.0,,,,1.0,,2.0,,,,4.0,5.0,5.0,,,,,15.0,1.0,,,,3.0,2.0,,5.0,,,,,,,,,,,,1.0,1.0,1.0,1.0,1.0,1.0,6,3,3,3,2,5,6,6,3,2,75.0,75.0,80.0,80.0,75.0,80.0,80.0,70.0,20.0,20.0,1,1,1,1,1,1,1,1,1,1,1,1,1,1,1,1,1,1,1,1,1,1,1,1,1,1,1,1,1,1,1,1,1,1,1,1,1,1,1,1
1631,4,4,4,2,3,3,4,2,2,2,,30.0,,2.0,5.0,4.0,3.0,,,,6.0,,,,1.0,1.0,,2.0,5.0,5.0,,,,,,,15.0,,,1.0,4.0,,,1.0,,5.0,,1.0,1.0,1.0,1.0,1.0,1.0,1.0,1.0,1.0,1.0,,,,,,,6,3,3,3,1,3,5,5,3,2,60.0,55.0,60.0,40.0,45.0,40.0,50.0,30.0,30.0,30.0,2,1,2,1,1,1,2,2,1,1,2,1,2,2,1,1,1,1,2,1,1,1,2,1,1,1,2,2,2,1,1,2,2,2,1,1,2,1,1,2
1742,5,5,5,4,4,5,5,4,2,2,40.0,,5.0,,,,,5.0,5.0,2.0,,6.0,1.0,54.0,,1.0,,4.0,5.0,5.0,,,,,,,,15.0,,1.0,,4.0,,,1.0,,5.0,,,,,,,,,,,1.0,1.0,1.0,1.0,1.0,1.0,6,3,3,3,3,5,5,5,3,2,70.0,70.0,70.0,50.0,50.0,70.0,70.0,50.0,30.0,30.0,2,2,2,2,2,2,2,2,1,2,1,2,1,1,1,2,1,1,1,2,1,1,2,2,1,2,1,2,1,1,1,2,2,1,2,1,2,2,1,1
231,5,5,5,4,4,5,5,4,2,3,,30.0,6.0,,,,,5.0,4.0,2.0,6.0,,1.0,54.0,,,2.0,,,,4.0,5.0,5.0,,,,,15.0,1.0,,,,3.0,,1.0,5.0,,1.0,1.0,1.0,1.0,1.0,1.0,1.0,1.0,1.0,1.0,,,,,,,6,3,2,2,2,4,6,6,3,2,70.0,75.0,80.0,60.0,55.0,70.0,75.0,60.0,40.0,50.0,2,1,1,2,2,2,1,1,1,1,2,1,2,2,2,2,1,1,1,2,1,1,1,1,1,1,1,2,2,1,1,2,1,2,1,2,1,2,1,1
342,5,5,5,5,5,5,5,5,1,1,30.0,,,2.0,4.0,4.0,4.0,,,,6.0,,1.0,54.0,,1.0,,4.0,5.0,6.0,,,,,,,15.0,,1.0,,,4.0,,,1.0,5.0,,,,,,,,,,,,1.0,1.0,1.0,1.0,1.0,1.0,6,3,3,3,3,5,5,5,3,2,75.0,75.0,80.0,80.0,75.0,80.0,80.0,75.0,20.0,20.0,1,2,1,2,2,1,1,2,1,2,2,1,1,1,1,1,1,2,1,2,2,1,2,2,2,1,1,1,2,1,2,1,1,1,2,2,1,2,1,1
1200,5,4,5,2,3,4,5,3,1,2,,30.0,,5.0,,,,5.0,4.0,2.0,,6.0,1.0,54.0,,1.0,,4.0,5.0,5.0,,,,,,,15.0,,1.0,,4.0,,,1.0,,,5.0,,,,,,,,,,,1.0,1.0,1.0,1.0,1.0,1.0,6,3,2,3,2,4,5,5,3,2,70.0,65.0,75.0,40.0,50.0,60.0,70.0,45.0,30.0,35.0,2,1,1,2,1,1,2,1,2,1,1,2,2,2,1,2,1,2,1,2,1,1,2,2,1,2,1,2,1,1,2,2,1,1,1,1,1,1,1,2
1789,4,4,4,3,4,4,4,3,2,2,40.0,,,2.0,,,,5.0,4.0,2.0,,6.0,,,1.0,1.0,,2.0,5.0,5.0,,,,,,,,8.0,,1.0,4.0,,,1.0,,,5.0,1.0,1.0,1.0,1.0,1.0,1.0,1.0,1.0,1.0,1.0,,,,,,,6,3,3,3,1,5,6,6,3,2,60.0,55.0,60.0,40.0,50.0,55.0,50.0,40.0,35.0,30.0,1,1,1,1,1,1,1,2,1,1,2,1,1,1,1,1,1,2,2,1,2,1,1,1,1,1,2,1,1,1,1,1,1,1,1,1,1,2,2,1
1373,4,4,4,4,4,4,4,4,2,2,40.0,,,2.0,3.0,4.0,2.0,,,,6.0,,,,1.0,1.0,,3.0,4.0,5.0,,,,,,,,8.0,,2.0,4.0,,,,1.0,,5.0,1.0,1.0,1.0,1.0,1.0,1.0,1.0,1.0,1.0,1.0,,,,,,,5,3,2,2,2,4,5,5,3,2,65.0,65.0,65.0,65.0,65.0,65.0,65.0,65.0,35.0,35.0,1,1,2,1,2,2,1,2,1,2,1,1,2,1,1,1,1,1,2,1,2,1,1,1,1,1,2,2,1,1,2,2,1,1,1,2,1,1,2,1
1195,5,5,5,5,5,5,5,5,2,2,30.0,,,2.0,,,,6.0,5.0,2.0,,6.0,,,1.0,1.0,,,,,,,,4.0,5.0,5.0,,15.0,,1.0,,5.0,,2.0,,6.0,,,,,,,,,,,,1.0,1.0,1.0,1.0,1.0,1.0,6,3,3,3,2,4,5,5,3,2,70.0,70.0,75.0,70.0,70.0,70.0,70.0,70.0,40.0,40.0,2,1,2,1,1,1,2,2,1,1,1,2,2,2,1,2,1,1,1,1,1,2,2,1,2,2,2,1,2,1,2,2,2,1,2,1,2,1,2,1
600,5,5,5,5,5,5,5,5,1,1,30.0,,6.0,,4.0,3.0,2.0,,,,,6.0,1.0,54.0,,,2.0,,,,,,,1.0,5.0,5.0,15.0,,,2.0,,4.0,,1.0,,5.0,,,,,,,,,,,,1.0,1.0,1.0,1.0,1.0,1.0,6,3,3,3,2,4,5,5,3,2,75.0,70.0,80.0,85.0,80.0,75.0,80.0,70.0,20.0,15.0,1,1,1,1,2,2,2,1,1,2,1,1,1,2,1,2,2,1,1,1,1,1,1,1,1,1,1,1,1,2,1,2,1,1,1,1,2,1,1,1
389,5,5,5,5,5,5,5,5,1,1,,30.0,,2.0,,,,4.0,4.0,2.0,6.0,,,,1.0,1.0,,,,,,,,5.0,5.0,6.0,,15.0,,1.0,,,3.0,,1.0,5.0,,1.0,1.0,1.0,1.0,1.0,1.0,1.0,1.0,1.0,1.0,,,,,,,6,3,3,3,2,5,6,6,3,2,75.0,75.0,80.0,75.0,70.0,75.0,80.0,70.0,20.0,20.0,1,2,2,2,1,1,2,2,1,1,2,2,2,1,1,1,1,2,2,1,2,2,1,1,2,2,2,1,1,2,1,1,1,2,1,2,1,1,2,1
773,5,5,5,5,5,5,5,5,1,1,30.0,,5.0,,,,,4.0,4.0,2.0,6.0,,1.0,54.0,,,2.0,4.0,5.0,5.0,,,,,,,,15.0,1.0,,,5.0,,,1.0,5.0,,1.0,1.0,1.0,1.0,1.0,1.0,1.0,1.0,1.0,1.0,,,,,,,6,3,3,3,1,3,6,6,3,2,75.0,75.0,80.0,85.0,80.0,85.0,85.0,80.0,20.0,20.0,1,2,1,1,1,2,1,1,1,1,2,1,1,2,1,1,2,1,1,1,1,2,2,1,1,2,1,1,2,1,1,1,1,2,1,2,1,1,1,1
595,5,5,5,5,5,5,5,5,1,1,30.0,,,6.0,3.0,4.0,5.0,,,,6.0,,,,1.0,,2.0,5.0,5.0,6.0,,,,,,,,15.0,1.0,,,,3.0,2.0,,5.0,,,,,,,,,,,,1.0,1.0,1.0,1.0,1.0,1.0,6,3,3,3,3,5,5,5,4,2,80.0,80.0,85.0,85.0,80.0,85.0,85.0,80.0,20.0,20.0,1,1,1,1,1,1,1,1,1,1,1,1,1,1,1,1,1,1,1,1,1,1,1,1,1,1,1,1,1,1,1,1,1,1,1,1,1,1,1,1
1894,5,5,5,5,5,5,5,5,1,1,,30.0,5.0,,4.0,3.0,3.0,,,,6.0,,,,1.0,,2.0,,,,5.0,5.0,6.0,,,,18.0,,1.0,,,4.0,,1.0,,,6.0,,,,,,,,,,,1.0,1.0,1.0,1.0,1.0,1.0,6,3,2,3,3,5,6,5,4,2,75.0,70.0,80.0,85.0,80.0,75.0,85.0,80.0,20.0,20.0,1,2,1,2,1,1,1,1,1,1,2,1,2,1,2,1,1,1,2,1,1,2,1,1,1,2,1,2,2,1,2,1,1,1,2,2,1,1,2,1
1027,5,5,5,5,5,5,5,5,2,2,30.0,,4.0,,,,,5.0,4.0,2.0,,6.0,1.0,54.0,,,2.0,4.0,5.0,5.0,,,,,,,18.0,,,1.0,5.0,,,,1.0,5.0,,,,,,,,,,,,1.0,1.0,1.0,1.0,1.0,1.0,6,3,3,3,1,4,6,6,3,2,80.0,80.0,85.0,80.0,75.0,80.0,85.0,70.0,30.0,30.0,2,1,1,1,1,2,1,2,2,1,2,2,1,1,2,2,1,1,2,2,1,1,1,1,1,2,1,2,1,1,2,2,1,2,2,1,1,2,2,2
1154,5,5,5,5,5,5,5,5,2,2,,15.0,5.0,,,,,5.0,5.0,2.0,,6.0,1.0,54.0,,,2.0,4.0,5.0,6.0,,,,,,,18.0,,1.0,,4.0,,,,1.0,,5.0,1.0,1.0,1.0,1.0,1.0,1.0,1.0,1.0,1.0,1.0,,,,,,,6,3,2,3,2,5,6,5,3,2,85.0,80.0,90.0,75.0,70.0,80.0,85.0,75.0,40.0,40.0,1,1,1,2,2,2,2,1,2,1,1,1,2,1,1,1,1,1,2,2,1,2,2,1,1,2,1,1,1,2,2,1,1,1,1,1,1,1,1,1
1748,5,5,5,4,4,5,5,4,2,3,,30.0,5.0,,4.0,3.0,2.0,,,,6.0,,1.0,54.0,,1.0,,2.0,5.0,5.0,,,,,,,,15.0,,1.0,,,3.0,2.0,,,5.0,1.0,1.0,1.0,1.0,1.0,1.0,1.0,1.0,1.0,1.0,,,,,,,6,3,2,2,1,5,6,6,3,2,75.0,70.0,80.0,50.0,55.0,70.0,65.0,50.0,40.0,45.0,1,1,2,1,1,1,1,2,1,1,1,1,1,2,2,2,1,2,2,1,1,1,1,2,2,1,2,2,2,1,2,1,1,1,2,1,2,1,1,1
427,5,5,5,5,5,5,5,5,1,1,,20.0,,2.0,,,,6.0,5.0,2.0,,6.0,,,1.0,,2.0,,,,,,,5.0,5.0,6.0,,15.0,,1.0,,,3.0,,1.0,5.0,,,,,,,,,,,,1.0,1.0,1.0,1.0,1.0,1.0,6,3,3,3,3,5,5,5,4,2,75.0,70.0,80.0,75.0,70.0,75.0,80.0,70.0,30.0,30.0,1,1,2,1,1,1,1,1,1,1,1,1,1,1,1,1,1,1,1,1,1,1,1,1,1,1,1,1,1,1,1,1,1,1,1,1,1,1,1,1
554,5,5,5,4,4,5,5,4,2,2,,30.0,5.0,,4.0,4.0,5.0,,,,,6.0,,,1.0,,2.0,3.0,5.0,5.0,,,,,,,15.0,,,1.0,3.0,,,1.0,,5.0,,,,,,,,,,,,1.0,1.0,1.0,1.0,1.0,1.0,6,3,3,3,1,3,5,5,3,2,75.0,70.0,80.0,50.0,50.0,75.0,75.0,50.0,30.0,30.0,2,1,1,1,2,2,2,1,2,2,1,2,1,2,2,2,1,2,2,2,2,1,1,2,1,1,2,1,2,1,2,2,1,2,1,2,2,1,2,1
348,4,4,5,4,4,5,5,4,2,2,,30.0,,2.0,5.0,4.0,3.0,,,,6.0,,,,1.0,,2.0,,,,,,,2.0,5.0,6.0,15.0,,1.0,,,4.0,,2.0,,,5.0,,,,,,,,,,,1.0,1.0,1.0,1.0,1.0,1.0,6,3,2,3,2,4,5,5,3,2,60.0,55.0,70.0,50.0,50.0,65.0,70.0,55.0,40.0,40.0,1,1,2,1,1,1,1,2,1,1,2,1,1,1,2,1,1,1,2,2,1,1,1,1,2,2,1,1,1,1,1,1,2,1,2,1,2,1,2,2
2048,5,5,5,5,5,5,5,5,1,1,70.0,,5.0,,,,,5.0,4.0,2.0,,6.0,,,1.0,1.0,,,,,,,,4.0,5.0,6.0,15.0,,,1.0,,,3.0,2.0,,,5.0,,,,,,,,,,,1.0,1.0,1.0,1.0,1.0,1.0,6,3,2,3,2,4,5,5,3,2,75.0,75.0,80.0,70.0,70.0,80.0,80.0,70.0,20.0,20.0,1,2,1,2,2,1,2,1,2,2,1,2,1,1,2,1,1,2,1,2,1,1,2,1,1,1,1,1,1,1,1,1,2,1,2,1,1,2,2,1
39,5,5,5,1,2,5,5,1,1,1,,30.0,,2.0,,,,4.0,4.0,2.0,6.0,,,,1.0,1.0,,,,,,,,1.0,5.0,5.0,15.0,,1.0,,,,3.0,1.0,,5.0,,,,,,,,,,,,1.0,1.0,1.0,1.0,1.0,1.0,6,3,3,3,2,4,5,5,3,2,70.0,70.0,70.0,30.0,30.0,70.0,70.0,30.0,30.0,30.0,1,1,1,1,1,1,1,1,1,1,1,1,1,1,1,1,1,1,1,1,1,1,1,1,1,1,1,1,1,1,1,1,1,1,1,1,1,1,1,1
1926,5,5,5,5,5,5,5,5,2,2,30.0,,4.0,,,,,5.0,4.0,2.0,,6.0,1.0,54.0,,,2.0,,,,,,,4.0,5.0,5.0,,15.0,,1.0,,4.0,,,1.0,,5.0,1.0,1.0,1.0,1.0,1.0,1.0,1.0,1.0,1.0,1.0,,,,,,,6,3,3,3,1,5,6,6,3,2,80.0,75.0,80.0,70.0,70.0,75.0,80.0,70.0,30.0,30.0,1,1,1,1,2,2,1,1,1,1,2,1,2,1,1,2,2,1,1,1,1,1,1,1,1,1,1,2,2,1,2,1,1,1,2,1,1,2,1,1
1855,4,4,4,2,3,4,4,2,1,2,35.0,,,2.0,5.0,3.0,3.0,,,,6.0,,1.0,15.0,,,2.0,,,,,,,2.0,5.0,5.0,15.0,,,2.0,,,3.0,1.0,,5.0,,,,,,,,,,,,1.0,1.0,1.0,1.0,1.0,1.0,6,3,3,3,2,5,5,5,3,2,60.0,60.0,60.0,40.0,40.0,60.0,60.0,40.0,20.0,40.0,1,2,2,1,2,1,2,1,1,2,2,1,2,1,1,1,1,2,1,1,1,1,1,2,1,2,2,2,1,1,2,1,1,1,2,1,1,1,1,2
1052,5,5,5,5,5,5,5,5,1,1,,30.0,6.0,,,,,4.0,4.0,2.0,6.0,,,,1.0,1.0,,,,,,,,5.0,5.0,6.0,,15.0,1.0,,5.0,,,,1.0,,5.0,1.0,1.0,1.0,1.0,1.0,1.0,1.0,1.0,1.0,1.0,,,,,,,6,3,3,3,2,4,6,6,3,2,75.0,75.0,80.0,85.0,80.0,85.0,85.0,80.0,20.0,20.0,1,1,1,1,1,1,1,1,1,1,1,1,1,1,1,1,1,1,1,1,1,1,1,1,1,1,1,1,1,1,1,1,1,1,1,1,1,1,1,1
1121,4,4,4,4,4,4,4,4,2,2,,30.0,5.0,,3.0,4.0,3.0,,,,,6.0,1.0,54.0,,1.0,,,,,,,,4.0,5.0,6.0,,15.0,1.0,,4.0,,,,1.0,,5.0,,,,,,,,,,,1.0,1.0,1.0,1.0,1.0,1.0,6,3,3,3,3,4,5,5,3,2,65.0,65.0,70.0,70.0,70.0,70.0,70.0,70.0,40.0,40.0,1,1,1,1,1,1,1,1,1,2,1,2,1,1,1,1,1,1,1,1,1,1,1,1,1,1,1,1,1,1,1,1,1,1,1,1,1,1,1,1
452,5,5,5,4,4,5,5,4,2,2,70.0,,,2.0,4.0,3.0,3.0,,,,,6.0,1.0,54.0,,1.0,,,,,5.0,5.0,5.0,,,,18.0,,,1.0,,6.0,,,1.0,6.0,,1.0,1.0,1.0,1.0,1.0,1.0,1.0,1.0,1.0,1.0,,,,,,,6,3,3,3,2,4,5,5,3,2,80.0,75.0,85.0,60.0,55.0,80.0,75.0,50.0,30.0,30.0,1,1,1,1,1,1,1,1,1,1,1,1,1,1,1,1,1,1,1,1,1,1,1,1,1,1,1,1,1,1,1,1,1,1,1,1,1,1,1,1
521,5,5,5,5,5,5,5,5,2,2,30.0,,,2.0,5.0,4.0,5.0,,,,6.0,,1.0,54.0,,,2.0,,,,4.0,5.0,5.0,,,,,15.0,,1.0,,,3.0,,1.0,5.0,,,,,,,,,,,,1.0,1.0,1.0,1.0,1.0,1.0,6,3,2,2,2,5,6,6,3,2,85.0,80.0,85.0,80.0,75.0,80.0,85.0,70.0,30.0,30.0,1,1,1,2,1,2,1,2,1,1,2,1,1,1,1,2,1,1,2,1,1,2,1,1,1,1,1,1,1,1,1,1,1,1,1,1,1,1,1,1
1953,5,5,5,5,5,5,5,5,2,2,30.0,,6.0,,,,,5.0,5.0,2.0,,6.0,,,1.0,,2.0,,,,,,,2.0,5.0,5.0,,15.0,1.0,,4.0,,,,1.0,5.0,,1.0,1.0,1.0,1.0,1.0,1.0,1.0,1.0,1.0,1.0,,,,,,,6,3,3,3,1,5,6,6,3,2,85.0,80.0,90.0,85.0,80.0,85.0,90.0,75.0,30.0,30.0,1,2,1,2,2,1,2,1,1,1,2,1,2,1,1,1,2,1,2,2,1,2,2,2,2,1,2,1,2,1,2,1,2,1,1,2,1,1,2,1
1820,5,5,5,5,5,5,5,5,1,1,30.0,,,2.0,4.0,3.0,2.0,,,,6.0,,1.0,54.0,,1.0,,,,,,,,5.0,5.0,6.0,10.0,,1.0,,4.0,,,,1.0,5.0,,,,,,,,,,,,1.0,1.0,1.0,1.0,1.0,1.0,6,3,2,2,2,4,5,5,4,2,75.0,75.0,80.0,80.0,75.0,80.0,80.0,75.0,20.0,20.0,1,1,1,2,1,1,1,1,1,2,1,1,2,1,1,1,1,1,2,1,1,1,1,1,2,1,2,2,1,1,1,2,1,2,1,1,1,2,1,2
1093,5,5,5,5,5,5,5,5,2,2,30.0,,,2.0,4.0,3.0,3.0,,,,,6.0,1.0,54.0,,,2.0,,,,4.0,5.0,5.0,,,,15.0,,,1.0,,,3.0,,1.0,5.0,,,,,,,,,,,,1.0,1.0,1.0,1.0,1.0,1.0,6,2,3,3,2,4,5,5,3,2,75.0,70.0,80.0,65.0,60.0,70.0,75.0,60.0,40.0,45.0,2,1,1,1,2,2,1,2,2,2,1,2,1,2,1,2,2,2,1,1,1,2,1,2,1,2,1,1,2,1,2,1,2,1,1,2,1,2,1,1
1469,4,4,4,2,3,4,4,2,2,2,,30.0,5.0,,5.0,4.0,3.0,,,,,6.0,1.0,54.0,,1.0,,2.0,5.0,5.0,,,,,,,,15.0,1.0,,,,3.0,,1.0,5.0,,,,,,,,,,,,1.0,1.0,1.0,1.0,1.0,1.0,6,3,3,3,2,4,5,5,3,2,60.0,60.0,60.0,30.0,40.0,60.0,60.0,30.0,30.0,30.0,1,1,1,1,2,1,1,2,1,2,1,2,2,2,1,1,1,2,1,2,1,1,1,1,2,1,1,2,1,2,1,1,1,1,1,1,1,1,1,1
1275,5,5,5,2,2,5,5,2,1,1,30.0,,5.0,,4.0,3.0,2.0,,,,6.0,,1.0,54.0,,1.0,,,,,,,,4.0,5.0,5.0,15.0,,,1.0,,,3.0,,1.0,5.0,,1.0,1.0,1.0,1.0,1.0,1.0,1.0,1.0,1.0,1.0,,,,,,,6,2,3,3,1,3,3,4,3,2,75.0,70.0,80.0,40.0,40.0,75.0,75.0,40.0,20.0,20.0,1,1,1,1,1,1,1,1,1,1,1,1,1,1,1,1,1,1,1,1,1,1,1,1,1,1,1,1,1,1,1,1,1,1,1,1,1,1,1,1
1306,5,5,5,5,5,5,5,5,1,1,,20.0,,2.0,,,,5.0,4.0,2.0,,6.0,1.0,54.0,,1.0,,,,,2.0,5.0,6.0,,,,,15.0,1.0,,,5.0,,2.0,,,6.0,,,,,,,,,,,1.0,1.0,1.0,1.0,1.0,1.0,6,3,3,3,3,5,5,5,3,2,75.0,70.0,80.0,75.0,70.0,75.0,80.0,65.0,30.0,30.0,1,1,1,1,1,1,1,1,1,1,1,1,1,1,1,1,1,1,1,1,1,1,1,1,1,1,1,1,1,1,1,1,1,1,1,1,1,1,1,1
493,5,5,5,5,5,5,5,5,1,2,30.0,,,2.0,5.0,4.0,3.0,,,,6.0,,,,1.0,1.0,,,,,5.0,5.0,5.0,,,,15.0,,,1.0,,,3.0,,1.0,,5.0,,,,,,,,,,,1.0,1.0,1.0,1.0,1.0,1.0,6,3,3,3,2,4,5,5,3,2,85.0,80.0,85.0,80.0,75.0,80.0,85.0,70.0,30.0,40.0,2,1,2,2,1,2,1,1,2,2,1,1,2,1,1,2,1,1,2,2,1,1,1,2,1,1,1,1,1,2,1,2,1,2,1,1,1,2,1,1
675,5,5,5,5,5,5,5,5,2,2,30.0,,,2.0,,,,6.0,5.0,2.0,6.0,,1.0,54.0,,1.0,,4.0,5.0,5.0,,,,,,,15.0,,1.0,,4.0,,,,1.0,,6.0,1.0,1.0,1.0,1.0,1.0,1.0,1.0,1.0,1.0,1.0,,,,,,,6,3,3,3,2,4,5,5,3,2,75.0,70.0,80.0,75.0,70.0,75.0,80.0,70.0,40.0,40.0,1,2,1,1,1,2,2,2,1,1,1,1,2,1,1,2,1,1,1,1,2,1,1,1,2,1,1,2,1,2,1,1,1,1,2,1,1,1,2,1
706,5,5,5,5,5,5,5,5,1,1,,30.0,,6.0,,,,5.0,4.0,2.0,6.0,,1.0,54.0,,1.0,,,,,5.0,5.0,6.0,,,,15.0,,1.0,,,,3.0,2.0,,5.0,,1.0,1.0,1.0,1.0,1.0,1.0,1.0,1.0,1.0,1.0,,,,,,,6,3,3,3,1,3,3,3,3,2,85.0,80.0,85.0,80.0,75.0,80.0,85.0,75.0,20.0,20.0,2,1,1,1,2,1,1,2,1,2,2,1,1,1,1,1,2,1,1,1,1,2,2,2,1,1,2,1,2,1,2,2,1,2,1,2,1,1,2,1
968,4,4,5,5,5,5,5,4,2,2,40.0,,4.0,,3.0,3.0,2.0,,,,6.0,,,,1.0,,2.0,3.0,5.0,5.0,,,,,,,,15.0,,1.0,,,3.0,2.0,,,5.0,1.0,1.0,1.0,1.0,1.0,1.0,1.0,1.0,1.0,1.0,,,,,,,6,3,2,2,1,3,5,5,3,2,70.0,70.0,80.0,80.0,80.0,80.0,80.0,70.0,40.0,40.0,1,1,1,1,1,1,1,1,1,1,1,1,1,1,1,1,1,1,1,1,1,1,1,1,1,1,1,1,1,1,1,1,1,1,1,1,1,1,1,1
1992,4,4,4,2,3,4,4,2,2,2,,35.0,,2.0,4.0,3.0,3.0,,,,6.0,,,,1.0,1.0,,,,,,,,2.0,5.0,5.0,8.0,,,2.0,4.0,,,,1.0,,5.0,,,,,,,,,,,1.0,1.0,1.0,1.0,1.0,1.0,5,3,2,2,2,4,5,5,3,2,65.0,65.0,70.0,40.0,50.0,60.0,70.0,30.0,20.0,30.0,1,1,1,2,1,1,2,2,2,1,1,2,1,2,2,2,2,1,1,1,1,1,1,1,1,1,1,1,1,1,1,1,1,1,2,1,2,2,2,2
305,5,4,5,5,4,5,5,4,2,2,30.0,,4.0,,4.0,3.0,2.0,,,,,6.0,1.0,54.0,,1.0,,4.0,5.0,5.0,,,,,,,,12.0,1.0,,,,3.0,,1.0,,5.0,,,,,,,,,,,1.0,1.0,1.0,1.0,1.0,1.0,6,2,3,3,1,3,5,5,3,2,70.0,60.0,75.0,70.0,65.0,80.0,75.0,60.0,40.0,40.0,1,1,2,1,1,1,2,1,1,1,1,1,2,2,1,2,1,1,1,1,1,1,1,1,1,1,2,1,1,1,1,1,2,2,1,1,1,1,1,2
276,5,4,5,4,4,5,5,4,2,2,,30.0,5.0,,,,,5.0,4.0,2.0,6.0,,1.0,54.0,,,2.0,,,,,,,4.0,5.0,5.0,,15.0,1.0,,,4.0,,2.0,,5.0,,,,,,,,,,,,1.0,1.0,1.0,1.0,1.0,1.0,6,3,3,3,2,5,5,5,3,2,75.0,65.0,80.0,60.0,60.0,70.0,75.0,65.0,40.0,40.0,1,1,1,1,2,2,1,2,1,1,1,2,2,2,1,2,1,1,1,2,1,1,1,2,2,1,1,2,1,1,2,2,2,1,1,1,2,2,1,1
519,4,4,4,2,3,3,4,2,2,2,40.0,,4.0,,,,,4.0,4.0,2.0,6.0,,,,1.0,1.0,,,,,4.0,5.0,5.0,,,,,15.0,,2.0,,,3.0,,1.0,5.0,,1.0,1.0,1.0,1.0,1.0,1.0,1.0,1.0,1.0,1.0,,,,,,,6,3,3,3,1,3,5,5,3,2,65.0,65.0,65.0,50.0,50.0,50.0,50.0,40.0,40.0,40.0,1,1,1,1,1,1,1,1,1,1,1,1,1,1,1,1,1,1,1,1,1,1,1,1,1,1,1,2,1,1,1,1,1,1,1,1,1,1,1,1
1705,5,5,5,4,4,5,5,4,2,3,,30.0,,2.0,4.0,4.0,3.0,,,,6.0,,,,1.0,,2.0,,,,,,,2.0,5.0,6.0,8.0,,,1.0,,,3.0,,1.0,,5.0,,,,,,,,,,,1.0,1.0,1.0,1.0,1.0,1.0,6,3,2,3,2,4,5,5,3,2,75.0,70.0,80.0,60.0,55.0,75.0,80.0,60.0,40.0,50.0,1,1,1,1,1,1,2,1,1,1,1,1,1,1,1,2,1,1,1,2,2,1,1,2,1,1,2,1,1,2,1,1,1,2,1,2,1,1,2,2
1676,4,4,4,2,3,4,4,2,1,1,,30.0,,2.0,4.0,3.0,3.0,,,,6.0,,,,1.0,1.0,,,,,4.0,5.0,6.0,,,,15.0,,,2.0,4.0,,,1.0,,5.0,,,,,,,,,,,,1.0,1.0,1.0,1.0,1.0,1.0,6,3,3,3,2,4,4,4,3,2,65.0,65.0,65.0,40.0,40.0,50.0,50.0,30.0,20.0,20.0,1,1,1,1,2,1,2,2,1,1,1,1,2,1,2,1,1,1,1,1,2,1,2,2,1,1,1,1,1,1,1,1,1,2,2,1,1,1,1,1
1119,4,4,5,4,4,5,5,4,2,2,40.0,,,2.0,3.0,4.0,3.0,,,,,6.0,,,1.0,1.0,,,,,5.0,5.0,5.0,,,,,15.0,,2.0,,,3.0,,1.0,5.0,,1.0,1.0,1.0,1.0,1.0,1.0,1.0,1.0,1.0,1.0,,,,,,,6,3,3,3,2,4,5,5,3,2,65.0,65.0,75.0,60.0,60.0,70.0,70.0,50.0,40.0,40.0,1,2,1,1,1,2,1,2,1,1,2,1,1,2,2,1,2,1,1,2,2,1,1,2,1,1,1,1,2,1,2,1,1,1,1,1,1,2,1,2
1490,5,5,5,5,5,5,5,5,1,1,,30.0,,2.0,4.0,3.0,3.0,,,,6.0,,1.0,54.0,,,2.0,,,,4.0,5.0,5.0,,,,,15.0,,1.0,,,3.0,,1.0,5.0,,1.0,1.0,1.0,1.0,1.0,1.0,1.0,1.0,1.0,1.0,,,,,,,6,3,3,3,2,5,6,6,3,1,75.0,75.0,80.0,85.0,80.0,85.0,90.0,80.0,20.0,20.0,1,2,1,2,1,1,1,1,1,2,1,2,2,1,1,1,1,1,2,1,1,1,2,2,1,1,1,2,2,1,2,2,2,1,1,2,2,1,2,2
1818,5,5,5,5,5,5,5,5,1,1,30.0,,5.0,,4.0,4.0,2.0,,,,,6.0,,,1.0,,2.0,,,,,,,5.0,5.0,6.0,18.0,,1.0,,,4.0,,,1.0,6.0,,1.0,1.0,1.0,1.0,1.0,1.0,1.0,1.0,1.0,1.0,,,,,,,6,3,3,3,1,4,5,5,3,2,85.0,85.0,90.0,90.0,90.0,90.0,90.0,90.0,10.0,10.0,1,1,1,1,1,1,1,1,1,1,1,1,1,2,1,2,1,2,2,1,1,1,1,1,1,1,1,2,1,1,1,1,1,1,1,1,1,1,1,1
991,5,5,5,5,5,5,5,5,2,2,40.0,,4.0,,4.0,4.0,3.0,,,,6.0,,1.0,54.0,,1.0,,4.0,5.0,5.0,,,,,,,,15.0,1.0,,,,3.0,,1.0,5.0,,1.0,1.0,1.0,1.0,1.0,1.0,1.0,1.0,1.0,1.0,,,,,,,6,2,3,3,1,3,5,5,3,2,85.0,80.0,90.0,75.0,70.0,80.0,85.0,70.0,40.0,40.0,1,2,1,1,1,1,1,1,1,1,1,2,2,1,1,2,1,1,1,1,1,1,1,1,1,1,2,2,1,1,1,1,2,1,1,1,1,2,1,1
74,5,5,5,4,4,5,5,4,2,3,,30.0,,2.0,,,,5.0,4.0,2.0,6.0,,1.0,54.0,,,2.0,2.0,5.0,5.0,,,,,,,5.0,,1.0,,,4.0,,1.0,,5.0,,,,,,,,,,,,1.0,1.0,1.0,1.0,1.0,1.0,6,3,3,3,3,5,6,6,3,2,75.0,75.0,80.0,60.0,60.0,80.0,80.0,60.0,30.0,40.0,1,2,1,1,2,2,1,2,1,1,2,1,2,2,2,2,1,2,2,1,1,1,1,2,1,1,2,2,1,2,1,1,2,2,2,1,2,1,1,1
2005,5,5,5,5,5,5,5,5,2,2,40.0,,5.0,,4.0,4.0,3.0,,,,6.0,,1.0,54.0,,,2.0,2.0,5.0,5.0,,,,,,,,15.0,,1.0,5.0,,,1.0,,,5.0,,,,,,,,,,,1.0,1.0,1.0,1.0,1.0,1.0,6,3,3,3,3,4,5,5,3,2,75.0,75.0,80.0,80.0,75.0,80.0,80.0,75.0,40.0,40.0,1,1,1,1,1,1,1,1,1,1,1,1,2,1,1,1,1,2,1,2,1,1,1,1,1,1,1,1,1,1,1,1,1,1,1,1,1,2,1,1
122,5,5,5,4,4,5,5,4,2,3,30.0,,4.0,,,,,5.0,4.0,2.0,6.0,,1.0,54.0,,1.0,,,,,4.0,5.0,5.0,,,,,12.0,,1.0,,,3.0,2.0,,,5.0,,,,,,,,,,,1.0,1.0,1.0,1.0,1.0,1.0,6,3,2,2,1,5,6,6,3,2,75.0,70.0,80.0,60.0,55.0,70.0,65.0,50.0,40.0,45.0,1,2,1,2,2,2,1,1,2,1,1,2,1,2,1,1,2,2,1,1,1,2,1,1,2,1,2,1,2,1,1,1,2,2,1,2,1,2,1,1
1522,5,5,5,5,5,5,5,4,2,2,,20.0,,5.0,5.0,4.0,3.0,,,,6.0,,1.0,54.0,,1.0,,,,,,,,4.0,5.0,5.0,15.0,,,1.0,,4.0,,,1.0,,5.0,,,,,,,,,,,1.0,1.0,1.0,1.0,1.0,1.0,6,3,2,2,2,5,6,6,3,2,85.0,80.0,85.0,80.0,75.0,85.0,80.0,70.0,30.0,30.0,1,2,1,1,2,2,1,1,1,1,2,1,1,2,1,1,2,1,2,1,1,1,2,2,2,1,1,1,2,1,1,1,1,1,1,2,1,1,2,1
1451,5,5,5,5,5,5,5,5,1,1,,30.0,,2.0,,,,5.0,4.0,2.0,,6.0,1.0,54.0,,,2.0,,,,4.0,5.0,6.0,,,,,15.0,1.0,,4.0,,,,1.0,5.0,,,,,,,,,,,,1.0,1.0,1.0,1.0,1.0,1.0,6,3,3,3,3,5,6,6,3,2,75.0,75.0,80.0,80.0,80.0,80.0,80.0,75.0,20.0,20.0,1,1,2,1,2,1,1,1,1,1,1,1,1,2,1,1,1,1,1,1,1,1,1,1,1,1,1,1,1,1,1,1,1,1,1,1,1,1,1,1
823,5,5,5,5,5,5,5,5,1,1,,30.0,5.0,,,,,5.0,4.0,2.0,,6.0,,,1.0,1.0,,,,,,,,5.0,5.0,6.0,15.0,,,1.0,,5.0,,2.0,,,6.0,1.0,1.0,1.0,1.0,1.0,1.0,1.0,1.0,1.0,1.0,,,,,,,6,2,2,2,1,3,5,5,3,2,80.0,80.0,85.0,85.0,80.0,85.0,85.0,80.0,20.0,20.0,1,2,1,1,1,2,2,2,2,2,2,1,1,2,1,1,1,2,1,1,1,1,2,2,2,1,2,1,2,2,1,1,2,1,1,2,2,1,2,1
950,5,5,5,5,5,5,5,5,1,1,,30.0,5.0,,4.0,3.0,2.0,,,,,6.0,,,1.0,1.0,,4.0,5.0,5.0,,,,,,,,15.0,,1.0,,,3.0,1.0,,5.0,,1.0,1.0,1.0,1.0,1.0,1.0,1.0,1.0,1.0,1.0,,,,,,,6,3,3,3,2,4,5,5,3,2,80.0,80.0,85.0,85.0,80.0,85.0,85.0,80.0,20.0,20.0,1,1,1,1,1,2,2,1,1,1,2,1,2,1,1,1,1,2,2,1,1,2,1,1,1,1,1,1,2,1,1,2,2,1,1,1,2,1,1,1
638,4,4,4,2,3,4,4,2,2,2,,30.0,5.0,,3.0,3.0,2.0,,,,6.0,,1.0,54.0,,1.0,,2.0,5.0,5.0,,,,,,,,15.0,,2.0,5.0,,,,1.0,5.0,,1.0,1.0,1.0,1.0,1.0,1.0,1.0,1.0,1.0,1.0,,,,,,,6,3,3,3,2,4,5,5,3,2,65.0,65.0,65.0,40.0,40.0,65.0,65.0,40.0,40.0,40.0,1,2,2,2,1,2,1,1,2,2,2,1,2,1,1,2,1,1,2,1,2,1,2,2,1,2,2,1,1,2,2,2,1,2,1,1,2,2,1,1
157,5,5,5,5,5,5,5,5,2,2,40.0,,4.0,,,,,5.0,4.0,2.0,6.0,,,,1.0,,2.0,4.0,5.0,5.0,,,,,,,15.0,,,1.0,4.0,,,2.0,,5.0,,1.0,1.0,1.0,1.0,1.0,1.0,1.0,1.0,1.0,1.0,,,,,,,6,3,3,3,1,5,6,6,3,2,85.0,80.0,85.0,90.0,85.0,80.0,90.0,75.0,40.0,40.0,2,1,1,2,1,1,1,2,2,1,2,1,2,1,1,1,2,1,1,2,2,1,1,2,1,1,2,1,1,1,2,2,1,1,1,1,1,1,2,1
1238,5,5,5,5,5,5,5,5,1,1,,20.0,6.0,,4.0,4.0,2.0,,,,6.0,,1.0,54.0,,,2.0,,,,,,,5.0,5.0,5.0,,15.0,,1.0,,5.0,,,1.0,,6.0,,,,,,,,,,,1.0,1.0,1.0,1.0,1.0,1.0,6,2,3,3,2,4,5,5,3,2,75.0,70.0,80.0,75.0,70.0,75.0,80.0,70.0,30.0,30.0,2,1,1,2,1,1,2,1,2,1,1,2,1,2,1,1,2,1,1,2,1,1,1,2,1,2,1,1,2,1,2,2,1,1,2,1,1,1,1,1
1557,5,5,5,5,5,5,5,5,1,1,,30.0,5.0,,,,,5.0,4.0,2.0,,6.0,,,1.0,,2.0,,,,,,,5.0,5.0,6.0,15.0,,,1.0,5.0,,,,1.0,5.0,,1.0,1.0,1.0,1.0,1.0,1.0,1.0,1.0,1.0,1.0,,,,,,,6,3,3,3,2,5,6,6,3,2,75.0,75.0,80.0,85.0,80.0,85.0,85.0,80.0,20.0,20.0,1,1,1,1,2,2,1,1,2,1,2,1,1,1,2,1,2,1,1,1,1,1,2,1,1,1,1,1,1,1,1,1,1,1,1,1,1,1,1,1
1424,5,5,5,5,5,5,5,5,2,2,40.0,,4.0,,3.0,4.0,5.0,,,,,6.0,1.0,54.0,,1.0,,,,,5.0,5.0,6.0,,,,,15.0,1.0,,,,3.0,2.0,,,6.0,1.0,1.0,1.0,1.0,1.0,1.0,1.0,1.0,1.0,1.0,,,,,,,6,2,3,3,1,5,6,6,3,2,75.0,75.0,80.0,80.0,75.0,80.0,80.0,75.0,40.0,40.0,1,1,1,1,1,1,1,1,1,1,1,1,1,1,1,1,1,1,1,1,1,1,2,1,1,1,1,1,1,1,1,1,1,1,1,1,1,1,1,1
856,5,5,5,1,2,5,5,1,1,1,,15.0,4.0,,,,,5.0,4.0,2.0,6.0,,1.0,54.0,,,2.0,,,,5.0,5.0,5.0,,,,5.0,,,2.0,,,3.0,,1.0,,5.0,,,,,,,,,,,1.0,1.0,1.0,1.0,1.0,1.0,6,2,3,3,2,5,5,5,3,2,75.0,70.0,80.0,20.0,15.0,70.0,80.0,15.0,10.0,10.0,2,1,2,1,2,1,1,2,2,2,1,1,1,1,2,1,1,2,2,1,2,2,1,2,2,1,2,1,1,1,1,1,1,2,2,1,2,1,1,2
925,5,5,5,4,4,5,5,4,2,3,,30.0,5.0,,4.0,4.0,5.0,,,,,6.0,,,1.0,1.0,,,,,,,,2.0,5.0,5.0,15.0,,,1.0,3.0,,,,1.0,,5.0,,,,,,,,,,,1.0,1.0,1.0,1.0,1.0,1.0,6,3,3,3,3,5,6,6,3,2,70.0,70.0,75.0,60.0,60.0,70.0,70.0,50.0,40.0,50.0,1,2,1,1,2,2,1,2,1,2,1,2,2,1,1,2,2,2,2,1,2,1,2,1,2,1,1,2,1,1,1,1,1,1,1,1,1,1,1,1
196,5,5,5,5,5,5,5,5,1,1,30.0,,,2.0,4.0,3.0,3.0,,,,6.0,,,,1.0,1.0,,,,,5.0,5.0,6.0,,,,15.0,,1.0,,,,3.0,,1.0,,6.0,1.0,1.0,1.0,1.0,1.0,1.0,1.0,1.0,1.0,1.0,,,,,,,6,3,3,3,2,3,6,6,3,2,85.0,85.0,85.0,85.0,85.0,85.0,85.0,85.0,15.0,15.0,2,2,2,1,1,1,1,1,1,1,1,2,2,1,2,2,2,2,1,1,1,1,1,1,2,1,2,1,1,2,1,2,1,1,1,1,2,2,1,1
370,4,4,4,2,3,4,4,2,2,2,35.0,,4.0,,3.0,3.0,4.0,,,,,6.0,,,1.0,1.0,,4.0,5.0,5.0,,,,,,,,10.0,,2.0,,,3.0,1.0,,5.0,,1.0,1.0,1.0,1.0,1.0,1.0,1.0,1.0,1.0,1.0,,,,,,,6,3,3,3,1,3,5,5,4,2,65.0,65.0,65.0,40.0,40.0,50.0,50.0,30.0,30.0,30.0,1,1,2,1,1,1,2,1,2,1,1,2,1,1,1,1,1,1,1,1,1,1,1,1,1,2,2,1,1,2,2,1,1,2,2,2,2,1,2,2
203,5,5,5,2,4,5,5,2,1,1,,30.0,6.0,,3.0,4.0,5.0,,,,6.0,,,,1.0,,2.0,,,,2.0,5.0,5.0,,,,,12.0,,2.0,6.0,,,1.0,,5.0,,,,,,,,,,,,1.0,1.0,1.0,1.0,1.0,1.0,6,2,2,3,2,5,6,6,3,2,70.0,70.0,70.0,30.0,50.0,70.0,70.0,30.0,10.0,10.0,2,1,2,1,2,1,1,1,1,2,2,2,1,1,2,2,2,2,1,1,2,1,2,1,2,2,2,2,1,1,1,1,1,2,2,2,2,2,2,1
1596,5,5,5,5,5,5,5,5,2,2,,30.0,,5.0,4.0,3.0,3.0,,,,,6.0,1.0,15.0,,,2.0,,,,5.0,5.0,6.0,,,,15.0,,,2.0,,5.0,,,1.0,5.0,,1.0,1.0,1.0,1.0,1.0,1.0,1.0,1.0,1.0,1.0,,,,,,,6,3,2,2,1,3,5,5,3,2,80.0,75.0,85.0,90.0,85.0,90.0,90.0,80.0,30.0,30.0,1,1,1,1,1,1,1,1,1,1,1,1,1,1,1,1,1,1,1,1,1,1,1,1,1,1,1,1,1,1,1,1,1,1,1,1,1,1,1,1
1770,5,5,5,4,4,5,5,5,2,2,,30.0,5.0,,,,,5.0,4.0,2.0,6.0,,,,1.0,1.0,,,,,,,,5.0,5.0,6.0,,15.0,1.0,,4.0,,,1.0,,,5.0,,,,,,,,,,,1.0,1.0,1.0,1.0,1.0,1.0,6,3,3,3,2,4,5,5,4,2,75.0,70.0,80.0,65.0,60.0,75.0,80.0,70.0,40.0,50.0,2,2,1,1,1,1,1,1,1,1,2,2,2,1,1,2,1,1,1,1,2,2,2,1,1,2,1,1,1,2,2,1,2,1,1,1,1,1,1,1
1603,4,4,4,4,4,4,4,4,2,2,,30.0,5.0,,,,,4.0,4.0,2.0,,6.0,1.0,54.0,,,2.0,,,,,,,4.0,5.0,5.0,15.0,,1.0,,4.0,,,,1.0,,5.0,1.0,1.0,1.0,1.0,1.0,1.0,1.0,1.0,1.0,1.0,,,,,,,6,3,3,3,1,5,6,6,3,2,70.0,70.0,70.0,70.0,70.0,70.0,70.0,70.0,30.0,30.0,2,1,1,2,2,2,2,1,1,2,2,2,2,2,2,2,2,2,1,1,1,1,1,1,1,2,1,2,1,2,1,2,1,1,1,1,1,2,1,1
897,5,5,5,4,4,5,5,4,2,2,,30.0,,2.0,,,,4.0,3.0,2.0,,6.0,,,1.0,1.0,,,,,5.0,5.0,5.0,,,,15.0,,1.0,,,,3.0,,1.0,5.0,,,,,,,,,,,,1.0,1.0,1.0,1.0,1.0,1.0,6,3,3,3,2,4,5,5,3,2,75.0,75.0,80.0,60.0,60.0,80.0,80.0,60.0,40.0,40.0,1,2,1,2,2,2,1,1,1,2,1,2,1,1,2,1,1,1,1,1,1,2,2,2,2,1,1,1,1,1,1,2,1,1,1,1,1,1,1,1
741,4,4,5,2,3,4,5,2,2,3,35.0,,,2.0,,,,5.0,4.0,2.0,,6.0,1.0,54.0,,1.0,,4.0,5.0,5.0,,,,,,,,8.0,1.0,,,4.0,,1.0,,5.0,,1.0,1.0,1.0,1.0,1.0,1.0,1.0,1.0,1.0,1.0,,,,,,,6,3,3,3,1,3,5,5,3,2,65.0,60.0,70.0,40.0,50.0,55.0,60.0,35.0,30.0,45.0,1,2,1,1,1,1,2,2,2,1,1,1,2,1,1,1,1,2,1,1,2,1,1,1,1,1,1,2,1,1,1,2,1,1,2,1,2,1,1,1
632,4,4,4,3,4,4,4,3,2,3,40.0,,,2.0,,,,5.0,4.0,2.0,,6.0,1.0,20.0,,,2.0,4.0,5.0,5.0,,,,,,,,15.0,1.0,,,5.0,,,1.0,,5.0,,,,,,,,,,,1.0,1.0,1.0,1.0,1.0,1.0,6,3,3,3,3,4,4,4,3,2,60.0,60.0,60.0,50.0,55.0,60.0,60.0,40.0,30.0,40.0,2,2,2,2,1,2,1,1,1,2,1,2,2,2,1,2,2,2,1,2,2,1,2,2,1,1,2,1,1,1,2,1,2,1,2,2,1,2,1,2
1341,5,5,5,5,5,5,5,5,2,2,,30.0,6.0,,3.0,4.0,5.0,,,,,6.0,,,1.0,,2.0,,,,5.0,5.0,6.0,,,,,15.0,,1.0,,5.0,,2.0,,,6.0,1.0,1.0,1.0,1.0,1.0,1.0,1.0,1.0,1.0,1.0,,,,,,,6,3,3,3,1,4,5,5,3,2,85.0,80.0,85.0,80.0,75.0,80.0,85.0,70.0,40.0,40.0,2,2,1,1,2,2,1,1,2,1,2,2,2,1,1,2,2,1,1,1,1,2,2,1,2,2,1,1,1,2,1,1,1,2,1,2,1,2,1,1
1232,5,5,5,4,4,5,5,4,2,2,,30.0,,2.0,,,,5.0,4.0,2.0,6.0,,1.0,54.0,,,2.0,,,,,,,4.0,5.0,5.0,15.0,,1.0,,,,3.0,,1.0,5.0,,1.0,2.0,1.0,1.0,1.0,1.0,1.0,1.0,1.0,1.0,,,,,,,6,3,3,3,1,5,6,6,3,2,70.0,65.0,75.0,50.0,55.0,70.0,70.0,50.0,40.0,40.0,1,1,1,2,2,1,2,1,1,2,2,1,1,2,1,1,1,1,2,2,2,1,1,2,1,2,2,1,2,1,2,1,2,1,1,2,1,1,2,1
1867,5,5,5,5,5,5,5,5,1,1,,30.0,,2.0,4.0,3.0,2.0,,,,,6.0,1.0,54.0,,,2.0,,,,4.0,5.0,5.0,,,,15.0,,1.0,,,6.0,,,1.0,,5.0,,,,,,,,,,,1.0,1.0,1.0,1.0,1.0,1.0,6,3,3,3,3,5,5,5,3,2,70.0,70.0,75.0,70.0,65.0,70.0,75.0,70.0,30.0,30.0,1,2,1,2,1,2,2,1,1,2,2,2,1,1,1,2,1,1,2,2,2,2,1,2,1,2,2,1,2,1,2,1,1,2,1,2,1,2,1,1
1914,5,4,5,5,5,5,5,5,2,2,,30.0,,2.0,,,,5.0,4.0,2.0,6.0,,1.0,54.0,,,2.0,,,,,,,4.0,5.0,5.0,5.0,,1.0,,,,2.0,,1.0,5.0,,1.0,1.0,1.0,1.0,1.0,1.0,1.0,1.0,1.0,1.0,,,,,,,6,3,3,3,2,4,5,5,3,2,75.0,65.0,80.0,85.0,80.0,85.0,90.0,80.0,40.0,40.0,1,2,1,1,2,1,1,1,2,2,2,1,2,1,1,2,1,1,2,2,1,1,2,1,2,1,1,2,2,1,1,1,2,1,1,1,2,1,1,2
566,5,4,5,4,4,5,5,4,2,2,,30.0,,5.0,,,,5.0,4.0,2.0,6.0,,,,1.0,,2.0,,,,4.0,5.0,5.0,,,,,10.0,,2.0,3.0,,,2.0,,,5.0,,,,,,,,,,,1.0,1.0,1.0,1.0,1.0,1.0,6,3,3,3,1,5,5,5,3,2,70.0,60.0,75.0,55.0,50.0,70.0,70.0,55.0,40.0,40.0,1,2,1,1,1,2,2,1,1,2,2,1,1,2,2,1,1,2,1,1,2,1,1,1,2,2,2,1,1,2,2,1,1,1,1,2,1,1,2,1
415,4,4,4,4,4,4,4,4,2,2,,30.0,5.0,,3.0,4.0,3.0,,,,6.0,,1.0,54.0,,,2.0,,,,,,,4.0,5.0,5.0,,15.0,1.0,,,,3.0,,1.0,,5.0,1.0,1.0,1.0,1.0,1.0,1.0,1.0,1.0,1.0,1.0,,,,,,,6,3,2,3,1,5,6,5,3,2,70.0,70.0,70.0,70.0,70.0,70.0,70.0,70.0,30.0,30.0,2,2,1,1,2,2,2,2,1,1,2,1,1,2,1,1,2,2,2,1,1,2,1,1,1,1,1,2,2,1,2,2,2,2,1,2,1,1,2,1
209,5,5,5,1,2,5,5,1,1,1,,30.0,5.0,,4.0,4.0,3.0,,,,6.0,,,,1.0,,2.0,,,,4.0,5.0,5.0,,,,5.0,,1.0,,,4.0,,,1.0,,5.0,,,,,,,,,,,1.0,1.0,1.0,1.0,1.0,1.0,6,3,2,2,1,4,5,5,3,2,75.0,70.0,80.0,20.0,30.0,70.0,80.0,20.0,20.0,20.0,2,2,1,1,2,1,1,2,1,2,1,2,1,2,1,1,2,1,1,2,2,1,1,2,2,1,1,2,2,1,1,1,2,1,1,1,2,1,1,1
780,4,4,4,2,3,4,4,2,2,2,,30.0,5.0,,,,,4.0,4.0,2.0,6.0,,,,1.0,1.0,,,,,4.0,5.0,5.0,,,,,15.0,,1.0,,6.0,,1.0,,,5.0,1.0,1.0,1.0,1.0,1.0,1.0,1.0,1.0,1.0,1.0,,,,,,,6,3,3,3,2,4,5,5,3,2,65.0,65.0,65.0,40.0,40.0,65.0,65.0,40.0,40.0,40.0,2,1,1,1,1,2,2,2,1,2,1,2,2,1,1,2,1,2,1,1,2,1,1,2,2,1,2,1,2,1,1,1,1,1,2,1,1,2,2,1
1166,5,5,5,5,5,5,5,5,1,1,,30.0,,2.0,,,,5.0,5.0,1.0,,6.0,1.0,54.0,,1.0,,4.0,5.0,6.0,,,,,,,15.0,,,1.0,,4.0,,,1.0,,6.0,,,,,,,,,,,1.0,1.0,1.0,1.0,1.0,1.0,6,3,3,3,2,4,5,5,3,2,70.0,70.0,70.0,80.0,80.0,80.0,80.0,70.0,20.0,20.0,1,1,1,1,1,1,1,1,1,1,1,1,1,1,1,1,1,1,1,1,1,1,1,1,1,1,1,1,1,1,1,1,1,1,1,1,1,1,1,1
1015,5,5,5,5,5,5,5,5,1,1,,20.0,,2.0,,,,5.0,4.0,2.0,6.0,,,,1.0,,2.0,,,,5.0,5.0,6.0,,,,15.0,,1.0,,4.0,,,1.0,,6.0,,1.0,1.0,1.0,1.0,1.0,1.0,1.0,1.0,1.0,1.0,,,,,,,7,3,2,2,1,3,6,6,4,2,80.0,80.0,85.0,85.0,80.0,80.0,85.0,80.0,20.0,20.0,1,1,2,2,2,1,1,1,1,1,2,2,1,1,1,1,1,2,1,1,1,1,2,2,1,2,2,1,2,2,1,1,1,1,1,1,1,2,2,1
1609,4,4,4,3,4,4,4,3,2,2,,30.0,,2.0,,,,5.0,3.0,2.0,6.0,,1.0,54.0,,1.0,,2.0,4.0,5.0,,,,,,,15.0,,,1.0,,,3.0,,1.0,,5.0,,,,,,,,,,,1.0,1.0,1.0,1.0,1.0,1.0,6,3,2,2,2,4,5,5,3,2,60.0,55.0,60.0,40.0,45.0,50.0,50.0,35.0,30.0,30.0,2,1,2,1,2,2,1,1,1,2,2,1,2,2,1,1,2,1,2,2,1,1,1,1,1,1,2,2,2,1,1,2,2,2,2,1,2,2,2,1
1380,5,5,5,5,5,5,5,5,1,1,,30.0,5.0,,3.0,4.0,5.0,,,,,6.0,,,1.0,,2.0,,,,5.0,5.0,6.0,,,,15.0,,,1.0,,,3.0,2.0,,,6.0,1.0,1.0,1.0,1.0,1.0,1.0,1.0,1.0,1.0,1.0,,,,,,,6,3,2,2,2,5,6,6,4,2,75.0,75.0,85.0,90.0,85.0,90.0,90.0,80.0,20.0,20.0,1,1,2,1,2,2,1,2,2,1,2,2,2,2,1,2,1,1,1,1,1,1,1,1,1,1,1,1,1,1,1,1,1,1,2,1,2,1,1,1
1812,5,5,5,5,5,5,5,5,2,2,35.0,,5.0,,4.0,3.0,3.0,,,,,6.0,1.0,15.0,,1.0,,,,,5.0,5.0,5.0,,,,,15.0,,1.0,,,3.0,2.0,,,5.0,,,,,,,,,,,1.0,1.0,1.0,1.0,1.0,1.0,6,3,3,3,1,4,5,5,3,2,75.0,75.0,80.0,80.0,75.0,80.0,80.0,75.0,40.0,40.0,1,2,1,1,2,1,1,2,1,1,2,1,1,1,1,1,1,2,1,2,1,2,1,1,1,1,1,1,1,2,1,2,2,1,1,1,2,2,1,1
1961,5,5,5,5,5,5,5,5,2,2,,30.0,,2.0,4.0,3.0,5.0,,,,,6.0,,,1.0,,2.0,,,,,,,1.0,5.0,6.0,,18.0,1.0,,,4.0,,1.0,,,5.0,,,,,,,,,,,1.0,1.0,1.0,1.0,1.0,1.0,6,3,3,3,2,4,5,5,3,1,70.0,65.0,75.0,80.0,70.0,75.0,80.0,60.0,40.0,40.0,1,2,1,1,2,1,2,1,2,1,2,1,2,1,1,2,1,1,1,1,1,1,1,1,2,1,2,2,2,1,1,1,2,1,2,1,2,2,2,1
686,4,4,4,2,3,4,4,2,2,2,40.0,,,2.0,3.0,3.0,2.0,,,,,6.0,1.0,20.0,,1.0,,,,,,,,4.0,5.0,5.0,,15.0,1.0,,,4.0,,1.0,,5.0,,1.0,1.0,1.0,1.0,1.0,1.0,1.0,1.0,1.0,1.0,,,,,,,6,3,2,2,1,4,5,5,3,2,65.0,60.0,65.0,40.0,50.0,55.0,60.0,40.0,35.0,35.0,1,1,2,1,2,1,1,2,2,1,2,1,2,1,2,1,2,1,1,1,2,1,2,2,2,1,2,2,2,1,1,2,2,2,1,1,1,1,2,1
513,5,5,5,5,5,5,5,5,1,1,,30.0,6.0,,5.0,4.0,5.0,,,,6.0,,1.0,54.0,,1.0,,,,,,,,5.0,5.0,6.0,15.0,,1.0,,4.0,,,,1.0,,6.0,,,,,,,,,,,1.0,1.0,1.0,1.0,1.0,1.0,6,3,3,3,3,5,5,5,4,2,85.0,85.0,90.0,90.0,90.0,90.0,90.0,90.0,10.0,10.0,1,2,1,1,2,2,2,1,2,1,1,2,1,2,1,2,2,1,1,1,1,2,1,1,2,1,1,2,1,1,2,2,1,1,2,2,1,1,1,1
460,5,5,5,5,5,5,5,5,1,1,70.0,,,5.0,,,,5.0,4.0,2.0,6.0,,,,1.0,1.0,,,,,,,,4.0,5.0,6.0,,15.0,1.0,,4.0,,,,1.0,5.0,,1.0,1.0,1.0,1.0,1.0,1.0,1.0,1.0,1.0,1.0,,,,,,,6,2,3,3,1,4,5,5,3,2,85.0,80.0,85.0,85.0,80.0,85.0,85.0,80.0,20.0,20.0,1,2,1,1,2,1,1,1,1,2,2,1,1,1,1,1,1,2,1,2,1,2,1,2,1,1,1,1,1,2,1,1,1,1,1,1,1,1,1,1
1286,5,5,5,5,5,5,5,5,2,2,70.0,,5.0,,3.0,4.0,2.0,,,,6.0,,,,1.0,,2.0,,,,4.0,5.0,5.0,,,,15.0,,1.0,,,4.0,,1.0,,,5.0,,,,,,,,,,,1.0,1.0,1.0,1.0,1.0,1.0,6,3,3,3,2,5,6,6,3,2,75.0,75.0,80.0,80.0,75.0,75.0,80.0,70.0,40.0,40.0,1,1,1,1,2,1,1,2,2,2,1,1,2,2,1,1,2,1,1,2,2,1,1,2,1,2,1,1,1,2,1,2,1,2,1,1,1,2,1,1
1113,5,5,5,5,5,5,5,5,2,2,30.0,,,2.0,,,,5.0,4.0,2.0,,6.0,,,1.0,,2.0,4.0,5.0,5.0,,,,,,,,15.0,,1.0,,,3.0,2.0,,,5.0,1.0,1.0,1.0,1.0,1.0,1.0,1.0,1.0,1.0,1.0,,,,,,,6,3,2,2,1,5,6,6,3,2,85.0,80.0,85.0,85.0,80.0,85.0,85.0,80.0,30.0,30.0,1,2,1,2,1,1,2,1,1,2,1,2,1,1,1,2,1,1,2,1,1,1,2,2,1,1,2,2,2,1,1,1,1,2,1,1,1,1,2,1
1060,5,5,5,5,5,5,5,5,2,2,,30.0,,2.0,4.0,3.0,3.0,,,,6.0,,1.0,54.0,,,2.0,,,,5.0,5.0,6.0,,,,15.0,,,1.0,,,3.0,2.0,,,5.0,1.0,1.0,1.0,1.0,1.0,1.0,1.0,1.0,1.0,1.0,,,,,,,6,2,3,3,1,4,5,5,3,2,75.0,70.0,80.0,85.0,80.0,75.0,80.0,70.0,40.0,40.0,1,1,1,1,2,1,1,1,1,1,2,1,2,1,1,1,1,1,1,1,1,1,1,1,1,1,1,1,1,1,1,1,1,1,1,1,1,1,1,1
829,5,5,5,5,5,5,5,5,1,1,30.0,,,5.0,2.0,3.0,2.0,,,,,6.0,,,1.0,,2.0,,,,,,,4.0,5.0,5.0,,15.0,1.0,,3.0,,,1.0,,,5.0,1.0,1.0,1.0,1.0,1.0,1.0,1.0,1.0,1.0,1.0,,,,,,,6,3,3,3,2,5,6,6,3,2,75.0,75.0,80.0,80.0,75.0,75.0,80.0,75.0,25.0,25.0,2,2,2,1,2,1,2,2,1,2,2,2,2,1,2,2,2,1,1,2,2,2,1,1,1,2,2,2,2,1,1,2,1,1,2,2,1,2,2,2
128,4,4,4,2,3,4,4,2,1,1,30.0,,2.0,,5.0,4.0,3.0,,,,6.0,,,,1.0,,2.0,2.0,5.0,5.0,,,,,,,15.0,,1.0,,,4.0,,1.0,,,5.0,1.0,1.0,1.0,1.0,1.0,1.0,1.0,1.0,1.0,1.0,,,,,,,6,3,3,3,2,4,5,5,3,2,60.0,55.0,60.0,30.0,40.0,50.0,50.0,30.0,20.0,20.0,2,1,2,2,2,1,2,1,1,2,2,2,1,2,2,1,1,2,1,1,1,2,1,1,2,2,1,2,1,2,2,1,2,2,2,2,2,1,1,1
734,5,5,5,5,5,5,5,5,1,1,,30.0,5.0,,4.0,4.0,3.0,,,,,6.0,,,1.0,,2.0,,,,,,,5.0,5.0,6.0,,15.0,1.0,,,4.0,,,1.0,,6.0,,,,,,,,,,,1.0,1.0,1.0,1.0,1.0,1.0,6,3,3,3,2,4,5,5,4,2,75.0,75.0,80.0,80.0,75.0,80.0,80.0,75.0,20.0,20.0,2,2,1,1,2,2,1,1,2,1,1,2,1,2,2,2,1,2,1,1,2,2,1,1,1,1,1,1,1,1,1,1,1,1,1,1,1,1,1,1
647,4,4,5,5,4,5,5,4,2,2,65.0,,5.0,,4.0,3.0,3.0,,,,6.0,,1.0,54.0,,,2.0,,,,,,,3.0,5.0,5.0,15.0,,,2.0,,,3.0,2.0,,5.0,,,,,,,,,,,,1.0,1.0,1.0,1.0,1.0,1.0,6,3,3,3,3,5,6,6,4,2,65.0,60.0,75.0,70.0,65.0,75.0,80.0,60.0,40.0,40.0,1,1,1,2,1,1,2,1,2,1,1,1,1,1,2,1,1,2,1,1,1,1,2,1,1,1,1,1,1,1,1,1,1,1,1,1,1,1,1,1
1528,5,5,5,5,5,5,5,4,2,2,,30.0,,5.0,,,,5.0,4.0,2.0,,6.0,1.0,54.0,,,2.0,,,,4.0,5.0,5.0,,,,,15.0,,1.0,,,3.0,2.0,,5.0,,1.0,1.0,1.0,1.0,1.0,1.0,1.0,1.0,1.0,1.0,,,,,,,6,3,3,3,1,4,5,5,3,2,75.0,70.0,80.0,75.0,70.0,80.0,75.0,60.0,40.0,40.0,1,1,2,1,1,1,1,2,1,1,1,1,1,1,1,1,1,2,1,1,1,1,1,1,1,1,1,1,1,1,1,1,1,1,1,1,1,1,1,1
1334,5,5,5,5,5,5,5,5,1,1,,15.0,6.0,,,,,6.0,4.0,2.0,6.0,,,,1.0,1.0,,5.0,5.0,6.0,,,,,,,,15.0,1.0,,,,3.0,2.0,,6.0,,1.0,1.0,1.0,1.0,1.0,1.0,1.0,1.0,1.0,1.0,,,,,,,7,3,3,3,1,3,6,6,3,2,75.0,75.0,80.0,80.0,75.0,80.0,80.0,70.0,30.0,30.0,2,1,2,1,1,1,1,1,1,1,1,1,1,1,1,1,1,1,2,2,1,1,1,1,1,2,1,2,1,1,1,1,2,2,2,1,2,1,1,1
1247,5,5,5,5,5,5,5,5,2,2,,30.0,5.0,,4.0,3.0,3.0,,,,,6.0,1.0,54.0,,1.0,,,,,,,,4.0,5.0,6.0,,15.0,1.0,,,,3.0,1.0,,5.0,,,,,,,,,,,,1.0,1.0,1.0,1.0,1.0,1.0,6,3,3,3,1,3,6,6,3,2,75.0,70.0,80.0,70.0,65.0,70.0,75.0,60.0,40.0,40.0,1,1,1,2,2,1,2,1,1,1,1,1,1,1,1,1,1,1,1,1,1,1,1,1,1,1,1,1,1,1,1,1,1,1,1,1,1,1,1,1
1823,5,5,5,2,3,4,5,2,1,1,,30.0,,2.0,4.0,3.0,3.0,,,,,6.0,,,1.0,,2.0,,,,,,,4.0,5.0,5.0,18.0,,,2.0,,6.0,,1.0,,5.0,,1.0,1.0,1.0,1.0,1.0,1.0,1.0,1.0,1.0,1.0,,,,,,,6,2,2,2,1,3,3,3,3,2,75.0,70.0,80.0,40.0,50.0,60.0,70.0,40.0,30.0,30.0,1,1,2,1,1,1,2,1,2,2,1,1,1,2,1,1,1,2,1,1,1,1,1,1,1,1,1,1,1,1,1,1,1,1,1,1,1,2,2,1
1950,5,5,5,5,5,5,5,5,1,1,30.0,,,2.0,,,,4.0,4.0,2.0,6.0,,,,1.0,1.0,,2.0,5.0,5.0,,,,,,,18.0,,,1.0,,,3.0,,1.0,,5.0,1.0,1.0,1.0,1.0,1.0,1.0,1.0,1.0,1.0,1.0,,,,,,,6,3,3,3,3,5,5,5,3,2,75.0,75.0,80.0,85.0,80.0,85.0,90.0,80.0,20.0,20.0,1,1,2,2,1,2,1,2,1,2,2,1,2,2,1,1,1,1,1,1,1,1,1,1,2,1,1,2,2,1,1,1,2,2,2,1,1,1,1,2
1122,5,5,5,2,3,5,5,4,2,2,40.0,,5.0,,,,,5.0,4.0,2.0,6.0,,,,1.0,1.0,,,,,4.0,5.0,6.0,,,,,15.0,1.0,,,3.0,,1.0,,5.0,,,,,,,,,,,,1.0,1.0,1.0,1.0,1.0,1.0,6,3,3,3,2,4,5,5,3,2,75.0,70.0,80.0,40.0,50.0,80.0,70.0,60.0,40.0,40.0,2,1,1,1,2,2,1,1,2,1,1,2,2,1,1,2,1,1,1,1,1,1,1,1,1,1,2,1,1,1,1,2,1,2,2,1,2,1,1,1
1051,5,5,5,5,5,5,5,5,1,1,,30.0,6.0,,,,,5.0,4.0,2.0,6.0,,,,1.0,,2.0,,,,,,,4.0,5.0,5.0,15.0,,1.0,,,4.0,,2.0,,,6.0,1.0,1.0,1.0,1.0,1.0,1.0,1.0,1.0,1.0,1.0,,,,,,,6,3,3,3,2,4,5,5,3,2,85.0,80.0,85.0,80.0,75.0,85.0,80.0,75.0,20.0,20.0,1,1,2,1,2,1,1,1,1,1,1,2,1,1,1,2,1,1,2,2,1,1,2,2,1,1,2,1,1,1,2,1,1,1,2,1,1,1,1,1
522,5,5,5,5,5,5,5,5,1,2,,30.0,,5.0,4.0,3.0,5.0,,,,6.0,,,,1.0,1.0,,,,,1.0,5.0,5.0,,,,15.0,,1.0,,4.0,,,,1.0,,6.0,,,,,,,,,,,1.0,1.0,1.0,1.0,1.0,1.0,6,3,3,3,2,5,6,6,3,2,85.0,80.0,85.0,80.0,75.0,80.0,85.0,75.0,20.0,30.0,2,1,2,2,2,1,1,1,1,1,1,1,2,1,1,1,1,2,2,2,1,2,2,1,1,1,1,2,1,1,2,2,2,2,1,2,2,1,2,2
451,5,5,5,5,5,5,5,5,1,1,30.0,,6.0,,,,,4.0,3.0,2.0,,6.0,1.0,54.0,,1.0,,,,,5.0,5.0,6.0,,,,15.0,,1.0,,,7.0,,2.0,,,6.0,1.0,1.0,1.0,1.0,1.0,1.0,1.0,1.0,1.0,1.0,,,,,,,6,3,3,3,2,4,5,5,3,2,85.0,80.0,85.0,80.0,75.0,80.0,85.0,70.0,20.0,20.0,1,2,1,2,2,2,2,1,1,1,1,1,1,2,1,2,2,1,1,1,1,1,2,1,2,2,1,1,2,2,2,2,2,1,2,1,1,1,1,2
818,5,5,5,5,5,5,5,5,2,2,30.0,,4.0,,4.0,4.0,5.0,,,,6.0,,1.0,54.0,,1.0,,,,,,,,4.0,5.0,5.0,,10.0,1.0,,,,3.0,2.0,,5.0,,1.0,1.0,1.0,1.0,1.0,1.0,1.0,1.0,1.0,1.0,,,,,,,6,3,3,3,1,5,6,6,3,2,80.0,75.0,85.0,80.0,75.0,80.0,85.0,70.0,30.0,30.0,1,1,1,2,1,1,2,1,1,1,1,2,2,1,2,1,1,2,2,1,1,1,1,1,1,1,1,1,2,1,1,1,1,1,1,1,2,2,2,1
1991,5,5,5,5,5,5,5,5,2,2,,30.0,,4.0,3.0,4.0,5.0,,,,,6.0,,,1.0,1.0,,,,,5.0,5.0,6.0,,,,,15.0,1.0,,4.0,,,,1.0,,5.0,1.0,1.0,1.0,1.0,1.0,1.0,1.0,1.0,1.0,1.0,,,,,,,6,3,2,2,2,5,6,6,3,2,80.0,75.0,85.0,80.0,75.0,80.0,85.0,70.0,30.0,30.0,1,1,1,2,1,1,1,1,1,1,1,2,1,2,1,1,2,1,1,1,2,1,1,1,2,1,1,1,1,1,1,1,2,1,2,1,1,1,2,1
1519,5,5,5,5,5,5,5,5,1,1,,30.0,,5.0,,,,5.0,4.0,2.0,,6.0,1.0,54.0,,,2.0,,,,,,,4.0,5.0,6.0,,15.0,1.0,,4.0,,,,1.0,5.0,,1.0,1.0,1.0,1.0,1.0,1.0,1.0,1.0,1.0,1.0,,,,,,,6,3,3,3,1,3,6,6,3,2,75.0,75.0,80.0,85.0,80.0,85.0,85.0,80.0,20.0,20.0,1,1,1,1,1,1,1,1,1,1,1,1,1,1,1,1,1,1,1,1,1,1,1,1,1,1,1,1,1,1,1,1,1,1,1,1,1,1,1,1
1090,5,5,5,5,5,5,5,5,1,1,,30.0,5.0,,,,,4.0,4.0,2.0,,6.0,1.0,54.0,,1.0,,4.0,5.0,5.0,,,,,,,,15.0,1.0,,,,3.0,,1.0,,5.0,1.0,1.0,1.0,1.0,1.0,1.0,1.0,1.0,1.0,1.0,,,,,,,6,3,3,3,2,4,6,6,3,1,75.0,70.0,80.0,75.0,70.0,75.0,80.0,70.0,40.0,40.0,1,1,1,1,1,2,1,1,2,1,2,2,1,1,1,2,2,1,2,2,2,2,1,1,1,1,2,1,1,1,1,2,2,1,2,2,1,2,1,1
1305,5,5,5,5,5,5,5,5,2,2,,30.0,6.0,,,,,3.0,4.0,2.0,,6.0,1.0,54.0,,1.0,,4.0,5.0,5.0,,,,,,,18.0,,,1.0,4.0,,,,1.0,,5.0,,,,,,,,,,,1.0,1.0,1.0,1.0,1.0,1.0,6,3,2,2,2,4,6,6,3,2,80.0,75.0,85.0,80.0,75.0,80.0,85.0,70.0,40.0,40.0,1,2,1,1,1,2,1,1,1,2,1,2,2,1,1,2,1,1,1,1,1,2,1,2,1,1,1,2,2,1,1,2,2,1,1,1,2,1,1,1
1276,5,5,5,5,5,5,5,5,1,1,30.0,,4.0,,3.0,4.0,2.0,,,,,6.0,,,1.0,,2.0,,,,2.0,5.0,5.0,,,,15.0,,,1.0,,4.0,,2.0,,,5.0,,,,,,,,,,,1.0,1.0,1.0,1.0,1.0,1.0,6,3,3,3,1,4,5,5,3,2,75.0,70.0,80.0,75.0,70.0,75.0,80.0,70.0,30.0,30.0,1,1,1,1,1,1,1,1,1,1,1,1,1,1,1,1,1,1,1,1,1,1,1,1,1,1,1,1,1,1,1,1,1,1,1,1,1,1,1,1
119,4,4,4,2,3,4,4,2,2,2,,30.0,,2.0,,,,5.0,4.0,2.0,,6.0,1.0,54.0,,1.0,,,,,2.0,5.0,5.0,,,,15.0,,,1.0,3.0,,,1.0,,5.0,,,,,,,,,,,,1.0,1.0,1.0,1.0,1.0,1.0,6,3,3,3,3,5,6,6,3,2,65.0,60.0,60.0,40.0,40.0,60.0,60.0,40.0,40.0,40.0,2,1,1,1,1,2,2,2,1,1,2,1,1,2,1,2,1,2,1,1,1,2,2,1,1,1,2,2,2,1,1,2,1,2,1,2,1,1,1,1
490,5,4,5,4,4,5,5,4,2,2,30.0,,,2.0,,,,5.0,4.0,2.0,,6.0,,,1.0,,2.0,4.0,5.0,5.0,,,,,,,18.0,,,1.0,,4.0,,2.0,,5.0,,1.0,1.0,1.0,1.0,1.0,1.0,1.0,1.0,1.0,1.0,,,,,,,6,3,3,3,2,5,6,6,3,2,70.0,60.0,75.0,50.0,55.0,65.0,70.0,50.0,40.0,40.0,1,2,1,1,1,2,1,1,2,1,1,2,1,1,2,1,1,2,1,1,1,2,1,1,1,1,2,1,1,2,1,1,1,2,1,2,1,1,1,2
705,5,5,5,5,5,5,5,5,1,1,30.0,,6.0,,,,,6.0,5.0,2.0,,6.0,1.0,54.0,,,2.0,,,,5.0,5.0,6.0,,,,,15.0,1.0,,,,3.0,2.0,,6.0,,1.0,1.0,1.0,1.0,1.0,1.0,1.0,1.0,1.0,1.0,,,,,,,6,3,2,2,2,5,6,6,3,2,85.0,80.0,85.0,80.0,75.0,80.0,85.0,75.0,20.0,20.0,1,1,1,1,1,1,1,1,1,1,1,1,1,1,1,1,1,1,1,1,1,1,1,1,1,1,1,1,1,1,1,1,1,1,1,1,1,1,1,1
676,5,5,5,5,5,5,5,5,1,1,,30.0,,2.0,4.0,3.0,3.0,,,,6.0,,,,1.0,1.0,,4.0,5.0,5.0,,,,,,,15.0,,,1.0,4.0,,,1.0,,,5.0,1.0,1.0,1.0,1.0,1.0,1.0,1.0,1.0,1.0,1.0,,,,,,,6,3,3,3,2,4,5,5,3,2,75.0,75.0,80.0,80.0,75.0,80.0,80.0,75.0,25.0,25.0,1,1,2,1,1,2,2,1,1,1,2,1,1,1,2,1,2,1,1,1,1,1,1,1,2,1,1,2,1,2,1,2,1,1,2,1,1,1,1,2
1897,5,5,5,5,5,5,5,5,1,1,,15.0,,2.0,,,,4.0,5.0,2.0,6.0,,1.0,54.0,,1.0,,4.0,5.0,5.0,,,,,,,,15.0,,1.0,,4.0,,,1.0,5.0,,1.0,1.0,1.0,1.0,1.0,1.0,1.0,1.0,1.0,1.0,,,,,,,6,3,3,3,3,5,6,6,3,2,75.0,75.0,80.0,70.0,70.0,80.0,80.0,70.0,20.0,20.0,1,1,2,1,1,1,1,1,1,1,2,2,1,1,2,2,2,1,1,1,1,1,1,1,1,1,1,1,1,1,1,1,1,1,1,1,1,2,1,1
1370,4,4,4,2,3,4,4,2,2,2,30.0,,5.0,,,,,5.0,4.0,2.0,6.0,,,,1.0,,2.0,,,,,,,2.0,5.0,5.0,3.0,,1.0,,,4.0,,2.0,,5.0,,,,,,,,,,,,1.0,1.0,1.0,1.0,1.0,1.0,6,3,3,3,2,4,4,4,3,2,60.0,55.0,60.0,30.0,40.0,55.0,50.0,25.0,25.0,25.0,1,2,1,2,2,1,2,1,1,1,1,2,2,1,2,2,1,2,1,1,2,2,1,2,2,2,2,1,1,1,1,2,1,2,2,1,1,1,1,2
1203,4,4,4,2,3,4,4,2,2,2,35.0,,,2.0,4.0,3.0,2.0,,,,6.0,,,,1.0,,2.0,3.0,5.0,5.0,,,,,,,15.0,,1.0,,,,3.0,2.0,,,5.0,1.0,1.0,1.0,1.0,1.0,1.0,1.0,1.0,1.0,1.0,,,,,,,6,3,2,2,2,4,5,5,3,2,65.0,65.0,65.0,40.0,40.0,50.0,60.0,30.0,30.0,30.0,1,1,2,1,2,2,2,1,2,2,1,1,1,2,1,1,1,1,1,2,2,2,1,1,2,2,2,2,2,2,1,1,1,1,1,2,1,2,1,1
1196,5,5,5,5,5,5,5,5,2,2,30.0,,,2.0,5.0,4.0,5.0,,,,,6.0,,,1.0,1.0,,2.0,5.0,5.0,,,,,,,15.0,,1.0,,,,3.0,1.0,,5.0,,1.0,1.0,1.0,1.0,1.0,1.0,1.0,1.0,1.0,1.0,,,,,,,6,3,3,3,1,5,6,6,3,2,80.0,75.0,85.0,80.0,75.0,80.0,85.0,70.0,40.0,40.0,2,2,1,1,1,1,1,1,2,1,2,2,1,2,1,1,2,1,2,1,1,1,2,1,2,2,2,1,2,1,1,1,1,2,1,2,1,1,1,2
770,4,4,4,1,1,1,4,1,4,1,40.0,,5.0,,4.0,3.0,2.0,,,,6.0,,,,1.0,1.0,,,,,4.0,5.0,5.0,,,,,15.0,1.0,,4.0,,,,1.0,,5.0,,,,,,,,,,,1.0,1.0,1.0,1.0,1.0,1.0,6,3,3,3,2,5,5,5,3,2,65.0,65.0,65.0,20.0,20.0,20.0,60.0,20.0,20.0,20.0,1,1,1,1,1,1,1,1,1,1,1,1,1,1,1,1,1,1,1,1,1,1,1,1,1,1,1,1,1,1,1,1,1,1,1,2,1,2,1,1
603,5,5,5,5,5,5,5,5,1,1,30.0,,,4.0,,,,5.0,4.0,2.0,6.0,,,,1.0,1.0,,4.0,5.0,5.0,,,,,,,,10.0,1.0,,4.0,,,2.0,,5.0,,1.0,1.0,1.0,1.0,1.0,1.0,1.0,1.0,1.0,1.0,,,,,,,6,3,3,3,2,3,5,5,3,2,85.0,80.0,85.0,90.0,85.0,90.0,90.0,80.0,20.0,20.0,1,1,2,1,1,1,2,2,1,2,2,1,1,2,1,2,1,1,2,1,2,2,1,1,2,2,1,2,1,2,1,1,1,1,1,2,1,1,1,1
596,5,5,5,5,5,5,5,5,1,1,,30.0,5.0,,,,,5.0,4.0,2.0,,6.0,,,1.0,,2.0,,,,,,,4.0,5.0,5.0,15.0,,,1.0,4.0,,,1.0,,5.0,,1.0,1.0,1.0,1.0,1.0,1.0,1.0,1.0,1.0,1.0,,,,,,,6,3,3,3,2,3,5,5,3,2,75.0,75.0,75.0,75.0,75.0,75.0,75.0,75.0,25.0,25.0,1,1,1,1,1,1,1,1,1,2,2,2,1,1,1,2,1,2,2,1,1,1,1,1,1,1,1,1,1,1,1,1,1,1,1,1,1,1,1,1
1856,5,5,5,5,5,5,5,5,1,1,,30.0,6.0,,3.0,4.0,5.0,,,,6.0,,1.0,54.0,,1.0,,,,,,,,4.0,5.0,6.0,,15.0,1.0,,,4.0,,,1.0,,5.0,1.0,1.0,1.0,1.0,1.0,1.0,1.0,1.0,1.0,1.0,,,,,,,6,3,3,3,2,5,6,6,3,2,80.0,75.0,80.0,70.0,70.0,75.0,80.0,70.0,30.0,30.0,2,1,1,1,1,1,2,1,1,1,2,2,1,1,1,1,2,2,1,2,2,1,1,1,2,2,1,1,1,1,1,1,1,1,1,2,1,1,2,1
1925,5,5,5,5,5,5,5,5,1,1,30.0,,5.0,,,,,5.0,4.0,2.0,,6.0,1.0,54.0,,,2.0,,,,,,,4.0,5.0,5.0,,15.0,,1.0,,4.0,,,1.0,5.0,,,,,,,,,,,,1.0,1.0,1.0,1.0,1.0,1.0,6,3,3,3,3,5,5,5,3,2,75.0,75.0,80.0,80.0,75.0,80.0,80.0,75.0,25.0,25.0,1,2,1,2,1,1,2,1,1,1,1,1,1,1,1,1,1,2,1,1,1,1,1,1,1,2,1,1,1,1,1,1,1,1,1,1,1,1,1,1
1157,5,4,5,4,4,5,5,4,2,2,,30.0,5.0,,4.0,4.0,3.0,,,,6.0,,1.0,54.0,,1.0,,,,,,,,4.0,5.0,5.0,,15.0,1.0,,4.0,,,,1.0,5.0,,1.0,1.0,1.0,1.0,1.0,1.0,1.0,1.0,1.0,1.0,,,,,,,5,2,2,2,2,5,5,5,3,2,75.0,70.0,80.0,65.0,65.0,80.0,80.0,70.0,40.0,40.0,2,1,1,1,1,2,1,2,2,1,1,2,1,1,2,1,2,1,1,2,1,2,1,2,1,1,1,2,1,1,2,1,2,1,2,1,2,1,1,1
1024,5,5,5,1,1,1,5,1,1,1,30.0,,2.0,,,,,6.0,5.0,2.0,,6.0,,,2.0,1.0,,2.0,5.0,5.0,,,,,,,10.0,,2.0,,,4.0,,1.0,,,5.0,,,,,,,,,,,1.0,1.0,1.0,1.0,1.0,1.0,6,3,3,3,3,5,5,5,3,2,70.0,70.0,75.0,20.0,20.0,20.0,70.0,20.0,20.0,20.0,2,2,2,1,2,2,1,2,1,1,2,1,1,2,1,1,1,1,1,1,1,1,1,1,1,1,1,2,2,1,1,1,1,2,2,2,1,2,1,1
1638,5,5,5,5,5,5,5,5,2,2,,30.0,,2.0,,,,4.0,4.0,2.0,,6.0,,,1.0,,2.0,,,,5.0,5.0,5.0,,,,,15.0,1.0,,,,3.0,2.0,,,5.0,1.0,1.0,1.0,1.0,1.0,1.0,1.0,1.0,1.0,1.0,,,,,,,6,3,3,3,1,3,5,5,3,2,75.0,75.0,75.0,75.0,75.0,75.0,75.0,75.0,25.0,25.0,1,2,2,1,2,2,1,1,1,1,1,1,2,1,1,1,1,1,1,1,1,2,1,2,1,1,1,2,2,1,1,2,1,1,1,1,2,2,1,2
557,5,5,5,5,5,5,5,5,1,1,,30.0,,2.0,,,,4.0,3.0,2.0,,6.0,1.0,54.0,,1.0,,,,,4.0,5.0,6.0,,,,,15.0,1.0,,,4.0,,,1.0,,6.0,,,,,,,,,,,1.0,1.0,1.0,1.0,1.0,1.0,6,3,3,3,3,5,5,5,4,2,75.0,70.0,80.0,70.0,65.0,70.0,75.0,60.0,40.0,40.0,1,1,1,1,1,1,1,1,1,1,1,1,1,1,1,1,1,1,1,1,1,1,1,1,1,1,1,1,1,1,1,1,1,1,1,1,1,1,1,1
424,4,4,4,4,4,4,4,4,2,2,35.0,,5.0,,,,,4.0,5.0,2.0,,6.0,,,1.0,1.0,,,,,,,,4.0,5.0,6.0,15.0,,1.0,,,,4.0,,1.0,,5.0,1.0,1.0,1.0,1.0,1.0,1.0,1.0,1.0,1.0,1.0,,,,,,,6,3,3,3,3,5,6,6,3,2,65.0,65.0,65.0,65.0,65.0,65.0,65.0,65.0,35.0,35.0,2,1,2,1,2,2,2,1,1,1,1,1,2,1,1,1,1,1,1,1,1,1,1,1,1,1,1,1,1,1,1,1,1,1,1,1,1,1,1,1
238,5,5,5,5,5,5,5,5,1,1,,30.0,,2.0,4.0,3.0,2.0,,,,,6.0,1.0,54.0,,,2.0,4.0,5.0,5.0,,,,,,,,15.0,,1.0,6.0,,,1.0,,,5.0,,,,,,,,,,,1.0,1.0,1.0,1.0,1.0,1.0,6,3,2,3,2,5,6,6,4,2,85.0,80.0,90.0,85.0,80.0,85.0,90.0,80.0,20.0,20.0,2,2,1,1,1,2,2,1,1,2,2,1,1,1,1,1,1,2,1,1,2,1,1,1,1,1,1,1,1,2,2,2,1,1,1,1,1,1,1,1
1209,5,5,5,5,5,5,5,5,1,1,,30.0,,5.0,4.0,4.0,3.0,,,,,6.0,,,1.0,,2.0,2.0,5.0,5.0,,,,,,,,15.0,1.0,,,,3.0,,1.0,5.0,,,,,,,,,,,,1.0,1.0,1.0,1.0,1.0,1.0,6,3,3,3,2,4,5,5,3,2,75.0,75.0,80.0,80.0,75.0,80.0,80.0,75.0,20.0,20.0,2,1,2,2,1,1,1,2,2,1,1,1,2,1,1,2,2,1,1,1,1,2,1,1,2,1,2,2,2,2,2,2,2,1,1,1,1,1,2,2
1780,5,5,5,5,5,5,5,5,1,1,30.0,,,2.0,5.0,3.0,5.0,,,,6.0,,1.0,54.0,,,2.0,,,,2.0,5.0,5.0,,,,,15.0,,2.0,5.0,,,2.0,,5.0,,1.0,1.0,1.0,1.0,1.0,1.0,1.0,1.0,1.0,1.0,,,,,,,6,2,3,3,1,4,5,5,3,2,80.0,75.0,80.0,75.0,70.0,80.0,85.0,70.0,20.0,20.0,1,1,1,1,2,2,1,2,2,1,1,2,1,1,1,1,1,1,1,1,1,1,1,1,2,2,2,1,1,1,2,2,1,1,2,1,1,1,1,1
1566,4,4,4,4,4,4,4,4,1,1,40.0,,,2.0,5.0,4.0,3.0,,,,,6.0,,,1.0,1.0,,,,,,,,4.0,5.0,6.0,,15.0,,2.0,,5.0,,,1.0,5.0,,,,,,,,,,,,1.0,1.0,1.0,1.0,1.0,1.0,6,3,3,3,3,4,4,4,3,2,65.0,65.0,65.0,65.0,65.0,65.0,65.0,65.0,35.0,35.0,1,1,2,1,1,2,1,2,1,1,1,1,2,1,1,2,1,1,1,1,2,2,1,1,2,1,1,1,2,1,1,2,1,2,1,1,1,2,1,1
1415,5,5,5,5,5,5,5,4,2,2,,30.0,6.0,,,,,5.0,4.0,2.0,6.0,,,,1.0,,2.0,,,,,,,4.0,5.0,5.0,,15.0,,1.0,,,3.0,,1.0,,5.0,,,,,,,,,,,1.0,1.0,1.0,1.0,1.0,1.0,6,3,3,3,1,5,6,6,3,2,75.0,70.0,80.0,75.0,70.0,75.0,80.0,60.0,40.0,40.0,1,1,1,1,1,1,1,1,1,1,1,1,1,1,1,1,1,1,1,1,1,1,1,1,1,1,1,1,1,1,1,1,1,1,1,1,1,1,1,1
609,5,5,5,5,5,5,5,5,2,2,35.0,,,2.0,,,,4.0,3.0,2.0,6.0,,1.0,54.0,,1.0,,,,,5.0,5.0,6.0,,,,,15.0,,1.0,5.0,,,1.0,,5.0,,,,,,,,,,,,1.0,1.0,1.0,1.0,1.0,1.0,6,3,2,2,3,5,6,6,4,2,75.0,70.0,80.0,75.0,70.0,75.0,80.0,70.0,40.0,40.0,2,1,1,1,2,1,2,1,1,2,2,2,1,2,1,2,1,2,1,2,1,1,1,1,2,1,1,1,2,1,1,1,2,1,2,1,1,2,1,1
380,4,4,4,2,2,4,4,2,2,2,40.0,,4.0,,3.0,4.0,2.0,,,,,6.0,1.0,54.0,,,2.0,3.0,5.0,5.0,,,,,,,,15.0,1.0,,,,3.0,1.0,,,5.0,,,,,,,,,,,1.0,1.0,1.0,1.0,1.0,1.0,6,3,2,3,2,5,6,5,3,2,65.0,60.0,60.0,40.0,40.0,60.0,60.0,40.0,40.0,40.0,2,1,1,2,2,1,1,1,1,1,1,2,2,1,1,1,1,2,1,1,2,1,2,1,1,2,1,1,1,1,1,2,1,2,2,2,1,1,1,2
166,5,5,5,4,4,4,5,3,2,2,,30.0,5.0,,4.0,3.0,5.0,,,,6.0,,,,1.0,,2.0,,,,3.0,5.0,5.0,,,,18.0,,,1.0,,4.0,,1.0,,5.0,,1.0,1.0,1.0,1.0,1.0,1.0,1.0,1.0,1.0,1.0,,,,,,,6,2,3,3,1,4,5,5,3,2,70.0,70.0,75.0,50.0,50.0,50.0,70.0,40.0,30.0,30.0,2,1,2,1,1,2,2,2,1,1,1,2,2,1,2,2,1,2,2,1,1,1,2,2,1,2,1,2,2,1,1,2,1,2,2,1,2,1,1,1
867,5,5,5,4,4,5,5,4,2,3,,30.0,5.0,,4.0,4.0,2.0,,,,,6.0,,,1.0,,2.0,,,,,,,4.0,5.0,5.0,15.0,,,1.0,,4.0,,2.0,,5.0,,,,,,,,,,,,1.0,1.0,1.0,1.0,1.0,1.0,6,3,3,3,2,5,6,6,3,2,70.0,70.0,75.0,60.0,60.0,70.0,70.0,50.0,40.0,50.0,1,2,2,1,2,1,1,1,1,2,1,1,1,2,2,1,1,2,1,2,1,1,1,1,2,1,2,1,2,1,1,2,1,1,1,1,1,2,1,1
914,5,5,5,2,2,5,5,2,2,2,,30.0,5.0,,,,,5.0,4.0,2.0,,6.0,,,1.0,1.0,,2.0,5.0,5.0,,,,,,,10.0,,1.0,,,,3.0,,1.0,5.0,,,,,,,,,,,,1.0,1.0,1.0,1.0,1.0,1.0,6,3,3,3,1,5,5,5,3,2,70.0,70.0,70.0,40.0,40.0,70.0,70.0,40.0,40.0,40.0,1,1,2,1,1,2,1,2,2,1,2,2,1,2,1,1,1,1,1,2,1,2,1,1,1,1,1,1,1,2,1,1,2,1,2,1,1,2,2,1
1741,5,5,5,5,5,5,5,5,1,1,30.0,,,6.0,,,,6.0,4.0,2.0,,6.0,,,1.0,,2.0,,,,5.0,5.0,6.0,,,,,15.0,1.0,,,4.0,,2.0,,,6.0,,,,,,,,,,,1.0,1.0,1.0,1.0,1.0,1.0,6,3,3,3,2,5,6,6,3,2,85.0,80.0,85.0,80.0,75.0,80.0,85.0,75.0,20.0,20.0,1,2,2,1,1,2,1,1,1,1,1,1,1,1,1,1,1,1,1,1,1,1,1,1,1,1,1,1,1,1,1,1,1,1,1,1,1,1,1,1
1632,5,5,5,5,5,5,5,5,2,2,,30.0,,2.0,,,,5.0,4.0,2.0,,6.0,,,1.0,1.0,,,,,,,,4.0,5.0,6.0,,15.0,,1.0,,,3.0,2.0,,,5.0,1.0,1.0,1.0,1.0,1.0,1.0,1.0,1.0,1.0,1.0,,,,,,,6,3,3,3,1,5,6,6,3,2,85.0,80.0,85.0,80.0,75.0,80.0,85.0,75.0,40.0,40.0,1,1,2,2,1,2,2,1,2,1,1,2,1,2,1,1,2,1,1,1,2,1,1,1,1,1,1,2,1,1,1,1,1,1,2,1,2,2,2,1
341,5,5,5,5,5,5,5,5,1,1,30.0,,5.0,,4.0,4.0,3.0,,,,6.0,,,,1.0,1.0,,5.0,5.0,6.0,,,,,,,18.0,,,1.0,,,3.0,,1.0,,6.0,1.0,1.0,1.0,1.0,1.0,1.0,1.0,1.0,1.0,1.0,,,,,,,6,3,2,3,2,4,5,5,3,2,75.0,75.0,80.0,80.0,75.0,80.0,80.0,75.0,20.0,20.0,1,1,1,1,1,1,1,1,1,1,1,1,1,1,1,1,1,1,1,1,1,1,1,1,1,1,1,1,1,1,1,2,1,1,1,1,1,1,1,1
232,4,4,4,1,1,1,1,1,1,1,30.0,,2.0,,3.0,4.0,3.0,,,,6.0,,,,1.0,1.0,,1.0,5.0,1.0,,,,,,,,15.0,,2.0,2.0,,,,1.0,5.0,,,,,,,,,,,,1.0,1.0,1.0,1.0,1.0,1.0,6,3,3,3,3,5,5,5,3,2,60.0,60.0,60.0,20.0,20.0,20.0,20.0,20.0,20.0,20.0,2,2,2,2,1,2,1,2,1,1,2,1,1,1,1,2,1,2,1,1,1,2,1,1,1,1,2,1,1,1,1,1,1,1,2,2,1,2,2,1
4,5,5,5,5,5,5,5,5,1,1,,30.0,,2.0,,,,5.0,4.0,2.0,,6.0,,,1.0,,2.0,,,,4.0,5.0,6.0,,,,,15.0,,1.0,,,3.0,2.0,,5.0,,1.0,1.0,1.0,1.0,1.0,1.0,1.0,1.0,1.0,1.0,,,,,,,6,3,3,3,2,4,5,5,3,2,75.0,75.0,80.0,80.0,80.0,80.0,80.0,70.0,20.0,20.0,1,1,1,2,1,1,1,1,1,1,1,1,2,2,1,1,1,2,1,1,2,1,1,1,1,1,2,1,1,1,2,1,1,1,1,1,1,2,1,1
2041,5,5,5,5,5,5,5,5,1,1,30.0,,,5.0,4.0,4.0,3.0,,,,,6.0,,,1.0,1.0,,,,,,,,4.0,5.0,6.0,,15.0,1.0,,,4.0,,,1.0,5.0,,1.0,1.0,1.0,1.0,1.0,1.0,1.0,1.0,1.0,1.0,,,,,,,6,3,3,3,1,5,5,5,3,2,75.0,75.0,80.0,80.0,75.0,80.0,80.0,75.0,25.0,25.0,2,2,1,1,1,1,1,1,1,2,2,2,1,2,1,2,1,1,1,1,1,1,1,1,1,1,1,1,1,1,1,1,1,1,1,1,1,1,1,1
30,5,5,5,5,5,5,5,5,1,1,,30.0,,2.0,,,,6.0,4.0,2.0,6.0,,1.0,54.0,,,2.0,,,,,,,4.0,5.0,6.0,15.0,,,1.0,4.0,,,,1.0,,5.0,,,,,,,,,,,1.0,1.0,1.0,1.0,1.0,1.0,6,3,3,3,3,5,6,6,3,2,75.0,70.0,80.0,70.0,65.0,70.0,75.0,70.0,30.0,30.0,1,1,2,1,2,2,1,1,1,2,1,1,1,1,1,2,1,2,1,1,2,1,1,2,2,1,1,1,1,1,1,2,1,1,1,2,2,1,2,1
1734,5,5,5,5,5,5,5,5,1,2,30.0,,4.0,,,,,5.0,4.0,2.0,6.0,,,,1.0,,2.0,,,,2.0,5.0,5.0,,,,15.0,,,2.0,,6.0,,2.0,,5.0,,,,,,,,,,,,1.0,1.0,1.0,1.0,1.0,1.0,6,3,3,3,2,4,5,5,3,2,85.0,80.0,85.0,80.0,75.0,80.0,85.0,70.0,20.0,30.0,1,1,2,1,1,1,2,1,2,1,1,2,2,1,2,1,2,1,2,1,1,1,1,2,1,1,2,2,1,1,1,1,1,2,2,1,1,2,2,1
1647,5,5,5,5,5,5,5,4,2,2,,30.0,6.0,,3.0,4.0,5.0,,,,,7.0,,,1.0,,2.0,,,,4.0,5.0,5.0,,,,,15.0,1.0,,,4.0,,2.0,,5.0,,,,,,,,,,,,1.0,1.0,1.0,1.0,1.0,1.0,6,3,3,3,2,4,5,5,3,2,75.0,70.0,80.0,70.0,65.0,75.0,80.0,60.0,40.0,40.0,1,1,1,1,2,1,1,1,2,1,2,1,1,2,1,2,1,2,2,1,1,1,2,1,2,1,2,1,1,2,1,2,1,2,1,2,1,1,1,2
1128,5,5,5,5,5,5,5,5,2,2,,30.0,6.0,,,,,5.0,4.0,2.0,6.0,,1.0,54.0,,1.0,,4.0,5.0,5.0,,,,,,,,15.0,1.0,,,4.0,,2.0,,5.0,,,,,,,,,,,,1.0,1.0,1.0,1.0,1.0,1.0,6,3,3,3,1,5,5,5,3,2,80.0,80.0,85.0,85.0,80.0,80.0,85.0,80.0,30.0,30.0,1,2,1,1,2,1,1,2,1,1,2,1,2,1,1,1,2,2,1,1,1,2,1,2,1,2,2,1,1,1,1,2,1,1,1,1,1,1,1,1
334,5,5,5,4,4,5,5,4,2,3,35.0,,5.0,,4.0,5.0,3.0,,,,,6.0,1.0,15.0,,1.0,,,,,5.0,5.0,6.0,,,,18.0,,,1.0,,,3.0,,1.0,5.0,,,,,,,,,,,,1.0,1.0,1.0,1.0,1.0,1.0,6,3,2,3,3,5,5,5,3,2,75.0,70.0,80.0,65.0,60.0,75.0,80.0,55.0,40.0,50.0,1,1,2,2,1,1,1,1,1,1,1,1,1,1,1,1,1,1,2,1,1,1,1,2,1,2,2,2,1,1,1,1,1,1,2,1,1,1,2,1
247,5,5,5,5,5,5,5,4,2,2,,30.0,6.0,,4.0,3.0,5.0,,,,6.0,,,,1.0,,2.0,2.0,5.0,5.0,,,,,,,15.0,,1.0,,,,3.0,,1.0,,5.0,1.0,1.0,1.0,1.0,1.0,1.0,1.0,1.0,1.0,1.0,,,,,,,6,3,3,3,2,4,5,5,3,2,75.0,70.0,80.0,75.0,70.0,75.0,80.0,60.0,40.0,40.0,1,1,1,1,1,2,2,1,1,1,1,1,1,1,1,1,1,1,1,1,1,1,1,1,1,1,1,1,1,2,1,1,1,1,1,1,1,1,1,1
528,5,5,5,5,5,5,5,5,1,2,,30.0,,6.0,3.0,4.0,5.0,,,,6.0,,1.0,54.0,,1.0,,,,,5.0,5.0,6.0,,,,,10.0,,1.0,,,3.0,2.0,,,6.0,1.0,1.0,1.0,1.0,1.0,1.0,1.0,1.0,1.0,1.0,,,,,,,6,3,3,3,1,5,6,6,3,2,85.0,80.0,85.0,80.0,75.0,80.0,85.0,75.0,20.0,30.0,1,1,2,2,1,1,2,1,2,1,1,2,1,2,1,2,1,1,2,1,1,1,1,2,1,1,1,1,2,1,2,1,1,2,1,2,1,1,1,1
45,4,4,5,2,3,4,5,2,1,1,70.0,,,2.0,5.0,4.0,3.0,,,,6.0,,,,1.0,,2.0,,,,4.0,5.0,5.0,,,,15.0,,,1.0,,5.0,,2.0,,5.0,,1.0,1.0,1.0,1.0,1.0,1.0,1.0,1.0,1.0,1.0,,,,,,,6,3,3,3,1,4,5,5,3,2,60.0,55.0,70.0,30.0,40.0,50.0,65.0,25.0,15.0,10.0,2,1,1,1,2,2,1,2,1,2,2,1,1,1,1,1,1,2,1,1,1,1,1,1,2,1,2,1,1,1,2,1,1,2,1,1,2,1,2,2
2034,5,5,5,5,5,5,5,5,1,1,70.0,,5.0,,,,,5.0,5.0,2.0,6.0,,,,2.0,,2.0,,,,5.0,5.0,6.0,,,,,15.0,1.0,,,,3.0,,1.0,,6.0,,,,,,,,,,,1.0,1.0,1.0,1.0,1.0,1.0,6,3,2,2,2,5,6,6,4,2,75.0,75.0,80.0,80.0,75.0,80.0,80.0,75.0,20.0,20.0,1,1,1,1,2,1,2,2,1,1,1,2,1,2,1,1,2,1,1,1,1,1,2,2,1,1,2,1,1,1,1,2,2,1,1,1,1,1,1,1
1829,5,5,5,5,5,5,5,5,1,1,,15.0,6.0,,,,,5.0,4.0,2.0,6.0,,1.0,54.0,,,2.0,4.0,5.0,6.0,,,,,,,15.0,,1.0,,,,3.0,,1.0,,5.0,1.0,1.0,1.0,1.0,1.0,1.0,1.0,1.0,1.0,1.0,,,,,,,6,3,2,3,2,4,5,5,4,2,85.0,80.0,90.0,90.0,85.0,90.0,90.0,80.0,20.0,20.0,1,1,2,1,2,1,1,2,2,1,2,2,2,1,2,1,2,1,2,1,2,1,2,1,2,1,1,1,2,2,1,2,2,1,1,1,2,1,2,1
1513,5,5,5,4,4,5,5,4,2,2,,30.0,,2.0,,,,6.0,5.0,2.0,,6.0,1.0,54.0,,1.0,,4.0,5.0,5.0,,,,,,,,15.0,,1.0,4.0,,,,1.0,,5.0,,,,,,,,,,,1.0,1.0,1.0,1.0,1.0,1.0,6,3,3,3,2,4,5,5,3,2,75.0,70.0,80.0,60.0,55.0,70.0,65.0,50.0,40.0,35.0,2,2,1,1,1,1,1,1,1,1,1,1,1,1,1,1,1,1,1,1,1,1,1,1,1,1,1,1,1,1,1,1,1,1,1,1,1,1,1,1
1460,5,5,5,4,4,5,5,4,2,2,30.0,,4.0,,,,,5.0,4.0,2.0,,6.0,,,1.0,1.0,,4.0,5.0,5.0,,,,,,,,15.0,1.0,,,4.0,,,1.0,5.0,,1.0,1.0,1.0,1.0,1.0,1.0,1.0,1.0,1.0,1.0,,,,,,,6,3,3,3,1,5,6,6,3,2,70.0,70.0,75.0,40.0,40.0,70.0,70.0,40.0,30.0,30.0,1,1,1,1,1,1,1,1,1,1,1,1,1,1,1,1,1,1,1,1,1,1,1,1,1,1,1,1,1,1,1,1,1,1,1,1,1,1,1,1
1686,4,4,4,2,3,4,4,2,4,2,,30.0,4.0,,,,,5.0,4.0,2.0,6.0,,,,1.0,,2.0,2.0,5.0,5.0,,,,,,,15.0,,,2.0,3.0,,,1.0,,,5.0,,,,,,,,,,,1.0,1.0,1.0,1.0,1.0,1.0,6,3,3,3,2,4,5,5,3,2,60.0,60.0,60.0,40.0,40.0,60.0,60.0,40.0,40.0,40.0,1,2,1,2,1,2,1,2,1,1,1,2,1,2,1,1,1,1,2,1,1,1,1,1,1,1,1,1,1,1,1,1,1,2,2,1,1,1,1,1
113,5,5,5,5,5,5,5,5,2,2,,30.0,6.0,,4.0,3.0,5.0,,,,,6.0,,,1.0,,2.0,,,,,,,4.0,5.0,5.0,,15.0,1.0,,4.0,,,,1.0,5.0,,,,,,,,,,,,1.0,1.0,1.0,1.0,1.0,1.0,6,3,2,2,1,3,5,5,3,2,75.0,70.0,80.0,75.0,70.0,75.0,80.0,65.0,30.0,30.0,2,2,1,1,2,1,2,2,1,2,2,1,1,1,1,2,2,2,2,1,2,2,1,1,2,2,2,1,2,1,1,1,1,1,2,1,1,1,1,1
286,4,4,4,3,3,4,4,3,3,3,40.0,,4.0,,3.0,4.0,3.0,,,,6.0,,,,1.0,,2.0,,,,4.0,5.0,5.0,,,,,15.0,,2.0,6.0,,,1.0,,,5.0,1.0,1.0,1.0,1.0,1.0,1.0,1.0,1.0,1.0,1.0,,,,,,,6,3,3,3,1,5,5,5,3,2,65.0,65.0,70.0,50.0,50.0,60.0,70.0,40.0,30.0,40.0,1,2,2,2,1,1,2,2,1,1,1,2,1,1,1,2,1,2,1,1,1,1,1,2,2,2,2,2,1,2,2,1,2,1,2,2,2,1,1,1
812,5,5,5,5,5,5,5,5,1,1,,30.0,,2.0,,,,5.0,3.0,2.0,,6.0,,,1.0,,2.0,,,,5.0,5.0,6.0,,,,15.0,,,1.0,4.0,,,1.0,,5.0,,,,,,,,,,,,1.0,1.0,1.0,1.0,1.0,1.0,6,3,3,3,2,5,6,6,3,2,80.0,80.0,85.0,85.0,80.0,85.0,85.0,80.0,20.0,20.0,1,1,1,1,1,1,1,2,1,2,1,1,1,1,1,1,1,1,2,2,1,1,1,2,1,2,2,2,1,1,1,1,1,1,1,1,1,1,1,1
84,4,4,4,4,4,4,4,4,2,2,40.0,,4.0,,3.0,3.0,4.0,,,,,6.0,,,1.0,,2.0,,,,5.0,5.0,6.0,,,,,15.0,,1.0,,,3.0,,1.0,6.0,,,,,,,,,,,,1.0,1.0,1.0,1.0,1.0,1.0,6,3,3,3,2,4,5,5,3,2,70.0,70.0,70.0,70.0,70.0,70.0,70.0,70.0,30.0,30.0,1,2,2,1,1,1,1,1,1,1,1,1,1,1,1,1,1,1,1,1,1,1,1,1,1,1,1,1,1,1,1,1,1,1,1,1,1,1,1,1
961,5,5,5,5,5,5,5,5,2,2,30.0,,5.0,,4.0,4.0,3.0,,,,,6.0,1.0,54.0,,1.0,,5.0,5.0,5.0,,,,,,,15.0,,,1.0,,,3.0,2.0,,,5.0,,,,,,,,,,,1.0,1.0,1.0,1.0,1.0,1.0,6,3,3,3,1,5,6,6,4,2,75.0,75.0,75.0,75.0,75.0,75.0,75.0,75.0,25.0,25.0,1,2,1,2,2,1,1,1,1,2,2,2,1,1,1,1,1,1,2,1,1,2,2,1,1,1,2,1,1,2,1,2,2,2,2,2,2,2,2,2
302,4,4,4,3,4,4,4,3,2,2,,30.0,,2.0,5.0,4.0,3.0,,,,,6.0,,,1.0,,2.0,,,,,,,2.0,5.0,5.0,,15.0,,2.0,,,3.0,2.0,,,5.0,1.0,1.0,1.0,1.0,1.0,1.0,1.0,1.0,1.0,1.0,,,,,,,6,3,3,3,2,4,5,5,3,2,60.0,55.0,60.0,40.0,45.0,50.0,55.0,35.0,30.0,30.0,1,1,1,1,1,2,1,2,1,2,2,1,1,2,1,2,1,2,2,1,1,1,1,1,2,2,1,1,2,2,1,1,1,1,2,2,2,1,2,1
271,5,5,5,5,5,5,5,5,1,1,30.0,,,2.0,4.0,3.0,5.0,,,,,6.0,,,1.0,1.0,,,,,5.0,5.0,5.0,,,,15.0,,1.0,,5.0,,,,1.0,,5.0,1.0,1.0,1.0,1.0,1.0,1.0,1.0,1.0,1.0,1.0,,,,,,,6,3,3,3,2,4,5,5,3,2,85.0,80.0,85.0,80.0,75.0,80.0,85.0,70.0,30.0,30.0,1,1,2,1,1,2,1,2,2,1,1,1,2,1,1,2,1,1,1,2,1,1,1,2,2,1,1,1,1,1,1,2,2,1,1,1,2,1,1,1
1702,5,5,5,4,4,5,5,4,2,2,30.0,,4.0,,3.0,4.0,5.0,,,,6.0,,,,1.0,,2.0,,,,,,,4.0,5.0,5.0,15.0,,,2.0,,,3.0,,1.0,,5.0,1.0,1.0,1.0,1.0,1.0,1.0,1.0,1.0,1.0,1.0,,,,,,,6,3,3,3,2,4,5,5,3,2,70.0,70.0,75.0,55.0,55.0,70.0,70.0,50.0,40.0,40.0,1,1,2,2,2,1,1,2,1,1,2,1,1,2,1,2,1,1,2,1,1,1,1,2,1,1,2,1,2,2,2,1,1,2,1,2,1,1,1,2
1671,4,4,4,4,4,4,4,4,2,2,,30.0,5.0,,,,,5.0,4.0,2.0,6.0,,1.0,54.0,,,2.0,,,,,,,2.0,5.0,6.0,2.0,,1.0,,4.0,,,,1.0,,5.0,1.0,1.0,1.0,1.0,1.0,1.0,1.0,1.0,1.0,1.0,,,,,,,6,3,2,3,2,4,5,5,3,2,70.0,70.0,70.0,70.0,70.0,70.0,70.0,70.0,30.0,30.0,1,2,1,1,2,2,2,1,1,2,1,2,1,1,1,2,1,1,1,1,2,1,1,2,1,1,1,1,1,1,1,1,1,1,1,1,1,1,1,1
1497,5,5,5,5,5,5,5,5,1,1,30.0,,,5.0,5.0,4.0,3.0,,,,6.0,,,,1.0,,2.0,4.0,5.0,6.0,,,,,,,,15.0,,1.0,5.0,,,,1.0,5.0,,,,,,,,,,,,1.0,1.0,1.0,1.0,1.0,1.0,6,3,3,3,2,4,5,5,3,2,75.0,75.0,80.0,85.0,80.0,85.0,90.0,80.0,20.0,20.0,1,1,2,1,1,2,1,2,1,2,1,2,1,2,1,2,1,1,1,2,2,1,2,1,1,1,1,1,1,1,1,1,1,1,1,1,1,1,1,1
73,5,5,5,5,5,5,5,5,1,1,30.0,,,2.0,4.0,4.0,2.0,,,,6.0,,1.0,54.0,,,2.0,2.0,5.0,5.0,,,,,,,,15.0,1.0,,4.0,,,,1.0,,5.0,1.0,1.0,1.0,1.0,1.0,1.0,1.0,1.0,1.0,1.0,,,,,,,6,3,3,3,3,5,6,6,3,2,75.0,75.0,80.0,80.0,75.0,75.0,80.0,70.0,30.0,30.0,1,1,1,1,1,1,1,1,1,1,1,1,1,1,1,1,1,1,1,1,1,1,1,1,1,1,2,1,1,1,1,1,1,1,1,1,1,1,1,1
996,5,5,5,4,4,5,5,4,2,2,35.0,,,2.0,,,,5.0,4.0,2.0,,6.0,,,1.0,,2.0,3.0,5.0,5.0,,,,,,,10.0,,,1.0,,,3.0,2.0,,5.0,,1.0,1.0,1.0,1.0,1.0,1.0,1.0,1.0,1.0,1.0,,,,,,,6,3,3,3,3,5,6,6,3,2,75.0,70.0,80.0,60.0,55.0,70.0,75.0,50.0,40.0,40.0,1,2,1,2,1,1,1,1,1,1,1,1,1,1,1,1,1,1,1,1,1,1,1,1,1,1,1,1,1,1,1,1,1,1,1,1,1,1,1,1
2002,4,4,4,4,4,4,4,3,2,2,40.0,,5.0,,5.0,5.0,4.0,,,,6.0,,1.0,54.0,,,2.0,4.0,5.0,5.0,,,,,,,15.0,,,1.0,,4.0,,,1.0,,5.0,1.0,1.0,1.0,1.0,1.0,1.0,1.0,1.0,1.0,1.0,,,,,,,6,3,2,2,2,5,6,6,3,2,65.0,60.0,65.0,55.0,55.0,60.0,60.0,50.0,40.0,40.0,1,2,2,1,1,1,1,2,1,2,2,1,1,1,2,1,1,2,2,2,1,1,1,1,1,2,2,1,2,1,1,2,1,2,2,1,2,2,1,2
125,5,5,5,4,4,5,5,4,1,2,35.0,,,2.0,,,,4.0,3.0,2.0,,6.0,1.0,54.0,,1.0,,,,,5.0,5.0,5.0,,,,3.0,,,1.0,,6.0,,1.0,,,5.0,,,,,,,,,,,1.0,1.0,1.0,1.0,1.0,1.0,6,3,3,3,3,5,6,6,3,2,75.0,70.0,80.0,60.0,55.0,75.0,70.0,50.0,40.0,45.0,1,2,2,1,1,2,1,2,2,1,1,2,1,1,1,2,1,2,1,1,1,1,2,1,2,2,1,1,1,1,2,1,1,2,1,1,1,1,1,2
739,5,5,5,5,5,5,5,5,2,2,30.0,,,2.0,,,,5.0,4.0,2.0,6.0,,,,1.0,1.0,,,,,,,,4.0,5.0,5.0,,10.0,,1.0,,4.0,,2.0,,5.0,,1.0,1.0,1.0,1.0,1.0,1.0,1.0,1.0,1.0,1.0,,,,,,,6,2,3,3,2,5,5,5,3,2,80.0,80.0,85.0,85.0,80.0,85.0,85.0,75.0,40.0,40.0,1,1,2,2,1,1,2,2,1,1,2,1,1,2,1,2,1,2,1,2,1,1,1,1,1,2,1,1,1,2,1,2,2,2,1,1,1,2,2,2
1525,5,5,5,5,5,5,5,5,2,2,,30.0,,4.0,,,,5.0,4.0,2.0,,6.0,1.0,54.0,,,2.0,,,,,,,4.0,5.0,5.0,,15.0,1.0,,,4.0,,,1.0,,5.0,,,,,,,,,,,1.0,1.0,1.0,1.0,1.0,1.0,6,2,3,3,2,5,6,6,3,2,75.0,70.0,80.0,75.0,70.0,75.0,80.0,70.0,40.0,40.0,1,2,2,2,1,2,2,1,1,1,2,1,1,1,2,2,2,1,2,1,1,2,1,1,1,1,1,1,1,1,1,1,1,1,1,1,1,1,1,1
1456,4,4,4,3,3,4,4,3,2,2,,30.0,4.0,,3.0,3.0,4.0,,,,6.0,,1.0,54.0,,1.0,,,,,4.0,5.0,5.0,,,,15.0,,,1.0,4.0,,,2.0,,,5.0,1.0,1.0,1.0,1.0,1.0,1.0,1.0,1.0,1.0,1.0,,,,,,,6,2,3,3,1,5,6,6,3,2,65.0,60.0,60.0,40.0,40.0,60.0,60.0,40.0,30.0,30.0,1,1,2,1,1,2,2,1,2,1,2,1,2,1,2,1,1,2,1,1,2,1,1,2,1,1,2,2,2,1,1,1,2,1,1,1,1,2,2,1
1339,5,5,5,5,5,5,5,5,1,1,30.0,,,2.0,,,,5.0,4.0,2.0,,6.0,1.0,54.0,,1.0,,2.0,5.0,5.0,,,,,,,15.0,,,1.0,,,3.0,2.0,,,5.0,1.0,1.0,1.0,1.0,1.0,1.0,1.0,1.0,1.0,1.0,,,,,,,6,3,3,3,1,4,5,5,3,2,85.0,80.0,90.0,85.0,80.0,85.0,90.0,75.0,20.0,20.0,1,2,2,1,2,2,1,2,1,1,1,2,2,1,2,1,1,2,2,2,1,1,2,2,2,2,1,1,1,1,2,1,2,1,1,2,2,1,1,1
824,5,5,5,5,5,5,5,5,1,1,,30.0,5.0,,,,,5.0,4.0,2.0,,6.0,,,1.0,1.0,,,,,5.0,5.0,6.0,,,,,15.0,1.0,,,,3.0,2.0,,,6.0,,,,,,,,,,,1.0,1.0,1.0,1.0,1.0,1.0,6,3,2,2,3,5,6,6,4,2,75.0,75.0,80.0,80.0,75.0,80.0,80.0,70.0,30.0,30.0,1,2,1,1,1,2,1,1,1,1,1,2,1,2,1,1,1,1,1,1,1,2,1,1,1,2,2,1,1,2,1,1,1,2,1,1,2,1,1,1
957,5,5,5,4,4,5,5,4,2,2,,30.0,5.0,,4.0,3.0,2.0,,,,,6.0,1.0,54.0,,1.0,,4.0,5.0,5.0,,,,,,,15.0,,1.0,,,,3.0,,1.0,5.0,,1.0,1.0,1.0,1.0,1.0,1.0,1.0,1.0,1.0,1.0,,,,,,,6,3,2,2,1,3,5,5,3,2,75.0,70.0,80.0,65.0,60.0,75.0,80.0,55.0,40.0,40.0,1,2,1,1,1,2,1,2,1,2,1,1,1,2,1,2,1,2,2,1,1,1,1,1,1,1,2,2,2,2,2,1,1,2,2,2,1,1,2,2
150,5,5,5,5,5,5,5,5,2,2,,20.0,,4.0,,,,5.0,4.0,2.0,,6.0,,,1.0,,2.0,,,,4.0,5.0,5.0,,,,,15.0,1.0,,4.0,,,1.0,,,5.0,1.0,1.0,1.0,1.0,1.0,1.0,1.0,1.0,1.0,1.0,,,,,,,6,2,3,3,1,5,6,6,3,2,80.0,75.0,85.0,80.0,75.0,80.0,85.0,70.0,40.0,40.0,1,1,2,1,1,1,2,2,2,2,2,1,1,1,2,1,1,2,1,1,1,1,1,1,1,1,1,1,1,1,1,1,1,1,1,1,1,1,1,1
1550,5,5,5,5,5,5,5,5,1,1,30.0,,5.0,,3.0,3.0,4.0,,,,,6.0,1.0,54.0,,,2.0,,,,,,,4.0,5.0,6.0,15.0,,,1.0,,6.0,,,1.0,,5.0,,,,,,,,,,,1.0,1.0,1.0,1.0,1.0,1.0,6,3,3,3,3,4,4,4,3,2,80.0,75.0,85.0,80.0,75.0,80.0,85.0,70.0,20.0,20.0,1,1,1,2,1,2,2,1,2,1,1,2,2,1,1,2,2,1,2,1,1,2,1,2,1,1,2,2,1,1,1,2,1,2,1,1,2,1,1,1
1423,4,4,4,3,4,4,4,3,2,2,35.0,,,2.0,,,,5.0,4.0,2.0,6.0,,,,1.0,,2.0,,,,4.0,5.0,5.0,,,,,15.0,,1.0,,,3.0,2.0,,5.0,,,,,,,,,,,,1.0,1.0,1.0,1.0,1.0,1.0,6,3,2,3,2,5,5,5,3,2,65.0,65.0,65.0,50.0,55.0,60.0,70.0,40.0,30.0,30.0,1,1,1,2,1,1,2,1,1,2,1,1,2,2,1,1,2,1,1,1,1,1,1,1,2,1,1,2,2,1,1,2,2,1,1,2,2,1,1,1
851,5,5,5,4,4,5,5,4,2,2,,30.0,,2.0,4.0,4.0,2.0,,,,6.0,,,,1.0,1.0,,2.0,5.0,5.0,,,,,,,5.0,,1.0,,3.0,,,,1.0,5.0,,,,,,,,,,,,1.0,1.0,1.0,1.0,1.0,1.0,6,3,3,3,2,4,5,5,3,2,75.0,75.0,80.0,60.0,60.0,80.0,80.0,60.0,40.0,40.0,2,2,2,2,2,2,2,2,2,2,2,2,2,2,2,2,2,2,2,2,2,2,2,2,2,2,2,2,2,2,2,2,2,2,2,2,2,2,2,2
922,5,5,5,5,5,5,5,5,2,2,,20.0,5.0,,,,,5.0,4.0,2.0,6.0,,,,1.0,,2.0,4.0,5.0,5.0,,,,,,,,15.0,,1.0,,,3.0,2.0,,5.0,,1.0,1.0,1.0,1.0,1.0,1.0,1.0,1.0,1.0,1.0,,,,,,,6,3,3,3,1,5,6,6,3,2,75.0,75.0,80.0,80.0,75.0,80.0,80.0,70.0,40.0,40.0,1,2,1,1,1,1,2,1,1,2,1,1,2,1,2,1,1,2,2,1,2,1,1,1,2,1,1,2,1,1,1,2,1,1,1,1,1,1,1,1
418,4,4,5,3,3,3,4,3,2,2,40.0,,,2.0,,,,5.0,4.0,2.0,,6.0,,,1.0,1.0,,3.0,4.0,5.0,,,,,,,15.0,,1.0,,,6.0,,1.0,,,5.0,1.0,1.0,1.0,1.0,1.0,1.0,1.0,1.0,1.0,1.0,,,,,,,6,3,3,3,2,4,5,5,3,2,60.0,55.0,65.0,40.0,45.0,50.0,55.0,40.0,35.0,30.0,2,1,2,1,1,2,1,2,1,2,2,1,2,2,1,1,2,1,1,2,1,1,2,1,2,1,1,2,1,2,1,1,2,1,1,2,1,1,2,1
191,4,4,4,4,4,4,4,4,2,2,35.0,,,2.0,4.0,3.0,3.0,,,,6.0,,,,1.0,,2.0,,,,,,,4.0,5.0,5.0,,15.0,,1.0,,4.0,,1.0,,5.0,,1.0,1.0,1.0,1.0,1.0,1.0,1.0,1.0,1.0,1.0,,,,,,,6,3,3,3,2,5,5,5,3,2,65.0,65.0,65.0,65.0,65.0,65.0,65.0,65.0,35.0,35.0,1,1,1,1,1,1,1,1,1,1,2,1,1,1,1,1,1,1,1,1,1,1,1,1,1,1,1,1,1,1,1,1,1,1,1,1,1,1,1,1
377,5,5,5,4,4,5,5,5,1,2,,30.0,,5.0,,,,5.0,4.0,2.0,6.0,,,,1.0,,2.0,4.0,5.0,5.0,,,,,,,15.0,,,1.0,,4.0,,,1.0,5.0,,,,,,,,,,,,1.0,1.0,1.0,1.0,1.0,1.0,6,3,3,3,2,5,5,5,3,2,70.0,70.0,75.0,60.0,60.0,75.0,75.0,70.0,40.0,40.0,2,1,2,1,2,2,2,1,1,1,1,1,2,1,1,1,1,2,1,1,1,2,1,1,2,1,2,1,1,1,1,2,1,1,1,1,2,2,1,1
204,5,5,5,5,5,5,5,5,2,2,30.0,,6.0,,,,,5.0,5.0,2.0,6.0,,,,1.0,1.0,,,,,,,,5.0,5.0,6.0,15.0,,1.0,,,4.0,,2.0,,,6.0,1.0,1.0,1.0,1.0,1.0,1.0,1.0,1.0,1.0,1.0,,,,,,,6,2,3,3,1,3,6,6,3,2,75.0,70.0,80.0,85.0,80.0,75.0,80.0,70.0,40.0,40.0,1,1,2,1,2,2,1,1,1,1,2,1,1,1,1,2,2,1,1,1,1,1,1,1,1,1,1,2,1,1,1,1,1,1,2,1,2,1,2,1
1018,5,5,5,5,5,5,5,5,2,2,30.0,,,2.0,,,,5.0,4.0,2.0,,6.0,1.0,54.0,,,2.0,,,,4.0,5.0,5.0,,,,,15.0,1.0,,,4.0,,2.0,,5.0,,,,,,,,,,,,1.0,1.0,1.0,1.0,1.0,1.0,6,3,3,3,1,3,5,5,3,2,85.0,80.0,90.0,85.0,80.0,85.0,90.0,80.0,30.0,30.0,1,1,2,2,2,1,1,2,1,1,2,1,2,1,2,1,1,1,1,2,1,1,2,1,2,1,1,1,1,2,2,1,2,1,1,1,2,1,1,2
1591,5,5,5,5,5,5,5,5,1,1,30.0,,5.0,,3.0,4.0,2.0,,,,6.0,,,,1.0,1.0,,,,,,,,4.0,5.0,5.0,10.0,,1.0,,5.0,,,,1.0,,6.0,1.0,1.0,1.0,1.0,1.0,1.0,1.0,1.0,1.0,1.0,,,,,,,6,2,2,2,1,3,6,6,3,2,75.0,75.0,80.0,80.0,75.0,80.0,80.0,75.0,25.0,25.0,1,1,1,1,1,1,1,1,1,1,1,1,2,2,1,2,1,1,1,1,1,1,1,1,1,2,2,1,2,2,2,1,1,1,1,1,1,1,1,2
1777,5,5,5,5,5,5,5,5,2,2,,30.0,,2.0,,,,4.0,3.0,2.0,6.0,,,,1.0,,2.0,,,,4.0,5.0,6.0,,,,,15.0,1.0,,,4.0,,,1.0,5.0,,1.0,1.0,1.0,1.0,1.0,1.0,1.0,1.0,1.0,1.0,,,,,,,6,3,2,2,2,5,6,6,3,2,75.0,75.0,80.0,80.0,75.0,80.0,80.0,75.0,30.0,30.0,1,2,1,1,1,1,1,1,1,1,2,2,2,1,1,2,1,1,2,1,1,2,1,2,1,1,2,1,1,2,2,1,2,1,1,1,1,1,2,1
1604,5,5,5,5,5,5,5,5,1,1,,30.0,5.0,,3.0,3.0,5.0,,,,,6.0,1.0,54.0,,1.0,,4.0,5.0,6.0,,,,,,,18.0,,1.0,,,,3.0,2.0,,,5.0,1.0,1.0,1.0,1.0,1.0,1.0,1.0,1.0,1.0,1.0,,,,,,,6,3,2,2,2,5,6,6,3,2,75.0,75.0,80.0,80.0,75.0,80.0,80.0,75.0,20.0,20.0,1,1,2,2,1,1,1,1,1,1,1,1,1,1,1,1,1,1,1,1,1,1,1,1,2,1,1,1,1,2,1,1,1,1,1,1,1,1,1,2
1919,5,5,5,4,4,5,5,4,2,2,35.0,,5.0,,,,,6.0,5.0,2.0,,6.0,1.0,54.0,,,2.0,,,,4.0,5.0,5.0,,,,,15.0,,1.0,,5.0,,1.0,,5.0,,,,,,,,,,,,1.0,1.0,1.0,1.0,1.0,1.0,6,3,3,3,3,5,6,6,3,2,75.0,70.0,80.0,65.0,60.0,75.0,80.0,60.0,40.0,40.0,1,1,1,2,1,1,2,1,1,1,1,2,1,1,2,1,1,1,1,2,1,1,1,2,1,2,1,1,1,1,1,1,1,2,1,2,1,1,1,1
890,5,5,5,4,4,4,5,3,2,2,,30.0,4.0,,,,,5.0,4.0,2.0,,6.0,,,1.0,,2.0,,,,4.0,5.0,5.0,,,,,15.0,,1.0,,6.0,,,1.0,,5.0,1.0,1.0,1.0,1.0,1.0,1.0,1.0,1.0,1.0,1.0,,,,,,,6,2,3,3,1,5,5,5,3,2,70.0,65.0,70.0,50.0,50.0,55.0,60.0,40.0,30.0,30.0,2,2,1,2,1,2,1,2,2,2,2,1,2,1,1,2,2,2,1,1,2,2,2,1,2,1,2,1,2,2,1,1,2,2,2,1,2,2,2,2
928,5,5,5,5,5,5,5,5,1,1,,30.0,,2.0,4.0,4.0,3.0,,,,,6.0,,,1.0,,2.0,2.0,5.0,5.0,,,,,,,15.0,,,2.0,,,3.0,,1.0,5.0,,,,,,,,,,,,1.0,1.0,1.0,1.0,1.0,1.0,6,3,3,3,2,4,5,5,3,2,75.0,70.0,80.0,85.0,80.0,85.0,90.0,70.0,20.0,20.0,2,2,2,2,1,2,1,2,2,2,1,2,2,2,1,2,2,2,1,1,2,2,1,1,2,1,1,2,1,1,1,2,1,1,1,1,1,1,1,1
746,5,5,5,5,5,5,5,5,2,2,,30.0,,6.0,3.0,4.0,5.0,,,,6.0,,,,1.0,1.0,,,,,5.0,5.0,6.0,,,,,15.0,1.0,,,4.0,,,1.0,5.0,,,,,,,,,,,,1.0,1.0,1.0,1.0,1.0,1.0,6,2,3,3,1,4,5,5,3,2,80.0,75.0,85.0,80.0,75.0,80.0,85.0,70.0,40.0,40.0,2,1,2,2,1,1,1,1,1,1,1,1,1,1,1,1,1,1,1,1,1,1,1,1,1,1,1,1,1,1,1,1,1,1,1,1,1,1,1,1
635,5,4,5,2,3,4,5,2,1,1,30.0,,,2.0,,,,5.0,4.0,2.0,6.0,,1.0,54.0,,,2.0,2.0,5.0,5.0,,,,,,,,8.0,,2.0,4.0,,,1.0,,,5.0,1.0,1.0,1.0,1.0,1.0,1.0,1.0,1.0,1.0,1.0,,,,,,,6,3,3,3,2,4,6,6,3,2,70.0,60.0,75.0,30.0,40.0,50.0,65.0,25.0,15.0,10.0,1,2,2,1,1,1,2,1,1,1,2,1,1,1,1,1,2,2,1,1,1,2,1,1,1,2,1,1,1,1,1,1,1,1,1,1,1,1,1,1
1346,5,5,5,4,4,5,5,4,2,2,,30.0,4.0,,,,,5.0,4.0,2.0,6.0,,1.0,54.0,,,2.0,4.0,5.0,5.0,,,,,,,,15.0,,1.0,5.0,,,1.0,,,5.0,,,,,,,,,,,1.0,1.0,1.0,1.0,1.0,1.0,6,3,3,3,1,3,5,5,3,2,75.0,70.0,80.0,60.0,55.0,70.0,65.0,50.0,40.0,45.0,2,1,1,1,2,1,2,1,2,1,2,2,2,1,2,1,2,1,2,1,2,1,1,2,1,2,1,1,2,2,1,1,2,1,1,1,2,1,1,1
1235,5,5,5,5,5,5,5,5,2,2,30.0,,5.0,,,,,4.0,4.0,2.0,,6.0,,,1.0,1.0,,,,,5.0,5.0,6.0,,,,15.0,,,1.0,5.0,,,1.0,,,6.0,1.0,1.0,1.0,1.0,1.0,1.0,1.0,1.0,1.0,1.0,,,,,,,6,3,3,3,1,3,3,3,3,2,85.0,85.0,90.0,90.0,90.0,90.0,90.0,90.0,30.0,30.0,2,2,1,1,1,1,1,2,1,1,1,1,2,1,1,1,1,2,1,1,1,1,2,1,1,1,1,2,2,2,1,1,1,1,1,1,1,2,2,1
1429,4,4,4,2,3,3,4,2,2,2,,30.0,5.0,,,,,5.0,4.0,2.0,,6.0,1.0,54.0,,,2.0,,,,2.0,5.0,5.0,,,,15.0,,1.0,,,4.0,,,1.0,5.0,,1.0,1.0,1.0,1.0,1.0,1.0,1.0,1.0,1.0,1.0,,,,,,,6,2,3,3,1,3,5,5,3,2,60.0,55.0,55.0,30.0,40.0,40.0,50.0,30.0,30.0,30.0,1,2,1,1,1,1,1,1,1,2,2,1,2,1,2,1,1,1,2,1,1,1,1,1,2,1,1,2,2,1,2,1,1,1,1,1,1,1,2,1
1860,5,5,5,5,5,5,5,5,2,2,,30.0,,2.0,4.0,3.0,3.0,,,,6.0,,1.0,54.0,,,2.0,,,,5.0,5.0,6.0,,,,,15.0,,1.0,,,3.0,2.0,,,5.0,,,,,,,,,,,1.0,1.0,1.0,1.0,1.0,1.0,6,3,2,3,2,5,6,5,3,2,75.0,70.0,80.0,75.0,70.0,75.0,80.0,70.0,40.0,40.0,1,1,1,1,1,1,1,1,1,1,1,1,1,1,1,1,1,1,1,1,1,1,1,1,1,1,1,1,1,1,1,1,1,1,1,1,1,1,1,1
1913,5,5,5,5,5,5,5,5,2,2,30.0,,4.0,,,,,5.0,4.0,2.0,,6.0,,,1.0,1.0,,4.0,5.0,5.0,,,,,,,15.0,,1.0,,,5.0,,,1.0,5.0,,,,,,,,,,,,1.0,1.0,1.0,1.0,1.0,1.0,6,3,3,3,2,5,6,6,3,2,75.0,70.0,80.0,75.0,70.0,75.0,80.0,70.0,40.0,40.0,1,1,1,2,1,1,2,2,2,1,1,2,2,1,2,1,1,2,2,1,1,2,1,2,2,1,1,1,1,1,1,2,1,2,2,2,1,1,1,1
561,5,5,5,5,5,5,5,5,1,1,,30.0,5.0,,3.0,4.0,5.0,,,,,6.0,,,1.0,1.0,,,,,,,,5.0,5.0,6.0,,15.0,1.0,,,4.0,,,1.0,5.0,,1.0,1.0,1.0,1.0,1.0,1.0,1.0,1.0,1.0,1.0,,,,,,,6,3,3,3,2,4,6,6,3,2,75.0,75.0,80.0,80.0,75.0,80.0,80.0,75.0,20.0,20.0,2,1,1,2,1,2,1,1,2,1,1,1,1,1,1,1,1,1,1,1,1,1,1,1,1,1,1,1,1,1,1,1,1,1,1,1,1,1,1,1
412,5,5,5,2,3,5,5,2,2,2,70.0,,5.0,,4.0,3.0,2.0,,,,6.0,,1.0,54.0,,,2.0,,,,,,,4.0,5.0,5.0,10.0,,,2.0,,6.0,,,1.0,5.0,,1.0,1.0,1.0,1.0,1.0,1.0,1.0,1.0,1.0,1.0,,,,,,,6,3,3,3,1,4,6,6,3,2,75.0,70.0,80.0,40.0,50.0,75.0,75.0,40.0,40.0,40.0,2,1,2,1,2,1,1,1,1,1,2,2,1,1,2,1,1,1,1,1,1,1,1,1,1,1,1,1,1,2,1,1,1,1,1,1,1,1,1,1
787,4,4,5,5,5,5,5,4,2,2,,30.0,,2.0,4.0,3.0,3.0,,,,,6.0,,,1.0,,2.0,,,,,,,4.0,5.0,5.0,5.0,,,1.0,,6.0,,1.0,,,5.0,,,,,,,,,,,1.0,1.0,1.0,1.0,1.0,1.0,6,3,3,3,2,5,5,5,3,2,65.0,65.0,75.0,75.0,75.0,75.0,75.0,65.0,35.0,35.0,1,1,1,2,2,1,1,1,1,2,1,2,1,1,1,1,1,1,1,1,1,1,1,1,2,1,1,1,1,1,1,1,1,2,1,1,1,1,1,1
1161,5,5,5,5,5,5,5,5,1,1,,30.0,5.0,,3.0,4.0,2.0,,,,6.0,,,,1.0,,2.0,,,,,,,4.0,5.0,6.0,15.0,,1.0,,,7.0,,,1.0,,5.0,,,,,,,,,,,1.0,1.0,1.0,1.0,1.0,1.0,6,3,3,3,3,5,5,5,3,2,80.0,80.0,80.0,80.0,80.0,80.0,80.0,80.0,20.0,20.0,1,1,1,1,1,1,1,1,2,1,2,2,1,1,2,1,2,1,2,1,1,1,1,2,1,1,2,2,1,1,1,1,2,1,1,2,1,1,1,1
1012,5,5,5,5,5,5,5,5,1,1,,30.0,6.0,,4.0,3.0,5.0,,,,,6.0,1.0,54.0,,1.0,,,,,5.0,5.0,6.0,,,,15.0,,,1.0,5.0,,,,1.0,5.0,,,,,,,,,,,,1.0,1.0,1.0,1.0,1.0,1.0,6,3,3,3,2,4,5,5,3,2,85.0,80.0,85.0,80.0,75.0,80.0,85.0,70.0,20.0,20.0,1,1,1,1,1,2,1,2,1,1,1,1,1,1,1,1,1,2,2,1,1,2,1,2,2,1,1,2,1,1,1,1,2,2,2,1,1,2,1,1
1387,5,4,5,4,4,5,5,4,2,2,30.0,,,2.0,4.0,3.0,5.0,,,,,6.0,,,1.0,,2.0,,,,4.0,5.0,5.0,,,,15.0,,1.0,,,4.0,,,1.0,5.0,,1.0,1.0,1.0,1.0,1.0,1.0,1.0,1.0,1.0,1.0,,,,,,,6,3,3,3,2,4,5,5,3,2,70.0,60.0,75.0,55.0,50.0,65.0,70.0,60.0,40.0,40.0,1,2,1,2,1,1,2,2,2,2,1,2,2,2,2,1,1,1,2,2,2,1,1,2,2,2,2,1,1,1,2,1,2,1,2,1,1,2,1,2
1815,5,5,5,5,5,5,5,5,1,1,,30.0,6.0,,,,,2.0,5.0,1.0,6.0,,,,1.0,,2.0,,,,,,,5.0,5.0,6.0,,15.0,1.0,,,4.0,,,1.0,,5.0,,,,,,,,,,,1.0,1.0,1.0,1.0,1.0,1.0,6,3,3,3,2,4,5,5,4,2,85.0,80.0,85.0,80.0,75.0,80.0,85.0,75.0,20.0,20.0,1,1,1,1,1,1,1,1,1,1,1,1,1,1,1,1,1,1,1,1,1,1,1,1,1,1,1,1,1,1,1,1,1,1,1,1,1,1,1,1
1966,5,5,5,5,5,5,5,5,2,2,,30.0,,5.0,,,,5.0,4.0,2.0,,6.0,,,1.0,,2.0,,,,,,,4.0,5.0,6.0,,15.0,1.0,,5.0,,,,1.0,,5.0,1.0,1.0,1.0,1.0,1.0,1.0,1.0,1.0,1.0,1.0,,,,,,,6,3,3,3,2,5,6,6,3,2,80.0,75.0,85.0,80.0,75.0,85.0,80.0,70.0,30.0,30.0,1,1,2,1,1,2,1,2,1,1,1,2,2,1,1,2,1,2,2,1,2,2,1,1,2,2,1,1,2,1,1,1,2,1,2,1,2,1,2,1
79,5,5,5,5,5,5,5,5,1,1,30.0,,,2.0,5.0,3.0,2.0,,,,6.0,,1.0,54.0,,1.0,,,,,,,,4.0,5.0,6.0,10.0,,1.0,,,4.0,,2.0,,,6.0,,,,,,,,,,,1.0,1.0,1.0,1.0,1.0,1.0,6,3,3,3,3,5,6,6,4,2,75.0,75.0,80.0,70.0,70.0,75.0,80.0,70.0,30.0,30.0,1,1,1,1,1,1,1,1,1,1,1,1,1,1,1,1,1,1,1,1,1,1,1,1,1,1,1,1,1,1,1,1,1,1,1,1,1,1,1,1
2008,5,5,5,5,5,5,5,5,1,1,70.0,,,5.0,3.0,4.0,2.0,,,,,6.0,,,1.0,,2.0,,,,,,,4.0,5.0,6.0,15.0,,1.0,,4.0,,,,1.0,,5.0,,,,,,,,,,,1.0,1.0,1.0,1.0,1.0,1.0,6,3,3,3,2,4,5,5,4,2,80.0,80.0,80.0,80.0,80.0,80.0,80.0,80.0,20.0,20.0,1,1,1,1,2,2,1,2,1,1,2,1,2,1,1,2,1,2,2,1,1,2,1,1,2,1,1,1,1,1,2,1,1,2,2,2,1,1,2,1
308,5,5,5,5,5,5,5,5,1,1,30.0,,5.0,,4.0,3.0,3.0,,,,,6.0,1.0,54.0,,1.0,,,,,5.0,5.0,6.0,,,,15.0,,1.0,,4.0,,,2.0,,,6.0,1.0,1.0,1.0,1.0,1.0,1.0,1.0,1.0,1.0,1.0,,,,,,,6,3,3,3,3,5,6,6,3,2,75.0,75.0,80.0,85.0,80.0,85.0,85.0,80.0,20.0,20.0,1,1,1,1,1,1,2,1,2,1,2,1,2,1,1,1,2,2,1,1,1,1,1,1,2,1,2,1,2,1,2,1,1,2,1,1,1,2,1,2
681,5,5,5,5,5,5,5,4,2,2,30.0,,4.0,,4.0,3.0,2.0,,,,6.0,,,,1.0,,2.0,2.0,5.0,5.0,,,,,,,15.0,,1.0,,,,2.0,2.0,,,5.0,,,,,,,,,,,1.0,1.0,1.0,1.0,1.0,1.0,6,3,3,3,2,4,5,5,3,2,70.0,70.0,75.0,70.0,65.0,70.0,70.0,60.0,40.0,40.0,1,2,2,1,2,1,2,1,1,2,2,1,2,2,1,1,1,2,1,1,2,2,2,1,2,1,2,1,1,2,2,1,1,2,2,1,1,1,1,1
514,5,5,5,5,5,5,5,4,2,2,,30.0,6.0,,3.0,4.0,5.0,,,,6.0,,1.0,54.0,,,2.0,,,,5.0,5.0,5.0,,,,,15.0,,1.0,4.0,,,,1.0,,5.0,1.0,1.0,1.0,1.0,1.0,1.0,1.0,1.0,1.0,1.0,,,,,,,6,3,3,3,2,5,6,6,3,2,75.0,70.0,80.0,70.0,65.0,75.0,80.0,60.0,40.0,40.0,2,2,1,1,1,2,2,1,2,2,2,2,2,2,2,1,1,2,2,1,2,1,2,1,1,2,2,1,1,2,2,1,1,1,1,1,2,2,2,1
467,5,5,5,5,5,5,5,5,2,2,30.0,,,5.0,,,,5.0,4.0,2.0,6.0,,,,1.0,,2.0,,,,5.0,5.0,6.0,,,,,15.0,,1.0,4.0,,,,1.0,,5.0,,,,,,,,,,,1.0,1.0,1.0,1.0,1.0,1.0,6,2,3,3,1,4,5,5,3,2,80.0,75.0,85.0,80.0,75.0,80.0,85.0,70.0,40.0,40.0,1,1,1,2,1,1,2,1,2,2,1,2,1,1,1,2,1,1,2,1,2,1,2,1,1,1,2,1,1,1,2,1,1,2,2,1,1,1,1,1
1708,4,4,4,2,3,4,4,2,2,2,40.0,,4.0,,3.0,4.0,3.0,,,,6.0,,1.0,54.0,,1.0,,,,,4.0,5.0,5.0,,,,,15.0,1.0,,,,3.0,,1.0,,5.0,1.0,1.0,1.0,1.0,1.0,1.0,1.0,1.0,1.0,1.0,,,,,,,6,3,3,3,1,3,5,5,3,2,65.0,60.0,65.0,40.0,50.0,55.0,60.0,40.0,35.0,35.0,1,1,2,2,1,2,1,2,1,2,1,2,2,2,1,1,1,1,2,1,1,1,1,1,2,1,1,2,1,1,2,1,1,2,2,1,2,1,1,1
1281,5,5,5,5,5,5,5,5,1,1,30.0,,,2.0,4.0,3.0,3.0,,,,6.0,,,,1.0,1.0,,,,,,,,4.0,5.0,6.0,,15.0,1.0,,4.0,,,1.0,,5.0,,1.0,1.0,1.0,1.0,1.0,1.0,1.0,1.0,1.0,1.0,,,,,,,6,3,3,3,2,5,6,6,3,2,75.0,70.0,80.0,75.0,70.0,75.0,80.0,70.0,20.0,20.0,1,2,1,1,2,1,2,2,1,1,1,1,2,1,1,1,2,2,1,1,2,1,1,1,2,1,1,2,2,1,1,1,2,1,1,1,2,2,1,2
1114,5,5,5,4,4,5,5,4,2,3,,30.0,5.0,,,,,5.0,4.0,2.0,,6.0,1.0,54.0,,1.0,,4.0,5.0,5.0,,,,,,,,15.0,,1.0,,,3.0,,1.0,,5.0,,,,,,,,,,,1.0,1.0,1.0,1.0,1.0,1.0,6,3,2,3,2,4,5,5,3,2,75.0,75.0,80.0,60.0,60.0,75.0,75.0,50.0,30.0,40.0,2,1,1,1,2,2,1,1,2,2,2,1,1,1,2,1,2,2,1,1,1,1,2,1,2,1,2,1,2,1,2,2,1,2,1,1,1,1,1,1
1067,4,4,4,2,3,4,4,2,2,2,40.0,,,2.0,,,,5.0,3.0,2.0,6.0,,,,1.0,1.0,,2.0,5.0,5.0,,,,,,,15.0,,,1.0,,,2.0,1.0,,5.0,,1.0,1.0,1.0,1.0,1.0,1.0,1.0,1.0,1.0,1.0,,,,,,,6,3,3,3,2,5,6,6,3,2,60.0,55.0,55.0,30.0,40.0,50.0,50.0,30.0,30.0,30.0,1,1,1,1,1,2,2,2,2,2,1,2,2,1,2,1,1,1,1,1,1,1,1,1,2,1,1,1,1,1,1,1,1,1,1,1,1,1,1,1
733,5,5,5,5,5,5,5,5,2,2,20.0,,,2.0,5.0,3.0,4.0,,,,6.0,,1.0,54.0,,,2.0,,,,,,,4.0,5.0,5.0,15.0,,1.0,,,,3.0,2.0,,,5.0,,,,,,,,,,,1.0,1.0,1.0,1.0,1.0,1.0,6,3,3,3,2,4,5,5,3,2,75.0,70.0,75.0,70.0,65.0,70.0,75.0,70.0,40.0,40.0,1,1,1,2,2,2,2,1,1,1,1,2,1,1,1,1,1,1,1,1,1,1,1,1,1,1,1,1,1,1,1,1,1,1,1,1,1,1,1,1
640,4,4,4,4,4,4,4,4,2,2,,30.0,4.0,,3.0,3.0,3.0,,,,6.0,,,,1.0,1.0,,,,,,,,4.0,5.0,5.0,,15.0,,1.0,4.0,,,1.0,,,5.0,1.0,1.0,1.0,1.0,1.0,1.0,1.0,1.0,1.0,1.0,,,,,,,6,3,3,3,1,3,5,5,3,2,65.0,65.0,65.0,65.0,65.0,65.0,65.0,65.0,35.0,35.0,2,2,1,2,1,2,2,1,1,2,2,2,2,2,1,1,2,1,2,1,2,2,1,1,2,2,2,1,2,2,1,2,1,2,2,1,2,2,1,1
1333,5,5,5,5,5,5,5,5,1,1,,30.0,6.0,,4.0,4.0,3.0,,,,,6.0,1.0,54.0,,1.0,,4.0,5.0,5.0,,,,,,,15.0,,1.0,,,,3.0,,1.0,5.0,,,,,,,,,,,,1.0,1.0,1.0,1.0,1.0,1.0,6,3,3,3,3,5,5,5,4,2,75.0,75.0,80.0,80.0,75.0,80.0,80.0,75.0,20.0,20.0,1,1,1,2,2,2,1,2,2,1,1,1,1,2,1,1,1,1,2,1,2,2,2,1,2,1,1,2,2,2,1,1,2,1,1,2,1,2,1,2
1240,5,5,5,5,5,5,5,5,2,2,,30.0,6.0,,,,,5.0,4.0,2.0,6.0,,,,1.0,1.0,,4.0,5.0,6.0,,,,,,,15.0,,1.0,,,,3.0,2.0,,5.0,,,,,,,,,,,,1.0,1.0,1.0,1.0,1.0,1.0,6,3,3,3,1,3,5,5,4,2,85.0,80.0,85.0,80.0,75.0,80.0,85.0,70.0,40.0,40.0,2,1,2,1,1,1,1,2,2,2,2,1,1,1,1,1,1,1,1,2,2,2,1,1,1,2,1,1,1,1,1,1,2,2,2,1,1,1,1,1
48,4,4,4,3,3,4,4,3,2,2,40.0,,,2.0,,,,5.0,4.0,2.0,,6.0,,,1.0,1.0,,,,,2.0,5.0,5.0,,,,,15.0,1.0,,,7.0,,,1.0,,5.0,,,,,,,,,,,1.0,1.0,1.0,1.0,1.0,1.0,6,3,3,3,2,5,6,6,3,2,60.0,55.0,60.0,40.0,40.0,55.0,55.0,40.0,30.0,30.0,1,1,1,1,1,2,1,1,1,1,1,1,1,2,1,1,1,2,1,1,1,1,1,1,1,1,1,1,1,1,1,1,1,1,1,1,1,1,1,1
2039,4,4,4,3,4,4,4,3,2,2,40.0,,4.0,,,,,5.0,5.0,2.0,6.0,,1.0,15.0,,1.0,,,,,,,,2.0,5.0,5.0,5.0,,,2.0,4.0,,,,1.0,5.0,,1.0,1.0,1.0,1.0,1.0,1.0,1.0,1.0,1.0,1.0,,,,,,,6,3,3,3,1,3,5,5,3,2,60.0,60.0,60.0,40.0,50.0,50.0,50.0,40.0,30.0,30.0,1,1,1,2,2,2,1,1,2,2,2,1,2,1,1,1,1,2,1,2,1,1,1,1,1,1,2,1,1,1,2,1,1,1,1,1,2,1,1,1
1824,4,4,4,4,4,4,4,3,2,2,,30.0,5.0,,,,,5.0,4.0,2.0,,6.0,,,1.0,,2.0,,,,2.0,5.0,5.0,,,,,15.0,,1.0,,4.0,,,1.0,,5.0,1.0,1.0,1.0,1.0,1.0,1.0,1.0,1.0,1.0,1.0,,,,,,,6,3,3,3,2,5,6,6,3,2,60.0,60.0,60.0,60.0,60.0,60.0,60.0,50.0,40.0,40.0,1,1,1,1,1,2,1,2,1,1,2,2,1,1,2,1,1,2,1,1,1,1,1,1,1,1,1,1,1,1,1,1,1,1,1,1,1,1,1,1
1957,5,5,5,4,4,5,5,4,2,3,30.0,,,2.0,,,,5.0,4.0,2.0,,6.0,1.0,54.0,,1.0,,4.0,5.0,5.0,,,,,,,15.0,,,1.0,3.0,,,,1.0,5.0,,,,,,,,,,,,1.0,1.0,1.0,1.0,1.0,1.0,6,3,3,3,2,4,5,5,3,2,70.0,70.0,70.0,50.0,50.0,70.0,70.0,50.0,30.0,40.0,2,1,1,2,2,1,2,1,1,1,2,1,1,1,1,1,1,1,2,2,1,2,1,1,2,1,1,1,1,1,1,1,1,1,1,1,1,1,1,1
1739,5,5,5,5,5,5,5,5,2,2,,30.0,,6.0,3.0,4.0,5.0,,,,,6.0,1.0,54.0,,,2.0,,,,,,,4.0,5.0,6.0,,15.0,,1.0,4.0,,,,1.0,,5.0,1.0,1.0,1.0,1.0,1.0,1.0,1.0,1.0,1.0,1.0,,,,,,,6,3,2,2,2,5,6,6,3,2,85.0,80.0,85.0,85.0,80.0,85.0,85.0,80.0,30.0,30.0,1,1,2,2,1,2,1,1,1,1,1,2,1,1,1,1,1,2,1,1,1,1,1,1,1,1,1,1,1,1,1,1,1,1,1,1,1,1,1,1
1125,5,5,5,5,5,5,5,5,1,1,30.0,,,6.0,4.0,5.0,3.0,,,,,6.0,,,1.0,1.0,,,,,,,,2.0,5.0,6.0,,15.0,1.0,,4.0,,,1.0,,5.0,,1.0,1.0,1.0,1.0,1.0,1.0,1.0,1.0,1.0,1.0,,,,,,,6,3,3,3,1,5,6,6,3,2,85.0,80.0,85.0,80.0,75.0,80.0,85.0,70.0,30.0,30.0,1,2,1,2,1,2,1,1,1,1,1,1,1,2,1,1,1,1,1,2,1,1,1,1,1,1,1,1,1,1,1,1,1,1,1,1,1,1,1,1
1056,5,5,5,5,5,5,5,4,2,2,30.0,,5.0,,4.0,3.0,5.0,,,,6.0,,,,1.0,1.0,,4.0,5.0,5.0,,,,,,,,10.0,1.0,,,,3.0,2.0,,5.0,,,,,,,,,,,,1.0,1.0,1.0,1.0,1.0,1.0,6,3,2,3,1,4,5,5,3,2,80.0,75.0,85.0,80.0,75.0,80.0,85.0,70.0,40.0,40.0,1,1,1,1,1,2,1,2,1,1,2,1,1,1,1,1,1,1,1,1,1,1,1,1,1,2,1,1,2,1,1,1,2,1,2,1,1,1,2,2
339,5,5,5,5,5,5,5,5,2,2,30.0,,4.0,,,,,5.0,4.0,2.0,,6.0,,,1.0,,2.0,,,,5.0,5.0,6.0,,,,,15.0,,2.0,,7.0,,2.0,,,6.0,,,,,,,,,,,1.0,1.0,1.0,1.0,1.0,1.0,6,3,2,2,2,5,6,6,3,2,85.0,80.0,85.0,80.0,75.0,80.0,85.0,75.0,30.0,30.0,2,2,1,2,1,1,2,1,1,1,2,1,2,1,1,2,1,1,2,1,1,2,2,1,1,2,1,1,1,1,2,1,1,2,1,2,1,2,1,1
525,5,5,5,4,4,5,5,4,2,2,,30.0,6.0,,,,,5.0,5.0,2.0,,6.0,1.0,54.0,,,2.0,4.0,5.0,5.0,,,,,,,,15.0,,1.0,,,3.0,,1.0,5.0,,1.0,1.0,1.0,1.0,1.0,1.0,1.0,1.0,1.0,1.0,,,,,,,6,3,2,2,2,5,6,6,3,1,75.0,70.0,80.0,60.0,55.0,75.0,70.0,50.0,40.0,40.0,1,2,1,1,2,1,1,2,2,1,1,2,1,2,1,1,1,1,2,1,1,1,2,2,1,1,2,1,1,2,2,1,1,2,1,2,1,2,2,1
456,5,5,5,5,5,5,5,5,1,1,,30.0,6.0,,3.0,4.0,5.0,,,,,6.0,1.0,54.0,,,2.0,4.0,5.0,6.0,,,,,,,18.0,,,1.0,,,3.0,,1.0,5.0,,,,,,,,,,,,1.0,1.0,1.0,1.0,1.0,1.0,6,3,3,3,1,3,5,5,3,2,85.0,80.0,90.0,85.0,80.0,85.0,90.0,75.0,20.0,20.0,1,1,1,2,1,1,1,1,1,1,2,1,2,1,2,1,2,1,1,1,1,2,1,1,2,1,1,2,1,2,1,1,1,2,1,1,2,1,1,1
89,5,5,5,5,5,5,5,5,2,2,30.0,,4.0,,,,,5.0,4.0,2.0,,6.0,,,1.0,,2.0,3.0,5.0,5.0,,,,,,,,15.0,,2.0,,4.0,,,1.0,,5.0,1.0,1.0,1.0,1.0,1.0,1.0,1.0,1.0,1.0,1.0,,,,,,,6,3,3,3,2,5,6,6,3,2,80.0,75.0,80.0,85.0,80.0,80.0,85.0,75.0,30.0,30.0,1,2,1,2,1,2,2,1,1,2,1,1,2,2,2,1,2,1,2,2,1,1,1,2,1,1,2,1,1,2,1,2,2,1,1,2,1,1,1,2
1996,5,5,5,5,5,5,5,4,2,2,30.0,,4.0,,,,,5.0,5.0,2.0,6.0,,1.0,54.0,,1.0,,,,,4.0,5.0,5.0,,,,15.0,,,1.0,4.0,,,1.0,,,5.0,1.0,1.0,1.0,1.0,1.0,1.0,1.0,1.0,1.0,1.0,,,,,,,6,3,2,2,1,4,5,5,3,2,70.0,70.0,75.0,65.0,65.0,70.0,70.0,50.0,40.0,40.0,1,1,2,1,2,1,1,1,1,1,2,1,1,2,1,1,2,1,1,2,1,1,1,1,1,1,1,1,1,1,1,1,1,1,1,1,1,1,1,1
1097,5,5,5,4,4,5,5,4,2,2,,30.0,,2.0,,,,5.0,4.0,2.0,,6.0,,,1.0,1.0,,,,,,,,4.0,5.0,5.0,,15.0,,1.0,,,3.0,2.0,,5.0,,,,,,,,,,,,1.0,1.0,1.0,1.0,1.0,1.0,6,3,2,2,1,4,5,5,3,2,75.0,70.0,80.0,60.0,60.0,75.0,70.0,55.0,40.0,40.0,2,1,2,1,1,1,1,2,1,1,1,2,1,2,2,2,1,1,1,1,1,2,1,2,1,2,2,1,1,2,2,2,1,1,1,1,2,1,2,1
1302,5,4,5,5,5,5,5,5,2,2,35.0,,,2.0,,,,5.0,4.0,2.0,,6.0,,,1.0,,2.0,,,,,,,5.0,5.0,6.0,10.0,,,2.0,3.0,,,2.0,,5.0,,,,,,,,,,,,1.0,1.0,1.0,1.0,1.0,1.0,6,3,3,3,1,4,5,5,3,2,75.0,70.0,80.0,85.0,80.0,85.0,90.0,80.0,40.0,40.0,1,1,2,1,2,1,2,1,2,1,1,1,1,1,1,1,1,1,1,1,1,1,1,1,1,1,1,1,1,1,1,1,1,1,1,1,1,1,1,1
1271,4,4,4,1,2,4,4,1,1,1,30.0,,2.0,,,,,5.0,4.0,2.0,,6.0,1.0,54.0,,1.0,,,,,1.0,5.0,5.0,,,,,15.0,,1.0,,4.0,,,1.0,5.0,,1.0,1.0,1.0,1.0,1.0,1.0,1.0,1.0,1.0,1.0,,,,,,,6,3,3,3,1,4,5,5,3,2,65.0,60.0,65.0,30.0,25.0,60.0,60.0,20.0,20.0,20.0,1,2,2,1,1,2,2,2,2,1,2,2,2,1,2,1,1,1,1,1,1,1,1,2,1,2,1,2,1,2,1,1,1,2,1,2,2,1,1,1
497,5,5,5,5,5,5,5,5,1,1,,20.0,6.0,,4.0,4.0,2.0,,,,,6.0,1.0,54.0,,,2.0,,,,5.0,5.0,6.0,,,,,15.0,1.0,,,,3.0,,1.0,,6.0,,,,,,,,,,,1.0,1.0,1.0,1.0,1.0,1.0,6,3,3,3,3,5,5,5,4,2,75.0,75.0,80.0,85.0,80.0,85.0,90.0,80.0,20.0,20.0,1,2,2,2,1,1,1,1,1,1,2,1,2,2,1,1,1,2,1,1,1,1,1,1,1,2,2,1,1,1,1,1,2,1,1,1,1,1,1,1
702,5,5,5,4,4,5,5,4,2,3,30.0,,5.0,,,,,5.0,4.0,2.0,,6.0,1.0,54.0,,,2.0,2.0,5.0,5.0,,,,,,,,15.0,1.0,,4.0,,,,1.0,,5.0,,,,,,,,,,,1.0,1.0,1.0,1.0,1.0,1.0,6,3,3,3,2,4,5,5,3,2,75.0,70.0,80.0,60.0,55.0,75.0,70.0,50.0,40.0,45.0,1,1,2,2,1,1,2,2,1,1,1,1,2,1,1,1,1,1,1,1,2,1,2,1,1,1,1,2,1,1,1,1,1,1,2,2,1,1,1,2
671,4,4,4,2,3,4,4,2,2,2,40.0,,5.0,,3.0,4.0,2.0,,,,,6.0,,,1.0,1.0,,,,,,,,4.0,5.0,5.0,,15.0,1.0,,,,3.0,2.0,,5.0,,,,,,,,,,,,1.0,1.0,1.0,1.0,1.0,1.0,6,3,2,3,2,5,5,5,3,2,65.0,60.0,65.0,40.0,50.0,60.0,60.0,40.0,40.0,40.0,1,1,1,1,2,2,1,1,1,1,1,1,1,1,1,1,1,2,2,2,1,1,1,1,2,2,1,1,1,1,1,1,1,2,1,1,1,2,2,1
919,4,4,4,2,3,4,4,2,1,1,35.0,,2.0,,3.0,3.0,2.0,,,,6.0,,,,1.0,1.0,,,,,,,,2.0,5.0,5.0,,15.0,1.0,,,,3.0,1.0,,,5.0,1.0,1.0,1.0,1.0,1.0,1.0,1.0,1.0,1.0,1.0,,,,,,,6,2,3,3,1,3,5,5,3,2,65.0,60.0,70.0,40.0,50.0,55.0,60.0,45.0,30.0,35.0,2,1,1,2,1,2,1,2,1,1,2,1,2,1,2,1,2,1,2,1,2,1,1,2,2,1,1,2,2,2,1,2,1,2,2,2,1,2,2,1
1890,4,4,4,2,3,4,4,2,2,2,,30.0,5.0,,5.0,4.0,3.0,,,,,6.0,,,1.0,1.0,,2.0,5.0,5.0,,,,,,,15.0,,1.0,,4.0,,,1.0,,,5.0,,,,,,,,,,,1.0,1.0,1.0,1.0,1.0,1.0,6,3,3,3,3,4,5,5,3,2,60.0,55.0,60.0,30.0,40.0,55.0,50.0,30.0,30.0,30.0,1,1,1,1,1,1,1,1,1,1,1,1,1,1,1,1,1,1,1,1,1,1,1,1,1,1,1,1,1,1,1,1,1,2,1,1,1,1,1,1
1377,5,5,5,5,5,5,5,4,2,2,30.0,,4.0,,,,,5.0,4.0,2.0,6.0,,,,1.0,,2.0,3.0,5.0,5.0,,,,,,,,15.0,,1.0,,,3.0,,1.0,,5.0,1.0,1.0,1.0,1.0,1.0,1.0,1.0,1.0,1.0,1.0,,,,,,,6,3,3,3,2,5,6,6,3,2,70.0,70.0,75.0,80.0,75.0,80.0,80.0,60.0,40.0,40.0,2,2,1,1,1,2,1,2,1,2,1,1,2,1,1,1,1,1,1,2,2,2,1,2,2,1,1,1,1,1,1,1,1,1,1,1,1,1,1,1
1204,5,5,5,5,5,5,5,5,2,2,,30.0,4.0,,4.0,3.0,3.0,,,,6.0,,1.0,54.0,,1.0,,,,,5.0,5.0,6.0,,,,,15.0,1.0,,5.0,,,2.0,,5.0,,,,,,,,,,,,1.0,1.0,1.0,1.0,1.0,1.0,6,3,3,3,2,4,5,5,3,2,85.0,80.0,85.0,80.0,75.0,80.0,85.0,75.0,30.0,30.0,2,1,2,1,2,1,1,2,1,2,1,2,1,1,2,1,2,1,1,2,1,2,1,2,1,2,1,1,1,1,1,1,2,1,2,1,1,1,2,1
1418,5,5,5,4,4,5,5,4,2,2,,30.0,,2.0,5.0,4.0,2.0,,,,6.0,,1.0,54.0,,1.0,,,,,4.0,5.0,5.0,,,,,15.0,1.0,,,,3.0,2.0,,,5.0,1.0,1.0,1.0,1.0,1.0,1.0,1.0,1.0,1.0,1.0,,,,,,,6,3,3,3,1,4,5,5,3,2,75.0,70.0,80.0,60.0,55.0,75.0,70.0,60.0,40.0,40.0,1,1,1,2,1,2,2,1,1,2,1,1,1,1,1,1,1,1,1,1,1,1,1,1,1,1,1,1,1,1,1,1,1,1,1,1,1,1,1,1
1191,5,5,5,5,5,5,5,5,1,1,,30.0,,2.0,,,,5.0,4.0,2.0,,6.0,1.0,54.0,,1.0,,,,,5.0,5.0,6.0,,,,,15.0,,1.0,,,3.0,,1.0,,6.0,1.0,1.0,1.0,1.0,1.0,1.0,1.0,1.0,1.0,1.0,,,,,,,6,3,3,3,2,5,6,6,4,2,75.0,75.0,85.0,85.0,85.0,85.0,85.0,75.0,25.0,25.0,1,2,1,1,1,2,1,2,2,1,1,2,2,2,1,1,2,1,1,2,1,1,2,1,1,1,1,2,1,2,1,2,2,1,2,1,1,2,1,1
777,5,5,5,5,5,5,5,5,2,2,,30.0,6.0,,,,,4.0,4.0,2.0,6.0,,1.0,54.0,,1.0,,4.0,5.0,5.0,,,,,,,,10.0,1.0,,,,3.0,2.0,,,5.0,1.0,1.0,1.0,1.0,1.0,1.0,1.0,1.0,1.0,1.0,,,,,,,6,3,3,3,2,5,6,6,3,2,85.0,80.0,85.0,80.0,75.0,80.0,85.0,75.0,40.0,40.0,1,2,2,1,1,1,2,1,2,2,1,1,1,1,2,1,1,1,1,1,1,1,1,1,2,1,1,1,1,1,1,1,1,1,1,1,1,2,1,1
604,5,5,5,4,4,5,5,3,2,2,,30.0,5.0,,,,,5.0,4.0,2.0,6.0,,,,1.0,,2.0,2.0,5.0,5.0,,,,,,,,10.0,,2.0,5.0,,,,1.0,,5.0,1.0,1.0,1.0,1.0,1.0,1.0,1.0,1.0,1.0,1.0,,,,,,,6,3,3,3,2,4,5,5,3,2,70.0,65.0,75.0,50.0,55.0,70.0,65.0,40.0,30.0,30.0,1,1,1,1,1,1,1,1,1,1,2,1,1,2,1,1,1,2,1,1,1,1,1,1,1,1,1,1,1,1,1,1,1,1,1,1,1,1,1,1
591,4,4,5,4,4,5,5,4,2,2,40.0,,5.0,,,,,4.0,4.0,2.0,,6.0,1.0,54.0,,,2.0,,,,4.0,5.0,5.0,,,,15.0,,,1.0,4.0,,,,1.0,,5.0,,,,,,,,,,,1.0,1.0,1.0,1.0,1.0,1.0,6,3,2,2,2,4,5,5,3,2,65.0,60.0,70.0,55.0,50.0,75.0,80.0,45.0,40.0,35.0,2,1,1,2,1,2,2,1,1,2,1,2,1,1,1,2,1,2,1,1,2,1,1,2,2,2,1,1,1,2,1,2,1,1,2,1,1,2,1,2
9,5,5,5,5,5,5,5,5,2,2,,30.0,5.0,,4.0,4.0,3.0,,,,6.0,,1.0,54.0,,1.0,,,,,5.0,5.0,6.0,,,,,15.0,,1.0,6.0,,,,1.0,6.0,,1.0,1.0,1.0,1.0,1.0,1.0,1.0,1.0,1.0,1.0,,,,,,,6,3,2,2,1,5,6,6,3,2,80.0,75.0,85.0,80.0,75.0,80.0,85.0,75.0,30.0,30.0,1,1,1,1,1,1,1,1,1,1,1,1,1,1,1,1,1,1,1,1,1,1,1,1,1,1,1,1,1,1,1,1,1,1,1,1,1,1,1,1
1851,5,5,5,5,5,5,5,5,2,2,30.0,,,2.0,5.0,3.0,4.0,,,,6.0,,1.0,54.0,,1.0,,2.0,5.0,5.0,,,,,,,,12.0,,1.0,4.0,,,,1.0,,5.0,1.0,1.0,1.0,1.0,1.0,1.0,1.0,1.0,1.0,1.0,,,,,,,6,3,3,3,2,5,6,6,3,2,75.0,70.0,80.0,75.0,70.0,75.0,80.0,65.0,40.0,40.0,1,1,1,2,2,1,2,1,1,2,1,2,1,1,1,2,2,1,2,1,1,1,2,2,2,1,1,1,1,1,1,1,1,1,1,1,1,1,1,1
1922,4,4,4,4,4,4,4,4,2,2,40.0,,,2.0,,,,5.0,5.0,2.0,6.0,,,,1.0,1.0,,,,,4.0,5.0,5.0,,,,,15.0,,2.0,,,3.0,,1.0,,5.0,1.0,1.0,1.0,1.0,1.0,1.0,1.0,1.0,1.0,1.0,,,,,,,6,3,2,2,2,5,6,6,3,2,70.0,70.0,70.0,70.0,70.0,70.0,70.0,70.0,30.0,30.0,1,1,2,1,1,1,1,2,2,2,1,2,1,2,1,2,1,1,1,1,1,1,1,1,1,2,1,1,1,1,1,1,1,2,1,1,2,2,1,1
1150,5,5,5,5,5,5,5,5,2,2,,30.0,5.0,,,,,6.0,5.0,2.0,,6.0,,,1.0,,2.0,,,,4.0,5.0,6.0,,,,15.0,,1.0,,,,3.0,2.0,,,6.0,1.0,1.0,1.0,1.0,1.0,1.0,1.0,1.0,1.0,1.0,,,,,,,6,3,3,3,3,5,6,6,3,2,85.0,85.0,85.0,85.0,85.0,85.0,85.0,85.0,15.0,15.0,2,2,1,1,1,2,1,2,1,1,1,2,1,1,2,2,1,2,1,1,2,1,1,2,2,1,1,2,1,2,1,2,2,1,1,1,2,1,1,1
1023,5,5,5,4,4,5,5,4,2,3,,30.0,5.0,,4.0,3.0,2.0,,,,,6.0,,,1.0,,2.0,,,,,,,2.0,5.0,5.0,,15.0,,1.0,4.0,,,,1.0,5.0,,,,,,,,,,,,1.0,1.0,1.0,1.0,1.0,1.0,6,3,3,3,2,4,5,5,4,2,75.0,70.0,80.0,65.0,60.0,75.0,80.0,55.0,40.0,50.0,1,1,2,2,1,1,1,2,2,2,2,1,2,1,1,1,2,1,1,1,1,2,1,1,2,1,1,2,1,2,1,2,1,1,1,1,1,2,1,1
550,5,5,5,4,5,5,5,4,2,2,,30.0,5.0,,4.0,4.0,2.0,,,,6.0,,1.0,54.0,,1.0,,4.0,5.0,5.0,,,,,,,,15.0,1.0,,,4.0,,,1.0,5.0,,1.0,1.0,1.0,1.0,1.0,1.0,1.0,1.0,1.0,1.0,,,,,,,6,3,3,3,2,4,5,5,3,2,70.0,70.0,70.0,60.0,60.0,70.0,70.0,50.0,40.0,40.0,1,2,2,1,1,1,1,1,1,1,1,1,1,1,1,1,1,1,1,1,1,1,1,1,1,1,1,1,1,1,1,1,1,1,1,1,1,1,1,1
423,5,5,5,4,4,5,5,4,2,2,30.0,,4.0,,5.0,4.0,3.0,,,,6.0,,,,1.0,,2.0,3.0,5.0,5.0,,,,,,,15.0,,1.0,,,,3.0,,1.0,,5.0,,,,,,,,,,,1.0,1.0,1.0,1.0,1.0,1.0,6,3,3,3,2,4,6,6,3,2,75.0,70.0,80.0,60.0,55.0,75.0,70.0,50.0,30.0,30.0,1,2,1,1,2,1,1,1,2,1,1,2,1,1,2,1,2,1,1,2,1,2,1,1,2,1,1,1,2,1,1,2,1,1,1,1,1,1,2,1
1787,5,5,5,5,5,5,5,5,1,1,,30.0,5.0,,,,,5.0,4.0,2.0,,6.0,1.0,54.0,,1.0,,,,,,,,4.0,5.0,5.0,,15.0,,1.0,,4.0,,2.0,,,5.0,1.0,1.0,1.0,1.0,1.0,1.0,1.0,1.0,1.0,1.0,,,,,,,6,3,3,3,3,5,5,5,3,2,75.0,75.0,80.0,80.0,75.0,80.0,80.0,75.0,25.0,25.0,2,1,2,1,2,1,1,1,1,1,1,2,1,2,1,1,2,2,2,1,1,1,1,2,1,1,1,1,1,2,2,1,1,2,2,1,2,1,2,1
1561,5,5,5,5,5,5,5,5,2,2,,30.0,5.0,,4.0,4.0,5.0,,,,6.0,,,,1.0,,2.0,,,,,,,5.0,5.0,6.0,,15.0,1.0,,,,3.0,,1.0,,5.0,1.0,1.0,1.0,1.0,1.0,1.0,1.0,1.0,1.0,1.0,,,,,,,6,3,2,2,2,5,6,6,3,2,80.0,80.0,85.0,85.0,80.0,80.0,85.0,80.0,30.0,30.0,1,1,2,1,1,2,1,1,2,1,1,2,2,1,1,1,2,2,1,2,2,1,1,1,1,2,2,1,1,2,1,2,1,1,2,1,2,1,1,2
1412,5,5,5,5,5,5,5,5,2,2,30.0,,4.0,,3.0,4.0,2.0,,,,6.0,,,,1.0,1.0,,,,,5.0,5.0,5.0,,,,,15.0,,1.0,4.0,,,2.0,,5.0,,1.0,1.0,1.0,1.0,1.0,1.0,1.0,1.0,1.0,1.0,,,,,,,6,2,2,2,1,3,5,5,3,2,85.0,80.0,90.0,75.0,70.0,80.0,85.0,70.0,40.0,40.0,1,2,1,1,1,2,1,2,2,1,2,1,1,2,1,1,1,2,1,2,1,1,1,2,1,1,2,1,1,2,1,1,1,1,1,1,1,2,1,2
387,5,5,5,4,4,5,5,4,2,2,,30.0,,2.0,4.0,3.0,3.0,,,,,6.0,1.0,54.0,,,2.0,4.0,5.0,5.0,,,,,,,15.0,,,2.0,,4.0,,2.0,,,5.0,1.0,1.0,1.0,1.0,1.0,1.0,1.0,1.0,1.0,1.0,,,,,,,6,3,3,3,2,4,5,5,3,2,70.0,65.0,75.0,55.0,50.0,70.0,65.0,50.0,30.0,30.0,2,1,2,2,1,2,1,1,2,1,2,2,2,1,2,2,2,1,1,2,1,1,2,2,2,1,2,1,2,1,1,2,1,2,1,1,1,1,2,1
161,4,4,4,2,3,3,4,2,1,1,30.0,,,2.0,4.0,3.0,3.0,,,,,6.0,,,1.0,,2.0,2.0,5.0,5.0,,,,,,,,15.0,1.0,,4.0,,,1.0,,5.0,,,,,,,,,,,,1.0,1.0,1.0,1.0,1.0,1.0,6,3,3,3,3,5,5,5,3,2,65.0,60.0,65.0,40.0,45.0,50.0,55.0,30.0,20.0,25.0,2,1,2,2,2,2,2,1,1,1,1,1,1,2,1,1,1,2,2,2,1,1,1,1,1,1,1,1,1,1,1,1,1,1,1,1,2,1,2,1
860,5,5,5,5,5,5,5,5,1,1,30.0,,,2.0,,,,4.0,4.0,2.0,,6.0,1.0,54.0,,1.0,,,,,5.0,5.0,6.0,,,,,15.0,,1.0,,,4.0,,1.0,,6.0,1.0,1.0,1.0,1.0,1.0,1.0,1.0,1.0,1.0,1.0,,,,,,,6,3,2,3,2,5,6,5,3,2,85.0,85.0,90.0,90.0,85.0,90.0,90.0,80.0,20.0,20.0,1,1,2,1,1,2,1,2,2,1,2,2,2,1,1,2,1,1,1,1,1,2,2,1,2,1,1,1,1,2,1,1,1,2,1,1,1,2,2,2
913,5,5,5,5,5,5,5,5,2,2,30.0,,4.0,,,,,5.0,4.0,2.0,,6.0,,,1.0,1.0,,4.0,5.0,5.0,,,,,,,,12.0,1.0,,,4.0,,2.0,,5.0,,,,,,,,,,,,1.0,1.0,1.0,1.0,1.0,1.0,6,2,3,3,1,3,4,4,3,2,75.0,70.0,80.0,75.0,70.0,75.0,80.0,70.0,40.0,40.0,1,2,1,2,1,1,2,1,1,2,2,2,2,1,2,2,1,2,1,1,1,1,1,1,2,1,2,1,2,2,1,1,1,1,2,1,1,1,2,2
1029,5,5,5,5,5,5,5,5,2,2,30.0,,,2.0,,,,5.0,4.0,2.0,,6.0,,,1.0,1.0,,4.0,5.0,5.0,,,,,,,,15.0,,1.0,,,3.0,,1.0,5.0,,,,,,,,,,,,1.0,1.0,1.0,1.0,1.0,1.0,6,3,3,3,3,5,5,5,4,2,80.0,80.0,85.0,85.0,80.0,85.0,85.0,80.0,30.0,30.0,2,2,2,1,2,1,1,1,2,1,1,2,2,1,2,2,1,2,1,1,1,1,1,1,1,1,1,1,1,1,1,1,2,1,2,1,1,2,1,1
1746,5,5,5,5,5,5,5,5,2,2,30.0,,,5.0,,,,5.0,4.0,2.0,6.0,,,,1.0,1.0,,4.0,5.0,5.0,,,,,,,,15.0,1.0,,,,3.0,1.0,,5.0,,,,,,,,,,,,1.0,1.0,1.0,1.0,1.0,1.0,6,2,3,3,1,5,6,6,3,2,80.0,75.0,85.0,80.0,75.0,80.0,85.0,70.0,40.0,40.0,1,1,1,1,1,1,1,1,1,1,1,1,1,1,1,1,1,1,1,1,1,1,1,1,1,1,1,1,1,1,1,1,1,1,1,1,1,1,1,1
1635,5,5,5,2,4,5,5,2,2,3,,30.0,6.0,,4.0,3.0,2.0,,,,,6.0,1.0,54.0,,,2.0,4.0,5.0,5.0,,,,,,,15.0,,1.0,,,,3.0,2.0,,5.0,,1.0,1.0,1.0,1.0,1.0,1.0,1.0,1.0,1.0,1.0,,,,,,,6,3,3,3,2,4,5,5,3,2,80.0,75.0,85.0,40.0,50.0,70.0,75.0,40.0,30.0,45.0,2,1,1,1,2,2,1,2,2,1,2,2,2,1,1,1,1,1,2,1,2,1,2,2,2,1,1,1,2,1,2,1,1,1,1,1,1,1,1,1
429,5,5,5,5,5,5,5,5,1,1,30.0,,5.0,,,,,4.0,4.0,2.0,6.0,,,,1.0,,2.0,4.0,5.0,6.0,,,,,,,15.0,,,2.0,5.0,,,1.0,,5.0,,,,,,,,,,,,1.0,1.0,1.0,1.0,1.0,1.0,6,3,2,2,2,5,6,6,4,2,75.0,70.0,80.0,85.0,80.0,85.0,90.0,80.0,20.0,15.0,1,1,2,1,1,2,1,1,1,1,1,1,1,1,1,1,1,1,1,1,1,1,1,1,1,1,1,1,1,1,1,1,1,1,1,1,1,1,1,1
346,4,4,4,4,4,4,4,4,2,2,,30.0,5.0,,5.0,4.0,3.0,,,,6.0,,1.0,54.0,,1.0,,4.0,5.0,6.0,,,,,,,15.0,,,1.0,4.0,,,,1.0,,5.0,,,,,,,,,,,1.0,1.0,1.0,1.0,1.0,1.0,6,3,3,3,2,4,5,5,3,2,65.0,65.0,65.0,65.0,65.0,65.0,65.0,65.0,65.0,65.0,1,1,2,2,1,1,1,2,2,1,2,1,1,2,1,1,1,2,1,1,2,1,2,2,1,2,1,1,2,1,1,1,2,2,1,1,2,1,1,1
235,5,5,5,5,5,5,5,4,2,2,30.0,,,2.0,,,,5.0,4.0,2.0,,6.0,,,1.0,1.0,,,,,,,,4.0,5.0,5.0,15.0,,,1.0,,5.0,,,1.0,,5.0,,,,,,,,,,,1.0,1.0,1.0,1.0,1.0,1.0,6,3,3,3,2,4,6,6,3,2,80.0,80.0,85.0,80.0,75.0,80.0,85.0,70.0,40.0,40.0,1,2,1,1,1,2,1,1,1,2,2,1,1,2,2,2,1,1,1,2,1,1,1,1,1,2,2,1,1,1,1,2,1,1,1,1,2,1,1,1
3,5,5,5,4,4,5,5,4,2,3,40.0,,,2.0,5.0,4.0,3.0,,,,,6.0,1.0,54.0,,1.0,,,,,4.0,5.0,5.0,,,,15.0,,1.0,,,4.0,,,1.0,,5.0,,,,,,,,,,,1.0,1.0,1.0,1.0,1.0,1.0,6,2,3,3,1,3,5,5,3,2,70.0,65.0,75.0,55.0,50.0,70.0,70.0,50.0,30.0,40.0,2,2,2,1,2,1,1,2,2,1,2,1,2,1,2,1,1,2,1,2,1,2,1,1,2,1,1,2,1,2,2,1,1,2,1,2,1,2,1,1
2046,5,5,5,5,5,5,5,5,1,1,,30.0,5.0,,4.0,3.0,2.0,,,,,6.0,1.0,54.0,,1.0,,5.0,5.0,6.0,,,,,,,15.0,,,1.0,4.0,,,,1.0,,6.0,,,,,,,,,,,1.0,1.0,1.0,1.0,1.0,1.0,6,3,3,3,3,5,5,5,4,2,75.0,75.0,80.0,85.0,80.0,85.0,85.0,80.0,20.0,20.0,1,1,1,1,1,1,1,1,2,1,1,1,1,1,1,1,1,1,1,1,1,1,1,1,1,1,1,1,1,1,1,1,1,1,1,1,1,1,1,1
37,5,5,5,5,5,5,5,5,1,1,,30.0,5.0,,,,,4.0,4.0,2.0,,6.0,1.0,54.0,,1.0,,4.0,5.0,5.0,,,,,,,15.0,,,1.0,,7.0,,2.0,,,6.0,1.0,1.0,1.0,1.0,1.0,1.0,1.0,1.0,1.0,1.0,,,,,,,6,3,3,3,1,5,5,5,3,2,75.0,75.0,80.0,85.0,80.0,85.0,85.0,80.0,20.0,20.0,2,1,1,2,2,1,1,2,2,1,1,1,2,1,1,1,1,1,1,1,1,1,2,1,2,1,1,1,2,2,1,2,1,1,1,2,1,1,1,1
1928,5,5,5,5,5,5,5,5,1,2,30.0,,,2.0,4.0,3.0,3.0,,,,,6.0,,,1.0,,2.0,,,,,,,2.0,5.0,5.0,15.0,,,2.0,4.0,,,,1.0,5.0,,1.0,1.0,1.0,1.0,1.0,1.0,1.0,1.0,1.0,1.0,,,,,,,6,3,2,2,1,3,5,5,3,2,85.0,80.0,85.0,80.0,75.0,80.0,85.0,70.0,20.0,30.0,1,2,1,2,2,2,2,1,2,2,2,2,1,2,1,2,1,2,1,1,2,1,2,1,1,1,2,1,1,2,2,1,2,1,2,1,2,2,1,2
1733,4,4,4,2,3,4,4,2,2,2,,30.0,,2.0,,,,5.0,4.0,2.0,6.0,,1.0,54.0,,,2.0,,,,,,,2.0,5.0,5.0,,15.0,,1.0,4.0,,,2.0,,,5.0,1.0,1.0,1.0,1.0,1.0,1.0,1.0,1.0,1.0,1.0,,,,,,,6,3,3,3,2,4,5,5,3,2,60.0,55.0,60.0,30.0,40.0,50.0,50.0,30.0,30.0,30.0,2,1,2,2,1,1,1,1,2,2,2,1,2,2,1,1,2,1,1,1,1,2,1,1,2,2,2,1,2,1,2,1,2,2,2,1,1,2,1,1
1640,5,5,5,5,5,5,5,5,1,1,,30.0,6.0,,,,,4.0,5.0,2.0,6.0,,1.0,54.0,,,2.0,,,,,,,5.0,5.0,6.0,,15.0,1.0,,,4.0,,1.0,,5.0,,1.0,1.0,1.0,1.0,1.0,1.0,1.0,1.0,1.0,1.0,,,,,,,6,3,3,3,1,5,6,6,3,2,85.0,80.0,85.0,90.0,85.0,90.0,90.0,80.0,20.0,20.0,1,1,1,2,1,1,1,1,1,1,1,1,1,1,1,1,1,1,1,1,1,1,2,1,1,2,2,1,1,2,1,2,1,2,1,1,1,1,2,2
333,5,5,5,3,4,4,5,3,2,2,30.0,,2.0,,,,,6.0,4.0,2.0,6.0,,,,1.0,,2.0,2.0,5.0,5.0,,,,,,,15.0,,,2.0,,,2.0,1.0,,,5.0,,,,,,,,,,,1.0,1.0,1.0,1.0,1.0,1.0,6,3,3,3,2,4,5,5,3,2,70.0,70.0,75.0,50.0,55.0,60.0,65.0,40.0,30.0,30.0,1,2,2,2,1,1,1,2,1,2,2,1,1,2,1,1,1,1,1,1,1,1,1,1,1,1,1,1,1,1,1,1,2,1,2,1,2,2,2,1
240,4,4,4,3,3,4,4,3,2,2,,30.0,5.0,,,,,5.0,4.0,2.0,,6.0,,,1.0,1.0,,,,,,,,4.0,5.0,5.0,,15.0,1.0,,,4.0,,2.0,,,5.0,1.0,1.0,1.0,1.0,1.0,1.0,1.0,1.0,1.0,1.0,,,,,,,6,2,2,2,1,4,6,6,3,2,60.0,55.0,60.0,40.0,40.0,55.0,55.0,40.0,30.0,30.0,1,1,1,1,1,1,1,1,2,1,1,1,1,2,1,2,1,1,1,1,1,1,1,1,1,1,1,1,1,1,1,1,1,1,1,1,1,1,1,1
42,5,5,5,4,5,5,5,4,2,2,,30.0,,2.0,,,,4.0,4.0,2.0,6.0,,1.0,54.0,,1.0,,2.0,5.0,5.0,,,,,,,15.0,,1.0,,4.0,,,,1.0,5.0,,,,,,,,,,,,1.0,1.0,1.0,1.0,1.0,1.0,6,3,3,3,2,4,5,5,3,2,75.0,70.0,80.0,60.0,65.0,70.0,75.0,55.0,40.0,40.0,2,1,1,1,2,1,1,1,1,2,1,1,2,2,2,1,2,2,2,1,1,1,2,2,1,2,2,1,1,2,1,1,2,1,2,2,2,1,2,1
2033,5,5,5,5,5,5,5,5,1,1,30.0,,6.0,,4.0,3.0,3.0,,,,,6.0,,,1.0,1.0,,,,,,,,4.0,5.0,5.0,15.0,,1.0,,,4.0,,1.0,,6.0,,,,,,,,,,,,1.0,1.0,1.0,1.0,1.0,1.0,6,3,3,3,2,4,4,4,4,2,75.0,75.0,80.0,80.0,75.0,80.0,80.0,75.0,25.0,25.0,2,1,1,1,2,2,2,1,1,1,2,2,2,1,1,2,1,2,1,2,2,1,1,1,1,1,1,1,1,1,1,1,1,1,1,1,1,1,2,1
1514,4,4,4,4,4,4,4,4,2,2,35.0,,,2.0,,,,5.0,4.0,2.0,6.0,,1.0,15.0,,1.0,,2.0,5.0,5.0,,,,,,,15.0,,1.0,,,,3.0,,1.0,,5.0,1.0,1.0,1.0,1.0,1.0,1.0,1.0,1.0,1.0,1.0,,,,,,,6,3,3,3,2,4,5,5,3,2,70.0,65.0,70.0,60.0,60.0,65.0,70.0,60.0,40.0,40.0,2,1,1,1,2,1,1,2,1,2,1,2,1,2,1,1,1,1,1,1,1,1,1,1,1,1,1,1,1,1,1,1,1,1,1,1,1,1,1,1
1467,5,5,5,3,4,4,5,4,2,2,,30.0,6.0,,3.0,4.0,5.0,,,,6.0,,,,1.0,,2.0,2.0,5.0,5.0,,,,,,,,10.0,,2.0,,,3.0,,1.0,,5.0,1.0,1.0,1.0,1.0,1.0,1.0,1.0,1.0,1.0,1.0,,,,,,,6,3,3,3,2,5,6,6,3,2,70.0,65.0,70.0,40.0,50.0,55.0,70.0,50.0,40.0,40.0,2,1,2,1,1,1,2,2,2,2,2,2,2,2,2,2,2,2,2,2,2,2,2,2,2,2,2,2,2,2,2,2,2,2,1,1,2,2,2,2
1308,5,5,5,5,5,5,5,5,1,1,33.0,,,2.0,,,,5.0,4.0,2.0,,6.0,,,1.0,,2.0,,,,,,,4.0,5.0,5.0,,15.0,,1.0,,,3.0,,1.0,,5.0,,,,,,,,,,,1.0,1.0,1.0,1.0,1.0,1.0,6,3,2,3,2,5,6,5,4,2,75.0,70.0,80.0,75.0,70.0,75.0,80.0,70.0,30.0,30.0,1,1,1,1,1,1,2,2,1,1,1,2,1,1,1,1,1,1,1,2,1,1,1,1,1,1,1,1,1,1,1,1,1,1,1,2,1,2,1,1
1681,5,5,5,5,5,5,5,5,2,2,,30.0,5.0,,,,,5.0,4.0,2.0,6.0,,1.0,54.0,,1.0,,,,,5.0,5.0,6.0,,,,,15.0,1.0,,,,3.0,,1.0,6.0,,1.0,1.0,1.0,1.0,1.0,1.0,1.0,1.0,1.0,1.0,,,,,,,7,3,3,3,1,5,6,6,3,2,75.0,75.0,80.0,80.0,75.0,80.0,80.0,75.0,40.0,40.0,1,2,1,1,2,2,1,1,1,2,2,1,1,1,1,1,2,1,1,1,1,1,1,1,2,2,1,2,2,1,2,2,1,2,2,1,2,1,1,1
114,5,5,5,5,5,5,5,5,1,1,,15.0,5.0,,4.0,4.0,3.0,,,,,6.0,1.0,15.0,,1.0,,4.0,5.0,5.0,,,,,,,,15.0,,1.0,,6.0,,,1.0,5.0,,,,,,,,,,,,1.0,1.0,1.0,1.0,1.0,1.0,6,3,3,3,3,5,6,6,3,2,75.0,75.0,80.0,80.0,75.0,80.0,80.0,70.0,30.0,30.0,1,2,1,1,2,2,2,1,1,2,2,1,2,2,1,1,1,2,1,1,2,1,1,2,1,1,1,2,1,1,1,2,1,2,2,1,1,2,1,1
708,5,4,5,2,3,4,5,2,1,1,40.0,,4.0,,,,,5.0,4.0,2.0,,6.0,1.0,15.0,,,2.0,3.0,5.0,5.0,,,,,,,10.0,,,2.0,,,3.0,,1.0,5.0,,1.0,1.0,1.0,1.0,1.0,1.0,1.0,1.0,1.0,1.0,,,,,,,6,3,2,2,2,4,5,5,3,2,70.0,60.0,75.0,40.0,50.0,60.0,70.0,40.0,30.0,30.0,1,2,2,1,2,1,1,2,1,2,1,2,1,1,2,2,1,2,2,1,2,1,1,1,2,1,1,2,1,1,2,1,2,1,2,1,1,2,1,1
281,5,5,5,5,5,5,5,5,1,1,,30.0,6.0,,,,,5.0,5.0,2.0,6.0,,1.0,54.0,,,2.0,,,,,,,5.0,5.0,6.0,15.0,,,1.0,4.0,,,2.0,,,6.0,,,,,,,,,,,1.0,1.0,1.0,1.0,1.0,1.0,6,3,3,3,3,5,6,6,4,2,75.0,75.0,80.0,75.0,70.0,75.0,80.0,70.0,30.0,30.0,1,1,1,1,1,1,1,1,1,1,1,1,1,1,1,1,1,1,1,1,1,1,1,1,1,1,1,1,1,1,1,1,1,1,1,1,1,1,1,1
815,5,5,5,5,5,5,5,5,1,1,30.0,,,2.0,3.0,3.0,3.0,,,,,6.0,,,1.0,,2.0,,,,,,,4.0,5.0,5.0,5.0,,,2.0,,7.0,,,1.0,5.0,,1.0,1.0,1.0,1.0,1.0,1.0,1.0,1.0,1.0,1.0,,,,,,,6,3,3,3,2,5,5,5,3,2,75.0,75.0,80.0,85.0,80.0,80.0,85.0,80.0,20.0,20.0,2,2,2,1,1,1,2,2,1,2,1,2,1,1,2,1,1,2,1,1,1,1,1,1,1,2,1,1,1,1,1,1,1,1,1,1,1,1,1,1
966,5,5,5,2,3,5,5,2,1,1,,30.0,,2.0,4.0,3.0,2.0,,,,,6.0,,,1.0,1.0,,,,,,,,2.0,5.0,5.0,15.0,,1.0,,4.0,,,1.0,,,5.0,1.0,1.0,1.0,1.0,1.0,1.0,1.0,1.0,1.0,1.0,,,,,,,6,3,2,2,2,4,6,6,3,2,70.0,70.0,70.0,40.0,40.0,70.0,70.0,40.0,20.0,20.0,2,2,1,2,1,1,2,1,1,1,2,1,1,1,1,2,1,2,1,1,2,1,1,2,1,1,1,1,2,2,1,2,2,1,1,2,1,2,2,1
83,4,4,4,2,3,4,4,2,3,2,,35.0,,2.0,5.0,3.0,3.0,,,,6.0,,,,1.0,,2.0,,,,,,,4.0,5.0,5.0,5.0,,1.0,,,4.0,,1.0,,5.0,,,,,,,,,,,,1.0,1.0,1.0,1.0,1.0,1.0,6,3,3,3,2,3,3,3,3,2,65.0,60.0,70.0,40.0,50.0,60.0,70.0,40.0,50.0,40.0,1,2,2,1,1,1,2,1,2,2,1,1,1,2,1,1,2,2,1,2,1,2,1,1,1,2,1,2,1,1,2,1,1,1,1,2,2,1,2,1
1173,5,5,5,5,5,5,5,5,1,1,30.0,,,4.0,,,,4.0,4.0,2.0,6.0,,,,1.0,1.0,,,,,,,,4.0,5.0,6.0,18.0,,,1.0,,6.0,,1.0,,5.0,,1.0,1.0,1.0,1.0,1.0,1.0,1.0,1.0,1.0,1.0,,,,,,,6,3,3,3,2,5,5,5,3,2,75.0,70.0,80.0,85.0,80.0,75.0,80.0,70.0,20.0,20.0,2,2,1,1,2,2,2,1,2,1,2,1,1,1,1,2,1,1,2,2,1,2,1,2,1,1,1,1,2,1,1,2,1,2,1,2,1,1,2,1
1000,4,4,4,4,4,4,4,4,2,2,,30.0,,2.0,,,,5.0,4.0,2.0,,6.0,1.0,15.0,,1.0,,,,,4.0,5.0,5.0,,,,,15.0,,1.0,3.0,,,,1.0,,5.0,,,,,,,,,,,1.0,1.0,1.0,1.0,1.0,1.0,5,3,3,3,3,5,5,5,3,2,60.0,60.0,60.0,60.0,60.0,60.0,60.0,60.0,40.0,40.0,1,2,1,2,2,1,2,1,2,1,1,1,1,1,1,1,1,2,2,1,2,1,1,2,1,1,1,1,1,2,1,2,1,1,1,1,1,2,1,1
1589,5,5,5,4,4,5,5,4,2,2,,30.0,5.0,,4.0,4.0,2.0,,,,6.0,,,,1.0,1.0,,4.0,5.0,5.0,,,,,,,15.0,,1.0,,4.0,,,1.0,,5.0,,,,,,,,,,,,1.0,1.0,1.0,1.0,1.0,1.0,6,3,3,3,2,4,5,5,3,2,75.0,75.0,80.0,65.0,65.0,75.0,75.0,60.0,40.0,40.0,1,1,1,1,1,2,2,2,1,1,2,1,1,2,1,1,1,1,2,2,1,1,2,2,2,1,2,1,1,2,1,1,1,2,1,1,2,2,1,1
1395,5,5,5,4,4,5,5,4,2,3,,30.0,5.0,,4.0,3.0,3.0,,,,6.0,,1.0,54.0,,,2.0,,,,4.0,5.0,5.0,,,,,15.0,,1.0,,,3.0,2.0,,,6.0,,,,,,,,,,,1.0,1.0,1.0,1.0,1.0,1.0,6,3,2,3,1,4,5,5,4,2,75.0,70.0,80.0,60.0,55.0,75.0,70.0,50.0,30.0,40.0,1,1,1,1,1,1,1,1,1,1,1,1,1,1,1,1,1,1,1,1,1,1,1,1,1,1,1,1,1,1,1,1,1,1,1,1,1,1,1,1
573,5,5,5,5,5,5,5,5,1,1,30.0,,5.0,,4.0,4.0,2.0,,,,,6.0,1.0,54.0,,,2.0,4.0,5.0,6.0,,,,,,,,15.0,,1.0,,,3.0,1.0,,,5.0,1.0,1.0,1.0,1.0,1.0,1.0,1.0,1.0,1.0,1.0,,,,,,,6,3,2,2,2,4,5,5,3,1,85.0,85.0,90.0,90.0,85.0,90.0,90.0,85.0,10.0,10.0,2,2,2,1,2,2,1,1,2,2,2,1,2,1,2,2,2,1,2,2,2,1,1,2,1,2,1,2,2,2,2,1,1,2,2,2,2,1,2,2
400,5,5,5,5,5,5,5,5,2,2,,30.0,,6.0,,,,4.0,3.0,2.0,6.0,,1.0,54.0,,,2.0,,,,2.0,5.0,5.0,,,,,15.0,,2.0,4.0,,,,1.0,5.0,,1.0,1.0,1.0,1.0,1.0,1.0,1.0,1.0,1.0,1.0,,,,,,,6,3,3,3,1,5,6,6,3,2,85.0,80.0,90.0,85.0,80.0,85.0,90.0,80.0,30.0,30.0,1,1,2,2,2,1,1,2,2,2,2,1,1,2,2,1,1,1,1,1,1,1,1,2,2,1,2,1,1,1,2,2,1,1,1,1,1,1,1,1
189,5,5,5,5,5,5,5,4,2,2,33.0,,,2.0,5.0,4.0,2.0,,,,6.0,,1.0,54.0,,1.0,,2.0,5.0,5.0,,,,,,,,15.0,,2.0,4.0,,,1.0,,,5.0,1.0,1.0,1.0,1.0,1.0,1.0,1.0,1.0,1.0,1.0,,,,,,,6,3,3,3,2,4,5,5,3,2,70.0,70.0,70.0,70.0,70.0,70.0,70.0,60.0,40.0,40.0,1,1,2,2,1,2,2,1,1,2,2,1,1,2,1,1,2,1,1,1,1,1,1,1,1,1,1,1,1,1,1,1,2,1,1,2,1,1,2,1
795,5,5,5,5,5,5,5,5,1,1,40.0,,,2.0,,,,5.0,4.0,2.0,6.0,,,,1.0,1.0,,4.0,5.0,6.0,,,,,,,15.0,,,1.0,,,3.0,,1.0,,5.0,,,,,,,,,,,1.0,1.0,1.0,1.0,1.0,1.0,6,3,3,3,3,5,5,5,3,2,75.0,75.0,80.0,85.0,80.0,85.0,90.0,80.0,20.0,20.0,1,1,1,1,1,1,2,1,1,1,1,1,1,1,1,1,1,2,2,1,1,1,1,1,1,1,1,1,1,1,1,1,1,1,1,1,1,1,1,1
888,5,5,5,5,5,5,5,5,2,2,30.0,,4.0,,4.0,3.0,3.0,,,,,6.0,,,1.0,1.0,,,,,5.0,5.0,6.0,,,,18.0,,,1.0,5.0,,,1.0,,5.0,,1.0,1.0,1.0,1.0,1.0,1.0,1.0,1.0,1.0,1.0,,,,,,,6,3,3,3,2,3,5,5,3,2,80.0,75.0,85.0,80.0,75.0,80.0,85.0,70.0,40.0,40.0,2,1,1,2,2,1,1,2,2,1,1,2,1,2,2,1,1,2,1,1,2,1,2,1,2,1,1,2,2,1,2,2,1,2,1,2,1,1,2,2
1872,5,5,5,4,4,5,5,4,2,2,,30.0,,2.0,5.0,4.0,3.0,,,,,6.0,,,1.0,,2.0,,,,,,,4.0,5.0,5.0,,15.0,,2.0,4.0,,,2.0,,,5.0,,,,,,,,,,,1.0,1.0,1.0,1.0,1.0,1.0,6,3,3,3,1,4,5,5,3,2,70.0,70.0,75.0,60.0,60.0,70.0,70.0,60.0,40.0,40.0,1,1,1,2,1,2,2,2,1,1,2,1,1,2,1,2,1,2,1,2,1,2,1,2,1,1,1,2,2,1,2,1,2,1,2,1,1,2,1,2
1901,5,5,5,2,3,5,5,2,2,2,30.0,,,2.0,,,,5.0,4.0,2.0,,6.0,,,1.0,1.0,,,,,,,,2.0,5.0,5.0,15.0,,1.0,,5.0,,,1.0,,5.0,,,,,,,,,,,,1.0,1.0,1.0,1.0,1.0,1.0,6,3,3,3,2,4,5,5,4,2,70.0,70.0,70.0,40.0,40.0,70.0,70.0,40.0,40.0,40.0,1,2,1,1,2,1,2,1,1,2,1,1,2,1,1,2,1,2,1,1,2,1,2,1,2,1,2,1,2,1,1,2,1,2,1,1,1,1,1,1
1354,4,4,4,2,3,4,4,2,2,2,,30.0,,2.0,3.0,4.0,3.0,,,,,6.0,,,1.0,1.0,,,,,,,,2.0,5.0,5.0,10.0,,1.0,,,,3.0,,1.0,5.0,,1.0,1.0,1.0,1.0,1.0,1.0,1.0,1.0,1.0,1.0,,,,,,,6,3,2,2,1,4,4,4,3,2,65.0,65.0,65.0,40.0,40.0,50.0,50.0,30.0,30.0,30.0,1,2,2,1,2,2,1,2,1,2,1,1,1,2,1,2,1,1,2,2,2,1,1,2,2,2,1,2,1,2,1,2,1,2,1,2,1,2,2,1
1227,5,5,5,4,4,5,5,4,2,2,40.0,,4.0,,,,,5.0,4.0,3.0,,6.0,,,1.0,,2.0,2.0,5.0,5.0,,,,,,,,12.0,,2.0,,,3.0,2.0,,5.0,,1.0,1.0,1.0,1.0,1.0,1.0,1.0,1.0,1.0,1.0,,,,,,,6,3,3,3,1,5,6,6,3,2,75.0,70.0,80.0,60.0,55.0,70.0,65.0,50.0,40.0,40.0,1,1,1,2,1,1,1,1,2,1,1,1,1,1,1,1,1,1,1,1,1,1,1,1,1,1,1,1,1,1,1,1,1,1,1,1,1,1,1,1
1548,5,5,5,5,5,5,5,5,1,1,,30.0,5.0,,4.0,4.0,5.0,,,,,6.0,,,1.0,1.0,,,,,,,,5.0,5.0,6.0,,15.0,,1.0,,5.0,,1.0,,,6.0,,,,,,,,,,,1.0,1.0,1.0,1.0,1.0,1.0,6,3,3,3,3,5,5,5,3,2,75.0,75.0,80.0,80.0,75.0,80.0,80.0,75.0,40.0,40.0,1,1,1,1,1,1,1,1,1,1,1,1,1,1,1,1,1,1,1,1,1,1,1,1,1,1,1,1,1,1,1,1,1,1,1,1,1,1,1,1
754,4,4,4,4,4,4,4,4,2,2,,30.0,5.0,,,,,4.0,4.0,2.0,6.0,,,,1.0,,2.0,,,,4.0,5.0,5.0,,,,15.0,,,2.0,4.0,,,,1.0,5.0,,1.0,1.0,1.0,1.0,1.0,1.0,1.0,1.0,1.0,1.0,,,,,,,6,3,3,3,2,4,4,4,3,2,70.0,70.0,70.0,70.0,70.0,70.0,70.0,70.0,30.0,30.0,1,1,1,2,1,1,1,1,1,1,1,1,1,1,1,1,1,1,1,1,1,1,1,1,1,1,1,1,1,1,1,1,1,1,1,1,1,1,1,1
627,4,4,4,2,3,4,4,2,2,2,,30.0,,2.0,5.0,3.0,4.0,,,,,6.0,,,1.0,,2.0,2.0,5.0,5.0,,,,,,,,15.0,,2.0,,,2.0,,1.0,,5.0,,,,,,,,,,,1.0,1.0,1.0,1.0,1.0,1.0,6,3,3,3,2,4,5,5,3,2,60.0,55.0,60.0,30.0,40.0,50.0,50.0,30.0,30.0,30.0,2,2,1,1,2,1,2,1,1,2,2,1,2,1,2,2,1,1,2,2,1,2,1,1,2,1,2,1,2,1,1,1,2,1,2,2,1,1,2,1
148,4,4,4,2,3,4,4,2,2,2,40.0,,5.0,,,,,5.0,4.0,2.0,,6.0,1.0,54.0,,,2.0,4.0,4.0,5.0,,,,,,,15.0,,1.0,,,4.0,,1.0,,5.0,,,,,,,,,,,,1.0,1.0,1.0,1.0,1.0,1.0,6,3,3,3,1,4,6,6,3,2,60.0,55.0,60.0,30.0,40.0,50.0,55.0,25.0,20.0,20.0,1,1,1,1,1,1,2,2,1,2,2,1,1,1,1,1,1,2,1,2,1,2,1,2,1,1,2,1,1,1,2,1,1,2,2,1,1,2,1,1
849,5,5,5,5,5,5,5,5,1,1,30.0,,5.0,,4.0,4.0,2.0,,,,6.0,,1.0,54.0,,1.0,,,,,5.0,5.0,6.0,,,,15.0,,,1.0,,,3.0,,1.0,,5.0,1.0,1.0,1.0,1.0,1.0,1.0,1.0,1.0,1.0,1.0,,,,,,,6,3,3,3,1,3,5,5,3,2,85.0,85.0,90.0,90.0,85.0,90.0,90.0,85.0,15.0,15.0,2,1,2,1,2,2,2,2,2,1,2,1,2,2,2,2,2,1,2,2,2,1,2,1,2,2,2,1,2,2,2,2,2,2,1,2,2,1,2,2
1321,4,4,5,3,3,4,5,2,2,2,40.0,,5.0,,3.0,3.0,2.0,,,,6.0,,1.0,54.0,,,2.0,,,,,,,4.0,5.0,5.0,15.0,,,1.0,,7.0,,2.0,,,5.0,,,,,,,,,,,1.0,1.0,1.0,1.0,1.0,1.0,6,3,2,3,2,5,6,6,3,2,65.0,60.0,70.0,50.0,50.0,60.0,70.0,40.0,40.0,40.0,2,1,1,2,2,1,1,1,2,2,1,1,2,1,2,2,1,2,2,2,1,2,1,1,1,2,1,1,2,1,2,2,2,1,1,2,1,1,1,2
1252,4,4,4,2,3,4,4,2,3,2,,30.0,5.0,,4.0,3.0,2.0,,,,6.0,,1.0,54.0,,,2.0,,,,2.0,5.0,5.0,,,,,12.0,1.0,,,4.0,,2.0,,5.0,,1.0,1.0,1.0,1.0,1.0,1.0,1.0,1.0,1.0,1.0,,,,,,,6,3,3,3,2,5,6,6,3,2,65.0,60.0,65.0,40.0,45.0,55.0,60.0,35.0,40.0,35.0,1,1,2,1,1,1,1,1,2,2,1,2,1,2,2,1,1,2,1,1,1,1,1,1,2,2,2,2,2,1,2,1,2,2,1,1,1,1,1,1
721,5,5,5,5,5,5,5,5,1,1,,30.0,,2.0,,,,5.0,4.0,2.0,,6.0,,,1.0,,2.0,,,,,,,5.0,5.0,6.0,,15.0,1.0,,4.0,,,1.0,,6.0,,,,,,,,,,,,1.0,1.0,1.0,1.0,1.0,1.0,7,3,3,3,1,5,5,5,4,2,85.0,85.0,90.0,90.0,85.0,90.0,90.0,85.0,15.0,15.0,1,2,2,2,2,1,1,1,2,1,1,1,1,1,1,1,1,1,1,1,2,1,2,1,1,1,1,2,2,1,1,1,2,2,1,1,2,1,2,1
652,5,5,5,5,5,5,5,5,2,2,70.0,,5.0,,4.0,3.0,2.0,,,,6.0,,1.0,54.0,,,2.0,,,,5.0,5.0,6.0,,,,,15.0,1.0,,,4.0,,,1.0,,6.0,1.0,1.0,1.0,1.0,1.0,1.0,1.0,1.0,1.0,1.0,,,,,,,6,3,2,2,1,3,6,6,3,2,85.0,80.0,90.0,75.0,70.0,80.0,85.0,75.0,30.0,40.0,2,1,2,1,1,1,1,1,1,2,2,1,1,1,1,1,2,1,2,1,2,1,2,1,2,1,1,1,2,1,2,2,1,2,1,2,1,2,1,1
1669,5,5,5,5,5,5,5,5,2,2,30.0,,,2.0,4.0,4.0,3.0,,,,6.0,,1.0,54.0,,,2.0,2.0,5.0,5.0,,,,,,,,15.0,1.0,,,,3.0,,1.0,5.0,,1.0,1.0,1.0,1.0,1.0,1.0,1.0,1.0,1.0,1.0,,,,,,,6,3,3,3,1,5,6,6,3,2,80.0,75.0,85.0,80.0,75.0,80.0,80.0,70.0,40.0,40.0,2,1,1,2,2,2,1,2,1,2,1,2,2,2,1,1,2,2,2,1,2,1,1,1,1,1,1,1,2,2,2,2,1,1,1,1,2,2,2,2
1293,5,5,5,5,5,5,5,5,2,2,,30.0,6.0,,,,,6.0,4.0,2.0,6.0,,1.0,54.0,,1.0,,5.0,5.0,6.0,,,,,,,18.0,,,1.0,5.0,,,,1.0,,5.0,,,,,,,,,,,1.0,1.0,1.0,1.0,1.0,1.0,6,3,3,3,2,4,6,6,3,2,75.0,70.0,80.0,65.0,60.0,70.0,75.0,60.0,40.0,40.0,2,1,1,1,1,1,1,2,2,2,2,2,2,1,2,1,1,2,2,1,1,2,1,2,1,1,1,2,2,2,1,2,1,2,1,2,1,2,2,2
1106,5,5,5,4,4,5,5,4,2,2,,30.0,5.0,,,,,5.0,4.0,2.0,,6.0,1.0,54.0,,1.0,,,,,,,,4.0,5.0,5.0,,15.0,1.0,,,,3.0,1.0,,,5.0,1.0,1.0,1.0,1.0,1.0,1.0,1.0,1.0,1.0,1.0,,,,,,,6,3,2,2,3,5,6,6,3,2,70.0,70.0,75.0,60.0,60.0,75.0,70.0,60.0,40.0,40.0,1,2,1,1,1,1,2,1,1,1,1,1,1,1,1,2,1,1,1,1,1,1,1,1,2,1,1,2,1,2,1,1,1,2,1,1,1,1,1,1
1075,5,5,5,4,4,5,5,4,2,2,30.0,,,2.0,,,,5.0,4.0,2.0,,6.0,1.0,54.0,,1.0,,,,,4.0,5.0,5.0,,,,15.0,,,1.0,,4.0,,,1.0,5.0,,,,,,,,,,,,1.0,1.0,1.0,1.0,1.0,1.0,6,2,3,3,1,3,5,5,3,2,70.0,65.0,75.0,50.0,55.0,70.0,70.0,50.0,40.0,40.0,1,1,1,1,1,2,1,1,2,1,1,2,2,1,1,1,1,2,2,1,1,1,1,2,2,1,1,2,2,1,1,1,2,1,2,2,1,1,2,2
269,5,5,5,5,5,5,5,4,2,2,30.0,,4.0,,5.0,4.0,3.0,,,,6.0,,1.0,54.0,,1.0,,4.0,5.0,5.0,,,,,,,,10.0,1.0,,,4.0,,2.0,,5.0,,,,,,,,,,,,1.0,1.0,1.0,1.0,1.0,1.0,6,2,3,3,1,5,6,6,3,2,75.0,70.0,80.0,75.0,70.0,75.0,80.0,60.0,40.0,40.0,1,1,2,2,1,1,1,2,1,1,2,1,1,2,1,2,1,2,1,1,1,1,1,1,2,2,1,1,1,1,1,1,2,2,1,1,2,1,2,1
693,5,5,5,5,5,5,5,5,2,2,30.0,,,2.0,5.0,4.0,3.0,,,,,6.0,1.0,54.0,,1.0,,4.0,5.0,5.0,,,,,,,,15.0,1.0,,4.0,,,,1.0,5.0,,,,,,,,,,,,1.0,1.0,1.0,1.0,1.0,1.0,6,3,3,3,1,5,5,5,3,2,85.0,80.0,85.0,90.0,85.0,90.0,90.0,85.0,40.0,40.0,1,1,1,1,1,1,1,1,1,1,1,1,1,1,1,1,1,1,1,1,1,1,1,1,1,1,1,1,1,1,1,1,1,1,1,1,1,1,1,1
506,4,4,4,2,2,2,4,2,1,1,30.0,,,2.0,,,,5.0,4.0,2.0,,6.0,,,1.0,,2.0,,,,2.0,5.0,5.0,,,,,15.0,,2.0,,,2.0,1.0,,,5.0,,,,,,,,,,,1.0,1.0,1.0,1.0,1.0,1.0,6,3,2,3,3,5,6,5,4,2,65.0,65.0,65.0,40.0,40.0,40.0,40.0,30.0,30.0,30.0,2,2,1,1,2,1,1,2,2,1,2,2,1,1,2,1,1,1,2,2,1,1,1,1,2,1,1,2,1,2,1,2,1,1,1,1,1,2,1,1
475,5,5,5,4,4,5,5,4,2,2,,30.0,,2.0,,,,5.0,4.0,2.0,,6.0,,,1.0,,2.0,4.0,5.0,5.0,,,,,,,,12.0,1.0,,4.0,,,,1.0,,5.0,,,,,,,,,,,1.0,1.0,1.0,1.0,1.0,1.0,6,3,3,3,1,4,5,5,3,2,70.0,65.0,75.0,55.0,50.0,70.0,70.0,50.0,40.0,40.0,1,2,1,1,2,2,1,1,1,2,2,1,1,2,1,2,1,1,1,1,2,2,1,1,2,2,1,1,1,2,1,2,1,2,1,1,1,1,1,2
1807,5,5,5,5,5,5,5,4,2,2,30.0,,4.0,,5.0,4.0,2.0,,,,,6.0,,,1.0,,2.0,,,,2.0,5.0,5.0,,,,15.0,,1.0,,,,3.0,2.0,,,5.0,,,,,,,,,,,1.0,1.0,1.0,1.0,1.0,1.0,6,3,3,4,1,3,6,6,3,2,75.0,70.0,80.0,75.0,70.0,75.0,80.0,60.0,40.0,40.0,1,1,1,2,1,1,1,1,1,1,2,1,1,1,1,2,1,1,1,1,1,1,1,1,1,1,1,1,1,1,1,1,1,2,1,1,2,1,1,1
1974,5,4,5,5,5,5,5,4,2,2,30.0,,,2.0,5.0,4.0,3.0,,,,,6.0,1.0,54.0,,1.0,,,,,,,,4.0,5.0,6.0,,15.0,1.0,,,4.0,,,1.0,,5.0,,,,,,,,,,,1.0,1.0,1.0,1.0,1.0,1.0,6,3,2,3,2,5,6,6,3,2,75.0,70.0,80.0,75.0,70.0,80.0,75.0,70.0,40.0,40.0,1,1,1,1,1,1,1,1,1,1,1,1,1,1,1,1,1,1,1,1,1,1,1,1,1,1,1,1,1,1,1,1,1,1,1,1,1,1,1,1
836,5,5,5,5,5,5,5,5,1,2,,30.0,,2.0,5.0,4.0,4.0,,,,6.0,,1.0,54.0,,,2.0,,,,,,,1.0,5.0,6.0,,15.0,1.0,,,,3.0,2.0,,,5.0,1.0,1.0,1.0,1.0,1.0,1.0,1.0,1.0,1.0,1.0,,,,,,,6,2,3,3,1,4,5,5,3,2,75.0,70.0,80.0,65.0,60.0,70.0,75.0,60.0,30.0,40.0,2,1,2,2,2,1,1,1,2,1,1,2,2,2,2,2,2,2,2,1,2,2,2,1,2,2,2,1,2,2,2,2,2,1,2,2,2,2,2,2
945,5,5,5,5,5,5,5,5,2,2,,30.0,,2.0,,,,5.0,4.0,2.0,,6.0,1.0,54.0,,1.0,,,,,5.0,5.0,6.0,,,,15.0,,1.0,,,7.0,,,1.0,,5.0,1.0,1.0,1.0,1.0,1.0,1.0,1.0,1.0,1.0,1.0,,,,,,,6,3,3,3,3,5,6,6,3,2,85.0,80.0,85.0,90.0,85.0,90.0,90.0,85.0,30.0,30.0,2,2,2,2,2,2,2,2,1,1,1,1,1,2,1,2,1,2,1,2,1,1,2,2,1,2,1,1,2,1,1,1,2,2,2,1,2,1,2,1
1537,5,5,5,5,5,5,5,5,1,1,,30.0,6.0,,3.0,4.0,2.0,,,,,6.0,1.0,54.0,,,2.0,,,,4.0,5.0,6.0,,,,15.0,,1.0,,,4.0,,2.0,,5.0,,1.0,1.0,1.0,1.0,1.0,1.0,1.0,1.0,1.0,1.0,,,,,,,6,3,3,3,2,4,5,5,3,2,85.0,80.0,90.0,85.0,80.0,85.0,90.0,75.0,20.0,20.0,2,1,2,1,2,1,2,2,1,2,1,1,1,1,1,1,1,1,1,1,1,1,1,1,1,1,1,1,1,1,1,1,1,1,1,1,1,1,1,1
1444,4,4,4,4,4,4,4,4,2,2,,30.0,,2.0,,,,5.0,4.0,2.0,6.0,,1.0,54.0,,1.0,,,,,5.0,5.0,6.0,,,,15.0,,,1.0,,,3.0,,1.0,5.0,,,,,,,,,,,,1.0,1.0,1.0,1.0,1.0,1.0,6,3,3,3,3,4,4,4,3,2,65.0,65.0,65.0,65.0,65.0,65.0,65.0,65.0,35.0,35.0,1,1,1,2,1,2,1,1,1,2,1,1,1,1,1,2,1,1,1,1,1,1,1,1,1,2,2,2,2,2,1,1,1,1,2,1,1,2,1,1
1258,5,5,5,4,4,5,5,3,2,2,,30.0,5.0,,5.0,4.0,3.0,,,,,6.0,1.0,54.0,,1.0,,,,,,,,4.0,5.0,5.0,15.0,,,1.0,,,3.0,2.0,,,5.0,1.0,1.0,1.0,1.0,1.0,1.0,1.0,1.0,1.0,1.0,,,,,,,6,3,3,3,2,5,6,6,3,2,75.0,70.0,80.0,60.0,55.0,70.0,65.0,40.0,30.0,30.0,1,2,1,2,2,1,1,2,1,2,2,2,1,2,2,1,1,2,1,1,1,2,1,2,1,1,2,1,2,1,1,2,1,2,1,2,2,1,1,1
137,5,5,5,5,5,5,5,5,1,1,30.0,,5.0,,4.0,4.0,3.0,,,,,6.0,1.0,54.0,,,2.0,4.0,5.0,5.0,,,,,,,15.0,,1.0,,,,3.0,,1.0,5.0,,1.0,1.0,1.0,1.0,1.0,1.0,1.0,1.0,1.0,1.0,,,,,,,6,3,2,2,1,3,6,6,3,2,80.0,75.0,85.0,90.0,85.0,80.0,90.0,70.0,20.0,15.0,1,1,1,2,1,1,2,2,1,2,2,1,1,1,2,1,1,2,2,1,2,2,1,1,2,1,2,1,1,1,1,1,1,1,2,1,2,2,1,1
658,4,4,4,4,4,4,4,4,2,2,,30.0,,2.0,3.0,3.0,4.0,,,,,6.0,,,1.0,1.0,,4.0,5.0,5.0,,,,,,,15.0,,1.0,,,,3.0,2.0,,5.0,,1.0,1.0,1.0,1.0,1.0,1.0,1.0,1.0,1.0,1.0,,,,,,,6,3,2,2,1,3,5,5,3,2,70.0,70.0,70.0,70.0,70.0,70.0,70.0,70.0,30.0,30.0,2,2,1,1,1,2,1,1,1,2,2,2,1,2,1,1,1,2,1,1,2,2,1,2,1,2,1,1,1,2,2,2,1,1,2,1,1,1,2,1
984,5,5,5,5,5,5,5,5,1,1,40.0,,5.0,,,,,4.0,4.0,2.0,,6.0,,,1.0,1.0,,,,,5.0,5.0,6.0,,,,,15.0,,1.0,4.0,,,,1.0,,6.0,1.0,1.0,1.0,1.0,1.0,1.0,1.0,1.0,1.0,1.0,,,,,,,7,3,3,3,1,5,6,6,3,2,80.0,80.0,85.0,80.0,75.0,80.0,85.0,70.0,20.0,20.0,1,2,1,2,1,1,2,1,2,1,2,1,2,1,1,2,1,1,2,1,2,1,2,1,2,1,2,1,1,1,2,1,2,1,1,1,1,2,1,1
61,4,4,4,2,3,4,4,2,2,2,,30.0,,2.0,,,,5.0,4.0,2.0,6.0,,1.0,54.0,,1.0,,,,,,,,2.0,5.0,5.0,,15.0,,2.0,,,3.0,2.0,,,5.0,1.0,1.0,1.0,1.0,1.0,1.0,1.0,1.0,1.0,1.0,,,,,,,6,3,3,3,2,4,5,5,3,2,65.0,60.0,65.0,40.0,50.0,55.0,60.0,40.0,35.0,30.0,1,2,2,1,2,1,2,1,1,1,2,2,1,1,1,1,1,1,1,2,2,2,2,1,2,2,1,1,2,1,2,1,2,1,1,1,2,2,1,1
2010,5,5,5,5,5,5,5,5,1,1,30.0,,,6.0,,,,4.0,3.0,2.0,,6.0,1.0,54.0,,,2.0,,,,5.0,5.0,6.0,,,,15.0,,1.0,,,4.0,,2.0,,5.0,,,,,,,,,,,,1.0,1.0,1.0,1.0,1.0,1.0,6,3,3,3,1,3,5,5,3,2,85.0,80.0,90.0,85.0,80.0,85.0,90.0,75.0,20.0,15.0,1,1,1,1,1,1,2,2,1,1,1,2,2,1,1,1,1,1,1,1,1,1,1,1,1,1,1,1,1,1,1,1,1,1,1,1,1,1,1,1
1710,5,5,5,4,4,5,5,4,2,2,30.0,,5.0,,,,,6.0,5.0,2.0,,6.0,,,1.0,1.0,,,,,,,,5.0,5.0,5.0,,15.0,1.0,,,4.0,,1.0,,5.0,,1.0,1.0,1.0,1.0,1.0,1.0,1.0,1.0,1.0,1.0,,,,,,,6,3,3,3,2,4,5,5,3,2,70.0,70.0,75.0,60.0,60.0,70.0,70.0,60.0,40.0,40.0,1,1,1,1,1,1,1,1,1,1,1,1,1,1,1,1,1,1,1,1,1,1,1,1,1,1,1,1,1,1,1,1,1,1,1,1,1,1,1,1
1299,5,5,5,5,5,5,5,5,2,2,30.0,,5.0,,4.0,3.0,5.0,,,,,6.0,,,1.0,,2.0,,,,5.0,5.0,6.0,,,,15.0,,1.0,,5.0,,,,1.0,,5.0,1.0,1.0,1.0,1.0,1.0,1.0,1.0,1.0,1.0,1.0,,,,,,,6,3,3,3,2,5,6,6,3,1,80.0,75.0,85.0,80.0,75.0,80.0,85.0,70.0,40.0,40.0,1,1,1,2,1,2,1,1,1,2,2,1,1,2,1,1,1,2,1,2,1,2,2,1,1,1,1,2,2,2,1,2,2,1,2,1,2,2,1,1
1663,5,5,5,5,5,5,5,5,1,1,,15.0,,2.0,3.0,3.0,2.0,,,,,6.0,1.0,54.0,,,2.0,4.0,5.0,6.0,,,,,,,,15.0,1.0,,5.0,,,1.0,,,5.0,,,,,,,,,,,1.0,1.0,1.0,1.0,1.0,1.0,6,3,2,2,2,4,6,6,3,2,75.0,75.0,80.0,80.0,75.0,75.0,80.0,70.0,20.0,20.0,1,1,1,1,1,1,1,2,1,1,1,1,2,1,1,1,1,1,1,1,1,1,1,1,1,2,2,1,1,1,1,1,1,1,1,1,1,1,1,1
1485,4,4,4,3,3,4,4,2,2,2,30.0,,,2.0,,,,5.0,4.0,2.0,,6.0,1.0,54.0,,,2.0,2.0,4.0,5.0,,,,,,,,15.0,1.0,,4.0,,,,1.0,,5.0,1.0,1.0,1.0,1.0,1.0,1.0,1.0,1.0,1.0,1.0,,,,,,,6,3,3,3,2,4,5,5,3,2,60.0,55.0,55.0,40.0,40.0,55.0,55.0,30.0,30.0,30.0,2,1,2,1,1,2,1,1,2,1,2,2,1,2,2,1,1,2,1,2,1,1,1,1,2,1,2,1,2,2,1,1,2,1,2,1,1,2,1,2
310,5,5,5,5,5,5,5,5,1,1,,30.0,5.0,,3.0,4.0,2.0,,,,6.0,,,,1.0,1.0,,,,,5.0,5.0,6.0,,,,,15.0,1.0,,,,3.0,2.0,,,5.0,1.0,1.0,1.0,1.0,1.0,1.0,1.0,1.0,1.0,1.0,,,,,,,6,2,2,2,1,3,6,6,3,2,70.0,70.0,80.0,80.0,80.0,80.0,80.0,70.0,20.0,20.0,2,1,1,1,1,2,1,1,2,1,1,1,1,2,1,1,1,2,2,2,2,1,1,1,2,2,1,1,2,1,1,1,2,1,1,1,1,2,2,2
699,5,5,5,5,5,5,5,4,2,2,,30.0,6.0,,,,,6.0,5.0,2.0,6.0,,,,1.0,,2.0,4.0,5.0,5.0,,,,,,,15.0,,1.0,,,,3.0,1.0,,,5.0,,,,,,,,,,,1.0,1.0,1.0,1.0,1.0,1.0,6,3,2,2,2,5,6,6,3,2,80.0,75.0,85.0,80.0,75.0,80.0,85.0,70.0,40.0,40.0,1,1,2,2,1,2,1,1,1,1,1,1,2,1,2,1,2,1,1,1,2,2,2,1,1,1,2,2,2,1,2,1,1,2,1,2,1,2,2,2
263,5,5,5,4,4,4,5,4,2,2,30.0,,5.0,,3.0,4.0,2.0,,,,,6.0,,,1.0,1.0,,,,,2.0,5.0,5.0,,,,15.0,,1.0,,,4.0,,,1.0,5.0,,1.0,1.0,1.0,1.0,1.0,1.0,1.0,1.0,1.0,1.0,,,,,,,6,3,3,3,2,5,6,6,3,2,70.0,65.0,70.0,50.0,50.0,50.0,70.0,50.0,30.0,30.0,1,2,1,1,1,2,1,1,1,2,2,1,1,2,1,1,1,2,1,2,1,1,2,1,1,1,2,1,1,1,1,1,1,2,2,1,1,1,1,1
882,5,4,5,5,5,5,5,5,2,2,30.0,,,2.0,4.0,3.0,3.0,,,,,6.0,1.0,54.0,,,2.0,4.0,5.0,5.0,,,,,,,,15.0,,1.0,,,3.0,,1.0,5.0,,1.0,1.0,1.0,1.0,1.0,1.0,1.0,1.0,1.0,1.0,,,,,,,6,3,3,3,1,3,6,6,3,2,75.0,70.0,80.0,85.0,80.0,85.0,90.0,80.0,40.0,40.0,1,1,1,2,2,1,1,1,1,1,2,1,1,2,2,1,1,1,1,1,1,1,1,1,1,2,1,1,1,1,1,1,1,1,1,1,1,1,1,1
14,5,5,5,5,5,5,5,5,1,1,30.0,,6.0,,,,,4.0,4.0,2.0,,6.0,,,1.0,1.0,,5.0,5.0,6.0,,,,,,,18.0,,,1.0,5.0,,,1.0,,,6.0,1.0,1.0,1.0,1.0,1.0,1.0,1.0,1.0,1.0,1.0,,,,,,,6,3,2,2,2,5,6,6,3,2,85.0,85.0,90.0,90.0,85.0,90.0,90.0,80.0,20.0,20.0,1,1,2,1,2,1,1,1,1,1,1,1,1,1,1,1,1,1,1,1,1,1,1,1,1,1,1,1,1,1,1,1,1,1,1,1,1,1,1,1
1878,4,4,4,2,3,4,4,2,2,2,,30.0,,5.0,,,,5.0,4.0,2.0,6.0,,,,1.0,,2.0,,,,4.0,5.0,5.0,,,,,15.0,1.0,,,4.0,,,1.0,,5.0,,,,,,,,,,,1.0,1.0,1.0,1.0,1.0,1.0,6,3,3,3,3,5,6,6,3,2,60.0,55.0,60.0,40.0,45.0,50.0,50.0,35.0,30.0,30.0,1,2,1,2,1,2,2,1,1,2,1,2,1,1,1,2,1,2,1,2,1,2,1,1,2,1,1,2,1,1,2,2,1,1,1,1,2,1,1,1
1583,5,5,5,5,5,5,5,5,1,1,,30.0,,2.0,,,,5.0,4.0,2.0,,6.0,1.0,15.0,,,2.0,4.0,5.0,6.0,,,,,,,15.0,,,1.0,,4.0,,,1.0,5.0,,,,,,,,,,,,1.0,1.0,1.0,1.0,1.0,1.0,6,3,3,3,3,5,5,5,3,2,85.0,80.0,90.0,85.0,80.0,85.0,90.0,80.0,20.0,20.0,1,1,2,1,1,2,2,2,1,2,2,1,2,1,1,2,1,1,1,1,1,1,1,2,2,2,2,1,2,2,1,2,2,1,2,1,1,2,1,1
1179,5,5,5,5,5,5,5,5,1,1,30.0,,,2.0,,,,5.0,4.0,2.0,6.0,,1.0,54.0,,1.0,,,,,5.0,5.0,6.0,,,,,15.0,,1.0,,,3.0,,1.0,,6.0,,,,,,,,,,,1.0,1.0,1.0,1.0,1.0,1.0,6,3,3,3,3,5,6,6,4,2,85.0,85.0,85.0,85.0,85.0,85.0,85.0,85.0,15.0,15.0,2,2,2,2,1,1,2,2,2,2,2,1,2,2,2,2,1,1,1,1,1,1,1,1,2,2,2,2,2,2,2,1,1,2,2,1,1,2,1,2
1765,4,4,5,5,5,5,5,4,2,2,40.0,,4.0,,4.0,3.0,2.0,,,,6.0,,,,1.0,1.0,,4.0,5.0,5.0,,,,,,,15.0,,,1.0,4.0,,,,1.0,,5.0,,,,,,,,,,,1.0,1.0,1.0,1.0,1.0,1.0,6,3,2,2,2,5,6,6,3,2,65.0,60.0,70.0,75.0,70.0,75.0,80.0,60.0,40.0,40.0,1,2,2,2,1,1,2,1,1,1,2,1,2,2,1,1,1,1,1,2,1,1,2,2,2,1,1,2,2,1,1,2,1,2,1,1,1,2,2,2
1616,5,5,5,2,2,5,5,2,2,2,30.0,,,2.0,4.0,3.0,3.0,,,,,6.0,,,1.0,1.0,,,,,2.0,5.0,5.0,,,,5.0,,,2.0,3.0,,,1.0,,,5.0,,,,,,,,,,,1.0,1.0,1.0,1.0,1.0,1.0,6,3,3,3,2,5,5,5,3,2,70.0,70.0,70.0,40.0,40.0,70.0,70.0,40.0,40.0,40.0,2,1,2,1,2,1,1,1,1,1,2,2,2,1,2,1,1,1,1,1,1,1,1,1,2,1,1,1,2,2,2,1,1,1,1,1,1,2,1,1
183,5,4,5,2,3,4,5,2,1,1,,30.0,,2.0,,,,4.0,3.0,2.0,,6.0,1.0,54.0,,,2.0,,,,4.0,5.0,5.0,,,,,15.0,,2.0,,5.0,,,1.0,,5.0,,,,,,,,,,,1.0,1.0,1.0,1.0,1.0,1.0,6,3,3,3,3,4,5,5,3,2,70.0,65.0,75.0,40.0,50.0,60.0,70.0,40.0,30.0,30.0,1,1,1,1,2,2,1,1,2,2,2,1,1,2,1,1,1,2,1,1,2,1,1,2,1,2,1,1,2,1,2,1,2,1,1,2,1,2,1,1
579,5,5,5,5,5,5,5,5,1,1,,30.0,5.0,,,,,5.0,4.0,2.0,,6.0,,,1.0,,2.0,4.0,5.0,6.0,,,,,,,,15.0,1.0,,,,3.0,,1.0,,5.0,,,,,,,,,,,1.0,1.0,1.0,1.0,1.0,1.0,6,2,3,3,2,4,5,5,3,2,80.0,75.0,85.0,90.0,85.0,80.0,90.0,70.0,20.0,20.0,1,1,1,1,1,2,1,2,2,2,2,2,1,2,1,1,2,1,1,1,1,2,1,1,1,1,2,2,2,1,2,1,1,1,2,2,1,2,2,1
365,5,5,5,5,5,5,5,5,1,1,,30.0,5.0,,4.0,4.0,2.0,,,,,6.0,,,1.0,1.0,,,,,,,,5.0,5.0,6.0,15.0,,,1.0,6.0,,,2.0,,6.0,,,,,,,,,,,,1.0,1.0,1.0,1.0,1.0,1.0,7,3,3,3,1,3,5,5,4,2,80.0,80.0,85.0,90.0,85.0,90.0,90.0,80.0,20.0,20.0,1,1,1,1,1,1,1,1,1,1,1,1,1,1,1,1,1,1,1,1,1,1,1,1,1,1,1,1,1,1,1,1,1,1,1,1,1,1,1,1
216,5,4,5,5,5,5,5,5,1,1,30.0,,,2.0,,,,4.0,3.0,2.0,6.0,,,,1.0,,2.0,,,,4.0,5.0,6.0,,,,5.0,,,1.0,4.0,,,2.0,,,5.0,1.0,1.0,1.0,1.0,1.0,1.0,1.0,1.0,1.0,1.0,,,,,,,6,3,2,2,2,5,6,6,3,2,70.0,65.0,75.0,80.0,75.0,80.0,85.0,70.0,40.0,30.0,1,2,1,2,1,1,2,1,1,1,1,1,1,1,1,1,1,1,1,1,1,1,1,1,1,2,1,1,1,2,1,1,1,1,1,1,1,1,1,1
843,5,5,5,5,5,5,5,5,1,1,30.0,,,2.0,4.0,4.0,3.0,,,,,6.0,1.0,54.0,,,2.0,4.0,5.0,5.0,,,,,,,,15.0,,1.0,4.0,,,,1.0,5.0,,1.0,1.0,1.0,1.0,1.0,1.0,1.0,1.0,1.0,1.0,,,,,,,6,3,3,3,2,4,5,5,3,2,75.0,75.0,80.0,85.0,80.0,85.0,85.0,80.0,20.0,20.0,1,2,2,1,2,1,1,1,1,2,2,1,1,2,2,1,1,1,1,2,1,1,1,1,1,1,1,1,2,1,1,2,2,2,2,1,2,1,2,1
930,5,5,5,4,5,5,5,4,2,3,,35.0,6.0,,,,,4.0,5.0,2.0,,6.0,1.0,54.0,,,2.0,,,,5.0,5.0,6.0,,,,,15.0,1.0,,,,3.0,,1.0,5.0,,,,,,,,,,,,1.0,1.0,1.0,1.0,1.0,1.0,6,3,3,3,2,5,5,5,3,2,75.0,70.0,80.0,65.0,70.0,75.0,80.0,60.0,40.0,50.0,1,1,1,1,1,1,1,1,1,2,2,1,1,1,1,1,1,1,1,1,1,1,1,1,1,1,1,1,1,1,1,1,1,1,1,1,1,1,1,1
1542,4,4,4,2,3,4,4,2,2,2,,30.0,2.0,,4.0,3.0,2.0,,,,,6.0,,,1.0,1.0,,,,,,,,2.0,5.0,5.0,15.0,,,1.0,,4.0,,,1.0,,5.0,,,,,,,,,,,1.0,1.0,1.0,1.0,1.0,1.0,6,3,3,3,2,3,5,5,3,2,65.0,65.0,65.0,40.0,50.0,60.0,70.0,40.0,30.0,30.0,1,1,2,1,2,2,2,2,1,1,2,1,2,1,1,1,2,2,1,1,2,1,1,1,1,1,2,1,1,2,1,1,2,1,1,1,2,1,1,1
1431,5,5,5,4,4,5,5,4,2,2,,30.0,,2.0,,,,5.0,4.0,2.0,,6.0,1.0,54.0,,1.0,,3.0,5.0,5.0,,,,,,,15.0,,,1.0,,6.0,,,1.0,,5.0,,,,,,,,,,,1.0,1.0,1.0,1.0,1.0,1.0,6,3,3,3,2,4,5,5,3,2,70.0,70.0,75.0,50.0,50.0,70.0,70.0,50.0,30.0,30.0,1,1,1,2,1,1,2,1,1,1,1,1,1,1,1,1,1,2,1,1,1,1,1,1,1,1,1,2,1,1,2,1,1,1,1,1,1,2,1,1
142,5,5,5,4,4,5,5,4,2,2,30.0,,,2.0,,,,5.0,4.0,2.0,6.0,,,,1.0,1.0,,,,,4.0,5.0,5.0,,,,15.0,,1.0,,4.0,,,1.0,,5.0,,,,,,,,,,,,1.0,1.0,1.0,1.0,1.0,1.0,6,3,3,3,2,5,5,5,3,2,75.0,75.0,75.0,60.0,60.0,75.0,75.0,60.0,40.0,40.0,1,2,1,2,1,1,2,1,1,1,1,1,2,1,1,2,2,1,1,1,2,2,1,1,2,2,1,1,1,1,1,1,2,1,2,1,1,1,2,1
1849,5,5,5,5,5,5,5,5,1,1,30.0,,5.0,,5.0,4.0,2.0,,,,6.0,,1.0,54.0,,1.0,,4.0,5.0,5.0,,,,,,,18.0,,,1.0,4.0,,,1.0,,5.0,,,,,,,,,,,,1.0,1.0,1.0,1.0,1.0,1.0,6,3,3,3,3,4,5,5,3,2,75.0,70.0,80.0,85.0,80.0,85.0,90.0,80.0,20.0,20.0,1,1,1,1,2,1,1,1,2,2,1,1,2,1,1,2,1,1,1,1,1,1,1,1,1,1,1,1,1,1,1,1,1,1,1,2,1,1,1,1
2054,5,5,5,5,5,5,5,5,1,1,30.0,,,5.0,,,,5.0,3.0,2.0,6.0,,1.0,54.0,,1.0,,,,,4.0,5.0,6.0,,,,10.0,,1.0,,5.0,,,,1.0,,6.0,,,,,,,,,,,1.0,1.0,1.0,1.0,1.0,1.0,6,3,2,3,3,5,6,5,4,2,85.0,80.0,90.0,75.0,70.0,80.0,85.0,75.0,20.0,20.0,1,1,2,1,1,1,1,1,1,1,1,1,1,1,1,1,1,1,1,1,1,1,1,1,1,1,1,1,1,1,1,1,1,1,1,1,1,1,1,1
25,4,4,5,3,4,4,4,3,2,2,40.0,,5.0,,,,,4.0,5.0,2.0,6.0,,1.0,20.0,,,2.0,,,,4.0,4.0,5.0,,,,15.0,,,1.0,4.0,,,1.0,,5.0,,,,,,,,,,,,1.0,1.0,1.0,1.0,1.0,1.0,6,3,2,3,2,5,5,5,3,2,70.0,70.0,80.0,50.0,60.0,60.0,60.0,40.0,30.0,30.0,2,1,1,1,1,1,2,1,1,2,2,1,1,1,1,2,1,1,1,1,1,1,1,1,2,2,1,1,1,1,1,1,1,2,1,1,2,1,1,1
548,4,4,4,2,3,4,4,2,2,2,,30.0,,2.0,5.0,3.0,4.0,,,,,6.0,1.0,54.0,,1.0,,,,,,,,2.0,5.0,5.0,15.0,,,2.0,,7.0,,1.0,,5.0,,1.0,1.0,1.0,1.0,1.0,1.0,1.0,1.0,1.0,1.0,,,,,,,6,3,3,3,1,5,6,6,3,2,60.0,55.0,55.0,30.0,40.0,50.0,50.0,30.0,30.0,30.0,2,1,2,1,2,1,1,2,1,2,2,1,2,1,1,1,2,2,1,1,1,1,2,2,1,1,1,1,2,2,2,1,2,1,2,1,2,1,1,1
354,5,5,5,5,5,5,5,5,1,1,40.0,,5.0,,3.0,4.0,5.0,,,,,6.0,1.0,54.0,,,2.0,,,,4.0,5.0,6.0,,,,,15.0,1.0,,,,3.0,2.0,,5.0,,1.0,1.0,1.0,1.0,1.0,1.0,1.0,1.0,1.0,1.0,,,,,,,6,3,3,3,3,5,6,6,3,2,75.0,75.0,80.0,85.0,80.0,85.0,90.0,80.0,20.0,20.0,2,1,1,1,2,1,2,2,1,1,1,2,1,1,1,1,1,1,1,1,1,2,1,1,1,1,1,1,1,1,1,1,1,1,1,1,1,1,1,1
227,5,5,5,5,5,5,5,5,1,1,30.0,,,2.0,,,,5.0,3.0,2.0,6.0,,1.0,54.0,,1.0,,4.0,5.0,5.0,,,,,,,15.0,,,1.0,3.0,,,,1.0,,5.0,1.0,1.0,1.0,1.0,1.0,1.0,1.0,1.0,1.0,1.0,,,,,,,6,3,3,3,3,5,6,6,3,2,75.0,75.0,80.0,85.0,80.0,85.0,85.0,80.0,20.0,20.0,2,1,1,1,2,2,2,1,2,2,1,2,2,1,1,1,2,1,1,1,2,2,2,1,1,1,2,1,1,1,1,2,1,1,1,1,2,1,1,1
1148,4,4,4,3,3,4,4,3,2,2,40.0,,4.0,,,,,5.0,4.0,2.0,6.0,,1.0,20.0,,1.0,,,,,,,,4.0,5.0,6.0,15.0,,,1.0,5.0,,,2.0,,,5.0,,,,,,,,,,,1.0,1.0,1.0,1.0,1.0,1.0,6,3,3,4,3,5,5,5,3,2,65.0,60.0,70.0,50.0,50.0,60.0,60.0,40.0,30.0,30.0,1,1,2,1,2,1,2,1,2,1,2,1,1,2,1,1,1,2,1,2,2,2,1,1,2,2,2,1,1,1,1,2,2,1,2,1,1,1,2,1
1754,4,4,4,2,3,4,4,2,1,1,40.0,,4.0,,,,,4.0,3.0,2.0,6.0,,1.0,54.0,,,2.0,,,,,,,2.0,5.0,5.0,15.0,,1.0,,4.0,,,1.0,,5.0,,,,,,,,,,,,1.0,1.0,1.0,1.0,1.0,1.0,6,3,3,3,3,5,6,6,3,2,65.0,60.0,70.0,40.0,50.0,60.0,70.0,40.0,30.0,30.0,1,1,1,2,1,1,2,2,1,2,1,1,1,1,1,1,1,2,2,2,1,1,1,1,1,1,2,1,1,1,2,2,1,1,1,2,1,1,1,1
1627,5,5,5,5,5,5,5,5,1,1,,30.0,,5.0,,,,5.0,4.0,2.0,,6.0,,,1.0,,2.0,4.0,5.0,5.0,,,,,,,18.0,,,1.0,4.0,,,,1.0,5.0,,1.0,1.0,1.0,1.0,1.0,1.0,1.0,1.0,1.0,1.0,,,,,,,6,2,3,3,2,4,5,5,3,2,80.0,75.0,85.0,80.0,75.0,80.0,85.0,70.0,20.0,15.0,2,1,2,1,1,2,1,1,2,2,2,1,2,2,1,2,1,1,1,2,2,1,2,1,1,1,1,2,1,1,1,2,2,1,2,1,2,1,2,1
1888,5,5,5,5,5,5,5,4,2,2,,30.0,6.0,,3.0,4.0,5.0,,,,,6.0,1.0,54.0,,,2.0,4.0,5.0,5.0,,,,,,,15.0,,,1.0,4.0,,,2.0,,5.0,,,,,,,,,,,,1.0,1.0,1.0,1.0,1.0,1.0,6,3,3,3,1,4,5,5,3,2,70.0,70.0,75.0,70.0,65.0,70.0,70.0,50.0,40.0,40.0,2,1,2,1,2,1,1,2,1,1,1,2,2,1,1,2,2,1,1,1,1,1,1,1,2,1,2,1,2,1,2,1,2,1,1,2,1,2,2,1
872,5,5,5,5,5,5,5,5,2,2,,30.0,6.0,,,,,5.0,4.0,2.0,6.0,,,,1.0,1.0,,,,,5.0,5.0,5.0,,,,,15.0,1.0,,,,3.0,,1.0,,5.0,1.0,1.0,1.0,1.0,1.0,1.0,1.0,1.0,1.0,1.0,,,,,,,6,3,3,3,2,4,5,5,3,2,80.0,75.0,85.0,80.0,75.0,80.0,85.0,70.0,40.0,40.0,1,1,1,2,1,1,1,2,1,1,1,1,2,1,2,1,2,1,1,1,2,1,1,1,2,1,1,2,1,1,1,1,2,2,1,1,1,2,1,1
901,5,5,5,4,4,5,5,4,2,2,,30.0,5.0,,,,,5.0,4.0,2.0,6.0,,,,1.0,,2.0,,,,4.0,5.0,5.0,,,,,15.0,1.0,,,4.0,,2.0,,,5.0,,,,,,,,,,,1.0,1.0,1.0,1.0,1.0,1.0,6,3,3,3,2,4,5,5,3,2,70.0,70.0,75.0,60.0,60.0,75.0,75.0,60.0,40.0,40.0,1,1,1,1,1,1,1,1,1,1,1,1,1,1,1,1,1,1,1,1,1,1,1,1,1,1,1,1,1,1,1,1,1,1,1,1,1,1,1,1
395,5,5,5,4,4,5,5,4,2,3,30.0,,2.0,,3.0,4.0,4.0,,,,6.0,,1.0,54.0,,1.0,,,,,,,,4.0,5.0,5.0,15.0,,1.0,,,5.0,,,1.0,,5.0,1.0,1.0,1.0,1.0,1.0,1.0,1.0,1.0,1.0,1.0,,,,,,,6,3,2,2,1,3,4,4,3,2,70.0,65.0,75.0,50.0,55.0,70.0,70.0,50.0,40.0,45.0,1,2,1,2,1,1,1,2,2,1,2,1,2,2,2,1,2,1,2,1,2,1,1,2,2,1,2,1,1,1,2,2,1,1,2,1,2,1,1,2
173,5,5,5,5,5,5,5,5,1,1,,30.0,,2.0,,,,4.0,4.0,2.0,,6.0,,,1.0,,2.0,,,,5.0,5.0,6.0,,,,15.0,,,2.0,4.0,,,1.0,,6.0,,,,,,,,,,,,1.0,1.0,1.0,1.0,1.0,1.0,6,3,3,3,2,4,5,5,4,2,75.0,75.0,80.0,85.0,80.0,85.0,85.0,80.0,20.0,20.0,1,2,1,2,1,1,1,1,2,1,1,2,2,1,2,1,2,1,1,2,1,1,1,2,1,2,2,2,1,1,2,1,2,1,2,2,1,1,1,1
589,5,5,5,5,5,5,5,5,1,1,30.0,,,2.0,,,,5.0,4.0,2.0,,6.0,1.0,54.0,,,2.0,,,,,,,2.0,5.0,6.0,18.0,,1.0,,,,3.0,,1.0,5.0,,1.0,1.0,1.0,1.0,1.0,1.0,1.0,1.0,1.0,1.0,,,,,,,6,3,2,2,1,5,6,6,3,2,85.0,80.0,85.0,80.0,75.0,80.0,85.0,75.0,20.0,20.0,1,2,2,2,1,2,2,1,2,1,1,2,1,1,2,2,2,1,1,1,1,1,1,1,1,1,1,1,1,1,1,1,2,1,1,1,1,2,1,1
1795,5,5,5,5,5,5,5,5,1,1,,30.0,,2.0,5.0,3.0,2.0,,,,,6.0,1.0,54.0,,,2.0,,,,4.0,5.0,6.0,,,,,15.0,1.0,,,,3.0,2.0,,5.0,,1.0,1.0,1.0,1.0,1.0,1.0,1.0,1.0,1.0,1.0,,,,,,,6,3,3,3,2,4,5,5,3,2,85.0,80.0,85.0,80.0,75.0,80.0,85.0,75.0,20.0,20.0,1,1,1,1,2,2,1,2,1,1,1,1,2,1,2,1,1,2,1,1,1,1,1,2,2,1,2,2,1,1,1,1,2,2,1,2,1,1,1,1
1573,5,5,5,5,5,5,5,5,2,2,30.0,,5.0,,,,,5.0,4.0,2.0,,6.0,,,1.0,,2.0,,,,,,,4.0,5.0,5.0,,15.0,1.0,,,4.0,,2.0,,,5.0,,,,,,,,,,,1.0,1.0,1.0,1.0,1.0,1.0,6,3,3,3,1,3,5,5,3,2,75.0,70.0,80.0,75.0,70.0,75.0,80.0,65.0,40.0,40.0,1,1,1,1,1,1,1,1,1,1,1,1,1,1,1,1,1,1,1,1,1,1,1,1,1,2,1,1,1,1,1,1,1,1,1,1,1,1,1,1
1400,5,5,5,5,5,5,5,5,1,1,30.0,,,2.0,3.0,4.0,2.0,,,,,6.0,,,1.0,1.0,,,,,5.0,5.0,6.0,,,,15.0,,1.0,,5.0,,,,1.0,,6.0,1.0,1.0,1.0,1.0,1.0,1.0,1.0,1.0,1.0,1.0,,,,,,,6,3,3,3,2,5,5,5,3,2,85.0,85.0,90.0,90.0,90.0,90.0,90.0,90.0,10.0,10.0,1,1,1,1,1,1,1,1,1,1,1,1,1,1,1,1,1,1,1,1,1,1,1,1,1,1,1,1,1,1,1,1,1,1,1,1,1,1,1,1
1189,5,5,5,5,5,5,5,5,1,2,30.0,,,5.0,,,,5.0,4.0,2.0,6.0,,,,1.0,,2.0,,,,4.0,5.0,5.0,,,,15.0,,1.0,,4.0,,,,1.0,,5.0,1.0,1.0,1.0,1.0,1.0,1.0,1.0,1.0,1.0,1.0,,,,,,,6,3,3,3,1,3,5,5,3,2,80.0,75.0,85.0,90.0,85.0,90.0,90.0,80.0,20.0,30.0,1,2,1,1,1,2,1,2,2,1,2,1,1,1,2,1,1,2,2,1,1,1,1,1,2,2,1,1,1,1,2,1,1,1,1,1,2,1,1,1
807,4,4,5,2,3,4,4,2,1,1,,35.0,,2.0,,,,5.0,4.0,2.0,,6.0,1.0,54.0,,,2.0,,,,,,,2.0,5.0,5.0,,15.0,1.0,,,,3.0,,1.0,5.0,,1.0,1.0,1.0,1.0,1.0,1.0,1.0,1.0,1.0,1.0,,,,,,,6,3,2,2,1,5,6,6,3,2,65.0,60.0,70.0,40.0,50.0,55.0,60.0,45.0,30.0,25.0,1,1,1,1,2,1,2,1,1,1,1,2,1,1,2,1,2,1,1,1,1,1,1,1,1,1,1,1,1,1,1,1,1,1,1,1,1,1,1,2
91,5,5,5,5,5,5,5,5,2,2,35.0,,4.0,,3.0,4.0,2.0,,,,,6.0,,,1.0,1.0,,,,,,,,4.0,5.0,5.0,,15.0,,1.0,,4.0,,,1.0,5.0,,1.0,1.0,1.0,1.0,1.0,1.0,1.0,1.0,1.0,1.0,,,,,,,6,2,3,3,1,3,5,5,3,2,75.0,70.0,80.0,75.0,70.0,75.0,80.0,70.0,40.0,40.0,1,1,2,1,2,2,1,1,1,1,2,1,1,2,1,2,1,2,1,1,1,2,1,2,1,1,1,1,1,1,1,1,1,1,1,1,1,1,1,1
974,5,5,5,5,5,5,5,5,1,1,33.0,,,2.0,,,,4.0,3.0,2.0,,6.0,,,1.0,,2.0,,,,,,,5.0,5.0,6.0,,15.0,,1.0,,,3.0,1.0,,6.0,,,,,,,,,,,,1.0,1.0,1.0,1.0,1.0,1.0,6,3,2,3,3,5,6,5,4,2,85.0,80.0,90.0,90.0,85.0,90.0,90.0,80.0,20.0,20.0,1,1,1,1,2,1,2,1,1,1,2,1,1,2,1,1,2,1,2,1,1,1,1,2,1,2,1,1,1,1,1,1,2,1,2,1,1,2,1,1
106,5,5,5,5,5,5,5,5,2,2,30.0,,6.0,,3.0,4.0,2.0,,,,6.0,,,,1.0,1.0,,4.0,5.0,5.0,,,,,,,15.0,,,1.0,4.0,,,1.0,,5.0,,,,,,,,,,,,1.0,1.0,1.0,1.0,1.0,1.0,6,2,3,3,1,3,5,5,3,2,80.0,75.0,85.0,70.0,65.0,75.0,80.0,70.0,40.0,40.0,2,1,1,1,1,2,2,1,2,1,2,1,1,1,1,1,1,2,2,1,2,1,1,2,2,1,2,1,1,1,2,1,1,2,1,2,1,1,2,1
669,4,4,4,3,3,4,4,3,2,2,,30.0,,2.0,4.0,3.0,3.0,,,,,6.0,1.0,54.0,,,2.0,,,,2.0,5.0,5.0,,,,,15.0,,1.0,,4.0,,1.0,,5.0,,,,,,,,,,,,1.0,1.0,1.0,1.0,1.0,1.0,6,3,3,3,3,5,5,5,3,2,65.0,60.0,65.0,50.0,50.0,60.0,60.0,40.0,30.0,30.0,2,1,2,1,2,1,2,2,1,1,1,1,1,2,1,2,1,1,1,1,1,1,1,1,1,1,1,1,1,1,1,1,1,2,2,2,2,1,1,1
293,5,5,5,5,5,5,5,5,1,1,30.0,,5.0,,,,,5.0,5.0,1.0,,7.0,1.0,54.0,,,2.0,,,,5.0,5.0,6.0,,,,,15.0,,1.0,,5.0,,2.0,,6.0,,1.0,1.0,1.0,1.0,1.0,1.0,1.0,1.0,1.0,1.0,,,,,,,7,3,2,2,1,5,6,6,3,1,75.0,75.0,80.0,85.0,80.0,85.0,85.0,80.0,20.0,20.0,1,2,1,1,2,1,2,1,1,2,1,2,1,1,1,1,1,1,1,2,1,2,2,1,2,1,2,2,2,2,1,2,2,2,1,2,2,1,2,1
1506,4,4,4,2,3,4,4,2,2,2,,30.0,2.0,,4.0,3.0,3.0,,,,6.0,,,,1.0,,2.0,2.0,5.0,5.0,,,,,,,,5.0,,1.0,,4.0,,,1.0,,5.0,,,,,,,,,,,1.0,1.0,1.0,1.0,1.0,1.0,6,3,3,3,3,5,5,5,3,2,65.0,65.0,65.0,40.0,40.0,60.0,60.0,30.0,30.0,30.0,1,1,2,2,1,1,1,2,1,2,1,2,1,1,1,2,1,2,1,1,1,2,2,2,1,1,1,1,1,2,1,2,2,1,1,1,1,2,1,2
1475,5,5,5,5,5,5,5,5,1,1,30.0,,5.0,,,,,5.0,5.0,2.0,,6.0,1.0,54.0,,1.0,,,,,,,,4.0,5.0,5.0,15.0,,1.0,,,5.0,,2.0,,5.0,,,,,,,,,,,,1.0,1.0,1.0,1.0,1.0,1.0,6,2,3,3,1,3,5,5,3,2,80.0,75.0,85.0,70.0,65.0,75.0,80.0,70.0,30.0,25.0,1,2,1,2,1,1,2,1,1,1,2,1,2,1,1,2,1,1,1,1,1,1,2,1,1,1,1,2,2,2,1,1,2,1,1,2,1,1,1,2
1269,5,4,5,3,4,4,5,3,2,2,40.0,,4.0,,3.0,3.0,2.0,,,,6.0,,,,1.0,,2.0,,,,,,,2.0,5.0,5.0,15.0,,1.0,,,,3.0,,1.0,5.0,,,,,,,,,,,,1.0,1.0,1.0,1.0,1.0,1.0,6,3,2,3,2,5,6,5,3,2,70.0,60.0,75.0,50.0,55.0,60.0,70.0,50.0,40.0,40.0,2,2,2,2,1,2,2,1,1,1,1,1,1,1,1,2,1,2,2,2,2,2,1,2,2,1,2,1,1,1,1,1,1,1,1,1,1,1,1,1
1693,5,5,5,5,5,5,5,5,2,2,,30.0,5.0,,4.0,4.0,3.0,,,,,6.0,,,1.0,1.0,,,,,5.0,5.0,6.0,,,,,15.0,,1.0,,7.0,,1.0,,,5.0,1.0,1.0,1.0,1.0,1.0,1.0,1.0,1.0,1.0,1.0,,,,,,,6,3,3,3,2,4,5,5,3,2,80.0,80.0,85.0,85.0,80.0,80.0,85.0,80.0,20.0,20.0,1,1,2,2,2,1,1,2,1,2,1,1,1,2,2,2,1,1,1,2,1,1,1,2,1,1,1,2,2,1,1,2,1,2,2,1,1,2,1,2
50,5,5,5,5,5,5,5,5,1,1,30.0,,4.0,,3.0,4.0,2.0,,,,,6.0,,,1.0,1.0,,,,,5.0,5.0,6.0,,,,,15.0,1.0,,4.0,,,1.0,,,6.0,1.0,1.0,1.0,1.0,1.0,1.0,1.0,1.0,1.0,1.0,,,,,,,6,3,3,3,2,4,5,5,3,2,75.0,75.0,80.0,80.0,75.0,80.0,80.0,70.0,40.0,40.0,1,1,2,1,2,1,1,2,2,2,1,1,2,1,1,1,1,1,1,1,1,1,1,1,1,1,1,1,1,1,1,1,1,2,1,2,2,2,2,1
2021,5,5,5,2,4,5,5,2,2,2,40.0,,5.0,,,,,4.0,4.0,2.0,,6.0,1.0,54.0,,,2.0,,,,4.0,5.0,5.0,,,,,15.0,1.0,,4.0,,,,1.0,5.0,,1.0,1.0,1.0,1.0,1.0,1.0,1.0,1.0,1.0,1.0,,,,,,,6,3,3,3,3,5,5,5,3,2,65.0,60.0,65.0,40.0,50.0,60.0,60.0,40.0,40.0,40.0,2,1,1,1,2,1,1,1,1,1,1,2,1,2,1,1,2,1,1,1,1,1,1,2,1,1,1,1,1,1,1,1,1,1,1,1,1,1,1,1
321,5,5,5,4,4,5,5,3,2,2,40.0,,,2.0,4.0,3.0,3.0,,,,,6.0,,,1.0,,2.0,4.0,5.0,5.0,,,,,,,,15.0,,1.0,4.0,,,1.0,,5.0,,,,,,,,,,,,1.0,1.0,1.0,1.0,1.0,1.0,6,3,3,3,1,4,5,5,3,2,80.0,75.0,85.0,60.0,55.0,80.0,75.0,50.0,40.0,40.0,2,1,2,2,1,1,1,2,1,2,1,1,2,2,1,2,1,1,2,2,1,2,1,2,2,1,1,2,1,1,2,2,1,2,1,2,2,1,1,2
252,5,5,5,5,5,5,5,5,1,1,30.0,,4.0,,3.0,4.0,2.0,,,,,6.0,1.0,54.0,,1.0,,,,,,,,5.0,5.0,6.0,15.0,,1.0,,4.0,,,1.0,,,6.0,1.0,1.0,1.0,1.0,1.0,1.0,1.0,1.0,1.0,1.0,,,,,,,6,3,3,3,1,5,5,5,3,2,80.0,75.0,85.0,90.0,85.0,80.0,90.0,75.0,20.0,20.0,2,2,2,2,1,1,2,1,1,1,2,1,2,2,1,2,1,1,1,1,1,2,1,2,1,2,1,2,2,1,1,2,2,2,2,1,1,1,2,2
1721,4,4,4,2,2,4,4,2,1,1,30.0,,2.0,,3.0,3.0,2.0,,,,6.0,,1.0,54.0,,1.0,,,,,,,,2.0,5.0,5.0,5.0,,,2.0,4.0,,,1.0,,,5.0,,,,,,,,,,,1.0,1.0,1.0,1.0,1.0,1.0,6,3,3,3,3,4,5,5,3,2,65.0,65.0,65.0,40.0,40.0,65.0,65.0,40.0,40.0,40.0,1,2,1,1,1,1,1,2,1,2,1,2,1,1,2,1,1,1,1,2,1,2,1,1,1,2,1,2,2,2,1,1,2,2,2,2,1,1,1,1
1652,5,5,5,4,4,5,5,4,2,3,,33.0,,2.0,4.0,3.0,2.0,,,,,6.0,1.0,54.0,,,2.0,3.0,5.0,5.0,,,,,,,15.0,,,2.0,,4.0,,,1.0,,5.0,,,,,,,,,,,1.0,1.0,1.0,1.0,1.0,1.0,6,3,3,3,2,4,5,5,3,2,70.0,70.0,75.0,60.0,60.0,75.0,70.0,50.0,40.0,50.0,2,1,1,1,1,2,2,1,1,1,2,2,1,2,1,2,1,1,1,2,1,1,1,1,1,1,2,2,1,2,1,2,1,2,2,1,1,1,1,1
485,5,5,5,5,5,5,5,5,1,1,30.0,,,2.0,4.0,3.0,3.0,,,,6.0,,,,1.0,,2.0,3.0,5.0,5.0,,,,,,,15.0,,1.0,,,4.0,,1.0,,,5.0,1.0,1.0,1.0,1.0,1.0,1.0,1.0,1.0,1.0,1.0,,,,,,,6,3,2,3,2,4,5,5,3,2,75.0,70.0,80.0,85.0,80.0,75.0,80.0,70.0,30.0,30.0,1,1,1,2,2,2,1,2,1,1,1,1,1,1,2,2,1,1,1,1,1,2,1,1,1,2,1,1,1,1,1,1,1,2,2,1,2,2,1,1
710,5,5,5,5,5,5,5,4,2,2,,30.0,5.0,,4.0,3.0,5.0,,,,,6.0,,,1.0,,2.0,3.0,5.0,5.0,,,,,,,15.0,,1.0,,,7.0,,,1.0,5.0,,1.0,1.0,1.0,1.0,1.0,1.0,1.0,1.0,1.0,1.0,,,,,,,6,3,3,3,2,4,5,5,3,2,80.0,75.0,85.0,80.0,75.0,80.0,85.0,70.0,40.0,40.0,2,1,1,1,1,1,1,2,1,1,1,1,1,1,1,1,1,1,1,1,1,1,1,1,1,1,1,1,1,1,1,1,1,1,1,1,1,1,1,1
299,5,5,5,5,5,5,5,5,1,3,70.0,,5.0,,,,,4.0,4.0,2.0,,6.0,1.0,54.0,,,2.0,,,,,,,4.0,5.0,5.0,15.0,,1.0,,,,2.0,2.0,,5.0,,,,,,,,,,,,1.0,1.0,1.0,1.0,1.0,1.0,6,3,3,3,2,4,5,5,3,2,85.0,85.0,90.0,85.0,85.0,85.0,85.0,85.0,20.0,50.0,2,1,1,1,2,1,2,1,2,2,1,2,2,2,1,2,2,2,1,1,1,1,2,2,2,2,2,1,2,1,2,2,1,1,2,1,2,1,2,1
663,5,5,5,4,4,4,5,4,2,3,30.0,,5.0,,4.0,3.0,2.0,,,,,6.0,,,1.0,1.0,,,,,4.0,5.0,5.0,,,,15.0,,1.0,,4.0,,,,1.0,,5.0,,,,,,,,,,,1.0,1.0,1.0,1.0,1.0,1.0,6,3,3,3,2,4,5,5,3,2,70.0,70.0,75.0,50.0,50.0,50.0,70.0,50.0,30.0,40.0,1,2,1,1,2,2,2,1,1,2,2,1,1,2,1,1,2,2,1,1,1,1,1,2,2,2,1,1,2,1,2,2,1,1,2,1,1,2,1,1
1085,5,5,5,5,5,5,5,5,1,1,,30.0,5.0,,,,,5.0,4.0,2.0,,6.0,,,1.0,,2.0,,,,5.0,5.0,6.0,,,,10.0,,,1.0,,,3.0,2.0,,,5.0,,,,,,,,,,,1.0,1.0,1.0,1.0,1.0,1.0,6,3,3,3,3,5,5,5,3,2,80.0,80.0,85.0,85.0,80.0,85.0,85.0,80.0,20.0,20.0,1,2,1,1,2,1,2,1,1,2,1,2,1,2,2,2,1,1,1,1,1,1,1,1,1,1,1,1,1,1,1,1,1,1,1,1,1,1,1,1
1310,5,5,5,5,5,5,5,5,1,1,,30.0,,2.0,,,,5.0,4.0,2.0,,6.0,,,1.0,1.0,,,,,4.0,5.0,5.0,,,,,15.0,,1.0,4.0,,,,1.0,,5.0,,,,,,,,,,,1.0,1.0,1.0,1.0,1.0,1.0,6,3,3,3,2,4,6,6,3,2,85.0,80.0,85.0,80.0,75.0,80.0,85.0,75.0,20.0,20.0,1,2,1,1,1,1,1,1,1,1,1,1,1,1,1,1,1,1,1,1,1,1,1,1,1,1,1,1,1,1,1,1,1,1,1,1,1,1,1,1
1699,5,5,5,5,5,5,5,5,1,1,,30.0,5.0,,4.0,4.0,2.0,,,,6.0,,1.0,54.0,,,2.0,,,,4.0,5.0,6.0,,,,15.0,,1.0,,4.0,,,1.0,,,5.0,1.0,1.0,1.0,1.0,1.0,1.0,1.0,1.0,1.0,1.0,,,,,,,6,3,3,3,3,5,6,6,3,2,85.0,85.0,90.0,90.0,85.0,90.0,90.0,80.0,20.0,20.0,1,1,2,1,2,1,1,1,2,1,2,2,1,1,2,1,2,1,1,1,1,1,1,1,1,1,2,1,1,2,1,1,2,2,1,1,1,1,1,1
1263,5,5,5,5,5,5,5,5,1,1,70.0,,,6.0,,,,6.0,5.0,2.0,,6.0,1.0,54.0,,1.0,,,,,,,,5.0,5.0,6.0,,15.0,,1.0,4.0,,,2.0,,,5.0,,,,,,,,,,,1.0,1.0,1.0,1.0,1.0,1.0,7,3,3,3,1,5,6,6,3,2,85.0,80.0,85.0,80.0,75.0,80.0,85.0,75.0,20.0,20.0,1,1,1,1,1,1,1,1,1,1,1,1,1,1,1,1,1,1,1,1,1,1,1,1,1,1,1,1,1,1,1,1,1,1,1,1,1,1,1,1
1984,5,5,5,3,4,5,5,4,2,2,30.0,,6.0,,,,,4.0,3.0,2.0,,6.0,1.0,54.0,,,2.0,,,,5.0,5.0,6.0,,,,15.0,,,1.0,,5.0,,,1.0,,5.0,1.0,1.0,1.0,1.0,1.0,1.0,1.0,1.0,1.0,1.0,,,,,,,6,3,3,3,2,5,6,6,3,2,70.0,70.0,75.0,40.0,50.0,70.0,70.0,50.0,30.0,30.0,1,1,1,1,1,1,1,1,1,1,1,1,1,1,1,1,1,1,1,1,1,1,1,1,1,1,1,2,1,1,1,1,1,1,1,1,1,1,1,1
258,4,4,4,2,3,4,4,2,4,2,40.0,,4.0,,3.0,3.0,2.0,,,,,6.0,,,1.0,1.0,,,,,4.0,5.0,5.0,,,,15.0,,1.0,,4.0,,,,1.0,,5.0,1.0,1.0,1.0,1.0,1.0,1.0,1.0,1.0,1.0,1.0,,,,,,,5,3,2,2,2,4,5,5,3,2,60.0,60.0,60.0,40.0,50.0,50.0,50.0,40.0,40.0,40.0,1,2,1,1,2,1,2,1,2,1,2,1,1,1,2,1,1,1,2,1,2,1,1,1,1,1,1,1,1,1,1,1,1,2,1,1,1,1,1,1
537,5,5,5,5,5,5,5,5,2,2,30.0,,4.0,,5.0,4.0,3.0,,,,6.0,,,,1.0,1.0,,4.0,5.0,5.0,,,,,,,,8.0,1.0,,,,3.0,,1.0,,5.0,1.0,1.0,1.0,1.0,1.0,1.0,1.0,1.0,1.0,1.0,,,,,,,6,3,3,3,1,3,5,5,3,2,85.0,80.0,85.0,90.0,85.0,90.0,90.0,80.0,30.0,30.0,2,1,2,1,1,2,1,1,1,2,1,2,1,2,1,2,1,1,2,2,1,2,1,1,1,1,2,1,1,2,1,1,1,2,1,2,1,2,1,1
444,5,5,5,2,3,5,5,2,1,1,,30.0,5.0,,4.0,3.0,3.0,,,,6.0,,1.0,54.0,,1.0,,,,,5.0,5.0,6.0,,,,,15.0,1.0,,,,3.0,2.0,,5.0,,,,,,,,,,,,1.0,1.0,1.0,1.0,1.0,1.0,6,2,3,3,1,4,5,5,3,2,75.0,70.0,80.0,30.0,40.0,70.0,75.0,30.0,20.0,20.0,2,2,1,1,2,1,2,1,2,2,2,1,1,1,2,1,1,2,1,2,1,2,1,1,1,1,1,1,1,1,1,1,1,2,1,1,2,1,2,2
1658,4,4,4,4,4,4,4,3,2,2,30.0,,,2.0,,,,5.0,4.0,2.0,,6.0,,,1.0,1.0,,,,,4.0,5.0,5.0,,,,15.0,,,1.0,4.0,,,1.0,,5.0,,1.0,1.0,1.0,1.0,1.0,1.0,1.0,1.0,1.0,1.0,,,,,,,6,3,3,3,1,5,6,6,3,2,60.0,55.0,55.0,50.0,50.0,50.0,50.0,40.0,30.0,30.0,1,2,1,1,2,1,2,1,2,2,1,1,1,2,1,1,1,1,2,2,2,2,1,2,1,2,2,1,1,2,1,1,1,2,1,1,1,1,2,1
1137,5,5,5,5,5,5,5,4,1,1,30.0,,6.0,,,,,4.0,5.0,2.0,6.0,,,,1.0,1.0,,,,,,,,5.0,5.0,6.0,,15.0,,1.0,,5.0,,,1.0,,5.0,1.0,1.0,1.0,1.0,1.0,1.0,1.0,1.0,1.0,1.0,,,,,,,6,3,3,3,1,5,6,6,3,2,80.0,75.0,85.0,70.0,65.0,75.0,80.0,60.0,30.0,25.0,1,2,2,1,2,2,1,1,1,1,1,2,2,1,1,2,1,1,2,1,1,2,1,1,2,1,1,1,1,1,1,2,1,1,2,1,2,1,1,1
1044,5,5,5,4,4,5,5,4,2,2,30.0,,,2.0,,,,5.0,4.0,2.0,,6.0,1.0,54.0,,,2.0,4.0,5.0,5.0,,,,,,,15.0,,1.0,,4.0,,,,1.0,5.0,,1.0,1.0,1.0,1.0,1.0,1.0,1.0,1.0,1.0,1.0,,,,,,,6,3,3,3,2,3,5,5,3,2,75.0,70.0,80.0,60.0,55.0,70.0,65.0,50.0,40.0,40.0,1,2,1,2,2,1,1,1,2,1,2,1,1,2,2,1,1,1,2,1,1,2,1,1,2,1,1,2,1,1,2,2,1,1,1,1,1,1,1,2
1836,5,5,5,2,2,5,5,2,2,2,,30.0,,2.0,4.0,4.0,3.0,,,,,6.0,,,1.0,,2.0,,,,,,,2.0,5.0,5.0,15.0,,,2.0,,,3.0,,1.0,,5.0,,,,,,,,,,,1.0,1.0,1.0,1.0,1.0,1.0,6,2,2,2,2,4,4,4,3,2,70.0,70.0,75.0,30.0,30.0,70.0,70.0,30.0,30.0,30.0,1,1,1,1,1,2,1,2,1,2,1,2,1,1,1,1,2,1,1,1,2,1,1,1,1,1,1,2,1,1,1,1,2,1,2,2,1,1,1,1
1945,5,5,5,4,4,5,5,4,2,2,,30.0,5.0,,3.0,4.0,2.0,,,,6.0,,1.0,54.0,,1.0,,,,,4.0,5.0,5.0,,,,,15.0,,1.0,,4.0,,1.0,,5.0,,,,,,,,,,,,1.0,1.0,1.0,1.0,1.0,1.0,6,3,3,3,2,4,5,5,3,2,75.0,75.0,80.0,65.0,65.0,80.0,80.0,60.0,40.0,40.0,1,1,1,1,1,1,1,2,1,2,1,2,2,1,1,2,1,1,1,2,1,1,1,1,1,1,1,1,1,1,1,1,1,1,1,1,1,1,1,1
542,5,5,5,5,5,5,5,5,2,2,,30.0,,2.0,4.0,3.0,3.0,,,,6.0,,1.0,54.0,,1.0,,,,,5.0,5.0,6.0,,,,,15.0,,1.0,,5.0,,1.0,,,5.0,,,,,,,,,,,1.0,1.0,1.0,1.0,1.0,1.0,6,3,3,3,3,5,5,5,3,2,75.0,75.0,80.0,75.0,70.0,75.0,80.0,70.0,40.0,40.0,1,1,1,1,1,2,2,1,1,1,1,2,1,2,1,2,1,1,1,2,1,1,1,1,1,2,1,1,1,2,2,2,2,1,2,2,1,1,2,1
431,5,4,5,4,4,5,5,3,2,2,40.0,,,2.0,,,,4.0,3.0,2.0,,6.0,,,1.0,1.0,,,,,5.0,5.0,5.0,,,,5.0,,,1.0,,5.0,,1.0,,5.0,,,,,,,,,,,,1.0,1.0,1.0,1.0,1.0,1.0,6,3,3,3,2,5,5,5,3,2,75.0,65.0,80.0,55.0,60.0,70.0,75.0,50.0,40.0,40.0,1,1,1,1,1,2,2,2,1,2,2,1,2,1,1,1,1,1,2,1,1,1,1,1,1,1,1,1,1,1,1,1,1,2,1,1,1,1,2,1
1142,5,5,5,5,5,5,5,5,1,1,,30.0,,4.0,,,,5.0,4.0,2.0,6.0,,1.0,54.0,,,2.0,,,,,,,2.0,5.0,5.0,15.0,,1.0,,4.0,,,,1.0,,5.0,1.0,1.0,1.0,1.0,1.0,1.0,1.0,1.0,1.0,1.0,,,,,,,6,2,3,3,1,3,5,5,3,2,80.0,80.0,80.0,80.0,80.0,80.0,80.0,80.0,20.0,20.0,1,2,2,2,1,1,1,2,1,1,2,1,2,2,1,1,1,1,2,1,1,1,2,2,1,1,2,1,2,2,1,1,1,1,2,1,1,1,1,1
1031,5,5,5,5,5,5,5,4,2,2,30.0,,,2.0,4.0,3.0,3.0,,,,6.0,,,,1.0,,2.0,3.0,5.0,6.0,,,,,,,,12.0,,1.0,,5.0,,,1.0,,5.0,1.0,1.0,1.0,1.0,1.0,1.0,1.0,1.0,1.0,1.0,,,,,,,6,2,3,3,2,5,6,6,3,2,75.0,70.0,75.0,70.0,65.0,70.0,75.0,60.0,40.0,40.0,1,2,1,1,1,1,2,1,2,1,1,1,1,1,1,1,1,1,1,1,1,1,1,1,1,1,1,1,1,1,1,1,1,1,2,1,1,1,2,1
1843,5,5,5,2,3,5,5,2,1,1,,30.0,5.0,,,,,5.0,4.0,2.0,6.0,,1.0,54.0,,,2.0,4.0,5.0,5.0,,,,,,,15.0,,,1.0,4.0,,,,1.0,,5.0,1.0,1.0,1.0,1.0,1.0,1.0,1.0,1.0,1.0,1.0,,,,,,,6,3,3,3,1,3,6,6,3,2,70.0,70.0,75.0,40.0,50.0,60.0,70.0,30.0,20.0,20.0,2,1,2,1,1,1,1,2,1,2,2,1,1,1,1,1,1,2,2,2,2,1,1,1,2,2,1,2,1,1,1,2,2,1,2,1,1,1,1,2
1930,5,5,5,5,5,5,5,5,2,2,30.0,,4.0,,,,,5.0,4.0,2.0,,6.0,1.0,54.0,,,2.0,4.0,5.0,5.0,,,,,,,15.0,,,1.0,4.0,,,,1.0,5.0,,1.0,1.0,1.0,1.0,1.0,1.0,1.0,1.0,1.0,1.0,,,,,,,6,3,3,3,1,5,6,6,3,2,85.0,80.0,85.0,90.0,85.0,90.0,90.0,85.0,30.0,30.0,1,1,2,2,1,1,2,1,2,1,2,2,2,1,1,1,1,1,1,2,1,1,2,1,1,1,1,1,2,1,2,1,2,1,1,1,2,2,1,1
765,5,5,5,5,5,5,5,4,2,2,,30.0,4.0,,,,,5.0,4.0,2.0,,6.0,,,1.0,1.0,,4.0,5.0,5.0,,,,,,,15.0,,1.0,,4.0,,,,1.0,5.0,,,,,,,,,,,,1.0,1.0,1.0,1.0,1.0,1.0,6,3,3,3,2,5,6,6,3,2,75.0,75.0,80.0,80.0,75.0,75.0,80.0,60.0,40.0,40.0,1,1,2,1,1,1,1,2,2,1,2,2,2,1,1,2,1,1,1,1,1,1,1,1,1,1,1,1,1,1,1,1,1,1,1,1,1,1,1,1
616,5,5,5,5,5,5,5,5,2,2,30.0,,,2.0,,,,5.0,4.0,2.0,6.0,,,,1.0,1.0,,,,,,,,5.0,5.0,5.0,,15.0,1.0,,4.0,,,2.0,,,5.0,1.0,1.0,1.0,1.0,1.0,1.0,1.0,1.0,1.0,1.0,,,,,,,6,2,3,3,1,3,5,5,3,2,80.0,75.0,85.0,80.0,75.0,80.0,85.0,70.0,40.0,40.0,1,2,1,1,1,1,1,1,1,1,1,2,2,1,1,2,1,1,1,1,1,1,1,1,1,1,1,1,1,1,1,2,1,1,1,1,1,1,1,1
583,5,4,5,4,4,4,5,4,2,3,,30.0,,2.0,,,,5.0,4.0,2.0,,6.0,,,1.0,,2.0,,,,,,,2.0,5.0,5.0,,15.0,1.0,,,4.0,,,1.0,5.0,,,,,,,,,,,,1.0,1.0,1.0,1.0,1.0,1.0,6,3,3,3,2,4,5,5,3,2,70.0,60.0,75.0,55.0,50.0,55.0,65.0,50.0,30.0,40.0,1,2,2,1,2,1,2,1,2,1,2,1,1,1,1,1,2,1,1,2,2,1,1,1,2,1,1,1,2,2,1,1,2,2,2,1,2,2,1,2
179,5,5,5,5,5,5,5,5,2,2,30.0,,6.0,,,,,5.0,5.0,2.0,,6.0,1.0,54.0,,,2.0,,,,5.0,5.0,6.0,,,,,15.0,,1.0,,,3.0,,1.0,5.0,,,,,,,,,,,,1.0,1.0,1.0,1.0,1.0,1.0,6,3,3,3,1,5,6,6,4,2,85.0,80.0,90.0,85.0,80.0,85.0,90.0,75.0,30.0,30.0,2,1,1,2,1,1,1,2,1,2,2,1,1,1,2,1,1,1,2,1,1,2,1,1,2,2,1,1,1,2,1,2,1,2,2,1,1,1,2,2
1365,5,5,5,5,5,5,5,5,1,2,,30.0,,6.0,,,,5.0,4.0,2.0,,6.0,1.0,54.0,,1.0,,,,,5.0,5.0,6.0,,,,15.0,,,1.0,,,4.0,,1.0,5.0,,,,,,,,,,,,1.0,1.0,1.0,1.0,1.0,1.0,7,3,3,3,1,3,5,5,3,2,85.0,80.0,85.0,90.0,85.0,90.0,90.0,80.0,20.0,30.0,1,1,1,1,1,1,2,1,2,1,1,2,1,1,2,1,1,1,1,1,1,1,1,1,1,1,1,1,1,1,1,1,1,1,1,1,1,1,1,1
1216,5,5,5,2,3,4,5,2,1,1,30.0,,,2.0,,,,5.0,4.0,2.0,,6.0,,,1.0,,2.0,,,,1.0,5.0,5.0,,,,,15.0,,2.0,,4.0,,2.0,,5.0,,,,,,,,,,,,1.0,1.0,1.0,1.0,1.0,1.0,6,3,3,3,2,4,5,5,3,2,70.0,70.0,75.0,40.0,50.0,60.0,70.0,40.0,20.0,20.0,2,2,2,2,2,2,2,2,2,2,2,2,1,2,2,2,2,2,2,2,2,2,2,2,1,2,2,2,1,1,2,2,2,2,2,2,2,2,2,2
1183,4,5,5,2,3,4,5,2,1,2,,30.0,5.0,,,,,5.0,4.0,2.0,6.0,,1.0,54.0,,,2.0,,,,,,,2.0,5.0,5.0,15.0,,,1.0,3.0,,,1.0,,5.0,,,,,,,,,,,,1.0,1.0,1.0,1.0,1.0,1.0,6,3,3,3,2,4,5,5,3,2,60.0,70.0,75.0,40.0,50.0,55.0,65.0,30.0,20.0,25.0,1,1,1,1,1,1,1,1,1,1,1,1,1,1,1,1,1,1,1,1,1,1,1,1,1,1,1,1,1,1,1,1,1,1,1,1,1,1,1,1
1579,5,5,5,3,4,4,5,3,2,2,30.0,,4.0,,,,,5.0,4.0,2.0,,6.0,1.0,54.0,,1.0,,2.0,5.0,5.0,,,,,,,,15.0,1.0,,,,3.0,,1.0,5.0,,1.0,1.0,1.0,1.0,1.0,1.0,1.0,1.0,1.0,1.0,,,,,,,6,3,2,2,1,4,6,6,3,2,70.0,65.0,75.0,40.0,50.0,55.0,70.0,40.0,30.0,30.0,2,1,1,2,2,1,1,2,2,1,1,1,2,2,1,2,1,2,1,2,1,1,1,1,2,1,2,2,2,1,2,2,1,1,1,1,1,2,2,2
1882,5,4,5,3,4,4,5,3,2,2,,30.0,4.0,,,,,4.0,5.0,2.0,6.0,,1.0,54.0,,1.0,,3.0,5.0,5.0,,,,,,,15.0,,1.0,,,4.0,,2.0,,5.0,,,,,,,,,,,,1.0,1.0,1.0,1.0,1.0,1.0,6,3,3,3,1,4,5,5,3,2,70.0,60.0,75.0,40.0,50.0,55.0,65.0,35.0,25.0,25.0,1,1,1,2,2,1,1,2,2,1,2,2,1,2,1,1,1,2,2,1,2,1,1,1,2,1,2,1,1,2,1,2,1,2,1,2,1,2,2,1
878,5,5,5,2,2,5,5,2,2,2,40.0,,,2.0,,,,5.0,5.0,2.0,,6.0,1.0,54.0,,1.0,,,,,,,,4.0,5.0,5.0,,15.0,,2.0,,4.0,,1.0,,,5.0,,,,,,,,,,,1.0,1.0,1.0,1.0,1.0,1.0,6,3,2,3,3,5,6,5,3,2,70.0,70.0,75.0,40.0,40.0,70.0,70.0,40.0,40.0,40.0,1,2,2,1,1,1,2,1,1,1,2,1,2,1,1,2,1,1,1,1,1,2,1,1,2,2,2,1,1,2,1,1,2,1,2,2,1,2,1,1
1174,4,4,5,4,4,4,5,4,2,3,35.0,,,2.0,,,,4.0,4.0,2.0,6.0,,1.0,15.0,,1.0,,,,,,,,4.0,5.0,5.0,,15.0,,2.0,4.0,,,,1.0,,5.0,1.0,1.0,1.0,1.0,1.0,1.0,1.0,1.0,1.0,1.0,,,,,,,6,3,3,3,2,5,5,5,3,2,70.0,65.0,75.0,60.0,60.0,65.0,70.0,55.0,40.0,50.0,1,1,1,1,1,1,1,2,1,1,2,1,2,2,1,1,1,1,1,1,1,1,1,1,1,1,1,1,1,1,1,1,1,1,1,1,1,1,1,1
1007,5,5,5,5,5,5,5,5,1,1,,30.0,5.0,,4.0,3.0,2.0,,,,6.0,,,,1.0,,2.0,,,,,,,4.0,5.0,6.0,10.0,,1.0,,,4.0,,,1.0,,6.0,1.0,1.0,1.0,1.0,1.0,1.0,1.0,1.0,1.0,1.0,,,,,,,6,3,3,3,1,3,3,3,3,2,75.0,75.0,80.0,85.0,80.0,85.0,90.0,80.0,20.0,20.0,1,2,1,2,2,1,1,2,1,1,1,1,1,1,1,1,1,1,1,1,1,1,1,1,1,1,1,1,1,1,1,1,1,1,1,2,1,1,1,2
1392,5,5,5,4,4,5,5,4,2,2,,30.0,,2.0,4.0,5.0,3.0,,,,6.0,,1.0,54.0,,,2.0,2.0,5.0,5.0,,,,,,,15.0,,1.0,,4.0,,,2.0,,5.0,,,,,,,,,,,,1.0,1.0,1.0,1.0,1.0,1.0,6,2,3,3,1,3,5,5,3,2,75.0,70.0,80.0,60.0,55.0,70.0,65.0,50.0,40.0,45.0,2,1,2,1,2,1,1,2,1,1,2,1,1,1,1,2,2,1,2,1,1,1,1,2,2,2,2,1,2,1,2,2,1,2,2,1,2,1,1,1
1768,5,5,5,5,5,5,5,4,2,2,,30.0,,2.0,3.0,4.0,5.0,,,,6.0,,1.0,54.0,,1.0,,,,,,,,4.0,5.0,5.0,,15.0,1.0,,4.0,,,2.0,,,5.0,,,,,,,,,,,1.0,1.0,1.0,1.0,1.0,1.0,6,3,3,3,1,4,6,6,3,2,80.0,75.0,85.0,70.0,65.0,75.0,80.0,60.0,40.0,50.0,1,1,2,2,1,2,2,1,1,2,2,1,2,2,1,1,1,2,1,1,1,1,1,1,1,1,2,1,1,1,1,1,2,1,1,2,1,2,1,1
574,5,5,5,4,4,5,5,3,2,2,30.0,,4.0,,3.0,4.0,4.0,,,,,6.0,1.0,54.0,,1.0,,,,,,,,2.0,5.0,5.0,,15.0,,1.0,,5.0,,1.0,,,5.0,1.0,1.0,1.0,1.0,1.0,1.0,1.0,1.0,1.0,1.0,,,,,,,6,3,3,3,1,4,5,5,3,2,75.0,80.0,85.0,60.0,55.0,70.0,75.0,50.0,40.0,40.0,1,1,2,1,1,1,2,1,1,1,2,2,1,1,1,1,1,2,1,2,1,1,1,1,1,1,1,1,1,1,1,1,1,1,1,1,1,1,1,1
407,5,4,5,5,5,5,5,5,2,2,35.0,,,2.0,,,,5.0,4.0,2.0,6.0,,,,1.0,,2.0,3.0,5.0,5.0,,,,,,,,15.0,,1.0,,4.0,,1.0,,5.0,,1.0,1.0,1.0,1.0,1.0,1.0,1.0,1.0,1.0,1.0,,,,,,,6,3,3,3,1,5,5,5,3,2,75.0,70.0,80.0,85.0,80.0,85.0,90.0,80.0,40.0,50.0,1,1,1,1,2,2,1,1,1,1,1,1,1,1,1,1,1,2,1,2,1,1,1,2,1,2,1,1,1,1,1,1,1,2,1,1,1,2,1,1
792,4,4,4,3,3,4,4,3,2,2,,30.0,4.0,,,,,5.0,4.0,2.0,6.0,,,,1.0,,2.0,3.0,5.0,5.0,,,,,,,,15.0,1.0,,,,3.0,1.0,,5.0,,1.0,1.0,1.0,1.0,1.0,1.0,1.0,1.0,1.0,1.0,,,,,,,6,3,3,3,3,4,4,4,3,2,65.0,60.0,65.0,50.0,50.0,60.0,60.0,50.0,40.0,40.0,1,1,2,1,1,2,1,1,1,1,2,2,1,2,1,2,2,1,2,2,1,1,1,2,1,1,1,1,1,1,1,1,1,1,1,1,1,1,1,1
368,5,5,5,5,5,5,5,5,1,1,30.0,,,2.0,,,,4.0,3.0,2.0,6.0,,,,1.0,,2.0,,,,4.0,5.0,6.0,,,,15.0,,1.0,,,6.0,,,1.0,,6.0,1.0,1.0,1.0,1.0,1.0,1.0,1.0,1.0,1.0,1.0,,,,,,,6,3,2,3,2,5,6,6,3,2,85.0,80.0,90.0,85.0,80.0,85.0,90.0,80.0,10.0,10.0,1,2,1,1,2,2,2,1,2,1,2,1,1,1,2,2,1,1,2,1,2,1,1,1,1,1,1,2,1,2,2,2,1,1,1,1,2,1,1,2
19,5,5,5,5,5,5,5,5,2,2,,30.0,,2.0,,,,6.0,5.0,2.0,,6.0,,,1.0,,2.0,,,,5.0,5.0,6.0,,,,15.0,,1.0,,,,3.0,,1.0,,5.0,1.0,1.0,1.0,1.0,1.0,1.0,1.0,1.0,1.0,1.0,,,,,,,6,3,3,3,2,5,5,5,3,2,75.0,75.0,80.0,80.0,75.0,80.0,80.0,75.0,30.0,30.0,1,1,1,2,1,2,2,1,1,2,1,1,2,2,1,1,1,2,1,1,1,1,1,1,2,2,1,1,1,2,1,2,1,2,2,1,1,2,2,2
1875,5,5,5,5,5,5,5,5,1,1,30.0,,,2.0,4.0,3.0,3.0,,,,6.0,,,,1.0,1.0,,4.0,5.0,6.0,,,,,,,15.0,,1.0,,4.0,,,,1.0,,5.0,,,,,,,,,,,1.0,1.0,1.0,1.0,1.0,1.0,6,3,3,3,2,3,4,4,3,2,80.0,80.0,80.0,80.0,80.0,80.0,80.0,80.0,20.0,20.0,1,1,1,1,1,1,1,1,1,1,1,1,1,2,1,2,1,1,1,1,1,1,1,1,1,1,1,1,1,1,1,1,1,1,1,1,1,1,1,1
1906,5,5,5,5,5,5,5,5,2,2,30.0,,,2.0,4.0,4.0,3.0,,,,6.0,,,,1.0,1.0,,,,,,,,4.0,5.0,5.0,,15.0,1.0,,,4.0,,1.0,,5.0,,,,,,,,,,,,1.0,1.0,1.0,1.0,1.0,1.0,6,3,2,2,2,5,6,6,3,2,75.0,70.0,80.0,85.0,80.0,85.0,90.0,70.0,40.0,50.0,1,2,2,1,2,1,1,1,1,1,1,1,2,1,1,1,1,1,2,1,1,1,1,1,1,1,1,1,2,1,1,1,1,1,1,1,1,2,1,2
1353,5,5,5,5,5,5,5,5,2,2,,20.0,,6.0,,,,5.0,4.0,2.0,6.0,,1.0,54.0,,,2.0,,,,,,,5.0,5.0,6.0,15.0,,1.0,,4.0,,,2.0,,,5.0,1.0,1.0,1.0,1.0,1.0,1.0,1.0,1.0,1.0,1.0,,,,,,,6,3,3,3,1,3,5,5,3,2,85.0,80.0,85.0,80.0,75.0,80.0,85.0,70.0,30.0,30.0,1,2,1,1,1,2,1,2,1,1,1,1,2,2,1,1,1,1,2,1,2,2,1,2,1,2,2,1,1,2,1,2,2,1,1,2,2,1,1,1
1220,5,4,5,5,5,5,5,4,2,2,30.0,,,2.0,3.0,4.0,5.0,,,,6.0,,,,1.0,,2.0,2.0,5.0,5.0,,,,,,,15.0,,,1.0,3.0,,,1.0,,,5.0,1.0,1.0,1.0,1.0,1.0,1.0,1.0,1.0,1.0,1.0,,,,,,,6,3,3,3,1,4,5,5,3,2,70.0,60.0,75.0,80.0,70.0,75.0,80.0,65.0,40.0,40.0,1,2,2,1,2,1,2,1,1,1,2,1,1,2,1,2,1,1,1,1,1,1,1,1,1,1,1,1,1,1,1,1,1,1,1,1,1,1,1,1
753,5,5,5,5,5,5,5,5,2,2,30.0,,5.0,,4.0,4.0,3.0,,,,6.0,,,,1.0,1.0,,,,,5.0,5.0,6.0,,,,15.0,,1.0,,4.0,,,2.0,,5.0,,1.0,1.0,1.0,1.0,1.0,1.0,1.0,1.0,1.0,1.0,,,,,,,6,3,3,3,1,3,5,5,3,2,80.0,80.0,85.0,80.0,75.0,85.0,85.0,80.0,30.0,30.0,1,2,1,1,1,2,1,2,1,1,1,1,2,1,1,1,1,1,1,1,2,1,1,1,1,1,1,1,1,1,1,1,2,1,1,1,2,2,1,1
620,4,4,4,2,3,4,4,2,2,2,,35.0,,2.0,,,,5.0,4.0,2.0,,6.0,,,1.0,1.0,,,,,,,,2.0,5.0,5.0,3.0,,,2.0,,,3.0,,1.0,5.0,,1.0,1.0,1.0,1.0,1.0,1.0,1.0,1.0,1.0,1.0,,,,,,,6,3,2,2,1,5,6,6,3,2,65.0,60.0,70.0,40.0,50.0,55.0,60.0,30.0,35.0,30.0,1,2,1,1,1,2,2,2,1,2,1,2,1,1,2,1,2,1,1,2,2,1,1,1,2,2,2,1,2,1,2,2,2,2,1,1,2,1,2,2
1449,5,5,5,5,5,5,5,5,1,1,30.0,,,2.0,,,,6.0,5.0,2.0,,6.0,,,1.0,1.0,,4.0,5.0,6.0,,,,,,,18.0,,,1.0,,4.0,,1.0,,,5.0,,,,,,,,,,,1.0,1.0,1.0,1.0,1.0,1.0,6,3,2,2,3,5,6,6,3,2,75.0,70.0,80.0,85.0,80.0,85.0,90.0,70.0,20.0,30.0,1,1,1,1,1,2,1,1,1,1,2,1,1,1,1,1,1,1,1,1,1,1,1,1,1,1,1,1,1,1,1,1,1,1,1,1,1,2,1,1
1326,5,5,5,5,5,5,5,5,1,1,30.0,,,2.0,,,,5.0,4.0,2.0,6.0,,,,1.0,,2.0,,,,,,,2.0,5.0,6.0,,15.0,1.0,,,4.0,,2.0,,,5.0,,,,,,,,,,,1.0,1.0,1.0,1.0,1.0,1.0,6,3,3,3,2,4,5,5,4,2,75.0,75.0,80.0,80.0,75.0,80.0,80.0,75.0,25.0,25.0,1,2,1,1,1,1,2,2,1,1,2,2,2,1,2,1,1,2,2,1,1,2,1,1,1,2,2,2,1,2,2,1,1,1,2,1,1,1,1,1
1255,5,5,5,5,5,5,5,5,1,1,,30.0,6.0,,4.0,3.0,5.0,,,,,6.0,,,1.0,,2.0,,,,5.0,5.0,6.0,,,,15.0,,1.0,,4.0,,,2.0,,,6.0,,,,,,,,,,,1.0,1.0,1.0,1.0,1.0,1.0,6,3,3,3,3,4,5,5,3,2,80.0,75.0,85.0,70.0,65.0,75.0,80.0,60.0,30.0,25.0,1,2,1,2,1,1,1,2,2,2,1,1,1,2,1,2,2,1,1,1,1,2,1,1,1,2,1,1,2,2,1,2,1,2,1,1,2,2,1,1
726,4,4,4,4,4,4,4,4,2,2,,35.0,,5.0,,,,5.0,4.0,2.0,6.0,,,,1.0,1.0,,,,,4.0,5.0,5.0,,,,,15.0,1.0,,,,3.0,,1.0,5.0,,1.0,1.0,1.0,1.0,1.0,1.0,1.0,1.0,1.0,1.0,,,,,,,6,3,3,3,1,5,6,6,3,2,65.0,65.0,65.0,55.0,55.0,55.0,55.0,55.0,35.0,35.0,1,1,1,1,1,2,2,1,1,1,1,2,1,1,1,2,1,1,1,1,1,2,1,2,1,1,2,1,1,1,1,1,1,2,1,2,1,1,2,1
655,5,5,5,5,5,5,5,5,2,2,,30.0,,2.0,5.0,3.0,4.0,,,,6.0,,1.0,54.0,,,2.0,2.0,5.0,5.0,,,,,,,15.0,,1.0,,,,3.0,,1.0,,5.0,,,,,,,,,,,1.0,1.0,1.0,1.0,1.0,1.0,6,3,3,3,2,5,6,6,3,2,75.0,70.0,80.0,85.0,80.0,75.0,80.0,70.0,40.0,40.0,1,1,2,1,2,1,1,2,2,1,1,2,1,1,1,1,1,1,1,2,2,1,1,2,1,2,1,2,1,2,1,2,1,2,1,2,2,1,2,1
948,4,4,4,3,3,4,4,3,2,2,,30.0,5.0,,5.0,4.0,3.0,,,,6.0,,1.0,54.0,,,2.0,4.0,4.0,5.0,,,,,,,,8.0,1.0,,4.0,,,1.0,,5.0,,1.0,1.0,1.0,1.0,1.0,1.0,1.0,1.0,1.0,1.0,,,,,,,6,3,3,3,1,4,6,6,3,2,60.0,55.0,60.0,40.0,40.0,55.0,55.0,40.0,30.0,30.0,2,1,2,2,1,2,1,2,1,1,1,2,1,1,1,2,1,2,1,1,1,1,1,1,1,1,1,1,1,1,1,1,1,1,2,1,1,1,1,1
1294,5,5,5,5,5,5,5,5,2,2,,30.0,,4.0,5.0,4.0,3.0,,,,6.0,,1.0,54.0,,,2.0,,,,2.0,5.0,5.0,,,,,15.0,,1.0,3.0,,,,1.0,5.0,,,,,,,,,,,,1.0,1.0,1.0,1.0,1.0,1.0,6,3,3,3,2,4,6,6,3,2,80.0,75.0,85.0,70.0,65.0,80.0,75.0,70.0,40.0,40.0,1,1,2,2,2,2,1,1,2,1,2,1,2,1,2,1,2,1,2,2,2,1,1,2,1,2,1,2,1,1,2,1,2,1,1,1,2,1,2,1
1101,5,5,5,5,5,5,5,5,2,2,,30.0,,6.0,4.0,3.0,5.0,,,,6.0,,,,1.0,1.0,,4.0,5.0,5.0,,,,,,,18.0,,,1.0,,,3.0,2.0,,,5.0,,,,,,,,,,,1.0,1.0,1.0,1.0,1.0,1.0,6,3,3,3,1,3,5,5,3,2,85.0,80.0,85.0,75.0,70.0,80.0,85.0,70.0,40.0,40.0,1,1,1,2,2,2,2,1,1,2,1,2,1,1,1,1,1,1,1,1,1,1,1,1,2,2,2,1,2,1,1,1,1,1,2,1,1,1,1,1
1488,5,5,5,5,5,5,5,5,1,1,,30.0,5.0,,3.0,4.0,2.0,,,,,6.0,1.0,54.0,,1.0,,4.0,5.0,5.0,,,,,,,,15.0,1.0,,,4.0,,,1.0,,5.0,1.0,1.0,1.0,1.0,1.0,1.0,1.0,1.0,1.0,1.0,,,,,,,6,3,3,3,2,4,5,5,3,2,85.0,80.0,85.0,85.0,80.0,85.0,85.0,80.0,20.0,20.0,2,1,1,1,1,1,1,1,2,2,2,1,2,1,2,1,1,1,2,1,1,1,2,1,1,2,2,1,1,2,2,1,1,2,2,1,1,1,1,1
1072,5,5,5,5,5,5,5,5,2,2,30.0,,,2.0,,,,5.0,4.0,2.0,,6.0,,,1.0,1.0,,4.0,5.0,5.0,,,,,,,,15.0,1.0,,,4.0,,2.0,,,5.0,1.0,1.0,1.0,1.0,1.0,1.0,1.0,1.0,1.0,1.0,,,,,,,6,2,3,3,1,5,6,6,3,2,80.0,75.0,85.0,80.0,75.0,80.0,85.0,70.0,40.0,40.0,1,2,1,2,1,1,2,2,1,2,2,1,1,1,1,2,1,2,2,1,1,2,2,1,2,2,2,1,2,1,1,2,1,2,2,2,1,1,2,2
694,5,5,5,5,5,5,5,5,1,1,,30.0,5.0,,4.0,3.0,2.0,,,,,6.0,1.0,54.0,,,2.0,,,,4.0,5.0,6.0,,,,15.0,,1.0,,4.0,,,1.0,,5.0,,1.0,1.0,1.0,1.0,1.0,1.0,1.0,1.0,1.0,1.0,,,,,,,6,3,2,2,1,3,5,5,3,2,85.0,80.0,90.0,75.0,70.0,80.0,85.0,60.0,30.0,25.0,2,1,2,2,2,2,1,1,1,2,2,1,1,1,2,1,1,2,1,2,1,1,2,2,2,1,1,1,2,1,2,1,2,1,1,2,1,2,1,1
501,5,5,5,5,5,5,5,5,1,1,30.0,,,5.0,,,,5.0,4.0,2.0,,6.0,1.0,54.0,,1.0,,4.0,5.0,5.0,,,,,,,15.0,,1.0,,,4.0,,2.0,,5.0,,,,,,,,,,,,1.0,1.0,1.0,1.0,1.0,1.0,6,3,3,3,2,4,5,5,3,2,80.0,75.0,85.0,70.0,65.0,75.0,80.0,60.0,20.0,15.0,1,1,1,1,1,1,1,1,1,1,1,1,1,1,1,2,1,1,1,1,1,1,1,1,1,1,1,1,1,1,1,1,1,1,1,1,1,1,1,1
472,4,4,4,2,3,4,4,2,2,2,,30.0,,2.0,4.0,3.0,2.0,,,,6.0,,1.0,54.0,,,2.0,,,,2.0,5.0,5.0,,,,15.0,,1.0,,,4.0,,,1.0,5.0,,,,,,,,,,,,1.0,1.0,1.0,1.0,1.0,1.0,5,3,2,2,2,4,5,5,3,2,65.0,60.0,65.0,40.0,50.0,60.0,65.0,40.0,40.0,40.0,2,2,1,1,2,2,1,1,1,2,1,2,1,2,1,2,1,1,2,1,1,2,1,1,2,1,2,2,1,2,1,2,2,1,2,1,1,2,1,1
989,5,5,5,5,5,5,5,5,1,1,40.0,,,2.0,,,,6.0,5.0,2.0,6.0,,,,1.0,,2.0,4.0,5.0,5.0,,,,,,,15.0,,1.0,,4.0,,,,1.0,,5.0,,,,,,,,,,,1.0,1.0,1.0,1.0,1.0,1.0,6,3,3,3,3,5,6,6,3,2,75.0,70.0,80.0,70.0,65.0,70.0,75.0,60.0,40.0,40.0,1,1,2,1,2,2,1,2,1,1,1,2,2,1,2,1,2,2,2,2,1,1,1,1,2,2,1,1,2,1,1,1,1,1,1,1,2,2,1,2
1800,5,5,5,5,5,5,5,5,1,1,30.0,,,4.0,,,,5.0,4.0,2.0,,6.0,1.0,54.0,,1.0,,,,,,,,4.0,5.0,5.0,,15.0,,1.0,,,3.0,2.0,,5.0,,1.0,1.0,1.0,1.0,1.0,1.0,1.0,1.0,1.0,1.0,,,,,,,6,2,2,2,1,3,6,6,3,1,85.0,85.0,90.0,90.0,85.0,90.0,90.0,85.0,20.0,20.0,2,1,2,1,1,1,2,1,1,2,1,2,1,1,2,1,1,2,2,2,1,1,2,1,2,1,1,1,2,1,1,1,2,1,1,1,2,1,1,1
1973,5,5,5,5,5,5,5,5,1,1,30.0,,4.0,,3.0,3.0,2.0,,,,6.0,,1.0,20.0,,,2.0,,,,,,,4.0,5.0,6.0,,15.0,1.0,,,,3.0,,1.0,5.0,,1.0,1.0,1.0,1.0,1.0,1.0,1.0,1.0,1.0,1.0,,,,,,,6,3,2,2,1,3,5,5,3,2,75.0,75.0,80.0,80.0,75.0,80.0,80.0,75.0,20.0,20.0,1,1,1,2,1,1,1,1,1,1,1,1,1,1,1,1,1,1,1,1,1,1,1,1,1,1,1,1,1,2,1,1,1,2,1,1,1,1,1,1
831,4,4,4,2,3,4,4,2,2,2,40.0,,2.0,,4.0,4.0,3.0,,,,,6.0,,,1.0,1.0,,,,,,,,2.0,5.0,5.0,,12.0,,2.0,,4.0,,1.0,,5.0,,1.0,1.0,1.0,1.0,1.0,1.0,1.0,1.0,1.0,1.0,,,,,,,6,3,3,3,2,4,4,4,3,2,60.0,55.0,60.0,30.0,40.0,50.0,50.0,30.0,30.0,30.0,1,1,2,1,1,1,2,1,1,1,2,2,2,2,1,1,2,1,1,1,2,1,1,2,1,1,2,2,2,1,1,1,2,1,1,2,2,1,1,1
942,5,5,5,5,5,5,5,5,1,1,,30.0,,2.0,,,,6.0,6.0,2.0,,6.0,,,1.0,1.0,,,,,5.0,5.0,6.0,,,,15.0,,1.0,,,6.0,,1.0,,6.0,,,,,,,,,,,,1.0,1.0,1.0,1.0,1.0,1.0,6,3,3,3,3,4,5,5,4,2,75.0,75.0,80.0,80.0,80.0,80.0,80.0,70.0,20.0,20.0,1,2,1,2,1,1,1,1,2,2,1,1,2,1,1,1,1,2,2,1,1,1,2,2,2,2,1,2,2,1,1,2,1,1,2,2,2,1,2,1
1530,4,4,4,3,3,4,4,3,2,2,,30.0,5.0,,,,,5.0,4.0,2.0,,6.0,1.0,54.0,,1.0,,,,,5.0,5.0,5.0,,,,15.0,,,1.0,,,3.0,2.0,,,5.0,1.0,1.0,1.0,1.0,1.0,1.0,1.0,1.0,1.0,1.0,,,,,,,6,3,3,3,1,4,5,5,3,2,65.0,60.0,60.0,40.0,40.0,55.0,55.0,40.0,35.0,35.0,1,1,1,1,2,1,1,1,1,1,1,1,1,1,1,1,1,1,1,1,1,1,1,1,1,1,1,1,1,1,1,1,1,1,1,1,1,1,1,1
1443,5,5,5,5,5,5,5,5,1,1,,30.0,,2.0,4.0,4.0,3.0,,,,6.0,,,,1.0,1.0,,4.0,5.0,5.0,,,,,,,15.0,,,1.0,,,3.0,,1.0,,5.0,,,,,,,,,,,1.0,1.0,1.0,1.0,1.0,1.0,6,3,2,3,2,4,5,5,3,2,75.0,75.0,80.0,85.0,80.0,85.0,85.0,80.0,20.0,20.0,1,1,1,1,1,1,1,1,1,1,1,1,1,1,1,1,1,1,1,1,1,1,1,1,1,1,1,1,1,1,1,1,1,1,1,1,1,1,1,1
130,5,5,5,5,5,5,5,5,2,2,65.0,,4.0,,,,,5.0,4.0,2.0,,6.0,,,1.0,1.0,,,,,,,,4.0,5.0,5.0,,15.0,,1.0,,5.0,,1.0,,,5.0,1.0,1.0,1.0,1.0,1.0,1.0,1.0,1.0,1.0,1.0,,,,,,,6,3,3,3,1,4,4,4,3,2,75.0,75.0,80.0,75.0,70.0,75.0,80.0,70.0,40.0,40.0,1,2,1,1,2,1,1,1,1,1,1,1,1,1,1,1,1,1,1,1,1,1,1,1,1,1,1,1,1,1,1,1,1,1,1,1,1,1,1,1
66,5,5,5,4,4,5,5,4,2,2,30.0,,4.0,,5.0,3.0,4.0,,,,6.0,,,,1.0,,2.0,3.0,5.0,5.0,,,,,,,15.0,,,1.0,4.0,,,2.0,,5.0,,,,,,,,,,,,1.0,1.0,1.0,1.0,1.0,1.0,6,3,3,3,1,3,5,5,3,2,75.0,70.0,80.0,60.0,55.0,75.0,70.0,60.0,40.0,40.0,1,2,1,1,2,1,1,1,2,1,1,2,1,2,1,1,1,2,2,1,1,2,1,1,1,2,2,1,1,2,2,1,1,1,1,1,1,1,2,1
983,5,5,5,4,4,5,5,4,2,2,,20.0,6.0,,,,,5.0,4.0,2.0,6.0,,1.0,54.0,,1.0,,,,,4.0,5.0,5.0,,,,,15.0,1.0,,,5.0,,,1.0,5.0,,,,,,,,,,,,1.0,1.0,1.0,1.0,1.0,1.0,6,2,3,3,2,4,5,5,3,2,75.0,70.0,80.0,60.0,55.0,70.0,75.0,50.0,40.0,40.0,1,1,1,1,1,1,1,1,1,1,1,1,1,1,1,1,1,1,1,1,1,1,1,1,1,1,1,1,1,1,1,1,1,1,1,1,1,1,1,1
2017,5,5,5,5,5,5,5,4,2,2,,30.0,6.0,,3.0,4.0,5.0,,,,6.0,,,,1.0,1.0,,4.0,5.0,5.0,,,,,,,15.0,,,1.0,,6.0,,1.0,,,5.0,1.0,1.0,1.0,1.0,1.0,1.0,1.0,1.0,1.0,1.0,,,,,,,6,3,2,2,1,3,5,5,3,2,80.0,75.0,85.0,80.0,75.0,80.0,85.0,70.0,40.0,40.0,2,1,2,2,1,1,2,2,2,2,1,2,2,2,2,1,1,2,2,2,2,2,2,1,1,1,1,2,1,2,1,2,2,1,1,1,1,2,1,2
1979,5,5,5,5,5,5,5,5,1,1,30.0,,,2.0,,,,6.0,5.0,2.0,,6.0,1.0,54.0,,,2.0,,,,,,,2.0,5.0,5.0,5.0,,,2.0,,,3.0,,1.0,5.0,,,,,,,,,,,,1.0,1.0,1.0,1.0,1.0,1.0,6,3,3,3,2,3,5,5,3,2,75.0,70.0,80.0,85.0,80.0,85.0,90.0,80.0,20.0,20.0,2,1,2,2,2,2,2,2,2,2,2,2,2,2,2,2,2,2,2,2,2,1,2,1,2,1,2,1,2,1,2,1,1,1,1,2,1,2,1,2
1717,5,5,5,2,3,5,5,2,1,1,35.0,,5.0,,4.0,3.0,2.0,,,,6.0,,1.0,54.0,,1.0,,,,,4.0,5.0,5.0,,,,,15.0,,1.0,,,3.0,,1.0,5.0,,1.0,1.0,1.0,1.0,1.0,1.0,1.0,1.0,1.0,1.0,,,,,,,6,3,3,3,2,4,5,5,3,2,75.0,70.0,80.0,40.0,50.0,70.0,70.0,40.0,30.0,30.0,1,1,2,1,1,2,2,1,1,1,2,1,2,1,1,1,1,1,1,1,2,2,1,2,1,1,2,2,2,1,1,1,1,2,2,1,1,1,2,2
1664,5,5,5,5,5,5,5,5,2,2,,30.0,4.0,,,,,5.0,5.0,2.0,6.0,,1.0,54.0,,,2.0,,,,,,,1.0,5.0,5.0,,15.0,1.0,,,,3.0,2.0,,5.0,,,,,,,,,,,,1.0,1.0,1.0,1.0,1.0,1.0,6,2,1,1,1,5,6,6,3,2,85.0,80.0,85.0,85.0,80.0,85.0,85.0,80.0,30.0,30.0,2,2,1,2,2,2,1,2,2,1,1,2,2,2,2,1,1,2,2,1,1,1,1,1,2,2,1,2,2,1,2,2,2,2,2,2,1,2,2,2
1078,5,5,5,5,5,5,5,5,1,1,70.0,,5.0,,3.0,4.0,5.0,,,,,6.0,1.0,54.0,,,2.0,4.0,5.0,6.0,,,,,,,,15.0,1.0,,,,3.0,,1.0,5.0,,,,,,,,,,,,1.0,1.0,1.0,1.0,1.0,1.0,6,3,3,3,2,4,4,4,4,2,85.0,85.0,90.0,90.0,85.0,85.0,90.0,80.0,20.0,20.0,1,1,2,1,2,2,1,1,1,2,2,1,2,1,1,2,2,2,1,1,2,1,2,1,2,1,1,2,2,1,1,1,2,2,1,1,1,1,2,1
1482,4,4,5,4,4,5,5,4,2,2,40.0,,5.0,,,,,5.0,4.0,2.0,6.0,,1.0,15.0,,,2.0,,,,,,,4.0,5.0,5.0,15.0,,1.0,,,4.0,,1.0,,5.0,,,,,,,,,,,,1.0,1.0,1.0,1.0,1.0,1.0,6,3,2,3,3,5,5,5,3,2,65.0,60.0,70.0,55.0,55.0,70.0,70.0,50.0,40.0,40.0,1,2,2,1,1,2,2,1,2,1,1,1,2,2,1,1,1,2,1,1,2,1,2,1,2,1,2,2,1,1,1,1,2,1,1,2,1,1,2,1
317,5,5,5,5,5,5,5,5,1,1,35.0,,,2.0,,,,4.0,3.0,2.0,6.0,,1.0,54.0,,1.0,,,,,,,,4.0,5.0,5.0,,15.0,1.0,,,,3.0,2.0,,,5.0,1.0,1.0,1.0,1.0,1.0,1.0,1.0,1.0,1.0,1.0,,,,,,,6,3,2,3,2,5,6,6,4,2,75.0,70.0,80.0,75.0,70.0,75.0,80.0,70.0,40.0,40.0,1,1,1,1,1,1,1,1,1,2,1,1,1,1,1,1,1,1,2,1,1,1,1,1,1,1,2,1,1,1,1,1,1,1,1,1,1,1,1,1
264,5,5,5,5,5,5,5,5,1,1,30.0,,,2.0,,,,5.0,4.0,2.0,,6.0,1.0,54.0,,1.0,,,,,5.0,5.0,6.0,,,,,15.0,1.0,,,4.0,,1.0,,6.0,,,,,,,,,,,,1.0,1.0,1.0,1.0,1.0,1.0,6,3,3,3,3,5,6,6,4,2,75.0,70.0,80.0,85.0,80.0,85.0,90.0,75.0,20.0,15.0,1,1,1,2,1,1,1,2,1,1,1,1,2,1,2,1,1,2,1,1,1,1,1,1,1,2,1,1,1,2,1,1,1,1,1,1,1,1,1,1
478,5,5,5,5,5,5,5,5,1,1,,35.0,6.0,,3.0,4.0,3.0,,,,6.0,,1.0,54.0,,1.0,,,,,,,,4.0,5.0,6.0,,15.0,1.0,,,4.0,,,1.0,5.0,,1.0,1.0,1.0,1.0,1.0,1.0,1.0,1.0,1.0,1.0,,,,,,,6,3,2,2,1,3,5,5,3,2,75.0,70.0,80.0,75.0,70.0,75.0,80.0,70.0,30.0,30.0,1,2,2,2,1,1,1,1,1,2,2,1,1,2,1,1,2,1,1,2,1,1,1,1,1,1,1,2,2,1,1,1,2,1,1,1,2,2,2,1
885,5,5,5,5,5,5,5,5,2,2,30.0,,6.0,,4.0,3.0,2.0,,,,6.0,,,,1.0,,2.0,4.0,5.0,5.0,,,,,,,18.0,,,1.0,,,3.0,,1.0,,5.0,1.0,1.0,1.0,1.0,1.0,1.0,1.0,1.0,1.0,1.0,,,,,,,6,2,3,3,2,5,6,6,3,2,80.0,75.0,80.0,70.0,65.0,75.0,80.0,70.0,30.0,30.0,1,1,1,1,1,2,1,1,2,1,2,1,1,2,1,1,1,2,1,1,2,1,1,1,2,2,2,1,2,1,2,2,1,1,2,1,1,2,1,1
13,5,5,5,4,4,5,5,4,2,2,35.0,,,2.0,,,,5.0,4.0,2.0,,6.0,1.0,54.0,,1.0,,,,,4.0,5.0,5.0,,,,10.0,,1.0,,4.0,,,,1.0,5.0,,1.0,1.0,1.0,1.0,1.0,1.0,1.0,1.0,1.0,1.0,,,,,,,6,3,3,3,2,5,6,6,3,2,75.0,70.0,80.0,60.0,55.0,70.0,75.0,60.0,40.0,40.0,1,1,2,1,2,2,1,1,2,1,1,1,1,1,1,2,1,1,1,1,1,1,2,1,2,2,1,1,2,2,1,2,1,2,1,2,1,1,1,1
1584,5,5,5,5,5,5,5,5,1,1,,30.0,,5.0,,,,5.0,4.0,2.0,,6.0,,,1.0,1.0,,,,,,,,4.0,5.0,5.0,,15.0,1.0,,4.0,,,,1.0,,5.0,1.0,1.0,1.0,1.0,1.0,1.0,1.0,1.0,1.0,1.0,,,,,,,6,3,3,3,2,4,5,5,3,2,85.0,80.0,85.0,75.0,70.0,80.0,85.0,70.0,30.0,30.0,1,1,1,1,1,1,1,1,1,1,1,1,1,1,1,1,1,1,1,1,1,1,1,1,1,1,1,1,1,1,1,1,1,1,1,1,1,1,1,1
1762,5,5,5,4,4,5,5,4,2,3,,30.0,,2.0,,,,5.0,4.0,2.0,6.0,,,,1.0,,2.0,2.0,5.0,5.0,,,,,,,3.0,,,1.0,,,3.0,1.0,,5.0,,,,,,,,,,,,1.0,1.0,1.0,1.0,1.0,1.0,6,3,3,3,2,4,5,5,3,2,70.0,70.0,75.0,60.0,60.0,75.0,70.0,60.0,40.0,50.0,1,2,1,1,1,1,2,1,2,1,1,1,2,2,1,2,1,2,1,1,1,2,1,1,1,1,1,2,1,1,1,1,1,2,1,1,1,2,2,1
1611,5,5,5,5,5,5,5,5,1,1,,30.0,,2.0,4.0,3.0,3.0,,,,,6.0,1.0,54.0,,1.0,,4.0,5.0,5.0,,,,,,,15.0,,,1.0,4.0,,,1.0,,5.0,,1.0,1.0,1.0,1.0,1.0,1.0,1.0,1.0,1.0,1.0,,,,,,,6,3,2,2,2,4,5,5,3,2,85.0,85.0,85.0,85.0,85.0,85.0,85.0,85.0,15.0,15.0,1,1,2,1,1,1,1,2,1,2,1,1,1,1,2,2,1,2,1,1,1,2,1,1,1,1,1,2,1,2,1,1,1,2,2,1,1,2,1,2
1398,5,5,5,5,5,5,5,5,2,2,,30.0,4.0,,,,,4.0,4.0,2.0,6.0,,1.0,54.0,,1.0,,4.0,5.0,5.0,,,,,,,,15.0,,1.0,4.0,,,,1.0,,5.0,1.0,1.0,1.0,1.0,1.0,1.0,1.0,1.0,1.0,1.0,,,,,,,6,3,3,3,2,4,5,5,3,2,75.0,75.0,80.0,80.0,75.0,80.0,80.0,75.0,40.0,40.0,1,1,1,1,1,1,1,1,1,1,1,1,1,1,1,1,1,1,1,1,1,1,1,1,1,1,1,1,1,1,1,1,1,1,1,1,1,1,1,1
184,4,4,4,2,3,4,4,2,2,2,30.0,,4.0,,,,,5.0,4.0,2.0,6.0,,1.0,54.0,,1.0,,,,,2.0,5.0,5.0,,,,15.0,,,1.0,4.0,,,1.0,,,5.0,1.0,1.0,1.0,1.0,1.0,1.0,1.0,1.0,1.0,1.0,,,,,,,6,3,3,3,2,4,5,5,3,2,60.0,55.0,55.0,30.0,40.0,50.0,50.0,30.0,30.0,30.0,2,2,2,2,1,2,2,1,1,1,2,1,1,1,1,2,1,2,2,1,1,1,2,1,1,2,2,2,2,1,2,1,1,2,1,2,1,1,1,1
362,5,5,5,5,5,5,5,5,2,2,,30.0,6.0,,,,,4.0,4.0,2.0,6.0,,,,1.0,1.0,,,,,5.0,5.0,5.0,,,,,15.0,1.0,,5.0,,,1.0,,,6.0,1.0,1.0,1.0,1.0,1.0,1.0,1.0,1.0,1.0,1.0,,,,,,,6,3,3,3,1,5,6,6,3,2,80.0,75.0,85.0,80.0,75.0,80.0,85.0,70.0,30.0,30.0,1,2,1,2,1,2,1,2,1,1,2,1,2,1,1,2,1,2,1,1,1,2,1,2,1,2,2,2,2,1,2,2,2,1,2,1,1,2,1,1
211,4,4,4,3,3,4,4,3,2,2,,30.0,,2.0,,,,4.0,3.0,2.0,,6.0,,,1.0,1.0,,4.0,5.0,5.0,,,,,,,,8.0,1.0,,,,3.0,1.0,,,5.0,1.0,1.0,1.0,1.0,1.0,1.0,1.0,1.0,1.0,1.0,,,,,,,6,3,2,3,2,5,6,5,3,2,65.0,65.0,65.0,50.0,50.0,60.0,60.0,40.0,40.0,40.0,1,1,2,1,2,1,1,1,2,1,1,1,2,2,1,2,2,1,1,1,2,1,2,1,2,1,1,2,1,2,2,1,2,1,2,1,1,1,1,1
798,5,5,5,5,5,5,5,5,2,2,40.0,,,2.0,,,,5.0,4.0,2.0,,6.0,,,1.0,1.0,,,,,5.0,5.0,6.0,,,,,15.0,,1.0,6.0,,,,1.0,,6.0,1.0,1.0,1.0,1.0,1.0,1.0,1.0,1.0,1.0,1.0,,,,,,,6,3,3,3,3,5,6,6,3,2,85.0,80.0,85.0,80.0,75.0,80.0,85.0,75.0,30.0,30.0,1,1,2,1,2,1,2,1,1,1,1,1,1,1,1,1,2,1,1,1,1,2,1,1,2,1,1,1,1,1,1,1,1,1,1,1,1,1,2,1
844,5,5,5,5,5,5,5,5,1,1,30.0,,,2.0,,,,4.0,4.0,2.0,,6.0,,,1.0,1.0,,,,,,,,2.0,5.0,6.0,15.0,,1.0,,,,3.0,,1.0,,5.0,,,,,,,,,,,1.0,1.0,1.0,1.0,1.0,1.0,6,3,3,3,2,5,6,6,3,2,80.0,80.0,80.0,80.0,80.0,80.0,80.0,80.0,20.0,20.0,2,1,1,2,2,1,2,2,2,1,1,1,2,1,1,1,1,1,1,2,1,2,1,1,1,2,2,2,1,2,1,2,1,2,1,2,1,1,2,1
937,5,5,5,5,5,5,5,5,2,2,,30.0,,2.0,5.0,3.0,2.0,,,,,6.0,,,1.0,1.0,,,,,5.0,5.0,5.0,,,,15.0,,,1.0,,,3.0,,1.0,,5.0,1.0,1.0,1.0,1.0,1.0,1.0,1.0,1.0,1.0,1.0,,,,,,,6,3,3,3,1,4,5,5,3,2,80.0,75.0,85.0,80.0,75.0,80.0,85.0,70.0,40.0,40.0,1,1,2,2,1,2,2,1,2,1,1,1,2,1,1,2,2,1,1,2,2,1,1,1,1,1,1,1,1,1,1,1,1,2,2,1,1,1,1,1
1359,4,4,4,2,3,3,4,2,1,1,35.0,,4.0,,3.0,4.0,2.0,,,,6.0,,1.0,54.0,,1.0,,,,,4.0,5.0,5.0,,,,15.0,,1.0,,,,3.0,,1.0,,5.0,1.0,1.0,1.0,1.0,1.0,1.0,1.0,1.0,1.0,1.0,,,,,,,6,3,3,3,1,3,6,6,3,2,65.0,60.0,65.0,40.0,45.0,50.0,55.0,40.0,30.0,35.0,1,2,1,1,1,1,1,1,1,1,2,2,2,1,2,1,1,1,1,2,1,1,1,1,1,1,1,1,1,1,1,1,1,2,2,1,1,1,1,2
1545,4,4,5,4,4,4,4,3,2,2,40.0,,4.0,,,,,4.0,5.0,2.0,6.0,,1.0,54.0,,,2.0,2.0,5.0,5.0,,,,,,,15.0,,,2.0,,,3.0,,1.0,,5.0,,,,,,,,,,,1.0,1.0,1.0,1.0,1.0,1.0,6,3,3,3,3,5,5,5,3,2,65.0,60.0,70.0,55.0,55.0,60.0,60.0,50.0,40.0,40.0,1,1,1,1,1,1,1,1,1,1,1,1,1,1,1,1,1,1,1,1,1,1,1,1,1,2,1,1,1,1,1,1,1,1,1,1,1,1,1,1
1436,4,4,5,4,4,4,4,3,2,2,40.0,,5.0,,3.0,4.0,3.0,,,,,6.0,1.0,20.0,,,2.0,,,,4.0,5.0,5.0,,,,,15.0,1.0,,4.0,,,2.0,,,5.0,,,,,,,,,,,1.0,1.0,1.0,1.0,1.0,1.0,6,3,2,3,2,4,5,5,3,2,70.0,65.0,75.0,60.0,55.0,60.0,65.0,50.0,40.0,45.0,1,2,2,1,2,1,2,1,1,2,2,2,1,1,1,2,2,1,2,1,2,1,1,2,1,1,1,2,1,1,1,1,2,1,2,2,1,1,2,1
759,5,5,5,5,5,5,5,5,1,1,30.0,,5.0,,4.0,3.0,3.0,,,,,6.0,,,1.0,1.0,,,,,5.0,5.0,6.0,,,,10.0,,,1.0,,,3.0,,1.0,,6.0,,,,,,,,,,,1.0,1.0,1.0,1.0,1.0,1.0,6,3,2,3,2,5,6,5,3,2,85.0,85.0,90.0,90.0,90.0,90.0,90.0,90.0,10.0,10.0,1,1,1,1,1,1,1,1,1,1,1,1,1,1,1,1,1,1,1,1,1,1,1,1,1,1,1,1,1,1,1,1,1,1,1,1,1,1,1,1
145,5,4,5,5,5,5,5,5,2,2,,35.0,,2.0,,,,5.0,4.0,2.0,,6.0,1.0,54.0,,,2.0,4.0,5.0,5.0,,,,,,,18.0,,,1.0,,,3.0,2.0,,,5.0,,,,,,,,,,,1.0,1.0,1.0,1.0,1.0,1.0,6,3,3,3,3,5,6,6,3,2,75.0,70.0,80.0,85.0,80.0,85.0,90.0,80.0,40.0,50.0,1,1,1,1,1,2,2,1,1,1,1,2,1,1,2,1,1,2,1,2,1,1,1,1,2,1,1,2,1,2,1,1,2,1,2,1,1,1,2,1
2053,5,5,5,4,4,5,5,4,2,2,,30.0,6.0,,,,,4.0,3.0,2.0,6.0,,,,1.0,1.0,,,,,2.0,5.0,5.0,,,,15.0,,1.0,,5.0,,,,1.0,,5.0,,,,,,,,,,,1.0,1.0,1.0,1.0,1.0,1.0,6,3,3,3,1,3,3,3,3,2,70.0,65.0,75.0,50.0,55.0,70.0,65.0,50.0,40.0,40.0,1,2,1,2,2,2,1,2,2,1,2,2,2,2,2,1,1,2,2,1,1,1,2,2,2,1,2,2,1,2,2,2,2,1,2,1,2,1,2,1
22,5,5,5,5,5,5,5,5,1,1,,30.0,,2.0,4.0,3.0,2.0,,,,6.0,,1.0,54.0,,1.0,,,,,,,,5.0,5.0,6.0,15.0,,,2.0,4.0,,,1.0,,6.0,,1.0,1.0,1.0,1.0,1.0,1.0,1.0,1.0,1.0,1.0,,,,,,,6,3,2,3,2,5,6,5,4,2,75.0,70.0,80.0,85.0,80.0,85.0,90.0,80.0,30.0,30.0,1,1,1,1,1,1,1,1,1,1,1,1,1,1,1,1,1,1,1,1,1,1,1,1,1,1,1,1,1,1,1,1,1,1,1,1,1,1,1,1
353,5,5,5,2,3,5,5,2,1,1,,30.0,,2.0,5.0,4.0,3.0,,,,,6.0,1.0,54.0,,1.0,,,,,5.0,5.0,6.0,,,,,15.0,1.0,,,,3.0,2.0,,,6.0,,,,,,,,,,,1.0,1.0,1.0,1.0,1.0,1.0,6,3,3,3,3,5,6,6,3,2,70.0,70.0,75.0,40.0,50.0,70.0,70.0,40.0,30.0,30.0,1,2,1,1,2,1,1,1,2,2,1,1,1,1,2,1,1,2,2,1,2,1,1,1,2,1,1,1,1,1,1,1,1,1,1,1,1,1,1,1
220,4,4,4,2,3,3,4,2,2,2,30.0,,,2.0,3.0,4.0,2.0,,,,,6.0,,,1.0,1.0,,,,,,,,2.0,5.0,5.0,,15.0,,1.0,,,3.0,2.0,,5.0,,1.0,1.0,1.0,1.0,1.0,1.0,1.0,1.0,1.0,1.0,,,,,,,6,3,3,3,1,4,5,5,3,2,60.0,55.0,55.0,30.0,40.0,40.0,50.0,30.0,30.0,30.0,1,1,1,1,1,1,1,1,1,1,1,1,1,1,1,1,1,1,1,1,1,1,1,1,1,1,1,1,1,1,1,1,1,1,1,1,1,1,1,1
1753,4,4,5,2,3,4,5,2,1,1,30.0,,,5.0,,,,5.0,4.0,2.0,6.0,,,,1.0,1.0,,,,,,,,2.0,5.0,5.0,15.0,,1.0,,,,3.0,,1.0,,5.0,,,,,,,,,,,1.0,1.0,1.0,1.0,1.0,1.0,6,2,3,3,2,5,6,6,3,2,60.0,55.0,65.0,30.0,40.0,50.0,70.0,25.0,20.0,15.0,2,1,1,1,2,1,2,1,2,2,1,1,1,2,2,1,1,2,1,2,2,1,1,1,1,1,1,2,2,1,2,1,1,2,1,1,1,2,1,1
1620,5,5,5,2,3,5,5,2,1,1,,35.0,,2.0,4.0,3.0,2.0,,,,6.0,,,,1.0,,2.0,,,,5.0,5.0,6.0,,,,,15.0,1.0,,4.0,,,1.0,,5.0,,1.0,1.0,1.0,1.0,1.0,1.0,1.0,1.0,1.0,1.0,,,,,,,6,3,3,3,2,4,5,5,3,2,70.0,70.0,75.0,40.0,50.0,70.0,80.0,40.0,20.0,20.0,1,2,1,2,1,2,1,2,1,2,1,2,1,2,1,2,1,2,1,2,1,1,1,2,2,1,1,2,1,2,1,1,2,1,2,2,1,2,1,1
875,4,4,4,4,4,4,4,4,2,2,,40.0,4.0,,3.0,4.0,3.0,,,,6.0,,,,1.0,1.0,,,,,4.0,5.0,5.0,,,,15.0,,,2.0,4.0,,,1.0,,,5.0,,,,,,,,,,,1.0,1.0,1.0,1.0,1.0,1.0,6,3,2,2,2,4,5,5,3,2,65.0,65.0,65.0,55.0,55.0,65.0,65.0,55.0,35.0,35.0,1,1,2,1,1,1,2,1,1,1,1,1,1,1,1,1,1,1,1,1,1,1,1,1,1,1,1,1,1,1,1,1,1,1,1,1,1,1,1,1
906,5,5,5,2,3,5,5,2,1,1,,30.0,,2.0,4.0,3.0,3.0,,,,,6.0,,,1.0,1.0,,,,,,,,4.0,5.0,5.0,,15.0,,2.0,,5.0,,1.0,,5.0,,1.0,1.0,1.0,1.0,1.0,1.0,1.0,1.0,1.0,1.0,,,,,,,6,2,3,3,1,3,5,5,3,2,70.0,70.0,70.0,40.0,40.0,70.0,70.0,40.0,20.0,20.0,1,2,2,1,2,2,1,1,1,1,2,1,1,1,1,1,1,2,2,2,1,1,2,2,1,2,1,2,2,1,1,1,2,1,1,2,1,2,1,2
392,5,5,5,5,5,5,5,5,2,2,30.0,,,2.0,4.0,3.0,2.0,,,,,6.0,,,1.0,1.0,,,,,4.0,5.0,5.0,,,,,15.0,,1.0,,4.0,,2.0,,,5.0,1.0,1.0,1.0,1.0,1.0,1.0,1.0,1.0,1.0,1.0,,,,,,,6,2,3,3,1,5,6,6,3,2,80.0,75.0,85.0,80.0,75.0,80.0,85.0,70.0,40.0,40.0,1,1,2,2,1,1,1,2,1,2,2,1,2,2,1,1,1,1,2,2,1,1,1,1,2,1,1,1,2,1,2,1,2,1,1,1,2,2,1,2
768,5,5,5,2,3,5,5,2,2,2,,30.0,6.0,,3.0,4.0,5.0,,,,,6.0,1.0,54.0,,1.0,,,,,,,,1.0,5.0,6.0,15.0,,1.0,,,5.0,,,1.0,,6.0,1.0,1.0,1.0,1.0,1.0,1.0,1.0,1.0,1.0,1.0,,,,,,,6,3,3,3,1,4,6,6,3,2,80.0,75.0,80.0,30.0,40.0,80.0,80.0,30.0,30.0,30.0,1,1,1,1,1,1,1,1,1,1,1,1,1,1,1,1,1,1,1,1,1,1,1,1,1,1,1,1,1,1,1,1,1,1,1,1,1,1,1,1
174,4,4,5,2,3,4,5,2,2,2,40.0,,,2.0,4.0,3.0,2.0,,,,,6.0,,,1.0,1.0,,,,,,,,1.0,5.0,5.0,,15.0,,2.0,3.0,,,,1.0,5.0,,,,,,,,,,,,1.0,1.0,1.0,1.0,1.0,1.0,6,3,3,3,1,3,5,5,3,2,60.0,55.0,65.0,30.0,40.0,50.0,60.0,25.0,20.0,20.0,1,1,2,1,1,2,1,2,2,1,1,1,2,1,1,2,2,1,1,1,2,1,1,1,2,2,1,1,1,1,2,1,1,2,1,1,2,1,1,1
1792,5,5,5,5,5,5,5,5,1,1,,30.0,,2.0,3.0,3.0,3.0,,,,6.0,,1.0,54.0,,,2.0,2.0,5.0,5.0,,,,,,,,15.0,,1.0,,,3.0,2.0,,5.0,,,,,,,,,,,,1.0,1.0,1.0,1.0,1.0,1.0,6,3,3,3,3,5,5,5,3,2,75.0,75.0,80.0,80.0,75.0,80.0,80.0,75.0,20.0,20.0,1,2,2,1,2,1,1,1,2,1,2,2,2,1,2,2,2,1,1,2,2,2,1,2,1,2,2,2,2,1,2,1,1,2,2,2,2,2,1,2
1368,5,5,5,4,4,5,5,4,2,2,,30.0,,4.0,4.0,5.0,3.0,,,,,6.0,,,1.0,1.0,,,,,,,,3.0,5.0,5.0,,15.0,,1.0,,,3.0,,1.0,5.0,,1.0,1.0,1.0,1.0,1.0,1.0,1.0,1.0,1.0,1.0,,,,,,,6,3,3,3,1,4,6,6,3,2,70.0,65.0,75.0,55.0,50.0,70.0,65.0,50.0,40.0,40.0,2,1,1,1,2,1,1,1,2,2,1,1,2,1,1,2,1,1,1,2,1,2,1,2,1,2,2,1,1,1,2,2,1,1,1,1,1,2,2,2
1574,4,4,5,2,3,4,5,2,1,2,,30.0,5.0,,,,,5.0,4.0,2.0,,6.0,1.0,54.0,,,2.0,,,,4.0,5.0,5.0,,,,,15.0,,1.0,,,3.0,2.0,,,5.0,1.0,1.0,1.0,1.0,1.0,1.0,1.0,1.0,1.0,1.0,,,,,,,6,3,2,2,2,4,6,6,3,2,65.0,60.0,70.0,40.0,50.0,55.0,60.0,35.0,25.0,30.0,1,1,1,2,1,1,2,1,1,2,1,1,2,1,1,2,1,2,2,1,1,1,1,1,1,2,2,1,1,1,1,1,1,1,2,1,1,2,1,1
1407,5,5,5,5,5,5,5,5,2,2,30.0,,,4.0,,,,5.0,4.0,2.0,,6.0,,,1.0,1.0,,2.0,5.0,5.0,,,,,,,,15.0,1.0,,,,3.0,,1.0,5.0,,1.0,1.0,1.0,1.0,1.0,1.0,1.0,1.0,1.0,1.0,,,,,,,6,3,3,3,1,5,6,6,3,2,75.0,70.0,80.0,75.0,70.0,75.0,75.0,70.0,40.0,40.0,1,2,1,1,2,1,1,2,1,1,2,1,1,2,1,1,1,2,1,2,1,2,1,2,1,1,2,1,1,1,1,1,1,2,1,1,1,2,1,1
1989,5,5,5,2,3,5,5,2,2,2,30.0,,,2.0,4.0,3.0,2.0,,,,,6.0,1.0,54.0,,1.0,,,,,,,,2.0,5.0,5.0,,15.0,,1.0,,,4.0,,1.0,,5.0,,,,,,,,,,,1.0,1.0,1.0,1.0,1.0,1.0,6,3,3,3,2,4,4,4,4,2,75.0,75.0,80.0,40.0,50.0,80.0,80.0,40.0,40.0,40.0,1,1,1,1,1,1,1,1,1,1,1,1,1,1,1,1,1,1,1,1,1,1,1,1,1,1,1,1,1,1,1,1,1,1,1,1,1,1,1,1
800,4,4,4,2,3,4,4,2,2,2,40.0,,5.0,,,,,5.0,4.0,2.0,,6.0,,,1.0,,2.0,,,,2.0,5.0,5.0,,,,,15.0,,1.0,4.0,,,1.0,,5.0,,1.0,1.0,1.0,1.0,1.0,1.0,1.0,1.0,1.0,1.0,,,,,,,6,3,2,2,2,4,5,5,3,2,60.0,55.0,55.0,30.0,40.0,50.0,50.0,30.0,30.0,30.0,2,1,1,2,1,2,2,2,1,2,1,2,2,1,1,2,1,1,2,2,2,1,1,1,1,2,2,1,1,1,2,2,1,2,1,1,1,2,1,2
973,5,5,5,5,5,5,5,5,2,2,30.0,,,2.0,5.0,4.0,2.0,,,,,6.0,,,1.0,1.0,,4.0,5.0,5.0,,,,,,,,15.0,1.0,,5.0,,,1.0,,,5.0,,,,,,,,,,,1.0,1.0,1.0,1.0,1.0,1.0,6,3,3,3,3,5,6,6,4,2,80.0,75.0,85.0,80.0,75.0,80.0,85.0,70.0,40.0,40.0,1,1,2,1,1,2,1,2,2,1,1,1,2,1,2,1,1,1,1,1,1,2,1,1,1,1,2,1,1,1,1,1,1,1,1,1,1,1,1,1
96,5,5,5,4,4,5,5,4,2,2,,30.0,6.0,,4.0,3.0,2.0,,,,,6.0,,,1.0,1.0,,,,,5.0,5.0,5.0,,,,,15.0,,1.0,4.0,,,1.0,,5.0,,,,,,,,,,,,1.0,1.0,1.0,1.0,1.0,1.0,6,3,3,3,2,4,5,5,3,2,75.0,70.0,80.0,60.0,55.0,70.0,65.0,50.0,40.0,40.0,1,2,1,1,1,2,2,1,1,2,2,1,2,1,1,2,2,1,2,2,1,2,2,1,1,1,1,2,2,2,2,2,2,2,2,1,1,2,1,1
101,5,5,5,5,5,5,5,5,1,1,30.0,,5.0,,4.0,4.0,5.0,,,,6.0,,1.0,54.0,,,2.0,2.0,5.0,5.0,,,,,,,,15.0,,1.0,4.0,,,,1.0,5.0,,,,,,,,,,,,1.0,1.0,1.0,1.0,1.0,1.0,6,3,3,3,2,5,5,5,3,2,75.0,75.0,80.0,80.0,75.0,80.0,80.0,75.0,25.0,25.0,1,2,1,1,1,2,1,1,1,1,1,2,1,2,2,1,1,2,1,2,1,1,1,1,2,2,1,1,1,1,1,1,1,1,1,1,1,1,2,2
488,4,4,4,2,3,4,4,2,2,2,40.0,,,2.0,,,,5.0,4.0,2.0,6.0,,,,1.0,1.0,,,,,,,,4.0,5.0,5.0,,15.0,1.0,,4.0,,,,1.0,5.0,,,,,,,,,,,,1.0,1.0,1.0,1.0,1.0,1.0,6,3,3,3,3,5,5,5,3,2,65.0,60.0,70.0,40.0,50.0,60.0,60.0,40.0,30.0,30.0,2,1,2,1,1,2,1,2,2,1,1,2,2,2,1,2,1,1,1,2,1,1,1,2,2,1,2,1,1,1,1,2,1,2,2,1,2,1,1,1
294,5,5,5,5,5,5,5,5,2,2,,15.0,5.0,,,,,5.0,4.0,2.0,,6.0,1.0,54.0,,,2.0,,,,4.0,5.0,5.0,,,,,15.0,,1.0,,,3.0,,1.0,5.0,,1.0,1.0,1.0,1.0,1.0,1.0,1.0,1.0,1.0,1.0,,,,,,,6,3,3,3,1,5,5,5,4,2,75.0,75.0,80.0,80.0,75.0,80.0,80.0,75.0,40.0,40.0,1,1,1,1,1,1,1,1,1,1,1,1,1,1,1,1,1,1,1,1,1,1,1,1,1,1,1,1,1,1,1,1,1,1,1,1,1,1,1,1
1501,5,5,5,1,1,5,5,1,1,1,30.0,,5.0,,4.0,3.0,3.0,,,,6.0,,1.0,54.0,,,2.0,,,,2.0,5.0,5.0,,,,5.0,,1.0,,,3.0,,1.0,,5.0,,,,,,,,,,,,1.0,1.0,1.0,1.0,1.0,1.0,6,3,3,3,2,5,5,5,3,2,70.0,70.0,70.0,20.0,20.0,70.0,70.0,20.0,20.0,20.0,2,2,1,1,2,1,2,1,2,1,2,1,2,1,1,2,1,2,1,2,1,1,1,1,2,1,1,1,1,1,1,1,1,1,2,1,1,1,1,1
1088,5,5,5,5,5,5,5,5,1,1,30.0,,5.0,,3.0,4.0,2.0,,,,,6.0,1.0,54.0,,,2.0,,,,,,,5.0,5.0,6.0,,15.0,,2.0,,4.0,,2.0,,5.0,,,,,,,,,,,,1.0,1.0,1.0,1.0,1.0,1.0,6,3,3,3,3,5,6,6,3,2,75.0,75.0,80.0,80.0,75.0,80.0,80.0,75.0,25.0,25.0,1,1,1,1,1,1,1,1,1,1,1,1,1,1,1,1,1,1,1,1,1,1,1,1,1,1,1,1,1,1,1,1,1,1,1,1,1,1,1,1
1472,5,5,5,5,5,5,5,5,2,2,30.0,,6.0,,3.0,4.0,5.0,,,,,6.0,1.0,54.0,,1.0,,,,,,,,5.0,5.0,5.0,,15.0,,1.0,,,4.0,,1.0,5.0,,,,,,,,,,,,1.0,1.0,1.0,1.0,1.0,1.0,6,3,2,2,1,3,5,5,3,2,85.0,80.0,85.0,90.0,85.0,90.0,90.0,80.0,30.0,30.0,1,1,1,1,2,1,1,2,2,1,1,2,1,1,2,1,1,1,1,1,1,1,2,1,1,1,1,1,1,1,2,1,1,1,1,1,1,2,1,1
1694,5,4,5,4,4,5,5,4,2,2,30.0,,,2.0,,,,5.0,4.0,2.0,,6.0,,,1.0,,2.0,,,,4.0,5.0,5.0,,,,,15.0,,1.0,4.0,,,1.0,,,5.0,1.0,1.0,1.0,1.0,1.0,1.0,1.0,1.0,1.0,1.0,,,,,,,6,3,3,3,1,4,5,5,3,2,70.0,60.0,75.0,50.0,55.0,65.0,70.0,60.0,40.0,45.0,1,1,1,1,1,1,1,1,1,1,1,1,1,1,1,1,1,1,1,1,1,1,1,1,1,1,1,1,1,1,1,1,1,1,1,1,1,1,1,1
1948,5,5,5,5,5,5,5,5,2,2,,30.0,6.0,,3.0,4.0,2.0,,,,6.0,,,,1.0,,2.0,,,,,,,4.0,5.0,5.0,,15.0,,2.0,,4.0,,,1.0,,5.0,1.0,1.0,1.0,1.0,1.0,1.0,1.0,1.0,1.0,1.0,,,,,,,6,3,3,3,1,4,5,5,3,2,75.0,70.0,80.0,75.0,70.0,75.0,80.0,70.0,30.0,30.0,2,1,1,2,1,1,2,2,1,1,2,1,1,2,2,1,1,2,2,1,1,2,1,2,1,1,1,1,2,1,1,2,1,1,1,1,1,2,1,1
57,5,5,5,5,5,5,5,5,1,1,30.0,,,2.0,,,,5.0,4.0,2.0,6.0,,1.0,54.0,,,2.0,,,,,,,4.0,5.0,5.0,,12.0,1.0,,6.0,,,,1.0,5.0,,1.0,1.0,1.0,1.0,1.0,1.0,1.0,1.0,1.0,1.0,,,,,,,6,3,3,3,2,4,5,5,3,2,75.0,70.0,80.0,75.0,70.0,75.0,80.0,70.0,30.0,30.0,1,1,1,1,1,1,1,1,1,1,1,1,1,1,1,1,1,1,1,1,1,1,1,1,1,1,1,1,1,1,1,1,1,1,1,1,1,1,1,1
2026,5,5,5,5,5,5,5,5,1,1,20.0,,6.0,,5.0,4.0,2.0,,,,,6.0,,,1.0,1.0,,,,,5.0,5.0,6.0,,,,15.0,,1.0,,6.0,,,,1.0,,6.0,,,,,,,,,,,1.0,1.0,1.0,1.0,1.0,1.0,6,3,3,3,2,4,6,6,3,2,85.0,80.0,85.0,90.0,85.0,90.0,90.0,80.0,20.0,20.0,1,1,1,1,1,1,1,1,1,1,1,1,1,1,1,1,1,1,1,1,1,1,1,1,1,1,1,2,2,1,2,2,2,1,1,1,1,2,1,1
326,4,4,5,3,4,4,5,3,2,2,,30.0,,2.0,,,,5.0,4.0,2.0,,6.0,1.0,54.0,,1.0,,,,,2.0,5.0,5.0,,,,,15.0,,1.0,5.0,,,,1.0,5.0,,1.0,1.0,1.0,1.0,1.0,1.0,1.0,1.0,1.0,1.0,,,,,,,6,3,2,2,2,5,6,6,3,2,65.0,60.0,70.0,40.0,50.0,55.0,70.0,40.0,30.0,30.0,1,2,1,1,1,2,1,2,1,2,2,1,1,1,2,1,2,1,2,1,2,1,2,1,2,1,1,2,1,1,2,1,2,1,2,1,2,1,1,1
255,5,5,5,5,5,5,5,5,1,1,,30.0,,2.0,4.0,3.0,2.0,,,,6.0,,,,1.0,1.0,,4.0,5.0,5.0,,,,,,,,15.0,,1.0,,,3.0,2.0,,,5.0,1.0,1.0,1.0,1.0,1.0,1.0,1.0,1.0,1.0,1.0,,,,,,,6,3,3,3,1,4,5,5,3,2,75.0,75.0,80.0,85.0,80.0,85.0,90.0,80.0,20.0,20.0,1,2,1,1,2,2,1,2,1,2,1,1,2,2,1,1,1,2,1,1,2,2,1,2,2,1,2,1,1,1,1,2,1,2,1,1,1,1,1,1
449,5,5,5,5,5,5,5,5,1,1,40.0,,,5.0,,,,5.0,4.0,2.0,,6.0,,,1.0,1.0,,4.0,5.0,5.0,,,,,,,10.0,,1.0,,5.0,,,1.0,,5.0,,,,,,,,,,,,1.0,1.0,1.0,1.0,1.0,1.0,6,3,3,3,3,5,5,5,3,2,75.0,75.0,80.0,70.0,70.0,70.0,80.0,70.0,20.0,20.0,1,1,1,1,1,1,1,1,1,1,1,1,1,1,1,1,1,1,1,1,1,1,1,1,1,1,1,1,1,1,1,1,1,1,1,1,1,1,1,1
1726,5,5,5,4,4,5,5,4,2,2,30.0,,,2.0,,,,5.0,4.0,2.0,6.0,,1.0,54.0,,1.0,,,,,,,,2.0,5.0,5.0,15.0,,,2.0,4.0,,,1.0,,5.0,,1.0,1.0,1.0,1.0,1.0,1.0,1.0,1.0,1.0,1.0,,,,,,,6,3,2,2,2,4,5,5,3,2,75.0,70.0,80.0,60.0,55.0,70.0,65.0,50.0,40.0,45.0,2,2,1,1,2,1,1,2,1,1,2,2,2,1,1,2,1,2,1,2,1,1,1,2,1,2,1,1,1,1,1,1,1,2,1,2,1,1,1,2
1655,5,5,5,5,5,5,5,5,1,1,,30.0,,2.0,4.0,5.0,3.0,,,,6.0,,,,1.0,1.0,,,,,,,,5.0,5.0,6.0,5.0,,1.0,,,4.0,,2.0,,5.0,,1.0,1.0,1.0,1.0,1.0,1.0,1.0,1.0,1.0,1.0,,,,,,,6,3,2,2,2,5,6,6,3,2,75.0,75.0,80.0,85.0,80.0,85.0,85.0,80.0,20.0,20.0,2,1,1,2,1,1,1,2,2,2,1,1,1,2,1,1,2,1,1,2,1,1,1,2,1,1,1,1,2,1,2,2,2,1,1,1,1,2,2,1
1049,5,5,5,5,5,5,5,5,2,2,30.0,,,2.0,4.0,3.0,3.0,,,,,6.0,1.0,54.0,,,2.0,,,,,,,4.0,5.0,6.0,15.0,,,1.0,,,3.0,,1.0,5.0,,1.0,1.0,1.0,1.0,1.0,1.0,1.0,1.0,1.0,1.0,,,,,,,6,3,3,3,2,4,5,5,3,2,80.0,75.0,85.0,90.0,85.0,90.0,90.0,80.0,30.0,30.0,1,1,2,2,1,1,2,1,2,1,2,1,1,2,1,2,1,1,1,2,1,2,1,1,1,1,1,1,1,1,1,1,1,1,1,1,1,1,1,1
482,5,5,5,5,5,5,5,5,1,1,,20.0,,2.0,3.0,4.0,3.0,,,,,6.0,,,1.0,1.0,,,,,5.0,5.0,5.0,,,,,15.0,,1.0,4.0,,,2.0,,5.0,,1.0,1.0,1.0,1.0,1.0,1.0,1.0,1.0,1.0,1.0,,,,,,,6,3,3,3,1,5,5,5,3,2,75.0,75.0,80.0,85.0,80.0,85.0,85.0,75.0,20.0,20.0,1,1,1,1,1,1,2,1,2,1,1,1,2,1,1,1,1,1,1,1,1,1,1,1,1,1,1,1,1,1,1,1,1,1,1,1,1,1,1,1
717,4,4,5,2,3,4,5,2,2,3,40.0,,5.0,,3.0,4.0,5.0,,,,6.0,,,,1.0,1.0,,,,,4.0,5.0,5.0,,,,15.0,,1.0,,,4.0,,1.0,,5.0,,1.0,1.0,1.0,1.0,1.0,1.0,1.0,1.0,1.0,1.0,,,,,,,6,3,3,3,2,5,6,6,3,2,60.0,55.0,70.0,30.0,40.0,50.0,65.0,25.0,20.0,35.0,2,2,1,2,1,1,2,2,1,2,1,2,2,1,1,2,1,2,1,2,2,1,1,1,2,1,2,2,2,1,2,1,2,1,1,1,1,2,1,1
664,5,5,5,5,5,5,5,5,1,1,30.0,,5.0,,4.0,4.0,3.0,,,,,6.0,1.0,54.0,,1.0,,,,,5.0,5.0,5.0,,,,,15.0,1.0,,,,3.0,1.0,,,6.0,1.0,1.0,1.0,1.0,1.0,1.0,1.0,1.0,1.0,1.0,,,,,,,6,3,3,3,3,5,6,6,3,2,75.0,75.0,80.0,75.0,70.0,75.0,80.0,70.0,30.0,30.0,1,2,1,1,2,2,2,1,2,1,1,1,2,2,2,1,1,2,1,1,1,2,2,1,2,1,2,2,2,2,1,1,2,1,2,2,2,1,2,1
1478,5,5,5,5,5,5,5,4,2,2,30.0,,4.0,,,,,5.0,4.0,2.0,6.0,,,,1.0,,2.0,3.0,5.0,5.0,,,,,,,,10.0,1.0,,5.0,,,,1.0,5.0,,1.0,1.0,1.0,1.0,1.0,1.0,1.0,1.0,1.0,1.0,,,,,,,6,3,2,2,1,3,5,5,3,2,75.0,70.0,75.0,70.0,65.0,70.0,75.0,60.0,40.0,40.0,1,1,2,2,1,2,1,1,2,1,2,1,1,1,1,1,1,1,1,1,1,1,1,1,2,2,2,1,2,1,1,1,2,1,2,2,1,2,1,1
1082,5,5,5,4,4,5,5,4,2,2,,35.0,5.0,,,,,5.0,4.0,2.0,6.0,,,,1.0,1.0,,,,,4.0,5.0,5.0,,,,10.0,,1.0,,,,3.0,,1.0,,5.0,1.0,1.0,1.0,1.0,1.0,1.0,1.0,1.0,1.0,1.0,,,,,,,6,3,2,3,2,5,6,5,3,2,75.0,70.0,80.0,60.0,55.0,70.0,75.0,50.0,40.0,40.0,2,2,2,1,1,2,2,1,1,1,1,1,1,1,2,1,1,1,2,2,2,2,1,1,1,1,2,1,1,2,1,2,1,1,1,1,2,2,1,1
1317,5,5,5,5,5,5,5,5,2,2,70.0,,,2.0,5.0,3.0,3.0,,,,,6.0,1.0,54.0,,1.0,,,,,5.0,5.0,6.0,,,,,15.0,1.0,,,4.0,,2.0,,,6.0,,,,,,,,,,,1.0,1.0,1.0,1.0,1.0,1.0,6,3,3,3,1,5,6,6,4,2,75.0,70.0,80.0,65.0,60.0,70.0,75.0,60.0,40.0,50.0,1,1,1,1,2,1,2,1,2,1,1,2,1,1,1,1,1,2,1,2,1,1,1,1,1,1,2,2,1,1,1,1,1,2,2,1,1,2,1,1
1264,5,4,5,5,5,5,5,4,2,2,,30.0,,2.0,4.0,3.0,3.0,,,,,6.0,,,1.0,,2.0,,,,4.0,5.0,5.0,,,,,15.0,,1.0,4.0,,,,1.0,,5.0,1.0,1.0,1.0,1.0,1.0,1.0,1.0,1.0,1.0,1.0,,,,,,,6,3,2,3,1,3,4,4,3,2,70.0,60.0,80.0,70.0,65.0,70.0,75.0,60.0,40.0,40.0,1,2,1,1,1,2,1,1,1,2,1,1,1,2,1,1,1,1,1,1,1,1,1,2,1,2,2,1,1,2,2,1,2,1,2,1,2,1,1,1
1983,4,4,4,2,3,4,4,2,2,2,,30.0,5.0,,,,,5.0,4.0,2.0,,6.0,,,1.0,1.0,,,,,,,,4.0,5.0,5.0,,15.0,1.0,,,4.0,,,1.0,5.0,,1.0,1.0,1.0,1.0,1.0,1.0,1.0,1.0,1.0,1.0,,,,,,,6,3,2,2,2,4,5,5,3,2,65.0,60.0,70.0,40.0,50.0,60.0,70.0,40.0,30.0,30.0,1,1,2,1,2,1,2,1,2,1,2,2,2,1,1,2,1,1,2,1,1,1,2,1,2,1,1,1,2,1,1,1,1,1,1,1,1,1,1,1
979,4,4,4,4,4,4,4,4,2,2,,30.0,5.0,,4.0,3.0,3.0,,,,,6.0,1.0,54.0,,,2.0,,,,,,,4.0,5.0,5.0,,15.0,1.0,,,4.0,,1.0,,,5.0,1.0,1.0,1.0,1.0,1.0,1.0,1.0,1.0,1.0,1.0,,,,,,,6,3,3,3,2,5,5,5,3,2,70.0,70.0,70.0,70.0,70.0,70.0,70.0,70.0,30.0,30.0,2,1,2,1,1,1,2,1,2,2,1,2,1,1,2,1,1,1,1,2,1,1,1,2,2,1,1,1,1,1,1,1,2,1,2,1,1,1,2,1
530,5,4,5,4,4,5,5,4,2,3,,30.0,5.0,,,,,4.0,4.0,2.0,6.0,,,,1.0,1.0,,,,,,,,4.0,5.0,5.0,,15.0,,1.0,4.0,,,,1.0,,5.0,,,,,,,,,,,1.0,1.0,1.0,1.0,1.0,1.0,6,3,3,3,2,4,4,4,3,2,70.0,60.0,75.0,55.0,55.0,70.0,70.0,60.0,40.0,50.0,2,2,1,2,2,2,1,2,1,2,2,1,2,1,1,2,1,2,2,1,1,2,1,1,2,2,1,2,2,2,2,2,1,1,1,1,2,2,1,1
443,5,5,5,5,5,5,5,5,2,2,,30.0,6.0,,,,,5.0,4.0,2.0,6.0,,,,1.0,,2.0,,,,5.0,5.0,6.0,,,,,15.0,1.0,,,4.0,,2.0,,,6.0,,,,,,,,,,,1.0,1.0,1.0,1.0,1.0,1.0,6,3,3,3,1,4,5,5,3,2,75.0,70.0,80.0,75.0,70.0,75.0,80.0,70.0,40.0,40.0,1,2,2,1,2,2,2,1,2,2,2,1,1,1,2,1,1,1,1,1,2,1,2,1,2,1,1,2,1,1,2,2,1,2,2,1,2,1,2,2
1130,5,5,5,5,5,5,5,5,1,1,30.0,,5.0,,,,,4.0,3.0,2.0,6.0,,1.0,54.0,,1.0,,,,,,,,5.0,5.0,6.0,,15.0,,1.0,,,3.0,2.0,,,6.0,1.0,1.0,1.0,1.0,1.0,1.0,1.0,1.0,1.0,1.0,,,,,,,6,3,2,2,2,5,6,6,3,2,85.0,85.0,90.0,90.0,90.0,90.0,90.0,90.0,10.0,10.0,1,2,1,1,1,1,2,1,1,2,2,1,2,1,2,2,1,2,1,1,1,1,1,1,1,2,1,1,1,1,1,1,1,1,1,1,1,2,1,1
1043,4,4,4,2,3,4,4,2,2,2,,35.0,,2.0,,,,5.0,4.0,2.0,,6.0,1.0,15.0,,1.0,,,,,,,,4.0,5.0,5.0,5.0,,,2.0,4.0,,,1.0,,5.0,,1.0,1.0,1.0,1.0,1.0,1.0,1.0,1.0,1.0,1.0,,,,,,,6,3,3,3,2,3,5,5,3,2,65.0,65.0,65.0,35.0,45.0,65.0,65.0,35.0,35.0,35.0,1,1,1,2,2,2,1,2,2,2,2,2,2,2,1,2,1,2,2,1,2,1,2,1,1,2,1,1,1,1,1,1,1,1,1,1,2,1,1,1
1831,5,5,5,4,4,5,5,4,2,2,,30.0,5.0,,4.0,4.0,2.0,,,,,6.0,1.0,54.0,,,2.0,,,,4.0,5.0,5.0,,,,15.0,,,1.0,,5.0,,1.0,,5.0,,,,,,,,,,,,1.0,1.0,1.0,1.0,1.0,1.0,6,3,3,3,2,4,5,5,3,2,75.0,75.0,80.0,60.0,60.0,80.0,80.0,60.0,40.0,40.0,1,1,2,1,2,1,1,2,1,1,2,1,1,1,1,1,2,1,1,1,1,2,2,1,1,1,1,1,1,1,1,1,1,1,1,1,1,1,1,1
1942,4,4,5,2,3,4,4,2,2,2,,30.0,4.0,,,,,5.0,4.0,2.0,,6.0,,,1.0,1.0,,3.0,4.0,5.0,,,,,,,,15.0,1.0,,,4.0,,,1.0,5.0,,,,,,,,,,,,1.0,1.0,1.0,1.0,1.0,1.0,6,2,3,3,1,4,5,5,3,2,60.0,55.0,70.0,30.0,40.0,50.0,55.0,30.0,25.0,25.0,1,1,1,1,2,1,1,2,2,1,1,1,2,1,2,2,1,1,1,2,1,1,1,1,2,1,1,1,2,1,1,2,1,1,1,1,2,1,1,1
545,5,5,5,5,5,5,5,5,2,2,,30.0,6.0,,,,,5.0,4.0,2.0,6.0,,,,1.0,1.0,,,,,5.0,5.0,6.0,,,,15.0,,1.0,,6.0,,,2.0,,5.0,,,,,,,,,,,,1.0,1.0,1.0,1.0,1.0,1.0,6,3,3,3,2,5,6,6,4,2,80.0,75.0,85.0,80.0,75.0,80.0,85.0,70.0,30.0,30.0,1,1,1,1,1,2,1,2,1,2,1,1,1,1,1,1,1,1,1,1,1,1,1,1,1,1,1,1,1,1,1,1,1,1,1,1,1,1,1,1
436,5,5,5,5,5,5,5,5,1,1,30.0,,,2.0,,,,5.0,4.0,2.0,,6.0,1.0,54.0,,1.0,,2.0,5.0,5.0,,,,,,,,15.0,1.0,,4.0,,,,1.0,,5.0,1.0,1.0,1.0,1.0,1.0,1.0,1.0,1.0,1.0,1.0,,,,,,,6,3,2,2,2,5,6,6,3,2,75.0,70.0,80.0,85.0,80.0,85.0,90.0,75.0,20.0,15.0,1,2,1,1,1,2,2,1,1,1,1,1,1,1,1,1,1,1,1,1,1,1,1,1,1,1,1,2,1,1,1,2,1,1,1,1,2,1,2,1
359,4,4,4,4,4,4,4,4,2,2,,30.0,5.0,,,,,5.0,4.0,2.0,6.0,,,,1.0,1.0,,,,,,,,4.0,5.0,5.0,5.0,,1.0,,,,3.0,2.0,,5.0,,1.0,1.0,1.0,1.0,1.0,1.0,1.0,1.0,1.0,1.0,,,,,,,6,3,3,3,1,4,5,5,3,2,65.0,65.0,65.0,65.0,65.0,65.0,65.0,65.0,35.0,35.0,1,2,1,1,1,1,2,1,1,1,2,1,2,1,2,1,1,1,2,2,1,1,1,2,1,2,1,1,1,2,2,1,1,2,1,1,1,2,1,1
1145,5,5,5,5,5,5,5,5,1,1,,30.0,5.0,,5.0,4.0,4.0,,,,,6.0,,,1.0,,2.0,4.0,5.0,6.0,,,,,,,,15.0,1.0,,,7.0,,1.0,,5.0,,1.0,1.0,1.0,1.0,1.0,1.0,1.0,1.0,1.0,1.0,,,,,,,6,3,3,3,1,3,4,4,3,2,80.0,80.0,85.0,80.0,75.0,80.0,85.0,80.0,20.0,20.0,1,1,1,1,1,1,2,1,1,1,1,1,1,1,1,2,1,1,1,1,1,1,1,1,1,1,1,1,1,1,1,1,1,1,1,1,1,1,1,1
1036,5,5,5,5,5,5,5,5,2,2,,30.0,5.0,,4.0,3.0,4.0,,,,,6.0,1.0,54.0,,1.0,,,,,,,,5.0,5.0,6.0,18.0,,,1.0,,,3.0,2.0,,5.0,,,,,,,,,,,,1.0,1.0,1.0,1.0,1.0,1.0,6,3,3,3,2,4,5,5,3,2,85.0,80.0,90.0,85.0,80.0,85.0,90.0,80.0,40.0,40.0,1,1,1,1,1,1,1,1,1,1,1,1,1,1,1,1,1,1,1,1,1,1,1,1,1,1,1,1,1,1,1,1,1,1,1,1,1,1,1,1
1759,5,5,5,5,5,5,5,5,1,1,,30.0,,5.0,3.0,3.0,3.0,,,,,6.0,1.0,54.0,,1.0,,,,,,,,4.0,5.0,5.0,,15.0,,1.0,,,3.0,2.0,,5.0,,1.0,1.0,1.0,1.0,1.0,1.0,1.0,1.0,1.0,1.0,,,,,,,6,2,3,3,1,3,5,5,3,2,75.0,75.0,80.0,80.0,75.0,80.0,80.0,75.0,25.0,25.0,1,1,1,1,1,1,1,1,1,1,1,1,1,1,1,1,1,1,1,1,1,1,1,1,1,1,2,1,2,1,1,1,1,1,1,1,1,1,1,1
1844,5,5,5,4,4,5,5,4,2,2,,30.0,6.0,,,,,4.0,5.0,2.0,6.0,,,,1.0,,2.0,,,,5.0,5.0,5.0,,,,,15.0,,1.0,,4.0,,2.0,,5.0,,,,,,,,,,,,1.0,1.0,1.0,1.0,1.0,1.0,6,3,3,3,1,5,6,6,3,2,70.0,70.0,75.0,60.0,60.0,70.0,70.0,60.0,40.0,40.0,2,1,1,2,2,1,1,1,1,1,2,2,2,1,1,2,1,1,1,1,2,2,1,1,1,1,1,1,1,1,1,2,1,1,2,1,2,1,1,1
1937,5,5,5,5,5,5,5,5,2,2,30.0,,6.0,,,,,4.0,5.0,2.0,,6.0,1.0,54.0,,1.0,,,,,5.0,5.0,5.0,,,,,15.0,,1.0,,,3.0,,1.0,,5.0,,,,,,,,,,,1.0,1.0,1.0,1.0,1.0,1.0,6,3,3,3,1,4,6,6,3,2,85.0,80.0,85.0,80.0,75.0,80.0,85.0,75.0,30.0,30.0,1,1,2,2,1,1,1,1,2,1,2,1,1,1,2,2,1,2,1,1,1,1,2,2,1,2,2,1,1,1,2,2,1,2,1,2,1,1,2,1
28,5,5,5,5,5,5,5,5,2,2,,30.0,5.0,,,,,5.0,5.0,2.0,6.0,,,,1.0,1.0,,4.0,5.0,6.0,,,,,,,,15.0,1.0,,,4.0,,,1.0,,5.0,1.0,1.0,1.0,1.0,1.0,1.0,1.0,1.0,1.0,1.0,,,,,,,6,3,2,3,2,5,6,5,3,2,80.0,80.0,85.0,85.0,80.0,80.0,85.0,80.0,30.0,30.0,1,1,2,1,1,2,1,1,1,2,1,1,2,2,2,2,1,1,1,2,1,1,1,1,1,1,1,1,1,1,1,1,1,1,1,1,1,1,1,1
762,5,5,5,5,5,5,5,5,1,1,30.0,,,2.0,4.0,4.0,2.0,,,,6.0,,1.0,54.0,,1.0,,,,,,,,4.0,5.0,5.0,,15.0,,1.0,5.0,,,,1.0,5.0,,1.0,1.0,1.0,1.0,1.0,1.0,1.0,1.0,1.0,1.0,,,,,,,6,3,3,3,1,3,5,5,3,2,80.0,80.0,80.0,80.0,80.0,80.0,80.0,80.0,20.0,20.0,1,1,1,1,1,1,1,1,1,1,1,1,1,1,1,1,1,1,1,1,1,1,1,1,1,1,1,1,1,1,1,1,1,1,1,1,1,1,1,1
611,5,5,5,5,5,5,5,5,2,2,30.0,,,2.0,4.0,3.0,2.0,,,,,6.0,1.0,54.0,,1.0,,,,,5.0,5.0,6.0,,,,15.0,,1.0,,,4.0,,1.0,,6.0,,,,,,,,,,,,1.0,1.0,1.0,1.0,1.0,1.0,6,3,3,3,2,4,5,5,3,2,85.0,85.0,90.0,90.0,90.0,90.0,90.0,90.0,30.0,30.0,1,1,1,1,1,2,2,1,1,2,1,1,2,1,1,1,1,2,1,2,1,1,1,1,1,2,1,2,1,1,1,1,1,1,1,1,1,1,1,1
398,5,5,5,4,4,5,5,4,2,3,30.0,,5.0,,4.0,3.0,5.0,,,,,6.0,,,1.0,,2.0,,,,,,,4.0,5.0,5.0,,15.0,1.0,,4.0,,,,1.0,5.0,,1.0,1.0,1.0,1.0,1.0,1.0,1.0,1.0,1.0,1.0,,,,,,,6,2,3,3,2,5,6,6,3,2,75.0,70.0,80.0,60.0,55.0,70.0,75.0,60.0,40.0,50.0,2,1,2,1,2,2,1,1,1,1,1,2,2,1,1,2,1,1,1,1,1,1,1,1,2,2,1,2,1,2,1,1,2,2,1,1,1,1,1,1
584,4,4,4,4,4,4,4,4,2,2,40.0,,,2.0,,,,5.0,4.0,2.0,6.0,,1.0,54.0,,,2.0,,,,2.0,5.0,5.0,,,,5.0,,1.0,,,,3.0,,1.0,,5.0,1.0,1.0,1.0,1.0,1.0,1.0,1.0,1.0,1.0,1.0,,,,,,,6,3,3,3,2,5,6,6,3,2,65.0,65.0,65.0,65.0,65.0,65.0,65.0,65.0,35.0,35.0,2,1,1,2,1,1,2,1,1,2,2,1,1,2,1,1,1,1,1,1,2,1,1,1,1,2,1,2,1,1,1,1,1,1,1,1,1,1,1,1
1362,5,5,5,5,5,5,5,5,1,1,30.0,,,2.0,5.0,4.0,3.0,,,,6.0,,1.0,54.0,,1.0,,,,,,,,5.0,5.0,6.0,18.0,,1.0,,4.0,,,,1.0,5.0,,1.0,1.0,1.0,1.0,1.0,1.0,1.0,1.0,1.0,1.0,,,,,,,6,3,3,3,2,5,5,5,3,2,85.0,80.0,85.0,80.0,75.0,80.0,85.0,75.0,20.0,20.0,1,1,1,1,1,1,1,1,1,1,1,1,1,1,1,1,1,1,1,1,1,1,1,1,1,1,1,1,1,1,1,1,1,1,1,1,1,1,1,1
1211,5,5,5,5,5,5,5,5,2,2,30.0,,4.0,,5.0,4.0,3.0,,,,,6.0,1.0,54.0,,,2.0,4.0,5.0,5.0,,,,,,,15.0,,1.0,,,,3.0,,1.0,5.0,,,,,,,,,,,,1.0,1.0,1.0,1.0,1.0,1.0,6,3,3,3,1,3,5,5,3,2,85.0,80.0,90.0,85.0,80.0,85.0,90.0,75.0,40.0,40.0,1,1,1,1,1,2,1,1,2,1,2,2,1,1,2,2,1,1,1,2,1,1,1,1,1,1,1,2,1,1,1,1,2,1,2,1,2,1,1,1
1798,5,5,5,2,4,5,5,2,2,2,40.0,,,2.0,,,,5.0,4.0,2.0,6.0,,,,1.0,,2.0,,,,2.0,5.0,5.0,,,,,15.0,1.0,,,,3.0,2.0,,5.0,,,,,,,,,,,,1.0,1.0,1.0,1.0,1.0,1.0,6,3,3,3,1,5,6,6,3,2,70.0,70.0,75.0,30.0,40.0,70.0,70.0,30.0,30.0,30.0,1,2,1,1,1,2,1,2,2,1,1,2,2,1,1,2,1,1,2,1,1,1,1,1,2,1,2,1,2,1,2,1,1,1,2,1,1,2,1,1
1184,5,5,5,5,5,5,5,5,1,1,,15.0,5.0,,,,,6.0,5.0,2.0,,6.0,1.0,54.0,,,2.0,4.0,5.0,6.0,,,,,,,,15.0,1.0,,,,3.0,,1.0,5.0,,,,,,,,,,,,1.0,1.0,1.0,1.0,1.0,1.0,6,3,3,3,3,3,5,5,3,2,75.0,75.0,80.0,85.0,80.0,85.0,85.0,80.0,20.0,20.0,1,1,1,1,1,1,1,1,1,1,1,1,1,1,1,1,1,1,1,1,1,1,1,1,1,1,1,1,1,1,1,1,1,1,1,1,1,1,1,1
1885,5,5,5,5,5,5,5,5,1,1,30.0,,,2.0,,,,5.0,4.0,2.0,6.0,,1.0,54.0,,1.0,,,,,,,,5.0,5.0,6.0,2.0,,,2.0,,7.0,,1.0,,6.0,,1.0,1.0,1.0,1.0,1.0,1.0,1.0,1.0,1.0,1.0,,,,,,,6,3,2,2,1,5,6,6,3,2,75.0,75.0,80.0,85.0,80.0,85.0,85.0,80.0,20.0,20.0,2,2,1,2,2,1,2,2,1,1,2,2,2,1,2,1,2,2,1,2,2,2,1,2,1,1,2,2,2,2,1,2,2,2,2,1,2,2,2,2
1587,5,5,5,4,4,5,5,4,2,2,40.0,,,2.0,,,,5.0,3.0,2.0,6.0,,1.0,54.0,,1.0,,,,,,,,4.0,5.0,5.0,,15.0,1.0,,4.0,,,1.0,,5.0,,,,,,,,,,,,1.0,1.0,1.0,1.0,1.0,1.0,6,3,3,3,1,4,5,5,3,2,75.0,70.0,80.0,60.0,55.0,70.0,65.0,50.0,40.0,45.0,1,1,1,1,2,1,1,1,1,2,1,2,1,2,1,1,2,2,2,1,1,1,1,1,1,1,1,1,1,1,1,1,1,1,1,1,1,1,1,1
1612,5,5,5,3,4,5,5,4,2,2,,30.0,,2.0,,,,5.0,4.0,2.0,6.0,,,,1.0,,2.0,,,,2.0,5.0,5.0,,,,,15.0,1.0,,,4.0,,,1.0,5.0,,,,,,,,,,,,1.0,1.0,1.0,1.0,1.0,1.0,6,2,3,3,2,4,6,6,3,2,75.0,70.0,80.0,50.0,60.0,75.0,70.0,60.0,40.0,40.0,2,1,2,1,2,1,2,2,1,2,1,2,1,1,2,1,1,2,1,2,1,2,1,1,2,1,2,1,1,1,2,2,1,2,2,2,1,2,2,1
1761,5,4,5,5,4,5,5,4,2,2,30.0,,,2.0,5.0,4.0,2.0,,,,6.0,,1.0,54.0,,,2.0,4.0,5.0,5.0,,,,,,,,15.0,1.0,,4.0,,,,1.0,,5.0,,,,,,,,,,,1.0,1.0,1.0,1.0,1.0,1.0,6,3,2,2,1,3,5,5,3,2,75.0,65.0,80.0,70.0,60.0,75.0,80.0,65.0,40.0,40.0,1,2,1,2,1,1,1,1,2,2,1,1,1,2,1,2,1,1,2,1,1,1,1,1,1,2,1,1,2,2,1,2,1,1,1,1,1,2,1,1
187,5,5,5,5,5,5,5,5,1,1,30.0,,6.0,,4.0,3.0,2.0,,,,,6.0,,,1.0,1.0,,4.0,5.0,5.0,,,,,,,,10.0,,2.0,,,3.0,,1.0,5.0,,,,,,,,,,,,1.0,1.0,1.0,1.0,1.0,1.0,6,3,3,3,1,3,5,5,3,2,80.0,75.0,85.0,90.0,85.0,80.0,90.0,70.0,20.0,20.0,1,2,2,2,1,1,1,2,1,1,1,1,1,2,2,2,1,1,2,2,1,1,1,2,2,2,1,1,1,1,1,2,1,2,2,1,2,1,2,2
212,5,5,5,4,4,5,5,4,2,2,,30.0,,5.0,,,,6.0,4.0,2.0,6.0,,,,1.0,,2.0,,,,,,,3.0,5.0,5.0,,15.0,1.0,,,4.0,,2.0,,,5.0,,,,,,,,,,,1.0,1.0,1.0,1.0,1.0,1.0,6,3,3,3,2,4,5,5,3,2,70.0,65.0,75.0,50.0,55.0,70.0,65.0,50.0,40.0,40.0,1,1,1,2,2,1,1,2,1,2,1,1,2,1,1,2,1,1,2,1,1,1,1,2,2,1,1,1,1,2,1,1,2,1,2,1,1,2,1,2
361,5,5,5,5,5,5,5,5,1,1,40.0,,,2.0,,,,4.0,4.0,2.0,,6.0,,,1.0,,2.0,2.0,5.0,6.0,,,,,,,,15.0,,2.0,4.0,,,1.0,,,5.0,,,,,,,,,,,1.0,1.0,1.0,1.0,1.0,1.0,6,3,3,3,3,5,6,6,4,2,75.0,75.0,80.0,80.0,75.0,75.0,80.0,70.0,40.0,40.0,1,2,2,1,1,2,1,2,1,1,1,1,2,1,1,1,2,2,1,1,1,1,1,1,2,1,2,2,2,1,1,1,1,2,1,1,2,2,1,2
10,5,5,5,5,5,5,5,5,2,2,30.0,,,2.0,4.0,3.0,3.0,,,,,6.0,,,1.0,1.0,,,,,5.0,5.0,5.0,,,,15.0,,1.0,,5.0,,,2.0,,,6.0,,,,,,,,,,,1.0,1.0,1.0,1.0,1.0,1.0,6,3,3,3,3,5,5,5,4,2,70.0,70.0,80.0,80.0,80.0,80.0,80.0,70.0,40.0,40.0,1,1,1,1,1,1,1,1,1,1,1,1,1,1,1,1,1,1,1,1,1,1,1,1,1,1,1,1,1,1,1,1,1,1,1,1,1,1,1,1
886,5,5,5,5,5,5,5,4,2,2,,30.0,,2.0,5.0,3.0,3.0,,,,6.0,,,,1.0,,2.0,,,,2.0,5.0,5.0,,,,,10.0,,1.0,5.0,,,2.0,,,5.0,,,,,,,,,,,1.0,1.0,1.0,1.0,1.0,1.0,6,3,2,2,2,4,5,5,3,2,80.0,75.0,85.0,70.0,65.0,70.0,75.0,60.0,40.0,45.0,2,2,1,2,2,1,2,1,2,1,2,1,2,1,1,2,1,2,2,1,2,1,1,1,2,1,2,1,2,1,1,1,2,2,1,2,1,1,2,1
1229,5,5,5,4,4,5,5,4,2,2,,30.0,5.0,,4.0,3.0,3.0,,,,6.0,,1.0,54.0,,1.0,,4.0,5.0,5.0,,,,,,,15.0,,,1.0,4.0,,,1.0,,,5.0,1.0,1.0,1.0,1.0,1.0,1.0,1.0,1.0,1.0,1.0,,,,,,,6,3,3,3,2,4,5,5,3,2,75.0,75.0,80.0,60.0,60.0,75.0,75.0,60.0,40.0,40.0,1,2,2,1,1,2,2,1,1,2,1,1,1,2,1,2,2,1,2,1,1,2,1,1,2,1,2,1,2,1,1,2,1,1,1,1,2,2,1,1
1435,5,5,5,5,5,5,5,5,1,1,,30.0,,2.0,,,,5.0,4.0,2.0,,6.0,,,1.0,1.0,,4.0,5.0,6.0,,,,,,,15.0,,1.0,,,,3.0,2.0,,,5.0,,,,,,,,,,,1.0,1.0,1.0,1.0,1.0,1.0,6,3,2,2,2,5,6,6,3,2,75.0,70.0,80.0,75.0,70.0,80.0,75.0,70.0,20.0,20.0,1,2,1,2,1,2,1,2,2,1,1,1,1,2,1,1,1,1,1,1,2,1,2,1,1,2,1,2,1,2,1,2,1,1,1,1,1,2,1,1
1546,5,5,5,5,5,5,5,5,1,1,30.0,,5.0,,4.0,4.0,3.0,,,,6.0,,,,1.0,,2.0,,,,5.0,5.0,6.0,,,,5.0,,,1.0,4.0,,,,1.0,,6.0,,,,,,,,,,,1.0,1.0,1.0,1.0,1.0,1.0,6,3,3,3,3,5,6,6,4,2,80.0,80.0,85.0,90.0,85.0,90.0,90.0,85.0,10.0,10.0,1,1,2,1,1,1,2,1,1,1,1,2,1,1,1,1,2,1,1,2,1,1,2,1,1,2,1,1,2,1,1,1,1,2,1,1,1,1,1,1
629,5,4,5,5,5,5,5,5,1,1,30.0,,5.0,,,,,4.0,4.0,2.0,,6.0,1.0,54.0,,,2.0,,,,,,,4.0,5.0,6.0,18.0,,1.0,,4.0,,,1.0,,5.0,,1.0,1.0,1.0,1.0,1.0,1.0,1.0,1.0,1.0,1.0,,,,,,,6,3,2,2,1,3,5,5,3,2,75.0,70.0,80.0,85.0,80.0,85.0,90.0,80.0,20.0,15.0,1,1,1,1,1,1,1,1,1,1,1,1,1,1,1,1,1,1,1,1,1,1,1,1,1,1,1,1,1,1,1,1,1,2,1,1,1,1,1,1
146,5,5,5,5,5,5,5,5,1,1,30.0,,,2.0,,,,4.0,3.0,2.0,6.0,,1.0,54.0,,,2.0,,,,,,,4.0,5.0,6.0,,15.0,,1.0,,,3.0,1.0,,5.0,,,,,,,,,,,,1.0,1.0,1.0,1.0,1.0,1.0,6,3,3,3,3,5,6,6,4,2,75.0,70.0,80.0,70.0,65.0,75.0,80.0,70.0,30.0,30.0,1,1,2,1,1,1,2,1,1,1,2,1,1,1,1,1,1,2,1,1,1,1,1,1,1,1,1,1,1,1,1,1,1,1,1,1,1,1,1,1
934,4,4,4,2,3,4,4,2,2,2,30.0,,,2.0,,,,5.0,4.0,2.0,,6.0,,,1.0,,2.0,,,,,,,4.0,5.0,5.0,15.0,,1.0,,,4.0,,1.0,,5.0,,1.0,1.0,1.0,1.0,1.0,1.0,1.0,1.0,1.0,1.0,,,,,,,6,2,3,3,1,3,4,4,3,2,70.0,70.0,70.0,40.0,40.0,50.0,50.0,30.0,30.0,30.0,1,1,1,1,2,1,1,2,2,1,2,1,2,1,1,2,2,1,1,2,2,1,1,2,2,1,1,1,1,1,1,1,2,1,1,1,2,1,1,2
847,5,5,5,5,5,5,5,5,2,2,,20.0,,2.0,4.0,3.0,5.0,,,,6.0,,,,1.0,,2.0,,,,1.0,5.0,6.0,,,,15.0,,1.0,,,,3.0,,1.0,5.0,,1.0,1.0,1.0,1.0,1.0,1.0,1.0,1.0,1.0,1.0,,,,,,,7,3,3,3,1,5,6,6,3,2,75.0,70.0,80.0,85.0,80.0,75.0,80.0,70.0,40.0,40.0,2,2,2,1,2,1,1,1,2,1,1,1,2,1,2,1,1,2,2,1,1,1,1,1,2,1,2,2,2,1,2,2,2,2,2,2,2,1,2,1
1440,5,5,5,4,4,5,5,4,2,2,,30.0,5.0,,3.0,4.0,5.0,,,,6.0,,1.0,54.0,,1.0,,,,,4.0,5.0,5.0,,,,15.0,,,1.0,4.0,,,,1.0,5.0,,1.0,1.0,1.0,1.0,1.0,1.0,1.0,1.0,1.0,1.0,,,,,,,6,3,2,2,2,5,6,6,3,2,75.0,70.0,80.0,60.0,55.0,70.0,65.0,50.0,40.0,40.0,1,2,2,1,2,1,1,1,1,1,2,1,1,2,2,1,1,2,1,1,1,1,1,1,1,2,1,2,1,1,2,1,2,1,1,1,2,2,1,2
1533,5,5,5,4,4,5,5,4,2,3,,30.0,5.0,,,,,5.0,4.0,2.0,6.0,,,,1.0,,2.0,3.0,5.0,5.0,,,,,,,15.0,,,1.0,,4.0,,,1.0,5.0,,,,,,,,,,,,1.0,1.0,1.0,1.0,1.0,1.0,6,3,3,3,2,4,5,5,3,2,75.0,70.0,80.0,50.0,50.0,75.0,70.0,50.0,30.0,40.0,1,2,2,1,1,1,1,1,1,1,1,1,2,2,2,1,1,1,1,2,1,1,1,2,1,1,1,1,1,1,1,1,1,1,1,1,1,1,1,1
133,5,5,5,4,4,5,5,4,2,2,30.0,,,2.0,5.0,4.0,3.0,,,,6.0,,1.0,54.0,,,2.0,3.0,5.0,5.0,,,,,,,15.0,,,1.0,4.0,,,2.0,,5.0,,,,,,,,,,,,1.0,1.0,1.0,1.0,1.0,1.0,6,3,3,3,2,5,6,6,3,2,70.0,65.0,75.0,55.0,50.0,70.0,70.0,50.0,40.0,40.0,1,1,2,1,1,1,2,1,2,1,1,1,2,2,1,1,1,1,1,2,1,1,2,1,1,1,2,1,1,1,1,2,1,1,2,1,2,1,2,2
941,5,5,5,4,4,5,5,4,2,3,,30.0,5.0,,,,,5.0,4.0,2.0,,6.0,1.0,54.0,,1.0,,,,,,,,2.0,5.0,5.0,,15.0,1.0,,,4.0,,1.0,,5.0,,,,,,,,,,,,1.0,1.0,1.0,1.0,1.0,1.0,6,3,3,3,2,5,5,5,3,2,70.0,70.0,75.0,60.0,60.0,70.0,70.0,50.0,40.0,50.0,2,1,2,1,1,1,2,1,1,2,2,1,1,2,1,2,1,1,1,1,1,1,2,1,2,1,1,2,1,2,1,2,1,1,2,1,2,1,1,1
832,5,5,5,5,5,5,5,5,2,2,30.0,,,2.0,5.0,4.0,3.0,,,,6.0,,,,1.0,1.0,,,,,,,,5.0,5.0,5.0,15.0,,1.0,,,4.0,,,1.0,,5.0,1.0,1.0,1.0,1.0,1.0,1.0,1.0,1.0,1.0,1.0,,,,,,,6,3,3,3,2,4,4,4,3,2,80.0,75.0,85.0,80.0,75.0,80.0,85.0,70.0,40.0,40.0,2,1,2,2,1,1,1,2,2,1,2,2,2,1,1,2,1,2,1,2,1,2,1,2,1,1,1,1,1,1,1,1,1,1,2,2,1,2,2,1
1667,5,5,5,5,5,5,5,5,1,1,30.0,,,2.0,,,,5.0,4.0,2.0,,6.0,1.0,54.0,,,2.0,,,,2.0,5.0,5.0,,,,,15.0,,2.0,,,3.0,2.0,,,6.0,,,,,,,,,,,1.0,1.0,1.0,1.0,1.0,1.0,6,2,3,3,2,5,6,6,3,2,85.0,80.0,85.0,85.0,80.0,85.0,85.0,80.0,20.0,20.0,1,1,1,2,2,1,1,2,1,1,1,1,1,1,1,1,1,1,1,1,2,1,1,1,1,1,1,1,1,1,1,1,1,1,1,1,1,1,1,1
1714,4,4,4,2,3,4,4,2,1,1,30.0,,5.0,,4.0,3.0,2.0,,,,6.0,,,,1.0,,2.0,,,,,,,4.0,5.0,5.0,18.0,,,2.0,,6.0,,2.0,,,5.0,,,,,,,,,,,1.0,1.0,1.0,1.0,1.0,1.0,6,3,2,3,2,5,5,5,3,2,65.0,65.0,70.0,40.0,50.0,60.0,70.0,40.0,30.0,30.0,1,1,1,1,2,2,2,2,1,2,1,1,1,2,1,2,1,1,1,1,2,1,2,1,1,2,1,1,2,1,1,1,2,1,1,1,2,2,1,1
1108,4,4,4,2,3,3,4,2,3,2,40.0,,2.0,,,,,5.0,4.0,2.0,6.0,,1.0,54.0,,1.0,,2.0,4.0,5.0,,,,,,,15.0,,,2.0,,,3.0,1.0,,,5.0,1.0,1.0,1.0,1.0,1.0,1.0,1.0,1.0,1.0,1.0,,,,,,,6,3,3,3,3,5,6,6,3,2,60.0,55.0,60.0,40.0,45.0,45.0,50.0,35.0,40.0,35.0,2,2,1,1,1,1,1,2,1,2,2,1,2,1,2,1,1,2,2,2,1,1,1,1,1,2,2,1,2,1,2,2,1,2,2,1,2,2,1,1
1481,5,5,5,2,4,5,5,4,2,2,,35.0,,2.0,,,,5.0,4.0,2.0,6.0,,,,1.0,,2.0,,,,5.0,5.0,6.0,,,,,15.0,,1.0,4.0,,,1.0,,,5.0,1.0,1.0,1.0,1.0,1.0,1.0,1.0,1.0,1.0,1.0,,,,,,,6,3,3,3,2,4,5,5,3,2,75.0,70.0,80.0,40.0,50.0,70.0,80.0,50.0,30.0,30.0,1,1,1,1,1,1,1,1,1,1,1,1,1,1,1,1,1,1,1,1,1,1,1,1,1,1,1,1,1,1,1,1,1,1,1,1,1,1,1,1
267,5,5,5,4,4,5,5,4,2,2,,30.0,4.0,,5.0,4.0,4.0,,,,6.0,,1.0,54.0,,,2.0,,,,,,,4.0,5.0,5.0,15.0,,1.0,,4.0,,,2.0,,,5.0,1.0,1.0,1.0,1.0,1.0,1.0,1.0,1.0,1.0,1.0,,,,,,,6,3,3,3,2,3,5,5,3,2,70.0,65.0,75.0,55.0,50.0,70.0,75.0,50.0,40.0,40.0,1,1,1,2,1,1,1,1,1,1,1,1,1,1,1,1,1,1,1,1,1,1,1,1,1,1,1,1,1,1,1,1,1,1,1,1,1,1,1,1
314,4,4,4,2,3,4,4,2,2,2,40.0,,,2.0,5.0,3.0,2.0,,,,,6.0,1.0,54.0,,,2.0,,,,,,,2.0,5.0,5.0,,15.0,1.0,,4.0,,,2.0,,,5.0,,,,,,,,,,,1.0,1.0,1.0,1.0,1.0,1.0,6,3,3,3,2,4,5,5,3,2,60.0,55.0,55.0,30.0,40.0,50.0,50.0,30.0,30.0,30.0,2,1,2,2,1,1,2,2,2,2,2,2,2,1,1,1,2,1,1,2,1,1,1,1,2,1,2,2,1,1,2,2,1,2,1,2,2,1,1,2
508,5,5,5,5,5,5,5,4,2,2,40.0,,,2.0,,,,5.0,4.0,2.0,,6.0,1.0,54.0,,1.0,,,,,,,,4.0,5.0,6.0,,15.0,,1.0,4.0,,,2.0,,5.0,,,,,,,,,,,,1.0,1.0,1.0,1.0,1.0,1.0,6,3,3,3,1,5,6,6,4,2,85.0,80.0,85.0,80.0,75.0,85.0,80.0,70.0,40.0,40.0,1,1,1,1,1,1,1,1,1,1,1,2,1,2,1,1,1,1,1,2,1,1,1,1,1,2,2,2,1,1,1,1,1,1,1,2,1,1,1,1
980,5,5,5,4,4,5,5,4,2,2,,30.0,,2.0,,,,5.0,4.0,2.0,6.0,,,,1.0,1.0,,,,,4.0,5.0,5.0,,,,,12.0,1.0,,,,3.0,2.0,,,5.0,,,,,,,,,,,1.0,1.0,1.0,1.0,1.0,1.0,6,3,3,3,2,5,5,5,3,2,75.0,70.0,80.0,60.0,55.0,70.0,65.0,50.0,40.0,45.0,1,1,2,1,2,2,1,1,2,1,1,1,1,1,1,2,1,1,1,1,1,1,1,1,1,1,2,2,2,2,1,2,1,1,1,1,2,2,1,1
65,5,5,5,5,5,5,5,5,1,1,70.0,,6.0,,4.0,3.0,5.0,,,,6.0,,1.0,54.0,,,2.0,2.0,5.0,6.0,,,,,,,,15.0,,1.0,,,3.0,1.0,,5.0,,,,,,,,,,,,1.0,1.0,1.0,1.0,1.0,1.0,6,3,3,3,2,5,6,6,4,2,75.0,75.0,80.0,85.0,80.0,85.0,85.0,80.0,20.0,20.0,1,1,1,2,1,2,2,2,1,2,1,1,2,1,1,1,1,1,2,1,2,2,1,2,1,1,2,1,1,1,1,1,1,1,1,1,2,1,1,1
2014,5,5,5,5,5,5,5,4,2,2,,30.0,,2.0,4.0,3.0,5.0,,,,6.0,,,,1.0,,2.0,2.0,5.0,5.0,,,,,,,,10.0,,1.0,,,3.0,,1.0,5.0,,,,,,,,,,,,1.0,1.0,1.0,1.0,1.0,1.0,6,3,3,3,1,5,6,6,3,2,80.0,75.0,85.0,70.0,65.0,70.0,75.0,60.0,40.0,45.0,1,1,2,1,1,1,1,2,1,1,2,1,2,1,2,2,1,1,1,2,1,1,2,2,1,2,2,1,2,2,1,1,1,1,1,1,2,1,1,2
1809,5,5,5,5,5,5,5,5,2,2,30.0,,,2.0,4.0,3.0,3.0,,,,6.0,,1.0,15.0,,1.0,,,,,5.0,5.0,5.0,,,,15.0,,1.0,,4.0,,,2.0,,5.0,,,,,,,,,,,,1.0,1.0,1.0,1.0,1.0,1.0,6,3,3,3,3,5,6,6,3,2,80.0,75.0,85.0,80.0,75.0,80.0,85.0,75.0,30.0,30.0,1,1,1,2,1,2,1,1,1,1,1,1,2,1,1,2,1,1,1,1,1,1,1,1,1,1,1,1,1,1,1,1,1,1,2,1,1,1,2,1
838,5,5,5,5,5,5,5,5,2,2,30.0,,5.0,,,,,5.0,4.0,2.0,,6.0,,,1.0,,2.0,,,,4.0,5.0,5.0,,,,,15.0,,1.0,,,3.0,2.0,,,6.0,,,,,,,,,,,1.0,1.0,1.0,1.0,1.0,1.0,6,2,2,2,1,5,6,6,3,2,75.0,70.0,80.0,75.0,70.0,75.0,80.0,70.0,40.0,40.0,1,2,2,2,1,1,2,1,1,1,1,1,1,1,1,1,1,2,1,1,1,2,2,1,2,1,1,1,1,1,1,1,2,2,1,1,2,1,1,1
1539,5,5,5,5,5,5,5,5,2,2,,30.0,5.0,,3.0,4.0,2.0,,,,6.0,,,,1.0,,2.0,4.0,5.0,6.0,,,,,,,,15.0,,1.0,5.0,,,2.0,,6.0,,1.0,1.0,1.0,1.0,1.0,1.0,1.0,1.0,1.0,1.0,,,,,,,6,3,3,3,1,5,5,5,4,2,75.0,70.0,80.0,85.0,80.0,85.0,90.0,80.0,40.0,40.0,1,2,1,1,2,2,1,1,2,1,2,2,1,2,1,2,1,2,1,1,1,2,2,1,2,2,2,2,1,1,2,1,2,1,1,1,1,1,2,1
1256,5,5,5,5,5,5,5,4,2,2,30.0,,,2.0,5.0,3.0,3.0,,,,6.0,,,,1.0,,2.0,,,,4.0,5.0,5.0,,,,,15.0,1.0,,,,3.0,2.0,,5.0,,1.0,1.0,1.0,1.0,1.0,1.0,1.0,1.0,1.0,1.0,,,,,,,6,3,3,3,1,4,6,6,3,2,80.0,75.0,85.0,80.0,75.0,80.0,85.0,70.0,40.0,40.0,1,1,2,1,1,2,1,1,1,2,2,1,2,1,2,1,1,1,1,1,1,1,1,1,1,1,1,1,1,1,2,1,2,1,1,1,2,1,2,1
1325,5,5,5,2,3,4,5,2,1,1,,30.0,,2.0,5.0,3.0,2.0,,,,,6.0,1.0,54.0,,1.0,,,,,1.0,5.0,6.0,,,,15.0,,,2.0,,4.0,,,1.0,5.0,,1.0,1.0,1.0,1.0,1.0,1.0,1.0,1.0,1.0,1.0,,,,,,,6,3,3,3,2,3,5,5,3,2,70.0,65.0,70.0,30.0,40.0,50.0,70.0,30.0,20.0,20.0,1,1,2,1,1,1,1,1,1,2,2,1,1,1,1,2,1,1,1,1,1,1,1,1,1,1,1,1,1,1,1,1,1,1,1,1,1,1,1,1
139,4,4,4,2,3,4,4,2,2,2,,30.0,,2.0,4.0,3.0,3.0,,,,,6.0,1.0,54.0,,,2.0,3.0,4.0,5.0,,,,,,,,15.0,,2.0,,,2.0,1.0,,,5.0,1.0,1.0,1.0,1.0,1.0,1.0,1.0,1.0,1.0,1.0,,,,,,,6,3,3,3,2,4,5,5,3,2,60.0,55.0,55.0,40.0,45.0,50.0,50.0,35.0,30.0,30.0,1,1,2,2,1,2,2,2,1,2,2,1,1,1,2,1,1,1,1,2,2,1,1,1,2,1,2,1,2,1,2,1,2,1,2,1,1,2,1,2
656,5,5,5,5,5,5,5,5,1,1,,30.0,,2.0,4.0,4.0,2.0,,,,6.0,,,,1.0,1.0,,2.0,5.0,5.0,,,,,,,15.0,,1.0,,,4.0,,1.0,,,6.0,1.0,1.0,1.0,1.0,1.0,1.0,1.0,1.0,1.0,1.0,,,,,,,6,3,3,3,1,3,5,5,3,2,80.0,80.0,85.0,90.0,85.0,85.0,90.0,80.0,20.0,20.0,2,1,1,2,1,1,1,1,1,2,1,1,1,2,1,1,1,1,1,1,1,1,1,2,1,1,2,1,1,1,1,1,2,2,1,2,1,2,1,1
725,4,4,5,4,4,5,5,4,2,2,40.0,,,2.0,,,,5.0,4.0,2.0,,6.0,1.0,54.0,,,2.0,2.0,5.0,5.0,,,,,,,15.0,,,1.0,,,3.0,1.0,,,5.0,1.0,1.0,1.0,1.0,1.0,1.0,1.0,1.0,1.0,1.0,,,,,,,6,3,3,3,2,5,5,5,3,2,70.0,70.0,80.0,60.0,60.0,70.0,70.0,60.0,40.0,40.0,1,2,1,1,2,1,1,1,1,1,1,2,1,1,1,2,1,1,2,1,2,1,1,1,1,1,1,2,1,1,1,1,1,2,1,1,1,1,1,1
1970,5,5,5,5,5,5,5,5,2,2,30.0,,5.0,,,,,5.0,4.0,2.0,,6.0,,,1.0,,2.0,,,,2.0,5.0,5.0,,,,,15.0,,2.0,,4.0,,1.0,,5.0,,1.0,1.0,1.0,1.0,1.0,1.0,1.0,1.0,1.0,1.0,,,,,,,6,3,2,2,2,4,5,5,3,2,80.0,75.0,80.0,75.0,70.0,80.0,75.0,70.0,30.0,30.0,2,2,1,1,2,1,1,2,1,1,1,2,1,2,1,1,1,1,2,2,1,1,1,2,1,1,2,1,1,1,2,2,1,2,1,1,2,2,1,1
1803,5,5,5,5,5,5,5,5,2,2,30.0,,,2.0,4.0,3.0,3.0,,,,,6.0,,,1.0,,2.0,,,,,,,4.0,5.0,6.0,,15.0,1.0,,4.0,,,1.0,,,5.0,,,,,,,,,,,1.0,1.0,1.0,1.0,1.0,1.0,6,3,3,3,2,4,4,4,3,2,75.0,75.0,80.0,80.0,75.0,80.0,80.0,75.0,40.0,40.0,1,1,1,1,1,1,1,1,1,1,1,1,1,1,1,1,1,1,1,1,1,1,1,1,1,1,1,1,1,1,1,1,1,1,1,1,1,1,1,1
1297,4,4,4,2,3,2,4,2,4,3,40.0,,4.0,,3.0,4.0,2.0,,,,6.0,,1.0,15.0,,1.0,,,,,,,,2.0,5.0,5.0,5.0,,,2.0,,,3.0,1.0,,,5.0,1.0,1.0,1.0,1.0,1.0,1.0,1.0,1.0,1.0,1.0,,,,,,,6,3,2,2,1,3,6,6,3,2,70.0,65.0,70.0,40.0,50.0,40.0,60.0,30.0,40.0,50.0,2,1,1,2,1,1,2,1,2,1,2,2,2,1,1,2,1,1,1,2,1,1,1,1,2,1,1,2,1,2,1,2,1,2,1,2,1,1,2,1
1071,5,5,5,5,5,5,5,4,2,2,30.0,,4.0,,,,,5.0,4.0,2.0,,6.0,,,1.0,1.0,,4.0,5.0,5.0,,,,,,,15.0,,1.0,,,3.0,,1.0,,5.0,,,,,,,,,,,,1.0,1.0,1.0,1.0,1.0,1.0,6,3,3,3,1,3,5,5,3,2,80.0,75.0,80.0,85.0,80.0,80.0,85.0,70.0,40.0,40.0,1,1,1,1,1,1,1,1,2,2,1,1,1,1,1,1,1,1,1,2,2,1,2,1,1,1,2,1,1,1,1,2,1,1,1,1,1,1,1,2
1102,5,5,5,5,5,5,5,5,1,1,,30.0,6.0,,4.0,3.0,5.0,,,,6.0,,,,1.0,1.0,,,,,,,,5.0,5.0,5.0,15.0,,,1.0,4.0,,,2.0,,,5.0,1.0,1.0,1.0,1.0,1.0,1.0,1.0,1.0,1.0,1.0,,,,,,,6,3,3,3,1,5,6,6,3,2,80.0,75.0,85.0,80.0,75.0,80.0,85.0,70.0,30.0,30.0,1,2,1,1,2,2,2,2,2,1,1,2,2,1,2,2,2,1,2,2,2,1,2,1,1,2,1,1,1,1,1,2,1,2,1,2,1,1,1,2
697,5,5,5,5,5,5,5,5,1,1,,30.0,5.0,,4.0,4.0,3.0,,,,6.0,,,,1.0,1.0,,,,,,,,5.0,5.0,6.0,15.0,,1.0,,,5.0,,1.0,,5.0,,,,,,,,,,,,1.0,1.0,1.0,1.0,1.0,1.0,6,3,3,3,2,3,4,4,3,2,75.0,75.0,80.0,85.0,80.0,85.0,85.0,80.0,20.0,20.0,1,1,2,2,1,2,1,1,2,1,2,1,1,1,1,1,1,1,1,1,1,1,2,1,1,1,1,2,1,1,2,1,2,2,1,1,2,1,1,1
471,5,5,5,5,5,5,5,4,2,2,40.0,,,2.0,,,,5.0,4.0,2.0,6.0,,1.0,54.0,,1.0,,4.0,5.0,5.0,,,,,,,,10.0,,1.0,,,3.0,2.0,,5.0,,1.0,1.0,1.0,1.0,1.0,1.0,1.0,1.0,1.0,1.0,,,,,,,6,2,3,3,1,4,5,5,3,2,75.0,70.0,80.0,75.0,70.0,75.0,80.0,60.0,40.0,40.0,1,1,1,1,1,2,1,1,1,2,1,2,2,2,1,1,1,1,1,1,1,1,1,1,1,1,1,1,1,2,1,2,1,2,2,1,1,1,2,1
502,4,4,4,4,4,4,4,4,2,2,35.0,,4.0,,3.0,3.0,3.0,,,,6.0,,1.0,15.0,,1.0,,,,,,,,4.0,5.0,5.0,15.0,,1.0,,,4.0,,1.0,,,5.0,1.0,1.0,1.0,1.0,1.0,1.0,1.0,1.0,1.0,1.0,,,,,,,5,2,2,2,2,4,4,4,3,2,65.0,65.0,65.0,65.0,65.0,65.0,65.0,65.0,35.0,35.0,1,1,2,1,1,2,1,1,2,1,1,2,1,1,1,1,1,1,1,1,1,1,1,1,1,1,1,1,1,1,1,1,1,1,1,1,1,1,1,1
1905,4,4,4,3,3,4,4,3,2,2,40.0,,4.0,,,,,5.0,5.0,2.0,,6.0,,,1.0,1.0,,4.0,5.0,5.0,,,,,,,15.0,,1.0,,5.0,,,,1.0,5.0,,,,,,,,,,,,1.0,1.0,1.0,1.0,1.0,1.0,6,3,3,3,3,5,5,5,3,2,60.0,60.0,60.0,50.0,50.0,60.0,60.0,40.0,30.0,30.0,1,1,2,1,2,2,1,1,2,1,1,1,1,1,2,1,1,1,1,2,1,2,1,1,1,1,1,2,2,1,1,2,1,1,1,2,1,2,1,1
1876,5,5,5,5,5,5,5,5,1,1,,30.0,,5.0,3.0,4.0,2.0,,,,6.0,,1.0,54.0,,1.0,,,,,,,,4.0,5.0,5.0,15.0,,,1.0,5.0,,,2.0,,5.0,,,,,,,,,,,,1.0,1.0,1.0,1.0,1.0,1.0,6,3,3,3,2,5,6,6,3,2,85.0,80.0,90.0,85.0,80.0,85.0,90.0,80.0,20.0,20.0,1,1,1,1,1,1,1,1,1,1,1,1,1,1,1,1,1,1,1,1,1,1,1,1,1,1,1,1,1,1,1,1,1,1,1,1,1,1,1,1
1004,5,5,5,5,5,5,5,5,1,1,30.0,,5.0,,3.0,4.0,2.0,,,,,6.0,,,1.0,,2.0,,,,,,,4.0,5.0,6.0,,15.0,,1.0,5.0,,,,1.0,5.0,,1.0,1.0,1.0,1.0,1.0,1.0,1.0,1.0,1.0,1.0,,,,,,,6,3,3,3,1,4,5,5,3,2,75.0,70.0,80.0,85.0,80.0,75.0,85.0,70.0,20.0,20.0,1,1,2,1,1,1,2,1,1,1,2,1,1,1,2,1,1,2,1,1,2,1,1,1,2,1,1,2,2,1,1,2,1,1,1,2,2,1,2,1
1177,4,4,4,2,3,3,4,2,3,2,30.0,,4.0,,5.0,4.0,2.0,,,,,6.0,,,1.0,,2.0,,,,,,,1.0,5.0,5.0,15.0,,,2.0,4.0,,,1.0,,,5.0,1.0,1.0,1.0,1.0,1.0,1.0,1.0,1.0,1.0,1.0,,,,,,,6,2,3,3,2,4,5,5,3,2,60.0,55.0,55.0,30.0,40.0,40.0,50.0,30.0,40.0,30.0,2,2,1,1,1,2,2,1,1,1,1,1,2,2,2,2,1,2,2,2,2,1,1,1,2,1,2,1,1,2,2,1,2,2,2,1,1,1,1,1
1618,5,5,5,5,5,5,5,5,1,1,30.0,,5.0,,,,,4.0,4.0,2.0,6.0,,,,1.0,1.0,,,,,,,,5.0,5.0,6.0,15.0,,,1.0,,,3.0,2.0,,5.0,,1.0,1.0,1.0,1.0,1.0,1.0,1.0,1.0,1.0,1.0,,,,,,,6,3,3,3,2,5,6,6,3,2,80.0,80.0,85.0,85.0,80.0,85.0,85.0,80.0,20.0,20.0,1,1,1,1,1,1,1,1,1,1,1,1,1,1,1,1,1,1,1,1,1,1,1,1,1,1,1,1,1,1,1,1,1,1,1,1,1,1,1,1
1391,5,5,5,2,3,5,5,2,1,1,,30.0,6.0,,,,,5.0,4.0,2.0,,6.0,,,1.0,1.0,,,,,,,,1.0,5.0,5.0,2.0,,1.0,,,,3.0,,1.0,5.0,,1.0,1.0,1.0,1.0,1.0,1.0,1.0,1.0,1.0,1.0,,,,,,,6,3,2,2,1,4,5,5,3,2,70.0,70.0,75.0,40.0,50.0,70.0,70.0,40.0,20.0,20.0,1,1,2,2,1,1,1,2,1,1,1,1,1,1,1,1,1,1,1,1,1,1,1,1,1,1,1,1,1,1,1,1,1,1,1,1,1,1,1,1
404,4,4,4,2,3,4,4,2,1,2,35.0,,,2.0,,,,5.0,4.0,2.0,,6.0,,,1.0,,2.0,,,,2.0,5.0,5.0,,,,,15.0,,2.0,,5.0,,,1.0,,5.0,,,,,,,,,,,1.0,1.0,1.0,1.0,1.0,1.0,6,3,3,3,3,5,6,6,3,2,65.0,65.0,65.0,40.0,40.0,50.0,60.0,30.0,20.0,30.0,1,1,2,1,1,2,2,1,1,2,2,1,2,1,1,2,1,2,1,2,2,2,1,1,2,1,1,2,1,1,1,1,1,2,1,1,2,1,1,1
577,5,5,5,5,5,5,5,4,2,2,,30.0,4.0,,5.0,4.0,5.0,,,,6.0,,,,1.0,1.0,,,,,5.0,5.0,5.0,,,,15.0,,,1.0,3.0,,,1.0,,5.0,,1.0,1.0,1.0,1.0,1.0,1.0,1.0,1.0,1.0,1.0,,,,,,,6,3,3,3,2,4,5,5,3,2,80.0,75.0,80.0,85.0,80.0,85.0,90.0,70.0,40.0,40.0,1,1,1,1,2,1,2,1,1,1,2,1,1,1,1,2,2,1,1,1,1,1,1,1,1,2,1,1,1,2,1,1,2,1,1,2,1,1,1,2
218,4,4,4,3,3,3,4,3,2,2,,30.0,4.0,,,,,5.0,4.0,2.0,,6.0,,,1.0,,2.0,4.0,5.0,5.0,,,,,,,15.0,,,2.0,,7.0,,1.0,,,5.0,1.0,1.0,1.0,1.0,1.0,1.0,1.0,1.0,1.0,1.0,,,,,,,6,3,3,3,2,4,4,4,3,2,60.0,55.0,55.0,40.0,40.0,40.0,50.0,35.0,30.0,30.0,1,1,2,1,2,1,1,2,1,2,1,1,1,2,1,2,2,1,2,1,1,1,1,1,1,2,1,1,1,1,1,2,2,1,1,2,2,1,1,1
791,4,4,4,1,1,1,4,1,4,1,30.0,,,2.0,5.0,4.0,2.0,,,,6.0,,1.0,54.0,,1.0,,,,,1.0,5.0,5.0,,,,3.0,,1.0,,3.0,,,,1.0,,5.0,1.0,1.0,1.0,1.0,1.0,1.0,1.0,1.0,1.0,1.0,,,,,,,6,3,3,3,2,5,6,6,3,2,65.0,60.0,60.0,20.0,20.0,20.0,60.0,20.0,60.0,20.0,2,1,2,2,1,2,2,2,2,1,1,1,1,2,1,2,2,1,2,1,1,1,1,2,2,1,2,1,1,1,2,1,2,2,1,2,2,1,1,1
1223,5,5,5,5,5,5,5,5,1,1,,30.0,,5.0,,,,4.0,5.0,2.0,6.0,,,,1.0,1.0,,,,,,,,2.0,5.0,5.0,,15.0,,1.0,,6.0,,,1.0,5.0,,1.0,1.0,1.0,1.0,1.0,1.0,1.0,1.0,1.0,1.0,,,,,,,6,3,3,3,2,5,6,6,3,2,80.0,75.0,80.0,75.0,70.0,75.0,80.0,70.0,20.0,20.0,1,1,2,2,1,1,2,1,1,2,1,1,1,1,1,1,1,1,1,1,1,1,1,1,1,1,1,1,1,1,1,1,1,1,1,1,1,1,1,1
1350,5,5,5,5,5,5,5,5,2,2,30.0,,5.0,,4.0,3.0,3.0,,,,,6.0,1.0,54.0,,1.0,,,,,,,,5.0,5.0,6.0,15.0,,,1.0,,,3.0,,1.0,,6.0,1.0,1.0,1.0,1.0,1.0,1.0,1.0,1.0,1.0,1.0,,,,,,,6,3,2,3,2,5,6,6,3,2,75.0,75.0,80.0,80.0,75.0,80.0,80.0,75.0,40.0,40.0,1,1,2,1,2,1,1,1,1,1,2,1,2,1,2,1,2,1,1,1,1,1,1,1,1,2,1,1,1,1,1,1,1,1,1,1,1,1,1,1
623,4,4,4,2,3,3,4,2,2,2,30.0,,,2.0,5.0,3.0,3.0,,,,6.0,,,,1.0,,2.0,,,,2.0,5.0,5.0,,,,,5.0,1.0,,,,3.0,2.0,,5.0,,,,,,,,,,,,1.0,1.0,1.0,1.0,1.0,1.0,6,3,3,3,1,4,5,5,3,2,60.0,55.0,55.0,40.0,45.0,45.0,50.0,35.0,30.0,30.0,2,2,2,2,1,1,2,1,1,1,2,1,2,1,2,1,1,2,2,1,1,1,1,1,1,1,2,2,2,2,2,2,2,1,2,2,2,1,2,1
750,5,5,5,5,5,5,5,5,1,1,,30.0,5.0,,4.0,3.0,3.0,,,,,6.0,1.0,54.0,,,2.0,,,,,,,4.0,5.0,5.0,,15.0,,1.0,5.0,,,,1.0,,5.0,1.0,1.0,1.0,1.0,1.0,1.0,1.0,1.0,1.0,1.0,,,,,,,6,3,3,3,2,5,5,5,3,2,75.0,70.0,80.0,85.0,80.0,85.0,90.0,80.0,20.0,20.0,1,2,1,2,2,1,2,2,1,1,2,2,1,1,2,1,2,2,1,1,2,1,2,1,1,1,2,2,2,2,1,2,2,2,2,2,2,1,2,1
1934,5,5,5,5,5,5,5,4,2,3,30.0,,,2.0,5.0,4.0,3.0,,,,,6.0,1.0,54.0,,1.0,,4.0,5.0,5.0,,,,,,,15.0,,1.0,,,,3.0,1.0,,,5.0,,,,,,,,,,,1.0,1.0,1.0,1.0,1.0,1.0,6,3,2,2,2,5,6,6,3,2,85.0,80.0,85.0,80.0,75.0,80.0,85.0,70.0,40.0,50.0,1,2,1,1,2,1,1,2,2,2,2,2,1,1,1,1,1,2,2,1,1,2,1,2,2,1,2,1,1,2,2,1,2,1,2,2,1,2,2,2
1847,4,4,4,4,4,4,4,4,2,2,,30.0,5.0,,,,,5.0,5.0,2.0,6.0,,,,1.0,1.0,,,,,4.0,5.0,6.0,,,,5.0,,,2.0,,,3.0,,1.0,,5.0,1.0,1.0,1.0,1.0,1.0,1.0,1.0,1.0,1.0,1.0,,,,,,,6,3,3,3,2,3,5,5,3,2,70.0,70.0,70.0,70.0,70.0,70.0,70.0,70.0,30.0,30.0,1,1,2,1,2,1,2,1,2,2,1,2,1,1,1,1,2,1,2,1,1,1,2,2,1,1,1,2,1,1,2,1,2,1,2,1,1,1,2,2
435,4,4,5,3,4,4,5,3,2,2,,35.0,5.0,,3.0,4.0,5.0,,,,,6.0,1.0,54.0,,1.0,,4.0,5.0,5.0,,,,,,,15.0,,,1.0,4.0,,,,1.0,,5.0,1.0,1.0,1.0,1.0,1.0,1.0,1.0,1.0,1.0,1.0,,,,,,,6,3,2,3,2,4,5,5,3,2,65.0,60.0,70.0,50.0,55.0,60.0,65.0,50.0,40.0,40.0,1,1,2,2,1,1,1,2,2,1,2,1,2,1,2,1,1,2,1,2,2,1,1,2,2,1,2,2,1,1,2,1,1,2,1,1,2,2,1,1
546,4,4,4,2,4,4,4,2,2,2,,30.0,,2.0,4.0,3.0,3.0,,,,6.0,,,,1.0,1.0,,,,,5.0,5.0,6.0,,,,,15.0,1.0,,4.0,,,1.0,,,5.0,,,,,,,,,,,1.0,1.0,1.0,1.0,1.0,1.0,6,3,3,3,3,4,5,5,3,2,65.0,65.0,65.0,40.0,40.0,50.0,50.0,30.0,30.0,30.0,2,1,1,1,1,2,2,1,2,2,1,1,1,1,1,1,1,1,1,1,1,1,1,1,1,1,1,1,1,1,1,1,1,1,1,1,1,1,1,1
229,5,5,5,5,5,5,5,5,2,2,40.0,,,2.0,,,,5.0,4.0,2.0,6.0,,,,1.0,,2.0,4.0,5.0,5.0,,,,,,,,10.0,,1.0,5.0,,,,1.0,5.0,,1.0,1.0,1.0,1.0,1.0,1.0,1.0,1.0,1.0,1.0,,,,,,,6,3,3,3,1,3,5,5,3,2,80.0,75.0,85.0,90.0,85.0,80.0,85.0,75.0,40.0,40.0,1,1,1,1,2,1,2,1,1,1,2,1,1,1,1,1,1,1,2,1,1,1,2,1,1,1,1,1,1,1,1,1,1,1,1,1,1,1,1,1
1035,5,5,5,2,3,5,5,2,1,2,,30.0,,2.0,4.0,3.0,3.0,,,,6.0,,1.0,54.0,,,2.0,,,,,,,2.0,5.0,5.0,,15.0,1.0,,,4.0,,1.0,,5.0,,,,,,,,,,,,1.0,1.0,1.0,1.0,1.0,1.0,6,3,3,3,2,4,5,5,3,2,70.0,70.0,75.0,40.0,50.0,70.0,70.0,40.0,20.0,30.0,1,1,1,1,1,1,2,1,1,1,1,1,1,1,1,1,1,1,1,1,2,1,2,1,1,2,1,1,1,1,1,1,1,1,1,1,1,1,1,1
1146,4,4,4,4,4,4,4,3,2,2,40.0,,4.0,,4.0,3.0,3.0,,,,6.0,,,,1.0,1.0,,3.0,4.0,5.0,,,,,,,,10.0,,1.0,3.0,,,2.0,,,5.0,,,,,,,,,,,1.0,1.0,1.0,1.0,1.0,1.0,6,3,3,3,2,4,5,5,3,2,60.0,55.0,55.0,50.0,50.0,50.0,50.0,40.0,30.0,30.0,1,2,1,1,2,2,1,2,1,1,1,2,1,2,1,2,1,1,2,1,1,2,1,1,2,1,2,1,2,1,1,2,1,1,1,2,1,2,2,2
1629,5,4,5,5,5,5,5,5,2,2,35.0,,,2.0,,,,4.0,3.0,2.0,6.0,,,,1.0,1.0,,4.0,5.0,5.0,,,,,,,,15.0,,1.0,,,3.0,,1.0,5.0,,1.0,1.0,1.0,1.0,1.0,1.0,1.0,1.0,1.0,1.0,,,,,,,6,2,3,3,2,5,6,6,3,2,75.0,70.0,80.0,85.0,80.0,85.0,90.0,80.0,40.0,40.0,1,1,1,1,1,1,1,1,1,1,1,1,1,1,1,1,1,1,1,1,1,1,1,1,1,1,1,1,1,1,1,1,1,1,1,1,1,1,1,1
1886,4,4,5,2,3,4,4,2,2,2,30.0,,,5.0,,,,5.0,4.0,2.0,6.0,,,,1.0,,2.0,2.0,4.0,5.0,,,,,,,,10.0,,2.0,,6.0,,1.0,,4.0,,1.0,1.0,1.0,1.0,1.0,1.0,1.0,1.0,1.0,1.0,,,,,,,6,2,3,3,2,4,5,5,3,2,60.0,55.0,65.0,30.0,40.0,50.0,45.0,25.0,20.0,20.0,1,1,2,2,1,1,1,1,1,1,1,1,1,1,1,1,1,2,1,2,1,1,1,1,2,1,2,2,1,1,2,1,1,2,1,1,1,2,1,1
612,5,5,5,4,4,5,5,4,2,3,,30.0,5.0,,,,,5.0,4.0,2.0,,6.0,,,1.0,,2.0,2.0,5.0,5.0,,,,,,,,15.0,,2.0,5.0,,,1.0,,5.0,,1.0,1.0,1.0,1.0,1.0,1.0,1.0,1.0,1.0,1.0,,,,,,,6,3,3,3,1,4,5,5,3,2,70.0,65.0,75.0,50.0,55.0,70.0,70.0,50.0,40.0,45.0,1,1,1,1,1,1,1,1,1,1,1,1,1,1,1,1,1,1,2,1,1,1,1,1,1,1,1,1,1,1,1,1,1,1,1,1,1,2,1,2
761,5,5,5,5,5,5,5,5,2,2,30.0,,,2.0,3.0,4.0,4.0,,,,,6.0,,,1.0,,2.0,,,,,,,1.0,5.0,5.0,,15.0,1.0,,,,3.0,,1.0,,5.0,,,,,,,,,,,1.0,1.0,1.0,1.0,1.0,1.0,6,2,3,3,1,5,6,6,3,2,75.0,70.0,80.0,85.0,80.0,75.0,80.0,70.0,40.0,40.0,1,1,1,2,2,1,2,1,1,2,1,1,1,1,1,2,1,2,1,2,1,1,2,1,1,1,2,2,1,1,1,2,1,1,2,2,1,2,1,1
587,4,4,4,4,4,4,4,3,2,2,,30.0,5.0,,5.0,4.0,3.0,,,,,6.0,1.0,54.0,,1.0,,,,,4.0,5.0,5.0,,,,,15.0,,1.0,4.0,,,,1.0,,5.0,1.0,1.0,1.0,1.0,1.0,1.0,1.0,1.0,1.0,1.0,,,,,,,6,3,3,3,2,4,5,5,3,2,60.0,55.0,55.0,50.0,50.0,50.0,50.0,40.0,30.0,30.0,2,2,2,1,1,1,2,2,2,1,1,1,1,1,1,1,2,1,1,2,1,2,1,1,1,1,1,2,1,2,1,2,1,2,2,2,1,1,2,1
1212,4,4,4,2,3,4,4,2,1,2,,30.0,5.0,,,,,5.0,4.0,2.0,6.0,,1.0,54.0,,1.0,,,,,4.0,5.0,5.0,,,,,15.0,1.0,,,,3.0,,1.0,,5.0,,,,,,,,,,,1.0,1.0,1.0,1.0,1.0,1.0,6,3,3,3,3,5,6,6,3,2,65.0,60.0,65.0,40.0,50.0,60.0,60.0,40.0,30.0,30.0,1,1,2,2,2,1,2,1,1,1,1,1,1,1,1,1,1,1,1,1,1,1,1,1,1,1,1,1,2,2,1,2,1,1,2,1,1,2,2,1
1361,4,4,4,4,4,4,4,4,2,2,40.0,,,2.0,4.0,3.0,2.0,,,,,6.0,1.0,20.0,,1.0,,4.0,5.0,6.0,,,,,,,15.0,,1.0,,,,3.0,2.0,,5.0,,,,,,,,,,,,1.0,1.0,1.0,1.0,1.0,1.0,6,3,3,3,2,5,6,6,3,2,70.0,70.0,70.0,70.0,70.0,70.0,70.0,70.0,30.0,30.0,1,1,1,1,1,1,1,1,1,1,1,1,1,1,1,2,1,1,1,1,1,1,1,1,1,1,1,1,1,1,1,1,1,1,1,1,1,1,1,1
1187,5,5,5,5,5,5,5,5,2,2,30.0,,4.0,,5.0,4.0,5.0,,,,,6.0,,,1.0,,2.0,,,,,,,4.0,5.0,6.0,,15.0,1.0,,,,3.0,2.0,,,5.0,1.0,1.0,1.0,1.0,1.0,1.0,1.0,1.0,1.0,1.0,,,,,,,6,2,2,2,1,4,6,6,3,2,75.0,70.0,80.0,75.0,70.0,75.0,80.0,70.0,40.0,40.0,1,1,1,1,1,1,1,1,1,1,1,1,1,1,1,1,1,1,1,1,1,1,1,1,1,1,1,1,1,1,1,1,1,1,1,1,1,1,1,1
1980,5,5,5,5,5,5,5,5,2,2,30.0,,,2.0,,,,5.0,4.0,2.0,6.0,,1.0,15.0,,,2.0,4.0,5.0,5.0,,,,,,,15.0,,,1.0,,,3.0,2.0,,,5.0,,,,,,,,,,,1.0,1.0,1.0,1.0,1.0,1.0,6,3,3,3,3,4,5,5,3,2,75.0,70.0,80.0,75.0,70.0,75.0,80.0,70.0,40.0,40.0,1,1,2,1,1,2,1,1,1,1,1,2,1,1,2,1,1,1,2,2,1,1,2,1,2,1,1,1,1,2,1,1,1,2,1,1,1,1,2,2
809,5,5,5,4,4,5,5,4,2,3,,30.0,5.0,,4.0,5.0,3.0,,,,,6.0,,,1.0,1.0,,,,,5.0,5.0,6.0,,,,15.0,,1.0,,4.0,,,2.0,,,5.0,,,,,,,,,,,1.0,1.0,1.0,1.0,1.0,1.0,6,3,3,3,2,5,6,6,3,2,75.0,70.0,80.0,60.0,55.0,75.0,70.0,50.0,40.0,45.0,1,2,1,2,1,1,1,2,1,2,1,2,1,2,1,2,2,1,2,2,1,1,1,1,1,1,1,1,2,2,1,1,2,1,2,1,1,1,1,1
108,5,5,5,4,4,5,5,4,2,2,40.0,,,2.0,,,,4.0,3.0,2.0,,6.0,1.0,54.0,,,2.0,,,,4.0,5.0,5.0,,,,15.0,,1.0,,,,3.0,,1.0,5.0,,1.0,1.0,1.0,1.0,1.0,1.0,1.0,1.0,1.0,1.0,,,,,,,6,3,2,3,1,4,5,5,3,2,75.0,75.0,80.0,65.0,65.0,80.0,80.0,60.0,40.0,40.0,1,1,1,1,2,1,1,2,2,1,1,1,2,2,1,2,1,1,1,1,1,1,1,1,2,1,2,1,1,2,1,1,2,1,1,1,1,1,1,1
481,4,4,4,2,3,4,4,2,2,2,40.0,,,2.0,,,,5.0,4.0,2.0,6.0,,,,1.0,,2.0,2.0,5.0,5.0,,,,,,,15.0,,1.0,,,,3.0,,1.0,5.0,,,,,,,,,,,,1.0,1.0,1.0,1.0,1.0,1.0,6,3,2,3,2,5,5,5,3,2,65.0,65.0,65.0,40.0,40.0,60.0,60.0,40.0,40.0,40.0,1,2,1,1,1,1,1,1,1,2,1,2,2,1,2,2,1,1,1,2,2,1,2,1,1,1,1,1,2,1,1,1,2,1,1,1,1,1,2,2
667,5,5,5,4,4,5,5,4,2,3,30.0,,,2.0,,,,5.0,4.0,2.0,,6.0,1.0,54.0,,1.0,,3.0,5.0,5.0,,,,,,,15.0,,,2.0,4.0,,,,1.0,,5.0,,,,,,,,,,,1.0,1.0,1.0,1.0,1.0,1.0,6,3,2,2,2,5,6,6,3,2,70.0,65.0,75.0,40.0,45.0,70.0,70.0,50.0,30.0,40.0,2,1,1,1,2,2,1,1,2,2,1,1,1,2,2,2,1,1,1,2,2,1,2,1,2,2,1,1,2,1,1,2,2,1,1,1,1,1,1,2
714,5,5,5,5,5,5,5,5,2,2,30.0,,,4.0,5.0,4.0,5.0,,,,6.0,,1.0,54.0,,1.0,,4.0,5.0,5.0,,,,,,,15.0,,,1.0,5.0,,,1.0,,,5.0,1.0,1.0,1.0,1.0,1.0,1.0,1.0,1.0,1.0,1.0,,,,,,,6,3,3,3,2,4,5,5,3,2,75.0,70.0,80.0,75.0,70.0,75.0,80.0,70.0,40.0,40.0,1,1,1,1,1,1,1,1,1,1,1,1,1,1,1,1,1,1,1,1,1,1,1,1,1,1,1,1,1,1,1,1,1,1,1,1,1,1,1,1
1508,4,4,4,3,3,4,4,3,2,2,40.0,,4.0,,,,,5.0,5.0,2.0,6.0,,1.0,54.0,,1.0,,2.0,4.0,5.0,,,,,,,,15.0,,1.0,,5.0,,1.0,,5.0,,,,,,,,,,,,1.0,1.0,1.0,1.0,1.0,1.0,6,3,3,3,2,4,5,5,3,2,65.0,65.0,65.0,50.0,50.0,65.0,65.0,50.0,35.0,35.0,1,2,1,1,1,2,1,1,1,1,1,2,1,1,1,2,1,2,1,1,2,1,1,2,1,1,2,1,1,1,2,1,1,1,1,2,1,1,1,1
1081,5,5,5,5,5,5,5,5,2,2,30.0,,,2.0,,,,5.0,4.0,2.0,,6.0,,,1.0,,2.0,,,,1.0,5.0,5.0,,,,15.0,,1.0,,,,3.0,2.0,,5.0,,,,,,,,,,,,1.0,1.0,1.0,1.0,1.0,1.0,6,3,2,2,2,5,6,6,3,2,85.0,80.0,85.0,80.0,75.0,80.0,85.0,75.0,30.0,30.0,2,1,2,1,2,1,1,2,1,1,2,1,2,2,1,1,1,1,1,2,1,2,1,2,1,1,2,2,1,1,1,2,2,1,1,1,2,1,1,2
1267,4,4,4,4,4,4,4,4,2,2,,30.0,,2.0,3.0,3.0,2.0,,,,,6.0,,,1.0,,2.0,2.0,5.0,5.0,,,,,,,10.0,,1.0,,4.0,,,,1.0,,5.0,1.0,1.0,1.0,1.0,1.0,1.0,1.0,1.0,1.0,1.0,,,,,,,6,3,3,3,1,3,5,5,3,2,60.0,60.0,60.0,60.0,60.0,60.0,60.0,60.0,40.0,40.0,1,2,2,1,2,1,1,2,1,2,2,1,1,2,2,1,2,2,1,1,2,1,1,2,1,1,2,1,2,2,2,1,2,2,2,1,1,1,2,1
1314,5,5,5,4,4,4,5,4,2,2,,30.0,4.0,,5.0,4.0,6.0,,,,,6.0,1.0,54.0,,1.0,,4.0,5.0,5.0,,,,,,,15.0,,1.0,,,4.0,,,1.0,,5.0,,,,,,,,,,,1.0,1.0,1.0,1.0,1.0,1.0,6,3,2,2,2,4,5,5,3,2,70.0,65.0,70.0,50.0,50.0,50.0,70.0,50.0,30.0,30.0,1,2,2,1,1,2,2,1,1,2,2,1,2,1,2,1,2,1,1,2,2,1,1,1,1,2,1,2,2,1,1,1,2,2,2,1,1,1,1,2
1941,4,4,4,3,3,4,4,2,2,2,,30.0,,2.0,5.0,3.0,3.0,,,,,6.0,1.0,54.0,,1.0,,2.0,4.0,5.0,,,,,,,15.0,,1.0,,4.0,,,,1.0,,5.0,,,,,,,,,,,1.0,1.0,1.0,1.0,1.0,1.0,6,3,2,2,1,3,5,5,3,2,60.0,55.0,60.0,40.0,40.0,55.0,50.0,30.0,30.0,30.0,1,2,1,1,1,2,2,1,1,1,1,2,2,2,1,1,2,2,1,1,2,1,1,1,2,2,1,1,2,1,2,2,1,1,1,1,1,1,2,1
1832,5,5,5,4,4,5,5,4,2,2,40.0,,5.0,,,,,5.0,4.0,2.0,,6.0,1.0,54.0,,1.0,,3.0,5.0,5.0,,,,,,,15.0,,,1.0,4.0,,,1.0,,5.0,,,,,,,,,,,,1.0,1.0,1.0,1.0,1.0,1.0,6,3,3,3,2,4,5,5,3,2,75.0,70.0,80.0,60.0,55.0,70.0,65.0,50.0,40.0,45.0,1,1,1,1,1,1,1,1,1,1,1,1,1,1,1,1,1,1,1,1,1,1,1,1,1,1,1,1,1,1,1,1,1,1,1,1,1,1,1,1
440,5,5,5,5,5,5,5,4,2,2,30.0,,,2.0,,,,5.0,4.0,2.0,6.0,,1.0,54.0,,,2.0,2.0,5.0,5.0,,,,,,,18.0,,,1.0,,,3.0,,1.0,,5.0,1.0,1.0,1.0,1.0,1.0,1.0,1.0,1.0,1.0,1.0,,,,,,,6,3,3,3,1,4,5,5,3,2,80.0,75.0,80.0,70.0,65.0,70.0,75.0,60.0,40.0,40.0,1,1,1,1,2,1,1,1,2,2,2,2,1,1,1,2,2,1,1,2,2,1,2,1,1,2,2,1,1,1,1,1,2,1,2,1,1,2,2,1
533,5,5,5,5,5,5,5,5,1,1,40.0,,,5.0,4.0,4.0,3.0,,,,,6.0,,,1.0,1.0,,,,,5.0,5.0,6.0,,,,,15.0,,1.0,,,3.0,,1.0,6.0,,1.0,1.0,1.0,1.0,1.0,1.0,1.0,1.0,1.0,1.0,,,,,,,6,3,3,3,2,5,6,6,3,2,75.0,75.0,80.0,80.0,75.0,75.0,80.0,75.0,25.0,25.0,1,1,1,2,1,2,2,2,1,1,1,1,2,1,1,1,1,1,2,1,1,1,1,1,1,1,1,1,2,1,1,1,1,1,1,1,1,1,1,1
1040,5,5,5,5,5,5,5,5,1,1,,10.0,6.0,,,,,5.0,4.0,2.0,,6.0,,,1.0,,2.0,,,,5.0,5.0,6.0,,,,,15.0,1.0,,4.0,,,2.0,,,6.0,1.0,1.0,1.0,1.0,1.0,1.0,1.0,1.0,1.0,1.0,,,,,,,6,3,3,3,2,5,6,6,3,2,85.0,80.0,85.0,80.0,75.0,85.0,90.0,70.0,20.0,20.0,1,1,2,2,1,2,1,1,1,1,2,1,2,1,1,2,1,1,1,1,1,1,1,2,2,1,1,2,1,1,1,2,2,1,1,2,1,1,1,2
1133,5,5,5,5,5,5,5,5,1,1,30.0,,5.0,,4.0,4.0,3.0,,,,,6.0,,,1.0,1.0,,,,,,,,4.0,5.0,6.0,,15.0,1.0,,,,3.0,,1.0,,5.0,,,,,,,,,,,1.0,1.0,1.0,1.0,1.0,1.0,6,3,2,3,2,4,5,5,4,2,75.0,75.0,80.0,70.0,70.0,75.0,80.0,70.0,30.0,30.0,2,1,2,2,2,1,1,1,1,1,1,1,1,2,2,2,2,2,1,2,2,1,1,2,2,2,2,2,2,1,2,2,1,1,1,2,2,2,1,1
102,5,5,5,4,4,5,5,4,2,2,40.0,,4.0,,3.0,4.0,5.0,,,,6.0,,,,1.0,1.0,,4.0,5.0,5.0,,,,,,,,8.0,1.0,,,4.0,,2.0,,,5.0,,,,,,,,,,,1.0,1.0,1.0,1.0,1.0,1.0,6,3,3,3,1,4,5,5,3,2,75.0,70.0,80.0,50.0,50.0,75.0,75.0,50.0,30.0,30.0,1,1,1,1,2,1,1,1,1,1,2,1,1,2,1,1,1,2,1,1,1,1,1,1,1,1,1,2,1,1,1,1,1,1,2,2,2,1,1,1
297,4,4,4,2,3,4,4,2,2,2,,30.0,2.0,,3.0,3.0,4.0,,,,,6.0,,,1.0,1.0,,2.0,5.0,5.0,,,,,,,15.0,,,2.0,,,3.0,,1.0,,5.0,1.0,1.0,1.0,1.0,1.0,1.0,1.0,1.0,1.0,1.0,,,,,,,6,3,3,3,2,5,6,6,3,2,60.0,55.0,60.0,30.0,40.0,50.0,55.0,25.0,25.0,25.0,2,2,2,2,2,1,1,1,1,1,1,1,2,2,1,1,1,1,2,1,1,1,2,1,1,1,1,1,1,1,1,1,2,2,2,1,1,2,2,1
1471,5,5,5,5,5,5,5,5,1,1,,30.0,,2.0,4.0,3.0,3.0,,,,6.0,,,,1.0,,2.0,2.0,5.0,5.0,,,,,,,,15.0,1.0,,,4.0,,,1.0,,5.0,,,,,,,,,,,1.0,1.0,1.0,1.0,1.0,1.0,6,3,3,3,2,5,5,5,3,2,75.0,75.0,80.0,80.0,75.0,80.0,80.0,70.0,20.0,20.0,1,1,1,2,2,2,1,1,1,2,1,2,1,1,1,2,1,1,1,1,1,2,1,1,1,2,1,2,1,1,1,2,1,2,1,2,1,2,1,1
1502,4,4,4,4,4,4,4,4,2,2,40.0,,,2.0,,,,5.0,5.0,2.0,,6.0,1.0,15.0,,,2.0,2.0,5.0,5.0,,,,,,,,15.0,,1.0,,4.0,,,1.0,5.0,,,,,,,,,,,,1.0,1.0,1.0,1.0,1.0,1.0,6,3,3,3,3,5,5,5,3,2,65.0,65.0,65.0,65.0,65.0,65.0,65.0,65.0,35.0,35.0,1,2,1,1,2,1,2,1,1,1,2,1,1,2,1,1,1,1,2,2,1,1,2,1,1,1,2,1,1,2,1,1,1,1,1,1,2,1,1,1
1697,5,5,5,5,5,5,5,5,1,1,,15.0,5.0,,4.0,3.0,3.0,,,,,6.0,1.0,54.0,,1.0,,,,,,,,4.0,5.0,5.0,15.0,,1.0,,5.0,,,1.0,,5.0,,1.0,1.0,1.0,1.0,1.0,1.0,1.0,1.0,1.0,1.0,,,,,,,6,3,2,3,1,3,5,5,3,2,85.0,80.0,90.0,85.0,80.0,90.0,90.0,85.0,20.0,20.0,1,2,1,2,1,2,1,1,1,1,2,1,1,1,2,1,1,2,1,1,1,1,1,1,1,1,1,1,1,1,1,1,1,1,1,1,1,1,1,1
95,5,5,5,2,3,5,5,2,2,2,,35.0,5.0,,4.0,3.0,3.0,,,,6.0,,1.0,54.0,,,2.0,3.0,5.0,5.0,,,,,,,18.0,,,2.0,,,3.0,1.0,,,5.0,,,,,,,,,,,1.0,1.0,1.0,1.0,1.0,1.0,6,3,2,3,1,5,6,5,3,2,70.0,70.0,75.0,40.0,50.0,70.0,70.0,40.0,40.0,40.0,1,1,2,2,1,1,1,2,1,2,2,1,2,1,2,1,1,2,2,1,1,1,1,1,1,1,2,1,1,1,2,1,2,1,2,1,1,2,1,1
970,5,5,5,5,5,5,5,5,1,1,,30.0,5.0,,,,,5.0,4.0,2.0,,6.0,1.0,54.0,,,2.0,,,,,,,4.0,5.0,6.0,,15.0,1.0,,,4.0,,,1.0,5.0,,,,,,,,,,,,1.0,1.0,1.0,1.0,1.0,1.0,6,3,3,3,3,5,6,6,3,2,75.0,70.0,80.0,85.0,80.0,85.0,90.0,80.0,20.0,20.0,1,2,1,2,1,1,1,2,2,2,2,1,1,1,1,1,1,2,2,1,1,2,1,1,1,1,2,2,2,2,1,2,2,1,1,2,1,2,2,1
803,5,5,5,5,5,5,5,5,2,2,,15.0,5.0,,,,,5.0,4.0,2.0,6.0,,1.0,54.0,,,2.0,,,,,,,4.0,5.0,5.0,,15.0,1.0,,,4.0,,,1.0,,5.0,,,,,,,,,,,1.0,1.0,1.0,1.0,1.0,1.0,6,3,3,3,3,5,6,6,4,2,75.0,70.0,80.0,75.0,70.0,75.0,80.0,70.0,40.0,40.0,1,2,1,1,2,1,1,1,1,2,1,2,1,1,2,1,1,1,1,2,2,1,2,1,2,1,1,2,2,1,1,2,2,2,2,1,1,1,1,1
256,5,5,5,5,5,5,5,5,2,2,30.0,,4.0,,,,,5.0,4.0,2.0,6.0,,1.0,54.0,,1.0,,,,,4.0,5.0,5.0,,,,,15.0,1.0,,,4.0,,,1.0,5.0,,1.0,1.0,1.0,1.0,1.0,1.0,1.0,1.0,1.0,1.0,,,,,,,6,3,3,3,1,5,6,6,3,2,80.0,75.0,85.0,80.0,75.0,80.0,85.0,70.0,40.0,40.0,1,1,1,1,2,1,2,1,2,2,1,1,2,1,2,2,1,2,1,1,1,1,1,1,1,2,2,1,1,1,2,1,1,2,2,1,2,1,1,1
325,5,5,5,2,3,4,5,2,2,2,70.0,,4.0,,,,,5.0,4.0,2.0,,6.0,1.0,54.0,,1.0,,,,,2.0,5.0,5.0,,,,15.0,,1.0,,4.0,,,2.0,,,5.0,,,,,,,,,,,1.0,1.0,1.0,1.0,1.0,1.0,6,3,3,3,3,5,6,6,3,2,75.0,70.0,80.0,40.0,50.0,60.0,70.0,40.0,30.0,30.0,1,1,1,1,1,1,1,1,1,1,1,1,1,1,1,2,1,1,1,1,1,1,1,1,1,1,1,1,1,1,1,1,1,1,2,1,1,1,1,1
539,5,5,5,5,5,5,5,5,1,1,30.0,,,2.0,4.0,3.0,5.0,,,,6.0,,,,1.0,,2.0,,,,5.0,5.0,6.0,,,,15.0,,1.0,,,4.0,,1.0,,6.0,,,,,,,,,,,,1.0,1.0,1.0,1.0,1.0,1.0,6,3,3,3,3,5,6,6,3,2,75.0,75.0,80.0,85.0,80.0,80.0,85.0,75.0,20.0,20.0,1,1,1,1,1,1,1,1,1,1,1,1,1,1,1,1,1,1,1,1,1,1,1,1,1,1,1,1,1,1,1,1,1,1,1,1,1,1,1,1
1656,5,5,5,2,2,5,5,2,1,1,35.0,,,2.0,4.0,3.0,3.0,,,,,6.0,1.0,54.0,,,2.0,,,,,,,2.0,5.0,5.0,,15.0,,1.0,4.0,,,,1.0,,5.0,,,,,,,,,,,1.0,1.0,1.0,1.0,1.0,1.0,6,3,3,3,3,5,6,6,3,2,75.0,70.0,80.0,40.0,40.0,70.0,70.0,40.0,30.0,30.0,2,1,2,1,1,2,1,1,1,2,1,2,2,1,1,2,1,1,2,1,1,2,1,1,2,1,2,1,1,2,1,2,1,1,1,1,1,2,1,2
1725,5,5,5,5,5,5,5,5,2,2,,30.0,4.0,,,,,5.0,4.0,2.0,,6.0,,,1.0,1.0,,,,,,,,5.0,5.0,5.0,,15.0,,1.0,4.0,,,2.0,,5.0,,,,,,,,,,,,1.0,1.0,1.0,1.0,1.0,1.0,6,3,3,3,1,5,6,6,3,2,75.0,70.0,80.0,75.0,70.0,75.0,80.0,70.0,40.0,40.0,1,1,2,2,1,2,1,1,1,2,2,2,1,2,1,1,1,1,2,1,1,1,2,1,1,1,1,1,1,2,1,2,1,1,1,2,1,1,2,1
1139,5,5,5,5,5,5,5,5,1,1,,30.0,5.0,,,,,5.0,4.0,2.0,,6.0,1.0,54.0,,,2.0,4.0,5.0,6.0,,,,,,,10.0,,,2.0,6.0,,,1.0,,,6.0,1.0,1.0,1.0,1.0,1.0,1.0,1.0,1.0,1.0,1.0,,,,,,,7,3,3,3,3,5,6,6,4,2,85.0,85.0,90.0,90.0,85.0,90.0,90.0,80.0,20.0,20.0,1,1,1,1,1,2,1,1,1,2,2,1,2,1,1,1,2,1,1,2,2,1,1,2,1,2,2,2,1,2,1,2,2,2,2,1,2,2,1,2
1838,5,4,5,5,5,5,5,5,2,2,,35.0,,2.0,,,,5.0,4.0,2.0,6.0,,1.0,54.0,,,2.0,,,,,,,4.0,5.0,6.0,,15.0,1.0,,,,3.0,1.0,,5.0,,,,,,,,,,,,1.0,1.0,1.0,1.0,1.0,1.0,6,3,3,3,2,5,5,5,3,2,75.0,70.0,80.0,85.0,80.0,85.0,90.0,80.0,40.0,40.0,1,1,1,1,1,1,1,1,1,1,1,1,1,1,1,2,1,1,1,1,1,1,1,1,2,1,1,1,1,1,1,1,1,1,1,1,1,1,1,1
54,5,5,5,4,4,5,5,4,2,2,,30.0,,2.0,5.0,4.0,3.0,,,,,6.0,,,1.0,,2.0,,,,2.0,5.0,5.0,,,,15.0,,,1.0,,5.0,,2.0,,,5.0,,,,,,,,,,,1.0,1.0,1.0,1.0,1.0,1.0,6,3,3,3,1,3,5,5,3,2,70.0,65.0,70.0,55.0,50.0,65.0,70.0,50.0,40.0,40.0,2,1,1,1,1,1,1,1,1,2,2,1,1,1,2,1,1,1,2,1,2,1,1,2,2,1,2,1,2,1,2,2,1,1,1,2,1,2,2,1
2025,5,5,5,5,5,5,5,5,1,1,30.0,,,2.0,4.0,3.0,3.0,,,,,6.0,1.0,54.0,,1.0,,2.0,5.0,5.0,,,,,,,15.0,,1.0,,,,3.0,2.0,,,5.0,,,,,,,,,,,1.0,1.0,1.0,1.0,1.0,1.0,6,3,2,2,2,5,6,6,4,2,75.0,70.0,80.0,85.0,80.0,75.0,85.0,80.0,20.0,20.0,1,1,2,1,1,1,2,2,1,1,1,2,1,2,2,2,1,1,1,2,1,1,1,1,2,1,1,1,1,2,2,2,1,1,1,2,2,1,1,1
223,5,5,5,5,5,5,5,5,1,1,,30.0,,2.0,5.0,4.0,3.0,,,,,6.0,1.0,54.0,,,2.0,,,,5.0,5.0,5.0,,,,15.0,,1.0,,,,3.0,1.0,,5.0,,1.0,1.0,1.0,1.0,1.0,1.0,1.0,1.0,1.0,1.0,,,,,,,6,3,2,2,2,5,6,6,3,2,75.0,75.0,80.0,75.0,70.0,70.0,75.0,70.0,30.0,30.0,1,1,1,2,1,2,2,1,2,2,2,2,1,2,1,1,1,2,1,2,1,2,2,2,2,1,1,2,2,2,2,1,2,2,1,1,1,1,1,1
350,5,5,5,2,3,5,5,2,2,2,,30.0,5.0,,,,,5.0,4.0,2.0,,6.0,,,1.0,1.0,,,,,,,,2.0,5.0,6.0,15.0,,1.0,,,4.0,,1.0,,,5.0,,,,,,,,,,,1.0,1.0,1.0,1.0,1.0,1.0,6,3,3,3,2,4,5,5,3,2,70.0,70.0,75.0,40.0,50.0,70.0,70.0,40.0,40.0,40.0,2,1,1,1,1,1,2,1,1,1,1,2,1,2,2,2,1,2,2,1,1,1,1,1,1,1,1,1,1,1,1,1,1,1,2,1,2,2,1,1
1623,5,5,5,5,5,5,5,5,2,2,30.0,,,2.0,,,,4.0,4.0,2.0,,6.0,,,1.0,1.0,,,,,,,,5.0,5.0,6.0,,15.0,1.0,,,,3.0,,1.0,5.0,,1.0,1.0,1.0,1.0,1.0,1.0,1.0,1.0,1.0,1.0,,,,,,,6,2,3,3,1,3,5,5,3,2,75.0,75.0,80.0,80.0,75.0,80.0,80.0,75.0,30.0,30.0,1,1,1,1,1,1,2,1,1,1,1,2,2,2,1,2,1,1,2,1,1,1,1,2,2,2,1,1,1,2,2,1,2,2,2,1,1,1,2,1
1750,5,4,5,5,5,5,5,5,2,2,30.0,,5.0,,,,,4.0,4.0,2.0,,6.0,1.0,54.0,,1.0,,,,,,,,4.0,5.0,5.0,,15.0,,1.0,,4.0,,,1.0,5.0,,,,,,,,,,,,1.0,1.0,1.0,1.0,1.0,1.0,6,3,3,3,2,4,4,4,3,2,75.0,70.0,80.0,75.0,70.0,75.0,80.0,70.0,40.0,40.0,1,1,2,1,1,2,1,1,1,2,2,1,1,2,1,2,1,2,1,1,1,1,1,2,1,1,1,1,1,1,1,1,1,1,1,1,1,2,1,1
2050,5,5,5,2,3,5,5,2,1,1,,30.0,6.0,,,,,5.0,4.0,2.0,,6.0,1.0,54.0,,,2.0,,,,,,,2.0,5.0,5.0,,15.0,1.0,,6.0,,,,1.0,,5.0,1.0,1.0,1.0,1.0,1.0,1.0,1.0,1.0,1.0,1.0,,,,,,,6,3,3,3,2,5,6,6,3,2,70.0,70.0,75.0,40.0,50.0,70.0,70.0,40.0,20.0,20.0,1,2,1,1,1,2,2,1,2,1,1,2,1,1,1,1,1,1,1,1,1,1,1,1,1,1,1,1,1,1,1,1,1,1,1,1,1,2,1,1
21,5,5,5,4,4,5,5,4,2,2,35.0,,,5.0,4.0,3.0,3.0,,,,6.0,,1.0,54.0,,1.0,,,,,,,,4.0,5.0,5.0,,15.0,1.0,,,3.0,,2.0,,,5.0,,,,,,,,,,,1.0,1.0,1.0,1.0,1.0,1.0,6,3,3,3,2,4,5,5,3,2,70.0,70.0,75.0,60.0,60.0,75.0,75.0,50.0,40.0,40.0,1,1,1,1,1,2,2,1,2,2,1,1,2,2,1,1,1,2,1,2,1,1,2,1,2,1,2,1,1,2,2,1,2,1,1,1,1,2,1,1
618,5,5,5,5,5,5,5,5,1,1,,30.0,,5.0,4.0,3.0,3.0,,,,6.0,,1.0,54.0,,,2.0,,,,4.0,5.0,5.0,,,,15.0,,1.0,,,4.0,,1.0,,5.0,,1.0,1.0,1.0,1.0,1.0,1.0,1.0,1.0,1.0,1.0,,,,,,,6,2,3,3,1,3,4,4,3,2,75.0,70.0,80.0,85.0,80.0,85.0,90.0,80.0,20.0,15.0,1,1,2,1,1,1,2,1,1,2,1,1,2,2,2,1,1,1,1,2,1,2,1,1,2,1,2,1,2,1,1,1,1,1,2,1,1,1,1,2
391,4,4,4,3,3,4,4,3,2,2,40.0,,5.0,,4.0,4.0,2.0,,,,,6.0,1.0,54.0,,,2.0,,,,4.0,5.0,5.0,,,,,15.0,1.0,,,,3.0,,1.0,,5.0,1.0,1.0,1.0,1.0,1.0,1.0,1.0,1.0,1.0,1.0,,,,,,,6,3,2,2,1,5,6,6,3,2,70.0,70.0,70.0,50.0,50.0,70.0,70.0,50.0,30.0,30.0,1,2,1,2,1,2,2,1,1,2,2,1,1,2,1,2,1,1,1,1,1,1,1,1,1,2,2,2,1,1,1,2,2,1,2,1,2,1,1,2
177,4,4,4,3,4,4,4,3,2,2,,30.0,4.0,,,,,5.0,4.0,2.0,6.0,,,,1.0,1.0,,,,,,,,2.0,5.0,5.0,15.0,,,2.0,4.0,,,,1.0,,5.0,1.0,1.0,1.0,1.0,1.0,1.0,1.0,1.0,1.0,1.0,,,,,,,6,3,3,3,2,4,5,5,3,2,60.0,55.0,60.0,40.0,45.0,50.0,55.0,40.0,30.0,30.0,2,1,1,1,1,2,2,2,1,2,1,2,2,1,1,2,1,1,2,1,2,2,2,2,1,2,1,2,1,2,1,2,1,2,1,2,1,1,1,2
1218,4,5,5,2,3,5,5,2,1,2,70.0,,5.0,,4.0,3.0,3.0,,,,6.0,,1.0,54.0,,1.0,,2.0,5.0,5.0,,,,,,,,15.0,1.0,,,4.0,,,1.0,5.0,,1.0,1.0,1.0,1.0,1.0,1.0,1.0,1.0,1.0,1.0,,,,,,,6,3,3,3,1,4,5,5,3,2,65.0,70.0,75.0,40.0,50.0,80.0,70.0,30.0,20.0,40.0,1,1,1,1,1,1,1,1,1,1,1,1,1,1,1,1,1,1,1,1,1,1,1,1,1,1,1,1,1,1,1,1,1,2,1,1,1,1,1,1
1791,5,5,5,4,4,5,5,4,2,2,40.0,,5.0,,3.0,4.0,5.0,,,,6.0,,1.0,54.0,,,2.0,,,,,,,4.0,5.0,5.0,,15.0,,1.0,,,3.0,2.0,,5.0,,1.0,1.0,1.0,1.0,1.0,1.0,1.0,1.0,1.0,1.0,,,,,,,6,3,3,3,1,4,5,5,3,2,75.0,70.0,80.0,65.0,60.0,75.0,80.0,55.0,40.0,45.0,1,2,1,2,1,2,1,1,1,2,1,1,1,1,1,2,1,1,1,1,1,1,1,1,1,1,1,1,1,1,1,1,1,1,1,1,1,2,1,1
1404,4,4,4,2,3,4,4,2,2,2,40.0,,,2.0,,,,4.0,4.0,2.0,6.0,,,,1.0,1.0,,4.0,4.0,5.0,,,,,,,,15.0,,2.0,,6.0,,,1.0,,5.0,,,,,,,,,,,1.0,1.0,1.0,1.0,1.0,1.0,6,3,3,3,3,4,4,4,3,2,65.0,65.0,65.0,40.0,40.0,65.0,65.0,40.0,40.0,40.0,1,1,2,1,2,1,2,1,1,1,1,1,1,1,1,1,1,1,1,1,1,1,1,1,1,1,1,1,1,1,1,1,1,1,1,1,1,1,1,1
1577,5,5,5,5,5,5,5,5,2,2,40.0,,5.0,,4.0,3.0,2.0,,,,6.0,,1.0,54.0,,1.0,,,,,,,,5.0,5.0,6.0,15.0,,1.0,,,4.0,,,1.0,,5.0,1.0,1.0,1.0,1.0,1.0,1.0,1.0,1.0,1.0,1.0,,,,,,,6,3,2,2,1,3,5,5,3,2,75.0,70.0,80.0,85.0,80.0,75.0,80.0,70.0,40.0,40.0,1,1,2,2,1,2,2,1,1,1,2,1,1,1,2,1,1,2,2,2,2,1,2,1,2,1,2,1,2,1,2,2,1,1,2,1,1,1,1,1
905,5,5,5,4,4,5,5,4,2,2,30.0,,5.0,,,,,5.0,5.0,2.0,,6.0,1.0,54.0,,,2.0,,,,,,,2.0,5.0,5.0,3.0,,1.0,,3.0,,,,1.0,5.0,,,,,,,,,,,,1.0,1.0,1.0,1.0,1.0,1.0,6,3,3,3,3,4,5,5,3,2,75.0,70.0,80.0,60.0,55.0,75.0,70.0,50.0,40.0,40.0,2,1,1,1,2,1,1,1,2,1,2,1,1,1,2,1,2,2,1,2,1,1,1,2,2,2,1,1,2,2,1,2,2,1,1,1,2,1,2,1
876,5,5,5,5,5,5,5,5,1,1,,30.0,,2.0,4.0,3.0,5.0,,,,,6.0,1.0,54.0,,,2.0,,,,,,,5.0,5.0,5.0,15.0,,1.0,,4.0,,,1.0,,5.0,,1.0,1.0,1.0,1.0,1.0,1.0,1.0,1.0,1.0,1.0,,,,,,,6,3,3,3,2,4,5,5,3,2,75.0,75.0,80.0,80.0,75.0,80.0,80.0,75.0,25.0,25.0,1,2,2,1,2,1,2,2,2,1,2,1,2,1,2,1,1,1,2,1,1,2,1,1,2,1,2,1,1,2,2,1,2,1,2,1,1,1,2,1
1009,5,5,5,5,5,5,5,4,1,2,30.0,,,2.0,,,,5.0,4.0,2.0,6.0,,1.0,54.0,,,2.0,,,,,,,4.0,5.0,5.0,,15.0,1.0,,,4.0,,,1.0,5.0,,,,,,,,,,,,1.0,1.0,1.0,1.0,1.0,1.0,6,2,3,3,1,3,5,5,3,2,75.0,70.0,80.0,75.0,70.0,75.0,80.0,60.0,30.0,40.0,1,1,1,2,1,2,2,1,1,2,2,1,1,1,1,2,2,1,1,1,2,1,2,1,2,1,2,2,1,2,2,1,1,1,1,2,2,2,1,2
1580,5,5,5,5,5,5,5,5,1,1,,15.0,,2.0,,,,4.0,5.0,2.0,6.0,,,,1.0,1.0,,2.0,5.0,5.0,,,,,,,15.0,,,1.0,,,3.0,,1.0,,5.0,,,,,,,,,,,1.0,1.0,1.0,1.0,1.0,1.0,6,3,3,3,3,3,5,5,4,2,85.0,85.0,90.0,90.0,90.0,90.0,90.0,80.0,20.0,20.0,1,2,1,1,2,1,2,2,1,2,1,1,1,1,1,1,1,1,2,2,2,1,1,1,2,1,1,1,1,1,1,2,1,1,1,2,1,1,1,2
1615,5,5,5,5,5,5,5,5,1,2,,30.0,6.0,,,,,5.0,4.0,2.0,6.0,,1.0,54.0,,1.0,,,,,5.0,5.0,6.0,,,,18.0,,,1.0,,,3.0,,1.0,5.0,,1.0,1.0,1.0,1.0,1.0,1.0,1.0,1.0,1.0,1.0,,,,,,,6,3,3,3,1,5,6,6,3,2,85.0,80.0,85.0,80.0,75.0,80.0,85.0,70.0,20.0,30.0,1,2,2,1,1,1,1,2,1,1,2,1,2,1,1,1,1,2,1,2,1,1,1,1,1,1,1,1,1,1,1,1,1,1,1,1,1,1,2,1
1766,5,4,5,5,5,5,5,5,2,2,40.0,,5.0,,,,,5.0,4.0,2.0,6.0,,,,1.0,,2.0,4.0,5.0,5.0,,,,,,,,15.0,1.0,,,,3.0,,1.0,,5.0,,,,,,,,,,,1.0,1.0,1.0,1.0,1.0,1.0,6,3,3,3,3,4,5,5,3,2,75.0,70.0,80.0,85.0,80.0,85.0,90.0,80.0,40.0,40.0,1,1,1,1,1,2,2,1,2,1,1,1,1,1,1,1,1,1,1,1,2,2,1,1,1,1,2,1,1,1,1,1,1,1,2,1,1,2,2,1
409,5,5,5,2,3,5,5,2,1,1,40.0,,5.0,,,,,4.0,3.0,2.0,,6.0,1.0,54.0,,,2.0,,,,4.0,5.0,5.0,,,,15.0,,,1.0,,,3.0,2.0,,5.0,,1.0,1.0,1.0,1.0,1.0,1.0,1.0,1.0,1.0,1.0,,,,,,,6,3,3,3,2,4,5,5,3,2,75.0,70.0,80.0,40.0,50.0,70.0,80.0,40.0,30.0,30.0,1,1,1,1,1,1,2,1,1,1,1,1,1,2,1,2,2,1,2,1,1,1,1,1,1,1,1,1,1,1,1,1,1,1,1,1,1,1,1,1
180,5,5,5,5,5,5,5,5,1,1,,30.0,,2.0,,,,5.0,4.0,2.0,,6.0,,,1.0,,2.0,4.0,5.0,5.0,,,,,,,,15.0,,1.0,4.0,,,1.0,,5.0,,1.0,1.0,1.0,1.0,1.0,1.0,1.0,1.0,1.0,1.0,,,,,,,6,3,3,3,1,4,5,5,3,2,75.0,75.0,80.0,80.0,75.0,80.0,80.0,75.0,20.0,20.0,1,1,1,1,1,1,1,2,1,1,1,1,1,1,1,2,1,1,1,2,1,1,1,1,1,2,1,1,1,2,1,1,1,1,1,1,2,2,1,1
215,5,5,5,5,5,5,5,4,2,2,,30.0,6.0,,,,,4.0,5.0,2.0,6.0,,1.0,54.0,,1.0,,,,,5.0,5.0,5.0,,,,15.0,,,1.0,5.0,,,2.0,,,5.0,,,,,,,,,,,1.0,1.0,1.0,1.0,1.0,1.0,6,3,2,2,1,4,5,5,3,2,80.0,75.0,85.0,80.0,75.0,80.0,85.0,70.0,40.0,40.0,2,2,1,1,1,2,1,1,2,1,2,2,1,1,2,1,1,1,2,1,1,1,2,1,1,1,2,1,2,1,2,1,1,2,1,1,1,1,2,1
366,5,5,5,4,4,5,5,4,2,2,,30.0,,2.0,3.0,3.0,2.0,,,,,6.0,1.0,54.0,,1.0,,4.0,5.0,5.0,,,,,,,15.0,,,1.0,4.0,,,1.0,,5.0,,,,,,,,,,,,1.0,1.0,1.0,1.0,1.0,1.0,6,3,3,3,1,4,5,5,3,2,80.0,75.0,85.0,60.0,60.0,80.0,80.0,60.0,40.0,40.0,1,2,2,1,2,1,1,2,1,2,2,2,2,1,1,1,1,2,2,2,2,1,1,2,2,2,1,1,1,1,2,2,1,1,2,1,1,2,1,1
17,5,5,5,5,5,5,5,5,1,1,,30.0,,2.0,,,,6.0,5.0,2.0,,6.0,1.0,54.0,,1.0,,4.0,5.0,5.0,,,,,,,15.0,,1.0,,4.0,,,1.0,,5.0,,,,,,,,,,,,1.0,1.0,1.0,1.0,1.0,1.0,6,3,3,3,3,5,5,5,3,2,75.0,70.0,80.0,85.0,80.0,85.0,90.0,80.0,30.0,30.0,1,1,2,1,1,1,1,2,1,2,1,1,1,1,1,1,1,1,1,1,1,1,1,2,1,1,1,1,1,1,1,2,1,2,2,1,1,1,1,2
881,5,5,5,3,4,5,5,3,2,2,,30.0,,4.0,,,,5.0,4.0,2.0,6.0,,1.0,54.0,,1.0,,,,,,,,4.0,5.0,5.0,,15.0,,1.0,,4.0,,,1.0,5.0,,,,,,,,,,,,1.0,1.0,1.0,1.0,1.0,1.0,6,2,3,3,2,4,5,5,3,2,70.0,65.0,75.0,40.0,50.0,70.0,70.0,40.0,30.0,30.0,1,1,1,1,2,2,2,1,1,2,1,1,1,2,2,1,1,1,1,1,2,1,1,2,1,2,1,1,2,1,1,1,2,1,1,2,1,2,1,2
1908,5,5,5,5,5,5,5,5,1,1,,30.0,5.0,,,,,5.0,4.0,2.0,6.0,,,,1.0,1.0,,,,,,,,5.0,5.0,6.0,15.0,,,1.0,4.0,,,,1.0,5.0,,,,,,,,,,,,1.0,1.0,1.0,1.0,1.0,1.0,6,3,3,3,3,5,5,5,3,2,75.0,75.0,80.0,75.0,75.0,75.0,75.0,75.0,25.0,25.0,1,1,1,1,1,1,1,1,1,1,1,1,1,1,1,1,1,1,1,1,1,1,1,1,1,1,1,1,1,1,1,1,1,1,1,1,1,1,1,1
1432,5,5,5,5,5,5,5,5,2,2,30.0,,4.0,,3.0,4.0,5.0,,,,6.0,,,,1.0,1.0,,,,,5.0,5.0,6.0,,,,18.0,,,1.0,5.0,,,,1.0,5.0,,1.0,1.0,1.0,1.0,1.0,1.0,1.0,1.0,1.0,1.0,,,,,,,6,3,3,3,1,5,6,6,3,2,85.0,80.0,85.0,90.0,85.0,90.0,90.0,80.0,30.0,30.0,1,1,2,2,1,2,1,1,2,1,1,1,1,2,1,1,1,2,1,1,1,1,1,1,1,1,1,1,2,1,1,2,2,1,1,1,1,1,1,1
1541,4,4,5,2,3,4,5,2,1,1,,30.0,,5.0,,,,5.0,4.0,2.0,6.0,,,,1.0,,2.0,,,,,,,2.0,5.0,5.0,,15.0,,2.0,,4.0,,,1.0,5.0,,,,,,,,,,,,1.0,1.0,1.0,1.0,1.0,1.0,6,3,2,2,2,4,5,5,3,2,60.0,55.0,65.0,30.0,40.0,50.0,70.0,25.0,15.0,10.0,1,2,1,2,1,2,1,1,1,1,2,1,1,1,2,1,2,1,1,2,1,1,1,1,1,1,2,2,1,2,1,1,1,1,1,1,2,2,1,1
141,5,5,5,5,5,5,5,4,2,2,30.0,,5.0,,,,,5.0,4.0,2.0,6.0,,1.0,54.0,,1.0,,,,,4.0,5.0,5.0,,,,,15.0,,1.0,,4.0,,2.0,,5.0,,,,,,,,,,,,1.0,1.0,1.0,1.0,1.0,1.0,6,3,3,3,1,4,5,5,3,2,75.0,70.0,80.0,75.0,70.0,75.0,80.0,60.0,40.0,40.0,1,1,1,1,1,2,1,2,1,2,2,1,2,1,1,1,2,1,2,1,1,1,2,1,2,1,1,1,1,1,2,1,1,1,1,1,1,1,2,1
933,4,4,4,2,3,4,4,2,1,1,,30.0,4.0,,,,,5.0,4.0,2.0,6.0,,1.0,20.0,,,2.0,,,,,,,2.0,5.0,5.0,5.0,,,2.0,,4.0,,1.0,,,5.0,1.0,1.0,1.0,1.0,1.0,1.0,1.0,1.0,1.0,1.0,,,,,,,6,3,2,3,3,5,6,5,3,2,70.0,65.0,70.0,40.0,50.0,60.0,60.0,40.0,30.0,30.0,2,1,2,2,2,2,1,2,1,2,1,2,1,1,2,2,1,1,2,2,2,1,1,2,2,2,2,2,2,2,1,2,2,2,2,1,2,2,1,2
840,5,5,5,4,4,5,5,4,2,2,30.0,,4.0,,,,,5.0,4.0,2.0,6.0,,,,1.0,1.0,,,,,,,,5.0,5.0,6.0,,15.0,1.0,,,4.0,,1.0,,,5.0,,,,,,,,,,,1.0,1.0,1.0,1.0,1.0,1.0,6,3,3,3,2,4,5,5,3,2,70.0,70.0,75.0,55.0,55.0,70.0,70.0,50.0,40.0,40.0,1,1,2,1,1,1,1,2,1,2,1,1,2,1,2,1,2,1,1,1,1,1,1,1,1,1,1,1,1,1,1,1,1,1,1,1,1,1,1,1
1447,4,4,4,4,4,4,4,4,2,2,,30.0,5.0,,3.0,3.0,2.0,,,,,6.0,,,1.0,1.0,,4.0,5.0,5.0,,,,,,,,15.0,,1.0,,4.0,,,1.0,5.0,,,,,,,,,,,,1.0,1.0,1.0,1.0,1.0,1.0,6,3,3,3,3,4,4,4,3,2,65.0,65.0,65.0,65.0,65.0,65.0,65.0,65.0,35.0,35.0,1,1,1,1,1,1,2,1,2,1,1,2,2,1,1,1,1,1,1,1,1,1,1,1,1,1,1,1,1,1,1,1,1,1,1,1,1,2,1,1
1534,5,5,5,5,5,5,5,4,2,2,,30.0,6.0,,5.0,4.0,2.0,,,,,6.0,1.0,54.0,,,2.0,,,,2.0,5.0,5.0,,,,15.0,,1.0,,,4.0,,,1.0,,6.0,1.0,1.0,1.0,1.0,1.0,1.0,1.0,1.0,1.0,1.0,,,,,,,6,3,2,2,1,4,5,5,3,2,75.0,70.0,80.0,75.0,70.0,75.0,80.0,60.0,40.0,40.0,2,1,1,2,2,1,1,1,2,1,1,1,2,1,1,1,1,2,1,1,1,2,1,1,2,1,1,1,1,1,2,2,1,2,1,1,2,1,1,1
1328,5,5,5,5,5,5,5,5,2,2,30.0,,4.0,,3.0,4.0,2.0,,,,6.0,,,,1.0,,2.0,,,,,,,5.0,5.0,6.0,,15.0,,1.0,,4.0,,,1.0,,6.0,,,,,,,,,,,1.0,1.0,1.0,1.0,1.0,1.0,6,2,3,3,1,4,5,5,3,2,80.0,75.0,85.0,80.0,75.0,80.0,85.0,70.0,30.0,30.0,1,1,1,1,1,1,1,1,1,1,1,1,1,1,1,1,1,1,1,1,1,1,1,1,1,1,1,1,1,1,1,1,1,1,1,1,1,1,1,1
134,5,5,5,5,5,5,5,5,2,2,20.0,,4.0,,4.0,3.0,3.0,,,,,6.0,1.0,54.0,,1.0,,,,,4.0,5.0,5.0,,,,,15.0,,1.0,4.0,,,,1.0,,5.0,,,,,,,,,,,1.0,1.0,1.0,1.0,1.0,1.0,6,3,2,2,1,3,5,5,3,2,75.0,70.0,80.0,75.0,70.0,75.0,80.0,70.0,40.0,40.0,1,2,1,1,2,2,2,1,1,2,1,1,2,1,1,1,2,1,2,1,1,2,1,1,2,1,1,1,1,2,1,1,1,1,2,1,1,1,1,1
728,4,5,5,5,5,5,5,5,2,2,,35.0,,2.0,,,,4.0,3.0,2.0,,6.0,1.0,54.0,,,2.0,,,,,,,2.0,5.0,5.0,3.0,,1.0,,,4.0,,,1.0,5.0,,,,,,,,,,,,1.0,1.0,1.0,1.0,1.0,1.0,6,3,3,3,2,4,4,4,3,2,65.0,70.0,75.0,80.0,75.0,70.0,80.0,70.0,40.0,40.0,1,1,1,1,2,2,1,1,1,1,1,1,1,2,1,2,1,2,1,1,1,1,1,2,1,2,1,1,1,1,1,1,1,2,1,2,1,2,1,1
946,5,5,5,4,4,5,5,4,2,3,,30.0,,2.0,4.0,3.0,5.0,,,,,6.0,1.0,54.0,,,2.0,,,,,,,4.0,5.0,5.0,15.0,,1.0,,5.0,,,1.0,,,5.0,1.0,1.0,1.0,1.0,1.0,1.0,1.0,1.0,1.0,1.0,,,,,,,6,3,3,3,2,4,5,5,3,2,75.0,70.0,80.0,55.0,60.0,75.0,70.0,60.0,40.0,50.0,1,1,2,1,1,2,2,1,1,2,2,1,1,1,1,2,1,1,2,2,1,1,1,2,1,1,1,1,1,2,1,1,1,1,1,1,1,1,1,1
835,5,5,5,5,5,5,5,5,1,1,30.0,,6.0,,3.0,4.0,5.0,,,,6.0,,,,1.0,,2.0,,,,5.0,5.0,6.0,,,,15.0,,,1.0,6.0,,,2.0,,,6.0,,,,,,,,,,,1.0,1.0,1.0,1.0,1.0,1.0,6,3,2,3,2,5,6,5,3,2,80.0,80.0,80.0,80.0,80.0,80.0,80.0,80.0,20.0,20.0,1,1,2,1,1,1,1,2,1,1,2,1,1,1,1,2,1,1,1,1,1,1,1,1,1,1,1,1,1,1,1,1,1,1,1,2,2,1,1,1
1660,5,5,5,5,5,5,5,4,2,2,30.0,,4.0,,4.0,4.0,5.0,,,,,6.0,1.0,54.0,,,2.0,,,,,,,4.0,5.0,5.0,,15.0,1.0,,,,3.0,2.0,,,5.0,1.0,1.0,1.0,1.0,1.0,1.0,1.0,1.0,1.0,1.0,,,,,,,6,3,2,2,1,4,5,5,3,2,70.0,70.0,75.0,70.0,65.0,70.0,70.0,60.0,40.0,40.0,1,1,1,1,2,1,1,1,2,2,1,1,1,1,1,1,1,1,1,1,1,1,1,1,1,1,1,1,1,2,1,1,2,1,1,1,1,2,1,2
1713,4,4,4,2,3,4,4,2,2,2,40.0,,,2.0,4.0,3.0,3.0,,,,,6.0,1.0,54.0,,,2.0,2.0,4.0,5.0,,,,,,,15.0,,1.0,,,4.0,,1.0,,5.0,,,,,,,,,,,,1.0,1.0,1.0,1.0,1.0,1.0,6,3,3,3,2,4,5,5,3,2,65.0,60.0,70.0,40.0,50.0,60.0,70.0,30.0,20.0,20.0,1,1,2,1,1,2,1,1,2,2,1,2,1,2,1,1,1,2,1,2,1,1,2,1,2,1,2,2,1,1,1,2,1,2,1,2,1,2,1,1
1486,5,5,5,5,5,5,5,5,2,2,30.0,,,2.0,4.0,3.0,3.0,,,,6.0,,,,1.0,1.0,,,,,5.0,5.0,6.0,,,,15.0,,1.0,,5.0,,,,1.0,,6.0,,,,,,,,,,,1.0,1.0,1.0,1.0,1.0,1.0,6,3,3,3,2,4,5,5,3,2,75.0,70.0,80.0,75.0,70.0,75.0,80.0,70.0,40.0,40.0,2,1,1,1,2,1,1,1,1,1,2,1,2,1,1,1,1,1,2,2,1,1,1,2,2,1,1,2,1,2,1,1,1,2,1,2,1,1,2,1
260,4,4,4,4,4,4,4,4,2,2,40.0,,,2.0,4.0,3.0,3.0,,,,6.0,,1.0,54.0,,1.0,,4.0,5.0,5.0,,,,,,,15.0,,1.0,,,4.0,,,1.0,5.0,,1.0,1.0,1.0,1.0,1.0,1.0,1.0,1.0,1.0,1.0,,,,,,,6,3,3,3,2,4,5,5,3,2,65.0,65.0,65.0,65.0,65.0,65.0,65.0,65.0,35.0,35.0,1,1,1,1,1,1,1,1,1,1,1,1,1,1,1,1,1,1,1,1,1,1,1,1,1,1,2,1,1,1,1,1,1,1,1,1,1,1,1,1
313,5,5,5,5,5,5,5,5,1,1,30.0,,,2.0,4.0,3.0,3.0,,,,,6.0,1.0,54.0,,,2.0,,,,4.0,5.0,5.0,,,,15.0,,1.0,,,4.0,,1.0,,5.0,,,,,,,,,,,,1.0,1.0,1.0,1.0,1.0,1.0,6,3,3,3,2,4,5,5,3,2,75.0,70.0,80.0,85.0,80.0,85.0,90.0,70.0,20.0,15.0,1,2,1,2,1,2,1,1,1,2,1,2,1,2,1,2,1,2,1,2,1,1,1,1,2,2,1,1,1,2,1,1,2,1,2,2,1,1,2,1
62,4,4,4,4,4,4,4,4,2,2,40.0,,4.0,,3.0,3.0,2.0,,,,6.0,,,,1.0,,2.0,,,,4.0,5.0,5.0,,,,,15.0,,1.0,,4.0,,1.0,,,5.0,,,,,,,,,,,1.0,1.0,1.0,1.0,1.0,1.0,6,3,3,3,3,5,5,5,3,2,65.0,65.0,65.0,65.0,65.0,65.0,65.0,65.0,35.0,35.0,1,1,2,2,1,1,1,2,1,1,2,1,2,1,1,1,1,1,2,2,1,1,1,1,2,1,2,1,2,2,1,1,2,1,1,1,2,1,1,1
987,5,5,5,5,5,5,5,5,1,1,30.0,,,2.0,4.0,3.0,5.0,,,,,6.0,1.0,54.0,,,2.0,,,,,,,1.0,5.0,6.0,15.0,,1.0,,,,3.0,2.0,,,6.0,1.0,1.0,1.0,1.0,1.0,1.0,1.0,1.0,1.0,1.0,,,,,,,6,2,2,2,2,5,6,6,3,2,85.0,80.0,85.0,80.0,75.0,80.0,85.0,70.0,20.0,20.0,1,1,1,1,1,1,1,1,1,1,1,1,1,1,1,1,1,1,1,1,1,1,1,1,1,1,1,1,1,1,1,1,1,1,1,1,1,1,1,1
2013,5,5,5,5,5,5,5,5,1,1,,30.0,,2.0,,,,4.0,3.0,2.0,6.0,,,,1.0,1.0,,4.0,5.0,6.0,,,,,,,15.0,,1.0,,5.0,,,,1.0,,5.0,,,,,,,,,,,1.0,1.0,1.0,1.0,1.0,1.0,6,3,3,3,3,5,6,6,4,2,75.0,75.0,80.0,80.0,75.0,80.0,80.0,70.0,30.0,30.0,1,2,1,2,1,1,2,2,1,1,2,1,1,1,1,1,1,1,2,2,1,1,1,1,1,1,1,2,2,1,1,1,1,1,1,1,1,2,2,1
1251,5,5,5,5,5,5,5,5,2,2,30.0,,6.0,,,,,5.0,5.0,2.0,6.0,,,,1.0,,2.0,,,,,,,5.0,5.0,6.0,15.0,,,1.0,4.0,,,,1.0,5.0,,1.0,1.0,1.0,1.0,1.0,1.0,1.0,1.0,1.0,1.0,,,,,,,6,3,3,3,1,5,6,6,3,2,85.0,80.0,85.0,80.0,75.0,80.0,85.0,75.0,30.0,30.0,1,2,1,2,2,1,1,2,1,1,2,1,1,2,1,1,2,2,1,1,1,1,1,2,1,2,1,1,2,1,1,1,1,1,1,1,2,1,1,1
1322,5,5,5,5,5,5,5,4,2,2,,30.0,6.0,,,,,4.0,5.0,2.0,6.0,,,,1.0,1.0,,2.0,5.0,5.0,,,,,,,15.0,,1.0,,,6.0,,,1.0,5.0,,1.0,1.0,1.0,1.0,1.0,1.0,1.0,1.0,1.0,1.0,,,,,,,6,3,3,3,1,5,6,6,3,2,75.0,70.0,80.0,75.0,70.0,75.0,80.0,60.0,40.0,40.0,1,1,2,2,2,1,2,2,1,2,1,2,1,2,1,1,1,2,1,1,2,1,1,1,1,2,2,1,2,1,2,1,1,2,1,2,1,1,1,1
651,5,5,5,4,4,5,5,4,2,2,30.0,,5.0,,,,,5.0,4.0,2.0,6.0,,1.0,54.0,,1.0,,2.0,5.0,5.0,,,,,,,15.0,,1.0,,,5.0,,,1.0,5.0,,,,,,,,,,,,1.0,1.0,1.0,1.0,1.0,1.0,6,2,3,3,1,3,5,5,3,2,75.0,70.0,80.0,60.0,60.0,75.0,75.0,60.0,40.0,40.0,2,2,1,1,2,2,1,1,2,1,2,2,2,1,2,1,2,1,1,1,1,2,1,2,2,2,1,1,2,2,1,2,1,2,1,2,1,1,2,1
722,5,4,5,4,4,5,5,4,2,2,,35.0,,2.0,5.0,4.0,3.0,,,,6.0,,1.0,54.0,,1.0,,4.0,5.0,5.0,,,,,,,15.0,,,1.0,,4.0,,1.0,,5.0,,,,,,,,,,,,1.0,1.0,1.0,1.0,1.0,1.0,6,3,3,3,2,4,5,5,3,2,75.0,70.0,80.0,65.0,60.0,75.0,80.0,60.0,40.0,40.0,2,2,1,1,1,1,2,1,1,1,1,2,1,2,2,2,1,2,2,1,2,1,1,1,2,1,1,1,1,1,1,2,1,1,2,2,1,2,1,2
68,5,5,5,5,5,5,5,5,1,1,,20.0,,5.0,4.0,3.0,3.0,,,,6.0,,1.0,54.0,,,2.0,,,,4.0,5.0,6.0,,,,,15.0,,1.0,,,3.0,2.0,,5.0,,,,,,,,,,,,1.0,1.0,1.0,1.0,1.0,1.0,6,3,3,3,2,5,5,5,3,2,75.0,75.0,80.0,80.0,75.0,80.0,80.0,70.0,20.0,20.0,1,1,1,1,1,2,1,1,1,1,1,1,2,1,1,2,2,2,2,1,1,1,1,1,1,1,1,1,1,1,1,1,1,1,1,1,1,1,1,1
2019,5,5,5,5,5,5,5,5,1,1,30.0,,,2.0,4.0,3.0,5.0,,,,6.0,,,,1.0,1.0,,,,,5.0,5.0,6.0,,,,,15.0,1.0,,,,3.0,,1.0,6.0,,,,,,,,,,,,1.0,1.0,1.0,1.0,1.0,1.0,6,3,2,3,2,4,5,5,4,2,75.0,75.0,80.0,85.0,80.0,85.0,90.0,80.0,20.0,20.0,1,2,1,2,1,1,1,1,2,1,1,2,1,1,2,2,1,2,1,2,2,1,1,1,1,2,1,1,1,1,2,1,1,2,1,1,2,2,1,1
1977,4,4,4,4,4,4,4,4,2,2,40.0,,,2.0,3.0,4.0,3.0,,,,,6.0,1.0,54.0,,,2.0,,,,4.0,5.0,5.0,,,,18.0,,,1.0,,5.0,,,1.0,,5.0,,,,,,,,,,,1.0,1.0,1.0,1.0,1.0,1.0,6,3,3,3,3,5,5,5,3,2,65.0,65.0,65.0,65.0,65.0,65.0,65.0,65.0,40.0,40.0,1,2,1,1,2,1,2,2,1,1,1,2,2,1,1,1,2,1,2,1,1,1,1,1,1,2,1,1,1,1,1,2,1,2,2,1,1,1,2,1
1804,4,4,4,2,3,4,4,2,2,2,35.0,,4.0,,4.0,4.0,3.0,,,,,6.0,1.0,54.0,,,2.0,,,,,,,4.0,5.0,5.0,3.0,,1.0,,,4.0,,1.0,,,5.0,1.0,1.0,1.0,1.0,1.0,1.0,1.0,1.0,1.0,1.0,,,,,,,6,3,3,3,2,4,5,5,3,2,65.0,65.0,65.0,40.0,50.0,60.0,70.0,40.0,40.0,40.0,1,2,2,1,1,1,2,2,1,1,2,2,1,1,2,1,1,1,1,1,1,1,1,2,1,1,2,2,1,1,2,1,2,2,1,1,2,1,2,1
1719,5,5,5,4,4,5,5,4,2,3,,30.0,,2.0,,,,5.0,4.0,2.0,6.0,,,,1.0,1.0,,2.0,5.0,5.0,,,,,,,18.0,,,1.0,4.0,,,1.0,,,5.0,1.0,1.0,1.0,1.0,1.0,1.0,1.0,1.0,1.0,1.0,,,,,,,6,3,3,3,1,5,6,6,3,2,80.0,75.0,80.0,50.0,50.0,80.0,80.0,50.0,30.0,40.0,1,1,1,1,1,2,2,1,1,1,1,2,1,2,1,1,2,1,1,2,1,1,1,1,2,1,1,1,1,2,1,1,1,2,1,1,1,1,1,2
1290,5,5,5,5,5,5,5,5,1,1,,15.0,,5.0,,,,4.0,3.0,2.0,,6.0,1.0,54.0,,1.0,,,,,5.0,5.0,6.0,,,,,15.0,,1.0,,,4.0,,1.0,,6.0,1.0,1.0,1.0,1.0,1.0,1.0,1.0,1.0,1.0,1.0,,,,,,,7,3,2,3,1,3,6,6,3,2,85.0,85.0,90.0,90.0,90.0,90.0,90.0,90.0,10.0,10.0,1,1,2,2,2,1,2,1,2,2,1,1,1,2,1,1,1,1,2,1,1,2,1,1,1,2,2,1,1,1,1,1,2,2,1,1,2,1,1,1
1076,5,5,5,5,5,5,5,5,1,1,,30.0,,6.0,3.0,4.0,5.0,,,,6.0,,,,1.0,,2.0,,,,,,,5.0,5.0,6.0,15.0,,,2.0,4.0,,,,1.0,,5.0,1.0,1.0,1.0,1.0,1.0,1.0,1.0,1.0,1.0,1.0,,,,,,,6,3,3,3,2,4,6,6,3,2,80.0,75.0,85.0,80.0,75.0,80.0,85.0,70.0,20.0,20.0,2,1,2,2,1,2,1,1,2,1,1,2,1,1,1,2,2,1,1,2,1,1,2,1,1,1,2,2,1,2,2,1,2,1,2,1,1,1,2,1
1105,5,5,5,5,5,5,5,5,1,1,,30.0,,2.0,,,,5.0,4.0,2.0,6.0,,1.0,54.0,,,2.0,2.0,5.0,6.0,,,,,,,,15.0,,1.0,,5.0,,,1.0,5.0,,1.0,1.0,1.0,1.0,1.0,1.0,1.0,1.0,1.0,1.0,,,,,,,6,3,3,3,2,5,6,6,3,2,75.0,75.0,80.0,80.0,75.0,80.0,80.0,75.0,20.0,20.0,1,1,1,1,1,2,1,2,1,1,1,1,2,1,1,1,1,1,1,1,1,1,1,1,1,1,1,1,1,1,1,1,1,1,1,1,1,2,1,1
319,5,5,5,4,4,5,5,4,2,3,40.0,,5.0,,4.0,3.0,3.0,,,,,6.0,,,1.0,1.0,,4.0,5.0,6.0,,,,,,,,15.0,,1.0,,5.0,,,1.0,5.0,,,,,,,,,,,,1.0,1.0,1.0,1.0,1.0,1.0,6,3,2,3,2,4,5,5,3,2,70.0,70.0,75.0,50.0,50.0,80.0,80.0,50.0,30.0,40.0,1,1,1,1,1,1,1,1,1,1,1,1,1,1,1,1,1,1,1,1,1,1,1,1,1,1,1,1,1,1,1,1,1,1,1,1,1,1,1,1
690,5,5,5,5,5,5,5,5,2,2,,20.0,,4.0,,,,5.0,4.0,2.0,,6.0,1.0,54.0,,,2.0,,,,,,,4.0,5.0,5.0,5.0,,1.0,,4.0,,,2.0,,5.0,,,,,,,,,,,,1.0,1.0,1.0,1.0,1.0,1.0,6,3,3,3,1,3,5,5,3,2,85.0,80.0,90.0,85.0,80.0,85.0,90.0,75.0,40.0,40.0,1,2,1,2,2,1,2,2,1,1,1,2,1,2,1,1,2,1,2,1,1,1,1,1,1,1,1,1,2,2,1,2,1,2,1,1,2,2,1,2
476,5,5,5,5,5,5,5,4,2,2,30.0,,4.0,,,,,5.0,4.0,2.0,6.0,,,,1.0,,2.0,,,,4.0,5.0,5.0,,,,15.0,,1.0,,4.0,,,1.0,,5.0,,,,,,,,,,,,1.0,1.0,1.0,1.0,1.0,1.0,6,2,3,3,2,5,5,5,3,2,75.0,70.0,80.0,70.0,65.0,70.0,75.0,60.0,40.0,40.0,1,2,2,1,1,2,1,1,1,2,2,1,1,1,1,1,1,1,1,2,1,1,1,2,2,1,1,1,1,2,2,1,2,1,1,1,1,1,1,1
505,5,5,5,4,4,5,5,3,2,2,,30.0,,2.0,5.0,3.0,4.0,,,,6.0,,1.0,54.0,,1.0,,3.0,5.0,5.0,,,,,,,,15.0,,1.0,,,3.0,2.0,,5.0,,,,,,,,,,,,1.0,1.0,1.0,1.0,1.0,1.0,6,3,3,3,2,4,5,5,3,2,75.0,70.0,80.0,50.0,50.0,70.0,70.0,40.0,30.0,30.0,1,1,1,2,1,2,1,1,1,2,1,1,1,1,2,1,1,2,1,1,1,1,1,2,1,2,2,1,1,1,2,1,1,1,2,2,1,1,1,1
1902,4,4,4,4,4,4,4,4,2,2,,35.0,4.0,,4.0,3.0,3.0,,,,6.0,,,,1.0,,2.0,3.0,5.0,5.0,,,,,,,10.0,,1.0,,,4.0,,,1.0,,5.0,,,,,,,,,,,1.0,1.0,1.0,1.0,1.0,1.0,6,3,3,3,2,4,5,5,3,2,65.0,65.0,65.0,55.0,55.0,65.0,65.0,55.0,35.0,35.0,2,1,1,2,1,2,1,2,1,2,2,1,1,2,1,2,1,2,1,2,1,2,1,2,1,2,1,2,1,2,1,2,1,2,1,2,1,2,1,2
1871,5,5,5,5,5,5,5,5,1,1,,30.0,,5.0,,,,5.0,4.0,2.0,6.0,,1.0,54.0,,1.0,,,,,,,,4.0,5.0,5.0,18.0,,,1.0,,,3.0,,1.0,,5.0,1.0,1.0,1.0,1.0,1.0,1.0,1.0,1.0,1.0,1.0,,,,,,,6,3,3,3,2,5,6,6,3,2,85.0,80.0,85.0,80.0,75.0,80.0,85.0,75.0,20.0,20.0,1,2,1,2,1,1,1,2,2,2,2,1,1,1,2,2,1,1,1,1,1,1,1,1,1,1,2,1,1,2,1,1,2,1,1,1,1,1,1,1
1003,5,4,5,2,3,4,5,2,1,1,,30.0,,2.0,4.0,3.0,3.0,,,,6.0,,1.0,54.0,,,2.0,,,,4.0,5.0,5.0,,,,15.0,,,1.0,,,3.0,1.0,,5.0,,,,,,,,,,,,1.0,1.0,1.0,1.0,1.0,1.0,6,3,3,3,2,4,5,5,3,2,65.0,60.0,70.0,40.0,50.0,55.0,60.0,45.0,30.0,25.0,1,2,2,1,2,1,2,1,1,1,2,2,2,1,1,2,2,2,2,1,2,1,2,2,2,2,1,2,2,1,2,2,1,2,2,2,2,2,2,2
1170,5,5,5,5,5,5,5,5,1,1,,30.0,5.0,,2.0,3.0,3.0,,,,,6.0,,,1.0,1.0,,4.0,5.0,5.0,,,,,,,15.0,,1.0,,,4.0,,1.0,,5.0,,1.0,1.0,1.0,1.0,1.0,1.0,1.0,1.0,1.0,1.0,,,,,,,6,3,3,3,2,3,5,5,3,2,70.0,70.0,70.0,70.0,70.0,70.0,70.0,70.0,30.0,30.0,2,1,1,1,1,2,1,2,1,2,1,2,2,1,1,1,1,2,1,1,1,1,1,1,2,2,2,1,1,2,1,2,1,2,2,1,1,1,1,2
1396,4,4,4,2,3,3,4,2,4,2,30.0,,,2.0,4.0,4.0,3.0,,,,,6.0,1.0,20.0,,,2.0,,,,4.0,5.0,5.0,,,,15.0,,,1.0,4.0,,,1.0,,5.0,,,,,,,,,,,,1.0,1.0,1.0,1.0,1.0,1.0,6,3,2,3,2,5,6,5,3,2,60.0,60.0,60.0,40.0,40.0,40.0,60.0,40.0,40.0,40.0,1,1,1,1,1,1,1,1,1,1,1,1,1,1,1,1,1,1,1,1,1,1,1,1,1,1,1,1,1,1,1,1,1,1,1,1,1,1,1,1
403,5,5,5,5,5,5,5,5,1,1,,30.0,,6.0,3.0,4.0,5.0,,,,6.0,,1.0,54.0,,1.0,,5.0,5.0,6.0,,,,,,,15.0,,1.0,,,,3.0,2.0,,,6.0,,,,,,,,,,,1.0,1.0,1.0,1.0,1.0,1.0,6,3,3,3,1,3,5,5,3,2,85.0,80.0,85.0,90.0,85.0,90.0,90.0,80.0,20.0,20.0,1,1,1,1,1,1,1,1,1,1,1,1,1,1,1,1,1,1,1,1,1,1,1,1,1,1,1,1,1,1,1,1,1,1,1,1,1,1,1,1
570,5,5,5,5,5,5,5,5,2,2,,30.0,6.0,,,,,5.0,5.0,2.0,,6.0,1.0,54.0,,,2.0,,,,5.0,5.0,6.0,,,,,15.0,1.0,,5.0,,,,1.0,6.0,,1.0,1.0,1.0,1.0,1.0,1.0,1.0,1.0,1.0,1.0,,,,,,,6,3,2,2,1,4,6,6,3,2,85.0,85.0,90.0,90.0,85.0,90.0,90.0,85.0,30.0,30.0,2,2,1,2,1,1,2,2,1,2,2,2,2,1,2,2,1,2,1,2,2,1,2,1,2,2,2,1,2,2,2,1,2,2,2,2,1,2,2,2
796,5,5,5,5,5,5,5,5,2,2,30.0,,,2.0,5.0,3.0,4.0,,,,6.0,,1.0,54.0,,,2.0,2.0,5.0,6.0,,,,,,,15.0,,,1.0,4.0,,,,1.0,,5.0,1.0,1.0,1.0,1.0,1.0,1.0,1.0,1.0,1.0,1.0,,,,,,,6,3,3,3,2,4,6,6,3,2,70.0,70.0,75.0,80.0,75.0,80.0,85.0,70.0,40.0,40.0,1,2,1,2,1,1,2,1,1,1,2,1,1,1,2,1,2,2,1,1,2,1,1,2,1,1,1,2,1,2,1,2,1,1,1,2,1,1,2,1
939,5,5,5,4,4,5,5,4,2,3,30.0,,4.0,,,,,5.0,4.0,2.0,,6.0,,,1.0,1.0,,,,,,,,4.0,5.0,5.0,,15.0,1.0,,4.0,,,,1.0,5.0,,,,,,,,,,,,1.0,1.0,1.0,1.0,1.0,1.0,6,3,3,3,2,4,6,6,3,2,75.0,70.0,80.0,60.0,55.0,75.0,70.0,60.0,40.0,50.0,1,1,1,2,2,1,1,2,1,2,2,1,1,2,1,2,1,1,2,2,1,1,1,1,1,1,2,1,1,1,2,1,2,2,1,2,1,1,2,2
1224,5,5,5,4,4,5,5,4,1,2,40.0,,5.0,,,,,4.0,4.0,2.0,6.0,,,,1.0,1.0,,3.0,5.0,5.0,,,,,,,,15.0,,1.0,4.0,,,1.0,,,5.0,,,,,,,,,,,1.0,1.0,1.0,1.0,1.0,1.0,6,3,3,3,3,5,6,6,3,2,70.0,70.0,75.0,60.0,60.0,70.0,70.0,50.0,40.0,40.0,1,1,1,1,1,2,2,1,2,1,1,2,1,2,1,1,2,1,2,1,1,2,2,2,1,2,2,1,1,2,1,1,1,2,2,1,1,1,1,2
1357,5,5,5,5,5,5,5,5,1,1,30.0,,5.0,,,,,5.0,4.0,2.0,6.0,,1.0,54.0,,1.0,,2.0,5.0,5.0,,,,,,,15.0,,1.0,,,,3.0,1.0,,,6.0,,,,,,,,,,,1.0,1.0,1.0,1.0,1.0,1.0,6,3,3,3,2,5,5,5,4,2,85.0,85.0,85.0,85.0,85.0,85.0,85.0,85.0,15.0,15.0,1,1,1,1,1,1,1,1,1,1,1,1,1,1,1,1,1,1,1,1,1,1,1,1,1,1,1,1,1,1,1,1,1,1,1,1,1,1,1,1
1438,5,5,5,5,5,5,5,5,2,2,,30.0,,6.0,4.0,3.0,3.0,,,,6.0,,1.0,54.0,,,2.0,4.0,5.0,5.0,,,,,,,,10.0,1.0,,,,3.0,,1.0,,5.0,,,,,,,,,,,1.0,1.0,1.0,1.0,1.0,1.0,6,3,3,3,1,3,6,6,3,2,85.0,80.0,85.0,80.0,75.0,80.0,85.0,75.0,30.0,30.0,2,2,2,2,1,1,1,1,1,2,2,1,2,2,2,2,1,1,2,1,2,1,2,1,2,1,1,2,1,1,1,2,2,1,1,1,1,1,1,1
624,5,5,5,5,5,5,5,5,2,2,,30.0,,6.0,4.0,3.0,5.0,,,,,6.0,,,1.0,1.0,,,,,5.0,5.0,5.0,,,,,15.0,1.0,,,,3.0,2.0,,6.0,,,,,,,,,,,,1.0,1.0,1.0,1.0,1.0,1.0,6,3,2,2,1,5,6,6,4,2,75.0,70.0,80.0,75.0,70.0,75.0,80.0,70.0,40.0,40.0,1,1,2,1,2,1,2,1,1,1,2,2,1,1,1,2,1,1,2,1,2,1,1,2,2,1,1,2,1,2,2,1,1,2,1,1,2,1,1,1
757,5,5,5,5,5,5,5,5,1,1,,30.0,,2.0,,,,5.0,4.0,2.0,6.0,,1.0,54.0,,,2.0,,,,,,,4.0,5.0,6.0,18.0,,1.0,,,7.0,,,1.0,5.0,,1.0,1.0,1.0,1.0,1.0,1.0,1.0,1.0,1.0,1.0,,,,,,,6,3,2,2,1,4,5,5,3,2,75.0,75.0,80.0,80.0,75.0,80.0,80.0,75.0,20.0,20.0,1,1,1,1,1,1,1,1,1,1,1,1,1,1,1,1,1,1,1,1,1,1,1,1,1,1,1,1,1,1,1,1,1,1,1,1,1,1,1,1
1933,5,5,5,5,5,5,5,5,1,1,35.0,,,2.0,,,,5.0,4.0,2.0,6.0,,1.0,54.0,,,2.0,4.0,5.0,6.0,,,,,,,15.0,,1.0,,,,3.0,,1.0,,5.0,1.0,1.0,1.0,1.0,1.0,1.0,1.0,1.0,1.0,1.0,,,,,,,6,3,3,3,3,5,6,6,3,2,75.0,75.0,80.0,80.0,75.0,75.0,80.0,75.0,25.0,25.0,1,1,1,2,1,1,2,2,1,1,2,1,1,1,1,1,1,1,1,1,2,2,1,1,1,1,2,2,1,1,1,1,1,1,1,1,1,2,1,1
1840,5,5,5,5,5,5,5,5,2,2,30.0,,4.0,,5.0,4.0,3.0,,,,,6.0,,,1.0,,2.0,3.0,5.0,5.0,,,,,,,15.0,,1.0,,,4.0,,,1.0,5.0,,,,,,,,,,,,1.0,1.0,1.0,1.0,1.0,1.0,6,2,3,3,1,3,5,5,3,2,80.0,75.0,85.0,80.0,75.0,80.0,85.0,70.0,40.0,40.0,1,2,1,1,2,1,2,2,1,1,1,2,1,1,1,1,2,1,1,1,2,1,1,2,1,1,2,1,1,1,2,1,1,1,2,1,1,2,2,1
432,5,5,5,4,4,5,5,4,2,3,,30.0,4.0,,5.0,4.0,6.0,,,,,6.0,,,1.0,,2.0,,,,,,,4.0,5.0,5.0,,15.0,,1.0,,,3.0,,1.0,,5.0,,,,,,,,,,,1.0,1.0,1.0,1.0,1.0,1.0,6,3,3,3,2,4,5,5,3,2,75.0,70.0,80.0,60.0,55.0,70.0,65.0,50.0,40.0,45.0,2,1,2,2,1,2,1,1,1,2,1,1,2,1,1,1,2,1,2,2,1,2,1,1,1,1,1,1,1,1,1,1,1,1,1,1,1,1,1,1
541,5,5,5,5,5,5,5,5,1,2,,30.0,,2.0,5.0,3.0,4.0,,,,6.0,,,,1.0,,2.0,3.0,5.0,5.0,,,,,,,15.0,,,1.0,,,3.0,2.0,,,5.0,1.0,1.0,1.0,1.0,1.0,1.0,1.0,1.0,1.0,1.0,,,,,,,6,3,3,3,2,4,5,5,3,2,80.0,75.0,80.0,85.0,80.0,85.0,80.0,70.0,30.0,40.0,1,2,1,1,1,1,2,1,1,1,1,2,2,1,1,2,1,2,1,2,2,1,1,1,2,1,2,1,1,1,1,2,1,2,2,1,1,2,1,1
1032,5,5,5,5,5,5,5,5,1,1,,15.0,5.0,,5.0,4.0,4.0,,,,6.0,,1.0,54.0,,1.0,,4.0,5.0,5.0,,,,,,,,10.0,,1.0,4.0,,,1.0,,5.0,,,,,,,,,,,,1.0,1.0,1.0,1.0,1.0,1.0,6,3,3,3,2,4,5,5,4,2,75.0,70.0,80.0,75.0,70.0,75.0,80.0,70.0,40.0,40.0,1,1,2,1,2,1,1,1,2,1,2,1,2,2,2,1,1,2,1,1,2,1,1,2,1,1,1,2,2,1,2,1,1,1,2,1,1,1,1,1
1141,5,5,5,4,4,5,5,4,2,2,30.0,,,5.0,,,,6.0,5.0,2.0,,6.0,1.0,54.0,,,2.0,,,,2.0,5.0,5.0,,,,,15.0,,1.0,5.0,,,,1.0,,5.0,,,,,,,,,,,1.0,1.0,1.0,1.0,1.0,1.0,6,3,3,3,3,4,5,5,3,2,70.0,70.0,75.0,50.0,50.0,70.0,70.0,50.0,30.0,30.0,1,1,1,1,1,1,1,1,1,1,1,1,1,1,2,2,1,1,1,1,1,2,1,1,1,1,1,1,1,1,1,1,1,1,1,1,1,1,1,1
1881,4,4,4,4,4,4,4,4,2,2,,30.0,5.0,,,,,5.0,4.0,2.0,,6.0,,,1.0,1.0,,,,,4.0,5.0,5.0,,,,15.0,,,1.0,4.0,,,,1.0,5.0,,1.0,1.0,1.0,1.0,1.0,1.0,1.0,1.0,1.0,1.0,,,,,,,6,3,3,3,2,5,5,5,3,2,65.0,65.0,65.0,65.0,65.0,65.0,65.0,65.0,35.0,35.0,1,2,1,1,1,2,1,2,1,1,1,1,2,1,2,1,1,2,2,1,1,1,1,1,1,1,2,1,1,1,2,1,1,2,1,1,1,2,1,1
908,5,5,5,5,5,5,5,5,2,2,30.0,,5.0,,,,,5.0,4.0,2.0,6.0,,,,1.0,,2.0,,,,5.0,5.0,6.0,,,,,15.0,1.0,,,4.0,,2.0,,,5.0,,,,,,,,,,,1.0,1.0,1.0,1.0,1.0,1.0,6,2,3,3,2,5,6,6,4,2,75.0,70.0,80.0,75.0,70.0,75.0,80.0,70.0,30.0,30.0,1,1,1,1,1,1,1,1,1,1,1,1,1,1,1,1,1,1,1,1,1,1,1,1,1,1,1,1,1,1,1,1,1,1,1,1,1,1,1,1
615,5,5,5,5,5,5,5,5,1,1,,30.0,,2.0,5.0,4.0,3.0,,,,,6.0,1.0,54.0,,2.0,,,,,,,,5.0,5.0,6.0,,15.0,1.0,,4.0,,,,1.0,6.0,,1.0,1.0,1.0,1.0,1.0,1.0,1.0,1.0,1.0,1.0,,,,,,,6,3,3,3,1,3,6,6,3,2,85.0,80.0,85.0,80.0,75.0,80.0,85.0,75.0,30.0,30.0,1,1,1,1,1,1,1,1,1,1,1,1,1,1,1,1,1,1,1,1,1,1,1,1,1,1,1,1,1,1,1,1,1,1,1,1,1,1,1,1
766,5,5,5,4,4,5,5,4,2,2,40.0,,5.0,,4.0,4.0,3.0,,,,6.0,,1.0,54.0,,1.0,,4.0,5.0,5.0,,,,,,,,15.0,,1.0,5.0,,,1.0,,,5.0,,,,,,,,,,,1.0,1.0,1.0,1.0,1.0,1.0,6,3,2,2,2,4,5,5,3,2,70.0,70.0,75.0,60.0,60.0,70.0,70.0,50.0,40.0,40.0,2,2,1,1,1,1,1,1,1,2,2,2,1,2,2,2,1,1,1,2,2,1,1,1,1,2,1,1,1,1,1,1,1,2,2,2,1,2,1,1
580,5,5,5,4,4,5,5,4,2,2,,30.0,,6.0,3.0,4.0,5.0,,,,6.0,,1.0,54.0,,,2.0,4.0,5.0,5.0,,,,,,,,15.0,,1.0,5.0,,,2.0,,5.0,,,,,,,,,,,,1.0,1.0,1.0,1.0,1.0,1.0,6,3,2,3,1,3,5,5,3,2,75.0,70.0,80.0,60.0,55.0,70.0,65.0,50.0,40.0,40.0,1,2,2,1,1,2,1,1,1,1,1,1,2,1,2,1,1,2,1,1,1,1,1,2,1,1,1,2,1,1,2,1,2,1,1,1,1,1,2,2
1215,5,5,5,5,5,5,5,4,2,2,30.0,,,2.0,5.0,4.0,3.0,,,,6.0,,1.0,54.0,,1.0,,,,,,,,4.0,5.0,5.0,18.0,,,2.0,,4.0,,,1.0,5.0,,,,,,,,,,,,1.0,1.0,1.0,1.0,1.0,1.0,6,3,3,3,2,4,5,5,3,2,70.0,70.0,75.0,70.0,65.0,70.0,75.0,60.0,40.0,40.0,1,2,2,2,1,1,1,2,1,2,1,2,1,2,2,1,1,1,1,2,1,1,1,1,1,1,1,2,1,2,1,2,2,1,2,1,1,2,1,1
1366,4,4,4,2,3,3,4,2,1,1,40.0,,,5.0,,,,5.0,4.0,3.0,6.0,,1.0,54.0,,,2.0,2.0,5.0,5.0,,,,,,,,10.0,1.0,,,,2.0,1.0,,,5.0,,,,,,,,,,,1.0,1.0,1.0,1.0,1.0,1.0,6,3,2,2,2,4,5,5,3,2,55.0,50.0,50.0,30.0,35.0,35.0,50.0,30.0,20.0,20.0,1,1,2,2,2,1,2,2,2,2,2,2,1,1,1,2,2,1,2,1,1,2,2,1,2,2,2,2,2,2,2,2,2,2,2,2,2,2,1,1
1409,5,5,5,5,5,5,5,5,1,1,30.0,,,6.0,,,,5.0,4.0,2.0,,7.0,,,1.0,,2.0,,,,,,,5.0,5.0,6.0,10.0,,,1.0,4.0,,,2.0,,6.0,,,,,,,,,,,,1.0,1.0,1.0,1.0,1.0,1.0,6,3,3,3,2,4,5,5,3,2,80.0,75.0,85.0,80.0,75.0,80.0,85.0,70.0,20.0,20.0,1,1,1,1,1,2,1,2,1,1,2,1,1,1,1,1,1,1,1,1,1,1,1,1,1,1,1,1,1,1,1,1,1,1,1,1,1,1,1,1
1180,5,5,5,5,5,5,5,5,2,2,30.0,,,6.0,3.0,4.0,5.0,,,,6.0,,1.0,54.0,,1.0,,4.0,5.0,6.0,,,,,,,15.0,,1.0,,,,3.0,,1.0,,5.0,1.0,1.0,1.0,1.0,1.0,1.0,1.0,1.0,1.0,1.0,,,,,,,6,3,2,2,1,3,5,5,3,2,85.0,80.0,85.0,80.0,75.0,80.0,85.0,70.0,40.0,40.0,2,2,2,2,1,2,1,2,2,2,1,2,1,2,2,1,2,2,1,2,2,2,2,2,2,2,1,1,2,1,1,2,2,1,2,2,1,2,2,2
1987,5,5,5,3,4,5,5,3,2,2,30.0,,5.0,,,,,5.0,4.0,2.0,6.0,,,,1.0,,2.0,,,,,,,2.0,5.0,5.0,15.0,,,2.0,5.0,,,,1.0,,5.0,1.0,1.0,1.0,1.0,1.0,1.0,1.0,1.0,1.0,1.0,,,,,,,6,3,2,2,2,5,6,6,3,2,70.0,65.0,75.0,40.0,50.0,70.0,80.0,40.0,30.0,30.0,2,1,1,2,1,2,1,1,2,1,2,2,1,1,2,2,1,1,2,1,2,1,2,1,2,1,1,2,1,1,1,2,2,1,1,1,2,1,2,1
98,5,5,5,5,5,5,5,5,2,2,,30.0,,6.0,3.0,4.0,3.0,,,,6.0,,,,1.0,1.0,,4.0,5.0,5.0,,,,,,,,10.0,1.0,,,4.0,,,1.0,,5.0,1.0,1.0,1.0,1.0,1.0,1.0,1.0,1.0,1.0,1.0,,,,,,,6,3,3,3,1,3,5,5,3,2,85.0,80.0,85.0,80.0,75.0,80.0,85.0,70.0,30.0,30.0,1,2,2,1,1,2,1,1,1,1,1,2,1,1,2,1,1,1,2,2,1,1,1,1,1,2,1,2,2,1,2,1,1,1,1,1,1,2,1,1
486,5,5,5,5,5,5,5,5,2,2,35.0,,5.0,,4.0,4.0,5.0,,,,,6.0,1.0,54.0,,,2.0,4.0,5.0,6.0,,,,,,,,15.0,1.0,,,,3.0,2.0,,,6.0,,,,,,,,,,,1.0,1.0,1.0,1.0,1.0,1.0,6,3,2,3,2,5,6,5,4,2,75.0,70.0,80.0,85.0,80.0,75.0,85.0,80.0,30.0,30.0,1,1,1,1,1,1,1,1,1,1,2,1,1,1,1,1,1,1,1,2,2,1,1,1,1,1,1,1,2,1,2,2,1,1,1,1,2,2,1,1
660,5,5,5,5,5,5,5,5,2,2,,30.0,,2.0,5.0,4.0,4.0,,,,6.0,,1.0,54.0,,,2.0,4.0,5.0,5.0,,,,,,,,10.0,,1.0,,6.0,,,1.0,5.0,,,,,,,,,,,,1.0,1.0,1.0,1.0,1.0,1.0,6,3,3,3,2,4,5,5,3,2,85.0,80.0,85.0,90.0,85.0,90.0,90.0,80.0,30.0,30.0,2,2,1,1,1,2,1,1,1,1,1,1,1,1,1,1,1,1,1,1,1,1,1,1,1,1,1,2,2,1,1,2,1,1,2,2,1,2,2,1
713,5,5,5,5,5,5,5,5,1,1,30.0,,,2.0,,,,5.0,4.0,2.0,6.0,,1.0,54.0,,,2.0,,,,4.0,5.0,5.0,,,,,15.0,,1.0,5.0,,,1.0,,,5.0,1.0,1.0,1.0,1.0,1.0,1.0,1.0,1.0,1.0,1.0,,,,,,,6,3,3,3,3,5,6,6,3,2,75.0,75.0,80.0,75.0,70.0,75.0,80.0,70.0,30.0,30.0,1,2,1,1,1,1,2,2,2,1,1,2,2,1,1,1,1,1,1,1,1,1,1,1,1,1,1,1,1,1,1,1,1,1,1,1,1,1,1,1
1086,5,5,5,5,5,5,5,5,1,1,,30.0,5.0,,4.0,4.0,3.0,,,,6.0,,,,1.0,,2.0,,,,,,,5.0,5.0,6.0,18.0,,1.0,,4.0,,,,1.0,5.0,,1.0,1.0,1.0,1.0,1.0,1.0,1.0,1.0,1.0,1.0,,,,,,,6,3,3,3,1,3,5,5,3,2,75.0,75.0,80.0,85.0,80.0,85.0,85.0,80.0,20.0,20.0,1,1,1,1,1,1,2,2,1,1,1,1,1,2,2,2,1,1,1,1,1,1,1,1,1,1,1,1,1,1,1,1,1,1,1,1,1,1,1,1
1260,5,5,5,5,5,5,5,5,1,1,30.0,,,2.0,,,,4.0,4.0,2.0,,6.0,,,1.0,,2.0,,,,,,,4.0,5.0,6.0,,15.0,,1.0,4.0,,,1.0,,,5.0,1.0,1.0,1.0,1.0,1.0,1.0,1.0,1.0,1.0,1.0,,,,,,,6,3,3,3,2,4,5,5,3,2,75.0,75.0,80.0,80.0,75.0,80.0,80.0,75.0,20.0,20.0,1,1,1,1,1,1,1,1,1,2,2,1,1,1,1,1,1,1,1,1,1,1,1,1,1,1,1,1,1,1,1,1,1,1,1,1,1,1,1,1
1313,4,4,4,2,3,4,4,2,2,2,,30.0,,2.0,2.0,3.0,3.0,,,,,6.0,,,1.0,,2.0,,,,2.0,5.0,5.0,,,,,15.0,1.0,,,4.0,,,1.0,5.0,,,,,,,,,,,,1.0,1.0,1.0,1.0,1.0,1.0,6,3,3,3,3,5,5,5,3,2,65.0,65.0,65.0,40.0,40.0,65.0,65.0,40.0,40.0,40.0,1,1,2,1,2,1,2,1,2,1,1,1,2,1,1,1,1,1,1,1,1,1,1,1,1,1,1,1,1,1,1,1,1,1,1,1,1,1,1,1
1946,5,5,5,5,5,5,5,5,1,1,,30.0,5.0,,4.0,3.0,3.0,,,,,6.0,,,1.0,,2.0,4.0,5.0,5.0,,,,,,,15.0,,,1.0,4.0,,,1.0,,,5.0,,,,,,,,,,,1.0,1.0,1.0,1.0,1.0,1.0,6,3,3,3,3,5,5,5,3,2,80.0,80.0,85.0,90.0,85.0,90.0,90.0,80.0,70.0,70.0,1,1,2,2,1,1,1,1,1,1,2,2,1,1,2,2,1,1,1,1,1,1,1,1,1,2,1,2,1,1,1,1,1,1,1,1,1,1,1,1
1835,4,4,4,2,3,3,4,2,1,1,40.0,,,2.0,5.0,3.0,2.0,,,,,6.0,1.0,54.0,,,2.0,,,,,,,2.0,5.0,5.0,,15.0,1.0,,,4.0,,,1.0,,5.0,1.0,1.0,1.0,1.0,1.0,1.0,1.0,1.0,1.0,1.0,,,,,,,6,3,2,2,2,4,5,5,3,2,65.0,60.0,55.0,40.0,45.0,50.0,55.0,30.0,25.0,20.0,1,1,1,1,1,1,1,1,1,1,1,1,1,1,1,1,1,1,1,1,1,1,1,1,1,1,1,1,1,1,1,1,1,1,1,1,1,1,1,1
59,5,5,5,2,3,4,5,2,2,3,30.0,,,2.0,,,,5.0,4.0,2.0,,6.0,,,1.0,,2.0,,,,4.0,5.0,5.0,,,,15.0,,1.0,,4.0,,,,1.0,,5.0,,,,,,,,,,,1.0,1.0,1.0,1.0,1.0,1.0,6,3,3,3,2,5,6,6,3,2,70.0,65.0,75.0,40.0,50.0,60.0,70.0,30.0,25.0,40.0,1,2,1,1,1,1,2,1,2,1,2,1,1,2,1,2,2,1,1,1,1,1,2,1,1,1,2,1,1,1,2,1,1,2,1,1,2,1,2,1
2028,5,5,5,5,5,5,5,5,1,1,30.0,,5.0,,4.0,3.0,3.0,,,,6.0,,,,1.0,1.0,,4.0,5.0,5.0,,,,,,,,15.0,1.0,,,,3.0,1.0,,5.0,,1.0,1.0,1.0,1.0,1.0,1.0,1.0,1.0,1.0,1.0,,,,,,,6,2,2,2,1,3,5,5,3,2,85.0,85.0,90.0,90.0,90.0,90.0,90.0,90.0,10.0,10.0,2,1,1,2,1,1,1,1,1,1,1,1,1,1,2,1,1,2,2,1,1,1,2,2,1,2,2,1,1,1,2,1,2,1,1,2,1,1,1,1
328,5,5,5,4,4,5,5,4,2,2,30.0,,4.0,,3.0,4.0,5.0,,,,6.0,,1.0,54.0,,,2.0,,,,4.0,5.0,5.0,,,,15.0,,,1.0,4.0,,,2.0,,,5.0,1.0,1.0,1.0,1.0,1.0,1.0,1.0,1.0,1.0,1.0,,,,,,,6,3,2,2,1,3,5,5,3,2,70.0,65.0,75.0,50.0,55.0,70.0,60.0,50.0,40.0,45.0,1,2,1,2,1,1,2,1,2,1,2,2,1,1,2,1,2,1,1,1,2,1,1,2,1,1,2,1,2,2,1,1,1,1,2,1,1,2,1,1
447,4,4,5,2,3,3,4,2,2,2,40.0,,,2.0,5.0,3.0,4.0,,,,,6.0,1.0,54.0,,1.0,,4.0,5.0,5.0,,,,,,,,15.0,,2.0,,4.0,,,1.0,,5.0,,,,,,,,,,,1.0,1.0,1.0,1.0,1.0,1.0,6,3,3,3,2,4,5,5,3,2,65.0,60.0,70.0,30.0,40.0,40.0,60.0,30.0,30.0,30.0,2,1,1,2,1,2,2,2,1,1,1,1,2,1,2,2,1,2,1,1,1,2,2,1,1,1,1,2,2,1,2,2,2,1,1,2,2,1,1,2
534,5,5,5,4,4,5,5,4,2,2,40.0,,6.0,,,,,5.0,4.0,2.0,,6.0,1.0,54.0,,1.0,,,,,,,,2.0,5.0,5.0,,15.0,1.0,,,,3.0,,1.0,5.0,,1.0,1.0,1.0,1.0,1.0,1.0,1.0,1.0,1.0,1.0,,,,,,,6,3,2,2,2,4,5,5,3,2,70.0,70.0,75.0,60.0,60.0,70.0,70.0,60.0,40.0,40.0,2,1,1,2,2,1,1,2,2,1,1,2,2,2,2,1,2,1,1,2,2,1,2,1,2,2,1,1,1,1,1,1,2,2,2,1,2,2,2,2
1728,5,5,5,5,5,5,5,5,1,1,,30.0,,2.0,4.0,3.0,3.0,,,,6.0,,,,1.0,1.0,,,,,,,,5.0,5.0,6.0,,15.0,,2.0,,6.0,,1.0,,,6.0,1.0,1.0,1.0,1.0,1.0,1.0,1.0,1.0,1.0,1.0,,,,,,,6,3,3,3,2,5,5,5,3,2,75.0,75.0,80.0,80.0,75.0,80.0,80.0,75.0,40.0,40.0,1,2,1,1,2,1,1,2,1,1,2,2,1,1,1,1,1,2,1,2,2,1,1,2,1,1,1,1,1,1,1,1,1,1,2,1,2,1,1,2
1047,4,4,4,2,3,4,4,2,2,2,,30.0,4.0,,3.0,4.0,2.0,,,,,6.0,,,1.0,,2.0,2.0,5.0,5.0,,,,,,,15.0,,1.0,,4.0,,,1.0,,,5.0,1.0,1.0,1.0,1.0,1.0,1.0,1.0,1.0,1.0,1.0,,,,,,,6,3,3,3,2,4,6,6,3,2,60.0,55.0,55.0,40.0,45.0,50.0,50.0,40.0,35.0,35.0,2,1,2,2,1,1,2,2,2,2,2,1,2,2,1,1,2,2,1,1,1,1,1,2,2,1,1,1,1,1,2,2,2,2,2,2,2,2,2,2
1134,5,5,5,5,5,5,5,5,1,1,,30.0,,5.0,,,,4.0,4.0,2.0,6.0,,1.0,54.0,,1.0,,,,,5.0,5.0,6.0,,,,,15.0,,1.0,5.0,,,2.0,,6.0,,1.0,1.0,1.0,1.0,1.0,1.0,1.0,1.0,1.0,1.0,,,,,,,6,3,3,3,2,4,5,5,3,2,75.0,70.0,80.0,85.0,80.0,85.0,90.0,80.0,20.0,20.0,1,1,1,1,2,2,1,1,1,1,2,2,1,1,1,1,1,1,1,1,1,1,1,1,2,1,2,1,1,1,2,1,1,1,2,1,1,1,1,1
105,5,5,5,4,4,5,5,4,2,2,,30.0,,2.0,,,,5.0,4.0,2.0,6.0,,,,1.0,,2.0,4.0,5.0,5.0,,,,,,,,15.0,,1.0,4.0,,,1.0,,5.0,,1.0,1.0,1.0,1.0,1.0,1.0,1.0,1.0,1.0,1.0,,,,,,,6,3,3,3,2,4,5,5,3,2,75.0,70.0,80.0,60.0,55.0,70.0,75.0,50.0,40.0,45.0,1,2,2,1,2,1,1,2,2,1,1,1,2,1,1,2,1,1,1,2,1,1,2,2,1,2,1,2,2,2,2,2,1,1,1,1,2,2,2,1
719,5,5,5,5,5,5,5,5,2,2,,30.0,4.0,,,,,5.0,4.0,2.0,,6.0,,,1.0,1.0,,,,,4.0,5.0,5.0,,,,15.0,,1.0,,,6.0,,2.0,,,5.0,,,,,,,,,,,1.0,1.0,1.0,1.0,1.0,1.0,6,3,3,3,2,4,5,5,3,2,80.0,75.0,85.0,80.0,75.0,80.0,85.0,70.0,40.0,40.0,2,1,1,1,1,1,2,1,1,1,1,1,1,1,1,2,1,1,1,2,2,2,1,1,1,1,2,1,2,1,1,2,1,2,1,1,1,2,1,2
290,5,5,5,5,5,5,5,5,2,2,,30.0,5.0,,,,,5.0,4.0,2.0,,6.0,1.0,54.0,,,2.0,,,,5.0,5.0,6.0,,,,15.0,,,1.0,,6.0,,,1.0,,6.0,,,,,,,,,,,1.0,1.0,1.0,1.0,1.0,1.0,6,3,3,3,3,5,6,6,3,2,75.0,75.0,80.0,85.0,80.0,85.0,85.0,80.0,30.0,30.0,1,2,1,2,1,1,1,2,2,1,1,2,1,1,1,2,1,2,1,1,1,1,1,2,1,1,1,1,1,1,1,1,1,1,1,2,1,1,1,1
1476,5,5,5,5,5,5,5,4,2,2,30.0,,4.0,,,,,5.0,4.0,2.0,,6.0,,,1.0,1.0,,4.0,5.0,5.0,,,,,,,15.0,,,1.0,4.0,,,1.0,,,5.0,,,,,,,,,,,1.0,1.0,1.0,1.0,1.0,1.0,6,3,2,2,2,5,6,6,3,2,80.0,75.0,85.0,70.0,65.0,75.0,80.0,60.0,40.0,40.0,1,1,1,1,1,2,1,1,2,2,1,2,1,1,1,1,1,1,1,1,1,1,1,1,1,1,1,1,1,1,1,1,1,1,1,1,1,1,1,1
1505,5,5,5,5,5,5,5,5,1,1,,30.0,5.0,,,,,5.0,4.0,2.0,6.0,,1.0,54.0,,,2.0,4.0,5.0,5.0,,,,,,,15.0,,1.0,,,4.0,,2.0,,,5.0,,,,,,,,,,,1.0,1.0,1.0,1.0,1.0,1.0,6,3,3,3,3,5,6,6,3,2,75.0,70.0,80.0,85.0,80.0,75.0,85.0,80.0,20.0,20.0,1,1,2,2,1,1,1,1,1,2,1,2,2,1,1,1,1,2,1,1,1,2,1,1,1,2,1,2,1,2,1,1,1,2,1,1,2,2,1,2
1319,5,4,5,2,3,4,5,3,1,2,35.0,,,2.0,4.0,3.0,2.0,,,,,6.0,,,1.0,,2.0,4.0,5.0,5.0,,,,,,,15.0,,1.0,,,,3.0,,1.0,,5.0,1.0,1.0,1.0,1.0,1.0,1.0,1.0,1.0,1.0,1.0,,,,,,,6,3,2,3,2,5,6,5,3,2,70.0,65.0,75.0,40.0,50.0,55.0,60.0,45.0,30.0,35.0,1,1,1,1,1,1,1,1,1,1,1,1,1,1,1,1,1,1,1,1,1,1,1,1,1,1,1,1,1,1,1,1,1,1,1,1,1,1,1,1
1690,4,4,4,2,4,4,4,2,2,2,,30.0,,2.0,4.0,4.0,2.0,,,,,6.0,1.0,54.0,,1.0,,,,,4.0,5.0,5.0,,,,18.0,,1.0,,4.0,,,,1.0,5.0,,1.0,1.0,1.0,1.0,1.0,1.0,1.0,1.0,1.0,1.0,,,,,,,6,3,3,3,2,4,5,5,3,2,65.0,65.0,65.0,40.0,50.0,60.0,70.0,30.0,30.0,30.0,1,1,2,1,1,2,1,2,2,1,2,1,2,2,1,1,1,1,2,1,1,2,1,1,2,1,2,1,2,2,1,2,1,1,1,1,1,2,1,1
977,5,5,5,5,5,5,5,5,1,1,20.0,,4.0,,,,,4.0,4.0,2.0,,6.0,,,1.0,,2.0,2.0,5.0,5.0,,,,,,,15.0,,1.0,,4.0,,,,1.0,5.0,,1.0,1.0,1.0,1.0,1.0,1.0,1.0,1.0,1.0,1.0,,,,,,,6,3,3,3,2,3,5,5,3,2,85.0,85.0,90.0,90.0,85.0,90.0,90.0,85.0,15.0,15.0,1,2,1,1,2,1,2,1,1,1,2,1,2,2,1,2,1,1,2,1,1,1,1,1,2,1,1,1,1,1,1,1,1,1,1,1,1,1,1,1
92,4,4,4,2,3,4,4,2,1,1,35.0,,4.0,,,,,5.0,4.0,2.0,,6.0,,,1.0,1.0,,4.0,5.0,5.0,,,,,,,,15.0,1.0,,,,3.0,,1.0,,5.0,,,,,,,,,,,1.0,1.0,1.0,1.0,1.0,1.0,6,3,2,3,2,5,6,5,3,2,65.0,60.0,65.0,30.0,40.0,50.0,55.0,25.0,20.0,20.0,1,2,2,1,2,1,2,1,2,2,2,1,1,2,2,1,1,2,1,1,2,1,2,2,1,1,1,1,2,1,2,1,2,1,2,1,1,2,1,2
804,5,5,5,5,5,5,5,5,2,2,,30.0,5.0,,5.0,4.0,3.0,,,,,6.0,1.0,54.0,,1.0,,4.0,5.0,5.0,,,,,,,15.0,,1.0,,4.0,,,,1.0,,5.0,,,,,,,,,,,1.0,1.0,1.0,1.0,1.0,1.0,6,3,2,2,2,4,5,5,3,2,75.0,70.0,80.0,75.0,70.0,75.0,80.0,70.0,40.0,40.0,1,1,1,1,1,1,1,2,1,1,2,2,2,2,1,2,2,1,2,2,1,1,1,1,1,2,2,1,1,2,2,2,2,1,1,1,1,1,1,1
251,5,5,5,5,5,5,5,5,1,1,,15.0,5.0,,,,,5.0,4.0,2.0,6.0,,1.0,54.0,,,2.0,,,,,,,5.0,5.0,6.0,,18.0,1.0,,,,3.0,2.0,,,6.0,1.0,1.0,1.0,1.0,1.0,1.0,1.0,1.0,1.0,1.0,,,,,,,6,3,3,3,2,6,6,6,4,2,75.0,75.0,80.0,85.0,80.0,85.0,90.0,80.0,20.0,20.0,2,1,1,1,2,1,2,1,1,1,1,1,2,1,2,1,1,2,1,1,2,2,1,2,1,2,1,1,1,1,2,2,1,1,2,2,1,1,2,1
322,5,5,5,5,5,5,5,5,1,1,30.0,,5.0,,,,,4.0,3.0,2.0,,6.0,1.0,54.0,,1.0,,,,,,,,5.0,5.0,6.0,,15.0,1.0,,,4.0,,,1.0,,6.0,1.0,1.0,1.0,1.0,1.0,1.0,1.0,1.0,1.0,1.0,,,,,,,6,3,3,3,3,5,5,5,3,2,70.0,70.0,70.0,70.0,70.0,70.0,70.0,70.0,30.0,30.0,1,1,1,1,1,1,1,1,1,1,1,1,1,1,1,1,1,1,1,1,1,1,1,1,1,1,1,1,1,1,1,1,1,1,1,1,1,1,1,1
1651,5,5,5,5,5,5,5,4,2,2,30.0,,,5.0,,,,5.0,4.0,2.0,,6.0,,,1.0,1.0,,,,,4.0,5.0,5.0,,,,15.0,,1.0,,,4.0,,2.0,,,5.0,,,,,,,,,,,1.0,1.0,1.0,1.0,1.0,1.0,6,2,2,3,2,5,6,6,3,2,80.0,75.0,85.0,80.0,75.0,80.0,85.0,70.0,40.0,40.0,1,1,1,1,1,1,1,1,1,1,1,1,1,1,1,1,1,1,1,1,1,1,1,1,1,1,1,1,1,1,1,1,1,1,1,1,1,1,1,1
1722,5,5,5,5,5,5,5,4,2,2,30.0,,6.0,,3.0,4.0,2.0,,,,,6.0,,,1.0,1.0,,,,,,,,4.0,5.0,6.0,15.0,,,1.0,,5.0,,,1.0,,5.0,,,,,,,,,,,1.0,1.0,1.0,1.0,1.0,1.0,6,3,2,3,1,3,5,5,3,2,80.0,75.0,85.0,70.0,65.0,75.0,80.0,60.0,40.0,40.0,1,2,1,1,2,1,2,1,2,2,1,1,2,1,2,2,1,1,1,2,1,1,1,1,2,1,1,1,2,1,2,1,2,2,2,1,1,1,2,2
53,5,4,5,5,5,5,5,4,2,2,40.0,,5.0,,5.0,4.0,2.0,,,,6.0,,1.0,54.0,,1.0,,4.0,5.0,5.0,,,,,,,,15.0,1.0,,,3.0,,2.0,,,5.0,,,,,,,,,,,1.0,1.0,1.0,1.0,1.0,1.0,6,3,3,3,2,4,5,5,3,2,75.0,70.0,80.0,75.0,70.0,75.0,80.0,65.0,40.0,40.0,1,2,2,2,1,1,2,2,2,2,1,1,2,1,1,2,1,1,1,1,2,1,1,1,2,1,2,1,1,2,1,2,2,1,2,1,2,2,1,1
2022,5,5,5,5,5,5,5,5,1,1,30.0,,,5.0,,,,6.0,4.0,2.0,,6.0,,,1.0,1.0,,4.0,5.0,6.0,,,,,,,,15.0,1.0,,,6.0,,2.0,,,6.0,,,,,,,,,,,1.0,1.0,1.0,1.0,1.0,1.0,6,3,3,3,3,5,6,6,4,2,70.0,70.0,80.0,80.0,80.0,80.0,80.0,70.0,30.0,30.0,1,1,1,1,1,1,1,1,2,1,1,1,1,1,2,2,1,1,1,1,1,1,1,1,2,2,1,1,1,1,1,1,1,1,1,1,1,2,2,1
438,5,5,5,5,5,5,5,5,2,2,30.0,,5.0,,4.0,4.0,3.0,,,,,6.0,1.0,54.0,,,2.0,4.0,5.0,5.0,,,,,,,18.0,,1.0,,,,3.0,,1.0,,6.0,1.0,1.0,1.0,1.0,1.0,1.0,1.0,1.0,1.0,1.0,,,,,,,6,3,2,3,1,3,6,6,3,2,80.0,75.0,85.0,80.0,75.0,80.0,85.0,70.0,30.0,30.0,1,1,1,2,1,2,1,1,1,1,2,1,1,1,1,2,1,2,1,1,1,1,1,1,1,1,1,2,1,1,1,2,2,1,2,2,1,1,1,1
224,5,5,5,5,5,5,5,5,1,1,40.0,,,5.0,,,,5.0,4.0,2.0,,6.0,1.0,54.0,,,2.0,,,,5.0,5.0,6.0,,,,18.0,,,1.0,5.0,,,,1.0,6.0,,,,,,,,,,,,1.0,1.0,1.0,1.0,1.0,1.0,6,3,3,3,2,4,5,5,4,2,85.0,85.0,90.0,90.0,85.0,90.0,90.0,85.0,20.0,20.0,1,1,1,1,1,1,1,1,1,1,1,1,1,1,1,1,1,1,1,1,1,1,1,1,1,1,1,1,1,1,1,1,1,1,1,1,1,1,1,1
357,4,4,5,2,3,4,5,2,1,1,40.0,,,2.0,,,,5.0,4.0,2.0,6.0,,,,1.0,,2.0,,,,,,,2.0,5.0,5.0,,12.0,1.0,,4.0,,,2.0,,5.0,,1.0,1.0,1.0,1.0,1.0,1.0,1.0,1.0,1.0,1.0,,,,,,,6,3,3,3,2,3,5,5,3,2,60.0,55.0,65.0,30.0,40.0,50.0,60.0,25.0,20.0,15.0,2,1,2,1,1,1,1,2,2,1,2,1,2,1,1,2,1,2,1,1,1,1,1,1,1,1,1,2,1,1,1,1,1,1,1,2,1,1,1,1
1038,5,5,5,4,4,5,5,4,2,2,30.0,,,2.0,,,,4.0,3.0,2.0,,6.0,1.0,54.0,,1.0,,4.0,5.0,5.0,,,,,,,15.0,,,1.0,,,3.0,,1.0,5.0,,1.0,1.0,1.0,1.0,1.0,1.0,1.0,1.0,1.0,1.0,,,,,,,6,3,3,3,2,4,5,5,3,2,75.0,70.0,80.0,60.0,55.0,75.0,70.0,50.0,40.0,40.0,1,1,1,1,1,1,1,1,1,1,1,1,1,1,1,1,1,1,1,1,1,1,1,1,1,1,1,1,1,1,1,1,1,1,1,1,1,1,1,1
1624,5,5,5,4,4,5,5,4,2,2,30.0,,5.0,,,,,5.0,4.0,2.0,,6.0,1.0,54.0,,1.0,,,,,5.0,5.0,5.0,,,,,15.0,1.0,,,,3.0,2.0,,5.0,,1.0,1.0,1.0,1.0,1.0,1.0,1.0,1.0,1.0,1.0,,,,,,,6,2,3,3,1,5,5,5,3,2,70.0,70.0,75.0,60.0,60.0,70.0,70.0,50.0,40.0,40.0,1,2,1,2,1,2,2,2,1,1,2,2,1,1,2,1,1,2,1,1,1,2,1,1,1,2,1,1,2,1,2,1,1,2,1,1,1,2,1,1
1757,5,5,5,2,3,5,5,2,2,2,30.0,,5.0,,,,,5.0,5.0,2.0,6.0,,1.0,54.0,,1.0,,,,,,,,2.0,5.0,5.0,15.0,,,1.0,,4.0,,,1.0,5.0,,,,,,,,,,,,1.0,1.0,1.0,1.0,1.0,1.0,6,3,3,3,2,4,5,5,3,2,75.0,70.0,80.0,40.0,50.0,70.0,70.0,40.0,40.0,40.0,1,1,1,1,1,1,1,1,2,1,1,1,1,1,1,1,1,2,1,1,1,1,1,2,1,1,2,2,2,1,2,2,1,2,2,2,2,2,1,2
1939,5,5,5,4,4,5,5,4,2,3,,30.0,5.0,,,,,5.0,4.0,2.0,,6.0,,,1.0,1.0,,,,,,,,4.0,5.0,5.0,5.0,,,2.0,,,3.0,1.0,,,5.0,1.0,1.0,1.0,1.0,1.0,1.0,1.0,1.0,1.0,1.0,,,,,,,6,3,3,3,1,5,6,6,3,2,75.0,70.0,80.0,60.0,55.0,75.0,70.0,60.0,40.0,50.0,1,1,1,1,1,1,1,1,1,1,1,1,1,1,1,2,1,2,1,1,1,1,1,1,1,1,1,1,1,1,1,1,1,1,1,1,1,1,1,1
2057,5,5,5,5,5,5,5,5,1,1,35.0,,,5.0,,,,4.0,3.0,2.0,,6.0,,,1.0,1.0,,,,,,,,5.0,5.0,6.0,15.0,,1.0,,4.0,,,,1.0,6.0,,,,,,,,,,,,1.0,1.0,1.0,1.0,1.0,1.0,6,3,3,3,3,5,5,5,4,2,80.0,75.0,85.0,90.0,85.0,90.0,90.0,80.0,20.0,20.0,1,1,2,1,1,1,1,1,2,1,2,2,1,1,1,2,1,1,2,1,1,1,1,1,1,1,1,1,1,1,2,1,1,1,2,1,1,1,1,1
26,5,5,5,5,5,5,5,5,1,1,,30.0,,6.0,3.0,3.0,3.0,,,,6.0,,1.0,54.0,,,2.0,,,,,,,5.0,5.0,6.0,,15.0,,1.0,,,3.0,,1.0,6.0,,,,,,,,,,,,1.0,1.0,1.0,1.0,1.0,1.0,6,3,3,3,3,5,5,5,4,2,75.0,75.0,80.0,85.0,80.0,80.0,85.0,80.0,20.0,20.0,2,1,1,1,2,1,1,2,1,2,1,2,1,1,2,2,1,1,2,2,1,1,1,1,1,1,1,2,1,1,2,1,1,1,2,1,1,2,2,1
396,5,5,5,5,5,5,5,5,1,1,,30.0,,5.0,5.0,4.0,4.0,,,,,6.0,,,1.0,,2.0,,,,5.0,5.0,6.0,,,,,15.0,,1.0,4.0,,,,1.0,,5.0,1.0,1.0,1.0,1.0,1.0,1.0,1.0,1.0,1.0,1.0,,,,,,,6,3,3,3,2,4,5,5,3,1,80.0,80.0,85.0,85.0,80.0,85.0,85.0,80.0,20.0,20.0,1,1,1,2,2,2,1,1,1,2,1,1,2,2,1,1,1,2,2,1,1,1,1,1,1,1,1,1,1,1,1,1,1,1,1,1,1,1,1,1
170,4,4,4,2,3,3,4,2,2,2,,30.0,5.0,,,,,5.0,4.0,2.0,,6.0,1.0,54.0,,,2.0,4.0,4.0,5.0,,,,,,,,12.0,,1.0,,,3.0,2.0,,5.0,,1.0,1.0,1.0,1.0,1.0,1.0,1.0,1.0,1.0,1.0,,,,,,,6,3,3,3,1,4,5,5,3,1,60.0,55.0,60.0,30.0,40.0,40.0,50.0,30.0,30.0,30.0,1,2,1,2,1,1,2,1,2,1,2,1,2,1,1,2,1,2,2,1,2,1,1,1,2,1,2,2,1,1,1,2,1,2,1,1,2,1,2,1
1796,5,5,5,2,3,4,5,2,2,2,30.0,,6.0,,,,,5.0,4.0,2.0,6.0,,1.0,54.0,,1.0,,4.0,5.0,5.0,,,,,,,,15.0,1.0,,,,3.0,2.0,,5.0,,,,,,,,,,,,1.0,1.0,1.0,1.0,1.0,1.0,6,3,3,3,2,4,5,5,3,2,70.0,65.0,75.0,40.0,50.0,55.0,70.0,45.0,40.0,40.0,2,1,1,2,2,1,1,1,1,1,2,1,2,1,1,2,1,1,1,2,1,2,1,1,1,2,1,1,2,1,1,2,1,2,2,1,1,1,1,1
1403,5,5,5,5,5,5,5,5,2,2,30.0,,,2.0,4.0,3.0,3.0,,,,6.0,,,,1.0,,2.0,,,,4.0,5.0,6.0,,,,15.0,,1.0,,5.0,,,,1.0,,5.0,1.0,1.0,1.0,1.0,1.0,1.0,1.0,1.0,1.0,1.0,,,,,,,6,3,2,2,2,4,5,5,3,2,80.0,75.0,85.0,90.0,85.0,90.0,90.0,80.0,30.0,30.0,2,1,2,1,1,1,2,1,1,2,2,1,2,2,2,1,1,2,2,2,2,1,2,2,1,1,1,1,1,1,1,1,1,2,1,2,1,2,2,1
1570,5,5,5,5,5,5,5,5,2,2,30.0,,4.0,,5.0,4.0,5.0,,,,,6.0,,,1.0,1.0,,,,,5.0,5.0,6.0,,,,,15.0,1.0,,,,3.0,,1.0,5.0,,1.0,1.0,1.0,1.0,1.0,1.0,1.0,1.0,1.0,1.0,,,,,,,6,2,3,3,1,3,5,5,3,2,85.0,80.0,85.0,80.0,75.0,85.0,90.0,70.0,40.0,40.0,1,2,1,1,1,2,1,1,1,2,1,2,1,2,1,1,2,1,1,1,2,2,1,1,1,2,2,1,1,2,1,2,1,1,2,1,1,2,1,1
902,4,4,4,3,3,4,4,3,2,2,30.0,,,2.0,,,,5.0,4.0,2.0,6.0,,1.0,54.0,,,2.0,,,,,,,2.0,5.0,5.0,,15.0,1.0,,,4.0,,,1.0,,5.0,1.0,1.0,1.0,1.0,1.0,1.0,1.0,1.0,1.0,1.0,,,,,,,6,3,3,3,2,5,6,6,3,2,60.0,55.0,60.0,40.0,40.0,55.0,55.0,40.0,30.0,30.0,2,2,1,1,1,2,1,1,1,1,2,2,1,1,2,2,2,2,1,2,2,2,2,1,1,2,2,2,2,2,2,2,2,1,1,2,2,2,1,1
871,4,4,4,4,4,4,4,4,2,2,40.0,,4.0,,,,,4.0,4.0,2.0,6.0,,,,1.0,,2.0,3.0,5.0,5.0,,,,,,,15.0,,1.0,,,5.0,,,1.0,5.0,,,,,,,,,,,,1.0,1.0,1.0,1.0,1.0,1.0,6,3,3,3,3,5,5,5,3,2,65.0,65.0,65.0,65.0,65.0,65.0,65.0,65.0,35.0,35.0,1,1,1,2,1,1,1,1,1,1,1,1,1,1,1,1,1,1,1,1,1,1,1,1,1,1,1,1,1,1,1,1,1,1,1,1,1,1,1,1
323,5,5,5,5,5,5,5,5,1,1,30.0,,6.0,,3.0,4.0,5.0,,,,6.0,,1.0,54.0,,1.0,,4.0,5.0,6.0,,,,,,,,15.0,,1.0,5.0,,,2.0,,,6.0,1.0,1.0,1.0,1.0,1.0,1.0,1.0,1.0,1.0,1.0,,,,,,,6,3,3,3,2,4,5,5,3,2,85.0,85.0,85.0,85.0,85.0,85.0,85.0,85.0,15.0,15.0,1,2,1,1,1,2,2,1,1,1,1,2,1,2,1,2,1,1,2,2,1,2,1,1,1,2,1,1,1,1,1,2,2,1,2,1,1,1,2,1
250,5,5,5,2,3,5,5,2,2,2,,30.0,5.0,,4.0,3.0,3.0,,,,,6.0,1.0,54.0,,1.0,,,,,,,,2.0,5.0,5.0,,15.0,1.0,,,,3.0,,1.0,5.0,,,,,,,,,,,,1.0,1.0,1.0,1.0,1.0,1.0,6,3,3,3,3,5,5,5,3,2,70.0,70.0,70.0,30.0,40.0,70.0,70.0,30.0,30.0,30.0,1,1,2,2,1,1,1,1,1,1,1,2,1,2,2,1,1,2,1,1,1,1,1,1,1,1,1,1,1,1,1,1,1,1,1,1,1,1,1,1
1723,5,4,5,5,5,5,5,5,2,2,30.0,,4.0,,,,,4.0,5.0,2.0,6.0,,1.0,54.0,,1.0,,,,,,,,4.0,5.0,5.0,15.0,,1.0,,4.0,,,,1.0,,5.0,,,,,,,,,,,1.0,1.0,1.0,1.0,1.0,1.0,6,3,3,3,3,4,5,5,3,2,75.0,65.0,80.0,70.0,70.0,75.0,80.0,70.0,40.0,40.0,1,1,1,1,1,2,1,1,2,2,1,2,2,1,1,1,2,2,1,1,2,1,1,1,1,1,1,2,1,1,1,1,1,2,2,1,1,1,1,1
1650,5,5,5,5,5,5,5,5,1,1,30.0,,,2.0,4.0,4.0,3.0,,,,,6.0,1.0,54.0,,,2.0,,,,5.0,5.0,6.0,,,,,15.0,,2.0,4.0,,,,1.0,,6.0,,,,,,,,,,,1.0,1.0,1.0,1.0,1.0,1.0,6,3,2,2,2,4,6,6,4,2,75.0,75.0,80.0,85.0,80.0,85.0,85.0,80.0,20.0,20.0,1,1,2,2,1,2,1,2,1,2,1,1,1,1,1,1,1,2,1,2,2,1,1,2,1,2,1,2,2,1,1,2,1,2,2,1,2,2,1,2
2023,5,5,5,5,5,5,5,5,2,2,30.0,,6.0,,4.0,3.0,5.0,,,,,6.0,1.0,54.0,,,2.0,4.0,5.0,5.0,,,,,,,,15.0,1.0,,,4.0,,,1.0,5.0,,,,,,,,,,,,1.0,1.0,1.0,1.0,1.0,1.0,6,2,3,3,1,5,6,6,3,2,85.0,80.0,85.0,80.0,75.0,80.0,85.0,75.0,30.0,30.0,1,1,2,1,2,1,1,2,1,2,2,2,1,1,1,2,2,2,1,1,1,1,2,1,1,2,2,1,1,2,2,1,2,1,2,1,1,1,2,1
52,5,5,5,5,5,5,5,5,2,2,,30.0,4.0,,,,,4.0,4.0,2.0,,6.0,,,1.0,,2.0,,,,2.0,5.0,5.0,,,,,10.0,,1.0,,5.0,,,1.0,5.0,,1.0,1.0,1.0,1.0,1.0,1.0,1.0,1.0,1.0,1.0,,,,,,,6,2,3,3,2,5,6,6,3,2,85.0,80.0,85.0,80.0,75.0,80.0,85.0,75.0,30.0,30.0,1,1,1,1,1,1,1,1,1,1,1,1,1,1,1,1,1,1,1,1,1,1,1,1,1,1,1,1,1,1,1,1,1,1,1,1,1,1,1,1
291,4,4,4,4,4,4,4,4,1,1,,30.0,5.0,,,,,5.0,5.0,2.0,6.0,,,,1.0,1.0,,2.0,5.0,5.0,,,,,,,,15.0,1.0,,4.0,,,,1.0,,5.0,,,,,,,,,,,1.0,1.0,1.0,1.0,1.0,1.0,6,3,3,3,3,5,6,6,3,2,70.0,70.0,70.0,60.0,60.0,60.0,60.0,50.0,30.0,30.0,1,2,1,1,1,1,1,1,2,1,1,1,2,1,1,1,1,1,1,1,1,1,1,1,1,2,2,1,1,1,1,1,1,2,1,1,1,2,1,1
718,5,5,5,5,5,5,5,5,2,2,,30.0,4.0,,,,,5.0,6.0,2.0,,6.0,,,1.0,1.0,,4.0,5.0,5.0,,,,,,,18.0,,,1.0,4.0,,,1.0,,,5.0,1.0,1.0,1.0,1.0,1.0,1.0,1.0,1.0,1.0,1.0,,,,,,,6,3,3,3,2,5,6,6,3,2,80.0,75.0,85.0,70.0,65.0,75.0,80.0,70.0,40.0,50.0,1,2,1,2,2,2,1,1,2,1,1,1,2,1,1,2,2,1,1,1,1,2,2,1,2,1,2,2,1,1,2,1,2,1,2,1,1,2,2,1
104,4,4,4,2,3,4,4,2,1,1,,30.0,4.0,,,,,5.0,4.0,2.0,6.0,,,,1.0,,2.0,,,,,,,4.0,5.0,5.0,15.0,,1.0,,4.0,,,,1.0,5.0,,1.0,1.0,1.0,1.0,1.0,1.0,1.0,1.0,1.0,1.0,,,,,,,6,3,3,3,2,4,5,5,3,2,65.0,60.0,70.0,40.0,50.0,60.0,70.0,30.0,20.0,20.0,1,2,2,2,1,2,1,2,1,2,1,1,2,1,1,1,1,1,1,1,1,1,1,1,2,2,1,2,2,1,1,2,2,1,2,1,1,1,1,1
1691,5,5,5,5,5,5,5,5,2,2,30.0,,,6.0,5.0,3.0,6.0,,,,6.0,,1.0,54.0,,1.0,,,,,,,,5.0,5.0,6.0,15.0,,1.0,,5.0,,,2.0,,6.0,,,,,,,,,,,,1.0,1.0,1.0,1.0,1.0,1.0,6,3,3,3,1,4,5,5,3,2,85.0,80.0,85.0,80.0,75.0,80.0,85.0,75.0,40.0,40.0,1,2,2,2,1,1,2,1,2,1,1,1,2,1,2,1,1,1,1,1,1,2,1,1,2,2,1,1,2,1,1,1,1,2,2,1,2,1,2,1
1318,5,4,5,5,5,5,5,5,1,1,,30.0,,2.0,,,,4.0,5.0,2.0,6.0,,,,1.0,,2.0,,,,,,,5.0,5.0,5.0,,15.0,1.0,,,,3.0,2.0,,,5.0,,,,,,,,,,,1.0,1.0,1.0,1.0,1.0,1.0,6,3,2,3,2,5,6,5,3,2,75.0,70.0,80.0,85.0,80.0,85.0,90.0,80.0,30.0,30.0,1,1,1,1,2,1,1,1,1,1,2,1,1,2,1,1,2,2,1,1,1,1,1,2,1,1,1,2,1,1,1,2,1,1,1,2,2,2,2,2
1504,5,5,5,5,5,5,5,5,1,1,,30.0,,2.0,,,,4.0,4.0,2.0,,6.0,,,1.0,1.0,,4.0,5.0,5.0,,,,,,,15.0,,,2.0,,6.0,,,1.0,5.0,,1.0,1.0,1.0,1.0,1.0,1.0,1.0,1.0,1.0,1.0,,,,,,,6,3,3,3,2,5,5,5,3,2,75.0,75.0,80.0,85.0,80.0,85.0,85.0,80.0,20.0,20.0,1,1,1,1,1,1,1,1,1,1,1,1,1,1,1,1,1,1,1,1,1,1,1,1,1,1,1,1,1,1,1,1,1,1,1,1,1,1,1,1
1477,5,5,5,5,5,5,5,5,1,1,30.0,,,5.0,,,,4.0,4.0,2.0,,6.0,1.0,54.0,,1.0,,,,,,,,4.0,5.0,6.0,15.0,,1.0,,,,3.0,2.0,,5.0,,,,,,,,,,,,1.0,1.0,1.0,1.0,1.0,1.0,6,3,3,3,2,4,4,4,3,2,75.0,70.0,80.0,75.0,70.0,80.0,75.0,70.0,30.0,30.0,1,1,1,1,1,1,1,1,1,1,1,1,1,1,1,1,1,1,1,1,1,1,1,1,1,1,1,1,1,1,1,1,1,1,1,1,1,1,1,1
805,5,5,5,4,5,5,5,4,1,2,70.0,,5.0,,,,,4.0,4.0,2.0,,6.0,1.0,54.0,,,2.0,4.0,5.0,5.0,,,,,,,15.0,,1.0,,,6.0,,,1.0,,6.0,,,,,,,,,,,1.0,1.0,1.0,1.0,1.0,1.0,6,3,3,3,3,5,6,6,4,2,75.0,70.0,80.0,60.0,65.0,70.0,75.0,60.0,40.0,50.0,1,2,1,1,1,2,2,1,2,1,2,1,1,2,2,1,1,2,1,2,1,2,1,1,2,1,1,1,2,1,1,1,2,1,1,1,1,2,1,1
93,5,5,5,5,5,5,5,5,2,2,,30.0,,2.0,5.0,3.0,3.0,,,,6.0,,1.0,54.0,,1.0,,2.0,5.0,5.0,,,,,,,15.0,,1.0,,,6.0,,2.0,,,5.0,1.0,1.0,1.0,1.0,1.0,1.0,1.0,1.0,1.0,1.0,,,,,,,6,3,3,3,2,3,4,4,3,2,85.0,80.0,85.0,80.0,75.0,80.0,85.0,70.0,40.0,40.0,1,2,1,1,1,1,1,1,1,1,1,1,2,1,1,1,1,1,2,2,1,1,1,1,1,1,1,1,1,1,1,1,1,1,2,1,1,1,1,1
976,4,5,5,1,2,5,5,1,1,1,30.0,,2.0,,,,,5.0,4.0,2.0,6.0,,1.0,54.0,,,2.0,,,,2.0,5.0,5.0,,,,7.0,,1.0,,,,3.0,,1.0,5.0,,1.0,1.0,1.0,1.0,1.0,1.0,1.0,1.0,1.0,1.0,,,,,,,6,3,3,3,1,4,6,6,3,2,65.0,70.0,75.0,20.0,25.0,70.0,75.0,20.0,15.0,15.0,1,1,2,1,1,1,2,1,1,1,2,1,2,1,1,1,2,1,1,1,1,1,2,1,1,2,2,1,1,1,1,1,2,2,1,1,1,1,1,1
171,5,5,5,4,4,5,5,4,2,2,30.0,,6.0,,5.0,4.0,3.0,,,,,6.0,,,1.0,,2.0,4.0,5.0,5.0,,,,,,,,15.0,1.0,,,,3.0,1.0,,5.0,,1.0,1.0,1.0,1.0,1.0,1.0,1.0,1.0,1.0,1.0,,,,,,,6,3,3,3,1,4,5,5,3,2,75.0,70.0,80.0,60.0,55.0,70.0,65.0,50.0,30.0,30.0,2,1,2,1,1,2,2,1,1,2,2,2,1,2,1,2,1,1,1,1,2,2,1,1,1,2,1,1,1,1,1,1,1,2,1,1,1,1,1,1
397,5,5,5,5,5,5,5,5,2,2,,30.0,4.0,,4.0,5.0,3.0,,,,,6.0,,,1.0,,2.0,3.0,5.0,5.0,,,,,,,,15.0,,1.0,,4.0,,2.0,,5.0,,,,,,,,,,,,1.0,1.0,1.0,1.0,1.0,1.0,6,3,3,3,2,4,5,5,3,2,80.0,75.0,85.0,80.0,75.0,80.0,85.0,70.0,40.0,40.0,1,2,2,1,1,2,1,1,1,2,1,1,1,2,1,1,1,1,2,2,1,1,1,1,2,2,2,1,1,2,1,1,2,2,2,2,1,1,1,1
1571,5,5,5,4,4,5,5,3,2,2,,30.0,5.0,,3.0,4.0,5.0,,,,,6.0,,,1.0,,2.0,3.0,5.0,5.0,,,,,,,15.0,,,1.0,,,3.0,,1.0,,5.0,1.0,1.0,1.0,1.0,1.0,1.0,1.0,1.0,1.0,1.0,,,,,,,6,3,2,2,2,5,6,6,3,2,70.0,65.0,75.0,40.0,45.0,70.0,70.0,30.0,25.0,25.0,1,1,2,2,1,2,1,2,1,2,1,1,2,1,2,2,1,1,1,1,2,1,2,1,1,1,1,1,2,1,1,2,2,2,1,1,2,2,1,1
1402,4,4,4,3,3,4,4,3,2,2,,30.0,,2.0,5.0,3.0,3.0,,,,6.0,,,,1.0,,2.0,4.0,5.0,5.0,,,,,,,15.0,,,1.0,,5.0,,,1.0,5.0,,,,,,,,,,,,1.0,1.0,1.0,1.0,1.0,1.0,6,3,3,3,2,5,5,5,3,2,65.0,60.0,60.0,50.0,50.0,60.0,60.0,40.0,30.0,30.0,2,2,1,2,1,2,2,2,2,1,2,2,1,2,1,1,2,2,1,2,2,2,2,2,1,1,1,1,2,1,1,1,2,2,1,2,2,2,2,2
1797,5,5,5,5,5,5,5,5,1,1,30.0,,5.0,,,,,4.0,5.0,2.0,,6.0,,,1.0,1.0,,,,,5.0,5.0,6.0,,,,,15.0,1.0,,4.0,,,1.0,,,6.0,1.0,1.0,1.0,1.0,1.0,1.0,1.0,1.0,1.0,1.0,,,,,,,6,3,3,3,3,5,5,5,3,2,75.0,75.0,75.0,75.0,75.0,75.0,75.0,75.0,25.0,25.0,1,1,1,1,1,1,1,1,1,1,1,1,1,1,1,2,1,1,1,1,1,1,1,1,1,1,1,1,1,1,1,1,1,1,1,1,1,1,1,1
870,5,5,5,4,4,5,5,3,2,2,,30.0,5.0,,,,,4.0,3.0,2.0,6.0,,,,1.0,,2.0,,,,,,,2.0,5.0,5.0,15.0,,,2.0,,4.0,,1.0,,,5.0,1.0,1.0,1.0,1.0,1.0,1.0,1.0,1.0,1.0,1.0,,,,,,,6,3,3,3,1,4,5,5,3,2,75.0,70.0,75.0,50.0,50.0,75.0,75.0,40.0,30.0,30.0,1,2,1,2,1,1,1,2,1,1,1,1,1,1,1,1,1,1,1,1,1,1,1,1,1,1,1,1,1,1,1,1,1,1,1,1,1,1,1,1
903,5,5,5,4,4,5,5,4,2,2,,30.0,5.0,,,,,4.0,3.0,2.0,6.0,,,,1.0,1.0,,,,,5.0,5.0,5.0,,,,,15.0,1.0,,,4.0,,1.0,,,5.0,,,,,,,,,,,1.0,1.0,1.0,1.0,1.0,1.0,6,3,2,2,2,4,5,5,3,2,70.0,70.0,70.0,50.0,50.0,70.0,70.0,50.0,30.0,30.0,1,1,1,1,2,2,1,1,1,1,2,2,2,2,2,1,1,1,1,1,2,1,1,1,1,1,1,1,1,1,1,2,1,1,1,1,1,1,1,1
356,4,4,5,4,4,4,4,3,2,2,40.0,,4.0,,,,,4.0,5.0,2.0,6.0,,,,1.0,1.0,,2.0,5.0,5.0,,,,,,,15.0,,1.0,,4.0,,,,1.0,5.0,,1.0,1.0,1.0,1.0,1.0,1.0,1.0,1.0,1.0,1.0,,,,,,,6,3,2,2,1,3,6,6,3,2,65.0,60.0,70.0,55.0,55.0,60.0,60.0,50.0,40.0,40.0,1,1,2,1,1,1,2,1,2,1,1,1,2,1,1,1,2,1,2,1,1,1,1,2,1,1,1,2,2,1,2,1,1,1,1,1,2,1,2,1
225,5,5,5,5,5,5,5,5,2,2,,30.0,,2.0,,,,6.0,4.0,2.0,,6.0,,,1.0,1.0,,,,,4.0,5.0,5.0,,,,,15.0,1.0,,,5.0,,2.0,,5.0,,1.0,1.0,1.0,1.0,1.0,1.0,1.0,1.0,1.0,1.0,,,,,,,6,3,3,3,2,4,5,5,3,2,80.0,75.0,80.0,85.0,80.0,80.0,85.0,70.0,30.0,30.0,1,1,2,1,2,1,2,1,1,2,2,1,1,1,1,2,1,1,2,1,1,1,1,1,2,1,1,1,1,2,1,1,2,1,2,2,1,1,2,1
439,4,4,4,2,3,3,4,2,2,2,,30.0,,2.0,5.0,4.0,5.0,,,,6.0,,1.0,54.0,,,2.0,,,,2.0,5.0,5.0,,,,15.0,,1.0,,4.0,,,,1.0,5.0,,1.0,1.0,1.0,1.0,1.0,1.0,1.0,1.0,1.0,1.0,,,,,,,6,3,3,3,2,5,6,6,3,2,60.0,55.0,60.0,30.0,40.0,40.0,50.0,30.0,30.0,30.0,2,2,1,1,2,1,2,1,1,2,1,1,2,1,1,1,1,2,1,1,2,1,2,1,1,2,2,1,1,1,2,2,1,1,1,2,2,2,1,2
1756,5,5,5,5,5,5,5,4,2,2,,30.0,,2.0,,,,6.0,4.0,2.0,6.0,,1.0,54.0,,,2.0,2.0,5.0,5.0,,,,,,,,10.0,,1.0,,4.0,,2.0,,5.0,,1.0,1.0,1.0,1.0,1.0,1.0,1.0,1.0,1.0,1.0,,,,,,,6,3,2,2,1,3,4,4,3,2,70.0,70.0,75.0,80.0,75.0,80.0,80.0,60.0,40.0,40.0,2,1,2,1,2,1,2,1,1,1,2,1,1,2,1,2,1,1,2,1,2,1,1,2,1,2,1,1,1,1,1,2,1,2,1,2,1,1,2,1
1625,5,5,5,5,5,5,5,5,1,1,30.0,,,2.0,,,,4.0,3.0,2.0,,6.0,1.0,54.0,,1.0,,,,,5.0,5.0,6.0,,,,2.0,,,2.0,4.0,,,1.0,,,6.0,1.0,1.0,1.0,1.0,1.0,1.0,1.0,1.0,1.0,1.0,,,,,,,6,3,2,2,2,5,6,6,3,2,85.0,85.0,90.0,90.0,90.0,90.0,90.0,80.0,20.0,20.0,1,1,2,2,2,1,1,1,1,1,2,2,1,1,1,1,1,1,1,1,1,1,1,1,1,1,1,1,1,1,1,1,1,1,1,1,1,1,1,1
1039,5,5,5,5,5,5,5,5,2,2,30.0,,,6.0,,,,5.0,4.0,2.0,6.0,,,,1.0,,2.0,,,,5.0,5.0,6.0,,,,,15.0,,2.0,4.0,,,,1.0,,5.0,1.0,1.0,1.0,1.0,1.0,1.0,1.0,1.0,1.0,1.0,,,,,,,6,3,3,3,2,4,5,5,3,2,80.0,75.0,85.0,80.0,75.0,80.0,85.0,70.0,30.0,30.0,1,1,1,1,1,1,1,1,2,1,1,2,1,1,1,2,1,1,2,1,1,2,1,1,1,1,1,2,1,1,2,1,1,1,1,1,1,1,1,1
1938,4,4,5,5,5,5,5,5,2,2,35.0,,5.0,,,,,3.0,4.0,2.0,6.0,,,,1.0,,2.0,,,,5.0,5.0,6.0,,,,15.0,,,1.0,,,3.0,,1.0,5.0,,1.0,1.0,1.0,1.0,1.0,1.0,1.0,1.0,1.0,1.0,,,,,,,6,3,3,3,2,3,6,6,3,2,70.0,65.0,80.0,75.0,70.0,85.0,90.0,80.0,40.0,50.0,1,1,2,1,2,2,1,1,1,1,2,1,2,1,1,2,2,1,1,2,1,1,1,1,1,2,1,2,2,1,1,1,2,2,2,1,2,1,1,1
27,5,5,5,5,5,5,5,5,2,2,,20.0,6.0,,3.0,4.0,2.0,,,,,6.0,1.0,54.0,,,2.0,,,,2.0,5.0,5.0,,,,15.0,,,1.0,,6.0,,2.0,,,6.0,1.0,1.0,1.0,1.0,1.0,1.0,1.0,1.0,1.0,1.0,,,,,,,6,3,3,3,2,5,6,6,3,2,75.0,70.0,80.0,70.0,65.0,70.0,75.0,60.0,40.0,50.0,1,2,1,2,2,2,1,1,1,1,1,2,1,1,2,1,1,1,1,1,1,2,1,2,2,1,2,1,2,1,2,1,2,1,2,1,1,1,2,1
2056,5,5,5,4,4,5,5,4,2,2,30.0,,6.0,,,,,5.0,4.0,2.0,6.0,,1.0,54.0,,1.0,,,,,5.0,5.0,6.0,,,,,15.0,,1.0,,,3.0,,1.0,,5.0,,,,,,,,,,,1.0,1.0,1.0,1.0,1.0,1.0,6,3,2,3,2,4,6,6,4,2,75.0,70.0,80.0,60.0,60.0,75.0,70.0,55.0,40.0,40.0,1,1,2,1,1,2,2,1,1,1,1,2,1,2,1,2,1,1,1,1,1,1,1,2,1,2,1,1,1,1,2,1,1,1,2,1,1,1,1,1
1880,5,5,5,5,5,5,5,5,2,2,,30.0,,6.0,3.0,4.0,5.0,,,,,6.0,1.0,54.0,,1.0,,,,,,,,5.0,5.0,6.0,15.0,,1.0,,5.0,,,,1.0,5.0,,,,,,,,,,,,1.0,1.0,1.0,1.0,1.0,1.0,6,3,3,3,1,4,5,5,4,2,85.0,80.0,85.0,80.0,75.0,80.0,85.0,70.0,40.0,40.0,1,1,1,2,1,2,1,1,2,1,2,1,1,2,2,1,2,2,1,2,1,1,1,1,2,1,2,1,1,2,2,1,1,2,1,2,1,2,1,1
909,5,5,5,5,5,5,5,5,1,1,30.0,,,2.0,,,,5.0,4.0,2.0,,6.0,,,1.0,1.0,,4.0,5.0,5.0,,,,,,,15.0,,1.0,,4.0,,,,1.0,5.0,,,,,,,,,,,,1.0,1.0,1.0,1.0,1.0,1.0,6,3,3,3,3,5,5,5,3,2,85.0,85.0,90.0,80.0,75.0,80.0,85.0,80.0,20.0,20.0,1,1,2,1,1,1,1,2,1,1,1,1,1,1,1,2,1,2,1,1,1,1,1,1,1,1,1,1,1,1,1,1,1,1,1,1,1,1,1,1
581,4,4,5,2,3,4,5,2,1,2,40.0,,4.0,,,,,4.0,5.0,2.0,6.0,,1.0,15.0,,1.0,,,,,,,,4.0,5.0,5.0,15.0,,,1.0,,5.0,,1.0,,,5.0,1.0,1.0,1.0,1.0,1.0,1.0,1.0,1.0,1.0,1.0,,,,,,,6,2,3,3,2,5,5,5,3,2,65.0,60.0,70.0,40.0,50.0,55.0,60.0,35.0,25.0,30.0,1,2,1,2,1,1,2,1,1,1,1,2,1,2,1,2,1,2,1,1,1,1,1,2,1,1,1,2,1,1,2,1,1,1,1,1,2,1,1,1
767,4,4,4,2,3,4,4,2,2,2,,30.0,,2.0,5.0,3.0,4.0,,,,,6.0,,,1.0,1.0,,,,,2.0,5.0,5.0,,,,15.0,,1.0,,,4.0,,1.0,,,5.0,1.0,1.0,1.0,1.0,1.0,1.0,1.0,1.0,1.0,1.0,,,,,,,6,3,3,3,2,4,5,5,3,2,60.0,55.0,55.0,30.0,35.0,50.0,50.0,30.0,30.0,30.0,1,2,1,1,2,1,1,2,1,1,1,2,1,2,1,1,1,2,1,1,1,1,1,2,1,2,2,1,1,1,1,2,2,1,1,2,1,2,2,2
614,5,5,5,5,5,5,5,5,1,1,,15.0,5.0,,,,,6.0,5.0,2.0,,6.0,,,1.0,1.0,,,,,5.0,5.0,6.0,,,,15.0,,,1.0,,,3.0,,1.0,,5.0,1.0,1.0,1.0,1.0,1.0,1.0,1.0,1.0,1.0,1.0,,,,,,,6,3,3,3,3,5,5,5,3,2,75.0,75.0,80.0,85.0,80.0,85.0,85.0,80.0,20.0,20.0,1,1,1,1,1,1,1,1,1,1,1,1,1,1,1,1,1,1,1,1,1,1,1,1,1,1,1,1,1,1,1,1,1,1,1,1,1,1,1,1
1181,5,5,5,5,5,5,5,5,1,1,,30.0,,2.0,,,,5.0,4.0,2.0,6.0,,1.0,54.0,,,2.0,4.0,5.0,5.0,,,,,,,,15.0,,1.0,,4.0,,1.0,,,5.0,,,,,,,,,,,1.0,1.0,1.0,1.0,1.0,1.0,6,3,3,3,2,5,6,6,4,2,75.0,70.0,80.0,85.0,80.0,85.0,90.0,80.0,20.0,20.0,1,1,1,1,1,1,1,1,1,1,1,1,1,1,1,1,1,1,1,1,1,1,1,1,1,1,1,1,1,1,1,1,1,1,1,1,1,1,1,1
1408,5,5,5,5,5,5,5,5,1,1,,30.0,,2.0,4.0,3.0,2.0,,,,,6.0,1.0,54.0,,1.0,,,,,5.0,5.0,6.0,,,,15.0,,,1.0,,5.0,,,1.0,,6.0,1.0,1.0,1.0,1.0,1.0,1.0,1.0,1.0,1.0,1.0,,,,,,,6,3,2,2,2,5,6,6,3,2,75.0,75.0,80.0,85.0,80.0,85.0,90.0,80.0,20.0,20.0,1,1,2,2,1,1,2,1,2,1,2,1,1,1,2,2,1,1,1,1,1,1,1,1,1,1,1,1,2,1,1,1,1,1,2,1,2,1,1,1
1367,5,5,5,5,5,5,5,5,2,2,,30.0,6.0,,,,,5.0,4.0,2.0,,6.0,,,1.0,1.0,,,,,5.0,5.0,6.0,,,,,15.0,,1.0,,5.0,,,1.0,5.0,,1.0,1.0,1.0,1.0,1.0,1.0,1.0,1.0,1.0,1.0,,,,,,,6,3,3,3,1,4,6,6,3,2,85.0,80.0,85.0,90.0,85.0,90.0,90.0,80.0,30.0,30.0,2,1,2,2,1,1,1,1,2,2,1,1,2,2,1,2,1,1,1,2,1,1,2,2,2,2,1,1,2,2,1,2,2,1,1,2,1,2,1,1
1214,4,4,4,4,4,4,4,3,2,2,,30.0,5.0,,5.0,4.0,5.0,,,,,6.0,1.0,54.0,,1.0,,,,,4.0,5.0,5.0,,,,15.0,,,1.0,5.0,,,1.0,,,5.0,1.0,1.0,1.0,1.0,1.0,1.0,1.0,1.0,1.0,1.0,,,,,,,6,3,3,3,1,4,5,5,3,2,75.0,70.0,75.0,70.0,65.0,70.0,70.0,50.0,40.0,40.0,1,1,2,1,2,2,1,1,1,2,1,1,2,2,1,1,1,1,2,2,1,2,2,1,1,2,1,1,1,1,2,1,1,1,1,1,1,1,1,1
1841,5,5,5,5,5,5,5,5,2,2,,30.0,6.0,,,,,4.0,4.0,2.0,,6.0,1.0,54.0,,1.0,,,,,,,,5.0,5.0,5.0,,15.0,,1.0,,4.0,,,1.0,5.0,,,,,,,,,,,,1.0,1.0,1.0,1.0,1.0,1.0,6,3,3,3,1,5,6,6,3,2,75.0,70.0,80.0,75.0,70.0,75.0,80.0,70.0,40.0,40.0,1,2,2,2,2,2,2,1,2,2,1,1,2,1,2,2,1,1,2,1,1,1,1,2,1,1,1,1,1,1,2,1,2,2,2,1,2,2,1,2
1932,5,5,5,2,3,4,5,2,2,2,30.0,,,2.0,,,,5.0,4.0,2.0,,6.0,,,1.0,1.0,,,,,4.0,5.0,5.0,,,,15.0,,,1.0,,,3.0,,1.0,,5.0,1.0,1.0,1.0,1.0,1.0,1.0,1.0,1.0,1.0,1.0,,,,,,,6,3,3,3,2,4,5,5,3,2,80.0,75.0,80.0,40.0,50.0,60.0,70.0,40.0,30.0,30.0,1,1,1,2,1,1,1,2,1,2,2,1,1,1,2,2,1,1,1,2,1,1,1,2,1,2,2,1,2,2,1,1,2,2,1,1,1,2,1,1
540,5,5,5,5,5,5,5,4,2,2,,30.0,,2.0,5.0,3.0,4.0,,,,,6.0,,,1.0,,2.0,,,,1.0,5.0,5.0,,,,,10.0,1.0,,,,3.0,,1.0,5.0,,1.0,1.0,1.0,1.0,1.0,1.0,1.0,1.0,1.0,1.0,,,,,,,6,3,3,3,1,5,6,6,3,2,80.0,75.0,85.0,80.0,75.0,70.0,80.0,60.0,40.0,40.0,2,2,2,1,2,1,2,1,2,1,1,1,2,1,1,1,1,2,1,1,1,1,1,1,1,2,1,1,1,1,1,1,1,2,2,2,1,1,2,1
433,5,5,5,4,4,5,5,4,2,2,40.0,,,2.0,,,,5.0,4.0,2.0,,6.0,1.0,54.0,,1.0,,,,,4.0,5.0,5.0,,,,,15.0,1.0,,,4.0,,,1.0,5.0,,1.0,1.0,1.0,1.0,1.0,1.0,1.0,1.0,1.0,1.0,,,,,,,6,3,3,3,2,5,6,6,3,2,75.0,70.0,80.0,50.0,50.0,75.0,80.0,60.0,30.0,30.0,2,1,1,2,1,1,2,1,2,1,2,1,1,2,1,2,2,1,1,1,1,1,1,2,1,1,1,1,1,1,2,1,1,1,2,1,1,1,1,1
1140,5,5,5,4,4,5,5,4,2,2,30.0,,4.0,,,,,5.0,4.0,2.0,6.0,,,,1.0,1.0,,2.0,5.0,5.0,,,,,,,,5.0,1.0,,6.0,,,,1.0,,5.0,1.0,1.0,1.0,1.0,1.0,1.0,1.0,1.0,1.0,1.0,,,,,,,6,3,3,3,2,5,6,6,3,2,75.0,70.0,75.0,60.0,60.0,75.0,75.0,60.0,40.0,40.0,1,1,2,2,1,1,2,2,2,1,1,1,1,1,2,1,2,1,1,1,1,1,1,1,1,1,1,1,1,1,1,1,1,1,1,1,1,1,1,1
1033,5,5,5,5,5,5,5,5,1,1,,30.0,6.0,,4.0,4.0,3.0,,,,6.0,,,,1.0,1.0,,,,,5.0,5.0,6.0,,,,15.0,,1.0,,,,3.0,2.0,,6.0,,,,,,,,,,,,1.0,1.0,1.0,1.0,1.0,1.0,6,3,2,3,1,3,3,3,3,2,75.0,75.0,80.0,80.0,75.0,80.0,80.0,75.0,25.0,25.0,1,2,1,2,1,2,1,1,2,1,2,1,2,1,1,2,1,2,1,2,1,1,2,1,1,2,1,1,1,1,2,1,2,2,1,2,1,1,2,1
1834,5,5,5,5,5,5,5,4,2,2,,30.0,,2.0,4.0,3.0,3.0,,,,6.0,,,,1.0,1.0,,,,,4.0,5.0,5.0,,,,,10.0,1.0,,4.0,,,,1.0,5.0,,1.0,1.0,1.0,1.0,1.0,1.0,1.0,1.0,1.0,1.0,,,,,,,6,3,3,3,1,4,6,6,3,2,80.0,75.0,85.0,70.0,65.0,75.0,80.0,60.0,40.0,40.0,1,2,1,1,2,1,1,2,2,1,1,2,1,1,1,1,2,1,2,2,2,1,1,2,1,1,2,1,1,1,1,1,1,1,1,2,1,1,1,2
1947,5,5,5,5,5,5,5,4,2,2,,30.0,6.0,,,,,6.0,5.0,2.0,6.0,,,,1.0,,2.0,4.0,5.0,5.0,,,,,,,15.0,,1.0,,,4.0,,2.0,,,5.0,1.0,1.0,1.0,1.0,1.0,1.0,1.0,1.0,1.0,1.0,,,,,,,6,3,3,3,2,5,6,6,3,2,75.0,70.0,80.0,75.0,70.0,75.0,80.0,60.0,40.0,40.0,1,2,1,1,1,2,1,2,1,1,1,2,2,1,2,2,1,1,2,1,1,1,1,2,1,1,1,1,2,2,1,1,2,1,2,1,1,1,2,2
2029,5,5,5,5,5,5,5,5,2,2,30.0,,,6.0,5.0,4.0,3.0,,,,,6.0,,,1.0,1.0,,4.0,5.0,5.0,,,,,,,18.0,,,1.0,4.0,,,,1.0,,5.0,1.0,1.0,1.0,1.0,1.0,1.0,1.0,1.0,1.0,1.0,,,,,,,6,3,2,2,1,5,6,6,3,2,85.0,80.0,85.0,90.0,85.0,90.0,90.0,80.0,30.0,30.0,1,2,1,1,2,2,1,1,2,1,2,1,1,1,1,2,1,2,1,1,1,2,2,1,1,2,1,1,1,2,2,1,2,2,1,2,1,2,1,2
58,5,4,5,5,5,5,5,5,1,1,,30.0,5.0,,2.0,4.0,3.0,,,,6.0,,1.0,54.0,,1.0,,,,,5.0,5.0,5.0,,,,,15.0,1.0,,4.0,,,1.0,,5.0,,1.0,1.0,1.0,1.0,1.0,1.0,1.0,1.0,1.0,1.0,,,,,,,6,2,2,2,1,4,5,5,3,2,80.0,70.0,85.0,80.0,75.0,80.0,85.0,75.0,20.0,20.0,2,2,2,2,2,2,2,2,2,2,2,2,2,2,2,2,2,2,2,2,2,2,2,2,2,2,2,2,2,2,2,2,2,2,2,2,2,2,2,2
535,5,5,5,5,5,5,5,5,2,2,,30.0,,6.0,,,,5.0,4.0,2.0,6.0,,,,1.0,1.0,,5.0,5.0,6.0,,,,,,,15.0,,1.0,,,4.0,,,1.0,,6.0,,,,,,,,,,,1.0,1.0,1.0,1.0,1.0,1.0,7,3,3,3,1,3,5,5,3,2,85.0,80.0,85.0,80.0,75.0,80.0,85.0,75.0,40.0,40.0,1,1,2,2,1,1,2,1,1,1,2,2,1,1,2,1,1,2,1,1,2,1,2,1,1,1,2,1,2,1,1,1,2,1,1,2,1,1,1,1
446,5,5,5,5,5,5,5,5,2,2,,20.0,,2.0,4.0,3.0,3.0,,,,6.0,,,,1.0,,2.0,,,,1.0,5.0,6.0,,,,15.0,,1.0,,,4.0,,2.0,,,5.0,1.0,1.0,1.0,1.0,1.0,1.0,1.0,1.0,1.0,1.0,,,,,,,6,3,3,3,2,5,6,6,3,2,80.0,75.0,85.0,80.0,75.0,80.0,85.0,70.0,40.0,40.0,2,1,1,1,1,2,2,1,1,2,1,2,1,1,1,2,1,2,1,1,1,2,1,1,1,1,2,1,2,1,1,1,1,2,1,2,1,1,1,1
329,5,5,5,5,5,5,5,5,1,1,,30.0,5.0,,,,,4.0,4.0,2.0,6.0,,1.0,54.0,,1.0,,4.0,5.0,6.0,,,,,,,15.0,,,1.0,5.0,,,1.0,,5.0,,1.0,1.0,1.0,1.0,1.0,1.0,1.0,1.0,1.0,1.0,,,,,,,6,3,3,3,2,3,5,5,3,2,85.0,85.0,90.0,90.0,90.0,90.0,90.0,90.0,10.0,10.0,2,2,2,2,1,1,1,2,1,1,1,1,2,1,1,1,1,1,1,1,1,1,1,1,1,1,1,2,1,1,1,2,1,2,1,1,2,2,2,1
1135,5,5,5,2,3,5,5,2,1,1,30.0,,,2.0,,,,5.0,4.0,2.0,6.0,,,,1.0,1.0,,2.0,5.0,5.0,,,,,,,15.0,,1.0,,4.0,,,1.0,,,5.0,1.0,1.0,1.0,1.0,1.0,1.0,1.0,1.0,1.0,1.0,,,,,,,6,3,3,3,1,3,5,5,3,2,70.0,70.0,70.0,40.0,40.0,50.0,70.0,40.0,20.0,20.0,1,2,1,2,1,1,2,1,2,2,1,2,1,2,2,1,1,2,2,1,1,1,1,1,1,1,1,1,1,1,1,1,1,1,1,1,1,1,1,1
1046,5,5,5,2,3,5,5,2,1,1,,30.0,5.0,,,,,4.0,4.0,2.0,6.0,,1.0,54.0,,1.0,,,,,4.0,5.0,5.0,,,,,15.0,,1.0,5.0,,,,1.0,,5.0,1.0,1.0,1.0,1.0,1.0,1.0,1.0,1.0,1.0,1.0,,,,,,,6,3,3,3,1,3,6,6,3,2,70.0,70.0,70.0,40.0,40.0,70.0,70.0,40.0,20.0,20.0,2,2,2,1,1,1,2,1,1,1,1,2,2,1,1,1,1,2,1,2,1,1,1,2,1,1,1,1,1,1,1,1,1,1,1,1,1,1,1,1
1729,5,5,5,5,5,5,5,5,1,1,30.0,,6.0,,4.0,4.0,2.0,,,,,6.0,1.0,54.0,,1.0,,,,,,,,5.0,5.0,6.0,15.0,,1.0,,,5.0,,2.0,,6.0,,,,,,,,,,,,1.0,1.0,1.0,1.0,1.0,1.0,6,3,3,3,3,5,5,5,3,2,75.0,75.0,80.0,75.0,70.0,75.0,80.0,70.0,20.0,20.0,1,1,1,2,2,2,1,2,1,1,2,2,1,1,2,2,1,2,1,2,2,2,1,1,2,1,2,1,1,1,2,1,2,1,2,1,1,2,1,1
1986,5,5,5,4,4,4,5,4,2,2,,30.0,,2.0,4.0,4.0,3.0,,,,,6.0,,,1.0,,2.0,,,,,,,2.0,5.0,5.0,,12.0,1.0,,,,3.0,,1.0,5.0,,1.0,1.0,1.0,1.0,1.0,1.0,1.0,1.0,1.0,1.0,,,,,,,6,3,3,3,2,4,5,5,3,2,70.0,65.0,70.0,50.0,50.0,55.0,70.0,50.0,40.0,40.0,1,1,1,1,1,2,1,1,1,1,1,2,2,1,1,1,1,2,1,1,1,1,1,1,1,1,1,1,1,2,1,1,2,1,1,2,1,2,1,1
99,5,5,5,5,5,5,5,4,2,2,30.0,,5.0,,5.0,4.0,5.0,,,,,6.0,,,1.0,1.0,,,,,,,,4.0,5.0,5.0,,15.0,,1.0,4.0,,,1.0,,5.0,,1.0,1.0,1.0,1.0,1.0,1.0,1.0,1.0,1.0,1.0,,,,,,,6,3,2,2,2,4,5,5,3,2,80.0,75.0,85.0,80.0,75.0,80.0,85.0,70.0,40.0,40.0,1,1,1,1,2,1,1,2,1,2,1,1,1,1,2,1,1,1,1,1,1,1,1,1,1,1,1,1,1,1,1,1,1,1,1,1,1,1,1,1
712,4,4,4,2,3,4,4,2,2,2,,30.0,,2.0,5.0,3.0,4.0,,,,6.0,,1.0,54.0,,1.0,,,,,,,,4.0,5.0,5.0,,15.0,1.0,,4.0,,,,1.0,,5.0,,,,,,,,,,,1.0,1.0,1.0,1.0,1.0,1.0,6,3,2,3,2,5,5,5,3,2,65.0,60.0,55.0,40.0,45.0,50.0,55.0,35.0,30.0,25.0,2,1,1,2,1,1,1,1,2,1,1,1,1,1,1,1,1,1,1,1,1,1,1,1,1,1,1,1,1,1,1,1,1,1,1,1,1,1,1,1
661,5,5,5,5,5,5,5,5,1,2,30.0,,,2.0,,,,6.0,5.0,2.0,,6.0,1.0,54.0,,1.0,,1.0,5.0,5.0,,,,,,,18.0,,,2.0,4.0,,,,1.0,,5.0,,,,,,,,,,,1.0,1.0,1.0,1.0,1.0,1.0,6,3,3,3,2,5,6,6,3,2,85.0,80.0,85.0,80.0,75.0,80.0,85.0,75.0,30.0,40.0,2,2,2,2,1,2,1,1,1,2,2,1,2,2,1,1,1,2,2,1,1,1,1,1,2,2,2,1,2,2,2,1,2,1,2,2,1,1,1,1
487,5,5,5,4,4,5,5,4,2,3,,30.0,,2.0,,,,5.0,4.0,2.0,6.0,,,,1.0,,2.0,,,,,,,2.0,5.0,5.0,,15.0,,2.0,3.0,,,,1.0,,5.0,,,,,,,,,,,1.0,1.0,1.0,1.0,1.0,1.0,6,3,3,3,3,5,5,5,3,2,75.0,75.0,80.0,60.0,60.0,80.0,80.0,60.0,40.0,50.0,1,2,2,1,1,2,1,2,1,1,2,1,2,1,1,2,2,1,2,1,1,1,1,1,2,2,1,1,1,1,2,1,1,1,2,2,1,1,1,2
1312,5,4,5,5,5,5,5,5,2,2,35.0,,5.0,,,,,4.0,4.0,2.0,,6.0,1.0,54.0,,,2.0,,,,,,,4.0,5.0,6.0,,15.0,1.0,,4.0,,,,1.0,5.0,,1.0,1.0,1.0,1.0,1.0,1.0,1.0,1.0,1.0,1.0,,,,,,,6,3,2,3,1,3,5,5,3,2,75.0,70.0,80.0,85.0,80.0,80.0,85.0,75.0,40.0,40.0,1,1,2,2,1,2,1,2,1,1,1,2,2,1,1,1,1,1,2,1,2,1,1,1,2,1,2,2,1,1,2,1,2,2,1,1,1,2,1,2
1261,5,5,5,4,4,5,5,4,2,2,,30.0,,2.0,5.0,3.0,4.0,,,,6.0,,1.0,54.0,,,2.0,4.0,5.0,5.0,,,,,,,,15.0,,1.0,5.0,,,1.0,,,5.0,1.0,1.0,1.0,1.0,1.0,1.0,1.0,1.0,1.0,1.0,,,,,,,6,3,3,3,1,4,5,5,3,2,70.0,65.0,75.0,40.0,45.0,70.0,70.0,50.0,30.0,30.0,1,1,1,1,2,2,1,1,2,1,1,1,2,1,1,1,1,1,1,1,1,1,1,1,1,1,1,1,1,1,1,1,1,1,1,1,1,1,1,1
1087,5,5,5,5,5,5,5,5,1,1,,30.0,6.0,,3.0,4.0,2.0,,,,6.0,,1.0,54.0,,1.0,,,,,5.0,5.0,5.0,,,,,15.0,,1.0,4.0,,,1.0,,5.0,,,,,,,,,,,,1.0,1.0,1.0,1.0,1.0,1.0,6,3,3,3,1,4,6,6,3,2,85.0,80.0,85.0,80.0,75.0,80.0,85.0,70.0,20.0,15.0,1,1,2,1,1,2,1,2,2,2,2,1,2,1,1,2,2,1,2,1,2,1,1,1,1,2,1,1,1,2,1,1,2,2,1,1,1,2,1,1
2018,5,5,5,5,5,5,5,4,2,2,,30.0,,2.0,,,,5.0,4.0,2.0,6.0,,,,1.0,,2.0,2.0,5.0,5.0,,,,,,,15.0,,,1.0,,,3.0,,1.0,5.0,,1.0,1.0,1.0,1.0,1.0,1.0,1.0,1.0,1.0,1.0,,,,,,,6,3,3,3,1,3,5,5,3,2,80.0,75.0,85.0,80.0,75.0,80.0,85.0,70.0,40.0,40.0,1,1,1,1,2,1,1,1,1,1,1,1,1,1,1,1,1,1,1,1,1,1,1,1,1,1,1,1,1,1,1,1,1,1,1,1,1,1,1,1
69,5,5,5,4,4,5,5,4,2,2,,30.0,,2.0,4.0,3.0,3.0,,,,,6.0,1.0,54.0,,,2.0,,,,4.0,5.0,5.0,,,,,15.0,1.0,,4.0,,,1.0,,,5.0,1.0,1.0,1.0,1.0,1.0,1.0,1.0,1.0,1.0,1.0,,,,,,,6,3,3,3,1,3,6,6,3,2,70.0,70.0,70.0,60.0,60.0,70.0,70.0,50.0,40.0,40.0,1,2,1,2,1,2,1,1,2,1,2,1,1,2,1,2,1,1,1,1,1,1,2,1,2,1,1,2,1,2,1,1,2,1,2,1,1,1,1,1
1805,5,5,5,5,5,5,5,5,2,2,35.0,,4.0,,4.0,4.0,2.0,,,,6.0,,1.0,20.0,,,2.0,,,,,,,4.0,5.0,5.0,,15.0,1.0,,4.0,,,,1.0,,5.0,,,,,,,,,,,1.0,1.0,1.0,1.0,1.0,1.0,6,3,3,3,2,5,5,5,3,2,75.0,75.0,80.0,75.0,75.0,75.0,75.0,75.0,25.0,25.0,2,1,1,1,1,1,1,2,1,2,1,1,2,1,1,1,2,2,1,1,2,1,1,2,1,1,2,2,2,2,2,1,1,2,2,1,1,1,2,2
1976,4,4,4,2,3,4,4,2,2,2,30.0,,,2.0,,,,5.0,4.0,2.0,6.0,,1.0,54.0,,,2.0,,,,,,,2.0,5.0,5.0,15.0,,,2.0,,4.0,,,1.0,5.0,,1.0,1.0,1.0,1.0,1.0,1.0,1.0,1.0,1.0,1.0,,,,,,,6,3,3,3,2,5,6,6,3,2,60.0,55.0,60.0,40.0,45.0,55.0,55.0,40.0,40.0,40.0,2,1,1,1,1,2,1,1,2,1,2,2,1,1,2,2,1,2,1,2,1,2,1,2,2,1,1,1,1,1,1,1,1,1,2,1,1,1,1,1
1104,4,4,4,2,3,4,4,2,2,2,,30.0,5.0,,4.0,3.0,3.0,,,,,6.0,1.0,54.0,,1.0,,,,,,,,4.0,5.0,5.0,,15.0,,2.0,4.0,,,1.0,,5.0,,,,,,,,,,,,1.0,1.0,1.0,1.0,1.0,1.0,6,3,3,3,2,4,5,5,3,2,60.0,50.0,55.0,30.0,40.0,50.0,50.0,30.0,40.0,30.0,1,2,2,1,1,2,2,2,1,1,2,1,1,2,1,2,1,2,2,2,1,1,1,2,1,1,1,1,1,1,1,1,1,1,1,1,2,2,1,1
1077,5,5,5,2,3,5,5,2,2,2,,30.0,,2.0,,,,4.0,3.0,2.0,,6.0,1.0,54.0,,,2.0,,,,4.0,5.0,5.0,,,,5.0,,1.0,,,4.0,,1.0,,5.0,,,,,,,,,,,,1.0,1.0,1.0,1.0,1.0,1.0,6,3,3,3,3,5,6,6,3,2,70.0,70.0,70.0,40.0,50.0,70.0,70.0,40.0,40.0,40.0,1,1,2,1,2,1,1,2,1,2,1,1,2,1,2,1,1,2,1,1,1,2,2,1,2,2,1,2,2,1,1,1,1,1,2,2,1,2,1,1
1291,5,5,5,5,5,5,5,5,1,1,,30.0,,2.0,,,,2.0,4.0,2.0,,6.0,1.0,54.0,,1.0,,4.0,5.0,6.0,,,,,,,18.0,,,1.0,,,3.0,,1.0,,5.0,1.0,1.0,1.0,1.0,1.0,1.0,1.0,1.0,1.0,1.0,,,,,,,6,3,3,3,3,5,6,6,3,2,85.0,85.0,90.0,90.0,90.0,90.0,90.0,90.0,10.0,10.0,1,1,2,1,1,2,2,1,1,2,1,1,1,1,2,1,1,2,1,1,1,1,1,1,1,2,2,1,2,1,1,1,2,1,2,1,1,1,1,1
1718,4,4,4,2,3,4,4,2,2,2,30.0,,5.0,,5.0,4.0,3.0,,,,,6.0,1.0,54.0,,,2.0,,,,,,,4.0,5.0,5.0,15.0,,,1.0,,4.0,,,1.0,,5.0,,,,,,,,,,,1.0,1.0,1.0,1.0,1.0,1.0,6,3,3,3,2,4,5,5,3,2,60.0,60.0,60.0,40.0,40.0,60.0,60.0,40.0,40.0,40.0,1,1,2,1,2,2,1,2,1,2,1,1,2,1,1,2,1,1,1,2,1,1,1,1,2,2,1,1,1,1,2,2,1,1,1,2,1,2,1,2
504,4,4,4,3,3,4,4,3,2,2,,35.0,5.0,,,,,5.0,4.0,2.0,6.0,,,,1.0,1.0,,,,,,,,4.0,5.0,5.0,,15.0,1.0,,4.0,,,1.0,,,5.0,1.0,1.0,1.0,1.0,1.0,1.0,1.0,1.0,1.0,1.0,,,,,,,6,3,3,3,2,4,5,5,3,2,65.0,65.0,65.0,50.0,50.0,65.0,65.0,40.0,40.0,40.0,2,1,2,2,1,1,1,2,2,1,2,2,2,1,1,2,1,1,2,1,2,2,1,1,2,1,2,2,2,1,2,2,2,2,1,1,1,1,2,2
477,5,5,5,3,4,4,5,3,2,2,,30.0,5.0,,,,,5.0,4.0,2.0,6.0,,,,1.0,,2.0,,,,2.0,5.0,5.0,,,,,15.0,,1.0,4.0,,,1.0,,5.0,,,,,,,,,,,,1.0,1.0,1.0,1.0,1.0,1.0,6,2,3,3,1,3,5,5,3,2,70.0,65.0,70.0,40.0,50.0,50.0,70.0,40.0,30.0,30.0,1,1,1,1,1,2,1,2,1,2,2,1,2,1,1,1,1,1,1,1,1,1,1,1,1,1,1,1,1,1,1,1,1,2,1,1,1,1,1,1
691,5,5,5,5,5,5,5,4,2,2,,30.0,4.0,,,,,5.0,5.0,2.0,,6.0,,,1.0,1.0,,4.0,5.0,5.0,,,,,,,15.0,,,1.0,3.0,,,1.0,,5.0,,,,,,,,,,,,1.0,1.0,1.0,1.0,1.0,1.0,6,3,3,3,1,4,6,6,3,2,80.0,75.0,80.0,75.0,70.0,75.0,80.0,60.0,40.0,40.0,1,1,2,2,1,1,1,2,1,2,2,1,1,1,1,1,1,2,1,2,2,1,1,1,2,1,1,1,1,2,2,1,1,2,1,2,1,2,1,1
318,5,4,5,4,4,5,5,4,2,2,,35.0,,2.0,4.0,3.0,2.0,,,,,6.0,1.0,54.0,,,2.0,4.0,5.0,5.0,,,,,,,,15.0,,1.0,,4.0,,1.0,,5.0,,1.0,1.0,1.0,1.0,1.0,1.0,1.0,1.0,1.0,1.0,,,,,,,6,3,3,3,1,4,5,5,3,2,75.0,65.0,80.0,60.0,55.0,70.0,75.0,50.0,40.0,45.0,1,1,1,1,1,2,2,1,1,2,1,2,2,1,1,2,1,1,1,1,1,1,1,1,1,1,1,1,1,1,1,1,1,1,2,2,1,1,1,1
1323,5,4,5,5,5,5,5,5,2,2,,30.0,,2.0,,,,5.0,4.0,2.0,,6.0,,,1.0,,2.0,4.0,5.0,5.0,,,,,,,15.0,,,1.0,,5.0,,,1.0,5.0,,,,,,,,,,,,1.0,1.0,1.0,1.0,1.0,1.0,6,3,2,3,3,4,5,5,3,2,75.0,70.0,80.0,85.0,80.0,80.0,85.0,75.0,40.0,40.0,1,1,1,1,1,1,1,1,2,1,1,1,1,1,1,1,1,1,1,1,1,1,1,1,1,1,1,1,1,1,1,1,1,1,1,1,1,1,1,1
1250,5,5,5,3,4,5,5,3,2,2,30.0,,4.0,,4.0,5.0,3.0,,,,,6.0,1.0,54.0,,1.0,,4.0,5.0,5.0,,,,,,,18.0,,,1.0,,6.0,,,1.0,,5.0,1.0,1.0,1.0,1.0,1.0,1.0,1.0,1.0,1.0,1.0,,,,,,,6,3,2,2,2,4,5,5,3,2,70.0,65.0,75.0,40.0,50.0,70.0,70.0,40.0,30.0,30.0,1,1,1,2,1,1,1,1,1,2,1,2,2,1,1,2,1,2,1,1,1,1,1,1,1,1,1,1,2,2,1,1,2,1,1,1,1,2,1,2
723,5,4,5,4,4,5,5,4,2,2,40.0,,,2.0,5.0,4.0,4.0,,,,6.0,,,,1.0,1.0,,4.0,5.0,5.0,,,,,,,,15.0,1.0,,,,3.0,2.0,,,5.0,,,,,,,,,,,1.0,1.0,1.0,1.0,1.0,1.0,6,3,2,2,2,4,5,5,3,2,70.0,60.0,75.0,55.0,50.0,65.0,70.0,55.0,40.0,40.0,1,2,1,1,2,2,1,1,1,2,2,1,1,1,1,1,2,2,1,1,2,2,1,1,1,1,2,1,1,1,1,1,1,2,2,1,2,1,1,1
650,5,5,5,4,4,5,5,4,2,2,,30.0,5.0,,,,,6.0,4.0,2.0,,6.0,,,1.0,,2.0,3.0,5.0,5.0,,,,,,,,15.0,,1.0,4.0,,,,1.0,5.0,,,,,,,,,,,,1.0,1.0,1.0,1.0,1.0,1.0,6,3,3,3,2,4,5,5,3,2,70.0,65.0,75.0,55.0,50.0,70.0,65.0,50.0,30.0,30.0,2,1,1,2,1,2,1,2,1,2,2,1,2,1,2,1,2,1,1,1,2,2,1,2,1,2,1,2,1,2,1,2,1,2,1,2,2,1,1,2
938,5,5,5,5,5,5,5,4,2,2,,30.0,,6.0,,,,5.0,4.0,2.0,6.0,,1.0,54.0,,,2.0,,,,5.0,5.0,6.0,,,,3.0,,,1.0,,,3.0,2.0,,5.0,,,,,,,,,,,,1.0,1.0,1.0,1.0,1.0,1.0,6,3,3,3,1,3,5,5,4,2,80.0,75.0,85.0,80.0,75.0,80.0,85.0,70.0,40.0,40.0,1,1,1,2,2,2,1,2,1,1,1,1,2,1,1,1,2,1,1,1,1,1,1,1,1,1,1,1,1,2,1,1,1,1,1,1,1,1,1,1
1439,5,5,5,5,5,5,5,5,2,2,30.0,,4.0,,,,,5.0,4.0,2.0,6.0,,1.0,54.0,,1.0,,,,,,,,5.0,5.0,6.0,,15.0,1.0,,5.0,,,,1.0,,5.0,1.0,1.0,1.0,1.0,1.0,1.0,1.0,1.0,1.0,1.0,,,,,,,6,3,3,3,2,5,6,6,3,2,85.0,80.0,85.0,85.0,80.0,85.0,85.0,80.0,30.0,30.0,1,1,1,2,1,1,1,1,2,2,2,2,1,1,2,1,1,1,2,1,1,1,1,1,2,1,2,2,2,1,2,2,1,1,1,1,1,1,1,1
1356,5,5,5,5,5,5,5,5,1,2,,30.0,6.0,,,,,6.0,5.0,2.0,,7.0,1.0,54.0,,,2.0,2.0,5.0,5.0,,,,,,,,15.0,,1.0,,,3.0,,1.0,,5.0,,,,,,,,,,,1.0,1.0,1.0,1.0,1.0,1.0,6,3,2,2,2,4,6,6,3,2,75.0,70.0,80.0,85.0,80.0,75.0,80.0,70.0,30.0,40.0,2,2,1,1,1,2,2,1,2,1,1,1,2,1,2,1,2,1,2,1,1,2,1,2,1,1,1,1,1,2,1,2,1,2,1,2,1,1,2,1
1225,5,5,5,2,3,5,5,2,2,2,,30.0,6.0,,,,,4.0,5.0,2.0,,6.0,1.0,54.0,,1.0,,2.0,5.0,5.0,,,,,,,,15.0,1.0,,4.0,,,,1.0,5.0,,1.0,1.0,1.0,1.0,1.0,1.0,1.0,1.0,1.0,1.0,,,,,,,6,3,3,3,1,5,6,6,3,2,70.0,65.0,70.0,40.0,50.0,70.0,70.0,40.0,40.0,40.0,2,1,2,1,1,2,1,2,1,2,1,1,1,2,1,1,1,2,1,1,2,1,2,1,2,2,2,2,2,2,2,1,2,1,2,2,1,2,2,2
756,4,4,4,2,3,4,4,2,2,2,,30.0,4.0,,4.0,3.0,3.0,,,,,6.0,,,1.0,,2.0,,,,4.0,5.0,5.0,,,,15.0,,,2.0,,5.0,,1.0,,,5.0,,,,,,,,,,,1.0,1.0,1.0,1.0,1.0,1.0,6,3,3,3,1,3,5,5,3,2,65.0,65.0,65.0,40.0,40.0,50.0,50.0,30.0,30.0,30.0,1,1,1,1,2,2,1,1,1,1,1,1,1,1,1,1,2,1,1,1,1,1,1,1,1,1,1,1,1,1,1,1,1,1,1,1,1,1,1,1
625,4,4,4,4,4,4,4,4,2,2,40.0,,5.0,,4.0,3.0,3.0,,,,,6.0,1.0,54.0,,1.0,,4.0,5.0,5.0,,,,,,,,15.0,,1.0,,,3.0,,1.0,5.0,,,,,,,,,,,,1.0,1.0,1.0,1.0,1.0,1.0,6,3,3,3,3,5,5,5,3,2,70.0,70.0,70.0,70.0,70.0,70.0,70.0,70.0,30.0,30.0,1,1,1,2,2,1,1,1,2,2,1,1,2,1,1,1,1,2,2,1,2,1,2,2,1,2,1,2,2,2,2,1,2,2,1,1,1,1,1,1
1870,5,5,5,4,4,5,5,4,2,2,30.0,,5.0,,4.0,5.0,3.0,,,,6.0,,,,1.0,,2.0,3.0,5.0,5.0,,,,,,,15.0,,,1.0,4.0,,,,1.0,5.0,,1.0,1.0,1.0,1.0,1.0,1.0,1.0,1.0,1.0,1.0,,,,,,,6,3,2,2,1,3,5,5,3,2,75.0,70.0,80.0,60.0,55.0,70.0,75.0,60.0,40.0,40.0,1,2,1,2,1,1,1,2,2,1,2,2,2,2,1,1,1,2,1,1,2,2,1,2,2,1,1,1,2,1,1,1,1,2,2,1,1,2,1,1
1903,5,5,5,5,5,5,5,4,2,2,,30.0,6.0,,,,,3.0,4.0,2.0,,6.0,1.0,54.0,,,2.0,4.0,5.0,5.0,,,,,,,,15.0,1.0,,5.0,,,1.0,,5.0,,1.0,1.0,1.0,1.0,1.0,1.0,1.0,1.0,1.0,1.0,,,,,,,6,3,3,3,1,5,6,6,3,2,85.0,80.0,85.0,80.0,75.0,80.0,85.0,70.0,40.0,40.0,2,1,1,1,2,1,1,2,1,1,1,1,2,1,2,2,2,1,1,2,1,1,1,1,1,1,2,1,2,1,2,1,2,1,1,1,1,2,2,1
1397,5,5,5,5,5,5,5,5,2,2,30.0,,,2.0,5.0,4.0,3.0,,,,,6.0,,,1.0,1.0,,,,,5.0,5.0,5.0,,,,,15.0,1.0,,,4.0,,,1.0,5.0,,,,,,,,,,,,1.0,1.0,1.0,1.0,1.0,1.0,6,3,3,3,1,4,5,5,3,2,75.0,70.0,80.0,75.0,70.0,75.0,80.0,70.0,40.0,40.0,2,2,2,2,1,2,2,2,2,2,2,2,2,2,2,2,2,2,2,2,2,2,2,2,2,1,2,2,2,1,2,2,2,2,2,2,2,2,2,2
1171,5,5,5,5,5,5,5,4,2,2,,30.0,5.0,,,,,5.0,5.0,2.0,,6.0,1.0,54.0,,1.0,,,,,5.0,5.0,6.0,,,,,15.0,,1.0,,4.0,,2.0,,,5.0,1.0,1.0,1.0,1.0,1.0,1.0,1.0,1.0,1.0,1.0,,,,,,,6,3,3,3,1,5,6,6,3,2,75.0,70.0,80.0,75.0,70.0,75.0,80.0,60.0,40.0,40.0,1,1,1,1,2,2,1,1,1,2,2,1,1,1,1,1,1,1,2,1,2,1,1,1,2,2,2,1,1,1,1,1,1,1,1,1,2,1,1,1
1002,5,5,5,1,2,5,5,1,1,1,,30.0,,2.0,,,,4.0,4.0,2.0,,6.0,,,1.0,1.0,,2.0,5.0,5.0,,,,,,,,15.0,1.0,,,,3.0,1.0,,5.0,,,,,,,,,,,,1.0,1.0,1.0,1.0,1.0,1.0,6,3,3,3,2,4,5,5,3,2,70.0,70.0,70.0,20.0,20.0,70.0,70.0,20.0,20.0,20.0,2,2,1,1,1,2,1,2,1,2,1,1,2,2,1,1,1,2,2,1,1,2,1,1,2,2,1,1,1,2,2,2,2,1,1,2,2,2,1,1
797,5,5,5,5,5,5,5,5,2,2,,30.0,,2.0,4.0,3.0,2.0,,,,,6.0,1.0,54.0,,1.0,,5.0,5.0,6.0,,,,,,,,15.0,1.0,,,4.0,,,1.0,5.0,,1.0,1.0,1.0,1.0,1.0,1.0,1.0,1.0,1.0,1.0,,,,,,,6,2,3,3,2,5,6,6,3,1,80.0,75.0,85.0,80.0,75.0,80.0,85.0,70.0,40.0,40.0,2,1,1,1,1,1,2,2,1,1,2,1,2,1,1,2,2,2,2,2,2,2,2,2,2,2,1,2,2,1,1,1,2,2,2,2,2,2,1,2
571,5,5,5,4,4,5,5,4,2,2,40.0,,4.0,,4.0,3.0,3.0,,,,6.0,,1.0,54.0,,1.0,,2.0,5.0,5.0,,,,,,,,15.0,1.0,,,4.0,,,1.0,,5.0,,,,,,,,,,,1.0,1.0,1.0,1.0,1.0,1.0,6,3,3,3,1,4,6,6,3,2,70.0,65.0,75.0,50.0,55.0,70.0,70.0,50.0,30.0,30.0,1,2,1,2,2,1,2,2,1,2,1,1,2,1,2,2,1,1,2,2,1,1,1,1,2,2,1,1,1,1,1,2,2,1,1,1,2,1,1,2
402,5,5,5,4,4,5,5,4,2,2,,30.0,5.0,,,,,5.0,4.0,2.0,,6.0,,,1.0,1.0,,,,,4.0,5.0,5.0,,,,,12.0,1.0,,,4.0,,2.0,,,5.0,,,,,,,,,,,1.0,1.0,1.0,1.0,1.0,1.0,6,3,3,3,2,4,4,4,3,2,70.0,70.0,75.0,50.0,50.0,70.0,70.0,50.0,30.0,30.0,1,1,2,1,2,1,1,1,1,1,2,1,1,1,1,2,1,2,1,2,2,1,1,1,2,1,2,1,1,1,2,1,1,1,2,1,1,2,1,1
1540,4,4,4,2,3,4,4,2,2,2,,30.0,5.0,,4.0,3.0,3.0,,,,,6.0,1.0,54.0,,1.0,,4.0,5.0,5.0,,,,,,,,12.0,1.0,,,4.0,,1.0,,,5.0,1.0,1.0,1.0,1.0,1.0,1.0,1.0,1.0,1.0,1.0,,,,,,,6,3,3,3,1,4,5,5,3,2,65.0,60.0,70.0,40.0,50.0,55.0,60.0,35.0,30.0,30.0,1,2,2,1,1,1,2,1,1,2,2,2,2,1,1,1,2,1,1,1,1,2,2,2,1,1,2,1,1,1,1,1,1,1,1,1,2,1,1,1
1433,5,5,5,5,5,5,5,5,1,1,70.0,,,2.0,,,,5.0,4.0,2.0,6.0,,1.0,54.0,,,2.0,,,,4.0,5.0,5.0,,,,,15.0,,1.0,4.0,,,,1.0,,5.0,,,,,,,,,,,1.0,1.0,1.0,1.0,1.0,1.0,6,3,3,3,3,5,5,5,3,2,75.0,75.0,80.0,75.0,70.0,80.0,80.0,70.0,30.0,30.0,1,1,2,1,2,2,2,1,2,1,2,1,1,1,2,1,2,1,1,1,1,1,1,1,1,2,2,2,1,1,1,1,1,1,1,1,1,1,1,1
140,5,5,5,2,3,5,5,2,2,2,,30.0,,2.0,4.0,3.0,3.0,,,,,6.0,1.0,54.0,,1.0,,,,,,,,4.0,5.0,5.0,,15.0,1.0,,,,3.0,2.0,,,5.0,1.0,1.0,1.0,1.0,1.0,1.0,1.0,1.0,1.0,1.0,,,,,,,6,3,3,3,2,5,6,6,4,2,70.0,70.0,75.0,40.0,50.0,70.0,70.0,40.0,40.0,40.0,1,2,1,2,2,1,1,1,1,1,1,1,2,1,1,2,1,2,1,1,1,1,1,1,1,1,2,1,2,1,2,1,2,1,1,1,1,1,2,1
841,5,5,5,5,5,5,5,4,2,2,,30.0,4.0,,,,,5.0,4.0,2.0,,6.0,,,1.0,1.0,,,,,4.0,5.0,5.0,,,,15.0,,,1.0,,6.0,,,1.0,,5.0,1.0,1.0,1.0,1.0,1.0,1.0,1.0,1.0,1.0,1.0,,,,,,,6,3,3,3,1,5,6,6,3,2,70.0,70.0,75.0,70.0,65.0,70.0,70.0,60.0,40.0,40.0,2,1,1,1,1,1,2,1,1,1,2,1,1,1,1,1,1,1,1,1,1,1,1,1,1,1,1,1,1,1,2,1,1,1,2,2,1,1,1,2
932,5,5,5,5,5,5,5,5,2,2,30.0,,6.0,,3.0,4.0,2.0,,,,,6.0,1.0,54.0,,,2.0,4.0,5.0,5.0,,,,,,,18.0,,1.0,,,4.0,,,1.0,5.0,,1.0,1.0,1.0,1.0,1.0,1.0,1.0,1.0,1.0,1.0,,,,,,,6,3,3,3,1,3,5,5,3,2,80.0,75.0,85.0,80.0,75.0,85.0,80.0,75.0,40.0,40.0,2,1,1,2,1,1,1,2,1,2,1,1,2,1,1,1,1,1,1,1,1,1,1,2,2,1,1,1,1,1,2,1,1,2,2,1,1,1,2,1
1767,4,4,4,2,3,4,4,2,2,2,,30.0,4.0,,4.0,3.0,3.0,,,,6.0,,,,1.0,,2.0,,,,4.0,5.0,5.0,,,,,15.0,,1.0,,,3.0,2.0,,,5.0,1.0,1.0,1.0,1.0,1.0,1.0,1.0,1.0,1.0,1.0,,,,,,,6,3,2,2,1,3,5,5,3,2,65.0,65.0,65.0,40.0,40.0,50.0,50.0,30.0,30.0,30.0,1,1,1,2,1,1,1,1,1,1,2,1,2,2,1,1,1,1,1,1,1,1,1,1,1,2,1,2,2,2,1,2,1,1,1,1,1,1,2,1
1614,5,5,5,2,3,5,5,2,1,1,,30.0,5.0,,,,,5.0,4.0,2.0,,6.0,,,1.0,1.0,,4.0,5.0,5.0,,,,,,,15.0,,,1.0,,,3.0,1.0,,,5.0,1.0,1.0,1.0,1.0,1.0,1.0,1.0,1.0,1.0,1.0,,,,,,,6,3,3,3,2,4,5,5,3,2,70.0,70.0,70.0,40.0,40.0,70.0,70.0,40.0,20.0,20.0,1,1,1,1,1,1,1,1,1,1,1,1,1,1,1,1,1,1,1,1,1,1,1,1,1,1,1,1,1,1,1,1,1,1,1,1,1,1,1,1
1581,5,5,5,5,5,5,5,5,1,1,30.0,,6.0,,,,,5.0,4.0,2.0,,6.0,,,1.0,,2.0,,,,,,,4.0,5.0,5.0,15.0,,,2.0,,6.0,,,1.0,,5.0,1.0,1.0,1.0,1.0,1.0,1.0,1.0,1.0,1.0,1.0,,,,,,,6,3,3,3,2,5,6,6,3,2,80.0,80.0,85.0,80.0,75.0,80.0,80.0,75.0,20.0,20.0,2,1,1,1,1,1,2,2,1,2,1,1,2,1,2,2,1,1,1,2,2,1,1,1,2,1,2,1,1,1,1,2,1,1,1,1,2,1,1,1
1008,4,4,4,4,4,4,4,3,2,2,30.0,,,2.0,4.0,3.0,5.0,,,,,6.0,,,1.0,1.0,,,,,,,,2.0,5.0,5.0,15.0,,,1.0,,,3.0,2.0,,,5.0,,,,,,,,,,,1.0,1.0,1.0,1.0,1.0,1.0,6,3,3,3,2,5,6,6,3,2,60.0,55.0,55.0,50.0,50.0,50.0,50.0,40.0,30.0,30.0,2,2,1,1,2,1,2,2,2,1,2,1,1,1,2,2,1,2,1,1,2,1,1,1,2,2,1,1,2,2,2,2,2,2,2,2,2,2,2,1
367,4,4,4,4,4,4,4,3,2,2,,30.0,5.0,,5.0,4.0,5.0,,,,6.0,,,,1.0,,2.0,2.0,5.0,5.0,,,,,,,,10.0,,1.0,,4.0,,2.0,,5.0,,1.0,1.0,1.0,1.0,1.0,1.0,1.0,1.0,1.0,1.0,,,,,,,6,2,3,3,2,4,5,5,3,2,60.0,55.0,55.0,50.0,50.0,50.0,50.0,40.0,30.0,30.0,1,2,2,2,1,2,1,1,1,1,1,2,1,2,2,1,2,1,1,2,1,1,1,1,2,2,2,2,2,2,2,1,1,2,1,1,2,1,1,2
214,4,4,5,4,4,4,5,4,2,2,35.0,,5.0,,4.0,3.0,2.0,,,,,6.0,,,1.0,,2.0,4.0,5.0,5.0,,,,,,,,15.0,,1.0,4.0,,,,1.0,,5.0,,,,,,,,,,,1.0,1.0,1.0,1.0,1.0,1.0,6,3,2,3,2,5,6,5,3,2,65.0,60.0,75.0,55.0,55.0,60.0,70.0,60.0,40.0,40.0,1,1,1,1,1,1,1,1,1,1,1,1,1,1,1,1,1,1,1,1,1,1,1,1,1,1,1,1,1,1,1,1,1,1,1,1,1,1,1,1
181,5,5,5,5,5,5,5,5,1,1,,15.0,,2.0,4.0,4.0,2.0,,,,,7.0,,,1.0,1.0,,,,,,,,4.0,5.0,6.0,18.0,,1.0,,,,3.0,2.0,,5.0,,,,,,,,,,,,1.0,1.0,1.0,1.0,1.0,1.0,6,3,3,3,2,5,6,6,3,2,75.0,75.0,80.0,80.0,75.0,80.0,80.0,75.0,25.0,25.0,2,1,1,1,1,1,1,1,1,1,1,1,1,1,1,1,1,1,1,1,1,1,1,1,1,1,1,1,1,1,1,1,1,1,1,1,1,1,1,1
408,5,5,5,5,5,5,5,5,1,1,,30.0,5.0,,4.0,4.0,3.0,,,,,6.0,1.0,54.0,,,2.0,4.0,5.0,5.0,,,,,,,15.0,,1.0,,4.0,,,1.0,,5.0,,,,,,,,,,,,1.0,1.0,1.0,1.0,1.0,1.0,6,3,3,3,2,5,6,6,3,2,80.0,75.0,85.0,90.0,85.0,80.0,85.0,75.0,20.0,20.0,2,1,1,2,2,1,1,2,1,1,2,2,2,2,1,1,1,1,1,2,2,2,2,2,2,1,2,2,2,2,2,2,1,2,1,2,2,2,2,1
880,5,5,5,5,5,5,5,5,1,1,70.0,,5.0,,,,,4.0,4.0,2.0,6.0,,,,1.0,,2.0,,,,5.0,5.0,6.0,,,,15.0,,1.0,,,,3.0,,1.0,6.0,,1.0,1.0,1.0,1.0,1.0,1.0,1.0,1.0,1.0,1.0,,,,,,,7,3,3,3,1,3,5,5,4,2,80.0,80.0,85.0,85.0,80.0,85.0,90.0,90.0,10.0,10.0,1,1,1,1,1,1,1,1,1,1,1,1,1,1,1,1,1,1,1,1,1,1,1,1,1,1,1,1,1,1,1,1,1,1,1,1,1,1,1,1
16,4,4,4,3,4,4,4,3,2,2,40.0,,5.0,,3.0,4.0,2.0,,,,,6.0,1.0,54.0,,,2.0,,,,,,,2.0,5.0,5.0,15.0,,1.0,,,,3.0,2.0,,,5.0,1.0,1.0,1.0,1.0,1.0,1.0,1.0,1.0,1.0,1.0,,,,,,,6,2,3,3,2,5,6,5,3,2,60.0,55.0,60.0,40.0,50.0,55.0,50.0,40.0,30.0,30.0,1,1,1,1,1,2,1,1,2,1,1,2,1,1,1,1,2,1,1,2,1,1,1,1,1,2,1,1,1,1,1,1,1,1,1,1,1,1,1,1
1909,5,5,5,5,5,5,5,5,1,1,30.0,,,5.0,,,,5.0,4.0,2.0,,6.0,1.0,54.0,,,2.0,,,,5.0,5.0,6.0,,,,,15.0,,1.0,4.0,,,,1.0,6.0,,,,,,,,,,,,1.0,1.0,1.0,1.0,1.0,1.0,6,3,3,3,3,5,6,6,4,2,75.0,70.0,80.0,85.0,80.0,85.0,90.0,80.0,20.0,20.0,1,1,1,1,1,2,1,1,1,1,2,1,1,2,1,2,1,1,1,1,2,1,1,2,1,1,1,2,1,1,1,1,1,2,1,1,1,1,1,1
1487,5,5,5,2,3,5,5,4,2,2,40.0,,5.0,,,,,4.0,5.0,2.0,6.0,,1.0,54.0,,,2.0,,,,,,,4.0,5.0,5.0,12.0,,1.0,,4.0,,,1.0,,,5.0,,,,,,,,,,,1.0,1.0,1.0,1.0,1.0,1.0,6,3,2,3,2,4,5,5,3,2,75.0,70.0,80.0,40.0,50.0,70.0,70.0,60.0,40.0,40.0,1,2,1,1,2,1,1,1,1,1,1,1,2,1,1,1,2,1,1,2,1,1,1,2,2,2,2,1,1,2,1,2,1,2,1,2,2,1,2,2
1712,5,5,5,5,5,5,5,5,1,1,,30.0,5.0,,4.0,4.0,3.0,,,,,6.0,1.0,54.0,,,2.0,4.0,5.0,5.0,,,,,,,,15.0,,1.0,4.0,,,,1.0,,5.0,1.0,1.0,1.0,1.0,1.0,1.0,1.0,1.0,1.0,1.0,,,,,,,6,3,3,3,2,4,5,5,3,2,75.0,75.0,80.0,80.0,75.0,80.0,80.0,75.0,25.0,25.0,2,1,1,1,1,1,1,1,2,2,1,1,1,1,1,1,1,2,2,1,1,2,1,1,1,1,1,1,1,1,1,1,1,1,1,2,1,1,2,1
1661,5,5,5,4,4,5,5,4,2,2,,30.0,4.0,,3.0,4.0,5.0,,,,6.0,,1.0,54.0,,1.0,,,,,,,,4.0,5.0,5.0,,15.0,1.0,,,4.0,,1.0,,,5.0,,,,,,,,,,,1.0,1.0,1.0,1.0,1.0,1.0,6,2,3,3,1,5,6,6,3,2,70.0,70.0,75.0,60.0,60.0,70.0,70.0,60.0,40.0,40.0,1,2,1,1,2,1,1,1,2,1,1,1,1,2,1,2,1,1,2,1,1,2,2,1,1,1,1,1,1,1,1,1,1,1,2,2,1,1,2,1
312,5,5,5,4,4,5,5,3,2,2,,30.0,,2.0,5.0,3.0,4.0,,,,6.0,,1.0,54.0,,,2.0,,,,2.0,5.0,5.0,,,,15.0,,,1.0,,,3.0,,1.0,5.0,,,,,,,,,,,,1.0,1.0,1.0,1.0,1.0,1.0,6,3,3,3,2,4,5,5,3,2,75.0,70.0,80.0,50.0,55.0,75.0,80.0,40.0,30.0,30.0,2,1,1,1,1,1,1,1,1,2,1,1,1,1,1,1,1,1,1,1,1,1,1,1,1,1,1,1,1,1,1,1,1,1,1,1,1,1,1,1
261,5,5,5,2,3,4,5,2,2,2,40.0,,,2.0,5.0,3.0,4.0,,,,,6.0,1.0,54.0,,,2.0,4.0,5.0,5.0,,,,,,,15.0,,,1.0,4.0,,,1.0,,,5.0,,,,,,,,,,,1.0,1.0,1.0,1.0,1.0,1.0,6,3,3,4,1,5,6,6,3,2,70.0,65.0,75.0,40.0,50.0,55.0,70.0,40.0,35.0,30.0,1,1,1,1,2,2,1,1,1,1,1,2,1,1,1,1,1,1,1,1,1,1,1,1,1,1,1,1,1,1,1,1,1,1,1,1,1,1,1,1
2012,5,5,5,2,3,5,5,2,2,2,,30.0,5.0,,4.0,3.0,3.0,,,,,6.0,1.0,54.0,,,2.0,,,,4.0,5.0,5.0,,,,,15.0,1.0,,5.0,,,1.0,,5.0,,,,,,,,,,,,1.0,1.0,1.0,1.0,1.0,1.0,6,3,3,3,3,4,5,5,3,2,75.0,70.0,80.0,40.0,50.0,70.0,70.0,40.0,30.0,30.0,1,1,1,1,1,1,1,2,1,1,1,1,1,1,1,1,2,1,1,1,1,1,1,1,2,2,2,1,1,1,1,2,1,1,1,2,1,1,1,1
986,5,5,5,4,4,5,5,4,2,2,30.0,,5.0,,4.0,3.0,3.0,,,,,6.0,,,1.0,1.0,,,,,4.0,5.0,5.0,,,,,12.0,1.0,,,,3.0,,1.0,,5.0,,,,,,,,,,,1.0,1.0,1.0,1.0,1.0,1.0,6,2,3,3,1,3,5,5,3,2,70.0,70.0,75.0,60.0,60.0,70.0,70.0,60.0,40.0,40.0,1,2,1,2,1,1,2,1,2,2,1,1,1,1,1,2,2,1,1,1,1,1,1,2,2,2,1,2,1,2,1,1,2,1,1,1,2,1,1,2
63,5,4,5,2,3,4,5,3,2,2,40.0,,2.0,,4.0,3.0,3.0,,,,6.0,,,,1.0,,2.0,,,,4.0,5.0,5.0,,,,,15.0,1.0,,,,3.0,,1.0,,5.0,1.0,1.0,1.0,1.0,1.0,1.0,1.0,1.0,1.0,1.0,,,,,,,6,3,2,2,2,4,5,5,3,2,70.0,60.0,75.0,40.0,50.0,60.0,70.0,50.0,40.0,40.0,1,2,1,1,2,1,1,1,2,2,1,1,2,2,2,2,2,1,1,2,1,1,1,1,1,1,1,1,1,1,1,1,1,1,2,2,2,2,1,1
1329,5,5,5,5,5,5,5,5,1,1,,30.0,5.0,,,,,4.0,4.0,2.0,,6.0,1.0,54.0,,1.0,,4.0,5.0,5.0,,,,,,,,15.0,1.0,,4.0,,,,1.0,5.0,,,,,,,,,,,,1.0,1.0,1.0,1.0,1.0,1.0,6,3,3,3,3,5,5,5,3,2,85.0,85.0,90.0,90.0,90.0,90.0,90.0,80.0,20.0,20.0,1,1,1,1,1,1,1,1,1,1,1,1,1,1,1,1,1,1,1,1,1,1,1,1,1,1,1,1,1,1,1,1,1,1,1,1,1,1,1,1
1535,4,4,4,2,3,3,4,2,3,2,,30.0,,2.0,5.0,4.0,3.0,,,,6.0,,,,1.0,,2.0,2.0,5.0,5.0,,,,,,,18.0,,1.0,,4.0,,,1.0,,,5.0,,,,,,,,,,,1.0,1.0,1.0,1.0,1.0,1.0,6,3,3,3,2,4,5,5,3,2,60.0,55.0,60.0,30.0,40.0,40.0,50.0,30.0,40.0,30.0,1,1,1,1,1,1,1,1,1,1,1,1,1,1,2,1,1,1,1,2,1,1,1,1,1,1,1,1,1,1,1,1,1,1,1,1,1,1,1,1
1446,5,5,5,5,5,5,5,5,2,2,,30.0,5.0,,4.0,4.0,5.0,,,,,6.0,,,1.0,1.0,,5.0,5.0,6.0,,,,,,,15.0,,,1.0,,,3.0,2.0,,,5.0,1.0,1.0,1.0,1.0,1.0,1.0,1.0,1.0,1.0,1.0,,,,,,,6,3,3,3,1,3,5,5,3,2,80.0,80.0,85.0,85.0,80.0,85.0,85.0,80.0,30.0,30.0,1,1,1,1,1,1,1,1,1,1,1,1,1,1,1,1,1,1,1,1,1,1,1,1,1,2,1,1,1,1,1,1,1,1,1,1,1,1,1,1
729,5,5,5,5,5,5,5,5,1,1,,15.0,6.0,,,,,6.0,5.0,2.0,,7.0,1.0,54.0,,,2.0,,,,5.0,5.0,6.0,,,,,15.0,1.0,,,4.0,,,1.0,5.0,,1.0,1.0,1.0,1.0,1.0,1.0,1.0,1.0,1.0,1.0,,,,,,,6,3,3,3,2,4,4,4,3,2,85.0,85.0,90.0,90.0,85.0,90.0,90.0,85.0,15.0,15.0,1,1,1,2,2,1,1,2,1,1,2,1,1,1,2,1,1,1,2,1,1,2,1,1,2,1,1,1,1,1,1,1,1,2,1,1,2,1,1,1
135,5,5,5,5,5,5,5,5,1,1,,30.0,6.0,,4.0,4.0,4.0,,,,6.0,,,,1.0,1.0,,4.0,5.0,6.0,,,,,,,,15.0,1.0,,6.0,,,,1.0,,6.0,,,,,,,,,,,1.0,1.0,1.0,1.0,1.0,1.0,6,2,3,3,2,5,6,6,4,2,80.0,80.0,85.0,90.0,85.0,90.0,90.0,80.0,20.0,20.0,1,2,1,1,1,2,1,1,1,1,1,2,1,1,1,1,1,2,1,1,2,1,1,1,1,2,1,1,1,1,1,1,1,2,1,2,1,1,2,1
834,5,4,5,4,4,5,5,4,2,2,70.0,,,2.0,5.0,4.0,3.0,,,,6.0,,1.0,54.0,,,2.0,4.0,5.0,5.0,,,,,,,,15.0,,1.0,,,3.0,,1.0,,5.0,1.0,1.0,1.0,1.0,1.0,1.0,1.0,1.0,1.0,1.0,,,,,,,6,3,3,3,1,4,5,5,3,2,70.0,60.0,75.0,65.0,60.0,70.0,70.0,60.0,40.0,40.0,1,1,2,2,2,1,2,1,2,2,1,2,1,1,2,1,2,1,1,2,2,1,1,2,2,1,1,2,2,2,1,2,1,2,2,1,1,2,1,1
947,4,4,5,4,4,4,5,4,2,2,40.0,,4.0,,,,,5.0,4.0,2.0,6.0,,,,1.0,,2.0,,,,,,,4.0,5.0,5.0,10.0,,1.0,,,4.0,,1.0,,,5.0,1.0,1.0,1.0,1.0,1.0,1.0,1.0,1.0,1.0,1.0,,,,,,,6,3,3,3,3,5,6,6,3,2,65.0,65.0,75.0,60.0,60.0,60.0,70.0,60.0,40.0,40.0,2,2,2,2,2,1,1,1,1,1,1,1,1,1,1,1,1,1,1,1,1,1,1,1,1,1,1,1,1,1,1,1,1,1,1,1,1,1,1,1
538,5,5,5,4,4,5,5,4,2,2,30.0,,5.0,,4.0,3.0,5.0,,,,,6.0,,,1.0,1.0,,4.0,5.0,5.0,,,,,,,,10.0,,2.0,,,3.0,2.0,,,5.0,1.0,1.0,1.0,1.0,1.0,1.0,1.0,1.0,1.0,1.0,,,,,,,6,2,3,3,1,3,5,5,3,2,70.0,65.0,75.0,40.0,45.0,70.0,70.0,40.0,30.0,30.0,1,1,1,2,1,2,1,2,1,1,1,2,2,1,1,1,1,1,1,2,1,2,2,1,2,1,1,1,1,1,1,1,1,2,2,2,1,1,1,1
324,5,5,5,5,5,5,5,5,2,2,30.0,,5.0,,,,,5.0,4.0,2.0,,6.0,,,1.0,1.0,,4.0,5.0,5.0,,,,,,,15.0,,1.0,,4.0,,,2.0,,,5.0,1.0,1.0,1.0,1.0,1.0,1.0,1.0,1.0,1.0,1.0,,,,,,,6,3,3,3,3,5,6,6,3,2,75.0,70.0,80.0,75.0,70.0,75.0,80.0,70.0,40.0,40.0,1,2,1,2,2,2,2,1,1,1,2,1,2,1,1,1,1,1,1,1,1,1,1,1,2,1,2,1,1,1,1,1,2,1,2,1,2,2,1,2
257,5,5,5,3,4,5,5,4,2,2,,30.0,,5.0,5.0,4.0,3.0,,,,,6.0,,,1.0,,2.0,,,,4.0,5.0,5.0,,,,15.0,,1.0,,4.0,,,,1.0,,5.0,1.0,1.0,1.0,1.0,1.0,1.0,1.0,1.0,1.0,1.0,,,,,,,6,3,2,2,1,3,5,5,3,2,70.0,65.0,75.0,40.0,50.0,70.0,80.0,55.0,30.0,25.0,1,2,1,1,2,1,1,2,1,1,1,1,1,2,1,1,1,2,2,1,1,2,1,1,2,1,2,1,1,1,1,2,1,1,2,1,1,1,2,1
1138,5,4,5,2,3,3,5,2,1,1,35.0,,,2.0,4.0,3.0,3.0,,,,,6.0,1.0,15.0,,1.0,,,,,5.0,5.0,6.0,,,,,15.0,,2.0,4.0,,,,1.0,,5.0,,,,,,,,,,,1.0,1.0,1.0,1.0,1.0,1.0,6,3,3,3,3,4,5,5,3,2,70.0,60.0,70.0,40.0,50.0,50.0,60.0,40.0,20.0,20.0,1,1,1,2,1,2,1,2,2,2,2,2,1,2,2,1,2,1,2,2,1,1,1,2,1,2,2,2,2,1,2,1,1,1,1,1,1,2,1,1
1724,5,5,5,5,5,5,5,5,2,2,65.0,,5.0,,3.0,4.0,3.0,,,,6.0,,,,1.0,1.0,,,,,5.0,5.0,5.0,,,,,15.0,,1.0,4.0,,,2.0,,,5.0,1.0,1.0,1.0,1.0,1.0,1.0,1.0,1.0,1.0,1.0,,,,,,,6,3,3,3,1,5,5,5,3,2,75.0,75.0,80.0,80.0,75.0,80.0,80.0,75.0,40.0,40.0,1,1,2,1,2,1,1,1,1,1,1,1,1,1,2,2,1,1,1,1,1,1,1,1,1,1,1,1,2,2,1,2,2,1,1,1,2,1,1,1
1657,5,5,5,5,5,5,5,5,1,1,,30.0,5.0,,5.0,4.0,4.0,,,,,6.0,,,1.0,,2.0,,,,,,,4.0,5.0,6.0,5.0,,,1.0,,4.0,,,1.0,,5.0,,,,,,,,,,,1.0,1.0,1.0,1.0,1.0,1.0,6,3,3,3,3,5,5,5,3,2,70.0,70.0,70.0,70.0,70.0,70.0,70.0,70.0,10.0,10.0,1,1,1,1,1,1,1,1,1,1,1,1,1,2,1,2,1,1,1,1,1,1,1,1,1,1,2,2,1,1,1,1,1,2,1,2,1,2,2,1
1839,5,5,5,5,5,5,5,5,2,2,,30.0,5.0,,4.0,3.0,2.0,,,,6.0,,1.0,54.0,,1.0,,4.0,5.0,6.0,,,,,,,18.0,,,1.0,,4.0,,2.0,,5.0,,,,,,,,,,,,1.0,1.0,1.0,1.0,1.0,1.0,6,3,3,3,1,4,5,5,3,2,80.0,75.0,85.0,80.0,75.0,80.0,85.0,70.0,40.0,40.0,1,1,1,1,1,2,1,1,2,2,2,1,2,1,2,1,2,1,1,1,1,1,1,1,2,1,1,1,2,1,1,2,1,1,1,1,1,1,2,1
2024,5,5,5,5,5,5,5,5,2,2,35.0,,5.0,,,,,4.0,5.0,2.0,,6.0,,,1.0,,2.0,4.0,5.0,5.0,,,,,,,,15.0,1.0,,4.0,,,1.0,,5.0,,1.0,1.0,1.0,1.0,1.0,1.0,1.0,1.0,1.0,1.0,,,,,,,6,3,2,2,2,4,5,5,3,1,85.0,85.0,90.0,90.0,85.0,90.0,90.0,85.0,30.0,30.0,1,1,1,1,2,1,1,2,1,1,1,2,2,2,2,2,1,1,2,1,1,1,1,1,2,1,2,2,1,2,1,1,1,1,1,1,1,1,1,1
55,5,5,5,5,5,5,5,5,1,1,,30.0,6.0,,4.0,3.0,5.0,,,,,6.0,1.0,54.0,,1.0,,,,,5.0,5.0,5.0,,,,,18.0,,2.0,,7.0,,1.0,,,6.0,,,,,,,,,,,1.0,1.0,1.0,1.0,1.0,1.0,6,3,3,3,3,5,5,5,4,2,75.0,75.0,80.0,80.0,75.0,80.0,80.0,75.0,25.0,25.0,1,2,1,2,1,1,1,1,1,1,1,1,2,1,1,1,1,1,1,1,1,1,1,1,2,1,1,2,2,1,1,1,1,1,1,1,1,1,2,1
296,5,5,5,4,4,5,5,3,2,3,,30.0,6.0,,4.0,4.0,5.0,,,,6.0,,,,1.0,,2.0,,,,,,,4.0,5.0,5.0,15.0,,1.0,,4.0,,,2.0,,,5.0,,,,,,,,,,,1.0,1.0,1.0,1.0,1.0,1.0,6,2,2,2,1,3,5,5,3,2,75.0,70.0,80.0,55.0,50.0,70.0,65.0,40.0,30.0,45.0,1,1,1,1,1,1,1,2,1,2,2,2,1,1,1,1,1,1,1,1,1,1,1,1,1,1,1,2,2,2,1,2,1,1,1,1,1,2,1,1
103,4,4,4,2,3,4,4,2,2,2,,40.0,5.0,,,,,5.0,4.0,2.0,6.0,,,,1.0,1.0,,,,,2.0,5.0,5.0,,,,,12.0,,2.0,,5.0,,1.0,,5.0,,,,,,,,,,,,1.0,1.0,1.0,1.0,1.0,1.0,6,3,3,3,2,4,5,5,3,2,60.0,55.0,60.0,30.0,40.0,50.0,50.0,25.0,20.0,20.0,1,1,1,1,1,2,2,2,1,1,1,1,1,1,1,2,1,1,2,1,1,1,1,1,1,1,1,1,1,1,1,1,1,1,1,1,1,1,1,1
1696,5,5,5,5,5,5,5,5,2,2,,30.0,6.0,,,,,5.0,4.0,2.0,,6.0,,,1.0,,2.0,,,,5.0,5.0,6.0,,,,,10.0,,2.0,,,3.0,2.0,,,6.0,,,,,,,,,,,1.0,1.0,1.0,1.0,1.0,1.0,6,3,3,3,1,4,5,5,4,2,85.0,80.0,85.0,80.0,75.0,80.0,85.0,75.0,30.0,30.0,1,1,1,2,1,1,1,1,1,1,1,1,2,1,1,1,1,1,1,1,1,1,1,1,1,1,1,1,1,1,1,1,1,1,1,1,1,1,1,1
1503,5,5,5,4,4,5,5,4,2,2,,30.0,5.0,,4.0,3.0,2.0,,,,,6.0,,,1.0,,2.0,,,,,,,4.0,5.0,5.0,15.0,,,1.0,4.0,,,1.0,,5.0,,1.0,1.0,1.0,1.0,1.0,1.0,1.0,1.0,1.0,1.0,,,,,,,6,3,3,3,2,5,5,5,3,2,75.0,75.0,75.0,60.0,60.0,75.0,75.0,60.0,40.0,40.0,1,2,1,1,1,1,1,2,1,1,1,1,2,1,1,1,1,1,1,1,1,1,1,1,1,2,1,1,1,1,1,1,1,1,1,1,1,1,1,1
1470,5,5,5,5,5,5,5,5,1,1,30.0,,,2.0,4.0,3.0,2.0,,,,6.0,,1.0,54.0,,1.0,,,,,5.0,5.0,6.0,,,,,15.0,,1.0,,5.0,,,1.0,,6.0,,,,,,,,,,,1.0,1.0,1.0,1.0,1.0,1.0,6,3,2,3,3,5,6,5,4,2,75.0,70.0,80.0,85.0,80.0,85.0,90.0,80.0,20.0,15.0,1,1,2,1,1,1,1,2,2,2,2,2,1,2,2,2,2,2,2,2,1,2,2,2,2,1,1,2,2,2,1,1,1,1,2,2,1,1,2,2
802,4,4,4,3,3,3,4,2,2,2,,30.0,5.0,,,,,5.0,4.0,2.0,6.0,,,,1.0,1.0,,,,,2.0,5.0,5.0,,,,,10.0,1.0,,,,3.0,1.0,,5.0,,1.0,1.0,1.0,1.0,1.0,1.0,1.0,1.0,1.0,1.0,,,,,,,6,3,3,3,2,5,6,6,3,2,60.0,55.0,60.0,40.0,40.0,40.0,50.0,30.0,30.0,30.0,1,2,1,1,2,1,1,2,1,1,1,1,2,1,2,1,1,2,2,1,1,2,2,1,1,1,2,1,1,1,1,1,1,1,2,1,1,2,2,1
971,5,5,5,4,4,5,5,4,2,3,,30.0,5.0,,5.0,4.0,3.0,,,,,6.0,1.0,54.0,,1.0,,4.0,5.0,5.0,,,,,,,,15.0,,1.0,4.0,,,,1.0,5.0,,,,,,,,,,,,1.0,1.0,1.0,1.0,1.0,1.0,6,3,2,3,2,5,6,5,3,2,75.0,70.0,80.0,60.0,55.0,70.0,65.0,50.0,40.0,45.0,1,1,1,1,2,1,2,1,1,1,1,1,2,1,1,2,1,1,1,1,1,1,2,1,1,2,1,1,2,1,1,1,1,2,1,1,2,1,1,1
94,5,5,5,5,5,5,5,4,2,2,30.0,,,2.0,,,,5.0,4.0,2.0,6.0,,,,1.0,1.0,,4.0,5.0,5.0,,,,,,,,10.0,1.0,,5.0,,,,1.0,,5.0,1.0,1.0,1.0,1.0,1.0,1.0,1.0,1.0,1.0,1.0,,,,,,,6,3,4,3,1,4,5,5,3,2,75.0,70.0,80.0,75.0,70.0,75.0,80.0,60.0,40.0,40.0,1,1,1,2,1,2,2,2,1,1,2,1,1,1,2,2,1,1,2,1,1,2,1,1,1,2,1,2,1,2,1,2,1,2,1,2,1,1,2,1
176,4,4,5,5,4,5,5,4,2,2,40.0,,4.0,,,,,4.0,5.0,2.0,6.0,,1.0,54.0,,,2.0,3.0,5.0,5.0,,,,,,,15.0,,,1.0,,4.0,,1.0,,5.0,,1.0,1.0,1.0,1.0,1.0,1.0,1.0,1.0,1.0,1.0,,,,,,,6,3,2,2,2,4,5,5,3,2,65.0,60.0,75.0,70.0,65.0,75.0,80.0,60.0,40.0,40.0,1,1,1,1,1,1,1,1,1,2,1,2,1,2,1,2,2,2,1,1,1,1,1,1,2,1,1,1,2,2,1,1,1,2,1,2,1,1,1,1
390,4,4,4,2,3,4,4,2,1,1,,30.0,,2.0,,,,5.0,4.0,2.0,6.0,,1.0,54.0,,,2.0,,,,,,,2.0,5.0,5.0,,15.0,1.0,,4.0,,,1.0,,5.0,,1.0,1.0,1.0,1.0,1.0,1.0,1.0,1.0,1.0,1.0,,,,,,,6,3,3,3,1,4,5,5,3,2,65.0,60.0,65.0,30.0,40.0,50.0,55.0,25.0,20.0,20.0,1,1,1,1,1,2,1,1,2,1,1,2,1,1,2,1,1,2,1,2,2,1,1,2,1,2,2,2,2,1,1,2,2,1,2,2,1,2,1,1
619,4,4,4,2,3,4,4,2,2,2,40.0,,,2.0,5.0,3.0,4.0,,,,6.0,,1.0,54.0,,1.0,,,,,,,,4.0,5.0,5.0,,15.0,,2.0,,5.0,,,1.0,5.0,,1.0,1.0,1.0,1.0,1.0,1.0,1.0,1.0,1.0,1.0,,,,,,,6,3,3,3,1,5,6,6,3,2,60.0,55.0,60.0,30.0,40.0,55.0,50.0,25.0,20.0,20.0,2,1,2,2,1,1,1,1,1,1,1,2,1,1,2,1,1,1,1,1,2,1,1,2,2,1,1,2,2,2,1,2,1,2,2,1,1,1,2,1
1576,5,5,5,5,5,5,5,5,1,1,20.0,,,2.0,4.0,3.0,3.0,,,,,6.0,,,1.0,,2.0,,,,,,,2.0,5.0,6.0,,15.0,,1.0,4.0,,,,1.0,5.0,,1.0,1.0,1.0,1.0,1.0,1.0,1.0,1.0,1.0,1.0,,,,,,,6,3,3,3,2,5,6,6,3,2,75.0,75.0,80.0,80.0,75.0,80.0,80.0,75.0,20.0,20.0,2,2,2,1,1,1,1,1,1,2,2,2,2,1,1,2,2,1,1,2,1,2,2,2,1,2,2,1,1,1,2,1,1,2,1,1,2,2,1,2
1405,5,5,5,5,5,5,5,5,1,1,30.0,,6.0,,,,,5.0,4.0,2.0,6.0,,1.0,54.0,,1.0,,4.0,5.0,5.0,,,,,,,15.0,,,2.0,,6.0,,2.0,,,5.0,,,,,,,,,,,1.0,1.0,1.0,1.0,1.0,1.0,6,3,2,2,2,5,6,6,3,2,80.0,75.0,85.0,70.0,65.0,75.0,80.0,70.0,30.0,25.0,1,1,2,1,1,2,1,2,1,1,1,2,1,1,1,1,2,1,1,1,1,2,1,2,1,1,1,1,2,2,2,1,1,1,2,1,1,2,1,2
1790,5,5,5,5,5,5,5,5,1,1,,30.0,,2.0,4.0,3.0,2.0,,,,6.0,,,,1.0,1.0,,,,,5.0,5.0,6.0,,,,,15.0,,1.0,,,3.0,,1.0,,5.0,1.0,1.0,1.0,1.0,1.0,1.0,1.0,1.0,1.0,1.0,,,,,,,6,3,3,3,2,3,5,5,3,2,75.0,70.0,80.0,85.0,80.0,85.0,90.0,80.0,20.0,20.0,1,1,1,2,1,1,1,2,2,2,1,2,2,2,1,1,2,2,2,1,2,1,1,1,1,1,1,1,1,1,1,1,1,1,1,1,1,1,1,1
1219,4,4,5,4,4,4,5,4,2,2,35.0,,,2.0,3.0,3.0,4.0,,,,,6.0,,,1.0,,2.0,,,,4.0,5.0,5.0,,,,15.0,,,2.0,,4.0,,,1.0,5.0,,1.0,1.0,1.0,1.0,1.0,1.0,1.0,1.0,1.0,1.0,,,,,,,6,3,3,3,1,3,6,6,3,2,70.0,65.0,80.0,55.0,60.0,60.0,70.0,50.0,40.0,40.0,1,1,2,1,1,1,1,2,2,1,2,1,2,1,2,1,1,1,1,1,2,1,1,1,2,2,1,1,1,1,1,1,1,2,1,2,1,1,1,1
877,5,5,5,4,4,5,5,4,2,2,30.0,,,2.0,,,,5.0,4.0,2.0,6.0,,1.0,54.0,,,2.0,,,,,,,4.0,5.0,5.0,,15.0,1.0,,,,3.0,,1.0,5.0,,,,,,,,,,,,1.0,1.0,1.0,1.0,1.0,1.0,6,3,3,3,2,4,5,5,3,2,70.0,70.0,75.0,50.0,50.0,70.0,70.0,50.0,30.0,30.0,1,1,1,2,2,1,1,1,1,1,2,1,1,1,1,2,1,1,2,1,1,1,1,1,1,2,2,1,1,1,2,1,1,1,2,1,1,1,2,1
904,5,5,5,5,5,5,5,5,2,2,30.0,,,5.0,,,,5.0,4.0,2.0,6.0,,,,1.0,1.0,,4.0,5.0,5.0,,,,,,,15.0,,,1.0,,,3.0,,1.0,5.0,,,,,,,,,,,,1.0,1.0,1.0,1.0,1.0,1.0,6,3,3,3,1,4,5,5,3,2,80.0,75.0,85.0,80.0,75.0,80.0,85.0,70.0,30.0,30.0,1,1,1,1,1,2,2,2,1,2,1,2,1,1,2,2,2,1,1,1,1,1,1,1,1,1,2,1,1,1,1,1,1,1,1,2,1,2,1,2
351,5,5,5,5,5,5,5,5,2,2,,30.0,,5.0,4.0,3.0,3.0,,,,6.0,,,,1.0,1.0,,,,,,,,2.0,5.0,5.0,,15.0,,2.0,,,3.0,2.0,,5.0,,,,,,,,,,,,1.0,1.0,1.0,1.0,1.0,1.0,6,3,3,3,2,5,6,6,3,2,80.0,75.0,85.0,80.0,75.0,80.0,85.0,70.0,40.0,40.0,1,1,1,2,1,1,2,2,1,2,2,1,1,1,2,1,1,1,1,1,1,1,1,1,1,1,1,1,1,1,1,1,1,1,1,1,1,1,1,1
222,4,4,5,2,3,4,5,3,2,2,30.0,,4.0,,3.0,4.0,2.0,,,,,6.0,1.0,54.0,,,2.0,2.0,5.0,5.0,,,,,,,15.0,,1.0,,4.0,,,1.0,,,5.0,1.0,1.0,1.0,1.0,1.0,1.0,1.0,1.0,1.0,1.0,,,,,,,6,3,3,3,2,4,5,5,3,2,60.0,55.0,65.0,30.0,40.0,50.0,60.0,35.0,25.0,25.0,1,1,2,1,2,1,2,1,1,2,1,2,1,2,1,1,1,1,1,1,1,1,1,1,1,1,1,1,1,1,1,1,1,1,1,1,1,1,2,1
1751,5,5,5,2,3,5,5,2,1,2,40.0,,,2.0,4.0,3.0,2.0,,,,6.0,,1.0,54.0,,1.0,,,,,4.0,5.0,5.0,,,,,15.0,,1.0,,,3.0,1.0,,,5.0,,,,,,,,,,,1.0,1.0,1.0,1.0,1.0,1.0,6,3,3,3,1,4,5,5,3,2,75.0,70.0,80.0,40.0,50.0,70.0,80.0,40.0,30.0,40.0,1,1,2,2,2,2,2,1,1,1,1,1,1,1,2,2,1,2,1,1,1,1,1,2,1,1,2,1,1,1,1,1,2,2,1,1,2,1,1,2
1622,4,4,4,4,4,4,4,4,2,2,40.0,,,2.0,,,,5.0,3.0,2.0,6.0,,,,1.0,,2.0,,,,,,,4.0,5.0,6.0,15.0,,,2.0,4.0,,,,1.0,5.0,,1.0,1.0,1.0,1.0,1.0,1.0,1.0,1.0,1.0,1.0,,,,,,,6,3,2,3,2,5,6,5,3,2,70.0,70.0,70.0,70.0,70.0,70.0,70.0,70.0,30.0,30.0,1,1,2,1,2,1,2,2,1,1,2,1,1,2,1,1,2,2,2,1,1,1,1,1,2,1,2,1,1,2,2,1,2,1,1,1,2,1,1,1
20,4,4,4,2,3,4,4,2,1,2,,35.0,5.0,,,,,5.0,4.0,2.0,,6.0,,,1.0,,2.0,,,,,,,4.0,5.0,5.0,5.0,,1.0,,4.0,,,,1.0,,5.0,,,,,,,,,,,1.0,1.0,1.0,1.0,1.0,1.0,6,3,3,3,2,4,5,5,3,2,60.0,55.0,60.0,30.0,40.0,50.0,50.0,30.0,20.0,30.0,1,1,1,1,1,1,1,1,1,1,1,2,1,2,1,1,1,1,1,1,1,1,1,1,1,1,1,2,1,1,1,1,1,1,1,1,1,1,1,1
2051,4,4,4,2,3,4,4,2,1,1,40.0,,,2.0,5.0,3.0,3.0,,,,6.0,,,,1.0,1.0,,2.0,5.0,5.0,,,,,,,15.0,,,1.0,,,3.0,,1.0,,5.0,1.0,1.0,1.0,1.0,1.0,1.0,1.0,1.0,1.0,1.0,,,,,,,6,3,3,3,2,5,6,6,3,2,60.0,55.0,60.0,30.0,40.0,50.0,50.0,30.0,20.0,20.0,2,1,2,1,2,1,1,2,2,1,1,1,1,2,2,1,1,1,1,1,1,1,1,1,1,1,1,1,1,1,1,1,1,1,2,2,2,2,2,2
1887,5,5,5,4,4,5,5,4,2,2,30.0,,,5.0,4.0,3.0,5.0,,,,,6.0,1.0,54.0,,,2.0,,,,,,,5.0,5.0,6.0,15.0,,,1.0,,,3.0,2.0,,,5.0,1.0,1.0,1.0,1.0,1.0,1.0,1.0,1.0,1.0,1.0,,,,,,,6,3,3,3,1,4,5,5,3,2,75.0,70.0,80.0,60.0,55.0,70.0,65.0,50.0,40.0,45.0,1,1,1,2,2,1,2,1,1,1,1,1,1,1,2,1,1,1,1,1,1,1,1,1,2,1,1,1,2,1,2,1,1,2,1,2,2,1,2,1
586,5,5,5,4,4,5,5,4,2,2,,30.0,,2.0,4.0,3.0,2.0,,,,6.0,,1.0,54.0,,,2.0,2.0,5.0,5.0,,,,,,,15.0,,1.0,,,,3.0,,1.0,5.0,,,,,,,,,,,,1.0,1.0,1.0,1.0,1.0,1.0,6,3,2,3,1,3,5,5,3,2,75.0,70.0,75.0,50.0,50.0,75.0,75.0,50.0,30.0,30.0,1,2,2,1,2,1,1,2,1,1,1,1,1,1,1,1,1,2,2,1,1,1,1,1,2,1,2,1,1,1,1,2,2,1,1,2,1,1,2,1
760,4,4,4,4,4,4,4,3,2,2,,35.0,,2.0,4.0,3.0,3.0,,,,6.0,,,,1.0,1.0,,,,,4.0,5.0,5.0,,,,,15.0,1.0,,,,3.0,1.0,,5.0,,1.0,1.0,1.0,1.0,1.0,1.0,1.0,1.0,1.0,1.0,,,,,,,6,3,2,2,1,3,5,5,3,2,65.0,65.0,65.0,65.0,65.0,65.0,65.0,50.0,40.0,40.0,1,1,2,1,1,1,2,2,1,1,2,1,1,2,1,1,1,2,1,1,2,2,1,1,1,2,1,2,1,2,1,1,1,2,1,2,1,1,1,2
613,5,5,5,5,5,5,5,5,2,2,,30.0,5.0,,3.0,4.0,2.0,,,,,6.0,,,1.0,,2.0,,,,,,,4.0,5.0,5.0,15.0,,,2.0,,6.0,,,1.0,,5.0,1.0,1.0,1.0,1.0,1.0,1.0,1.0,1.0,1.0,1.0,,,,,,,6,3,2,3,2,5,6,5,3,2,75.0,75.0,80.0,80.0,75.0,80.0,85.0,80.0,30.0,30.0,1,1,1,1,1,1,1,1,1,1,1,1,1,1,1,1,1,1,1,1,1,1,1,1,1,1,1,1,1,1,1,1,1,1,1,1,1,1,1,1
1186,4,5,5,5,5,5,5,4,2,3,35.0,,5.0,,,,,5.0,4.0,2.0,6.0,,1.0,54.0,,,2.0,4.0,5.0,5.0,,,,,,,15.0,,1.0,,,4.0,,1.0,,5.0,,1.0,1.0,1.0,1.0,1.0,1.0,1.0,1.0,1.0,1.0,,,,,,,6,3,2,3,2,4,5,5,3,2,65.0,70.0,75.0,80.0,75.0,70.0,80.0,60.0,40.0,50.0,1,1,2,1,1,2,1,1,1,1,2,1,1,2,1,1,1,1,1,1,1,1,1,1,1,1,1,1,1,1,1,1,1,1,1,1,1,1,1,1
1360,5,5,5,2,3,5,5,4,2,2,,30.0,5.0,,4.0,3.0,3.0,,,,6.0,,1.0,54.0,,,2.0,4.0,5.0,5.0,,,,,,,15.0,,1.0,,,,3.0,2.0,,5.0,,1.0,1.0,1.0,1.0,1.0,1.0,1.0,1.0,1.0,1.0,,,,,,,6,3,2,2,1,3,3,3,3,2,75.0,75.0,80.0,40.0,50.0,70.0,80.0,60.0,40.0,40.0,2,1,1,1,2,2,1,1,1,2,2,1,1,1,1,2,1,1,1,1,1,1,1,1,1,1,1,2,1,1,1,1,1,1,2,2,2,1,1,2
1213,5,5,5,5,5,5,5,5,1,1,30.0,,,6.0,5.0,4.0,6.0,,,,,6.0,,,1.0,,2.0,,,,5.0,5.0,6.0,,,,,15.0,,2.0,,5.0,,,1.0,6.0,,,,,,,,,,,,1.0,1.0,1.0,1.0,1.0,1.0,6,2,3,3,2,5,6,6,3,2,75.0,70.0,80.0,75.0,70.0,75.0,80.0,65.0,20.0,20.0,2,1,1,1,1,2,1,1,1,1,1,2,1,1,1,1,1,1,1,1,1,1,1,1,1,1,1,1,1,1,1,1,1,1,1,1,2,1,1,1
1846,5,5,5,5,5,5,5,5,1,2,30.0,,4.0,,,,,5.0,4.0,2.0,,6.0,1.0,54.0,,,2.0,4.0,5.0,5.0,,,,,,,15.0,,1.0,,4.0,,,,1.0,5.0,,1.0,1.0,1.0,1.0,1.0,1.0,1.0,1.0,1.0,1.0,,,,,,,6,3,3,3,2,4,5,5,3,2,80.0,75.0,85.0,80.0,75.0,80.0,85.0,70.0,20.0,30.0,1,1,1,1,2,1,1,2,1,1,2,1,2,1,1,1,1,2,1,2,2,1,1,1,2,1,1,2,2,1,2,2,1,1,1,2,2,1,1,1
1935,4,4,4,2,3,4,4,3,2,2,40.0,,,2.0,,,,5.0,4.0,2.0,6.0,,,,1.0,1.0,,,,,4.0,5.0,5.0,,,,,12.0,1.0,,,4.0,,,1.0,,5.0,1.0,1.0,1.0,1.0,1.0,1.0,1.0,1.0,1.0,1.0,,,,,,,6,3,3,3,2,5,6,6,3,2,60.0,55.0,55.0,30.0,35.0,50.0,50.0,40.0,30.0,30.0,1,1,1,2,1,1,1,1,1,1,1,2,2,2,1,1,2,1,2,1,2,1,1,2,1,1,2,1,1,2,1,1,2,1,1,1,2,1,1,2
228,4,4,4,2,3,4,4,3,2,2,40.0,,2.0,,,,,5.0,4.0,2.0,,6.0,,,1.0,,2.0,,,,2.0,5.0,5.0,,,,15.0,,1.0,,,4.0,,,1.0,5.0,,1.0,1.0,1.0,1.0,1.0,1.0,1.0,1.0,1.0,1.0,,,,,,,6,3,3,3,2,4,5,5,3,2,60.0,55.0,55.0,30.0,40.0,50.0,50.0,40.0,30.0,30.0,1,1,2,1,2,2,1,2,1,1,2,2,1,2,1,1,1,1,1,2,1,1,1,1,2,1,2,2,1,1,1,2,2,1,1,1,2,1,2,1
547,5,5,5,4,4,5,5,4,2,3,,30.0,5.0,,4.0,4.0,2.0,,,,,6.0,1.0,54.0,,1.0,,,,,4.0,5.0,5.0,,,,15.0,,,1.0,4.0,,,,1.0,,5.0,,,,,,,,,,,1.0,1.0,1.0,1.0,1.0,1.0,6,3,3,3,2,4,4,4,3,2,75.0,75.0,80.0,65.0,60.0,70.0,75.0,60.0,40.0,50.0,1,2,2,1,2,1,1,2,1,2,1,2,1,1,1,2,2,1,1,2,1,2,1,1,1,2,1,1,1,1,1,1,2,1,1,1,2,1,1,1
434,5,5,5,5,5,5,5,5,1,1,30.0,,,5.0,4.0,3.0,3.0,,,,6.0,,1.0,20.0,,1.0,,,,,5.0,5.0,6.0,,,,15.0,,1.0,,,,3.0,2.0,,5.0,,1.0,1.0,1.0,1.0,1.0,1.0,1.0,1.0,1.0,1.0,,,,,,,6,3,2,2,3,4,5,5,3,2,80.0,80.0,85.0,85.0,80.0,85.0,85.0,80.0,20.0,20.0,2,1,1,2,2,1,1,2,2,1,2,1,2,1,2,1,1,1,1,2,1,1,2,2,1,1,1,1,1,2,2,1,2,2,2,1,1,1,2,1
1628,4,4,4,2,3,3,4,2,3,2,30.0,,5.0,,3.0,4.0,2.0,,,,6.0,,1.0,54.0,,1.0,,,,,2.0,5.0,5.0,,,,15.0,,,1.0,,7.0,,2.0,,,5.0,1.0,1.0,1.0,1.0,1.0,1.0,1.0,1.0,1.0,1.0,,,,,,,6,3,2,2,2,4,5,5,3,2,60.0,55.0,60.0,40.0,45.0,50.0,55.0,40.0,35.0,30.0,2,2,2,1,2,1,1,1,1,1,2,2,2,1,1,2,2,1,2,1,1,2,1,1,1,1,1,1,1,1,1,1,1,1,2,2,1,1,1,1
1147,5,5,5,5,5,5,5,5,1,1,,30.0,,5.0,3.0,4.0,2.0,,,,,6.0,,,1.0,1.0,,,,,,,,4.0,5.0,6.0,,15.0,,2.0,,5.0,,,1.0,,5.0,1.0,1.0,1.0,1.0,1.0,1.0,1.0,1.0,1.0,1.0,,,,,,,6,2,3,3,2,5,6,6,3,2,75.0,75.0,80.0,75.0,70.0,80.0,85.0,70.0,40.0,40.0,1,1,1,1,1,1,1,1,1,1,1,1,1,1,1,1,1,1,1,1,1,1,1,2,1,1,1,1,1,1,1,1,1,1,1,1,1,1,1,1
1034,5,5,5,5,5,5,5,5,1,1,30.0,,,2.0,4.0,3.0,3.0,,,,,6.0,,,1.0,1.0,,2.0,5.0,5.0,,,,,,,15.0,,1.0,,4.0,,,1.0,,5.0,,1.0,1.0,1.0,1.0,1.0,1.0,1.0,1.0,1.0,1.0,,,,,,,6,3,2,2,1,3,5,5,3,2,80.0,80.0,85.0,90.0,85.0,90.0,90.0,85.0,20.0,20.0,1,1,1,1,1,2,2,2,2,1,1,1,2,1,2,1,1,2,2,2,2,1,2,2,1,1,1,1,2,2,2,1,2,2,1,2,1,2,2,1
1833,5,5,5,5,5,5,5,5,1,1,,30.0,,2.0,,,,4.0,4.0,2.0,,6.0,,,1.0,1.0,,2.0,5.0,5.0,,,,,,,15.0,,1.0,,,,3.0,1.0,,5.0,,1.0,1.0,1.0,1.0,1.0,1.0,1.0,1.0,1.0,1.0,,,,,,,6,3,3,3,2,3,5,5,3,2,80.0,80.0,85.0,90.0,85.0,90.0,90.0,80.0,20.0,20.0,1,1,1,1,1,1,1,1,1,1,1,1,1,1,1,1,1,1,1,1,1,1,1,1,1,1,1,1,1,1,1,1,1,1,1,1,1,1,1,1
1940,4,4,4,2,3,4,4,2,2,2,,35.0,4.0,,2.0,4.0,4.0,,,,,6.0,1.0,20.0,,,2.0,3.0,5.0,5.0,,,,,,,15.0,,,1.0,,,3.0,,1.0,5.0,,1.0,1.0,1.0,1.0,1.0,1.0,1.0,1.0,1.0,1.0,,,,,,,6,3,3,3,1,5,5,5,3,2,65.0,65.0,65.0,40.0,50.0,60.0,60.0,40.0,40.0,40.0,1,2,2,1,1,2,1,1,1,2,1,2,2,1,1,1,1,2,1,2,1,2,1,1,1,2,1,1,1,1,1,1,1,2,2,1,1,1,1,1
532,5,5,5,5,5,5,5,5,1,1,30.0,,5.0,,3.0,4.0,2.0,,,,,6.0,,,1.0,1.0,,,,,,,,4.0,5.0,6.0,15.0,,,1.0,,,3.0,,1.0,5.0,,1.0,1.0,1.0,1.0,1.0,1.0,1.0,1.0,1.0,1.0,,,,,,,6,3,3,3,2,4,4,4,3,2,80.0,80.0,85.0,90.0,85.0,90.0,90.0,85.0,20.0,20.0,1,1,1,1,2,1,2,2,1,1,1,1,1,1,1,1,1,1,1,1,1,1,1,1,1,1,1,1,1,1,1,1,1,1,1,2,1,1,1,1
441,4,4,4,2,3,4,4,2,2,2,,30.0,,2.0,5.0,4.0,4.0,,,,6.0,,,,1.0,,2.0,3.0,5.0,5.0,,,,,,,5.0,,1.0,,,4.0,,,1.0,5.0,,,,,,,,,,,,1.0,1.0,1.0,1.0,1.0,1.0,6,3,3,3,3,5,5,5,3,2,60.0,60.0,60.0,40.0,50.0,60.0,60.0,40.0,40.0,40.0,1,2,2,1,2,1,2,2,1,1,2,2,1,1,2,1,2,1,2,1,1,1,1,2,2,1,1,1,1,1,1,1,2,1,2,1,1,1,2,1
1132,5,5,5,5,5,5,5,4,2,2,,30.0,6.0,,,,,5.0,4.0,2.0,,6.0,,,1.0,1.0,,4.0,5.0,5.0,,,,,,,15.0,,1.0,,,5.0,,,1.0,,5.0,,,,,,,,,,,1.0,1.0,1.0,1.0,1.0,1.0,6,3,3,3,2,4,5,5,3,2,75.0,70.0,80.0,75.0,70.0,75.0,80.0,60.0,40.0,40.0,2,1,2,1,1,1,2,2,2,2,1,1,1,2,2,2,2,2,2,2,2,2,2,2,1,2,2,2,2,2,2,1,2,2,2,2,1,1,1,1
1041,5,5,5,5,5,5,5,5,2,2,30.0,,6.0,,,,,5.0,5.0,2.0,,6.0,,,1.0,1.0,,4.0,5.0,5.0,,,,,,,15.0,,,1.0,,6.0,,1.0,,5.0,,1.0,1.0,1.0,1.0,1.0,1.0,1.0,1.0,1.0,1.0,,,,,,,6,3,3,3,1,4,6,6,3,2,85.0,80.0,85.0,80.0,75.0,80.0,85.0,75.0,40.0,40.0,2,1,1,2,1,1,2,1,1,1,2,2,1,1,2,2,2,1,1,2,1,1,1,1,2,2,1,1,1,2,2,1,1,1,1,1,1,1,1,1
1981,5,5,5,5,5,5,5,5,1,2,30.0,,,4.0,5.0,4.0,6.0,,,,6.0,,1.0,54.0,,,2.0,2.0,5.0,6.0,,,,,,,15.0,,1.0,,,,3.0,2.0,,,5.0,1.0,1.0,1.0,1.0,1.0,1.0,1.0,1.0,1.0,1.0,,,,,,,6,3,3,3,1,3,3,3,4,2,80.0,75.0,85.0,80.0,75.0,80.0,85.0,70.0,20.0,30.0,1,2,1,2,1,2,1,1,2,1,2,1,1,2,1,2,1,1,2,2,1,1,1,1,2,1,2,2,1,1,1,2,2,1,2,1,1,1,2,1
808,4,4,5,4,4,4,5,4,2,2,40.0,,5.0,,,,,5.0,5.0,2.0,,6.0,1.0,15.0,,,2.0,,,,4.0,5.0,6.0,,,,,15.0,1.0,,,4.0,,,1.0,5.0,,,,,,,,,,,,1.0,1.0,1.0,1.0,1.0,1.0,6,3,3,3,3,3,5,5,3,2,65.0,65.0,75.0,60.0,60.0,60.0,70.0,60.0,40.0,40.0,1,1,1,1,1,1,1,1,1,2,1,1,1,1,1,1,1,1,1,1,1,1,1,2,1,1,1,1,1,1,1,1,1,1,1,1,1,1,1,1
715,5,4,5,5,5,5,5,5,1,1,,30.0,,2.0,,,,4.0,3.0,2.0,6.0,,1.0,54.0,,,2.0,2.0,5.0,5.0,,,,,,,3.0,,1.0,,,,3.0,1.0,,5.0,,,,,,,,,,,,1.0,1.0,1.0,1.0,1.0,1.0,6,3,3,3,3,5,5,5,3,2,75.0,65.0,80.0,85.0,80.0,85.0,90.0,80.0,20.0,20.0,1,2,1,1,1,1,2,1,1,1,1,2,2,2,2,1,2,1,2,1,2,1,1,1,2,1,1,1,1,2,1,2,1,1,1,1,2,2,1,1
666,5,5,5,5,5,5,5,5,2,2,,30.0,,5.0,,,,5.0,4.0,2.0,,6.0,1.0,54.0,,,2.0,,,,5.0,5.0,6.0,,,,,15.0,1.0,,,,3.0,2.0,,,6.0,1.0,1.0,1.0,1.0,1.0,1.0,1.0,1.0,1.0,1.0,,,,,,,6,3,3,3,1,3,5,5,3,2,75.0,75.0,80.0,85.0,80.0,85.0,85.0,75.0,40.0,40.0,1,1,1,2,1,1,2,2,1,2,1,1,1,2,1,1,1,2,1,1,1,1,1,2,2,1,2,1,2,1,2,2,1,2,1,2,2,1,1,2
480,5,4,5,4,4,4,5,3,2,2,30.0,,,2.0,4.0,5.0,5.0,,,,,6.0,1.0,54.0,,1.0,,2.0,5.0,5.0,,,,,,,,15.0,1.0,,,,3.0,,1.0,,5.0,,,,,,,,,,,1.0,1.0,1.0,1.0,1.0,1.0,6,3,3,3,2,4,5,5,3,2,70.0,60.0,75.0,55.0,50.0,60.0,70.0,40.0,30.0,30.0,1,1,2,1,2,2,1,1,1,1,2,2,1,2,1,1,1,2,1,1,2,1,1,1,2,1,2,2,1,1,1,2,2,1,1,2,1,2,1,1
109,5,5,5,4,4,5,5,4,2,3,33.0,,,2.0,4.0,3.0,2.0,,,,6.0,,1.0,54.0,,,2.0,,,,4.0,5.0,5.0,,,,,15.0,1.0,,,,3.0,,1.0,5.0,,,,,,,,,,,,1.0,1.0,1.0,1.0,1.0,1.0,6,3,3,3,2,4,5,5,3,2,75.0,75.0,80.0,60.0,60.0,80.0,80.0,60.0,40.0,50.0,1,1,1,2,1,1,1,1,1,1,1,2,1,2,1,1,1,1,1,1,1,1,1,1,1,2,1,1,1,1,1,2,1,1,2,1,1,1,1,1
1315,5,5,5,4,4,5,5,4,2,2,70.0,,,2.0,4.0,4.0,2.0,,,,6.0,,,,1.0,,2.0,,,,,,,4.0,5.0,5.0,,15.0,,1.0,4.0,,,1.0,,,5.0,,,,,,,,,,,1.0,1.0,1.0,1.0,1.0,1.0,6,3,3,3,2,5,6,6,3,2,75.0,75.0,80.0,60.0,60.0,80.0,80.0,60.0,40.0,40.0,1,1,1,1,1,1,1,1,1,1,1,1,2,1,1,1,1,2,2,1,1,2,1,1,1,1,1,1,1,2,1,1,2,1,1,1,2,2,1,2
1266,5,5,5,5,5,5,5,5,1,1,,30.0,,2.0,4.0,3.0,3.0,,,,,6.0,,,1.0,,2.0,2.0,5.0,5.0,,,,,,,15.0,,1.0,,,4.0,,1.0,,,5.0,1.0,1.0,1.0,1.0,1.0,1.0,1.0,1.0,1.0,1.0,,,,,,,6,3,3,3,1,5,6,6,3,1,75.0,70.0,80.0,85.0,80.0,85.0,90.0,75.0,20.0,20.0,1,1,2,1,2,2,2,1,1,2,1,1,1,1,2,1,1,1,2,2,2,1,2,1,2,1,2,2,2,1,2,1,1,2,2,1,1,2,1,1
1080,5,5,5,5,5,5,5,5,1,1,30.0,,6.0,,4.0,3.0,2.0,,,,,6.0,,,1.0,1.0,,,,,5.0,5.0,6.0,,,,15.0,,1.0,,,4.0,,,1.0,5.0,,,,,,,,,,,,1.0,1.0,1.0,1.0,1.0,1.0,6,3,3,3,3,5,5,5,3,2,80.0,75.0,85.0,90.0,85.0,90.0,90.0,80.0,20.0,20.0,1,2,1,1,2,1,2,2,2,2,2,2,1,1,2,1,2,2,1,1,2,1,1,1,2,1,1,1,2,1,1,1,1,1,2,2,1,1,1,1
1509,5,5,5,5,5,5,5,5,1,1,,30.0,,2.0,4.0,3.0,2.0,,,,6.0,,1.0,54.0,,,2.0,,,,4.0,5.0,6.0,,,,,15.0,,1.0,6.0,,,,1.0,,6.0,,,,,,,,,,,1.0,1.0,1.0,1.0,1.0,1.0,6,3,2,3,2,5,6,6,4,2,75.0,70.0,80.0,85.0,80.0,85.0,90.0,70.0,20.0,30.0,1,1,2,2,1,2,1,1,1,1,1,2,1,1,1,1,1,1,1,2,1,2,1,1,1,1,1,1,2,2,2,1,2,1,1,1,2,2,1,1
1802,5,5,5,5,5,5,5,5,2,2,,30.0,6.0,,,,,5.0,4.0,2.0,,6.0,,,1.0,,2.0,,,,,,,5.0,5.0,6.0,10.0,,1.0,,4.0,,,1.0,,,6.0,,,,,,,,,,,1.0,1.0,1.0,1.0,1.0,1.0,6,3,3,3,1,4,5,5,4,2,75.0,75.0,80.0,75.0,70.0,75.0,80.0,70.0,40.0,40.0,1,1,2,2,2,2,1,1,2,1,2,1,1,2,2,1,1,2,2,1,1,1,2,1,2,2,1,2,2,1,2,1,1,2,2,1,1,1,2,1
1971,4,4,4,2,3,3,4,2,3,2,40.0,,2.0,,5.0,4.0,3.0,,,,6.0,,1.0,54.0,,1.0,,,,,2.0,5.0,5.0,,,,15.0,,,2.0,4.0,,,,1.0,5.0,,1.0,1.0,1.0,1.0,1.0,1.0,1.0,1.0,1.0,1.0,,,,,,,6,3,3,3,2,5,6,6,3,2,60.0,55.0,60.0,40.0,45.0,50.0,55.0,40.0,35.0,30.0,1,1,2,2,1,1,2,2,2,1,2,2,1,1,1,2,1,2,1,2,2,2,1,2,1,1,2,2,1,1,2,1,1,1,1,2,1,2,1,1
1103,5,5,5,5,5,5,5,5,2,2,30.0,,5.0,,,,,5.0,4.0,2.0,6.0,,,,1.0,,2.0,,,,5.0,5.0,6.0,,,,,15.0,1.0,,5.0,,,,1.0,,5.0,1.0,1.0,1.0,1.0,1.0,1.0,1.0,1.0,1.0,1.0,,,,,,,6,3,3,3,1,5,6,6,3,2,80.0,75.0,85.0,80.0,75.0,80.0,85.0,70.0,40.0,40.0,1,1,1,2,2,1,1,1,1,1,1,1,1,2,1,2,1,1,1,2,1,1,1,1,1,1,1,1,1,1,1,1,1,1,1,1,1,1,1,1
1070,5,5,5,4,4,5,5,4,2,2,40.0,,5.0,,,,,5.0,5.0,2.0,,6.0,1.0,54.0,,,2.0,,,,,,,4.0,5.0,5.0,15.0,,,1.0,,4.0,,2.0,,,5.0,,,,,,,,,,,1.0,1.0,1.0,1.0,1.0,1.0,6,2,3,3,2,4,5,5,3,2,70.0,70.0,75.0,60.0,60.0,70.0,70.0,55.0,40.0,40.0,1,1,1,1,1,1,1,2,1,1,2,1,1,1,2,1,1,2,1,1,1,1,1,1,1,1,1,1,1,1,1,1,1,1,1,1,2,2,1,2
1296,5,5,5,5,5,5,5,5,1,1,,30.0,5.0,,4.0,4.0,3.0,,,,,6.0,1.0,54.0,,,2.0,4.0,5.0,6.0,,,,,,,,15.0,,1.0,,,3.0,2.0,,,6.0,1.0,1.0,1.0,1.0,1.0,1.0,1.0,1.0,1.0,1.0,,,,,,,6,3,2,2,1,3,5,5,4,2,80.0,80.0,85.0,85.0,80.0,80.0,85.0,80.0,20.0,20.0,1,2,1,1,1,2,1,1,2,2,2,1,1,1,1,1,1,1,2,1,2,1,1,2,1,2,1,1,1,2,1,1,2,1,1,2,1,1,1,1
503,5,5,5,5,5,5,5,4,2,2,,30.0,6.0,,4.0,3.0,5.0,,,,6.0,,1.0,54.0,,1.0,,,,,5.0,5.0,5.0,,,,18.0,,,1.0,,,3.0,,1.0,5.0,,,,,,,,,,,,1.0,1.0,1.0,1.0,1.0,1.0,6,3,2,2,1,3,5,5,3,2,75.0,70.0,80.0,75.0,70.0,75.0,80.0,60.0,40.0,40.0,1,1,1,1,2,1,1,2,1,1,2,2,1,2,1,2,2,1,2,1,2,1,1,2,1,2,1,1,2,2,1,2,1,1,2,1,1,2,2,1
470,5,5,5,5,5,5,5,4,2,2,,30.0,6.0,,5.0,4.0,5.0,,,,6.0,,1.0,54.0,,,2.0,4.0,5.0,5.0,,,,,,,15.0,,,1.0,,,3.0,2.0,,5.0,,1.0,1.0,1.0,1.0,1.0,1.0,1.0,1.0,1.0,1.0,,,,,,,6,3,3,3,1,5,6,6,3,2,85.0,80.0,85.0,80.0,75.0,80.0,85.0,70.0,40.0,40.0,1,1,1,1,1,1,1,1,1,1,1,1,1,1,1,1,1,1,1,1,1,1,1,1,1,1,1,1,1,1,1,1,1,1,1,1,1,1,1,1
696,4,4,5,3,4,4,5,2,2,3,30.0,,,2.0,,,,5.0,4.0,2.0,6.0,,,,1.0,,2.0,4.0,5.0,5.0,,,,,,,15.0,,1.0,,,4.0,,2.0,,5.0,,1.0,1.0,1.0,1.0,1.0,1.0,1.0,1.0,1.0,1.0,,,,,,,6,3,2,2,2,4,5,5,3,2,60.0,55.0,70.0,40.0,50.0,55.0,65.0,30.0,25.0,40.0,1,2,1,1,1,2,1,2,1,2,2,2,1,1,1,2,1,2,1,1,2,1,1,1,2,1,2,1,1,1,2,2,1,2,1,1,1,2,1,1
839,5,5,5,5,5,5,5,5,1,1,,30.0,5.0,,4.0,3.0,5.0,,,,,6.0,1.0,54.0,,,2.0,,,,,,,5.0,5.0,6.0,10.0,,1.0,,5.0,,,,1.0,,6.0,1.0,1.0,1.0,1.0,1.0,1.0,1.0,1.0,1.0,1.0,,,,,,,6,3,2,3,2,5,6,5,3,2,75.0,75.0,80.0,80.0,75.0,80.0,80.0,75.0,25.0,25.0,1,2,2,1,1,2,1,1,1,1,2,1,1,2,1,2,1,1,2,2,1,1,1,2,1,1,2,2,2,2,1,1,2,2,1,2,1,1,1,2
1324,5,5,5,5,5,5,5,5,1,1,30.0,,,5.0,,,,3.0,3.0,2.0,6.0,,,,1.0,,2.0,,,,,,,4.0,5.0,5.0,15.0,,1.0,,,,3.0,2.0,,,5.0,1.0,1.0,1.0,1.0,1.0,1.0,1.0,1.0,1.0,1.0,,,,,,,6,3,3,3,1,5,6,6,3,2,80.0,75.0,85.0,80.0,75.0,80.0,85.0,70.0,20.0,20.0,1,1,1,1,2,1,2,1,1,1,2,1,2,2,1,1,1,1,1,2,1,1,1,1,1,2,1,1,1,1,1,1,1,1,1,1,1,1,1,1
1257,5,5,5,5,5,5,5,4,2,2,,30.0,6.0,,3.0,4.0,3.0,,,,6.0,,1.0,54.0,,1.0,,,,,5.0,5.0,5.0,,,,18.0,,1.0,,,7.0,,2.0,,5.0,,1.0,1.0,1.0,1.0,1.0,1.0,1.0,1.0,1.0,1.0,,,,,,,6,2,2,2,2,4,5,5,3,2,80.0,75.0,85.0,80.0,75.0,80.0,85.0,70.0,40.0,40.0,1,1,2,1,1,1,1,2,1,1,2,1,1,1,2,1,1,1,1,2,1,1,1,1,1,2,1,1,1,2,1,2,1,2,1,2,1,2,1,1
1538,5,5,5,5,5,5,5,5,1,1,30.0,,,2.0,4.0,3.0,3.0,,,,6.0,,,,1.0,1.0,,,,,5.0,5.0,6.0,,,,15.0,,1.0,,,,3.0,,1.0,5.0,,,,,,,,,,,,1.0,1.0,1.0,1.0,1.0,1.0,6,3,3,3,3,5,6,6,3,2,85.0,80.0,85.0,85.0,80.0,85.0,85.0,80.0,20.0,20.0,1,1,1,1,1,1,1,1,1,1,1,1,1,1,1,1,1,1,1,1,1,1,1,1,1,1,1,1,1,1,1,1,1,1,1,1,1,1,1,1
724,5,4,5,4,4,5,5,4,2,3,,30.0,,2.0,,,,4.0,3.0,2.0,,6.0,,,1.0,,2.0,,,,,,,4.0,5.0,5.0,15.0,,1.0,,4.0,,,1.0,,,5.0,,,,,,,,,,,1.0,1.0,1.0,1.0,1.0,1.0,6,3,3,3,2,4,5,5,3,2,70.0,60.0,75.0,55.0,55.0,70.0,70.0,60.0,40.0,50.0,1,1,2,1,1,2,1,1,1,2,2,2,1,1,1,1,1,1,1,2,2,1,1,1,1,2,1,2,1,1,1,1,2,1,2,1,1,2,1,1
657,5,5,5,5,5,5,5,5,1,1,70.0,,,2.0,3.0,4.0,3.0,,,,6.0,,1.0,54.0,,1.0,,,,,,,,4.0,5.0,6.0,,15.0,,1.0,,5.0,,1.0,,6.0,,1.0,1.0,1.0,1.0,1.0,1.0,1.0,1.0,1.0,1.0,,,,,,,6,3,2,2,2,4,5,5,3,2,85.0,85.0,90.0,90.0,85.0,90.0,90.0,80.0,20.0,20.0,1,1,1,1,1,1,1,2,1,2,1,2,2,1,2,2,1,1,1,2,2,1,1,1,2,1,1,2,1,1,1,1,2,2,1,1,1,1,1,1
138,5,5,5,5,5,5,5,5,1,1,,30.0,5.0,,,,,6.0,5.0,2.0,6.0,,,,1.0,,2.0,,,,,,,5.0,5.0,6.0,2.0,,,2.0,,,3.0,,1.0,5.0,,1.0,1.0,1.0,1.0,1.0,1.0,1.0,1.0,1.0,1.0,,,,,,,6,3,2,2,2,5,6,6,3,2,85.0,80.0,90.0,85.0,80.0,85.0,90.0,80.0,20.0,20.0,1,1,1,2,2,1,2,1,2,1,1,1,2,1,2,1,2,2,1,1,2,1,1,2,1,1,2,2,1,1,1,1,1,1,2,1,1,2,1,1
1351,4,4,4,2,3,4,4,2,2,2,,30.0,,2.0,5.0,3.0,3.0,,,,6.0,,,,1.0,1.0,,3.0,5.0,5.0,,,,,,,15.0,,,1.0,4.0,,,,1.0,,5.0,1.0,1.0,1.0,1.0,1.0,1.0,1.0,1.0,1.0,1.0,,,,,,,6,3,2,2,2,4,5,5,3,2,60.0,60.0,60.0,40.0,40.0,60.0,60.0,40.0,40.0,40.0,1,2,1,2,1,2,1,1,2,2,1,1,1,2,1,1,1,1,1,2,1,1,1,2,1,2,2,1,1,1,2,1,1,2,1,2,1,2,1,1
1222,5,4,5,5,5,5,5,5,2,2,,30.0,,2.0,5.0,4.0,3.0,,,,6.0,,1.0,54.0,,,2.0,,,,5.0,5.0,6.0,,,,,15.0,,1.0,4.0,,,,1.0,,5.0,1.0,1.0,1.0,1.0,1.0,1.0,1.0,1.0,1.0,1.0,,,,,,,6,3,3,3,3,5,6,6,3,2,70.0,65.0,75.0,80.0,75.0,80.0,85.0,70.0,40.0,40.0,1,2,1,1,1,1,2,2,1,1,2,2,1,1,1,1,1,2,1,2,1,1,1,1,1,1,1,1,1,1,1,1,1,1,1,1,1,1,1,1
751,4,4,4,4,4,4,4,4,2,2,,30.0,,2.0,,,,5.0,4.0,2.0,6.0,,,,1.0,1.0,,,,,4.0,5.0,6.0,,,,,15.0,,1.0,6.0,,,2.0,,6.0,,,,,,,,,,,,1.0,1.0,1.0,1.0,1.0,1.0,7,3,3,3,1,3,5,5,4,2,70.0,70.0,70.0,70.0,70.0,70.0,70.0,70.0,30.0,30.0,1,1,1,1,1,1,1,1,2,1,1,2,2,1,1,2,1,2,1,1,2,2,1,1,2,1,1,1,1,2,2,2,1,1,1,1,1,1,1,1
622,5,5,5,4,4,5,5,4,2,3,30.0,,5.0,,,,,4.0,4.0,2.0,,6.0,,,1.0,,2.0,,,,,,,4.0,5.0,5.0,,15.0,,1.0,4.0,,,1.0,,5.0,,,,,,,,,,,,1.0,1.0,1.0,1.0,1.0,1.0,6,3,3,3,2,4,5,5,3,2,75.0,75.0,80.0,60.0,60.0,80.0,80.0,60.0,40.0,50.0,1,1,1,1,1,2,1,1,1,2,1,2,1,1,1,2,1,1,1,1,1,1,1,1,1,2,1,2,1,1,1,1,1,1,1,1,1,1,1,1
1877,5,5,5,5,5,5,5,5,2,2,30.0,,,2.0,5.0,4.0,3.0,,,,6.0,,,,1.0,,2.0,,,,4.0,5.0,5.0,,,,,12.0,1.0,,4.0,,,,1.0,,5.0,1.0,1.0,1.0,1.0,1.0,1.0,1.0,1.0,1.0,1.0,,,,,,,6,3,3,3,2,5,6,6,3,2,80.0,75.0,85.0,80.0,75.0,80.0,85.0,70.0,30.0,30.0,2,1,2,1,1,1,1,1,1,1,1,1,2,1,1,2,1,1,1,1,1,1,1,2,2,2,1,1,1,1,1,2,2,1,1,1,1,1,1,1
1904,4,4,4,4,4,4,4,4,2,2,,30.0,5.0,,,,,5.0,5.0,2.0,,6.0,,,1.0,,2.0,,,,,,,4.0,5.0,6.0,,15.0,,1.0,,5.0,,1.0,,5.0,,1.0,1.0,1.0,1.0,1.0,1.0,1.0,1.0,1.0,1.0,,,,,,,6,3,3,3,2,4,4,4,3,2,70.0,70.0,70.0,70.0,70.0,70.0,70.0,70.0,40.0,40.0,1,1,1,1,1,1,1,1,1,1,1,1,1,1,1,1,1,1,1,1,1,1,1,1,1,1,1,1,1,1,1,1,1,1,1,1,1,1,1,1
1390,5,5,5,5,5,5,5,5,1,1,30.0,,,6.0,5.0,3.0,4.0,,,,,6.0,1.0,54.0,,1.0,,5.0,5.0,6.0,,,,,,,,15.0,1.0,,,4.0,,2.0,,,5.0,,,,,,,,,,,1.0,1.0,1.0,1.0,1.0,1.0,6,3,3,3,2,4,5,5,3,2,80.0,75.0,85.0,70.0,65.0,75.0,80.0,70.0,30.0,30.0,1,2,1,1,1,2,1,1,1,2,2,1,1,1,1,2,1,2,1,1,1,1,1,2,1,1,2,1,1,1,2,1,1,2,1,1,2,1,1,1
1619,5,5,5,5,5,5,5,5,2,2,,30.0,5.0,,,,,6.0,5.0,2.0,,6.0,,,1.0,1.0,,,,,5.0,5.0,6.0,,,,,10.0,,1.0,,,3.0,1.0,,5.0,,1.0,1.0,1.0,1.0,1.0,1.0,1.0,1.0,1.0,1.0,,,,,,,6,3,2,2,1,4,5,5,3,2,75.0,75.0,80.0,80.0,80.0,85.0,85.0,80.0,40.0,40.0,1,2,1,1,1,1,2,1,2,1,2,1,1,1,1,1,1,1,1,1,1,1,1,1,1,2,1,1,1,1,1,1,1,1,1,1,1,1,1,2
1176,4,4,4,4,4,4,4,4,2,2,,30.0,5.0,,,,,5.0,4.0,2.0,6.0,,,,1.0,1.0,,,,,5.0,5.0,6.0,,,,,15.0,,1.0,,6.0,,2.0,,5.0,,1.0,1.0,1.0,1.0,1.0,1.0,1.0,1.0,1.0,1.0,,,,,,,6,3,3,3,1,4,5,5,3,2,65.0,65.0,65.0,65.0,65.0,65.0,65.0,65.0,65.0,65.0,2,1,2,1,1,2,1,1,1,2,1,2,1,2,1,2,1,1,2,1,1,1,2,1,1,1,2,2,2,1,1,2,2,1,1,2,1,1,2,2
1005,5,5,5,5,5,5,5,5,1,1,30.0,,,2.0,,,,5.0,4.0,2.0,6.0,,1.0,54.0,,,2.0,,,,,,,4.0,5.0,6.0,15.0,,,1.0,,4.0,,,1.0,5.0,,,,,,,,,,,,1.0,1.0,1.0,1.0,1.0,1.0,6,3,3,3,2,5,5,5,3,2,85.0,80.0,85.0,80.0,75.0,80.0,85.0,75.0,20.0,20.0,1,1,1,1,1,1,1,1,1,1,1,1,1,1,1,1,1,1,1,1,1,1,1,1,1,1,1,1,1,1,1,1,1,1,1,1,1,1,1,1
790,5,5,5,5,5,5,5,4,2,2,,30.0,5.0,,,,,5.0,4.0,2.0,6.0,,1.0,54.0,,,2.0,,,,,,,4.0,5.0,5.0,,15.0,,1.0,,4.0,,2.0,,5.0,,1.0,1.0,1.0,1.0,1.0,1.0,1.0,1.0,1.0,1.0,,,,,,,6,3,3,3,1,5,6,6,3,2,75.0,70.0,80.0,75.0,70.0,75.0,80.0,60.0,40.0,40.0,1,1,2,2,1,1,1,1,1,2,1,2,1,2,1,1,1,1,2,2,1,1,2,1,2,2,1,2,1,1,1,2,1,1,1,1,1,1,1,1
219,5,5,5,5,5,5,5,5,1,1,70.0,,5.0,,5.0,4.0,4.0,,,,6.0,,1.0,54.0,,,2.0,4.0,5.0,6.0,,,,,,,,15.0,1.0,,,4.0,,1.0,,5.0,,,,,,,,,,,,1.0,1.0,1.0,1.0,1.0,1.0,6,3,4,4,2,5,5,5,3,2,75.0,75.0,80.0,80.0,75.0,80.0,80.0,75.0,20.0,20.0,1,1,1,1,1,1,1,1,1,1,1,1,1,1,1,1,1,1,1,1,1,1,1,1,1,1,1,1,1,1,1,1,1,1,1,1,1,1,1,1
576,5,5,5,5,5,5,5,5,1,1,,30.0,,2.0,4.0,3.0,3.0,,,,6.0,,,,1.0,1.0,,4.0,5.0,5.0,,,,,,,15.0,,,1.0,4.0,,,,1.0,,5.0,1.0,1.0,1.0,1.0,1.0,1.0,1.0,1.0,1.0,1.0,,,,,,,6,2,3,3,2,5,5,5,3,2,75.0,75.0,80.0,85.0,80.0,85.0,85.0,80.0,20.0,20.0,2,1,2,2,1,1,1,1,1,2,2,1,2,1,1,1,1,2,2,1,2,1,2,1,1,1,2,1,2,2,2,1,2,1,1,2,2,1,2,1
405,5,5,5,5,5,5,5,5,1,1,,20.0,5.0,,3.0,4.0,5.0,,,,,6.0,,,1.0,,2.0,,,,5.0,5.0,6.0,,,,15.0,,,1.0,,7.0,,1.0,,6.0,,1.0,1.0,1.0,1.0,1.0,1.0,1.0,1.0,1.0,1.0,,,,,,,6,3,3,3,1,5,6,6,3,2,75.0,75.0,80.0,85.0,80.0,80.0,85.0,70.0,20.0,20.0,1,2,2,1,1,2,1,1,1,2,1,2,2,2,2,2,1,1,1,2,1,1,1,1,2,2,1,2,1,1,2,1,2,1,1,1,1,2,1,1
1547,5,5,5,3,4,4,5,3,2,2,,30.0,,5.0,,,,5.0,4.0,2.0,6.0,,1.0,54.0,,,2.0,2.0,5.0,5.0,,,,,,,15.0,,1.0,,4.0,,,2.0,,,5.0,,,,,,,,,,,1.0,1.0,1.0,1.0,1.0,1.0,6,3,3,3,2,4,5,5,3,2,70.0,65.0,75.0,50.0,55.0,60.0,70.0,40.0,30.0,30.0,1,1,1,1,2,1,2,2,1,2,1,2,1,1,1,2,1,1,1,1,2,1,1,2,2,1,1,1,1,1,1,1,2,1,2,1,1,1,1,1
1434,5,5,5,4,4,5,5,4,2,2,,30.0,5.0,,3.0,4.0,5.0,,,,,6.0,1.0,54.0,,,2.0,,,,,,,4.0,5.0,6.0,,15.0,,1.0,4.0,,,,1.0,,5.0,,,,,,,,,,,1.0,1.0,1.0,1.0,1.0,1.0,6,3,2,2,3,5,6,6,3,2,75.0,70.0,80.0,60.0,55.0,70.0,65.0,50.0,40.0,45.0,2,2,1,1,1,2,1,2,1,1,2,1,1,1,1,2,1,1,2,1,1,2,1,1,2,1,1,1,1,1,1,1,1,1,1,1,1,1,1,1
1228,5,5,5,5,5,5,5,5,2,2,,15.0,6.0,,3.0,4.0,2.0,,,,6.0,,1.0,54.0,,,2.0,4.0,5.0,6.0,,,,,,,15.0,,1.0,,,4.0,,2.0,,,6.0,1.0,1.0,1.0,1.0,1.0,1.0,1.0,1.0,1.0,1.0,,,,,,,6,3,3,3,1,4,5,5,3,2,85.0,80.0,85.0,90.0,85.0,90.0,90.0,80.0,30.0,30.0,1,2,1,1,1,1,1,2,1,1,1,2,2,1,1,2,1,1,2,1,1,1,2,1,1,2,1,2,1,1,1,1,1,1,1,1,1,2,1,1
147,5,5,5,4,4,5,5,4,2,2,30.0,,5.0,,,,,5.0,4.0,2.0,,6.0,,,1.0,,2.0,,,,2.0,5.0,5.0,,,,,12.0,,1.0,,,3.0,2.0,,5.0,,,,,,,,,,,,1.0,1.0,1.0,1.0,1.0,1.0,6,3,3,3,1,5,6,6,4,2,75.0,70.0,80.0,60.0,60.0,75.0,70.0,55.0,40.0,40.0,1,1,1,1,2,1,2,2,1,1,2,1,1,1,1,1,1,1,1,1,1,1,1,1,2,2,1,1,1,1,1,1,1,1,2,1,1,1,2,2
628,4,4,5,5,4,4,5,4,2,2,35.0,,,2.0,4.0,3.0,2.0,,,,6.0,,1.0,54.0,,1.0,,,,,5.0,5.0,5.0,,,,,15.0,1.0,,4.0,,,,1.0,5.0,,,,,,,,,,,,1.0,1.0,1.0,1.0,1.0,1.0,6,3,3,3,2,5,6,6,4,2,70.0,65.0,75.0,60.0,55.0,65.0,70.0,50.0,40.0,45.0,2,2,2,1,2,1,1,2,2,1,2,1,1,1,2,1,1,1,1,2,1,2,1,1,2,1,1,1,2,2,1,2,2,1,2,1,2,1,2,1
846,5,5,5,5,5,5,5,5,2,2,,30.0,,2.0,4.0,3.0,3.0,,,,6.0,,1.0,54.0,,,2.0,,,,5.0,5.0,5.0,,,,,15.0,,1.0,,,3.0,2.0,,5.0,,1.0,1.0,1.0,1.0,1.0,1.0,1.0,1.0,1.0,1.0,,,,,,,6,1,2,2,1,5,6,6,3,2,85.0,80.0,85.0,80.0,75.0,80.0,85.0,75.0,30.0,30.0,1,2,2,1,1,2,1,1,1,1,2,2,1,1,2,1,1,1,1,1,1,1,1,1,2,2,1,2,2,1,1,1,2,1,1,2,1,1,1,2
935,5,5,5,4,4,5,5,4,2,3,30.0,,5.0,,,,,6.0,5.0,2.0,6.0,,,,1.0,,2.0,4.0,5.0,5.0,,,,,,,,15.0,1.0,,,,3.0,2.0,,5.0,,,,,,,,,,,,1.0,1.0,1.0,1.0,1.0,1.0,6,3,3,3,2,4,5,5,3,2,70.0,70.0,75.0,60.0,60.0,75.0,75.0,50.0,30.0,40.0,2,1,2,1,1,2,1,2,2,2,1,1,1,1,1,1,1,2,1,2,1,1,1,1,1,2,1,1,2,1,1,2,1,1,2,1,1,2,1,1
1760,5,5,5,5,5,5,5,5,1,1,30.0,,6.0,,5.0,4.0,3.0,,,,,6.0,,,1.0,,2.0,,,,5.0,5.0,6.0,,,,,15.0,,2.0,,4.0,,,1.0,5.0,,,,,,,,,,,,1.0,1.0,1.0,1.0,1.0,1.0,6,3,3,3,2,4,5,5,3,1,80.0,75.0,85.0,80.0,75.0,80.0,85.0,70.0,20.0,20.0,1,2,1,1,2,2,1,1,2,1,2,1,1,2,2,1,2,1,2,1,2,1,1,2,2,2,2,2,2,1,1,2,1,2,2,2,2,2,1,1
1613,5,5,5,5,5,5,5,5,1,2,30.0,,4.0,,,,,5.0,4.0,2.0,6.0,,,,1.0,,2.0,4.0,5.0,5.0,,,,,,,,12.0,,1.0,,,3.0,2.0,,5.0,,1.0,1.0,1.0,1.0,1.0,1.0,1.0,1.0,1.0,1.0,,,,,,,6,2,2,2,1,3,6,6,3,2,85.0,80.0,90.0,85.0,80.0,85.0,90.0,75.0,20.0,30.0,1,2,1,1,1,1,1,1,1,1,1,1,2,2,1,1,1,2,1,2,1,1,1,1,1,1,1,1,1,1,1,1,2,1,2,2,2,2,1,2
1586,5,5,5,5,5,5,5,5,1,1,,30.0,6.0,,,,,5.0,4.0,2.0,,6.0,,,1.0,1.0,,,,,,,,5.0,5.0,6.0,15.0,,1.0,,,4.0,,2.0,,,5.0,1.0,1.0,1.0,1.0,1.0,1.0,1.0,1.0,1.0,1.0,,,,,,,6,3,3,3,1,4,5,5,3,2,85.0,80.0,85.0,85.0,80.0,85.0,85.0,80.0,20.0,20.0,2,1,1,1,1,1,1,1,1,1,2,1,1,1,1,1,2,1,1,1,1,1,1,1,1,1,1,1,1,1,2,1,1,1,1,1,1,1,1,1
360,4,4,4,2,3,4,4,2,1,2,,30.0,,2.0,5.0,4.0,3.0,,,,6.0,,,,1.0,,2.0,,,,4.0,5.0,5.0,,,,15.0,,1.0,,4.0,,,,1.0,5.0,,,,,,,,,,,,1.0,1.0,1.0,1.0,1.0,1.0,6,3,3,3,2,4,4,4,3,2,65.0,65.0,65.0,40.0,40.0,50.0,50.0,30.0,20.0,30.0,1,1,1,1,1,1,1,1,1,1,1,1,1,1,1,1,1,1,1,1,1,1,1,1,1,1,1,1,1,1,1,1,1,1,1,1,1,1,1,1
213,5,5,5,5,5,5,5,5,1,1,,15.0,,5.0,4.0,3.0,3.0,,,,,6.0,,,1.0,1.0,,,,,,,,5.0,5.0,6.0,15.0,,1.0,,,4.0,,,1.0,5.0,,1.0,1.0,1.0,1.0,1.0,1.0,1.0,1.0,1.0,1.0,,,,,,,6,3,3,3,2,5,5,5,3,2,75.0,75.0,80.0,80.0,75.0,80.0,80.0,75.0,25.0,25.0,1,1,1,1,2,2,1,1,1,1,1,1,1,1,2,2,1,1,1,2,2,1,1,1,2,1,1,1,1,2,2,1,2,2,1,2,2,1,2,1
186,5,5,5,5,5,5,5,5,2,2,30.0,,,2.0,,,,5.0,5.0,2.0,,6.0,,,1.0,,2.0,4.0,5.0,6.0,,,,,,,,15.0,1.0,,,4.0,,,1.0,,6.0,1.0,1.0,1.0,1.0,1.0,1.0,1.0,1.0,1.0,1.0,,,,,,,6,3,2,2,2,5,6,6,3,2,75.0,75.0,80.0,85.0,80.0,85.0,90.0,80.0,30.0,30.0,1,1,1,1,1,1,1,1,1,1,1,2,1,1,1,2,1,1,1,1,1,1,1,1,1,1,1,1,1,1,1,1,1,1,1,1,1,1,1,1
887,5,5,5,5,5,5,5,5,1,1,,30.0,5.0,,3.0,4.0,3.0,,,,,6.0,,,1.0,1.0,,,,,,,,4.0,5.0,6.0,,15.0,,1.0,,4.0,,,1.0,,5.0,1.0,1.0,1.0,1.0,1.0,1.0,1.0,1.0,1.0,1.0,,,,,,,6,3,3,3,2,4,5,5,3,2,75.0,75.0,80.0,80.0,75.0,75.0,80.0,70.0,20.0,20.0,1,2,1,2,1,2,1,1,2,2,1,1,2,1,1,1,2,1,1,1,1,1,1,1,2,2,2,2,1,1,2,1,1,1,1,2,2,1,1,1
11,4,4,4,2,3,4,4,2,1,2,40.0,,4.0,,4.0,3.0,2.0,,,,,6.0,,,1.0,1.0,,3.0,5.0,5.0,,,,,,,15.0,,,2.0,,4.0,,,1.0,4.0,,,,,,,,,,,,1.0,1.0,1.0,1.0,1.0,1.0,6,3,3,3,2,5,5,5,3,2,55.0,55.0,55.0,30.0,40.0,50.0,50.0,30.0,20.0,30.0,1,2,1,2,1,2,1,2,1,2,1,2,1,1,1,2,1,1,1,2,1,2,1,1,1,1,1,1,1,1,1,1,1,1,1,1,1,1,2,1
1480,5,5,5,5,5,5,5,5,1,1,30.0,,,2.0,4.0,3.0,3.0,,,,,6.0,1.0,54.0,,1.0,,4.0,5.0,5.0,,,,,,,,15.0,,2.0,4.0,,,1.0,,5.0,,1.0,1.0,1.0,1.0,1.0,1.0,1.0,1.0,1.0,1.0,,,,,,,6,3,3,3,1,3,5,5,3,2,80.0,75.0,85.0,90.0,85.0,80.0,90.0,75.0,20.0,20.0,1,2,2,1,1,2,1,1,1,1,2,1,2,2,2,2,2,1,1,1,2,1,1,1,2,1,1,2,1,1,2,2,1,1,2,2,1,1,1,1
1109,5,4,5,2,3,4,5,2,2,3,30.0,,2.0,,,,,5.0,4.0,2.0,,6.0,1.0,54.0,,1.0,,,,,,,,2.0,5.0,5.0,15.0,,,1.0,,,3.0,,1.0,,5.0,1.0,1.0,1.0,1.0,1.0,1.0,1.0,1.0,1.0,1.0,,,,,,,6,3,2,2,2,4,5,5,3,2,70.0,60.0,75.0,40.0,50.0,55.0,65.0,35.0,30.0,45.0,1,1,2,1,1,1,2,1,2,1,2,1,1,2,1,2,1,1,2,1,1,1,2,1,1,1,2,1,1,2,2,1,1,2,1,2,1,1,1,2
1715,4,4,5,4,4,4,5,4,2,3,,35.0,5.0,,,,,5.0,4.0,2.0,6.0,,,,1.0,,2.0,,,,,,,4.0,5.0,5.0,,15.0,1.0,,,4.0,,,1.0,5.0,,,,,,,,,,,,1.0,1.0,1.0,1.0,1.0,1.0,6,3,3,3,3,5,5,5,3,2,70.0,65.0,80.0,60.0,55.0,60.0,70.0,50.0,40.0,45.0,1,1,2,2,1,1,1,1,2,2,2,1,1,2,2,1,1,1,1,1,1,1,1,2,1,1,2,1,2,2,1,1,2,1,2,1,2,1,2,1
1666,4,4,4,4,4,4,4,4,2,2,40.0,,,4.0,5.0,5.0,3.0,,,,,6.0,,,1.0,1.0,,,,,4.0,5.0,5.0,,,,,15.0,,1.0,,4.0,,1.0,,5.0,,,,,,,,,,,,1.0,1.0,1.0,1.0,1.0,1.0,6,3,3,3,3,5,5,5,3,2,65.0,65.0,65.0,65.0,65.0,65.0,65.0,65.0,35.0,35.0,1,2,2,1,1,2,1,1,2,1,1,1,1,1,1,1,1,2,2,2,1,1,1,1,1,2,1,2,1,1,1,1,1,1,1,1,1,1,1,1
509,4,4,4,2,3,4,4,2,1,1,40.0,,4.0,,,,,5.0,4.0,2.0,6.0,,1.0,54.0,,,2.0,2.0,5.0,5.0,,,,,,,15.0,,1.0,,4.0,,,1.0,,,5.0,1.0,1.0,1.0,1.0,1.0,1.0,1.0,1.0,1.0,1.0,,,,,,,6,3,3,3,3,4,4,4,3,2,65.0,60.0,65.0,40.0,50.0,55.0,60.0,40.0,30.0,30.0,1,1,2,1,1,2,1,1,1,2,1,1,2,1,2,1,1,2,1,2,1,2,1,1,1,1,2,1,1,1,1,1,2,1,2,1,1,1,1,1
315,5,5,5,5,5,5,5,5,2,2,30.0,,,2.0,4.0,3.0,3.0,,,,6.0,,,,1.0,1.0,,2.0,5.0,5.0,,,,,,,,10.0,,1.0,,,3.0,2.0,,5.0,,1.0,1.0,1.0,1.0,1.0,1.0,1.0,1.0,1.0,1.0,,,,,,,6,3,3,3,1,3,5,5,3,1,80.0,75.0,85.0,80.0,75.0,80.0,85.0,70.0,30.0,30.0,1,1,1,1,1,1,1,1,1,1,1,1,1,1,1,1,1,1,1,1,1,1,1,1,1,1,1,1,1,1,1,1,1,1,1,1,1,1,1,1
266,5,4,5,4,4,5,5,4,2,2,70.0,,,2.0,5.0,4.0,3.0,,,,6.0,,,,1.0,1.0,,,,,5.0,5.0,5.0,,,,15.0,,1.0,,,7.0,,,1.0,5.0,,1.0,1.0,1.0,1.0,1.0,1.0,1.0,1.0,1.0,1.0,,,,,,,6,3,3,3,2,4,5,5,3,2,70.0,60.0,70.0,60.0,60.0,70.0,70.0,60.0,40.0,40.0,1,2,1,2,1,1,1,1,1,1,2,2,1,1,1,1,1,2,1,1,2,1,1,1,1,1,1,2,1,1,1,1,2,2,2,2,1,1,1,1
2015,5,5,5,5,5,5,5,5,1,1,33.0,,,2.0,,,,5.0,4.0,2.0,,6.0,,,1.0,,2.0,,,,,,,4.0,5.0,6.0,15.0,,1.0,,,4.0,,1.0,,,6.0,,,,,,,,,,,1.0,1.0,1.0,1.0,1.0,1.0,6,3,3,3,3,5,6,6,3,2,75.0,70.0,80.0,65.0,60.0,70.0,75.0,60.0,30.0,25.0,1,2,1,1,2,1,1,2,2,1,1,1,2,1,2,2,1,1,1,1,1,1,1,1,2,2,1,1,1,2,2,1,1,1,2,2,1,1,2,1
64,5,5,5,5,5,5,5,5,1,1,30.0,,,2.0,4.0,3.0,3.0,,,,6.0,,1.0,54.0,,1.0,,4.0,5.0,5.0,,,,,,,15.0,,1.0,,,4.0,,,1.0,5.0,,,,,,,,,,,,1.0,1.0,1.0,1.0,1.0,1.0,6,3,3,3,3,5,5,5,3,2,85.0,80.0,85.0,80.0,75.0,80.0,80.0,75.0,40.0,40.0,1,2,1,2,1,2,1,2,1,2,1,2,1,1,2,1,1,2,1,2,1,1,2,1,1,2,1,1,1,2,1,2,2,1,1,1,2,2,2,1
981,5,5,5,5,5,5,5,4,2,2,,30.0,6.0,,,,,5.0,4.0,2.0,,6.0,,,1.0,1.0,,4.0,5.0,5.0,,,,,,,,15.0,1.0,,5.0,,,2.0,,5.0,,1.0,1.0,1.0,1.0,1.0,1.0,1.0,1.0,1.0,1.0,,,,,,,6,3,3,3,1,5,6,6,3,1,80.0,75.0,85.0,80.0,75.0,80.0,85.0,70.0,40.0,40.0,2,1,1,2,1,2,1,2,1,2,2,1,2,1,1,1,2,1,1,2,1,1,1,2,1,1,2,1,1,2,1,1,1,2,2,1,1,1,1,2
1808,5,5,5,5,5,5,5,5,1,1,,30.0,,2.0,3.0,4.0,2.0,,,,6.0,,1.0,54.0,,,2.0,,,,4.0,5.0,5.0,,,,5.0,,1.0,,,4.0,,1.0,,5.0,,,,,,,,,,,,1.0,1.0,1.0,1.0,1.0,1.0,6,3,3,3,3,5,5,5,3,2,75.0,75.0,80.0,80.0,75.0,80.0,80.0,70.0,30.0,30.0,1,2,1,1,2,2,2,2,1,2,2,2,2,1,2,1,1,1,2,1,2,1,1,1,2,1,2,1,1,2,1,1,2,1,2,2,2,1,1,1
1532,5,5,5,4,4,5,5,4,2,2,,30.0,,2.0,5.0,3.0,4.0,,,,6.0,,,,1.0,,2.0,,,,4.0,5.0,5.0,,,,,12.0,1.0,,4.0,,,,1.0,,5.0,1.0,1.0,1.0,1.0,1.0,1.0,1.0,1.0,1.0,1.0,,,,,,,6,2,3,3,2,5,6,6,3,2,70.0,65.0,70.0,50.0,50.0,70.0,70.0,50.0,30.0,30.0,1,1,1,2,2,2,1,1,2,2,1,1,2,1,2,1,1,2,1,1,2,1,1,2,1,1,2,1,1,2,2,1,1,2,2,1,1,2,1,1
1441,5,5,5,5,5,5,5,5,2,2,30.0,,,6.0,4.0,3.0,3.0,,,,6.0,,,,1.0,1.0,,,,,,,,5.0,5.0,6.0,,15.0,,1.0,5.0,,,,1.0,,5.0,,,,,,,,,,,1.0,1.0,1.0,1.0,1.0,1.0,6,2,3,3,2,4,5,5,3,2,80.0,80.0,85.0,85.0,80.0,85.0,85.0,75.0,30.0,30.0,1,1,2,1,1,2,2,2,1,1,1,1,1,2,1,2,2,1,1,1,2,2,2,1,1,1,1,1,1,1,1,1,1,2,1,1,2,2,2,1
132,4,4,4,2,3,4,4,2,2,2,30.0,,,2.0,,,,5.0,4.0,2.0,,6.0,1.0,54.0,,1.0,,,,,,,,2.0,5.0,5.0,,15.0,,1.0,4.0,,,1.0,,,5.0,1.0,1.0,1.0,1.0,1.0,1.0,1.0,1.0,1.0,1.0,,,,,,,6,3,3,3,1,3,5,5,3,2,65.0,65.0,65.0,40.0,40.0,65.0,65.0,40.0,40.0,40.0,1,1,1,1,1,1,1,1,1,1,1,1,1,1,1,1,1,1,1,1,1,1,1,1,1,1,1,1,1,1,1,1,1,1,1,1,1,1,1,1
833,5,5,5,5,5,5,5,4,2,2,40.0,,,2.0,5.0,4.0,3.0,,,,,6.0,,,1.0,1.0,,,,,5.0,5.0,5.0,,,,18.0,,,1.0,,4.0,,,1.0,,6.0,,,,,,,,,,,1.0,1.0,1.0,1.0,1.0,1.0,6,3,3,3,1,5,6,6,3,2,75.0,70.0,80.0,75.0,70.0,75.0,80.0,60.0,40.0,40.0,1,2,1,2,1,1,2,1,1,2,1,2,1,1,1,2,1,2,1,2,1,1,2,2,1,1,2,1,2,1,1,1,1,2,1,1,1,1,1,1
940,5,5,5,5,5,5,5,5,2,2,30.0,,,2.0,,,,5.0,4.0,2.0,,6.0,1.0,54.0,,1.0,,4.0,5.0,5.0,,,,,,,15.0,,1.0,,4.0,,,1.0,,,5.0,1.0,1.0,1.0,1.0,1.0,1.0,1.0,1.0,1.0,1.0,,,,,,,6,3,3,3,1,4,5,5,3,2,70.0,70.0,75.0,80.0,75.0,80.0,75.0,70.0,40.0,40.0,1,1,1,1,2,1,1,2,2,2,1,2,1,2,2,1,2,1,2,1,2,1,1,1,1,1,1,1,1,1,1,1,1,2,2,1,1,1,1,1
442,5,5,5,5,5,5,5,5,1,1,35.0,,,2.0,,,,5.0,4.0,2.0,,6.0,1.0,15.0,,1.0,,4.0,5.0,5.0,,,,,,,18.0,,,1.0,,,3.0,2.0,,5.0,,,,,,,,,,,,1.0,1.0,1.0,1.0,1.0,1.0,6,3,3,3,3,5,6,6,4,2,80.0,75.0,85.0,70.0,65.0,70.0,75.0,60.0,40.0,45.0,1,2,1,2,1,2,2,1,1,1,2,1,1,2,1,1,1,2,1,1,1,1,2,1,2,1,2,2,1,1,2,1,1,2,2,1,1,2,1,2
531,5,5,5,5,5,5,5,5,2,2,30.0,,4.0,,4.0,3.0,5.0,,,,,6.0,1.0,54.0,,,2.0,4.0,5.0,5.0,,,,,,,15.0,,,1.0,5.0,,,2.0,,,5.0,,,,,,,,,,,1.0,1.0,1.0,1.0,1.0,1.0,6,3,3,3,1,5,6,6,3,2,80.0,75.0,80.0,70.0,70.0,75.0,80.0,70.0,40.0,40.0,1,2,1,1,1,2,2,1,1,2,1,1,1,1,1,1,1,1,1,1,1,1,1,1,1,1,1,1,1,1,1,1,1,1,1,1,1,1,1,1
1042,5,5,5,2,4,5,5,4,2,2,40.0,,5.0,,,,,5.0,4.0,2.0,6.0,,1.0,54.0,,,2.0,4.0,5.0,5.0,,,,,,,,15.0,1.0,,5.0,,,,1.0,5.0,,,,,,,,,,,,1.0,1.0,1.0,1.0,1.0,1.0,6,3,3,3,2,4,4,4,3,2,75.0,70.0,80.0,40.0,50.0,70.0,80.0,50.0,30.0,40.0,1,2,1,1,1,1,1,1,1,2,1,1,1,1,2,1,1,1,1,1,1,1,1,1,2,1,1,2,1,2,1,1,1,1,1,1,1,2,1,1
1131,5,5,5,4,4,5,5,4,2,2,,30.0,,2.0,4.0,3.0,2.0,,,,6.0,,,,1.0,,2.0,3.0,5.0,5.0,,,,,,,,15.0,,2.0,,4.0,,1.0,,,5.0,,,,,,,,,,,1.0,1.0,1.0,1.0,1.0,1.0,6,3,3,3,2,4,5,5,3,2,75.0,70.0,80.0,60.0,55.0,70.0,65.0,50.0,40.0,40.0,1,2,2,1,1,1,2,1,1,2,1,1,1,1,2,1,1,1,2,2,1,1,1,2,2,1,2,1,1,1,2,1,1,1,2,1,1,2,1,2
1943,5,5,5,5,5,5,5,5,1,1,,30.0,,6.0,5.0,4.0,3.0,,,,6.0,,1.0,54.0,,,2.0,2.0,5.0,5.0,,,,,,,18.0,,,2.0,,4.0,,1.0,,5.0,,,,,,,,,,,,1.0,1.0,1.0,1.0,1.0,1.0,6,3,3,3,2,4,5,5,3,2,85.0,80.0,85.0,90.0,85.0,80.0,90.0,80.0,20.0,20.0,2,1,1,1,2,1,2,1,1,2,2,2,1,1,1,2,1,1,2,2,1,1,1,2,2,1,1,2,1,2,1,1,1,2,1,1,2,1,1,2
1830,4,4,4,4,4,4,4,4,2,2,,30.0,2.0,,,,,5.0,4.0,2.0,6.0,,,,1.0,,2.0,2.0,5.0,5.0,,,,,,,,15.0,1.0,,,4.0,,1.0,,5.0,,,,,,,,,,,,1.0,1.0,1.0,1.0,1.0,1.0,6,3,3,3,3,5,5,5,3,2,65.0,65.0,65.0,65.0,65.0,65.0,65.0,65.0,35.0,35.0,1,2,2,1,1,1,1,2,2,1,2,1,1,1,2,2,1,1,1,1,2,1,2,1,1,1,1,1,1,2,2,1,1,2,1,1,2,1,2,1
665,5,5,5,5,5,5,5,5,2,2,30.0,,,2.0,5.0,3.0,4.0,,,,6.0,,,,1.0,,2.0,,,,,,,1.0,5.0,6.0,,10.0,1.0,,,,3.0,,1.0,5.0,,,,,,,,,,,,1.0,1.0,1.0,1.0,1.0,1.0,6,2,3,3,1,3,5,5,3,2,85.0,80.0,85.0,90.0,85.0,90.0,90.0,80.0,30.0,30.0,1,1,1,1,2,1,1,1,1,2,1,1,2,1,2,1,1,1,1,1,1,1,1,1,1,1,1,1,1,1,1,1,1,1,1,1,1,1,1,1
716,5,5,5,5,5,5,5,4,2,2,33.0,,,5.0,,,,5.0,4.0,2.0,6.0,,1.0,54.0,,1.0,,,,,4.0,5.0,5.0,,,,,15.0,1.0,,,,3.0,2.0,,5.0,,1.0,1.0,1.0,1.0,1.0,1.0,1.0,1.0,1.0,1.0,,,,,,,6,3,2,2,1,4,5,5,3,1,80.0,75.0,80.0,75.0,70.0,75.0,80.0,60.0,40.0,40.0,1,1,1,1,1,1,1,1,1,1,1,1,1,1,1,1,1,1,1,1,1,1,1,1,1,1,1,1,1,1,1,1,1,1,1,1,1,1,1,1
483,5,5,5,4,4,5,5,4,2,3,,30.0,5.0,,4.0,3.0,3.0,,,,6.0,,,,1.0,1.0,,,,,5.0,5.0,5.0,,,,,10.0,,1.0,4.0,,,,1.0,,5.0,,,,,,,,,,,1.0,1.0,1.0,1.0,1.0,1.0,6,3,3,3,1,4,5,5,3,2,70.0,70.0,75.0,50.0,50.0,70.0,70.0,50.0,40.0,40.0,1,1,1,1,1,1,1,1,1,1,1,1,1,1,1,1,1,1,1,1,1,1,1,1,1,1,1,1,1,1,1,1,1,1,1,1,1,1,1,1
1265,4,4,4,2,3,4,4,2,1,1,35.0,,,2.0,,,,5.0,5.0,2.0,6.0,,1.0,54.0,,1.0,,,,,,,,2.0,5.0,5.0,,15.0,1.0,,4.0,,,1.0,,,5.0,1.0,1.0,1.0,1.0,1.0,1.0,1.0,1.0,1.0,1.0,,,,,,,6,3,3,3,2,5,6,6,3,2,65.0,60.0,70.0,40.0,50.0,60.0,70.0,40.0,30.0,30.0,2,1,2,2,1,2,1,1,1,2,2,1,2,2,1,2,2,2,1,2,1,2,1,2,1,1,1,2,1,1,1,2,2,1,2,1,1,1,2,1
1316,5,5,5,5,5,5,5,5,2,2,30.0,,4.0,,3.0,4.0,5.0,,,,6.0,,,,1.0,1.0,,2.0,5.0,5.0,,,,,,,,15.0,1.0,,,,3.0,,1.0,,5.0,1.0,1.0,1.0,1.0,1.0,1.0,1.0,1.0,1.0,1.0,,,,,,,6,3,3,3,2,5,6,6,3,2,70.0,70.0,75.0,70.0,65.0,70.0,75.0,60.0,40.0,40.0,2,2,1,1,2,1,2,1,1,2,2,2,1,1,2,1,2,1,2,1,1,1,1,2,1,1,2,1,2,1,1,1,1,1,2,1,2,1,1,1
1083,5,5,5,4,4,5,5,4,2,2,,30.0,,2.0,,,,5.0,4.0,2.0,6.0,,,,1.0,1.0,,,,,,,,4.0,5.0,5.0,15.0,,,1.0,5.0,,,1.0,,5.0,,1.0,1.0,1.0,1.0,1.0,1.0,1.0,1.0,1.0,1.0,,,,,,,6,3,3,3,1,5,6,6,3,2,80.0,75.0,85.0,60.0,55.0,80.0,75.0,60.0,40.0,40.0,1,1,1,2,2,1,1,1,2,1,2,1,1,1,2,1,1,1,2,1,1,2,1,1,1,2,2,2,1,1,2,2,1,1,2,1,2,1,1,1
1479,5,5,5,5,5,5,5,4,2,2,30.0,,,2.0,5.0,4.0,4.0,,,,6.0,,,,1.0,1.0,,4.0,5.0,5.0,,,,,,,15.0,,1.0,,,6.0,,2.0,,,5.0,,,,,,,,,,,1.0,1.0,1.0,1.0,1.0,1.0,6,3,3,3,2,4,5,5,3,2,70.0,70.0,75.0,70.0,65.0,70.0,70.0,60.0,40.0,40.0,1,1,1,1,1,1,1,1,1,2,1,2,1,1,2,1,2,1,1,1,1,1,1,1,1,1,1,1,1,1,1,1,1,2,1,2,1,1,2,1
1982,5,5,5,4,4,5,5,4,2,2,,30.0,,2.0,,,,5.0,4.0,2.0,6.0,,1.0,54.0,,,2.0,,,,4.0,5.0,5.0,,,,,15.0,1.0,,,,3.0,2.0,,5.0,,,,,,,,,,,,1.0,1.0,1.0,1.0,1.0,1.0,6,3,3,3,1,4,5,5,3,2,75.0,70.0,80.0,60.0,55.0,70.0,75.0,50.0,40.0,40.0,1,1,1,1,2,1,1,2,2,2,2,1,2,1,1,1,1,1,1,2,1,1,1,1,1,1,1,1,1,1,1,1,1,1,1,1,1,1,1,1
978,5,5,5,4,4,5,5,4,2,2,,30.0,,2.0,,,,5.0,4.0,2.0,,6.0,,,1.0,,2.0,2.0,5.0,5.0,,,,,,,,15.0,1.0,,4.0,,,,1.0,5.0,,,,,,,,,,,,1.0,1.0,1.0,1.0,1.0,1.0,6,3,3,3,2,5,6,6,3,2,75.0,70.0,80.0,60.0,55.0,70.0,75.0,50.0,40.0,40.0,1,1,1,1,1,1,2,1,1,1,1,2,1,2,2,1,1,1,1,1,2,1,1,1,1,2,1,1,1,2,1,1,1,1,1,1,1,2,2,1
585,5,5,5,4,4,4,5,3,2,2,,30.0,,2.0,5.0,4.0,5.0,,,,,6.0,1.0,54.0,,1.0,,3.0,5.0,5.0,,,,,,,15.0,,1.0,,,6.0,,,1.0,5.0,,,,,,,,,,,,1.0,1.0,1.0,1.0,1.0,1.0,6,3,3,3,2,4,5,5,3,2,70.0,65.0,75.0,50.0,50.0,55.0,70.0,40.0,30.0,30.0,1,2,1,2,1,2,2,1,2,1,1,1,2,1,1,1,2,1,1,1,2,2,2,2,2,1,1,2,2,1,1,2,2,2,2,2,2,1,2,1
399,5,5,5,5,5,5,5,5,1,1,30.0,,,2.0,,,,4.0,3.0,2.0,6.0,,1.0,54.0,,,2.0,2.0,5.0,5.0,,,,,,,15.0,,,1.0,,,3.0,2.0,,,5.0,,,,,,,,,,,1.0,1.0,1.0,1.0,1.0,1.0,6,3,3,3,2,5,6,6,4,2,75.0,75.0,80.0,80.0,75.0,75.0,80.0,70.0,20.0,20.0,1,2,1,2,2,1,2,1,2,1,1,1,2,2,1,1,1,2,1,2,1,1,2,2,1,1,2,1,1,2,1,2,2,1,1,2,2,1,1,1
610,5,5,5,5,5,5,5,5,1,1,30.0,,4.0,,,,,5.0,5.0,2.0,6.0,,,,1.0,,2.0,,,,4.0,5.0,5.0,,,,15.0,,,1.0,,,3.0,,1.0,,5.0,,,,,,,,,,,1.0,1.0,1.0,1.0,1.0,1.0,6,3,3,3,2,4,4,4,3,2,85.0,80.0,85.0,75.0,70.0,75.0,80.0,70.0,30.0,30.0,2,2,1,1,1,1,2,1,2,1,2,2,1,2,2,1,2,2,2,1,1,2,1,1,1,1,1,1,1,2,1,2,1,1,2,1,2,2,2,2
763,5,5,5,5,5,5,5,5,1,1,30.0,,,5.0,,,,5.0,4.0,2.0,,6.0,1.0,15.0,,1.0,,,,,,,,4.0,5.0,6.0,15.0,,,1.0,5.0,,,,1.0,,5.0,,,,,,,,,,,1.0,1.0,1.0,1.0,1.0,1.0,6,3,3,3,2,4,5,5,3,2,75.0,70.0,80.0,70.0,65.0,70.0,75.0,70.0,30.0,30.0,2,1,1,1,1,1,2,1,1,2,1,1,1,1,1,1,1,2,1,1,1,2,1,1,2,1,1,1,1,1,1,1,1,1,1,1,1,1,1,1
1185,5,5,5,5,5,5,5,5,1,1,30.0,,4.0,,,,,4.0,5.0,2.0,6.0,,1.0,54.0,,,2.0,4.0,5.0,6.0,,,,,,,18.0,,,1.0,5.0,,,,1.0,5.0,,,,,,,,,,,,1.0,1.0,1.0,1.0,1.0,1.0,6,3,3,3,2,4,5,5,3,2,85.0,85.0,90.0,90.0,85.0,90.0,90.0,80.0,20.0,20.0,1,2,1,1,1,2,2,1,1,2,1,2,1,2,1,1,1,2,1,1,1,2,1,1,1,2,1,2,1,2,1,1,2,2,1,1,2,1,1,2
1799,5,5,5,5,5,5,5,5,2,2,,30.0,,2.0,,,,5.0,4.0,2.0,6.0,,1.0,54.0,,1.0,,4.0,5.0,5.0,,,,,,,,15.0,,1.0,,4.0,,,1.0,5.0,,1.0,1.0,1.0,1.0,1.0,1.0,1.0,1.0,1.0,1.0,,,,,,,6,2,3,3,2,4,5,5,3,2,75.0,70.0,80.0,75.0,70.0,75.0,80.0,70.0,40.0,40.0,2,1,1,2,1,2,1,1,1,2,1,1,2,1,1,2,1,2,1,1,2,1,1,2,1,1,1,2,1,2,2,1,2,2,1,2,1,2,1,2
1210,5,5,5,2,3,5,5,2,2,2,,30.0,4.0,,,,,5.0,4.0,2.0,,6.0,1.0,54.0,,,2.0,,,,,,,2.0,5.0,5.0,,15.0,,1.0,5.0,,,2.0,,5.0,,,,,,,,,,,,1.0,1.0,1.0,1.0,1.0,1.0,6,3,3,3,2,4,6,6,3,2,70.0,70.0,75.0,40.0,50.0,70.0,70.0,40.0,40.0,40.0,1,1,1,1,1,1,1,1,1,1,1,2,2,1,1,1,1,1,1,1,1,1,1,1,1,1,1,1,1,1,1,1,1,1,1,1,1,2,1,1
1363,5,5,5,5,5,5,5,5,1,1,30.0,,5.0,,4.0,4.0,3.0,,,,6.0,,,,1.0,1.0,,,,,,,,4.0,5.0,6.0,,15.0,1.0,,4.0,,,1.0,,,5.0,1.0,1.0,1.0,1.0,1.0,1.0,1.0,1.0,1.0,1.0,,,,,,,6,3,3,3,2,4,5,5,4,2,75.0,75.0,80.0,80.0,75.0,80.0,80.0,75.0,20.0,20.0,1,2,2,1,1,1,2,1,2,1,2,2,2,1,1,1,1,1,1,1,2,1,1,1,2,1,2,1,1,1,1,1,1,1,1,1,1,1,1,1
1884,4,4,5,2,3,3,4,2,1,1,40.0,,4.0,,,,,6.0,4.0,2.0,6.0,,1.0,54.0,,,2.0,,,,2.0,5.0,5.0,,,,15.0,,1.0,,5.0,,,,1.0,,5.0,1.0,1.0,1.0,1.0,1.0,1.0,1.0,1.0,1.0,1.0,,,,,,,6,3,3,3,2,4,5,5,3,2,60.0,55.0,65.0,30.0,40.0,40.0,50.0,30.0,20.0,20.0,2,1,1,1,1,1,2,2,1,2,1,2,2,1,2,1,2,1,1,2,1,1,1,1,2,1,1,1,1,1,2,1,2,1,2,1,1,1,1,1
358,5,5,5,5,5,5,5,5,2,2,,15.0,5.0,,,,,5.0,5.0,2.0,,6.0,1.0,54.0,,,2.0,,,,,,,5.0,5.0,6.0,,15.0,,1.0,,,3.0,,1.0,6.0,,,,,,,,,,,,1.0,1.0,1.0,1.0,1.0,1.0,6,3,3,3,3,5,6,6,4,2,85.0,80.0,90.0,85.0,80.0,85.0,90.0,75.0,40.0,40.0,2,1,2,1,1,1,1,2,1,2,1,2,1,1,2,2,2,1,2,1,2,1,1,2,2,1,1,1,1,2,2,1,1,1,2,1,1,2,2,1
437,5,5,5,5,5,5,5,5,1,1,,30.0,,5.0,4.0,3.0,3.0,,,,6.0,,,,1.0,1.0,,,,,,,,5.0,5.0,6.0,,15.0,,1.0,,,3.0,2.0,,6.0,,,,,,,,,,,,1.0,1.0,1.0,1.0,1.0,1.0,6,3,3,3,3,5,5,5,4,2,85.0,85.0,90.0,85.0,85.0,90.0,90.0,80.0,20.0,20.0,1,1,1,1,1,1,1,1,1,1,1,1,1,1,1,1,1,1,1,1,1,1,1,1,1,1,1,1,1,1,1,1,1,1,1,1,1,1,1,1
544,5,5,5,5,5,5,5,5,1,2,,30.0,5.0,,,,,5.0,4.0,2.0,6.0,,1.0,54.0,,,2.0,,,,,,,2.0,5.0,5.0,5.0,,,1.0,5.0,,,,1.0,,5.0,,,,,,,,,,,1.0,1.0,1.0,1.0,1.0,1.0,6,3,3,3,3,5,6,6,3,2,80.0,75.0,85.0,90.0,85.0,90.0,90.0,80.0,20.0,30.0,1,1,2,1,2,1,1,2,1,1,2,1,1,1,2,1,1,1,2,1,2,1,1,1,2,1,1,1,1,2,1,1,1,2,1,2,1,1,1,2
1758,5,5,5,5,5,5,5,5,2,2,,30.0,,5.0,,,,5.0,4.0,2.0,,6.0,,,1.0,1.0,,4.0,5.0,5.0,,,,,,,,15.0,,1.0,5.0,,,,1.0,,5.0,1.0,1.0,1.0,1.0,1.0,1.0,1.0,1.0,1.0,1.0,,,,,,,6,3,3,3,1,3,6,6,3,2,75.0,70.0,80.0,70.0,65.0,70.0,75.0,60.0,40.0,40.0,1,1,1,1,1,1,1,1,1,1,1,1,1,1,1,1,1,1,1,1,1,1,1,1,1,1,1,1,1,1,1,1,1,1,1,1,1,1,1,1
1037,4,4,4,2,3,4,4,2,2,2,40.0,,5.0,,3.0,4.0,4.0,,,,6.0,,1.0,54.0,,1.0,,,,,,,,2.0,5.0,5.0,,15.0,,1.0,,4.0,,2.0,,5.0,,1.0,1.0,1.0,1.0,1.0,1.0,1.0,1.0,1.0,1.0,,,,,,,6,2,3,3,1,4,5,5,3,2,70.0,60.0,65.0,40.0,45.0,55.0,60.0,35.0,30.0,30.0,2,1,1,1,1,1,2,1,2,1,2,1,1,1,2,1,1,1,1,1,2,1,1,1,1,1,1,1,1,1,1,1,1,1,1,1,1,1,1,1
1144,5,5,5,2,3,4,5,4,1,2,,30.0,,2.0,,,,5.0,4.0,2.0,6.0,,1.0,54.0,,,2.0,,,,2.0,5.0,5.0,,,,3.0,,,1.0,4.0,,,,1.0,5.0,,,,,,,,,,,,1.0,1.0,1.0,1.0,1.0,1.0,6,3,3,3,1,3,5,5,3,2,70.0,65.0,75.0,40.0,50.0,55.0,70.0,60.0,30.0,40.0,1,1,2,1,2,1,2,1,1,1,2,1,1,1,2,2,2,1,1,1,1,2,1,1,1,1,1,2,1,1,2,1,1,2,2,1,2,1,1,1
1936,5,5,5,4,4,5,5,3,2,2,,30.0,4.0,,5.0,4.0,6.0,,,,6.0,,,,1.0,1.0,,,,,2.0,5.0,5.0,,,,,12.0,,1.0,4.0,,,1.0,,5.0,,,,,,,,,,,,1.0,1.0,1.0,1.0,1.0,1.0,6,3,3,3,2,4,5,5,3,2,75.0,70.0,80.0,50.0,55.0,70.0,65.0,40.0,30.0,30.0,1,2,1,1,2,1,1,2,1,1,1,1,1,2,2,1,1,1,2,1,1,1,2,1,1,2,1,1,2,1,1,2,1,2,2,2,2,2,1,2
1845,5,5,5,4,5,5,5,4,2,2,65.0,,5.0,,3.0,4.0,2.0,,,,6.0,,1.0,54.0,,1.0,,,,,5.0,5.0,5.0,,,,,15.0,1.0,,,4.0,,,1.0,5.0,,1.0,1.0,1.0,1.0,1.0,1.0,1.0,1.0,1.0,1.0,,,,,,,6,3,2,2,1,3,6,6,3,2,70.0,70.0,75.0,60.0,65.0,70.0,70.0,60.0,40.0,40.0,1,2,2,2,1,2,1,1,1,2,1,1,1,1,2,2,1,1,1,2,1,1,1,2,1,2,1,1,2,1,2,2,1,1,2,1,2,1,1,1
29,5,5,5,5,5,5,5,5,1,1,30.0,,,2.0,,,,5.0,4.0,2.0,6.0,,,,1.0,1.0,,,,,,,,5.0,5.0,6.0,2.0,,1.0,,4.0,,,,1.0,5.0,,1.0,1.0,1.0,1.0,1.0,1.0,1.0,1.0,1.0,1.0,,,,,,,6,3,3,3,2,5,5,5,3,2,80.0,80.0,80.0,80.0,80.0,80.0,80.0,80.0,20.0,20.0,2,2,2,1,2,1,1,2,1,1,2,1,2,1,1,1,2,2,1,1,2,1,2,1,2,2,2,1,1,2,2,2,2,1,2,1,1,1,1,1
2058,5,5,5,5,5,5,5,5,1,1,,30.0,,2.0,4.0,3.0,3.0,,,,,6.0,,,1.0,,2.0,,,,,,,4.0,5.0,6.0,,15.0,1.0,,,,3.0,2.0,,5.0,,,,,,,,,,,,1.0,1.0,1.0,1.0,1.0,1.0,6,2,3,3,1,3,5,5,3,2,85.0,80.0,90.0,85.0,80.0,85.0,90.0,80.0,20.0,20.0,1,1,1,1,1,1,1,1,1,1,1,1,1,1,1,1,1,1,1,1,1,1,1,1,1,1,1,1,1,1,1,1,1,1,1,1,1,1,1,1
907,5,5,5,5,5,5,5,4,2,2,30.0,,,5.0,,,,5.0,4.0,2.0,,6.0,1.0,54.0,,,2.0,,,,,,,2.0,5.0,5.0,12.0,,,1.0,3.0,,,,1.0,5.0,,1.0,1.0,1.0,1.0,1.0,1.0,1.0,1.0,1.0,1.0,,,,,,,6,3,3,3,1,4,5,5,3,2,70.0,70.0,75.0,70.0,65.0,70.0,70.0,60.0,40.0,40.0,1,2,1,1,2,2,1,1,2,1,1,2,1,1,2,1,1,2,1,1,1,1,1,1,1,1,1,1,1,1,1,1,1,1,1,1,1,1,1,1
874,5,5,5,4,4,5,5,4,2,3,30.0,,5.0,,4.0,5.0,5.0,,,,6.0,,,,1.0,,2.0,,,,,,,2.0,5.0,5.0,,15.0,1.0,,4.0,,,1.0,,,5.0,,,,,,,,,,,1.0,1.0,1.0,1.0,1.0,1.0,6,3,3,3,1,4,6,6,3,2,70.0,65.0,75.0,55.0,50.0,70.0,80.0,60.0,40.0,50.0,1,2,1,2,2,1,1,2,1,1,2,1,1,2,2,2,2,2,1,1,1,1,1,1,2,2,1,2,1,1,2,1,2,1,1,1,2,2,1,1
175,5,5,5,4,4,5,5,4,2,2,30.0,,5.0,,,,,5.0,4.0,2.0,6.0,,,,1.0,1.0,,,,,,,,2.0,5.0,5.0,15.0,,1.0,,4.0,,,,1.0,,5.0,1.0,1.0,1.0,1.0,1.0,1.0,1.0,1.0,1.0,1.0,,,,,,,6,3,3,3,2,4,5,5,3,2,70.0,70.0,75.0,50.0,50.0,70.0,70.0,50.0,30.0,30.0,1,2,2,1,2,1,1,1,2,1,2,2,1,2,2,2,1,1,1,1,1,2,1,1,1,2,1,1,1,1,2,1,1,1,1,2,1,1,1,1
769,5,5,5,5,5,5,5,5,1,1,30.0,,4.0,,,,,5.0,4.0,2.0,,6.0,1.0,54.0,,1.0,,2.0,5.0,5.0,,,,,,,,15.0,1.0,,,,3.0,2.0,,5.0,,1.0,1.0,1.0,1.0,1.0,1.0,1.0,1.0,1.0,1.0,,,,,,,6,3,3,3,1,5,5,5,3,2,85.0,80.0,90.0,85.0,80.0,85.0,90.0,75.0,20.0,15.0,1,2,1,1,2,2,1,2,2,1,1,1,2,1,2,1,2,2,1,1,1,1,1,2,2,1,1,1,2,1,1,2,2,1,2,1,1,2,1,1
393,5,5,5,5,5,5,5,5,2,2,,30.0,5.0,,,,,5.0,5.0,2.0,,6.0,1.0,54.0,,,2.0,,,,,,,2.0,5.0,6.0,15.0,,,1.0,,,3.0,,1.0,,5.0,,,,,,,,,,,1.0,1.0,1.0,1.0,1.0,1.0,6,3,3,3,2,4,4,4,3,2,75.0,75.0,80.0,75.0,75.0,80.0,80.0,75.0,25.0,25.0,1,1,1,1,1,2,1,1,1,1,1,2,1,1,1,1,1,2,2,2,1,2,1,2,1,1,1,1,1,1,1,2,1,2,1,1,1,1,1,2
1406,4,4,5,4,4,5,5,4,2,2,,35.0,,2.0,,,,4.0,3.0,2.0,6.0,,1.0,54.0,,1.0,,3.0,5.0,5.0,,,,,,,15.0,,1.0,,5.0,,,,1.0,5.0,,1.0,1.0,1.0,1.0,1.0,1.0,1.0,1.0,1.0,1.0,,,,,,,6,3,2,2,1,3,5,5,3,2,65.0,60.0,75.0,55.0,50.0,70.0,80.0,60.0,40.0,45.0,2,1,2,1,1,1,1,2,1,2,1,1,1,1,1,1,1,2,1,1,2,1,1,2,1,1,1,1,2,1,2,1,1,1,2,1,1,2,1,1
1575,5,5,5,4,4,5,5,4,2,2,,30.0,4.0,,,,,5.0,4.0,2.0,6.0,,,,1.0,1.0,,,,,4.0,5.0,6.0,,,,15.0,,1.0,,,4.0,,2.0,,5.0,,1.0,1.0,1.0,1.0,1.0,1.0,1.0,1.0,1.0,1.0,,,,,,,6,2,3,3,1,3,5,5,3,2,70.0,70.0,75.0,60.0,60.0,70.0,70.0,60.0,40.0,40.0,2,1,2,2,1,1,1,1,1,1,1,1,1,1,1,1,1,1,1,1,1,1,1,1,1,1,1,1,1,2,2,2,1,2,2,1,1,1,1,1
1369,4,4,4,2,3,4,4,2,2,2,,30.0,5.0,,,,,5.0,5.0,2.0,6.0,,1.0,54.0,,,2.0,,,,2.0,5.0,5.0,,,,,15.0,1.0,,5.0,,,1.0,,,5.0,,,,,,,,,,,1.0,1.0,1.0,1.0,1.0,1.0,6,3,3,3,2,4,5,5,3,2,65.0,65.0,65.0,40.0,40.0,65.0,65.0,40.0,40.0,40.0,2,2,2,1,1,1,1,1,1,1,1,1,2,2,2,2,1,1,2,2,1,1,1,1,2,2,1,2,2,2,2,1,2,2,1,1,2,2,2,2
1793,5,5,5,5,5,5,5,4,2,3,,30.0,,2.0,5.0,3.0,4.0,,,,,6.0,1.0,54.0,,,2.0,,,,,,,4.0,5.0,5.0,15.0,,1.0,,,4.0,,2.0,,,5.0,,,,,,,,,,,1.0,1.0,1.0,1.0,1.0,1.0,6,3,3,3,3,5,6,6,3,2,70.0,70.0,75.0,75.0,70.0,70.0,75.0,60.0,40.0,50.0,1,1,2,2,1,1,1,2,1,2,2,2,1,1,2,1,2,1,2,1,2,1,1,2,2,2,2,2,2,1,1,2,1,1,2,1,1,1,2,1
23,5,5,5,5,5,5,5,5,1,1,30.0,,4.0,,,,,5.0,4.0,2.0,6.0,,1.0,15.0,,,2.0,,,,4.0,5.0,6.0,,,,15.0,,1.0,,6.0,,,,1.0,6.0,,,,,,,,,,,,1.0,1.0,1.0,1.0,1.0,1.0,6,3,3,3,3,5,5,5,4,2,80.0,80.0,85.0,80.0,75.0,80.0,85.0,75.0,20.0,20.0,1,1,2,1,1,2,2,1,1,1,2,1,1,1,1,1,1,2,1,1,1,1,1,1,1,2,2,1,2,1,1,2,1,1,2,2,1,1,1,1
2052,5,5,5,5,5,5,5,5,1,1,,30.0,5.0,,3.0,4.0,3.0,,,,6.0,,,,1.0,1.0,,,,,,,,5.0,5.0,6.0,,15.0,1.0,,,,3.0,2.0,,,6.0,,,,,,,,,,,1.0,1.0,1.0,1.0,1.0,1.0,6,3,3,3,2,5,6,6,4,2,75.0,75.0,80.0,85.0,80.0,85.0,85.0,80.0,20.0,20.0,2,1,1,1,2,1,1,1,2,2,1,1,1,1,2,1,1,1,1,2,1,1,1,1,1,1,2,1,2,1,2,2,1,1,1,1,1,2,2,1
221,4,4,4,2,3,4,4,2,2,2,40.0,,,2.0,,,,5.0,4.0,2.0,6.0,,1.0,15.0,,1.0,,2.0,5.0,5.0,,,,,,,18.0,,,1.0,4.0,,,,1.0,,5.0,,,,,,,,,,,1.0,1.0,1.0,1.0,1.0,1.0,6,3,3,3,3,5,6,6,3,2,60.0,60.0,60.0,40.0,40.0,60.0,60.0,40.0,40.0,40.0,2,2,2,1,1,1,2,1,2,2,2,2,1,2,1,1,1,1,1,2,2,1,2,2,1,1,2,1,2,2,2,1,2,2,1,2,2,1,2,1
352,5,5,5,4,4,5,5,4,2,2,30.0,,,2.0,,,,4.0,3.0,2.0,,6.0,,,1.0,,2.0,2.0,5.0,5.0,,,,,,,15.0,,,2.0,,5.0,,,1.0,5.0,,,,,,,,,,,,1.0,1.0,1.0,1.0,1.0,1.0,6,3,3,3,3,4,4,4,3,2,75.0,70.0,80.0,60.0,55.0,75.0,80.0,60.0,40.0,40.0,2,2,1,1,1,2,2,1,1,2,1,1,2,1,2,2,2,1,2,2,1,1,1,1,2,1,1,2,1,2,1,1,2,2,1,2,1,2,1,2
1621,5,5,5,5,5,5,5,5,1,1,30.0,,,6.0,,,,5.0,4.0,2.0,,6.0,,,1.0,1.0,,5.0,5.0,6.0,,,,,,,15.0,,,1.0,,4.0,,1.0,,,6.0,,,,,,,,,,,1.0,1.0,1.0,1.0,1.0,1.0,7,3,2,3,1,3,5,5,4,2,80.0,80.0,85.0,90.0,85.0,90.0,90.0,85.0,20.0,20.0,1,2,1,1,1,1,1,1,1,1,2,1,1,1,1,1,1,1,1,1,1,1,1,1,1,1,1,1,1,1,1,1,1,1,1,1,1,1,1,1
1752,5,5,5,3,4,4,5,2,2,2,30.0,,6.0,,4.0,3.0,2.0,,,,,6.0,1.0,54.0,,1.0,,,,,4.0,5.0,5.0,,,,,15.0,,2.0,,4.0,,1.0,,5.0,,,,,,,,,,,,1.0,1.0,1.0,1.0,1.0,1.0,6,3,3,3,2,4,5,5,3,2,70.0,65.0,75.0,40.0,50.0,55.0,70.0,30.0,30.0,30.0,1,2,1,1,2,1,2,1,2,1,2,1,2,1,2,2,1,1,2,1,2,1,2,1,1,1,1,1,1,2,1,1,1,1,2,1,2,1,1,1
1949,5,5,5,5,5,5,5,5,2,2,,30.0,,2.0,4.0,3.0,3.0,,,,6.0,,,,1.0,,2.0,2.0,5.0,5.0,,,,,,,18.0,,,1.0,4.0,,,,1.0,,5.0,,,,,,,,,,,1.0,1.0,1.0,1.0,1.0,1.0,6,3,3,3,1,3,5,5,3,2,75.0,70.0,80.0,85.0,80.0,75.0,80.0,70.0,40.0,40.0,1,1,1,1,1,2,1,1,2,2,2,2,1,1,2,1,1,1,1,1,1,1,1,1,1,1,1,1,1,1,1,1,1,1,1,1,1,1,1,1
2027,5,5,5,5,5,5,5,4,2,2,,30.0,5.0,,5.0,4.0,6.0,,,,6.0,,1.0,54.0,,1.0,,,,,5.0,5.0,6.0,,,,15.0,,,1.0,,,3.0,2.0,,,5.0,,,,,,,,,,,1.0,1.0,1.0,1.0,1.0,1.0,6,3,3,3,1,4,5,5,3,2,80.0,75.0,85.0,80.0,75.0,80.0,85.0,70.0,40.0,40.0,1,1,1,2,2,1,2,1,1,2,2,1,2,1,1,1,1,2,2,1,1,2,1,1,2,2,1,1,1,1,2,1,2,2,2,1,1,2,1,1
56,4,4,4,2,3,4,4,2,2,2,,30.0,,2.0,4.0,3.0,3.0,,,,6.0,,1.0,54.0,,1.0,,3.0,5.0,5.0,,,,,,,,15.0,,2.0,,,3.0,1.0,,5.0,,1.0,1.0,1.0,1.0,1.0,1.0,1.0,1.0,1.0,1.0,,,,,,,6,3,3,3,2,4,5,5,3,2,65.0,60.0,65.0,40.0,45.0,55.0,50.0,35.0,30.0,30.0,2,2,1,1,2,2,1,2,1,2,2,2,2,2,1,2,2,2,1,2,1,2,1,1,2,2,1,2,2,2,2,2,2,2,2,2,2,2,1,2
448,4,4,4,4,4,4,4,4,2,2,,30.0,,2.0,,,,5.0,4.0,2.0,6.0,,,,1.0,,2.0,,,,,,,4.0,5.0,5.0,5.0,,,1.0,4.0,,,1.0,,,5.0,1.0,1.0,1.0,1.0,1.0,1.0,1.0,1.0,1.0,1.0,,,,,,,6,3,3,3,2,5,5,5,3,2,70.0,70.0,70.0,70.0,70.0,70.0,70.0,70.0,30.0,30.0,1,1,1,1,1,1,1,1,1,1,1,1,1,1,1,1,1,1,1,1,1,1,1,1,1,1,1,1,1,2,1,1,1,1,1,1,1,1,1,1
254,5,5,5,1,1,5,5,1,1,1,,30.0,5.0,,4.0,4.0,2.0,,,,6.0,,,,1.0,1.0,,4.0,5.0,5.0,,,,,,,,15.0,,2.0,4.0,,,1.0,,5.0,,1.0,1.0,1.0,1.0,1.0,1.0,1.0,1.0,1.0,1.0,,,,,,,6,3,3,3,2,5,5,5,3,2,70.0,70.0,70.0,30.0,30.0,70.0,70.0,30.0,30.0,30.0,2,1,1,1,1,1,2,1,2,2,1,1,1,2,2,2,2,1,2,1,1,2,2,1,1,2,1,1,2,1,2,2,2,2,2,1,1,1,1,1
327,5,5,5,4,4,5,5,4,2,2,30.0,,,2.0,5.0,4.0,3.0,,,,6.0,,1.0,54.0,,1.0,,2.0,5.0,5.0,,,,,,,15.0,,,1.0,,4.0,,1.0,,5.0,,,,,,,,,,,,1.0,1.0,1.0,1.0,1.0,1.0,6,3,3,3,2,4,5,5,3,2,75.0,70.0,75.0,50.0,50.0,70.0,75.0,50.0,30.0,30.0,2,1,2,1,1,2,2,1,2,1,2,1,1,2,1,2,1,2,2,1,2,1,1,2,2,1,2,1,2,1,2,1,2,1,2,1,1,2,2,1
1048,4,4,5,4,4,4,5,3,2,2,40.0,,5.0,,3.0,4.0,2.0,,,,6.0,,,,1.0,,2.0,,,,4.0,5.0,5.0,,,,15.0,,,1.0,,7.0,,,1.0,5.0,,1.0,1.0,1.0,1.0,1.0,1.0,1.0,1.0,1.0,1.0,,,,,,,6,3,2,2,1,3,5,5,3,2,70.0,65.0,75.0,60.0,55.0,60.0,70.0,50.0,40.0,45.0,1,1,2,2,2,1,1,1,2,2,1,2,1,1,2,1,1,1,2,1,1,1,2,2,2,2,1,1,2,2,2,2,2,1,2,2,2,1,1,2
1654,5,5,5,5,5,5,5,5,1,1,30.0,,,6.0,,,,4.0,5.0,2.0,,6.0,,,1.0,1.0,,,,,,,,4.0,5.0,6.0,18.0,,,1.0,,,3.0,2.0,,5.0,,1.0,1.0,1.0,1.0,1.0,1.0,1.0,1.0,1.0,1.0,,,,,,,6,3,3,3,1,5,5,5,3,2,85.0,80.0,85.0,90.0,85.0,90.0,90.0,80.0,20.0,20.0,1,2,2,1,1,2,1,1,1,2,2,2,2,1,2,2,1,2,1,2,1,2,1,2,1,1,2,1,1,2,2,1,1,1,1,1,2,2,2,1
1727,5,5,5,5,5,5,5,5,1,1,30.0,,5.0,,4.0,4.0,5.0,,,,,6.0,,,1.0,,2.0,,,,5.0,5.0,6.0,,,,,15.0,1.0,,,4.0,,2.0,,5.0,,1.0,1.0,1.0,1.0,1.0,1.0,1.0,1.0,1.0,1.0,,,,,,,6,3,3,3,3,5,5,5,3,2,75.0,75.0,80.0,80.0,75.0,80.0,80.0,70.0,30.0,30.0,2,2,1,2,1,2,2,2,1,1,2,1,2,1,2,2,1,1,2,2,1,1,1,1,2,2,2,1,1,2,2,1,1,1,1,1,1,1,1,2
1988,5,5,5,4,4,5,5,4,2,2,40.0,,,2.0,,,,5.0,4.0,2.0,,6.0,,,1.0,1.0,,3.0,5.0,5.0,,,,,,,,10.0,1.0,,,,3.0,2.0,,5.0,,,,,,,,,,,,1.0,1.0,1.0,1.0,1.0,1.0,6,3,3,3,1,4,5,5,4,2,70.0,70.0,75.0,60.0,60.0,70.0,70.0,60.0,40.0,40.0,2,2,1,2,1,2,1,1,1,1,1,2,1,2,1,2,2,1,2,1,1,2,1,2,1,2,1,2,2,1,2,1,1,2,2,1,1,2,1,1
97,5,5,5,5,5,5,5,5,1,1,,20.0,,4.0,,,,5.0,4.0,2.0,,6.0,,,1.0,,2.0,,,,,,,4.0,5.0,5.0,,15.0,,1.0,,6.0,,1.0,,,5.0,,,,,,,,,,,1.0,1.0,1.0,1.0,1.0,1.0,6,3,3,3,2,5,5,5,3,2,75.0,75.0,80.0,80.0,75.0,80.0,80.0,70.0,20.0,20.0,1,1,1,1,1,1,1,2,1,1,1,1,1,1,1,1,1,1,1,1,1,1,1,1,1,1,1,1,1,1,1,1,1,1,1,1,1,1,1,1
972,5,5,5,5,5,5,5,5,2,2,30.0,,,2.0,,,,6.0,5.0,2.0,,6.0,1.0,54.0,,1.0,,4.0,5.0,5.0,,,,,,,15.0,,,1.0,5.0,,,,1.0,,5.0,,,,,,,,,,,1.0,1.0,1.0,1.0,1.0,1.0,6,3,3,3,2,5,6,6,3,2,80.0,75.0,85.0,80.0,75.0,80.0,85.0,70.0,40.0,40.0,1,2,1,1,2,2,2,1,2,1,2,1,2,1,1,1,2,1,1,1,1,1,1,1,1,1,1,1,1,1,2,2,1,1,1,2,2,1,1,1
801,5,5,5,5,5,5,5,5,1,1,40.0,,5.0,,4.0,4.0,2.0,,,,6.0,,1.0,54.0,,,2.0,,,,5.0,5.0,6.0,,,,15.0,,,1.0,,,3.0,,1.0,5.0,,1.0,1.0,1.0,1.0,1.0,1.0,1.0,1.0,1.0,1.0,,,,,,,6,3,3,3,2,4,5,5,3,2,85.0,85.0,90.0,90.0,85.0,90.0,90.0,85.0,20.0,20.0,1,1,1,1,1,1,1,1,1,1,2,2,1,2,1,1,1,1,1,1,1,1,1,1,2,1,1,1,1,2,1,1,1,1,1,1,1,1,1,1
295,5,4,5,5,5,5,5,5,1,1,30.0,,5.0,,,,,5.0,4.0,2.0,,6.0,1.0,54.0,,,2.0,,,,,,,5.0,5.0,6.0,,15.0,1.0,,,,3.0,2.0,,,6.0,1.0,1.0,1.0,1.0,1.0,1.0,1.0,1.0,1.0,1.0,,,,,,,6,2,1,2,1,5,6,5,3,2,75.0,70.0,80.0,85.0,80.0,85.0,90.0,80.0,20.0,15.0,1,2,1,2,1,2,1,1,1,1,2,2,1,1,2,1,1,1,1,1,1,1,1,1,1,1,1,1,1,1,1,1,1,1,2,1,1,1,1,1
489,5,5,5,5,5,5,5,5,2,2,30.0,,6.0,,5.0,4.0,6.0,,,,,6.0,1.0,54.0,,,2.0,,,,,,,4.0,5.0,5.0,,15.0,,1.0,4.0,,,2.0,,,5.0,1.0,1.0,1.0,1.0,1.0,1.0,1.0,1.0,1.0,1.0,,,,,,,6,3,2,2,2,5,6,6,3,2,75.0,70.0,80.0,75.0,70.0,75.0,80.0,70.0,40.0,40.0,1,2,1,1,2,1,1,1,2,1,1,2,2,2,2,1,1,2,1,2,1,2,1,1,1,1,1,1,1,1,1,1,1,1,1,1,1,1,1,1
100,5,5,5,5,5,5,5,5,1,1,,30.0,5.0,,4.0,3.0,3.0,,,,6.0,,,,1.0,,2.0,,,,5.0,5.0,6.0,,,,,15.0,,1.0,,,3.0,2.0,,6.0,,,,,,,,,,,,1.0,1.0,1.0,1.0,1.0,1.0,6,3,3,3,3,5,5,5,4,2,75.0,75.0,80.0,85.0,80.0,85.0,85.0,80.0,20.0,20.0,1,1,2,1,1,2,2,2,2,1,1,2,2,1,1,1,1,2,1,1,1,1,2,1,1,1,1,1,1,2,1,1,1,1,1,1,1,2,1,1
1695,4,4,5,5,4,5,5,4,2,2,35.0,,5.0,,,,,4.0,5.0,2.0,6.0,,,,1.0,1.0,,,,,5.0,5.0,6.0,,,,15.0,,1.0,,,,3.0,2.0,,,5.0,1.0,1.0,1.0,1.0,1.0,1.0,1.0,1.0,1.0,1.0,,,,,,,6,3,3,3,3,5,6,6,3,2,65.0,65.0,75.0,70.0,65.0,70.0,75.0,60.0,40.0,40.0,1,1,1,2,1,1,2,2,1,1,1,1,1,1,1,1,1,1,1,1,1,1,1,1,1,1,1,1,1,1,1,1,1,1,1,1,1,1,1,1
1473,5,5,5,5,5,5,5,4,2,2,40.0,,4.0,,3.0,4.0,5.0,,,,6.0,,,,1.0,1.0,,,,,4.0,5.0,5.0,,,,15.0,,,1.0,4.0,,,,1.0,5.0,,,,,,,,,,,,1.0,1.0,1.0,1.0,1.0,1.0,6,3,2,3,1,3,5,5,3,2,75.0,70.0,80.0,75.0,70.0,75.0,80.0,60.0,40.0,40.0,1,2,2,1,1,2,1,1,2,1,1,1,1,2,1,1,1,1,1,2,1,2,1,1,1,1,1,1,1,1,2,2,2,2,1,2,1,1,2,2
1089,5,5,5,5,5,5,5,5,1,1,30.0,,,2.0,,,,4.0,3.0,2.0,,6.0,1.0,54.0,,1.0,,,,,5.0,5.0,5.0,,,,,15.0,1.0,,4.0,,,1.0,,5.0,,1.0,1.0,1.0,1.0,1.0,1.0,1.0,1.0,1.0,1.0,,,,,,,6,3,3,3,2,4,5,5,3,2,75.0,75.0,80.0,80.0,75.0,80.0,80.0,70.0,20.0,20.0,2,1,2,2,2,2,2,2,1,2,1,2,2,1,2,1,1,2,1,1,2,2,2,2,1,2,2,2,2,2,2,2,2,2,2,2,2,2,2,2
1500,5,5,5,5,5,5,5,5,1,1,30.0,,5.0,,,,,4.0,4.0,2.0,6.0,,1.0,54.0,,,2.0,,,,,,,2.0,5.0,5.0,5.0,,1.0,,,,3.0,2.0,,,5.0,,,,,,,,,,,1.0,1.0,1.0,1.0,1.0,1.0,6,3,3,3,2,5,6,6,3,2,75.0,75.0,80.0,80.0,75.0,80.0,80.0,70.0,30.0,30.0,1,2,2,1,1,2,1,1,1,1,2,1,2,1,1,1,2,2,1,1,1,1,1,1,1,1,1,1,1,1,1,1,1,2,1,2,1,2,1,2
2016,4,4,4,4,4,4,4,4,2,2,,30.0,5.0,,,,,5.0,4.0,2.0,,6.0,,,1.0,1.0,,,,,4.0,5.0,5.0,,,,15.0,,1.0,,,,3.0,,1.0,,5.0,1.0,1.0,1.0,1.0,1.0,1.0,1.0,1.0,1.0,1.0,,,,,,,6,3,3,3,2,4,5,5,3,2,70.0,70.0,70.0,70.0,70.0,70.0,70.0,70.0,30.0,30.0,1,1,2,1,2,1,1,2,2,1,1,1,1,2,1,1,1,1,1,1,1,1,1,1,1,1,1,1,1,1,1,1,1,1,1,1,1,1,1,1
982,5,5,5,2,3,5,5,2,2,2,40.0,,4.0,,3.0,4.0,5.0,,,,,6.0,1.0,54.0,,1.0,,,,,,,,4.0,5.0,5.0,,15.0,1.0,,,,3.0,1.0,,,5.0,1.0,1.0,1.0,1.0,1.0,1.0,1.0,1.0,1.0,1.0,,,,,,,6,3,2,2,1,5,6,6,3,2,70.0,70.0,75.0,40.0,50.0,70.0,70.0,40.0,40.0,40.0,1,1,2,2,2,1,2,1,2,2,2,2,2,2,1,1,2,1,2,2,1,1,1,1,1,1,2,1,1,1,1,1,1,2,2,1,2,2,2,1
67,5,5,5,5,5,5,5,5,1,1,30.0,,,2.0,,,,6.0,5.0,2.0,,6.0,,,1.0,1.0,,,,,5.0,5.0,6.0,,,,2.0,,1.0,,4.0,,,,1.0,,6.0,,,,,,,,,,,1.0,1.0,1.0,1.0,1.0,1.0,6,3,3,3,2,5,5,5,4,2,80.0,80.0,85.0,85.0,80.0,80.0,85.0,80.0,20.0,20.0,1,1,2,1,1,1,2,2,1,1,1,1,2,1,1,1,2,1,1,1,1,1,2,1,2,1,1,1,2,1,2,1,1,2,2,1,1,2,1,1
1978,5,5,5,5,5,5,5,5,2,2,,30.0,,5.0,,,,4.0,3.0,2.0,,6.0,1.0,54.0,,1.0,,,,,,,,4.0,5.0,5.0,3.0,,1.0,,,,3.0,2.0,,5.0,,,,,,,,,,,,1.0,1.0,1.0,1.0,1.0,1.0,6,3,3,3,3,4,5,5,4,2,85.0,80.0,90.0,85.0,80.0,85.0,90.0,80.0,40.0,40.0,1,1,2,1,2,1,1,2,1,1,1,1,1,1,2,1,1,2,1,1,1,1,1,1,2,1,1,1,1,1,1,1,1,1,2,1,1,1,1,1
1483,5,4,5,4,4,4,5,3,2,2,,30.0,,2.0,,,,5.0,4.0,2.0,6.0,,,,1.0,1.0,,2.0,5.0,5.0,,,,,,,15.0,,,2.0,4.0,,,,1.0,,5.0,1.0,1.0,1.0,1.0,1.0,1.0,1.0,1.0,1.0,1.0,,,,,,,6,2,3,3,1,3,5,5,3,2,70.0,60.0,75.0,50.0,55.0,60.0,70.0,40.0,30.0,30.0,2,1,1,2,1,1,1,2,2,2,1,2,2,1,1,1,2,2,1,1,1,1,1,1,2,2,1,2,2,1,1,2,2,1,1,1,2,2,2,2
1079,5,5,5,5,5,5,5,5,1,1,,30.0,6.0,,5.0,4.0,4.0,,,,6.0,,1.0,54.0,,,2.0,,,,,,,5.0,5.0,5.0,15.0,,,1.0,4.0,,,,1.0,,5.0,1.0,1.0,1.0,1.0,1.0,1.0,1.0,1.0,1.0,1.0,,,,,,,6,3,3,3,1,4,5,5,3,2,85.0,80.0,85.0,80.0,75.0,80.0,85.0,70.0,30.0,30.0,2,1,2,1,2,1,2,1,1,1,1,1,1,2,1,2,1,1,2,2,1,1,1,1,2,1,1,2,1,2,1,1,2,1,1,1,2,2,1,1
1665,5,5,5,5,5,5,5,5,1,1,,30.0,,6.0,3.0,4.0,5.0,,,,6.0,,,,1.0,1.0,,2.0,5.0,5.0,,,,,,,18.0,,1.0,,,,3.0,2.0,,,5.0,1.0,1.0,1.0,1.0,1.0,1.0,1.0,1.0,1.0,1.0,,,,,,,6,3,3,3,2,5,6,6,3,2,85.0,80.0,85.0,80.0,75.0,80.0,85.0,75.0,20.0,20.0,2,1,1,1,2,1,1,2,2,2,2,1,2,1,2,1,1,1,2,2,1,2,2,1,1,1,2,1,2,1,2,2,2,1,2,1,2,1,1,1
1716,5,5,5,5,5,5,5,5,2,2,35.0,,5.0,,4.0,4.0,2.0,,,,,6.0,,,1.0,,2.0,4.0,5.0,6.0,,,,,,,,15.0,,1.0,4.0,,,,1.0,,5.0,1.0,1.0,1.0,1.0,1.0,1.0,1.0,1.0,1.0,1.0,,,,,,,6,3,3,3,2,5,6,6,3,1,75.0,75.0,80.0,85.0,80.0,85.0,85.0,75.0,40.0,40.0,1,2,1,2,1,1,1,2,1,1,1,2,1,1,1,2,1,1,1,1,1,2,1,2,1,1,1,2,1,2,1,2,1,2,1,1,1,2,1,1
479,4,4,4,2,3,4,4,2,2,2,40.0,,4.0,,,,,5.0,4.0,2.0,,6.0,,,1.0,1.0,,,,,,,,2.0,5.0,5.0,,15.0,,1.0,,5.0,,,1.0,5.0,,1.0,1.0,1.0,1.0,1.0,1.0,1.0,1.0,1.0,1.0,,,,,,,6,3,3,3,2,5,5,5,3,2,60.0,55.0,55.0,30.0,40.0,50.0,50.0,30.0,30.0,30.0,1,2,2,1,2,1,1,1,2,1,1,1,2,1,1,2,1,2,1,1,1,2,2,1,1,1,2,1,1,1,2,1,1,1,2,1,2,1,2,1
265,4,4,4,4,4,4,4,4,2,2,40.0,,5.0,,,,,5.0,4.0,2.0,,6.0,,,1.0,,2.0,,,,4.0,5.0,5.0,,,,15.0,,,1.0,4.0,,,1.0,,,5.0,1.0,1.0,1.0,1.0,1.0,1.0,1.0,1.0,1.0,1.0,,,,,,,6,3,3,3,3,5,5,5,3,2,65.0,65.0,65.0,65.0,65.0,65.0,65.0,65.0,35.0,35.0,1,2,1,1,1,2,1,2,1,1,1,1,1,2,1,1,1,2,1,2,2,1,1,1,2,1,1,1,2,1,2,1,2,1,2,2,2,1,1,1
316,4,4,4,2,3,4,4,2,1,2,,30.0,5.0,,,,,4.0,5.0,2.0,6.0,,1.0,54.0,,1.0,,,,,,,,4.0,5.0,6.0,,15.0,1.0,,,,3.0,,1.0,,5.0,,,,,,,,,,,1.0,1.0,1.0,1.0,1.0,1.0,6,3,3,3,3,5,6,6,3,2,65.0,60.0,70.0,40.0,50.0,55.0,60.0,45.0,30.0,35.0,1,1,1,1,1,1,1,1,1,2,1,1,1,2,1,1,1,1,1,1,1,1,1,1,1,1,1,1,1,1,1,1,1,1,1,1,1,1,1,1
943,5,5,5,5,5,5,5,5,1,1,,30.0,,5.0,4.0,3.0,2.0,,,,6.0,,,,1.0,1.0,,,,,,,,5.0,5.0,5.0,15.0,,1.0,,,4.0,,2.0,,5.0,,1.0,1.0,1.0,1.0,1.0,1.0,1.0,1.0,1.0,1.0,,,,,,,6,2,3,3,2,4,5,5,3,2,80.0,75.0,80.0,75.0,70.0,75.0,80.0,70.0,30.0,30.0,1,2,1,2,1,1,1,2,1,2,2,1,1,2,2,1,1,2,1,1,1,2,2,1,1,2,2,1,1,1,2,1,2,1,2,1,1,1,1,1
830,5,5,5,5,5,5,5,5,1,1,30.0,,4.0,,4.0,4.0,3.0,,,,6.0,,1.0,54.0,,1.0,,,,,5.0,5.0,6.0,,,,,15.0,1.0,,,5.0,,2.0,,,6.0,,,,,,,,,,,1.0,1.0,1.0,1.0,1.0,1.0,6,3,3,3,3,4,5,5,4,2,75.0,70.0,80.0,75.0,70.0,75.0,80.0,70.0,40.0,40.0,1,2,1,1,1,2,1,2,2,1,2,2,2,1,1,2,1,1,1,1,1,1,1,1,1,1,1,1,1,1,1,1,1,1,1,1,1,1,1,1
1442,4,4,4,2,3,4,4,2,2,2,35.0,,,2.0,,,,5.0,4.0,2.0,6.0,,,,1.0,1.0,,2.0,5.0,5.0,,,,,,,,5.0,1.0,,4.0,,,,1.0,,5.0,1.0,1.0,1.0,1.0,1.0,1.0,1.0,1.0,1.0,1.0,,,,,,,6,3,3,3,3,4,5,5,3,2,65.0,60.0,65.0,40.0,50.0,60.0,60.0,40.0,30.0,30.0,2,2,1,1,1,1,1,2,2,1,1,2,1,1,1,1,1,1,1,1,1,1,1,1,1,1,2,1,2,2,2,2,2,1,1,2,2,2,1,1
1531,5,5,5,5,5,5,5,5,2,2,,20.0,,2.0,,,,5.0,4.0,2.0,,6.0,1.0,54.0,,1.0,,4.0,5.0,5.0,,,,,,,15.0,,1.0,,,,3.0,,1.0,,5.0,1.0,1.0,1.0,1.0,1.0,1.0,1.0,1.0,1.0,1.0,,,,,,,6,3,3,3,2,5,6,6,4,2,85.0,80.0,85.0,80.0,75.0,80.0,85.0,75.0,30.0,30.0,1,1,2,1,1,2,2,1,2,2,1,2,1,2,1,1,2,1,1,1,1,1,2,2,1,2,2,1,1,2,2,1,1,1,1,1,1,1,1,1
131,4,4,4,2,3,4,4,2,3,2,40.0,,5.0,,4.0,3.0,3.0,,,,6.0,,1.0,54.0,,1.0,,2.0,5.0,5.0,,,,,,,,15.0,,1.0,,,3.0,1.0,,,5.0,,,,,,,,,,,1.0,1.0,1.0,1.0,1.0,1.0,6,3,3,3,2,4,5,5,3,2,65.0,65.0,65.0,40.0,40.0,50.0,50.0,30.0,30.0,30.0,1,1,1,2,1,2,2,1,1,1,2,1,2,1,1,2,1,2,1,1,2,1,2,1,1,1,1,2,1,1,1,1,1,1,1,1,1,1,1,1
936,4,4,5,4,4,5,5,4,2,2,35.0,,,2.0,,,,5.0,3.0,2.0,,6.0,1.0,54.0,,1.0,,4.0,5.0,5.0,,,,,,,,15.0,1.0,,4.0,,,,1.0,5.0,,1.0,1.0,1.0,1.0,1.0,1.0,1.0,1.0,1.0,1.0,,,,,,,6,3,3,3,2,4,4,4,3,2,65.0,60.0,70.0,55.0,55.0,70.0,70.0,50.0,40.0,40.0,2,2,1,1,2,1,2,1,2,1,1,2,1,2,2,2,1,2,1,2,1,2,1,1,2,2,1,2,1,1,1,2,1,2,1,1,1,1,2,1
845,5,4,5,5,5,5,5,5,2,2,35.0,,5.0,,4.0,3.0,2.0,,,,,6.0,1.0,54.0,,,2.0,4.0,5.0,5.0,,,,,,,15.0,,1.0,,,,3.0,2.0,,,5.0,,,,,,,,,,,1.0,1.0,1.0,1.0,1.0,1.0,6,3,2,2,2,4,5,5,3,2,75.0,70.0,80.0,75.0,70.0,75.0,80.0,70.0,40.0,40.0,2,2,1,1,2,1,2,1,1,2,2,1,2,1,2,1,1,2,1,1,1,2,1,1,2,1,2,2,1,1,1,1,2,1,1,2,1,1,1,2
1437,5,5,5,5,5,5,5,5,1,2,35.0,,,2.0,4.0,3.0,3.0,,,,,6.0,,,1.0,,2.0,,,,,,,4.0,5.0,5.0,15.0,,,1.0,,,3.0,2.0,,5.0,,,,,,,,,,,,1.0,1.0,1.0,1.0,1.0,1.0,6,3,3,3,2,4,5,5,4,2,75.0,70.0,80.0,75.0,70.0,75.0,80.0,70.0,40.0,50.0,1,2,1,2,2,1,1,1,1,2,2,1,1,2,1,1,1,2,1,1,1,1,1,1,2,2,2,1,1,1,1,1,1,2,2,1,2,1,2,1
1544,5,5,5,5,5,5,5,4,2,2,,30.0,,2.0,5.0,3.0,4.0,,,,,6.0,,,1.0,,2.0,,,,4.0,5.0,5.0,,,,15.0,,,2.0,,5.0,,,1.0,,5.0,1.0,1.0,1.0,1.0,1.0,1.0,1.0,1.0,1.0,1.0,,,,,,,6,3,4,3,1,3,5,5,3,2,80.0,75.0,85.0,80.0,75.0,80.0,85.0,70.0,40.0,40.0,1,1,1,1,1,1,1,2,2,1,2,1,1,2,1,2,1,1,1,2,1,1,1,1,1,1,1,2,1,1,2,2,1,1,2,1,2,1,1,2
1358,5,5,5,4,4,5,5,4,2,3,,30.0,5.0,,,,,5.0,4.0,2.0,,6.0,,,1.0,1.0,,,,,,,,4.0,5.0,5.0,7.0,,,2.0,,4.0,,1.0,,,5.0,,,,,,,,,,,1.0,1.0,1.0,1.0,1.0,1.0,6,3,3,3,3,5,5,5,3,2,75.0,75.0,80.0,60.0,60.0,80.0,80.0,60.0,40.0,50.0,1,2,2,1,1,2,1,2,2,2,1,1,2,1,1,1,2,2,2,1,1,1,1,2,1,2,1,2,1,1,1,1,1,2,1,1,1,1,1,2
144,5,5,5,4,4,4,5,4,2,2,,30.0,5.0,,,,,5.0,4.0,2.0,,6.0,,,1.0,1.0,,,,,,,,4.0,5.0,5.0,15.0,,,1.0,,5.0,,,1.0,5.0,,1.0,1.0,1.0,1.0,1.0,1.0,1.0,1.0,1.0,1.0,,,,,,,6,3,2,2,2,4,5,5,3,2,70.0,70.0,75.0,50.0,50.0,50.0,70.0,50.0,30.0,30.0,1,1,2,1,1,2,1,1,1,1,2,1,1,1,2,1,1,1,1,1,1,1,1,1,1,1,1,1,1,2,1,1,2,2,1,1,1,1,1,1
758,4,4,4,4,4,4,4,4,2,2,40.0,,,2.0,,,,5.0,4.0,2.0,6.0,,,,1.0,1.0,,,,,4.0,5.0,5.0,,,,,15.0,1.0,,4.0,,,1.0,,,5.0,1.0,1.0,1.0,1.0,1.0,1.0,1.0,1.0,1.0,1.0,,,,,,,6,3,3,3,1,4,5,5,3,2,70.0,65.0,70.0,65.0,65.0,65.0,65.0,65.0,40.0,40.0,2,1,2,2,1,1,2,1,2,2,2,2,1,1,2,1,2,1,1,1,2,1,2,2,1,1,1,2,2,1,2,1,1,1,2,2,2,1,2,2
12,5,5,5,4,4,5,5,4,2,2,,30.0,,2.0,,,,5.0,4.0,2.0,,6.0,1.0,54.0,,,2.0,2.0,5.0,5.0,,,,,,,15.0,,,1.0,,,3.0,2.0,,5.0,,1.0,1.0,1.0,1.0,1.0,1.0,1.0,1.0,1.0,1.0,,,,,,,6,3,3,3,1,4,5,5,3,2,75.0,70.0,80.0,60.0,55.0,70.0,75.0,60.0,40.0,40.0,1,2,1,2,2,1,1,1,1,1,1,1,1,2,2,2,1,2,1,2,1,2,1,1,2,1,1,2,1,1,2,2,1,1,2,1,1,1,2,1
884,5,5,5,5,5,5,5,4,2,2,30.0,,4.0,,,,,5.0,4.0,2.0,6.0,,,,1.0,,2.0,,,,5.0,5.0,5.0,,,,10.0,,1.0,,,,3.0,2.0,,5.0,,1.0,1.0,1.0,1.0,1.0,1.0,1.0,1.0,1.0,1.0,,,,,,,6,3,2,2,1,4,5,5,3,2,80.0,80.0,85.0,75.0,75.0,80.0,80.0,60.0,40.0,40.0,1,1,1,1,1,2,2,1,2,1,1,1,2,1,1,2,1,1,1,1,1,2,1,1,1,1,2,1,1,1,2,1,1,2,1,1,1,1,2,2
1399,5,5,5,5,5,5,5,5,1,1,,30.0,5.0,,,,,5.0,4.0,2.0,,6.0,,,1.0,1.0,,,,,5.0,5.0,6.0,,,,10.0,,1.0,,,4.0,,1.0,,,6.0,,,,,,,,,,,1.0,1.0,1.0,1.0,1.0,1.0,6,3,3,3,3,5,5,5,4,2,75.0,75.0,80.0,80.0,75.0,75.0,80.0,70.0,30.0,30.0,2,1,2,2,1,2,2,1,2,1,1,2,2,1,2,2,1,1,2,1,2,2,2,2,1,2,2,2,2,1,2,1,2,2,2,1,1,2,1,1
1610,5,5,5,5,5,5,5,5,2,2,,30.0,,2.0,4.0,3.0,3.0,,,,,6.0,1.0,54.0,,1.0,,,,,5.0,5.0,6.0,,,,,15.0,1.0,,,4.0,,1.0,,5.0,,1.0,1.0,1.0,1.0,1.0,1.0,1.0,1.0,1.0,1.0,,,,,,,6,3,3,3,1,4,4,4,3,2,75.0,75.0,75.0,75.0,75.0,75.0,75.0,75.0,25.0,25.0,1,1,1,1,1,1,1,1,1,1,1,1,1,1,1,1,1,1,1,1,1,1,1,1,1,1,1,1,1,1,1,1,1,1,1,1,1,1,1,1
1763,5,5,5,2,3,5,5,2,2,2,,30.0,,4.0,,,,5.0,4.0,2.0,6.0,,1.0,54.0,,,2.0,2.0,5.0,5.0,,,,,,,15.0,,1.0,,,4.0,,,1.0,,5.0,,,,,,,,,,,1.0,1.0,1.0,1.0,1.0,1.0,6,3,3,3,2,4,5,5,3,2,70.0,65.0,70.0,30.0,40.0,70.0,70.0,30.0,30.0,30.0,1,1,1,1,2,2,1,1,1,1,2,1,1,1,2,2,1,2,1,2,1,1,1,1,2,1,1,2,1,1,2,1,1,2,1,1,1,1,1,1
1585,5,5,5,2,2,5,5,2,1,1,40.0,,,2.0,4.0,3.0,3.0,,,,6.0,,1.0,20.0,,1.0,,,,,,,,2.0,5.0,5.0,,15.0,,2.0,3.0,,,1.0,,5.0,,,,,,,,,,,,1.0,1.0,1.0,1.0,1.0,1.0,6,3,3,3,2,5,5,5,3,2,70.0,70.0,80.0,40.0,40.0,70.0,70.0,40.0,20.0,20.0,1,2,1,2,2,1,2,1,2,2,1,2,1,2,1,2,2,1,2,1,1,1,1,1,1,1,1,1,1,1,1,2,2,1,2,2,2,1,1,2
799,5,5,5,5,5,5,5,5,1,1,30.0,,5.0,,,,,4.0,3.0,2.0,,6.0,,,1.0,,2.0,4.0,5.0,5.0,,,,,,,15.0,,1.0,,,,3.0,,1.0,,5.0,1.0,1.0,1.0,1.0,1.0,1.0,1.0,1.0,1.0,1.0,,,,,,,6,3,3,3,3,5,5,5,3,2,85.0,80.0,90.0,85.0,80.0,90.0,85.0,80.0,20.0,20.0,1,1,2,1,1,2,1,1,2,2,1,2,1,1,2,1,1,1,1,1,2,1,1,1,1,2,2,1,1,2,1,1,1,2,2,2,1,1,1,1
210,5,5,5,5,5,5,5,4,2,2,,30.0,,5.0,4.0,3.0,5.0,,,,,6.0,,,1.0,,2.0,4.0,5.0,6.0,,,,,,,,12.0,1.0,,,,3.0,,1.0,5.0,,1.0,1.0,1.0,1.0,1.0,1.0,1.0,1.0,1.0,1.0,,,,,,,6,3,3,3,1,5,6,6,3,2,75.0,70.0,80.0,75.0,70.0,75.0,80.0,60.0,40.0,40.0,1,1,2,1,1,1,2,2,1,2,1,2,1,1,1,1,1,2,2,2,1,2,1,2,1,1,1,1,2,1,2,2,2,1,1,1,2,2,1,2
363,5,5,5,5,5,5,5,5,1,1,30.0,,6.0,,,,,5.0,4.0,2.0,6.0,,,,1.0,,2.0,4.0,5.0,6.0,,,,,,,15.0,,1.0,,4.0,,,,1.0,5.0,,1.0,1.0,1.0,1.0,1.0,1.0,1.0,1.0,1.0,1.0,,,,,,,6,3,3,3,2,5,6,6,3,2,80.0,80.0,85.0,90.0,85.0,90.0,90.0,85.0,20.0,20.0,1,2,1,2,1,1,1,2,1,1,1,1,2,1,1,2,1,2,1,2,1,2,1,2,1,1,2,1,1,2,1,2,1,1,2,1,1,2,1,1
185,5,5,5,5,5,5,5,5,1,1,,20.0,,4.0,,,,5.0,4.0,2.0,,6.0,1.0,54.0,,,2.0,4.0,5.0,5.0,,,,,,,,15.0,,1.0,4.0,,,,1.0,,5.0,1.0,1.0,1.0,1.0,1.0,1.0,1.0,1.0,1.0,1.0,,,,,,,6,3,3,3,3,5,6,6,3,2,75.0,75.0,80.0,85.0,80.0,85.0,85.0,80.0,20.0,20.0,1,1,1,1,1,2,2,1,2,1,1,1,1,1,1,1,1,2,2,1,1,1,1,1,1,1,1,1,1,1,1,1,1,1,1,1,1,1,1,1
1221,4,4,4,4,4,4,4,4,2,2,30.0,,5.0,,4.0,4.0,3.0,,,,6.0,,,,1.0,,2.0,,,,4.0,5.0,5.0,,,,,15.0,1.0,,,,3.0,,1.0,5.0,,1.0,1.0,1.0,1.0,1.0,1.0,1.0,1.0,1.0,1.0,,,,,,,6,3,3,3,2,5,6,6,3,2,65.0,65.0,65.0,65.0,65.0,65.0,65.0,65.0,35.0,35.0,1,1,1,2,1,2,2,2,1,1,2,1,2,2,1,2,1,2,1,2,1,2,1,2,1,1,2,1,2,2,1,1,1,2,1,1,1,1,1,1
1352,5,5,5,5,5,5,5,5,2,2,,30.0,,2.0,,,,5.0,4.0,2.0,6.0,,,,1.0,,2.0,,,,,,,5.0,5.0,6.0,,15.0,1.0,,,,3.0,2.0,,5.0,,1.0,1.0,1.0,1.0,1.0,1.0,1.0,1.0,1.0,1.0,,,,,,,6,3,3,3,1,5,6,6,3,2,80.0,80.0,85.0,85.0,80.0,80.0,85.0,75.0,30.0,30.0,2,2,1,1,2,1,2,1,1,1,1,2,1,2,1,2,1,2,2,1,1,1,2,2,1,2,2,1,2,1,1,1,1,2,2,1,2,2,1,2
621,5,5,5,5,5,5,5,5,1,1,30.0,,5.0,,4.0,3.0,3.0,,,,,6.0,1.0,15.0,,,2.0,,,,,,,4.0,5.0,6.0,5.0,,1.0,,,,3.0,2.0,,5.0,,,,,,,,,,,,1.0,1.0,1.0,1.0,1.0,1.0,6,3,3,3,2,5,6,6,4,2,75.0,70.0,80.0,85.0,80.0,80.0,85.0,75.0,30.0,30.0,1,1,1,1,1,1,1,1,2,1,1,2,2,1,1,1,1,1,1,1,1,1,1,2,1,1,1,1,1,1,1,1,1,1,1,1,1,1,1,1
752,5,5,5,5,5,5,5,5,1,2,,30.0,6.0,,,,,4.0,4.0,2.0,6.0,,,,1.0,1.0,,4.0,5.0,5.0,,,,,,,18.0,,,1.0,5.0,,,1.0,,,5.0,,,,,,,,,,,1.0,1.0,1.0,1.0,1.0,1.0,6,3,3,3,3,5,6,6,4,2,85.0,80.0,85.0,80.0,75.0,80.0,85.0,70.0,30.0,40.0,2,1,2,1,1,1,2,1,1,2,1,1,2,2,2,1,1,2,1,1,2,2,2,2,1,2,2,1,1,2,2,1,2,2,1,1,1,2,2,1
1769,5,5,5,5,5,5,5,5,1,1,30.0,,5.0,,,,,4.0,4.0,2.0,,6.0,,,1.0,,2.0,,,,,,,5.0,5.0,6.0,,15.0,1.0,,,4.0,,1.0,,5.0,,,,,,,,,,,,1.0,1.0,1.0,1.0,1.0,1.0,6,3,3,3,2,5,5,5,3,2,75.0,75.0,80.0,85.0,80.0,85.0,85.0,80.0,20.0,20.0,1,1,2,1,1,2,1,1,1,1,2,1,1,1,1,1,1,2,1,1,1,2,1,1,1,1,1,1,1,1,1,2,1,1,1,1,1,1,1,1
1393,5,4,5,4,4,5,5,3,2,2,,30.0,,2.0,,,,5.0,4.0,2.0,6.0,,1.0,54.0,,1.0,,2.0,5.0,5.0,,,,,,,,15.0,1.0,,,4.0,,,1.0,,5.0,,,,,,,,,,,1.0,1.0,1.0,1.0,1.0,1.0,6,3,2,3,2,5,6,6,3,2,70.0,60.0,75.0,55.0,50.0,65.0,70.0,40.0,30.0,35.0,1,2,1,1,1,1,2,1,1,1,2,1,1,2,1,2,1,1,2,1,1,1,1,2,1,2,1,1,1,2,1,1,2,1,2,1,1,1,2,1
1006,4,4,4,2,3,3,4,2,2,2,,30.0,,2.0,,,,5.0,4.0,2.0,,6.0,,,1.0,,2.0,,,,,,,2.0,5.0,5.0,,15.0,1.0,,,,2.0,,1.0,,5.0,,,,,,,,,,,1.0,1.0,1.0,1.0,1.0,1.0,6,2,3,3,2,4,5,5,3,2,60.0,55.0,55.0,30.0,40.0,40.0,50.0,30.0,30.0,30.0,2,2,2,2,2,2,2,2,2,2,2,2,2,2,2,2,2,2,2,2,2,2,2,2,2,2,2,2,2,2,2,2,2,2,2,2,2,2,2,2
1175,5,5,5,5,5,5,5,5,1,1,30.0,,,6.0,4.0,4.0,2.0,,,,6.0,,1.0,54.0,,,2.0,,,,,,,5.0,5.0,6.0,15.0,,1.0,,5.0,,,,1.0,6.0,,,,,,,,,,,,1.0,1.0,1.0,1.0,1.0,1.0,6,3,3,3,2,4,4,4,4,2,85.0,85.0,90.0,90.0,90.0,90.0,90.0,90.0,10.0,10.0,1,2,1,2,1,1,1,1,1,1,1,2,1,2,2,1,1,1,1,1,1,1,1,1,1,1,1,2,1,1,1,1,1,1,1,1,1,1,1,1
369,5,4,5,2,3,4,5,2,2,2,,30.0,5.0,,,,,6.0,5.0,2.0,6.0,,1.0,54.0,,1.0,,,,,,,,4.0,5.0,5.0,,15.0,1.0,,,,3.0,,1.0,,5.0,,,,,,,,,,,1.0,1.0,1.0,1.0,1.0,1.0,6,3,2,3,2,5,6,5,3,2,75.0,70.0,80.0,40.0,50.0,65.0,80.0,30.0,25.0,25.0,1,1,2,1,1,1,2,1,1,2,1,1,1,1,1,1,2,1,1,1,2,1,2,1,1,2,1,2,1,1,1,2,1,2,1,2,1,2,1,1
793,5,5,5,5,5,5,5,5,1,1,30.0,,5.0,,3.0,3.0,5.0,,,,,6.0,,,1.0,,2.0,,,,5.0,5.0,6.0,,,,15.0,,1.0,,,4.0,,1.0,,,6.0,1.0,1.0,1.0,1.0,1.0,1.0,1.0,1.0,1.0,1.0,,,,,,,6,3,3,3,1,4,5,5,3,2,75.0,75.0,80.0,80.0,75.0,80.0,85.0,80.0,20.0,20.0,1,2,1,2,1,2,1,2,1,2,1,1,2,1,1,1,1,2,1,1,1,2,1,2,1,2,1,1,2,1,2,1,1,2,2,2,2,1,1,2
406,4,4,5,4,4,5,5,4,2,2,40.0,,4.0,,,,,4.0,3.0,2.0,6.0,,1.0,15.0,,,2.0,,,,,,,4.0,5.0,5.0,5.0,,1.0,,,4.0,,,1.0,,5.0,1.0,1.0,1.0,1.0,1.0,1.0,1.0,1.0,1.0,1.0,,,,,,,6,3,2,2,1,3,5,5,3,2,70.0,65.0,80.0,60.0,55.0,75.0,70.0,50.0,40.0,45.0,1,2,2,1,1,2,1,2,1,1,2,2,2,2,1,2,1,1,1,2,2,2,1,1,2,2,1,2,1,2,2,1,2,1,1,2,1,2,1,2
575,5,5,5,2,3,5,5,2,1,1,30.0,,4.0,,,,,5.0,4.0,2.0,,6.0,,,1.0,1.0,,,,,2.0,5.0,5.0,,,,,15.0,,2.0,,,3.0,2.0,,,5.0,,,,,,,,,,,1.0,1.0,1.0,1.0,1.0,1.0,6,3,2,2,1,4,5,5,3,2,70.0,70.0,75.0,30.0,40.0,70.0,70.0,30.0,20.0,20.0,2,1,1,2,2,2,1,1,2,2,2,2,1,1,1,1,2,1,1,2,1,2,2,1,2,1,2,1,1,2,2,2,1,1,1,2,2,1,2,1
18,5,5,5,5,5,5,5,5,1,1,,30.0,,2.0,4.0,3.0,3.0,,,,6.0,,,,1.0,,2.0,,,,5.0,5.0,6.0,,,,,15.0,,2.0,4.0,,,1.0,,,6.0,,,,,,,,,,,1.0,1.0,1.0,1.0,1.0,1.0,6,2,3,3,2,5,6,6,4,2,70.0,70.0,80.0,80.0,80.0,80.0,80.0,70.0,20.0,20.0,2,2,1,1,1,1,2,1,2,2,2,1,2,1,2,1,2,1,2,2,1,2,1,1,1,1,1,2,2,1,2,2,2,2,2,1,2,2,2,2
1907,5,5,5,5,5,5,5,5,1,2,,30.0,6.0,,3.0,4.0,2.0,,,,,6.0,,,1.0,1.0,,,,,5.0,5.0,6.0,,,,15.0,,,1.0,5.0,,,1.0,,5.0,,1.0,1.0,1.0,1.0,1.0,1.0,1.0,1.0,1.0,1.0,,,,,,,6,3,2,2,2,4,5,5,3,2,85.0,80.0,85.0,80.0,75.0,80.0,85.0,70.0,30.0,40.0,1,2,2,2,1,1,1,1,2,1,2,2,2,1,1,2,2,2,2,1,1,1,1,2,1,2,1,2,2,2,1,2,2,1,2,1,1,1,1,2
1874,4,4,4,4,4,4,4,4,2,2,35.0,,5.0,,,,,5.0,4.0,2.0,,6.0,1.0,15.0,,1.0,,,,,,,,4.0,5.0,5.0,15.0,,,2.0,,6.0,,,1.0,,5.0,,,,,,,,,,,1.0,1.0,1.0,1.0,1.0,1.0,6,3,3,3,3,4,5,5,3,2,70.0,65.0,70.0,60.0,60.0,65.0,70.0,60.0,40.0,40.0,2,2,1,1,1,2,2,2,2,2,1,1,2,1,1,2,1,1,1,1,1,2,2,2,2,2,1,2,2,2,1,2,1,1,1,2,1,1,1,1
1073,5,5,5,5,5,5,5,5,1,2,30.0,,5.0,,,,,4.0,4.0,2.0,6.0,,,,1.0,1.0,,,,,5.0,5.0,6.0,,,,10.0,,,1.0,,,3.0,2.0,,,5.0,,,,,,,,,,,1.0,1.0,1.0,1.0,1.0,1.0,6,3,2,2,2,5,6,6,3,2,75.0,75.0,80.0,80.0,75.0,80.0,80.0,75.0,30.0,40.0,2,2,1,1,1,1,2,2,1,1,1,2,1,1,2,2,1,1,2,2,2,1,2,1,2,1,2,1,2,1,1,1,2,1,2,1,1,1,1,1
1489,5,5,5,2,3,5,5,2,1,1,,30.0,5.0,,,,,4.0,4.0,2.0,6.0,,1.0,54.0,,,2.0,,,,5.0,5.0,6.0,,,,,15.0,,1.0,4.0,,,,1.0,5.0,,1.0,1.0,1.0,1.0,1.0,1.0,1.0,1.0,1.0,1.0,,,,,,,6,3,3,3,1,4,5,5,3,2,75.0,70.0,80.0,40.0,50.0,70.0,70.0,40.0,30.0,30.0,1,1,2,1,1,1,1,1,1,1,1,1,1,1,1,1,1,1,1,1,1,1,1,1,1,1,1,1,1,1,1,1,1,1,1,1,1,1,1,1
1100,5,5,5,5,5,5,5,5,1,1,30.0,,4.0,,,,,5.0,4.0,2.0,,6.0,1.0,54.0,,,2.0,,,,4.0,5.0,5.0,,,,15.0,,1.0,,,,3.0,2.0,,,5.0,,,,,,,,,,,1.0,1.0,1.0,1.0,1.0,1.0,6,3,2,3,1,5,6,6,3,2,85.0,80.0,85.0,80.0,75.0,80.0,85.0,70.0,30.0,30.0,1,1,1,1,1,1,1,1,1,1,1,1,1,1,1,1,1,1,1,1,1,1,1,1,1,1,1,1,1,1,1,1,1,1,1,1,1,1,1,1
1295,5,5,5,5,5,5,5,5,1,1,,20.0,,2.0,4.0,3.0,3.0,,,,6.0,,1.0,54.0,,,2.0,4.0,5.0,5.0,,,,,,,,15.0,1.0,,,4.0,,,1.0,,5.0,1.0,1.0,1.0,1.0,1.0,1.0,1.0,1.0,1.0,1.0,,,,,,,6,3,3,3,2,4,5,5,3,2,75.0,70.0,80.0,75.0,70.0,75.0,80.0,70.0,40.0,40.0,1,1,1,2,2,1,2,1,1,1,2,1,2,1,2,2,2,1,1,1,1,2,1,2,1,1,1,1,1,1,1,1,1,1,2,2,1,2,1,1
473,5,5,5,5,5,5,5,5,1,1,,15.0,5.0,,4.0,4.0,2.0,,,,6.0,,1.0,54.0,,1.0,,,,,,,,4.0,5.0,6.0,,15.0,,1.0,4.0,,,,1.0,,6.0,1.0,1.0,1.0,1.0,1.0,1.0,1.0,1.0,1.0,1.0,,,,,,,6,3,2,2,1,3,5,5,3,2,75.0,75.0,80.0,85.0,80.0,85.0,90.0,80.0,20.0,20.0,1,1,1,2,1,1,2,1,2,1,2,1,2,1,2,1,1,1,2,1,1,1,2,1,2,1,2,1,2,1,2,1,1,1,2,1,1,1,1,1
500,5,5,5,5,5,5,5,5,2,2,30.0,,,2.0,,,,5.0,4.0,2.0,6.0,,,,1.0,1.0,,,,,5.0,5.0,6.0,,,,15.0,,,1.0,4.0,,,,1.0,5.0,,,,,,,,,,,,1.0,1.0,1.0,1.0,1.0,1.0,6,2,3,3,1,3,5,5,3,2,85.0,80.0,85.0,90.0,85.0,90.0,90.0,80.0,30.0,30.0,1,2,2,1,2,1,1,1,1,2,1,1,2,2,1,2,1,1,1,1,1,1,1,1,2,1,1,1,2,1,2,1,2,2,1,2,1,1,1,2
695,5,5,5,5,5,5,5,5,1,2,,30.0,4.0,,,,,5.0,4.0,2.0,,6.0,1.0,54.0,,1.0,,5.0,5.0,5.0,,,,,,,,15.0,,1.0,,5.0,,2.0,,,5.0,,,,,,,,,,,1.0,1.0,1.0,1.0,1.0,1.0,6,3,3,3,3,5,6,6,3,2,85.0,80.0,90.0,85.0,80.0,85.0,90.0,75.0,20.0,30.0,1,1,1,1,1,2,1,1,1,1,1,1,1,1,1,1,1,1,1,1,1,1,1,1,1,1,1,1,1,1,1,1,1,1,1,1,1,1,1,1
988,5,5,5,5,5,5,5,5,1,1,,30.0,6.0,,,,,5.0,4.0,2.0,6.0,,,,1.0,1.0,,2.0,5.0,6.0,,,,,,,,10.0,,1.0,4.0,,,,1.0,,5.0,1.0,1.0,1.0,1.0,1.0,1.0,1.0,1.0,1.0,1.0,,,,,,,6,2,3,3,2,5,6,6,3,2,80.0,75.0,85.0,80.0,75.0,80.0,85.0,70.0,30.0,30.0,1,1,1,1,2,2,1,1,2,1,2,2,1,1,1,1,1,1,1,2,1,1,1,2,1,1,2,1,1,1,1,1,1,1,1,1,1,1,1,1
1972,5,5,5,5,5,5,5,5,1,1,40.0,,5.0,,4.0,3.0,3.0,,,,,6.0,1.0,54.0,,1.0,,4.0,5.0,5.0,,,,,,,15.0,,,2.0,,4.0,,,1.0,5.0,,,,,,,,,,,,1.0,1.0,1.0,1.0,1.0,1.0,6,3,3,3,3,5,5,5,3,2,75.0,70.0,80.0,75.0,70.0,75.0,80.0,70.0,20.0,20.0,1,1,1,2,2,2,1,1,1,1,1,1,1,1,1,1,1,1,1,1,1,2,1,1,1,1,1,2,1,2,1,1,1,2,1,1,1,1,1,1
1801,5,5,5,4,4,5,5,4,2,2,,30.0,,2.0,,,,5.0,3.0,2.0,6.0,,1.0,54.0,,1.0,,,,,4.0,5.0,5.0,,,,15.0,,,2.0,5.0,,,,1.0,5.0,,,,,,,,,,,,1.0,1.0,1.0,1.0,1.0,1.0,6,3,2,2,2,5,6,6,3,2,70.0,70.0,70.0,50.0,50.0,70.0,70.0,50.0,30.0,30.0,1,1,2,1,2,1,2,1,2,1,2,1,2,2,1,1,2,1,2,1,2,1,1,2,2,1,1,2,1,1,2,1,2,1,2,1,1,2,2,1
1254,4,4,4,2,3,4,4,2,2,2,40.0,,4.0,,,,,5.0,4.0,2.0,6.0,,1.0,54.0,,,2.0,2.0,5.0,5.0,,,,,,,,15.0,1.0,,,3.0,,2.0,,,5.0,1.0,1.0,1.0,1.0,1.0,1.0,1.0,1.0,1.0,1.0,,,,,,,6,3,3,3,1,4,5,5,3,2,60.0,55.0,60.0,40.0,45.0,55.0,50.0,35.0,30.0,30.0,1,1,1,2,1,2,1,2,1,2,2,1,2,1,2,1,1,1,2,1,2,1,2,1,1,2,2,1,1,2,2,1,2,1,1,2,2,2,1,1
1327,5,5,5,5,5,5,5,5,1,1,30.0,,,2.0,,,,5.0,4.0,2.0,,6.0,1.0,54.0,,1.0,,4.0,5.0,5.0,,,,,,,15.0,,1.0,,,4.0,,2.0,,5.0,,1.0,1.0,1.0,1.0,1.0,1.0,1.0,1.0,1.0,1.0,,,,,,,6,3,3,3,2,4,5,5,3,2,75.0,70.0,80.0,85.0,80.0,85.0,90.0,80.0,20.0,20.0,1,1,1,1,1,1,1,1,1,1,1,1,1,1,1,1,1,1,1,1,1,1,1,1,1,1,1,1,1,1,1,1,1,1,1,1,1,1,1,1
1448,5,5,5,5,5,5,5,5,1,1,,20.0,,2.0,,,,4.0,4.0,2.0,,6.0,1.0,54.0,,,2.0,,,,,,,5.0,5.0,6.0,15.0,,,1.0,,,3.0,2.0,,6.0,,,,,,,,,,,,1.0,1.0,1.0,1.0,1.0,1.0,6,3,2,3,2,5,6,6,4,2,80.0,80.0,85.0,85.0,80.0,85.0,85.0,80.0,20.0,20.0,1,1,1,1,1,1,1,2,1,1,1,1,1,1,1,1,1,1,1,1,1,1,1,1,1,1,1,1,1,1,1,1,1,1,1,1,1,1,1,1
654,5,5,5,5,5,5,5,5,1,1,30.0,,4.0,,4.0,3.0,2.0,,,,6.0,,1.0,54.0,,1.0,,4.0,5.0,5.0,,,,,,,,15.0,1.0,,,4.0,,2.0,,,5.0,1.0,1.0,1.0,1.0,1.0,1.0,1.0,1.0,1.0,1.0,,,,,,,6,3,2,2,2,4,5,5,3,2,75.0,75.0,80.0,80.0,75.0,80.0,80.0,75.0,20.0,20.0,1,1,1,1,1,1,1,2,1,1,1,1,1,1,1,2,1,1,1,1,1,1,1,1,1,1,1,1,1,1,1,1,1,1,1,1,1,1,1,1
727,5,5,5,5,5,5,5,5,1,1,30.0,,5.0,,3.0,4.0,5.0,,,,,6.0,1.0,54.0,,,2.0,,,,4.0,5.0,5.0,,,,,15.0,,1.0,,6.0,,1.0,,,6.0,,,,,,,,,,,1.0,1.0,1.0,1.0,1.0,1.0,6,3,3,3,3,5,6,6,4,2,75.0,75.0,80.0,80.0,75.0,80.0,80.0,75.0,20.0,20.0,1,1,2,1,2,1,2,2,1,1,2,1,2,2,1,1,2,1,2,1,1,1,2,1,1,1,1,2,1,2,1,1,2,2,1,2,1,1,1,1
949,4,4,5,4,4,5,5,4,2,2,35.0,,,2.0,,,,4.0,3.0,2.0,,6.0,1.0,15.0,,1.0,,,,,5.0,5.0,5.0,,,,15.0,,1.0,,4.0,,,1.0,,,5.0,,,,,,,,,,,1.0,1.0,1.0,1.0,1.0,1.0,6,3,3,3,3,5,5,5,3,2,65.0,65.0,75.0,65.0,65.0,75.0,75.0,65.0,35.0,35.0,1,2,1,1,1,1,2,1,2,2,2,2,2,1,2,1,2,2,2,2,2,1,2,1,2,2,2,2,2,2,2,2,2,2,2,2,2,2,2,2
445,5,4,5,2,3,4,5,2,2,3,,30.0,,2.0,5.0,4.0,3.0,,,,6.0,,,,1.0,1.0,,4.0,5.0,5.0,,,,,,,,15.0,1.0,,4.0,,,,1.0,5.0,,,,,,,,,,,,1.0,1.0,1.0,1.0,1.0,1.0,6,3,2,2,2,4,5,5,3,2,70.0,60.0,75.0,40.0,50.0,60.0,70.0,40.0,30.0,50.0,1,2,1,2,1,2,1,2,1,1,1,1,1,2,1,2,1,2,1,2,1,1,1,1,2,1,1,2,2,1,1,1,2,1,2,2,1,1,1,2
536,5,5,5,4,4,4,5,4,2,2,40.0,,,2.0,,,,5.0,4.0,2.0,,6.0,1.0,54.0,,1.0,,3.0,5.0,5.0,,,,,,,15.0,,1.0,,3.0,,,1.0,,5.0,,1.0,1.0,1.0,1.0,1.0,1.0,1.0,1.0,1.0,1.0,,,,,,,6,3,3,3,1,4,5,5,3,2,70.0,65.0,75.0,50.0,55.0,60.0,70.0,50.0,30.0,30.0,2,1,1,1,2,1,2,1,1,2,1,2,2,2,1,1,2,2,1,1,2,1,1,2,1,1,1,2,1,1,2,1,1,1,1,1,1,1,1,2
259,5,5,5,4,4,5,5,4,2,3,,30.0,5.0,,,,,5.0,4.0,2.0,6.0,,1.0,54.0,,1.0,,4.0,5.0,5.0,,,,,,,,8.0,,1.0,,7.0,,2.0,,5.0,,1.0,1.0,1.0,1.0,1.0,1.0,1.0,1.0,1.0,1.0,,,,,,,6,2,3,3,2,4,5,5,3,2,75.0,70.0,80.0,50.0,55.0,70.0,65.0,50.0,40.0,45.0,1,1,2,2,1,1,2,1,2,1,1,1,1,1,2,2,1,2,1,1,1,1,1,1,2,1,1,1,2,1,2,1,2,1,2,1,1,2,1,1
1045,5,5,5,5,5,5,5,5,2,2,,30.0,,2.0,5.0,4.0,5.0,,,,6.0,,,,1.0,1.0,,,,,,,,5.0,5.0,5.0,15.0,,1.0,,,4.0,,,1.0,,6.0,,,,,,,,,,,1.0,1.0,1.0,1.0,1.0,1.0,6,2,3,3,2,5,6,6,3,2,80.0,75.0,80.0,75.0,70.0,75.0,80.0,70.0,40.0,40.0,1,1,1,2,1,2,1,1,1,1,2,1,1,2,1,1,2,1,1,1,1,1,1,1,1,1,1,2,2,1,1,1,1,1,1,1,1,1,1,1
1136,4,4,4,2,3,4,4,2,2,2,40.0,,4.0,,,,,6.0,5.0,2.0,,6.0,,,1.0,,2.0,4.0,5.0,6.0,,,,,,,,15.0,,1.0,,4.0,,,1.0,,5.0,,,,,,,,,,,1.0,1.0,1.0,1.0,1.0,1.0,6,3,3,3,3,5,5,5,3,2,65.0,65.0,70.0,40.0,50.0,60.0,70.0,40.0,40.0,40.0,1,2,1,1,1,1,1,2,1,1,1,2,2,1,1,1,1,1,2,1,1,1,2,1,1,2,1,2,1,1,1,1,2,1,2,2,1,1,1,1
1659,5,5,5,5,5,5,5,5,1,1,30.0,,5.0,,,,,4.0,5.0,2.0,,6.0,,,1.0,,2.0,,,,5.0,5.0,6.0,,,,15.0,,,1.0,4.0,,,,1.0,,6.0,1.0,1.0,1.0,1.0,1.0,1.0,1.0,1.0,1.0,1.0,,,,,,,6,3,3,3,1,3,5,5,3,2,75.0,75.0,80.0,80.0,75.0,80.0,80.0,75.0,25.0,25.0,1,2,2,1,1,1,1,1,1,1,2,1,1,2,1,1,1,1,1,1,1,1,1,1,1,1,1,1,1,1,1,1,1,1,1,1,1,1,1,1
1944,5,5,5,5,5,5,5,5,1,1,30.0,,5.0,,3.0,3.0,2.0,,,,6.0,,1.0,54.0,,1.0,,5.0,5.0,6.0,,,,,,,15.0,,,1.0,,4.0,,,1.0,,5.0,1.0,1.0,1.0,1.0,1.0,1.0,1.0,1.0,1.0,1.0,,,,,,,6,3,3,3,2,4,4,4,3,2,75.0,75.0,80.0,85.0,80.0,85.0,85.0,80.0,20.0,20.0,1,1,2,1,1,1,1,1,1,2,2,1,1,1,1,1,2,2,1,1,1,1,1,1,2,1,2,1,1,1,1,1,1,1,1,1,1,1,2,1
1837,5,5,5,5,5,5,5,5,2,2,,30.0,,4.0,4.0,3.0,3.0,,,,6.0,,,,1.0,1.0,,,,,,,,4.0,5.0,5.0,15.0,,1.0,,4.0,,,,1.0,5.0,,,,,,,,,,,,1.0,1.0,1.0,1.0,1.0,1.0,6,2,2,2,1,3,5,5,3,2,80.0,75.0,85.0,80.0,75.0,80.0,85.0,70.0,40.0,40.0,1,1,1,1,1,1,1,2,1,1,1,2,1,2,1,1,1,1,2,1,1,1,1,1,1,1,1,2,1,1,1,1,1,1,1,1,1,1,1,1
662,4,4,4,3,4,4,4,3,2,2,,30.0,,2.0,,,,5.0,4.0,2.0,6.0,,1.0,54.0,,1.0,,,,,2.0,5.0,5.0,,,,15.0,,1.0,,4.0,,,1.0,,5.0,,,,,,,,,,,,1.0,1.0,1.0,1.0,1.0,1.0,6,3,3,3,2,5,5,5,3,2,60.0,55.0,60.0,40.0,45.0,50.0,50.0,35.0,30.0,30.0,1,2,2,2,2,1,1,2,1,2,2,1,1,1,2,1,1,2,1,1,1,2,2,2,1,1,1,2,1,2,2,2,2,1,1,1,1,2,1,1
298,5,5,5,4,4,5,5,4,2,2,,30.0,6.0,,4.0,3.0,5.0,,,,,6.0,,,1.0,1.0,,4.0,5.0,5.0,,,,,,,,12.0,,1.0,4.0,,,,1.0,,5.0,,,,,,,,,,,1.0,1.0,1.0,1.0,1.0,1.0,6,3,3,3,2,4,5,5,3,2,70.0,65.0,75.0,50.0,55.0,70.0,75.0,50.0,40.0,40.0,1,1,1,1,1,1,1,1,1,1,1,1,1,1,1,1,1,1,1,1,1,1,1,1,1,1,1,1,1,1,1,1,1,1,1,1,1,1,1,1
711,5,4,5,2,3,4,5,2,2,2,,30.0,,2.0,,,,4.0,3.0,2.0,,6.0,,,1.0,,2.0,,,,,,,2.0,5.0,5.0,15.0,,,2.0,,4.0,,1.0,,,5.0,,,,,,,,,,,1.0,1.0,1.0,1.0,1.0,1.0,6,3,2,2,2,5,6,6,3,2,70.0,60.0,75.0,40.0,50.0,60.0,70.0,40.0,40.0,40.0,2,2,2,1,1,2,2,1,2,2,1,2,2,1,2,2,2,1,1,2,2,1,2,2,2,2,2,1,2,1,2,2,2,2,1,2,1,1,2,2
484,5,5,5,5,5,5,5,5,1,2,,30.0,,2.0,4.0,3.0,3.0,,,,,6.0,,,1.0,1.0,,,,,4.0,5.0,5.0,,,,15.0,,,1.0,,4.0,,,1.0,,5.0,,,,,,,,,,,1.0,1.0,1.0,1.0,1.0,1.0,6,3,3,3,2,4,5,5,3,2,75.0,70.0,80.0,85.0,80.0,75.0,80.0,70.0,30.0,40.0,1,1,1,1,1,1,1,1,1,1,1,1,1,1,1,1,1,1,1,1,1,1,1,1,1,1,1,1,1,1,1,1,1,1,1,1,1,1,1,1
1262,5,5,5,5,5,5,5,5,1,1,30.0,,,2.0,,,,5.0,4.0,2.0,6.0,,,,1.0,,2.0,4.0,5.0,6.0,,,,,,,15.0,,,1.0,,5.0,,1.0,,,5.0,,,,,,,,,,,1.0,1.0,1.0,1.0,1.0,1.0,6,4,3,3,3,5,6,6,4,2,75.0,70.0,80.0,85.0,80.0,75.0,80.0,70.0,20.0,25.0,1,1,1,1,1,1,1,1,1,1,1,1,2,1,1,1,1,1,1,1,1,2,1,2,1,1,1,1,1,2,1,2,1,1,1,1,1,1,1,1
1698,4,4,4,4,4,4,4,4,2,2,,30.0,,2.0,,,,5.0,4.0,2.0,,6.0,,,1.0,,2.0,,,,,,,4.0,5.0,5.0,,15.0,1.0,,,,3.0,,1.0,,5.0,,,,,,,,,,,1.0,1.0,1.0,1.0,1.0,1.0,6,3,2,3,3,5,6,5,3,2,65.0,65.0,65.0,65.0,65.0,65.0,65.0,65.0,40.0,40.0,1,1,1,2,1,2,2,1,1,2,1,1,1,1,1,1,1,1,1,1,1,1,1,1,2,1,1,2,1,2,1,1,2,1,2,1,1,1,1,1
1311,5,5,5,5,5,5,5,5,1,1,,30.0,5.0,,,,,5.0,4.0,2.0,,6.0,1.0,54.0,,,2.0,,,,5.0,5.0,6.0,,,,,15.0,1.0,,,4.0,,,1.0,6.0,,1.0,1.0,1.0,1.0,1.0,1.0,1.0,1.0,1.0,1.0,,,,,,,6,3,3,3,3,5,5,5,3,2,85.0,80.0,90.0,85.0,80.0,90.0,85.0,80.0,10.0,10.0,1,1,2,1,1,1,2,1,1,1,2,1,2,1,1,2,1,1,1,1,1,1,2,1,2,1,2,1,1,2,2,1,1,2,1,2,1,1,1,2
1084,5,5,5,5,5,5,5,5,1,1,30.0,,5.0,,,,,4.0,4.0,2.0,6.0,,1.0,54.0,,,2.0,,,,4.0,5.0,6.0,,,,,15.0,,1.0,,6.0,,,1.0,,5.0,,,,,,,,,,,1.0,1.0,1.0,1.0,1.0,1.0,6,3,3,3,3,5,6,6,4,2,75.0,75.0,80.0,80.0,75.0,80.0,80.0,75.0,20.0,20.0,1,1,2,2,2,2,1,1,2,1,2,1,2,1,1,1,1,1,1,2,1,1,1,1,2,1,1,1,2,1,2,1,1,1,2,1,1,1,1,2
1985,5,5,5,5,5,5,5,5,2,2,,30.0,5.0,,3.0,4.0,2.0,,,,6.0,,1.0,54.0,,1.0,,4.0,5.0,5.0,,,,,,,,15.0,1.0,,4.0,,,,1.0,,5.0,,,,,,,,,,,1.0,1.0,1.0,1.0,1.0,1.0,6,3,2,3,1,3,5,5,3,2,75.0,75.0,80.0,80.0,75.0,80.0,80.0,75.0,40.0,40.0,1,2,2,1,1,1,2,2,1,1,2,1,1,1,2,2,1,1,1,2,1,1,1,2,1,1,2,1,2,2,1,1,1,1,2,2,1,1,1,2
178,5,5,5,5,5,5,5,4,2,2,70.0,,,2.0,5.0,4.0,3.0,,,,,6.0,1.0,54.0,,,2.0,4.0,5.0,5.0,,,,,,,15.0,,1.0,,4.0,,,1.0,,5.0,,,,,,,,,,,,1.0,1.0,1.0,1.0,1.0,1.0,6,3,3,3,1,5,6,6,3,2,80.0,75.0,85.0,70.0,65.0,70.0,75.0,60.0,40.0,45.0,1,1,1,1,1,1,1,1,1,1,1,1,1,1,1,1,1,1,1,1,1,1,1,1,1,1,1,1,1,1,1,1,2,1,1,1,1,1,1,1
582,4,4,4,4,4,4,4,4,2,2,,30.0,4.0,,5.0,5.0,2.0,,,,,6.0,,,1.0,,2.0,3.0,5.0,5.0,,,,,,,,10.0,,2.0,,,3.0,,1.0,5.0,,1.0,1.0,1.0,1.0,1.0,1.0,1.0,1.0,1.0,1.0,,,,,,,6,3,3,3,1,3,5,5,3,2,70.0,70.0,70.0,70.0,70.0,70.0,70.0,70.0,30.0,30.0,1,1,2,1,2,1,2,1,2,1,1,2,2,1,1,2,2,1,1,1,1,1,1,1,2,1,1,1,1,2,2,2,2,2,1,1,2,1,2,2
617,5,5,5,5,5,5,5,5,2,2,30.0,,6.0,,,,,5.0,4.0,2.0,6.0,,1.0,54.0,,1.0,,,,,4.0,5.0,5.0,,,,,15.0,1.0,,,4.0,,2.0,,5.0,,1.0,1.0,1.0,1.0,1.0,1.0,1.0,1.0,1.0,1.0,,,,,,,6,3,3,3,1,4,5,5,3,2,75.0,70.0,75.0,80.0,75.0,80.0,85.0,70.0,40.0,40.0,1,2,1,2,1,1,1,1,1,1,2,2,2,1,2,2,1,1,2,2,1,2,1,2,1,2,2,1,1,1,1,1,2,1,1,1,2,2,2,1
764,5,5,5,2,3,5,5,2,1,1,,30.0,4.0,,,,,5.0,4.0,2.0,6.0,,,,1.0,1.0,,2.0,5.0,5.0,,,,,,,15.0,,1.0,,,,3.0,,1.0,,5.0,,,,,,,,,,,1.0,1.0,1.0,1.0,1.0,1.0,6,3,3,3,1,3,5,5,3,2,70.0,70.0,75.0,30.0,40.0,70.0,70.0,30.0,20.0,20.0,1,1,1,1,1,1,1,1,1,1,1,1,1,1,1,1,1,1,1,1,1,1,1,1,1,1,1,1,1,1,1,1,1,1,1,1,1,1,1,1
1578,4,4,4,4,4,4,4,3,2,2,,30.0,5.0,,,,,5.0,4.0,2.0,6.0,,1.0,54.0,,,2.0,,,,2.0,5.0,5.0,,,,15.0,,,1.0,,6.0,,,1.0,5.0,,,,,,,,,,,,1.0,1.0,1.0,1.0,1.0,1.0,6,2,3,3,1,3,5,5,3,2,65.0,60.0,60.0,55.0,55.0,60.0,60.0,40.0,30.0,30.0,1,2,2,1,1,1,2,1,1,1,1,2,1,2,1,1,2,1,2,1,1,1,1,1,2,1,1,2,2,2,2,1,1,2,1,1,1,1,2,1
1182,5,5,5,4,4,5,5,4,1,2,70.0,,5.0,,,,,4.0,4.0,2.0,6.0,,1.0,54.0,,,2.0,2.0,5.0,5.0,,,,,,,,15.0,1.0,,,4.0,,,1.0,,5.0,1.0,1.0,1.0,1.0,1.0,1.0,1.0,1.0,1.0,1.0,,,,,,,6,2,3,3,2,5,5,5,3,2,75.0,75.0,80.0,60.0,60.0,80.0,80.0,60.0,20.0,30.0,2,1,1,2,1,2,2,1,1,1,1,1,1,1,1,1,1,1,1,1,1,1,1,1,2,2,2,2,1,2,2,2,1,2,1,2,1,1,2,2
1217,5,5,5,5,5,5,5,5,2,2,30.0,,4.0,,,,,5.0,4.0,2.0,,6.0,,,1.0,1.0,,4.0,5.0,5.0,,,,,,,15.0,,,2.0,,6.0,,,1.0,5.0,,1.0,1.0,1.0,1.0,1.0,1.0,1.0,1.0,1.0,1.0,,,,,,,6,3,3,3,2,5,6,6,3,2,85.0,80.0,85.0,90.0,85.0,90.0,90.0,80.0,30.0,30.0,1,2,1,2,1,1,2,1,2,1,2,1,2,1,1,1,2,1,2,1,1,1,2,1,2,1,2,1,2,1,1,2,1,1,2,1,2,2,2,2
1364,5,4,5,5,5,5,5,5,1,1,,30.0,,2.0,4.0,3.0,3.0,,,,,6.0,1.0,54.0,,,2.0,,,,,,,2.0,5.0,5.0,15.0,,,1.0,4.0,,,1.0,,,5.0,1.0,1.0,1.0,1.0,1.0,1.0,1.0,1.0,1.0,1.0,,,,,,,6,3,3,3,2,4,5,5,3,2,75.0,65.0,80.0,75.0,70.0,70.0,75.0,70.0,30.0,30.0,2,2,1,1,1,1,1,1,1,2,1,2,2,1,2,2,1,1,1,1,1,1,1,1,1,2,1,1,2,1,1,1,2,1,1,2,2,1,1,1
1883,5,5,5,4,4,5,5,4,2,2,,30.0,,2.0,,,,5.0,4.0,2.0,,6.0,1.0,54.0,,,2.0,,,,4.0,5.0,5.0,,,,,15.0,,2.0,,4.0,,2.0,,5.0,,,,,,,,,,,,1.0,1.0,1.0,1.0,1.0,1.0,6,3,3,3,1,3,5,5,3,2,70.0,70.0,75.0,50.0,50.0,70.0,70.0,50.0,30.0,30.0,1,1,2,1,1,2,1,2,1,1,1,2,1,1,2,1,1,2,1,1,2,1,1,1,2,1,2,1,1,1,2,1,1,2,1,1,1,1,2,1
879,5,5,5,4,4,5,5,4,2,2,,30.0,,2.0,,,,5.0,3.0,2.0,,6.0,1.0,54.0,,,2.0,,,,2.0,5.0,5.0,,,,15.0,,,2.0,,4.0,,,1.0,,5.0,,,,,,,,,,,1.0,1.0,1.0,1.0,1.0,1.0,6,3,3,3,2,4,5,5,3,2,75.0,70.0,80.0,60.0,55.0,70.0,65.0,50.0,40.0,45.0,2,2,2,1,1,1,1,2,1,1,2,2,1,1,2,2,1,1,2,1,1,1,2,2,1,1,1,1,2,1,2,2,2,1,1,1,1,1,1,2
430,5,5,5,4,4,4,5,3,2,2,,30.0,5.0,,3.0,4.0,5.0,,,,,6.0,,,1.0,,2.0,,,,,,,2.0,5.0,5.0,15.0,,1.0,,,5.0,,1.0,,5.0,,1.0,1.0,1.0,1.0,1.0,1.0,1.0,1.0,1.0,1.0,,,,,,,6,3,2,2,1,4,5,5,3,2,70.0,65.0,70.0,50.0,50.0,55.0,70.0,40.0,30.0,30.0,1,2,1,2,1,2,1,2,2,1,1,2,2,1,1,2,1,2,1,1,1,2,1,2,2,1,1,2,2,1,2,1,1,1,2,1,1,2,1,1
543,5,5,5,4,4,5,5,4,2,2,,30.0,,2.0,,,,5.0,4.0,2.0,,6.0,,,1.0,,2.0,,,,,,,4.0,5.0,5.0,15.0,,1.0,,,7.0,,2.0,,5.0,,1.0,1.0,1.0,1.0,1.0,1.0,1.0,1.0,1.0,1.0,,,,,,,6,2,3,3,2,5,5,5,3,2,75.0,70.0,80.0,60.0,55.0,70.0,65.0,50.0,40.0,45.0,1,1,2,2,1,1,1,1,1,2,1,1,1,2,1,1,2,1,2,1,2,1,1,2,1,1,1,1,2,2,1,1,2,1,1,1,2,2,1,2
1030,5,5,5,4,4,5,5,4,2,2,,30.0,,2.0,5.0,3.0,4.0,,,,6.0,,1.0,54.0,,,2.0,,,,4.0,5.0,5.0,,,,15.0,,1.0,,,,3.0,,1.0,,5.0,1.0,1.0,1.0,1.0,1.0,1.0,1.0,1.0,1.0,1.0,,,,,,,6,3,3,3,2,4,5,5,3,2,75.0,70.0,75.0,50.0,50.0,75.0,80.0,60.0,30.0,30.0,1,1,1,1,1,1,1,2,1,1,2,1,2,1,2,1,1,1,2,2,1,1,1,2,2,1,1,1,1,1,1,1,1,1,1,1,2,1,1,2
1143,5,4,5,4,4,5,5,4,2,3,65.0,,5.0,,4.0,3.0,2.0,,,,6.0,,,,1.0,,2.0,4.0,5.0,5.0,,,,,,,15.0,,,1.0,,,3.0,,1.0,,5.0,1.0,1.0,1.0,1.0,1.0,1.0,1.0,1.0,1.0,1.0,,,,,,,6,3,3,3,1,3,6,6,3,2,75.0,70.0,80.0,65.0,60.0,75.0,80.0,60.0,40.0,50.0,1,1,1,2,1,2,2,1,1,1,2,1,1,1,1,2,1,1,1,2,1,1,2,1,1,1,2,1,1,1,1,1,1,1,1,1,1,1,1,1
1931,4,4,4,2,3,4,4,2,3,2,40.0,,,2.0,,,,5.0,4.0,2.0,6.0,,1.0,54.0,,,2.0,,,,2.0,5.0,5.0,,,,,15.0,,2.0,,,2.0,,1.0,,5.0,1.0,1.0,1.0,1.0,1.0,1.0,1.0,1.0,1.0,1.0,,,,,,,6,3,3,3,2,5,6,6,3,2,60.0,55.0,60.0,40.0,45.0,50.0,50.0,35.0,30.0,25.0,2,2,1,1,2,1,2,2,1,1,2,2,2,1,1,1,1,1,2,2,2,1,1,2,2,1,1,2,1,2,2,1,1,2,1,2,2,1,1,1
1842,5,5,5,5,5,5,5,5,2,2,30.0,,4.0,,4.0,3.0,5.0,,,,,6.0,,,1.0,1.0,,,,,4.0,5.0,5.0,,,,,8.0,,1.0,,5.0,,1.0,,5.0,,1.0,1.0,1.0,1.0,1.0,1.0,1.0,1.0,1.0,1.0,,,,,,,6,2,3,3,1,4,5,5,3,2,70.0,70.0,75.0,70.0,65.0,70.0,75.0,60.0,40.0,40.0,2,1,2,1,1,2,1,1,1,2,1,2,1,1,1,2,1,1,2,1,1,2,1,1,1,2,1,1,2,1,1,1,1,2,1,1,2,2,2,2
1889,5,4,5,4,4,5,5,4,2,2,30.0,,5.0,,4.0,3.0,2.0,,,,,6.0,1.0,54.0,,,2.0,4.0,5.0,5.0,,,,,,,15.0,,1.0,,,,3.0,,1.0,5.0,,1.0,1.0,1.0,1.0,1.0,1.0,1.0,1.0,1.0,1.0,,,,,,,6,3,3,2,1,3,6,6,3,2,70.0,60.0,75.0,50.0,55.0,65.0,70.0,60.0,40.0,40.0,1,2,1,1,2,2,2,1,1,2,1,1,2,1,2,1,1,2,2,1,1,2,1,1,2,1,1,1,2,1,2,2,1,2,1,2,2,2,2,1
900,5,5,5,5,5,5,5,5,2,2,,20.0,,2.0,3.0,3.0,3.0,,,,6.0,,,,1.0,1.0,,,,,,,,4.0,5.0,5.0,,15.0,1.0,,,,3.0,,1.0,,5.0,1.0,1.0,1.0,1.0,1.0,1.0,1.0,1.0,1.0,1.0,,,,,,,6,2,3,3,2,4,5,5,3,2,75.0,70.0,80.0,75.0,70.0,75.0,80.0,65.0,40.0,40.0,2,1,1,2,2,1,1,2,1,1,1,1,1,1,2,2,2,1,1,1,1,1,1,1,1,2,2,1,2,2,2,1,2,1,1,1,2,1,2,1
873,4,4,4,3,3,4,4,3,2,2,40.0,,5.0,,,,,5.0,4.0,2.0,,6.0,,,1.0,1.0,,4.0,5.0,5.0,,,,,,,,15.0,1.0,,,4.0,,,1.0,5.0,,1.0,1.0,1.0,1.0,1.0,1.0,1.0,1.0,1.0,1.0,,,,,,,6,3,3,3,1,5,6,6,3,2,60.0,55.0,60.0,40.0,40.0,55.0,55.0,40.0,30.0,30.0,2,1,2,2,1,1,2,1,2,1,1,2,1,2,2,1,2,1,2,2,1,1,2,1,1,2,2,1,2,1,1,2,2,2,2,1,2,1,2,2
588,5,5,5,5,5,5,5,5,1,1,,30.0,5.0,,4.0,3.0,2.0,,,,,6.0,,,1.0,,2.0,4.0,5.0,5.0,,,,,,,,10.0,,1.0,,6.0,,1.0,,,5.0,,,,,,,,,,,1.0,1.0,1.0,1.0,1.0,1.0,6,3,2,3,2,5,6,5,3,2,70.0,70.0,80.0,80.0,80.0,80.0,80.0,70.0,30.0,30.0,1,2,1,2,1,2,1,1,1,1,2,2,1,1,1,1,2,1,1,2,1,1,1,1,1,1,2,1,1,2,1,2,1,2,1,2,1,1,1,1
172,5,5,5,4,4,5,5,4,2,2,,30.0,4.0,,4.0,3.0,5.0,,,,6.0,,,,1.0,1.0,,,,,,,,4.0,5.0,5.0,,15.0,1.0,,,,3.0,2.0,,,5.0,1.0,1.0,1.0,1.0,1.0,1.0,1.0,1.0,1.0,1.0,,,,,,,6,3,3,3,1,5,6,6,3,2,75.0,70.0,80.0,60.0,55.0,70.0,65.0,50.0,40.0,40.0,1,2,1,1,2,2,1,2,1,1,1,1,1,1,1,2,1,2,2,2,1,1,1,1,2,1,2,1,1,1,2,1,1,1,1,1,2,2,1,1
394,5,5,5,5,5,5,5,5,1,1,30.0,,,5.0,,,,6.0,5.0,2.0,,6.0,,,1.0,1.0,,5.0,5.0,6.0,,,,,,,18.0,,,1.0,,4.0,,2.0,,6.0,,,,,,,,,,,,1.0,1.0,1.0,1.0,1.0,1.0,6,3,3,3,3,5,5,5,4,2,80.0,80.0,85.0,90.0,85.0,90.0,90.0,85.0,20.0,20.0,2,1,2,1,2,1,2,2,1,2,2,1,2,1,1,1,2,2,1,1,1,1,2,1,1,1,1,1,2,2,1,1,1,1,2,1,2,1,1,1
1188,5,5,5,5,5,5,5,5,1,1,,30.0,5.0,,,,,5.0,4.0,2.0,6.0,,,,1.0,,2.0,,,,,,,5.0,5.0,6.0,5.0,,,1.0,,,3.0,2.0,,,6.0,,,,,,,,,,,1.0,1.0,1.0,1.0,1.0,1.0,6,2,3,3,1,3,5,5,4,2,85.0,80.0,90.0,85.0,80.0,90.0,85.0,80.0,10.0,10.0,1,1,2,1,1,1,2,2,1,2,2,1,2,2,1,1,2,2,1,1,1,1,1,1,1,2,1,1,1,1,1,1,1,2,2,2,1,1,2,2
1401,5,5,5,4,4,4,5,4,2,2,30.0,,,2.0,5.0,4.0,3.0,,,,6.0,,,,1.0,,2.0,,,,,,,3.0,5.0,5.0,,15.0,,2.0,4.0,,,1.0,,,5.0,,,,,,,,,,,1.0,1.0,1.0,1.0,1.0,1.0,6,3,3,3,1,3,5,5,4,2,70.0,70.0,75.0,50.0,50.0,50.0,70.0,50.0,30.0,30.0,2,2,2,1,1,1,1,2,2,1,2,2,2,1,2,2,1,1,1,2,2,1,1,2,1,2,2,1,1,2,2,1,2,2,2,1,1,2,2,1
1572,5,5,5,5,5,5,5,5,2,2,,30.0,,2.0,4.0,3.0,3.0,,,,6.0,,1.0,54.0,,,2.0,4.0,5.0,6.0,,,,,,,15.0,,1.0,,4.0,,,1.0,,,5.0,,,,,,,,,,,1.0,1.0,1.0,1.0,1.0,1.0,6,3,2,3,3,5,6,5,4,2,75.0,70.0,80.0,85.0,80.0,75.0,85.0,80.0,40.0,40.0,1,1,2,1,1,2,2,1,2,2,2,1,1,2,2,2,1,1,1,1,1,2,1,2,2,1,2,1,1,2,1,1,2,1,1,2,1,1,1,1
1794,5,5,5,5,5,5,5,5,2,2,,30.0,5.0,,4.0,4.0,3.0,,,,6.0,,,,1.0,1.0,,,,,5.0,5.0,5.0,,,,,15.0,,1.0,5.0,,,,1.0,5.0,,1.0,1.0,1.0,1.0,1.0,1.0,1.0,1.0,1.0,1.0,,,,,,,6,3,3,3,1,3,5,5,3,2,70.0,70.0,70.0,70.0,70.0,70.0,70.0,70.0,30.0,30.0,1,1,1,1,1,1,1,1,1,1,1,1,1,1,1,1,1,1,1,1,1,1,2,1,1,2,2,1,1,1,1,1,1,1,1,1,1,1,1,1
1848,5,5,5,4,4,5,5,3,2,2,,30.0,6.0,,,,,5.0,4.0,2.0,,6.0,1.0,54.0,,1.0,,4.0,5.0,5.0,,,,,,,,15.0,,1.0,4.0,,,2.0,,,5.0,,,,,,,,,,,1.0,1.0,1.0,1.0,1.0,1.0,6,3,3,3,1,5,6,6,3,2,70.0,70.0,75.0,50.0,50.0,70.0,70.0,40.0,30.0,30.0,1,2,1,2,2,1,2,2,1,1,1,2,1,1,1,2,2,1,2,1,2,1,1,2,2,2,1,1,2,2,2,2,2,2,2,2,2,1,2,2
24,4,4,4,2,3,4,4,2,2,2,40.0,,,2.0,5.0,3.0,3.0,,,,6.0,,,,1.0,,2.0,,,,4.0,5.0,5.0,,,,15.0,,1.0,,,,3.0,2.0,,5.0,,,,,,,,,,,,1.0,1.0,1.0,1.0,1.0,1.0,6,3,3,3,2,4,5,5,3,2,65.0,65.0,65.0,40.0,40.0,65.0,65.0,40.0,40.0,40.0,2,2,1,2,2,1,2,1,1,2,2,2,2,2,2,1,2,2,1,1,2,2,1,2,1,1,2,1,2,1,2,2,1,1,2,1,2,1,1,1
2055,5,5,5,5,5,5,5,5,1,1,30.0,,4.0,,,,,5.0,5.0,2.0,6.0,,1.0,54.0,,1.0,,4.0,5.0,6.0,,,,,,,,15.0,1.0,,,4.0,,2.0,,5.0,,1.0,1.0,1.0,1.0,1.0,1.0,1.0,1.0,1.0,1.0,,,,,,,6,3,3,3,3,5,5,5,3,2,75.0,75.0,80.0,85.0,80.0,85.0,85.0,80.0,20.0,20.0,1,1,1,1,1,1,1,1,1,1,1,1,1,1,1,1,1,1,1,1,1,1,1,1,1,1,1,1,1,1,1,1,1,1,1,1,1,1,1,1
226,5,5,5,5,5,5,5,4,2,2,30.0,,,2.0,,,,5.0,4.0,2.0,,6.0,,,1.0,1.0,,3.0,5.0,5.0,,,,,,,15.0,,1.0,,,4.0,,,1.0,,5.0,,,,,,,,,,,1.0,1.0,1.0,1.0,1.0,1.0,6,3,2,2,2,4,5,5,3,2,75.0,70.0,80.0,75.0,70.0,70.0,75.0,60.0,40.0,40.0,1,2,1,1,2,2,2,1,1,1,2,1,2,1,1,1,2,1,1,1,2,1,1,2,1,1,2,1,1,2,1,1,2,1,1,1,2,1,1,2
355,5,5,5,4,4,5,5,4,2,2,,30.0,5.0,,,,,5.0,4.0,2.0,,6.0,1.0,15.0,,1.0,,,,,5.0,5.0,6.0,,,,15.0,,1.0,,,,3.0,2.0,,5.0,,1.0,1.0,1.0,1.0,1.0,1.0,1.0,1.0,1.0,1.0,,,,,,,6,3,2,2,2,4,5,5,3,2,75.0,75.0,80.0,60.0,60.0,80.0,80.0,60.0,40.0,40.0,1,2,1,1,2,2,1,1,1,1,2,2,2,1,1,2,2,1,1,1,1,1,1,1,1,2,2,1,1,1,1,1,1,1,1,1,1,1,1,1
549,5,5,5,5,5,5,5,5,1,1,40.0,,5.0,,4.0,4.0,2.0,,,,6.0,,,,1.0,,2.0,4.0,5.0,6.0,,,,,,,15.0,,,1.0,,,3.0,,1.0,5.0,,1.0,1.0,1.0,1.0,1.0,1.0,1.0,1.0,1.0,1.0,,,,,,,6,3,3,3,1,3,5,5,3,2,80.0,80.0,85.0,90.0,85.0,90.0,90.0,85.0,20.0,20.0,1,1,2,1,1,1,1,1,1,1,1,1,1,1,1,1,1,1,1,1,1,1,1,1,1,1,1,1,1,1,1,1,1,1,1,1,1,1,1,1
1626,5,5,5,5,5,5,5,5,1,1,30.0,,5.0,,4.0,4.0,3.0,,,,,6.0,,,1.0,,2.0,2.0,5.0,5.0,,,,,,,15.0,,1.0,,,,3.0,,1.0,,5.0,,,,,,,,,,,1.0,1.0,1.0,1.0,1.0,1.0,6,3,3,3,2,4,5,5,3,2,75.0,75.0,80.0,80.0,75.0,80.0,80.0,75.0,25.0,25.0,1,2,1,1,1,2,1,2,1,2,1,1,2,2,2,1,2,1,1,1,1,1,1,2,1,1,2,1,2,2,1,1,2,1,2,2,2,1,2,2
1755,5,5,5,2,3,5,5,2,2,2,40.0,,5.0,,3.0,4.0,3.0,,,,,6.0,,,1.0,,2.0,,,,4.0,5.0,5.0,,,,10.0,,1.0,,3.0,,,,1.0,,5.0,1.0,1.0,1.0,1.0,1.0,1.0,1.0,1.0,1.0,1.0,,,,,,,6,3,3,3,1,3,5,5,3,2,70.0,70.0,70.0,30.0,40.0,70.0,70.0,30.0,30.0,30.0,2,1,1,1,2,1,1,2,2,2,2,1,2,1,2,1,1,2,1,2,2,1,1,1,1,2,2,2,2,1,2,2,2,1,2,2,1,2,2,2
1149,5,5,5,5,5,5,5,5,1,2,,30.0,,6.0,,,,6.0,5.0,2.0,,7.0,,,1.0,,2.0,,,,5.0,5.0,6.0,,,,18.0,,,1.0,5.0,,,,1.0,5.0,,,,,,,,,,,,1.0,1.0,1.0,1.0,1.0,1.0,6,3,3,3,2,4,5,5,3,2,85.0,80.0,85.0,90.0,85.0,90.0,90.0,80.0,20.0,30.0,1,1,1,1,1,1,1,1,1,1,1,1,1,1,1,1,1,1,1,1,1,1,1,1,1,1,1,1,1,1,1,1,1,1,1,1,1,1,1,1
2020,4,4,4,2,3,4,4,2,2,2,,30.0,4.0,,,,,5.0,4.0,2.0,6.0,,1.0,54.0,,,2.0,,,,2.0,5.0,5.0,,,,,15.0,1.0,,,4.0,,1.0,,,5.0,,,,,,,,,,,1.0,1.0,1.0,1.0,1.0,1.0,6,3,3,3,2,5,5,5,3,2,60.0,55.0,55.0,40.0,45.0,50.0,50.0,35.0,30.0,30.0,2,2,1,1,2,2,1,2,1,1,2,2,1,1,1,2,2,1,2,1,1,2,1,1,2,1,2,1,1,1,1,2,2,1,1,1,1,1,1,2
51,5,4,5,4,4,5,5,4,2,2,40.0,,,2.0,4.0,3.0,3.0,,,,,6.0,1.0,54.0,,,2.0,,,,,,,4.0,5.0,5.0,8.0,,,1.0,,,3.0,,1.0,5.0,,1.0,1.0,1.0,1.0,1.0,1.0,1.0,1.0,1.0,1.0,,,,,,,6,2,3,3,1,3,5,5,3,2,70.0,65.0,75.0,60.0,55.0,70.0,75.0,50.0,40.0,45.0,1,2,1,1,2,1,1,1,1,1,1,1,1,1,1,1,1,1,1,1,2,1,1,1,1,2,1,1,1,1,1,1,1,1,1,1,1,1,1,1
253,5,5,5,5,5,5,5,5,2,2,30.0,,4.0,,,,,5.0,4.0,2.0,6.0,,1.0,54.0,,,2.0,,,,,,,4.0,5.0,5.0,10.0,,,2.0,4.0,,,2.0,,5.0,,,,,,,,,,,,1.0,1.0,1.0,1.0,1.0,1.0,6,2,3,3,2,4,5,5,3,2,80.0,75.0,85.0,80.0,75.0,80.0,85.0,70.0,40.0,40.0,1,2,1,2,1,2,1,1,1,2,2,1,1,2,1,1,1,2,1,2,1,1,1,2,1,1,2,1,1,1,1,1,1,1,1,1,1,2,1,1
320,5,5,5,5,5,5,5,5,1,1,,30.0,,2.0,,,,5.0,4.0,2.0,,6.0,1.0,54.0,,,2.0,,,,,,,4.0,5.0,5.0,15.0,,,1.0,,,3.0,,1.0,,5.0,,,,,,,,,,,1.0,1.0,1.0,1.0,1.0,1.0,5,3,2,3,3,5,5,5,3,2,85.0,80.0,90.0,85.0,80.0,85.0,90.0,80.0,20.0,20.0,2,2,2,1,2,2,2,2,1,1,1,2,1,1,1,1,1,2,2,2,2,2,2,2,1,1,2,2,2,2,2,2,2,2,2,2,2,2,2,2
1653,4,4,4,3,3,4,4,3,2,2,35.0,,,2.0,,,,5.0,4.0,2.0,,6.0,1.0,15.0,,,2.0,4.0,4.0,5.0,,,,,,,,15.0,1.0,,4.0,,,1.0,,5.0,,,,,,,,,,,,1.0,1.0,1.0,1.0,1.0,1.0,6,3,3,3,3,5,5,5,3,2,65.0,60.0,60.0,50.0,50.0,60.0,60.0,50.0,40.0,40.0,1,2,1,1,2,1,1,1,1,1,1,2,1,1,1,2,2,1,1,1,1,1,1,1,1,2,2,1,1,2,2,1,1,2,1,1,1,1,1,2
1720,5,5,5,5,5,5,5,5,2,2,30.0,,4.0,,3.0,4.0,5.0,,,,,6.0,1.0,54.0,,,2.0,,,,,,,3.0,5.0,5.0,,15.0,,1.0,4.0,,,,1.0,,5.0,1.0,1.0,1.0,1.0,1.0,1.0,1.0,1.0,1.0,1.0,,,,,,,6,3,3,3,2,5,6,6,3,2,80.0,75.0,85.0,80.0,75.0,80.0,85.0,70.0,40.0,40.0,1,1,1,1,1,1,1,1,1,1,1,1,1,1,1,1,1,1,1,1,1,1,1,1,1,1,1,1,1,1,1,1,1,1,1,1,1,1,1,1
975,5,5,5,5,5,5,5,5,1,1,,30.0,5.0,,4.0,4.0,3.0,,,,,6.0,1.0,54.0,,,2.0,2.0,5.0,5.0,,,,,,,15.0,,1.0,,,4.0,,1.0,,6.0,,1.0,1.0,1.0,1.0,1.0,1.0,1.0,1.0,1.0,1.0,,,,,,,6,3,3,3,1,3,6,6,3,2,75.0,75.0,80.0,80.0,75.0,80.0,80.0,75.0,25.0,25.0,1,2,1,1,2,1,2,2,1,1,2,2,2,1,1,2,1,2,1,1,1,2,1,1,2,1,2,1,2,1,2,1,1,1,2,2,1,1,1,2
90,5,5,5,5,5,5,5,5,1,1,,30.0,5.0,,5.0,4.0,5.0,,,,6.0,,,,1.0,,2.0,4.0,5.0,6.0,,,,,,,,15.0,,1.0,,4.0,,1.0,,,6.0,,,,,,,,,,,1.0,1.0,1.0,1.0,1.0,1.0,6,3,3,3,2,4,5,5,4,2,70.0,70.0,80.0,80.0,80.0,80.0,80.0,70.0,20.0,20.0,1,1,1,1,1,1,1,1,1,1,1,1,1,1,1,1,1,1,1,1,1,1,1,1,1,1,1,1,1,1,1,1,1,1,1,1,1,1,1,1
806,5,5,5,5,5,5,5,5,1,1,,15.0,5.0,,4.0,3.0,2.0,,,,,6.0,1.0,54.0,,1.0,,,,,5.0,5.0,6.0,,,,,15.0,1.0,,,5.0,,,1.0,6.0,,,,,,,,,,,,1.0,1.0,1.0,1.0,1.0,1.0,6,3,3,3,2,5,5,5,4,2,75.0,75.0,80.0,80.0,75.0,80.0,80.0,75.0,20.0,20.0,1,1,2,1,2,1,2,1,1,2,1,1,1,1,1,1,1,1,1,1,1,1,2,2,1,1,2,1,1,1,1,1,1,1,1,1,2,2,1,1
292,5,5,5,5,5,5,5,5,1,1,30.0,,5.0,,,,,5.0,4.0,2.0,,6.0,,,1.0,1.0,,,,,,,,4.0,5.0,5.0,15.0,,1.0,,,,3.0,2.0,,5.0,,1.0,1.0,1.0,1.0,1.0,1.0,1.0,1.0,1.0,1.0,,,,,,,6,3,2,2,2,5,6,6,4,2,75.0,75.0,75.0,75.0,75.0,75.0,75.0,75.0,25.0,25.0,2,1,1,1,2,1,2,1,2,2,1,1,2,1,1,1,1,2,2,1,2,2,1,1,2,2,1,1,1,2,1,2,1,1,1,1,1,2,2,1
668,4,4,4,2,3,4,4,2,2,2,,30.0,,2.0,3.0,4.0,3.0,,,,,6.0,,,1.0,,2.0,3.0,5.0,5.0,,,,,,,,15.0,,1.0,,,3.0,2.0,,5.0,,,,,,,,,,,,1.0,1.0,1.0,1.0,1.0,1.0,6,3,3,3,3,4,4,4,3,2,65.0,65.0,65.0,40.0,40.0,50.0,50.0,30.0,30.0,30.0,1,1,2,2,1,1,1,2,2,1,2,2,2,1,2,1,1,1,2,1,2,1,2,1,1,1,2,2,2,1,1,2,2,1,1,2,2,2,2,2
107,4,4,4,2,3,4,4,2,2,2,,30.0,5.0,,,,,5.0,4.0,2.0,6.0,,1.0,54.0,,1.0,,,,,4.0,5.0,5.0,,,,,12.0,1.0,,4.0,,,,1.0,5.0,,,,,,,,,,,,1.0,1.0,1.0,1.0,1.0,1.0,6,3,3,3,1,3,5,5,3,2,60.0,55.0,55.0,30.0,40.0,50.0,50.0,30.0,30.0,30.0,1,2,1,1,1,1,1,1,1,1,1,1,1,1,2,2,2,1,2,1,2,1,1,1,1,1,1,2,1,1,1,2,2,2,1,1,1,2,2,2
1692,5,5,5,5,5,5,5,5,2,2,30.0,,,2.0,,,,5.0,4.0,2.0,,6.0,,,1.0,1.0,,,,,,,,2.0,5.0,5.0,15.0,,,1.0,,4.0,,,1.0,,5.0,,,,,,,,,,,1.0,1.0,1.0,1.0,1.0,1.0,6,2,3,3,1,3,5,5,3,2,75.0,70.0,80.0,85.0,80.0,85.0,90.0,70.0,40.0,40.0,1,1,1,2,1,2,2,1,2,1,2,1,1,2,2,1,1,2,2,1,1,2,2,1,1,1,1,2,1,1,2,1,1,2,1,1,2,1,1,1
1268,5,5,5,5,5,5,5,4,2,2,,30.0,,2.0,5.0,3.0,4.0,,,,6.0,,,,1.0,1.0,,2.0,5.0,5.0,,,,,,,,10.0,1.0,,,,3.0,2.0,,,5.0,,,,,,,,,,,1.0,1.0,1.0,1.0,1.0,1.0,6,2,3,3,1,3,5,5,3,2,80.0,75.0,85.0,70.0,65.0,75.0,80.0,60.0,40.0,40.0,1,2,1,1,1,2,1,1,2,2,1,1,2,2,2,1,1,1,2,1,1,1,1,1,1,1,1,1,1,1,1,1,1,1,1,1,2,1,1,2
1474,5,5,5,5,5,5,5,5,1,1,30.0,,5.0,,,,,4.0,4.0,2.0,,6.0,1.0,54.0,,1.0,,,,,5.0,5.0,5.0,,,,15.0,,,1.0,4.0,,,1.0,,5.0,,,,,,,,,,,,1.0,1.0,1.0,1.0,1.0,1.0,6,3,3,3,2,4,5,5,3,2,85.0,85.0,85.0,85.0,85.0,85.0,85.0,85.0,15.0,15.0,1,1,2,1,2,1,1,1,2,1,1,2,1,1,1,1,1,1,1,2,2,1,2,1,1,1,2,2,1,1,2,2,1,2,1,1,1,1,2,1
1507,5,5,5,2,3,5,5,2,2,2,35.0,,,2.0,,,,5.0,4.0,2.0,6.0,,1.0,54.0,,1.0,,,,,4.0,5.0,5.0,,,,,15.0,1.0,,,,3.0,2.0,,5.0,,1.0,1.0,1.0,1.0,1.0,1.0,1.0,1.0,1.0,1.0,,,,,,,6,3,3,3,1,3,6,6,3,2,75.0,75.0,75.0,40.0,50.0,70.0,70.0,40.0,40.0,40.0,1,1,1,1,1,1,1,1,1,1,1,1,1,1,1,1,1,1,1,1,1,1,1,1,1,1,1,1,1,1,1,1,1,1,1,1,1,1,1,1
2011,4,4,4,4,4,4,4,4,2,2,,30.0,5.0,,4.0,3.0,3.0,,,,6.0,,1.0,54.0,,,2.0,3.0,5.0,5.0,,,,,,,,15.0,,2.0,,,3.0,,1.0,,5.0,1.0,1.0,1.0,1.0,1.0,1.0,1.0,1.0,1.0,1.0,,,,,,,6,3,2,2,2,4,5,5,3,2,65.0,65.0,65.0,65.0,65.0,65.0,65.0,65.0,35.0,35.0,2,1,2,1,2,1,1,1,2,2,2,1,2,1,2,1,2,1,2,1,2,1,1,1,1,1,1,1,1,1,1,1,1,1,1,1,1,1,1,1
60,5,5,5,2,3,5,5,4,1,1,,30.0,,2.0,4.0,3.0,5.0,,,,6.0,,,,1.0,,2.0,,,,4.0,5.0,5.0,,,,,15.0,1.0,,,,3.0,2.0,,,5.0,,,,,,,,,,,1.0,1.0,1.0,1.0,1.0,1.0,6,3,2,2,2,4,5,5,3,2,70.0,70.0,75.0,40.0,50.0,70.0,70.0,50.0,30.0,30.0,1,2,1,2,1,1,2,2,2,1,2,1,1,1,2,2,1,1,2,1,1,1,2,2,1,1,2,1,2,1,2,2,1,1,1,1,2,1,1,1
985,5,5,5,5,5,5,5,5,1,1,30.0,,5.0,,,,,5.0,4.0,2.0,,6.0,1.0,54.0,,,2.0,,,,4.0,5.0,5.0,,,,5.0,,1.0,,,4.0,,,1.0,5.0,,,,,,,,,,,,1.0,1.0,1.0,1.0,1.0,1.0,6,3,3,3,3,5,5,5,3,2,75.0,75.0,80.0,80.0,75.0,80.0,80.0,75.0,20.0,20.0,1,1,2,1,2,1,1,2,1,1,2,1,2,1,1,1,2,1,1,1,1,1,1,2,1,1,1,1,2,1,2,1,1,1,2,1,1,1,1,1
1484,5,5,5,1,1,1,5,1,1,1,30.0,,5.0,,3.0,3.0,2.0,,,,,6.0,1.0,54.0,,,2.0,,,,4.0,5.0,5.0,,,,,15.0,,2.0,,,3.0,1.0,,,5.0,,,,,,,,,,,1.0,1.0,1.0,1.0,1.0,1.0,6,3,2,3,2,4,5,5,3,2,70.0,70.0,70.0,30.0,30.0,30.0,70.0,30.0,30.0,30.0,2,2,1,2,1,2,2,2,2,2,2,1,1,1,2,2,1,1,2,2,2,2,2,1,1,1,2,1,2,1,1,2,1,2,2,1,2,1,1,2
1662,4,4,4,4,4,4,4,4,2,2,,30.0,5.0,,3.0,3.0,4.0,,,,,6.0,1.0,54.0,,,2.0,3.0,5.0,5.0,,,,,,,15.0,,,1.0,4.0,,,,1.0,,5.0,1.0,1.0,1.0,1.0,1.0,1.0,1.0,1.0,1.0,1.0,,,,,,,6,3,3,3,2,5,5,5,3,2,70.0,70.0,70.0,60.0,60.0,60.0,70.0,60.0,40.0,40.0,1,1,2,2,1,1,1,2,1,2,1,2,2,1,1,2,1,1,2,2,2,1,2,1,1,2,2,1,1,1,2,1,2,1,2,1,1,1,1,2
1298,5,5,5,5,5,5,5,5,1,1,,30.0,,5.0,,,,4.0,3.0,2.0,,6.0,,,1.0,1.0,,4.0,5.0,5.0,,,,,,,,10.0,,1.0,6.0,,,,1.0,,6.0,1.0,1.0,1.0,1.0,1.0,1.0,1.0,1.0,1.0,1.0,,,,,,,6,3,2,2,1,3,6,6,4,2,75.0,75.0,80.0,85.0,80.0,85.0,85.0,80.0,20.0,20.0,1,1,1,1,1,1,1,1,1,1,1,1,1,1,1,1,1,1,1,1,1,1,1,1,1,1,1,1,1,1,1,1,1,1,1,1,1,1,1,1
1711,5,5,5,5,5,5,5,5,1,1,30.0,,,2.0,,,,5.0,4.0,2.0,6.0,,,,1.0,,2.0,,,,4.0,5.0,6.0,,,,5.0,,,1.0,4.0,,,,1.0,,5.0,,,,,,,,,,,1.0,1.0,1.0,1.0,1.0,1.0,6,3,3,3,2,5,5,5,3,2,70.0,70.0,80.0,80.0,80.0,80.0,80.0,70.0,20.0,20.0,1,1,2,2,1,1,1,1,1,2,1,2,1,2,2,1,1,2,1,2,1,1,1,1,1,1,1,1,1,1,1,1,1,1,1,1,1,1,1,1
262,4,4,4,2,3,2,4,2,4,2,,30.0,5.0,,4.0,3.0,3.0,,,,6.0,,1.0,54.0,,,2.0,,,,4.0,5.0,5.0,,,,,12.0,1.0,,4.0,,,1.0,,,5.0,1.0,1.0,1.0,1.0,1.0,1.0,1.0,1.0,1.0,1.0,,,,,,,6,3,3,3,2,4,5,5,3,2,65.0,60.0,65.0,40.0,50.0,40.0,60.0,30.0,50.0,30.0,2,2,1,2,1,2,2,2,2,2,2,2,2,2,2,2,2,1,1,1,1,1,1,1,1,1,1,1,1,1,1,1,1,1,1,1,1,1,1,1
698,5,5,5,5,5,5,5,5,2,2,,30.0,5.0,,,,,4.0,4.0,2.0,6.0,,,,1.0,1.0,,,,,5.0,5.0,6.0,,,,,15.0,1.0,,,4.0,,,1.0,,6.0,1.0,1.0,1.0,1.0,1.0,1.0,1.0,1.0,1.0,1.0,,,,,,,7,3,3,3,1,3,6,6,3,2,75.0,75.0,80.0,85.0,80.0,85.0,90.0,80.0,40.0,40.0,1,1,1,1,1,1,1,2,1,2,2,1,1,1,1,1,1,1,1,1,1,1,1,1,1,1,1,1,1,1,1,1,1,1,1,1,1,1,1,2
311,5,5,5,4,4,5,5,4,2,2,40.0,,5.0,,,,,5.0,4.0,2.0,,6.0,1.0,54.0,,,2.0,3.0,5.0,5.0,,,,,,,,15.0,1.0,,,,3.0,1.0,,,5.0,1.0,1.0,1.0,1.0,1.0,1.0,1.0,1.0,1.0,1.0,,,,,,,6,3,3,3,3,5,5,5,3,2,75.0,70.0,80.0,65.0,60.0,75.0,80.0,55.0,40.0,40.0,1,1,1,1,1,1,1,2,2,1,1,1,1,1,1,1,1,1,1,1,1,1,1,1,1,1,1,1,1,1,1,1,1,1,1,1,1,1,1,1
944,5,5,5,4,4,5,5,4,2,2,30.0,,,2.0,,,,5.0,4.0,2.0,,6.0,,,1.0,1.0,,,,,,,,2.0,5.0,5.0,,15.0,1.0,,4.0,,,2.0,,5.0,,1.0,1.0,1.0,1.0,1.0,1.0,1.0,1.0,1.0,1.0,,,,,,,6,3,3,3,1,5,5,5,3,2,75.0,70.0,80.0,60.0,55.0,70.0,75.0,50.0,40.0,40.0,1,1,2,2,1,1,2,1,1,1,2,1,2,1,2,1,1,2,2,1,1,2,1,1,1,2,1,2,2,2,1,2,1,2,1,2,2,2,1,1
837,5,5,5,5,5,5,5,5,1,1,,20.0,5.0,,4.0,4.0,2.0,,,,6.0,,1.0,54.0,,,2.0,,,,5.0,5.0,6.0,,,,5.0,,1.0,,,4.0,,1.0,,,6.0,1.0,1.0,1.0,1.0,1.0,1.0,1.0,1.0,1.0,1.0,,,,,,,6,3,3,3,2,5,5,5,3,2,80.0,80.0,80.0,80.0,80.0,80.0,80.0,80.0,20.0,20.0,1,1,2,1,2,1,1,1,2,2,2,1,2,1,2,1,1,2,1,2,1,2,1,1,2,1,2,1,2,1,2,1,1,1,1,2,1,1,1,1
1259,5,5,5,3,3,4,5,3,2,2,40.0,,2.0,,3.0,4.0,5.0,,,,,6.0,,,1.0,1.0,,,,,5.0,5.0,6.0,,,,15.0,,1.0,,,4.0,,,1.0,,5.0,1.0,1.0,1.0,1.0,1.0,1.0,1.0,1.0,1.0,1.0,,,,,,,6,3,3,3,3,5,6,6,3,2,70.0,65.0,70.0,50.0,50.0,40.0,70.0,40.0,30.0,30.0,1,1,2,1,1,2,1,2,1,2,1,2,1,1,1,2,1,1,2,1,2,1,1,1,1,1,2,1,2,1,1,1,2,2,1,1,1,1,2,2
1445,5,5,5,4,4,5,5,4,2,2,,30.0,,2.0,5.0,3.0,2.0,,,,6.0,,,,1.0,1.0,,3.0,5.0,5.0,,,,,,,,15.0,,1.0,,4.0,,,1.0,5.0,,,,,,,,,,,,1.0,1.0,1.0,1.0,1.0,1.0,6,3,3,3,2,4,5,5,3,2,70.0,65.0,75.0,50.0,55.0,70.0,70.0,50.0,30.0,30.0,1,1,1,2,1,2,2,1,2,1,2,1,2,2,1,1,2,1,1,1,1,1,1,1,1,1,1,1,1,1,1,1,1,1,1,1,1,1,1,1
1536,4,4,4,4,4,4,4,4,2,2,,30.0,,2.0,4.0,3.0,3.0,,,,,6.0,1.0,54.0,,1.0,,,,,4.0,5.0,5.0,,,,15.0,,1.0,,,,3.0,,1.0,,5.0,,,,,,,,,,,1.0,1.0,1.0,1.0,1.0,1.0,6,3,3,3,1,3,5,5,3,2,65.0,60.0,65.0,60.0,55.0,60.0,65.0,55.0,40.0,40.0,1,1,2,1,1,1,2,1,2,2,1,2,1,1,1,2,1,1,1,1,1,1,2,2,1,1,2,1,1,1,1,2,1,2,1,1,2,1,2,1
659,5,5,5,4,4,5,5,4,2,3,,30.0,,2.0,5.0,4.0,3.0,,,,,6.0,,,1.0,,2.0,,,,,,,4.0,5.0,6.0,15.0,,1.0,,,4.0,,2.0,,5.0,,,,,,,,,,,,1.0,1.0,1.0,1.0,1.0,1.0,6,3,3,3,2,4,5,5,3,2,70.0,65.0,75.0,55.0,50.0,70.0,70.0,50.0,40.0,45.0,1,2,2,1,2,1,2,2,2,2,1,2,1,1,1,1,1,1,1,1,1,1,1,1,1,1,1,1,1,1,1,1,1,1,1,1,1,1,1,1
136,4,4,4,4,4,4,4,4,2,2,40.0,,4.0,,,,,5.0,4.0,2.0,6.0,,1.0,54.0,,,2.0,,,,,,,4.0,5.0,6.0,15.0,,1.0,,,4.0,,1.0,,,5.0,1.0,1.0,1.0,1.0,1.0,1.0,1.0,1.0,1.0,1.0,,,,,,,6,2,3,3,2,4,4,4,3,2,65.0,65.0,65.0,65.0,65.0,65.0,65.0,65.0,35.0,35.0,1,2,1,2,2,1,2,1,1,1,1,2,1,2,1,2,2,1,2,1,2,1,1,1,2,1,1,2,1,2,2,1,1,1,2,1,1,2,1,1
931,5,5,5,4,4,5,5,4,2,3,,30.0,4.0,,,,,5.0,4.0,2.0,6.0,,,,1.0,,2.0,,,,2.0,5.0,5.0,,,,15.0,,,2.0,3.0,,,,1.0,,5.0,,,,,,,,,,,1.0,1.0,1.0,1.0,1.0,1.0,6,3,3,3,1,3,5,5,3,2,70.0,70.0,75.0,60.0,60.0,70.0,70.0,60.0,40.0,50.0,2,2,2,1,1,2,2,1,2,2,1,2,2,1,1,1,2,2,2,1,1,2,2,2,1,2,1,2,1,1,1,2,1,2,1,2,2,1,1,2
842,5,5,5,5,5,5,5,5,2,2,30.0,,,2.0,,,,5.0,4.0,2.0,,6.0,1.0,54.0,,,2.0,4.0,5.0,5.0,,,,,,,15.0,,1.0,,4.0,,,1.0,,5.0,,,,,,,,,,,,1.0,1.0,1.0,1.0,1.0,1.0,6,3,3,3,3,4,5,5,3,2,75.0,75.0,80.0,80.0,75.0,80.0,80.0,70.0,30.0,30.0,1,1,1,2,2,1,2,1,2,1,1,1,2,1,1,2,1,2,2,1,1,2,2,1,1,2,1,1,2,1,1,1,1,2,1,2,2,1,2,1
1430,4,4,4,2,3,3,4,2,1,1,40.0,,4.0,,4.0,4.0,2.0,,,,,6.0,1.0,15.0,,1.0,,3.0,4.0,5.0,,,,,,,,15.0,1.0,,,3.0,,1.0,,5.0,,1.0,1.0,1.0,1.0,1.0,1.0,1.0,1.0,1.0,1.0,,,,,,,6,3,2,2,1,5,6,6,3,2,70.0,70.0,70.0,40.0,40.0,40.0,50.0,30.0,20.0,20.0,2,1,1,1,2,1,1,2,1,2,1,2,1,1,2,2,2,1,1,1,1,1,1,1,2,1,1,1,2,1,2,1,2,2,2,1,1,2,1,1
1543,5,5,5,4,4,5,5,4,2,3,,30.0,,2.0,,,,5.0,4.0,2.0,6.0,,,,1.0,1.0,,,,,,,,4.0,5.0,5.0,7.0,,1.0,,,,3.0,1.0,,,5.0,,,,,,,,,,,1.0,1.0,1.0,1.0,1.0,1.0,6,3,2,3,2,5,6,5,4,2,75.0,70.0,80.0,65.0,60.0,75.0,70.0,60.0,40.0,50.0,1,1,1,1,2,2,1,1,1,1,2,1,2,1,2,1,1,2,1,1,1,1,1,1,2,1,2,1,2,1,1,2,1,1,1,1,1,2,1,1
143,5,5,5,5,5,5,5,5,2,2,30.0,,5.0,,4.0,3.0,5.0,,,,,6.0,1.0,54.0,,1.0,,4.0,5.0,5.0,,,,,,,,10.0,1.0,,,4.0,,,1.0,,5.0,1.0,1.0,1.0,1.0,1.0,1.0,1.0,1.0,1.0,1.0,,,,,,,6,3,3,3,2,4,5,5,3,2,75.0,70.0,80.0,85.0,80.0,75.0,80.0,70.0,40.0,40.0,2,2,1,2,1,1,2,2,1,1,1,2,2,1,2,2,1,1,2,1,2,2,1,2,2,1,2,2,2,1,2,2,1,1,2,2,1,2,2,2
15,5,5,5,4,4,5,5,4,2,2,65.0,,5.0,,4.0,4.0,3.0,,,,6.0,,,,1.0,,2.0,,,,,,,4.0,5.0,5.0,,15.0,,1.0,4.0,,,,1.0,,5.0,1.0,1.0,1.0,1.0,1.0,1.0,1.0,1.0,1.0,1.0,,,,,,,6,3,2,3,1,3,5,5,3,2,75.0,70.0,80.0,60.0,55.0,70.0,75.0,60.0,40.0,40.0,1,1,1,1,1,1,1,1,1,1,1,1,1,1,1,1,1,1,1,1,1,1,1,1,1,1,1,1,1,1,1,1,1,1,1,1,1,1,1,1
883,5,5,5,5,5,5,5,4,2,2,30.0,,,2.0,,,,5.0,4.0,2.0,6.0,,1.0,54.0,,1.0,,2.0,5.0,5.0,,,,,,,15.0,,,1.0,,,3.0,,1.0,5.0,,1.0,1.0,1.0,1.0,1.0,1.0,1.0,1.0,1.0,1.0,,,,,,,6,3,3,3,1,3,5,5,3,2,70.0,70.0,75.0,70.0,65.0,70.0,70.0,60.0,40.0,40.0,1,2,1,2,1,1,1,1,1,1,1,2,1,2,1,2,1,1,1,2,1,1,1,1,2,2,2,1,1,2,1,2,2,2,1,2,1,1,2,1
1879,5,4,5,2,3,3,5,2,1,1,30.0,,,2.0,,,,5.0,4.0,2.0,,6.0,1.0,54.0,,,2.0,2.0,5.0,5.0,,,,,,,,10.0,2.0,,4.0,,,1.0,,,5.0,,,,,,,,,,,1.0,1.0,1.0,1.0,1.0,1.0,6,3,3,3,1,4,5,5,3,2,70.0,60.0,75.0,40.0,50.0,50.0,70.0,30.0,20.0,20.0,2,2,1,1,1,1,2,2,1,2,2,1,2,1,2,1,1,2,1,2,1,1,1,1,2,1,1,2,2,1,1,1,2,1,1,2,1,2,1,1
1617,4,4,5,4,4,5,5,3,2,2,40.0,,5.0,,,,,5.0,4.0,2.0,6.0,,1.0,15.0,,,2.0,4.0,5.0,5.0,,,,,,,18.0,,,1.0,,,3.0,1.0,,,5.0,,,,,,,,,,,1.0,1.0,1.0,1.0,1.0,1.0,6,3,3,3,3,5,6,6,3,2,65.0,60.0,70.0,55.0,50.0,70.0,75.0,40.0,30.0,35.0,1,1,2,2,2,2,1,2,1,2,1,1,1,2,1,1,1,1,1,1,1,1,1,2,2,1,1,2,1,1,1,1,1,1,1,1,1,2,1,1
1764,5,5,5,5,5,5,5,5,1,1,,30.0,4.0,,5.0,4.0,3.0,,,,6.0,,,,1.0,1.0,,3.0,5.0,6.0,,,,,,,,10.0,1.0,,,3.0,,,1.0,5.0,,1.0,1.0,1.0,1.0,1.0,1.0,1.0,1.0,1.0,1.0,,,,,,,7,3,3,3,1,5,6,6,3,2,80.0,80.0,85.0,85.0,80.0,85.0,85.0,80.0,20.0,20.0,1,1,1,2,1,1,2,1,2,2,1,1,1,1,1,1,1,1,2,2,1,1,1,1,1,1,1,1,1,2,1,2,2,1,2,1,1,1,1,2
1178,5,5,5,5,5,5,5,5,2,2,30.0,,,2.0,,,,4.0,3.0,2.0,,6.0,1.0,54.0,,,2.0,,,,,,,4.0,5.0,6.0,15.0,,,1.0,,,3.0,1.0,,,5.0,,,,,,,,,,,1.0,1.0,1.0,1.0,1.0,1.0,6,3,3,3,3,4,5,5,3,2,75.0,70.0,80.0,75.0,70.0,80.0,75.0,70.0,40.0,40.0,1,1,1,1,1,1,1,1,1,1,1,1,1,1,1,1,1,1,1,1,1,1,1,1,1,1,1,1,1,1,1,1,1,1,1,1,1,1,1,1
1582,4,4,5,5,5,5,5,5,2,2,40.0,,,2.0,4.0,3.0,3.0,,,,6.0,,,,1.0,1.0,,4.0,5.0,5.0,,,,,,,,15.0,,1.0,,,3.0,2.0,,5.0,,1.0,1.0,1.0,1.0,1.0,1.0,1.0,1.0,1.0,1.0,,,,,,,6,3,3,3,2,4,5,5,3,2,70.0,70.0,80.0,80.0,75.0,80.0,80.0,70.0,40.0,40.0,1,2,2,2,1,1,2,2,2,1,1,2,1,2,1,1,1,1,1,1,1,2,1,1,1,2,1,2,2,1,1,2,1,2,2,1,2,2,1,1
217,4,4,4,2,3,4,4,2,1,1,40.0,,4.0,,4.0,5.0,2.0,,,,6.0,,,,1.0,1.0,,,,,,,,4.0,5.0,5.0,5.0,,1.0,,4.0,,,1.0,,5.0,,1.0,1.0,1.0,1.0,1.0,1.0,1.0,1.0,1.0,1.0,,,,,,,6,3,2,2,2,5,5,5,3,2,60.0,60.0,60.0,40.0,40.0,60.0,60.0,40.0,20.0,20.0,2,1,1,2,2,2,1,1,2,1,2,2,2,1,1,2,1,2,1,2,1,1,2,2,1,1,2,2,1,1,2,1,1,1,1,2,1,1,2,1
364,5,5,5,5,5,5,5,5,2,2,30.0,,4.0,,5.0,4.0,6.0,,,,6.0,,,,1.0,1.0,,,,,,,,5.0,5.0,6.0,,15.0,1.0,,5.0,,,,1.0,,5.0,,,,,,,,,,,1.0,1.0,1.0,1.0,1.0,1.0,6,3,3,3,2,4,6,6,3,2,80.0,75.0,80.0,70.0,65.0,75.0,70.0,60.0,30.0,30.0,1,1,1,1,1,2,1,1,1,1,2,1,1,1,1,1,1,1,1,1,1,1,1,1,1,2,1,1,1,1,1,1,1,1,1,1,1,1,1,1
578,5,5,5,5,5,5,5,5,1,1,,20.0,,2.0,3.0,4.0,3.0,,,,,6.0,,,1.0,1.0,,,,,5.0,5.0,6.0,,,,15.0,,,1.0,,,3.0,,1.0,,6.0,,,,,,,,,,,1.0,1.0,1.0,1.0,1.0,1.0,6,3,2,2,2,5,6,6,4,2,75.0,75.0,80.0,80.0,80.0,80.0,80.0,75.0,25.0,25.0,2,2,2,2,2,2,2,2,1,2,2,1,1,2,2,2,2,1,1,2,2,1,1,1,2,1,1,1,1,1,1,2,2,2,2,1,2,2,1,1
182,4,4,4,2,3,4,4,2,1,1,,30.0,5.0,,3.0,4.0,3.0,,,,,6.0,,,1.0,1.0,,,,,,,,4.0,5.0,5.0,15.0,,1.0,,,4.0,,1.0,,,5.0,1.0,1.0,1.0,1.0,1.0,1.0,1.0,1.0,1.0,1.0,,,,,,,6,3,3,3,3,5,5,5,3,2,65.0,65.0,65.0,40.0,40.0,50.0,50.0,30.0,20.0,20.0,2,1,2,2,1,1,2,2,1,1,1,1,2,1,1,2,1,2,2,1,1,1,1,1,1,2,2,2,1,1,1,1,1,1,1,2,2,1,1,2
1549,4,4,5,4,4,5,5,4,2,2,,35.0,,2.0,,,,4.0,4.0,2.0,6.0,,1.0,54.0,,,2.0,,,,,,,4.0,5.0,5.0,12.0,,,1.0,4.0,,,1.0,,5.0,,1.0,1.0,1.0,1.0,1.0,1.0,1.0,1.0,1.0,1.0,,,,,,,6,3,3,3,2,4,4,4,3,2,70.0,65.0,80.0,60.0,55.0,75.0,80.0,50.0,40.0,45.0,1,1,1,1,1,1,2,2,1,2,1,1,1,1,2,1,1,1,2,1,1,1,2,1,2,1,1,1,2,1,2,1,1,1,1,2,1,1,1,1
1226,5,5,5,5,5,5,5,5,1,1,,30.0,5.0,,3.0,4.0,5.0,,,,,6.0,1.0,54.0,,,2.0,,,,,,,5.0,5.0,6.0,15.0,,1.0,,4.0,,,1.0,,5.0,,1.0,1.0,1.0,1.0,1.0,1.0,1.0,1.0,1.0,1.0,,,,,,,6,3,3,3,2,5,5,5,3,2,80.0,80.0,85.0,85.0,80.0,85.0,85.0,80.0,20.0,20.0,1,1,1,1,1,2,1,2,1,1,1,2,1,2,1,1,1,2,1,1,1,1,1,1,2,1,1,1,1,1,1,1,1,1,2,1,1,2,1,1
1355,5,5,5,5,5,5,5,5,1,1,30.0,,5.0,,5.0,4.0,3.0,,,,,6.0,1.0,54.0,,1.0,,,,,5.0,5.0,6.0,,,,,15.0,,1.0,,,3.0,2.0,,5.0,,1.0,1.0,1.0,1.0,1.0,1.0,1.0,1.0,1.0,1.0,,,,,,,6,3,3,3,3,5,5,5,3,1,75.0,70.0,80.0,75.0,70.0,75.0,80.0,70.0,20.0,20.0,1,1,2,1,2,1,2,1,1,1,1,1,1,1,2,2,1,1,2,2,1,1,1,1,1,1,1,1,1,1,1,1,1,1,1,1,1,2,2,1
149,5,5,5,5,5,5,5,5,2,2,35.0,,5.0,,,,,4.0,5.0,2.0,6.0,,1.0,54.0,,,2.0,4.0,5.0,5.0,,,,,,,15.0,,,1.0,,,3.0,1.0,,5.0,,,,,,,,,,,,1.0,1.0,1.0,1.0,1.0,1.0,6,3,2,3,2,5,5,5,3,2,75.0,80.0,85.0,80.0,75.0,80.0,85.0,70.0,40.0,40.0,1,2,1,1,1,1,2,1,2,1,2,1,1,2,2,1,2,1,1,2,1,2,1,1,2,2,1,1,1,2,1,1,2,2,2,1,2,1,1,1
626,5,4,5,5,5,5,5,5,2,2,30.0,,5.0,,,,,5.0,4.0,2.0,,6.0,1.0,54.0,,,2.0,,,,,,,5.0,5.0,6.0,,15.0,,2.0,,,3.0,,1.0,,5.0,1.0,1.0,1.0,1.0,1.0,1.0,1.0,1.0,1.0,1.0,,,,,,,6,3,3,3,2,5,5,5,3,2,75.0,70.0,80.0,85.0,80.0,80.0,85.0,75.0,40.0,40.0,1,1,2,1,1,2,2,2,2,1,1,1,2,1,1,2,2,1,1,1,1,1,1,1,2,1,1,2,1,2,1,2,2,1,1,1,2,1,2,1
755,5,5,5,5,5,5,5,5,1,1,,30.0,,2.0,5.0,4.0,2.0,,,,6.0,,1.0,54.0,,1.0,,,,,4.0,5.0,6.0,,,,15.0,,,1.0,,,3.0,,1.0,5.0,,,,,,,,,,,,1.0,1.0,1.0,1.0,1.0,1.0,6,3,3,3,2,4,5,5,4,2,75.0,70.0,80.0,85.0,80.0,75.0,85.0,70.0,30.0,30.0,1,1,2,1,1,2,1,2,1,1,1,1,2,1,1,1,2,1,1,1,1,2,1,2,2,1,1,1,1,1,2,1,2,1,1,1,1,1,1,1
848,5,5,5,5,5,5,5,5,1,1,,30.0,6.0,,,,,5.0,4.0,2.0,,6.0,1.0,54.0,,,2.0,4.0,5.0,6.0,,,,,,,,15.0,1.0,,,,3.0,2.0,,5.0,,1.0,1.0,1.0,1.0,1.0,1.0,1.0,1.0,1.0,1.0,,,,,,,6,3,3,3,1,5,6,6,3,2,85.0,80.0,90.0,85.0,80.0,85.0,90.0,75.0,20.0,15.0,1,1,1,1,1,2,1,2,1,1,1,2,2,1,1,2,2,1,1,2,1,1,2,1,2,1,1,2,1,2,1,2,1,1,1,2,1,1,1,1
1394,4,4,4,2,3,4,4,2,2,2,,30.0,,2.0,5.0,4.0,3.0,,,,,6.0,1.0,54.0,,1.0,,2.0,4.0,5.0,,,,,,,15.0,,1.0,,4.0,,,,1.0,5.0,,1.0,1.0,1.0,1.0,1.0,1.0,1.0,1.0,1.0,1.0,,,,,,,6,3,3,3,2,4,5,5,3,2,65.0,60.0,60.0,30.0,40.0,55.0,60.0,30.0,30.0,30.0,1,1,1,1,1,1,1,1,1,1,1,1,1,1,1,1,1,1,1,1,1,1,1,1,1,1,1,1,1,1,1,1,1,1,1,1,1,1,1,1
1588,5,5,5,5,5,5,5,5,1,1,20.0,,,2.0,,,,5.0,4.0,2.0,6.0,,,,1.0,,2.0,2.0,5.0,5.0,,,,,,,,15.0,1.0,,,5.0,,,1.0,,5.0,,,,,,,,,,,1.0,1.0,1.0,1.0,1.0,1.0,6,3,3,3,2,4,5,5,3,2,85.0,80.0,85.0,80.0,75.0,80.0,85.0,75.0,20.0,20.0,2,1,1,2,1,1,1,1,2,1,2,1,1,2,1,1,1,1,1,1,1,1,1,1,2,2,1,1,2,1,1,2,2,1,1,1,1,2,1,1
1001,4,4,4,2,3,4,4,2,3,2,,30.0,4.0,,4.0,3.0,5.0,,,,,6.0,,,1.0,,2.0,,,,,,,4.0,5.0,5.0,,15.0,1.0,,4.0,,,1.0,,,5.0,1.0,1.0,1.0,1.0,1.0,1.0,1.0,1.0,1.0,1.0,,,,,,,6,3,3,3,2,4,5,5,3,2,60.0,55.0,55.0,30.0,40.0,50.0,50.0,30.0,40.0,30.0,1,2,1,2,2,1,1,1,1,2,1,2,2,2,1,1,2,1,2,1,2,1,1,1,2,1,2,2,1,2,1,1,1,2,1,1,2,2,1,2
1172,5,5,5,4,4,5,5,4,2,2,,30.0,6.0,,4.0,3.0,5.0,,,,6.0,,,,1.0,,2.0,,,,,,,4.0,5.0,5.0,15.0,,1.0,,,4.0,,,1.0,5.0,,,,,,,,,,,,1.0,1.0,1.0,1.0,1.0,1.0,6,3,3,3,1,3,5,5,3,2,70.0,65.0,75.0,50.0,55.0,70.0,70.0,50.0,40.0,40.0,2,1,2,1,2,1,1,1,2,1,1,2,2,1,2,2,2,1,2,2,2,1,1,1,1,2,2,2,2,1,1,1,1,1,2,2,2,1,2,2
794,5,5,5,5,5,5,5,5,1,1,30.0,,,2.0,4.0,3.0,3.0,,,,6.0,,1.0,54.0,,,2.0,,,,,,,4.0,5.0,5.0,3.0,,1.0,,,4.0,,,1.0,5.0,,,,,,,,,,,,1.0,1.0,1.0,1.0,1.0,1.0,6,3,3,3,3,5,5,5,3,2,75.0,70.0,80.0,85.0,80.0,85.0,90.0,80.0,20.0,20.0,1,1,2,1,2,2,1,1,1,2,1,1,1,1,1,1,1,1,1,1,1,1,1,1,1,1,1,1,1,1,1,1,1,2,2,1,1,1,2,2
188,4,4,4,4,4,4,4,3,2,2,30.0,,4.0,,,,,5.0,4.0,2.0,,6.0,,,1.0,1.0,,,,,,,,4.0,5.0,5.0,,15.0,1.0,,,4.0,,,1.0,5.0,,,,,,,,,,,,1.0,1.0,1.0,1.0,1.0,1.0,6,3,3,3,2,4,5,5,3,2,60.0,55.0,55.0,50.0,50.0,50.0,50.0,40.0,30.0,30.0,2,2,1,2,1,2,1,2,2,1,2,1,2,1,1,2,1,2,1,2,1,1,2,1,2,2,1,2,1,1,1,1,2,2,2,1,1,1,2,2
401,4,4,4,4,4,4,4,4,2,2,,30.0,5.0,,,,,5.0,4.0,2.0,6.0,,1.0,54.0,,1.0,,2.0,5.0,5.0,,,,,,,,15.0,1.0,,,4.0,,,1.0,5.0,,,,,,,,,,,,1.0,1.0,1.0,1.0,1.0,1.0,6,3,3,3,2,4,5,5,3,2,65.0,65.0,65.0,65.0,65.0,65.0,65.0,65.0,35.0,35.0,1,1,2,1,1,1,2,1,1,1,2,1,1,1,1,1,2,1,1,1,1,2,1,2,1,2,2,2,2,2,1,1,1,2,2,1,1,2,2,1
572,4,4,4,2,3,4,4,3,2,2,,30.0,,5.0,,,,4.0,3.0,2.0,,6.0,1.0,54.0,,1.0,,,,,,,,3.0,5.0,5.0,15.0,,,1.0,,,3.0,,1.0,,5.0,1.0,1.0,1.0,1.0,1.0,1.0,1.0,1.0,1.0,1.0,,,,,,,6,3,3,3,2,5,6,6,3,2,65.0,60.0,60.0,40.0,45.0,55.0,60.0,40.0,35.0,35.0,2,1,1,2,1,2,1,2,1,2,2,1,1,1,2,1,2,1,1,1,1,1,1,1,2,1,1,2,1,2,2,1,1,2,1,1,2,1,1,1
889,5,5,5,5,5,5,5,4,2,2,,30.0,6.0,,,,,5.0,4.0,2.0,,6.0,1.0,54.0,,1.0,,,,,5.0,5.0,6.0,,,,,15.0,1.0,,4.0,,,,1.0,,5.0,1.0,1.0,1.0,1.0,1.0,1.0,1.0,1.0,1.0,1.0,,,,,,,6,3,3,3,1,4,6,6,3,2,75.0,70.0,80.0,75.0,70.0,75.0,80.0,60.0,40.0,40.0,2,1,1,2,2,1,1,2,1,2,2,2,1,2,1,1,1,2,1,1,1,1,1,1,2,2,1,2,1,1,1,1,2,1,1,1,1,2,1,1
1900,4,4,4,4,4,4,4,4,2,2,,30.0,4.0,,3.0,3.0,2.0,,,,,6.0,1.0,54.0,,,2.0,3.0,4.0,5.0,,,,,,,,15.0,1.0,,,4.0,,,1.0,5.0,,,,,,,,,,,,1.0,1.0,1.0,1.0,1.0,1.0,5,3,3,3,2,4,4,4,3,2,65.0,65.0,65.0,65.0,65.0,65.0,65.0,65.0,35.0,35.0,1,2,1,2,1,1,2,2,2,2,2,2,2,2,2,2,2,2,2,2,2,2,2,2,2,2,2,2,2,2,2,2,2,2,1,2,2,2,2,2
1873,5,4,5,5,5,5,5,4,2,2,,30.0,,2.0,,,,5.0,4.0,2.0,,6.0,1.0,54.0,,,2.0,,,,4.0,5.0,6.0,,,,,15.0,1.0,,6.0,,,1.0,,6.0,,1.0,1.0,1.0,1.0,1.0,1.0,1.0,1.0,1.0,1.0,,,,,,,6,3,3,3,3,5,6,6,3,2,75.0,70.0,80.0,85.0,80.0,85.0,90.0,70.0,40.0,40.0,1,1,1,1,1,1,1,1,2,1,1,2,1,1,1,1,2,1,1,1,1,1,1,1,1,1,1,1,1,1,1,1,1,1,1,1,1,1,1,1
1074,4,4,4,2,3,4,4,2,2,2,,30.0,,2.0,4.0,3.0,3.0,,,,6.0,,,,1.0,,2.0,,,,,,,1.0,5.0,5.0,,15.0,1.0,,4.0,,,,1.0,5.0,,1.0,1.0,1.0,1.0,1.0,1.0,1.0,1.0,1.0,1.0,,,,,,,6,3,3,3,1,4,5,5,3,2,60.0,55.0,55.0,30.0,40.0,50.0,50.0,30.0,30.0,30.0,1,1,1,1,2,2,2,1,1,1,2,1,2,1,1,1,2,1,2,2,1,1,1,1,2,2,2,1,1,1,1,1,1,1,1,1,2,2,1,2
1107,5,4,5,5,5,5,5,5,1,1,65.0,,,2.0,4.0,3.0,2.0,,,,6.0,,,,1.0,,2.0,4.0,5.0,5.0,,,,,,,15.0,,,1.0,,4.0,,,1.0,,5.0,1.0,1.0,1.0,1.0,1.0,1.0,1.0,1.0,1.0,1.0,,,,,,,6,3,3,3,2,5,6,6,3,2,75.0,70.0,80.0,85.0,80.0,85.0,90.0,80.0,20.0,15.0,1,1,2,1,2,1,1,2,2,2,1,1,2,1,1,1,1,2,1,2,2,1,1,1,2,1,2,1,1,1,2,1,2,1,1,2,1,1,2,1
1292,5,5,5,5,5,5,5,5,1,1,30.0,,,5.0,4.0,3.0,3.0,,,,,6.0,1.0,54.0,,1.0,,,,,5.0,5.0,6.0,,,,15.0,,1.0,,5.0,,,2.0,,5.0,,1.0,1.0,1.0,1.0,1.0,1.0,1.0,1.0,1.0,1.0,,,,,,,6,3,3,3,1,3,5,5,3,2,80.0,80.0,85.0,85.0,80.0,85.0,85.0,80.0,20.0,20.0,1,1,1,2,1,1,2,1,2,2,1,1,1,2,1,2,1,1,1,2,2,1,2,1,2,2,2,2,1,1,2,1,1,1,2,1,2,1,1,2
1668,5,5,5,4,4,5,5,4,2,2,30.0,,,2.0,4.0,5.0,2.0,,,,,6.0,,,1.0,,2.0,,,,2.0,5.0,5.0,,,,15.0,,,2.0,,,3.0,1.0,,,5.0,,,,,,,,,,,1.0,1.0,1.0,1.0,1.0,1.0,6,3,2,3,2,4,5,5,4,2,70.0,70.0,70.0,60.0,60.0,70.0,70.0,60.0,40.0,40.0,1,1,1,2,1,2,1,2,1,1,2,1,1,2,2,1,1,1,2,1,1,1,1,1,1,2,2,1,1,2,1,2,2,1,1,1,2,1,1,1
474,5,5,5,5,5,5,5,5,1,1,,30.0,,2.0,,,,4.0,3.0,2.0,,6.0,1.0,54.0,,,2.0,,,,4.0,5.0,6.0,,,,,15.0,,1.0,5.0,,,1.0,,,6.0,,,,,,,,,,,1.0,1.0,1.0,1.0,1.0,1.0,6,3,3,3,3,5,6,6,4,2,75.0,70.0,80.0,85.0,80.0,85.0,90.0,75.0,40.0,40.0,1,1,2,1,1,1,2,1,1,2,1,2,1,1,1,1,1,2,1,2,1,1,1,2,2,1,1,1,1,1,1,2,1,1,2,1,2,1,1,1
507,5,5,5,4,4,5,5,4,2,2,30.0,,4.0,,4.0,3.0,3.0,,,,6.0,,1.0,54.0,,,2.0,,,,,,,2.0,5.0,5.0,15.0,,,1.0,,7.0,,2.0,,,5.0,,,,,,,,,,,1.0,1.0,1.0,1.0,1.0,1.0,6,3,3,3,1,4,5,5,3,2,70.0,70.0,75.0,50.0,50.0,70.0,70.0,50.0,30.0,30.0,1,1,1,2,2,1,1,1,1,1,1,1,1,2,2,2,1,2,1,2,2,2,1,1,2,1,1,2,2,2,2,1,2,1,1,1,2,2,2,2
692,4,4,4,3,3,4,4,3,2,2,,35.0,4.0,,,,,5.0,4.0,2.0,6.0,,,,1.0,,2.0,3.0,5.0,5.0,,,,,,,10.0,,1.0,,4.0,,,,1.0,5.0,,1.0,1.0,1.0,1.0,1.0,1.0,1.0,1.0,1.0,1.0,,,,,,,6,3,3,3,1,3,5,5,3,2,65.0,65.0,65.0,50.0,50.0,65.0,65.0,50.0,50.0,50.0,1,1,2,1,2,1,1,2,1,1,2,1,2,1,1,1,2,1,2,1,1,2,1,1,1,1,1,1,1,1,1,1,1,1,1,1,1,1,1,1
268,5,5,5,5,5,5,5,5,1,1,,30.0,,2.0,3.0,4.0,4.0,,,,6.0,,1.0,54.0,,1.0,,,,,5.0,5.0,6.0,,,,,15.0,,1.0,,,3.0,2.0,,5.0,,,,,,,,,,,,1.0,1.0,1.0,1.0,1.0,1.0,6,3,3,3,2,4,5,5,3,2,80.0,75.0,85.0,80.0,75.0,80.0,85.0,70.0,30.0,30.0,1,2,1,2,1,2,1,2,1,2,2,1,1,2,2,1,1,2,1,2,1,2,1,2,1,1,2,1,1,1,1,1,1,1,2,2,1,1,2,2
1975,5,5,5,5,5,5,5,5,1,1,,30.0,5.0,,,,,4.0,5.0,2.0,6.0,,1.0,54.0,,,2.0,,,,,,,4.0,5.0,5.0,15.0,,1.0,,,,3.0,,1.0,,5.0,,,,,,,,,,,1.0,1.0,1.0,1.0,1.0,1.0,6,3,2,2,2,5,5,5,3,2,75.0,75.0,80.0,80.0,75.0,80.0,80.0,70.0,20.0,20.0,1,2,1,1,1,1,2,1,2,1,1,2,2,1,1,2,1,2,2,1,1,1,1,1,2,1,1,1,1,1,1,1,2,1,2,1,1,2,1,1
1806,5,5,5,2,3,5,5,2,1,2,,35.0,5.0,,,,,5.0,4.0,2.0,,6.0,1.0,54.0,,,2.0,,,,4.0,5.0,5.0,,,,,15.0,1.0,,,4.0,,1.0,,5.0,,,,,,,,,,,,1.0,1.0,1.0,1.0,1.0,1.0,6,3,3,3,2,5,5,5,3,2,75.0,70.0,80.0,40.0,50.0,70.0,80.0,40.0,30.0,40.0,1,2,1,1,2,1,2,2,1,2,2,1,2,1,2,1,2,1,2,1,1,2,2,1,2,1,2,1,1,1,1,1,1,2,2,1,2,1,1,1
1253,5,5,5,5,5,5,5,5,1,1,30.0,,,2.0,,,,5.0,4.0,2.0,6.0,,,,1.0,1.0,,,,,,,,5.0,5.0,6.0,15.0,,,1.0,,,3.0,,1.0,,5.0,,,,,,,,,,,1.0,1.0,1.0,1.0,1.0,1.0,6,3,3,3,3,5,5,5,3,2,75.0,75.0,80.0,80.0,75.0,80.0,80.0,75.0,20.0,20.0,1,1,1,1,1,1,1,1,1,1,1,1,1,1,1,1,1,1,1,1,1,1,1,1,1,1,1,1,1,1,1,1,1,1,1,1,1,1,1,1
1320,5,4,5,5,5,5,5,5,2,2,40.0,,,2.0,,,,5.0,4.0,2.0,,6.0,,,1.0,,2.0,,,,4.0,5.0,5.0,,,,15.0,,,1.0,,,3.0,1.0,,5.0,,1.0,1.0,1.0,1.0,1.0,1.0,1.0,1.0,1.0,1.0,,,,,,,6,3,2,2,1,4,5,5,3,2,75.0,70.0,80.0,85.0,80.0,80.0,85.0,75.0,40.0,40.0,2,1,2,1,1,1,1,2,1,1,1,2,2,1,1,2,1,1,2,1,2,1,1,2,1,2,1,1,2,2,1,1,1,2,1,2,1,2,2,2
653,4,4,4,2,3,4,4,2,1,1,30.0,,,2.0,4.0,3.0,3.0,,,,,6.0,1.0,54.0,,1.0,,,,,4.0,5.0,5.0,,,,15.0,,1.0,,3.0,,,,1.0,,5.0,1.0,1.0,1.0,1.0,1.0,1.0,1.0,1.0,1.0,1.0,,,,,,,5,3,3,3,2,4,5,5,3,2,65.0,60.0,70.0,40.0,50.0,60.0,60.0,40.0,30.0,30.0,1,1,1,1,2,2,1,1,1,1,2,2,1,1,1,1,2,1,1,1,1,1,1,2,1,2,1,2,2,1,1,1,2,2,1,2,1,1,1,1
720,4,4,4,2,3,4,4,2,1,2,,30.0,5.0,,,,,5.0,5.0,2.0,,6.0,,,1.0,,2.0,,,,,,,2.0,5.0,5.0,,15.0,,2.0,,,3.0,,1.0,,5.0,1.0,1.0,1.0,1.0,1.0,1.0,1.0,1.0,1.0,1.0,,,,,,,6,3,3,3,2,5,6,6,3,2,65.0,65.0,65.0,40.0,40.0,50.0,50.0,30.0,20.0,30.0,2,1,2,1,1,2,1,2,2,1,2,1,2,1,1,2,1,2,1,2,2,1,1,1,1,1,1,1,1,1,1,1,1,1,1,1,1,1,1,1
