TWIN_ID,False Cons. self _1,False Cons. self _2,False Cons. self _3,False Cons. self _4,False Cons. self _5,False Cons. self _6,False Cons. self _7,False Cons. self _8,False Cons. self _9,False Cons. self _10,Q156_1,Form A _1,Q158,Q157,Q160_1,Q160_2,Q160_3,Q159_1,Q159_2,Q159_3,Q162,Q161,Q163,Q164,Q165,Q167,Q169,Q171,Q174,Q177,Q172,Q175,Q178,Q173,Q176,Q179,Q181,Q182,Q183,Q184,Q189,Q190,Q191,Q192,Q193,Q194,Q195,Q198_1,Q198_2,Q198_3,Q198_4,Q198_5,Q198_6,Q198_7,Q198_8,Q198_9,Q198_10,Q203_1,Q203_2,Q203_3,Q203_4,Q203_5,Q203_6,nonseparabilty bene _1,nonseparabilty bene _2,nonseparabilty bene _3,nonseparabilty bene _4,nonseparability ris _1,nonseparability ris _2,nonseparability ris _3,nonseparability ris _4,Omission bias ,Denominator neglect ,False cons. others _1,False cons. others _2,False cons. others _3,False cons. others _4,False cons. others _5,False cons. others _6,False cons. others _7,False cons. others _10,False cons. others _11,False cons. others _12,1_Q295,2_Q295,3_Q295,4_Q295,5_Q295,6_Q295,7_Q295,8_Q295,9_Q295,10_Q295,11_Q295,12_Q295,13_Q295,14_Q295,15_Q295,16_Q295,17_Q295,18_Q295,19_Q295,20_Q295,21_Q295,22_Q295,23_Q295,24_Q295,25_Q295,26_Q295,27_Q295,28_Q295,29_Q295,30_Q295,31_Q295,32_Q295,33_Q295,34_Q295,35_Q295,36_Q295,37_Q295,38_Q295,39_Q295,40_Q295
1634,2,2,2,2,2,2,4,2,4,2,70.0,,,2.0,,,,3.0,4.0,3.0,,5.0,1.0,54.0,,1.0,,,,,2.0,4.0,5.0,,,,18.0,,,2.0,4.0,,,,1.0,4.0,,,,,,,,,,,,1.0,1.0,1.0,1.0,1.0,1.0,6,3,4,4,2,5,6,6,3,2,40.0,35.0,35.0,40.0,45.0,35.0,60.0,35.0,55.0,35.0,1.0,1.0,1.0,1.0,2.0,1.0,1.0,1.0,1.0,1.0,1.0,1.0,1.0,1.0,2.0,1.0,1.0,2.0,2.0,1.0,1.0,2.0,1.0,1.0,2.0,1.0,1.0,1.0,1.0,1.0,1.0,1.0,1.0,1.0,1.0,1.0,1.0,1.0,2.0,1.0
1747,2,2,2,2,2,2,4,2,4,4,,30.0,2.0,,2.0,3.0,5.0,,,,,5.0,1.0,40.0,,1.0,,2.0,4.0,5.0,,,,,,,,5.0,,2.0,,6.0,,1.0,,4.0,,,,,,,,,,,,1.0,1.0,1.0,1.0,1.0,1.0,6,3,4,4,3,5,6,6,3,2,55.0,50.0,50.0,60.0,65.0,60.0,70.0,55.0,50.0,50.0,2.0,2.0,2.0,1.0,1.0,1.0,1.0,2.0,2.0,1.0,2.0,1.0,1.0,1.0,2.0,1.0,1.0,1.0,2.0,1.0,2.0,1.0,2.0,1.0,1.0,2.0,1.0,2.0,2.0,1.0,2.0,2.0,1.0,2.0,1.0,2.0,1.0,1.0,1.0,2.0
1028,5,5,5,5,5,5,5,5,1,2,,30.0,5.0,,,,,3.0,5.0,2.0,6.0,,,,2.0,1.0,,,,,,,,4.0,5.0,6.0,,18.0,,2.0,,6.0,,,1.0,,5.0,1.0,1.0,1.0,1.0,1.0,1.0,1.0,1.0,1.0,1.0,,,,,,,6,3,4,3,3,5,6,5,3,2,55.0,50.0,52.0,60.0,65.0,58.0,70.0,60.0,40.0,35.0,2.0,2.0,1.0,2.0,2.0,1.0,2.0,2.0,1.0,2.0,2.0,2.0,1.0,2.0,1.0,2.0,1.0,2.0,2.0,1.0,2.0,2.0,1.0,2.0,2.0,2.0,1.0,2.0,1.0,2.0,1.0,2.0,1.0,2.0,2.0,1.0,1.0,1.0,2.0,1.0
234,3,4,3,4,4,3,4,3,2,2,,30.0,3.0,,,,,3.0,4.0,2.0,,5.0,1.0,40.0,,,2.0,2.0,4.0,4.0,,,,,,,18.0,,1.0,,4.0,,,1.0,,,4.0,1.0,1.0,1.0,1.0,1.0,1.0,1.0,1.0,1.0,1.0,,,,,,,6,3,4,4,2,5,6,5,3,2,50.0,55.0,50.0,60.0,65.0,55.0,70.0,55.0,40.0,40.0,1.0,2.0,2.0,1.0,1.0,1.0,2.0,2.0,1.0,2.0,2.0,1.0,2.0,1.0,2.0,1.0,2.0,2.0,2.0,2.0,1.0,2.0,1.0,1.0,2.0,1.0,2.0,1.0,1.0,1.0,1.0,1.0,2.0,1.0,2.0,1.0,1.0,1.0,2.0,2.0
347,4,4,4,3,4,3,4,4,2,2,70.0,,,2.0,3.0,4.0,5.0,,,,,,1.0,40.0,,1.0,,2.0,4.0,5.0,,,,,,,,15.0,1.0,,4.0,,,,1.0,4.0,,,,,,,,,,,,1.0,1.0,1.0,1.0,1.0,1.0,6,3,4,4,2,5,6,6,3,2,55.0,50.0,52.0,60.0,62.0,55.0,65.0,58.0,40.0,42.0,1.0,2.0,2.0,1.0,1.0,2.0,2.0,2.0,2.0,2.0,1.0,2.0,2.0,1.0,2.0,2.0,2.0,2.0,1.0,1.0,2.0,1.0,1.0,2.0,2.0,2.0,1.0,2.0,2.0,1.0,2.0,2.0,2.0,1.0,1.0,1.0,1.0,1.0,2.0,2.0
428,4,4,4,4,4,4,4,4,2,2,,30.0,,2.0,,,,3.0,5.0,2.0,,6.0,1.0,54.0,,1.0,,,,,4.0,4.0,5.0,,,,18.0,,1.0,,,,3.0,1.0,,,5.0,,,,,,,,,,,1.0,1.0,1.0,1.0,1.0,1.0,6,3,4,4,3,5,6,6,3,2,55.0,50.0,52.0,60.0,62.0,58.0,65.0,54.0,40.0,42.0,1.0,2.0,2.0,1.0,1.0,1.0,2.0,2.0,2.0,2.0,2.0,2.0,1.0,1.0,1.0,1.0,2.0,2.0,1.0,2.0,1.0,2.0,2.0,1.0,1.0,1.0,2.0,2.0,2.0,1.0,1.0,2.0,2.0,1.0,2.0,1.0,1.0,2.0,1.0,2.0
36,5,5,5,5,5,5,5,5,1,1,70.0,,3.0,,3.0,4.0,5.0,,,,,6.0,,,2.0,,2.0,2.0,5.0,6.0,,,,,,,,20.0,1.0,,,9.0,,1.0,,6.0,,1.0,1.0,1.0,1.0,1.0,1.0,1.0,1.0,1.0,1.0,,,,,,,6,3,4,3,3,5,6,6,4,2,60.0,55.0,60.0,65.0,70.0,60.0,75.0,60.0,35.0,30.0,1.0,2.0,2.0,2.0,2.0,2.0,2.0,1.0,1.0,1.0,1.0,2.0,1.0,1.0,2.0,1.0,1.0,2.0,2.0,1.0,1.0,1.0,1.0,2.0,2.0,2.0,2.0,2.0,2.0,1.0,1.0,1.0,2.0,1.0,1.0,2.0,1.0,2.0,2.0,2.0
2047,2,2,2,2,2,2,4,2,4,4,,30.0,2.0,,3.0,4.0,5.0,,,,,6.0,,,2.0,1.0,,2.0,4.0,4.0,,,,,,,18.0,,,2.0,,6.0,,1.0,,,4.0,1.0,1.0,1.0,1.0,1.0,1.0,1.0,1.0,1.0,1.0,,,,,,,6,3,4,3,3,5,6,5,3,2,40.0,35.0,35.0,45.0,50.0,40.0,60.0,35.0,55.0,50.0,2.0,2.0,2.0,1.0,2.0,1.0,1.0,1.0,2.0,1.0,1.0,1.0,1.0,2.0,1.0,1.0,1.0,2.0,1.0,1.0,2.0,2.0,2.0,2.0,1.0,1.0,1.0,2.0,2.0,1.0,1.0,1.0,1.0,1.0,2.0,2.0,2.0,2.0,1.0,2.0
2,5,5,5,5,5,5,5,5,1,1,,30.0,4.0,,3.0,4.0,6.0,,,,6.0,,1.0,54.0,,1.0,,2.0,5.0,6.0,,,,,,,,20.0,,2.0,,10.0,,1.0,,6.0,,1.0,1.0,1.0,1.0,1.0,1.0,1.0,1.0,1.0,1.0,,,,,,,6,3,2,2,3,5,6,6,3,2,55.0,50.0,50.0,60.0,65.0,55.0,70.0,60.0,40.0,35.0,2.0,2.0,1.0,1.0,1.0,1.0,1.0,1.0,1.0,2.0,1.0,2.0,2.0,2.0,2.0,2.0,2.0,2.0,2.0,1.0,1.0,1.0,2.0,1.0,1.0,1.0,2.0,2.0,1.0,2.0,2.0,2.0,1.0,2.0,1.0,1.0,2.0,1.0,2.0,1.0
1929,3,3,3,3,4,3,4,3,4,3,70.0,,,2.0,3.0,4.0,5.0,,,,6.0,,1.0,54.0,,1.0,,,,,3.0,4.0,5.0,,,,12.0,,1.0,,,6.0,,,1.0,,4.0,,,,,,,,,,,1.0,1.0,1.0,1.0,1.0,1.0,6,3,4,3,2,5,6,5,3,2,55.0,50.0,52.0,60.0,65.0,58.0,70.0,54.0,45.0,48.0,2.0,2.0,2.0,2.0,1.0,2.0,2.0,1.0,1.0,2.0,2.0,2.0,2.0,2.0,1.0,1.0,2.0,1.0,1.0,1.0,2.0,1.0,1.0,1.0,2.0,2.0,2.0,1.0,1.0,1.0,1.0,1.0,1.0,2.0,2.0,1.0,1.0,1.0,1.0,1.0
1413,2,2,2,2,2,2,3,2,4,4,,30.0,,2.0,3.0,4.0,5.0,,,,5.0,,,,2.0,1.0,,,,,3.0,4.0,4.0,,,,20.0,,2.0,,3.0,,,,1.0,,3.0,1.0,1.0,1.0,1.0,1.0,1.0,1.0,1.0,1.0,1.0,,,,,,,6,3,4,3,3,5,6,5,3,2,45.0,40.0,40.0,50.0,55.0,45.0,60.0,40.0,50.0,45.0,2.0,2.0,1.0,1.0,1.0,2.0,2.0,2.0,2.0,2.0,2.0,2.0,1.0,1.0,2.0,1.0,2.0,2.0,2.0,2.0,2.0,1.0,1.0,2.0,2.0,1.0,1.0,2.0,2.0,2.0,1.0,2.0,2.0,1.0,1.0,2.0,1.0,2.0,1.0,2.0
1560,4,4,4,4,4,4,4,4,2,2,70.0,,,2.0,3.0,4.0,5.0,,,,6.0,,1.0,54.0,,,2.0,,,,3.0,4.0,4.0,,,,,15.0,1.0,,,,3.0,,1.0,4.0,,,,,,,,,,,,1.0,1.0,1.0,1.0,1.0,1.0,6,3,4,3,3,5,6,5,3,2,55.0,50.0,52.0,60.0,62.0,58.0,65.0,54.0,40.0,38.0,1.0,1.0,2.0,1.0,1.0,2.0,2.0,2.0,2.0,1.0,2.0,2.0,1.0,2.0,2.0,2.0,1.0,2.0,1.0,1.0,2.0,2.0,1.0,2.0,2.0,2.0,2.0,2.0,1.0,2.0,1.0,1.0,2.0,2.0,2.0,1.0,2.0,2.0,2.0,1.0
1786,4,4,4,4,4,4,4,4,2,2,70.0,,,2.0,3.0,4.0,5.0,,,,6.0,,,,2.0,,2.0,2.0,4.0,5.0,,,,,,,,15.0,1.0,,4.0,,,1.0,,4.0,,,,,,,,,,,,1.0,1.0,1.0,1.0,1.0,1.0,6,3,4,3,2,5,6,6,3,2,55.0,50.0,52.0,60.0,62.0,58.0,65.0,54.0,40.0,38.0,2.0,2.0,2.0,1.0,2.0,1.0,1.0,2.0,1.0,2.0,1.0,1.0,2.0,2.0,2.0,1.0,1.0,1.0,2.0,2.0,1.0,2.0,1.0,2.0,2.0,2.0,1.0,1.0,2.0,1.0,1.0,2.0,2.0,2.0,1.0,2.0,1.0,1.0,2.0,1.0
160,3,3,3,4,4,4,4,4,2,2,70.0,,4.0,,,,,3.0,4.0,3.0,,6.0,1.0,54.0,,,2.0,2.0,4.0,5.0,,,,,,,,16.0,1.0,,5.0,,,1.0,,4.0,,1.0,1.0,1.0,1.0,1.0,1.0,1.0,1.0,1.0,1.0,,,,,,,6,3,4,4,3,5,6,6,3,2,55.0,50.0,52.0,60.0,62.0,58.0,65.0,60.0,45.0,40.0,2.0,2.0,2.0,2.0,1.0,1.0,2.0,2.0,2.0,2.0,2.0,2.0,2.0,2.0,2.0,1.0,1.0,2.0,2.0,1.0,1.0,2.0,1.0,1.0,2.0,2.0,2.0,2.0,1.0,2.0,2.0,1.0,2.0,2.0,1.0,2.0,2.0,2.0,2.0,1.0
386,4,4,4,4,4,4,5,4,2,2,,30.0,,2.0,3.0,4.0,5.0,,,,6.0,,,,2.0,1.0,,,,,3.0,4.0,5.0,,,,16.0,,1.0,,,,2.0,,1.0,4.0,,1.0,1.0,1.0,1.0,1.0,1.0,1.0,1.0,1.0,1.0,,,,,,,6,3,4,3,3,5,6,5,3,2,55.0,50.0,52.0,60.0,62.0,58.0,70.0,54.0,40.0,38.0,1.0,2.0,2.0,2.0,1.0,1.0,1.0,1.0,2.0,2.0,1.0,2.0,1.0,2.0,2.0,2.0,2.0,1.0,1.0,2.0,2.0,2.0,2.0,2.0,2.0,2.0,1.0,2.0,1.0,1.0,1.0,2.0,1.0,2.0,1.0,1.0,2.0,2.0,1.0,2.0
912,3,3,3,3,4,3,4,3,2,2,,30.0,,2.0,3.0,4.0,5.0,,,,,5.0,1.0,40.0,,1.0,,,,,3.0,4.0,4.0,,,,,15.0,1.0,,4.0,,,,1.0,4.0,,,,,,,,,,,,1.0,1.0,1.0,1.0,1.0,1.0,6,3,4,3,3,5,6,5,3,2,50.0,45.0,45.0,55.0,60.0,50.0,65.0,55.0,40.0,40.0,1.0,2.0,2.0,2.0,2.0,2.0,2.0,1.0,2.0,1.0,2.0,2.0,1.0,2.0,2.0,1.0,2.0,2.0,2.0,2.0,2.0,2.0,2.0,1.0,2.0,2.0,1.0,1.0,2.0,2.0,1.0,2.0,2.0,1.0,1.0,2.0,2.0,2.0,1.0,2.0
861,4,4,4,4,4,4,4,4,2,2,,30.0,,1.0,,,,3.0,4.0,3.0,,6.0,,,2.0,,2.0,,,,4.0,4.0,4.0,,,,18.0,,,2.0,4.0,,,1.0,,4.0,,1.0,1.0,1.0,1.0,1.0,1.0,1.0,1.0,1.0,1.0,,,,,,,6,3,4,4,3,5,6,6,3,2,55.0,50.0,52.0,60.0,65.0,58.0,70.0,60.0,40.0,38.0,1.0,2.0,2.0,2.0,2.0,2.0,2.0,2.0,2.0,1.0,2.0,2.0,2.0,2.0,2.0,2.0,2.0,1.0,2.0,2.0,2.0,1.0,1.0,2.0,1.0,1.0,2.0,2.0,2.0,1.0,2.0,2.0,2.0,2.0,1.0,1.0,2.0,2.0,2.0,2.0
1680,5,5,5,5,5,5,5,5,1,2,70.0,,3.0,,3.0,4.0,6.0,,,,,6.0,,,2.0,,2.0,,,,3.0,4.0,5.0,,,,16.0,,1.0,,,,3.0,1.0,,,5.0,,,,,,,,,,,1.0,1.0,1.0,1.0,1.0,1.0,6,3,4,3,3,5,6,6,3,2,60.0,55.0,58.0,65.0,68.0,62.0,70.0,60.0,40.0,45.0,1.0,2.0,1.0,1.0,2.0,2.0,1.0,1.0,1.0,2.0,1.0,1.0,2.0,1.0,2.0,1.0,2.0,2.0,2.0,2.0,1.0,2.0,2.0,2.0,1.0,2.0,1.0,2.0,1.0,1.0,2.0,1.0,2.0,1.0,2.0,1.0,1.0,2.0,1.0,1.0
1309,2,2,2,2,2,2,3,2,4,4,,30.0,2.0,,3.0,4.0,5.0,,,,,5.0,,,2.0,1.0,,2.0,4.0,4.0,,,,,,,18.0,,1.0,,4.0,,,,1.0,,4.0,1.0,1.0,1.0,1.0,1.0,1.0,1.0,1.0,1.0,1.0,,,,,,,6,3,4,3,3,5,6,5,3,2,40.0,35.0,38.0,40.0,40.0,35.0,45.0,38.0,50.0,50.0,2.0,1.0,1.0,2.0,1.0,1.0,1.0,1.0,2.0,2.0,2.0,2.0,2.0,2.0,1.0,1.0,2.0,2.0,1.0,1.0,1.0,2.0,2.0,2.0,1.0,2.0,1.0,1.0,1.0,2.0,1.0,2.0,1.0,1.0,2.0,1.0,2.0,1.0,1.0,1.0
1466,2,3,2,2,3,2,4,2,4,3,,30.0,,2.0,2.0,3.0,5.0,,,,6.0,,1.0,54.0,,1.0,,2.0,4.0,5.0,,,,,,,,5.0,1.0,,,,2.0,,1.0,,4.0,1.0,1.0,1.0,1.0,1.0,1.0,1.0,1.0,1.0,1.0,,,,,,,6,3,4,3,3,5,6,5,3,2,45.0,40.0,42.0,50.0,55.0,48.0,60.0,40.0,35.0,38.0,2.0,1.0,1.0,1.0,2.0,1.0,1.0,1.0,1.0,1.0,1.0,1.0,1.0,1.0,1.0,1.0,2.0,1.0,1.0,1.0,2.0,2.0,1.0,1.0,1.0,1.0,1.0,1.0,1.0,2.0,1.0,2.0,1.0,1.0,1.0,1.0,2.0,1.0,2.0,1.0
1515,5,5,5,5,5,5,5,5,1,2,,30.0,4.0,,3.0,4.0,5.0,,,,,6.0,,,2.0,,2.0,,,,4.0,5.0,6.0,,,,,18.0,,2.0,4.0,,,1.0,,5.0,,,,,,,,,,,,1.0,1.0,1.0,1.0,1.0,1.0,6,3,4,3,3,5,6,5,3,2,55.0,50.0,52.0,60.0,65.0,58.0,70.0,60.0,40.0,35.0,2.0,1.0,1.0,2.0,2.0,2.0,2.0,1.0,2.0,1.0,2.0,2.0,1.0,2.0,2.0,1.0,2.0,2.0,2.0,1.0,1.0,2.0,1.0,2.0,2.0,1.0,1.0,2.0,1.0,1.0,2.0,2.0,1.0,2.0,1.0,1.0,2.0,2.0,1.0,2.0
280,5,5,5,5,5,5,5,5,1,1,70.0,,,1.0,3.0,4.0,6.0,,,,,6.0,,,2.0,,2.0,1.0,5.0,6.0,,,,,,,20.0,,1.0,,5.0,,,,1.0,,5.0,1.0,1.0,1.0,1.0,1.0,1.0,1.0,1.0,1.0,1.0,,,,,,,6,3,4,3,3,5,6,5,4,2,60.0,55.0,60.0,65.0,70.0,60.0,75.0,60.0,40.0,35.0,1.0,2.0,1.0,2.0,2.0,2.0,2.0,2.0,2.0,1.0,1.0,1.0,2.0,2.0,2.0,2.0,1.0,2.0,1.0,2.0,2.0,2.0,1.0,1.0,1.0,1.0,1.0,1.0,2.0,2.0,1.0,1.0,1.0,1.0,2.0,2.0,2.0,1.0,2.0,1.0
709,4,4,4,5,5,5,5,4,1,2,,30.0,,2.0,3.0,4.0,6.0,,,,6.0,,,,2.0,1.0,,,,,3.0,4.0,5.0,,,,20.0,,,2.0,4.0,,,,1.0,4.0,,1.0,1.0,1.0,1.0,1.0,1.0,1.0,1.0,1.0,1.0,,,,,,,6,3,4,3,2,5,6,5,4,2,60.0,55.0,60.0,65.0,70.0,65.0,70.0,60.0,35.0,40.0,2.0,2.0,1.0,1.0,1.0,2.0,2.0,2.0,1.0,2.0,1.0,2.0,1.0,2.0,2.0,1.0,1.0,1.0,1.0,2.0,2.0,1.0,2.0,1.0,2.0,1.0,1.0,2.0,2.0,2.0,1.0,2.0,1.0,1.0,1.0,2.0,2.0,2.0,2.0,2.0
115,4,4,4,5,5,5,5,4,1,2,70.0,,3.0,,,,,3.0,4.0,2.0,6.0,,1.0,54.0,,1.0,,,,,4.0,4.0,5.0,,,,,15.0,,2.0,,,3.0,,1.0,,5.0,1.0,1.0,1.0,1.0,1.0,1.0,1.0,1.0,1.0,1.0,,,,,,,6,3,4,3,3,5,6,5,3,2,60.0,55.0,58.0,65.0,70.0,68.0,75.0,60.0,35.0,40.0,2.0,1.0,1.0,1.0,2.0,1.0,2.0,2.0,2.0,2.0,1.0,1.0,1.0,1.0,1.0,1.0,1.0,2.0,2.0,1.0,1.0,2.0,1.0,1.0,1.0,2.0,2.0,2.0,2.0,1.0,1.0,1.0,1.0,1.0,1.0,2.0,1.0,1.0,1.0,2.0
82,4,4,4,4,4,4,4,4,2,2,70.0,,,2.0,3.0,4.0,5.0,,,,,5.0,,,2.0,1.0,,2.0,4.0,5.0,,,,,,,18.0,,1.0,,,,2.0,1.0,,4.0,,,,,,,,,,,,1.0,1.0,1.0,1.0,1.0,1.0,6,3,4,3,3,5,6,6,3,2,60.0,55.0,58.0,65.0,70.0,62.0,75.0,60.0,40.0,45.0,1.0,1.0,2.0,2.0,2.0,1.0,2.0,1.0,1.0,1.0,2.0,1.0,1.0,2.0,1.0,1.0,1.0,1.0,1.0,1.0,1.0,2.0,2.0,1.0,2.0,2.0,1.0,1.0,1.0,2.0,1.0,2.0,2.0,1.0,2.0,2.0,2.0,1.0,1.0,1.0
967,2,2,2,2,2,2,4,2,4,2,,30.0,2.0,,,,,3.0,5.0,2.0,6.0,,1.0,40.0,,1.0,,,,,2.0,4.0,4.0,,,,15.0,,1.0,,,,2.0,,1.0,4.0,,,,,,,,,,,,1.0,1.0,1.0,1.0,1.0,1.0,6,3,4,4,2,5,6,6,3,2,40.0,35.0,35.0,40.0,45.0,35.0,50.0,40.0,45.0,35.0,2.0,1.0,2.0,2.0,2.0,1.0,2.0,2.0,2.0,1.0,1.0,2.0,1.0,1.0,1.0,2.0,2.0,1.0,2.0,2.0,1.0,1.0,1.0,2.0,2.0,1.0,2.0,1.0,2.0,1.0,1.0,1.0,2.0,1.0,1.0,2.0,1.0,1.0,1.0,2.0
814,4,4,4,4,4,4,4,4,2,2,70.0,,4.0,,,,,3.0,5.0,2.0,6.0,,1.0,54.0,,,2.0,3.0,4.0,5.0,,,,,,,,18.0,1.0,,,,2.0,,1.0,,4.0,1.0,1.0,1.0,1.0,1.0,1.0,1.0,1.0,1.0,1.0,,,,,,,6,3,4,4,3,5,6,6,3,2,55.0,50.0,52.0,60.0,62.0,58.0,65.0,54.0,40.0,38.0,1.0,2.0,2.0,2.0,2.0,1.0,1.0,1.0,1.0,2.0,2.0,1.0,2.0,1.0,2.0,2.0,1.0,1.0,1.0,2.0,2.0,1.0,2.0,2.0,1.0,1.0,2.0,1.0,2.0,1.0,1.0,1.0,2.0,1.0,1.0,1.0,2.0,2.0,1.0,1.0
1641,4,4,4,2,3,2,4,2,4,2,,30.0,,2.0,,,,3.0,4.0,2.0,6.0,,1.0,40.0,,1.0,,,,,,,,2.0,4.0,4.0,,15.0,1.0,,,6.0,,1.0,,,4.0,,,,,,,,,,,1.0,1.0,1.0,1.0,1.0,1.0,6,3,4,3,2,5,6,5,3,2,55.0,50.0,52.0,60.0,58.0,48.0,65.0,45.0,40.0,38.0,1.0,2.0,1.0,1.0,1.0,2.0,1.0,1.0,2.0,2.0,2.0,1.0,2.0,1.0,2.0,1.0,2.0,2.0,1.0,2.0,1.0,1.0,2.0,2.0,2.0,1.0,2.0,2.0,2.0,1.0,2.0,1.0,1.0,1.0,1.0,1.0,1.0,1.0,1.0,2.0
1732,4,4,4,4,4,4,5,4,2,2,70.0,,3.0,,,,,3.0,4.0,2.0,,5.0,,,2.0,,2.0,,,,,,,3.0,4.0,4.0,18.0,,,2.0,4.0,,,1.0,,,4.0,1.0,1.0,1.0,1.0,1.0,1.0,1.0,1.0,1.0,1.0,,,,,,,6,3,4,3,3,5,6,5,3,2,55.0,50.0,52.0,60.0,65.0,58.0,70.0,60.0,40.0,42.0,1.0,2.0,1.0,2.0,2.0,2.0,1.0,1.0,2.0,2.0,1.0,1.0,1.0,2.0,1.0,1.0,2.0,1.0,2.0,1.0,2.0,2.0,2.0,2.0,2.0,1.0,1.0,2.0,2.0,2.0,2.0,2.0,2.0,1.0,2.0,2.0,2.0,1.0,1.0,1.0
241,4,4,4,4,4,4,4,4,2,2,,30.0,,2.0,3.0,4.0,5.0,,,,,6.0,,,2.0,,2.0,,,,,,,3.0,4.0,5.0,18.0,,1.0,,4.0,,,1.0,,4.0,,1.0,1.0,1.0,1.0,1.0,1.0,1.0,1.0,1.0,1.0,,,,,,,6,3,4,4,2,5,6,6,3,2,55.0,50.0,50.0,60.0,65.0,60.0,70.0,55.0,40.0,35.0,2.0,1.0,1.0,2.0,2.0,2.0,2.0,1.0,2.0,2.0,1.0,2.0,1.0,1.0,2.0,2.0,2.0,2.0,1.0,1.0,2.0,2.0,1.0,1.0,2.0,1.0,1.0,1.0,2.0,2.0,2.0,2.0,1.0,1.0,1.0,2.0,1.0,2.0,2.0,1.0
332,3,3,3,2,3,2,4,2,4,3,,30.0,,2.0,3.0,4.0,5.0,,,,,5.0,,,2.0,1.0,,2.0,4.0,5.0,,,,,,,,5.0,1.0,,,,3.0,1.0,,4.0,,1.0,1.0,1.0,1.0,1.0,1.0,1.0,1.0,1.0,1.0,,,,,,,6,3,4,4,3,5,6,6,3,2,45.0,40.0,40.0,35.0,45.0,35.0,55.0,35.0,50.0,40.0,1.0,2.0,1.0,1.0,2.0,1.0,1.0,2.0,2.0,1.0,1.0,2.0,1.0,1.0,1.0,1.0,1.0,2.0,2.0,1.0,1.0,1.0,2.0,1.0,1.0,2.0,1.0,2.0,1.0,1.0,2.0,1.0,2.0,1.0,1.0,2.0,1.0,2.0,1.0,2.0
2032,5,5,5,5,5,5,5,5,1,1,,30.0,5.0,,,,,3.0,5.0,2.0,6.0,,,,2.0,,2.0,,,,,,,4.0,5.0,6.0,,15.0,,1.0,4.0,,,2.0,,5.0,,,,,,,,,,,,1.0,1.0,1.0,1.0,1.0,1.0,6,3,4,4,3,5,6,6,4,2,60.0,55.0,55.0,65.0,70.0,60.0,75.0,60.0,40.0,35.0,2.0,1.0,1.0,2.0,1.0,2.0,2.0,2.0,1.0,2.0,2.0,1.0,1.0,1.0,2.0,2.0,1.0,1.0,1.0,1.0,2.0,1.0,1.0,1.0,1.0,2.0,2.0,1.0,1.0,2.0,2.0,2.0,1.0,2.0,2.0,2.0,2.0,1.0,2.0,2.0
43,4,4,4,4,4,4,4,4,2,2,,30.0,,2.0,,,,3.0,4.0,2.0,,5.0,1.0,54.0,,,2.0,,,,,,,3.0,4.0,5.0,,16.0,,2.0,4.0,,,,1.0,,4.0,,,,,,,,,,,1.0,1.0,1.0,1.0,1.0,1.0,6,3,4,4,3,5,6,6,3,2,60.0,55.0,58.0,65.0,68.0,62.0,70.0,54.0,40.0,42.0,2.0,1.0,1.0,2.0,1.0,2.0,1.0,1.0,2.0,2.0,1.0,2.0,1.0,2.0,2.0,1.0,2.0,1.0,2.0,1.0,1.0,2.0,1.0,2.0,2.0,1.0,1.0,2.0,2.0,2.0,1.0,2.0,1.0,1.0,1.0,2.0,1.0,2.0,1.0,1.0
88,3,3,3,3,4,3,4,3,4,3,,30.0,,2.0,,,,3.0,5.0,4.0,,5.0,1.0,54.0,,1.0,,,,,3.0,4.0,5.0,,,,,5.0,1.0,,,,2.0,,1.0,4.0,,,,,,,,,,,,1.0,1.0,1.0,1.0,1.0,1.0,6,3,4,3,3,5,6,5,3,2,45.0,40.0,42.0,55.0,60.0,50.0,65.0,48.0,38.0,41.0,2.0,1.0,2.0,1.0,1.0,1.0,2.0,1.0,1.0,1.0,2.0,1.0,2.0,1.0,1.0,1.0,1.0,1.0,2.0,2.0,2.0,1.0,1.0,1.0,1.0,1.0,2.0,2.0,1.0,2.0,1.0,2.0,1.0,1.0,1.0,1.0,2.0,2.0,1.0,1.0
1997,5,5,5,5,5,5,5,5,1,2,,30.0,,1.0,,,,3.0,5.0,2.0,6.0,,1.0,54.0,,1.0,,,,,,,,4.0,5.0,6.0,20.0,,1.0,,,6.0,,1.0,,,5.0,,,,,,,,,,,1.0,1.0,1.0,1.0,1.0,1.0,6,3,4,3,3,5,6,5,4,2,60.0,55.0,50.0,65.0,70.0,60.0,75.0,55.0,40.0,45.0,2.0,2.0,1.0,1.0,2.0,2.0,1.0,1.0,1.0,1.0,2.0,1.0,1.0,2.0,2.0,1.0,2.0,1.0,1.0,2.0,1.0,1.0,2.0,2.0,1.0,1.0,2.0,2.0,2.0,1.0,1.0,1.0,1.0,2.0,2.0,2.0,1.0,1.0,2.0,2.0
1270,1,2,1,2,2,2,2,1,5,5,70.0,,,1.0,2.0,3.0,4.0,,,,,5.0,1.0,30.0,,1.0,,,,,,,,1.0,2.0,3.0,20.0,,,2.0,,9.0,,1.0,,3.0,,,,,,,,,,,,1.0,1.0,1.0,1.0,1.0,1.0,6,3,3,2,3,5,6,6,2,1,40.0,35.0,30.0,45.0,50.0,40.0,60.0,35.0,55.0,50.0,1.0,1.0,1.0,1.0,1.0,1.0,2.0,2.0,1.0,1.0,1.0,2.0,2.0,2.0,1.0,1.0,2.0,1.0,2.0,2.0,1.0,1.0,1.0,2.0,1.0,2.0,2.0,2.0,1.0,1.0,1.0,2.0,2.0,1.0,1.0,2.0,1.0,1.0,2.0,1.0
1303,4,4,4,4,4,4,4,4,2,2,,30.0,,2.0,3.0,4.0,5.0,,,,,6.0,1.0,54.0,,1.0,,,,,,,,3.0,4.0,5.0,18.0,,1.0,,4.0,,,1.0,,,4.0,1.0,1.0,1.0,1.0,1.0,1.0,1.0,1.0,1.0,1.0,,,,,,,6,3,4,3,3,5,6,5,3,2,55.0,50.0,52.0,60.0,62.0,58.0,65.0,54.0,40.0,42.0,2.0,2.0,2.0,2.0,1.0,2.0,1.0,1.0,2.0,2.0,2.0,2.0,2.0,1.0,2.0,1.0,2.0,1.0,1.0,1.0,2.0,2.0,1.0,2.0,1.0,1.0,2.0,2.0,2.0,2.0,2.0,1.0,1.0,1.0,1.0,1.0,1.0,2.0,1.0,1.0
1096,4,4,4,4,4,4,4,4,2,2,70.0,,4.0,,3.0,4.0,5.0,,,,,5.0,,,2.0,1.0,,2.0,4.0,4.0,,,,,,,,20.0,,2.0,3.0,,,,1.0,4.0,,1.0,1.0,1.0,1.0,1.0,1.0,1.0,1.0,1.0,1.0,,,,,,,6,3,4,3,3,5,6,5,3,2,55.0,50.0,52.0,60.0,62.0,58.0,65.0,54.0,40.0,38.0,2.0,2.0,1.0,1.0,2.0,1.0,2.0,2.0,1.0,2.0,1.0,1.0,1.0,1.0,1.0,2.0,2.0,2.0,2.0,2.0,1.0,1.0,2.0,1.0,1.0,2.0,2.0,2.0,2.0,2.0,2.0,2.0,1.0,1.0,1.0,1.0,2.0,1.0,2.0,2.0
670,4,4,4,4,4,4,4,4,2,2,,30.0,,3.0,,,,3.0,4.0,2.0,6.0,,,,2.0,1.0,,2.0,4.0,5.0,,,,,,,,18.0,1.0,,,6.0,,,1.0,,4.0,,,,,,,,,,,1.0,1.0,1.0,1.0,1.0,1.0,6,3,4,3,3,5,6,5,3,2,60.0,55.0,58.0,65.0,68.0,62.0,70.0,60.0,40.0,45.0,2.0,1.0,2.0,1.0,1.0,1.0,2.0,2.0,1.0,1.0,1.0,2.0,1.0,2.0,1.0,2.0,1.0,2.0,2.0,1.0,2.0,1.0,1.0,1.0,2.0,2.0,1.0,2.0,1.0,1.0,1.0,2.0,1.0,1.0,1.0,1.0,2.0,1.0,1.0,1.0
703,4,4,4,4,4,4,4,4,2,2,70.0,,3.0,,,,,3.0,4.0,3.0,6.0,,,,2.0,1.0,,,,,,,,3.0,4.0,5.0,,0.0,1.0,,3.0,,,1.0,,,4.0,1.0,1.0,1.0,1.0,1.0,1.0,1.0,1.0,1.0,1.0,,,,,,,6,3,4,4,3,5,6,6,3,2,55.0,50.0,52.0,60.0,62.0,58.0,65.0,54.0,40.0,42.0,2.0,1.0,1.0,2.0,1.0,2.0,1.0,1.0,1.0,2.0,1.0,1.0,1.0,1.0,2.0,1.0,1.0,2.0,1.0,1.0,2.0,2.0,1.0,2.0,2.0,1.0,2.0,2.0,1.0,1.0,1.0,1.0,1.0,1.0,2.0,2.0,1.0,1.0,2.0,1.0
496,4,4,4,4,4,4,5,4,2,2,,30.0,4.0,,,,,3.0,5.0,4.0,,6.0,1.0,54.0,,1.0,,2.0,4.0,5.0,,,,,,,18.0,,,2.0,,6.0,,1.0,,4.0,,,,,,,,,,,,1.0,1.0,1.0,1.0,1.0,1.0,6,3,4,4,2,5,6,6,3,2,60.0,55.0,58.0,65.0,70.0,62.0,75.0,60.0,40.0,45.0,1.0,1.0,1.0,1.0,1.0,1.0,1.0,1.0,1.0,1.0,1.0,1.0,1.0,1.0,1.0,1.0,1.0,1.0,1.0,1.0,1.0,1.0,1.0,1.0,1.0,1.0,1.0,1.0,1.0,1.0,1.0,1.0,1.0,1.0,1.0,1.0,1.0,1.0,1.0,1.0
2038,2,2,2,2,2,2,2,2,4,4,70.0,,,2.0,2.0,3.0,5.0,,,,,,1.0,54.0,,,2.0,1.0,2.0,3.0,,,,,,,20.0,,,2.0,,9.0,,,1.0,4.0,,,,,,,,,,,,1.0,1.0,1.0,1.0,1.0,1.0,6,3,4,3,2,5,6,5,2,1,40.0,35.0,35.0,40.0,45.0,35.0,50.0,40.0,55.0,50.0,1.0,1.0,1.0,1.0,1.0,1.0,1.0,1.0,1.0,1.0,2.0,1.0,1.0,1.0,1.0,1.0,1.0,1.0,1.0,1.0,2.0,2.0,1.0,2.0,1.0,2.0,1.0,1.0,1.0,1.0,2.0,1.0,1.0,1.0,1.0,1.0,1.0,2.0,2.0,1.0
49,4,4,4,4,4,4,5,4,2,2,,30.0,,2.0,3.0,4.0,5.0,,,,,,1.0,40.0,,1.0,,2.0,4.0,5.0,,,,,,,18.0,,,2.0,4.0,,,1.0,,4.0,,,,,,,,,,,,1.0,1.0,1.0,1.0,1.0,1.0,6,3,4,3,3,5,6,5,3,2,55.0,50.0,52.0,60.0,62.0,58.0,65.0,54.0,40.0,42.0,2.0,2.0,2.0,1.0,1.0,1.0,1.0,1.0,2.0,2.0,1.0,1.0,2.0,1.0,1.0,2.0,2.0,2.0,2.0,1.0,1.0,2.0,2.0,1.0,2.0,2.0,1.0,2.0,1.0,2.0,1.0,2.0,1.0,2.0,2.0,1.0,2.0,2.0,2.0,1.0
1956,5,5,5,5,5,5,5,5,1,2,70.0,,,2.0,,,,3.0,5.0,2.0,,5.0,,,2.0,,2.0,,,,,,,3.0,4.0,4.0,,18.0,1.0,,,6.0,,,1.0,5.0,,1.0,1.0,1.0,1.0,1.0,1.0,1.0,1.0,1.0,1.0,,,,,,,6,3,4,3,3,5,6,6,3,2,60.0,55.0,58.0,65.0,68.0,62.0,70.0,60.0,35.0,40.0,2.0,2.0,2.0,2.0,1.0,1.0,2.0,2.0,2.0,2.0,1.0,2.0,2.0,2.0,1.0,1.0,2.0,2.0,2.0,2.0,1.0,1.0,2.0,2.0,1.0,2.0,2.0,1.0,2.0,1.0,1.0,1.0,2.0,2.0,2.0,1.0,1.0,2.0,1.0,2.0
1825,5,5,5,5,5,5,5,5,1,2,,30.0,4.0,,3.0,4.0,6.0,,,,6.0,,,,2.0,1.0,,4.0,5.0,6.0,,,,,,,20.0,,,2.0,,5.0,,,1.0,,5.0,,,,,,,,,,,1.0,1.0,1.0,1.0,1.0,1.0,6,3,4,4,3,5,6,6,4,2,60.0,55.0,50.0,65.0,70.0,60.0,75.0,60.0,40.0,45.0,2.0,2.0,1.0,2.0,1.0,1.0,2.0,2.0,2.0,2.0,1.0,2.0,2.0,1.0,2.0,1.0,1.0,1.0,1.0,1.0,2.0,1.0,1.0,1.0,1.0,2.0,1.0,2.0,2.0,2.0,2.0,1.0,1.0,2.0,2.0,1.0,2.0,2.0,1.0,2.0
1057,5,5,5,5,5,5,5,5,1,1,70.0,,,1.0,,,,3.0,5.0,2.0,,6.0,,,2.0,1.0,,2.0,5.0,6.0,,,,,,,20.0,,,2.0,,6.0,,,1.0,5.0,,,,,,,,,,,,1.0,1.0,1.0,1.0,1.0,1.0,6,3,4,3,3,5,6,5,4,2,55.0,50.0,50.0,60.0,65.0,60.0,70.0,55.0,40.0,35.0,1.0,2.0,1.0,2.0,2.0,1.0,1.0,2.0,1.0,1.0,2.0,2.0,1.0,1.0,1.0,1.0,1.0,1.0,1.0,1.0,2.0,1.0,1.0,1.0,1.0,1.0,1.0,2.0,1.0,1.0,1.0,2.0,1.0,1.0,2.0,1.0,1.0,1.0,2.0,2.0
1124,5,5,5,5,5,5,5,5,1,2,70.0,,,1.0,,,,3.0,5.0,2.0,6.0,,1.0,54.0,,,2.0,2.0,4.0,5.0,,,,,,,18.0,,1.0,,,7.0,,,1.0,,5.0,,,,,,,,,,,1.0,1.0,1.0,1.0,1.0,1.0,6,3,4,3,3,5,6,5,3,2,60.0,55.0,60.0,65.0,70.0,60.0,70.0,65.0,40.0,45.0,1.0,2.0,1.0,1.0,1.0,2.0,2.0,2.0,1.0,2.0,1.0,2.0,2.0,2.0,1.0,2.0,2.0,1.0,1.0,2.0,1.0,1.0,2.0,1.0,2.0,2.0,2.0,2.0,2.0,1.0,1.0,2.0,1.0,1.0,1.0,1.0,2.0,2.0,1.0,2.0
1738,5,4,5,5,5,5,5,5,1,2,,30.0,,2.0,,,,3.0,5.0,2.0,6.0,,,,2.0,,2.0,,,,3.0,4.0,5.0,,,,,20.0,,2.0,3.0,,,,1.0,,5.0,1.0,1.0,1.0,1.0,1.0,1.0,1.0,1.0,1.0,1.0,,,,,,,6,3,4,3,3,5,6,6,3,2,55.0,50.0,60.0,65.0,65.0,60.0,70.0,60.0,45.0,40.0,2.0,2.0,2.0,1.0,2.0,2.0,2.0,2.0,1.0,2.0,2.0,1.0,1.0,2.0,1.0,2.0,2.0,2.0,2.0,2.0,2.0,2.0,2.0,2.0,2.0,2.0,1.0,2.0,2.0,2.0,2.0,2.0,2.0,1.0,1.0,2.0,1.0,1.0,1.0,2.0
457,2,3,2,2,3,2,4,2,4,4,70.0,,2.0,,,,,3.0,4.0,2.0,5.0,,1.0,54.0,,,2.0,,,,,,,2.0,4.0,5.0,20.0,,1.0,,,6.0,,1.0,,,4.0,1.0,1.0,1.0,1.0,1.0,1.0,1.0,1.0,1.0,1.0,,,,,,,6,3,4,4,2,5,6,6,3,2,45.0,40.0,40.0,50.0,55.0,50.0,60.0,45.0,55.0,50.0,1.0,1.0,2.0,1.0,1.0,1.0,2.0,2.0,2.0,2.0,2.0,1.0,1.0,1.0,1.0,2.0,2.0,2.0,1.0,2.0,2.0,2.0,2.0,1.0,2.0,1.0,1.0,2.0,2.0,1.0,1.0,1.0,1.0,2.0,1.0,1.0,1.0,1.0,2.0,1.0
524,5,5,5,5,5,5,5,5,1,1,,30.0,,1.0,,,,3.0,5.0,2.0,6.0,,,,2.0,1.0,,2.0,4.0,5.0,,,,,,,,18.0,,2.0,,6.0,,1.0,,5.0,,1.0,1.0,1.0,1.0,1.0,1.0,1.0,1.0,1.0,1.0,,,,,,,6,3,4,3,3,5,6,5,4,2,60.0,55.0,60.0,65.0,70.0,60.0,75.0,60.0,40.0,35.0,2.0,2.0,2.0,2.0,2.0,2.0,2.0,2.0,2.0,2.0,1.0,2.0,2.0,2.0,2.0,1.0,1.0,2.0,2.0,2.0,2.0,1.0,1.0,1.0,1.0,1.0,1.0,1.0,2.0,1.0,2.0,2.0,2.0,1.0,1.0,1.0,2.0,2.0,2.0,2.0
338,4,4,4,2,3,3,5,3,2,2,70.0,,,2.0,,,,3.0,4.0,2.0,5.0,,1.0,54.0,,,2.0,,,,3.0,4.0,4.0,,,,20.0,,1.0,,,,2.0,,1.0,4.0,,,,,,,,,,,,1.0,1.0,1.0,1.0,1.0,1.0,6,3,4,4,3,5,6,6,3,2,55.0,50.0,50.0,40.0,45.0,45.0,60.0,45.0,35.0,35.0,2.0,1.0,2.0,2.0,2.0,1.0,2.0,1.0,2.0,2.0,2.0,2.0,1.0,2.0,1.0,2.0,2.0,2.0,1.0,2.0,1.0,2.0,1.0,2.0,1.0,2.0,1.0,1.0,2.0,1.0,2.0,1.0,1.0,2.0,1.0,1.0,1.0,1.0,1.0,2.0
8,4,4,4,4,4,4,5,4,2,2,70.0,,4.0,,,,,3.0,4.0,2.0,6.0,,1.0,54.0,,1.0,,2.0,4.0,5.0,,,,,,,,15.0,1.0,,,,3.0,,1.0,4.0,,,,,,,,,,,,1.0,1.0,1.0,1.0,1.0,1.0,6,3,5,4,3,5,6,5,3,2,60.0,55.0,58.0,65.0,68.0,62.0,70.0,60.0,40.0,45.0,2.0,1.0,1.0,2.0,1.0,2.0,2.0,1.0,1.0,2.0,2.0,2.0,2.0,2.0,1.0,1.0,2.0,2.0,2.0,1.0,2.0,1.0,2.0,1.0,1.0,1.0,1.0,2.0,2.0,2.0,2.0,1.0,1.0,2.0,2.0,1.0,1.0,1.0,1.0,2.0
1923,4,4,4,4,4,4,4,4,2,2,70.0,,3.0,,,,,3.0,4.0,3.0,,6.0,1.0,54.0,,1.0,,,,,,,,3.0,4.0,5.0,20.0,,1.0,,,,2.0,,1.0,4.0,,,,,,,,,,,,1.0,1.0,1.0,1.0,1.0,1.0,6,3,4,3,2,5,6,5,3,2,55.0,50.0,52.0,60.0,65.0,60.0,70.0,55.0,40.0,35.0,2.0,2.0,1.0,2.0,2.0,2.0,1.0,2.0,1.0,2.0,2.0,1.0,1.0,2.0,2.0,1.0,2.0,2.0,1.0,1.0,2.0,2.0,1.0,2.0,2.0,2.0,1.0,1.0,2.0,1.0,1.0,1.0,2.0,1.0,2.0,1.0,2.0,2.0,1.0,2.0
1850,4,4,4,4,4,4,4,4,2,3,,30.0,3.0,,3.0,4.0,5.0,,,,,6.0,,,2.0,,2.0,,,,,,,3.0,4.0,5.0,18.0,,,2.0,4.0,,,,1.0,4.0,,1.0,1.0,1.0,1.0,1.0,1.0,1.0,1.0,1.0,1.0,,,,,,,6,3,4,4,3,5,6,5,3,2,55.0,50.0,52.0,60.0,62.0,58.0,65.0,54.0,40.0,45.0,2.0,2.0,2.0,2.0,1.0,2.0,1.0,1.0,1.0,2.0,2.0,1.0,2.0,1.0,2.0,1.0,2.0,2.0,2.0,2.0,1.0,1.0,2.0,2.0,1.0,1.0,2.0,2.0,2.0,2.0,1.0,1.0,2.0,1.0,2.0,1.0,2.0,2.0,2.0,1.0
1022,5,5,5,5,5,5,5,5,1,2,70.0,,4.0,,,,,4.0,5.0,3.0,5.0,,,,2.0,,2.0,2.0,4.0,5.0,,,,,,,,18.0,,2.0,,6.0,,,1.0,,5.0,1.0,1.0,1.0,1.0,1.0,1.0,1.0,1.0,1.0,1.0,,,,,,,6,3,4,3,3,5,6,5,4,2,60.0,55.0,50.0,65.0,70.0,60.0,75.0,55.0,40.0,45.0,2.0,1.0,1.0,2.0,2.0,2.0,1.0,1.0,1.0,1.0,1.0,2.0,1.0,2.0,1.0,2.0,1.0,1.0,1.0,2.0,1.0,2.0,1.0,1.0,1.0,2.0,2.0,2.0,1.0,1.0,1.0,1.0,2.0,1.0,1.0,1.0,2.0,1.0,2.0,2.0
1151,2,2,2,2,2,2,3,2,4,3,70.0,,3.0,,,,,3.0,5.0,2.0,,5.0,1.0,54.0,,,2.0,2.0,3.0,4.0,,,,,,,20.0,,,2.0,,,2.0,1.0,,,3.0,,,,,,,,,,,1.0,1.0,1.0,1.0,1.0,1.0,6,3,4,4,3,5,6,5,3,2,45.0,40.0,40.0,40.0,45.0,35.0,50.0,40.0,55.0,45.0,2.0,1.0,1.0,1.0,1.0,1.0,2.0,2.0,1.0,2.0,2.0,2.0,1.0,2.0,1.0,1.0,1.0,1.0,1.0,1.0,2.0,2.0,1.0,1.0,2.0,1.0,1.0,2.0,2.0,2.0,2.0,2.0,2.0,1.0,1.0,2.0,1.0,1.0,2.0,2.0
422,2,2,2,2,2,2,4,2,4,4,70.0,,,2.0,,,,3.0,4.0,2.0,,5.0,1.0,35.0,,1.0,,,,,,,,2.0,4.0,4.0,,5.0,2.0,,,,2.0,,1.0,4.0,,1.0,1.0,1.0,1.0,1.0,1.0,1.0,1.0,1.0,1.0,,,,,,,6,3,4,3,2,5,6,5,3,2,40.0,35.0,35.0,40.0,45.0,35.0,60.0,40.0,55.0,55.0,2.0,1.0,2.0,1.0,2.0,2.0,1.0,2.0,1.0,1.0,1.0,2.0,2.0,2.0,2.0,2.0,2.0,1.0,2.0,2.0,2.0,1.0,1.0,2.0,2.0,1.0,2.0,2.0,1.0,1.0,2.0,2.0,2.0,2.0,1.0,1.0,1.0,1.0,2.0,2.0
551,4,4,4,4,4,4,4,4,2,2,70.0,,4.0,,,,,3.0,4.0,2.0,,,,,,,2.0,3.0,4.0,5.0,,,,,,,,15.0,1.0,,4.0,,,,1.0,,4.0,1.0,1.0,1.0,1.0,1.0,1.0,1.0,1.0,1.0,1.0,,,,,,,6,3,4,4,3,5,6,6,3,2,55.0,50.0,52.0,60.0,62.0,58.0,65.0,54.0,40.0,42.0,2.0,2.0,1.0,2.0,1.0,2.0,2.0,2.0,1.0,2.0,1.0,1.0,1.0,2.0,2.0,1.0,2.0,1.0,2.0,2.0,2.0,1.0,1.0,1.0,1.0,1.0,1.0,2.0,1.0,1.0,2.0,2.0,2.0,2.0,1.0,1.0,1.0,2.0,1.0,1.0
918,3,3,3,3,4,3,4,3,4,3,70.0,,3.0,,3.0,4.0,5.0,,,,,5.0,,,2.0,1.0,,2.0,4.0,4.0,,,,,,,,,,2.0,,,2.0,1.0,,,4.0,,,,,,,,,,,1.0,1.0,1.0,1.0,1.0,1.0,6,3,4,3,3,5,6,5,3,2,50.0,45.0,45.0,55.0,60.0,50.0,65.0,50.0,40.0,45.0,2.0,2.0,2.0,1.0,2.0,1.0,2.0,1.0,1.0,2.0,2.0,1.0,1.0,1.0,1.0,2.0,2.0,1.0,2.0,2.0,2.0,1.0,1.0,1.0,1.0,2.0,1.0,2.0,2.0,2.0,2.0,1.0,1.0,1.0,1.0,1.0,2.0,1.0,1.0,2.0
1891,4,4,4,4,4,4,4,4,2,2,70.0,,3.0,,3.0,4.0,5.0,,,,,5.0,1.0,54.0,,,2.0,3.0,4.0,4.0,,,,,,,,15.0,1.0,,,6.0,,,1.0,4.0,,1.0,1.0,1.0,1.0,1.0,1.0,1.0,1.0,1.0,1.0,,,,,,,6,3,4,4,3,5,6,6,3,2,60.0,55.0,58.0,65.0,68.0,62.0,70.0,60.0,40.0,45.0,1.0,1.0,2.0,1.0,1.0,1.0,2.0,1.0,2.0,2.0,2.0,1.0,1.0,2.0,1.0,1.0,2.0,2.0,1.0,1.0,2.0,1.0,2.0,1.0,2.0,2.0,1.0,1.0,2.0,1.0,2.0,1.0,2.0,2.0,1.0,1.0,1.0,1.0,1.0,1.0
1190,4,4,4,4,4,4,5,4,2,2,70.0,,,2.0,,,,3.0,4.0,2.0,6.0,,,,2.0,,2.0,,,,,,,3.0,4.0,4.0,,15.0,1.0,,,,2.0,1.0,,4.0,,,,,,,,,,,,1.0,1.0,1.0,1.0,1.0,1.0,6,3,4,3,3,5,6,5,3,2,55.0,50.0,52.0,60.0,62.0,58.0,65.0,54.0,40.0,42.0,1.0,2.0,2.0,1.0,2.0,2.0,1.0,1.0,1.0,1.0,1.0,2.0,2.0,1.0,1.0,2.0,2.0,2.0,1.0,1.0,2.0,2.0,2.0,1.0,1.0,2.0,2.0,2.0,1.0,2.0,2.0,1.0,1.0,2.0,2.0,2.0,1.0,2.0,2.0,1.0
1419,5,5,5,5,5,5,5,5,1,2,,30.0,5.0,,,,,3.0,5.0,2.0,,6.0,,,2.0,1.0,,,,,4.0,5.0,6.0,,,,18.0,,,2.0,4.0,,,,1.0,,5.0,,,,,,,,,,,1.0,1.0,1.0,1.0,1.0,1.0,6,3,4,3,3,5,6,5,4,2,60.0,55.0,58.0,65.0,70.0,62.0,75.0,60.0,40.0,45.0,1.0,2.0,2.0,1.0,2.0,2.0,2.0,1.0,1.0,2.0,2.0,1.0,2.0,2.0,2.0,1.0,1.0,1.0,1.0,2.0,2.0,2.0,1.0,2.0,2.0,1.0,2.0,2.0,2.0,2.0,2.0,2.0,1.0,1.0,2.0,2.0,1.0,2.0,2.0,2.0
1205,4,4,4,4,4,4,4,4,2,2,70.0,,3.0,,,,,3.0,4.0,2.0,6.0,,1.0,40.0,,,2.0,,,,3.0,4.0,5.0,,,,15.0,,,2.0,,,2.0,,1.0,,4.0,1.0,1.0,1.0,1.0,1.0,1.0,1.0,1.0,1.0,1.0,,,,,,,6,3,4,4,2,5,6,6,3,2,55.0,50.0,52.0,60.0,62.0,58.0,65.0,54.0,40.0,38.0,2.0,1.0,1.0,1.0,1.0,1.0,1.0,1.0,1.0,2.0,1.0,2.0,2.0,1.0,1.0,1.0,2.0,2.0,1.0,1.0,2.0,2.0,2.0,2.0,1.0,2.0,2.0,1.0,2.0,2.0,1.0,2.0,2.0,1.0,1.0,1.0,2.0,2.0,2.0,1.0
1376,5,5,5,5,5,5,5,5,1,2,,30.0,,1.0,,,,3.0,5.0,2.0,6.0,,,,2.0,,2.0,,,,,,,2.0,5.0,6.0,,0.0,1.0,,3.0,,,1.0,,,5.0,1.0,1.0,1.0,1.0,1.0,1.0,1.0,1.0,1.0,1.0,,,,,,,6,3,4,3,3,5,6,6,4,2,60.0,55.0,58.0,65.0,70.0,62.0,75.0,60.0,40.0,45.0,1.0,1.0,2.0,2.0,1.0,1.0,2.0,2.0,2.0,2.0,1.0,2.0,2.0,1.0,1.0,2.0,2.0,2.0,2.0,2.0,2.0,1.0,1.0,2.0,2.0,1.0,1.0,2.0,2.0,1.0,1.0,1.0,2.0,1.0,2.0,1.0,2.0,1.0,2.0,1.0
590,5,5,5,5,5,5,5,5,2,2,,30.0,3.0,,,,,3.0,4.0,2.0,,6.0,,,2.0,,2.0,,,,,,,3.0,4.0,5.0,8.0,,1.0,,,,3.0,1.0,,,5.0,,,,,,,,,,,1.0,1.0,1.0,1.0,1.0,1.0,6,3,4,4,2,5,6,6,3,2,60.0,55.0,58.0,65.0,70.0,60.0,75.0,55.0,40.0,35.0,1.0,2.0,2.0,2.0,1.0,1.0,2.0,2.0,2.0,2.0,1.0,2.0,2.0,1.0,1.0,1.0,2.0,1.0,2.0,2.0,2.0,1.0,2.0,1.0,1.0,2.0,2.0,2.0,1.0,1.0,1.0,1.0,1.0,2.0,1.0,2.0,1.0,2.0,1.0,1.0
605,4,4,4,5,5,5,5,4,1,2,70.0,,4.0,,3.0,4.0,5.0,,,,6.0,,,,2.0,1.0,,2.0,4.0,5.0,,,,,,,,18.0,,2.0,4.0,,,1.0,,,5.0,,,,,,,,,,,1.0,1.0,1.0,1.0,1.0,1.0,6,3,4,3,3,5,6,5,4,2,55.0,50.0,52.0,60.0,65.0,62.0,70.0,58.0,40.0,45.0,1.0,2.0,2.0,2.0,1.0,2.0,1.0,1.0,2.0,2.0,2.0,1.0,1.0,2.0,2.0,1.0,1.0,2.0,2.0,2.0,1.0,2.0,1.0,2.0,2.0,2.0,1.0,2.0,2.0,1.0,1.0,2.0,1.0,2.0,2.0,2.0,1.0,1.0,2.0,2.0
776,5,5,5,5,5,5,5,5,1,2,,30.0,5.0,,3.0,4.0,6.0,,,,,6.0,1.0,54.0,,1.0,,,,,4.0,5.0,6.0,,,,,20.0,1.0,,,,2.0,,1.0,,5.0,1.0,1.0,1.0,1.0,1.0,1.0,1.0,1.0,1.0,1.0,,,,,,,6,3,4,3,3,5,6,5,3,2,60.0,55.0,60.0,65.0,70.0,60.0,70.0,60.0,40.0,45.0,2.0,2.0,1.0,1.0,2.0,2.0,2.0,2.0,2.0,2.0,2.0,1.0,2.0,2.0,2.0,2.0,2.0,1.0,2.0,1.0,2.0,1.0,2.0,2.0,1.0,1.0,2.0,1.0,2.0,2.0,2.0,2.0,1.0,1.0,2.0,2.0,2.0,2.0,1.0,2.0
1912,4,4,4,4,4,4,4,4,2,2,,30.0,4.0,,3.0,4.0,5.0,,,,,5.0,,,2.0,,2.0,2.0,4.0,4.0,,,,,,,,15.0,,2.0,,,3.0,1.0,,4.0,,1.0,1.0,1.0,1.0,1.0,1.0,1.0,1.0,1.0,1.0,,,,,,,6,3,4,3,3,5,6,5,3,2,55.0,50.0,52.0,60.0,62.0,58.0,65.0,54.0,40.0,42.0,2.0,2.0,1.0,2.0,2.0,2.0,2.0,2.0,1.0,1.0,2.0,2.0,2.0,2.0,1.0,1.0,2.0,2.0,2.0,1.0,1.0,2.0,2.0,2.0,2.0,2.0,2.0,1.0,1.0,1.0,2.0,1.0,2.0,2.0,1.0,2.0,2.0,2.0,2.0,1.0
1861,4,4,4,5,5,5,5,4,2,2,70.0,,,2.0,,,,3.0,5.0,4.0,,6.0,,,2.0,,2.0,3.0,4.0,5.0,,,,,,,,18.0,,2.0,4.0,,,1.0,,4.0,,1.0,1.0,1.0,1.0,1.0,1.0,1.0,1.0,1.0,1.0,,,,,,,6,3,4,3,3,5,6,5,3,2,60.0,55.0,58.0,65.0,70.0,68.0,72.0,60.0,40.0,45.0,1.0,1.0,2.0,1.0,1.0,1.0,1.0,1.0,2.0,1.0,2.0,1.0,2.0,1.0,1.0,2.0,1.0,2.0,1.0,2.0,2.0,1.0,1.0,2.0,2.0,1.0,1.0,2.0,1.0,2.0,2.0,2.0,2.0,1.0,2.0,2.0,1.0,2.0,2.0,1.0
786,4,4,4,5,5,5,5,4,1,2,,30.0,,2.0,,,,3.0,4.0,2.0,,6.0,,,2.0,,2.0,3.0,4.0,5.0,,,,,,,18.0,,1.0,,4.0,,,1.0,,,5.0,1.0,1.0,1.0,1.0,1.0,1.0,1.0,1.0,1.0,1.0,,,,,,,6,3,4,3,3,5,6,5,3,2,55.0,50.0,52.0,60.0,65.0,62.0,70.0,55.0,40.0,45.0,1.0,1.0,1.0,2.0,2.0,2.0,2.0,1.0,1.0,2.0,2.0,1.0,1.0,1.0,2.0,1.0,1.0,1.0,2.0,2.0,1.0,1.0,2.0,2.0,2.0,1.0,1.0,1.0,1.0,1.0,2.0,2.0,2.0,2.0,1.0,1.0,1.0,1.0,1.0,1.0
413,4,4,4,4,4,4,5,4,2,2,,30.0,3.0,,3.0,4.0,5.0,,,,5.0,,1.0,30.0,,,2.0,,,,2.0,4.0,5.0,,,,20.0,,,2.0,,6.0,,1.0,,,4.0,1.0,1.0,1.0,1.0,1.0,1.0,1.0,1.0,1.0,1.0,,,,,,,6,3,4,3,3,5,6,5,3,2,40.0,40.0,40.0,40.0,40.0,40.0,50.0,40.0,30.0,30.0,2.0,2.0,2.0,2.0,2.0,2.0,1.0,2.0,1.0,2.0,1.0,2.0,1.0,1.0,1.0,1.0,1.0,1.0,2.0,2.0,2.0,2.0,2.0,1.0,2.0,2.0,2.0,2.0,1.0,1.0,2.0,2.0,2.0,2.0,1.0,2.0,1.0,2.0,1.0,2.0
560,4,4,4,4,4,4,5,4,2,2,70.0,,,2.0,,,,3.0,4.0,2.0,6.0,,1.0,54.0,,1.0,,3.0,4.0,5.0,,,,,,,,16.0,1.0,,4.0,,,,1.0,,4.0,1.0,1.0,1.0,1.0,1.0,1.0,1.0,1.0,1.0,1.0,,,,,,,6,3,4,4,3,5,6,6,3,2,55.0,50.0,52.0,60.0,65.0,58.0,70.0,60.0,40.0,38.0,2.0,1.0,2.0,1.0,1.0,2.0,1.0,2.0,1.0,1.0,1.0,2.0,2.0,1.0,2.0,1.0,1.0,1.0,1.0,2.0,2.0,1.0,1.0,1.0,2.0,2.0,1.0,1.0,1.0,1.0,2.0,1.0,2.0,1.0,1.0,1.0,1.0,2.0,1.0,1.0
1386,4,4,4,4,4,4,4,4,2,2,70.0,,4.0,,3.0,4.0,6.0,,,,6.0,,,,2.0,1.0,,,,,,,,3.0,4.0,5.0,16.0,,1.0,,4.0,,,1.0,,4.0,,1.0,1.0,1.0,1.0,1.0,1.0,1.0,1.0,1.0,1.0,,,,,,,6,3,5,4,3,5,6,5,3,2,55.0,50.0,52.0,60.0,62.0,58.0,65.0,54.0,40.0,38.0,2.0,2.0,1.0,1.0,2.0,1.0,2.0,1.0,1.0,1.0,2.0,1.0,1.0,2.0,1.0,1.0,2.0,2.0,1.0,1.0,2.0,1.0,1.0,2.0,2.0,2.0,1.0,1.0,2.0,1.0,1.0,1.0,2.0,1.0,2.0,2.0,2.0,1.0,2.0,2.0
1013,5,5,5,5,5,5,5,5,1,2,,30.0,5.0,,,,,3.0,5.0,2.0,,6.0,,,2.0,1.0,,,,,3.0,5.0,6.0,,,,20.0,,1.0,,,9.0,,,1.0,5.0,,1.0,1.0,1.0,1.0,1.0,1.0,1.0,1.0,1.0,1.0,,,,,,,6,3,4,3,3,5,6,5,4,2,60.0,55.0,50.0,65.0,70.0,60.0,75.0,55.0,40.0,45.0,2.0,2.0,2.0,1.0,1.0,1.0,1.0,2.0,2.0,2.0,2.0,1.0,2.0,2.0,2.0,1.0,1.0,1.0,2.0,2.0,2.0,2.0,1.0,2.0,1.0,1.0,1.0,1.0,2.0,1.0,2.0,1.0,2.0,1.0,2.0,1.0,1.0,1.0,2.0,2.0
1160,4,4,4,4,4,4,4,4,2,2,,30.0,,3.0,,,,3.0,4.0,2.0,,6.0,1.0,54.0,,,2.0,,,,,,,3.0,4.0,4.0,18.0,,,2.0,4.0,,,1.0,,4.0,,1.0,1.0,1.0,1.0,1.0,1.0,1.0,1.0,1.0,1.0,,,,,,,6,3,4,3,3,5,6,5,3,2,55.0,50.0,52.0,60.0,62.0,58.0,65.0,54.0,40.0,42.0,2.0,2.0,1.0,1.0,1.0,1.0,1.0,2.0,1.0,2.0,2.0,2.0,1.0,2.0,1.0,2.0,1.0,2.0,1.0,2.0,2.0,1.0,2.0,1.0,1.0,1.0,2.0,1.0,1.0,1.0,2.0,2.0,1.0,2.0,1.0,1.0,1.0,1.0,1.0,2.0
929,2,2,2,2,2,2,4,2,4,4,70.0,,2.0,,3.0,4.0,5.0,,,,,6.0,1.0,54.0,,1.0,,2.0,4.0,4.0,,,,,,,18.0,,1.0,,,6.0,,1.0,,4.0,,1.0,1.0,1.0,1.0,1.0,1.0,1.0,1.0,1.0,1.0,,,,,,,6,3,4,4,3,5,6,6,3,2,45.0,40.0,40.0,40.0,45.0,40.0,60.0,40.0,55.0,55.0,1.0,2.0,1.0,1.0,1.0,2.0,2.0,1.0,2.0,1.0,1.0,2.0,2.0,1.0,2.0,1.0,1.0,1.0,2.0,2.0,1.0,2.0,2.0,2.0,1.0,2.0,2.0,2.0,1.0,2.0,2.0,2.0,1.0,1.0,1.0,1.0,2.0,2.0,2.0,2.0
634,5,5,5,5,5,5,5,5,1,1,,30.0,5.0,,,,,3.0,4.0,2.0,,6.0,1.0,54.0,,,2.0,,,,,,,1.0,5.0,6.0,20.0,,,2.0,,9.0,,1.0,,5.0,,,,,,,,,,,,1.0,1.0,1.0,1.0,1.0,1.0,6,3,4,3,2,5,6,6,4,2,60.0,55.0,50.0,65.0,70.0,60.0,75.0,60.0,40.0,35.0,2.0,2.0,2.0,2.0,2.0,2.0,1.0,2.0,2.0,2.0,2.0,2.0,1.0,2.0,1.0,2.0,2.0,2.0,2.0,2.0,2.0,1.0,2.0,2.0,2.0,1.0,2.0,2.0,2.0,2.0,2.0,2.0,2.0,2.0,2.0,2.0,2.0,2.0,2.0,2.0
747,4,4,4,5,5,5,5,4,1,2,70.0,,,2.0,,,,3.0,5.0,2.0,6.0,,,,2.0,1.0,,2.0,4.0,5.0,,,,,,,18.0,,1.0,,,5.0,,1.0,,,4.0,1.0,1.0,1.0,1.0,1.0,1.0,1.0,1.0,1.0,1.0,,,,,,,6,3,4,3,3,5,6,5,3,2,60.0,55.0,58.0,65.0,70.0,62.0,75.0,60.0,40.0,45.0,2.0,1.0,1.0,1.0,2.0,1.0,2.0,2.0,1.0,2.0,2.0,2.0,2.0,1.0,2.0,1.0,1.0,2.0,2.0,1.0,1.0,1.0,1.0,1.0,1.0,1.0,2.0,1.0,1.0,2.0,1.0,2.0,1.0,2.0,2.0,2.0,2.0,1.0,1.0,1.0
1428,4,4,4,4,4,4,4,4,2,2,70.0,,3.0,,,,,3.0,5.0,4.0,,5.0,1.0,40.0,,,2.0,1.0,4.0,4.0,,,,,,,,20.0,1.0,,,5.0,,1.0,,4.0,,,,,,,,,,,,1.0,1.0,1.0,1.0,1.0,1.0,6,3,4,3,2,5,6,5,3,2,55.0,50.0,52.0,60.0,62.0,58.0,65.0,54.0,40.0,38.0,2.0,1.0,2.0,1.0,1.0,2.0,1.0,1.0,2.0,1.0,1.0,1.0,1.0,2.0,1.0,2.0,1.0,1.0,2.0,2.0,1.0,1.0,2.0,1.0,2.0,2.0,1.0,1.0,1.0,1.0,1.0,1.0,2.0,1.0,1.0,2.0,2.0,2.0,2.0,2.0
1234,5,5,5,5,5,5,5,5,1,1,70.0,,4.0,,2.0,4.0,6.0,,,,,6.0,,,2.0,1.0,,2.0,5.0,6.0,,,,,,,,20.0,,2.0,,,1.0,1.0,,5.0,,,,,,,,,,,,1.0,1.0,1.0,1.0,1.0,1.0,6,3,4,3,2,5,6,6,4,2,60.0,55.0,60.0,65.0,70.0,60.0,75.0,60.0,40.0,35.0,1.0,1.0,1.0,2.0,2.0,1.0,1.0,2.0,2.0,1.0,1.0,2.0,2.0,1.0,1.0,1.0,1.0,2.0,2.0,1.0,2.0,2.0,1.0,1.0,2.0,1.0,1.0,1.0,2.0,1.0,1.0,2.0,2.0,2.0,2.0,1.0,2.0,2.0,1.0,1.0
1347,4,4,4,4,4,4,4,4,2,2,,30.0,,2.0,3.0,4.0,6.0,,,,6.0,,,,2.0,1.0,,,,,,,,3.0,4.0,4.0,18.0,,1.0,,4.0,,,,1.0,4.0,,1.0,1.0,1.0,1.0,1.0,1.0,1.0,1.0,1.0,1.0,,,,,,,6,3,4,3,3,5,6,5,3,2,55.0,50.0,52.0,60.0,65.0,58.0,70.0,60.0,40.0,38.0,1.0,2.0,1.0,2.0,2.0,2.0,1.0,2.0,2.0,2.0,2.0,2.0,2.0,2.0,2.0,2.0,2.0,2.0,2.0,2.0,2.0,1.0,1.0,1.0,2.0,2.0,2.0,2.0,2.0,2.0,2.0,1.0,2.0,1.0,1.0,1.0,2.0,1.0,2.0,1.0
641,3,3,3,3,3,3,4,3,2,2,,30.0,3.0,,2.0,3.0,5.0,,,,6.0,,1.0,40.0,,1.0,,2.0,3.0,4.0,,,,,,,18.0,,,2.0,4.0,,,,1.0,,4.0,1.0,1.0,1.0,1.0,1.0,1.0,1.0,1.0,1.0,1.0,,,,,,,6,3,4,4,3,5,6,6,3,2,40.0,35.0,38.0,45.0,50.0,40.0,55.0,38.0,30.0,32.0,1.0,2.0,1.0,2.0,2.0,1.0,2.0,2.0,1.0,1.0,1.0,2.0,2.0,2.0,2.0,2.0,1.0,1.0,1.0,1.0,1.0,2.0,1.0,2.0,2.0,1.0,2.0,2.0,1.0,1.0,2.0,1.0,2.0,2.0,2.0,2.0,2.0,1.0,1.0,2.0
732,5,5,5,5,5,5,5,5,1,2,,30.0,,2.0,,,,3.0,4.0,2.0,,6.0,,,2.0,1.0,,,,,4.0,5.0,6.0,,,,,18.0,,2.0,,6.0,,,1.0,,5.0,1.0,1.0,1.0,1.0,1.0,1.0,1.0,1.0,1.0,1.0,,,,,,,6,3,4,3,3,5,6,5,4,2,60.0,55.0,58.0,65.0,70.0,62.0,75.0,60.0,40.0,45.0,2.0,1.0,1.0,2.0,2.0,2.0,1.0,2.0,1.0,2.0,2.0,2.0,1.0,2.0,2.0,2.0,1.0,1.0,1.0,2.0,1.0,1.0,2.0,2.0,2.0,2.0,1.0,2.0,2.0,2.0,1.0,2.0,2.0,1.0,1.0,2.0,1.0,1.0,2.0,1.0
1241,4,4,4,4,4,4,4,4,2,2,,30.0,4.0,,,,,3.0,4.0,2.0,,6.0,1.0,54.0,,,2.0,2.0,4.0,5.0,,,,,,,,18.0,,2.0,,,3.0,1.0,,4.0,,1.0,1.0,1.0,1.0,1.0,1.0,1.0,1.0,1.0,1.0,,,,,,,6,3,4,4,3,5,6,6,3,2,55.0,50.0,52.0,60.0,65.0,58.0,70.0,60.0,40.0,38.0,2.0,1.0,1.0,1.0,1.0,2.0,2.0,1.0,2.0,2.0,2.0,2.0,1.0,2.0,1.0,1.0,1.0,2.0,1.0,2.0,1.0,2.0,2.0,2.0,1.0,2.0,2.0,1.0,1.0,1.0,2.0,2.0,1.0,2.0,1.0,2.0,2.0,1.0,2.0,1.0
1332,4,4,4,5,5,5,5,4,1,2,70.0,,4.0,,,,,3.0,5.0,2.0,,6.0,1.0,40.0,,,2.0,,,,3.0,4.0,4.0,,,,,18.0,,2.0,,6.0,,1.0,,,4.0,1.0,1.0,1.0,1.0,1.0,1.0,1.0,1.0,1.0,1.0,,,,,,,6,3,4,3,3,5,6,5,3,2,55.0,50.0,52.0,60.0,62.0,58.0,65.0,54.0,35.0,40.0,2.0,1.0,2.0,1.0,2.0,2.0,1.0,1.0,1.0,1.0,2.0,1.0,1.0,2.0,1.0,2.0,1.0,1.0,1.0,1.0,1.0,1.0,1.0,2.0,2.0,1.0,1.0,1.0,2.0,2.0,1.0,2.0,1.0,2.0,1.0,2.0,2.0,1.0,2.0,2.0
1967,4,4,4,5,5,5,5,4,1,2,,30.0,,1.0,3.0,4.0,6.0,,,,,5.0,1.0,54.0,,1.0,,2.0,4.0,4.0,,,,,,,,18.0,1.0,,,6.0,,1.0,,5.0,,,,,,,,,,,,1.0,1.0,1.0,1.0,1.0,1.0,6,3,4,3,3,5,6,5,3,2,60.0,55.0,58.0,65.0,70.0,68.0,72.0,60.0,40.0,45.0,1.0,2.0,2.0,2.0,2.0,2.0,1.0,2.0,2.0,2.0,1.0,2.0,2.0,1.0,1.0,2.0,1.0,2.0,2.0,1.0,1.0,1.0,2.0,1.0,1.0,2.0,1.0,2.0,2.0,2.0,2.0,1.0,1.0,2.0,2.0,2.0,1.0,1.0,1.0,2.0
1814,2,2,2,2,2,2,4,2,4,4,,30.0,,2.0,3.0,4.0,5.0,,,,,,1.0,30.0,,1.0,,,,,,,,2.0,4.0,4.0,20.0,,,2.0,,5.0,,,1.0,4.0,,,,,,,,,,,,1.0,1.0,1.0,1.0,1.0,1.0,6,3,4,3,3,5,6,5,3,2,40.0,35.0,35.0,40.0,40.0,35.0,50.0,35.0,50.0,50.0,1.0,2.0,1.0,2.0,1.0,1.0,2.0,1.0,2.0,1.0,1.0,1.0,2.0,1.0,1.0,2.0,2.0,1.0,1.0,2.0,1.0,1.0,2.0,1.0,1.0,2.0,2.0,1.0,1.0,2.0,2.0,1.0,1.0,2.0,2.0,1.0,2.0,2.0,1.0,2.0
2009,2,2,2,2,2,2,4,2,4,4,70.0,,2.0,,3.0,4.0,5.0,,,,,,1.0,30.0,,1.0,,,,,2.0,4.0,5.0,,,,18.0,,1.0,,,,2.0,1.0,,4.0,,1.0,1.0,1.0,1.0,1.0,1.0,1.0,1.0,1.0,1.0,,,,,,,6,3,4,4,3,5,6,6,3,2,40.0,35.0,35.0,30.0,35.0,30.0,50.0,35.0,45.0,45.0,1.0,1.0,1.0,2.0,2.0,1.0,2.0,2.0,2.0,1.0,1.0,1.0,2.0,2.0,1.0,2.0,1.0,2.0,2.0,1.0,2.0,2.0,1.0,1.0,1.0,1.0,1.0,1.0,1.0,2.0,2.0,2.0,1.0,1.0,1.0,1.0,1.0,2.0,1.0,1.0
78,2,2,2,2,2,2,3,2,4,4,,30.0,,2.0,3.0,4.0,5.0,,,,,5.0,,,2.0,,2.0,,,,,,,2.0,4.0,5.0,,18.0,,2.0,,,2.0,,1.0,4.0,,1.0,1.0,1.0,1.0,1.0,1.0,1.0,1.0,1.0,1.0,,,,,,,6,3,4,3,3,5,6,5,3,2,45.0,40.0,40.0,50.0,55.0,45.0,60.0,40.0,50.0,45.0,1.0,2.0,2.0,2.0,1.0,1.0,2.0,1.0,1.0,2.0,1.0,2.0,1.0,1.0,1.0,2.0,1.0,1.0,2.0,2.0,2.0,2.0,1.0,1.0,1.0,1.0,1.0,1.0,1.0,1.0,1.0,1.0,2.0,1.0,1.0,1.0,1.0,2.0,1.0,1.0
466,5,4,4,4,4,4,4,4,1,2,70.0,,,2.0,,,,3.0,5.0,4.0,6.0,,1.0,54.0,,1.0,,,,,4.0,4.0,5.0,,,,20.0,,,2.0,,6.0,,1.0,,4.0,,1.0,1.0,1.0,1.0,1.0,1.0,1.0,1.0,1.0,1.0,,,,,,,6,3,4,3,3,5,6,5,3,2,55.0,50.0,52.0,60.0,65.0,58.0,70.0,60.0,40.0,45.0,1.0,2.0,2.0,1.0,2.0,1.0,2.0,2.0,1.0,2.0,2.0,1.0,1.0,2.0,1.0,1.0,2.0,2.0,2.0,2.0,2.0,1.0,2.0,2.0,1.0,2.0,2.0,2.0,2.0,1.0,1.0,1.0,2.0,2.0,1.0,1.0,2.0,2.0,2.0,1.0
515,5,4,4,4,4,4,5,4,2,2,,30.0,4.0,,,,,3.0,4.0,3.0,6.0,,,,2.0,1.0,,,,,,,,3.0,4.0,5.0,16.0,,,2.0,4.0,,,1.0,,4.0,,1.0,1.0,1.0,1.0,1.0,1.0,1.0,1.0,1.0,1.0,,,,,,,6,3,5,4,3,5,6,5,3,2,60.0,55.0,58.0,65.0,68.0,62.0,70.0,60.0,40.0,42.0,2.0,1.0,1.0,2.0,2.0,1.0,2.0,1.0,2.0,2.0,2.0,1.0,1.0,1.0,2.0,1.0,2.0,2.0,1.0,2.0,2.0,2.0,1.0,2.0,2.0,1.0,1.0,2.0,1.0,1.0,1.0,1.0,1.0,2.0,1.0,1.0,1.0,1.0,2.0,2.0
680,5,5,5,5,5,5,5,5,1,2,,30.0,,1.0,3.0,4.0,5.0,,,,6.0,,,,2.0,1.0,,,,,,,,4.0,5.0,6.0,,18.0,,2.0,5.0,,,1.0,,,5.0,1.0,1.0,1.0,1.0,1.0,1.0,1.0,1.0,1.0,1.0,,,,,,,6,3,4,4,3,5,6,6,4,2,62.0,55.0,60.0,68.0,70.0,65.0,75.0,60.0,40.0,45.0,2.0,1.0,1.0,2.0,2.0,1.0,2.0,1.0,1.0,2.0,2.0,1.0,2.0,1.0,1.0,2.0,1.0,2.0,1.0,2.0,2.0,2.0,1.0,1.0,1.0,2.0,2.0,1.0,2.0,1.0,1.0,1.0,2.0,1.0,2.0,1.0,1.0,2.0,2.0,1.0
309,3,3,3,3,4,4,4,3,2,2,,30.0,,2.0,3.0,4.0,5.0,,,,6.0,,1.0,54.0,,1.0,,,,,3.0,4.0,5.0,,,,16.0,,1.0,,,,2.0,1.0,,,4.0,1.0,1.0,1.0,1.0,1.0,1.0,1.0,1.0,1.0,1.0,,,,,,,6,3,4,4,3,5,6,6,3,2,55.0,50.0,50.0,60.0,65.0,60.0,70.0,55.0,45.0,40.0,1.0,2.0,1.0,1.0,1.0,1.0,1.0,2.0,2.0,1.0,2.0,1.0,1.0,2.0,1.0,1.0,2.0,1.0,2.0,2.0,1.0,2.0,2.0,2.0,1.0,2.0,1.0,1.0,2.0,2.0,1.0,1.0,2.0,2.0,2.0,2.0,1.0,1.0,1.0,1.0
1066,2,3,2,2,3,2,3,2,4,2,70.0,,2.0,,3.0,4.0,6.0,,,,,,1.0,30.0,,,2.0,,,,2.0,4.0,5.0,,,,18.0,,1.0,,,,2.0,,1.0,4.0,,1.0,1.0,1.0,1.0,1.0,1.0,1.0,1.0,1.0,1.0,,,,,,,6,3,4,3,3,5,6,5,3,2,40.0,35.0,35.0,30.0,35.0,30.0,40.0,35.0,45.0,35.0,1.0,2.0,1.0,1.0,1.0,2.0,2.0,2.0,2.0,2.0,1.0,2.0,1.0,1.0,2.0,2.0,2.0,1.0,1.0,1.0,1.0,2.0,1.0,1.0,2.0,2.0,1.0,1.0,1.0,1.0,2.0,1.0,1.0,1.0,1.0,2.0,2.0,1.0,2.0,1.0
1115,3,3,3,2,2,2,3,2,4,2,70.0,,3.0,,,,,3.0,4.0,2.0,5.0,,,,2.0,1.0,,2.0,3.0,4.0,,,,,,,20.0,,,2.0,,6.0,,1.0,,3.0,,1.0,1.0,1.0,1.0,1.0,1.0,1.0,1.0,1.0,1.0,,,,,,,6,3,4,3,3,5,6,5,3,2,40.0,35.0,38.0,30.0,32.0,28.0,40.0,30.0,45.0,30.0,2.0,2.0,1.0,1.0,1.0,2.0,2.0,2.0,2.0,2.0,1.0,1.0,2.0,1.0,1.0,2.0,1.0,1.0,2.0,2.0,2.0,1.0,2.0,2.0,2.0,2.0,1.0,2.0,2.0,2.0,2.0,2.0,2.0,1.0,2.0,1.0,1.0,2.0,2.0,1.0
1280,2,2,2,2,2,2,4,2,4,4,70.0,,,2.0,,,,3.0,4.0,2.0,,5.0,,,2.0,1.0,,,,,,,,2.0,4.0,4.0,20.0,,,2.0,3.0,,,1.0,,3.0,,,,,,,,,,,,1.0,1.0,1.0,1.0,1.0,1.0,6,3,4,3,3,5,6,5,3,2,40.0,35.0,35.0,40.0,45.0,35.0,60.0,35.0,50.0,50.0,2.0,2.0,1.0,1.0,1.0,2.0,1.0,2.0,2.0,1.0,1.0,2.0,2.0,1.0,1.0,1.0,2.0,2.0,2.0,1.0,1.0,2.0,1.0,2.0,2.0,1.0,2.0,1.0,1.0,1.0,2.0,1.0,2.0,1.0,1.0,1.0,2.0,1.0,2.0,2.0
1709,4,4,4,4,4,4,5,4,2,2,,30.0,,2.0,,,,3.0,5.0,2.0,,6.0,,,2.0,1.0,,,,,,,,3.0,4.0,4.0,18.0,,,2.0,,,3.0,,1.0,,4.0,1.0,1.0,1.0,1.0,1.0,1.0,1.0,1.0,1.0,1.0,,,,,,,6,3,4,4,3,5,6,5,3,2,55.0,50.0,52.0,60.0,65.0,58.0,70.0,60.0,40.0,38.0,2.0,1.0,2.0,1.0,2.0,1.0,2.0,1.0,1.0,1.0,2.0,1.0,1.0,2.0,1.0,1.0,1.0,2.0,1.0,2.0,2.0,2.0,2.0,2.0,1.0,2.0,1.0,2.0,2.0,1.0,2.0,2.0,2.0,2.0,1.0,2.0,2.0,1.0,2.0,1.0
738,5,5,5,5,5,5,5,5,1,2,,30.0,,1.0,,,,3.0,5.0,2.0,6.0,,,,2.0,,2.0,,,,,,,4.0,5.0,6.0,20.0,,1.0,,4.0,,,1.0,,5.0,,1.0,1.0,1.0,1.0,1.0,1.0,1.0,1.0,1.0,1.0,,,,,,,6,3,4,3,3,5,6,5,4,2,60.0,55.0,58.0,65.0,70.0,62.0,75.0,60.0,40.0,45.0,1.0,2.0,1.0,2.0,1.0,1.0,1.0,1.0,2.0,2.0,2.0,1.0,2.0,1.0,2.0,1.0,2.0,1.0,2.0,1.0,1.0,2.0,2.0,1.0,2.0,2.0,2.0,2.0,1.0,1.0,2.0,1.0,1.0,2.0,1.0,2.0,2.0,1.0,2.0,1.0
124,4,4,4,4,4,4,4,4,2,2,70.0,,4.0,,3.0,4.0,5.0,,,,,5.0,,,2.0,,2.0,2.0,4.0,5.0,,,,,,,18.0,,1.0,,3.0,,,,1.0,,4.0,,,,,,,,,,,1.0,1.0,1.0,1.0,1.0,1.0,6,3,4,4,3,5,6,6,3,2,55.0,50.0,52.0,60.0,62.0,58.0,65.0,54.0,40.0,42.0,1.0,2.0,1.0,1.0,2.0,2.0,1.0,1.0,2.0,1.0,1.0,1.0,1.0,2.0,2.0,1.0,2.0,1.0,1.0,2.0,2.0,1.0,2.0,1.0,2.0,2.0,2.0,1.0,2.0,1.0,2.0,1.0,1.0,1.0,2.0,1.0,1.0,1.0,2.0,2.0
1338,5,4,5,5,5,5,5,5,1,2,70.0,,5.0,,3.0,4.0,6.0,,,,6.0,,,,2.0,,2.0,2.0,4.0,5.0,,,,,,,,18.0,1.0,,,6.0,,1.0,,,5.0,,,,,,,,,,,1.0,1.0,1.0,1.0,1.0,1.0,6,3,4,3,3,5,6,5,3,2,55.0,50.0,52.0,60.0,62.0,58.0,65.0,54.0,40.0,38.0,2.0,2.0,2.0,1.0,1.0,2.0,2.0,1.0,2.0,1.0,1.0,2.0,2.0,2.0,2.0,2.0,1.0,2.0,2.0,2.0,1.0,1.0,2.0,1.0,2.0,2.0,1.0,2.0,1.0,1.0,2.0,2.0,2.0,1.0,1.0,2.0,2.0,1.0,2.0,1.0
1457,5,5,5,5,5,5,5,5,1,2,70.0,,4.0,,,,,3.0,4.0,2.0,,6.0,,,2.0,,2.0,2.0,4.0,5.0,,,,,,,18.0,,,2.0,,,3.0,,1.0,5.0,,1.0,1.0,1.0,1.0,1.0,1.0,1.0,1.0,1.0,1.0,,,,,,,6,3,4,4,3,5,6,6,3,2,60.0,55.0,58.0,65.0,70.0,62.0,75.0,60.0,40.0,35.0,2.0,1.0,2.0,2.0,1.0,2.0,2.0,1.0,2.0,1.0,1.0,1.0,2.0,1.0,1.0,2.0,1.0,1.0,2.0,1.0,1.0,1.0,2.0,1.0,2.0,1.0,1.0,2.0,2.0,1.0,2.0,2.0,1.0,1.0,2.0,1.0,1.0,2.0,2.0,1.0
1524,4,4,4,5,5,5,5,4,1,2,70.0,,4.0,,3.0,4.0,5.0,,,,,6.0,,,2.0,1.0,,2.0,4.0,5.0,,,,,,,,15.0,1.0,,4.0,,,,1.0,5.0,,1.0,1.0,1.0,1.0,1.0,1.0,1.0,1.0,1.0,1.0,,,,,,,6,3,5,4,3,5,6,5,4,2,60.0,55.0,58.0,65.0,70.0,68.0,75.0,60.0,40.0,45.0,1.0,2.0,2.0,2.0,2.0,1.0,2.0,2.0,2.0,2.0,2.0,2.0,1.0,1.0,1.0,2.0,1.0,1.0,1.0,1.0,2.0,1.0,1.0,1.0,2.0,1.0,2.0,2.0,2.0,2.0,2.0,1.0,1.0,2.0,1.0,1.0,1.0,2.0,1.0,1.0
956,5,5,5,5,5,5,5,5,1,2,,30.0,,2.0,3.0,4.0,6.0,,,,,,1.0,54.0,,1.0,,,,,4.0,5.0,6.0,,,,18.0,,,2.0,,6.0,,,1.0,,5.0,,,,,,,,,,,1.0,1.0,1.0,1.0,1.0,1.0,6,3,4,4,2,5,6,6,3,2,60.0,55.0,58.0,65.0,68.0,62.0,70.0,60.0,40.0,45.0,1.0,1.0,1.0,1.0,2.0,1.0,1.0,2.0,2.0,2.0,2.0,1.0,1.0,1.0,1.0,2.0,1.0,2.0,2.0,1.0,2.0,2.0,2.0,1.0,2.0,1.0,1.0,2.0,1.0,1.0,2.0,2.0,2.0,2.0,2.0,1.0,2.0,2.0,2.0,1.0
825,2,3,2,2,3,2,3,2,4,3,,30.0,,2.0,3.0,4.0,5.0,,,,,6.0,1.0,40.0,,,2.0,,,,3.0,4.0,4.0,,,,15.0,,,2.0,4.0,,,1.0,,4.0,,,,,,,,,,,,1.0,1.0,1.0,1.0,1.0,1.0,6,3,4,4,3,5,6,6,3,2,40.0,35.0,38.0,40.0,45.0,35.0,50.0,38.0,55.0,40.0,2.0,2.0,2.0,1.0,1.0,1.0,1.0,2.0,1.0,1.0,2.0,2.0,1.0,1.0,2.0,1.0,1.0,2.0,2.0,1.0,1.0,2.0,2.0,1.0,1.0,1.0,1.0,2.0,1.0,2.0,2.0,2.0,2.0,1.0,1.0,1.0,2.0,2.0,2.0,1.0
270,4,4,4,4,4,4,4,4,2,2,70.0,,,2.0,,,,3.0,4.0,3.0,6.0,,,,2.0,,2.0,,,,,,,3.0,4.0,5.0,20.0,,,2.0,4.0,,,,1.0,,4.0,,,,,,,,,,,1.0,1.0,1.0,1.0,1.0,1.0,6,3,4,4,2,5,6,6,3,2,55.0,50.0,52.0,60.0,65.0,58.0,70.0,60.0,40.0,35.0,1.0,2.0,1.0,1.0,1.0,2.0,1.0,1.0,1.0,2.0,2.0,2.0,2.0,2.0,1.0,2.0,1.0,1.0,1.0,2.0,2.0,1.0,2.0,1.0,1.0,1.0,1.0,1.0,1.0,1.0,1.0,1.0,1.0,1.0,2.0,2.0,1.0,1.0,1.0,1.0
303,5,5,5,5,5,5,5,5,1,1,70.0,,5.0,,,,,4.0,5.0,3.0,6.0,,,,2.0,1.0,,2.0,5.0,6.0,,,,,,,18.0,,1.0,,,6.0,,1.0,,,5.0,,,,,,,,,,,1.0,1.0,1.0,1.0,1.0,1.0,6,3,4,3,3,5,6,6,4,2,55.0,60.0,58.0,62.0,65.0,60.0,70.0,55.0,40.0,35.0,2.0,1.0,1.0,2.0,1.0,1.0,2.0,1.0,2.0,2.0,1.0,2.0,2.0,1.0,1.0,2.0,1.0,2.0,2.0,1.0,1.0,2.0,1.0,1.0,2.0,1.0,1.0,2.0,1.0,2.0,1.0,1.0,1.0,2.0,1.0,1.0,1.0,2.0,2.0,1.0
1496,3,3,3,3,3,3,4,3,3,3,70.0,,,2.0,,,,3.0,5.0,3.0,5.0,,,,2.0,1.0,,2.0,4.0,5.0,,,,,,,18.0,,,2.0,4.0,,,1.0,,,4.0,,,,,,,,,,,1.0,1.0,1.0,1.0,1.0,1.0,6,3,4,4,3,5,6,6,3,2,55.0,50.0,50.0,60.0,65.0,60.0,70.0,55.0,45.0,50.0,2.0,2.0,1.0,1.0,2.0,1.0,2.0,2.0,1.0,1.0,1.0,2.0,1.0,2.0,2.0,2.0,2.0,2.0,2.0,2.0,1.0,1.0,1.0,2.0,2.0,2.0,2.0,1.0,1.0,1.0,1.0,1.0,1.0,1.0,1.0,2.0,2.0,1.0,1.0,1.0
1670,4,4,4,4,4,4,4,4,2,2,,30.0,,2.0,,,,3.0,4.0,2.0,6.0,,,,2.0,1.0,,2.0,4.0,4.0,,,,,,,,18.0,,2.0,3.0,,,,1.0,4.0,,,,,,,,,,,,1.0,1.0,1.0,1.0,1.0,1.0,6,3,4,3,3,5,6,5,3,2,55.0,50.0,52.0,60.0,62.0,58.0,65.0,54.0,40.0,42.0,1.0,1.0,1.0,1.0,1.0,2.0,1.0,1.0,1.0,1.0,1.0,1.0,1.0,2.0,2.0,1.0,2.0,2.0,1.0,1.0,2.0,2.0,2.0,1.0,2.0,1.0,1.0,2.0,1.0,1.0,2.0,1.0,2.0,2.0,1.0,1.0,2.0,2.0,1.0,2.0
1703,4,4,4,5,5,5,5,5,1,1,,30.0,,2.0,3.0,4.0,5.0,,,,6.0,,,,2.0,1.0,,,,,,,,4.0,5.0,6.0,5.0,,1.0,,,6.0,,1.0,,5.0,,1.0,1.0,1.0,1.0,1.0,1.0,1.0,1.0,1.0,1.0,,,,,,,6,3,4,3,3,5,6,5,4,2,60.0,55.0,60.0,70.0,75.0,65.0,80.0,65.0,40.0,35.0,1.0,2.0,2.0,2.0,1.0,1.0,1.0,1.0,2.0,2.0,1.0,1.0,1.0,1.0,2.0,1.0,2.0,1.0,1.0,2.0,2.0,2.0,2.0,1.0,2.0,2.0,2.0,2.0,2.0,2.0,2.0,2.0,2.0,1.0,1.0,2.0,2.0,1.0,1.0,2.0
2003,2,3,2,2,3,2,3,2,4,3,70.0,,,2.0,3.0,4.0,6.0,,,,,6.0,,,2.0,,2.0,2.0,4.0,4.0,,,,,,,,15.0,,2.0,,,3.0,1.0,,,4.0,,,,,,,,,,,1.0,1.0,1.0,1.0,1.0,1.0,6,3,4,4,2,5,6,6,3,2,45.0,40.0,40.0,50.0,55.0,45.0,60.0,40.0,35.0,40.0,2.0,1.0,2.0,1.0,1.0,1.0,2.0,1.0,2.0,2.0,2.0,1.0,1.0,2.0,2.0,1.0,1.0,2.0,1.0,1.0,2.0,1.0,2.0,1.0,2.0,2.0,2.0,2.0,2.0,2.0,2.0,2.0,1.0,2.0,1.0,2.0,2.0,2.0,1.0,1.0
997,4,4,4,4,4,4,4,4,2,2,70.0,,4.0,,,,,3.0,5.0,3.0,5.0,,1.0,40.0,,,2.0,2.0,4.0,4.0,,,,,,,,18.0,,2.0,,,2.0,1.0,,4.0,,,,,,,,,,,,1.0,1.0,1.0,1.0,1.0,1.0,6,3,4,4,3,5,6,6,3,2,55.0,50.0,52.0,60.0,62.0,58.0,65.0,54.0,40.0,42.0,2.0,2.0,1.0,1.0,2.0,2.0,2.0,2.0,1.0,2.0,1.0,1.0,2.0,1.0,1.0,2.0,2.0,1.0,2.0,1.0,2.0,1.0,2.0,2.0,1.0,1.0,2.0,2.0,1.0,1.0,1.0,1.0,2.0,1.0,2.0,1.0,1.0,2.0,2.0,1.0
72,4,4,4,4,4,4,4,4,2,2,70.0,,,2.0,3.0,4.0,5.0,,,,6.0,,1.0,54.0,,1.0,,,,,,,,3.0,4.0,5.0,16.0,,1.0,,,,3.0,1.0,,4.0,,1.0,1.0,1.0,1.0,1.0,1.0,1.0,1.0,1.0,1.0,,,,,,,6,3,5,4,3,5,6,5,3,2,55.0,50.0,52.0,60.0,65.0,58.0,70.0,60.0,40.0,38.0,1.0,1.0,2.0,2.0,1.0,2.0,1.0,1.0,1.0,2.0,1.0,2.0,1.0,1.0,2.0,1.0,2.0,1.0,1.0,1.0,1.0,2.0,1.0,2.0,1.0,1.0,1.0,2.0,2.0,1.0,1.0,2.0,1.0,2.0,1.0,2.0,2.0,1.0,1.0,2.0
205,4,4,4,4,4,4,4,4,2,2,,30.0,,2.0,,,,3.0,5.0,4.0,6.0,,1.0,40.0,,,2.0,2.0,4.0,5.0,,,,,,,16.0,,1.0,,,,3.0,,1.0,,4.0,,,,,,,,,,,1.0,1.0,1.0,1.0,1.0,1.0,6,3,5,4,3,5,6,5,3,2,60.0,55.0,58.0,65.0,68.0,62.0,70.0,60.0,40.0,45.0,2.0,2.0,1.0,1.0,1.0,1.0,1.0,1.0,1.0,1.0,2.0,1.0,2.0,1.0,1.0,1.0,2.0,2.0,2.0,1.0,2.0,1.0,1.0,1.0,1.0,1.0,1.0,2.0,1.0,1.0,1.0,2.0,1.0,1.0,1.0,1.0,2.0,2.0,2.0,2.0
376,4,4,4,5,5,5,5,4,2,2,70.0,,3.0,,,,,3.0,5.0,4.0,6.0,,,,2.0,,2.0,2.0,4.0,5.0,,,,,,,,18.0,1.0,,,,2.0,1.0,,4.0,,,,,,,,,,,,1.0,1.0,1.0,1.0,1.0,1.0,6,3,4,3,2,5,6,5,3,2,60.0,55.0,58.0,65.0,68.0,62.0,70.0,60.0,40.0,45.0,2.0,2.0,2.0,1.0,2.0,1.0,2.0,2.0,2.0,2.0,2.0,2.0,1.0,1.0,2.0,2.0,1.0,2.0,1.0,2.0,2.0,2.0,2.0,2.0,2.0,1.0,2.0,2.0,1.0,1.0,1.0,2.0,2.0,2.0,2.0,2.0,1.0,2.0,1.0,2.0
190,2,2,2,2,2,2,2,2,4,4,70.0,,,2.0,,,,3.0,5.0,4.0,,6.0,1.0,40.0,,1.0,,,,,2.0,2.0,3.0,,,,,5.0,1.0,,3.0,,,,1.0,3.0,,,,,,,,,,,,1.0,1.0,1.0,1.0,1.0,1.0,6,3,4,3,2,5,6,5,2,1,35.0,30.0,30.0,30.0,35.0,30.0,40.0,30.0,50.0,45.0,2.0,2.0,1.0,2.0,1.0,1.0,1.0,1.0,2.0,2.0,1.0,2.0,1.0,1.0,1.0,1.0,1.0,2.0,2.0,2.0,1.0,1.0,1.0,1.0,1.0,1.0,1.0,1.0,1.0,1.0,1.0,2.0,1.0,1.0,2.0,1.0,1.0,2.0,1.0,1.0
419,5,5,5,5,5,5,5,5,1,2,70.0,,5.0,,,,,3.0,5.0,4.0,6.0,,,,2.0,,2.0,,,,,,,4.0,5.0,6.0,,18.0,,2.0,5.0,,,1.0,,5.0,,,,,,,,,,,,1.0,1.0,1.0,1.0,1.0,1.0,6,3,4,4,2,5,6,6,4,2,60.0,55.0,58.0,65.0,70.0,62.0,75.0,60.0,40.0,45.0,1.0,1.0,1.0,2.0,1.0,2.0,2.0,1.0,2.0,2.0,1.0,1.0,1.0,2.0,1.0,1.0,1.0,1.0,2.0,1.0,1.0,2.0,1.0,2.0,1.0,2.0,1.0,1.0,2.0,2.0,1.0,2.0,1.0,1.0,1.0,1.0,2.0,1.0,1.0,2.0
1605,5,5,5,5,5,5,5,5,1,2,,30.0,5.0,,,,,3.0,4.0,2.0,6.0,,,,2.0,1.0,,,,,,,,4.0,5.0,6.0,,18.0,1.0,,5.0,,,2.0,,5.0,,,,,,,,,,,,1.0,1.0,1.0,1.0,1.0,1.0,6,3,4,3,3,5,6,6,4,2,60.0,55.0,50.0,65.0,70.0,60.0,75.0,60.0,40.0,35.0,2.0,1.0,2.0,1.0,1.0,1.0,2.0,1.0,2.0,2.0,2.0,2.0,1.0,1.0,2.0,2.0,1.0,2.0,2.0,2.0,1.0,2.0,2.0,1.0,1.0,1.0,2.0,2.0,2.0,2.0,2.0,1.0,2.0,1.0,2.0,1.0,1.0,2.0,1.0,2.0
1776,5,5,5,5,5,5,5,5,1,2,,30.0,5.0,,3.0,4.0,6.0,,,,,6.0,1.0,40.0,,1.0,,2.0,4.0,5.0,,,,,,,,18.0,,2.0,,,3.0,1.0,,5.0,,,,,,,,,,,,1.0,1.0,1.0,1.0,1.0,1.0,6,3,4,3,3,5,6,5,4,2,60.0,55.0,60.0,65.0,70.0,60.0,70.0,60.0,40.0,45.0,2.0,1.0,2.0,2.0,2.0,1.0,1.0,1.0,2.0,1.0,2.0,1.0,2.0,2.0,1.0,2.0,2.0,2.0,1.0,1.0,1.0,2.0,2.0,1.0,1.0,2.0,1.0,1.0,2.0,1.0,1.0,2.0,1.0,1.0,2.0,1.0,2.0,2.0,2.0,1.0
1590,4,4,4,4,4,4,4,4,2,2,,30.0,,2.0,,,,3.0,4.0,2.0,6.0,,,,2.0,1.0,,2.0,4.0,4.0,,,,,,,,15.0,,2.0,,,3.0,,1.0,,4.0,,,,,,,,,,,1.0,1.0,1.0,1.0,1.0,1.0,6,3,4,3,3,5,6,5,3,2,55.0,50.0,52.0,60.0,62.0,58.0,65.0,54.0,40.0,42.0,,,,,,,,,,,,,,,,,,,,,,,,,,,,,,,,,,,,,,,,
1019,3,4,4,4,4,4,4,4,2,2,,30.0,4.0,,,,,3.0,4.0,2.0,,6.0,,,2.0,,2.0,2.0,4.0,5.0,,,,,,,18.0,,,2.0,5.0,,,,1.0,,4.0,1.0,1.0,1.0,1.0,1.0,1.0,1.0,1.0,1.0,1.0,,,,,,,6,3,4,4,3,5,6,6,3,2,55.0,60.0,60.0,65.0,65.0,60.0,70.0,60.0,45.0,40.0,2.0,1.0,1.0,1.0,1.0,2.0,1.0,2.0,2.0,1.0,1.0,2.0,2.0,2.0,1.0,1.0,1.0,2.0,1.0,1.0,1.0,1.0,1.0,1.0,1.0,1.0,1.0,2.0,1.0,1.0,1.0,1.0,2.0,1.0,1.0,1.0,1.0,1.0,1.0,1.0
1918,4,4,4,4,4,4,4,4,2,2,70.0,,,2.0,,,,3.0,5.0,2.0,6.0,,1.0,40.0,,,2.0,,,,,,,3.0,4.0,4.0,20.0,,,2.0,,4.0,,,1.0,4.0,,,,,,,,,,,,1.0,1.0,1.0,1.0,1.0,1.0,6,3,4,4,2,5,6,6,3,2,60.0,55.0,60.0,65.0,65.0,60.0,70.0,60.0,40.0,40.0,1.0,1.0,1.0,2.0,1.0,2.0,1.0,1.0,2.0,1.0,1.0,2.0,2.0,2.0,1.0,2.0,2.0,1.0,2.0,1.0,2.0,2.0,2.0,1.0,2.0,2.0,1.0,2.0,1.0,2.0,1.0,2.0,1.0,1.0,1.0,1.0,2.0,1.0,2.0,2.0
891,2,3,2,2,3,2,3,2,4,2,,30.0,,2.0,,,,3.0,4.0,3.0,6.0,,,,2.0,,2.0,,,,2.0,4.0,5.0,,,,,15.0,1.0,,,6.0,,1.0,,4.0,,,,,,,,,,,,1.0,1.0,1.0,1.0,1.0,1.0,6,3,4,4,2,5,6,5,3,2,45.0,40.0,40.0,35.0,45.0,35.0,50.0,40.0,55.0,40.0,2.0,2.0,1.0,1.0,2.0,1.0,2.0,1.0,2.0,2.0,1.0,2.0,1.0,1.0,2.0,1.0,2.0,1.0,1.0,2.0,1.0,2.0,1.0,2.0,1.0,2.0,1.0,2.0,2.0,1.0,2.0,1.0,1.0,2.0,1.0,1.0,1.0,1.0,2.0,1.0
151,3,3,3,2,3,2,4,2,4,3,,30.0,,2.0,,,,3.0,5.0,4.0,6.0,,1.0,54.0,,1.0,,3.0,4.0,5.0,,,,,,,,15.0,1.0,,3.0,,,,1.0,,4.0,1.0,1.0,1.0,1.0,1.0,1.0,1.0,1.0,1.0,1.0,,,,,,,6,3,4,4,2,5,6,6,3,2,45.0,40.0,40.0,50.0,55.0,40.0,60.0,35.0,45.0,40.0,2.0,1.0,1.0,2.0,1.0,1.0,1.0,1.0,2.0,2.0,1.0,1.0,2.0,1.0,1.0,1.0,2.0,1.0,1.0,1.0,2.0,2.0,2.0,1.0,1.0,1.0,1.0,2.0,2.0,1.0,2.0,1.0,2.0,1.0,2.0,1.0,2.0,1.0,1.0,2.0
1422,5,5,5,5,5,5,5,5,2,2,70.0,,4.0,,3.0,4.0,6.0,,,,6.0,,,,2.0,,2.0,,,,3.0,5.0,6.0,,,,,0.0,,2.0,,,2.0,,1.0,,5.0,,,,,,,,,,,1.0,1.0,1.0,1.0,1.0,1.0,6,3,4,3,2,5,6,5,4,2,60.0,55.0,60.0,65.0,70.0,60.0,75.0,60.0,40.0,35.0,2.0,1.0,2.0,1.0,1.0,1.0,2.0,2.0,2.0,1.0,2.0,1.0,2.0,1.0,2.0,1.0,2.0,1.0,1.0,2.0,1.0,1.0,1.0,1.0,2.0,2.0,2.0,1.0,1.0,1.0,2.0,2.0,1.0,2.0,2.0,1.0,2.0,1.0,2.0,2.0
1551,5,5,5,5,5,5,5,5,1,2,70.0,,,1.0,,,,3.0,5.0,2.0,,6.0,,,2.0,1.0,,,,,4.0,5.0,6.0,,,,20.0,,,2.0,,9.0,,1.0,,,5.0,,,,,,,,,,,1.0,1.0,1.0,1.0,1.0,1.0,6,3,4,3,3,5,6,5,4,2,60.0,55.0,58.0,65.0,70.0,62.0,75.0,60.0,40.0,45.0,2.0,2.0,2.0,1.0,1.0,1.0,1.0,1.0,1.0,2.0,1.0,2.0,2.0,2.0,1.0,1.0,2.0,1.0,2.0,2.0,1.0,2.0,1.0,1.0,1.0,2.0,2.0,2.0,1.0,1.0,2.0,1.0,2.0,1.0,1.0,1.0,2.0,2.0,1.0,1.0
923,5,5,5,5,5,5,5,5,1,1,,30.0,5.0,,2.0,3.0,6.0,,,,,6.0,,,2.0,,2.0,,,,2.0,5.0,6.0,,,,,18.0,1.0,,,6.0,,,1.0,,5.0,,,,,,,,,,,1.0,1.0,1.0,1.0,1.0,1.0,6,3,4,3,3,5,6,6,4,2,55.0,50.0,52.0,60.0,65.0,58.0,70.0,60.0,40.0,35.0,2.0,2.0,2.0,2.0,1.0,2.0,1.0,2.0,1.0,2.0,1.0,2.0,1.0,2.0,2.0,2.0,1.0,1.0,2.0,1.0,2.0,2.0,2.0,1.0,2.0,1.0,2.0,2.0,1.0,2.0,2.0,1.0,1.0,2.0,2.0,2.0,2.0,1.0,1.0,2.0
850,5,5,5,5,5,5,5,5,1,2,70.0,,4.0,,,,,3.0,5.0,2.0,,6.0,1.0,54.0,,1.0,,,,,4.0,5.0,6.0,,,,,5.0,1.0,,,7.0,,1.0,,,5.0,1.0,1.0,1.0,1.0,1.0,1.0,1.0,1.0,1.0,1.0,,,,,,,6,3,4,3,3,5,6,6,4,2,55.0,50.0,52.0,60.0,65.0,58.0,70.0,54.0,40.0,38.0,2.0,2.0,1.0,2.0,2.0,2.0,1.0,2.0,2.0,1.0,1.0,1.0,2.0,1.0,1.0,2.0,2.0,1.0,1.0,2.0,2.0,1.0,2.0,1.0,2.0,2.0,2.0,2.0,1.0,2.0,1.0,1.0,1.0,1.0,2.0,1.0,1.0,1.0,1.0,1.0
1633,4,4,4,2,3,2,5,2,4,2,70.0,,2.0,,,,,3.0,5.0,2.0,6.0,,,,2.0,1.0,,2.0,4.0,5.0,,,,,,,18.0,,1.0,,,,2.0,,1.0,,4.0,1.0,1.0,1.0,1.0,1.0,1.0,1.0,1.0,1.0,1.0,,,,,,,6,3,4,3,3,5,6,5,3,2,55.0,50.0,52.0,48.0,50.0,45.0,60.0,47.0,40.0,42.0,1.0,1.0,1.0,1.0,1.0,2.0,2.0,1.0,1.0,2.0,1.0,1.0,1.0,1.0,2.0,1.0,1.0,2.0,1.0,2.0,1.0,1.0,1.0,1.0,1.0,2.0,1.0,2.0,2.0,1.0,2.0,1.0,2.0,1.0,1.0,2.0,1.0,2.0,2.0,1.0
1740,4,4,4,3,4,4,5,4,2,2,70.0,,4.0,,,,,3.0,5.0,4.0,,5.0,1.0,54.0,,,2.0,2.0,4.0,5.0,,,,,,,18.0,,,2.0,,,3.0,,1.0,4.0,,1.0,1.0,1.0,1.0,1.0,1.0,1.0,1.0,1.0,1.0,,,,,,,6,3,4,4,3,5,6,6,3,2,55.0,50.0,52.0,60.0,65.0,58.0,70.0,60.0,40.0,38.0,2.0,2.0,2.0,2.0,2.0,2.0,1.0,1.0,1.0,2.0,1.0,1.0,1.0,1.0,1.0,1.0,2.0,2.0,1.0,1.0,2.0,1.0,2.0,1.0,1.0,1.0,2.0,1.0,1.0,2.0,1.0,1.0,2.0,2.0,1.0,1.0,2.0,1.0,2.0,2.0
233,4,4,4,5,5,5,5,4,1,2,,30.0,3.0,,,,,3.0,4.0,2.0,,6.0,,,2.0,,2.0,,,,4.0,4.0,5.0,,,,,15.0,,2.0,,6.0,,1.0,,,5.0,,,,,,,,,,,1.0,1.0,1.0,1.0,1.0,1.0,6,3,4,4,2,5,6,6,3,2,55.0,50.0,52.0,60.0,65.0,62.0,70.0,58.0,40.0,45.0,2.0,1.0,1.0,2.0,1.0,1.0,2.0,2.0,1.0,2.0,1.0,2.0,2.0,2.0,2.0,1.0,2.0,1.0,1.0,1.0,2.0,1.0,1.0,1.0,2.0,2.0,2.0,1.0,2.0,2.0,1.0,1.0,2.0,1.0,2.0,2.0,2.0,1.0,1.0,2.0
340,2,2,2,1,2,2,2,1,4,4,70.0,,2.0,,2.0,3.0,6.0,,,,,5.0,1.0,30.0,,,2.0,,,,,,,2.0,4.0,4.0,,15.0,,2.0,,,2.0,1.0,,,4.0,,,,,,,,,,,1.0,1.0,1.0,1.0,1.0,1.0,6,3,4,4,2,5,6,6,3,2,40.0,35.0,35.0,30.0,35.0,35.0,35.0,30.0,45.0,45.0,1.0,2.0,2.0,2.0,1.0,2.0,2.0,1.0,2.0,1.0,2.0,1.0,2.0,2.0,2.0,1.0,1.0,2.0,1.0,1.0,1.0,1.0,2.0,1.0,2.0,1.0,2.0,2.0,1.0,1.0,2.0,1.0,1.0,1.0,1.0,2.0,1.0,1.0,1.0,1.0
31,4,4,4,4,4,4,4,4,2,2,70.0,,,2.0,,,,3.0,4.0,2.0,6.0,,,,2.0,1.0,,,,,,,,3.0,4.0,5.0,,15.0,1.0,,4.0,,,1.0,,,4.0,,,,,,,,,,,1.0,1.0,1.0,1.0,1.0,1.0,6,3,4,3,3,5,6,6,3,2,55.0,50.0,52.0,60.0,62.0,58.0,65.0,54.0,40.0,42.0,2.0,1.0,1.0,2.0,1.0,1.0,2.0,2.0,2.0,1.0,1.0,2.0,1.0,1.0,1.0,1.0,2.0,1.0,2.0,2.0,2.0,2.0,1.0,1.0,2.0,2.0,1.0,2.0,1.0,1.0,2.0,1.0,2.0,1.0,1.0,2.0,1.0,2.0,2.0,1.0
2040,4,4,4,4,4,4,4,4,2,2,70.0,,,2.0,,,,3.0,4.0,2.0,6.0,,1.0,54.0,,,2.0,,,,,,,3.0,4.0,5.0,18.0,,,2.0,,5.0,,,1.0,,4.0,,,,,,,,,,,1.0,1.0,1.0,1.0,1.0,1.0,6,3,4,3,3,5,6,5,3,2,55.0,50.0,52.0,60.0,65.0,58.0,70.0,54.0,40.0,38.0,1.0,2.0,2.0,1.0,2.0,1.0,2.0,2.0,1.0,2.0,2.0,2.0,1.0,2.0,1.0,2.0,1.0,2.0,2.0,1.0,2.0,2.0,1.0,1.0,1.0,1.0,2.0,1.0,1.0,1.0,1.0,1.0,1.0,1.0,2.0,2.0,1.0,1.0,2.0,2.0
5,3,3,3,3,4,3,4,3,2,2,,30.0,3.0,,,,,3.0,4.0,2.0,6.0,,1.0,54.0,,1.0,,,,,3.0,4.0,4.0,,,,,15.0,1.0,,,6.0,,1.0,,,4.0,,,,,,,,,,,1.0,1.0,1.0,1.0,1.0,1.0,6,3,4,4,3,5,6,6,3,2,45.0,40.0,42.0,50.0,55.0,48.0,60.0,44.0,38.0,35.0,1.0,2.0,2.0,2.0,1.0,1.0,1.0,1.0,2.0,1.0,1.0,1.0,1.0,2.0,1.0,2.0,2.0,1.0,2.0,2.0,2.0,1.0,1.0,2.0,1.0,1.0,2.0,2.0,1.0,2.0,1.0,1.0,1.0,2.0,1.0,1.0,1.0,2.0,1.0,2.0
1414,3,3,3,2,3,2,4,2,4,2,70.0,,,2.0,,,,4.0,5.0,3.0,6.0,,1.0,54.0,,,2.0,2.0,3.0,4.0,,,,,,,,15.0,1.0,,,6.0,,,1.0,4.0,,,,,,,,,,,,1.0,1.0,1.0,1.0,1.0,1.0,6,3,5,4,3,5,6,5,3,2,55.0,50.0,52.0,60.0,62.0,58.0,65.0,54.0,57.0,53.0,1.0,1.0,1.0,2.0,1.0,2.0,1.0,1.0,1.0,2.0,1.0,2.0,1.0,1.0,2.0,2.0,1.0,1.0,1.0,1.0,1.0,2.0,2.0,1.0,2.0,2.0,2.0,1.0,1.0,2.0,1.0,2.0,2.0,2.0,1.0,2.0,1.0,1.0,2.0,2.0
1567,5,5,5,5,5,5,5,5,1,2,,30.0,,2.0,,,,3.0,4.0,2.0,6.0,,,,2.0,1.0,,2.0,4.0,5.0,,,,,,,12.0,,,2.0,,,3.0,1.0,,5.0,,1.0,1.0,1.0,1.0,1.0,1.0,1.0,1.0,1.0,1.0,,,,,,,6,3,4,3,3,5,6,5,4,2,60.0,55.0,58.0,65.0,70.0,62.0,75.0,60.0,40.0,45.0,1.0,2.0,1.0,1.0,2.0,1.0,2.0,1.0,2.0,1.0,1.0,2.0,1.0,1.0,1.0,1.0,1.0,1.0,1.0,1.0,1.0,2.0,1.0,2.0,1.0,1.0,2.0,1.0,1.0,2.0,2.0,1.0,2.0,2.0,2.0,2.0,2.0,2.0,2.0,1.0
1781,4,4,4,4,4,4,4,4,2,2,70.0,,,2.0,3.0,4.0,5.0,,,,,6.0,,,2.0,,2.0,,,,3.0,4.0,5.0,,,,,15.0,,2.0,,,2.0,1.0,,,4.0,1.0,1.0,1.0,1.0,1.0,1.0,1.0,1.0,1.0,1.0,,,,,,,6,3,4,3,3,5,6,5,3,2,55.0,50.0,52.0,60.0,62.0,58.0,65.0,54.0,40.0,38.0,1.0,2.0,2.0,1.0,2.0,2.0,1.0,2.0,1.0,1.0,2.0,2.0,2.0,2.0,1.0,1.0,1.0,1.0,2.0,2.0,2.0,2.0,1.0,1.0,2.0,2.0,1.0,1.0,1.0,2.0,1.0,2.0,2.0,1.0,2.0,1.0,1.0,2.0,2.0,2.0
1208,2,2,2,1,2,2,2,1,4,4,,30.0,1.0,,,,,3.0,5.0,2.0,6.0,,,,2.0,,2.0,,,,,,,2.0,4.0,4.0,18.0,,1.0,,,,2.0,1.0,,,4.0,,,,,,,,,,,1.0,1.0,1.0,1.0,1.0,1.0,6,3,4,4,2,5,6,6,3,2,40.0,38.0,35.0,30.0,35.0,35.0,40.0,30.0,45.0,45.0,2.0,2.0,1.0,2.0,1.0,1.0,1.0,2.0,2.0,1.0,1.0,1.0,2.0,1.0,2.0,2.0,2.0,1.0,2.0,2.0,1.0,2.0,2.0,2.0,2.0,2.0,1.0,2.0,1.0,2.0,1.0,1.0,1.0,1.0,1.0,2.0,1.0,2.0,1.0,1.0
167,4,4,4,4,4,4,5,4,2,2,70.0,,3.0,,3.0,4.0,5.0,,,,6.0,,,,2.0,,2.0,2.0,4.0,5.0,,,,,,,15.0,,1.0,,4.0,,,1.0,,4.0,,1.0,1.0,1.0,1.0,1.0,1.0,1.0,1.0,1.0,1.0,,,,,,,6,3,4,4,2,5,6,6,3,2,55.0,50.0,52.0,60.0,65.0,58.0,70.0,60.0,40.0,45.0,2.0,1.0,2.0,2.0,1.0,2.0,1.0,1.0,2.0,1.0,1.0,1.0,1.0,1.0,1.0,2.0,1.0,1.0,1.0,2.0,1.0,1.0,2.0,2.0,2.0,2.0,2.0,1.0,2.0,2.0,1.0,1.0,1.0,1.0,2.0,2.0,1.0,2.0,2.0,1.0
381,3,3,3,4,4,3,4,4,2,2,,30.0,3.0,,,,,3.0,4.0,3.0,,6.0,,,2.0,,2.0,,,,,,,3.0,4.0,5.0,,15.0,1.0,,,,2.0,1.0,,,4.0,,,,,,,,,,,1.0,1.0,1.0,1.0,1.0,1.0,6,3,4,4,3,5,6,5,3,2,45.0,40.0,40.0,55.0,60.0,50.0,65.0,55.0,35.0,35.0,1.0,2.0,1.0,1.0,2.0,2.0,2.0,1.0,2.0,2.0,1.0,2.0,2.0,2.0,1.0,1.0,1.0,1.0,2.0,1.0,2.0,2.0,2.0,2.0,1.0,2.0,1.0,1.0,1.0,2.0,2.0,2.0,1.0,1.0,2.0,2.0,1.0,1.0,1.0,2.0
608,4,4,4,4,4,4,5,4,2,2,,30.0,,2.0,3.0,4.0,5.0,,,,,6.0,1.0,54.0,,,2.0,,,,,,,3.0,4.0,5.0,18.0,,,2.0,,,3.0,1.0,,,4.0,1.0,1.0,1.0,1.0,1.0,1.0,1.0,1.0,1.0,1.0,,,,,,,6,3,4,3,2,5,6,5,3,2,55.0,50.0,52.0,60.0,62.0,58.0,65.0,54.0,40.0,42.0,2.0,2.0,1.0,1.0,2.0,2.0,1.0,2.0,1.0,1.0,2.0,1.0,1.0,1.0,1.0,2.0,1.0,1.0,2.0,2.0,1.0,1.0,2.0,1.0,1.0,1.0,1.0,2.0,1.0,1.0,2.0,1.0,1.0,2.0,1.0,2.0,1.0,2.0,2.0,1.0
915,4,4,4,5,5,5,5,5,1,2,70.0,,,1.0,,,,3.0,5.0,2.0,,,1.0,54.0,,,2.0,1.0,4.0,5.0,,,,,,,,18.0,1.0,,,6.0,,1.0,,,5.0,,,,,,,,,,,1.0,1.0,1.0,1.0,1.0,1.0,6,3,5,4,3,5,6,5,3,2,55.0,50.0,52.0,60.0,65.0,62.0,70.0,60.0,40.0,45.0,1.0,2.0,2.0,2.0,1.0,1.0,2.0,2.0,1.0,2.0,1.0,2.0,2.0,1.0,1.0,2.0,1.0,2.0,2.0,2.0,1.0,1.0,2.0,1.0,1.0,2.0,2.0,2.0,2.0,2.0,1.0,2.0,1.0,1.0,2.0,1.0,1.0,1.0,2.0,2.0
866,4,4,4,5,5,5,5,4,1,2,,30.0,,2.0,3.0,4.0,5.0,,,,,6.0,1.0,54.0,,,2.0,,,,,,,3.0,4.0,5.0,,15.0,1.0,,,,3.0,1.0,,,4.0,1.0,1.0,1.0,1.0,1.0,1.0,1.0,1.0,1.0,1.0,,,,,,,6,3,4,3,2,5,6,5,3,2,55.0,50.0,52.0,60.0,65.0,62.0,70.0,58.0,40.0,45.0,2.0,2.0,2.0,2.0,1.0,2.0,1.0,2.0,2.0,1.0,2.0,1.0,2.0,1.0,2.0,2.0,2.0,2.0,1.0,1.0,1.0,1.0,1.0,1.0,2.0,2.0,1.0,1.0,2.0,2.0,1.0,1.0,1.0,1.0,1.0,1.0,1.0,1.0,1.0,1.0
1687,5,5,5,5,5,5,5,5,1,1,70.0,,,1.0,,,,3.0,5.0,3.0,6.0,,1.0,54.0,,,2.0,,,,,,,4.0,5.0,6.0,,18.0,1.0,,,,2.0,,1.0,5.0,,1.0,1.0,1.0,1.0,1.0,1.0,1.0,1.0,1.0,1.0,,,,,,,6,3,4,3,3,5,6,6,4,2,60.0,55.0,60.0,65.0,70.0,60.0,75.0,60.0,40.0,35.0,1.0,2.0,2.0,1.0,1.0,1.0,1.0,1.0,1.0,1.0,1.0,1.0,1.0,2.0,1.0,2.0,2.0,1.0,1.0,1.0,2.0,1.0,2.0,2.0,2.0,2.0,2.0,2.0,1.0,1.0,1.0,1.0,2.0,1.0,1.0,2.0,2.0,1.0,2.0,1.0
1461,5,5,5,5,5,5,5,5,1,2,70.0,,4.0,,,,,3.0,5.0,2.0,,6.0,1.0,54.0,,,2.0,,,,,,,4.0,5.0,6.0,20.0,,,2.0,,,2.0,,1.0,,5.0,1.0,1.0,1.0,1.0,1.0,1.0,1.0,1.0,1.0,1.0,,,,,,,6,3,4,4,3,5,6,6,4,2,60.0,55.0,55.0,65.0,70.0,60.0,70.0,60.0,35.0,40.0,1.0,2.0,2.0,1.0,2.0,1.0,1.0,2.0,2.0,1.0,2.0,2.0,2.0,1.0,1.0,2.0,1.0,1.0,2.0,2.0,1.0,2.0,2.0,2.0,1.0,2.0,2.0,1.0,2.0,1.0,2.0,2.0,1.0,1.0,1.0,2.0,2.0,1.0,2.0,2.0
287,2,2,2,2,2,2,4,2,4,4,70.0,,2.0,,,,,3.0,4.0,2.0,,5.0,,,2.0,1.0,,,,,,,,2.0,4.0,5.0,,15.0,1.0,,4.0,,,,1.0,,4.0,1.0,1.0,1.0,1.0,1.0,1.0,1.0,1.0,1.0,1.0,,,,,,,6,3,4,4,2,5,6,6,3,2,45.0,40.0,40.0,50.0,55.0,45.0,60.0,40.0,50.0,50.0,2.0,2.0,2.0,1.0,1.0,2.0,1.0,1.0,1.0,1.0,2.0,2.0,2.0,2.0,1.0,1.0,1.0,1.0,2.0,1.0,1.0,2.0,2.0,2.0,1.0,2.0,1.0,2.0,2.0,2.0,1.0,2.0,2.0,1.0,2.0,2.0,2.0,1.0,2.0,2.0
112,5,5,5,5,5,5,5,5,1,1,,30.0,1.0,,3.0,4.0,6.0,,,,,6.0,1.0,54.0,,,2.0,,,,3.0,5.0,6.0,,,,,,1.0,,,,2.0,,1.0,,6.0,,,,,,,,,,,1.0,1.0,1.0,1.0,1.0,1.0,6,3,4,4,2,5,6,6,4,2,60.0,55.0,60.0,65.0,70.0,60.0,75.0,60.0,30.0,35.0,2.0,2.0,2.0,1.0,1.0,2.0,1.0,2.0,2.0,2.0,2.0,2.0,2.0,1.0,1.0,2.0,1.0,1.0,2.0,1.0,2.0,2.0,2.0,1.0,1.0,2.0,1.0,1.0,1.0,1.0,2.0,2.0,2.0,1.0,1.0,1.0,1.0,1.0,2.0,2.0
960,5,5,5,5,5,5,5,5,1,2,,30.0,5.0,,3.0,4.0,6.0,,,,,6.0,1.0,54.0,,,2.0,,,,,,,4.0,5.0,6.0,,15.0,,2.0,,5.0,,1.0,,5.0,,,,,,,,,,,,1.0,1.0,1.0,1.0,1.0,1.0,6,4,4,3,3,5,6,6,3,2,60.0,55.0,60.0,65.0,70.0,60.0,70.0,60.0,40.0,45.0,1.0,1.0,2.0,2.0,1.0,2.0,1.0,1.0,2.0,1.0,2.0,2.0,1.0,1.0,1.0,1.0,1.0,2.0,2.0,1.0,1.0,2.0,1.0,1.0,1.0,2.0,1.0,1.0,1.0,2.0,2.0,1.0,1.0,1.0,1.0,1.0,1.0,1.0,1.0,1.0
85,3,3,3,2,3,2,4,2,4,2,,30.0,,2.0,3.0,4.0,5.0,,,,5.0,,1.0,40.0,,1.0,,,,,,,,2.0,4.0,5.0,20.0,,,2.0,,,2.0,1.0,,,4.0,1.0,1.0,1.0,1.0,1.0,1.0,1.0,1.0,1.0,1.0,,,,,,,6,3,4,4,3,5,6,5,3,2,50.0,50.0,50.0,40.0,50.0,40.0,60.0,40.0,60.0,40.0,1.0,1.0,1.0,2.0,1.0,1.0,1.0,1.0,1.0,1.0,2.0,2.0,1.0,1.0,1.0,2.0,2.0,1.0,1.0,1.0,2.0,1.0,2.0,2.0,1.0,2.0,1.0,1.0,2.0,2.0,1.0,1.0,2.0,2.0,2.0,1.0,1.0,1.0,2.0,2.0
813,2,2,2,2,2,2,2,2,4,4,70.0,,2.0,,2.0,3.0,5.0,,,,,5.0,,,2.0,,2.0,,,,,,,2.0,2.0,3.0,20.0,,,2.0,,,2.0,1.0,,,3.0,,,,,,,,,,,1.0,1.0,1.0,1.0,1.0,1.0,6,3,4,3,3,5,6,5,2,1,35.0,30.0,30.0,30.0,35.0,30.0,40.0,30.0,60.0,55.0,2.0,2.0,1.0,2.0,2.0,1.0,1.0,1.0,1.0,2.0,2.0,1.0,2.0,1.0,2.0,1.0,2.0,1.0,2.0,1.0,1.0,1.0,1.0,2.0,2.0,2.0,2.0,2.0,2.0,1.0,2.0,1.0,2.0,1.0,2.0,1.0,2.0,2.0,2.0,2.0
1129,2,2,2,1,2,2,3,2,4,4,70.0,,,2.0,3.0,4.0,6.0,,,,6.0,,1.0,54.0,,1.0,,,,,2.0,3.0,4.0,,,,,18.0,,2.0,,,2.0,,1.0,3.0,,,,,,,,,,,,1.0,1.0,1.0,1.0,1.0,1.0,6,3,4,3,3,5,6,5,3,2,55.0,50.0,50.0,45.0,50.0,50.0,60.0,45.0,55.0,50.0,2.0,2.0,1.0,2.0,2.0,1.0,2.0,2.0,2.0,2.0,2.0,1.0,2.0,2.0,1.0,1.0,2.0,2.0,2.0,2.0,2.0,2.0,2.0,2.0,1.0,1.0,1.0,2.0,2.0,2.0,2.0,1.0,2.0,2.0,1.0,1.0,2.0,2.0,1.0,2.0
1646,4,4,4,4,4,4,4,4,2,2,,30.0,,2.0,3.0,4.0,5.0,,,,6.0,,1.0,54.0,,,2.0,,,,3.0,4.0,5.0,,,,,15.0,,2.0,3.0,,,1.0,,4.0,,,,,,,,,,,,1.0,1.0,1.0,1.0,1.0,1.0,6,3,4,4,3,5,6,6,3,2,55.0,50.0,52.0,60.0,65.0,58.0,70.0,60.0,40.0,35.0,2.0,1.0,1.0,2.0,2.0,2.0,1.0,2.0,2.0,2.0,1.0,2.0,2.0,1.0,2.0,1.0,2.0,1.0,2.0,2.0,2.0,1.0,2.0,1.0,1.0,1.0,2.0,1.0,2.0,2.0,2.0,2.0,1.0,2.0,1.0,1.0,2.0,1.0,1.0,1.0
1735,5,5,5,5,5,5,5,5,1,1,,30.0,3.0,,3.0,4.0,5.0,,,,,5.0,,,2.0,1.0,,2.0,4.0,5.0,,,,,,,,20.0,,2.0,,,2.0,1.0,,,5.0,1.0,1.0,1.0,1.0,1.0,1.0,1.0,1.0,1.0,1.0,,,,,,,6,3,4,3,3,5,6,5,4,2,60.0,55.0,60.0,65.0,70.0,60.0,75.0,60.0,40.0,35.0,2.0,1.0,2.0,2.0,2.0,2.0,2.0,2.0,1.0,2.0,2.0,1.0,1.0,1.0,1.0,1.0,1.0,2.0,2.0,2.0,2.0,1.0,2.0,1.0,2.0,2.0,1.0,2.0,2.0,2.0,1.0,1.0,1.0,2.0,2.0,2.0,2.0,1.0,2.0,1.0
529,4,4,4,5,5,5,5,4,1,2,70.0,,3.0,,3.0,4.0,5.0,,,,,6.0,,,2.0,,2.0,2.0,4.0,5.0,,,,,,,18.0,,1.0,,,,3.0,,1.0,,5.0,1.0,1.0,1.0,1.0,1.0,1.0,1.0,1.0,1.0,1.0,,,,,,,6,3,5,4,3,5,6,5,3,2,55.0,50.0,52.0,60.0,62.0,58.0,65.0,54.0,40.0,45.0,1.0,2.0,1.0,1.0,1.0,2.0,2.0,2.0,1.0,2.0,1.0,1.0,1.0,2.0,2.0,1.0,2.0,1.0,2.0,1.0,2.0,2.0,1.0,1.0,2.0,2.0,1.0,2.0,1.0,1.0,1.0,2.0,1.0,1.0,2.0,1.0,2.0,2.0,2.0,1.0
246,1,2,2,2,2,2,2,2,4,4,,30.0,,2.0,3.0,4.0,5.0,,,,,5.0,,,2.0,1.0,,2.0,2.0,4.0,,,,,,,,0.0,,2.0,3.0,,,1.0,,,3.0,,,,,,,,,,,1.0,1.0,1.0,1.0,1.0,1.0,6,3,4,3,2,5,6,5,3,2,40.0,35.0,35.0,40.0,45.0,35.0,50.0,40.0,45.0,40.0,1.0,1.0,1.0,1.0,2.0,1.0,2.0,2.0,2.0,1.0,1.0,2.0,1.0,1.0,2.0,1.0,1.0,1.0,2.0,1.0,2.0,2.0,2.0,1.0,2.0,1.0,1.0,2.0,1.0,1.0,1.0,1.0,2.0,2.0,1.0,2.0,1.0,2.0,2.0,1.0
335,2,2,2,2,2,2,3,2,4,4,70.0,,2.0,,3.0,4.0,5.0,,,,6.0,,1.0,40.0,,1.0,,,,,,,,2.0,4.0,5.0,20.0,,,2.0,,6.0,,1.0,,,4.0,,,,,,,,,,,1.0,1.0,1.0,1.0,1.0,1.0,6,3,4,3,3,5,6,6,3,2,40.0,35.0,35.0,40.0,45.0,35.0,50.0,40.0,55.0,45.0,2.0,2.0,1.0,2.0,1.0,2.0,1.0,1.0,2.0,1.0,2.0,1.0,1.0,2.0,2.0,1.0,2.0,2.0,1.0,2.0,1.0,2.0,1.0,2.0,2.0,2.0,1.0,1.0,2.0,2.0,2.0,1.0,2.0,2.0,1.0,1.0,2.0,1.0,1.0,2.0
2035,4,4,4,4,4,4,5,4,2,2,,30.0,,2.0,,,,3.0,5.0,2.0,,6.0,1.0,54.0,,,2.0,,,,3.0,4.0,5.0,,,,,15.0,,2.0,,,2.0,,1.0,4.0,,1.0,1.0,1.0,1.0,1.0,1.0,1.0,1.0,1.0,1.0,,,,,,,6,3,4,3,2,5,6,5,3,2,55.0,50.0,52.0,60.0,62.0,58.0,65.0,54.0,40.0,42.0,2.0,2.0,1.0,1.0,2.0,1.0,1.0,2.0,1.0,1.0,2.0,1.0,2.0,1.0,1.0,2.0,2.0,1.0,2.0,2.0,2.0,2.0,2.0,1.0,2.0,2.0,1.0,2.0,1.0,1.0,2.0,1.0,1.0,2.0,1.0,2.0,1.0,1.0,2.0,2.0
44,5,5,5,5,5,5,5,5,1,1,,30.0,,1.0,,,,3.0,5.0,2.0,6.0,,1.0,54.0,,,2.0,,,,,,,3.0,5.0,6.0,20.0,,1.0,,,,2.0,1.0,,5.0,,1.0,1.0,1.0,1.0,1.0,1.0,1.0,1.0,1.0,1.0,,,,,,,6,3,4,3,2,5,6,6,4,2,60.0,55.0,50.0,65.0,70.0,60.0,75.0,55.0,30.0,35.0,2.0,2.0,1.0,1.0,1.0,1.0,2.0,1.0,2.0,1.0,2.0,2.0,1.0,2.0,2.0,2.0,2.0,2.0,2.0,2.0,2.0,2.0,1.0,1.0,2.0,1.0,2.0,2.0,2.0,2.0,1.0,2.0,1.0,1.0,1.0,2.0,2.0,2.0,1.0,2.0
1828,4,4,4,4,4,4,5,4,2,2,,30.0,,2.0,,,,3.0,5.0,2.0,6.0,,1.0,40.0,,1.0,,,,,,,,3.0,4.0,5.0,18.0,,,2.0,,6.0,,,1.0,4.0,,,,,,,,,,,,1.0,1.0,1.0,1.0,1.0,1.0,6,3,4,3,3,5,6,5,3,2,55.0,50.0,52.0,60.0,65.0,58.0,70.0,54.0,40.0,42.0,2.0,2.0,1.0,2.0,1.0,1.0,1.0,2.0,1.0,1.0,1.0,2.0,2.0,1.0,1.0,2.0,2.0,1.0,1.0,1.0,2.0,2.0,2.0,1.0,1.0,2.0,1.0,1.0,1.0,2.0,1.0,1.0,2.0,2.0,2.0,1.0,2.0,1.0,2.0,2.0
819,4,4,4,4,4,4,5,4,2,2,70.0,,3.0,,3.0,4.0,6.0,,,,6.0,,,,2.0,,2.0,,,,,,,3.0,4.0,5.0,16.0,,,2.0,4.0,,,,1.0,,4.0,,,,,,,,,,,1.0,1.0,1.0,1.0,1.0,1.0,6,3,4,4,3,5,6,6,3,2,55.0,50.0,52.0,60.0,62.0,58.0,65.0,54.0,40.0,42.0,1.0,1.0,2.0,1.0,2.0,2.0,2.0,2.0,1.0,2.0,1.0,1.0,2.0,1.0,1.0,2.0,1.0,1.0,2.0,2.0,1.0,1.0,2.0,1.0,2.0,1.0,2.0,2.0,2.0,1.0,1.0,1.0,1.0,2.0,2.0,1.0,2.0,2.0,1.0,1.0
1990,5,5,5,5,5,5,5,5,1,1,,30.0,4.0,,3.0,4.0,5.0,,,,6.0,,,,2.0,1.0,,,,,3.0,4.0,5.0,,,,20.0,,1.0,,,,1.0,1.0,,5.0,,,,,,,,,,,,1.0,1.0,1.0,1.0,1.0,1.0,6,3,4,3,3,5,6,5,4,2,60.0,55.0,50.0,65.0,70.0,60.0,75.0,55.0,30.0,35.0,2.0,1.0,1.0,2.0,1.0,2.0,1.0,1.0,2.0,2.0,2.0,2.0,2.0,1.0,2.0,1.0,2.0,1.0,2.0,2.0,2.0,2.0,1.0,2.0,2.0,1.0,2.0,1.0,2.0,2.0,2.0,2.0,1.0,2.0,1.0,2.0,2.0,2.0,2.0,1.0
1277,5,5,5,5,5,5,5,5,1,2,,30.0,,1.0,,,,3.0,5.0,2.0,6.0,,,,2.0,1.0,,,,,2.0,5.0,6.0,,,,,15.0,1.0,,,5.0,,1.0,,5.0,,,,,,,,,,,,1.0,1.0,1.0,1.0,1.0,1.0,6,3,4,3,3,5,6,6,3,2,60.0,55.0,60.0,65.0,70.0,60.0,75.0,65.0,40.0,35.0,2.0,1.0,2.0,2.0,2.0,1.0,1.0,1.0,2.0,2.0,2.0,1.0,1.0,2.0,2.0,1.0,2.0,1.0,1.0,1.0,2.0,1.0,2.0,1.0,1.0,1.0,2.0,1.0,1.0,1.0,2.0,1.0,1.0,1.0,2.0,1.0,2.0,2.0,2.0,2.0
1304,4,4,4,4,4,4,5,4,2,2,,30.0,3.0,,,,,3.0,4.0,3.0,6.0,,,,2.0,1.0,,,,,,,,4.0,4.0,5.0,,15.0,1.0,,4.0,,,,1.0,,5.0,,,,,,,,,,,1.0,1.0,1.0,1.0,1.0,1.0,6,3,5,4,3,5,6,6,3,2,55.0,50.0,52.0,60.0,65.0,58.0,70.0,60.0,40.0,38.0,1.0,2.0,1.0,1.0,2.0,1.0,2.0,2.0,2.0,1.0,2.0,1.0,2.0,2.0,2.0,2.0,1.0,1.0,2.0,2.0,1.0,1.0,2.0,2.0,1.0,2.0,1.0,2.0,1.0,2.0,1.0,2.0,1.0,2.0,1.0,2.0,1.0,2.0,1.0,1.0
1091,2,3,2,3,3,2,3,2,4,3,,30.0,3.0,,2.0,3.0,4.0,,,,5.0,,,,2.0,1.0,,,,,2.0,4.0,4.0,,,,18.0,,1.0,,3.0,,,,1.0,,4.0,1.0,1.0,1.0,1.0,1.0,1.0,1.0,1.0,1.0,1.0,,,,,,,6,3,4,3,3,5,6,5,3,2,45.0,40.0,40.0,50.0,55.0,45.0,60.0,40.0,50.0,45.0,2.0,2.0,2.0,2.0,1.0,1.0,2.0,1.0,1.0,1.0,1.0,2.0,1.0,2.0,2.0,2.0,2.0,1.0,1.0,2.0,2.0,1.0,1.0,2.0,2.0,2.0,1.0,1.0,1.0,2.0,2.0,1.0,2.0,1.0,1.0,2.0,2.0,2.0,2.0,2.0
1518,2,2,2,2,2,2,4,2,4,4,,30.0,,2.0,3.0,4.0,6.0,,,,,5.0,,,2.0,1.0,,,,,3.0,4.0,4.0,,,,,15.0,,2.0,,,2.0,1.0,,4.0,,,,,,,,,,,,1.0,1.0,1.0,1.0,1.0,1.0,6,3,4,4,2,5,6,6,3,2,40.0,35.0,35.0,40.0,45.0,35.0,50.0,40.0,55.0,45.0,2.0,2.0,2.0,2.0,2.0,1.0,1.0,2.0,1.0,2.0,1.0,2.0,2.0,2.0,2.0,1.0,1.0,2.0,2.0,1.0,1.0,2.0,2.0,2.0,1.0,2.0,1.0,2.0,1.0,1.0,2.0,2.0,2.0,1.0,2.0,2.0,1.0,2.0,2.0,1.0
677,4,4,4,4,4,4,4,4,2,2,70.0,,3.0,,3.0,4.0,5.0,,,,6.0,,,,2.0,1.0,,,,,4.0,4.0,5.0,,,,,18.0,,2.0,,6.0,,,1.0,,4.0,1.0,1.0,1.0,1.0,1.0,1.0,1.0,1.0,1.0,1.0,,,,,,,6,3,4,4,3,5,6,6,3,2,55.0,50.0,52.0,60.0,62.0,58.0,65.0,54.0,40.0,38.0,1.0,1.0,1.0,2.0,2.0,1.0,2.0,1.0,2.0,1.0,2.0,2.0,2.0,2.0,1.0,2.0,2.0,2.0,1.0,2.0,2.0,2.0,1.0,2.0,1.0,1.0,1.0,2.0,1.0,1.0,2.0,2.0,2.0,1.0,2.0,2.0,1.0,1.0,1.0,1.0
704,3,4,4,4,4,4,4,4,2,2,,30.0,4.0,,3.0,4.0,5.0,,,,6.0,,1.0,40.0,,,2.0,3.0,4.0,5.0,,,,,,,18.0,,,2.0,4.0,,,,1.0,4.0,,1.0,1.0,1.0,1.0,1.0,1.0,1.0,1.0,1.0,1.0,,,,,,,6,3,4,4,3,5,6,6,3,2,50.0,55.0,60.0,65.0,65.0,60.0,70.0,60.0,40.0,35.0,2.0,2.0,1.0,2.0,2.0,2.0,2.0,2.0,2.0,2.0,1.0,2.0,2.0,1.0,1.0,2.0,2.0,2.0,2.0,1.0,1.0,2.0,1.0,1.0,1.0,2.0,2.0,1.0,1.0,1.0,1.0,2.0,2.0,2.0,1.0,1.0,1.0,1.0,2.0,1.0
491,4,4,4,4,4,4,4,4,2,2,70.0,,4.0,,,,,3.0,5.0,2.0,,5.0,,,2.0,1.0,,2.0,4.0,5.0,,,,,,,18.0,,,2.0,,5.0,,,1.0,4.0,,,,,,,,,,,,1.0,1.0,1.0,1.0,1.0,1.0,6,4,5,4,2,5,6,5,3,2,55.0,50.0,52.0,60.0,65.0,58.0,70.0,60.0,40.0,35.0,2.0,1.0,1.0,2.0,2.0,2.0,2.0,2.0,1.0,1.0,1.0,2.0,1.0,2.0,1.0,2.0,2.0,2.0,2.0,2.0,2.0,1.0,1.0,2.0,1.0,2.0,1.0,1.0,2.0,1.0,1.0,2.0,2.0,1.0,1.0,1.0,1.0,1.0,1.0,2.0
118,3,3,3,2,3,2,4,2,4,2,70.0,,2.0,,3.0,4.0,5.0,,,,6.0,,,,2.0,1.0,,,,,2.0,4.0,5.0,,,,,,,2.0,,,1.0,1.0,,3.0,,,,,,,,,,,,1.0,1.0,1.0,1.0,1.0,1.0,6,3,4,3,2,5,6,5,3,2,55.0,50.0,50.0,45.0,50.0,45.0,60.0,45.0,40.0,40.0,2.0,1.0,2.0,2.0,2.0,2.0,1.0,1.0,2.0,2.0,1.0,2.0,2.0,1.0,1.0,1.0,2.0,1.0,2.0,2.0,2.0,1.0,2.0,2.0,2.0,2.0,2.0,1.0,1.0,1.0,1.0,2.0,2.0,1.0,1.0,1.0,2.0,1.0,2.0,2.0
1951,3,3,3,3,4,3,4,3,2,2,70.0,,3.0,,2.0,3.0,5.0,,,,,5.0,,,2.0,1.0,,,,,,,,3.0,4.0,4.0,,15.0,1.0,,,6.0,,,1.0,4.0,,1.0,1.0,1.0,1.0,1.0,1.0,1.0,1.0,1.0,1.0,,,,,,,6,3,4,3,3,5,6,5,3,2,45.0,40.0,40.0,50.0,55.0,50.0,60.0,45.0,35.0,35.0,2.0,2.0,2.0,2.0,2.0,2.0,2.0,2.0,2.0,2.0,1.0,1.0,1.0,1.0,2.0,1.0,2.0,1.0,2.0,2.0,2.0,2.0,2.0,2.0,2.0,2.0,1.0,2.0,1.0,1.0,2.0,2.0,1.0,1.0,2.0,1.0,2.0,2.0,2.0,2.0
1822,5,5,5,5,5,5,5,5,1,1,70.0,,4.0,,,,,3.0,5.0,2.0,,6.0,,,2.0,,2.0,,,,,,,3.0,5.0,6.0,,18.0,,2.0,,,2.0,,1.0,,5.0,,,,,,,,,,,1.0,1.0,1.0,1.0,1.0,1.0,6,3,4,3,2,5,6,5,4,2,55.0,50.0,52.0,60.0,62.0,58.0,65.0,54.0,40.0,38.0,2.0,1.0,2.0,2.0,2.0,2.0,1.0,2.0,1.0,2.0,1.0,1.0,2.0,2.0,1.0,2.0,1.0,2.0,1.0,1.0,2.0,1.0,1.0,1.0,2.0,1.0,2.0,1.0,2.0,2.0,1.0,1.0,1.0,2.0,2.0,1.0,2.0,1.0,1.0,2.0
1050,4,4,4,4,4,4,5,4,2,2,,30.0,,2.0,3.0,4.0,6.0,,,,6.0,,,,2.0,1.0,,,,,3.0,4.0,5.0,,,,18.0,,1.0,,,,3.0,1.0,,4.0,,1.0,1.0,1.0,1.0,1.0,1.0,1.0,1.0,1.0,1.0,,,,,,,6,3,4,3,3,5,6,5,3,2,55.0,60.0,60.0,65.0,70.0,65.0,75.0,60.0,40.0,35.0,1.0,2.0,1.0,1.0,2.0,1.0,2.0,1.0,2.0,2.0,1.0,1.0,2.0,1.0,1.0,1.0,1.0,1.0,2.0,1.0,2.0,1.0,1.0,2.0,1.0,2.0,2.0,1.0,2.0,2.0,2.0,2.0,1.0,1.0,1.0,1.0,1.0,2.0,2.0,2.0
1123,2,3,2,2,3,2,4,2,4,2,70.0,,1.0,,2.0,3.0,6.0,,,,,5.0,1.0,54.0,,,2.0,,,,2.0,4.0,5.0,,,,,15.0,1.0,,,6.0,,,1.0,4.0,,,,,,,,,,,,1.0,1.0,1.0,1.0,1.0,1.0,6,3,4,3,3,5,6,5,3,2,40.0,35.0,38.0,45.0,50.0,35.0,60.0,40.0,30.0,35.0,2.0,1.0,1.0,2.0,1.0,1.0,2.0,2.0,1.0,2.0,2.0,1.0,2.0,2.0,2.0,1.0,2.0,2.0,2.0,2.0,1.0,1.0,2.0,2.0,2.0,1.0,1.0,1.0,2.0,1.0,1.0,2.0,2.0,1.0,1.0,1.0,1.0,1.0,1.0,2.0
450,5,5,5,5,5,5,5,5,1,1,,30.0,1.0,,,,,3.0,5.0,4.0,6.0,,,,2.0,1.0,,,,,,,,4.0,5.0,6.0,,18.0,1.0,,4.0,,,1.0,,,5.0,1.0,1.0,1.0,1.0,1.0,1.0,1.0,1.0,1.0,1.0,,,,,,,6,3,4,3,3,5,6,5,4,2,60.0,55.0,60.0,65.0,70.0,60.0,70.0,60.0,40.0,35.0,1.0,1.0,1.0,1.0,1.0,1.0,1.0,1.0,1.0,1.0,1.0,2.0,1.0,1.0,1.0,1.0,1.0,1.0,2.0,2.0,1.0,1.0,2.0,1.0,2.0,1.0,2.0,1.0,1.0,1.0,1.0,1.0,2.0,2.0,1.0,1.0,1.0,1.0,1.0,1.0
523,4,4,4,3,4,3,5,3,2,2,,30.0,3.0,,3.0,4.0,5.0,,,,6.0,,1.0,54.0,,1.0,,,,,3.0,4.0,5.0,,,,18.0,,1.0,,,,2.0,,1.0,4.0,,,,,,,,,,,,1.0,1.0,1.0,1.0,1.0,1.0,6,3,4,4,2,5,6,6,3,2,55.0,50.0,52.0,60.0,58.0,54.0,65.0,53.0,40.0,42.0,2.0,2.0,1.0,1.0,1.0,1.0,1.0,1.0,1.0,1.0,2.0,1.0,1.0,2.0,1.0,1.0,2.0,1.0,1.0,1.0,1.0,1.0,2.0,2.0,1.0,1.0,1.0,1.0,2.0,2.0,1.0,1.0,1.0,1.0,1.0,2.0,1.0,1.0,2.0,1.0
1924,4,4,4,5,5,5,5,5,1,2,70.0,,4.0,,,,,3.0,5.0,2.0,,5.0,,,2.0,,2.0,,,,,,,3.0,4.0,4.0,18.0,,1.0,,,,2.0,,1.0,,4.0,1.0,1.0,1.0,1.0,1.0,1.0,1.0,1.0,1.0,1.0,,,,,,,6,3,4,3,3,5,6,5,3,2,55.0,50.0,52.0,60.0,62.0,58.0,65.0,54.0,35.0,40.0,1.0,2.0,1.0,2.0,2.0,2.0,1.0,1.0,1.0,2.0,1.0,2.0,2.0,1.0,1.0,1.0,1.0,2.0,2.0,2.0,2.0,2.0,2.0,1.0,1.0,2.0,1.0,1.0,1.0,1.0,2.0,1.0,2.0,1.0,2.0,2.0,2.0,2.0,1.0,1.0
1857,2,2,2,2,2,2,4,2,4,2,70.0,,2.0,,,,,3.0,5.0,4.0,,6.0,1.0,54.0,,1.0,,2.0,4.0,5.0,,,,,,,,0.0,,2.0,,6.0,,,1.0,4.0,,1.0,1.0,1.0,1.0,1.0,1.0,1.0,1.0,1.0,1.0,,,,,,,6,3,4,4,2,5,6,6,3,2,45.0,40.0,40.0,40.0,45.0,40.0,60.0,40.0,55.0,40.0,1.0,1.0,1.0,1.0,1.0,1.0,1.0,2.0,1.0,2.0,1.0,1.0,1.0,1.0,2.0,2.0,2.0,1.0,1.0,2.0,1.0,1.0,1.0,2.0,1.0,1.0,1.0,1.0,1.0,2.0,2.0,1.0,1.0,1.0,1.0,1.0,1.0,1.0,1.0,2.0
1639,2,2,2,2,2,2,4,2,4,2,,30.0,,2.0,,,,4.0,5.0,3.0,,6.0,,,2.0,1.0,,,,,,,,3.0,4.0,5.0,16.0,,1.0,,,6.0,,1.0,,,4.0,,,,,,,,,,,1.0,1.0,1.0,1.0,1.0,1.0,6,3,4,3,3,5,6,5,3,2,45.0,40.0,40.0,50.0,55.0,55.0,60.0,45.0,50.0,40.0,1.0,1.0,2.0,1.0,1.0,1.0,1.0,1.0,2.0,1.0,1.0,1.0,2.0,2.0,2.0,2.0,2.0,1.0,1.0,1.0,1.0,1.0,1.0,1.0,2.0,1.0,2.0,1.0,2.0,1.0,1.0,1.0,2.0,2.0,1.0,1.0,2.0,1.0,1.0,1.0
1025,4,4,4,4,5,4,5,4,2,2,,30.0,,2.0,3.0,4.0,5.0,,,,6.0,,,,2.0,,2.0,,,,3.0,4.0,4.0,,,,,15.0,,2.0,,6.0,,,1.0,4.0,,1.0,1.0,1.0,1.0,1.0,1.0,1.0,1.0,1.0,1.0,,,,,,,6,3,4,3,3,5,6,5,3,2,55.0,50.0,52.0,60.0,65.0,58.0,70.0,55.0,40.0,38.0,2.0,1.0,1.0,1.0,2.0,2.0,2.0,2.0,1.0,1.0,1.0,2.0,2.0,2.0,2.0,2.0,2.0,2.0,1.0,1.0,2.0,2.0,2.0,2.0,2.0,1.0,2.0,1.0,1.0,1.0,1.0,1.0,2.0,1.0,2.0,1.0,1.0,1.0,1.0,2.0
1156,4,4,4,4,4,4,4,4,2,2,70.0,,,2.0,3.0,4.0,6.0,,,,6.0,,1.0,54.0,,,2.0,,,,,,,4.0,4.0,5.0,,18.0,,2.0,,6.0,,,1.0,4.0,,,,,,,,,,,,1.0,1.0,1.0,1.0,1.0,1.0,6,3,5,4,3,5,6,5,3,2,60.0,55.0,60.0,65.0,70.0,60.0,70.0,60.0,40.0,40.0,2.0,2.0,2.0,1.0,1.0,2.0,1.0,2.0,1.0,1.0,2.0,1.0,1.0,1.0,2.0,1.0,2.0,1.0,2.0,1.0,1.0,2.0,2.0,2.0,1.0,2.0,1.0,2.0,1.0,1.0,1.0,2.0,1.0,1.0,2.0,1.0,1.0,2.0,2.0,1.0
239,4,4,4,4,4,4,4,4,2,2,70.0,,4.0,,,,,3.0,5.0,2.0,,6.0,1.0,54.0,,,2.0,,,,,,,2.0,4.0,5.0,18.0,,,2.0,,,2.0,,1.0,,4.0,,,,,,,,,,,1.0,1.0,1.0,1.0,1.0,1.0,6,3,4,4,2,5,6,6,3,2,55.0,50.0,52.0,60.0,62.0,58.0,65.0,54.0,40.0,42.0,2.0,2.0,1.0,2.0,2.0,1.0,1.0,1.0,2.0,1.0,2.0,2.0,2.0,2.0,1.0,2.0,2.0,1.0,1.0,1.0,2.0,1.0,1.0,1.0,1.0,2.0,1.0,1.0,2.0,1.0,2.0,1.0,2.0,1.0,2.0,1.0,2.0,2.0,2.0,1.0
425,3,3,3,2,4,2,4,2,4,2,70.0,,,2.0,,,,3.0,4.0,2.0,,5.0,,,2.0,1.0,,2.0,4.0,5.0,,,,,,,,18.0,,2.0,4.0,,,,1.0,4.0,,,,,,,,,,,,1.0,1.0,1.0,1.0,1.0,1.0,6,3,4,4,3,5,6,5,3,2,55.0,50.0,50.0,60.0,65.0,55.0,70.0,50.0,45.0,40.0,2.0,1.0,2.0,1.0,1.0,1.0,1.0,1.0,1.0,2.0,2.0,2.0,2.0,1.0,2.0,1.0,1.0,1.0,1.0,1.0,2.0,2.0,2.0,1.0,1.0,2.0,2.0,2.0,2.0,2.0,1.0,2.0,1.0,1.0,2.0,1.0,1.0,1.0,2.0,2.0
556,3,3,3,3,3,3,4,3,3,3,,30.0,,1.0,3.0,4.0,5.0,,,,5.0,,1.0,20.0,,1.0,,,,,3.0,4.0,4.0,,,,,10.0,,2.0,,,1.0,,1.0,,4.0,1.0,1.0,1.0,1.0,1.0,1.0,1.0,1.0,1.0,1.0,,,,,,,5,3,3,3,3,5,5,5,3,2,40.0,40.0,40.0,40.0,40.0,40.0,50.0,40.0,40.0,40.0,1.0,2.0,1.0,1.0,1.0,1.0,1.0,1.0,2.0,1.0,1.0,1.0,1.0,2.0,2.0,2.0,1.0,1.0,2.0,1.0,2.0,2.0,1.0,2.0,1.0,2.0,2.0,1.0,2.0,1.0,1.0,2.0,2.0,2.0,2.0,2.0,2.0,2.0,1.0,1.0
1896,2,3,2,2,3,2,4,2,4,4,,30.0,2.0,,,,,3.0,4.0,2.0,,5.0,1.0,54.0,,,2.0,,,,2.0,4.0,5.0,,,,20.0,,,2.0,,6.0,,1.0,,4.0,,1.0,1.0,1.0,1.0,1.0,1.0,1.0,1.0,1.0,1.0,,,,,,,6,3,4,3,3,5,6,5,3,2,40.0,35.0,38.0,45.0,50.0,35.0,60.0,40.0,55.0,50.0,2.0,1.0,1.0,1.0,1.0,1.0,1.0,1.0,1.0,1.0,1.0,1.0,1.0,1.0,2.0,2.0,1.0,2.0,1.0,1.0,1.0,2.0,1.0,1.0,1.0,1.0,1.0,1.0,1.0,1.0,1.0,1.0,1.0,2.0,2.0,1.0,1.0,2.0,1.0,2.0
1197,2,3,2,2,3,2,4,2,4,2,70.0,,,2.0,3.0,4.0,5.0,,,,5.0,,1.0,54.0,,1.0,,,,,,,,2.0,4.0,5.0,5.0,,1.0,,,,3.0,1.0,,4.0,,1.0,1.0,1.0,1.0,1.0,1.0,1.0,1.0,1.0,1.0,,,,,,,6,3,4,3,3,5,6,5,3,2,45.0,40.0,40.0,35.0,45.0,35.0,60.0,40.0,50.0,40.0,1.0,1.0,2.0,1.0,1.0,1.0,2.0,2.0,2.0,2.0,1.0,1.0,1.0,1.0,2.0,1.0,2.0,1.0,1.0,1.0,1.0,2.0,1.0,1.0,1.0,1.0,1.0,2.0,2.0,2.0,1.0,1.0,1.0,1.0,1.0,2.0,1.0,2.0,1.0,2.0
1202,2,2,2,2,2,2,3,2,4,4,70.0,,,2.0,,,,3.0,4.0,2.0,,5.0,,,2.0,1.0,,,,,,,,2.0,4.0,4.0,,0.0,,2.0,,9.0,,,1.0,,4.0,,,,,,,,,,,1.0,1.0,1.0,1.0,1.0,1.0,6,3,4,3,3,5,6,6,2,1,40.0,35.0,35.0,35.0,40.0,35.0,50.0,35.0,45.0,45.0,2.0,1.0,2.0,2.0,2.0,1.0,1.0,2.0,1.0,1.0,2.0,2.0,2.0,2.0,1.0,1.0,2.0,2.0,1.0,2.0,2.0,2.0,1.0,1.0,1.0,1.0,2.0,1.0,1.0,1.0,1.0,1.0,1.0,1.0,2.0,1.0,1.0,1.0,2.0,1.0
1371,4,4,4,5,5,5,5,4,2,2,70.0,,4.0,,,,,4.0,5.0,3.0,6.0,,,,2.0,1.0,,2.0,4.0,5.0,,,,,,,,18.0,,2.0,,6.0,,1.0,,4.0,,1.0,1.0,1.0,1.0,1.0,1.0,1.0,1.0,1.0,1.0,,,,,,,6,3,4,3,3,5,6,5,3,2,55.0,50.0,52.0,60.0,65.0,62.0,70.0,58.0,40.0,42.0,2.0,1.0,1.0,2.0,2.0,2.0,1.0,1.0,2.0,2.0,1.0,1.0,2.0,1.0,2.0,1.0,1.0,2.0,2.0,2.0,2.0,1.0,2.0,2.0,2.0,1.0,1.0,2.0,2.0,1.0,2.0,1.0,2.0,1.0,1.0,2.0,2.0,2.0,1.0,1.0
597,5,5,5,5,5,5,5,5,1,2,,30.0,1.0,,,,,3.0,4.0,2.0,,5.0,1.0,54.0,,1.0,,1.0,4.0,4.0,,,,,,,,20.0,1.0,,,,1.0,1.0,,,5.0,,,,,,,,,,,1.0,1.0,1.0,1.0,1.0,1.0,6,3,4,3,3,5,6,5,3,2,60.0,55.0,60.0,65.0,70.0,60.0,70.0,60.0,40.0,45.0,2.0,1.0,2.0,2.0,2.0,1.0,2.0,1.0,2.0,2.0,2.0,2.0,1.0,2.0,1.0,1.0,2.0,2.0,2.0,2.0,1.0,1.0,2.0,2.0,2.0,1.0,2.0,1.0,1.0,1.0,1.0,1.0,2.0,1.0,1.0,1.0,1.0,2.0,2.0,1.0
602,4,4,5,5,5,5,5,4,1,2,,30.0,4.0,,,,,3.0,5.0,2.0,,6.0,,,2.0,1.0,,,,,4.0,4.0,5.0,,,,18.0,,1.0,,,,2.0,,1.0,4.0,,1.0,1.0,1.0,1.0,1.0,1.0,1.0,1.0,1.0,1.0,,,,,,,6,3,4,3,3,5,6,5,3,2,55.0,50.0,52.0,60.0,65.0,62.0,70.0,58.0,40.0,45.0,1.0,1.0,2.0,1.0,1.0,2.0,2.0,1.0,1.0,1.0,2.0,1.0,2.0,2.0,1.0,2.0,2.0,2.0,1.0,2.0,2.0,2.0,1.0,1.0,2.0,2.0,2.0,2.0,2.0,2.0,1.0,2.0,1.0,1.0,2.0,1.0,2.0,1.0,2.0,2.0
771,5,5,5,5,5,5,5,5,1,2,70.0,,,1.0,,,,3.0,5.0,2.0,,,1.0,54.0,,1.0,,1.0,5.0,6.0,,,,,,,,,1.0,,4.0,,,,1.0,,5.0,,,,,,,,,,,1.0,1.0,1.0,1.0,1.0,1.0,6,3,4,3,3,5,6,5,4,2,60.0,55.0,50.0,65.0,70.0,60.0,75.0,55.0,40.0,35.0,2.0,1.0,2.0,1.0,1.0,2.0,2.0,2.0,2.0,2.0,1.0,1.0,1.0,1.0,2.0,2.0,2.0,1.0,1.0,2.0,2.0,2.0,2.0,2.0,1.0,1.0,1.0,1.0,2.0,1.0,2.0,2.0,1.0,1.0,1.0,2.0,2.0,2.0,1.0,2.0
1915,5,5,5,5,5,5,5,5,1,2,70.0,,4.0,,3.0,4.0,6.0,,,,,6.0,1.0,54.0,,,2.0,,,,4.0,5.0,6.0,,,,18.0,,1.0,,,,2.0,,1.0,,5.0,,,,,,,,,,,1.0,1.0,1.0,1.0,1.0,1.0,6,3,4,3,3,5,6,6,3,2,55.0,50.0,52.0,60.0,65.0,58.0,70.0,62.0,40.0,45.0,,,,,,,,,,,,,,,,,,,,,,,,,,,,,,,,,,,,,,,,
1866,2,2,2,2,2,2,4,2,4,2,,30.0,,1.0,3.0,4.0,6.0,,,,6.0,,,,2.0,,2.0,2.0,2.0,2.0,,,,,,,20.0,,2.0,,,10.0,,,1.0,3.0,,,,,,,,,,,,1.0,1.0,1.0,1.0,1.0,1.0,6,3,4,3,2,5,6,5,3,2,40.0,35.0,35.0,40.0,45.0,35.0,50.0,35.0,40.0,35.0,2.0,2.0,2.0,2.0,2.0,2.0,2.0,2.0,2.0,2.0,2.0,2.0,2.0,2.0,2.0,2.0,2.0,2.0,2.0,1.0,2.0,2.0,2.0,2.0,2.0,2.0,2.0,2.0,2.0,2.0,2.0,2.0,1.0,2.0,2.0,2.0,2.0,2.0,2.0,1.0
781,5,5,5,5,5,5,5,5,1,2,,30.0,5.0,,3.0,4.0,6.0,,,,6.0,,1.0,40.0,,1.0,,2.0,4.0,5.0,,,,,,,,18.0,1.0,,4.0,,,1.0,,,5.0,,,,,,,,,,,1.0,1.0,1.0,1.0,1.0,1.0,6,3,4,4,3,5,6,6,3,2,60.0,55.0,55.0,65.0,70.0,60.0,70.0,60.0,40.0,45.0,2.0,1.0,2.0,1.0,1.0,2.0,1.0,2.0,2.0,1.0,1.0,1.0,2.0,1.0,1.0,2.0,1.0,2.0,1.0,2.0,1.0,1.0,2.0,1.0,1.0,2.0,1.0,1.0,1.0,2.0,2.0,1.0,2.0,1.0,1.0,1.0,2.0,2.0,2.0,1.0
208,2,2,2,2,2,2,4,2,4,4,70.0,,2.0,,,,,3.0,4.0,3.0,6.0,,,,2.0,,2.0,,,,2.0,4.0,5.0,,,,20.0,,,2.0,,6.0,,,1.0,,4.0,1.0,1.0,1.0,1.0,1.0,1.0,1.0,1.0,1.0,1.0,,,,,,,6,3,4,4,3,5,6,6,3,2,40.0,35.0,35.0,40.0,45.0,35.0,50.0,40.0,45.0,45.0,2.0,2.0,2.0,1.0,1.0,2.0,1.0,1.0,1.0,1.0,2.0,1.0,1.0,1.0,1.0,1.0,1.0,1.0,1.0,1.0,1.0,1.0,1.0,1.0,1.0,2.0,2.0,1.0,1.0,1.0,1.0,1.0,2.0,1.0,2.0,2.0,2.0,1.0,2.0,1.0
414,2,3,2,2,3,2,4,2,4,2,70.0,,,2.0,3.0,4.0,5.0,,,,6.0,,,,2.0,,2.0,2.0,4.0,5.0,,,,,,,18.0,,1.0,,,,3.0,1.0,,,4.0,1.0,1.0,1.0,1.0,1.0,1.0,1.0,1.0,1.0,1.0,,,,,,,6,3,4,3,3,5,6,5,3,2,45.0,40.0,42.0,50.0,55.0,48.0,60.0,44.0,52.0,43.0,2.0,1.0,2.0,1.0,2.0,1.0,1.0,2.0,2.0,1.0,1.0,1.0,2.0,1.0,2.0,2.0,1.0,1.0,2.0,2.0,2.0,1.0,1.0,1.0,1.0,1.0,1.0,2.0,2.0,1.0,1.0,1.0,1.0,2.0,2.0,2.0,1.0,2.0,1.0,1.0
567,5,5,5,5,5,5,5,5,1,1,70.0,,,2.0,3.0,4.0,6.0,,,,,6.0,,,2.0,,2.0,,,,3.0,5.0,6.0,,,,,20.0,,2.0,,,1.0,1.0,,5.0,,,,,,,,,,,,1.0,1.0,1.0,1.0,1.0,1.0,6,3,4,3,3,5,6,6,3,2,60.0,55.0,50.0,65.0,60.0,60.0,70.0,55.0,40.0,35.0,1.0,2.0,2.0,2.0,2.0,1.0,2.0,1.0,2.0,2.0,2.0,1.0,1.0,2.0,2.0,2.0,2.0,2.0,2.0,2.0,2.0,2.0,2.0,2.0,2.0,2.0,2.0,2.0,2.0,1.0,2.0,2.0,1.0,2.0,1.0,1.0,1.0,2.0,2.0,1.0
1381,2,2,2,2,2,2,4,2,4,2,70.0,,2.0,,2.0,3.0,6.0,,,,5.0,,1.0,30.0,,,2.0,,,,,,,2.0,4.0,4.0,20.0,,1.0,,,6.0,,,1.0,4.0,,,,,,,,,,,,1.0,1.0,1.0,1.0,1.0,1.0,6,3,4,3,3,5,6,5,3,2,35.0,30.0,30.0,30.0,30.0,30.0,40.0,30.0,40.0,30.0,2.0,2.0,2.0,1.0,2.0,1.0,2.0,1.0,1.0,1.0,1.0,1.0,2.0,1.0,1.0,2.0,1.0,2.0,1.0,2.0,2.0,1.0,2.0,2.0,2.0,2.0,2.0,1.0,2.0,1.0,2.0,2.0,1.0,2.0,1.0,1.0,1.0,1.0,1.0,2.0
1608,5,5,5,5,5,5,5,5,1,2,70.0,,,1.0,,,,3.0,5.0,2.0,,6.0,,,2.0,,2.0,,,,3.0,5.0,6.0,,,,20.0,,,2.0,,,2.0,,1.0,5.0,,1.0,1.0,1.0,1.0,1.0,1.0,1.0,1.0,1.0,1.0,,,,,,,6,3,4,4,3,5,6,6,4,2,60.0,55.0,58.0,65.0,70.0,62.0,75.0,60.0,40.0,45.0,2.0,2.0,1.0,1.0,2.0,2.0,1.0,1.0,2.0,1.0,2.0,1.0,1.0,2.0,1.0,2.0,1.0,2.0,1.0,2.0,1.0,1.0,1.0,1.0,1.0,2.0,2.0,1.0,2.0,1.0,2.0,2.0,1.0,1.0,2.0,1.0,2.0,2.0,2.0,1.0
1014,5,5,5,4,5,5,5,5,1,2,70.0,,3.0,,3.0,4.0,5.0,,,,6.0,,1.0,54.0,,1.0,,2.0,4.0,5.0,,,,,,,18.0,,,2.0,,,2.0,,1.0,4.0,,,,,,,,,,,,1.0,1.0,1.0,1.0,1.0,1.0,6,3,4,3,3,5,6,5,3,2,60.0,55.0,58.0,65.0,70.0,62.0,75.0,60.0,40.0,45.0,1.0,1.0,2.0,2.0,2.0,1.0,1.0,2.0,1.0,1.0,1.0,1.0,1.0,2.0,2.0,1.0,2.0,1.0,1.0,1.0,2.0,2.0,1.0,1.0,1.0,2.0,1.0,2.0,1.0,2.0,2.0,2.0,2.0,1.0,2.0,1.0,1.0,1.0,2.0,2.0
1167,5,5,5,5,5,5,5,5,1,1,70.0,,4.0,,3.0,4.0,6.0,,,,,6.0,1.0,54.0,,1.0,,,,,,,,4.0,5.0,6.0,20.0,,1.0,,,9.0,,,1.0,5.0,,1.0,1.0,1.0,1.0,1.0,1.0,1.0,1.0,1.0,1.0,,,,,,,6,3,4,3,3,5,6,6,3,2,60.0,55.0,60.0,65.0,70.0,60.0,70.0,60.0,40.0,35.0,2.0,2.0,2.0,1.0,1.0,1.0,2.0,2.0,2.0,2.0,1.0,1.0,2.0,2.0,2.0,1.0,1.0,2.0,2.0,1.0,1.0,1.0,2.0,1.0,1.0,1.0,2.0,1.0,1.0,1.0,2.0,1.0,1.0,2.0,1.0,1.0,2.0,2.0,2.0,1.0
633,4,4,4,4,4,4,4,4,2,2,70.0,,3.0,,,,,3.0,4.0,2.0,,5.0,1.0,54.0,,1.0,,2.0,4.0,5.0,,,,,,,,16.0,,2.0,4.0,,,,1.0,,4.0,,,,,,,,,,,1.0,1.0,1.0,1.0,1.0,1.0,6,3,4,3,3,5,6,5,3,2,55.0,52.0,54.0,60.0,62.0,58.0,65.0,57.0,40.0,42.0,2.0,1.0,1.0,1.0,2.0,2.0,2.0,1.0,2.0,1.0,1.0,2.0,2.0,1.0,1.0,2.0,2.0,2.0,2.0,2.0,1.0,2.0,2.0,1.0,1.0,1.0,2.0,2.0,1.0,2.0,2.0,2.0,1.0,2.0,2.0,1.0,2.0,1.0,2.0,1.0
740,5,4,4,5,5,4,5,4,1,2,70.0,,3.0,,,,,3.0,4.0,2.0,,6.0,1.0,30.0,,1.0,,,,,,,,2.0,4.0,4.0,,15.0,,2.0,,6.0,,1.0,,4.0,,1.0,1.0,1.0,1.0,1.0,1.0,1.0,1.0,1.0,1.0,,,,,,,6,3,4,4,2,5,6,6,3,2,60.0,55.0,55.0,65.0,70.0,60.0,75.0,60.0,35.0,40.0,1.0,1.0,2.0,2.0,2.0,2.0,2.0,1.0,2.0,2.0,2.0,1.0,2.0,1.0,1.0,1.0,1.0,1.0,1.0,1.0,1.0,1.0,2.0,1.0,1.0,1.0,2.0,1.0,1.0,2.0,2.0,2.0,1.0,2.0,2.0,1.0,2.0,2.0,1.0,2.0
1233,3,3,3,4,4,4,4,4,2,3,,30.0,3.0,,3.0,4.0,5.0,,,,5.0,,1.0,40.0,,1.0,,,,,3.0,4.0,4.0,,,,,15.0,1.0,,,5.0,,1.0,,4.0,,,,,,,,,,,,1.0,1.0,1.0,1.0,1.0,1.0,6,3,4,3,2,5,6,5,3,2,45.0,40.0,40.0,55.0,60.0,55.0,65.0,50.0,35.0,40.0,2.0,2.0,2.0,2.0,2.0,2.0,2.0,2.0,2.0,2.0,2.0,1.0,2.0,2.0,2.0,2.0,2.0,2.0,2.0,2.0,2.0,2.0,2.0,2.0,2.0,2.0,2.0,2.0,2.0,2.0,2.0,2.0,2.0,2.0,2.0,2.0,2.0,2.0,2.0,2.0
1340,5,5,5,5,5,5,5,5,1,2,,30.0,4.0,,3.0,4.0,6.0,,,,6.0,,1.0,45.0,,1.0,,,,,,,,4.0,5.0,6.0,18.0,,,2.0,5.0,,,,1.0,,5.0,,,,,,,,,,,1.0,1.0,1.0,1.0,1.0,1.0,6,3,4,4,3,5,6,6,4,2,60.0,55.0,58.0,65.0,70.0,62.0,75.0,60.0,40.0,45.0,2.0,2.0,2.0,2.0,2.0,1.0,1.0,2.0,2.0,2.0,1.0,2.0,1.0,2.0,2.0,1.0,2.0,1.0,1.0,1.0,2.0,1.0,1.0,2.0,1.0,2.0,1.0,1.0,1.0,1.0,2.0,1.0,1.0,2.0,1.0,2.0,1.0,2.0,1.0,2.0
828,3,3,3,3,4,3,4,3,3,3,,30.0,3.0,,3.0,4.0,5.0,,,,5.0,,1.0,54.0,,,2.0,,,,,,,2.0,4.0,4.0,,18.0,,2.0,3.0,,,1.0,,,4.0,1.0,1.0,1.0,1.0,1.0,1.0,1.0,1.0,1.0,1.0,,,,,,,6,3,4,3,3,5,6,5,3,2,45.0,40.0,40.0,50.0,55.0,50.0,60.0,45.0,40.0,40.0,2.0,2.0,1.0,2.0,2.0,2.0,1.0,2.0,1.0,1.0,2.0,1.0,2.0,2.0,1.0,2.0,1.0,1.0,1.0,2.0,2.0,1.0,1.0,1.0,2.0,1.0,2.0,2.0,1.0,1.0,1.0,1.0,1.0,2.0,2.0,2.0,1.0,1.0,2.0,1.0
646,4,4,4,4,4,4,4,4,2,2,70.0,,,2.0,3.0,4.0,5.0,,,,6.0,,,,2.0,1.0,,2.0,4.0,5.0,,,,,,,18.0,,,2.0,,6.0,,,1.0,5.0,,1.0,1.0,1.0,1.0,1.0,1.0,1.0,1.0,1.0,1.0,,,,,,,6,3,4,4,2,5,6,6,3,2,55.0,50.0,52.0,60.0,65.0,58.0,70.0,60.0,40.0,38.0,1.0,1.0,2.0,1.0,2.0,1.0,2.0,2.0,1.0,1.0,2.0,2.0,1.0,2.0,2.0,2.0,1.0,1.0,2.0,2.0,1.0,2.0,1.0,1.0,1.0,2.0,1.0,2.0,2.0,1.0,2.0,1.0,2.0,1.0,2.0,1.0,2.0,2.0,2.0,1.0
735,5,5,5,5,5,5,5,5,1,1,70.0,,4.0,,,,,3.0,5.0,2.0,6.0,,,,2.0,,2.0,,,,4.0,5.0,6.0,,,,,20.0,,2.0,,,2.0,,1.0,,5.0,1.0,1.0,1.0,1.0,1.0,1.0,1.0,1.0,1.0,1.0,,,,,,,7,3,4,3,3,5,6,6,4,2,60.0,55.0,55.0,60.0,65.0,60.0,70.0,55.0,40.0,35.0,2.0,2.0,2.0,1.0,1.0,1.0,2.0,2.0,2.0,1.0,2.0,2.0,1.0,1.0,2.0,2.0,1.0,2.0,1.0,2.0,2.0,2.0,1.0,2.0,2.0,1.0,1.0,1.0,2.0,2.0,2.0,1.0,2.0,2.0,1.0,2.0,2.0,1.0,2.0,2.0
129,5,5,5,5,5,5,5,5,1,2,,30.0,4.0,,,,,3.0,4.0,2.0,,5.0,1.0,54.0,,,2.0,,,,2.0,5.0,5.0,,,,,20.0,1.0,,,,2.0,1.0,,,5.0,,,,,,,,,,,1.0,1.0,1.0,1.0,1.0,1.0,6,3,4,3,2,5,6,6,3,2,60.0,55.0,50.0,65.0,60.0,60.0,70.0,55.0,40.0,35.0,2.0,2.0,2.0,2.0,2.0,2.0,2.0,2.0,2.0,2.0,2.0,2.0,2.0,2.0,2.0,2.0,2.0,2.0,2.0,2.0,2.0,2.0,2.0,2.0,2.0,2.0,2.0,2.0,2.0,2.0,2.0,2.0,2.0,2.0,2.0,2.0,2.0,2.0,2.0,2.0
1246,4,4,4,5,5,5,5,4,2,2,70.0,,4.0,,,,,3.0,4.0,2.0,6.0,,,,2.0,1.0,,,,,3.0,4.0,5.0,,,,16.0,,1.0,,,,3.0,1.0,,,4.0,1.0,1.0,1.0,1.0,1.0,1.0,1.0,1.0,1.0,1.0,,,,,,,6,3,4,4,3,5,6,6,3,2,55.0,50.0,52.0,60.0,65.0,62.0,70.0,58.0,40.0,42.0,2.0,1.0,1.0,1.0,1.0,1.0,2.0,2.0,2.0,1.0,2.0,1.0,1.0,1.0,1.0,2.0,1.0,1.0,1.0,1.0,1.0,1.0,2.0,1.0,1.0,2.0,1.0,1.0,1.0,1.0,1.0,1.0,2.0,2.0,1.0,1.0,1.0,1.0,1.0,1.0
1335,4,4,4,5,5,5,5,4,2,2,,30.0,,2.0,3.0,4.0,5.0,,,,,5.0,,,2.0,1.0,,,,,3.0,4.0,5.0,,,,18.0,,,2.0,,5.0,,1.0,,,4.0,,,,,,,,,,,1.0,1.0,1.0,1.0,1.0,1.0,6,3,4,4,2,5,6,6,3,2,55.0,50.0,52.0,60.0,65.0,62.0,70.0,58.0,40.0,42.0,2.0,1.0,2.0,1.0,1.0,2.0,2.0,2.0,2.0,1.0,1.0,2.0,2.0,2.0,1.0,2.0,1.0,2.0,1.0,2.0,1.0,2.0,1.0,2.0,2.0,2.0,1.0,1.0,2.0,2.0,1.0,2.0,2.0,2.0,1.0,2.0,1.0,1.0,2.0,2.0
1529,4,4,4,4,4,4,4,4,2,2,,30.0,4.0,,3.0,4.0,5.0,,,,6.0,,,,2.0,1.0,,,,,,,,3.0,4.0,5.0,,15.0,,2.0,3.0,,,1.0,,4.0,,,,,,,,,,,,1.0,1.0,1.0,1.0,1.0,1.0,6,3,4,4,2,5,6,5,3,2,60.0,55.0,58.0,65.0,68.0,62.0,70.0,60.0,40.0,45.0,1.0,1.0,2.0,1.0,1.0,2.0,1.0,2.0,1.0,1.0,2.0,1.0,1.0,2.0,1.0,1.0,2.0,2.0,1.0,2.0,2.0,2.0,2.0,2.0,1.0,2.0,2.0,2.0,2.0,2.0,2.0,2.0,1.0,2.0,2.0,1.0,2.0,2.0,1.0,1.0
1960,5,5,5,5,5,5,5,5,1,2,,30.0,4.0,,,,,3.0,5.0,2.0,6.0,,1.0,54.0,,,2.0,,,,4.0,5.0,6.0,,,,16.0,,1.0,,,,3.0,1.0,,,5.0,1.0,1.0,1.0,1.0,1.0,1.0,1.0,1.0,1.0,1.0,,,,,,,6,3,4,3,3,5,6,5,4,2,60.0,55.0,58.0,65.0,70.0,62.0,75.0,60.0,40.0,45.0,2.0,1.0,1.0,2.0,2.0,1.0,1.0,2.0,2.0,2.0,1.0,2.0,2.0,1.0,1.0,2.0,2.0,1.0,2.0,1.0,1.0,1.0,2.0,1.0,2.0,1.0,1.0,1.0,1.0,1.0,1.0,2.0,2.0,1.0,1.0,1.0,1.0,2.0,1.0,1.0
1813,5,5,5,5,5,5,5,5,1,1,70.0,,,1.0,,,,3.0,5.0,2.0,6.0,,,,2.0,1.0,,1.0,4.0,5.0,,,,,,,20.0,,,2.0,,6.0,,1.0,,5.0,,,,,,,,,,,,1.0,1.0,1.0,1.0,1.0,1.0,6,3,4,3,3,5,6,6,4,2,60.0,55.0,60.0,65.0,70.0,60.0,70.0,60.0,40.0,35.0,1.0,2.0,1.0,1.0,1.0,2.0,2.0,1.0,2.0,1.0,1.0,1.0,2.0,1.0,2.0,1.0,1.0,1.0,2.0,2.0,2.0,1.0,1.0,2.0,1.0,2.0,2.0,2.0,1.0,1.0,1.0,2.0,1.0,1.0,2.0,2.0,2.0,1.0,1.0,1.0
461,5,5,5,5,5,5,5,5,1,2,70.0,,,1.0,,,,3.0,5.0,2.0,,6.0,1.0,54.0,,,2.0,1.0,5.0,6.0,,,,,,,,18.0,1.0,,,,3.0,1.0,,5.0,,,,,,,,,,,,1.0,1.0,1.0,1.0,1.0,1.0,6,3,4,4,2,5,6,6,4,2,60.0,55.0,58.0,65.0,70.0,62.0,75.0,60.0,40.0,45.0,2.0,2.0,2.0,1.0,1.0,2.0,2.0,2.0,2.0,1.0,2.0,2.0,2.0,2.0,1.0,2.0,2.0,2.0,2.0,1.0,2.0,2.0,1.0,2.0,2.0,2.0,1.0,1.0,1.0,1.0,2.0,2.0,2.0,1.0,2.0,2.0,2.0,1.0,1.0,1.0
512,2,2,2,2,2,2,4,2,4,2,,30.0,2.0,,3.0,4.0,5.0,,,,,6.0,1.0,54.0,,1.0,,,,,,,,2.0,4.0,5.0,18.0,,1.0,,,,2.0,,1.0,,4.0,,,,,,,,,,,1.0,1.0,1.0,1.0,1.0,1.0,6,3,4,4,2,5,6,6,3,2,35.0,30.0,30.0,35.0,40.0,30.0,50.0,35.0,45.0,35.0,1.0,1.0,1.0,2.0,1.0,2.0,2.0,2.0,1.0,2.0,2.0,1.0,1.0,2.0,1.0,1.0,1.0,1.0,1.0,1.0,2.0,1.0,2.0,1.0,2.0,2.0,2.0,1.0,1.0,2.0,2.0,1.0,1.0,2.0,1.0,1.0,2.0,1.0,1.0,2.0
687,2,2,2,2,2,2,3,2,4,3,,30.0,,2.0,,,,3.0,5.0,4.0,5.0,,,,2.0,1.0,,,,,,,,2.0,3.0,4.0,18.0,,1.0,,,,2.0,1.0,,,3.0,,,,,,,,,,,1.0,1.0,1.0,1.0,1.0,1.0,6,3,4,3,2,5,6,5,3,2,40.0,35.0,38.0,45.0,50.0,35.0,55.0,40.0,60.0,50.0,2.0,2.0,2.0,2.0,1.0,1.0,1.0,2.0,1.0,2.0,2.0,2.0,1.0,2.0,1.0,2.0,1.0,1.0,2.0,1.0,2.0,2.0,2.0,1.0,2.0,2.0,2.0,1.0,1.0,1.0,2.0,2.0,1.0,2.0,2.0,1.0,2.0,1.0,2.0,1.0
1061,4,4,4,4,4,4,4,4,2,2,,30.0,3.0,,3.0,4.0,6.0,,,,,6.0,1.0,40.0,,,2.0,2.0,4.0,5.0,,,,,,,18.0,,,2.0,,6.0,,,1.0,4.0,,1.0,1.0,1.0,1.0,1.0,1.0,1.0,1.0,1.0,1.0,,,,,,,6,3,4,4,3,5,6,6,3,2,60.0,55.0,60.0,65.0,70.0,60.0,75.0,60.0,40.0,35.0,1.0,2.0,1.0,1.0,2.0,2.0,2.0,2.0,1.0,2.0,2.0,1.0,1.0,2.0,2.0,2.0,2.0,2.0,1.0,2.0,2.0,1.0,1.0,2.0,1.0,1.0,1.0,2.0,1.0,2.0,2.0,2.0,1.0,2.0,2.0,2.0,2.0,2.0,2.0,2.0
1112,4,4,4,4,4,4,4,4,2,2,,30.0,3.0,,,,,3.0,5.0,2.0,6.0,,1.0,54.0,,,2.0,,,,3.0,4.0,4.0,,,,16.0,,1.0,,4.0,,,1.0,,,4.0,1.0,1.0,1.0,1.0,1.0,1.0,1.0,1.0,1.0,1.0,,,,,,,6,3,4,4,3,5,6,6,3,2,55.0,50.0,52.0,60.0,62.0,58.0,65.0,54.0,40.0,38.0,2.0,2.0,2.0,2.0,2.0,1.0,1.0,1.0,1.0,2.0,1.0,2.0,2.0,1.0,1.0,1.0,2.0,1.0,1.0,1.0,2.0,1.0,1.0,2.0,2.0,1.0,2.0,1.0,1.0,2.0,2.0,2.0,1.0,1.0,2.0,2.0,2.0,1.0,1.0,2.0
1287,5,5,5,5,5,5,5,5,1,2,,30.0,,1.0,,,,3.0,5.0,2.0,,5.0,,,2.0,,2.0,,,,,,,4.0,5.0,6.0,20.0,,1.0,,,,2.0,,1.0,5.0,,1.0,1.0,1.0,1.0,1.0,1.0,1.0,1.0,1.0,1.0,,,,,,,6,3,4,3,3,5,6,5,4,2,60.0,55.0,60.0,65.0,70.0,60.0,75.0,65.0,40.0,35.0,2.0,2.0,2.0,1.0,2.0,2.0,2.0,2.0,2.0,1.0,2.0,1.0,2.0,2.0,1.0,1.0,2.0,2.0,2.0,1.0,1.0,2.0,2.0,2.0,2.0,2.0,2.0,2.0,1.0,2.0,2.0,1.0,1.0,2.0,2.0,2.0,2.0,1.0,2.0,2.0
123,2,2,2,2,2,2,3,2,4,4,70.0,,2.0,,2.0,3.0,5.0,,,,,5.0,1.0,30.0,,,2.0,1.0,2.0,3.0,,,,,,,,20.0,2.0,,,9.0,,1.0,,,3.0,1.0,1.0,1.0,1.0,1.0,1.0,1.0,1.0,1.0,1.0,,,,,,,6,3,4,3,3,5,6,5,2,1,40.0,35.0,35.0,40.0,45.0,30.0,50.0,35.0,55.0,50.0,2.0,1.0,2.0,2.0,1.0,2.0,2.0,1.0,2.0,2.0,2.0,1.0,2.0,1.0,1.0,2.0,1.0,1.0,1.0,2.0,2.0,1.0,1.0,2.0,1.0,1.0,1.0,2.0,1.0,1.0,1.0,1.0,1.0,1.0,1.0,2.0,2.0,2.0,2.0,1.0
1450,4,4,4,5,5,5,5,4,2,2,,30.0,,1.0,3.0,4.0,6.0,,,,,6.0,1.0,54.0,,,2.0,2.0,4.0,5.0,,,,,,,18.0,,1.0,,3.0,,,1.0,,4.0,,,,,,,,,,,,1.0,1.0,1.0,1.0,1.0,1.0,6,3,4,3,2,5,6,5,3,2,55.0,50.0,52.0,60.0,62.0,58.0,65.0,54.0,40.0,38.0,2.0,1.0,1.0,2.0,2.0,2.0,2.0,1.0,2.0,1.0,1.0,2.0,1.0,2.0,1.0,2.0,2.0,2.0,1.0,1.0,2.0,2.0,1.0,2.0,1.0,1.0,2.0,2.0,1.0,1.0,2.0,2.0,1.0,1.0,1.0,1.0,1.0,1.0,1.0,1.0
1523,2,3,2,2,3,2,4,2,4,2,,30.0,,2.0,3.0,4.0,5.0,,,,6.0,,1.0,54.0,,1.0,,,,,,,,3.0,4.0,5.0,18.0,,,2.0,,,3.0,,1.0,,4.0,1.0,1.0,1.0,1.0,1.0,1.0,1.0,1.0,1.0,1.0,,,,,,,6,3,4,3,3,5,6,5,3,2,45.0,40.0,42.0,50.0,55.0,38.0,60.0,48.0,35.0,40.0,2.0,2.0,1.0,2.0,2.0,2.0,2.0,1.0,1.0,1.0,2.0,2.0,2.0,1.0,2.0,1.0,2.0,2.0,1.0,2.0,1.0,1.0,2.0,1.0,2.0,2.0,2.0,2.0,1.0,1.0,1.0,2.0,2.0,2.0,2.0,2.0,2.0,1.0,2.0,1.0
951,2,2,2,2,2,2,4,2,4,2,,30.0,2.0,,2.0,3.0,5.0,,,,,6.0,1.0,54.0,,1.0,,,,,3.0,4.0,5.0,,,,,15.0,,2.0,,6.0,,,1.0,,4.0,1.0,1.0,1.0,1.0,1.0,1.0,1.0,1.0,1.0,1.0,,,,,,,6,3,4,4,3,5,6,6,3,2,45.0,40.0,40.0,40.0,45.0,40.0,60.0,40.0,50.0,40.0,1.0,2.0,2.0,2.0,2.0,2.0,2.0,1.0,2.0,1.0,2.0,1.0,2.0,1.0,2.0,1.0,1.0,1.0,1.0,1.0,1.0,1.0,2.0,2.0,1.0,2.0,2.0,1.0,1.0,1.0,1.0,2.0,2.0,2.0,2.0,1.0,1.0,2.0,1.0,1.0
822,2,2,2,2,2,2,4,2,4,2,70.0,,,2.0,3.0,4.0,5.0,,,,6.0,,1.0,54.0,,1.0,,2.0,4.0,5.0,,,,,,,18.0,,,2.0,,6.0,,,1.0,,4.0,,,,,,,,,,,1.0,1.0,1.0,1.0,1.0,1.0,6,3,4,4,2,5,6,6,3,2,45.0,40.0,40.0,40.0,45.0,40.0,60.0,40.0,55.0,40.0,2.0,1.0,1.0,2.0,1.0,1.0,2.0,2.0,1.0,1.0,2.0,2.0,2.0,1.0,2.0,1.0,1.0,1.0,1.0,1.0,1.0,1.0,2.0,2.0,1.0,2.0,1.0,1.0,1.0,1.0,1.0,1.0,2.0,1.0,1.0,1.0,1.0,1.0,1.0,1.0
518,4,4,4,4,4,4,5,4,2,2,,30.0,,2.0,,,,3.0,5.0,2.0,,6.0,1.0,54.0,,1.0,,,,,,,,4.0,4.0,5.0,,18.0,,2.0,,6.0,,,1.0,,5.0,1.0,1.0,1.0,1.0,1.0,1.0,1.0,1.0,1.0,1.0,,,,,,,6,3,5,4,3,5,6,5,3,2,60.0,55.0,58.0,65.0,68.0,62.0,70.0,60.0,40.0,42.0,1.0,2.0,1.0,2.0,1.0,1.0,2.0,2.0,1.0,1.0,2.0,1.0,1.0,1.0,1.0,1.0,1.0,2.0,2.0,1.0,1.0,2.0,1.0,1.0,2.0,1.0,1.0,2.0,2.0,1.0,1.0,1.0,1.0,1.0,1.0,1.0,1.0,1.0,1.0,2.0
277,2,2,2,2,2,2,4,2,4,2,70.0,,,2.0,,,,3.0,4.0,2.0,,5.0,,,2.0,,2.0,,,,3.0,4.0,4.0,,,,,5.0,,2.0,,,2.0,,1.0,4.0,,1.0,1.0,1.0,1.0,1.0,1.0,1.0,1.0,1.0,1.0,,,,,,,6,3,4,4,3,5,6,6,3,2,40.0,35.0,38.0,45.0,50.0,40.0,60.0,38.0,55.0,35.0,1.0,2.0,1.0,1.0,1.0,1.0,1.0,2.0,2.0,2.0,2.0,1.0,1.0,1.0,1.0,1.0,2.0,2.0,2.0,2.0,2.0,1.0,2.0,1.0,2.0,1.0,1.0,2.0,2.0,1.0,2.0,1.0,2.0,2.0,1.0,2.0,2.0,2.0,2.0,1.0
304,5,5,5,5,5,5,5,5,1,1,70.0,,4.0,,3.0,4.0,6.0,,,,,6.0,1.0,54.0,,1.0,,2.0,5.0,6.0,,,,,,,,20.0,,2.0,,5.0,,1.0,,5.0,,,,,,,,,,,,1.0,1.0,1.0,1.0,1.0,1.0,6,3,4,3,3,5,6,5,4,2,60.0,55.0,60.0,65.0,70.0,60.0,70.0,60.0,35.0,30.0,2.0,2.0,2.0,1.0,2.0,2.0,2.0,2.0,1.0,1.0,2.0,2.0,2.0,1.0,2.0,1.0,2.0,2.0,1.0,2.0,2.0,1.0,2.0,2.0,2.0,2.0,2.0,1.0,1.0,1.0,2.0,1.0,2.0,2.0,1.0,2.0,1.0,1.0,2.0,2.0
1491,4,4,4,4,4,4,4,4,2,3,,30.0,4.0,,3.0,4.0,5.0,,,,,6.0,,,2.0,1.0,,,,,3.0,4.0,5.0,,,,16.0,,1.0,,,,2.0,,1.0,4.0,,1.0,1.0,1.0,1.0,1.0,1.0,1.0,1.0,1.0,1.0,,,,,,,6,3,4,3,3,5,6,5,3,2,55.0,50.0,52.0,60.0,62.0,58.0,65.0,54.0,40.0,45.0,2.0,1.0,2.0,2.0,2.0,2.0,1.0,2.0,2.0,1.0,1.0,1.0,2.0,1.0,1.0,1.0,2.0,2.0,1.0,1.0,2.0,2.0,1.0,2.0,2.0,1.0,2.0,1.0,2.0,1.0,1.0,1.0,2.0,1.0,1.0,1.0,2.0,1.0,2.0,1.0
1118,4,4,4,4,4,4,4,4,2,2,70.0,,4.0,,,,,3.0,5.0,2.0,6.0,,1.0,54.0,,1.0,,,,,,,,4.0,4.0,5.0,,18.0,1.0,,4.0,,,,1.0,4.0,,,,,,,,,,,,1.0,1.0,1.0,1.0,1.0,1.0,6,3,4,3,2,5,6,5,3,2,55.0,50.0,52.0,60.0,62.0,58.0,65.0,54.0,40.0,42.0,2.0,2.0,2.0,1.0,1.0,2.0,2.0,2.0,1.0,2.0,2.0,2.0,2.0,2.0,2.0,1.0,2.0,1.0,1.0,1.0,2.0,2.0,1.0,2.0,2.0,2.0,2.0,1.0,2.0,2.0,1.0,2.0,1.0,2.0,2.0,2.0,1.0,1.0,1.0,2.0
1677,2,2,2,2,2,2,4,2,5,4,,30.0,2.0,,,,,3.0,5.0,4.0,,5.0,1.0,40.0,,1.0,,,,,,,,2.0,4.0,5.0,18.0,,,2.0,,6.0,,,1.0,4.0,,,,,,,,,,,,1.0,1.0,1.0,1.0,1.0,1.0,6,3,4,4,3,5,6,6,3,2,40.0,35.0,35.0,30.0,35.0,30.0,50.0,35.0,60.0,45.0,1.0,2.0,1.0,2.0,2.0,1.0,2.0,1.0,1.0,1.0,2.0,1.0,2.0,2.0,2.0,1.0,2.0,1.0,1.0,1.0,1.0,1.0,2.0,1.0,2.0,1.0,1.0,2.0,2.0,1.0,1.0,1.0,1.0,2.0,1.0,1.0,1.0,1.0,2.0,1.0
1704,5,5,5,5,5,5,5,5,1,2,,30.0,,1.0,,,,3.0,5.0,2.0,6.0,,1.0,54.0,,1.0,,,,,4.0,5.0,6.0,,,,20.0,,1.0,,,9.0,,1.0,,5.0,,,,,,,,,,,,1.0,1.0,1.0,1.0,1.0,1.0,6,3,4,3,3,5,6,5,3,2,60.0,55.0,58.0,65.0,68.0,62.0,70.0,60.0,40.0,45.0,2.0,2.0,1.0,2.0,2.0,2.0,2.0,2.0,1.0,2.0,2.0,1.0,1.0,2.0,1.0,2.0,2.0,1.0,1.0,1.0,2.0,1.0,2.0,2.0,2.0,1.0,1.0,2.0,1.0,2.0,2.0,2.0,1.0,2.0,2.0,2.0,2.0,1.0,1.0,1.0
1819,3,4,4,4,4,4,4,4,2,2,,30.0,,2.0,3.0,4.0,5.0,,,,6.0,,1.0,54.0,,1.0,,,,,,,,3.0,4.0,5.0,18.0,,1.0,,,6.0,,1.0,,,4.0,1.0,1.0,1.0,1.0,1.0,1.0,1.0,1.0,1.0,1.0,,,,,,,6,3,4,4,3,5,6,6,3,2,45.0,50.0,55.0,60.0,60.0,55.0,65.0,50.0,40.0,40.0,1.0,1.0,1.0,1.0,2.0,1.0,1.0,2.0,2.0,1.0,2.0,1.0,1.0,1.0,1.0,1.0,1.0,1.0,2.0,1.0,1.0,2.0,1.0,1.0,1.0,2.0,2.0,1.0,2.0,1.0,1.0,1.0,2.0,1.0,1.0,1.0,1.0,2.0,2.0,1.0
2004,2,3,2,2,3,2,4,2,4,3,,30.0,2.0,,,,,3.0,5.0,2.0,,5.0,1.0,54.0,,,2.0,,,,,,,3.0,4.0,4.0,,15.0,,2.0,4.0,,,1.0,,4.0,,1.0,1.0,1.0,1.0,1.0,1.0,1.0,1.0,1.0,1.0,,,,,,,6,3,4,3,2,5,6,5,3,2,45.0,40.0,42.0,55.0,60.0,50.0,65.0,40.0,35.0,38.0,2.0,2.0,2.0,1.0,1.0,1.0,2.0,1.0,1.0,2.0,2.0,1.0,2.0,2.0,2.0,1.0,1.0,1.0,2.0,1.0,1.0,2.0,2.0,1.0,2.0,1.0,1.0,1.0,1.0,1.0,2.0,2.0,1.0,1.0,1.0,1.0,2.0,1.0,1.0,1.0
75,4,4,4,4,4,4,5,4,2,2,70.0,,,2.0,3.0,4.0,6.0,,,,6.0,,1.0,54.0,,,2.0,,,,3.0,4.0,5.0,,,,,10.0,1.0,,4.0,,,,1.0,,5.0,,,,,,,,,,,1.0,1.0,1.0,1.0,1.0,1.0,6,3,5,4,3,5,6,5,3,2,60.0,55.0,58.0,65.0,70.0,62.0,75.0,60.0,40.0,45.0,2.0,1.0,2.0,1.0,1.0,1.0,1.0,1.0,2.0,1.0,2.0,1.0,2.0,1.0,2.0,2.0,1.0,1.0,1.0,1.0,2.0,2.0,1.0,1.0,2.0,2.0,1.0,1.0,1.0,2.0,1.0,2.0,1.0,1.0,1.0,1.0,2.0,2.0,2.0,1.0
990,5,5,5,5,5,5,5,5,1,2,,30.0,5.0,,3.0,4.0,6.0,,,,,6.0,1.0,54.0,,1.0,,,,,,,,4.0,5.0,6.0,,18.0,,2.0,,7.0,,1.0,,,5.0,,,,,,,,,,,1.0,1.0,1.0,1.0,1.0,1.0,6,3,4,3,3,5,6,6,4,2,55.0,50.0,52.0,60.0,65.0,58.0,70.0,60.0,35.0,40.0,2.0,2.0,2.0,1.0,2.0,1.0,1.0,2.0,2.0,2.0,2.0,2.0,1.0,1.0,1.0,2.0,2.0,1.0,2.0,2.0,1.0,2.0,1.0,1.0,1.0,2.0,1.0,2.0,2.0,2.0,2.0,1.0,2.0,1.0,1.0,1.0,1.0,1.0,2.0,1.0
202,4,4,4,4,4,4,4,4,2,2,70.0,,3.0,,,,,3.0,5.0,2.0,6.0,,1.0,54.0,,,2.0,,,,,,,3.0,4.0,5.0,15.0,,1.0,,,,2.0,1.0,,4.0,,,,,,,,,,,,1.0,1.0,1.0,1.0,1.0,1.0,6,3,4,4,3,5,6,6,3,2,60.0,55.0,58.0,65.0,68.0,62.0,70.0,55.0,40.0,45.0,2.0,2.0,2.0,1.0,1.0,2.0,1.0,1.0,1.0,1.0,2.0,2.0,1.0,2.0,2.0,1.0,1.0,2.0,1.0,2.0,1.0,2.0,1.0,2.0,2.0,2.0,1.0,1.0,1.0,1.0,2.0,2.0,2.0,1.0,2.0,2.0,1.0,2.0,1.0,1.0
371,2,3,2,2,3,2,4,2,4,2,,30.0,,2.0,,,,3.0,4.0,3.0,,6.0,1.0,40.0,,1.0,,2.0,4.0,5.0,,,,,,,18.0,,,2.0,5.0,,,1.0,,,4.0,1.0,1.0,1.0,1.0,1.0,1.0,1.0,1.0,1.0,1.0,,,,,,,6,3,4,3,3,5,6,5,3,2,40.0,35.0,38.0,45.0,50.0,35.0,60.0,40.0,55.0,40.0,1.0,1.0,1.0,1.0,1.0,1.0,1.0,1.0,1.0,1.0,1.0,1.0,1.0,1.0,1.0,1.0,1.0,1.0,1.0,1.0,1.0,1.0,1.0,1.0,1.0,1.0,1.0,1.0,1.0,1.0,1.0,1.0,1.0,1.0,1.0,1.0,1.0,1.0,1.0,1.0
197,4,4,4,5,5,4,5,4,1,2,,30.0,,1.0,,,,3.0,5.0,2.0,6.0,,1.0,54.0,,1.0,,,,,,,,3.0,4.0,5.0,20.0,,,2.0,4.0,,,1.0,,4.0,,1.0,1.0,1.0,1.0,1.0,1.0,1.0,1.0,1.0,1.0,,,,,,,6,3,4,3,3,5,6,5,3,2,60.0,55.0,58.0,65.0,70.0,60.0,75.0,62.0,40.0,45.0,2.0,2.0,1.0,2.0,2.0,1.0,1.0,2.0,1.0,2.0,1.0,1.0,2.0,1.0,1.0,2.0,2.0,2.0,1.0,1.0,1.0,2.0,2.0,1.0,2.0,1.0,2.0,1.0,2.0,1.0,2.0,2.0,2.0,1.0,2.0,1.0,2.0,1.0,2.0,1.0
1602,5,5,5,5,5,5,5,5,1,2,70.0,,,2.0,,,,3.0,5.0,2.0,6.0,,1.0,54.0,,,2.0,,,,3.0,5.0,5.0,,,,,15.0,,2.0,4.0,,,1.0,,,5.0,,,,,,,,,,,1.0,1.0,1.0,1.0,1.0,1.0,6,3,4,4,2,5,6,6,3,2,55.0,50.0,52.0,60.0,62.0,58.0,65.0,54.0,40.0,45.0,2.0,2.0,1.0,1.0,2.0,1.0,2.0,2.0,2.0,2.0,1.0,1.0,2.0,2.0,1.0,1.0,2.0,1.0,2.0,1.0,2.0,2.0,2.0,1.0,2.0,2.0,1.0,1.0,2.0,2.0,2.0,2.0,2.0,1.0,1.0,1.0,1.0,2.0,2.0,2.0
1771,4,4,4,4,4,4,4,4,2,2,,30.0,4.0,,,,,3.0,5.0,2.0,6.0,,,,2.0,1.0,,,,,,,,3.0,4.0,4.0,20.0,,,2.0,3.0,,,,1.0,4.0,,1.0,1.0,1.0,1.0,1.0,1.0,1.0,1.0,1.0,1.0,,,,,,,6,3,4,4,2,5,6,6,3,2,60.0,55.0,60.0,65.0,65.0,60.0,70.0,60.0,40.0,40.0,2.0,2.0,2.0,2.0,2.0,2.0,2.0,2.0,2.0,2.0,2.0,2.0,2.0,2.0,2.0,2.0,2.0,2.0,2.0,2.0,2.0,2.0,2.0,2.0,2.0,2.0,2.0,2.0,2.0,2.0,2.0,2.0,2.0,2.0,2.0,2.0,2.0,2.0,2.0,2.0
1597,2,3,2,2,3,2,4,2,4,2,70.0,,,2.0,3.0,4.0,5.0,,,,6.0,,1.0,54.0,,1.0,,,,,,,,2.0,4.0,5.0,,15.0,,2.0,4.0,,,,1.0,4.0,,,,,,,,,,,,1.0,1.0,1.0,1.0,1.0,1.0,6,3,4,3,2,5,6,6,3,2,45.0,40.0,40.0,35.0,40.0,35.0,50.0,35.0,50.0,35.0,1.0,1.0,1.0,1.0,1.0,2.0,1.0,2.0,1.0,2.0,1.0,1.0,2.0,1.0,1.0,2.0,1.0,2.0,1.0,1.0,1.0,2.0,1.0,2.0,2.0,2.0,1.0,1.0,2.0,2.0,2.0,1.0,1.0,2.0,1.0,1.0,2.0,1.0,2.0,2.0
896,4,4,4,5,5,5,5,5,2,2,70.0,,4.0,,,,,3.0,5.0,2.0,,6.0,1.0,54.0,,,2.0,,,,,,,2.0,5.0,6.0,16.0,,,2.0,4.0,,,1.0,,,5.0,,,,,,,,,,,1.0,1.0,1.0,1.0,1.0,1.0,6,3,4,4,3,5,6,6,4,2,55.0,50.0,52.0,60.0,62.0,58.0,65.0,54.0,40.0,42.0,1.0,2.0,1.0,2.0,2.0,1.0,2.0,1.0,2.0,1.0,2.0,2.0,1.0,1.0,1.0,2.0,2.0,2.0,1.0,2.0,2.0,1.0,2.0,1.0,1.0,2.0,2.0,1.0,1.0,1.0,2.0,1.0,1.0,1.0,1.0,2.0,2.0,1.0,1.0,2.0
156,5,5,5,5,5,5,5,5,1,2,,30.0,5.0,,3.0,4.0,6.0,,,,,6.0,,,2.0,1.0,,,,,4.0,5.0,6.0,,,,5.0,,,2.0,,5.0,,,1.0,,5.0,,,,,,,,,,,1.0,1.0,1.0,1.0,1.0,1.0,6,3,4,3,3,5,6,6,4,2,60.0,55.0,50.0,65.0,70.0,60.0,75.0,60.0,40.0,35.0,1.0,2.0,2.0,2.0,2.0,1.0,2.0,1.0,1.0,2.0,2.0,2.0,2.0,2.0,1.0,2.0,2.0,2.0,1.0,1.0,2.0,2.0,2.0,1.0,2.0,2.0,1.0,2.0,1.0,2.0,1.0,2.0,2.0,2.0,1.0,2.0,2.0,1.0,1.0,1.0
639,5,5,5,5,5,5,5,5,1,1,,30.0,5.0,,3.0,4.0,6.0,,,,,5.0,,,2.0,,2.0,,,,1.0,4.0,4.0,,,,,20.0,2.0,,,10.0,,,1.0,5.0,,1.0,1.0,1.0,1.0,1.0,1.0,1.0,1.0,1.0,1.0,,,,,,,6,2,2,2,3,6,6,6,3,2,60.0,55.0,50.0,65.0,70.0,60.0,75.0,60.0,30.0,35.0,2.0,2.0,2.0,2.0,2.0,2.0,2.0,2.0,2.0,2.0,2.0,2.0,2.0,2.0,2.0,2.0,2.0,2.0,2.0,2.0,2.0,2.0,2.0,2.0,2.0,2.0,2.0,2.0,2.0,2.0,2.0,2.0,2.0,2.0,2.0,2.0,2.0,2.0,2.0,2.0
1425,5,5,5,5,5,5,5,5,1,2,,30.0,,2.0,,,,3.0,5.0,2.0,,6.0,1.0,54.0,,1.0,,2.0,4.0,5.0,,,,,,,20.0,,,2.0,,,2.0,1.0,,5.0,,1.0,1.0,1.0,1.0,1.0,1.0,1.0,1.0,1.0,1.0,,,,,,,6,3,4,3,3,5,6,5,3,2,62.0,55.0,60.0,65.0,68.0,60.0,70.0,55.0,35.0,40.0,2.0,2.0,2.0,2.0,2.0,1.0,2.0,2.0,2.0,1.0,1.0,1.0,2.0,1.0,2.0,2.0,1.0,2.0,2.0,2.0,1.0,1.0,1.0,2.0,1.0,2.0,2.0,1.0,2.0,1.0,2.0,1.0,1.0,1.0,2.0,1.0,1.0,2.0,2.0,1.0
1556,5,5,5,5,5,5,5,5,1,2,,30.0,,1.0,,,,4.0,5.0,3.0,,6.0,,,2.0,,2.0,,,,,,,4.0,5.0,6.0,16.0,,1.0,,,6.0,,,1.0,5.0,,,,,,,,,,,,1.0,1.0,1.0,1.0,1.0,1.0,6,3,4,3,3,5,6,6,4,2,60.0,55.0,58.0,65.0,70.0,62.0,75.0,60.0,40.0,45.0,1.0,2.0,1.0,1.0,2.0,1.0,1.0,2.0,2.0,2.0,2.0,1.0,1.0,2.0,1.0,1.0,2.0,1.0,2.0,1.0,2.0,2.0,2.0,1.0,2.0,1.0,1.0,2.0,1.0,2.0,1.0,1.0,2.0,1.0,1.0,2.0,1.0,2.0,1.0,2.0
1239,4,4,4,4,4,4,4,4,2,2,,30.0,,2.0,3.0,4.0,5.0,,,,6.0,,1.0,54.0,,,2.0,2.0,4.0,5.0,,,,,,,16.0,,,2.0,,,3.0,1.0,,4.0,,1.0,1.0,1.0,1.0,1.0,1.0,1.0,1.0,1.0,1.0,,,,,,,6,3,4,3,2,5,6,5,3,2,55.0,50.0,52.0,60.0,62.0,58.0,65.0,54.0,40.0,42.0,1.0,2.0,2.0,1.0,2.0,1.0,2.0,1.0,2.0,2.0,1.0,2.0,2.0,1.0,1.0,1.0,1.0,2.0,1.0,2.0,2.0,2.0,1.0,2.0,2.0,2.0,1.0,1.0,2.0,2.0,1.0,1.0,1.0,1.0,2.0,1.0,1.0,2.0,2.0,2.0
924,4,4,4,5,5,5,5,5,1,2,70.0,,,2.0,3.0,4.0,5.0,,,,,6.0,1.0,54.0,,1.0,,2.0,4.0,4.0,,,,,,,,18.0,,2.0,,,2.0,,1.0,,4.0,1.0,1.0,1.0,1.0,1.0,1.0,1.0,1.0,1.0,1.0,,,,,,,6,3,4,3,3,5,6,5,3,2,55.0,50.0,52.0,60.0,65.0,62.0,70.0,58.0,35.0,40.0,1.0,2.0,2.0,1.0,1.0,2.0,2.0,2.0,2.0,2.0,2.0,1.0,2.0,2.0,2.0,1.0,2.0,1.0,2.0,2.0,1.0,1.0,2.0,2.0,1.0,2.0,2.0,1.0,2.0,1.0,2.0,1.0,2.0,1.0,2.0,1.0,2.0,2.0,1.0,1.0
857,4,4,4,4,4,4,5,5,1,2,70.0,,,2.0,,,,4.0,5.0,3.0,,6.0,,,2.0,1.0,,2.0,4.0,5.0,,,,,,,,15.0,1.0,,4.0,,,1.0,,,5.0,,,,,,,,,,,1.0,1.0,1.0,1.0,1.0,1.0,6,3,4,4,3,5,6,6,3,2,55.0,50.0,52.0,60.0,65.0,58.0,70.0,62.0,40.0,45.0,2.0,1.0,2.0,2.0,1.0,1.0,2.0,1.0,2.0,1.0,1.0,2.0,2.0,2.0,1.0,1.0,1.0,2.0,1.0,1.0,1.0,2.0,2.0,2.0,1.0,1.0,2.0,1.0,1.0,1.0,1.0,2.0,2.0,1.0,1.0,2.0,2.0,1.0,1.0,2.0
1749,2,3,2,2,2,2,4,2,4,3,,30.0,,2.0,3.0,4.0,5.0,,,,,6.0,,,2.0,,2.0,,,,3.0,4.0,5.0,,,,16.0,,1.0,,,6.0,,1.0,,,4.0,1.0,1.0,1.0,1.0,1.0,1.0,1.0,1.0,1.0,1.0,,,,,,,6,3,4,4,3,5,6,6,3,2,45.0,40.0,42.0,50.0,55.0,48.0,60.0,44.0,38.0,41.0,2.0,2.0,2.0,1.0,2.0,2.0,1.0,1.0,1.0,2.0,1.0,1.0,2.0,1.0,2.0,1.0,2.0,1.0,2.0,1.0,2.0,1.0,1.0,1.0,1.0,2.0,1.0,2.0,1.0,1.0,2.0,1.0,1.0,1.0,1.0,2.0,1.0,2.0,2.0,1.0
1155,5,5,5,5,5,5,5,5,1,2,70.0,,4.0,,3.0,4.0,6.0,,,,6.0,,1.0,54.0,,,2.0,2.0,4.0,5.0,,,,,,,,18.0,,2.0,,6.0,,,1.0,,5.0,,,,,,,,,,,1.0,1.0,1.0,1.0,1.0,1.0,6,3,4,4,3,5,6,6,3,2,55.0,50.0,52.0,60.0,65.0,58.0,70.0,60.0,40.0,35.0,2.0,2.0,2.0,1.0,1.0,2.0,1.0,2.0,2.0,2.0,2.0,2.0,2.0,2.0,2.0,1.0,1.0,1.0,1.0,2.0,1.0,1.0,2.0,2.0,1.0,2.0,2.0,2.0,1.0,1.0,1.0,1.0,2.0,1.0,2.0,2.0,1.0,2.0,1.0,1.0
1026,4,4,4,3,4,3,5,4,2,2,,30.0,,2.0,,,,3.0,5.0,4.0,6.0,,,,2.0,,2.0,,,,,,,3.0,4.0,5.0,,5.0,,2.0,,6.0,,,1.0,4.0,,,,,,,,,,,,1.0,1.0,1.0,1.0,1.0,1.0,6,3,4,3,3,5,6,5,3,2,55.0,50.0,52.0,60.0,65.0,55.0,70.0,60.0,40.0,45.0,2.0,1.0,2.0,2.0,1.0,2.0,2.0,2.0,1.0,1.0,2.0,2.0,1.0,2.0,1.0,2.0,1.0,2.0,2.0,1.0,2.0,1.0,1.0,2.0,1.0,1.0,2.0,2.0,1.0,1.0,1.0,2.0,2.0,2.0,1.0,1.0,1.0,1.0,2.0,2.0
349,2,3,2,2,3,2,3,2,4,2,,30.0,,2.0,,,,3.0,4.0,2.0,,5.0,1.0,40.0,,,2.0,2.0,3.0,4.0,,,,,,,,18.0,1.0,,,6.0,,1.0,,,3.0,,,,,,,,,,,1.0,1.0,1.0,1.0,1.0,1.0,6,3,4,3,3,5,6,5,3,2,40.0,35.0,38.0,45.0,50.0,35.0,55.0,40.0,50.0,38.0,2.0,1.0,2.0,2.0,2.0,2.0,1.0,2.0,1.0,2.0,2.0,1.0,2.0,2.0,2.0,1.0,1.0,1.0,2.0,2.0,2.0,1.0,2.0,1.0,2.0,2.0,2.0,1.0,1.0,2.0,2.0,1.0,2.0,2.0,2.0,1.0,1.0,1.0,2.0,2.0
555,3,3,3,3,4,4,4,3,2,2,70.0,,,2.0,,,,3.0,5.0,4.0,6.0,,1.0,40.0,,,2.0,,,,3.0,4.0,4.0,,,,,15.0,1.0,,,6.0,,1.0,,,4.0,1.0,1.0,1.0,1.0,1.0,1.0,1.0,1.0,1.0,1.0,,,,,,,6,3,4,4,2,5,6,6,3,2,50.0,45.0,45.0,55.0,60.0,60.0,65.0,50.0,40.0,40.0,2.0,1.0,2.0,1.0,1.0,2.0,2.0,1.0,1.0,1.0,1.0,2.0,1.0,2.0,1.0,2.0,1.0,2.0,1.0,1.0,1.0,2.0,1.0,2.0,2.0,2.0,1.0,2.0,2.0,2.0,2.0,2.0,2.0,1.0,2.0,1.0,1.0,1.0,1.0,2.0
426,3,3,3,3,3,3,4,3,4,3,70.0,,3.0,,,,,3.0,4.0,3.0,5.0,,,,2.0,1.0,,,,,,,,3.0,4.0,5.0,15.0,,,2.0,,,2.0,,1.0,4.0,,,,,,,,,,,,1.0,1.0,1.0,1.0,1.0,1.0,6,3,4,4,3,5,6,6,3,2,50.0,45.0,50.0,55.0,55.0,50.0,60.0,50.0,55.0,50.0,1.0,1.0,2.0,1.0,2.0,2.0,2.0,2.0,2.0,2.0,2.0,1.0,1.0,1.0,1.0,1.0,1.0,2.0,2.0,2.0,1.0,1.0,1.0,2.0,2.0,2.0,1.0,1.0,2.0,1.0,2.0,1.0,1.0,2.0,1.0,2.0,1.0,1.0,1.0,2.0
38,2,2,2,2,2,2,2,2,4,2,,30.0,2.0,,3.0,4.0,5.0,,,,5.0,,,,2.0,,2.0,,,,1.0,4.0,4.0,,,,,0.0,,2.0,3.0,,,1.0,,,4.0,,,,,,,,,,,1.0,1.0,1.0,1.0,1.0,1.0,6,3,4,4,2,5,6,6,3,2,40.0,35.0,35.0,40.0,40.0,35.0,45.0,35.0,50.0,35.0,2.0,2.0,2.0,2.0,2.0,2.0,2.0,2.0,2.0,2.0,2.0,2.0,2.0,2.0,2.0,2.0,2.0,2.0,2.0,2.0,2.0,2.0,2.0,2.0,2.0,2.0,2.0,2.0,2.0,2.0,2.0,2.0,2.0,2.0,2.0,2.0,2.0,2.0,2.0,2.0
2049,4,4,4,5,5,5,5,5,1,2,,30.0,5.0,,3.0,4.0,6.0,,,,,6.0,,,2.0,1.0,,,,,4.0,5.0,6.0,,,,,18.0,1.0,,,,3.0,,1.0,5.0,,1.0,1.0,1.0,1.0,1.0,1.0,1.0,1.0,1.0,1.0,,,,,,,6,3,4,3,3,5,6,5,3,2,60.0,55.0,58.0,65.0,70.0,68.0,72.0,60.0,40.0,45.0,2.0,1.0,2.0,1.0,2.0,1.0,2.0,1.0,1.0,2.0,2.0,1.0,2.0,2.0,1.0,2.0,2.0,1.0,2.0,1.0,2.0,1.0,2.0,1.0,2.0,1.0,1.0,2.0,1.0,1.0,1.0,1.0,2.0,1.0,1.0,2.0,1.0,1.0,2.0,2.0
1854,5,5,5,5,5,5,5,5,1,2,70.0,,4.0,,,,,3.0,4.0,2.0,6.0,,1.0,54.0,,1.0,,,,,3.0,5.0,6.0,,,,18.0,,1.0,,,6.0,,1.0,,5.0,,1.0,1.0,1.0,1.0,1.0,1.0,1.0,1.0,1.0,1.0,,,,,,,6,3,4,4,2,5,6,6,4,2,60.0,55.0,58.0,65.0,68.0,62.0,70.0,60.0,40.0,35.0,2.0,2.0,1.0,2.0,1.0,2.0,2.0,2.0,1.0,2.0,2.0,2.0,1.0,1.0,2.0,1.0,2.0,2.0,2.0,1.0,1.0,2.0,1.0,2.0,1.0,2.0,2.0,2.0,2.0,1.0,1.0,1.0,1.0,2.0,1.0,2.0,1.0,2.0,2.0,1.0
1927,3,3,3,3,3,3,4,3,4,3,70.0,,3.0,,2.0,3.0,5.0,,,,,5.0,,,2.0,1.0,,2.0,3.0,4.0,,,,,,,,20.0,1.0,,,6.0,,,1.0,,4.0,,,,,,,,,,,1.0,1.0,1.0,1.0,1.0,1.0,6,3,4,4,3,5,6,6,3,2,45.0,40.0,40.0,50.0,55.0,50.0,60.0,45.0,55.0,40.0,2.0,2.0,2.0,1.0,1.0,1.0,2.0,2.0,2.0,2.0,1.0,2.0,2.0,2.0,1.0,1.0,1.0,2.0,1.0,1.0,2.0,2.0,2.0,2.0,1.0,2.0,2.0,2.0,2.0,2.0,2.0,2.0,2.0,1.0,2.0,1.0,2.0,2.0,1.0,1.0
1194,5,5,5,5,5,5,5,5,1,1,70.0,,5.0,,3.0,4.0,5.0,,,,6.0,,,,2.0,1.0,,2.0,4.0,4.0,,,,,,,,20.0,1.0,,,,1.0,1.0,,,5.0,,,,,,,,,,,1.0,1.0,1.0,1.0,1.0,1.0,6,3,3,2,2,5,6,6,3,2,55.0,50.0,52.0,60.0,65.0,58.0,70.0,60.0,40.0,35.0,2.0,2.0,2.0,2.0,1.0,1.0,1.0,2.0,2.0,2.0,2.0,2.0,1.0,2.0,2.0,1.0,2.0,2.0,1.0,2.0,2.0,1.0,2.0,2.0,1.0,1.0,2.0,2.0,1.0,2.0,2.0,2.0,1.0,1.0,1.0,1.0,1.0,2.0,2.0,2.0
1372,4,4,4,4,4,4,4,4,2,2,70.0,,,2.0,3.0,4.0,6.0,,,,6.0,,,,2.0,,2.0,,,,3.0,4.0,5.0,,,,,18.0,,2.0,,6.0,,,1.0,,4.0,1.0,1.0,1.0,1.0,1.0,1.0,1.0,1.0,1.0,1.0,,,,,,,6,3,4,3,3,5,6,5,3,2,60.0,55.0,58.0,65.0,68.0,62.0,70.0,60.0,40.0,38.0,1.0,2.0,1.0,2.0,1.0,1.0,2.0,1.0,2.0,1.0,2.0,2.0,2.0,1.0,1.0,1.0,1.0,1.0,1.0,2.0,2.0,1.0,2.0,1.0,1.0,1.0,2.0,1.0,1.0,2.0,1.0,2.0,2.0,2.0,2.0,1.0,1.0,2.0,1.0,2.0
1788,5,5,5,5,5,5,5,5,1,2,,30.0,3.0,,,,,3.0,4.0,2.0,,6.0,,,2.0,1.0,,,,,3.0,4.0,5.0,,,,,15.0,,2.0,4.0,,,,1.0,,5.0,,,,,,,,,,,1.0,1.0,1.0,1.0,1.0,1.0,6,3,4,3,3,5,6,5,3,2,55.0,50.0,52.0,60.0,65.0,58.0,70.0,60.0,40.0,35.0,1.0,1.0,2.0,2.0,1.0,1.0,2.0,2.0,2.0,1.0,2.0,1.0,1.0,1.0,2.0,2.0,2.0,2.0,2.0,1.0,2.0,1.0,1.0,2.0,1.0,1.0,2.0,2.0,1.0,2.0,1.0,2.0,2.0,2.0,1.0,2.0,2.0,1.0,2.0,1.0
1201,3,3,3,4,4,4,4,3,2,2,70.0,,,2.0,3.0,4.0,5.0,,,,6.0,,,,2.0,1.0,,,,,3.0,4.0,4.0,,,,20.0,,,2.0,,5.0,,,1.0,4.0,,1.0,1.0,1.0,1.0,1.0,1.0,1.0,1.0,1.0,1.0,,,,,,,6,3,4,4,3,5,6,6,3,2,50.0,45.0,48.0,60.0,62.0,55.0,65.0,50.0,40.0,38.0,2.0,1.0,2.0,1.0,1.0,2.0,2.0,1.0,1.0,2.0,1.0,2.0,2.0,1.0,2.0,1.0,2.0,2.0,1.0,2.0,1.0,1.0,2.0,1.0,1.0,1.0,2.0,2.0,1.0,1.0,1.0,2.0,1.0,2.0,1.0,1.0,2.0,2.0,1.0,1.0
594,5,5,5,5,5,5,5,5,1,1,,30.0,3.0,,3.0,4.0,6.0,,,,6.0,,,,2.0,,2.0,2.0,4.0,5.0,,,,,,,,18.0,,2.0,5.0,,,1.0,,5.0,,,,,,,,,,,,1.0,1.0,1.0,1.0,1.0,1.0,6,3,4,4,2,5,6,6,4,2,60.0,55.0,55.0,60.0,65.0,60.0,70.0,60.0,40.0,35.0,2.0,1.0,1.0,1.0,2.0,2.0,1.0,1.0,1.0,2.0,1.0,1.0,1.0,1.0,1.0,2.0,1.0,1.0,2.0,2.0,1.0,1.0,2.0,2.0,1.0,1.0,2.0,1.0,2.0,2.0,1.0,2.0,1.0,2.0,1.0,1.0,2.0,2.0,1.0,2.0
772,2,3,2,2,2,2,4,2,4,2,,30.0,,2.0,,,,3.0,5.0,2.0,6.0,,1.0,54.0,,,2.0,2.0,4.0,5.0,,,,,,,,15.0,1.0,,,,3.0,1.0,,,4.0,1.0,1.0,1.0,1.0,1.0,1.0,1.0,1.0,1.0,1.0,,,,,,,6,3,4,3,3,5,6,5,3,2,40.0,35.0,38.0,50.0,55.0,45.0,60.0,42.0,48.0,40.0,2.0,2.0,2.0,1.0,1.0,1.0,2.0,1.0,1.0,2.0,2.0,1.0,2.0,2.0,1.0,2.0,1.0,2.0,1.0,1.0,2.0,2.0,2.0,1.0,2.0,1.0,1.0,1.0,1.0,2.0,1.0,2.0,1.0,1.0,1.0,2.0,2.0,2.0,1.0,2.0
388,4,4,4,5,5,5,5,4,1,2,70.0,,,2.0,,,,3.0,4.0,2.0,,6.0,,,2.0,,2.0,2.0,4.0,5.0,,,,,,,18.0,,1.0,,,,2.0,1.0,,,5.0,1.0,1.0,1.0,1.0,1.0,1.0,1.0,1.0,1.0,1.0,,,,,,,6,3,4,3,3,5,6,5,3,2,55.0,50.0,52.0,60.0,65.0,62.0,70.0,58.0,40.0,45.0,1.0,2.0,2.0,1.0,2.0,1.0,1.0,2.0,1.0,1.0,1.0,2.0,2.0,2.0,1.0,1.0,1.0,2.0,2.0,2.0,2.0,1.0,2.0,2.0,1.0,1.0,2.0,2.0,2.0,1.0,1.0,1.0,1.0,2.0,1.0,2.0,1.0,1.0,2.0,2.0
601,4,4,4,5,5,4,5,4,1,2,,30.0,,2.0,3.0,4.0,5.0,,,,,6.0,1.0,54.0,,,2.0,,,,4.0,4.0,5.0,,,,5.0,,1.0,,3.0,,,,1.0,4.0,,1.0,1.0,1.0,1.0,1.0,1.0,1.0,1.0,1.0,1.0,,,,,,,6,3,4,3,3,5,6,5,4,2,55.0,50.0,52.0,60.0,65.0,58.0,70.0,54.0,40.0,45.0,2.0,2.0,1.0,2.0,2.0,1.0,2.0,2.0,2.0,1.0,2.0,2.0,2.0,2.0,1.0,2.0,1.0,1.0,1.0,2.0,1.0,2.0,1.0,1.0,1.0,1.0,2.0,2.0,1.0,1.0,1.0,1.0,1.0,1.0,2.0,2.0,2.0,2.0,1.0,1.0
1895,5,5,5,5,5,5,5,5,1,2,,30.0,4.0,,3.0,4.0,6.0,,,,6.0,,,,2.0,,2.0,,,,,,,4.0,5.0,6.0,5.0,,1.0,,4.0,,,,1.0,5.0,,,,,,,,,,,,1.0,1.0,1.0,1.0,1.0,1.0,6,3,4,4,3,5,6,6,4,2,60.0,55.0,58.0,65.0,70.0,62.0,75.0,60.0,40.0,45.0,2.0,2.0,1.0,2.0,2.0,1.0,1.0,2.0,2.0,1.0,2.0,2.0,2.0,2.0,2.0,1.0,1.0,1.0,2.0,1.0,2.0,2.0,1.0,2.0,1.0,2.0,1.0,2.0,1.0,1.0,2.0,1.0,1.0,1.0,2.0,2.0,2.0,1.0,1.0,1.0
1307,5,5,5,5,5,5,5,5,1,1,70.0,,,1.0,,,,3.0,5.0,2.0,6.0,,,,2.0,,2.0,,,,4.0,5.0,6.0,,,,,20.0,,2.0,,,1.0,1.0,,5.0,,1.0,1.0,1.0,1.0,1.0,1.0,1.0,1.0,1.0,1.0,,,,,,,6,3,4,3,3,5,6,6,4,2,60.0,55.0,58.0,65.0,70.0,62.0,68.0,60.0,40.0,35.0,2.0,1.0,1.0,2.0,1.0,2.0,2.0,1.0,1.0,1.0,1.0,1.0,1.0,2.0,2.0,1.0,2.0,1.0,2.0,2.0,1.0,2.0,1.0,1.0,2.0,1.0,2.0,1.0,2.0,1.0,1.0,2.0,2.0,2.0,2.0,2.0,2.0,2.0,1.0,1.0
1274,4,4,4,5,5,4,5,4,2,2,,30.0,4.0,,3.0,4.0,5.0,,,,,5.0,,,2.0,1.0,,2.0,4.0,5.0,,,,,,,18.0,,1.0,,4.0,,,,1.0,4.0,,1.0,1.0,1.0,1.0,1.0,1.0,1.0,1.0,1.0,1.0,,,,,,,6,3,4,4,2,5,6,6,3,2,55.0,50.0,52.0,60.0,65.0,58.0,70.0,54.0,40.0,38.0,2.0,2.0,1.0,2.0,1.0,1.0,2.0,1.0,2.0,2.0,2.0,1.0,2.0,1.0,2.0,1.0,2.0,1.0,2.0,2.0,2.0,1.0,2.0,2.0,1.0,1.0,1.0,1.0,2.0,1.0,2.0,2.0,1.0,1.0,2.0,1.0,1.0,1.0,1.0,2.0
1468,4,4,4,4,4,4,5,4,2,2,,30.0,4.0,,3.0,4.0,5.0,,,,,6.0,,,2.0,1.0,,,,,3.0,4.0,5.0,,,,16.0,,,2.0,4.0,,,1.0,,,4.0,1.0,1.0,1.0,1.0,1.0,1.0,1.0,1.0,1.0,1.0,,,,,,,6,3,4,4,3,5,6,6,3,2,55.0,50.0,52.0,60.0,62.0,58.0,70.0,54.0,40.0,42.0,1.0,1.0,1.0,2.0,2.0,1.0,1.0,1.0,1.0,1.0,1.0,1.0,1.0,2.0,1.0,1.0,1.0,1.0,1.0,1.0,2.0,1.0,1.0,1.0,2.0,1.0,1.0,2.0,1.0,1.0,2.0,1.0,1.0,1.0,2.0,2.0,1.0,2.0,2.0,1.0
1092,5,5,5,5,5,5,5,5,1,2,,30.0,4.0,,3.0,4.0,6.0,,,,6.0,,,,2.0,1.0,,2.0,5.0,6.0,,,,,,,5.0,,,2.0,,,3.0,1.0,,5.0,,,,,,,,,,,,1.0,1.0,1.0,1.0,1.0,1.0,6,3,4,4,2,5,6,6,4,2,60.0,55.0,50.0,65.0,70.0,60.0,75.0,55.0,40.0,45.0,1.0,2.0,1.0,2.0,2.0,1.0,1.0,2.0,1.0,2.0,1.0,2.0,1.0,1.0,1.0,2.0,1.0,2.0,1.0,1.0,2.0,1.0,1.0,1.0,2.0,1.0,2.0,1.0,1.0,1.0,2.0,1.0,1.0,2.0,2.0,2.0,1.0,2.0,2.0,1.0
707,5,5,5,5,5,5,5,5,1,1,,30.0,,1.0,,,,3.0,5.0,4.0,6.0,,,,2.0,1.0,,1.0,4.0,4.0,,,,,,,,20.0,1.0,,,,1.0,1.0,,5.0,,,,,,,,,,,,1.0,1.0,1.0,1.0,1.0,1.0,6,3,4,3,2,5,6,6,3,2,60.0,55.0,55.0,65.0,70.0,60.0,75.0,60.0,40.0,35.0,1.0,2.0,1.0,2.0,2.0,2.0,2.0,1.0,2.0,1.0,1.0,2.0,2.0,2.0,2.0,2.0,1.0,1.0,1.0,1.0,2.0,2.0,1.0,2.0,2.0,2.0,1.0,2.0,2.0,1.0,2.0,1.0,2.0,2.0,1.0,2.0,2.0,1.0,1.0,1.0
674,2,2,2,2,3,2,3,2,4,4,70.0,,2.0,,,,,3.0,4.0,2.0,,5.0,,,2.0,,2.0,,,,3.0,4.0,4.0,,,,16.0,,,2.0,4.0,,,,1.0,4.0,,,,,,,,,,,,1.0,1.0,1.0,1.0,1.0,1.0,6,3,4,3,3,5,6,5,3,2,45.0,40.0,38.0,50.0,55.0,40.0,60.0,35.0,50.0,45.0,2.0,2.0,2.0,2.0,1.0,1.0,1.0,1.0,2.0,2.0,2.0,2.0,2.0,1.0,2.0,1.0,1.0,2.0,2.0,1.0,2.0,1.0,1.0,1.0,2.0,2.0,2.0,1.0,2.0,1.0,1.0,1.0,2.0,1.0,2.0,1.0,1.0,2.0,2.0,2.0
492,2,2,2,2,2,2,4,2,4,2,70.0,,2.0,,,,,3.0,5.0,2.0,,5.0,,,2.0,1.0,,1.0,4.0,4.0,,,,,,,,0.0,2.0,,3.0,,,1.0,,,4.0,,,,,,,,,,,1.0,1.0,1.0,1.0,1.0,1.0,6,3,4,4,2,5,6,6,3,2,40.0,35.0,35.0,40.0,45.0,35.0,60.0,40.0,55.0,40.0,1.0,1.0,1.0,1.0,2.0,1.0,2.0,2.0,2.0,1.0,2.0,2.0,1.0,2.0,1.0,1.0,1.0,2.0,1.0,1.0,1.0,2.0,1.0,1.0,1.0,1.0,1.0,1.0,1.0,1.0,2.0,1.0,1.0,1.0,2.0,1.0,2.0,1.0,2.0,1.0
969,2,3,2,2,2,2,3,2,4,4,,30.0,2.0,,2.0,3.0,5.0,,,,,5.0,1.0,40.0,,,2.0,,,,,,,2.0,4.0,4.0,18.0,,,2.0,,,2.0,1.0,,,4.0,1.0,1.0,1.0,1.0,1.0,1.0,1.0,1.0,1.0,1.0,,,,,,,6,3,4,4,3,5,6,5,3,2,40.0,35.0,38.0,45.0,50.0,40.0,55.0,38.0,60.0,55.0,1.0,2.0,1.0,2.0,1.0,2.0,2.0,1.0,2.0,1.0,2.0,1.0,1.0,2.0,1.0,2.0,1.0,2.0,2.0,1.0,1.0,1.0,1.0,2.0,1.0,2.0,1.0,1.0,2.0,2.0,2.0,1.0,2.0,2.0,1.0,2.0,1.0,2.0,2.0,2.0
1993,5,5,5,5,5,5,5,5,1,2,,30.0,4.0,,3.0,4.0,6.0,,,,,6.0,,,2.0,,2.0,,,,,,,4.0,5.0,6.0,,15.0,1.0,,,,2.0,,1.0,5.0,,,,,,,,,,,,1.0,1.0,1.0,1.0,1.0,1.0,6,3,4,4,2,5,6,6,4,2,60.0,55.0,60.0,65.0,70.0,65.0,75.0,60.0,40.0,45.0,1.0,2.0,1.0,1.0,1.0,2.0,1.0,2.0,2.0,2.0,2.0,2.0,1.0,2.0,1.0,1.0,1.0,2.0,2.0,1.0,1.0,2.0,2.0,1.0,2.0,2.0,1.0,2.0,1.0,2.0,1.0,2.0,1.0,2.0,1.0,2.0,1.0,1.0,2.0,1.0
1120,4,4,4,3,4,4,4,4,2,2,,30.0,,2.0,,,,3.0,4.0,2.0,,6.0,1.0,54.0,,,2.0,,,,3.0,4.0,5.0,,,,18.0,,1.0,,,,3.0,,1.0,,4.0,1.0,1.0,1.0,1.0,1.0,1.0,1.0,1.0,1.0,1.0,,,,,,,6,3,4,4,3,5,6,6,3,2,55.0,50.0,52.0,60.0,62.0,58.0,65.0,54.0,40.0,42.0,2.0,1.0,1.0,1.0,1.0,1.0,1.0,1.0,1.0,2.0,1.0,2.0,2.0,1.0,2.0,1.0,1.0,2.0,1.0,2.0,2.0,1.0,2.0,1.0,2.0,1.0,2.0,2.0,1.0,2.0,1.0,1.0,1.0,2.0,2.0,2.0,2.0,1.0,2.0,2.0
1053,4,4,4,4,4,4,5,4,2,2,70.0,,,2.0,3.0,4.0,6.0,,,,,6.0,,,2.0,,2.0,,,,,,,3.0,4.0,5.0,,15.0,1.0,,4.0,,,1.0,,,4.0,,,,,,,,,,,1.0,1.0,1.0,1.0,1.0,1.0,6,3,4,3,3,5,6,5,3,2,60.0,55.0,60.0,65.0,70.0,60.0,75.0,60.0,40.0,45.0,2.0,2.0,2.0,1.0,1.0,2.0,1.0,2.0,1.0,1.0,2.0,2.0,1.0,2.0,1.0,2.0,2.0,2.0,2.0,1.0,2.0,2.0,1.0,1.0,2.0,1.0,2.0,2.0,1.0,1.0,2.0,2.0,2.0,2.0,1.0,1.0,2.0,2.0,1.0,1.0
520,2,2,2,1,2,2,4,1,4,4,70.0,,,1.0,2.0,3.0,6.0,,,,6.0,,1.0,54.0,,1.0,,,,,,,,1.0,4.0,5.0,5.0,,,2.0,4.0,,,,1.0,4.0,,1.0,1.0,1.0,1.0,1.0,1.0,1.0,1.0,1.0,1.0,,,,,,,6,3,4,3,3,5,6,5,3,2,40.0,35.0,35.0,30.0,35.0,35.0,50.0,30.0,50.0,50.0,2.0,2.0,2.0,2.0,2.0,1.0,2.0,2.0,2.0,2.0,2.0,1.0,2.0,2.0,2.0,2.0,2.0,2.0,2.0,2.0,2.0,2.0,2.0,2.0,1.0,2.0,1.0,2.0,1.0,2.0,2.0,1.0,2.0,1.0,1.0,1.0,1.0,1.0,2.0,1.0
453,3,3,3,2,3,2,4,2,4,3,,30.0,3.0,,,,,3.0,4.0,3.0,,6.0,1.0,54.0,,1.0,,3.0,3.0,4.0,,,,,,,,15.0,1.0,,,,2.0,,1.0,,4.0,,,,,,,,,,,1.0,1.0,1.0,1.0,1.0,1.0,6,3,4,4,3,5,6,6,3,2,45.0,40.0,42.0,50.0,55.0,38.0,60.0,35.0,48.0,44.0,2.0,1.0,1.0,2.0,1.0,2.0,1.0,2.0,1.0,2.0,1.0,2.0,1.0,2.0,2.0,1.0,2.0,2.0,1.0,1.0,2.0,2.0,2.0,1.0,1.0,1.0,2.0,2.0,1.0,2.0,1.0,1.0,2.0,1.0,1.0,1.0,1.0,2.0,2.0,1.0
1821,5,5,5,5,5,5,5,5,1,2,,30.0,3.0,,3.0,4.0,6.0,,,,6.0,,,,2.0,1.0,,2.0,5.0,6.0,,,,,,,18.0,,1.0,,,6.0,,1.0,,,5.0,,,,,,,,,,,1.0,1.0,1.0,1.0,1.0,1.0,6,3,4,3,2,5,6,6,3,2,60.0,55.0,58.0,65.0,70.0,62.0,75.0,60.0,40.0,45.0,1.0,2.0,1.0,1.0,2.0,1.0,2.0,2.0,1.0,2.0,1.0,1.0,1.0,2.0,1.0,2.0,1.0,1.0,1.0,2.0,2.0,2.0,2.0,1.0,1.0,2.0,1.0,1.0,1.0,1.0,2.0,1.0,2.0,1.0,1.0,1.0,1.0,2.0,2.0,2.0
1952,4,4,4,4,4,4,4,4,2,2,,30.0,4.0,,3.0,4.0,5.0,,,,6.0,,,,2.0,1.0,,,,,,,,4.0,4.0,5.0,18.0,,1.0,,4.0,,,1.0,,,4.0,1.0,1.0,1.0,1.0,1.0,1.0,1.0,1.0,1.0,1.0,,,,,,,6,3,4,4,3,5,6,6,3,2,55.0,50.0,52.0,60.0,65.0,58.0,70.0,60.0,40.0,35.0,1.0,1.0,1.0,2.0,1.0,1.0,2.0,2.0,1.0,2.0,1.0,2.0,1.0,2.0,1.0,2.0,1.0,1.0,1.0,1.0,2.0,2.0,2.0,1.0,2.0,1.0,2.0,2.0,1.0,1.0,1.0,2.0,2.0,1.0,1.0,1.0,1.0,2.0,1.0,2.0
810,5,5,5,5,5,5,5,5,1,2,70.0,,,2.0,,,,3.0,5.0,2.0,6.0,,1.0,40.0,,1.0,,,,,,,,3.0,5.0,6.0,,15.0,1.0,,,,2.0,1.0,,5.0,,1.0,1.0,1.0,1.0,1.0,1.0,1.0,1.0,1.0,1.0,,,,,,,6,3,4,3,3,5,6,5,3,2,60.0,55.0,60.0,65.0,70.0,60.0,70.0,55.0,35.0,40.0,2.0,1.0,2.0,2.0,1.0,1.0,2.0,2.0,1.0,1.0,1.0,2.0,2.0,1.0,1.0,2.0,1.0,2.0,1.0,1.0,2.0,2.0,1.0,1.0,1.0,2.0,1.0,2.0,2.0,2.0,1.0,1.0,2.0,2.0,1.0,1.0,1.0,2.0,2.0,1.0
86,2,2,2,2,2,2,4,2,4,2,,30.0,2.0,,3.0,4.0,5.0,,,,,6.0,,,2.0,1.0,,1.0,3.0,4.0,,,,,,,18.0,,1.0,,,6.0,,1.0,,,3.0,1.0,1.0,1.0,1.0,1.0,1.0,1.0,1.0,1.0,1.0,,,,,,,6,3,4,4,3,5,6,6,3,2,40.0,35.0,35.0,45.0,50.0,40.0,60.0,35.0,50.0,35.0,2.0,1.0,1.0,1.0,2.0,2.0,1.0,1.0,1.0,2.0,2.0,2.0,1.0,2.0,2.0,1.0,2.0,1.0,2.0,1.0,1.0,1.0,2.0,1.0,1.0,1.0,2.0,2.0,1.0,1.0,1.0,2.0,2.0,1.0,2.0,1.0,1.0,2.0,1.0,1.0
963,4,4,4,4,4,4,5,4,2,2,70.0,,,2.0,3.0,4.0,5.0,,,,6.0,,,,2.0,,2.0,,,,,,,3.0,4.0,5.0,,10.0,1.0,,,6.0,,1.0,,,5.0,,,,,,,,,,,1.0,1.0,1.0,1.0,1.0,1.0,6,3,5,4,3,5,6,5,3,2,55.0,50.0,52.0,60.0,62.0,58.0,65.0,54.0,40.0,42.0,1.0,1.0,2.0,2.0,1.0,2.0,2.0,1.0,1.0,2.0,1.0,2.0,2.0,1.0,2.0,2.0,1.0,1.0,2.0,1.0,1.0,2.0,1.0,1.0,1.0,1.0,2.0,1.0,2.0,1.0,1.0,1.0,2.0,2.0,1.0,1.0,1.0,1.0,2.0,1.0
1999,4,4,4,5,5,5,5,5,1,2,,30.0,4.0,,2.0,4.0,6.0,,,,6.0,,,,2.0,,2.0,,,,3.0,4.0,5.0,,,,18.0,,1.0,,,,2.0,,1.0,,5.0,1.0,1.0,1.0,1.0,1.0,1.0,1.0,1.0,1.0,1.0,,,,,,,6,3,4,3,3,5,6,6,3,2,55.0,50.0,52.0,60.0,65.0,62.0,70.0,58.0,40.0,45.0,2.0,2.0,1.0,2.0,2.0,1.0,2.0,1.0,1.0,1.0,2.0,2.0,1.0,2.0,1.0,2.0,2.0,2.0,1.0,1.0,2.0,2.0,1.0,1.0,1.0,1.0,1.0,2.0,1.0,1.0,1.0,2.0,1.0,1.0,1.0,1.0,1.0,1.0,2.0,2.0
1684,2,3,2,2,3,2,4,2,4,3,,30.0,,2.0,3.0,4.0,5.0,,,,,6.0,,,2.0,1.0,,,,,3.0,4.0,4.0,,,,16.0,,,2.0,,,3.0,,1.0,4.0,,,,,,,,,,,,1.0,1.0,1.0,1.0,1.0,1.0,6,3,4,4,3,5,6,5,3,2,45.0,40.0,42.0,50.0,55.0,48.0,60.0,40.0,55.0,45.0,,,,,,,,,,,,,,,,,,,,,,,,,,,,,,,,,,,,,,,,
1098,5,5,5,5,5,5,5,5,1,2,,30.0,,1.0,,,,3.0,5.0,2.0,,6.0,,,2.0,1.0,,,,,,,,4.0,5.0,6.0,20.0,,,2.0,4.0,,,,1.0,,5.0,1.0,1.0,1.0,1.0,1.0,1.0,1.0,1.0,1.0,1.0,,,,,,,6,3,4,3,3,5,6,5,4,2,60.0,55.0,55.0,65.0,70.0,60.0,75.0,60.0,40.0,45.0,2.0,2.0,2.0,1.0,2.0,1.0,2.0,2.0,2.0,2.0,2.0,2.0,2.0,1.0,1.0,2.0,2.0,2.0,1.0,2.0,2.0,1.0,2.0,2.0,1.0,2.0,2.0,1.0,1.0,2.0,2.0,2.0,2.0,2.0,1.0,1.0,2.0,2.0,1.0,2.0
1511,4,4,4,4,4,4,5,4,2,2,70.0,,,2.0,3.0,4.0,5.0,,,,6.0,,1.0,54.0,,1.0,,,,,3.0,4.0,5.0,,,,18.0,,,2.0,,5.0,,1.0,,,4.0,,,,,,,,,,,1.0,1.0,1.0,1.0,1.0,1.0,6,3,4,4,3,5,6,6,3,2,55.0,50.0,52.0,60.0,62.0,58.0,65.0,54.0,40.0,42.0,1.0,2.0,1.0,2.0,1.0,1.0,1.0,2.0,1.0,2.0,2.0,1.0,2.0,1.0,1.0,2.0,2.0,2.0,2.0,1.0,2.0,2.0,1.0,1.0,2.0,2.0,1.0,2.0,1.0,1.0,1.0,2.0,1.0,1.0,2.0,1.0,1.0,1.0,1.0,2.0
1462,2,2,2,2,2,2,4,2,4,2,70.0,,,2.0,3.0,4.0,5.0,,,,,,1.0,40.0,,,2.0,2.0,4.0,5.0,,,,,,,,15.0,1.0,,,6.0,,1.0,,4.0,,,,,,,,,,,,1.0,1.0,1.0,1.0,1.0,1.0,6,3,4,3,2,5,6,5,3,2,40.0,35.0,35.0,30.0,35.0,30.0,50.0,35.0,50.0,35.0,1.0,2.0,1.0,1.0,1.0,2.0,1.0,2.0,2.0,1.0,2.0,2.0,1.0,1.0,2.0,1.0,2.0,2.0,1.0,2.0,1.0,2.0,2.0,2.0,1.0,2.0,1.0,2.0,1.0,1.0,2.0,1.0,2.0,2.0,1.0,1.0,1.0,1.0,2.0,2.0
284,4,4,4,4,4,4,4,4,2,3,,30.0,4.0,,3.0,4.0,5.0,,,,6.0,,,,2.0,,2.0,,,,,,,3.0,4.0,5.0,,15.0,,2.0,,6.0,,,1.0,4.0,,,,,,,,,,,,1.0,1.0,1.0,1.0,1.0,1.0,6,3,5,4,3,5,6,5,3,2,55.0,50.0,52.0,60.0,62.0,58.0,65.0,54.0,40.0,45.0,1.0,2.0,2.0,1.0,2.0,1.0,1.0,2.0,1.0,2.0,1.0,2.0,2.0,2.0,2.0,2.0,1.0,1.0,2.0,1.0,2.0,2.0,1.0,1.0,2.0,1.0,1.0,2.0,2.0,1.0,2.0,1.0,2.0,2.0,2.0,1.0,2.0,2.0,1.0,1.0
498,3,3,3,3,3,3,4,3,4,3,,30.0,,2.0,,,,3.0,5.0,4.0,,5.0,1.0,30.0,,,2.0,,,,3.0,4.0,4.0,,,,,15.0,1.0,,,6.0,,1.0,,,4.0,1.0,1.0,1.0,1.0,1.0,1.0,1.0,1.0,1.0,1.0,,,,,,,6,3,4,3,3,5,5,5,3,2,40.0,35.0,35.0,50.0,55.0,45.0,60.0,40.0,50.0,35.0,2.0,2.0,1.0,2.0,2.0,2.0,2.0,1.0,2.0,1.0,1.0,1.0,1.0,2.0,2.0,2.0,1.0,2.0,1.0,2.0,1.0,1.0,1.0,1.0,1.0,2.0,2.0,2.0,1.0,2.0,1.0,2.0,2.0,2.0,2.0,1.0,2.0,1.0,2.0,2.0
111,2,3,2,2,2,2,4,2,4,2,70.0,,2.0,,,,,3.0,5.0,2.0,5.0,,,,2.0,,2.0,,,,3.0,4.0,4.0,,,,,18.0,,2.0,,5.0,,1.0,,4.0,,1.0,1.0,1.0,1.0,1.0,1.0,1.0,1.0,1.0,1.0,,,,,,,6,3,4,3,3,5,6,5,3,2,40.0,35.0,38.0,45.0,42.0,38.0,50.0,40.0,55.0,38.0,2.0,1.0,1.0,2.0,1.0,1.0,1.0,2.0,1.0,1.0,2.0,2.0,2.0,2.0,1.0,2.0,2.0,1.0,1.0,1.0,1.0,2.0,2.0,1.0,2.0,1.0,2.0,2.0,1.0,1.0,2.0,2.0,1.0,1.0,2.0,2.0,1.0,1.0,2.0,2.0
2036,2,2,2,2,2,2,4,2,4,2,70.0,,,2.0,3.0,4.0,6.0,,,,5.0,,,,2.0,,2.0,2.0,2.0,3.0,,,,,,,,20.0,,2.0,,6.0,,,1.0,,3.0,1.0,1.0,1.0,1.0,1.0,1.0,1.0,1.0,1.0,1.0,,,,,,,6,3,4,3,3,5,6,5,3,2,40.0,35.0,35.0,30.0,35.0,30.0,50.0,35.0,50.0,35.0,1.0,1.0,2.0,1.0,1.0,1.0,1.0,2.0,1.0,1.0,1.0,1.0,2.0,1.0,1.0,2.0,2.0,2.0,2.0,1.0,1.0,2.0,1.0,2.0,1.0,2.0,1.0,2.0,1.0,2.0,2.0,2.0,1.0,1.0,2.0,2.0,2.0,1.0,1.0,2.0
47,2,2,2,1,2,2,3,1,4,4,70.0,,2.0,,2.0,3.0,5.0,,,,,5.0,,,2.0,,2.0,,,,2.0,3.0,4.0,,,,,0.0,2.0,,3.0,,,,1.0,3.0,,1.0,1.0,1.0,1.0,1.0,1.0,1.0,1.0,1.0,1.0,,,,,,,6,3,4,4,3,5,6,6,3,2,40.0,35.0,35.0,30.0,35.0,35.0,50.0,30.0,45.0,45.0,2.0,2.0,1.0,1.0,2.0,1.0,2.0,2.0,2.0,2.0,2.0,2.0,1.0,1.0,2.0,2.0,1.0,1.0,1.0,1.0,1.0,2.0,1.0,1.0,2.0,1.0,1.0,1.0,2.0,1.0,1.0,2.0,1.0,1.0,1.0,1.0,1.0,2.0,1.0,2.0
1958,2,2,2,1,2,2,4,2,4,4,70.0,,2.0,,3.0,4.0,5.0,,,,6.0,,1.0,54.0,,,2.0,2.0,4.0,5.0,,,,,,,,5.0,1.0,,5.0,,,1.0,,4.0,,,,,,,,,,,,1.0,1.0,1.0,1.0,1.0,1.0,6,3,4,3,3,5,6,5,3,2,45.0,40.0,40.0,35.0,40.0,40.0,60.0,40.0,60.0,60.0,1.0,1.0,1.0,2.0,1.0,2.0,1.0,1.0,1.0,2.0,2.0,2.0,1.0,1.0,2.0,1.0,1.0,1.0,2.0,2.0,1.0,2.0,2.0,1.0,1.0,1.0,1.0,1.0,1.0,1.0,1.0,2.0,1.0,2.0,2.0,1.0,2.0,1.0,2.0,1.0
1059,2,2,2,2,2,2,2,2,4,4,,30.0,,1.0,,,,2.0,4.0,3.0,5.0,,1.0,54.0,,,2.0,,,,,,,2.0,2.0,3.0,,20.0,,2.0,,6.0,,,1.0,,3.0,,,,,,,,,,,1.0,1.0,1.0,1.0,1.0,1.0,6,3,4,3,3,5,6,6,2,2,40.0,35.0,35.0,45.0,50.0,40.0,55.0,40.0,50.0,45.0,2.0,2.0,2.0,2.0,1.0,2.0,2.0,2.0,1.0,1.0,2.0,1.0,2.0,2.0,1.0,2.0,2.0,2.0,1.0,2.0,1.0,2.0,2.0,1.0,2.0,2.0,2.0,2.0,2.0,2.0,2.0,2.0,2.0,2.0,1.0,2.0,2.0,2.0,2.0,2.0
1736,3,3,3,3,4,3,4,3,2,2,,30.0,3.0,,3.0,4.0,5.0,,,,,5.0,1.0,54.0,,,2.0,,,,3.0,4.0,5.0,,,,,15.0,,2.0,4.0,,,,1.0,4.0,,1.0,1.0,1.0,1.0,1.0,1.0,1.0,1.0,1.0,1.0,,,,,,,6,3,4,4,3,5,6,6,3,2,55.0,50.0,50.0,60.0,65.0,55.0,70.0,60.0,40.0,40.0,1.0,2.0,2.0,1.0,2.0,2.0,2.0,1.0,1.0,1.0,1.0,1.0,2.0,1.0,2.0,1.0,2.0,2.0,2.0,2.0,1.0,1.0,1.0,1.0,2.0,2.0,2.0,1.0,1.0,1.0,1.0,2.0,2.0,2.0,2.0,1.0,2.0,2.0,2.0,2.0
1645,4,4,4,4,4,4,5,4,2,2,70.0,,,2.0,3.0,4.0,5.0,,,,,6.0,1.0,54.0,,1.0,,2.0,4.0,5.0,,,,,,,18.0,,1.0,,,,2.0,,1.0,4.0,,,,,,,,,,,,1.0,1.0,1.0,1.0,1.0,1.0,6,3,4,3,3,5,6,5,3,2,60.0,55.0,58.0,65.0,68.0,62.0,70.0,60.0,40.0,42.0,1.0,2.0,2.0,2.0,2.0,1.0,2.0,1.0,2.0,2.0,2.0,1.0,2.0,2.0,1.0,1.0,1.0,2.0,1.0,2.0,2.0,2.0,1.0,2.0,2.0,2.0,1.0,1.0,1.0,2.0,1.0,1.0,2.0,2.0,1.0,1.0,1.0,1.0,2.0,2.0
459,4,4,4,4,4,4,5,4,2,2,,30.0,,2.0,,,,3.0,4.0,3.0,6.0,,1.0,40.0,,1.0,,,,,3.0,4.0,4.0,,,,18.0,,1.0,,,6.0,,,1.0,,5.0,1.0,1.0,1.0,1.0,1.0,1.0,1.0,1.0,1.0,1.0,,,,,,,6,3,4,3,3,5,6,5,3,2,55.0,50.0,52.0,60.0,62.0,58.0,65.0,54.0,40.0,42.0,2.0,2.0,2.0,1.0,1.0,2.0,1.0,1.0,1.0,1.0,2.0,2.0,2.0,1.0,1.0,1.0,2.0,1.0,1.0,1.0,1.0,2.0,2.0,1.0,1.0,2.0,1.0,1.0,1.0,2.0,1.0,1.0,1.0,1.0,1.0,2.0,2.0,1.0,1.0,1.0
336,2,3,2,2,3,2,4,2,4,4,,30.0,,2.0,,,,3.0,4.0,3.0,5.0,,1.0,40.0,,,2.0,2.0,3.0,4.0,,,,,,,18.0,,1.0,,,,3.0,1.0,,3.0,,1.0,1.0,1.0,1.0,1.0,1.0,1.0,1.0,1.0,1.0,,,,,,,6,3,4,3,3,5,6,5,3,2,40.0,35.0,38.0,45.0,50.0,35.0,60.0,40.0,45.0,45.0,2.0,2.0,2.0,1.0,2.0,2.0,1.0,1.0,1.0,2.0,1.0,2.0,2.0,1.0,1.0,2.0,2.0,1.0,1.0,2.0,1.0,1.0,1.0,2.0,1.0,1.0,1.0,1.0,1.0,1.0,1.0,1.0,2.0,2.0,1.0,2.0,2.0,1.0,1.0,2.0
245,3,3,3,2,3,2,4,2,4,2,70.0,,,2.0,3.0,4.0,6.0,,,,,5.0,,,2.0,1.0,,,,,,,,3.0,4.0,5.0,15.0,,1.0,,,,3.0,,1.0,,4.0,,,,,,,,,,,1.0,1.0,1.0,1.0,1.0,1.0,6,3,4,4,2,5,6,6,3,2,45.0,40.0,40.0,35.0,45.0,35.0,55.0,40.0,55.0,40.0,1.0,1.0,2.0,2.0,2.0,2.0,1.0,2.0,2.0,1.0,2.0,1.0,1.0,1.0,2.0,1.0,1.0,2.0,2.0,1.0,2.0,1.0,2.0,1.0,1.0,1.0,1.0,2.0,2.0,2.0,1.0,2.0,1.0,2.0,2.0,1.0,1.0,2.0,1.0,1.0
32,5,5,5,5,5,5,5,5,1,1,,30.0,1.0,,3.0,4.0,6.0,,,,,5.0,,,2.0,1.0,,1.0,4.0,4.0,,,,,,,,20.0,1.0,,3.0,,,1.0,,,5.0,1.0,1.0,1.0,1.0,1.0,1.0,1.0,1.0,1.0,1.0,,,,,,,6,3,4,3,3,5,6,6,3,2,60.0,55.0,55.0,60.0,65.0,60.0,70.0,55.0,30.0,35.0,2.0,2.0,2.0,1.0,2.0,2.0,2.0,2.0,2.0,2.0,1.0,1.0,2.0,2.0,1.0,2.0,2.0,2.0,2.0,2.0,2.0,2.0,2.0,1.0,1.0,2.0,1.0,1.0,1.0,2.0,2.0,1.0,1.0,1.0,2.0,1.0,1.0,2.0,1.0,1.0
6,4,4,4,3,4,3,4,3,2,2,,30.0,3.0,,3.0,4.0,5.0,,,,6.0,,,,2.0,,2.0,,,,,,,3.0,4.0,5.0,15.0,,,2.0,,,2.0,1.0,,4.0,,,,,,,,,,,,1.0,1.0,1.0,1.0,1.0,1.0,6,3,4,3,3,5,6,5,3,2,60.0,55.0,60.0,65.0,65.0,60.0,70.0,55.0,40.0,40.0,2.0,1.0,2.0,1.0,1.0,1.0,1.0,2.0,2.0,2.0,2.0,1.0,1.0,2.0,1.0,2.0,2.0,2.0,1.0,1.0,2.0,2.0,1.0,2.0,1.0,1.0,2.0,1.0,1.0,1.0,1.0,1.0,2.0,1.0,1.0,2.0,1.0,1.0,1.0,1.0
2043,5,5,5,5,5,5,5,5,1,2,70.0,,1.0,,,,,3.0,5.0,2.0,6.0,,1.0,40.0,,1.0,,2.0,5.0,6.0,,,,,,,20.0,,,2.0,,5.0,,,1.0,5.0,,1.0,1.0,1.0,1.0,1.0,1.0,1.0,1.0,1.0,1.0,,,,,,,6,3,4,3,2,5,6,5,4,2,60.0,55.0,50.0,65.0,60.0,55.0,70.0,50.0,40.0,45.0,1.0,2.0,1.0,1.0,2.0,1.0,2.0,2.0,2.0,2.0,1.0,2.0,2.0,2.0,1.0,2.0,2.0,1.0,2.0,1.0,1.0,2.0,2.0,1.0,1.0,1.0,2.0,2.0,1.0,1.0,2.0,1.0,1.0,2.0,1.0,1.0,2.0,2.0,2.0,1.0
1743,3,3,3,3,4,4,4,3,2,2,,30.0,3.0,,,,,3.0,4.0,3.0,,5.0,,,2.0,1.0,,,,,3.0,4.0,4.0,,,,18.0,,1.0,,,,2.0,,1.0,,4.0,,,,,,,,,,,1.0,1.0,1.0,1.0,1.0,1.0,6,3,4,4,3,5,6,6,3,2,45.0,40.0,40.0,50.0,55.0,55.0,60.0,45.0,35.0,35.0,1.0,2.0,2.0,2.0,1.0,2.0,2.0,1.0,2.0,2.0,1.0,1.0,2.0,2.0,1.0,1.0,2.0,2.0,2.0,2.0,2.0,2.0,1.0,1.0,2.0,2.0,1.0,1.0,1.0,2.0,2.0,1.0,2.0,1.0,1.0,2.0,1.0,2.0,2.0,2.0
1630,3,3,3,4,4,4,4,3,2,2,70.0,,,2.0,,,,3.0,4.0,3.0,,6.0,1.0,40.0,,1.0,,,,,,,,3.0,4.0,5.0,,15.0,1.0,,4.0,,,1.0,,4.0,,1.0,1.0,1.0,1.0,1.0,1.0,1.0,1.0,1.0,1.0,,,,,,,6,3,4,4,3,5,6,5,3,2,50.0,45.0,45.0,60.0,65.0,60.0,70.0,55.0,40.0,40.0,2.0,2.0,2.0,1.0,1.0,1.0,1.0,2.0,2.0,1.0,1.0,1.0,2.0,2.0,2.0,1.0,2.0,1.0,1.0,1.0,2.0,1.0,2.0,1.0,1.0,1.0,1.0,1.0,1.0,2.0,2.0,1.0,2.0,1.0,2.0,2.0,1.0,1.0,2.0,1.0
343,4,4,4,4,4,4,5,4,2,2,,30.0,,2.0,3.0,4.0,5.0,,,,6.0,,,,2.0,1.0,,,,,4.0,4.0,5.0,,,,12.0,,1.0,,,,3.0,,1.0,4.0,,,,,,,,,,,,1.0,1.0,1.0,1.0,1.0,1.0,6,3,4,3,3,5,6,5,3,2,55.0,50.0,52.0,60.0,65.0,58.0,70.0,54.0,40.0,42.0,1.0,2.0,1.0,2.0,2.0,2.0,1.0,2.0,2.0,1.0,2.0,2.0,2.0,2.0,2.0,1.0,2.0,2.0,1.0,2.0,1.0,1.0,2.0,2.0,1.0,2.0,1.0,2.0,1.0,2.0,2.0,1.0,2.0,2.0,2.0,2.0,1.0,2.0,2.0,2.0
230,4,4,4,4,4,4,5,4,2,2,70.0,,3.0,,3.0,4.0,5.0,,,,,6.0,,,2.0,1.0,,,,,3.0,4.0,5.0,,,,18.0,,,2.0,4.0,,,,1.0,,5.0,1.0,1.0,1.0,1.0,1.0,1.0,1.0,1.0,1.0,1.0,,,,,,,6,3,4,4,3,5,6,5,3,2,55.0,50.0,52.0,60.0,65.0,62.0,70.0,58.0,40.0,38.0,2.0,1.0,1.0,1.0,1.0,1.0,2.0,2.0,1.0,2.0,2.0,2.0,2.0,1.0,1.0,2.0,1.0,1.0,2.0,1.0,1.0,2.0,1.0,1.0,1.0,1.0,2.0,1.0,2.0,1.0,2.0,2.0,2.0,1.0,2.0,1.0,2.0,1.0,2.0,1.0
865,2,3,2,2,3,2,4,2,4,2,,30.0,,2.0,3.0,4.0,5.0,,,,,5.0,1.0,54.0,,,2.0,2.0,3.0,4.0,,,,,,,,15.0,,2.0,4.0,,,,1.0,3.0,,,,,,,,,,,,1.0,1.0,1.0,1.0,1.0,1.0,6,3,4,4,3,5,6,6,3,2,45.0,40.0,40.0,50.0,55.0,45.0,60.0,40.0,55.0,40.0,1.0,2.0,1.0,2.0,1.0,1.0,1.0,1.0,1.0,1.0,1.0,1.0,2.0,2.0,1.0,1.0,1.0,2.0,2.0,1.0,1.0,2.0,1.0,2.0,1.0,1.0,1.0,2.0,1.0,2.0,1.0,1.0,1.0,2.0,2.0,1.0,1.0,1.0,1.0,2.0
916,2,2,2,2,2,2,3,2,4,2,,30.0,,2.0,,,,3.0,4.0,3.0,5.0,,1.0,40.0,,1.0,,,,,,,,2.0,4.0,4.0,,0.0,,2.0,,9.0,,,1.0,,4.0,1.0,1.0,1.0,1.0,1.0,1.0,1.0,1.0,1.0,1.0,,,,,,,6,3,4,3,3,5,6,5,2,2,40.0,35.0,35.0,40.0,45.0,35.0,50.0,40.0,45.0,35.0,2.0,2.0,1.0,1.0,2.0,1.0,1.0,1.0,1.0,1.0,2.0,1.0,1.0,2.0,2.0,2.0,2.0,2.0,2.0,2.0,1.0,2.0,2.0,2.0,2.0,1.0,1.0,1.0,2.0,1.0,1.0,1.0,2.0,2.0,2.0,2.0,1.0,2.0,2.0,2.0
1564,5,5,5,5,5,5,5,5,1,2,70.0,,,2.0,,,,3.0,4.0,2.0,,6.0,,,2.0,,2.0,1.0,5.0,6.0,,,,,,,20.0,,1.0,,,,2.0,1.0,,5.0,,1.0,1.0,1.0,1.0,1.0,1.0,1.0,1.0,1.0,1.0,,,,,,,6,3,4,4,2,5,6,6,4,2,60.0,55.0,55.0,65.0,70.0,60.0,75.0,60.0,40.0,45.0,1.0,1.0,1.0,1.0,1.0,2.0,2.0,1.0,1.0,2.0,1.0,1.0,2.0,1.0,2.0,2.0,2.0,2.0,1.0,2.0,1.0,1.0,2.0,2.0,2.0,1.0,2.0,1.0,2.0,2.0,2.0,1.0,1.0,1.0,2.0,2.0,1.0,2.0,2.0,1.0
1417,4,4,4,5,5,5,5,5,1,2,,30.0,4.0,,,,,3.0,5.0,2.0,5.0,,,,2.0,,2.0,,,,,,,3.0,4.0,5.0,,18.0,,2.0,,,2.0,1.0,,4.0,,,,,,,,,,,,1.0,1.0,1.0,1.0,1.0,1.0,6,3,4,3,2,5,6,5,3,2,60.0,55.0,58.0,65.0,70.0,62.0,75.0,68.0,40.0,45.0,2.0,1.0,1.0,1.0,1.0,1.0,2.0,2.0,2.0,1.0,2.0,1.0,2.0,1.0,2.0,2.0,1.0,1.0,2.0,1.0,2.0,2.0,2.0,1.0,1.0,2.0,1.0,2.0,1.0,1.0,2.0,2.0,1.0,1.0,1.0,1.0,1.0,1.0,1.0,2.0
1782,4,4,4,4,4,4,4,4,2,2,,30.0,,2.0,,,,3.0,4.0,2.0,,6.0,,,2.0,1.0,,,,,4.0,4.0,5.0,,,,15.0,,1.0,,,,2.0,1.0,,,4.0,,,,,,,,,,,1.0,1.0,1.0,1.0,1.0,1.0,6,3,4,4,3,5,6,6,3,2,55.0,50.0,52.0,60.0,62.0,58.0,65.0,54.0,40.0,42.0,1.0,2.0,1.0,1.0,2.0,1.0,1.0,2.0,1.0,2.0,2.0,2.0,1.0,1.0,2.0,1.0,2.0,1.0,2.0,1.0,1.0,2.0,1.0,1.0,1.0,2.0,2.0,2.0,2.0,1.0,2.0,1.0,2.0,1.0,2.0,1.0,1.0,2.0,1.0,2.0
1378,2,2,2,2,2,2,4,2,4,4,70.0,,2.0,,,,,3.0,5.0,2.0,,5.0,1.0,54.0,,1.0,,2.0,4.0,5.0,,,,,,,,20.0,,2.0,,7.0,,1.0,,4.0,,1.0,1.0,1.0,1.0,1.0,1.0,1.0,1.0,1.0,1.0,,,,,,,6,3,5,4,3,5,6,5,3,2,40.0,35.0,35.0,30.0,35.0,30.0,50.0,35.0,45.0,45.0,2.0,1.0,1.0,1.0,1.0,1.0,1.0,1.0,1.0,1.0,1.0,2.0,1.0,1.0,1.0,2.0,1.0,1.0,2.0,1.0,1.0,1.0,1.0,1.0,1.0,1.0,1.0,1.0,2.0,1.0,1.0,1.0,1.0,1.0,1.0,1.0,2.0,1.0,1.0,2.0
164,3,3,3,3,3,3,4,3,2,2,70.0,,,1.0,,,,3.0,4.0,3.0,,5.0,,,2.0,,2.0,,,,3.0,4.0,4.0,,,,,20.0,1.0,,3.0,,,1.0,,,4.0,,,,,,,,,,,1.0,1.0,1.0,1.0,1.0,1.0,6,3,4,3,3,5,6,5,3,2,50.0,45.0,45.0,55.0,60.0,55.0,65.0,50.0,40.0,40.0,2.0,1.0,1.0,2.0,1.0,2.0,1.0,2.0,1.0,1.0,2.0,2.0,2.0,1.0,1.0,2.0,2.0,2.0,1.0,1.0,1.0,1.0,2.0,2.0,1.0,2.0,2.0,2.0,2.0,2.0,1.0,2.0,1.0,2.0,2.0,1.0,2.0,1.0,1.0,2.0
382,3,3,3,3,4,3,4,3,2,2,70.0,,,2.0,3.0,4.0,5.0,,,,,6.0,,,2.0,1.0,,2.0,4.0,5.0,,,,,,,,0.0,,2.0,3.0,,,1.0,,,4.0,,,,,,,,,,,1.0,1.0,1.0,1.0,1.0,1.0,6,3,4,4,2,5,6,5,3,2,50.0,45.0,48.0,55.0,60.0,55.0,65.0,50.0,40.0,40.0,2.0,2.0,2.0,1.0,1.0,2.0,2.0,1.0,2.0,1.0,2.0,2.0,2.0,2.0,1.0,1.0,2.0,1.0,2.0,2.0,1.0,1.0,2.0,2.0,1.0,2.0,2.0,1.0,1.0,2.0,1.0,2.0,2.0,1.0,1.0,1.0,1.0,1.0,2.0,2.0
778,4,4,4,4,4,4,4,4,2,2,70.0,,3.0,,3.0,4.0,5.0,,,,6.0,,1.0,54.0,,,2.0,,,,3.0,4.0,4.0,,,,,18.0,,2.0,,,2.0,,1.0,4.0,,1.0,1.0,1.0,1.0,1.0,1.0,1.0,1.0,1.0,1.0,,,,,,,6,3,4,3,3,5,6,5,3,2,55.0,50.0,52.0,60.0,65.0,58.0,70.0,48.0,35.0,40.0,1.0,2.0,2.0,1.0,2.0,2.0,1.0,2.0,2.0,1.0,2.0,2.0,1.0,2.0,2.0,1.0,2.0,1.0,1.0,1.0,2.0,2.0,1.0,1.0,2.0,2.0,1.0,1.0,2.0,1.0,1.0,2.0,1.0,1.0,1.0,2.0,2.0,1.0,1.0,2.0
895,4,4,4,4,4,4,4,4,2,2,,30.0,3.0,,,,,3.0,4.0,2.0,6.0,,,,2.0,,2.0,,,,3.0,4.0,5.0,,,,16.0,,,2.0,4.0,,,,1.0,,4.0,,,,,,,,,,,1.0,1.0,1.0,1.0,1.0,1.0,6,3,4,4,2,5,6,5,3,2,55.0,50.0,52.0,60.0,62.0,58.0,65.0,54.0,40.0,38.0,1.0,1.0,2.0,1.0,1.0,1.0,1.0,2.0,2.0,1.0,2.0,2.0,2.0,1.0,2.0,1.0,2.0,2.0,1.0,1.0,1.0,1.0,1.0,2.0,1.0,2.0,1.0,2.0,1.0,2.0,1.0,1.0,1.0,2.0,1.0,1.0,2.0,1.0,2.0,1.0
372,2,2,2,2,2,2,3,2,4,4,70.0,,2.0,,2.0,3.0,5.0,,,,6.0,,1.0,30.0,,,2.0,,,,,,,3.0,4.0,5.0,,15.0,1.0,,,,2.0,,1.0,3.0,,,,,,,,,,,,1.0,1.0,1.0,1.0,1.0,1.0,6,3,4,3,2,5,6,5,3,2,40.0,35.0,35.0,40.0,45.0,35.0,50.0,35.0,55.0,50.0,1.0,1.0,1.0,2.0,2.0,1.0,1.0,2.0,1.0,2.0,2.0,2.0,1.0,1.0,1.0,1.0,2.0,1.0,1.0,2.0,2.0,1.0,2.0,1.0,1.0,2.0,1.0,1.0,2.0,1.0,2.0,2.0,2.0,1.0,2.0,1.0,1.0,1.0,2.0,1.0
788,4,4,4,4,4,4,4,4,2,2,70.0,,,2.0,,,,3.0,5.0,2.0,,6.0,,,2.0,,2.0,,,,,,,3.0,4.0,4.0,20.0,,1.0,,3.0,,,,1.0,4.0,,1.0,1.0,1.0,1.0,1.0,1.0,1.0,1.0,1.0,1.0,,,,,,,6,3,4,4,3,5,6,6,3,2,60.0,55.0,60.0,65.0,65.0,60.0,70.0,60.0,40.0,40.0,2.0,2.0,2.0,2.0,2.0,2.0,2.0,2.0,2.0,2.0,2.0,2.0,2.0,2.0,2.0,2.0,2.0,2.0,2.0,2.0,2.0,2.0,1.0,2.0,2.0,2.0,2.0,2.0,2.0,2.0,2.0,2.0,2.0,2.0,2.0,2.0,2.0,1.0,2.0,2.0
201,4,4,4,5,5,5,5,5,1,2,,30.0,,2.0,,,,3.0,5.0,2.0,,6.0,,,2.0,,2.0,,,,3.0,4.0,5.0,,,,,15.0,,2.0,,6.0,,,1.0,,4.0,1.0,1.0,1.0,1.0,1.0,1.0,1.0,1.0,1.0,1.0,,,,,,,6,3,4,4,3,5,6,6,3,2,55.0,50.0,60.0,65.0,70.0,60.0,75.0,60.0,40.0,45.0,2.0,2.0,1.0,2.0,2.0,2.0,1.0,1.0,1.0,2.0,1.0,2.0,2.0,1.0,1.0,2.0,2.0,1.0,2.0,2.0,1.0,1.0,1.0,1.0,2.0,1.0,2.0,1.0,2.0,1.0,2.0,1.0,1.0,1.0,2.0,2.0,1.0,2.0,1.0,2.0
194,4,4,4,4,4,4,4,4,2,2,,30.0,,2.0,3.0,4.0,5.0,,,,,5.0,,,2.0,,2.0,,,,,,,3.0,4.0,5.0,,15.0,,2.0,,6.0,,1.0,,,4.0,,,,,,,,,,,1.0,1.0,1.0,1.0,1.0,1.0,6,3,4,4,2,5,6,6,3,2,55.0,50.0,52.0,60.0,62.0,58.0,65.0,54.0,40.0,42.0,2.0,2.0,2.0,2.0,2.0,1.0,2.0,1.0,2.0,2.0,1.0,2.0,1.0,2.0,2.0,1.0,2.0,2.0,2.0,1.0,2.0,2.0,1.0,1.0,2.0,2.0,1.0,1.0,1.0,2.0,1.0,1.0,2.0,1.0,1.0,2.0,1.0,1.0,1.0,1.0
1772,4,4,4,5,5,5,5,4,1,2,,30.0,4.0,,,,,3.0,5.0,2.0,,6.0,1.0,54.0,,,2.0,2.0,4.0,5.0,,,,,,,,5.0,1.0,,,6.0,,,1.0,,5.0,,,,,,,,,,,1.0,1.0,1.0,1.0,1.0,1.0,6,3,4,4,3,5,6,6,3,2,55.0,50.0,52.0,60.0,65.0,62.0,70.0,58.0,40.0,45.0,2.0,1.0,2.0,2.0,1.0,1.0,2.0,2.0,2.0,2.0,2.0,1.0,1.0,2.0,1.0,2.0,2.0,2.0,2.0,1.0,1.0,1.0,1.0,2.0,1.0,2.0,2.0,1.0,2.0,2.0,1.0,2.0,1.0,1.0,1.0,2.0,2.0,1.0,1.0,2.0
1388,5,5,5,5,5,5,5,5,1,1,,30.0,,1.0,,,,3.0,5.0,4.0,6.0,,,,2.0,,2.0,,,,,,,4.0,5.0,6.0,20.0,,1.0,,,10.0,,,2.0,,5.0,,,,,,,,,,,1.0,1.0,1.0,1.0,1.0,1.0,6,3,4,4,2,5,6,6,4,2,60.0,55.0,58.0,65.0,70.0,62.0,75.0,60.0,40.0,35.0,1.0,2.0,2.0,2.0,1.0,2.0,2.0,2.0,1.0,2.0,2.0,2.0,2.0,1.0,2.0,1.0,2.0,2.0,2.0,2.0,1.0,1.0,2.0,1.0,1.0,1.0,1.0,2.0,1.0,2.0,2.0,1.0,1.0,1.0,1.0,2.0,1.0,1.0,2.0,2.0
1601,2,2,2,2,2,2,2,2,4,2,,30.0,,2.0,,,,3.0,4.0,3.0,5.0,,,,2.0,,2.0,,,,,,,2.0,4.0,4.0,,20.0,,2.0,,,2.0,1.0,,4.0,,1.0,1.0,1.0,1.0,1.0,1.0,1.0,1.0,1.0,1.0,,,,,,,6,3,4,3,3,5,6,5,3,2,35.0,30.0,30.0,35.0,40.0,30.0,40.0,35.0,45.0,30.0,2.0,2.0,2.0,2.0,1.0,2.0,2.0,2.0,2.0,1.0,2.0,2.0,2.0,1.0,2.0,1.0,2.0,1.0,2.0,1.0,2.0,1.0,2.0,2.0,2.0,1.0,2.0,2.0,2.0,2.0,1.0,2.0,2.0,2.0,1.0,2.0,2.0,2.0,1.0,1.0
1594,2,3,2,2,3,2,4,2,4,2,70.0,,2.0,,,,,3.0,4.0,2.0,,5.0,,,2.0,1.0,,,,,3.0,4.0,5.0,,,,16.0,,,2.0,,,3.0,,1.0,4.0,,,,,,,,,,,,1.0,1.0,1.0,1.0,1.0,1.0,6,3,4,4,2,5,6,5,3,2,45.0,40.0,42.0,48.0,50.0,38.0,60.0,44.0,55.0,43.0,2.0,2.0,1.0,2.0,2.0,1.0,1.0,1.0,1.0,1.0,2.0,2.0,2.0,1.0,2.0,1.0,1.0,2.0,1.0,2.0,2.0,1.0,1.0,1.0,1.0,1.0,1.0,2.0,2.0,1.0,1.0,1.0,1.0,1.0,2.0,2.0,1.0,2.0,1.0,1.0
854,4,4,4,4,4,4,5,4,2,2,,30.0,,2.0,,,,3.0,5.0,2.0,,6.0,,,2.0,,2.0,,,,,,,3.0,4.0,4.0,15.0,,,2.0,,6.0,,,1.0,,4.0,1.0,1.0,1.0,1.0,1.0,1.0,1.0,1.0,1.0,1.0,,,,,,,6,3,4,3,3,5,6,5,3,2,55.0,60.0,58.0,65.0,68.0,62.0,70.0,60.0,40.0,45.0,2.0,1.0,1.0,2.0,1.0,1.0,2.0,1.0,2.0,1.0,2.0,1.0,2.0,1.0,2.0,1.0,1.0,2.0,2.0,1.0,1.0,1.0,2.0,2.0,1.0,2.0,2.0,1.0,2.0,2.0,2.0,2.0,1.0,1.0,2.0,1.0,2.0,2.0,1.0,1.0
927,2,2,2,2,2,2,4,2,4,2,70.0,,2.0,,3.0,4.0,5.0,,,,6.0,,1.0,40.0,,,2.0,,,,,,,2.0,4.0,5.0,15.0,,1.0,,,6.0,,,1.0,,4.0,,,,,,,,,,,1.0,1.0,1.0,1.0,1.0,1.0,6,3,4,4,2,5,6,6,3,2,40.0,35.0,35.0,45.0,50.0,40.0,60.0,35.0,55.0,35.0,1.0,1.0,1.0,1.0,1.0,2.0,1.0,1.0,1.0,1.0,2.0,2.0,1.0,2.0,2.0,1.0,2.0,1.0,2.0,1.0,1.0,1.0,1.0,1.0,2.0,1.0,1.0,1.0,2.0,2.0,1.0,1.0,2.0,1.0,1.0,2.0,2.0,1.0,1.0,1.0
155,2,3,2,2,3,2,4,2,4,4,,30.0,,2.0,3.0,4.0,6.0,,,,5.0,,,,2.0,1.0,,2.0,4.0,5.0,,,,,,,18.0,,,2.0,,6.0,,1.0,,4.0,,,,,,,,,,,,1.0,1.0,1.0,1.0,1.0,1.0,6,3,4,3,3,5,6,5,3,2,55.0,50.0,52.0,60.0,62.0,58.0,70.0,54.0,48.0,45.0,1.0,1.0,1.0,2.0,2.0,1.0,2.0,1.0,2.0,2.0,2.0,2.0,1.0,1.0,2.0,1.0,2.0,1.0,1.0,1.0,2.0,2.0,2.0,1.0,1.0,1.0,1.0,2.0,2.0,1.0,2.0,1.0,2.0,2.0,1.0,1.0,2.0,2.0,2.0,2.0
749,2,2,2,2,2,2,4,2,4,4,,30.0,,2.0,2.0,3.0,6.0,,,,,6.0,,,2.0,,2.0,1.0,4.0,5.0,,,,,,,,5.0,,2.0,,6.0,,,1.0,,4.0,1.0,1.0,1.0,1.0,1.0,1.0,1.0,1.0,1.0,1.0,,,,,,,6,3,4,4,3,5,6,6,3,2,45.0,40.0,40.0,40.0,40.0,40.0,60.0,40.0,60.0,60.0,1.0,1.0,1.0,1.0,1.0,1.0,1.0,1.0,2.0,1.0,1.0,1.0,2.0,2.0,2.0,1.0,1.0,2.0,1.0,1.0,2.0,1.0,1.0,1.0,1.0,2.0,2.0,1.0,1.0,1.0,2.0,1.0,2.0,1.0,1.0,1.0,1.0,2.0,1.0,2.0
1555,4,4,4,4,4,4,4,4,2,2,70.0,,4.0,,3.0,4.0,5.0,,,,,5.0,1.0,54.0,,1.0,,2.0,4.0,4.0,,,,,,,18.0,,,2.0,,,2.0,1.0,,4.0,,1.0,1.0,1.0,1.0,1.0,1.0,1.0,1.0,1.0,1.0,,,,,,,6,3,4,3,3,5,6,5,3,2,55.0,50.0,52.0,60.0,62.0,58.0,65.0,54.0,40.0,38.0,2.0,2.0,1.0,2.0,1.0,2.0,2.0,2.0,2.0,1.0,2.0,2.0,2.0,2.0,2.0,1.0,2.0,2.0,2.0,2.0,1.0,2.0,2.0,2.0,2.0,2.0,2.0,2.0,2.0,2.0,2.0,2.0,2.0,2.0,2.0,2.0,2.0,1.0,1.0,2.0
1426,3,3,3,3,4,3,4,3,2,2,,30.0,,2.0,,,,3.0,4.0,3.0,6.0,,,,2.0,,2.0,2.0,4.0,4.0,,,,,,,18.0,,,2.0,,,2.0,,1.0,4.0,,1.0,1.0,1.0,1.0,1.0,1.0,1.0,1.0,1.0,1.0,,,,,,,6,3,4,4,3,5,6,6,3,2,45.0,40.0,42.0,55.0,60.0,50.0,65.0,48.0,38.0,35.0,1.0,2.0,2.0,1.0,1.0,2.0,2.0,1.0,2.0,2.0,2.0,1.0,1.0,2.0,2.0,1.0,2.0,2.0,1.0,1.0,1.0,2.0,1.0,2.0,1.0,2.0,2.0,2.0,1.0,1.0,2.0,2.0,2.0,2.0,2.0,1.0,1.0,1.0,1.0,1.0
1349,2,2,2,2,2,2,4,2,4,4,70.0,,,2.0,3.0,4.0,5.0,,,,6.0,,1.0,40.0,,1.0,,1.0,3.0,4.0,,,,,,,,0.0,,2.0,,,2.0,,1.0,3.0,,1.0,1.0,1.0,1.0,1.0,1.0,1.0,1.0,1.0,1.0,,,,,,,6,3,4,3,3,5,6,5,2,2,40.0,35.0,35.0,40.0,45.0,35.0,60.0,40.0,55.0,50.0,2.0,2.0,2.0,1.0,1.0,2.0,1.0,2.0,1.0,2.0,1.0,2.0,2.0,2.0,2.0,2.0,2.0,1.0,1.0,2.0,1.0,2.0,1.0,2.0,1.0,2.0,1.0,2.0,2.0,2.0,2.0,1.0,2.0,1.0,2.0,2.0,1.0,2.0,2.0,1.0
821,4,4,4,4,4,4,5,4,2,2,,30.0,,1.0,,,,3.0,5.0,2.0,,6.0,1.0,54.0,,1.0,,,,,3.0,4.0,5.0,,,,18.0,,,2.0,4.0,,,1.0,,,4.0,1.0,1.0,1.0,1.0,1.0,1.0,1.0,1.0,1.0,1.0,,,,,,,6,3,4,4,3,5,6,6,3,2,55.0,50.0,52.0,60.0,62.0,58.0,65.0,54.0,40.0,42.0,2.0,1.0,2.0,2.0,2.0,2.0,2.0,1.0,1.0,1.0,1.0,2.0,1.0,2.0,1.0,1.0,1.0,1.0,2.0,2.0,2.0,2.0,1.0,1.0,1.0,1.0,2.0,1.0,2.0,2.0,2.0,1.0,1.0,2.0,1.0,2.0,2.0,1.0,2.0,2.0
952,5,5,5,5,5,5,5,5,1,2,70.0,,4.0,,3.0,4.0,6.0,,,,,6.0,1.0,54.0,,1.0,,,,,,,,4.0,5.0,6.0,,15.0,1.0,,,5.0,,,1.0,5.0,,1.0,1.0,1.0,1.0,1.0,1.0,1.0,1.0,1.0,1.0,,,,,,,6,3,4,3,3,5,6,5,3,2,60.0,55.0,60.0,65.0,70.0,60.0,75.0,60.0,40.0,35.0,1.0,1.0,1.0,1.0,2.0,2.0,2.0,1.0,1.0,1.0,2.0,2.0,1.0,2.0,2.0,1.0,1.0,1.0,1.0,1.0,2.0,1.0,2.0,2.0,2.0,1.0,2.0,1.0,2.0,1.0,1.0,2.0,2.0,1.0,2.0,2.0,2.0,2.0,2.0,1.0
120,2,3,2,2,3,2,3,2,4,4,70.0,,,2.0,,,,3.0,4.0,2.0,,5.0,,,2.0,,2.0,2.0,3.0,4.0,,,,,,,15.0,,1.0,,4.0,,,,1.0,,4.0,1.0,1.0,1.0,1.0,1.0,1.0,1.0,1.0,1.0,1.0,,,,,,,6,3,4,4,2,5,6,6,3,2,40.0,35.0,38.0,45.0,50.0,40.0,55.0,38.0,30.0,32.0,1.0,2.0,1.0,1.0,1.0,2.0,1.0,2.0,1.0,2.0,1.0,2.0,1.0,1.0,1.0,2.0,2.0,1.0,2.0,2.0,1.0,2.0,1.0,1.0,2.0,1.0,1.0,1.0,1.0,2.0,1.0,2.0,2.0,2.0,2.0,1.0,1.0,1.0,2.0,2.0
1520,3,3,3,3,4,3,4,3,4,3,70.0,,3.0,,3.0,4.0,5.0,,,,6.0,,1.0,54.0,,,2.0,,,,3.0,4.0,4.0,,,,,15.0,,2.0,,,3.0,1.0,,,4.0,1.0,1.0,1.0,1.0,1.0,1.0,1.0,1.0,1.0,1.0,,,,,,,6,3,4,4,3,5,6,6,3,2,45.0,40.0,40.0,50.0,55.0,45.0,60.0,40.0,35.0,35.0,1.0,2.0,1.0,1.0,2.0,1.0,2.0,1.0,1.0,2.0,2.0,1.0,2.0,2.0,1.0,2.0,1.0,2.0,2.0,1.0,1.0,2.0,2.0,1.0,1.0,2.0,2.0,1.0,2.0,2.0,1.0,1.0,2.0,2.0,1.0,1.0,1.0,1.0,2.0,2.0
1453,2,3,2,2,3,2,4,2,4,2,,30.0,,2.0,3.0,4.0,5.0,,,,,5.0,,,2.0,1.0,,2.0,3.0,4.0,,,,,,,18.0,,,2.0,,,2.0,1.0,,3.0,,,,,,,,,,,,1.0,1.0,1.0,1.0,1.0,1.0,6,3,4,3,3,5,6,5,3,2,40.0,35.0,38.0,45.0,50.0,35.0,60.0,40.0,55.0,40.0,2.0,2.0,2.0,2.0,2.0,2.0,2.0,2.0,1.0,2.0,1.0,2.0,1.0,1.0,2.0,2.0,1.0,2.0,2.0,1.0,1.0,1.0,1.0,2.0,1.0,2.0,1.0,2.0,2.0,1.0,2.0,2.0,2.0,2.0,2.0,2.0,2.0,2.0,1.0,2.0
1969,5,5,5,5,5,5,5,5,1,2,70.0,,4.0,,,,,3.0,5.0,2.0,6.0,,,,2.0,,2.0,,,,3.0,5.0,6.0,,,,18.0,,1.0,,,6.0,,1.0,,,5.0,,,,,,,,,,,1.0,1.0,1.0,1.0,1.0,1.0,6,3,4,3,2,5,6,6,4,2,60.0,55.0,58.0,65.0,68.0,62.0,70.0,60.0,40.0,45.0,2.0,1.0,2.0,2.0,2.0,2.0,2.0,1.0,1.0,1.0,2.0,1.0,2.0,1.0,1.0,2.0,2.0,1.0,1.0,2.0,1.0,1.0,2.0,1.0,2.0,2.0,2.0,1.0,2.0,2.0,1.0,2.0,2.0,2.0,1.0,2.0,2.0,2.0,2.0,1.0
2007,5,5,5,5,5,5,5,5,1,1,70.0,,,1.0,3.0,4.0,6.0,,,,,6.0,1.0,54.0,,1.0,,3.0,4.0,4.0,,,,,,,,20.0,1.0,,,,1.0,1.0,,5.0,,1.0,1.0,1.0,1.0,1.0,1.0,1.0,1.0,1.0,1.0,,,,,,,6,3,4,3,3,5,6,6,4,2,60.0,55.0,60.0,65.0,65.0,60.0,70.0,60.0,40.0,40.0,2.0,2.0,2.0,1.0,1.0,1.0,2.0,2.0,2.0,2.0,2.0,2.0,1.0,1.0,2.0,2.0,1.0,1.0,2.0,2.0,2.0,1.0,1.0,1.0,2.0,2.0,2.0,1.0,2.0,1.0,2.0,2.0,2.0,1.0,2.0,1.0,1.0,2.0,2.0,1.0
993,5,5,5,5,5,5,5,5,1,2,70.0,,,1.0,3.0,4.0,5.0,,,,,6.0,,,2.0,1.0,,2.0,4.0,5.0,,,,,,,,18.0,,2.0,,,3.0,1.0,,,5.0,,,,,,,,,,,1.0,1.0,1.0,1.0,1.0,1.0,6,3,4,3,3,5,6,5,4,2,60.0,55.0,55.0,65.0,70.0,60.0,75.0,60.0,40.0,45.0,2.0,2.0,2.0,2.0,1.0,2.0,2.0,1.0,2.0,2.0,2.0,2.0,1.0,2.0,1.0,2.0,2.0,1.0,2.0,2.0,1.0,2.0,2.0,1.0,2.0,1.0,1.0,1.0,2.0,1.0,1.0,2.0,1.0,1.0,2.0,1.0,1.0,2.0,1.0,2.0
76,1,2,2,1,2,1,2,1,4,4,,30.0,2.0,,,,,3.0,4.0,2.0,6.0,,,,2.0,1.0,,,,,,,,1.0,2.0,2.0,,,,2.0,,9.0,,1.0,,2.0,,1.0,1.0,1.0,1.0,1.0,1.0,1.0,1.0,1.0,1.0,,,,,,,6,2,3,2,2,5,6,5,3,2,40.0,35.0,35.0,30.0,35.0,30.0,35.0,30.0,45.0,45.0,2.0,1.0,1.0,1.0,1.0,2.0,2.0,1.0,2.0,2.0,2.0,2.0,2.0,1.0,1.0,1.0,2.0,2.0,1.0,1.0,2.0,2.0,1.0,2.0,1.0,1.0,2.0,2.0,1.0,2.0,1.0,2.0,2.0,2.0,2.0,2.0,2.0,2.0,2.0,2.0
468,2,2,2,2,2,2,4,2,4,4,70.0,,1.0,,,,,2.0,4.0,3.0,,5.0,1.0,54.0,,1.0,,,,,,,,2.0,4.0,5.0,20.0,,,2.0,4.0,,,1.0,,4.0,,1.0,1.0,1.0,1.0,1.0,1.0,1.0,1.0,1.0,1.0,,,,,,,6,3,4,4,3,5,6,5,3,2,40.0,35.0,35.0,40.0,45.0,35.0,60.0,40.0,50.0,50.0,2.0,2.0,1.0,1.0,1.0,2.0,1.0,2.0,1.0,2.0,2.0,1.0,1.0,1.0,1.0,1.0,1.0,1.0,1.0,1.0,1.0,1.0,2.0,1.0,2.0,1.0,1.0,1.0,1.0,1.0,2.0,2.0,1.0,1.0,1.0,2.0,1.0,1.0,1.0,1.0
307,2,2,2,2,2,2,4,2,4,4,,30.0,,2.0,,,,3.0,4.0,2.0,,5.0,1.0,54.0,,1.0,,,,,2.0,4.0,5.0,,,,18.0,,1.0,,,,3.0,,1.0,,4.0,1.0,1.0,1.0,1.0,1.0,1.0,1.0,1.0,1.0,1.0,,,,,,,6,3,4,3,3,5,6,5,2,2,45.0,40.0,40.0,50.0,55.0,55.0,65.0,50.0,60.0,55.0,1.0,1.0,2.0,2.0,1.0,1.0,2.0,2.0,1.0,1.0,2.0,2.0,1.0,1.0,2.0,1.0,2.0,2.0,1.0,1.0,2.0,2.0,1.0,2.0,1.0,2.0,1.0,1.0,2.0,2.0,2.0,1.0,1.0,2.0,2.0,2.0,1.0,2.0,1.0,2.0
274,2,2,2,1,2,2,4,2,4,2,,30.0,2.0,,2.0,3.0,5.0,,,,6.0,,1.0,54.0,,,2.0,,,,,,,2.0,4.0,5.0,,20.0,,2.0,,6.0,,,1.0,4.0,,1.0,1.0,1.0,1.0,1.0,1.0,1.0,1.0,1.0,1.0,,,,,,,6,3,4,4,2,5,6,6,3,2,40.0,35.0,35.0,30.0,35.0,35.0,60.0,35.0,60.0,35.0,2.0,1.0,1.0,1.0,1.0,1.0,2.0,1.0,1.0,2.0,1.0,1.0,2.0,2.0,1.0,2.0,1.0,2.0,2.0,2.0,2.0,1.0,1.0,2.0,1.0,1.0,1.0,1.0,1.0,2.0,2.0,2.0,2.0,1.0,2.0,2.0,1.0,2.0,2.0,1.0
1068,2,2,2,2,2,2,2,2,4,4,70.0,,1.0,,3.0,4.0,6.0,,,,,5.0,1.0,54.0,,1.0,,,,,2.0,2.0,3.0,,,,20.0,,,2.0,3.0,,,1.0,,,3.0,1.0,1.0,1.0,1.0,1.0,1.0,1.0,1.0,1.0,1.0,,,,,,,6,3,4,3,3,5,6,5,3,2,40.0,35.0,35.0,30.0,35.0,30.0,40.0,35.0,45.0,45.0,2.0,2.0,2.0,2.0,2.0,2.0,2.0,2.0,2.0,2.0,2.0,2.0,2.0,2.0,2.0,2.0,2.0,2.0,2.0,2.0,2.0,2.0,2.0,2.0,1.0,2.0,2.0,2.0,2.0,2.0,2.0,2.0,1.0,2.0,2.0,1.0,1.0,2.0,2.0,1.0
1492,5,5,5,5,5,5,5,5,1,1,,30.0,1.0,,,,,3.0,5.0,2.0,,6.0,,,2.0,1.0,,1.0,5.0,6.0,,,,,,,,20.0,,2.0,3.0,,,1.0,,5.0,,,,,,,,,,,,1.0,1.0,1.0,1.0,1.0,1.0,6,3,4,3,3,5,6,5,4,2,60.0,55.0,50.0,65.0,60.0,60.0,70.0,55.0,30.0,35.0,1.0,2.0,1.0,2.0,1.0,1.0,1.0,1.0,2.0,2.0,2.0,1.0,1.0,2.0,2.0,2.0,1.0,2.0,2.0,2.0,1.0,1.0,2.0,1.0,1.0,2.0,1.0,2.0,2.0,1.0,1.0,2.0,2.0,1.0,1.0,2.0,1.0,2.0,1.0,2.0
1707,4,4,4,4,4,4,5,4,2,2,70.0,,4.0,,,,,3.0,5.0,2.0,,6.0,,,2.0,,2.0,2.0,4.0,5.0,,,,,,,,18.0,1.0,,,,3.0,1.0,,,4.0,1.0,1.0,1.0,1.0,1.0,1.0,1.0,1.0,1.0,1.0,,,,,,,6,3,4,4,2,5,6,6,3,2,55.0,50.0,52.0,60.0,62.0,58.0,65.0,54.0,40.0,42.0,1.0,1.0,2.0,1.0,1.0,2.0,1.0,1.0,2.0,2.0,1.0,1.0,1.0,2.0,2.0,1.0,2.0,1.0,1.0,1.0,2.0,1.0,1.0,2.0,1.0,1.0,2.0,2.0,2.0,2.0,1.0,2.0,2.0,1.0,2.0,2.0,2.0,1.0,2.0,1.0
1674,4,4,4,4,5,5,5,5,1,2,70.0,,,1.0,,,,3.0,5.0,2.0,,6.0,,,2.0,1.0,,,,,,,,3.0,4.0,5.0,18.0,,1.0,,4.0,,,1.0,,,5.0,,,,,,,,,,,1.0,1.0,1.0,1.0,1.0,1.0,6,3,4,4,3,5,6,6,3,2,60.0,55.0,58.0,65.0,70.0,62.0,75.0,60.0,40.0,45.0,2.0,1.0,1.0,2.0,1.0,2.0,2.0,2.0,2.0,2.0,2.0,2.0,1.0,1.0,1.0,2.0,1.0,2.0,1.0,1.0,1.0,1.0,2.0,2.0,2.0,1.0,1.0,1.0,1.0,2.0,2.0,1.0,1.0,1.0,1.0,2.0,2.0,2.0,2.0,2.0
736,4,4,4,4,4,4,4,4,2,2,70.0,,3.0,,3.0,4.0,5.0,,,,,5.0,,,2.0,,2.0,,,,,,,2.0,4.0,5.0,18.0,,,2.0,4.0,,,,1.0,,4.0,1.0,1.0,1.0,1.0,1.0,1.0,1.0,1.0,1.0,1.0,,,,,,,6,3,4,3,3,5,6,5,3,2,55.0,50.0,50.0,60.0,65.0,60.0,70.0,55.0,40.0,35.0,1.0,2.0,1.0,2.0,1.0,1.0,1.0,2.0,2.0,2.0,2.0,1.0,2.0,1.0,2.0,1.0,1.0,1.0,2.0,1.0,1.0,2.0,2.0,1.0,2.0,2.0,1.0,1.0,2.0,2.0,2.0,1.0,2.0,1.0,1.0,1.0,2.0,1.0,1.0,2.0
645,2,2,2,2,2,2,4,2,4,4,70.0,,,2.0,2.0,3.0,5.0,,,,,5.0,1.0,54.0,,,2.0,,,,,,,3.0,4.0,5.0,18.0,,,2.0,,7.0,,,1.0,,4.0,1.0,1.0,1.0,1.0,1.0,1.0,1.0,1.0,1.0,1.0,,,,,,,6,3,4,3,3,5,6,5,3,2,45.0,40.0,40.0,35.0,40.0,35.0,60.0,40.0,55.0,55.0,1.0,2.0,2.0,1.0,1.0,2.0,1.0,1.0,2.0,1.0,2.0,1.0,1.0,1.0,2.0,2.0,1.0,2.0,2.0,1.0,2.0,2.0,2.0,1.0,2.0,1.0,1.0,1.0,2.0,2.0,2.0,1.0,1.0,2.0,1.0,2.0,1.0,2.0,1.0,2.0
1336,2,2,2,2,2,2,4,2,4,4,70.0,,,1.0,2.0,3.0,6.0,,,,5.0,,1.0,30.0,,,2.0,,,,,,,2.0,4.0,4.0,,20.0,,2.0,,,1.0,1.0,,4.0,,,,,,,,,,,,1.0,1.0,1.0,1.0,1.0,1.0,6,3,4,4,2,5,6,6,3,2,40.0,35.0,35.0,40.0,45.0,35.0,60.0,35.0,50.0,50.0,1.0,2.0,1.0,2.0,2.0,1.0,2.0,2.0,1.0,1.0,1.0,1.0,2.0,1.0,1.0,1.0,2.0,2.0,2.0,1.0,2.0,1.0,2.0,2.0,1.0,1.0,2.0,1.0,1.0,1.0,2.0,2.0,1.0,2.0,2.0,1.0,1.0,2.0,2.0,2.0
1245,4,4,4,3,4,4,4,4,2,2,70.0,,4.0,,,,,3.0,5.0,2.0,6.0,,,,2.0,,2.0,,,,,,,3.0,4.0,5.0,18.0,,,2.0,,,2.0,1.0,,,4.0,1.0,1.0,1.0,1.0,1.0,1.0,1.0,1.0,1.0,1.0,,,,,,,6,3,4,4,3,5,6,6,3,2,55.0,50.0,52.0,60.0,62.0,58.0,65.0,54.0,40.0,38.0,1.0,2.0,1.0,1.0,2.0,2.0,2.0,2.0,2.0,1.0,1.0,2.0,2.0,2.0,2.0,2.0,1.0,1.0,1.0,1.0,2.0,2.0,1.0,2.0,2.0,2.0,1.0,2.0,2.0,2.0,1.0,1.0,1.0,1.0,1.0,1.0,2.0,1.0,2.0,1.0
1459,5,5,5,5,5,5,5,5,1,1,,30.0,5.0,,3.0,4.0,6.0,,,,6.0,,1.0,54.0,,1.0,,2.0,4.0,5.0,,,,,,,,20.0,,2.0,,,1.0,,1.0,5.0,,,,,,,,,,,,1.0,1.0,1.0,1.0,1.0,1.0,6,3,4,3,3,5,6,6,3,2,60.0,55.0,50.0,55.0,60.0,60.0,65.0,55.0,35.0,30.0,2.0,1.0,2.0,1.0,1.0,2.0,2.0,2.0,2.0,2.0,2.0,1.0,2.0,1.0,2.0,2.0,1.0,2.0,2.0,1.0,2.0,1.0,2.0,1.0,2.0,1.0,2.0,1.0,2.0,1.0,1.0,2.0,1.0,1.0,1.0,2.0,2.0,2.0,1.0,1.0
958,4,4,4,4,4,4,5,4,2,2,70.0,,,2.0,,,,3.0,5.0,2.0,6.0,,1.0,54.0,,1.0,,,,,,,,3.0,4.0,5.0,,15.0,,2.0,,,2.0,,1.0,4.0,,,,,,,,,,,,1.0,1.0,1.0,1.0,1.0,1.0,6,3,4,3,3,5,6,5,3,2,55.0,50.0,52.0,60.0,65.0,58.0,70.0,55.0,40.0,38.0,2.0,2.0,2.0,2.0,2.0,1.0,2.0,1.0,2.0,2.0,2.0,1.0,1.0,2.0,1.0,1.0,1.0,1.0,1.0,2.0,1.0,2.0,2.0,1.0,1.0,1.0,2.0,1.0,1.0,1.0,2.0,2.0,1.0,2.0,1.0,1.0,1.0,2.0,1.0,1.0
511,4,4,4,4,4,4,5,4,2,2,70.0,,4.0,,,,,3.0,5.0,4.0,6.0,,1.0,54.0,,,2.0,,,,4.0,4.0,5.0,,,,,15.0,,2.0,,,3.0,1.0,,4.0,,,,,,,,,,,,1.0,1.0,1.0,1.0,1.0,1.0,6,3,4,4,3,5,6,6,3,2,60.0,55.0,58.0,65.0,68.0,62.0,70.0,60.0,40.0,45.0,1.0,2.0,2.0,1.0,1.0,2.0,1.0,2.0,1.0,1.0,1.0,2.0,2.0,1.0,1.0,1.0,1.0,2.0,2.0,1.0,1.0,1.0,1.0,1.0,1.0,2.0,1.0,1.0,2.0,1.0,2.0,2.0,1.0,2.0,1.0,1.0,1.0,1.0,1.0,2.0
462,2,2,2,2,2,2,4,2,4,2,70.0,,,2.0,3.0,4.0,5.0,,,,,5.0,1.0,30.0,,1.0,,,,,,,,3.0,4.0,4.0,,15.0,,2.0,3.0,,,1.0,,3.0,,1.0,1.0,1.0,1.0,1.0,1.0,1.0,1.0,1.0,1.0,,,,,,,6,3,4,4,2,5,6,6,3,2,40.0,35.0,35.0,45.0,50.0,35.0,60.0,40.0,55.0,35.0,2.0,1.0,2.0,1.0,2.0,1.0,2.0,1.0,1.0,2.0,1.0,1.0,1.0,2.0,1.0,2.0,1.0,1.0,2.0,1.0,1.0,2.0,1.0,2.0,2.0,1.0,1.0,1.0,2.0,1.0,2.0,1.0,2.0,2.0,1.0,2.0,1.0,2.0,1.0,1.0
684,5,5,5,5,5,5,5,5,1,1,70.0,,5.0,,,,,3.0,5.0,4.0,,6.0,,,2.0,1.0,,,,,,,,4.0,5.0,6.0,18.0,,1.0,,,,3.0,,1.0,5.0,,1.0,1.0,1.0,1.0,1.0,1.0,1.0,1.0,1.0,1.0,,,,,,,6,3,4,3,3,5,6,5,3,2,62.0,55.0,60.0,65.0,68.0,60.0,70.0,58.0,35.0,30.0,2.0,2.0,2.0,2.0,2.0,2.0,1.0,1.0,1.0,1.0,2.0,2.0,2.0,1.0,1.0,1.0,2.0,2.0,1.0,2.0,1.0,1.0,2.0,2.0,2.0,1.0,2.0,1.0,2.0,2.0,1.0,1.0,1.0,2.0,1.0,2.0,1.0,2.0,1.0,2.0
1498,2,3,2,2,3,3,4,2,4,3,70.0,,2.0,,3.0,4.0,5.0,,,,,6.0,1.0,54.0,,1.0,,2.0,4.0,4.0,,,,,,,,5.0,1.0,,,,2.0,1.0,,4.0,,1.0,1.0,1.0,1.0,1.0,1.0,1.0,1.0,1.0,1.0,,,,,,,6,3,4,3,3,5,6,5,3,2,45.0,40.0,40.0,50.0,55.0,55.0,60.0,45.0,50.0,45.0,2.0,1.0,2.0,2.0,1.0,2.0,2.0,1.0,2.0,1.0,2.0,2.0,2.0,1.0,1.0,2.0,2.0,1.0,2.0,1.0,1.0,2.0,2.0,2.0,1.0,2.0,2.0,1.0,2.0,2.0,2.0,2.0,2.0,1.0,1.0,1.0,2.0,2.0,2.0,1.0
1111,5,5,5,5,5,5,5,5,1,2,70.0,,5.0,,3.0,4.0,6.0,,,,,6.0,1.0,54.0,,1.0,,,,,,,,4.0,5.0,6.0,,20.0,1.0,,5.0,,,,1.0,,5.0,,,,,,,,,,,1.0,1.0,1.0,1.0,1.0,1.0,6,3,4,4,3,5,6,6,4,2,60.0,55.0,50.0,65.0,70.0,60.0,75.0,55.0,35.0,40.0,1.0,1.0,2.0,2.0,1.0,2.0,2.0,2.0,1.0,1.0,2.0,2.0,1.0,1.0,1.0,2.0,2.0,1.0,1.0,2.0,1.0,1.0,1.0,1.0,2.0,2.0,2.0,1.0,2.0,2.0,1.0,1.0,2.0,1.0,1.0,2.0,1.0,1.0,1.0,2.0
1062,2,2,2,2,2,2,4,2,4,2,70.0,,,2.0,2.0,3.0,5.0,,,,,5.0,,,2.0,1.0,,,,,2.0,4.0,4.0,,,,18.0,,,2.0,5.0,,,1.0,,4.0,,,,,,,,,,,,1.0,1.0,1.0,1.0,1.0,1.0,6,3,4,4,3,5,6,6,3,2,40.0,35.0,35.0,45.0,50.0,40.0,60.0,35.0,55.0,35.0,1.0,2.0,1.0,2.0,1.0,2.0,1.0,1.0,1.0,2.0,2.0,1.0,2.0,1.0,1.0,2.0,2.0,2.0,2.0,1.0,2.0,1.0,2.0,2.0,1.0,2.0,1.0,1.0,1.0,1.0,2.0,1.0,2.0,1.0,1.0,2.0,1.0,2.0,1.0,1.0
1284,5,5,5,5,5,5,5,5,1,2,,30.0,4.0,,,,,3.0,4.0,2.0,,6.0,,,2.0,,2.0,,,,4.0,5.0,6.0,,,,20.0,,,2.0,5.0,,,,1.0,5.0,,,,,,,,,,,,1.0,1.0,1.0,1.0,1.0,1.0,6,3,4,4,3,5,6,6,4,2,60.0,55.0,60.0,65.0,70.0,65.0,75.0,60.0,35.0,40.0,2.0,2.0,1.0,2.0,2.0,2.0,2.0,2.0,1.0,2.0,2.0,2.0,1.0,2.0,1.0,1.0,1.0,1.0,2.0,1.0,2.0,1.0,2.0,2.0,1.0,1.0,2.0,1.0,2.0,1.0,1.0,1.0,2.0,1.0,1.0,2.0,1.0,1.0,2.0,2.0
1810,4,4,4,4,4,4,5,4,2,2,,30.0,,2.0,,,,3.0,5.0,4.0,6.0,,1.0,40.0,,,2.0,2.0,4.0,5.0,,,,,,,15.0,,1.0,,4.0,,,,1.0,,5.0,,,,,,,,,,,1.0,1.0,1.0,1.0,1.0,1.0,6,3,4,4,2,5,6,6,3,2,60.0,55.0,60.0,65.0,70.0,60.0,75.0,60.0,40.0,45.0,1.0,2.0,1.0,1.0,1.0,1.0,2.0,1.0,1.0,2.0,1.0,1.0,1.0,1.0,1.0,1.0,2.0,1.0,1.0,2.0,2.0,1.0,1.0,2.0,1.0,2.0,1.0,1.0,2.0,1.0,2.0,1.0,2.0,1.0,2.0,1.0,1.0,2.0,2.0,1.0
1963,5,5,5,5,5,5,5,5,1,2,70.0,,,2.0,,,,3.0,5.0,2.0,,6.0,1.0,54.0,,1.0,,,,,,,,3.0,5.0,6.0,,18.0,1.0,,5.0,,,1.0,,,5.0,1.0,1.0,1.0,1.0,1.0,1.0,1.0,1.0,1.0,1.0,,,,,,,6,3,4,4,3,5,6,6,4,2,60.0,55.0,55.0,65.0,70.0,60.0,75.0,60.0,40.0,35.0,2.0,2.0,2.0,1.0,2.0,2.0,2.0,2.0,2.0,2.0,2.0,1.0,1.0,1.0,2.0,1.0,2.0,1.0,2.0,2.0,2.0,2.0,2.0,2.0,2.0,2.0,2.0,2.0,2.0,1.0,1.0,1.0,2.0,2.0,2.0,1.0,1.0,2.0,1.0,1.0
999,2,2,2,2,2,2,4,2,4,4,70.0,,2.0,,2.0,3.0,6.0,,,,5.0,,,,2.0,1.0,,1.0,4.0,5.0,,,,,,,,,,2.0,3.0,,,1.0,,,4.0,,,,,,,,,,,1.0,1.0,1.0,1.0,1.0,1.0,6,3,4,4,2,5,6,6,3,2,40.0,35.0,35.0,40.0,45.0,35.0,60.0,35.0,50.0,50.0,2.0,2.0,2.0,1.0,2.0,2.0,1.0,1.0,1.0,2.0,2.0,1.0,1.0,1.0,2.0,1.0,1.0,2.0,1.0,1.0,1.0,1.0,1.0,2.0,1.0,1.0,1.0,1.0,1.0,1.0,2.0,1.0,2.0,1.0,1.0,2.0,1.0,1.0,2.0,1.0
782,5,5,5,5,5,5,5,5,1,2,,30.0,3.0,,,,,3.0,5.0,4.0,,6.0,,,2.0,1.0,,,,,4.0,5.0,6.0,,,,,18.0,,2.0,,,3.0,1.0,,5.0,,1.0,1.0,1.0,1.0,1.0,1.0,1.0,1.0,1.0,1.0,,,,,,,6,3,4,3,3,5,6,5,3,2,60.0,55.0,58.0,65.0,70.0,62.0,75.0,60.0,40.0,45.0,1.0,1.0,1.0,2.0,1.0,2.0,2.0,1.0,2.0,1.0,2.0,2.0,2.0,1.0,1.0,2.0,1.0,1.0,1.0,2.0,1.0,1.0,1.0,2.0,1.0,2.0,1.0,1.0,1.0,1.0,1.0,1.0,2.0,1.0,1.0,2.0,2.0,2.0,1.0,1.0
378,4,4,4,5,5,5,5,4,2,2,70.0,,,2.0,,,,3.0,4.0,2.0,,5.0,,,2.0,,2.0,,,,4.0,4.0,5.0,,,,,18.0,,2.0,,6.0,,1.0,,5.0,,1.0,1.0,1.0,1.0,1.0,1.0,1.0,1.0,1.0,1.0,,,,,,,6,3,4,4,3,5,6,6,4,2,60.0,55.0,58.0,65.0,68.0,62.0,70.0,60.0,40.0,42.0,2.0,1.0,1.0,1.0,1.0,2.0,2.0,1.0,2.0,1.0,2.0,1.0,1.0,2.0,1.0,1.0,2.0,2.0,2.0,1.0,1.0,1.0,1.0,2.0,2.0,1.0,2.0,2.0,1.0,2.0,1.0,1.0,2.0,1.0,2.0,2.0,1.0,1.0,2.0,1.0
564,4,4,4,4,4,4,4,4,2,2,,30.0,,2.0,3.0,4.0,5.0,,,,,6.0,,,2.0,1.0,,2.0,4.0,5.0,,,,,,,,15.0,1.0,,4.0,,,,1.0,,4.0,1.0,1.0,1.0,1.0,1.0,1.0,1.0,1.0,1.0,1.0,,,,,,,6,3,4,4,3,5,6,6,3,2,55.0,50.0,52.0,60.0,65.0,58.0,70.0,60.0,40.0,42.0,1.0,2.0,1.0,2.0,2.0,1.0,2.0,1.0,1.0,2.0,2.0,2.0,2.0,2.0,1.0,2.0,1.0,2.0,2.0,2.0,2.0,2.0,1.0,1.0,1.0,2.0,2.0,2.0,2.0,1.0,2.0,2.0,2.0,2.0,2.0,2.0,2.0,2.0,2.0,1.0
417,5,4,4,4,4,4,5,4,1,2,,30.0,,2.0,3.0,4.0,5.0,,,,,6.0,,,2.0,,2.0,,,,,,,4.0,4.0,5.0,16.0,,1.0,,,6.0,,,1.0,,5.0,1.0,1.0,1.0,1.0,1.0,1.0,1.0,1.0,1.0,1.0,,,,,,,6,3,4,3,3,5,6,5,3,2,60.0,55.0,58.0,65.0,68.0,62.0,70.0,60.0,40.0,45.0,2.0,2.0,1.0,2.0,2.0,2.0,2.0,2.0,2.0,2.0,2.0,1.0,1.0,2.0,1.0,1.0,2.0,1.0,1.0,1.0,1.0,1.0,2.0,1.0,1.0,2.0,2.0,2.0,2.0,2.0,2.0,2.0,1.0,1.0,2.0,1.0,1.0,1.0,2.0,2.0
1382,4,4,4,4,4,4,5,4,2,2,70.0,,,1.0,3.0,4.0,6.0,,,,6.0,,,,2.0,1.0,,2.0,4.0,4.0,,,,,,,,15.0,,2.0,4.0,,,,1.0,4.0,,,,,,,,,,,,1.0,1.0,1.0,1.0,1.0,1.0,6,3,4,4,3,5,6,6,3,2,55.0,50.0,52.0,60.0,62.0,58.0,65.0,54.0,40.0,38.0,2.0,1.0,1.0,2.0,1.0,2.0,1.0,2.0,1.0,2.0,2.0,2.0,1.0,2.0,1.0,2.0,1.0,2.0,2.0,2.0,1.0,2.0,1.0,1.0,2.0,2.0,2.0,2.0,1.0,2.0,2.0,2.0,1.0,1.0,2.0,2.0,2.0,2.0,2.0,1.0
1778,4,4,4,4,4,4,5,4,2,2,70.0,,2.0,,,,,3.0,4.0,2.0,,6.0,,,2.0,,2.0,,,,4.0,4.0,5.0,,,,16.0,,,2.0,4.0,,,,1.0,4.0,,1.0,1.0,1.0,1.0,1.0,1.0,1.0,1.0,1.0,1.0,,,,,,,6,3,4,3,3,5,6,5,3,2,62.0,58.0,60.0,65.0,68.0,60.0,70.0,55.0,40.0,38.0,2.0,1.0,1.0,2.0,1.0,1.0,1.0,1.0,2.0,2.0,1.0,1.0,1.0,2.0,2.0,1.0,2.0,1.0,1.0,2.0,1.0,2.0,2.0,1.0,1.0,2.0,1.0,2.0,2.0,2.0,2.0,1.0,1.0,1.0,1.0,2.0,2.0,1.0,2.0,1.0
1164,5,5,5,5,5,5,5,5,1,1,,30.0,5.0,,,,,3.0,5.0,2.0,6.0,,1.0,54.0,,,2.0,2.0,5.0,6.0,,,,,,,20.0,,1.0,,,6.0,,,1.0,5.0,,,,,,,,,,,,1.0,1.0,1.0,1.0,1.0,1.0,6,3,4,3,2,5,6,6,4,2,60.0,55.0,60.0,65.0,70.0,65.0,75.0,60.0,40.0,35.0,2.0,2.0,2.0,2.0,2.0,1.0,2.0,2.0,1.0,2.0,2.0,2.0,2.0,1.0,2.0,1.0,2.0,2.0,2.0,2.0,1.0,2.0,2.0,1.0,2.0,2.0,2.0,1.0,2.0,2.0,2.0,1.0,2.0,2.0,2.0,2.0,1.0,2.0,1.0,2.0
1017,4,4,4,4,4,4,4,4,2,2,,30.0,,2.0,,,,3.0,5.0,2.0,6.0,,,,2.0,,2.0,2.0,4.0,4.0,,,,,,,18.0,,,2.0,,,3.0,1.0,,4.0,,,,,,,,,,,,1.0,1.0,1.0,1.0,1.0,1.0,6,3,4,4,3,5,6,6,3,2,55.0,50.0,60.0,65.0,70.0,60.0,75.0,60.0,40.0,45.0,2.0,2.0,2.0,2.0,2.0,2.0,2.0,2.0,2.0,2.0,2.0,2.0,1.0,2.0,1.0,2.0,2.0,2.0,1.0,2.0,2.0,2.0,2.0,2.0,2.0,1.0,1.0,1.0,1.0,1.0,1.0,1.0,1.0,1.0,1.0,2.0,2.0,1.0,1.0,2.0
1865,2,3,2,2,3,2,4,2,4,2,,30.0,,2.0,3.0,4.0,6.0,,,,,5.0,1.0,54.0,,1.0,,2.0,4.0,5.0,,,,,,,,5.0,1.0,,4.0,,,1.0,,,4.0,,,,,,,,,,,1.0,1.0,1.0,1.0,1.0,1.0,6,3,4,3,2,5,6,5,3,2,45.0,40.0,42.0,55.0,60.0,50.0,65.0,48.0,38.0,35.0,2.0,1.0,2.0,1.0,2.0,2.0,1.0,2.0,2.0,1.0,2.0,2.0,1.0,1.0,1.0,1.0,1.0,2.0,1.0,2.0,2.0,2.0,1.0,2.0,1.0,2.0,2.0,2.0,1.0,1.0,2.0,1.0,2.0,1.0,1.0,2.0,1.0,2.0,2.0,1.0
1916,2,2,2,2,2,2,3,2,4,4,70.0,,2.0,,,,,3.0,4.0,2.0,,6.0,1.0,54.0,,1.0,,,,,2.0,4.0,5.0,,,,20.0,,1.0,,,,2.0,1.0,,,3.0,1.0,1.0,1.0,1.0,1.0,1.0,1.0,1.0,1.0,1.0,,,,,,,6,3,4,3,3,5,6,5,3,2,45.0,40.0,40.0,40.0,45.0,45.0,60.0,40.0,50.0,50.0,2.0,1.0,1.0,1.0,1.0,1.0,2.0,1.0,1.0,1.0,1.0,2.0,1.0,2.0,1.0,1.0,1.0,2.0,1.0,1.0,2.0,2.0,2.0,1.0,1.0,2.0,1.0,2.0,1.0,2.0,1.0,2.0,1.0,1.0,1.0,1.0,1.0,2.0,1.0,1.0
743,2,2,2,2,2,2,4,2,4,2,,30.0,2.0,,,,,3.0,4.0,2.0,,5.0,1.0,40.0,,,2.0,,,,3.0,4.0,5.0,,,,18.0,,,2.0,,6.0,,,1.0,4.0,,,,,,,,,,,,1.0,1.0,1.0,1.0,1.0,1.0,6,3,4,3,3,5,6,5,3,2,40.0,35.0,35.0,40.0,45.0,35.0,60.0,40.0,50.0,35.0,2.0,2.0,2.0,2.0,1.0,1.0,2.0,2.0,1.0,2.0,2.0,1.0,2.0,1.0,1.0,1.0,2.0,2.0,1.0,1.0,2.0,1.0,1.0,1.0,2.0,2.0,1.0,1.0,2.0,2.0,2.0,1.0,1.0,2.0,1.0,2.0,2.0,1.0,1.0,1.0
630,4,4,4,5,5,5,5,5,1,2,,30.0,1.0,,3.0,4.0,5.0,,,,,5.0,,,2.0,,2.0,2.0,4.0,5.0,,,,,,,,0.0,1.0,,,6.0,,1.0,,4.0,,,,,,,,,,,,1.0,1.0,1.0,1.0,1.0,1.0,6,3,4,3,2,5,6,5,3,2,60.0,55.0,58.0,65.0,70.0,68.0,75.0,60.0,40.0,45.0,2.0,2.0,1.0,2.0,2.0,2.0,1.0,1.0,1.0,1.0,2.0,1.0,1.0,1.0,2.0,2.0,1.0,1.0,2.0,2.0,1.0,1.0,1.0,1.0,1.0,1.0,1.0,1.0,2.0,1.0,1.0,1.0,2.0,1.0,2.0,1.0,2.0,1.0,1.0,2.0
1343,3,4,4,3,4,4,5,4,2,2,70.0,,3.0,,3.0,4.0,5.0,,,,,6.0,1.0,54.0,,1.0,,,,,3.0,4.0,5.0,,,,16.0,,1.0,,,,3.0,1.0,,,4.0,,,,,,,,,,,1.0,1.0,1.0,1.0,1.0,1.0,6,3,4,4,3,5,6,6,3,2,55.0,50.0,52.0,60.0,62.0,58.0,65.0,54.0,40.0,42.0,1.0,1.0,1.0,1.0,1.0,1.0,1.0,1.0,1.0,2.0,1.0,1.0,1.0,2.0,2.0,1.0,2.0,1.0,2.0,2.0,2.0,1.0,1.0,2.0,2.0,1.0,2.0,2.0,1.0,1.0,1.0,1.0,2.0,1.0,1.0,1.0,1.0,1.0,2.0,1.0
1230,5,5,5,5,5,5,5,5,1,1,,30.0,,1.0,,,,3.0,5.0,2.0,,6.0,,,2.0,1.0,,,,,4.0,5.0,6.0,,,,20.0,,1.0,,,6.0,,1.0,,,6.0,1.0,1.0,1.0,1.0,1.0,1.0,1.0,1.0,1.0,1.0,,,,,,,6,3,4,3,2,5,6,5,4,2,60.0,55.0,50.0,65.0,60.0,60.0,70.0,55.0,40.0,35.0,2.0,2.0,1.0,2.0,2.0,2.0,1.0,1.0,1.0,2.0,1.0,2.0,2.0,1.0,1.0,1.0,2.0,1.0,2.0,1.0,2.0,2.0,2.0,2.0,2.0,2.0,2.0,2.0,1.0,1.0,1.0,1.0,1.0,2.0,2.0,2.0,1.0,1.0,2.0,1.0
1152,4,4,4,4,4,4,4,4,2,2,70.0,,3.0,,3.0,4.0,5.0,,,,6.0,,1.0,54.0,,,2.0,2.0,4.0,4.0,,,,,,,,16.0,,2.0,4.0,,,,1.0,,4.0,1.0,1.0,1.0,1.0,1.0,1.0,1.0,1.0,1.0,1.0,,,,,,,6,3,4,4,2,5,6,6,3,2,55.0,50.0,52.0,60.0,62.0,58.0,65.0,54.0,40.0,38.0,2.0,2.0,1.0,1.0,1.0,2.0,1.0,1.0,2.0,2.0,2.0,1.0,1.0,2.0,2.0,2.0,2.0,1.0,1.0,2.0,2.0,2.0,2.0,1.0,1.0,1.0,2.0,2.0,2.0,2.0,2.0,2.0,2.0,2.0,1.0,2.0,2.0,2.0,2.0,1.0
1021,4,4,4,5,5,5,5,5,1,2,,30.0,,2.0,,,,3.0,4.0,2.0,,5.0,,,2.0,1.0,,1.0,4.0,4.0,,,,,,,20.0,,2.0,,,,1.0,1.0,,4.0,,1.0,1.0,1.0,1.0,1.0,1.0,1.0,1.0,1.0,1.0,,,,,,,6,3,4,3,3,5,6,5,3,2,55.0,50.0,52.0,60.0,65.0,62.0,70.0,60.0,40.0,45.0,2.0,2.0,1.0,2.0,2.0,2.0,2.0,2.0,1.0,1.0,2.0,2.0,1.0,2.0,2.0,2.0,2.0,2.0,2.0,2.0,2.0,2.0,2.0,2.0,2.0,1.0,1.0,2.0,2.0,1.0,2.0,2.0,2.0,2.0,2.0,2.0,2.0,2.0,2.0,2.0
552,5,5,5,5,5,5,5,5,1,2,,30.0,5.0,,3.0,4.0,6.0,,,,6.0,,,,2.0,,2.0,,,,,,,3.0,5.0,6.0,,20.0,1.0,,,5.0,,,1.0,5.0,,1.0,1.0,1.0,1.0,1.0,1.0,1.0,1.0,1.0,1.0,,,,,,,6,3,4,3,3,5,6,5,3,2,60.0,55.0,50.0,65.0,70.0,60.0,75.0,60.0,40.0,35.0,,,,,,,,,,,,,,,,,,,,,,,,,,,,,,,,,,,,,,,,
421,2,2,2,2,2,2,4,2,4,4,,30.0,2.0,,3.0,4.0,6.0,,,,5.0,,,,2.0,,2.0,1.0,4.0,4.0,,,,,,,,18.0,1.0,,,6.0,,,1.0,4.0,,1.0,1.0,1.0,1.0,1.0,1.0,1.0,1.0,1.0,1.0,,,,,,,6,3,4,3,3,5,6,5,3,2,40.0,35.0,35.0,40.0,45.0,35.0,50.0,40.0,55.0,45.0,1.0,1.0,2.0,1.0,1.0,1.0,1.0,2.0,1.0,2.0,1.0,2.0,2.0,1.0,2.0,1.0,2.0,2.0,1.0,2.0,2.0,1.0,2.0,1.0,1.0,2.0,1.0,2.0,2.0,2.0,1.0,2.0,1.0,2.0,2.0,1.0,2.0,2.0,2.0,1.0
1853,2,2,2,2,2,2,3,2,4,3,,30.0,2.0,,,,,3.0,4.0,2.0,,5.0,,,2.0,1.0,,,,,3.0,4.0,4.0,,,,18.0,,1.0,,3.0,,,1.0,,4.0,,,,,,,,,,,,1.0,1.0,1.0,1.0,1.0,1.0,6,3,4,4,3,5,6,6,3,2,40.0,35.0,38.0,30.0,32.0,28.0,45.0,33.0,50.0,40.0,1.0,2.0,2.0,1.0,1.0,1.0,2.0,1.0,2.0,1.0,2.0,1.0,1.0,2.0,2.0,1.0,1.0,2.0,1.0,1.0,1.0,2.0,2.0,1.0,2.0,1.0,2.0,1.0,1.0,2.0,1.0,2.0,1.0,1.0,1.0,2.0,2.0,2.0,1.0,1.0
1920,2,2,2,2,2,2,2,2,4,4,70.0,,,2.0,3.0,4.0,6.0,,,,6.0,,,,2.0,1.0,,,,,4.0,4.0,4.0,,,,,18.0,,2.0,,,3.0,,1.0,,3.0,,,,,,,,,,,1.0,1.0,1.0,1.0,1.0,1.0,6,3,4,3,3,5,6,5,3,2,40.0,35.0,35.0,40.0,45.0,35.0,45.0,40.0,50.0,50.0,2.0,2.0,2.0,2.0,1.0,2.0,1.0,1.0,2.0,2.0,2.0,1.0,2.0,1.0,1.0,1.0,1.0,1.0,2.0,1.0,2.0,2.0,2.0,2.0,1.0,2.0,1.0,2.0,1.0,1.0,1.0,2.0,2.0,1.0,1.0,1.0,1.0,2.0,2.0,2.0
1193,2,3,2,2,2,2,4,2,4,4,70.0,,2.0,,,,,3.0,5.0,2.0,,5.0,,,2.0,1.0,,,,,4.0,4.0,5.0,,,,,15.0,1.0,,,,3.0,1.0,,,4.0,,,,,,,,,,,1.0,1.0,1.0,1.0,1.0,1.0,6,3,4,3,3,5,6,5,3,2,40.0,35.0,38.0,45.0,50.0,40.0,60.0,35.0,55.0,50.0,1.0,2.0,2.0,1.0,1.0,2.0,1.0,2.0,2.0,2.0,1.0,1.0,2.0,1.0,2.0,2.0,1.0,2.0,2.0,1.0,1.0,1.0,2.0,1.0,2.0,1.0,1.0,1.0,2.0,1.0,2.0,1.0,2.0,1.0,1.0,2.0,1.0,1.0,2.0,1.0
1569,2,3,2,2,3,2,3,2,4,4,,30.0,2.0,,2.0,3.0,5.0,,,,5.0,,1.0,30.0,,,2.0,2.0,3.0,4.0,,,,,,,18.0,,,2.0,,,3.0,1.0,,,3.0,1.0,1.0,1.0,1.0,1.0,1.0,1.0,1.0,1.0,1.0,,,,,,,6,3,4,3,3,5,6,5,3,2,40.0,35.0,38.0,45.0,50.0,35.0,55.0,40.0,60.0,50.0,1.0,1.0,1.0,2.0,1.0,1.0,1.0,1.0,2.0,1.0,1.0,2.0,1.0,1.0,1.0,1.0,1.0,1.0,2.0,1.0,2.0,1.0,2.0,2.0,1.0,1.0,2.0,1.0,1.0,1.0,1.0,1.0,1.0,1.0,2.0,1.0,1.0,2.0,1.0,2.0
1375,4,4,4,5,5,5,5,5,1,2,,30.0,4.0,,,,,3.0,5.0,2.0,6.0,,,,2.0,,2.0,2.0,4.0,4.0,,,,,,,18.0,,,2.0,4.0,,,1.0,,5.0,,,,,,,,,,,,1.0,1.0,1.0,1.0,1.0,1.0,6,3,4,3,2,5,6,5,3,2,55.0,50.0,52.0,60.0,65.0,62.0,70.0,58.0,40.0,45.0,1.0,1.0,2.0,2.0,1.0,2.0,1.0,1.0,1.0,2.0,1.0,2.0,2.0,2.0,1.0,2.0,2.0,2.0,2.0,2.0,2.0,2.0,2.0,2.0,1.0,2.0,2.0,1.0,1.0,1.0,1.0,1.0,1.0,1.0,2.0,1.0,1.0,2.0,1.0,1.0
1206,3,3,3,3,3,3,4,3,4,3,70.0,,3.0,,2.0,3.0,5.0,,,,,5.0,1.0,40.0,,1.0,,,,,3.0,4.0,4.0,,,,18.0,,,2.0,,,3.0,,1.0,4.0,,1.0,1.0,1.0,1.0,1.0,1.0,1.0,1.0,1.0,1.0,,,,,,,6,3,4,4,3,5,6,5,3,2,50.0,45.0,45.0,55.0,60.0,50.0,65.0,55.0,40.0,45.0,2.0,2.0,2.0,2.0,1.0,1.0,2.0,2.0,1.0,2.0,2.0,2.0,2.0,2.0,2.0,2.0,1.0,1.0,2.0,2.0,1.0,1.0,1.0,2.0,1.0,1.0,2.0,2.0,1.0,1.0,2.0,1.0,2.0,1.0,2.0,2.0,1.0,2.0,1.0,1.0
593,4,4,4,4,4,4,5,4,2,2,,30.0,3.0,,,,,3.0,4.0,3.0,6.0,,,,2.0,1.0,,,,,4.0,5.0,6.0,,,,20.0,,1.0,,5.0,,,,1.0,,5.0,1.0,1.0,1.0,1.0,1.0,1.0,1.0,1.0,1.0,1.0,,,,,,,6,3,5,4,2,5,6,6,3,2,60.0,55.0,58.0,65.0,70.0,62.0,75.0,60.0,40.0,45.0,1.0,1.0,2.0,1.0,1.0,1.0,1.0,1.0,1.0,2.0,1.0,1.0,2.0,1.0,2.0,1.0,2.0,2.0,1.0,2.0,1.0,1.0,1.0,2.0,1.0,2.0,1.0,2.0,1.0,1.0,1.0,1.0,2.0,1.0,1.0,2.0,2.0,1.0,2.0,1.0
169,4,4,4,3,4,3,4,3,2,2,,30.0,3.0,,,,,3.0,4.0,2.0,6.0,,1.0,54.0,,,2.0,2.0,4.0,5.0,,,,,,,16.0,,,2.0,,6.0,,1.0,,,5.0,,,,,,,,,,,1.0,1.0,1.0,1.0,1.0,1.0,6,3,4,4,3,5,6,6,3,2,55.0,50.0,52.0,60.0,65.0,58.0,70.0,60.0,40.0,38.0,1.0,2.0,2.0,2.0,2.0,2.0,1.0,1.0,1.0,1.0,1.0,2.0,1.0,2.0,1.0,1.0,1.0,2.0,1.0,1.0,2.0,1.0,2.0,1.0,1.0,2.0,1.0,2.0,1.0,2.0,2.0,2.0,1.0,2.0,1.0,2.0,1.0,1.0,2.0,2.0
775,5,5,5,5,5,5,5,5,1,1,70.0,,,2.0,,,,3.0,5.0,2.0,6.0,,1.0,54.0,,,2.0,,,,,,,3.0,5.0,6.0,,,,2.0,4.0,,,1.0,,5.0,,1.0,1.0,1.0,1.0,1.0,1.0,1.0,1.0,1.0,1.0,,,,,,,6,3,4,3,3,5,6,5,4,2,55.0,50.0,50.0,60.0,65.0,60.0,70.0,55.0,40.0,35.0,2.0,2.0,2.0,1.0,2.0,1.0,1.0,1.0,2.0,1.0,2.0,1.0,1.0,2.0,1.0,1.0,2.0,2.0,2.0,2.0,2.0,2.0,1.0,1.0,2.0,1.0,1.0,2.0,1.0,2.0,1.0,1.0,1.0,1.0,1.0,1.0,1.0,2.0,1.0,2.0
606,3,4,3,3,4,4,4,3,2,2,70.0,,3.0,,,,,3.0,4.0,2.0,,5.0,,,1.0,1.0,,,,,,,,3.0,4.0,5.0,15.0,,1.0,,,6.0,,1.0,,4.0,,1.0,1.0,1.0,1.0,1.0,1.0,1.0,1.0,1.0,1.0,,,,,,,6,3,4,4,3,5,6,5,3,2,55.0,60.0,50.0,60.0,65.0,65.0,70.0,55.0,40.0,45.0,1.0,2.0,1.0,1.0,2.0,1.0,2.0,2.0,2.0,2.0,1.0,1.0,2.0,1.0,1.0,1.0,2.0,2.0,2.0,2.0,1.0,1.0,2.0,2.0,2.0,1.0,2.0,2.0,1.0,1.0,2.0,1.0,1.0,2.0,1.0,2.0,1.0,2.0,1.0,1.0
868,2,2,2,1,2,2,4,2,4,4,,30.0,,1.0,,,,3.0,5.0,2.0,,5.0,,,2.0,,2.0,1.0,4.0,5.0,,,,,,,20.0,,1.0,,5.0,,,1.0,,,4.0,,,,,,,,,,,1.0,1.0,1.0,1.0,1.0,1.0,6,3,4,3,2,5,6,5,3,2,40.0,35.0,38.0,45.0,50.0,40.0,60.0,35.0,55.0,50.0,2.0,2.0,1.0,1.0,2.0,1.0,2.0,1.0,1.0,2.0,1.0,1.0,1.0,1.0,2.0,2.0,2.0,1.0,1.0,2.0,1.0,1.0,2.0,2.0,1.0,1.0,2.0,1.0,1.0,2.0,1.0,2.0,2.0,1.0,1.0,2.0,1.0,1.0,1.0,1.0
1892,5,5,5,5,5,5,5,5,1,1,,30.0,5.0,,,,,3.0,5.0,2.0,6.0,,,,2.0,1.0,,,,,,,,4.0,5.0,6.0,,18.0,1.0,,,6.0,,2.0,,5.0,,,,,,,,,,,,1.0,1.0,1.0,1.0,1.0,1.0,6,3,4,3,2,5,6,5,4,2,60.0,55.0,58.0,65.0,68.0,62.0,70.0,60.0,35.0,30.0,2.0,1.0,2.0,1.0,1.0,1.0,2.0,1.0,2.0,2.0,2.0,2.0,1.0,1.0,2.0,1.0,2.0,2.0,2.0,1.0,1.0,2.0,1.0,1.0,2.0,2.0,2.0,1.0,2.0,2.0,1.0,1.0,2.0,2.0,1.0,2.0,2.0,2.0,1.0,1.0
1689,4,4,4,4,4,4,4,4,2,2,,30.0,,1.0,,,,3.0,5.0,2.0,6.0,,1.0,40.0,,,2.0,2.0,4.0,5.0,,,,,,,18.0,,,2.0,,6.0,,1.0,,,4.0,,,,,,,,,,,1.0,1.0,1.0,1.0,1.0,1.0,6,3,4,4,3,5,6,6,3,2,55.0,50.0,52.0,60.0,62.0,58.0,65.0,54.0,40.0,42.0,1.0,2.0,1.0,2.0,1.0,1.0,1.0,1.0,1.0,2.0,1.0,2.0,1.0,1.0,1.0,2.0,2.0,1.0,1.0,2.0,2.0,1.0,1.0,1.0,2.0,2.0,2.0,1.0,1.0,2.0,1.0,1.0,2.0,1.0,2.0,1.0,1.0,1.0,1.0,1.0
1300,2,2,2,1,2,2,3,1,4,4,70.0,,1.0,,,,,3.0,4.0,2.0,6.0,,,,2.0,1.0,,,,,2.0,4.0,4.0,,,,20.0,,1.0,,,9.0,,1.0,,,4.0,,,,,,,,,,,1.0,1.0,1.0,1.0,1.0,1.0,6,3,4,4,2,5,6,6,2,2,35.0,30.0,30.0,25.0,30.0,30.0,40.0,25.0,50.0,50.0,1.0,2.0,2.0,2.0,2.0,2.0,2.0,2.0,2.0,2.0,2.0,2.0,2.0,2.0,2.0,2.0,2.0,2.0,1.0,2.0,1.0,2.0,2.0,2.0,2.0,2.0,2.0,2.0,2.0,2.0,2.0,2.0,2.0,2.0,2.0,2.0,2.0,2.0,2.0,2.0
1273,2,2,2,2,2,2,4,2,4,4,,30.0,2.0,,,,,3.0,4.0,3.0,,5.0,1.0,54.0,,1.0,,,,,2.0,4.0,5.0,,,,,15.0,1.0,,4.0,,,1.0,,4.0,,1.0,1.0,1.0,1.0,1.0,1.0,1.0,1.0,1.0,1.0,,,,,,,6,3,4,4,3,5,6,6,3,2,40.0,35.0,35.0,30.0,35.0,30.0,50.0,35.0,45.0,45.0,2.0,2.0,2.0,2.0,2.0,1.0,2.0,2.0,1.0,1.0,1.0,1.0,1.0,2.0,1.0,2.0,2.0,2.0,1.0,1.0,2.0,1.0,2.0,2.0,1.0,1.0,2.0,2.0,2.0,1.0,2.0,1.0,1.0,2.0,1.0,2.0,1.0,1.0,2.0,1.0
1095,4,4,4,4,4,4,4,4,2,2,,30.0,3.0,,3.0,4.0,5.0,,,,5.0,,1.0,40.0,,,2.0,,,,3.0,4.0,4.0,,,,18.0,,,2.0,3.0,,,,1.0,4.0,,1.0,1.0,1.0,1.0,1.0,1.0,1.0,1.0,1.0,1.0,,,,,,,6,3,4,4,3,5,6,6,3,2,55.0,50.0,50.0,60.0,65.0,55.0,70.0,60.0,40.0,40.0,1.0,2.0,1.0,1.0,2.0,1.0,1.0,2.0,1.0,1.0,2.0,1.0,2.0,2.0,2.0,1.0,1.0,1.0,2.0,1.0,1.0,2.0,1.0,2.0,1.0,2.0,1.0,1.0,2.0,1.0,1.0,2.0,1.0,1.0,1.0,1.0,1.0,1.0,1.0,1.0
289,3,3,3,4,4,4,4,3,2,2,70.0,,,2.0,2.0,3.0,5.0,,,,,,,,2.0,,2.0,,,,3.0,4.0,4.0,,,,,5.0,1.0,,3.0,,,,1.0,,4.0,,,,,,,,,,,1.0,1.0,1.0,1.0,1.0,1.0,6,3,4,3,2,5,6,5,3,2,45.0,40.0,40.0,55.0,60.0,55.0,65.0,50.0,35.0,35.0,2.0,2.0,2.0,2.0,1.0,2.0,1.0,2.0,2.0,2.0,2.0,2.0,2.0,1.0,2.0,1.0,2.0,1.0,2.0,2.0,1.0,1.0,2.0,1.0,2.0,1.0,2.0,1.0,1.0,1.0,2.0,2.0,1.0,2.0,2.0,1.0,1.0,2.0,1.0,1.0
700,4,4,4,4,4,4,5,4,2,2,70.0,,3.0,,3.0,4.0,5.0,,,,,6.0,,,2.0,,2.0,2.0,4.0,5.0,,,,,,,,16.0,1.0,,4.0,,,1.0,,4.0,,1.0,1.0,1.0,1.0,1.0,1.0,1.0,1.0,1.0,1.0,,,,,,,6,3,5,4,3,5,6,5,3,2,55.0,50.0,52.0,60.0,65.0,58.0,70.0,60.0,40.0,38.0,1.0,2.0,2.0,1.0,2.0,1.0,1.0,1.0,1.0,1.0,1.0,1.0,1.0,1.0,1.0,1.0,2.0,2.0,1.0,1.0,1.0,2.0,2.0,1.0,1.0,2.0,2.0,1.0,1.0,2.0,1.0,1.0,1.0,1.0,2.0,1.0,1.0,2.0,2.0,1.0
673,2,2,2,2,2,2,4,2,4,4,,30.0,,2.0,2.0,3.0,5.0,,,,6.0,,1.0,54.0,,1.0,,2.0,2.0,4.0,,,,,,,,20.0,,2.0,,,2.0,,1.0,,3.0,,,,,,,,,,,1.0,1.0,1.0,1.0,1.0,1.0,6,3,4,3,3,5,6,5,3,2,40.0,35.0,38.0,45.0,50.0,40.0,60.0,35.0,55.0,50.0,2.0,2.0,2.0,2.0,2.0,2.0,2.0,2.0,2.0,2.0,2.0,2.0,2.0,2.0,2.0,2.0,2.0,2.0,1.0,2.0,2.0,2.0,2.0,2.0,2.0,2.0,2.0,2.0,1.0,2.0,2.0,2.0,2.0,2.0,2.0,2.0,2.0,1.0,2.0,2.0
495,4,4,4,4,4,4,5,5,2,2,70.0,,,2.0,3.0,4.0,5.0,,,,,6.0,,,2.0,1.0,,,,,,,,2.0,4.0,5.0,18.0,,,2.0,4.0,,,,1.0,4.0,,,,,,,,,,,,1.0,1.0,1.0,1.0,1.0,1.0,6,3,4,4,3,5,6,6,3,2,60.0,55.0,58.0,65.0,70.0,62.0,75.0,68.0,40.0,45.0,1.0,2.0,2.0,1.0,2.0,1.0,1.0,2.0,1.0,2.0,2.0,1.0,1.0,1.0,2.0,2.0,1.0,1.0,2.0,1.0,1.0,1.0,2.0,1.0,2.0,2.0,2.0,1.0,2.0,1.0,1.0,1.0,1.0,1.0,1.0,1.0,2.0,1.0,1.0,2.0
1994,3,4,4,4,4,4,4,3,2,2,,30.0,,2.0,3.0,4.0,5.0,,,,,5.0,1.0,40.0,,,2.0,,,,3.0,4.0,4.0,,,,,15.0,,2.0,,5.0,,1.0,,4.0,,,,,,,,,,,,1.0,1.0,1.0,1.0,1.0,1.0,6,3,4,3,3,5,6,5,3,2,55.0,60.0,60.0,65.0,65.0,60.0,70.0,55.0,40.0,40.0,2.0,1.0,1.0,1.0,2.0,2.0,1.0,2.0,1.0,2.0,1.0,1.0,1.0,2.0,1.0,1.0,2.0,2.0,2.0,1.0,2.0,1.0,2.0,1.0,1.0,2.0,1.0,1.0,2.0,1.0,2.0,2.0,2.0,2.0,1.0,2.0,2.0,1.0,1.0,2.0
1127,4,4,4,5,5,5,5,4,1,2,70.0,,,2.0,3.0,4.0,6.0,,,,,,1.0,54.0,,,2.0,,,,3.0,4.0,5.0,,,,20.0,,,2.0,4.0,,,1.0,,,5.0,1.0,1.0,1.0,1.0,1.0,1.0,1.0,1.0,1.0,1.0,,,,,,,6,3,4,3,3,5,6,5,4,2,55.0,50.0,52.0,60.0,65.0,62.0,70.0,58.0,40.0,45.0,1.0,2.0,1.0,1.0,1.0,2.0,1.0,1.0,2.0,2.0,2.0,1.0,2.0,2.0,2.0,1.0,2.0,1.0,1.0,1.0,1.0,2.0,2.0,1.0,1.0,1.0,1.0,2.0,1.0,2.0,1.0,2.0,1.0,1.0,2.0,2.0,1.0,1.0,2.0,1.0
1054,4,4,4,4,4,4,4,4,2,2,,30.0,,2.0,2.0,3.0,6.0,,,,,,,,2.0,1.0,,,,,4.0,4.0,5.0,,,,18.0,,1.0,,,6.0,,,1.0,4.0,,,,,,,,,,,,1.0,1.0,1.0,1.0,1.0,1.0,6,3,4,4,2,5,6,6,3,2,60.0,55.0,58.0,65.0,68.0,60.0,70.0,62.0,40.0,38.0,1.0,2.0,2.0,2.0,2.0,2.0,2.0,2.0,2.0,1.0,2.0,2.0,2.0,2.0,2.0,2.0,2.0,2.0,1.0,2.0,2.0,1.0,2.0,1.0,2.0,1.0,1.0,2.0,2.0,1.0,1.0,1.0,2.0,1.0,1.0,1.0,1.0,1.0,1.0,1.0
1648,2,2,2,1,2,2,4,1,4,2,,30.0,,2.0,,,,2.0,4.0,3.0,6.0,,,,2.0,,2.0,,,,,,,2.0,4.0,5.0,16.0,,1.0,,4.0,,,,1.0,,4.0,1.0,1.0,1.0,1.0,1.0,1.0,1.0,1.0,1.0,1.0,,,,,,,6,3,4,4,3,5,6,6,3,2,40.0,35.0,35.0,30.0,35.0,35.0,50.0,30.0,45.0,35.0,2.0,1.0,1.0,1.0,1.0,1.0,1.0,1.0,2.0,2.0,1.0,1.0,1.0,2.0,2.0,2.0,1.0,1.0,1.0,2.0,2.0,2.0,2.0,1.0,1.0,2.0,1.0,1.0,2.0,2.0,1.0,1.0,2.0,2.0,1.0,2.0,2.0,2.0,2.0,2.0
527,3,3,3,3,4,4,4,3,2,2,,30.0,,2.0,3.0,4.0,5.0,,,,,6.0,1.0,40.0,,,2.0,,,,3.0,4.0,5.0,,,,18.0,,,2.0,,6.0,,,1.0,,4.0,1.0,1.0,1.0,1.0,1.0,1.0,1.0,1.0,1.0,1.0,,,,,,,6,3,4,3,3,5,6,5,3,2,50.0,50.0,50.0,55.0,60.0,60.0,65.0,50.0,40.0,40.0,2.0,2.0,1.0,1.0,1.0,1.0,2.0,2.0,1.0,2.0,1.0,2.0,2.0,2.0,1.0,1.0,1.0,2.0,1.0,2.0,2.0,2.0,1.0,1.0,2.0,1.0,2.0,2.0,1.0,2.0,1.0,1.0,1.0,1.0,1.0,1.0,2.0,1.0,1.0,1.0
454,4,4,4,4,4,4,4,4,2,2,70.0,,,2.0,3.0,4.0,5.0,,,,,6.0,,,2.0,1.0,,2.0,4.0,4.0,,,,,,,,5.0,1.0,,,,3.0,1.0,,4.0,,,,,,,,,,,,1.0,1.0,1.0,1.0,1.0,1.0,6,3,4,4,2,5,6,6,3,2,55.0,50.0,52.0,60.0,65.0,58.0,70.0,60.0,40.0,38.0,1.0,2.0,2.0,1.0,1.0,2.0,2.0,2.0,1.0,1.0,1.0,1.0,1.0,1.0,2.0,1.0,1.0,2.0,2.0,2.0,1.0,1.0,1.0,1.0,1.0,2.0,2.0,1.0,2.0,2.0,2.0,1.0,2.0,2.0,2.0,2.0,1.0,1.0,1.0,2.0
248,2,2,2,1,2,2,3,1,4,4,70.0,,,1.0,,,,3.0,4.0,3.0,6.0,,,,2.0,,2.0,,,,3.0,4.0,5.0,,,,18.0,,1.0,,4.0,,,,1.0,4.0,,,,,,,,,,,,1.0,1.0,1.0,1.0,1.0,1.0,6,3,4,4,2,5,6,6,3,2,55.0,50.0,52.0,60.0,62.0,58.0,65.0,54.0,48.0,45.0,2.0,1.0,1.0,1.0,2.0,2.0,2.0,2.0,1.0,1.0,2.0,1.0,2.0,1.0,1.0,1.0,1.0,1.0,1.0,1.0,1.0,1.0,2.0,1.0,1.0,1.0,2.0,1.0,1.0,1.0,1.0,2.0,1.0,1.0,1.0,2.0,2.0,1.0,2.0,1.0
1826,4,4,4,4,4,4,5,4,2,2,70.0,,,2.0,,,,3.0,5.0,4.0,,6.0,1.0,54.0,,,2.0,,,,3.0,4.0,5.0,,,,16.0,,,2.0,4.0,,,,1.0,4.0,,1.0,1.0,1.0,1.0,1.0,1.0,1.0,1.0,1.0,1.0,,,,,,,6,3,4,4,3,5,6,6,3,2,60.0,55.0,58.0,65.0,68.0,62.0,70.0,60.0,40.0,45.0,2.0,2.0,2.0,1.0,1.0,1.0,1.0,1.0,2.0,1.0,2.0,2.0,2.0,1.0,2.0,1.0,2.0,1.0,1.0,1.0,1.0,1.0,2.0,1.0,1.0,1.0,1.0,1.0,2.0,1.0,2.0,1.0,1.0,1.0,1.0,2.0,1.0,1.0,1.0,2.0
1955,4,4,4,3,4,3,5,3,2,2,70.0,,,2.0,,,,3.0,5.0,2.0,,6.0,,,2.0,,2.0,2.0,4.0,5.0,,,,,,,18.0,,,2.0,5.0,,,1.0,,,4.0,1.0,1.0,1.0,1.0,1.0,1.0,1.0,1.0,1.0,1.0,,,,,,,6,3,4,3,3,5,6,5,3,2,55.0,50.0,52.0,60.0,65.0,55.0,70.0,60.0,40.0,45.0,2.0,1.0,2.0,1.0,2.0,1.0,1.0,1.0,1.0,1.0,1.0,1.0,1.0,1.0,2.0,1.0,1.0,1.0,2.0,1.0,2.0,1.0,1.0,2.0,1.0,2.0,1.0,1.0,1.0,2.0,1.0,1.0,1.0,1.0,1.0,2.0,1.0,1.0,2.0,1.0
817,2,3,2,2,3,2,4,2,4,3,,30.0,3.0,,,,,3.0,4.0,2.0,5.0,,1.0,40.0,,,2.0,,,,3.0,4.0,4.0,,,,15.0,,1.0,,3.0,,,1.0,,,4.0,,,,,,,,,,,1.0,1.0,1.0,1.0,1.0,1.0,6,3,4,3,2,5,6,5,3,2,40.0,35.0,38.0,45.0,50.0,35.0,55.0,40.0,50.0,45.0,,,,,,,,,,,,,,,,,,,,,,,,,,,,,,,,,,,,,,,,
964,2,2,2,2,2,2,4,2,4,2,,30.0,,2.0,,,,3.0,5.0,4.0,,5.0,,,2.0,1.0,,,,,2.0,4.0,4.0,,,,,18.0,1.0,,,,2.0,1.0,,,4.0,,,,,,,,,,,1.0,1.0,1.0,1.0,1.0,1.0,6,3,4,3,2,5,6,5,2,2,35.0,30.0,30.0,35.0,40.0,30.0,50.0,35.0,45.0,30.0,1.0,1.0,1.0,1.0,1.0,2.0,2.0,1.0,1.0,1.0,1.0,2.0,1.0,2.0,1.0,1.0,1.0,1.0,1.0,2.0,1.0,1.0,1.0,2.0,1.0,2.0,2.0,2.0,1.0,2.0,1.0,1.0,1.0,1.0,2.0,2.0,2.0,1.0,2.0,2.0
81,5,5,5,5,5,5,5,5,1,2,,30.0,,1.0,,,,3.0,5.0,2.0,6.0,,,,2.0,1.0,,,,,,,,4.0,5.0,6.0,20.0,,,2.0,5.0,,,,1.0,,5.0,1.0,1.0,1.0,1.0,1.0,1.0,1.0,1.0,1.0,1.0,,,,,,,6,3,4,3,3,5,6,5,4,2,60.0,55.0,58.0,65.0,70.0,62.0,75.0,60.0,40.0,45.0,2.0,2.0,2.0,2.0,2.0,2.0,2.0,1.0,2.0,1.0,1.0,2.0,1.0,2.0,2.0,2.0,1.0,1.0,2.0,2.0,1.0,2.0,1.0,1.0,2.0,2.0,2.0,2.0,2.0,2.0,2.0,2.0,1.0,2.0,1.0,1.0,1.0,2.0,2.0,2.0
1279,4,4,4,5,5,5,5,4,1,2,,30.0,4.0,,2.0,3.0,6.0,,,,6.0,,,,2.0,1.0,,2.0,4.0,5.0,,,,,,,,15.0,,2.0,,6.0,,,1.0,,5.0,,,,,,,,,,,1.0,1.0,1.0,1.0,1.0,1.0,6,3,4,4,2,5,6,6,3,2,55.0,50.0,52.0,60.0,65.0,62.0,70.0,58.0,40.0,45.0,1.0,2.0,2.0,1.0,2.0,1.0,2.0,1.0,1.0,1.0,1.0,2.0,2.0,1.0,2.0,2.0,1.0,2.0,2.0,2.0,1.0,1.0,2.0,2.0,1.0,2.0,2.0,2.0,1.0,2.0,1.0,1.0,2.0,1.0,1.0,2.0,1.0,1.0,2.0,2.0
1683,4,4,4,4,4,4,5,4,2,2,,30.0,,2.0,3.0,4.0,5.0,,,,6.0,,,,2.0,1.0,,,,,3.0,4.0,5.0,,,,20.0,,,2.0,4.0,,,,1.0,4.0,,1.0,1.0,1.0,1.0,1.0,1.0,1.0,1.0,1.0,1.0,,,,,,,6,3,4,3,3,5,6,5,3,2,60.0,55.0,58.0,65.0,70.0,60.0,75.0,62.0,40.0,45.0,2.0,1.0,2.0,2.0,2.0,2.0,1.0,2.0,2.0,1.0,1.0,1.0,1.0,2.0,2.0,2.0,1.0,2.0,2.0,1.0,1.0,2.0,1.0,1.0,1.0,1.0,2.0,1.0,1.0,2.0,1.0,2.0,1.0,1.0,2.0,1.0,2.0,2.0,1.0,1.0
1516,4,4,4,4,4,4,5,4,2,2,,30.0,3.0,,,,,3.0,4.0,3.0,6.0,,1.0,54.0,,1.0,,,,,3.0,4.0,5.0,,,,,15.0,,2.0,,6.0,,1.0,,,5.0,,,,,,,,,,,1.0,1.0,1.0,1.0,1.0,1.0,6,3,4,4,3,5,6,6,3,2,60.0,55.0,55.0,65.0,70.0,60.0,75.0,60.0,40.0,45.0,1.0,1.0,2.0,2.0,2.0,2.0,1.0,1.0,1.0,1.0,1.0,2.0,2.0,2.0,2.0,1.0,1.0,2.0,2.0,1.0,1.0,2.0,2.0,1.0,1.0,2.0,2.0,1.0,2.0,1.0,1.0,2.0,2.0,2.0,1.0,1.0,1.0,2.0,2.0,1.0
1465,4,4,4,4,4,4,4,4,2,2,,30.0,4.0,,,,,3.0,5.0,4.0,6.0,,,,2.0,1.0,,2.0,4.0,5.0,,,,,,,18.0,,1.0,,,8.0,,,1.0,5.0,,1.0,1.0,1.0,1.0,1.0,1.0,1.0,1.0,1.0,1.0,,,,,,,6,3,4,4,3,5,6,6,3,2,55.0,50.0,52.0,60.0,65.0,62.0,70.0,58.0,40.0,45.0,2.0,2.0,2.0,1.0,2.0,1.0,2.0,1.0,2.0,2.0,2.0,2.0,2.0,2.0,1.0,1.0,2.0,1.0,2.0,2.0,2.0,2.0,1.0,1.0,1.0,2.0,1.0,1.0,1.0,2.0,2.0,2.0,1.0,1.0,1.0,1.0,1.0,2.0,1.0,1.0
679,3,3,3,3,4,3,4,3,2,2,70.0,,3.0,,3.0,4.0,5.0,,,,5.0,,1.0,30.0,,1.0,,,,,,,,3.0,4.0,4.0,,20.0,1.0,,,,2.0,,1.0,4.0,,1.0,1.0,1.0,1.0,1.0,1.0,1.0,1.0,1.0,1.0,,,,,,,6,3,4,3,3,5,6,5,3,2,50.0,45.0,45.0,55.0,60.0,50.0,65.0,45.0,40.0,40.0,2.0,2.0,1.0,1.0,2.0,2.0,1.0,1.0,1.0,2.0,1.0,1.0,1.0,1.0,1.0,1.0,1.0,2.0,2.0,1.0,2.0,2.0,2.0,1.0,2.0,1.0,2.0,1.0,1.0,1.0,1.0,2.0,1.0,2.0,2.0,1.0,1.0,2.0,1.0,1.0
283,2,2,2,2,2,2,4,2,4,2,,30.0,2.0,,3.0,4.0,5.0,,,,,5.0,,,2.0,,2.0,,,,,,,2.0,4.0,5.0,,0.0,,2.0,4.0,,,1.0,,4.0,,1.0,1.0,1.0,1.0,1.0,1.0,1.0,1.0,1.0,1.0,,,,,,,6,3,4,3,3,5,6,5,3,2,40.0,35.0,35.0,40.0,45.0,35.0,60.0,35.0,50.0,35.0,1.0,2.0,1.0,1.0,2.0,2.0,2.0,2.0,1.0,2.0,2.0,1.0,2.0,1.0,2.0,2.0,2.0,2.0,2.0,2.0,1.0,1.0,1.0,2.0,2.0,2.0,1.0,1.0,2.0,1.0,1.0,1.0,2.0,2.0,1.0,2.0,1.0,1.0,2.0,1.0
116,4,4,4,4,4,4,4,4,2,2,70.0,,3.0,,3.0,4.0,5.0,,,,6.0,,,,2.0,1.0,,,,,,,,3.0,4.0,5.0,18.0,,1.0,,,6.0,,,1.0,4.0,,,,,,,,,,,,1.0,1.0,1.0,1.0,1.0,1.0,6,3,5,4,3,5,6,6,3,2,60.0,55.0,58.0,65.0,68.0,62.0,70.0,60.0,40.0,45.0,2.0,2.0,1.0,2.0,1.0,1.0,1.0,1.0,2.0,2.0,2.0,2.0,1.0,2.0,1.0,1.0,1.0,2.0,2.0,2.0,1.0,2.0,1.0,1.0,2.0,2.0,1.0,1.0,2.0,1.0,2.0,2.0,1.0,1.0,1.0,1.0,1.0,2.0,1.0,2.0
2031,4,4,4,2,3,3,4,2,4,2,,30.0,,2.0,,,,3.0,5.0,2.0,6.0,,,,2.0,1.0,,,,,4.0,4.0,5.0,,,,16.0,,1.0,,,6.0,,1.0,,4.0,,,,,,,,,,,,1.0,1.0,1.0,1.0,1.0,1.0,6,3,4,3,3,5,6,5,3,2,55.0,50.0,52.0,48.0,50.0,50.0,60.0,45.0,40.0,38.0,2.0,1.0,1.0,1.0,1.0,1.0,2.0,1.0,1.0,2.0,2.0,1.0,1.0,2.0,2.0,1.0,1.0,1.0,2.0,1.0,2.0,2.0,1.0,1.0,1.0,2.0,2.0,2.0,1.0,1.0,1.0,2.0,2.0,1.0,1.0,1.0,1.0,2.0,2.0,1.0
40,2,2,2,2,2,2,4,2,4,4,,30.0,2.0,,,,,3.0,4.0,3.0,5.0,,,,2.0,,2.0,,,,,,,3.0,4.0,5.0,18.0,,,2.0,4.0,,,,1.0,,4.0,,,,,,,,,,,1.0,1.0,1.0,1.0,1.0,1.0,6,3,4,4,3,5,6,6,3,2,40.0,35.0,35.0,40.0,45.0,35.0,60.0,35.0,55.0,55.0,2.0,2.0,2.0,1.0,1.0,1.0,1.0,1.0,1.0,2.0,2.0,1.0,1.0,1.0,1.0,2.0,1.0,1.0,2.0,1.0,1.0,1.0,1.0,2.0,2.0,2.0,2.0,2.0,1.0,2.0,1.0,1.0,1.0,1.0,1.0,2.0,2.0,2.0,2.0,1.0
1731,2,2,2,2,2,2,3,2,4,4,,30.0,2.0,,2.0,3.0,5.0,,,,,5.0,1.0,40.0,,1.0,,,,,3.0,4.0,4.0,,,,,15.0,,2.0,,6.0,,,1.0,4.0,,1.0,1.0,1.0,1.0,1.0,1.0,1.0,1.0,1.0,1.0,,,,,,,6,3,4,3,3,5,6,5,3,2,35.0,30.0,30.0,30.0,30.0,30.0,40.0,30.0,45.0,45.0,2.0,1.0,2.0,1.0,1.0,1.0,2.0,2.0,1.0,1.0,1.0,2.0,2.0,2.0,1.0,1.0,1.0,2.0,1.0,2.0,1.0,1.0,1.0,1.0,1.0,1.0,2.0,2.0,1.0,2.0,1.0,2.0,1.0,2.0,1.0,1.0,2.0,1.0,1.0,2.0
1642,3,3,3,2,3,2,4,2,4,2,,30.0,,2.0,,,,3.0,5.0,4.0,6.0,,,,2.0,1.0,,,,,,,,2.0,4.0,5.0,15.0,,1.0,,4.0,,,,1.0,,4.0,,,,,,,,,,,1.0,1.0,1.0,1.0,1.0,1.0,6,3,4,3,3,5,6,5,3,2,50.0,50.0,50.0,45.0,55.0,45.0,60.0,45.0,55.0,45.0,1.0,1.0,1.0,2.0,1.0,2.0,1.0,1.0,1.0,1.0,1.0,2.0,1.0,1.0,2.0,1.0,1.0,1.0,2.0,2.0,1.0,1.0,2.0,2.0,1.0,1.0,2.0,2.0,1.0,2.0,1.0,1.0,1.0,1.0,1.0,1.0,1.0,1.0,1.0,1.0
331,2,2,2,2,3,2,3,2,4,4,70.0,,,2.0,,,,3.0,4.0,2.0,,5.0,1.0,40.0,,,2.0,,,,,,,2.0,4.0,5.0,,15.0,1.0,,,5.0,,,1.0,4.0,,,,,,,,,,,,1.0,1.0,1.0,1.0,1.0,1.0,6,3,4,4,3,5,6,6,3,2,55.0,50.0,50.0,60.0,65.0,55.0,70.0,60.0,45.0,40.0,2.0,1.0,2.0,1.0,1.0,2.0,1.0,2.0,1.0,1.0,2.0,1.0,2.0,1.0,2.0,1.0,2.0,2.0,1.0,1.0,1.0,2.0,1.0,1.0,1.0,1.0,2.0,2.0,1.0,1.0,2.0,1.0,2.0,2.0,2.0,1.0,1.0,2.0,1.0,1.0
242,2,2,2,1,2,2,4,2,4,4,70.0,,,1.0,,,,3.0,4.0,2.0,6.0,,,,2.0,,2.0,,,,,,,3.0,4.0,5.0,,5.0,1.0,,,6.0,,1.0,,,4.0,1.0,1.0,1.0,1.0,1.0,1.0,1.0,1.0,1.0,1.0,,,,,,,6,3,4,4,2,5,6,6,3,2,45.0,40.0,40.0,35.0,40.0,40.0,60.0,40.0,60.0,60.0,2.0,2.0,1.0,2.0,1.0,1.0,1.0,1.0,2.0,2.0,2.0,2.0,1.0,1.0,2.0,1.0,2.0,1.0,2.0,2.0,1.0,1.0,2.0,2.0,2.0,1.0,1.0,1.0,1.0,2.0,1.0,1.0,1.0,1.0,1.0,1.0,2.0,1.0,1.0,1.0
35,2,2,2,2,2,2,4,2,4,2,,30.0,,2.0,3.0,4.0,5.0,,,,,5.0,,,2.0,1.0,,,,,2.0,4.0,5.0,,,,,15.0,1.0,,,6.0,,1.0,,4.0,,1.0,1.0,1.0,1.0,1.0,1.0,1.0,1.0,1.0,1.0,,,,,,,6,3,4,4,3,5,6,6,3,2,40.0,35.0,35.0,40.0,45.0,40.0,60.0,35.0,50.0,35.0,1.0,1.0,1.0,1.0,2.0,1.0,1.0,2.0,2.0,2.0,1.0,2.0,1.0,2.0,1.0,1.0,2.0,1.0,2.0,2.0,1.0,2.0,1.0,1.0,2.0,2.0,1.0,2.0,2.0,1.0,1.0,2.0,1.0,2.0,2.0,2.0,2.0,1.0,1.0,2.0
1,4,4,4,4,4,4,4,4,2,2,,30.0,4.0,,3.0,4.0,6.0,,,,,5.0,,,2.0,,2.0,2.0,4.0,5.0,,,,,,,18.0,,,2.0,,,2.0,1.0,,,4.0,,,,,,,,,,,1.0,1.0,1.0,1.0,1.0,1.0,6,3,4,4,3,5,6,6,3,2,60.0,55.0,58.0,65.0,68.0,62.0,70.0,60.0,40.0,45.0,2.0,1.0,2.0,1.0,2.0,2.0,2.0,2.0,1.0,1.0,2.0,2.0,2.0,1.0,2.0,2.0,1.0,2.0,2.0,1.0,1.0,1.0,2.0,2.0,2.0,1.0,2.0,2.0,1.0,2.0,2.0,2.0,2.0,1.0,2.0,1.0,1.0,1.0,1.0,1.0
2044,2,2,2,2,2,2,4,2,4,4,,30.0,2.0,,,,,3.0,5.0,2.0,6.0,,,,2.0,,2.0,2.0,4.0,5.0,,,,,,,,5.0,,2.0,,5.0,,1.0,,3.0,,,,,,,,,,,,1.0,1.0,1.0,1.0,1.0,1.0,6,3,4,3,3,5,6,5,3,2,40.0,35.0,35.0,40.0,45.0,35.0,60.0,35.0,50.0,50.0,2.0,2.0,2.0,2.0,2.0,1.0,1.0,2.0,2.0,1.0,1.0,1.0,2.0,2.0,2.0,1.0,1.0,1.0,2.0,1.0,1.0,1.0,1.0,2.0,1.0,1.0,2.0,1.0,2.0,2.0,1.0,1.0,2.0,1.0,1.0,2.0,2.0,1.0,2.0,1.0
1859,2,2,2,2,2,2,3,2,4,3,,30.0,,2.0,3.0,4.0,5.0,,,,5.0,,1.0,40.0,,,2.0,,,,,,,3.0,3.0,4.0,,20.0,,2.0,3.0,,,1.0,,3.0,,,,,,,,,,,,1.0,1.0,1.0,1.0,1.0,1.0,6,3,4,4,2,5,6,6,3,2,40.0,35.0,35.0,40.0,45.0,35.0,50.0,30.0,50.0,40.0,2.0,1.0,2.0,2.0,1.0,2.0,1.0,1.0,2.0,2.0,2.0,1.0,2.0,2.0,2.0,2.0,1.0,2.0,2.0,2.0,2.0,1.0,2.0,2.0,1.0,2.0,2.0,2.0,2.0,1.0,2.0,1.0,2.0,1.0,2.0,1.0,2.0,1.0,2.0,1.0
1744,5,5,5,5,5,5,5,5,1,1,70.0,,,1.0,2.0,4.0,6.0,,,,6.0,,1.0,40.0,,1.0,,,,,,,,4.0,5.0,6.0,,20.0,,2.0,,6.0,,,1.0,,5.0,,,,,,,,,,,1.0,1.0,1.0,1.0,1.0,1.0,6,3,4,3,2,5,6,5,3,2,60.0,55.0,60.0,65.0,70.0,60.0,75.0,60.0,40.0,35.0,1.0,1.0,2.0,2.0,2.0,2.0,2.0,2.0,1.0,1.0,1.0,2.0,1.0,2.0,2.0,1.0,1.0,2.0,1.0,2.0,2.0,2.0,1.0,2.0,1.0,2.0,1.0,2.0,2.0,2.0,1.0,2.0,2.0,2.0,2.0,1.0,2.0,2.0,1.0,2.0
1637,3,3,3,3,3,3,4,3,2,2,,30.0,,1.0,,,,3.0,4.0,2.0,6.0,,,,2.0,1.0,,,,,,,,2.0,4.0,4.0,,18.0,,2.0,,,2.0,1.0,,,4.0,,,,,,,,,,,1.0,1.0,1.0,1.0,1.0,1.0,6,3,4,3,3,5,6,6,3,2,45.0,40.0,40.0,50.0,55.0,50.0,60.0,45.0,35.0,35.0,2.0,1.0,2.0,2.0,2.0,2.0,1.0,2.0,2.0,1.0,2.0,1.0,1.0,1.0,1.0,2.0,1.0,2.0,1.0,1.0,2.0,2.0,1.0,1.0,2.0,1.0,2.0,2.0,1.0,1.0,2.0,2.0,1.0,2.0,2.0,2.0,1.0,1.0,1.0,1.0
1158,3,3,3,3,3,3,4,3,2,2,,30.0,3.0,,,,,3.0,4.0,3.0,,5.0,1.0,40.0,,,2.0,,,,,,,3.0,4.0,5.0,18.0,,,2.0,3.0,,,1.0,,4.0,,,,,,,,,,,,1.0,1.0,1.0,1.0,1.0,1.0,6,3,4,4,3,5,6,6,3,2,45.0,40.0,40.0,50.0,55.0,55.0,60.0,45.0,35.0,35.0,2.0,2.0,1.0,1.0,1.0,1.0,2.0,2.0,1.0,2.0,2.0,1.0,2.0,1.0,1.0,1.0,1.0,1.0,1.0,1.0,2.0,2.0,1.0,2.0,1.0,2.0,1.0,1.0,1.0,1.0,1.0,1.0,2.0,2.0,1.0,1.0,1.0,2.0,1.0,1.0
344,4,4,4,5,5,5,5,4,1,2,70.0,,4.0,,,,,3.0,4.0,3.0,6.0,,1.0,40.0,,1.0,,,,,,,,3.0,4.0,5.0,,18.0,,2.0,,,2.0,1.0,,4.0,,1.0,1.0,1.0,1.0,1.0,1.0,1.0,1.0,1.0,1.0,,,,,,,6,3,4,3,3,5,6,5,3,2,60.0,55.0,58.0,65.0,70.0,62.0,68.0,55.0,35.0,40.0,1.0,1.0,1.0,1.0,2.0,1.0,2.0,2.0,1.0,1.0,1.0,1.0,2.0,1.0,2.0,1.0,2.0,1.0,1.0,2.0,1.0,2.0,2.0,2.0,1.0,1.0,2.0,1.0,1.0,2.0,1.0,1.0,2.0,1.0,1.0,1.0,2.0,1.0,2.0,1.0
237,5,5,5,5,5,5,5,5,1,2,,30.0,,1.0,3.0,4.0,6.0,,,,,6.0,,,2.0,,2.0,2.0,5.0,6.0,,,,,,,16.0,,1.0,,,,3.0,1.0,,5.0,,,,,,,,,,,,1.0,1.0,1.0,1.0,1.0,1.0,6,3,4,3,2,5,6,6,4,2,55.0,50.0,52.0,60.0,65.0,58.0,70.0,60.0,40.0,35.0,2.0,1.0,1.0,2.0,2.0,2.0,1.0,1.0,1.0,2.0,2.0,2.0,1.0,2.0,1.0,2.0,1.0,1.0,1.0,2.0,1.0,1.0,1.0,2.0,1.0,1.0,1.0,1.0,2.0,1.0,2.0,1.0,1.0,2.0,1.0,2.0,1.0,1.0,2.0,1.0
558,3,3,3,3,3,3,4,3,2,2,,30.0,,3.0,,,,3.0,5.0,2.0,,6.0,1.0,54.0,,,2.0,,,,,,,3.0,4.0,5.0,,15.0,,2.0,,,2.0,,1.0,,4.0,1.0,1.0,1.0,1.0,1.0,1.0,1.0,1.0,1.0,1.0,,,,,,,6,3,4,4,3,5,6,6,3,2,50.0,45.0,48.0,60.0,62.0,55.0,70.0,52.0,40.0,38.0,2.0,1.0,1.0,1.0,1.0,2.0,1.0,2.0,1.0,2.0,2.0,2.0,2.0,2.0,1.0,1.0,2.0,2.0,2.0,1.0,2.0,1.0,1.0,1.0,1.0,2.0,2.0,1.0,1.0,1.0,1.0,2.0,1.0,2.0,2.0,1.0,1.0,2.0,2.0,1.0
862,4,4,4,4,4,4,5,4,2,2,,30.0,,2.0,3.0,4.0,5.0,,,,,,1.0,54.0,,1.0,,,,,3.0,4.0,5.0,,,,,15.0,1.0,,4.0,,,,1.0,,5.0,1.0,1.0,1.0,1.0,1.0,1.0,1.0,1.0,1.0,1.0,,,,,,,6,3,4,3,3,5,6,5,3,2,55.0,50.0,52.0,60.0,65.0,58.0,70.0,60.0,40.0,42.0,2.0,1.0,1.0,1.0,2.0,2.0,1.0,2.0,1.0,1.0,2.0,1.0,1.0,2.0,1.0,1.0,1.0,2.0,1.0,1.0,2.0,1.0,1.0,1.0,1.0,2.0,1.0,1.0,2.0,2.0,1.0,2.0,1.0,2.0,1.0,1.0,1.0,1.0,1.0,1.0
911,4,4,4,4,4,4,5,4,2,2,70.0,,4.0,,,,,3.0,4.0,2.0,,6.0,,,2.0,,2.0,,,,,,,4.0,4.0,5.0,18.0,,1.0,,,,2.0,,1.0,4.0,,,,,,,,,,,,1.0,1.0,1.0,1.0,1.0,1.0,6,3,4,4,3,5,6,6,3,2,55.0,50.0,52.0,60.0,62.0,58.0,65.0,54.0,40.0,42.0,2.0,1.0,1.0,1.0,2.0,1.0,2.0,2.0,1.0,2.0,2.0,2.0,2.0,2.0,1.0,2.0,2.0,2.0,2.0,1.0,1.0,1.0,2.0,1.0,2.0,1.0,1.0,2.0,1.0,1.0,2.0,1.0,2.0,1.0,1.0,1.0,1.0,2.0,2.0,2.0
1898,4,4,4,4,4,4,4,4,2,2,70.0,,,3.0,,,,3.0,5.0,4.0,,6.0,1.0,30.0,,,2.0,,,,3.0,4.0,4.0,,,,,15.0,1.0,,,,2.0,1.0,,,4.0,1.0,1.0,1.0,1.0,1.0,1.0,1.0,1.0,1.0,1.0,,,,,,,6,3,4,3,3,5,6,5,3,2,55.0,50.0,52.0,60.0,62.0,58.0,65.0,54.0,40.0,42.0,1.0,2.0,1.0,1.0,2.0,1.0,2.0,1.0,2.0,2.0,1.0,2.0,1.0,1.0,1.0,2.0,1.0,2.0,2.0,2.0,2.0,1.0,1.0,2.0,1.0,1.0,2.0,1.0,1.0,1.0,2.0,2.0,1.0,1.0,1.0,2.0,2.0,1.0,1.0,2.0
1563,4,4,4,5,5,5,5,4,2,2,,30.0,,2.0,3.0,4.0,6.0,,,,,6.0,1.0,40.0,,,2.0,,,,,,,3.0,4.0,5.0,18.0,,1.0,,,,2.0,1.0,,,4.0,1.0,1.0,1.0,1.0,1.0,1.0,1.0,1.0,1.0,1.0,,,,,,,6,3,4,4,2,5,6,5,3,2,60.0,55.0,60.0,65.0,70.0,65.0,70.0,60.0,40.0,45.0,1.0,2.0,1.0,1.0,1.0,1.0,1.0,1.0,1.0,1.0,1.0,2.0,1.0,1.0,1.0,1.0,1.0,1.0,2.0,1.0,1.0,1.0,2.0,1.0,2.0,1.0,1.0,1.0,1.0,2.0,1.0,1.0,2.0,2.0,2.0,2.0,1.0,1.0,1.0,2.0
1199,5,5,5,5,5,5,5,5,1,1,,30.0,5.0,,,,,3.0,5.0,2.0,,6.0,1.0,54.0,,1.0,,,,,4.0,5.0,6.0,,,,,18.0,,2.0,5.0,,,,1.0,5.0,,,,,,,,,,,,1.0,1.0,1.0,1.0,1.0,1.0,6,3,4,4,2,5,6,6,4,2,60.0,55.0,50.0,55.0,60.0,60.0,65.0,55.0,40.0,35.0,2.0,2.0,2.0,1.0,2.0,2.0,1.0,1.0,2.0,2.0,2.0,2.0,1.0,2.0,2.0,2.0,2.0,2.0,2.0,1.0,2.0,2.0,1.0,1.0,2.0,2.0,1.0,1.0,2.0,1.0,2.0,2.0,2.0,1.0,2.0,2.0,2.0,2.0,2.0,2.0
1410,3,3,3,4,4,4,4,3,2,2,70.0,,,3.0,,,,3.0,5.0,4.0,5.0,,1.0,30.0,,,2.0,,,,,,,3.0,4.0,4.0,,15.0,1.0,,3.0,,,,1.0,,4.0,1.0,1.0,1.0,1.0,1.0,1.0,1.0,1.0,1.0,1.0,,,,,,,6,3,4,3,3,5,6,5,3,2,45.0,40.0,40.0,55.0,60.0,55.0,65.0,50.0,35.0,35.0,2.0,1.0,1.0,2.0,2.0,2.0,1.0,2.0,1.0,1.0,2.0,2.0,1.0,1.0,2.0,2.0,1.0,2.0,2.0,2.0,1.0,2.0,1.0,1.0,1.0,2.0,1.0,2.0,1.0,1.0,2.0,1.0,2.0,2.0,1.0,1.0,2.0,2.0,1.0,1.0
1785,2,3,2,2,3,2,4,2,4,2,,30.0,2.0,,3.0,4.0,6.0,,,,6.0,,,,2.0,,2.0,1.0,4.0,5.0,,,,,,,,18.0,,2.0,,6.0,,,1.0,4.0,,1.0,1.0,1.0,1.0,1.0,1.0,1.0,1.0,1.0,1.0,,,,,,,6,3,4,3,3,5,6,5,3,2,45.0,40.0,42.0,50.0,55.0,38.0,60.0,40.0,48.0,35.0,2.0,1.0,2.0,1.0,1.0,2.0,1.0,1.0,2.0,2.0,1.0,1.0,1.0,2.0,1.0,1.0,2.0,2.0,1.0,2.0,1.0,1.0,2.0,2.0,1.0,2.0,2.0,1.0,1.0,1.0,2.0,1.0,1.0,1.0,1.0,2.0,1.0,1.0,1.0,2.0
163,4,4,4,3,4,3,4,3,2,2,,30.0,3.0,,,,,3.0,5.0,4.0,,5.0,,,2.0,1.0,,2.0,4.0,5.0,,,,,,,18.0,,1.0,,4.0,,,1.0,,4.0,,1.0,1.0,1.0,1.0,1.0,1.0,1.0,1.0,1.0,1.0,,,,,,,6,3,5,4,3,5,6,5,3,2,55.0,50.0,52.0,60.0,62.0,55.0,65.0,50.0,40.0,38.0,1.0,1.0,2.0,1.0,2.0,2.0,1.0,1.0,1.0,1.0,2.0,2.0,2.0,2.0,1.0,1.0,2.0,1.0,1.0,2.0,2.0,2.0,2.0,1.0,2.0,1.0,1.0,1.0,1.0,1.0,1.0,2.0,1.0,1.0,2.0,2.0,2.0,2.0,1.0,2.0
599,4,4,4,4,4,4,4,4,2,2,,30.0,,2.0,3.0,4.0,5.0,,,,,6.0,,,2.0,,2.0,,,,,,,3.0,4.0,5.0,18.0,,,2.0,,,3.0,,1.0,4.0,,,,,,,,,,,,1.0,1.0,1.0,1.0,1.0,1.0,6,3,4,4,2,5,6,6,3,2,55.0,50.0,52.0,60.0,62.0,58.0,65.0,54.0,40.0,38.0,1.0,1.0,2.0,1.0,1.0,1.0,1.0,2.0,2.0,2.0,1.0,1.0,1.0,1.0,1.0,1.0,2.0,1.0,2.0,2.0,1.0,1.0,1.0,1.0,1.0,1.0,2.0,2.0,2.0,1.0,1.0,1.0,2.0,1.0,2.0,2.0,1.0,2.0,1.0,1.0
385,3,3,3,3,4,3,4,3,3,2,,30.0,3.0,,3.0,4.0,5.0,,,,,5.0,1.0,54.0,,1.0,,,,,3.0,3.0,4.0,,,,20.0,,,2.0,,6.0,,1.0,,,3.0,,,,,,,,,,,1.0,1.0,1.0,1.0,1.0,1.0,6,3,4,3,3,5,6,5,3,2,45.0,40.0,40.0,50.0,55.0,50.0,60.0,45.0,40.0,35.0,2.0,2.0,2.0,2.0,1.0,2.0,2.0,2.0,2.0,1.0,2.0,1.0,2.0,1.0,2.0,2.0,1.0,2.0,1.0,2.0,1.0,2.0,2.0,1.0,2.0,2.0,1.0,2.0,2.0,2.0,2.0,2.0,2.0,2.0,2.0,2.0,2.0,1.0,1.0,2.0
1868,2,2,2,2,2,2,4,2,4,2,,30.0,,2.0,,,,3.0,4.0,2.0,,6.0,,,2.0,1.0,,2.0,3.0,4.0,,,,,,,,18.0,,2.0,4.0,,,,1.0,4.0,,1.0,1.0,1.0,1.0,1.0,1.0,1.0,1.0,1.0,1.0,,,,,,,6,3,4,4,3,5,6,5,3,2,40.0,35.0,35.0,40.0,45.0,35.0,60.0,40.0,50.0,35.0,1.0,1.0,1.0,1.0,1.0,1.0,1.0,2.0,1.0,1.0,2.0,2.0,1.0,1.0,1.0,1.0,1.0,1.0,1.0,1.0,2.0,1.0,2.0,2.0,2.0,1.0,1.0,1.0,1.0,1.0,2.0,1.0,2.0,1.0,1.0,1.0,2.0,1.0,2.0,1.0
892,3,3,3,4,4,4,4,4,2,2,70.0,,4.0,,3.0,4.0,6.0,,,,5.0,,1.0,40.0,,1.0,,,,,,,,3.0,4.0,4.0,18.0,,,2.0,4.0,,,,1.0,,4.0,,,,,,,,,,,1.0,1.0,1.0,1.0,1.0,1.0,6,3,4,3,3,5,6,5,3,2,55.0,50.0,50.0,60.0,65.0,60.0,70.0,60.0,40.0,40.0,2.0,1.0,2.0,2.0,2.0,2.0,1.0,2.0,1.0,2.0,2.0,2.0,2.0,1.0,1.0,2.0,1.0,2.0,2.0,1.0,2.0,2.0,1.0,2.0,2.0,1.0,2.0,2.0,1.0,1.0,2.0,1.0,2.0,2.0,2.0,1.0,2.0,1.0,2.0,2.0
375,4,4,4,4,4,4,4,4,2,2,70.0,,3.0,,3.0,4.0,5.0,,,,,6.0,1.0,54.0,,1.0,,,,,,,,3.0,4.0,5.0,,5.0,1.0,,,5.0,,,1.0,,4.0,1.0,1.0,1.0,1.0,1.0,1.0,1.0,1.0,1.0,1.0,,,,,,,6,3,4,4,2,5,6,6,3,2,55.0,60.0,58.0,65.0,68.0,62.0,70.0,60.0,40.0,38.0,1.0,2.0,1.0,1.0,1.0,1.0,2.0,2.0,2.0,1.0,2.0,1.0,2.0,1.0,1.0,1.0,1.0,1.0,2.0,2.0,2.0,1.0,2.0,2.0,2.0,2.0,1.0,1.0,1.0,1.0,1.0,1.0,1.0,2.0,1.0,2.0,1.0,2.0,1.0,1.0
206,1,1,1,1,1,1,1,1,5,5,,30.0,2.0,,2.0,3.0,6.0,,,,5.0,,,,2.0,1.0,,1.0,2.0,2.0,,,,,,,,0.0,2.0,,3.0,,,1.0,,,2.0,,,,,,,,,,,1.0,1.0,1.0,1.0,1.0,1.0,6,2,3,2,2,5,6,6,2,2,40.0,35.0,30.0,45.0,50.0,40.0,60.0,35.0,50.0,30.0,2.0,1.0,1.0,1.0,2.0,1.0,2.0,2.0,2.0,1.0,1.0,2.0,2.0,1.0,2.0,1.0,2.0,1.0,2.0,2.0,2.0,2.0,2.0,1.0,1.0,1.0,1.0,2.0,1.0,2.0,2.0,2.0,1.0,2.0,2.0,1.0,2.0,2.0,2.0,1.0
193,2,2,2,2,2,2,4,2,4,4,70.0,,,2.0,3.0,4.0,5.0,,,,5.0,,,,2.0,1.0,,1.0,3.0,4.0,,,,,,,20.0,,,2.0,4.0,,,1.0,,,3.0,1.0,1.0,1.0,1.0,1.0,1.0,1.0,1.0,1.0,1.0,,,,,,,6,3,4,4,3,5,6,6,3,2,40.0,35.0,35.0,40.0,45.0,35.0,50.0,40.0,45.0,40.0,2.0,1.0,1.0,1.0,1.0,1.0,1.0,2.0,1.0,1.0,2.0,1.0,1.0,2.0,1.0,2.0,1.0,2.0,1.0,1.0,1.0,1.0,1.0,1.0,1.0,2.0,2.0,2.0,2.0,1.0,2.0,2.0,1.0,1.0,1.0,1.0,1.0,2.0,1.0,1.0
569,2,3,2,2,3,2,4,2,4,4,70.0,,,2.0,,,,3.0,4.0,2.0,6.0,,,,2.0,,2.0,,,,2.0,4.0,4.0,,,,18.0,,1.0,,,6.0,,1.0,,4.0,,,,,,,,,,,,1.0,1.0,1.0,1.0,1.0,1.0,6,3,4,4,3,5,6,6,3,2,45.0,40.0,42.0,50.0,55.0,40.0,60.0,38.0,48.0,44.0,1.0,1.0,2.0,2.0,1.0,2.0,1.0,1.0,1.0,2.0,1.0,2.0,2.0,1.0,2.0,1.0,2.0,1.0,1.0,1.0,2.0,1.0,1.0,1.0,2.0,1.0,1.0,2.0,1.0,2.0,2.0,1.0,1.0,2.0,2.0,1.0,2.0,1.0,2.0,2.0
1775,4,4,4,3,4,3,4,3,2,2,,30.0,3.0,,,,,3.0,5.0,2.0,6.0,,,,2.0,1.0,,,,,,,,3.0,4.0,5.0,,0.0,,2.0,,,2.0,,1.0,4.0,,1.0,1.0,1.0,1.0,1.0,1.0,1.0,1.0,1.0,1.0,,,,,,,6,3,4,4,3,5,6,6,3,2,55.0,50.0,52.0,60.0,65.0,58.0,70.0,54.0,40.0,42.0,2.0,1.0,2.0,1.0,2.0,2.0,2.0,1.0,1.0,1.0,1.0,1.0,2.0,1.0,2.0,2.0,1.0,2.0,2.0,1.0,1.0,1.0,1.0,1.0,1.0,2.0,2.0,1.0,1.0,1.0,1.0,1.0,1.0,1.0,1.0,2.0,1.0,2.0,2.0,1.0
1606,5,5,5,5,5,5,5,5,1,1,,30.0,,1.0,,,,3.0,5.0,2.0,6.0,,1.0,54.0,,1.0,,,,,4.0,5.0,6.0,,,,20.0,,,2.0,3.0,,,1.0,,5.0,,,,,,,,,,,,1.0,1.0,1.0,1.0,1.0,1.0,6,3,4,3,3,5,6,5,4,2,60.0,55.0,55.0,60.0,65.0,60.0,70.0,55.0,35.0,30.0,2.0,1.0,2.0,1.0,2.0,2.0,2.0,1.0,1.0,2.0,1.0,2.0,1.0,1.0,1.0,1.0,2.0,2.0,2.0,1.0,1.0,2.0,2.0,1.0,2.0,1.0,2.0,1.0,2.0,2.0,2.0,1.0,1.0,2.0,2.0,2.0,1.0,1.0,2.0,2.0
1593,4,4,4,5,5,5,5,5,1,2,,30.0,4.0,,,,,3.0,5.0,2.0,6.0,,,,2.0,,2.0,,,,2.0,4.0,5.0,,,,18.0,,1.0,,,6.0,,1.0,,,5.0,,,,,,,,,,,1.0,1.0,1.0,1.0,1.0,1.0,6,3,4,3,3,5,6,5,3,2,55.0,50.0,52.0,60.0,65.0,62.0,70.0,58.0,40.0,45.0,1.0,2.0,1.0,1.0,1.0,2.0,2.0,2.0,2.0,2.0,2.0,1.0,1.0,1.0,1.0,1.0,2.0,1.0,1.0,2.0,2.0,1.0,1.0,1.0,2.0,2.0,2.0,2.0,1.0,1.0,1.0,1.0,2.0,1.0,2.0,2.0,1.0,2.0,2.0,2.0
1169,4,4,4,5,5,5,5,4,2,2,,30.0,4.0,,3.0,4.0,5.0,,,,,6.0,,,2.0,1.0,,2.0,4.0,5.0,,,,,,,,15.0,1.0,,,,3.0,,1.0,,5.0,,,,,,,,,,,1.0,1.0,1.0,1.0,1.0,1.0,6,3,4,4,3,5,6,6,3,2,60.0,55.0,60.0,65.0,70.0,65.0,70.0,60.0,40.0,45.0,2.0,1.0,1.0,2.0,2.0,2.0,2.0,1.0,2.0,2.0,1.0,2.0,1.0,1.0,2.0,2.0,2.0,2.0,2.0,2.0,2.0,2.0,2.0,1.0,1.0,2.0,1.0,2.0,1.0,1.0,1.0,2.0,1.0,2.0,2.0,1.0,1.0,1.0,1.0,1.0
853,3,3,3,3,4,3,4,3,2,2,70.0,,,3.0,3.0,4.0,5.0,,,,,5.0,,,2.0,,2.0,3.0,4.0,4.0,,,,,,,18.0,,1.0,,,6.0,,1.0,,4.0,,,,,,,,,,,,1.0,1.0,1.0,1.0,1.0,1.0,6,3,4,4,3,5,6,6,3,2,50.0,45.0,50.0,55.0,60.0,55.0,65.0,50.0,40.0,40.0,2.0,1.0,2.0,2.0,2.0,2.0,2.0,2.0,2.0,2.0,2.0,2.0,2.0,1.0,1.0,1.0,2.0,2.0,1.0,2.0,1.0,2.0,1.0,2.0,1.0,2.0,2.0,2.0,1.0,2.0,1.0,1.0,2.0,1.0,2.0,2.0,1.0,1.0,2.0,2.0
920,4,4,4,5,5,5,5,4,2,2,70.0,,,2.0,3.0,4.0,6.0,,,,,,1.0,45.0,,,2.0,,,,,,,3.0,4.0,5.0,,5.0,,2.0,4.0,,,1.0,,4.0,,,,,,,,,,,,1.0,1.0,1.0,1.0,1.0,1.0,6,3,4,4,3,5,6,6,3,2,55.0,50.0,52.0,60.0,65.0,62.0,70.0,58.0,40.0,42.0,1.0,1.0,1.0,1.0,1.0,1.0,2.0,2.0,2.0,1.0,1.0,1.0,1.0,1.0,2.0,1.0,1.0,2.0,1.0,2.0,2.0,1.0,1.0,1.0,2.0,2.0,2.0,2.0,1.0,1.0,1.0,2.0,1.0,1.0,1.0,1.0,2.0,2.0,2.0,1.0
152,2,2,2,2,3,2,4,2,4,3,,30.0,,2.0,3.0,4.0,5.0,,,,5.0,,,,2.0,,2.0,,,,2.0,4.0,4.0,,,,,5.0,1.0,,3.0,,,1.0,,,4.0,,,,,,,,,,,1.0,1.0,1.0,1.0,1.0,1.0,6,3,4,4,3,5,6,6,3,2,40.0,35.0,35.0,50.0,55.0,45.0,60.0,40.0,50.0,45.0,2.0,1.0,2.0,1.0,2.0,1.0,1.0,2.0,2.0,1.0,1.0,1.0,2.0,2.0,1.0,2.0,2.0,1.0,2.0,2.0,2.0,2.0,2.0,1.0,2.0,1.0,2.0,1.0,1.0,2.0,1.0,2.0,2.0,2.0,2.0,2.0,2.0,1.0,1.0,1.0
1552,2,2,2,2,2,2,4,2,4,4,,30.0,,2.0,,,,3.0,5.0,2.0,6.0,,,,2.0,1.0,,,,,3.0,4.0,4.0,,,,18.0,,,2.0,,5.0,,,1.0,4.0,,,,,,,,,,,,1.0,1.0,1.0,1.0,1.0,1.0,6,3,4,3,3,5,6,5,3,2,45.0,40.0,40.0,40.0,45.0,40.0,60.0,40.0,55.0,55.0,2.0,1.0,2.0,1.0,2.0,2.0,2.0,1.0,2.0,1.0,2.0,2.0,2.0,1.0,1.0,1.0,2.0,2.0,2.0,2.0,2.0,1.0,1.0,1.0,2.0,2.0,2.0,2.0,2.0,2.0,2.0,2.0,1.0,1.0,2.0,2.0,2.0,1.0,1.0,2.0
1421,2,3,3,3,4,3,4,3,2,2,70.0,,,2.0,,,,3.0,4.0,2.0,6.0,,1.0,54.0,,1.0,,,,,,,,2.0,4.0,5.0,,15.0,1.0,,,5.0,,,1.0,4.0,,,,,,,,,,,,1.0,1.0,1.0,1.0,1.0,1.0,6,3,4,3,2,5,6,5,3,2,45.0,40.0,42.0,50.0,55.0,48.0,60.0,40.0,35.0,38.0,1.0,1.0,2.0,1.0,1.0,2.0,2.0,1.0,2.0,2.0,1.0,1.0,2.0,1.0,1.0,1.0,2.0,2.0,1.0,2.0,1.0,1.0,2.0,1.0,1.0,1.0,2.0,2.0,2.0,1.0,2.0,1.0,1.0,1.0,2.0,2.0,2.0,2.0,2.0,1.0
826,4,4,4,4,4,4,4,4,2,2,,30.0,,2.0,3.0,4.0,5.0,,,,,6.0,,,2.0,1.0,,,,,,,,3.0,4.0,4.0,,15.0,,2.0,,,2.0,1.0,,4.0,,,,,,,,,,,,1.0,1.0,1.0,1.0,1.0,1.0,6,3,4,4,2,5,6,5,3,2,60.0,55.0,60.0,65.0,65.0,60.0,70.0,60.0,40.0,40.0,2.0,2.0,2.0,1.0,1.0,2.0,2.0,2.0,1.0,1.0,2.0,1.0,2.0,1.0,2.0,2.0,2.0,1.0,1.0,2.0,1.0,2.0,1.0,1.0,2.0,1.0,1.0,1.0,2.0,1.0,2.0,2.0,2.0,2.0,1.0,2.0,2.0,2.0,2.0,2.0
955,2,2,2,2,2,2,4,2,4,4,70.0,,,2.0,3.0,4.0,5.0,,,,,6.0,1.0,40.0,,1.0,,,,,,,,2.0,4.0,4.0,,5.0,,2.0,,,2.0,,1.0,4.0,,1.0,1.0,1.0,1.0,1.0,1.0,1.0,1.0,1.0,1.0,,,,,,,6,3,4,4,3,5,6,6,3,2,40.0,35.0,35.0,40.0,45.0,35.0,60.0,40.0,50.0,50.0,1.0,1.0,1.0,1.0,1.0,1.0,1.0,1.0,1.0,1.0,1.0,1.0,1.0,2.0,2.0,1.0,2.0,2.0,1.0,1.0,2.0,1.0,2.0,1.0,1.0,1.0,1.0,2.0,1.0,1.0,1.0,2.0,1.0,2.0,2.0,2.0,1.0,2.0,2.0,2.0
648,4,4,4,5,5,5,5,4,2,2,70.0,,4.0,,3.0,4.0,5.0,,,,,5.0,,,2.0,1.0,,,,,3.0,4.0,5.0,,,,18.0,,,2.0,,6.0,,1.0,,4.0,,1.0,1.0,1.0,1.0,1.0,1.0,1.0,1.0,1.0,1.0,,,,,,,6,3,4,3,3,5,6,5,3,2,55.0,50.0,52.0,60.0,65.0,62.0,70.0,58.0,40.0,42.0,2.0,2.0,2.0,1.0,1.0,2.0,1.0,2.0,1.0,2.0,1.0,2.0,2.0,2.0,1.0,1.0,2.0,2.0,1.0,1.0,2.0,2.0,1.0,1.0,1.0,2.0,1.0,1.0,1.0,2.0,2.0,2.0,1.0,2.0,1.0,2.0,1.0,1.0,1.0,2.0
127,4,3,3,2,3,2,4,2,4,2,70.0,,2.0,,3.0,4.0,5.0,,,,6.0,,1.0,54.0,,,2.0,,,,3.0,4.0,4.0,,,,18.0,,1.0,,4.0,,,1.0,,4.0,,1.0,1.0,1.0,1.0,1.0,1.0,1.0,1.0,1.0,1.0,,,,,,,6,3,5,4,3,5,6,5,3,2,55.0,45.0,50.0,60.0,60.0,50.0,65.0,45.0,40.0,35.0,1.0,1.0,2.0,2.0,1.0,2.0,2.0,2.0,2.0,1.0,1.0,2.0,2.0,2.0,2.0,1.0,1.0,1.0,2.0,2.0,1.0,1.0,1.0,2.0,2.0,2.0,2.0,2.0,1.0,1.0,2.0,1.0,2.0,1.0,2.0,1.0,2.0,1.0,1.0,2.0
1248,5,5,5,5,5,5,5,5,1,2,,30.0,4.0,,,,,3.0,4.0,2.0,,6.0,,,2.0,,2.0,,,,3.0,5.0,6.0,,,,18.0,,,2.0,,7.0,,1.0,,5.0,,1.0,1.0,1.0,1.0,1.0,1.0,1.0,1.0,1.0,1.0,,,,,,,6,3,4,3,3,5,6,6,3,2,60.0,55.0,58.0,65.0,68.0,62.0,70.0,60.0,40.0,45.0,2.0,2.0,2.0,2.0,1.0,2.0,2.0,1.0,2.0,1.0,2.0,1.0,1.0,2.0,2.0,1.0,2.0,1.0,1.0,1.0,1.0,2.0,2.0,1.0,2.0,1.0,1.0,2.0,2.0,1.0,2.0,1.0,1.0,2.0,2.0,1.0,1.0,2.0,1.0,1.0
1527,5,5,5,5,5,5,5,5,1,2,70.0,,1.0,,,,,3.0,5.0,2.0,,6.0,1.0,54.0,,1.0,,,,,4.0,5.0,6.0,,,,18.0,,1.0,,,,2.0,,1.0,5.0,,1.0,1.0,1.0,1.0,1.0,1.0,1.0,1.0,1.0,1.0,,,,,,,6,3,4,4,3,5,6,6,4,2,60.0,55.0,58.0,65.0,70.0,62.0,75.0,60.0,35.0,40.0,2.0,1.0,2.0,1.0,1.0,2.0,1.0,2.0,2.0,2.0,1.0,2.0,1.0,2.0,1.0,1.0,2.0,2.0,1.0,1.0,1.0,1.0,1.0,2.0,2.0,2.0,1.0,1.0,2.0,2.0,1.0,1.0,1.0,1.0,1.0,1.0,2.0,1.0,1.0,1.0
1454,3,3,3,2,3,2,4,2,4,3,,30.0,,2.0,3.0,4.0,5.0,,,,,5.0,,,2.0,,2.0,2.0,3.0,4.0,,,,,,,,18.0,,2.0,4.0,,,,1.0,,4.0,,,,,,,,,,,1.0,1.0,1.0,1.0,1.0,1.0,6,3,4,4,3,5,6,6,3,2,45.0,40.0,42.0,50.0,55.0,38.0,60.0,40.0,35.0,37.0,1.0,2.0,2.0,1.0,1.0,1.0,1.0,2.0,2.0,2.0,1.0,2.0,2.0,2.0,2.0,1.0,2.0,1.0,2.0,1.0,2.0,2.0,2.0,2.0,1.0,2.0,2.0,1.0,2.0,2.0,2.0,2.0,2.0,2.0,1.0,2.0,2.0,2.0,1.0,1.0
2000,2,3,2,2,2,2,4,2,4,4,70.0,,,2.0,,,,3.0,4.0,2.0,5.0,,,,2.0,1.0,,2.0,4.0,5.0,,,,,,,,5.0,1.0,,,,3.0,,1.0,,4.0,,,,,,,,,,,1.0,1.0,1.0,1.0,1.0,1.0,6,3,4,4,2,5,6,6,3,2,45.0,40.0,42.0,38.0,40.0,35.0,55.0,40.0,50.0,50.0,2.0,2.0,1.0,1.0,1.0,1.0,2.0,1.0,1.0,2.0,1.0,1.0,1.0,2.0,1.0,1.0,2.0,2.0,1.0,2.0,1.0,1.0,1.0,2.0,2.0,2.0,1.0,1.0,2.0,2.0,2.0,1.0,2.0,1.0,1.0,2.0,2.0,1.0,2.0,1.0
71,4,4,4,4,4,4,4,4,2,2,70.0,,,2.0,3.0,4.0,5.0,,,,6.0,,,,2.0,1.0,,2.0,4.0,5.0,,,,,,,16.0,,,2.0,,6.0,,1.0,,,5.0,1.0,1.0,1.0,1.0,1.0,1.0,1.0,1.0,1.0,1.0,,,,,,,6,3,4,4,2,5,6,6,3,2,55.0,50.0,52.0,60.0,65.0,58.0,70.0,54.0,40.0,42.0,1.0,1.0,1.0,2.0,1.0,1.0,2.0,2.0,2.0,1.0,2.0,2.0,2.0,1.0,1.0,1.0,2.0,2.0,2.0,1.0,1.0,2.0,1.0,1.0,1.0,1.0,1.0,2.0,2.0,1.0,1.0,2.0,2.0,2.0,2.0,2.0,1.0,2.0,1.0,1.0
994,4,4,4,4,4,4,5,4,2,2,,30.0,3.0,,,,,3.0,5.0,4.0,6.0,,1.0,54.0,,1.0,,,,,,,,3.0,4.0,5.0,,16.0,,2.0,,,2.0,,1.0,4.0,,,,,,,,,,,,1.0,1.0,1.0,1.0,1.0,1.0,6,3,5,4,3,5,6,6,3,2,55.0,50.0,52.0,60.0,65.0,58.0,70.0,54.0,40.0,42.0,1.0,1.0,2.0,2.0,1.0,2.0,1.0,1.0,2.0,1.0,1.0,1.0,2.0,1.0,1.0,1.0,1.0,2.0,2.0,1.0,1.0,1.0,2.0,2.0,2.0,2.0,2.0,1.0,1.0,2.0,1.0,2.0,1.0,2.0,2.0,2.0,1.0,2.0,1.0,1.0
689,2,3,2,2,3,2,3,2,4,4,70.0,,2.0,,,,,3.0,5.0,2.0,5.0,,1.0,40.0,,,2.0,,,,3.0,4.0,5.0,,,,16.0,,,2.0,,6.0,,,1.0,,4.0,,,,,,,,,,,1.0,1.0,1.0,1.0,1.0,1.0,6,3,4,4,2,5,6,5,3,2,40.0,35.0,38.0,45.0,50.0,40.0,55.0,38.0,60.0,52.0,1.0,2.0,1.0,1.0,2.0,1.0,2.0,2.0,1.0,2.0,1.0,1.0,1.0,2.0,1.0,1.0,1.0,2.0,1.0,2.0,2.0,1.0,2.0,2.0,2.0,2.0,2.0,2.0,1.0,2.0,2.0,2.0,1.0,1.0,1.0,2.0,1.0,1.0,1.0,1.0
300,4,4,4,4,4,4,5,4,2,2,,30.0,4.0,,,,,3.0,5.0,2.0,6.0,,,,2.0,,2.0,2.0,4.0,5.0,,,,,,,18.0,,1.0,,4.0,,,1.0,,4.0,,,,,,,,,,,,1.0,1.0,1.0,1.0,1.0,1.0,6,3,4,4,3,5,6,6,3,2,55.0,50.0,52.0,60.0,65.0,58.0,70.0,54.0,40.0,42.0,1.0,1.0,1.0,2.0,1.0,2.0,2.0,1.0,2.0,1.0,1.0,2.0,2.0,1.0,2.0,2.0,1.0,2.0,1.0,1.0,1.0,1.0,1.0,1.0,2.0,1.0,1.0,2.0,1.0,2.0,1.0,2.0,2.0,1.0,1.0,2.0,1.0,1.0,1.0,1.0
273,2,2,2,2,2,2,3,1,4,4,,30.0,,2.0,,,,3.0,5.0,2.0,6.0,,1.0,54.0,,,2.0,1.0,2.0,3.0,,,,,,,20.0,,,2.0,,,2.0,1.0,,3.0,,1.0,1.0,1.0,1.0,1.0,1.0,1.0,1.0,1.0,1.0,,,,,,,6,3,4,3,2,5,6,5,3,2,45.0,40.0,40.0,50.0,55.0,45.0,60.0,35.0,50.0,40.0,2.0,2.0,2.0,1.0,2.0,1.0,2.0,1.0,2.0,1.0,1.0,2.0,1.0,2.0,1.0,2.0,2.0,1.0,2.0,1.0,2.0,1.0,2.0,1.0,2.0,1.0,2.0,1.0,2.0,1.0,2.0,1.0,2.0,1.0,2.0,1.0,2.0,1.0,1.0,1.0
1495,2,3,2,2,3,2,4,2,4,2,70.0,,,2.0,3.0,4.0,5.0,,,,6.0,,,,2.0,,2.0,,,,3.0,4.0,5.0,,,,,15.0,1.0,,,6.0,,,1.0,,4.0,,,,,,,,,,,1.0,1.0,1.0,1.0,1.0,1.0,6,3,4,3,2,5,6,5,3,2,45.0,40.0,42.0,55.0,60.0,50.0,65.0,48.0,38.0,40.0,1.0,1.0,2.0,1.0,2.0,1.0,1.0,1.0,2.0,2.0,1.0,2.0,1.0,1.0,2.0,1.0,1.0,2.0,1.0,1.0,2.0,2.0,1.0,2.0,1.0,1.0,1.0,2.0,1.0,2.0,2.0,2.0,2.0,1.0,1.0,2.0,1.0,2.0,2.0,1.0
1289,4,4,4,4,4,4,4,4,2,2,70.0,,,2.0,,,,3.0,4.0,3.0,6.0,,,,2.0,,2.0,,,,3.0,4.0,4.0,,,,18.0,,,2.0,,,3.0,1.0,,,4.0,1.0,1.0,1.0,1.0,1.0,1.0,1.0,1.0,1.0,1.0,,,,,,,6,3,4,4,3,5,6,5,3,2,55.0,50.0,52.0,60.0,65.0,58.0,70.0,60.0,40.0,38.0,1.0,2.0,2.0,2.0,2.0,2.0,2.0,1.0,2.0,2.0,2.0,2.0,1.0,2.0,2.0,2.0,2.0,2.0,2.0,2.0,2.0,2.0,2.0,2.0,2.0,1.0,2.0,2.0,2.0,1.0,2.0,1.0,2.0,2.0,1.0,1.0,1.0,1.0,1.0,2.0
1700,4,4,4,4,4,4,4,4,2,2,70.0,,3.0,,3.0,4.0,6.0,,,,,6.0,,,2.0,1.0,,2.0,4.0,5.0,,,,,,,,18.0,1.0,,4.0,,,,1.0,5.0,,1.0,1.0,1.0,1.0,1.0,1.0,1.0,1.0,1.0,1.0,,,,,,,6,3,5,4,3,5,6,5,3,2,60.0,55.0,58.0,65.0,68.0,62.0,70.0,60.0,40.0,45.0,2.0,2.0,2.0,1.0,1.0,1.0,2.0,2.0,1.0,2.0,1.0,2.0,1.0,1.0,2.0,1.0,1.0,1.0,2.0,2.0,2.0,1.0,1.0,2.0,2.0,2.0,2.0,1.0,2.0,1.0,2.0,1.0,1.0,1.0,1.0,2.0,2.0,1.0,1.0,1.0
1673,4,4,4,5,5,4,5,4,2,2,70.0,,,2.0,3.0,4.0,5.0,,,,6.0,,1.0,54.0,,1.0,,,,,,,,4.0,4.0,5.0,,15.0,,2.0,,,3.0,,1.0,,4.0,,,,,,,,,,,1.0,1.0,1.0,1.0,1.0,1.0,6,3,4,4,3,5,6,6,3,2,60.0,55.0,58.0,65.0,70.0,60.0,75.0,55.0,40.0,42.0,1.0,2.0,2.0,1.0,1.0,1.0,2.0,2.0,1.0,2.0,1.0,2.0,2.0,2.0,2.0,2.0,2.0,1.0,1.0,1.0,2.0,1.0,2.0,2.0,2.0,2.0,2.0,1.0,2.0,1.0,2.0,1.0,2.0,1.0,1.0,1.0,2.0,2.0,1.0,2.0
731,5,5,5,5,5,5,5,5,1,1,,30.0,5.0,,,,,4.0,5.0,3.0,,6.0,1.0,54.0,,,2.0,2.0,5.0,6.0,,,,,,,20.0,,,2.0,5.0,,,,1.0,,5.0,,,,,,,,,,,1.0,1.0,1.0,1.0,1.0,1.0,6,3,4,4,2,5,6,6,4,2,60.0,55.0,60.0,65.0,70.0,60.0,75.0,65.0,40.0,35.0,2.0,2.0,1.0,1.0,1.0,1.0,2.0,2.0,1.0,1.0,1.0,2.0,1.0,1.0,2.0,1.0,1.0,2.0,1.0,1.0,2.0,2.0,2.0,2.0,1.0,2.0,2.0,2.0,1.0,1.0,1.0,1.0,2.0,2.0,2.0,2.0,2.0,2.0,1.0,2.0
642,2,3,2,2,3,2,4,2,4,2,,30.0,2.0,,3.0,4.0,5.0,,,,6.0,,,,2.0,1.0,,2.0,4.0,5.0,,,,,,,18.0,,1.0,,,6.0,,,1.0,4.0,,,,,,,,,,,,1.0,1.0,1.0,1.0,1.0,1.0,6,3,4,3,3,5,6,5,3,2,45.0,40.0,42.0,50.0,55.0,38.0,60.0,35.0,30.0,32.0,1.0,1.0,1.0,1.0,1.0,2.0,2.0,1.0,1.0,2.0,2.0,2.0,1.0,2.0,2.0,1.0,2.0,2.0,1.0,2.0,2.0,1.0,1.0,2.0,2.0,1.0,1.0,1.0,1.0,1.0,1.0,2.0,2.0,1.0,2.0,2.0,2.0,1.0,2.0,1.0
1331,5,5,5,5,5,5,5,5,1,1,70.0,,,1.0,,,,3.0,5.0,2.0,,6.0,,,2.0,,2.0,,,,,,,2.0,5.0,6.0,20.0,,1.0,,,,2.0,,1.0,,5.0,,,,,,,,,,,1.0,1.0,1.0,1.0,1.0,1.0,6,3,4,3,3,5,6,5,4,2,60.0,55.0,60.0,65.0,70.0,60.0,75.0,60.0,40.0,35.0,2.0,2.0,1.0,1.0,1.0,2.0,2.0,2.0,1.0,1.0,1.0,1.0,1.0,2.0,1.0,1.0,1.0,1.0,1.0,2.0,2.0,1.0,2.0,1.0,1.0,1.0,1.0,2.0,1.0,2.0,2.0,2.0,2.0,1.0,1.0,1.0,1.0,2.0,1.0,1.0
1242,2,3,3,2,3,2,3,2,4,3,70.0,,,2.0,2.0,3.0,5.0,,,,5.0,,,,2.0,1.0,,,,,,,,3.0,4.0,4.0,,15.0,,2.0,,6.0,,1.0,,4.0,,1.0,1.0,1.0,1.0,1.0,1.0,1.0,1.0,1.0,1.0,,,,,,,6,3,4,4,3,5,6,6,3,2,45.0,40.0,40.0,40.0,45.0,35.0,50.0,40.0,35.0,40.0,1.0,2.0,1.0,2.0,2.0,1.0,1.0,1.0,2.0,2.0,1.0,1.0,1.0,1.0,2.0,2.0,2.0,2.0,1.0,2.0,2.0,2.0,1.0,1.0,2.0,2.0,2.0,2.0,1.0,2.0,2.0,2.0,1.0,1.0,2.0,1.0,2.0,2.0,2.0,1.0
516,4,4,4,5,5,5,5,4,2,2,,30.0,,2.0,,,,3.0,5.0,2.0,,6.0,1.0,54.0,,,2.0,,,,,,,3.0,4.0,5.0,8.0,,,2.0,,6.0,,,1.0,,5.0,,,,,,,,,,,1.0,1.0,1.0,1.0,1.0,1.0,6,3,4,4,3,5,6,5,3,2,55.0,50.0,52.0,60.0,65.0,62.0,70.0,58.0,40.0,42.0,1.0,2.0,2.0,2.0,2.0,1.0,2.0,2.0,1.0,2.0,2.0,2.0,2.0,1.0,2.0,2.0,2.0,1.0,2.0,2.0,1.0,2.0,1.0,1.0,2.0,2.0,1.0,2.0,1.0,1.0,2.0,1.0,1.0,2.0,2.0,2.0,1.0,2.0,2.0,1.0
465,5,4,5,5,5,5,5,5,1,2,,30.0,,2.0,,,,4.0,5.0,3.0,,6.0,1.0,38.0,,,2.0,2.0,4.0,5.0,,,,,,,16.0,,1.0,,4.0,,,,1.0,,5.0,,,,,,,,,,,1.0,1.0,1.0,1.0,1.0,1.0,6,3,4,3,3,5,6,6,3,2,62.0,55.0,60.0,68.0,70.0,65.0,72.0,60.0,38.0,40.0,2.0,2.0,2.0,1.0,1.0,1.0,1.0,2.0,1.0,2.0,1.0,2.0,2.0,1.0,2.0,1.0,2.0,2.0,2.0,1.0,1.0,2.0,2.0,2.0,2.0,2.0,2.0,1.0,1.0,1.0,2.0,2.0,2.0,1.0,2.0,1.0,1.0,1.0,2.0,1.0
279,4,4,4,4,4,4,4,4,2,2,70.0,,1.0,,3.0,4.0,6.0,,,,,6.0,1.0,54.0,,,2.0,2.0,4.0,5.0,,,,,,,20.0,,,2.0,3.0,,,1.0,,,4.0,1.0,1.0,1.0,1.0,1.0,1.0,1.0,1.0,1.0,1.0,,,,,,,6,3,4,4,3,5,6,6,3,2,60.0,55.0,60.0,65.0,70.0,60.0,75.0,60.0,40.0,45.0,2.0,1.0,2.0,2.0,2.0,2.0,1.0,1.0,2.0,1.0,1.0,1.0,2.0,1.0,2.0,2.0,2.0,1.0,2.0,2.0,2.0,1.0,2.0,1.0,2.0,1.0,1.0,2.0,1.0,2.0,2.0,1.0,2.0,2.0,2.0,1.0,2.0,1.0,1.0,1.0
683,3,3,3,3,4,3,4,3,4,3,70.0,,,2.0,3.0,4.0,5.0,,,,6.0,,,,2.0,,2.0,,,,,,,3.0,4.0,5.0,,15.0,1.0,,,,2.0,,1.0,,4.0,1.0,1.0,1.0,1.0,1.0,1.0,1.0,1.0,1.0,1.0,,,,,,,6,3,4,4,3,5,6,6,3,2,45.0,40.0,40.0,50.0,55.0,45.0,60.0,40.0,35.0,35.0,2.0,2.0,2.0,1.0,2.0,1.0,2.0,2.0,1.0,1.0,2.0,1.0,1.0,2.0,2.0,2.0,2.0,2.0,2.0,1.0,1.0,2.0,1.0,1.0,1.0,1.0,2.0,2.0,1.0,1.0,1.0,1.0,1.0,2.0,2.0,1.0,2.0,1.0,2.0,2.0
1116,3,3,3,3,4,3,4,3,2,2,70.0,,,2.0,,,,3.0,4.0,3.0,5.0,,,,2.0,1.0,,,,,3.0,4.0,4.0,,,,,15.0,1.0,,3.0,,,,1.0,,4.0,1.0,1.0,1.0,1.0,1.0,1.0,1.0,1.0,1.0,1.0,,,,,,,6,3,4,3,3,5,6,5,3,2,50.0,45.0,48.0,60.0,65.0,55.0,70.0,55.0,40.0,38.0,1.0,2.0,1.0,2.0,2.0,1.0,1.0,2.0,2.0,2.0,1.0,2.0,2.0,1.0,2.0,1.0,2.0,1.0,2.0,1.0,2.0,2.0,1.0,1.0,1.0,2.0,2.0,2.0,1.0,2.0,1.0,1.0,1.0,2.0,2.0,2.0,1.0,2.0,1.0,2.0
1065,2,2,2,2,2,2,4,2,4,2,,30.0,,2.0,,,,3.0,5.0,4.0,6.0,,,,2.0,1.0,,,,,3.0,4.0,5.0,,,,,15.0,,2.0,4.0,,,1.0,,,4.0,,,,,,,,,,,1.0,1.0,1.0,1.0,1.0,1.0,6,3,4,3,2,5,6,5,3,2,40.0,35.0,38.0,45.0,50.0,40.0,60.0,35.0,55.0,35.0,2.0,1.0,2.0,1.0,1.0,1.0,2.0,1.0,1.0,1.0,2.0,2.0,1.0,1.0,1.0,1.0,2.0,1.0,1.0,1.0,2.0,2.0,1.0,1.0,2.0,1.0,1.0,1.0,2.0,1.0,2.0,1.0,2.0,2.0,1.0,2.0,1.0,1.0,1.0,2.0
1679,2,3,3,3,4,3,4,2,4,2,70.0,,,2.0,3.0,4.0,5.0,,,,,,1.0,54.0,,1.0,,,,,3.0,4.0,5.0,,,,18.0,,1.0,,,6.0,,1.0,,,4.0,,,,,,,,,,,1.0,1.0,1.0,1.0,1.0,1.0,6,3,4,3,3,5,6,5,3,2,45.0,40.0,40.0,50.0,55.0,50.0,60.0,40.0,55.0,40.0,1.0,1.0,2.0,1.0,2.0,1.0,1.0,1.0,1.0,2.0,1.0,2.0,2.0,2.0,2.0,1.0,1.0,2.0,1.0,2.0,2.0,2.0,2.0,2.0,1.0,1.0,1.0,2.0,2.0,1.0,2.0,1.0,2.0,2.0,2.0,1.0,1.0,1.0,1.0,2.0
1283,2,2,2,2,2,2,4,2,4,4,,30.0,2.0,,,,,3.0,4.0,3.0,6.0,,,,2.0,1.0,,,,,,,,3.0,4.0,5.0,20.0,,,2.0,3.0,,,,1.0,,4.0,1.0,1.0,1.0,1.0,1.0,1.0,1.0,1.0,1.0,1.0,,,,,,,6,3,4,4,3,5,6,6,3,2,40.0,35.0,35.0,40.0,45.0,35.0,50.0,40.0,55.0,45.0,1.0,1.0,1.0,1.0,1.0,1.0,1.0,1.0,2.0,1.0,1.0,2.0,1.0,1.0,1.0,1.0,2.0,2.0,1.0,1.0,1.0,2.0,2.0,2.0,1.0,1.0,1.0,2.0,1.0,1.0,2.0,1.0,2.0,1.0,1.0,2.0,2.0,2.0,2.0,1.0
1817,4,4,4,5,5,4,5,4,2,2,70.0,,3.0,,3.0,4.0,6.0,,,,,6.0,1.0,54.0,,,2.0,,,,,,,2.0,4.0,5.0,,15.0,1.0,,5.0,,,1.0,,,4.0,1.0,1.0,1.0,1.0,1.0,1.0,1.0,1.0,1.0,1.0,,,,,,,6,3,4,3,3,5,6,5,3,2,60.0,55.0,58.0,65.0,70.0,60.0,75.0,62.0,40.0,45.0,1.0,2.0,2.0,2.0,1.0,2.0,1.0,1.0,2.0,1.0,1.0,2.0,1.0,2.0,1.0,1.0,1.0,2.0,1.0,1.0,2.0,2.0,2.0,1.0,2.0,1.0,2.0,1.0,2.0,1.0,1.0,1.0,1.0,2.0,1.0,2.0,1.0,1.0,2.0,1.0
1964,5,5,5,5,5,5,5,5,1,2,70.0,,,2.0,,,,3.0,4.0,2.0,6.0,,,,2.0,,2.0,2.0,4.0,5.0,,,,,,,18.0,,,2.0,,6.0,,1.0,,,5.0,1.0,1.0,1.0,1.0,1.0,1.0,1.0,1.0,1.0,1.0,,,,,,,6,3,4,3,3,5,6,5,3,2,60.0,55.0,58.0,65.0,70.0,62.0,75.0,60.0,40.0,45.0,2.0,1.0,2.0,2.0,2.0,2.0,2.0,2.0,1.0,1.0,1.0,2.0,1.0,2.0,2.0,2.0,2.0,1.0,1.0,1.0,2.0,2.0,2.0,1.0,1.0,2.0,2.0,1.0,1.0,1.0,2.0,2.0,1.0,1.0,2.0,1.0,2.0,2.0,1.0,2.0
785,5,5,5,5,5,5,5,5,1,2,,30.0,,1.0,2.0,4.0,6.0,,,,,,,,2.0,,2.0,,,,4.0,5.0,6.0,,,,,20.0,1.0,,,,2.0,1.0,,,6.0,1.0,1.0,1.0,1.0,1.0,1.0,1.0,1.0,1.0,1.0,,,,,,,6,3,4,3,3,5,6,6,4,2,60.0,55.0,60.0,65.0,70.0,65.0,75.0,60.0,35.0,40.0,2.0,1.0,1.0,2.0,2.0,1.0,2.0,2.0,2.0,1.0,1.0,2.0,2.0,2.0,2.0,2.0,2.0,1.0,2.0,1.0,1.0,2.0,2.0,1.0,2.0,1.0,1.0,2.0,2.0,1.0,2.0,2.0,1.0,1.0,2.0,1.0,2.0,2.0,2.0,1.0
563,5,5,5,5,5,5,5,5,1,2,,30.0,3.0,,,,,3.0,4.0,2.0,6.0,,,,2.0,,2.0,,,,3.0,5.0,6.0,,,,18.0,,,2.0,,,2.0,1.0,,,5.0,,,,,,,,,,,1.0,1.0,1.0,1.0,1.0,1.0,6,3,4,4,3,5,6,6,3,2,55.0,50.0,52.0,60.0,62.0,58.0,65.0,54.0,40.0,42.0,1.0,1.0,2.0,2.0,2.0,2.0,1.0,1.0,1.0,2.0,2.0,1.0,2.0,1.0,1.0,1.0,1.0,1.0,2.0,2.0,2.0,2.0,1.0,1.0,2.0,2.0,2.0,1.0,2.0,1.0,2.0,1.0,2.0,1.0,1.0,2.0,1.0,2.0,2.0,1.0
199,4,4,4,4,4,4,4,4,2,2,70.0,,,2.0,,,,3.0,5.0,4.0,,6.0,1.0,54.0,,,2.0,,,,3.0,4.0,5.0,,,,16.0,,,2.0,,6.0,,1.0,,,4.0,,,,,,,,,,,1.0,1.0,1.0,1.0,1.0,1.0,6,3,4,3,3,5,6,5,3,2,60.0,55.0,55.0,60.0,65.0,60.0,70.0,60.0,40.0,40.0,1.0,2.0,2.0,2.0,1.0,2.0,2.0,2.0,2.0,2.0,1.0,1.0,2.0,2.0,2.0,2.0,2.0,1.0,1.0,1.0,1.0,2.0,2.0,2.0,1.0,1.0,1.0,1.0,1.0,1.0,1.0,2.0,2.0,2.0,2.0,1.0,1.0,1.0,1.0,1.0
410,4,4,4,4,4,4,4,4,2,2,,30.0,,2.0,3.0,4.0,5.0,,,,,5.0,1.0,54.0,,1.0,,,,,3.0,4.0,5.0,,,,,15.0,,2.0,,6.0,,1.0,,4.0,,,,,,,,,,,,1.0,1.0,1.0,1.0,1.0,1.0,6,3,4,3,2,5,6,5,3,2,60.0,55.0,58.0,65.0,68.0,62.0,70.0,60.0,40.0,45.0,2.0,2.0,1.0,2.0,1.0,1.0,2.0,1.0,2.0,1.0,1.0,2.0,1.0,1.0,1.0,1.0,1.0,2.0,2.0,2.0,1.0,1.0,1.0,1.0,2.0,1.0,1.0,2.0,1.0,2.0,1.0,1.0,2.0,1.0,2.0,1.0,1.0,2.0,1.0,1.0
1385,4,4,4,4,4,4,4,4,2,2,,30.0,4.0,,,,,3.0,4.0,2.0,6.0,,,,2.0,1.0,,,,,3.0,4.0,5.0,,,,,15.0,,2.0,,,3.0,1.0,,,4.0,1.0,1.0,1.0,1.0,1.0,1.0,1.0,1.0,1.0,1.0,,,,,,,6,3,4,3,3,5,6,5,3,2,55.0,50.0,52.0,60.0,62.0,58.0,65.0,54.0,40.0,38.0,1.0,2.0,2.0,1.0,2.0,1.0,2.0,2.0,1.0,1.0,2.0,2.0,2.0,2.0,2.0,2.0,2.0,2.0,1.0,1.0,1.0,2.0,2.0,1.0,2.0,2.0,1.0,2.0,2.0,2.0,1.0,1.0,1.0,2.0,1.0,2.0,2.0,2.0,1.0,1.0
1163,2,2,2,2,2,2,2,2,4,2,70.0,,,2.0,2.0,3.0,6.0,,,,,,,,2.0,1.0,,,,,,,,1.0,3.0,3.0,0.0,,1.0,,2.0,,,,1.0,,3.0,,,,,,,,,,,1.0,1.0,1.0,1.0,1.0,1.0,6,3,4,3,2,5,6,6,2,1,40.0,38.0,35.0,40.0,42.0,38.0,45.0,35.0,50.0,38.0,2.0,2.0,2.0,2.0,2.0,2.0,2.0,2.0,2.0,2.0,2.0,2.0,2.0,2.0,2.0,2.0,2.0,2.0,2.0,2.0,2.0,2.0,2.0,2.0,2.0,2.0,2.0,2.0,2.0,2.0,2.0,2.0,2.0,2.0,2.0,2.0,2.0,2.0,2.0,2.0
1599,1,2,2,1,2,2,2,1,5,4,70.0,,2.0,,,,,3.0,5.0,2.0,5.0,,1.0,40.0,,1.0,,,,,,,,2.0,2.0,3.0,,20.0,2.0,,,9.0,,1.0,,,3.0,,,,,,,,,,,1.0,1.0,1.0,1.0,1.0,1.0,6,2,3,3,2,5,6,6,3,2,40.0,35.0,38.0,30.0,32.0,33.0,36.0,28.0,45.0,41.0,1.0,2.0,2.0,2.0,1.0,2.0,1.0,2.0,1.0,2.0,1.0,1.0,1.0,1.0,2.0,2.0,2.0,2.0,2.0,2.0,1.0,2.0,2.0,2.0,2.0,2.0,2.0,2.0,1.0,1.0,2.0,1.0,2.0,2.0,1.0,2.0,1.0,2.0,1.0,2.0
1010,4,4,4,4,4,4,4,4,2,2,70.0,,3.0,,3.0,4.0,6.0,,,,6.0,,1.0,54.0,,1.0,,,,,3.0,4.0,5.0,,,,,15.0,1.0,,,6.0,,1.0,,4.0,,,,,,,,,,,,1.0,1.0,1.0,1.0,1.0,1.0,6,3,4,4,3,5,6,6,3,2,60.0,55.0,60.0,65.0,70.0,60.0,75.0,60.0,40.0,35.0,2.0,2.0,1.0,2.0,2.0,2.0,1.0,2.0,1.0,2.0,1.0,1.0,2.0,2.0,1.0,1.0,2.0,2.0,2.0,2.0,1.0,1.0,1.0,1.0,1.0,2.0,2.0,2.0,1.0,2.0,2.0,1.0,1.0,2.0,2.0,1.0,2.0,2.0,2.0,2.0
1862,5,5,5,5,5,5,5,5,1,2,,30.0,4.0,,,,,3.0,5.0,2.0,,6.0,1.0,54.0,,1.0,,2.0,4.0,5.0,,,,,,,,18.0,,2.0,,6.0,,1.0,,5.0,,,,,,,,,,,,1.0,1.0,1.0,1.0,1.0,1.0,6,3,4,3,3,5,6,5,3,2,60.0,55.0,58.0,65.0,70.0,62.0,75.0,60.0,40.0,45.0,2.0,1.0,1.0,1.0,2.0,1.0,2.0,2.0,2.0,2.0,1.0,2.0,2.0,2.0,1.0,1.0,1.0,1.0,1.0,2.0,2.0,1.0,2.0,2.0,1.0,1.0,1.0,2.0,2.0,1.0,1.0,1.0,2.0,1.0,1.0,2.0,2.0,2.0,2.0,2.0
1911,5,5,5,5,5,5,5,5,1,2,70.0,,4.0,,,,,3.0,5.0,2.0,,6.0,,,2.0,1.0,,,,,3.0,5.0,6.0,,,,5.0,,1.0,,,6.0,,1.0,,,5.0,1.0,1.0,1.0,1.0,1.0,1.0,1.0,1.0,1.0,1.0,,,,,,,6,3,4,3,3,5,6,5,4,2,60.0,55.0,58.0,65.0,70.0,62.0,75.0,60.0,40.0,45.0,2.0,2.0,2.0,2.0,2.0,1.0,2.0,1.0,2.0,2.0,2.0,2.0,2.0,1.0,1.0,1.0,1.0,1.0,2.0,2.0,2.0,2.0,1.0,2.0,1.0,2.0,1.0,1.0,1.0,2.0,1.0,1.0,1.0,1.0,1.0,1.0,1.0,1.0,1.0,2.0
898,4,4,4,4,4,4,5,4,2,2,70.0,,3.0,,,,,3.0,5.0,2.0,,6.0,1.0,54.0,,,2.0,,,,,,,3.0,4.0,5.0,15.0,,,2.0,,6.0,,1.0,,,5.0,1.0,1.0,1.0,1.0,1.0,1.0,1.0,1.0,1.0,1.0,,,,,,,6,3,4,4,3,5,6,6,3,2,60.0,55.0,58.0,65.0,70.0,62.0,75.0,60.0,40.0,45.0,2.0,2.0,1.0,1.0,2.0,1.0,2.0,1.0,1.0,1.0,1.0,1.0,1.0,1.0,1.0,1.0,1.0,1.0,2.0,1.0,2.0,1.0,1.0,1.0,1.0,1.0,1.0,1.0,1.0,2.0,1.0,1.0,1.0,1.0,1.0,1.0,1.0,1.0,1.0,1.0
158,5,4,4,5,5,4,5,4,2,2,70.0,,3.0,,,,,3.0,4.0,3.0,,6.0,1.0,54.0,,1.0,,2.0,4.0,5.0,,,,,,,,18.0,1.0,,,6.0,,1.0,,5.0,,1.0,1.0,1.0,1.0,1.0,1.0,1.0,1.0,1.0,1.0,,,,,,,6,3,4,3,3,5,6,5,3,2,60.0,55.0,58.0,65.0,68.0,60.0,70.0,55.0,40.0,42.0,2.0,2.0,2.0,1.0,1.0,1.0,1.0,2.0,1.0,1.0,1.0,2.0,2.0,1.0,2.0,2.0,1.0,2.0,2.0,2.0,1.0,1.0,2.0,2.0,2.0,2.0,1.0,1.0,1.0,2.0,1.0,2.0,1.0,1.0,2.0,2.0,1.0,1.0,1.0,2.0
744,2,2,2,2,3,2,3,2,4,4,70.0,,3.0,,,,,2.0,4.0,3.0,5.0,,1.0,54.0,,,2.0,,,,3.0,4.0,4.0,,,,18.0,,1.0,,,6.0,,,1.0,4.0,,1.0,1.0,1.0,1.0,1.0,1.0,1.0,1.0,1.0,1.0,,,,,,,6,3,4,4,3,5,6,6,3,2,45.0,40.0,40.0,50.0,55.0,45.0,60.0,40.0,50.0,50.0,1.0,1.0,1.0,1.0,1.0,1.0,2.0,1.0,2.0,1.0,1.0,1.0,1.0,1.0,2.0,2.0,2.0,2.0,2.0,2.0,1.0,1.0,2.0,1.0,1.0,1.0,2.0,2.0,1.0,1.0,2.0,2.0,2.0,2.0,1.0,2.0,1.0,2.0,2.0,2.0
637,4,4,4,4,4,4,5,4,2,2,,30.0,,1.0,,,,3.0,5.0,2.0,6.0,,1.0,54.0,,1.0,,,,,,,,3.0,4.0,5.0,,15.0,1.0,,,,2.0,,1.0,,5.0,,,,,,,,,,,1.0,1.0,1.0,1.0,1.0,1.0,6,3,4,3,3,5,6,5,3,2,55.0,50.0,52.0,60.0,65.0,58.0,70.0,60.0,40.0,38.0,1.0,1.0,1.0,1.0,1.0,2.0,1.0,1.0,1.0,1.0,1.0,1.0,1.0,1.0,1.0,1.0,1.0,2.0,2.0,2.0,1.0,1.0,1.0,1.0,2.0,1.0,2.0,1.0,1.0,1.0,2.0,1.0,1.0,1.0,1.0,2.0,1.0,1.0,1.0,1.0
1558,2,2,2,2,3,2,3,2,4,4,70.0,,,2.0,3.0,4.0,5.0,,,,,,1.0,54.0,,1.0,,,,,,,,4.0,4.0,5.0,,5.0,,2.0,,,3.0,1.0,,3.0,,1.0,1.0,1.0,1.0,1.0,1.0,1.0,1.0,1.0,1.0,,,,,,,6,3,4,3,3,5,6,5,3,2,45.0,40.0,40.0,50.0,55.0,45.0,60.0,40.0,50.0,45.0,1.0,1.0,1.0,1.0,1.0,1.0,1.0,1.0,1.0,1.0,1.0,2.0,2.0,2.0,2.0,1.0,1.0,1.0,1.0,1.0,1.0,1.0,1.0,1.0,2.0,2.0,2.0,1.0,2.0,2.0,2.0,1.0,1.0,1.0,1.0,1.0,1.0,2.0,1.0,2.0
1344,2,2,2,2,2,2,4,2,4,2,,30.0,2.0,,3.0,4.0,5.0,,,,,5.0,,,2.0,1.0,,,,,3.0,4.0,5.0,,,,,18.0,1.0,,5.0,,,1.0,,4.0,,1.0,1.0,1.0,1.0,1.0,1.0,1.0,1.0,1.0,1.0,,,,,,,6,3,4,4,3,5,6,6,3,2,45.0,40.0,40.0,45.0,50.0,45.0,60.0,40.0,55.0,40.0,2.0,2.0,2.0,2.0,2.0,1.0,1.0,2.0,1.0,2.0,1.0,1.0,2.0,1.0,2.0,2.0,1.0,2.0,1.0,1.0,2.0,1.0,2.0,2.0,1.0,1.0,2.0,2.0,1.0,1.0,2.0,2.0,1.0,2.0,2.0,2.0,1.0,1.0,2.0,2.0
1237,3,3,3,3,3,3,3,3,3,3,,30.0,,3.0,,,,3.0,4.0,3.0,,5.0,,,2.0,1.0,,,,,3.0,3.0,4.0,,,,20.0,,1.0,,3.0,,,1.0,,,3.0,1.0,1.0,1.0,1.0,1.0,1.0,1.0,1.0,1.0,1.0,,,,,,,5,3,3,3,3,5,5,5,3,2,50.0,50.0,50.0,50.0,50.0,50.0,50.0,50.0,50.0,50.0,1.0,1.0,2.0,2.0,2.0,2.0,2.0,2.0,2.0,1.0,1.0,1.0,2.0,2.0,2.0,2.0,2.0,2.0,2.0,1.0,2.0,1.0,1.0,2.0,1.0,1.0,2.0,2.0,2.0,2.0,2.0,2.0,1.0,2.0,2.0,1.0,2.0,2.0,1.0,2.0
859,2,3,3,2,3,2,4,2,4,3,70.0,,,2.0,3.0,4.0,5.0,,,,,5.0,1.0,40.0,,1.0,,,,,3.0,4.0,5.0,,,,18.0,,1.0,,3.0,,,1.0,,,4.0,1.0,1.0,1.0,1.0,1.0,1.0,1.0,1.0,1.0,1.0,,,,,,,6,3,4,3,3,5,6,5,3,2,45.0,40.0,38.0,50.0,55.0,42.0,60.0,35.0,48.0,41.0,1.0,2.0,2.0,1.0,2.0,1.0,1.0,1.0,2.0,1.0,2.0,1.0,2.0,1.0,1.0,1.0,2.0,2.0,1.0,1.0,2.0,1.0,1.0,2.0,2.0,1.0,1.0,1.0,1.0,2.0,2.0,1.0,2.0,2.0,1.0,1.0,1.0,1.0,2.0,1.0
682,5,5,5,5,5,5,5,5,1,2,,30.0,5.0,,,,,4.0,5.0,3.0,6.0,,1.0,54.0,,,2.0,,,,,,,3.0,5.0,6.0,,18.0,,2.0,,,2.0,,1.0,,5.0,,,,,,,,,,,1.0,1.0,1.0,1.0,1.0,1.0,6,3,4,3,3,5,6,6,3,2,55.0,50.0,52.0,60.0,65.0,58.0,70.0,62.0,40.0,38.0,1.0,2.0,1.0,2.0,2.0,1.0,2.0,1.0,1.0,2.0,1.0,2.0,1.0,2.0,1.0,2.0,2.0,1.0,2.0,1.0,2.0,1.0,2.0,1.0,2.0,1.0,1.0,2.0,1.0,2.0,1.0,2.0,2.0,1.0,2.0,1.0,1.0,2.0,2.0,2.0
278,4,4,4,4,4,4,4,4,2,2,70.0,,,2.0,3.0,4.0,5.0,,,,,,1.0,54.0,,1.0,,,,,3.0,4.0,5.0,,,,,10.0,1.0,,,,2.0,,1.0,,4.0,,,,,,,,,,,1.0,1.0,1.0,1.0,1.0,1.0,6,3,4,4,2,5,6,6,3,2,55.0,50.0,52.0,60.0,62.0,58.0,65.0,54.0,40.0,42.0,2.0,2.0,1.0,1.0,1.0,2.0,1.0,1.0,2.0,1.0,2.0,2.0,1.0,1.0,1.0,1.0,2.0,1.0,2.0,2.0,1.0,1.0,1.0,2.0,2.0,2.0,2.0,2.0,1.0,1.0,2.0,1.0,1.0,1.0,2.0,2.0,1.0,2.0,1.0,1.0
464,4,4,4,5,5,5,5,4,1,2,70.0,,,1.0,3.0,4.0,6.0,,,,,6.0,1.0,54.0,,,2.0,,,,,,,3.0,4.0,5.0,,15.0,1.0,,,4.0,,,1.0,4.0,,,,,,,,,,,,1.0,1.0,1.0,1.0,1.0,1.0,6,3,4,3,3,5,6,6,3,2,60.0,55.0,58.0,65.0,70.0,68.0,75.0,60.0,35.0,40.0,2.0,2.0,2.0,2.0,2.0,2.0,2.0,1.0,2.0,2.0,2.0,2.0,1.0,2.0,1.0,1.0,2.0,2.0,2.0,1.0,1.0,1.0,1.0,1.0,1.0,2.0,1.0,2.0,2.0,2.0,1.0,1.0,2.0,2.0,2.0,2.0,1.0,2.0,1.0,1.0
517,5,5,5,5,5,5,5,5,1,2,70.0,,,1.0,,,,3.0,5.0,2.0,,6.0,1.0,40.0,,,2.0,,,,,,,3.0,5.0,6.0,15.0,,1.0,,,5.0,,,1.0,5.0,,,,,,,,,,,,1.0,1.0,1.0,1.0,1.0,1.0,6,3,4,3,2,5,6,6,4,2,60.0,55.0,60.0,65.0,70.0,60.0,70.0,60.0,40.0,45.0,1.0,1.0,1.0,1.0,2.0,1.0,2.0,1.0,2.0,2.0,1.0,2.0,2.0,2.0,1.0,1.0,1.0,1.0,1.0,2.0,2.0,2.0,2.0,1.0,1.0,2.0,1.0,2.0,2.0,1.0,1.0,1.0,2.0,1.0,2.0,2.0,2.0,2.0,1.0,2.0
1282,2,3,2,2,3,2,4,2,4,2,,30.0,,2.0,2.0,3.0,5.0,,,,,5.0,1.0,54.0,,,2.0,1.0,4.0,5.0,,,,,,,5.0,,1.0,,4.0,,,1.0,,,4.0,1.0,1.0,1.0,1.0,1.0,1.0,1.0,1.0,1.0,1.0,,,,,,,6,3,4,4,2,5,6,6,3,2,45.0,40.0,42.0,50.0,55.0,48.0,60.0,40.0,50.0,38.0,1.0,2.0,2.0,1.0,1.0,2.0,1.0,1.0,2.0,1.0,1.0,1.0,2.0,1.0,1.0,2.0,2.0,2.0,1.0,2.0,2.0,1.0,2.0,1.0,2.0,2.0,2.0,1.0,1.0,1.0,2.0,1.0,2.0,2.0,1.0,2.0,1.0,1.0,1.0,2.0
1678,4,4,4,5,5,5,5,5,1,2,,30.0,4.0,,,,,3.0,5.0,2.0,,6.0,1.0,54.0,,,2.0,,,,,,,3.0,4.0,5.0,18.0,,,2.0,,6.0,,1.0,,,5.0,,,,,,,,,,,1.0,1.0,1.0,1.0,1.0,1.0,6,3,4,4,3,5,6,6,3,2,55.0,50.0,52.0,60.0,65.0,62.0,70.0,60.0,35.0,40.0,2.0,2.0,2.0,2.0,2.0,2.0,1.0,2.0,1.0,1.0,2.0,2.0,2.0,1.0,1.0,2.0,2.0,2.0,1.0,1.0,1.0,2.0,2.0,1.0,2.0,1.0,2.0,1.0,2.0,2.0,2.0,1.0,2.0,2.0,2.0,1.0,2.0,1.0,1.0,2.0
1064,5,5,5,5,5,5,5,5,1,2,,30.0,4.0,,,,,3.0,5.0,2.0,6.0,,,,2.0,1.0,,,,,4.0,5.0,6.0,,,,16.0,,1.0,,,5.0,,,1.0,,5.0,,,,,,,,,,,1.0,1.0,1.0,1.0,1.0,1.0,6,3,4,4,2,5,6,6,4,2,55.0,50.0,52.0,60.0,62.0,58.0,65.0,54.0,40.0,45.0,1.0,2.0,2.0,1.0,2.0,1.0,1.0,2.0,2.0,1.0,2.0,1.0,2.0,1.0,2.0,1.0,2.0,1.0,1.0,2.0,2.0,2.0,2.0,1.0,2.0,2.0,2.0,2.0,2.0,2.0,1.0,2.0,2.0,1.0,1.0,1.0,2.0,2.0,2.0,1.0
1117,5,5,5,5,5,5,5,5,1,2,70.0,,,1.0,,,,3.0,5.0,2.0,6.0,,1.0,54.0,,,2.0,,,,,,,4.0,5.0,6.0,5.0,,1.0,,,,2.0,1.0,,5.0,,,,,,,,,,,,1.0,1.0,1.0,1.0,1.0,1.0,6,3,4,3,3,5,6,6,4,2,60.0,55.0,60.0,65.0,65.0,60.0,70.0,60.0,40.0,45.0,2.0,2.0,2.0,2.0,2.0,1.0,2.0,2.0,2.0,2.0,1.0,1.0,2.0,1.0,2.0,1.0,2.0,2.0,2.0,2.0,2.0,1.0,2.0,1.0,1.0,2.0,1.0,1.0,1.0,2.0,2.0,2.0,2.0,1.0,2.0,1.0,1.0,1.0,2.0,2.0
1965,1,2,2,1,2,2,2,1,4,4,,30.0,,1.0,2.0,3.0,4.0,,,,6.0,,,,2.0,1.0,,,,,2.0,3.0,3.0,,,,,20.0,2.0,,,,2.0,,1.0,3.0,,1.0,1.0,1.0,1.0,1.0,1.0,1.0,1.0,1.0,1.0,,,,,,,6,3,4,3,3,5,6,5,1,2,40.0,35.0,35.0,30.0,35.0,35.0,35.0,30.0,45.0,45.0,2.0,2.0,2.0,2.0,1.0,1.0,1.0,2.0,1.0,2.0,2.0,2.0,1.0,2.0,2.0,2.0,2.0,1.0,1.0,2.0,2.0,2.0,2.0,1.0,2.0,2.0,1.0,2.0,1.0,2.0,2.0,2.0,1.0,1.0,1.0,2.0,2.0,2.0,1.0,1.0
1816,4,4,4,4,4,4,4,4,2,2,,30.0,3.0,,,,,3.0,5.0,4.0,6.0,,,,2.0,1.0,,,,,,,,3.0,4.0,5.0,,18.0,1.0,,4.0,,,1.0,,4.0,,1.0,1.0,1.0,1.0,1.0,1.0,1.0,1.0,1.0,1.0,,,,,,,6,3,4,4,3,5,6,6,3,2,55.0,60.0,60.0,65.0,70.0,60.0,70.0,60.0,40.0,40.0,2.0,1.0,1.0,2.0,1.0,2.0,1.0,2.0,2.0,2.0,2.0,1.0,1.0,1.0,2.0,1.0,1.0,2.0,2.0,2.0,2.0,1.0,1.0,2.0,1.0,2.0,1.0,1.0,2.0,1.0,1.0,2.0,2.0,2.0,1.0,1.0,2.0,1.0,2.0,1.0
643,5,5,5,5,5,5,5,5,1,1,70.0,,,1.0,3.0,4.0,6.0,,,,6.0,,,,2.0,,2.0,2.0,4.0,5.0,,,,,,,,18.0,1.0,,5.0,,,,1.0,5.0,,1.0,1.0,1.0,1.0,1.0,1.0,1.0,1.0,1.0,1.0,,,,,,,6,3,4,3,3,5,6,5,4,2,60.0,55.0,55.0,65.0,70.0,60.0,75.0,60.0,40.0,35.0,1.0,1.0,2.0,1.0,1.0,1.0,1.0,2.0,2.0,1.0,1.0,2.0,2.0,2.0,1.0,1.0,1.0,1.0,1.0,1.0,2.0,2.0,2.0,2.0,2.0,2.0,2.0,1.0,2.0,2.0,2.0,2.0,2.0,2.0,2.0,1.0,2.0,2.0,2.0,2.0
730,4,4,4,4,4,4,5,4,2,2,,30.0,,2.0,3.0,4.0,5.0,,,,6.0,,,,2.0,1.0,,,,,,,,3.0,4.0,5.0,15.0,,1.0,,4.0,,,,1.0,4.0,,1.0,1.0,1.0,1.0,1.0,1.0,1.0,1.0,1.0,1.0,,,,,,,6,3,4,4,2,5,6,5,3,2,55.0,50.0,52.0,60.0,65.0,58.0,70.0,54.0,40.0,42.0,1.0,1.0,1.0,2.0,1.0,1.0,2.0,2.0,2.0,1.0,1.0,1.0,2.0,1.0,1.0,1.0,2.0,1.0,2.0,2.0,1.0,1.0,1.0,2.0,1.0,1.0,2.0,1.0,1.0,1.0,2.0,2.0,1.0,2.0,2.0,2.0,2.0,2.0,1.0,2.0
1243,5,4,5,5,5,5,5,5,1,2,70.0,,,1.0,3.0,4.0,5.0,,,,6.0,,,,2.0,1.0,,,,,,,,2.0,5.0,6.0,,,,2.0,,10.0,,,1.0,,6.0,1.0,1.0,1.0,1.0,1.0,1.0,1.0,1.0,1.0,1.0,,,,,,,6,3,4,3,3,5,6,5,3,2,55.0,50.0,60.0,65.0,70.0,60.0,75.0,60.0,40.0,35.0,2.0,2.0,2.0,2.0,1.0,1.0,1.0,2.0,2.0,1.0,2.0,1.0,2.0,2.0,2.0,2.0,2.0,2.0,1.0,1.0,1.0,2.0,1.0,2.0,2.0,1.0,2.0,2.0,2.0,1.0,2.0,1.0,2.0,1.0,2.0,2.0,2.0,2.0,2.0,2.0
1330,4,4,4,4,4,4,4,4,2,2,,30.0,,2.0,,,,3.0,4.0,3.0,6.0,,1.0,30.0,,1.0,,2.0,4.0,4.0,,,,,,,18.0,,1.0,,,,2.0,,1.0,4.0,,1.0,1.0,1.0,1.0,1.0,1.0,1.0,1.0,1.0,1.0,,,,,,,6,3,4,4,3,5,6,5,3,2,55.0,50.0,52.0,60.0,65.0,58.0,70.0,60.0,40.0,35.0,1.0,2.0,2.0,2.0,2.0,1.0,1.0,1.0,2.0,2.0,1.0,1.0,2.0,1.0,2.0,1.0,1.0,2.0,1.0,2.0,2.0,2.0,1.0,2.0,1.0,2.0,2.0,1.0,1.0,1.0,1.0,2.0,2.0,1.0,2.0,1.0,1.0,2.0,1.0,2.0
636,3,3,3,4,4,4,4,4,2,2,70.0,,3.0,,,,,3.0,5.0,4.0,,5.0,,,2.0,1.0,,,,,3.0,4.0,4.0,,,,15.0,,1.0,,,,2.0,1.0,,,4.0,,,,,,,,,,,1.0,1.0,1.0,1.0,1.0,1.0,6,3,4,4,3,5,6,6,3,2,50.0,45.0,45.0,60.0,60.0,55.0,65.0,55.0,40.0,40.0,2.0,2.0,2.0,2.0,1.0,2.0,1.0,2.0,1.0,2.0,2.0,2.0,2.0,1.0,2.0,2.0,1.0,1.0,1.0,1.0,2.0,2.0,2.0,2.0,1.0,2.0,2.0,2.0,2.0,2.0,2.0,2.0,2.0,1.0,2.0,1.0,1.0,2.0,1.0,1.0
745,2,3,2,2,3,2,4,2,4,4,,30.0,2.0,,,,,3.0,5.0,2.0,,6.0,,,2.0,1.0,,2.0,4.0,5.0,,,,,,,18.0,,,2.0,5.0,,,1.0,,4.0,,1.0,1.0,1.0,1.0,1.0,1.0,1.0,1.0,1.0,1.0,,,,,,,6,3,4,4,2,5,6,6,3,2,45.0,40.0,40.0,50.0,55.0,40.0,60.0,45.0,55.0,55.0,2.0,2.0,1.0,1.0,1.0,1.0,1.0,2.0,1.0,1.0,1.0,2.0,1.0,1.0,2.0,1.0,2.0,2.0,1.0,1.0,2.0,1.0,1.0,2.0,1.0,2.0,1.0,1.0,2.0,1.0,1.0,2.0,2.0,1.0,1.0,1.0,1.0,1.0,2.0,2.0
159,2,3,2,2,3,2,4,2,4,2,,30.0,2.0,,,,,3.0,4.0,3.0,,5.0,,,2.0,,2.0,2.0,4.0,5.0,,,,,,,20.0,,,2.0,,,2.0,,1.0,,4.0,1.0,1.0,1.0,1.0,1.0,1.0,1.0,1.0,1.0,1.0,,,,,,,6,3,4,3,3,5,6,5,3,2,40.0,35.0,38.0,45.0,50.0,35.0,60.0,40.0,55.0,40.0,2.0,2.0,1.0,2.0,2.0,2.0,1.0,1.0,2.0,1.0,2.0,1.0,2.0,2.0,2.0,1.0,2.0,1.0,1.0,2.0,2.0,2.0,1.0,2.0,1.0,2.0,2.0,1.0,2.0,1.0,1.0,2.0,2.0,1.0,2.0,1.0,1.0,2.0,2.0,2.0
1236,4,4,4,4,4,4,4,4,2,2,70.0,,3.0,,,,,3.0,5.0,2.0,,6.0,,,2.0,,2.0,2.0,4.0,5.0,,,,,,,18.0,,1.0,,,,3.0,1.0,,4.0,,1.0,1.0,1.0,1.0,1.0,1.0,1.0,1.0,1.0,1.0,,,,,,,6,3,4,3,3,5,6,5,3,2,55.0,50.0,52.0,60.0,65.0,58.0,70.0,60.0,40.0,38.0,1.0,1.0,2.0,2.0,2.0,2.0,2.0,1.0,1.0,2.0,1.0,2.0,2.0,2.0,2.0,2.0,1.0,1.0,2.0,2.0,2.0,2.0,1.0,1.0,2.0,1.0,1.0,1.0,2.0,2.0,2.0,2.0,1.0,1.0,1.0,1.0,1.0,2.0,2.0,1.0
1345,5,5,5,5,5,5,5,5,1,2,,30.0,,1.0,,,,3.0,4.0,2.0,6.0,,,,2.0,1.0,,2.0,4.0,4.0,,,,,,,18.0,,,2.0,4.0,,,1.0,,5.0,,,,,,,,,,,,1.0,1.0,1.0,1.0,1.0,1.0,6,3,4,3,3,5,6,6,3,2,55.0,50.0,52.0,60.0,65.0,58.0,70.0,60.0,40.0,45.0,1.0,2.0,2.0,1.0,1.0,1.0,2.0,2.0,2.0,2.0,1.0,1.0,2.0,2.0,1.0,2.0,2.0,1.0,1.0,2.0,2.0,2.0,2.0,2.0,2.0,1.0,1.0,1.0,1.0,1.0,1.0,1.0,2.0,2.0,2.0,1.0,1.0,2.0,1.0,1.0
1559,2,2,2,2,2,2,4,2,4,4,70.0,,,2.0,3.0,4.0,5.0,,,,,6.0,,,2.0,,2.0,,,,3.0,4.0,4.0,,,,18.0,,,2.0,3.0,,,,1.0,3.0,,,,,,,,,,,,1.0,1.0,1.0,1.0,1.0,1.0,6,3,4,3,3,5,6,6,3,2,45.0,40.0,40.0,35.0,40.0,35.0,60.0,40.0,50.0,50.0,2.0,1.0,2.0,2.0,1.0,1.0,1.0,2.0,1.0,1.0,2.0,2.0,1.0,1.0,2.0,1.0,1.0,1.0,2.0,2.0,2.0,1.0,1.0,2.0,1.0,2.0,2.0,2.0,1.0,1.0,1.0,2.0,1.0,1.0,2.0,1.0,2.0,2.0,2.0,1.0
858,5,5,5,5,5,5,5,5,1,1,,30.0,5.0,,,,,3.0,5.0,2.0,6.0,,1.0,54.0,,1.0,,2.0,5.0,6.0,,,,,,,,20.0,1.0,,,5.0,,1.0,,5.0,,1.0,1.0,1.0,1.0,1.0,1.0,1.0,1.0,1.0,1.0,,,,,,,6,3,4,3,3,5,6,5,4,2,60.0,55.0,60.0,65.0,70.0,60.0,70.0,60.0,30.0,35.0,1.0,2.0,2.0,2.0,1.0,2.0,1.0,1.0,1.0,2.0,2.0,1.0,2.0,1.0,1.0,2.0,2.0,2.0,1.0,1.0,2.0,2.0,2.0,2.0,1.0,2.0,1.0,2.0,1.0,2.0,1.0,2.0,2.0,2.0,2.0,2.0,2.0,1.0,2.0,2.0
411,2,3,2,2,2,2,3,2,4,3,,30.0,2.0,,3.0,4.0,5.0,,,,6.0,,1.0,54.0,,1.0,,2.0,4.0,5.0,,,,,,,18.0,,1.0,,,6.0,,1.0,,,4.0,,,,,,,,,,,1.0,1.0,1.0,1.0,1.0,1.0,6,3,4,4,3,5,6,6,3,2,45.0,40.0,42.0,38.0,40.0,35.0,50.0,37.0,55.0,41.0,1.0,2.0,1.0,1.0,2.0,2.0,2.0,1.0,2.0,1.0,2.0,2.0,2.0,1.0,2.0,2.0,1.0,1.0,2.0,2.0,2.0,2.0,1.0,2.0,1.0,2.0,1.0,1.0,1.0,1.0,1.0,2.0,1.0,1.0,2.0,1.0,2.0,1.0,1.0,2.0
198,5,5,5,5,5,5,5,5,1,2,70.0,,5.0,,,,,3.0,5.0,2.0,6.0,,,,2.0,1.0,,,,,,,,4.0,5.0,6.0,18.0,,1.0,,,,3.0,,1.0,5.0,,1.0,1.0,1.0,1.0,1.0,1.0,1.0,1.0,1.0,1.0,,,,,,,6,3,4,3,3,5,6,6,4,2,60.0,55.0,58.0,65.0,70.0,62.0,75.0,60.0,40.0,45.0,2.0,2.0,1.0,1.0,1.0,2.0,1.0,1.0,1.0,2.0,1.0,2.0,1.0,2.0,1.0,2.0,2.0,1.0,2.0,1.0,2.0,1.0,2.0,1.0,1.0,1.0,1.0,2.0,1.0,1.0,1.0,1.0,2.0,1.0,2.0,2.0,1.0,2.0,2.0,1.0
562,5,5,5,5,5,5,5,5,1,2,,30.0,1.0,,3.0,4.0,6.0,,,,,6.0,,,2.0,,2.0,1.0,5.0,6.0,,,,,,,20.0,,1.0,,,,2.0,1.0,,5.0,,,,,,,,,,,,1.0,1.0,1.0,1.0,1.0,1.0,6,3,4,3,2,5,6,6,4,2,60.0,55.0,58.0,65.0,70.0,62.0,75.0,60.0,40.0,45.0,2.0,2.0,2.0,2.0,1.0,1.0,1.0,1.0,1.0,1.0,1.0,2.0,1.0,1.0,1.0,1.0,2.0,1.0,2.0,1.0,1.0,1.0,1.0,1.0,1.0,1.0,2.0,1.0,1.0,1.0,2.0,1.0,1.0,2.0,1.0,1.0,2.0,1.0,1.0,1.0
784,4,4,4,4,4,4,4,4,2,2,70.0,,,2.0,3.0,4.0,6.0,,,,,5.0,,,2.0,1.0,,2.0,4.0,4.0,,,,,,,16.0,,1.0,,,,3.0,,1.0,4.0,,,,,,,,,,,,1.0,1.0,1.0,1.0,1.0,1.0,6,3,4,3,2,5,6,5,3,2,55.0,50.0,52.0,60.0,62.0,58.0,65.0,54.0,40.0,42.0,1.0,1.0,2.0,2.0,2.0,1.0,1.0,1.0,2.0,2.0,1.0,1.0,2.0,2.0,2.0,2.0,1.0,1.0,2.0,2.0,1.0,1.0,1.0,2.0,1.0,1.0,2.0,2.0,1.0,2.0,2.0,1.0,1.0,1.0,2.0,1.0,1.0,1.0,2.0,2.0
1011,4,4,4,4,4,4,5,4,2,2,,30.0,,2.0,3.0,4.0,5.0,,,,,6.0,1.0,54.0,,1.0,,,,,4.0,5.0,6.0,,,,,15.0,1.0,,5.0,,,1.0,,5.0,,1.0,1.0,1.0,1.0,1.0,1.0,1.0,1.0,1.0,1.0,,,,,,,6,3,4,3,3,5,6,5,4,2,60.0,55.0,58.0,65.0,70.0,62.0,75.0,60.0,40.0,45.0,1.0,1.0,2.0,2.0,1.0,1.0,2.0,1.0,1.0,2.0,1.0,1.0,1.0,2.0,2.0,1.0,2.0,1.0,1.0,1.0,2.0,1.0,2.0,2.0,1.0,1.0,1.0,1.0,2.0,1.0,1.0,2.0,1.0,1.0,1.0,2.0,2.0,1.0,2.0,2.0
1598,3,3,3,4,4,4,4,3,2,2,,30.0,4.0,,3.0,4.0,6.0,,,,,5.0,,,2.0,,2.0,2.0,4.0,4.0,,,,,,,20.0,,1.0,,3.0,,,1.0,,4.0,,1.0,1.0,1.0,1.0,1.0,1.0,1.0,1.0,1.0,1.0,,,,,,,6,3,4,3,3,5,6,6,3,2,45.0,40.0,40.0,55.0,60.0,55.0,60.0,45.0,35.0,35.0,2.0,2.0,2.0,1.0,1.0,2.0,1.0,2.0,1.0,2.0,2.0,2.0,2.0,2.0,2.0,2.0,2.0,2.0,2.0,1.0,2.0,2.0,2.0,2.0,2.0,2.0,2.0,2.0,2.0,2.0,1.0,2.0,2.0,2.0,1.0,2.0,2.0,2.0,2.0,2.0
1162,3,3,3,2,3,2,4,2,4,3,70.0,,3.0,,,,,3.0,4.0,2.0,5.0,,,,2.0,1.0,,2.0,3.0,4.0,,,,,,,,20.0,,2.0,4.0,,,,1.0,,4.0,1.0,1.0,1.0,1.0,1.0,1.0,1.0,1.0,1.0,1.0,,,,,,,6,3,4,4,3,5,6,6,3,2,45.0,40.0,40.0,35.0,45.0,35.0,55.0,35.0,55.0,40.0,2.0,2.0,2.0,1.0,1.0,2.0,1.0,1.0,1.0,2.0,2.0,1.0,1.0,2.0,1.0,2.0,2.0,2.0,1.0,1.0,2.0,1.0,1.0,1.0,2.0,1.0,1.0,2.0,1.0,2.0,1.0,2.0,1.0,1.0,2.0,1.0,1.0,2.0,2.0,1.0
1384,2,3,2,2,2,2,4,2,4,2,70.0,,,2.0,,,,3.0,5.0,2.0,,6.0,,,2.0,,2.0,2.0,4.0,5.0,,,,,,,18.0,,1.0,,,,3.0,1.0,,,4.0,1.0,1.0,1.0,1.0,1.0,1.0,1.0,1.0,1.0,1.0,,,,,,,6,3,4,3,3,5,6,5,3,2,45.0,40.0,40.0,35.0,40.0,35.0,60.0,40.0,50.0,40.0,1.0,2.0,1.0,1.0,1.0,2.0,2.0,1.0,1.0,1.0,2.0,1.0,1.0,1.0,2.0,1.0,2.0,2.0,1.0,1.0,1.0,2.0,1.0,2.0,1.0,2.0,1.0,2.0,1.0,1.0,2.0,2.0,1.0,1.0,2.0,1.0,2.0,1.0,1.0,2.0
1910,2,3,2,2,3,2,4,2,4,3,,30.0,,2.0,,,,3.0,4.0,3.0,,6.0,1.0,54.0,,1.0,,2.0,4.0,5.0,,,,,,,,16.0,,2.0,5.0,,,,1.0,4.0,,1.0,1.0,1.0,1.0,1.0,1.0,1.0,1.0,1.0,1.0,,,,,,,6,3,4,4,3,5,6,6,3,2,45.0,40.0,42.0,48.0,55.0,40.0,60.0,38.0,35.0,37.0,2.0,2.0,1.0,2.0,1.0,2.0,1.0,1.0,2.0,1.0,2.0,2.0,1.0,1.0,2.0,1.0,1.0,2.0,1.0,2.0,2.0,1.0,1.0,1.0,1.0,1.0,1.0,1.0,2.0,2.0,1.0,1.0,1.0,1.0,1.0,2.0,2.0,1.0,1.0,2.0
1863,3,4,4,4,4,4,4,4,2,2,,30.0,4.0,,3.0,4.0,5.0,,,,,,1.0,40.0,,,2.0,2.0,4.0,4.0,,,,,,,18.0,,1.0,,,,2.0,1.0,,4.0,,,,,,,,,,,,1.0,1.0,1.0,1.0,1.0,1.0,6,3,4,3,3,5,6,5,3,2,50.0,55.0,55.0,60.0,60.0,60.0,65.0,55.0,40.0,40.0,2.0,1.0,2.0,1.0,1.0,1.0,1.0,2.0,2.0,2.0,2.0,1.0,2.0,2.0,1.0,2.0,2.0,1.0,2.0,1.0,2.0,1.0,2.0,2.0,2.0,2.0,1.0,2.0,1.0,2.0,2.0,1.0,1.0,1.0,2.0,2.0,1.0,1.0,1.0,1.0
899,4,4,4,4,4,4,5,4,1,2,,30.0,,2.0,,,,3.0,5.0,4.0,,6.0,1.0,40.0,,1.0,,2.0,4.0,5.0,,,,,,,20.0,,,2.0,5.0,,,1.0,,,5.0,,,,,,,,,,,1.0,1.0,1.0,1.0,1.0,1.0,6,3,4,3,3,5,6,5,3,2,55.0,50.0,52.0,60.0,65.0,58.0,70.0,54.0,40.0,45.0,1.0,2.0,2.0,2.0,1.0,1.0,2.0,2.0,2.0,1.0,2.0,2.0,1.0,2.0,2.0,2.0,1.0,1.0,2.0,2.0,2.0,2.0,1.0,2.0,2.0,1.0,2.0,1.0,1.0,2.0,1.0,2.0,1.0,2.0,1.0,1.0,1.0,2.0,2.0,2.0
921,4,4,4,4,4,4,5,4,2,2,,30.0,,2.0,,,,3.0,5.0,2.0,6.0,,,,2.0,,2.0,,,,,,,3.0,4.0,4.0,18.0,,1.0,,,,2.0,1.0,,4.0,,1.0,1.0,1.0,1.0,1.0,1.0,1.0,1.0,1.0,1.0,,,,,,,6,3,4,4,2,5,6,6,3,2,60.0,55.0,58.0,65.0,70.0,62.0,75.0,60.0,40.0,45.0,1.0,1.0,2.0,1.0,1.0,2.0,1.0,1.0,2.0,1.0,2.0,1.0,1.0,1.0,2.0,2.0,1.0,1.0,1.0,1.0,2.0,2.0,2.0,2.0,1.0,2.0,1.0,1.0,2.0,2.0,1.0,2.0,1.0,1.0,2.0,1.0,1.0,1.0,2.0,2.0
852,4,4,4,4,4,4,4,4,2,2,70.0,,3.0,,3.0,4.0,5.0,,,,6.0,,,,2.0,,2.0,3.0,4.0,5.0,,,,,,,18.0,,1.0,,,6.0,,,1.0,,4.0,1.0,1.0,1.0,1.0,1.0,1.0,1.0,1.0,1.0,1.0,,,,,,,6,3,4,4,3,5,6,6,3,2,55.0,50.0,52.0,60.0,62.0,58.0,65.0,54.0,40.0,42.0,1.0,1.0,1.0,1.0,2.0,1.0,1.0,2.0,1.0,2.0,1.0,1.0,1.0,2.0,2.0,1.0,2.0,2.0,2.0,1.0,1.0,1.0,1.0,1.0,1.0,2.0,2.0,1.0,2.0,1.0,1.0,2.0,2.0,2.0,1.0,2.0,1.0,1.0,1.0,2.0
153,4,4,4,5,5,5,5,4,2,2,,30.0,,2.0,,,,3.0,5.0,2.0,,6.0,1.0,54.0,,,2.0,,,,,,,4.0,4.0,5.0,,15.0,1.0,,,6.0,,,1.0,,5.0,,,,,,,,,,,1.0,1.0,1.0,1.0,1.0,1.0,6,3,4,4,2,5,6,6,3,2,55.0,60.0,60.0,65.0,70.0,65.0,75.0,60.0,40.0,45.0,1.0,2.0,1.0,1.0,2.0,1.0,2.0,2.0,2.0,2.0,2.0,2.0,2.0,2.0,1.0,2.0,2.0,2.0,2.0,1.0,2.0,1.0,2.0,1.0,1.0,1.0,1.0,2.0,2.0,1.0,1.0,2.0,2.0,2.0,1.0,1.0,1.0,2.0,1.0,2.0
1420,4,4,4,4,4,4,4,4,2,2,,30.0,,2.0,3.0,4.0,5.0,,,,,6.0,,,2.0,,2.0,,,,,,,3.0,4.0,5.0,12.0,,,2.0,,,2.0,,1.0,,4.0,,,,,,,,,,,1.0,1.0,1.0,1.0,1.0,1.0,6,3,4,4,3,5,6,5,3,2,55.0,50.0,52.0,60.0,62.0,58.0,65.0,54.0,40.0,42.0,1.0,1.0,1.0,1.0,2.0,1.0,1.0,1.0,2.0,1.0,1.0,1.0,2.0,2.0,1.0,2.0,2.0,2.0,1.0,2.0,2.0,2.0,1.0,2.0,2.0,2.0,1.0,2.0,2.0,2.0,2.0,1.0,1.0,2.0,2.0,1.0,1.0,1.0,2.0,2.0
1553,2,2,2,2,2,2,4,2,4,4,,30.0,,2.0,3.0,4.0,5.0,,,,,,,,2.0,,2.0,,,,2.0,4.0,4.0,,,,20.0,,,2.0,3.0,,,,1.0,,4.0,1.0,1.0,1.0,1.0,1.0,1.0,1.0,1.0,1.0,1.0,,,,,,,6,3,4,3,3,5,6,5,3,2,45.0,40.0,40.0,50.0,55.0,55.0,60.0,40.0,50.0,45.0,2.0,1.0,2.0,1.0,1.0,2.0,2.0,1.0,2.0,1.0,2.0,2.0,2.0,1.0,1.0,2.0,1.0,1.0,1.0,2.0,2.0,2.0,1.0,1.0,1.0,2.0,1.0,1.0,2.0,2.0,2.0,1.0,1.0,2.0,1.0,1.0,2.0,1.0,1.0,1.0
1869,5,5,5,5,5,5,5,5,1,2,,30.0,,2.0,3.0,4.0,6.0,,,,,,1.0,54.0,,1.0,,2.0,4.0,5.0,,,,,,,18.0,,1.0,,,,3.0,1.0,,,5.0,1.0,1.0,1.0,1.0,1.0,1.0,1.0,1.0,1.0,1.0,,,,,,,6,3,4,4,3,5,6,6,3,2,60.0,55.0,58.0,65.0,70.0,62.0,75.0,60.0,40.0,45.0,2.0,2.0,1.0,2.0,2.0,1.0,1.0,1.0,2.0,1.0,1.0,2.0,1.0,1.0,2.0,1.0,2.0,1.0,2.0,1.0,1.0,1.0,2.0,2.0,2.0,1.0,2.0,1.0,2.0,1.0,1.0,1.0,2.0,2.0,1.0,2.0,1.0,2.0,2.0,1.0
893,4,4,4,4,4,4,4,4,2,2,,30.0,3.0,,,,,3.0,4.0,3.0,,6.0,,,2.0,,2.0,2.0,4.0,5.0,,,,,,,,16.0,1.0,,,,2.0,1.0,,,4.0,1.0,1.0,1.0,1.0,1.0,1.0,1.0,1.0,1.0,1.0,,,,,,,6,3,4,3,3,5,6,5,3,2,55.0,50.0,52.0,60.0,65.0,58.0,70.0,60.0,40.0,35.0,2.0,2.0,2.0,2.0,1.0,1.0,2.0,2.0,1.0,2.0,1.0,2.0,1.0,1.0,1.0,2.0,1.0,1.0,2.0,1.0,2.0,1.0,1.0,2.0,1.0,2.0,2.0,2.0,1.0,2.0,2.0,2.0,1.0,2.0,2.0,2.0,1.0,2.0,1.0,2.0
568,5,5,5,5,5,5,5,5,1,2,,30.0,1.0,,,,,3.0,5.0,2.0,,6.0,1.0,54.0,,1.0,,,,,,,,4.0,5.0,6.0,18.0,,,2.0,,6.0,,1.0,,5.0,,1.0,1.0,1.0,1.0,1.0,1.0,1.0,1.0,1.0,1.0,,,,,,,6,3,4,4,3,5,6,6,3,2,60.0,55.0,60.0,65.0,70.0,65.0,75.0,60.0,40.0,35.0,2.0,2.0,1.0,2.0,1.0,2.0,1.0,1.0,2.0,2.0,2.0,1.0,1.0,2.0,2.0,1.0,2.0,2.0,2.0,1.0,1.0,2.0,1.0,2.0,1.0,2.0,1.0,2.0,2.0,2.0,2.0,1.0,2.0,1.0,1.0,1.0,1.0,1.0,1.0,2.0
192,5,5,5,5,5,5,5,5,1,1,70.0,,5.0,,2.0,3.0,6.0,,,,,6.0,1.0,54.0,,,2.0,,,,,,,4.0,5.0,6.0,0.0,,1.0,,,,2.0,,1.0,,6.0,1.0,1.0,1.0,1.0,1.0,1.0,1.0,1.0,1.0,1.0,,,,,,,6,3,4,3,2,5,6,5,4,2,55.0,50.0,52.0,60.0,65.0,58.0,70.0,60.0,35.0,30.0,1.0,1.0,2.0,2.0,2.0,1.0,1.0,2.0,2.0,2.0,2.0,1.0,2.0,2.0,2.0,1.0,2.0,1.0,2.0,2.0,2.0,2.0,2.0,2.0,1.0,1.0,1.0,1.0,1.0,2.0,1.0,2.0,2.0,2.0,1.0,2.0,2.0,2.0,2.0,2.0
207,2,3,2,2,2,2,4,2,4,4,70.0,,2.0,,3.0,4.0,5.0,,,,6.0,,,,2.0,1.0,,2.0,4.0,5.0,,,,,,,18.0,,,2.0,,,3.0,,1.0,,4.0,,,,,,,,,,,1.0,1.0,1.0,1.0,1.0,1.0,6,3,4,3,3,5,6,5,3,2,40.0,35.0,38.0,45.0,50.0,35.0,60.0,40.0,55.0,50.0,2.0,1.0,1.0,1.0,1.0,2.0,1.0,1.0,1.0,1.0,2.0,2.0,1.0,1.0,1.0,2.0,1.0,2.0,1.0,1.0,2.0,2.0,2.0,2.0,2.0,1.0,1.0,2.0,1.0,1.0,2.0,2.0,1.0,1.0,1.0,2.0,1.0,1.0,2.0,2.0
374,4,4,4,5,5,4,5,4,2,2,,30.0,4.0,,,,,3.0,4.0,3.0,,6.0,1.0,54.0,,,2.0,,,,,,,3.0,4.0,5.0,,15.0,,2.0,,,3.0,,1.0,,4.0,1.0,1.0,1.0,1.0,1.0,1.0,1.0,1.0,1.0,1.0,,,,,,,6,3,4,4,3,5,6,6,3,2,55.0,50.0,52.0,60.0,65.0,58.0,70.0,54.0,40.0,42.0,1.0,1.0,1.0,2.0,1.0,2.0,2.0,1.0,1.0,2.0,2.0,1.0,1.0,1.0,2.0,1.0,2.0,1.0,1.0,2.0,2.0,2.0,2.0,1.0,1.0,1.0,2.0,1.0,2.0,2.0,2.0,1.0,2.0,1.0,1.0,2.0,2.0,2.0,1.0,2.0
1168,4,4,4,4,4,4,5,4,2,2,70.0,,3.0,,3.0,4.0,5.0,,,,6.0,,,,2.0,,2.0,2.0,4.0,5.0,,,,,,,16.0,,,2.0,,,2.0,,1.0,,4.0,,,,,,,,,,,1.0,1.0,1.0,1.0,1.0,1.0,6,3,4,4,3,5,6,6,3,2,55.0,50.0,52.0,60.0,65.0,58.0,70.0,54.0,40.0,42.0,2.0,2.0,2.0,1.0,2.0,1.0,1.0,1.0,1.0,2.0,1.0,2.0,2.0,1.0,2.0,2.0,1.0,2.0,1.0,2.0,1.0,1.0,1.0,2.0,1.0,2.0,1.0,1.0,1.0,1.0,1.0,1.0,2.0,1.0,1.0,1.0,1.0,1.0,1.0,1.0
1592,4,4,4,4,4,4,4,4,2,2,,30.0,,2.0,3.0,4.0,5.0,,,,6.0,,1.0,40.0,,1.0,,,,,3.0,4.0,5.0,,,,18.0,,,2.0,4.0,,,,1.0,4.0,,1.0,1.0,1.0,1.0,1.0,1.0,1.0,1.0,1.0,1.0,,,,,,,6,3,4,4,2,5,6,5,3,2,60.0,55.0,60.0,65.0,65.0,60.0,70.0,60.0,40.0,40.0,2.0,2.0,2.0,2.0,2.0,2.0,2.0,2.0,1.0,1.0,2.0,1.0,1.0,1.0,1.0,2.0,1.0,1.0,1.0,1.0,1.0,1.0,2.0,1.0,2.0,1.0,2.0,2.0,1.0,2.0,1.0,1.0,1.0,2.0,1.0,1.0,1.0,1.0,2.0,2.0
1607,1,2,2,2,2,2,2,1,4,4,,30.0,2.0,,2.0,4.0,6.0,,,,5.0,,1.0,30.0,,1.0,,,,,2.0,2.0,3.0,,,,,20.0,,2.0,,,1.0,1.0,,,2.0,1.0,1.0,1.0,1.0,1.0,1.0,1.0,1.0,1.0,1.0,,,,,,,6,3,4,3,3,5,6,5,3,2,40.0,35.0,35.0,40.0,45.0,35.0,50.0,30.0,55.0,45.0,1.0,2.0,1.0,2.0,2.0,1.0,1.0,2.0,2.0,2.0,1.0,1.0,1.0,2.0,2.0,1.0,2.0,1.0,2.0,1.0,2.0,2.0,1.0,1.0,2.0,2.0,2.0,2.0,1.0,2.0,1.0,2.0,2.0,1.0,2.0,2.0,2.0,1.0,2.0,2.0
1774,5,5,5,5,5,5,5,5,1,2,70.0,,4.0,,,,,3.0,5.0,2.0,6.0,,1.0,54.0,,1.0,,,,,,,,4.0,5.0,6.0,,16.0,1.0,,4.0,,,,1.0,5.0,,1.0,1.0,1.0,1.0,1.0,1.0,1.0,1.0,1.0,1.0,,,,,,,6,3,4,3,3,5,6,5,4,2,60.0,55.0,60.0,65.0,70.0,60.0,75.0,60.0,40.0,45.0,1.0,2.0,2.0,1.0,1.0,2.0,2.0,2.0,2.0,1.0,2.0,1.0,2.0,2.0,1.0,2.0,2.0,1.0,2.0,1.0,1.0,1.0,1.0,2.0,2.0,1.0,1.0,1.0,1.0,2.0,1.0,1.0,1.0,2.0,2.0,1.0,1.0,2.0,2.0,1.0
995,2,2,2,2,2,2,3,2,4,4,,30.0,,2.0,3.0,4.0,5.0,,,,,,1.0,54.0,,,2.0,,,,3.0,4.0,4.0,,,,,18.0,,2.0,3.0,,,,1.0,4.0,,,,,,,,,,,,1.0,1.0,1.0,1.0,1.0,1.0,6,3,4,3,3,5,6,5,3,2,45.0,40.0,40.0,50.0,55.0,55.0,60.0,45.0,50.0,40.0,1.0,2.0,1.0,1.0,2.0,1.0,2.0,2.0,1.0,1.0,1.0,2.0,1.0,1.0,1.0,2.0,2.0,2.0,2.0,2.0,2.0,1.0,2.0,1.0,2.0,2.0,1.0,1.0,2.0,1.0,2.0,1.0,2.0,1.0,2.0,1.0,2.0,2.0,1.0,2.0
70,5,5,5,5,5,5,5,5,1,2,,30.0,,1.0,,,,3.0,5.0,2.0,6.0,,,,2.0,1.0,,2.0,4.0,5.0,,,,,,,,15.0,1.0,,,,3.0,,1.0,5.0,,,,,,,,,,,,1.0,1.0,1.0,1.0,1.0,1.0,6,3,4,4,3,5,6,6,3,2,60.0,55.0,58.0,65.0,68.0,62.0,70.0,60.0,40.0,45.0,1.0,2.0,2.0,1.0,1.0,2.0,2.0,1.0,2.0,1.0,1.0,2.0,2.0,2.0,1.0,1.0,2.0,1.0,1.0,2.0,2.0,1.0,2.0,1.0,2.0,1.0,1.0,2.0,2.0,2.0,1.0,1.0,2.0,2.0,2.0,2.0,2.0,2.0,1.0,1.0
2001,4,4,4,4,4,4,5,5,1,2,70.0,,4.0,,,,,3.0,5.0,2.0,6.0,,,,2.0,1.0,,,,,4.0,4.0,5.0,,,,20.0,,1.0,,,,2.0,,1.0,5.0,,,,,,,,,,,,1.0,1.0,1.0,1.0,1.0,1.0,6,3,5,4,3,5,6,6,3,2,60.0,55.0,55.0,65.0,70.0,60.0,75.0,60.0,40.0,35.0,2.0,1.0,1.0,2.0,1.0,2.0,1.0,2.0,2.0,2.0,2.0,1.0,2.0,2.0,2.0,1.0,1.0,1.0,1.0,2.0,1.0,2.0,1.0,1.0,2.0,2.0,1.0,2.0,2.0,2.0,1.0,2.0,2.0,2.0,2.0,1.0,1.0,1.0,2.0,2.0
272,4,4,4,4,4,4,5,4,2,2,70.0,,3.0,,,,,3.0,4.0,3.0,,6.0,1.0,54.0,,,2.0,2.0,4.0,5.0,,,,,,,18.0,,,2.0,,,3.0,,1.0,,5.0,1.0,1.0,1.0,1.0,1.0,1.0,1.0,1.0,1.0,1.0,,,,,,,6,3,4,3,3,5,6,5,3,2,55.0,50.0,52.0,60.0,65.0,58.0,70.0,60.0,40.0,38.0,2.0,1.0,1.0,1.0,1.0,2.0,1.0,2.0,2.0,1.0,1.0,2.0,1.0,1.0,2.0,2.0,1.0,1.0,1.0,2.0,1.0,1.0,1.0,1.0,1.0,1.0,1.0,1.0,1.0,2.0,1.0,2.0,2.0,2.0,2.0,1.0,1.0,1.0,2.0,1.0
301,4,4,4,4,4,4,5,4,2,2,,30.0,,2.0,3.0,4.0,6.0,,,,6.0,,1.0,54.0,,,2.0,,,,,,,3.0,4.0,5.0,20.0,,,2.0,,6.0,,,1.0,,4.0,,,,,,,,,,,1.0,1.0,1.0,1.0,1.0,1.0,6,3,4,4,2,5,6,6,3,2,60.0,55.0,55.0,65.0,70.0,60.0,75.0,60.0,40.0,40.0,1.0,2.0,1.0,2.0,1.0,1.0,2.0,2.0,2.0,2.0,2.0,1.0,1.0,1.0,1.0,2.0,1.0,2.0,1.0,1.0,2.0,1.0,1.0,2.0,1.0,2.0,2.0,1.0,1.0,2.0,1.0,2.0,2.0,1.0,1.0,2.0,1.0,1.0,2.0,2.0
688,2,3,2,2,3,2,3,2,4,3,,30.0,,2.0,3.0,4.0,5.0,,,,,,1.0,40.0,,1.0,,,,,,,,3.0,4.0,4.0,,15.0,1.0,,,,2.0,,1.0,,4.0,1.0,1.0,1.0,1.0,1.0,1.0,1.0,1.0,1.0,1.0,,,,,,,6,3,4,3,3,5,6,5,3,2,40.0,35.0,38.0,45.0,50.0,40.0,55.0,38.0,30.0,35.0,1.0,1.0,1.0,1.0,1.0,2.0,1.0,1.0,2.0,2.0,1.0,1.0,2.0,1.0,1.0,1.0,1.0,2.0,1.0,1.0,2.0,1.0,1.0,2.0,2.0,2.0,2.0,1.0,1.0,1.0,2.0,1.0,2.0,2.0,1.0,2.0,1.0,2.0,2.0,1.0
1672,2,3,2,2,3,2,4,2,4,3,,30.0,2.0,,,,,3.0,4.0,2.0,6.0,,,,2.0,1.0,,,,,3.0,4.0,5.0,,,,,15.0,1.0,,4.0,,,1.0,,4.0,,,,,,,,,,,,1.0,1.0,1.0,1.0,1.0,1.0,6,3,4,4,2,5,6,6,3,2,45.0,40.0,42.0,50.0,55.0,40.0,60.0,38.0,35.0,37.0,1.0,2.0,1.0,1.0,1.0,1.0,1.0,1.0,1.0,2.0,2.0,2.0,2.0,1.0,1.0,1.0,1.0,1.0,2.0,2.0,2.0,1.0,2.0,1.0,2.0,1.0,2.0,2.0,1.0,1.0,1.0,2.0,2.0,2.0,2.0,2.0,1.0,2.0,1.0,2.0
1701,2,2,2,2,2,2,4,2,4,4,70.0,,,2.0,2.0,3.0,5.0,,,,5.0,,,,2.0,,2.0,,,,2.0,4.0,4.0,,,,15.0,,1.0,,,6.0,,,1.0,,4.0,1.0,1.0,1.0,1.0,1.0,1.0,1.0,1.0,1.0,1.0,,,,,,,6,3,4,4,3,5,6,6,3,2,40.0,35.0,35.0,30.0,35.0,30.0,50.0,35.0,45.0,45.0,1.0,1.0,2.0,1.0,2.0,2.0,2.0,1.0,1.0,2.0,1.0,2.0,2.0,2.0,1.0,2.0,2.0,1.0,1.0,2.0,1.0,1.0,1.0,1.0,1.0,1.0,1.0,2.0,2.0,1.0,1.0,2.0,1.0,2.0,1.0,1.0,1.0,2.0,1.0,2.0
1288,5,5,5,5,5,5,5,5,1,1,70.0,,,1.0,3.0,4.0,6.0,,,,,6.0,,,2.0,1.0,,4.0,5.0,6.0,,,,,,,,15.0,,2.0,,,3.0,,1.0,5.0,,1.0,1.0,1.0,1.0,1.0,1.0,1.0,1.0,1.0,1.0,,,,,,,6,3,4,3,3,5,6,5,4,2,60.0,55.0,50.0,65.0,70.0,60.0,75.0,55.0,40.0,35.0,1.0,2.0,2.0,1.0,1.0,2.0,2.0,1.0,2.0,2.0,1.0,2.0,1.0,2.0,1.0,2.0,2.0,1.0,2.0,2.0,2.0,1.0,1.0,2.0,1.0,2.0,1.0,1.0,1.0,1.0,2.0,2.0,1.0,2.0,2.0,1.0,1.0,1.0,2.0,2.0
1494,4,4,4,4,4,4,5,4,2,2,,30.0,4.0,,,,,3.0,4.0,2.0,,5.0,,,2.0,,2.0,2.0,4.0,4.0,,,,,,,,16.0,1.0,,3.0,,,1.0,,4.0,,1.0,1.0,1.0,1.0,1.0,1.0,1.0,1.0,1.0,1.0,,,,,,,6,3,4,3,3,5,6,5,3,2,55.0,50.0,52.0,60.0,65.0,58.0,70.0,54.0,40.0,42.0,2.0,2.0,2.0,2.0,1.0,2.0,2.0,2.0,2.0,2.0,1.0,1.0,2.0,1.0,1.0,1.0,1.0,2.0,2.0,2.0,2.0,1.0,2.0,1.0,2.0,2.0,2.0,1.0,2.0,1.0,2.0,1.0,2.0,1.0,1.0,2.0,1.0,2.0,1.0,2.0
954,2,3,2,2,2,2,4,2,4,3,,30.0,,2.0,,,,3.0,4.0,2.0,,6.0,1.0,54.0,,1.0,,,,,3.0,4.0,4.0,,,,,18.0,1.0,,,,2.0,1.0,,,4.0,,,,,,,,,,,1.0,1.0,1.0,1.0,1.0,1.0,6,3,4,3,3,5,6,5,3,2,55.0,50.0,52.0,60.0,62.0,58.0,65.0,54.0,48.0,50.0,1.0,1.0,1.0,1.0,2.0,2.0,1.0,1.0,2.0,1.0,2.0,1.0,2.0,2.0,2.0,1.0,2.0,1.0,2.0,2.0,1.0,1.0,1.0,1.0,2.0,2.0,1.0,2.0,2.0,2.0,2.0,1.0,1.0,2.0,1.0,2.0,2.0,2.0,2.0,1.0
827,2,2,2,2,2,2,4,2,4,4,70.0,,2.0,,,,,3.0,4.0,2.0,6.0,,,,2.0,1.0,,2.0,4.0,5.0,,,,,,,18.0,,,2.0,5.0,,,,1.0,4.0,,1.0,1.0,1.0,1.0,1.0,1.0,1.0,1.0,1.0,1.0,,,,,,,6,3,4,3,3,5,6,5,3,2,45.0,40.0,40.0,35.0,40.0,35.0,60.0,35.0,55.0,55.0,2.0,2.0,1.0,1.0,2.0,2.0,1.0,2.0,1.0,1.0,1.0,1.0,2.0,2.0,1.0,1.0,1.0,2.0,2.0,2.0,2.0,1.0,1.0,1.0,2.0,2.0,2.0,1.0,1.0,1.0,2.0,1.0,1.0,1.0,1.0,2.0,1.0,1.0,1.0,1.0
126,4,4,4,4,4,4,4,4,2,2,,30.0,3.0,,3.0,4.0,5.0,,,,,6.0,,,2.0,1.0,,,,,,,,3.0,4.0,5.0,,15.0,,2.0,,6.0,,,1.0,,4.0,,,,,,,,,,,1.0,1.0,1.0,1.0,1.0,1.0,6,3,4,3,3,5,6,5,3,2,55.0,50.0,52.0,60.0,65.0,58.0,70.0,60.0,40.0,35.0,2.0,1.0,1.0,2.0,2.0,2.0,1.0,1.0,1.0,1.0,2.0,1.0,1.0,2.0,2.0,1.0,2.0,2.0,2.0,1.0,2.0,2.0,2.0,2.0,2.0,2.0,1.0,1.0,2.0,1.0,1.0,1.0,2.0,1.0,1.0,1.0,1.0,1.0,2.0,2.0
649,5,4,5,5,5,5,5,5,1,2,,30.0,,2.0,,,,3.0,5.0,2.0,6.0,,,,2.0,,2.0,,,,,,,3.0,4.0,5.0,,18.0,1.0,,4.0,,,1.0,,,5.0,1.0,1.0,1.0,1.0,1.0,1.0,1.0,1.0,1.0,1.0,,,,,,,6,3,4,3,3,5,6,5,3,2,60.0,55.0,60.0,65.0,70.0,65.0,70.0,60.0,40.0,45.0,1.0,1.0,2.0,1.0,2.0,2.0,1.0,2.0,1.0,2.0,2.0,1.0,2.0,2.0,2.0,1.0,2.0,1.0,2.0,1.0,2.0,2.0,1.0,1.0,2.0,2.0,1.0,1.0,2.0,2.0,2.0,1.0,1.0,1.0,2.0,2.0,1.0,1.0,2.0,2.0
1455,4,4,4,4,4,4,5,4,2,2,,30.0,4.0,,3.0,4.0,6.0,,,,6.0,,1.0,54.0,,1.0,,,,,3.0,4.0,5.0,,,,,15.0,1.0,,4.0,,,1.0,,4.0,,,,,,,,,,,,1.0,1.0,1.0,1.0,1.0,1.0,6,3,4,3,3,5,6,5,3,2,55.0,50.0,52.0,60.0,58.0,62.0,65.0,54.0,40.0,42.0,2.0,1.0,2.0,2.0,1.0,1.0,2.0,2.0,2.0,1.0,1.0,1.0,2.0,2.0,2.0,1.0,2.0,2.0,2.0,1.0,2.0,1.0,2.0,2.0,2.0,1.0,2.0,2.0,2.0,1.0,1.0,1.0,1.0,1.0,1.0,1.0,2.0,2.0,2.0,1.0
1526,4,4,4,4,4,4,5,4,2,2,,30.0,4.0,,3.0,4.0,6.0,,,,,6.0,,,2.0,1.0,,,,,4.0,4.0,5.0,,,,18.0,,,2.0,4.0,,,1.0,,,4.0,1.0,1.0,1.0,1.0,1.0,1.0,1.0,1.0,1.0,1.0,,,,,,,6,3,4,4,3,5,6,6,3,2,55.0,50.0,52.0,60.0,62.0,58.0,65.0,54.0,40.0,38.0,,,,,,,,,,,,,,,,,,,,,,,,,,,,,,,,,,,,,,,,
1249,2,2,2,2,2,2,4,2,4,4,,30.0,2.0,,,,,3.0,4.0,2.0,5.0,,1.0,54.0,,,2.0,1.0,3.0,4.0,,,,,,,20.0,,,2.0,,6.0,,,1.0,,4.0,,,,,,,,,,,1.0,1.0,1.0,1.0,1.0,1.0,6,3,4,4,2,5,6,6,3,2,40.0,35.0,35.0,45.0,50.0,35.0,60.0,40.0,50.0,45.0,2.0,2.0,2.0,2.0,1.0,2.0,2.0,2.0,2.0,1.0,1.0,2.0,2.0,1.0,2.0,2.0,2.0,2.0,1.0,2.0,1.0,1.0,2.0,1.0,2.0,1.0,1.0,2.0,2.0,2.0,2.0,2.0,1.0,2.0,2.0,1.0,1.0,1.0,2.0,2.0
41,3,3,3,2,3,2,4,2,4,2,70.0,,,2.0,,,,3.0,5.0,2.0,,,1.0,54.0,,1.0,,,,,,,,3.0,4.0,5.0,,15.0,,2.0,4.0,,,,1.0,4.0,,,,,,,,,,,,1.0,1.0,1.0,1.0,1.0,1.0,6,3,4,3,2,5,6,5,3,2,55.0,50.0,52.0,60.0,62.0,58.0,70.0,54.0,48.0,45.0,2.0,2.0,1.0,2.0,1.0,2.0,2.0,2.0,2.0,2.0,2.0,1.0,2.0,1.0,2.0,1.0,2.0,2.0,1.0,1.0,2.0,2.0,2.0,2.0,2.0,1.0,1.0,1.0,2.0,1.0,1.0,1.0,1.0,1.0,2.0,1.0,1.0,2.0,1.0,2.0
2030,4,4,4,5,5,4,5,4,2,2,,30.0,,2.0,,,,3.0,5.0,2.0,,6.0,1.0,54.0,,,2.0,,,,2.0,4.0,5.0,,,,18.0,,,2.0,,6.0,,1.0,,4.0,,,,,,,,,,,,1.0,1.0,1.0,1.0,1.0,1.0,6,3,4,4,3,5,6,6,3,2,55.0,50.0,52.0,60.0,65.0,58.0,70.0,54.0,40.0,42.0,2.0,1.0,2.0,1.0,2.0,1.0,1.0,2.0,1.0,2.0,2.0,2.0,1.0,1.0,1.0,1.0,1.0,2.0,2.0,2.0,1.0,1.0,2.0,1.0,1.0,1.0,2.0,1.0,2.0,2.0,2.0,1.0,2.0,1.0,1.0,1.0,2.0,1.0,1.0,1.0
1643,2,2,2,2,2,2,4,2,4,2,,30.0,,2.0,,,,3.0,4.0,2.0,6.0,,,,2.0,1.0,,,,,2.0,4.0,5.0,,,,,18.0,,2.0,,7.0,,,1.0,,4.0,1.0,1.0,1.0,1.0,1.0,1.0,1.0,1.0,1.0,1.0,,,,,,,6,3,4,4,2,5,6,6,3,2,40.0,35.0,38.0,45.0,50.0,35.0,60.0,40.0,55.0,38.0,2.0,2.0,1.0,1.0,1.0,2.0,1.0,2.0,1.0,2.0,1.0,1.0,1.0,2.0,2.0,1.0,2.0,1.0,2.0,1.0,1.0,2.0,1.0,2.0,2.0,2.0,1.0,1.0,2.0,2.0,1.0,2.0,1.0,1.0,1.0,1.0,1.0,2.0,2.0,2.0
1730,4,4,4,4,4,4,4,4,2,2,,30.0,4.0,,,,,3.0,5.0,2.0,6.0,,,,2.0,,2.0,,,,3.0,4.0,4.0,,,,,18.0,,2.0,4.0,,,1.0,,4.0,,1.0,1.0,1.0,1.0,1.0,1.0,1.0,1.0,1.0,1.0,,,,,,,6,3,4,4,3,5,6,6,3,2,55.0,50.0,52.0,60.0,65.0,58.0,70.0,60.0,40.0,38.0,1.0,1.0,1.0,1.0,1.0,2.0,1.0,1.0,2.0,1.0,1.0,2.0,1.0,1.0,1.0,1.0,2.0,1.0,1.0,1.0,2.0,1.0,2.0,1.0,1.0,2.0,2.0,2.0,1.0,1.0,1.0,1.0,1.0,2.0,2.0,2.0,2.0,1.0,1.0,2.0
243,2,3,2,2,3,2,4,2,4,3,70.0,,2.0,,,,,3.0,4.0,2.0,5.0,,,,2.0,,2.0,,,,,,,2.0,4.0,5.0,15.0,,1.0,,,6.0,,,1.0,4.0,,,,,,,,,,,,1.0,1.0,1.0,1.0,1.0,1.0,6,3,4,3,3,5,6,5,3,2,45.0,40.0,40.0,50.0,55.0,40.0,60.0,45.0,50.0,45.0,1.0,2.0,1.0,1.0,1.0,1.0,1.0,1.0,1.0,1.0,2.0,1.0,1.0,2.0,2.0,1.0,2.0,2.0,1.0,1.0,2.0,1.0,2.0,2.0,1.0,2.0,2.0,1.0,2.0,1.0,2.0,1.0,2.0,1.0,1.0,1.0,1.0,1.0,2.0,1.0
330,5,5,5,5,5,5,5,5,1,2,70.0,,,1.0,3.0,4.0,6.0,,,,,6.0,,,2.0,1.0,,,,,,,,3.0,5.0,6.0,20.0,,1.0,,4.0,,,,1.0,5.0,,1.0,1.0,1.0,1.0,1.0,1.0,1.0,1.0,1.0,1.0,,,,,,,6,3,4,3,3,5,6,5,3,2,60.0,55.0,58.0,65.0,70.0,60.0,75.0,55.0,40.0,45.0,1.0,2.0,1.0,1.0,1.0,2.0,1.0,1.0,2.0,1.0,2.0,2.0,1.0,2.0,1.0,1.0,2.0,2.0,1.0,1.0,2.0,1.0,2.0,2.0,1.0,1.0,1.0,1.0,2.0,1.0,1.0,2.0,2.0,2.0,1.0,2.0,1.0,1.0,2.0,2.0
80,1,2,2,2,2,2,3,2,4,4,,30.0,,2.0,2.0,4.0,6.0,,,,6.0,,,,2.0,1.0,,1.0,2.0,3.0,,,,,,,0.0,,1.0,,3.0,,,,1.0,,3.0,,,,,,,,,,,1.0,1.0,1.0,1.0,1.0,1.0,6,3,4,3,3,5,6,5,3,2,40.0,35.0,35.0,40.0,45.0,35.0,50.0,40.0,45.0,40.0,2.0,2.0,2.0,2.0,2.0,2.0,2.0,1.0,2.0,2.0,2.0,2.0,1.0,1.0,2.0,1.0,1.0,1.0,1.0,2.0,2.0,2.0,1.0,2.0,2.0,2.0,2.0,1.0,2.0,2.0,1.0,1.0,2.0,2.0,2.0,2.0,2.0,2.0,1.0,1.0
965,4,4,4,5,5,4,5,4,2,2,,30.0,4.0,,3.0,4.0,6.0,,,,,6.0,,,2.0,,2.0,2.0,4.0,5.0,,,,,,,,15.0,1.0,,,,2.0,1.0,,4.0,,,,,,,,,,,,1.0,1.0,1.0,1.0,1.0,1.0,6,3,4,4,3,5,6,6,3,2,60.0,55.0,58.0,65.0,70.0,60.0,75.0,62.0,40.0,45.0,2.0,2.0,1.0,1.0,2.0,1.0,2.0,1.0,1.0,1.0,1.0,1.0,1.0,1.0,1.0,2.0,1.0,1.0,2.0,1.0,1.0,1.0,1.0,2.0,1.0,2.0,2.0,1.0,2.0,1.0,1.0,1.0,2.0,2.0,1.0,1.0,1.0,1.0,1.0,2.0
816,3,3,3,3,4,4,4,3,2,2,,30.0,,2.0,3.0,4.0,5.0,,,,6.0,,,,2.0,1.0,,,,,,,,3.0,4.0,4.0,,15.0,,2.0,3.0,,,,1.0,,4.0,1.0,1.0,1.0,1.0,1.0,1.0,1.0,1.0,1.0,1.0,,,,,,,6,3,4,4,3,5,6,6,3,2,45.0,40.0,40.0,50.0,55.0,55.0,60.0,45.0,35.0,35.0,2.0,2.0,2.0,1.0,2.0,2.0,1.0,2.0,2.0,2.0,2.0,1.0,1.0,1.0,2.0,2.0,2.0,1.0,2.0,1.0,1.0,2.0,2.0,2.0,1.0,1.0,2.0,1.0,1.0,1.0,2.0,1.0,2.0,2.0,1.0,2.0,2.0,1.0,2.0,2.0
1464,2,2,2,2,2,2,3,2,4,4,,30.0,2.0,,,,,3.0,4.0,2.0,,5.0,,,2.0,,2.0,,,,,,,2.0,4.0,4.0,20.0,,,2.0,,6.0,,1.0,,,4.0,1.0,1.0,1.0,1.0,1.0,1.0,1.0,1.0,1.0,1.0,,,,,,,6,3,4,4,3,5,6,6,3,2,45.0,40.0,40.0,40.0,45.0,50.0,60.0,40.0,55.0,50.0,2.0,2.0,2.0,2.0,1.0,2.0,2.0,2.0,2.0,1.0,2.0,1.0,2.0,2.0,1.0,1.0,1.0,2.0,1.0,2.0,1.0,2.0,2.0,2.0,2.0,2.0,2.0,1.0,2.0,2.0,2.0,2.0,1.0,2.0,1.0,1.0,2.0,1.0,1.0,1.0
1517,4,4,4,4,4,4,4,4,2,2,70.0,,,2.0,,,,3.0,4.0,3.0,,5.0,,,2.0,1.0,,,,,3.0,4.0,4.0,,,,18.0,,1.0,,,6.0,,,1.0,,4.0,1.0,1.0,1.0,1.0,1.0,1.0,1.0,1.0,1.0,1.0,,,,,,,6,3,4,4,2,5,6,6,3,2,60.0,55.0,55.0,60.0,65.0,60.0,70.0,55.0,40.0,40.0,1.0,2.0,1.0,1.0,1.0,1.0,2.0,2.0,2.0,2.0,1.0,1.0,2.0,1.0,1.0,1.0,2.0,2.0,2.0,2.0,2.0,1.0,1.0,2.0,1.0,2.0,2.0,2.0,2.0,1.0,2.0,1.0,2.0,1.0,2.0,1.0,2.0,1.0,2.0,2.0
1682,4,4,4,4,4,4,5,4,2,3,70.0,,,2.0,,,,3.0,4.0,2.0,,6.0,,,2.0,1.0,,3.0,4.0,5.0,,,,,,,,18.0,1.0,,,,3.0,1.0,,4.0,,1.0,1.0,1.0,1.0,1.0,1.0,1.0,1.0,1.0,1.0,,,,,,,6,3,5,4,3,5,6,5,3,2,55.0,50.0,52.0,60.0,62.0,58.0,65.0,54.0,40.0,45.0,1.0,1.0,2.0,1.0,2.0,2.0,2.0,2.0,1.0,1.0,2.0,2.0,1.0,1.0,2.0,2.0,2.0,1.0,1.0,1.0,1.0,1.0,2.0,2.0,2.0,1.0,1.0,2.0,2.0,1.0,2.0,2.0,1.0,2.0,1.0,1.0,2.0,2.0,1.0,2.0
1278,5,5,5,5,5,5,5,5,1,2,,30.0,5.0,,,,,4.0,5.0,2.0,6.0,,1.0,54.0,,,2.0,,,,,,,4.0,5.0,6.0,,18.0,1.0,,,,2.0,2.0,,5.0,,,,,,,,,,,,1.0,1.0,1.0,1.0,1.0,1.0,6,3,4,3,3,5,6,6,4,2,55.0,50.0,52.0,60.0,65.0,58.0,70.0,54.0,40.0,45.0,2.0,2.0,2.0,1.0,1.0,1.0,2.0,1.0,1.0,1.0,2.0,2.0,2.0,2.0,1.0,2.0,2.0,2.0,1.0,1.0,1.0,1.0,1.0,1.0,2.0,1.0,2.0,2.0,1.0,1.0,1.0,1.0,1.0,2.0,1.0,2.0,2.0,2.0,2.0,1.0
117,4,4,4,5,5,5,5,4,1,2,,30.0,3.0,,,,,3.0,5.0,2.0,,5.0,1.0,54.0,,1.0,,,,,,,,3.0,4.0,4.0,,18.0,1.0,,3.0,,,1.0,,4.0,,1.0,1.0,1.0,1.0,1.0,1.0,1.0,1.0,1.0,1.0,,,,,,,6,3,4,3,3,5,6,5,3,2,55.0,50.0,52.0,60.0,65.0,62.0,70.0,58.0,35.0,40.0,2.0,2.0,2.0,2.0,2.0,2.0,2.0,2.0,2.0,2.0,2.0,2.0,2.0,2.0,2.0,2.0,2.0,2.0,2.0,2.0,2.0,1.0,1.0,2.0,2.0,2.0,2.0,2.0,2.0,2.0,2.0,2.0,2.0,2.0,2.0,2.0,2.0,1.0,2.0,2.0
282,5,5,5,5,5,5,5,5,1,2,70.0,,5.0,,3.0,4.0,6.0,,,,6.0,,1.0,54.0,,,2.0,2.0,4.0,5.0,,,,,,,,18.0,,2.0,,,2.0,,1.0,,5.0,1.0,1.0,1.0,1.0,1.0,1.0,1.0,1.0,1.0,1.0,,,,,,,6,3,4,3,3,5,6,5,3,2,55.0,50.0,52.0,60.0,65.0,58.0,70.0,60.0,40.0,45.0,2.0,2.0,2.0,1.0,1.0,2.0,2.0,1.0,2.0,1.0,1.0,1.0,1.0,2.0,2.0,1.0,2.0,1.0,1.0,1.0,2.0,2.0,1.0,2.0,2.0,2.0,2.0,1.0,1.0,1.0,1.0,1.0,1.0,1.0,1.0,2.0,1.0,2.0,2.0,1.0
678,4,4,4,4,4,4,4,4,2,2,,30.0,,2.0,3.0,4.0,5.0,,,,,6.0,,,2.0,,2.0,,,,,,,3.0,4.0,4.0,,5.0,,2.0,,,2.0,1.0,,4.0,,1.0,1.0,1.0,1.0,1.0,1.0,1.0,1.0,1.0,1.0,,,,,,,6,3,4,3,3,5,6,5,3,2,60.0,55.0,58.0,65.0,68.0,62.0,70.0,60.0,40.0,45.0,2.0,2.0,2.0,1.0,2.0,2.0,1.0,2.0,2.0,1.0,1.0,2.0,2.0,2.0,1.0,1.0,2.0,2.0,2.0,2.0,1.0,1.0,1.0,2.0,2.0,2.0,1.0,1.0,2.0,1.0,2.0,2.0,2.0,2.0,2.0,1.0,2.0,2.0,1.0,1.0
910,2,2,2,2,2,2,4,2,4,4,70.0,,,2.0,3.0,4.0,5.0,,,,,6.0,,,2.0,1.0,,,,,,,,2.0,4.0,5.0,,5.0,1.0,,,,2.0,,1.0,,4.0,1.0,1.0,1.0,1.0,1.0,1.0,1.0,1.0,1.0,1.0,,,,,,,6,3,4,4,2,5,6,6,3,2,40.0,35.0,38.0,45.0,50.0,35.0,60.0,40.0,55.0,50.0,1.0,2.0,1.0,1.0,2.0,1.0,1.0,1.0,1.0,1.0,1.0,2.0,1.0,1.0,1.0,2.0,1.0,1.0,1.0,2.0,1.0,1.0,2.0,1.0,1.0,2.0,2.0,1.0,1.0,1.0,2.0,1.0,1.0,2.0,1.0,2.0,1.0,2.0,2.0,1.0
863,4,4,4,4,4,4,4,4,2,2,,30.0,,2.0,,,,3.0,4.0,2.0,6.0,,,,2.0,1.0,,,,,,,,3.0,4.0,4.0,20.0,,,2.0,4.0,,,1.0,,4.0,,,,,,,,,,,,1.0,1.0,1.0,1.0,1.0,1.0,6,3,4,3,3,5,6,5,3,2,55.0,50.0,52.0,60.0,62.0,58.0,65.0,54.0,40.0,38.0,1.0,2.0,2.0,2.0,2.0,1.0,1.0,1.0,1.0,2.0,2.0,2.0,2.0,1.0,2.0,2.0,2.0,2.0,2.0,2.0,2.0,1.0,2.0,2.0,2.0,2.0,2.0,2.0,1.0,1.0,1.0,2.0,1.0,1.0,2.0,2.0,2.0,1.0,2.0,1.0
1899,4,4,4,4,4,4,4,4,2,2,,30.0,,2.0,3.0,4.0,5.0,,,,,6.0,,,2.0,,2.0,,,,,,,3.0,4.0,5.0,8.0,,1.0,,4.0,,,,1.0,,4.0,,,,,,,,,,,1.0,1.0,1.0,1.0,1.0,1.0,6,3,4,4,3,5,6,6,3,2,55.0,50.0,52.0,60.0,62.0,58.0,65.0,54.0,40.0,42.0,1.0,1.0,1.0,1.0,2.0,1.0,1.0,1.0,1.0,1.0,1.0,1.0,2.0,1.0,1.0,1.0,1.0,1.0,2.0,1.0,1.0,1.0,1.0,1.0,2.0,2.0,2.0,1.0,1.0,1.0,1.0,2.0,1.0,1.0,2.0,2.0,1.0,1.0,2.0,2.0
1784,4,4,4,4,4,4,4,4,1,2,,30.0,4.0,,2.0,3.0,5.0,,,,6.0,,,,2.0,1.0,,,,,,,,4.0,4.0,5.0,,18.0,1.0,,,5.0,,1.0,,4.0,,,,,,,,,,,,1.0,1.0,1.0,1.0,1.0,1.0,6,3,4,3,3,5,6,5,3,2,60.0,55.0,58.0,65.0,68.0,62.0,70.0,55.0,40.0,45.0,1.0,1.0,1.0,2.0,2.0,1.0,2.0,2.0,2.0,2.0,1.0,1.0,1.0,2.0,1.0,1.0,2.0,2.0,2.0,1.0,1.0,1.0,1.0,2.0,2.0,1.0,1.0,2.0,2.0,1.0,1.0,2.0,2.0,1.0,2.0,1.0,1.0,2.0,2.0,1.0
1198,2,2,2,2,2,2,4,2,4,4,70.0,,2.0,,3.0,4.0,6.0,,,,,5.0,,,2.0,,2.0,,,,,,,2.0,4.0,5.0,18.0,,1.0,,,,2.0,,1.0,4.0,,1.0,1.0,1.0,1.0,1.0,1.0,1.0,1.0,1.0,1.0,,,,,,,6,3,4,3,3,5,6,5,3,2,45.0,40.0,40.0,50.0,55.0,45.0,60.0,40.0,50.0,50.0,1.0,2.0,1.0,2.0,2.0,1.0,2.0,2.0,2.0,1.0,1.0,2.0,1.0,1.0,1.0,1.0,2.0,2.0,1.0,1.0,1.0,1.0,2.0,1.0,2.0,2.0,1.0,2.0,1.0,2.0,1.0,2.0,2.0,2.0,2.0,1.0,1.0,1.0,2.0,1.0
1562,4,4,4,4,4,4,4,4,2,2,70.0,,,2.0,,,,3.0,5.0,2.0,5.0,,,,2.0,1.0,,2.0,4.0,4.0,,,,,,,20.0,,1.0,,,,2.0,1.0,,4.0,,,,,,,,,,,,1.0,1.0,1.0,1.0,1.0,1.0,6,3,4,3,3,5,6,5,3,2,60.0,55.0,60.0,65.0,65.0,60.0,70.0,60.0,40.0,40.0,2.0,2.0,2.0,2.0,2.0,2.0,1.0,1.0,2.0,2.0,1.0,2.0,1.0,2.0,1.0,1.0,2.0,2.0,1.0,1.0,2.0,2.0,2.0,1.0,2.0,1.0,1.0,2.0,2.0,2.0,1.0,1.0,1.0,2.0,1.0,1.0,1.0,2.0,1.0,2.0
384,4,4,4,4,4,4,4,4,2,2,70.0,,1.0,,3.0,4.0,5.0,,,,,5.0,1.0,54.0,,,2.0,2.0,4.0,5.0,,,,,,,18.0,,1.0,,,,2.0,1.0,,4.0,,,,,,,,,,,,1.0,1.0,1.0,1.0,1.0,1.0,6,3,4,4,2,5,6,6,3,2,55.0,50.0,52.0,60.0,62.0,58.0,65.0,54.0,40.0,38.0,2.0,2.0,1.0,2.0,1.0,2.0,1.0,2.0,1.0,1.0,1.0,2.0,1.0,1.0,1.0,1.0,2.0,1.0,1.0,2.0,1.0,1.0,2.0,1.0,2.0,2.0,1.0,1.0,2.0,2.0,2.0,2.0,1.0,1.0,2.0,1.0,1.0,2.0,1.0,1.0
598,5,5,5,5,5,5,5,5,1,1,,30.0,,1.0,3.0,4.0,6.0,,,,,6.0,1.0,54.0,,1.0,,,,,4.0,5.0,6.0,,,,20.0,,,2.0,,9.0,,,1.0,5.0,,1.0,1.0,1.0,1.0,1.0,1.0,1.0,1.0,1.0,1.0,,,,,,,6,3,4,3,3,5,6,5,3,2,60.0,55.0,60.0,65.0,70.0,60.0,75.0,60.0,35.0,30.0,2.0,1.0,1.0,2.0,1.0,2.0,2.0,2.0,1.0,1.0,2.0,2.0,1.0,2.0,1.0,1.0,2.0,2.0,2.0,1.0,1.0,2.0,2.0,1.0,2.0,1.0,1.0,1.0,1.0,1.0,1.0,1.0,1.0,1.0,1.0,2.0,1.0,1.0,1.0,2.0
162,2,2,2,1,2,2,4,1,5,5,70.0,,,1.0,,,,2.0,5.0,3.0,,5.0,1.0,54.0,,,2.0,,,,,,,2.0,4.0,5.0,18.0,,,2.0,,6.0,,,1.0,3.0,,,,,,,,,,,,1.0,1.0,1.0,1.0,1.0,1.0,6,3,4,4,2,5,6,6,3,2,45.0,40.0,38.0,35.0,40.0,38.0,60.0,30.0,55.0,55.0,1.0,1.0,1.0,2.0,2.0,1.0,2.0,1.0,2.0,1.0,1.0,1.0,2.0,1.0,2.0,1.0,2.0,1.0,2.0,1.0,1.0,1.0,2.0,2.0,1.0,1.0,1.0,2.0,2.0,1.0,2.0,1.0,1.0,2.0,1.0,1.0,1.0,1.0,2.0,2.0
2045,4,4,4,5,5,5,5,4,2,2,,30.0,,2.0,3.0,4.0,5.0,,,,6.0,,,,2.0,,2.0,2.0,4.0,5.0,,,,,,,,15.0,1.0,,,6.0,,1.0,,4.0,,,,,,,,,,,,1.0,1.0,1.0,1.0,1.0,1.0,6,3,4,4,3,5,6,6,3,2,60.0,55.0,60.0,65.0,70.0,65.0,70.0,60.0,40.0,45.0,2.0,1.0,1.0,2.0,1.0,2.0,2.0,2.0,2.0,2.0,2.0,1.0,1.0,2.0,1.0,1.0,1.0,2.0,1.0,1.0,2.0,1.0,2.0,1.0,2.0,2.0,1.0,1.0,2.0,2.0,2.0,1.0,2.0,2.0,1.0,1.0,2.0,1.0,2.0,1.0
34,3,3,3,4,4,3,4,3,2,2,,30.0,,2.0,3.0,4.0,5.0,,,,6.0,,1.0,40.0,,,2.0,2.0,3.0,4.0,,,,,,,18.0,,1.0,,4.0,,,1.0,,4.0,,1.0,1.0,1.0,1.0,1.0,1.0,1.0,1.0,1.0,1.0,,,,,,,6,3,4,3,3,5,6,5,3,2,40.0,35.0,35.0,50.0,55.0,40.0,60.0,45.0,30.0,30.0,2.0,2.0,2.0,2.0,2.0,1.0,2.0,2.0,1.0,1.0,2.0,2.0,1.0,2.0,2.0,2.0,2.0,1.0,1.0,2.0,2.0,1.0,2.0,2.0,2.0,1.0,2.0,2.0,2.0,2.0,1.0,2.0,2.0,1.0,1.0,2.0,1.0,2.0,2.0,1.0
1858,2,2,2,2,3,2,4,2,4,4,70.0,,,2.0,,,,3.0,4.0,2.0,,6.0,1.0,54.0,,1.0,,2.0,4.0,5.0,,,,,,,,18.0,1.0,,,6.0,,1.0,,,4.0,1.0,1.0,1.0,1.0,1.0,1.0,1.0,1.0,1.0,1.0,,,,,,,6,3,4,3,2,5,6,5,3,2,45.0,40.0,40.0,50.0,55.0,45.0,60.0,40.0,50.0,50.0,1.0,1.0,1.0,1.0,2.0,1.0,1.0,1.0,2.0,2.0,1.0,2.0,2.0,1.0,1.0,1.0,1.0,1.0,1.0,1.0,2.0,2.0,1.0,1.0,1.0,1.0,2.0,1.0,2.0,1.0,1.0,2.0,1.0,2.0,2.0,2.0,2.0,1.0,1.0,1.0
1159,5,5,5,5,5,5,5,5,1,1,70.0,,3.0,,3.0,4.0,6.0,,,,6.0,,,,2.0,1.0,,2.0,5.0,6.0,,,,,,,,20.0,,2.0,,,2.0,,1.0,5.0,,1.0,1.0,1.0,1.0,1.0,1.0,1.0,1.0,1.0,1.0,,,,,,,6,3,4,3,3,5,6,5,3,2,60.0,55.0,60.0,65.0,70.0,60.0,75.0,65.0,40.0,35.0,2.0,2.0,1.0,1.0,1.0,1.0,2.0,2.0,2.0,2.0,1.0,1.0,1.0,2.0,1.0,2.0,2.0,2.0,1.0,1.0,1.0,2.0,2.0,1.0,2.0,1.0,1.0,1.0,2.0,1.0,1.0,1.0,2.0,1.0,2.0,1.0,2.0,1.0,1.0,2.0
1636,4,4,4,5,5,5,5,4,1,2,70.0,,,2.0,3.0,4.0,6.0,,,,,,,,2.0,1.0,,2.0,4.0,5.0,,,,,,,,15.0,1.0,,,,2.0,,1.0,,4.0,1.0,1.0,1.0,1.0,1.0,1.0,1.0,1.0,1.0,1.0,,,,,,,6,3,4,3,3,5,6,5,3,2,60.0,55.0,58.0,65.0,70.0,68.0,72.0,60.0,40.0,45.0,2.0,2.0,2.0,2.0,2.0,2.0,2.0,2.0,2.0,2.0,2.0,2.0,2.0,1.0,2.0,2.0,1.0,2.0,2.0,2.0,1.0,1.0,1.0,1.0,2.0,2.0,2.0,2.0,2.0,2.0,2.0,1.0,1.0,1.0,2.0,2.0,2.0,2.0,2.0,2.0
1745,4,4,4,4,4,4,4,4,2,2,70.0,,3.0,,,,,3.0,5.0,2.0,,6.0,,,2.0,,2.0,,,,,,,3.0,4.0,5.0,5.0,,1.0,,,6.0,,1.0,,4.0,,,,,,,,,,,,1.0,1.0,1.0,1.0,1.0,1.0,6,3,4,3,2,5,6,5,3,2,55.0,50.0,52.0,60.0,65.0,58.0,70.0,60.0,40.0,35.0,2.0,2.0,2.0,2.0,2.0,1.0,2.0,1.0,1.0,2.0,1.0,1.0,1.0,1.0,1.0,1.0,2.0,1.0,1.0,1.0,1.0,2.0,2.0,1.0,1.0,2.0,2.0,1.0,2.0,1.0,1.0,1.0,2.0,2.0,2.0,1.0,2.0,2.0,2.0,1.0
559,5,5,5,5,5,5,5,5,1,2,70.0,,4.0,,3.0,4.0,6.0,,,,,6.0,1.0,54.0,,,2.0,,,,,,,4.0,5.0,6.0,,18.0,,2.0,,,3.0,1.0,,,5.0,,,,,,,,,,,1.0,1.0,1.0,1.0,1.0,1.0,6,3,4,4,3,5,6,6,3,2,60.0,55.0,50.0,65.0,70.0,60.0,75.0,60.0,40.0,45.0,2.0,1.0,1.0,1.0,2.0,2.0,2.0,1.0,2.0,1.0,1.0,1.0,1.0,2.0,2.0,2.0,1.0,2.0,2.0,1.0,2.0,1.0,1.0,1.0,1.0,1.0,2.0,2.0,1.0,1.0,2.0,1.0,2.0,1.0,2.0,2.0,1.0,1.0,1.0,1.0
236,3,3,3,4,4,4,4,3,2,2,,30.0,,2.0,3.0,4.0,5.0,,,,5.0,,,,2.0,1.0,,3.0,4.0,4.0,,,,,,,,15.0,1.0,,,6.0,,1.0,,,4.0,,,,,,,,,,,1.0,1.0,1.0,1.0,1.0,1.0,6,3,4,3,3,5,6,6,3,2,55.0,50.0,50.0,60.0,65.0,60.0,70.0,55.0,40.0,45.0,2.0,2.0,1.0,1.0,1.0,2.0,1.0,2.0,2.0,2.0,2.0,2.0,2.0,2.0,2.0,2.0,1.0,2.0,1.0,1.0,2.0,1.0,1.0,1.0,2.0,1.0,2.0,2.0,2.0,2.0,1.0,1.0,1.0,2.0,2.0,2.0,1.0,2.0,2.0,1.0
345,2,3,2,2,2,2,4,2,4,4,70.0,,2.0,,,,,3.0,4.0,2.0,,6.0,,,2.0,,2.0,,,,,,,3.0,4.0,5.0,,5.0,,2.0,,,2.0,,1.0,4.0,,,,,,,,,,,,1.0,1.0,1.0,1.0,1.0,1.0,6,3,4,3,3,5,6,5,3,2,45.0,40.0,42.0,38.0,40.0,35.0,55.0,40.0,50.0,50.0,1.0,1.0,1.0,2.0,1.0,2.0,2.0,1.0,2.0,2.0,1.0,2.0,1.0,1.0,1.0,2.0,1.0,2.0,1.0,1.0,1.0,2.0,2.0,1.0,2.0,1.0,2.0,1.0,1.0,2.0,2.0,1.0,2.0,1.0,2.0,2.0,1.0,2.0,2.0,1.0
1207,4,4,4,5,5,5,5,5,1,2,,30.0,3.0,,,,,3.0,5.0,2.0,,6.0,1.0,38.0,,,2.0,1.0,4.0,5.0,,,,,,,,18.0,1.0,,,6.0,,1.0,,5.0,,,,,,,,,,,,1.0,1.0,1.0,1.0,1.0,1.0,6,3,4,4,2,5,6,6,3,2,55.0,50.0,52.0,60.0,62.0,58.0,65.0,60.0,40.0,45.0,2.0,1.0,2.0,2.0,2.0,1.0,2.0,2.0,1.0,1.0,2.0,2.0,1.0,2.0,1.0,1.0,1.0,2.0,2.0,2.0,2.0,2.0,2.0,2.0,1.0,2.0,1.0,2.0,1.0,2.0,1.0,1.0,2.0,2.0,2.0,1.0,2.0,1.0,2.0,2.0
1374,2,3,2,2,3,2,4,2,4,2,70.0,,2.0,,,,,3.0,4.0,2.0,5.0,,1.0,40.0,,,2.0,,,,,,,2.0,4.0,4.0,,15.0,1.0,,4.0,,,1.0,,3.0,,,,,,,,,,,,1.0,1.0,1.0,1.0,1.0,1.0,6,3,4,4,3,5,6,6,3,2,40.0,35.0,38.0,45.0,50.0,35.0,60.0,40.0,55.0,38.0,2.0,1.0,1.0,1.0,1.0,1.0,1.0,2.0,2.0,1.0,2.0,1.0,2.0,1.0,1.0,1.0,1.0,1.0,1.0,1.0,1.0,2.0,2.0,2.0,1.0,2.0,2.0,1.0,1.0,1.0,2.0,1.0,2.0,1.0,1.0,2.0,1.0,1.0,2.0,1.0
1568,4,4,4,5,5,5,5,4,2,2,,30.0,,2.0,,,,3.0,5.0,2.0,6.0,,1.0,30.0,,,2.0,,,,,,,3.0,4.0,4.0,,15.0,1.0,,3.0,,,1.0,,4.0,,1.0,1.0,1.0,1.0,1.0,1.0,1.0,1.0,1.0,1.0,,,,,,,6,3,4,3,3,5,6,5,3,2,55.0,50.0,52.0,60.0,65.0,62.0,70.0,58.0,40.0,42.0,2.0,2.0,2.0,2.0,2.0,2.0,2.0,2.0,1.0,2.0,2.0,1.0,2.0,1.0,2.0,2.0,2.0,1.0,2.0,1.0,2.0,1.0,2.0,2.0,1.0,2.0,2.0,2.0,2.0,2.0,2.0,2.0,1.0,2.0,1.0,1.0,2.0,1.0,2.0,1.0
1192,4,4,4,4,4,4,4,4,2,3,,30.0,,2.0,,,,3.0,4.0,3.0,,5.0,,,2.0,1.0,,2.0,4.0,4.0,,,,,,,,15.0,1.0,,,,3.0,1.0,,4.0,,1.0,1.0,1.0,1.0,1.0,1.0,1.0,1.0,1.0,1.0,,,,,,,6,3,4,4,3,5,6,6,3,2,55.0,50.0,52.0,60.0,62.0,58.0,65.0,54.0,40.0,45.0,2.0,2.0,2.0,1.0,2.0,2.0,2.0,1.0,1.0,1.0,2.0,2.0,1.0,2.0,1.0,1.0,2.0,1.0,2.0,1.0,1.0,2.0,2.0,1.0,2.0,1.0,1.0,2.0,2.0,2.0,1.0,2.0,1.0,2.0,1.0,2.0,2.0,1.0,1.0,1.0
607,5,5,5,5,5,5,5,5,1,2,,30.0,,1.0,3.0,4.0,6.0,,,,6.0,,,,2.0,,2.0,2.0,5.0,5.0,,,,,,,,18.0,,2.0,3.0,,,1.0,,,5.0,1.0,1.0,1.0,1.0,1.0,1.0,1.0,1.0,1.0,1.0,,,,,,,6,3,4,4,3,5,6,6,4,2,60.0,55.0,50.0,65.0,70.0,60.0,75.0,55.0,40.0,45.0,1.0,1.0,2.0,2.0,1.0,2.0,2.0,1.0,1.0,2.0,2.0,1.0,2.0,2.0,2.0,2.0,1.0,1.0,1.0,2.0,1.0,1.0,1.0,2.0,2.0,1.0,1.0,2.0,1.0,2.0,2.0,1.0,2.0,2.0,2.0,2.0,1.0,2.0,1.0,2.0
774,4,4,4,4,4,4,4,4,2,2,,30.0,3.0,,,,,3.0,5.0,2.0,,5.0,1.0,54.0,,1.0,,1.0,4.0,4.0,,,,,,,,0.0,,2.0,,,2.0,,1.0,,4.0,,,,,,,,,,,1.0,1.0,1.0,1.0,1.0,1.0,6,3,4,4,3,5,6,6,3,2,55.0,50.0,52.0,60.0,62.0,58.0,65.0,54.0,40.0,38.0,2.0,2.0,2.0,1.0,2.0,1.0,2.0,2.0,2.0,2.0,1.0,2.0,1.0,2.0,2.0,1.0,2.0,2.0,1.0,2.0,2.0,2.0,1.0,2.0,1.0,1.0,2.0,2.0,1.0,1.0,2.0,2.0,1.0,2.0,2.0,2.0,2.0,2.0,2.0,2.0
168,2,3,2,2,2,2,3,2,4,3,,30.0,2.0,,,,,3.0,5.0,2.0,5.0,,,,2.0,1.0,,,,,,,,2.0,4.0,5.0,18.0,,1.0,,,6.0,,1.0,,,4.0,,,,,,,,,,,1.0,1.0,1.0,1.0,1.0,1.0,6,3,4,4,2,5,6,6,3,2,40.0,35.0,38.0,45.0,50.0,30.0,55.0,40.0,60.0,35.0,2.0,2.0,1.0,1.0,1.0,2.0,1.0,1.0,1.0,1.0,2.0,2.0,2.0,1.0,1.0,1.0,1.0,2.0,2.0,1.0,2.0,2.0,1.0,1.0,2.0,1.0,2.0,1.0,1.0,1.0,2.0,1.0,1.0,1.0,2.0,2.0,1.0,1.0,1.0,1.0
592,4,4,4,4,4,4,5,4,2,2,,30.0,,2.0,3.0,4.0,5.0,,,,,5.0,1.0,54.0,,1.0,,,,,4.0,4.0,5.0,,,,18.0,,1.0,,,,2.0,,1.0,4.0,,,,,,,,,,,,1.0,1.0,1.0,1.0,1.0,1.0,6,3,4,4,3,5,6,6,3,2,55.0,50.0,52.0,60.0,62.0,58.0,65.0,54.0,40.0,42.0,1.0,1.0,2.0,2.0,1.0,1.0,1.0,1.0,1.0,2.0,1.0,2.0,2.0,2.0,1.0,2.0,2.0,1.0,2.0,2.0,1.0,2.0,1.0,1.0,2.0,1.0,2.0,2.0,1.0,2.0,1.0,2.0,1.0,2.0,1.0,1.0,1.0,1.0,2.0,2.0
869,2,2,2,2,2,2,4,2,4,2,,30.0,,2.0,3.0,4.0,5.0,,,,,5.0,,,2.0,1.0,,,,,2.0,4.0,5.0,,,,,18.0,1.0,,,6.0,,1.0,,,4.0,,,,,,,,,,,1.0,1.0,1.0,1.0,1.0,1.0,6,3,4,3,2,5,6,5,3,2,40.0,35.0,35.0,30.0,35.0,30.0,50.0,35.0,45.0,35.0,2.0,1.0,1.0,1.0,1.0,1.0,2.0,1.0,2.0,1.0,1.0,1.0,2.0,1.0,1.0,2.0,2.0,2.0,1.0,2.0,1.0,1.0,2.0,2.0,1.0,1.0,1.0,1.0,1.0,1.0,1.0,1.0,1.0,2.0,2.0,1.0,1.0,1.0,2.0,1.0
1893,5,5,5,5,5,5,5,5,1,2,,30.0,,1.0,3.0,4.0,6.0,,,,6.0,,1.0,54.0,,1.0,,2.0,4.0,5.0,,,,,,,,18.0,1.0,,,,2.0,1.0,,5.0,,,,,,,,,,,,1.0,1.0,1.0,1.0,1.0,1.0,6,3,4,3,3,5,6,5,3,2,60.0,55.0,58.0,65.0,68.0,62.0,70.0,60.0,40.0,45.0,,,,,,,,,,,,,,,,,,,,,,,,,,,,,,,,,,,,,,,,
1020,5,5,5,5,5,5,5,5,1,1,70.0,,,1.0,3.0,4.0,6.0,,,,6.0,,,,2.0,,2.0,,,,,,,4.0,5.0,6.0,,0.0,,2.0,,,3.0,1.0,,5.0,,,,,,,,,,,,1.0,1.0,1.0,1.0,1.0,1.0,6,3,4,3,3,5,6,6,4,2,60.0,55.0,50.0,65.0,60.0,60.0,70.0,55.0,40.0,35.0,2.0,1.0,2.0,2.0,2.0,1.0,2.0,2.0,1.0,1.0,2.0,1.0,2.0,1.0,1.0,2.0,2.0,1.0,1.0,2.0,2.0,2.0,2.0,1.0,2.0,1.0,1.0,1.0,1.0,2.0,1.0,2.0,1.0,1.0,2.0,2.0,2.0,1.0,1.0,1.0
1153,4,4,4,4,4,4,5,4,2,2,70.0,,3.0,,,,,3.0,5.0,2.0,,6.0,1.0,54.0,,1.0,,2.0,4.0,5.0,,,,,,,,18.0,1.0,,,,3.0,1.0,,,4.0,,,,,,,,,,,1.0,1.0,1.0,1.0,1.0,1.0,6,3,4,3,3,5,6,5,3,2,55.0,50.0,52.0,60.0,62.0,58.0,65.0,54.0,40.0,38.0,2.0,2.0,1.0,2.0,1.0,1.0,1.0,2.0,2.0,2.0,2.0,1.0,2.0,2.0,1.0,1.0,2.0,2.0,2.0,2.0,2.0,2.0,1.0,2.0,2.0,1.0,2.0,1.0,2.0,1.0,2.0,1.0,2.0,2.0,1.0,2.0,2.0,2.0,1.0,1.0
420,3,3,3,3,4,3,4,3,2,2,70.0,,,2.0,,,,3.0,5.0,4.0,6.0,,,,2.0,,2.0,,,,,,,3.0,4.0,5.0,,5.0,1.0,,4.0,,,,1.0,,4.0,1.0,1.0,1.0,1.0,1.0,1.0,1.0,1.0,1.0,1.0,,,,,,,6,3,5,4,3,5,6,5,3,2,55.0,50.0,52.0,60.0,65.0,58.0,70.0,60.0,45.0,40.0,1.0,2.0,2.0,1.0,1.0,1.0,1.0,1.0,2.0,2.0,1.0,2.0,1.0,1.0,1.0,1.0,1.0,2.0,2.0,1.0,1.0,2.0,1.0,1.0,1.0,1.0,1.0,2.0,1.0,2.0,1.0,1.0,1.0,1.0,1.0,1.0,1.0,2.0,1.0,2.0
553,2,3,2,2,3,2,4,2,4,3,70.0,,2.0,,2.0,3.0,5.0,,,,5.0,,,,2.0,,2.0,,,,2.0,4.0,5.0,,,,5.0,,,2.0,,6.0,,1.0,,,4.0,,,,,,,,,,,1.0,1.0,1.0,1.0,1.0,1.0,6,3,4,4,2,5,6,6,3,2,40.0,35.0,38.0,45.0,50.0,35.0,60.0,40.0,55.0,45.0,2.0,1.0,2.0,1.0,2.0,2.0,1.0,1.0,1.0,1.0,1.0,1.0,2.0,1.0,2.0,2.0,1.0,2.0,2.0,1.0,1.0,1.0,1.0,1.0,1.0,1.0,1.0,2.0,1.0,1.0,1.0,2.0,2.0,2.0,2.0,1.0,2.0,1.0,1.0,1.0
1921,2,3,2,2,3,2,4,2,4,3,70.0,,2.0,,3.0,4.0,5.0,,,,,5.0,,,2.0,1.0,,,,,3.0,4.0,4.0,,,,,15.0,1.0,,,,2.0,1.0,,4.0,,,,,,,,,,,,1.0,1.0,1.0,1.0,1.0,1.0,6,3,4,4,3,5,6,6,3,2,45.0,40.0,40.0,50.0,55.0,45.0,60.0,40.0,50.0,45.0,2.0,2.0,1.0,1.0,2.0,2.0,1.0,1.0,1.0,1.0,1.0,2.0,1.0,2.0,2.0,2.0,2.0,1.0,1.0,1.0,2.0,2.0,1.0,2.0,1.0,2.0,1.0,1.0,2.0,1.0,2.0,1.0,1.0,1.0,1.0,2.0,1.0,1.0,2.0,1.0
1852,2,2,2,2,2,2,4,2,4,4,70.0,,2.0,,2.0,3.0,5.0,,,,5.0,,,,2.0,,2.0,,,,2.0,4.0,5.0,,,,18.0,,,2.0,5.0,,,,1.0,4.0,,,,,,,,,,,,1.0,1.0,1.0,1.0,1.0,1.0,6,3,4,4,3,5,6,6,3,2,45.0,40.0,40.0,40.0,40.0,40.0,60.0,40.0,60.0,60.0,2.0,2.0,1.0,1.0,1.0,1.0,1.0,1.0,1.0,2.0,2.0,2.0,2.0,1.0,1.0,2.0,1.0,1.0,1.0,1.0,1.0,2.0,2.0,2.0,1.0,2.0,2.0,1.0,2.0,2.0,1.0,2.0,2.0,2.0,1.0,2.0,1.0,1.0,1.0,1.0
1649,4,4,4,5,5,5,5,4,1,2,70.0,,3.0,,3.0,4.0,6.0,,,,6.0,,,,2.0,,2.0,,,,,,,3.0,4.0,5.0,20.0,,,2.0,,,2.0,,1.0,4.0,,1.0,1.0,1.0,1.0,1.0,1.0,1.0,1.0,1.0,1.0,,,,,,,6,3,4,3,3,5,6,5,3,2,55.0,50.0,52.0,60.0,65.0,62.0,70.0,58.0,40.0,45.0,1.0,2.0,2.0,2.0,2.0,1.0,1.0,2.0,1.0,2.0,2.0,2.0,1.0,2.0,2.0,2.0,2.0,1.0,2.0,2.0,2.0,1.0,2.0,2.0,2.0,1.0,2.0,2.0,1.0,1.0,2.0,2.0,1.0,2.0,2.0,2.0,2.0,1.0,2.0,2.0
1055,5,4,4,4,5,4,5,5,2,2,70.0,,3.0,,,,,4.0,5.0,3.0,,6.0,,,2.0,1.0,,2.0,4.0,5.0,,,,,,,18.0,,,2.0,,6.0,,,1.0,,5.0,1.0,1.0,1.0,1.0,1.0,1.0,1.0,1.0,1.0,1.0,,,,,,,6,3,4,3,3,5,6,5,3,2,60.0,55.0,58.0,65.0,70.0,62.0,75.0,60.0,40.0,45.0,2.0,2.0,1.0,2.0,1.0,1.0,1.0,1.0,2.0,2.0,1.0,2.0,1.0,1.0,2.0,2.0,1.0,1.0,2.0,1.0,2.0,1.0,1.0,1.0,2.0,2.0,2.0,1.0,1.0,1.0,2.0,1.0,1.0,1.0,1.0,1.0,2.0,1.0,1.0,2.0
1126,4,4,4,2,3,2,4,2,4,2,70.0,,,2.0,3.0,4.0,5.0,,,,,5.0,,,2.0,,2.0,,,,3.0,4.0,5.0,,,,18.0,,,2.0,,6.0,,1.0,,,4.0,1.0,1.0,1.0,1.0,1.0,1.0,1.0,1.0,1.0,1.0,,,,,,,6,3,4,3,3,5,6,5,3,2,45.0,40.0,42.0,38.0,50.0,35.0,60.0,30.0,55.0,28.0,1.0,2.0,1.0,2.0,1.0,2.0,1.0,2.0,2.0,1.0,1.0,2.0,2.0,1.0,1.0,2.0,1.0,1.0,2.0,2.0,1.0,1.0,1.0,2.0,2.0,2.0,2.0,2.0,1.0,2.0,1.0,2.0,1.0,1.0,2.0,1.0,2.0,1.0,1.0,1.0
249,2,2,2,2,3,2,3,2,4,4,70.0,,2.0,,3.0,4.0,5.0,,,,6.0,,1.0,54.0,,,2.0,2.0,4.0,5.0,,,,,,,,5.0,1.0,,,,2.0,1.0,,4.0,,1.0,1.0,1.0,1.0,1.0,1.0,1.0,1.0,1.0,1.0,,,,,,,6,3,4,3,3,5,6,5,3,2,45.0,40.0,40.0,50.0,55.0,45.0,60.0,40.0,50.0,50.0,1.0,2.0,1.0,2.0,1.0,1.0,1.0,2.0,1.0,1.0,1.0,2.0,1.0,2.0,1.0,1.0,1.0,1.0,1.0,1.0,1.0,1.0,1.0,1.0,1.0,2.0,2.0,1.0,2.0,1.0,1.0,1.0,2.0,1.0,1.0,1.0,1.0,1.0,2.0,1.0
455,2,2,2,2,2,2,4,2,4,2,70.0,,,2.0,3.0,4.0,5.0,,,,,5.0,1.0,54.0,,1.0,,,,,3.0,4.0,5.0,,,,20.0,,,2.0,,,3.0,1.0,,,4.0,1.0,1.0,1.0,1.0,1.0,1.0,1.0,1.0,1.0,1.0,,,,,,,6,3,4,3,3,5,6,5,3,2,45.0,40.0,40.0,40.0,45.0,35.0,60.0,40.0,50.0,35.0,1.0,2.0,1.0,2.0,2.0,2.0,2.0,2.0,1.0,2.0,2.0,2.0,2.0,1.0,1.0,1.0,1.0,1.0,2.0,1.0,1.0,1.0,2.0,1.0,1.0,1.0,1.0,1.0,1.0,1.0,1.0,2.0,2.0,2.0,2.0,2.0,2.0,2.0,1.0,2.0
526,2,2,2,2,2,2,4,2,4,4,70.0,,,2.0,,,,3.0,5.0,2.0,,5.0,1.0,54.0,,1.0,,,,,2.0,4.0,4.0,,,,,0.0,2.0,,,6.0,,,1.0,,4.0,,,,,,,,,,,1.0,1.0,1.0,1.0,1.0,1.0,6,3,4,3,3,5,6,5,3,2,40.0,35.0,38.0,45.0,50.0,40.0,60.0,35.0,55.0,50.0,1.0,1.0,2.0,1.0,2.0,2.0,2.0,1.0,1.0,1.0,2.0,1.0,1.0,2.0,2.0,1.0,2.0,1.0,1.0,1.0,2.0,1.0,1.0,1.0,2.0,1.0,1.0,1.0,1.0,1.0,1.0,2.0,1.0,2.0,1.0,2.0,1.0,1.0,2.0,1.0
1954,4,4,4,4,4,4,4,4,2,2,70.0,,,2.0,3.0,4.0,6.0,,,,6.0,,1.0,54.0,,1.0,,,,,4.0,4.0,5.0,,,,,16.0,,2.0,4.0,,,,1.0,,4.0,1.0,1.0,1.0,1.0,1.0,1.0,1.0,1.0,1.0,1.0,,,,,,,6,3,4,4,3,5,6,6,3,2,55.0,50.0,52.0,60.0,62.0,58.0,65.0,54.0,40.0,42.0,1.0,2.0,2.0,2.0,1.0,1.0,1.0,2.0,2.0,2.0,2.0,1.0,1.0,2.0,2.0,1.0,1.0,2.0,1.0,2.0,2.0,2.0,1.0,2.0,1.0,1.0,2.0,1.0,1.0,2.0,1.0,2.0,1.0,1.0,1.0,1.0,1.0,2.0,2.0,1.0
1827,2,2,2,2,2,2,3,2,4,4,,30.0,,2.0,2.0,3.0,5.0,,,,,6.0,1.0,40.0,,,2.0,,,,,,,4.0,4.0,5.0,,5.0,,2.0,,,3.0,1.0,,4.0,,,,,,,,,,,,1.0,1.0,1.0,1.0,1.0,1.0,6,3,4,3,2,5,6,5,3,2,45.0,40.0,40.0,40.0,45.0,35.0,50.0,40.0,50.0,45.0,2.0,1.0,2.0,2.0,2.0,1.0,1.0,2.0,2.0,1.0,1.0,2.0,2.0,1.0,2.0,2.0,1.0,1.0,1.0,2.0,2.0,1.0,2.0,1.0,2.0,1.0,1.0,2.0,2.0,1.0,2.0,1.0,2.0,1.0,2.0,1.0,1.0,2.0,1.0,1.0
1094,5,4,4,4,4,4,4,4,2,2,,30.0,4.0,,3.0,4.0,5.0,,,,,6.0,1.0,54.0,,,2.0,,,,2.0,4.0,5.0,,,,,20.0,,2.0,,6.0,,,1.0,,4.0,1.0,1.0,1.0,1.0,1.0,1.0,1.0,1.0,1.0,1.0,,,,,,,6,3,4,3,3,5,6,6,3,2,55.0,50.0,52.0,60.0,62.0,58.0,65.0,54.0,40.0,42.0,2.0,2.0,2.0,2.0,2.0,2.0,2.0,2.0,2.0,2.0,2.0,1.0,2.0,2.0,2.0,2.0,1.0,2.0,2.0,1.0,2.0,1.0,2.0,2.0,1.0,2.0,1.0,1.0,1.0,2.0,1.0,2.0,2.0,1.0,1.0,2.0,2.0,2.0,2.0,2.0
1272,4,4,4,4,4,4,4,4,2,2,,30.0,3.0,,3.0,4.0,5.0,,,,6.0,,1.0,40.0,,,2.0,,,,,,,3.0,4.0,4.0,20.0,,,2.0,,,2.0,,1.0,4.0,,,,,,,,,,,,1.0,1.0,1.0,1.0,1.0,1.0,6,3,4,4,3,5,6,6,3,2,60.0,55.0,60.0,65.0,70.0,60.0,70.0,65.0,40.0,40.0,2.0,1.0,1.0,1.0,1.0,1.0,1.0,1.0,2.0,2.0,2.0,2.0,2.0,2.0,2.0,1.0,2.0,2.0,2.0,1.0,2.0,1.0,2.0,2.0,2.0,2.0,2.0,1.0,2.0,1.0,1.0,1.0,1.0,1.0,1.0,1.0,2.0,2.0,1.0,2.0
1301,4,4,4,4,4,4,5,4,2,2,,30.0,3.0,,,,,3.0,4.0,3.0,6.0,,,,2.0,,2.0,,,,4.0,5.0,6.0,,,,18.0,,1.0,,4.0,,,,1.0,4.0,,1.0,1.0,1.0,1.0,1.0,1.0,1.0,1.0,1.0,1.0,,,,,,,6,3,4,4,3,5,6,5,4,2,60.0,55.0,58.0,65.0,68.0,62.0,70.0,60.0,40.0,45.0,1.0,1.0,1.0,1.0,2.0,2.0,2.0,1.0,1.0,1.0,1.0,1.0,1.0,1.0,1.0,2.0,2.0,1.0,1.0,1.0,2.0,1.0,1.0,2.0,1.0,1.0,1.0,1.0,1.0,1.0,2.0,2.0,2.0,2.0,1.0,1.0,1.0,1.0,1.0,2.0
1688,2,3,3,2,3,2,4,2,4,3,70.0,,3.0,,,,,3.0,4.0,2.0,5.0,,1.0,54.0,,,2.0,2.0,3.0,4.0,,,,,,,,15.0,1.0,,,5.0,,,1.0,4.0,,1.0,1.0,1.0,1.0,1.0,1.0,1.0,1.0,1.0,1.0,,,,,,,6,3,4,3,3,5,6,5,3,2,45.0,40.0,40.0,50.0,55.0,40.0,60.0,45.0,35.0,40.0,2.0,2.0,1.0,1.0,1.0,1.0,1.0,1.0,2.0,1.0,2.0,1.0,1.0,2.0,2.0,1.0,1.0,1.0,2.0,2.0,1.0,1.0,2.0,2.0,1.0,1.0,2.0,2.0,2.0,2.0,2.0,2.0,2.0,1.0,1.0,1.0,2.0,1.0,2.0,1.0
494,5,5,5,5,5,5,5,5,1,1,,30.0,1.0,,,,,3.0,4.0,2.0,,6.0,1.0,40.0,,,2.0,,,,2.0,5.0,6.0,,,,,20.0,,2.0,,,1.0,1.0,,,6.0,1.0,1.0,1.0,1.0,1.0,1.0,1.0,1.0,1.0,1.0,,,,,,,6,3,3,2,3,5,6,6,4,2,60.0,55.0,60.0,65.0,70.0,60.0,70.0,60.0,40.0,35.0,,,,,,,,,,,,,,,,,,,,,,,,,,,,,,,,,,,,,,,,
672,2,2,2,2,2,2,4,2,4,3,,30.0,,2.0,,,,3.0,5.0,4.0,6.0,,,,2.0,,2.0,,,,2.0,4.0,5.0,,,,18.0,,1.0,,,6.0,,1.0,,4.0,,1.0,1.0,1.0,1.0,1.0,1.0,1.0,1.0,1.0,1.0,,,,,,,6,3,4,3,3,5,6,5,3,2,45.0,40.0,42.0,55.0,60.0,50.0,65.0,48.0,38.0,41.0,2.0,1.0,1.0,1.0,1.0,2.0,2.0,1.0,2.0,2.0,1.0,2.0,1.0,1.0,1.0,1.0,1.0,1.0,1.0,1.0,1.0,2.0,2.0,2.0,2.0,2.0,1.0,2.0,2.0,1.0,1.0,2.0,2.0,2.0,2.0,2.0,2.0,2.0,1.0,1.0
701,2,2,2,2,2,2,4,2,4,4,,30.0,,2.0,3.0,4.0,5.0,,,,6.0,,1.0,54.0,,,2.0,,,,,,,2.0,4.0,4.0,,0.0,,2.0,3.0,,,,1.0,3.0,,1.0,1.0,1.0,1.0,1.0,1.0,1.0,1.0,1.0,1.0,,,,,,,6,3,4,4,2,5,6,6,3,2,45.0,40.0,40.0,45.0,50.0,45.0,60.0,40.0,50.0,50.0,2.0,1.0,1.0,1.0,1.0,1.0,1.0,1.0,1.0,1.0,2.0,2.0,1.0,1.0,2.0,2.0,2.0,2.0,2.0,2.0,2.0,2.0,2.0,2.0,2.0,2.0,2.0,2.0,1.0,1.0,1.0,1.0,2.0,2.0,2.0,2.0,2.0,1.0,1.0,2.0
288,5,5,5,5,5,5,5,5,1,2,70.0,,,2.0,,,,3.0,5.0,2.0,,,1.0,32.0,,,2.0,2.0,5.0,5.0,,,,,,,18.0,,,2.0,,6.0,,,1.0,5.0,,1.0,1.0,1.0,1.0,1.0,1.0,1.0,1.0,1.0,1.0,,,,,,,6,3,4,3,3,5,6,5,3,2,60.0,55.0,58.0,65.0,68.0,62.0,70.0,60.0,40.0,35.0,2.0,2.0,1.0,2.0,1.0,2.0,1.0,2.0,2.0,1.0,2.0,1.0,2.0,1.0,2.0,2.0,2.0,2.0,2.0,2.0,2.0,1.0,2.0,1.0,1.0,2.0,2.0,2.0,1.0,1.0,1.0,2.0,1.0,1.0,1.0,2.0,2.0,2.0,2.0,1.0
1995,4,4,4,4,4,4,4,4,2,2,70.0,,4.0,,3.0,4.0,5.0,,,,6.0,,1.0,54.0,,1.0,,,,,,,,4.0,4.0,5.0,,18.0,1.0,,4.0,,,2.0,,,4.0,1.0,1.0,1.0,1.0,1.0,1.0,1.0,1.0,1.0,1.0,,,,,,,6,4,5,4,2,5,6,5,3,2,55.0,50.0,52.0,60.0,62.0,58.0,65.0,54.0,40.0,42.0,2.0,2.0,2.0,2.0,1.0,1.0,2.0,1.0,1.0,2.0,1.0,1.0,2.0,1.0,2.0,1.0,1.0,2.0,2.0,2.0,1.0,1.0,2.0,1.0,2.0,1.0,2.0,2.0,2.0,2.0,1.0,1.0,1.0,1.0,2.0,2.0,1.0,1.0,1.0,1.0
685,5,5,5,5,5,5,5,5,1,2,70.0,,4.0,,3.0,4.0,6.0,,,,6.0,,1.0,54.0,,1.0,,,,,3.0,5.0,6.0,,,,,20.0,1.0,,,,2.0,,1.0,5.0,,,,,,,,,,,,1.0,1.0,1.0,1.0,1.0,1.0,6,3,4,4,3,5,6,6,4,2,60.0,55.0,50.0,55.0,60.0,60.0,65.0,55.0,40.0,45.0,1.0,1.0,2.0,2.0,1.0,2.0,1.0,1.0,1.0,1.0,2.0,2.0,2.0,2.0,1.0,2.0,1.0,2.0,1.0,2.0,2.0,1.0,2.0,2.0,1.0,2.0,1.0,2.0,1.0,1.0,1.0,1.0,1.0,1.0,1.0,1.0,2.0,2.0,2.0,1.0
463,5,5,5,5,5,5,5,5,1,2,,30.0,,1.0,3.0,4.0,6.0,,,,,6.0,,,2.0,1.0,,,,,,,,4.0,5.0,6.0,,5.0,1.0,,,6.0,,,1.0,,5.0,,,,,,,,,,,1.0,1.0,1.0,1.0,1.0,1.0,6,3,4,3,3,5,6,6,4,2,60.0,55.0,58.0,65.0,70.0,62.0,75.0,60.0,40.0,45.0,2.0,2.0,2.0,2.0,1.0,1.0,1.0,2.0,2.0,2.0,1.0,1.0,1.0,2.0,2.0,1.0,1.0,2.0,2.0,1.0,1.0,1.0,2.0,2.0,2.0,1.0,2.0,1.0,2.0,2.0,2.0,1.0,2.0,1.0,2.0,1.0,1.0,2.0,2.0,1.0
510,2,2,2,2,2,2,4,2,4,4,,30.0,2.0,,3.0,4.0,5.0,,,,,6.0,1.0,54.0,,1.0,,,,,2.0,4.0,5.0,,,,20.0,,,2.0,4.0,,,,1.0,,4.0,1.0,1.0,1.0,1.0,1.0,1.0,1.0,1.0,1.0,1.0,,,,,,,6,3,4,4,3,5,6,6,3,2,40.0,35.0,35.0,40.0,45.0,40.0,50.0,35.0,45.0,45.0,2.0,1.0,1.0,1.0,1.0,2.0,2.0,1.0,2.0,1.0,1.0,1.0,2.0,1.0,2.0,2.0,2.0,1.0,1.0,1.0,1.0,2.0,1.0,1.0,1.0,1.0,1.0,1.0,1.0,1.0,1.0,1.0,2.0,1.0,1.0,1.0,2.0,2.0,1.0,1.0
1285,3,3,3,4,4,4,4,3,2,2,,30.0,,3.0,,,,4.0,5.0,3.0,6.0,,,,2.0,1.0,,,,,3.0,4.0,4.0,,,,,18.0,,2.0,,6.0,,1.0,,4.0,,1.0,1.0,1.0,1.0,1.0,1.0,1.0,1.0,1.0,1.0,,,,,,,6,3,4,3,3,5,6,5,3,2,45.0,40.0,42.0,55.0,60.0,58.0,65.0,50.0,38.0,35.0,1.0,2.0,2.0,2.0,2.0,1.0,2.0,2.0,2.0,2.0,2.0,2.0,1.0,2.0,2.0,2.0,1.0,2.0,2.0,1.0,1.0,2.0,1.0,2.0,1.0,1.0,1.0,1.0,1.0,1.0,2.0,2.0,1.0,2.0,2.0,2.0,2.0,2.0,1.0,1.0
1063,4,4,4,4,4,4,4,4,2,2,70.0,,,2.0,3.0,4.0,5.0,,,,,6.0,1.0,54.0,,1.0,,,,,,,,3.0,4.0,5.0,,10.0,,2.0,,5.0,,1.0,,4.0,,,,,,,,,,,,1.0,1.0,1.0,1.0,1.0,1.0,6,3,4,4,3,5,6,6,3,2,60.0,55.0,60.0,65.0,70.0,60.0,70.0,60.0,40.0,45.0,2.0,2.0,2.0,1.0,2.0,2.0,2.0,2.0,1.0,2.0,2.0,1.0,2.0,1.0,2.0,1.0,2.0,1.0,2.0,1.0,1.0,2.0,2.0,2.0,2.0,2.0,2.0,1.0,2.0,2.0,1.0,2.0,1.0,1.0,2.0,2.0,1.0,2.0,1.0,2.0
1110,2,3,2,2,2,2,3,2,4,4,70.0,,2.0,,,,,3.0,4.0,3.0,6.0,,1.0,54.0,,1.0,,,,,,,,2.0,4.0,5.0,,18.0,,2.0,,,3.0,,1.0,,4.0,1.0,1.0,1.0,1.0,1.0,1.0,1.0,1.0,1.0,1.0,,,,,,,6,3,4,4,3,5,6,5,3,2,45.0,40.0,40.0,35.0,40.0,35.0,50.0,40.0,55.0,50.0,2.0,2.0,1.0,2.0,2.0,1.0,1.0,1.0,1.0,1.0,2.0,1.0,1.0,2.0,1.0,1.0,1.0,1.0,2.0,2.0,1.0,1.0,2.0,1.0,1.0,2.0,1.0,2.0,1.0,2.0,1.0,1.0,1.0,1.0,1.0,1.0,1.0,1.0,1.0,2.0
1499,4,4,4,5,5,5,5,5,2,2,,30.0,4.0,,3.0,4.0,6.0,,,,,6.0,,,2.0,1.0,,,,,4.0,4.0,5.0,,,,,15.0,,2.0,,,3.0,1.0,,5.0,,1.0,1.0,1.0,1.0,1.0,1.0,1.0,1.0,1.0,1.0,,,,,,,6,3,4,3,3,5,6,6,3,2,60.0,55.0,58.0,65.0,70.0,68.0,72.0,60.0,40.0,35.0,2.0,1.0,1.0,2.0,1.0,2.0,1.0,2.0,1.0,1.0,1.0,2.0,2.0,1.0,1.0,2.0,2.0,1.0,1.0,2.0,2.0,1.0,1.0,1.0,1.0,1.0,2.0,2.0,1.0,1.0,2.0,2.0,2.0,1.0,1.0,2.0,1.0,1.0,1.0,1.0
1962,4,4,4,4,4,4,4,4,2,2,70.0,,3.0,,,,,3.0,4.0,2.0,6.0,,1.0,54.0,,1.0,,,,,,,,3.0,4.0,4.0,20.0,,1.0,,,,2.0,1.0,,,4.0,,,,,,,,,,,1.0,1.0,1.0,1.0,1.0,1.0,6,3,4,3,3,5,6,5,3,2,55.0,50.0,52.0,60.0,65.0,58.0,70.0,60.0,40.0,35.0,2.0,2.0,2.0,2.0,2.0,2.0,2.0,2.0,2.0,2.0,2.0,2.0,2.0,2.0,2.0,2.0,2.0,2.0,2.0,2.0,2.0,2.0,2.0,2.0,2.0,2.0,2.0,2.0,2.0,2.0,2.0,2.0,2.0,2.0,2.0,2.0,2.0,2.0,2.0,2.0
1811,5,5,5,5,5,5,5,5,1,2,,30.0,4.0,,,,,3.0,5.0,2.0,6.0,,,,2.0,1.0,,,,,3.0,5.0,6.0,,,,5.0,,1.0,,,6.0,,,1.0,5.0,,,,,,,,,,,,1.0,1.0,1.0,1.0,1.0,1.0,6,3,4,3,3,5,6,5,4,2,60.0,55.0,58.0,65.0,70.0,62.0,75.0,60.0,40.0,45.0,2.0,2.0,2.0,2.0,2.0,1.0,2.0,1.0,2.0,2.0,2.0,1.0,2.0,1.0,2.0,2.0,2.0,1.0,1.0,2.0,1.0,2.0,2.0,2.0,2.0,2.0,2.0,2.0,2.0,2.0,2.0,1.0,2.0,1.0,2.0,1.0,1.0,2.0,1.0,2.0
998,5,5,5,5,5,5,5,5,1,2,,30.0,,1.0,3.0,4.0,6.0,,,,6.0,,1.0,54.0,,1.0,,,,,,,,4.0,5.0,6.0,,15.0,,2.0,5.0,,,1.0,,,5.0,,,,,,,,,,,1.0,1.0,1.0,1.0,1.0,1.0,6,3,4,4,3,5,6,6,4,2,60.0,55.0,60.0,65.0,70.0,60.0,75.0,60.0,40.0,45.0,2.0,2.0,2.0,2.0,1.0,2.0,1.0,1.0,2.0,2.0,2.0,2.0,1.0,1.0,1.0,2.0,1.0,1.0,2.0,1.0,2.0,2.0,2.0,1.0,1.0,1.0,1.0,1.0,1.0,2.0,1.0,2.0,1.0,1.0,1.0,2.0,1.0,2.0,2.0,2.0
644,2,2,2,2,2,2,4,2,4,2,,30.0,2.0,,,,,3.0,5.0,2.0,5.0,,1.0,54.0,,,2.0,,,,2.0,4.0,5.0,,,,18.0,,,2.0,4.0,,,1.0,,4.0,,,,,,,,,,,,1.0,1.0,1.0,1.0,1.0,1.0,6,3,4,4,3,5,6,6,3,2,45.0,40.0,40.0,35.0,40.0,35.0,50.0,40.0,45.0,40.0,2.0,1.0,1.0,2.0,1.0,2.0,1.0,2.0,1.0,2.0,1.0,2.0,1.0,1.0,2.0,2.0,1.0,1.0,2.0,2.0,1.0,1.0,2.0,1.0,2.0,1.0,1.0,1.0,2.0,1.0,2.0,1.0,1.0,1.0,1.0,2.0,2.0,2.0,1.0,1.0
737,5,5,5,5,5,5,5,5,1,1,70.0,,,1.0,,,,3.0,5.0,2.0,,6.0,1.0,54.0,,,2.0,1.0,4.0,4.0,,,,,,,,20.0,1.0,,,,2.0,,1.0,,5.0,1.0,1.0,1.0,1.0,1.0,1.0,1.0,1.0,1.0,1.0,,,,,,,6,3,4,3,3,5,6,5,3,2,55.0,50.0,52.0,60.0,65.0,58.0,70.0,60.0,40.0,35.0,2.0,2.0,2.0,2.0,2.0,2.0,1.0,2.0,2.0,1.0,2.0,2.0,2.0,1.0,1.0,2.0,2.0,2.0,2.0,2.0,2.0,2.0,2.0,2.0,2.0,2.0,2.0,2.0,1.0,2.0,2.0,2.0,1.0,1.0,1.0,2.0,2.0,2.0,2.0,2.0
1458,4,4,4,4,4,4,4,4,2,2,,30.0,,1.0,,,,3.0,5.0,2.0,6.0,,,,2.0,1.0,,,,,3.0,4.0,5.0,,,,20.0,,,2.0,4.0,,,,1.0,,4.0,1.0,1.0,1.0,1.0,1.0,1.0,1.0,1.0,1.0,1.0,,,,,,,6,3,4,4,2,5,6,6,3,2,60.0,55.0,58.0,65.0,68.0,62.0,70.0,60.0,40.0,45.0,2.0,2.0,2.0,2.0,1.0,1.0,1.0,2.0,1.0,1.0,2.0,1.0,2.0,2.0,2.0,1.0,2.0,2.0,2.0,1.0,1.0,2.0,2.0,1.0,1.0,1.0,1.0,1.0,2.0,2.0,1.0,1.0,2.0,1.0,1.0,1.0,1.0,1.0,2.0,1.0
1244,5,5,5,5,5,5,5,5,1,1,70.0,,,1.0,3.0,4.0,6.0,,,,,6.0,1.0,40.0,,1.0,,2.0,4.0,5.0,,,,,,,,15.0,1.0,,,5.0,,1.0,,,5.0,,,,,,,,,,,1.0,1.0,1.0,1.0,1.0,1.0,6,3,4,3,2,5,6,5,4,2,60.0,55.0,50.0,65.0,60.0,60.0,70.0,55.0,40.0,35.0,1.0,2.0,2.0,2.0,2.0,2.0,2.0,1.0,2.0,1.0,2.0,2.0,1.0,1.0,2.0,2.0,2.0,2.0,1.0,1.0,2.0,2.0,1.0,1.0,2.0,1.0,2.0,2.0,2.0,1.0,1.0,1.0,1.0,2.0,1.0,2.0,1.0,2.0,2.0,2.0
1337,4,4,4,5,5,5,5,4,1,2,,30.0,,1.0,3.0,4.0,6.0,,,,,,1.0,40.0,,,2.0,,,,,,,3.0,4.0,5.0,20.0,,,2.0,3.0,,,1.0,,4.0,,1.0,1.0,1.0,1.0,1.0,1.0,1.0,1.0,1.0,1.0,,,,,,,6,3,4,4,3,5,6,6,3,2,55.0,50.0,52.0,60.0,65.0,62.0,70.0,55.0,35.0,40.0,2.0,1.0,2.0,1.0,2.0,2.0,1.0,1.0,1.0,2.0,1.0,2.0,1.0,2.0,2.0,2.0,1.0,1.0,2.0,1.0,1.0,2.0,2.0,1.0,1.0,2.0,1.0,2.0,2.0,1.0,1.0,2.0,2.0,1.0,2.0,2.0,2.0,1.0,1.0,1.0
959,4,4,4,4,4,4,4,4,2,2,70.0,,,1.0,3.0,4.0,5.0,,,,6.0,,,,2.0,,2.0,,,,,,,3.0,4.0,4.0,16.0,,,2.0,4.0,,,,1.0,4.0,,1.0,1.0,1.0,1.0,1.0,1.0,1.0,1.0,1.0,1.0,,,,,,,6,3,4,3,3,5,6,5,3,2,60.0,55.0,58.0,65.0,62.0,60.0,70.0,55.0,40.0,45.0,1.0,1.0,1.0,1.0,2.0,1.0,2.0,2.0,1.0,1.0,1.0,2.0,1.0,2.0,2.0,2.0,2.0,1.0,2.0,1.0,1.0,1.0,2.0,2.0,1.0,2.0,1.0,2.0,1.0,1.0,1.0,2.0,2.0,1.0,2.0,2.0,1.0,2.0,1.0,1.0
631,4,4,4,5,5,5,5,5,1,2,70.0,,,1.0,2.0,3.0,5.0,,,,,6.0,1.0,30.0,,1.0,,,,,3.0,4.0,5.0,,,,,15.0,,2.0,,6.0,,1.0,,5.0,,1.0,1.0,1.0,1.0,1.0,1.0,1.0,1.0,1.0,1.0,,,,,,,6,3,4,3,2,5,6,5,4,2,60.0,55.0,60.0,65.0,70.0,65.0,70.0,60.0,40.0,45.0,1.0,2.0,1.0,2.0,1.0,1.0,2.0,1.0,2.0,1.0,1.0,2.0,2.0,1.0,1.0,1.0,1.0,1.0,2.0,1.0,2.0,2.0,1.0,1.0,2.0,1.0,2.0,1.0,2.0,1.0,2.0,2.0,2.0,1.0,1.0,2.0,1.0,1.0,1.0,2.0
742,5,5,5,5,5,5,5,5,1,1,,30.0,1.0,,3.0,4.0,6.0,,,,,6.0,,,2.0,,2.0,,,,,,,4.0,5.0,6.0,20.0,,,2.0,,,2.0,1.0,,5.0,,,,,,,,,,,,1.0,1.0,1.0,1.0,1.0,1.0,6,3,4,4,3,5,6,6,4,2,60.0,55.0,60.0,65.0,70.0,60.0,70.0,60.0,40.0,35.0,2.0,2.0,1.0,2.0,2.0,2.0,2.0,2.0,2.0,2.0,2.0,1.0,2.0,2.0,1.0,2.0,1.0,1.0,1.0,2.0,1.0,2.0,1.0,2.0,1.0,1.0,2.0,1.0,1.0,2.0,2.0,1.0,1.0,2.0,1.0,2.0,1.0,1.0,1.0,1.0
1231,3,3,3,3,3,3,4,3,2,2,,30.0,,2.0,3.0,4.0,6.0,,,,5.0,,1.0,40.0,,1.0,,,,,,,,3.0,4.0,5.0,,15.0,,2.0,,5.0,,,1.0,,4.0,,,,,,,,,,,1.0,1.0,1.0,1.0,1.0,1.0,6,3,4,3,2,5,6,5,3,2,50.0,45.0,45.0,55.0,60.0,55.0,65.0,50.0,40.0,35.0,1.0,2.0,1.0,1.0,2.0,2.0,1.0,1.0,2.0,2.0,1.0,2.0,2.0,2.0,2.0,1.0,2.0,2.0,1.0,1.0,1.0,2.0,2.0,1.0,1.0,2.0,2.0,2.0,2.0,2.0,1.0,1.0,1.0,2.0,2.0,2.0,2.0,2.0,1.0,2.0
1342,4,4,4,5,5,4,5,4,2,2,,30.0,,2.0,,,,3.0,4.0,2.0,6.0,,,,2.0,,2.0,,,,,,,3.0,4.0,5.0,,15.0,,2.0,,,3.0,,1.0,4.0,,1.0,1.0,1.0,1.0,1.0,1.0,1.0,1.0,1.0,1.0,,,,,,,6,3,4,3,2,5,6,5,3,2,55.0,50.0,52.0,60.0,65.0,58.0,70.0,54.0,40.0,42.0,1.0,2.0,2.0,1.0,1.0,2.0,1.0,1.0,2.0,2.0,2.0,1.0,2.0,1.0,2.0,2.0,2.0,2.0,2.0,2.0,1.0,2.0,2.0,1.0,2.0,1.0,1.0,2.0,2.0,1.0,1.0,2.0,2.0,1.0,1.0,1.0,2.0,2.0,1.0,1.0
416,2,2,2,2,2,2,4,2,4,2,,30.0,,2.0,3.0,4.0,5.0,,,,6.0,,1.0,54.0,,,2.0,,,,3.0,4.0,5.0,,,,18.0,,1.0,,3.0,,,,1.0,,4.0,1.0,1.0,1.0,1.0,1.0,1.0,1.0,1.0,1.0,1.0,,,,,,,6,3,4,4,3,5,6,6,3,2,40.0,38.0,35.0,45.0,50.0,40.0,60.0,35.0,50.0,38.0,2.0,1.0,2.0,2.0,1.0,1.0,1.0,2.0,2.0,2.0,2.0,1.0,1.0,1.0,1.0,1.0,2.0,1.0,2.0,1.0,1.0,2.0,1.0,1.0,2.0,2.0,1.0,1.0,2.0,2.0,2.0,2.0,1.0,2.0,1.0,2.0,2.0,1.0,1.0,1.0
565,4,4,4,4,4,4,4,4,2,2,,30.0,,2.0,3.0,4.0,5.0,,,,,5.0,,,2.0,,2.0,,,,3.0,4.0,4.0,,,,18.0,,,2.0,,6.0,,,1.0,4.0,,,,,,,,,,,,1.0,1.0,1.0,1.0,1.0,1.0,6,3,4,4,3,5,6,6,3,2,60.0,55.0,58.0,65.0,68.0,62.0,70.0,60.0,40.0,45.0,,,,,,,,,,,,,,,,,,,,,,,,,,,,,,,,,,,,,,,,
379,3,4,4,4,4,4,4,3,2,2,,30.0,,2.0,,,,3.0,4.0,2.0,6.0,,,,2.0,1.0,,2.0,4.0,5.0,,,,,,,16.0,,,2.0,5.0,,,1.0,,4.0,,1.0,1.0,1.0,1.0,1.0,1.0,1.0,1.0,1.0,1.0,,,,,,,6,3,4,3,3,5,6,5,3,2,48.0,52.0,55.0,60.0,62.0,58.0,65.0,50.0,40.0,42.0,1.0,1.0,1.0,1.0,1.0,2.0,2.0,2.0,2.0,2.0,1.0,2.0,1.0,1.0,1.0,1.0,2.0,1.0,1.0,1.0,2.0,2.0,2.0,2.0,1.0,2.0,1.0,1.0,1.0,2.0,2.0,1.0,1.0,2.0,1.0,2.0,1.0,1.0,1.0,1.0
783,2,2,2,2,2,2,4,2,4,4,70.0,,,2.0,3.0,4.0,5.0,,,,,5.0,1.0,40.0,,,2.0,2.0,4.0,4.0,,,,,,,,5.0,1.0,,4.0,,,1.0,,,4.0,1.0,1.0,1.0,1.0,1.0,1.0,1.0,1.0,1.0,1.0,,,,,,,6,3,4,4,3,5,6,6,3,2,40.0,35.0,35.0,40.0,40.0,35.0,50.0,35.0,50.0,50.0,,,,,,,,,,,,,,,,,,,,,,,,,,,,,,,,,,,,,,,,
1016,4,4,4,4,4,4,4,4,2,2,,30.0,4.0,,3.0,4.0,5.0,,,,,6.0,,,2.0,1.0,,,,,3.0,4.0,5.0,,,,,18.0,1.0,,,6.0,,1.0,,4.0,,,,,,,,,,,,1.0,1.0,1.0,1.0,1.0,1.0,6,3,4,4,3,5,6,6,3,2,55.0,60.0,58.0,65.0,68.0,62.0,70.0,60.0,40.0,45.0,1.0,2.0,1.0,2.0,2.0,2.0,2.0,1.0,1.0,1.0,1.0,2.0,2.0,2.0,2.0,1.0,2.0,1.0,2.0,2.0,2.0,1.0,2.0,1.0,1.0,1.0,2.0,1.0,2.0,2.0,1.0,2.0,1.0,2.0,2.0,1.0,1.0,1.0,1.0,1.0
1165,3,3,3,3,3,3,4,3,2,2,,30.0,3.0,,,,,3.0,4.0,2.0,5.0,,,,2.0,1.0,,3.0,4.0,4.0,,,,,,,,15.0,,2.0,,,3.0,,1.0,4.0,,,,,,,,,,,,1.0,1.0,1.0,1.0,1.0,1.0,6,3,4,4,3,5,6,6,3,2,50.0,45.0,48.0,55.0,60.0,52.0,65.0,50.0,40.0,38.0,2.0,1.0,2.0,1.0,2.0,2.0,1.0,2.0,2.0,2.0,2.0,1.0,2.0,1.0,1.0,1.0,1.0,1.0,2.0,2.0,2.0,2.0,2.0,1.0,1.0,2.0,1.0,2.0,1.0,1.0,2.0,1.0,2.0,2.0,2.0,1.0,1.0,1.0,2.0,2.0
1779,4,4,4,4,4,4,4,4,2,2,,30.0,4.0,,,,,3.0,4.0,2.0,6.0,,1.0,54.0,,,2.0,,,,3.0,4.0,4.0,,,,18.0,,1.0,,,6.0,,,1.0,4.0,,,,,,,,,,,,1.0,1.0,1.0,1.0,1.0,1.0,6,3,4,4,2,5,6,6,3,2,55.0,50.0,52.0,60.0,62.0,58.0,65.0,54.0,40.0,42.0,1.0,2.0,1.0,2.0,1.0,2.0,1.0,1.0,2.0,1.0,2.0,1.0,2.0,1.0,2.0,2.0,1.0,2.0,2.0,2.0,2.0,1.0,1.0,1.0,2.0,2.0,1.0,2.0,1.0,2.0,1.0,2.0,1.0,1.0,2.0,1.0,2.0,1.0,1.0,2.0
1383,5,5,5,5,5,5,5,5,1,2,,30.0,1.0,,3.0,4.0,5.0,,,,,6.0,1.0,40.0,,,2.0,2.0,4.0,5.0,,,,,,,,15.0,1.0,,,,2.0,1.0,,,5.0,,,,,,,,,,,1.0,1.0,1.0,1.0,1.0,1.0,6,3,4,3,3,5,6,6,3,2,60.0,55.0,60.0,65.0,65.0,60.0,70.0,60.0,40.0,45.0,2.0,1.0,1.0,2.0,2.0,2.0,1.0,2.0,1.0,2.0,1.0,1.0,1.0,2.0,1.0,2.0,2.0,1.0,2.0,1.0,1.0,2.0,2.0,1.0,2.0,2.0,1.0,2.0,1.0,2.0,1.0,2.0,2.0,1.0,1.0,1.0,2.0,2.0,2.0,1.0
1917,5,5,5,5,5,5,5,5,1,1,70.0,,,1.0,,,,3.0,5.0,2.0,6.0,,1.0,54.0,,1.0,,1.0,5.0,6.0,,,,,,,,20.0,,2.0,4.0,,,1.0,,6.0,,,,,,,,,,,,1.0,1.0,1.0,1.0,1.0,1.0,7,3,4,3,2,6,6,5,4,2,60.0,55.0,60.0,65.0,70.0,65.0,75.0,60.0,35.0,30.0,2.0,1.0,1.0,1.0,2.0,1.0,2.0,2.0,1.0,2.0,2.0,1.0,2.0,1.0,2.0,1.0,1.0,2.0,1.0,2.0,2.0,2.0,2.0,1.0,1.0,2.0,1.0,1.0,2.0,2.0,2.0,2.0,1.0,1.0,1.0,1.0,2.0,2.0,2.0,2.0
1864,4,4,4,4,4,4,4,4,2,2,70.0,,,2.0,3.0,4.0,5.0,,,,,6.0,,,2.0,,2.0,,,,,,,4.0,4.0,5.0,,15.0,1.0,,4.0,,,,1.0,4.0,,1.0,1.0,1.0,1.0,1.0,1.0,1.0,1.0,1.0,1.0,,,,,,,6,3,5,4,3,5,6,5,3,2,60.0,55.0,58.0,65.0,68.0,62.0,70.0,60.0,40.0,45.0,2.0,2.0,1.0,1.0,1.0,1.0,1.0,1.0,2.0,2.0,1.0,1.0,2.0,1.0,1.0,1.0,2.0,1.0,2.0,1.0,2.0,1.0,1.0,1.0,2.0,1.0,2.0,1.0,2.0,1.0,2.0,2.0,2.0,1.0,2.0,1.0,2.0,2.0,1.0,1.0
926,4,4,4,4,4,4,4,4,2,2,70.0,,,2.0,,,,3.0,4.0,2.0,,6.0,,,2.0,1.0,,,,,2.0,4.0,5.0,,,,20.0,,,2.0,,6.0,,,1.0,,4.0,1.0,1.0,1.0,1.0,1.0,1.0,1.0,1.0,1.0,1.0,,,,,,,6,3,4,3,3,5,6,5,3,2,60.0,55.0,60.0,65.0,70.0,60.0,70.0,60.0,40.0,40.0,2.0,2.0,2.0,2.0,2.0,2.0,2.0,2.0,2.0,1.0,2.0,1.0,2.0,2.0,2.0,1.0,2.0,2.0,1.0,2.0,2.0,1.0,2.0,2.0,2.0,2.0,2.0,2.0,2.0,2.0,2.0,1.0,2.0,2.0,2.0,2.0,2.0,2.0,2.0,2.0
855,3,3,3,3,4,3,4,3,2,2,,30.0,,2.0,3.0,4.0,5.0,,,,,5.0,1.0,40.0,,,2.0,,,,3.0,4.0,4.0,,,,,15.0,,2.0,3.0,,,,1.0,,4.0,1.0,1.0,1.0,1.0,1.0,1.0,1.0,1.0,1.0,1.0,,,,,,,6,3,4,4,3,5,6,6,3,2,45.0,40.0,40.0,50.0,55.0,45.0,60.0,50.0,35.0,35.0,2.0,2.0,2.0,1.0,2.0,2.0,1.0,1.0,1.0,2.0,2.0,2.0,1.0,2.0,1.0,1.0,1.0,1.0,2.0,1.0,1.0,2.0,2.0,1.0,1.0,1.0,1.0,2.0,2.0,2.0,2.0,2.0,1.0,1.0,2.0,2.0,2.0,2.0,1.0,1.0
748,4,4,4,5,5,5,5,5,1,2,,30.0,,1.0,2.0,4.0,6.0,,,,6.0,,1.0,40.0,,,2.0,,,,,,,3.0,4.0,4.0,,18.0,1.0,,,7.0,,,1.0,,5.0,,,,,,,,,,,1.0,1.0,1.0,1.0,1.0,1.0,6,3,4,3,3,5,6,5,3,2,55.0,50.0,52.0,60.0,62.0,58.0,65.0,54.0,40.0,42.0,2.0,2.0,2.0,2.0,2.0,2.0,2.0,2.0,2.0,2.0,2.0,2.0,2.0,2.0,2.0,2.0,2.0,2.0,2.0,2.0,2.0,2.0,2.0,2.0,2.0,2.0,2.0,2.0,2.0,2.0,2.0,2.0,2.0,2.0,2.0,2.0,2.0,2.0,2.0,2.0
154,2,3,2,2,3,2,3,2,4,4,70.0,,2.0,,,,,3.0,4.0,2.0,5.0,,1.0,54.0,,1.0,,2.0,3.0,4.0,,,,,,,,5.0,,2.0,4.0,,,1.0,,,3.0,,,,,,,,,,,1.0,1.0,1.0,1.0,1.0,1.0,6,3,4,3,2,5,6,5,3,2,45.0,40.0,42.0,50.0,55.0,48.0,60.0,38.0,35.0,30.0,1.0,1.0,1.0,1.0,1.0,2.0,2.0,2.0,1.0,1.0,2.0,1.0,2.0,1.0,1.0,2.0,1.0,2.0,1.0,1.0,1.0,2.0,2.0,1.0,1.0,1.0,2.0,1.0,1.0,1.0,2.0,2.0,1.0,2.0,2.0,1.0,1.0,1.0,1.0,1.0
1348,5,5,5,5,5,5,5,5,1,2,70.0,,,2.0,,,,3.0,5.0,4.0,,6.0,1.0,54.0,,,2.0,2.0,4.0,5.0,,,,,,,,18.0,1.0,,,6.0,,,1.0,5.0,,,,,,,,,,,,1.0,1.0,1.0,1.0,1.0,1.0,6,3,4,3,3,5,6,6,3,2,60.0,55.0,58.0,65.0,68.0,62.0,70.0,60.0,40.0,35.0,2.0,2.0,2.0,2.0,2.0,2.0,2.0,2.0,2.0,2.0,2.0,1.0,1.0,1.0,1.0,1.0,2.0,2.0,2.0,1.0,1.0,2.0,1.0,1.0,2.0,1.0,2.0,1.0,2.0,2.0,2.0,2.0,1.0,1.0,1.0,2.0,1.0,1.0,2.0,1.0
1427,4,4,4,4,4,4,5,4,2,2,,30.0,3.0,,3.0,4.0,6.0,,,,,,1.0,40.0,,,2.0,,,,3.0,4.0,5.0,,,,18.0,,,2.0,,6.0,,,1.0,,4.0,1.0,1.0,1.0,1.0,1.0,1.0,1.0,1.0,1.0,1.0,,,,,,,6,3,4,4,3,5,6,6,3,2,60.0,55.0,60.0,65.0,65.0,60.0,70.0,60.0,40.0,40.0,1.0,2.0,1.0,2.0,2.0,1.0,1.0,2.0,2.0,2.0,1.0,1.0,2.0,2.0,1.0,2.0,2.0,1.0,1.0,1.0,2.0,1.0,2.0,1.0,1.0,2.0,1.0,1.0,2.0,1.0,2.0,2.0,1.0,1.0,2.0,1.0,2.0,2.0,2.0,1.0
1554,4,4,4,4,4,4,4,4,2,2,70.0,,,2.0,3.0,4.0,5.0,,,,6.0,,1.0,54.0,,,2.0,2.0,4.0,5.0,,,,,,,,18.0,1.0,,3.0,,,,1.0,,4.0,1.0,1.0,1.0,1.0,1.0,1.0,1.0,1.0,1.0,1.0,,,,,,,6,4,5,4,3,5,6,5,3,2,55.0,50.0,52.0,60.0,62.0,58.0,65.0,54.0,40.0,38.0,2.0,2.0,1.0,2.0,1.0,1.0,2.0,1.0,2.0,2.0,1.0,1.0,1.0,2.0,2.0,2.0,1.0,1.0,2.0,2.0,1.0,1.0,2.0,1.0,2.0,1.0,1.0,2.0,1.0,1.0,1.0,1.0,1.0,1.0,2.0,1.0,1.0,2.0,1.0,2.0
894,5,5,5,4,4,4,5,5,2,2,70.0,,,2.0,3.0,4.0,5.0,,,,6.0,,,,2.0,1.0,,2.0,4.0,5.0,,,,,,,,18.0,,2.0,,,1.0,,1.0,4.0,,1.0,1.0,1.0,1.0,1.0,1.0,1.0,1.0,1.0,1.0,,,,,,,6,3,4,3,3,5,6,5,3,2,60.0,55.0,60.0,65.0,65.0,60.0,70.0,60.0,40.0,35.0,2.0,1.0,1.0,1.0,1.0,2.0,1.0,2.0,2.0,2.0,2.0,1.0,1.0,2.0,1.0,1.0,2.0,2.0,2.0,1.0,2.0,2.0,1.0,1.0,2.0,1.0,1.0,2.0,1.0,2.0,2.0,2.0,1.0,2.0,2.0,1.0,1.0,1.0,2.0,2.0
195,5,5,5,5,5,5,5,5,1,2,70.0,,,1.0,3.0,4.0,5.0,,,,,6.0,,,2.0,1.0,,,,,4.0,5.0,6.0,,,,,15.0,1.0,,4.0,,,,1.0,,5.0,,,,,,,,,,,1.0,1.0,1.0,1.0,1.0,1.0,6,3,4,4,3,5,6,6,3,2,60.0,55.0,50.0,65.0,70.0,60.0,75.0,60.0,40.0,35.0,2.0,2.0,2.0,2.0,1.0,1.0,1.0,2.0,2.0,2.0,1.0,1.0,2.0,2.0,1.0,1.0,2.0,1.0,2.0,2.0,2.0,1.0,2.0,1.0,1.0,1.0,2.0,2.0,2.0,1.0,1.0,1.0,1.0,1.0,2.0,2.0,1.0,1.0,1.0,2.0
200,2,2,2,2,2,2,4,2,4,2,70.0,,2.0,,2.0,3.0,5.0,,,,5.0,,1.0,30.0,,1.0,,1.0,4.0,5.0,,,,,,,,15.0,1.0,,,,2.0,,1.0,,4.0,,,,,,,,,,,1.0,1.0,1.0,1.0,1.0,1.0,6,3,4,3,3,5,6,5,3,2,40.0,35.0,35.0,40.0,45.0,35.0,60.0,40.0,50.0,35.0,2.0,1.0,1.0,2.0,1.0,1.0,2.0,1.0,1.0,2.0,1.0,1.0,1.0,1.0,1.0,1.0,1.0,2.0,1.0,1.0,2.0,1.0,2.0,1.0,1.0,1.0,1.0,1.0,2.0,1.0,1.0,2.0,1.0,2.0,1.0,1.0,1.0,2.0,1.0,1.0
789,2,2,2,2,2,2,4,2,4,2,,30.0,,2.0,,,,3.0,4.0,2.0,,6.0,,,2.0,,2.0,,,,2.0,4.0,4.0,,,,,18.0,,2.0,,6.0,,1.0,,,4.0,,,,,,,,,,,1.0,1.0,1.0,1.0,1.0,1.0,6,3,4,3,2,5,6,5,3,2,45.0,40.0,40.0,35.0,40.0,35.0,50.0,40.0,45.0,40.0,2.0,2.0,2.0,1.0,1.0,1.0,1.0,2.0,2.0,1.0,1.0,1.0,2.0,2.0,1.0,1.0,2.0,2.0,1.0,1.0,2.0,2.0,1.0,1.0,1.0,2.0,2.0,2.0,1.0,2.0,1.0,1.0,1.0,2.0,2.0,2.0,1.0,1.0,2.0,2.0
373,5,5,5,5,5,5,5,5,1,1,70.0,,,1.0,,,,3.0,5.0,2.0,6.0,,,,2.0,1.0,,,,,4.0,5.0,6.0,,,,,20.0,1.0,,,5.0,,1.0,,,5.0,1.0,1.0,1.0,1.0,1.0,1.0,1.0,1.0,1.0,1.0,,,,,,,6,3,4,3,2,5,6,6,4,2,60.0,55.0,55.0,65.0,70.0,60.0,75.0,60.0,40.0,35.0,2.0,2.0,2.0,2.0,2.0,2.0,2.0,2.0,1.0,2.0,2.0,2.0,1.0,1.0,2.0,2.0,2.0,2.0,1.0,1.0,2.0,2.0,2.0,2.0,1.0,2.0,2.0,2.0,2.0,2.0,2.0,1.0,2.0,2.0,1.0,2.0,2.0,2.0,1.0,2.0
1595,4,4,4,5,5,5,5,4,1,2,,30.0,3.0,,3.0,4.0,6.0,,,,,5.0,1.0,40.0,,1.0,,2.0,4.0,4.0,,,,,,,18.0,,,2.0,,,1.0,,1.0,,4.0,,,,,,,,,,,1.0,1.0,1.0,1.0,1.0,1.0,6,3,4,3,3,5,6,5,3,2,55.0,50.0,52.0,60.0,65.0,62.0,70.0,58.0,40.0,45.0,2.0,2.0,1.0,2.0,2.0,2.0,2.0,2.0,2.0,1.0,2.0,1.0,2.0,2.0,1.0,2.0,2.0,1.0,2.0,2.0,1.0,2.0,1.0,1.0,1.0,1.0,1.0,1.0,2.0,2.0,2.0,2.0,1.0,2.0,2.0,1.0,2.0,1.0,1.0,2.0
1600,5,5,5,5,5,5,5,5,1,2,,30.0,,2.0,3.0,4.0,6.0,,,,6.0,,1.0,54.0,,1.0,,2.0,4.0,5.0,,,,,,,20.0,,,2.0,,5.0,,,1.0,,5.0,,,,,,,,,,,1.0,1.0,1.0,1.0,1.0,1.0,6,3,4,4,3,5,6,6,3,2,60.0,55.0,58.0,65.0,70.0,62.0,75.0,60.0,40.0,45.0,2.0,2.0,2.0,2.0,2.0,2.0,2.0,1.0,1.0,1.0,2.0,1.0,2.0,2.0,1.0,2.0,2.0,1.0,2.0,2.0,2.0,1.0,2.0,2.0,1.0,2.0,2.0,2.0,2.0,1.0,2.0,2.0,2.0,1.0,2.0,2.0,1.0,1.0,2.0,2.0
1389,5,5,5,5,5,5,5,5,1,2,70.0,,,1.0,3.0,4.0,6.0,,,,,,1.0,40.0,,1.0,,,,,4.0,5.0,6.0,,,,,15.0,1.0,,3.0,,,,1.0,5.0,,1.0,1.0,1.0,1.0,1.0,1.0,1.0,1.0,1.0,1.0,,,,,,,6,3,4,3,3,5,6,5,3,2,60.0,55.0,50.0,60.0,65.0,55.0,70.0,60.0,40.0,35.0,2.0,2.0,2.0,1.0,2.0,1.0,1.0,2.0,1.0,2.0,2.0,2.0,2.0,2.0,1.0,2.0,1.0,1.0,1.0,2.0,2.0,2.0,1.0,1.0,2.0,1.0,2.0,1.0,2.0,2.0,1.0,2.0,2.0,1.0,2.0,1.0,2.0,1.0,2.0,1.0
1773,4,4,4,4,4,4,4,4,2,2,,30.0,,2.0,,,,3.0,4.0,3.0,6.0,,,,2.0,,2.0,2.0,4.0,4.0,,,,,,,,18.0,1.0,,4.0,,,,1.0,,4.0,1.0,1.0,1.0,1.0,1.0,1.0,1.0,1.0,1.0,1.0,,,,,,,6,3,4,3,3,5,6,5,3,2,60.0,55.0,58.0,65.0,68.0,62.0,70.0,60.0,40.0,45.0,1.0,2.0,2.0,2.0,1.0,1.0,1.0,2.0,2.0,2.0,2.0,2.0,1.0,1.0,2.0,2.0,1.0,1.0,2.0,1.0,1.0,1.0,1.0,2.0,1.0,1.0,2.0,1.0,2.0,1.0,2.0,1.0,2.0,1.0,2.0,1.0,1.0,1.0,2.0,2.0
1968,5,5,5,5,5,5,5,5,1,1,,30.0,5.0,,3.0,4.0,6.0,,,,6.0,,1.0,30.0,,,2.0,1.0,5.0,6.0,,,,,,,20.0,,1.0,,,9.0,,,1.0,5.0,,,,,,,,,,,,1.0,1.0,1.0,1.0,1.0,1.0,6,3,4,3,3,5,6,6,3,2,60.0,55.0,60.0,65.0,65.0,60.0,70.0,60.0,40.0,35.0,1.0,2.0,2.0,1.0,2.0,2.0,2.0,1.0,1.0,2.0,2.0,1.0,1.0,2.0,2.0,1.0,2.0,1.0,2.0,2.0,2.0,2.0,2.0,2.0,2.0,2.0,1.0,2.0,2.0,1.0,1.0,1.0,2.0,2.0,1.0,1.0,2.0,2.0,1.0,2.0
77,3,3,3,3,3,3,4,3,2,2,,30.0,,3.0,,,,3.0,5.0,4.0,5.0,,1.0,30.0,,1.0,,,,,,,,3.0,4.0,4.0,,10.0,1.0,,,,2.0,,1.0,,4.0,,,,,,,,,,,1.0,1.0,1.0,1.0,1.0,1.0,5,3,3,3,3,5,5,5,3,1,40.0,35.0,35.0,40.0,45.0,40.0,50.0,35.0,30.0,30.0,2.0,2.0,2.0,2.0,2.0,2.0,2.0,1.0,2.0,2.0,1.0,2.0,1.0,2.0,1.0,1.0,2.0,2.0,2.0,2.0,2.0,2.0,1.0,2.0,1.0,2.0,1.0,2.0,2.0,1.0,2.0,2.0,2.0,2.0,2.0,2.0,2.0,2.0,2.0,2.0
992,4,4,4,5,5,5,5,4,2,2,70.0,,3.0,,,,,3.0,4.0,2.0,6.0,,,,2.0,,2.0,2.0,4.0,5.0,,,,,,,,5.0,1.0,,4.0,,,,1.0,4.0,,,,,,,,,,,,1.0,1.0,1.0,1.0,1.0,1.0,6,3,4,3,2,5,6,5,3,2,55.0,50.0,52.0,60.0,65.0,62.0,70.0,58.0,40.0,42.0,1.0,1.0,1.0,1.0,1.0,2.0,2.0,2.0,1.0,1.0,2.0,2.0,1.0,2.0,2.0,1.0,2.0,1.0,2.0,1.0,2.0,1.0,1.0,2.0,1.0,1.0,1.0,2.0,1.0,2.0,1.0,2.0,1.0,1.0,2.0,1.0,2.0,2.0,1.0,1.0
2006,2,2,2,2,2,2,4,2,4,4,70.0,,2.0,,,,,3.0,4.0,2.0,,6.0,1.0,54.0,,,2.0,,,,,,,3.0,4.0,5.0,18.0,,,2.0,,,3.0,,1.0,4.0,,1.0,1.0,1.0,1.0,1.0,1.0,1.0,1.0,1.0,1.0,,,,,,,6,3,4,4,2,5,6,6,3,2,40.0,35.0,35.0,40.0,45.0,35.0,60.0,40.0,55.0,50.0,1.0,1.0,1.0,1.0,1.0,1.0,1.0,1.0,1.0,2.0,1.0,2.0,1.0,1.0,2.0,2.0,1.0,1.0,1.0,2.0,1.0,2.0,2.0,2.0,1.0,2.0,1.0,2.0,2.0,1.0,2.0,1.0,2.0,1.0,1.0,2.0,1.0,2.0,2.0,1.0
275,4,4,4,4,4,4,4,4,1,2,70.0,,,2.0,2.0,3.0,5.0,,,,,,1.0,54.0,,1.0,,2.0,4.0,4.0,,,,,,,,0.0,,2.0,,5.0,,,1.0,,4.0,1.0,1.0,1.0,1.0,1.0,1.0,1.0,1.0,1.0,1.0,,,,,,,6,3,4,3,3,5,6,5,3,2,55.0,50.0,52.0,60.0,62.0,58.0,65.0,54.0,40.0,45.0,1.0,1.0,1.0,2.0,2.0,2.0,2.0,1.0,1.0,2.0,2.0,1.0,2.0,2.0,2.0,1.0,2.0,1.0,2.0,2.0,2.0,2.0,1.0,2.0,2.0,2.0,1.0,2.0,2.0,2.0,1.0,2.0,2.0,1.0,2.0,1.0,1.0,2.0,1.0,1.0
306,4,4,4,4,4,4,4,4,2,2,,30.0,3.0,,2.0,3.0,6.0,,,,,5.0,,,2.0,,2.0,2.0,4.0,4.0,,,,,,,20.0,,,2.0,,,2.0,,1.0,,4.0,1.0,1.0,1.0,1.0,1.0,1.0,1.0,1.0,1.0,1.0,,,,,,,6,3,4,3,3,5,6,5,3,2,55.0,50.0,52.0,60.0,62.0,58.0,65.0,54.0,40.0,42.0,2.0,2.0,2.0,1.0,2.0,2.0,2.0,2.0,1.0,2.0,2.0,2.0,2.0,2.0,2.0,2.0,2.0,2.0,2.0,2.0,2.0,2.0,2.0,2.0,2.0,2.0,2.0,2.0,2.0,1.0,2.0,2.0,2.0,2.0,2.0,2.0,2.0,2.0,2.0,2.0
469,2,3,2,2,3,2,4,2,4,2,70.0,,,2.0,,,,3.0,5.0,2.0,,6.0,,,2.0,1.0,,2.0,4.0,5.0,,,,,,,18.0,,1.0,,,6.0,,1.0,,4.0,,1.0,1.0,1.0,1.0,1.0,1.0,1.0,1.0,1.0,1.0,,,,,,,6,3,4,3,3,5,6,5,3,2,55.0,50.0,52.0,60.0,62.0,58.0,65.0,54.0,48.0,50.0,2.0,1.0,2.0,1.0,2.0,1.0,2.0,1.0,1.0,1.0,1.0,1.0,1.0,1.0,1.0,1.0,2.0,2.0,1.0,1.0,1.0,1.0,1.0,2.0,2.0,2.0,1.0,1.0,1.0,1.0,2.0,1.0,2.0,1.0,2.0,1.0,1.0,2.0,1.0,2.0
1675,4,4,4,4,4,4,4,4,2,2,70.0,,3.0,,3.0,4.0,5.0,,,,,5.0,1.0,54.0,,1.0,,2.0,4.0,4.0,,,,,,,18.0,,1.0,,,,2.0,1.0,,4.0,,,,,,,,,,,,1.0,1.0,1.0,1.0,1.0,1.0,6,3,4,3,3,5,6,5,3,2,60.0,55.0,58.0,65.0,68.0,62.0,70.0,60.0,40.0,45.0,2.0,1.0,1.0,1.0,2.0,2.0,2.0,1.0,1.0,1.0,2.0,2.0,2.0,1.0,1.0,1.0,1.0,2.0,2.0,1.0,1.0,2.0,2.0,1.0,1.0,1.0,2.0,2.0,2.0,1.0,2.0,1.0,2.0,1.0,2.0,2.0,1.0,2.0,1.0,2.0
1706,2,3,2,2,3,2,4,2,4,3,,30.0,,2.0,,,,3.0,5.0,2.0,,5.0,,,2.0,1.0,,2.0,4.0,5.0,,,,,,,18.0,,,2.0,,6.0,,,1.0,,4.0,1.0,1.0,1.0,1.0,1.0,1.0,1.0,1.0,1.0,1.0,,,,,,,6,3,4,3,3,5,6,5,3,2,45.0,40.0,42.0,50.0,55.0,38.0,60.0,48.0,52.0,44.0,1.0,1.0,2.0,2.0,1.0,1.0,2.0,1.0,1.0,1.0,2.0,2.0,1.0,1.0,1.0,1.0,1.0,2.0,1.0,1.0,1.0,1.0,2.0,1.0,2.0,1.0,1.0,2.0,1.0,1.0,1.0,1.0,1.0,2.0,1.0,1.0,2.0,2.0,1.0,2.0
1493,5,5,5,5,5,5,5,5,1,2,70.0,,4.0,,,,,3.0,5.0,2.0,6.0,,,,2.0,,2.0,2.0,5.0,6.0,,,,,,,20.0,,,2.0,4.0,,,,1.0,5.0,,,,,,,,,,,,1.0,1.0,1.0,1.0,1.0,1.0,6,3,4,3,3,5,6,6,3,2,60.0,55.0,58.0,65.0,70.0,62.0,75.0,60.0,40.0,45.0,1.0,2.0,1.0,2.0,1.0,2.0,1.0,2.0,2.0,2.0,1.0,2.0,1.0,1.0,2.0,1.0,2.0,1.0,1.0,1.0,2.0,2.0,1.0,2.0,1.0,1.0,1.0,2.0,2.0,2.0,1.0,1.0,1.0,2.0,1.0,1.0,2.0,1.0,2.0,1.0
1069,2,2,2,2,2,2,4,2,4,4,,30.0,,1.0,2.0,3.0,6.0,,,,,5.0,,,2.0,,2.0,,,,,,,2.0,4.0,4.0,20.0,,,2.0,3.0,,,1.0,,,3.0,,,,,,,,,,,1.0,1.0,1.0,1.0,1.0,1.0,6,3,4,3,3,5,6,6,3,2,35.0,30.0,30.0,25.0,30.0,25.0,40.0,30.0,40.0,40.0,2.0,2.0,1.0,1.0,2.0,2.0,1.0,1.0,1.0,1.0,1.0,2.0,2.0,2.0,2.0,2.0,2.0,1.0,1.0,1.0,2.0,2.0,2.0,2.0,2.0,1.0,2.0,1.0,1.0,1.0,2.0,1.0,2.0,1.0,1.0,2.0,1.0,2.0,1.0,2.0
953,2,2,2,2,2,2,4,2,4,4,70.0,,,2.0,,,,3.0,4.0,2.0,,5.0,,,2.0,1.0,,1.0,3.0,3.0,,,,,,,20.0,,1.0,,3.0,,,,1.0,3.0,,,,,,,,,,,,1.0,1.0,1.0,1.0,1.0,1.0,6,3,4,3,3,5,6,5,3,2,40.0,35.0,35.0,30.0,35.0,30.0,50.0,35.0,45.0,45.0,2.0,1.0,1.0,2.0,1.0,2.0,1.0,2.0,2.0,2.0,1.0,2.0,1.0,2.0,2.0,1.0,1.0,2.0,1.0,1.0,1.0,1.0,2.0,2.0,2.0,1.0,1.0,1.0,2.0,2.0,2.0,2.0,2.0,1.0,2.0,2.0,2.0,1.0,2.0,1.0
820,4,4,4,4,4,4,5,4,2,2,70.0,,,3.0,3.0,4.0,6.0,,,,6.0,,,,2.0,1.0,,2.0,4.0,5.0,,,,,,,18.0,,1.0,,,5.0,,1.0,,4.0,,1.0,1.0,1.0,1.0,1.0,1.0,1.0,1.0,1.0,1.0,,,,,,,6,3,4,3,3,5,6,5,3,2,60.0,55.0,58.0,65.0,68.0,62.0,70.0,60.0,40.0,45.0,1.0,2.0,2.0,1.0,2.0,1.0,2.0,1.0,2.0,1.0,1.0,2.0,2.0,2.0,1.0,2.0,1.0,2.0,2.0,1.0,2.0,2.0,2.0,2.0,1.0,1.0,1.0,2.0,1.0,2.0,1.0,1.0,1.0,2.0,1.0,1.0,1.0,2.0,1.0,1.0
121,2,3,2,2,3,2,4,2,4,2,,30.0,,2.0,3.0,4.0,5.0,,,,,6.0,1.0,54.0,,,2.0,,,,,,,3.0,4.0,5.0,,0.0,1.0,,3.0,,,1.0,,4.0,,,,,,,,,,,,1.0,1.0,1.0,1.0,1.0,1.0,6,3,4,4,3,5,6,6,3,2,45.0,40.0,42.0,50.0,55.0,48.0,60.0,40.0,35.0,38.0,2.0,1.0,1.0,1.0,1.0,2.0,2.0,1.0,2.0,1.0,1.0,1.0,1.0,2.0,2.0,2.0,1.0,1.0,2.0,1.0,2.0,1.0,2.0,2.0,1.0,1.0,2.0,1.0,2.0,1.0,2.0,1.0,2.0,1.0,2.0,1.0,2.0,1.0,1.0,1.0
1452,4,4,4,4,4,4,4,4,2,2,70.0,,4.0,,3.0,4.0,5.0,,,,6.0,,,,2.0,,2.0,,,,,,,3.0,4.0,5.0,,15.0,,2.0,,6.0,,,1.0,4.0,,,,,,,,,,,,1.0,1.0,1.0,1.0,1.0,1.0,6,3,4,4,2,5,6,5,3,2,55.0,50.0,52.0,60.0,62.0,58.0,65.0,54.0,40.0,42.0,1.0,1.0,1.0,2.0,1.0,1.0,1.0,1.0,1.0,1.0,1.0,1.0,1.0,1.0,1.0,2.0,1.0,1.0,1.0,1.0,1.0,1.0,1.0,2.0,1.0,1.0,1.0,2.0,1.0,1.0,1.0,1.0,1.0,1.0,2.0,1.0,1.0,1.0,1.0,2.0
1521,5,5,5,5,5,5,5,5,1,2,,30.0,,1.0,3.0,4.0,6.0,,,,,6.0,1.0,54.0,,1.0,,,,,4.0,5.0,6.0,,,,,18.0,,2.0,,5.0,,1.0,,,5.0,,,,,,,,,,,1.0,1.0,1.0,1.0,1.0,1.0,6,3,4,3,2,5,6,5,4,2,60.0,55.0,60.0,65.0,70.0,60.0,75.0,55.0,40.0,35.0,2.0,2.0,2.0,2.0,1.0,1.0,2.0,2.0,2.0,2.0,2.0,1.0,2.0,2.0,1.0,2.0,1.0,2.0,2.0,2.0,2.0,1.0,2.0,2.0,2.0,1.0,2.0,1.0,1.0,1.0,1.0,2.0,2.0,1.0,2.0,2.0,2.0,2.0,1.0,1.0
46,2,2,2,2,2,2,2,2,4,4,70.0,,1.0,,,,,2.0,4.0,3.0,6.0,,1.0,54.0,,,2.0,1.0,2.0,3.0,,,,,,,,0.0,,2.0,,10.0,,,1.0,3.0,,1.0,1.0,1.0,1.0,1.0,1.0,1.0,1.0,1.0,1.0,,,,,,,5,2,2,2,3,5,6,6,2,1,40.0,35.0,35.0,40.0,40.0,35.0,40.0,35.0,50.0,50.0,2.0,2.0,2.0,2.0,2.0,1.0,1.0,2.0,2.0,2.0,2.0,2.0,1.0,1.0,2.0,2.0,1.0,2.0,2.0,1.0,1.0,2.0,2.0,2.0,2.0,2.0,2.0,2.0,1.0,1.0,2.0,2.0,2.0,2.0,2.0,2.0,2.0,1.0,2.0,2.0
2037,2,2,2,2,2,2,4,2,4,2,,30.0,,2.0,,,,3.0,4.0,2.0,,5.0,,,2.0,,2.0,2.0,3.0,4.0,,,,,,,,18.0,,2.0,4.0,,,,1.0,,4.0,1.0,1.0,1.0,1.0,1.0,1.0,1.0,1.0,1.0,1.0,,,,,,,6,3,4,4,3,5,6,6,3,2,45.0,40.0,40.0,45.0,50.0,50.0,60.0,40.0,55.0,40.0,2.0,2.0,1.0,1.0,1.0,1.0,1.0,2.0,1.0,2.0,1.0,1.0,1.0,1.0,2.0,1.0,2.0,1.0,2.0,1.0,1.0,1.0,1.0,1.0,2.0,2.0,1.0,1.0,1.0,2.0,1.0,2.0,2.0,2.0,2.0,1.0,2.0,1.0,2.0,1.0
1959,4,4,4,4,4,4,4,4,2,2,,30.0,,4.0,3.0,4.0,5.0,,,,,6.0,1.0,54.0,,1.0,,,,,,,,4.0,4.0,5.0,18.0,,1.0,,,,3.0,1.0,,,4.0,,,,,,,,,,,1.0,1.0,1.0,1.0,1.0,1.0,6,3,4,4,3,5,6,5,3,2,60.0,55.0,58.0,65.0,68.0,62.0,70.0,60.0,40.0,45.0,2.0,1.0,1.0,2.0,1.0,1.0,1.0,2.0,2.0,2.0,1.0,1.0,1.0,2.0,1.0,1.0,1.0,2.0,2.0,1.0,1.0,2.0,1.0,2.0,2.0,1.0,1.0,2.0,2.0,2.0,1.0,1.0,2.0,1.0,2.0,1.0,1.0,2.0,2.0,1.0
1644,4,4,4,5,5,5,5,4,1,2,,30.0,4.0,,,,,3.0,4.0,2.0,,6.0,,,2.0,1.0,,2.0,4.0,5.0,,,,,,,16.0,,,2.0,,,3.0,,1.0,4.0,,,,,,,,,,,,1.0,1.0,1.0,1.0,1.0,1.0,6,3,4,4,3,5,6,5,3,2,55.0,50.0,52.0,60.0,62.0,58.0,65.0,54.0,40.0,45.0,2.0,1.0,1.0,1.0,2.0,2.0,2.0,1.0,2.0,1.0,1.0,2.0,2.0,1.0,1.0,1.0,2.0,2.0,2.0,1.0,1.0,2.0,1.0,1.0,1.0,1.0,2.0,1.0,2.0,1.0,2.0,1.0,2.0,2.0,1.0,1.0,1.0,1.0,2.0,1.0
1737,4,4,4,5,5,4,5,4,1,2,,30.0,3.0,,,,,3.0,4.0,2.0,6.0,,,,2.0,1.0,,2.0,4.0,5.0,,,,,,,18.0,,1.0,,,,2.0,1.0,,,4.0,1.0,1.0,1.0,1.0,1.0,1.0,1.0,1.0,1.0,1.0,,,,,,,6,3,4,3,3,5,6,5,3,2,55.0,50.0,52.0,60.0,65.0,58.0,70.0,54.0,40.0,45.0,1.0,1.0,2.0,2.0,1.0,2.0,2.0,2.0,1.0,1.0,2.0,2.0,2.0,1.0,2.0,2.0,2.0,2.0,2.0,2.0,2.0,1.0,2.0,1.0,2.0,2.0,1.0,1.0,1.0,2.0,2.0,2.0,2.0,2.0,1.0,1.0,1.0,2.0,1.0,1.0
1058,5,5,5,5,5,5,5,5,1,2,70.0,,1.0,,3.0,4.0,6.0,,,,6.0,,,,2.0,1.0,,,,,,,,4.0,5.0,6.0,18.0,,,2.0,,6.0,,,1.0,5.0,,,,,,,,,,,,1.0,1.0,1.0,1.0,1.0,1.0,6,3,5,4,3,5,6,6,4,2,60.0,55.0,60.0,65.0,70.0,60.0,75.0,65.0,40.0,35.0,1.0,1.0,2.0,1.0,2.0,2.0,2.0,1.0,2.0,1.0,2.0,2.0,1.0,1.0,2.0,2.0,1.0,1.0,2.0,1.0,1.0,2.0,2.0,1.0,1.0,1.0,2.0,2.0,1.0,2.0,1.0,1.0,1.0,1.0,1.0,2.0,2.0,1.0,2.0,2.0
244,3,3,3,2,3,2,4,2,4,2,70.0,,2.0,,,,,3.0,4.0,2.0,6.0,,,,2.0,,2.0,,,,,,,3.0,4.0,5.0,,15.0,,2.0,4.0,,,1.0,,4.0,,,,,,,,,,,,1.0,1.0,1.0,1.0,1.0,1.0,6,3,4,4,3,5,6,6,3,2,55.0,50.0,50.0,45.0,55.0,45.0,60.0,40.0,50.0,40.0,1.0,2.0,2.0,1.0,2.0,2.0,2.0,2.0,2.0,1.0,1.0,1.0,2.0,2.0,1.0,1.0,1.0,2.0,2.0,1.0,1.0,1.0,2.0,2.0,1.0,1.0,1.0,2.0,1.0,2.0,2.0,1.0,2.0,1.0,1.0,1.0,2.0,1.0,1.0,1.0
337,2,2,2,2,2,2,4,2,4,2,70.0,,2.0,,3.0,4.0,5.0,,,,5.0,,1.0,40.0,,1.0,,,,,,,,2.0,4.0,4.0,15.0,,,2.0,,,2.0,1.0,,,4.0,1.0,1.0,1.0,1.0,1.0,1.0,1.0,1.0,1.0,1.0,,,,,,,6,3,4,4,3,5,6,5,3,2,40.0,35.0,35.0,40.0,45.0,40.0,60.0,35.0,50.0,35.0,1.0,1.0,2.0,1.0,2.0,1.0,2.0,1.0,1.0,1.0,1.0,2.0,1.0,2.0,1.0,1.0,1.0,2.0,1.0,2.0,1.0,1.0,1.0,2.0,2.0,1.0,2.0,2.0,2.0,2.0,1.0,2.0,1.0,2.0,1.0,1.0,2.0,2.0,1.0,1.0
458,4,4,4,4,4,4,5,4,2,2,,30.0,,2.0,3.0,4.0,5.0,,,,,6.0,,,2.0,1.0,,,,,3.0,4.0,5.0,,,,16.0,,1.0,,4.0,,,1.0,,4.0,,1.0,1.0,1.0,1.0,1.0,1.0,1.0,1.0,1.0,1.0,,,,,,,6,3,4,4,3,5,6,6,3,2,55.0,50.0,52.0,60.0,62.0,58.0,65.0,54.0,40.0,42.0,2.0,2.0,1.0,2.0,1.0,2.0,1.0,2.0,1.0,2.0,1.0,1.0,1.0,2.0,2.0,1.0,2.0,2.0,2.0,1.0,2.0,1.0,1.0,1.0,1.0,2.0,1.0,2.0,1.0,2.0,2.0,1.0,1.0,2.0,2.0,1.0,1.0,1.0,2.0,1.0
962,4,5,5,5,5,5,5,5,1,2,,30.0,4.0,,3.0,4.0,5.0,,,,,5.0,,,2.0,1.0,,,,,,,,4.0,5.0,6.0,,18.0,1.0,,,6.0,,,1.0,5.0,,,,,,,,,,,,1.0,1.0,1.0,1.0,1.0,1.0,6,3,4,3,3,5,6,6,3,2,55.0,50.0,48.0,60.0,65.0,58.0,70.0,52.0,40.0,45.0,1.0,2.0,1.0,1.0,1.0,2.0,2.0,1.0,2.0,2.0,2.0,2.0,2.0,1.0,1.0,2.0,2.0,2.0,1.0,1.0,2.0,2.0,2.0,2.0,1.0,2.0,2.0,2.0,2.0,2.0,1.0,1.0,1.0,1.0,2.0,1.0,2.0,1.0,2.0,1.0
87,4,4,4,5,5,5,5,4,1,2,,30.0,,2.0,3.0,4.0,5.0,,,,,6.0,,,2.0,1.0,,2.0,4.0,5.0,,,,,,,,0.0,,2.0,4.0,,,1.0,,,5.0,1.0,1.0,1.0,1.0,1.0,1.0,1.0,1.0,1.0,1.0,,,,,,,6,3,4,3,3,5,6,5,3,2,60.0,55.0,60.0,65.0,70.0,65.0,70.0,60.0,35.0,40.0,2.0,2.0,2.0,1.0,1.0,1.0,1.0,2.0,2.0,2.0,2.0,1.0,2.0,1.0,1.0,1.0,2.0,2.0,2.0,1.0,1.0,1.0,1.0,1.0,1.0,1.0,2.0,1.0,1.0,1.0,1.0,1.0,2.0,1.0,1.0,1.0,1.0,2.0,2.0,2.0
811,4,4,4,4,4,4,4,4,2,2,,30.0,,1.0,3.0,4.0,6.0,,,,,5.0,1.0,54.0,,1.0,,2.0,4.0,5.0,,,,,,,20.0,,1.0,,,,2.0,,1.0,4.0,,,,,,,,,,,,1.0,1.0,1.0,1.0,1.0,1.0,6,3,4,3,3,5,6,5,3,2,60.0,55.0,60.0,65.0,65.0,60.0,70.0,60.0,40.0,40.0,1.0,1.0,2.0,2.0,2.0,1.0,1.0,2.0,1.0,2.0,1.0,1.0,1.0,2.0,2.0,1.0,1.0,2.0,2.0,1.0,2.0,1.0,2.0,2.0,2.0,1.0,1.0,2.0,1.0,1.0,2.0,2.0,1.0,1.0,2.0,1.0,1.0,2.0,2.0,1.0
1998,5,5,5,5,5,5,5,5,1,2,,30.0,4.0,,3.0,4.0,6.0,,,,,,1.0,54.0,,,2.0,2.0,4.0,5.0,,,,,,,18.0,,,2.0,,,2.0,1.0,,,5.0,,,,,,,,,,,1.0,1.0,1.0,1.0,1.0,1.0,6,3,4,3,3,5,6,6,3,2,55.0,50.0,52.0,60.0,65.0,58.0,70.0,60.0,40.0,45.0,2.0,2.0,1.0,1.0,1.0,1.0,1.0,1.0,1.0,2.0,2.0,2.0,1.0,2.0,1.0,1.0,2.0,1.0,1.0,2.0,2.0,1.0,1.0,1.0,1.0,2.0,1.0,1.0,1.0,2.0,1.0,1.0,1.0,1.0,2.0,1.0,1.0,2.0,2.0,1.0
1463,5,5,5,5,5,5,5,5,1,2,,30.0,,1.0,,,,3.0,5.0,2.0,6.0,,1.0,54.0,,,2.0,,,,3.0,5.0,6.0,,,,0.0,,1.0,,4.0,,,,1.0,,5.0,,,,,,,,,,,1.0,1.0,1.0,1.0,1.0,1.0,6,3,4,3,3,5,6,5,3,2,60.0,55.0,55.0,65.0,70.0,60.0,75.0,60.0,40.0,45.0,1.0,2.0,1.0,2.0,1.0,2.0,2.0,2.0,1.0,1.0,2.0,2.0,1.0,2.0,2.0,1.0,2.0,2.0,2.0,1.0,2.0,1.0,2.0,1.0,2.0,2.0,2.0,2.0,1.0,2.0,1.0,1.0,1.0,2.0,2.0,1.0,1.0,2.0,2.0,2.0
1510,4,4,4,4,4,4,4,4,2,2,70.0,,3.0,,3.0,4.0,6.0,,,,,5.0,1.0,40.0,,1.0,,,,,3.0,4.0,4.0,,,,18.0,,,2.0,,6.0,,1.0,,,4.0,1.0,1.0,1.0,1.0,1.0,1.0,1.0,1.0,1.0,1.0,,,,,,,6,3,4,4,3,5,6,6,3,2,55.0,50.0,52.0,60.0,62.0,58.0,65.0,54.0,40.0,42.0,2.0,2.0,1.0,1.0,1.0,1.0,2.0,2.0,1.0,1.0,2.0,1.0,1.0,1.0,2.0,1.0,2.0,1.0,1.0,1.0,2.0,1.0,1.0,1.0,2.0,1.0,2.0,2.0,1.0,1.0,1.0,1.0,1.0,2.0,1.0,1.0,2.0,1.0,1.0,1.0
1099,5,5,5,5,5,5,5,5,1,2,,30.0,1.0,,3.0,4.0,6.0,,,,6.0,,1.0,54.0,,,2.0,1.0,4.0,5.0,,,,,,,20.0,,,2.0,,9.0,,1.0,,,5.0,,,,,,,,,,,1.0,1.0,1.0,1.0,1.0,1.0,6,3,4,4,3,5,6,6,4,2,60.0,55.0,60.0,65.0,70.0,60.0,70.0,60.0,30.0,35.0,2.0,1.0,2.0,1.0,1.0,1.0,1.0,2.0,2.0,1.0,1.0,2.0,1.0,1.0,2.0,1.0,2.0,1.0,2.0,2.0,2.0,2.0,2.0,2.0,2.0,1.0,1.0,1.0,1.0,1.0,1.0,2.0,2.0,1.0,2.0,2.0,1.0,2.0,1.0,2.0
1685,4,4,4,4,4,4,4,4,2,2,70.0,,,2.0,,,,3.0,4.0,2.0,6.0,,,,2.0,1.0,,2.0,4.0,5.0,,,,,,,18.0,,,2.0,4.0,,,,1.0,,4.0,,,,,,,,,,,1.0,1.0,1.0,1.0,1.0,1.0,6,3,4,3,3,5,6,5,3,2,55.0,50.0,52.0,60.0,62.0,58.0,65.0,54.0,40.0,42.0,2.0,1.0,1.0,1.0,1.0,1.0,1.0,1.0,1.0,1.0,1.0,2.0,2.0,2.0,1.0,1.0,2.0,2.0,2.0,1.0,1.0,2.0,1.0,1.0,1.0,2.0,1.0,1.0,1.0,1.0,1.0,1.0,1.0,2.0,2.0,2.0,2.0,1.0,1.0,1.0
110,2,3,2,2,2,2,3,2,4,4,,30.0,2.0,,2.0,3.0,5.0,,,,,5.0,1.0,54.0,,,2.0,,,,3.0,4.0,5.0,,,,,0.0,,2.0,,7.0,,1.0,,,4.0,1.0,1.0,1.0,1.0,1.0,1.0,1.0,1.0,1.0,1.0,,,,,,,6,3,4,4,3,5,6,6,3,2,55.0,50.0,50.0,60.0,65.0,55.0,70.0,50.0,45.0,40.0,1.0,2.0,1.0,2.0,2.0,1.0,2.0,1.0,2.0,1.0,1.0,2.0,2.0,2.0,1.0,1.0,2.0,2.0,1.0,2.0,1.0,1.0,1.0,1.0,1.0,2.0,1.0,2.0,1.0,1.0,2.0,1.0,1.0,1.0,1.0,2.0,2.0,1.0,1.0,2.0
499,4,4,4,4,4,4,4,4,2,2,70.0,,4.0,,,,,3.0,4.0,2.0,6.0,,1.0,54.0,,1.0,,2.0,4.0,4.0,,,,,,,,18.0,1.0,,4.0,,,1.0,,,4.0,,,,,,,,,,,1.0,1.0,1.0,1.0,1.0,1.0,6,3,4,4,2,5,6,6,3,2,55.0,50.0,52.0,60.0,62.0,58.0,65.0,54.0,40.0,42.0,2.0,2.0,1.0,1.0,1.0,1.0,1.0,1.0,1.0,1.0,2.0,2.0,1.0,1.0,1.0,2.0,1.0,2.0,1.0,2.0,2.0,1.0,1.0,2.0,2.0,1.0,2.0,2.0,1.0,2.0,1.0,1.0,1.0,1.0,2.0,1.0,1.0,1.0,1.0,2.0
285,2,3,2,2,2,2,4,2,4,3,70.0,,2.0,,,,,3.0,4.0,2.0,5.0,,1.0,54.0,,,2.0,,,,,,,2.0,4.0,5.0,18.0,,,2.0,4.0,,,1.0,,,4.0,,,,,,,,,,,1.0,1.0,1.0,1.0,1.0,1.0,6,3,4,4,2,5,6,6,3,2,45.0,40.0,42.0,50.0,55.0,48.0,60.0,38.0,35.0,37.0,2.0,2.0,2.0,2.0,1.0,2.0,1.0,2.0,1.0,1.0,1.0,2.0,2.0,2.0,2.0,2.0,1.0,1.0,2.0,1.0,2.0,2.0,1.0,2.0,1.0,1.0,2.0,2.0,1.0,1.0,2.0,2.0,1.0,2.0,1.0,2.0,1.0,1.0,1.0,2.0
917,5,5,5,5,5,5,5,5,1,2,,30.0,,2.0,,,,3.0,5.0,4.0,,6.0,,,2.0,,2.0,2.0,5.0,6.0,,,,,,,18.0,,1.0,,3.0,,,,1.0,,5.0,1.0,1.0,1.0,1.0,1.0,1.0,1.0,1.0,1.0,1.0,,,,,,,6,3,4,3,3,5,6,5,3,2,60.0,55.0,58.0,65.0,70.0,62.0,75.0,60.0,40.0,45.0,2.0,2.0,2.0,1.0,1.0,2.0,2.0,1.0,2.0,2.0,2.0,2.0,2.0,2.0,2.0,1.0,2.0,2.0,2.0,2.0,2.0,1.0,1.0,2.0,1.0,1.0,2.0,1.0,2.0,2.0,2.0,1.0,2.0,1.0,1.0,2.0,2.0,2.0,2.0,2.0
864,2,2,2,2,2,2,4,2,4,4,70.0,,,2.0,,,,3.0,4.0,3.0,,6.0,,,2.0,1.0,,,,,,,,4.0,4.0,5.0,20.0,,1.0,,4.0,,,1.0,,,4.0,1.0,1.0,1.0,1.0,1.0,1.0,1.0,1.0,1.0,1.0,,,,,,,6,3,4,4,2,5,6,6,3,2,40.0,35.0,38.0,45.0,50.0,35.0,60.0,40.0,55.0,50.0,2.0,2.0,2.0,2.0,2.0,1.0,1.0,2.0,2.0,1.0,2.0,1.0,1.0,1.0,2.0,1.0,2.0,1.0,2.0,2.0,1.0,1.0,1.0,1.0,2.0,1.0,1.0,1.0,1.0,1.0,1.0,1.0,2.0,1.0,2.0,1.0,1.0,1.0,2.0,1.0
1379,5,5,5,5,5,5,5,5,1,2,70.0,,4.0,,,,,3.0,5.0,2.0,6.0,,1.0,54.0,,,2.0,,,,,,,3.0,5.0,6.0,,18.0,1.0,,,,3.0,1.0,,,5.0,1.0,1.0,1.0,1.0,1.0,1.0,1.0,1.0,1.0,1.0,,,,,,,6,3,4,3,3,5,6,5,4,2,60.0,55.0,58.0,65.0,70.0,62.0,75.0,60.0,40.0,45.0,1.0,1.0,1.0,2.0,2.0,1.0,2.0,1.0,1.0,2.0,2.0,1.0,1.0,1.0,1.0,2.0,1.0,2.0,1.0,1.0,2.0,1.0,1.0,1.0,2.0,2.0,1.0,2.0,1.0,1.0,2.0,1.0,1.0,2.0,2.0,2.0,2.0,2.0,1.0,2.0
1783,3,3,3,3,3,3,4,3,4,3,,30.0,3.0,,3.0,4.0,5.0,,,,6.0,,1.0,40.0,,1.0,,,,,,,,3.0,4.0,4.0,,15.0,1.0,,,5.0,,1.0,,4.0,,1.0,1.0,1.0,1.0,1.0,1.0,1.0,1.0,1.0,1.0,,,,,,,6,3,4,4,3,5,6,6,3,2,40.0,35.0,35.0,45.0,50.0,40.0,60.0,35.0,50.0,40.0,2.0,1.0,1.0,2.0,2.0,1.0,2.0,1.0,2.0,2.0,1.0,1.0,1.0,2.0,2.0,1.0,2.0,1.0,2.0,1.0,1.0,1.0,2.0,2.0,1.0,1.0,2.0,2.0,1.0,1.0,1.0,1.0,1.0,2.0,1.0,2.0,1.0,2.0,2.0,1.0
1416,2,2,2,2,2,2,4,2,4,4,70.0,,,2.0,3.0,4.0,5.0,,,,6.0,,,,2.0,,2.0,1.0,4.0,5.0,,,,,,,18.0,,1.0,,,7.0,,1.0,,4.0,,,,,,,,,,,,1.0,1.0,1.0,1.0,1.0,1.0,6,3,4,3,2,5,6,5,3,2,40.0,35.0,35.0,30.0,35.0,30.0,60.0,35.0,60.0,60.0,1.0,2.0,2.0,2.0,2.0,1.0,1.0,2.0,2.0,1.0,1.0,2.0,2.0,2.0,1.0,1.0,1.0,1.0,1.0,2.0,2.0,1.0,2.0,2.0,2.0,2.0,2.0,1.0,2.0,2.0,2.0,2.0,2.0,2.0,2.0,1.0,1.0,2.0,1.0,2.0
1565,5,5,5,5,5,5,5,5,1,2,,30.0,,1.0,3.0,4.0,5.0,,,,6.0,,,,2.0,,2.0,,,,3.0,5.0,6.0,,,,,18.0,,2.0,4.0,,,1.0,,5.0,,,,,,,,,,,,1.0,1.0,1.0,1.0,1.0,1.0,6,3,4,3,2,5,6,5,4,2,55.0,50.0,52.0,60.0,62.0,58.0,65.0,54.0,40.0,38.0,2.0,2.0,2.0,1.0,2.0,1.0,1.0,2.0,1.0,2.0,1.0,1.0,2.0,2.0,2.0,2.0,2.0,1.0,1.0,2.0,1.0,1.0,1.0,1.0,2.0,1.0,1.0,2.0,2.0,1.0,2.0,1.0,1.0,2.0,2.0,2.0,1.0,2.0,2.0,2.0
779,5,4,5,5,5,5,5,5,1,2,,30.0,3.0,,,,,3.0,5.0,4.0,,6.0,,,2.0,,2.0,2.0,4.0,5.0,,,,,,,18.0,,1.0,,,6.0,,1.0,,5.0,,,,,,,,,,,,1.0,1.0,1.0,1.0,1.0,1.0,6,3,4,3,3,5,6,5,3,2,55.0,50.0,52.0,60.0,65.0,58.0,70.0,60.0,40.0,35.0,2.0,2.0,2.0,1.0,2.0,2.0,1.0,1.0,1.0,1.0,1.0,2.0,2.0,2.0,2.0,2.0,1.0,2.0,2.0,2.0,1.0,1.0,2.0,2.0,1.0,2.0,2.0,2.0,1.0,2.0,2.0,2.0,2.0,2.0,1.0,2.0,1.0,2.0,2.0,1.0
383,2,3,2,2,3,2,3,2,4,4,,30.0,2.0,,,,,3.0,4.0,2.0,6.0,,,,2.0,,2.0,,,,,,,2.0,4.0,5.0,,15.0,1.0,,,,2.0,,1.0,,4.0,1.0,1.0,1.0,1.0,1.0,1.0,1.0,1.0,1.0,1.0,,,,,,,6,3,4,3,3,5,6,5,3,2,45.0,40.0,40.0,40.0,50.0,35.0,60.0,40.0,50.0,45.0,2.0,1.0,2.0,2.0,1.0,2.0,1.0,2.0,2.0,1.0,1.0,2.0,1.0,1.0,2.0,1.0,2.0,1.0,2.0,2.0,2.0,2.0,2.0,2.0,2.0,1.0,1.0,1.0,2.0,1.0,1.0,2.0,2.0,1.0,1.0,2.0,1.0,1.0,1.0,2.0
165,1,2,2,1,2,2,3,1,4,4,,30.0,2.0,,2.0,3.0,6.0,,,,,5.0,,,2.0,,2.0,,,,2.0,4.0,5.0,,,,,18.0,1.0,,,6.0,,,1.0,,4.0,,,,,,,,,,,1.0,1.0,1.0,1.0,1.0,1.0,6,3,4,4,2,5,6,6,3,2,40.0,35.0,38.0,45.0,50.0,40.0,60.0,35.0,55.0,50.0,1.0,1.0,2.0,2.0,2.0,1.0,1.0,2.0,1.0,1.0,1.0,1.0,2.0,2.0,1.0,1.0,1.0,1.0,2.0,1.0,1.0,2.0,2.0,1.0,1.0,1.0,1.0,1.0,1.0,1.0,2.0,2.0,1.0,1.0,1.0,1.0,1.0,1.0,1.0,2.0
2042,4,4,4,4,4,4,4,4,2,2,70.0,,,2.0,3.0,4.0,5.0,,,,,6.0,,,2.0,1.0,,,,,,,,3.0,4.0,5.0,12.0,,1.0,,,6.0,,,1.0,,4.0,1.0,1.0,1.0,1.0,1.0,1.0,1.0,1.0,1.0,1.0,,,,,,,6,3,4,3,3,5,6,5,3,2,55.0,50.0,52.0,60.0,65.0,58.0,70.0,60.0,40.0,38.0,2.0,2.0,2.0,1.0,1.0,2.0,2.0,1.0,2.0,1.0,2.0,2.0,2.0,2.0,2.0,1.0,2.0,2.0,2.0,1.0,1.0,1.0,1.0,1.0,2.0,1.0,1.0,2.0,1.0,2.0,1.0,1.0,1.0,1.0,1.0,1.0,1.0,2.0,1.0,1.0
7,5,5,5,5,5,5,5,5,1,1,,30.0,,1.0,3.0,4.0,6.0,,,,6.0,,,,2.0,,2.0,,,,4.0,5.0,6.0,,,,20.0,,1.0,,,,1.0,1.0,,5.0,,,,,,,,,,,,1.0,1.0,1.0,1.0,1.0,1.0,6,3,4,3,3,5,6,6,4,2,60.0,55.0,60.0,65.0,70.0,60.0,70.0,60.0,40.0,35.0,2.0,2.0,2.0,1.0,2.0,2.0,1.0,1.0,2.0,2.0,2.0,2.0,1.0,1.0,1.0,1.0,2.0,2.0,1.0,2.0,1.0,1.0,2.0,1.0,1.0,1.0,1.0,2.0,1.0,2.0,2.0,2.0,1.0,2.0,1.0,2.0,2.0,2.0,2.0,2.0
33,4,4,4,5,5,5,5,4,1,2,70.0,,,2.0,,,,3.0,4.0,2.0,6.0,,,,2.0,,2.0,,,,2.0,4.0,5.0,,,,,15.0,1.0,,,,2.0,1.0,,4.0,,,,,,,,,,,,1.0,1.0,1.0,1.0,1.0,1.0,6,3,4,4,3,5,6,6,3,2,55.0,50.0,52.0,60.0,65.0,62.0,70.0,58.0,35.0,40.0,2.0,1.0,1.0,2.0,1.0,2.0,1.0,2.0,2.0,2.0,2.0,1.0,2.0,2.0,2.0,1.0,2.0,1.0,1.0,2.0,1.0,2.0,2.0,1.0,1.0,1.0,2.0,2.0,2.0,2.0,1.0,1.0,2.0,1.0,1.0,1.0,2.0,2.0,1.0,1.0
1631,2,3,2,2,2,2,3,2,4,4,,30.0,,2.0,2.0,3.0,4.0,,,,6.0,,,,2.0,1.0,,2.0,3.0,4.0,,,,,,,20.0,,,2.0,4.0,,,1.0,,4.0,,1.0,1.0,1.0,1.0,1.0,1.0,1.0,1.0,1.0,1.0,,,,,,,6,3,4,4,3,5,6,6,3,2,40.0,35.0,38.0,45.0,50.0,35.0,60.0,40.0,55.0,50.0,2.0,2.0,2.0,2.0,1.0,2.0,2.0,2.0,1.0,2.0,2.0,1.0,1.0,2.0,1.0,1.0,1.0,1.0,2.0,1.0,2.0,1.0,2.0,1.0,1.0,1.0,2.0,2.0,2.0,1.0,2.0,2.0,2.0,2.0,2.0,2.0,2.0,2.0,1.0,2.0
1742,3,3,3,3,3,3,3,3,3,3,70.0,,3.0,,,,,3.0,4.0,3.0,,5.0,1.0,30.0,,1.0,,3.0,3.0,3.0,,,,,,,,10.0,,2.0,,4.0,,,1.0,,3.0,,,,,,,,,,,1.0,1.0,1.0,1.0,1.0,1.0,5,3,3,3,3,5,5,5,3,1,50.0,50.0,50.0,50.0,50.0,50.0,50.0,50.0,50.0,50.0,2.0,2.0,2.0,2.0,2.0,2.0,2.0,2.0,1.0,2.0,1.0,2.0,1.0,1.0,1.0,2.0,1.0,1.0,2.0,2.0,1.0,2.0,2.0,1.0,1.0,2.0,2.0,2.0,1.0,2.0,2.0,2.0,2.0,1.0,1.0,1.0,2.0,2.0,1.0,1.0
231,1,2,2,1,2,1,2,1,5,4,,30.0,2.0,,,,,2.0,5.0,3.0,5.0,,1.0,54.0,,,2.0,,,,2.0,4.0,4.0,,,,,5.0,1.0,,,,2.0,,1.0,3.0,,1.0,1.0,1.0,1.0,1.0,1.0,1.0,1.0,1.0,1.0,,,,,,,6,3,4,3,3,5,6,5,2,2,40.0,35.0,38.0,45.0,50.0,35.0,55.0,40.0,60.0,42.0,1.0,1.0,1.0,1.0,1.0,1.0,1.0,1.0,1.0,1.0,1.0,1.0,1.0,2.0,2.0,1.0,2.0,1.0,1.0,1.0,1.0,1.0,1.0,2.0,1.0,1.0,2.0,2.0,2.0,1.0,1.0,2.0,2.0,2.0,1.0,2.0,1.0,1.0,1.0,1.0
342,5,5,5,5,5,5,5,5,1,2,70.0,,,2.0,3.0,4.0,6.0,,,,6.0,,1.0,54.0,,1.0,,2.0,4.0,5.0,,,,,,,12.0,,1.0,,,6.0,,,1.0,5.0,,,,,,,,,,,,1.0,1.0,1.0,1.0,1.0,1.0,6,3,4,4,3,5,6,6,4,2,60.0,55.0,58.0,65.0,68.0,62.0,70.0,60.0,35.0,40.0,,,,,,,,,,,,,,,,,,,,,,,,,,,,,,,,,,,,,,,,
1200,2,2,2,2,2,2,4,2,4,2,,30.0,,2.0,,,,3.0,5.0,4.0,,5.0,1.0,54.0,,1.0,,2.0,4.0,4.0,,,,,,,5.0,,1.0,,4.0,,,1.0,,,4.0,,,,,,,,,,,1.0,1.0,1.0,1.0,1.0,1.0,6,3,4,3,3,5,6,5,3,2,45.0,40.0,40.0,40.0,40.0,40.0,60.0,40.0,60.0,40.0,2.0,2.0,1.0,1.0,2.0,2.0,2.0,1.0,2.0,2.0,1.0,1.0,2.0,2.0,1.0,2.0,1.0,2.0,2.0,1.0,1.0,2.0,2.0,2.0,1.0,2.0,1.0,2.0,1.0,1.0,2.0,2.0,1.0,1.0,1.0,1.0,1.0,1.0,2.0,2.0
1789,4,4,4,3,4,3,5,3,2,2,70.0,,,2.0,,,,3.0,4.0,2.0,,6.0,,,2.0,1.0,,2.0,4.0,5.0,,,,,,,,18.0,,2.0,4.0,,,1.0,,,4.0,1.0,1.0,1.0,1.0,1.0,1.0,1.0,1.0,1.0,1.0,,,,,,,6,3,5,4,3,5,6,5,3,2,55.0,50.0,52.0,60.0,62.0,58.0,65.0,54.0,40.0,42.0,2.0,1.0,1.0,2.0,2.0,2.0,1.0,2.0,1.0,1.0,2.0,1.0,1.0,2.0,1.0,2.0,1.0,2.0,2.0,2.0,1.0,1.0,2.0,2.0,2.0,1.0,2.0,2.0,1.0,2.0,1.0,1.0,2.0,1.0,2.0,1.0,2.0,1.0,2.0,1.0
1373,3,3,3,3,3,3,4,3,4,3,70.0,,,2.0,3.0,4.0,5.0,,,,5.0,,,,2.0,1.0,,2.0,3.0,4.0,,,,,,,,15.0,,2.0,3.0,,,,1.0,,4.0,1.0,1.0,1.0,1.0,1.0,1.0,1.0,1.0,1.0,1.0,,,,,,,6,3,4,4,2,5,6,6,3,2,45.0,40.0,40.0,50.0,55.0,50.0,60.0,45.0,40.0,40.0,2.0,1.0,1.0,1.0,2.0,2.0,2.0,2.0,2.0,2.0,1.0,1.0,2.0,2.0,1.0,1.0,1.0,1.0,1.0,2.0,1.0,2.0,2.0,2.0,1.0,2.0,2.0,2.0,1.0,1.0,1.0,2.0,2.0,2.0,1.0,2.0,1.0,1.0,2.0,2.0
1195,5,5,5,5,5,5,5,5,1,1,70.0,,,1.0,,,,3.0,5.0,2.0,,6.0,,,2.0,1.0,,,,,,,,4.0,5.0,6.0,,18.0,,2.0,,5.0,,1.0,,5.0,,,,,,,,,,,,1.0,1.0,1.0,1.0,1.0,1.0,6,3,4,4,3,5,6,6,4,2,60.0,55.0,50.0,65.0,70.0,60.0,75.0,55.0,40.0,35.0,2.0,1.0,2.0,1.0,1.0,2.0,2.0,2.0,1.0,1.0,1.0,2.0,1.0,2.0,1.0,2.0,1.0,2.0,1.0,1.0,1.0,2.0,1.0,1.0,2.0,2.0,2.0,1.0,2.0,1.0,2.0,1.0,2.0,2.0,2.0,1.0,2.0,1.0,1.0,1.0
600,5,5,5,5,5,5,5,5,1,2,70.0,,5.0,,3.0,4.0,6.0,,,,,6.0,1.0,54.0,,,2.0,,,,,,,3.0,5.0,6.0,20.0,,,2.0,,6.0,,1.0,,5.0,,,,,,,,,,,,1.0,1.0,1.0,1.0,1.0,1.0,6,3,4,3,3,5,6,5,3,2,60.0,55.0,58.0,65.0,70.0,62.0,75.0,60.0,40.0,45.0,1.0,2.0,2.0,2.0,1.0,2.0,2.0,2.0,2.0,2.0,2.0,1.0,2.0,2.0,2.0,2.0,2.0,1.0,1.0,1.0,1.0,1.0,1.0,1.0,1.0,1.0,1.0,1.0,2.0,2.0,1.0,2.0,1.0,1.0,1.0,1.0,1.0,1.0,1.0,1.0
389,5,5,5,5,5,5,5,5,1,1,,30.0,,2.0,,,,3.0,4.0,2.0,6.0,,,,2.0,1.0,,,,,,,,2.0,5.0,6.0,,,,2.0,,,1.0,,1.0,5.0,,1.0,1.0,1.0,1.0,1.0,1.0,1.0,1.0,1.0,1.0,,,,,,,6,3,4,3,3,5,6,5,4,2,60.0,55.0,50.0,65.0,70.0,60.0,75.0,55.0,40.0,35.0,1.0,2.0,2.0,2.0,1.0,2.0,1.0,2.0,2.0,1.0,2.0,2.0,2.0,2.0,1.0,1.0,1.0,2.0,2.0,1.0,2.0,2.0,2.0,2.0,1.0,2.0,2.0,2.0,2.0,2.0,1.0,1.0,1.0,1.0,1.0,1.0,1.0,1.0,2.0,1.0
773,5,5,5,5,5,5,5,5,1,2,70.0,,4.0,,,,,3.0,5.0,2.0,6.0,,1.0,54.0,,,2.0,2.0,4.0,5.0,,,,,,,,18.0,1.0,,,6.0,,,1.0,5.0,,1.0,1.0,1.0,1.0,1.0,1.0,1.0,1.0,1.0,1.0,,,,,,,6,3,4,3,3,5,6,5,3,2,60.0,55.0,58.0,65.0,68.0,62.0,70.0,60.0,40.0,45.0,1.0,2.0,2.0,2.0,1.0,2.0,1.0,2.0,2.0,1.0,2.0,1.0,2.0,2.0,2.0,2.0,1.0,2.0,2.0,1.0,1.0,2.0,2.0,2.0,1.0,2.0,1.0,2.0,2.0,2.0,2.0,1.0,1.0,2.0,2.0,2.0,2.0,2.0,1.0,1.0
595,4,4,4,5,5,5,5,4,2,2,70.0,,,2.0,3.0,4.0,6.0,,,,6.0,,,,2.0,,2.0,2.0,4.0,5.0,,,,,,,,15.0,1.0,,,,3.0,1.0,,4.0,,,,,,,,,,,,1.0,1.0,1.0,1.0,1.0,1.0,6,3,5,4,2,5,6,6,3,2,55.0,50.0,52.0,60.0,65.0,62.0,70.0,58.0,40.0,42.0,1.0,2.0,1.0,2.0,1.0,1.0,1.0,1.0,1.0,1.0,1.0,1.0,2.0,1.0,1.0,2.0,2.0,2.0,2.0,2.0,2.0,2.0,1.0,1.0,1.0,1.0,2.0,2.0,1.0,2.0,1.0,2.0,2.0,2.0,2.0,1.0,1.0,2.0,1.0,2.0
1894,4,4,4,4,4,4,5,4,2,2,,30.0,4.0,,3.0,4.0,6.0,,,,6.0,,,,2.0,,2.0,,,,4.0,4.0,5.0,,,,16.0,,1.0,,,6.0,,1.0,,,4.0,,,,,,,,,,,1.0,1.0,1.0,1.0,1.0,1.0,6,3,4,4,3,5,6,6,3,2,55.0,50.0,52.0,60.0,65.0,58.0,70.0,55.0,40.0,38.0,1.0,2.0,2.0,2.0,1.0,1.0,1.0,1.0,1.0,1.0,2.0,1.0,2.0,2.0,2.0,1.0,1.0,1.0,2.0,1.0,1.0,2.0,2.0,2.0,2.0,2.0,1.0,2.0,2.0,1.0,2.0,1.0,1.0,2.0,2.0,2.0,1.0,1.0,1.0,1.0
1027,4,4,4,5,5,5,5,5,1,2,70.0,,4.0,,,,,3.0,5.0,2.0,,5.0,1.0,40.0,,,2.0,2.0,4.0,5.0,,,,,,,18.0,,,2.0,4.0,,,,1.0,4.0,,,,,,,,,,,,1.0,1.0,1.0,1.0,1.0,1.0,6,3,4,3,3,5,6,5,3,2,55.0,50.0,50.0,60.0,65.0,60.0,70.0,60.0,40.0,45.0,2.0,1.0,2.0,2.0,1.0,2.0,1.0,2.0,2.0,2.0,1.0,1.0,1.0,1.0,2.0,2.0,2.0,1.0,2.0,1.0,1.0,2.0,2.0,1.0,1.0,2.0,2.0,2.0,2.0,1.0,2.0,2.0,2.0,2.0,2.0,1.0,1.0,1.0,2.0,2.0
1154,5,5,5,5,5,5,5,5,1,2,,30.0,4.0,,,,,3.0,5.0,2.0,,6.0,1.0,54.0,,,2.0,2.0,4.0,5.0,,,,,,,18.0,,1.0,,4.0,,,,1.0,,5.0,1.0,1.0,1.0,1.0,1.0,1.0,1.0,1.0,1.0,1.0,,,,,,,6,3,4,3,3,5,6,5,3,2,60.0,55.0,58.0,65.0,70.0,62.0,75.0,60.0,40.0,45.0,2.0,1.0,2.0,2.0,2.0,2.0,2.0,1.0,2.0,1.0,1.0,1.0,2.0,2.0,1.0,1.0,2.0,1.0,2.0,2.0,1.0,2.0,2.0,1.0,1.0,2.0,1.0,2.0,1.0,2.0,2.0,1.0,1.0,1.0,2.0,1.0,1.0,1.0,2.0,1.0
1748,4,4,4,4,4,4,4,4,2,2,,30.0,3.0,,3.0,4.0,6.0,,,,5.0,,1.0,45.0,,1.0,,2.0,4.0,5.0,,,,,,,,15.0,,2.0,,,3.0,1.0,,,4.0,1.0,1.0,1.0,1.0,1.0,1.0,1.0,1.0,1.0,1.0,,,,,,,6,3,4,3,3,5,6,5,3,2,55.0,50.0,52.0,60.0,65.0,58.0,70.0,60.0,40.0,45.0,1.0,2.0,2.0,1.0,1.0,2.0,2.0,2.0,1.0,2.0,2.0,1.0,2.0,2.0,2.0,2.0,2.0,2.0,2.0,1.0,2.0,2.0,1.0,2.0,2.0,2.0,2.0,2.0,2.0,2.0,2.0,1.0,1.0,1.0,2.0,1.0,2.0,1.0,2.0,1.0
427,4,4,4,4,4,4,5,4,2,2,,30.0,,2.0,,,,3.0,4.0,2.0,,6.0,,,2.0,,2.0,,,,,,,3.0,4.0,5.0,,15.0,,2.0,,,2.0,,1.0,4.0,,,,,,,,,,,,1.0,1.0,1.0,1.0,1.0,1.0,6,3,4,3,3,5,6,5,3,2,55.0,50.0,52.0,60.0,62.0,58.0,65.0,54.0,40.0,42.0,2.0,2.0,2.0,1.0,1.0,1.0,1.0,2.0,2.0,1.0,1.0,1.0,1.0,2.0,2.0,2.0,1.0,1.0,2.0,1.0,2.0,1.0,2.0,1.0,1.0,2.0,1.0,2.0,1.0,1.0,2.0,1.0,2.0,1.0,2.0,2.0,1.0,2.0,1.0,1.0
554,4,4,4,4,4,4,4,4,2,2,,30.0,4.0,,3.0,4.0,5.0,,,,,5.0,,,2.0,,2.0,1.0,4.0,5.0,,,,,,,20.0,,,2.0,3.0,,,1.0,,4.0,,,,,,,,,,,,1.0,1.0,1.0,1.0,1.0,1.0,6,3,4,3,2,5,6,5,3,2,60.0,55.0,58.0,65.0,70.0,62.0,75.0,60.0,40.0,45.0,2.0,1.0,1.0,1.0,2.0,2.0,1.0,1.0,2.0,2.0,1.0,1.0,1.0,2.0,2.0,2.0,1.0,1.0,2.0,2.0,2.0,1.0,1.0,2.0,1.0,1.0,2.0,1.0,2.0,1.0,2.0,2.0,1.0,2.0,1.0,2.0,2.0,2.0,2.0,1.0
348,4,4,4,4,4,4,5,4,2,2,,30.0,,2.0,3.0,4.0,5.0,,,,6.0,,,,2.0,,2.0,,,,,,,3.0,4.0,5.0,16.0,,1.0,,,6.0,,1.0,,,5.0,,,,,,,,,,,1.0,1.0,1.0,1.0,1.0,1.0,6,3,4,4,3,5,6,6,3,2,55.0,50.0,52.0,60.0,62.0,58.0,65.0,54.0,40.0,42.0,2.0,1.0,2.0,2.0,1.0,2.0,1.0,1.0,2.0,1.0,2.0,1.0,1.0,1.0,2.0,1.0,2.0,1.0,2.0,1.0,1.0,2.0,2.0,1.0,1.0,2.0,2.0,1.0,1.0,1.0,1.0,1.0,2.0,1.0,1.0,2.0,2.0,1.0,2.0,2.0
2048,4,4,4,4,4,4,4,4,2,2,70.0,,3.0,,,,,3.0,5.0,4.0,,5.0,,,2.0,1.0,,,,,,,,3.0,4.0,4.0,18.0,,,1.0,,,2.0,1.0,,,4.0,,,,,,,,,,,1.0,1.0,1.0,1.0,1.0,1.0,6,3,4,3,3,5,6,6,3,2,55.0,50.0,52.0,60.0,62.0,58.0,65.0,54.0,40.0,38.0,1.0,1.0,2.0,2.0,2.0,2.0,1.0,1.0,2.0,2.0,1.0,2.0,2.0,1.0,1.0,2.0,2.0,2.0,1.0,1.0,1.0,1.0,2.0,2.0,1.0,1.0,1.0,1.0,1.0,1.0,2.0,2.0,2.0,1.0,2.0,2.0,1.0,2.0,2.0,1.0
39,2,2,2,2,2,2,4,2,4,2,,30.0,,2.0,,,,3.0,5.0,2.0,6.0,,,,2.0,1.0,,,,,,,,2.0,4.0,5.0,12.0,,1.0,,,,2.0,1.0,,4.0,,,,,,,,,,,,1.0,1.0,1.0,1.0,1.0,1.0,6,3,4,3,2,5,6,5,3,2,40.0,35.0,35.0,40.0,45.0,35.0,50.0,35.0,45.0,35.0,2.0,1.0,1.0,2.0,2.0,1.0,2.0,1.0,1.0,2.0,2.0,2.0,1.0,2.0,2.0,2.0,1.0,2.0,2.0,1.0,1.0,1.0,2.0,1.0,2.0,2.0,1.0,1.0,1.0,1.0,1.0,2.0,1.0,1.0,2.0,2.0,2.0,1.0,1.0,1.0
1926,4,4,4,5,5,5,5,5,1,2,70.0,,4.0,,,,,3.0,5.0,2.0,,6.0,1.0,40.0,,,2.0,,,,,,,2.0,4.0,5.0,,15.0,,2.0,,6.0,,,1.0,,4.0,1.0,1.0,1.0,1.0,1.0,1.0,1.0,1.0,1.0,1.0,,,,,,,6,3,4,3,3,5,6,5,3,2,55.0,50.0,52.0,60.0,65.0,62.0,70.0,60.0,40.0,45.0,1.0,2.0,1.0,1.0,1.0,2.0,1.0,1.0,2.0,1.0,2.0,1.0,2.0,2.0,1.0,1.0,1.0,1.0,2.0,1.0,1.0,1.0,2.0,1.0,1.0,2.0,1.0,2.0,2.0,1.0,2.0,2.0,1.0,1.0,1.0,1.0,1.0,2.0,1.0,1.0
1855,2,2,2,2,2,2,4,2,4,2,70.0,,,2.0,3.0,4.0,5.0,,,,6.0,,1.0,40.0,,,2.0,,,,,,,3.0,4.0,5.0,18.0,,,2.0,,,2.0,1.0,,4.0,,,,,,,,,,,,1.0,1.0,1.0,1.0,1.0,1.0,6,3,4,4,2,5,6,6,3,2,40.0,35.0,35.0,35.0,35.0,30.0,50.0,35.0,45.0,35.0,1.0,2.0,2.0,2.0,2.0,2.0,2.0,1.0,1.0,2.0,2.0,1.0,2.0,1.0,1.0,1.0,2.0,2.0,2.0,2.0,1.0,1.0,1.0,1.0,1.0,2.0,2.0,2.0,1.0,1.0,2.0,1.0,1.0,2.0,2.0,1.0,1.0,1.0,2.0,2.0
1052,5,5,5,5,5,5,5,5,1,2,,30.0,4.0,,,,,3.0,5.0,2.0,6.0,,,,2.0,1.0,,,,,,,,2.0,5.0,5.0,,18.0,1.0,,4.0,,,,1.0,,5.0,1.0,1.0,1.0,1.0,1.0,1.0,1.0,1.0,1.0,1.0,,,,,,,6,3,4,3,3,5,6,5,3,2,60.0,55.0,55.0,65.0,70.0,60.0,75.0,60.0,40.0,35.0,2.0,2.0,2.0,2.0,2.0,1.0,2.0,2.0,1.0,2.0,1.0,2.0,2.0,2.0,2.0,2.0,1.0,1.0,1.0,2.0,1.0,2.0,2.0,2.0,1.0,1.0,1.0,2.0,2.0,2.0,2.0,2.0,1.0,1.0,2.0,2.0,1.0,2.0,1.0,2.0
1121,4,4,4,4,4,4,5,4,2,2,,30.0,4.0,,3.0,4.0,5.0,,,,,5.0,1.0,54.0,,1.0,,,,,,,,3.0,4.0,5.0,,10.0,1.0,,4.0,,,,1.0,,4.0,,,,,,,,,,,1.0,1.0,1.0,1.0,1.0,1.0,6,3,4,3,3,5,6,5,3,2,60.0,55.0,58.0,65.0,70.0,60.0,75.0,60.0,40.0,45.0,2.0,1.0,1.0,1.0,2.0,1.0,1.0,2.0,1.0,2.0,1.0,2.0,2.0,1.0,2.0,1.0,2.0,2.0,1.0,1.0,1.0,2.0,1.0,2.0,1.0,1.0,1.0,2.0,2.0,1.0,2.0,2.0,1.0,1.0,2.0,1.0,1.0,1.0,1.0,1.0
452,2,2,2,2,2,2,4,2,4,2,70.0,,,2.0,3.0,4.0,5.0,,,,,6.0,1.0,54.0,,1.0,,,,,4.0,4.0,5.0,,,,18.0,,,2.0,,6.0,,,1.0,4.0,,1.0,1.0,1.0,1.0,1.0,1.0,1.0,1.0,1.0,1.0,,,,,,,6,3,4,4,3,5,6,6,3,2,40.0,35.0,35.0,40.0,45.0,35.0,60.0,40.0,55.0,40.0,2.0,2.0,1.0,1.0,2.0,2.0,1.0,2.0,1.0,1.0,1.0,1.0,1.0,2.0,2.0,2.0,1.0,1.0,2.0,1.0,2.0,1.0,2.0,2.0,2.0,1.0,2.0,1.0,1.0,1.0,2.0,1.0,2.0,1.0,1.0,1.0,2.0,2.0,2.0,1.0
521,4,4,4,5,5,5,5,5,2,2,70.0,,,2.0,3.0,4.0,5.0,,,,6.0,,1.0,54.0,,,2.0,,,,3.0,4.0,5.0,,,,,15.0,,2.0,,,3.0,,1.0,4.0,,,,,,,,,,,,1.0,1.0,1.0,1.0,1.0,1.0,6,3,4,4,2,5,6,6,3,2,55.0,60.0,58.0,62.0,65.0,60.0,70.0,60.0,40.0,45.0,2.0,2.0,1.0,2.0,1.0,2.0,2.0,2.0,2.0,2.0,1.0,1.0,2.0,1.0,1.0,1.0,1.0,1.0,2.0,1.0,2.0,2.0,1.0,2.0,1.0,1.0,1.0,1.0,2.0,1.0,1.0,1.0,2.0,2.0,2.0,2.0,1.0,1.0,1.0,1.0
1953,5,5,5,5,5,5,5,5,1,2,70.0,,4.0,,,,,3.0,5.0,2.0,,6.0,,,2.0,,2.0,,,,,,,4.0,5.0,6.0,,18.0,1.0,,4.0,,,,1.0,5.0,,1.0,1.0,1.0,1.0,1.0,1.0,1.0,1.0,1.0,1.0,,,,,,,6,3,5,4,3,5,6,5,4,2,55.0,50.0,52.0,60.0,65.0,58.0,70.0,62.0,40.0,45.0,2.0,2.0,2.0,2.0,2.0,2.0,2.0,1.0,1.0,1.0,2.0,1.0,2.0,1.0,1.0,1.0,2.0,1.0,2.0,2.0,1.0,1.0,2.0,1.0,1.0,1.0,2.0,2.0,2.0,1.0,2.0,2.0,1.0,2.0,1.0,2.0,1.0,1.0,1.0,1.0
1820,4,4,4,5,5,5,5,4,2,2,70.0,,,2.0,3.0,4.0,5.0,,,,6.0,,1.0,40.0,,1.0,,,,,,,,3.0,4.0,5.0,15.0,,1.0,,4.0,,,,1.0,4.0,,,,,,,,,,,,1.0,1.0,1.0,1.0,1.0,1.0,6,3,4,3,3,5,6,5,3,2,55.0,50.0,52.0,60.0,65.0,62.0,70.0,58.0,40.0,42.0,2.0,2.0,1.0,2.0,1.0,1.0,1.0,1.0,2.0,2.0,1.0,1.0,1.0,2.0,2.0,1.0,2.0,2.0,2.0,1.0,1.0,1.0,1.0,1.0,2.0,1.0,1.0,2.0,1.0,2.0,2.0,1.0,1.0,2.0,2.0,2.0,1.0,2.0,1.0,2.0
1093,3,3,3,3,3,3,3,3,3,3,70.0,,,1.0,3.0,4.0,5.0,,,,,5.0,1.0,30.0,,,2.0,,,,3.0,3.0,4.0,,,,20.0,,,2.0,,,1.0,,1.0,3.0,,,,,,,,,,,,1.0,1.0,1.0,1.0,1.0,1.0,6,3,4,4,2,5,6,6,3,2,40.0,35.0,35.0,40.0,40.0,35.0,45.0,35.0,30.0,30.0,2.0,1.0,2.0,2.0,2.0,2.0,1.0,2.0,2.0,2.0,1.0,2.0,1.0,2.0,2.0,2.0,2.0,2.0,2.0,1.0,2.0,2.0,2.0,2.0,2.0,2.0,2.0,1.0,2.0,1.0,2.0,2.0,2.0,2.0,2.0,2.0,2.0,2.0,2.0,2.0
1469,4,4,4,4,4,4,5,4,2,2,,30.0,4.0,,3.0,4.0,6.0,,,,,6.0,1.0,54.0,,1.0,,2.0,4.0,5.0,,,,,,,,18.0,1.0,,,,3.0,,1.0,4.0,,,,,,,,,,,,1.0,1.0,1.0,1.0,1.0,1.0,6,3,4,4,3,5,6,6,3,2,60.0,55.0,58.0,65.0,68.0,62.0,70.0,60.0,40.0,45.0,1.0,2.0,2.0,1.0,2.0,1.0,1.0,2.0,2.0,1.0,1.0,1.0,2.0,2.0,1.0,1.0,2.0,1.0,1.0,2.0,1.0,1.0,1.0,1.0,2.0,2.0,1.0,2.0,2.0,1.0,1.0,1.0,1.0,1.0,2.0,1.0,1.0,1.0,2.0,2.0
1275,2,2,2,2,2,2,3,2,4,3,70.0,,2.0,,2.0,3.0,6.0,,,,6.0,,1.0,40.0,,1.0,,,,,,,,4.0,4.0,5.0,18.0,,,2.0,,,3.0,,1.0,4.0,,1.0,1.0,1.0,1.0,1.0,1.0,1.0,1.0,1.0,1.0,,,,,,,6,3,4,3,3,5,6,5,3,2,45.0,40.0,40.0,50.0,55.0,55.0,60.0,45.0,50.0,40.0,1.0,2.0,1.0,1.0,2.0,2.0,2.0,1.0,2.0,2.0,2.0,1.0,2.0,2.0,2.0,1.0,1.0,2.0,2.0,2.0,1.0,2.0,1.0,2.0,2.0,1.0,2.0,2.0,2.0,1.0,1.0,1.0,1.0,1.0,2.0,1.0,1.0,1.0,1.0,1.0
1306,4,4,4,4,4,4,4,4,2,2,,30.0,,2.0,,,,3.0,5.0,2.0,,6.0,1.0,54.0,,1.0,,,,,3.0,4.0,5.0,,,,,15.0,1.0,,,6.0,,1.0,,,5.0,,,,,,,,,,,1.0,1.0,1.0,1.0,1.0,1.0,6,3,4,3,2,5,6,5,3,2,60.0,55.0,60.0,65.0,70.0,65.0,70.0,60.0,40.0,45.0,1.0,2.0,1.0,2.0,1.0,1.0,2.0,1.0,1.0,2.0,2.0,2.0,2.0,2.0,2.0,1.0,1.0,2.0,1.0,2.0,2.0,1.0,2.0,1.0,2.0,1.0,2.0,1.0,2.0,2.0,1.0,2.0,1.0,1.0,1.0,2.0,2.0,2.0,2.0,2.0
493,4,4,4,5,5,5,5,4,1,2,70.0,,,2.0,3.0,4.0,6.0,,,,6.0,,,,2.0,1.0,,,,,3.0,4.0,4.0,,,,15.0,,,2.0,,,3.0,,1.0,,4.0,,,,,,,,,,,1.0,1.0,1.0,1.0,1.0,1.0,6,3,4,4,2,5,6,6,3,2,55.0,50.0,52.0,60.0,65.0,62.0,70.0,58.0,40.0,45.0,2.0,1.0,2.0,1.0,1.0,2.0,2.0,1.0,2.0,2.0,1.0,2.0,2.0,2.0,2.0,2.0,1.0,1.0,2.0,2.0,2.0,1.0,2.0,2.0,1.0,1.0,2.0,1.0,1.0,2.0,1.0,2.0,1.0,2.0,1.0,2.0,1.0,2.0,2.0,2.0
675,5,5,5,5,5,5,5,5,1,2,70.0,,,1.0,,,,3.0,4.0,2.0,6.0,,1.0,40.0,,1.0,,1.0,4.0,4.0,,,,,,,20.0,,1.0,,3.0,,,,1.0,,5.0,1.0,1.0,1.0,1.0,1.0,1.0,1.0,1.0,1.0,1.0,,,,,,,6,3,4,3,3,5,6,5,3,2,60.0,55.0,60.0,65.0,70.0,60.0,75.0,60.0,40.0,45.0,,,,,,,,,,,,,,,,,,,,,,,,,,,,,,,,,,,,,,,,
706,5,5,5,5,5,5,5,5,1,1,,30.0,,1.0,,,,3.0,5.0,3.0,6.0,,1.0,50.0,,1.0,,,,,4.0,5.0,6.0,,,,18.0,,1.0,,,,2.0,1.0,,5.0,,1.0,1.0,1.0,1.0,1.0,1.0,1.0,1.0,1.0,1.0,,,,,,,6,3,4,3,3,5,6,5,3,2,60.0,55.0,60.0,65.0,70.0,60.0,70.0,60.0,40.0,35.0,2.0,2.0,1.0,1.0,2.0,1.0,2.0,2.0,1.0,2.0,2.0,1.0,2.0,1.0,1.0,1.0,2.0,1.0,1.0,2.0,2.0,2.0,2.0,2.0,2.0,1.0,2.0,2.0,2.0,2.0,2.0,2.0,2.0,2.0,1.0,2.0,2.0,2.0,2.0,1.0
968,5,5,5,5,5,5,5,5,1,2,70.0,,5.0,,3.0,4.0,6.0,,,,6.0,,,,2.0,,2.0,2.0,5.0,6.0,,,,,,,,18.0,,2.0,,,3.0,1.0,,,5.0,1.0,1.0,1.0,1.0,1.0,1.0,1.0,1.0,1.0,1.0,,,,,,,6,3,4,3,3,5,6,5,3,2,60.0,55.0,58.0,65.0,70.0,62.0,75.0,60.0,40.0,45.0,2.0,1.0,2.0,1.0,2.0,2.0,2.0,2.0,1.0,2.0,1.0,2.0,1.0,1.0,2.0,1.0,1.0,1.0,1.0,2.0,2.0,2.0,1.0,2.0,1.0,2.0,2.0,2.0,2.0,2.0,2.0,1.0,2.0,1.0,2.0,2.0,1.0,2.0,1.0,2.0
1992,2,3,2,2,3,2,4,2,4,3,,30.0,,2.0,2.0,3.0,5.0,,,,5.0,,,,2.0,1.0,,,,,,,,2.0,4.0,5.0,5.0,,,2.0,4.0,,,,1.0,,4.0,,,,,,,,,,,1.0,1.0,1.0,1.0,1.0,1.0,6,3,4,4,2,5,6,6,3,2,45.0,40.0,38.0,50.0,55.0,48.0,60.0,42.0,35.0,37.0,1.0,1.0,1.0,2.0,2.0,1.0,2.0,1.0,2.0,1.0,1.0,1.0,1.0,2.0,1.0,1.0,1.0,1.0,1.0,2.0,1.0,2.0,1.0,2.0,1.0,1.0,1.0,1.0,1.0,2.0,1.0,2.0,2.0,2.0,2.0,1.0,2.0,1.0,2.0,2.0
305,3,3,3,4,4,3,4,3,2,2,70.0,,3.0,,3.0,4.0,5.0,,,,,5.0,1.0,25.0,,1.0,,2.0,3.0,4.0,,,,,,,,15.0,1.0,,,,2.0,,1.0,,4.0,,,,,,,,,,,1.0,1.0,1.0,1.0,1.0,1.0,6,3,4,3,2,5,6,5,3,2,45.0,40.0,40.0,55.0,60.0,50.0,65.0,45.0,35.0,35.0,2.0,2.0,2.0,2.0,2.0,2.0,2.0,2.0,2.0,1.0,2.0,1.0,2.0,2.0,1.0,2.0,1.0,1.0,2.0,2.0,2.0,1.0,1.0,2.0,1.0,1.0,2.0,1.0,1.0,1.0,1.0,2.0,2.0,2.0,2.0,1.0,1.0,2.0,2.0,2.0
276,3,3,3,3,4,3,4,3,3,3,,30.0,3.0,,,,,3.0,4.0,3.0,5.0,,1.0,40.0,,,2.0,,,,,,,2.0,4.0,4.0,,10.0,1.0,,,5.0,,1.0,,4.0,,,,,,,,,,,,1.0,1.0,1.0,1.0,1.0,1.0,6,3,4,4,3,5,6,6,3,2,50.0,45.0,50.0,55.0,60.0,55.0,65.0,50.0,45.0,45.0,2.0,1.0,2.0,2.0,1.0,1.0,1.0,2.0,1.0,2.0,1.0,2.0,2.0,2.0,2.0,1.0,1.0,2.0,1.0,2.0,1.0,1.0,1.0,1.0,1.0,2.0,2.0,1.0,1.0,1.0,2.0,1.0,2.0,1.0,1.0,2.0,2.0,1.0,1.0,1.0
519,2,2,2,2,2,2,3,2,4,4,70.0,,2.0,,,,,3.0,5.0,2.0,6.0,,,,2.0,1.0,,,,,3.0,4.0,5.0,,,,,18.0,,2.0,,,3.0,,1.0,4.0,,1.0,1.0,1.0,1.0,1.0,1.0,1.0,1.0,1.0,1.0,,,,,,,6,3,4,4,3,5,6,6,3,2,45.0,40.0,40.0,40.0,45.0,40.0,50.0,40.0,55.0,55.0,2.0,2.0,1.0,2.0,1.0,1.0,1.0,1.0,1.0,1.0,1.0,2.0,1.0,1.0,2.0,1.0,1.0,1.0,1.0,2.0,1.0,2.0,2.0,1.0,1.0,1.0,1.0,2.0,1.0,1.0,2.0,1.0,1.0,1.0,1.0,2.0,2.0,1.0,2.0,1.0
1705,5,5,5,4,4,4,5,5,2,2,,30.0,,2.0,3.0,4.0,6.0,,,,6.0,,,,2.0,,2.0,,,,,,,3.0,5.0,6.0,15.0,,,2.0,,,2.0,,1.0,,5.0,,,,,,,,,,,1.0,1.0,1.0,1.0,1.0,1.0,6,3,4,4,3,5,6,6,4,2,60.0,55.0,50.0,65.0,60.0,60.0,70.0,55.0,40.0,35.0,1.0,2.0,1.0,2.0,1.0,2.0,2.0,1.0,2.0,1.0,1.0,1.0,2.0,1.0,1.0,2.0,1.0,2.0,1.0,2.0,2.0,1.0,1.0,2.0,1.0,2.0,2.0,2.0,1.0,2.0,2.0,1.0,2.0,2.0,2.0,1.0,1.0,1.0,2.0,2.0
1676,2,3,2,2,3,2,4,2,4,3,,30.0,,2.0,3.0,4.0,6.0,,,,6.0,,,,2.0,1.0,,,,,3.0,4.0,5.0,,,,18.0,,,2.0,4.0,,,1.0,,3.0,,,,,,,,,,,,1.0,1.0,1.0,1.0,1.0,1.0,6,3,4,4,3,5,6,6,3,2,45.0,40.0,42.0,50.0,55.0,48.0,60.0,40.0,35.0,38.0,2.0,1.0,1.0,1.0,2.0,1.0,2.0,2.0,1.0,2.0,1.0,1.0,2.0,1.0,1.0,1.0,1.0,1.0,2.0,1.0,1.0,1.0,2.0,2.0,1.0,1.0,1.0,1.0,2.0,2.0,1.0,2.0,1.0,2.0,2.0,2.0,2.0,1.0,1.0,2.0
1119,4,4,4,4,4,4,4,4,2,2,70.0,,,2.0,3.0,4.0,5.0,,,,,5.0,,,2.0,1.0,,,,,3.0,4.0,4.0,,,,,18.0,,2.0,,,2.0,,1.0,4.0,,1.0,1.0,1.0,1.0,1.0,1.0,1.0,1.0,1.0,1.0,,,,,,,6,4,4,3,3,5,6,6,3,2,55.0,50.0,52.0,60.0,62.0,58.0,65.0,54.0,40.0,38.0,2.0,2.0,1.0,1.0,1.0,2.0,1.0,2.0,2.0,1.0,1.0,1.0,2.0,2.0,2.0,1.0,1.0,1.0,1.0,1.0,2.0,1.0,1.0,2.0,1.0,1.0,2.0,2.0,2.0,1.0,2.0,1.0,2.0,1.0,2.0,2.0,1.0,2.0,2.0,2.0
1490,5,5,5,5,5,5,5,5,1,2,,30.0,,2.0,3.0,4.0,6.0,,,,6.0,,1.0,40.0,,,2.0,,,,4.0,5.0,6.0,,,,,18.0,,2.0,,,2.0,,1.0,5.0,,1.0,1.0,1.0,1.0,1.0,1.0,1.0,1.0,1.0,1.0,,,,,,,6,3,4,4,3,5,6,6,4,2,60.0,55.0,55.0,65.0,70.0,60.0,75.0,60.0,40.0,35.0,2.0,2.0,2.0,2.0,2.0,2.0,2.0,2.0,2.0,2.0,2.0,2.0,2.0,2.0,2.0,1.0,2.0,1.0,2.0,2.0,1.0,1.0,2.0,2.0,1.0,2.0,1.0,2.0,2.0,1.0,2.0,2.0,2.0,2.0,2.0,2.0,2.0,2.0,2.0,2.0
1818,4,4,4,4,4,4,5,4,2,2,70.0,,4.0,,3.0,4.0,5.0,,,,,6.0,,,2.0,,2.0,,,,,,,3.0,4.0,5.0,12.0,,1.0,,,6.0,,,1.0,5.0,,1.0,1.0,1.0,1.0,1.0,1.0,1.0,1.0,1.0,1.0,,,,,,,6,3,4,4,3,5,6,6,3,2,60.0,55.0,58.0,65.0,70.0,62.0,75.0,60.0,40.0,45.0,2.0,1.0,2.0,2.0,1.0,1.0,2.0,2.0,1.0,1.0,2.0,2.0,2.0,2.0,1.0,2.0,1.0,2.0,2.0,1.0,1.0,1.0,2.0,2.0,2.0,2.0,1.0,2.0,2.0,1.0,2.0,1.0,2.0,1.0,2.0,2.0,1.0,2.0,2.0,1.0
991,4,4,4,5,5,4,5,4,2,2,70.0,,4.0,,3.0,4.0,6.0,,,,6.0,,1.0,54.0,,1.0,,2.0,4.0,5.0,,,,,,,,18.0,1.0,,,,3.0,,1.0,4.0,,1.0,1.0,1.0,1.0,1.0,1.0,1.0,1.0,1.0,1.0,,,,,,,6,3,4,4,3,5,6,6,3,2,60.0,55.0,60.0,65.0,70.0,60.0,70.0,60.0,45.0,40.0,1.0,2.0,1.0,2.0,2.0,1.0,1.0,2.0,2.0,1.0,1.0,2.0,2.0,1.0,1.0,2.0,2.0,1.0,2.0,1.0,1.0,2.0,2.0,1.0,2.0,1.0,2.0,2.0,2.0,1.0,1.0,1.0,2.0,2.0,1.0,1.0,1.0,2.0,2.0,2.0
74,4,4,4,4,4,4,4,4,2,2,,30.0,,2.0,,,,3.0,4.0,3.0,6.0,,1.0,54.0,,,2.0,2.0,4.0,5.0,,,,,,,16.0,,1.0,,,6.0,,1.0,,4.0,,,,,,,,,,,,1.0,1.0,1.0,1.0,1.0,1.0,6,4,4,4,3,5,6,6,3,2,55.0,50.0,52.0,60.0,62.0,58.0,65.0,60.0,40.0,42.0,1.0,2.0,1.0,1.0,2.0,2.0,1.0,2.0,1.0,1.0,2.0,1.0,2.0,1.0,1.0,2.0,1.0,2.0,1.0,2.0,1.0,2.0,1.0,2.0,1.0,2.0,2.0,2.0,2.0,1.0,1.0,2.0,2.0,1.0,1.0,1.0,2.0,2.0,1.0,1.0
2005,4,4,4,4,4,4,5,4,2,2,70.0,,4.0,,3.0,4.0,5.0,,,,6.0,,1.0,54.0,,,2.0,2.0,4.0,5.0,,,,,,,,15.0,,2.0,4.0,,,1.0,,,4.0,,,,,,,,,,,1.0,1.0,1.0,1.0,1.0,1.0,6,3,5,4,3,5,6,6,3,2,60.0,55.0,58.0,65.0,68.0,62.0,70.0,60.0,40.0,45.0,2.0,2.0,2.0,1.0,1.0,2.0,2.0,1.0,2.0,2.0,1.0,1.0,2.0,2.0,2.0,2.0,2.0,2.0,1.0,2.0,1.0,1.0,1.0,1.0,1.0,2.0,1.0,1.0,2.0,1.0,2.0,1.0,2.0,1.0,2.0,1.0,1.0,2.0,1.0,1.0
122,4,4,4,4,4,4,5,4,2,2,70.0,,3.0,,,,,3.0,5.0,2.0,6.0,,1.0,54.0,,1.0,,,,,3.0,4.0,5.0,,,,,0.0,,2.0,,,3.0,1.0,,,4.0,,,,,,,,,,,1.0,1.0,1.0,1.0,1.0,1.0,6,3,4,3,3,5,6,5,3,2,55.0,50.0,52.0,60.0,62.0,58.0,65.0,54.0,40.0,38.0,1.0,2.0,1.0,2.0,2.0,2.0,1.0,2.0,2.0,1.0,1.0,2.0,2.0,2.0,2.0,1.0,2.0,2.0,1.0,2.0,1.0,2.0,2.0,1.0,2.0,2.0,2.0,2.0,2.0,1.0,2.0,2.0,2.0,2.0,1.0,1.0,2.0,1.0,1.0,1.0
1522,4,4,4,4,4,4,4,4,2,2,,30.0,,2.0,3.0,4.0,5.0,,,,6.0,,1.0,30.0,,1.0,,,,,,,,3.0,4.0,5.0,18.0,,,2.0,,5.0,,,1.0,,4.0,,,,,,,,,,,1.0,1.0,1.0,1.0,1.0,1.0,6,3,4,3,2,5,6,5,3,2,60.0,55.0,55.0,65.0,65.0,60.0,70.0,60.0,40.0,40.0,2.0,2.0,1.0,1.0,2.0,1.0,1.0,2.0,1.0,1.0,1.0,1.0,1.0,2.0,2.0,2.0,2.0,1.0,1.0,2.0,2.0,1.0,2.0,2.0,1.0,1.0,2.0,2.0,2.0,2.0,1.0,1.0,1.0,1.0,2.0,1.0,1.0,2.0,2.0,1.0
1451,5,5,5,5,5,5,5,5,1,1,,30.0,,1.0,,,,3.0,4.0,2.0,,6.0,1.0,54.0,,,2.0,,,,4.0,5.0,6.0,,,,,0.0,1.0,,3.0,,,,1.0,5.0,,,,,,,,,,,,1.0,1.0,1.0,1.0,1.0,1.0,6,3,4,3,3,5,6,6,4,2,60.0,55.0,50.0,65.0,70.0,60.0,75.0,55.0,40.0,35.0,2.0,1.0,1.0,1.0,2.0,1.0,1.0,2.0,1.0,2.0,2.0,1.0,1.0,2.0,2.0,2.0,1.0,1.0,2.0,1.0,2.0,2.0,1.0,2.0,2.0,1.0,2.0,1.0,2.0,1.0,1.0,1.0,2.0,2.0,1.0,2.0,1.0,1.0,2.0,1.0
823,5,5,5,5,5,5,5,5,1,2,,30.0,3.0,,,,,3.0,4.0,2.0,,6.0,,,2.0,1.0,,,,,,,,3.0,5.0,6.0,5.0,,,2.0,,6.0,,1.0,,,5.0,1.0,1.0,1.0,1.0,1.0,1.0,1.0,1.0,1.0,1.0,,,,,,,6,3,4,4,3,5,6,6,3,2,60.0,55.0,58.0,65.0,70.0,62.0,75.0,60.0,40.0,45.0,1.0,2.0,1.0,2.0,2.0,2.0,1.0,1.0,2.0,2.0,2.0,1.0,1.0,2.0,1.0,1.0,1.0,2.0,1.0,2.0,2.0,2.0,1.0,1.0,2.0,2.0,2.0,1.0,1.0,2.0,1.0,1.0,2.0,1.0,1.0,2.0,2.0,1.0,2.0,2.0
950,4,4,4,4,4,4,4,4,2,2,,30.0,4.0,,3.0,4.0,5.0,,,,,5.0,,,2.0,1.0,,2.0,4.0,5.0,,,,,,,,16.0,,2.0,,,3.0,1.0,,4.0,,1.0,1.0,1.0,1.0,1.0,1.0,1.0,1.0,1.0,1.0,,,,,,,6,3,4,4,3,5,6,6,3,2,55.0,50.0,52.0,60.0,62.0,58.0,65.0,54.0,40.0,42.0,2.0,1.0,1.0,1.0,1.0,2.0,2.0,1.0,1.0,1.0,2.0,1.0,1.0,1.0,1.0,1.0,1.0,2.0,1.0,1.0,1.0,2.0,2.0,1.0,1.0,2.0,1.0,2.0,2.0,1.0,1.0,1.0,1.0,1.0,1.0,1.0,2.0,1.0,1.0,2.0
638,3,3,3,2,3,2,4,2,4,2,,30.0,2.0,,3.0,4.0,5.0,,,,5.0,,1.0,54.0,,1.0,,2.0,4.0,5.0,,,,,,,,18.0,,2.0,4.0,,,,1.0,4.0,,1.0,1.0,1.0,1.0,1.0,1.0,1.0,1.0,1.0,1.0,,,,,,,6,3,4,4,3,5,6,6,3,2,45.0,40.0,40.0,35.0,40.0,35.0,55.0,35.0,55.0,35.0,1.0,2.0,2.0,2.0,2.0,2.0,2.0,2.0,2.0,1.0,1.0,1.0,2.0,1.0,1.0,2.0,1.0,2.0,1.0,2.0,2.0,2.0,1.0,2.0,1.0,2.0,1.0,1.0,1.0,2.0,2.0,2.0,1.0,2.0,2.0,1.0,2.0,2.0,1.0,1.0
157,4,4,4,5,5,4,5,4,2,2,70.0,,3.0,,,,,3.0,5.0,2.0,6.0,,,,2.0,,2.0,2.0,4.0,5.0,,,,,,,18.0,,,2.0,4.0,,,1.0,,4.0,,1.0,1.0,1.0,1.0,1.0,1.0,1.0,1.0,1.0,1.0,,,,,,,6,3,4,4,3,5,6,6,3,2,55.0,50.0,52.0,60.0,65.0,58.0,70.0,54.0,40.0,42.0,2.0,2.0,2.0,2.0,2.0,1.0,2.0,2.0,1.0,1.0,2.0,2.0,2.0,2.0,2.0,1.0,2.0,1.0,2.0,1.0,2.0,2.0,2.0,2.0,1.0,1.0,2.0,1.0,1.0,1.0,2.0,2.0,2.0,2.0,1.0,1.0,2.0,1.0,2.0,1.0
1238,4,4,4,4,4,4,4,4,2,2,,30.0,3.0,,3.0,4.0,5.0,,,,6.0,,1.0,30.0,,,2.0,,,,,,,2.0,4.0,4.0,,15.0,,2.0,,5.0,,,1.0,,4.0,,,,,,,,,,,1.0,1.0,1.0,1.0,1.0,1.0,6,3,4,4,3,5,6,6,3,2,55.0,50.0,50.0,60.0,65.0,60.0,70.0,55.0,40.0,40.0,2.0,1.0,2.0,2.0,1.0,1.0,2.0,1.0,2.0,1.0,1.0,2.0,1.0,1.0,2.0,1.0,2.0,1.0,2.0,2.0,1.0,1.0,1.0,2.0,1.0,2.0,1.0,1.0,2.0,1.0,1.0,1.0,1.0,1.0,2.0,1.0,1.0,1.0,2.0,1.0
1557,5,5,5,5,5,5,5,5,1,1,,30.0,6.0,,,,,3.0,5.0,4.0,,6.0,,,2.0,,2.0,,,,,,,4.0,5.0,6.0,18.0,,,2.0,5.0,,,,1.0,5.0,,1.0,1.0,1.0,1.0,1.0,1.0,1.0,1.0,1.0,1.0,,,,,,,6,3,4,3,3,5,6,5,4,2,60.0,55.0,60.0,65.0,70.0,60.0,75.0,60.0,40.0,35.0,2.0,1.0,2.0,2.0,2.0,2.0,2.0,1.0,2.0,2.0,2.0,2.0,2.0,1.0,1.0,1.0,2.0,2.0,1.0,2.0,1.0,1.0,2.0,1.0,2.0,1.0,1.0,2.0,2.0,1.0,2.0,1.0,1.0,2.0,1.0,1.0,1.0,1.0,1.0,1.0
1424,5,5,5,5,5,5,5,5,1,2,70.0,,5.0,,3.0,4.0,6.0,,,,,6.0,1.0,54.0,,1.0,,,,,4.0,5.0,6.0,,,,,18.0,1.0,,,,3.0,1.0,,,5.0,1.0,1.0,1.0,1.0,1.0,1.0,1.0,1.0,1.0,1.0,,,,,,,6,3,4,3,3,5,6,5,4,2,60.0,55.0,58.0,65.0,70.0,62.0,75.0,60.0,40.0,35.0,1.0,1.0,1.0,1.0,1.0,2.0,2.0,2.0,1.0,1.0,1.0,2.0,2.0,1.0,1.0,2.0,1.0,2.0,1.0,1.0,1.0,2.0,2.0,1.0,2.0,1.0,1.0,2.0,1.0,2.0,1.0,1.0,2.0,1.0,2.0,1.0,2.0,2.0,1.0,1.0
856,3,3,3,2,3,2,4,2,4,2,,30.0,3.0,,,,,3.0,5.0,4.0,6.0,,1.0,54.0,,,2.0,,,,3.0,4.0,4.0,,,,20.0,,,2.0,,,2.0,,1.0,,4.0,,,,,,,,,,,1.0,1.0,1.0,1.0,1.0,1.0,6,3,4,3,2,5,6,5,3,2,45.0,40.0,40.0,35.0,40.0,35.0,50.0,35.0,50.0,35.0,2.0,2.0,2.0,1.0,2.0,2.0,1.0,1.0,1.0,2.0,2.0,2.0,1.0,1.0,1.0,1.0,2.0,2.0,2.0,1.0,2.0,2.0,2.0,2.0,2.0,1.0,2.0,1.0,1.0,1.0,1.0,1.0,1.0,2.0,2.0,1.0,2.0,1.0,1.0,2.0
925,3,3,3,3,3,3,4,3,2,2,,30.0,3.0,,3.0,4.0,5.0,,,,,5.0,,,2.0,1.0,,,,,,,,3.0,4.0,4.0,20.0,,,2.0,3.0,,,,1.0,,4.0,,,,,,,,,,,1.0,1.0,1.0,1.0,1.0,1.0,6,3,4,4,2,5,6,6,3,2,50.0,45.0,45.0,55.0,60.0,50.0,65.0,55.0,40.0,40.0,1.0,2.0,1.0,1.0,2.0,2.0,1.0,2.0,1.0,2.0,1.0,2.0,2.0,1.0,1.0,2.0,2.0,2.0,2.0,1.0,2.0,1.0,2.0,1.0,2.0,1.0,1.0,2.0,1.0,1.0,1.0,1.0,2.0,1.0,2.0,1.0,1.0,1.0,1.0,1.0
196,5,5,5,5,5,5,5,5,1,1,70.0,,,1.0,3.0,4.0,6.0,,,,6.0,,,,2.0,1.0,,,,,1.0,5.0,6.0,,,,5.0,,1.0,,,,2.0,,1.0,,6.0,1.0,1.0,1.0,1.0,1.0,1.0,1.0,1.0,1.0,1.0,,,,,,,7,3,4,3,2,5,6,6,4,2,60.0,55.0,60.0,65.0,70.0,60.0,75.0,65.0,40.0,35.0,2.0,1.0,2.0,1.0,1.0,1.0,1.0,1.0,2.0,1.0,1.0,2.0,1.0,1.0,2.0,2.0,2.0,2.0,1.0,1.0,2.0,1.0,1.0,1.0,2.0,2.0,2.0,1.0,1.0,2.0,1.0,2.0,2.0,1.0,1.0,1.0,2.0,2.0,1.0,1.0
370,2,3,2,2,3,2,4,2,4,2,70.0,,2.0,,2.0,3.0,6.0,,,,,5.0,,,2.0,1.0,,2.0,4.0,5.0,,,,,,,,0.0,,2.0,,,2.0,1.0,,4.0,,1.0,1.0,1.0,1.0,1.0,1.0,1.0,1.0,1.0,1.0,,,,,,,6,3,4,3,3,5,6,5,3,2,45.0,40.0,42.0,48.0,50.0,38.0,60.0,44.0,41.0,39.0,1.0,1.0,2.0,1.0,1.0,1.0,2.0,1.0,2.0,1.0,1.0,2.0,1.0,2.0,1.0,1.0,1.0,1.0,2.0,1.0,1.0,1.0,1.0,2.0,1.0,2.0,1.0,1.0,1.0,1.0,2.0,1.0,1.0,2.0,1.0,2.0,1.0,2.0,2.0,2.0
203,2,2,2,1,2,2,2,1,4,4,,30.0,2.0,,3.0,4.0,6.0,,,,6.0,,,,2.0,,2.0,,,,2.0,4.0,4.0,,,,,5.0,,2.0,4.0,,,1.0,,3.0,,,,,,,,,,,,1.0,1.0,1.0,1.0,1.0,1.0,6,3,4,3,2,5,6,6,3,2,35.0,30.0,32.0,28.0,30.0,32.0,34.0,25.0,40.0,38.0,2.0,1.0,2.0,1.0,2.0,1.0,1.0,2.0,2.0,2.0,2.0,2.0,1.0,1.0,1.0,2.0,2.0,1.0,1.0,1.0,2.0,1.0,2.0,1.0,2.0,1.0,2.0,2.0,1.0,1.0,2.0,1.0,2.0,2.0,2.0,1.0,2.0,1.0,2.0,1.0
1596,5,5,5,5,5,5,5,5,1,2,,30.0,,1.0,3.0,4.0,6.0,,,,,6.0,1.0,54.0,,,2.0,,,,2.0,5.0,6.0,,,,0.0,,,2.0,,9.0,,,1.0,5.0,,1.0,1.0,1.0,1.0,1.0,1.0,1.0,1.0,1.0,1.0,,,,,,,6,3,4,3,2,5,6,5,4,2,60.0,55.0,60.0,65.0,70.0,60.0,75.0,60.0,40.0,45.0,2.0,2.0,1.0,1.0,1.0,2.0,2.0,2.0,2.0,2.0,2.0,2.0,2.0,1.0,1.0,1.0,1.0,1.0,1.0,2.0,2.0,2.0,2.0,2.0,2.0,2.0,2.0,2.0,1.0,2.0,2.0,2.0,2.0,2.0,2.0,2.0,2.0,2.0,2.0,2.0
1770,5,4,4,5,5,4,5,4,2,2,,30.0,4.0,,,,,3.0,5.0,2.0,6.0,,,,2.0,1.0,,,,,,,,3.0,4.0,5.0,,15.0,1.0,,4.0,,,1.0,,,4.0,,,,,,,,,,,1.0,1.0,1.0,1.0,1.0,1.0,6,3,5,4,3,5,6,5,3,2,60.0,55.0,58.0,65.0,70.0,60.0,75.0,55.0,40.0,45.0,2.0,2.0,2.0,1.0,2.0,1.0,1.0,1.0,2.0,1.0,2.0,2.0,2.0,1.0,2.0,2.0,2.0,1.0,1.0,2.0,2.0,2.0,1.0,1.0,1.0,2.0,1.0,2.0,1.0,2.0,2.0,2.0,2.0,1.0,2.0,2.0,2.0,2.0,1.0,2.0
1603,4,4,4,4,4,4,4,4,2,2,,30.0,3.0,,,,,3.0,4.0,2.0,,5.0,1.0,40.0,,,2.0,,,,,,,3.0,4.0,5.0,18.0,,1.0,,4.0,,,,1.0,,4.0,1.0,1.0,1.0,1.0,1.0,1.0,1.0,1.0,1.0,1.0,,,,,,,6,3,4,4,2,5,6,6,3,2,55.0,50.0,50.0,60.0,60.0,55.0,65.0,60.0,40.0,40.0,1.0,1.0,1.0,1.0,1.0,1.0,1.0,1.0,1.0,2.0,1.0,1.0,1.0,1.0,2.0,2.0,1.0,1.0,1.0,1.0,1.0,1.0,1.0,1.0,2.0,2.0,1.0,2.0,1.0,2.0,1.0,2.0,1.0,2.0,1.0,2.0,2.0,2.0,2.0,1.0
897,2,2,2,2,2,2,4,2,4,4,,30.0,,2.0,,,,3.0,5.0,2.0,,5.0,,,2.0,1.0,,,,,2.0,4.0,4.0,,,,5.0,,1.0,,,,2.0,,1.0,3.0,,,,,,,,,,,,1.0,1.0,1.0,1.0,1.0,1.0,6,3,4,3,2,5,6,5,3,2,40.0,35.0,35.0,40.0,45.0,35.0,60.0,40.0,55.0,50.0,1.0,1.0,1.0,2.0,2.0,2.0,1.0,1.0,2.0,1.0,1.0,2.0,2.0,1.0,2.0,1.0,1.0,2.0,2.0,1.0,1.0,2.0,2.0,2.0,2.0,1.0,1.0,1.0,1.0,1.0,1.0,1.0,1.0,2.0,1.0,1.0,1.0,1.0,2.0,1.0
741,4,4,4,2,3,2,4,2,4,2,70.0,,,2.0,,,,3.0,4.0,2.0,,6.0,1.0,54.0,,1.0,,2.0,4.0,5.0,,,,,,,,18.0,1.0,,,6.0,,1.0,,4.0,,1.0,1.0,1.0,1.0,1.0,1.0,1.0,1.0,1.0,1.0,,,,,,,6,3,4,3,2,5,6,5,3,2,55.0,50.0,52.0,60.0,62.0,58.0,65.0,54.0,48.0,50.0,2.0,1.0,1.0,2.0,1.0,1.0,2.0,2.0,2.0,1.0,1.0,1.0,2.0,1.0,2.0,1.0,1.0,1.0,2.0,1.0,2.0,2.0,1.0,2.0,1.0,1.0,1.0,1.0,1.0,2.0,1.0,2.0,2.0,1.0,2.0,1.0,2.0,1.0,1.0,1.0
632,2,2,2,2,2,2,4,2,4,2,70.0,,,2.0,,,,3.0,5.0,4.0,,5.0,1.0,40.0,,,2.0,1.0,4.0,4.0,,,,,,,,5.0,1.0,,,6.0,,,1.0,,4.0,,,,,,,,,,,1.0,1.0,1.0,1.0,1.0,1.0,6,3,4,3,3,5,6,5,3,2,40.0,35.0,35.0,40.0,45.0,35.0,50.0,40.0,45.0,35.0,1.0,2.0,2.0,2.0,1.0,2.0,1.0,1.0,1.0,2.0,1.0,2.0,2.0,2.0,1.0,2.0,1.0,2.0,1.0,2.0,2.0,1.0,2.0,2.0,1.0,1.0,2.0,1.0,2.0,1.0,2.0,1.0,2.0,2.0,2.0,2.0,2.0,2.0,1.0,2.0
1341,4,4,4,5,5,4,5,4,2,2,,30.0,4.0,,3.0,4.0,5.0,,,,,6.0,,,2.0,,2.0,,,,4.0,4.0,5.0,,,,,18.0,,2.0,,6.0,,1.0,,,4.0,1.0,1.0,1.0,1.0,1.0,1.0,1.0,1.0,1.0,1.0,,,,,,,6,3,4,4,2,5,6,6,3,2,55.0,50.0,52.0,60.0,65.0,58.0,70.0,54.0,40.0,42.0,1.0,2.0,2.0,1.0,1.0,1.0,1.0,2.0,2.0,1.0,2.0,2.0,2.0,2.0,2.0,2.0,2.0,2.0,2.0,1.0,1.0,2.0,2.0,1.0,2.0,2.0,2.0,2.0,1.0,2.0,1.0,1.0,1.0,2.0,2.0,2.0,1.0,1.0,2.0,2.0
1232,2,2,2,2,2,2,4,2,4,4,,30.0,,1.0,,,,3.0,4.0,2.0,6.0,,1.0,54.0,,,2.0,,,,,,,3.0,4.0,5.0,18.0,,1.0,,,,2.0,,1.0,4.0,,1.0,1.0,1.0,1.0,1.0,1.0,1.0,1.0,1.0,1.0,,,,,,,6,3,4,4,3,5,6,6,3,2,40.0,38.0,35.0,30.0,32.0,28.0,50.0,33.0,45.0,44.0,2.0,1.0,1.0,2.0,1.0,1.0,2.0,2.0,1.0,2.0,2.0,1.0,1.0,2.0,2.0,1.0,1.0,1.0,2.0,2.0,1.0,1.0,1.0,2.0,1.0,2.0,2.0,2.0,2.0,1.0,2.0,1.0,2.0,2.0,1.0,2.0,1.0,1.0,2.0,2.0
1867,4,4,4,4,4,4,5,4,2,2,,30.0,,2.0,3.0,4.0,5.0,,,,,6.0,1.0,54.0,,,2.0,,,,3.0,4.0,5.0,,,,5.0,,1.0,,,6.0,,,1.0,,5.0,,,,,,,,,,,1.0,1.0,1.0,1.0,1.0,1.0,6,3,4,3,3,5,6,5,3,2,60.0,55.0,60.0,65.0,70.0,60.0,75.0,60.0,40.0,40.0,1.0,1.0,2.0,1.0,1.0,1.0,2.0,2.0,1.0,2.0,2.0,2.0,1.0,1.0,1.0,2.0,2.0,1.0,2.0,2.0,2.0,1.0,1.0,1.0,1.0,2.0,2.0,1.0,2.0,1.0,1.0,1.0,2.0,2.0,1.0,2.0,2.0,2.0,1.0,1.0
1914,4,4,4,4,4,4,5,4,2,2,,30.0,,2.0,,,,3.0,5.0,2.0,6.0,,1.0,54.0,,,2.0,,,,,,,3.0,4.0,5.0,18.0,,1.0,,,,3.0,,1.0,4.0,,1.0,1.0,1.0,1.0,1.0,1.0,1.0,1.0,1.0,1.0,,,,,,,6,3,4,4,3,5,6,6,3,2,60.0,55.0,58.0,65.0,68.0,62.0,70.0,60.0,40.0,42.0,1.0,2.0,1.0,1.0,2.0,1.0,2.0,1.0,1.0,2.0,2.0,1.0,2.0,1.0,1.0,2.0,1.0,1.0,2.0,2.0,2.0,1.0,1.0,1.0,2.0,2.0,1.0,2.0,2.0,2.0,1.0,1.0,1.0,1.0,1.0,2.0,2.0,1.0,1.0,2.0
566,2,3,2,3,3,3,4,2,4,3,,30.0,,2.0,,,,3.0,4.0,2.0,5.0,,,,2.0,,2.0,,,,3.0,4.0,4.0,,,,,15.0,,2.0,3.0,,,1.0,,,4.0,,,,,,,,,,,1.0,1.0,1.0,1.0,1.0,1.0,6,3,4,3,3,5,6,5,3,2,40.0,35.0,38.0,45.0,50.0,40.0,55.0,38.0,30.0,35.0,2.0,2.0,2.0,2.0,2.0,2.0,2.0,1.0,1.0,2.0,2.0,1.0,2.0,2.0,1.0,1.0,2.0,1.0,2.0,1.0,2.0,2.0,1.0,1.0,2.0,2.0,2.0,2.0,2.0,2.0,2.0,2.0,2.0,2.0,1.0,2.0,2.0,2.0,2.0,1.0
415,5,5,5,5,5,5,5,5,1,2,,30.0,1.0,,3.0,4.0,5.0,,,,6.0,,1.0,54.0,,,2.0,,,,,,,4.0,5.0,6.0,,20.0,1.0,,,,2.0,,1.0,,5.0,1.0,1.0,1.0,1.0,1.0,1.0,1.0,1.0,1.0,1.0,,,,,,,6,3,4,3,3,5,6,5,4,2,60.0,55.0,55.0,60.0,65.0,60.0,70.0,65.0,40.0,35.0,1.0,2.0,1.0,2.0,2.0,2.0,2.0,2.0,1.0,1.0,2.0,1.0,1.0,2.0,1.0,1.0,2.0,2.0,1.0,1.0,2.0,2.0,1.0,1.0,1.0,1.0,2.0,2.0,2.0,1.0,2.0,2.0,2.0,2.0,1.0,2.0,1.0,1.0,2.0,2.0
209,2,2,2,2,2,2,4,2,4,2,,30.0,2.0,,2.0,3.0,5.0,,,,6.0,,,,2.0,,2.0,,,,2.0,4.0,4.0,,,,20.0,,1.0,,,6.0,,,1.0,,4.0,,,,,,,,,,,1.0,1.0,1.0,1.0,1.0,1.0,6,3,4,3,3,5,6,5,3,2,40.0,35.0,35.0,40.0,45.0,35.0,60.0,40.0,50.0,35.0,2.0,2.0,2.0,1.0,2.0,2.0,1.0,2.0,2.0,2.0,1.0,2.0,1.0,2.0,1.0,2.0,2.0,1.0,1.0,1.0,1.0,1.0,1.0,2.0,2.0,1.0,1.0,2.0,2.0,1.0,1.0,1.0,2.0,1.0,1.0,1.0,2.0,1.0,1.0,1.0
780,2,3,3,3,4,3,4,3,4,2,,30.0,4.0,,,,,3.0,4.0,3.0,6.0,,,,2.0,1.0,,,,,3.0,4.0,5.0,,,,,15.0,,2.0,,6.0,,1.0,,,4.0,1.0,1.0,1.0,1.0,1.0,1.0,1.0,1.0,1.0,1.0,,,,,,,6,3,4,3,3,5,6,5,3,2,45.0,40.0,42.0,55.0,60.0,50.0,65.0,48.0,38.0,35.0,2.0,2.0,1.0,1.0,2.0,2.0,2.0,2.0,2.0,1.0,2.0,1.0,2.0,2.0,1.0,2.0,1.0,2.0,1.0,1.0,1.0,1.0,2.0,1.0,2.0,1.0,2.0,1.0,2.0,1.0,1.0,2.0,1.0,1.0,2.0,2.0,2.0,1.0,2.0,1.0
1166,5,5,5,5,5,5,5,5,1,2,,30.0,,1.0,,,,3.0,5.0,2.0,,6.0,1.0,54.0,,1.0,,2.0,5.0,6.0,,,,,,,20.0,,,2.0,,5.0,,,1.0,,5.0,,,,,,,,,,,1.0,1.0,1.0,1.0,1.0,1.0,6,3,4,3,3,5,6,6,3,2,60.0,55.0,60.0,65.0,70.0,60.0,75.0,60.0,40.0,45.0,2.0,1.0,2.0,1.0,2.0,2.0,2.0,2.0,2.0,1.0,2.0,2.0,2.0,2.0,2.0,1.0,1.0,2.0,1.0,2.0,2.0,2.0,2.0,2.0,1.0,2.0,1.0,2.0,1.0,2.0,1.0,2.0,2.0,2.0,1.0,2.0,2.0,1.0,1.0,1.0
1015,5,5,5,5,5,5,5,5,1,2,,30.0,,1.0,,,,3.0,5.0,2.0,6.0,,,,2.0,,2.0,,,,4.0,5.0,6.0,,,,16.0,,1.0,,4.0,,,1.0,,5.0,,1.0,1.0,1.0,1.0,1.0,1.0,1.0,1.0,1.0,1.0,,,,,,,6,3,4,3,3,5,6,5,3,2,60.0,55.0,58.0,65.0,68.0,62.0,70.0,60.0,35.0,40.0,2.0,1.0,2.0,2.0,2.0,1.0,1.0,2.0,2.0,1.0,2.0,2.0,2.0,1.0,2.0,1.0,2.0,1.0,2.0,2.0,1.0,2.0,2.0,2.0,1.0,2.0,2.0,1.0,1.0,2.0,1.0,2.0,2.0,1.0,1.0,1.0,1.0,2.0,2.0,1.0
1609,2,2,2,2,2,2,4,2,4,4,,30.0,,2.0,,,,3.0,4.0,2.0,,,1.0,30.0,,1.0,,1.0,2.0,4.0,,,,,,,20.0,,,2.0,,,2.0,,1.0,,4.0,,,,,,,,,,,1.0,1.0,1.0,1.0,1.0,1.0,6,3,4,3,2,5,6,5,3,2,40.0,35.0,35.0,40.0,45.0,35.0,50.0,40.0,45.0,45.0,1.0,1.0,1.0,2.0,2.0,1.0,2.0,2.0,2.0,2.0,1.0,1.0,2.0,2.0,1.0,1.0,2.0,1.0,2.0,1.0,1.0,1.0,2.0,1.0,1.0,1.0,1.0,2.0,2.0,1.0,1.0,2.0,1.0,1.0,2.0,1.0,2.0,2.0,1.0,1.0
1380,4,4,4,5,5,5,5,5,1,2,,30.0,3.0,,3.0,4.0,5.0,,,,,6.0,,,2.0,,2.0,,,,3.0,4.0,5.0,,,,18.0,,,2.0,,,2.0,1.0,,,5.0,1.0,1.0,1.0,1.0,1.0,1.0,1.0,1.0,1.0,1.0,,,,,,,6,3,4,3,3,5,6,5,3,2,55.0,50.0,52.0,60.0,65.0,62.0,70.0,60.0,40.0,45.0,2.0,2.0,2.0,1.0,2.0,2.0,1.0,1.0,2.0,2.0,2.0,2.0,2.0,2.0,1.0,2.0,1.0,2.0,1.0,1.0,2.0,2.0,2.0,1.0,2.0,2.0,1.0,2.0,2.0,2.0,2.0,1.0,1.0,1.0,2.0,1.0,2.0,1.0,2.0,1.0
1812,4,4,4,4,4,4,5,4,2,2,70.0,,4.0,,3.0,4.0,5.0,,,,,6.0,1.0,54.0,,1.0,,,,,4.0,4.0,5.0,,,,,18.0,,2.0,,,2.0,1.0,,,4.0,,,,,,,,,,,1.0,1.0,1.0,1.0,1.0,1.0,6,3,4,4,3,5,6,5,3,2,60.0,55.0,58.0,65.0,68.0,62.0,70.0,60.0,40.0,45.0,1.0,2.0,1.0,2.0,2.0,2.0,1.0,2.0,1.0,2.0,2.0,1.0,1.0,2.0,2.0,1.0,2.0,2.0,1.0,2.0,2.0,1.0,2.0,2.0,2.0,1.0,2.0,1.0,2.0,2.0,1.0,2.0,2.0,1.0,2.0,1.0,2.0,2.0,1.0,1.0
1961,4,4,4,4,4,4,5,4,2,2,,30.0,,2.0,3.0,4.0,5.0,,,,,6.0,,,2.0,,2.0,,,,,,,3.0,4.0,5.0,,15.0,1.0,,,6.0,,1.0,,,4.0,,,,,,,,,,,1.0,1.0,1.0,1.0,1.0,1.0,6,3,4,4,3,5,6,6,3,2,60.0,55.0,55.0,65.0,70.0,60.0,75.0,60.0,40.0,45.0,1.0,1.0,1.0,1.0,2.0,2.0,2.0,1.0,2.0,1.0,1.0,1.0,2.0,1.0,1.0,2.0,2.0,2.0,1.0,1.0,1.0,2.0,2.0,1.0,1.0,1.0,2.0,2.0,2.0,1.0,1.0,1.0,2.0,1.0,2.0,2.0,2.0,2.0,2.0,2.0
686,2,2,2,2,2,2,3,2,4,4,70.0,,,2.0,2.0,3.0,5.0,,,,,5.0,1.0,40.0,,1.0,,,,,,,,2.0,4.0,4.0,,18.0,1.0,,,6.0,,1.0,,3.0,,1.0,1.0,1.0,1.0,1.0,1.0,1.0,1.0,1.0,1.0,,,,,,,6,3,4,3,3,5,6,5,3,2,40.0,35.0,35.0,35.0,40.0,35.0,50.0,35.0,45.0,45.0,1.0,2.0,2.0,1.0,2.0,1.0,1.0,2.0,2.0,1.0,2.0,1.0,2.0,2.0,2.0,2.0,1.0,1.0,1.0,1.0,2.0,2.0,2.0,2.0,2.0,2.0,2.0,2.0,2.0,2.0,2.0,2.0,2.0,2.0,2.0,1.0,1.0,2.0,2.0,1.0
513,5,5,5,5,5,5,5,5,1,2,,30.0,4.0,,3.0,4.0,6.0,,,,6.0,,1.0,54.0,,1.0,,,,,,,,4.0,5.0,6.0,8.0,,1.0,,5.0,,,,1.0,,5.0,,,,,,,,,,,1.0,1.0,1.0,1.0,1.0,1.0,6,3,4,3,3,5,6,5,4,2,60.0,55.0,50.0,65.0,70.0,60.0,75.0,55.0,40.0,45.0,1.0,1.0,1.0,1.0,1.0,2.0,2.0,2.0,2.0,1.0,1.0,2.0,2.0,2.0,1.0,2.0,2.0,1.0,2.0,2.0,2.0,2.0,1.0,1.0,1.0,2.0,2.0,2.0,1.0,1.0,1.0,1.0,2.0,1.0,2.0,2.0,1.0,1.0,1.0,1.0
460,4,4,4,5,5,5,5,4,1,2,70.0,,,2.0,,,,3.0,5.0,2.0,6.0,,,,2.0,1.0,,,,,,,,3.0,4.0,5.0,,0.0,1.0,,3.0,,,,1.0,4.0,,1.0,1.0,1.0,1.0,1.0,1.0,1.0,1.0,1.0,1.0,,,,,,,6,3,4,3,3,5,6,5,3,2,55.0,50.0,52.0,60.0,65.0,62.0,70.0,58.0,40.0,45.0,2.0,2.0,2.0,2.0,2.0,1.0,2.0,1.0,1.0,2.0,1.0,1.0,1.0,1.0,1.0,1.0,1.0,2.0,1.0,2.0,2.0,2.0,1.0,1.0,2.0,2.0,2.0,2.0,1.0,2.0,1.0,2.0,2.0,1.0,2.0,2.0,2.0,1.0,1.0,1.0
1286,4,4,4,4,4,4,4,4,2,2,70.0,,3.0,,3.0,4.0,6.0,,,,6.0,,,,2.0,,2.0,,,,3.0,4.0,4.0,,,,18.0,,1.0,,,5.0,,1.0,,,4.0,,,,,,,,,,,1.0,1.0,1.0,1.0,1.0,1.0,6,3,4,4,3,5,6,6,3,2,55.0,50.0,52.0,60.0,62.0,58.0,65.0,54.0,40.0,42.0,2.0,1.0,2.0,1.0,2.0,1.0,1.0,2.0,2.0,2.0,1.0,1.0,2.0,2.0,1.0,1.0,2.0,1.0,1.0,2.0,2.0,1.0,1.0,2.0,1.0,2.0,2.0,1.0,1.0,2.0,1.0,2.0,1.0,2.0,1.0,1.0,2.0,2.0,1.0,2.0
1113,4,5,4,5,5,5,5,5,1,2,70.0,,,2.0,,,,3.0,5.0,2.0,,6.0,,,2.0,,2.0,2.0,4.0,5.0,,,,,,,,18.0,,2.0,,,2.0,1.0,,,5.0,1.0,1.0,1.0,1.0,1.0,1.0,1.0,1.0,1.0,1.0,,,,,,,6,3,4,3,3,5,6,5,4,2,55.0,60.0,58.0,65.0,68.0,62.0,70.0,60.0,40.0,45.0,2.0,2.0,1.0,2.0,1.0,1.0,2.0,1.0,1.0,2.0,2.0,2.0,1.0,1.0,2.0,2.0,2.0,1.0,2.0,1.0,2.0,1.0,1.0,2.0,2.0,1.0,2.0,2.0,2.0,1.0,1.0,1.0,1.0,1.0,1.0,1.0,1.0,1.0,1.0,1.0
1060,5,5,5,5,5,5,5,5,1,1,,30.0,,1.0,2.0,3.0,6.0,,,,6.0,,1.0,54.0,,,2.0,,,,4.0,5.0,6.0,,,,20.0,,,2.0,,,3.0,1.0,,,5.0,1.0,1.0,1.0,1.0,1.0,1.0,1.0,1.0,1.0,1.0,,,,,,,6,3,4,3,3,5,6,5,4,2,60.0,55.0,60.0,65.0,70.0,60.0,75.0,65.0,35.0,30.0,2.0,2.0,2.0,2.0,2.0,1.0,1.0,2.0,1.0,2.0,2.0,2.0,2.0,2.0,1.0,2.0,1.0,1.0,2.0,1.0,2.0,2.0,2.0,1.0,2.0,1.0,1.0,2.0,2.0,1.0,2.0,2.0,2.0,1.0,2.0,1.0,1.0,2.0,2.0,2.0
829,4,4,4,4,4,4,4,4,2,2,70.0,,,2.0,3.0,4.0,5.0,,,,,6.0,,,2.0,,2.0,,,,,,,3.0,4.0,5.0,,15.0,1.0,,4.0,,,1.0,,,4.0,1.0,1.0,1.0,1.0,1.0,1.0,1.0,1.0,1.0,1.0,,,,,,,6,3,4,3,2,5,6,5,3,2,60.0,55.0,58.0,65.0,70.0,62.0,68.0,60.0,40.0,45.0,2.0,2.0,2.0,1.0,1.0,2.0,2.0,1.0,1.0,1.0,2.0,1.0,2.0,1.0,2.0,2.0,1.0,1.0,1.0,2.0,1.0,1.0,1.0,1.0,1.0,2.0,2.0,2.0,2.0,1.0,1.0,2.0,1.0,1.0,2.0,1.0,1.0,2.0,2.0,2.0
128,2,3,2,2,2,2,4,2,4,2,70.0,,2.0,,2.0,3.0,5.0,,,,5.0,,,,2.0,,2.0,1.0,4.0,5.0,,,,,,,18.0,,1.0,,,6.0,,1.0,,,4.0,1.0,1.0,1.0,1.0,1.0,1.0,1.0,1.0,1.0,1.0,,,,,,,6,3,4,3,3,5,6,5,3,2,45.0,40.0,40.0,50.0,55.0,45.0,60.0,40.0,50.0,40.0,2.0,1.0,2.0,2.0,2.0,1.0,2.0,1.0,1.0,2.0,2.0,2.0,1.0,2.0,2.0,1.0,1.0,1.0,1.0,1.0,1.0,2.0,2.0,1.0,2.0,2.0,1.0,2.0,1.0,1.0,1.0,1.0,2.0,2.0,2.0,2.0,2.0,1.0,1.0,1.0
734,4,4,4,5,5,4,5,4,2,2,,30.0,3.0,,3.0,4.0,5.0,,,,,5.0,,,2.0,,2.0,,,,,,,3.0,4.0,5.0,,15.0,1.0,,,6.0,,,1.0,,4.0,,,,,,,,,,,1.0,1.0,1.0,1.0,1.0,1.0,6,3,4,4,3,5,6,6,3,2,55.0,50.0,52.0,60.0,65.0,58.0,70.0,54.0,40.0,42.0,2.0,2.0,2.0,1.0,2.0,2.0,1.0,2.0,2.0,1.0,1.0,2.0,1.0,2.0,2.0,2.0,2.0,2.0,2.0,1.0,1.0,2.0,2.0,2.0,1.0,1.0,2.0,1.0,2.0,1.0,1.0,1.0,2.0,1.0,2.0,1.0,2.0,1.0,1.0,2.0
647,4,4,4,4,4,4,4,4,2,2,70.0,,4.0,,3.0,4.0,5.0,,,,6.0,,1.0,54.0,,,2.0,,,,,,,3.0,4.0,5.0,20.0,,,2.0,,,3.0,1.0,,4.0,,,,,,,,,,,,1.0,1.0,1.0,1.0,1.0,1.0,6,3,4,4,2,5,6,6,3,2,55.0,50.0,52.0,60.0,62.0,58.0,65.0,54.0,40.0,38.0,1.0,2.0,1.0,1.0,1.0,1.0,2.0,1.0,2.0,1.0,1.0,2.0,1.0,2.0,2.0,1.0,2.0,2.0,2.0,1.0,1.0,2.0,1.0,1.0,1.0,2.0,1.0,2.0,1.0,2.0,2.0,1.0,1.0,2.0,2.0,2.0,2.0,1.0,1.0,1.0
1528,4,4,4,4,4,4,5,4,2,2,,30.0,,2.0,,,,3.0,4.0,3.0,,6.0,1.0,54.0,,,2.0,,,,3.0,4.0,5.0,,,,,18.0,,2.0,,,2.0,1.0,,4.0,,1.0,1.0,1.0,1.0,1.0,1.0,1.0,1.0,1.0,1.0,,,,,,,6,3,4,3,2,5,6,5,3,2,55.0,50.0,52.0,60.0,65.0,58.0,70.0,60.0,40.0,38.0,2.0,1.0,2.0,2.0,1.0,1.0,1.0,2.0,2.0,2.0,2.0,1.0,1.0,1.0,2.0,2.0,2.0,2.0,1.0,1.0,2.0,1.0,2.0,2.0,2.0,1.0,1.0,1.0,2.0,2.0,1.0,1.0,1.0,2.0,2.0,2.0,2.0,1.0,2.0,2.0
1334,5,5,5,5,5,5,5,5,1,2,,30.0,1.0,,,,,3.0,5.0,2.0,6.0,,,,2.0,1.0,,2.0,5.0,6.0,,,,,,,,20.0,1.0,,,,1.0,1.0,,5.0,,1.0,1.0,1.0,1.0,1.0,1.0,1.0,1.0,1.0,1.0,,,,,,,6,3,4,3,3,5,6,5,4,2,60.0,55.0,50.0,65.0,70.0,60.0,75.0,55.0,35.0,40.0,2.0,2.0,2.0,2.0,2.0,2.0,2.0,2.0,2.0,2.0,2.0,2.0,2.0,2.0,2.0,2.0,2.0,2.0,2.0,2.0,2.0,2.0,2.0,2.0,2.0,2.0,2.0,2.0,2.0,2.0,2.0,2.0,2.0,2.0,2.0,2.0,2.0,2.0,2.0,2.0
1247,3,3,3,4,4,4,4,4,2,2,,30.0,4.0,,3.0,4.0,5.0,,,,,6.0,1.0,54.0,,1.0,,,,,,,,3.0,4.0,5.0,,15.0,1.0,,,,2.0,1.0,,4.0,,,,,,,,,,,,1.0,1.0,1.0,1.0,1.0,1.0,6,3,4,4,3,5,6,6,3,2,55.0,50.0,50.0,60.0,65.0,60.0,70.0,60.0,40.0,40.0,2.0,1.0,1.0,2.0,2.0,1.0,2.0,2.0,1.0,1.0,2.0,1.0,1.0,1.0,2.0,2.0,2.0,2.0,1.0,1.0,2.0,2.0,2.0,1.0,2.0,2.0,1.0,1.0,2.0,2.0,2.0,1.0,1.0,1.0,2.0,1.0,2.0,1.0,1.0,2.0
1823,2,3,3,2,3,2,3,2,4,2,,30.0,,2.0,2.0,3.0,5.0,,,,,5.0,,,2.0,,2.0,,,,,,,2.0,4.0,5.0,18.0,,,2.0,,6.0,,1.0,,4.0,,1.0,1.0,1.0,1.0,1.0,1.0,1.0,1.0,1.0,1.0,,,,,,,6,3,4,3,3,5,6,5,3,2,45.0,40.0,42.0,55.0,60.0,50.0,65.0,40.0,35.0,38.0,2.0,2.0,2.0,1.0,2.0,1.0,2.0,1.0,2.0,2.0,2.0,1.0,1.0,2.0,2.0,1.0,1.0,2.0,1.0,2.0,2.0,1.0,1.0,1.0,1.0,1.0,2.0,2.0,2.0,1.0,2.0,2.0,1.0,1.0,1.0,1.0,1.0,2.0,2.0,1.0
1950,5,5,5,5,5,5,5,5,1,2,70.0,,,1.0,,,,3.0,5.0,2.0,6.0,,,,2.0,1.0,,2.0,4.0,5.0,,,,,,,18.0,,,2.0,,,2.0,,1.0,,5.0,1.0,1.0,1.0,1.0,1.0,1.0,1.0,1.0,1.0,1.0,,,,,,,6,3,4,3,3,5,6,5,3,2,55.0,50.0,52.0,60.0,65.0,58.0,70.0,60.0,40.0,35.0,1.0,2.0,2.0,2.0,2.0,2.0,1.0,2.0,2.0,2.0,2.0,1.0,2.0,2.0,2.0,1.0,1.0,1.0,2.0,1.0,2.0,1.0,1.0,1.0,2.0,2.0,1.0,2.0,2.0,1.0,1.0,2.0,2.0,2.0,2.0,2.0,2.0,2.0,1.0,2.0
1122,2,3,2,2,2,2,4,2,4,3,70.0,,2.0,,,,,3.0,4.0,3.0,6.0,,,,2.0,1.0,,,,,3.0,4.0,5.0,,,,,15.0,1.0,,,6.0,,1.0,,4.0,,,,,,,,,,,,1.0,1.0,1.0,1.0,1.0,1.0,6,3,4,3,3,5,6,5,3,2,45.0,40.0,42.0,38.0,40.0,35.0,55.0,38.0,50.0,40.0,2.0,1.0,1.0,2.0,1.0,2.0,1.0,1.0,2.0,2.0,1.0,2.0,2.0,1.0,2.0,2.0,1.0,1.0,1.0,2.0,1.0,2.0,1.0,2.0,1.0,1.0,2.0,2.0,1.0,1.0,1.0,2.0,1.0,2.0,2.0,1.0,2.0,1.0,1.0,2.0
1051,5,5,5,5,5,5,5,5,1,2,,30.0,5.0,,,,,3.0,5.0,2.0,6.0,,,,2.0,,2.0,,,,,,,3.0,5.0,6.0,18.0,,1.0,,,6.0,,1.0,,,5.0,1.0,1.0,1.0,1.0,1.0,1.0,1.0,1.0,1.0,1.0,,,,,,,6,3,4,4,2,5,6,6,3,2,60.0,55.0,50.0,65.0,70.0,60.0,75.0,55.0,40.0,45.0,1.0,2.0,2.0,1.0,2.0,1.0,1.0,1.0,1.0,1.0,1.0,2.0,1.0,2.0,1.0,2.0,1.0,1.0,2.0,2.0,1.0,2.0,2.0,2.0,1.0,2.0,2.0,2.0,2.0,2.0,2.0,1.0,1.0,1.0,2.0,1.0,2.0,1.0,2.0,1.0
522,5,5,5,5,5,5,5,5,1,2,,30.0,,1.0,3.0,4.0,6.0,,,,6.0,,,,2.0,1.0,,,,,3.0,5.0,6.0,,,,18.0,,1.0,,4.0,,,,1.0,,5.0,,,,,,,,,,,1.0,1.0,1.0,1.0,1.0,1.0,6,3,4,3,3,5,6,6,4,2,60.0,55.0,58.0,65.0,70.0,62.0,75.0,60.0,40.0,35.0,2.0,1.0,2.0,2.0,2.0,1.0,1.0,1.0,2.0,1.0,1.0,1.0,2.0,2.0,1.0,1.0,1.0,2.0,2.0,2.0,1.0,2.0,2.0,2.0,1.0,1.0,1.0,2.0,1.0,1.0,2.0,2.0,1.0,2.0,2.0,2.0,2.0,1.0,2.0,1.0
451,4,4,4,4,4,4,5,4,2,2,70.0,,3.0,,,,,3.0,4.0,2.0,,6.0,1.0,40.0,,1.0,,,,,3.0,4.0,5.0,,,,15.0,,1.0,,,6.0,,1.0,,,5.0,1.0,1.0,1.0,1.0,1.0,1.0,1.0,1.0,1.0,1.0,,,,,,,6,3,4,4,2,5,6,6,3,2,55.0,50.0,52.0,60.0,65.0,58.0,70.0,60.0,40.0,38.0,2.0,2.0,1.0,1.0,2.0,1.0,2.0,1.0,2.0,1.0,1.0,2.0,1.0,2.0,1.0,2.0,1.0,1.0,2.0,1.0,2.0,1.0,2.0,1.0,1.0,2.0,1.0,2.0,1.0,2.0,2.0,1.0,2.0,1.0,1.0,2.0,1.0,2.0,1.0,2.0
818,4,4,4,5,5,5,5,5,2,2,70.0,,3.0,,3.0,4.0,6.0,,,,6.0,,1.0,54.0,,1.0,,,,,,,,3.0,4.0,5.0,,15.0,1.0,,,,3.0,1.0,,4.0,,1.0,1.0,1.0,1.0,1.0,1.0,1.0,1.0,1.0,1.0,,,,,,,6,3,4,3,3,5,6,5,3,2,55.0,50.0,52.0,60.0,65.0,62.0,70.0,60.0,40.0,38.0,1.0,2.0,2.0,1.0,1.0,1.0,2.0,2.0,2.0,1.0,1.0,1.0,1.0,1.0,2.0,1.0,1.0,2.0,1.0,1.0,1.0,2.0,1.0,1.0,1.0,2.0,1.0,1.0,2.0,1.0,1.0,1.0,2.0,1.0,1.0,1.0,2.0,1.0,2.0,1.0
1991,5,5,5,5,5,5,5,5,1,2,,30.0,,2.0,2.0,3.0,6.0,,,,,6.0,,,2.0,1.0,,,,,3.0,5.0,6.0,,,,,15.0,1.0,,4.0,,,,1.0,,5.0,1.0,1.0,1.0,1.0,1.0,1.0,1.0,1.0,1.0,1.0,,,,,,,6,3,4,3,3,5,6,6,3,2,60.0,55.0,58.0,65.0,70.0,62.0,75.0,60.0,40.0,45.0,2.0,2.0,1.0,2.0,2.0,1.0,2.0,1.0,2.0,2.0,1.0,2.0,1.0,2.0,2.0,2.0,2.0,1.0,1.0,2.0,2.0,2.0,2.0,1.0,2.0,2.0,2.0,2.0,1.0,2.0,1.0,1.0,2.0,1.0,2.0,1.0,1.0,2.0,2.0,1.0
1090,4,4,4,5,5,5,5,4,1,2,,30.0,4.0,,,,,3.0,5.0,4.0,,6.0,1.0,54.0,,1.0,,2.0,4.0,5.0,,,,,,,,18.0,1.0,,,,2.0,,1.0,,5.0,1.0,1.0,1.0,1.0,1.0,1.0,1.0,1.0,1.0,1.0,,,,,,,6,3,4,3,3,5,6,6,3,2,55.0,50.0,52.0,60.0,65.0,62.0,70.0,58.0,40.0,45.0,2.0,2.0,1.0,2.0,1.0,2.0,2.0,1.0,2.0,1.0,1.0,2.0,1.0,1.0,2.0,1.0,1.0,1.0,2.0,2.0,2.0,2.0,2.0,2.0,1.0,1.0,2.0,2.0,1.0,1.0,1.0,2.0,2.0,1.0,2.0,2.0,1.0,2.0,2.0,1.0
1305,5,5,5,5,5,5,5,5,1,2,,30.0,4.0,,,,,3.0,5.0,2.0,,6.0,1.0,54.0,,1.0,,2.0,5.0,6.0,,,,,,,18.0,,,2.0,5.0,,,,1.0,,5.0,,,,,,,,,,,1.0,1.0,1.0,1.0,1.0,1.0,6,3,4,3,3,5,6,5,4,2,60.0,55.0,58.0,65.0,70.0,62.0,75.0,68.0,40.0,45.0,2.0,2.0,1.0,2.0,1.0,2.0,1.0,1.0,2.0,2.0,1.0,2.0,2.0,1.0,1.0,2.0,2.0,1.0,1.0,2.0,2.0,2.0,1.0,2.0,1.0,1.0,1.0,2.0,2.0,1.0,1.0,2.0,2.0,2.0,2.0,1.0,2.0,1.0,1.0,1.0
1276,3,3,3,3,4,3,4,4,2,2,70.0,,3.0,,3.0,4.0,6.0,,,,,6.0,,,2.0,,2.0,,,,3.0,4.0,4.0,,,,18.0,,,2.0,,6.0,,1.0,,,4.0,,,,,,,,,,,1.0,1.0,1.0,1.0,1.0,1.0,6,3,4,4,3,5,6,6,3,2,55.0,50.0,50.0,60.0,65.0,55.0,70.0,60.0,45.0,40.0,1.0,1.0,2.0,2.0,1.0,2.0,2.0,2.0,1.0,1.0,2.0,2.0,2.0,2.0,1.0,2.0,1.0,2.0,1.0,1.0,1.0,2.0,2.0,2.0,1.0,2.0,2.0,1.0,1.0,1.0,2.0,2.0,2.0,1.0,2.0,2.0,1.0,1.0,2.0,1.0
119,4,3,3,2,3,2,4,2,4,2,,30.0,,2.0,,,,3.0,5.0,2.0,,5.0,1.0,40.0,,1.0,,,,,2.0,4.0,5.0,,,,15.0,,,2.0,4.0,,,1.0,,4.0,,,,,,,,,,,,1.0,1.0,1.0,1.0,1.0,1.0,6,3,4,4,2,5,6,6,3,2,55.0,50.0,50.0,45.0,55.0,45.0,60.0,40.0,50.0,40.0,2.0,2.0,1.0,1.0,1.0,2.0,2.0,1.0,1.0,1.0,2.0,1.0,1.0,2.0,1.0,2.0,1.0,2.0,1.0,1.0,1.0,2.0,2.0,2.0,1.0,2.0,2.0,2.0,2.0,1.0,1.0,2.0,1.0,2.0,1.0,1.0,2.0,1.0,1.0,1.0
490,4,4,4,3,4,3,4,4,2,2,70.0,,,2.0,,,,3.0,4.0,2.0,,5.0,,,2.0,,2.0,2.0,4.0,4.0,,,,,,,18.0,,,2.0,,6.0,,1.0,,4.0,,1.0,1.0,1.0,1.0,1.0,1.0,1.0,1.0,1.0,1.0,,,,,,,6,3,4,4,3,5,6,6,3,2,55.0,50.0,52.0,60.0,62.0,55.0,65.0,58.0,40.0,38.0,2.0,1.0,1.0,2.0,2.0,2.0,2.0,2.0,2.0,2.0,1.0,2.0,1.0,1.0,2.0,1.0,2.0,1.0,2.0,2.0,1.0,2.0,1.0,2.0,1.0,1.0,2.0,2.0,1.0,2.0,1.0,2.0,1.0,2.0,2.0,2.0,1.0,2.0,1.0,2.0
705,5,5,5,5,5,5,5,5,1,2,70.0,,4.0,,,,,3.0,5.0,2.0,,6.0,1.0,54.0,,,2.0,,,,4.0,5.0,6.0,,,,,16.0,1.0,,,,3.0,1.0,,5.0,,1.0,1.0,1.0,1.0,1.0,1.0,1.0,1.0,1.0,1.0,,,,,,,6,3,4,4,3,5,6,6,3,2,55.0,50.0,52.0,60.0,65.0,58.0,70.0,60.0,40.0,45.0,2.0,1.0,1.0,1.0,2.0,1.0,2.0,2.0,2.0,1.0,1.0,1.0,2.0,2.0,1.0,2.0,1.0,1.0,2.0,2.0,1.0,2.0,1.0,2.0,1.0,2.0,1.0,2.0,1.0,2.0,1.0,1.0,1.0,2.0,1.0,1.0,2.0,2.0,1.0,2.0
676,3,3,3,3,4,4,4,3,2,2,,30.0,,2.0,3.0,4.0,5.0,,,,5.0,,,,2.0,1.0,,3.0,4.0,4.0,,,,,,,18.0,,,2.0,4.0,,,1.0,,,4.0,1.0,1.0,1.0,1.0,1.0,1.0,1.0,1.0,1.0,1.0,,,,,,,6,3,4,4,2,5,6,6,3,2,45.0,40.0,40.0,50.0,55.0,55.0,60.0,45.0,35.0,35.0,2.0,1.0,2.0,1.0,1.0,1.0,1.0,1.0,1.0,1.0,2.0,1.0,1.0,2.0,1.0,2.0,2.0,2.0,2.0,2.0,1.0,2.0,1.0,1.0,2.0,1.0,1.0,2.0,1.0,2.0,1.0,1.0,1.0,1.0,2.0,1.0,1.0,1.0,1.0,2.0
1897,4,4,4,4,4,4,5,4,2,2,,30.0,,2.0,,,,3.0,5.0,2.0,6.0,,1.0,54.0,,1.0,,2.0,4.0,5.0,,,,,,,,18.0,,2.0,,6.0,,,1.0,5.0,,1.0,1.0,1.0,1.0,1.0,1.0,1.0,1.0,1.0,1.0,,,,,,,6,3,4,3,3,5,6,5,3,2,55.0,50.0,52.0,60.0,62.0,58.0,70.0,54.0,40.0,42.0,2.0,1.0,2.0,1.0,1.0,2.0,1.0,1.0,1.0,1.0,2.0,2.0,2.0,1.0,1.0,2.0,2.0,2.0,2.0,1.0,1.0,1.0,2.0,1.0,2.0,1.0,2.0,2.0,1.0,2.0,2.0,1.0,1.0,1.0,1.0,1.0,2.0,2.0,1.0,1.0
1370,2,3,2,2,2,2,3,2,4,2,70.0,,2.0,,,,,3.0,4.0,2.0,5.0,,,,2.0,,2.0,,,,,,,2.0,4.0,4.0,18.0,,1.0,,,6.0,,1.0,,3.0,,,,,,,,,,,,1.0,1.0,1.0,1.0,1.0,1.0,6,3,4,3,3,5,6,5,3,2,45.0,40.0,40.0,35.0,40.0,35.0,50.0,40.0,30.0,35.0,1.0,1.0,1.0,2.0,2.0,1.0,2.0,2.0,2.0,1.0,1.0,2.0,2.0,2.0,1.0,2.0,2.0,2.0,2.0,1.0,1.0,2.0,1.0,2.0,2.0,2.0,2.0,1.0,2.0,1.0,2.0,2.0,2.0,2.0,2.0,2.0,2.0,1.0,1.0,2.0
1203,2,2,2,2,2,2,4,2,4,4,70.0,,,2.0,3.0,4.0,5.0,,,,5.0,,,,2.0,,2.0,2.0,2.0,3.0,,,,,,,20.0,,1.0,,,,2.0,1.0,,,3.0,1.0,1.0,1.0,1.0,1.0,1.0,1.0,1.0,1.0,1.0,,,,,,,6,3,4,4,3,5,6,6,3,2,40.0,35.0,35.0,40.0,45.0,35.0,50.0,40.0,45.0,45.0,1.0,1.0,2.0,2.0,2.0,2.0,2.0,2.0,2.0,2.0,2.0,1.0,2.0,2.0,2.0,2.0,1.0,2.0,2.0,2.0,1.0,2.0,1.0,1.0,2.0,2.0,2.0,2.0,2.0,2.0,2.0,1.0,2.0,2.0,1.0,2.0,1.0,2.0,2.0,1.0
1196,4,4,4,4,4,4,5,4,2,2,70.0,,,2.0,3.0,4.0,5.0,,,,,6.0,,,2.0,1.0,,2.0,4.0,5.0,,,,,,,18.0,,1.0,,,,2.0,1.0,,4.0,,1.0,1.0,1.0,1.0,1.0,1.0,1.0,1.0,1.0,1.0,,,,,,,6,3,4,4,3,5,6,6,3,2,55.0,50.0,52.0,60.0,62.0,58.0,65.0,54.0,40.0,42.0,2.0,2.0,2.0,1.0,1.0,1.0,1.0,1.0,1.0,1.0,1.0,2.0,1.0,2.0,2.0,1.0,2.0,2.0,2.0,1.0,2.0,1.0,1.0,2.0,1.0,2.0,2.0,2.0,2.0,1.0,1.0,1.0,2.0,2.0,1.0,1.0,2.0,1.0,2.0,2.0
770,1,2,2,2,2,2,3,1,4,4,70.0,,2.0,,3.0,4.0,5.0,,,,6.0,,,,2.0,1.0,,,,,3.0,4.0,5.0,,,,,10.0,1.0,,3.0,,,,1.0,,4.0,,,,,,,,,,,1.0,1.0,1.0,1.0,1.0,1.0,6,3,4,4,3,5,6,6,3,2,40.0,35.0,35.0,40.0,45.0,35.0,50.0,30.0,55.0,50.0,2.0,2.0,2.0,2.0,1.0,1.0,1.0,1.0,2.0,1.0,2.0,1.0,2.0,2.0,2.0,1.0,1.0,1.0,1.0,2.0,1.0,2.0,1.0,2.0,2.0,1.0,2.0,1.0,1.0,1.0,1.0,1.0,2.0,2.0,1.0,2.0,1.0,2.0,2.0,1.0
603,5,4,5,5,5,5,5,5,1,2,70.0,,,2.0,,,,3.0,4.0,2.0,6.0,,,,2.0,1.0,,2.0,4.0,5.0,,,,,,,,0.0,1.0,,3.0,,,1.0,,5.0,,1.0,1.0,1.0,1.0,1.0,1.0,1.0,1.0,1.0,1.0,,,,,,,6,3,4,3,3,5,6,5,3,2,55.0,50.0,52.0,60.0,62.0,58.0,65.0,54.0,40.0,38.0,2.0,1.0,2.0,1.0,1.0,1.0,2.0,2.0,1.0,2.0,2.0,1.0,2.0,1.0,2.0,2.0,2.0,2.0,2.0,1.0,2.0,2.0,2.0,1.0,2.0,2.0,2.0,2.0,1.0,2.0,2.0,1.0,1.0,1.0,1.0,2.0,2.0,2.0,2.0,1.0
596,4,4,4,4,4,4,4,4,2,2,,30.0,3.0,,,,,3.0,4.0,2.0,,5.0,,,2.0,,2.0,,,,,,,3.0,4.0,4.0,18.0,,,2.0,4.0,,,1.0,,4.0,,1.0,1.0,1.0,1.0,1.0,1.0,1.0,1.0,1.0,1.0,,,,,,,6,3,4,3,3,5,6,5,3,2,55.0,50.0,52.0,60.0,62.0,58.0,65.0,54.0,40.0,38.0,2.0,2.0,1.0,2.0,2.0,1.0,2.0,2.0,2.0,2.0,2.0,2.0,1.0,2.0,2.0,2.0,1.0,2.0,2.0,1.0,1.0,1.0,2.0,2.0,2.0,1.0,2.0,1.0,2.0,2.0,1.0,1.0,1.0,2.0,2.0,2.0,1.0,2.0,1.0,1.0
1856,4,4,4,4,4,4,4,4,2,2,,30.0,1.0,,3.0,4.0,6.0,,,,5.0,,1.0,54.0,,1.0,,,,,,,,4.0,4.0,4.0,,20.0,1.0,,,9.0,,,2.0,,4.0,1.0,1.0,1.0,1.0,1.0,1.0,1.0,1.0,1.0,1.0,,,,,,,6,3,4,3,2,5,6,5,3,2,60.0,55.0,55.0,65.0,65.0,60.0,70.0,60.0,40.0,40.0,2.0,2.0,2.0,1.0,1.0,2.0,2.0,2.0,1.0,1.0,2.0,2.0,1.0,2.0,1.0,1.0,2.0,2.0,1.0,2.0,2.0,2.0,2.0,1.0,2.0,2.0,1.0,1.0,2.0,1.0,1.0,2.0,1.0,2.0,1.0,2.0,2.0,2.0,2.0,1.0
1925,4,4,4,4,4,4,4,4,2,2,70.0,,4.0,,,,,3.0,4.0,2.0,,6.0,1.0,54.0,,,2.0,,,,,,,3.0,4.0,5.0,,10.0,,2.0,,5.0,,,1.0,4.0,,,,,,,,,,,,1.0,1.0,1.0,1.0,1.0,1.0,6,4,4,4,2,5,6,6,3,2,60.0,55.0,55.0,60.0,65.0,60.0,70.0,55.0,40.0,45.0,1.0,2.0,2.0,2.0,1.0,1.0,2.0,1.0,1.0,1.0,2.0,1.0,1.0,2.0,2.0,1.0,2.0,2.0,2.0,2.0,2.0,2.0,2.0,1.0,2.0,1.0,2.0,1.0,1.0,1.0,1.0,1.0,1.0,1.0,1.0,2.0,2.0,1.0,2.0,1.0
1157,4,4,4,3,4,4,4,4,2,2,,30.0,3.0,,3.0,4.0,5.0,,,,6.0,,1.0,30.0,,1.0,,,,,,,,3.0,4.0,5.0,,15.0,1.0,,3.0,,,,1.0,4.0,,1.0,1.0,1.0,1.0,1.0,1.0,1.0,1.0,1.0,1.0,,,,,,,6,3,4,4,3,5,6,6,3,2,55.0,50.0,50.0,45.0,55.0,55.0,60.0,50.0,35.0,35.0,2.0,1.0,2.0,2.0,1.0,2.0,1.0,1.0,2.0,1.0,2.0,2.0,2.0,2.0,2.0,1.0,2.0,1.0,1.0,2.0,1.0,2.0,1.0,2.0,1.0,2.0,1.0,2.0,1.0,1.0,2.0,2.0,2.0,2.0,2.0,2.0,2.0,1.0,1.0,1.0
1024,1,2,2,2,2,2,2,1,4,4,70.0,,2.0,,,,,3.0,4.0,2.0,,5.0,,,2.0,1.0,,1.0,2.0,3.0,,,,,,,20.0,,1.0,,,5.0,,1.0,,,3.0,,,,,,,,,,,1.0,1.0,1.0,1.0,1.0,1.0,6,3,4,3,3,5,6,6,2,2,40.0,35.0,35.0,45.0,50.0,50.0,60.0,40.0,55.0,45.0,2.0,2.0,2.0,1.0,2.0,2.0,1.0,2.0,2.0,2.0,2.0,2.0,2.0,2.0,1.0,2.0,2.0,1.0,2.0,1.0,1.0,2.0,1.0,2.0,2.0,2.0,1.0,2.0,2.0,2.0,1.0,1.0,2.0,2.0,2.0,2.0,2.0,2.0,2.0,1.0
1638,4,4,4,5,5,5,5,5,1,2,,30.0,,1.0,,,,3.0,5.0,4.0,,6.0,,,2.0,,2.0,,,,3.0,4.0,5.0,,,,,18.0,1.0,,,,2.0,1.0,,,5.0,1.0,1.0,1.0,1.0,1.0,1.0,1.0,1.0,1.0,1.0,,,,,,,6,3,4,3,3,5,6,5,4,2,55.0,50.0,52.0,60.0,65.0,62.0,70.0,58.0,40.0,45.0,1.0,2.0,2.0,2.0,2.0,2.0,1.0,1.0,1.0,1.0,1.0,1.0,2.0,1.0,1.0,1.0,2.0,1.0,2.0,2.0,1.0,2.0,1.0,2.0,1.0,1.0,1.0,2.0,2.0,1.0,1.0,2.0,2.0,1.0,1.0,1.0,2.0,2.0,2.0,2.0
557,4,4,4,4,4,4,4,4,2,2,,30.0,,2.0,,,,3.0,4.0,2.0,,5.0,1.0,54.0,,1.0,,,,,3.0,4.0,5.0,,,,,15.0,1.0,,,5.0,,,1.0,,4.0,,,,,,,,,,,1.0,1.0,1.0,1.0,1.0,1.0,6,3,4,3,3,5,6,5,3,2,60.0,55.0,58.0,65.0,68.0,62.0,70.0,60.0,40.0,45.0,2.0,2.0,2.0,1.0,1.0,1.0,1.0,1.0,1.0,1.0,2.0,1.0,1.0,1.0,1.0,2.0,1.0,2.0,2.0,2.0,1.0,2.0,2.0,2.0,1.0,1.0,2.0,1.0,1.0,2.0,1.0,1.0,1.0,2.0,1.0,1.0,1.0,2.0,1.0,1.0
424,4,4,4,4,4,4,5,4,2,2,70.0,,4.0,,,,,3.0,5.0,2.0,,6.0,,,2.0,1.0,,,,,,,,3.0,4.0,5.0,18.0,,1.0,,,,3.0,,1.0,,4.0,1.0,1.0,1.0,1.0,1.0,1.0,1.0,1.0,1.0,1.0,,,,,,,6,3,5,4,3,5,6,5,3,2,55.0,50.0,52.0,60.0,65.0,58.0,70.0,60.0,40.0,42.0,2.0,2.0,2.0,2.0,2.0,2.0,2.0,2.0,1.0,1.0,1.0,1.0,2.0,2.0,1.0,1.0,1.0,1.0,2.0,2.0,1.0,1.0,2.0,1.0,2.0,2.0,2.0,2.0,2.0,2.0,2.0,2.0,2.0,2.0,2.0,2.0,2.0,2.0,1.0,1.0
238,5,5,5,5,5,5,5,5,2,2,,30.0,,2.0,3.0,4.0,6.0,,,,,6.0,1.0,54.0,,,2.0,2.0,4.0,5.0,,,,,,,,18.0,,2.0,4.0,,,1.0,,,5.0,,,,,,,,,,,1.0,1.0,1.0,1.0,1.0,1.0,6,3,4,3,2,5,6,5,4,2,60.0,55.0,60.0,65.0,70.0,60.0,75.0,60.0,40.0,35.0,2.0,2.0,1.0,1.0,1.0,2.0,2.0,1.0,1.0,2.0,2.0,1.0,2.0,1.0,1.0,1.0,1.0,1.0,1.0,1.0,2.0,1.0,2.0,1.0,1.0,1.0,1.0,1.0,1.0,2.0,2.0,2.0,1.0,1.0,1.0,2.0,1.0,1.0,1.0,1.0
1209,5,5,5,5,5,5,5,5,1,1,,30.0,,1.0,3.0,4.0,6.0,,,,,6.0,,,2.0,,2.0,1.0,4.0,5.0,,,,,,,,20.0,1.0,,,,2.0,,1.0,5.0,,,,,,,,,,,,1.0,1.0,1.0,1.0,1.0,1.0,6,3,4,4,2,5,6,6,4,2,60.0,55.0,58.0,65.0,70.0,62.0,75.0,60.0,40.0,35.0,2.0,1.0,2.0,1.0,1.0,1.0,1.0,2.0,2.0,1.0,1.0,1.0,2.0,1.0,1.0,2.0,2.0,1.0,1.0,1.0,1.0,2.0,1.0,2.0,2.0,1.0,2.0,1.0,2.0,1.0,2.0,1.0,2.0,1.0,2.0,1.0,1.0,1.0,2.0,1.0
1780,5,5,5,5,5,5,5,5,1,2,70.0,,,2.0,3.0,4.0,5.0,,,,6.0,,1.0,54.0,,,2.0,,,,4.0,5.0,6.0,,,,,15.0,,2.0,5.0,,,1.0,,5.0,,1.0,1.0,1.0,1.0,1.0,1.0,1.0,1.0,1.0,1.0,,,,,,,6,3,4,3,3,5,6,5,3,2,60.0,55.0,55.0,65.0,70.0,60.0,75.0,60.0,40.0,45.0,2.0,1.0,2.0,1.0,2.0,2.0,1.0,2.0,2.0,1.0,2.0,2.0,2.0,2.0,1.0,2.0,2.0,2.0,2.0,1.0,1.0,2.0,2.0,1.0,2.0,2.0,2.0,1.0,2.0,2.0,2.0,1.0,2.0,1.0,2.0,1.0,1.0,1.0,2.0,1.0
1566,2,3,3,2,3,2,4,2,4,3,70.0,,,2.0,3.0,4.0,5.0,,,,,5.0,,,2.0,1.0,,,,,,,,3.0,4.0,5.0,,18.0,,2.0,,6.0,,,1.0,4.0,,,,,,,,,,,,1.0,1.0,1.0,1.0,1.0,1.0,6,3,4,4,3,5,6,6,3,2,45.0,40.0,42.0,55.0,60.0,50.0,65.0,48.0,38.0,41.0,1.0,2.0,1.0,1.0,1.0,1.0,1.0,2.0,2.0,1.0,2.0,1.0,2.0,1.0,2.0,2.0,1.0,2.0,1.0,1.0,2.0,2.0,1.0,2.0,2.0,2.0,1.0,1.0,2.0,1.0,2.0,2.0,2.0,1.0,1.0,2.0,2.0,2.0,2.0,1.0
1415,3,3,3,3,3,3,4,3,4,3,,30.0,3.0,,,,,3.0,4.0,2.0,6.0,,,,2.0,,2.0,,,,,,,3.0,4.0,5.0,,10.0,,2.0,,,2.0,,1.0,,4.0,,,,,,,,,,,1.0,1.0,1.0,1.0,1.0,1.0,6,3,4,3,3,5,6,5,3,2,50.0,45.0,45.0,55.0,60.0,50.0,65.0,50.0,40.0,45.0,2.0,2.0,1.0,1.0,2.0,1.0,1.0,2.0,2.0,1.0,2.0,2.0,2.0,2.0,1.0,2.0,2.0,1.0,1.0,2.0,1.0,2.0,1.0,2.0,1.0,2.0,2.0,2.0,1.0,1.0,1.0,2.0,2.0,1.0,2.0,1.0,1.0,2.0,2.0,2.0
609,3,3,3,4,4,3,4,3,2,2,70.0,,,2.0,,,,4.0,5.0,3.0,5.0,,1.0,40.0,,1.0,,,,,2.0,4.0,5.0,,,,,15.0,,2.0,4.0,,,1.0,,4.0,,,,,,,,,,,,1.0,1.0,1.0,1.0,1.0,1.0,6,3,4,4,3,5,6,6,3,2,45.0,40.0,40.0,55.0,60.0,50.0,65.0,50.0,35.0,35.0,2.0,2.0,2.0,1.0,2.0,1.0,2.0,1.0,1.0,2.0,2.0,2.0,2.0,2.0,2.0,1.0,1.0,1.0,1.0,2.0,2.0,1.0,2.0,1.0,1.0,1.0,2.0,1.0,2.0,1.0,2.0,1.0,2.0,2.0,2.0,2.0,2.0,2.0,2.0,1.0
380,2,3,2,2,3,2,4,2,4,3,70.0,,2.0,,3.0,4.0,6.0,,,,,5.0,1.0,54.0,,,2.0,2.0,4.0,5.0,,,,,,,,18.0,1.0,,,,2.0,1.0,,,4.0,,,,,,,,,,,1.0,1.0,1.0,1.0,1.0,1.0,6,3,4,3,3,5,6,5,3,2,45.0,40.0,42.0,50.0,55.0,48.0,60.0,40.0,55.0,45.0,2.0,2.0,1.0,1.0,2.0,1.0,1.0,1.0,1.0,1.0,1.0,1.0,2.0,1.0,1.0,1.0,1.0,2.0,2.0,2.0,2.0,1.0,1.0,2.0,2.0,2.0,1.0,1.0,1.0,1.0,1.0,1.0,2.0,2.0,2.0,2.0,1.0,1.0,1.0,1.0
166,2,2,2,2,2,2,2,2,4,4,,30.0,1.0,,2.0,3.0,5.0,,,,6.0,,,,2.0,,2.0,,,,1.0,2.0,2.0,,,,20.0,,,2.0,,10.0,,1.0,,2.0,,1.0,1.0,1.0,1.0,1.0,1.0,1.0,1.0,1.0,1.0,,,,,,,6,2,2,2,3,5,6,6,2,1,40.0,40.0,40.0,40.0,40.0,40.0,40.0,40.0,50.0,50.0,2.0,2.0,2.0,2.0,1.0,2.0,2.0,2.0,1.0,1.0,1.0,2.0,1.0,2.0,2.0,2.0,1.0,2.0,2.0,2.0,2.0,2.0,2.0,2.0,2.0,2.0,1.0,2.0,2.0,1.0,1.0,2.0,1.0,2.0,1.0,2.0,2.0,1.0,2.0,1.0
867,4,4,4,4,4,4,4,4,2,2,,30.0,3.0,,3.0,4.0,6.0,,,,,6.0,,,2.0,,2.0,,,,,,,3.0,4.0,5.0,18.0,,,2.0,,6.0,,1.0,,4.0,,,,,,,,,,,,1.0,1.0,1.0,1.0,1.0,1.0,6,3,5,4,3,5,6,6,3,2,55.0,50.0,52.0,60.0,62.0,58.0,65.0,54.0,40.0,42.0,1.0,2.0,2.0,1.0,2.0,1.0,2.0,1.0,2.0,2.0,1.0,1.0,1.0,2.0,2.0,2.0,1.0,2.0,1.0,2.0,2.0,1.0,1.0,2.0,2.0,1.0,2.0,1.0,2.0,1.0,1.0,2.0,2.0,1.0,2.0,2.0,1.0,2.0,1.0,1.0
914,2,2,2,2,2,2,4,2,4,4,,30.0,2.0,,,,,3.0,4.0,2.0,,5.0,,,2.0,1.0,,2.0,4.0,5.0,,,,,,,16.0,,1.0,,,,2.0,,1.0,4.0,,,,,,,,,,,,1.0,1.0,1.0,1.0,1.0,1.0,6,3,4,4,2,5,6,6,3,2,45.0,40.0,40.0,45.0,50.0,40.0,60.0,40.0,50.0,50.0,1.0,1.0,2.0,1.0,2.0,1.0,1.0,2.0,2.0,1.0,2.0,1.0,1.0,2.0,1.0,1.0,1.0,1.0,1.0,2.0,1.0,2.0,1.0,1.0,2.0,1.0,1.0,1.0,2.0,2.0,1.0,2.0,2.0,1.0,2.0,1.0,1.0,1.0,2.0,1.0
1741,5,5,5,5,5,5,5,5,1,1,70.0,,,2.0,,,,3.0,5.0,4.0,,6.0,,,2.0,,2.0,,,,4.0,5.0,6.0,,,,,10.0,1.0,,,5.0,,1.0,,,5.0,,,,,,,,,,,1.0,1.0,1.0,1.0,1.0,1.0,6,3,4,4,2,5,6,6,4,2,60.0,55.0,58.0,65.0,70.0,62.0,75.0,60.0,40.0,35.0,2.0,2.0,2.0,2.0,2.0,2.0,1.0,2.0,1.0,1.0,2.0,1.0,1.0,2.0,2.0,1.0,1.0,2.0,2.0,1.0,1.0,2.0,1.0,1.0,2.0,1.0,2.0,2.0,1.0,1.0,1.0,1.0,1.0,1.0,1.0,2.0,2.0,2.0,1.0,1.0
1632,5,5,5,5,5,5,5,5,1,2,,30.0,,2.0,,,,3.0,5.0,4.0,,6.0,,,2.0,1.0,,,,,,,,4.0,5.0,6.0,,15.0,,2.0,,,3.0,1.0,,,5.0,1.0,1.0,1.0,1.0,1.0,1.0,1.0,1.0,1.0,1.0,,,,,,,6,3,4,3,3,5,6,5,4,2,60.0,55.0,60.0,65.0,70.0,65.0,70.0,60.0,40.0,45.0,1.0,2.0,2.0,2.0,2.0,1.0,2.0,1.0,2.0,1.0,1.0,2.0,1.0,2.0,1.0,1.0,2.0,2.0,1.0,1.0,2.0,2.0,2.0,2.0,1.0,1.0,1.0,2.0,1.0,1.0,1.0,1.0,1.0,1.0,1.0,1.0,2.0,1.0,2.0,2.0
341,4,4,4,5,5,5,5,4,2,2,70.0,,3.0,,3.0,4.0,6.0,,,,6.0,,,,2.0,1.0,,2.0,4.0,5.0,,,,,,,18.0,,,2.0,,,3.0,,1.0,,5.0,1.0,1.0,1.0,1.0,1.0,1.0,1.0,1.0,1.0,1.0,,,,,,,6,4,5,4,3,5,6,5,3,2,55.0,50.0,52.0,60.0,62.0,58.0,65.0,54.0,40.0,42.0,2.0,2.0,1.0,1.0,2.0,2.0,2.0,2.0,1.0,1.0,2.0,1.0,2.0,2.0,1.0,1.0,2.0,1.0,2.0,1.0,1.0,1.0,1.0,2.0,1.0,1.0,1.0,2.0,2.0,1.0,2.0,2.0,2.0,1.0,2.0,2.0,1.0,1.0,1.0,2.0
232,2,2,2,1,2,2,3,1,4,4,70.0,,2.0,,2.0,3.0,6.0,,,,6.0,,,,2.0,1.0,,1.0,4.0,4.0,,,,,,,,,,2.0,4.0,,,,1.0,3.0,,,,,,,,,,,,1.0,1.0,1.0,1.0,1.0,1.0,6,3,4,3,3,5,6,5,3,2,45.0,40.0,40.0,35.0,40.0,40.0,50.0,35.0,55.0,55.0,2.0,2.0,2.0,2.0,2.0,2.0,2.0,2.0,1.0,2.0,2.0,2.0,2.0,2.0,2.0,1.0,2.0,2.0,2.0,1.0,2.0,2.0,1.0,1.0,2.0,2.0,1.0,1.0,1.0,2.0,2.0,1.0,1.0,1.0,1.0,1.0,1.0,2.0,2.0,1.0
4,5,5,5,5,5,5,5,5,1,1,,30.0,,1.0,,,,3.0,5.0,2.0,,6.0,,,2.0,,2.0,,,,4.0,5.0,6.0,,,,,20.0,,1.0,,,2.0,1.0,,5.0,,1.0,1.0,1.0,1.0,1.0,1.0,1.0,1.0,1.0,1.0,,,,,,,6,3,4,3,2,5,6,6,4,2,60.0,55.0,60.0,65.0,70.0,60.0,75.0,60.0,40.0,35.0,1.0,1.0,1.0,2.0,1.0,1.0,1.0,1.0,1.0,1.0,1.0,1.0,2.0,2.0,2.0,2.0,1.0,2.0,1.0,1.0,2.0,1.0,1.0,1.0,1.0,1.0,2.0,1.0,2.0,2.0,1.0,2.0,1.0,1.0,1.0,1.0,1.0,2.0,1.0,1.0
2041,5,5,5,5,5,5,5,5,1,1,70.0,,,1.0,3.0,4.0,6.0,,,,,6.0,,,2.0,1.0,,,,,,,,4.0,5.0,6.0,,20.0,1.0,,,6.0,,,1.0,5.0,,1.0,1.0,1.0,1.0,1.0,1.0,1.0,1.0,1.0,1.0,,,,,,,6,3,4,3,3,5,6,5,4,2,60.0,55.0,60.0,65.0,70.0,60.0,70.0,60.0,40.0,35.0,2.0,2.0,2.0,2.0,2.0,2.0,2.0,2.0,2.0,2.0,2.0,2.0,2.0,2.0,2.0,2.0,2.0,2.0,2.0,2.0,2.0,2.0,2.0,2.0,2.0,2.0,2.0,2.0,2.0,2.0,2.0,2.0,2.0,2.0,2.0,2.0,2.0,2.0,2.0,2.0
30,4,4,4,4,4,4,4,4,2,2,,30.0,,2.0,,,,3.0,4.0,3.0,6.0,,1.0,50.0,,,2.0,,,,,,,3.0,4.0,5.0,18.0,,,2.0,4.0,,,,1.0,,4.0,,,,,,,,,,,1.0,1.0,1.0,1.0,1.0,1.0,6,3,4,4,3,5,6,5,3,2,60.0,55.0,55.0,65.0,65.0,60.0,70.0,60.0,40.0,40.0,2.0,2.0,2.0,2.0,2.0,2.0,2.0,1.0,1.0,2.0,1.0,1.0,1.0,2.0,2.0,1.0,2.0,2.0,2.0,1.0,1.0,1.0,1.0,2.0,2.0,2.0,1.0,1.0,2.0,1.0,1.0,2.0,1.0,1.0,1.0,2.0,2.0,1.0,2.0,2.0
1734,5,5,5,5,5,5,5,5,1,1,70.0,,1.0,,,,,3.0,4.0,2.0,6.0,,,,2.0,,2.0,,,,3.0,5.0,6.0,,,,20.0,,,2.0,,6.0,,1.0,,5.0,,,,,,,,,,,,1.0,1.0,1.0,1.0,1.0,1.0,6,3,4,3,2,5,6,6,3,2,60.0,55.0,50.0,65.0,70.0,60.0,75.0,55.0,40.0,35.0,2.0,1.0,2.0,1.0,2.0,1.0,2.0,1.0,2.0,1.0,1.0,2.0,2.0,1.0,2.0,1.0,2.0,1.0,1.0,1.0,1.0,2.0,2.0,1.0,1.0,1.0,2.0,2.0,1.0,1.0,1.0,2.0,1.0,1.0,1.0,1.0,2.0,1.0,1.0,1.0
1647,3,3,3,4,4,4,4,4,2,2,,30.0,3.0,,3.0,4.0,5.0,,,,,5.0,,,2.0,,2.0,,,,3.0,4.0,4.0,,,,,15.0,1.0,,,6.0,,1.0,,4.0,,,,,,,,,,,,1.0,1.0,1.0,1.0,1.0,1.0,6,3,4,3,3,5,6,5,3,2,50.0,50.0,50.0,60.0,60.0,60.0,60.0,60.0,40.0,40.0,1.0,2.0,1.0,2.0,2.0,1.0,1.0,1.0,2.0,2.0,2.0,2.0,1.0,2.0,1.0,2.0,2.0,2.0,2.0,2.0,1.0,2.0,2.0,2.0,1.0,1.0,2.0,2.0,1.0,2.0,1.0,2.0,1.0,1.0,1.0,2.0,2.0,1.0,1.0,1.0
1128,5,5,5,5,5,5,5,5,1,2,,30.0,4.0,,,,,3.0,4.0,2.0,6.0,,1.0,40.0,,1.0,,2.0,4.0,5.0,,,,,,,,15.0,1.0,,,5.0,,1.0,,4.0,,,,,,,,,,,,1.0,1.0,1.0,1.0,1.0,1.0,6,3,4,3,3,5,6,5,3,2,60.0,55.0,60.0,65.0,70.0,60.0,75.0,65.0,40.0,45.0,2.0,2.0,1.0,2.0,1.0,2.0,1.0,2.0,1.0,2.0,2.0,1.0,1.0,2.0,1.0,1.0,2.0,2.0,1.0,2.0,1.0,2.0,1.0,2.0,1.0,1.0,1.0,2.0,1.0,1.0,1.0,2.0,1.0,2.0,1.0,1.0,2.0,2.0,2.0,1.0
334,4,4,4,4,4,4,5,4,2,2,70.0,,4.0,,3.0,4.0,5.0,,,,,6.0,1.0,40.0,,1.0,,,,,4.0,4.0,5.0,,,,18.0,,,2.0,,,3.0,,1.0,4.0,,,,,,,,,,,,1.0,1.0,1.0,1.0,1.0,1.0,6,3,4,4,3,5,6,6,4,2,60.0,55.0,55.0,65.0,65.0,60.0,70.0,60.0,40.0,40.0,2.0,1.0,1.0,2.0,1.0,1.0,1.0,1.0,2.0,2.0,2.0,1.0,1.0,1.0,1.0,1.0,1.0,2.0,2.0,1.0,2.0,2.0,2.0,2.0,2.0,1.0,2.0,1.0,2.0,1.0,2.0,1.0,2.0,1.0,2.0,1.0,1.0,1.0,2.0,1.0
247,4,4,4,4,4,4,4,4,2,2,,30.0,2.0,,3.0,4.0,5.0,,,,6.0,,,,2.0,,2.0,2.0,4.0,5.0,,,,,,,16.0,,1.0,,,,3.0,,1.0,,4.0,1.0,1.0,1.0,1.0,1.0,1.0,1.0,1.0,1.0,1.0,,,,,,,6,3,5,4,3,5,6,5,3,2,60.0,55.0,58.0,65.0,68.0,62.0,70.0,60.0,40.0,45.0,1.0,2.0,1.0,2.0,1.0,2.0,2.0,1.0,2.0,1.0,2.0,1.0,1.0,1.0,2.0,2.0,1.0,1.0,2.0,1.0,1.0,1.0,2.0,1.0,1.0,2.0,1.0,2.0,1.0,2.0,1.0,1.0,2.0,2.0,2.0,1.0,2.0,1.0,2.0,1.0
528,5,5,5,5,5,5,5,5,1,2,,30.0,,2.0,2.0,3.0,6.0,,,,,,1.0,45.0,,1.0,,,,,3.0,5.0,6.0,,,,,18.0,,2.0,,,3.0,1.0,,,5.0,1.0,1.0,1.0,1.0,1.0,1.0,1.0,1.0,1.0,1.0,,,,,,,6,3,4,3,3,5,6,5,4,2,60.0,55.0,60.0,65.0,70.0,60.0,75.0,60.0,35.0,40.0,1.0,1.0,1.0,2.0,2.0,2.0,2.0,1.0,2.0,1.0,1.0,2.0,1.0,2.0,1.0,2.0,2.0,1.0,2.0,1.0,1.0,1.0,1.0,1.0,1.0,1.0,2.0,2.0,2.0,1.0,1.0,1.0,1.0,1.0,2.0,2.0,2.0,2.0,2.0,1.0
45,2,2,2,2,2,2,4,2,4,4,70.0,,,2.0,3.0,4.0,5.0,,,,6.0,,,,2.0,,2.0,,,,3.0,4.0,5.0,,,,18.0,,,2.0,,6.0,,1.0,,4.0,,1.0,1.0,1.0,1.0,1.0,1.0,1.0,1.0,1.0,1.0,,,,,,,6,3,4,4,2,5,6,6,3,2,45.0,40.0,40.0,50.0,55.0,55.0,60.0,45.0,50.0,50.0,2.0,2.0,2.0,1.0,2.0,1.0,2.0,2.0,1.0,2.0,2.0,1.0,1.0,2.0,1.0,1.0,2.0,2.0,1.0,1.0,1.0,2.0,2.0,1.0,2.0,2.0,1.0,2.0,1.0,1.0,1.0,2.0,1.0,2.0,1.0,1.0,2.0,2.0,1.0,2.0
2034,4,4,4,5,5,5,5,4,1,2,70.0,,4.0,,,,,3.0,5.0,2.0,6.0,,,,2.0,,2.0,,,,3.0,4.0,4.0,,,,,18.0,1.0,,,,2.0,,1.0,,4.0,,,,,,,,,,,1.0,1.0,1.0,1.0,1.0,1.0,6,3,4,3,3,5,6,5,3,2,55.0,50.0,52.0,60.0,65.0,58.0,62.0,54.0,40.0,45.0,2.0,2.0,2.0,2.0,2.0,2.0,1.0,2.0,1.0,1.0,1.0,2.0,2.0,1.0,1.0,2.0,1.0,2.0,1.0,1.0,2.0,1.0,2.0,2.0,1.0,1.0,1.0,1.0,1.0,1.0,2.0,2.0,2.0,1.0,1.0,1.0,1.0,1.0,1.0,2.0
1829,5,5,5,5,5,5,5,5,1,2,,30.0,4.0,,,,,3.0,5.0,2.0,6.0,,1.0,54.0,,,2.0,2.0,4.0,5.0,,,,,,,20.0,,1.0,,,,2.0,,1.0,,5.0,1.0,1.0,1.0,1.0,1.0,1.0,1.0,1.0,1.0,1.0,,,,,,,6,3,4,3,3,5,6,5,4,2,60.0,55.0,58.0,65.0,70.0,62.0,75.0,60.0,40.0,45.0,2.0,1.0,2.0,1.0,2.0,1.0,1.0,2.0,1.0,1.0,2.0,2.0,2.0,1.0,2.0,1.0,2.0,1.0,1.0,1.0,2.0,1.0,1.0,1.0,2.0,2.0,2.0,1.0,2.0,1.0,1.0,2.0,2.0,1.0,2.0,1.0,2.0,1.0,2.0,1.0
1513,4,4,4,3,4,3,4,3,2,2,,30.0,,2.0,,,,3.0,5.0,2.0,,6.0,1.0,54.0,,1.0,,2.0,4.0,5.0,,,,,,,,18.0,,2.0,4.0,,,,1.0,,4.0,,,,,,,,,,,1.0,1.0,1.0,1.0,1.0,1.0,6,3,4,4,3,5,6,6,3,2,55.0,50.0,52.0,60.0,62.0,58.0,65.0,54.0,40.0,42.0,2.0,2.0,2.0,1.0,2.0,1.0,1.0,2.0,2.0,1.0,2.0,1.0,1.0,2.0,1.0,1.0,2.0,1.0,1.0,1.0,2.0,1.0,2.0,1.0,2.0,1.0,2.0,1.0,2.0,2.0,1.0,2.0,2.0,2.0,1.0,2.0,1.0,1.0,1.0,1.0
1460,2,2,2,2,2,2,4,2,4,2,70.0,,2.0,,,,,3.0,5.0,4.0,,5.0,,,2.0,1.0,,2.0,2.0,4.0,,,,,,,,18.0,1.0,,,6.0,,,1.0,3.0,,1.0,1.0,1.0,1.0,1.0,1.0,1.0,1.0,1.0,1.0,,,,,,,6,3,4,4,3,5,6,6,3,2,40.0,35.0,35.0,30.0,35.0,30.0,50.0,35.0,50.0,35.0,2.0,2.0,1.0,1.0,1.0,2.0,1.0,1.0,2.0,2.0,2.0,1.0,1.0,1.0,2.0,1.0,2.0,1.0,2.0,1.0,1.0,1.0,1.0,1.0,2.0,2.0,1.0,1.0,1.0,2.0,2.0,1.0,1.0,1.0,2.0,1.0,1.0,1.0,1.0,2.0
1686,2,2,2,2,2,2,4,2,4,4,,30.0,2.0,,,,,3.0,4.0,3.0,5.0,,,,2.0,,2.0,1.0,4.0,4.0,,,,,,,18.0,,,2.0,4.0,,,1.0,,,4.0,,,,,,,,,,,1.0,1.0,1.0,1.0,1.0,1.0,6,3,4,4,2,5,6,6,3,2,40.0,35.0,35.0,40.0,45.0,35.0,60.0,40.0,50.0,50.0,2.0,2.0,2.0,2.0,1.0,2.0,1.0,2.0,2.0,1.0,1.0,2.0,2.0,2.0,2.0,1.0,1.0,1.0,2.0,1.0,1.0,2.0,1.0,1.0,2.0,2.0,2.0,1.0,2.0,1.0,1.0,1.0,2.0,2.0,1.0,1.0,1.0,1.0,1.0,1.0
113,4,4,4,5,5,5,5,4,2,2,,30.0,3.0,,3.0,4.0,5.0,,,,,6.0,,,2.0,,2.0,,,,,,,4.0,5.0,6.0,,5.0,1.0,,4.0,,,,1.0,4.0,,,,,,,,,,,,1.0,1.0,1.0,1.0,1.0,1.0,6,3,4,3,2,5,6,6,4,2,55.0,50.0,52.0,60.0,65.0,62.0,70.0,58.0,40.0,38.0,2.0,2.0,2.0,2.0,2.0,1.0,2.0,2.0,2.0,2.0,1.0,2.0,1.0,2.0,1.0,1.0,2.0,2.0,2.0,1.0,2.0,1.0,2.0,2.0,2.0,1.0,1.0,2.0,2.0,1.0,1.0,1.0,1.0,2.0,2.0,1.0,2.0,2.0,1.0,1.0
286,2,2,2,1,2,2,2,1,4,4,70.0,,4.0,,2.0,3.0,5.0,,,,6.0,,,,2.0,,2.0,,,,4.0,4.0,5.0,,,,,18.0,,2.0,5.0,,,1.0,,,4.0,1.0,1.0,1.0,1.0,1.0,1.0,1.0,1.0,1.0,1.0,,,,,,,6,3,4,4,2,5,6,6,4,2,40.0,35.0,35.0,30.0,35.0,35.0,40.0,30.0,45.0,45.0,1.0,2.0,2.0,2.0,2.0,1.0,2.0,1.0,1.0,1.0,1.0,1.0,1.0,1.0,1.0,1.0,1.0,2.0,1.0,1.0,1.0,1.0,1.0,2.0,1.0,1.0,1.0,2.0,1.0,1.0,2.0,1.0,1.0,1.0,1.0,2.0,1.0,1.0,1.0,1.0
812,4,4,4,5,5,5,5,5,1,2,,30.0,,1.0,,,,3.0,5.0,4.0,,5.0,,,2.0,,2.0,,,,3.0,4.0,4.0,,,,18.0,,,2.0,3.0,,,1.0,,4.0,,,,,,,,,,,,1.0,1.0,1.0,1.0,1.0,1.0,6,3,4,3,2,5,6,5,3,2,55.0,50.0,52.0,60.0,62.0,58.0,65.0,54.0,40.0,45.0,2.0,2.0,1.0,2.0,1.0,1.0,2.0,2.0,2.0,2.0,2.0,1.0,1.0,1.0,1.0,1.0,1.0,1.0,1.0,2.0,2.0,1.0,1.0,2.0,2.0,1.0,2.0,2.0,1.0,2.0,2.0,2.0,2.0,1.0,2.0,2.0,1.0,2.0,1.0,1.0
84,5,5,5,5,5,5,5,5,1,2,70.0,,1.0,,3.0,4.0,6.0,,,,,6.0,,,2.0,,2.0,,,,3.0,5.0,6.0,,,,,20.0,,2.0,,,1.0,,1.0,5.0,,,,,,,,,,,,1.0,1.0,1.0,1.0,1.0,1.0,6,3,4,4,3,5,6,6,4,2,55.0,50.0,52.0,60.0,65.0,58.0,70.0,60.0,35.0,40.0,1.0,2.0,2.0,2.0,2.0,1.0,2.0,2.0,1.0,1.0,2.0,2.0,2.0,1.0,2.0,1.0,2.0,1.0,1.0,1.0,1.0,1.0,2.0,2.0,2.0,1.0,2.0,2.0,2.0,1.0,1.0,1.0,2.0,1.0,1.0,2.0,1.0,1.0,1.0,1.0
961,4,5,4,5,5,5,5,5,1,2,70.0,,4.0,,3.0,4.0,6.0,,,,,6.0,1.0,54.0,,1.0,,2.0,4.0,5.0,,,,,,,20.0,,,2.0,,,2.0,1.0,,,5.0,,,,,,,,,,,1.0,1.0,1.0,1.0,1.0,1.0,6,3,4,4,3,5,6,6,3,2,60.0,55.0,58.0,65.0,68.0,62.0,70.0,60.0,35.0,40.0,1.0,2.0,1.0,2.0,2.0,1.0,1.0,1.0,1.0,2.0,2.0,2.0,1.0,1.0,1.0,1.0,1.0,1.0,2.0,1.0,2.0,2.0,2.0,1.0,2.0,1.0,2.0,1.0,1.0,2.0,2.0,1.0,2.0,2.0,2.0,2.0,1.0,2.0,2.0,1.0
302,4,4,4,3,4,3,5,4,2,2,,30.0,,2.0,3.0,4.0,5.0,,,,,6.0,,,2.0,,2.0,,,,,,,3.0,4.0,5.0,,15.0,,2.0,,,3.0,1.0,,,4.0,1.0,1.0,1.0,1.0,1.0,1.0,1.0,1.0,1.0,1.0,,,,,,,6,3,4,3,3,5,6,5,3,2,55.0,50.0,52.0,60.0,58.0,54.0,65.0,57.0,40.0,42.0,2.0,2.0,1.0,2.0,2.0,2.0,1.0,2.0,2.0,2.0,2.0,1.0,1.0,2.0,2.0,2.0,2.0,1.0,2.0,2.0,1.0,1.0,2.0,2.0,2.0,2.0,2.0,1.0,2.0,2.0,2.0,2.0,2.0,1.0,2.0,2.0,2.0,2.0,2.0,2.0
271,4,4,4,5,5,5,5,5,1,2,70.0,,,2.0,3.0,4.0,6.0,,,,,6.0,,,2.0,1.0,,,,,3.0,5.0,6.0,,,,18.0,,1.0,,4.0,,,,1.0,,5.0,1.0,1.0,1.0,1.0,1.0,1.0,1.0,1.0,1.0,1.0,,,,,,,6,3,4,3,3,5,6,5,3,2,55.0,50.0,52.0,60.0,65.0,62.0,70.0,58.0,40.0,45.0,1.0,1.0,2.0,1.0,1.0,2.0,1.0,2.0,2.0,1.0,1.0,1.0,2.0,1.0,1.0,2.0,2.0,1.0,2.0,2.0,1.0,2.0,1.0,2.0,2.0,1.0,1.0,1.0,1.0,1.0,2.0,2.0,2.0,2.0,1.0,1.0,2.0,1.0,1.0,1.0
1702,3,3,3,3,3,3,3,3,2,2,70.0,,3.0,,3.0,4.0,6.0,,,,5.0,,,,2.0,,2.0,,,,,,,3.0,3.0,4.0,20.0,,,2.0,,,2.0,,1.0,,3.0,1.0,1.0,1.0,1.0,1.0,1.0,1.0,1.0,1.0,1.0,,,,,,,6,3,4,4,3,5,6,6,3,2,40.0,35.0,38.0,45.0,50.0,40.0,55.0,38.0,30.0,32.0,1.0,1.0,1.0,2.0,2.0,1.0,1.0,2.0,1.0,1.0,1.0,1.0,2.0,2.0,1.0,2.0,1.0,1.0,2.0,2.0,1.0,1.0,1.0,2.0,2.0,1.0,1.0,2.0,2.0,2.0,2.0,2.0,2.0,2.0,1.0,2.0,1.0,2.0,2.0,2.0
1671,5,4,4,4,4,4,5,4,1,2,,30.0,4.0,,,,,3.0,5.0,4.0,6.0,,1.0,54.0,,,2.0,,,,,,,3.0,4.0,5.0,5.0,,1.0,,3.0,,,,1.0,,4.0,1.0,1.0,1.0,1.0,1.0,1.0,1.0,1.0,1.0,1.0,,,,,,,6,3,4,3,3,5,6,5,3,2,55.0,50.0,52.0,60.0,62.0,58.0,65.0,54.0,40.0,45.0,2.0,1.0,1.0,2.0,2.0,2.0,2.0,2.0,2.0,2.0,2.0,2.0,1.0,2.0,1.0,2.0,1.0,1.0,1.0,2.0,2.0,1.0,1.0,2.0,2.0,1.0,1.0,2.0,1.0,1.0,1.0,2.0,1.0,2.0,1.0,2.0,2.0,1.0,1.0,2.0
1497,5,5,5,5,5,5,5,5,1,1,70.0,,,1.0,3.0,4.0,5.0,,,,6.0,,,,2.0,,2.0,1.0,5.0,6.0,,,,,,,,20.0,,2.0,3.0,,,,1.0,5.0,,,,,,,,,,,,1.0,1.0,1.0,1.0,1.0,1.0,6,3,4,3,3,5,6,6,4,2,55.0,50.0,50.0,60.0,65.0,60.0,70.0,55.0,40.0,35.0,2.0,2.0,2.0,2.0,2.0,2.0,2.0,2.0,2.0,2.0,2.0,2.0,2.0,2.0,2.0,2.0,2.0,2.0,2.0,2.0,2.0,2.0,2.0,2.0,1.0,2.0,2.0,2.0,1.0,1.0,2.0,2.0,1.0,2.0,2.0,2.0,2.0,2.0,2.0,2.0
73,4,4,4,4,4,4,4,4,2,2,70.0,,,2.0,3.0,4.0,5.0,,,,6.0,,1.0,54.0,,,2.0,2.0,4.0,5.0,,,,,,,,18.0,1.0,,4.0,,,,1.0,,5.0,1.0,1.0,1.0,1.0,1.0,1.0,1.0,1.0,1.0,1.0,,,,,,,6,3,4,3,3,5,6,5,3,2,55.0,50.0,52.0,60.0,62.0,58.0,65.0,54.0,40.0,42.0,2.0,2.0,1.0,1.0,1.0,1.0,2.0,2.0,1.0,1.0,1.0,2.0,2.0,1.0,2.0,2.0,1.0,2.0,1.0,1.0,1.0,1.0,1.0,2.0,2.0,1.0,2.0,2.0,1.0,2.0,1.0,1.0,1.0,1.0,2.0,1.0,1.0,1.0,1.0,2.0
996,3,3,3,3,4,4,4,3,2,2,70.0,,,2.0,,,,3.0,4.0,3.0,,5.0,,,2.0,,2.0,3.0,4.0,5.0,,,,,,,18.0,,,2.0,,,2.0,1.0,,4.0,,1.0,1.0,1.0,1.0,1.0,1.0,1.0,1.0,1.0,1.0,,,,,,,6,3,4,4,3,5,6,6,3,2,55.0,50.0,50.0,60.0,65.0,60.0,70.0,55.0,40.0,45.0,1.0,2.0,2.0,2.0,1.0,1.0,2.0,1.0,2.0,2.0,2.0,2.0,1.0,1.0,1.0,1.0,2.0,1.0,2.0,2.0,2.0,2.0,1.0,1.0,1.0,2.0,1.0,1.0,2.0,2.0,1.0,2.0,2.0,2.0,1.0,1.0,1.0,2.0,2.0,2.0
2002,2,3,2,2,3,2,4,2,4,2,70.0,,2.0,,3.0,4.0,5.0,,,,5.0,,1.0,54.0,,,2.0,2.0,3.0,4.0,,,,,,,18.0,,,2.0,,6.0,,,1.0,,4.0,1.0,1.0,1.0,1.0,1.0,1.0,1.0,1.0,1.0,1.0,,,,,,,6,3,4,3,3,5,6,5,3,2,45.0,40.0,40.0,50.0,55.0,45.0,60.0,40.0,35.0,40.0,1.0,2.0,2.0,2.0,1.0,1.0,2.0,2.0,2.0,2.0,2.0,2.0,2.0,2.0,2.0,2.0,2.0,2.0,2.0,2.0,2.0,1.0,1.0,2.0,2.0,2.0,2.0,1.0,2.0,1.0,2.0,2.0,1.0,2.0,2.0,1.0,2.0,2.0,1.0,2.0
125,2,3,2,2,3,2,4,2,4,3,70.0,,,2.0,,,,3.0,4.0,2.0,,5.0,1.0,54.0,,1.0,,,,,3.0,4.0,5.0,,,,18.0,,,2.0,,6.0,,1.0,,,4.0,,,,,,,,,,,1.0,1.0,1.0,1.0,1.0,1.0,6,3,4,4,3,5,6,6,3,2,45.0,40.0,42.0,50.0,55.0,38.0,60.0,40.0,48.0,44.0,1.0,1.0,2.0,1.0,1.0,2.0,1.0,1.0,1.0,1.0,1.0,1.0,1.0,1.0,1.0,1.0,1.0,2.0,1.0,1.0,1.0,1.0,2.0,1.0,1.0,2.0,1.0,1.0,1.0,1.0,2.0,1.0,1.0,2.0,2.0,1.0,1.0,1.0,1.0,2.0
739,5,5,5,5,5,5,5,5,1,2,70.0,,,1.0,,,,3.0,5.0,2.0,6.0,,,,2.0,1.0,,,,,,,,2.0,5.0,6.0,,15.0,,2.0,,6.0,,1.0,,5.0,,1.0,1.0,1.0,1.0,1.0,1.0,1.0,1.0,1.0,1.0,,,,,,,6,3,5,4,3,5,6,5,4,2,60.0,55.0,58.0,65.0,70.0,62.0,75.0,60.0,40.0,35.0,2.0,1.0,2.0,2.0,1.0,1.0,2.0,2.0,2.0,2.0,2.0,2.0,1.0,2.0,2.0,2.0,2.0,1.0,1.0,2.0,1.0,1.0,1.0,1.0,1.0,2.0,2.0,2.0,1.0,1.0,2.0,2.0,2.0,2.0,1.0,1.0,1.0,1.0,2.0,2.0
1525,4,4,4,5,5,4,5,4,2,2,,30.0,,2.0,,,,3.0,5.0,2.0,,5.0,1.0,54.0,,,2.0,,,,,,,3.0,4.0,5.0,,15.0,1.0,,,6.0,,,1.0,,4.0,,,,,,,,,,,1.0,1.0,1.0,1.0,1.0,1.0,6,3,4,3,3,5,6,5,3,2,55.0,50.0,52.0,60.0,65.0,58.0,70.0,54.0,40.0,42.0,2.0,1.0,1.0,2.0,1.0,2.0,2.0,1.0,2.0,1.0,2.0,1.0,1.0,1.0,2.0,2.0,2.0,1.0,1.0,1.0,1.0,2.0,2.0,2.0,2.0,1.0,2.0,1.0,1.0,1.0,2.0,2.0,1.0,1.0,1.0,2.0,2.0,2.0,1.0,2.0
1456,2,2,2,2,2,2,4,2,4,2,,30.0,2.0,,3.0,4.0,5.0,,,,6.0,,1.0,54.0,,1.0,,,,,4.0,4.0,5.0,,,,20.0,,,2.0,4.0,,,1.0,,,4.0,1.0,1.0,1.0,1.0,1.0,1.0,1.0,1.0,1.0,1.0,,,,,,,6,3,4,4,3,5,6,6,3,2,40.0,35.0,35.0,35.0,40.0,35.0,50.0,35.0,45.0,35.0,2.0,1.0,1.0,1.0,1.0,2.0,2.0,1.0,2.0,1.0,2.0,1.0,2.0,1.0,2.0,2.0,1.0,2.0,1.0,1.0,1.0,1.0,2.0,2.0,1.0,1.0,2.0,2.0,2.0,1.0,2.0,1.0,2.0,1.0,1.0,1.0,2.0,2.0,2.0,1.0
1339,5,5,5,5,5,5,5,5,1,1,70.0,,,1.0,,,,3.0,5.0,2.0,,6.0,1.0,54.0,,1.0,,1.0,4.0,5.0,,,,,,,20.0,,,2.0,,,2.0,1.0,,,5.0,1.0,1.0,1.0,1.0,1.0,1.0,1.0,1.0,1.0,1.0,,,,,,,6,3,4,3,3,5,6,5,3,2,60.0,55.0,50.0,65.0,60.0,60.0,70.0,55.0,40.0,35.0,1.0,2.0,2.0,1.0,2.0,2.0,1.0,2.0,2.0,1.0,2.0,2.0,2.0,1.0,2.0,1.0,2.0,1.0,2.0,2.0,1.0,2.0,2.0,1.0,2.0,1.0,1.0,1.0,1.0,1.0,2.0,1.0,1.0,2.0,1.0,1.0,2.0,1.0,1.0,1.0
824,4,4,4,4,4,4,5,4,2,2,,30.0,4.0,,,,,3.0,5.0,2.0,,6.0,,,2.0,1.0,,,,,4.0,4.0,5.0,,,,,18.0,1.0,,,,2.0,1.0,,,4.0,,,,,,,,,,,1.0,1.0,1.0,1.0,1.0,1.0,6,3,4,3,3,5,6,5,3,2,55.0,50.0,52.0,60.0,65.0,58.0,70.0,60.0,40.0,38.0,2.0,2.0,1.0,2.0,1.0,2.0,1.0,1.0,2.0,1.0,2.0,1.0,1.0,2.0,1.0,1.0,1.0,1.0,2.0,1.0,1.0,2.0,2.0,1.0,1.0,2.0,2.0,2.0,1.0,2.0,2.0,1.0,1.0,2.0,1.0,2.0,1.0,2.0,1.0,2.0
957,4,4,4,4,4,4,5,4,2,2,,30.0,4.0,,3.0,4.0,5.0,,,,,6.0,1.0,54.0,,1.0,,2.0,4.0,4.0,,,,,,,15.0,,1.0,,,,3.0,,1.0,4.0,,1.0,1.0,1.0,1.0,1.0,1.0,1.0,1.0,1.0,1.0,,,,,,,6,3,4,3,3,5,6,5,3,2,55.0,50.0,52.0,60.0,65.0,58.0,70.0,54.0,40.0,42.0,1.0,1.0,1.0,1.0,1.0,1.0,1.0,1.0,2.0,1.0,1.0,2.0,1.0,1.0,1.0,2.0,1.0,2.0,2.0,1.0,2.0,1.0,1.0,1.0,2.0,1.0,2.0,1.0,1.0,2.0,2.0,1.0,1.0,1.0,2.0,2.0,1.0,2.0,1.0,2.0
150,5,5,5,5,5,5,5,5,1,2,,30.0,,2.0,,,,3.0,5.0,2.0,,6.0,,,2.0,,2.0,,,,3.0,5.0,6.0,,,,,18.0,1.0,,4.0,,,1.0,,,5.0,1.0,1.0,1.0,1.0,1.0,1.0,1.0,1.0,1.0,1.0,,,,,,,6,3,4,3,3,5,6,5,3,2,60.0,55.0,50.0,65.0,70.0,60.0,75.0,55.0,40.0,35.0,1.0,2.0,2.0,1.0,1.0,1.0,2.0,2.0,2.0,2.0,2.0,2.0,2.0,2.0,1.0,2.0,1.0,1.0,1.0,1.0,2.0,1.0,2.0,2.0,2.0,1.0,1.0,2.0,2.0,1.0,1.0,1.0,1.0,1.0,1.0,2.0,1.0,2.0,2.0,2.0
1550,5,5,5,5,5,5,5,5,1,2,70.0,,5.0,,3.0,4.0,6.0,,,,,6.0,1.0,54.0,,,2.0,,,,,,,4.0,5.0,6.0,18.0,,,2.0,,5.0,,,1.0,,5.0,,,,,,,,,,,1.0,1.0,1.0,1.0,1.0,1.0,6,3,4,3,2,5,6,5,3,2,60.0,55.0,50.0,65.0,70.0,60.0,75.0,55.0,40.0,45.0,2.0,1.0,2.0,2.0,1.0,2.0,2.0,2.0,1.0,1.0,1.0,2.0,2.0,2.0,1.0,2.0,1.0,2.0,2.0,2.0,2.0,2.0,2.0,2.0,2.0,1.0,2.0,2.0,2.0,2.0,2.0,2.0,1.0,1.0,1.0,1.0,2.0,2.0,1.0,2.0
1423,2,2,2,2,2,2,4,2,4,4,70.0,,,2.0,,,,3.0,5.0,2.0,6.0,,,,2.0,,2.0,,,,2.0,4.0,5.0,,,,,5.0,,2.0,,,2.0,1.0,,4.0,,,,,,,,,,,,1.0,1.0,1.0,1.0,1.0,1.0,6,3,4,4,2,5,6,6,3,2,45.0,40.0,40.0,40.0,45.0,40.0,60.0,40.0,55.0,55.0,2.0,2.0,1.0,2.0,2.0,1.0,2.0,1.0,1.0,2.0,1.0,2.0,2.0,2.0,1.0,1.0,2.0,1.0,1.0,2.0,1.0,1.0,2.0,1.0,2.0,1.0,1.0,2.0,2.0,1.0,1.0,2.0,2.0,1.0,1.0,2.0,2.0,1.0,1.0,1.0
851,4,4,4,4,4,4,5,4,2,2,,30.0,,2.0,3.0,4.0,5.0,,,,6.0,,,,2.0,1.0,,2.0,4.0,5.0,,,,,,,18.0,,1.0,,4.0,,,,1.0,4.0,,,,,,,,,,,,1.0,1.0,1.0,1.0,1.0,1.0,6,3,4,4,3,5,6,6,3,2,55.0,50.0,52.0,60.0,65.0,58.0,70.0,60.0,40.0,38.0,1.0,1.0,2.0,1.0,1.0,2.0,2.0,1.0,2.0,1.0,1.0,2.0,2.0,2.0,2.0,1.0,2.0,1.0,2.0,1.0,2.0,2.0,1.0,1.0,2.0,2.0,2.0,2.0,2.0,1.0,1.0,1.0,1.0,1.0,2.0,1.0,2.0,1.0,2.0,1.0
922,4,4,4,4,4,4,5,4,2,2,,30.0,4.0,,,,,3.0,5.0,2.0,6.0,,,,2.0,,2.0,2.0,4.0,5.0,,,,,,,,18.0,,2.0,,,3.0,1.0,,4.0,,1.0,1.0,1.0,1.0,1.0,1.0,1.0,1.0,1.0,1.0,,,,,,,6,3,4,3,3,5,6,5,3,2,55.0,50.0,52.0,60.0,65.0,58.0,70.0,60.0,40.0,38.0,1.0,2.0,2.0,2.0,1.0,2.0,2.0,1.0,2.0,2.0,1.0,1.0,2.0,1.0,2.0,2.0,2.0,2.0,1.0,1.0,2.0,1.0,2.0,1.0,2.0,2.0,1.0,1.0,2.0,2.0,2.0,1.0,1.0,2.0,2.0,1.0,1.0,1.0,2.0,1.0
418,3,3,3,3,4,3,4,3,4,3,70.0,,,2.0,,,,3.0,4.0,3.0,,6.0,,,2.0,1.0,,2.0,4.0,4.0,,,,,,,20.0,,1.0,,,6.0,,1.0,,,4.0,1.0,1.0,1.0,1.0,1.0,1.0,1.0,1.0,1.0,1.0,,,,,,,6,3,4,4,3,5,6,6,3,2,55.0,50.0,50.0,60.0,65.0,55.0,70.0,60.0,45.0,50.0,2.0,1.0,2.0,2.0,1.0,2.0,2.0,2.0,1.0,2.0,2.0,2.0,2.0,2.0,1.0,1.0,1.0,2.0,1.0,2.0,1.0,2.0,2.0,1.0,2.0,2.0,2.0,2.0,2.0,1.0,1.0,1.0,2.0,1.0,2.0,2.0,1.0,1.0,1.0,2.0
191,4,4,4,4,4,4,5,4,2,2,70.0,,,2.0,3.0,4.0,5.0,,,,6.0,,,,2.0,,2.0,,,,,,,3.0,4.0,5.0,,15.0,,2.0,,6.0,,1.0,,4.0,,1.0,1.0,1.0,1.0,1.0,1.0,1.0,1.0,1.0,1.0,,,,,,,6,3,4,4,3,5,6,6,3,2,55.0,50.0,52.0,60.0,65.0,58.0,70.0,54.0,40.0,38.0,2.0,1.0,2.0,2.0,1.0,1.0,1.0,1.0,1.0,2.0,2.0,1.0,1.0,1.0,1.0,1.0,1.0,2.0,2.0,1.0,1.0,2.0,2.0,1.0,1.0,2.0,2.0,1.0,2.0,1.0,1.0,2.0,1.0,1.0,2.0,2.0,1.0,1.0,2.0,1.0
377,2,2,2,2,2,2,3,2,4,4,,30.0,,2.0,,,,3.0,4.0,3.0,5.0,,,,2.0,,2.0,2.0,3.0,3.0,,,,,,,18.0,,,2.0,,6.0,,,1.0,3.0,,,,,,,,,,,,1.0,1.0,1.0,1.0,1.0,1.0,6,3,4,4,3,5,6,6,3,2,40.0,38.0,35.0,35.0,38.0,35.0,45.0,32.0,50.0,50.0,2.0,2.0,2.0,2.0,2.0,2.0,2.0,2.0,2.0,2.0,2.0,2.0,2.0,2.0,1.0,1.0,2.0,2.0,2.0,2.0,2.0,2.0,2.0,2.0,2.0,2.0,2.0,2.0,2.0,2.0,2.0,2.0,2.0,2.0,2.0,2.0,2.0,2.0,2.0,2.0
204,4,4,4,4,4,4,4,4,2,2,70.0,,3.0,,,,,3.0,4.0,2.0,6.0,,,,2.0,1.0,,,,,,,,3.0,4.0,5.0,18.0,,1.0,,,6.0,,1.0,,,5.0,1.0,1.0,1.0,1.0,1.0,1.0,1.0,1.0,1.0,1.0,,,,,,,6,3,4,4,2,5,6,6,3,2,60.0,55.0,55.0,65.0,70.0,60.0,75.0,60.0,40.0,40.0,2.0,2.0,2.0,2.0,2.0,2.0,1.0,1.0,1.0,2.0,2.0,2.0,1.0,1.0,1.0,2.0,2.0,1.0,2.0,1.0,2.0,1.0,2.0,2.0,2.0,2.0,1.0,1.0,1.0,1.0,2.0,1.0,1.0,1.0,2.0,1.0,2.0,1.0,2.0,2.0
1018,5,5,5,5,5,5,5,5,1,1,70.0,,,1.0,,,,3.0,5.0,4.0,,6.0,1.0,54.0,,,2.0,,,,4.0,5.0,6.0,,,,,18.0,1.0,,,6.0,,1.0,,6.0,,,,,,,,,,,,1.0,1.0,1.0,1.0,1.0,1.0,7,3,4,4,2,6,6,6,4,2,60.0,55.0,50.0,55.0,60.0,60.0,65.0,55.0,40.0,35.0,2.0,2.0,2.0,2.0,2.0,2.0,2.0,2.0,1.0,1.0,2.0,2.0,2.0,2.0,2.0,2.0,2.0,2.0,2.0,2.0,1.0,2.0,2.0,2.0,2.0,2.0,1.0,2.0,1.0,2.0,2.0,2.0,2.0,1.0,2.0,2.0,2.0,2.0,1.0,2.0
1591,5,5,5,5,5,5,5,5,1,2,70.0,,4.0,,3.0,4.0,6.0,,,,6.0,,,,2.0,1.0,,,,,,,,3.0,5.0,6.0,18.0,,1.0,,4.0,,,,1.0,,5.0,1.0,1.0,1.0,1.0,1.0,1.0,1.0,1.0,1.0,1.0,,,,,,,6,3,4,3,3,5,6,5,3,2,60.0,55.0,58.0,65.0,68.0,62.0,70.0,60.0,40.0,45.0,2.0,1.0,1.0,2.0,2.0,1.0,1.0,2.0,1.0,2.0,1.0,1.0,2.0,2.0,1.0,2.0,2.0,1.0,2.0,2.0,1.0,2.0,2.0,1.0,1.0,2.0,2.0,1.0,2.0,2.0,2.0,1.0,2.0,1.0,2.0,1.0,1.0,1.0,2.0,2.0
1777,4,4,4,4,4,4,5,4,2,2,,30.0,,2.0,,,,3.0,4.0,2.0,6.0,,,,2.0,,2.0,,,,4.0,4.0,5.0,,,,,15.0,1.0,,,6.0,,,1.0,4.0,,1.0,1.0,1.0,1.0,1.0,1.0,1.0,1.0,1.0,1.0,,,,,,,6,3,4,4,2,5,6,6,3,2,55.0,50.0,55.0,60.0,65.0,60.0,70.0,55.0,40.0,40.0,2.0,2.0,2.0,2.0,1.0,1.0,1.0,2.0,1.0,1.0,2.0,2.0,2.0,2.0,2.0,2.0,2.0,2.0,2.0,2.0,2.0,2.0,2.0,2.0,1.0,2.0,2.0,1.0,1.0,2.0,2.0,1.0,2.0,1.0,1.0,1.0,2.0,1.0,2.0,1.0
1604,4,4,4,5,5,5,5,4,1,2,,30.0,3.0,,3.0,4.0,6.0,,,,,6.0,1.0,54.0,,1.0,,2.0,4.0,5.0,,,,,,,18.0,,1.0,,,,3.0,1.0,,,4.0,1.0,1.0,1.0,1.0,1.0,1.0,1.0,1.0,1.0,1.0,,,,,,,6,3,4,3,3,5,6,5,3,2,55.0,50.0,52.0,60.0,65.0,62.0,70.0,58.0,40.0,45.0,1.0,1.0,2.0,1.0,1.0,2.0,1.0,1.0,2.0,2.0,1.0,1.0,2.0,2.0,2.0,1.0,2.0,1.0,2.0,2.0,1.0,1.0,1.0,2.0,2.0,1.0,2.0,1.0,1.0,2.0,1.0,2.0,1.0,1.0,2.0,2.0,1.0,1.0,1.0,2.0
1919,2,3,3,2,3,2,4,2,4,2,70.0,,2.0,,,,,3.0,4.0,2.0,,5.0,1.0,54.0,,,2.0,,,,3.0,4.0,5.0,,,,,15.0,,2.0,,6.0,,1.0,,4.0,,,,,,,,,,,,1.0,1.0,1.0,1.0,1.0,1.0,6,3,4,4,3,5,6,6,3,2,45.0,40.0,40.0,35.0,45.0,35.0,55.0,40.0,50.0,40.0,1.0,1.0,1.0,2.0,1.0,1.0,2.0,1.0,1.0,2.0,2.0,2.0,1.0,1.0,2.0,1.0,2.0,1.0,1.0,2.0,1.0,1.0,2.0,2.0,1.0,2.0,2.0,1.0,1.0,1.0,1.0,2.0,2.0,1.0,1.0,2.0,1.0,2.0,1.0,1.0
890,1,2,2,1,2,2,3,2,4,4,,30.0,2.0,,,,,3.0,5.0,2.0,,5.0,,,2.0,,2.0,,,,2.0,4.0,4.0,,,,,16.0,,2.0,,6.0,,,1.0,,4.0,1.0,1.0,1.0,1.0,1.0,1.0,1.0,1.0,1.0,1.0,,,,,,,6,3,4,3,3,5,6,5,3,2,45.0,40.0,38.0,50.0,55.0,52.0,60.0,48.0,44.0,42.0,2.0,2.0,1.0,1.0,2.0,2.0,2.0,1.0,2.0,2.0,1.0,1.0,2.0,2.0,1.0,1.0,2.0,2.0,1.0,1.0,2.0,2.0,2.0,2.0,1.0,1.0,2.0,1.0,2.0,2.0,1.0,2.0,2.0,2.0,2.0,1.0,1.0,1.0,2.0,1.0
928,4,4,4,5,5,5,5,5,1,2,,30.0,,1.0,3.0,4.0,6.0,,,,,5.0,,,2.0,,2.0,2.0,4.0,5.0,,,,,,,18.0,,,2.0,,,2.0,,1.0,4.0,,,,,,,,,,,,1.0,1.0,1.0,1.0,1.0,1.0,6,3,4,3,3,5,6,5,3,2,60.0,55.0,58.0,65.0,70.0,68.0,72.0,60.0,40.0,45.0,2.0,2.0,2.0,2.0,1.0,2.0,1.0,1.0,2.0,2.0,2.0,2.0,1.0,2.0,1.0,2.0,2.0,2.0,1.0,2.0,2.0,1.0,1.0,1.0,2.0,1.0,1.0,1.0,2.0,1.0,1.0,2.0,2.0,1.0,1.0,2.0,1.0,1.0,2.0,1.0
746,5,4,5,5,5,5,5,5,1,2,,30.0,,2.0,3.0,4.0,6.0,,,,6.0,,,,2.0,1.0,,,,,4.0,5.0,6.0,,,,,15.0,1.0,,,6.0,,,1.0,5.0,,,,,,,,,,,,1.0,1.0,1.0,1.0,1.0,1.0,6,3,4,3,3,5,6,6,3,2,60.0,55.0,60.0,65.0,70.0,65.0,75.0,60.0,40.0,45.0,2.0,1.0,2.0,2.0,2.0,1.0,2.0,1.0,1.0,1.0,1.0,2.0,2.0,1.0,1.0,1.0,2.0,2.0,2.0,1.0,2.0,1.0,2.0,1.0,1.0,1.0,1.0,1.0,2.0,2.0,2.0,2.0,1.0,1.0,2.0,2.0,1.0,2.0,1.0,1.0
635,2,2,2,1,2,2,3,2,4,4,70.0,,,1.0,,,,3.0,5.0,2.0,6.0,,1.0,54.0,,,2.0,2.0,4.0,5.0,,,,,,,,5.0,,2.0,3.0,,,1.0,,,4.0,1.0,1.0,1.0,1.0,1.0,1.0,1.0,1.0,1.0,1.0,,,,,,,6,3,4,3,3,5,6,5,3,2,45.0,40.0,40.0,35.0,40.0,40.0,50.0,40.0,55.0,55.0,2.0,2.0,2.0,1.0,2.0,1.0,2.0,2.0,2.0,1.0,2.0,1.0,1.0,2.0,1.0,1.0,2.0,2.0,2.0,2.0,1.0,2.0,1.0,1.0,2.0,2.0,1.0,1.0,1.0,1.0,2.0,1.0,1.0,2.0,1.0,2.0,1.0,2.0,2.0,1.0
1346,3,3,3,3,4,3,4,3,4,3,,30.0,3.0,,,,,3.0,5.0,4.0,6.0,,1.0,45.0,,,2.0,2.0,3.0,4.0,,,,,,,,5.0,,2.0,4.0,,,1.0,,,4.0,,,,,,,,,,,1.0,1.0,1.0,1.0,1.0,1.0,6,3,4,3,2,5,6,5,3,2,45.0,40.0,40.0,50.0,55.0,50.0,60.0,45.0,40.0,40.0,2.0,1.0,1.0,2.0,2.0,1.0,1.0,2.0,2.0,1.0,2.0,2.0,2.0,1.0,2.0,1.0,2.0,1.0,1.0,2.0,2.0,2.0,1.0,2.0,1.0,1.0,1.0,2.0,2.0,2.0,2.0,1.0,2.0,1.0,2.0,1.0,2.0,1.0,2.0,1.0
1235,4,4,4,4,4,4,4,4,2,2,70.0,,3.0,,,,,3.0,4.0,3.0,,5.0,,,2.0,1.0,,,,,3.0,4.0,4.0,,,,12.0,,,2.0,4.0,,,1.0,,,4.0,1.0,1.0,1.0,1.0,1.0,1.0,1.0,1.0,1.0,1.0,,,,,,,6,3,4,3,3,5,6,5,3,2,55.0,50.0,52.0,60.0,65.0,58.0,70.0,60.0,40.0,38.0,2.0,2.0,1.0,1.0,1.0,1.0,1.0,2.0,1.0,2.0,2.0,1.0,2.0,2.0,1.0,1.0,1.0,2.0,2.0,1.0,1.0,2.0,2.0,1.0,2.0,1.0,1.0,2.0,2.0,2.0,1.0,2.0,2.0,1.0,2.0,1.0,1.0,2.0,2.0,1.0
1429,2,3,2,2,3,2,3,2,4,4,,30.0,2.0,,,,,3.0,4.0,2.0,,6.0,1.0,54.0,,,2.0,,,,3.0,4.0,4.0,,,,15.0,,1.0,,,6.0,,,1.0,4.0,,1.0,1.0,1.0,1.0,1.0,1.0,1.0,1.0,1.0,1.0,,,,,,,6,3,4,3,3,5,6,5,3,2,40.0,35.0,38.0,45.0,50.0,40.0,55.0,38.0,30.0,32.0,1.0,2.0,2.0,1.0,2.0,1.0,2.0,1.0,2.0,2.0,2.0,1.0,2.0,1.0,2.0,1.0,2.0,2.0,2.0,1.0,2.0,1.0,1.0,1.0,2.0,1.0,1.0,2.0,2.0,2.0,2.0,1.0,1.0,2.0,2.0,2.0,1.0,1.0,2.0,2.0
1860,5,5,5,5,5,5,5,5,1,2,,30.0,,2.0,3.0,4.0,6.0,,,,,,1.0,54.0,,,2.0,,,,3.0,5.0,6.0,,,,,5.0,,2.0,,,2.0,1.0,,,5.0,,,,,,,,,,,1.0,1.0,1.0,1.0,1.0,1.0,6,3,4,3,2,5,6,5,3,2,55.0,50.0,52.0,60.0,65.0,58.0,70.0,60.0,40.0,45.0,2.0,2.0,2.0,2.0,2.0,2.0,2.0,1.0,2.0,2.0,2.0,2.0,1.0,2.0,2.0,2.0,2.0,2.0,1.0,2.0,2.0,1.0,1.0,2.0,1.0,1.0,1.0,2.0,2.0,1.0,1.0,2.0,1.0,2.0,2.0,2.0,1.0,1.0,2.0,1.0
1913,5,5,5,5,5,5,5,5,1,1,70.0,,6.0,,,,,3.0,5.0,2.0,,6.0,,,2.0,1.0,,3.0,4.0,4.0,,,,,,,20.0,,1.0,,,10.0,,,1.0,5.0,,,,,,,,,,,,1.0,1.0,1.0,1.0,1.0,1.0,6,3,3,2,2,5,6,6,4,2,60.0,55.0,50.0,60.0,65.0,60.0,70.0,55.0,40.0,35.0,2.0,1.0,1.0,1.0,1.0,2.0,1.0,2.0,2.0,1.0,1.0,2.0,2.0,1.0,2.0,2.0,2.0,2.0,2.0,1.0,1.0,2.0,2.0,2.0,2.0,1.0,1.0,2.0,1.0,1.0,1.0,2.0,2.0,2.0,2.0,2.0,1.0,2.0,1.0,1.0
561,4,4,4,5,5,5,5,4,1,2,,30.0,3.0,,3.0,4.0,6.0,,,,,6.0,,,2.0,1.0,,,,,,,,3.0,4.0,5.0,,16.0,1.0,,,6.0,,,1.0,5.0,,1.0,1.0,1.0,1.0,1.0,1.0,1.0,1.0,1.0,1.0,,,,,,,6,3,4,3,3,5,6,6,3,2,55.0,50.0,52.0,60.0,65.0,62.0,70.0,58.0,40.0,45.0,2.0,1.0,1.0,2.0,1.0,2.0,2.0,1.0,2.0,1.0,2.0,1.0,1.0,2.0,1.0,1.0,1.0,1.0,2.0,2.0,1.0,1.0,1.0,1.0,1.0,2.0,2.0,1.0,2.0,2.0,1.0,1.0,2.0,2.0,1.0,2.0,2.0,1.0,2.0,2.0
412,2,2,2,2,2,2,4,2,4,4,70.0,,2.0,,3.0,4.0,5.0,,,,6.0,,1.0,54.0,,,2.0,,,,,,,4.0,4.0,5.0,18.0,,,2.0,,6.0,,,1.0,4.0,,1.0,1.0,1.0,1.0,1.0,1.0,1.0,1.0,1.0,1.0,,,,,,,6,3,4,3,3,5,6,5,3,2,45.0,40.0,40.0,40.0,40.0,40.0,55.0,40.0,55.0,55.0,2.0,1.0,2.0,1.0,2.0,1.0,1.0,2.0,1.0,1.0,2.0,2.0,1.0,1.0,2.0,1.0,1.0,1.0,1.0,1.0,2.0,1.0,2.0,2.0,2.0,1.0,1.0,2.0,1.0,2.0,2.0,2.0,1.0,1.0,1.0,2.0,1.0,1.0,1.0,1.0
787,2,3,2,2,3,3,4,2,4,3,,30.0,,2.0,3.0,4.0,5.0,,,,,5.0,,,2.0,,2.0,,,,,,,3.0,4.0,4.0,18.0,,,2.0,,6.0,,1.0,,,4.0,,,,,,,,,,,1.0,1.0,1.0,1.0,1.0,1.0,6,3,4,3,3,5,6,5,3,2,45.0,40.0,42.0,50.0,55.0,48.0,60.0,38.0,35.0,41.0,1.0,1.0,1.0,2.0,2.0,1.0,1.0,2.0,1.0,2.0,1.0,1.0,1.0,1.0,1.0,1.0,2.0,2.0,1.0,2.0,2.0,1.0,2.0,2.0,2.0,1.0,2.0,1.0,2.0,2.0,1.0,1.0,2.0,2.0,1.0,1.0,1.0,1.0,1.0,1.0
1161,4,4,4,4,4,4,5,4,2,2,,30.0,3.0,,3.0,4.0,6.0,,,,6.0,,,,2.0,,2.0,,,,,,,3.0,4.0,5.0,16.0,,1.0,,,6.0,,,1.0,,4.0,,,,,,,,,,,1.0,1.0,1.0,1.0,1.0,1.0,6,3,4,4,3,5,6,6,3,2,60.0,55.0,58.0,65.0,68.0,62.0,70.0,60.0,40.0,42.0,1.0,2.0,1.0,2.0,2.0,2.0,1.0,2.0,2.0,1.0,2.0,2.0,1.0,1.0,2.0,1.0,2.0,2.0,2.0,2.0,2.0,1.0,1.0,2.0,1.0,2.0,2.0,1.0,2.0,1.0,2.0,2.0,2.0,1.0,1.0,2.0,1.0,1.0,1.0,1.0
1012,5,5,5,5,5,5,5,5,1,2,,30.0,5.0,,3.0,4.0,6.0,,,,,,1.0,45.0,,1.0,,,,,4.0,5.0,6.0,,,,18.0,,,2.0,4.0,,,,1.0,5.0,,,,,,,,,,,,1.0,1.0,1.0,1.0,1.0,1.0,6,3,4,4,3,5,6,6,3,2,55.0,50.0,52.0,60.0,65.0,58.0,70.0,60.0,35.0,40.0,2.0,2.0,2.0,1.0,2.0,2.0,1.0,2.0,1.0,1.0,1.0,1.0,2.0,1.0,2.0,1.0,1.0,2.0,2.0,1.0,2.0,2.0,1.0,1.0,2.0,1.0,1.0,2.0,2.0,1.0,2.0,2.0,2.0,2.0,2.0,2.0,2.0,2.0,1.0,1.0
1387,4,4,4,4,4,4,5,4,2,2,70.0,,,2.0,3.0,4.0,5.0,,,,,,,,2.0,,2.0,,,,4.0,4.0,5.0,,,,16.0,,1.0,,,6.0,,,1.0,5.0,,1.0,1.0,1.0,1.0,1.0,1.0,1.0,1.0,1.0,1.0,,,,,,,6,3,4,4,3,5,6,5,3,2,60.0,55.0,58.0,65.0,68.0,62.0,70.0,60.0,40.0,45.0,1.0,1.0,1.0,2.0,1.0,1.0,2.0,2.0,2.0,1.0,1.0,2.0,1.0,2.0,2.0,2.0,1.0,1.0,1.0,2.0,2.0,2.0,2.0,2.0,2.0,1.0,2.0,1.0,1.0,1.0,2.0,1.0,2.0,1.0,2.0,1.0,2.0,1.0,1.0,2.0
1815,5,5,5,5,5,5,5,5,1,2,,30.0,1.0,,,,,3.0,5.0,2.0,6.0,,,,2.0,,2.0,,,,,,,3.0,4.0,5.0,,5.0,1.0,,,6.0,,,1.0,,5.0,,,,,,,,,,,1.0,1.0,1.0,1.0,1.0,1.0,6,3,4,3,3,5,6,6,3,2,60.0,55.0,60.0,65.0,70.0,60.0,75.0,60.0,40.0,35.0,2.0,2.0,2.0,2.0,1.0,2.0,1.0,2.0,1.0,2.0,1.0,2.0,1.0,2.0,1.0,2.0,1.0,2.0,2.0,2.0,2.0,2.0,2.0,2.0,2.0,1.0,1.0,1.0,2.0,1.0,2.0,1.0,2.0,2.0,2.0,2.0,1.0,1.0,2.0,1.0
1966,5,5,5,5,5,5,5,5,1,2,,30.0,,2.0,,,,3.0,5.0,4.0,,6.0,,,2.0,,2.0,,,,,,,4.0,5.0,6.0,,18.0,1.0,,4.0,,,,1.0,,5.0,1.0,1.0,1.0,1.0,1.0,1.0,1.0,1.0,1.0,1.0,,,,,,,6,3,4,3,3,5,6,5,4,2,60.0,55.0,60.0,65.0,70.0,60.0,70.0,60.0,40.0,45.0,1.0,1.0,1.0,2.0,2.0,2.0,1.0,2.0,1.0,2.0,1.0,2.0,2.0,1.0,1.0,2.0,1.0,2.0,2.0,1.0,2.0,1.0,2.0,1.0,2.0,2.0,2.0,1.0,2.0,1.0,1.0,1.0,2.0,1.0,2.0,1.0,2.0,1.0,2.0,2.0
79,4,4,4,4,4,4,4,4,2,2,70.0,,,2.0,3.0,4.0,5.0,,,,6.0,,1.0,54.0,,1.0,,,,,,,,2.0,4.0,5.0,16.0,,1.0,,,6.0,,1.0,,,5.0,,,,,,,,,,,1.0,1.0,1.0,1.0,1.0,1.0,6,3,4,3,3,5,6,5,3,2,55.0,50.0,52.0,60.0,62.0,58.0,65.0,54.0,40.0,38.0,2.0,2.0,1.0,1.0,1.0,2.0,1.0,1.0,2.0,2.0,2.0,1.0,1.0,2.0,1.0,2.0,2.0,1.0,1.0,1.0,2.0,1.0,1.0,1.0,2.0,1.0,1.0,1.0,2.0,1.0,1.0,2.0,2.0,2.0,1.0,2.0,1.0,1.0,1.0,2.0
2008,3,3,3,4,4,4,4,4,2,2,70.0,,,1.0,3.0,4.0,6.0,,,,,6.0,,,2.0,,2.0,,,,,,,3.0,4.0,5.0,18.0,,1.0,,4.0,,,,1.0,,4.0,,,,,,,,,,,1.0,1.0,1.0,1.0,1.0,1.0,6,3,4,3,3,5,6,5,3,2,55.0,50.0,50.0,60.0,65.0,60.0,70.0,60.0,40.0,45.0,1.0,2.0,1.0,1.0,2.0,1.0,1.0,2.0,1.0,1.0,2.0,1.0,2.0,2.0,1.0,2.0,1.0,1.0,2.0,1.0,2.0,2.0,1.0,2.0,1.0,1.0,1.0,2.0,1.0,1.0,1.0,2.0,1.0,2.0,2.0,2.0,1.0,2.0,1.0,1.0
308,5,4,5,5,5,5,5,5,1,2,70.0,,4.0,,2.0,3.0,5.0,,,,,,1.0,54.0,,1.0,,,,,3.0,5.0,6.0,,,,5.0,,1.0,,3.0,,,1.0,,,5.0,1.0,1.0,1.0,1.0,1.0,1.0,1.0,1.0,1.0,1.0,,,,,,,6,3,4,4,3,5,6,5,3,2,60.0,55.0,60.0,65.0,70.0,65.0,75.0,60.0,40.0,35.0,2.0,1.0,1.0,1.0,2.0,1.0,2.0,2.0,2.0,1.0,2.0,1.0,1.0,1.0,1.0,1.0,2.0,1.0,1.0,1.0,1.0,1.0,2.0,1.0,2.0,1.0,1.0,1.0,2.0,1.0,1.0,1.0,1.0,2.0,1.0,2.0,1.0,1.0,1.0,2.0
681,4,4,4,4,4,4,4,4,2,2,70.0,,3.0,,3.0,4.0,6.0,,,,6.0,,,,2.0,,2.0,2.0,4.0,5.0,,,,,,,18.0,,1.0,,,,2.0,1.0,,,4.0,,,,,,,,,,,1.0,1.0,1.0,1.0,1.0,1.0,6,3,4,4,3,5,6,6,3,2,55.0,50.0,52.0,60.0,62.0,58.0,65.0,54.0,40.0,42.0,1.0,2.0,2.0,1.0,1.0,1.0,1.0,1.0,1.0,1.0,2.0,2.0,2.0,1.0,1.0,1.0,1.0,1.0,1.0,2.0,1.0,1.0,2.0,1.0,1.0,2.0,2.0,1.0,1.0,1.0,2.0,2.0,1.0,2.0,1.0,2.0,1.0,1.0,1.0,1.0
514,4,4,4,4,4,4,4,4,2,2,,30.0,3.0,,3.0,4.0,5.0,,,,6.0,,1.0,54.0,,,2.0,,,,3.0,4.0,5.0,,,,,5.0,,2.0,4.0,,,,1.0,,4.0,1.0,1.0,1.0,1.0,1.0,1.0,1.0,1.0,1.0,1.0,,,,,,,6,3,4,3,3,5,6,5,3,2,55.0,50.0,52.0,60.0,62.0,58.0,65.0,54.0,40.0,42.0,2.0,1.0,1.0,1.0,1.0,2.0,2.0,1.0,2.0,1.0,2.0,2.0,2.0,2.0,2.0,1.0,1.0,1.0,2.0,1.0,1.0,2.0,2.0,1.0,1.0,2.0,2.0,1.0,1.0,2.0,2.0,2.0,1.0,1.0,1.0,1.0,2.0,2.0,2.0,1.0
467,4,4,4,5,5,5,5,4,2,2,70.0,,,2.0,,,,3.0,4.0,2.0,6.0,,,,2.0,,2.0,,,,3.0,4.0,5.0,,,,,10.0,,2.0,4.0,,,,1.0,,5.0,,,,,,,,,,,1.0,1.0,1.0,1.0,1.0,1.0,6,3,4,3,2,5,6,6,3,2,60.0,55.0,55.0,65.0,70.0,65.0,75.0,60.0,40.0,45.0,2.0,1.0,1.0,2.0,1.0,1.0,2.0,1.0,2.0,2.0,1.0,1.0,1.0,1.0,1.0,2.0,1.0,1.0,1.0,1.0,2.0,2.0,2.0,2.0,1.0,1.0,2.0,1.0,1.0,1.0,2.0,2.0,1.0,1.0,2.0,1.0,2.0,1.0,1.0,1.0
1708,3,3,3,2,3,2,4,2,4,2,70.0,,2.0,,3.0,4.0,5.0,,,,6.0,,1.0,54.0,,1.0,,,,,3.0,4.0,5.0,,,,,18.0,1.0,,,,2.0,,1.0,,4.0,1.0,1.0,1.0,1.0,1.0,1.0,1.0,1.0,1.0,1.0,,,,,,,6,3,4,3,3,5,6,5,3,2,50.0,45.0,48.0,55.0,60.0,40.0,65.0,50.0,35.0,40.0,1.0,2.0,1.0,1.0,2.0,2.0,1.0,2.0,1.0,2.0,1.0,2.0,2.0,2.0,1.0,2.0,2.0,1.0,1.0,2.0,2.0,1.0,1.0,1.0,2.0,1.0,1.0,2.0,1.0,1.0,1.0,1.0,1.0,2.0,2.0,2.0,1.0,1.0,1.0,2.0
1281,4,4,4,5,5,5,5,5,1,2,70.0,,,2.0,3.0,4.0,5.0,,,,6.0,,,,2.0,1.0,,,,,,,,3.0,4.0,5.0,,15.0,1.0,,3.0,,,1.0,,5.0,,1.0,1.0,1.0,1.0,1.0,1.0,1.0,1.0,1.0,1.0,,,,,,,6,3,4,3,3,5,6,5,3,2,55.0,50.0,52.0,60.0,65.0,62.0,70.0,58.0,40.0,45.0,2.0,2.0,2.0,1.0,2.0,2.0,1.0,2.0,1.0,2.0,1.0,1.0,1.0,1.0,2.0,1.0,2.0,1.0,1.0,1.0,2.0,1.0,1.0,1.0,1.0,1.0,2.0,2.0,2.0,2.0,2.0,1.0,2.0,2.0,2.0,1.0,2.0,2.0,2.0,1.0
1114,4,4,4,4,4,4,4,4,2,2,,30.0,3.0,,,,,3.0,5.0,4.0,,6.0,1.0,54.0,,1.0,,2.0,4.0,5.0,,,,,,,,18.0,,2.0,,,3.0,,1.0,,4.0,,,,,,,,,,,1.0,1.0,1.0,1.0,1.0,1.0,6,3,4,4,3,5,6,6,3,2,55.0,50.0,52.0,60.0,65.0,58.0,70.0,60.0,40.0,38.0,2.0,2.0,2.0,1.0,2.0,2.0,1.0,2.0,1.0,2.0,2.0,1.0,2.0,2.0,2.0,1.0,2.0,2.0,1.0,1.0,1.0,1.0,1.0,2.0,2.0,2.0,2.0,1.0,2.0,1.0,2.0,2.0,1.0,2.0,2.0,2.0,1.0,1.0,1.0,2.0
1067,2,2,2,1,2,2,2,1,4,4,70.0,,,2.0,,,,3.0,5.0,4.0,5.0,,,,2.0,1.0,,1.0,2.0,3.0,,,,,,,20.0,,,2.0,,,1.0,1.0,,2.0,,1.0,1.0,1.0,1.0,1.0,1.0,1.0,1.0,1.0,1.0,,,,,,,6,3,4,4,2,5,6,6,3,2,40.0,35.0,35.0,30.0,35.0,35.0,35.0,30.0,45.0,45.0,1.0,2.0,1.0,1.0,1.0,2.0,2.0,2.0,2.0,2.0,2.0,2.0,1.0,2.0,1.0,1.0,1.0,1.0,2.0,2.0,2.0,1.0,2.0,2.0,2.0,1.0,1.0,1.0,1.0,2.0,2.0,1.0,2.0,2.0,2.0,2.0,2.0,2.0,2.0,1.0
733,4,4,4,4,4,4,4,4,2,2,70.0,,,2.0,3.0,4.0,5.0,,,,6.0,,1.0,54.0,,,2.0,,,,,,,3.0,4.0,5.0,12.0,,1.0,,,,3.0,1.0,,,4.0,,,,,,,,,,,1.0,1.0,1.0,1.0,1.0,1.0,6,3,4,4,2,5,6,6,3,2,60.0,55.0,60.0,65.0,65.0,60.0,70.0,60.0,40.0,40.0,2.0,1.0,1.0,2.0,2.0,2.0,2.0,1.0,2.0,1.0,1.0,2.0,1.0,1.0,1.0,1.0,2.0,1.0,2.0,2.0,1.0,2.0,2.0,2.0,1.0,2.0,2.0,1.0,1.0,1.0,1.0,1.0,1.0,1.0,2.0,1.0,1.0,1.0,1.0,1.0
640,3,3,3,3,3,3,4,3,4,3,,30.0,3.0,,3.0,4.0,5.0,,,,5.0,,,,2.0,1.0,,,,,,,,3.0,4.0,4.0,,5.0,,2.0,3.0,,,1.0,,,4.0,1.0,1.0,1.0,1.0,1.0,1.0,1.0,1.0,1.0,1.0,,,,,,,6,3,4,4,3,5,6,6,3,2,45.0,40.0,40.0,50.0,55.0,55.0,60.0,45.0,50.0,40.0,2.0,2.0,2.0,2.0,2.0,1.0,2.0,2.0,1.0,2.0,2.0,1.0,2.0,2.0,1.0,1.0,1.0,1.0,2.0,2.0,1.0,2.0,1.0,1.0,2.0,2.0,2.0,1.0,2.0,2.0,1.0,2.0,1.0,2.0,1.0,1.0,2.0,2.0,1.0,1.0
1333,5,5,5,5,5,5,5,5,1,2,,30.0,4.0,,3.0,4.0,6.0,,,,,,1.0,54.0,,1.0,,2.0,4.0,5.0,,,,,,,18.0,,1.0,,,,2.0,,1.0,5.0,,,,,,,,,,,,1.0,1.0,1.0,1.0,1.0,1.0,6,3,4,3,3,5,6,6,4,2,60.0,55.0,58.0,65.0,68.0,62.0,70.0,60.0,40.0,45.0,1.0,2.0,1.0,1.0,1.0,2.0,1.0,2.0,2.0,1.0,1.0,2.0,2.0,2.0,1.0,1.0,1.0,1.0,2.0,1.0,2.0,1.0,2.0,1.0,2.0,2.0,1.0,2.0,2.0,2.0,1.0,1.0,1.0,1.0,1.0,2.0,2.0,2.0,1.0,2.0
1240,4,4,4,5,5,5,5,4,2,2,,30.0,4.0,,,,,3.0,4.0,2.0,6.0,,,,2.0,1.0,,2.0,4.0,5.0,,,,,,,18.0,,1.0,,,,2.0,1.0,,5.0,,,,,,,,,,,,1.0,1.0,1.0,1.0,1.0,1.0,6,3,4,4,3,5,6,6,3,2,55.0,50.0,52.0,60.0,65.0,62.0,70.0,55.0,40.0,42.0,2.0,1.0,2.0,1.0,1.0,2.0,1.0,2.0,2.0,2.0,2.0,1.0,1.0,2.0,1.0,1.0,2.0,2.0,1.0,1.0,2.0,2.0,1.0,1.0,2.0,1.0,1.0,1.0,1.0,1.0,1.0,2.0,2.0,1.0,2.0,1.0,1.0,2.0,1.0,1.0
48,4,4,4,3,4,3,4,3,2,2,70.0,,,2.0,,,,3.0,5.0,2.0,,6.0,,,2.0,1.0,,,,,4.0,4.0,5.0,,,,,15.0,1.0,,,6.0,,,1.0,,4.0,,,,,,,,,,,1.0,1.0,1.0,1.0,1.0,1.0,6,3,4,4,3,5,6,6,3,2,55.0,50.0,52.0,60.0,62.0,58.0,65.0,54.0,45.0,40.0,2.0,1.0,1.0,1.0,1.0,2.0,1.0,2.0,2.0,2.0,1.0,2.0,2.0,2.0,2.0,2.0,2.0,2.0,2.0,2.0,1.0,1.0,2.0,2.0,2.0,2.0,2.0,2.0,1.0,2.0,1.0,2.0,2.0,2.0,2.0,1.0,1.0,2.0,1.0,1.0
2039,2,2,2,2,2,2,3,2,4,4,70.0,,2.0,,,,,3.0,4.0,3.0,6.0,,1.0,54.0,,1.0,,,,,,,,4.0,4.0,4.0,18.0,,,2.0,4.0,,,,1.0,3.0,,1.0,1.0,1.0,1.0,1.0,1.0,1.0,1.0,1.0,1.0,,,,,,,6,3,4,3,3,5,6,5,3,2,45.0,40.0,40.0,40.0,45.0,40.0,50.0,40.0,55.0,50.0,2.0,1.0,1.0,1.0,2.0,1.0,1.0,1.0,1.0,2.0,2.0,2.0,2.0,1.0,1.0,1.0,2.0,2.0,1.0,1.0,1.0,1.0,2.0,1.0,1.0,1.0,1.0,2.0,2.0,1.0,1.0,2.0,1.0,1.0,2.0,2.0,2.0,1.0,1.0,1.0
1824,3,3,3,2,3,2,4,2,4,3,,30.0,2.0,,,,,3.0,5.0,2.0,,5.0,,,2.0,,2.0,,,,3.0,4.0,5.0,,,,,15.0,,2.0,,6.0,,,1.0,,4.0,1.0,1.0,1.0,1.0,1.0,1.0,1.0,1.0,1.0,1.0,,,,,,,6,3,4,3,3,5,6,5,3,2,45.0,40.0,40.0,35.0,45.0,35.0,50.0,35.0,40.0,40.0,2.0,2.0,1.0,2.0,1.0,2.0,1.0,2.0,1.0,1.0,2.0,2.0,2.0,1.0,2.0,2.0,1.0,2.0,2.0,2.0,1.0,1.0,2.0,1.0,1.0,1.0,2.0,2.0,1.0,2.0,1.0,1.0,1.0,1.0,1.0,2.0,1.0,2.0,2.0,2.0
1957,3,4,4,4,4,4,5,4,2,2,70.0,,,2.0,,,,3.0,5.0,4.0,,5.0,1.0,38.0,,1.0,,1.0,4.0,4.0,,,,,,,18.0,,,2.0,4.0,,,,1.0,4.0,,,,,,,,,,,,1.0,1.0,1.0,1.0,1.0,1.0,6,3,4,3,3,5,6,6,3,2,48.0,52.0,50.0,60.0,62.0,58.0,65.0,55.0,40.0,38.0,2.0,1.0,1.0,1.0,2.0,2.0,2.0,1.0,2.0,1.0,2.0,2.0,2.0,2.0,1.0,1.0,2.0,2.0,2.0,2.0,1.0,2.0,1.0,1.0,2.0,1.0,1.0,1.0,1.0,1.0,1.0,1.0,1.0,2.0,1.0,1.0,2.0,1.0,2.0,2.0
1739,5,5,5,5,5,5,5,5,1,2,,30.0,,1.0,3.0,4.0,5.0,,,,,6.0,1.0,54.0,,,2.0,,,,,,,4.0,5.0,6.0,,20.0,,2.0,3.0,,,,1.0,,5.0,1.0,1.0,1.0,1.0,1.0,1.0,1.0,1.0,1.0,1.0,,,,,,,6,3,4,3,3,5,6,5,4,2,60.0,55.0,60.0,65.0,70.0,60.0,75.0,65.0,30.0,35.0,2.0,1.0,2.0,2.0,1.0,1.0,1.0,1.0,2.0,1.0,1.0,1.0,2.0,2.0,1.0,1.0,1.0,2.0,1.0,2.0,2.0,1.0,2.0,2.0,1.0,1.0,1.0,1.0,1.0,2.0,1.0,1.0,2.0,1.0,2.0,1.0,2.0,1.0,1.0,1.0
1125,5,5,5,5,5,5,5,5,1,2,70.0,,,2.0,3.0,4.0,6.0,,,,,6.0,,,2.0,1.0,,,,,,,,4.0,5.0,6.0,,18.0,1.0,,4.0,,,1.0,,5.0,,1.0,1.0,1.0,1.0,1.0,1.0,1.0,1.0,1.0,1.0,,,,,,,6,3,4,3,3,5,6,5,4,2,55.0,50.0,52.0,60.0,65.0,58.0,70.0,60.0,40.0,45.0,2.0,2.0,2.0,2.0,2.0,2.0,2.0,2.0,2.0,2.0,2.0,2.0,1.0,2.0,1.0,1.0,2.0,2.0,2.0,2.0,1.0,2.0,2.0,1.0,2.0,2.0,2.0,2.0,2.0,2.0,2.0,2.0,2.0,2.0,1.0,1.0,1.0,1.0,2.0,2.0
1056,5,5,5,5,5,5,5,5,1,2,70.0,,4.0,,3.0,4.0,6.0,,,,6.0,,,,2.0,1.0,,2.0,5.0,6.0,,,,,,,,5.0,1.0,,,,3.0,1.0,,5.0,,,,,,,,,,,,1.0,1.0,1.0,1.0,1.0,1.0,7,3,5,4,2,5,6,6,4,2,60.0,55.0,58.0,65.0,70.0,62.0,75.0,60.0,40.0,45.0,1.0,2.0,1.0,1.0,1.0,2.0,1.0,2.0,1.0,1.0,2.0,1.0,2.0,1.0,1.0,1.0,2.0,1.0,1.0,2.0,2.0,2.0,2.0,2.0,2.0,2.0,1.0,2.0,2.0,2.0,1.0,2.0,2.0,2.0,2.0,1.0,1.0,2.0,2.0,2.0
339,4,4,4,5,5,5,5,4,2,2,70.0,,4.0,,,,,3.0,5.0,2.0,,6.0,,,2.0,,2.0,,,,3.0,4.0,5.0,,,,,15.0,,2.0,,6.0,,1.0,,,5.0,,,,,,,,,,,1.0,1.0,1.0,1.0,1.0,1.0,6,4,5,4,3,5,6,5,3,2,55.0,50.0,52.0,60.0,65.0,62.0,70.0,58.0,40.0,42.0,2.0,1.0,1.0,2.0,1.0,1.0,1.0,1.0,1.0,1.0,2.0,1.0,2.0,1.0,2.0,2.0,2.0,1.0,2.0,2.0,1.0,2.0,2.0,2.0,1.0,2.0,1.0,1.0,2.0,1.0,2.0,1.0,2.0,2.0,2.0,2.0,1.0,2.0,1.0,1.0
525,3,3,3,2,3,2,4,2,4,2,,30.0,3.0,,,,,3.0,5.0,4.0,,5.0,1.0,54.0,,,2.0,2.0,4.0,5.0,,,,,,,,15.0,,2.0,,,3.0,,1.0,4.0,,1.0,1.0,1.0,1.0,1.0,1.0,1.0,1.0,1.0,1.0,,,,,,,6,3,4,4,3,5,6,5,3,2,45.0,40.0,40.0,50.0,55.0,55.0,60.0,45.0,35.0,40.0,1.0,2.0,1.0,1.0,1.0,1.0,1.0,2.0,1.0,1.0,2.0,2.0,2.0,2.0,2.0,2.0,2.0,1.0,2.0,1.0,1.0,2.0,2.0,2.0,1.0,1.0,2.0,1.0,2.0,2.0,2.0,1.0,1.0,2.0,2.0,2.0,1.0,1.0,2.0,1.0
456,4,4,4,4,4,4,4,4,2,2,,30.0,3.0,,3.0,4.0,5.0,,,,,6.0,1.0,54.0,,,2.0,2.0,4.0,5.0,,,,,,,15.0,,,2.0,,,2.0,,1.0,4.0,,,,,,,,,,,,1.0,1.0,1.0,1.0,1.0,1.0,6,3,4,4,2,5,6,6,3,2,55.0,50.0,52.0,60.0,62.0,58.0,65.0,54.0,40.0,38.0,2.0,2.0,1.0,2.0,2.0,1.0,1.0,1.0,1.0,1.0,2.0,1.0,1.0,1.0,2.0,1.0,1.0,2.0,2.0,1.0,2.0,2.0,2.0,1.0,2.0,1.0,1.0,2.0,1.0,2.0,2.0,1.0,1.0,2.0,1.0,1.0,2.0,1.0,1.0,1.0
89,4,4,4,5,5,5,5,4,1,2,70.0,,4.0,,,,,3.0,5.0,4.0,,6.0,,,2.0,,2.0,2.0,4.0,5.0,,,,,,,,18.0,,2.0,,6.0,,,1.0,,5.0,1.0,1.0,1.0,1.0,1.0,1.0,1.0,1.0,1.0,1.0,,,,,,,6,3,4,3,3,5,6,5,3,2,55.0,50.0,52.0,60.0,65.0,62.0,70.0,58.0,40.0,45.0,1.0,2.0,1.0,2.0,2.0,2.0,2.0,2.0,1.0,2.0,2.0,1.0,2.0,2.0,2.0,1.0,2.0,1.0,2.0,2.0,1.0,1.0,1.0,1.0,1.0,1.0,2.0,2.0,1.0,2.0,2.0,2.0,2.0,2.0,1.0,2.0,1.0,1.0,1.0,2.0
1996,4,4,4,4,4,4,5,4,2,2,70.0,,3.0,,,,,3.0,4.0,2.0,6.0,,1.0,54.0,,1.0,,,,,3.0,4.0,5.0,,,,18.0,,,2.0,4.0,,,1.0,,,4.0,1.0,1.0,1.0,1.0,1.0,1.0,1.0,1.0,1.0,1.0,,,,,,,6,3,4,4,3,5,6,6,3,2,55.0,50.0,52.0,60.0,65.0,58.0,70.0,60.0,40.0,38.0,1.0,2.0,1.0,2.0,2.0,1.0,1.0,1.0,1.0,2.0,2.0,1.0,1.0,2.0,1.0,1.0,2.0,1.0,1.0,2.0,1.0,2.0,2.0,1.0,1.0,1.0,2.0,1.0,1.0,1.0,1.0,1.0,1.0,1.0,1.0,2.0,2.0,2.0,2.0,2.0
1097,4,4,4,4,4,4,4,4,2,2,,30.0,,2.0,,,,3.0,5.0,4.0,,6.0,,,2.0,1.0,,,,,,,,3.0,4.0,5.0,,15.0,,2.0,,,2.0,1.0,,4.0,,,,,,,,,,,,1.0,1.0,1.0,1.0,1.0,1.0,6,3,4,3,3,5,6,5,3,2,55.0,50.0,52.0,60.0,62.0,58.0,65.0,54.0,40.0,42.0,2.0,2.0,2.0,1.0,1.0,1.0,1.0,2.0,2.0,1.0,1.0,2.0,1.0,2.0,2.0,2.0,1.0,1.0,1.0,2.0,1.0,2.0,1.0,2.0,2.0,2.0,2.0,2.0,1.0,2.0,2.0,2.0,1.0,1.0,1.0,1.0,2.0,1.0,2.0,2.0
1302,4,4,4,4,4,4,4,4,2,2,70.0,,,2.0,,,,3.0,4.0,2.0,,6.0,,,2.0,,2.0,,,,,,,2.0,4.0,5.0,20.0,,,2.0,3.0,,,1.0,,4.0,,,,,,,,,,,,1.0,1.0,1.0,1.0,1.0,1.0,6,3,4,4,2,5,6,6,3,2,55.0,50.0,52.0,60.0,62.0,58.0,65.0,54.0,40.0,38.0,2.0,2.0,2.0,1.0,2.0,1.0,1.0,2.0,2.0,1.0,2.0,1.0,2.0,2.0,1.0,1.0,2.0,2.0,2.0,2.0,2.0,1.0,2.0,2.0,1.0,2.0,2.0,2.0,1.0,1.0,2.0,1.0,1.0,1.0,2.0,2.0,1.0,2.0,2.0,1.0
1271,2,2,2,1,2,2,4,2,4,4,70.0,,2.0,,,,,3.0,5.0,2.0,,5.0,1.0,30.0,,1.0,,,,,4.0,4.0,5.0,,,,,20.0,,2.0,,6.0,,,1.0,4.0,,1.0,1.0,1.0,1.0,1.0,1.0,1.0,1.0,1.0,1.0,,,,,,,6,3,4,3,3,5,6,5,3,2,40.0,35.0,35.0,30.0,35.0,35.0,50.0,35.0,50.0,50.0,1.0,2.0,2.0,2.0,1.0,2.0,2.0,2.0,2.0,1.0,2.0,1.0,1.0,2.0,2.0,1.0,1.0,1.0,1.0,1.0,1.0,1.0,2.0,2.0,1.0,2.0,1.0,2.0,1.0,1.0,1.0,1.0,1.0,1.0,1.0,1.0,1.0,2.0,1.0,2.0
497,5,5,5,5,5,5,5,5,1,2,,30.0,4.0,,3.0,4.0,6.0,,,,,6.0,1.0,54.0,,,2.0,,,,4.0,5.0,6.0,,,,,18.0,1.0,,,,3.0,,1.0,,5.0,,,,,,,,,,,1.0,1.0,1.0,1.0,1.0,1.0,6,4,4,3,3,5,6,6,4,2,60.0,55.0,58.0,65.0,68.0,62.0,70.0,60.0,35.0,40.0,2.0,1.0,2.0,1.0,1.0,2.0,1.0,1.0,1.0,2.0,2.0,1.0,2.0,2.0,1.0,2.0,2.0,2.0,1.0,1.0,2.0,2.0,1.0,1.0,2.0,2.0,1.0,1.0,2.0,1.0,2.0,2.0,2.0,1.0,1.0,1.0,1.0,1.0,1.0,1.0
702,4,4,4,4,4,4,4,4,2,2,70.0,,3.0,,,,,3.0,4.0,2.0,,5.0,1.0,54.0,,,2.0,2.0,4.0,5.0,,,,,,,,15.0,1.0,,4.0,,,,1.0,,4.0,,,,,,,,,,,1.0,1.0,1.0,1.0,1.0,1.0,6,3,4,4,2,5,6,6,3,2,60.0,55.0,58.0,65.0,68.0,62.0,70.0,60.0,40.0,45.0,1.0,2.0,1.0,2.0,2.0,2.0,1.0,1.0,1.0,1.0,1.0,1.0,1.0,1.0,1.0,1.0,2.0,1.0,2.0,2.0,2.0,1.0,2.0,2.0,1.0,2.0,2.0,1.0,1.0,1.0,1.0,1.0,1.0,1.0,1.0,1.0,1.0,1.0,1.0,1.0
671,2,3,2,2,3,2,3,2,4,3,70.0,,2.0,,2.0,3.0,5.0,,,,,5.0,,,2.0,1.0,,,,,,,,3.0,4.0,4.0,,18.0,1.0,,,,2.0,1.0,,3.0,,,,,,,,,,,,1.0,1.0,1.0,1.0,1.0,1.0,6,3,4,4,3,5,6,5,3,2,40.0,35.0,38.0,45.0,50.0,35.0,55.0,40.0,60.0,42.0,2.0,1.0,1.0,2.0,2.0,1.0,1.0,2.0,2.0,1.0,1.0,1.0,1.0,1.0,1.0,1.0,1.0,1.0,1.0,2.0,2.0,1.0,2.0,2.0,1.0,2.0,1.0,1.0,1.0,2.0,1.0,2.0,1.0,2.0,2.0,2.0,1.0,2.0,2.0,2.0
919,2,2,2,2,2,2,4,2,4,4,70.0,,2.0,,2.0,3.0,5.0,,,,5.0,,,,2.0,1.0,,,,,,,,2.0,4.0,4.0,,5.0,1.0,,,,1.0,1.0,,,4.0,1.0,1.0,1.0,1.0,1.0,1.0,1.0,1.0,1.0,1.0,,,,,,,6,3,4,4,3,5,6,6,3,2,40.0,35.0,35.0,50.0,55.0,45.0,60.0,40.0,50.0,45.0,2.0,1.0,1.0,2.0,1.0,1.0,2.0,2.0,1.0,2.0,2.0,2.0,1.0,1.0,2.0,1.0,1.0,1.0,2.0,1.0,2.0,2.0,1.0,2.0,2.0,1.0,1.0,1.0,2.0,2.0,1.0,2.0,1.0,2.0,1.0,2.0,1.0,2.0,1.0,1.0
1890,2,3,2,2,3,2,4,2,4,3,,30.0,2.0,,3.0,4.0,5.0,,,,,5.0,,,2.0,1.0,,2.0,4.0,4.0,,,,,,,18.0,,1.0,,4.0,,,1.0,,,4.0,,,,,,,,,,,1.0,1.0,1.0,1.0,1.0,1.0,6,3,4,3,3,5,6,5,3,2,40.0,35.0,38.0,45.0,50.0,35.0,60.0,40.0,55.0,42.0,2.0,2.0,1.0,2.0,1.0,2.0,1.0,1.0,1.0,2.0,1.0,1.0,1.0,1.0,2.0,2.0,2.0,2.0,2.0,1.0,2.0,1.0,2.0,2.0,1.0,2.0,2.0,1.0,2.0,1.0,2.0,2.0,1.0,2.0,1.0,1.0,1.0,2.0,1.0,2.0
1377,4,4,4,5,5,4,5,4,2,2,70.0,,1.0,,,,,3.0,5.0,2.0,6.0,,,,2.0,,2.0,2.0,4.0,5.0,,,,,,,,16.0,,2.0,,,3.0,,1.0,,4.0,1.0,1.0,1.0,1.0,1.0,1.0,1.0,1.0,1.0,1.0,,,,,,,6,3,4,3,3,5,6,5,3,2,55.0,50.0,52.0,60.0,65.0,58.0,70.0,54.0,40.0,42.0,2.0,1.0,2.0,2.0,1.0,2.0,1.0,2.0,2.0,2.0,1.0,1.0,2.0,2.0,2.0,2.0,2.0,2.0,1.0,1.0,2.0,2.0,1.0,2.0,2.0,2.0,1.0,1.0,1.0,1.0,2.0,2.0,1.0,1.0,2.0,2.0,1.0,2.0,2.0,1.0
1204,5,5,5,5,5,5,5,5,1,2,,30.0,3.0,,3.0,4.0,6.0,,,,6.0,,1.0,54.0,,1.0,,,,,3.0,5.0,6.0,,,,,15.0,1.0,,4.0,,,1.0,,5.0,,,,,,,,,,,,1.0,1.0,1.0,1.0,1.0,1.0,6,3,4,3,2,5,6,5,3,2,55.0,50.0,52.0,60.0,65.0,58.0,70.0,60.0,40.0,35.0,1.0,2.0,2.0,1.0,2.0,1.0,2.0,1.0,2.0,2.0,1.0,2.0,1.0,1.0,1.0,1.0,2.0,2.0,2.0,1.0,1.0,2.0,1.0,2.0,1.0,1.0,2.0,1.0,2.0,1.0,1.0,1.0,1.0,2.0,2.0,1.0,1.0,2.0,2.0,1.0
1418,5,4,5,5,5,5,5,4,1,2,,30.0,,2.0,3.0,4.0,5.0,,,,,,1.0,54.0,,1.0,,,,,3.0,4.0,5.0,,,,,18.0,1.0,,,,2.0,1.0,,,5.0,1.0,1.0,1.0,1.0,1.0,1.0,1.0,1.0,1.0,1.0,,,,,,,6,3,4,4,3,5,6,6,3,2,60.0,55.0,58.0,65.0,68.0,62.0,70.0,60.0,40.0,45.0,1.0,1.0,1.0,2.0,2.0,2.0,2.0,1.0,1.0,2.0,1.0,2.0,1.0,2.0,2.0,1.0,2.0,2.0,2.0,2.0,1.0,1.0,1.0,2.0,1.0,2.0,2.0,1.0,1.0,2.0,2.0,2.0,2.0,1.0,2.0,1.0,2.0,1.0,1.0,1.0
1191,5,4,5,4,4,4,5,5,2,2,,30.0,,2.0,,,,3.0,5.0,2.0,,6.0,1.0,54.0,,1.0,,,,,3.0,4.0,5.0,,,,,18.0,,2.0,,,3.0,,1.0,,4.0,1.0,1.0,1.0,1.0,1.0,1.0,1.0,1.0,1.0,1.0,,,,,,,6,3,4,4,3,5,6,6,3,2,55.0,50.0,60.0,65.0,60.0,60.0,70.0,55.0,40.0,35.0,1.0,2.0,2.0,1.0,1.0,2.0,1.0,2.0,2.0,1.0,1.0,2.0,2.0,2.0,1.0,2.0,2.0,1.0,2.0,2.0,1.0,1.0,2.0,1.0,1.0,1.0,2.0,2.0,1.0,2.0,2.0,2.0,1.0,1.0,2.0,1.0,1.0,2.0,1.0,1.0
777,5,5,5,5,5,5,5,5,1,2,,30.0,4.0,,,,,3.0,5.0,2.0,6.0,,1.0,54.0,,1.0,,2.0,4.0,5.0,,,,,,,,18.0,1.0,,,,3.0,1.0,,,5.0,1.0,1.0,1.0,1.0,1.0,1.0,1.0,1.0,1.0,1.0,,,,,,,6,3,4,3,3,5,6,5,3,2,60.0,55.0,58.0,65.0,70.0,62.0,75.0,60.0,40.0,45.0,2.0,2.0,2.0,1.0,1.0,1.0,2.0,1.0,2.0,2.0,2.0,1.0,1.0,1.0,1.0,2.0,2.0,1.0,2.0,1.0,1.0,1.0,2.0,2.0,1.0,1.0,1.0,2.0,1.0,1.0,1.0,2.0,1.0,1.0,1.0,1.0,1.0,2.0,2.0,2.0
604,2,3,3,2,3,2,4,2,4,3,,30.0,2.0,,,,,3.0,4.0,3.0,5.0,,,,2.0,,2.0,2.0,4.0,5.0,,,,,,,,18.0,,2.0,5.0,,,,1.0,,4.0,1.0,1.0,1.0,1.0,1.0,1.0,1.0,1.0,1.0,1.0,,,,,,,6,3,4,4,3,5,6,5,3,2,45.0,40.0,40.0,35.0,45.0,35.0,55.0,40.0,50.0,40.0,1.0,2.0,1.0,1.0,2.0,1.0,1.0,1.0,1.0,2.0,2.0,1.0,2.0,2.0,1.0,2.0,2.0,2.0,2.0,1.0,2.0,2.0,1.0,1.0,2.0,1.0,2.0,2.0,1.0,1.0,2.0,1.0,2.0,2.0,1.0,1.0,1.0,2.0,1.0,2.0
591,4,4,4,4,4,4,5,4,2,2,70.0,,4.0,,,,,3.0,4.0,2.0,,6.0,1.0,54.0,,,2.0,,,,3.0,4.0,5.0,,,,18.0,,,2.0,4.0,,,,1.0,,4.0,,,,,,,,,,,1.0,1.0,1.0,1.0,1.0,1.0,6,3,4,4,2,5,6,6,3,2,55.0,50.0,52.0,60.0,65.0,58.0,70.0,54.0,40.0,42.0,2.0,1.0,1.0,2.0,2.0,2.0,1.0,1.0,1.0,2.0,1.0,1.0,2.0,1.0,1.0,1.0,1.0,1.0,2.0,1.0,1.0,1.0,2.0,2.0,2.0,2.0,2.0,1.0,1.0,1.0,1.0,1.0,1.0,1.0,1.0,1.0,2.0,2.0,1.0,2.0
9,4,4,4,4,4,4,5,4,2,2,,30.0,4.0,,3.0,4.0,5.0,,,,6.0,,1.0,54.0,,1.0,,,,,4.0,4.0,5.0,,,,,16.0,,2.0,4.0,,,,1.0,4.0,,1.0,1.0,1.0,1.0,1.0,1.0,1.0,1.0,1.0,1.0,,,,,,,6,3,4,4,3,5,6,6,3,2,60.0,55.0,58.0,65.0,68.0,62.0,70.0,60.0,40.0,42.0,2.0,2.0,2.0,2.0,2.0,1.0,1.0,1.0,1.0,1.0,1.0,1.0,2.0,1.0,2.0,1.0,1.0,1.0,1.0,2.0,2.0,1.0,2.0,2.0,1.0,1.0,2.0,1.0,1.0,1.0,1.0,2.0,2.0,1.0,2.0,1.0,1.0,1.0,1.0,1.0
1851,4,4,4,4,4,4,4,4,2,2,70.0,,,2.0,3.0,4.0,6.0,,,,6.0,,1.0,54.0,,1.0,,2.0,4.0,5.0,,,,,,,,18.0,,2.0,4.0,,,,1.0,,5.0,1.0,1.0,1.0,1.0,1.0,1.0,1.0,1.0,1.0,1.0,,,,,,,6,3,4,3,3,5,6,5,3,2,55.0,50.0,52.0,60.0,65.0,58.0,70.0,60.0,40.0,42.0,2.0,1.0,1.0,2.0,2.0,2.0,2.0,2.0,2.0,2.0,1.0,2.0,1.0,2.0,1.0,2.0,2.0,2.0,2.0,2.0,2.0,2.0,2.0,2.0,2.0,2.0,2.0,2.0,2.0,2.0,2.0,2.0,1.0,2.0,2.0,2.0,1.0,2.0,2.0,2.0
1922,3,3,3,3,4,4,4,3,2,2,70.0,,,3.0,,,,3.0,4.0,3.0,6.0,,,,2.0,1.0,,,,,3.0,4.0,4.0,,,,,15.0,,2.0,,,2.0,,1.0,,4.0,1.0,1.0,1.0,1.0,1.0,1.0,1.0,1.0,1.0,1.0,,,,,,,6,3,4,4,3,5,6,6,3,2,50.0,45.0,45.0,55.0,60.0,60.0,65.0,50.0,40.0,40.0,1.0,1.0,1.0,1.0,2.0,1.0,1.0,2.0,2.0,2.0,1.0,2.0,1.0,2.0,1.0,2.0,1.0,2.0,1.0,2.0,1.0,1.0,1.0,1.0,1.0,2.0,1.0,1.0,1.0,1.0,2.0,1.0,1.0,2.0,1.0,1.0,2.0,2.0,1.0,1.0
1150,4,4,4,4,4,4,4,4,2,2,,30.0,4.0,,,,,3.0,4.0,2.0,,5.0,,,2.0,,2.0,,,,3.0,4.0,4.0,,,,18.0,,1.0,,,,2.0,1.0,,,4.0,1.0,1.0,1.0,1.0,1.0,1.0,1.0,1.0,1.0,1.0,,,,,,,6,3,4,3,3,5,6,5,3,2,60.0,55.0,55.0,60.0,65.0,60.0,70.0,55.0,40.0,45.0,2.0,2.0,1.0,1.0,2.0,2.0,2.0,2.0,1.0,2.0,1.0,2.0,2.0,1.0,2.0,2.0,2.0,1.0,1.0,1.0,2.0,2.0,2.0,2.0,1.0,2.0,1.0,2.0,1.0,1.0,1.0,2.0,2.0,1.0,1.0,1.0,2.0,2.0,2.0,1.0
1023,4,4,4,4,4,4,4,4,2,2,,30.0,4.0,,3.0,4.0,5.0,,,,,6.0,,,2.0,,2.0,,,,,,,4.0,4.0,5.0,,15.0,,2.0,4.0,,,,1.0,4.0,,,,,,,,,,,,1.0,1.0,1.0,1.0,1.0,1.0,6,3,4,4,3,5,6,6,3,2,60.0,55.0,58.0,65.0,68.0,62.0,70.0,60.0,40.0,45.0,1.0,1.0,2.0,2.0,1.0,1.0,1.0,1.0,2.0,2.0,2.0,1.0,2.0,1.0,2.0,2.0,1.0,1.0,1.0,2.0,2.0,2.0,1.0,1.0,1.0,1.0,1.0,2.0,2.0,2.0,2.0,1.0,1.0,1.0,2.0,2.0,1.0,2.0,2.0,1.0
550,4,4,4,4,4,4,4,4,2,2,,30.0,3.0,,3.0,4.0,5.0,,,,6.0,,1.0,54.0,,1.0,,2.0,4.0,5.0,,,,,,,,18.0,1.0,,,6.0,,,1.0,5.0,,1.0,1.0,1.0,1.0,1.0,1.0,1.0,1.0,1.0,1.0,,,,,,,6,3,4,4,3,5,6,6,3,2,60.0,55.0,55.0,65.0,70.0,60.0,75.0,60.0,50.0,45.0,2.0,2.0,2.0,1.0,1.0,1.0,1.0,2.0,1.0,1.0,1.0,2.0,2.0,2.0,2.0,2.0,2.0,1.0,1.0,2.0,1.0,1.0,2.0,1.0,2.0,1.0,1.0,1.0,2.0,1.0,2.0,1.0,2.0,2.0,2.0,1.0,2.0,2.0,2.0,2.0
423,4,4,4,2,2,2,4,2,4,2,70.0,,3.0,,3.0,4.0,5.0,,,,6.0,,,,2.0,,2.0,2.0,4.0,5.0,,,,,,,16.0,,1.0,,,,2.0,,1.0,,4.0,,,,,,,,,,,1.0,1.0,1.0,1.0,1.0,1.0,6,3,5,4,2,5,6,5,3,2,55.0,50.0,52.0,48.0,50.0,45.0,60.0,40.0,50.0,42.0,1.0,1.0,2.0,1.0,1.0,2.0,2.0,1.0,1.0,2.0,1.0,2.0,1.0,2.0,1.0,1.0,2.0,1.0,2.0,2.0,1.0,2.0,1.0,1.0,2.0,1.0,1.0,2.0,2.0,1.0,2.0,1.0,1.0,2.0,1.0,1.0,1.0,2.0,1.0,1.0
1787,5,5,5,5,5,5,5,5,1,2,,30.0,5.0,,,,,3.0,5.0,2.0,,6.0,1.0,40.0,,1.0,,,,,,,,4.0,5.0,6.0,,20.0,,2.0,,5.0,,1.0,,,5.0,1.0,1.0,1.0,1.0,1.0,1.0,1.0,1.0,1.0,1.0,,,,,,,6,3,4,3,3,5,6,5,4,2,60.0,55.0,60.0,65.0,70.0,60.0,70.0,60.0,30.0,35.0,2.0,1.0,1.0,1.0,2.0,1.0,1.0,1.0,1.0,1.0,1.0,1.0,1.0,2.0,1.0,1.0,2.0,2.0,2.0,1.0,2.0,1.0,1.0,2.0,2.0,1.0,1.0,1.0,2.0,2.0,2.0,1.0,2.0,2.0,1.0,1.0,1.0,1.0,2.0,1.0
1561,5,5,5,5,5,5,5,5,1,2,,30.0,4.0,,3.0,4.0,6.0,,,,6.0,,,,2.0,,2.0,,,,,,,4.0,5.0,6.0,,18.0,1.0,,,,2.0,,1.0,,5.0,1.0,1.0,1.0,1.0,1.0,1.0,1.0,1.0,1.0,1.0,,,,,,,6,3,4,3,3,5,6,5,4,2,60.0,55.0,58.0,65.0,70.0,62.0,68.0,60.0,40.0,45.0,2.0,1.0,2.0,1.0,1.0,2.0,2.0,2.0,2.0,1.0,2.0,1.0,2.0,2.0,1.0,1.0,2.0,2.0,1.0,2.0,2.0,1.0,1.0,1.0,2.0,2.0,2.0,1.0,1.0,1.0,2.0,2.0,2.0,1.0,1.0,1.0,2.0,2.0,1.0,2.0
1412,5,5,5,5,5,5,5,5,1,2,70.0,,3.0,,3.0,4.0,5.0,,,,6.0,,,,2.0,1.0,,,,,4.0,5.0,6.0,,,,,20.0,,2.0,4.0,,,1.0,,5.0,,1.0,1.0,1.0,1.0,1.0,1.0,1.0,1.0,1.0,1.0,,,,,,,6,3,4,3,3,5,6,5,4,2,60.0,55.0,55.0,65.0,70.0,60.0,75.0,60.0,40.0,35.0,2.0,2.0,1.0,1.0,2.0,2.0,1.0,2.0,2.0,1.0,2.0,1.0,1.0,1.0,1.0,1.0,2.0,2.0,2.0,2.0,1.0,2.0,2.0,2.0,1.0,1.0,2.0,2.0,1.0,2.0,1.0,1.0,1.0,1.0,1.0,1.0,2.0,1.0,2.0,2.0
387,4,4,4,4,4,4,5,4,2,2,,30.0,,2.0,3.0,4.0,5.0,,,,,5.0,1.0,40.0,,,2.0,2.0,4.0,5.0,,,,,,,18.0,,,2.0,,6.0,,1.0,,,4.0,1.0,1.0,1.0,1.0,1.0,1.0,1.0,1.0,1.0,1.0,,,,,,,6,3,4,4,3,5,6,6,3,2,55.0,50.0,52.0,60.0,62.0,58.0,70.0,54.0,40.0,38.0,2.0,2.0,1.0,2.0,2.0,2.0,1.0,1.0,1.0,1.0,2.0,1.0,2.0,1.0,1.0,2.0,1.0,1.0,1.0,1.0,2.0,1.0,2.0,2.0,1.0,1.0,1.0,1.0,2.0,1.0,1.0,1.0,2.0,2.0,1.0,1.0,2.0,1.0,2.0,1.0
161,2,3,2,2,2,2,4,2,4,4,70.0,,,2.0,3.0,4.0,5.0,,,,,5.0,,,2.0,,2.0,2.0,4.0,5.0,,,,,,,,5.0,1.0,,3.0,,,1.0,,3.0,,,,,,,,,,,,1.0,1.0,1.0,1.0,1.0,1.0,6,3,4,4,2,5,6,6,3,2,45.0,40.0,40.0,35.0,40.0,35.0,60.0,40.0,55.0,55.0,2.0,1.0,2.0,2.0,2.0,2.0,2.0,2.0,2.0,2.0,2.0,2.0,1.0,2.0,1.0,1.0,2.0,2.0,2.0,1.0,1.0,1.0,1.0,1.0,1.0,1.0,1.0,1.0,1.0,1.0,1.0,1.0,2.0,2.0,1.0,1.0,2.0,1.0,2.0,2.0
860,5,5,5,5,5,5,5,5,1,2,70.0,,,2.0,,,,3.0,5.0,2.0,,6.0,1.0,54.0,,1.0,,,,,3.0,5.0,6.0,,,,,15.0,,2.0,,,3.0,,1.0,,5.0,1.0,1.0,1.0,1.0,1.0,1.0,1.0,1.0,1.0,1.0,,,,,,,6,3,4,3,3,5,6,5,4,2,60.0,55.0,58.0,65.0,70.0,62.0,75.0,60.0,40.0,45.0,2.0,1.0,2.0,1.0,2.0,2.0,1.0,2.0,2.0,2.0,2.0,2.0,2.0,1.0,2.0,1.0,2.0,2.0,2.0,1.0,2.0,2.0,2.0,1.0,2.0,1.0,1.0,1.0,1.0,2.0,1.0,1.0,2.0,2.0,1.0,1.0,2.0,1.0,1.0,2.0
913,5,5,5,5,5,5,5,5,1,2,70.0,,4.0,,,,,3.0,4.0,2.0,,6.0,,,2.0,1.0,,2.0,5.0,6.0,,,,,,,,18.0,1.0,,,7.0,,1.0,,5.0,,,,,,,,,,,,1.0,1.0,1.0,1.0,1.0,1.0,6,3,4,3,3,5,6,6,4,2,60.0,55.0,58.0,65.0,70.0,62.0,75.0,60.0,40.0,45.0,1.0,2.0,2.0,1.0,1.0,1.0,2.0,2.0,1.0,2.0,2.0,2.0,2.0,2.0,2.0,2.0,1.0,2.0,2.0,1.0,1.0,1.0,2.0,1.0,2.0,1.0,2.0,2.0,2.0,2.0,1.0,1.0,1.0,1.0,1.0,1.0,1.0,1.0,1.0,1.0
1029,4,4,4,5,5,5,5,4,1,2,70.0,,,2.0,,,,3.0,5.0,2.0,,6.0,,,2.0,1.0,,2.0,4.0,5.0,,,,,,,,18.0,,2.0,,,2.0,,1.0,5.0,,,,,,,,,,,,1.0,1.0,1.0,1.0,1.0,1.0,6,3,4,3,3,5,6,6,3,2,55.0,50.0,52.0,60.0,62.0,58.0,65.0,54.0,40.0,45.0,2.0,2.0,2.0,2.0,2.0,1.0,1.0,1.0,2.0,1.0,2.0,1.0,2.0,1.0,2.0,2.0,1.0,2.0,1.0,1.0,1.0,1.0,1.0,1.0,1.0,2.0,2.0,1.0,1.0,1.0,2.0,1.0,2.0,1.0,2.0,1.0,1.0,2.0,1.0,2.0
1746,5,5,5,5,5,5,5,5,1,1,70.0,,,1.0,,,,3.0,4.0,2.0,6.0,,,,2.0,1.0,,1.0,5.0,6.0,,,,,,,,20.0,1.0,,,,2.0,1.0,,5.0,,,,,,,,,,,,1.0,1.0,1.0,1.0,1.0,1.0,6,3,4,3,3,5,6,5,4,2,60.0,55.0,60.0,65.0,70.0,60.0,75.0,60.0,40.0,35.0,2.0,2.0,1.0,2.0,1.0,1.0,1.0,1.0,1.0,2.0,1.0,2.0,2.0,2.0,1.0,1.0,1.0,1.0,2.0,2.0,1.0,2.0,1.0,2.0,1.0,2.0,1.0,2.0,2.0,1.0,2.0,1.0,1.0,2.0,1.0,2.0,1.0,2.0,2.0,1.0
1635,2,2,2,2,2,2,2,2,4,4,,30.0,4.0,,2.0,4.0,5.0,,,,,,1.0,40.0,,,2.0,2.0,2.0,3.0,,,,,,,20.0,,2.0,,,,1.0,1.0,,3.0,,1.0,1.0,1.0,1.0,1.0,1.0,1.0,1.0,1.0,1.0,,,,,,,6,3,4,4,3,5,6,6,2,2,35.0,30.0,30.0,30.0,30.0,30.0,30.0,30.0,40.0,40.0,2.0,2.0,2.0,2.0,2.0,2.0,2.0,2.0,2.0,2.0,2.0,2.0,2.0,2.0,2.0,2.0,2.0,2.0,2.0,2.0,2.0,2.0,2.0,2.0,2.0,2.0,2.0,2.0,2.0,2.0,2.0,2.0,2.0,2.0,2.0,2.0,2.0,2.0,2.0,2.0
429,5,5,5,5,5,5,5,5,1,2,70.0,,4.0,,,,,3.0,5.0,2.0,6.0,,,,2.0,,2.0,2.0,5.0,6.0,,,,,,,18.0,,,2.0,5.0,,,1.0,,5.0,,,,,,,,,,,,1.0,1.0,1.0,1.0,1.0,1.0,6,3,4,3,3,5,6,6,4,2,60.0,55.0,58.0,65.0,70.0,62.0,75.0,60.0,40.0,45.0,1.0,1.0,2.0,2.0,1.0,2.0,1.0,1.0,2.0,1.0,2.0,1.0,2.0,1.0,1.0,1.0,2.0,1.0,1.0,2.0,2.0,2.0,1.0,1.0,1.0,1.0,2.0,2.0,1.0,2.0,1.0,1.0,1.0,1.0,2.0,2.0,2.0,2.0,1.0,2.0
346,4,4,4,3,4,3,4,4,2,2,,30.0,3.0,,2.0,3.0,6.0,,,,6.0,,1.0,54.0,,1.0,,1.0,4.0,5.0,,,,,,,20.0,,,2.0,3.0,,,,1.0,,4.0,,,,,,,,,,,1.0,1.0,1.0,1.0,1.0,1.0,6,3,4,4,3,5,6,6,3,2,55.0,50.0,52.0,60.0,58.0,54.0,62.0,48.0,40.0,42.0,2.0,2.0,2.0,2.0,2.0,2.0,2.0,2.0,2.0,2.0,2.0,2.0,2.0,2.0,2.0,2.0,2.0,2.0,2.0,2.0,2.0,1.0,2.0,2.0,1.0,2.0,2.0,1.0,2.0,2.0,2.0,2.0,2.0,2.0,2.0,2.0,2.0,2.0,2.0,2.0
235,4,4,4,4,4,4,4,4,2,2,70.0,,,2.0,,,,3.0,4.0,3.0,,6.0,,,2.0,1.0,,,,,,,,3.0,4.0,5.0,16.0,,,2.0,,6.0,,,1.0,,4.0,,,,,,,,,,,1.0,1.0,1.0,1.0,1.0,1.0,6,3,4,4,3,5,6,6,3,2,55.0,50.0,52.0,60.0,62.0,58.0,65.0,54.0,40.0,42.0,2.0,2.0,2.0,2.0,1.0,2.0,1.0,2.0,1.0,2.0,2.0,1.0,1.0,2.0,2.0,1.0,2.0,1.0,2.0,2.0,1.0,1.0,2.0,2.0,1.0,1.0,2.0,2.0,1.0,1.0,1.0,2.0,2.0,1.0,2.0,1.0,2.0,1.0,2.0,2.0
3,3,3,3,3,4,3,4,3,2,2,70.0,,,2.0,3.0,4.0,6.0,,,,,5.0,1.0,35.0,,1.0,,,,,3.0,4.0,4.0,,,,15.0,,1.0,,,6.0,,,1.0,,4.0,,,,,,,,,,,1.0,1.0,1.0,1.0,1.0,1.0,6,3,4,4,3,5,6,5,3,2,50.0,45.0,45.0,55.0,60.0,55.0,65.0,50.0,40.0,40.0,1.0,2.0,1.0,1.0,2.0,1.0,1.0,2.0,2.0,1.0,1.0,1.0,2.0,1.0,2.0,1.0,1.0,2.0,1.0,2.0,1.0,2.0,2.0,2.0,2.0,2.0,2.0,2.0,2.0,1.0,2.0,2.0,1.0,2.0,1.0,2.0,2.0,1.0,2.0,1.0
2046,5,5,5,5,5,5,5,5,1,2,,30.0,5.0,,3.0,4.0,6.0,,,,,6.0,1.0,40.0,,1.0,,3.0,5.0,6.0,,,,,,,18.0,,,2.0,4.0,,,,1.0,,5.0,,,,,,,,,,,1.0,1.0,1.0,1.0,1.0,1.0,6,3,4,3,3,5,6,6,3,2,55.0,50.0,52.0,60.0,65.0,58.0,70.0,60.0,40.0,35.0,1.0,2.0,1.0,1.0,1.0,2.0,2.0,2.0,2.0,2.0,1.0,2.0,1.0,1.0,2.0,2.0,2.0,2.0,2.0,1.0,1.0,1.0,1.0,1.0,1.0,2.0,2.0,2.0,1.0,2.0,2.0,2.0,2.0,2.0,2.0,2.0,1.0,2.0,1.0,1.0
37,5,5,5,5,5,5,5,5,1,2,,30.0,4.0,,,,,3.0,5.0,4.0,,6.0,1.0,54.0,,1.0,,2.0,4.0,5.0,,,,,,,20.0,,,2.0,,6.0,,1.0,,,5.0,1.0,1.0,1.0,1.0,1.0,1.0,1.0,1.0,1.0,1.0,,,,,,,6,3,4,4,3,5,6,6,3,2,55.0,50.0,52.0,60.0,65.0,58.0,70.0,54.0,40.0,45.0,2.0,2.0,2.0,2.0,2.0,2.0,2.0,2.0,2.0,2.0,2.0,1.0,2.0,2.0,2.0,2.0,2.0,2.0,1.0,2.0,2.0,1.0,2.0,2.0,2.0,2.0,1.0,1.0,2.0,2.0,2.0,2.0,1.0,1.0,2.0,2.0,2.0,1.0,1.0,1.0
1928,5,5,5,5,5,5,5,5,1,2,70.0,,,2.0,3.0,4.0,6.0,,,,,6.0,,,2.0,,2.0,,,,,,,3.0,5.0,6.0,18.0,,,2.0,4.0,,,,1.0,5.0,,1.0,1.0,1.0,1.0,1.0,1.0,1.0,1.0,1.0,1.0,,,,,,,6,3,4,4,2,5,6,6,4,2,60.0,55.0,60.0,65.0,70.0,60.0,75.0,60.0,40.0,45.0,1.0,2.0,1.0,2.0,1.0,2.0,2.0,1.0,2.0,2.0,2.0,2.0,1.0,2.0,1.0,2.0,1.0,2.0,2.0,2.0,1.0,1.0,1.0,1.0,1.0,2.0,2.0,2.0,2.0,2.0,2.0,1.0,2.0,1.0,2.0,1.0,2.0,2.0,2.0,2.0
1733,2,2,2,2,2,2,3,2,4,3,,30.0,,2.0,,,,3.0,4.0,3.0,6.0,,1.0,54.0,,,2.0,,,,,,,2.0,3.0,4.0,,18.0,,2.0,3.0,,,1.0,,,3.0,1.0,1.0,1.0,1.0,1.0,1.0,1.0,1.0,1.0,1.0,,,,,,,6,3,4,4,3,5,6,5,3,2,40.0,35.0,35.0,40.0,45.0,35.0,50.0,35.0,45.0,40.0,1.0,2.0,2.0,1.0,1.0,1.0,1.0,2.0,2.0,1.0,1.0,1.0,2.0,2.0,2.0,1.0,2.0,1.0,2.0,2.0,1.0,1.0,2.0,1.0,1.0,2.0,2.0,1.0,2.0,1.0,2.0,2.0,1.0,1.0,1.0,2.0,2.0,1.0,2.0,1.0
1640,5,5,5,5,5,5,5,5,1,1,,30.0,3.0,,,,,4.0,5.0,3.0,6.0,,1.0,54.0,,,2.0,,,,,,,4.0,5.0,6.0,,18.0,1.0,,,6.0,,1.0,,5.0,,1.0,1.0,1.0,1.0,1.0,1.0,1.0,1.0,1.0,1.0,,,,,,,6,3,4,3,3,5,6,5,3,2,60.0,55.0,58.0,65.0,70.0,62.0,75.0,60.0,40.0,35.0,1.0,2.0,1.0,2.0,1.0,1.0,1.0,1.0,1.0,2.0,2.0,2.0,1.0,2.0,1.0,2.0,1.0,2.0,1.0,2.0,1.0,2.0,2.0,1.0,1.0,2.0,2.0,1.0,1.0,2.0,1.0,2.0,2.0,2.0,1.0,2.0,2.0,2.0,1.0,2.0
333,4,4,4,4,4,4,4,3,2,2,70.0,,4.0,,,,,3.0,5.0,2.0,6.0,,,,2.0,,2.0,2.0,4.0,5.0,,,,,,,20.0,,,2.0,,,2.0,1.0,,,4.0,,,,,,,,,,,1.0,1.0,1.0,1.0,1.0,1.0,6,3,4,4,2,5,6,6,3,2,60.0,55.0,58.0,65.0,70.0,60.0,75.0,50.0,40.0,45.0,2.0,2.0,2.0,2.0,1.0,1.0,1.0,2.0,2.0,2.0,2.0,1.0,2.0,2.0,2.0,1.0,2.0,1.0,2.0,1.0,2.0,2.0,2.0,2.0,1.0,1.0,1.0,2.0,1.0,2.0,1.0,1.0,2.0,1.0,2.0,1.0,2.0,2.0,2.0,2.0
240,4,4,4,4,4,4,4,4,2,2,,30.0,4.0,,,,,3.0,5.0,2.0,,5.0,,,2.0,1.0,,,,,,,,4.0,4.0,4.0,,18.0,1.0,,,6.0,,1.0,,,4.0,1.0,1.0,1.0,1.0,1.0,1.0,1.0,1.0,1.0,1.0,,,,,,,6,3,4,4,3,5,6,6,3,2,60.0,55.0,58.0,65.0,68.0,62.0,70.0,60.0,40.0,45.0,2.0,2.0,1.0,2.0,1.0,1.0,1.0,2.0,2.0,2.0,1.0,2.0,2.0,2.0,1.0,2.0,1.0,1.0,1.0,1.0,1.0,1.0,1.0,1.0,2.0,1.0,1.0,2.0,2.0,1.0,1.0,1.0,1.0,1.0,2.0,1.0,1.0,2.0,2.0,1.0
42,4,4,4,4,4,4,5,4,2,2,,30.0,,2.0,,,,3.0,4.0,2.0,6.0,,1.0,54.0,,1.0,,2.0,4.0,5.0,,,,,,,16.0,,1.0,,4.0,,,,1.0,4.0,,,,,,,,,,,,1.0,1.0,1.0,1.0,1.0,1.0,6,3,4,3,3,5,6,5,3,2,55.0,50.0,52.0,60.0,65.0,62.0,70.0,58.0,40.0,38.0,1.0,1.0,1.0,1.0,2.0,1.0,1.0,2.0,1.0,2.0,2.0,1.0,2.0,1.0,2.0,1.0,2.0,2.0,2.0,1.0,1.0,1.0,1.0,1.0,1.0,2.0,2.0,2.0,1.0,2.0,2.0,2.0,2.0,2.0,2.0,2.0,2.0,1.0,1.0,2.0
2033,4,4,4,5,5,5,5,5,2,2,70.0,,4.0,,3.0,4.0,6.0,,,,,6.0,,,2.0,1.0,,,,,,,,3.0,4.0,5.0,16.0,,1.0,,,6.0,,1.0,,4.0,,,,,,,,,,,,1.0,1.0,1.0,1.0,1.0,1.0,6,3,4,3,2,5,6,5,3,2,60.0,55.0,58.0,65.0,70.0,68.0,75.0,62.0,40.0,38.0,2.0,2.0,2.0,1.0,1.0,1.0,2.0,1.0,2.0,1.0,2.0,2.0,2.0,2.0,1.0,2.0,2.0,2.0,2.0,1.0,1.0,1.0,1.0,1.0,1.0,1.0,1.0,1.0,1.0,1.0,2.0,1.0,1.0,1.0,1.0,1.0,2.0,1.0,2.0,1.0
1514,2,2,2,2,2,2,4,2,4,2,70.0,,,2.0,,,,3.0,4.0,3.0,6.0,,1.0,40.0,,1.0,,2.0,4.0,5.0,,,,,,,15.0,,1.0,,,,3.0,,1.0,,4.0,1.0,1.0,1.0,1.0,1.0,1.0,1.0,1.0,1.0,1.0,,,,,,,6,3,4,4,3,5,6,6,3,2,40.0,35.0,35.0,40.0,45.0,35.0,60.0,40.0,50.0,40.0,2.0,2.0,2.0,1.0,2.0,1.0,1.0,2.0,1.0,1.0,1.0,1.0,1.0,1.0,1.0,1.0,1.0,1.0,1.0,1.0,1.0,1.0,1.0,2.0,1.0,1.0,1.0,1.0,2.0,2.0,1.0,1.0,1.0,1.0,1.0,2.0,2.0,1.0,2.0,1.0
1467,3,3,3,3,4,3,4,3,3,3,,30.0,3.0,,3.0,4.0,5.0,,,,6.0,,,,2.0,,2.0,2.0,4.0,5.0,,,,,,,,5.0,,2.0,,,2.0,,1.0,,4.0,1.0,1.0,1.0,1.0,1.0,1.0,1.0,1.0,1.0,1.0,,,,,,,6,3,4,4,3,5,6,6,3,2,45.0,40.0,40.0,50.0,55.0,50.0,60.0,45.0,40.0,40.0,2.0,1.0,2.0,1.0,1.0,1.0,2.0,2.0,2.0,2.0,2.0,2.0,2.0,2.0,2.0,2.0,2.0,1.0,2.0,1.0,2.0,1.0,1.0,2.0,1.0,1.0,2.0,2.0,2.0,2.0,2.0,1.0,2.0,1.0,1.0,1.0,2.0,1.0,2.0,2.0
1308,4,4,4,4,4,4,5,5,2,2,70.0,,,2.0,,,,3.0,5.0,2.0,,6.0,,,2.0,,2.0,,,,,,,3.0,4.0,5.0,,15.0,,2.0,,,2.0,,1.0,,4.0,,,,,,,,,,,1.0,1.0,1.0,1.0,1.0,1.0,6,3,4,4,2,5,6,6,3,2,60.0,55.0,58.0,65.0,70.0,62.0,75.0,68.0,40.0,35.0,2.0,1.0,1.0,1.0,2.0,2.0,2.0,1.0,1.0,2.0,2.0,2.0,1.0,2.0,1.0,1.0,2.0,1.0,1.0,2.0,1.0,1.0,2.0,2.0,2.0,1.0,2.0,1.0,2.0,1.0,2.0,1.0,1.0,1.0,1.0,2.0,1.0,2.0,1.0,1.0
1681,4,4,4,4,4,4,4,4,2,2,,30.0,4.0,,,,,3.0,5.0,2.0,6.0,,1.0,40.0,,1.0,,,,,3.0,4.0,5.0,,,,,15.0,1.0,,,,2.0,,1.0,4.0,,1.0,1.0,1.0,1.0,1.0,1.0,1.0,1.0,1.0,1.0,,,,,,,6,3,4,4,2,5,6,6,3,2,55.0,50.0,50.0,60.0,65.0,55.0,70.0,60.0,40.0,35.0,1.0,2.0,1.0,1.0,2.0,2.0,1.0,1.0,2.0,2.0,1.0,1.0,1.0,2.0,1.0,2.0,1.0,1.0,2.0,1.0,2.0,1.0,1.0,1.0,2.0,2.0,1.0,2.0,2.0,1.0,1.0,2.0,1.0,2.0,2.0,1.0,2.0,1.0,1.0,1.0
114,5,5,5,5,5,5,5,5,1,2,,30.0,5.0,,3.0,4.0,6.0,,,,,6.0,1.0,54.0,,1.0,,2.0,4.0,5.0,,,,,,,,15.0,,2.0,,6.0,,,1.0,5.0,,,,,,,,,,,,1.0,1.0,1.0,1.0,1.0,1.0,6,3,5,4,3,5,6,5,3,2,60.0,55.0,50.0,65.0,70.0,60.0,75.0,55.0,40.0,35.0,1.0,2.0,1.0,1.0,2.0,2.0,1.0,1.0,2.0,1.0,2.0,1.0,2.0,2.0,1.0,1.0,2.0,2.0,1.0,2.0,2.0,1.0,2.0,2.0,1.0,1.0,2.0,2.0,1.0,1.0,2.0,2.0,1.0,2.0,2.0,1.0,1.0,2.0,1.0,1.0
708,2,2,2,2,2,2,4,2,4,4,70.0,,2.0,,,,,3.0,4.0,2.0,,5.0,1.0,54.0,,,2.0,1.0,2.0,4.0,,,,,,,20.0,,,2.0,,,2.0,,1.0,3.0,,1.0,1.0,1.0,1.0,1.0,1.0,1.0,1.0,1.0,1.0,,,,,,,6,3,4,3,3,5,6,5,3,2,40.0,35.0,35.0,40.0,45.0,35.0,60.0,40.0,50.0,50.0,1.0,1.0,2.0,2.0,1.0,1.0,1.0,2.0,1.0,2.0,1.0,1.0,2.0,1.0,1.0,1.0,1.0,2.0,2.0,2.0,1.0,1.0,1.0,1.0,2.0,1.0,2.0,2.0,2.0,1.0,2.0,1.0,2.0,1.0,1.0,2.0,2.0,1.0,1.0,1.0
281,3,3,3,3,4,4,4,3,2,2,,30.0,3.0,,,,,3.0,4.0,2.0,5.0,,1.0,30.0,,,2.0,,,,,,,3.0,4.0,4.0,15.0,,,2.0,3.0,,,1.0,,,4.0,,,,,,,,,,,1.0,1.0,1.0,1.0,1.0,1.0,6,3,4,3,3,5,6,5,3,2,40.0,40.0,40.0,50.0,55.0,55.0,60.0,45.0,35.0,35.0,2.0,1.0,1.0,1.0,2.0,2.0,1.0,1.0,1.0,2.0,1.0,1.0,1.0,2.0,2.0,2.0,1.0,1.0,1.0,2.0,2.0,1.0,2.0,1.0,2.0,2.0,1.0,2.0,1.0,2.0,1.0,2.0,1.0,2.0,1.0,2.0,1.0,1.0,2.0,1.0
815,4,4,4,5,5,5,5,4,1,2,70.0,,,2.0,3.0,4.0,5.0,,,,,6.0,,,2.0,,2.0,,,,,,,3.0,4.0,5.0,15.0,,,2.0,,6.0,,,1.0,5.0,,1.0,1.0,1.0,1.0,1.0,1.0,1.0,1.0,1.0,1.0,,,,,,,6,3,4,3,3,5,6,5,3,2,55.0,50.0,52.0,60.0,65.0,62.0,70.0,58.0,40.0,45.0,2.0,2.0,2.0,1.0,1.0,1.0,2.0,2.0,2.0,2.0,1.0,2.0,2.0,1.0,2.0,1.0,1.0,2.0,2.0,1.0,1.0,1.0,2.0,1.0,1.0,2.0,1.0,2.0,1.0,1.0,2.0,1.0,1.0,2.0,2.0,1.0,2.0,2.0,2.0,1.0
966,2,2,2,2,2,2,4,2,4,4,,30.0,,2.0,2.0,3.0,5.0,,,,,5.0,,,2.0,1.0,,,,,,,,3.0,4.0,5.0,18.0,,1.0,,4.0,,,1.0,,,4.0,1.0,1.0,1.0,1.0,1.0,1.0,1.0,1.0,1.0,1.0,,,,,,,6,3,4,4,3,5,6,5,3,2,40.0,35.0,35.0,40.0,45.0,35.0,60.0,40.0,55.0,50.0,2.0,2.0,1.0,2.0,2.0,2.0,1.0,1.0,1.0,1.0,2.0,1.0,1.0,1.0,1.0,1.0,2.0,1.0,2.0,1.0,2.0,1.0,2.0,2.0,1.0,1.0,1.0,1.0,1.0,2.0,1.0,2.0,2.0,1.0,1.0,1.0,1.0,2.0,1.0,1.0
83,3,3,3,2,3,2,4,2,4,3,,30.0,,2.0,2.0,3.0,5.0,,,,6.0,,,,2.0,,2.0,,,,,,,2.0,4.0,5.0,18.0,,1.0,,,6.0,,1.0,,4.0,,,,,,,,,,,,1.0,1.0,1.0,1.0,1.0,1.0,6,3,4,4,3,5,6,6,3,2,45.0,40.0,42.0,50.0,55.0,48.0,60.0,40.0,35.0,38.0,1.0,2.0,2.0,1.0,1.0,1.0,1.0,1.0,2.0,1.0,2.0,1.0,1.0,2.0,1.0,2.0,2.0,1.0,1.0,1.0,1.0,2.0,1.0,1.0,1.0,1.0,1.0,1.0,1.0,1.0,2.0,2.0,1.0,1.0,1.0,2.0,2.0,1.0,2.0,2.0
1173,4,4,4,4,4,4,4,4,2,2,70.0,,,2.0,,,,3.0,4.0,2.0,6.0,,,,2.0,1.0,,,,,,,,3.0,4.0,4.0,16.0,,,2.0,,6.0,,1.0,,4.0,,1.0,1.0,1.0,1.0,1.0,1.0,1.0,1.0,1.0,1.0,,,,,,,6,3,4,4,3,5,6,6,3,2,55.0,50.0,52.0,60.0,62.0,58.0,65.0,54.0,40.0,38.0,2.0,2.0,1.0,1.0,2.0,2.0,2.0,1.0,2.0,2.0,2.0,2.0,1.0,1.0,2.0,2.0,2.0,1.0,2.0,1.0,2.0,2.0,1.0,2.0,2.0,1.0,1.0,1.0,2.0,2.0,1.0,2.0,2.0,2.0,1.0,2.0,2.0,1.0,2.0,1.0
1000,3,3,3,4,4,4,3,3,2,2,,30.0,,2.0,,,,2.0,5.0,3.0,,5.0,1.0,54.0,,1.0,,,,,3.0,4.0,4.0,,,,,18.0,,2.0,4.0,,,,1.0,,4.0,,,,,,,,,,,1.0,1.0,1.0,1.0,1.0,1.0,6,4,4,3,2,5,6,5,3,2,45.0,40.0,40.0,55.0,60.0,55.0,60.0,50.0,35.0,35.0,2.0,2.0,2.0,2.0,2.0,1.0,1.0,1.0,2.0,1.0,2.0,2.0,1.0,1.0,1.0,2.0,1.0,1.0,2.0,2.0,2.0,1.0,2.0,2.0,1.0,2.0,2.0,1.0,1.0,2.0,2.0,1.0,1.0,2.0,1.0,1.0,1.0,2.0,1.0,1.0
1589,4,4,4,3,4,3,4,3,2,2,,30.0,3.0,,3.0,4.0,5.0,,,,6.0,,,,2.0,1.0,,2.0,4.0,4.0,,,,,,,18.0,,1.0,,4.0,,,1.0,,4.0,,,,,,,,,,,,1.0,1.0,1.0,1.0,1.0,1.0,6,3,4,4,3,5,6,6,3,2,55.0,50.0,52.0,60.0,62.0,58.0,65.0,54.0,40.0,42.0,2.0,1.0,2.0,1.0,2.0,2.0,2.0,2.0,2.0,2.0,2.0,1.0,1.0,2.0,2.0,2.0,2.0,2.0,2.0,2.0,2.0,2.0,2.0,2.0,2.0,2.0,2.0,1.0,1.0,2.0,1.0,1.0,1.0,2.0,2.0,2.0,2.0,2.0,2.0,2.0
1395,4,4,4,4,4,4,4,4,2,2,,30.0,3.0,,3.0,4.0,6.0,,,,5.0,,1.0,54.0,,,2.0,,,,3.0,4.0,5.0,,,,,18.0,,2.0,,,2.0,1.0,,,4.0,,,,,,,,,,,1.0,1.0,1.0,1.0,1.0,1.0,6,3,4,3,3,5,6,5,3,2,55.0,50.0,52.0,60.0,62.0,58.0,65.0,54.0,40.0,38.0,2.0,2.0,2.0,2.0,2.0,2.0,2.0,2.0,2.0,1.0,2.0,2.0,1.0,2.0,1.0,1.0,1.0,2.0,1.0,1.0,1.0,1.0,2.0,2.0,1.0,1.0,1.0,1.0,2.0,2.0,2.0,2.0,2.0,2.0,1.0,1.0,1.0,2.0,2.0,1.0
573,4,4,4,4,4,4,4,4,2,2,70.0,,3.0,,3.0,4.0,5.0,,,,,5.0,1.0,54.0,,,2.0,2.0,4.0,4.0,,,,,,,,20.0,,2.0,,,2.0,1.0,,,4.0,1.0,1.0,1.0,1.0,1.0,1.0,1.0,1.0,1.0,1.0,,,,,,,6,3,4,4,3,5,6,6,3,2,55.0,50.0,52.0,60.0,62.0,58.0,65.0,54.0,40.0,38.0,2.0,2.0,2.0,2.0,2.0,2.0,2.0,2.0,2.0,2.0,2.0,2.0,2.0,2.0,2.0,2.0,2.0,2.0,2.0,2.0,2.0,2.0,2.0,2.0,2.0,2.0,2.0,2.0,2.0,2.0,2.0,2.0,2.0,2.0,2.0,2.0,2.0,2.0,2.0,2.0
400,5,5,5,5,5,5,5,5,1,2,,30.0,,2.0,,,,3.0,5.0,4.0,6.0,,1.0,54.0,,,2.0,,,,3.0,5.0,6.0,,,,,18.0,,2.0,4.0,,,,1.0,5.0,,1.0,1.0,1.0,1.0,1.0,1.0,1.0,1.0,1.0,1.0,,,,,,,6,3,4,4,3,5,6,6,3,2,60.0,55.0,60.0,65.0,70.0,60.0,70.0,60.0,40.0,45.0,1.0,2.0,2.0,2.0,2.0,2.0,1.0,2.0,2.0,2.0,2.0,2.0,2.0,2.0,2.0,2.0,2.0,1.0,2.0,2.0,2.0,1.0,2.0,2.0,1.0,2.0,2.0,1.0,2.0,2.0,2.0,2.0,2.0,1.0,2.0,1.0,1.0,1.0,2.0,2.0
189,4,4,4,4,4,4,5,4,2,2,70.0,,,2.0,3.0,4.0,5.0,,,,6.0,,1.0,54.0,,1.0,,2.0,4.0,5.0,,,,,,,,18.0,,2.0,4.0,,,1.0,,,4.0,1.0,1.0,1.0,1.0,1.0,1.0,1.0,1.0,1.0,1.0,,,,,,,6,3,4,3,3,5,6,5,3,2,55.0,50.0,52.0,60.0,65.0,58.0,70.0,60.0,40.0,38.0,1.0,1.0,2.0,2.0,1.0,1.0,2.0,1.0,1.0,2.0,2.0,1.0,2.0,2.0,2.0,1.0,2.0,2.0,1.0,2.0,2.0,1.0,2.0,2.0,1.0,2.0,1.0,1.0,1.0,1.0,1.0,2.0,2.0,1.0,1.0,1.0,1.0,1.0,1.0,1.0
795,5,5,5,5,5,5,5,5,1,2,70.0,,,2.0,,,,3.0,5.0,2.0,6.0,,,,2.0,1.0,,2.0,4.0,5.0,,,,,,,18.0,,,2.0,,,2.0,,1.0,,5.0,,,,,,,,,,,1.0,1.0,1.0,1.0,1.0,1.0,6,3,4,3,3,5,6,5,3,2,60.0,55.0,58.0,65.0,68.0,62.0,70.0,60.0,35.0,40.0,2.0,2.0,1.0,2.0,1.0,1.0,2.0,1.0,1.0,1.0,2.0,1.0,2.0,2.0,1.0,2.0,1.0,2.0,2.0,1.0,1.0,2.0,1.0,1.0,1.0,2.0,1.0,1.0,2.0,2.0,1.0,2.0,1.0,2.0,2.0,1.0,2.0,2.0,1.0,1.0
888,5,5,5,5,5,5,5,5,1,2,70.0,,4.0,,3.0,4.0,6.0,,,,,6.0,,,2.0,1.0,,,,,3.0,5.0,6.0,,,,18.0,,,2.0,4.0,,,1.0,,5.0,,1.0,1.0,1.0,1.0,1.0,1.0,1.0,1.0,1.0,1.0,,,,,,,6,3,4,3,3,5,6,5,3,2,60.0,55.0,58.0,65.0,70.0,62.0,75.0,60.0,40.0,45.0,1.0,2.0,2.0,2.0,2.0,1.0,1.0,1.0,2.0,1.0,1.0,2.0,2.0,2.0,2.0,1.0,1.0,2.0,1.0,1.0,2.0,1.0,2.0,2.0,1.0,1.0,1.0,2.0,2.0,1.0,2.0,2.0,2.0,2.0,1.0,2.0,1.0,1.0,2.0,2.0
1872,4,4,4,4,4,4,4,4,2,2,,30.0,,1.0,3.0,4.0,6.0,,,,,6.0,,,2.0,,2.0,,,,,,,4.0,4.0,5.0,,18.0,,2.0,5.0,,,1.0,,,4.0,,,,,,,,,,,1.0,1.0,1.0,1.0,1.0,1.0,6,3,4,4,3,5,6,6,3,2,55.0,50.0,52.0,60.0,62.0,58.0,65.0,54.0,40.0,42.0,2.0,2.0,2.0,2.0,1.0,2.0,2.0,2.0,1.0,1.0,1.0,1.0,1.0,1.0,2.0,2.0,2.0,2.0,2.0,2.0,1.0,2.0,1.0,2.0,1.0,1.0,1.0,2.0,2.0,1.0,2.0,1.0,2.0,2.0,2.0,1.0,1.0,2.0,1.0,2.0
1901,1,2,1,1,2,2,4,1,4,4,70.0,,,1.0,,,,3.0,4.0,2.0,,5.0,,,2.0,1.0,,,,,,,,2.0,4.0,4.0,18.0,,1.0,,4.0,,,1.0,,4.0,,,,,,,,,,,,1.0,1.0,1.0,1.0,1.0,1.0,6,3,4,3,3,5,6,5,3,2,45.0,40.0,40.0,35.0,40.0,40.0,60.0,35.0,50.0,50.0,1.0,2.0,1.0,1.0,2.0,1.0,1.0,2.0,1.0,2.0,2.0,1.0,2.0,2.0,2.0,2.0,1.0,1.0,1.0,1.0,2.0,1.0,2.0,2.0,2.0,1.0,2.0,2.0,2.0,1.0,1.0,2.0,1.0,2.0,1.0,1.0,2.0,1.0,1.0,1.0
1354,2,3,2,2,3,2,4,2,4,2,,30.0,,2.0,2.0,3.0,5.0,,,,,5.0,,,2.0,1.0,,,,,,,,2.0,4.0,4.0,18.0,,1.0,,,,2.0,,1.0,4.0,,1.0,1.0,1.0,1.0,1.0,1.0,1.0,1.0,1.0,1.0,,,,,,,6,3,4,3,3,5,6,5,3,2,45.0,40.0,42.0,55.0,60.0,50.0,65.0,48.0,38.0,40.0,1.0,2.0,2.0,1.0,2.0,2.0,1.0,2.0,1.0,2.0,2.0,1.0,1.0,1.0,2.0,1.0,1.0,1.0,2.0,2.0,2.0,2.0,1.0,2.0,2.0,2.0,1.0,2.0,1.0,2.0,1.0,2.0,1.0,2.0,1.0,2.0,2.0,2.0,2.0,1.0
1227,2,2,2,1,2,2,4,2,4,4,70.0,,2.0,,,,,3.0,5.0,2.0,,5.0,,,2.0,,2.0,1.0,4.0,5.0,,,,,,,,20.0,,2.0,,,2.0,1.0,,4.0,,1.0,1.0,1.0,1.0,1.0,1.0,1.0,1.0,1.0,1.0,,,,,,,6,3,4,3,3,5,6,5,3,2,45.0,40.0,40.0,35.0,40.0,40.0,60.0,40.0,55.0,55.0,2.0,2.0,1.0,2.0,2.0,2.0,2.0,1.0,2.0,1.0,2.0,1.0,1.0,1.0,2.0,1.0,1.0,1.0,2.0,2.0,1.0,2.0,2.0,1.0,1.0,1.0,1.0,2.0,2.0,2.0,2.0,2.0,1.0,2.0,1.0,1.0,2.0,1.0,1.0,2.0
1548,4,5,5,5,5,5,5,5,1,2,,30.0,4.0,,3.0,4.0,6.0,,,,,6.0,,,2.0,1.0,,,,,,,,3.0,5.0,6.0,,18.0,,2.0,,6.0,,1.0,,,5.0,,,,,,,,,,,1.0,1.0,1.0,1.0,1.0,1.0,6,3,4,3,3,5,6,5,3,2,55.0,60.0,60.0,65.0,70.0,65.0,70.0,60.0,35.0,40.0,2.0,1.0,1.0,2.0,2.0,1.0,1.0,1.0,2.0,2.0,1.0,2.0,1.0,1.0,2.0,2.0,2.0,1.0,1.0,1.0,2.0,1.0,1.0,2.0,2.0,1.0,1.0,1.0,1.0,1.0,1.0,2.0,2.0,1.0,1.0,1.0,2.0,1.0,1.0,1.0
754,5,5,5,5,5,5,5,5,1,2,,30.0,3.0,,,,,3.0,5.0,2.0,6.0,,,,2.0,,2.0,,,,4.0,5.0,6.0,,,,20.0,,,2.0,4.0,,,,1.0,5.0,,1.0,1.0,1.0,1.0,1.0,1.0,1.0,1.0,1.0,1.0,,,,,,,6,3,4,3,3,5,6,5,4,2,60.0,55.0,58.0,65.0,70.0,60.0,75.0,60.0,35.0,40.0,2.0,1.0,1.0,2.0,1.0,1.0,1.0,1.0,1.0,2.0,1.0,2.0,1.0,1.0,2.0,1.0,2.0,2.0,1.0,2.0,1.0,1.0,1.0,2.0,1.0,2.0,1.0,2.0,1.0,1.0,2.0,1.0,1.0,1.0,2.0,1.0,1.0,1.0,1.0,2.0
627,1,1,1,1,1,1,2,1,5,4,,30.0,,1.0,2.0,3.0,5.0,,,,,5.0,,,2.0,,2.0,1.0,1.0,2.0,,,,,,,,0.0,,2.0,,,1.0,,1.0,,1.0,,,,,,,,,,,1.0,1.0,1.0,1.0,1.0,1.0,6,2,3,3,2,5,6,6,1,1,40.0,35.0,35.0,45.0,50.0,40.0,60.0,40.0,55.0,45.0,2.0,2.0,2.0,2.0,2.0,2.0,2.0,2.0,2.0,2.0,2.0,2.0,2.0,2.0,2.0,2.0,2.0,2.0,2.0,2.0,2.0,2.0,2.0,2.0,2.0,2.0,2.0,2.0,2.0,2.0,2.0,2.0,2.0,2.0,2.0,2.0,2.0,2.0,2.0,2.0
148,2,2,2,2,2,2,3,2,4,4,70.0,,2.0,,,,,3.0,4.0,2.0,,5.0,1.0,54.0,,,2.0,2.0,3.0,4.0,,,,,,,18.0,,1.0,,,6.0,,1.0,,4.0,,,,,,,,,,,,1.0,1.0,1.0,1.0,1.0,1.0,6,3,4,4,3,5,6,6,3,2,45.0,40.0,42.0,38.0,40.0,35.0,50.0,38.0,55.0,52.0,,,,,,,,,,,,,,,,,,,,,,,,,,,,,,,,,,,,,,,,
849,5,5,5,5,5,5,5,5,1,2,70.0,,4.0,,3.0,4.0,6.0,,,,6.0,,1.0,54.0,,1.0,,,,,3.0,5.0,6.0,,,,20.0,,,2.0,,,1.0,,1.0,,5.0,1.0,1.0,1.0,1.0,1.0,1.0,1.0,1.0,1.0,1.0,,,,,,,6,3,4,3,3,5,6,5,3,2,55.0,50.0,50.0,60.0,65.0,60.0,70.0,55.0,40.0,45.0,2.0,1.0,1.0,2.0,2.0,2.0,2.0,2.0,1.0,2.0,2.0,2.0,1.0,2.0,2.0,1.0,2.0,1.0,2.0,1.0,2.0,1.0,2.0,1.0,1.0,2.0,2.0,1.0,2.0,2.0,1.0,2.0,2.0,2.0,1.0,2.0,2.0,1.0,2.0,2.0
1321,2,2,2,2,2,2,4,2,4,4,70.0,,2.0,,2.0,3.0,5.0,,,,6.0,,1.0,40.0,,,2.0,,,,,,,2.0,4.0,5.0,18.0,,,2.0,,6.0,,1.0,,,4.0,,,,,,,,,,,1.0,1.0,1.0,1.0,1.0,1.0,6,3,4,3,3,5,6,5,3,2,45.0,40.0,40.0,40.0,45.0,40.0,60.0,40.0,55.0,55.0,2.0,2.0,1.0,1.0,2.0,1.0,1.0,1.0,1.0,2.0,1.0,1.0,2.0,1.0,2.0,2.0,1.0,2.0,2.0,2.0,1.0,2.0,2.0,2.0,2.0,2.0,1.0,1.0,2.0,1.0,2.0,2.0,1.0,1.0,1.0,2.0,1.0,1.0,1.0,2.0
1252,2,3,2,2,3,2,4,2,4,3,,30.0,2.0,,3.0,4.0,6.0,,,,6.0,,1.0,40.0,,,2.0,,,,3.0,4.0,5.0,,,,,15.0,1.0,,,6.0,,1.0,,4.0,,1.0,1.0,1.0,1.0,1.0,1.0,1.0,1.0,1.0,1.0,,,,,,,6,3,4,4,2,5,6,6,3,2,45.0,40.0,42.0,50.0,55.0,38.0,60.0,35.0,48.0,41.0,1.0,1.0,1.0,1.0,2.0,1.0,1.0,2.0,2.0,2.0,2.0,2.0,1.0,2.0,2.0,1.0,2.0,1.0,1.0,1.0,2.0,2.0,2.0,1.0,2.0,2.0,2.0,1.0,2.0,1.0,1.0,1.0,2.0,2.0,1.0,2.0,1.0,1.0,1.0,1.0
721,5,5,5,5,5,5,5,5,1,2,,30.0,,2.0,,,,3.0,5.0,2.0,,6.0,,,2.0,,2.0,,,,,,,3.0,5.0,6.0,,15.0,1.0,,4.0,,,1.0,,5.0,,,,,,,,,,,,1.0,1.0,1.0,1.0,1.0,1.0,6,3,4,4,2,5,6,6,4,2,60.0,55.0,55.0,65.0,70.0,60.0,75.0,60.0,35.0,40.0,2.0,2.0,2.0,2.0,2.0,2.0,2.0,2.0,2.0,1.0,1.0,2.0,2.0,2.0,1.0,2.0,2.0,2.0,2.0,1.0,2.0,2.0,2.0,2.0,2.0,1.0,2.0,2.0,2.0,1.0,2.0,2.0,2.0,2.0,2.0,2.0,1.0,1.0,2.0,2.0
652,4,4,4,5,5,5,5,4,1,2,70.0,,3.0,,3.0,4.0,6.0,,,,6.0,,1.0,54.0,,,2.0,,,,3.0,4.0,5.0,,,,,15.0,1.0,,,6.0,,,1.0,,5.0,1.0,1.0,1.0,1.0,1.0,1.0,1.0,1.0,1.0,1.0,,,,,,,6,3,4,3,3,5,6,5,3,2,55.0,50.0,52.0,60.0,65.0,62.0,70.0,58.0,40.0,45.0,2.0,1.0,2.0,1.0,2.0,1.0,1.0,1.0,2.0,1.0,1.0,2.0,1.0,1.0,2.0,2.0,2.0,2.0,2.0,1.0,1.0,2.0,2.0,2.0,2.0,1.0,1.0,1.0,1.0,1.0,1.0,2.0,2.0,2.0,2.0,2.0,1.0,2.0,2.0,2.0
1669,4,4,4,4,4,4,4,4,2,2,70.0,,,2.0,3.0,4.0,5.0,,,,5.0,,1.0,54.0,,,2.0,2.0,4.0,4.0,,,,,,,,15.0,1.0,,,,2.0,,1.0,4.0,,1.0,1.0,1.0,1.0,1.0,1.0,1.0,1.0,1.0,1.0,,,,,,,6,3,4,4,3,5,6,6,3,2,55.0,50.0,52.0,60.0,62.0,58.0,65.0,54.0,40.0,38.0,2.0,1.0,1.0,1.0,2.0,2.0,2.0,2.0,1.0,1.0,1.0,2.0,1.0,2.0,1.0,1.0,1.0,2.0,2.0,2.0,1.0,2.0,1.0,1.0,1.0,1.0,1.0,2.0,2.0,1.0,2.0,2.0,1.0,1.0,1.0,1.0,1.0,2.0,2.0,2.0
1293,4,4,4,4,4,4,5,4,2,2,,30.0,3.0,,,,,3.0,5.0,4.0,5.0,,1.0,54.0,,1.0,,2.0,4.0,5.0,,,,,,,16.0,,,2.0,4.0,,,,1.0,,4.0,,,,,,,,,,,1.0,1.0,1.0,1.0,1.0,1.0,6,3,4,4,3,5,6,6,3,2,55.0,50.0,52.0,60.0,62.0,58.0,65.0,54.0,40.0,42.0,2.0,1.0,1.0,1.0,1.0,1.0,1.0,2.0,1.0,1.0,1.0,1.0,1.0,1.0,2.0,1.0,2.0,1.0,1.0,1.0,1.0,1.0,1.0,1.0,1.0,1.0,2.0,1.0,2.0,2.0,1.0,2.0,1.0,2.0,1.0,2.0,2.0,2.0,2.0,2.0
1106,2,3,2,2,2,2,4,2,4,4,,30.0,2.0,,,,,3.0,5.0,2.0,,6.0,1.0,54.0,,1.0,,,,,,,,2.0,4.0,5.0,,15.0,1.0,,,,3.0,1.0,,,4.0,1.0,1.0,1.0,1.0,1.0,1.0,1.0,1.0,1.0,1.0,,,,,,,6,3,4,4,2,5,6,6,3,2,40.0,35.0,38.0,45.0,50.0,35.0,60.0,40.0,55.0,50.0,2.0,2.0,1.0,1.0,2.0,1.0,2.0,1.0,1.0,1.0,1.0,1.0,1.0,1.0,1.0,2.0,2.0,1.0,2.0,1.0,1.0,1.0,1.0,2.0,2.0,1.0,2.0,1.0,1.0,2.0,1.0,2.0,1.0,2.0,2.0,1.0,1.0,1.0,1.0,2.0
1075,4,4,4,4,4,4,5,4,2,2,70.0,,,2.0,,,,3.0,5.0,2.0,,6.0,1.0,54.0,,1.0,,,,,3.0,4.0,4.0,,,,18.0,,,2.0,,6.0,,,1.0,4.0,,,,,,,,,,,,1.0,1.0,1.0,1.0,1.0,1.0,6,3,4,3,3,5,6,5,3,2,55.0,50.0,52.0,60.0,65.0,58.0,70.0,60.0,40.0,38.0,2.0,1.0,1.0,1.0,1.0,2.0,1.0,1.0,2.0,2.0,1.0,2.0,2.0,1.0,1.0,1.0,1.0,2.0,2.0,1.0,1.0,1.0,2.0,2.0,1.0,2.0,1.0,2.0,1.0,1.0,1.0,1.0,1.0,2.0,2.0,2.0,2.0,1.0,2.0,1.0
269,4,4,4,4,4,4,4,4,2,2,70.0,,4.0,,3.0,4.0,6.0,,,,6.0,,1.0,40.0,,1.0,,2.0,4.0,5.0,,,,,,,,18.0,1.0,,,5.0,,1.0,,4.0,,,,,,,,,,,,1.0,1.0,1.0,1.0,1.0,1.0,6,3,4,3,2,5,6,5,3,2,55.0,50.0,52.0,60.0,62.0,58.0,65.0,54.0,40.0,42.0,2.0,2.0,2.0,2.0,1.0,2.0,1.0,2.0,1.0,2.0,2.0,1.0,1.0,2.0,1.0,2.0,1.0,2.0,1.0,2.0,1.0,2.0,2.0,2.0,2.0,2.0,1.0,1.0,1.0,1.0,2.0,1.0,2.0,2.0,1.0,1.0,1.0,1.0,2.0,1.0
693,5,4,5,5,5,5,5,4,1,2,70.0,,,2.0,3.0,4.0,5.0,,,,,,1.0,40.0,,1.0,,2.0,4.0,5.0,,,,,,,,15.0,1.0,,4.0,,,,1.0,5.0,,,,,,,,,,,,1.0,1.0,1.0,1.0,1.0,1.0,6,3,4,4,3,5,6,6,3,2,60.0,55.0,60.0,65.0,65.0,60.0,70.0,55.0,40.0,45.0,2.0,2.0,1.0,1.0,2.0,2.0,2.0,1.0,2.0,1.0,2.0,1.0,2.0,1.0,2.0,1.0,1.0,1.0,1.0,2.0,2.0,1.0,1.0,2.0,1.0,2.0,1.0,1.0,2.0,2.0,1.0,2.0,2.0,1.0,2.0,2.0,2.0,1.0,1.0,2.0
506,1,2,2,1,2,2,2,1,4,4,70.0,,,1.0,,,,3.0,4.0,2.0,,5.0,,,2.0,,2.0,,,,2.0,2.0,3.0,,,,,0.0,,2.0,,,1.0,1.0,,,2.0,,,,,,,,,,,1.0,1.0,1.0,1.0,1.0,1.0,6,3,3,2,2,5,6,6,2,1,35.0,30.0,30.0,25.0,30.0,30.0,30.0,25.0,40.0,40.0,2.0,2.0,2.0,2.0,2.0,2.0,2.0,2.0,2.0,2.0,2.0,2.0,2.0,2.0,2.0,2.0,2.0,2.0,2.0,2.0,2.0,2.0,2.0,2.0,2.0,2.0,2.0,2.0,2.0,2.0,2.0,2.0,2.0,2.0,2.0,2.0,2.0,2.0,2.0,2.0
475,4,4,4,4,4,4,4,4,2,2,,30.0,,1.0,,,,3.0,5.0,2.0,,5.0,,,2.0,,2.0,2.0,4.0,5.0,,,,,,,,18.0,1.0,,4.0,,,,1.0,,4.0,,,,,,,,,,,1.0,1.0,1.0,1.0,1.0,1.0,6,3,4,4,3,5,6,6,3,2,55.0,50.0,52.0,60.0,62.0,58.0,65.0,54.0,40.0,42.0,2.0,2.0,2.0,2.0,2.0,2.0,1.0,2.0,2.0,2.0,2.0,2.0,1.0,2.0,1.0,2.0,2.0,2.0,2.0,1.0,2.0,2.0,2.0,2.0,2.0,2.0,2.0,2.0,2.0,2.0,1.0,2.0,2.0,2.0,1.0,1.0,1.0,1.0,2.0,2.0
1807,4,4,4,4,4,4,4,4,2,2,70.0,,3.0,,3.0,4.0,5.0,,,,,6.0,,,2.0,,2.0,,,,4.0,4.0,4.0,,,,16.0,,1.0,,,,2.0,1.0,,,4.0,,,,,,,,,,,1.0,1.0,1.0,1.0,1.0,1.0,6,4,4,4,3,5,6,6,3,2,55.0,50.0,52.0,60.0,62.0,58.0,65.0,54.0,40.0,42.0,1.0,1.0,1.0,2.0,1.0,1.0,1.0,1.0,2.0,1.0,2.0,2.0,2.0,2.0,2.0,2.0,1.0,1.0,2.0,2.0,2.0,2.0,2.0,1.0,1.0,2.0,1.0,2.0,2.0,2.0,1.0,2.0,2.0,2.0,2.0,1.0,2.0,2.0,1.0,1.0
1974,4,4,4,4,4,4,5,4,2,2,70.0,,,2.0,3.0,4.0,5.0,,,,,6.0,1.0,54.0,,1.0,,,,,,,,3.0,4.0,5.0,,15.0,1.0,,,5.0,,,1.0,,4.0,,,,,,,,,,,1.0,1.0,1.0,1.0,1.0,1.0,6,3,4,3,3,5,6,5,3,2,55.0,50.0,52.0,60.0,65.0,62.0,70.0,58.0,40.0,38.0,2.0,2.0,1.0,2.0,1.0,1.0,1.0,2.0,2.0,2.0,2.0,2.0,2.0,1.0,1.0,1.0,2.0,1.0,1.0,2.0,1.0,2.0,2.0,1.0,2.0,1.0,1.0,2.0,2.0,1.0,2.0,2.0,1.0,1.0,1.0,2.0,1.0,2.0,1.0,1.0
836,5,5,5,5,5,5,5,5,1,1,,30.0,,2.0,3.0,4.0,6.0,,,,,,1.0,54.0,,,2.0,,,,,,,4.0,5.0,6.0,,18.0,1.0,,,,2.0,1.0,,,5.0,1.0,1.0,1.0,1.0,1.0,1.0,1.0,1.0,1.0,1.0,,,,,,,6,3,4,3,3,5,6,5,4,2,60.0,55.0,50.0,65.0,70.0,60.0,75.0,55.0,40.0,35.0,2.0,1.0,2.0,2.0,2.0,2.0,1.0,1.0,2.0,1.0,1.0,2.0,2.0,1.0,2.0,2.0,2.0,2.0,2.0,2.0,2.0,1.0,2.0,1.0,2.0,2.0,2.0,1.0,2.0,2.0,1.0,2.0,1.0,2.0,1.0,1.0,2.0,2.0,2.0,2.0
945,5,5,5,5,5,5,5,5,1,1,,30.0,,2.0,,,,3.0,4.0,2.0,,6.0,1.0,54.0,,1.0,,,,,3.0,5.0,6.0,,,,20.0,,1.0,,,9.0,,,1.0,,5.0,1.0,1.0,1.0,1.0,1.0,1.0,1.0,1.0,1.0,1.0,,,,,,,6,3,4,3,3,5,6,5,3,2,60.0,55.0,60.0,65.0,70.0,60.0,75.0,60.0,40.0,35.0,2.0,1.0,1.0,2.0,1.0,1.0,2.0,2.0,1.0,1.0,2.0,1.0,1.0,2.0,1.0,2.0,2.0,2.0,1.0,2.0,2.0,1.0,2.0,2.0,2.0,2.0,1.0,1.0,1.0,2.0,2.0,1.0,2.0,2.0,1.0,1.0,2.0,1.0,2.0,1.0
1537,5,5,5,5,5,5,5,5,1,1,,30.0,1.0,,3.0,4.0,6.0,,,,,6.0,1.0,54.0,,,2.0,,,,1.0,5.0,6.0,,,,20.0,,1.0,,,10.0,,1.0,,6.0,,1.0,1.0,1.0,1.0,1.0,1.0,1.0,1.0,1.0,1.0,,,,,,,6,3,4,3,3,5,6,5,3,2,60.0,55.0,58.0,65.0,70.0,62.0,75.0,60.0,40.0,35.0,2.0,2.0,2.0,2.0,2.0,2.0,2.0,2.0,2.0,2.0,2.0,2.0,2.0,1.0,1.0,2.0,2.0,2.0,2.0,1.0,2.0,2.0,2.0,2.0,2.0,2.0,1.0,1.0,2.0,1.0,1.0,2.0,2.0,2.0,1.0,2.0,1.0,1.0,2.0,2.0
1444,3,3,3,3,3,3,4,3,2,2,,30.0,,3.0,,,,3.0,4.0,3.0,5.0,,1.0,40.0,,1.0,,,,,3.0,4.0,5.0,,,,18.0,,,2.0,,,3.0,,1.0,4.0,,,,,,,,,,,,1.0,1.0,1.0,1.0,1.0,1.0,6,3,4,4,3,5,6,6,3,2,50.0,45.0,50.0,55.0,55.0,55.0,60.0,50.0,40.0,40.0,1.0,2.0,1.0,2.0,1.0,2.0,1.0,1.0,2.0,2.0,1.0,1.0,1.0,2.0,1.0,2.0,1.0,1.0,2.0,1.0,1.0,2.0,1.0,1.0,1.0,2.0,1.0,2.0,1.0,2.0,1.0,1.0,1.0,1.0,2.0,1.0,1.0,2.0,1.0,1.0
1258,2,3,2,2,3,2,3,2,4,3,,30.0,2.0,,3.0,4.0,5.0,,,,,5.0,1.0,54.0,,1.0,,,,,,,,3.0,4.0,4.0,18.0,,,2.0,,,2.0,1.0,,,4.0,1.0,1.0,1.0,1.0,1.0,1.0,1.0,1.0,1.0,1.0,,,,,,,6,3,4,3,3,5,6,5,3,2,45.0,40.0,42.0,50.0,55.0,48.0,60.0,44.0,38.0,41.0,1.0,2.0,1.0,2.0,2.0,1.0,1.0,2.0,1.0,2.0,2.0,2.0,1.0,2.0,2.0,1.0,2.0,2.0,1.0,1.0,1.0,1.0,2.0,2.0,1.0,1.0,2.0,1.0,2.0,1.0,2.0,2.0,1.0,2.0,1.0,2.0,2.0,1.0,2.0,1.0
137,5,5,5,5,5,5,5,5,1,2,70.0,,3.0,,3.0,4.0,6.0,,,,,6.0,1.0,54.0,,,2.0,2.0,4.0,5.0,,,,,,,18.0,,1.0,,,,2.0,,1.0,5.0,,1.0,1.0,1.0,1.0,1.0,1.0,1.0,1.0,1.0,1.0,,,,,,,6,3,4,3,2,5,6,5,3,2,60.0,55.0,58.0,65.0,68.0,62.0,70.0,60.0,35.0,40.0,1.0,2.0,2.0,2.0,2.0,1.0,2.0,2.0,1.0,2.0,2.0,2.0,1.0,2.0,2.0,2.0,1.0,2.0,2.0,1.0,2.0,2.0,2.0,1.0,2.0,1.0,2.0,2.0,1.0,2.0,1.0,1.0,1.0,2.0,2.0,2.0,2.0,2.0,1.0,2.0
658,3,4,4,4,4,4,4,4,2,2,,30.0,,2.0,3.0,4.0,5.0,,,,,6.0,,,2.0,1.0,,2.0,4.0,4.0,,,,,,,20.0,,2.0,,,,3.0,1.0,,4.0,,1.0,1.0,1.0,1.0,1.0,1.0,1.0,1.0,1.0,1.0,,,,,,,6,3,4,4,3,5,6,6,3,2,50.0,55.0,55.0,60.0,60.0,60.0,65.0,55.0,40.0,40.0,2.0,2.0,2.0,2.0,2.0,1.0,2.0,1.0,2.0,2.0,2.0,2.0,2.0,2.0,1.0,1.0,1.0,2.0,2.0,2.0,2.0,2.0,2.0,2.0,2.0,1.0,2.0,2.0,2.0,1.0,1.0,2.0,2.0,2.0,2.0,1.0,1.0,1.0,2.0,1.0
984,5,5,5,5,5,5,5,5,1,2,70.0,,4.0,,,,,4.0,5.0,2.0,,6.0,,,2.0,1.0,,,,,4.0,5.0,6.0,,,,,18.0,,2.0,4.0,,,,1.0,,5.0,1.0,1.0,1.0,1.0,1.0,1.0,1.0,1.0,1.0,1.0,,,,,,,6,3,4,3,3,5,6,6,3,2,60.0,55.0,58.0,65.0,70.0,62.0,75.0,60.0,40.0,35.0,2.0,2.0,1.0,2.0,2.0,1.0,1.0,1.0,2.0,2.0,2.0,2.0,2.0,2.0,1.0,1.0,1.0,1.0,2.0,1.0,1.0,2.0,2.0,2.0,2.0,1.0,2.0,2.0,1.0,1.0,1.0,2.0,2.0,2.0,1.0,2.0,2.0,2.0,2.0,2.0
61,2,3,2,2,3,2,4,2,4,3,,30.0,,2.0,,,,3.0,4.0,2.0,6.0,,1.0,54.0,,1.0,,,,,,,,2.0,4.0,5.0,,5.0,,2.0,,,3.0,1.0,,,4.0,1.0,1.0,1.0,1.0,1.0,1.0,1.0,1.0,1.0,1.0,,,,,,,6,3,4,3,2,5,6,5,3,2,45.0,40.0,42.0,50.0,55.0,48.0,60.0,44.0,38.0,41.0,1.0,2.0,2.0,2.0,2.0,1.0,2.0,2.0,2.0,1.0,1.0,2.0,1.0,1.0,1.0,1.0,2.0,2.0,1.0,2.0,2.0,1.0,1.0,1.0,2.0,1.0,1.0,1.0,2.0,1.0,2.0,1.0,2.0,1.0,1.0,2.0,2.0,1.0,1.0,1.0
2010,5,5,5,5,5,5,5,5,1,1,70.0,,,1.0,,,,3.0,5.0,2.0,,6.0,1.0,54.0,,,2.0,,,,3.0,5.0,6.0,,,,20.0,,1.0,,,9.0,,1.0,,5.0,,,,,,,,,,,,1.0,1.0,1.0,1.0,1.0,1.0,6,3,4,3,3,5,6,5,3,2,55.0,50.0,52.0,60.0,65.0,58.0,70.0,60.0,35.0,30.0,2.0,2.0,2.0,2.0,2.0,2.0,2.0,2.0,1.0,1.0,2.0,2.0,2.0,2.0,1.0,2.0,1.0,2.0,2.0,2.0,2.0,2.0,2.0,2.0,2.0,2.0,2.0,2.0,2.0,2.0,2.0,2.0,2.0,2.0,2.0,1.0,2.0,2.0,2.0,2.0
1710,2,3,2,2,3,2,3,2,4,4,70.0,,2.0,,,,,3.0,4.0,2.0,,5.0,,,2.0,1.0,,,,,,,,2.0,4.0,5.0,,5.0,1.0,,,6.0,,1.0,,4.0,,1.0,1.0,1.0,1.0,1.0,1.0,1.0,1.0,1.0,1.0,,,,,,,6,3,4,4,3,5,6,5,3,2,45.0,40.0,42.0,38.0,50.0,35.0,55.0,40.0,48.0,44.0,1.0,1.0,2.0,1.0,1.0,1.0,1.0,2.0,1.0,1.0,1.0,1.0,2.0,2.0,2.0,1.0,1.0,1.0,2.0,2.0,1.0,2.0,1.0,1.0,2.0,1.0,2.0,2.0,2.0,1.0,1.0,2.0,1.0,2.0,1.0,1.0,1.0,1.0,1.0,1.0
1299,4,4,4,5,5,5,5,4,1,2,70.0,,3.0,,3.0,4.0,6.0,,,,,,,,2.0,,2.0,,,,3.0,4.0,5.0,,,,18.0,,1.0,,4.0,,,,1.0,,5.0,1.0,1.0,1.0,1.0,1.0,1.0,1.0,1.0,1.0,1.0,,,,,,,6,3,4,3,3,5,6,5,3,2,55.0,50.0,52.0,60.0,65.0,62.0,70.0,58.0,40.0,45.0,,,,,,,,,,,,,,,,,,,,,,,,,,,,,,,,,,,,,,,,
1663,5,5,5,5,5,5,5,5,1,2,,30.0,,1.0,3.0,4.0,5.0,,,,,,1.0,40.0,,,2.0,2.0,4.0,5.0,,,,,,,,5.0,1.0,,4.0,,,1.0,,,5.0,,,,,,,,,,,1.0,1.0,1.0,1.0,1.0,1.0,6,3,4,4,3,5,6,6,3,2,60.0,55.0,60.0,65.0,70.0,60.0,70.0,60.0,40.0,45.0,1.0,1.0,2.0,2.0,1.0,1.0,1.0,2.0,2.0,2.0,1.0,1.0,2.0,1.0,1.0,1.0,1.0,1.0,2.0,2.0,1.0,1.0,2.0,1.0,1.0,2.0,1.0,2.0,1.0,1.0,1.0,2.0,2.0,1.0,1.0,1.0,1.0,1.0,1.0,2.0
1485,2,3,3,2,3,2,4,2,4,3,70.0,,,2.0,,,,3.0,4.0,2.0,,5.0,1.0,30.0,,,2.0,2.0,3.0,4.0,,,,,,,,15.0,1.0,,3.0,,,,1.0,,4.0,1.0,1.0,1.0,1.0,1.0,1.0,1.0,1.0,1.0,1.0,,,,,,,6,3,4,4,3,5,6,5,3,2,40.0,35.0,35.0,45.0,50.0,40.0,60.0,35.0,45.0,40.0,2.0,2.0,1.0,2.0,2.0,2.0,2.0,1.0,1.0,2.0,2.0,1.0,2.0,2.0,1.0,1.0,1.0,1.0,2.0,2.0,1.0,2.0,1.0,1.0,1.0,2.0,2.0,1.0,2.0,1.0,2.0,1.0,2.0,1.0,2.0,1.0,1.0,2.0,1.0,2.0
310,4,4,4,5,5,5,5,5,1,2,,30.0,3.0,,2.0,3.0,6.0,,,,6.0,,,,2.0,1.0,,,,,3.0,4.0,5.0,,,,,18.0,1.0,,,,3.0,1.0,,,5.0,1.0,1.0,1.0,1.0,1.0,1.0,1.0,1.0,1.0,1.0,,,,,,,6,3,4,3,3,5,6,5,3,2,55.0,50.0,52.0,60.0,65.0,62.0,70.0,58.0,40.0,45.0,2.0,2.0,1.0,2.0,1.0,1.0,2.0,1.0,2.0,2.0,1.0,1.0,1.0,2.0,1.0,1.0,1.0,2.0,2.0,2.0,2.0,1.0,2.0,1.0,1.0,1.0,1.0,2.0,2.0,1.0,2.0,2.0,1.0,1.0,1.0,2.0,1.0,1.0,1.0,2.0
699,5,5,5,5,5,5,5,5,1,2,,30.0,5.0,,,,,3.0,5.0,4.0,6.0,,,,2.0,,2.0,2.0,5.0,6.0,,,,,,,18.0,,1.0,,,,2.0,1.0,,,6.0,,,,,,,,,,,1.0,1.0,1.0,1.0,1.0,1.0,6,3,4,4,2,5,6,6,4,2,60.0,55.0,50.0,65.0,60.0,60.0,70.0,55.0,40.0,45.0,2.0,2.0,2.0,2.0,1.0,2.0,1.0,2.0,1.0,2.0,2.0,1.0,2.0,2.0,2.0,2.0,2.0,1.0,1.0,1.0,2.0,2.0,2.0,2.0,2.0,2.0,2.0,2.0,2.0,1.0,2.0,2.0,2.0,2.0,1.0,2.0,1.0,2.0,2.0,2.0
263,2,2,2,2,2,2,4,2,4,4,70.0,,2.0,,2.0,3.0,6.0,,,,,5.0,,,2.0,1.0,,,,,2.0,4.0,5.0,,,,20.0,,1.0,,,5.0,,,1.0,4.0,,1.0,1.0,1.0,1.0,1.0,1.0,1.0,1.0,1.0,1.0,,,,,,,6,3,4,4,3,5,6,6,3,2,40.0,35.0,35.0,40.0,45.0,35.0,50.0,35.0,45.0,45.0,1.0,2.0,1.0,1.0,1.0,1.0,1.0,1.0,1.0,2.0,2.0,1.0,1.0,2.0,1.0,1.0,1.0,1.0,2.0,2.0,1.0,2.0,2.0,2.0,1.0,1.0,2.0,1.0,1.0,1.0,1.0,2.0,2.0,1.0,2.0,2.0,2.0,2.0,2.0,2.0
882,4,4,4,5,5,5,5,5,1,2,70.0,,,2.0,3.0,4.0,5.0,,,,,,1.0,54.0,,,2.0,4.0,4.0,5.0,,,,,,,,18.0,,2.0,,,2.0,,1.0,4.0,,1.0,1.0,1.0,1.0,1.0,1.0,1.0,1.0,1.0,1.0,,,,,,,6,3,4,4,3,5,6,6,3,2,60.0,55.0,58.0,65.0,68.0,62.0,70.0,60.0,40.0,45.0,2.0,2.0,1.0,2.0,1.0,1.0,1.0,1.0,1.0,2.0,2.0,1.0,1.0,2.0,2.0,2.0,1.0,1.0,1.0,1.0,1.0,2.0,1.0,1.0,1.0,2.0,1.0,1.0,2.0,2.0,2.0,1.0,1.0,1.0,1.0,1.0,1.0,2.0,1.0,2.0
14,5,5,5,5,5,5,5,5,1,2,70.0,,3.0,,,,,3.0,5.0,2.0,,6.0,,,2.0,1.0,,2.0,4.0,5.0,,,,,,,20.0,,,2.0,4.0,,,1.0,,,5.0,1.0,1.0,1.0,1.0,1.0,1.0,1.0,1.0,1.0,1.0,,,,,,,6,3,4,3,3,5,6,5,3,2,55.0,50.0,50.0,60.0,65.0,60.0,70.0,55.0,35.0,40.0,2.0,2.0,2.0,2.0,2.0,1.0,1.0,2.0,1.0,1.0,2.0,2.0,1.0,2.0,2.0,1.0,1.0,1.0,2.0,1.0,1.0,2.0,2.0,2.0,2.0,2.0,1.0,2.0,2.0,2.0,2.0,1.0,2.0,2.0,1.0,2.0,2.0,1.0,2.0,1.0
1878,2,3,2,2,3,2,4,2,4,3,,30.0,,2.0,,,,3.0,5.0,4.0,6.0,,,,2.0,,2.0,,,,2.0,4.0,4.0,,,,,5.0,1.0,,,5.0,,,1.0,,4.0,,,,,,,,,,,1.0,1.0,1.0,1.0,1.0,1.0,6,3,4,4,3,5,6,6,3,2,40.0,35.0,38.0,45.0,50.0,35.0,60.0,40.0,55.0,45.0,1.0,2.0,1.0,2.0,1.0,1.0,1.0,2.0,1.0,2.0,1.0,1.0,1.0,2.0,1.0,2.0,1.0,2.0,1.0,2.0,1.0,1.0,1.0,2.0,1.0,1.0,2.0,1.0,1.0,1.0,2.0,2.0,1.0,1.0,1.0,2.0,2.0,1.0,1.0,2.0
1583,4,4,4,4,4,4,4,4,2,2,,30.0,,2.0,,,,3.0,4.0,3.0,,6.0,1.0,40.0,,,2.0,3.0,4.0,5.0,,,,,,,18.0,,,2.0,,6.0,,,1.0,4.0,,,,,,,,,,,,1.0,1.0,1.0,1.0,1.0,1.0,6,3,4,4,3,5,6,5,3,2,55.0,50.0,52.0,60.0,65.0,58.0,70.0,60.0,40.0,35.0,1.0,1.0,2.0,1.0,1.0,2.0,2.0,2.0,1.0,1.0,1.0,2.0,2.0,2.0,1.0,2.0,2.0,1.0,2.0,2.0,1.0,2.0,1.0,2.0,2.0,2.0,2.0,1.0,2.0,2.0,1.0,2.0,2.0,1.0,2.0,1.0,1.0,2.0,1.0,2.0
1179,5,5,5,5,5,5,5,5,1,2,70.0,,,1.0,,,,3.0,5.0,2.0,6.0,,1.0,54.0,,1.0,,,,,3.0,5.0,6.0,,,,,0.0,,2.0,,,1.0,,1.0,,5.0,,,,,,,,,,,1.0,1.0,1.0,1.0,1.0,1.0,6,3,4,3,3,5,6,5,4,2,60.0,55.0,60.0,65.0,70.0,60.0,75.0,60.0,40.0,35.0,2.0,2.0,2.0,2.0,2.0,2.0,2.0,2.0,2.0,2.0,2.0,2.0,2.0,2.0,2.0,2.0,2.0,2.0,2.0,2.0,2.0,2.0,2.0,2.0,2.0,2.0,2.0,2.0,2.0,2.0,2.0,2.0,2.0,2.0,2.0,2.0,2.0,2.0,2.0,2.0
1765,4,4,4,4,4,4,4,4,2,2,70.0,,3.0,,3.0,4.0,5.0,,,,6.0,,,,2.0,1.0,,2.0,4.0,4.0,,,,,,,18.0,,,2.0,4.0,,,,1.0,,4.0,,,,,,,,,,,1.0,1.0,1.0,1.0,1.0,1.0,6,3,4,4,3,5,6,6,3,2,55.0,50.0,52.0,60.0,65.0,58.0,70.0,60.0,40.0,35.0,1.0,2.0,2.0,2.0,2.0,1.0,2.0,1.0,1.0,1.0,2.0,1.0,2.0,2.0,2.0,2.0,1.0,1.0,2.0,2.0,1.0,1.0,2.0,2.0,2.0,1.0,1.0,2.0,2.0,1.0,1.0,2.0,1.0,2.0,2.0,1.0,1.0,2.0,2.0,2.0
1616,2,2,2,1,2,1,2,1,4,4,70.0,,,1.0,2.0,3.0,6.0,,,,,5.0,,,2.0,1.0,,,,,2.0,2.0,2.0,,,,20.0,,,2.0,3.0,,,1.0,,,3.0,,,,,,,,,,,1.0,1.0,1.0,1.0,1.0,1.0,6,3,4,3,3,5,6,5,2,2,40.0,35.0,35.0,30.0,35.0,30.0,35.0,30.0,40.0,40.0,2.0,2.0,2.0,2.0,2.0,2.0,1.0,1.0,1.0,1.0,1.0,1.0,2.0,2.0,2.0,1.0,1.0,1.0,1.0,1.0,1.0,1.0,1.0,2.0,2.0,1.0,2.0,2.0,1.0,2.0,2.0,2.0,2.0,1.0,1.0,1.0,1.0,2.0,2.0,1.0
183,3,3,3,2,3,2,4,2,4,3,,30.0,,2.0,,,,3.0,5.0,2.0,,6.0,1.0,54.0,,,2.0,,,,3.0,4.0,4.0,,,,,5.0,,2.0,,6.0,,,1.0,,4.0,,,,,,,,,,,1.0,1.0,1.0,1.0,1.0,1.0,6,3,4,4,3,5,6,6,3,2,45.0,40.0,40.0,35.0,45.0,35.0,55.0,40.0,50.0,40.0,2.0,2.0,2.0,1.0,2.0,2.0,2.0,1.0,1.0,2.0,1.0,2.0,2.0,2.0,2.0,2.0,2.0,2.0,2.0,1.0,2.0,1.0,2.0,2.0,2.0,1.0,2.0,2.0,2.0,1.0,1.0,1.0,2.0,1.0,1.0,2.0,2.0,1.0,1.0,1.0
579,5,5,5,5,5,5,5,5,1,2,,30.0,4.0,,,,,3.0,5.0,4.0,,6.0,,,2.0,,2.0,2.0,4.0,5.0,,,,,,,,15.0,1.0,,,,3.0,,1.0,,5.0,,,,,,,,,,,1.0,1.0,1.0,1.0,1.0,1.0,6,3,4,3,3,5,6,5,4,2,60.0,55.0,50.0,65.0,70.0,60.0,75.0,55.0,40.0,45.0,2.0,1.0,2.0,2.0,1.0,2.0,1.0,2.0,2.0,2.0,2.0,2.0,1.0,2.0,1.0,2.0,1.0,1.0,1.0,1.0,1.0,2.0,1.0,2.0,1.0,1.0,2.0,2.0,1.0,1.0,2.0,1.0,1.0,1.0,2.0,2.0,2.0,2.0,2.0,1.0
365,4,4,4,2,3,2,5,2,4,2,,30.0,3.0,,3.0,4.0,5.0,,,,,6.0,,,2.0,1.0,,,,,,,,4.0,4.0,5.0,16.0,,,2.0,5.0,,,1.0,,4.0,,,,,,,,,,,,1.0,1.0,1.0,1.0,1.0,1.0,6,3,4,3,3,5,6,5,3,2,55.0,50.0,52.0,48.0,54.0,45.0,60.0,44.0,40.0,42.0,1.0,1.0,1.0,2.0,1.0,1.0,1.0,1.0,2.0,1.0,1.0,2.0,1.0,2.0,2.0,1.0,1.0,2.0,2.0,1.0,2.0,2.0,1.0,2.0,1.0,1.0,1.0,1.0,1.0,1.0,1.0,1.0,1.0,1.0,1.0,1.0,2.0,2.0,1.0,1.0
216,2,2,2,2,2,2,4,2,4,4,70.0,,,2.0,,,,3.0,5.0,4.0,6.0,,,,2.0,,2.0,,,,3.0,4.0,4.0,,,,18.0,,,2.0,3.0,,,1.0,,,4.0,1.0,1.0,1.0,1.0,1.0,1.0,1.0,1.0,1.0,1.0,,,,,,,6,3,4,3,3,5,6,5,3,2,55.0,50.0,52.0,60.0,62.0,58.0,65.0,54.0,48.0,50.0,1.0,2.0,1.0,2.0,2.0,1.0,2.0,2.0,2.0,1.0,1.0,1.0,1.0,2.0,2.0,1.0,2.0,1.0,1.0,2.0,1.0,2.0,2.0,2.0,1.0,2.0,1.0,1.0,1.0,2.0,1.0,2.0,2.0,2.0,1.0,2.0,2.0,2.0,1.0,1.0
843,5,5,5,5,5,5,5,5,1,2,70.0,,,2.0,3.0,4.0,6.0,,,,,,1.0,54.0,,,2.0,2.0,4.0,5.0,,,,,,,,18.0,,2.0,4.0,,,,1.0,5.0,,1.0,1.0,1.0,1.0,1.0,1.0,1.0,1.0,1.0,1.0,,,,,,,6,3,4,3,3,5,6,5,3,2,60.0,55.0,60.0,65.0,70.0,65.0,75.0,60.0,40.0,35.0,1.0,2.0,2.0,1.0,2.0,1.0,2.0,2.0,1.0,2.0,2.0,1.0,2.0,2.0,2.0,1.0,1.0,2.0,1.0,2.0,1.0,2.0,1.0,1.0,1.0,2.0,1.0,1.0,2.0,2.0,1.0,2.0,2.0,2.0,2.0,1.0,2.0,1.0,2.0,1.0
930,4,4,4,4,4,4,5,4,2,2,,30.0,3.0,,,,,3.0,4.0,3.0,,6.0,1.0,54.0,,,2.0,,,,3.0,4.0,5.0,,,,,15.0,1.0,,,,2.0,,1.0,4.0,,,,,,,,,,,,1.0,1.0,1.0,1.0,1.0,1.0,6,3,5,4,3,5,6,5,3,2,55.0,50.0,52.0,60.0,65.0,58.0,70.0,60.0,40.0,38.0,1.0,1.0,1.0,1.0,1.0,1.0,1.0,1.0,1.0,2.0,2.0,1.0,1.0,1.0,1.0,1.0,1.0,1.0,1.0,1.0,2.0,1.0,1.0,2.0,1.0,1.0,1.0,1.0,1.0,1.0,1.0,1.0,1.0,1.0,1.0,1.0,1.0,2.0,1.0,2.0
1542,2,2,2,2,2,2,3,2,4,4,,30.0,2.0,,3.0,4.0,5.0,,,,,5.0,,,2.0,1.0,,,,,,,,2.0,4.0,4.0,2.0,,,2.0,,6.0,,,1.0,,4.0,,,,,,,,,,,1.0,1.0,1.0,1.0,1.0,1.0,6,3,4,3,2,5,5,5,2,2,45.0,40.0,40.0,35.0,40.0,35.0,50.0,40.0,55.0,55.0,1.0,1.0,2.0,1.0,2.0,2.0,2.0,2.0,2.0,1.0,2.0,2.0,2.0,2.0,2.0,2.0,2.0,2.0,2.0,2.0,2.0,2.0,2.0,1.0,2.0,2.0,2.0,2.0,1.0,2.0,1.0,1.0,2.0,2.0,1.0,1.0,2.0,2.0,2.0,2.0
1431,5,5,5,4,4,4,5,5,2,2,,30.0,,2.0,,,,3.0,5.0,2.0,,6.0,1.0,54.0,,1.0,,2.0,4.0,5.0,,,,,,,18.0,,,2.0,,6.0,,,1.0,,5.0,,,,,,,,,,,1.0,1.0,1.0,1.0,1.0,1.0,6,3,4,4,3,5,6,6,3,2,60.0,55.0,60.0,65.0,65.0,60.0,70.0,60.0,40.0,40.0,1.0,2.0,1.0,2.0,1.0,1.0,2.0,1.0,2.0,1.0,1.0,2.0,2.0,1.0,2.0,2.0,2.0,2.0,1.0,1.0,1.0,2.0,1.0,1.0,1.0,2.0,1.0,2.0,1.0,1.0,2.0,1.0,2.0,1.0,1.0,1.0,1.0,2.0,2.0,1.0
142,3,3,3,3,4,3,4,3,2,2,70.0,,,2.0,,,,3.0,5.0,2.0,6.0,,,,2.0,1.0,,,,,3.0,4.0,4.0,,,,15.0,,1.0,,3.0,,,1.0,,4.0,,,,,,,,,,,,1.0,1.0,1.0,1.0,1.0,1.0,6,3,4,4,3,5,6,6,3,2,45.0,40.0,40.0,50.0,55.0,50.0,60.0,45.0,35.0,35.0,1.0,2.0,1.0,2.0,1.0,1.0,2.0,1.0,1.0,2.0,1.0,1.0,2.0,1.0,1.0,2.0,2.0,1.0,2.0,1.0,1.0,2.0,1.0,1.0,2.0,2.0,1.0,2.0,1.0,1.0,1.0,2.0,2.0,1.0,2.0,1.0,1.0,2.0,2.0,1.0
1849,4,4,4,4,4,4,4,4,2,2,70.0,,4.0,,3.0,4.0,6.0,,,,5.0,,1.0,40.0,,1.0,,2.0,4.0,4.0,,,,,,,18.0,,,2.0,3.0,,,1.0,,4.0,,,,,,,,,,,,1.0,1.0,1.0,1.0,1.0,1.0,6,3,4,3,3,5,6,6,3,2,60.0,55.0,58.0,65.0,68.0,62.0,70.0,60.0,40.0,45.0,2.0,1.0,1.0,1.0,2.0,1.0,1.0,1.0,2.0,2.0,1.0,1.0,2.0,1.0,1.0,1.0,1.0,2.0,2.0,1.0,1.0,1.0,2.0,1.0,2.0,2.0,1.0,2.0,2.0,1.0,1.0,1.0,1.0,2.0,2.0,2.0,2.0,1.0,1.0,2.0
2054,5,5,5,5,5,5,5,5,1,1,70.0,,,2.0,,,,3.0,5.0,2.0,6.0,,1.0,54.0,,1.0,,,,,4.0,5.0,6.0,,,,5.0,,1.0,,4.0,,,,1.0,,5.0,,,,,,,,,,,1.0,1.0,1.0,1.0,1.0,1.0,6,3,4,4,2,5,6,6,4,2,60.0,55.0,58.0,65.0,70.0,62.0,75.0,60.0,40.0,35.0,2.0,1.0,1.0,1.0,1.0,2.0,1.0,1.0,2.0,1.0,2.0,1.0,1.0,2.0,1.0,1.0,1.0,1.0,1.0,2.0,1.0,1.0,2.0,1.0,2.0,1.0,1.0,1.0,2.0,1.0,2.0,1.0,2.0,1.0,1.0,1.0,2.0,2.0,1.0,2.0
25,2,2,2,2,2,2,2,2,4,4,70.0,,2.0,,,,,3.0,4.0,2.0,5.0,,1.0,30.0,,,2.0,,,,2.0,4.0,4.0,,,,20.0,,,2.0,3.0,,,1.0,,3.0,,,,,,,,,,,,1.0,1.0,1.0,1.0,1.0,1.0,6,3,3,3,2,5,6,6,3,2,40.0,35.0,35.0,35.0,35.0,35.0,35.0,35.0,45.0,45.0,2.0,1.0,1.0,1.0,1.0,1.0,1.0,1.0,1.0,1.0,2.0,1.0,1.0,1.0,1.0,1.0,1.0,1.0,1.0,1.0,1.0,1.0,1.0,1.0,2.0,1.0,1.0,1.0,1.0,1.0,1.0,1.0,1.0,1.0,1.0,1.0,1.0,1.0,1.0,1.0
548,2,3,2,2,3,2,3,2,4,4,,30.0,,2.0,2.0,3.0,5.0,,,,,5.0,1.0,54.0,,1.0,,,,,,,,2.0,4.0,5.0,18.0,,,2.0,,6.0,,1.0,,4.0,,1.0,1.0,1.0,1.0,1.0,1.0,1.0,1.0,1.0,1.0,,,,,,,6,3,4,4,2,5,6,6,3,2,45.0,40.0,42.0,48.0,55.0,38.0,60.0,40.0,50.0,52.0,1.0,2.0,2.0,2.0,1.0,1.0,1.0,1.0,1.0,2.0,1.0,1.0,2.0,2.0,1.0,1.0,2.0,2.0,1.0,2.0,2.0,2.0,2.0,2.0,1.0,1.0,1.0,1.0,1.0,2.0,2.0,1.0,2.0,1.0,2.0,1.0,2.0,1.0,1.0,1.0
354,5,5,5,5,5,5,5,5,1,2,70.0,,3.0,,3.0,4.0,5.0,,,,,6.0,1.0,54.0,,,2.0,,,,3.0,5.0,6.0,,,,,18.0,1.0,,,,2.0,1.0,,5.0,,1.0,1.0,1.0,1.0,1.0,1.0,1.0,1.0,1.0,1.0,,,,,,,6,3,4,3,2,5,6,5,4,2,60.0,55.0,58.0,65.0,70.0,62.0,75.0,60.0,40.0,45.0,2.0,1.0,2.0,1.0,2.0,1.0,2.0,1.0,2.0,1.0,2.0,2.0,1.0,2.0,1.0,1.0,1.0,1.0,1.0,1.0,1.0,2.0,1.0,1.0,1.0,1.0,1.0,2.0,1.0,1.0,2.0,2.0,2.0,1.0,1.0,2.0,1.0,2.0,1.0,1.0
227,4,4,4,5,5,5,5,5,1,2,70.0,,,2.0,,,,3.0,5.0,2.0,6.0,,1.0,54.0,,1.0,,2.0,4.0,5.0,,,,,,,18.0,,,2.0,4.0,,,,1.0,,5.0,1.0,1.0,1.0,1.0,1.0,1.0,1.0,1.0,1.0,1.0,,,,,,,6,3,4,3,3,5,6,5,3,2,60.0,55.0,58.0,65.0,70.0,68.0,75.0,60.0,40.0,45.0,2.0,1.0,1.0,1.0,2.0,2.0,2.0,1.0,2.0,2.0,1.0,1.0,2.0,1.0,1.0,1.0,1.0,2.0,2.0,1.0,1.0,2.0,1.0,2.0,1.0,1.0,2.0,1.0,2.0,1.0,2.0,2.0,1.0,2.0,2.0,2.0,2.0,2.0,1.0,1.0
1148,2,3,2,2,3,2,4,2,4,3,70.0,,2.0,,,,,3.0,5.0,2.0,6.0,,1.0,54.0,,1.0,,,,,,,,2.0,4.0,5.0,16.0,,,2.0,4.0,,,1.0,,,4.0,,,,,,,,,,,1.0,1.0,1.0,1.0,1.0,1.0,6,3,4,3,3,5,6,5,3,2,45.0,40.0,42.0,50.0,55.0,48.0,60.0,40.0,35.0,38.0,2.0,2.0,1.0,2.0,2.0,1.0,2.0,1.0,2.0,2.0,1.0,1.0,1.0,2.0,1.0,2.0,2.0,1.0,1.0,2.0,2.0,2.0,1.0,1.0,2.0,2.0,2.0,1.0,1.0,2.0,1.0,2.0,2.0,1.0,2.0,2.0,2.0,1.0,2.0,1.0
1754,3,3,3,2,3,2,4,2,4,4,70.0,,2.0,,,,,3.0,5.0,2.0,6.0,,1.0,54.0,,,2.0,,,,,,,2.0,4.0,5.0,5.0,,1.0,,4.0,,,1.0,,4.0,,,,,,,,,,,,1.0,1.0,1.0,1.0,1.0,1.0,6,3,5,4,3,5,6,5,3,2,45.0,40.0,40.0,35.0,40.0,35.0,50.0,35.0,45.0,45.0,2.0,2.0,1.0,2.0,1.0,1.0,2.0,2.0,1.0,2.0,2.0,1.0,2.0,2.0,2.0,2.0,2.0,2.0,2.0,2.0,2.0,2.0,1.0,2.0,2.0,1.0,2.0,2.0,1.0,2.0,2.0,2.0,2.0,1.0,1.0,2.0,1.0,1.0,2.0,1.0
1627,4,4,4,5,5,5,5,5,1,2,,30.0,,1.0,,,,3.0,4.0,2.0,,6.0,,,2.0,,2.0,2.0,4.0,5.0,,,,,,,18.0,,,2.0,4.0,,,,1.0,4.0,,1.0,1.0,1.0,1.0,1.0,1.0,1.0,1.0,1.0,1.0,,,,,,,6,3,4,3,3,5,6,5,3,2,55.0,50.0,52.0,60.0,65.0,62.0,70.0,60.0,35.0,40.0,2.0,2.0,2.0,1.0,1.0,2.0,1.0,1.0,2.0,2.0,2.0,1.0,2.0,2.0,1.0,2.0,2.0,1.0,2.0,2.0,2.0,1.0,2.0,2.0,1.0,1.0,1.0,2.0,2.0,2.0,1.0,1.0,2.0,2.0,2.0,1.0,1.0,1.0,2.0,1.0
1888,5,5,5,5,5,5,5,5,1,1,,30.0,4.0,,3.0,4.0,6.0,,,,,6.0,1.0,54.0,,,2.0,2.0,4.0,5.0,,,,,,,18.0,,,2.0,4.0,,,1.0,,5.0,,,,,,,,,,,,1.0,1.0,1.0,1.0,1.0,1.0,6,3,4,4,2,5,6,6,3,2,60.0,55.0,58.0,65.0,70.0,62.0,75.0,60.0,40.0,35.0,2.0,1.0,2.0,1.0,2.0,1.0,1.0,2.0,1.0,1.0,1.0,2.0,1.0,1.0,1.0,2.0,1.0,1.0,1.0,2.0,2.0,1.0,1.0,1.0,2.0,1.0,1.0,1.0,2.0,2.0,1.0,1.0,1.0,1.0,1.0,1.0,2.0,2.0,2.0,1.0
872,4,4,4,4,4,4,4,4,2,2,,30.0,4.0,,,,,3.0,4.0,3.0,6.0,,,,2.0,1.0,,,,,3.0,4.0,4.0,,,,,15.0,1.0,,,,3.0,,1.0,,4.0,1.0,1.0,1.0,1.0,1.0,1.0,1.0,1.0,1.0,1.0,,,,,,,6,3,4,4,3,5,6,6,3,2,55.0,50.0,52.0,60.0,62.0,58.0,65.0,54.0,40.0,42.0,2.0,1.0,1.0,2.0,1.0,1.0,1.0,1.0,1.0,1.0,1.0,1.0,2.0,1.0,2.0,1.0,2.0,1.0,2.0,1.0,2.0,1.0,1.0,1.0,2.0,1.0,1.0,2.0,1.0,2.0,1.0,2.0,2.0,2.0,1.0,2.0,1.0,1.0,2.0,1.0
901,4,4,4,5,5,5,5,5,1,2,,30.0,4.0,,,,,3.0,5.0,2.0,6.0,,,,2.0,,2.0,,,,3.0,4.0,5.0,,,,,18.0,1.0,,,6.0,,1.0,,,5.0,,,,,,,,,,,1.0,1.0,1.0,1.0,1.0,1.0,6,3,4,4,3,5,6,6,3,2,55.0,60.0,58.0,65.0,68.0,70.0,72.0,60.0,40.0,45.0,2.0,1.0,2.0,1.0,2.0,1.0,2.0,2.0,2.0,1.0,1.0,1.0,2.0,2.0,2.0,1.0,1.0,1.0,1.0,1.0,2.0,2.0,1.0,1.0,2.0,2.0,1.0,1.0,1.0,2.0,1.0,1.0,2.0,1.0,2.0,2.0,1.0,1.0,2.0,2.0
395,2,2,2,2,2,2,4,2,4,2,70.0,,2.0,,2.0,3.0,5.0,,,,6.0,,1.0,54.0,,1.0,,,,,,,,1.0,4.0,4.0,20.0,,1.0,,,6.0,,,1.0,,4.0,1.0,1.0,1.0,1.0,1.0,1.0,1.0,1.0,1.0,1.0,,,,,,,6,3,4,3,3,5,6,5,3,2,40.0,35.0,35.0,40.0,45.0,30.0,60.0,35.0,55.0,35.0,2.0,2.0,2.0,2.0,1.0,1.0,2.0,1.0,2.0,1.0,1.0,2.0,1.0,2.0,2.0,1.0,2.0,1.0,2.0,1.0,1.0,1.0,1.0,2.0,2.0,1.0,2.0,1.0,1.0,1.0,2.0,2.0,1.0,1.0,2.0,1.0,2.0,1.0,1.0,2.0
173,5,5,5,5,5,5,5,5,1,1,,30.0,,1.0,,,,3.0,5.0,2.0,,6.0,,,2.0,,2.0,,,,4.0,5.0,6.0,,,,18.0,,,2.0,4.0,,,1.0,,5.0,,,,,,,,,,,,1.0,1.0,1.0,1.0,1.0,1.0,6,3,4,4,3,5,6,6,4,2,60.0,55.0,50.0,65.0,70.0,60.0,75.0,55.0,40.0,35.0,2.0,2.0,1.0,2.0,1.0,1.0,1.0,1.0,1.0,1.0,1.0,2.0,2.0,1.0,2.0,1.0,1.0,1.0,1.0,2.0,2.0,2.0,1.0,2.0,2.0,2.0,2.0,2.0,1.0,1.0,2.0,1.0,2.0,1.0,2.0,1.0,1.0,2.0,2.0,1.0
589,5,5,5,5,5,5,5,5,1,2,70.0,,,2.0,,,,3.0,5.0,4.0,,6.0,1.0,54.0,,,2.0,,,,,,,4.0,5.0,6.0,16.0,,1.0,,,,3.0,,1.0,5.0,,1.0,1.0,1.0,1.0,1.0,1.0,1.0,1.0,1.0,1.0,,,,,,,6,3,4,4,3,5,6,6,4,2,62.0,55.0,60.0,65.0,68.0,60.0,70.0,58.0,40.0,45.0,1.0,2.0,2.0,2.0,1.0,1.0,2.0,2.0,2.0,1.0,1.0,2.0,1.0,1.0,1.0,2.0,2.0,1.0,1.0,1.0,2.0,1.0,1.0,1.0,1.0,1.0,2.0,2.0,2.0,2.0,1.0,1.0,2.0,1.0,2.0,2.0,1.0,2.0,2.0,2.0
1795,5,5,5,5,5,5,5,5,1,1,,30.0,,1.0,3.0,4.0,6.0,,,,,6.0,1.0,54.0,,,2.0,,,,2.0,5.0,6.0,,,,,20.0,2.0,,,,1.0,1.0,,5.0,,1.0,1.0,1.0,1.0,1.0,1.0,1.0,1.0,1.0,1.0,,,,,,,6,3,4,3,3,5,6,6,3,2,60.0,55.0,50.0,65.0,70.0,60.0,75.0,60.0,40.0,35.0,2.0,2.0,2.0,2.0,2.0,2.0,2.0,2.0,2.0,2.0,2.0,2.0,2.0,2.0,2.0,2.0,2.0,2.0,2.0,2.0,2.0,2.0,2.0,2.0,2.0,2.0,2.0,2.0,2.0,2.0,2.0,2.0,2.0,2.0,2.0,2.0,2.0,2.0,2.0,2.0
1573,5,5,5,5,5,5,5,5,1,1,70.0,,5.0,,,,,4.0,5.0,3.0,,6.0,,,2.0,,2.0,,,,,,,4.0,5.0,6.0,,20.0,1.0,,,9.0,,1.0,,,6.0,,,,,,,,,,,1.0,1.0,1.0,1.0,1.0,1.0,6,3,4,3,2,5,6,6,4,2,60.0,55.0,58.0,65.0,70.0,62.0,75.0,60.0,40.0,35.0,2.0,1.0,2.0,2.0,1.0,1.0,2.0,2.0,2.0,1.0,2.0,1.0,2.0,1.0,2.0,2.0,1.0,2.0,2.0,1.0,1.0,1.0,2.0,2.0,2.0,2.0,2.0,1.0,1.0,2.0,1.0,2.0,2.0,2.0,2.0,1.0,2.0,1.0,2.0,2.0
1400,5,5,5,5,5,5,5,5,1,2,70.0,,,1.0,3.0,4.0,6.0,,,,,6.0,,,2.0,1.0,,,,,4.0,5.0,6.0,,,,20.0,,1.0,,4.0,,,,1.0,,5.0,1.0,1.0,1.0,1.0,1.0,1.0,1.0,1.0,1.0,1.0,,,,,,,6,3,4,3,3,5,6,6,4,2,60.0,55.0,50.0,65.0,70.0,60.0,75.0,60.0,35.0,40.0,2.0,2.0,1.0,2.0,1.0,2.0,1.0,2.0,1.0,1.0,1.0,1.0,1.0,2.0,2.0,2.0,2.0,2.0,2.0,2.0,2.0,1.0,2.0,1.0,2.0,1.0,1.0,1.0,2.0,1.0,1.0,2.0,2.0,2.0,1.0,2.0,2.0,2.0,2.0,2.0
1189,4,4,4,5,5,5,5,5,1,2,70.0,,,2.0,,,,3.0,5.0,4.0,6.0,,,,2.0,,2.0,,,,3.0,4.0,4.0,,,,18.0,,1.0,,4.0,,,,1.0,,5.0,1.0,1.0,1.0,1.0,1.0,1.0,1.0,1.0,1.0,1.0,,,,,,,6,3,4,3,3,5,6,5,3,2,55.0,50.0,52.0,60.0,65.0,62.0,70.0,60.0,40.0,45.0,1.0,2.0,2.0,2.0,2.0,2.0,1.0,2.0,2.0,1.0,2.0,1.0,2.0,1.0,2.0,1.0,2.0,2.0,2.0,2.0,2.0,1.0,1.0,1.0,2.0,2.0,1.0,1.0,1.0,1.0,2.0,2.0,2.0,1.0,2.0,1.0,2.0,1.0,1.0,1.0
807,2,3,2,2,2,2,3,2,4,3,,30.0,,2.0,,,,3.0,5.0,2.0,,5.0,1.0,30.0,,,2.0,,,,,,,2.0,3.0,4.0,,15.0,1.0,,,,2.0,,1.0,3.0,,1.0,1.0,1.0,1.0,1.0,1.0,1.0,1.0,1.0,1.0,,,,,,,6,3,4,3,3,5,6,5,3,2,40.0,35.0,38.0,45.0,50.0,35.0,55.0,30.0,40.0,35.0,2.0,2.0,2.0,2.0,2.0,2.0,2.0,1.0,2.0,1.0,2.0,2.0,2.0,1.0,2.0,1.0,2.0,1.0,1.0,2.0,1.0,1.0,2.0,2.0,1.0,2.0,1.0,1.0,2.0,1.0,2.0,1.0,2.0,1.0,1.0,2.0,1.0,2.0,1.0,2.0
91,5,5,5,5,5,5,5,5,1,2,70.0,,3.0,,3.0,4.0,6.0,,,,,6.0,,,2.0,1.0,,,,,,,,3.0,5.0,6.0,,5.0,,2.0,,5.0,,,1.0,5.0,,1.0,1.0,1.0,1.0,1.0,1.0,1.0,1.0,1.0,1.0,,,,,,,6,3,4,4,2,5,6,6,3,2,60.0,55.0,50.0,65.0,70.0,60.0,75.0,60.0,40.0,45.0,1.0,1.0,2.0,1.0,2.0,2.0,1.0,2.0,2.0,1.0,2.0,2.0,2.0,2.0,2.0,2.0,2.0,2.0,2.0,1.0,1.0,2.0,1.0,2.0,2.0,1.0,1.0,1.0,1.0,1.0,1.0,2.0,2.0,2.0,1.0,1.0,2.0,1.0,2.0,1.0
974,4,4,4,5,5,5,5,4,1,2,70.0,,,2.0,,,,3.0,5.0,2.0,,6.0,,,2.0,,2.0,,,,,,,3.0,4.0,5.0,,15.0,,2.0,,,2.0,1.0,,4.0,,,,,,,,,,,,1.0,1.0,1.0,1.0,1.0,1.0,6,3,4,4,3,5,6,6,3,2,55.0,50.0,52.0,60.0,65.0,62.0,70.0,58.0,40.0,45.0,1.0,1.0,1.0,1.0,2.0,1.0,1.0,2.0,2.0,1.0,2.0,2.0,2.0,2.0,2.0,1.0,1.0,2.0,2.0,1.0,1.0,1.0,2.0,2.0,1.0,2.0,2.0,1.0,2.0,1.0,1.0,2.0,1.0,2.0,2.0,2.0,2.0,1.0,2.0,2.0
106,5,5,5,5,5,5,5,5,1,2,70.0,,1.0,,2.0,3.0,6.0,,,,6.0,,,,2.0,1.0,,1.0,5.0,6.0,,,,,,,20.0,,,2.0,4.0,,,1.0,,5.0,,,,,,,,,,,,1.0,1.0,1.0,1.0,1.0,1.0,6,3,4,3,3,5,6,6,4,2,60.0,55.0,60.0,65.0,70.0,65.0,75.0,60.0,40.0,35.0,2.0,1.0,2.0,2.0,1.0,2.0,2.0,2.0,2.0,1.0,2.0,1.0,2.0,1.0,1.0,1.0,1.0,2.0,2.0,2.0,2.0,1.0,2.0,2.0,2.0,2.0,2.0,2.0,2.0,2.0,2.0,1.0,1.0,2.0,1.0,2.0,2.0,1.0,1.0,1.0
669,2,2,2,2,3,2,3,2,4,3,,30.0,,2.0,3.0,4.0,5.0,,,,,5.0,1.0,54.0,,,2.0,,,,3.0,4.0,4.0,,,,,15.0,,2.0,,6.0,,1.0,,4.0,,,,,,,,,,,,1.0,1.0,1.0,1.0,1.0,1.0,6,3,4,4,2,5,6,6,3,2,45.0,40.0,40.0,50.0,55.0,45.0,60.0,40.0,35.0,40.0,1.0,1.0,2.0,1.0,1.0,1.0,2.0,1.0,2.0,1.0,2.0,1.0,1.0,2.0,1.0,2.0,2.0,1.0,1.0,1.0,1.0,1.0,1.0,1.0,1.0,1.0,2.0,1.0,2.0,1.0,1.0,1.0,2.0,2.0,2.0,1.0,1.0,2.0,1.0,1.0
293,5,4,5,5,5,5,5,5,1,2,70.0,,4.0,,,,,3.0,5.0,2.0,,5.0,1.0,54.0,,,2.0,,,,2.0,4.0,4.0,,,,,20.0,,2.0,,6.0,,1.0,,4.0,,1.0,1.0,1.0,1.0,1.0,1.0,1.0,1.0,1.0,1.0,,,,,,,6,3,4,3,3,5,6,5,3,2,55.0,50.0,52.0,60.0,65.0,58.0,70.0,54.0,40.0,45.0,1.0,2.0,1.0,1.0,2.0,2.0,2.0,2.0,2.0,2.0,2.0,2.0,2.0,1.0,2.0,1.0,1.0,1.0,1.0,2.0,1.0,2.0,2.0,1.0,2.0,1.0,2.0,2.0,2.0,2.0,1.0,2.0,2.0,2.0,2.0,2.0,1.0,2.0,2.0,1.0
1506,2,2,2,1,2,2,3,1,4,4,,30.0,2.0,,2.0,3.0,5.0,,,,6.0,,,,2.0,,2.0,1.0,2.0,4.0,,,,,,,,20.0,,2.0,,6.0,,,1.0,,3.0,,,,,,,,,,,1.0,1.0,1.0,1.0,1.0,1.0,6,3,4,3,2,5,6,6,3,2,45.0,40.0,40.0,35.0,40.0,40.0,50.0,35.0,55.0,55.0,2.0,2.0,2.0,2.0,1.0,2.0,1.0,1.0,2.0,2.0,1.0,2.0,2.0,2.0,1.0,2.0,2.0,2.0,2.0,1.0,1.0,2.0,2.0,2.0,1.0,2.0,1.0,2.0,1.0,2.0,2.0,2.0,2.0,2.0,1.0,1.0,1.0,2.0,2.0,2.0
1475,5,5,5,5,5,5,5,5,1,2,70.0,,4.0,,,,,3.0,5.0,2.0,,5.0,1.0,54.0,,1.0,,,,,,,,4.0,5.0,6.0,20.0,,1.0,,,6.0,,1.0,,5.0,,,,,,,,,,,,1.0,1.0,1.0,1.0,1.0,1.0,6,3,4,3,3,5,6,6,3,2,60.0,55.0,50.0,65.0,70.0,60.0,75.0,60.0,40.0,35.0,1.0,2.0,2.0,2.0,2.0,1.0,2.0,2.0,2.0,1.0,2.0,2.0,2.0,1.0,1.0,2.0,1.0,1.0,1.0,2.0,1.0,1.0,2.0,2.0,1.0,1.0,1.0,1.0,1.0,2.0,2.0,1.0,1.0,1.0,2.0,2.0,2.0,2.0,2.0,2.0
1269,3,3,3,3,4,3,4,3,3,2,70.0,,3.0,,3.0,4.0,6.0,,,,6.0,,,,2.0,,2.0,,,,,,,2.0,4.0,5.0,15.0,,1.0,,,,3.0,,1.0,3.0,,,,,,,,,,,,1.0,1.0,1.0,1.0,1.0,1.0,6,3,4,4,3,5,6,6,3,2,55.0,50.0,50.0,60.0,65.0,60.0,70.0,55.0,45.0,40.0,1.0,2.0,2.0,1.0,2.0,2.0,2.0,1.0,2.0,1.0,1.0,2.0,1.0,1.0,1.0,2.0,2.0,1.0,2.0,2.0,2.0,2.0,1.0,2.0,2.0,1.0,2.0,2.0,1.0,1.0,1.0,1.0,2.0,1.0,1.0,1.0,1.0,1.0,1.0,1.0
1693,5,5,5,5,5,5,5,5,2,2,,30.0,5.0,,3.0,4.0,6.0,,,,,6.0,,,2.0,1.0,,,,,4.0,5.0,6.0,,,,,18.0,,2.0,,6.0,,1.0,,,5.0,1.0,1.0,1.0,1.0,1.0,1.0,1.0,1.0,1.0,1.0,,,,,,,6,3,4,4,3,5,6,6,4,2,60.0,55.0,58.0,65.0,70.0,62.0,75.0,60.0,40.0,35.0,1.0,1.0,2.0,2.0,1.0,2.0,1.0,2.0,1.0,2.0,2.0,2.0,1.0,1.0,2.0,2.0,2.0,1.0,1.0,2.0,1.0,1.0,1.0,2.0,2.0,1.0,2.0,2.0,2.0,1.0,1.0,2.0,1.0,2.0,2.0,1.0,1.0,1.0,1.0,2.0
50,4,4,4,4,4,4,4,4,2,2,70.0,,2.0,,3.0,4.0,6.0,,,,,6.0,,,2.0,1.0,,,,,3.0,4.0,5.0,,,,,18.0,1.0,,4.0,,,1.0,,,4.0,1.0,1.0,1.0,1.0,1.0,1.0,1.0,1.0,1.0,1.0,,,,,,,6,3,4,3,3,5,6,5,3,2,55.0,50.0,52.0,60.0,65.0,58.0,70.0,60.0,40.0,35.0,2.0,1.0,2.0,1.0,2.0,2.0,2.0,2.0,2.0,2.0,2.0,2.0,2.0,2.0,2.0,1.0,2.0,1.0,2.0,2.0,1.0,2.0,2.0,1.0,1.0,2.0,2.0,2.0,2.0,2.0,2.0,2.0,1.0,2.0,2.0,2.0,2.0,2.0,2.0,2.0
2021,2,2,2,1,2,2,3,2,4,3,70.0,,2.0,,,,,3.0,4.0,2.0,,5.0,1.0,54.0,,,2.0,,,,2.0,3.0,4.0,,,,,5.0,1.0,,4.0,,,,1.0,3.0,,1.0,1.0,1.0,1.0,1.0,1.0,1.0,1.0,1.0,1.0,,,,,,,6,3,4,3,3,5,6,5,2,2,40.0,35.0,35.0,30.0,35.0,35.0,50.0,35.0,45.0,40.0,2.0,1.0,1.0,1.0,2.0,2.0,1.0,1.0,2.0,1.0,1.0,2.0,1.0,2.0,1.0,1.0,2.0,1.0,2.0,1.0,1.0,1.0,1.0,2.0,1.0,2.0,2.0,1.0,1.0,2.0,1.0,2.0,1.0,1.0,1.0,2.0,2.0,1.0,1.0,1.0
321,3,3,3,2,3,2,4,2,4,2,70.0,,,2.0,3.0,4.0,5.0,,,,,6.0,,,2.0,,2.0,2.0,4.0,5.0,,,,,,,,5.0,,2.0,4.0,,,1.0,,4.0,,,,,,,,,,,,1.0,1.0,1.0,1.0,1.0,1.0,6,3,4,4,3,5,6,6,3,2,50.0,45.0,45.0,55.0,60.0,40.0,65.0,50.0,40.0,35.0,1.0,2.0,2.0,2.0,1.0,2.0,1.0,2.0,1.0,2.0,1.0,2.0,2.0,2.0,2.0,2.0,1.0,1.0,1.0,2.0,1.0,2.0,1.0,2.0,2.0,1.0,1.0,1.0,1.0,2.0,2.0,2.0,1.0,1.0,1.0,2.0,1.0,1.0,1.0,2.0
252,4,4,4,5,5,5,5,4,2,2,70.0,,3.0,,3.0,4.0,6.0,,,,,6.0,1.0,54.0,,1.0,,,,,,,,3.0,4.0,5.0,20.0,,1.0,,4.0,,,1.0,,,5.0,1.0,1.0,1.0,1.0,1.0,1.0,1.0,1.0,1.0,1.0,,,,,,,6,3,4,4,2,5,6,6,3,2,60.0,55.0,60.0,65.0,70.0,65.0,75.0,60.0,40.0,45.0,2.0,2.0,1.0,1.0,1.0,1.0,1.0,1.0,2.0,1.0,1.0,1.0,1.0,2.0,1.0,2.0,1.0,1.0,1.0,2.0,2.0,2.0,1.0,2.0,2.0,1.0,1.0,2.0,2.0,1.0,2.0,1.0,1.0,2.0,2.0,2.0,2.0,1.0,2.0,1.0
1721,2,2,2,2,2,2,4,2,4,2,70.0,,2.0,,3.0,4.0,5.0,,,,6.0,,1.0,54.0,,1.0,,,,,,,,3.0,4.0,5.0,18.0,,,2.0,4.0,,,1.0,,,4.0,,,,,,,,,,,1.0,1.0,1.0,1.0,1.0,1.0,6,3,4,3,3,5,6,5,3,2,45.0,40.0,40.0,50.0,55.0,50.0,60.0,45.0,40.0,35.0,2.0,1.0,1.0,1.0,2.0,1.0,1.0,1.0,2.0,2.0,1.0,2.0,1.0,1.0,1.0,1.0,2.0,1.0,2.0,1.0,1.0,1.0,1.0,1.0,2.0,2.0,1.0,2.0,2.0,2.0,1.0,1.0,2.0,2.0,2.0,2.0,2.0,2.0,1.0,1.0
1652,4,4,4,4,4,4,5,4,2,2,,30.0,,1.0,2.0,3.0,6.0,,,,,,1.0,54.0,,,2.0,2.0,4.0,4.0,,,,,,,20.0,,,2.0,,6.0,,,1.0,,4.0,,,,,,,,,,,1.0,1.0,1.0,1.0,1.0,1.0,6,3,4,3,3,5,6,5,3,2,60.0,55.0,58.0,65.0,68.0,60.0,70.0,55.0,40.0,42.0,2.0,1.0,2.0,1.0,1.0,2.0,2.0,2.0,1.0,1.0,2.0,2.0,2.0,2.0,2.0,2.0,1.0,1.0,1.0,2.0,1.0,1.0,1.0,1.0,1.0,1.0,2.0,2.0,1.0,2.0,1.0,2.0,2.0,2.0,2.0,2.0,2.0,1.0,1.0,1.0
485,5,5,5,5,5,5,5,5,1,2,70.0,,,2.0,3.0,4.0,6.0,,,,6.0,,,,2.0,,2.0,1.0,5.0,6.0,,,,,,,20.0,,1.0,,,6.0,,1.0,,,5.0,1.0,1.0,1.0,1.0,1.0,1.0,1.0,1.0,1.0,1.0,,,,,,,6,3,4,3,3,5,6,5,3,2,60.0,55.0,50.0,65.0,70.0,60.0,75.0,55.0,40.0,35.0,1.0,1.0,1.0,2.0,2.0,2.0,1.0,2.0,2.0,1.0,1.0,1.0,1.0,1.0,2.0,1.0,1.0,1.0,1.0,2.0,2.0,2.0,1.0,1.0,1.0,2.0,1.0,1.0,1.0,1.0,2.0,2.0,1.0,2.0,2.0,2.0,2.0,2.0,2.0,1.0
710,4,4,4,4,4,4,5,4,2,2,,30.0,3.0,,3.0,4.0,5.0,,,,,5.0,,,2.0,,2.0,2.0,4.0,5.0,,,,,,,18.0,,1.0,,,6.0,,,1.0,5.0,,1.0,1.0,1.0,1.0,1.0,1.0,1.0,1.0,1.0,1.0,,,,,,,6,3,4,3,3,5,6,5,3,2,55.0,50.0,52.0,60.0,65.0,58.0,70.0,60.0,40.0,38.0,2.0,2.0,2.0,1.0,1.0,1.0,1.0,2.0,2.0,2.0,1.0,1.0,2.0,1.0,2.0,1.0,1.0,1.0,2.0,1.0,2.0,2.0,1.0,2.0,2.0,2.0,2.0,1.0,1.0,1.0,2.0,1.0,2.0,1.0,1.0,2.0,1.0,1.0,2.0,1.0
299,5,5,5,5,5,5,5,5,1,2,70.0,,3.0,,,,,3.0,5.0,2.0,,6.0,1.0,54.0,,,2.0,,,,,,,3.0,5.0,6.0,18.0,,1.0,,,,3.0,1.0,,5.0,,,,,,,,,,,,1.0,1.0,1.0,1.0,1.0,1.0,6,3,4,4,3,5,6,6,4,2,60.0,55.0,58.0,65.0,70.0,62.0,75.0,60.0,40.0,45.0,2.0,2.0,1.0,1.0,2.0,1.0,1.0,2.0,2.0,1.0,1.0,1.0,2.0,2.0,2.0,1.0,2.0,2.0,1.0,1.0,1.0,2.0,1.0,2.0,2.0,2.0,2.0,1.0,2.0,1.0,2.0,2.0,1.0,2.0,1.0,2.0,2.0,2.0,2.0,1.0
663,2,3,2,2,3,2,4,2,4,4,70.0,,2.0,,2.0,3.0,5.0,,,,,5.0,,,2.0,1.0,,,,,2.0,4.0,4.0,,,,18.0,,1.0,,4.0,,,,1.0,,4.0,,,,,,,,,,,1.0,1.0,1.0,1.0,1.0,1.0,6,3,4,3,3,5,6,5,3,2,45.0,40.0,40.0,50.0,55.0,45.0,60.0,40.0,50.0,50.0,1.0,2.0,1.0,1.0,1.0,2.0,2.0,1.0,2.0,2.0,2.0,1.0,1.0,2.0,2.0,1.0,1.0,2.0,2.0,1.0,1.0,2.0,2.0,2.0,1.0,2.0,1.0,1.0,1.0,1.0,1.0,2.0,1.0,2.0,1.0,2.0,1.0,2.0,1.0,1.0
1085,5,5,5,5,5,5,5,5,1,2,,30.0,5.0,,,,,3.0,5.0,2.0,,6.0,,,2.0,,2.0,,,,4.0,5.0,6.0,,,,18.0,,,2.0,,,2.0,1.0,,,5.0,,,,,,,,,,,1.0,1.0,1.0,1.0,1.0,1.0,6,3,4,3,3,5,6,5,4,2,60.0,55.0,50.0,65.0,70.0,60.0,75.0,55.0,40.0,35.0,1.0,2.0,1.0,2.0,1.0,2.0,2.0,1.0,1.0,2.0,2.0,2.0,1.0,2.0,2.0,2.0,1.0,1.0,2.0,1.0,2.0,1.0,1.0,2.0,1.0,1.0,1.0,1.0,1.0,1.0,1.0,2.0,1.0,2.0,1.0,1.0,1.0,1.0,2.0,2.0
1310,4,4,4,4,4,4,5,4,2,2,,30.0,,2.0,,,,3.0,5.0,4.0,,5.0,,,2.0,1.0,,,,,4.0,4.0,5.0,,,,,15.0,,2.0,3.0,,,,1.0,,4.0,,,,,,,,,,,1.0,1.0,1.0,1.0,1.0,1.0,6,3,4,3,3,5,6,5,3,2,55.0,50.0,52.0,60.0,62.0,58.0,65.0,54.0,40.0,42.0,2.0,2.0,2.0,1.0,1.0,1.0,2.0,1.0,1.0,1.0,2.0,1.0,2.0,2.0,2.0,1.0,2.0,1.0,1.0,1.0,2.0,2.0,1.0,2.0,1.0,2.0,1.0,1.0,2.0,1.0,1.0,2.0,2.0,2.0,1.0,2.0,2.0,2.0,2.0,2.0
1699,4,4,4,5,5,5,5,4,2,2,,30.0,4.0,,3.0,4.0,5.0,,,,6.0,,1.0,54.0,,,2.0,,,,4.0,4.0,5.0,,,,16.0,,1.0,,4.0,,,1.0,,,4.0,1.0,1.0,1.0,1.0,1.0,1.0,1.0,1.0,1.0,1.0,,,,,,,6,4,4,3,3,5,6,5,3,2,55.0,50.0,52.0,60.0,65.0,62.0,70.0,55.0,40.0,38.0,1.0,1.0,2.0,1.0,2.0,1.0,1.0,2.0,1.0,1.0,2.0,2.0,2.0,1.0,2.0,2.0,2.0,1.0,2.0,2.0,2.0,2.0,1.0,1.0,1.0,2.0,2.0,1.0,2.0,2.0,2.0,1.0,2.0,2.0,1.0,2.0,1.0,1.0,2.0,1.0
1263,5,5,5,5,5,5,5,5,1,2,70.0,,,2.0,,,,3.0,5.0,2.0,,6.0,1.0,54.0,,1.0,,,,,,,,4.0,5.0,6.0,,0.0,,2.0,3.0,,,1.0,,,5.0,,,,,,,,,,,1.0,1.0,1.0,1.0,1.0,1.0,6,3,4,4,2,5,6,6,4,2,60.0,55.0,50.0,65.0,70.0,60.0,75.0,65.0,40.0,45.0,2.0,2.0,2.0,1.0,2.0,1.0,2.0,1.0,1.0,1.0,1.0,1.0,2.0,1.0,2.0,2.0,1.0,1.0,2.0,1.0,1.0,2.0,2.0,1.0,2.0,1.0,1.0,1.0,2.0,1.0,1.0,1.0,2.0,1.0,2.0,2.0,1.0,2.0,2.0,1.0
1984,3,3,3,2,3,2,4,2,4,2,70.0,,3.0,,,,,3.0,4.0,2.0,,5.0,1.0,54.0,,,2.0,,,,3.0,4.0,5.0,,,,18.0,,,2.0,,6.0,,,1.0,,4.0,1.0,1.0,1.0,1.0,1.0,1.0,1.0,1.0,1.0,1.0,,,,,,,6,3,4,3,3,5,6,5,3,2,45.0,40.0,40.0,50.0,55.0,55.0,60.0,45.0,50.0,40.0,1.0,1.0,2.0,1.0,1.0,1.0,2.0,1.0,1.0,1.0,1.0,1.0,2.0,2.0,1.0,2.0,1.0,2.0,2.0,2.0,1.0,2.0,1.0,1.0,1.0,2.0,1.0,2.0,1.0,1.0,2.0,1.0,1.0,2.0,1.0,2.0,1.0,1.0,2.0,2.0
258,1,2,2,1,2,2,2,1,4,4,70.0,,2.0,,2.0,3.0,5.0,,,,,5.0,,,2.0,1.0,,,,,1.0,2.0,3.0,,,,20.0,,2.0,,3.0,,,,1.0,,3.0,1.0,1.0,1.0,1.0,1.0,1.0,1.0,1.0,1.0,1.0,,,,,,,6,3,4,3,3,5,6,5,2,2,35.0,30.0,30.0,25.0,30.0,30.0,30.0,25.0,40.0,40.0,2.0,2.0,1.0,1.0,2.0,2.0,2.0,2.0,2.0,2.0,1.0,1.0,1.0,1.0,2.0,2.0,1.0,2.0,2.0,2.0,2.0,2.0,2.0,1.0,1.0,2.0,1.0,2.0,1.0,2.0,2.0,2.0,2.0,2.0,1.0,2.0,2.0,1.0,1.0,1.0
537,5,4,5,5,5,5,5,5,1,1,70.0,,5.0,,3.0,4.0,6.0,,,,6.0,,,,2.0,1.0,,1.0,4.0,4.0,,,,,,,,20.0,1.0,,,,1.0,,1.0,,4.0,1.0,1.0,1.0,1.0,1.0,1.0,1.0,1.0,1.0,1.0,,,,,,,6,3,4,3,3,5,6,5,3,2,55.0,50.0,52.0,60.0,62.0,58.0,65.0,54.0,40.0,38.0,2.0,2.0,2.0,2.0,1.0,2.0,1.0,2.0,2.0,2.0,2.0,2.0,2.0,2.0,2.0,2.0,2.0,1.0,2.0,2.0,2.0,2.0,1.0,2.0,2.0,2.0,2.0,2.0,2.0,2.0,2.0,2.0,2.0,2.0,2.0,2.0,2.0,2.0,1.0,2.0
444,2,3,2,2,3,2,3,2,4,4,,30.0,2.0,,3.0,4.0,5.0,,,,6.0,,1.0,54.0,,1.0,,,,,3.0,4.0,5.0,,,,,15.0,1.0,,,,2.0,1.0,,4.0,,,,,,,,,,,,1.0,1.0,1.0,1.0,1.0,1.0,6,3,4,3,2,5,6,5,3,2,45.0,40.0,42.0,50.0,55.0,40.0,60.0,38.0,48.0,47.0,2.0,2.0,1.0,1.0,2.0,1.0,2.0,1.0,1.0,2.0,2.0,1.0,1.0,1.0,2.0,1.0,2.0,1.0,1.0,2.0,1.0,2.0,1.0,1.0,2.0,1.0,1.0,1.0,1.0,1.0,2.0,1.0,1.0,2.0,1.0,1.0,2.0,1.0,2.0,2.0
1658,4,4,4,4,4,4,4,4,2,2,70.0,,,2.0,,,,3.0,4.0,3.0,,5.0,,,2.0,1.0,,,,,3.0,4.0,4.0,,,,18.0,,,2.0,4.0,,,1.0,,4.0,,1.0,1.0,1.0,1.0,1.0,1.0,1.0,1.0,1.0,1.0,,,,,,,6,3,4,4,3,5,6,6,3,2,55.0,50.0,52.0,60.0,62.0,58.0,65.0,54.0,40.0,42.0,1.0,2.0,1.0,1.0,2.0,2.0,2.0,1.0,2.0,2.0,1.0,1.0,2.0,2.0,1.0,1.0,2.0,1.0,2.0,2.0,2.0,2.0,1.0,2.0,1.0,2.0,2.0,2.0,1.0,2.0,2.0,1.0,1.0,2.0,2.0,2.0,1.0,2.0,2.0,1.0
1137,4,4,4,4,4,4,4,4,2,2,70.0,,3.0,,,,,3.0,5.0,4.0,6.0,,,,2.0,1.0,,,,,,,,2.0,4.0,4.0,,0.0,,2.0,,9.0,,,1.0,,4.0,1.0,1.0,1.0,1.0,1.0,1.0,1.0,1.0,1.0,1.0,,,,,,,6,3,4,3,3,5,6,5,3,2,55.0,50.0,52.0,60.0,62.0,58.0,65.0,54.0,40.0,42.0,2.0,2.0,2.0,2.0,2.0,2.0,2.0,2.0,2.0,2.0,2.0,2.0,2.0,2.0,2.0,2.0,2.0,2.0,2.0,2.0,2.0,2.0,2.0,2.0,2.0,2.0,2.0,2.0,2.0,2.0,2.0,2.0,2.0,2.0,2.0,2.0,2.0,2.0,2.0,2.0
1044,2,3,2,2,3,2,4,2,4,2,70.0,,,2.0,,,,3.0,4.0,3.0,,5.0,1.0,54.0,,,2.0,2.0,3.0,4.0,,,,,,,18.0,,1.0,,4.0,,,,1.0,4.0,,1.0,1.0,1.0,1.0,1.0,1.0,1.0,1.0,1.0,1.0,,,,,,,6,3,4,4,3,5,6,5,3,2,45.0,40.0,42.0,50.0,55.0,48.0,60.0,40.0,50.0,38.0,1.0,1.0,1.0,1.0,2.0,2.0,1.0,1.0,2.0,1.0,2.0,2.0,1.0,1.0,2.0,1.0,2.0,1.0,1.0,1.0,2.0,1.0,2.0,2.0,1.0,1.0,1.0,1.0,2.0,1.0,2.0,2.0,1.0,1.0,1.0,2.0,1.0,2.0,1.0,2.0
1836,2,3,2,2,3,2,4,2,4,4,,30.0,,2.0,3.0,4.0,5.0,,,,,5.0,,,2.0,,2.0,,,,,,,3.0,4.0,5.0,18.0,,,2.0,,,3.0,,1.0,,4.0,,,,,,,,,,,1.0,1.0,1.0,1.0,1.0,1.0,6,3,4,4,3,5,6,6,3,2,45.0,40.0,42.0,50.0,55.0,48.0,60.0,40.0,35.0,38.0,1.0,1.0,1.0,1.0,1.0,2.0,1.0,2.0,1.0,2.0,1.0,2.0,1.0,1.0,1.0,1.0,2.0,1.0,2.0,1.0,2.0,1.0,1.0,2.0,1.0,1.0,1.0,2.0,1.0,1.0,1.0,1.0,2.0,1.0,2.0,2.0,1.0,1.0,1.0,1.0
1945,4,4,4,4,4,4,5,4,2,2,,30.0,3.0,,3.0,4.0,5.0,,,,5.0,,1.0,54.0,,1.0,,,,,3.0,4.0,5.0,,,,,15.0,,2.0,,6.0,,1.0,,4.0,,,,,,,,,,,,1.0,1.0,1.0,1.0,1.0,1.0,6,3,4,4,3,5,6,6,3,2,55.0,50.0,52.0,60.0,65.0,58.0,70.0,60.0,40.0,38.0,1.0,1.0,2.0,1.0,1.0,1.0,2.0,2.0,2.0,2.0,2.0,1.0,2.0,1.0,1.0,1.0,1.0,1.0,1.0,1.0,1.0,1.0,2.0,1.0,1.0,1.0,1.0,1.0,1.0,2.0,1.0,1.0,1.0,2.0,1.0,1.0,1.0,1.0,1.0,1.0
542,4,4,4,3,4,3,4,3,2,2,,30.0,,2.0,3.0,4.0,5.0,,,,5.0,,1.0,30.0,,1.0,,,,,2.0,4.0,4.0,,,,,20.0,,2.0,,6.0,,1.0,,,4.0,,,,,,,,,,,1.0,1.0,1.0,1.0,1.0,1.0,6,3,4,3,3,5,6,5,3,2,40.0,35.0,38.0,45.0,50.0,40.0,55.0,35.0,30.0,30.0,1.0,2.0,1.0,2.0,1.0,2.0,2.0,2.0,2.0,2.0,1.0,2.0,2.0,1.0,2.0,2.0,2.0,2.0,2.0,2.0,1.0,1.0,2.0,2.0,1.0,2.0,1.0,2.0,1.0,2.0,2.0,2.0,2.0,1.0,2.0,2.0,1.0,2.0,2.0,1.0
431,3,3,3,2,3,2,4,2,4,2,70.0,,,2.0,,,,3.0,5.0,2.0,,6.0,,,2.0,1.0,,,,,3.0,4.0,5.0,,,,18.0,,,2.0,,6.0,,1.0,,4.0,,,,,,,,,,,,1.0,1.0,1.0,1.0,1.0,1.0,6,3,4,3,2,5,6,5,3,2,55.0,50.0,52.0,48.0,55.0,45.0,60.0,40.0,50.0,42.0,2.0,1.0,1.0,2.0,2.0,2.0,2.0,1.0,2.0,2.0,2.0,1.0,2.0,1.0,1.0,1.0,2.0,1.0,2.0,1.0,1.0,1.0,1.0,1.0,1.0,1.0,2.0,1.0,1.0,1.0,2.0,1.0,1.0,2.0,2.0,2.0,1.0,1.0,1.0,2.0
1142,2,2,2,2,3,3,3,2,4,2,,30.0,,2.0,,,,3.0,4.0,2.0,6.0,,1.0,40.0,,,2.0,,,,,,,2.0,4.0,4.0,18.0,,1.0,,4.0,,,,1.0,,4.0,1.0,1.0,1.0,1.0,1.0,1.0,1.0,1.0,1.0,1.0,,,,,,,6,3,4,3,3,5,6,5,3,2,40.0,35.0,35.0,50.0,55.0,50.0,60.0,40.0,45.0,35.0,1.0,2.0,2.0,2.0,2.0,1.0,1.0,2.0,1.0,1.0,2.0,1.0,2.0,2.0,1.0,1.0,1.0,1.0,2.0,1.0,1.0,1.0,2.0,2.0,1.0,2.0,2.0,1.0,2.0,2.0,1.0,1.0,1.0,1.0,2.0,2.0,2.0,1.0,2.0,1.0
1031,4,4,4,4,4,4,5,4,2,2,70.0,,,2.0,3.0,4.0,5.0,,,,6.0,,,,2.0,,2.0,2.0,4.0,5.0,,,,,,,,0.0,,2.0,,6.0,,,1.0,,4.0,1.0,1.0,1.0,1.0,1.0,1.0,1.0,1.0,1.0,1.0,,,,,,,6,3,4,3,3,5,6,5,3,2,55.0,50.0,52.0,60.0,65.0,58.0,70.0,60.0,40.0,42.0,2.0,2.0,1.0,1.0,1.0,1.0,2.0,1.0,2.0,2.0,2.0,2.0,1.0,2.0,1.0,2.0,2.0,1.0,1.0,1.0,2.0,1.0,1.0,1.0,1.0,1.0,2.0,2.0,1.0,2.0,1.0,1.0,2.0,2.0,2.0,2.0,2.0,1.0,1.0,2.0
1843,2,3,2,2,2,2,4,2,4,3,,30.0,2.0,,,,,3.0,4.0,3.0,6.0,,1.0,40.0,,,2.0,2.0,4.0,5.0,,,,,,,5.0,,,2.0,4.0,,,,1.0,,4.0,1.0,1.0,1.0,1.0,1.0,1.0,1.0,1.0,1.0,1.0,,,,,,,6,3,4,3,3,5,6,5,3,2,40.0,35.0,38.0,45.0,50.0,40.0,60.0,38.0,55.0,42.0,2.0,1.0,2.0,1.0,2.0,1.0,1.0,2.0,1.0,2.0,1.0,1.0,2.0,1.0,1.0,1.0,2.0,1.0,2.0,2.0,1.0,1.0,1.0,1.0,2.0,2.0,1.0,2.0,2.0,1.0,1.0,1.0,2.0,1.0,1.0,1.0,1.0,2.0,1.0,1.0
1930,4,4,4,4,4,4,4,4,2,2,70.0,,3.0,,,,,3.0,4.0,3.0,,6.0,1.0,54.0,,,2.0,2.0,4.0,5.0,,,,,,,18.0,,,2.0,4.0,,,,1.0,4.0,,1.0,1.0,1.0,1.0,1.0,1.0,1.0,1.0,1.0,1.0,,,,,,,6,3,4,4,3,5,6,6,3,2,55.0,50.0,52.0,60.0,62.0,58.0,65.0,54.0,40.0,38.0,2.0,2.0,2.0,2.0,2.0,1.0,2.0,2.0,2.0,2.0,2.0,2.0,2.0,2.0,1.0,2.0,2.0,2.0,2.0,2.0,2.0,2.0,2.0,2.0,1.0,2.0,2.0,2.0,2.0,2.0,2.0,2.0,2.0,2.0,2.0,2.0,2.0,2.0,1.0,2.0
765,4,4,4,4,4,4,4,4,2,2,,30.0,4.0,,,,,3.0,5.0,2.0,,5.0,,,2.0,1.0,,2.0,4.0,5.0,,,,,,,18.0,,1.0,,4.0,,,,1.0,4.0,,,,,,,,,,,,1.0,1.0,1.0,1.0,1.0,1.0,6,3,4,4,3,5,6,6,3,2,55.0,50.0,52.0,60.0,65.0,62.0,70.0,58.0,40.0,38.0,1.0,2.0,2.0,1.0,2.0,1.0,1.0,2.0,2.0,1.0,2.0,2.0,2.0,2.0,1.0,2.0,2.0,1.0,1.0,1.0,2.0,2.0,1.0,1.0,1.0,1.0,1.0,1.0,2.0,1.0,2.0,1.0,2.0,1.0,1.0,1.0,2.0,2.0,2.0,1.0
616,4,4,4,4,4,4,5,4,2,2,70.0,,,2.0,,,,3.0,5.0,4.0,6.0,,,,2.0,1.0,,,,,,,,3.0,4.0,5.0,,18.0,1.0,,4.0,,,1.0,,,4.0,1.0,1.0,1.0,1.0,1.0,1.0,1.0,1.0,1.0,1.0,,,,,,,6,3,4,4,2,5,6,6,3,2,55.0,50.0,52.0,60.0,65.0,58.0,70.0,60.0,40.0,38.0,1.0,2.0,2.0,1.0,2.0,1.0,1.0,1.0,1.0,2.0,1.0,2.0,2.0,1.0,1.0,2.0,2.0,2.0,2.0,1.0,1.0,2.0,2.0,1.0,1.0,2.0,1.0,2.0,1.0,1.0,2.0,2.0,1.0,2.0,2.0,2.0,1.0,1.0,1.0,2.0
583,3,3,3,3,3,3,4,3,2,2,,30.0,,2.0,,,,3.0,4.0,3.0,,5.0,,,2.0,,2.0,,,,,,,3.0,4.0,4.0,,15.0,1.0,,,5.0,,,1.0,4.0,,,,,,,,,,,,1.0,1.0,1.0,1.0,1.0,1.0,6,3,4,4,3,5,6,6,3,2,50.0,50.0,50.0,50.0,50.0,50.0,60.0,50.0,40.0,40.0,1.0,2.0,2.0,1.0,2.0,2.0,2.0,1.0,2.0,1.0,2.0,2.0,1.0,2.0,1.0,1.0,1.0,1.0,1.0,2.0,2.0,1.0,1.0,1.0,2.0,2.0,1.0,1.0,2.0,2.0,1.0,2.0,2.0,2.0,2.0,2.0,1.0,1.0,2.0,2.0
179,5,5,5,5,5,5,5,5,1,2,70.0,,4.0,,,,,3.0,4.0,2.0,,6.0,1.0,54.0,,,2.0,,,,4.0,5.0,6.0,,,,,18.0,,2.0,,,2.0,,1.0,5.0,,,,,,,,,,,,1.0,1.0,1.0,1.0,1.0,1.0,6,3,4,4,3,5,6,6,3,2,60.0,55.0,58.0,65.0,68.0,62.0,70.0,60.0,40.0,45.0,2.0,2.0,1.0,1.0,2.0,1.0,1.0,2.0,1.0,2.0,2.0,1.0,1.0,1.0,2.0,1.0,1.0,1.0,2.0,1.0,2.0,1.0,2.0,1.0,2.0,2.0,1.0,1.0,1.0,2.0,1.0,1.0,1.0,2.0,2.0,1.0,1.0,1.0,2.0,2.0
1365,5,5,5,5,5,5,5,5,1,1,,30.0,,1.0,,,,3.0,5.0,2.0,,6.0,1.0,54.0,,1.0,,,,,4.0,5.0,6.0,,,,5.0,,,2.0,,,2.0,,1.0,5.0,,,,,,,,,,,,1.0,1.0,1.0,1.0,1.0,1.0,6,3,4,4,2,5,6,6,4,2,60.0,55.0,60.0,65.0,70.0,60.0,75.0,60.0,40.0,35.0,2.0,1.0,1.0,1.0,2.0,1.0,2.0,1.0,2.0,1.0,1.0,2.0,2.0,2.0,2.0,1.0,2.0,2.0,1.0,2.0,2.0,1.0,1.0,1.0,2.0,1.0,1.0,1.0,1.0,1.0,2.0,2.0,1.0,2.0,1.0,2.0,2.0,2.0,2.0,1.0
1216,2,3,2,2,2,2,4,2,4,3,70.0,,,2.0,,,,3.0,4.0,2.0,,5.0,,,2.0,,2.0,,,,2.0,4.0,5.0,,,,,0.0,,2.0,,6.0,,1.0,,4.0,,,,,,,,,,,,1.0,1.0,1.0,1.0,1.0,1.0,6,3,4,4,2,5,6,6,3,2,45.0,40.0,40.0,45.0,50.0,45.0,60.0,40.0,55.0,45.0,1.0,2.0,1.0,2.0,1.0,2.0,2.0,2.0,1.0,1.0,2.0,1.0,1.0,1.0,1.0,2.0,2.0,1.0,2.0,1.0,1.0,1.0,1.0,1.0,1.0,2.0,1.0,2.0,1.0,1.0,1.0,1.0,1.0,2.0,2.0,2.0,1.0,1.0,1.0,2.0
1183,2,2,2,2,2,2,4,2,4,2,,30.0,2.0,,,,,3.0,4.0,3.0,5.0,,1.0,54.0,,,2.0,,,,,,,2.0,4.0,5.0,20.0,,,2.0,4.0,,,1.0,,4.0,,,,,,,,,,,,1.0,1.0,1.0,1.0,1.0,1.0,6,3,4,4,3,5,6,6,3,2,45.0,40.0,40.0,40.0,45.0,40.0,60.0,40.0,50.0,40.0,2.0,1.0,1.0,1.0,2.0,2.0,1.0,1.0,2.0,1.0,1.0,2.0,1.0,1.0,2.0,2.0,2.0,2.0,1.0,1.0,1.0,1.0,1.0,2.0,1.0,1.0,1.0,1.0,2.0,2.0,2.0,2.0,1.0,2.0,1.0,2.0,1.0,1.0,1.0,2.0
1579,2,3,2,2,2,2,4,2,4,2,70.0,,2.0,,,,,3.0,4.0,2.0,,5.0,1.0,54.0,,1.0,,2.0,4.0,4.0,,,,,,,,5.0,1.0,,,,2.0,,1.0,4.0,,1.0,1.0,1.0,1.0,1.0,1.0,1.0,1.0,1.0,1.0,,,,,,,6,3,4,3,3,5,6,5,3,2,45.0,40.0,40.0,35.0,40.0,35.0,60.0,40.0,50.0,40.0,2.0,1.0,1.0,1.0,2.0,1.0,1.0,1.0,2.0,1.0,1.0,1.0,2.0,2.0,1.0,2.0,1.0,2.0,1.0,2.0,1.0,1.0,1.0,1.0,1.0,1.0,2.0,1.0,2.0,1.0,2.0,2.0,1.0,1.0,1.0,1.0,1.0,1.0,1.0,2.0
1882,2,2,2,2,2,2,4,2,4,4,,30.0,2.0,,,,,3.0,4.0,2.0,6.0,,1.0,54.0,,1.0,,2.0,3.0,4.0,,,,,,,18.0,,1.0,,,6.0,,1.0,,4.0,,,,,,,,,,,,1.0,1.0,1.0,1.0,1.0,1.0,6,3,4,3,3,5,6,6,3,2,45.0,40.0,40.0,50.0,55.0,55.0,60.0,45.0,40.0,35.0,2.0,1.0,1.0,2.0,2.0,2.0,2.0,2.0,1.0,1.0,2.0,2.0,1.0,2.0,1.0,2.0,1.0,1.0,2.0,1.0,1.0,2.0,1.0,1.0,1.0,1.0,2.0,2.0,1.0,2.0,1.0,2.0,2.0,2.0,1.0,2.0,2.0,1.0,1.0,1.0
878,2,3,2,2,3,2,4,2,4,2,70.0,,,2.0,,,,3.0,5.0,2.0,,6.0,1.0,54.0,,1.0,,,,,,,,2.0,4.0,5.0,,15.0,,2.0,,6.0,,1.0,,,4.0,,,,,,,,,,,1.0,1.0,1.0,1.0,1.0,1.0,6,3,4,3,2,5,6,5,3,2,45.0,40.0,42.0,50.0,55.0,55.0,60.0,40.0,35.0,38.0,1.0,2.0,2.0,2.0,1.0,1.0,1.0,2.0,1.0,1.0,2.0,1.0,1.0,1.0,1.0,2.0,2.0,1.0,1.0,2.0,1.0,1.0,1.0,1.0,1.0,2.0,2.0,1.0,1.0,2.0,1.0,1.0,1.0,1.0,2.0,1.0,1.0,2.0,2.0,2.0
1174,4,4,4,3,4,4,4,4,2,2,70.0,,,2.0,,,,3.0,5.0,2.0,6.0,,1.0,54.0,,1.0,,,,,,,,3.0,4.0,5.0,,10.0,,2.0,4.0,,,,1.0,,4.0,1.0,1.0,1.0,1.0,1.0,1.0,1.0,1.0,1.0,1.0,,,,,,,6,3,4,4,3,5,6,6,3,2,55.0,50.0,52.0,60.0,65.0,58.0,70.0,60.0,40.0,35.0,2.0,1.0,2.0,2.0,1.0,2.0,2.0,2.0,2.0,2.0,2.0,1.0,2.0,2.0,2.0,2.0,2.0,1.0,2.0,1.0,2.0,2.0,2.0,2.0,1.0,2.0,2.0,2.0,2.0,2.0,1.0,1.0,2.0,1.0,1.0,1.0,2.0,2.0,2.0,1.0
1007,4,4,4,4,4,4,4,4,2,2,,30.0,3.0,,2.0,3.0,5.0,,,,6.0,,,,2.0,,2.0,,,,,,,3.0,4.0,5.0,18.0,,1.0,,,6.0,,,1.0,,4.0,1.0,1.0,1.0,1.0,1.0,1.0,1.0,1.0,1.0,1.0,,,,,,,6,3,5,4,2,5,6,5,3,2,55.0,50.0,52.0,60.0,62.0,58.0,65.0,54.0,40.0,42.0,1.0,2.0,1.0,2.0,2.0,2.0,2.0,1.0,1.0,2.0,2.0,1.0,1.0,1.0,2.0,2.0,1.0,2.0,1.0,2.0,1.0,1.0,2.0,2.0,2.0,1.0,1.0,1.0,1.0,1.0,1.0,2.0,2.0,1.0,1.0,2.0,1.0,1.0,1.0,2.0
1392,3,3,3,3,4,3,4,4,2,2,,30.0,,2.0,2.0,3.0,5.0,,,,,,1.0,40.0,,,2.0,2.0,4.0,4.0,,,,,,,18.0,,1.0,,4.0,,,1.0,,4.0,,,,,,,,,,,,1.0,1.0,1.0,1.0,1.0,1.0,6,3,4,4,3,5,6,6,3,2,45.0,40.0,45.0,55.0,60.0,50.0,65.0,55.0,40.0,35.0,,,,,,,,,,,,,,,,,,,,,,,,,,,,,,,,,,,,,,,,
1768,5,5,5,5,5,5,5,5,1,1,,30.0,,1.0,3.0,4.0,6.0,,,,6.0,,1.0,54.0,,1.0,,,,,,,,4.0,5.0,6.0,,15.0,1.0,,5.0,,,1.0,,,5.0,,,,,,,,,,,1.0,1.0,1.0,1.0,1.0,1.0,6,3,5,4,2,5,6,6,4,2,60.0,55.0,50.0,65.0,70.0,60.0,75.0,55.0,40.0,35.0,1.0,1.0,1.0,1.0,1.0,1.0,1.0,1.0,1.0,2.0,2.0,1.0,2.0,2.0,1.0,1.0,1.0,2.0,1.0,2.0,2.0,1.0,1.0,1.0,1.0,2.0,2.0,1.0,1.0,1.0,1.0,1.0,1.0,2.0,1.0,1.0,2.0,2.0,2.0,1.0
574,2,3,2,2,3,2,4,2,4,3,70.0,,2.0,,3.0,4.0,6.0,,,,,6.0,1.0,54.0,,1.0,,,,,,,,3.0,4.0,5.0,,15.0,,2.0,,6.0,,1.0,,,4.0,1.0,1.0,1.0,1.0,1.0,1.0,1.0,1.0,1.0,1.0,,,,,,,6,3,4,3,3,5,6,5,3,2,45.0,40.0,40.0,50.0,55.0,40.0,60.0,45.0,50.0,40.0,2.0,1.0,2.0,1.0,2.0,1.0,2.0,2.0,1.0,1.0,2.0,2.0,1.0,1.0,1.0,2.0,1.0,2.0,1.0,2.0,1.0,1.0,1.0,1.0,1.0,2.0,2.0,2.0,2.0,1.0,2.0,1.0,1.0,2.0,1.0,1.0,2.0,2.0,2.0,1.0
407,4,4,4,4,4,4,4,4,2,2,70.0,,,2.0,,,,3.0,4.0,3.0,6.0,,,,2.0,,2.0,2.0,4.0,5.0,,,,,,,,20.0,,2.0,,6.0,,1.0,,5.0,,1.0,1.0,1.0,1.0,1.0,1.0,1.0,1.0,1.0,1.0,,,,,,,6,3,4,4,3,5,6,6,3,2,60.0,55.0,60.0,65.0,65.0,60.0,70.0,60.0,40.0,40.0,2.0,2.0,1.0,1.0,2.0,2.0,1.0,1.0,1.0,2.0,2.0,2.0,2.0,1.0,2.0,2.0,2.0,2.0,2.0,2.0,2.0,1.0,2.0,2.0,1.0,2.0,1.0,2.0,1.0,1.0,1.0,2.0,2.0,2.0,1.0,1.0,1.0,2.0,1.0,1.0
792,2,2,2,2,2,2,4,2,4,2,,30.0,2.0,,,,,3.0,4.0,3.0,5.0,,,,2.0,,2.0,2.0,2.0,2.0,,,,,,,,20.0,1.0,,,,2.0,1.0,,2.0,,1.0,1.0,1.0,1.0,1.0,1.0,1.0,1.0,1.0,1.0,,,,,,,6,3,3,3,3,5,5,5,3,1,30.0,30.0,30.0,30.0,30.0,30.0,50.0,30.0,50.0,30.0,1.0,1.0,1.0,1.0,1.0,1.0,1.0,1.0,1.0,1.0,1.0,1.0,1.0,1.0,1.0,1.0,1.0,1.0,1.0,1.0,1.0,1.0,1.0,1.0,1.0,1.0,1.0,1.0,1.0,1.0,1.0,1.0,1.0,1.0,1.0,1.0,1.0,1.0,1.0,1.0
368,5,5,5,5,5,5,5,5,1,1,70.0,,,2.0,,,,3.0,5.0,2.0,6.0,,,,2.0,,2.0,,,,4.0,5.0,6.0,,,,15.0,,1.0,,,6.0,,,1.0,,5.0,1.0,1.0,1.0,1.0,1.0,1.0,1.0,1.0,1.0,1.0,,,,,,,6,3,4,4,2,5,6,6,4,2,60.0,55.0,58.0,65.0,70.0,62.0,75.0,60.0,40.0,35.0,1.0,2.0,1.0,1.0,2.0,1.0,2.0,1.0,1.0,1.0,2.0,1.0,1.0,2.0,1.0,2.0,2.0,1.0,1.0,1.0,2.0,2.0,2.0,1.0,1.0,1.0,1.0,2.0,1.0,2.0,1.0,2.0,1.0,1.0,1.0,1.0,2.0,1.0,2.0,2.0
19,4,4,4,4,4,4,5,4,2,2,,30.0,,2.0,,,,3.0,4.0,2.0,,6.0,,,2.0,,2.0,,,,3.0,4.0,5.0,,,,18.0,,1.0,,,,2.0,,1.0,,4.0,1.0,1.0,1.0,1.0,1.0,1.0,1.0,1.0,1.0,1.0,,,,,,,6,3,4,4,2,5,6,6,3,2,60.0,55.0,60.0,65.0,70.0,60.0,75.0,65.0,40.0,45.0,2.0,2.0,1.0,2.0,1.0,2.0,1.0,1.0,1.0,2.0,1.0,1.0,2.0,2.0,1.0,2.0,1.0,2.0,1.0,2.0,1.0,2.0,2.0,1.0,2.0,2.0,1.0,1.0,1.0,2.0,1.0,2.0,2.0,2.0,2.0,1.0,1.0,2.0,1.0,2.0
1875,5,5,5,5,5,5,5,5,1,1,70.0,,,1.0,3.0,4.0,6.0,,,,6.0,,,,2.0,1.0,,2.0,5.0,6.0,,,,,,,20.0,,1.0,,4.0,,,,1.0,,5.0,,,,,,,,,,,1.0,1.0,1.0,1.0,1.0,1.0,6,3,4,3,3,5,6,5,3,2,60.0,55.0,60.0,65.0,65.0,60.0,70.0,60.0,40.0,35.0,2.0,2.0,2.0,2.0,2.0,2.0,1.0,2.0,1.0,2.0,2.0,1.0,1.0,2.0,1.0,2.0,2.0,1.0,1.0,2.0,2.0,2.0,1.0,1.0,1.0,1.0,2.0,1.0,1.0,1.0,2.0,2.0,2.0,2.0,2.0,2.0,2.0,1.0,2.0,2.0
1906,4,4,4,4,4,4,4,4,2,2,70.0,,,1.0,3.0,4.0,5.0,,,,6.0,,,,2.0,1.0,,,,,,,,3.0,4.0,5.0,,15.0,1.0,,,5.0,,1.0,,4.0,,,,,,,,,,,,1.0,1.0,1.0,1.0,1.0,1.0,6,3,4,4,3,5,6,6,3,2,55.0,50.0,52.0,60.0,62.0,58.0,65.0,54.0,40.0,42.0,1.0,2.0,2.0,1.0,2.0,2.0,1.0,1.0,2.0,1.0,1.0,1.0,2.0,2.0,1.0,2.0,1.0,1.0,2.0,1.0,1.0,1.0,2.0,1.0,1.0,2.0,2.0,1.0,2.0,1.0,1.0,1.0,1.0,2.0,1.0,2.0,2.0,2.0,2.0,2.0
1353,5,5,5,5,5,5,5,5,1,1,,30.0,,1.0,,,,3.0,4.0,3.0,6.0,,1.0,54.0,,,2.0,,,,,,,4.0,5.0,6.0,18.0,,1.0,,4.0,,,1.0,,,5.0,1.0,1.0,1.0,1.0,1.0,1.0,1.0,1.0,1.0,1.0,,,,,,,6,3,4,3,3,5,6,6,3,2,60.0,55.0,60.0,65.0,70.0,65.0,75.0,60.0,40.0,35.0,2.0,2.0,1.0,1.0,1.0,2.0,1.0,2.0,2.0,1.0,1.0,2.0,2.0,2.0,2.0,1.0,1.0,2.0,2.0,1.0,2.0,2.0,2.0,2.0,2.0,2.0,2.0,2.0,2.0,2.0,2.0,1.0,2.0,2.0,1.0,2.0,2.0,1.0,1.0,2.0
1220,3,3,3,3,3,3,3,3,2,2,70.0,,,3.0,3.0,4.0,6.0,,,,5.0,,,,2.0,,2.0,3.0,3.0,3.0,,,,,,,20.0,,,2.0,3.0,,,1.0,,,3.0,1.0,1.0,1.0,1.0,1.0,1.0,1.0,1.0,1.0,1.0,,,,,,,5,3,3,3,3,5,5,5,3,2,50.0,50.0,50.0,50.0,50.0,50.0,50.0,50.0,40.0,40.0,2.0,2.0,2.0,2.0,2.0,2.0,2.0,2.0,2.0,2.0,2.0,2.0,2.0,2.0,2.0,2.0,2.0,2.0,2.0,2.0,2.0,2.0,2.0,2.0,2.0,2.0,2.0,2.0,2.0,2.0,2.0,2.0,2.0,2.0,2.0,2.0,2.0,2.0,2.0,2.0
753,3,3,3,3,4,4,4,3,2,2,70.0,,3.0,,2.0,3.0,5.0,,,,5.0,,,,2.0,1.0,,,,,3.0,4.0,4.0,,,,16.0,,1.0,,4.0,,,1.0,,4.0,,1.0,1.0,1.0,1.0,1.0,1.0,1.0,1.0,1.0,1.0,,,,,,,6,3,4,3,3,5,6,5,3,2,55.0,50.0,52.0,60.0,65.0,62.0,70.0,58.0,40.0,42.0,1.0,2.0,2.0,1.0,2.0,2.0,1.0,2.0,1.0,1.0,1.0,1.0,2.0,1.0,1.0,1.0,1.0,1.0,1.0,2.0,2.0,2.0,2.0,1.0,2.0,1.0,1.0,2.0,2.0,2.0,1.0,2.0,2.0,1.0,1.0,2.0,2.0,2.0,2.0,1.0
620,2,2,2,2,2,2,2,2,4,4,,30.0,,2.0,,,,3.0,4.0,2.0,,5.0,,,2.0,1.0,,,,,,,,1.0,2.0,2.0,20.0,,,2.0,,,1.0,,1.0,3.0,,1.0,1.0,1.0,1.0,1.0,1.0,1.0,1.0,1.0,1.0,,,,,,,6,3,4,4,2,5,6,6,2,2,40.0,35.0,35.0,40.0,45.0,35.0,50.0,40.0,55.0,50.0,2.0,2.0,1.0,2.0,2.0,2.0,2.0,2.0,1.0,2.0,1.0,2.0,1.0,1.0,2.0,2.0,2.0,1.0,1.0,2.0,2.0,2.0,2.0,2.0,2.0,2.0,2.0,1.0,2.0,2.0,2.0,2.0,2.0,2.0,2.0,2.0,2.0,1.0,2.0,2.0
1449,4,4,4,5,5,5,5,5,1,2,70.0,,,1.0,,,,3.0,5.0,2.0,,5.0,,,2.0,1.0,,2.0,4.0,5.0,,,,,,,5.0,,,2.0,,5.0,,1.0,,,5.0,,,,,,,,,,,1.0,1.0,1.0,1.0,1.0,1.0,6,3,4,3,3,5,6,5,3,2,60.0,55.0,58.0,65.0,68.0,62.0,70.0,60.0,40.0,45.0,1.0,2.0,1.0,1.0,2.0,2.0,2.0,2.0,1.0,1.0,2.0,1.0,2.0,1.0,1.0,1.0,2.0,2.0,1.0,2.0,2.0,1.0,1.0,2.0,1.0,1.0,2.0,2.0,2.0,1.0,2.0,2.0,1.0,2.0,2.0,1.0,1.0,2.0,1.0,1.0
1326,4,4,4,5,5,5,5,4,2,2,70.0,,,2.0,,,,3.0,4.0,2.0,6.0,,,,2.0,,2.0,,,,,,,4.0,4.0,5.0,,18.0,1.0,,,6.0,,1.0,,,5.0,,,,,,,,,,,1.0,1.0,1.0,1.0,1.0,1.0,6,3,4,4,3,5,6,6,3,2,60.0,55.0,58.0,65.0,68.0,62.0,70.0,60.0,40.0,45.0,2.0,1.0,2.0,2.0,1.0,1.0,2.0,2.0,1.0,1.0,2.0,2.0,1.0,1.0,2.0,1.0,2.0,2.0,2.0,1.0,2.0,2.0,2.0,1.0,1.0,1.0,2.0,1.0,2.0,2.0,2.0,2.0,1.0,2.0,2.0,1.0,2.0,1.0,1.0,1.0
1255,4,4,4,5,5,5,5,4,2,2,,30.0,4.0,,2.0,4.0,5.0,,,,,6.0,,,2.0,,2.0,,,,3.0,4.0,5.0,,,,16.0,,1.0,,4.0,,,1.0,,,4.0,,,,,,,,,,,1.0,1.0,1.0,1.0,1.0,1.0,6,3,4,4,3,5,6,6,3,2,55.0,50.0,52.0,60.0,62.0,58.0,65.0,54.0,40.0,42.0,1.0,1.0,2.0,2.0,1.0,1.0,1.0,1.0,2.0,2.0,2.0,2.0,2.0,2.0,1.0,2.0,2.0,1.0,1.0,1.0,1.0,1.0,1.0,1.0,1.0,2.0,2.0,1.0,2.0,2.0,1.0,1.0,1.0,2.0,1.0,1.0,2.0,2.0,1.0,1.0
726,2,3,2,2,3,2,3,2,4,2,,30.0,,2.0,,,,2.0,5.0,3.0,6.0,,,,2.0,1.0,,,,,2.0,4.0,4.0,,,,,0.0,1.0,,,,1.0,,1.0,3.0,,1.0,1.0,1.0,1.0,1.0,1.0,1.0,1.0,1.0,1.0,,,,,,,6,3,4,3,3,5,6,5,3,2,40.0,35.0,38.0,45.0,50.0,35.0,55.0,40.0,60.0,38.0,2.0,1.0,2.0,1.0,1.0,2.0,2.0,2.0,2.0,2.0,1.0,2.0,2.0,2.0,1.0,2.0,2.0,2.0,2.0,2.0,2.0,2.0,1.0,2.0,1.0,1.0,2.0,2.0,2.0,2.0,2.0,2.0,2.0,2.0,1.0,2.0,2.0,2.0,2.0,1.0
655,5,5,5,5,5,5,5,5,1,2,,30.0,,2.0,3.0,4.0,6.0,,,,6.0,,1.0,54.0,,,2.0,2.0,5.0,6.0,,,,,,,16.0,,1.0,,,,3.0,,1.0,,5.0,,,,,,,,,,,1.0,1.0,1.0,1.0,1.0,1.0,6,3,5,4,3,5,6,5,4,2,62.0,55.0,60.0,65.0,68.0,60.0,70.0,58.0,40.0,45.0,1.0,1.0,2.0,1.0,2.0,1.0,1.0,1.0,2.0,1.0,1.0,2.0,1.0,1.0,2.0,2.0,2.0,1.0,1.0,2.0,2.0,2.0,2.0,2.0,1.0,1.0,2.0,2.0,1.0,2.0,2.0,2.0,2.0,2.0,1.0,2.0,2.0,1.0,2.0,1.0
948,2,2,2,2,2,2,4,2,4,2,,30.0,2.0,,2.0,3.0,5.0,,,,6.0,,1.0,54.0,,,2.0,2.0,4.0,5.0,,,,,,,,18.0,1.0,,4.0,,,1.0,,4.0,,1.0,1.0,1.0,1.0,1.0,1.0,1.0,1.0,1.0,1.0,,,,,,,6,3,4,4,3,5,6,5,3,2,40.0,35.0,38.0,45.0,50.0,40.0,60.0,38.0,55.0,35.0,1.0,1.0,2.0,2.0,1.0,2.0,1.0,2.0,1.0,1.0,1.0,1.0,1.0,1.0,1.0,2.0,1.0,1.0,1.0,2.0,1.0,1.0,2.0,1.0,1.0,1.0,1.0,1.0,1.0,2.0,1.0,2.0,1.0,1.0,2.0,1.0,1.0,1.0,2.0,1.0
1294,3,4,4,3,4,4,4,3,2,2,,30.0,,2.0,2.0,3.0,5.0,,,,6.0,,1.0,54.0,,,2.0,,,,3.0,4.0,4.0,,,,,15.0,,2.0,4.0,,,,1.0,4.0,,,,,,,,,,,,1.0,1.0,1.0,1.0,1.0,1.0,6,3,4,4,2,5,6,6,3,2,55.0,60.0,60.0,65.0,70.0,65.0,75.0,60.0,40.0,45.0,1.0,2.0,2.0,2.0,2.0,2.0,2.0,2.0,2.0,1.0,1.0,2.0,2.0,2.0,2.0,1.0,2.0,2.0,2.0,2.0,2.0,1.0,1.0,2.0,1.0,2.0,1.0,2.0,1.0,1.0,2.0,2.0,2.0,2.0,2.0,1.0,2.0,1.0,1.0,1.0
1101,4,4,4,4,4,4,4,4,2,2,,30.0,,2.0,3.0,4.0,5.0,,,,6.0,,,,2.0,1.0,,2.0,4.0,5.0,,,,,,,18.0,,,2.0,,,2.0,1.0,,,5.0,,,,,,,,,,,1.0,1.0,1.0,1.0,1.0,1.0,6,3,4,4,2,5,6,5,3,2,55.0,50.0,52.0,60.0,62.0,58.0,65.0,54.0,40.0,42.0,1.0,1.0,1.0,2.0,2.0,2.0,1.0,2.0,1.0,1.0,1.0,2.0,2.0,2.0,1.0,1.0,2.0,1.0,1.0,2.0,1.0,1.0,1.0,1.0,2.0,2.0,2.0,2.0,2.0,1.0,1.0,1.0,2.0,2.0,1.0,1.0,1.0,1.0,1.0,2.0
1488,4,4,4,4,4,4,4,4,2,2,,30.0,3.0,,3.0,4.0,5.0,,,,,,1.0,54.0,,1.0,,2.0,4.0,4.0,,,,,,,,18.0,1.0,,,6.0,,,1.0,,4.0,1.0,1.0,1.0,1.0,1.0,1.0,1.0,1.0,1.0,1.0,,,,,,,6,3,4,4,3,5,6,5,3,2,55.0,50.0,52.0,60.0,65.0,58.0,70.0,60.0,40.0,35.0,2.0,1.0,2.0,2.0,1.0,2.0,2.0,1.0,2.0,2.0,2.0,1.0,2.0,2.0,2.0,2.0,2.0,1.0,2.0,2.0,2.0,2.0,2.0,1.0,1.0,2.0,2.0,1.0,1.0,2.0,2.0,1.0,2.0,2.0,2.0,1.0,1.0,1.0,1.0,2.0
1072,4,4,4,4,4,4,4,4,2,2,70.0,,,2.0,,,,3.0,4.0,2.0,,5.0,,,2.0,1.0,,2.0,4.0,5.0,,,,,,,,18.0,1.0,,,6.0,,1.0,,,5.0,1.0,1.0,1.0,1.0,1.0,1.0,1.0,1.0,1.0,1.0,,,,,,,6,3,4,3,3,5,6,5,3,2,55.0,50.0,52.0,60.0,62.0,58.0,65.0,54.0,40.0,42.0,2.0,2.0,2.0,2.0,1.0,1.0,1.0,2.0,2.0,2.0,2.0,1.0,1.0,1.0,2.0,2.0,1.0,2.0,2.0,1.0,1.0,2.0,2.0,1.0,1.0,1.0,2.0,1.0,2.0,1.0,1.0,2.0,1.0,2.0,2.0,2.0,2.0,1.0,2.0,2.0
694,4,4,4,5,5,5,5,4,2,2,,30.0,4.0,,3.0,4.0,5.0,,,,,6.0,1.0,54.0,,,2.0,,,,4.0,4.0,5.0,,,,18.0,,1.0,,4.0,,,1.0,,5.0,,1.0,1.0,1.0,1.0,1.0,1.0,1.0,1.0,1.0,1.0,,,,,,,6,3,4,4,2,5,6,5,4,2,55.0,50.0,52.0,60.0,65.0,62.0,70.0,58.0,40.0,42.0,2.0,1.0,2.0,2.0,2.0,2.0,1.0,1.0,1.0,2.0,2.0,2.0,1.0,1.0,2.0,2.0,1.0,2.0,2.0,2.0,1.0,1.0,2.0,2.0,1.0,1.0,2.0,1.0,2.0,1.0,2.0,1.0,2.0,1.0,1.0,2.0,2.0,2.0,1.0,1.0
501,4,4,4,4,4,4,5,4,2,2,70.0,,,2.0,,,,4.0,5.0,3.0,,6.0,1.0,54.0,,1.0,,2.0,4.0,5.0,,,,,,,18.0,,1.0,,,6.0,,1.0,,4.0,,,,,,,,,,,,1.0,1.0,1.0,1.0,1.0,1.0,6,3,4,3,2,5,6,5,3,2,55.0,50.0,52.0,60.0,62.0,58.0,65.0,54.0,40.0,42.0,2.0,2.0,1.0,1.0,1.0,1.0,1.0,1.0,2.0,1.0,1.0,2.0,2.0,1.0,2.0,2.0,1.0,1.0,1.0,1.0,2.0,2.0,1.0,1.0,2.0,2.0,2.0,1.0,1.0,1.0,1.0,1.0,2.0,1.0,2.0,2.0,2.0,2.0,1.0,1.0
472,2,2,2,2,2,2,4,2,4,4,,30.0,,2.0,3.0,4.0,5.0,,,,6.0,,1.0,54.0,,,2.0,,,,2.0,4.0,4.0,,,,18.0,,1.0,,,6.0,,,1.0,4.0,,,,,,,,,,,,1.0,1.0,1.0,1.0,1.0,1.0,6,3,5,4,3,5,6,5,3,2,45.0,40.0,40.0,40.0,45.0,40.0,60.0,40.0,50.0,50.0,1.0,2.0,1.0,1.0,2.0,2.0,1.0,1.0,1.0,2.0,1.0,2.0,1.0,1.0,1.0,1.0,1.0,1.0,1.0,1.0,2.0,1.0,2.0,1.0,2.0,1.0,2.0,1.0,1.0,2.0,1.0,1.0,2.0,2.0,2.0,1.0,1.0,2.0,1.0,1.0
989,4,4,4,4,4,4,5,4,2,2,70.0,,,2.0,,,,3.0,4.0,2.0,6.0,,,,2.0,,2.0,2.0,4.0,5.0,,,,,,,16.0,,1.0,,4.0,,,,1.0,,5.0,,,,,,,,,,,1.0,1.0,1.0,1.0,1.0,1.0,6,3,4,4,3,5,6,6,3,2,60.0,55.0,58.0,65.0,68.0,62.0,70.0,60.0,40.0,45.0,1.0,1.0,2.0,1.0,2.0,2.0,1.0,2.0,1.0,2.0,1.0,2.0,2.0,1.0,2.0,1.0,1.0,2.0,2.0,2.0,2.0,1.0,1.0,1.0,2.0,2.0,1.0,1.0,2.0,1.0,2.0,1.0,1.0,1.0,1.0,2.0,2.0,2.0,1.0,2.0
1800,5,5,5,5,5,5,5,5,1,2,70.0,,,1.0,,,,3.0,4.0,2.0,,6.0,1.0,54.0,,1.0,,,,,,,,3.0,5.0,6.0,,18.0,,2.0,,,2.0,1.0,,5.0,,1.0,1.0,1.0,1.0,1.0,1.0,1.0,1.0,1.0,1.0,,,,,,,6,3,4,3,3,5,6,5,4,2,60.0,55.0,58.0,65.0,68.0,62.0,70.0,60.0,40.0,45.0,2.0,1.0,1.0,1.0,2.0,1.0,2.0,2.0,1.0,2.0,2.0,1.0,1.0,1.0,1.0,2.0,2.0,2.0,2.0,2.0,1.0,2.0,2.0,2.0,2.0,2.0,2.0,1.0,2.0,2.0,1.0,2.0,2.0,1.0,2.0,2.0,1.0,1.0,1.0,1.0
1973,4,4,4,4,4,4,4,4,2,2,70.0,,3.0,,3.0,4.0,6.0,,,,5.0,,1.0,40.0,,,2.0,,,,,,,3.0,4.0,5.0,,15.0,1.0,,,,2.0,,1.0,4.0,,1.0,1.0,1.0,1.0,1.0,1.0,1.0,1.0,1.0,1.0,,,,,,,6,3,4,4,3,5,6,6,3,2,60.0,55.0,60.0,65.0,65.0,60.0,70.0,60.0,40.0,40.0,1.0,1.0,1.0,2.0,2.0,1.0,1.0,2.0,2.0,2.0,1.0,2.0,1.0,1.0,2.0,2.0,2.0,1.0,2.0,1.0,1.0,2.0,1.0,1.0,2.0,2.0,1.0,1.0,1.0,2.0,1.0,1.0,1.0,2.0,1.0,1.0,1.0,1.0,1.0,2.0
831,2,2,2,2,2,2,3,2,4,4,70.0,,2.0,,2.0,3.0,5.0,,,,,5.0,,,2.0,1.0,,,,,,,,2.0,4.0,4.0,,18.0,,2.0,,6.0,,1.0,,3.0,,1.0,1.0,1.0,1.0,1.0,1.0,1.0,1.0,1.0,1.0,,,,,,,6,3,4,3,3,5,6,5,3,1,45.0,40.0,40.0,50.0,55.0,45.0,60.0,40.0,50.0,45.0,1.0,1.0,2.0,1.0,1.0,1.0,2.0,1.0,2.0,1.0,2.0,2.0,2.0,2.0,2.0,1.0,2.0,2.0,1.0,1.0,2.0,2.0,1.0,2.0,1.0,2.0,1.0,2.0,2.0,2.0,2.0,2.0,2.0,2.0,1.0,2.0,2.0,2.0,1.0,1.0
942,5,5,5,5,5,5,5,5,1,2,,30.0,,2.0,,,,3.0,5.0,2.0,,6.0,,,2.0,1.0,,,,,3.0,5.0,6.0,,,,15.0,,1.0,,,6.0,,1.0,,5.0,,,,,,,,,,,,1.0,1.0,1.0,1.0,1.0,1.0,6,3,4,3,3,5,6,5,3,2,60.0,55.0,60.0,65.0,70.0,60.0,75.0,60.0,40.0,45.0,1.0,2.0,2.0,2.0,1.0,1.0,1.0,1.0,2.0,2.0,1.0,1.0,2.0,1.0,1.0,1.0,1.0,2.0,2.0,2.0,1.0,1.0,2.0,2.0,1.0,2.0,1.0,2.0,2.0,1.0,1.0,2.0,1.0,1.0,1.0,2.0,2.0,1.0,1.0,1.0
1530,2,3,2,2,3,2,4,2,4,4,,30.0,2.0,,,,,3.0,5.0,2.0,,6.0,1.0,54.0,,1.0,,,,,3.0,4.0,5.0,,,,18.0,,,2.0,,,2.0,1.0,,,4.0,1.0,1.0,1.0,1.0,1.0,1.0,1.0,1.0,1.0,1.0,,,,,,,6,3,4,4,3,5,6,6,3,2,45.0,40.0,42.0,55.0,60.0,50.0,65.0,48.0,38.0,35.0,2.0,1.0,2.0,1.0,2.0,1.0,1.0,1.0,2.0,1.0,1.0,1.0,1.0,2.0,1.0,1.0,1.0,1.0,2.0,1.0,1.0,2.0,1.0,1.0,1.0,1.0,1.0,2.0,1.0,2.0,1.0,1.0,1.0,1.0,2.0,1.0,1.0,1.0,2.0,1.0
1443,5,5,5,5,5,5,5,5,1,2,,30.0,,1.0,3.0,4.0,6.0,,,,6.0,,,,2.0,1.0,,2.0,5.0,6.0,,,,,,,5.0,,,2.0,,,2.0,,1.0,,5.0,,,,,,,,,,,1.0,1.0,1.0,1.0,1.0,1.0,6,3,4,3,3,5,6,5,4,2,60.0,55.0,50.0,65.0,70.0,60.0,75.0,55.0,40.0,35.0,1.0,2.0,1.0,1.0,2.0,2.0,2.0,2.0,2.0,1.0,2.0,1.0,1.0,2.0,2.0,1.0,2.0,2.0,2.0,1.0,1.0,2.0,2.0,2.0,2.0,1.0,2.0,2.0,2.0,2.0,1.0,2.0,2.0,1.0,2.0,2.0,2.0,2.0,2.0,1.0
130,4,4,4,4,4,4,5,4,2,2,70.0,,4.0,,,,,3.0,5.0,4.0,,6.0,,,2.0,1.0,,,,,,,,3.0,4.0,5.0,,18.0,,2.0,,6.0,,1.0,,,4.0,1.0,1.0,1.0,1.0,1.0,1.0,1.0,1.0,1.0,1.0,,,,,,,6,3,4,4,3,5,6,6,3,2,55.0,50.0,52.0,60.0,65.0,62.0,70.0,58.0,40.0,45.0,2.0,2.0,2.0,2.0,2.0,2.0,2.0,2.0,2.0,2.0,1.0,2.0,2.0,2.0,2.0,2.0,1.0,2.0,2.0,2.0,2.0,2.0,2.0,2.0,1.0,2.0,1.0,2.0,2.0,1.0,2.0,1.0,2.0,1.0,2.0,1.0,1.0,1.0,2.0,2.0
66,4,4,4,3,4,3,4,3,2,2,70.0,,4.0,,3.0,4.0,5.0,,,,6.0,,,,2.0,,2.0,2.0,4.0,5.0,,,,,,,18.0,,,2.0,4.0,,,1.0,,4.0,,,,,,,,,,,,1.0,1.0,1.0,1.0,1.0,1.0,6,3,4,4,2,5,6,6,3,2,55.0,50.0,52.0,60.0,62.0,54.0,65.0,48.0,40.0,42.0,1.0,2.0,2.0,1.0,2.0,2.0,1.0,2.0,2.0,2.0,1.0,1.0,1.0,2.0,2.0,1.0,1.0,1.0,1.0,1.0,1.0,2.0,2.0,1.0,1.0,2.0,2.0,1.0,1.0,2.0,2.0,2.0,1.0,1.0,2.0,1.0,1.0,1.0,2.0,1.0
983,2,2,2,2,2,2,4,2,4,4,,30.0,2.0,,,,,3.0,4.0,3.0,6.0,,1.0,50.0,,1.0,,,,,2.0,4.0,5.0,,,,,5.0,1.0,,,6.0,,,1.0,4.0,,,,,,,,,,,,1.0,1.0,1.0,1.0,1.0,1.0,6,3,4,3,2,5,6,5,3,2,40.0,35.0,35.0,30.0,35.0,30.0,50.0,35.0,50.0,50.0,1.0,1.0,1.0,1.0,1.0,1.0,1.0,2.0,1.0,1.0,1.0,1.0,1.0,2.0,1.0,1.0,2.0,2.0,1.0,1.0,1.0,1.0,2.0,1.0,1.0,1.0,2.0,1.0,1.0,1.0,1.0,1.0,1.0,2.0,1.0,2.0,1.0,2.0,1.0,1.0
2017,4,4,4,5,5,5,5,4,2,2,,30.0,4.0,,3.0,4.0,5.0,,,,5.0,,,,2.0,1.0,,2.0,4.0,5.0,,,,,,,18.0,,,2.0,,6.0,,1.0,,,5.0,1.0,1.0,1.0,1.0,1.0,1.0,1.0,1.0,1.0,1.0,,,,,,,6,3,4,3,3,5,6,5,3,2,55.0,50.0,52.0,60.0,65.0,62.0,70.0,58.0,40.0,42.0,2.0,1.0,2.0,2.0,1.0,1.0,1.0,2.0,2.0,2.0,1.0,2.0,2.0,2.0,2.0,1.0,1.0,2.0,2.0,2.0,2.0,2.0,2.0,1.0,1.0,1.0,2.0,2.0,1.0,2.0,1.0,2.0,1.0,1.0,1.0,1.0,1.0,1.0,1.0,2.0
1979,5,5,5,5,5,5,5,5,1,2,70.0,,,1.0,,,,3.0,5.0,2.0,,6.0,1.0,54.0,,,2.0,,,,,,,3.0,5.0,6.0,18.0,,,2.0,,,2.0,,1.0,5.0,,,,,,,,,,,,1.0,1.0,1.0,1.0,1.0,1.0,6,3,4,3,3,5,6,6,4,2,60.0,55.0,58.0,65.0,70.0,62.0,75.0,60.0,40.0,45.0,2.0,1.0,1.0,2.0,2.0,2.0,2.0,2.0,2.0,2.0,1.0,1.0,2.0,2.0,2.0,1.0,1.0,2.0,2.0,1.0,2.0,1.0,1.0,1.0,1.0,1.0,2.0,2.0,2.0,1.0,2.0,2.0,2.0,1.0,1.0,1.0,1.0,2.0,1.0,2.0
1717,2,2,2,2,2,2,4,2,4,4,70.0,,2.0,,3.0,4.0,6.0,,,,6.0,,1.0,54.0,,1.0,,,,,4.0,4.0,5.0,,,,,5.0,,2.0,,,2.0,,1.0,3.0,,1.0,1.0,1.0,1.0,1.0,1.0,1.0,1.0,1.0,1.0,,,,,,,6,3,4,4,3,5,6,6,3,2,40.0,35.0,35.0,40.0,45.0,40.0,60.0,35.0,50.0,50.0,1.0,1.0,2.0,1.0,1.0,1.0,2.0,1.0,1.0,1.0,1.0,1.0,2.0,1.0,1.0,1.0,1.0,1.0,1.0,1.0,2.0,2.0,1.0,2.0,1.0,1.0,2.0,2.0,2.0,2.0,1.0,2.0,2.0,2.0,2.0,1.0,1.0,2.0,2.0,2.0
1664,5,5,5,5,5,5,5,5,1,1,,30.0,4.0,,,,,3.0,5.0,2.0,6.0,,1.0,40.0,,,2.0,,,,,,,3.0,5.0,6.0,,,2.0,,,,1.0,1.0,,5.0,,,,,,,,,,,,1.0,1.0,1.0,1.0,1.0,1.0,6,3,4,3,3,5,6,6,4,2,60.0,55.0,60.0,65.0,65.0,60.0,70.0,60.0,30.0,30.0,2.0,2.0,1.0,2.0,2.0,2.0,1.0,2.0,1.0,1.0,1.0,2.0,2.0,1.0,2.0,2.0,1.0,2.0,1.0,1.0,2.0,1.0,1.0,1.0,2.0,2.0,1.0,2.0,1.0,1.0,2.0,1.0,2.0,2.0,2.0,1.0,1.0,2.0,2.0,2.0
1078,5,5,5,5,5,5,5,5,1,2,70.0,,4.0,,3.0,4.0,6.0,,,,,6.0,1.0,54.0,,,2.0,2.0,5.0,6.0,,,,,,,,18.0,1.0,,,,2.0,,1.0,5.0,,,,,,,,,,,,1.0,1.0,1.0,1.0,1.0,1.0,6,3,4,3,3,5,6,6,3,2,60.0,55.0,58.0,65.0,70.0,62.0,75.0,60.0,40.0,45.0,1.0,1.0,2.0,1.0,2.0,2.0,1.0,1.0,1.0,2.0,2.0,1.0,2.0,1.0,2.0,2.0,2.0,2.0,1.0,1.0,2.0,2.0,2.0,1.0,1.0,1.0,1.0,2.0,2.0,1.0,1.0,1.0,1.0,2.0,2.0,1.0,2.0,1.0,2.0,2.0
1482,3,3,3,3,3,3,4,3,3,3,70.0,,3.0,,,,,3.0,4.0,3.0,6.0,,1.0,35.0,,,2.0,,,,,,,3.0,4.0,4.0,18.0,,1.0,,,5.0,,1.0,,4.0,,,,,,,,,,,,1.0,1.0,1.0,1.0,1.0,1.0,5,3,4,3,3,5,5,5,3,2,50.0,45.0,45.0,50.0,55.0,50.0,60.0,45.0,40.0,40.0,1.0,2.0,2.0,1.0,1.0,2.0,2.0,2.0,2.0,1.0,2.0,1.0,2.0,1.0,1.0,2.0,1.0,1.0,2.0,1.0,2.0,2.0,2.0,1.0,2.0,1.0,2.0,2.0,1.0,1.0,2.0,1.0,2.0,2.0,1.0,2.0,2.0,1.0,2.0,1.0
317,5,5,5,5,5,5,5,5,1,2,70.0,,,2.0,,,,3.0,5.0,2.0,6.0,,1.0,54.0,,1.0,,,,,,,,3.0,5.0,6.0,,18.0,1.0,,,,3.0,1.0,,,5.0,1.0,1.0,1.0,1.0,1.0,1.0,1.0,1.0,1.0,1.0,,,,,,,6,3,4,3,2,5,6,5,4,2,60.0,55.0,58.0,65.0,68.0,62.0,70.0,60.0,40.0,45.0,2.0,1.0,1.0,2.0,1.0,2.0,2.0,1.0,1.0,2.0,1.0,1.0,1.0,2.0,2.0,1.0,1.0,1.0,2.0,2.0,2.0,1.0,1.0,2.0,2.0,1.0,2.0,2.0,1.0,1.0,1.0,1.0,1.0,1.0,1.0,1.0,2.0,1.0,2.0,2.0
264,5,5,5,5,5,5,5,5,1,1,70.0,,,1.0,,,,3.0,5.0,2.0,,6.0,1.0,54.0,,1.0,,,,,2.0,5.0,6.0,,,,,20.0,1.0,,,9.0,,1.0,,5.0,,,,,,,,,,,,1.0,1.0,1.0,1.0,1.0,1.0,6,3,4,3,2,5,6,5,3,2,60.0,55.0,50.0,65.0,60.0,55.0,70.0,60.0,40.0,35.0,1.0,1.0,2.0,2.0,2.0,1.0,1.0,2.0,1.0,1.0,1.0,1.0,2.0,1.0,2.0,1.0,2.0,2.0,1.0,1.0,2.0,2.0,2.0,1.0,1.0,2.0,1.0,1.0,2.0,2.0,2.0,2.0,2.0,2.0,1.0,2.0,1.0,1.0,2.0,1.0
478,5,5,5,5,5,5,5,5,1,1,,30.0,3.0,,3.0,4.0,6.0,,,,6.0,,1.0,54.0,,1.0,,,,,,,,4.0,5.0,6.0,,5.0,1.0,,,5.0,,,1.0,5.0,,1.0,1.0,1.0,1.0,1.0,1.0,1.0,1.0,1.0,1.0,,,,,,,6,3,4,3,2,5,6,5,4,2,60.0,55.0,58.0,65.0,70.0,62.0,75.0,60.0,40.0,35.0,1.0,2.0,2.0,2.0,1.0,1.0,1.0,1.0,2.0,2.0,2.0,1.0,1.0,2.0,2.0,1.0,2.0,2.0,1.0,2.0,2.0,2.0,2.0,1.0,2.0,2.0,1.0,1.0,2.0,1.0,1.0,1.0,2.0,1.0,1.0,1.0,1.0,2.0,1.0,1.0
885,4,4,4,4,4,4,4,4,2,2,70.0,,3.0,,3.0,4.0,5.0,,,,6.0,,,,2.0,,2.0,2.0,4.0,4.0,,,,,,,20.0,,,2.0,,,2.0,,1.0,,4.0,1.0,1.0,1.0,1.0,1.0,1.0,1.0,1.0,1.0,1.0,,,,,,,6,3,4,3,3,5,6,5,3,2,55.0,50.0,52.0,60.0,65.0,58.0,70.0,60.0,40.0,35.0,2.0,2.0,1.0,1.0,2.0,2.0,2.0,2.0,2.0,1.0,2.0,1.0,2.0,2.0,2.0,2.0,1.0,2.0,1.0,2.0,2.0,1.0,1.0,1.0,2.0,2.0,2.0,2.0,2.0,1.0,2.0,1.0,1.0,1.0,2.0,1.0,2.0,2.0,2.0,1.0
13,5,5,5,3,4,4,5,4,1,1,70.0,,,2.0,,,,3.0,4.0,3.0,,6.0,1.0,54.0,,1.0,,,,,2.0,4.0,5.0,,,,0.0,,1.0,,3.0,,,,1.0,5.0,,1.0,1.0,1.0,1.0,1.0,1.0,1.0,1.0,1.0,1.0,,,,,,,6,3,4,4,2,5,6,5,4,2,60.0,55.0,50.0,60.0,65.0,55.0,70.0,50.0,40.0,35.0,2.0,2.0,2.0,1.0,2.0,1.0,1.0,1.0,2.0,1.0,2.0,1.0,1.0,1.0,1.0,2.0,1.0,1.0,2.0,2.0,1.0,1.0,2.0,1.0,2.0,1.0,1.0,1.0,2.0,2.0,1.0,2.0,1.0,2.0,2.0,2.0,1.0,2.0,1.0,1.0
1584,5,5,5,5,5,5,5,5,1,1,,30.0,,1.0,,,,3.0,5.0,2.0,,6.0,,,2.0,1.0,,,,,,,,3.0,5.0,6.0,,20.0,1.0,,3.0,,,,1.0,,6.0,1.0,1.0,1.0,1.0,1.0,1.0,1.0,1.0,1.0,1.0,,,,,,,6,3,4,3,2,5,6,5,4,2,60.0,55.0,60.0,65.0,70.0,60.0,75.0,60.0,40.0,35.0,2.0,2.0,1.0,1.0,2.0,2.0,2.0,1.0,1.0,2.0,2.0,2.0,2.0,2.0,2.0,2.0,2.0,1.0,2.0,2.0,1.0,2.0,2.0,2.0,2.0,1.0,2.0,1.0,2.0,2.0,2.0,2.0,2.0,2.0,2.0,2.0,1.0,2.0,2.0,1.0
1762,3,4,3,3,4,3,4,3,4,3,,30.0,,2.0,,,,3.0,4.0,3.0,6.0,,,,2.0,,2.0,2.0,4.0,4.0,,,,,,,18.0,,,2.0,,,3.0,1.0,,4.0,,,,,,,,,,,,1.0,1.0,1.0,1.0,1.0,1.0,6,3,4,4,2,5,6,5,3,2,55.0,60.0,55.0,60.0,65.0,55.0,70.0,60.0,50.0,55.0,1.0,2.0,1.0,1.0,1.0,1.0,2.0,1.0,2.0,1.0,2.0,2.0,1.0,2.0,1.0,2.0,1.0,2.0,1.0,2.0,1.0,2.0,1.0,1.0,1.0,1.0,1.0,2.0,1.0,1.0,1.0,1.0,1.0,2.0,1.0,1.0,1.0,2.0,2.0,1.0
1611,4,4,4,5,5,5,5,4,2,2,,30.0,,2.0,3.0,4.0,6.0,,,,,6.0,1.0,54.0,,1.0,,2.0,4.0,5.0,,,,,,,18.0,,,2.0,5.0,,,1.0,,5.0,,1.0,1.0,1.0,1.0,1.0,1.0,1.0,1.0,1.0,1.0,,,,,,,6,3,5,4,3,5,6,6,3,2,55.0,50.0,52.0,60.0,65.0,62.0,70.0,58.0,40.0,42.0,2.0,2.0,2.0,1.0,1.0,2.0,1.0,1.0,1.0,2.0,1.0,1.0,1.0,1.0,2.0,2.0,1.0,2.0,1.0,1.0,1.0,2.0,2.0,1.0,1.0,1.0,1.0,2.0,2.0,1.0,1.0,1.0,2.0,1.0,1.0,1.0,1.0,2.0,1.0,2.0
1398,3,4,3,4,4,4,4,4,2,2,,30.0,4.0,,,,,3.0,5.0,4.0,6.0,,1.0,54.0,,1.0,,2.0,4.0,4.0,,,,,,,,18.0,,2.0,4.0,,,,1.0,,4.0,1.0,1.0,1.0,1.0,1.0,1.0,1.0,1.0,1.0,1.0,,,,,,,6,3,4,3,3,5,6,5,3,2,55.0,60.0,50.0,65.0,70.0,60.0,75.0,60.0,40.0,45.0,2.0,2.0,2.0,2.0,2.0,2.0,2.0,2.0,2.0,2.0,2.0,1.0,1.0,1.0,1.0,2.0,1.0,2.0,1.0,2.0,2.0,2.0,2.0,2.0,1.0,2.0,1.0,1.0,1.0,1.0,2.0,2.0,2.0,2.0,1.0,1.0,1.0,1.0,1.0,2.0
184,2,2,2,2,2,2,4,2,4,4,70.0,,2.0,,,,,3.0,4.0,3.0,6.0,,1.0,40.0,,1.0,,,,,2.0,4.0,4.0,,,,20.0,,,2.0,4.0,,,1.0,,,4.0,1.0,1.0,1.0,1.0,1.0,1.0,1.0,1.0,1.0,1.0,,,,,,,6,3,4,4,3,5,6,6,3,2,40.0,35.0,35.0,40.0,45.0,35.0,60.0,35.0,50.0,50.0,2.0,2.0,2.0,2.0,1.0,1.0,2.0,2.0,2.0,1.0,2.0,1.0,1.0,1.0,1.0,2.0,2.0,2.0,2.0,1.0,1.0,1.0,2.0,1.0,1.0,2.0,1.0,2.0,2.0,1.0,1.0,1.0,1.0,2.0,1.0,2.0,1.0,1.0,1.0,1.0
362,5,5,5,5,5,5,5,5,1,1,,30.0,4.0,,,,,3.0,5.0,2.0,6.0,,,,2.0,1.0,,,,,2.0,5.0,6.0,,,,,20.0,1.0,,5.0,,,1.0,,,5.0,1.0,1.0,1.0,1.0,1.0,1.0,1.0,1.0,1.0,1.0,,,,,,,6,3,4,3,3,5,6,6,4,2,60.0,55.0,60.0,65.0,70.0,60.0,75.0,65.0,40.0,35.0,2.0,1.0,1.0,1.0,1.0,2.0,1.0,2.0,1.0,1.0,2.0,1.0,2.0,2.0,1.0,2.0,2.0,2.0,1.0,2.0,1.0,1.0,1.0,2.0,1.0,2.0,2.0,2.0,2.0,2.0,2.0,2.0,2.0,1.0,2.0,1.0,1.0,2.0,2.0,1.0
211,2,2,2,2,3,2,3,2,4,3,,30.0,,2.0,,,,3.0,4.0,2.0,,6.0,,,2.0,1.0,,2.0,3.0,4.0,,,,,,,,18.0,1.0,,,,2.0,1.0,,,3.0,1.0,1.0,1.0,1.0,1.0,1.0,1.0,1.0,1.0,1.0,,,,,,,6,3,4,3,3,5,6,5,3,2,45.0,40.0,40.0,50.0,55.0,50.0,60.0,45.0,35.0,40.0,1.0,1.0,2.0,1.0,2.0,1.0,2.0,2.0,2.0,1.0,1.0,1.0,2.0,2.0,1.0,1.0,2.0,1.0,2.0,1.0,2.0,1.0,2.0,1.0,2.0,1.0,1.0,2.0,1.0,1.0,2.0,1.0,2.0,1.0,2.0,2.0,1.0,1.0,1.0,1.0
798,5,5,5,5,5,5,5,5,1,1,70.0,,,1.0,,,,3.0,5.0,2.0,,6.0,,,2.0,1.0,,,,,4.0,5.0,6.0,,,,,20.0,,2.0,4.0,,,,1.0,,6.0,1.0,1.0,1.0,1.0,1.0,1.0,1.0,1.0,1.0,1.0,,,,,,,6,3,2,2,3,5,6,6,4,2,55.0,50.0,52.0,60.0,65.0,58.0,70.0,60.0,40.0,35.0,2.0,2.0,2.0,2.0,2.0,2.0,2.0,2.0,2.0,2.0,2.0,2.0,2.0,2.0,2.0,1.0,2.0,1.0,1.0,1.0,1.0,2.0,2.0,1.0,2.0,2.0,1.0,2.0,1.0,2.0,2.0,1.0,2.0,2.0,1.0,2.0,2.0,1.0,2.0,2.0
844,4,4,4,4,4,4,5,4,2,2,70.0,,,2.0,,,,3.0,5.0,2.0,,6.0,,,2.0,1.0,,,,,,,,3.0,4.0,5.0,16.0,,1.0,,,,2.0,,1.0,,4.0,,,,,,,,,,,1.0,1.0,1.0,1.0,1.0,1.0,6,3,4,3,3,5,6,5,3,2,55.0,50.0,52.0,60.0,62.0,58.0,65.0,54.0,40.0,42.0,2.0,1.0,1.0,2.0,2.0,1.0,1.0,2.0,2.0,1.0,2.0,1.0,2.0,2.0,1.0,2.0,1.0,1.0,2.0,1.0,2.0,2.0,2.0,2.0,2.0,1.0,2.0,2.0,1.0,2.0,1.0,2.0,1.0,2.0,2.0,2.0,1.0,1.0,2.0,1.0
937,4,4,4,5,5,5,5,5,1,2,,30.0,,2.0,3.0,4.0,6.0,,,,,6.0,,,2.0,1.0,,,,,4.0,4.0,5.0,,,,18.0,,,2.0,,,3.0,,1.0,,5.0,1.0,1.0,1.0,1.0,1.0,1.0,1.0,1.0,1.0,1.0,,,,,,,6,3,4,3,3,5,6,5,3,2,55.0,50.0,52.0,60.0,65.0,62.0,70.0,58.0,40.0,45.0,1.0,1.0,2.0,2.0,1.0,2.0,2.0,1.0,2.0,1.0,1.0,1.0,2.0,2.0,1.0,2.0,2.0,2.0,2.0,1.0,2.0,1.0,2.0,2.0,1.0,1.0,1.0,1.0,1.0,1.0,1.0,2.0,2.0,1.0,2.0,1.0,2.0,2.0,2.0,1.0
1359,2,2,2,2,2,2,3,2,4,4,70.0,,2.0,,2.0,3.0,5.0,,,,5.0,,1.0,40.0,,1.0,,,,,2.0,2.0,3.0,,,,20.0,,2.0,,,,1.0,,1.0,,3.0,1.0,1.0,1.0,1.0,1.0,1.0,1.0,1.0,1.0,1.0,,,,,,,5,2,3,3,3,5,6,6,2,1,40.0,35.0,35.0,40.0,45.0,40.0,50.0,35.0,45.0,40.0,2.0,2.0,1.0,1.0,1.0,1.0,2.0,1.0,2.0,2.0,2.0,2.0,2.0,1.0,2.0,2.0,2.0,2.0,1.0,2.0,1.0,1.0,1.0,1.0,1.0,1.0,1.0,2.0,2.0,1.0,1.0,2.0,1.0,2.0,2.0,2.0,1.0,2.0,1.0,1.0
1545,2,2,2,2,2,2,4,2,4,2,70.0,,2.0,,,,,3.0,4.0,3.0,6.0,,1.0,54.0,,,2.0,2.0,4.0,5.0,,,,,,,18.0,,,2.0,,,2.0,,1.0,,4.0,,,,,,,,,,,1.0,1.0,1.0,1.0,1.0,1.0,6,3,4,3,3,5,6,5,3,2,45.0,40.0,40.0,40.0,45.0,40.0,60.0,40.0,50.0,40.0,2.0,2.0,1.0,1.0,1.0,1.0,1.0,2.0,2.0,2.0,1.0,2.0,1.0,2.0,1.0,1.0,2.0,1.0,2.0,1.0,2.0,1.0,1.0,1.0,1.0,2.0,2.0,1.0,2.0,1.0,1.0,1.0,1.0,2.0,2.0,2.0,2.0,1.0,1.0,2.0
1436,3,3,3,4,4,4,4,3,2,2,70.0,,3.0,,3.0,4.0,6.0,,,,,,1.0,35.0,,,2.0,,,,3.0,4.0,4.0,,,,,15.0,1.0,,3.0,,,1.0,,,4.0,,,,,,,,,,,1.0,1.0,1.0,1.0,1.0,1.0,6,3,4,3,3,5,6,5,3,2,50.0,45.0,48.0,55.0,60.0,58.0,65.0,52.0,40.0,38.0,2.0,1.0,1.0,1.0,1.0,2.0,2.0,1.0,2.0,2.0,1.0,2.0,1.0,1.0,2.0,1.0,2.0,2.0,2.0,2.0,2.0,2.0,1.0,2.0,1.0,1.0,2.0,2.0,1.0,1.0,2.0,1.0,1.0,1.0,2.0,2.0,1.0,1.0,2.0,2.0
759,5,5,5,5,5,5,5,5,1,2,70.0,,4.0,,3.0,4.0,6.0,,,,,6.0,,,2.0,1.0,,,,,4.0,5.0,6.0,,,,20.0,,,2.0,,,2.0,,1.0,,5.0,,,,,,,,,,,1.0,1.0,1.0,1.0,1.0,1.0,6,3,4,3,3,5,6,5,3,2,60.0,55.0,58.0,65.0,70.0,62.0,68.0,60.0,40.0,45.0,1.0,2.0,1.0,1.0,1.0,2.0,2.0,1.0,2.0,1.0,1.0,1.0,2.0,2.0,2.0,1.0,2.0,1.0,1.0,2.0,1.0,2.0,2.0,1.0,2.0,2.0,2.0,1.0,2.0,1.0,2.0,2.0,1.0,2.0,2.0,1.0,1.0,1.0,1.0,1.0
145,4,4,4,5,5,5,5,4,2,2,,30.0,,2.0,,,,3.0,5.0,4.0,,6.0,1.0,54.0,,,2.0,2.0,4.0,5.0,,,,,,,18.0,,,2.0,,,2.0,1.0,,,4.0,,,,,,,,,,,1.0,1.0,1.0,1.0,1.0,1.0,6,3,4,3,3,5,6,6,3,2,55.0,50.0,52.0,60.0,65.0,62.0,70.0,58.0,40.0,42.0,1.0,1.0,2.0,1.0,1.0,2.0,2.0,1.0,1.0,1.0,1.0,2.0,1.0,2.0,2.0,1.0,1.0,2.0,2.0,1.0,1.0,1.0,1.0,1.0,2.0,1.0,1.0,2.0,1.0,1.0,2.0,1.0,2.0,2.0,2.0,1.0,1.0,1.0,2.0,2.0
2053,2,3,2,2,2,2,4,2,4,2,,30.0,2.0,,,,,3.0,5.0,2.0,6.0,,,,2.0,1.0,,,,,3.0,4.0,5.0,,,,18.0,,1.0,,4.0,,,,1.0,,4.0,,,,,,,,,,,1.0,1.0,1.0,1.0,1.0,1.0,6,3,4,4,3,5,6,6,3,2,45.0,40.0,42.0,50.0,48.0,38.0,60.0,44.0,35.0,41.0,1.0,2.0,1.0,1.0,2.0,1.0,1.0,2.0,1.0,1.0,2.0,2.0,2.0,1.0,2.0,1.0,2.0,2.0,2.0,2.0,2.0,1.0,2.0,1.0,2.0,1.0,2.0,2.0,1.0,2.0,1.0,2.0,1.0,1.0,2.0,1.0,1.0,1.0,2.0,1.0
22,5,5,5,5,5,5,5,5,1,2,,30.0,,2.0,3.0,4.0,5.0,,,,6.0,,1.0,54.0,,1.0,,,,,,,,3.0,5.0,6.0,18.0,,,2.0,5.0,,,1.0,,5.0,,1.0,1.0,1.0,1.0,1.0,1.0,1.0,1.0,1.0,1.0,,,,,,,6,3,5,4,3,5,6,5,3,2,60.0,55.0,50.0,65.0,70.0,60.0,75.0,55.0,40.0,45.0,2.0,1.0,2.0,1.0,1.0,1.0,2.0,2.0,2.0,2.0,1.0,1.0,1.0,1.0,1.0,2.0,2.0,1.0,2.0,2.0,1.0,1.0,2.0,1.0,1.0,2.0,1.0,1.0,1.0,1.0,2.0,1.0,1.0,2.0,1.0,1.0,2.0,2.0,2.0,2.0
353,1,2,2,1,2,2,3,1,4,4,,30.0,,1.0,2.0,3.0,6.0,,,,,5.0,1.0,40.0,,1.0,,,,,2.0,4.0,5.0,,,,,5.0,1.0,,,,2.0,1.0,,,4.0,,,,,,,,,,,1.0,1.0,1.0,1.0,1.0,1.0,6,3,4,4,2,5,6,6,3,2,40.0,45.0,40.0,35.0,40.0,40.0,50.0,35.0,55.0,50.0,2.0,2.0,1.0,2.0,2.0,1.0,2.0,1.0,1.0,2.0,2.0,1.0,1.0,1.0,2.0,2.0,1.0,2.0,1.0,1.0,2.0,1.0,1.0,1.0,2.0,1.0,2.0,1.0,1.0,1.0,2.0,1.0,1.0,1.0,1.0,2.0,2.0,1.0,1.0,2.0
220,2,2,2,2,2,2,4,2,4,4,70.0,,,2.0,3.0,4.0,5.0,,,,,5.0,,,2.0,1.0,,,,,,,,2.0,4.0,4.0,,15.0,,2.0,,,2.0,1.0,,3.0,,1.0,1.0,1.0,1.0,1.0,1.0,1.0,1.0,1.0,1.0,,,,,,,6,3,4,4,3,5,6,6,3,2,40.0,35.0,35.0,30.0,30.0,30.0,50.0,30.0,50.0,50.0,1.0,1.0,2.0,2.0,1.0,2.0,1.0,2.0,2.0,2.0,1.0,1.0,1.0,2.0,2.0,2.0,1.0,1.0,2.0,1.0,2.0,1.0,2.0,1.0,2.0,1.0,2.0,2.0,1.0,2.0,2.0,2.0,1.0,2.0,1.0,2.0,1.0,1.0,2.0,2.0
1753,2,2,2,2,2,2,4,2,4,2,70.0,,,2.0,,,,3.0,5.0,2.0,6.0,,,,2.0,1.0,,,,,,,,3.0,4.0,4.0,18.0,,1.0,,,,2.0,,1.0,,4.0,,,,,,,,,,,1.0,1.0,1.0,1.0,1.0,1.0,6,3,4,3,3,5,6,5,3,2,40.0,35.0,38.0,45.0,50.0,35.0,60.0,40.0,55.0,38.0,2.0,2.0,2.0,1.0,2.0,1.0,1.0,2.0,1.0,2.0,1.0,2.0,1.0,2.0,2.0,2.0,1.0,2.0,2.0,2.0,2.0,2.0,1.0,1.0,2.0,2.0,1.0,2.0,2.0,1.0,2.0,1.0,1.0,2.0,2.0,2.0,1.0,2.0,1.0,2.0
1620,3,3,3,2,2,2,4,2,4,2,,30.0,,2.0,3.0,4.0,5.0,,,,6.0,,,,2.0,,2.0,,,,3.0,4.0,5.0,,,,,15.0,1.0,,4.0,,,1.0,,4.0,,1.0,1.0,1.0,1.0,1.0,1.0,1.0,1.0,1.0,1.0,,,,,,,6,3,5,4,3,5,6,5,3,2,45.0,40.0,42.0,38.0,40.0,35.0,55.0,38.0,50.0,37.0,2.0,2.0,1.0,2.0,1.0,1.0,1.0,1.0,1.0,1.0,1.0,1.0,1.0,2.0,1.0,1.0,1.0,2.0,1.0,1.0,1.0,1.0,1.0,1.0,1.0,1.0,1.0,1.0,1.0,1.0,1.0,1.0,2.0,1.0,1.0,1.0,1.0,1.0,1.0,1.0
875,4,4,4,3,4,3,4,3,2,2,,30.0,3.0,,3.0,4.0,5.0,,,,5.0,,,,2.0,1.0,,,,,3.0,4.0,4.0,,,,18.0,,,2.0,4.0,,,1.0,,,4.0,,,,,,,,,,,1.0,1.0,1.0,1.0,1.0,1.0,6,3,4,4,3,5,6,6,3,2,55.0,50.0,52.0,60.0,62.0,58.0,65.0,54.0,40.0,38.0,2.0,2.0,2.0,2.0,2.0,2.0,2.0,2.0,1.0,2.0,2.0,2.0,2.0,2.0,2.0,1.0,2.0,1.0,2.0,2.0,2.0,1.0,1.0,2.0,2.0,1.0,2.0,2.0,2.0,1.0,1.0,2.0,2.0,2.0,1.0,1.0,1.0,1.0,2.0,2.0
906,2,3,2,2,3,2,3,2,4,4,,30.0,,2.0,3.0,4.0,5.0,,,,,5.0,,,2.0,1.0,,,,,,,,3.0,4.0,4.0,,15.0,,2.0,,6.0,,1.0,,4.0,,1.0,1.0,1.0,1.0,1.0,1.0,1.0,1.0,1.0,1.0,,,,,,,6,3,4,4,2,5,6,5,3,2,45.0,40.0,38.0,50.0,55.0,42.0,60.0,35.0,48.0,44.0,1.0,2.0,2.0,2.0,2.0,2.0,1.0,2.0,2.0,1.0,2.0,2.0,2.0,1.0,1.0,1.0,2.0,2.0,1.0,2.0,1.0,1.0,2.0,1.0,1.0,2.0,2.0,1.0,2.0,1.0,1.0,1.0,2.0,1.0,1.0,1.0,1.0,2.0,2.0,2.0
392,4,4,4,5,5,5,5,5,2,2,70.0,,,2.0,3.0,4.0,5.0,,,,,6.0,,,2.0,1.0,,,,,3.0,4.0,5.0,,,,,18.0,,2.0,,6.0,,1.0,,,4.0,1.0,1.0,1.0,1.0,1.0,1.0,1.0,1.0,1.0,1.0,,,,,,,6,3,4,3,3,5,6,5,3,2,60.0,55.0,58.0,65.0,70.0,68.0,72.0,60.0,40.0,45.0,2.0,1.0,2.0,2.0,2.0,1.0,1.0,2.0,1.0,2.0,2.0,1.0,2.0,2.0,1.0,1.0,1.0,1.0,2.0,2.0,1.0,2.0,2.0,1.0,2.0,1.0,2.0,1.0,2.0,2.0,1.0,1.0,2.0,1.0,1.0,1.0,2.0,1.0,1.0,2.0
768,2,2,2,2,2,2,4,2,4,2,,30.0,2.0,,3.0,4.0,5.0,,,,,6.0,1.0,54.0,,1.0,,,,,,,,2.0,4.0,5.0,20.0,,1.0,,,6.0,,,1.0,,4.0,1.0,1.0,1.0,1.0,1.0,1.0,1.0,1.0,1.0,1.0,,,,,,,6,3,4,4,3,5,6,6,3,2,40.0,35.0,35.0,35.0,40.0,30.0,60.0,35.0,50.0,35.0,2.0,2.0,2.0,2.0,1.0,2.0,1.0,2.0,2.0,1.0,2.0,2.0,2.0,1.0,1.0,1.0,2.0,2.0,1.0,1.0,2.0,1.0,2.0,2.0,1.0,1.0,2.0,1.0,1.0,2.0,1.0,2.0,1.0,1.0,2.0,1.0,2.0,2.0,2.0,1.0
174,2,2,2,2,2,2,4,2,4,4,70.0,,,2.0,3.0,4.0,5.0,,,,,6.0,,,2.0,1.0,,,,,,,,2.0,4.0,5.0,,15.0,,2.0,4.0,,,,1.0,4.0,,,,,,,,,,,,1.0,1.0,1.0,1.0,1.0,1.0,6,3,4,3,3,5,6,5,3,2,45.0,40.0,40.0,35.0,40.0,35.0,60.0,40.0,50.0,50.0,1.0,2.0,2.0,1.0,2.0,2.0,2.0,2.0,2.0,1.0,2.0,1.0,2.0,2.0,2.0,2.0,2.0,1.0,2.0,1.0,2.0,1.0,1.0,1.0,2.0,2.0,1.0,1.0,1.0,1.0,2.0,2.0,2.0,2.0,2.0,1.0,2.0,1.0,2.0,1.0
1792,4,4,4,5,5,5,5,4,2,2,,30.0,,2.0,3.0,4.0,5.0,,,,6.0,,1.0,54.0,,,2.0,2.0,4.0,5.0,,,,,,,,18.0,,2.0,,,2.0,1.0,,4.0,,,,,,,,,,,,1.0,1.0,1.0,1.0,1.0,1.0,6,3,4,4,3,5,6,6,3,2,55.0,50.0,52.0,60.0,65.0,62.0,70.0,58.0,40.0,42.0,1.0,2.0,2.0,2.0,1.0,2.0,2.0,2.0,1.0,1.0,2.0,2.0,2.0,1.0,2.0,2.0,2.0,1.0,1.0,2.0,2.0,2.0,1.0,2.0,1.0,2.0,2.0,1.0,2.0,1.0,2.0,1.0,1.0,2.0,2.0,2.0,2.0,2.0,1.0,2.0
1368,3,3,3,4,4,4,4,3,2,2,,30.0,,2.0,3.0,4.0,6.0,,,,,5.0,,,2.0,1.0,,,,,,,,3.0,4.0,4.0,,15.0,,2.0,,,2.0,,1.0,4.0,,1.0,1.0,1.0,1.0,1.0,1.0,1.0,1.0,1.0,1.0,,,,,,,6,3,4,4,3,5,6,6,3,2,55.0,50.0,52.0,60.0,62.0,58.0,65.0,54.0,40.0,42.0,2.0,2.0,2.0,2.0,2.0,2.0,2.0,2.0,1.0,2.0,2.0,1.0,1.0,1.0,1.0,2.0,2.0,1.0,1.0,1.0,1.0,2.0,2.0,2.0,2.0,2.0,1.0,1.0,1.0,1.0,2.0,1.0,2.0,1.0,2.0,1.0,1.0,1.0,2.0,2.0
1574,3,3,3,2,3,2,4,2,4,3,,30.0,2.0,,,,,3.0,4.0,2.0,,5.0,1.0,45.0,,,2.0,,,,3.0,4.0,4.0,,,,,15.0,,2.0,,,2.0,1.0,,,4.0,1.0,1.0,1.0,1.0,1.0,1.0,1.0,1.0,1.0,1.0,,,,,,,6,3,4,4,3,5,6,6,3,2,45.0,40.0,38.0,35.0,40.0,32.0,50.0,38.0,42.0,37.0,2.0,1.0,1.0,2.0,2.0,1.0,2.0,1.0,1.0,2.0,1.0,2.0,2.0,1.0,1.0,2.0,1.0,2.0,2.0,1.0,1.0,2.0,1.0,2.0,1.0,1.0,2.0,2.0,1.0,1.0,2.0,2.0,2.0,2.0,2.0,1.0,1.0,2.0,1.0,2.0
1407,4,4,4,4,4,4,4,4,2,2,70.0,,,2.0,,,,3.0,4.0,2.0,,6.0,,,2.0,1.0,,2.0,4.0,4.0,,,,,,,,18.0,1.0,,,,3.0,,1.0,4.0,,1.0,1.0,1.0,1.0,1.0,1.0,1.0,1.0,1.0,1.0,,,,,,,6,3,4,4,2,5,6,6,3,2,60.0,55.0,60.0,65.0,65.0,60.0,70.0,55.0,40.0,40.0,2.0,2.0,2.0,2.0,2.0,2.0,2.0,2.0,1.0,2.0,2.0,1.0,2.0,2.0,1.0,2.0,2.0,1.0,2.0,2.0,1.0,2.0,1.0,2.0,2.0,1.0,2.0,1.0,2.0,1.0,1.0,2.0,2.0,2.0,1.0,1.0,1.0,1.0,1.0,1.0
1989,3,3,3,2,3,2,4,2,4,2,70.0,,,2.0,3.0,4.0,5.0,,,,,6.0,1.0,54.0,,1.0,,,,,,,,3.0,4.0,5.0,,5.0,,2.0,,,2.0,,1.0,,4.0,,,,,,,,,,,1.0,1.0,1.0,1.0,1.0,1.0,6,3,4,3,2,5,6,5,3,2,45.0,40.0,40.0,35.0,40.0,35.0,50.0,35.0,50.0,35.0,2.0,1.0,1.0,2.0,2.0,1.0,2.0,1.0,2.0,1.0,2.0,1.0,1.0,1.0,2.0,2.0,2.0,1.0,2.0,2.0,1.0,1.0,1.0,2.0,1.0,2.0,1.0,1.0,1.0,2.0,2.0,1.0,2.0,1.0,2.0,2.0,1.0,2.0,1.0,2.0
800,2,2,2,2,2,2,4,2,4,2,70.0,,2.0,,,,,3.0,4.0,2.0,,5.0,,,2.0,,2.0,,,,2.0,4.0,4.0,,,,,20.0,,2.0,3.0,,,1.0,,3.0,,1.0,1.0,1.0,1.0,1.0,1.0,1.0,1.0,1.0,1.0,,,,,,,6,3,4,3,3,5,6,5,3,2,40.0,35.0,35.0,40.0,45.0,35.0,50.0,40.0,55.0,40.0,2.0,1.0,1.0,2.0,1.0,2.0,2.0,2.0,1.0,2.0,1.0,2.0,2.0,1.0,1.0,2.0,2.0,1.0,1.0,2.0,2.0,2.0,1.0,1.0,1.0,2.0,2.0,1.0,1.0,1.0,2.0,2.0,1.0,2.0,1.0,2.0,2.0,2.0,2.0,2.0
973,5,5,5,5,5,5,5,5,1,1,70.0,,,2.0,3.0,4.0,6.0,,,,,6.0,,,2.0,1.0,,2.0,5.0,6.0,,,,,,,,18.0,1.0,,4.0,,,1.0,,,5.0,,,,,,,,,,,1.0,1.0,1.0,1.0,1.0,1.0,6,3,5,4,2,5,6,6,4,2,60.0,55.0,50.0,65.0,70.0,60.0,75.0,65.0,35.0,30.0,1.0,2.0,2.0,1.0,1.0,1.0,1.0,2.0,1.0,1.0,2.0,1.0,1.0,1.0,1.0,2.0,2.0,1.0,1.0,1.0,2.0,2.0,1.0,1.0,2.0,1.0,2.0,1.0,1.0,2.0,2.0,1.0,1.0,1.0,2.0,1.0,1.0,2.0,1.0,2.0
96,4,4,4,4,4,4,5,4,2,2,,30.0,4.0,,3.0,4.0,6.0,,,,,6.0,,,2.0,1.0,,,,,4.0,4.0,5.0,,,,,18.0,,2.0,4.0,,,1.0,,5.0,,,,,,,,,,,,1.0,1.0,1.0,1.0,1.0,1.0,6,3,4,4,3,5,6,6,4,2,55.0,60.0,60.0,65.0,65.0,60.0,70.0,60.0,40.0,40.0,1.0,2.0,1.0,1.0,1.0,1.0,2.0,2.0,2.0,2.0,2.0,2.0,2.0,1.0,1.0,2.0,2.0,2.0,2.0,2.0,1.0,2.0,2.0,1.0,1.0,1.0,1.0,2.0,2.0,2.0,2.0,2.0,2.0,2.0,2.0,1.0,1.0,2.0,1.0,1.0
101,4,4,4,5,5,5,5,5,1,2,70.0,,4.0,,3.0,4.0,6.0,,,,6.0,,1.0,54.0,,,2.0,2.0,4.0,5.0,,,,,,,,18.0,,2.0,4.0,,,,1.0,5.0,,,,,,,,,,,,1.0,1.0,1.0,1.0,1.0,1.0,6,3,4,4,3,5,6,6,3,2,55.0,50.0,52.0,60.0,65.0,62.0,70.0,58.0,40.0,45.0,1.0,2.0,2.0,1.0,2.0,2.0,1.0,1.0,2.0,2.0,1.0,2.0,1.0,2.0,2.0,1.0,1.0,2.0,2.0,1.0,1.0,1.0,1.0,1.0,2.0,2.0,1.0,2.0,1.0,1.0,2.0,1.0,1.0,1.0,1.0,1.0,2.0,1.0,2.0,2.0
488,2,2,2,2,2,2,4,2,4,2,70.0,,,2.0,,,,3.0,4.0,2.0,6.0,,,,2.0,1.0,,,,,,,,2.0,4.0,4.0,,,2.0,,3.0,,,,1.0,3.0,,,,,,,,,,,,1.0,1.0,1.0,1.0,1.0,1.0,6,3,4,3,3,5,6,5,3,2,40.0,35.0,35.0,30.0,35.0,30.0,50.0,35.0,50.0,35.0,2.0,1.0,2.0,1.0,2.0,2.0,2.0,2.0,2.0,2.0,1.0,1.0,2.0,2.0,1.0,2.0,1.0,2.0,1.0,2.0,1.0,1.0,1.0,2.0,2.0,1.0,2.0,1.0,1.0,2.0,1.0,2.0,1.0,2.0,2.0,1.0,2.0,2.0,2.0,2.0
294,4,4,4,5,5,5,5,4,2,2,,30.0,4.0,,,,,3.0,5.0,2.0,,6.0,1.0,54.0,,,2.0,,,,4.0,4.0,5.0,,,,,15.0,,2.0,,,3.0,,1.0,5.0,,1.0,1.0,1.0,1.0,1.0,1.0,1.0,1.0,1.0,1.0,,,,,,,6,3,4,3,3,5,6,5,3,2,60.0,55.0,58.0,65.0,70.0,68.0,72.0,60.0,40.0,45.0,1.0,1.0,1.0,2.0,2.0,2.0,1.0,2.0,2.0,1.0,1.0,2.0,1.0,1.0,1.0,2.0,2.0,2.0,1.0,2.0,1.0,1.0,2.0,2.0,2.0,1.0,1.0,2.0,1.0,1.0,1.0,2.0,1.0,1.0,2.0,2.0,2.0,1.0,2.0,1.0
1501,2,2,2,1,2,2,2,1,4,4,70.0,,2.0,,2.0,3.0,6.0,,,,5.0,,1.0,54.0,,,2.0,,,,2.0,2.0,3.0,,,,20.0,,2.0,,,9.0,,1.0,,2.0,,,,,,,,,,,,1.0,1.0,1.0,1.0,1.0,1.0,6,3,4,3,3,5,6,5,2,2,40.0,35.0,35.0,30.0,35.0,35.0,40.0,30.0,45.0,45.0,2.0,2.0,2.0,2.0,2.0,2.0,2.0,2.0,2.0,2.0,2.0,2.0,2.0,2.0,2.0,2.0,2.0,2.0,2.0,2.0,2.0,2.0,2.0,2.0,2.0,2.0,2.0,2.0,2.0,2.0,2.0,2.0,2.0,2.0,2.0,2.0,2.0,2.0,2.0,2.0
1088,4,4,4,4,4,4,5,4,2,2,70.0,,4.0,,3.0,4.0,6.0,,,,,6.0,1.0,54.0,,,2.0,,,,,,,3.0,4.0,5.0,,15.0,,2.0,,5.0,,1.0,,4.0,,,,,,,,,,,,1.0,1.0,1.0,1.0,1.0,1.0,6,3,4,3,3,5,6,5,3,2,55.0,50.0,52.0,60.0,65.0,58.0,70.0,54.0,40.0,42.0,2.0,1.0,1.0,1.0,1.0,1.0,2.0,1.0,1.0,2.0,2.0,1.0,1.0,2.0,1.0,1.0,2.0,1.0,1.0,1.0,2.0,2.0,1.0,2.0,2.0,1.0,1.0,1.0,2.0,1.0,2.0,1.0,2.0,1.0,2.0,2.0,2.0,2.0,1.0,1.0
1694,3,3,3,4,4,4,4,3,2,2,70.0,,,2.0,,,,3.0,5.0,4.0,,6.0,,,2.0,,2.0,,,,3.0,4.0,5.0,,,,,18.0,,2.0,3.0,,,1.0,,,4.0,1.0,1.0,1.0,1.0,1.0,1.0,1.0,1.0,1.0,1.0,,,,,,,6,3,4,3,3,5,6,5,3,2,45.0,40.0,40.0,55.0,60.0,60.0,65.0,50.0,35.0,35.0,2.0,2.0,1.0,2.0,2.0,2.0,1.0,1.0,1.0,1.0,1.0,1.0,1.0,2.0,2.0,2.0,1.0,2.0,1.0,2.0,1.0,2.0,1.0,1.0,1.0,1.0,1.0,1.0,2.0,2.0,2.0,2.0,1.0,1.0,1.0,2.0,1.0,1.0,2.0,1.0
1948,5,5,5,5,5,5,5,5,1,2,,30.0,1.0,,3.0,4.0,5.0,,,,6.0,,,,2.0,,2.0,,,,,,,3.0,5.0,6.0,,18.0,,2.0,,6.0,,,1.0,,5.0,1.0,1.0,1.0,1.0,1.0,1.0,1.0,1.0,1.0,1.0,,,,,,,6,3,4,3,3,5,6,6,4,2,55.0,50.0,52.0,60.0,65.0,58.0,70.0,60.0,40.0,35.0,2.0,2.0,2.0,2.0,2.0,2.0,2.0,2.0,1.0,1.0,1.0,1.0,1.0,2.0,2.0,1.0,2.0,1.0,2.0,2.0,2.0,2.0,2.0,2.0,1.0,1.0,1.0,2.0,1.0,2.0,1.0,2.0,1.0,2.0,1.0,2.0,1.0,1.0,2.0,1.0
57,4,4,4,5,5,5,5,4,1,2,70.0,,,2.0,,,,3.0,5.0,4.0,6.0,,1.0,54.0,,,2.0,,,,,,,4.0,4.0,5.0,,15.0,1.0,,4.0,,,,1.0,5.0,,1.0,1.0,1.0,1.0,1.0,1.0,1.0,1.0,1.0,1.0,,,,,,,6,3,4,3,3,5,6,5,3,2,60.0,55.0,58.0,65.0,70.0,62.0,75.0,60.0,40.0,45.0,1.0,2.0,1.0,2.0,1.0,2.0,1.0,1.0,1.0,1.0,1.0,1.0,2.0,1.0,1.0,2.0,1.0,1.0,1.0,1.0,1.0,2.0,1.0,1.0,1.0,1.0,2.0,1.0,2.0,2.0,1.0,1.0,2.0,2.0,2.0,2.0,2.0,1.0,1.0,1.0
2026,5,4,5,5,5,5,5,5,1,2,70.0,,4.0,,3.0,4.0,6.0,,,,,6.0,,,2.0,1.0,,,,,4.0,5.0,6.0,,,,18.0,,1.0,,4.0,,,,1.0,,5.0,,,,,,,,,,,1.0,1.0,1.0,1.0,1.0,1.0,6,3,4,4,3,5,6,6,3,2,55.0,50.0,52.0,60.0,65.0,58.0,70.0,60.0,40.0,45.0,2.0,2.0,2.0,1.0,1.0,2.0,1.0,1.0,1.0,2.0,2.0,1.0,2.0,1.0,1.0,2.0,2.0,2.0,2.0,1.0,1.0,1.0,2.0,2.0,1.0,2.0,1.0,2.0,2.0,2.0,2.0,2.0,2.0,1.0,1.0,1.0,2.0,2.0,1.0,1.0
326,3,3,3,2,3,2,4,2,4,2,,30.0,,2.0,,,,3.0,5.0,2.0,,,1.0,54.0,,1.0,,,,,3.0,4.0,5.0,,,,,5.0,,2.0,4.0,,,,1.0,4.0,,1.0,1.0,1.0,1.0,1.0,1.0,1.0,1.0,1.0,1.0,,,,,,,6,3,4,3,3,5,6,5,3,2,45.0,40.0,40.0,50.0,55.0,45.0,60.0,40.0,35.0,35.0,1.0,2.0,1.0,1.0,1.0,2.0,1.0,2.0,1.0,2.0,2.0,1.0,1.0,1.0,2.0,2.0,2.0,2.0,2.0,1.0,2.0,1.0,1.0,1.0,1.0,1.0,1.0,2.0,2.0,1.0,1.0,1.0,2.0,1.0,2.0,1.0,1.0,1.0,2.0,1.0
255,5,5,5,5,5,5,5,5,1,1,,30.0,,1.0,3.0,4.0,5.0,,,,6.0,,,,2.0,1.0,,2.0,5.0,6.0,,,,,,,,20.0,,2.0,,,1.0,1.0,,,6.0,1.0,1.0,1.0,1.0,1.0,1.0,1.0,1.0,1.0,1.0,,,,,,,6,3,4,3,3,5,6,5,4,2,60.0,55.0,60.0,65.0,70.0,60.0,75.0,60.0,40.0,35.0,2.0,2.0,2.0,1.0,2.0,2.0,1.0,2.0,1.0,2.0,2.0,1.0,2.0,2.0,1.0,1.0,1.0,2.0,2.0,1.0,2.0,2.0,1.0,2.0,2.0,2.0,1.0,2.0,2.0,2.0,2.0,2.0,1.0,2.0,2.0,2.0,2.0,1.0,1.0,2.0
449,4,4,4,3,4,4,5,4,2,2,70.0,,,2.0,,,,3.0,5.0,2.0,,6.0,,,2.0,1.0,,2.0,4.0,5.0,,,,,,,18.0,,1.0,,4.0,,,1.0,,4.0,,,,,,,,,,,,1.0,1.0,1.0,1.0,1.0,1.0,6,3,4,3,2,5,6,5,3,2,55.0,50.0,52.0,60.0,65.0,58.0,70.0,54.0,40.0,42.0,1.0,1.0,1.0,2.0,1.0,1.0,1.0,2.0,1.0,2.0,1.0,2.0,1.0,2.0,1.0,2.0,1.0,2.0,1.0,1.0,2.0,2.0,2.0,1.0,2.0,2.0,1.0,2.0,1.0,2.0,1.0,2.0,2.0,1.0,2.0,1.0,2.0,2.0,1.0,1.0
1726,4,4,4,4,4,4,5,4,2,2,70.0,,,2.0,,,,3.0,5.0,2.0,6.0,,1.0,54.0,,1.0,,,,,,,,3.0,4.0,5.0,18.0,,,2.0,4.0,,,1.0,,4.0,,1.0,1.0,1.0,1.0,1.0,1.0,1.0,1.0,1.0,1.0,,,,,,,6,3,4,4,3,5,6,6,3,2,55.0,50.0,52.0,60.0,65.0,58.0,70.0,60.0,40.0,38.0,2.0,2.0,2.0,1.0,2.0,1.0,2.0,2.0,1.0,1.0,1.0,2.0,2.0,1.0,2.0,2.0,2.0,2.0,1.0,2.0,2.0,2.0,2.0,2.0,2.0,2.0,1.0,2.0,1.0,2.0,1.0,2.0,1.0,2.0,1.0,2.0,2.0,1.0,1.0,2.0
1655,4,4,4,5,5,5,5,4,1,2,,30.0,,2.0,3.0,4.0,5.0,,,,6.0,,,,2.0,1.0,,,,,,,,3.0,4.0,5.0,20.0,,1.0,,,6.0,,1.0,,4.0,,1.0,1.0,1.0,1.0,1.0,1.0,1.0,1.0,1.0,1.0,,,,,,,6,3,4,4,3,5,6,6,3,2,55.0,50.0,52.0,60.0,65.0,62.0,70.0,58.0,40.0,45.0,2.0,1.0,2.0,1.0,1.0,1.0,1.0,1.0,2.0,2.0,1.0,1.0,1.0,2.0,2.0,1.0,2.0,1.0,1.0,2.0,1.0,1.0,1.0,2.0,1.0,1.0,1.0,2.0,2.0,1.0,2.0,2.0,1.0,1.0,1.0,1.0,1.0,2.0,1.0,1.0
1049,5,5,5,5,5,5,5,5,1,2,70.0,,,2.0,3.0,4.0,6.0,,,,,6.0,1.0,54.0,,,2.0,,,,,,,4.0,5.0,6.0,20.0,,,2.0,,,3.0,,1.0,5.0,,1.0,1.0,1.0,1.0,1.0,1.0,1.0,1.0,1.0,1.0,,,,,,,6,3,5,4,3,5,6,5,4,2,60.0,55.0,58.0,65.0,70.0,62.0,75.0,60.0,40.0,45.0,1.0,1.0,2.0,1.0,2.0,2.0,2.0,1.0,2.0,1.0,2.0,2.0,1.0,2.0,2.0,2.0,2.0,2.0,2.0,2.0,1.0,2.0,2.0,1.0,2.0,1.0,2.0,2.0,2.0,2.0,2.0,2.0,2.0,1.0,1.0,2.0,2.0,2.0,1.0,2.0
482,4,4,4,4,4,4,4,4,2,2,,30.0,,2.0,3.0,4.0,5.0,,,,,6.0,,,2.0,1.0,,,,,4.0,4.0,5.0,,,,,15.0,,2.0,4.0,,,1.0,,4.0,,1.0,1.0,1.0,1.0,1.0,1.0,1.0,1.0,1.0,1.0,,,,,,,6,4,4,4,2,5,6,6,3,2,60.0,55.0,58.0,65.0,68.0,62.0,70.0,60.0,40.0,45.0,1.0,1.0,1.0,1.0,1.0,2.0,2.0,2.0,2.0,1.0,2.0,1.0,2.0,1.0,1.0,1.0,2.0,1.0,1.0,2.0,1.0,1.0,1.0,1.0,1.0,1.0,1.0,1.0,1.0,2.0,1.0,2.0,1.0,2.0,1.0,1.0,2.0,2.0,2.0,2.0
717,2,3,2,2,3,2,4,2,4,4,70.0,,2.0,,3.0,4.0,5.0,,,,6.0,,,,2.0,1.0,,,,,2.0,4.0,5.0,,,,18.0,,1.0,,,6.0,,1.0,,4.0,,1.0,1.0,1.0,1.0,1.0,1.0,1.0,1.0,1.0,1.0,,,,,,,6,3,4,4,2,5,6,6,3,2,55.0,50.0,48.0,60.0,62.0,54.0,70.0,45.0,40.0,38.0,2.0,2.0,1.0,2.0,1.0,1.0,1.0,2.0,2.0,1.0,1.0,2.0,1.0,2.0,2.0,2.0,1.0,2.0,1.0,2.0,2.0,1.0,1.0,1.0,1.0,1.0,1.0,2.0,2.0,1.0,2.0,1.0,1.0,1.0,1.0,1.0,1.0,1.0,1.0,1.0
664,3,4,3,4,4,4,4,4,2,2,70.0,,4.0,,3.0,4.0,5.0,,,,,6.0,1.0,54.0,,1.0,,,,,3.0,4.0,5.0,,,,,15.0,1.0,,,,3.0,1.0,,,4.0,1.0,1.0,1.0,1.0,1.0,1.0,1.0,1.0,1.0,1.0,,,,,,,6,3,4,3,3,5,6,5,3,2,55.0,50.0,52.0,60.0,65.0,58.0,70.0,60.0,40.0,35.0,1.0,2.0,2.0,1.0,1.0,1.0,1.0,1.0,2.0,1.0,1.0,1.0,2.0,2.0,2.0,1.0,2.0,1.0,1.0,2.0,1.0,2.0,2.0,1.0,2.0,1.0,1.0,2.0,1.0,2.0,1.0,1.0,2.0,1.0,1.0,2.0,2.0,1.0,2.0,1.0
1478,4,4,4,4,4,4,5,4,2,2,70.0,,2.0,,,,,3.0,5.0,2.0,6.0,,,,2.0,,2.0,2.0,4.0,5.0,,,,,,,,18.0,1.0,,4.0,,,,1.0,4.0,,1.0,1.0,1.0,1.0,1.0,1.0,1.0,1.0,1.0,1.0,,,,,,,6,3,4,4,2,5,6,6,3,2,55.0,50.0,52.0,60.0,62.0,58.0,70.0,54.0,40.0,42.0,1.0,1.0,1.0,1.0,1.0,1.0,1.0,2.0,2.0,1.0,1.0,2.0,1.0,1.0,1.0,1.0,1.0,2.0,1.0,2.0,1.0,1.0,2.0,2.0,2.0,2.0,2.0,1.0,2.0,1.0,2.0,1.0,1.0,1.0,2.0,2.0,2.0,1.0,1.0,1.0
1082,2,3,2,2,3,2,4,2,4,3,,30.0,2.0,,,,,3.0,5.0,2.0,5.0,,,,2.0,1.0,,,,,2.0,4.0,4.0,,,,18.0,,2.0,,,,2.0,,1.0,,4.0,1.0,1.0,1.0,1.0,1.0,1.0,1.0,1.0,1.0,1.0,,,,,,,6,3,4,3,3,5,6,5,3,1,40.0,35.0,38.0,45.0,50.0,35.0,60.0,40.0,55.0,45.0,2.0,2.0,2.0,2.0,2.0,2.0,2.0,2.0,1.0,2.0,1.0,2.0,1.0,1.0,2.0,1.0,1.0,1.0,1.0,2.0,2.0,2.0,1.0,1.0,1.0,1.0,2.0,1.0,1.0,2.0,2.0,2.0,2.0,1.0,1.0,1.0,2.0,2.0,1.0,2.0
1317,4,4,4,4,4,4,4,4,2,2,70.0,,,2.0,3.0,4.0,5.0,,,,,,1.0,54.0,,1.0,,,,,3.0,4.0,5.0,,,,,15.0,1.0,,,5.0,,1.0,,,5.0,,,,,,,,,,,1.0,1.0,1.0,1.0,1.0,1.0,6,3,4,4,3,5,6,6,3,2,60.0,55.0,58.0,65.0,68.0,62.0,70.0,60.0,40.0,45.0,2.0,1.0,1.0,1.0,2.0,1.0,2.0,1.0,2.0,1.0,1.0,2.0,1.0,1.0,2.0,1.0,2.0,2.0,1.0,2.0,1.0,2.0,1.0,1.0,2.0,1.0,1.0,2.0,1.0,2.0,1.0,1.0,1.0,2.0,2.0,1.0,1.0,1.0,2.0,1.0
1264,1,1,1,3,3,3,2,1,5,5,,30.0,,1.0,2.0,3.0,6.0,,,,,5.0,,,2.0,,2.0,,,,2.0,2.0,2.0,,,,,20.0,,2.0,1.0,,,,1.0,,2.0,1.0,1.0,1.0,1.0,1.0,1.0,1.0,1.0,1.0,1.0,,,,,,,5,2,2,2,3,5,6,6,1,1,30.0,30.0,30.0,50.0,50.0,50.0,40.0,30.0,70.0,70.0,2.0,2.0,1.0,2.0,2.0,2.0,2.0,2.0,2.0,2.0,2.0,2.0,2.0,2.0,1.0,2.0,2.0,2.0,2.0,2.0,2.0,2.0,1.0,2.0,2.0,2.0,2.0,2.0,2.0,2.0,2.0,2.0,2.0,2.0,2.0,2.0,1.0,2.0,1.0,2.0
1983,2,2,2,2,2,2,4,2,4,2,,30.0,2.0,,,,,3.0,5.0,4.0,,5.0,,,2.0,1.0,,,,,,,,3.0,4.0,4.0,,18.0,1.0,,,6.0,,,1.0,4.0,,1.0,1.0,1.0,1.0,1.0,1.0,1.0,1.0,1.0,1.0,,,,,,,6,3,4,3,3,5,6,5,3,2,45.0,40.0,38.0,40.0,45.0,38.0,55.0,40.0,50.0,38.0,1.0,1.0,2.0,2.0,2.0,1.0,2.0,1.0,2.0,1.0,2.0,2.0,2.0,1.0,1.0,2.0,1.0,2.0,2.0,1.0,1.0,1.0,2.0,1.0,1.0,1.0,2.0,1.0,1.0,1.0,1.0,2.0,1.0,2.0,1.0,1.0,2.0,1.0,2.0,1.0
979,4,4,4,5,5,5,5,4,2,2,,30.0,3.0,,3.0,4.0,6.0,,,,,6.0,1.0,30.0,,,2.0,,,,,,,3.0,4.0,4.0,,10.0,1.0,,,5.0,,1.0,,,4.0,1.0,1.0,1.0,1.0,1.0,1.0,1.0,1.0,1.0,1.0,,,,,,,6,3,4,4,3,5,6,6,3,2,60.0,55.0,55.0,65.0,70.0,65.0,70.0,60.0,40.0,45.0,2.0,1.0,2.0,1.0,1.0,1.0,2.0,1.0,2.0,2.0,2.0,2.0,1.0,1.0,2.0,1.0,1.0,2.0,1.0,2.0,1.0,1.0,1.0,2.0,2.0,1.0,1.0,1.0,1.0,1.0,1.0,1.0,2.0,2.0,2.0,1.0,1.0,2.0,2.0,1.0
530,4,4,4,4,4,4,5,4,2,2,,30.0,3.0,,,,,3.0,4.0,3.0,6.0,,,,2.0,1.0,,,,,,,,3.0,4.0,5.0,,5.0,,2.0,4.0,,,,1.0,,5.0,,,,,,,,,,,1.0,1.0,1.0,1.0,1.0,1.0,6,3,4,4,3,5,6,6,3,2,55.0,50.0,52.0,60.0,65.0,58.0,70.0,60.0,40.0,38.0,1.0,2.0,1.0,1.0,1.0,2.0,1.0,1.0,1.0,1.0,2.0,1.0,1.0,2.0,1.0,2.0,2.0,2.0,2.0,1.0,1.0,2.0,1.0,1.0,1.0,1.0,1.0,1.0,2.0,2.0,2.0,1.0,1.0,1.0,1.0,1.0,2.0,1.0,2.0,2.0
1130,5,5,5,5,5,5,5,5,1,2,70.0,,3.0,,,,,4.0,5.0,3.0,6.0,,1.0,54.0,,1.0,,,,,,,,4.0,5.0,6.0,,18.0,,2.0,,,2.0,1.0,,,5.0,1.0,1.0,1.0,1.0,1.0,1.0,1.0,1.0,1.0,1.0,,,,,,,6,3,4,4,3,5,6,6,3,2,60.0,55.0,58.0,65.0,70.0,62.0,75.0,60.0,40.0,45.0,2.0,2.0,1.0,1.0,1.0,2.0,1.0,1.0,1.0,2.0,2.0,1.0,2.0,1.0,2.0,2.0,1.0,2.0,2.0,2.0,1.0,2.0,2.0,1.0,1.0,2.0,1.0,1.0,2.0,2.0,2.0,1.0,1.0,2.0,1.0,2.0,2.0,2.0,1.0,1.0
1043,2,3,2,2,2,2,3,2,4,4,,30.0,,2.0,,,,3.0,5.0,2.0,,5.0,1.0,54.0,,1.0,,,,,,,,2.0,4.0,4.0,16.0,,,2.0,4.0,,,1.0,,4.0,,1.0,1.0,1.0,1.0,1.0,1.0,1.0,1.0,1.0,1.0,,,,,,,6,3,4,3,3,5,6,5,3,2,45.0,40.0,42.0,50.0,55.0,48.0,60.0,38.0,35.0,30.0,1.0,1.0,1.0,2.0,2.0,2.0,2.0,2.0,1.0,1.0,2.0,2.0,2.0,1.0,2.0,2.0,2.0,2.0,1.0,1.0,2.0,2.0,2.0,1.0,1.0,1.0,1.0,1.0,2.0,1.0,1.0,1.0,1.0,1.0,1.0,2.0,2.0,1.0,1.0,1.0
1831,4,4,4,4,4,4,5,4,2,2,,30.0,4.0,,2.0,3.0,5.0,,,,,6.0,1.0,54.0,,,2.0,,,,3.0,4.0,5.0,,,,18.0,,,2.0,,6.0,,1.0,,4.0,,,,,,,,,,,,1.0,1.0,1.0,1.0,1.0,1.0,6,3,4,3,3,5,6,5,3,2,55.0,50.0,52.0,60.0,62.0,58.0,65.0,54.0,40.0,42.0,1.0,1.0,2.0,1.0,2.0,1.0,2.0,1.0,1.0,1.0,2.0,2.0,1.0,1.0,1.0,1.0,2.0,2.0,1.0,2.0,2.0,1.0,2.0,1.0,1.0,1.0,2.0,2.0,1.0,1.0,2.0,2.0,1.0,2.0,1.0,2.0,2.0,1.0,2.0,2.0
1942,2,2,2,2,2,2,4,2,4,2,,30.0,2.0,,,,,3.0,5.0,2.0,,5.0,,,2.0,1.0,,2.0,4.0,5.0,,,,,,,,15.0,1.0,,,6.0,,,1.0,4.0,,,,,,,,,,,,1.0,1.0,1.0,1.0,1.0,1.0,6,3,4,4,2,5,6,6,3,2,40.0,35.0,35.0,40.0,45.0,40.0,60.0,35.0,50.0,35.0,1.0,2.0,1.0,1.0,2.0,1.0,1.0,1.0,2.0,1.0,1.0,1.0,2.0,1.0,2.0,1.0,1.0,1.0,1.0,2.0,1.0,1.0,1.0,2.0,2.0,1.0,2.0,1.0,2.0,2.0,2.0,2.0,1.0,1.0,1.0,1.0,2.0,1.0,1.0,1.0
545,4,4,4,4,4,4,4,4,2,2,,30.0,3.0,,,,,3.0,5.0,2.0,6.0,,,,2.0,1.0,,,,,3.0,4.0,4.0,,,,18.0,,1.0,,4.0,,,1.0,,4.0,,,,,,,,,,,,1.0,1.0,1.0,1.0,1.0,1.0,6,3,4,4,2,5,6,6,3,2,55.0,60.0,60.0,65.0,65.0,60.0,70.0,60.0,40.0,40.0,1.0,2.0,1.0,1.0,1.0,2.0,1.0,2.0,1.0,2.0,1.0,1.0,2.0,1.0,2.0,1.0,1.0,2.0,2.0,1.0,1.0,1.0,1.0,1.0,2.0,1.0,2.0,1.0,1.0,1.0,2.0,2.0,1.0,1.0,2.0,2.0,1.0,2.0,2.0,2.0
436,4,4,4,5,5,5,5,4,1,2,70.0,,,2.0,,,,3.0,4.0,2.0,,6.0,1.0,54.0,,1.0,,2.0,4.0,5.0,,,,,,,,18.0,1.0,,4.0,,,,1.0,,5.0,1.0,1.0,1.0,1.0,1.0,1.0,1.0,1.0,1.0,1.0,,,,,,,6,3,4,3,3,5,6,6,3,2,55.0,50.0,52.0,60.0,65.0,62.0,70.0,58.0,40.0,45.0,2.0,2.0,2.0,2.0,1.0,2.0,2.0,2.0,1.0,2.0,2.0,2.0,2.0,2.0,2.0,2.0,2.0,2.0,2.0,1.0,1.0,1.0,1.0,2.0,1.0,1.0,2.0,2.0,1.0,2.0,2.0,2.0,1.0,1.0,2.0,1.0,2.0,2.0,2.0,2.0
359,3,3,3,2,2,2,4,2,4,4,,30.0,3.0,,,,,3.0,5.0,2.0,6.0,,,,2.0,1.0,,,,,,,,3.0,4.0,5.0,2.0,,1.0,,,,2.0,1.0,,4.0,,1.0,1.0,1.0,1.0,1.0,1.0,1.0,1.0,1.0,1.0,,,,,,,6,3,4,3,3,5,6,5,3,2,45.0,40.0,40.0,50.0,55.0,45.0,60.0,40.0,50.0,50.0,2.0,2.0,2.0,1.0,2.0,2.0,2.0,1.0,2.0,2.0,2.0,2.0,2.0,2.0,2.0,2.0,2.0,2.0,2.0,2.0,1.0,2.0,2.0,2.0,2.0,2.0,2.0,2.0,1.0,2.0,1.0,2.0,1.0,2.0,2.0,1.0,1.0,2.0,2.0,2.0
1145,4,4,4,4,4,4,4,4,2,2,,30.0,4.0,,3.0,4.0,5.0,,,,,6.0,,,2.0,,2.0,3.0,4.0,5.0,,,,,,,,18.0,1.0,,,6.0,,1.0,,4.0,,1.0,1.0,1.0,1.0,1.0,1.0,1.0,1.0,1.0,1.0,,,,,,,6,3,4,4,3,5,6,6,3,2,55.0,50.0,52.0,60.0,62.0,58.0,65.0,54.0,40.0,42.0,2.0,1.0,1.0,1.0,2.0,1.0,2.0,2.0,2.0,1.0,2.0,2.0,1.0,2.0,2.0,2.0,1.0,1.0,1.0,2.0,2.0,1.0,1.0,1.0,1.0,1.0,1.0,2.0,1.0,2.0,2.0,2.0,2.0,1.0,1.0,1.0,2.0,1.0,2.0,2.0
1036,5,5,5,5,5,5,5,5,1,1,,30.0,4.0,,3.0,4.0,6.0,,,,,6.0,1.0,54.0,,1.0,,,,,,,,4.0,5.0,6.0,5.0,,,2.0,,,3.0,1.0,,5.0,,,,,,,,,,,,1.0,1.0,1.0,1.0,1.0,1.0,6,3,4,3,3,5,6,5,4,2,60.0,55.0,60.0,65.0,70.0,60.0,75.0,60.0,40.0,35.0,2.0,1.0,1.0,1.0,2.0,1.0,2.0,2.0,1.0,1.0,1.0,2.0,2.0,2.0,2.0,1.0,1.0,1.0,2.0,2.0,2.0,1.0,1.0,1.0,2.0,1.0,2.0,1.0,1.0,1.0,2.0,2.0,2.0,2.0,1.0,1.0,1.0,2.0,1.0,2.0
1759,5,5,5,5,5,5,5,5,1,1,,30.0,,2.0,3.0,4.0,6.0,,,,,6.0,1.0,54.0,,1.0,,,,,,,,4.0,5.0,6.0,,15.0,,2.0,,,3.0,1.0,,5.0,,1.0,1.0,1.0,1.0,1.0,1.0,1.0,1.0,1.0,1.0,,,,,,,6,3,4,3,3,5,6,5,4,2,60.0,55.0,60.0,65.0,70.0,60.0,75.0,60.0,35.0,30.0,1.0,1.0,1.0,2.0,1.0,2.0,1.0,1.0,2.0,2.0,1.0,1.0,2.0,1.0,1.0,1.0,1.0,2.0,2.0,2.0,1.0,2.0,1.0,2.0,1.0,1.0,2.0,1.0,2.0,1.0,1.0,1.0,2.0,1.0,1.0,1.0,2.0,2.0,1.0,2.0
1844,3,3,3,4,4,4,4,3,2,3,,30.0,3.0,,,,,3.0,4.0,3.0,5.0,,,,2.0,,2.0,,,,3.0,4.0,4.0,,,,,15.0,,2.0,,5.0,,1.0,,4.0,,,,,,,,,,,,1.0,1.0,1.0,1.0,1.0,1.0,6,3,4,3,2,5,6,5,3,2,50.0,45.0,48.0,60.0,62.0,58.0,65.0,55.0,40.0,45.0,1.0,1.0,2.0,2.0,2.0,2.0,1.0,1.0,2.0,1.0,2.0,2.0,2.0,1.0,1.0,2.0,2.0,1.0,2.0,2.0,2.0,2.0,1.0,1.0,1.0,1.0,1.0,2.0,1.0,1.0,2.0,2.0,1.0,1.0,2.0,1.0,2.0,1.0,2.0,1.0
1937,4,4,4,4,4,4,5,4,2,2,70.0,,3.0,,,,,3.0,4.0,2.0,,6.0,1.0,40.0,,1.0,,,,,3.0,4.0,5.0,,,,,15.0,,1.0,,,2.0,,1.0,,5.0,,,,,,,,,,,1.0,1.0,1.0,1.0,1.0,1.0,6,3,4,4,3,5,6,6,3,2,60.0,55.0,60.0,65.0,65.0,60.0,70.0,60.0,40.0,40.0,1.0,1.0,1.0,1.0,1.0,1.0,1.0,1.0,2.0,1.0,2.0,1.0,1.0,2.0,1.0,2.0,1.0,1.0,1.0,1.0,1.0,1.0,2.0,2.0,1.0,2.0,2.0,1.0,1.0,1.0,2.0,2.0,1.0,2.0,1.0,2.0,1.0,1.0,1.0,2.0
28,4,4,4,4,4,4,4,4,2,2,,30.0,4.0,,,,,3.0,5.0,2.0,6.0,,,,2.0,1.0,,2.0,4.0,5.0,,,,,,,,15.0,1.0,,,6.0,,,1.0,,5.0,1.0,1.0,1.0,1.0,1.0,1.0,1.0,1.0,1.0,1.0,,,,,,,6,3,4,3,3,5,6,5,3,2,60.0,55.0,58.0,65.0,70.0,62.0,75.0,60.0,40.0,45.0,2.0,2.0,2.0,1.0,1.0,2.0,1.0,1.0,1.0,2.0,1.0,2.0,2.0,2.0,2.0,2.0,1.0,1.0,1.0,2.0,1.0,1.0,2.0,2.0,1.0,2.0,2.0,1.0,1.0,2.0,2.0,2.0,2.0,2.0,1.0,2.0,1.0,1.0,2.0,1.0
762,4,4,4,5,5,5,5,4,2,2,70.0,,,2.0,3.0,4.0,5.0,,,,6.0,,1.0,54.0,,1.0,,,,,,,,3.0,4.0,5.0,,15.0,,1.0,4.0,,,,1.0,4.0,,1.0,1.0,1.0,1.0,1.0,1.0,1.0,1.0,1.0,1.0,,,,,,,6,3,5,4,3,5,6,5,3,2,55.0,50.0,52.0,60.0,65.0,62.0,70.0,58.0,40.0,42.0,1.0,1.0,1.0,2.0,1.0,1.0,2.0,2.0,1.0,2.0,1.0,1.0,2.0,1.0,2.0,1.0,1.0,2.0,1.0,1.0,1.0,2.0,2.0,1.0,2.0,2.0,1.0,1.0,2.0,1.0,1.0,1.0,2.0,2.0,1.0,1.0,1.0,1.0,2.0,1.0
611,4,4,4,4,4,4,4,4,1,2,70.0,,,2.0,3.0,4.0,5.0,,,,,6.0,1.0,54.0,,1.0,,,,,4.0,4.0,5.0,,,,16.0,,1.0,,,6.0,,1.0,,4.0,,,,,,,,,,,,1.0,1.0,1.0,1.0,1.0,1.0,6,3,4,4,2,5,6,6,3,2,60.0,55.0,50.0,65.0,60.0,60.0,70.0,55.0,35.0,40.0,2.0,1.0,1.0,1.0,2.0,2.0,2.0,1.0,2.0,2.0,1.0,1.0,2.0,1.0,1.0,1.0,2.0,2.0,2.0,2.0,1.0,1.0,1.0,2.0,1.0,2.0,1.0,1.0,2.0,1.0,1.0,2.0,1.0,2.0,1.0,2.0,1.0,2.0,2.0,1.0
398,3,4,4,4,4,4,4,4,2,2,70.0,,4.0,,3.0,4.0,5.0,,,,,5.0,,,2.0,,2.0,,,,,,,3.0,4.0,5.0,,15.0,1.0,,4.0,,,,1.0,4.0,,1.0,1.0,1.0,1.0,1.0,1.0,1.0,1.0,1.0,1.0,,,,,,,6,3,4,4,2,5,6,6,3,2,45.0,50.0,50.0,55.0,55.0,55.0,60.0,50.0,40.0,40.0,2.0,2.0,2.0,2.0,2.0,1.0,1.0,1.0,1.0,1.0,1.0,2.0,2.0,1.0,2.0,2.0,1.0,2.0,2.0,1.0,1.0,2.0,1.0,2.0,2.0,2.0,1.0,2.0,2.0,2.0,1.0,1.0,2.0,2.0,1.0,2.0,1.0,1.0,2.0,2.0
584,2,3,3,3,3,3,4,2,3,2,70.0,,,2.0,,,,3.0,5.0,4.0,5.0,,1.0,30.0,,,2.0,,,,2.0,4.0,4.0,,,,20.0,,1.0,,,,2.0,,1.0,,4.0,1.0,1.0,1.0,1.0,1.0,1.0,1.0,1.0,1.0,1.0,,,,,,,6,3,4,4,3,5,6,6,3,2,40.0,35.0,35.0,50.0,55.0,45.0,60.0,40.0,50.0,35.0,2.0,1.0,1.0,2.0,1.0,1.0,2.0,1.0,1.0,2.0,2.0,1.0,1.0,1.0,1.0,1.0,1.0,1.0,2.0,1.0,2.0,1.0,2.0,1.0,2.0,2.0,1.0,2.0,1.0,2.0,1.0,2.0,1.0,2.0,1.0,2.0,1.0,1.0,2.0,1.0
1362,5,5,5,5,5,5,5,5,1,2,70.0,,,2.0,3.0,4.0,6.0,,,,6.0,,1.0,54.0,,1.0,,,,,,,,4.0,5.0,6.0,16.0,,1.0,,4.0,,,,1.0,5.0,,1.0,1.0,1.0,1.0,1.0,1.0,1.0,1.0,1.0,1.0,,,,,,,6,3,4,3,3,5,6,6,4,2,60.0,55.0,58.0,65.0,68.0,62.0,70.0,59.0,35.0,40.0,2.0,2.0,2.0,2.0,1.0,1.0,2.0,2.0,2.0,2.0,2.0,2.0,2.0,2.0,2.0,2.0,1.0,2.0,2.0,2.0,1.0,1.0,2.0,1.0,2.0,1.0,2.0,2.0,2.0,1.0,2.0,2.0,2.0,2.0,2.0,1.0,1.0,1.0,1.0,1.0
1211,5,5,5,5,5,5,5,5,1,1,70.0,,5.0,,2.0,3.0,6.0,,,,,6.0,1.0,54.0,,,2.0,1.0,5.0,6.0,,,,,,,0.0,,2.0,,,,1.0,,1.0,5.0,,,,,,,,,,,,1.0,1.0,1.0,1.0,1.0,1.0,6,3,4,3,3,5,6,5,3,2,60.0,55.0,50.0,65.0,70.0,60.0,75.0,55.0,30.0,35.0,2.0,2.0,2.0,2.0,2.0,2.0,2.0,2.0,2.0,1.0,2.0,2.0,2.0,2.0,2.0,2.0,2.0,2.0,1.0,2.0,2.0,2.0,2.0,2.0,2.0,2.0,1.0,2.0,2.0,1.0,2.0,1.0,1.0,2.0,2.0,1.0,2.0,2.0,2.0,1.0
1798,2,3,2,2,3,2,4,2,4,3,70.0,,,2.0,,,,3.0,4.0,2.0,6.0,,,,2.0,,2.0,,,,3.0,4.0,5.0,,,,,16.0,1.0,,,,3.0,1.0,,4.0,,,,,,,,,,,,1.0,1.0,1.0,1.0,1.0,1.0,6,3,4,3,3,5,6,5,3,2,45.0,40.0,42.0,50.0,55.0,48.0,60.0,44.0,52.0,41.0,1.0,1.0,1.0,2.0,1.0,2.0,1.0,1.0,2.0,1.0,1.0,2.0,2.0,1.0,2.0,2.0,1.0,1.0,2.0,1.0,2.0,1.0,1.0,1.0,2.0,2.0,1.0,2.0,2.0,1.0,1.0,2.0,1.0,2.0,2.0,1.0,1.0,1.0,2.0,1.0
1184,5,5,5,5,5,5,5,5,1,1,,30.0,1.0,,,,,3.0,5.0,4.0,,6.0,1.0,54.0,,,2.0,1.0,5.0,6.0,,,,,,,,0.0,1.0,,,,2.0,,1.0,5.0,,,,,,,,,,,,1.0,1.0,1.0,1.0,1.0,1.0,6,3,4,3,3,5,6,5,4,2,60.0,55.0,60.0,65.0,65.0,60.0,70.0,55.0,40.0,35.0,1.0,1.0,2.0,1.0,2.0,2.0,2.0,2.0,2.0,1.0,1.0,2.0,2.0,2.0,2.0,1.0,1.0,2.0,2.0,2.0,2.0,1.0,1.0,2.0,2.0,2.0,2.0,2.0,2.0,2.0,2.0,2.0,1.0,2.0,1.0,2.0,2.0,1.0,1.0,1.0
1885,5,5,5,5,5,5,5,5,1,1,70.0,,,1.0,,,,3.0,5.0,2.0,6.0,,1.0,54.0,,1.0,,,,,,,,4.0,5.0,6.0,0.0,,,2.0,,9.0,,1.0,,5.0,,1.0,1.0,1.0,1.0,1.0,1.0,1.0,1.0,1.0,1.0,,,,,,,6,3,4,3,2,5,6,6,4,2,60.0,55.0,60.0,65.0,70.0,60.0,75.0,60.0,40.0,35.0,2.0,2.0,1.0,2.0,1.0,1.0,2.0,2.0,2.0,2.0,1.0,2.0,2.0,1.0,2.0,1.0,2.0,2.0,1.0,2.0,2.0,2.0,1.0,2.0,1.0,2.0,1.0,2.0,2.0,2.0,1.0,2.0,1.0,2.0,2.0,1.0,2.0,2.0,2.0,1.0
1587,4,4,4,4,4,4,4,4,2,2,70.0,,,2.0,,,,3.0,5.0,3.0,6.0,,1.0,54.0,,1.0,,,,,,,,3.0,4.0,5.0,,15.0,1.0,,4.0,,,1.0,,4.0,,,,,,,,,,,,1.0,1.0,1.0,1.0,1.0,1.0,6,3,4,4,3,5,6,6,3,2,60.0,55.0,58.0,65.0,70.0,62.0,75.0,60.0,40.0,45.0,1.0,2.0,1.0,1.0,2.0,1.0,2.0,1.0,2.0,2.0,2.0,1.0,1.0,2.0,1.0,2.0,2.0,2.0,2.0,1.0,1.0,1.0,2.0,1.0,1.0,1.0,2.0,2.0,2.0,2.0,1.0,1.0,1.0,1.0,2.0,2.0,1.0,1.0,1.0,1.0
1612,3,3,3,3,4,3,4,3,3,3,,30.0,,2.0,,,,3.0,4.0,3.0,6.0,,,,2.0,,2.0,,,,3.0,4.0,4.0,,,,,15.0,1.0,,,6.0,,,1.0,4.0,,,,,,,,,,,,1.0,1.0,1.0,1.0,1.0,1.0,6,4,4,4,3,5,6,5,3,2,45.0,40.0,40.0,50.0,55.0,50.0,60.0,45.0,50.0,45.0,2.0,1.0,2.0,2.0,1.0,1.0,2.0,2.0,1.0,2.0,1.0,2.0,1.0,1.0,1.0,1.0,2.0,2.0,2.0,2.0,2.0,2.0,2.0,2.0,2.0,1.0,1.0,1.0,1.0,1.0,1.0,2.0,1.0,1.0,2.0,2.0,1.0,1.0,2.0,1.0
1761,4,4,4,4,4,4,5,4,2,2,70.0,,,2.0,3.0,4.0,5.0,,,,6.0,,1.0,54.0,,,2.0,1.0,4.0,5.0,,,,,,,,18.0,1.0,,4.0,,,,1.0,,5.0,,,,,,,,,,,1.0,1.0,1.0,1.0,1.0,1.0,6,3,4,4,2,5,6,6,3,2,55.0,50.0,52.0,60.0,62.0,58.0,65.0,54.0,40.0,42.0,1.0,2.0,1.0,1.0,1.0,2.0,2.0,1.0,2.0,2.0,1.0,1.0,1.0,2.0,1.0,2.0,1.0,2.0,2.0,1.0,1.0,2.0,2.0,1.0,1.0,2.0,1.0,1.0,2.0,2.0,1.0,2.0,1.0,2.0,2.0,1.0,1.0,1.0,2.0,1.0
187,5,5,5,5,5,5,5,5,1,1,70.0,,1.0,,3.0,4.0,6.0,,,,,5.0,,,2.0,1.0,,1.0,4.0,5.0,,,,,,,,20.0,,2.0,,,1.0,,1.0,5.0,,,,,,,,,,,,1.0,1.0,1.0,1.0,1.0,1.0,6,3,4,3,3,5,6,5,4,2,60.0,55.0,55.0,60.0,65.0,60.0,70.0,55.0,40.0,35.0,2.0,1.0,2.0,2.0,2.0,1.0,1.0,2.0,1.0,2.0,1.0,1.0,2.0,2.0,2.0,1.0,1.0,1.0,2.0,2.0,2.0,1.0,2.0,2.0,1.0,1.0,2.0,1.0,2.0,1.0,2.0,1.0,1.0,2.0,2.0,1.0,1.0,1.0,2.0,2.0
212,2,2,2,2,2,2,4,2,4,2,,30.0,,2.0,,,,3.0,5.0,2.0,5.0,,,,2.0,,2.0,,,,,,,2.0,4.0,4.0,,20.0,2.0,,,7.0,,1.0,,,4.0,,,,,,,,,,,1.0,1.0,1.0,1.0,1.0,1.0,6,3,5,4,3,5,6,5,3,2,40.0,35.0,38.0,45.0,50.0,40.0,60.0,35.0,55.0,35.0,2.0,2.0,1.0,1.0,2.0,1.0,1.0,2.0,2.0,1.0,2.0,1.0,1.0,2.0,1.0,2.0,1.0,1.0,2.0,1.0,2.0,1.0,1.0,2.0,2.0,1.0,1.0,1.0,2.0,1.0,1.0,2.0,1.0,1.0,2.0,2.0,2.0,2.0,1.0,2.0
361,4,4,4,5,5,5,5,4,2,2,70.0,,,2.0,,,,3.0,5.0,2.0,,6.0,,,2.0,,2.0,2.0,4.0,5.0,,,,,,,,15.0,,2.0,5.0,,,1.0,,,4.0,,,,,,,,,,,1.0,1.0,1.0,1.0,1.0,1.0,6,3,4,4,3,5,6,6,3,2,55.0,50.0,55.0,60.0,65.0,60.0,70.0,55.0,40.0,40.0,1.0,2.0,2.0,2.0,2.0,2.0,1.0,2.0,2.0,2.0,1.0,1.0,2.0,2.0,1.0,1.0,1.0,2.0,2.0,2.0,1.0,1.0,1.0,1.0,2.0,1.0,2.0,1.0,2.0,1.0,1.0,1.0,1.0,1.0,1.0,1.0,2.0,2.0,2.0,2.0
10,5,5,5,5,5,5,5,5,1,2,70.0,,,2.0,3.0,4.0,5.0,,,,,6.0,,,2.0,1.0,,,,,4.0,5.0,6.0,,,,16.0,,1.0,,4.0,,,1.0,,,5.0,,,,,,,,,,,1.0,1.0,1.0,1.0,1.0,1.0,6,3,4,3,3,5,6,5,4,2,62.0,55.0,60.0,68.0,70.0,65.0,72.0,60.0,40.0,45.0,1.0,2.0,1.0,2.0,2.0,2.0,1.0,2.0,2.0,1.0,2.0,2.0,1.0,2.0,2.0,1.0,1.0,2.0,1.0,1.0,1.0,2.0,2.0,2.0,1.0,2.0,2.0,1.0,2.0,1.0,2.0,1.0,2.0,2.0,1.0,1.0,2.0,2.0,2.0,1.0
886,4,4,4,3,4,3,4,3,2,2,,30.0,,2.0,3.0,4.0,5.0,,,,6.0,,,,2.0,,2.0,,,,3.0,4.0,5.0,,,,,15.0,,2.0,4.0,,,1.0,,,4.0,,,,,,,,,,,1.0,1.0,1.0,1.0,1.0,1.0,6,3,4,4,2,5,6,6,3,2,55.0,50.0,50.0,60.0,65.0,55.0,70.0,60.0,40.0,35.0,1.0,1.0,2.0,1.0,2.0,1.0,2.0,1.0,1.0,1.0,1.0,1.0,1.0,1.0,1.0,1.0,1.0,2.0,1.0,2.0,1.0,1.0,1.0,1.0,1.0,1.0,2.0,1.0,2.0,1.0,1.0,1.0,1.0,2.0,1.0,1.0,1.0,1.0,1.0,1.0
1229,4,4,4,4,4,4,4,4,2,2,,30.0,4.0,,3.0,4.0,5.0,,,,5.0,,1.0,40.0,,1.0,,3.0,4.0,4.0,,,,,,,18.0,,,2.0,4.0,,,1.0,,,4.0,1.0,1.0,1.0,1.0,1.0,1.0,1.0,1.0,1.0,1.0,,,,,,,6,3,4,4,2,5,6,6,3,2,60.0,55.0,60.0,65.0,65.0,60.0,70.0,60.0,40.0,40.0,2.0,1.0,2.0,1.0,1.0,1.0,1.0,1.0,1.0,2.0,2.0,2.0,1.0,2.0,2.0,2.0,1.0,1.0,2.0,2.0,2.0,2.0,1.0,2.0,2.0,1.0,2.0,1.0,2.0,1.0,1.0,1.0,1.0,1.0,1.0,1.0,1.0,2.0,1.0,1.0
1435,4,4,4,4,4,4,4,4,2,2,,30.0,,2.0,,,,3.0,5.0,4.0,,6.0,,,2.0,1.0,,2.0,4.0,5.0,,,,,,,18.0,,1.0,,,,2.0,1.0,,,4.0,,,,,,,,,,,1.0,1.0,1.0,1.0,1.0,1.0,6,3,4,3,3,5,6,5,3,2,55.0,50.0,52.0,60.0,62.0,58.0,65.0,54.0,40.0,42.0,1.0,2.0,1.0,1.0,1.0,1.0,1.0,2.0,2.0,1.0,2.0,1.0,1.0,2.0,1.0,1.0,2.0,2.0,1.0,1.0,2.0,1.0,2.0,1.0,2.0,2.0,1.0,2.0,1.0,2.0,1.0,2.0,1.0,1.0,2.0,2.0,1.0,2.0,1.0,2.0
1546,5,5,5,5,5,5,5,5,1,2,70.0,,5.0,,3.0,4.0,5.0,,,,6.0,,,,2.0,,2.0,,,,4.0,5.0,6.0,,,,20.0,,,2.0,3.0,,,,1.0,,5.0,,,,,,,,,,,1.0,1.0,1.0,1.0,1.0,1.0,6,3,4,4,2,5,6,6,4,2,60.0,55.0,60.0,65.0,70.0,60.0,70.0,60.0,40.0,45.0,2.0,2.0,2.0,2.0,2.0,1.0,2.0,1.0,2.0,1.0,1.0,2.0,1.0,1.0,1.0,1.0,2.0,1.0,2.0,2.0,1.0,1.0,2.0,1.0,1.0,2.0,2.0,1.0,2.0,1.0,1.0,1.0,2.0,2.0,2.0,1.0,2.0,2.0,1.0,2.0
629,5,4,5,5,5,5,5,5,1,2,70.0,,4.0,,,,,3.0,5.0,2.0,,5.0,1.0,45.0,,,2.0,,,,,,,3.0,4.0,4.0,18.0,,1.0,,4.0,,,1.0,,4.0,,1.0,1.0,1.0,1.0,1.0,1.0,1.0,1.0,1.0,1.0,,,,,,,6,3,4,4,3,5,6,6,3,2,55.0,50.0,60.0,65.0,70.0,60.0,75.0,60.0,40.0,45.0,2.0,1.0,1.0,1.0,2.0,2.0,1.0,1.0,2.0,2.0,2.0,1.0,2.0,1.0,2.0,2.0,1.0,1.0,2.0,1.0,2.0,1.0,2.0,2.0,1.0,2.0,1.0,2.0,1.0,1.0,1.0,2.0,1.0,2.0,1.0,1.0,1.0,2.0,1.0,1.0
146,4,4,4,4,4,4,4,4,2,2,70.0,,,2.0,,,,3.0,5.0,2.0,6.0,,1.0,50.0,,,2.0,,,,,,,3.0,4.0,5.0,,5.0,,2.0,,,2.0,1.0,,4.0,,,,,,,,,,,,1.0,1.0,1.0,1.0,1.0,1.0,6,3,4,3,3,5,6,5,3,2,60.0,55.0,60.0,65.0,70.0,60.0,75.0,60.0,40.0,45.0,1.0,1.0,2.0,2.0,2.0,2.0,1.0,2.0,1.0,1.0,2.0,1.0,1.0,1.0,1.0,1.0,1.0,1.0,1.0,2.0,1.0,1.0,2.0,2.0,2.0,1.0,1.0,2.0,1.0,1.0,2.0,1.0,1.0,1.0,1.0,1.0,2.0,2.0,1.0,2.0
934,3,3,3,3,3,3,4,2,4,2,70.0,,,2.0,,,,3.0,5.0,4.0,,6.0,,,2.0,,2.0,,,,,,,3.0,4.0,5.0,8.0,,1.0,,,6.0,,1.0,,4.0,,1.0,1.0,1.0,1.0,1.0,1.0,1.0,1.0,1.0,1.0,,,,,,,6,3,4,4,3,5,6,6,3,2,50.0,45.0,50.0,55.0,60.0,55.0,65.0,45.0,50.0,40.0,1.0,2.0,2.0,1.0,2.0,1.0,1.0,2.0,1.0,1.0,2.0,1.0,2.0,1.0,1.0,1.0,1.0,2.0,2.0,2.0,2.0,2.0,1.0,2.0,2.0,2.0,2.0,2.0,2.0,1.0,2.0,1.0,2.0,1.0,2.0,1.0,2.0,1.0,1.0,1.0
847,5,5,5,5,5,5,5,5,1,2,,30.0,,2.0,3.0,4.0,6.0,,,,6.0,,,,2.0,,2.0,,,,4.0,5.0,6.0,,,,20.0,,1.0,,,,2.0,,1.0,5.0,,1.0,1.0,1.0,1.0,1.0,1.0,1.0,1.0,1.0,1.0,,,,,,,6,3,4,3,3,5,6,5,4,2,60.0,55.0,60.0,65.0,70.0,60.0,70.0,55.0,40.0,45.0,2.0,1.0,1.0,2.0,1.0,1.0,1.0,1.0,2.0,1.0,1.0,2.0,2.0,1.0,1.0,1.0,1.0,2.0,1.0,1.0,2.0,2.0,1.0,1.0,2.0,2.0,1.0,2.0,2.0,1.0,2.0,2.0,2.0,2.0,1.0,1.0,1.0,1.0,2.0,1.0
1440,4,4,4,4,4,4,5,4,2,2,,30.0,3.0,,3.0,4.0,5.0,,,,6.0,,1.0,54.0,,1.0,,,,,3.0,4.0,5.0,,,,20.0,,,2.0,4.0,,,,1.0,4.0,,1.0,1.0,1.0,1.0,1.0,1.0,1.0,1.0,1.0,1.0,,,,,,,6,3,4,4,3,5,6,6,3,2,55.0,50.0,52.0,60.0,65.0,58.0,70.0,54.0,40.0,42.0,1.0,2.0,2.0,1.0,2.0,1.0,2.0,2.0,2.0,1.0,2.0,2.0,2.0,1.0,1.0,1.0,1.0,1.0,2.0,2.0,2.0,1.0,1.0,2.0,1.0,2.0,2.0,2.0,2.0,1.0,2.0,1.0,2.0,1.0,1.0,1.0,2.0,2.0,1.0,2.0
1533,3,3,3,3,3,3,4,3,4,3,,30.0,3.0,,,,,3.0,4.0,3.0,5.0,,,,2.0,,2.0,2.0,3.0,4.0,,,,,,,15.0,,,2.0,,5.0,,,1.0,4.0,,,,,,,,,,,,1.0,1.0,1.0,1.0,1.0,1.0,6,3,4,4,2,5,6,6,3,2,45.0,40.0,40.0,50.0,55.0,50.0,60.0,45.0,50.0,40.0,1.0,2.0,2.0,1.0,2.0,1.0,1.0,1.0,2.0,2.0,2.0,2.0,2.0,2.0,2.0,1.0,1.0,1.0,2.0,2.0,1.0,1.0,2.0,2.0,2.0,1.0,1.0,1.0,1.0,2.0,1.0,2.0,2.0,2.0,2.0,2.0,2.0,2.0,2.0,1.0
133,4,4,4,4,4,4,5,4,1,2,70.0,,,2.0,3.0,4.0,5.0,,,,6.0,,1.0,54.0,,,2.0,2.0,4.0,5.0,,,,,,,18.0,,,2.0,4.0,,,1.0,,4.0,,,,,,,,,,,,1.0,1.0,1.0,1.0,1.0,1.0,6,3,4,3,2,5,6,5,3,2,60.0,55.0,58.0,65.0,68.0,62.0,70.0,60.0,40.0,45.0,1.0,2.0,2.0,2.0,1.0,1.0,1.0,1.0,1.0,1.0,1.0,2.0,2.0,1.0,1.0,1.0,1.0,2.0,1.0,2.0,2.0,1.0,2.0,2.0,1.0,1.0,2.0,2.0,1.0,1.0,1.0,1.0,1.0,1.0,1.0,1.0,1.0,1.0,2.0,2.0
941,4,4,4,4,4,4,5,4,1,2,,30.0,3.0,,,,,3.0,5.0,4.0,,5.0,1.0,40.0,,1.0,,,,,,,,3.0,4.0,5.0,,15.0,1.0,,,5.0,,1.0,,4.0,,,,,,,,,,,,1.0,1.0,1.0,1.0,1.0,1.0,6,3,4,3,3,5,6,5,3,2,60.0,55.0,58.0,65.0,70.0,60.0,75.0,62.0,40.0,45.0,2.0,2.0,2.0,1.0,1.0,1.0,2.0,2.0,1.0,2.0,1.0,1.0,1.0,2.0,2.0,2.0,1.0,1.0,2.0,1.0,2.0,1.0,1.0,1.0,1.0,1.0,1.0,2.0,1.0,2.0,2.0,2.0,1.0,1.0,2.0,2.0,2.0,2.0,1.0,1.0
832,4,4,4,5,5,5,5,4,2,2,70.0,,,2.0,3.0,4.0,6.0,,,,6.0,,,,2.0,1.0,,,,,,,,3.0,4.0,5.0,16.0,,1.0,,,6.0,,,1.0,,4.0,1.0,1.0,1.0,1.0,1.0,1.0,1.0,1.0,1.0,1.0,,,,,,,6,3,4,4,3,5,6,6,3,2,55.0,50.0,52.0,60.0,62.0,58.0,65.0,54.0,40.0,42.0,2.0,1.0,1.0,2.0,1.0,1.0,1.0,2.0,2.0,1.0,1.0,2.0,2.0,1.0,1.0,2.0,1.0,2.0,1.0,1.0,1.0,2.0,2.0,2.0,1.0,2.0,1.0,1.0,1.0,2.0,1.0,1.0,1.0,1.0,2.0,2.0,2.0,1.0,2.0,1.0
1667,4,4,4,5,5,5,5,5,1,2,70.0,,,1.0,,,,3.0,4.0,2.0,,6.0,1.0,54.0,,,2.0,,,,3.0,4.0,5.0,,,,,15.0,,2.0,,,3.0,1.0,,,5.0,,,,,,,,,,,1.0,1.0,1.0,1.0,1.0,1.0,6,3,5,4,2,5,6,5,4,2,60.0,55.0,58.0,65.0,70.0,68.0,75.0,60.0,40.0,45.0,2.0,2.0,1.0,1.0,2.0,2.0,1.0,2.0,1.0,2.0,1.0,2.0,2.0,2.0,1.0,1.0,2.0,1.0,2.0,1.0,2.0,1.0,2.0,1.0,1.0,2.0,2.0,1.0,2.0,1.0,1.0,1.0,1.0,1.0,2.0,1.0,2.0,2.0,1.0,1.0
1714,2,2,2,2,2,2,4,2,4,2,70.0,,2.0,,3.0,4.0,5.0,,,,6.0,,,,2.0,,2.0,,,,,,,2.0,4.0,5.0,18.0,,,2.0,,6.0,,1.0,,,4.0,,,,,,,,,,,1.0,1.0,1.0,1.0,1.0,1.0,6,3,4,4,3,5,6,5,3,2,40.0,35.0,35.0,40.0,45.0,35.0,60.0,40.0,50.0,35.0,1.0,2.0,1.0,2.0,2.0,2.0,2.0,2.0,1.0,2.0,1.0,2.0,2.0,2.0,1.0,2.0,1.0,1.0,2.0,2.0,2.0,1.0,1.0,1.0,2.0,1.0,1.0,1.0,2.0,1.0,1.0,1.0,2.0,1.0,1.0,2.0,2.0,1.0,2.0,1.0
1108,2,3,3,2,3,2,4,2,4,3,70.0,,2.0,,,,,3.0,4.0,2.0,5.0,,1.0,54.0,,1.0,,2.0,4.0,4.0,,,,,,,16.0,,,2.0,,,2.0,1.0,,,4.0,1.0,1.0,1.0,1.0,1.0,1.0,1.0,1.0,1.0,1.0,,,,,,,6,3,4,3,3,5,6,6,3,2,55.0,50.0,50.0,55.0,60.0,50.0,65.0,55.0,50.0,45.0,1.0,2.0,1.0,1.0,1.0,1.0,2.0,2.0,1.0,1.0,2.0,1.0,2.0,2.0,2.0,1.0,2.0,2.0,2.0,2.0,1.0,1.0,2.0,2.0,1.0,2.0,2.0,2.0,2.0,1.0,1.0,1.0,1.0,2.0,2.0,1.0,2.0,2.0,1.0,2.0
1481,2,2,2,2,2,2,4,2,4,4,,30.0,,2.0,,,,3.0,4.0,2.0,6.0,,,,2.0,,2.0,,,,4.0,4.0,5.0,,,,,15.0,,2.0,5.0,,,1.0,,,4.0,1.0,1.0,1.0,1.0,1.0,1.0,1.0,1.0,1.0,1.0,,,,,,,6,3,4,3,3,5,6,5,3,2,40.0,38.0,35.0,45.0,50.0,35.0,60.0,40.0,55.0,50.0,1.0,2.0,2.0,1.0,2.0,1.0,1.0,2.0,1.0,1.0,1.0,1.0,2.0,1.0,1.0,1.0,2.0,1.0,2.0,1.0,2.0,1.0,1.0,2.0,1.0,1.0,1.0,2.0,1.0,1.0,2.0,1.0,1.0,2.0,1.0,1.0,1.0,1.0,2.0,1.0
267,4,4,4,4,4,4,4,4,2,2,,30.0,3.0,,3.0,4.0,5.0,,,,6.0,,1.0,54.0,,,2.0,,,,,,,3.0,4.0,5.0,16.0,,1.0,,4.0,,,1.0,,,4.0,1.0,1.0,1.0,1.0,1.0,1.0,1.0,1.0,1.0,1.0,,,,,,,6,3,4,4,2,5,6,6,3,2,55.0,50.0,52.0,60.0,62.0,58.0,65.0,54.0,40.0,42.0,1.0,1.0,1.0,2.0,2.0,1.0,1.0,1.0,1.0,1.0,1.0,1.0,1.0,2.0,2.0,1.0,1.0,2.0,1.0,1.0,2.0,1.0,1.0,2.0,1.0,2.0,2.0,2.0,2.0,1.0,2.0,2.0,1.0,2.0,1.0,2.0,1.0,1.0,1.0,1.0
314,2,2,2,2,2,2,4,2,4,2,70.0,,,2.0,2.0,3.0,5.0,,,,,6.0,1.0,35.0,,,2.0,,,,,,,2.0,4.0,5.0,,18.0,1.0,,3.0,,,1.0,,,4.0,,,,,,,,,,,1.0,1.0,1.0,1.0,1.0,1.0,6,3,4,3,3,5,6,5,3,2,40.0,35.0,35.0,30.0,35.0,30.0,50.0,35.0,45.0,35.0,2.0,1.0,1.0,2.0,1.0,1.0,1.0,1.0,1.0,2.0,1.0,2.0,2.0,1.0,1.0,1.0,1.0,1.0,1.0,2.0,1.0,1.0,1.0,1.0,2.0,1.0,2.0,2.0,1.0,1.0,2.0,2.0,1.0,2.0,1.0,1.0,1.0,1.0,2.0,2.0
508,4,4,4,5,5,5,5,5,1,2,70.0,,,1.0,,,,3.0,5.0,2.0,,6.0,1.0,54.0,,1.0,,,,,,,,3.0,4.0,4.0,,15.0,,2.0,3.0,,,1.0,,4.0,,,,,,,,,,,,1.0,1.0,1.0,1.0,1.0,1.0,6,3,4,3,2,5,6,5,3,2,55.0,50.0,52.0,60.0,62.0,58.0,65.0,54.0,40.0,45.0,1.0,2.0,1.0,1.0,2.0,1.0,1.0,2.0,1.0,2.0,2.0,2.0,1.0,2.0,2.0,2.0,2.0,1.0,1.0,2.0,2.0,1.0,2.0,1.0,2.0,2.0,2.0,2.0,1.0,1.0,1.0,1.0,1.0,1.0,1.0,2.0,1.0,1.0,2.0,1.0
980,2,3,2,2,3,2,4,2,4,2,,30.0,,2.0,,,,3.0,4.0,2.0,6.0,,,,2.0,1.0,,,,,3.0,4.0,5.0,,,,,15.0,1.0,,,,2.0,1.0,,,4.0,,,,,,,,,,,1.0,1.0,1.0,1.0,1.0,1.0,6,3,4,4,2,5,6,6,3,2,40.0,35.0,35.0,40.0,45.0,35.0,50.0,35.0,45.0,35.0,1.0,1.0,2.0,1.0,2.0,2.0,2.0,1.0,2.0,1.0,2.0,2.0,1.0,1.0,1.0,2.0,2.0,1.0,2.0,1.0,1.0,1.0,1.0,2.0,1.0,2.0,2.0,2.0,2.0,2.0,2.0,2.0,1.0,1.0,2.0,1.0,2.0,2.0,1.0,1.0
65,5,5,5,5,5,5,5,5,1,2,70.0,,4.0,,3.0,4.0,6.0,,,,6.0,,1.0,54.0,,,2.0,2.0,4.0,5.0,,,,,,,,18.0,,2.0,,,2.0,1.0,,5.0,,,,,,,,,,,,1.0,1.0,1.0,1.0,1.0,1.0,6,3,4,4,2,5,6,6,3,2,60.0,55.0,58.0,65.0,68.0,62.0,70.0,60.0,40.0,45.0,2.0,1.0,2.0,2.0,1.0,2.0,2.0,2.0,1.0,2.0,2.0,2.0,2.0,2.0,2.0,2.0,2.0,2.0,2.0,1.0,2.0,2.0,2.0,2.0,2.0,1.0,2.0,2.0,1.0,2.0,1.0,1.0,2.0,2.0,2.0,2.0,2.0,2.0,2.0,2.0
2014,4,4,4,4,4,4,4,4,2,2,,30.0,,3.0,3.0,4.0,6.0,,,,5.0,,,,2.0,,2.0,2.0,4.0,4.0,,,,,,,,15.0,,2.0,,,3.0,,1.0,4.0,,,,,,,,,,,,1.0,1.0,1.0,1.0,1.0,1.0,6,3,4,4,3,5,6,6,3,2,55.0,50.0,52.0,60.0,62.0,58.0,65.0,54.0,40.0,42.0,2.0,1.0,2.0,1.0,2.0,2.0,1.0,2.0,1.0,1.0,2.0,1.0,2.0,1.0,2.0,2.0,2.0,1.0,1.0,2.0,1.0,1.0,1.0,2.0,1.0,2.0,2.0,2.0,2.0,2.0,1.0,2.0,1.0,1.0,1.0,1.0,2.0,1.0,1.0,2.0
1809,4,4,4,4,4,4,4,4,2,2,70.0,,,2.0,3.0,4.0,5.0,,,,6.0,,1.0,54.0,,1.0,,,,,3.0,4.0,4.0,,,,5.0,,1.0,,3.0,,,1.0,,4.0,,,,,,,,,,,,1.0,1.0,1.0,1.0,1.0,1.0,6,3,4,3,3,5,6,5,3,2,55.0,50.0,52.0,60.0,62.0,58.0,65.0,54.0,40.0,38.0,1.0,2.0,2.0,2.0,2.0,2.0,2.0,2.0,2.0,1.0,2.0,2.0,2.0,2.0,1.0,2.0,2.0,2.0,2.0,2.0,2.0,2.0,2.0,1.0,2.0,2.0,2.0,2.0,2.0,1.0,2.0,1.0,1.0,1.0,2.0,2.0,2.0,2.0,2.0,2.0
838,4,4,4,4,4,4,5,4,2,2,70.0,,3.0,,,,,3.0,5.0,2.0,,6.0,,,2.0,,2.0,,,,4.0,4.0,5.0,,,,,18.0,,2.0,,,3.0,1.0,,,4.0,,,,,,,,,,,1.0,1.0,1.0,1.0,1.0,1.0,6,3,4,3,3,5,6,5,3,2,55.0,50.0,52.0,60.0,65.0,58.0,70.0,60.0,40.0,38.0,1.0,2.0,2.0,2.0,1.0,1.0,2.0,2.0,2.0,1.0,1.0,2.0,1.0,1.0,2.0,1.0,2.0,2.0,1.0,1.0,1.0,2.0,2.0,1.0,2.0,1.0,1.0,1.0,1.0,2.0,2.0,2.0,2.0,2.0,1.0,2.0,2.0,1.0,2.0,1.0
1539,5,5,5,5,5,5,5,5,1,2,,30.0,4.0,,3.0,4.0,6.0,,,,6.0,,,,2.0,,2.0,2.0,4.0,5.0,,,,,,,,18.0,,2.0,4.0,,,1.0,,5.0,,1.0,1.0,1.0,1.0,1.0,1.0,1.0,1.0,1.0,1.0,,,,,,,6,3,4,3,3,5,6,5,3,2,60.0,55.0,50.0,65.0,70.0,60.0,75.0,60.0,35.0,40.0,1.0,2.0,1.0,2.0,2.0,2.0,1.0,1.0,2.0,2.0,2.0,2.0,2.0,2.0,2.0,2.0,1.0,2.0,1.0,1.0,1.0,2.0,2.0,1.0,1.0,2.0,2.0,2.0,1.0,2.0,2.0,2.0,2.0,1.0,2.0,1.0,1.0,2.0,2.0,2.0
1256,4,4,4,4,4,4,5,4,2,2,70.0,,,2.0,3.0,4.0,5.0,,,,5.0,,,,2.0,,2.0,,,,3.0,4.0,5.0,,,,,15.0,1.0,,,,2.0,1.0,,4.0,,1.0,1.0,1.0,1.0,1.0,1.0,1.0,1.0,1.0,1.0,,,,,,,6,3,4,3,3,5,6,5,3,2,60.0,55.0,60.0,65.0,70.0,60.0,75.0,60.0,40.0,45.0,1.0,1.0,2.0,1.0,1.0,2.0,1.0,1.0,1.0,1.0,1.0,2.0,2.0,1.0,2.0,1.0,1.0,1.0,1.0,1.0,1.0,1.0,2.0,1.0,1.0,2.0,1.0,1.0,2.0,2.0,2.0,2.0,1.0,2.0,1.0,2.0,2.0,1.0,2.0,2.0
1325,2,2,2,1,1,2,4,2,4,4,,30.0,,1.0,2.0,3.0,6.0,,,,,6.0,1.0,54.0,,1.0,,,,,1.0,4.0,5.0,,,,20.0,,,2.0,,6.0,,,1.0,4.0,,1.0,1.0,1.0,1.0,1.0,1.0,1.0,1.0,1.0,1.0,,,,,,,6,3,4,3,2,5,6,5,3,2,35.0,30.0,30.0,25.0,25.0,30.0,50.0,30.0,50.0,50.0,2.0,1.0,2.0,1.0,2.0,2.0,1.0,2.0,1.0,2.0,2.0,2.0,1.0,1.0,1.0,2.0,1.0,1.0,1.0,1.0,1.0,2.0,2.0,2.0,1.0,2.0,1.0,2.0,2.0,1.0,1.0,1.0,1.0,1.0,1.0,1.0,2.0,1.0,1.0,1.0
139,2,3,2,2,3,2,3,2,4,4,,30.0,,2.0,3.0,4.0,6.0,,,,,5.0,1.0,54.0,,,2.0,2.0,3.0,4.0,,,,,,,,15.0,,2.0,,,2.0,1.0,,,4.0,1.0,1.0,1.0,1.0,1.0,1.0,1.0,1.0,1.0,1.0,,,,,,,6,3,4,4,3,5,6,6,3,2,40.0,35.0,38.0,45.0,50.0,35.0,55.0,40.0,60.0,50.0,1.0,1.0,2.0,1.0,1.0,2.0,2.0,1.0,1.0,2.0,1.0,2.0,1.0,1.0,2.0,1.0,1.0,1.0,2.0,1.0,2.0,1.0,1.0,2.0,1.0,1.0,2.0,1.0,2.0,1.0,2.0,1.0,2.0,1.0,1.0,1.0,1.0,1.0,1.0,2.0
656,2,2,2,2,2,2,2,2,4,4,,30.0,,1.0,2.0,3.0,6.0,,,,,,,,2.0,1.0,,1.0,2.0,3.0,,,,,,,20.0,,2.0,,,9.0,,1.0,,,3.0,1.0,1.0,1.0,1.0,1.0,1.0,1.0,1.0,1.0,1.0,,,,,,,5,2,2,2,2,5,6,6,2,1,30.0,30.0,30.0,30.0,30.0,30.0,30.0,30.0,50.0,50.0,1.0,1.0,1.0,2.0,2.0,1.0,1.0,2.0,1.0,2.0,2.0,1.0,1.0,2.0,2.0,1.0,1.0,1.0,2.0,1.0,2.0,1.0,1.0,2.0,1.0,2.0,1.0,2.0,1.0,1.0,1.0,1.0,2.0,2.0,2.0,2.0,1.0,2.0,1.0,1.0
725,4,4,4,4,4,4,4,4,2,2,70.0,,,2.0,,,,3.0,5.0,2.0,,5.0,1.0,40.0,,,2.0,3.0,4.0,5.0,,,,,,,18.0,,,2.0,,,3.0,1.0,,,4.0,1.0,1.0,1.0,1.0,1.0,1.0,1.0,1.0,1.0,1.0,,,,,,,6,3,4,4,3,5,6,6,3,2,55.0,50.0,52.0,60.0,62.0,58.0,65.0,54.0,40.0,42.0,2.0,2.0,1.0,1.0,2.0,1.0,1.0,1.0,1.0,1.0,1.0,2.0,1.0,2.0,2.0,2.0,1.0,2.0,2.0,1.0,2.0,2.0,1.0,1.0,2.0,1.0,2.0,1.0,2.0,2.0,2.0,1.0,1.0,2.0,1.0,1.0,1.0,2.0,1.0,1.0
1970,4,4,4,5,5,5,5,5,2,2,70.0,,1.0,,,,,3.0,4.0,2.0,,6.0,,,2.0,,2.0,,,,3.0,4.0,5.0,,,,,15.0,,2.0,,6.0,,1.0,,5.0,,1.0,1.0,1.0,1.0,1.0,1.0,1.0,1.0,1.0,1.0,,,,,,,6,3,4,3,3,5,6,5,3,2,55.0,60.0,60.0,65.0,70.0,65.0,75.0,60.0,40.0,45.0,2.0,2.0,1.0,1.0,1.0,1.0,1.0,2.0,1.0,1.0,1.0,2.0,1.0,2.0,1.0,1.0,2.0,1.0,1.0,1.0,1.0,1.0,1.0,1.0,2.0,1.0,2.0,1.0,1.0,1.0,2.0,2.0,1.0,1.0,2.0,1.0,1.0,2.0,2.0,1.0
1803,5,5,5,5,5,5,5,5,1,1,70.0,,,1.0,3.0,4.0,6.0,,,,,6.0,,,2.0,,2.0,,,,,,,4.0,5.0,6.0,,18.0,1.0,,4.0,,,1.0,,,6.0,,,,,,,,,,,1.0,1.0,1.0,1.0,1.0,1.0,6,3,4,3,3,5,6,6,4,2,60.0,55.0,58.0,65.0,70.0,62.0,75.0,60.0,35.0,30.0,1.0,2.0,2.0,1.0,1.0,2.0,2.0,2.0,2.0,2.0,2.0,2.0,1.0,2.0,2.0,1.0,1.0,2.0,2.0,2.0,1.0,2.0,2.0,2.0,2.0,1.0,1.0,1.0,1.0,1.0,2.0,2.0,2.0,1.0,2.0,1.0,2.0,2.0,1.0,1.0
1297,2,2,2,2,2,2,4,2,4,4,70.0,,2.0,,2.0,3.0,5.0,,,,6.0,,1.0,54.0,,1.0,,,,,,,,2.0,4.0,5.0,20.0,,,2.0,,,2.0,1.0,,,4.0,1.0,1.0,1.0,1.0,1.0,1.0,1.0,1.0,1.0,1.0,,,,,,,6,3,4,3,3,5,6,5,3,2,45.0,40.0,40.0,40.0,45.0,40.0,60.0,40.0,55.0,55.0,1.0,1.0,1.0,2.0,1.0,1.0,2.0,1.0,2.0,1.0,2.0,2.0,1.0,1.0,1.0,2.0,1.0,1.0,1.0,1.0,1.0,1.0,1.0,1.0,2.0,2.0,1.0,1.0,1.0,2.0,1.0,2.0,1.0,2.0,2.0,1.0,1.0,1.0,2.0,2.0
1071,4,4,4,4,4,4,5,4,1,2,70.0,,3.0,,,,,3.0,4.0,2.0,,5.0,,,2.0,1.0,,1.0,4.0,5.0,,,,,,,5.0,,1.0,,,6.0,,1.0,,4.0,,,,,,,,,,,,1.0,1.0,1.0,1.0,1.0,1.0,6,3,4,4,3,5,6,6,3,2,55.0,60.0,58.0,65.0,68.0,62.0,70.0,60.0,40.0,45.0,2.0,2.0,2.0,2.0,1.0,2.0,2.0,2.0,2.0,1.0,1.0,2.0,2.0,1.0,2.0,2.0,1.0,2.0,1.0,2.0,2.0,1.0,2.0,1.0,2.0,1.0,2.0,1.0,1.0,1.0,1.0,2.0,1.0,2.0,1.0,1.0,1.0,2.0,2.0,2.0
1102,4,4,4,5,5,5,5,4,1,2,,30.0,4.0,,3.0,4.0,6.0,,,,5.0,,,,2.0,1.0,,,,,,,,3.0,4.0,4.0,20.0,,,2.0,3.0,,,1.0,,,4.0,1.0,1.0,1.0,1.0,1.0,1.0,1.0,1.0,1.0,1.0,,,,,,,6,3,4,3,3,5,6,5,3,2,55.0,50.0,52.0,60.0,65.0,62.0,70.0,55.0,40.0,45.0,1.0,2.0,2.0,2.0,2.0,2.0,2.0,2.0,2.0,1.0,2.0,2.0,2.0,2.0,2.0,2.0,1.0,2.0,2.0,2.0,2.0,1.0,1.0,1.0,1.0,2.0,2.0,2.0,1.0,1.0,1.0,2.0,1.0,2.0,2.0,2.0,2.0,2.0,1.0,2.0
697,5,5,5,5,5,5,5,5,1,2,,30.0,5.0,,3.0,4.0,6.0,,,,6.0,,,,2.0,1.0,,,,,,,,2.0,5.0,6.0,5.0,,1.0,,,6.0,,1.0,,5.0,,,,,,,,,,,,1.0,1.0,1.0,1.0,1.0,1.0,6,3,4,3,3,5,6,5,4,2,60.0,55.0,55.0,65.0,70.0,60.0,75.0,60.0,40.0,35.0,1.0,2.0,2.0,2.0,1.0,2.0,2.0,2.0,2.0,1.0,2.0,1.0,1.0,2.0,1.0,1.0,1.0,2.0,2.0,1.0,1.0,1.0,2.0,2.0,1.0,1.0,1.0,2.0,2.0,1.0,2.0,2.0,2.0,2.0,2.0,2.0,2.0,1.0,2.0,1.0
471,3,3,3,3,4,4,4,3,2,2,70.0,,,2.0,,,,3.0,5.0,2.0,6.0,,1.0,54.0,,1.0,,1.0,3.0,4.0,,,,,,,,0.0,,2.0,,,1.0,1.0,,3.0,,1.0,1.0,1.0,1.0,1.0,1.0,1.0,1.0,1.0,1.0,,,,,,,6,3,4,3,3,5,6,5,3,2,45.0,40.0,40.0,55.0,60.0,55.0,65.0,50.0,35.0,30.0,2.0,2.0,2.0,2.0,2.0,2.0,1.0,1.0,2.0,2.0,1.0,2.0,2.0,2.0,2.0,1.0,1.0,2.0,1.0,2.0,2.0,1.0,2.0,2.0,1.0,1.0,2.0,2.0,1.0,2.0,1.0,2.0,1.0,2.0,2.0,1.0,1.0,1.0,2.0,1.0
502,4,4,4,4,4,4,4,4,2,2,70.0,,4.0,,2.0,3.0,6.0,,,,6.0,,1.0,54.0,,1.0,,,,,,,,3.0,4.0,5.0,20.0,,1.0,,,5.0,,1.0,,,4.0,1.0,1.0,1.0,1.0,1.0,1.0,1.0,1.0,1.0,1.0,,,,,,,6,3,4,4,2,5,6,6,3,2,55.0,50.0,52.0,60.0,65.0,58.0,70.0,60.0,40.0,35.0,2.0,1.0,2.0,1.0,1.0,1.0,1.0,1.0,2.0,1.0,1.0,2.0,1.0,2.0,1.0,1.0,2.0,1.0,1.0,1.0,1.0,1.0,2.0,2.0,2.0,1.0,1.0,2.0,2.0,1.0,1.0,1.0,2.0,1.0,2.0,1.0,1.0,2.0,2.0,1.0
1905,2,2,2,2,2,2,3,2,4,2,70.0,,2.0,,,,,3.0,4.0,2.0,,5.0,,,2.0,1.0,,1.0,2.0,3.0,,,,,,,20.0,,2.0,,3.0,,,,1.0,3.0,,,,,,,,,,,,1.0,1.0,1.0,1.0,1.0,1.0,6,3,4,3,3,5,6,5,2,1,45.0,40.0,40.0,40.0,45.0,40.0,50.0,40.0,55.0,40.0,2.0,2.0,2.0,1.0,2.0,2.0,1.0,1.0,2.0,1.0,1.0,1.0,1.0,2.0,2.0,1.0,1.0,1.0,1.0,1.0,2.0,2.0,2.0,1.0,1.0,2.0,2.0,2.0,2.0,2.0,1.0,2.0,1.0,1.0,2.0,2.0,1.0,2.0,2.0,1.0
1876,5,5,5,5,5,5,5,5,1,1,,30.0,,1.0,2.0,3.0,6.0,,,,6.0,,1.0,54.0,,1.0,,,,,,,,4.0,5.0,6.0,5.0,,,2.0,5.0,,,1.0,,5.0,,,,,,,,,,,,1.0,1.0,1.0,1.0,1.0,1.0,6,3,4,3,2,5,6,6,4,2,60.0,55.0,50.0,65.0,70.0,60.0,75.0,55.0,40.0,35.0,1.0,2.0,2.0,1.0,2.0,2.0,2.0,1.0,1.0,1.0,2.0,1.0,2.0,1.0,1.0,2.0,2.0,2.0,2.0,2.0,1.0,2.0,1.0,1.0,2.0,1.0,1.0,2.0,2.0,2.0,1.0,1.0,2.0,1.0,1.0,2.0,2.0,2.0,1.0,1.0
1004,3,3,3,3,4,4,4,3,2,2,70.0,,3.0,,3.0,4.0,5.0,,,,,6.0,,,2.0,,2.0,,,,,,,3.0,4.0,4.0,,15.0,,2.0,4.0,,,,1.0,4.0,,1.0,1.0,1.0,1.0,1.0,1.0,1.0,1.0,1.0,1.0,,,,,,,6,3,4,4,3,5,6,6,3,2,45.0,40.0,40.0,50.0,55.0,55.0,60.0,45.0,35.0,35.0,2.0,2.0,2.0,1.0,2.0,1.0,2.0,1.0,1.0,1.0,1.0,1.0,2.0,1.0,2.0,1.0,1.0,1.0,2.0,1.0,2.0,1.0,2.0,1.0,2.0,1.0,2.0,2.0,2.0,1.0,1.0,2.0,1.0,1.0,1.0,2.0,2.0,2.0,2.0,1.0
1177,3,3,3,2,3,2,4,2,4,2,70.0,,3.0,,2.0,3.0,5.0,,,,,5.0,,,2.0,,2.0,,,,,,,2.0,4.0,5.0,20.0,,,2.0,4.0,,,1.0,,,4.0,1.0,1.0,1.0,1.0,1.0,1.0,1.0,1.0,1.0,1.0,,,,,,,6,3,4,3,3,5,6,5,3,2,45.0,40.0,40.0,50.0,55.0,45.0,60.0,40.0,50.0,40.0,2.0,2.0,2.0,1.0,1.0,2.0,1.0,1.0,1.0,1.0,1.0,1.0,2.0,2.0,2.0,2.0,1.0,2.0,2.0,1.0,2.0,1.0,2.0,1.0,2.0,1.0,2.0,2.0,1.0,2.0,1.0,2.0,2.0,2.0,2.0,1.0,1.0,1.0,1.0,2.0
1618,4,4,4,5,5,5,5,5,1,2,70.0,,3.0,,,,,3.0,5.0,2.0,6.0,,,,2.0,1.0,,,,,,,,3.0,5.0,6.0,15.0,,,2.0,,,2.0,1.0,,5.0,,1.0,1.0,1.0,1.0,1.0,1.0,1.0,1.0,1.0,1.0,,,,,,,6,3,4,3,3,5,6,5,4,2,55.0,60.0,60.0,65.0,65.0,65.0,70.0,60.0,35.0,40.0,2.0,1.0,2.0,1.0,1.0,1.0,1.0,1.0,2.0,1.0,1.0,2.0,1.0,2.0,1.0,1.0,2.0,1.0,1.0,2.0,2.0,2.0,2.0,2.0,2.0,1.0,1.0,1.0,1.0,2.0,2.0,1.0,2.0,2.0,2.0,1.0,2.0,1.0,1.0,2.0
1391,2,2,2,2,2,2,4,2,4,4,,30.0,2.0,,,,,3.0,4.0,3.0,,5.0,,,2.0,1.0,,,,,,,,2.0,4.0,4.0,20.0,,1.0,,,,2.0,,1.0,3.0,,1.0,1.0,1.0,1.0,1.0,1.0,1.0,1.0,1.0,1.0,,,,,,,6,3,4,4,3,5,6,6,2,1,40.0,35.0,35.0,30.0,35.0,30.0,50.0,35.0,45.0,45.0,1.0,1.0,2.0,2.0,1.0,1.0,1.0,2.0,1.0,2.0,2.0,1.0,1.0,1.0,1.0,1.0,2.0,1.0,2.0,1.0,1.0,2.0,2.0,1.0,1.0,1.0,2.0,1.0,2.0,1.0,2.0,1.0,1.0,1.0,2.0,1.0,1.0,1.0,1.0,2.0
404,2,2,2,2,2,2,4,2,4,4,70.0,,,2.0,,,,3.0,5.0,2.0,,5.0,,,2.0,,2.0,,,,3.0,4.0,4.0,,,,,15.0,,2.0,,6.0,,,1.0,,4.0,,,,,,,,,,,1.0,1.0,1.0,1.0,1.0,1.0,6,3,4,4,3,5,6,6,3,2,45.0,40.0,40.0,40.0,45.0,40.0,60.0,40.0,55.0,55.0,2.0,1.0,2.0,1.0,2.0,1.0,2.0,2.0,1.0,2.0,1.0,2.0,2.0,1.0,1.0,2.0,2.0,1.0,1.0,2.0,2.0,2.0,1.0,1.0,2.0,1.0,1.0,2.0,1.0,2.0,1.0,1.0,2.0,2.0,2.0,1.0,2.0,2.0,1.0,2.0
577,3,3,3,3,3,3,4,3,2,2,,30.0,3.0,,3.0,4.0,5.0,,,,5.0,,,,2.0,1.0,,,,,3.0,4.0,4.0,,,,15.0,,,2.0,3.0,,,1.0,,4.0,,1.0,1.0,1.0,1.0,1.0,1.0,1.0,1.0,1.0,1.0,,,,,,,6,3,4,3,3,5,6,5,3,2,45.0,40.0,40.0,50.0,55.0,50.0,60.0,45.0,35.0,30.0,2.0,2.0,1.0,2.0,1.0,1.0,2.0,2.0,1.0,1.0,2.0,1.0,2.0,1.0,1.0,2.0,2.0,1.0,1.0,2.0,1.0,2.0,1.0,2.0,1.0,2.0,1.0,2.0,1.0,2.0,1.0,1.0,2.0,1.0,1.0,2.0,1.0,2.0,1.0,2.0
218,2,3,3,2,3,2,4,2,4,4,,30.0,2.0,,,,,3.0,5.0,4.0,,5.0,,,2.0,,2.0,2.0,4.0,5.0,,,,,,,18.0,,,2.0,,6.0,,1.0,,,4.0,1.0,1.0,1.0,1.0,1.0,1.0,1.0,1.0,1.0,1.0,,,,,,,6,3,4,3,3,5,6,5,3,2,45.0,40.0,42.0,38.0,50.0,35.0,60.0,40.0,55.0,48.0,1.0,2.0,1.0,1.0,2.0,1.0,1.0,2.0,1.0,2.0,1.0,1.0,1.0,2.0,1.0,2.0,2.0,2.0,1.0,1.0,2.0,2.0,2.0,1.0,1.0,2.0,1.0,1.0,2.0,1.0,1.0,2.0,2.0,2.0,2.0,2.0,2.0,2.0,2.0,1.0
791,2,2,2,2,2,2,4,2,4,4,70.0,,,2.0,2.0,3.0,5.0,,,,6.0,,1.0,54.0,,1.0,,,,,2.0,4.0,4.0,,,,20.0,,1.0,,4.0,,,,1.0,,4.0,1.0,1.0,1.0,1.0,1.0,1.0,1.0,1.0,1.0,1.0,,,,,,,6,3,4,4,2,5,6,6,3,2,40.0,35.0,35.0,30.0,35.0,30.0,50.0,35.0,45.0,45.0,2.0,1.0,2.0,2.0,1.0,1.0,1.0,1.0,1.0,1.0,1.0,1.0,2.0,1.0,1.0,1.0,2.0,1.0,2.0,1.0,1.0,1.0,1.0,2.0,1.0,1.0,2.0,2.0,1.0,1.0,2.0,1.0,2.0,2.0,1.0,2.0,1.0,2.0,1.0,1.0
1223,5,5,5,5,5,5,5,5,1,2,,30.0,,2.0,,,,3.0,5.0,2.0,6.0,,,,2.0,1.0,,,,,,,,3.0,5.0,6.0,,18.0,,2.0,,6.0,,,1.0,5.0,,1.0,1.0,1.0,1.0,1.0,1.0,1.0,1.0,1.0,1.0,,,,,,,6,3,4,3,3,5,6,5,3,2,60.0,55.0,50.0,65.0,70.0,60.0,75.0,55.0,40.0,45.0,2.0,1.0,2.0,2.0,1.0,2.0,2.0,1.0,1.0,2.0,1.0,1.0,1.0,2.0,2.0,2.0,1.0,2.0,1.0,2.0,1.0,1.0,2.0,2.0,1.0,2.0,1.0,2.0,2.0,1.0,1.0,1.0,1.0,2.0,1.0,2.0,1.0,2.0,1.0,2.0
1350,4,4,4,5,5,5,5,5,1,2,70.0,,4.0,,3.0,4.0,6.0,,,,,,1.0,54.0,,1.0,,,,,,,,3.0,4.0,5.0,18.0,,,2.0,,,3.0,,1.0,,4.0,1.0,1.0,1.0,1.0,1.0,1.0,1.0,1.0,1.0,1.0,,,,,,,6,3,4,3,3,5,6,5,3,2,55.0,50.0,52.0,60.0,65.0,62.0,70.0,58.0,40.0,45.0,2.0,2.0,2.0,1.0,1.0,1.0,2.0,1.0,2.0,1.0,2.0,2.0,2.0,1.0,2.0,2.0,2.0,1.0,1.0,1.0,1.0,2.0,1.0,2.0,2.0,2.0,2.0,1.0,1.0,1.0,1.0,1.0,1.0,2.0,2.0,2.0,1.0,1.0,2.0,1.0
623,2,3,2,2,3,2,3,2,4,4,70.0,,,2.0,3.0,4.0,5.0,,,,,,,,2.0,,2.0,,,,2.0,4.0,4.0,,,,,0.0,1.0,,,,2.0,1.0,,3.0,,,,,,,,,,,,1.0,1.0,1.0,1.0,1.0,1.0,6,3,4,3,2,5,6,5,2,2,40.0,35.0,38.0,45.0,50.0,35.0,55.0,40.0,60.0,55.0,1.0,1.0,2.0,1.0,2.0,1.0,2.0,1.0,1.0,1.0,2.0,1.0,2.0,1.0,2.0,1.0,1.0,1.0,1.0,2.0,1.0,2.0,1.0,1.0,1.0,1.0,1.0,1.0,1.0,2.0,2.0,2.0,2.0,1.0,1.0,1.0,1.0,1.0,2.0,1.0
750,4,4,4,4,4,4,5,5,2,2,,30.0,4.0,,3.0,4.0,5.0,,,,,6.0,1.0,54.0,,,2.0,,,,,,,3.0,4.0,5.0,,16.0,,2.0,4.0,,,,1.0,,4.0,1.0,1.0,1.0,1.0,1.0,1.0,1.0,1.0,1.0,1.0,,,,,,,6,3,4,3,3,5,6,5,3,2,55.0,50.0,52.0,60.0,65.0,58.0,70.0,62.0,40.0,38.0,1.0,2.0,1.0,2.0,2.0,1.0,2.0,2.0,1.0,1.0,2.0,2.0,1.0,1.0,2.0,2.0,2.0,2.0,2.0,1.0,2.0,1.0,2.0,1.0,1.0,1.0,2.0,2.0,2.0,2.0,2.0,1.0,2.0,2.0,2.0,2.0,2.0,1.0,2.0,2.0
1934,4,4,4,4,4,4,4,4,2,2,70.0,,,2.0,3.0,4.0,5.0,,,,,6.0,1.0,30.0,,1.0,,2.0,4.0,5.0,,,,,,,18.0,,1.0,,,,2.0,1.0,,,5.0,,,,,,,,,,,1.0,1.0,1.0,1.0,1.0,1.0,6,3,4,3,3,5,6,5,3,2,60.0,55.0,60.0,65.0,65.0,60.0,70.0,60.0,40.0,45.0,2.0,1.0,1.0,1.0,1.0,1.0,1.0,1.0,2.0,2.0,1.0,2.0,1.0,1.0,1.0,2.0,1.0,2.0,2.0,1.0,1.0,2.0,1.0,2.0,1.0,1.0,1.0,1.0,1.0,1.0,2.0,1.0,2.0,1.0,1.0,2.0,2.0,1.0,1.0,2.0
1847,2,3,2,2,3,2,4,2,4,4,,30.0,2.0,,,,,3.0,4.0,2.0,5.0,,,,2.0,1.0,,,,,3.0,4.0,4.0,,,,18.0,,,2.0,,,3.0,,1.0,,4.0,1.0,1.0,1.0,1.0,1.0,1.0,1.0,1.0,1.0,1.0,,,,,,,6,3,4,3,3,5,6,5,3,2,45.0,40.0,42.0,55.0,60.0,50.0,65.0,48.0,52.0,50.0,1.0,2.0,2.0,1.0,2.0,1.0,2.0,2.0,2.0,2.0,1.0,1.0,1.0,1.0,2.0,2.0,2.0,1.0,2.0,2.0,1.0,1.0,2.0,1.0,2.0,2.0,1.0,2.0,1.0,1.0,1.0,2.0,2.0,1.0,2.0,1.0,1.0,2.0,2.0,2.0
435,2,2,2,2,2,2,2,2,4,4,,30.0,2.0,,2.0,3.0,5.0,,,,,5.0,1.0,40.0,,1.0,,1.0,2.0,3.0,,,,,,,20.0,,,2.0,3.0,,,,1.0,,3.0,1.0,1.0,1.0,1.0,1.0,1.0,1.0,1.0,1.0,1.0,,,,,,,6,3,4,3,3,5,6,5,2,1,35.0,30.0,30.0,30.0,30.0,30.0,30.0,30.0,40.0,40.0,2.0,1.0,2.0,2.0,2.0,2.0,2.0,1.0,2.0,1.0,2.0,1.0,1.0,1.0,2.0,2.0,1.0,1.0,1.0,2.0,2.0,1.0,1.0,2.0,2.0,1.0,2.0,2.0,2.0,2.0,2.0,1.0,2.0,1.0,2.0,2.0,2.0,1.0,1.0,1.0
546,2,3,2,2,2,2,4,2,4,2,,30.0,,2.0,3.0,4.0,5.0,,,,5.0,,,,2.0,1.0,,,,,3.0,4.0,5.0,,,,,12.0,1.0,,4.0,,,1.0,,,4.0,,,,,,,,,,,1.0,1.0,1.0,1.0,1.0,1.0,6,3,4,4,3,5,6,6,3,2,45.0,40.0,42.0,48.0,50.0,44.0,55.0,41.0,38.0,40.0,2.0,2.0,1.0,2.0,1.0,2.0,2.0,2.0,2.0,2.0,1.0,1.0,1.0,1.0,1.0,1.0,1.0,1.0,2.0,1.0,1.0,1.0,1.0,2.0,2.0,2.0,1.0,1.0,1.0,1.0,1.0,1.0,2.0,1.0,2.0,2.0,2.0,2.0,1.0,1.0
229,5,5,5,5,5,5,5,5,1,2,70.0,,,1.0,,,,3.0,5.0,2.0,6.0,,,,2.0,,2.0,2.0,4.0,5.0,,,,,,,,18.0,,2.0,4.0,,,,1.0,5.0,,1.0,1.0,1.0,1.0,1.0,1.0,1.0,1.0,1.0,1.0,,,,,,,6,3,4,4,2,5,6,6,3,2,55.0,50.0,52.0,60.0,65.0,58.0,70.0,60.0,35.0,40.0,1.0,2.0,2.0,1.0,2.0,1.0,2.0,1.0,2.0,1.0,2.0,1.0,2.0,2.0,1.0,1.0,1.0,1.0,2.0,1.0,1.0,2.0,2.0,1.0,1.0,1.0,1.0,1.0,2.0,2.0,2.0,1.0,2.0,1.0,1.0,2.0,2.0,1.0,1.0,2.0
1035,2,3,2,2,3,2,3,2,4,3,,30.0,,2.0,3.0,4.0,5.0,,,,5.0,,1.0,54.0,,,2.0,,,,,,,2.0,4.0,5.0,,5.0,1.0,,,6.0,,1.0,,4.0,,,,,,,,,,,,1.0,1.0,1.0,1.0,1.0,1.0,6,3,4,4,3,5,6,5,3,2,45.0,40.0,40.0,50.0,55.0,45.0,60.0,40.0,50.0,45.0,2.0,2.0,2.0,2.0,2.0,1.0,2.0,2.0,2.0,2.0,2.0,2.0,2.0,2.0,2.0,1.0,1.0,1.0,2.0,1.0,2.0,1.0,2.0,2.0,2.0,2.0,1.0,2.0,2.0,1.0,2.0,1.0,2.0,1.0,2.0,2.0,1.0,1.0,1.0,1.0
1146,4,4,4,4,4,4,4,4,2,2,70.0,,4.0,,3.0,4.0,5.0,,,,6.0,,,,2.0,1.0,,2.0,4.0,4.0,,,,,,,,18.0,,2.0,4.0,,,1.0,,,4.0,,,,,,,,,,,1.0,1.0,1.0,1.0,1.0,1.0,6,3,4,3,2,5,6,5,3,2,55.0,50.0,52.0,60.0,62.0,58.0,65.0,54.0,40.0,42.0,1.0,2.0,2.0,2.0,1.0,1.0,1.0,2.0,2.0,1.0,2.0,2.0,1.0,2.0,1.0,2.0,2.0,1.0,2.0,2.0,2.0,1.0,1.0,1.0,2.0,2.0,1.0,2.0,2.0,1.0,1.0,2.0,1.0,1.0,1.0,1.0,1.0,2.0,2.0,2.0
1629,5,5,5,5,5,5,5,5,1,2,70.0,,,1.0,,,,3.0,5.0,2.0,6.0,,,,2.0,1.0,,2.0,5.0,6.0,,,,,,,,0.0,,2.0,,,2.0,,1.0,5.0,,1.0,1.0,1.0,1.0,1.0,1.0,1.0,1.0,1.0,1.0,,,,,,,6,3,4,4,3,5,6,6,4,2,60.0,55.0,60.0,65.0,70.0,60.0,70.0,60.0,40.0,45.0,1.0,1.0,1.0,2.0,2.0,2.0,2.0,1.0,1.0,1.0,2.0,1.0,1.0,2.0,2.0,2.0,2.0,1.0,2.0,1.0,2.0,2.0,2.0,1.0,2.0,2.0,2.0,2.0,2.0,1.0,2.0,1.0,1.0,2.0,2.0,2.0,2.0,1.0,1.0,2.0
1886,2,2,2,2,2,2,4,2,4,4,70.0,,,2.0,,,,3.0,5.0,2.0,6.0,,,,2.0,,2.0,2.0,4.0,4.0,,,,,,,,5.0,,2.0,,6.0,,1.0,,4.0,,1.0,1.0,1.0,1.0,1.0,1.0,1.0,1.0,1.0,1.0,,,,,,,6,3,4,3,3,5,6,5,3,2,40.0,35.0,35.0,30.0,35.0,30.0,50.0,35.0,45.0,45.0,2.0,1.0,2.0,2.0,1.0,1.0,1.0,1.0,1.0,2.0,1.0,2.0,1.0,2.0,1.0,1.0,2.0,2.0,1.0,2.0,1.0,1.0,1.0,1.0,2.0,1.0,2.0,2.0,1.0,2.0,2.0,1.0,1.0,2.0,1.0,1.0,1.0,1.0,1.0,2.0
612,4,4,4,3,4,3,5,3,2,2,,30.0,3.0,,,,,3.0,5.0,4.0,,6.0,,,2.0,,2.0,2.0,4.0,5.0,,,,,,,,5.0,,2.0,5.0,,,1.0,,4.0,,1.0,1.0,1.0,1.0,1.0,1.0,1.0,1.0,1.0,1.0,,,,,,,6,3,4,3,3,5,6,5,3,2,55.0,50.0,52.0,60.0,65.0,58.0,70.0,54.0,40.0,42.0,2.0,2.0,1.0,1.0,1.0,1.0,1.0,2.0,2.0,2.0,1.0,1.0,2.0,1.0,2.0,1.0,2.0,2.0,2.0,1.0,2.0,2.0,2.0,1.0,1.0,2.0,1.0,2.0,2.0,1.0,1.0,2.0,1.0,1.0,1.0,1.0,2.0,2.0,1.0,2.0
761,5,5,5,5,5,5,5,5,1,2,70.0,,,2.0,3.0,4.0,6.0,,,,,6.0,,,2.0,,2.0,,,,,,,4.0,5.0,6.0,,18.0,1.0,,,,2.0,,1.0,,5.0,,,,,,,,,,,1.0,1.0,1.0,1.0,1.0,1.0,6,3,4,4,2,5,6,6,4,2,60.0,55.0,50.0,65.0,70.0,60.0,75.0,55.0,40.0,35.0,1.0,1.0,1.0,2.0,2.0,1.0,2.0,2.0,1.0,2.0,1.0,2.0,1.0,1.0,1.0,2.0,1.0,1.0,1.0,2.0,1.0,2.0,2.0,2.0,1.0,1.0,2.0,2.0,2.0,2.0,1.0,2.0,2.0,1.0,2.0,1.0,1.0,2.0,2.0,1.0
587,3,3,3,3,4,3,4,3,2,2,,30.0,3.0,,3.0,4.0,5.0,,,,,6.0,1.0,45.0,,1.0,,,,,3.0,4.0,4.0,,,,,15.0,,2.0,4.0,,,,1.0,,4.0,1.0,1.0,1.0,1.0,1.0,1.0,1.0,1.0,1.0,1.0,,,,,,,6,3,4,3,3,5,6,5,3,2,45.0,40.0,40.0,50.0,55.0,45.0,60.0,50.0,35.0,35.0,2.0,2.0,2.0,1.0,1.0,1.0,2.0,2.0,2.0,1.0,1.0,1.0,1.0,2.0,1.0,2.0,2.0,1.0,2.0,2.0,1.0,2.0,2.0,2.0,1.0,1.0,1.0,2.0,2.0,2.0,1.0,2.0,1.0,2.0,2.0,2.0,1.0,1.0,2.0,1.0
1212,2,2,2,2,2,2,3,2,4,3,,30.0,2.0,,,,,3.0,4.0,3.0,6.0,,1.0,54.0,,1.0,,,,,3.0,4.0,5.0,,,,,5.0,1.0,,,,3.0,,1.0,,4.0,,,,,,,,,,,1.0,1.0,1.0,1.0,1.0,1.0,6,3,4,3,3,5,6,5,3,2,40.0,35.0,38.0,45.0,50.0,40.0,55.0,38.0,42.0,40.0,1.0,1.0,1.0,2.0,2.0,1.0,2.0,1.0,1.0,1.0,1.0,1.0,1.0,1.0,1.0,2.0,2.0,2.0,1.0,2.0,1.0,2.0,1.0,1.0,1.0,1.0,1.0,1.0,2.0,2.0,1.0,1.0,1.0,1.0,2.0,1.0,1.0,2.0,2.0,2.0
1361,5,5,5,5,5,5,5,5,1,1,70.0,,,1.0,3.0,4.0,6.0,,,,,6.0,1.0,54.0,,1.0,,1.0,5.0,6.0,,,,,,,5.0,,1.0,,,,3.0,1.0,,5.0,,,,,,,,,,,,1.0,1.0,1.0,1.0,1.0,1.0,6,3,3,3,2,5,6,6,4,2,60.0,55.0,50.0,65.0,60.0,55.0,70.0,60.0,35.0,30.0,1.0,1.0,1.0,1.0,2.0,2.0,2.0,2.0,2.0,2.0,2.0,2.0,2.0,2.0,2.0,2.0,1.0,2.0,2.0,1.0,1.0,2.0,1.0,2.0,2.0,1.0,2.0,2.0,2.0,2.0,2.0,1.0,2.0,2.0,1.0,2.0,2.0,2.0,1.0,2.0
1187,4,4,4,4,4,4,4,4,2,2,70.0,,4.0,,3.0,4.0,5.0,,,,,6.0,,,2.0,,2.0,,,,,,,3.0,4.0,5.0,,15.0,1.0,,,,3.0,1.0,,,4.0,1.0,1.0,1.0,1.0,1.0,1.0,1.0,1.0,1.0,1.0,,,,,,,6,3,4,3,3,5,6,5,3,2,55.0,50.0,52.0,60.0,62.0,58.0,65.0,54.0,40.0,42.0,2.0,2.0,2.0,1.0,2.0,1.0,1.0,1.0,1.0,2.0,1.0,1.0,1.0,1.0,1.0,1.0,1.0,1.0,2.0,2.0,2.0,1.0,2.0,2.0,1.0,1.0,2.0,1.0,2.0,1.0,1.0,1.0,1.0,2.0,2.0,1.0,2.0,2.0,2.0,2.0
1980,5,5,5,5,5,5,5,5,1,2,70.0,,,2.0,,,,3.0,4.0,2.0,6.0,,1.0,54.0,,,2.0,2.0,4.0,5.0,,,,,,,18.0,,,2.0,,,2.0,1.0,,,5.0,,,,,,,,,,,1.0,1.0,1.0,1.0,1.0,1.0,6,3,4,3,3,5,6,5,3,2,60.0,55.0,60.0,65.0,70.0,60.0,70.0,65.0,40.0,45.0,2.0,2.0,1.0,1.0,1.0,2.0,2.0,2.0,1.0,1.0,2.0,2.0,1.0,1.0,2.0,2.0,2.0,1.0,2.0,1.0,1.0,1.0,2.0,1.0,2.0,2.0,2.0,2.0,1.0,2.0,2.0,1.0,1.0,2.0,1.0,1.0,1.0,2.0,2.0,2.0
809,4,4,4,4,4,4,5,4,2,2,,30.0,3.0,,3.0,4.0,5.0,,,,,6.0,,,2.0,1.0,,,,,3.0,4.0,5.0,,,,18.0,,1.0,,4.0,,,1.0,,,4.0,,,,,,,,,,,1.0,1.0,1.0,1.0,1.0,1.0,6,3,4,3,3,5,6,5,3,2,55.0,50.0,52.0,60.0,62.0,58.0,65.0,54.0,40.0,42.0,1.0,2.0,1.0,2.0,2.0,2.0,1.0,2.0,2.0,2.0,2.0,2.0,1.0,2.0,1.0,2.0,1.0,1.0,2.0,2.0,2.0,1.0,1.0,1.0,1.0,1.0,1.0,1.0,2.0,2.0,2.0,1.0,2.0,1.0,2.0,2.0,1.0,2.0,1.0,1.0
108,4,4,4,4,4,4,4,4,2,2,70.0,,,2.0,,,,3.0,4.0,2.0,,6.0,1.0,40.0,,,2.0,,,,3.0,4.0,5.0,,,,18.0,,1.0,,,,3.0,,1.0,4.0,,1.0,1.0,1.0,1.0,1.0,1.0,1.0,1.0,1.0,1.0,,,,,,,6,3,4,3,3,5,6,5,3,2,55.0,50.0,52.0,60.0,62.0,58.0,65.0,54.0,40.0,38.0,1.0,1.0,1.0,1.0,2.0,1.0,1.0,2.0,2.0,1.0,2.0,1.0,2.0,2.0,1.0,2.0,1.0,2.0,2.0,1.0,2.0,1.0,2.0,1.0,2.0,2.0,2.0,1.0,1.0,2.0,1.0,1.0,2.0,2.0,1.0,1.0,1.0,1.0,1.0,1.0
481,2,2,2,2,2,2,4,2,4,4,70.0,,,2.0,,,,3.0,5.0,2.0,5.0,,,,2.0,,2.0,2.0,3.0,4.0,,,,,,,20.0,,1.0,,,,1.0,,1.0,3.0,,,,,,,,,,,,1.0,1.0,1.0,1.0,1.0,1.0,6,3,4,4,3,5,6,6,3,1,40.0,35.0,35.0,40.0,40.0,35.0,50.0,35.0,50.0,50.0,1.0,2.0,1.0,1.0,1.0,1.0,2.0,1.0,2.0,2.0,1.0,2.0,2.0,1.0,1.0,2.0,1.0,1.0,1.0,2.0,2.0,2.0,2.0,1.0,1.0,1.0,2.0,2.0,1.0,1.0,1.0,1.0,2.0,1.0,1.0,1.0,1.0,2.0,1.0,1.0
667,2,2,2,2,2,2,4,2,4,4,70.0,,,2.0,,,,3.0,4.0,2.0,,5.0,1.0,54.0,,1.0,,2.0,3.0,4.0,,,,,,,18.0,,,2.0,4.0,,,,1.0,,4.0,,,,,,,,,,,1.0,1.0,1.0,1.0,1.0,1.0,6,3,4,3,3,5,6,5,3,2,40.0,35.0,35.0,35.0,40.0,35.0,50.0,40.0,45.0,45.0,2.0,1.0,2.0,1.0,1.0,2.0,2.0,2.0,2.0,2.0,2.0,1.0,1.0,1.0,2.0,2.0,2.0,1.0,2.0,1.0,2.0,1.0,1.0,1.0,1.0,2.0,1.0,1.0,1.0,1.0,1.0,1.0,2.0,1.0,1.0,2.0,2.0,1.0,1.0,2.0
714,5,5,5,5,5,5,5,5,1,2,70.0,,,2.0,3.0,4.0,5.0,,,,6.0,,1.0,54.0,,1.0,,2.0,4.0,5.0,,,,,,,18.0,,,2.0,4.0,,,1.0,,,5.0,1.0,1.0,1.0,1.0,1.0,1.0,1.0,1.0,1.0,1.0,,,,,,,6,3,4,3,3,5,6,5,3,2,62.0,55.0,60.0,68.0,70.0,65.0,75.0,60.0,40.0,45.0,1.0,1.0,1.0,2.0,2.0,2.0,1.0,2.0,1.0,2.0,2.0,2.0,2.0,2.0,1.0,1.0,2.0,1.0,1.0,1.0,1.0,2.0,2.0,2.0,1.0,1.0,2.0,2.0,1.0,1.0,1.0,1.0,1.0,2.0,2.0,1.0,2.0,1.0,1.0,1.0
1508,3,3,3,3,3,3,4,3,2,2,70.0,,3.0,,,,,3.0,4.0,2.0,5.0,,1.0,40.0,,1.0,,3.0,4.0,4.0,,,,,,,,15.0,,2.0,,5.0,,1.0,,4.0,,,,,,,,,,,,1.0,1.0,1.0,1.0,1.0,1.0,6,3,4,4,3,5,6,5,3,2,50.0,45.0,48.0,55.0,60.0,52.0,65.0,50.0,40.0,38.0,2.0,2.0,1.0,2.0,1.0,1.0,2.0,1.0,1.0,1.0,2.0,2.0,2.0,1.0,1.0,1.0,2.0,2.0,1.0,1.0,2.0,1.0,1.0,2.0,2.0,1.0,2.0,1.0,1.0,1.0,2.0,1.0,1.0,1.0,2.0,2.0,2.0,1.0,2.0,2.0
1081,5,5,5,5,5,5,5,5,1,2,70.0,,,1.0,,,,3.0,5.0,2.0,,6.0,,,2.0,,2.0,,,,4.0,5.0,6.0,,,,18.0,,1.0,,,,2.0,1.0,,5.0,,,,,,,,,,,,1.0,1.0,1.0,1.0,1.0,1.0,6,3,4,3,2,5,6,6,4,2,60.0,55.0,50.0,60.0,65.0,60.0,70.0,55.0,40.0,35.0,2.0,1.0,1.0,1.0,2.0,2.0,1.0,2.0,2.0,1.0,1.0,1.0,2.0,2.0,1.0,1.0,2.0,1.0,1.0,1.0,1.0,2.0,1.0,2.0,1.0,2.0,1.0,2.0,2.0,1.0,1.0,2.0,1.0,2.0,2.0,2.0,2.0,2.0,2.0,1.0
1267,3,3,3,3,3,3,4,3,2,2,,30.0,,2.0,2.0,3.0,5.0,,,,,5.0,,,2.0,,2.0,3.0,4.0,4.0,,,,,,,18.0,,1.0,,4.0,,,,1.0,,4.0,1.0,1.0,1.0,1.0,1.0,1.0,1.0,1.0,1.0,1.0,,,,,,,6,3,4,4,3,5,6,5,3,2,45.0,40.0,40.0,50.0,55.0,55.0,60.0,45.0,40.0,35.0,1.0,2.0,2.0,1.0,2.0,2.0,1.0,1.0,1.0,2.0,2.0,1.0,1.0,2.0,1.0,1.0,2.0,2.0,2.0,2.0,2.0,1.0,2.0,2.0,1.0,1.0,1.0,2.0,2.0,2.0,2.0,1.0,2.0,2.0,2.0,1.0,1.0,1.0,1.0,1.0
1314,2,2,2,2,2,2,2,2,4,4,,30.0,2.0,,2.0,3.0,6.0,,,,,5.0,1.0,54.0,,1.0,,1.0,2.0,4.0,,,,,,,20.0,,1.0,,,6.0,,,1.0,,3.0,,,,,,,,,,,1.0,1.0,1.0,1.0,1.0,1.0,6,3,4,4,3,5,6,6,3,2,40.0,35.0,35.0,30.0,35.0,30.0,40.0,35.0,45.0,40.0,1.0,2.0,2.0,2.0,2.0,2.0,2.0,2.0,1.0,2.0,2.0,1.0,2.0,1.0,2.0,1.0,1.0,2.0,2.0,2.0,2.0,2.0,1.0,2.0,1.0,2.0,1.0,2.0,2.0,1.0,2.0,1.0,2.0,2.0,1.0,2.0,1.0,1.0,1.0,2.0
1941,2,3,2,2,3,2,4,2,4,3,,30.0,,2.0,3.0,4.0,5.0,,,,,5.0,1.0,45.0,,1.0,,2.0,4.0,5.0,,,,,,,12.0,,1.0,,4.0,,,,1.0,,4.0,,,,,,,,,,,1.0,1.0,1.0,1.0,1.0,1.0,6,3,4,3,3,5,6,5,3,2,45.0,40.0,42.0,50.0,55.0,38.0,60.0,35.0,48.0,41.0,1.0,1.0,1.0,1.0,1.0,2.0,2.0,2.0,1.0,1.0,1.0,2.0,2.0,2.0,2.0,1.0,1.0,2.0,2.0,2.0,2.0,1.0,2.0,1.0,1.0,2.0,1.0,1.0,2.0,2.0,1.0,1.0,1.0,1.0,1.0,1.0,1.0,1.0,2.0,1.0
1832,4,4,4,3,4,3,4,3,2,2,70.0,,3.0,,,,,3.0,4.0,2.0,,5.0,1.0,54.0,,1.0,,2.0,4.0,5.0,,,,,,,18.0,,,2.0,4.0,,,1.0,,4.0,,,,,,,,,,,,1.0,1.0,1.0,1.0,1.0,1.0,6,3,4,4,2,5,6,6,3,2,55.0,50.0,52.0,60.0,62.0,58.0,65.0,54.0,40.0,42.0,2.0,2.0,2.0,2.0,2.0,2.0,2.0,2.0,2.0,2.0,2.0,2.0,1.0,1.0,2.0,2.0,1.0,2.0,2.0,2.0,2.0,2.0,1.0,1.0,2.0,1.0,1.0,1.0,1.0,2.0,1.0,1.0,2.0,2.0,1.0,1.0,2.0,2.0,2.0,2.0
440,4,4,4,4,4,4,5,4,2,2,70.0,,,2.0,,,,3.0,4.0,2.0,6.0,,1.0,54.0,,,2.0,3.0,4.0,5.0,,,,,,,18.0,,,2.0,,,3.0,,1.0,,4.0,1.0,1.0,1.0,1.0,1.0,1.0,1.0,1.0,1.0,1.0,,,,,,,6,3,4,3,3,5,6,5,3,2,55.0,50.0,52.0,60.0,65.0,58.0,70.0,60.0,40.0,38.0,1.0,1.0,2.0,1.0,2.0,1.0,1.0,2.0,2.0,2.0,2.0,2.0,1.0,1.0,2.0,2.0,2.0,1.0,1.0,2.0,2.0,1.0,2.0,1.0,1.0,2.0,2.0,1.0,2.0,1.0,1.0,1.0,2.0,1.0,2.0,1.0,2.0,2.0,2.0,2.0
533,4,4,4,4,4,4,5,4,2,2,70.0,,,2.0,3.0,4.0,6.0,,,,,6.0,,,2.0,1.0,,,,,3.0,4.0,5.0,,,,,18.0,,2.0,,,2.0,,1.0,4.0,,1.0,1.0,1.0,1.0,1.0,1.0,1.0,1.0,1.0,1.0,,,,,,,6,3,4,4,3,5,6,5,3,2,60.0,55.0,58.0,65.0,68.0,62.0,70.0,60.0,40.0,45.0,2.0,1.0,2.0,2.0,1.0,1.0,2.0,2.0,1.0,1.0,2.0,1.0,2.0,1.0,1.0,1.0,2.0,1.0,2.0,1.0,1.0,2.0,1.0,1.0,2.0,1.0,1.0,2.0,2.0,1.0,2.0,1.0,1.0,2.0,1.0,1.0,2.0,2.0,2.0,2.0
1040,5,5,5,5,5,5,5,5,1,2,,30.0,1.0,,,,,3.0,5.0,2.0,,6.0,,,2.0,,2.0,,,,4.0,5.0,6.0,,,,,18.0,1.0,,4.0,,,1.0,,,5.0,1.0,1.0,1.0,1.0,1.0,1.0,1.0,1.0,1.0,1.0,,,,,,,6,3,4,3,3,5,6,5,4,2,60.0,55.0,55.0,65.0,70.0,60.0,75.0,60.0,40.0,35.0,1.0,2.0,2.0,2.0,1.0,2.0,1.0,2.0,2.0,1.0,2.0,1.0,2.0,1.0,2.0,2.0,2.0,1.0,1.0,1.0,1.0,2.0,1.0,2.0,2.0,1.0,1.0,2.0,1.0,1.0,1.0,2.0,2.0,2.0,1.0,2.0,2.0,1.0,2.0,2.0
1133,3,3,3,2,3,2,4,2,4,2,70.0,,2.0,,3.0,4.0,5.0,,,,,5.0,,,2.0,1.0,,,,,,,,2.0,4.0,5.0,,5.0,1.0,,,,2.0,,1.0,,4.0,,,,,,,,,,,1.0,1.0,1.0,1.0,1.0,1.0,6,3,4,3,2,5,6,5,3,2,45.0,40.0,40.0,35.0,40.0,35.0,50.0,35.0,50.0,35.0,2.0,2.0,2.0,2.0,2.0,1.0,1.0,2.0,1.0,1.0,2.0,1.0,2.0,2.0,2.0,2.0,1.0,2.0,1.0,2.0,1.0,2.0,1.0,2.0,1.0,2.0,2.0,1.0,2.0,1.0,2.0,2.0,1.0,1.0,1.0,2.0,2.0,2.0,1.0,1.0
102,2,2,2,2,2,2,4,1,4,1,70.0,,2.0,,3.0,4.0,5.0,,,,5.0,,,,2.0,1.0,,2.0,4.0,5.0,,,,,,,,5.0,1.0,,,6.0,,1.0,,,4.0,,,,,,,,,,,1.0,1.0,1.0,1.0,1.0,1.0,6,3,4,3,2,5,6,5,3,2,40.0,35.0,35.0,30.0,35.0,30.0,50.0,25.0,45.0,25.0,2.0,2.0,1.0,2.0,2.0,1.0,2.0,1.0,2.0,2.0,1.0,1.0,1.0,2.0,2.0,2.0,1.0,1.0,1.0,1.0,1.0,2.0,1.0,2.0,1.0,1.0,2.0,2.0,1.0,1.0,1.0,1.0,1.0,1.0,2.0,2.0,1.0,2.0,1.0,1.0
297,2,3,2,2,3,2,4,2,4,3,,30.0,2.0,,3.0,4.0,5.0,,,,,5.0,,,2.0,1.0,,2.0,3.0,4.0,,,,,,,18.0,,,2.0,,,2.0,,1.0,,4.0,1.0,1.0,1.0,1.0,1.0,1.0,1.0,1.0,1.0,1.0,,,,,,,6,3,4,4,3,5,6,6,3,2,40.0,35.0,38.0,45.0,50.0,35.0,60.0,40.0,55.0,45.0,1.0,2.0,2.0,1.0,1.0,1.0,1.0,1.0,1.0,1.0,2.0,1.0,1.0,2.0,1.0,1.0,1.0,2.0,2.0,1.0,1.0,1.0,2.0,1.0,1.0,1.0,1.0,1.0,1.0,1.0,1.0,1.0,1.0,2.0,2.0,1.0,1.0,2.0,2.0,1.0
1471,5,5,5,5,5,5,5,5,1,2,,30.0,,1.0,2.0,3.0,6.0,,,,6.0,,,,2.0,,2.0,2.0,4.0,5.0,,,,,,,,18.0,1.0,,,6.0,,,1.0,,5.0,,,,,,,,,,,1.0,1.0,1.0,1.0,1.0,1.0,6,3,4,3,3,5,6,5,3,2,60.0,55.0,58.0,65.0,68.0,62.0,70.0,60.0,40.0,45.0,2.0,2.0,1.0,2.0,2.0,2.0,1.0,2.0,2.0,2.0,1.0,1.0,2.0,1.0,2.0,2.0,2.0,2.0,1.0,2.0,1.0,2.0,1.0,1.0,1.0,2.0,2.0,2.0,1.0,1.0,1.0,1.0,1.0,2.0,1.0,2.0,2.0,2.0,1.0,1.0
1502,4,4,4,3,4,3,5,4,2,2,70.0,,,2.0,,,,3.0,5.0,2.0,,5.0,1.0,40.0,,,2.0,2.0,4.0,5.0,,,,,,,,15.0,,2.0,,5.0,,,1.0,4.0,,,,,,,,,,,,1.0,1.0,1.0,1.0,1.0,1.0,6,3,4,3,3,5,6,6,3,2,55.0,50.0,52.0,60.0,58.0,55.0,65.0,54.0,40.0,42.0,1.0,2.0,1.0,1.0,1.0,1.0,1.0,1.0,1.0,1.0,1.0,1.0,1.0,2.0,1.0,1.0,1.0,1.0,1.0,1.0,1.0,1.0,1.0,1.0,1.0,2.0,1.0,1.0,1.0,2.0,1.0,2.0,1.0,1.0,1.0,1.0,2.0,1.0,1.0,1.0
1697,4,4,4,5,5,5,5,4,1,2,,30.0,4.0,,3.0,4.0,6.0,,,,,6.0,1.0,54.0,,1.0,,,,,,,,3.0,4.0,5.0,20.0,,1.0,,5.0,,,1.0,,4.0,,1.0,1.0,1.0,1.0,1.0,1.0,1.0,1.0,1.0,1.0,,,,,,,6,3,4,4,3,5,6,6,3,2,60.0,55.0,60.0,65.0,70.0,65.0,75.0,60.0,40.0,45.0,1.0,2.0,2.0,2.0,2.0,2.0,1.0,1.0,1.0,1.0,2.0,1.0,1.0,1.0,2.0,2.0,2.0,2.0,2.0,1.0,1.0,1.0,2.0,1.0,1.0,2.0,2.0,1.0,1.0,1.0,1.0,2.0,2.0,2.0,1.0,2.0,2.0,1.0,1.0,1.0
95,2,2,2,2,2,2,4,2,4,4,,30.0,2.0,,3.0,4.0,6.0,,,,6.0,,1.0,54.0,,,2.0,2.0,4.0,5.0,,,,,,,18.0,,,2.0,,,3.0,1.0,,,4.0,,,,,,,,,,,1.0,1.0,1.0,1.0,1.0,1.0,6,3,4,3,2,5,6,6,3,2,45.0,40.0,40.0,35.0,40.0,35.0,60.0,40.0,50.0,50.0,1.0,2.0,1.0,2.0,1.0,1.0,1.0,2.0,1.0,2.0,2.0,1.0,1.0,1.0,2.0,1.0,1.0,2.0,2.0,2.0,1.0,1.0,1.0,2.0,1.0,2.0,2.0,1.0,1.0,1.0,2.0,1.0,2.0,1.0,2.0,2.0,1.0,1.0,1.0,2.0
970,5,5,5,5,5,5,5,5,1,1,,30.0,5.0,,,,,3.0,5.0,2.0,,6.0,1.0,54.0,,,2.0,,,,,,,4.0,5.0,6.0,,0.0,1.0,,,10.0,,,1.0,5.0,,,,,,,,,,,,1.0,1.0,1.0,1.0,1.0,1.0,7,3,4,3,2,5,6,6,4,2,60.0,55.0,60.0,65.0,65.0,60.0,70.0,60.0,40.0,35.0,1.0,2.0,1.0,1.0,2.0,2.0,2.0,1.0,2.0,1.0,1.0,1.0,2.0,1.0,1.0,2.0,1.0,2.0,2.0,1.0,2.0,2.0,1.0,1.0,1.0,1.0,1.0,2.0,2.0,1.0,1.0,2.0,2.0,1.0,1.0,2.0,1.0,2.0,1.0,1.0
803,4,4,4,5,5,5,5,4,1,2,,30.0,4.0,,,,,3.0,5.0,2.0,6.0,,1.0,54.0,,,2.0,,,,,,,3.0,4.0,5.0,,18.0,1.0,,,6.0,,,1.0,,5.0,,,,,,,,,,,1.0,1.0,1.0,1.0,1.0,1.0,6,3,4,3,3,5,6,5,3,2,55.0,50.0,52.0,60.0,65.0,62.0,70.0,58.0,40.0,45.0,2.0,2.0,2.0,2.0,2.0,1.0,2.0,1.0,1.0,2.0,1.0,2.0,2.0,1.0,2.0,1.0,1.0,2.0,2.0,2.0,2.0,2.0,2.0,2.0,2.0,1.0,2.0,2.0,2.0,2.0,2.0,2.0,2.0,2.0,1.0,2.0,1.0,1.0,1.0,2.0
256,2,2,2,2,2,2,4,2,4,4,70.0,,2.0,,,,,3.0,5.0,4.0,6.0,,1.0,54.0,,1.0,,,,,4.0,4.0,5.0,,,,,20.0,1.0,,,9.0,,,1.0,5.0,,1.0,1.0,1.0,1.0,1.0,1.0,1.0,1.0,1.0,1.0,,,,,,,6,3,4,3,3,5,6,5,3,2,40.0,35.0,35.0,30.0,35.0,30.0,50.0,35.0,45.0,45.0,2.0,1.0,1.0,1.0,1.0,2.0,1.0,1.0,2.0,2.0,2.0,1.0,2.0,2.0,1.0,2.0,1.0,2.0,1.0,1.0,1.0,2.0,1.0,1.0,1.0,2.0,2.0,1.0,1.0,1.0,2.0,1.0,1.0,2.0,2.0,2.0,2.0,1.0,1.0,1.0
325,1,2,2,2,2,2,2,1,4,4,70.0,,2.0,,,,,3.0,4.0,2.0,,5.0,1.0,30.0,,1.0,,,,,2.0,4.0,4.0,,,,18.0,,1.0,,3.0,,,1.0,,,4.0,,,,,,,,,,,1.0,1.0,1.0,1.0,1.0,1.0,6,3,4,3,2,5,6,5,3,2,40.0,35.0,35.0,40.0,40.0,35.0,45.0,30.0,50.0,45.0,1.0,1.0,1.0,2.0,1.0,2.0,1.0,2.0,2.0,2.0,1.0,1.0,1.0,2.0,2.0,2.0,2.0,2.0,2.0,2.0,2.0,2.0,1.0,1.0,2.0,1.0,1.0,2.0,2.0,2.0,2.0,1.0,1.0,1.0,2.0,1.0,1.0,2.0,1.0,1.0
539,4,4,4,5,5,5,5,5,1,2,70.0,,,1.0,3.0,4.0,5.0,,,,6.0,,,,2.0,,2.0,,,,2.0,4.0,4.0,,,,18.0,,1.0,,,6.0,,1.0,,5.0,,,,,,,,,,,,1.0,1.0,1.0,1.0,1.0,1.0,6,3,4,3,2,5,6,6,3,2,55.0,50.0,52.0,60.0,65.0,58.0,70.0,60.0,40.0,45.0,2.0,2.0,1.0,1.0,1.0,2.0,1.0,1.0,1.0,2.0,1.0,1.0,1.0,2.0,2.0,1.0,1.0,2.0,1.0,2.0,1.0,2.0,1.0,1.0,2.0,2.0,2.0,2.0,2.0,1.0,1.0,2.0,1.0,2.0,1.0,1.0,1.0,2.0,1.0,2.0
1656,3,3,3,2,3,2,4,2,4,3,70.0,,,2.0,3.0,4.0,5.0,,,,,5.0,1.0,40.0,,,2.0,,,,,,,3.0,4.0,4.0,,10.0,,2.0,4.0,,,,1.0,,4.0,,,,,,,,,,,1.0,1.0,1.0,1.0,1.0,1.0,6,3,4,3,3,5,6,5,3,2,50.0,45.0,45.0,40.0,45.0,35.0,60.0,40.0,55.0,45.0,2.0,1.0,2.0,1.0,1.0,2.0,1.0,2.0,2.0,2.0,2.0,2.0,2.0,2.0,1.0,2.0,1.0,1.0,1.0,2.0,2.0,2.0,1.0,1.0,2.0,1.0,2.0,1.0,1.0,1.0,1.0,2.0,1.0,1.0,1.0,1.0,2.0,2.0,1.0,2.0
1725,4,4,4,4,4,4,4,4,2,2,,30.0,4.0,,,,,3.0,5.0,2.0,,6.0,,,2.0,1.0,,,,,,,,3.0,4.0,4.0,,15.0,,2.0,3.0,,,1.0,,4.0,,,,,,,,,,,,1.0,1.0,1.0,1.0,1.0,1.0,6,3,4,4,3,5,6,6,3,2,55.0,50.0,52.0,60.0,62.0,58.0,65.0,54.0,40.0,42.0,1.0,1.0,2.0,2.0,1.0,2.0,1.0,2.0,2.0,2.0,2.0,1.0,1.0,2.0,2.0,1.0,2.0,2.0,2.0,1.0,1.0,1.0,2.0,2.0,2.0,1.0,2.0,1.0,1.0,2.0,2.0,1.0,1.0,2.0,1.0,2.0,2.0,2.0,2.0,2.0
1139,5,5,5,5,5,5,5,5,1,1,,30.0,4.0,,,,,3.0,5.0,2.0,,6.0,1.0,54.0,,,2.0,1.0,5.0,6.0,,,,,,,18.0,,,2.0,5.0,,,1.0,,,5.0,1.0,1.0,1.0,1.0,1.0,1.0,1.0,1.0,1.0,1.0,,,,,,,6,3,4,3,3,5,6,5,3,2,55.0,50.0,52.0,60.0,65.0,58.0,70.0,60.0,40.0,35.0,1.0,1.0,2.0,1.0,1.0,2.0,1.0,1.0,1.0,2.0,2.0,1.0,1.0,1.0,1.0,1.0,1.0,1.0,1.0,2.0,2.0,1.0,1.0,2.0,1.0,2.0,2.0,2.0,1.0,2.0,1.0,2.0,2.0,2.0,2.0,1.0,2.0,2.0,1.0,2.0
1838,4,4,4,5,5,5,5,5,1,2,,30.0,,2.0,,,,3.0,5.0,2.0,6.0,,1.0,54.0,,,2.0,,,,,,,4.0,4.0,5.0,,18.0,1.0,,,,2.0,1.0,,4.0,,,,,,,,,,,,1.0,1.0,1.0,1.0,1.0,1.0,6,3,4,3,3,5,6,6,3,2,55.0,50.0,52.0,60.0,62.0,58.0,65.0,54.0,40.0,45.0,2.0,1.0,1.0,2.0,1.0,2.0,1.0,2.0,2.0,2.0,2.0,1.0,1.0,1.0,1.0,2.0,1.0,1.0,1.0,1.0,2.0,2.0,1.0,2.0,2.0,1.0,1.0,2.0,2.0,2.0,1.0,1.0,1.0,2.0,1.0,2.0,1.0,2.0,1.0,2.0
54,3,3,3,3,3,3,4,3,4,3,,30.0,,2.0,3.0,4.0,5.0,,,,,5.0,,,2.0,,2.0,,,,3.0,4.0,5.0,,,,16.0,,,2.0,,6.0,,1.0,,,4.0,,,,,,,,,,,1.0,1.0,1.0,1.0,1.0,1.0,6,3,4,4,3,5,6,5,3,2,45.0,40.0,42.0,50.0,55.0,48.0,60.0,40.0,50.0,45.0,2.0,1.0,1.0,1.0,1.0,1.0,1.0,1.0,1.0,2.0,1.0,2.0,1.0,1.0,2.0,1.0,1.0,1.0,2.0,1.0,2.0,1.0,2.0,1.0,1.0,1.0,1.0,1.0,2.0,2.0,2.0,2.0,1.0,1.0,2.0,2.0,1.0,2.0,1.0,1.0
2025,4,4,4,5,5,5,5,5,1,1,70.0,,,1.0,2.0,3.0,5.0,,,,,,1.0,32.0,,1.0,,1.0,4.0,5.0,,,,,,,18.0,,1.0,,,,1.0,1.0,,,5.0,,,,,,,,,,,1.0,1.0,1.0,1.0,1.0,1.0,6,3,4,3,2,5,6,5,3,2,55.0,50.0,52.0,60.0,62.0,58.0,65.0,54.0,40.0,38.0,1.0,1.0,2.0,2.0,1.0,1.0,2.0,2.0,1.0,2.0,1.0,1.0,1.0,2.0,2.0,2.0,2.0,1.0,1.0,2.0,1.0,1.0,1.0,1.0,2.0,2.0,1.0,1.0,1.0,1.0,2.0,2.0,2.0,1.0,1.0,1.0,2.0,1.0,1.0,1.0
223,2,2,2,2,2,2,4,2,4,4,,30.0,,2.0,3.0,4.0,5.0,,,,,5.0,1.0,54.0,,,2.0,,,,2.0,4.0,4.0,,,,20.0,,1.0,,,,2.0,1.0,,4.0,,1.0,1.0,1.0,1.0,1.0,1.0,1.0,1.0,1.0,1.0,,,,,,,6,3,4,4,2,5,6,6,3,2,40.0,40.0,40.0,40.0,40.0,40.0,60.0,40.0,60.0,60.0,2.0,1.0,1.0,1.0,1.0,1.0,2.0,2.0,2.0,1.0,1.0,2.0,1.0,2.0,1.0,1.0,1.0,2.0,1.0,2.0,1.0,1.0,1.0,2.0,1.0,1.0,1.0,2.0,2.0,1.0,1.0,2.0,2.0,2.0,1.0,1.0,1.0,2.0,1.0,1.0
350,2,2,2,2,2,2,4,2,4,4,,30.0,2.0,,,,,3.0,5.0,4.0,,5.0,,,2.0,1.0,,,,,,,,4.0,4.0,5.0,16.0,,1.0,,,6.0,,1.0,,,4.0,,,,,,,,,,,1.0,1.0,1.0,1.0,1.0,1.0,6,3,4,4,2,5,6,6,3,2,40.0,38.0,35.0,45.0,50.0,35.0,60.0,40.0,55.0,50.0,1.0,1.0,1.0,1.0,1.0,1.0,1.0,1.0,1.0,1.0,1.0,2.0,2.0,1.0,2.0,1.0,1.0,2.0,2.0,1.0,2.0,1.0,1.0,1.0,1.0,1.0,1.0,1.0,1.0,1.0,1.0,1.0,1.0,1.0,1.0,1.0,1.0,1.0,1.0,1.0
1623,5,5,5,5,5,5,5,5,1,2,70.0,,,2.0,,,,3.0,5.0,2.0,,6.0,,,2.0,1.0,,,,,,,,4.0,5.0,6.0,,20.0,1.0,,,,2.0,,1.0,5.0,,1.0,1.0,1.0,1.0,1.0,1.0,1.0,1.0,1.0,1.0,,,,,,,6,3,4,3,3,5,6,5,4,2,60.0,55.0,58.0,65.0,70.0,62.0,75.0,60.0,40.0,45.0,2.0,2.0,2.0,2.0,1.0,2.0,2.0,1.0,1.0,2.0,2.0,2.0,2.0,1.0,1.0,2.0,2.0,2.0,2.0,1.0,2.0,2.0,1.0,2.0,2.0,1.0,1.0,1.0,1.0,1.0,2.0,1.0,2.0,2.0,2.0,2.0,1.0,1.0,2.0,1.0
1750,5,5,5,5,5,5,5,5,1,2,70.0,,5.0,,,,,3.0,5.0,2.0,,6.0,1.0,54.0,,1.0,,,,,,,,4.0,5.0,6.0,,18.0,,2.0,,6.0,,,1.0,5.0,,,,,,,,,,,,1.0,1.0,1.0,1.0,1.0,1.0,6,3,4,3,3,5,6,5,3,2,60.0,55.0,55.0,65.0,70.0,60.0,75.0,60.0,40.0,35.0,1.0,2.0,2.0,1.0,1.0,2.0,2.0,1.0,2.0,1.0,2.0,1.0,1.0,2.0,1.0,2.0,1.0,1.0,2.0,2.0,2.0,2.0,1.0,2.0,1.0,2.0,1.0,1.0,2.0,1.0,2.0,2.0,1.0,1.0,2.0,1.0,1.0,2.0,2.0,2.0
2050,2,2,2,2,2,2,3,1,4,4,,30.0,3.0,,,,,2.0,4.0,3.0,,5.0,1.0,54.0,,,2.0,,,,,,,2.0,4.0,5.0,,18.0,1.0,,5.0,,,,1.0,,4.0,1.0,1.0,1.0,1.0,1.0,1.0,1.0,1.0,1.0,1.0,,,,,,,6,3,4,3,3,5,6,5,3,2,40.0,35.0,35.0,40.0,45.0,35.0,50.0,30.0,55.0,45.0,2.0,2.0,1.0,1.0,1.0,2.0,2.0,1.0,2.0,1.0,1.0,2.0,1.0,2.0,2.0,1.0,2.0,2.0,1.0,1.0,1.0,2.0,1.0,2.0,1.0,2.0,1.0,2.0,1.0,1.0,1.0,1.0,2.0,1.0,2.0,1.0,2.0,2.0,1.0,1.0
21,2,2,2,2,2,2,4,2,4,2,70.0,,,2.0,3.0,4.0,6.0,,,,6.0,,1.0,54.0,,1.0,,,,,,,,2.0,4.0,5.0,,18.0,1.0,,,6.0,,1.0,,,4.0,,,,,,,,,,,1.0,1.0,1.0,1.0,1.0,1.0,6,3,4,3,3,5,6,5,3,2,45.0,40.0,40.0,40.0,45.0,40.0,55.0,40.0,50.0,40.0,2.0,2.0,1.0,1.0,1.0,2.0,1.0,2.0,2.0,1.0,1.0,1.0,2.0,2.0,1.0,1.0,2.0,2.0,1.0,2.0,1.0,1.0,2.0,2.0,1.0,1.0,2.0,2.0,1.0,1.0,2.0,2.0,1.0,1.0,1.0,1.0,1.0,2.0,1.0,1.0
618,4,4,4,5,5,5,5,4,1,2,,30.0,,2.0,3.0,4.0,5.0,,,,,,1.0,45.0,,,2.0,,,,3.0,4.0,5.0,,,,18.0,,1.0,,,6.0,,1.0,,5.0,,1.0,1.0,1.0,1.0,1.0,1.0,1.0,1.0,1.0,1.0,,,,,,,6,3,4,3,2,5,6,5,3,2,55.0,50.0,52.0,60.0,65.0,62.0,70.0,58.0,40.0,45.0,1.0,1.0,2.0,2.0,1.0,1.0,2.0,1.0,1.0,2.0,1.0,1.0,1.0,2.0,2.0,1.0,2.0,2.0,1.0,2.0,2.0,2.0,1.0,1.0,2.0,2.0,2.0,2.0,2.0,1.0,1.0,2.0,1.0,1.0,2.0,2.0,1.0,2.0,1.0,2.0
391,3,3,3,4,4,3,4,3,2,2,70.0,,3.0,,2.0,3.0,5.0,,,,,6.0,1.0,54.0,,,2.0,,,,3.0,4.0,5.0,,,,,18.0,1.0,,,,2.0,,1.0,,4.0,1.0,1.0,1.0,1.0,1.0,1.0,1.0,1.0,1.0,1.0,,,,,,,6,3,4,4,2,5,6,6,3,2,45.0,40.0,40.0,55.0,60.0,50.0,65.0,50.0,35.0,35.0,2.0,2.0,1.0,2.0,1.0,2.0,2.0,2.0,1.0,2.0,2.0,1.0,1.0,2.0,1.0,2.0,1.0,2.0,1.0,2.0,1.0,1.0,2.0,1.0,1.0,1.0,1.0,2.0,1.0,1.0,1.0,2.0,1.0,1.0,1.0,1.0,1.0,2.0,2.0,2.0
177,3,3,3,3,4,3,4,3,2,2,,30.0,3.0,,,,,3.0,4.0,3.0,5.0,,,,2.0,1.0,,,,,,,,3.0,4.0,4.0,20.0,,,2.0,3.0,,,,1.0,,4.0,1.0,1.0,1.0,1.0,1.0,1.0,1.0,1.0,1.0,1.0,,,,,,,6,3,4,4,3,5,6,6,3,2,45.0,40.0,40.0,50.0,55.0,50.0,60.0,45.0,35.0,35.0,2.0,2.0,1.0,1.0,2.0,2.0,1.0,2.0,1.0,2.0,1.0,1.0,2.0,2.0,1.0,1.0,1.0,1.0,1.0,2.0,1.0,1.0,2.0,2.0,1.0,2.0,1.0,2.0,1.0,1.0,2.0,1.0,1.0,2.0,1.0,1.0,2.0,1.0,1.0,1.0
1218,2,2,2,2,2,2,4,2,4,4,70.0,,3.0,,3.0,4.0,6.0,,,,6.0,,1.0,54.0,,1.0,,2.0,4.0,5.0,,,,,,,,18.0,1.0,,,6.0,,,1.0,4.0,,1.0,1.0,1.0,1.0,1.0,1.0,1.0,1.0,1.0,1.0,,,,,,,6,3,4,4,3,5,6,6,3,2,45.0,40.0,40.0,40.0,45.0,40.0,60.0,40.0,55.0,50.0,1.0,2.0,1.0,1.0,1.0,1.0,1.0,1.0,2.0,1.0,1.0,1.0,1.0,1.0,2.0,2.0,1.0,1.0,2.0,1.0,2.0,1.0,2.0,1.0,2.0,2.0,1.0,2.0,2.0,1.0,1.0,2.0,1.0,2.0,2.0,1.0,1.0,1.0,1.0,2.0
1791,4,4,4,4,4,4,5,4,2,2,70.0,,3.0,,3.0,4.0,5.0,,,,6.0,,1.0,54.0,,,2.0,,,,,,,3.0,4.0,5.0,,10.0,,2.0,,,2.0,1.0,,4.0,,1.0,1.0,1.0,1.0,1.0,1.0,1.0,1.0,1.0,1.0,,,,,,,6,3,4,3,3,5,6,5,3,2,60.0,55.0,60.0,65.0,70.0,60.0,75.0,60.0,40.0,45.0,1.0,2.0,1.0,2.0,2.0,1.0,1.0,1.0,1.0,1.0,2.0,1.0,1.0,1.0,1.0,2.0,1.0,1.0,1.0,1.0,2.0,2.0,1.0,1.0,1.0,1.0,1.0,1.0,1.0,2.0,2.0,1.0,1.0,1.0,1.0,1.0,1.0,2.0,2.0,1.0
1404,3,3,3,2,3,2,4,2,4,3,70.0,,,2.0,,,,3.0,4.0,2.0,6.0,,,,2.0,1.0,,2.0,4.0,5.0,,,,,,,,15.0,,2.0,,6.0,,,1.0,,4.0,,,,,,,,,,,1.0,1.0,1.0,1.0,1.0,1.0,6,3,4,4,3,5,6,5,3,2,45.0,40.0,40.0,40.0,45.0,35.0,60.0,35.0,50.0,40.0,1.0,2.0,2.0,1.0,2.0,2.0,2.0,1.0,2.0,2.0,2.0,1.0,2.0,1.0,1.0,1.0,2.0,1.0,2.0,2.0,1.0,2.0,2.0,1.0,2.0,1.0,1.0,1.0,2.0,1.0,1.0,2.0,2.0,2.0,1.0,2.0,2.0,1.0,2.0,1.0
1577,4,4,4,4,4,4,5,4,2,2,70.0,,3.0,,3.0,4.0,5.0,,,,6.0,,1.0,54.0,,1.0,,,,,,,,3.0,4.0,5.0,18.0,,1.0,,,6.0,,,1.0,,5.0,1.0,1.0,1.0,1.0,1.0,1.0,1.0,1.0,1.0,1.0,,,,,,,6,3,4,4,3,5,6,6,3,2,60.0,55.0,58.0,65.0,70.0,62.0,75.0,60.0,40.0,45.0,1.0,2.0,1.0,2.0,2.0,2.0,2.0,2.0,1.0,1.0,2.0,1.0,1.0,1.0,1.0,2.0,1.0,2.0,2.0,2.0,2.0,1.0,2.0,2.0,1.0,2.0,2.0,2.0,2.0,2.0,2.0,2.0,1.0,1.0,2.0,1.0,1.0,1.0,1.0,1.0
905,4,4,4,3,4,3,4,3,2,2,70.0,,3.0,,,,,3.0,4.0,2.0,,5.0,1.0,54.0,,,2.0,,,,,,,3.0,4.0,4.0,18.0,,1.0,,4.0,,,,1.0,4.0,,,,,,,,,,,,1.0,1.0,1.0,1.0,1.0,1.0,6,3,4,4,2,5,6,6,3,2,55.0,50.0,52.0,60.0,62.0,54.0,65.0,48.0,40.0,38.0,2.0,1.0,1.0,1.0,2.0,2.0,1.0,1.0,2.0,1.0,2.0,2.0,2.0,1.0,2.0,1.0,2.0,1.0,2.0,2.0,1.0,2.0,2.0,2.0,2.0,2.0,1.0,1.0,2.0,1.0,2.0,2.0,1.0,2.0,1.0,2.0,1.0,1.0,2.0,2.0
876,3,3,3,3,4,4,4,3,2,2,,30.0,,2.0,3.0,4.0,5.0,,,,,5.0,1.0,35.0,,,2.0,,,,,,,3.0,4.0,4.0,15.0,,1.0,,3.0,,,1.0,,4.0,,1.0,1.0,1.0,1.0,1.0,1.0,1.0,1.0,1.0,1.0,,,,,,,6,3,4,3,3,5,6,5,3,2,40.0,35.0,38.0,50.0,55.0,52.0,60.0,45.0,30.0,28.0,1.0,2.0,1.0,1.0,2.0,1.0,2.0,1.0,2.0,1.0,2.0,1.0,2.0,2.0,2.0,1.0,1.0,1.0,2.0,1.0,2.0,2.0,2.0,1.0,2.0,1.0,2.0,1.0,1.0,2.0,2.0,1.0,2.0,1.0,2.0,2.0,2.0,1.0,2.0,1.0
1009,4,4,4,5,5,5,5,4,2,2,70.0,,,2.0,,,,3.0,4.0,2.0,6.0,,1.0,54.0,,,2.0,,,,,,,3.0,4.0,5.0,,20.0,1.0,,,6.0,,,1.0,5.0,,,,,,,,,,,,1.0,1.0,1.0,1.0,1.0,1.0,6,3,4,3,3,5,6,6,3,2,55.0,50.0,52.0,60.0,65.0,62.0,70.0,58.0,40.0,42.0,2.0,2.0,1.0,2.0,1.0,2.0,2.0,2.0,2.0,2.0,2.0,2.0,1.0,2.0,2.0,2.0,2.0,1.0,2.0,1.0,2.0,1.0,1.0,2.0,1.0,2.0,2.0,2.0,2.0,2.0,2.0,2.0,2.0,1.0,2.0,2.0,2.0,2.0,1.0,2.0
1580,5,5,5,5,5,5,5,5,1,2,,30.0,,1.0,,,,3.0,5.0,2.0,6.0,,,,2.0,1.0,,2.0,5.0,6.0,,,,,,,20.0,,,2.0,,,1.0,,1.0,,5.0,,,,,,,,,,,1.0,1.0,1.0,1.0,1.0,1.0,6,3,4,3,2,5,6,5,4,2,60.0,55.0,58.0,65.0,70.0,60.0,75.0,65.0,40.0,45.0,2.0,2.0,2.0,2.0,2.0,1.0,2.0,2.0,1.0,2.0,2.0,2.0,1.0,1.0,1.0,1.0,1.0,1.0,2.0,2.0,2.0,1.0,2.0,2.0,2.0,1.0,1.0,1.0,1.0,2.0,1.0,2.0,1.0,1.0,1.0,1.0,1.0,1.0,1.0,2.0
1615,5,5,5,5,5,5,5,5,1,2,,30.0,4.0,,,,,3.0,5.0,2.0,6.0,,1.0,54.0,,1.0,,,,,3.0,5.0,6.0,,,,20.0,,,2.0,,,2.0,,1.0,5.0,,1.0,1.0,1.0,1.0,1.0,1.0,1.0,1.0,1.0,1.0,,,,,,,6,3,4,3,3,5,6,5,4,2,55.0,50.0,52.0,60.0,65.0,58.0,70.0,50.0,40.0,35.0,2.0,2.0,2.0,2.0,2.0,1.0,2.0,2.0,1.0,1.0,2.0,2.0,2.0,2.0,1.0,2.0,1.0,2.0,1.0,2.0,2.0,2.0,2.0,2.0,2.0,2.0,1.0,2.0,1.0,2.0,2.0,1.0,2.0,1.0,2.0,1.0,2.0,1.0,2.0,1.0
1766,4,4,4,4,4,4,4,4,2,2,70.0,,4.0,,,,,3.0,4.0,2.0,6.0,,,,2.0,,2.0,2.0,4.0,4.0,,,,,,,,15.0,1.0,,,,3.0,,1.0,,4.0,,,,,,,,,,,1.0,1.0,1.0,1.0,1.0,1.0,6,3,4,4,3,5,6,6,3,2,55.0,50.0,52.0,60.0,65.0,58.0,70.0,60.0,40.0,45.0,2.0,2.0,2.0,1.0,1.0,1.0,1.0,1.0,2.0,1.0,1.0,2.0,1.0,1.0,1.0,2.0,1.0,1.0,2.0,2.0,2.0,2.0,1.0,1.0,1.0,1.0,2.0,1.0,1.0,2.0,2.0,1.0,2.0,1.0,1.0,1.0,1.0,2.0,2.0,1.0
409,2,3,2,2,2,2,4,2,4,2,70.0,,2.0,,,,,3.0,4.0,2.0,,6.0,1.0,54.0,,,2.0,,,,4.0,4.0,5.0,,,,18.0,,,2.0,,,3.0,1.0,,4.0,,1.0,1.0,1.0,1.0,1.0,1.0,1.0,1.0,1.0,1.0,,,,,,,6,3,4,3,3,5,6,5,3,2,40.0,35.0,38.0,45.0,45.0,40.0,60.0,38.0,55.0,40.0,2.0,1.0,1.0,1.0,1.0,1.0,2.0,1.0,1.0,1.0,1.0,1.0,2.0,2.0,1.0,1.0,2.0,1.0,2.0,1.0,1.0,1.0,1.0,1.0,1.0,1.0,2.0,1.0,1.0,2.0,1.0,2.0,1.0,1.0,1.0,1.0,2.0,1.0,2.0,2.0
180,4,4,4,5,5,5,5,5,1,2,,30.0,,2.0,,,,3.0,5.0,2.0,,6.0,,,2.0,,2.0,2.0,4.0,5.0,,,,,,,,5.0,,2.0,4.0,,,1.0,,4.0,,1.0,1.0,1.0,1.0,1.0,1.0,1.0,1.0,1.0,1.0,,,,,,,6,3,4,4,3,5,6,6,4,2,60.0,55.0,60.0,65.0,70.0,70.0,75.0,65.0,40.0,45.0,2.0,1.0,1.0,1.0,2.0,1.0,2.0,2.0,1.0,1.0,1.0,2.0,1.0,2.0,1.0,2.0,1.0,1.0,2.0,2.0,1.0,1.0,2.0,1.0,2.0,2.0,1.0,2.0,1.0,2.0,1.0,2.0,1.0,1.0,1.0,1.0,2.0,2.0,1.0,1.0
215,4,4,4,4,4,4,4,4,2,2,,30.0,3.0,,,,,3.0,5.0,2.0,6.0,,1.0,40.0,,1.0,,,,,2.0,4.0,5.0,,,,18.0,,,2.0,4.0,,,1.0,,,4.0,,,,,,,,,,,1.0,1.0,1.0,1.0,1.0,1.0,6,3,4,4,2,5,6,6,3,2,55.0,50.0,52.0,60.0,62.0,58.0,65.0,54.0,40.0,42.0,2.0,2.0,2.0,1.0,2.0,2.0,1.0,2.0,2.0,1.0,2.0,2.0,2.0,1.0,2.0,1.0,1.0,1.0,2.0,2.0,2.0,1.0,2.0,1.0,1.0,1.0,2.0,1.0,2.0,1.0,2.0,1.0,1.0,2.0,1.0,1.0,1.0,1.0,2.0,1.0
366,4,4,4,3,4,3,4,3,2,2,,30.0,,2.0,3.0,4.0,5.0,,,,,5.0,1.0,54.0,,1.0,,2.0,4.0,5.0,,,,,,,15.0,,,2.0,4.0,,,1.0,,4.0,,,,,,,,,,,,1.0,1.0,1.0,1.0,1.0,1.0,6,3,4,3,3,5,6,5,3,2,55.0,50.0,52.0,60.0,58.0,54.0,62.0,48.0,40.0,42.0,2.0,2.0,2.0,1.0,2.0,1.0,1.0,2.0,1.0,1.0,2.0,2.0,2.0,1.0,1.0,1.0,1.0,2.0,2.0,2.0,1.0,1.0,1.0,1.0,2.0,2.0,2.0,2.0,1.0,1.0,2.0,1.0,1.0,1.0,2.0,1.0,1.0,1.0,1.0,1.0
17,5,5,5,5,5,5,5,5,1,1,,30.0,,1.0,,,,3.0,5.0,2.0,,6.0,1.0,54.0,,1.0,,1.0,5.0,6.0,,,,,,,20.0,,1.0,,4.0,,,1.0,,5.0,,,,,,,,,,,,1.0,1.0,1.0,1.0,1.0,1.0,6,3,4,3,3,5,6,5,4,2,55.0,50.0,52.0,60.0,65.0,58.0,70.0,60.0,40.0,35.0,2.0,1.0,2.0,2.0,1.0,1.0,2.0,2.0,2.0,2.0,2.0,2.0,1.0,2.0,2.0,2.0,2.0,1.0,2.0,1.0,1.0,2.0,1.0,2.0,2.0,2.0,2.0,1.0,2.0,2.0,2.0,1.0,2.0,2.0,2.0,2.0,2.0,1.0,1.0,2.0
881,2,3,2,2,3,2,3,2,4,4,,30.0,,2.0,,,,3.0,4.0,2.0,6.0,,1.0,54.0,,1.0,,,,,,,,3.0,4.0,4.0,,18.0,,2.0,,6.0,,,1.0,4.0,,,,,,,,,,,,1.0,1.0,1.0,1.0,1.0,1.0,6,3,4,4,3,5,6,6,3,2,45.0,40.0,42.0,50.0,55.0,48.0,60.0,40.0,50.0,45.0,2.0,2.0,1.0,1.0,2.0,2.0,2.0,1.0,2.0,2.0,1.0,2.0,1.0,2.0,1.0,1.0,2.0,1.0,1.0,2.0,1.0,2.0,1.0,2.0,1.0,2.0,2.0,2.0,2.0,1.0,1.0,1.0,2.0,1.0,1.0,2.0,2.0,2.0,1.0,2.0
1908,4,4,4,4,4,4,4,4,2,2,,30.0,4.0,,,,,3.0,5.0,4.0,6.0,,,,2.0,1.0,,,,,,,,3.0,4.0,5.0,18.0,,,2.0,4.0,,,,1.0,4.0,,,,,,,,,,,,1.0,1.0,1.0,1.0,1.0,1.0,6,3,4,4,3,5,6,6,3,2,55.0,50.0,52.0,60.0,62.0,58.0,65.0,54.0,40.0,42.0,1.0,2.0,1.0,2.0,2.0,2.0,1.0,1.0,2.0,1.0,2.0,1.0,2.0,2.0,2.0,1.0,2.0,2.0,1.0,2.0,2.0,2.0,1.0,2.0,1.0,1.0,2.0,1.0,1.0,2.0,2.0,1.0,2.0,2.0,1.0,1.0,1.0,1.0,1.0,2.0
1432,5,5,5,5,5,5,5,5,1,2,70.0,,5.0,,3.0,4.0,6.0,,,,6.0,,,,2.0,1.0,,,,,4.0,5.0,6.0,,,,20.0,,,2.0,4.0,,,,1.0,5.0,,1.0,1.0,1.0,1.0,1.0,1.0,1.0,1.0,1.0,1.0,,,,,,,6,3,4,3,3,5,6,5,4,2,60.0,55.0,50.0,65.0,70.0,60.0,75.0,55.0,40.0,45.0,2.0,2.0,2.0,1.0,2.0,1.0,1.0,2.0,1.0,2.0,2.0,2.0,1.0,2.0,2.0,1.0,1.0,2.0,2.0,1.0,2.0,2.0,2.0,1.0,1.0,2.0,2.0,2.0,1.0,2.0,2.0,1.0,2.0,2.0,2.0,1.0,1.0,1.0,2.0,2.0
1541,2,2,2,1,2,2,3,1,4,4,,30.0,,1.0,,,,3.0,5.0,2.0,5.0,,,,2.0,,2.0,,,,,,,2.0,4.0,4.0,,20.0,,2.0,,6.0,,,1.0,4.0,,,,,,,,,,,,1.0,1.0,1.0,1.0,1.0,1.0,6,3,4,3,2,5,6,5,2,1,40.0,35.0,35.0,30.0,35.0,35.0,50.0,30.0,45.0,45.0,2.0,2.0,2.0,2.0,1.0,2.0,2.0,1.0,2.0,1.0,2.0,2.0,1.0,1.0,1.0,1.0,2.0,2.0,2.0,1.0,2.0,1.0,2.0,2.0,2.0,1.0,2.0,2.0,1.0,2.0,1.0,1.0,2.0,1.0,1.0,1.0,1.0,2.0,1.0,2.0
141,4,4,4,5,5,4,5,4,2,2,70.0,,4.0,,,,,3.0,5.0,4.0,6.0,,1.0,54.0,,1.0,,,,,4.0,4.0,5.0,,,,,18.0,,2.0,,6.0,,1.0,,4.0,,,,,,,,,,,,1.0,1.0,1.0,1.0,1.0,1.0,6,3,4,4,3,5,6,6,3,2,55.0,60.0,58.0,65.0,68.0,62.0,70.0,60.0,40.0,42.0,2.0,1.0,1.0,1.0,1.0,2.0,1.0,2.0,1.0,1.0,2.0,1.0,2.0,1.0,1.0,1.0,2.0,2.0,2.0,1.0,2.0,1.0,2.0,1.0,1.0,2.0,2.0,1.0,1.0,2.0,1.0,2.0,1.0,1.0,1.0,1.0,1.0,2.0,1.0,1.0
933,2,2,2,2,2,2,4,2,4,4,,30.0,2.0,,,,,3.0,4.0,2.0,5.0,,1.0,54.0,,,2.0,,,,,,,2.0,4.0,5.0,20.0,,,2.0,,7.0,,1.0,,,4.0,1.0,1.0,1.0,1.0,1.0,1.0,1.0,1.0,1.0,1.0,,,,,,,6,3,4,4,3,5,6,6,3,2,40.0,35.0,35.0,40.0,45.0,35.0,60.0,40.0,50.0,50.0,2.0,1.0,2.0,2.0,1.0,2.0,1.0,1.0,2.0,2.0,1.0,2.0,1.0,1.0,2.0,2.0,1.0,1.0,2.0,2.0,1.0,1.0,1.0,2.0,1.0,2.0,1.0,2.0,1.0,2.0,1.0,1.0,2.0,1.0,2.0,1.0,2.0,1.0,1.0,2.0
840,2,3,2,2,3,2,4,2,4,3,70.0,,2.0,,,,,3.0,5.0,2.0,5.0,,,,2.0,1.0,,,,,,,,3.0,4.0,5.0,,15.0,1.0,,,6.0,,1.0,,,4.0,,,,,,,,,,,1.0,1.0,1.0,1.0,1.0,1.0,6,3,4,4,3,5,6,5,3,2,45.0,40.0,38.0,35.0,40.0,35.0,50.0,38.0,55.0,40.0,1.0,2.0,2.0,1.0,1.0,1.0,1.0,2.0,1.0,2.0,1.0,2.0,2.0,1.0,2.0,2.0,1.0,1.0,1.0,1.0,2.0,2.0,2.0,1.0,1.0,2.0,1.0,1.0,1.0,1.0,1.0,2.0,1.0,2.0,1.0,2.0,1.0,2.0,1.0,2.0
1447,5,5,5,5,5,5,5,5,1,2,,30.0,5.0,,3.0,4.0,6.0,,,,,6.0,,,2.0,1.0,,2.0,5.0,6.0,,,,,,,,15.0,,2.0,,5.0,,,1.0,5.0,,,,,,,,,,,,1.0,1.0,1.0,1.0,1.0,1.0,6,3,4,3,3,5,6,5,4,2,60.0,55.0,60.0,65.0,70.0,60.0,70.0,60.0,40.0,45.0,2.0,1.0,1.0,1.0,1.0,1.0,2.0,2.0,1.0,1.0,2.0,2.0,2.0,2.0,1.0,1.0,1.0,2.0,2.0,1.0,2.0,1.0,2.0,2.0,1.0,2.0,1.0,1.0,2.0,2.0,1.0,1.0,1.0,2.0,2.0,2.0,2.0,2.0,1.0,1.0
1534,4,4,4,4,4,4,4,4,2,2,,30.0,3.0,,3.0,4.0,6.0,,,,,6.0,1.0,54.0,,,2.0,,,,4.0,4.0,5.0,,,,18.0,,1.0,,,5.0,,,1.0,,4.0,1.0,1.0,1.0,1.0,1.0,1.0,1.0,1.0,1.0,1.0,,,,,,,6,3,4,4,3,5,6,6,3,2,55.0,50.0,52.0,60.0,62.0,58.0,65.0,54.0,40.0,42.0,1.0,2.0,1.0,1.0,2.0,1.0,1.0,1.0,2.0,1.0,1.0,1.0,2.0,2.0,1.0,1.0,1.0,2.0,1.0,2.0,1.0,2.0,1.0,1.0,2.0,1.0,1.0,1.0,1.0,1.0,1.0,2.0,1.0,1.0,2.0,1.0,2.0,1.0,1.0,1.0
1328,5,5,5,5,5,5,5,5,1,2,70.0,,5.0,,3.0,4.0,6.0,,,,6.0,,,,2.0,,2.0,,,,,,,4.0,5.0,6.0,,5.0,,2.0,,5.0,,,1.0,,5.0,,,,,,,,,,,1.0,1.0,1.0,1.0,1.0,1.0,6,3,5,4,2,5,6,6,4,2,60.0,55.0,58.0,65.0,68.0,62.0,70.0,60.0,40.0,45.0,1.0,1.0,2.0,1.0,2.0,1.0,2.0,1.0,1.0,2.0,2.0,1.0,1.0,1.0,1.0,2.0,1.0,1.0,1.0,1.0,2.0,1.0,1.0,2.0,1.0,1.0,1.0,2.0,1.0,2.0,2.0,1.0,2.0,2.0,1.0,1.0,1.0,1.0,1.0,2.0
134,5,5,5,5,5,5,5,5,1,2,70.0,,3.0,,3.0,4.0,6.0,,,,,6.0,1.0,54.0,,1.0,,,,,2.0,4.0,4.0,,,,,18.0,,2.0,4.0,,,,1.0,,5.0,,,,,,,,,,,1.0,1.0,1.0,1.0,1.0,1.0,6,3,4,3,3,5,6,6,3,2,55.0,50.0,52.0,60.0,65.0,58.0,70.0,60.0,40.0,35.0,2.0,2.0,1.0,1.0,2.0,2.0,2.0,1.0,2.0,2.0,1.0,1.0,2.0,2.0,2.0,1.0,2.0,1.0,1.0,2.0,2.0,1.0,1.0,1.0,2.0,1.0,2.0,1.0,2.0,2.0,1.0,2.0,2.0,1.0,2.0,2.0,1.0,1.0,1.0,2.0
728,3,3,3,3,4,3,4,3,2,2,,30.0,,2.0,,,,3.0,4.0,3.0,,5.0,1.0,30.0,,,2.0,,,,,,,3.0,4.0,4.0,20.0,,1.0,,,6.0,,,1.0,4.0,,,,,,,,,,,,1.0,1.0,1.0,1.0,1.0,1.0,6,3,4,4,3,5,6,6,3,2,50.0,45.0,45.0,55.0,60.0,50.0,65.0,50.0,40.0,40.0,2.0,2.0,1.0,2.0,2.0,2.0,2.0,2.0,1.0,1.0,1.0,2.0,2.0,2.0,2.0,2.0,1.0,2.0,1.0,1.0,1.0,1.0,1.0,2.0,1.0,2.0,1.0,1.0,1.0,2.0,1.0,1.0,1.0,2.0,1.0,2.0,2.0,1.0,1.0,1.0
946,4,4,4,4,4,4,5,4,2,2,,30.0,,2.0,3.0,4.0,5.0,,,,,6.0,1.0,54.0,,,2.0,,,,,,,3.0,4.0,5.0,16.0,,1.0,,5.0,,,1.0,,,5.0,1.0,1.0,1.0,1.0,1.0,1.0,1.0,1.0,1.0,1.0,,,,,,,6,3,4,4,3,5,6,6,3,2,55.0,50.0,52.0,60.0,65.0,58.0,70.0,54.0,40.0,42.0,2.0,2.0,2.0,1.0,2.0,2.0,2.0,2.0,1.0,2.0,2.0,1.0,1.0,1.0,1.0,2.0,1.0,2.0,2.0,2.0,2.0,1.0,2.0,2.0,2.0,1.0,2.0,1.0,1.0,2.0,1.0,1.0,1.0,1.0,2.0,1.0,2.0,1.0,1.0,2.0
835,5,5,5,5,5,5,5,5,1,2,70.0,,4.0,,3.0,4.0,5.0,,,,6.0,,,,2.0,,2.0,,,,3.0,5.0,6.0,,,,20.0,,,2.0,4.0,,,1.0,,,5.0,,,,,,,,,,,1.0,1.0,1.0,1.0,1.0,1.0,6,3,4,3,3,5,6,5,4,2,60.0,55.0,55.0,60.0,65.0,60.0,70.0,60.0,40.0,45.0,2.0,1.0,2.0,2.0,1.0,1.0,2.0,2.0,2.0,1.0,1.0,2.0,2.0,1.0,1.0,1.0,2.0,1.0,1.0,1.0,1.0,2.0,1.0,1.0,2.0,2.0,1.0,1.0,2.0,2.0,2.0,2.0,2.0,1.0,2.0,1.0,2.0,2.0,1.0,1.0
1660,5,5,5,5,5,5,5,5,1,1,70.0,,4.0,,2.0,3.0,6.0,,,,,5.0,1.0,54.0,,,2.0,,,,,,,3.0,5.0,6.0,,20.0,1.0,,,,1.0,1.0,,,5.0,1.0,1.0,1.0,1.0,1.0,1.0,1.0,1.0,1.0,1.0,,,,,,,6,3,4,3,3,5,6,5,4,2,60.0,55.0,50.0,65.0,70.0,60.0,75.0,55.0,40.0,35.0,2.0,2.0,2.0,2.0,2.0,2.0,2.0,2.0,2.0,2.0,2.0,2.0,2.0,2.0,2.0,2.0,2.0,2.0,2.0,2.0,2.0,2.0,2.0,2.0,2.0,1.0,2.0,1.0,2.0,2.0,2.0,1.0,2.0,2.0,2.0,2.0,2.0,2.0,1.0,2.0
1713,2,2,2,2,2,2,2,2,4,2,70.0,,,2.0,2.0,3.0,5.0,,,,,5.0,1.0,54.0,,,2.0,1.0,2.0,3.0,,,,,,,20.0,,2.0,,,9.0,,1.0,,3.0,,,,,,,,,,,,1.0,1.0,1.0,1.0,1.0,1.0,6,3,4,3,3,5,6,5,3,2,40.0,35.0,35.0,40.0,45.0,35.0,45.0,40.0,50.0,40.0,2.0,2.0,2.0,2.0,2.0,2.0,1.0,2.0,2.0,2.0,1.0,2.0,2.0,2.0,1.0,1.0,1.0,1.0,1.0,2.0,2.0,1.0,1.0,2.0,2.0,1.0,2.0,1.0,2.0,1.0,1.0,1.0,1.0,2.0,1.0,2.0,1.0,2.0,2.0,2.0
1486,4,4,4,5,5,5,5,5,1,2,70.0,,,2.0,3.0,4.0,6.0,,,,6.0,,,,2.0,1.0,,,,,4.0,5.0,6.0,,,,18.0,,1.0,,4.0,,,,1.0,,5.0,,,,,,,,,,,1.0,1.0,1.0,1.0,1.0,1.0,6,3,4,4,3,5,6,6,4,2,60.0,55.0,58.0,65.0,70.0,68.0,75.0,60.0,40.0,45.0,2.0,1.0,1.0,1.0,1.0,1.0,1.0,2.0,1.0,1.0,2.0,1.0,2.0,2.0,2.0,2.0,1.0,2.0,1.0,1.0,1.0,1.0,1.0,2.0,2.0,1.0,2.0,2.0,2.0,2.0,2.0,2.0,1.0,2.0,1.0,2.0,2.0,1.0,1.0,1.0
260,2,2,2,1,2,2,4,2,4,4,70.0,,,2.0,3.0,4.0,5.0,,,,6.0,,1.0,54.0,,1.0,,2.0,4.0,5.0,,,,,,,20.0,,1.0,,,7.0,,,1.0,4.0,,1.0,1.0,1.0,1.0,1.0,1.0,1.0,1.0,1.0,1.0,,,,,,,6,3,4,3,3,5,6,5,3,2,40.0,35.0,35.0,30.0,35.0,35.0,50.0,35.0,50.0,50.0,1.0,1.0,1.0,1.0,1.0,1.0,1.0,1.0,1.0,1.0,1.0,1.0,1.0,1.0,1.0,1.0,1.0,1.0,1.0,1.0,1.0,1.0,1.0,1.0,1.0,1.0,2.0,1.0,1.0,1.0,1.0,1.0,1.0,1.0,1.0,1.0,1.0,1.0,1.0,1.0
313,5,5,5,5,5,5,5,5,1,2,70.0,,,5.0,3.0,4.0,6.0,,,,,6.0,1.0,54.0,,,2.0,,,,4.0,5.0,6.0,,,,20.0,,1.0,,,9.0,,1.0,,5.0,,,,,,,,,,,,1.0,1.0,1.0,1.0,1.0,1.0,6,3,4,3,3,5,6,6,4,2,60.0,55.0,58.0,65.0,68.0,62.0,70.0,60.0,40.0,45.0,2.0,2.0,1.0,2.0,2.0,1.0,1.0,1.0,1.0,1.0,1.0,2.0,1.0,2.0,1.0,1.0,1.0,1.0,2.0,1.0,1.0,1.0,1.0,1.0,1.0,2.0,1.0,1.0,1.0,2.0,1.0,1.0,1.0,1.0,1.0,2.0,1.0,1.0,1.0,1.0
62,4,4,4,3,4,3,4,3,2,2,70.0,,4.0,,3.0,4.0,5.0,,,,6.0,,,,2.0,,2.0,,,,3.0,4.0,5.0,,,,,16.0,,2.0,,6.0,,1.0,,,4.0,,,,,,,,,,,1.0,1.0,1.0,1.0,1.0,1.0,6,3,4,3,3,5,6,5,3,2,55.0,50.0,52.0,60.0,62.0,54.0,65.0,48.0,40.0,38.0,1.0,2.0,2.0,2.0,2.0,1.0,2.0,2.0,1.0,1.0,2.0,1.0,2.0,1.0,2.0,1.0,2.0,1.0,2.0,2.0,1.0,1.0,2.0,1.0,2.0,2.0,1.0,2.0,2.0,2.0,1.0,2.0,2.0,1.0,1.0,1.0,2.0,2.0,1.0,1.0
987,4,4,4,5,5,4,5,4,2,2,70.0,,,2.0,3.0,4.0,5.0,,,,,,1.0,54.0,,,2.0,,,,,,,4.0,4.0,4.0,18.0,,1.0,,,,3.0,1.0,,,4.0,1.0,1.0,1.0,1.0,1.0,1.0,1.0,1.0,1.0,1.0,,,,,,,6,3,4,4,2,5,6,5,3,2,55.0,50.0,52.0,60.0,65.0,55.0,70.0,50.0,40.0,38.0,2.0,2.0,1.0,1.0,1.0,1.0,1.0,2.0,2.0,1.0,1.0,1.0,2.0,1.0,1.0,2.0,1.0,1.0,1.0,1.0,1.0,1.0,2.0,2.0,2.0,2.0,1.0,1.0,1.0,1.0,2.0,2.0,1.0,2.0,1.0,1.0,1.0,2.0,2.0,2.0
2013,5,5,5,5,5,5,5,5,1,2,,30.0,,2.0,,,,3.0,4.0,2.0,6.0,,,,2.0,1.0,,2.0,4.0,5.0,,,,,,,18.0,,1.0,,4.0,,,,1.0,,5.0,,,,,,,,,,,1.0,1.0,1.0,1.0,1.0,1.0,6,3,4,3,3,5,6,6,3,2,60.0,55.0,58.0,65.0,70.0,62.0,75.0,60.0,40.0,45.0,1.0,2.0,1.0,2.0,2.0,1.0,2.0,2.0,1.0,1.0,2.0,2.0,2.0,1.0,2.0,1.0,1.0,1.0,2.0,2.0,2.0,1.0,2.0,1.0,1.0,1.0,1.0,2.0,2.0,2.0,1.0,2.0,1.0,2.0,1.0,2.0,1.0,2.0,2.0,2.0
1251,4,4,4,5,5,5,5,4,2,2,70.0,,3.0,,,,,3.0,5.0,2.0,6.0,,,,2.0,,2.0,,,,,,,4.0,4.0,5.0,16.0,,,2.0,4.0,,,,1.0,4.0,,1.0,1.0,1.0,1.0,1.0,1.0,1.0,1.0,1.0,1.0,,,,,,,6,3,4,3,3,5,6,5,3,2,62.0,55.0,60.0,68.0,70.0,65.0,72.0,60.0,40.0,38.0,2.0,1.0,2.0,2.0,2.0,2.0,2.0,2.0,2.0,2.0,2.0,1.0,1.0,2.0,1.0,2.0,2.0,2.0,1.0,1.0,1.0,1.0,1.0,2.0,1.0,2.0,2.0,1.0,1.0,2.0,1.0,2.0,1.0,1.0,1.0,1.0,2.0,1.0,1.0,1.0
1322,5,5,5,5,5,5,5,5,1,2,,30.0,4.0,,,,,3.0,5.0,2.0,6.0,,,,2.0,1.0,,3.0,4.0,5.0,,,,,,,20.0,,1.0,,,6.0,,,1.0,5.0,,1.0,1.0,1.0,1.0,1.0,1.0,1.0,1.0,1.0,1.0,,,,,,,6,3,4,4,2,5,6,6,4,2,60.0,55.0,55.0,65.0,70.0,60.0,75.0,60.0,40.0,35.0,1.0,1.0,2.0,1.0,2.0,1.0,1.0,1.0,1.0,2.0,1.0,2.0,1.0,2.0,1.0,1.0,1.0,1.0,1.0,2.0,2.0,1.0,2.0,2.0,1.0,2.0,1.0,1.0,2.0,2.0,2.0,2.0,1.0,2.0,1.0,2.0,1.0,2.0,2.0,2.0
651,4,4,4,4,4,4,4,4,2,2,70.0,,3.0,,,,,3.0,5.0,2.0,6.0,,1.0,54.0,,1.0,,2.0,4.0,5.0,,,,,,,15.0,,1.0,,,6.0,,,1.0,5.0,,,,,,,,,,,,1.0,1.0,1.0,1.0,1.0,1.0,6,3,4,4,3,5,6,6,3,2,60.0,55.0,58.0,65.0,68.0,62.0,70.0,60.0,40.0,45.0,2.0,2.0,1.0,1.0,1.0,1.0,1.0,1.0,2.0,2.0,2.0,2.0,2.0,1.0,2.0,1.0,2.0,2.0,1.0,1.0,1.0,2.0,2.0,2.0,1.0,1.0,1.0,1.0,1.0,2.0,1.0,2.0,1.0,1.0,1.0,2.0,1.0,1.0,2.0,1.0
722,4,4,4,4,4,4,5,4,2,2,,30.0,,2.0,3.0,4.0,5.0,,,,6.0,,1.0,54.0,,1.0,,2.0,4.0,5.0,,,,,,,20.0,,,2.0,,6.0,,1.0,,4.0,,,,,,,,,,,,1.0,1.0,1.0,1.0,1.0,1.0,6,3,4,4,3,5,6,6,3,2,55.0,50.0,52.0,60.0,65.0,58.0,70.0,60.0,40.0,38.0,2.0,2.0,2.0,2.0,2.0,1.0,2.0,1.0,1.0,1.0,1.0,2.0,1.0,2.0,2.0,2.0,1.0,2.0,2.0,1.0,2.0,2.0,2.0,1.0,2.0,1.0,2.0,2.0,2.0,1.0,2.0,2.0,1.0,1.0,2.0,2.0,1.0,2.0,1.0,2.0
68,5,5,5,5,5,5,5,5,1,2,,30.0,,1.0,3.0,4.0,6.0,,,,6.0,,1.0,54.0,,,2.0,,,,4.0,5.0,6.0,,,,,15.0,,2.0,,,3.0,1.0,,5.0,,,,,,,,,,,,1.0,1.0,1.0,1.0,1.0,1.0,6,3,4,4,3,5,6,6,4,2,60.0,55.0,60.0,65.0,70.0,60.0,70.0,65.0,40.0,45.0,2.0,2.0,1.0,2.0,2.0,2.0,1.0,2.0,2.0,1.0,2.0,1.0,2.0,1.0,1.0,1.0,2.0,2.0,2.0,1.0,1.0,2.0,2.0,1.0,1.0,1.0,2.0,2.0,2.0,1.0,2.0,1.0,1.0,1.0,2.0,1.0,2.0,1.0,2.0,2.0
2019,5,5,5,5,5,5,5,5,1,1,70.0,,,1.0,3.0,4.0,5.0,,,,6.0,,,,2.0,1.0,,,,,2.0,5.0,6.0,,,,,15.0,1.0,,,,2.0,,1.0,5.0,,,,,,,,,,,,1.0,1.0,1.0,1.0,1.0,1.0,6,3,4,3,3,5,6,5,4,2,60.0,55.0,50.0,65.0,60.0,60.0,70.0,55.0,40.0,35.0,2.0,2.0,1.0,2.0,1.0,1.0,1.0,1.0,2.0,1.0,2.0,1.0,1.0,2.0,2.0,2.0,1.0,1.0,2.0,1.0,2.0,2.0,1.0,2.0,2.0,2.0,2.0,1.0,1.0,1.0,2.0,2.0,2.0,2.0,1.0,1.0,1.0,2.0,2.0,1.0
1977,2,3,3,3,4,3,4,3,3,3,70.0,,,2.0,3.0,4.0,5.0,,,,,,1.0,54.0,,,2.0,,,,3.0,4.0,4.0,,,,16.0,,,2.0,,6.0,,,1.0,,4.0,,,,,,,,,,,1.0,1.0,1.0,1.0,1.0,1.0,6,3,4,4,3,5,6,6,3,2,45.0,40.0,40.0,50.0,55.0,55.0,60.0,50.0,40.0,40.0,1.0,2.0,1.0,2.0,2.0,2.0,2.0,2.0,1.0,1.0,1.0,1.0,2.0,2.0,1.0,1.0,2.0,2.0,2.0,2.0,2.0,2.0,2.0,1.0,2.0,2.0,1.0,2.0,1.0,1.0,2.0,2.0,2.0,2.0,2.0,2.0,2.0,2.0,2.0,1.0
1804,2,3,2,2,2,2,4,2,4,2,70.0,,2.0,,3.0,4.0,5.0,,,,,5.0,1.0,54.0,,,2.0,,,,,,,2.0,4.0,5.0,20.0,,1.0,,,6.0,,1.0,,,4.0,1.0,1.0,1.0,1.0,1.0,1.0,1.0,1.0,1.0,1.0,,,,,,,6,3,4,3,3,5,6,5,3,2,45.0,40.0,40.0,35.0,40.0,35.0,50.0,40.0,45.0,40.0,2.0,1.0,1.0,1.0,2.0,2.0,2.0,1.0,1.0,1.0,1.0,2.0,1.0,1.0,2.0,1.0,1.0,1.0,1.0,1.0,2.0,1.0,2.0,2.0,1.0,1.0,2.0,1.0,1.0,1.0,2.0,2.0,2.0,2.0,1.0,1.0,2.0,1.0,2.0,1.0
1719,2,3,2,2,3,2,4,2,4,2,,30.0,,2.0,,,,3.0,5.0,4.0,6.0,,,,2.0,1.0,,2.0,4.0,4.0,,,,,,,20.0,,,2.0,3.0,,,1.0,,,4.0,1.0,1.0,1.0,1.0,1.0,1.0,1.0,1.0,1.0,1.0,,,,,,,6,3,4,4,3,5,6,6,3,2,40.0,35.0,38.0,45.0,50.0,35.0,60.0,40.0,55.0,38.0,2.0,1.0,1.0,1.0,1.0,2.0,2.0,1.0,1.0,1.0,2.0,2.0,2.0,2.0,1.0,1.0,2.0,1.0,1.0,2.0,1.0,2.0,2.0,2.0,2.0,2.0,2.0,1.0,1.0,2.0,2.0,1.0,1.0,2.0,1.0,1.0,1.0,2.0,1.0,2.0
1290,5,4,5,5,5,5,5,5,1,2,,30.0,,1.0,,,,3.0,5.0,2.0,,6.0,1.0,54.0,,1.0,,,,,4.0,5.0,6.0,,,,,18.0,,2.0,,,3.0,,1.0,,5.0,1.0,1.0,1.0,1.0,1.0,1.0,1.0,1.0,1.0,1.0,,,,,,,6,3,4,3,3,5,6,5,4,2,60.0,55.0,60.0,65.0,70.0,65.0,75.0,60.0,40.0,35.0,1.0,1.0,2.0,2.0,2.0,2.0,2.0,1.0,2.0,2.0,2.0,1.0,1.0,2.0,2.0,1.0,1.0,1.0,2.0,1.0,2.0,2.0,1.0,2.0,1.0,2.0,2.0,1.0,1.0,1.0,2.0,1.0,2.0,1.0,1.0,1.0,2.0,2.0,1.0,1.0
1076,5,5,5,5,5,5,5,5,1,2,,30.0,,1.0,3.0,4.0,6.0,,,,6.0,,,,2.0,,2.0,,,,,,,3.0,4.0,4.0,20.0,,,2.0,4.0,,,,1.0,,5.0,1.0,1.0,1.0,1.0,1.0,1.0,1.0,1.0,1.0,1.0,,,,,,,6,3,4,3,3,5,6,5,3,2,55.0,50.0,50.0,60.0,65.0,60.0,70.0,60.0,40.0,35.0,2.0,2.0,2.0,2.0,1.0,2.0,2.0,2.0,2.0,2.0,2.0,2.0,2.0,1.0,1.0,2.0,2.0,1.0,1.0,2.0,2.0,2.0,2.0,2.0,2.0,2.0,2.0,2.0,2.0,2.0,2.0,2.0,2.0,2.0,2.0,2.0,2.0,2.0,2.0,2.0
1105,4,4,4,5,5,5,5,5,1,2,,30.0,,2.0,,,,3.0,4.0,2.0,6.0,,1.0,40.0,,,2.0,2.0,4.0,5.0,,,,,,,,15.0,,2.0,,6.0,,,1.0,5.0,,1.0,1.0,1.0,1.0,1.0,1.0,1.0,1.0,1.0,1.0,,,,,,,6,3,4,3,3,5,6,5,3,2,55.0,50.0,52.0,60.0,62.0,58.0,65.0,54.0,40.0,45.0,2.0,2.0,1.0,2.0,1.0,2.0,1.0,2.0,1.0,2.0,1.0,2.0,2.0,1.0,1.0,1.0,2.0,1.0,2.0,2.0,2.0,2.0,1.0,1.0,2.0,2.0,2.0,2.0,1.0,1.0,2.0,2.0,2.0,1.0,2.0,2.0,2.0,2.0,1.0,1.0
319,3,3,3,3,3,3,3,3,3,3,70.0,,3.0,,3.0,4.0,5.0,,,,,5.0,,,2.0,1.0,,3.0,3.0,4.0,,,,,,,,20.0,,2.0,,6.0,,,1.0,3.0,,,,,,,,,,,,1.0,1.0,1.0,1.0,1.0,1.0,5,3,3,3,3,5,5,5,3,2,50.0,45.0,45.0,50.0,50.0,50.0,55.0,45.0,50.0,45.0,1.0,1.0,1.0,2.0,1.0,1.0,2.0,2.0,2.0,2.0,2.0,1.0,1.0,1.0,1.0,2.0,2.0,1.0,2.0,2.0,2.0,2.0,2.0,2.0,2.0,1.0,2.0,1.0,1.0,1.0,2.0,2.0,2.0,1.0,1.0,2.0,2.0,1.0,1.0,2.0
690,5,5,5,5,5,5,5,5,1,1,,30.0,,1.0,,,,3.0,5.0,2.0,,6.0,1.0,54.0,,,2.0,,,,,,,4.0,5.0,6.0,5.0,,1.0,,4.0,,,1.0,,5.0,,,,,,,,,,,,1.0,1.0,1.0,1.0,1.0,1.0,6,3,4,3,3,5,6,5,4,2,60.0,55.0,60.0,65.0,70.0,60.0,75.0,65.0,40.0,35.0,2.0,2.0,1.0,2.0,2.0,2.0,2.0,2.0,2.0,2.0,1.0,2.0,2.0,2.0,2.0,2.0,2.0,1.0,2.0,1.0,2.0,2.0,2.0,1.0,1.0,1.0,1.0,1.0,2.0,1.0,1.0,1.0,1.0,2.0,2.0,1.0,1.0,1.0,1.0,1.0
476,3,3,3,3,4,3,4,3,2,2,70.0,,3.0,,,,,3.0,5.0,3.0,6.0,,,,2.0,,2.0,,,,3.0,4.0,4.0,,,,0.0,,2.0,,3.0,,,1.0,,4.0,,,,,,,,,,,,1.0,1.0,1.0,1.0,1.0,1.0,6,3,4,3,3,5,6,6,3,2,45.0,40.0,40.0,50.0,55.0,50.0,60.0,45.0,35.0,35.0,2.0,2.0,2.0,1.0,1.0,2.0,1.0,2.0,2.0,2.0,2.0,1.0,1.0,2.0,1.0,2.0,2.0,2.0,1.0,2.0,1.0,2.0,1.0,1.0,2.0,1.0,2.0,1.0,1.0,2.0,1.0,1.0,2.0,2.0,1.0,2.0,1.0,2.0,1.0,1.0
505,4,4,4,3,4,3,4,3,2,2,,30.0,,2.0,3.0,4.0,5.0,,,,6.0,,1.0,45.0,,1.0,,2.0,4.0,4.0,,,,,,,,12.0,,2.0,,,3.0,1.0,,4.0,,,,,,,,,,,,1.0,1.0,1.0,1.0,1.0,1.0,6,3,4,4,3,5,6,5,3,2,55.0,50.0,52.0,60.0,62.0,55.0,70.0,50.0,45.0,40.0,1.0,1.0,1.0,2.0,1.0,2.0,1.0,1.0,1.0,2.0,1.0,1.0,1.0,1.0,2.0,1.0,2.0,1.0,2.0,1.0,1.0,1.0,1.0,2.0,1.0,1.0,2.0,1.0,2.0,1.0,2.0,2.0,1.0,1.0,2.0,1.0,2.0,2.0,1.0,2.0
1902,4,4,4,4,4,4,4,4,2,2,,30.0,3.0,,3.0,4.0,5.0,,,,5.0,,,,2.0,,2.0,2.0,4.0,5.0,,,,,,,20.0,,1.0,,,6.0,,,1.0,,4.0,,,,,,,,,,,1.0,1.0,1.0,1.0,1.0,1.0,6,3,4,4,3,5,6,6,3,2,55.0,50.0,52.0,60.0,62.0,58.0,65.0,54.0,40.0,42.0,2.0,2.0,1.0,2.0,1.0,2.0,2.0,2.0,1.0,2.0,2.0,1.0,1.0,1.0,1.0,2.0,2.0,2.0,2.0,1.0,1.0,2.0,2.0,1.0,1.0,1.0,2.0,2.0,2.0,1.0,1.0,2.0,2.0,1.0,2.0,1.0,1.0,1.0,2.0,1.0
1871,4,4,4,5,5,5,5,4,2,2,,30.0,,2.0,,,,3.0,4.0,2.0,6.0,,1.0,45.0,,1.0,,,,,,,,4.0,4.0,5.0,18.0,,,2.0,,,3.0,,1.0,,5.0,1.0,1.0,1.0,1.0,1.0,1.0,1.0,1.0,1.0,1.0,,,,,,,6,3,5,4,3,5,6,5,3,2,55.0,50.0,52.0,60.0,65.0,62.0,70.0,58.0,40.0,42.0,1.0,2.0,2.0,2.0,2.0,1.0,2.0,1.0,1.0,2.0,2.0,1.0,1.0,1.0,2.0,2.0,1.0,1.0,1.0,1.0,2.0,2.0,2.0,1.0,2.0,2.0,2.0,1.0,1.0,2.0,2.0,1.0,2.0,2.0,1.0,1.0,1.0,1.0,2.0,2.0
1003,2,2,2,2,2,2,4,2,4,4,,30.0,,2.0,3.0,4.0,6.0,,,,5.0,,1.0,40.0,,,2.0,,,,3.0,4.0,4.0,,,,15.0,,,2.0,,,2.0,1.0,,3.0,,,,,,,,,,,,1.0,1.0,1.0,1.0,1.0,1.0,6,3,4,4,3,5,6,6,3,2,40.0,35.0,35.0,40.0,45.0,40.0,60.0,40.0,50.0,50.0,2.0,2.0,2.0,2.0,2.0,1.0,1.0,1.0,1.0,1.0,2.0,2.0,2.0,2.0,1.0,2.0,2.0,2.0,2.0,1.0,2.0,2.0,2.0,2.0,2.0,1.0,2.0,2.0,2.0,1.0,2.0,2.0,1.0,2.0,2.0,2.0,1.0,2.0,2.0,1.0
1170,4,4,4,4,4,4,5,4,2,2,,30.0,4.0,,3.0,4.0,5.0,,,,,6.0,,,2.0,1.0,,3.0,4.0,5.0,,,,,,,18.0,,1.0,,,6.0,,1.0,,4.0,,1.0,1.0,1.0,1.0,1.0,1.0,1.0,1.0,1.0,1.0,,,,,,,6,3,4,4,3,5,6,6,3,2,55.0,50.0,52.0,60.0,62.0,58.0,65.0,54.0,40.0,42.0,2.0,1.0,1.0,1.0,1.0,2.0,1.0,2.0,1.0,1.0,1.0,2.0,2.0,1.0,2.0,2.0,2.0,1.0,1.0,1.0,1.0,1.0,2.0,2.0,2.0,2.0,2.0,1.0,2.0,1.0,2.0,2.0,1.0,2.0,1.0,2.0,1.0,1.0,1.0,2.0
1396,2,2,2,2,2,2,2,2,4,4,70.0,,,2.0,2.0,3.0,6.0,,,,,,1.0,40.0,,,2.0,,,,3.0,3.0,4.0,,,,20.0,,,2.0,3.0,,,1.0,,3.0,,,,,,,,,,,,1.0,1.0,1.0,1.0,1.0,1.0,6,3,4,4,3,5,5,5,3,2,50.0,45.0,45.0,55.0,60.0,55.0,65.0,50.0,40.0,45.0,2.0,2.0,2.0,2.0,1.0,1.0,2.0,2.0,2.0,2.0,1.0,1.0,2.0,2.0,2.0,2.0,2.0,1.0,2.0,2.0,2.0,2.0,2.0,2.0,1.0,2.0,2.0,2.0,2.0,2.0,2.0,2.0,2.0,2.0,1.0,2.0,2.0,2.0,2.0,1.0
403,5,5,5,5,5,5,5,5,1,2,,30.0,,2.0,3.0,4.0,6.0,,,,6.0,,1.0,54.0,,1.0,,2.0,5.0,6.0,,,,,,,18.0,,1.0,,,,3.0,1.0,,,5.0,,,,,,,,,,,1.0,1.0,1.0,1.0,1.0,1.0,6,3,4,4,3,5,6,6,4,2,55.0,50.0,52.0,60.0,65.0,58.0,70.0,60.0,35.0,40.0,1.0,2.0,1.0,1.0,1.0,1.0,2.0,2.0,2.0,1.0,1.0,1.0,2.0,1.0,2.0,2.0,1.0,2.0,2.0,1.0,2.0,2.0,2.0,2.0,1.0,2.0,1.0,1.0,2.0,2.0,1.0,1.0,1.0,2.0,1.0,1.0,1.0,2.0,2.0,1.0
570,5,5,5,5,5,5,5,5,1,1,,30.0,4.0,,,,,3.0,5.0,2.0,,6.0,1.0,54.0,,,2.0,,,,3.0,5.0,6.0,,,,,20.0,1.0,,4.0,,,,1.0,5.0,,1.0,1.0,1.0,1.0,1.0,1.0,1.0,1.0,1.0,1.0,,,,,,,6,3,3,2,2,5,6,6,4,2,60.0,55.0,55.0,60.0,65.0,60.0,70.0,55.0,35.0,30.0,2.0,2.0,1.0,2.0,1.0,1.0,2.0,2.0,2.0,2.0,2.0,2.0,2.0,1.0,2.0,2.0,1.0,2.0,2.0,1.0,2.0,2.0,2.0,1.0,2.0,2.0,2.0,2.0,1.0,2.0,2.0,1.0,2.0,2.0,2.0,2.0,1.0,2.0,2.0,2.0
796,5,5,5,5,5,5,5,5,1,1,70.0,,,1.0,3.0,4.0,6.0,,,,6.0,,1.0,54.0,,,2.0,1.0,4.0,4.0,,,,,,,20.0,,,2.0,4.0,,,,1.0,,5.0,1.0,1.0,1.0,1.0,1.0,1.0,1.0,1.0,1.0,1.0,,,,,,,6,3,4,3,3,5,6,5,3,2,55.0,50.0,50.0,60.0,65.0,60.0,70.0,55.0,40.0,35.0,1.0,2.0,1.0,2.0,1.0,1.0,2.0,1.0,1.0,1.0,2.0,1.0,1.0,1.0,1.0,1.0,2.0,2.0,1.0,1.0,2.0,2.0,1.0,2.0,1.0,1.0,1.0,2.0,1.0,2.0,2.0,2.0,1.0,1.0,1.0,2.0,1.0,2.0,2.0,1.0
939,4,4,4,4,4,4,5,4,2,2,70.0,,3.0,,,,,3.0,5.0,2.0,,6.0,,,2.0,1.0,,,,,,,,3.0,4.0,5.0,,15.0,1.0,,4.0,,,,1.0,4.0,,,,,,,,,,,,1.0,1.0,1.0,1.0,1.0,1.0,6,3,4,4,3,5,6,6,3,2,55.0,50.0,52.0,60.0,62.0,58.0,65.0,54.0,40.0,42.0,2.0,1.0,1.0,1.0,2.0,2.0,1.0,2.0,1.0,2.0,2.0,2.0,1.0,2.0,1.0,2.0,1.0,1.0,2.0,2.0,1.0,1.0,1.0,1.0,1.0,1.0,2.0,1.0,1.0,1.0,2.0,1.0,2.0,2.0,1.0,2.0,2.0,1.0,2.0,2.0
1224,2,2,2,2,2,2,4,2,4,2,70.0,,2.0,,,,,3.0,5.0,2.0,6.0,,,,2.0,1.0,,1.0,2.0,4.0,,,,,,,,0.0,,2.0,4.0,,,1.0,,,3.0,,,,,,,,,,,1.0,1.0,1.0,1.0,1.0,1.0,6,3,4,4,2,5,6,6,3,2,45.0,40.0,40.0,50.0,55.0,55.0,60.0,50.0,40.0,35.0,1.0,2.0,1.0,2.0,1.0,2.0,2.0,1.0,2.0,1.0,2.0,2.0,2.0,2.0,1.0,1.0,2.0,1.0,2.0,1.0,1.0,1.0,2.0,2.0,2.0,2.0,2.0,1.0,1.0,2.0,1.0,1.0,1.0,2.0,2.0,1.0,2.0,2.0,1.0,1.0
1357,5,5,5,5,5,5,5,5,1,2,70.0,,5.0,,,,,3.0,4.0,2.0,6.0,,1.0,54.0,,1.0,,2.0,4.0,5.0,,,,,,,18.0,,1.0,,,,2.0,1.0,,,5.0,,,,,,,,,,,1.0,1.0,1.0,1.0,1.0,1.0,6,3,5,4,3,5,6,6,4,2,60.0,55.0,58.0,65.0,68.0,62.0,70.0,60.0,40.0,45.0,1.0,2.0,2.0,1.0,2.0,2.0,1.0,2.0,2.0,2.0,2.0,2.0,2.0,1.0,1.0,2.0,2.0,1.0,2.0,2.0,1.0,2.0,2.0,1.0,2.0,2.0,1.0,1.0,1.0,1.0,2.0,2.0,1.0,2.0,1.0,2.0,2.0,2.0,2.0,1.0
1438,5,5,5,5,5,5,5,5,1,2,,30.0,,1.0,3.0,4.0,6.0,,,,,,1.0,54.0,,,2.0,3.0,4.0,5.0,,,,,,,,18.0,1.0,,,,2.0,,1.0,,5.0,,,,,,,,,,,1.0,1.0,1.0,1.0,1.0,1.0,6,3,4,3,3,5,6,6,3,2,60.0,55.0,58.0,65.0,68.0,62.0,70.0,60.0,40.0,45.0,1.0,2.0,2.0,2.0,1.0,1.0,2.0,2.0,1.0,1.0,2.0,1.0,2.0,2.0,2.0,2.0,2.0,1.0,2.0,1.0,2.0,2.0,2.0,2.0,2.0,2.0,1.0,2.0,2.0,1.0,1.0,1.0,2.0,2.0,1.0,1.0,1.0,2.0,2.0,2.0
624,5,5,5,5,5,5,5,5,1,1,,30.0,,1.0,2.0,3.0,6.0,,,,,6.0,,,2.0,1.0,,,,,4.0,5.0,6.0,,,,,20.0,1.0,,,,1.0,1.0,,5.0,,,,,,,,,,,,1.0,1.0,1.0,1.0,1.0,1.0,6,3,4,3,3,5,6,6,4,2,60.0,55.0,50.0,65.0,60.0,60.0,70.0,55.0,40.0,35.0,2.0,2.0,2.0,2.0,2.0,1.0,2.0,2.0,2.0,2.0,2.0,2.0,2.0,2.0,1.0,2.0,2.0,1.0,2.0,2.0,2.0,1.0,2.0,2.0,2.0,2.0,2.0,2.0,2.0,2.0,2.0,2.0,2.0,2.0,2.0,2.0,2.0,2.0,2.0,2.0
757,5,5,5,5,5,5,5,5,1,1,,30.0,,1.0,,,,3.0,5.0,2.0,6.0,,1.0,54.0,,,2.0,,,,,,,4.0,5.0,6.0,20.0,,1.0,,,5.0,,,1.0,5.0,,1.0,1.0,1.0,1.0,1.0,1.0,1.0,1.0,1.0,1.0,,,,,,,6,3,4,3,3,5,6,6,4,2,60.0,55.0,50.0,65.0,70.0,60.0,75.0,55.0,35.0,40.0,2.0,2.0,2.0,1.0,1.0,2.0,1.0,1.0,2.0,2.0,2.0,2.0,2.0,1.0,1.0,1.0,1.0,1.0,1.0,2.0,1.0,2.0,1.0,1.0,1.0,2.0,2.0,1.0,1.0,1.0,1.0,1.0,2.0,1.0,1.0,1.0,1.0,1.0,1.0,2.0
1933,4,4,4,4,4,4,4,4,2,2,70.0,,,2.0,,,,4.0,5.0,2.0,5.0,,1.0,40.0,,,2.0,2.0,4.0,4.0,,,,,,,18.0,,1.0,,,,2.0,,1.0,,4.0,1.0,1.0,1.0,1.0,1.0,1.0,1.0,1.0,1.0,1.0,,,,,,,6,3,4,3,3,5,6,5,3,2,55.0,50.0,52.0,60.0,62.0,58.0,65.0,54.0,40.0,42.0,2.0,1.0,1.0,2.0,1.0,2.0,2.0,2.0,1.0,1.0,1.0,1.0,2.0,2.0,1.0,1.0,2.0,1.0,1.0,1.0,2.0,1.0,2.0,1.0,2.0,1.0,2.0,2.0,1.0,2.0,2.0,1.0,1.0,1.0,1.0,2.0,1.0,2.0,1.0,1.0
1840,4,4,4,4,4,4,4,4,2,2,70.0,,3.0,,3.0,4.0,5.0,,,,,5.0,,,2.0,,2.0,2.0,4.0,5.0,,,,,,,18.0,,1.0,,,5.0,,,1.0,4.0,,,,,,,,,,,,1.0,1.0,1.0,1.0,1.0,1.0,6,3,4,4,3,5,6,6,3,2,55.0,50.0,52.0,60.0,62.0,58.0,65.0,54.0,40.0,42.0,1.0,2.0,1.0,1.0,1.0,1.0,1.0,2.0,1.0,2.0,2.0,2.0,2.0,1.0,1.0,1.0,1.0,1.0,1.0,1.0,1.0,1.0,1.0,2.0,1.0,1.0,2.0,2.0,2.0,1.0,2.0,1.0,1.0,1.0,2.0,1.0,1.0,2.0,2.0,1.0
432,4,4,4,3,4,3,4,3,2,2,,30.0,4.0,,3.0,4.0,5.0,,,,,6.0,,,2.0,,2.0,,,,,,,3.0,4.0,5.0,,20.0,,2.0,,,2.0,,1.0,,4.0,,,,,,,,,,,1.0,1.0,1.0,1.0,1.0,1.0,6,3,4,3,3,5,6,5,3,2,55.0,50.0,52.0,60.0,62.0,55.0,70.0,58.0,45.0,40.0,2.0,1.0,2.0,2.0,1.0,2.0,1.0,2.0,2.0,2.0,2.0,2.0,2.0,2.0,2.0,1.0,2.0,2.0,2.0,2.0,1.0,2.0,2.0,1.0,2.0,2.0,2.0,2.0,2.0,2.0,2.0,2.0,2.0,2.0,2.0,2.0,1.0,1.0,2.0,2.0
541,4,4,4,4,4,4,4,4,2,2,,30.0,,2.0,3.0,4.0,5.0,,,,6.0,,,,2.0,,2.0,2.0,4.0,5.0,,,,,,,18.0,,,2.0,,,3.0,1.0,,,4.0,1.0,1.0,1.0,1.0,1.0,1.0,1.0,1.0,1.0,1.0,,,,,,,6,3,4,3,3,5,6,5,3,2,55.0,50.0,52.0,60.0,62.0,58.0,65.0,54.0,40.0,38.0,1.0,2.0,1.0,2.0,1.0,1.0,2.0,1.0,2.0,1.0,1.0,2.0,2.0,1.0,2.0,1.0,2.0,2.0,1.0,1.0,2.0,2.0,1.0,1.0,2.0,1.0,2.0,2.0,1.0,2.0,1.0,2.0,1.0,1.0,2.0,1.0,2.0,2.0,1.0,2.0
1032,4,4,4,4,4,4,4,4,2,2,,30.0,3.0,,3.0,4.0,6.0,,,,6.0,,1.0,40.0,,1.0,,2.0,4.0,4.0,,,,,,,,18.0,,2.0,3.0,,,1.0,,4.0,,,,,,,,,,,,1.0,1.0,1.0,1.0,1.0,1.0,6,3,4,3,2,5,6,6,3,2,55.0,50.0,52.0,60.0,62.0,58.0,65.0,54.0,40.0,38.0,2.0,1.0,2.0,1.0,2.0,2.0,1.0,1.0,2.0,2.0,2.0,2.0,2.0,2.0,2.0,1.0,2.0,2.0,1.0,1.0,2.0,2.0,2.0,2.0,1.0,1.0,2.0,2.0,2.0,2.0,2.0,1.0,1.0,1.0,1.0,1.0,1.0,1.0,1.0,1.0
1141,4,4,4,3,4,3,4,3,2,2,70.0,,,2.0,,,,3.0,4.0,3.0,,5.0,1.0,54.0,,,2.0,,,,4.0,4.0,4.0,,,,,16.0,,2.0,4.0,,,,1.0,,4.0,,,,,,,,,,,1.0,1.0,1.0,1.0,1.0,1.0,6,3,4,3,3,5,6,5,3,2,55.0,50.0,52.0,60.0,62.0,54.0,65.0,48.0,40.0,38.0,1.0,2.0,1.0,2.0,2.0,2.0,2.0,2.0,1.0,2.0,1.0,1.0,1.0,1.0,2.0,2.0,1.0,1.0,1.0,1.0,2.0,2.0,1.0,2.0,2.0,1.0,2.0,2.0,1.0,2.0,1.0,2.0,1.0,1.0,2.0,2.0,2.0,2.0,2.0,1.0
1881,4,4,4,4,4,4,4,4,2,2,,30.0,3.0,,,,,3.0,5.0,4.0,,5.0,,,2.0,1.0,,,,,3.0,4.0,4.0,,,,18.0,,,2.0,4.0,,,,1.0,4.0,,1.0,1.0,1.0,1.0,1.0,1.0,1.0,1.0,1.0,1.0,,,,,,,6,3,4,4,3,5,6,6,3,2,55.0,50.0,52.0,60.0,62.0,58.0,65.0,54.0,40.0,42.0,1.0,2.0,2.0,1.0,1.0,2.0,1.0,2.0,1.0,2.0,2.0,1.0,1.0,1.0,2.0,1.0,2.0,1.0,1.0,2.0,2.0,2.0,2.0,1.0,2.0,1.0,2.0,2.0,1.0,1.0,2.0,1.0,2.0,2.0,1.0,2.0,2.0,2.0,2.0,1.0
908,5,5,5,5,5,5,5,5,1,2,70.0,,4.0,,,,,3.0,5.0,2.0,6.0,,,,2.0,,2.0,,,,3.0,5.0,6.0,,,,,18.0,1.0,,,5.0,,1.0,,,5.0,,,,,,,,,,,1.0,1.0,1.0,1.0,1.0,1.0,6,3,4,3,3,5,6,6,3,2,60.0,55.0,58.0,65.0,70.0,62.0,75.0,60.0,40.0,45.0,2.0,1.0,2.0,1.0,1.0,1.0,2.0,1.0,1.0,1.0,2.0,2.0,2.0,1.0,2.0,1.0,2.0,2.0,2.0,1.0,1.0,2.0,1.0,2.0,1.0,2.0,1.0,1.0,1.0,2.0,1.0,2.0,2.0,2.0,2.0,2.0,2.0,2.0,2.0,1.0
615,5,4,5,5,5,5,5,5,1,2,,30.0,,2.0,3.0,4.0,5.0,,,,,6.0,1.0,54.0,,1.0,,,,,,,,4.0,5.0,6.0,,18.0,1.0,,5.0,,,,1.0,5.0,,1.0,1.0,1.0,1.0,1.0,1.0,1.0,1.0,1.0,1.0,,,,,,,6,3,4,3,3,5,6,5,4,2,55.0,50.0,60.0,65.0,70.0,60.0,75.0,60.0,40.0,35.0,2.0,2.0,2.0,2.0,2.0,1.0,1.0,1.0,2.0,1.0,2.0,2.0,2.0,2.0,2.0,1.0,2.0,1.0,1.0,2.0,1.0,2.0,2.0,2.0,2.0,2.0,2.0,2.0,2.0,2.0,1.0,1.0,1.0,2.0,2.0,1.0,2.0,2.0,2.0,1.0
766,2,2,2,2,2,2,4,2,4,4,70.0,,2.0,,3.0,4.0,5.0,,,,6.0,,1.0,54.0,,1.0,,2.0,4.0,5.0,,,,,,,,0.0,,2.0,5.0,,,1.0,,,4.0,,,,,,,,,,,1.0,1.0,1.0,1.0,1.0,1.0,6,3,4,4,2,5,6,6,3,2,45.0,40.0,40.0,40.0,45.0,40.0,60.0,40.0,55.0,55.0,2.0,2.0,1.0,2.0,1.0,1.0,2.0,1.0,1.0,2.0,2.0,2.0,1.0,2.0,2.0,2.0,1.0,1.0,1.0,2.0,1.0,1.0,1.0,1.0,2.0,2.0,1.0,2.0,1.0,1.0,1.0,1.0,2.0,2.0,2.0,2.0,2.0,2.0,1.0,1.0
580,2,3,2,2,3,2,4,2,4,2,,30.0,,2.0,3.0,4.0,5.0,,,,6.0,,1.0,54.0,,,2.0,2.0,4.0,5.0,,,,,,,,18.0,,2.0,5.0,,,1.0,,4.0,,,,,,,,,,,,1.0,1.0,1.0,1.0,1.0,1.0,6,3,4,4,2,5,6,6,3,2,45.0,40.0,42.0,50.0,55.0,48.0,60.0,40.0,50.0,38.0,,,,,,,,,,,,,,,,,,,,,,,,,,,,,,,,,,,,,,,,
1215,4,4,4,4,4,4,5,4,2,2,70.0,,,2.0,3.0,4.0,5.0,,,,6.0,,1.0,54.0,,1.0,,,,,,,,3.0,4.0,5.0,18.0,,,2.0,,6.0,,,1.0,5.0,,,,,,,,,,,,1.0,1.0,1.0,1.0,1.0,1.0,6,3,4,3,3,5,6,5,3,2,60.0,55.0,58.0,65.0,68.0,62.0,70.0,60.0,40.0,42.0,2.0,1.0,2.0,2.0,2.0,1.0,1.0,2.0,1.0,1.0,1.0,1.0,2.0,1.0,2.0,2.0,1.0,1.0,1.0,2.0,2.0,1.0,1.0,1.0,1.0,1.0,1.0,2.0,1.0,2.0,1.0,2.0,2.0,1.0,2.0,1.0,1.0,2.0,2.0,1.0
1366,2,3,2,2,3,2,4,2,4,3,70.0,,,2.0,,,,3.0,5.0,2.0,5.0,,1.0,54.0,,,2.0,1.0,3.0,4.0,,,,,,,,18.0,1.0,,,,2.0,1.0,,,3.0,,,,,,,,,,,1.0,1.0,1.0,1.0,1.0,1.0,6,3,4,3,3,5,6,5,3,2,45.0,40.0,42.0,50.0,55.0,48.0,60.0,40.0,55.0,45.0,1.0,1.0,2.0,2.0,2.0,2.0,2.0,2.0,2.0,2.0,2.0,2.0,1.0,1.0,1.0,2.0,2.0,1.0,2.0,2.0,2.0,1.0,2.0,1.0,2.0,2.0,2.0,2.0,2.0,2.0,2.0,2.0,2.0,2.0,2.0,2.0,2.0,2.0,1.0,2.0
1409,5,5,5,5,5,5,5,5,1,2,70.0,,,1.0,,,,3.0,4.0,2.0,,6.0,,,2.0,,2.0,,,,,,,4.0,5.0,6.0,18.0,,,2.0,4.0,,,1.0,,5.0,,,,,,,,,,,,1.0,1.0,1.0,1.0,1.0,1.0,6,3,4,3,2,5,6,5,4,2,60.0,55.0,58.0,65.0,68.0,62.0,70.0,60.0,40.0,45.0,2.0,1.0,1.0,2.0,1.0,2.0,2.0,2.0,1.0,1.0,2.0,1.0,2.0,1.0,1.0,2.0,1.0,1.0,1.0,2.0,2.0,1.0,2.0,1.0,2.0,1.0,2.0,2.0,1.0,2.0,2.0,2.0,1.0,2.0,2.0,1.0,1.0,1.0,2.0,1.0
1180,4,4,4,5,5,5,5,4,1,2,70.0,,,2.0,3.0,4.0,5.0,,,,6.0,,1.0,40.0,,1.0,,2.0,4.0,5.0,,,,,,,20.0,,1.0,,,,2.0,,1.0,,5.0,1.0,1.0,1.0,1.0,1.0,1.0,1.0,1.0,1.0,1.0,,,,,,,6,3,4,3,3,5,6,5,3,2,55.0,50.0,52.0,60.0,65.0,62.0,70.0,58.0,40.0,45.0,1.0,2.0,2.0,2.0,1.0,2.0,1.0,1.0,2.0,1.0,1.0,2.0,1.0,2.0,2.0,1.0,2.0,2.0,1.0,2.0,2.0,2.0,1.0,2.0,2.0,2.0,1.0,2.0,1.0,1.0,1.0,1.0,2.0,1.0,1.0,2.0,1.0,2.0,2.0,2.0
1987,3,3,3,3,3,3,4,3,4,3,70.0,,3.0,,,,,3.0,4.0,2.0,5.0,,,,2.0,,2.0,,,,,,,3.0,4.0,5.0,18.0,,,2.0,4.0,,,,1.0,,4.0,1.0,1.0,1.0,1.0,1.0,1.0,1.0,1.0,1.0,1.0,,,,,,,6,3,4,4,3,5,6,5,3,2,45.0,40.0,40.0,45.0,50.0,45.0,60.0,40.0,55.0,40.0,2.0,1.0,1.0,2.0,1.0,2.0,1.0,1.0,2.0,2.0,2.0,2.0,1.0,2.0,2.0,2.0,2.0,1.0,2.0,2.0,2.0,2.0,1.0,1.0,2.0,1.0,1.0,1.0,2.0,1.0,1.0,1.0,2.0,1.0,1.0,1.0,2.0,1.0,1.0,1.0
98,4,4,4,4,4,4,4,4,2,2,,30.0,,2.0,3.0,4.0,5.0,,,,6.0,,,,2.0,1.0,,2.0,4.0,5.0,,,,,,,,18.0,1.0,,,6.0,,,1.0,,4.0,1.0,1.0,1.0,1.0,1.0,1.0,1.0,1.0,1.0,1.0,,,,,,,6,3,4,4,3,5,6,6,3,2,55.0,50.0,52.0,60.0,65.0,60.0,70.0,55.0,40.0,38.0,1.0,1.0,2.0,1.0,1.0,2.0,2.0,1.0,2.0,1.0,2.0,2.0,1.0,1.0,2.0,2.0,2.0,1.0,2.0,2.0,2.0,2.0,2.0,1.0,1.0,2.0,1.0,2.0,2.0,1.0,2.0,1.0,1.0,2.0,1.0,2.0,1.0,2.0,1.0,1.0
486,4,4,4,5,5,5,5,4,2,2,70.0,,4.0,,3.0,4.0,6.0,,,,,6.0,1.0,54.0,,,2.0,2.0,4.0,5.0,,,,,,,,15.0,1.0,,,,2.0,1.0,,,5.0,,,,,,,,,,,1.0,1.0,1.0,1.0,1.0,1.0,6,3,4,3,3,5,6,6,3,2,55.0,50.0,52.0,60.0,65.0,62.0,70.0,58.0,40.0,42.0,1.0,2.0,1.0,1.0,2.0,2.0,2.0,1.0,1.0,1.0,2.0,1.0,1.0,1.0,2.0,1.0,2.0,1.0,2.0,2.0,2.0,1.0,1.0,2.0,1.0,1.0,2.0,2.0,2.0,1.0,2.0,1.0,1.0,1.0,2.0,2.0,2.0,2.0,1.0,2.0
660,5,5,5,5,5,5,5,5,1,2,,30.0,,2.0,3.0,4.0,6.0,,,,6.0,,1.0,40.0,,,2.0,1.0,5.0,6.0,,,,,,,,15.0,,2.0,,7.0,,,1.0,5.0,,,,,,,,,,,,1.0,1.0,1.0,1.0,1.0,1.0,6,3,4,3,3,5,6,6,3,2,60.0,55.0,60.0,65.0,70.0,60.0,70.0,60.0,40.0,45.0,2.0,2.0,2.0,2.0,1.0,2.0,1.0,2.0,2.0,2.0,1.0,1.0,1.0,1.0,2.0,2.0,1.0,2.0,1.0,2.0,2.0,2.0,2.0,1.0,1.0,2.0,1.0,2.0,2.0,1.0,1.0,1.0,1.0,2.0,2.0,2.0,1.0,2.0,2.0,1.0
713,4,4,4,5,5,5,5,4,2,2,70.0,,,2.0,,,,3.0,4.0,2.0,6.0,,1.0,54.0,,,2.0,,,,4.0,5.0,6.0,,,,,18.0,,2.0,5.0,,,1.0,,,5.0,1.0,1.0,1.0,1.0,1.0,1.0,1.0,1.0,1.0,1.0,,,,,,,6,3,4,3,3,5,6,5,4,2,60.0,55.0,58.0,65.0,70.0,68.0,75.0,60.0,40.0,45.0,1.0,2.0,1.0,1.0,2.0,1.0,2.0,1.0,2.0,1.0,1.0,2.0,2.0,1.0,1.0,1.0,1.0,1.0,1.0,1.0,1.0,1.0,2.0,2.0,2.0,2.0,2.0,1.0,2.0,1.0,2.0,2.0,2.0,2.0,1.0,1.0,1.0,2.0,1.0,2.0
1086,4,4,4,5,5,5,5,4,2,2,,30.0,4.0,,3.0,4.0,6.0,,,,6.0,,,,2.0,,2.0,,,,,,,3.0,4.0,5.0,15.0,,1.0,,3.0,,,,1.0,4.0,,1.0,1.0,1.0,1.0,1.0,1.0,1.0,1.0,1.0,1.0,,,,,,,6,3,4,4,3,5,6,6,3,2,55.0,50.0,52.0,60.0,65.0,62.0,70.0,55.0,40.0,42.0,2.0,2.0,2.0,1.0,1.0,1.0,2.0,2.0,2.0,1.0,1.0,2.0,1.0,2.0,2.0,2.0,2.0,2.0,2.0,1.0,1.0,1.0,1.0,1.0,1.0,2.0,2.0,1.0,2.0,1.0,2.0,2.0,1.0,1.0,2.0,1.0,1.0,2.0,2.0,2.0
1260,5,5,5,5,5,5,5,5,1,1,70.0,,,1.0,,,,3.0,5.0,2.0,,6.0,,,2.0,,2.0,,,,,,,2.0,5.0,6.0,,20.0,,2.0,4.0,,,1.0,,,5.0,1.0,1.0,1.0,1.0,1.0,1.0,1.0,1.0,1.0,1.0,,,,,,,6,3,4,3,3,5,6,6,3,2,60.0,55.0,55.0,65.0,70.0,60.0,75.0,60.0,40.0,35.0,2.0,2.0,2.0,1.0,2.0,1.0,2.0,1.0,2.0,2.0,2.0,1.0,1.0,2.0,2.0,2.0,2.0,2.0,2.0,2.0,2.0,2.0,2.0,1.0,1.0,1.0,1.0,1.0,2.0,1.0,2.0,1.0,2.0,2.0,2.0,2.0,2.0,1.0,1.0,1.0
1313,2,3,2,2,3,2,4,2,4,3,,30.0,,2.0,2.0,3.0,5.0,,,,,5.0,,,2.0,,2.0,,,,2.0,4.0,5.0,,,,,5.0,1.0,,,6.0,,,1.0,4.0,,,,,,,,,,,,1.0,1.0,1.0,1.0,1.0,1.0,6,3,4,4,2,5,6,6,3,2,45.0,40.0,40.0,50.0,55.0,45.0,60.0,40.0,50.0,45.0,1.0,1.0,1.0,1.0,2.0,1.0,2.0,1.0,2.0,2.0,1.0,1.0,2.0,1.0,2.0,1.0,1.0,2.0,1.0,2.0,1.0,2.0,2.0,2.0,1.0,1.0,1.0,2.0,1.0,2.0,1.0,1.0,1.0,2.0,2.0,1.0,2.0,1.0,1.0,2.0
1946,5,5,5,5,5,5,5,5,1,1,,30.0,4.0,,3.0,4.0,6.0,,,,,6.0,,,2.0,,2.0,2.0,5.0,6.0,,,,,,,20.0,,,2.0,4.0,,,1.0,,,5.0,,,,,,,,,,,1.0,1.0,1.0,1.0,1.0,1.0,6,3,4,3,3,5,6,6,4,2,60.0,55.0,50.0,65.0,70.0,60.0,75.0,60.0,40.0,35.0,2.0,2.0,2.0,2.0,1.0,1.0,2.0,1.0,2.0,1.0,2.0,2.0,1.0,1.0,2.0,2.0,1.0,2.0,1.0,1.0,2.0,2.0,2.0,1.0,1.0,2.0,1.0,2.0,1.0,1.0,2.0,1.0,2.0,2.0,2.0,1.0,2.0,1.0,2.0,2.0
1835,1,2,2,2,2,2,2,1,4,4,70.0,,,2.0,3.0,4.0,5.0,,,,,5.0,1.0,30.0,,,2.0,,,,,,,2.0,2.0,3.0,,20.0,1.0,,,6.0,,,1.0,,3.0,1.0,1.0,1.0,1.0,1.0,1.0,1.0,1.0,1.0,1.0,,,,,,,5,2,2,2,3,5,6,6,2,2,40.0,35.0,35.0,40.0,45.0,40.0,50.0,35.0,55.0,50.0,2.0,2.0,2.0,2.0,2.0,2.0,2.0,2.0,2.0,2.0,2.0,2.0,2.0,2.0,2.0,2.0,1.0,1.0,2.0,2.0,2.0,2.0,2.0,1.0,2.0,2.0,2.0,1.0,2.0,2.0,2.0,2.0,2.0,2.0,2.0,2.0,2.0,2.0,2.0,2.0
59,2,3,2,2,3,2,4,2,4,4,70.0,,,2.0,,,,3.0,5.0,2.0,,6.0,,,2.0,,2.0,,,,2.0,4.0,5.0,,,,15.0,,1.0,,5.0,,,,1.0,,4.0,,,,,,,,,,,1.0,1.0,1.0,1.0,1.0,1.0,6,3,4,3,3,5,6,5,3,2,55.0,50.0,52.0,60.0,65.0,58.0,70.0,54.0,48.0,50.0,1.0,2.0,1.0,1.0,2.0,1.0,2.0,1.0,2.0,1.0,2.0,2.0,1.0,2.0,2.0,1.0,2.0,1.0,2.0,2.0,1.0,2.0,2.0,1.0,1.0,1.0,1.0,2.0,1.0,2.0,2.0,1.0,1.0,2.0,1.0,1.0,1.0,1.0,2.0,1.0
2028,4,4,4,4,4,4,5,4,2,2,70.0,,3.0,,3.0,4.0,6.0,,,,6.0,,,,2.0,1.0,,2.0,4.0,5.0,,,,,,,,16.0,1.0,,,,3.0,1.0,,4.0,,1.0,1.0,1.0,1.0,1.0,1.0,1.0,1.0,1.0,1.0,,,,,,,6,3,4,3,3,5,6,5,3,2,55.0,50.0,52.0,60.0,65.0,58.0,70.0,54.0,40.0,42.0,2.0,1.0,1.0,1.0,1.0,1.0,1.0,1.0,1.0,1.0,1.0,1.0,1.0,1.0,2.0,2.0,2.0,2.0,2.0,1.0,1.0,1.0,2.0,2.0,1.0,2.0,2.0,1.0,2.0,1.0,1.0,1.0,2.0,1.0,1.0,2.0,1.0,1.0,2.0,1.0
328,4,4,4,4,4,4,5,4,2,2,70.0,,3.0,,3.0,4.0,5.0,,,,6.0,,1.0,54.0,,,2.0,,,,3.0,4.0,5.0,,,,18.0,,,2.0,4.0,,,1.0,,,4.0,1.0,1.0,1.0,1.0,1.0,1.0,1.0,1.0,1.0,1.0,,,,,,,6,3,4,3,3,5,6,5,3,2,60.0,55.0,58.0,65.0,68.0,62.0,70.0,60.0,40.0,42.0,2.0,2.0,1.0,1.0,2.0,1.0,2.0,1.0,2.0,2.0,1.0,1.0,1.0,1.0,1.0,2.0,1.0,1.0,2.0,1.0,1.0,1.0,1.0,2.0,1.0,2.0,2.0,2.0,2.0,2.0,2.0,2.0,1.0,1.0,2.0,1.0,1.0,2.0,2.0,2.0
447,2,2,2,2,2,2,2,2,4,4,70.0,,,2.0,2.0,3.0,5.0,,,,,5.0,1.0,30.0,,1.0,,1.0,2.0,3.0,,,,,,,,5.0,,2.0,,6.0,,,1.0,,3.0,,,,,,,,,,,1.0,1.0,1.0,1.0,1.0,1.0,6,3,4,3,2,5,6,5,3,2,40.0,35.0,35.0,40.0,45.0,35.0,50.0,40.0,55.0,50.0,2.0,1.0,1.0,2.0,2.0,2.0,2.0,2.0,2.0,1.0,1.0,1.0,2.0,2.0,2.0,2.0,1.0,2.0,1.0,1.0,1.0,2.0,2.0,1.0,1.0,2.0,1.0,2.0,2.0,1.0,2.0,2.0,2.0,2.0,1.0,2.0,2.0,1.0,2.0,2.0
534,4,4,4,4,4,4,5,4,2,2,70.0,,3.0,,,,,3.0,5.0,2.0,,6.0,1.0,54.0,,1.0,,,,,,,,3.0,4.0,5.0,,18.0,1.0,,,,3.0,,1.0,4.0,,1.0,1.0,1.0,1.0,1.0,1.0,1.0,1.0,1.0,1.0,,,,,,,6,3,4,4,3,5,6,6,3,2,55.0,50.0,52.0,60.0,65.0,58.0,70.0,60.0,40.0,38.0,2.0,2.0,1.0,2.0,2.0,1.0,2.0,2.0,2.0,2.0,1.0,2.0,2.0,2.0,2.0,2.0,2.0,2.0,2.0,2.0,2.0,1.0,2.0,1.0,2.0,2.0,1.0,1.0,1.0,1.0,2.0,2.0,2.0,2.0,2.0,1.0,2.0,2.0,2.0,2.0
1728,4,4,4,5,5,5,5,5,1,2,,30.0,,1.0,3.0,4.0,6.0,,,,6.0,,,,2.0,1.0,,,,,,,,3.0,4.0,4.0,,20.0,,2.0,,9.0,,1.0,,,5.0,1.0,1.0,1.0,1.0,1.0,1.0,1.0,1.0,1.0,1.0,,,,,,,6,3,4,3,3,5,6,5,3,2,55.0,50.0,50.0,60.0,65.0,60.0,70.0,60.0,40.0,35.0,1.0,2.0,2.0,1.0,2.0,1.0,2.0,2.0,2.0,2.0,2.0,2.0,2.0,2.0,1.0,2.0,1.0,2.0,2.0,2.0,2.0,2.0,1.0,2.0,2.0,1.0,2.0,2.0,2.0,1.0,1.0,2.0,2.0,1.0,2.0,1.0,2.0,1.0,1.0,2.0
1047,2,2,2,2,2,2,4,2,4,4,,30.0,2.0,,2.0,3.0,6.0,,,,,6.0,,,2.0,,2.0,1.0,4.0,5.0,,,,,,,20.0,,1.0,,4.0,,,1.0,,,4.0,1.0,1.0,1.0,1.0,1.0,1.0,1.0,1.0,1.0,1.0,,,,,,,6,3,4,4,3,5,6,6,3,2,40.0,35.0,35.0,40.0,45.0,35.0,60.0,40.0,45.0,45.0,2.0,1.0,2.0,1.0,1.0,1.0,2.0,1.0,1.0,2.0,1.0,1.0,2.0,1.0,1.0,1.0,2.0,1.0,1.0,1.0,1.0,1.0,1.0,1.0,1.0,1.0,1.0,1.0,1.0,2.0,2.0,1.0,2.0,2.0,2.0,1.0,1.0,1.0,1.0,2.0
1134,4,4,4,4,4,4,4,4,2,2,,30.0,,2.0,,,,3.0,4.0,2.0,6.0,,1.0,54.0,,1.0,,,,,3.0,4.0,5.0,,,,,16.0,,2.0,4.0,,,1.0,,4.0,,1.0,1.0,1.0,1.0,1.0,1.0,1.0,1.0,1.0,1.0,,,,,,,6,3,4,3,3,5,6,5,3,2,60.0,55.0,58.0,65.0,68.0,62.0,70.0,60.0,40.0,38.0,2.0,1.0,1.0,1.0,2.0,2.0,2.0,1.0,2.0,1.0,2.0,2.0,1.0,2.0,2.0,1.0,1.0,2.0,2.0,2.0,1.0,2.0,2.0,1.0,1.0,2.0,2.0,2.0,1.0,1.0,2.0,2.0,1.0,1.0,2.0,1.0,1.0,2.0,2.0,1.0
105,3,3,3,3,4,3,4,3,2,2,,30.0,,2.0,,,,3.0,4.0,3.0,6.0,,,,2.0,,2.0,2.0,4.0,4.0,,,,,,,,20.0,,2.0,3.0,,,1.0,,4.0,,1.0,1.0,1.0,1.0,1.0,1.0,1.0,1.0,1.0,1.0,,,,,,,6,3,4,3,3,5,6,5,3,2,45.0,40.0,45.0,55.0,60.0,55.0,65.0,50.0,40.0,35.0,1.0,1.0,2.0,1.0,2.0,1.0,1.0,2.0,2.0,2.0,2.0,2.0,1.0,1.0,2.0,2.0,2.0,2.0,1.0,2.0,1.0,1.0,2.0,2.0,1.0,1.0,1.0,2.0,2.0,2.0,2.0,2.0,1.0,1.0,1.0,1.0,1.0,2.0,2.0,1.0
719,5,5,5,5,5,5,5,5,1,2,,30.0,5.0,,,,,3.0,5.0,2.0,,6.0,,,2.0,1.0,,,,,4.0,5.0,6.0,,,,20.0,,1.0,,,6.0,,1.0,,,5.0,,,,,,,,,,,1.0,1.0,1.0,1.0,1.0,1.0,6,3,4,4,2,5,6,6,4,2,60.0,55.0,55.0,60.0,65.0,60.0,70.0,60.0,40.0,45.0,2.0,2.0,2.0,2.0,1.0,2.0,2.0,1.0,1.0,1.0,2.0,1.0,1.0,1.0,2.0,2.0,2.0,2.0,2.0,2.0,2.0,2.0,1.0,1.0,1.0,2.0,2.0,2.0,2.0,1.0,1.0,2.0,2.0,2.0,2.0,1.0,2.0,2.0,1.0,2.0
290,5,5,5,5,5,5,5,5,1,1,,30.0,5.0,,,,,3.0,4.0,2.0,,6.0,1.0,54.0,,,2.0,,,,4.0,5.0,6.0,,,,20.0,,,2.0,,5.0,,,1.0,,5.0,,,,,,,,,,,1.0,1.0,1.0,1.0,1.0,1.0,6,3,4,3,2,5,6,5,3,2,60.0,55.0,58.0,65.0,68.0,62.0,70.0,60.0,35.0,40.0,1.0,2.0,2.0,2.0,1.0,2.0,2.0,1.0,2.0,1.0,1.0,2.0,1.0,2.0,2.0,2.0,2.0,2.0,2.0,1.0,2.0,1.0,2.0,2.0,1.0,1.0,2.0,2.0,1.0,2.0,2.0,1.0,2.0,1.0,1.0,1.0,2.0,1.0,2.0,1.0
1476,4,4,4,4,4,4,4,4,2,2,70.0,,3.0,,,,,3.0,5.0,4.0,,6.0,,,2.0,1.0,,2.0,4.0,5.0,,,,,,,20.0,,,2.0,3.0,,,1.0,,,4.0,,,,,,,,,,,1.0,1.0,1.0,1.0,1.0,1.0,6,3,4,4,2,5,6,6,3,2,55.0,50.0,52.0,60.0,62.0,58.0,65.0,54.0,40.0,42.0,1.0,2.0,1.0,1.0,1.0,2.0,1.0,1.0,2.0,2.0,1.0,2.0,1.0,1.0,1.0,1.0,2.0,1.0,1.0,1.0,1.0,1.0,1.0,1.0,2.0,1.0,1.0,2.0,1.0,2.0,1.0,1.0,1.0,1.0,1.0,2.0,1.0,2.0,2.0,2.0
1505,5,5,5,5,5,5,5,5,1,1,,30.0,5.0,,,,,3.0,5.0,3.0,6.0,,1.0,54.0,,,2.0,2.0,5.0,6.0,,,,,,,18.0,,1.0,,,5.0,,1.0,,,6.0,,,,,,,,,,,1.0,1.0,1.0,1.0,1.0,1.0,6,3,4,3,3,5,6,6,4,2,60.0,55.0,60.0,65.0,70.0,60.0,75.0,65.0,35.0,30.0,2.0,2.0,2.0,2.0,2.0,2.0,1.0,2.0,1.0,2.0,2.0,1.0,2.0,1.0,1.0,1.0,1.0,1.0,2.0,1.0,1.0,1.0,1.0,1.0,1.0,2.0,1.0,2.0,1.0,2.0,1.0,1.0,1.0,2.0,2.0,1.0,2.0,2.0,2.0,1.0
1319,2,2,2,1,2,2,4,2,4,4,70.0,,,1.0,3.0,4.0,5.0,,,,,6.0,,,2.0,,2.0,1.0,4.0,5.0,,,,,,,0.0,,1.0,,,,2.0,,1.0,,4.0,1.0,1.0,1.0,1.0,1.0,1.0,1.0,1.0,1.0,1.0,,,,,,,6,3,4,3,3,5,6,5,3,2,40.0,35.0,35.0,35.0,40.0,40.0,60.0,35.0,50.0,50.0,2.0,1.0,1.0,2.0,1.0,2.0,1.0,1.0,1.0,2.0,2.0,1.0,1.0,1.0,1.0,2.0,2.0,2.0,2.0,2.0,2.0,1.0,2.0,1.0,1.0,2.0,2.0,2.0,1.0,2.0,2.0,2.0,2.0,1.0,1.0,2.0,2.0,1.0,2.0,2.0
1690,2,3,2,2,2,2,3,2,4,4,,30.0,,2.0,2.0,3.0,6.0,,,,,,1.0,54.0,,1.0,,,,,3.0,4.0,5.0,,,,20.0,,1.0,,3.0,,,,1.0,4.0,,1.0,1.0,1.0,1.0,1.0,1.0,1.0,1.0,1.0,1.0,,,,,,,6,3,4,4,3,5,6,6,3,2,45.0,40.0,40.0,35.0,40.0,35.0,50.0,40.0,45.0,45.0,1.0,1.0,2.0,1.0,1.0,2.0,1.0,2.0,2.0,1.0,1.0,1.0,2.0,2.0,1.0,2.0,2.0,1.0,2.0,2.0,1.0,2.0,1.0,1.0,1.0,1.0,2.0,1.0,2.0,2.0,1.0,2.0,1.0,2.0,1.0,2.0,1.0,2.0,1.0,1.0
977,5,5,5,5,5,5,5,5,1,2,70.0,,5.0,,,,,3.0,5.0,2.0,,6.0,,,2.0,,2.0,2.0,5.0,6.0,,,,,,,20.0,,1.0,,5.0,,,,1.0,5.0,,1.0,1.0,1.0,1.0,1.0,1.0,1.0,1.0,1.0,1.0,,,,,,,6,3,4,3,3,5,6,5,4,2,60.0,55.0,58.0,65.0,70.0,62.0,75.0,68.0,35.0,40.0,2.0,2.0,1.0,1.0,2.0,1.0,2.0,1.0,2.0,1.0,1.0,1.0,2.0,1.0,1.0,2.0,1.0,2.0,1.0,1.0,1.0,2.0,2.0,1.0,2.0,1.0,2.0,1.0,2.0,1.0,2.0,1.0,1.0,1.0,1.0,1.0,2.0,2.0,1.0,1.0
92,2,2,2,2,2,2,2,2,4,4,70.0,,3.0,,,,,3.0,5.0,2.0,,5.0,,,2.0,1.0,,2.0,2.0,3.0,,,,,,,,20.0,1.0,,,,1.0,,1.0,,3.0,,,,,,,,,,,1.0,1.0,1.0,1.0,1.0,1.0,6,3,3,3,2,5,5,5,1,1,35.0,35.0,35.0,35.0,35.0,35.0,35.0,35.0,50.0,50.0,1.0,1.0,1.0,1.0,2.0,2.0,2.0,1.0,1.0,2.0,2.0,2.0,2.0,2.0,1.0,1.0,1.0,2.0,1.0,1.0,2.0,2.0,1.0,2.0,2.0,2.0,1.0,1.0,2.0,1.0,2.0,1.0,2.0,1.0,1.0,1.0,1.0,2.0,2.0,2.0
804,4,4,4,4,4,4,5,4,2,2,,30.0,4.0,,3.0,4.0,5.0,,,,,,1.0,40.0,,1.0,,2.0,4.0,5.0,,,,,,,18.0,,1.0,,4.0,,,,1.0,,4.0,,,,,,,,,,,1.0,1.0,1.0,1.0,1.0,1.0,6,3,4,4,3,5,6,6,3,2,55.0,50.0,55.0,60.0,65.0,60.0,70.0,55.0,40.0,40.0,2.0,1.0,2.0,1.0,1.0,1.0,1.0,2.0,1.0,1.0,2.0,2.0,2.0,2.0,1.0,2.0,2.0,1.0,2.0,2.0,2.0,1.0,1.0,1.0,1.0,2.0,1.0,1.0,2.0,1.0,1.0,1.0,2.0,2.0,2.0,1.0,1.0,2.0,2.0,1.0
251,5,5,5,5,5,5,5,5,1,2,,30.0,1.0,,,,,3.0,5.0,2.0,6.0,,1.0,54.0,,,2.0,,,,,,,2.0,4.0,5.0,,18.0,1.0,,,,3.0,1.0,,,4.0,1.0,1.0,1.0,1.0,1.0,1.0,1.0,1.0,1.0,1.0,,,,,,,6,3,4,3,3,5,6,5,4,2,60.0,55.0,58.0,65.0,68.0,62.0,70.0,60.0,40.0,45.0,2.0,1.0,1.0,1.0,2.0,2.0,2.0,1.0,2.0,1.0,1.0,1.0,2.0,1.0,2.0,1.0,2.0,2.0,1.0,1.0,2.0,1.0,2.0,2.0,1.0,1.0,1.0,1.0,1.0,2.0,2.0,2.0,1.0,1.0,1.0,1.0,1.0,1.0,1.0,1.0
322,5,4,4,4,4,4,5,5,1,2,70.0,,3.0,,,,,3.0,5.0,2.0,,6.0,1.0,54.0,,1.0,,,,,,,,4.0,5.0,6.0,,15.0,1.0,,,6.0,,,1.0,,5.0,1.0,1.0,1.0,1.0,1.0,1.0,1.0,1.0,1.0,1.0,,,,,,,6,3,4,4,3,5,6,6,3,2,60.0,55.0,58.0,65.0,68.0,62.0,70.0,60.0,40.0,45.0,2.0,2.0,1.0,1.0,1.0,2.0,1.0,2.0,2.0,1.0,1.0,1.0,1.0,1.0,1.0,1.0,1.0,1.0,2.0,1.0,2.0,1.0,2.0,2.0,1.0,2.0,1.0,1.0,1.0,1.0,2.0,1.0,1.0,1.0,1.0,1.0,1.0,1.0,2.0,1.0
1651,4,4,4,5,5,5,5,4,1,2,70.0,,,2.0,,,,3.0,4.0,2.0,,5.0,,,2.0,1.0,,,,,3.0,4.0,5.0,,,,18.0,,1.0,,,6.0,,1.0,,,5.0,,,,,,,,,,,1.0,1.0,1.0,1.0,1.0,1.0,6,3,4,3,3,5,6,6,3,2,55.0,50.0,52.0,60.0,65.0,62.0,70.0,55.0,40.0,45.0,2.0,2.0,1.0,1.0,2.0,1.0,1.0,1.0,2.0,2.0,2.0,2.0,2.0,2.0,1.0,1.0,1.0,2.0,2.0,2.0,2.0,2.0,2.0,2.0,1.0,1.0,2.0,1.0,2.0,2.0,1.0,1.0,1.0,1.0,2.0,1.0,2.0,2.0,1.0,2.0
1722,4,4,4,5,5,5,5,4,1,2,70.0,,4.0,,3.0,4.0,5.0,,,,,6.0,,,2.0,1.0,,,,,,,,3.0,4.0,5.0,18.0,,,2.0,,6.0,,,1.0,,5.0,,,,,,,,,,,1.0,1.0,1.0,1.0,1.0,1.0,6,3,4,4,3,5,6,6,3,2,55.0,50.0,52.0,60.0,65.0,62.0,70.0,58.0,40.0,45.0,1.0,1.0,2.0,2.0,2.0,1.0,2.0,2.0,2.0,2.0,1.0,1.0,2.0,1.0,2.0,2.0,1.0,1.0,2.0,2.0,1.0,1.0,2.0,1.0,2.0,1.0,1.0,1.0,2.0,1.0,2.0,1.0,1.0,2.0,2.0,1.0,2.0,1.0,2.0,2.0
53,4,4,4,4,4,4,4,4,2,2,70.0,,3.0,,3.0,4.0,5.0,,,,6.0,,1.0,54.0,,1.0,,2.0,4.0,4.0,,,,,,,,15.0,1.0,,,6.0,,1.0,,,4.0,,,,,,,,,,,1.0,1.0,1.0,1.0,1.0,1.0,6,3,4,4,3,5,6,6,3,2,55.0,50.0,52.0,60.0,62.0,58.0,65.0,54.0,40.0,38.0,2.0,2.0,2.0,2.0,2.0,2.0,2.0,2.0,2.0,2.0,2.0,1.0,2.0,1.0,2.0,2.0,1.0,1.0,1.0,1.0,2.0,1.0,1.0,1.0,2.0,2.0,2.0,1.0,2.0,2.0,2.0,1.0,2.0,2.0,2.0,2.0,2.0,2.0,1.0,2.0
2022,4,4,4,5,5,5,5,4,2,2,70.0,,,2.0,,,,3.0,5.0,2.0,,6.0,,,2.0,1.0,,2.0,4.0,5.0,,,,,,,,18.0,1.0,,,6.0,,1.0,,,5.0,,,,,,,,,,,1.0,1.0,1.0,1.0,1.0,1.0,6,3,4,4,3,5,6,6,3,2,55.0,50.0,52.0,60.0,65.0,62.0,70.0,58.0,40.0,42.0,2.0,2.0,1.0,1.0,1.0,1.0,1.0,2.0,2.0,1.0,1.0,1.0,1.0,1.0,1.0,1.0,1.0,1.0,1.0,2.0,1.0,1.0,2.0,2.0,2.0,2.0,1.0,1.0,2.0,1.0,2.0,2.0,2.0,1.0,1.0,2.0,1.0,2.0,2.0,2.0
438,4,4,4,4,4,4,4,4,2,2,70.0,,4.0,,2.0,3.0,5.0,,,,,6.0,1.0,54.0,,,2.0,2.0,4.0,4.0,,,,,,,16.0,,1.0,,,,3.0,,1.0,,4.0,1.0,1.0,1.0,1.0,1.0,1.0,1.0,1.0,1.0,1.0,,,,,,,6,3,4,4,3,5,6,6,3,2,55.0,50.0,52.0,60.0,65.0,58.0,70.0,60.0,40.0,38.0,1.0,1.0,1.0,2.0,2.0,2.0,2.0,2.0,1.0,2.0,2.0,1.0,1.0,1.0,2.0,2.0,2.0,2.0,1.0,1.0,1.0,1.0,1.0,1.0,1.0,1.0,1.0,2.0,1.0,1.0,1.0,2.0,2.0,1.0,2.0,2.0,1.0,1.0,1.0,1.0
224,4,4,4,4,4,4,4,4,2,2,70.0,,,2.0,,,,3.0,4.0,2.0,,6.0,1.0,54.0,,,2.0,,,,3.0,4.0,5.0,,,,18.0,,,2.0,4.0,,,,1.0,4.0,,,,,,,,,,,,1.0,1.0,1.0,1.0,1.0,1.0,6,3,4,4,3,5,6,6,3,2,60.0,55.0,58.0,65.0,68.0,62.0,70.0,60.0,40.0,45.0,2.0,1.0,1.0,1.0,1.0,1.0,2.0,2.0,1.0,2.0,2.0,1.0,2.0,2.0,2.0,1.0,2.0,2.0,2.0,1.0,1.0,1.0,1.0,2.0,2.0,1.0,2.0,2.0,2.0,1.0,2.0,1.0,1.0,1.0,2.0,1.0,2.0,1.0,2.0,1.0
357,2,2,2,2,2,2,3,2,4,4,70.0,,,2.0,,,,3.0,4.0,2.0,6.0,,,,2.0,,2.0,,,,,,,2.0,4.0,4.0,,20.0,1.0,,4.0,,,1.0,,4.0,,1.0,1.0,1.0,1.0,1.0,1.0,1.0,1.0,1.0,1.0,,,,,,,6,3,4,4,3,5,6,6,3,2,40.0,35.0,35.0,40.0,45.0,35.0,50.0,40.0,45.0,40.0,1.0,1.0,2.0,1.0,2.0,1.0,1.0,2.0,2.0,1.0,2.0,2.0,1.0,2.0,1.0,2.0,2.0,2.0,1.0,1.0,1.0,1.0,2.0,2.0,1.0,1.0,2.0,2.0,2.0,2.0,2.0,1.0,1.0,1.0,1.0,2.0,2.0,2.0,2.0,1.0
1038,4,4,4,4,4,4,4,4,2,2,70.0,,,2.0,,,,4.0,5.0,3.0,,6.0,1.0,54.0,,1.0,,3.0,4.0,5.0,,,,,,,12.0,,,2.0,,,3.0,,1.0,4.0,,1.0,1.0,1.0,1.0,1.0,1.0,1.0,1.0,1.0,1.0,,,,,,,6,3,4,3,3,5,6,5,3,2,55.0,50.0,52.0,60.0,62.0,58.0,65.0,54.0,40.0,42.0,1.0,2.0,1.0,2.0,2.0,1.0,2.0,2.0,1.0,2.0,2.0,1.0,1.0,2.0,1.0,2.0,2.0,1.0,1.0,1.0,1.0,1.0,2.0,1.0,2.0,2.0,2.0,1.0,2.0,1.0,2.0,1.0,2.0,1.0,1.0,1.0,1.0,1.0,1.0,1.0
1624,4,4,4,4,4,4,4,4,2,2,70.0,,4.0,,,,,3.0,4.0,2.0,,6.0,1.0,54.0,,1.0,,,,,3.0,4.0,5.0,,,,,15.0,1.0,,,,2.0,1.0,,4.0,,1.0,1.0,1.0,1.0,1.0,1.0,1.0,1.0,1.0,1.0,,,,,,,6,3,4,3,3,5,6,5,3,2,60.0,55.0,55.0,65.0,70.0,60.0,75.0,60.0,40.0,35.0,1.0,1.0,1.0,1.0,1.0,2.0,2.0,2.0,2.0,1.0,1.0,1.0,1.0,2.0,2.0,1.0,1.0,2.0,1.0,1.0,1.0,1.0,1.0,2.0,1.0,1.0,1.0,2.0,2.0,1.0,2.0,1.0,2.0,2.0,1.0,2.0,1.0,2.0,1.0,1.0
1757,3,3,3,2,3,2,4,2,4,3,70.0,,2.0,,,,,3.0,5.0,2.0,5.0,,1.0,30.0,,1.0,,,,,,,,2.0,4.0,4.0,18.0,,,2.0,,5.0,,,1.0,4.0,,,,,,,,,,,,1.0,1.0,1.0,1.0,1.0,1.0,6,3,4,4,2,5,6,6,3,2,40.0,35.0,38.0,45.0,50.0,35.0,60.0,40.0,55.0,38.0,1.0,1.0,1.0,1.0,1.0,2.0,2.0,1.0,2.0,1.0,1.0,2.0,1.0,1.0,1.0,2.0,1.0,2.0,2.0,1.0,2.0,1.0,2.0,2.0,1.0,1.0,2.0,2.0,2.0,1.0,2.0,1.0,2.0,2.0,1.0,2.0,2.0,1.0,1.0,2.0
1939,4,4,4,4,4,4,4,4,2,2,,30.0,4.0,,,,,3.0,4.0,3.0,,6.0,,,2.0,1.0,,,,,,,,3.0,4.0,5.0,16.0,,,2.0,,,3.0,1.0,,,4.0,1.0,1.0,1.0,1.0,1.0,1.0,1.0,1.0,1.0,1.0,,,,,,,6,3,4,4,2,5,6,6,3,2,60.0,55.0,58.0,65.0,70.0,62.0,75.0,60.0,40.0,45.0,1.0,1.0,2.0,2.0,1.0,1.0,1.0,2.0,1.0,1.0,1.0,2.0,1.0,1.0,2.0,2.0,2.0,2.0,1.0,2.0,2.0,2.0,2.0,1.0,1.0,1.0,1.0,2.0,2.0,1.0,2.0,1.0,1.0,1.0,1.0,2.0,2.0,2.0,1.0,2.0
2057,5,5,5,5,5,5,5,5,1,2,70.0,,,2.0,,,,3.0,4.0,2.0,,6.0,,,2.0,1.0,,,,,,,,4.0,5.0,6.0,12.0,,1.0,,4.0,,,,1.0,5.0,,,,,,,,,,,,1.0,1.0,1.0,1.0,1.0,1.0,6,3,4,3,3,5,6,6,4,2,60.0,55.0,58.0,65.0,68.0,62.0,70.0,60.0,40.0,45.0,2.0,1.0,1.0,1.0,1.0,2.0,1.0,1.0,2.0,1.0,2.0,2.0,2.0,2.0,1.0,2.0,2.0,1.0,2.0,1.0,2.0,2.0,2.0,2.0,1.0,2.0,1.0,2.0,1.0,2.0,2.0,1.0,2.0,1.0,2.0,1.0,2.0,1.0,2.0,1.0
26,5,5,5,5,5,5,5,5,1,1,,30.0,,1.0,3.0,4.0,6.0,,,,6.0,,1.0,54.0,,,2.0,,,,,,,3.0,5.0,6.0,,20.0,,2.0,,,2.0,,1.0,5.0,,,,,,,,,,,,1.0,1.0,1.0,1.0,1.0,1.0,6,3,4,3,3,5,6,6,3,2,60.0,55.0,50.0,65.0,70.0,60.0,75.0,55.0,40.0,35.0,2.0,1.0,2.0,2.0,2.0,2.0,1.0,2.0,2.0,2.0,2.0,2.0,2.0,2.0,2.0,2.0,1.0,1.0,1.0,2.0,1.0,1.0,2.0,2.0,1.0,1.0,1.0,2.0,1.0,1.0,2.0,2.0,2.0,1.0,2.0,2.0,1.0,2.0,2.0,1.0
396,5,5,5,5,5,5,5,5,1,1,,30.0,,1.0,2.0,3.0,6.0,,,,,6.0,,,2.0,,2.0,,,,4.0,5.0,6.0,,,,,,,2.0,3.0,,,,1.0,,5.0,1.0,1.0,1.0,1.0,1.0,1.0,1.0,1.0,1.0,1.0,,,,,,,6,3,4,3,3,5,6,5,4,2,60.0,55.0,55.0,65.0,70.0,65.0,75.0,60.0,40.0,35.0,2.0,2.0,2.0,2.0,2.0,2.0,2.0,2.0,2.0,2.0,1.0,2.0,2.0,2.0,2.0,2.0,2.0,2.0,2.0,2.0,2.0,1.0,2.0,2.0,1.0,2.0,2.0,2.0,1.0,2.0,2.0,1.0,2.0,2.0,2.0,2.0,2.0,2.0,2.0,2.0
170,2,3,2,2,3,2,4,2,4,3,,30.0,2.0,,,,,3.0,4.0,2.0,,5.0,1.0,40.0,,,2.0,2.0,4.0,5.0,,,,,,,,18.0,,2.0,,,2.0,1.0,,4.0,,1.0,1.0,1.0,1.0,1.0,1.0,1.0,1.0,1.0,1.0,,,,,,,6,3,4,3,3,5,6,6,3,2,45.0,40.0,42.0,55.0,60.0,50.0,65.0,48.0,38.0,41.0,1.0,1.0,1.0,2.0,1.0,1.0,1.0,2.0,2.0,1.0,1.0,1.0,2.0,2.0,2.0,2.0,1.0,2.0,2.0,1.0,2.0,2.0,2.0,1.0,2.0,1.0,2.0,2.0,1.0,1.0,1.0,2.0,1.0,2.0,2.0,1.0,1.0,1.0,2.0,2.0
1796,2,2,2,1,2,2,3,2,4,4,70.0,,2.0,,,,,3.0,4.0,2.0,6.0,,1.0,54.0,,1.0,,2.0,3.0,4.0,,,,,,,,0.0,1.0,,,,2.0,1.0,,3.0,,,,,,,,,,,,1.0,1.0,1.0,1.0,1.0,1.0,6,3,4,4,2,5,6,6,3,2,45.0,40.0,40.0,35.0,40.0,40.0,50.0,40.0,55.0,55.0,2.0,1.0,1.0,1.0,2.0,1.0,2.0,2.0,1.0,1.0,2.0,1.0,2.0,1.0,2.0,2.0,2.0,1.0,2.0,1.0,2.0,2.0,1.0,1.0,1.0,2.0,2.0,1.0,2.0,1.0,1.0,2.0,1.0,2.0,2.0,1.0,2.0,2.0,1.0,2.0
1403,4,4,4,5,5,5,5,4,2,2,70.0,,,2.0,3.0,4.0,6.0,,,,6.0,,,,2.0,,2.0,,,,4.0,4.0,5.0,,,,18.0,,1.0,,4.0,,,,1.0,,4.0,1.0,1.0,1.0,1.0,1.0,1.0,1.0,1.0,1.0,1.0,,,,,,,6,3,4,3,3,5,6,5,3,2,55.0,50.0,52.0,60.0,65.0,62.0,70.0,58.0,40.0,42.0,,,,,,,,,,,,,,,,,,,,,,,,,,,,,,,,,,,,,,,,
1570,4,4,4,5,5,5,5,4,1,2,70.0,,3.0,,3.0,4.0,6.0,,,,,6.0,,,2.0,1.0,,,,,4.0,4.0,5.0,,,,,18.0,1.0,,,,2.0,,1.0,4.0,,1.0,1.0,1.0,1.0,1.0,1.0,1.0,1.0,1.0,1.0,,,,,,,6,3,4,4,3,5,6,6,3,2,55.0,50.0,52.0,60.0,65.0,62.0,70.0,58.0,40.0,45.0,2.0,2.0,1.0,1.0,2.0,1.0,1.0,1.0,2.0,2.0,1.0,2.0,1.0,2.0,2.0,1.0,1.0,2.0,1.0,2.0,2.0,2.0,1.0,1.0,1.0,2.0,2.0,1.0,1.0,2.0,1.0,1.0,2.0,1.0,1.0,1.0,1.0,2.0,1.0,2.0
902,4,4,4,4,4,4,4,4,2,2,70.0,,,2.0,,,,3.0,5.0,2.0,5.0,,1.0,54.0,,,2.0,,,,,,,3.0,4.0,4.0,,15.0,1.0,,,5.0,,,1.0,,4.0,1.0,1.0,1.0,1.0,1.0,1.0,1.0,1.0,1.0,1.0,,,,,,,6,3,4,4,3,5,6,6,3,2,55.0,50.0,52.0,60.0,65.0,58.0,70.0,60.0,40.0,35.0,2.0,2.0,2.0,1.0,2.0,2.0,2.0,2.0,1.0,1.0,2.0,2.0,1.0,2.0,2.0,2.0,2.0,2.0,1.0,2.0,2.0,2.0,2.0,1.0,2.0,2.0,1.0,2.0,2.0,2.0,2.0,2.0,2.0,1.0,2.0,2.0,2.0,2.0,1.0,1.0
871,2,3,2,2,3,2,4,2,4,2,70.0,,2.0,,,,,3.0,4.0,3.0,6.0,,,,2.0,,2.0,2.0,4.0,5.0,,,,,,,16.0,,1.0,,,6.0,,,1.0,4.0,,,,,,,,,,,,1.0,1.0,1.0,1.0,1.0,1.0,6,3,4,4,3,5,6,6,3,2,45.0,40.0,42.0,50.0,55.0,48.0,60.0,40.0,55.0,42.0,1.0,1.0,1.0,2.0,2.0,1.0,1.0,1.0,1.0,1.0,1.0,1.0,2.0,1.0,1.0,1.0,1.0,1.0,1.0,2.0,2.0,1.0,2.0,1.0,1.0,2.0,2.0,1.0,2.0,1.0,2.0,1.0,1.0,1.0,1.0,1.0,2.0,1.0,1.0,2.0
323,4,4,4,5,5,5,5,5,1,2,70.0,,3.0,,3.0,4.0,6.0,,,,6.0,,1.0,40.0,,1.0,,2.0,4.0,4.0,,,,,,,,18.0,,2.0,4.0,,,1.0,,,4.0,1.0,1.0,1.0,1.0,1.0,1.0,1.0,1.0,1.0,1.0,,,,,,,6,3,4,4,3,5,6,6,3,2,60.0,55.0,60.0,65.0,65.0,60.0,70.0,60.0,40.0,45.0,2.0,2.0,1.0,1.0,1.0,2.0,2.0,2.0,1.0,1.0,2.0,1.0,1.0,2.0,2.0,2.0,1.0,1.0,1.0,2.0,1.0,2.0,1.0,1.0,1.0,2.0,2.0,2.0,1.0,1.0,1.0,2.0,2.0,2.0,2.0,1.0,1.0,1.0,1.0,1.0
250,1,2,2,1,2,2,2,1,4,4,,30.0,2.0,,2.0,3.0,5.0,,,,,5.0,1.0,54.0,,1.0,,,,,,,,3.0,3.0,4.0,,15.0,1.0,,,,3.0,,1.0,3.0,,,,,,,,,,,,1.0,1.0,1.0,1.0,1.0,1.0,6,3,4,4,2,5,6,6,3,2,45.0,40.0,38.0,35.0,40.0,38.0,40.0,30.0,50.0,50.0,1.0,1.0,2.0,2.0,1.0,1.0,1.0,1.0,2.0,1.0,2.0,2.0,2.0,2.0,2.0,1.0,1.0,2.0,2.0,2.0,2.0,2.0,1.0,1.0,2.0,2.0,1.0,2.0,1.0,2.0,2.0,1.0,2.0,1.0,2.0,2.0,1.0,1.0,2.0,2.0
1723,5,5,5,5,5,5,5,5,1,2,70.0,,5.0,,,,,4.0,5.0,3.0,6.0,,1.0,54.0,,1.0,,,,,,,,4.0,5.0,6.0,16.0,,1.0,,4.0,,,,1.0,,5.0,,,,,,,,,,,1.0,1.0,1.0,1.0,1.0,1.0,6,3,4,3,3,5,6,5,4,2,60.0,55.0,50.0,65.0,60.0,60.0,70.0,55.0,40.0,35.0,2.0,2.0,1.0,2.0,2.0,2.0,1.0,2.0,2.0,2.0,2.0,2.0,2.0,1.0,2.0,2.0,2.0,2.0,2.0,1.0,2.0,2.0,2.0,1.0,2.0,2.0,2.0,2.0,2.0,2.0,2.0,1.0,1.0,2.0,2.0,1.0,1.0,1.0,1.0,2.0
1650,5,5,5,5,5,5,5,5,1,2,70.0,,,1.0,3.0,4.0,6.0,,,,,,1.0,54.0,,,2.0,,,,4.0,5.0,6.0,,,,,18.0,,2.0,4.0,,,,1.0,,5.0,,,,,,,,,,,1.0,1.0,1.0,1.0,1.0,1.0,6,3,4,3,3,5,6,6,4,2,55.0,50.0,52.0,60.0,62.0,58.0,65.0,54.0,40.0,38.0,1.0,2.0,2.0,2.0,2.0,2.0,2.0,2.0,1.0,2.0,2.0,2.0,1.0,2.0,1.0,2.0,2.0,2.0,2.0,2.0,2.0,1.0,1.0,2.0,1.0,2.0,2.0,1.0,2.0,2.0,2.0,2.0,1.0,2.0,2.0,2.0,2.0,2.0,2.0,2.0
2023,4,4,4,4,4,4,4,4,2,2,70.0,,3.0,,3.0,4.0,5.0,,,,,5.0,1.0,40.0,,,2.0,2.0,4.0,4.0,,,,,,,,15.0,1.0,,,5.0,,,1.0,4.0,,,,,,,,,,,,1.0,1.0,1.0,1.0,1.0,1.0,6,3,4,4,3,5,6,6,3,2,60.0,55.0,58.0,65.0,68.0,62.0,70.0,60.0,40.0,45.0,1.0,1.0,1.0,1.0,2.0,1.0,1.0,1.0,1.0,2.0,2.0,2.0,2.0,1.0,1.0,2.0,2.0,2.0,2.0,1.0,1.0,1.0,1.0,1.0,2.0,2.0,1.0,1.0,1.0,2.0,2.0,2.0,2.0,2.0,1.0,1.0,1.0,1.0,2.0,1.0
52,5,5,5,5,5,5,5,5,1,2,,30.0,3.0,,,,,3.0,4.0,2.0,,6.0,,,2.0,,2.0,,,,4.0,5.0,6.0,,,,,18.0,,2.0,,6.0,,,1.0,5.0,,1.0,1.0,1.0,1.0,1.0,1.0,1.0,1.0,1.0,1.0,,,,,,,6,3,4,3,3,5,6,5,4,2,60.0,55.0,60.0,65.0,70.0,65.0,75.0,60.0,40.0,45.0,1.0,2.0,2.0,1.0,2.0,1.0,2.0,2.0,1.0,2.0,1.0,2.0,2.0,2.0,1.0,1.0,2.0,2.0,1.0,2.0,2.0,1.0,1.0,2.0,2.0,1.0,1.0,2.0,2.0,1.0,2.0,1.0,2.0,1.0,1.0,2.0,1.0,1.0,2.0,2.0
291,2,2,2,2,2,2,3,2,4,3,,30.0,2.0,,,,,3.0,4.0,3.0,6.0,,,,2.0,1.0,,2.0,4.0,5.0,,,,,,,,5.0,1.0,,3.0,,,,1.0,,4.0,,,,,,,,,,,1.0,1.0,1.0,1.0,1.0,1.0,6,3,4,3,2,5,6,5,3,2,40.0,35.0,38.0,45.0,50.0,40.0,55.0,35.0,60.0,45.0,2.0,2.0,2.0,1.0,1.0,1.0,2.0,1.0,2.0,1.0,2.0,2.0,2.0,1.0,2.0,1.0,2.0,1.0,1.0,1.0,2.0,1.0,2.0,2.0,1.0,1.0,1.0,1.0,1.0,2.0,1.0,2.0,2.0,2.0,1.0,1.0,1.0,2.0,1.0,1.0
718,4,4,4,4,4,4,5,4,2,2,,30.0,3.0,,,,,3.0,4.0,2.0,,5.0,,,2.0,1.0,,2.0,4.0,5.0,,,,,,,20.0,,,2.0,3.0,,,1.0,,,4.0,1.0,1.0,1.0,1.0,1.0,1.0,1.0,1.0,1.0,1.0,,,,,,,6,3,4,3,3,5,6,5,3,2,55.0,50.0,52.0,60.0,62.0,58.0,65.0,54.0,40.0,42.0,1.0,2.0,1.0,2.0,2.0,2.0,1.0,1.0,2.0,2.0,1.0,2.0,2.0,2.0,1.0,1.0,2.0,1.0,1.0,1.0,2.0,2.0,2.0,1.0,1.0,1.0,2.0,2.0,1.0,1.0,1.0,1.0,1.0,2.0,2.0,1.0,1.0,2.0,2.0,2.0
104,2,3,2,2,3,2,4,2,4,3,,30.0,2.0,,,,,3.0,4.0,2.0,5.0,,,,2.0,,2.0,,,,,,,3.0,4.0,4.0,18.0,,1.0,,3.0,,,,1.0,4.0,,1.0,1.0,1.0,1.0,1.0,1.0,1.0,1.0,1.0,1.0,,,,,,,6,3,4,3,3,5,6,5,3,2,45.0,40.0,40.0,50.0,55.0,50.0,60.0,40.0,45.0,40.0,1.0,2.0,1.0,2.0,2.0,1.0,2.0,2.0,2.0,2.0,2.0,2.0,2.0,1.0,1.0,1.0,2.0,1.0,1.0,2.0,1.0,1.0,2.0,1.0,2.0,2.0,1.0,2.0,2.0,2.0,1.0,1.0,2.0,2.0,2.0,2.0,1.0,2.0,2.0,1.0
1691,4,4,4,5,5,5,5,5,1,2,70.0,,,1.0,3.0,4.0,6.0,,,,6.0,,1.0,40.0,,1.0,,,,,,,,2.0,4.0,4.0,18.0,,1.0,,3.0,,,1.0,,4.0,,,,,,,,,,,,1.0,1.0,1.0,1.0,1.0,1.0,6,3,4,4,2,5,6,6,3,2,55.0,50.0,50.0,60.0,65.0,60.0,70.0,60.0,40.0,45.0,1.0,2.0,2.0,2.0,1.0,1.0,2.0,2.0,2.0,2.0,1.0,2.0,2.0,1.0,2.0,2.0,1.0,1.0,2.0,1.0,2.0,2.0,1.0,1.0,2.0,1.0,2.0,1.0,2.0,1.0,1.0,1.0,1.0,2.0,1.0,1.0,2.0,1.0,1.0,1.0
1318,4,4,4,5,5,5,5,5,1,2,,30.0,,2.0,,,,3.0,5.0,2.0,6.0,,,,2.0,,2.0,,,,,,,4.0,4.0,5.0,,18.0,1.0,,,,2.0,1.0,,,5.0,,,,,,,,,,,1.0,1.0,1.0,1.0,1.0,1.0,6,3,4,3,3,5,6,5,4,2,55.0,50.0,52.0,60.0,65.0,62.0,70.0,58.0,40.0,45.0,1.0,1.0,1.0,1.0,2.0,1.0,1.0,1.0,1.0,1.0,2.0,2.0,1.0,2.0,1.0,1.0,2.0,2.0,2.0,1.0,1.0,1.0,1.0,2.0,1.0,2.0,2.0,2.0,1.0,2.0,2.0,1.0,1.0,1.0,2.0,2.0,2.0,2.0,2.0,2.0
1477,3,4,4,4,4,4,4,4,2,2,70.0,,,2.0,,,,3.0,5.0,2.0,,6.0,1.0,54.0,,1.0,,,,,,,,3.0,4.0,4.0,18.0,,1.0,,,,3.0,1.0,,4.0,,,,,,,,,,,,1.0,1.0,1.0,1.0,1.0,1.0,6,3,4,3,3,5,6,5,3,2,55.0,60.0,60.0,65.0,65.0,60.0,70.0,60.0,40.0,40.0,1.0,2.0,2.0,1.0,1.0,2.0,2.0,2.0,1.0,2.0,1.0,2.0,2.0,2.0,2.0,1.0,1.0,2.0,1.0,2.0,1.0,2.0,2.0,1.0,2.0,1.0,2.0,1.0,1.0,2.0,1.0,2.0,1.0,2.0,2.0,1.0,2.0,2.0,1.0,1.0
805,2,2,2,2,2,2,4,2,4,2,70.0,,2.0,,,,,3.0,4.0,2.0,,5.0,1.0,54.0,,,2.0,2.0,3.0,4.0,,,,,,,18.0,,1.0,,,6.0,,,1.0,,4.0,,,,,,,,,,,1.0,1.0,1.0,1.0,1.0,1.0,6,3,4,3,3,5,6,5,3,2,40.0,35.0,35.0,40.0,45.0,35.0,60.0,35.0,55.0,35.0,1.0,1.0,1.0,1.0,1.0,2.0,2.0,1.0,2.0,2.0,1.0,1.0,1.0,1.0,2.0,1.0,1.0,2.0,1.0,1.0,2.0,1.0,1.0,1.0,1.0,1.0,1.0,1.0,1.0,1.0,2.0,1.0,2.0,1.0,1.0,1.0,1.0,2.0,1.0,1.0
93,5,4,5,5,5,5,5,4,2,2,,30.0,,2.0,3.0,4.0,6.0,,,,6.0,,1.0,54.0,,1.0,,2.0,4.0,5.0,,,,,,,12.0,,1.0,,,6.0,,1.0,,,5.0,1.0,1.0,1.0,1.0,1.0,1.0,1.0,1.0,1.0,1.0,,,,,,,6,3,4,4,3,5,6,6,3,2,60.0,55.0,60.0,65.0,70.0,65.0,75.0,60.0,40.0,45.0,2.0,2.0,1.0,1.0,1.0,1.0,1.0,1.0,1.0,1.0,2.0,1.0,2.0,1.0,1.0,1.0,1.0,2.0,2.0,2.0,1.0,2.0,2.0,2.0,2.0,1.0,1.0,1.0,2.0,2.0,1.0,1.0,2.0,1.0,2.0,1.0,1.0,2.0,2.0,1.0
976,2,2,2,2,2,2,4,2,4,4,70.0,,2.0,,,,,3.0,5.0,2.0,5.0,,1.0,54.0,,,2.0,,,,4.0,4.0,4.0,,,,20.0,,1.0,,,,2.0,,1.0,4.0,,1.0,1.0,1.0,1.0,1.0,1.0,1.0,1.0,1.0,1.0,,,,,,,6,3,4,3,3,5,6,5,3,2,45.0,40.0,40.0,50.0,55.0,40.0,60.0,45.0,55.0,50.0,2.0,1.0,1.0,1.0,1.0,1.0,2.0,2.0,2.0,2.0,2.0,1.0,2.0,2.0,1.0,2.0,2.0,2.0,2.0,1.0,1.0,2.0,2.0,1.0,1.0,2.0,2.0,1.0,1.0,1.0,2.0,1.0,2.0,2.0,1.0,1.0,1.0,1.0,2.0,2.0
171,3,3,3,3,4,3,4,3,2,2,70.0,,3.0,,3.0,4.0,5.0,,,,,5.0,,,2.0,,2.0,2.0,3.0,4.0,,,,,,,,16.0,1.0,,,,2.0,1.0,,4.0,,1.0,1.0,1.0,1.0,1.0,1.0,1.0,1.0,1.0,1.0,,,,,,,6,3,4,3,3,5,6,5,3,2,55.0,50.0,52.0,60.0,65.0,58.0,70.0,54.0,45.0,40.0,2.0,1.0,2.0,1.0,2.0,2.0,2.0,2.0,1.0,1.0,2.0,2.0,1.0,2.0,1.0,2.0,2.0,1.0,2.0,1.0,2.0,1.0,2.0,1.0,1.0,2.0,1.0,1.0,1.0,2.0,2.0,1.0,2.0,2.0,1.0,1.0,2.0,1.0,2.0,1.0
397,5,4,4,4,4,4,5,4,2,2,,30.0,3.0,,3.0,4.0,5.0,,,,,6.0,,,2.0,,2.0,2.0,4.0,5.0,,,,,,,,16.0,,2.0,,6.0,,1.0,,4.0,,,,,,,,,,,,1.0,1.0,1.0,1.0,1.0,1.0,6,3,4,4,2,5,6,6,3,2,55.0,50.0,52.0,60.0,65.0,62.0,70.0,58.0,40.0,38.0,1.0,1.0,2.0,1.0,1.0,2.0,2.0,1.0,2.0,2.0,1.0,1.0,1.0,2.0,1.0,1.0,1.0,2.0,1.0,2.0,1.0,1.0,2.0,2.0,2.0,1.0,2.0,1.0,1.0,2.0,1.0,2.0,2.0,2.0,1.0,2.0,2.0,1.0,1.0,1.0
1571,2,3,2,2,3,2,3,2,4,4,,30.0,2.0,,3.0,4.0,6.0,,,,,6.0,,,2.0,,2.0,2.0,4.0,4.0,,,,,,,18.0,,,2.0,,,2.0,,1.0,,4.0,1.0,1.0,1.0,1.0,1.0,1.0,1.0,1.0,1.0,1.0,,,,,,,6,3,4,3,3,5,6,5,3,2,45.0,40.0,42.0,50.0,55.0,48.0,60.0,40.0,35.0,38.0,1.0,2.0,2.0,2.0,1.0,1.0,2.0,2.0,1.0,2.0,1.0,1.0,2.0,1.0,2.0,2.0,1.0,1.0,1.0,1.0,2.0,2.0,2.0,1.0,1.0,1.0,2.0,1.0,2.0,1.0,1.0,2.0,1.0,2.0,1.0,2.0,2.0,2.0,1.0,1.0
1402,3,3,3,3,4,3,4,3,2,2,,30.0,,2.0,3.0,4.0,5.0,,,,6.0,,,,2.0,,2.0,2.0,3.0,4.0,,,,,,,18.0,,,2.0,,6.0,,,1.0,4.0,,,,,,,,,,,,1.0,1.0,1.0,1.0,1.0,1.0,6,3,4,3,3,5,6,5,3,2,45.0,40.0,40.0,55.0,60.0,55.0,65.0,50.0,35.0,35.0,2.0,2.0,2.0,2.0,2.0,2.0,2.0,2.0,2.0,2.0,2.0,2.0,1.0,2.0,1.0,1.0,2.0,2.0,1.0,2.0,2.0,2.0,2.0,2.0,2.0,1.0,2.0,1.0,1.0,1.0,1.0,1.0,2.0,2.0,2.0,2.0,2.0,2.0,2.0,2.0
1797,4,4,4,4,4,4,5,4,2,2,70.0,,3.0,,,,,3.0,5.0,2.0,,6.0,,,2.0,1.0,,,,,3.0,4.0,5.0,,,,,15.0,1.0,,4.0,,,1.0,,,4.0,1.0,1.0,1.0,1.0,1.0,1.0,1.0,1.0,1.0,1.0,,,,,,,6,3,4,4,3,5,6,6,3,2,55.0,50.0,52.0,60.0,65.0,58.0,70.0,60.0,40.0,42.0,2.0,1.0,2.0,2.0,1.0,1.0,1.0,2.0,2.0,2.0,2.0,1.0,1.0,1.0,1.0,2.0,2.0,1.0,2.0,2.0,1.0,1.0,1.0,2.0,2.0,2.0,1.0,1.0,1.0,2.0,2.0,1.0,2.0,2.0,1.0,2.0,1.0,1.0,2.0,1.0
870,2,3,2,2,2,2,4,2,4,3,,30.0,2.0,,,,,3.0,4.0,3.0,5.0,,,,2.0,,2.0,,,,,,,3.0,4.0,5.0,18.0,,,2.0,,6.0,,1.0,,,4.0,1.0,1.0,1.0,1.0,1.0,1.0,1.0,1.0,1.0,1.0,,,,,,,6,3,4,4,3,5,6,5,3,2,45.0,40.0,42.0,50.0,55.0,48.0,60.0,40.0,52.0,38.0,1.0,2.0,2.0,2.0,1.0,1.0,1.0,2.0,2.0,1.0,1.0,1.0,1.0,2.0,1.0,2.0,1.0,1.0,2.0,1.0,1.0,1.0,2.0,1.0,2.0,1.0,1.0,2.0,2.0,1.0,1.0,1.0,2.0,1.0,1.0,1.0,1.0,2.0,2.0,2.0
903,2,3,2,2,3,2,4,2,4,2,,30.0,2.0,,,,,3.0,5.0,2.0,5.0,,,,2.0,1.0,,,,,3.0,4.0,5.0,,,,,18.0,1.0,,,6.0,,1.0,,,4.0,,,,,,,,,,,1.0,1.0,1.0,1.0,1.0,1.0,6,3,4,4,3,5,6,6,3,2,45.0,40.0,40.0,35.0,45.0,35.0,60.0,40.0,55.0,40.0,1.0,1.0,1.0,1.0,2.0,2.0,1.0,1.0,1.0,1.0,2.0,2.0,1.0,2.0,2.0,1.0,1.0,1.0,2.0,1.0,2.0,1.0,1.0,1.0,1.0,2.0,1.0,1.0,2.0,1.0,1.0,2.0,1.0,1.0,2.0,1.0,1.0,1.0,1.0,1.0
356,3,3,3,4,4,4,4,3,2,2,70.0,,4.0,,,,,3.0,5.0,2.0,5.0,,,,2.0,1.0,,2.0,3.0,4.0,,,,,,,20.0,,2.0,,3.0,,,,1.0,3.0,,1.0,1.0,1.0,1.0,1.0,1.0,1.0,1.0,1.0,1.0,,,,,,,6,3,4,3,3,5,6,5,3,2,50.0,45.0,45.0,60.0,60.0,55.0,65.0,50.0,40.0,40.0,2.0,2.0,2.0,2.0,1.0,2.0,2.0,2.0,2.0,1.0,2.0,2.0,2.0,2.0,2.0,2.0,2.0,2.0,2.0,2.0,2.0,2.0,2.0,1.0,2.0,2.0,2.0,2.0,2.0,2.0,2.0,2.0,2.0,2.0,2.0,2.0,2.0,2.0,2.0,2.0
225,5,5,5,5,5,5,5,5,1,2,,30.0,,2.0,,,,3.0,4.0,2.0,,6.0,,,2.0,1.0,,,,,4.0,5.0,6.0,,,,,15.0,1.0,,,6.0,,1.0,,5.0,,1.0,1.0,1.0,1.0,1.0,1.0,1.0,1.0,1.0,1.0,,,,,,,6,3,4,3,3,5,6,5,4,2,60.0,55.0,58.0,65.0,70.0,62.0,75.0,60.0,40.0,45.0,1.0,1.0,1.0,1.0,1.0,1.0,1.0,1.0,1.0,2.0,2.0,1.0,1.0,1.0,1.0,1.0,1.0,1.0,1.0,1.0,1.0,2.0,2.0,2.0,2.0,1.0,1.0,2.0,1.0,2.0,1.0,1.0,1.0,2.0,1.0,2.0,2.0,1.0,2.0,1.0
439,2,2,2,2,2,2,4,2,4,2,,30.0,,2.0,3.0,4.0,5.0,,,,,,1.0,40.0,,,2.0,,,,3.0,4.0,4.0,,,,15.0,,1.0,,4.0,,,,1.0,4.0,,1.0,1.0,1.0,1.0,1.0,1.0,1.0,1.0,1.0,1.0,,,,,,,6,3,4,4,2,5,6,6,3,2,40.0,35.0,35.0,45.0,50.0,40.0,60.0,35.0,55.0,40.0,2.0,2.0,2.0,1.0,2.0,1.0,1.0,1.0,1.0,1.0,1.0,1.0,1.0,1.0,1.0,1.0,1.0,2.0,2.0,1.0,1.0,1.0,2.0,2.0,2.0,2.0,2.0,2.0,1.0,1.0,2.0,2.0,1.0,2.0,2.0,1.0,2.0,2.0,1.0,2.0
1756,2,2,2,2,3,2,3,2,4,4,,30.0,,2.0,,,,3.0,5.0,2.0,5.0,,1.0,54.0,,,2.0,2.0,3.0,4.0,,,,,,,,5.0,,2.0,,6.0,,1.0,,4.0,,1.0,1.0,1.0,1.0,1.0,1.0,1.0,1.0,1.0,1.0,,,,,,,6,3,4,3,3,5,6,5,3,2,45.0,40.0,40.0,50.0,55.0,45.0,60.0,40.0,50.0,50.0,2.0,2.0,2.0,1.0,1.0,1.0,2.0,1.0,1.0,1.0,2.0,1.0,1.0,2.0,1.0,2.0,1.0,1.0,2.0,1.0,2.0,1.0,1.0,2.0,2.0,2.0,2.0,1.0,1.0,1.0,1.0,2.0,2.0,2.0,1.0,2.0,1.0,1.0,2.0,2.0
1625,5,5,5,5,5,5,5,5,1,1,70.0,,,2.0,,,,3.0,5.0,4.0,,6.0,1.0,54.0,,1.0,,,,,3.0,5.0,6.0,,,,20.0,,,2.0,3.0,,,1.0,,,5.0,1.0,1.0,1.0,1.0,1.0,1.0,1.0,1.0,1.0,1.0,,,,,,,6,3,4,3,3,5,6,5,4,2,60.0,55.0,60.0,65.0,70.0,60.0,75.0,60.0,40.0,35.0,2.0,1.0,2.0,2.0,2.0,1.0,1.0,1.0,1.0,2.0,2.0,2.0,1.0,1.0,2.0,2.0,2.0,1.0,2.0,1.0,2.0,2.0,2.0,2.0,2.0,1.0,1.0,1.0,2.0,1.0,2.0,1.0,1.0,1.0,2.0,1.0,1.0,1.0,1.0,2.0
1039,5,5,5,5,5,5,5,5,1,1,70.0,,,1.0,,,,3.0,5.0,2.0,6.0,,,,2.0,,2.0,,,,3.0,5.0,6.0,,,,,0.0,,2.0,3.0,,,,1.0,,5.0,1.0,1.0,1.0,1.0,1.0,1.0,1.0,1.0,1.0,1.0,,,,,,,6,3,4,3,3,5,6,5,4,2,60.0,55.0,60.0,65.0,70.0,60.0,70.0,60.0,40.0,35.0,2.0,2.0,2.0,2.0,2.0,2.0,2.0,2.0,2.0,2.0,2.0,2.0,1.0,1.0,2.0,2.0,2.0,2.0,2.0,2.0,2.0,2.0,2.0,1.0,2.0,2.0,2.0,2.0,2.0,2.0,2.0,1.0,2.0,2.0,2.0,2.0,2.0,2.0,2.0,2.0
1938,4,4,4,5,5,5,5,5,1,2,70.0,,3.0,,,,,3.0,5.0,2.0,6.0,,,,2.0,,2.0,,,,3.0,4.0,5.0,,,,18.0,,,2.0,,,3.0,,1.0,5.0,,1.0,1.0,1.0,1.0,1.0,1.0,1.0,1.0,1.0,1.0,,,,,,,6,3,4,3,3,5,6,5,3,2,55.0,50.0,52.0,60.0,65.0,62.0,70.0,58.0,40.0,45.0,2.0,2.0,1.0,2.0,1.0,2.0,1.0,1.0,1.0,1.0,2.0,1.0,2.0,2.0,1.0,2.0,1.0,1.0,2.0,1.0,2.0,1.0,2.0,1.0,1.0,1.0,2.0,1.0,2.0,1.0,1.0,1.0,2.0,2.0,2.0,1.0,2.0,1.0,2.0,1.0
27,4,4,4,5,5,5,5,4,2,2,,30.0,4.0,,3.0,4.0,5.0,,,,,,1.0,40.0,,,2.0,,,,3.0,4.0,5.0,,,,18.0,,,2.0,,6.0,,1.0,,,4.0,1.0,1.0,1.0,1.0,1.0,1.0,1.0,1.0,1.0,1.0,,,,,,,6,3,4,4,3,5,6,5,3,2,55.0,50.0,52.0,60.0,65.0,62.0,70.0,55.0,40.0,38.0,2.0,2.0,1.0,2.0,2.0,2.0,1.0,1.0,2.0,2.0,2.0,1.0,1.0,1.0,2.0,1.0,2.0,1.0,2.0,1.0,2.0,2.0,1.0,2.0,2.0,1.0,2.0,1.0,2.0,1.0,2.0,1.0,2.0,2.0,2.0,1.0,1.0,2.0,2.0,2.0
2056,4,4,4,4,4,4,4,3,2,2,70.0,,4.0,,,,,3.0,4.0,2.0,6.0,,1.0,54.0,,1.0,,,,,4.0,4.0,5.0,,,,,18.0,,2.0,,,3.0,,1.0,,4.0,,,,,,,,,,,1.0,1.0,1.0,1.0,1.0,1.0,6,3,4,4,3,5,6,6,3,2,55.0,50.0,52.0,60.0,62.0,58.0,65.0,48.0,40.0,42.0,2.0,1.0,2.0,1.0,1.0,2.0,1.0,2.0,2.0,1.0,1.0,2.0,2.0,2.0,2.0,2.0,1.0,1.0,2.0,2.0,1.0,2.0,1.0,2.0,2.0,2.0,1.0,1.0,2.0,2.0,2.0,1.0,2.0,1.0,2.0,1.0,2.0,1.0,2.0,2.0
1880,5,5,5,5,5,5,5,5,1,1,,30.0,,2.0,3.0,4.0,6.0,,,,,6.0,1.0,45.0,,1.0,,,,,,,,4.0,5.0,6.0,16.0,,1.0,,5.0,,,,1.0,5.0,,,,,,,,,,,,1.0,1.0,1.0,1.0,1.0,1.0,6,3,4,3,3,5,6,5,3,2,55.0,50.0,52.0,60.0,65.0,58.0,70.0,60.0,40.0,35.0,2.0,1.0,2.0,2.0,1.0,2.0,2.0,1.0,2.0,2.0,2.0,1.0,1.0,2.0,2.0,2.0,2.0,2.0,2.0,2.0,1.0,2.0,1.0,2.0,2.0,1.0,1.0,2.0,2.0,2.0,2.0,1.0,1.0,2.0,1.0,2.0,1.0,2.0,1.0,1.0
909,3,3,3,3,4,3,4,3,2,2,70.0,,,2.0,,,,3.0,5.0,2.0,,6.0,,,2.0,1.0,,2.0,4.0,4.0,,,,,,,18.0,,1.0,,3.0,,,,1.0,4.0,,,,,,,,,,,,1.0,1.0,1.0,1.0,1.0,1.0,6,3,4,4,3,5,6,6,3,2,45.0,40.0,40.0,50.0,55.0,50.0,60.0,45.0,35.0,35.0,2.0,2.0,2.0,1.0,2.0,1.0,2.0,2.0,2.0,1.0,1.0,1.0,1.0,2.0,1.0,2.0,1.0,2.0,2.0,2.0,1.0,2.0,1.0,2.0,1.0,2.0,1.0,1.0,1.0,1.0,1.0,1.0,1.0,1.0,2.0,2.0,2.0,1.0,2.0,2.0
581,3,3,3,2,3,2,4,2,4,2,70.0,,3.0,,,,,3.0,4.0,3.0,6.0,,1.0,54.0,,1.0,,,,,,,,3.0,4.0,5.0,16.0,,,2.0,,6.0,,1.0,,,4.0,1.0,1.0,1.0,1.0,1.0,1.0,1.0,1.0,1.0,1.0,,,,,,,6,3,4,4,3,5,6,6,3,2,55.0,50.0,52.0,60.0,62.0,54.0,70.0,58.0,48.0,45.0,2.0,2.0,2.0,2.0,1.0,1.0,2.0,1.0,2.0,1.0,2.0,2.0,1.0,1.0,1.0,1.0,2.0,2.0,1.0,1.0,1.0,1.0,1.0,2.0,1.0,1.0,1.0,1.0,2.0,1.0,2.0,2.0,2.0,1.0,2.0,1.0,2.0,1.0,1.0,1.0
767,2,2,2,2,2,2,4,2,4,2,,30.0,,2.0,3.0,4.0,5.0,,,,,6.0,,,2.0,1.0,,,,,2.0,4.0,5.0,,,,18.0,,1.0,,,6.0,,1.0,,,4.0,1.0,1.0,1.0,1.0,1.0,1.0,1.0,1.0,1.0,1.0,,,,,,,6,3,4,4,2,5,6,6,3,2,40.0,38.0,35.0,45.0,50.0,40.0,60.0,38.0,45.0,38.0,1.0,2.0,1.0,1.0,2.0,1.0,1.0,1.0,1.0,1.0,1.0,2.0,1.0,2.0,1.0,1.0,1.0,2.0,1.0,1.0,1.0,2.0,2.0,2.0,2.0,1.0,1.0,1.0,1.0,1.0,1.0,1.0,1.0,1.0,1.0,2.0,1.0,1.0,2.0,2.0
614,4,4,4,5,5,5,5,5,1,2,,30.0,3.0,,,,,3.0,4.0,2.0,,6.0,,,2.0,1.0,,,,,3.0,4.0,5.0,,,,18.0,,,2.0,,,3.0,,1.0,,5.0,1.0,1.0,1.0,1.0,1.0,1.0,1.0,1.0,1.0,1.0,,,,,,,6,3,4,4,3,5,6,6,3,2,55.0,50.0,52.0,60.0,65.0,62.0,70.0,60.0,40.0,45.0,2.0,2.0,2.0,2.0,1.0,2.0,2.0,1.0,2.0,2.0,2.0,2.0,1.0,2.0,1.0,2.0,2.0,2.0,2.0,1.0,2.0,2.0,1.0,2.0,1.0,1.0,1.0,2.0,2.0,1.0,1.0,2.0,2.0,2.0,1.0,2.0,2.0,1.0,1.0,2.0
1181,5,5,5,5,5,5,5,5,1,2,,30.0,,2.0,,,,3.0,5.0,2.0,6.0,,1.0,54.0,,,2.0,2.0,4.0,5.0,,,,,,,,20.0,,2.0,,6.0,,1.0,,,5.0,,,,,,,,,,,1.0,1.0,1.0,1.0,1.0,1.0,6,3,4,3,3,5,6,6,4,2,60.0,55.0,50.0,65.0,70.0,60.0,75.0,55.0,40.0,45.0,2.0,1.0,2.0,2.0,2.0,2.0,2.0,1.0,2.0,2.0,2.0,2.0,1.0,2.0,2.0,1.0,1.0,2.0,2.0,1.0,2.0,1.0,2.0,1.0,2.0,1.0,2.0,2.0,2.0,2.0,2.0,1.0,1.0,2.0,2.0,2.0,1.0,2.0,1.0,2.0
1408,4,4,4,5,5,5,5,5,1,2,,30.0,,2.0,2.0,3.0,6.0,,,,,6.0,1.0,54.0,,1.0,,,,,4.0,4.0,5.0,,,,20.0,,,2.0,,6.0,,,1.0,,5.0,1.0,1.0,1.0,1.0,1.0,1.0,1.0,1.0,1.0,1.0,,,,,,,6,3,4,3,3,5,6,5,4,2,60.0,55.0,60.0,65.0,70.0,70.0,75.0,65.0,35.0,40.0,2.0,1.0,2.0,2.0,2.0,1.0,2.0,1.0,2.0,1.0,2.0,2.0,1.0,1.0,2.0,2.0,2.0,1.0,1.0,2.0,2.0,2.0,1.0,1.0,1.0,1.0,1.0,2.0,2.0,1.0,2.0,1.0,2.0,1.0,2.0,2.0,2.0,1.0,1.0,1.0
1367,5,5,5,5,5,5,5,5,1,2,,30.0,4.0,,,,,3.0,5.0,2.0,,6.0,,,2.0,1.0,,,,,4.0,5.0,6.0,,,,,15.0,,2.0,,7.0,,,1.0,5.0,,1.0,1.0,1.0,1.0,1.0,1.0,1.0,1.0,1.0,1.0,,,,,,,6,3,4,3,3,5,6,6,4,2,60.0,55.0,55.0,65.0,70.0,60.0,75.0,60.0,40.0,35.0,2.0,1.0,1.0,2.0,2.0,1.0,1.0,1.0,2.0,2.0,1.0,1.0,2.0,2.0,1.0,2.0,2.0,1.0,1.0,2.0,1.0,1.0,1.0,2.0,2.0,2.0,1.0,2.0,2.0,2.0,1.0,2.0,2.0,1.0,1.0,2.0,1.0,2.0,1.0,1.0
1214,2,2,2,2,2,2,4,2,4,2,,30.0,2.0,,2.0,3.0,5.0,,,,,5.0,1.0,40.0,,1.0,,,,,3.0,4.0,5.0,,,,18.0,,,2.0,3.0,,,1.0,,,4.0,1.0,1.0,1.0,1.0,1.0,1.0,1.0,1.0,1.0,1.0,,,,,,,6,3,4,4,3,5,6,6,3,2,40.0,35.0,35.0,40.0,45.0,35.0,60.0,40.0,55.0,40.0,2.0,2.0,2.0,2.0,2.0,2.0,2.0,2.0,2.0,2.0,2.0,1.0,2.0,2.0,2.0,1.0,2.0,1.0,2.0,1.0,2.0,1.0,1.0,1.0,1.0,1.0,1.0,2.0,1.0,1.0,2.0,1.0,2.0,1.0,1.0,1.0,1.0,2.0,1.0,2.0
1841,5,5,5,5,5,5,5,5,1,2,,30.0,3.0,,,,,3.0,4.0,2.0,,5.0,1.0,54.0,,1.0,,,,,,,,3.0,5.0,6.0,,15.0,,2.0,,6.0,,,1.0,5.0,,,,,,,,,,,,1.0,1.0,1.0,1.0,1.0,1.0,6,3,4,3,3,5,6,5,3,2,60.0,55.0,58.0,65.0,70.0,62.0,75.0,60.0,40.0,45.0,2.0,1.0,1.0,2.0,2.0,2.0,2.0,1.0,1.0,2.0,2.0,1.0,2.0,1.0,2.0,2.0,1.0,2.0,2.0,2.0,1.0,1.0,2.0,2.0,1.0,1.0,2.0,2.0,1.0,1.0,1.0,1.0,2.0,2.0,2.0,1.0,2.0,1.0,1.0,1.0
1932,2,2,2,2,2,2,4,2,4,2,70.0,,,2.0,,,,3.0,5.0,2.0,,5.0,,,2.0,1.0,,,,,3.0,4.0,4.0,,,,16.0,,,2.0,,,2.0,,1.0,,4.0,1.0,1.0,1.0,1.0,1.0,1.0,1.0,1.0,1.0,1.0,,,,,,,6,3,4,3,3,5,6,5,3,2,45.0,40.0,40.0,40.0,40.0,35.0,50.0,40.0,50.0,40.0,2.0,1.0,1.0,1.0,1.0,1.0,1.0,1.0,1.0,2.0,2.0,2.0,1.0,1.0,2.0,2.0,2.0,2.0,2.0,2.0,1.0,1.0,1.0,2.0,2.0,2.0,1.0,1.0,2.0,2.0,2.0,1.0,2.0,2.0,1.0,1.0,1.0,2.0,1.0,2.0
540,4,4,4,4,4,4,4,4,2,2,,30.0,,2.0,3.0,4.0,5.0,,,,,5.0,,,2.0,,2.0,,,,3.0,4.0,5.0,,,,,18.0,1.0,,,,2.0,,1.0,4.0,,1.0,1.0,1.0,1.0,1.0,1.0,1.0,1.0,1.0,1.0,,,,,,,6,3,4,4,3,5,6,6,3,2,55.0,60.0,58.0,65.0,68.0,62.0,70.0,60.0,40.0,42.0,1.0,2.0,1.0,1.0,2.0,1.0,2.0,2.0,2.0,1.0,1.0,2.0,2.0,1.0,1.0,1.0,1.0,2.0,1.0,2.0,2.0,1.0,2.0,2.0,1.0,2.0,1.0,2.0,1.0,2.0,2.0,1.0,2.0,1.0,2.0,2.0,1.0,1.0,2.0,1.0
433,4,4,4,4,4,4,5,4,2,3,70.0,,,2.0,,,,3.0,5.0,2.0,,6.0,1.0,54.0,,1.0,,,,,3.0,4.0,5.0,,,,,15.0,1.0,,,6.0,,,1.0,5.0,,1.0,1.0,1.0,1.0,1.0,1.0,1.0,1.0,1.0,1.0,,,,,,,6,3,4,4,2,5,6,5,3,2,55.0,50.0,52.0,60.0,65.0,58.0,70.0,54.0,40.0,45.0,1.0,1.0,1.0,2.0,1.0,2.0,1.0,1.0,2.0,2.0,2.0,1.0,1.0,1.0,2.0,2.0,1.0,1.0,2.0,1.0,1.0,2.0,1.0,2.0,1.0,1.0,1.0,1.0,1.0,1.0,2.0,1.0,2.0,1.0,1.0,1.0,1.0,1.0,2.0,1.0
1140,4,4,4,4,4,4,4,4,2,2,70.0,,3.0,,,,,3.0,4.0,3.0,6.0,,,,2.0,1.0,,2.0,4.0,5.0,,,,,,,,16.0,1.0,,5.0,,,,1.0,,4.0,1.0,1.0,1.0,1.0,1.0,1.0,1.0,1.0,1.0,1.0,,,,,,,6,3,4,4,3,5,6,6,3,2,55.0,50.0,52.0,60.0,65.0,58.0,70.0,54.0,40.0,42.0,1.0,1.0,2.0,2.0,1.0,1.0,2.0,2.0,2.0,2.0,2.0,1.0,1.0,2.0,2.0,1.0,2.0,2.0,1.0,1.0,1.0,2.0,2.0,1.0,2.0,1.0,2.0,1.0,2.0,1.0,2.0,1.0,2.0,2.0,2.0,2.0,1.0,1.0,1.0,1.0
1033,5,5,5,5,5,5,5,5,1,1,,30.0,4.0,,3.0,4.0,5.0,,,,6.0,,,,2.0,1.0,,,,,4.0,5.0,6.0,,,,20.0,,1.0,,,,2.0,1.0,,5.0,,,,,,,,,,,,1.0,1.0,1.0,1.0,1.0,1.0,6,3,4,3,2,5,6,6,4,2,60.0,55.0,58.0,65.0,70.0,62.0,75.0,60.0,40.0,35.0,1.0,2.0,1.0,2.0,2.0,2.0,2.0,2.0,1.0,2.0,2.0,2.0,2.0,2.0,1.0,2.0,2.0,2.0,2.0,2.0,2.0,1.0,2.0,1.0,2.0,2.0,2.0,2.0,2.0,1.0,2.0,2.0,2.0,2.0,1.0,2.0,1.0,1.0,2.0,2.0
1834,4,4,4,4,4,4,5,4,2,2,,30.0,,2.0,3.0,4.0,5.0,,,,6.0,,,,2.0,1.0,,,,,3.0,4.0,5.0,,,,,18.0,1.0,,4.0,,,,1.0,4.0,,1.0,1.0,1.0,1.0,1.0,1.0,1.0,1.0,1.0,1.0,,,,,,,6,3,5,4,3,5,6,5,3,2,55.0,50.0,52.0,60.0,65.0,58.0,70.0,54.0,40.0,42.0,2.0,2.0,2.0,1.0,2.0,2.0,1.0,2.0,2.0,2.0,1.0,2.0,2.0,1.0,2.0,1.0,2.0,1.0,2.0,2.0,2.0,1.0,1.0,2.0,2.0,2.0,2.0,1.0,1.0,1.0,1.0,2.0,1.0,1.0,2.0,1.0,1.0,2.0,2.0,2.0
1947,3,3,3,3,3,3,4,3,2,2,,30.0,3.0,,,,,3.0,4.0,3.0,5.0,,,,2.0,,2.0,2.0,4.0,4.0,,,,,,,18.0,,1.0,,,6.0,,1.0,,,4.0,1.0,1.0,1.0,1.0,1.0,1.0,1.0,1.0,1.0,1.0,,,,,,,6,3,4,4,3,5,6,6,3,2,45.0,40.0,40.0,50.0,55.0,50.0,60.0,45.0,35.0,35.0,2.0,2.0,1.0,1.0,1.0,2.0,1.0,2.0,2.0,1.0,1.0,2.0,2.0,1.0,1.0,1.0,2.0,1.0,2.0,1.0,1.0,2.0,2.0,2.0,1.0,2.0,1.0,1.0,2.0,2.0,2.0,2.0,2.0,1.0,2.0,1.0,2.0,1.0,2.0,2.0
2029,5,5,5,5,5,5,5,5,1,2,70.0,,,1.0,3.0,4.0,5.0,,,,,6.0,,,2.0,1.0,,2.0,4.0,5.0,,,,,,,20.0,,,2.0,3.0,,,,1.0,,5.0,1.0,1.0,1.0,1.0,1.0,1.0,1.0,1.0,1.0,1.0,,,,,,,6,3,4,4,3,5,6,6,3,2,60.0,55.0,60.0,65.0,65.0,60.0,70.0,60.0,40.0,45.0,2.0,2.0,2.0,1.0,2.0,2.0,1.0,2.0,2.0,1.0,2.0,1.0,1.0,1.0,1.0,2.0,2.0,2.0,1.0,2.0,1.0,1.0,2.0,1.0,1.0,1.0,1.0,1.0,1.0,1.0,2.0,2.0,2.0,2.0,1.0,2.0,2.0,2.0,2.0,2.0
58,4,4,4,4,4,4,5,4,2,2,,30.0,4.0,,3.0,4.0,5.0,,,,6.0,,1.0,54.0,,1.0,,,,,2.0,4.0,4.0,,,,,5.0,1.0,,3.0,,,1.0,,4.0,,1.0,1.0,1.0,1.0,1.0,1.0,1.0,1.0,1.0,1.0,,,,,,,6,3,4,4,3,5,6,6,3,2,55.0,50.0,52.0,60.0,65.0,58.0,70.0,54.0,40.0,42.0,2.0,2.0,2.0,2.0,2.0,1.0,2.0,2.0,1.0,2.0,2.0,1.0,2.0,2.0,2.0,1.0,2.0,1.0,1.0,2.0,2.0,2.0,2.0,1.0,2.0,2.0,2.0,2.0,2.0,2.0,2.0,1.0,1.0,1.0,1.0,1.0,2.0,2.0,1.0,2.0
535,4,4,4,5,5,5,5,5,1,2,,30.0,,1.0,,,,3.0,5.0,2.0,6.0,,,,2.0,1.0,,2.0,4.0,5.0,,,,,,,18.0,,1.0,,,6.0,,,1.0,,5.0,,,,,,,,,,,1.0,1.0,1.0,1.0,1.0,1.0,6,3,5,4,3,5,6,6,3,2,60.0,55.0,58.0,65.0,70.0,68.0,75.0,62.0,40.0,45.0,1.0,2.0,1.0,1.0,2.0,1.0,1.0,1.0,2.0,2.0,2.0,2.0,1.0,1.0,2.0,1.0,1.0,2.0,1.0,2.0,1.0,2.0,2.0,1.0,2.0,1.0,2.0,1.0,2.0,1.0,1.0,1.0,2.0,1.0,2.0,1.0,2.0,1.0,2.0,1.0
446,4,4,4,4,4,4,4,4,2,2,,30.0,,2.0,3.0,4.0,5.0,,,,5.0,,,,2.0,,2.0,,,,3.0,4.0,4.0,,,,18.0,,1.0,,,6.0,,1.0,,,4.0,1.0,1.0,1.0,1.0,1.0,1.0,1.0,1.0,1.0,1.0,,,,,,,6,3,4,3,3,5,6,5,3,2,55.0,50.0,52.0,60.0,62.0,58.0,65.0,54.0,40.0,42.0,1.0,2.0,2.0,2.0,1.0,2.0,2.0,1.0,1.0,2.0,1.0,2.0,1.0,1.0,2.0,2.0,1.0,2.0,1.0,2.0,1.0,2.0,2.0,1.0,1.0,1.0,2.0,1.0,2.0,1.0,2.0,2.0,1.0,2.0,1.0,2.0,1.0,1.0,1.0,2.0
329,5,5,5,5,5,5,5,5,1,2,,30.0,3.0,,,,,3.0,4.0,2.0,6.0,,1.0,54.0,,1.0,,2.0,4.0,5.0,,,,,,,20.0,,,2.0,3.0,,,1.0,,5.0,,1.0,1.0,1.0,1.0,1.0,1.0,1.0,1.0,1.0,1.0,,,,,,,6,3,4,4,3,5,6,6,3,2,60.0,55.0,60.0,65.0,70.0,60.0,75.0,60.0,40.0,35.0,2.0,2.0,2.0,2.0,2.0,1.0,1.0,2.0,1.0,1.0,1.0,1.0,2.0,1.0,2.0,1.0,2.0,1.0,2.0,2.0,2.0,2.0,1.0,1.0,2.0,1.0,1.0,2.0,2.0,1.0,2.0,2.0,1.0,2.0,2.0,1.0,2.0,2.0,2.0,1.0
1135,2,2,2,2,2,2,3,2,4,4,70.0,,,2.0,,,,2.0,4.0,3.0,5.0,,,,2.0,1.0,,1.0,2.0,3.0,,,,,,,20.0,,2.0,,3.0,,,1.0,,,3.0,1.0,1.0,1.0,1.0,1.0,1.0,1.0,1.0,1.0,1.0,,,,,,,6,3,4,4,3,5,6,6,3,2,45.0,40.0,40.0,50.0,55.0,55.0,60.0,45.0,50.0,45.0,1.0,2.0,2.0,2.0,1.0,1.0,2.0,1.0,2.0,2.0,1.0,2.0,2.0,2.0,2.0,1.0,1.0,2.0,2.0,2.0,1.0,1.0,2.0,1.0,2.0,2.0,2.0,2.0,2.0,2.0,2.0,1.0,2.0,2.0,1.0,1.0,1.0,1.0,1.0,2.0
1046,2,3,2,2,2,2,4,2,4,3,,30.0,2.0,,,,,3.0,4.0,2.0,5.0,,1.0,54.0,,1.0,,,,,2.0,4.0,5.0,,,,,5.0,,2.0,4.0,,,,1.0,,4.0,1.0,1.0,1.0,1.0,1.0,1.0,1.0,1.0,1.0,1.0,,,,,,,6,3,4,3,2,5,6,5,3,2,45.0,40.0,40.0,50.0,55.0,55.0,60.0,45.0,50.0,40.0,2.0,2.0,2.0,2.0,1.0,1.0,2.0,2.0,1.0,1.0,2.0,2.0,2.0,2.0,2.0,1.0,1.0,1.0,2.0,2.0,1.0,2.0,1.0,2.0,1.0,2.0,2.0,1.0,2.0,1.0,1.0,1.0,1.0,1.0,1.0,1.0,2.0,2.0,1.0,1.0
1729,5,5,5,4,4,4,5,5,2,2,70.0,,3.0,,3.0,4.0,5.0,,,,,6.0,1.0,54.0,,1.0,,,,,,,,4.0,5.0,6.0,5.0,,1.0,,,6.0,,1.0,,5.0,,,,,,,,,,,,1.0,1.0,1.0,1.0,1.0,1.0,6,3,4,4,3,5,6,6,4,2,60.0,55.0,58.0,65.0,62.0,60.0,70.0,55.0,40.0,45.0,1.0,2.0,1.0,2.0,1.0,2.0,1.0,2.0,1.0,1.0,2.0,2.0,1.0,1.0,2.0,1.0,2.0,2.0,1.0,2.0,2.0,2.0,1.0,1.0,1.0,1.0,2.0,2.0,1.0,1.0,1.0,1.0,2.0,1.0,2.0,2.0,1.0,2.0,2.0,1.0
1986,2,2,2,2,2,2,4,2,4,4,,30.0,,2.0,2.0,3.0,5.0,,,,,5.0,,,2.0,,2.0,,,,,,,3.0,4.0,4.0,,15.0,1.0,,,,2.0,,1.0,4.0,,1.0,1.0,1.0,1.0,1.0,1.0,1.0,1.0,1.0,1.0,,,,,,,6,3,4,3,2,5,6,5,3,2,40.0,35.0,35.0,40.0,45.0,35.0,60.0,40.0,50.0,50.0,1.0,2.0,1.0,1.0,1.0,2.0,1.0,1.0,1.0,2.0,1.0,2.0,2.0,2.0,1.0,1.0,2.0,2.0,1.0,1.0,1.0,2.0,1.0,2.0,1.0,1.0,1.0,2.0,1.0,2.0,1.0,2.0,1.0,2.0,2.0,2.0,2.0,2.0,2.0,2.0
99,3,3,3,3,4,3,4,3,2,2,70.0,,3.0,,2.0,3.0,5.0,,,,,5.0,,,2.0,1.0,,,,,,,,3.0,4.0,4.0,,10.0,,2.0,3.0,,,1.0,,4.0,,1.0,1.0,1.0,1.0,1.0,1.0,1.0,1.0,1.0,1.0,,,,,,,6,3,4,4,3,5,6,6,3,2,50.0,45.0,50.0,55.0,60.0,55.0,65.0,50.0,40.0,40.0,1.0,2.0,1.0,2.0,2.0,1.0,2.0,2.0,1.0,2.0,2.0,2.0,2.0,1.0,2.0,2.0,2.0,2.0,1.0,1.0,2.0,2.0,2.0,1.0,1.0,2.0,1.0,1.0,1.0,2.0,1.0,2.0,2.0,2.0,1.0,2.0,1.0,1.0,1.0,1.0
712,2,3,2,2,3,3,3,2,4,2,,30.0,,2.0,2.0,4.0,5.0,,,,5.0,,1.0,40.0,,1.0,,,,,,,,2.0,3.0,4.0,,18.0,1.0,,3.0,,,,1.0,,4.0,,,,,,,,,,,1.0,1.0,1.0,1.0,1.0,1.0,6,3,4,3,3,5,6,5,3,2,40.0,35.0,38.0,45.0,50.0,40.0,55.0,38.0,60.0,35.0,2.0,1.0,2.0,1.0,1.0,2.0,1.0,2.0,2.0,1.0,2.0,1.0,2.0,2.0,1.0,1.0,2.0,1.0,2.0,1.0,2.0,1.0,2.0,1.0,1.0,1.0,2.0,2.0,2.0,2.0,1.0,1.0,2.0,1.0,2.0,2.0,2.0,1.0,1.0,2.0
661,5,5,5,5,5,5,5,5,1,2,70.0,,,1.0,,,,3.0,5.0,2.0,,6.0,1.0,54.0,,1.0,,1.0,4.0,5.0,,,,,,,20.0,,,2.0,3.0,,,,1.0,,5.0,,,,,,,,,,,1.0,1.0,1.0,1.0,1.0,1.0,6,3,4,4,2,5,6,6,3,2,60.0,55.0,58.0,65.0,70.0,62.0,75.0,60.0,40.0,35.0,1.0,1.0,2.0,2.0,1.0,2.0,1.0,1.0,2.0,2.0,2.0,1.0,2.0,2.0,1.0,1.0,2.0,2.0,2.0,1.0,2.0,2.0,2.0,2.0,2.0,1.0,2.0,1.0,2.0,2.0,2.0,1.0,2.0,1.0,2.0,1.0,2.0,1.0,1.0,1.0
487,3,3,3,3,3,3,4,3,4,3,,30.0,,3.0,,,,3.0,4.0,3.0,5.0,,,,2.0,,2.0,,,,,,,3.0,4.0,4.0,,18.0,,2.0,3.0,,,,1.0,,4.0,,,,,,,,,,,1.0,1.0,1.0,1.0,1.0,1.0,6,3,4,3,3,5,6,6,3,2,45.0,40.0,40.0,50.0,55.0,45.0,60.0,40.0,50.0,40.0,1.0,2.0,2.0,2.0,2.0,1.0,1.0,2.0,2.0,1.0,2.0,1.0,2.0,2.0,1.0,2.0,2.0,1.0,2.0,2.0,1.0,1.0,2.0,1.0,2.0,2.0,2.0,1.0,1.0,1.0,1.0,2.0,2.0,2.0,2.0,2.0,2.0,2.0,1.0,2.0
1312,4,4,4,5,5,5,5,4,2,2,70.0,,3.0,,,,,3.0,4.0,2.0,,6.0,1.0,54.0,,,2.0,,,,,,,3.0,4.0,5.0,,18.0,1.0,,4.0,,,,1.0,4.0,,1.0,1.0,1.0,1.0,1.0,1.0,1.0,1.0,1.0,1.0,,,,,,,6,3,4,3,3,5,6,5,3,2,55.0,50.0,52.0,60.0,65.0,62.0,70.0,58.0,40.0,42.0,2.0,1.0,2.0,2.0,2.0,1.0,2.0,1.0,1.0,1.0,1.0,2.0,2.0,1.0,1.0,2.0,1.0,1.0,2.0,1.0,2.0,1.0,1.0,1.0,2.0,1.0,2.0,2.0,1.0,1.0,2.0,1.0,2.0,2.0,1.0,2.0,2.0,2.0,1.0,1.0
1261,2,2,2,1,2,2,4,1,4,4,,30.0,,1.0,2.0,3.0,5.0,,,,6.0,,1.0,54.0,,,2.0,2.0,4.0,5.0,,,,,,,,5.0,,2.0,5.0,,,1.0,,,4.0,1.0,1.0,1.0,1.0,1.0,1.0,1.0,1.0,1.0,1.0,,,,,,,6,3,4,3,3,5,6,5,3,2,45.0,40.0,42.0,38.0,44.0,41.0,60.0,35.0,50.0,48.0,2.0,2.0,1.0,1.0,2.0,1.0,1.0,1.0,1.0,1.0,1.0,1.0,2.0,1.0,1.0,1.0,2.0,1.0,1.0,1.0,1.0,1.0,1.0,1.0,1.0,1.0,1.0,1.0,1.0,1.0,1.0,1.0,2.0,1.0,1.0,1.0,1.0,1.0,1.0,1.0
1087,5,5,5,5,5,5,5,5,1,2,,30.0,1.0,,3.0,4.0,6.0,,,,6.0,,1.0,54.0,,1.0,,,,,4.0,5.0,6.0,,,,,18.0,,2.0,4.0,,,1.0,,5.0,,,,,,,,,,,,1.0,1.0,1.0,1.0,1.0,1.0,6,3,4,3,3,5,6,5,4,2,60.0,55.0,58.0,65.0,70.0,62.0,75.0,60.0,40.0,45.0,2.0,2.0,1.0,1.0,2.0,1.0,1.0,2.0,2.0,2.0,2.0,2.0,1.0,1.0,1.0,1.0,1.0,1.0,2.0,2.0,2.0,1.0,1.0,1.0,1.0,2.0,2.0,1.0,2.0,2.0,1.0,1.0,2.0,2.0,2.0,1.0,1.0,2.0,2.0,1.0
2018,3,4,3,4,4,4,4,3,2,2,,30.0,,2.0,,,,3.0,4.0,2.0,6.0,,,,2.0,,2.0,2.0,4.0,4.0,,,,,,,18.0,,,2.0,,,3.0,,1.0,4.0,,1.0,1.0,1.0,1.0,1.0,1.0,1.0,1.0,1.0,1.0,,,,,,,6,3,4,3,3,5,6,5,3,2,55.0,60.0,50.0,65.0,65.0,60.0,70.0,55.0,40.0,45.0,2.0,2.0,1.0,1.0,2.0,2.0,1.0,1.0,1.0,1.0,2.0,2.0,1.0,1.0,2.0,2.0,2.0,2.0,2.0,2.0,2.0,1.0,1.0,2.0,1.0,2.0,1.0,2.0,1.0,1.0,2.0,2.0,2.0,1.0,1.0,2.0,2.0,1.0,2.0,2.0
69,2,2,2,2,2,2,4,2,4,4,,30.0,,2.0,3.0,4.0,5.0,,,,,6.0,1.0,30.0,,,2.0,,,,3.0,4.0,5.0,,,,,15.0,1.0,,4.0,,,1.0,,,4.0,1.0,1.0,1.0,1.0,1.0,1.0,1.0,1.0,1.0,1.0,,,,,,,6,3,4,4,2,5,6,5,3,2,40.0,35.0,35.0,30.0,35.0,30.0,50.0,35.0,50.0,50.0,1.0,1.0,1.0,2.0,1.0,2.0,1.0,2.0,2.0,1.0,2.0,2.0,1.0,2.0,1.0,2.0,1.0,1.0,2.0,2.0,1.0,2.0,1.0,1.0,2.0,1.0,2.0,2.0,2.0,2.0,1.0,1.0,1.0,1.0,2.0,1.0,1.0,1.0,1.0,1.0
1805,4,4,4,4,4,4,4,4,2,2,70.0,,4.0,,3.0,4.0,6.0,,,,6.0,,1.0,54.0,,,2.0,,,,,,,3.0,4.0,5.0,,15.0,1.0,,3.0,,,,1.0,,4.0,,,,,,,,,,,1.0,1.0,1.0,1.0,1.0,1.0,6,4,4,4,3,5,6,6,3,2,55.0,50.0,52.0,60.0,62.0,58.0,65.0,54.0,40.0,38.0,2.0,1.0,1.0,2.0,1.0,1.0,2.0,2.0,1.0,2.0,1.0,1.0,2.0,2.0,1.0,1.0,2.0,2.0,1.0,1.0,2.0,1.0,1.0,2.0,2.0,1.0,2.0,2.0,2.0,2.0,1.0,1.0,1.0,2.0,2.0,1.0,1.0,1.0,2.0,2.0
1976,2,3,2,2,3,2,4,2,4,3,70.0,,,2.0,,,,3.0,5.0,2.0,6.0,,1.0,54.0,,,2.0,,,,,,,3.0,4.0,4.0,18.0,,,2.0,,6.0,,,1.0,4.0,,1.0,1.0,1.0,1.0,1.0,1.0,1.0,1.0,1.0,1.0,,,,,,,6,3,4,3,3,5,6,5,3,2,45.0,40.0,42.0,50.0,55.0,48.0,60.0,40.0,38.0,35.0,2.0,1.0,2.0,1.0,1.0,2.0,2.0,1.0,2.0,1.0,2.0,2.0,1.0,1.0,2.0,2.0,1.0,2.0,2.0,1.0,1.0,1.0,2.0,2.0,1.0,1.0,1.0,1.0,1.0,2.0,1.0,1.0,1.0,1.0,2.0,1.0,1.0,1.0,1.0,1.0
1104,2,3,2,2,3,2,3,2,4,4,,30.0,2.0,,2.0,3.0,5.0,,,,,5.0,1.0,30.0,,1.0,,,,,,,,2.0,4.0,4.0,,5.0,,2.0,3.0,,,1.0,,4.0,,,,,,,,,,,,1.0,1.0,1.0,1.0,1.0,1.0,6,3,4,3,3,5,6,5,3,2,45.0,40.0,40.0,50.0,55.0,45.0,60.0,40.0,50.0,45.0,1.0,2.0,1.0,1.0,2.0,1.0,2.0,2.0,1.0,2.0,1.0,1.0,1.0,1.0,1.0,2.0,1.0,1.0,1.0,2.0,1.0,1.0,1.0,2.0,1.0,1.0,1.0,1.0,1.0,1.0,1.0,1.0,1.0,1.0,1.0,2.0,2.0,1.0,1.0,1.0
1077,2,2,2,2,2,2,4,2,4,4,,30.0,,2.0,,,,3.0,4.0,2.0,,6.0,1.0,54.0,,,2.0,,,,2.0,4.0,5.0,,,,18.0,,1.0,,,7.0,,1.0,,4.0,,,,,,,,,,,,1.0,1.0,1.0,1.0,1.0,1.0,6,3,4,3,3,5,6,6,3,2,40.0,35.0,38.0,45.0,50.0,40.0,60.0,35.0,55.0,50.0,1.0,2.0,1.0,2.0,2.0,2.0,1.0,2.0,1.0,2.0,2.0,1.0,2.0,2.0,2.0,2.0,2.0,1.0,1.0,1.0,1.0,1.0,1.0,2.0,1.0,2.0,2.0,2.0,2.0,1.0,1.0,1.0,1.0,1.0,2.0,2.0,1.0,2.0,1.0,1.0
1291,4,4,4,5,5,5,5,5,1,2,,30.0,,2.0,,,,3.0,5.0,4.0,,6.0,1.0,54.0,,1.0,,3.0,4.0,5.0,,,,,,,18.0,,,2.0,,,3.0,,1.0,,5.0,1.0,1.0,1.0,1.0,1.0,1.0,1.0,1.0,1.0,1.0,,,,,,,6,3,4,3,3,5,6,5,3,2,55.0,50.0,52.0,60.0,65.0,62.0,70.0,58.0,40.0,45.0,1.0,2.0,2.0,2.0,1.0,2.0,2.0,1.0,1.0,2.0,1.0,2.0,2.0,2.0,2.0,2.0,2.0,2.0,2.0,1.0,2.0,2.0,1.0,2.0,1.0,2.0,2.0,1.0,2.0,1.0,1.0,2.0,2.0,1.0,2.0,2.0,1.0,1.0,1.0,1.0
1718,2,3,2,2,2,2,3,2,4,3,70.0,,3.0,,2.0,3.0,5.0,,,,,5.0,1.0,35.0,,,2.0,,,,,,,2.0,3.0,4.0,18.0,,,2.0,,6.0,,,1.0,,3.0,,,,,,,,,,,1.0,1.0,1.0,1.0,1.0,1.0,6,3,4,3,3,5,6,5,3,2,45.0,40.0,40.0,40.0,40.0,40.0,50.0,40.0,55.0,45.0,1.0,2.0,2.0,1.0,2.0,2.0,1.0,1.0,1.0,1.0,2.0,1.0,2.0,2.0,2.0,2.0,1.0,2.0,2.0,2.0,1.0,1.0,1.0,1.0,2.0,2.0,1.0,1.0,2.0,1.0,2.0,1.0,1.0,2.0,2.0,2.0,1.0,2.0,2.0,2.0
504,4,4,4,4,4,4,4,4,1,1,,30.0,3.0,,,,,3.0,4.0,2.0,6.0,,,,2.0,1.0,,,,,,,,3.0,4.0,4.0,,20.0,2.0,,3.0,,,1.0,,,4.0,1.0,1.0,1.0,1.0,1.0,1.0,1.0,1.0,1.0,1.0,,,,,,,6,3,4,3,3,5,6,5,3,2,60.0,55.0,58.0,65.0,70.0,62.0,75.0,60.0,40.0,35.0,2.0,2.0,2.0,2.0,2.0,2.0,2.0,2.0,2.0,2.0,2.0,2.0,2.0,1.0,1.0,2.0,1.0,2.0,2.0,2.0,2.0,2.0,2.0,2.0,2.0,2.0,2.0,2.0,2.0,1.0,2.0,2.0,2.0,2.0,2.0,1.0,2.0,2.0,2.0,2.0
477,2,2,2,2,2,2,2,2,4,4,,30.0,2.0,,,,,3.0,4.0,3.0,6.0,,,,2.0,,2.0,,,,2.0,4.0,5.0,,,,,5.0,,2.0,4.0,,,1.0,,3.0,,,,,,,,,,,,1.0,1.0,1.0,1.0,1.0,1.0,6,3,4,4,3,5,6,6,3,2,45.0,40.0,40.0,40.0,45.0,40.0,50.0,40.0,50.0,50.0,1.0,1.0,1.0,1.0,1.0,1.0,1.0,2.0,2.0,1.0,1.0,1.0,2.0,1.0,1.0,2.0,1.0,1.0,1.0,1.0,2.0,1.0,2.0,1.0,2.0,2.0,1.0,2.0,1.0,1.0,1.0,1.0,1.0,2.0,1.0,1.0,2.0,1.0,2.0,2.0
691,4,4,4,4,4,4,5,4,2,2,,30.0,3.0,,,,,3.0,5.0,2.0,,6.0,,,2.0,1.0,,2.0,4.0,5.0,,,,,,,18.0,,,2.0,4.0,,,1.0,,4.0,,,,,,,,,,,,1.0,1.0,1.0,1.0,1.0,1.0,6,3,4,4,3,5,6,6,3,2,55.0,50.0,52.0,60.0,65.0,58.0,70.0,60.0,40.0,38.0,1.0,1.0,2.0,2.0,1.0,1.0,1.0,2.0,1.0,2.0,1.0,1.0,1.0,1.0,1.0,1.0,1.0,2.0,2.0,2.0,2.0,2.0,1.0,2.0,2.0,1.0,1.0,1.0,1.0,1.0,2.0,2.0,1.0,2.0,1.0,1.0,1.0,1.0,2.0,1.0
318,2,2,2,2,2,2,4,2,4,4,,30.0,,2.0,2.0,3.0,5.0,,,,,5.0,1.0,54.0,,,2.0,2.0,4.0,5.0,,,,,,,,18.0,,2.0,,6.0,,1.0,,3.0,,1.0,1.0,1.0,1.0,1.0,1.0,1.0,1.0,1.0,1.0,,,,,,,6,3,4,4,3,5,6,6,3,2,40.0,35.0,35.0,45.0,50.0,40.0,60.0,35.0,50.0,50.0,1.0,1.0,1.0,1.0,1.0,2.0,2.0,1.0,1.0,1.0,1.0,2.0,2.0,2.0,1.0,2.0,2.0,1.0,1.0,1.0,1.0,1.0,2.0,1.0,2.0,2.0,2.0,1.0,2.0,1.0,2.0,2.0,1.0,1.0,2.0,2.0,1.0,2.0,1.0,2.0
1323,4,4,4,4,4,4,4,4,2,2,,30.0,,2.0,,,,3.0,5.0,4.0,,6.0,,,2.0,,2.0,2.0,4.0,5.0,,,,,,,15.0,,,2.0,,6.0,,,1.0,4.0,,,,,,,,,,,,1.0,1.0,1.0,1.0,1.0,1.0,6,3,4,4,3,5,6,6,3,2,55.0,50.0,55.0,60.0,65.0,60.0,70.0,60.0,40.0,35.0,1.0,1.0,2.0,2.0,2.0,1.0,1.0,2.0,2.0,2.0,1.0,2.0,2.0,2.0,2.0,1.0,2.0,1.0,2.0,1.0,2.0,2.0,2.0,2.0,1.0,1.0,2.0,2.0,1.0,2.0,2.0,1.0,1.0,2.0,1.0,2.0,1.0,2.0,2.0,2.0
1250,2,2,2,2,2,2,4,2,4,4,70.0,,2.0,,2.0,3.0,5.0,,,,,5.0,1.0,40.0,,1.0,,2.0,4.0,4.0,,,,,,,18.0,,,2.0,,6.0,,,1.0,,4.0,1.0,1.0,1.0,1.0,1.0,1.0,1.0,1.0,1.0,1.0,,,,,,,6,3,4,3,3,5,6,5,3,2,40.0,35.0,35.0,40.0,45.0,35.0,60.0,40.0,50.0,50.0,1.0,1.0,1.0,2.0,1.0,1.0,1.0,1.0,1.0,2.0,1.0,2.0,2.0,1.0,1.0,2.0,1.0,2.0,2.0,2.0,1.0,1.0,2.0,2.0,1.0,2.0,2.0,1.0,2.0,2.0,1.0,1.0,2.0,2.0,1.0,2.0,2.0,2.0,1.0,2.0
723,4,4,4,4,4,4,4,4,2,2,70.0,,,2.0,3.0,4.0,5.0,,,,5.0,,,,2.0,1.0,,2.0,4.0,4.0,,,,,,,,18.0,1.0,,,,2.0,1.0,,,4.0,,,,,,,,,,,1.0,1.0,1.0,1.0,1.0,1.0,6,3,5,4,3,5,6,5,3,2,55.0,50.0,52.0,60.0,62.0,58.0,65.0,54.0,40.0,38.0,2.0,2.0,1.0,2.0,2.0,2.0,1.0,1.0,1.0,2.0,2.0,1.0,1.0,1.0,1.0,2.0,2.0,2.0,1.0,2.0,2.0,2.0,2.0,2.0,2.0,2.0,2.0,2.0,2.0,1.0,2.0,1.0,2.0,1.0,2.0,1.0,2.0,1.0,1.0,2.0
650,3,3,3,4,4,4,4,4,2,2,,30.0,3.0,,,,,3.0,5.0,2.0,,5.0,,,2.0,,2.0,2.0,4.0,4.0,,,,,,,,15.0,,2.0,3.0,,,,1.0,4.0,,,,,,,,,,,,1.0,1.0,1.0,1.0,1.0,1.0,6,3,4,4,3,5,6,6,3,2,45.0,40.0,40.0,55.0,60.0,60.0,65.0,55.0,35.0,35.0,2.0,2.0,1.0,2.0,2.0,2.0,1.0,2.0,1.0,2.0,2.0,1.0,2.0,1.0,2.0,1.0,2.0,2.0,1.0,2.0,2.0,2.0,1.0,2.0,1.0,2.0,2.0,2.0,1.0,2.0,2.0,1.0,1.0,2.0,2.0,2.0,2.0,1.0,1.0,2.0
938,4,4,4,4,4,4,4,4,2,2,,30.0,,2.0,,,,3.0,4.0,2.0,6.0,,1.0,54.0,,,2.0,,,,2.0,4.0,4.0,,,,20.0,,,2.0,,,1.0,1.0,,4.0,,,,,,,,,,,,1.0,1.0,1.0,1.0,1.0,1.0,6,3,4,4,2,5,6,6,3,2,55.0,50.0,52.0,60.0,62.0,58.0,65.0,54.0,40.0,42.0,,,,,,,,,,,,,,,,,,,,,,,,,,,,,,,,,,,,,,,,
1439,5,5,5,5,5,5,5,5,1,1,70.0,,5.0,,,,,3.0,4.0,3.0,6.0,,1.0,54.0,,1.0,,,,,,,,4.0,5.0,6.0,,20.0,1.0,,4.0,,,,1.0,,6.0,1.0,1.0,1.0,1.0,1.0,1.0,1.0,1.0,1.0,1.0,,,,,,,6,3,4,3,3,5,6,5,3,2,60.0,55.0,60.0,65.0,70.0,60.0,75.0,60.0,40.0,35.0,2.0,2.0,2.0,2.0,1.0,1.0,1.0,1.0,1.0,1.0,1.0,2.0,1.0,1.0,2.0,1.0,1.0,1.0,2.0,1.0,2.0,2.0,1.0,1.0,2.0,2.0,2.0,1.0,2.0,1.0,1.0,2.0,1.0,2.0,1.0,1.0,2.0,2.0,1.0,2.0
1356,4,4,4,4,4,4,4,4,2,2,,30.0,4.0,,,,,3.0,4.0,2.0,,5.0,1.0,54.0,,,2.0,2.0,4.0,4.0,,,,,,,,18.0,,2.0,,,2.0,,1.0,,4.0,,,,,,,,,,,1.0,1.0,1.0,1.0,1.0,1.0,6,3,4,3,3,5,6,5,3,2,55.0,50.0,52.0,60.0,65.0,58.0,70.0,60.0,40.0,45.0,2.0,2.0,1.0,1.0,2.0,2.0,2.0,1.0,2.0,2.0,2.0,1.0,2.0,1.0,2.0,2.0,2.0,1.0,2.0,2.0,1.0,2.0,1.0,2.0,2.0,2.0,1.0,2.0,1.0,2.0,1.0,2.0,1.0,2.0,1.0,2.0,2.0,1.0,2.0,1.0
1225,2,2,2,2,2,2,4,2,4,4,,30.0,2.0,,,,,3.0,4.0,2.0,,5.0,1.0,40.0,,1.0,,1.0,2.0,3.0,,,,,,,,0.0,2.0,,3.0,,,,1.0,3.0,,1.0,1.0,1.0,1.0,1.0,1.0,1.0,1.0,1.0,1.0,,,,,,,6,3,4,3,3,5,6,5,2,2,40.0,35.0,35.0,40.0,45.0,35.0,60.0,40.0,50.0,50.0,2.0,2.0,2.0,2.0,2.0,2.0,2.0,2.0,1.0,2.0,1.0,1.0,1.0,2.0,1.0,1.0,1.0,1.0,1.0,1.0,2.0,2.0,1.0,1.0,2.0,1.0,2.0,2.0,2.0,2.0,2.0,1.0,2.0,1.0,2.0,2.0,2.0,1.0,1.0,2.0
756,2,2,2,2,2,2,4,2,4,2,,30.0,2.0,,2.0,3.0,5.0,,,,,5.0,,,2.0,,2.0,,,,3.0,4.0,4.0,,,,18.0,,,2.0,,5.0,,1.0,,,4.0,,,,,,,,,,,1.0,1.0,1.0,1.0,1.0,1.0,6,3,4,4,3,5,6,6,3,2,40.0,35.0,35.0,30.0,35.0,30.0,50.0,35.0,45.0,35.0,2.0,2.0,2.0,1.0,2.0,2.0,1.0,2.0,2.0,1.0,1.0,2.0,2.0,2.0,2.0,2.0,2.0,1.0,1.0,1.0,2.0,2.0,2.0,2.0,2.0,2.0,1.0,2.0,2.0,1.0,2.0,2.0,2.0,2.0,2.0,1.0,2.0,2.0,2.0,2.0
625,4,4,4,4,4,4,4,4,2,2,70.0,,4.0,,3.0,4.0,5.0,,,,,6.0,1.0,54.0,,1.0,,2.0,4.0,4.0,,,,,,,,18.0,,2.0,,,3.0,,1.0,4.0,,,,,,,,,,,,1.0,1.0,1.0,1.0,1.0,1.0,6,3,4,4,2,5,6,6,3,2,55.0,50.0,52.0,60.0,62.0,58.0,65.0,54.0,40.0,42.0,1.0,1.0,1.0,2.0,2.0,2.0,1.0,1.0,2.0,2.0,1.0,1.0,2.0,2.0,2.0,1.0,1.0,2.0,2.0,2.0,2.0,2.0,2.0,2.0,1.0,2.0,1.0,2.0,2.0,2.0,2.0,2.0,2.0,2.0,2.0,2.0,1.0,1.0,1.0,1.0
1870,2,3,3,2,3,2,3,2,4,2,70.0,,3.0,,3.0,4.0,6.0,,,,5.0,,,,2.0,,2.0,2.0,3.0,4.0,,,,,,,20.0,,,2.0,3.0,,,,1.0,3.0,,1.0,1.0,1.0,1.0,1.0,1.0,1.0,1.0,1.0,1.0,,,,,,,6,3,4,3,3,5,6,5,3,2,40.0,35.0,35.0,30.0,40.0,30.0,45.0,30.0,50.0,30.0,1.0,2.0,1.0,1.0,1.0,1.0,1.0,2.0,2.0,1.0,2.0,2.0,2.0,2.0,1.0,2.0,1.0,2.0,1.0,1.0,2.0,1.0,1.0,2.0,2.0,1.0,2.0,1.0,2.0,2.0,1.0,2.0,1.0,2.0,1.0,1.0,1.0,2.0,2.0,1.0
1903,4,4,4,4,4,4,5,4,2,2,,30.0,3.0,,,,,3.0,4.0,2.0,,6.0,1.0,54.0,,,2.0,2.0,4.0,5.0,,,,,,,,15.0,1.0,,4.0,,,1.0,,4.0,,1.0,1.0,1.0,1.0,1.0,1.0,1.0,1.0,1.0,1.0,,,,,,,6,3,4,3,3,5,6,5,3,2,55.0,50.0,52.0,60.0,65.0,58.0,70.0,54.0,40.0,42.0,2.0,2.0,1.0,1.0,2.0,2.0,2.0,2.0,1.0,2.0,2.0,2.0,2.0,2.0,2.0,2.0,2.0,2.0,2.0,2.0,2.0,2.0,2.0,2.0,2.0,2.0,2.0,2.0,2.0,2.0,2.0,1.0,2.0,2.0,2.0,1.0,2.0,2.0,2.0,1.0
1397,4,4,4,4,4,4,5,4,2,2,70.0,,,2.0,3.0,4.0,5.0,,,,,6.0,,,2.0,1.0,,,,,2.0,4.0,5.0,,,,,10.0,1.0,,,5.0,,,1.0,4.0,,,,,,,,,,,,1.0,1.0,1.0,1.0,1.0,1.0,6,3,4,4,3,5,6,6,3,2,60.0,55.0,58.0,65.0,70.0,60.0,75.0,55.0,40.0,45.0,1.0,1.0,1.0,2.0,1.0,2.0,2.0,1.0,1.0,1.0,2.0,2.0,1.0,2.0,1.0,1.0,1.0,2.0,2.0,1.0,2.0,2.0,1.0,2.0,1.0,1.0,2.0,1.0,2.0,1.0,1.0,2.0,2.0,1.0,2.0,2.0,2.0,1.0,1.0,2.0
1171,4,4,4,3,4,4,5,4,2,2,,30.0,3.0,,,,,3.0,5.0,2.0,,6.0,1.0,54.0,,1.0,,,,,3.0,4.0,5.0,,,,,15.0,,2.0,,6.0,,1.0,,,4.0,1.0,1.0,1.0,1.0,1.0,1.0,1.0,1.0,1.0,1.0,,,,,,,6,3,4,3,3,5,6,5,3,2,55.0,50.0,52.0,60.0,62.0,58.0,70.0,54.0,40.0,42.0,1.0,2.0,1.0,2.0,1.0,2.0,2.0,1.0,1.0,2.0,2.0,1.0,1.0,2.0,2.0,2.0,1.0,1.0,2.0,1.0,2.0,1.0,2.0,1.0,1.0,2.0,2.0,1.0,2.0,1.0,1.0,2.0,1.0,2.0,2.0,1.0,2.0,1.0,1.0,2.0
1002,2,2,2,2,2,2,3,2,4,4,,30.0,,2.0,,,,3.0,4.0,3.0,,5.0,,,2.0,1.0,,2.0,3.0,4.0,,,,,,,,15.0,1.0,,,,2.0,1.0,,4.0,,,,,,,,,,,,1.0,1.0,1.0,1.0,1.0,1.0,6,3,4,3,3,5,6,5,3,2,45.0,40.0,40.0,50.0,55.0,45.0,60.0,50.0,55.0,45.0,2.0,2.0,2.0,1.0,1.0,2.0,1.0,2.0,2.0,2.0,2.0,1.0,2.0,2.0,1.0,1.0,1.0,2.0,2.0,1.0,1.0,2.0,2.0,1.0,2.0,2.0,1.0,2.0,2.0,2.0,2.0,2.0,2.0,1.0,1.0,2.0,2.0,2.0,1.0,2.0
797,5,5,5,5,5,5,5,5,1,2,,30.0,,2.0,3.0,4.0,6.0,,,,,6.0,1.0,40.0,,1.0,,2.0,4.0,4.0,,,,,,,,18.0,1.0,,,6.0,,,1.0,5.0,,1.0,1.0,1.0,1.0,1.0,1.0,1.0,1.0,1.0,1.0,,,,,,,6,3,4,3,3,5,6,5,3,2,60.0,55.0,55.0,65.0,70.0,60.0,70.0,60.0,40.0,45.0,2.0,1.0,1.0,2.0,2.0,1.0,2.0,2.0,1.0,1.0,1.0,1.0,1.0,1.0,1.0,2.0,2.0,2.0,2.0,2.0,2.0,2.0,2.0,2.0,2.0,2.0,1.0,2.0,2.0,2.0,2.0,1.0,2.0,2.0,2.0,2.0,2.0,2.0,1.0,2.0
571,4,4,4,4,4,4,4,4,2,2,70.0,,3.0,,2.0,3.0,6.0,,,,6.0,,1.0,54.0,,1.0,,2.0,4.0,4.0,,,,,,,,20.0,1.0,,,6.0,,,1.0,,4.0,,,,,,,,,,,1.0,1.0,1.0,1.0,1.0,1.0,6,3,4,3,3,5,6,5,3,2,55.0,50.0,52.0,60.0,62.0,58.0,65.0,54.0,40.0,42.0,2.0,2.0,1.0,2.0,2.0,2.0,2.0,2.0,2.0,2.0,2.0,2.0,2.0,2.0,2.0,2.0,2.0,2.0,2.0,2.0,2.0,2.0,2.0,2.0,2.0,2.0,2.0,2.0,2.0,2.0,2.0,2.0,2.0,2.0,2.0,2.0,2.0,2.0,2.0,2.0
402,2,2,2,2,2,2,4,2,4,4,,30.0,2.0,,,,,3.0,5.0,2.0,,5.0,,,2.0,1.0,,,,,4.0,4.0,5.0,,,,,18.0,1.0,,,6.0,,1.0,,,4.0,,,,,,,,,,,1.0,1.0,1.0,1.0,1.0,1.0,6,3,5,4,3,5,6,5,3,2,40.0,38.0,35.0,30.0,32.0,28.0,50.0,33.0,45.0,44.0,2.0,1.0,2.0,2.0,2.0,1.0,1.0,2.0,2.0,1.0,1.0,1.0,1.0,2.0,1.0,2.0,2.0,2.0,1.0,2.0,1.0,2.0,2.0,1.0,2.0,2.0,2.0,1.0,1.0,1.0,2.0,2.0,1.0,1.0,1.0,1.0,1.0,1.0,1.0,1.0
1540,3,3,3,2,3,2,4,2,4,3,,30.0,3.0,,3.0,4.0,5.0,,,,,5.0,1.0,54.0,,1.0,,3.0,4.0,5.0,,,,,,,,15.0,1.0,,,6.0,,1.0,,,4.0,1.0,1.0,1.0,1.0,1.0,1.0,1.0,1.0,1.0,1.0,,,,,,,6,3,4,4,3,5,6,6,3,2,45.0,40.0,40.0,50.0,55.0,50.0,60.0,45.0,40.0,35.0,1.0,1.0,2.0,2.0,1.0,1.0,1.0,1.0,1.0,1.0,1.0,2.0,2.0,1.0,2.0,1.0,1.0,2.0,1.0,1.0,1.0,2.0,2.0,1.0,2.0,1.0,1.0,2.0,1.0,1.0,1.0,1.0,1.0,2.0,1.0,1.0,1.0,1.0,2.0,1.0
1433,4,4,4,3,4,3,4,3,2,2,70.0,,,2.0,,,,3.0,4.0,2.0,6.0,,1.0,54.0,,,2.0,,,,3.0,4.0,5.0,,,,,15.0,,2.0,4.0,,,,1.0,,4.0,,,,,,,,,,,1.0,1.0,1.0,1.0,1.0,1.0,6,3,4,3,2,5,6,5,3,2,55.0,50.0,52.0,60.0,58.0,54.0,62.0,48.0,40.0,42.0,1.0,1.0,2.0,1.0,2.0,2.0,2.0,1.0,2.0,1.0,2.0,2.0,1.0,1.0,2.0,1.0,1.0,1.0,2.0,1.0,2.0,2.0,1.0,2.0,1.0,2.0,2.0,1.0,1.0,1.0,1.0,1.0,2.0,1.0,1.0,2.0,2.0,1.0,2.0,1.0
140,2,3,2,2,3,2,4,2,4,3,,30.0,,2.0,3.0,4.0,5.0,,,,,6.0,1.0,40.0,,1.0,,,,,,,,3.0,4.0,5.0,,15.0,1.0,,,,3.0,1.0,,,4.0,1.0,1.0,1.0,1.0,1.0,1.0,1.0,1.0,1.0,1.0,,,,,,,6,3,4,4,3,5,6,5,3,2,40.0,35.0,38.0,45.0,50.0,35.0,60.0,40.0,55.0,45.0,1.0,2.0,1.0,2.0,2.0,1.0,1.0,2.0,2.0,1.0,1.0,1.0,1.0,1.0,1.0,1.0,1.0,2.0,1.0,1.0,1.0,1.0,2.0,1.0,1.0,1.0,2.0,1.0,2.0,2.0,2.0,1.0,1.0,1.0,1.0,1.0,1.0,1.0,1.0,2.0
841,3,4,3,3,4,3,4,3,2,2,,30.0,2.0,,,,,3.0,4.0,3.0,,5.0,,,2.0,1.0,,,,,3.0,4.0,5.0,,,,15.0,,,2.0,,6.0,,,1.0,,4.0,1.0,1.0,1.0,1.0,1.0,1.0,1.0,1.0,1.0,1.0,,,,,,,6,3,4,4,3,5,6,6,3,2,55.0,50.0,52.0,60.0,62.0,58.0,65.0,54.0,45.0,40.0,2.0,1.0,1.0,1.0,1.0,1.0,2.0,1.0,1.0,1.0,1.0,1.0,2.0,1.0,2.0,2.0,1.0,1.0,2.0,2.0,1.0,1.0,1.0,2.0,1.0,1.0,2.0,1.0,1.0,1.0,2.0,1.0,1.0,1.0,1.0,2.0,2.0,1.0,1.0,2.0
932,4,4,4,5,5,5,5,4,2,2,70.0,,3.0,,2.0,3.0,5.0,,,,,6.0,1.0,54.0,,,2.0,2.0,4.0,5.0,,,,,,,18.0,,1.0,,,5.0,,,1.0,5.0,,1.0,1.0,1.0,1.0,1.0,1.0,1.0,1.0,1.0,1.0,,,,,,,6,3,4,3,3,5,6,5,3,2,55.0,50.0,52.0,60.0,62.0,58.0,65.0,54.0,40.0,42.0,2.0,2.0,1.0,2.0,1.0,1.0,1.0,2.0,1.0,2.0,1.0,2.0,1.0,1.0,1.0,2.0,1.0,1.0,1.0,1.0,2.0,1.0,1.0,2.0,2.0,1.0,2.0,1.0,2.0,2.0,2.0,1.0,1.0,2.0,2.0,1.0,1.0,1.0,2.0,1.0
1767,2,3,2,2,3,2,4,2,4,3,,30.0,3.0,,3.0,4.0,6.0,,,,5.0,,,,2.0,,2.0,,,,3.0,4.0,4.0,,,,,12.0,,2.0,,,2.0,1.0,,,4.0,1.0,1.0,1.0,1.0,1.0,1.0,1.0,1.0,1.0,1.0,,,,,,,6,3,4,3,3,5,6,5,3,2,45.0,40.0,42.0,55.0,60.0,50.0,65.0,48.0,38.0,41.0,2.0,2.0,1.0,2.0,1.0,1.0,1.0,2.0,1.0,1.0,2.0,1.0,2.0,2.0,1.0,2.0,2.0,1.0,2.0,1.0,2.0,2.0,1.0,2.0,1.0,1.0,1.0,2.0,2.0,1.0,1.0,2.0,2.0,1.0,1.0,2.0,1.0,1.0,2.0,1.0
1614,2,3,3,2,3,2,4,2,4,3,,30.0,2.0,,,,,3.0,4.0,2.0,,5.0,,,2.0,1.0,,2.0,4.0,5.0,,,,,,,18.0,,,2.0,,,2.0,1.0,,,4.0,1.0,1.0,1.0,1.0,1.0,1.0,1.0,1.0,1.0,1.0,,,,,,,6,3,4,4,3,5,6,6,3,2,45.0,40.0,42.0,48.0,50.0,38.0,60.0,41.0,44.0,43.0,2.0,2.0,2.0,2.0,2.0,2.0,2.0,2.0,2.0,2.0,2.0,2.0,2.0,2.0,2.0,2.0,1.0,2.0,1.0,2.0,1.0,2.0,1.0,2.0,2.0,2.0,2.0,2.0,2.0,1.0,1.0,2.0,2.0,2.0,1.0,2.0,2.0,2.0,2.0,2.0
1581,4,4,4,4,4,4,5,4,2,2,70.0,,4.0,,,,,3.0,4.0,2.0,,6.0,,,2.0,,2.0,,,,,,,3.0,4.0,5.0,18.0,,,2.0,,6.0,,,1.0,,5.0,1.0,1.0,1.0,1.0,1.0,1.0,1.0,1.0,1.0,1.0,,,,,,,6,3,4,4,3,5,6,6,3,2,55.0,60.0,58.0,65.0,68.0,62.0,70.0,60.0,40.0,38.0,2.0,1.0,1.0,1.0,2.0,1.0,2.0,2.0,1.0,2.0,1.0,2.0,2.0,1.0,2.0,2.0,1.0,2.0,1.0,2.0,2.0,1.0,1.0,1.0,1.0,2.0,2.0,1.0,2.0,1.0,1.0,2.0,2.0,1.0,1.0,1.0,2.0,1.0,2.0,1.0
1008,4,4,4,4,4,4,4,4,2,2,70.0,,,2.0,3.0,4.0,5.0,,,,,6.0,,,2.0,1.0,,,,,,,,3.0,4.0,5.0,18.0,,,2.0,,,3.0,1.0,,,4.0,,,,,,,,,,,1.0,1.0,1.0,1.0,1.0,1.0,6,4,4,4,3,5,5,5,3,2,55.0,50.0,52.0,60.0,62.0,58.0,65.0,54.0,40.0,42.0,2.0,2.0,1.0,1.0,2.0,1.0,2.0,2.0,2.0,1.0,1.0,1.0,1.0,2.0,1.0,1.0,1.0,2.0,1.0,2.0,1.0,1.0,1.0,2.0,2.0,1.0,1.0,1.0,2.0,2.0,2.0,2.0,2.0,2.0,1.0,1.0,2.0,1.0,1.0,1.0
367,4,4,4,4,4,4,4,4,2,2,,30.0,3.0,,3.0,4.0,5.0,,,,6.0,,,,2.0,,2.0,2.0,4.0,4.0,,,,,,,,18.0,,2.0,,6.0,,1.0,,4.0,,1.0,1.0,1.0,1.0,1.0,1.0,1.0,1.0,1.0,1.0,,,,,,,6,3,4,4,3,5,6,6,3,2,55.0,50.0,52.0,60.0,62.0,58.0,65.0,54.0,40.0,38.0,1.0,1.0,2.0,2.0,1.0,2.0,1.0,1.0,1.0,1.0,1.0,2.0,1.0,2.0,2.0,1.0,1.0,1.0,2.0,2.0,1.0,2.0,1.0,2.0,2.0,2.0,1.0,2.0,2.0,2.0,1.0,1.0,1.0,2.0,1.0,1.0,2.0,2.0,1.0,2.0
214,3,3,3,3,3,3,3,3,4,4,70.0,,3.0,,3.0,4.0,5.0,,,,,5.0,,,2.0,,2.0,3.0,3.0,4.0,,,,,,,,10.0,,2.0,4.0,,,,1.0,,4.0,,,,,,,,,,,1.0,1.0,1.0,1.0,1.0,1.0,6,3,4,4,2,5,6,6,3,2,45.0,40.0,42.0,50.0,55.0,48.0,60.0,52.0,38.0,41.0,2.0,2.0,1.0,2.0,2.0,1.0,2.0,2.0,2.0,1.0,2.0,2.0,2.0,2.0,2.0,1.0,2.0,1.0,1.0,2.0,2.0,2.0,1.0,2.0,1.0,1.0,2.0,1.0,2.0,1.0,2.0,1.0,1.0,2.0,2.0,1.0,2.0,2.0,1.0,2.0
181,4,4,4,4,4,4,5,4,2,2,,30.0,,2.0,3.0,4.0,5.0,,,,,6.0,,,2.0,1.0,,,,,,,,2.0,4.0,5.0,20.0,,1.0,,,,2.0,1.0,,4.0,,,,,,,,,,,,1.0,1.0,1.0,1.0,1.0,1.0,6,3,4,4,2,5,6,6,3,2,55.0,50.0,52.0,60.0,65.0,58.0,70.0,60.0,40.0,38.0,2.0,2.0,2.0,1.0,2.0,2.0,1.0,1.0,2.0,1.0,2.0,2.0,2.0,2.0,1.0,2.0,2.0,2.0,1.0,2.0,2.0,1.0,2.0,1.0,2.0,2.0,2.0,2.0,1.0,2.0,1.0,2.0,2.0,2.0,1.0,1.0,2.0,2.0,1.0,1.0
408,5,5,5,5,5,5,5,5,1,2,,30.0,4.0,,3.0,4.0,6.0,,,,,,1.0,54.0,,,2.0,2.0,5.0,6.0,,,,,,,18.0,,1.0,,4.0,,,1.0,,5.0,,,,,,,,,,,,1.0,1.0,1.0,1.0,1.0,1.0,6,3,4,4,2,5,6,6,4,2,60.0,55.0,58.0,65.0,68.0,62.0,70.0,60.0,40.0,45.0,2.0,1.0,1.0,2.0,2.0,2.0,1.0,2.0,1.0,1.0,2.0,2.0,2.0,2.0,1.0,1.0,1.0,1.0,1.0,2.0,2.0,2.0,2.0,2.0,2.0,1.0,2.0,2.0,2.0,2.0,2.0,1.0,1.0,2.0,1.0,2.0,1.0,2.0,1.0,1.0
880,5,5,5,5,5,5,5,5,1,2,70.0,,3.0,,,,,3.0,5.0,4.0,6.0,,,,2.0,,2.0,,,,4.0,5.0,6.0,,,,18.0,,1.0,,,,3.0,,1.0,5.0,,1.0,1.0,1.0,1.0,1.0,1.0,1.0,1.0,1.0,1.0,,,,,,,6,3,5,4,3,5,6,5,4,2,55.0,50.0,52.0,60.0,65.0,58.0,70.0,60.0,40.0,45.0,1.0,2.0,2.0,1.0,1.0,1.0,1.0,1.0,2.0,2.0,2.0,2.0,1.0,1.0,2.0,1.0,1.0,2.0,1.0,1.0,2.0,1.0,2.0,2.0,1.0,2.0,2.0,1.0,1.0,1.0,2.0,1.0,1.0,2.0,1.0,1.0,1.0,2.0,1.0,2.0
16,2,3,3,2,3,2,4,2,4,3,70.0,,3.0,,2.0,3.0,5.0,,,,,5.0,1.0,40.0,,,2.0,,,,,,,3.0,4.0,4.0,15.0,,1.0,,,,2.0,1.0,,,4.0,1.0,1.0,1.0,1.0,1.0,1.0,1.0,1.0,1.0,1.0,,,,,,,6,3,4,4,2,5,6,6,3,2,45.0,40.0,40.0,40.0,45.0,35.0,60.0,40.0,50.0,40.0,1.0,1.0,2.0,2.0,1.0,2.0,2.0,1.0,2.0,2.0,1.0,2.0,1.0,2.0,1.0,1.0,1.0,2.0,2.0,2.0,2.0,2.0,1.0,1.0,1.0,1.0,1.0,2.0,2.0,2.0,1.0,2.0,2.0,1.0,2.0,1.0,2.0,1.0,2.0,1.0
1909,5,5,5,5,5,5,5,5,1,2,70.0,,,1.0,,,,3.0,4.0,2.0,,6.0,1.0,54.0,,,2.0,,,,3.0,5.0,6.0,,,,,15.0,,2.0,3.0,,,,1.0,5.0,,,,,,,,,,,,1.0,1.0,1.0,1.0,1.0,1.0,6,3,4,3,2,5,6,5,4,2,60.0,55.0,50.0,65.0,70.0,60.0,75.0,55.0,40.0,35.0,1.0,1.0,2.0,1.0,2.0,2.0,1.0,1.0,1.0,1.0,2.0,1.0,1.0,2.0,1.0,2.0,1.0,1.0,2.0,2.0,2.0,2.0,1.0,2.0,1.0,1.0,1.0,2.0,1.0,1.0,1.0,1.0,1.0,2.0,1.0,2.0,1.0,1.0,2.0,2.0
1487,2,2,2,2,2,2,4,2,4,4,70.0,,2.0,,,,,3.0,5.0,2.0,6.0,,1.0,40.0,,,2.0,,,,,,,2.0,4.0,4.0,18.0,,1.0,,4.0,,,1.0,,,4.0,,,,,,,,,,,1.0,1.0,1.0,1.0,1.0,1.0,6,3,4,3,2,5,6,5,3,2,40.0,35.0,35.0,40.0,45.0,35.0,50.0,40.0,30.0,30.0,2.0,2.0,2.0,1.0,2.0,1.0,1.0,1.0,2.0,1.0,1.0,2.0,2.0,2.0,1.0,1.0,2.0,1.0,2.0,2.0,1.0,2.0,1.0,2.0,2.0,2.0,2.0,1.0,1.0,2.0,1.0,2.0,1.0,1.0,1.0,2.0,2.0,1.0,2.0,2.0
1712,5,5,5,5,5,5,5,5,1,2,,30.0,5.0,,3.0,4.0,6.0,,,,,6.0,1.0,54.0,,,2.0,2.0,5.0,6.0,,,,,,,,20.0,,2.0,4.0,,,,1.0,,5.0,1.0,1.0,1.0,1.0,1.0,1.0,1.0,1.0,1.0,1.0,,,,,,,6,3,4,3,3,5,6,5,4,2,60.0,55.0,60.0,65.0,70.0,65.0,75.0,60.0,40.0,35.0,2.0,1.0,1.0,1.0,1.0,1.0,2.0,1.0,2.0,2.0,1.0,2.0,1.0,1.0,1.0,1.0,1.0,2.0,2.0,2.0,1.0,2.0,2.0,1.0,2.0,2.0,2.0,2.0,1.0,1.0,2.0,1.0,2.0,2.0,1.0,2.0,2.0,1.0,1.0,2.0
1661,4,4,4,4,4,4,4,4,2,2,,30.0,4.0,,3.0,4.0,5.0,,,,6.0,,1.0,54.0,,1.0,,,,,,,,3.0,4.0,5.0,,20.0,1.0,,,6.0,,1.0,,,5.0,,,,,,,,,,,1.0,1.0,1.0,1.0,1.0,1.0,6,3,4,3,3,5,6,5,3,2,55.0,50.0,52.0,60.0,62.0,58.0,65.0,54.0,40.0,42.0,,,,,,,,,,,,,,,,,,,,,,,,,,,,,,,,,,,,,,,,
312,2,2,2,2,2,2,4,2,4,2,,30.0,,2.0,3.0,4.0,6.0,,,,6.0,,1.0,54.0,,,2.0,,,,2.0,4.0,4.0,,,,20.0,,,2.0,,,2.0,,1.0,3.0,,,,,,,,,,,,1.0,1.0,1.0,1.0,1.0,1.0,6,3,4,4,3,5,6,6,3,2,45.0,40.0,40.0,40.0,40.0,40.0,50.0,40.0,50.0,40.0,2.0,2.0,2.0,2.0,1.0,1.0,2.0,1.0,2.0,2.0,2.0,1.0,1.0,1.0,1.0,1.0,1.0,1.0,1.0,1.0,1.0,1.0,2.0,1.0,1.0,2.0,1.0,2.0,2.0,2.0,1.0,1.0,1.0,1.0,2.0,2.0,1.0,2.0,1.0,2.0
261,2,2,2,2,3,2,4,2,4,4,70.0,,,2.0,3.0,4.0,5.0,,,,,,1.0,40.0,,,2.0,2.0,4.0,4.0,,,,,,,18.0,,,2.0,4.0,,,1.0,,,4.0,,,,,,,,,,,1.0,1.0,1.0,1.0,1.0,1.0,6,3,4,3,2,5,6,5,3,2,40.0,35.0,35.0,40.0,45.0,35.0,50.0,35.0,55.0,55.0,2.0,1.0,1.0,1.0,2.0,2.0,2.0,1.0,1.0,2.0,2.0,2.0,2.0,2.0,1.0,1.0,1.0,2.0,1.0,2.0,1.0,1.0,2.0,1.0,2.0,1.0,2.0,1.0,2.0,1.0,1.0,2.0,1.0,2.0,2.0,2.0,1.0,1.0,1.0,1.0
2012,2,2,2,2,2,2,3,2,4,3,,30.0,2.0,,3.0,4.0,5.0,,,,,5.0,1.0,54.0,,,2.0,,,,3.0,4.0,4.0,,,,,18.0,1.0,,4.0,,,1.0,,3.0,,,,,,,,,,,,1.0,1.0,1.0,1.0,1.0,1.0,6,3,4,3,2,5,6,5,3,2,45.0,40.0,40.0,40.0,45.0,40.0,50.0,40.0,55.0,45.0,2.0,2.0,2.0,1.0,2.0,2.0,1.0,2.0,2.0,2.0,2.0,1.0,1.0,1.0,1.0,1.0,2.0,1.0,1.0,2.0,1.0,2.0,2.0,2.0,2.0,2.0,2.0,1.0,2.0,2.0,1.0,2.0,1.0,1.0,1.0,2.0,2.0,2.0,1.0,1.0
986,3,3,3,4,4,4,4,3,2,2,70.0,,3.0,,3.0,4.0,6.0,,,,,5.0,,,2.0,1.0,,,,,3.0,4.0,4.0,,,,,10.0,1.0,,,,2.0,,1.0,,4.0,,,,,,,,,,,1.0,1.0,1.0,1.0,1.0,1.0,6,3,4,3,3,5,6,5,3,2,50.0,50.0,50.0,60.0,60.0,60.0,60.0,50.0,40.0,40.0,1.0,2.0,1.0,2.0,1.0,1.0,2.0,2.0,2.0,2.0,1.0,2.0,1.0,1.0,1.0,2.0,1.0,2.0,1.0,2.0,2.0,2.0,1.0,2.0,1.0,2.0,1.0,2.0,1.0,2.0,1.0,1.0,2.0,2.0,1.0,1.0,1.0,2.0,2.0,2.0
63,1,1,1,1,1,1,1,1,5,5,70.0,,2.0,,2.0,3.0,6.0,,,,6.0,,,,2.0,,2.0,,,,1.0,2.0,4.0,,,,,0.0,2.0,,,,1.0,,1.0,,2.0,1.0,1.0,1.0,1.0,1.0,1.0,1.0,1.0,1.0,1.0,,,,,,,6,2,2,2,2,5,6,6,1,1,40.0,35.0,30.0,30.0,35.0,30.0,40.0,35.0,50.0,50.0,2.0,2.0,1.0,1.0,2.0,2.0,2.0,1.0,2.0,1.0,2.0,1.0,1.0,2.0,1.0,2.0,2.0,1.0,2.0,2.0,1.0,1.0,1.0,1.0,1.0,1.0,2.0,1.0,1.0,2.0,1.0,2.0,2.0,2.0,1.0,1.0,2.0,1.0,1.0,1.0
1329,4,4,4,4,4,4,4,4,2,2,,30.0,4.0,,,,,4.0,5.0,3.0,,5.0,1.0,54.0,,1.0,,3.0,4.0,4.0,,,,,,,,18.0,1.0,,4.0,,,,1.0,4.0,,,,,,,,,,,,1.0,1.0,1.0,1.0,1.0,1.0,6,3,4,4,2,5,6,6,3,2,60.0,55.0,58.0,65.0,68.0,62.0,70.0,60.0,40.0,45.0,2.0,1.0,1.0,1.0,2.0,1.0,1.0,1.0,2.0,1.0,2.0,2.0,1.0,2.0,1.0,2.0,2.0,2.0,1.0,2.0,2.0,2.0,2.0,1.0,2.0,2.0,1.0,1.0,1.0,1.0,2.0,2.0,1.0,1.0,1.0,1.0,2.0,2.0,1.0,1.0
1535,2,2,2,2,2,2,4,2,4,4,,30.0,,1.0,2.0,3.0,6.0,,,,5.0,,,,2.0,,2.0,2.0,2.0,4.0,,,,,,,20.0,,1.0,,4.0,,,1.0,,,3.0,,,,,,,,,,,1.0,1.0,1.0,1.0,1.0,1.0,6,3,4,4,3,5,6,6,2,2,40.0,35.0,35.0,40.0,45.0,35.0,60.0,35.0,50.0,50.0,2.0,2.0,1.0,1.0,2.0,1.0,1.0,1.0,2.0,1.0,1.0,1.0,2.0,1.0,2.0,1.0,1.0,1.0,2.0,2.0,1.0,1.0,2.0,2.0,1.0,2.0,1.0,1.0,1.0,1.0,2.0,1.0,1.0,1.0,1.0,2.0,2.0,2.0,1.0,2.0
1446,4,4,4,4,4,4,5,4,2,2,,30.0,3.0,,3.0,4.0,5.0,,,,,6.0,,,2.0,1.0,,2.0,4.0,5.0,,,,,,,18.0,,,2.0,,,2.0,1.0,,,4.0,1.0,1.0,1.0,1.0,1.0,1.0,1.0,1.0,1.0,1.0,,,,,,,6,3,4,4,3,5,6,6,3,2,60.0,55.0,58.0,65.0,70.0,62.0,75.0,60.0,40.0,45.0,2.0,2.0,2.0,1.0,2.0,1.0,2.0,1.0,1.0,2.0,2.0,2.0,2.0,1.0,2.0,1.0,1.0,1.0,1.0,1.0,1.0,2.0,1.0,1.0,1.0,2.0,1.0,2.0,2.0,1.0,2.0,2.0,2.0,1.0,2.0,1.0,1.0,2.0,2.0,2.0
729,4,4,4,5,5,5,5,4,2,2,,30.0,4.0,,,,,3.0,5.0,2.0,,6.0,1.0,54.0,,,2.0,,,,4.0,4.0,5.0,,,,,18.0,1.0,,,6.0,,,1.0,5.0,,1.0,1.0,1.0,1.0,1.0,1.0,1.0,1.0,1.0,1.0,,,,,,,6,3,4,3,3,5,6,5,3,2,55.0,50.0,52.0,60.0,65.0,58.0,70.0,48.0,40.0,38.0,2.0,1.0,1.0,2.0,2.0,2.0,1.0,1.0,2.0,1.0,2.0,1.0,1.0,1.0,2.0,1.0,1.0,1.0,2.0,2.0,1.0,2.0,2.0,2.0,2.0,1.0,1.0,2.0,2.0,1.0,2.0,1.0,1.0,2.0,1.0,1.0,1.0,1.0,2.0,1.0
135,5,4,5,5,5,5,5,5,1,2,,30.0,4.0,,3.0,4.0,5.0,,,,6.0,,,,2.0,1.0,,2.0,4.0,5.0,,,,,,,,15.0,1.0,,5.0,,,,1.0,,5.0,,,,,,,,,,,1.0,1.0,1.0,1.0,1.0,1.0,6,3,4,4,3,5,6,6,3,2,55.0,50.0,52.0,60.0,62.0,58.0,65.0,54.0,40.0,45.0,1.0,1.0,2.0,1.0,1.0,2.0,2.0,2.0,2.0,1.0,1.0,2.0,1.0,1.0,1.0,2.0,2.0,2.0,2.0,1.0,2.0,1.0,2.0,1.0,1.0,2.0,1.0,1.0,2.0,2.0,2.0,2.0,2.0,2.0,1.0,2.0,1.0,1.0,2.0,2.0
834,4,4,4,4,4,4,4,4,2,2,70.0,,,2.0,3.0,4.0,6.0,,,,6.0,,1.0,54.0,,,2.0,2.0,4.0,5.0,,,,,,,,18.0,,2.0,,,2.0,,1.0,,4.0,1.0,1.0,1.0,1.0,1.0,1.0,1.0,1.0,1.0,1.0,,,,,,,6,3,4,3,2,5,6,5,3,2,55.0,50.0,52.0,60.0,62.0,58.0,65.0,54.0,40.0,38.0,1.0,1.0,2.0,2.0,2.0,1.0,2.0,1.0,2.0,2.0,1.0,2.0,1.0,1.0,2.0,2.0,1.0,1.0,1.0,2.0,2.0,1.0,1.0,2.0,2.0,2.0,1.0,2.0,2.0,2.0,2.0,2.0,2.0,2.0,2.0,2.0,1.0,2.0,2.0,1.0
947,4,4,4,4,4,4,5,4,2,2,70.0,,3.0,,,,,3.0,5.0,4.0,5.0,,,,2.0,,2.0,,,,,,,3.0,4.0,5.0,12.0,,1.0,,,6.0,,1.0,,,5.0,1.0,1.0,1.0,1.0,1.0,1.0,1.0,1.0,1.0,1.0,,,,,,,6,3,4,3,3,5,6,5,3,2,55.0,50.0,52.0,60.0,62.0,58.0,65.0,54.0,40.0,42.0,2.0,2.0,2.0,2.0,2.0,2.0,2.0,1.0,2.0,1.0,1.0,1.0,1.0,1.0,1.0,1.0,2.0,2.0,2.0,1.0,2.0,1.0,1.0,1.0,1.0,2.0,1.0,2.0,2.0,1.0,1.0,1.0,1.0,1.0,1.0,1.0,1.0,1.0,2.0,1.0
538,2,2,2,2,2,2,4,2,4,2,70.0,,1.0,,2.0,3.0,5.0,,,,,5.0,,,2.0,1.0,,1.0,4.0,5.0,,,,,,,,20.0,,2.0,,,2.0,1.0,,,4.0,1.0,1.0,1.0,1.0,1.0,1.0,1.0,1.0,1.0,1.0,,,,,,,6,3,4,4,3,5,6,6,3,2,40.0,35.0,35.0,45.0,50.0,40.0,60.0,35.0,55.0,35.0,2.0,2.0,1.0,2.0,2.0,2.0,1.0,2.0,2.0,1.0,1.0,2.0,2.0,2.0,1.0,2.0,1.0,1.0,1.0,2.0,2.0,2.0,2.0,1.0,2.0,1.0,2.0,2.0,1.0,1.0,1.0,2.0,1.0,2.0,2.0,2.0,1.0,1.0,1.0,1.0
324,4,4,4,5,5,5,5,4,2,2,70.0,,4.0,,,,,3.0,5.0,2.0,,5.0,,,2.0,1.0,,2.0,4.0,5.0,,,,,,,18.0,,1.0,,4.0,,,1.0,,,4.0,1.0,1.0,1.0,1.0,1.0,1.0,1.0,1.0,1.0,1.0,,,,,,,6,3,4,4,3,5,6,6,3,2,55.0,50.0,52.0,60.0,65.0,62.0,70.0,58.0,40.0,42.0,1.0,2.0,1.0,2.0,2.0,1.0,2.0,1.0,1.0,1.0,2.0,2.0,2.0,1.0,1.0,1.0,1.0,1.0,1.0,1.0,1.0,1.0,2.0,1.0,2.0,2.0,1.0,1.0,1.0,1.0,1.0,2.0,2.0,1.0,2.0,1.0,2.0,2.0,1.0,2.0
257,2,2,2,2,2,2,4,2,4,4,,30.0,,2.0,3.0,4.0,6.0,,,,,5.0,,,2.0,,2.0,,,,2.0,4.0,4.0,,,,16.0,,1.0,,4.0,,,,1.0,,4.0,1.0,1.0,1.0,1.0,1.0,1.0,1.0,1.0,1.0,1.0,,,,,,,6,3,4,4,2,5,6,5,3,2,45.0,40.0,42.0,50.0,55.0,55.0,60.0,48.0,50.0,52.0,1.0,2.0,2.0,1.0,2.0,1.0,2.0,2.0,2.0,1.0,1.0,2.0,1.0,2.0,1.0,1.0,2.0,2.0,1.0,1.0,2.0,2.0,1.0,1.0,2.0,1.0,1.0,2.0,1.0,2.0,2.0,2.0,2.0,1.0,2.0,2.0,1.0,2.0,2.0,1.0
1138,1,1,1,1,1,1,4,1,4,4,70.0,,,1.0,2.0,3.0,5.0,,,,,5.0,1.0,40.0,,1.0,,,,,1.0,2.0,2.0,,,,,0.0,,2.0,3.0,,,,1.0,,3.0,,,,,,,,,,,1.0,1.0,1.0,1.0,1.0,1.0,6,2,2,2,2,5,6,6,1,1,35.0,30.0,30.0,35.0,40.0,30.0,60.0,35.0,55.0,55.0,2.0,2.0,2.0,2.0,2.0,2.0,2.0,2.0,2.0,2.0,2.0,2.0,2.0,2.0,2.0,2.0,2.0,2.0,2.0,2.0,2.0,2.0,2.0,2.0,2.0,2.0,2.0,2.0,2.0,2.0,2.0,2.0,2.0,2.0,2.0,2.0,2.0,2.0,2.0,2.0
1724,4,4,4,4,4,4,5,5,2,2,70.0,,4.0,,3.0,4.0,5.0,,,,5.0,,,,2.0,1.0,,,,,3.0,4.0,4.0,,,,,15.0,,2.0,4.0,,,1.0,,,4.0,1.0,1.0,1.0,1.0,1.0,1.0,1.0,1.0,1.0,1.0,,,,,,,6,3,4,4,3,5,6,6,3,2,55.0,50.0,52.0,60.0,62.0,58.0,65.0,54.0,40.0,38.0,1.0,2.0,2.0,1.0,2.0,1.0,1.0,2.0,1.0,2.0,1.0,1.0,2.0,2.0,2.0,2.0,1.0,2.0,2.0,1.0,1.0,1.0,2.0,2.0,1.0,1.0,1.0,1.0,2.0,2.0,1.0,2.0,2.0,2.0,2.0,1.0,2.0,2.0,1.0,1.0
1657,4,4,4,4,4,4,5,4,2,2,,30.0,3.0,,3.0,4.0,5.0,,,,,6.0,,,2.0,,2.0,,,,,,,3.0,4.0,5.0,16.0,,,2.0,,6.0,,,1.0,,4.0,,,,,,,,,,,1.0,1.0,1.0,1.0,1.0,1.0,6,3,4,4,3,5,6,6,3,2,55.0,50.0,52.0,60.0,65.0,58.0,70.0,54.0,40.0,42.0,1.0,1.0,1.0,2.0,2.0,2.0,1.0,1.0,1.0,1.0,2.0,1.0,2.0,2.0,1.0,2.0,2.0,1.0,2.0,1.0,2.0,2.0,1.0,2.0,2.0,1.0,2.0,2.0,1.0,2.0,2.0,2.0,1.0,2.0,1.0,2.0,1.0,1.0,2.0,1.0
1839,5,5,5,5,5,5,5,5,1,2,,30.0,4.0,,3.0,4.0,6.0,,,,6.0,,1.0,54.0,,1.0,,2.0,4.0,5.0,,,,,,,16.0,,,2.0,,6.0,,1.0,,5.0,,,,,,,,,,,,1.0,1.0,1.0,1.0,1.0,1.0,6,3,4,3,3,5,6,5,3,2,55.0,50.0,52.0,60.0,65.0,58.0,70.0,62.0,40.0,35.0,2.0,1.0,1.0,1.0,2.0,2.0,1.0,2.0,1.0,2.0,2.0,2.0,2.0,2.0,2.0,2.0,2.0,1.0,2.0,2.0,1.0,1.0,1.0,2.0,2.0,1.0,1.0,1.0,2.0,2.0,1.0,1.0,1.0,2.0,1.0,2.0,1.0,1.0,2.0,2.0
2024,5,5,5,5,5,5,5,5,1,2,70.0,,4.0,,,,,3.0,4.0,2.0,,6.0,,,2.0,,2.0,2.0,5.0,6.0,,,,,,,,18.0,1.0,,4.0,,,1.0,,5.0,,1.0,1.0,1.0,1.0,1.0,1.0,1.0,1.0,1.0,1.0,,,,,,,6,3,4,3,3,5,6,6,4,2,60.0,55.0,58.0,65.0,68.0,62.0,70.0,60.0,35.0,40.0,1.0,1.0,2.0,1.0,2.0,1.0,2.0,1.0,2.0,1.0,2.0,2.0,1.0,1.0,2.0,2.0,1.0,1.0,1.0,2.0,2.0,1.0,1.0,1.0,2.0,2.0,2.0,2.0,1.0,2.0,2.0,1.0,1.0,1.0,1.0,2.0,1.0,2.0,2.0,2.0
55,4,4,4,4,4,4,5,4,2,2,,30.0,4.0,,3.0,4.0,5.0,,,,,6.0,1.0,54.0,,1.0,,,,,3.0,4.0,5.0,,,,,15.0,,2.0,,6.0,,1.0,,,5.0,,,,,,,,,,,1.0,1.0,1.0,1.0,1.0,1.0,6,3,4,3,3,5,6,5,3,2,55.0,50.0,52.0,60.0,65.0,58.0,70.0,54.0,40.0,42.0,2.0,2.0,1.0,2.0,1.0,2.0,1.0,1.0,1.0,1.0,2.0,1.0,2.0,1.0,2.0,2.0,2.0,2.0,2.0,2.0,1.0,2.0,1.0,1.0,2.0,1.0,1.0,2.0,1.0,2.0,2.0,2.0,1.0,1.0,2.0,1.0,1.0,2.0,2.0,1.0
296,2,3,2,2,3,2,4,2,4,3,,30.0,2.0,,3.0,4.0,5.0,,,,6.0,,,,2.0,,2.0,,,,,,,3.0,4.0,5.0,18.0,,1.0,,4.0,,,1.0,,,4.0,,,,,,,,,,,1.0,1.0,1.0,1.0,1.0,1.0,6,3,4,4,3,5,6,6,3,2,45.0,40.0,42.0,50.0,55.0,48.0,60.0,40.0,35.0,38.0,1.0,2.0,1.0,1.0,1.0,1.0,2.0,2.0,1.0,2.0,2.0,1.0,1.0,1.0,1.0,2.0,1.0,1.0,1.0,2.0,2.0,1.0,1.0,2.0,1.0,2.0,1.0,2.0,1.0,2.0,1.0,1.0,1.0,1.0,2.0,1.0,2.0,1.0,1.0,2.0
103,2,2,2,1,2,1,2,1,4,4,,30.0,2.0,,,,,2.0,4.0,3.0,6.0,,,,2.0,1.0,,,,,4.0,4.0,5.0,,,,,5.0,,2.0,,6.0,,1.0,,4.0,,,,,,,,,,,,1.0,1.0,1.0,1.0,1.0,1.0,6,3,5,4,2,5,6,5,3,2,40.0,35.0,35.0,30.0,35.0,25.0,40.0,25.0,50.0,45.0,2.0,2.0,1.0,1.0,1.0,2.0,2.0,2.0,1.0,1.0,2.0,2.0,1.0,1.0,2.0,1.0,1.0,1.0,2.0,1.0,1.0,1.0,2.0,1.0,1.0,1.0,1.0,1.0,2.0,2.0,1.0,1.0,2.0,1.0,2.0,1.0,2.0,1.0,1.0,2.0
1696,5,5,5,5,5,5,5,5,1,2,,30.0,4.0,,,,,3.0,5.0,4.0,,6.0,,,2.0,,2.0,,,,4.0,5.0,6.0,,,,,18.0,,2.0,,,3.0,1.0,,,5.0,,,,,,,,,,,1.0,1.0,1.0,1.0,1.0,1.0,6,3,4,4,3,5,6,6,4,2,60.0,55.0,60.0,65.0,70.0,60.0,70.0,60.0,40.0,45.0,1.0,2.0,2.0,2.0,2.0,1.0,1.0,2.0,1.0,1.0,2.0,1.0,2.0,2.0,1.0,1.0,2.0,2.0,1.0,2.0,1.0,1.0,2.0,1.0,1.0,1.0,2.0,2.0,2.0,2.0,1.0,1.0,1.0,1.0,2.0,1.0,2.0,2.0,2.0,1.0
1503,3,3,3,4,4,3,4,3,2,2,,30.0,3.0,,3.0,4.0,5.0,,,,,5.0,,,2.0,,2.0,,,,,,,3.0,4.0,4.0,18.0,,,2.0,4.0,,,1.0,,4.0,,1.0,1.0,1.0,1.0,1.0,1.0,1.0,1.0,1.0,1.0,,,,,,,6,3,4,4,3,5,6,6,3,2,45.0,40.0,40.0,55.0,60.0,50.0,65.0,50.0,35.0,35.0,1.0,2.0,1.0,2.0,2.0,1.0,1.0,1.0,1.0,1.0,2.0,1.0,1.0,2.0,1.0,1.0,2.0,1.0,1.0,1.0,1.0,1.0,1.0,1.0,2.0,2.0,1.0,1.0,2.0,2.0,2.0,1.0,1.0,1.0,2.0,2.0,1.0,2.0,1.0,1.0
1470,5,5,5,5,5,5,5,5,1,1,70.0,,,1.0,3.0,4.0,6.0,,,,6.0,,1.0,54.0,,1.0,,,,,4.0,5.0,6.0,,,,,20.0,,2.0,,5.0,,,1.0,,5.0,,,,,,,,,,,1.0,1.0,1.0,1.0,1.0,1.0,6,3,4,4,3,5,6,6,4,2,60.0,55.0,58.0,65.0,70.0,62.0,75.0,60.0,40.0,35.0,1.0,1.0,2.0,1.0,2.0,1.0,1.0,2.0,2.0,2.0,2.0,2.0,1.0,1.0,2.0,1.0,2.0,2.0,2.0,1.0,1.0,2.0,2.0,2.0,2.0,1.0,2.0,1.0,2.0,2.0,1.0,1.0,2.0,1.0,2.0,2.0,1.0,1.0,2.0,2.0
802,2,3,2,2,3,2,4,2,4,3,,30.0,2.0,,,,,3.0,4.0,2.0,5.0,,,,2.0,1.0,,,,,2.0,4.0,4.0,,,,,18.0,1.0,,,,2.0,1.0,,4.0,,1.0,1.0,1.0,1.0,1.0,1.0,1.0,1.0,1.0,1.0,,,,,,,6,3,4,4,3,5,6,6,3,2,45.0,40.0,42.0,55.0,60.0,50.0,65.0,48.0,38.0,41.0,1.0,2.0,2.0,1.0,2.0,1.0,1.0,2.0,1.0,1.0,1.0,2.0,2.0,2.0,1.0,1.0,1.0,2.0,2.0,1.0,1.0,2.0,2.0,1.0,1.0,1.0,2.0,1.0,1.0,1.0,2.0,1.0,2.0,1.0,2.0,2.0,1.0,2.0,1.0,1.0
971,4,4,4,4,4,4,5,4,2,2,,30.0,3.0,,3.0,4.0,5.0,,,,,6.0,1.0,54.0,,1.0,,2.0,4.0,5.0,,,,,,,,5.0,,2.0,4.0,,,,1.0,4.0,,,,,,,,,,,,1.0,1.0,1.0,1.0,1.0,1.0,6,3,4,3,2,5,6,5,3,2,55.0,50.0,52.0,60.0,65.0,62.0,70.0,58.0,40.0,42.0,1.0,1.0,1.0,2.0,2.0,1.0,2.0,2.0,2.0,2.0,1.0,2.0,2.0,2.0,1.0,2.0,1.0,1.0,2.0,1.0,1.0,2.0,2.0,1.0,1.0,2.0,2.0,2.0,2.0,1.0,2.0,2.0,1.0,2.0,2.0,1.0,1.0,1.0,2.0,1.0
94,4,4,4,4,4,4,4,4,2,2,70.0,,,2.0,,,,3.0,4.0,3.0,6.0,,,,2.0,1.0,,3.0,4.0,5.0,,,,,,,,10.0,1.0,,4.0,,,,1.0,,4.0,1.0,1.0,1.0,1.0,1.0,1.0,1.0,1.0,1.0,1.0,,,,,,,6,3,5,4,3,5,6,5,3,2,55.0,50.0,52.0,60.0,65.0,58.0,70.0,60.0,40.0,35.0,2.0,1.0,1.0,2.0,1.0,1.0,1.0,2.0,2.0,1.0,1.0,1.0,1.0,1.0,2.0,1.0,1.0,2.0,1.0,1.0,1.0,2.0,1.0,2.0,1.0,2.0,1.0,2.0,1.0,2.0,1.0,2.0,1.0,2.0,1.0,2.0,1.0,1.0,2.0,1.0
176,5,5,5,5,5,5,5,5,1,1,70.0,,4.0,,,,,3.0,4.0,2.0,6.0,,1.0,54.0,,,2.0,2.0,4.0,5.0,,,,,,,20.0,,,2.0,,6.0,,1.0,,5.0,,1.0,1.0,1.0,1.0,1.0,1.0,1.0,1.0,1.0,1.0,,,,,,,6,3,4,3,3,5,6,5,3,2,55.0,50.0,52.0,60.0,65.0,58.0,70.0,60.0,40.0,35.0,2.0,1.0,2.0,2.0,1.0,1.0,1.0,1.0,1.0,2.0,1.0,1.0,2.0,2.0,1.0,2.0,2.0,2.0,2.0,2.0,2.0,2.0,1.0,2.0,2.0,2.0,2.0,2.0,2.0,2.0,2.0,2.0,1.0,2.0,1.0,2.0,2.0,1.0,1.0,1.0
390,2,2,2,2,2,2,4,2,4,4,,30.0,,2.0,,,,3.0,4.0,2.0,6.0,,1.0,40.0,,,2.0,,,,,,,2.0,4.0,5.0,,5.0,1.0,,3.0,,,1.0,,4.0,,1.0,1.0,1.0,1.0,1.0,1.0,1.0,1.0,1.0,1.0,,,,,,,6,3,4,4,3,5,6,5,3,2,40.0,35.0,35.0,40.0,45.0,35.0,60.0,40.0,50.0,50.0,1.0,1.0,1.0,1.0,2.0,2.0,1.0,1.0,2.0,1.0,2.0,2.0,1.0,1.0,2.0,1.0,1.0,2.0,1.0,2.0,2.0,1.0,1.0,2.0,1.0,2.0,2.0,2.0,2.0,1.0,2.0,1.0,2.0,1.0,2.0,2.0,1.0,2.0,1.0,2.0
619,2,2,2,2,2,2,4,2,4,4,70.0,,,2.0,2.0,3.0,5.0,,,,6.0,,1.0,40.0,,1.0,,,,,,,,2.0,4.0,4.0,,5.0,,2.0,,5.0,,,1.0,4.0,,1.0,1.0,1.0,1.0,1.0,1.0,1.0,1.0,1.0,1.0,,,,,,,6,3,4,4,3,5,6,6,3,2,40.0,35.0,35.0,40.0,45.0,35.0,60.0,40.0,55.0,50.0,2.0,1.0,2.0,2.0,2.0,2.0,1.0,2.0,2.0,1.0,1.0,2.0,1.0,1.0,1.0,2.0,2.0,1.0,1.0,2.0,1.0,1.0,1.0,2.0,2.0,1.0,1.0,2.0,2.0,2.0,1.0,2.0,1.0,2.0,2.0,2.0,1.0,2.0,2.0,1.0
1576,4,4,4,4,4,4,4,4,2,2,70.0,,,2.0,3.0,4.0,5.0,,,,,6.0,,,2.0,,2.0,,,,,,,3.0,4.0,4.0,,0.0,,2.0,3.0,,,,1.0,4.0,,1.0,1.0,1.0,1.0,1.0,1.0,1.0,1.0,1.0,1.0,,,,,,,6,3,5,4,3,5,6,5,3,2,60.0,55.0,55.0,60.0,65.0,60.0,70.0,55.0,40.0,35.0,2.0,2.0,2.0,1.0,2.0,2.0,1.0,1.0,2.0,2.0,2.0,2.0,2.0,2.0,1.0,1.0,1.0,1.0,2.0,2.0,1.0,2.0,2.0,2.0,1.0,1.0,1.0,2.0,2.0,2.0,1.0,2.0,2.0,2.0,1.0,1.0,1.0,1.0,1.0,2.0
1405,5,5,5,5,5,5,5,5,1,2,70.0,,1.0,,,,,3.0,5.0,2.0,6.0,,1.0,54.0,,1.0,,2.0,5.0,6.0,,,,,,,20.0,,,2.0,,9.0,,1.0,,,5.0,,,,,,,,,,,1.0,1.0,1.0,1.0,1.0,1.0,6,3,4,3,2,5,6,6,4,2,60.0,55.0,55.0,60.0,65.0,60.0,70.0,55.0,35.0,40.0,1.0,1.0,2.0,1.0,2.0,2.0,1.0,1.0,2.0,1.0,1.0,1.0,1.0,2.0,2.0,2.0,2.0,1.0,1.0,2.0,1.0,2.0,2.0,1.0,1.0,1.0,1.0,1.0,1.0,2.0,1.0,1.0,1.0,1.0,1.0,2.0,1.0,2.0,1.0,2.0
1790,4,4,4,5,5,5,5,5,1,2,,30.0,,1.0,3.0,4.0,6.0,,,,6.0,,,,2.0,1.0,,,,,3.0,4.0,5.0,,,,,20.0,,2.0,,,1.0,,1.0,,5.0,1.0,1.0,1.0,1.0,1.0,1.0,1.0,1.0,1.0,1.0,,,,,,,6,3,4,3,3,5,6,5,3,2,55.0,50.0,52.0,60.0,65.0,62.0,70.0,60.0,40.0,45.0,1.0,2.0,1.0,2.0,2.0,2.0,1.0,2.0,2.0,2.0,1.0,2.0,2.0,2.0,2.0,2.0,2.0,2.0,2.0,2.0,2.0,2.0,2.0,2.0,2.0,1.0,1.0,1.0,2.0,2.0,2.0,2.0,2.0,2.0,2.0,1.0,2.0,2.0,2.0,1.0
1219,4,4,4,4,4,4,4,4,2,2,70.0,,,2.0,3.0,4.0,5.0,,,,,,,,,,2.0,,,,3.0,4.0,5.0,,,,20.0,,,2.0,,5.0,,,1.0,4.0,,1.0,1.0,1.0,1.0,1.0,1.0,1.0,1.0,1.0,1.0,,,,,,,6,3,4,3,3,5,6,5,3,2,60.0,55.0,58.0,65.0,68.0,62.0,70.0,60.0,40.0,45.0,1.0,1.0,2.0,1.0,1.0,1.0,1.0,2.0,2.0,1.0,2.0,1.0,2.0,1.0,2.0,1.0,1.0,1.0,1.0,2.0,2.0,1.0,1.0,1.0,2.0,2.0,1.0,1.0,1.0,1.0,2.0,1.0,2.0,2.0,1.0,2.0,2.0,1.0,1.0,2.0
877,5,5,5,5,5,5,5,5,1,2,70.0,,,1.0,,,,3.0,5.0,2.0,6.0,,1.0,54.0,,,2.0,,,,,,,3.0,5.0,6.0,,20.0,1.0,,,,2.0,,1.0,5.0,,,,,,,,,,,,1.0,1.0,1.0,1.0,1.0,1.0,6,3,4,3,3,5,6,6,4,2,60.0,55.0,60.0,65.0,70.0,60.0,75.0,60.0,40.0,35.0,2.0,2.0,2.0,2.0,2.0,1.0,2.0,1.0,1.0,1.0,2.0,1.0,1.0,2.0,2.0,2.0,2.0,2.0,2.0,1.0,1.0,1.0,2.0,1.0,1.0,2.0,2.0,1.0,2.0,2.0,2.0,2.0,1.0,1.0,2.0,2.0,2.0,1.0,1.0,1.0
904,4,4,4,4,4,4,4,4,2,2,70.0,,,3.0,,,,3.0,5.0,4.0,6.0,,,,2.0,1.0,,2.0,4.0,4.0,,,,,,,18.0,,,2.0,,,2.0,,1.0,4.0,,,,,,,,,,,,1.0,1.0,1.0,1.0,1.0,1.0,6,3,4,4,3,5,6,6,3,2,55.0,50.0,52.0,60.0,62.0,58.0,65.0,54.0,40.0,38.0,1.0,2.0,1.0,2.0,1.0,2.0,2.0,2.0,1.0,1.0,1.0,2.0,1.0,1.0,2.0,2.0,2.0,1.0,2.0,2.0,1.0,1.0,1.0,1.0,1.0,2.0,2.0,2.0,1.0,1.0,2.0,2.0,1.0,2.0,2.0,1.0,1.0,1.0,1.0,2.0
351,4,4,4,5,5,5,5,4,2,2,,30.0,,2.0,3.0,4.0,6.0,,,,6.0,,,,2.0,1.0,,,,,,,,3.0,4.0,5.0,,16.0,,2.0,,,3.0,1.0,,4.0,,,,,,,,,,,,1.0,1.0,1.0,1.0,1.0,1.0,6,3,4,3,2,5,6,5,3,2,55.0,50.0,52.0,60.0,65.0,62.0,70.0,58.0,40.0,38.0,2.0,1.0,2.0,2.0,1.0,2.0,2.0,2.0,2.0,2.0,2.0,1.0,1.0,1.0,2.0,2.0,1.0,1.0,1.0,2.0,1.0,2.0,1.0,1.0,1.0,2.0,2.0,1.0,1.0,1.0,1.0,2.0,1.0,2.0,1.0,2.0,1.0,2.0,1.0,1.0
222,3,3,3,2,3,2,4,2,4,2,70.0,,3.0,,2.0,3.0,5.0,,,,,,1.0,54.0,,,2.0,2.0,4.0,5.0,,,,,,,18.0,,1.0,,4.0,,,1.0,,,4.0,1.0,1.0,1.0,1.0,1.0,1.0,1.0,1.0,1.0,1.0,,,,,,,6,3,4,4,3,5,6,6,3,2,45.0,40.0,40.0,35.0,40.0,30.0,50.0,35.0,45.0,35.0,1.0,1.0,2.0,1.0,1.0,1.0,2.0,1.0,2.0,2.0,2.0,2.0,1.0,1.0,1.0,1.0,1.0,2.0,1.0,1.0,1.0,1.0,2.0,1.0,2.0,1.0,1.0,2.0,2.0,1.0,1.0,2.0,2.0,1.0,2.0,2.0,2.0,1.0,2.0,1.0
1751,2,2,2,2,2,2,2,2,4,4,70.0,,,1.0,2.0,3.0,6.0,,,,6.0,,1.0,54.0,,1.0,,,,,2.0,2.0,3.0,,,,,20.0,,2.0,,,1.0,1.0,,,3.0,,,,,,,,,,,1.0,1.0,1.0,1.0,1.0,1.0,6,3,3,3,2,5,5,5,1,1,40.0,35.0,35.0,40.0,40.0,35.0,40.0,35.0,45.0,45.0,1.0,1.0,2.0,2.0,2.0,2.0,2.0,1.0,1.0,1.0,1.0,1.0,1.0,1.0,2.0,2.0,1.0,2.0,1.0,1.0,1.0,2.0,1.0,1.0,1.0,1.0,2.0,1.0,1.0,1.0,1.0,1.0,2.0,1.0,1.0,1.0,2.0,2.0,1.0,2.0
1622,4,4,4,5,5,5,5,4,2,2,70.0,,,2.0,,,,3.0,4.0,3.0,6.0,,,,2.0,,2.0,,,,,,,2.0,4.0,5.0,20.0,,,2.0,3.0,,,,1.0,4.0,,1.0,1.0,1.0,1.0,1.0,1.0,1.0,1.0,1.0,1.0,,,,,,,6,3,4,3,3,5,6,5,3,2,55.0,60.0,58.0,65.0,68.0,62.0,70.0,60.0,40.0,38.0,2.0,1.0,2.0,1.0,2.0,1.0,2.0,2.0,1.0,1.0,1.0,1.0,2.0,2.0,2.0,1.0,2.0,2.0,2.0,1.0,2.0,2.0,2.0,1.0,2.0,1.0,2.0,1.0,1.0,2.0,2.0,2.0,2.0,2.0,1.0,1.0,2.0,1.0,2.0,1.0
20,2,3,2,2,3,2,3,2,4,4,,30.0,2.0,,,,,3.0,4.0,2.0,,5.0,,,2.0,,2.0,,,,,,,3.0,4.0,5.0,8.0,,1.0,,4.0,,,,1.0,,4.0,,,,,,,,,,,1.0,1.0,1.0,1.0,1.0,1.0,6,3,4,4,2,5,6,5,3,2,48.0,45.0,44.0,55.0,60.0,52.0,65.0,50.0,40.0,38.0,2.0,1.0,1.0,1.0,2.0,1.0,2.0,1.0,2.0,2.0,1.0,2.0,1.0,1.0,2.0,1.0,1.0,1.0,2.0,1.0,2.0,1.0,1.0,1.0,1.0,1.0,1.0,2.0,1.0,1.0,1.0,2.0,2.0,1.0,2.0,2.0,2.0,2.0,1.0,1.0
2051,2,2,2,1,2,2,4,1,4,4,70.0,,,2.0,3.0,4.0,5.0,,,,6.0,,,,2.0,1.0,,1.0,4.0,5.0,,,,,,,18.0,,,2.0,,,3.0,,1.0,,4.0,1.0,1.0,1.0,1.0,1.0,1.0,1.0,1.0,1.0,1.0,,,,,,,6,3,4,3,3,5,6,5,3,2,40.0,35.0,38.0,45.0,50.0,40.0,60.0,35.0,55.0,50.0,2.0,1.0,2.0,2.0,2.0,2.0,1.0,2.0,2.0,2.0,1.0,1.0,2.0,1.0,2.0,2.0,1.0,1.0,1.0,2.0,2.0,2.0,2.0,2.0,2.0,2.0,1.0,1.0,1.0,1.0,2.0,2.0,1.0,2.0,2.0,1.0,2.0,2.0,2.0,2.0
1887,1,2,2,2,2,2,2,2,4,2,70.0,,,2.0,3.0,4.0,6.0,,,,,5.0,1.0,54.0,,,2.0,,,,,,,3.0,3.0,4.0,20.0,,,2.0,,,1.0,1.0,,,3.0,1.0,1.0,1.0,1.0,1.0,1.0,1.0,1.0,1.0,1.0,,,,,,,6,3,4,3,3,5,6,5,1,2,40.0,35.0,35.0,45.0,50.0,40.0,55.0,40.0,50.0,35.0,2.0,1.0,1.0,2.0,2.0,2.0,2.0,1.0,1.0,2.0,2.0,2.0,2.0,2.0,2.0,2.0,1.0,2.0,2.0,2.0,2.0,2.0,1.0,1.0,2.0,2.0,1.0,1.0,2.0,1.0,2.0,2.0,2.0,2.0,1.0,2.0,2.0,2.0,2.0,2.0
586,4,4,4,4,4,4,5,4,2,2,,30.0,,2.0,3.0,4.0,5.0,,,,6.0,,1.0,40.0,,,2.0,2.0,4.0,5.0,,,,,,,15.0,,1.0,,,,2.0,,1.0,4.0,,,,,,,,,,,,1.0,1.0,1.0,1.0,1.0,1.0,6,3,4,4,3,5,6,6,3,2,55.0,50.0,52.0,60.0,62.0,58.0,70.0,54.0,40.0,42.0,1.0,1.0,2.0,2.0,2.0,1.0,2.0,2.0,1.0,2.0,1.0,2.0,2.0,1.0,1.0,1.0,1.0,2.0,2.0,1.0,2.0,1.0,2.0,1.0,1.0,1.0,2.0,1.0,1.0,1.0,2.0,2.0,2.0,1.0,1.0,1.0,1.0,2.0,1.0,1.0
760,3,3,3,4,4,4,4,3,2,2,,30.0,,2.0,2.0,3.0,6.0,,,,6.0,,,,2.0,1.0,,,,,3.0,4.0,5.0,,,,,15.0,1.0,,,,3.0,1.0,,4.0,,1.0,1.0,1.0,1.0,1.0,1.0,1.0,1.0,1.0,1.0,,,,,,,6,3,4,4,3,5,6,6,3,2,50.0,45.0,48.0,60.0,62.0,58.0,65.0,55.0,40.0,42.0,2.0,1.0,2.0,1.0,1.0,2.0,2.0,1.0,1.0,1.0,2.0,1.0,1.0,2.0,1.0,1.0,1.0,2.0,1.0,2.0,2.0,1.0,1.0,2.0,1.0,2.0,1.0,2.0,1.0,2.0,2.0,1.0,1.0,2.0,1.0,2.0,2.0,1.0,1.0,2.0
613,5,5,5,5,5,5,5,5,1,2,,30.0,4.0,,3.0,4.0,6.0,,,,,6.0,,,2.0,,2.0,,,,,,,3.0,5.0,6.0,18.0,,,2.0,,6.0,,,1.0,,5.0,1.0,1.0,1.0,1.0,1.0,1.0,1.0,1.0,1.0,1.0,,,,,,,6,3,4,3,3,5,6,5,3,2,55.0,50.0,52.0,60.0,65.0,58.0,70.0,54.0,40.0,45.0,1.0,1.0,1.0,2.0,1.0,1.0,1.0,2.0,1.0,2.0,2.0,1.0,1.0,2.0,2.0,1.0,1.0,2.0,2.0,1.0,2.0,1.0,1.0,1.0,1.0,1.0,2.0,1.0,1.0,2.0,1.0,2.0,1.0,1.0,2.0,2.0,2.0,2.0,2.0,1.0
1186,3,3,3,3,4,3,4,3,2,2,70.0,,3.0,,,,,3.0,4.0,2.0,6.0,,1.0,54.0,,,2.0,2.0,4.0,5.0,,,,,,,18.0,,1.0,,,6.0,,1.0,,4.0,,1.0,1.0,1.0,1.0,1.0,1.0,1.0,1.0,1.0,1.0,,,,,,,6,3,4,4,3,5,6,6,3,2,55.0,50.0,52.0,60.0,65.0,55.0,70.0,60.0,40.0,38.0,2.0,2.0,2.0,2.0,1.0,2.0,1.0,1.0,1.0,1.0,1.0,2.0,1.0,2.0,2.0,1.0,1.0,1.0,1.0,1.0,1.0,1.0,2.0,1.0,1.0,1.0,2.0,1.0,2.0,2.0,1.0,1.0,2.0,1.0,2.0,2.0,2.0,1.0,2.0,2.0
1360,3,3,3,3,4,3,4,3,2,2,,30.0,3.0,,3.0,4.0,5.0,,,,6.0,,1.0,40.0,,,2.0,2.0,4.0,5.0,,,,,,,18.0,,1.0,,,,2.0,1.0,,4.0,,1.0,1.0,1.0,1.0,1.0,1.0,1.0,1.0,1.0,1.0,,,,,,,6,3,4,3,3,5,6,5,3,2,45.0,40.0,40.0,50.0,55.0,45.0,60.0,50.0,35.0,35.0,2.0,2.0,1.0,1.0,1.0,2.0,1.0,2.0,2.0,2.0,2.0,1.0,1.0,1.0,1.0,2.0,2.0,1.0,2.0,2.0,1.0,1.0,2.0,1.0,1.0,2.0,1.0,2.0,1.0,2.0,2.0,1.0,2.0,1.0,2.0,2.0,1.0,1.0,1.0,1.0
1213,5,5,5,5,5,5,5,5,1,1,70.0,,,1.0,3.0,4.0,6.0,,,,,6.0,,,2.0,,2.0,,,,4.0,5.0,6.0,,,,,18.0,,2.0,,5.0,,,1.0,5.0,,,,,,,,,,,,1.0,1.0,1.0,1.0,1.0,1.0,6,3,4,3,3,5,6,6,4,2,60.0,55.0,58.0,65.0,70.0,60.0,75.0,62.0,40.0,38.0,2.0,2.0,1.0,2.0,1.0,2.0,1.0,1.0,1.0,2.0,2.0,2.0,1.0,1.0,1.0,2.0,2.0,1.0,2.0,1.0,2.0,2.0,2.0,1.0,2.0,1.0,2.0,1.0,2.0,1.0,1.0,2.0,1.0,1.0,1.0,2.0,2.0,2.0,2.0,1.0
1846,5,5,5,5,5,5,5,5,1,2,70.0,,5.0,,,,,3.0,5.0,2.0,,6.0,1.0,54.0,,,2.0,2.0,4.0,5.0,,,,,,,18.0,,1.0,,4.0,,,,1.0,5.0,,1.0,1.0,1.0,1.0,1.0,1.0,1.0,1.0,1.0,1.0,,,,,,,6,3,4,3,3,5,6,6,3,2,55.0,50.0,52.0,60.0,65.0,58.0,70.0,60.0,40.0,35.0,1.0,1.0,1.0,1.0,2.0,2.0,1.0,2.0,1.0,1.0,2.0,2.0,2.0,1.0,1.0,1.0,2.0,2.0,1.0,2.0,2.0,2.0,2.0,2.0,2.0,1.0,1.0,2.0,2.0,1.0,1.0,2.0,1.0,2.0,1.0,2.0,2.0,2.0,2.0,1.0
1935,3,3,3,2,3,3,4,2,4,2,70.0,,,2.0,,,,3.0,5.0,2.0,6.0,,,,2.0,1.0,,,,,4.0,4.0,5.0,,,,,18.0,1.0,,,6.0,,,1.0,,4.0,1.0,1.0,1.0,1.0,1.0,1.0,1.0,1.0,1.0,1.0,,,,,,,6,3,4,4,3,5,6,5,3,2,55.0,50.0,52.0,60.0,65.0,58.0,70.0,54.0,48.0,50.0,2.0,1.0,2.0,2.0,2.0,1.0,1.0,1.0,1.0,1.0,2.0,2.0,2.0,2.0,1.0,2.0,2.0,1.0,2.0,1.0,2.0,2.0,2.0,2.0,1.0,2.0,1.0,1.0,1.0,2.0,1.0,1.0,2.0,1.0,2.0,2.0,2.0,1.0,2.0,2.0
228,2,2,2,2,2,2,4,2,4,2,70.0,,2.0,,,,,3.0,4.0,2.0,,5.0,,,2.0,,2.0,,,,2.0,4.0,4.0,,,,20.0,,1.0,,,6.0,,,1.0,4.0,,1.0,1.0,1.0,1.0,1.0,1.0,1.0,1.0,1.0,1.0,,,,,,,5,3,3,2,3,5,6,6,3,2,40.0,35.0,35.0,40.0,45.0,35.0,50.0,40.0,45.0,35.0,1.0,1.0,2.0,1.0,2.0,2.0,1.0,2.0,2.0,2.0,2.0,2.0,2.0,1.0,1.0,1.0,2.0,1.0,1.0,2.0,1.0,1.0,1.0,2.0,2.0,1.0,2.0,2.0,2.0,2.0,2.0,1.0,2.0,1.0,1.0,2.0,2.0,1.0,2.0,2.0
547,3,3,3,2,3,2,4,2,4,2,,30.0,3.0,,3.0,4.0,5.0,,,,,6.0,1.0,54.0,,1.0,,,,,3.0,4.0,5.0,,,,18.0,,,2.0,4.0,,,,1.0,,4.0,,,,,,,,,,,1.0,1.0,1.0,1.0,1.0,1.0,6,3,4,3,3,5,6,5,3,2,45.0,40.0,42.0,55.0,60.0,50.0,65.0,48.0,38.0,40.0,2.0,2.0,2.0,1.0,2.0,1.0,1.0,2.0,2.0,2.0,1.0,2.0,2.0,1.0,1.0,2.0,2.0,2.0,1.0,2.0,2.0,2.0,2.0,1.0,1.0,2.0,1.0,1.0,1.0,1.0,1.0,1.0,2.0,1.0,1.0,1.0,2.0,1.0,1.0,1.0
434,4,4,4,4,4,4,4,4,2,2,70.0,,,2.0,3.0,4.0,6.0,,,,6.0,,1.0,54.0,,1.0,,,,,4.0,4.0,5.0,,,,5.0,,1.0,,,,2.0,1.0,,4.0,,1.0,1.0,1.0,1.0,1.0,1.0,1.0,1.0,1.0,1.0,,,,,,,6,3,4,3,3,5,6,5,3,2,55.0,50.0,52.0,60.0,62.0,58.0,65.0,54.0,40.0,38.0,2.0,2.0,2.0,2.0,2.0,2.0,1.0,2.0,2.0,1.0,2.0,1.0,2.0,2.0,1.0,1.0,2.0,1.0,1.0,2.0,1.0,1.0,2.0,2.0,1.0,1.0,2.0,1.0,2.0,2.0,1.0,1.0,2.0,2.0,1.0,1.0,1.0,2.0,2.0,1.0
1628,2,3,3,2,3,2,4,2,4,2,70.0,,2.0,,2.0,3.0,5.0,,,,5.0,,1.0,40.0,,1.0,,,,,2.0,4.0,5.0,,,,5.0,,,2.0,,6.0,,1.0,,,4.0,1.0,1.0,1.0,1.0,1.0,1.0,1.0,1.0,1.0,1.0,,,,,,,6,3,4,3,3,5,6,5,3,2,40.0,35.0,35.0,30.0,35.0,30.0,45.0,30.0,45.0,30.0,1.0,2.0,2.0,1.0,2.0,1.0,1.0,1.0,1.0,2.0,2.0,2.0,2.0,1.0,1.0,2.0,2.0,1.0,2.0,1.0,1.0,2.0,2.0,2.0,1.0,2.0,2.0,1.0,1.0,2.0,1.0,2.0,2.0,1.0,2.0,2.0,1.0,2.0,1.0,1.0
1147,4,4,4,4,4,4,4,4,2,2,,30.0,,2.0,3.0,4.0,5.0,,,,,6.0,,,2.0,1.0,,,,,,,,4.0,4.0,5.0,,18.0,,2.0,,6.0,,,1.0,,4.0,1.0,1.0,1.0,1.0,1.0,1.0,1.0,1.0,1.0,1.0,,,,,,,6,3,4,4,3,5,6,6,3,2,55.0,50.0,52.0,60.0,65.0,58.0,70.0,60.0,40.0,38.0,1.0,2.0,2.0,2.0,1.0,1.0,2.0,1.0,2.0,1.0,2.0,1.0,1.0,2.0,1.0,1.0,2.0,1.0,1.0,2.0,2.0,2.0,1.0,2.0,1.0,2.0,1.0,2.0,1.0,2.0,1.0,1.0,2.0,2.0,2.0,1.0,1.0,1.0,2.0,1.0
1034,4,4,4,4,4,4,4,4,2,2,70.0,,,2.0,3.0,4.0,5.0,,,,,5.0,,,2.0,1.0,,2.0,4.0,5.0,,,,,,,18.0,,1.0,,3.0,,,1.0,,4.0,,1.0,1.0,1.0,1.0,1.0,1.0,1.0,1.0,1.0,1.0,,,,,,,6,3,4,4,2,5,6,6,3,2,60.0,55.0,60.0,65.0,65.0,60.0,70.0,60.0,40.0,45.0,1.0,1.0,2.0,2.0,1.0,1.0,2.0,2.0,1.0,1.0,1.0,1.0,2.0,1.0,2.0,1.0,1.0,2.0,2.0,1.0,1.0,2.0,2.0,2.0,1.0,2.0,1.0,1.0,2.0,1.0,2.0,1.0,2.0,2.0,1.0,1.0,1.0,1.0,2.0,1.0
1833,5,5,5,5,5,5,5,5,1,2,,30.0,,2.0,,,,3.0,5.0,2.0,,6.0,,,2.0,1.0,,2.0,4.0,5.0,,,,,,,18.0,,1.0,,,,3.0,1.0,,5.0,,1.0,1.0,1.0,1.0,1.0,1.0,1.0,1.0,1.0,1.0,,,,,,,6,3,4,4,3,5,6,6,4,2,60.0,55.0,60.0,65.0,70.0,60.0,75.0,65.0,40.0,45.0,2.0,2.0,2.0,2.0,2.0,2.0,1.0,1.0,2.0,2.0,2.0,1.0,1.0,1.0,1.0,2.0,1.0,1.0,1.0,2.0,1.0,2.0,2.0,2.0,1.0,1.0,1.0,2.0,1.0,1.0,1.0,2.0,2.0,1.0,1.0,1.0,2.0,2.0,1.0,1.0
1940,2,2,2,2,2,2,4,2,4,2,,30.0,2.0,,3.0,4.0,6.0,,,,,5.0,1.0,54.0,,,2.0,1.0,2.0,4.0,,,,,,,20.0,,,2.0,,,2.0,,1.0,3.0,,1.0,1.0,1.0,1.0,1.0,1.0,1.0,1.0,1.0,1.0,,,,,,,6,3,4,3,3,5,6,5,3,2,40.0,35.0,35.0,40.0,45.0,35.0,60.0,40.0,50.0,40.0,2.0,1.0,2.0,1.0,1.0,2.0,1.0,1.0,1.0,1.0,1.0,1.0,2.0,2.0,2.0,2.0,1.0,2.0,2.0,2.0,1.0,2.0,2.0,2.0,2.0,2.0,2.0,2.0,1.0,1.0,2.0,1.0,1.0,2.0,2.0,1.0,1.0,1.0,2.0,1.0
532,4,4,4,5,5,5,5,5,1,2,70.0,,4.0,,3.0,4.0,6.0,,,,,6.0,,,2.0,1.0,,,,,,,,4.0,4.0,5.0,18.0,,,2.0,,,3.0,,1.0,4.0,,1.0,1.0,1.0,1.0,1.0,1.0,1.0,1.0,1.0,1.0,,,,,,,6,3,4,4,3,5,6,6,3,2,55.0,50.0,52.0,60.0,65.0,62.0,70.0,58.0,40.0,45.0,1.0,1.0,2.0,2.0,1.0,1.0,2.0,2.0,1.0,1.0,2.0,2.0,1.0,2.0,1.0,2.0,2.0,2.0,2.0,2.0,2.0,2.0,1.0,1.0,1.0,2.0,2.0,2.0,1.0,2.0,1.0,1.0,2.0,1.0,2.0,2.0,1.0,2.0,1.0,2.0
441,2,2,2,2,2,2,4,2,4,2,,30.0,,2.0,3.0,4.0,5.0,,,,5.0,,,,2.0,,2.0,2.0,4.0,4.0,,,,,,,20.0,,1.0,,,6.0,,,1.0,4.0,,,,,,,,,,,,1.0,1.0,1.0,1.0,1.0,1.0,6,3,4,4,3,5,6,6,3,2,40.0,35.0,35.0,40.0,45.0,35.0,50.0,35.0,45.0,35.0,1.0,1.0,1.0,1.0,2.0,2.0,2.0,2.0,2.0,1.0,2.0,2.0,2.0,2.0,2.0,1.0,2.0,1.0,2.0,2.0,1.0,1.0,1.0,2.0,2.0,1.0,1.0,1.0,1.0,2.0,2.0,1.0,1.0,1.0,2.0,1.0,1.0,1.0,1.0,2.0
1132,4,4,4,4,4,4,4,4,2,2,,30.0,3.0,,,,,3.0,5.0,2.0,,6.0,,,2.0,1.0,,2.0,4.0,5.0,,,,,,,18.0,,1.0,,,6.0,,,1.0,,4.0,,,,,,,,,,,1.0,1.0,1.0,1.0,1.0,1.0,6,3,4,4,3,5,6,6,3,2,55.0,52.0,54.0,60.0,62.0,58.0,65.0,57.0,40.0,42.0,2.0,2.0,2.0,1.0,1.0,1.0,2.0,2.0,2.0,2.0,1.0,1.0,1.0,2.0,2.0,2.0,2.0,2.0,2.0,2.0,1.0,2.0,2.0,2.0,1.0,2.0,2.0,1.0,1.0,2.0,1.0,1.0,2.0,2.0,2.0,2.0,2.0,1.0,2.0,1.0
1041,5,5,5,5,5,5,5,5,1,2,70.0,,4.0,,,,,3.0,4.0,2.0,,6.0,,,2.0,1.0,,2.0,4.0,5.0,,,,,,,18.0,,,2.0,,5.0,,1.0,,5.0,,1.0,1.0,1.0,1.0,1.0,1.0,1.0,1.0,1.0,1.0,,,,,,,6,3,4,3,3,5,6,5,4,2,55.0,50.0,52.0,60.0,65.0,58.0,70.0,60.0,40.0,45.0,2.0,1.0,1.0,2.0,1.0,1.0,2.0,1.0,2.0,1.0,2.0,2.0,1.0,1.0,2.0,2.0,1.0,2.0,1.0,2.0,2.0,1.0,2.0,1.0,2.0,2.0,1.0,2.0,2.0,2.0,2.0,1.0,1.0,1.0,1.0,1.0,1.0,1.0,1.0,1.0
1981,5,5,5,5,5,5,5,5,1,1,70.0,,,1.0,3.0,4.0,6.0,,,,6.0,,1.0,54.0,,,2.0,1.0,4.0,5.0,,,,,,,20.0,,1.0,,,,2.0,1.0,,,5.0,1.0,1.0,1.0,1.0,1.0,1.0,1.0,1.0,1.0,1.0,,,,,,,6,3,4,4,2,5,6,6,3,2,55.0,50.0,52.0,60.0,65.0,58.0,70.0,60.0,40.0,35.0,1.0,1.0,1.0,2.0,1.0,1.0,1.0,2.0,2.0,1.0,2.0,2.0,1.0,2.0,1.0,2.0,2.0,1.0,2.0,2.0,2.0,1.0,2.0,2.0,2.0,1.0,2.0,2.0,1.0,2.0,1.0,2.0,1.0,1.0,2.0,1.0,1.0,1.0,2.0,1.0
808,4,4,4,4,4,4,4,4,2,2,70.0,,4.0,,,,,3.0,5.0,2.0,,6.0,1.0,54.0,,,2.0,,,,3.0,4.0,5.0,,,,,18.0,1.0,,,6.0,,,1.0,5.0,,,,,,,,,,,,1.0,1.0,1.0,1.0,1.0,1.0,6,3,4,4,2,5,6,6,3,2,55.0,50.0,52.0,60.0,65.0,58.0,70.0,60.0,40.0,45.0,2.0,2.0,2.0,2.0,2.0,2.0,1.0,1.0,2.0,2.0,1.0,1.0,2.0,2.0,2.0,2.0,1.0,1.0,1.0,1.0,1.0,1.0,1.0,2.0,2.0,1.0,1.0,1.0,1.0,1.0,2.0,1.0,2.0,1.0,1.0,1.0,1.0,2.0,1.0,2.0
715,5,5,5,5,5,5,5,5,1,2,,30.0,,1.0,,,,3.0,5.0,2.0,6.0,,1.0,54.0,,,2.0,2.0,4.0,5.0,,,,,,,18.0,,1.0,,,,2.0,1.0,,5.0,,,,,,,,,,,,1.0,1.0,1.0,1.0,1.0,1.0,6,3,4,3,3,5,6,6,3,2,60.0,55.0,58.0,65.0,70.0,62.0,75.0,60.0,40.0,45.0,1.0,2.0,1.0,2.0,2.0,1.0,2.0,1.0,2.0,1.0,2.0,2.0,2.0,2.0,2.0,2.0,2.0,1.0,2.0,1.0,2.0,1.0,2.0,1.0,2.0,2.0,1.0,2.0,2.0,2.0,2.0,2.0,1.0,1.0,1.0,1.0,2.0,2.0,2.0,1.0
666,4,4,4,5,5,5,5,5,1,2,,30.0,,2.0,,,,3.0,5.0,2.0,,6.0,1.0,54.0,,,2.0,,,,4.0,5.0,5.0,,,,,18.0,1.0,,,,3.0,1.0,,,5.0,1.0,1.0,1.0,1.0,1.0,1.0,1.0,1.0,1.0,1.0,,,,,,,6,3,4,4,3,5,6,6,3,2,55.0,50.0,52.0,60.0,65.0,62.0,70.0,58.0,40.0,45.0,2.0,2.0,1.0,2.0,2.0,1.0,2.0,2.0,2.0,2.0,2.0,1.0,2.0,2.0,1.0,1.0,1.0,1.0,1.0,1.0,2.0,2.0,2.0,2.0,2.0,2.0,2.0,2.0,2.0,1.0,2.0,2.0,1.0,2.0,1.0,2.0,2.0,2.0,1.0,2.0
480,2,3,3,3,3,3,4,2,4,2,70.0,,,2.0,3.0,4.0,6.0,,,,,5.0,1.0,40.0,,1.0,,2.0,3.0,4.0,,,,,,,,15.0,1.0,,,,2.0,,1.0,,4.0,,,,,,,,,,,1.0,1.0,1.0,1.0,1.0,1.0,6,3,4,3,2,5,6,5,3,2,40.0,35.0,35.0,45.0,50.0,40.0,60.0,35.0,55.0,35.0,2.0,2.0,2.0,2.0,2.0,2.0,1.0,1.0,1.0,1.0,2.0,2.0,2.0,2.0,2.0,1.0,1.0,1.0,2.0,1.0,2.0,2.0,2.0,1.0,2.0,1.0,2.0,2.0,1.0,1.0,1.0,2.0,2.0,1.0,1.0,1.0,2.0,2.0,2.0,1.0
109,2,3,3,2,3,2,4,2,4,2,70.0,,,2.0,3.0,4.0,5.0,,,,6.0,,1.0,54.0,,,2.0,,,,3.0,4.0,5.0,,,,,18.0,1.0,,,,2.0,,1.0,4.0,,,,,,,,,,,,1.0,1.0,1.0,1.0,1.0,1.0,6,3,4,4,2,5,6,6,3,2,55.0,50.0,52.0,60.0,62.0,58.0,70.0,54.0,48.0,50.0,2.0,1.0,1.0,2.0,2.0,1.0,1.0,1.0,1.0,1.0,1.0,2.0,1.0,2.0,1.0,1.0,2.0,1.0,1.0,2.0,1.0,1.0,1.0,1.0,2.0,2.0,1.0,2.0,1.0,1.0,2.0,2.0,2.0,1.0,2.0,1.0,2.0,1.0,1.0,2.0
1315,4,4,4,4,4,4,5,4,2,2,70.0,,,2.0,3.0,4.0,5.0,,,,6.0,,,,2.0,,2.0,,,,,,,3.0,4.0,5.0,,15.0,,2.0,4.0,,,1.0,,,4.0,,,,,,,,,,,1.0,1.0,1.0,1.0,1.0,1.0,6,3,4,4,3,5,6,6,3,2,55.0,50.0,52.0,60.0,62.0,58.0,65.0,54.0,40.0,42.0,1.0,1.0,1.0,1.0,1.0,1.0,1.0,1.0,1.0,2.0,1.0,1.0,2.0,2.0,2.0,1.0,1.0,2.0,2.0,1.0,1.0,2.0,1.0,1.0,2.0,2.0,1.0,2.0,2.0,2.0,1.0,2.0,2.0,1.0,1.0,1.0,2.0,2.0,1.0,2.0
1266,4,4,4,4,4,4,4,4,2,2,,30.0,,2.0,3.0,4.0,6.0,,,,,5.0,,,2.0,,2.0,2.0,4.0,4.0,,,,,,,18.0,,1.0,,,6.0,,1.0,,,4.0,1.0,1.0,1.0,1.0,1.0,1.0,1.0,1.0,1.0,1.0,,,,,,,6,3,4,4,3,5,6,6,3,2,55.0,50.0,52.0,60.0,62.0,58.0,65.0,54.0,40.0,42.0,1.0,2.0,2.0,1.0,2.0,2.0,2.0,1.0,2.0,2.0,2.0,2.0,1.0,2.0,2.0,2.0,2.0,1.0,2.0,1.0,2.0,1.0,2.0,1.0,2.0,1.0,2.0,2.0,2.0,1.0,2.0,2.0,1.0,2.0,2.0,2.0,2.0,2.0,2.0,1.0
1080,5,5,5,5,5,5,5,5,1,2,70.0,,4.0,,3.0,4.0,6.0,,,,,6.0,,,2.0,1.0,,,,,4.0,5.0,6.0,,,,5.0,,1.0,,,6.0,,,1.0,5.0,,,,,,,,,,,,1.0,1.0,1.0,1.0,1.0,1.0,6,3,4,4,3,5,6,6,4,2,60.0,55.0,55.0,60.0,65.0,60.0,70.0,60.0,40.0,45.0,1.0,2.0,1.0,1.0,2.0,1.0,1.0,2.0,2.0,2.0,2.0,2.0,2.0,1.0,2.0,1.0,2.0,2.0,1.0,1.0,2.0,1.0,1.0,1.0,2.0,2.0,1.0,1.0,2.0,1.0,2.0,1.0,1.0,1.0,2.0,2.0,2.0,1.0,2.0,2.0
1509,5,5,5,5,5,5,5,5,1,2,,30.0,,2.0,3.0,4.0,6.0,,,,6.0,,1.0,54.0,,,2.0,,,,3.0,5.0,6.0,,,,,18.0,,2.0,4.0,,,,1.0,,5.0,,,,,,,,,,,1.0,1.0,1.0,1.0,1.0,1.0,6,3,4,3,3,5,6,5,4,2,60.0,55.0,50.0,65.0,70.0,60.0,75.0,55.0,40.0,35.0,2.0,2.0,2.0,2.0,2.0,2.0,2.0,2.0,1.0,2.0,2.0,2.0,2.0,2.0,1.0,2.0,2.0,2.0,1.0,2.0,2.0,2.0,1.0,2.0,1.0,1.0,2.0,2.0,2.0,2.0,2.0,2.0,2.0,1.0,1.0,1.0,2.0,2.0,2.0,1.0
1802,5,5,5,5,5,5,5,5,1,1,,30.0,4.0,,,,,3.0,4.0,2.0,,6.0,,,2.0,,2.0,,,,,,,4.0,5.0,6.0,0.0,,1.0,,3.0,,,1.0,,,5.0,,,,,,,,,,,1.0,1.0,1.0,1.0,1.0,1.0,6,3,4,3,3,5,6,6,3,2,60.0,55.0,60.0,65.0,70.0,60.0,75.0,60.0,40.0,35.0,2.0,2.0,2.0,2.0,2.0,2.0,2.0,2.0,2.0,2.0,2.0,2.0,2.0,2.0,2.0,2.0,2.0,2.0,2.0,2.0,2.0,2.0,2.0,2.0,2.0,2.0,2.0,2.0,2.0,2.0,2.0,2.0,2.0,2.0,2.0,2.0,2.0,2.0,2.0,2.0
1971,2,3,3,2,3,2,4,2,4,2,70.0,,2.0,,3.0,4.0,5.0,,,,6.0,,1.0,54.0,,1.0,,,,,2.0,4.0,5.0,,,,18.0,,,2.0,4.0,,,,1.0,4.0,,1.0,1.0,1.0,1.0,1.0,1.0,1.0,1.0,1.0,1.0,,,,,,,6,3,4,3,3,5,6,5,3,2,45.0,40.0,40.0,35.0,45.0,35.0,55.0,40.0,50.0,40.0,2.0,1.0,1.0,2.0,2.0,1.0,2.0,2.0,2.0,1.0,1.0,2.0,1.0,1.0,2.0,2.0,1.0,1.0,1.0,1.0,1.0,2.0,1.0,2.0,1.0,1.0,2.0,2.0,1.0,1.0,2.0,1.0,2.0,1.0,1.0,1.0,1.0,2.0,2.0,1.0
1103,4,4,4,5,5,5,5,5,1,2,70.0,,4.0,,,,,3.0,5.0,4.0,6.0,,,,2.0,,2.0,,,,4.0,5.0,6.0,,,,,18.0,1.0,,4.0,,,,1.0,,5.0,1.0,1.0,1.0,1.0,1.0,1.0,1.0,1.0,1.0,1.0,,,,,,,6,3,4,4,3,5,6,6,4,2,55.0,50.0,52.0,60.0,65.0,62.0,70.0,58.0,40.0,45.0,2.0,1.0,1.0,2.0,2.0,2.0,1.0,1.0,1.0,1.0,1.0,1.0,1.0,2.0,1.0,2.0,1.0,1.0,1.0,2.0,2.0,2.0,2.0,1.0,1.0,1.0,2.0,1.0,1.0,2.0,2.0,2.0,1.0,2.0,2.0,2.0,1.0,1.0,1.0,2.0
1070,4,4,4,4,4,4,5,4,2,2,70.0,,3.0,,,,,3.0,5.0,3.0,,5.0,1.0,40.0,,,2.0,,,,,,,2.0,4.0,5.0,15.0,,,2.0,,5.0,,1.0,,,4.0,,,,,,,,,,,1.0,1.0,1.0,1.0,1.0,1.0,6,3,4,4,3,5,6,6,3,2,55.0,50.0,52.0,60.0,65.0,58.0,70.0,54.0,40.0,42.0,2.0,1.0,1.0,1.0,2.0,2.0,2.0,2.0,2.0,1.0,2.0,2.0,1.0,1.0,2.0,1.0,2.0,1.0,2.0,2.0,1.0,2.0,1.0,1.0,1.0,1.0,2.0,2.0,2.0,2.0,1.0,2.0,2.0,1.0,1.0,1.0,2.0,2.0,2.0,2.0
1296,5,5,5,5,5,5,5,5,1,2,,30.0,1.0,,3.0,4.0,6.0,,,,,6.0,1.0,54.0,,,2.0,2.0,4.0,5.0,,,,,,,,18.0,,2.0,,,2.0,1.0,,,5.0,1.0,1.0,1.0,1.0,1.0,1.0,1.0,1.0,1.0,1.0,,,,,,,6,3,4,3,3,5,6,5,3,2,55.0,50.0,60.0,65.0,70.0,60.0,75.0,60.0,35.0,40.0,1.0,2.0,2.0,2.0,2.0,2.0,1.0,2.0,2.0,2.0,2.0,1.0,2.0,1.0,2.0,2.0,1.0,2.0,2.0,2.0,2.0,2.0,2.0,2.0,1.0,2.0,1.0,1.0,2.0,2.0,2.0,1.0,2.0,2.0,2.0,2.0,2.0,1.0,1.0,1.0
503,4,4,4,4,4,4,4,4,2,2,,30.0,3.0,,3.0,4.0,6.0,,,,5.0,,1.0,30.0,,1.0,,,,,2.0,4.0,4.0,,,,20.0,,,2.0,,,1.0,,1.0,4.0,,,,,,,,,,,,1.0,1.0,1.0,1.0,1.0,1.0,6,3,4,3,3,5,6,5,3,2,40.0,35.0,38.0,45.0,50.0,40.0,55.0,35.0,30.0,25.0,2.0,1.0,2.0,2.0,2.0,2.0,1.0,1.0,1.0,1.0,2.0,2.0,1.0,2.0,1.0,2.0,2.0,2.0,2.0,2.0,2.0,1.0,1.0,2.0,1.0,2.0,1.0,1.0,2.0,2.0,2.0,2.0,1.0,1.0,2.0,1.0,2.0,2.0,2.0,1.0
470,4,4,4,4,4,4,4,4,2,2,,30.0,4.0,,3.0,4.0,5.0,,,,5.0,,1.0,30.0,,,2.0,3.0,4.0,4.0,,,,,,,18.0,,,2.0,,,2.0,1.0,,4.0,,1.0,1.0,1.0,1.0,1.0,1.0,1.0,1.0,1.0,1.0,,,,,,,6,3,4,4,3,5,6,6,3,2,55.0,50.0,52.0,60.0,62.0,58.0,65.0,54.0,40.0,42.0,2.0,1.0,1.0,2.0,1.0,1.0,1.0,2.0,1.0,2.0,1.0,1.0,2.0,2.0,1.0,2.0,2.0,1.0,2.0,2.0,2.0,1.0,1.0,2.0,1.0,2.0,1.0,1.0,2.0,2.0,2.0,1.0,1.0,2.0,1.0,2.0,2.0,2.0,2.0,1.0
696,2,2,2,2,2,2,4,2,4,2,70.0,,,2.0,,,,3.0,4.0,3.0,6.0,,,,2.0,,2.0,2.0,4.0,5.0,,,,,,,5.0,,1.0,,,6.0,,1.0,,4.0,,1.0,1.0,1.0,1.0,1.0,1.0,1.0,1.0,1.0,1.0,,,,,,,6,3,4,3,3,5,6,5,3,2,45.0,40.0,40.0,40.0,40.0,40.0,60.0,40.0,60.0,40.0,1.0,1.0,1.0,1.0,1.0,2.0,1.0,2.0,2.0,1.0,2.0,2.0,2.0,1.0,1.0,2.0,1.0,2.0,1.0,1.0,1.0,2.0,2.0,1.0,2.0,2.0,2.0,2.0,1.0,2.0,2.0,2.0,1.0,2.0,2.0,1.0,1.0,2.0,1.0,1.0
839,4,4,4,4,4,4,4,4,2,2,,30.0,4.0,,3.0,4.0,5.0,,,,,6.0,1.0,54.0,,,2.0,,,,,,,4.0,4.0,5.0,18.0,,1.0,,4.0,,,,1.0,,4.0,1.0,1.0,1.0,1.0,1.0,1.0,1.0,1.0,1.0,1.0,,,,,,,6,3,4,4,3,5,6,6,3,2,55.0,50.0,52.0,60.0,65.0,58.0,70.0,62.0,40.0,38.0,1.0,2.0,2.0,1.0,1.0,2.0,1.0,2.0,1.0,1.0,2.0,1.0,1.0,2.0,1.0,2.0,1.0,1.0,2.0,2.0,1.0,1.0,2.0,1.0,1.0,1.0,2.0,2.0,2.0,2.0,1.0,1.0,2.0,2.0,1.0,2.0,1.0,1.0,1.0,2.0
1324,5,5,5,5,5,5,5,5,1,2,70.0,,,2.0,,,,3.0,5.0,2.0,6.0,,,,2.0,,2.0,,,,,,,3.0,5.0,6.0,5.0,,1.0,,,,2.0,1.0,,,5.0,1.0,1.0,1.0,1.0,1.0,1.0,1.0,1.0,1.0,1.0,,,,,,,6,3,4,3,3,5,6,5,3,2,60.0,55.0,50.0,65.0,70.0,60.0,75.0,60.0,40.0,35.0,1.0,2.0,1.0,2.0,2.0,2.0,2.0,1.0,1.0,1.0,2.0,1.0,1.0,2.0,2.0,2.0,1.0,1.0,1.0,2.0,1.0,1.0,1.0,2.0,1.0,2.0,2.0,2.0,1.0,2.0,2.0,2.0,2.0,2.0,1.0,1.0,2.0,2.0,2.0,2.0
1257,4,4,4,5,5,5,5,4,2,2,,30.0,5.0,,3.0,4.0,5.0,,,,6.0,,1.0,54.0,,1.0,,,,,4.0,4.0,5.0,,,,20.0,,1.0,,,5.0,,1.0,,4.0,,1.0,1.0,1.0,1.0,1.0,1.0,1.0,1.0,1.0,1.0,,,,,,,6,3,4,3,3,5,6,5,3,2,60.0,55.0,58.0,65.0,70.0,68.0,72.0,60.0,40.0,38.0,2.0,1.0,2.0,1.0,1.0,2.0,1.0,2.0,1.0,2.0,2.0,1.0,1.0,1.0,2.0,1.0,2.0,1.0,1.0,2.0,1.0,1.0,2.0,1.0,2.0,1.0,1.0,2.0,2.0,2.0,2.0,2.0,1.0,2.0,1.0,2.0,1.0,2.0,1.0,2.0
1538,4,4,4,5,5,5,5,4,1,2,70.0,,,2.0,3.0,4.0,5.0,,,,6.0,,,,2.0,1.0,,,,,3.0,4.0,4.0,,,,16.0,,1.0,,,,2.0,,1.0,4.0,,,,,,,,,,,,1.0,1.0,1.0,1.0,1.0,1.0,6,3,4,4,2,5,6,6,3,2,55.0,50.0,52.0,60.0,65.0,62.0,70.0,58.0,40.0,45.0,2.0,1.0,1.0,2.0,1.0,2.0,2.0,2.0,2.0,2.0,1.0,1.0,2.0,1.0,1.0,2.0,2.0,2.0,1.0,2.0,2.0,2.0,2.0,2.0,1.0,2.0,2.0,1.0,2.0,2.0,1.0,1.0,2.0,2.0,2.0,1.0,2.0,1.0,2.0,1.0
724,4,4,4,3,4,3,4,3,2,2,,30.0,,1.0,,,,3.0,4.0,2.0,,6.0,,,2.0,,2.0,,,,,,,3.0,4.0,4.0,18.0,,1.0,,3.0,,,1.0,,,4.0,,,,,,,,,,,1.0,1.0,1.0,1.0,1.0,1.0,6,3,4,3,2,5,6,5,3,2,55.0,50.0,52.0,60.0,62.0,55.0,65.0,50.0,40.0,42.0,1.0,1.0,2.0,1.0,1.0,2.0,1.0,2.0,1.0,2.0,2.0,2.0,2.0,2.0,2.0,1.0,1.0,2.0,1.0,2.0,2.0,2.0,2.0,1.0,1.0,2.0,2.0,2.0,1.0,2.0,1.0,2.0,2.0,2.0,2.0,2.0,2.0,2.0,2.0,2.0
657,3,3,3,2,3,2,4,2,4,2,70.0,,,2.0,3.0,4.0,6.0,,,,,,1.0,54.0,,1.0,,,,,,,,3.0,4.0,5.0,,18.0,,2.0,,6.0,,1.0,,4.0,,1.0,1.0,1.0,1.0,1.0,1.0,1.0,1.0,1.0,1.0,,,,,,,6,3,4,4,3,5,6,6,3,2,55.0,50.0,52.0,60.0,62.0,48.0,65.0,45.0,40.0,38.0,1.0,2.0,2.0,1.0,1.0,1.0,2.0,2.0,2.0,2.0,2.0,1.0,2.0,1.0,1.0,2.0,2.0,1.0,1.0,2.0,2.0,1.0,1.0,2.0,1.0,1.0,2.0,2.0,1.0,1.0,2.0,1.0,2.0,2.0,2.0,1.0,2.0,2.0,1.0,1.0
138,4,4,4,5,5,5,5,4,1,2,,30.0,3.0,,,,,3.0,5.0,4.0,6.0,,,,2.0,,2.0,,,,,,,3.0,4.0,5.0,20.0,,,2.0,,,2.0,,1.0,4.0,,1.0,1.0,1.0,1.0,1.0,1.0,1.0,1.0,1.0,1.0,,,,,,,6,3,4,3,3,5,6,5,3,2,60.0,55.0,58.0,65.0,70.0,68.0,72.0,60.0,40.0,45.0,2.0,1.0,1.0,2.0,2.0,1.0,2.0,1.0,2.0,1.0,1.0,2.0,1.0,1.0,2.0,1.0,2.0,1.0,2.0,1.0,2.0,1.0,1.0,2.0,1.0,1.0,1.0,2.0,2.0,1.0,1.0,1.0,2.0,1.0,2.0,1.0,1.0,2.0,1.0,1.0
1351,2,2,2,2,2,2,4,2,4,4,,30.0,,2.0,3.0,4.0,5.0,,,,6.0,,,,2.0,1.0,,2.0,2.0,4.0,,,,,,,18.0,,,2.0,4.0,,,,1.0,,4.0,1.0,1.0,1.0,1.0,1.0,1.0,1.0,1.0,1.0,1.0,,,,,,,6,3,4,4,3,5,6,6,3,2,40.0,38.0,35.0,45.0,50.0,38.0,60.0,35.0,55.0,50.0,1.0,2.0,1.0,1.0,1.0,2.0,2.0,1.0,2.0,2.0,1.0,2.0,1.0,2.0,1.0,1.0,1.0,1.0,1.0,2.0,2.0,1.0,1.0,2.0,2.0,2.0,2.0,2.0,1.0,1.0,2.0,1.0,1.0,2.0,1.0,2.0,1.0,2.0,1.0,1.0
1222,4,4,4,5,5,5,5,4,2,2,,30.0,,1.0,2.0,3.0,6.0,,,,,,1.0,40.0,,,2.0,,,,3.0,4.0,4.0,,,,,15.0,,2.0,3.0,,,,1.0,,4.0,1.0,1.0,1.0,1.0,1.0,1.0,1.0,1.0,1.0,1.0,,,,,,,6,3,4,4,2,5,6,6,3,2,55.0,50.0,52.0,60.0,65.0,60.0,70.0,55.0,40.0,45.0,2.0,2.0,2.0,2.0,2.0,1.0,2.0,2.0,1.0,1.0,2.0,2.0,1.0,1.0,1.0,1.0,2.0,2.0,1.0,2.0,1.0,2.0,2.0,1.0,2.0,1.0,1.0,2.0,1.0,2.0,2.0,1.0,2.0,1.0,2.0,2.0,1.0,1.0,2.0,1.0
751,5,5,5,5,5,5,5,5,1,1,,30.0,,2.0,,,,3.0,5.0,2.0,6.0,,,,2.0,1.0,,,,,4.0,5.0,6.0,,,,,18.0,,2.0,5.0,,,1.0,,5.0,,,,,,,,,,,,1.0,1.0,1.0,1.0,1.0,1.0,6,3,4,4,2,5,6,6,4,2,60.0,55.0,58.0,65.0,70.0,62.0,75.0,60.0,40.0,35.0,1.0,1.0,2.0,2.0,1.0,2.0,1.0,2.0,2.0,1.0,1.0,1.0,1.0,1.0,2.0,2.0,1.0,1.0,1.0,1.0,2.0,2.0,1.0,1.0,2.0,1.0,1.0,1.0,1.0,2.0,2.0,2.0,1.0,1.0,1.0,2.0,1.0,1.0,1.0,2.0
622,4,4,4,3,4,3,4,3,2,2,70.0,,3.0,,,,,3.0,5.0,2.0,,6.0,,,2.0,,2.0,,,,,,,3.0,4.0,5.0,,18.0,,2.0,4.0,,,1.0,,4.0,,,,,,,,,,,,1.0,1.0,1.0,1.0,1.0,1.0,6,3,5,4,3,5,6,5,3,2,55.0,50.0,52.0,60.0,62.0,58.0,65.0,54.0,40.0,38.0,2.0,2.0,2.0,2.0,1.0,2.0,1.0,1.0,2.0,2.0,1.0,2.0,2.0,1.0,2.0,1.0,1.0,1.0,1.0,1.0,2.0,1.0,1.0,1.0,1.0,2.0,1.0,2.0,1.0,2.0,1.0,1.0,1.0,1.0,1.0,1.0,1.0,1.0,1.0,1.0
1877,4,4,4,5,5,5,5,5,1,2,70.0,,,2.0,2.0,3.0,5.0,,,,6.0,,,,2.0,,2.0,,,,3.0,4.0,5.0,,,,,18.0,1.0,,4.0,,,,1.0,,5.0,1.0,1.0,1.0,1.0,1.0,1.0,1.0,1.0,1.0,1.0,,,,,,,6,3,4,3,3,5,6,5,3,2,55.0,50.0,52.0,60.0,65.0,62.0,70.0,60.0,40.0,45.0,2.0,1.0,2.0,1.0,1.0,1.0,2.0,2.0,1.0,1.0,1.0,1.0,2.0,1.0,1.0,1.0,1.0,1.0,1.0,1.0,2.0,2.0,1.0,2.0,2.0,2.0,2.0,1.0,1.0,1.0,1.0,2.0,2.0,1.0,2.0,1.0,1.0,2.0,1.0,1.0
1904,4,4,4,4,4,4,5,4,2,2,,30.0,4.0,,,,,3.0,5.0,4.0,,5.0,,,2.0,,2.0,,,,,,,3.0,4.0,5.0,,18.0,,2.0,,6.0,,1.0,,4.0,,1.0,1.0,1.0,1.0,1.0,1.0,1.0,1.0,1.0,1.0,,,,,,,6,3,4,4,3,5,6,6,3,2,55.0,50.0,52.0,60.0,62.0,58.0,65.0,54.0,40.0,38.0,1.0,2.0,1.0,2.0,1.0,2.0,1.0,1.0,2.0,2.0,1.0,1.0,2.0,2.0,2.0,2.0,1.0,1.0,2.0,1.0,2.0,1.0,2.0,2.0,2.0,2.0,2.0,1.0,2.0,2.0,2.0,1.0,2.0,2.0,1.0,1.0,1.0,2.0,1.0,2.0
1390,5,5,5,5,5,5,5,5,1,1,70.0,,,1.0,3.0,4.0,6.0,,,,,6.0,1.0,54.0,,1.0,,2.0,4.0,5.0,,,,,,,,18.0,1.0,,,7.0,,1.0,,,5.0,,,,,,,,,,,1.0,1.0,1.0,1.0,1.0,1.0,6,3,4,3,2,5,6,6,4,2,60.0,55.0,60.0,65.0,70.0,60.0,70.0,55.0,35.0,30.0,1.0,2.0,1.0,2.0,1.0,2.0,2.0,1.0,1.0,2.0,2.0,2.0,1.0,2.0,2.0,2.0,2.0,2.0,1.0,2.0,2.0,2.0,1.0,2.0,2.0,1.0,2.0,1.0,2.0,1.0,2.0,1.0,2.0,2.0,1.0,2.0,2.0,1.0,2.0,1.0
1619,5,5,5,5,5,5,5,5,1,2,,30.0,5.0,,,,,3.0,5.0,4.0,,6.0,,,2.0,1.0,,,,,4.0,5.0,6.0,,,,,18.0,,2.0,,,2.0,1.0,,5.0,,1.0,1.0,1.0,1.0,1.0,1.0,1.0,1.0,1.0,1.0,,,,,,,6,3,4,3,3,5,6,5,4,2,60.0,55.0,50.0,65.0,70.0,60.0,75.0,55.0,40.0,45.0,1.0,2.0,1.0,1.0,1.0,1.0,2.0,1.0,2.0,2.0,2.0,1.0,2.0,2.0,1.0,2.0,1.0,1.0,2.0,1.0,1.0,1.0,2.0,1.0,1.0,2.0,1.0,1.0,2.0,2.0,2.0,2.0,1.0,1.0,1.0,1.0,2.0,1.0,1.0,2.0
1176,4,4,4,4,4,4,4,4,2,2,,30.0,4.0,,,,,3.0,5.0,2.0,6.0,,,,2.0,1.0,,,,,3.0,4.0,5.0,,,,,18.0,,2.0,,6.0,,1.0,,4.0,,1.0,1.0,1.0,1.0,1.0,1.0,1.0,1.0,1.0,1.0,,,,,,,6,3,4,4,3,5,6,6,3,2,55.0,50.0,52.0,60.0,62.0,58.0,65.0,54.0,40.0,38.0,2.0,2.0,2.0,2.0,1.0,2.0,1.0,1.0,1.0,2.0,1.0,2.0,1.0,2.0,1.0,2.0,2.0,1.0,2.0,2.0,1.0,2.0,1.0,1.0,1.0,1.0,2.0,2.0,2.0,1.0,2.0,1.0,2.0,1.0,1.0,2.0,1.0,2.0,2.0,2.0
1005,5,5,5,5,5,5,5,5,1,2,70.0,,,1.0,,,,3.0,5.0,2.0,6.0,,1.0,40.0,,,2.0,,,,,,,3.0,5.0,6.0,18.0,,,2.0,,6.0,,,1.0,5.0,,,,,,,,,,,,1.0,1.0,1.0,1.0,1.0,1.0,6,3,4,3,3,5,6,5,4,2,55.0,50.0,50.0,60.0,65.0,60.0,70.0,55.0,35.0,40.0,2.0,2.0,2.0,1.0,2.0,1.0,1.0,2.0,2.0,2.0,2.0,2.0,2.0,2.0,2.0,1.0,1.0,2.0,2.0,1.0,1.0,1.0,1.0,1.0,2.0,2.0,2.0,2.0,1.0,2.0,2.0,2.0,1.0,1.0,1.0,1.0,2.0,1.0,1.0,1.0
790,4,4,4,4,4,4,4,4,2,2,,30.0,3.0,,,,,3.0,4.0,3.0,6.0,,1.0,54.0,,,2.0,,,,,,,3.0,4.0,5.0,,15.0,,2.0,,5.0,,1.0,,4.0,,1.0,1.0,1.0,1.0,1.0,1.0,1.0,1.0,1.0,1.0,,,,,,,6,3,4,4,2,5,6,6,3,2,60.0,55.0,60.0,65.0,70.0,65.0,75.0,60.0,40.0,45.0,1.0,2.0,2.0,2.0,1.0,1.0,1.0,2.0,1.0,2.0,1.0,1.0,1.0,2.0,1.0,1.0,1.0,2.0,2.0,2.0,2.0,2.0,2.0,1.0,2.0,2.0,1.0,2.0,2.0,1.0,1.0,2.0,2.0,1.0,1.0,1.0,1.0,2.0,1.0,1.0
219,4,4,4,4,4,4,5,4,2,2,70.0,,4.0,,3.0,4.0,6.0,,,,6.0,,1.0,54.0,,,2.0,2.0,4.0,5.0,,,,,,,,18.0,1.0,,,6.0,,1.0,,4.0,,,,,,,,,,,,1.0,1.0,1.0,1.0,1.0,1.0,6,3,5,4,3,5,6,5,3,2,55.0,50.0,52.0,60.0,65.0,58.0,70.0,60.0,40.0,42.0,2.0,2.0,1.0,2.0,2.0,2.0,1.0,2.0,1.0,2.0,2.0,2.0,2.0,2.0,2.0,2.0,2.0,2.0,2.0,1.0,2.0,2.0,2.0,1.0,2.0,2.0,1.0,1.0,1.0,1.0,1.0,2.0,2.0,1.0,1.0,2.0,1.0,2.0,1.0,2.0
576,5,5,5,5,5,5,5,5,1,1,,30.0,,1.0,3.0,4.0,5.0,,,,6.0,,,,2.0,1.0,,1.0,5.0,6.0,,,,,,,0.0,,,2.0,3.0,,,,1.0,,5.0,1.0,1.0,1.0,1.0,1.0,1.0,1.0,1.0,1.0,1.0,,,,,,,6,3,2,2,3,5,6,6,4,2,55.0,50.0,50.0,60.0,65.0,60.0,70.0,55.0,35.0,30.0,2.0,2.0,2.0,2.0,2.0,2.0,2.0,2.0,2.0,2.0,2.0,2.0,2.0,2.0,2.0,2.0,2.0,2.0,2.0,2.0,2.0,2.0,2.0,2.0,2.0,2.0,2.0,2.0,2.0,2.0,2.0,2.0,2.0,2.0,2.0,2.0,2.0,2.0,2.0,2.0
405,5,5,5,5,5,5,5,5,1,2,,30.0,5.0,,3.0,4.0,5.0,,,,,6.0,,,2.0,,2.0,,,,4.0,5.0,6.0,,,,18.0,,,2.0,,6.0,,1.0,,5.0,,1.0,1.0,1.0,1.0,1.0,1.0,1.0,1.0,1.0,1.0,,,,,,,6,3,4,3,3,5,6,5,4,2,60.0,55.0,58.0,65.0,68.0,62.0,70.0,60.0,40.0,45.0,2.0,2.0,2.0,1.0,2.0,2.0,1.0,1.0,1.0,2.0,1.0,2.0,2.0,1.0,2.0,2.0,1.0,1.0,2.0,2.0,1.0,1.0,2.0,1.0,2.0,2.0,2.0,2.0,2.0,1.0,2.0,1.0,2.0,2.0,1.0,1.0,2.0,2.0,1.0,1.0
1547,1,2,2,1,2,2,2,1,4,4,,30.0,,1.0,,,,3.0,5.0,2.0,5.0,,1.0,30.0,,,2.0,1.0,2.0,2.0,,,,,,,20.0,,1.0,,3.0,,,1.0,,,3.0,,,,,,,,,,,1.0,1.0,1.0,1.0,1.0,1.0,6,3,3,2,2,5,6,6,1,1,30.0,35.0,35.0,25.0,35.0,35.0,35.0,30.0,45.0,45.0,2.0,2.0,2.0,2.0,2.0,2.0,2.0,2.0,2.0,2.0,2.0,2.0,2.0,2.0,2.0,2.0,2.0,2.0,2.0,2.0,2.0,2.0,2.0,2.0,2.0,2.0,2.0,2.0,2.0,2.0,2.0,2.0,2.0,2.0,2.0,2.0,2.0,2.0,2.0,2.0
1434,5,5,5,5,5,5,5,5,1,1,,30.0,1.0,,3.0,4.0,6.0,,,,,,1.0,54.0,,,2.0,,,,,,,3.0,5.0,6.0,,10.0,,2.0,4.0,,,,1.0,,6.0,,,,,,,,,,,1.0,1.0,1.0,1.0,1.0,1.0,6,3,4,3,2,5,6,6,4,2,60.0,55.0,50.0,65.0,70.0,60.0,75.0,55.0,40.0,35.0,2.0,2.0,2.0,2.0,1.0,2.0,1.0,2.0,2.0,1.0,2.0,2.0,1.0,1.0,1.0,1.0,2.0,1.0,2.0,1.0,1.0,2.0,1.0,1.0,2.0,2.0,2.0,1.0,1.0,1.0,1.0,2.0,1.0,1.0,1.0,2.0,2.0,2.0,1.0,1.0
1228,5,5,5,5,5,5,5,5,1,2,,30.0,5.0,,3.0,4.0,6.0,,,,6.0,,1.0,54.0,,,2.0,2.0,4.0,5.0,,,,,,,16.0,,1.0,,,6.0,,1.0,,,5.0,1.0,1.0,1.0,1.0,1.0,1.0,1.0,1.0,1.0,1.0,,,,,,,6,3,4,4,3,5,6,6,3,2,60.0,55.0,58.0,65.0,68.0,62.0,70.0,60.0,40.0,45.0,2.0,2.0,2.0,1.0,1.0,1.0,1.0,2.0,2.0,1.0,2.0,2.0,2.0,1.0,2.0,2.0,1.0,1.0,2.0,2.0,1.0,2.0,2.0,1.0,2.0,2.0,1.0,2.0,1.0,2.0,2.0,1.0,2.0,1.0,2.0,1.0,2.0,2.0,1.0,1.0
147,2,3,2,2,2,2,4,2,4,2,70.0,,2.0,,,,,3.0,4.0,2.0,,6.0,,,2.0,,2.0,,,,4.0,4.0,5.0,,,,,18.0,,2.0,,,2.0,1.0,,4.0,,,,,,,,,,,,1.0,1.0,1.0,1.0,1.0,1.0,6,3,4,3,3,5,6,6,3,2,45.0,40.0,42.0,38.0,40.0,35.0,55.0,40.0,50.0,40.0,1.0,2.0,1.0,2.0,2.0,1.0,1.0,2.0,2.0,1.0,2.0,1.0,1.0,1.0,1.0,1.0,2.0,1.0,1.0,2.0,1.0,1.0,1.0,2.0,2.0,2.0,2.0,1.0,2.0,1.0,1.0,1.0,2.0,1.0,2.0,1.0,1.0,1.0,2.0,1.0
628,4,4,4,4,4,4,5,4,2,3,70.0,,,2.0,3.0,4.0,5.0,,,,6.0,,1.0,45.0,,1.0,,,,,3.0,4.0,5.0,,,,,15.0,1.0,,3.0,,,,1.0,4.0,,,,,,,,,,,,1.0,1.0,1.0,1.0,1.0,1.0,6,3,4,4,2,5,6,5,3,2,55.0,50.0,52.0,60.0,62.0,58.0,65.0,54.0,40.0,45.0,2.0,2.0,2.0,1.0,2.0,2.0,1.0,2.0,2.0,1.0,2.0,2.0,2.0,1.0,2.0,1.0,2.0,1.0,2.0,2.0,1.0,2.0,2.0,1.0,2.0,2.0,2.0,1.0,2.0,2.0,1.0,2.0,2.0,1.0,2.0,1.0,2.0,1.0,1.0,1.0
846,5,5,5,5,5,5,5,5,1,2,,30.0,,2.0,3.0,4.0,6.0,,,,6.0,,1.0,54.0,,,2.0,,,,4.0,5.0,6.0,,,,,20.0,,2.0,,,2.0,1.0,,5.0,,1.0,1.0,1.0,1.0,1.0,1.0,1.0,1.0,1.0,1.0,,,,,,,6,3,4,3,3,5,6,6,4,2,60.0,55.0,60.0,65.0,70.0,60.0,75.0,60.0,40.0,45.0,2.0,1.0,2.0,2.0,2.0,2.0,1.0,2.0,2.0,2.0,2.0,2.0,2.0,2.0,2.0,2.0,2.0,2.0,1.0,2.0,2.0,2.0,2.0,2.0,2.0,2.0,2.0,2.0,2.0,1.0,1.0,1.0,2.0,1.0,2.0,2.0,1.0,1.0,1.0,2.0
935,4,4,4,4,4,4,4,4,2,2,70.0,,3.0,,,,,3.0,4.0,2.0,6.0,,,,2.0,,2.0,2.0,4.0,5.0,,,,,,,,18.0,1.0,,,,2.0,1.0,,4.0,,,,,,,,,,,,1.0,1.0,1.0,1.0,1.0,1.0,6,3,4,3,3,5,6,5,3,2,55.0,50.0,52.0,60.0,65.0,58.0,70.0,60.0,40.0,45.0,2.0,2.0,2.0,1.0,2.0,2.0,2.0,2.0,2.0,2.0,2.0,2.0,2.0,2.0,2.0,2.0,2.0,2.0,2.0,2.0,2.0,2.0,2.0,1.0,2.0,2.0,2.0,2.0,2.0,2.0,2.0,2.0,2.0,2.0,2.0,2.0,2.0,2.0,2.0,2.0
1760,4,4,4,4,4,4,4,4,2,2,70.0,,4.0,,3.0,4.0,5.0,,,,,6.0,,,2.0,,2.0,,,,3.0,4.0,5.0,,,,,15.0,,2.0,,6.0,,,1.0,4.0,,,,,,,,,,,,1.0,1.0,1.0,1.0,1.0,1.0,6,3,4,4,3,5,6,6,3,2,55.0,50.0,52.0,60.0,62.0,58.0,65.0,54.0,40.0,42.0,2.0,1.0,2.0,2.0,2.0,2.0,1.0,1.0,1.0,1.0,1.0,2.0,1.0,2.0,2.0,2.0,1.0,2.0,2.0,1.0,1.0,1.0,2.0,1.0,1.0,2.0,2.0,2.0,2.0,1.0,1.0,2.0,1.0,1.0,2.0,2.0,1.0,2.0,1.0,1.0
1613,4,4,4,5,5,5,5,4,2,2,70.0,,4.0,,,,,3.0,5.0,2.0,6.0,,,,2.0,,2.0,2.0,4.0,5.0,,,,,,,,16.0,,2.0,,,2.0,1.0,,4.0,,1.0,1.0,1.0,1.0,1.0,1.0,1.0,1.0,1.0,1.0,,,,,,,6,3,4,3,3,5,6,5,3,2,60.0,55.0,58.0,65.0,70.0,68.0,72.0,60.0,40.0,42.0,2.0,2.0,1.0,1.0,1.0,1.0,2.0,1.0,2.0,1.0,1.0,1.0,2.0,2.0,1.0,1.0,2.0,1.0,1.0,1.0,1.0,1.0,2.0,2.0,1.0,1.0,1.0,1.0,1.0,1.0,1.0,1.0,2.0,1.0,2.0,1.0,1.0,1.0,2.0,1.0
1586,5,4,5,5,5,4,5,4,2,2,,30.0,5.0,,,,,3.0,5.0,2.0,,6.0,,,2.0,1.0,,,,,,,,4.0,4.0,5.0,18.0,,1.0,,,6.0,,1.0,,,4.0,1.0,1.0,1.0,1.0,1.0,1.0,1.0,1.0,1.0,1.0,,,,,,,6,4,5,4,3,5,6,5,3,2,55.0,50.0,52.0,60.0,65.0,58.0,70.0,60.0,40.0,38.0,2.0,2.0,1.0,2.0,2.0,1.0,1.0,2.0,1.0,1.0,1.0,1.0,2.0,2.0,2.0,2.0,1.0,1.0,2.0,2.0,1.0,2.0,2.0,1.0,1.0,2.0,2.0,1.0,1.0,2.0,2.0,1.0,2.0,1.0,1.0,2.0,1.0,2.0,1.0,2.0
360,2,2,2,2,2,2,4,1,4,4,,30.0,,2.0,2.0,3.0,5.0,,,,6.0,,,,2.0,,2.0,,,,2.0,4.0,5.0,,,,20.0,,1.0,,5.0,,,,1.0,3.0,,,,,,,,,,,,1.0,1.0,1.0,1.0,1.0,1.0,6,3,5,4,3,5,6,6,3,2,40.0,35.0,35.0,40.0,45.0,35.0,50.0,30.0,45.0,40.0,1.0,2.0,1.0,2.0,2.0,1.0,2.0,2.0,2.0,1.0,1.0,1.0,2.0,1.0,1.0,1.0,1.0,1.0,1.0,1.0,2.0,2.0,2.0,2.0,2.0,1.0,2.0,2.0,1.0,1.0,1.0,2.0,2.0,1.0,2.0,1.0,1.0,2.0,1.0,2.0
213,5,5,5,5,5,5,5,5,1,2,,30.0,,1.0,3.0,4.0,6.0,,,,,6.0,,,2.0,1.0,,,,,,,,2.0,5.0,6.0,20.0,,1.0,,,9.0,,,1.0,5.0,,1.0,1.0,1.0,1.0,1.0,1.0,1.0,1.0,1.0,1.0,,,,,,,6,3,4,4,3,5,6,6,3,2,60.0,55.0,55.0,65.0,70.0,60.0,75.0,60.0,40.0,45.0,2.0,2.0,1.0,2.0,2.0,1.0,1.0,2.0,1.0,1.0,2.0,1.0,2.0,2.0,1.0,2.0,1.0,1.0,2.0,2.0,1.0,2.0,2.0,2.0,2.0,1.0,2.0,1.0,2.0,2.0,1.0,1.0,2.0,2.0,1.0,2.0,2.0,1.0,2.0,1.0
186,5,5,5,5,5,5,5,5,1,1,70.0,,,2.0,,,,3.0,5.0,2.0,,6.0,,,2.0,,2.0,2.0,4.0,5.0,,,,,,,,18.0,1.0,,,6.0,,,1.0,,5.0,1.0,1.0,1.0,1.0,1.0,1.0,1.0,1.0,1.0,1.0,,,,,,,6,3,4,3,3,5,6,5,4,2,60.0,55.0,58.0,65.0,70.0,62.0,75.0,60.0,40.0,35.0,1.0,2.0,1.0,1.0,2.0,1.0,1.0,1.0,1.0,2.0,1.0,2.0,1.0,2.0,2.0,2.0,2.0,2.0,1.0,1.0,1.0,2.0,2.0,2.0,1.0,2.0,1.0,1.0,2.0,1.0,1.0,2.0,2.0,2.0,1.0,1.0,1.0,1.0,1.0,2.0
887,4,4,4,5,5,5,5,4,1,2,,30.0,4.0,,3.0,4.0,6.0,,,,,6.0,,,2.0,1.0,,,,,,,,3.0,4.0,5.0,,0.0,,2.0,,6.0,,,1.0,,5.0,1.0,1.0,1.0,1.0,1.0,1.0,1.0,1.0,1.0,1.0,,,,,,,6,3,4,3,3,5,6,5,3,2,55.0,50.0,52.0,60.0,65.0,62.0,70.0,55.0,40.0,45.0,2.0,2.0,1.0,2.0,1.0,2.0,1.0,2.0,2.0,2.0,1.0,1.0,2.0,1.0,1.0,1.0,1.0,1.0,2.0,1.0,2.0,2.0,2.0,1.0,2.0,2.0,2.0,2.0,1.0,2.0,2.0,2.0,2.0,1.0,1.0,2.0,2.0,1.0,1.0,1.0
11,2,2,2,1,2,2,4,2,4,2,70.0,,2.0,,3.0,4.0,6.0,,,,,5.0,,,2.0,1.0,,1.0,4.0,5.0,,,,,,,20.0,,,2.0,,6.0,,,1.0,3.0,,,,,,,,,,,,1.0,1.0,1.0,1.0,1.0,1.0,6,3,4,4,3,5,6,6,3,2,40.0,35.0,35.0,30.0,35.0,35.0,50.0,35.0,50.0,35.0,1.0,2.0,1.0,2.0,1.0,2.0,1.0,2.0,2.0,2.0,1.0,2.0,2.0,1.0,1.0,2.0,2.0,2.0,2.0,2.0,2.0,2.0,2.0,2.0,2.0,1.0,1.0,1.0,1.0,2.0,2.0,1.0,1.0,1.0,2.0,2.0,2.0,2.0,2.0,2.0
1480,5,5,5,5,5,5,5,5,1,1,70.0,,,1.0,3.0,4.0,6.0,,,,,6.0,1.0,54.0,,1.0,,2.0,5.0,6.0,,,,,,,,18.0,,2.0,5.0,,,1.0,,5.0,,1.0,1.0,1.0,1.0,1.0,1.0,1.0,1.0,1.0,1.0,,,,,,,6,3,4,3,3,5,6,5,4,2,60.0,55.0,50.0,65.0,70.0,60.0,75.0,55.0,40.0,35.0,1.0,2.0,2.0,2.0,1.0,2.0,1.0,2.0,2.0,1.0,2.0,2.0,2.0,2.0,2.0,2.0,2.0,2.0,2.0,1.0,2.0,1.0,2.0,2.0,2.0,2.0,2.0,1.0,1.0,1.0,2.0,2.0,2.0,1.0,2.0,2.0,2.0,2.0,2.0,1.0
1109,2,3,2,2,3,2,4,2,4,4,70.0,,2.0,,,,,3.0,5.0,2.0,,6.0,1.0,54.0,,1.0,,,,,,,,3.0,4.0,5.0,18.0,,,2.0,,,3.0,,1.0,,4.0,1.0,1.0,1.0,1.0,1.0,1.0,1.0,1.0,1.0,1.0,,,,,,,6,3,4,3,3,5,6,5,3,2,45.0,40.0,42.0,50.0,55.0,48.0,60.0,40.0,55.0,52.0,1.0,1.0,1.0,1.0,2.0,1.0,1.0,1.0,2.0,1.0,2.0,1.0,1.0,2.0,1.0,2.0,1.0,1.0,1.0,2.0,2.0,1.0,2.0,1.0,1.0,1.0,2.0,1.0,1.0,2.0,2.0,1.0,2.0,2.0,1.0,2.0,1.0,1.0,1.0,2.0
1715,4,4,4,4,4,4,4,3,2,2,,30.0,3.0,,,,,3.0,5.0,2.0,5.0,,,,2.0,,2.0,,,,,,,3.0,4.0,5.0,,15.0,1.0,,,6.0,,,1.0,4.0,,,,,,,,,,,,1.0,1.0,1.0,1.0,1.0,1.0,6,3,4,4,2,5,6,6,3,2,55.0,50.0,52.0,60.0,62.0,58.0,65.0,48.0,40.0,42.0,2.0,1.0,2.0,1.0,1.0,1.0,1.0,1.0,2.0,1.0,2.0,1.0,1.0,2.0,2.0,1.0,1.0,1.0,1.0,1.0,1.0,1.0,1.0,2.0,1.0,1.0,2.0,1.0,1.0,2.0,2.0,2.0,1.0,1.0,2.0,2.0,2.0,1.0,1.0,1.0
1666,4,4,4,4,4,4,4,4,2,2,70.0,,,2.0,3.0,4.0,5.0,,,,,5.0,,,2.0,1.0,,,,,3.0,4.0,4.0,,,,,15.0,,2.0,,5.0,,1.0,,4.0,,,,,,,,,,,,1.0,1.0,1.0,1.0,1.0,1.0,6,3,4,3,3,5,6,5,3,2,55.0,50.0,50.0,60.0,60.0,55.0,65.0,50.0,40.0,40.0,1.0,2.0,2.0,1.0,2.0,2.0,2.0,2.0,2.0,1.0,2.0,2.0,2.0,1.0,1.0,2.0,2.0,1.0,2.0,1.0,1.0,2.0,2.0,1.0,1.0,2.0,2.0,2.0,1.0,1.0,1.0,2.0,2.0,1.0,2.0,1.0,2.0,1.0,1.0,1.0
509,2,2,2,2,2,2,4,2,4,4,70.0,,2.0,,,,,3.0,5.0,2.0,6.0,,1.0,40.0,,,2.0,2.0,4.0,5.0,,,,,,,15.0,,1.0,,4.0,,,1.0,,,4.0,1.0,1.0,1.0,1.0,1.0,1.0,1.0,1.0,1.0,1.0,,,,,,,6,3,4,4,3,5,6,6,3,2,45.0,40.0,40.0,40.0,40.0,35.0,60.0,40.0,55.0,55.0,1.0,2.0,1.0,2.0,1.0,2.0,1.0,1.0,2.0,2.0,1.0,2.0,2.0,1.0,2.0,2.0,2.0,1.0,1.0,2.0,1.0,2.0,2.0,1.0,2.0,1.0,2.0,1.0,2.0,1.0,1.0,1.0,2.0,1.0,2.0,1.0,1.0,2.0,1.0,1.0
315,5,5,5,5,5,5,5,5,1,2,70.0,,,2.0,3.0,4.0,6.0,,,,6.0,,,,2.0,1.0,,1.0,4.0,4.0,,,,,,,,20.0,,2.0,,,2.0,1.0,,4.0,,1.0,1.0,1.0,1.0,1.0,1.0,1.0,1.0,1.0,1.0,,,,,,,6,3,4,3,3,5,6,5,3,2,60.0,55.0,50.0,65.0,70.0,60.0,75.0,60.0,40.0,35.0,2.0,2.0,2.0,2.0,2.0,2.0,2.0,2.0,2.0,2.0,2.0,2.0,2.0,2.0,2.0,2.0,2.0,2.0,2.0,2.0,2.0,2.0,2.0,2.0,2.0,2.0,2.0,2.0,2.0,2.0,2.0,2.0,2.0,2.0,2.0,2.0,2.0,2.0,2.0,2.0
266,4,4,4,4,4,4,4,4,2,2,70.0,,,2.0,3.0,4.0,5.0,,,,5.0,,,,2.0,1.0,,,,,4.0,4.0,4.0,,,,18.0,,1.0,,,6.0,,,1.0,4.0,,1.0,1.0,1.0,1.0,1.0,1.0,1.0,1.0,1.0,1.0,,,,,,,6,3,4,4,3,5,6,5,3,2,55.0,50.0,52.0,60.0,62.0,58.0,65.0,54.0,40.0,42.0,1.0,2.0,1.0,2.0,2.0,1.0,1.0,2.0,1.0,2.0,1.0,2.0,2.0,1.0,1.0,1.0,2.0,2.0,1.0,1.0,2.0,1.0,1.0,1.0,1.0,1.0,1.0,2.0,1.0,1.0,1.0,2.0,1.0,1.0,2.0,2.0,1.0,1.0,1.0,1.0
2015,4,4,4,4,4,4,5,4,2,2,70.0,,,2.0,,,,3.0,5.0,2.0,,6.0,,,2.0,,2.0,,,,,,,3.0,4.0,5.0,15.0,,1.0,,,6.0,,1.0,,,5.0,,,,,,,,,,,1.0,1.0,1.0,1.0,1.0,1.0,6,3,4,4,3,5,6,6,3,2,55.0,50.0,52.0,60.0,62.0,58.0,65.0,54.0,40.0,42.0,1.0,2.0,1.0,2.0,1.0,2.0,1.0,1.0,2.0,1.0,1.0,1.0,2.0,1.0,2.0,1.0,1.0,1.0,1.0,1.0,1.0,2.0,1.0,1.0,2.0,2.0,1.0,1.0,1.0,2.0,2.0,1.0,1.0,1.0,1.0,2.0,1.0,1.0,2.0,1.0
64,4,4,4,4,4,4,4,4,2,2,70.0,,,2.0,3.0,4.0,5.0,,,,,,1.0,30.0,,1.0,,2.0,4.0,5.0,,,,,,,15.0,,1.0,,,5.0,,,1.0,4.0,,,,,,,,,,,,1.0,1.0,1.0,1.0,1.0,1.0,6,3,4,4,2,5,6,6,3,2,55.0,50.0,50.0,60.0,60.0,55.0,65.0,60.0,40.0,40.0,1.0,2.0,1.0,2.0,1.0,2.0,2.0,2.0,2.0,2.0,1.0,1.0,1.0,1.0,2.0,1.0,1.0,1.0,1.0,2.0,1.0,1.0,2.0,1.0,1.0,2.0,1.0,2.0,1.0,1.0,1.0,2.0,2.0,1.0,1.0,1.0,2.0,2.0,2.0,1.0
981,5,4,4,4,4,4,5,4,2,2,,30.0,4.0,,,,,3.0,5.0,2.0,,6.0,,,2.0,1.0,,2.0,4.0,5.0,,,,,,,,15.0,1.0,,4.0,,,1.0,,4.0,,1.0,1.0,1.0,1.0,1.0,1.0,1.0,1.0,1.0,1.0,,,,,,,6,3,4,3,3,5,6,5,3,2,60.0,55.0,60.0,65.0,65.0,60.0,70.0,60.0,40.0,40.0,2.0,1.0,2.0,2.0,1.0,2.0,1.0,2.0,2.0,2.0,1.0,1.0,1.0,1.0,1.0,1.0,2.0,2.0,2.0,2.0,1.0,2.0,1.0,2.0,1.0,1.0,2.0,1.0,1.0,2.0,2.0,1.0,1.0,1.0,2.0,1.0,1.0,1.0,2.0,2.0
1808,4,4,4,4,4,4,4,4,2,2,,30.0,,2.0,3.0,4.0,5.0,,,,6.0,,1.0,54.0,,,2.0,,,,2.0,4.0,5.0,,,,15.0,,1.0,,,6.0,,1.0,,4.0,,,,,,,,,,,,1.0,1.0,1.0,1.0,1.0,1.0,6,3,4,4,3,5,6,6,3,2,55.0,50.0,52.0,60.0,65.0,58.0,70.0,60.0,40.0,35.0,1.0,2.0,2.0,2.0,2.0,2.0,2.0,2.0,2.0,2.0,2.0,2.0,2.0,1.0,1.0,1.0,1.0,1.0,2.0,1.0,2.0,1.0,1.0,1.0,2.0,1.0,2.0,1.0,2.0,2.0,2.0,2.0,2.0,1.0,2.0,2.0,2.0,2.0,2.0,1.0
1532,3,3,3,4,4,4,4,3,2,2,,30.0,,1.0,2.0,3.0,6.0,,,,,,,,2.0,,2.0,,,,3.0,4.0,4.0,,,,,18.0,1.0,,4.0,,,,1.0,,4.0,1.0,1.0,1.0,1.0,1.0,1.0,1.0,1.0,1.0,1.0,,,,,,,6,3,4,3,3,5,6,5,3,2,45.0,40.0,40.0,55.0,60.0,60.0,65.0,50.0,35.0,35.0,1.0,1.0,1.0,2.0,2.0,2.0,2.0,1.0,1.0,2.0,1.0,1.0,2.0,2.0,2.0,1.0,1.0,2.0,2.0,1.0,2.0,1.0,1.0,2.0,2.0,1.0,2.0,2.0,2.0,2.0,2.0,2.0,1.0,2.0,2.0,1.0,1.0,2.0,1.0,1.0
1441,4,4,4,4,4,4,4,4,2,2,70.0,,,2.0,3.0,4.0,5.0,,,,5.0,,,,2.0,1.0,,,,,,,,3.0,4.0,4.0,,15.0,,2.0,4.0,,,,1.0,,4.0,,,,,,,,,,,1.0,1.0,1.0,1.0,1.0,1.0,6,3,4,3,2,5,6,5,3,2,55.0,50.0,52.0,60.0,62.0,58.0,65.0,54.0,40.0,42.0,2.0,1.0,2.0,1.0,1.0,2.0,2.0,2.0,1.0,1.0,2.0,2.0,2.0,2.0,1.0,2.0,1.0,2.0,1.0,1.0,2.0,1.0,2.0,1.0,2.0,2.0,2.0,1.0,2.0,1.0,1.0,1.0,1.0,2.0,1.0,2.0,2.0,2.0,2.0,1.0
132,2,2,2,2,2,2,2,2,4,4,70.0,,,2.0,,,,3.0,4.0,3.0,,5.0,1.0,20.0,,1.0,,,,,,,,1.0,2.0,3.0,,20.0,,2.0,3.0,,,1.0,,,3.0,1.0,1.0,1.0,1.0,1.0,1.0,1.0,1.0,1.0,1.0,,,,,,,5,2,2,2,3,5,6,6,1,1,40.0,35.0,35.0,40.0,40.0,35.0,40.0,35.0,45.0,45.0,2.0,2.0,2.0,2.0,2.0,2.0,2.0,2.0,2.0,2.0,2.0,2.0,2.0,2.0,2.0,2.0,2.0,2.0,2.0,2.0,2.0,2.0,2.0,2.0,2.0,2.0,2.0,2.0,2.0,2.0,2.0,2.0,2.0,2.0,2.0,2.0,2.0,2.0,2.0,2.0
833,4,4,4,4,4,4,4,4,2,2,70.0,,,2.0,3.0,4.0,5.0,,,,,6.0,,,2.0,1.0,,,,,3.0,4.0,5.0,,,,16.0,,,2.0,,5.0,,,1.0,,4.0,,,,,,,,,,,1.0,1.0,1.0,1.0,1.0,1.0,6,3,4,4,2,5,6,6,3,2,60.0,55.0,60.0,65.0,70.0,60.0,75.0,60.0,40.0,40.0,1.0,2.0,2.0,2.0,2.0,1.0,2.0,1.0,2.0,1.0,1.0,2.0,2.0,1.0,1.0,2.0,2.0,2.0,1.0,1.0,2.0,1.0,1.0,2.0,1.0,1.0,2.0,2.0,2.0,1.0,1.0,1.0,1.0,2.0,1.0,2.0,1.0,2.0,2.0,2.0
940,5,5,5,5,5,5,5,5,1,1,70.0,,,1.0,,,,3.0,5.0,2.0,,6.0,1.0,54.0,,1.0,,1.0,5.0,5.0,,,,,,,20.0,,1.0,,3.0,,,1.0,,,5.0,1.0,1.0,1.0,1.0,1.0,1.0,1.0,1.0,1.0,1.0,,,,,,,6,3,4,3,3,5,6,5,3,2,60.0,55.0,60.0,65.0,70.0,60.0,70.0,55.0,40.0,35.0,2.0,2.0,1.0,2.0,2.0,1.0,1.0,2.0,2.0,2.0,1.0,1.0,2.0,2.0,2.0,2.0,2.0,2.0,2.0,2.0,2.0,2.0,2.0,1.0,2.0,2.0,2.0,2.0,2.0,2.0,2.0,2.0,2.0,2.0,2.0,2.0,2.0,2.0,2.0,2.0
442,4,4,4,4,4,4,5,4,2,2,70.0,,,2.0,,,,3.0,4.0,2.0,,5.0,1.0,54.0,,1.0,,2.0,4.0,5.0,,,,,,,20.0,,,2.0,,,2.0,1.0,,4.0,,,,,,,,,,,,1.0,1.0,1.0,1.0,1.0,1.0,6,3,4,4,3,5,6,6,3,2,55.0,50.0,52.0,60.0,65.0,60.0,70.0,55.0,40.0,45.0,2.0,2.0,1.0,1.0,2.0,2.0,2.0,2.0,1.0,1.0,2.0,2.0,1.0,2.0,2.0,2.0,2.0,2.0,1.0,2.0,2.0,2.0,2.0,1.0,2.0,1.0,2.0,2.0,1.0,1.0,2.0,1.0,1.0,2.0,2.0,2.0,2.0,2.0,2.0,1.0
531,4,4,4,4,4,4,5,4,2,2,70.0,,3.0,,3.0,4.0,5.0,,,,,6.0,1.0,54.0,,,2.0,2.0,4.0,5.0,,,,,,,18.0,,,2.0,4.0,,,1.0,,,4.0,,,,,,,,,,,1.0,1.0,1.0,1.0,1.0,1.0,6,3,4,4,2,5,6,6,3,2,55.0,50.0,52.0,60.0,62.0,58.0,65.0,54.0,40.0,42.0,1.0,1.0,1.0,1.0,1.0,2.0,2.0,1.0,2.0,2.0,1.0,1.0,2.0,2.0,1.0,1.0,2.0,2.0,2.0,1.0,2.0,1.0,2.0,2.0,1.0,2.0,1.0,1.0,1.0,2.0,1.0,2.0,1.0,2.0,2.0,2.0,2.0,1.0,1.0,1.0
1042,2,3,2,2,3,2,4,2,4,4,70.0,,2.0,,,,,3.0,4.0,3.0,6.0,,1.0,54.0,,,2.0,2.0,4.0,5.0,,,,,,,,15.0,1.0,,5.0,,,,1.0,4.0,,,,,,,,,,,,1.0,1.0,1.0,1.0,1.0,1.0,6,3,4,3,3,5,6,5,3,2,45.0,40.0,40.0,40.0,50.0,35.0,60.0,40.0,50.0,45.0,1.0,2.0,2.0,1.0,1.0,1.0,1.0,2.0,2.0,2.0,1.0,2.0,1.0,1.0,2.0,2.0,2.0,1.0,2.0,1.0,1.0,2.0,1.0,2.0,2.0,1.0,2.0,2.0,1.0,1.0,2.0,1.0,1.0,2.0,1.0,1.0,1.0,2.0,1.0,1.0
1131,3,3,3,3,4,3,4,3,2,2,,30.0,,2.0,3.0,4.0,5.0,,,,5.0,,,,2.0,,2.0,2.0,3.0,4.0,,,,,,,,18.0,,2.0,,6.0,,1.0,,,4.0,,,,,,,,,,,1.0,1.0,1.0,1.0,1.0,1.0,6,3,4,3,2,5,6,5,3,2,45.0,40.0,40.0,50.0,55.0,45.0,60.0,50.0,35.0,35.0,2.0,2.0,1.0,1.0,2.0,1.0,2.0,2.0,1.0,2.0,2.0,2.0,2.0,2.0,2.0,2.0,2.0,1.0,2.0,1.0,2.0,1.0,1.0,2.0,2.0,1.0,2.0,1.0,1.0,1.0,2.0,2.0,1.0,2.0,2.0,2.0,2.0,2.0,1.0,2.0
1943,5,5,5,5,5,5,5,5,1,1,,30.0,,1.0,3.0,4.0,6.0,,,,6.0,,1.0,54.0,,,2.0,1.0,4.0,4.0,,,,,,,20.0,,,2.0,,9.0,,1.0,,5.0,,,,,,,,,,,,1.0,1.0,1.0,1.0,1.0,1.0,6,3,4,3,3,5,6,5,4,2,60.0,55.0,58.0,65.0,70.0,62.0,68.0,60.0,40.0,35.0,2.0,1.0,1.0,1.0,1.0,1.0,2.0,1.0,1.0,1.0,2.0,2.0,1.0,1.0,2.0,1.0,1.0,1.0,2.0,1.0,2.0,2.0,2.0,2.0,1.0,1.0,1.0,2.0,2.0,2.0,1.0,1.0,1.0,2.0,1.0,1.0,1.0,1.0,1.0,2.0
1830,3,3,3,3,4,3,4,4,2,2,,30.0,3.0,,,,,3.0,4.0,3.0,5.0,,,,2.0,,2.0,2.0,4.0,5.0,,,,,,,,16.0,1.0,,,6.0,,1.0,,4.0,,,,,,,,,,,,1.0,1.0,1.0,1.0,1.0,1.0,6,3,4,4,3,5,6,5,3,2,55.0,50.0,52.0,60.0,65.0,58.0,70.0,62.0,40.0,45.0,2.0,2.0,2.0,2.0,1.0,1.0,2.0,1.0,2.0,1.0,2.0,1.0,1.0,1.0,1.0,2.0,1.0,1.0,1.0,1.0,1.0,2.0,2.0,1.0,1.0,1.0,1.0,1.0,1.0,2.0,2.0,1.0,1.0,2.0,1.0,1.0,2.0,1.0,1.0,1.0
665,5,5,5,5,5,5,5,5,1,2,70.0,,,2.0,3.0,4.0,6.0,,,,6.0,,,,2.0,,2.0,,,,,,,4.0,5.0,6.0,,0.0,1.0,,,,2.0,,1.0,5.0,,,,,,,,,,,,1.0,1.0,1.0,1.0,1.0,1.0,7,4,5,4,3,6,6,5,4,2,60.0,55.0,58.0,65.0,70.0,62.0,75.0,60.0,40.0,45.0,1.0,2.0,2.0,2.0,2.0,1.0,2.0,2.0,2.0,2.0,1.0,2.0,2.0,1.0,2.0,2.0,2.0,2.0,1.0,1.0,2.0,1.0,2.0,1.0,1.0,1.0,2.0,1.0,2.0,1.0,1.0,1.0,2.0,1.0,1.0,1.0,1.0,2.0,1.0,2.0
716,4,4,4,4,4,4,5,4,2,2,70.0,,,2.0,,,,3.0,5.0,2.0,6.0,,1.0,54.0,,1.0,,,,,4.0,4.0,5.0,,,,,15.0,1.0,,,,3.0,1.0,,4.0,,1.0,1.0,1.0,1.0,1.0,1.0,1.0,1.0,1.0,1.0,,,,,,,6,3,4,4,3,5,6,6,3,2,55.0,50.0,52.0,60.0,62.0,58.0,65.0,54.0,40.0,42.0,1.0,2.0,1.0,1.0,1.0,1.0,1.0,1.0,1.0,1.0,2.0,1.0,1.0,1.0,1.0,2.0,2.0,2.0,1.0,1.0,1.0,2.0,2.0,1.0,2.0,2.0,1.0,1.0,2.0,2.0,1.0,1.0,2.0,1.0,1.0,1.0,2.0,1.0,1.0,1.0
483,2,2,2,2,2,2,4,2,4,4,,30.0,2.0,,2.0,3.0,5.0,,,,6.0,,,,2.0,1.0,,,,,2.0,4.0,5.0,,,,,5.0,,2.0,4.0,,,,1.0,,4.0,,,,,,,,,,,1.0,1.0,1.0,1.0,1.0,1.0,6,3,4,3,2,5,6,5,3,2,40.0,35.0,35.0,30.0,35.0,30.0,60.0,35.0,50.0,50.0,1.0,1.0,1.0,1.0,1.0,2.0,1.0,1.0,1.0,1.0,1.0,1.0,1.0,1.0,1.0,1.0,1.0,1.0,1.0,1.0,1.0,1.0,1.0,1.0,1.0,2.0,1.0,2.0,1.0,1.0,2.0,1.0,1.0,1.0,1.0,1.0,2.0,2.0,1.0,1.0
1265,2,2,2,2,2,2,4,2,4,2,70.0,,,2.0,,,,3.0,5.0,2.0,6.0,,1.0,54.0,,1.0,,,,,,,,2.0,4.0,4.0,,0.0,1.0,,4.0,,,1.0,,,4.0,1.0,1.0,1.0,1.0,1.0,1.0,1.0,1.0,1.0,1.0,,,,,,,6,3,4,4,3,5,6,6,3,2,40.0,35.0,35.0,40.0,45.0,35.0,60.0,40.0,50.0,35.0,2.0,2.0,2.0,2.0,2.0,2.0,2.0,1.0,2.0,2.0,1.0,1.0,2.0,1.0,1.0,2.0,1.0,2.0,2.0,2.0,2.0,2.0,1.0,2.0,2.0,1.0,1.0,2.0,2.0,1.0,1.0,2.0,1.0,1.0,1.0,1.0,1.0,1.0,1.0,1.0
1316,4,4,4,4,4,4,5,4,2,2,70.0,,3.0,,3.0,4.0,5.0,,,,5.0,,,,2.0,1.0,,2.0,4.0,5.0,,,,,,,,18.0,1.0,,,,2.0,,1.0,,4.0,1.0,1.0,1.0,1.0,1.0,1.0,1.0,1.0,1.0,1.0,,,,,,,6,3,4,3,3,5,6,5,3,2,55.0,50.0,52.0,60.0,65.0,58.0,70.0,54.0,40.0,38.0,2.0,2.0,1.0,1.0,1.0,2.0,1.0,1.0,1.0,2.0,2.0,2.0,1.0,1.0,1.0,1.0,1.0,2.0,2.0,1.0,1.0,1.0,1.0,2.0,1.0,1.0,2.0,1.0,2.0,1.0,1.0,1.0,1.0,1.0,2.0,2.0,2.0,1.0,1.0,1.0
1083,4,4,4,4,4,4,5,4,2,2,,30.0,,2.0,,,,3.0,5.0,4.0,6.0,,,,2.0,1.0,,,,,,,,4.0,5.0,6.0,12.0,,,2.0,5.0,,,1.0,,5.0,,1.0,1.0,1.0,1.0,1.0,1.0,1.0,1.0,1.0,1.0,,,,,,,6,3,5,4,3,5,6,5,4,2,60.0,55.0,58.0,65.0,70.0,62.0,75.0,60.0,40.0,45.0,1.0,2.0,1.0,2.0,2.0,1.0,1.0,1.0,2.0,2.0,1.0,1.0,1.0,1.0,1.0,1.0,2.0,1.0,2.0,1.0,1.0,1.0,1.0,1.0,2.0,1.0,2.0,2.0,1.0,1.0,1.0,2.0,1.0,1.0,2.0,1.0,2.0,2.0,1.0,1.0
1479,4,4,4,4,4,4,4,4,2,2,70.0,,,2.0,3.0,4.0,5.0,,,,6.0,,,,2.0,1.0,,2.0,4.0,5.0,,,,,,,18.0,,1.0,,,6.0,,1.0,,,4.0,,,,,,,,,,,1.0,1.0,1.0,1.0,1.0,1.0,6,3,4,3,3,5,6,6,3,2,55.0,60.0,58.0,62.0,65.0,60.0,70.0,55.0,40.0,45.0,2.0,2.0,1.0,2.0,1.0,2.0,1.0,1.0,1.0,2.0,1.0,2.0,1.0,1.0,2.0,1.0,2.0,1.0,2.0,2.0,1.0,1.0,1.0,1.0,1.0,1.0,1.0,1.0,2.0,2.0,2.0,1.0,2.0,2.0,1.0,2.0,1.0,1.0,2.0,1.0
1982,3,3,3,3,4,4,4,3,2,2,,30.0,,3.0,,,,3.0,4.0,3.0,5.0,,1.0,54.0,,,2.0,,,,3.0,4.0,4.0,,,,,15.0,1.0,,,,2.0,1.0,,4.0,,,,,,,,,,,,1.0,1.0,1.0,1.0,1.0,1.0,6,3,4,4,3,5,6,6,3,2,45.0,40.0,40.0,55.0,60.0,55.0,65.0,50.0,35.0,35.0,2.0,1.0,2.0,1.0,2.0,1.0,1.0,2.0,1.0,2.0,2.0,1.0,2.0,1.0,1.0,2.0,2.0,1.0,1.0,2.0,1.0,2.0,1.0,1.0,1.0,2.0,1.0,2.0,2.0,2.0,2.0,1.0,2.0,2.0,1.0,1.0,1.0,1.0,1.0,1.0
978,3,3,3,3,4,4,4,3,2,2,,30.0,,3.0,,,,3.0,5.0,4.0,,5.0,,,2.0,,2.0,2.0,3.0,4.0,,,,,,,,15.0,1.0,,4.0,,,,1.0,4.0,,,,,,,,,,,,1.0,1.0,1.0,1.0,1.0,1.0,6,3,4,3,3,5,6,5,3,2,50.0,50.0,50.0,60.0,65.0,60.0,65.0,55.0,40.0,40.0,2.0,1.0,1.0,1.0,1.0,1.0,2.0,1.0,1.0,1.0,2.0,2.0,2.0,2.0,2.0,1.0,1.0,1.0,2.0,2.0,2.0,2.0,2.0,2.0,1.0,2.0,1.0,1.0,1.0,2.0,2.0,2.0,1.0,2.0,2.0,1.0,1.0,2.0,2.0,1.0
585,2,2,2,2,2,2,2,2,4,4,,30.0,,2.0,3.0,4.0,6.0,,,,,5.0,1.0,54.0,,1.0,,1.0,2.0,3.0,,,,,,,20.0,,2.0,,,9.0,,,1.0,3.0,,,,,,,,,,,,1.0,1.0,1.0,1.0,1.0,1.0,6,3,4,3,3,5,6,6,2,2,40.0,35.0,35.0,40.0,45.0,35.0,50.0,40.0,50.0,45.0,2.0,2.0,2.0,2.0,2.0,2.0,2.0,2.0,2.0,2.0,2.0,2.0,2.0,2.0,2.0,2.0,2.0,2.0,2.0,2.0,2.0,2.0,2.0,2.0,2.0,2.0,2.0,2.0,2.0,2.0,2.0,2.0,2.0,2.0,2.0,2.0,2.0,2.0,2.0,2.0
399,4,4,4,5,5,5,5,4,1,2,70.0,,,2.0,,,,3.0,5.0,2.0,6.0,,1.0,54.0,,,2.0,2.0,4.0,5.0,,,,,,,20.0,,,2.0,,,2.0,1.0,,,5.0,,,,,,,,,,,1.0,1.0,1.0,1.0,1.0,1.0,6,3,4,3,3,5,6,5,3,2,55.0,50.0,52.0,60.0,65.0,62.0,70.0,58.0,40.0,45.0,1.0,2.0,1.0,2.0,2.0,2.0,2.0,1.0,2.0,2.0,1.0,1.0,2.0,2.0,1.0,1.0,1.0,2.0,1.0,2.0,2.0,1.0,2.0,2.0,1.0,1.0,2.0,1.0,1.0,2.0,1.0,1.0,1.0,1.0,2.0,2.0,2.0,1.0,1.0,1.0
610,4,4,4,4,4,4,4,4,2,2,70.0,,4.0,,,,,3.0,4.0,2.0,6.0,,,,2.0,,2.0,,,,3.0,4.0,4.0,,,,16.0,,,2.0,,,3.0,,1.0,,4.0,,,,,,,,,,,1.0,1.0,1.0,1.0,1.0,1.0,6,4,4,4,2,5,5,5,3,2,55.0,50.0,52.0,60.0,62.0,58.0,65.0,54.0,40.0,42.0,2.0,2.0,1.0,1.0,1.0,1.0,1.0,1.0,2.0,1.0,1.0,2.0,1.0,2.0,2.0,1.0,1.0,2.0,2.0,1.0,1.0,1.0,1.0,1.0,1.0,1.0,1.0,1.0,2.0,2.0,1.0,2.0,1.0,1.0,2.0,2.0,2.0,1.0,2.0,1.0
763,5,5,5,5,5,5,5,5,1,2,70.0,,,2.0,,,,3.0,5.0,2.0,,6.0,1.0,54.0,,1.0,,,,,,,,4.0,5.0,6.0,5.0,,,2.0,4.0,,,,1.0,,5.0,,,,,,,,,,,1.0,1.0,1.0,1.0,1.0,1.0,6,3,4,3,2,5,6,5,3,2,60.0,55.0,60.0,65.0,70.0,60.0,75.0,55.0,40.0,35.0,2.0,2.0,2.0,1.0,1.0,1.0,2.0,2.0,2.0,2.0,2.0,2.0,1.0,2.0,2.0,1.0,1.0,1.0,2.0,1.0,2.0,2.0,2.0,2.0,2.0,1.0,1.0,1.0,2.0,1.0,1.0,1.0,2.0,1.0,2.0,1.0,1.0,2.0,1.0,2.0
1185,4,4,4,4,4,4,5,4,2,2,70.0,,3.0,,,,,3.0,4.0,3.0,6.0,,1.0,54.0,,,2.0,2.0,4.0,5.0,,,,,,,20.0,,,2.0,4.0,,,,1.0,4.0,,,,,,,,,,,,1.0,1.0,1.0,1.0,1.0,1.0,6,3,4,3,3,5,6,5,3,2,60.0,55.0,60.0,65.0,70.0,60.0,75.0,60.0,40.0,40.0,1.0,2.0,1.0,1.0,2.0,2.0,2.0,2.0,2.0,2.0,1.0,2.0,2.0,2.0,1.0,1.0,2.0,2.0,1.0,1.0,2.0,2.0,2.0,2.0,2.0,2.0,1.0,2.0,2.0,2.0,1.0,1.0,2.0,2.0,2.0,1.0,1.0,2.0,1.0,2.0
1799,4,4,4,4,4,4,4,4,2,2,,30.0,,2.0,,,,3.0,5.0,4.0,6.0,,1.0,54.0,,1.0,,3.0,4.0,5.0,,,,,,,,16.0,,2.0,,6.0,,,1.0,5.0,,1.0,1.0,1.0,1.0,1.0,1.0,1.0,1.0,1.0,1.0,,,,,,,6,3,5,4,3,5,6,5,3,2,55.0,52.0,54.0,60.0,62.0,58.0,65.0,57.0,40.0,38.0,2.0,1.0,1.0,1.0,1.0,1.0,2.0,2.0,1.0,2.0,1.0,1.0,1.0,1.0,2.0,2.0,1.0,2.0,1.0,2.0,2.0,1.0,2.0,2.0,2.0,1.0,1.0,2.0,1.0,2.0,2.0,2.0,2.0,2.0,1.0,1.0,2.0,2.0,1.0,2.0
1210,2,3,2,2,2,2,4,2,4,2,,30.0,2.0,,,,,3.0,4.0,2.0,,5.0,1.0,54.0,,,2.0,,,,,,,3.0,4.0,5.0,,5.0,,2.0,4.0,,,1.0,,4.0,,,,,,,,,,,,1.0,1.0,1.0,1.0,1.0,1.0,6,3,4,4,3,5,6,6,3,2,45.0,40.0,40.0,35.0,40.0,35.0,60.0,35.0,50.0,35.0,1.0,1.0,1.0,1.0,2.0,1.0,2.0,1.0,2.0,1.0,1.0,2.0,2.0,1.0,1.0,1.0,1.0,1.0,1.0,2.0,2.0,1.0,1.0,1.0,1.0,1.0,2.0,1.0,2.0,1.0,1.0,1.0,1.0,1.0,2.0,1.0,1.0,2.0,2.0,2.0
1363,5,5,5,5,5,5,5,5,1,2,70.0,,5.0,,3.0,4.0,6.0,,,,6.0,,,,2.0,1.0,,,,,,,,3.0,5.0,6.0,,15.0,1.0,,4.0,,,1.0,,,5.0,1.0,1.0,1.0,1.0,1.0,1.0,1.0,1.0,1.0,1.0,,,,,,,6,3,4,3,3,5,6,5,4,2,60.0,55.0,58.0,65.0,70.0,62.0,75.0,60.0,40.0,45.0,1.0,2.0,2.0,2.0,1.0,1.0,2.0,1.0,2.0,2.0,2.0,2.0,2.0,2.0,2.0,1.0,1.0,1.0,2.0,2.0,2.0,2.0,1.0,2.0,2.0,1.0,2.0,1.0,2.0,1.0,1.0,2.0,1.0,1.0,1.0,1.0,1.0,2.0,1.0,1.0
1884,2,3,2,2,3,2,3,2,4,4,70.0,,2.0,,,,,3.0,5.0,2.0,6.0,,1.0,40.0,,,2.0,,,,3.0,4.0,5.0,,,,18.0,,1.0,,5.0,,,,1.0,,4.0,1.0,1.0,1.0,1.0,1.0,1.0,1.0,1.0,1.0,1.0,,,,,,,6,3,4,3,3,5,6,5,3,2,45.0,40.0,42.0,50.0,55.0,48.0,60.0,40.0,50.0,45.0,1.0,1.0,1.0,1.0,1.0,1.0,1.0,1.0,2.0,2.0,1.0,1.0,2.0,1.0,1.0,1.0,1.0,1.0,1.0,2.0,1.0,1.0,1.0,1.0,2.0,2.0,1.0,1.0,1.0,1.0,1.0,1.0,1.0,1.0,1.0,2.0,1.0,2.0,1.0,1.0
358,4,4,4,5,5,4,5,4,2,2,,30.0,4.0,,,,,3.0,5.0,2.0,,6.0,1.0,54.0,,,2.0,,,,,,,3.0,4.0,5.0,,15.0,,2.0,,,2.0,,1.0,4.0,,,,,,,,,,,,1.0,1.0,1.0,1.0,1.0,1.0,6,3,4,4,3,5,6,6,3,2,60.0,55.0,58.0,65.0,70.0,62.0,68.0,60.0,40.0,45.0,2.0,2.0,1.0,1.0,2.0,2.0,1.0,2.0,1.0,2.0,1.0,1.0,1.0,2.0,2.0,1.0,2.0,1.0,1.0,1.0,2.0,1.0,2.0,2.0,2.0,1.0,1.0,2.0,1.0,2.0,2.0,1.0,1.0,1.0,2.0,1.0,2.0,1.0,2.0,1.0
437,5,5,5,5,5,5,5,5,1,2,,30.0,,1.0,3.0,4.0,6.0,,,,6.0,,,,2.0,1.0,,,,,,,,4.0,5.0,6.0,,15.0,,2.0,,,2.0,1.0,,5.0,,,,,,,,,,,,1.0,1.0,1.0,1.0,1.0,1.0,6,3,4,3,3,5,6,6,4,2,60.0,55.0,58.0,65.0,68.0,62.0,70.0,60.0,35.0,40.0,2.0,2.0,2.0,1.0,2.0,1.0,1.0,2.0,1.0,1.0,1.0,1.0,2.0,1.0,2.0,1.0,2.0,2.0,1.0,2.0,1.0,2.0,2.0,2.0,1.0,1.0,2.0,1.0,1.0,2.0,2.0,2.0,2.0,2.0,1.0,1.0,1.0,2.0,1.0,1.0
544,4,4,4,5,5,5,5,4,1,2,,30.0,4.0,,,,,3.0,5.0,2.0,6.0,,1.0,54.0,,,2.0,,,,,,,3.0,4.0,5.0,18.0,,,2.0,4.0,,,,1.0,,4.0,,,,,,,,,,,1.0,1.0,1.0,1.0,1.0,1.0,6,3,4,4,3,5,6,6,3,2,55.0,50.0,52.0,60.0,65.0,62.0,70.0,58.0,40.0,45.0,2.0,2.0,1.0,2.0,2.0,1.0,2.0,2.0,1.0,1.0,2.0,2.0,1.0,1.0,2.0,1.0,1.0,1.0,2.0,1.0,1.0,2.0,1.0,2.0,2.0,1.0,2.0,1.0,1.0,2.0,1.0,1.0,2.0,1.0,1.0,2.0,2.0,1.0,1.0,2.0
1758,3,3,3,4,4,3,4,3,2,2,,30.0,,2.0,,,,3.0,4.0,2.0,,6.0,,,2.0,1.0,,2.0,4.0,5.0,,,,,,,,18.0,,2.0,5.0,,,,1.0,,4.0,1.0,1.0,1.0,1.0,1.0,1.0,1.0,1.0,1.0,1.0,,,,,,,6,3,4,4,3,5,6,6,3,2,45.0,40.0,40.0,55.0,60.0,50.0,65.0,50.0,35.0,35.0,1.0,2.0,1.0,1.0,1.0,1.0,1.0,2.0,1.0,1.0,1.0,2.0,2.0,1.0,2.0,2.0,1.0,2.0,2.0,1.0,2.0,1.0,1.0,1.0,1.0,1.0,1.0,2.0,1.0,2.0,1.0,2.0,1.0,2.0,1.0,1.0,1.0,2.0,1.0,2.0
1037,2,3,2,2,3,2,4,2,4,2,70.0,,2.0,,2.0,3.0,5.0,,,,6.0,,1.0,30.0,,1.0,,,,,,,,2.0,4.0,4.0,,15.0,,2.0,,6.0,,1.0,,4.0,,1.0,1.0,1.0,1.0,1.0,1.0,1.0,1.0,1.0,1.0,,,,,,,6,3,4,3,3,5,6,5,3,2,40.0,35.0,38.0,45.0,50.0,35.0,60.0,40.0,55.0,38.0,2.0,1.0,1.0,1.0,1.0,2.0,2.0,2.0,1.0,1.0,2.0,1.0,1.0,1.0,2.0,1.0,1.0,1.0,2.0,1.0,2.0,2.0,1.0,1.0,2.0,2.0,2.0,1.0,2.0,1.0,1.0,1.0,1.0,1.0,1.0,2.0,2.0,1.0,1.0,2.0
1144,2,2,2,2,2,2,4,2,4,2,,30.0,,2.0,,,,3.0,4.0,2.0,5.0,,1.0,54.0,,,2.0,,,,3.0,4.0,4.0,,,,18.0,,,2.0,4.0,,,,1.0,4.0,,,,,,,,,,,,1.0,1.0,1.0,1.0,1.0,1.0,6,3,4,3,2,5,6,5,3,2,45.0,40.0,42.0,50.0,55.0,48.0,60.0,40.0,50.0,38.0,2.0,2.0,1.0,2.0,1.0,1.0,1.0,1.0,2.0,1.0,2.0,2.0,1.0,2.0,2.0,2.0,2.0,1.0,1.0,1.0,2.0,2.0,2.0,1.0,2.0,2.0,2.0,2.0,2.0,1.0,1.0,1.0,1.0,2.0,2.0,2.0,2.0,2.0,1.0,1.0
1936,2,2,2,2,2,2,4,2,4,2,,30.0,2.0,,3.0,4.0,5.0,,,,5.0,,,,2.0,1.0,,,,,2.0,4.0,4.0,,,,,5.0,,2.0,3.0,,,1.0,,3.0,,,,,,,,,,,,1.0,1.0,1.0,1.0,1.0,1.0,6,3,4,4,3,5,6,6,3,2,40.0,35.0,35.0,40.0,45.0,35.0,50.0,40.0,45.0,35.0,2.0,2.0,2.0,1.0,1.0,1.0,1.0,2.0,1.0,1.0,1.0,1.0,1.0,2.0,1.0,2.0,1.0,1.0,2.0,1.0,2.0,1.0,1.0,1.0,1.0,2.0,1.0,2.0,1.0,2.0,1.0,2.0,1.0,2.0,1.0,1.0,2.0,2.0,1.0,2.0
1845,4,4,4,4,4,4,4,4,2,2,70.0,,3.0,,3.0,4.0,5.0,,,,6.0,,1.0,54.0,,1.0,,,,,3.0,4.0,5.0,,,,,15.0,1.0,,,6.0,,,1.0,5.0,,1.0,1.0,1.0,1.0,1.0,1.0,1.0,1.0,1.0,1.0,,,,,,,6,3,4,4,2,5,6,6,3,2,55.0,50.0,52.0,60.0,62.0,58.0,65.0,54.0,40.0,42.0,2.0,2.0,2.0,2.0,1.0,1.0,1.0,1.0,1.0,1.0,1.0,1.0,1.0,2.0,2.0,2.0,2.0,2.0,2.0,2.0,1.0,1.0,1.0,1.0,1.0,2.0,2.0,2.0,1.0,2.0,2.0,2.0,2.0,1.0,1.0,2.0,2.0,2.0,1.0,2.0
29,4,4,4,4,4,4,4,4,2,2,70.0,,,2.0,,,,3.0,4.0,2.0,6.0,,,,2.0,1.0,,,,,,,,2.0,4.0,4.0,18.0,,1.0,,4.0,,,,1.0,4.0,,1.0,1.0,1.0,1.0,1.0,1.0,1.0,1.0,1.0,1.0,,,,,,,6,3,4,3,3,5,6,5,3,2,60.0,55.0,50.0,60.0,65.0,60.0,70.0,55.0,40.0,35.0,2.0,1.0,2.0,2.0,2.0,1.0,2.0,2.0,1.0,1.0,1.0,1.0,2.0,2.0,1.0,1.0,2.0,2.0,1.0,2.0,2.0,2.0,2.0,1.0,1.0,1.0,2.0,1.0,1.0,2.0,1.0,1.0,2.0,2.0,1.0,2.0,1.0,1.0,1.0,2.0
2058,4,4,4,5,5,5,5,5,1,2,,30.0,,2.0,3.0,4.0,5.0,,,,,6.0,,,2.0,,2.0,,,,,,,4.0,4.0,5.0,,18.0,1.0,,,,2.0,1.0,,4.0,,,,,,,,,,,,1.0,1.0,1.0,1.0,1.0,1.0,6,3,4,4,2,5,6,6,4,2,55.0,50.0,52.0,60.0,65.0,62.0,70.0,58.0,40.0,45.0,1.0,2.0,2.0,2.0,2.0,1.0,2.0,1.0,2.0,1.0,1.0,2.0,1.0,1.0,2.0,1.0,1.0,2.0,1.0,2.0,1.0,2.0,1.0,1.0,1.0,2.0,1.0,1.0,1.0,2.0,2.0,2.0,1.0,1.0,1.0,1.0,2.0,1.0,1.0,2.0
907,4,4,4,5,5,4,5,4,2,2,70.0,,,2.0,,,,3.0,4.0,2.0,,6.0,1.0,54.0,,,2.0,,,,,,,3.0,4.0,5.0,18.0,,,2.0,4.0,,,,1.0,4.0,,1.0,1.0,1.0,1.0,1.0,1.0,1.0,1.0,1.0,1.0,,,,,,,6,3,4,4,2,5,6,6,3,2,55.0,50.0,52.0,60.0,65.0,58.0,70.0,54.0,40.0,42.0,2.0,1.0,1.0,1.0,2.0,2.0,1.0,1.0,2.0,1.0,1.0,2.0,1.0,1.0,2.0,1.0,2.0,2.0,1.0,1.0,2.0,1.0,2.0,2.0,2.0,2.0,1.0,1.0,2.0,2.0,1.0,2.0,2.0,1.0,2.0,2.0,1.0,1.0,1.0,1.0
874,5,5,5,5,5,5,5,5,1,1,70.0,,1.0,,3.0,4.0,6.0,,,,6.0,,,,2.0,,2.0,,,,,,,1.0,5.0,6.0,,20.0,1.0,,4.0,,,1.0,,,6.0,,,,,,,,,,,1.0,1.0,1.0,1.0,1.0,1.0,6,3,3,2,2,5,6,6,4,2,60.0,55.0,50.0,65.0,70.0,60.0,75.0,55.0,40.0,35.0,2.0,2.0,1.0,2.0,2.0,2.0,2.0,2.0,2.0,1.0,2.0,1.0,2.0,2.0,2.0,2.0,2.0,2.0,1.0,1.0,2.0,2.0,1.0,1.0,2.0,2.0,2.0,2.0,1.0,2.0,2.0,1.0,2.0,2.0,2.0,2.0,2.0,2.0,2.0,1.0
175,4,4,4,3,4,3,4,3,2,2,70.0,,3.0,,,,,3.0,5.0,4.0,6.0,,,,2.0,1.0,,,,,,,,3.0,4.0,5.0,16.0,,1.0,,5.0,,,,1.0,,4.0,1.0,1.0,1.0,1.0,1.0,1.0,1.0,1.0,1.0,1.0,,,,,,,6,3,4,4,3,5,6,5,3,2,55.0,50.0,52.0,60.0,62.0,58.0,65.0,54.0,45.0,40.0,1.0,2.0,2.0,1.0,2.0,1.0,1.0,1.0,2.0,1.0,1.0,2.0,2.0,2.0,2.0,2.0,2.0,1.0,1.0,2.0,1.0,2.0,1.0,1.0,1.0,2.0,1.0,1.0,1.0,1.0,2.0,1.0,2.0,1.0,1.0,2.0,1.0,2.0,1.0,1.0
769,4,4,4,4,4,4,5,4,2,2,70.0,,4.0,,,,,3.0,4.0,3.0,,6.0,1.0,54.0,,1.0,,2.0,4.0,5.0,,,,,,,,15.0,1.0,,,,3.0,1.0,,4.0,,1.0,1.0,1.0,1.0,1.0,1.0,1.0,1.0,1.0,1.0,,,,,,,6,3,4,4,3,5,6,6,3,2,60.0,55.0,55.0,65.0,70.0,60.0,75.0,60.0,40.0,45.0,1.0,2.0,1.0,1.0,2.0,2.0,1.0,2.0,2.0,1.0,1.0,1.0,2.0,1.0,2.0,2.0,2.0,2.0,1.0,1.0,1.0,1.0,1.0,1.0,2.0,1.0,1.0,1.0,2.0,2.0,1.0,2.0,2.0,1.0,2.0,2.0,1.0,2.0,2.0,1.0
393,4,4,4,4,4,4,5,5,2,2,,30.0,4.0,,,,,3.0,4.0,2.0,,6.0,1.0,54.0,,,2.0,,,,,,,4.0,5.0,6.0,20.0,,,2.0,,,2.0,,1.0,,5.0,,,,,,,,,,,1.0,1.0,1.0,1.0,1.0,1.0,6,3,5,4,3,5,6,5,4,2,60.0,55.0,60.0,65.0,65.0,60.0,70.0,60.0,40.0,45.0,1.0,1.0,1.0,1.0,1.0,2.0,2.0,1.0,1.0,1.0,1.0,2.0,1.0,1.0,1.0,1.0,1.0,2.0,2.0,2.0,1.0,2.0,1.0,2.0,1.0,1.0,1.0,1.0,1.0,2.0,1.0,2.0,1.0,2.0,1.0,2.0,1.0,1.0,1.0,2.0
1406,4,4,4,4,4,4,4,4,2,2,,30.0,,2.0,,,,3.0,5.0,2.0,6.0,,1.0,40.0,,1.0,,1.0,4.0,4.0,,,,,,,20.0,,1.0,,4.0,,,,1.0,4.0,,1.0,1.0,1.0,1.0,1.0,1.0,1.0,1.0,1.0,1.0,,,,,,,6,3,4,3,3,5,6,5,3,2,55.0,50.0,52.0,60.0,62.0,58.0,65.0,54.0,40.0,42.0,2.0,2.0,2.0,2.0,2.0,2.0,2.0,2.0,2.0,2.0,2.0,2.0,2.0,2.0,2.0,2.0,2.0,2.0,2.0,2.0,2.0,2.0,2.0,2.0,2.0,2.0,2.0,2.0,2.0,2.0,2.0,2.0,2.0,2.0,2.0,2.0,2.0,2.0,2.0,2.0
1575,3,3,3,3,4,3,4,3,2,2,,30.0,3.0,,,,,3.0,4.0,2.0,5.0,,,,2.0,1.0,,,,,3.0,4.0,4.0,,,,18.0,,1.0,,,6.0,,1.0,,4.0,,1.0,1.0,1.0,1.0,1.0,1.0,1.0,1.0,1.0,1.0,,,,,,,6,3,4,4,3,5,6,6,3,2,45.0,40.0,40.0,50.0,55.0,50.0,60.0,45.0,35.0,35.0,2.0,1.0,2.0,2.0,1.0,1.0,2.0,1.0,1.0,1.0,2.0,2.0,1.0,1.0,2.0,2.0,2.0,1.0,1.0,1.0,2.0,2.0,2.0,2.0,2.0,1.0,1.0,1.0,1.0,2.0,2.0,1.0,1.0,2.0,2.0,2.0,2.0,1.0,2.0,1.0
1369,2,2,2,2,2,2,2,2,4,4,,30.0,2.0,,,,,3.0,4.0,2.0,6.0,,1.0,54.0,,,2.0,,,,4.0,4.0,4.0,,,,,18.0,1.0,,4.0,,,1.0,,,4.0,,,,,,,,,,,1.0,1.0,1.0,1.0,1.0,1.0,6,3,4,3,2,5,6,5,3,2,40.0,35.0,35.0,40.0,45.0,35.0,50.0,40.0,55.0,45.0,2.0,1.0,2.0,2.0,1.0,1.0,1.0,2.0,1.0,1.0,1.0,1.0,2.0,2.0,1.0,2.0,2.0,1.0,2.0,1.0,1.0,1.0,1.0,1.0,2.0,2.0,1.0,2.0,2.0,2.0,2.0,1.0,2.0,2.0,1.0,1.0,2.0,2.0,2.0,1.0
1793,3,3,3,3,3,3,3,3,3,3,,30.0,,3.0,3.0,4.0,5.0,,,,,5.0,1.0,54.0,,,2.0,,,,,,,3.0,3.0,4.0,20.0,,1.0,,,6.0,,1.0,,,4.0,,,,,,,,,,,1.0,1.0,1.0,1.0,1.0,1.0,6,3,4,3,3,5,6,5,3,2,50.0,50.0,50.0,50.0,50.0,50.0,50.0,50.0,50.0,50.0,1.0,1.0,2.0,2.0,1.0,1.0,1.0,2.0,2.0,2.0,2.0,2.0,2.0,1.0,2.0,1.0,2.0,2.0,2.0,1.0,2.0,2.0,1.0,2.0,2.0,2.0,2.0,2.0,2.0,2.0,2.0,2.0,1.0,1.0,2.0,1.0,1.0,2.0,2.0,1.0
23,4,4,4,4,4,4,5,4,2,2,70.0,,4.0,,,,,3.0,4.0,2.0,6.0,,1.0,54.0,,,2.0,,,,4.0,4.0,5.0,,,,16.0,,1.0,,5.0,,,,1.0,4.0,,,,,,,,,,,,1.0,1.0,1.0,1.0,1.0,1.0,6,4,5,4,3,5,6,5,3,2,60.0,55.0,58.0,65.0,68.0,62.0,70.0,60.0,40.0,45.0,2.0,2.0,2.0,1.0,1.0,2.0,2.0,1.0,1.0,2.0,1.0,1.0,2.0,1.0,1.0,1.0,2.0,1.0,2.0,1.0,1.0,1.0,1.0,2.0,1.0,1.0,2.0,1.0,2.0,1.0,1.0,2.0,2.0,1.0,2.0,2.0,2.0,1.0,2.0,1.0
2052,5,5,5,5,5,5,5,5,1,2,,30.0,4.0,,3.0,4.0,6.0,,,,6.0,,,,2.0,1.0,,,,,,,,4.0,5.0,6.0,,18.0,1.0,,,,2.0,1.0,,,5.0,,,,,,,,,,,1.0,1.0,1.0,1.0,1.0,1.0,6,3,4,4,3,5,6,6,4,2,60.0,55.0,50.0,65.0,70.0,60.0,75.0,55.0,40.0,35.0,1.0,1.0,1.0,1.0,1.0,1.0,1.0,1.0,2.0,2.0,2.0,1.0,1.0,1.0,2.0,1.0,1.0,1.0,1.0,2.0,2.0,2.0,2.0,1.0,2.0,1.0,2.0,2.0,2.0,1.0,2.0,2.0,2.0,2.0,1.0,1.0,1.0,2.0,2.0,1.0
221,2,2,2,1,2,2,2,2,4,4,70.0,,,1.0,,,,3.0,5.0,2.0,6.0,,1.0,40.0,,1.0,,1.0,2.0,2.0,,,,,,,20.0,,,2.0,3.0,,,,1.0,,3.0,,,,,,,,,,,1.0,1.0,1.0,1.0,1.0,1.0,6,3,4,4,3,5,6,6,3,2,40.0,35.0,35.0,30.0,35.0,35.0,35.0,35.0,40.0,40.0,2.0,2.0,1.0,1.0,1.0,1.0,2.0,2.0,2.0,1.0,2.0,2.0,1.0,2.0,1.0,1.0,1.0,1.0,1.0,2.0,2.0,1.0,1.0,2.0,1.0,1.0,2.0,2.0,2.0,2.0,2.0,1.0,1.0,2.0,1.0,2.0,1.0,1.0,2.0,1.0
352,4,4,4,4,4,4,5,4,2,2,70.0,,,2.0,,,,3.0,5.0,2.0,,6.0,,,2.0,,2.0,2.0,4.0,5.0,,,,,,,18.0,,,2.0,,7.0,,,1.0,4.0,,,,,,,,,,,,1.0,1.0,1.0,1.0,1.0,1.0,6,3,4,3,3,5,6,5,3,2,55.0,50.0,52.0,60.0,62.0,58.0,65.0,54.0,40.0,38.0,2.0,1.0,2.0,2.0,1.0,2.0,2.0,2.0,1.0,2.0,1.0,1.0,1.0,1.0,2.0,1.0,2.0,1.0,2.0,1.0,1.0,1.0,2.0,1.0,2.0,1.0,1.0,2.0,1.0,2.0,1.0,1.0,2.0,2.0,1.0,1.0,2.0,1.0,1.0,2.0
1621,4,4,4,5,5,5,5,5,1,2,70.0,,,2.0,,,,3.0,5.0,2.0,,6.0,,,2.0,1.0,,2.0,4.0,5.0,,,,,,,18.0,,,2.0,,6.0,,1.0,,,5.0,,,,,,,,,,,1.0,1.0,1.0,1.0,1.0,1.0,6,3,4,3,3,5,6,5,3,2,55.0,60.0,58.0,65.0,70.0,68.0,72.0,60.0,40.0,45.0,2.0,2.0,1.0,1.0,1.0,2.0,2.0,1.0,1.0,2.0,2.0,1.0,1.0,2.0,2.0,2.0,2.0,2.0,2.0,1.0,2.0,1.0,1.0,1.0,1.0,2.0,2.0,1.0,2.0,1.0,1.0,2.0,2.0,1.0,1.0,1.0,2.0,1.0,2.0,1.0
1752,2,2,2,2,2,2,4,2,4,2,70.0,,2.0,,2.0,3.0,5.0,,,,,5.0,1.0,54.0,,1.0,,,,,2.0,4.0,5.0,,,,,5.0,,2.0,,6.0,,1.0,,4.0,,,,,,,,,,,,1.0,1.0,1.0,1.0,1.0,1.0,6,3,4,3,2,5,6,5,3,2,40.0,35.0,35.0,40.0,45.0,35.0,60.0,40.0,50.0,35.0,1.0,1.0,1.0,1.0,1.0,1.0,2.0,1.0,1.0,1.0,2.0,1.0,2.0,1.0,1.0,2.0,1.0,2.0,2.0,1.0,2.0,1.0,2.0,1.0,2.0,1.0,1.0,1.0,1.0,2.0,1.0,1.0,1.0,1.0,1.0,1.0,2.0,1.0,1.0,1.0
1949,5,5,5,5,5,5,5,5,1,1,,30.0,,1.0,3.0,4.0,6.0,,,,6.0,,,,2.0,,2.0,2.0,4.0,5.0,,,,,,,18.0,,,2.0,4.0,,,,1.0,,5.0,,,,,,,,,,,1.0,1.0,1.0,1.0,1.0,1.0,6,3,4,4,3,5,6,6,4,2,60.0,55.0,58.0,65.0,68.0,62.0,70.0,60.0,40.0,35.0,2.0,1.0,2.0,1.0,2.0,1.0,2.0,1.0,2.0,2.0,2.0,2.0,1.0,2.0,2.0,1.0,1.0,1.0,2.0,2.0,1.0,2.0,2.0,1.0,1.0,2.0,1.0,2.0,2.0,1.0,1.0,1.0,2.0,1.0,1.0,2.0,1.0,2.0,1.0,2.0
2027,3,3,3,3,3,3,3,3,3,3,,30.0,3.0,,3.0,4.0,5.0,,,,6.0,,1.0,54.0,,1.0,,,,,3.0,3.0,4.0,,,,5.0,,,2.0,,,2.0,1.0,,,3.0,,,,,,,,,,,1.0,1.0,1.0,1.0,1.0,1.0,6,3,4,4,2,5,6,6,3,2,50.0,45.0,48.0,55.0,60.0,52.0,65.0,40.0,35.0,38.0,1.0,1.0,2.0,2.0,2.0,1.0,2.0,1.0,1.0,2.0,2.0,1.0,2.0,1.0,1.0,1.0,1.0,2.0,2.0,2.0,2.0,2.0,1.0,1.0,2.0,2.0,1.0,1.0,1.0,2.0,2.0,1.0,2.0,2.0,2.0,1.0,2.0,2.0,2.0,1.0
56,2,2,2,2,2,2,4,2,4,1,,30.0,,2.0,3.0,4.0,5.0,,,,5.0,,1.0,30.0,,1.0,,1.0,4.0,4.0,,,,,,,,15.0,,2.0,,,2.0,1.0,,4.0,,1.0,1.0,1.0,1.0,1.0,1.0,1.0,1.0,1.0,1.0,,,,,,,6,3,4,3,3,5,6,5,3,2,40.0,35.0,35.0,30.0,35.0,30.0,50.0,35.0,45.0,25.0,2.0,2.0,1.0,1.0,1.0,2.0,1.0,2.0,1.0,2.0,1.0,2.0,2.0,1.0,1.0,2.0,1.0,2.0,2.0,2.0,1.0,1.0,1.0,1.0,2.0,2.0,1.0,2.0,2.0,1.0,1.0,1.0,2.0,1.0,2.0,2.0,2.0,2.0,1.0,2.0
448,2,2,2,2,2,2,3,2,4,3,,30.0,,2.0,,,,3.0,5.0,4.0,5.0,,,,2.0,,2.0,,,,,,,3.0,4.0,4.0,18.0,,,2.0,4.0,,,1.0,,,4.0,1.0,1.0,1.0,1.0,1.0,1.0,1.0,1.0,1.0,1.0,,,,,,,6,3,4,3,3,5,6,5,3,2,40.0,35.0,35.0,40.0,45.0,35.0,50.0,40.0,45.0,40.0,1.0,1.0,2.0,1.0,1.0,1.0,2.0,2.0,1.0,2.0,1.0,1.0,2.0,2.0,2.0,1.0,2.0,1.0,2.0,2.0,1.0,2.0,2.0,2.0,2.0,1.0,1.0,1.0,2.0,2.0,2.0,2.0,2.0,1.0,2.0,2.0,1.0,2.0,1.0,1.0
254,2,2,2,1,2,2,2,1,4,4,,30.0,2.0,,2.0,3.0,5.0,,,,5.0,,,,2.0,1.0,,1.0,2.0,2.0,,,,,,,,0.0,,2.0,3.0,,,1.0,,2.0,,1.0,1.0,1.0,1.0,1.0,1.0,1.0,1.0,1.0,1.0,,,,,,,6,3,4,3,3,5,6,5,3,2,45.0,40.0,40.0,50.0,55.0,55.0,60.0,40.0,50.0,45.0,2.0,2.0,1.0,1.0,1.0,1.0,2.0,1.0,2.0,1.0,2.0,1.0,1.0,2.0,2.0,1.0,2.0,1.0,2.0,1.0,1.0,2.0,2.0,1.0,1.0,1.0,1.0,1.0,2.0,2.0,2.0,2.0,1.0,2.0,2.0,1.0,1.0,1.0,2.0,1.0
327,2,2,2,2,2,2,4,2,4,4,70.0,,,2.0,2.0,3.0,6.0,,,,5.0,,1.0,40.0,,1.0,,1.0,2.0,4.0,,,,,,,5.0,,,2.0,,6.0,,1.0,,4.0,,,,,,,,,,,,1.0,1.0,1.0,1.0,1.0,1.0,6,3,4,3,2,5,6,5,3,2,40.0,35.0,35.0,40.0,45.0,35.0,60.0,40.0,55.0,50.0,2.0,1.0,1.0,1.0,2.0,2.0,1.0,1.0,2.0,1.0,2.0,1.0,1.0,1.0,1.0,2.0,2.0,2.0,2.0,2.0,2.0,1.0,1.0,1.0,2.0,2.0,2.0,2.0,2.0,1.0,2.0,1.0,1.0,1.0,2.0,2.0,2.0,1.0,2.0,1.0
1048,4,4,4,3,4,4,4,4,2,2,70.0,,3.0,,3.0,4.0,5.0,,,,6.0,,,,2.0,,2.0,,,,3.0,4.0,5.0,,,,20.0,,,2.0,,6.0,,,1.0,4.0,,1.0,1.0,1.0,1.0,1.0,1.0,1.0,1.0,1.0,1.0,,,,,,,6,3,4,4,2,5,6,6,3,2,55.0,50.0,52.0,60.0,62.0,58.0,65.0,54.0,40.0,38.0,2.0,2.0,2.0,2.0,2.0,2.0,2.0,2.0,2.0,2.0,2.0,2.0,2.0,2.0,2.0,2.0,2.0,2.0,2.0,2.0,2.0,2.0,2.0,2.0,2.0,2.0,2.0,2.0,2.0,2.0,2.0,2.0,2.0,2.0,2.0,2.0,2.0,2.0,2.0,2.0
1654,5,5,5,5,5,5,5,5,1,2,70.0,,,1.0,,,,4.0,5.0,3.0,,6.0,,,2.0,1.0,,,,,,,,4.0,5.0,6.0,18.0,,,2.0,,,2.0,1.0,,5.0,,1.0,1.0,1.0,1.0,1.0,1.0,1.0,1.0,1.0,1.0,,,,,,,6,3,5,4,3,5,6,5,4,2,60.0,55.0,58.0,65.0,70.0,62.0,75.0,60.0,40.0,45.0,1.0,2.0,2.0,2.0,1.0,2.0,2.0,2.0,2.0,2.0,2.0,2.0,2.0,1.0,2.0,2.0,2.0,2.0,2.0,2.0,1.0,2.0,2.0,2.0,2.0,1.0,2.0,2.0,1.0,2.0,2.0,2.0,2.0,1.0,2.0,1.0,2.0,2.0,2.0,2.0
1727,4,4,4,3,4,3,4,3,2,2,70.0,,3.0,,3.0,4.0,5.0,,,,,6.0,,,2.0,,2.0,,,,3.0,4.0,4.0,,,,,15.0,1.0,,,5.0,,1.0,,4.0,,1.0,1.0,1.0,1.0,1.0,1.0,1.0,1.0,1.0,1.0,,,,,,,6,3,4,4,3,5,6,6,3,2,55.0,50.0,52.0,60.0,62.0,55.0,65.0,50.0,40.0,42.0,2.0,2.0,1.0,2.0,1.0,2.0,2.0,2.0,2.0,1.0,2.0,1.0,2.0,1.0,2.0,2.0,2.0,1.0,2.0,2.0,2.0,2.0,2.0,2.0,2.0,2.0,2.0,1.0,1.0,2.0,1.0,1.0,1.0,1.0,1.0,1.0,1.0,1.0,1.0,2.0
1988,3,3,3,3,3,3,4,3,2,2,70.0,,,3.0,,,,3.0,4.0,2.0,,5.0,,,2.0,1.0,,2.0,3.0,4.0,,,,,,,,20.0,2.0,,,,1.0,1.0,,3.0,,,,,,,,,,,,1.0,1.0,1.0,1.0,1.0,1.0,6,3,4,4,3,5,6,6,3,2,40.0,35.0,35.0,40.0,45.0,40.0,50.0,35.0,30.0,30.0,2.0,2.0,1.0,2.0,1.0,2.0,2.0,1.0,2.0,1.0,1.0,2.0,1.0,2.0,1.0,2.0,1.0,2.0,2.0,1.0,1.0,2.0,2.0,2.0,1.0,1.0,1.0,2.0,2.0,1.0,2.0,1.0,1.0,2.0,2.0,2.0,1.0,2.0,1.0,1.0
97,4,4,4,4,4,4,4,4,2,2,,30.0,,2.0,,,,3.0,4.0,2.0,,6.0,,,2.0,,2.0,,,,,,,3.0,4.0,,,18.0,,2.0,,6.0,,1.0,,,4.0,,,,,,,,,,,1.0,1.0,1.0,1.0,1.0,1.0,6,3,4,3,3,5,6,5,3,2,55.0,50.0,52.0,60.0,62.0,58.0,65.0,54.0,40.0,38.0,2.0,1.0,1.0,2.0,1.0,1.0,2.0,2.0,1.0,1.0,2.0,1.0,1.0,1.0,1.0,1.0,2.0,2.0,2.0,1.0,1.0,2.0,2.0,2.0,1.0,1.0,2.0,2.0,2.0,2.0,1.0,2.0,1.0,2.0,1.0,1.0,1.0,2.0,2.0,2.0
972,4,4,4,4,4,4,4,4,2,2,70.0,,,2.0,,,,3.0,4.0,2.0,,5.0,1.0,54.0,,1.0,,1.0,4.0,5.0,,,,,,,20.0,,,2.0,3.0,,,,1.0,,4.0,,,,,,,,,,,1.0,1.0,1.0,1.0,1.0,1.0,6,3,4,4,3,5,6,6,3,2,55.0,50.0,52.0,60.0,65.0,58.0,70.0,60.0,40.0,35.0,2.0,2.0,2.0,1.0,2.0,2.0,1.0,1.0,2.0,1.0,2.0,1.0,2.0,2.0,1.0,1.0,2.0,1.0,1.0,2.0,1.0,1.0,2.0,1.0,1.0,2.0,1.0,2.0,2.0,1.0,2.0,1.0,1.0,2.0,1.0,2.0,2.0,1.0,1.0,2.0
801,4,4,4,5,5,5,5,5,1,2,70.0,,3.0,,3.0,4.0,6.0,,,,6.0,,1.0,54.0,,,2.0,,,,4.0,4.0,5.0,,,,18.0,,,2.0,,,2.0,,1.0,4.0,,1.0,1.0,1.0,1.0,1.0,1.0,1.0,1.0,1.0,1.0,,,,,,,6,3,5,4,3,5,6,5,3,2,60.0,55.0,58.0,65.0,70.0,62.0,75.0,68.0,40.0,45.0,2.0,2.0,1.0,2.0,2.0,2.0,1.0,1.0,1.0,2.0,1.0,1.0,2.0,2.0,2.0,1.0,2.0,1.0,2.0,1.0,2.0,1.0,2.0,2.0,2.0,1.0,1.0,2.0,2.0,2.0,1.0,1.0,2.0,2.0,2.0,1.0,1.0,2.0,2.0,1.0
295,5,5,5,5,5,5,5,5,1,2,70.0,,4.0,,,,,3.0,4.0,2.0,,6.0,1.0,54.0,,,2.0,,,,,,,3.0,5.0,6.0,,20.0,1.0,,,,1.0,1.0,,,5.0,1.0,1.0,1.0,1.0,1.0,1.0,1.0,1.0,1.0,1.0,,,,,,,6,3,4,3,2,5,6,5,4,2,60.0,55.0,50.0,65.0,70.0,60.0,75.0,55.0,40.0,45.0,1.0,2.0,2.0,2.0,2.0,2.0,1.0,2.0,1.0,2.0,1.0,2.0,2.0,2.0,2.0,2.0,1.0,1.0,1.0,1.0,2.0,2.0,2.0,2.0,2.0,1.0,2.0,2.0,1.0,1.0,2.0,2.0,2.0,2.0,2.0,1.0,2.0,1.0,1.0,1.0
489,5,5,5,5,5,5,5,5,1,1,70.0,,5.0,,3.0,4.0,6.0,,,,,6.0,1.0,30.0,,,2.0,,,,,,,4.0,5.0,6.0,,20.0,,2.0,4.0,,,1.0,,,5.0,1.0,1.0,1.0,1.0,1.0,1.0,1.0,1.0,1.0,1.0,,,,,,,6,3,4,3,3,5,6,5,4,2,60.0,55.0,50.0,65.0,60.0,60.0,70.0,55.0,40.0,35.0,1.0,2.0,1.0,2.0,2.0,1.0,1.0,2.0,1.0,2.0,1.0,2.0,2.0,2.0,2.0,2.0,1.0,2.0,1.0,2.0,1.0,2.0,2.0,1.0,1.0,1.0,2.0,1.0,2.0,1.0,2.0,1.0,2.0,2.0,2.0,2.0,1.0,2.0,1.0,1.0
100,5,5,5,5,5,5,5,5,1,2,,30.0,4.0,,3.0,4.0,5.0,,,,6.0,,,,2.0,,2.0,,,,4.0,5.0,6.0,,,,,18.0,,2.0,,,3.0,1.0,,5.0,,,,,,,,,,,,1.0,1.0,1.0,1.0,1.0,1.0,6,3,4,4,2,5,6,6,4,2,60.0,55.0,58.0,65.0,70.0,62.0,75.0,60.0,40.0,45.0,2.0,1.0,2.0,1.0,1.0,2.0,2.0,2.0,2.0,2.0,1.0,2.0,2.0,2.0,1.0,1.0,1.0,2.0,1.0,1.0,1.0,1.0,2.0,2.0,2.0,1.0,1.0,2.0,1.0,2.0,1.0,1.0,2.0,1.0,2.0,2.0,1.0,2.0,1.0,1.0
1695,4,4,4,5,5,5,5,4,2,2,70.0,,3.0,,,,,3.0,4.0,2.0,6.0,,,,2.0,1.0,,,,,4.0,4.0,5.0,,,,18.0,,1.0,,,,3.0,1.0,,,4.0,1.0,1.0,1.0,1.0,1.0,1.0,1.0,1.0,1.0,1.0,,,,,,,6,3,4,3,3,5,6,5,3,2,55.0,50.0,52.0,60.0,65.0,62.0,70.0,58.0,40.0,42.0,2.0,1.0,1.0,2.0,1.0,1.0,1.0,2.0,2.0,1.0,1.0,2.0,1.0,2.0,2.0,1.0,1.0,1.0,2.0,2.0,1.0,1.0,1.0,2.0,2.0,1.0,2.0,1.0,1.0,1.0,1.0,1.0,1.0,2.0,2.0,2.0,1.0,2.0,2.0,2.0
1473,4,4,4,4,4,4,5,4,2,2,70.0,,4.0,,3.0,4.0,5.0,,,,6.0,,,,2.0,1.0,,,,,3.0,4.0,5.0,,,,18.0,,,2.0,4.0,,,,1.0,4.0,,,,,,,,,,,,1.0,1.0,1.0,1.0,1.0,1.0,6,3,4,4,2,5,6,6,3,2,60.0,55.0,58.0,65.0,68.0,60.0,70.0,55.0,40.0,45.0,2.0,2.0,2.0,1.0,1.0,1.0,1.0,1.0,2.0,1.0,1.0,1.0,1.0,2.0,1.0,1.0,1.0,1.0,1.0,2.0,2.0,2.0,1.0,1.0,1.0,1.0,1.0,1.0,1.0,1.0,2.0,2.0,2.0,2.0,1.0,2.0,1.0,1.0,2.0,1.0
1089,5,5,5,5,5,5,5,5,1,2,70.0,,,2.0,,,,3.0,5.0,4.0,,6.0,1.0,54.0,,1.0,,,,,4.0,5.0,6.0,,,,,18.0,1.0,,3.0,,,1.0,,5.0,,1.0,1.0,1.0,1.0,1.0,1.0,1.0,1.0,1.0,1.0,,,,,,,6,3,4,4,3,5,6,6,3,2,60.0,55.0,55.0,65.0,70.0,60.0,75.0,60.0,40.0,35.0,1.0,1.0,2.0,1.0,2.0,2.0,2.0,2.0,1.0,2.0,1.0,2.0,2.0,2.0,2.0,1.0,1.0,2.0,2.0,2.0,1.0,2.0,1.0,2.0,1.0,2.0,2.0,2.0,2.0,2.0,1.0,1.0,2.0,2.0,2.0,1.0,2.0,1.0,1.0,2.0
1500,5,5,5,5,5,5,5,5,1,1,70.0,,5.0,,,,,3.0,5.0,2.0,6.0,,1.0,54.0,,,2.0,,,,,,,3.0,5.0,6.0,20.0,,2.0,,,,2.0,1.0,,,5.0,,,,,,,,,,,1.0,1.0,1.0,1.0,1.0,1.0,6,3,4,3,3,5,6,6,4,2,55.0,50.0,52.0,60.0,65.0,58.0,70.0,62.0,40.0,38.0,1.0,2.0,2.0,1.0,2.0,1.0,1.0,2.0,1.0,1.0,2.0,2.0,1.0,2.0,1.0,1.0,2.0,2.0,1.0,2.0,1.0,1.0,2.0,1.0,1.0,2.0,2.0,1.0,2.0,2.0,1.0,1.0,2.0,2.0,1.0,2.0,1.0,2.0,2.0,2.0
2016,2,3,2,2,3,2,4,2,4,2,,30.0,2.0,,,,,3.0,4.0,2.0,,5.0,,,2.0,1.0,,,,,3.0,4.0,4.0,,,,18.0,,1.0,,,,2.0,,1.0,,4.0,1.0,1.0,1.0,1.0,1.0,1.0,1.0,1.0,1.0,1.0,,,,,,,6,3,4,4,3,5,6,6,3,2,45.0,40.0,38.0,35.0,40.0,38.0,50.0,40.0,45.0,38.0,1.0,2.0,2.0,1.0,2.0,2.0,2.0,1.0,2.0,2.0,1.0,2.0,1.0,1.0,2.0,1.0,2.0,1.0,2.0,1.0,1.0,2.0,2.0,2.0,1.0,1.0,2.0,2.0,1.0,1.0,2.0,2.0,1.0,2.0,1.0,2.0,1.0,2.0,2.0,1.0
982,2,3,3,2,3,2,4,2,4,2,70.0,,2.0,,3.0,4.0,5.0,,,,,5.0,1.0,40.0,,1.0,,,,,,,,3.0,4.0,5.0,,15.0,1.0,,,,2.0,1.0,,,4.0,1.0,1.0,1.0,1.0,1.0,1.0,1.0,1.0,1.0,1.0,,,,,,,6,3,4,3,3,5,6,5,3,2,45.0,40.0,40.0,50.0,55.0,45.0,60.0,40.0,50.0,40.0,2.0,1.0,2.0,2.0,2.0,1.0,2.0,2.0,2.0,1.0,2.0,1.0,2.0,2.0,2.0,1.0,2.0,2.0,2.0,2.0,1.0,1.0,2.0,1.0,1.0,1.0,2.0,1.0,2.0,1.0,2.0,1.0,1.0,1.0,2.0,2.0,2.0,2.0,2.0,2.0
67,5,5,5,5,5,5,5,5,1,1,70.0,,,2.0,,,,3.0,4.0,2.0,,6.0,,,2.0,1.0,,,,,4.0,5.0,6.0,,,,15.0,,1.0,,3.0,,,,1.0,,5.0,,,,,,,,,,,1.0,1.0,1.0,1.0,1.0,1.0,6,3,4,4,3,5,6,6,4,2,60.0,55.0,60.0,65.0,70.0,60.0,75.0,60.0,35.0,30.0,2.0,2.0,2.0,2.0,1.0,1.0,2.0,2.0,1.0,1.0,1.0,1.0,2.0,1.0,1.0,2.0,2.0,1.0,1.0,1.0,1.0,2.0,1.0,2.0,1.0,2.0,2.0,2.0,2.0,1.0,2.0,2.0,1.0,2.0,2.0,1.0,2.0,2.0,2.0,2.0
1978,5,4,5,5,5,5,5,5,1,2,,30.0,,2.0,,,,3.0,4.0,2.0,,6.0,1.0,54.0,,1.0,,,,,,,,3.0,4.0,4.0,18.0,,1.0,,,,2.0,1.0,,4.0,,,,,,,,,,,,1.0,1.0,1.0,1.0,1.0,1.0,6,3,4,3,3,5,6,5,3,2,60.0,55.0,60.0,65.0,65.0,60.0,70.0,60.0,40.0,45.0,2.0,2.0,2.0,1.0,2.0,2.0,1.0,2.0,2.0,1.0,1.0,1.0,1.0,2.0,2.0,1.0,1.0,2.0,1.0,2.0,2.0,1.0,2.0,2.0,1.0,1.0,2.0,1.0,1.0,1.0,2.0,2.0,2.0,1.0,2.0,1.0,1.0,1.0,1.0,2.0
1483,4,4,4,4,4,4,5,4,2,2,,30.0,,2.0,,,,3.0,4.0,3.0,6.0,,,,2.0,1.0,,2.0,4.0,5.0,,,,,,,18.0,,,2.0,4.0,,,,1.0,,4.0,1.0,1.0,1.0,1.0,1.0,1.0,1.0,1.0,1.0,1.0,,,,,,,6,3,4,3,3,5,6,5,3,2,55.0,50.0,52.0,60.0,65.0,58.0,70.0,60.0,40.0,45.0,2.0,2.0,2.0,2.0,2.0,1.0,1.0,1.0,2.0,2.0,1.0,2.0,2.0,1.0,1.0,1.0,1.0,2.0,2.0,1.0,1.0,1.0,2.0,1.0,2.0,2.0,1.0,1.0,1.0,2.0,1.0,2.0,2.0,1.0,1.0,1.0,2.0,1.0,1.0,1.0
1079,4,4,4,4,4,4,4,4,2,2,,30.0,4.0,,3.0,4.0,6.0,,,,6.0,,1.0,54.0,,,2.0,,,,,,,3.0,4.0,5.0,18.0,,,2.0,4.0,,,,1.0,,4.0,1.0,1.0,1.0,1.0,1.0,1.0,1.0,1.0,1.0,1.0,,,,,,,6,3,4,4,3,5,6,5,3,2,60.0,55.0,58.0,65.0,68.0,62.0,70.0,60.0,40.0,45.0,2.0,1.0,2.0,1.0,2.0,2.0,2.0,1.0,1.0,1.0,2.0,2.0,1.0,2.0,2.0,2.0,1.0,1.0,2.0,2.0,2.0,1.0,2.0,2.0,2.0,2.0,2.0,1.0,1.0,2.0,2.0,1.0,1.0,1.0,1.0,1.0,2.0,2.0,2.0,1.0
1665,5,5,5,5,5,5,5,5,1,2,,30.0,,1.0,2.0,4.0,6.0,,,,,,,,2.0,1.0,,1.0,5.0,6.0,,,,,,,0.0,,1.0,,,,2.0,1.0,,,6.0,1.0,1.0,1.0,1.0,1.0,1.0,1.0,1.0,1.0,1.0,,,,,,,6,3,4,4,2,5,6,6,4,2,60.0,55.0,60.0,65.0,70.0,65.0,75.0,60.0,40.0,35.0,2.0,1.0,1.0,2.0,2.0,2.0,1.0,2.0,2.0,2.0,2.0,2.0,2.0,1.0,2.0,2.0,1.0,1.0,2.0,2.0,2.0,2.0,2.0,2.0,2.0,1.0,2.0,1.0,2.0,2.0,1.0,1.0,2.0,1.0,1.0,1.0,2.0,2.0,1.0,1.0
1716,5,5,5,5,5,5,5,5,1,2,70.0,,5.0,,3.0,4.0,6.0,,,,,6.0,,,2.0,,2.0,2.0,5.0,6.0,,,,,,,,18.0,,2.0,4.0,,,,1.0,,5.0,1.0,1.0,1.0,1.0,1.0,1.0,1.0,1.0,1.0,1.0,,,,,,,6,3,4,3,3,5,6,5,4,2,60.0,55.0,58.0,65.0,70.0,62.0,75.0,60.0,35.0,40.0,2.0,2.0,2.0,2.0,2.0,2.0,1.0,2.0,1.0,2.0,2.0,2.0,1.0,1.0,1.0,2.0,1.0,2.0,1.0,2.0,2.0,2.0,1.0,2.0,2.0,2.0,2.0,2.0,1.0,2.0,1.0,2.0,1.0,2.0,1.0,2.0,1.0,2.0,1.0,1.0
479,2,2,2,2,2,2,4,2,4,4,70.0,,2.0,,,,,3.0,4.0,2.0,,5.0,,,2.0,1.0,,,,,,,,3.0,4.0,5.0,,5.0,,2.0,,6.0,,,1.0,4.0,,1.0,1.0,1.0,1.0,1.0,1.0,1.0,1.0,1.0,1.0,,,,,,,6,3,4,3,3,5,6,5,3,2,55.0,50.0,50.0,55.0,60.0,55.0,65.0,50.0,45.0,40.0,1.0,1.0,1.0,1.0,2.0,1.0,1.0,1.0,1.0,1.0,1.0,1.0,1.0,1.0,1.0,1.0,1.0,1.0,1.0,1.0,1.0,2.0,2.0,1.0,2.0,1.0,1.0,1.0,1.0,1.0,2.0,1.0,1.0,1.0,1.0,1.0,2.0,1.0,1.0,1.0
265,4,4,4,4,4,4,5,4,2,2,70.0,,3.0,,,,,3.0,5.0,2.0,,6.0,,,2.0,,2.0,,,,3.0,4.0,5.0,,,,18.0,,,2.0,4.0,,,1.0,,,4.0,1.0,1.0,1.0,1.0,1.0,1.0,1.0,1.0,1.0,1.0,,,,,,,6,3,4,3,3,5,6,5,3,2,55.0,50.0,52.0,60.0,62.0,58.0,65.0,54.0,40.0,42.0,1.0,2.0,2.0,1.0,2.0,2.0,2.0,2.0,2.0,1.0,1.0,1.0,1.0,2.0,1.0,2.0,2.0,2.0,1.0,2.0,2.0,1.0,1.0,1.0,1.0,1.0,1.0,1.0,2.0,1.0,2.0,1.0,2.0,1.0,2.0,2.0,2.0,1.0,1.0,2.0
316,2,2,2,2,2,2,4,2,4,4,,30.0,2.0,,,,,3.0,4.0,3.0,6.0,,1.0,54.0,,1.0,,,,,,,,3.0,4.0,5.0,,18.0,1.0,,,,2.0,,1.0,,4.0,,,,,,,,,,,1.0,1.0,1.0,1.0,1.0,1.0,6,3,4,4,3,5,6,6,3,2,45.0,40.0,40.0,40.0,45.0,40.0,60.0,40.0,50.0,50.0,2.0,2.0,1.0,1.0,2.0,1.0,1.0,1.0,1.0,2.0,1.0,1.0,1.0,2.0,1.0,2.0,2.0,2.0,1.0,1.0,2.0,1.0,1.0,1.0,1.0,2.0,2.0,1.0,1.0,1.0,1.0,2.0,1.0,2.0,1.0,2.0,2.0,2.0,1.0,2.0
943,5,5,5,5,5,5,5,5,1,2,,30.0,,1.0,3.0,4.0,6.0,,,,6.0,,,,2.0,1.0,,,,,,,,3.0,5.0,6.0,5.0,,1.0,,,6.0,,1.0,,5.0,,1.0,1.0,1.0,1.0,1.0,1.0,1.0,1.0,1.0,1.0,,,,,,,6,3,4,3,3,5,6,6,4,2,60.0,55.0,58.0,65.0,70.0,62.0,68.0,60.0,40.0,45.0,2.0,2.0,2.0,2.0,2.0,1.0,1.0,2.0,2.0,2.0,2.0,1.0,1.0,2.0,2.0,2.0,2.0,2.0,2.0,1.0,1.0,2.0,2.0,2.0,2.0,2.0,2.0,1.0,2.0,2.0,1.0,1.0,2.0,2.0,2.0,1.0,2.0,2.0,2.0,1.0
830,4,4,4,4,4,4,5,4,2,2,70.0,,4.0,,3.0,4.0,5.0,,,,6.0,,1.0,54.0,,1.0,,,,,4.0,4.0,5.0,,,,,18.0,1.0,,,6.0,,1.0,,,5.0,,,,,,,,,,,1.0,1.0,1.0,1.0,1.0,1.0,6,3,5,4,3,5,6,6,3,2,55.0,50.0,52.0,60.0,62.0,58.0,65.0,54.0,40.0,42.0,1.0,1.0,1.0,1.0,1.0,2.0,1.0,2.0,2.0,1.0,1.0,2.0,2.0,1.0,2.0,2.0,1.0,2.0,2.0,2.0,1.0,1.0,1.0,1.0,1.0,2.0,2.0,2.0,1.0,1.0,2.0,1.0,2.0,1.0,2.0,2.0,1.0,2.0,1.0,1.0
1442,2,3,2,2,3,2,4,2,4,3,70.0,,,2.0,,,,3.0,5.0,2.0,6.0,,,,2.0,1.0,,2.0,3.0,4.0,,,,,,,,0.0,1.0,,3.0,,,,1.0,,4.0,1.0,1.0,1.0,1.0,1.0,1.0,1.0,1.0,1.0,1.0,,,,,,,6,3,4,4,3,5,6,6,3,2,40.0,35.0,38.0,45.0,50.0,35.0,60.0,40.0,55.0,35.0,2.0,2.0,2.0,2.0,2.0,1.0,2.0,2.0,2.0,2.0,1.0,2.0,1.0,1.0,2.0,1.0,1.0,2.0,2.0,2.0,2.0,1.0,2.0,2.0,2.0,2.0,2.0,1.0,2.0,2.0,1.0,2.0,2.0,1.0,1.0,1.0,2.0,1.0,1.0,1.0
1531,5,5,5,5,5,5,5,5,1,2,,30.0,,1.0,,,,3.0,5.0,2.0,,6.0,1.0,54.0,,1.0,,2.0,5.0,6.0,,,,,,,12.0,,1.0,,,,3.0,,1.0,,5.0,1.0,1.0,1.0,1.0,1.0,1.0,1.0,1.0,1.0,1.0,,,,,,,6,3,4,3,3,5,6,6,4,2,60.0,55.0,60.0,65.0,70.0,60.0,75.0,65.0,35.0,40.0,1.0,1.0,2.0,1.0,1.0,2.0,2.0,1.0,2.0,2.0,1.0,1.0,1.0,1.0,1.0,1.0,2.0,2.0,1.0,1.0,2.0,1.0,2.0,2.0,1.0,2.0,2.0,2.0,1.0,2.0,2.0,2.0,1.0,2.0,1.0,1.0,1.0,2.0,2.0,1.0
131,2,2,2,1,2,2,2,2,4,4,70.0,,2.0,,2.0,3.0,6.0,,,,6.0,,1.0,54.0,,1.0,,1.0,2.0,4.0,,,,,,,,,,2.0,,,1.0,1.0,,,3.0,,,,,,,,,,,1.0,1.0,1.0,1.0,1.0,1.0,6,3,4,4,3,5,6,6,3,2,40.0,35.0,35.0,30.0,35.0,35.0,40.0,30.0,45.0,40.0,2.0,1.0,1.0,2.0,1.0,2.0,1.0,1.0,2.0,1.0,1.0,1.0,2.0,1.0,2.0,2.0,1.0,2.0,1.0,2.0,2.0,1.0,2.0,1.0,2.0,1.0,1.0,2.0,2.0,1.0,1.0,1.0,1.0,1.0,1.0,2.0,2.0,2.0,2.0,2.0
936,3,3,3,3,3,3,3,3,3,3,70.0,,,3.0,,,,3.0,4.0,2.0,,5.0,1.0,30.0,,1.0,,3.0,3.0,4.0,,,,,,,,10.0,1.0,,3.0,,,,1.0,3.0,,1.0,1.0,1.0,1.0,1.0,1.0,1.0,1.0,1.0,1.0,,,,,,,5,3,4,3,3,5,5,5,3,2,50.0,45.0,50.0,55.0,55.0,50.0,60.0,45.0,40.0,40.0,2.0,2.0,2.0,2.0,2.0,2.0,2.0,2.0,2.0,2.0,2.0,2.0,1.0,2.0,2.0,2.0,2.0,2.0,1.0,2.0,2.0,2.0,2.0,2.0,2.0,2.0,2.0,2.0,2.0,2.0,2.0,2.0,2.0,2.0,2.0,2.0,1.0,1.0,2.0,2.0
845,5,5,5,5,5,5,5,5,1,2,70.0,,1.0,,3.0,4.0,6.0,,,,,6.0,1.0,54.0,,,2.0,2.0,4.0,5.0,,,,,,,18.0,,1.0,,,,2.0,1.0,,,5.0,,,,,,,,,,,1.0,1.0,1.0,1.0,1.0,1.0,6,3,5,4,3,5,6,5,3,2,55.0,50.0,52.0,60.0,65.0,58.0,70.0,60.0,40.0,35.0,2.0,2.0,1.0,1.0,2.0,1.0,1.0,2.0,1.0,2.0,2.0,1.0,2.0,1.0,2.0,1.0,1.0,2.0,2.0,1.0,1.0,2.0,1.0,1.0,2.0,1.0,2.0,2.0,2.0,1.0,1.0,2.0,2.0,1.0,1.0,2.0,1.0,2.0,2.0,2.0
1437,4,4,4,5,5,4,5,4,2,2,70.0,,,2.0,3.0,4.0,6.0,,,,,6.0,,,2.0,,2.0,,,,,,,3.0,4.0,5.0,16.0,,,2.0,,,2.0,1.0,,4.0,,,,,,,,,,,,1.0,1.0,1.0,1.0,1.0,1.0,6,3,4,4,3,5,6,6,3,2,55.0,50.0,52.0,60.0,65.0,58.0,70.0,54.0,40.0,42.0,1.0,2.0,1.0,1.0,2.0,2.0,1.0,1.0,2.0,2.0,1.0,1.0,1.0,2.0,1.0,1.0,2.0,2.0,2.0,1.0,1.0,2.0,2.0,1.0,2.0,2.0,2.0,1.0,1.0,1.0,1.0,2.0,1.0,1.0,2.0,1.0,2.0,1.0,2.0,1.0
1544,4,4,4,4,4,4,4,4,2,2,,30.0,,2.0,3.0,4.0,5.0,,,,,6.0,,,2.0,,2.0,,,,3.0,4.0,5.0,,,,18.0,,,2.0,,5.0,,,1.0,,4.0,1.0,1.0,1.0,1.0,1.0,1.0,1.0,1.0,1.0,1.0,,,,,,,6,3,4,3,3,5,6,5,3,2,60.0,55.0,58.0,65.0,68.0,62.0,70.0,60.0,40.0,45.0,1.0,1.0,2.0,2.0,1.0,1.0,1.0,2.0,2.0,1.0,2.0,1.0,1.0,1.0,2.0,2.0,2.0,2.0,1.0,1.0,2.0,2.0,2.0,2.0,2.0,2.0,1.0,2.0,1.0,1.0,2.0,2.0,1.0,1.0,2.0,2.0,2.0,1.0,1.0,2.0
1358,5,4,4,4,4,4,5,4,1,2,,30.0,3.0,,,,,4.0,5.0,3.0,,6.0,,,2.0,1.0,,,,,,,,3.0,4.0,5.0,20.0,,,2.0,,6.0,,1.0,,,5.0,,,,,,,,,,,1.0,1.0,1.0,1.0,1.0,1.0,6,3,4,3,2,5,6,5,3,2,60.0,55.0,55.0,65.0,65.0,60.0,70.0,60.0,40.0,45.0,1.0,2.0,1.0,1.0,1.0,2.0,1.0,2.0,2.0,2.0,2.0,1.0,2.0,2.0,1.0,1.0,2.0,2.0,2.0,1.0,1.0,1.0,1.0,2.0,1.0,2.0,1.0,2.0,1.0,1.0,1.0,1.0,1.0,2.0,1.0,1.0,2.0,1.0,2.0,2.0
144,2,2,2,1,2,2,4,2,4,2,,30.0,2.0,,,,,3.0,4.0,2.0,,5.0,,,2.0,1.0,,,,,,,,2.0,4.0,5.0,15.0,,,2.0,,6.0,,,1.0,4.0,,1.0,1.0,1.0,1.0,1.0,1.0,1.0,1.0,1.0,1.0,,,,,,,6,3,4,3,3,5,6,5,3,2,40.0,35.0,35.0,30.0,35.0,35.0,60.0,35.0,60.0,35.0,2.0,1.0,1.0,2.0,2.0,1.0,1.0,2.0,1.0,1.0,2.0,1.0,1.0,1.0,2.0,1.0,2.0,1.0,1.0,1.0,1.0,1.0,1.0,2.0,2.0,1.0,1.0,1.0,1.0,2.0,1.0,2.0,2.0,2.0,1.0,1.0,1.0,2.0,1.0,1.0
758,4,4,4,4,4,4,4,4,2,2,70.0,,,2.0,,,,3.0,5.0,4.0,6.0,,,,2.0,1.0,,,,,3.0,4.0,4.0,,,,,15.0,1.0,,3.0,,,1.0,,,4.0,1.0,1.0,1.0,1.0,1.0,1.0,1.0,1.0,1.0,1.0,,,,,,,6,3,4,4,3,5,6,6,3,2,55.0,50.0,52.0,60.0,62.0,58.0,65.0,54.0,40.0,38.0,2.0,1.0,2.0,2.0,1.0,1.0,2.0,1.0,2.0,2.0,2.0,1.0,1.0,1.0,2.0,1.0,2.0,1.0,1.0,1.0,2.0,2.0,2.0,1.0,2.0,2.0,1.0,1.0,2.0,1.0,2.0,1.0,2.0,1.0,1.0,2.0,2.0,1.0,1.0,2.0
12,2,2,2,2,2,2,4,2,4,4,,30.0,,2.0,,,,3.0,4.0,2.0,,5.0,1.0,54.0,,,2.0,1.0,4.0,5.0,,,,,,,20.0,,,2.0,,,2.0,1.0,,4.0,,1.0,1.0,1.0,1.0,1.0,1.0,1.0,1.0,1.0,1.0,,,,,,,6,3,4,4,2,5,6,6,3,2,40.0,38.0,38.0,40.0,45.0,38.0,60.0,38.0,55.0,55.0,2.0,1.0,2.0,1.0,1.0,1.0,2.0,1.0,2.0,2.0,1.0,1.0,1.0,2.0,2.0,2.0,2.0,2.0,1.0,1.0,2.0,2.0,1.0,1.0,1.0,1.0,2.0,1.0,2.0,1.0,2.0,1.0,1.0,1.0,2.0,1.0,1.0,2.0,1.0,2.0
884,4,4,4,4,4,4,4,4,2,2,70.0,,3.0,,,,,3.0,4.0,2.0,6.0,,,,2.0,,2.0,,,,3.0,4.0,5.0,,,,16.0,,1.0,,,,3.0,1.0,,4.0,,1.0,1.0,1.0,1.0,1.0,1.0,1.0,1.0,1.0,1.0,,,,,,,6,3,4,4,3,5,6,6,3,2,55.0,50.0,52.0,60.0,62.0,58.0,65.0,54.0,40.0,38.0,1.0,1.0,2.0,1.0,2.0,2.0,2.0,1.0,2.0,1.0,1.0,1.0,1.0,2.0,2.0,2.0,1.0,1.0,2.0,1.0,1.0,2.0,1.0,1.0,1.0,2.0,2.0,1.0,2.0,1.0,2.0,1.0,2.0,2.0,1.0,1.0,1.0,1.0,2.0,2.0
1610,4,4,4,5,5,5,5,5,1,2,,30.0,,1.0,3.0,4.0,6.0,,,,,5.0,1.0,30.0,,1.0,,,,,4.0,5.0,6.0,,,,,15.0,1.0,,,6.0,,1.0,,5.0,,1.0,1.0,1.0,1.0,1.0,1.0,1.0,1.0,1.0,1.0,,,,,,,6,3,4,4,3,5,6,6,3,2,60.0,55.0,60.0,65.0,70.0,65.0,70.0,60.0,40.0,45.0,2.0,2.0,1.0,1.0,2.0,1.0,2.0,1.0,1.0,1.0,1.0,2.0,2.0,2.0,1.0,2.0,2.0,1.0,2.0,2.0,1.0,1.0,2.0,1.0,1.0,2.0,2.0,1.0,2.0,2.0,2.0,1.0,2.0,2.0,1.0,1.0,2.0,2.0,2.0,2.0
1763,2,3,2,2,3,2,4,2,4,2,,30.0,,2.0,,,,3.0,4.0,2.0,6.0,,1.0,54.0,,,2.0,2.0,4.0,5.0,,,,,,,15.0,,1.0,,,6.0,,,1.0,,4.0,,,,,,,,,,,1.0,1.0,1.0,1.0,1.0,1.0,6,3,4,4,3,5,6,6,3,2,45.0,40.0,42.0,50.0,55.0,48.0,60.0,40.0,52.0,38.0,1.0,1.0,1.0,1.0,2.0,2.0,1.0,1.0,2.0,1.0,1.0,1.0,1.0,1.0,2.0,2.0,2.0,2.0,2.0,1.0,1.0,1.0,1.0,2.0,2.0,1.0,1.0,2.0,1.0,2.0,2.0,1.0,1.0,2.0,2.0,1.0,2.0,2.0,1.0,2.0
1585,2,2,2,2,2,2,3,2,4,4,70.0,,,2.0,3.0,4.0,6.0,,,,6.0,,1.0,30.0,,1.0,,,,,,,,3.0,4.0,4.0,,15.0,,2.0,4.0,,,1.0,,3.0,,,,,,,,,,,,1.0,1.0,1.0,1.0,1.0,1.0,6,3,4,4,3,5,6,6,3,2,40.0,35.0,35.0,40.0,45.0,35.0,50.0,40.0,55.0,45.0,1.0,2.0,2.0,1.0,2.0,2.0,1.0,2.0,2.0,1.0,1.0,2.0,1.0,2.0,1.0,1.0,1.0,1.0,2.0,2.0,1.0,1.0,1.0,1.0,1.0,2.0,1.0,1.0,2.0,1.0,1.0,2.0,2.0,1.0,1.0,2.0,1.0,1.0,1.0,1.0
799,5,5,5,5,5,5,5,5,1,1,70.0,,4.0,,,,,3.0,5.0,2.0,,6.0,,,2.0,,2.0,1.0,4.0,5.0,,,,,,,20.0,,1.0,,,,1.0,,1.0,,5.0,1.0,1.0,1.0,1.0,1.0,1.0,1.0,1.0,1.0,1.0,,,,,,,6,3,3,2,2,5,6,6,4,2,60.0,55.0,50.0,65.0,60.0,60.0,70.0,55.0,40.0,35.0,1.0,1.0,2.0,2.0,2.0,2.0,1.0,1.0,2.0,2.0,1.0,2.0,2.0,1.0,2.0,2.0,2.0,1.0,1.0,1.0,1.0,2.0,1.0,1.0,1.0,2.0,2.0,2.0,1.0,2.0,2.0,1.0,1.0,2.0,2.0,2.0,2.0,2.0,2.0,1.0
210,4,4,4,4,4,4,5,4,2,2,,30.0,,2.0,3.0,4.0,5.0,,,,,6.0,,,2.0,,2.0,2.0,4.0,5.0,,,,,,,,18.0,1.0,,,,3.0,,1.0,4.0,,1.0,1.0,1.0,1.0,1.0,1.0,1.0,1.0,1.0,1.0,,,,,,,6,3,4,4,3,5,6,6,3,2,55.0,50.0,52.0,60.0,65.0,58.0,70.0,54.0,40.0,42.0,1.0,2.0,2.0,1.0,1.0,2.0,2.0,2.0,1.0,1.0,2.0,2.0,1.0,1.0,2.0,1.0,1.0,2.0,2.0,2.0,1.0,2.0,2.0,2.0,1.0,1.0,2.0,1.0,1.0,1.0,2.0,2.0,2.0,1.0,2.0,1.0,1.0,2.0,2.0,2.0
363,5,4,4,5,5,5,5,5,1,2,70.0,,4.0,,,,,3.0,5.0,2.0,6.0,,,,2.0,,2.0,2.0,4.0,5.0,,,,,,,18.0,,1.0,,4.0,,,,1.0,4.0,,1.0,1.0,1.0,1.0,1.0,1.0,1.0,1.0,1.0,1.0,,,,,,,6,3,4,3,3,5,6,5,3,2,60.0,55.0,55.0,65.0,70.0,65.0,75.0,60.0,40.0,45.0,1.0,2.0,1.0,2.0,2.0,1.0,1.0,2.0,1.0,2.0,2.0,1.0,1.0,2.0,1.0,2.0,1.0,2.0,1.0,2.0,2.0,2.0,1.0,2.0,2.0,2.0,2.0,2.0,1.0,2.0,1.0,2.0,2.0,2.0,2.0,2.0,1.0,1.0,2.0,1.0
185,4,4,4,4,5,4,5,4,2,2,,30.0,,2.0,,,,3.0,5.0,4.0,,6.0,1.0,54.0,,,2.0,2.0,4.0,5.0,,,,,,,,16.0,,2.0,5.0,,,,1.0,,4.0,1.0,1.0,1.0,1.0,1.0,1.0,1.0,1.0,1.0,1.0,,,,,,,6,3,4,4,2,5,6,5,3,2,55.0,50.0,52.0,60.0,65.0,58.0,70.0,54.0,40.0,42.0,2.0,2.0,1.0,1.0,1.0,2.0,1.0,1.0,2.0,2.0,1.0,2.0,1.0,1.0,1.0,1.0,2.0,2.0,2.0,1.0,1.0,1.0,2.0,1.0,1.0,2.0,1.0,2.0,1.0,1.0,2.0,1.0,2.0,2.0,1.0,1.0,1.0,2.0,2.0,1.0
1221,4,4,4,5,5,5,5,4,2,2,70.0,,3.0,,3.0,4.0,6.0,,,,6.0,,,,2.0,,2.0,,,,3.0,4.0,5.0,,,,,18.0,1.0,,,,2.0,,1.0,4.0,,1.0,1.0,1.0,1.0,1.0,1.0,1.0,1.0,1.0,1.0,,,,,,,6,3,4,3,3,5,6,5,3,2,55.0,50.0,52.0,60.0,65.0,62.0,70.0,58.0,40.0,42.0,2.0,2.0,2.0,2.0,2.0,2.0,2.0,2.0,1.0,1.0,2.0,2.0,2.0,2.0,1.0,2.0,2.0,2.0,2.0,2.0,2.0,2.0,1.0,2.0,1.0,2.0,2.0,1.0,2.0,2.0,1.0,2.0,2.0,2.0,1.0,1.0,1.0,1.0,1.0,1.0
1352,4,4,4,5,5,4,5,5,1,2,,30.0,,1.0,,,,3.0,5.0,2.0,6.0,,,,2.0,,2.0,,,,,,,2.0,4.0,4.0,,20.0,1.0,,,,1.0,1.0,,5.0,,1.0,1.0,1.0,1.0,1.0,1.0,1.0,1.0,1.0,1.0,,,,,,,6,3,4,3,3,5,6,5,3,2,55.0,50.0,52.0,60.0,62.0,54.0,65.0,58.0,40.0,45.0,2.0,2.0,2.0,2.0,2.0,2.0,2.0,2.0,2.0,2.0,2.0,2.0,2.0,2.0,1.0,2.0,1.0,2.0,2.0,2.0,1.0,1.0,2.0,2.0,1.0,2.0,2.0,1.0,2.0,2.0,1.0,2.0,1.0,2.0,2.0,2.0,2.0,2.0,1.0,1.0
621,5,5,5,5,5,5,5,5,1,2,70.0,,4.0,,3.0,4.0,6.0,,,,,5.0,1.0,54.0,,,2.0,,,,,,,2.0,5.0,6.0,18.0,,1.0,,,,2.0,1.0,,5.0,,,,,,,,,,,,1.0,1.0,1.0,1.0,1.0,1.0,6,3,4,3,3,5,6,6,3,2,60.0,55.0,50.0,65.0,70.0,60.0,75.0,55.0,40.0,35.0,2.0,1.0,1.0,2.0,1.0,2.0,1.0,2.0,2.0,2.0,2.0,2.0,2.0,1.0,2.0,2.0,2.0,2.0,1.0,2.0,2.0,2.0,1.0,2.0,1.0,2.0,1.0,2.0,2.0,1.0,1.0,2.0,1.0,2.0,2.0,2.0,2.0,1.0,2.0,1.0
752,5,5,5,5,5,5,5,5,1,1,,30.0,1.0,,,,,3.0,5.0,2.0,6.0,,,,2.0,1.0,,1.0,4.0,4.0,,,,,,,20.0,,,2.0,3.0,,,1.0,,,5.0,,,,,,,,,,,1.0,1.0,1.0,1.0,1.0,1.0,6,3,4,4,2,5,6,6,3,2,60.0,55.0,55.0,65.0,70.0,60.0,75.0,60.0,40.0,35.0,2.0,2.0,2.0,2.0,1.0,2.0,2.0,1.0,2.0,2.0,1.0,2.0,2.0,2.0,2.0,2.0,2.0,2.0,2.0,1.0,2.0,2.0,2.0,2.0,1.0,2.0,2.0,1.0,2.0,2.0,2.0,1.0,2.0,2.0,1.0,1.0,2.0,2.0,2.0,1.0
1769,5,5,5,5,5,5,5,5,1,2,70.0,,1.0,,,,,4.0,5.0,2.0,,6.0,,,2.0,,2.0,,,,,,,4.0,5.0,6.0,,18.0,1.0,,,5.0,,1.0,,5.0,,,,,,,,,,,,1.0,1.0,1.0,1.0,1.0,1.0,6,3,4,4,3,5,6,6,4,2,60.0,55.0,50.0,65.0,70.0,60.0,75.0,55.0,35.0,40.0,2.0,1.0,2.0,1.0,1.0,2.0,2.0,2.0,2.0,1.0,2.0,1.0,2.0,1.0,2.0,1.0,1.0,2.0,1.0,2.0,1.0,2.0,1.0,1.0,2.0,1.0,1.0,2.0,2.0,1.0,1.0,2.0,2.0,2.0,2.0,2.0,1.0,1.0,1.0,2.0
1393,4,4,4,4,4,4,4,4,2,2,,30.0,,2.0,,,,3.0,5.0,2.0,6.0,,1.0,54.0,,1.0,,2.0,4.0,5.0,,,,,,,,18.0,1.0,,,7.0,,,1.0,,4.0,,,,,,,,,,,1.0,1.0,1.0,1.0,1.0,1.0,6,3,4,4,3,5,6,6,3,2,55.0,50.0,52.0,60.0,62.0,58.0,65.0,54.0,40.0,38.0,2.0,2.0,1.0,1.0,1.0,1.0,2.0,2.0,1.0,2.0,1.0,1.0,1.0,2.0,1.0,2.0,1.0,2.0,2.0,1.0,2.0,1.0,2.0,2.0,1.0,2.0,1.0,2.0,1.0,2.0,1.0,2.0,2.0,1.0,2.0,2.0,1.0,1.0,2.0,1.0
1006,2,2,2,1,2,2,3,2,4,2,,30.0,,1.0,,,,3.0,4.0,2.0,,5.0,,,2.0,,2.0,,,,,,,2.0,4.0,4.0,,20.0,2.0,,,,2.0,,1.0,,4.0,,,,,,,,,,,1.0,1.0,1.0,1.0,1.0,1.0,6,3,4,3,3,5,6,5,3,2,40.0,35.0,38.0,30.0,35.0,35.0,45.0,38.0,50.0,35.0,1.0,2.0,2.0,2.0,2.0,2.0,2.0,2.0,2.0,2.0,1.0,2.0,2.0,2.0,2.0,2.0,2.0,2.0,1.0,2.0,1.0,1.0,1.0,2.0,1.0,2.0,2.0,2.0,1.0,2.0,1.0,2.0,2.0,2.0,2.0,2.0,2.0,2.0,1.0,2.0
1175,4,4,4,5,5,5,5,5,1,2,70.0,,,1.0,3.0,4.0,6.0,,,,6.0,,1.0,54.0,,,2.0,,,,,,,3.0,4.0,5.0,20.0,,1.0,,4.0,,,,1.0,5.0,,,,,,,,,,,,1.0,1.0,1.0,1.0,1.0,1.0,6,3,4,3,3,5,6,6,4,2,60.0,55.0,58.0,65.0,68.0,62.0,70.0,60.0,40.0,45.0,1.0,2.0,1.0,2.0,2.0,2.0,1.0,1.0,2.0,1.0,1.0,2.0,2.0,2.0,2.0,2.0,1.0,1.0,2.0,2.0,2.0,2.0,2.0,1.0,2.0,2.0,1.0,2.0,2.0,1.0,2.0,1.0,2.0,2.0,1.0,1.0,1.0,2.0,1.0,2.0
369,2,2,2,2,2,2,4,2,4,2,,30.0,2.0,,,,,3.0,4.0,2.0,6.0,,1.0,40.0,,1.0,,,,,,,,3.0,4.0,4.0,,15.0,1.0,,,,2.0,,1.0,,4.0,,,,,,,,,,,1.0,1.0,1.0,1.0,1.0,1.0,6,3,4,4,3,5,6,6,3,2,40.0,35.0,35.0,40.0,45.0,40.0,50.0,35.0,45.0,35.0,1.0,1.0,1.0,2.0,1.0,1.0,2.0,1.0,1.0,2.0,1.0,2.0,1.0,1.0,1.0,1.0,2.0,1.0,1.0,1.0,2.0,1.0,2.0,2.0,1.0,2.0,2.0,1.0,2.0,1.0,1.0,1.0,1.0,2.0,1.0,2.0,1.0,2.0,2.0,1.0
793,4,4,4,4,4,4,4,4,1,2,70.0,,3.0,,3.0,4.0,6.0,,,,,6.0,,,2.0,,2.0,,,,3.0,4.0,4.0,,,,18.0,,1.0,,,6.0,,1.0,,,4.0,1.0,1.0,1.0,1.0,1.0,1.0,1.0,1.0,1.0,1.0,,,,,,,6,3,4,3,3,5,6,5,3,2,55.0,50.0,52.0,60.0,62.0,58.0,65.0,54.0,40.0,45.0,1.0,2.0,1.0,2.0,1.0,2.0,2.0,2.0,1.0,2.0,1.0,1.0,2.0,1.0,1.0,1.0,1.0,2.0,2.0,2.0,1.0,2.0,1.0,2.0,1.0,2.0,2.0,1.0,2.0,1.0,2.0,1.0,1.0,1.0,2.0,2.0,1.0,1.0,1.0,2.0
406,2,3,3,3,4,3,4,3,2,2,70.0,,3.0,,,,,3.0,4.0,3.0,5.0,,1.0,40.0,,,2.0,,,,,,,3.0,4.0,4.0,18.0,,1.0,,,6.0,,,1.0,,4.0,1.0,1.0,1.0,1.0,1.0,1.0,1.0,1.0,1.0,1.0,,,,,,,6,3,4,3,3,5,6,5,3,2,45.0,40.0,40.0,55.0,60.0,55.0,65.0,50.0,35.0,30.0,2.0,1.0,2.0,1.0,1.0,2.0,1.0,2.0,1.0,1.0,1.0,2.0,1.0,2.0,1.0,1.0,1.0,1.0,2.0,2.0,1.0,2.0,2.0,1.0,2.0,1.0,1.0,2.0,1.0,1.0,2.0,1.0,2.0,1.0,1.0,2.0,1.0,2.0,1.0,2.0
575,2,2,2,2,2,2,4,2,4,4,70.0,,2.0,,,,,3.0,4.0,2.0,,5.0,,,2.0,1.0,,,,,2.0,4.0,4.0,,,,,20.0,,2.0,,,1.0,1.0,,,4.0,,,,,,,,,,,1.0,1.0,1.0,1.0,1.0,1.0,6,3,4,4,2,5,6,6,3,2,40.0,35.0,35.0,40.0,45.0,35.0,60.0,35.0,45.0,45.0,2.0,1.0,1.0,1.0,2.0,1.0,1.0,1.0,2.0,1.0,2.0,1.0,1.0,1.0,1.0,1.0,2.0,1.0,2.0,1.0,1.0,2.0,1.0,1.0,2.0,1.0,2.0,2.0,1.0,1.0,2.0,2.0,1.0,1.0,1.0,2.0,2.0,1.0,1.0,1.0
18,5,5,5,5,5,5,5,5,1,2,,30.0,,2.0,3.0,4.0,6.0,,,,6.0,,,,2.0,,2.0,,,,2.0,5.0,6.0,,,,,,,2.0,5.0,,,1.0,,,5.0,,,,,,,,,,,1.0,1.0,1.0,1.0,1.0,1.0,6,3,4,3,2,5,6,5,4,2,55.0,50.0,52.0,60.0,65.0,58.0,70.0,60.0,40.0,35.0,2.0,2.0,1.0,2.0,1.0,1.0,2.0,2.0,2.0,2.0,1.0,2.0,2.0,1.0,2.0,1.0,2.0,1.0,2.0,2.0,2.0,1.0,1.0,1.0,1.0,2.0,1.0,2.0,1.0,2.0,2.0,1.0,2.0,2.0,1.0,1.0,1.0,2.0,2.0,2.0
1907,5,5,5,5,5,5,5,5,1,2,,30.0,3.0,,3.0,4.0,6.0,,,,,6.0,,,2.0,1.0,,,,,4.0,5.0,6.0,,,,18.0,,,2.0,5.0,,,1.0,,5.0,,1.0,1.0,1.0,1.0,1.0,1.0,1.0,1.0,1.0,1.0,,,,,,,6,3,5,4,3,5,6,6,4,2,55.0,50.0,52.0,60.0,65.0,58.0,70.0,54.0,40.0,38.0,2.0,2.0,2.0,2.0,2.0,2.0,1.0,1.0,2.0,1.0,2.0,2.0,2.0,1.0,1.0,2.0,2.0,2.0,2.0,1.0,2.0,1.0,2.0,2.0,1.0,2.0,1.0,2.0,2.0,1.0,2.0,2.0,1.0,1.0,2.0,2.0,1.0,1.0,1.0,2.0
1874,3,3,3,3,3,3,4,3,2,2,70.0,,3.0,,,,,3.0,5.0,4.0,,5.0,1.0,54.0,,1.0,,,,,,,,3.0,4.0,4.0,18.0,,,2.0,,6.0,,,1.0,,4.0,,,,,,,,,,,1.0,1.0,1.0,1.0,1.0,1.0,6,3,4,4,3,5,6,6,3,2,45.0,40.0,40.0,50.0,55.0,50.0,60.0,45.0,35.0,35.0,2.0,2.0,1.0,2.0,1.0,2.0,2.0,2.0,2.0,2.0,2.0,1.0,2.0,1.0,1.0,2.0,2.0,1.0,1.0,1.0,1.0,2.0,1.0,2.0,2.0,2.0,2.0,2.0,2.0,2.0,1.0,2.0,1.0,1.0,1.0,2.0,2.0,1.0,1.0,1.0
1073,4,4,4,4,4,4,4,4,2,2,70.0,,4.0,,,,,3.0,4.0,2.0,5.0,,,,2.0,1.0,,,,,3.0,4.0,5.0,,,,15.0,,,2.0,,,3.0,1.0,,,5.0,,,,,,,,,,,1.0,1.0,1.0,1.0,1.0,1.0,6,3,4,4,3,5,6,6,3,2,55.0,50.0,52.0,60.0,62.0,58.0,65.0,54.0,40.0,38.0,2.0,2.0,1.0,1.0,1.0,1.0,2.0,2.0,2.0,1.0,1.0,2.0,1.0,2.0,2.0,1.0,2.0,2.0,1.0,2.0,2.0,2.0,2.0,2.0,2.0,1.0,2.0,1.0,2.0,1.0,1.0,1.0,2.0,1.0,2.0,1.0,1.0,2.0,1.0,1.0
1100,5,5,5,5,5,5,5,5,1,2,70.0,,3.0,,,,,3.0,4.0,2.0,,6.0,1.0,40.0,,,2.0,,,,4.0,5.0,6.0,,,,20.0,,1.0,,,,2.0,1.0,,,5.0,,,,,,,,,,,1.0,1.0,1.0,1.0,1.0,1.0,6,3,4,3,3,5,6,5,4,2,60.0,55.0,60.0,65.0,65.0,60.0,70.0,60.0,40.0,45.0,2.0,2.0,1.0,2.0,2.0,2.0,1.0,2.0,1.0,1.0,2.0,2.0,2.0,1.0,2.0,2.0,2.0,1.0,2.0,2.0,2.0,2.0,2.0,1.0,2.0,2.0,2.0,2.0,1.0,1.0,2.0,2.0,2.0,1.0,1.0,2.0,1.0,1.0,2.0,2.0
1295,5,5,5,5,5,5,5,5,1,2,,30.0,,2.0,3.0,4.0,5.0,,,,6.0,,1.0,54.0,,,2.0,2.0,4.0,5.0,,,,,,,,18.0,1.0,,,6.0,,,1.0,,5.0,1.0,1.0,1.0,1.0,1.0,1.0,1.0,1.0,1.0,1.0,,,,,,,6,3,5,4,3,5,6,5,3,2,55.0,50.0,52.0,60.0,65.0,58.0,70.0,60.0,40.0,35.0,2.0,2.0,2.0,2.0,2.0,2.0,2.0,2.0,1.0,2.0,2.0,2.0,2.0,2.0,2.0,2.0,2.0,2.0,2.0,1.0,2.0,2.0,2.0,2.0,1.0,1.0,1.0,2.0,1.0,2.0,2.0,1.0,1.0,2.0,2.0,2.0,1.0,1.0,2.0,1.0
473,5,5,5,5,5,5,5,5,1,2,,30.0,3.0,,3.0,4.0,6.0,,,,6.0,,1.0,54.0,,1.0,,,,,,,,4.0,5.0,6.0,,16.0,,2.0,4.0,,,,1.0,,5.0,1.0,1.0,1.0,1.0,1.0,1.0,1.0,1.0,1.0,1.0,,,,,,,6,3,4,3,2,5,6,5,4,2,55.0,50.0,52.0,60.0,65.0,58.0,70.0,60.0,40.0,35.0,2.0,2.0,2.0,2.0,1.0,2.0,2.0,2.0,2.0,1.0,2.0,1.0,2.0,1.0,2.0,1.0,2.0,2.0,2.0,2.0,2.0,1.0,2.0,2.0,2.0,2.0,1.0,2.0,2.0,1.0,1.0,1.0,1.0,1.0,2.0,2.0,2.0,1.0,2.0,1.0
500,5,5,5,5,5,5,5,5,1,1,70.0,,,1.0,,,,3.0,4.0,2.0,6.0,,,,2.0,1.0,,,,,3.0,5.0,6.0,,,,20.0,,,2.0,3.0,,,,1.0,5.0,,,,,,,,,,,,1.0,1.0,1.0,1.0,1.0,1.0,6,3,4,3,2,5,6,6,3,2,60.0,55.0,60.0,65.0,65.0,60.0,70.0,60.0,40.0,35.0,1.0,2.0,1.0,1.0,2.0,1.0,2.0,2.0,1.0,2.0,2.0,2.0,2.0,2.0,1.0,2.0,1.0,1.0,1.0,1.0,2.0,2.0,2.0,2.0,2.0,1.0,1.0,2.0,2.0,1.0,2.0,1.0,2.0,2.0,2.0,2.0,1.0,1.0,2.0,2.0
695,5,5,5,5,5,5,5,5,1,2,,30.0,4.0,,,,,3.0,5.0,2.0,,6.0,1.0,54.0,,1.0,,2.0,5.0,6.0,,,,,,,,18.0,,2.0,,6.0,,1.0,,,5.0,,,,,,,,,,,1.0,1.0,1.0,1.0,1.0,1.0,6,3,4,3,3,5,6,5,3,2,60.0,55.0,58.0,65.0,70.0,62.0,75.0,60.0,35.0,40.0,2.0,2.0,2.0,1.0,2.0,2.0,2.0,1.0,1.0,1.0,2.0,2.0,1.0,2.0,2.0,1.0,2.0,1.0,2.0,2.0,2.0,1.0,2.0,1.0,1.0,2.0,2.0,2.0,1.0,1.0,2.0,2.0,1.0,2.0,1.0,1.0,2.0,1.0,2.0,2.0
988,4,4,4,4,4,4,4,4,2,2,,30.0,3.0,,,,,3.0,4.0,2.0,6.0,,,,2.0,1.0,,2.0,4.0,5.0,,,,,,,,15.0,,2.0,4.0,,,,1.0,,4.0,1.0,1.0,1.0,1.0,1.0,1.0,1.0,1.0,1.0,1.0,,,,,,,6,3,4,4,3,5,6,6,3,2,55.0,50.0,52.0,60.0,62.0,58.0,65.0,54.0,40.0,38.0,2.0,1.0,2.0,2.0,2.0,1.0,2.0,1.0,2.0,1.0,2.0,2.0,2.0,1.0,1.0,1.0,1.0,1.0,1.0,2.0,1.0,1.0,2.0,1.0,1.0,2.0,1.0,2.0,2.0,1.0,2.0,1.0,1.0,2.0,2.0,1.0,1.0,1.0,1.0,1.0
1972,4,4,4,4,4,4,4,4,2,2,70.0,,4.0,,3.0,4.0,6.0,,,,,5.0,1.0,40.0,,1.0,,3.0,4.0,4.0,,,,,,,18.0,,,2.0,,6.0,,,1.0,4.0,,,,,,,,,,,,1.0,1.0,1.0,1.0,1.0,1.0,6,3,4,4,2,5,6,6,3,2,60.0,55.0,55.0,65.0,65.0,60.0,70.0,60.0,40.0,40.0,2.0,1.0,1.0,2.0,2.0,2.0,2.0,1.0,1.0,2.0,1.0,1.0,1.0,2.0,1.0,1.0,1.0,1.0,2.0,2.0,2.0,2.0,1.0,2.0,2.0,1.0,2.0,2.0,1.0,2.0,1.0,2.0,1.0,2.0,1.0,2.0,1.0,1.0,1.0,2.0
1801,3,3,3,2,3,2,4,2,4,2,,30.0,,2.0,,,,3.0,4.0,2.0,6.0,,1.0,54.0,,1.0,,,,,3.0,4.0,4.0,,,,20.0,,,2.0,4.0,,,,1.0,4.0,,,,,,,,,,,,1.0,1.0,1.0,1.0,1.0,1.0,6,3,4,4,2,5,6,5,3,2,45.0,40.0,40.0,35.0,45.0,35.0,55.0,35.0,55.0,35.0,1.0,2.0,2.0,1.0,2.0,1.0,1.0,2.0,2.0,1.0,2.0,1.0,2.0,2.0,1.0,2.0,2.0,1.0,2.0,2.0,2.0,1.0,1.0,2.0,2.0,2.0,2.0,2.0,1.0,2.0,2.0,2.0,2.0,1.0,2.0,2.0,2.0,2.0,2.0,2.0
1254,2,3,2,2,3,2,4,2,4,3,70.0,,2.0,,,,,3.0,4.0,2.0,5.0,,1.0,40.0,,,2.0,2.0,3.0,4.0,,,,,,,,15.0,1.0,,,6.0,,1.0,,,4.0,1.0,1.0,1.0,1.0,1.0,1.0,1.0,1.0,1.0,1.0,,,,,,,6,3,4,3,3,5,6,5,3,2,45.0,40.0,42.0,50.0,55.0,38.0,60.0,41.0,35.0,37.0,1.0,2.0,1.0,2.0,1.0,2.0,2.0,2.0,1.0,1.0,2.0,1.0,2.0,2.0,2.0,2.0,1.0,2.0,2.0,1.0,2.0,1.0,2.0,2.0,2.0,2.0,2.0,2.0,2.0,2.0,1.0,1.0,1.0,2.0,1.0,1.0,2.0,2.0,1.0,2.0
1327,5,5,5,5,5,5,5,5,1,1,70.0,,,1.0,,,,3.0,4.0,2.0,,,1.0,54.0,,1.0,,1.0,5.0,6.0,,,,,,,20.0,,1.0,,,9.0,,1.0,,5.0,,1.0,1.0,1.0,1.0,1.0,1.0,1.0,1.0,1.0,1.0,,,,,,,6,3,3,2,2,5,6,6,4,2,60.0,55.0,60.0,65.0,70.0,60.0,75.0,60.0,40.0,35.0,2.0,2.0,2.0,2.0,1.0,2.0,1.0,1.0,2.0,2.0,2.0,2.0,2.0,2.0,2.0,2.0,1.0,1.0,2.0,2.0,2.0,1.0,2.0,1.0,1.0,1.0,2.0,1.0,2.0,1.0,2.0,1.0,1.0,2.0,2.0,1.0,2.0,2.0,1.0,1.0
1448,4,4,4,5,5,4,5,4,1,2,,30.0,,2.0,,,,3.0,5.0,2.0,,6.0,1.0,54.0,,,2.0,,,,,,,3.0,4.0,5.0,18.0,,,2.0,,,3.0,1.0,,4.0,,,,,,,,,,,,1.0,1.0,1.0,1.0,1.0,1.0,6,3,4,3,2,5,6,5,3,2,55.0,50.0,52.0,60.0,65.0,58.0,70.0,54.0,40.0,45.0,2.0,2.0,2.0,2.0,2.0,1.0,2.0,2.0,1.0,2.0,1.0,1.0,1.0,1.0,2.0,2.0,1.0,2.0,1.0,2.0,2.0,2.0,1.0,1.0,2.0,1.0,1.0,2.0,1.0,2.0,2.0,1.0,1.0,2.0,2.0,2.0,1.0,1.0,2.0,2.0
654,5,5,5,5,5,5,5,5,1,2,70.0,,4.0,,3.0,4.0,6.0,,,,6.0,,1.0,54.0,,1.0,,2.0,5.0,6.0,,,,,,,,18.0,1.0,,,7.0,,1.0,,,5.0,1.0,1.0,1.0,1.0,1.0,1.0,1.0,1.0,1.0,1.0,,,,,,,6,3,4,4,2,5,6,6,4,2,60.0,55.0,50.0,65.0,70.0,60.0,75.0,55.0,40.0,45.0,2.0,2.0,2.0,2.0,1.0,1.0,2.0,2.0,2.0,1.0,2.0,2.0,2.0,2.0,1.0,2.0,2.0,2.0,2.0,1.0,1.0,2.0,2.0,1.0,1.0,1.0,2.0,1.0,2.0,2.0,2.0,1.0,2.0,1.0,1.0,2.0,1.0,2.0,2.0,1.0
727,4,4,4,4,4,4,5,4,1,2,70.0,,4.0,,3.0,4.0,6.0,,,,,,1.0,40.0,,,2.0,,,,3.0,4.0,4.0,,,,,15.0,,2.0,,5.0,,1.0,,,4.0,,,,,,,,,,,1.0,1.0,1.0,1.0,1.0,1.0,6,3,4,3,2,5,6,5,3,2,60.0,55.0,55.0,65.0,65.0,60.0,70.0,60.0,40.0,45.0,1.0,1.0,2.0,2.0,2.0,1.0,2.0,1.0,2.0,1.0,1.0,1.0,1.0,2.0,1.0,1.0,2.0,1.0,2.0,1.0,1.0,1.0,2.0,1.0,1.0,2.0,2.0,2.0,1.0,2.0,1.0,1.0,2.0,2.0,2.0,2.0,1.0,2.0,1.0,2.0
949,3,3,3,3,3,3,4,3,2,2,70.0,,,2.0,,,,3.0,4.0,2.0,,5.0,1.0,40.0,,1.0,,,,,3.0,4.0,4.0,,,,15.0,,1.0,,4.0,,,1.0,,,4.0,,,,,,,,,,,1.0,1.0,1.0,1.0,1.0,1.0,6,3,4,4,3,5,6,6,3,2,50.0,45.0,45.0,55.0,60.0,55.0,65.0,50.0,40.0,35.0,1.0,2.0,1.0,1.0,1.0,1.0,2.0,1.0,2.0,2.0,2.0,2.0,1.0,1.0,1.0,1.0,1.0,2.0,2.0,2.0,2.0,1.0,2.0,1.0,2.0,1.0,2.0,2.0,2.0,2.0,2.0,1.0,2.0,1.0,2.0,1.0,2.0,2.0,1.0,2.0
445,2,2,2,2,2,2,4,2,4,4,,30.0,,2.0,2.0,3.0,5.0,,,,6.0,,,,2.0,1.0,,2.0,4.0,4.0,,,,,,,,15.0,1.0,,4.0,,,,1.0,4.0,,,,,,,,,,,,1.0,1.0,1.0,1.0,1.0,1.0,6,3,4,4,3,5,6,6,3,2,45.0,40.0,40.0,40.0,45.0,40.0,60.0,40.0,55.0,55.0,1.0,2.0,1.0,2.0,2.0,1.0,2.0,2.0,1.0,1.0,1.0,1.0,2.0,2.0,1.0,2.0,2.0,1.0,1.0,2.0,1.0,2.0,1.0,1.0,2.0,1.0,1.0,2.0,2.0,1.0,1.0,1.0,2.0,1.0,2.0,2.0,1.0,1.0,1.0,2.0
536,1,1,1,1,1,2,2,1,5,5,70.0,,,1.0,,,,3.0,4.0,2.0,,5.0,1.0,54.0,,1.0,,1.0,2.0,2.0,,,,,,,0.0,,2.0,,3.0,,,1.0,,2.0,,1.0,1.0,1.0,1.0,1.0,1.0,1.0,1.0,1.0,1.0,,,,,,,6,2,3,2,3,5,6,6,2,1,40.0,35.0,35.0,35.0,40.0,40.0,50.0,35.0,30.0,30.0,2.0,2.0,1.0,2.0,2.0,2.0,2.0,1.0,1.0,2.0,2.0,1.0,2.0,2.0,2.0,2.0,2.0,2.0,1.0,2.0,2.0,1.0,1.0,2.0,1.0,2.0,2.0,2.0,2.0,2.0,2.0,2.0,2.0,2.0,1.0,2.0,2.0,1.0,2.0,2.0
259,4,4,4,4,4,4,5,4,2,2,,30.0,3.0,,,,,3.0,4.0,2.0,6.0,,1.0,54.0,,1.0,,2.0,4.0,5.0,,,,,,,,15.0,,2.0,,6.0,,1.0,,4.0,,1.0,1.0,1.0,1.0,1.0,1.0,1.0,1.0,1.0,1.0,,,,,,,6,3,4,4,3,5,6,6,3,2,55.0,50.0,52.0,60.0,65.0,58.0,70.0,54.0,40.0,38.0,2.0,2.0,2.0,2.0,1.0,1.0,1.0,1.0,2.0,1.0,1.0,1.0,2.0,1.0,2.0,2.0,1.0,2.0,1.0,1.0,2.0,2.0,2.0,1.0,2.0,1.0,1.0,2.0,2.0,2.0,2.0,2.0,2.0,2.0,2.0,2.0,1.0,2.0,1.0,1.0
1045,4,4,4,5,5,5,5,4,2,2,,30.0,,2.0,3.0,4.0,6.0,,,,6.0,,,,2.0,1.0,,,,,,,,3.0,4.0,5.0,18.0,,1.0,,,7.0,,,1.0,,5.0,,,,,,,,,,,1.0,1.0,1.0,1.0,1.0,1.0,6,3,4,3,3,5,6,5,3,2,60.0,55.0,58.0,65.0,70.0,62.0,75.0,60.0,40.0,45.0,1.0,1.0,1.0,2.0,1.0,2.0,1.0,2.0,2.0,1.0,1.0,1.0,1.0,2.0,1.0,2.0,1.0,1.0,2.0,1.0,2.0,2.0,1.0,2.0,1.0,2.0,2.0,2.0,2.0,1.0,2.0,1.0,2.0,1.0,2.0,2.0,2.0,1.0,2.0,1.0
1136,2,3,2,2,3,2,4,2,4,3,70.0,,2.0,,,,,3.0,4.0,2.0,,5.0,,,2.0,,2.0,2.0,3.0,4.0,,,,,,,,5.0,,2.0,,6.0,,,1.0,,4.0,,,,,,,,,,,1.0,1.0,1.0,1.0,1.0,1.0,6,3,4,3,3,5,6,5,3,2,45.0,40.0,42.0,50.0,55.0,40.0,60.0,45.0,50.0,48.0,2.0,2.0,2.0,2.0,1.0,1.0,2.0,2.0,2.0,1.0,2.0,2.0,2.0,1.0,1.0,1.0,2.0,2.0,2.0,1.0,1.0,1.0,2.0,2.0,1.0,2.0,1.0,2.0,2.0,2.0,1.0,2.0,2.0,2.0,2.0,2.0,2.0,1.0,1.0,1.0
1659,4,4,4,4,4,4,4,4,2,2,70.0,,3.0,,,,,3.0,5.0,4.0,,6.0,,,2.0,,2.0,,,,4.0,4.0,5.0,,,,16.0,,,2.0,4.0,,,,1.0,,4.0,1.0,1.0,1.0,1.0,1.0,1.0,1.0,1.0,1.0,1.0,,,,,,,6,3,4,3,3,5,6,5,3,2,55.0,50.0,52.0,60.0,65.0,58.0,70.0,60.0,40.0,35.0,2.0,2.0,2.0,2.0,2.0,1.0,1.0,1.0,2.0,2.0,2.0,1.0,2.0,2.0,2.0,2.0,1.0,2.0,2.0,2.0,2.0,2.0,2.0,1.0,1.0,2.0,2.0,1.0,1.0,2.0,2.0,2.0,1.0,1.0,2.0,1.0,1.0,2.0,2.0,2.0
1944,4,4,4,5,5,5,5,5,1,2,70.0,,4.0,,3.0,4.0,6.0,,,,6.0,,1.0,40.0,,1.0,,2.0,4.0,4.0,,,,,,,18.0,,,2.0,,6.0,,,1.0,,4.0,1.0,1.0,1.0,1.0,1.0,1.0,1.0,1.0,1.0,1.0,,,,,,,6,3,4,3,3,5,6,5,3,2,60.0,55.0,60.0,65.0,70.0,60.0,70.0,65.0,40.0,45.0,1.0,1.0,2.0,1.0,1.0,1.0,1.0,1.0,2.0,2.0,2.0,1.0,1.0,1.0,1.0,1.0,2.0,2.0,1.0,2.0,2.0,2.0,2.0,1.0,2.0,1.0,2.0,2.0,1.0,1.0,1.0,2.0,1.0,2.0,1.0,2.0,1.0,1.0,2.0,2.0
1837,4,4,4,4,4,4,4,4,2,2,,30.0,,2.0,3.0,4.0,5.0,,,,5.0,,,,2.0,1.0,,,,,,,,3.0,4.0,5.0,16.0,,1.0,,4.0,,,,1.0,4.0,,,,,,,,,,,,1.0,1.0,1.0,1.0,1.0,1.0,6,3,4,3,3,5,6,5,3,2,60.0,55.0,58.0,65.0,68.0,62.0,70.0,60.0,40.0,42.0,1.0,2.0,1.0,1.0,1.0,2.0,2.0,2.0,2.0,2.0,1.0,2.0,1.0,2.0,1.0,2.0,2.0,2.0,1.0,1.0,1.0,1.0,1.0,2.0,1.0,2.0,2.0,2.0,1.0,2.0,2.0,1.0,2.0,1.0,2.0,1.0,1.0,1.0,1.0,2.0
662,2,2,2,2,2,2,3,2,4,3,,30.0,,2.0,,,,3.0,5.0,2.0,5.0,,1.0,54.0,,1.0,,,,,2.0,4.0,4.0,,,,5.0,,1.0,,3.0,,,1.0,,4.0,,,,,,,,,,,,1.0,1.0,1.0,1.0,1.0,1.0,6,3,4,4,3,5,6,6,3,2,40.0,35.0,35.0,40.0,45.0,35.0,50.0,40.0,30.0,35.0,1.0,1.0,2.0,2.0,2.0,2.0,2.0,2.0,1.0,2.0,2.0,2.0,1.0,1.0,1.0,1.0,2.0,2.0,2.0,1.0,1.0,1.0,2.0,2.0,1.0,1.0,2.0,2.0,1.0,2.0,2.0,1.0,2.0,2.0,2.0,1.0,1.0,2.0,1.0,2.0
298,2,3,2,2,3,2,4,2,4,2,,30.0,2.0,,3.0,4.0,6.0,,,,,6.0,,,2.0,1.0,,2.0,4.0,5.0,,,,,,,,5.0,,2.0,4.0,,,,1.0,,4.0,,,,,,,,,,,1.0,1.0,1.0,1.0,1.0,1.0,6,3,4,4,3,5,6,6,3,2,45.0,40.0,42.0,55.0,60.0,50.0,65.0,40.0,35.0,38.0,1.0,1.0,2.0,2.0,2.0,2.0,1.0,1.0,2.0,2.0,2.0,2.0,1.0,2.0,1.0,2.0,1.0,2.0,2.0,1.0,1.0,1.0,1.0,1.0,2.0,1.0,2.0,1.0,2.0,2.0,1.0,2.0,2.0,1.0,1.0,2.0,2.0,2.0,2.0,1.0
711,1,2,2,2,2,2,4,1,4,4,,30.0,,2.0,,,,2.0,4.0,3.0,,5.0,,,2.0,,2.0,,,,,,,2.0,4.0,4.0,20.0,,,2.0,,7.0,,1.0,,,4.0,,,,,,,,,,,1.0,1.0,1.0,1.0,1.0,1.0,6,3,4,3,2,5,6,5,3,2,35.0,30.0,30.0,35.0,35.0,30.0,40.0,30.0,45.0,40.0,1.0,2.0,2.0,1.0,1.0,2.0,2.0,1.0,2.0,2.0,1.0,2.0,2.0,2.0,2.0,2.0,2.0,1.0,1.0,2.0,2.0,2.0,2.0,2.0,2.0,2.0,2.0,1.0,2.0,1.0,2.0,2.0,2.0,2.0,1.0,2.0,1.0,1.0,1.0,2.0
484,5,5,5,5,5,5,5,5,1,2,,30.0,,2.0,3.0,4.0,5.0,,,,,6.0,,,2.0,1.0,,,,,4.0,5.0,6.0,,,,16.0,,,2.0,,6.0,,,1.0,,5.0,,,,,,,,,,,1.0,1.0,1.0,1.0,1.0,1.0,6,3,5,4,3,5,6,6,3,2,60.0,55.0,58.0,65.0,68.0,62.0,70.0,60.0,40.0,45.0,2.0,1.0,1.0,1.0,1.0,2.0,2.0,1.0,2.0,2.0,2.0,1.0,1.0,2.0,1.0,1.0,1.0,1.0,2.0,2.0,1.0,1.0,2.0,2.0,2.0,1.0,2.0,1.0,1.0,1.0,1.0,1.0,1.0,2.0,1.0,2.0,2.0,2.0,2.0,1.0
1262,5,5,5,5,5,5,5,5,1,2,70.0,,,1.0,,,,3.0,5.0,2.0,6.0,,,,2.0,,2.0,2.0,5.0,6.0,,,,,,,18.0,,,2.0,,6.0,,1.0,,,5.0,,,,,,,,,,,1.0,1.0,1.0,1.0,1.0,1.0,6,3,4,4,3,5,6,6,3,2,55.0,50.0,52.0,60.0,65.0,58.0,70.0,60.0,35.0,40.0,2.0,2.0,2.0,1.0,2.0,1.0,2.0,2.0,2.0,1.0,2.0,1.0,2.0,1.0,2.0,1.0,1.0,1.0,2.0,2.0,2.0,2.0,1.0,2.0,2.0,1.0,1.0,1.0,1.0,1.0,1.0,2.0,2.0,1.0,2.0,1.0,1.0,1.0,2.0,1.0
1698,4,4,4,4,4,4,5,4,2,2,,30.0,,2.0,,,,3.0,5.0,4.0,,5.0,,,2.0,,2.0,,,,,,,3.0,4.0,5.0,,15.0,1.0,,,,2.0,,1.0,,4.0,,,,,,,,,,,1.0,1.0,1.0,1.0,1.0,1.0,6,3,4,4,2,5,6,5,3,2,55.0,50.0,52.0,60.0,62.0,58.0,65.0,54.0,40.0,42.0,1.0,2.0,2.0,2.0,1.0,2.0,2.0,2.0,2.0,1.0,2.0,1.0,1.0,1.0,1.0,1.0,1.0,2.0,1.0,1.0,1.0,2.0,2.0,1.0,2.0,1.0,2.0,2.0,1.0,1.0,2.0,1.0,1.0,1.0,2.0,1.0,2.0,1.0,2.0,2.0
1311,5,5,5,5,5,5,5,5,1,2,,30.0,4.0,,,,,3.0,5.0,2.0,,5.0,1.0,54.0,,,2.0,,,,3.0,5.0,6.0,,,,,18.0,1.0,,,6.0,,,1.0,5.0,,1.0,1.0,1.0,1.0,1.0,1.0,1.0,1.0,1.0,1.0,,,,,,,6,3,4,3,3,5,6,6,3,2,60.0,55.0,58.0,65.0,70.0,62.0,75.0,60.0,40.0,45.0,2.0,2.0,2.0,2.0,2.0,1.0,2.0,2.0,1.0,2.0,2.0,1.0,2.0,1.0,1.0,2.0,2.0,1.0,1.0,2.0,2.0,2.0,2.0,1.0,2.0,2.0,1.0,1.0,1.0,2.0,1.0,2.0,1.0,2.0,1.0,2.0,2.0,2.0,1.0,2.0
1084,4,4,4,4,4,4,5,4,2,2,70.0,,4.0,,,,,3.0,4.0,2.0,6.0,,1.0,54.0,,,2.0,,,,3.0,4.0,5.0,,,,,15.0,,2.0,,6.0,,,1.0,,4.0,,,,,,,,,,,1.0,1.0,1.0,1.0,1.0,1.0,6,3,4,4,3,5,6,6,3,2,55.0,50.0,52.0,60.0,65.0,58.0,70.0,54.0,40.0,38.0,2.0,1.0,2.0,1.0,1.0,2.0,2.0,1.0,2.0,1.0,2.0,1.0,2.0,1.0,1.0,1.0,2.0,1.0,1.0,2.0,1.0,2.0,2.0,2.0,2.0,2.0,1.0,1.0,2.0,1.0,2.0,1.0,1.0,1.0,2.0,2.0,1.0,1.0,2.0,2.0
1985,4,4,4,5,5,5,5,4,2,2,,30.0,4.0,,3.0,4.0,6.0,,,,6.0,,1.0,54.0,,1.0,,2.0,4.0,5.0,,,,,,,,16.0,1.0,,4.0,,,,1.0,,5.0,,,,,,,,,,,1.0,1.0,1.0,1.0,1.0,1.0,6,3,5,4,3,5,6,6,3,2,55.0,50.0,52.0,60.0,65.0,62.0,70.0,58.0,40.0,42.0,1.0,2.0,2.0,1.0,2.0,1.0,2.0,2.0,2.0,2.0,2.0,2.0,1.0,2.0,2.0,2.0,2.0,1.0,1.0,2.0,2.0,1.0,1.0,2.0,1.0,1.0,2.0,1.0,2.0,2.0,2.0,1.0,1.0,1.0,2.0,1.0,1.0,1.0,2.0,2.0
178,3,3,3,3,4,3,4,3,2,2,70.0,,,3.0,3.0,4.0,5.0,,,,,,1.0,30.0,,,2.0,2.0,4.0,4.0,,,,,,,18.0,,1.0,,4.0,,,1.0,,4.0,,,,,,,,,,,,1.0,1.0,1.0,1.0,1.0,1.0,6,3,4,4,2,5,6,5,3,2,50.0,45.0,48.0,55.0,60.0,52.0,65.0,50.0,40.0,38.0,1.0,2.0,1.0,1.0,2.0,1.0,1.0,1.0,2.0,1.0,2.0,1.0,1.0,1.0,1.0,2.0,1.0,2.0,1.0,2.0,2.0,2.0,2.0,2.0,1.0,1.0,2.0,2.0,2.0,1.0,1.0,1.0,2.0,1.0,1.0,1.0,1.0,2.0,2.0,1.0
582,3,3,3,4,4,4,4,3,2,2,,30.0,3.0,,3.0,4.0,5.0,,,,,5.0,,,2.0,,2.0,2.0,4.0,4.0,,,,,,,,15.0,,2.0,,,2.0,,1.0,4.0,,1.0,1.0,1.0,1.0,1.0,1.0,1.0,1.0,1.0,1.0,,,,,,,6,3,4,3,3,5,6,5,3,2,45.0,40.0,40.0,55.0,60.0,55.0,65.0,50.0,35.0,35.0,1.0,1.0,2.0,1.0,2.0,1.0,1.0,2.0,2.0,1.0,1.0,2.0,2.0,1.0,1.0,2.0,2.0,2.0,1.0,1.0,2.0,1.0,1.0,1.0,2.0,1.0,1.0,1.0,1.0,1.0,2.0,1.0,2.0,2.0,2.0,2.0,2.0,1.0,2.0,1.0
617,4,4,4,5,5,5,5,4,1,2,70.0,,4.0,,,,,3.0,5.0,2.0,6.0,,1.0,54.0,,1.0,,,,,4.0,4.0,5.0,,,,,18.0,1.0,,,6.0,,1.0,,5.0,,1.0,1.0,1.0,1.0,1.0,1.0,1.0,1.0,1.0,1.0,,,,,,,6,3,4,3,3,5,6,5,3,2,55.0,50.0,52.0,60.0,65.0,62.0,70.0,58.0,40.0,45.0,2.0,2.0,1.0,1.0,1.0,1.0,2.0,1.0,1.0,2.0,1.0,2.0,2.0,2.0,2.0,2.0,1.0,1.0,2.0,2.0,1.0,2.0,2.0,2.0,1.0,2.0,2.0,1.0,1.0,1.0,1.0,1.0,2.0,1.0,1.0,1.0,2.0,2.0,1.0,1.0
764,2,2,2,2,2,2,4,2,4,4,,30.0,2.0,,,,,3.0,4.0,3.0,6.0,,,,2.0,1.0,,2.0,2.0,3.0,,,,,,,20.0,,1.0,,,,1.0,,1.0,,3.0,,,,,,,,,,,1.0,1.0,1.0,1.0,1.0,1.0,6,3,4,4,3,5,6,6,2,1,40.0,35.0,35.0,40.0,45.0,35.0,50.0,40.0,45.0,45.0,2.0,1.0,2.0,2.0,2.0,1.0,1.0,1.0,2.0,2.0,2.0,2.0,1.0,1.0,2.0,2.0,1.0,2.0,2.0,2.0,2.0,1.0,2.0,1.0,2.0,2.0,2.0,1.0,1.0,2.0,1.0,1.0,2.0,2.0,1.0,1.0,1.0,2.0,1.0,1.0
1578,5,5,5,5,5,5,5,5,1,2,,30.0,3.0,,,,,3.0,4.0,2.0,6.0,,1.0,54.0,,,2.0,,,,2.0,5.0,6.0,,,,18.0,,,2.0,,6.0,,,1.0,5.0,,,,,,,,,,,,1.0,1.0,1.0,1.0,1.0,1.0,6,3,4,3,3,5,6,5,3,2,62.0,55.0,60.0,68.0,70.0,65.0,75.0,60.0,35.0,40.0,2.0,2.0,2.0,1.0,2.0,1.0,2.0,2.0,2.0,1.0,1.0,2.0,1.0,2.0,1.0,1.0,2.0,1.0,2.0,1.0,1.0,1.0,1.0,2.0,1.0,1.0,1.0,2.0,2.0,2.0,2.0,2.0,2.0,2.0,2.0,1.0,2.0,1.0,2.0,1.0
1182,2,2,2,2,2,2,3,2,4,4,70.0,,2.0,,,,,3.0,5.0,2.0,5.0,,1.0,40.0,,,2.0,2.0,3.0,4.0,,,,,,,,15.0,1.0,,,6.0,,,1.0,,4.0,1.0,1.0,1.0,1.0,1.0,1.0,1.0,1.0,1.0,1.0,,,,,,,6,3,4,4,3,5,6,6,3,2,40.0,35.0,35.0,40.0,45.0,40.0,50.0,35.0,55.0,45.0,2.0,2.0,1.0,2.0,1.0,2.0,2.0,1.0,1.0,1.0,2.0,1.0,2.0,1.0,2.0,2.0,2.0,1.0,2.0,2.0,1.0,2.0,2.0,1.0,2.0,2.0,2.0,2.0,1.0,2.0,2.0,1.0,1.0,2.0,2.0,2.0,2.0,1.0,2.0,1.0
1217,4,4,4,4,4,4,5,4,2,2,70.0,,4.0,,,,,3.0,5.0,4.0,,6.0,,,2.0,1.0,,2.0,4.0,5.0,,,,,,,16.0,,,2.0,,6.0,,,1.0,5.0,,1.0,1.0,1.0,1.0,1.0,1.0,1.0,1.0,1.0,1.0,,,,,,,6,3,4,4,3,5,6,6,3,2,55.0,50.0,52.0,60.0,65.0,62.0,70.0,58.0,40.0,42.0,1.0,2.0,1.0,2.0,1.0,1.0,2.0,1.0,2.0,2.0,2.0,1.0,2.0,1.0,2.0,2.0,2.0,1.0,1.0,2.0,1.0,1.0,1.0,1.0,1.0,2.0,2.0,1.0,2.0,2.0,1.0,1.0,1.0,1.0,2.0,2.0,2.0,2.0,2.0,2.0
1364,4,4,4,4,4,4,4,4,2,2,,30.0,,2.0,3.0,4.0,6.0,,,,,,1.0,54.0,,,2.0,,,,,,,3.0,4.0,5.0,5.0,,,2.0,3.0,,,1.0,,,4.0,1.0,1.0,1.0,1.0,1.0,1.0,1.0,1.0,1.0,1.0,,,,,,,6,3,4,4,2,5,6,6,3,2,55.0,50.0,52.0,60.0,62.0,58.0,65.0,54.0,40.0,38.0,2.0,1.0,1.0,1.0,1.0,1.0,1.0,1.0,2.0,2.0,1.0,2.0,2.0,1.0,1.0,1.0,1.0,1.0,2.0,1.0,2.0,2.0,1.0,1.0,2.0,2.0,2.0,1.0,2.0,1.0,1.0,2.0,2.0,1.0,2.0,1.0,2.0,2.0,1.0,1.0
1883,4,4,4,3,3,3,4,3,4,3,,30.0,,2.0,,,,3.0,5.0,2.0,,5.0,1.0,54.0,,,2.0,,,,3.0,4.0,5.0,,,,,15.0,,2.0,,6.0,,1.0,,4.0,,,,,,,,,,,,1.0,1.0,1.0,1.0,1.0,1.0,6,3,4,4,3,5,6,6,3,2,55.0,50.0,52.0,60.0,60.0,55.0,65.0,50.0,45.0,48.0,2.0,1.0,2.0,1.0,2.0,1.0,1.0,2.0,1.0,2.0,1.0,2.0,1.0,1.0,2.0,1.0,1.0,2.0,2.0,1.0,2.0,2.0,2.0,2.0,1.0,1.0,2.0,2.0,1.0,2.0,1.0,2.0,2.0,2.0,1.0,1.0,1.0,1.0,2.0,1.0
879,3,3,3,3,3,3,4,3,2,2,,30.0,,2.0,,,,3.0,4.0,3.0,,5.0,1.0,40.0,,,2.0,,,,3.0,4.0,4.0,,,,18.0,,,2.0,,6.0,,,1.0,,4.0,,,,,,,,,,,1.0,1.0,1.0,1.0,1.0,1.0,6,3,4,3,3,5,6,5,3,2,50.0,45.0,50.0,55.0,55.0,50.0,60.0,50.0,40.0,40.0,2.0,1.0,2.0,1.0,2.0,1.0,2.0,2.0,1.0,1.0,2.0,2.0,1.0,1.0,2.0,2.0,2.0,1.0,2.0,1.0,1.0,2.0,2.0,1.0,1.0,1.0,2.0,2.0,1.0,1.0,2.0,2.0,2.0,1.0,1.0,1.0,1.0,1.0,1.0,1.0
430,2,3,2,2,3,2,4,2,4,3,,30.0,2.0,,3.0,4.0,5.0,,,,,6.0,,,2.0,,2.0,,,,,,,2.0,4.0,5.0,15.0,,1.0,,,6.0,,1.0,,4.0,,1.0,1.0,1.0,1.0,1.0,1.0,1.0,1.0,1.0,1.0,,,,,,,6,3,4,4,3,5,6,5,3,2,45.0,40.0,42.0,50.0,55.0,40.0,60.0,48.0,52.0,45.0,2.0,1.0,2.0,2.0,1.0,2.0,1.0,2.0,2.0,2.0,2.0,2.0,2.0,1.0,1.0,2.0,1.0,2.0,2.0,1.0,1.0,1.0,1.0,1.0,1.0,2.0,1.0,2.0,2.0,1.0,2.0,1.0,1.0,1.0,2.0,1.0,1.0,2.0,1.0,1.0
543,4,4,4,4,4,4,5,4,2,2,,30.0,,2.0,,,,3.0,4.0,3.0,,6.0,,,2.0,,2.0,,,,,,,3.0,4.0,5.0,18.0,,1.0,,,6.0,,1.0,,5.0,,1.0,1.0,1.0,1.0,1.0,1.0,1.0,1.0,1.0,1.0,,,,,,,6,3,4,4,3,5,6,6,3,2,55.0,50.0,52.0,60.0,65.0,58.0,70.0,60.0,40.0,38.0,2.0,1.0,2.0,1.0,2.0,1.0,1.0,1.0,2.0,2.0,1.0,1.0,1.0,2.0,1.0,1.0,2.0,1.0,2.0,1.0,1.0,1.0,2.0,2.0,1.0,1.0,1.0,1.0,1.0,2.0,1.0,1.0,2.0,2.0,1.0,1.0,2.0,2.0,1.0,2.0
1030,3,3,3,3,3,3,3,3,2,2,,30.0,,3.0,2.0,3.0,5.0,,,,5.0,,1.0,20.0,,,2.0,,,,3.0,3.0,4.0,,,,20.0,,2.0,,,,1.0,,1.0,,3.0,1.0,1.0,1.0,1.0,1.0,1.0,1.0,1.0,1.0,1.0,,,,,,,6,3,3,3,3,5,5,5,3,2,50.0,50.0,50.0,50.0,50.0,50.0,50.0,50.0,40.0,40.0,2.0,2.0,2.0,1.0,2.0,1.0,2.0,2.0,2.0,2.0,2.0,1.0,2.0,2.0,2.0,2.0,2.0,1.0,2.0,1.0,2.0,2.0,1.0,2.0,2.0,2.0,2.0,2.0,2.0,2.0,1.0,1.0,2.0,2.0,1.0,2.0,1.0,2.0,2.0,2.0
1143,4,4,4,3,4,4,5,4,2,2,70.0,,4.0,,3.0,4.0,5.0,,,,6.0,,,,2.0,,2.0,2.0,4.0,5.0,,,,,,,16.0,,,2.0,,,3.0,,1.0,,4.0,1.0,1.0,1.0,1.0,1.0,1.0,1.0,1.0,1.0,1.0,,,,,,,6,3,4,4,3,5,6,5,3,2,55.0,50.0,52.0,60.0,65.0,58.0,70.0,60.0,40.0,38.0,2.0,2.0,1.0,2.0,1.0,1.0,2.0,1.0,2.0,1.0,2.0,1.0,1.0,1.0,1.0,2.0,1.0,1.0,1.0,2.0,1.0,1.0,2.0,1.0,1.0,2.0,2.0,1.0,1.0,1.0,2.0,1.0,1.0,1.0,1.0,2.0,1.0,2.0,1.0,1.0
1931,2,3,2,2,3,2,3,2,4,3,70.0,,,2.0,,,,3.0,4.0,2.0,6.0,,1.0,40.0,,,2.0,,,,3.0,4.0,4.0,,,,,5.0,,2.0,,,2.0,,1.0,,4.0,1.0,1.0,1.0,1.0,1.0,1.0,1.0,1.0,1.0,1.0,,,,,,,6,3,4,4,3,5,6,6,3,2,45.0,40.0,40.0,50.0,55.0,45.0,60.0,40.0,35.0,40.0,2.0,2.0,1.0,1.0,2.0,1.0,2.0,2.0,1.0,1.0,2.0,2.0,2.0,1.0,1.0,2.0,1.0,1.0,1.0,2.0,1.0,1.0,1.0,2.0,2.0,1.0,1.0,2.0,1.0,1.0,2.0,1.0,2.0,2.0,2.0,2.0,2.0,1.0,1.0,1.0
1842,2,2,2,2,2,2,4,2,4,2,70.0,,2.0,,2.0,3.0,6.0,,,,,5.0,,,2.0,1.0,,,,,2.0,4.0,4.0,,,,,5.0,,2.0,,7.0,,1.0,,4.0,,1.0,1.0,1.0,1.0,1.0,1.0,1.0,1.0,1.0,1.0,,,,,,,6,3,4,3,3,5,6,5,3,2,40.0,35.0,38.0,45.0,50.0,40.0,60.0,35.0,55.0,35.0,2.0,1.0,1.0,1.0,2.0,1.0,1.0,1.0,1.0,2.0,1.0,2.0,1.0,1.0,1.0,1.0,2.0,1.0,1.0,1.0,2.0,2.0,2.0,1.0,1.0,2.0,2.0,1.0,2.0,1.0,1.0,1.0,1.0,2.0,2.0,1.0,2.0,1.0,2.0,2.0
1889,4,4,4,4,4,4,5,4,2,2,70.0,,3.0,,3.0,4.0,6.0,,,,,,1.0,54.0,,,2.0,2.0,4.0,5.0,,,,,,,18.0,,1.0,,,,3.0,,1.0,4.0,,1.0,1.0,1.0,1.0,1.0,1.0,1.0,1.0,1.0,1.0,,,,,,,6,3,4,4,3,5,6,6,3,2,55.0,50.0,52.0,60.0,65.0,58.0,70.0,54.0,40.0,42.0,2.0,2.0,1.0,2.0,2.0,2.0,2.0,2.0,1.0,2.0,1.0,1.0,2.0,1.0,2.0,1.0,1.0,2.0,2.0,1.0,1.0,2.0,1.0,2.0,1.0,1.0,1.0,2.0,2.0,2.0,2.0,2.0,2.0,2.0,1.0,2.0,2.0,2.0,2.0,2.0
900,4,4,4,4,4,4,5,4,2,2,,30.0,,2.0,3.0,4.0,5.0,,,,6.0,,,,2.0,1.0,,,,,,,,3.0,4.0,5.0,,15.0,1.0,,,,2.0,,1.0,,5.0,1.0,1.0,1.0,1.0,1.0,1.0,1.0,1.0,1.0,1.0,,,,,,,6,3,4,3,3,5,6,5,3,2,55.0,50.0,52.0,60.0,65.0,58.0,70.0,60.0,40.0,35.0,2.0,1.0,1.0,2.0,1.0,1.0,1.0,2.0,1.0,1.0,1.0,1.0,2.0,1.0,2.0,2.0,2.0,2.0,1.0,2.0,2.0,1.0,1.0,2.0,2.0,2.0,2.0,1.0,2.0,1.0,1.0,1.0,2.0,1.0,1.0,1.0,2.0,2.0,1.0,1.0
873,2,2,2,2,2,2,3,2,4,2,70.0,,1.0,,,,,3.0,4.0,3.0,,5.0,,,2.0,1.0,,2.0,2.0,3.0,,,,,,,,20.0,2.0,,,6.0,,,1.0,4.0,,1.0,1.0,1.0,1.0,1.0,1.0,1.0,1.0,1.0,1.0,,,,,,,6,3,4,3,3,5,6,5,3,1,40.0,35.0,35.0,40.0,45.0,35.0,50.0,35.0,55.0,35.0,1.0,1.0,2.0,2.0,2.0,1.0,1.0,1.0,2.0,1.0,1.0,1.0,1.0,1.0,2.0,1.0,2.0,1.0,2.0,2.0,1.0,1.0,2.0,1.0,1.0,1.0,2.0,1.0,2.0,1.0,1.0,2.0,2.0,2.0,1.0,2.0,2.0,1.0,1.0,2.0
588,5,5,5,5,5,5,5,5,1,2,,30.0,5.0,,3.0,4.0,6.0,,,,,6.0,,,2.0,,2.0,2.0,5.0,6.0,,,,,,,,18.0,,2.0,,6.0,,1.0,,,5.0,,,,,,,,,,,1.0,1.0,1.0,1.0,1.0,1.0,6,3,4,3,3,5,6,6,4,2,60.0,55.0,50.0,65.0,70.0,60.0,75.0,55.0,35.0,40.0,1.0,2.0,2.0,2.0,2.0,2.0,1.0,1.0,1.0,1.0,2.0,2.0,2.0,2.0,1.0,1.0,2.0,2.0,1.0,2.0,2.0,1.0,1.0,1.0,1.0,1.0,2.0,1.0,1.0,2.0,2.0,2.0,2.0,2.0,1.0,2.0,2.0,1.0,1.0,2.0
172,3,3,3,3,3,3,4,3,2,2,,30.0,3.0,,2.0,3.0,5.0,,,,6.0,,,,2.0,1.0,,,,,,,,3.0,4.0,5.0,,10.0,1.0,,,,2.0,1.0,,,4.0,1.0,1.0,1.0,1.0,1.0,1.0,1.0,1.0,1.0,1.0,,,,,,,6,3,4,4,2,5,6,5,3,2,50.0,50.0,50.0,50.0,50.0,50.0,60.0,50.0,40.0,40.0,1.0,1.0,1.0,1.0,2.0,2.0,2.0,2.0,1.0,1.0,1.0,1.0,1.0,1.0,2.0,2.0,2.0,1.0,1.0,2.0,2.0,2.0,1.0,2.0,1.0,1.0,1.0,1.0,2.0,1.0,2.0,1.0,1.0,1.0,1.0,2.0,2.0,2.0,1.0,1.0
394,5,5,5,5,5,5,5,5,1,1,70.0,,,1.0,,,,3.0,5.0,2.0,,6.0,,,2.0,1.0,,1.0,5.0,6.0,,,,,,,20.0,,,2.0,,6.0,,1.0,,5.0,,,,,,,,,,,,1.0,1.0,1.0,1.0,1.0,1.0,6,3,4,3,3,5,6,5,4,2,60.0,55.0,50.0,65.0,70.0,60.0,75.0,55.0,40.0,35.0,2.0,1.0,2.0,1.0,2.0,1.0,1.0,2.0,1.0,1.0,2.0,1.0,2.0,2.0,2.0,1.0,1.0,2.0,1.0,1.0,1.0,1.0,2.0,1.0,1.0,1.0,2.0,2.0,2.0,2.0,1.0,1.0,1.0,2.0,2.0,2.0,2.0,2.0,2.0,2.0
1188,5,5,5,5,5,5,5,5,1,1,,30.0,5.0,,,,,3.0,5.0,2.0,6.0,,,,2.0,,2.0,,,,,,,4.0,5.0,6.0,20.0,,,2.0,,,1.0,1.0,,,5.0,,,,,,,,,,,1.0,1.0,1.0,1.0,1.0,1.0,6,3,4,4,2,5,6,6,4,2,60.0,55.0,50.0,65.0,70.0,60.0,75.0,55.0,40.0,35.0,2.0,1.0,2.0,1.0,1.0,1.0,2.0,2.0,1.0,2.0,2.0,2.0,2.0,2.0,1.0,1.0,2.0,2.0,1.0,1.0,1.0,2.0,2.0,1.0,1.0,2.0,2.0,1.0,2.0,1.0,2.0,1.0,2.0,2.0,2.0,2.0,1.0,1.0,2.0,2.0
1401,4,4,4,4,4,4,4,4,2,2,70.0,,,2.0,3.0,4.0,5.0,,,,5.0,,,,2.0,,2.0,,,,,,,2.0,4.0,5.0,,,,2.0,3.0,,,1.0,,,4.0,,,,,,,,,,,1.0,1.0,1.0,1.0,1.0,1.0,6,3,4,3,3,5,6,6,3,2,55.0,50.0,52.0,60.0,62.0,58.0,65.0,54.0,40.0,38.0,2.0,2.0,2.0,1.0,1.0,1.0,1.0,1.0,2.0,2.0,2.0,1.0,2.0,1.0,2.0,2.0,1.0,1.0,1.0,1.0,2.0,1.0,1.0,2.0,1.0,2.0,1.0,1.0,1.0,2.0,2.0,1.0,2.0,2.0,2.0,1.0,2.0,2.0,2.0,2.0
1572,5,5,5,5,5,5,5,5,1,2,,30.0,,2.0,3.0,4.0,5.0,,,,6.0,,1.0,54.0,,,2.0,2.0,5.0,6.0,,,,,,,18.0,,1.0,,4.0,,,1.0,,,5.0,,,,,,,,,,,1.0,1.0,1.0,1.0,1.0,1.0,6,3,4,3,3,5,6,6,4,2,60.0,55.0,58.0,65.0,70.0,62.0,75.0,60.0,40.0,45.0,1.0,1.0,2.0,2.0,1.0,1.0,2.0,1.0,2.0,2.0,2.0,1.0,1.0,2.0,1.0,2.0,2.0,2.0,1.0,2.0,2.0,2.0,1.0,1.0,2.0,1.0,1.0,1.0,2.0,2.0,2.0,1.0,2.0,1.0,1.0,2.0,1.0,1.0,1.0,1.0
1794,4,4,4,4,4,4,5,4,2,2,,30.0,4.0,,3.0,4.0,6.0,,,,6.0,,,,2.0,1.0,,,,,4.0,5.0,6.0,,,,,18.0,,2.0,4.0,,,,1.0,5.0,,1.0,1.0,1.0,1.0,1.0,1.0,1.0,1.0,1.0,1.0,,,,,,,6,3,4,4,3,5,6,5,3,2,55.0,50.0,52.0,60.0,65.0,62.0,70.0,58.0,40.0,42.0,2.0,1.0,2.0,2.0,1.0,1.0,2.0,1.0,1.0,1.0,2.0,1.0,2.0,1.0,1.0,2.0,1.0,1.0,1.0,2.0,2.0,2.0,2.0,1.0,2.0,2.0,2.0,1.0,1.0,2.0,1.0,2.0,2.0,2.0,1.0,1.0,1.0,2.0,1.0,1.0
1848,2,2,2,2,2,2,2,2,4,4,,30.0,2.0,,,,,3.0,4.0,2.0,,5.0,1.0,54.0,,1.0,,1.0,2.0,2.0,,,,,,,,20.0,,2.0,3.0,,,1.0,,,3.0,,,,,,,,,,,1.0,1.0,1.0,1.0,1.0,1.0,6,3,3,3,3,5,6,6,2,1,40.0,40.0,40.0,40.0,40.0,40.0,40.0,40.0,60.0,60.0,2.0,2.0,2.0,2.0,2.0,1.0,2.0,2.0,2.0,1.0,2.0,2.0,1.0,1.0,1.0,2.0,2.0,2.0,2.0,1.0,2.0,1.0,1.0,1.0,2.0,2.0,1.0,1.0,2.0,2.0,2.0,2.0,2.0,2.0,2.0,2.0,2.0,1.0,2.0,2.0
24,2,2,2,2,2,2,2,2,4,4,70.0,,,1.0,2.0,3.0,6.0,,,,5.0,,,,2.0,,2.0,,,,2.0,2.0,3.0,,,,20.0,,2.0,,,,1.0,1.0,,3.0,,,,,,,,,,,,1.0,1.0,1.0,1.0,1.0,1.0,6,3,3,3,2,5,6,6,2,1,30.0,30.0,30.0,30.0,30.0,30.0,30.0,30.0,50.0,50.0,2.0,2.0,1.0,2.0,1.0,1.0,2.0,1.0,1.0,2.0,1.0,1.0,2.0,2.0,2.0,2.0,2.0,1.0,2.0,1.0,2.0,2.0,1.0,2.0,1.0,1.0,1.0,1.0,2.0,1.0,2.0,2.0,2.0,1.0,2.0,1.0,2.0,1.0,1.0,2.0
2055,5,5,5,5,5,5,5,5,1,1,70.0,,5.0,,,,,3.0,5.0,2.0,6.0,,1.0,54.0,,1.0,,2.0,4.0,5.0,,,,,,,,16.0,1.0,,,6.0,,1.0,,5.0,,1.0,1.0,1.0,1.0,1.0,1.0,1.0,1.0,1.0,1.0,,,,,,,6,3,4,4,2,5,6,6,3,2,55.0,50.0,52.0,60.0,65.0,58.0,70.0,54.0,35.0,32.0,2.0,2.0,2.0,2.0,2.0,2.0,2.0,2.0,2.0,2.0,2.0,2.0,2.0,2.0,2.0,1.0,1.0,2.0,2.0,2.0,2.0,1.0,2.0,2.0,2.0,2.0,2.0,1.0,2.0,1.0,2.0,2.0,1.0,2.0,1.0,1.0,2.0,2.0,2.0,2.0
226,3,3,3,2,3,2,4,2,4,2,70.0,,,2.0,,,,3.0,4.0,3.0,,5.0,,,2.0,1.0,,3.0,4.0,5.0,,,,,,,18.0,,1.0,,,6.0,,,1.0,,4.0,,,,,,,,,,,1.0,1.0,1.0,1.0,1.0,1.0,6,3,4,4,3,5,6,6,3,2,50.0,45.0,48.0,40.0,50.0,38.0,60.0,42.0,55.0,40.0,2.0,2.0,1.0,2.0,2.0,1.0,2.0,2.0,2.0,1.0,2.0,2.0,2.0,1.0,1.0,2.0,1.0,2.0,1.0,1.0,2.0,1.0,1.0,1.0,1.0,1.0,2.0,2.0,1.0,2.0,2.0,1.0,1.0,1.0,1.0,1.0,1.0,1.0,1.0,2.0
355,3,4,4,4,4,4,4,3,2,2,,30.0,3.0,,,,,3.0,4.0,3.0,,5.0,1.0,30.0,,1.0,,,,,3.0,4.0,4.0,,,,15.0,,1.0,,,,2.0,1.0,,4.0,,1.0,1.0,1.0,1.0,1.0,1.0,1.0,1.0,1.0,1.0,,,,,,,6,3,4,3,3,5,6,5,3,2,50.0,55.0,60.0,65.0,60.0,60.0,70.0,55.0,40.0,45.0,1.0,2.0,1.0,2.0,2.0,2.0,2.0,1.0,1.0,2.0,2.0,2.0,2.0,1.0,1.0,2.0,2.0,2.0,2.0,1.0,1.0,1.0,1.0,2.0,1.0,2.0,2.0,2.0,1.0,2.0,1.0,2.0,1.0,2.0,2.0,1.0,1.0,2.0,1.0,1.0
549,5,5,5,5,5,5,5,5,1,2,70.0,,4.0,,3.0,4.0,6.0,,,,6.0,,,,2.0,,2.0,2.0,5.0,6.0,,,,,,,18.0,,,2.0,,,3.0,,1.0,5.0,,1.0,1.0,1.0,1.0,1.0,1.0,1.0,1.0,1.0,1.0,,,,,,,6,3,4,4,3,5,6,6,4,2,60.0,55.0,58.0,65.0,70.0,62.0,75.0,60.0,40.0,45.0,2.0,1.0,2.0,1.0,1.0,2.0,1.0,1.0,2.0,1.0,2.0,2.0,1.0,1.0,2.0,1.0,1.0,2.0,2.0,1.0,1.0,2.0,1.0,1.0,2.0,1.0,2.0,1.0,1.0,2.0,2.0,1.0,1.0,2.0,2.0,2.0,1.0,2.0,2.0,2.0
1626,4,4,4,5,5,5,5,5,1,2,70.0,,4.0,,3.0,4.0,6.0,,,,,6.0,,,2.0,,2.0,2.0,4.0,5.0,,,,,,,20.0,,1.0,,,,2.0,,1.0,,5.0,,,,,,,,,,,1.0,1.0,1.0,1.0,1.0,1.0,6,3,4,3,3,5,6,5,3,2,60.0,55.0,60.0,65.0,70.0,65.0,75.0,60.0,40.0,45.0,1.0,2.0,1.0,1.0,1.0,2.0,1.0,2.0,1.0,2.0,1.0,2.0,1.0,2.0,2.0,1.0,2.0,1.0,1.0,2.0,1.0,2.0,1.0,2.0,1.0,2.0,2.0,1.0,2.0,1.0,1.0,2.0,2.0,1.0,2.0,1.0,2.0,1.0,2.0,2.0
1755,2,2,2,2,2,2,4,2,4,2,70.0,,2.0,,2.0,3.0,5.0,,,,,5.0,,,2.0,,2.0,,,,2.0,4.0,4.0,,,,18.0,,1.0,,4.0,,,,1.0,,4.0,1.0,1.0,1.0,1.0,1.0,1.0,1.0,1.0,1.0,1.0,,,,,,,6,3,4,4,2,5,6,6,3,2,40.0,38.0,35.0,30.0,32.0,28.0,50.0,35.0,55.0,33.0,2.0,2.0,1.0,1.0,1.0,2.0,1.0,2.0,1.0,2.0,2.0,1.0,1.0,1.0,2.0,1.0,2.0,2.0,1.0,2.0,2.0,1.0,1.0,1.0,1.0,2.0,2.0,2.0,2.0,1.0,2.0,2.0,2.0,1.0,1.0,1.0,2.0,1.0,1.0,2.0
1149,5,5,5,5,5,5,5,5,1,2,,30.0,,1.0,,,,3.0,5.0,2.0,,6.0,,,2.0,,2.0,,,,3.0,5.0,6.0,,,,20.0,,,2.0,4.0,,,,1.0,5.0,,,,,,,,,,,,1.0,1.0,1.0,1.0,1.0,1.0,6,3,4,4,3,5,6,6,4,2,60.0,55.0,50.0,65.0,70.0,60.0,75.0,55.0,40.0,45.0,1.0,2.0,2.0,2.0,1.0,2.0,2.0,1.0,2.0,2.0,2.0,2.0,2.0,1.0,1.0,1.0,2.0,2.0,2.0,1.0,1.0,2.0,2.0,2.0,1.0,1.0,2.0,1.0,2.0,1.0,1.0,1.0,2.0,1.0,2.0,1.0,1.0,1.0,2.0,1.0
2020,2,2,2,1,2,2,3,1,4,4,,30.0,2.0,,,,,3.0,5.0,4.0,6.0,,1.0,54.0,,,2.0,,,,2.0,4.0,4.0,,,,,15.0,1.0,,,6.0,,1.0,,,4.0,,,,,,,,,,,1.0,1.0,1.0,1.0,1.0,1.0,6,3,4,3,2,5,6,5,2,2,40.0,35.0,35.0,30.0,35.0,35.0,50.0,30.0,45.0,45.0,2.0,2.0,2.0,1.0,2.0,2.0,2.0,2.0,1.0,1.0,2.0,1.0,2.0,2.0,1.0,2.0,2.0,1.0,2.0,2.0,1.0,1.0,2.0,1.0,1.0,1.0,2.0,2.0,2.0,1.0,1.0,2.0,2.0,1.0,1.0,1.0,2.0,1.0,1.0,2.0
51,4,4,4,3,4,4,4,4,2,2,70.0,,,2.0,3.0,4.0,5.0,,,,,,1.0,40.0,,,2.0,,,,,,,3.0,4.0,5.0,15.0,,,2.0,,,3.0,,1.0,4.0,,1.0,1.0,1.0,1.0,1.0,1.0,1.0,1.0,1.0,1.0,,,,,,,6,3,4,4,3,5,5,5,3,2,55.0,50.0,50.0,60.0,65.0,60.0,70.0,55.0,40.0,45.0,2.0,1.0,1.0,1.0,1.0,1.0,2.0,1.0,1.0,1.0,2.0,1.0,1.0,2.0,1.0,1.0,1.0,1.0,1.0,1.0,2.0,1.0,1.0,1.0,2.0,1.0,1.0,1.0,1.0,2.0,1.0,2.0,1.0,2.0,1.0,1.0,2.0,1.0,2.0,2.0
253,5,5,5,5,5,5,5,5,1,2,70.0,,4.0,,,,,3.0,5.0,2.0,6.0,,1.0,54.0,,,2.0,,,,,,,3.0,5.0,6.0,20.0,,,1.0,5.0,,,1.0,,5.0,,,,,,,,,,,,1.0,1.0,1.0,1.0,1.0,1.0,6,3,4,3,2,5,6,5,4,2,60.0,55.0,60.0,65.0,70.0,65.0,75.0,60.0,35.0,40.0,1.0,2.0,2.0,2.0,2.0,2.0,2.0,1.0,2.0,2.0,1.0,2.0,1.0,2.0,1.0,2.0,2.0,1.0,1.0,2.0,1.0,2.0,2.0,1.0,1.0,2.0,2.0,1.0,2.0,1.0,1.0,2.0,2.0,2.0,2.0,1.0,1.0,1.0,1.0,1.0
320,5,5,5,5,5,5,5,5,1,2,,30.0,,2.0,,,,3.0,5.0,2.0,,6.0,1.0,54.0,,,2.0,,,,,,,3.0,4.0,5.0,5.0,,,2.0,,,2.0,,1.0,,5.0,,,,,,,,,,,1.0,1.0,1.0,1.0,1.0,1.0,6,3,4,3,2,5,6,5,3,2,60.0,55.0,55.0,65.0,70.0,60.0,75.0,60.0,40.0,35.0,2.0,2.0,2.0,2.0,2.0,2.0,2.0,2.0,1.0,1.0,2.0,2.0,1.0,1.0,2.0,1.0,2.0,2.0,2.0,2.0,1.0,1.0,2.0,2.0,2.0,2.0,2.0,2.0,2.0,2.0,2.0,2.0,2.0,2.0,2.0,1.0,2.0,2.0,2.0,2.0
1653,2,2,2,2,2,2,2,2,4,4,70.0,,,2.0,,,,2.0,4.0,3.0,,5.0,1.0,40.0,,,2.0,2.0,2.0,2.0,,,,,,,,20.0,2.0,,3.0,,,1.0,,3.0,,,,,,,,,,,,1.0,1.0,1.0,1.0,1.0,1.0,6,3,4,3,3,5,6,5,2,1,40.0,35.0,35.0,40.0,45.0,35.0,50.0,40.0,55.0,50.0,2.0,2.0,2.0,2.0,2.0,1.0,1.0,1.0,2.0,1.0,1.0,2.0,1.0,1.0,1.0,2.0,2.0,2.0,1.0,1.0,2.0,2.0,1.0,1.0,2.0,1.0,2.0,2.0,1.0,2.0,1.0,2.0,1.0,2.0,1.0,2.0,1.0,1.0,1.0,2.0
1720,5,5,5,5,5,5,5,5,1,1,70.0,,4.0,,3.0,4.0,6.0,,,,,6.0,1.0,54.0,,,2.0,,,,,,,4.0,5.0,6.0,,0.0,,2.0,3.0,,,,1.0,,5.0,1.0,1.0,1.0,1.0,1.0,1.0,1.0,1.0,1.0,1.0,,,,,,,6,3,4,3,2,5,6,5,4,2,60.0,55.0,50.0,65.0,60.0,60.0,70.0,55.0,40.0,35.0,2.0,1.0,1.0,2.0,1.0,1.0,2.0,2.0,2.0,2.0,2.0,1.0,2.0,2.0,2.0,1.0,1.0,1.0,2.0,2.0,2.0,2.0,2.0,2.0,2.0,1.0,2.0,2.0,1.0,1.0,2.0,2.0,2.0,1.0,2.0,2.0,2.0,2.0,2.0,1.0
975,4,4,4,5,5,4,5,4,1,2,,30.0,3.0,,3.0,4.0,5.0,,,,,,1.0,40.0,,,2.0,2.0,4.0,5.0,,,,,,,18.0,,1.0,,,6.0,,1.0,,4.0,,1.0,1.0,1.0,1.0,1.0,1.0,1.0,1.0,1.0,1.0,,,,,,,6,3,4,4,2,5,6,5,3,2,55.0,50.0,52.0,60.0,65.0,58.0,70.0,54.0,40.0,45.0,1.0,2.0,1.0,1.0,2.0,1.0,2.0,2.0,1.0,1.0,2.0,2.0,2.0,1.0,1.0,2.0,1.0,1.0,1.0,2.0,2.0,2.0,1.0,1.0,2.0,1.0,2.0,2.0,2.0,2.0,2.0,1.0,1.0,1.0,1.0,2.0,1.0,2.0,1.0,2.0
90,5,5,5,5,5,5,5,5,1,2,,30.0,4.0,,3.0,4.0,6.0,,,,6.0,,,,2.0,,2.0,2.0,4.0,5.0,,,,,,,,18.0,,2.0,,7.0,,1.0,,,5.0,,,,,,,,,,,1.0,1.0,1.0,1.0,1.0,1.0,6,3,4,3,3,5,6,6,3,2,60.0,55.0,60.0,65.0,70.0,60.0,75.0,60.0,40.0,35.0,2.0,2.0,2.0,1.0,1.0,2.0,2.0,2.0,2.0,1.0,2.0,2.0,1.0,2.0,2.0,1.0,2.0,2.0,2.0,1.0,2.0,2.0,2.0,2.0,2.0,2.0,1.0,2.0,2.0,2.0,1.0,1.0,2.0,2.0,2.0,1.0,2.0,1.0,2.0,2.0
806,5,5,5,5,5,5,5,5,1,2,,30.0,5.0,,3.0,4.0,6.0,,,,,,1.0,54.0,,1.0,,,,,3.0,5.0,6.0,,,,,15.0,1.0,,,6.0,,,1.0,5.0,,,,,,,,,,,,1.0,1.0,1.0,1.0,1.0,1.0,6,3,4,3,3,5,6,6,4,2,60.0,55.0,58.0,65.0,70.0,62.0,75.0,60.0,40.0,45.0,1.0,2.0,2.0,2.0,1.0,2.0,2.0,1.0,1.0,2.0,1.0,1.0,2.0,2.0,1.0,1.0,1.0,1.0,2.0,1.0,2.0,2.0,2.0,1.0,1.0,1.0,2.0,2.0,1.0,1.0,2.0,1.0,2.0,2.0,1.0,2.0,2.0,2.0,1.0,1.0
292,4,4,4,4,4,4,4,4,2,2,70.0,,3.0,,,,,3.0,4.0,2.0,,6.0,,,2.0,1.0,,,,,,,,3.0,4.0,5.0,18.0,,1.0,,,,3.0,1.0,,4.0,,1.0,1.0,1.0,1.0,1.0,1.0,1.0,1.0,1.0,1.0,,,,,,,6,3,4,4,3,5,6,6,3,2,60.0,55.0,58.0,65.0,68.0,62.0,70.0,60.0,40.0,45.0,1.0,1.0,2.0,1.0,2.0,2.0,2.0,1.0,2.0,2.0,1.0,1.0,2.0,2.0,1.0,1.0,1.0,2.0,2.0,2.0,2.0,1.0,2.0,1.0,2.0,1.0,1.0,1.0,1.0,2.0,1.0,2.0,1.0,1.0,1.0,2.0,1.0,2.0,2.0,2.0
668,2,2,2,1,2,2,2,1,4,4,,30.0,,2.0,3.0,4.0,6.0,,,,,5.0,,,2.0,,2.0,1.0,2.0,3.0,,,,,,,,20.0,,2.0,,,2.0,1.0,,2.0,,,,,,,,,,,,1.0,1.0,1.0,1.0,1.0,1.0,6,3,4,3,2,5,6,5,3,2,35.0,30.0,30.0,25.0,30.0,30.0,30.0,25.0,40.0,40.0,2.0,1.0,2.0,1.0,2.0,1.0,2.0,2.0,1.0,1.0,1.0,1.0,1.0,1.0,2.0,1.0,1.0,1.0,1.0,1.0,2.0,1.0,2.0,1.0,1.0,1.0,2.0,1.0,2.0,2.0,1.0,2.0,2.0,1.0,1.0,1.0,2.0,2.0,1.0,2.0
107,2,2,2,1,2,2,2,1,4,4,,30.0,2.0,,,,,3.0,4.0,2.0,6.0,,1.0,54.0,,1.0,,,,,3.0,3.0,4.0,,,,,18.0,1.0,,3.0,,,,1.0,3.0,,,,,,,,,,,,1.0,1.0,1.0,1.0,1.0,1.0,6,3,4,3,3,5,6,5,3,2,40.0,38.0,38.0,35.0,38.0,38.0,38.0,35.0,45.0,45.0,2.0,2.0,2.0,1.0,2.0,2.0,1.0,1.0,2.0,2.0,2.0,2.0,1.0,2.0,2.0,2.0,2.0,2.0,2.0,1.0,2.0,2.0,1.0,1.0,2.0,2.0,2.0,2.0,2.0,2.0,2.0,2.0,2.0,2.0,2.0,1.0,2.0,2.0,2.0,2.0
1692,5,5,5,5,5,5,5,5,1,2,70.0,,,1.0,,,,4.0,5.0,2.0,,6.0,,,2.0,1.0,,,,,,,,4.0,5.0,6.0,18.0,,,2.0,,6.0,,,1.0,,5.0,,,,,,,,,,,1.0,1.0,1.0,1.0,1.0,1.0,6,3,4,3,3,5,6,5,4,2,60.0,55.0,58.0,65.0,70.0,62.0,75.0,60.0,40.0,45.0,2.0,2.0,1.0,2.0,2.0,1.0,1.0,1.0,2.0,2.0,2.0,1.0,1.0,1.0,2.0,2.0,1.0,1.0,2.0,1.0,2.0,2.0,1.0,1.0,1.0,2.0,1.0,2.0,1.0,1.0,2.0,2.0,1.0,2.0,2.0,1.0,2.0,2.0,1.0,1.0
1268,3,3,3,4,4,4,4,4,2,2,,30.0,,2.0,3.0,4.0,5.0,,,,6.0,,,,2.0,1.0,,2.0,4.0,5.0,,,,,,,,10.0,1.0,,,,2.0,1.0,,,4.0,,,,,,,,,,,1.0,1.0,1.0,1.0,1.0,1.0,6,3,4,4,3,5,6,6,3,2,55.0,50.0,50.0,60.0,65.0,60.0,70.0,60.0,40.0,40.0,2.0,1.0,2.0,1.0,2.0,2.0,1.0,1.0,2.0,2.0,2.0,1.0,2.0,2.0,2.0,1.0,1.0,2.0,2.0,1.0,1.0,1.0,1.0,1.0,1.0,1.0,2.0,1.0,1.0,1.0,1.0,1.0,1.0,1.0,2.0,1.0,2.0,1.0,1.0,2.0
1474,5,5,5,5,5,5,5,5,1,2,70.0,,5.0,,,,,3.0,5.0,2.0,,6.0,1.0,54.0,,1.0,,,,,4.0,5.0,6.0,,,,20.0,,,2.0,4.0,,,1.0,,5.0,,,,,,,,,,,,1.0,1.0,1.0,1.0,1.0,1.0,6,3,4,4,2,5,6,6,4,2,60.0,55.0,60.0,65.0,65.0,60.0,70.0,60.0,40.0,45.0,2.0,2.0,1.0,1.0,1.0,1.0,1.0,2.0,2.0,2.0,2.0,2.0,1.0,1.0,1.0,1.0,1.0,1.0,1.0,2.0,2.0,1.0,1.0,1.0,2.0,1.0,2.0,2.0,1.0,1.0,1.0,1.0,1.0,1.0,1.0,1.0,2.0,1.0,1.0,1.0
1507,1,2,2,1,2,2,2,1,5,5,70.0,,,1.0,,,,2.0,4.0,3.0,6.0,,1.0,54.0,,1.0,,,,,1.0,2.0,2.0,,,,,20.0,1.0,,,,1.0,1.0,,2.0,,1.0,1.0,1.0,1.0,1.0,1.0,1.0,1.0,1.0,1.0,,,,,,,6,3,3,3,3,5,6,6,1,1,30.0,35.0,30.0,25.0,30.0,30.0,35.0,25.0,50.0,50.0,2.0,2.0,2.0,2.0,1.0,1.0,1.0,2.0,2.0,2.0,2.0,2.0,1.0,1.0,2.0,1.0,2.0,2.0,1.0,1.0,2.0,2.0,1.0,1.0,1.0,1.0,1.0,2.0,2.0,2.0,1.0,1.0,1.0,2.0,1.0,2.0,1.0,1.0,1.0,2.0
2011,4,4,4,4,4,4,4,4,2,2,,30.0,4.0,,2.0,3.0,5.0,,,,6.0,,1.0,54.0,,,2.0,3.0,4.0,5.0,,,,,,,,18.0,,2.0,,,3.0,,1.0,,4.0,1.0,1.0,1.0,1.0,1.0,1.0,1.0,1.0,1.0,1.0,,,,,,,6,3,4,4,3,5,6,6,3,2,60.0,55.0,58.0,65.0,68.0,62.0,70.0,60.0,40.0,42.0,2.0,1.0,2.0,1.0,2.0,1.0,2.0,2.0,1.0,2.0,1.0,1.0,2.0,1.0,2.0,2.0,2.0,1.0,2.0,1.0,1.0,1.0,2.0,1.0,1.0,1.0,1.0,1.0,1.0,2.0,1.0,1.0,1.0,2.0,2.0,2.0,1.0,1.0,2.0,1.0
60,2,2,2,2,2,2,4,2,4,4,,30.0,,2.0,3.0,4.0,6.0,,,,6.0,,,,2.0,,2.0,,,,2.0,4.0,5.0,,,,,15.0,1.0,,,,2.0,1.0,,,4.0,,,,,,,,,,,1.0,1.0,1.0,1.0,1.0,1.0,6,3,4,3,2,5,6,5,3,2,45.0,40.0,40.0,40.0,40.0,40.0,60.0,40.0,60.0,60.0,2.0,2.0,1.0,2.0,1.0,1.0,2.0,2.0,2.0,2.0,2.0,1.0,1.0,1.0,2.0,1.0,1.0,1.0,1.0,1.0,1.0,2.0,2.0,2.0,1.0,1.0,2.0,1.0,1.0,1.0,2.0,1.0,1.0,1.0,2.0,1.0,2.0,1.0,1.0,2.0
985,4,4,4,4,4,4,4,4,2,2,70.0,,4.0,,,,,3.0,5.0,2.0,,5.0,1.0,54.0,,,2.0,,,,3.0,4.0,4.0,,,,12.0,,1.0,,,6.0,,,1.0,4.0,,,,,,,,,,,,1.0,1.0,1.0,1.0,1.0,1.0,6,3,4,3,3,5,6,5,3,2,55.0,50.0,52.0,60.0,62.0,58.0,65.0,54.0,40.0,42.0,1.0,2.0,2.0,1.0,2.0,1.0,1.0,2.0,2.0,1.0,2.0,1.0,2.0,2.0,1.0,1.0,2.0,1.0,2.0,1.0,1.0,2.0,1.0,2.0,2.0,1.0,1.0,1.0,2.0,1.0,2.0,1.0,2.0,2.0,2.0,1.0,2.0,1.0,2.0,1.0
1484,2,2,2,2,2,2,4,2,4,2,70.0,,2.0,,3.0,4.0,5.0,,,,,5.0,1.0,30.0,,,2.0,,,,3.0,4.0,4.0,,,,,10.0,,2.0,,,3.0,1.0,,,4.0,,,,,,,,,,,1.0,1.0,1.0,1.0,1.0,1.0,6,3,4,4,2,5,6,6,3,2,45.0,40.0,40.0,40.0,40.0,40.0,60.0,40.0,60.0,40.0,1.0,1.0,1.0,2.0,1.0,1.0,2.0,1.0,2.0,2.0,1.0,1.0,1.0,1.0,1.0,2.0,1.0,1.0,2.0,2.0,1.0,2.0,2.0,1.0,1.0,1.0,1.0,2.0,1.0,1.0,1.0,1.0,1.0,2.0,1.0,1.0,2.0,1.0,1.0,1.0
1662,3,3,3,3,4,3,4,3,2,2,,30.0,3.0,,3.0,4.0,5.0,,,,,6.0,1.0,40.0,,,2.0,2.0,4.0,4.0,,,,,,,18.0,,,2.0,4.0,,,,1.0,,4.0,1.0,1.0,1.0,1.0,1.0,1.0,1.0,1.0,1.0,1.0,,,,,,,6,3,4,4,3,5,6,5,3,2,45.0,40.0,40.0,55.0,60.0,55.0,65.0,50.0,35.0,30.0,2.0,2.0,2.0,1.0,1.0,1.0,1.0,1.0,1.0,1.0,2.0,2.0,1.0,1.0,2.0,2.0,1.0,1.0,2.0,2.0,2.0,1.0,1.0,1.0,1.0,1.0,1.0,1.0,1.0,1.0,2.0,2.0,2.0,1.0,2.0,1.0,1.0,1.0,1.0,1.0
1298,4,4,4,5,5,5,5,5,1,2,,30.0,,2.0,,,,3.0,4.0,2.0,,6.0,,,2.0,1.0,,2.0,4.0,5.0,,,,,,,,18.0,,2.0,4.0,,,,1.0,,5.0,1.0,1.0,1.0,1.0,1.0,1.0,1.0,1.0,1.0,1.0,,,,,,,6,3,4,4,3,5,6,6,3,2,55.0,50.0,52.0,60.0,65.0,62.0,70.0,60.0,40.0,45.0,2.0,2.0,2.0,1.0,2.0,2.0,2.0,2.0,2.0,2.0,2.0,2.0,2.0,2.0,2.0,2.0,2.0,2.0,2.0,2.0,2.0,2.0,1.0,2.0,1.0,2.0,2.0,2.0,1.0,2.0,2.0,2.0,2.0,2.0,2.0,2.0,2.0,2.0,2.0,1.0
1711,4,4,4,5,5,5,5,5,2,2,70.0,,,2.0,,,,3.0,4.0,3.0,6.0,,,,2.0,,2.0,,,,4.0,5.0,6.0,,,,15.0,,,2.0,4.0,,,,1.0,,5.0,,,,,,,,,,,1.0,1.0,1.0,1.0,1.0,1.0,6,4,5,4,3,5,6,5,4,2,60.0,55.0,60.0,65.0,70.0,65.0,75.0,60.0,40.0,45.0,2.0,1.0,2.0,2.0,1.0,1.0,1.0,1.0,2.0,2.0,1.0,2.0,1.0,2.0,2.0,1.0,1.0,2.0,1.0,2.0,2.0,2.0,2.0,2.0,1.0,1.0,1.0,1.0,1.0,1.0,1.0,2.0,2.0,1.0,2.0,2.0,1.0,1.0,1.0,1.0
262,2,2,2,2,2,2,3,2,4,4,,30.0,2.0,,3.0,4.0,5.0,,,,5.0,,1.0,54.0,,,2.0,,,,2.0,4.0,4.0,,,,,5.0,1.0,,4.0,,,1.0,,,4.0,1.0,1.0,1.0,1.0,1.0,1.0,1.0,1.0,1.0,1.0,,,,,,,6,3,4,3,3,5,6,5,3,2,45.0,40.0,38.0,35.0,40.0,35.0,50.0,38.0,55.0,45.0,1.0,1.0,1.0,2.0,1.0,2.0,2.0,1.0,2.0,2.0,1.0,1.0,1.0,2.0,2.0,1.0,1.0,1.0,1.0,1.0,1.0,1.0,1.0,1.0,1.0,1.0,1.0,1.0,1.0,1.0,1.0,1.0,1.0,2.0,2.0,2.0,1.0,2.0,1.0,1.0
698,4,4,4,5,5,5,5,5,1,2,,30.0,4.0,,,,,3.0,4.0,2.0,6.0,,,,2.0,1.0,,,,,4.0,5.0,6.0,,,,,18.0,1.0,,,6.0,,,1.0,,5.0,1.0,1.0,1.0,1.0,1.0,1.0,1.0,1.0,1.0,1.0,,,,,,,6,3,4,3,3,5,6,5,3,2,62.0,55.0,60.0,68.0,70.0,65.0,72.0,60.0,40.0,45.0,1.0,1.0,1.0,1.0,1.0,1.0,1.0,2.0,1.0,2.0,2.0,1.0,1.0,1.0,1.0,1.0,1.0,2.0,1.0,1.0,1.0,1.0,1.0,1.0,1.0,2.0,1.0,1.0,2.0,1.0,2.0,1.0,2.0,1.0,1.0,1.0,1.0,1.0,1.0,2.0
311,4,4,4,4,4,4,4,4,2,2,70.0,,3.0,,,,,3.0,5.0,2.0,,6.0,1.0,54.0,,,2.0,2.0,4.0,5.0,,,,,,,,15.0,1.0,,,,2.0,1.0,,,4.0,1.0,1.0,1.0,1.0,1.0,1.0,1.0,1.0,1.0,1.0,,,,,,,6,3,4,4,3,5,6,6,3,2,60.0,55.0,58.0,65.0,68.0,62.0,70.0,60.0,40.0,45.0,2.0,1.0,1.0,1.0,1.0,1.0,2.0,2.0,2.0,1.0,1.0,1.0,1.0,1.0,2.0,2.0,1.0,2.0,2.0,2.0,2.0,1.0,2.0,1.0,2.0,2.0,2.0,1.0,1.0,1.0,2.0,1.0,1.0,1.0,2.0,2.0,2.0,2.0,1.0,2.0
944,3,3,3,3,4,3,4,3,2,2,70.0,,,2.0,,,,3.0,5.0,4.0,,5.0,,,2.0,1.0,,,,,,,,1.0,3.0,4.0,,0.0,2.0,,3.0,,,1.0,,3.0,,1.0,1.0,1.0,1.0,1.0,1.0,1.0,1.0,1.0,1.0,,,,,,,6,3,4,3,3,5,6,5,3,2,50.0,45.0,50.0,55.0,60.0,50.0,65.0,55.0,40.0,40.0,2.0,1.0,2.0,2.0,1.0,2.0,2.0,1.0,2.0,2.0,2.0,2.0,2.0,1.0,2.0,2.0,1.0,2.0,2.0,2.0,1.0,2.0,1.0,2.0,1.0,2.0,2.0,2.0,2.0,2.0,2.0,2.0,1.0,2.0,2.0,2.0,2.0,2.0,1.0,2.0
837,5,5,5,5,5,5,5,5,1,1,,30.0,3.0,,3.0,4.0,6.0,,,,6.0,,1.0,54.0,,,2.0,,,,3.0,5.0,6.0,,,,20.0,,1.0,,,6.0,,1.0,,,5.0,1.0,1.0,1.0,1.0,1.0,1.0,1.0,1.0,1.0,1.0,,,,,,,6,3,5,4,3,5,6,5,3,2,60.0,55.0,60.0,65.0,70.0,60.0,75.0,65.0,40.0,35.0,2.0,1.0,2.0,1.0,2.0,1.0,2.0,1.0,2.0,2.0,2.0,2.0,2.0,1.0,2.0,2.0,1.0,1.0,1.0,2.0,1.0,2.0,1.0,1.0,2.0,2.0,1.0,2.0,1.0,2.0,1.0,2.0,1.0,1.0,1.0,2.0,1.0,1.0,1.0,1.0
1259,2,2,2,2,2,2,3,2,4,4,70.0,,2.0,,3.0,4.0,6.0,,,,,5.0,,,2.0,1.0,,,,,3.0,4.0,4.0,,,,18.0,,1.0,,,6.0,,,1.0,,4.0,1.0,1.0,1.0,1.0,1.0,1.0,1.0,1.0,1.0,1.0,,,,,,,6,3,4,3,3,5,6,5,3,2,40.0,38.0,35.0,45.0,50.0,40.0,55.0,38.0,50.0,48.0,1.0,1.0,2.0,2.0,2.0,2.0,1.0,2.0,2.0,2.0,1.0,2.0,1.0,1.0,1.0,2.0,1.0,1.0,1.0,1.0,2.0,2.0,2.0,2.0,1.0,1.0,2.0,2.0,1.0,1.0,2.0,1.0,2.0,2.0,1.0,2.0,1.0,2.0,1.0,2.0
1445,3,3,3,2,3,2,4,2,4,3,,30.0,,2.0,3.0,4.0,5.0,,,,6.0,,,,2.0,1.0,,3.0,4.0,4.0,,,,,,,,15.0,,2.0,,6.0,,,1.0,4.0,,,,,,,,,,,,1.0,1.0,1.0,1.0,1.0,1.0,6,3,4,4,3,5,6,6,3,2,45.0,40.0,42.0,50.0,55.0,48.0,60.0,40.0,35.0,38.0,2.0,1.0,1.0,2.0,1.0,1.0,2.0,2.0,1.0,1.0,2.0,1.0,2.0,2.0,1.0,2.0,2.0,1.0,1.0,2.0,1.0,2.0,2.0,1.0,2.0,1.0,1.0,2.0,2.0,1.0,1.0,1.0,2.0,1.0,2.0,2.0,2.0,2.0,2.0,1.0
1536,4,4,4,4,4,4,4,4,2,2,,30.0,,2.0,3.0,4.0,5.0,,,,,6.0,1.0,54.0,,1.0,,,,,3.0,4.0,5.0,,,,20.0,,2.0,,,,1.0,,1.0,,4.0,,,,,,,,,,,1.0,1.0,1.0,1.0,1.0,1.0,6,3,4,4,3,5,6,6,3,2,60.0,55.0,60.0,65.0,65.0,60.0,70.0,60.0,40.0,40.0,1.0,1.0,2.0,2.0,2.0,1.0,2.0,2.0,2.0,2.0,2.0,2.0,2.0,1.0,2.0,2.0,2.0,2.0,2.0,2.0,1.0,2.0,2.0,2.0,1.0,1.0,2.0,1.0,2.0,1.0,1.0,2.0,2.0,2.0,1.0,2.0,1.0,1.0,2.0,1.0
659,3,3,3,3,3,3,4,3,4,3,,30.0,,2.0,3.0,4.0,5.0,,,,,6.0,,,2.0,,2.0,,,,,,,3.0,4.0,5.0,12.0,,1.0,,,6.0,,1.0,,4.0,,,,,,,,,,,,1.0,1.0,1.0,1.0,1.0,1.0,6,3,4,4,2,5,6,6,3,2,45.0,40.0,40.0,50.0,55.0,55.0,60.0,45.0,50.0,45.0,1.0,1.0,2.0,1.0,2.0,1.0,2.0,2.0,2.0,1.0,1.0,2.0,1.0,1.0,1.0,2.0,1.0,1.0,2.0,2.0,2.0,1.0,2.0,1.0,1.0,1.0,1.0,1.0,2.0,1.0,1.0,1.0,1.0,1.0,2.0,2.0,1.0,1.0,1.0,1.0
136,3,3,3,2,3,2,4,2,4,3,70.0,,2.0,,,,,3.0,5.0,2.0,6.0,,1.0,54.0,,,2.0,,,,,,,3.0,4.0,5.0,16.0,,1.0,,,6.0,,1.0,,,4.0,1.0,1.0,1.0,1.0,1.0,1.0,1.0,1.0,1.0,1.0,,,,,,,6,3,4,3,3,5,6,5,3,2,55.0,50.0,52.0,48.0,55.0,45.0,60.0,40.0,50.0,45.0,1.0,2.0,2.0,2.0,2.0,1.0,2.0,1.0,1.0,1.0,1.0,2.0,1.0,2.0,1.0,2.0,2.0,1.0,2.0,2.0,1.0,1.0,1.0,1.0,2.0,1.0,1.0,2.0,1.0,2.0,2.0,1.0,1.0,2.0,1.0,2.0,1.0,1.0,2.0,1.0
931,4,4,4,3,4,4,4,4,2,2,,30.0,3.0,,,,,3.0,5.0,2.0,6.0,,,,2.0,,2.0,,,,3.0,4.0,4.0,,,,18.0,,,2.0,4.0,,,,1.0,,4.0,,,,,,,,,,,1.0,1.0,1.0,1.0,1.0,1.0,6,3,4,4,3,5,6,6,3,2,55.0,50.0,52.0,60.0,62.0,58.0,65.0,54.0,40.0,42.0,2.0,2.0,2.0,1.0,1.0,1.0,2.0,1.0,2.0,2.0,1.0,2.0,1.0,1.0,1.0,2.0,2.0,2.0,1.0,2.0,1.0,2.0,2.0,2.0,1.0,2.0,1.0,2.0,2.0,2.0,2.0,2.0,1.0,1.0,1.0,2.0,2.0,2.0,2.0,2.0
842,4,4,4,4,4,4,4,4,2,2,70.0,,,2.0,,,,3.0,5.0,2.0,,5.0,1.0,54.0,,,2.0,2.0,4.0,5.0,,,,,,,5.0,,1.0,,4.0,,,1.0,,4.0,,,,,,,,,,,,1.0,1.0,1.0,1.0,1.0,1.0,6,3,4,3,2,5,6,5,3,2,60.0,55.0,60.0,65.0,70.0,60.0,70.0,60.0,40.0,40.0,2.0,2.0,1.0,2.0,2.0,1.0,2.0,1.0,2.0,1.0,1.0,1.0,2.0,1.0,1.0,2.0,1.0,2.0,2.0,2.0,2.0,2.0,2.0,1.0,2.0,1.0,1.0,2.0,1.0,2.0,1.0,1.0,1.0,2.0,2.0,2.0,2.0,1.0,2.0,2.0
1430,2,2,2,2,2,2,4,2,4,2,70.0,,2.0,,3.0,4.0,6.0,,,,,5.0,1.0,40.0,,1.0,,2.0,4.0,4.0,,,,,,,,5.0,1.0,,,5.0,,1.0,,4.0,,1.0,1.0,1.0,1.0,1.0,1.0,1.0,1.0,1.0,1.0,,,,,,,6,3,4,4,3,5,6,6,3,2,40.0,35.0,35.0,40.0,45.0,35.0,50.0,40.0,45.0,35.0,2.0,1.0,1.0,1.0,1.0,1.0,1.0,2.0,1.0,2.0,1.0,2.0,1.0,2.0,2.0,1.0,2.0,1.0,1.0,1.0,1.0,1.0,2.0,1.0,2.0,2.0,2.0,2.0,1.0,1.0,1.0,1.0,1.0,1.0,2.0,1.0,2.0,1.0,1.0,1.0
1543,4,4,4,5,5,5,5,4,2,2,,30.0,,1.0,,,,3.0,4.0,2.0,6.0,,,,2.0,1.0,,,,,,,,3.0,4.0,5.0,18.0,,1.0,,,,2.0,1.0,,,4.0,,,,,,,,,,,1.0,1.0,1.0,1.0,1.0,1.0,6,3,4,3,3,5,6,6,4,2,55.0,50.0,52.0,60.0,65.0,62.0,70.0,58.0,40.0,38.0,1.0,1.0,1.0,1.0,1.0,2.0,1.0,1.0,1.0,1.0,2.0,1.0,1.0,1.0,2.0,1.0,1.0,2.0,1.0,1.0,1.0,1.0,1.0,1.0,2.0,1.0,2.0,1.0,1.0,1.0,1.0,2.0,1.0,1.0,2.0,1.0,1.0,1.0,2.0,1.0
143,4,4,4,5,5,5,5,4,1,2,70.0,,3.0,,3.0,4.0,5.0,,,,,5.0,1.0,54.0,,1.0,,2.0,4.0,5.0,,,,,,,,18.0,1.0,,,6.0,,,1.0,,5.0,1.0,1.0,1.0,1.0,1.0,1.0,1.0,1.0,1.0,1.0,,,,,,,6,3,4,3,3,5,6,5,3,2,60.0,55.0,58.0,65.0,70.0,68.0,75.0,60.0,40.0,45.0,2.0,2.0,1.0,2.0,1.0,1.0,2.0,2.0,2.0,1.0,1.0,2.0,1.0,2.0,2.0,2.0,1.0,1.0,2.0,1.0,2.0,2.0,1.0,2.0,2.0,1.0,2.0,2.0,2.0,1.0,1.0,2.0,2.0,1.0,2.0,2.0,1.0,2.0,1.0,2.0
15,4,4,4,3,4,4,4,3,2,2,70.0,,4.0,,3.0,4.0,5.0,,,,6.0,,,,2.0,,2.0,,,,,,,3.0,4.0,5.0,,5.0,,2.0,5.0,,,,1.0,,4.0,1.0,1.0,1.0,1.0,1.0,1.0,1.0,1.0,1.0,1.0,,,,,,,6,3,5,4,3,5,6,5,3,2,55.0,50.0,52.0,60.0,62.0,58.0,65.0,48.0,40.0,42.0,2.0,1.0,1.0,1.0,1.0,1.0,2.0,2.0,2.0,1.0,1.0,1.0,2.0,2.0,1.0,1.0,2.0,1.0,2.0,1.0,1.0,1.0,2.0,1.0,1.0,2.0,2.0,1.0,2.0,1.0,2.0,2.0,2.0,1.0,2.0,1.0,2.0,2.0,2.0,1.0
883,4,4,4,4,4,4,5,4,2,2,70.0,,,2.0,,,,3.0,4.0,2.0,6.0,,1.0,54.0,,1.0,,3.0,4.0,5.0,,,,,,,18.0,,,2.0,,,2.0,,1.0,4.0,,1.0,1.0,1.0,1.0,1.0,1.0,1.0,1.0,1.0,1.0,,,,,,,6,3,4,3,3,5,6,5,3,2,55.0,50.0,52.0,60.0,62.0,58.0,65.0,54.0,40.0,42.0,2.0,1.0,2.0,2.0,1.0,1.0,1.0,1.0,1.0,2.0,1.0,1.0,1.0,2.0,1.0,2.0,1.0,1.0,2.0,2.0,1.0,2.0,2.0,2.0,2.0,1.0,2.0,1.0,1.0,1.0,1.0,2.0,2.0,2.0,1.0,1.0,1.0,2.0,2.0,1.0
1879,2,2,2,2,2,2,4,2,4,4,70.0,,,2.0,,,,3.0,4.0,2.0,,5.0,1.0,40.0,,,2.0,1.0,3.0,4.0,,,,,,,,15.0,1.0,,4.0,,,1.0,,,3.0,,,,,,,,,,,1.0,1.0,1.0,1.0,1.0,1.0,6,3,4,3,2,5,6,5,3,2,40.0,35.0,35.0,30.0,35.0,30.0,50.0,35.0,50.0,50.0,2.0,1.0,1.0,1.0,2.0,1.0,1.0,2.0,1.0,2.0,2.0,1.0,2.0,1.0,2.0,1.0,1.0,2.0,1.0,1.0,1.0,1.0,1.0,1.0,2.0,1.0,2.0,2.0,2.0,1.0,1.0,1.0,2.0,2.0,1.0,2.0,2.0,1.0,2.0,1.0
1617,4,4,4,4,4,4,5,4,2,2,70.0,,4.0,,,,,3.0,5.0,2.0,6.0,,1.0,54.0,,,2.0,2.0,4.0,5.0,,,,,,,18.0,,,2.0,,,2.0,1.0,,,4.0,,,,,,,,,,,1.0,1.0,1.0,1.0,1.0,1.0,6,3,4,4,2,5,6,6,3,2,55.0,50.0,52.0,60.0,62.0,58.0,65.0,54.0,40.0,42.0,1.0,1.0,2.0,2.0,2.0,1.0,1.0,2.0,2.0,2.0,1.0,1.0,1.0,2.0,1.0,2.0,1.0,1.0,2.0,2.0,1.0,1.0,1.0,2.0,2.0,1.0,1.0,2.0,2.0,1.0,1.0,1.0,1.0,2.0,1.0,1.0,1.0,2.0,1.0,1.0
1764,5,5,5,5,5,5,5,5,1,1,,30.0,5.0,,3.0,4.0,6.0,,,,6.0,,,,2.0,1.0,,2.0,5.0,6.0,,,,,,,,20.0,1.0,,,6.0,,,1.0,5.0,,1.0,1.0,1.0,1.0,1.0,1.0,1.0,1.0,1.0,1.0,,,,,,,6,3,4,3,3,5,6,5,3,2,60.0,55.0,55.0,65.0,70.0,60.0,75.0,60.0,35.0,30.0,2.0,2.0,2.0,2.0,2.0,2.0,2.0,2.0,2.0,2.0,2.0,2.0,2.0,1.0,2.0,1.0,2.0,1.0,2.0,2.0,2.0,2.0,2.0,2.0,2.0,2.0,2.0,2.0,2.0,2.0,2.0,2.0,2.0,2.0,2.0,1.0,2.0,2.0,1.0,1.0
1178,4,4,4,5,5,5,5,4,2,2,70.0,,,2.0,,,,3.0,4.0,2.0,,6.0,1.0,54.0,,,2.0,,,,,,,3.0,4.0,5.0,16.0,,,2.0,,,3.0,1.0,,,5.0,,,,,,,,,,,1.0,1.0,1.0,1.0,1.0,1.0,6,3,4,4,2,5,6,6,3,2,60.0,55.0,58.0,65.0,68.0,62.0,70.0,60.0,40.0,42.0,1.0,1.0,1.0,2.0,1.0,1.0,1.0,2.0,1.0,2.0,1.0,2.0,1.0,1.0,1.0,1.0,2.0,1.0,2.0,1.0,2.0,1.0,2.0,1.0,1.0,1.0,2.0,2.0,2.0,1.0,1.0,1.0,2.0,1.0,1.0,1.0,1.0,2.0,2.0,2.0
1582,4,4,4,4,4,4,4,4,2,2,70.0,,,1.0,3.0,4.0,5.0,,,,6.0,,,,2.0,1.0,,2.0,4.0,4.0,,,,,,,,18.0,,2.0,,,2.0,1.0,,4.0,,1.0,1.0,1.0,1.0,1.0,1.0,1.0,1.0,1.0,1.0,,,,,,,6,3,4,3,3,5,6,5,3,2,55.0,50.0,52.0,60.0,58.0,54.0,62.0,48.0,40.0,42.0,1.0,1.0,1.0,1.0,1.0,1.0,2.0,2.0,2.0,1.0,1.0,2.0,2.0,2.0,2.0,1.0,2.0,1.0,1.0,2.0,2.0,2.0,1.0,2.0,1.0,1.0,1.0,1.0,2.0,1.0,2.0,1.0,2.0,1.0,2.0,1.0,2.0,1.0,1.0,1.0
217,1,2,2,1,2,2,3,1,4,4,70.0,,2.0,,2.0,3.0,5.0,,,,5.0,,,,2.0,1.0,,,,,,,,2.0,3.0,4.0,18.0,,1.0,,4.0,,,1.0,,3.0,,1.0,1.0,1.0,1.0,1.0,1.0,1.0,1.0,1.0,1.0,,,,,,,6,3,4,4,3,5,6,6,3,2,40.0,35.0,35.0,40.0,45.0,35.0,50.0,35.0,55.0,50.0,2.0,2.0,1.0,1.0,1.0,1.0,1.0,1.0,1.0,1.0,2.0,2.0,1.0,1.0,2.0,1.0,2.0,1.0,1.0,2.0,1.0,1.0,2.0,1.0,1.0,1.0,2.0,2.0,1.0,1.0,2.0,1.0,1.0,1.0,1.0,2.0,2.0,1.0,2.0,1.0
364,5,5,5,5,5,5,5,5,1,1,70.0,,5.0,,3.0,4.0,6.0,,,,6.0,,,,2.0,1.0,,,,,,,,4.0,5.0,6.0,,,1.0,,5.0,,,,1.0,,5.0,,,,,,,,,,,1.0,1.0,1.0,1.0,1.0,1.0,6,3,4,3,2,5,6,5,4,2,60.0,55.0,60.0,65.0,70.0,60.0,75.0,60.0,40.0,35.0,2.0,2.0,2.0,2.0,1.0,2.0,1.0,1.0,2.0,2.0,2.0,2.0,2.0,1.0,2.0,1.0,1.0,1.0,2.0,1.0,2.0,2.0,1.0,1.0,2.0,2.0,1.0,1.0,1.0,2.0,2.0,1.0,2.0,1.0,2.0,2.0,2.0,1.0,1.0,1.0
578,5,5,5,5,5,5,5,5,1,1,,30.0,,1.0,3.0,4.0,5.0,,,,,6.0,,,2.0,1.0,,,,,4.0,5.0,6.0,,,,20.0,,,2.0,,,2.0,,1.0,,5.0,,,,,,,,,,,1.0,1.0,1.0,1.0,1.0,1.0,6,3,4,3,3,5,6,5,4,2,60.0,55.0,58.0,65.0,70.0,62.0,75.0,60.0,40.0,35.0,2.0,2.0,2.0,2.0,2.0,2.0,2.0,2.0,2.0,2.0,2.0,1.0,1.0,2.0,2.0,2.0,2.0,2.0,2.0,2.0,2.0,1.0,2.0,2.0,1.0,1.0,2.0,2.0,2.0,1.0,1.0,2.0,2.0,2.0,1.0,1.0,2.0,2.0,1.0,1.0
182,4,4,4,2,3,2,5,2,4,2,,30.0,3.0,,3.0,4.0,6.0,,,,,6.0,,,2.0,1.0,,,,,,,,3.0,4.0,5.0,18.0,,1.0,,,6.0,,1.0,,,4.0,1.0,1.0,1.0,1.0,1.0,1.0,1.0,1.0,1.0,1.0,,,,,,,6,3,4,4,3,5,6,6,3,2,55.0,50.0,52.0,60.0,58.0,48.0,65.0,45.0,40.0,38.0,2.0,1.0,2.0,2.0,2.0,1.0,1.0,2.0,2.0,2.0,1.0,1.0,2.0,1.0,1.0,2.0,2.0,2.0,2.0,1.0,2.0,1.0,1.0,2.0,1.0,2.0,2.0,2.0,1.0,1.0,2.0,1.0,1.0,1.0,2.0,2.0,2.0,2.0,2.0,2.0
1549,4,4,4,4,4,4,5,4,2,2,,30.0,,2.0,,,,3.0,4.0,3.0,6.0,,1.0,35.0,,,2.0,,,,,,,3.0,4.0,5.0,16.0,,,2.0,4.0,,,1.0,,4.0,,1.0,1.0,1.0,1.0,1.0,1.0,1.0,1.0,1.0,1.0,,,,,,,6,3,4,4,2,5,6,6,3,2,55.0,50.0,52.0,60.0,62.0,58.0,65.0,54.0,40.0,42.0,2.0,1.0,1.0,2.0,1.0,1.0,2.0,2.0,2.0,1.0,1.0,1.0,1.0,1.0,1.0,1.0,2.0,1.0,2.0,2.0,1.0,1.0,2.0,1.0,2.0,1.0,1.0,1.0,2.0,2.0,2.0,2.0,2.0,2.0,2.0,2.0,1.0,1.0,2.0,2.0
1226,5,5,5,5,5,5,5,5,1,2,,30.0,4.0,,3.0,4.0,6.0,,,,,6.0,1.0,54.0,,,2.0,,,,,,,3.0,5.0,6.0,18.0,,1.0,,4.0,,,1.0,,5.0,,1.0,1.0,1.0,1.0,1.0,1.0,1.0,1.0,1.0,1.0,,,,,,,6,3,4,3,3,5,6,5,4,2,60.0,55.0,60.0,65.0,70.0,60.0,75.0,60.0,40.0,35.0,2.0,1.0,2.0,1.0,1.0,2.0,1.0,2.0,2.0,1.0,1.0,2.0,1.0,2.0,1.0,2.0,2.0,2.0,2.0,1.0,1.0,1.0,2.0,1.0,1.0,1.0,2.0,2.0,1.0,1.0,2.0,2.0,1.0,1.0,2.0,2.0,2.0,2.0,1.0,1.0
1355,4,4,4,4,4,4,4,4,2,2,70.0,,4.0,,3.0,4.0,5.0,,,,,5.0,1.0,40.0,,1.0,,,,,3.0,4.0,5.0,,,,,15.0,,2.0,,,2.0,1.0,,4.0,,1.0,1.0,1.0,1.0,1.0,1.0,1.0,1.0,1.0,1.0,,,,,,,6,3,4,4,3,5,6,6,3,2,60.0,55.0,60.0,65.0,65.0,60.0,70.0,60.0,40.0,40.0,1.0,1.0,2.0,1.0,2.0,1.0,2.0,1.0,2.0,1.0,1.0,1.0,1.0,1.0,2.0,2.0,1.0,1.0,1.0,2.0,2.0,2.0,2.0,1.0,1.0,1.0,1.0,2.0,1.0,1.0,2.0,2.0,1.0,1.0,1.0,2.0,2.0,2.0,2.0,2.0
149,4,4,4,5,5,5,5,4,2,2,70.0,,4.0,,,,,3.0,4.0,2.0,6.0,,1.0,54.0,,,2.0,2.0,4.0,5.0,,,,,,,16.0,,,2.0,,,2.0,1.0,,4.0,,,,,,,,,,,,1.0,1.0,1.0,1.0,1.0,1.0,6,3,4,3,3,5,6,5,3,2,62.0,58.0,60.0,68.0,70.0,65.0,72.0,60.0,40.0,42.0,1.0,2.0,1.0,1.0,1.0,1.0,2.0,1.0,2.0,2.0,2.0,1.0,1.0,2.0,2.0,1.0,2.0,1.0,1.0,2.0,1.0,1.0,1.0,1.0,2.0,2.0,2.0,1.0,1.0,2.0,1.0,1.0,1.0,2.0,1.0,1.0,1.0,2.0,1.0,1.0
626,4,4,4,4,4,4,5,4,2,2,70.0,,4.0,,,,,3.0,5.0,3.0,,6.0,1.0,54.0,,,2.0,,,,,,,4.0,5.0,6.0,,15.0,,2.0,,,3.0,,1.0,,5.0,1.0,1.0,1.0,1.0,1.0,1.0,1.0,1.0,1.0,1.0,,,,,,,6,3,5,4,3,5,6,5,3,2,60.0,55.0,58.0,65.0,70.0,62.0,75.0,60.0,40.0,45.0,1.0,1.0,1.0,2.0,1.0,2.0,1.0,2.0,2.0,1.0,1.0,1.0,2.0,1.0,1.0,1.0,1.0,2.0,2.0,1.0,1.0,1.0,1.0,1.0,2.0,1.0,1.0,2.0,1.0,2.0,1.0,1.0,1.0,1.0,1.0,2.0,2.0,2.0,2.0,1.0
755,4,4,4,4,4,4,5,4,2,2,,30.0,,2.0,3.0,4.0,5.0,,,,,,1.0,54.0,,1.0,,,,,3.0,4.0,5.0,,,,18.0,,,2.0,,,2.0,,1.0,4.0,,,,,,,,,,,,1.0,1.0,1.0,1.0,1.0,1.0,6,3,4,3,3,5,6,5,3,2,55.0,50.0,52.0,60.0,65.0,58.0,70.0,60.0,40.0,42.0,2.0,2.0,1.0,1.0,1.0,2.0,1.0,2.0,2.0,1.0,2.0,1.0,1.0,2.0,1.0,2.0,1.0,1.0,1.0,1.0,2.0,2.0,2.0,2.0,2.0,1.0,1.0,1.0,1.0,2.0,2.0,1.0,2.0,1.0,1.0,2.0,1.0,1.0,1.0,1.0
848,5,5,5,5,5,5,5,5,1,2,,30.0,1.0,,,,,3.0,5.0,2.0,,6.0,1.0,54.0,,,2.0,2.0,4.0,5.0,,,,,,,,15.0,1.0,,,,3.0,1.0,,5.0,,1.0,1.0,1.0,1.0,1.0,1.0,1.0,1.0,1.0,1.0,,,,,,,6,3,4,3,3,5,6,5,3,2,60.0,55.0,60.0,65.0,70.0,65.0,75.0,60.0,40.0,45.0,1.0,1.0,1.0,1.0,1.0,2.0,1.0,2.0,1.0,2.0,1.0,2.0,2.0,1.0,1.0,2.0,2.0,1.0,1.0,2.0,1.0,1.0,2.0,1.0,2.0,1.0,2.0,1.0,1.0,1.0,1.0,1.0,2.0,2.0,1.0,2.0,1.0,1.0,1.0,1.0
1394,2,2,2,2,2,2,4,2,4,4,,30.0,,2.0,2.0,3.0,5.0,,,,,5.0,1.0,40.0,,1.0,,2.0,3.0,4.0,,,,,,,18.0,,1.0,,4.0,,,,1.0,3.0,,1.0,1.0,1.0,1.0,1.0,1.0,1.0,1.0,1.0,1.0,,,,,,,6,3,4,3,3,5,6,5,3,2,40.0,38.0,38.0,40.0,40.0,38.0,60.0,38.0,60.0,60.0,2.0,2.0,1.0,1.0,1.0,1.0,1.0,2.0,2.0,1.0,2.0,1.0,2.0,1.0,1.0,2.0,1.0,2.0,2.0,2.0,2.0,1.0,2.0,1.0,1.0,2.0,2.0,2.0,2.0,2.0,1.0,1.0,1.0,2.0,2.0,1.0,2.0,1.0,2.0,1.0
1588,4,4,4,5,5,4,5,4,2,2,70.0,,,1.0,,,,3.0,5.0,3.0,6.0,,,,2.0,,2.0,2.0,4.0,5.0,,,,,,,,5.0,1.0,,,6.0,,,1.0,,4.0,,,,,,,,,,,1.0,1.0,1.0,1.0,1.0,1.0,6,3,5,4,3,5,6,6,3,2,55.0,50.0,52.0,60.0,65.0,58.0,70.0,54.0,40.0,42.0,1.0,2.0,1.0,2.0,1.0,1.0,1.0,2.0,2.0,2.0,2.0,2.0,1.0,2.0,1.0,1.0,1.0,1.0,2.0,1.0,2.0,1.0,2.0,2.0,1.0,2.0,1.0,1.0,2.0,2.0,1.0,1.0,1.0,2.0,1.0,2.0,2.0,2.0,1.0,2.0
1001,2,3,2,2,3,2,3,2,4,4,,30.0,2.0,,2.0,3.0,5.0,,,,,5.0,,,2.0,,2.0,,,,,,,3.0,4.0,4.0,,15.0,1.0,,3.0,,,1.0,,,4.0,1.0,1.0,1.0,1.0,1.0,1.0,1.0,1.0,1.0,1.0,,,,,,,6,3,4,4,3,5,6,6,3,2,45.0,40.0,42.0,50.0,55.0,48.0,60.0,40.0,35.0,38.0,1.0,2.0,1.0,2.0,2.0,2.0,2.0,1.0,2.0,2.0,1.0,2.0,1.0,2.0,2.0,1.0,1.0,2.0,2.0,1.0,2.0,2.0,1.0,1.0,1.0,2.0,2.0,2.0,2.0,2.0,1.0,1.0,1.0,2.0,1.0,1.0,1.0,2.0,1.0,1.0
1172,2,3,3,3,4,3,4,3,4,2,,30.0,2.0,,2.0,3.0,5.0,,,,6.0,,,,2.0,,2.0,,,,,,,3.0,4.0,5.0,18.0,,1.0,,,6.0,,,1.0,4.0,,,,,,,,,,,,1.0,1.0,1.0,1.0,1.0,1.0,6,3,4,4,2,5,6,6,3,2,45.0,40.0,40.0,50.0,55.0,55.0,60.0,45.0,50.0,40.0,2.0,2.0,2.0,1.0,2.0,2.0,1.0,1.0,2.0,2.0,2.0,2.0,2.0,1.0,1.0,1.0,1.0,2.0,2.0,1.0,2.0,1.0,1.0,1.0,1.0,2.0,2.0,2.0,2.0,1.0,1.0,2.0,2.0,1.0,1.0,1.0,2.0,2.0,2.0,1.0
794,5,5,5,5,5,5,5,5,1,1,70.0,,,1.0,3.0,4.0,6.0,,,,6.0,,1.0,54.0,,,2.0,,,,,,,4.0,5.0,6.0,5.0,,1.0,,,7.0,,,1.0,5.0,,,,,,,,,,,,1.0,1.0,1.0,1.0,1.0,1.0,6,3,4,3,3,5,6,5,4,2,60.0,55.0,58.0,65.0,68.0,62.0,70.0,60.0,35.0,30.0,1.0,2.0,2.0,1.0,2.0,2.0,2.0,2.0,1.0,2.0,1.0,1.0,1.0,2.0,2.0,1.0,1.0,1.0,2.0,1.0,2.0,2.0,2.0,1.0,1.0,2.0,1.0,2.0,2.0,1.0,2.0,1.0,2.0,2.0,1.0,1.0,2.0,1.0,2.0,2.0
188,4,4,4,4,4,4,5,4,2,2,70.0,,3.0,,,,,3.0,4.0,2.0,,6.0,,,2.0,1.0,,,,,,,,3.0,4.0,5.0,,15.0,1.0,,,6.0,,,1.0,4.0,,,,,,,,,,,,1.0,1.0,1.0,1.0,1.0,1.0,6,3,4,3,3,5,6,5,3,2,55.0,50.0,52.0,60.0,65.0,58.0,70.0,54.0,40.0,42.0,2.0,2.0,2.0,2.0,1.0,2.0,1.0,2.0,2.0,1.0,1.0,1.0,2.0,1.0,1.0,2.0,1.0,2.0,1.0,2.0,1.0,1.0,2.0,2.0,1.0,2.0,1.0,2.0,1.0,1.0,1.0,2.0,1.0,2.0,2.0,1.0,2.0,1.0,2.0,1.0
401,2,3,2,3,3,3,3,2,4,2,,30.0,3.0,,,,,2.0,5.0,3.0,5.0,,1.0,30.0,,1.0,,1.0,2.0,2.0,,,,,,,,20.0,1.0,,,3.0,,,1.0,3.0,,,,,,,,,,,,1.0,1.0,1.0,1.0,1.0,1.0,6,2,3,2,3,5,6,6,2,1,40.0,35.0,35.0,40.0,40.0,40.0,45.0,35.0,50.0,35.0,1.0,2.0,2.0,2.0,2.0,1.0,2.0,2.0,2.0,2.0,2.0,1.0,1.0,1.0,2.0,2.0,2.0,1.0,2.0,2.0,1.0,2.0,1.0,2.0,2.0,2.0,2.0,2.0,2.0,2.0,1.0,2.0,2.0,2.0,2.0,2.0,2.0,2.0,2.0,1.0
572,2,2,2,2,2,2,4,2,4,4,,30.0,,2.0,,,,3.0,5.0,2.0,,6.0,1.0,54.0,,1.0,,,,,,,,4.0,4.0,5.0,18.0,,,2.0,,,2.0,,1.0,,4.0,1.0,1.0,1.0,1.0,1.0,1.0,1.0,1.0,1.0,1.0,,,,,,,6,3,4,3,3,5,6,5,3,2,40.0,35.0,38.0,45.0,50.0,35.0,60.0,40.0,55.0,50.0,2.0,1.0,2.0,1.0,2.0,1.0,2.0,1.0,1.0,2.0,2.0,1.0,1.0,1.0,2.0,1.0,2.0,1.0,1.0,2.0,1.0,1.0,1.0,1.0,2.0,1.0,2.0,1.0,2.0,1.0,1.0,2.0,1.0,2.0,1.0,1.0,2.0,1.0,1.0,1.0
889,5,5,5,5,5,5,5,5,1,1,,30.0,4.0,,,,,3.0,5.0,2.0,,6.0,1.0,54.0,,1.0,,,,,4.0,5.0,6.0,,,,,18.0,1.0,,4.0,,,,1.0,,5.0,1.0,1.0,1.0,1.0,1.0,1.0,1.0,1.0,1.0,1.0,,,,,,,6,3,4,3,3,5,6,5,4,2,55.0,50.0,52.0,60.0,65.0,58.0,70.0,60.0,40.0,35.0,2.0,2.0,2.0,2.0,2.0,1.0,2.0,2.0,2.0,2.0,2.0,2.0,1.0,2.0,2.0,2.0,1.0,1.0,2.0,1.0,2.0,1.0,2.0,1.0,2.0,2.0,1.0,2.0,2.0,2.0,1.0,1.0,2.0,1.0,2.0,1.0,1.0,1.0,1.0,2.0
1900,4,4,4,4,4,4,4,4,2,2,,30.0,3.0,,2.0,3.0,5.0,,,,,5.0,1.0,54.0,,,2.0,2.0,4.0,4.0,,,,,,,,18.0,1.0,,,6.0,,,1.0,4.0,,,,,,,,,,,,1.0,1.0,1.0,1.0,1.0,1.0,6,3,4,4,3,5,6,6,3,2,55.0,50.0,52.0,60.0,62.0,58.0,65.0,54.0,40.0,38.0,1.0,2.0,2.0,2.0,2.0,1.0,2.0,2.0,2.0,2.0,2.0,2.0,2.0,2.0,2.0,2.0,1.0,2.0,2.0,1.0,1.0,1.0,1.0,1.0,1.0,1.0,2.0,1.0,2.0,2.0,2.0,1.0,1.0,1.0,2.0,1.0,2.0,2.0,2.0,2.0
1873,4,4,4,4,4,4,5,4,2,2,,30.0,,2.0,,,,3.0,5.0,2.0,,6.0,1.0,54.0,,,2.0,,,,4.0,5.0,6.0,,,,,15.0,1.0,,4.0,,,1.0,,5.0,,1.0,1.0,1.0,1.0,1.0,1.0,1.0,1.0,1.0,1.0,,,,,,,6,3,4,4,3,5,6,6,4,2,55.0,50.0,52.0,60.0,65.0,58.0,70.0,60.0,40.0,38.0,1.0,2.0,1.0,1.0,1.0,2.0,1.0,2.0,2.0,1.0,1.0,2.0,2.0,2.0,1.0,2.0,2.0,2.0,1.0,2.0,2.0,1.0,2.0,1.0,1.0,1.0,1.0,1.0,2.0,2.0,2.0,1.0,2.0,2.0,1.0,1.0,2.0,1.0,1.0,2.0
1074,2,2,2,1,2,2,4,2,4,4,,30.0,,2.0,2.0,3.0,6.0,,,,6.0,,,,2.0,,2.0,,,,,,,2.0,4.0,4.0,,15.0,1.0,,3.0,,,,1.0,4.0,,1.0,1.0,1.0,1.0,1.0,1.0,1.0,1.0,1.0,1.0,,,,,,,6,3,4,3,3,5,6,5,3,2,45.0,40.0,38.0,35.0,40.0,38.0,60.0,40.0,55.0,55.0,2.0,1.0,1.0,2.0,1.0,2.0,2.0,1.0,2.0,1.0,2.0,1.0,2.0,1.0,2.0,1.0,1.0,1.0,2.0,2.0,1.0,2.0,1.0,1.0,2.0,1.0,2.0,1.0,1.0,1.0,1.0,1.0,2.0,1.0,2.0,1.0,2.0,2.0,2.0,2.0
1107,4,4,4,5,5,5,4,4,1,2,70.0,,,1.0,2.0,3.0,6.0,,,,6.0,,,,2.0,,2.0,2.0,4.0,4.0,,,,,,,20.0,,,2.0,,10.0,,,2.0,,4.0,1.0,1.0,1.0,1.0,1.0,1.0,1.0,1.0,1.0,1.0,,,,,,,6,3,4,3,2,5,6,5,3,2,55.0,50.0,52.0,60.0,65.0,58.0,62.0,54.0,40.0,45.0,2.0,2.0,2.0,2.0,2.0,2.0,2.0,2.0,2.0,2.0,2.0,2.0,2.0,1.0,2.0,2.0,2.0,2.0,2.0,2.0,2.0,1.0,2.0,2.0,2.0,2.0,2.0,2.0,2.0,2.0,2.0,1.0,2.0,2.0,2.0,2.0,2.0,2.0,2.0,2.0
1292,4,4,4,4,4,4,5,4,2,2,70.0,,,2.0,3.0,4.0,5.0,,,,,,1.0,54.0,,1.0,,,,,4.0,5.0,6.0,,,,16.0,,1.0,,4.0,,,1.0,,4.0,,1.0,1.0,1.0,1.0,1.0,1.0,1.0,1.0,1.0,1.0,,,,,,,6,3,4,3,3,5,6,5,3,2,60.0,55.0,58.0,65.0,68.0,62.0,70.0,60.0,40.0,42.0,2.0,2.0,1.0,2.0,1.0,2.0,2.0,1.0,2.0,1.0,1.0,1.0,2.0,2.0,1.0,2.0,1.0,2.0,1.0,1.0,2.0,2.0,2.0,1.0,2.0,2.0,2.0,2.0,1.0,1.0,2.0,1.0,1.0,2.0,2.0,1.0,2.0,1.0,1.0,2.0
1668,3,3,3,3,4,4,4,3,2,2,70.0,,,2.0,3.0,4.0,5.0,,,,,5.0,,,2.0,,2.0,,,,3.0,4.0,4.0,,,,18.0,,,2.0,,,2.0,1.0,,,4.0,,,,,,,,,,,1.0,1.0,1.0,1.0,1.0,1.0,6,3,4,3,2,5,6,5,3,2,50.0,45.0,48.0,55.0,60.0,58.0,65.0,52.0,40.0,38.0,1.0,1.0,2.0,2.0,1.0,2.0,1.0,2.0,2.0,1.0,2.0,2.0,1.0,2.0,2.0,1.0,1.0,1.0,2.0,1.0,1.0,1.0,1.0,1.0,1.0,2.0,2.0,1.0,1.0,2.0,2.0,1.0,2.0,1.0,1.0,2.0,2.0,2.0,2.0,1.0
474,4,4,4,4,4,4,4,4,2,2,,30.0,,3.0,,,,3.0,5.0,2.0,,6.0,1.0,54.0,,,2.0,,,,4.0,4.0,5.0,,,,,15.0,,2.0,4.0,,,1.0,,,4.0,,,,,,,,,,,1.0,1.0,1.0,1.0,1.0,1.0,6,3,4,4,3,5,6,6,3,2,55.0,50.0,52.0,60.0,62.0,58.0,65.0,54.0,40.0,42.0,2.0,1.0,2.0,1.0,1.0,1.0,2.0,1.0,1.0,2.0,1.0,2.0,1.0,1.0,2.0,2.0,2.0,1.0,1.0,1.0,2.0,1.0,2.0,2.0,2.0,1.0,2.0,1.0,1.0,1.0,1.0,2.0,1.0,1.0,1.0,1.0,2.0,2.0,2.0,1.0
507,3,3,3,3,4,3,4,3,2,2,70.0,,3.0,,2.0,3.0,5.0,,,,6.0,,1.0,40.0,,,2.0,,,,,,,3.0,4.0,5.0,18.0,,,2.0,,6.0,,1.0,,,4.0,,,,,,,,,,,1.0,1.0,1.0,1.0,1.0,1.0,6,3,4,3,3,5,6,5,3,2,50.0,45.0,48.0,55.0,60.0,50.0,65.0,52.0,40.0,38.0,1.0,1.0,2.0,2.0,2.0,1.0,1.0,2.0,2.0,1.0,1.0,1.0,1.0,2.0,2.0,2.0,1.0,2.0,2.0,2.0,2.0,2.0,2.0,1.0,2.0,2.0,1.0,2.0,2.0,1.0,2.0,1.0,1.0,1.0,1.0,2.0,2.0,1.0,2.0,1.0
692,2,2,2,2,2,2,4,2,4,2,,30.0,2.0,,,,,3.0,4.0,2.0,6.0,,,,2.0,,2.0,2.0,4.0,4.0,,,,,,,18.0,,1.0,,4.0,,,,1.0,4.0,,1.0,1.0,1.0,1.0,1.0,1.0,1.0,1.0,1.0,1.0,,,,,,,6,3,4,4,3,5,6,6,3,2,45.0,40.0,40.0,40.0,45.0,40.0,60.0,40.0,55.0,40.0,1.0,1.0,2.0,2.0,1.0,1.0,1.0,1.0,2.0,1.0,2.0,1.0,2.0,1.0,1.0,1.0,1.0,1.0,1.0,2.0,2.0,2.0,2.0,2.0,1.0,1.0,1.0,2.0,2.0,2.0,2.0,2.0,1.0,2.0,2.0,2.0,1.0,1.0,2.0,2.0
268,5,5,5,5,5,5,5,5,1,2,,30.0,,1.0,3.0,4.0,6.0,,,,6.0,,1.0,54.0,,1.0,,,,,4.0,5.0,6.0,,,,,0.0,,2.0,,,1.0,1.0,,5.0,,,,,,,,,,,,1.0,1.0,1.0,1.0,1.0,1.0,6,3,4,3,2,5,6,5,4,2,60.0,55.0,60.0,65.0,70.0,60.0,70.0,60.0,40.0,35.0,2.0,2.0,1.0,2.0,1.0,2.0,1.0,2.0,1.0,2.0,2.0,1.0,1.0,2.0,2.0,2.0,1.0,2.0,1.0,2.0,2.0,2.0,1.0,2.0,2.0,2.0,2.0,2.0,1.0,2.0,2.0,1.0,1.0,1.0,2.0,1.0,1.0,1.0,2.0,2.0
1975,4,4,4,5,5,5,5,4,1,2,,30.0,4.0,,,,,3.0,5.0,2.0,6.0,,1.0,45.0,,,2.0,,,,,,,2.0,4.0,4.0,18.0,,1.0,,,,2.0,,1.0,,4.0,,,,,,,,,,,1.0,1.0,1.0,1.0,1.0,1.0,6,3,4,3,2,5,6,5,3,2,55.0,50.0,52.0,60.0,62.0,58.0,65.0,54.0,40.0,45.0,1.0,2.0,1.0,2.0,2.0,1.0,2.0,1.0,2.0,1.0,1.0,2.0,2.0,1.0,1.0,1.0,2.0,1.0,2.0,2.0,2.0,1.0,2.0,1.0,2.0,2.0,2.0,2.0,2.0,1.0,1.0,2.0,2.0,1.0,2.0,1.0,1.0,2.0,2.0,1.0
1806,2,2,2,2,2,2,4,2,4,4,,30.0,2.0,,,,,3.0,4.0,2.0,,5.0,1.0,54.0,,,2.0,,,,2.0,4.0,4.0,,,,,0.0,2.0,,,6.0,,1.0,,4.0,,,,,,,,,,,,1.0,1.0,1.0,1.0,1.0,1.0,6,3,4,4,2,5,6,6,3,2,40.0,35.0,35.0,40.0,45.0,35.0,60.0,40.0,50.0,50.0,1.0,2.0,1.0,1.0,1.0,1.0,1.0,1.0,2.0,1.0,1.0,1.0,2.0,1.0,2.0,1.0,2.0,1.0,2.0,1.0,1.0,2.0,1.0,2.0,2.0,1.0,2.0,2.0,1.0,1.0,1.0,1.0,1.0,2.0,1.0,1.0,2.0,1.0,1.0,1.0
1253,4,4,4,4,4,4,4,4,2,2,70.0,,,1.0,,,,3.0,5.0,2.0,6.0,,,,2.0,1.0,,,,,,,,3.0,4.0,5.0,15.0,,,1.0,,,2.0,,1.0,,5.0,,,,,,,,,,,1.0,1.0,1.0,1.0,1.0,1.0,6,3,4,3,3,5,6,5,3,2,60.0,55.0,58.0,65.0,68.0,62.0,70.0,60.0,40.0,45.0,1.0,2.0,1.0,1.0,2.0,1.0,2.0,2.0,1.0,1.0,1.0,1.0,1.0,1.0,1.0,2.0,2.0,1.0,2.0,2.0,1.0,1.0,1.0,2.0,1.0,2.0,1.0,2.0,2.0,1.0,2.0,1.0,1.0,1.0,2.0,1.0,2.0,1.0,1.0,1.0
1320,2,3,3,4,4,3,4,2,2,2,70.0,,,2.0,,,,3.0,5.0,2.0,,,,,,,2.0,,,,3.0,4.0,4.0,,,,18.0,,,2.0,,,2.0,1.0,,4.0,,1.0,1.0,1.0,1.0,1.0,1.0,1.0,1.0,1.0,1.0,,,,,,,6,3,4,3,3,5,6,5,3,2,45.0,40.0,42.0,55.0,60.0,50.0,65.0,40.0,35.0,38.0,2.0,1.0,1.0,1.0,1.0,1.0,1.0,2.0,1.0,1.0,1.0,2.0,2.0,2.0,1.0,2.0,1.0,1.0,1.0,1.0,1.0,1.0,2.0,2.0,2.0,1.0,1.0,1.0,1.0,2.0,1.0,1.0,1.0,1.0,2.0,2.0,2.0,2.0,2.0,2.0
653,2,2,2,2,2,2,4,2,4,4,70.0,,,2.0,3.0,4.0,5.0,,,,,6.0,1.0,40.0,,1.0,,,,,3.0,4.0,4.0,,,,16.0,,1.0,,4.0,,,,1.0,,4.0,1.0,1.0,1.0,1.0,1.0,1.0,1.0,1.0,1.0,1.0,,,,,,,6,3,4,4,3,5,6,6,3,2,45.0,40.0,40.0,40.0,40.0,40.0,60.0,40.0,60.0,60.0,1.0,1.0,1.0,2.0,2.0,2.0,1.0,1.0,2.0,1.0,2.0,2.0,2.0,1.0,1.0,1.0,2.0,2.0,1.0,1.0,2.0,2.0,1.0,2.0,1.0,2.0,2.0,2.0,2.0,1.0,1.0,1.0,2.0,2.0,2.0,2.0,2.0,2.0,1.0,2.0
720,2,2,2,2,2,2,4,2,4,4,,30.0,2.0,,,,,3.0,4.0,2.0,,5.0,,,2.0,,2.0,,,,,,,2.0,4.0,4.0,,0.0,,2.0,,,2.0,,1.0,,4.0,1.0,1.0,1.0,1.0,1.0,1.0,1.0,1.0,1.0,1.0,,,,,,,6,3,4,3,3,5,6,5,3,2,40.0,35.0,35.0,30.0,35.0,30.0,60.0,35.0,50.0,50.0,2.0,2.0,2.0,1.0,1.0,2.0,1.0,2.0,2.0,1.0,2.0,2.0,2.0,1.0,1.0,2.0,1.0,2.0,2.0,2.0,2.0,2.0,2.0,1.0,1.0,1.0,1.0,2.0,2.0,1.0,1.0,1.0,2.0,2.0,1.0,2.0,2.0,2.0,2.0,1.0
