TWIN_ID,False Cons. self _1,False Cons. self _2,False Cons. self _3,False Cons. self _4,False Cons. self _5,False Cons. self _6,False Cons. self _7,False Cons. self _8,False Cons. self _9,False Cons. self _10,Q156_1,Form A _1,Q158,Q157,Q160_1,Q160_2,Q160_3,Q159_1,Q159_2,Q159_3,Q162,Q161,Q163,Q164,Q165,Q167,Q169,Q171,Q174,Q177,Q172,Q175,Q178,Q173,Q176,Q179,Q181,Q182,Q183,Q184,Q189,Q190,Q191,Q192,Q193,Q194,Q195,Q198_1,Q198_2,Q198_3,Q198_4,Q198_5,Q198_6,Q198_7,Q198_8,Q198_9,Q198_10,Q203_1,Q203_2,Q203_3,Q203_4,Q203_5,Q203_6,nonseparabilty bene _1,nonseparabilty bene _2,nonseparabilty bene _3,nonseparabilty bene _4,nonseparability ris _1,nonseparability ris _2,nonseparability ris _3,nonseparability ris _4,Omission bias ,Denominator neglect ,False cons. others _1,False cons. others _2,False cons. others _3,False cons. others _4,False cons. others _5,False cons. others _6,False cons. others _7,False cons. others _10,False cons. others _11,False cons. others _12,1_Q295,2_Q295,3_Q295,4_Q295,5_Q295,6_Q295,7_Q295,8_Q295,9_Q295,10_Q295,11_Q295,12_Q295,13_Q295,14_Q295,15_Q295,16_Q295,17_Q295,18_Q295,19_Q295,20_Q295,21_Q295,22_Q295,23_Q295,24_Q295,25_Q295,26_Q295,27_Q295,28_Q295,29_Q295,30_Q295,31_Q295,32_Q295,33_Q295,34_Q295,35_Q295,36_Q295,37_Q295,38_Q295,39_Q295,40_Q295
1634,2,3,2,2,2,2,2,2,1,1,70.0,,,1.0,,,,3.0,4.0,3.0,,5.0,1.0,30.0,,1.0,,,,,1.0,2.0,4.0,,,,,,,2.0,5.0,,,,1.0,3.0,,,,,,,,,,,,1.0,1.0,1.0,1.0,1.0,1.0,6,2,2,2,2,4,6,6,3,2,40.0,35.0,30.0,30.0,30.0,25.0,40.0,30.0,60.0,50.0,1,2,2,1,2,2,2,2,2,1,2,1,1,1,2,1,2,2,2,2,1,2,2,2,2,2,2,1,1,1,1,1,1,1,1,1,2,2,2,1
1747,2,3,2,2,3,2,4,2,4,3,,30.0,1.0,,3.0,4.0,6.0,,,,,5.0,1.0,30.0,,1.0,,1.0,2.0,4.0,,,,,,,,,,2.0,,7.0,,1.0,,3.0,,,,,,,,,,,,1.0,1.0,1.0,1.0,1.0,1.0,6,3,3,3,3,5,6,6,3,2,45.0,40.0,35.0,35.0,40.0,30.0,50.0,30.0,60.0,35.0,2,2,2,2,1,2,1,2,2,1,2,1,1,1,2,1,1,1,2,1,2,1,2,1,1,2,1,1,2,2,2,2,2,2,1,2,1,2,2,1
1028,5,5,5,5,5,5,5,5,2,2,,30.0,4.0,,,,,3.0,4.0,2.0,5.0,,,,2.0,1.0,,,,,,,,2.0,4.0,4.0,,20.0,,2.0,,6.0,,,2.0,,5.0,1.0,1.0,1.0,1.0,1.0,1.0,1.0,1.0,1.0,1.0,,,,,,,6,2,2,2,2,5,6,6,3,1,60.0,55.0,60.0,70.0,75.0,65.0,80.0,60.0,40.0,35.0,2,2,2,2,2,1,2,2,2,2,2,2,1,2,1,2,2,2,2,1,2,2,1,2,2,2,1,2,1,2,1,2,1,2,2,1,2,2,2,1
234,4,4,4,4,4,4,4,4,2,2,,30.0,1.0,,,,,4.0,4.0,3.0,,5.0,1.0,30.0,,,2.0,1.0,4.0,5.0,,,,,,,,,1.0,,3.0,,,1.0,,,4.0,1.0,1.0,1.0,1.0,1.0,1.0,1.0,1.0,1.0,1.0,,,,,,,6,3,2,2,2,5,6,6,3,2,60.0,55.0,50.0,60.0,65.0,60.0,70.0,55.0,50.0,45.0,1,2,2,1,1,1,2,2,1,2,2,1,2,1,2,2,1,2,2,2,2,2,2,1,2,1,2,2,1,1,2,1,2,1,2,1,1,1,1,2
347,4,4,4,3,4,3,5,4,2,2,70.0,,,1.0,3.0,4.0,6.0,,,,5.0,,1.0,40.0,,1.0,,1.0,4.0,4.0,,,,,,,,20.0,1.0,,3.0,,,,1.0,4.0,,,,,,,,,,,,1.0,1.0,1.0,1.0,1.0,1.0,6,3,3,3,3,5,6,6,3,2,60.0,55.0,50.0,65.0,65.0,60.0,70.0,60.0,55.0,45.0,1,2,2,1,1,2,2,2,2,2,1,2,2,2,2,2,2,2,1,1,2,1,1,2,2,2,1,2,1,1,2,2,2,1,1,1,1,1,2,2
428,4,4,4,4,4,4,4,4,2,2,,30.0,,1.0,,,,4.0,4.0,3.0,,5.0,1.0,54.0,,1.0,,,,,2.0,4.0,4.0,,,,5.0,,1.0,,,,3.0,1.0,,,4.0,,,,,,,,,,,1.0,1.0,1.0,1.0,1.0,1.0,6,3,3,3,3,5,6,6,3,2,60.0,55.0,60.0,65.0,65.0,60.0,70.0,60.0,55.0,50.0,1,1,2,1,1,1,2,1,2,2,2,2,1,1,1,1,2,2,1,2,1,2,2,1,1,1,2,2,2,1,1,2,2,1,2,1,1,2,1,2
36,5,5,5,5,5,5,5,5,1,1,70.0,,1.0,,3.0,4.0,6.0,,,,,7.0,,,2.0,,2.0,1.0,5.0,6.0,,,,,,,,,1.0,,,6.0,,1.0,,5.0,,1.0,1.0,1.0,1.0,1.0,1.0,1.0,1.0,1.0,1.0,,,,,,,7,3,4,4,2,5,6,6,4,1,65.0,60.0,65.0,70.0,75.0,70.0,80.0,70.0,30.0,25.0,1,2,2,2,2,2,2,1,1,1,1,2,1,1,2,1,1,2,2,1,2,2,2,2,2,1,2,1,2,1,1,1,2,1,1,2,1,2,2,2
2047,2,2,2,1,2,2,2,1,1,1,,30.0,1.0,,2.0,3.0,6.0,,,,,5.0,,,2.0,1.0,,1.0,2.0,3.0,,,,,,,20.0,,,2.0,,9.0,,1.0,,,3.0,1.0,1.0,1.0,1.0,1.0,1.0,1.0,1.0,1.0,1.0,,,,,,,6,2,2,2,2,4,6,6,1,1,30.0,25.0,25.0,20.0,25.0,20.0,25.0,20.0,40.0,30.0,2,2,2,1,2,2,2,1,2,1,1,2,1,2,1,1,1,2,1,1,2,2,2,2,1,2,1,2,2,1,1,1,1,1,2,2,2,2,1,2
2,5,5,5,5,5,5,5,5,1,1,,30.0,4.0,,3.0,4.0,6.0,,,,5.0,,1.0,54.0,,1.0,,1.0,5.0,6.0,,,,,,,,20.0,,2.0,,7.0,,1.0,,5.0,,1.0,1.0,1.0,1.0,1.0,1.0,1.0,1.0,1.0,1.0,,,,,,,6,2,2,2,2,5,6,6,3,2,60.0,55.0,60.0,70.0,65.0,65.0,80.0,60.0,30.0,35.0,2,2,1,1,1,1,1,2,1,2,1,2,1,2,2,2,2,2,2,2,1,1,1,1,1,1,2,2,1,2,1,2,1,2,1,1,2,1,2,1
1929,3,3,3,2,3,2,4,2,4,2,70.0,,,1.0,3.0,4.0,6.0,,,,5.0,,1.0,40.0,,1.0,,,,,1.0,4.0,5.0,,,,2.0,,1.0,,,6.0,,,1.0,,4.0,,,,,,,,,,,1.0,1.0,1.0,1.0,1.0,1.0,6,3,3,2,2,5,6,5,3,2,55.0,50.0,50.0,40.0,50.0,45.0,60.0,40.0,60.0,35.0,2,1,2,1,1,1,2,1,2,2,2,2,2,2,2,2,2,1,2,1,2,1,1,2,2,2,2,1,1,1,1,1,1,1,2,1,1,2,1,1
1413,2,2,2,2,2,2,2,2,1,2,,30.0,,1.0,2.0,3.0,5.0,,,,3.0,,,,2.0,1.0,,,,,1.0,2.0,3.0,,,,,,2.0,,3.0,,,,1.0,,3.0,1.0,1.0,1.0,1.0,1.0,1.0,1.0,1.0,1.0,1.0,,,,,,,6,2,2,2,2,4,6,6,2,2,40.0,35.0,30.0,30.0,30.0,25.0,30.0,20.0,60.0,25.0,2,2,1,2,1,2,2,2,2,2,1,2,2,1,2,1,2,2,2,2,2,2,1,2,2,2,1,2,2,2,2,2,2,1,1,2,1,2,1,1
1560,4,4,4,4,4,4,5,4,2,2,70.0,,,1.0,3.0,4.0,6.0,,,,5.0,,1.0,40.0,,,2.0,,,,2.0,4.0,5.0,,,,,18.0,1.0,,,,2.0,,1.0,4.0,,,,,,,,,,,,1.0,1.0,1.0,1.0,1.0,1.0,6,3,4,3,3,5,6,5,3,2,60.0,55.0,58.0,65.0,68.0,60.0,75.0,70.0,40.0,35.0,1,2,1,2,1,2,2,2,2,1,2,2,1,1,2,2,1,2,1,1,1,2,1,2,2,2,2,2,1,2,1,1,1,1,2,1,1,2,2,1
1786,5,4,5,5,5,5,5,5,1,2,70.0,,,1.0,3.0,4.0,6.0,,,,5.0,,,,2.0,,2.0,1.0,4.0,6.0,,,,,,,,20.0,1.0,,5.0,,,1.0,,5.0,,,,,,,,,,,,1.0,1.0,1.0,1.0,1.0,1.0,6,3,4,3,3,5,6,5,3,2,62.0,55.0,60.0,70.0,68.0,65.0,75.0,60.0,40.0,35.0,2,2,2,2,2,2,2,2,2,2,1,1,2,2,2,1,1,1,2,2,2,2,1,2,2,2,1,1,2,2,1,2,1,2,1,2,1,1,2,1
160,4,4,4,3,4,3,5,4,2,2,70.0,,4.0,,,,,3.0,4.0,5.0,,5.0,1.0,50.0,,,2.0,1.0,4.0,5.0,,,,,,,,20.0,1.0,,5.0,,,1.0,,4.0,,1.0,1.0,1.0,1.0,1.0,1.0,1.0,1.0,1.0,1.0,,,,,,,6,3,2,2,2,5,6,6,3,2,60.0,55.0,50.0,60.0,65.0,55.0,70.0,60.0,50.0,45.0,2,1,2,2,1,1,2,2,1,2,2,1,2,2,2,1,1,2,2,1,1,2,1,1,2,2,2,1,1,2,2,1,1,1,1,2,2,2,2,1
386,4,4,4,4,5,4,5,4,2,2,,30.0,,1.0,3.0,4.0,6.0,,,,5.0,,,,2.0,1.0,,,,,2.0,4.0,6.0,,,,,,1.0,,,,3.0,,1.0,4.0,,1.0,1.0,1.0,1.0,1.0,1.0,1.0,1.0,1.0,1.0,,,,,,,6,3,3,3,2,5,6,5,3,1,60.0,55.0,50.0,60.0,65.0,60.0,70.0,60.0,40.0,35.0,1,2,2,2,1,1,1,1,2,1,1,2,1,2,2,2,2,1,1,2,1,2,2,2,2,2,2,1,1,1,1,2,1,2,1,1,2,1,2,2
912,4,4,4,4,4,4,5,4,2,2,,30.0,,1.0,3.0,3.0,6.0,,,,,5.0,1.0,45.0,,1.0,,,,,1.0,4.0,5.0,,,,,18.0,1.0,,5.0,,,,1.0,4.0,,,,,,,,,,,,1.0,1.0,1.0,1.0,1.0,1.0,6,2,2,2,2,5,6,6,3,2,60.0,55.0,60.0,65.0,65.0,60.0,70.0,60.0,40.0,35.0,1,2,2,1,1,1,2,1,2,1,2,2,1,2,2,1,2,2,2,2,2,2,2,1,2,2,1,1,2,2,1,2,2,1,1,2,2,2,1,2
861,4,4,4,4,4,4,5,4,2,2,,30.0,,1.0,,,,3.0,4.0,5.0,,5.0,,,2.0,,2.0,,,,1.0,4.0,5.0,,,,,,,2.0,5.0,,,1.0,,4.0,,1.0,1.0,1.0,1.0,1.0,1.0,1.0,1.0,1.0,1.0,,,,,,,6,3,2,2,2,5,6,6,3,2,62.0,54.0,58.0,60.0,67.0,60.0,75.0,60.0,45.0,40.0,1,2,2,2,1,2,2,2,1,1,2,2,2,2,2,2,2,1,2,2,1,1,1,2,1,1,2,2,1,1,1,2,2,2,1,1,2,2,2,2
1680,4,4,4,5,5,5,5,4,2,2,70.0,,4.0,,3.0,4.0,6.0,,,,,5.0,,,2.0,,2.0,,,,2.0,4.0,5.0,,,,18.0,,1.0,,,,3.0,1.0,,,4.0,,,,,,,,,,,1.0,1.0,1.0,1.0,1.0,1.0,6,3,4,3,3,5,6,5,3,2,62.0,54.0,58.0,67.0,70.0,65.0,75.0,60.0,55.0,48.0,1,2,2,1,2,2,1,1,1,2,2,2,2,1,2,1,2,2,2,2,1,2,2,2,1,2,1,2,2,2,1,1,2,1,2,1,2,2,1,1
1309,2,3,2,2,2,2,2,2,1,2,,30.0,1.0,,2.0,3.0,5.0,,,,,2.0,,,1.0,1.0,,1.0,2.0,2.0,,,,,,,20.0,,2.0,,3.0,,,,1.0,,2.0,1.0,1.0,1.0,1.0,1.0,1.0,1.0,1.0,1.0,1.0,,,,,,,6,2,2,2,2,5,6,6,2,2,30.0,25.0,30.0,25.0,25.0,20.0,25.0,20.0,40.0,30.0,2,2,2,2,2,2,2,2,2,2,2,2,2,2,2,2,2,2,2,2,2,2,2,2,2,2,2,2,2,2,2,2,2,2,2,2,2,2,2,2
1466,2,3,2,2,3,2,4,2,4,3,,30.0,,1.0,2.0,3.0,5.0,,,,5.0,,1.0,30.0,,1.0,,1.0,2.0,3.0,,,,,,,,,2.0,,,,2.0,,1.0,,3.0,1.0,1.0,1.0,1.0,1.0,1.0,1.0,1.0,1.0,1.0,,,,,,,6,3,2,2,3,4,6,5,2,2,40.0,35.0,30.0,30.0,35.0,30.0,40.0,25.0,45.0,30.0,2,1,2,1,2,2,2,1,1,1,1,2,1,1,2,2,2,1,1,1,2,2,1,1,1,2,2,1,1,2,2,1,1,1,1,1,2,2,2,1
1515,5,5,5,5,5,5,5,5,1,1,,30.0,4.0,,2.0,3.0,6.0,,,,,5.0,,,2.0,,2.0,,,,1.0,5.0,6.0,,,,,20.0,,2.0,5.0,,,1.0,,5.0,,,,,,,,,,,,1.0,1.0,1.0,1.0,1.0,1.0,6,3,3,3,3,5,6,6,3,2,65.0,60.0,60.0,70.0,75.0,65.0,80.0,60.0,30.0,35.0,2,2,1,1,2,2,2,1,2,2,2,2,1,2,2,1,2,2,2,1,2,2,1,2,2,1,1,2,1,1,2,2,1,2,1,1,2,1,1,2
280,5,5,5,5,5,5,5,5,1,1,70.0,,,1.0,3.0,4.0,6.0,,,,,7.0,,,2.0,,2.0,1.0,5.0,6.0,,,,,,,20.0,,1.0,,6.0,,,,2.0,,5.0,1.0,1.0,1.0,1.0,1.0,1.0,1.0,1.0,1.0,1.0,,,,,,,6,2,2,2,2,5,6,6,3,2,65.0,60.0,60.0,70.0,70.0,65.0,80.0,60.0,40.0,35.0,1,2,1,2,2,2,2,2,2,1,2,1,2,2,2,2,1,2,1,2,2,2,2,2,1,1,1,1,2,2,1,1,1,2,1,2,2,2,2,1
709,4,4,4,4,4,4,4,4,2,2,,30.0,,1.0,3.0,4.0,5.0,,,,5.0,,,,2.0,1.0,,,,,2.0,4.0,4.0,,,,20.0,,,2.0,4.0,,,,2.0,4.0,,1.0,1.0,1.0,1.0,1.0,1.0,1.0,1.0,1.0,1.0,,,,,,,6,3,2,2,2,5,6,6,3,2,60.0,55.0,50.0,65.0,60.0,60.0,70.0,55.0,40.0,35.0,2,2,2,2,2,2,2,2,2,2,1,2,2,2,2,2,2,1,2,2,2,1,2,1,2,1,1,2,2,2,1,2,1,2,2,1,2,2,1,2
115,5,4,4,5,5,5,5,5,2,2,70.0,,4.0,,,,,3.0,4.0,5.0,5.0,,1.0,54.0,,1.0,,,,,4.0,5.0,6.0,,,,,18.0,,2.0,,,3.0,,2.0,,5.0,1.0,1.0,1.0,1.0,1.0,1.0,1.0,1.0,1.0,1.0,,,,,,,6,3,4,3,3,5,6,5,3,2,65.0,55.0,60.0,70.0,75.0,70.0,80.0,65.0,40.0,35.0,2,1,1,1,2,1,2,2,2,2,2,1,1,1,2,2,2,2,2,2,1,2,1,1,1,2,2,2,2,2,1,2,1,1,2,1,1,1,2,1
82,4,5,4,5,5,5,5,4,2,2,70.0,,,1.0,3.0,4.0,6.0,,,,,5.0,,,2.0,1.0,,2.0,4.0,5.0,,,,,,,18.0,,1.0,,,,3.0,1.0,,4.0,,,,,,,,,,,,1.0,1.0,1.0,1.0,1.0,1.0,6,3,3,3,3,5,6,6,3,2,60.0,55.0,58.0,65.0,68.0,60.0,70.0,55.0,40.0,38.0,1,1,2,2,2,2,2,1,1,1,2,2,1,2,1,2,1,1,1,1,1,2,1,2,2,2,1,1,1,2,1,2,2,1,2,2,2,2,1,1
967,2,3,2,2,3,2,4,2,4,3,,30.0,3.0,,,,,4.0,4.0,3.0,5.0,,1.0,40.0,,1.0,,,,,2.0,4.0,4.0,,,,20.0,,1.0,,,,3.0,,1.0,3.0,,,,,,,,,,,,1.0,1.0,1.0,1.0,1.0,1.0,6,2,2,2,2,5,6,6,3,2,40.0,35.0,30.0,35.0,40.0,30.0,50.0,30.0,60.0,40.0,2,1,2,2,2,1,2,2,1,1,1,2,1,1,1,2,2,1,2,2,2,1,2,1,2,1,2,1,2,1,1,1,2,1,1,2,1,1,1,2
814,4,4,4,4,4,4,5,4,2,2,70.0,,4.0,,,,,3.0,4.0,3.0,5.0,,1.0,50.0,,,2.0,2.0,4.0,5.0,,,,,,,,,1.0,,,,2.0,,1.0,,4.0,1.0,1.0,1.0,1.0,1.0,1.0,1.0,1.0,1.0,1.0,,,,,,,6,4,3,3,3,5,6,6,3,2,60.0,55.0,50.0,55.0,60.0,60.0,70.0,55.0,40.0,40.0,2,2,2,2,2,2,1,1,2,2,2,2,2,1,2,2,2,1,1,2,2,2,2,2,1,1,2,1,2,1,1,2,2,1,1,1,2,2,1,1
1641,2,3,2,2,2,2,2,2,1,1,,30.0,,1.0,,,,3.0,4.0,2.0,5.0,,1.0,20.0,,1.0,,,,,,,,1.0,2.0,4.0,,,1.0,,,7.0,,1.0,,,4.0,,,,,,,,,,,1.0,1.0,1.0,1.0,1.0,1.0,6,2,2,2,2,5,6,6,2,2,30.0,25.0,20.0,30.0,30.0,20.0,30.0,20.0,40.0,20.0,2,2,1,2,2,2,1,1,2,2,2,1,2,2,2,1,2,2,2,2,1,2,1,2,2,2,2,2,2,1,2,1,1,1,1,2,2,1,1,2
1732,4,4,4,4,4,4,5,4,2,2,70.0,,4.0,,,,,3.0,4.0,5.0,,5.0,,,2.0,,2.0,,,,,,,3.0,4.0,5.0,15.0,,,2.0,4.0,,,1.0,,,4.0,1.0,1.0,1.0,1.0,1.0,1.0,1.0,1.0,1.0,1.0,,,,,,,6,3,3,3,2,5,6,6,3,2,60.0,55.0,60.0,65.0,65.0,60.0,70.0,60.0,50.0,45.0,1,2,1,2,1,2,1,1,2,2,1,1,1,2,1,1,2,1,2,1,2,1,2,2,2,1,1,2,2,2,2,2,2,1,2,2,2,1,1,2
241,4,4,4,4,4,4,5,4,2,2,,30.0,,1.0,3.0,4.0,5.0,,,,,5.0,,,2.0,,2.0,,,,,,,2.0,4.0,4.0,18.0,,1.0,,3.0,,,1.0,,4.0,,1.0,1.0,1.0,1.0,1.0,1.0,1.0,1.0,1.0,1.0,,,,,,,6,3,2,2,2,5,6,6,3,1,55.0,45.0,50.0,60.0,65.0,60.0,70.0,55.0,50.0,40.0,2,1,1,2,2,2,2,1,2,2,2,2,1,1,2,2,2,2,2,2,2,1,2,2,2,2,2,1,2,1,2,2,1,2,1,2,1,2,2,1
332,2,3,2,2,3,2,4,2,4,3,,30.0,,1.0,3.0,4.0,6.0,,,,,5.0,,,2.0,1.0,,1.0,2.0,4.0,,,,,,,,,1.0,,,,3.0,1.0,,3.0,,1.0,1.0,1.0,1.0,1.0,1.0,1.0,1.0,1.0,1.0,,,,,,,6,2,2,2,3,5,6,6,3,1,45.0,40.0,35.0,30.0,35.0,30.0,40.0,25.0,50.0,30.0,1,2,1,1,2,1,1,1,2,2,2,2,2,1,1,1,2,2,2,1,2,2,2,1,2,2,1,2,1,2,2,2,2,1,2,2,1,2,2,2
2032,5,5,5,5,5,5,5,5,1,1,,30.0,4.0,,,,,4.0,4.0,3.0,5.0,,,,2.0,,2.0,,,,,,,4.0,5.0,6.0,,20.0,,2.0,5.0,,,1.0,,5.0,,,,,,,,,,,,1.0,1.0,1.0,1.0,1.0,1.0,6,3,3,3,2,5,6,6,3,2,62.0,54.0,58.0,68.0,70.0,65.0,75.0,60.0,40.0,38.0,2,2,2,2,1,2,2,2,1,2,1,1,1,1,2,2,1,1,1,1,2,1,1,1,1,2,2,1,1,2,2,2,1,2,1,2,2,1,2,1
43,4,4,4,4,4,4,4,4,2,2,,30.0,,1.0,,,,3.0,4.0,3.0,,5.0,1.0,40.0,,,2.0,,,,,,,2.0,4.0,4.0,,15.0,,2.0,4.0,,,,2.0,,4.0,,,,,,,,,,,1.0,1.0,1.0,1.0,1.0,1.0,6,3,3,3,3,5,6,6,3,2,60.0,55.0,60.0,65.0,65.0,60.0,70.0,60.0,50.0,45.0,2,1,1,2,1,2,2,1,2,2,1,2,2,2,2,1,2,2,2,1,1,2,1,2,2,2,1,2,2,2,1,2,1,1,1,2,1,2,1,2
88,4,4,4,3,4,3,4,4,2,2,,30.0,,1.0,,,,4.0,4.0,3.0,,5.0,1.0,40.0,,1.0,,,,,2.0,4.0,5.0,,,,,18.0,1.0,,,,3.0,,1.0,4.0,,,,,,,,,,,,1.0,1.0,1.0,1.0,1.0,1.0,6,3,4,3,3,5,6,5,3,2,60.0,55.0,58.0,52.0,60.0,50.0,65.0,55.0,40.0,38.0,2,1,2,2,1,2,2,2,1,1,2,1,2,1,1,2,1,1,2,2,2,1,2,1,1,1,2,1,2,2,1,2,1,1,1,1,2,2,1,1
1997,5,5,5,5,5,5,5,5,1,1,,30.0,,1.0,,,,3.0,4.0,2.0,5.0,,1.0,40.0,,1.0,,,,,,,,2.0,5.0,6.0,,,1.0,,,6.0,,1.0,,,5.0,,,,,,,,,,,1.0,1.0,1.0,1.0,1.0,1.0,6,2,2,3,2,5,6,6,3,2,60.0,55.0,60.0,70.0,70.0,65.0,80.0,60.0,40.0,35.0,2,2,1,1,2,2,1,2,1,2,2,1,2,2,2,2,2,2,1,2,1,2,2,2,1,1,1,2,1,2,1,2,1,2,2,2,1,1,1,2
1270,2,2,2,1,2,2,2,2,1,1,70.0,,,1.0,3.0,3.0,6.0,,,,,5.0,1.0,30.0,,1.0,,,,,,,,1.0,2.0,4.0,20.0,,,2.0,,10.0,,1.0,,1.0,,,,,,,,,,,,1.0,1.0,1.0,1.0,1.0,1.0,6,3,2,2,2,5,6,6,1,1,30.0,20.0,20.0,10.0,20.0,20.0,20.0,20.0,30.0,30.0,2,2,2,2,2,2,2,2,1,1,2,2,2,2,1,2,2,1,2,2,1,1,1,2,2,2,2,2,1,1,2,2,2,2,1,2,1,1,2,1
1303,4,4,4,4,4,4,5,4,2,2,,30.0,,1.0,3.0,4.0,6.0,,,,,5.0,1.0,40.0,,1.0,,,,,,,,2.0,4.0,5.0,,,1.0,,4.0,,,1.0,,,4.0,1.0,1.0,1.0,1.0,1.0,1.0,1.0,1.0,1.0,1.0,,,,,,,6,3,2,2,2,4,6,6,3,2,60.0,55.0,60.0,65.0,70.0,60.0,80.0,60.0,40.0,35.0,2,2,2,2,1,2,1,1,2,2,2,1,2,1,2,1,2,1,1,1,2,2,1,2,1,1,2,2,2,2,2,2,1,1,1,1,1,2,1,1
1096,4,4,4,4,4,4,4,4,2,2,70.0,,4.0,,3.0,4.0,6.0,,,,,5.0,,,2.0,1.0,,2.0,2.0,3.0,,,,,,,,,,2.0,3.0,,,,2.0,3.0,,1.0,1.0,1.0,1.0,1.0,1.0,1.0,1.0,1.0,1.0,,,,,,,6,2,2,2,2,5,6,6,3,1,55.0,45.0,50.0,60.0,60.0,55.0,65.0,50.0,40.0,35.0,2,2,2,2,2,2,2,2,2,2,2,2,2,2,2,2,2,2,2,2,1,2,2,2,1,2,2,2,2,2,2,2,2,2,2,2,2,2,2,2
670,5,4,4,4,4,4,5,4,2,2,,30.0,,1.0,,,,4.0,4.0,3.0,5.0,,,,2.0,1.0,,2.0,4.0,5.0,,,,,,,,,1.0,,,7.0,,,2.0,,4.0,,,,,,,,,,,1.0,1.0,1.0,1.0,1.0,1.0,6,3,3,3,3,5,6,6,3,2,60.0,55.0,60.0,65.0,70.0,60.0,75.0,60.0,40.0,35.0,2,1,2,1,1,2,2,2,1,1,1,2,1,2,1,2,1,2,2,2,2,2,1,1,2,2,1,2,1,1,1,2,1,1,1,1,2,1,1,1
703,4,4,4,4,4,4,4,4,2,2,70.0,,4.0,,,,,3.0,4.0,5.0,5.0,,,,2.0,1.0,,,,,,,,3.0,4.0,5.0,,,1.0,,5.0,,,1.0,,,4.0,1.0,1.0,1.0,1.0,1.0,1.0,1.0,1.0,1.0,1.0,,,,,,,6,3,2,2,3,4,6,6,3,1,60.0,55.0,50.0,60.0,65.0,60.0,70.0,55.0,45.0,40.0,2,1,1,2,1,1,2,2,2,2,2,1,2,1,2,1,1,2,2,1,2,2,1,2,2,2,2,2,2,1,1,1,2,1,2,2,2,1,2,1
496,4,4,4,4,4,4,4,4,2,2,,30.0,4.0,,,,,4.0,4.0,3.0,,5.0,1.0,54.0,,1.0,,3.0,4.0,4.0,,,,,,,5.0,,,2.0,,6.0,,1.0,,4.0,,,,,,,,,,,,1.0,1.0,1.0,1.0,1.0,1.0,6,3,4,4,2,4,6,6,3,2,55.0,50.0,50.0,60.0,60.0,55.0,65.0,50.0,45.0,40.0,2,2,1,1,2,1,2,1,2,2,2,2,1,2,2,1,2,2,2,1,2,1,2,1,1,2,2,1,2,1,1,1,1,1,2,2,1,1,2,1
2038,2,2,2,1,2,2,2,1,1,2,70.0,,,1.0,2.0,3.0,6.0,,,,,5.0,1.0,30.0,,,2.0,1.0,2.0,2.0,,,,,,,20.0,,,2.0,,10.0,,,2.0,1.0,,,,,,,,,,,,1.0,1.0,1.0,1.0,1.0,1.0,6,2,2,2,2,4,6,6,1,2,20.0,20.0,20.0,10.0,20.0,20.0,20.0,10.0,10.0,20.0,2,2,2,2,2,2,2,2,2,2,2,2,2,2,2,2,2,2,2,2,2,2,2,2,2,2,2,2,2,2,2,2,2,2,2,2,2,2,2,2
49,4,4,4,4,4,4,5,4,2,2,,30.0,,1.0,3.0,4.0,5.0,,,,,5.0,1.0,35.0,,1.0,,1.0,4.0,5.0,,,,,,,20.0,,,2.0,4.0,,,1.0,,4.0,,,,,,,,,,,,1.0,1.0,1.0,1.0,1.0,1.0,6,3,3,3,2,5,6,6,3,2,60.0,55.0,50.0,55.0,60.0,60.0,70.0,55.0,50.0,45.0,2,2,2,1,1,2,1,1,2,2,1,1,2,1,1,2,2,2,2,1,1,2,2,1,2,2,1,2,1,2,1,2,1,2,2,1,2,2,2,1
1956,5,5,4,5,5,5,5,5,2,2,70.0,,,1.0,,,,3.0,4.0,2.0,,5.0,,,2.0,,2.0,,,,,,,1.0,4.0,5.0,,20.0,1.0,,,6.0,,,2.0,5.0,,1.0,1.0,1.0,1.0,1.0,1.0,1.0,1.0,1.0,1.0,,,,,,,6,3,3,3,2,5,6,6,3,1,55.0,48.0,50.0,60.0,65.0,60.0,70.0,55.0,40.0,35.0,2,2,2,1,1,1,2,2,2,2,1,2,2,2,1,1,2,2,1,2,1,1,2,2,1,1,2,1,2,1,1,1,2,2,2,1,1,1,1,2
1825,4,4,4,4,4,4,4,4,2,2,,30.0,4.0,,3.0,4.0,6.0,,,,5.0,,,,2.0,1.0,,2.0,2.0,3.0,,,,,,,20.0,,,2.0,,7.0,,,2.0,,3.0,,,,,,,,,,,1.0,1.0,1.0,1.0,1.0,1.0,6,3,3,3,3,5,6,6,3,2,60.0,55.0,50.0,60.0,60.0,60.0,70.0,60.0,50.0,40.0,2,1,2,2,1,2,2,2,1,2,1,2,2,1,2,2,1,1,1,1,2,2,2,2,1,2,1,2,2,2,2,1,1,2,2,1,2,2,2,2
1057,5,5,5,5,5,5,5,5,1,1,70.0,,,1.0,,,,3.0,4.0,4.0,,6.0,,,2.0,1.0,,1.0,5.0,6.0,,,,,,,20.0,,,2.0,,7.0,,,2.0,6.0,,,,,,,,,,,,1.0,1.0,1.0,1.0,1.0,1.0,6,2,2,2,2,5,6,6,4,2,65.0,60.0,60.0,70.0,75.0,70.0,80.0,65.0,30.0,35.0,2,2,1,2,2,1,1,2,2,1,2,2,1,2,1,1,1,1,1,1,2,1,1,1,2,2,2,2,2,1,2,1,1,1,2,1,1,2,2,2
1124,5,5,5,5,5,5,5,5,2,2,70.0,,,1.0,,,,4.0,5.0,3.0,5.0,,1.0,50.0,,,2.0,1.0,5.0,6.0,,,,,,,20.0,,1.0,,,7.0,,,2.0,,5.0,,,,,,,,,,,1.0,1.0,1.0,1.0,1.0,1.0,6,2,2,2,2,5,6,6,3,2,60.0,55.0,60.0,70.0,75.0,65.0,80.0,60.0,40.0,35.0,1,2,1,2,1,2,2,1,2,2,1,2,2,2,1,2,2,1,1,2,1,1,2,1,2,2,2,2,2,1,1,2,1,1,1,1,2,2,1,2
1738,5,4,5,5,5,5,5,5,1,1,,30.0,,1.0,,,,3.0,4.0,2.0,5.0,,,,2.0,,2.0,,,,1.0,4.0,4.0,,,,,20.0,,2.0,4.0,,,,1.0,,4.0,1.0,1.0,1.0,1.0,1.0,1.0,1.0,1.0,1.0,1.0,,,,,,,6,2,3,3,3,5,6,6,3,2,60.0,50.0,55.0,65.0,70.0,60.0,75.0,60.0,40.0,35.0,2,2,1,1,2,2,2,2,1,2,2,1,1,2,1,2,2,1,2,2,2,1,2,2,1,2,1,2,2,1,1,2,2,1,1,2,1,1,1,2
457,2,3,2,2,3,2,4,2,4,3,70.0,,1.0,,,,,3.0,4.0,3.0,5.0,,1.0,50.0,,,2.0,,,,,,,1.0,4.0,5.0,2.0,,1.0,,,7.0,,1.0,,,4.0,1.0,1.0,1.0,1.0,1.0,1.0,1.0,1.0,1.0,1.0,,,,,,,6,2,3,3,3,4,6,5,3,2,40.0,35.0,30.0,30.0,35.0,25.0,40.0,30.0,50.0,30.0,1,1,2,1,1,1,2,2,2,2,2,1,1,1,1,2,2,2,1,2,1,2,2,2,2,1,1,1,2,2,1,1,2,2,2,2,1,1,2,1
524,5,5,5,5,5,5,5,5,1,1,,30.0,,1.0,,,,3.0,4.0,2.0,5.0,,,,2.0,1.0,,1.0,4.0,4.0,,,,,,,,,,2.0,,6.0,,1.0,,5.0,,1.0,1.0,1.0,1.0,1.0,1.0,1.0,1.0,1.0,1.0,,,,,,,6,3,2,2,2,5,6,6,3,1,60.0,55.0,60.0,70.0,70.0,65.0,80.0,60.0,40.0,35.0,2,2,2,2,2,2,2,2,2,2,2,2,2,2,2,2,2,2,2,2,2,2,2,2,2,2,2,2,2,2,2,2,2,2,2,2,2,2,2,2
338,3,4,3,4,4,3,5,4,2,2,70.0,,,1.0,,,,3.0,4.0,4.0,5.0,,1.0,40.0,,,2.0,,,,2.0,4.0,5.0,,,,20.0,,1.0,,,,2.0,,1.0,4.0,,,,,,,,,,,,1.0,1.0,1.0,1.0,1.0,1.0,6,3,3,3,2,5,6,6,3,2,60.0,55.0,50.0,60.0,60.0,50.0,70.0,60.0,40.0,40.0,2,1,2,2,1,1,2,1,2,2,2,2,1,1,1,2,2,2,1,2,1,2,1,2,1,2,1,1,2,1,2,1,1,2,1,1,1,1,1,2
8,5,5,5,5,5,5,5,5,2,2,70.0,,4.0,,,,,3.0,4.0,3.0,5.0,,1.0,54.0,,1.0,,2.0,4.0,4.0,,,,,,,,4.0,1.0,,,,3.0,,2.0,4.0,,,,,,,,,,,,1.0,1.0,1.0,1.0,1.0,1.0,6,3,4,3,2,5,6,5,3,2,62.0,55.0,60.0,68.0,70.0,65.0,75.0,60.0,40.0,45.0,2,1,1,2,1,2,2,1,1,2,2,2,2,2,1,1,1,2,2,1,2,1,2,1,1,1,1,2,2,2,1,1,1,2,1,1,1,2,1,2
1923,4,4,4,4,4,4,5,4,2,2,70.0,,3.0,,,,,4.0,4.0,3.0,,5.0,1.0,50.0,,1.0,,,,,,,,2.0,4.0,5.0,,,1.0,,,,3.0,,2.0,4.0,,,,,,,,,,,,1.0,1.0,1.0,1.0,1.0,1.0,6,3,3,3,2,5,6,6,3,2,60.0,55.0,60.0,65.0,65.0,60.0,70.0,60.0,40.0,40.0,2,2,1,2,2,2,1,2,1,2,2,1,2,2,2,1,2,2,1,2,2,2,1,2,2,2,2,1,2,2,2,1,1,2,2,1,2,2,2,1
1850,4,4,4,5,5,5,5,4,2,2,,30.0,4.0,,3.0,4.0,6.0,,,,,5.0,,,2.0,,2.0,,,,,,,2.0,4.0,5.0,2.0,,,2.0,5.0,,,,2.0,4.0,,1.0,1.0,1.0,1.0,1.0,1.0,1.0,1.0,1.0,1.0,,,,,,,6,3,4,3,2,5,6,5,3,2,62.0,54.0,57.0,66.0,68.0,60.0,74.0,59.0,41.0,38.0,2,2,2,2,1,2,1,1,1,2,2,1,2,1,2,1,2,2,2,2,1,1,2,1,1,1,2,2,1,2,1,1,2,1,2,1,2,2,2,2
1022,5,5,5,5,5,5,5,5,1,1,70.0,,4.0,,,,,3.0,4.0,5.0,5.0,,,,2.0,,2.0,2.0,5.0,6.0,,,,,,,,20.0,,2.0,,6.0,,,2.0,,5.0,1.0,1.0,1.0,1.0,1.0,1.0,1.0,1.0,1.0,1.0,,,,,,,6,2,2,2,2,5,6,6,3,1,60.0,55.0,60.0,70.0,75.0,70.0,80.0,65.0,40.0,35.0,2,2,2,2,2,2,2,2,2,2,1,2,1,2,1,2,1,1,1,2,1,2,1,1,1,2,2,2,1,2,1,1,2,1,2,1,2,1,2,2
1151,2,3,2,2,2,2,2,2,4,3,70.0,,1.0,,,,,3.0,4.0,3.0,,5.0,1.0,20.0,,,2.0,1.0,2.0,2.0,,,,,,,20.0,,,2.0,,,1.0,1.0,,,2.0,,,,,,,,,,,1.0,1.0,1.0,1.0,1.0,1.0,6,2,2,2,2,4,6,6,1,2,30.0,25.0,20.0,20.0,20.0,20.0,20.0,20.0,40.0,20.0,2,2,1,1,2,2,2,2,1,2,2,2,1,2,2,1,1,1,1,1,2,2,1,1,2,1,1,2,2,2,2,2,2,1,1,2,2,1,1,2
422,2,3,2,2,2,2,2,2,1,2,70.0,,,1.0,,,,3.0,4.0,3.0,,5.0,1.0,25.0,,1.0,,,,,,,,1.0,2.0,4.0,,,2.0,,,,1.0,,1.0,3.0,,1.0,1.0,1.0,1.0,1.0,1.0,1.0,1.0,1.0,1.0,,,,,,,6,2,2,2,2,5,6,6,2,2,30.0,25.0,25.0,20.0,20.0,20.0,20.0,20.0,40.0,20.0,2,2,2,2,2,2,1,2,1,1,1,2,2,2,2,2,2,1,2,2,2,1,1,2,2,1,2,2,1,1,2,2,2,2,2,2,1,1,2,2
551,4,4,4,4,4,4,5,4,2,2,70.0,,3.0,,,,,4.0,4.0,3.0,5.0,,,,2.0,,2.0,3.0,4.0,5.0,,,,,,,,12.0,1.0,,5.0,,,,1.0,,4.0,1.0,1.0,1.0,1.0,1.0,1.0,1.0,1.0,1.0,1.0,,,,,,,6,3,2,2,3,5,6,6,3,1,62.0,55.0,60.0,65.0,68.0,60.0,70.0,55.0,45.0,40.0,2,2,1,2,1,2,2,2,1,2,1,1,1,2,2,2,2,2,2,2,2,2,2,1,1,1,1,2,1,1,2,2,2,2,1,1,1,2,1,1
918,3,4,3,2,3,2,4,2,4,3,70.0,,1.0,,3.0,4.0,6.0,,,,,5.0,,,2.0,1.0,,1.0,2.0,4.0,,,,,,,,,,2.0,,,1.0,1.0,,,3.0,,,,,,,,,,,1.0,1.0,1.0,1.0,1.0,1.0,6,2,3,3,3,5,6,6,2,2,40.0,35.0,30.0,25.0,30.0,25.0,40.0,20.0,40.0,30.0,2,2,1,1,2,1,2,1,1,1,2,1,1,1,1,2,2,2,2,2,2,1,1,2,1,2,2,2,2,2,2,2,2,1,2,1,2,2,2,2
1891,4,4,4,4,4,4,5,4,2,3,70.0,,4.0,,3.0,4.0,6.0,,,,,5.0,1.0,40.0,,,2.0,3.0,4.0,5.0,,,,,,,,18.0,1.0,,,6.0,,,2.0,4.0,,1.0,1.0,1.0,1.0,1.0,1.0,1.0,1.0,1.0,1.0,,,,,,,6,3,4,4,2,5,6,5,3,2,55.0,48.0,50.0,60.0,65.0,60.0,70.0,55.0,40.0,45.0,1,1,2,1,1,1,2,2,2,2,2,2,2,2,1,1,2,2,2,1,2,1,2,2,2,2,1,1,2,2,2,1,2,2,1,2,2,1,2,2
1190,4,4,4,5,5,5,5,5,2,2,70.0,,,1.0,,,,3.0,4.0,4.0,5.0,,,,2.0,,2.0,,,,,,,1.0,4.0,4.0,,20.0,1.0,,,,1.0,1.0,,4.0,,,,,,,,,,,,1.0,1.0,1.0,1.0,1.0,1.0,6,3,3,3,3,5,6,6,3,2,60.0,55.0,60.0,65.0,70.0,60.0,70.0,60.0,50.0,45.0,1,2,2,1,2,2,1,1,1,1,1,2,2,1,1,2,2,1,1,1,2,2,2,1,1,2,2,2,1,2,2,1,1,2,2,2,1,2,2,1
1419,5,5,5,5,5,5,5,5,1,1,,30.0,4.0,,,,,3.0,4.0,4.0,,5.0,,,2.0,1.0,,,,,4.0,4.0,5.0,,,,2.0,,,2.0,4.0,,,,2.0,,4.0,,,,,,,,,,,1.0,1.0,1.0,1.0,1.0,1.0,6,3,2,2,3,5,6,6,3,2,60.0,55.0,60.0,70.0,70.0,65.0,80.0,65.0,40.0,35.0,1,2,2,2,2,2,2,1,1,2,2,1,2,2,2,1,2,1,2,2,2,2,2,2,2,1,2,2,2,2,1,2,2,1,2,1,2,2,2,2
1205,4,4,4,4,4,4,5,4,2,2,70.0,,4.0,,,,,4.0,4.0,4.0,5.0,,1.0,40.0,,,2.0,,,,2.0,4.0,5.0,,,,18.0,,,2.0,,,3.0,,1.0,,4.0,1.0,1.0,1.0,1.0,1.0,1.0,1.0,1.0,1.0,1.0,,,,,,,6,3,2,2,2,5,6,6,3,2,60.0,55.0,60.0,65.0,65.0,60.0,70.0,60.0,50.0,45.0,2,1,2,1,2,1,1,1,1,2,1,2,2,1,1,1,1,2,2,1,2,2,1,2,1,2,2,1,1,2,2,2,2,1,2,1,2,2,2,1
1376,5,5,5,5,5,5,5,5,1,1,,30.0,,1.0,,,,3.0,3.0,3.0,5.0,,,,2.0,,2.0,,,,,,,1.0,5.0,6.0,,20.0,1.0,,3.0,,,1.0,,,5.0,1.0,1.0,1.0,1.0,1.0,1.0,1.0,1.0,1.0,1.0,,,,,,,6,3,2,2,2,5,6,6,3,1,65.0,60.0,60.0,70.0,70.0,65.0,80.0,60.0,40.0,35.0,1,1,2,2,1,1,2,2,2,2,1,1,2,2,1,2,2,2,2,2,2,2,1,2,2,2,2,2,2,1,2,1,2,1,2,1,2,1,2,1
590,5,5,5,5,5,5,5,5,2,2,,30.0,4.0,,,,,3.0,4.0,2.0,,5.0,,,2.0,,2.0,,,,,,,1.0,5.0,6.0,,,1.0,,,,2.0,1.0,,,5.0,,,,,,,,,,,1.0,1.0,1.0,1.0,1.0,1.0,6,3,3,3,3,5,6,6,3,2,65.0,60.0,60.0,70.0,70.0,65.0,80.0,60.0,40.0,40.0,1,2,2,2,1,1,2,2,2,2,1,2,2,1,1,1,2,1,2,2,2,2,2,1,1,2,2,2,1,1,2,1,1,2,2,2,1,2,1,1
605,4,4,4,5,5,5,5,5,2,2,70.0,,4.0,,3.0,4.0,6.0,,,,5.0,,,,2.0,1.0,,3.0,4.0,4.0,,,,,,,,20.0,,2.0,3.0,,,1.0,,,4.0,,,,,,,,,,,1.0,1.0,1.0,1.0,1.0,1.0,6,3,3,3,2,5,6,6,3,2,55.0,50.0,50.0,60.0,60.0,60.0,70.0,55.0,45.0,40.0,1,2,1,2,2,2,1,1,2,2,2,1,1,1,2,1,1,2,2,2,1,2,1,1,2,2,1,1,2,1,1,2,1,2,2,2,1,1,2,2
776,5,4,4,5,5,5,5,5,2,2,,30.0,4.0,,3.0,4.0,6.0,,,,,5.0,1.0,45.0,,1.0,,,,,3.0,4.0,5.0,,,,,18.0,1.0,,,,3.0,,1.0,,4.0,1.0,1.0,1.0,1.0,1.0,1.0,1.0,1.0,1.0,1.0,,,,,,,6,3,3,3,2,4,6,5,3,2,60.0,55.0,60.0,70.0,70.0,65.0,75.0,60.0,40.0,35.0,1,2,1,2,2,2,2,2,2,2,2,1,2,2,2,2,2,1,2,1,2,1,2,2,1,1,2,1,2,2,2,1,1,1,2,2,2,2,1,2
1912,4,4,4,4,4,4,5,4,2,2,,30.0,4.0,,3.0,4.0,6.0,,,,,5.0,,,2.0,,2.0,2.0,4.0,4.0,,,,,,,,,,2.0,,,3.0,1.0,,4.0,,1.0,1.0,1.0,1.0,1.0,1.0,1.0,1.0,1.0,1.0,,,,,,,6,3,4,4,3,5,6,6,3,1,62.0,54.0,58.0,66.0,68.0,60.0,74.0,59.0,44.0,41.0,2,2,1,2,1,2,2,2,1,2,2,2,2,2,2,1,2,2,2,1,1,2,2,2,2,2,2,1,1,1,2,1,2,1,1,2,2,2,2,1
1861,5,5,5,5,5,5,5,5,1,1,70.0,,,1.0,,,,3.0,4.0,3.0,,5.0,,,2.0,,2.0,2.0,4.0,5.0,,,,,,,,,,2.0,5.0,,,1.0,,4.0,,1.0,1.0,1.0,1.0,1.0,1.0,1.0,1.0,1.0,1.0,,,,,,,6,3,2,2,2,5,6,6,3,2,65.0,55.0,60.0,70.0,70.0,65.0,80.0,60.0,40.0,35.0,1,1,2,2,1,1,1,1,2,1,2,1,2,1,1,2,1,2,1,2,2,1,1,2,2,1,1,2,1,2,2,2,2,1,2,2,1,2,2,1
786,4,4,4,5,5,5,5,4,2,2,,30.0,,1.0,,,,4.0,3.0,2.0,,5.0,,,2.0,,2.0,2.0,4.0,4.0,,,,,,,16.0,,1.0,,4.0,,,2.0,,,4.0,1.0,1.0,1.0,1.0,1.0,1.0,1.0,1.0,1.0,1.0,,,,,,,6,3,2,2,2,5,6,6,3,2,62.0,54.0,58.0,66.0,70.0,60.0,75.0,55.0,48.0,44.0,1,1,1,2,2,2,2,1,1,2,2,2,1,1,2,1,1,1,2,2,1,1,2,2,2,1,1,1,1,1,2,2,1,2,1,2,1,1,1,1
413,4,4,4,4,4,4,4,4,2,2,,30.0,4.0,,3.0,4.0,6.0,,,,5.0,,1.0,30.0,,,2.0,,,,1.0,4.0,5.0,,,,18.0,,,2.0,,6.0,,1.0,,,4.0,1.0,1.0,1.0,1.0,1.0,1.0,1.0,1.0,1.0,1.0,,,,,,,6,2,2,2,2,5,6,6,3,2,60.0,55.0,50.0,65.0,60.0,55.0,70.0,60.0,40.0,35.0,1,2,1,2,2,2,1,2,1,2,1,2,1,1,2,2,1,1,2,2,2,2,1,2,2,2,2,2,1,1,1,2,2,2,1,2,2,1,1,2
560,4,4,4,3,4,4,5,4,2,2,70.0,,,1.0,,,,4.0,4.0,3.0,5.0,,1.0,54.0,,1.0,,2.0,4.0,5.0,,,,,,,,18.0,1.0,,4.0,,,,1.0,,4.0,1.0,1.0,1.0,1.0,1.0,1.0,1.0,1.0,1.0,1.0,,,,,,,6,3,2,3,3,5,6,5,3,2,62.0,54.0,58.0,60.0,65.0,67.0,70.0,55.0,48.0,45.0,2,1,2,1,1,2,1,2,1,1,1,2,2,1,2,1,1,2,1,2,1,1,1,1,2,2,1,1,1,1,2,1,2,1,1,1,1,2,1,1
1386,4,4,4,4,4,4,5,4,2,2,70.0,,4.0,,3.0,4.0,6.0,,,,5.0,,,,2.0,1.0,,,,,,,,2.0,4.0,5.0,8.0,,1.0,,5.0,,,2.0,,4.0,,1.0,1.0,1.0,1.0,1.0,1.0,1.0,1.0,1.0,1.0,,,,,,,6,3,3,3,3,5,6,6,3,2,55.0,48.0,52.0,60.0,62.0,58.0,65.0,54.0,44.0,41.0,2,2,1,1,2,1,2,1,1,1,2,1,2,2,2,1,2,2,2,1,2,1,2,2,2,2,1,1,2,1,2,1,2,1,1,2,2,2,2,2
1013,5,5,5,5,5,5,5,5,1,1,,30.0,4.0,,,,,3.0,4.0,5.0,,5.0,,,2.0,1.0,,,,,2.0,5.0,6.0,,,,20.0,,1.0,,,6.0,,,2.0,4.0,,1.0,1.0,1.0,1.0,1.0,1.0,1.0,1.0,1.0,1.0,,,,,,,6,3,2,2,2,5,6,6,3,2,60.0,55.0,60.0,70.0,75.0,80.0,85.0,65.0,30.0,35.0,2,2,2,1,1,1,2,2,2,2,2,2,2,2,2,1,2,1,2,2,2,2,1,2,1,1,1,1,2,1,2,1,2,1,2,1,1,1,2,2
1160,4,4,4,4,4,4,4,4,2,2,,30.0,,1.0,,,,4.0,4.0,3.0,,5.0,1.0,54.0,,,2.0,,,,,,,3.0,4.0,4.0,5.0,,,2.0,4.0,,,1.0,,4.0,,1.0,1.0,1.0,1.0,1.0,1.0,1.0,1.0,1.0,1.0,,,,,,,6,3,2,2,2,4,6,6,3,2,55.0,50.0,52.0,60.0,65.0,60.0,70.0,55.0,40.0,45.0,2,2,1,1,2,1,2,2,1,2,2,2,2,1,2,2,2,2,1,1,2,1,2,1,2,1,2,2,2,2,2,2,2,2,2,1,2,1,1,2
929,2,3,2,2,2,2,2,2,4,3,70.0,,1.0,,3.0,4.0,6.0,,,,,5.0,1.0,30.0,,1.0,,1.0,2.0,2.0,,,,,,,20.0,,2.0,,,7.0,,1.0,,2.0,,1.0,1.0,1.0,1.0,1.0,1.0,1.0,1.0,1.0,1.0,,,,,,,6,2,2,2,2,5,6,6,1,2,30.0,25.0,25.0,20.0,20.0,20.0,20.0,15.0,40.0,25.0,1,2,1,1,1,2,1,1,2,2,1,2,2,1,1,1,1,1,2,2,1,2,1,2,1,2,2,2,1,2,1,2,1,2,1,1,2,2,2,2
634,5,5,5,5,5,5,5,5,1,1,,30.0,4.0,,,,,3.0,4.0,4.0,,5.0,1.0,40.0,,,2.0,,,,,,,4.0,5.0,6.0,,,,2.0,,7.0,,1.0,,5.0,,,,,,,,,,,,1.0,1.0,1.0,1.0,1.0,1.0,6,2,2,2,2,5,6,6,3,2,60.0,55.0,60.0,70.0,65.0,65.0,80.0,60.0,40.0,35.0,1,2,1,2,1,2,1,2,2,2,2,2,1,2,1,2,2,1,1,2,1,1,2,1,1,1,1,2,2,2,2,2,2,1,2,1,2,2,1,2
747,5,4,5,5,5,5,5,5,2,2,70.0,,,1.0,,,,4.0,3.0,5.0,5.0,,,,2.0,1.0,,2.0,4.0,5.0,,,,,,,18.0,,1.0,,,6.0,,1.0,,,5.0,1.0,1.0,1.0,1.0,1.0,1.0,1.0,1.0,1.0,1.0,,,,,,,6,3,2,2,3,5,6,6,3,2,60.0,55.0,60.0,70.0,70.0,65.0,75.0,60.0,40.0,45.0,2,1,1,2,2,2,2,2,1,2,2,1,2,2,2,2,1,2,2,1,2,2,1,2,2,1,2,1,2,2,1,2,2,2,2,2,2,1,2,1
1428,4,4,4,4,4,4,4,4,2,2,70.0,,4.0,,,,,3.0,4.0,5.0,,5.0,1.0,30.0,,,2.0,1.0,4.0,4.0,,,,,,,,,1.0,,,7.0,,1.0,,4.0,,,,,,,,,,,,1.0,1.0,1.0,1.0,1.0,1.0,6,2,2,2,3,5,6,6,3,2,60.0,55.0,60.0,65.0,65.0,60.0,70.0,60.0,40.0,40.0,2,2,2,1,1,2,2,1,2,1,2,1,1,2,1,2,2,1,2,2,1,1,2,1,2,2,1,2,1,2,2,1,2,1,1,2,2,2,2,2
1234,5,5,5,5,5,5,5,5,2,2,70.0,,4.0,,3.0,4.0,6.0,,,,,6.0,,,2.0,1.0,,2.0,4.0,4.0,,,,,,,,,,2.0,,,3.0,1.0,,4.0,,,,,,,,,,,,1.0,1.0,1.0,1.0,1.0,1.0,6,3,3,3,3,5,6,6,3,2,60.0,55.0,60.0,65.0,65.0,60.0,70.0,60.0,40.0,40.0,1,1,1,2,2,1,1,2,2,1,1,2,1,1,2,1,1,2,2,1,2,2,1,1,2,1,1,1,1,1,1,2,2,1,2,2,1,1,2,1
1347,4,4,4,4,4,4,5,4,2,2,,30.0,,1.0,3.0,4.0,5.0,,,,5.0,,,,2.0,1.0,,,,,,,,2.0,4.0,5.0,20.0,,1.0,,5.0,,,,1.0,4.0,,1.0,1.0,1.0,1.0,1.0,1.0,1.0,1.0,1.0,1.0,,,,,,,6,2,2,3,2,5,6,5,3,2,62.0,55.0,60.0,65.0,68.0,60.0,75.0,60.0,55.0,50.0,1,2,1,2,2,2,1,2,2,2,2,2,2,2,2,2,2,2,2,2,2,1,1,2,2,2,2,2,2,2,2,1,2,2,1,2,2,1,2,2
641,4,4,4,3,4,4,4,3,2,2,,30.0,4.0,,3.0,4.0,6.0,,,,5.0,,1.0,40.0,,1.0,,2.0,4.0,4.0,,,,,,,18.0,,,2.0,5.0,,,,1.0,,4.0,1.0,1.0,1.0,1.0,1.0,1.0,1.0,1.0,1.0,1.0,,,,,,,6,3,4,3,3,5,6,5,3,2,60.0,55.0,60.0,55.0,60.0,60.0,65.0,50.0,55.0,50.0,1,2,2,2,2,1,2,2,2,1,1,2,2,2,2,2,1,1,2,1,1,2,1,1,2,1,2,2,2,1,1,1,2,2,2,2,2,1,2,2
732,5,5,5,5,5,5,5,5,1,1,,30.0,,1.0,,,,3.0,4.0,5.0,,6.0,,,2.0,1.0,,,,,2.0,4.0,5.0,,,,,20.0,,2.0,,8.0,,,1.0,,4.0,1.0,1.0,1.0,1.0,1.0,1.0,1.0,1.0,1.0,1.0,,,,,,,6,3,2,2,2,5,6,6,3,1,60.0,55.0,60.0,70.0,75.0,65.0,80.0,60.0,40.0,35.0,2,2,2,2,2,2,2,2,2,2,2,2,2,2,2,2,2,2,2,2,2,2,2,2,2,2,2,2,2,2,2,2,2,2,2,2,2,2,2,2
1241,4,4,4,4,4,4,5,4,2,2,,30.0,4.0,,,,,4.0,4.0,3.0,,5.0,1.0,54.0,,,2.0,3.0,4.0,5.0,,,,,,,,6.0,,2.0,,,3.0,1.0,,4.0,,1.0,1.0,1.0,1.0,1.0,1.0,1.0,1.0,1.0,1.0,,,,,,,6,3,3,3,3,5,6,6,3,2,62.0,54.0,57.0,60.0,65.0,60.0,70.0,55.0,50.0,48.0,2,1,2,1,1,2,2,1,2,2,2,1,1,2,1,1,1,2,1,2,1,1,2,1,1,2,2,1,1,1,2,2,1,2,1,2,2,1,2,1
1332,4,5,4,5,5,5,5,5,1,2,70.0,,4.0,,,,,3.0,4.0,4.0,,5.0,1.0,54.0,,,2.0,,,,2.0,4.0,4.0,,,,,15.0,,2.0,,5.0,,1.0,,,4.0,1.0,1.0,1.0,1.0,1.0,1.0,1.0,1.0,1.0,1.0,,,,,,,6,2,2,3,2,5,6,6,3,1,60.0,55.0,50.0,65.0,60.0,60.0,70.0,55.0,40.0,35.0,1,2,2,1,2,2,2,2,1,1,2,2,2,2,1,1,1,1,2,2,1,1,2,2,2,1,1,2,2,2,1,2,1,2,2,1,2,2,2,2
1967,4,4,4,5,5,4,5,5,2,2,,30.0,,1.0,3.0,4.0,6.0,,,,,5.0,1.0,35.0,,1.0,,2.0,4.0,4.0,,,,,,,,,2.0,,,7.0,,1.0,,4.0,,,,,,,,,,,,1.0,1.0,1.0,1.0,1.0,1.0,6,3,3,3,2,5,6,6,3,2,60.0,55.0,50.0,65.0,70.0,60.0,75.0,65.0,40.0,35.0,1,2,1,2,1,2,1,2,2,2,1,2,2,1,1,2,1,2,2,1,1,1,2,2,1,2,1,2,1,2,2,1,1,2,2,2,1,1,2,2
1814,2,2,2,1,1,2,2,1,4,4,,30.0,,1.0,2.0,2.0,5.0,,,,2.0,,1.0,20.0,,1.0,,,,,,,,1.0,2.0,2.0,20.0,,,2.0,,10.0,,,2.0,1.0,,,,,,,,,,,,1.0,1.0,1.0,1.0,1.0,1.0,6,2,2,2,2,5,6,6,1,2,20.0,20.0,20.0,10.0,10.0,20.0,20.0,10.0,40.0,40.0,2,2,2,2,2,2,2,2,2,2,2,2,2,2,2,2,2,2,2,2,2,2,2,2,2,2,2,2,2,2,2,2,2,2,2,2,2,2,2,2
2009,2,3,2,2,3,2,4,2,4,3,70.0,,1.0,,3.0,4.0,6.0,,,,,5.0,1.0,20.0,,1.0,,,,,1.0,4.0,5.0,,,,20.0,,1.0,,,,3.0,1.0,,3.0,,1.0,1.0,1.0,1.0,1.0,1.0,1.0,1.0,1.0,1.0,,,,,,,6,3,2,2,2,5,6,6,2,2,40.0,35.0,30.0,30.0,35.0,30.0,40.0,30.0,50.0,40.0,1,1,1,2,2,2,2,2,2,2,1,1,2,2,2,2,1,2,1,1,2,2,1,2,1,1,1,1,1,2,2,2,1,2,1,1,1,2,1,1
78,2,3,2,2,3,2,3,2,4,3,,30.0,,1.0,3.0,4.0,5.0,,,,,5.0,,,2.0,,2.0,,,,,,,1.0,4.0,5.0,,18.0,,2.0,,,3.0,,1.0,3.0,,1.0,1.0,1.0,1.0,1.0,1.0,1.0,1.0,1.0,1.0,,,,,,,6,3,2,3,3,5,6,5,2,2,55.0,50.0,45.0,40.0,50.0,40.0,60.0,35.0,60.0,30.0,1,2,2,2,2,1,2,2,2,2,2,2,1,1,1,2,2,1,2,2,2,2,2,1,2,2,1,2,2,2,1,2,2,2,1,2,2,2,2,1
466,5,4,5,5,5,5,5,5,1,2,70.0,,,1.0,,,,3.0,4.0,2.0,5.0,,1.0,40.0,,1.0,,,,,1.0,5.0,6.0,,,,20.0,,,2.0,,7.0,,1.0,,5.0,,1.0,1.0,1.0,1.0,1.0,1.0,1.0,1.0,1.0,1.0,,,,,,,6,3,2,2,2,5,6,6,3,2,60.0,55.0,60.0,70.0,75.0,65.0,80.0,60.0,40.0,45.0,1,2,2,1,2,1,2,2,1,2,2,1,1,2,1,1,2,2,1,2,2,1,2,2,1,2,2,2,2,1,1,2,2,2,1,1,1,2,2,1
515,4,4,4,4,4,4,5,4,2,2,,30.0,4.0,,,,,4.0,4.0,3.0,5.0,,,,2.0,1.0,,,,,,,,3.0,4.0,5.0,18.0,,,2.0,5.0,,,1.0,,4.0,,1.0,1.0,1.0,1.0,1.0,1.0,1.0,1.0,1.0,1.0,,,,,,,6,4,2,2,2,4,6,6,3,2,62.0,54.0,60.0,68.0,70.0,65.0,75.0,60.0,40.0,38.0,2,1,1,2,2,1,2,1,2,2,2,1,1,1,2,1,2,2,1,2,2,2,1,2,2,1,1,2,1,1,1,1,1,1,1,1,1,1,2,1
680,5,5,5,5,5,5,5,5,2,2,,30.0,,1.0,3.0,4.0,6.0,,,,5.0,,,,2.0,1.0,,,,,,,,2.0,5.0,6.0,,20.0,,2.0,5.0,,,1.0,,,5.0,1.0,1.0,1.0,1.0,1.0,1.0,1.0,1.0,1.0,1.0,,,,,,,6,3,2,2,2,5,6,6,3,2,65.0,55.0,60.0,70.0,75.0,70.0,80.0,60.0,40.0,35.0,2,2,2,2,2,1,2,1,2,2,2,1,2,1,1,2,1,2,1,2,2,2,1,1,1,2,1,1,2,1,1,2,2,1,2,1,1,2,2,1
309,4,4,4,4,4,4,5,4,2,2,,30.0,,1.0,3.0,4.0,5.0,,,,5.0,,1.0,40.0,,1.0,,,,,2.0,4.0,5.0,,,,18.0,,1.0,,,,3.0,1.0,,,4.0,1.0,1.0,1.0,1.0,1.0,1.0,1.0,1.0,1.0,1.0,,,,,,,6,3,2,2,3,5,6,6,3,2,60.0,55.0,50.0,60.0,65.0,60.0,70.0,55.0,40.0,35.0,2,2,1,1,2,1,1,2,2,1,2,1,1,2,1,1,2,1,2,2,1,2,2,2,1,2,1,1,2,2,1,1,2,2,2,2,1,1,2,1
1066,2,3,2,2,2,2,4,2,4,2,70.0,,1.0,,3.0,4.0,6.0,,,,,5.0,1.0,30.0,,,2.0,,,,1.0,4.0,4.0,,,,20.0,,1.0,,,,3.0,,1.0,3.0,,1.0,1.0,1.0,1.0,1.0,1.0,1.0,1.0,1.0,1.0,,,,,,,6,2,2,2,2,4,6,6,2,2,40.0,35.0,35.0,30.0,30.0,30.0,40.0,30.0,50.0,30.0,1,2,1,2,1,2,2,2,2,2,2,2,2,1,1,2,2,2,2,2,1,2,2,2,2,2,1,1,1,1,2,1,1,2,1,1,2,1,2,1
1115,2,3,2,2,2,2,2,2,1,2,70.0,,1.0,,,,,3.0,4.0,5.0,5.0,,,,2.0,1.0,,1.0,2.0,2.0,,,,,,,20.0,,,2.0,,10.0,,1.0,,1.0,,1.0,1.0,1.0,1.0,1.0,1.0,1.0,1.0,1.0,1.0,,,,,,,6,2,2,2,2,5,6,6,1,1,30.0,25.0,20.0,20.0,20.0,20.0,20.0,20.0,40.0,40.0,2,2,1,1,1,2,2,2,2,2,1,1,2,1,1,2,1,1,2,2,2,1,1,2,2,2,1,2,2,2,2,2,2,2,2,1,2,2,2,2
1280,2,3,2,2,2,2,2,2,1,1,70.0,,,1.0,,,,2.0,3.0,2.0,,5.0,,,2.0,1.0,,,,,,,,1.0,2.0,4.0,,,,2.0,3.0,,,1.0,,3.0,,,,,,,,,,,,1.0,1.0,1.0,1.0,1.0,1.0,6,2,2,2,2,5,6,6,1,1,30.0,25.0,20.0,20.0,20.0,20.0,20.0,20.0,40.0,20.0,2,2,1,1,1,2,1,2,2,1,1,2,2,1,1,1,2,2,2,2,1,2,1,2,2,1,2,1,1,1,2,1,2,1,1,1,2,2,2,2
1709,4,4,4,4,4,4,5,4,2,2,,30.0,,1.0,,,,4.0,3.0,3.0,,5.0,,,2.0,1.0,,,,,,,,2.0,4.0,4.0,,,,2.0,,,1.0,,2.0,,4.0,1.0,1.0,1.0,1.0,1.0,1.0,1.0,1.0,1.0,1.0,,,,,,,6,2,2,2,2,4,6,6,3,2,60.0,55.0,50.0,65.0,60.0,55.0,70.0,60.0,50.0,45.0,2,1,2,1,1,1,2,1,2,1,2,2,1,2,1,1,1,2,1,2,2,2,2,2,2,2,1,2,2,2,2,2,2,2,1,2,2,1,2,1
738,5,5,5,5,5,5,5,5,1,1,,30.0,,1.0,,,,4.0,4.0,3.0,5.0,,,,2.0,,2.0,,,,,,,1.0,5.0,6.0,,,1.0,,3.0,,,2.0,,5.0,,1.0,1.0,1.0,1.0,1.0,1.0,1.0,1.0,1.0,1.0,,,,,,,6,3,2,2,2,5,6,6,3,2,65.0,60.0,60.0,70.0,75.0,70.0,80.0,60.0,40.0,35.0,2,2,2,2,2,1,1,1,2,1,2,1,2,1,2,1,2,1,2,1,1,1,2,1,2,2,2,2,1,1,2,1,1,2,1,2,2,1,2,2
124,4,4,4,4,4,4,4,4,2,2,70.0,,4.0,,3.0,3.0,5.0,,,,,5.0,,,2.0,,2.0,2.0,4.0,4.0,,,,,,,,,1.0,,3.0,,,,1.0,,4.0,,,,,,,,,,,1.0,1.0,1.0,1.0,1.0,1.0,6,3,3,3,2,4,5,5,3,2,62.0,54.0,58.0,66.0,65.0,60.0,70.0,60.0,45.0,40.0,2,2,1,1,2,2,2,2,2,1,1,1,1,2,2,1,2,1,1,2,2,1,2,1,2,2,2,1,2,1,2,1,1,1,2,1,1,1,1,2
1338,5,5,5,5,5,5,5,5,2,2,70.0,,4.0,,3.0,4.0,5.0,,,,5.0,,,,2.0,,2.0,2.0,4.0,4.0,,,,,,,,20.0,1.0,,,5.0,,1.0,,,4.0,,,,,,,,,,,1.0,1.0,1.0,1.0,1.0,1.0,6,3,3,3,3,5,6,6,3,2,62.0,54.0,60.0,70.0,68.0,65.0,75.0,60.0,40.0,38.0,2,2,2,1,1,2,2,1,2,1,1,2,2,2,2,2,1,2,2,2,1,1,2,1,2,2,1,2,1,1,2,2,2,2,2,2,2,1,2,1
1457,5,5,5,5,5,5,5,5,2,2,70.0,,4.0,,,,,3.0,4.0,2.0,,5.0,,,2.0,,2.0,2.0,4.0,5.0,,,,,,,20.0,,,2.0,,,3.0,,1.0,5.0,,1.0,1.0,1.0,1.0,1.0,1.0,1.0,1.0,1.0,1.0,,,,,,,6,3,2,3,3,5,6,6,3,1,62.0,54.0,58.0,67.0,70.0,60.0,75.0,55.0,48.0,40.0,2,1,2,2,1,2,2,2,2,1,2,1,2,2,1,2,1,1,2,2,1,2,2,2,1,1,1,2,2,1,2,2,2,1,2,1,1,2,2,2
1524,5,5,5,5,5,5,5,5,2,2,70.0,,4.0,,3.0,4.0,6.0,,,,,5.0,,,2.0,1.0,,1.0,5.0,6.0,,,,,,,,,1.0,,5.0,,,,1.0,5.0,,1.0,1.0,1.0,1.0,1.0,1.0,1.0,1.0,1.0,1.0,,,,,,,6,2,2,2,2,4,6,6,3,1,62.0,55.0,60.0,70.0,75.0,65.0,80.0,60.0,40.0,35.0,1,1,2,2,2,2,2,2,2,1,1,2,1,1,2,2,1,1,2,1,2,1,1,1,2,1,2,2,2,2,2,2,1,2,1,2,1,2,1,1
956,5,4,5,5,5,5,5,5,1,2,,30.0,,1.0,3.0,4.0,6.0,,,,,5.0,1.0,30.0,,1.0,,,,,1.0,4.0,4.0,,,,18.0,,,2.0,,7.0,,,2.0,,4.0,,,,,,,,,,,1.0,1.0,1.0,1.0,1.0,1.0,6,3,2,2,2,5,6,6,3,2,60.0,55.0,60.0,70.0,75.0,65.0,80.0,60.0,40.0,45.0,1,1,2,1,2,1,1,2,2,2,2,1,1,2,1,2,1,2,2,1,2,2,2,2,2,1,1,2,1,1,2,2,2,2,2,1,2,2,2,2
825,2,3,2,2,3,2,4,2,4,3,,30.0,,1.0,2.0,3.0,5.0,,,,,5.0,1.0,50.0,,,2.0,,,,1.0,4.0,5.0,,,,18.0,,,2.0,5.0,,,1.0,,4.0,,,,,,,,,,,,1.0,1.0,1.0,1.0,1.0,1.0,6,3,2,3,2,4,6,5,3,2,55.0,50.0,45.0,40.0,50.0,35.0,60.0,40.0,60.0,35.0,2,2,2,1,1,1,1,2,1,2,2,2,1,1,2,2,1,2,2,1,1,2,2,1,1,1,1,2,1,2,2,2,2,1,1,1,2,2,2,1
270,5,5,5,5,5,5,5,5,2,2,70.0,,,1.0,,,,3.0,4.0,4.0,5.0,,,,2.0,,2.0,,,,,,,1.0,5.0,6.0,,,,2.0,5.0,,,,1.0,,5.0,,,,,,,,,,,1.0,1.0,1.0,1.0,1.0,1.0,6,3,3,3,3,5,6,6,3,2,62.0,55.0,60.0,70.0,68.0,65.0,80.0,60.0,50.0,45.0,1,2,1,2,2,2,1,1,1,2,2,2,2,2,1,2,1,1,1,2,2,1,2,1,1,1,1,1,2,1,1,1,2,1,2,2,1,1,1,1
303,5,5,5,5,5,5,5,5,1,1,70.0,,4.0,,,,,3.0,4.0,5.0,5.0,,,,2.0,1.0,,2.0,4.0,5.0,,,,,,,,,1.0,,,7.0,,1.0,,,5.0,,,,,,,,,,,1.0,1.0,1.0,1.0,1.0,1.0,6,2,2,2,2,5,6,6,3,2,60.0,55.0,60.0,65.0,70.0,65.0,75.0,60.0,40.0,35.0,2,2,1,2,1,1,2,1,2,2,1,2,2,2,1,2,1,2,2,2,2,2,1,1,2,1,1,2,2,2,1,1,1,2,1,2,1,2,2,1
1496,4,4,4,3,4,3,5,4,2,2,70.0,,,1.0,,,,3.0,4.0,3.0,5.0,,,,2.0,1.0,,2.0,4.0,5.0,,,,,,,2.0,,,2.0,6.0,,,1.0,,,4.0,,,,,,,,,,,1.0,1.0,1.0,1.0,1.0,1.0,6,3,4,3,3,5,6,5,3,2,62.0,55.0,60.0,58.0,65.0,60.0,70.0,55.0,50.0,48.0,2,2,1,1,2,1,2,2,1,1,1,2,1,2,2,2,2,2,2,2,1,1,1,2,1,2,2,1,1,1,1,1,1,1,1,2,2,1,1,1
1670,4,4,4,5,5,5,4,4,2,2,,30.0,,1.0,,,,4.0,5.0,3.0,5.0,,,,2.0,1.0,,3.0,4.0,4.0,,,,,,,,,,2.0,3.0,,,,1.0,4.0,,,,,,,,,,,,1.0,1.0,1.0,1.0,1.0,1.0,6,3,4,3,2,5,6,5,3,2,60.0,55.0,50.0,70.0,65.0,60.0,75.0,55.0,40.0,35.0,1,1,1,2,1,2,1,1,1,1,2,1,1,2,2,1,2,2,1,1,2,2,1,1,2,1,1,2,1,1,2,1,2,2,1,1,2,2,1,2
1703,5,5,5,5,5,5,5,5,2,2,,30.0,,1.0,3.0,4.0,5.0,,,,5.0,,,,2.0,1.0,,,,,,,,4.0,5.0,6.0,,,1.0,,,7.0,,1.0,,5.0,,1.0,1.0,1.0,1.0,1.0,1.0,1.0,1.0,1.0,1.0,,,,,,,6,3,2,2,2,5,6,6,3,1,65.0,60.0,60.0,70.0,75.0,65.0,80.0,70.0,40.0,35.0,1,2,2,2,1,1,2,1,2,2,1,1,2,1,2,1,2,1,2,2,1,1,2,1,2,1,1,1,2,2,1,2,2,2,2,2,2,2,1,2
2003,2,3,2,2,3,2,4,2,4,3,70.0,,,1.0,2.0,3.0,5.0,,,,,5.0,,,2.0,,2.0,1.0,2.0,3.0,,,,,,,,,,2.0,,,1.0,1.0,,,3.0,,,,,,,,,,,1.0,1.0,1.0,1.0,1.0,1.0,6,2,3,3,3,5,6,6,2,2,40.0,35.0,30.0,30.0,35.0,25.0,40.0,30.0,50.0,30.0,2,1,2,1,1,1,2,1,2,2,2,1,1,2,2,1,1,2,1,1,1,1,2,1,2,2,2,1,2,2,2,2,1,2,2,2,2,2,1,2
997,4,5,4,5,5,5,5,5,2,2,70.0,,4.0,,,,,4.0,3.0,3.0,5.0,,1.0,54.0,,,2.0,2.0,4.0,4.0,,,,,,,,20.0,,2.0,,,2.0,1.0,,4.0,,,,,,,,,,,,1.0,1.0,1.0,1.0,1.0,1.0,6,3,2,2,2,5,6,6,3,2,60.0,55.0,60.0,65.0,70.0,60.0,75.0,60.0,50.0,45.0,2,2,1,2,2,2,2,2,1,2,1,2,2,1,1,2,1,2,2,1,2,1,2,2,1,2,2,2,2,2,1,1,2,1,2,2,1,2,2,1
72,4,4,4,4,4,4,4,4,2,2,70.0,,,1.0,3.0,4.0,6.0,,,,5.0,,1.0,40.0,,1.0,,,,,,,,2.0,4.0,5.0,20.0,,1.0,,,,2.0,1.0,,4.0,,1.0,1.0,1.0,1.0,1.0,1.0,1.0,1.0,1.0,1.0,,,,,,,6,3,2,2,3,5,6,6,3,2,60.0,55.0,50.0,65.0,60.0,60.0,70.0,55.0,40.0,35.0,1,1,2,2,1,2,1,2,1,1,1,2,1,1,2,1,2,1,1,2,1,2,1,2,1,1,1,2,2,1,1,2,1,2,1,2,2,2,1,2
205,4,4,4,4,4,4,5,4,2,2,,30.0,,2.0,,,,4.0,4.0,3.0,5.0,,1.0,54.0,,,2.0,2.0,4.0,4.0,,,,,,,16.0,,1.0,,,,2.0,,2.0,,4.0,,,,,,,,,,,1.0,1.0,1.0,1.0,1.0,1.0,6,3,4,3,3,5,6,5,3,2,55.0,52.0,54.0,60.0,62.0,58.0,65.0,57.0,48.0,45.0,2,2,1,1,1,1,1,1,1,1,2,1,2,1,1,1,2,2,2,2,2,2,1,2,1,1,1,2,2,1,1,2,1,2,1,1,2,2,2,2
376,4,4,4,5,5,5,5,5,2,2,70.0,,4.0,,,,,3.0,4.0,5.0,5.0,,,,2.0,,2.0,2.0,4.0,5.0,,,,,,,,18.0,1.0,,,,2.0,1.0,,4.0,,,,,,,,,,,,1.0,1.0,1.0,1.0,1.0,1.0,6,3,4,3,3,5,6,5,3,2,62.0,58.0,60.0,68.0,70.0,65.0,72.0,60.0,55.0,50.0,2,2,2,1,2,1,2,2,2,2,2,2,1,1,2,1,1,1,1,2,2,2,2,2,1,1,1,2,1,1,1,1,1,2,2,1,1,2,1,2
190,2,2,2,1,2,1,2,1,4,4,70.0,,,1.0,,,,3.0,4.0,3.0,,5.0,1.0,20.0,,1.0,,,,,1.0,2.0,2.0,,,,,,2.0,,3.0,,,,1.0,1.0,,,,,,,,,,,,1.0,1.0,1.0,1.0,1.0,1.0,6,2,2,2,2,4,6,6,1,2,20.0,10.0,10.0,10.0,10.0,10.0,10.0,10.0,20.0,20.0,2,2,2,2,2,2,2,2,2,2,2,2,2,2,2,2,2,2,2,2,2,2,2,2,2,2,2,2,2,2,2,2,2,2,2,2,2,2,2,2
419,5,5,5,5,5,5,5,5,1,1,70.0,,4.0,,,,,4.0,4.0,5.0,5.0,,,,2.0,,2.0,,,,,,,4.0,5.0,6.0,,20.0,,2.0,5.0,,,1.0,,5.0,,,,,,,,,,,,1.0,1.0,1.0,1.0,1.0,1.0,6,2,2,2,2,5,6,6,3,2,62.0,55.0,60.0,70.0,68.0,65.0,75.0,60.0,40.0,35.0,2,1,2,2,1,2,2,1,2,1,1,1,1,2,1,1,1,1,2,1,1,2,2,2,2,2,2,1,2,2,1,2,2,1,1,1,2,1,1,2
1605,5,5,5,5,5,5,5,5,1,1,,30.0,4.0,,,,,3.0,4.0,5.0,5.0,,,,2.0,1.0,,,,,,,,4.0,5.0,6.0,,20.0,1.0,,5.0,,,1.0,,5.0,,,,,,,,,,,,1.0,1.0,1.0,1.0,1.0,1.0,6,2,2,2,2,5,6,6,3,2,65.0,60.0,60.0,70.0,75.0,65.0,80.0,60.0,40.0,35.0,2,1,2,1,1,1,2,2,2,2,2,2,2,1,2,2,1,2,2,2,1,2,2,1,1,1,2,2,1,2,2,1,2,1,2,1,1,2,1,2
1776,5,5,5,5,5,5,5,5,1,1,,30.0,4.0,,2.0,3.0,6.0,,,,,6.0,1.0,30.0,,1.0,,4.0,5.0,5.0,,,,,,,,,,2.0,,,2.0,1.0,,5.0,,,,,,,,,,,,1.0,1.0,1.0,1.0,1.0,1.0,6,3,4,3,2,5,6,6,3,2,60.0,55.0,50.0,65.0,60.0,60.0,70.0,55.0,40.0,35.0,2,1,2,2,2,1,1,2,2,1,2,1,2,2,1,2,2,2,1,1,1,2,1,1,2,2,1,1,2,2,1,2,2,1,2,2,2,1,2,1
1590,4,4,4,4,4,4,4,4,2,2,,30.0,,1.0,,,,4.0,4.0,3.0,5.0,,,,2.0,1.0,,3.0,4.0,4.0,,,,,,,,,,2.0,,,3.0,,2.0,,4.0,,,,,,,,,,,1.0,1.0,1.0,1.0,1.0,1.0,6,3,3,3,2,5,6,6,3,2,60.0,55.0,60.0,65.0,65.0,60.0,70.0,60.0,40.0,40.0,1,2,2,2,1,2,1,2,1,2,2,2,1,2,1,1,2,2,1,2,2,1,1,2,2,2,2,1,1,1,2,2,2,1,2,1,1,2,1,2
1019,4,4,4,4,4,4,5,4,2,2,,30.0,4.0,,,,,4.0,4.0,3.0,,5.0,,,2.0,,2.0,2.0,4.0,5.0,,,,,,,20.0,,,2.0,5.0,,,,1.0,,4.0,1.0,1.0,1.0,1.0,1.0,1.0,1.0,1.0,1.0,1.0,,,,,,,6,3,3,3,3,5,6,6,3,1,60.0,55.0,60.0,65.0,65.0,60.0,70.0,60.0,40.0,40.0,2,1,1,1,2,2,1,2,2,1,2,2,2,2,1,1,1,2,1,1,1,1,1,2,1,1,1,2,2,2,1,1,2,2,1,1,1,1,1,1
1918,4,4,4,4,4,4,4,4,2,2,70.0,,,1.0,,,,3.0,4.0,3.0,5.0,,1.0,50.0,,,2.0,,,,,,,2.0,4.0,5.0,20.0,,,2.0,,3.0,,,1.0,4.0,,,,,,,,,,,,1.0,1.0,1.0,1.0,1.0,1.0,6,3,3,3,3,4,6,6,3,2,60.0,55.0,60.0,65.0,65.0,60.0,70.0,60.0,50.0,45.0,1,1,1,2,1,2,1,1,2,1,1,2,2,2,2,2,2,2,2,1,1,2,2,2,2,2,1,2,1,2,1,2,1,1,1,2,2,2,2,2
891,2,3,2,2,2,2,2,2,4,4,,30.0,,1.0,,,,3.0,4.0,2.0,5.0,,,,2.0,,2.0,,,,1.0,4.0,4.0,,,,,,2.0,,,7.0,,1.0,,3.0,,,,,,,,,,,,1.0,1.0,1.0,1.0,1.0,1.0,6,3,3,3,3,5,6,6,2,2,45.0,40.0,40.0,35.0,40.0,35.0,50.0,30.0,60.0,40.0,2,2,1,1,2,1,2,1,2,1,1,2,1,1,2,1,2,1,1,2,1,2,1,2,1,2,1,2,2,1,2,1,1,2,1,1,1,1,2,1
151,2,3,2,2,2,2,2,2,4,3,,30.0,,1.0,,,,4.0,4.0,3.0,5.0,,1.0,40.0,,1.0,,1.0,2.0,3.0,,,,,,,,,2.0,,3.0,,,,1.0,,3.0,1.0,1.0,1.0,1.0,1.0,1.0,1.0,1.0,1.0,1.0,,,,,,,6,2,3,3,2,5,6,6,2,2,40.0,35.0,30.0,30.0,30.0,30.0,30.0,25.0,40.0,30.0,2,1,2,2,1,1,1,1,2,2,1,2,2,1,2,2,2,1,1,1,2,2,2,1,1,1,1,1,2,1,2,1,2,1,2,1,2,1,1,2
1422,4,4,4,4,4,4,5,4,2,2,70.0,,3.0,,3.0,4.0,6.0,,,,5.0,,,,2.0,,2.0,,,,1.0,4.0,4.0,,,,,18.0,,2.0,,,3.0,,1.0,,4.0,,,,,,,,,,,1.0,1.0,1.0,1.0,1.0,1.0,6,2,3,3,2,4,6,5,3,2,60.0,55.0,60.0,65.0,65.0,60.0,70.0,60.0,40.0,35.0,2,1,2,1,2,1,2,2,2,2,1,2,2,1,2,2,2,1,1,1,2,1,2,1,2,2,2,1,1,1,2,2,1,2,2,1,2,1,1,2
1551,5,5,5,5,5,5,5,5,2,2,70.0,,,1.0,,,,3.0,4.0,5.0,,5.0,,,2.0,1.0,,,,,1.0,5.0,6.0,,,,,,,2.0,,7.0,,1.0,,,5.0,,,,,,,,,,,1.0,1.0,1.0,1.0,1.0,1.0,6,2,2,2,2,5,6,6,3,2,60.0,55.0,60.0,65.0,70.0,65.0,80.0,60.0,40.0,35.0,2,2,2,2,2,2,1,2,1,2,1,2,2,1,1,1,2,1,2,2,1,2,1,1,1,2,2,2,1,1,2,1,2,1,2,1,2,1,1,1
923,5,5,5,5,5,5,5,5,1,1,,30.0,4.0,,2.0,3.0,6.0,,,,,5.0,,,2.0,,2.0,,,,1.0,5.0,6.0,,,,,20.0,1.0,,,5.0,,,2.0,,5.0,,,,,,,,,,,1.0,1.0,1.0,1.0,1.0,1.0,6,2,2,2,2,5,6,6,3,2,65.0,55.0,60.0,70.0,70.0,65.0,80.0,60.0,40.0,35.0,2,2,1,2,1,2,1,2,1,2,2,2,1,2,2,2,1,1,2,1,2,2,2,1,2,1,2,1,1,1,2,1,2,2,2,1,2,1,1,2
850,5,5,5,5,5,5,5,5,1,1,70.0,,4.0,,,,,4.0,4.0,3.0,,5.0,1.0,54.0,,1.0,,,,,4.0,4.0,5.0,,,,,20.0,1.0,,,6.0,,2.0,,,4.0,1.0,1.0,1.0,1.0,1.0,1.0,1.0,1.0,1.0,1.0,,,,,,,6,3,2,2,2,4,6,6,3,2,62.0,54.0,57.0,68.0,70.0,60.0,75.0,59.0,41.0,38.0,2,2,1,2,2,2,1,2,2,1,2,1,2,1,1,2,2,1,1,2,2,1,2,1,2,2,2,2,1,2,1,1,1,1,2,1,1,1,1,1
1633,2,4,2,2,2,2,2,2,4,2,70.0,,1.0,,,,,3.0,4.0,2.0,5.0,,,,2.0,1.0,,1.0,4.0,5.0,,,,,,,20.0,,1.0,,,,3.0,,1.0,,4.0,1.0,1.0,1.0,1.0,1.0,1.0,1.0,1.0,1.0,1.0,,,,,,,6,2,2,2,2,5,6,6,3,2,60.0,55.0,50.0,45.0,50.0,40.0,60.0,55.0,50.0,45.0,2,2,1,1,1,2,2,1,1,2,1,1,1,1,2,1,2,2,2,2,2,1,1,1,1,2,1,2,2,1,2,1,2,2,1,2,1,2,2,2
1740,4,4,4,4,4,4,5,4,2,2,70.0,,4.0,,,,,4.0,4.0,3.0,,5.0,1.0,40.0,,,2.0,1.0,4.0,4.0,,,,,,,5.0,,,2.0,,,3.0,,1.0,4.0,,1.0,1.0,1.0,1.0,1.0,1.0,1.0,1.0,1.0,1.0,,,,,,,6,3,2,3,2,5,6,6,3,1,55.0,50.0,50.0,60.0,65.0,60.0,70.0,55.0,45.0,40.0,2,2,2,2,2,1,1,1,1,2,2,2,1,1,2,1,2,2,1,1,2,1,2,2,1,1,2,2,2,2,1,2,2,2,1,1,2,1,2,2
233,5,4,5,5,5,5,5,5,2,2,,30.0,4.0,,,,,3.0,4.0,2.0,,5.0,,,2.0,,2.0,,,,2.0,5.0,6.0,,,,,,,2.0,,7.0,,1.0,,,5.0,,,,,,,,,,,1.0,1.0,1.0,1.0,1.0,1.0,6,3,4,3,3,5,6,6,3,2,62.0,54.0,60.0,68.0,70.0,65.0,75.0,60.0,40.0,38.0,2,2,1,1,2,2,2,2,1,1,2,2,2,2,2,2,2,1,1,1,1,1,1,2,2,2,2,1,2,2,2,1,2,1,2,2,2,1,2,2
340,2,3,2,2,2,2,2,2,1,1,70.0,,1.0,,2.0,3.0,6.0,,,,,5.0,1.0,20.0,,,2.0,,,,,,,1.0,2.0,3.0,,,,2.0,,,1.0,1.0,,,2.0,,,,,,,,,,,1.0,1.0,1.0,1.0,1.0,1.0,6,2,2,2,2,5,6,6,2,2,30.0,25.0,20.0,20.0,20.0,20.0,20.0,20.0,30.0,30.0,1,2,2,2,1,2,2,2,2,2,1,2,2,2,2,1,2,2,1,1,2,1,2,1,1,1,2,2,2,1,2,1,2,1,1,2,2,1,1,1
31,5,4,4,5,5,5,5,5,2,2,70.0,,,1.0,,,,4.0,5.0,3.0,5.0,,,,2.0,1.0,,,,,,,,2.0,4.0,5.0,,5.0,1.0,,3.0,,,1.0,,,5.0,,,,,,,,,,,1.0,1.0,1.0,1.0,1.0,1.0,6,3,3,3,3,5,6,6,3,2,60.0,55.0,50.0,65.0,70.0,60.0,75.0,55.0,40.0,35.0,2,1,2,2,2,1,2,2,2,1,1,2,2,1,1,1,2,2,2,2,2,2,1,1,2,2,1,2,1,1,2,1,2,1,1,2,1,2,2,1
2040,5,5,5,5,5,5,5,5,1,1,70.0,,,1.0,,,,3.0,4.0,5.0,5.0,,1.0,50.0,,,2.0,,,,,,,2.0,4.0,5.0,2.0,,,2.0,,7.0,,,1.0,,4.0,,,,,,,,,,,1.0,1.0,1.0,1.0,1.0,1.0,6,3,2,2,2,5,6,6,3,2,60.0,55.0,50.0,65.0,70.0,60.0,80.0,55.0,40.0,35.0,1,2,2,1,2,1,2,2,1,1,2,2,1,2,2,2,2,2,2,1,2,2,1,1,1,1,2,2,1,1,1,1,1,1,1,2,1,2,2,2
5,3,3,3,3,3,3,3,3,2,2,,30.0,1.0,,,,,4.0,4.0,3.0,5.0,,1.0,40.0,,1.0,,,,,3.0,3.0,4.0,,,,,5.0,2.0,,,7.0,,1.0,,,4.0,,,,,,,,,,,1.0,1.0,1.0,1.0,1.0,1.0,6,3,3,3,2,4,5,5,3,2,60.0,55.0,50.0,50.0,55.0,50.0,60.0,50.0,40.0,40.0,1,2,2,2,1,1,2,1,2,1,1,1,1,2,1,2,2,1,2,2,2,1,1,2,1,2,2,2,1,1,1,1,1,1,1,1,1,2,1,2
1414,4,4,3,2,3,2,5,3,2,2,70.0,,,1.0,,,,3.0,4.0,5.0,5.0,,1.0,40.0,,,2.0,2.0,4.0,5.0,,,,,,,,,1.0,,,7.0,,,1.0,4.0,,,,,,,,,,,,1.0,1.0,1.0,1.0,1.0,1.0,6,3,3,3,3,5,6,6,3,2,55.0,50.0,45.0,40.0,50.0,40.0,60.0,45.0,55.0,35.0,1,1,1,2,1,2,1,1,1,2,1,2,1,2,2,2,1,1,1,1,1,2,2,1,2,2,2,1,2,2,1,2,2,2,1,2,1,1,2,2
1567,5,4,5,5,5,5,5,5,2,2,,30.0,,1.0,,,,3.0,4.0,2.0,5.0,,,,2.0,1.0,,2.0,4.0,5.0,,,,,,,18.0,,,2.0,,,3.0,1.0,,4.0,,1.0,1.0,1.0,1.0,1.0,1.0,1.0,1.0,1.0,1.0,,,,,,,6,3,2,3,3,5,6,6,3,2,62.0,54.0,60.0,68.0,70.0,65.0,75.0,60.0,40.0,38.0,1,2,1,1,2,2,2,1,2,1,1,2,1,1,1,1,1,1,1,2,1,2,1,2,1,1,2,1,1,2,2,1,2,2,1,1,2,2,2,1
1781,4,4,4,4,4,4,4,4,2,2,70.0,,,1.0,3.0,4.0,6.0,,,,,5.0,,,2.0,,2.0,,,,1.0,4.0,5.0,,,,,20.0,,2.0,,,3.0,1.0,,,4.0,1.0,1.0,1.0,1.0,1.0,1.0,1.0,1.0,1.0,1.0,,,,,,,6,3,2,2,2,5,6,6,3,1,60.0,55.0,60.0,65.0,70.0,60.0,75.0,60.0,40.0,35.0,1,2,2,1,2,1,1,2,1,2,2,2,2,2,1,1,1,1,2,2,2,2,1,2,2,2,1,1,1,2,2,2,2,1,2,1,2,2,2,2
1208,2,3,2,2,2,2,2,2,4,3,,30.0,4.0,,,,,3.0,4.0,2.0,5.0,,,,2.0,,2.0,,,,,,,2.0,4.0,4.0,18.0,,1.0,,,,2.0,1.0,,,4.0,,,,,,,,,,,1.0,1.0,1.0,1.0,1.0,1.0,6,3,4,3,2,5,6,5,3,2,55.0,50.0,52.0,48.0,50.0,45.0,60.0,40.0,55.0,45.0,2,2,1,2,1,1,1,2,2,1,1,1,2,1,2,2,2,1,2,2,1,2,1,2,2,2,1,2,1,2,1,1,1,1,1,2,1,2,1,1
167,4,4,4,4,4,4,5,4,2,2,70.0,,3.0,,4.0,4.0,5.0,,,,5.0,,,,2.0,,2.0,2.0,4.0,5.0,,,,,,,2.0,,1.0,,5.0,,,1.0,,4.0,,1.0,1.0,1.0,1.0,1.0,1.0,1.0,1.0,1.0,1.0,,,,,,,6,3,2,2,2,5,6,6,3,2,62.0,54.0,58.0,60.0,65.0,60.0,70.0,55.0,50.0,45.0,2,1,2,2,1,1,1,1,2,1,1,1,2,1,2,1,1,2,1,1,1,1,2,2,2,1,2,1,2,1,2,1,2,1,2,2,1,2,1,1
381,4,4,4,4,4,4,5,4,2,2,,30.0,4.0,,,,,3.0,4.0,2.0,,5.0,,,2.0,,2.0,,,,,,,2.0,4.0,5.0,,16.0,1.0,,,,3.0,1.0,,,4.0,,,,,,,,,,,1.0,1.0,1.0,1.0,1.0,1.0,6,3,4,3,3,5,6,5,3,2,62.0,55.0,60.0,65.0,68.0,60.0,75.0,58.0,45.0,40.0,2,2,1,1,2,2,2,1,2,2,2,2,2,2,2,1,1,1,1,2,2,1,2,2,2,2,2,1,1,2,2,2,1,1,2,2,1,1,1,2
608,4,4,4,4,4,4,5,4,2,3,,30.0,,1.0,3.0,4.0,6.0,,,,,5.0,1.0,30.0,,,2.0,,,,,,,2.0,4.0,5.0,2.0,,,2.0,,,2.0,1.0,,,4.0,1.0,1.0,1.0,1.0,1.0,1.0,1.0,1.0,1.0,1.0,,,,,,,6,3,3,3,2,5,6,6,3,2,60.0,55.0,60.0,65.0,70.0,60.0,80.0,60.0,50.0,45.0,2,1,1,2,2,2,1,1,1,1,2,1,2,1,2,2,1,1,2,2,2,1,2,2,2,1,1,2,1,2,2,1,2,2,1,2,2,2,2,1
915,5,5,5,5,5,5,5,5,2,2,70.0,,,1.0,,,,3.0,4.0,3.0,,5.0,1.0,54.0,,,2.0,1.0,4.0,5.0,,,,,,,,20.0,1.0,,,7.0,,1.0,,,5.0,,,,,,,,,,,1.0,1.0,1.0,1.0,1.0,1.0,6,3,4,3,2,4,6,5,3,2,62.0,54.0,58.0,67.0,70.0,60.0,75.0,65.0,40.0,38.0,2,2,2,2,1,1,2,2,1,2,1,2,2,1,1,2,1,2,2,2,1,1,2,2,1,2,2,1,2,2,1,2,1,1,2,1,2,1,2,1
866,5,4,5,5,5,5,5,5,2,2,,30.0,,1.0,3.0,4.0,6.0,,,,,6.0,1.0,54.0,,,2.0,,,,,,,1.0,5.0,6.0,,20.0,1.0,,,,2.0,1.0,,,5.0,1.0,1.0,1.0,1.0,1.0,1.0,1.0,1.0,1.0,1.0,,,,,,,6,3,2,2,3,5,6,6,3,1,60.0,55.0,60.0,70.0,75.0,65.0,80.0,60.0,40.0,35.0,2,2,1,1,1,2,1,2,2,1,2,1,1,1,1,2,2,1,1,1,1,2,1,1,2,2,2,1,2,2,2,2,1,1,1,2,1,1,1,1
1687,5,5,5,5,5,5,5,5,2,2,70.0,,,1.0,,,,3.0,4.0,5.0,5.0,,1.0,54.0,,,2.0,,,,,,,2.0,5.0,6.0,,20.0,1.0,,,,3.0,,2.0,5.0,,1.0,1.0,1.0,1.0,1.0,1.0,1.0,1.0,1.0,1.0,,,,,,,6,3,2,2,3,5,6,6,4,2,65.0,60.0,60.0,70.0,70.0,70.0,80.0,60.0,40.0,40.0,1,2,2,1,2,1,1,1,2,1,1,1,2,2,1,2,2,1,2,1,2,1,2,2,2,2,2,2,1,1,2,1,2,1,1,2,2,1,2,1
1461,4,4,4,5,5,5,5,5,2,2,70.0,,4.0,,,,,4.0,4.0,3.0,,5.0,1.0,54.0,,,2.0,,,,,,,3.0,4.0,4.0,20.0,,,2.0,,,3.0,,2.0,,4.0,1.0,1.0,1.0,1.0,1.0,1.0,1.0,1.0,1.0,1.0,,,,,,,6,3,2,2,2,5,6,6,3,2,60.0,55.0,60.0,70.0,75.0,70.0,80.0,65.0,40.0,35.0,1,2,2,1,2,1,1,2,2,1,2,2,2,1,1,1,1,1,2,1,1,2,2,2,1,2,2,1,2,1,2,1,1,1,1,2,2,1,2,2
1512,2,2,2,2,2,2,2,2,1,1,,30.0,,1.0,2.0,2.0,6.0,,,,,5.0,1.0,20.0,,1.0,,,,,1.0,2.0,2.0,,,,,,2.0,,,5.0,,,1.0,3.0,,,,,,,,,,,,1.0,1.0,1.0,1.0,1.0,1.0,6,2,2,2,2,5,6,6,2,2,30.0,25.0,25.0,20.0,20.0,20.0,20.0,15.0,40.0,40.0,2,2,2,1,2,2,2,2,2,2,2,2,2,2,2,2,1,1,2,2,2,2,2,2,2,2,2,1,2,2,2,2,2,2,2,1,2,2,2,2
287,2,3,2,2,2,2,2,2,4,4,70.0,,1.0,,,,,3.0,4.0,2.0,,5.0,,,2.0,1.0,,,,,,,,2.0,2.0,2.0,,,2.0,,3.0,,,,1.0,,2.0,1.0,1.0,1.0,1.0,1.0,1.0,1.0,1.0,1.0,1.0,,,,,,,6,2,2,2,2,5,6,6,1,2,40.0,35.0,30.0,25.0,30.0,25.0,30.0,20.0,40.0,35.0,2,2,2,2,1,2,1,1,1,1,2,2,1,2,1,1,1,1,2,2,1,1,2,1,1,1,1,2,2,1,1,2,2,1,2,2,1,1,2,2
112,5,5,5,5,5,5,5,5,1,1,,30.0,1.0,,3.0,3.0,6.0,,,,,7.0,1.0,54.0,,,2.0,,,,1.0,5.0,6.0,,,,,,1.0,,,,3.0,,2.0,,5.0,,,,,,,,,,,1.0,1.0,1.0,1.0,1.0,1.0,6,2,2,2,2,5,6,6,3,2,65.0,60.0,60.0,70.0,70.0,65.0,80.0,60.0,40.0,35.0,2,2,2,1,1,2,1,2,2,2,2,2,2,1,1,1,1,2,2,1,2,2,2,1,1,2,1,1,1,1,1,2,1,1,1,1,1,2,2,2
960,5,5,5,5,5,5,5,5,2,2,,30.0,4.0,,3.0,4.0,6.0,,,,,5.0,1.0,40.0,,,2.0,,,,,,,4.0,5.0,6.0,,18.0,,2.0,,5.0,,2.0,,5.0,,,,,,,,,,,,1.0,1.0,1.0,1.0,1.0,1.0,6,3,3,3,3,5,6,6,3,2,60.0,55.0,60.0,70.0,75.0,70.0,80.0,65.0,40.0,35.0,1,1,2,2,1,2,2,1,2,1,2,2,1,1,2,1,2,2,2,2,1,2,1,1,2,2,1,1,2,2,2,1,2,1,2,1,2,1,1,1
85,2,3,2,2,3,2,4,2,4,3,,30.0,,1.0,3.0,4.0,6.0,,,,5.0,,1.0,30.0,,1.0,,,,,,,,1.0,4.0,5.0,,,,2.0,,,3.0,1.0,,,4.0,1.0,1.0,1.0,1.0,1.0,1.0,1.0,1.0,1.0,1.0,,,,,,,6,3,3,3,2,5,6,6,3,2,40.0,35.0,30.0,35.0,40.0,30.0,50.0,30.0,60.0,40.0,2,2,1,2,1,2,2,1,1,2,2,2,1,1,2,2,2,1,1,1,2,2,2,2,1,2,1,2,2,2,1,1,2,2,2,2,1,1,2,1
813,2,2,2,1,2,2,2,2,1,2,70.0,,1.0,,2.0,3.0,6.0,,,,,5.0,,,2.0,,2.0,,,,,,,1.0,2.0,3.0,20.0,,,2.0,,,3.0,1.0,,,3.0,,,,,,,,,,,1.0,1.0,1.0,1.0,1.0,1.0,6,2,2,2,2,5,6,6,2,2,40.0,35.0,30.0,20.0,25.0,20.0,30.0,25.0,50.0,40.0,2,2,1,2,2,1,2,1,1,2,2,1,2,1,2,1,2,1,1,2,1,1,1,2,1,2,2,1,2,1,1,1,2,1,1,2,1,2,1,2
1129,2,2,2,2,2,2,2,2,1,2,70.0,,,1.0,2.0,3.0,5.0,,,,5.0,,1.0,30.0,,1.0,,,,,1.0,2.0,2.0,,,,,,,2.0,,,1.0,,1.0,2.0,,,,,,,,,,,,1.0,1.0,1.0,1.0,1.0,1.0,6,2,2,2,2,5,6,6,1,1,30.0,25.0,25.0,20.0,20.0,15.0,20.0,10.0,60.0,40.0,2,2,2,2,2,2,2,2,2,2,2,2,2,2,2,2,2,2,2,2,2,2,2,2,2,2,2,2,2,2,2,2,2,2,2,2,2,2,2,2
1646,4,4,4,4,4,4,5,4,2,2,,30.0,,1.0,3.0,4.0,6.0,,,,5.0,,1.0,54.0,,,2.0,,,,2.0,4.0,5.0,,,,,,,2.0,4.0,,,1.0,,4.0,,,,,,,,,,,,1.0,1.0,1.0,1.0,1.0,1.0,6,3,4,3,3,5,6,6,3,2,62.0,55.0,60.0,65.0,68.0,60.0,75.0,60.0,40.0,35.0,2,1,1,2,2,2,1,2,2,2,1,2,2,1,2,1,1,2,1,2,1,1,2,1,1,1,2,2,2,2,2,2,1,2,1,1,2,1,1,1
1735,5,5,5,5,5,5,5,5,1,1,,30.0,6.0,,2.0,3.0,6.0,,,,,7.0,,,2.0,1.0,,1.0,5.0,6.0,,,,,,,,,,2.0,,,1.0,1.0,,,6.0,1.0,1.0,1.0,1.0,1.0,1.0,1.0,1.0,1.0,1.0,,,,,,,7,2,2,2,2,5,7,7,4,1,80.0,70.0,80.0,90.0,90.0,90.0,90.0,80.0,10.0,10.0,2,2,2,2,2,2,2,2,2,2,2,2,2,2,2,2,2,2,2,2,2,2,2,2,2,2,2,2,2,2,2,2,2,2,2,2,2,2,2,2
529,5,4,5,5,5,5,5,5,2,2,70.0,,4.0,,2.0,3.0,6.0,,,,,6.0,,,2.0,,2.0,2.0,5.0,5.0,,,,,,,18.0,,1.0,,,,3.0,,2.0,,5.0,1.0,1.0,1.0,1.0,1.0,1.0,1.0,1.0,1.0,1.0,,,,,,,6,3,4,3,3,5,6,5,3,2,62.0,55.0,60.0,70.0,68.0,65.0,75.0,60.0,50.0,45.0,1,2,2,1,1,2,2,2,2,2,1,2,1,2,2,1,2,1,2,1,2,2,1,1,2,2,1,2,1,1,1,2,1,1,2,1,2,2,2,1
246,2,2,2,2,2,2,2,2,4,4,,30.0,,1.0,3.0,4.0,6.0,,,,,5.0,,,2.0,1.0,,1.0,2.0,2.0,,,,,,,,,,2.0,5.0,,,1.0,,,2.0,,,,,,,,,,,1.0,1.0,1.0,1.0,1.0,1.0,6,2,2,2,2,5,6,6,2,2,30.0,25.0,25.0,25.0,25.0,25.0,25.0,25.0,40.0,40.0,1,1,1,1,2,1,2,2,2,1,1,2,1,2,2,1,2,1,2,1,2,2,2,1,2,1,1,2,1,1,1,1,1,2,1,2,1,2,1,2
335,2,2,2,2,2,2,2,2,1,1,70.0,,1.0,,2.0,3.0,6.0,,,,5.0,,1.0,30.0,,1.0,,,,,,,,1.0,2.0,2.0,,,,2.0,,7.0,,1.0,,,2.0,,,,,,,,,,,1.0,1.0,1.0,1.0,1.0,1.0,6,2,2,2,2,5,6,6,1,2,30.0,25.0,20.0,20.0,20.0,20.0,20.0,20.0,40.0,40.0,2,2,1,2,1,2,1,1,2,1,2,1,1,2,2,1,2,2,1,2,2,2,1,2,2,2,1,1,2,2,2,1,2,2,1,1,2,2,1,2
2035,4,4,4,4,4,4,5,4,2,2,,30.0,,1.0,,,,3.0,4.0,4.0,,5.0,1.0,30.0,,,2.0,,,,3.0,4.0,5.0,,,,,5.0,,2.0,,,3.0,,2.0,4.0,,1.0,1.0,1.0,1.0,1.0,1.0,1.0,1.0,1.0,1.0,,,,,,,6,3,2,2,3,5,6,6,3,1,60.0,55.0,60.0,65.0,65.0,60.0,75.0,60.0,40.0,45.0,2,2,1,2,2,1,2,2,1,2,2,1,2,1,1,2,2,1,2,2,2,2,2,1,1,2,1,2,2,1,2,1,1,2,1,2,1,2,2,2
44,5,5,5,5,5,5,5,5,1,1,,30.0,,1.0,,,,3.0,4.0,2.0,5.0,,1.0,50.0,,,2.0,,,,,,,2.0,5.0,6.0,20.0,,1.0,,,,3.0,1.0,,5.0,,1.0,1.0,1.0,1.0,1.0,1.0,1.0,1.0,1.0,1.0,,,,,,,6,2,2,2,2,5,6,6,3,1,60.0,55.0,60.0,70.0,75.0,65.0,80.0,60.0,40.0,35.0,2,2,1,1,1,2,2,1,2,1,2,2,1,2,2,2,2,2,2,2,2,2,1,1,2,1,2,2,2,2,1,2,1,1,1,1,2,2,1,2
1828,4,4,4,4,4,4,5,4,2,2,,30.0,,1.0,,,,4.0,3.0,2.0,5.0,,1.0,50.0,,1.0,,,,,,,,2.0,4.0,5.0,18.0,,,2.0,,6.0,,,2.0,4.0,,,,,,,,,,,,1.0,1.0,1.0,1.0,1.0,1.0,6,3,4,4,2,5,6,6,3,2,60.0,55.0,50.0,55.0,60.0,65.0,70.0,60.0,40.0,35.0,2,2,1,2,1,1,1,1,1,1,1,2,1,1,1,2,2,1,1,1,2,2,2,1,2,2,1,1,2,1,1,1,2,2,2,1,2,1,1,2
819,5,5,5,5,5,5,5,5,2,2,70.0,,4.0,,3.0,4.0,5.0,,,,5.0,,,,2.0,,2.0,,,,,,,2.0,4.0,5.0,2.0,,,2.0,3.0,,,,1.0,,4.0,,,,,,,,,,,1.0,1.0,1.0,1.0,1.0,1.0,6,3,2,2,2,5,6,6,3,2,54.0,47.0,51.0,62.0,65.0,60.0,70.0,55.0,44.0,38.0,2,1,2,2,2,2,2,1,1,2,1,1,2,1,1,2,1,1,2,2,1,1,2,1,2,1,2,2,2,1,1,1,1,2,2,1,2,2,1,1
1990,5,5,5,5,5,5,5,5,1,1,,30.0,4.0,,3.0,4.0,6.0,,,,5.0,,,,2.0,1.0,,,,,2.0,5.0,6.0,,,,,,1.0,,,,1.0,1.0,,5.0,,,,,,,,,,,,1.0,1.0,1.0,1.0,1.0,1.0,6,2,2,2,2,5,6,6,3,2,65.0,60.0,60.0,70.0,70.0,65.0,80.0,60.0,30.0,30.0,2,1,1,2,1,2,1,1,1,2,2,2,1,1,2,1,2,1,2,2,1,2,1,1,2,1,2,1,2,2,2,2,1,2,1,1,2,2,2,1
1277,5,5,5,5,5,5,5,5,2,2,,30.0,,1.0,,,,3.0,4.0,5.0,5.0,,,,2.0,1.0,,,,,1.0,5.0,6.0,,,,,20.0,1.0,,,6.0,,1.0,,5.0,,,,,,,,,,,,1.0,1.0,1.0,1.0,1.0,1.0,6,2,3,2,2,5,6,5,3,2,60.0,55.0,60.0,70.0,75.0,65.0,80.0,60.0,40.0,35.0,2,1,2,2,2,1,1,1,2,2,2,1,1,2,2,1,2,1,1,1,2,1,2,1,1,1,2,1,2,1,1,1,1,1,2,1,1,2,1,2
1304,4,4,4,4,4,4,5,4,2,2,,30.0,4.0,,,,,3.0,4.0,5.0,5.0,,,,2.0,1.0,,,,,,,,3.0,5.0,6.0,,16.0,1.0,,5.0,,,,2.0,,5.0,,,,,,,,,,,1.0,1.0,1.0,1.0,1.0,1.0,6,3,4,3,2,5,6,5,3,2,60.0,55.0,60.0,65.0,70.0,60.0,80.0,65.0,40.0,35.0,1,2,1,1,2,1,2,2,2,1,2,1,2,2,1,2,1,1,2,2,1,1,2,2,1,2,2,2,1,2,1,2,1,2,1,2,1,2,1,1
1091,2,3,2,2,2,2,2,2,1,3,,30.0,1.0,,3.0,3.0,5.0,,,,5.0,,,,2.0,1.0,,,,,1.0,2.0,4.0,,,,,,1.0,,3.0,,,,1.0,,3.0,1.0,1.0,1.0,1.0,1.0,1.0,1.0,1.0,1.0,1.0,,,,,,,6,2,2,2,2,4,6,6,3,2,40.0,35.0,35.0,30.0,30.0,30.0,30.0,25.0,60.0,40.0,2,2,2,2,1,1,2,1,1,1,1,2,1,2,2,2,2,1,1,2,2,1,1,2,1,2,1,1,1,2,2,1,2,1,1,2,2,1,2,1
1518,2,2,2,2,2,2,2,2,1,1,,30.0,,1.0,3.0,4.0,6.0,,,,,5.0,,,2.0,1.0,,,,,1.0,2.0,3.0,,,,,,,2.0,,,1.0,1.0,,3.0,,,,,,,,,,,,1.0,1.0,1.0,1.0,1.0,1.0,6,2,2,2,2,5,6,6,2,2,30.0,25.0,20.0,20.0,20.0,15.0,20.0,10.0,40.0,30.0,2,2,2,2,2,1,1,2,1,2,1,2,2,2,2,1,1,2,2,1,1,2,2,2,1,2,1,2,1,1,2,2,2,1,2,2,1,2,2,1
677,4,4,4,4,4,4,5,4,2,2,70.0,,4.0,,3.0,3.0,6.0,,,,5.0,,,,2.0,1.0,,,,,3.0,4.0,5.0,,,,,20.0,,2.0,,6.0,,,2.0,,4.0,1.0,1.0,1.0,1.0,1.0,1.0,1.0,1.0,1.0,1.0,,,,,,,6,3,2,2,2,5,6,6,3,2,60.0,55.0,60.0,65.0,70.0,60.0,75.0,60.0,40.0,35.0,1,1,1,2,2,2,2,1,2,1,2,2,2,2,1,2,2,2,1,2,2,2,1,2,1,1,1,2,1,1,2,1,2,1,2,2,1,1,1,1
704,4,4,4,4,4,4,5,4,2,2,,30.0,4.0,,2.0,3.0,6.0,,,,5.0,,1.0,40.0,,,2.0,2.0,4.0,5.0,,,,,,,20.0,,,2.0,5.0,,,,1.0,4.0,,1.0,1.0,1.0,1.0,1.0,1.0,1.0,1.0,1.0,1.0,,,,,,,6,3,2,2,2,5,6,6,3,2,60.0,55.0,50.0,60.0,65.0,60.0,70.0,55.0,40.0,35.0,2,2,1,2,2,2,2,2,2,2,1,2,2,2,1,2,2,2,2,1,1,2,2,1,2,2,2,1,1,1,1,2,2,2,1,1,1,1,2,1
491,4,4,4,4,4,4,5,4,2,2,70.0,,4.0,,,,,4.0,4.0,3.0,,5.0,,,2.0,1.0,,2.0,4.0,5.0,,,,,,,20.0,,,2.0,,6.0,,,2.0,4.0,,,,,,,,,,,,1.0,1.0,1.0,1.0,1.0,1.0,6,3,4,3,2,5,6,5,3,2,60.0,55.0,60.0,65.0,70.0,65.0,75.0,60.0,50.0,45.0,2,1,2,2,2,1,2,2,1,1,1,2,2,2,1,2,2,2,2,2,2,2,1,2,2,2,1,2,2,1,1,2,2,2,1,1,2,1,1,1
118,2,4,3,2,3,2,4,2,4,2,70.0,,1.0,,2.0,3.0,5.0,,,,5.0,,,,2.0,1.0,,,,,1.0,4.0,6.0,,,,,,,2.0,,,2.0,1.0,,4.0,,,,,,,,,,,,1.0,1.0,1.0,1.0,1.0,1.0,6,3,4,3,3,5,6,5,3,2,45.0,38.0,41.0,36.0,40.0,32.0,44.0,35.0,48.0,33.0,2,1,2,2,1,2,1,2,1,1,2,2,2,1,1,1,1,1,2,1,2,1,2,2,2,2,2,1,1,1,1,1,1,1,1,1,2,1,2,2
1951,3,3,3,2,3,3,3,4,4,3,70.0,,3.0,,3.0,4.0,5.0,,,,,5.0,,,2.0,1.0,,,,,,,,2.0,4.0,4.0,,12.0,1.0,,,6.0,,,2.0,4.0,,1.0,1.0,1.0,1.0,1.0,1.0,1.0,1.0,1.0,1.0,,,,,,,6,3,3,3,3,5,6,6,3,1,55.0,48.0,50.0,45.0,55.0,50.0,60.0,40.0,60.0,45.0,2,2,1,2,1,2,2,1,2,2,1,1,1,1,2,1,2,1,2,2,2,1,2,2,2,2,1,2,1,1,2,2,1,1,2,1,2,1,2,2
1822,5,5,5,5,5,5,5,5,1,1,70.0,,4.0,,,,,3.0,4.0,5.0,,5.0,,,2.0,,2.0,,,,,,,1.0,5.0,6.0,,20.0,,2.0,,,3.0,,2.0,,5.0,,,,,,,,,,,1.0,1.0,1.0,1.0,1.0,1.0,6,3,3,3,3,5,6,6,3,2,65.0,60.0,60.0,70.0,75.0,65.0,80.0,60.0,40.0,35.0,2,2,2,2,2,2,2,2,2,2,2,2,2,2,1,2,2,2,2,2,2,2,1,2,2,1,2,1,2,1,2,2,2,2,2,1,2,1,1,2
1050,4,4,4,4,4,4,5,4,2,2,,30.0,,1.0,3.0,4.0,6.0,,,,5.0,,,,2.0,1.0,,,,,1.0,4.0,6.0,,,,2.0,,1.0,,,,3.0,1.0,,4.0,,1.0,1.0,1.0,1.0,1.0,1.0,1.0,1.0,1.0,1.0,,,,,,,6,3,2,2,2,5,6,6,3,2,62.0,55.0,60.0,65.0,70.0,60.0,75.0,60.0,55.0,50.0,1,2,1,1,2,1,2,1,2,2,1,1,2,1,1,1,2,2,2,1,2,2,2,2,2,2,2,1,2,2,2,2,1,1,1,1,2,2,2,2
1123,2,4,3,2,3,2,4,2,4,3,70.0,,4.0,,3.0,4.0,6.0,,,,,5.0,1.0,30.0,,,2.0,,,,1.0,4.0,5.0,,,,,20.0,1.0,,,7.0,,,2.0,4.0,,,,,,,,,,,,1.0,1.0,1.0,1.0,1.0,1.0,6,3,4,3,2,5,6,5,3,2,60.0,55.0,50.0,45.0,50.0,45.0,60.0,40.0,55.0,40.0,2,1,1,2,1,1,2,2,1,2,2,1,2,2,2,1,2,2,2,2,1,1,2,2,1,1,1,1,2,1,2,2,2,2,1,1,1,1,2,2
450,5,5,5,5,5,5,5,5,2,2,,30.0,4.0,,,,,3.0,4.0,5.0,6.0,,,,2.0,1.0,,,,,,,,2.0,5.0,6.0,,20.0,1.0,,5.0,,,1.0,,,5.0,1.0,1.0,1.0,1.0,1.0,1.0,1.0,1.0,1.0,1.0,,,,,,,6,3,2,2,2,5,6,6,4,2,65.0,60.0,60.0,70.0,75.0,70.0,80.0,65.0,40.0,35.0,1,1,2,2,1,1,2,2,2,1,2,2,2,1,1,1,1,1,2,2,2,1,2,2,2,1,2,2,1,1,1,1,2,2,1,1,1,1,1,2
523,4,4,4,3,4,3,5,4,2,2,,30.0,1.0,,3.0,4.0,6.0,,,,5.0,,1.0,40.0,,1.0,,,,,2.0,4.0,5.0,,,,5.0,,1.0,,,,2.0,,2.0,4.0,,,,,,,,,,,,1.0,1.0,1.0,1.0,1.0,1.0,6,3,2,3,3,5,6,6,3,2,60.0,55.0,50.0,60.0,65.0,55.0,70.0,60.0,40.0,35.0,1,2,2,1,1,1,1,2,1,1,2,1,2,2,2,2,1,1,2,2,1,1,1,1,1,2,2,1,2,2,1,2,2,1,2,2,1,1,2,1
1924,5,4,4,5,5,5,5,5,2,2,70.0,,4.0,,,,,4.0,4.0,3.0,,5.0,,,2.0,,2.0,,,,,,,2.0,4.0,4.0,20.0,,1.0,,,,3.0,,2.0,,4.0,1.0,1.0,1.0,1.0,1.0,1.0,1.0,1.0,1.0,1.0,,,,,,,6,3,2,2,2,5,6,6,3,2,60.0,55.0,55.0,65.0,65.0,60.0,70.0,60.0,40.0,35.0,1,2,1,2,2,2,2,1,1,2,1,2,2,1,1,1,1,2,2,2,2,2,2,1,1,2,2,2,1,2,2,1,2,2,2,2,2,2,2,1
1857,2,3,2,2,2,2,4,2,4,3,70.0,,1.0,,,,,3.0,4.0,2.0,,5.0,1.0,54.0,,1.0,,1.0,2.0,2.0,,,,,,,,,,2.0,,7.0,,,1.0,2.0,,1.0,1.0,1.0,1.0,1.0,1.0,1.0,1.0,1.0,1.0,,,,,,,6,2,2,2,2,4,6,6,2,2,40.0,35.0,30.0,30.0,30.0,25.0,40.0,20.0,50.0,30.0,2,2,1,2,2,1,2,2,1,2,1,1,1,1,2,2,2,1,1,2,1,1,1,2,1,1,1,1,1,2,2,1,1,1,1,1,1,1,1,2
1639,2,3,2,2,3,2,4,2,4,3,,30.0,,1.0,,,,3.0,4.0,5.0,,5.0,,,2.0,1.0,,,,,,,,2.0,4.0,5.0,5.0,,1.0,,,6.0,,1.0,,,4.0,,,,,,,,,,,1.0,1.0,1.0,1.0,1.0,1.0,6,3,3,3,3,4,5,5,3,2,55.0,48.0,50.0,45.0,55.0,45.0,60.0,40.0,60.0,40.0,1,2,2,1,1,2,1,2,2,2,1,2,2,2,2,2,2,2,1,2,1,2,1,2,2,1,2,1,2,2,2,2,2,2,2,1,2,1,2,2
1025,4,4,4,5,5,5,5,4,2,2,,30.0,,1.0,4.0,4.0,6.0,,,,5.0,,,,2.0,,2.0,,,,2.0,4.0,4.0,,,,,20.0,,2.0,,6.0,,,2.0,4.0,,1.0,1.0,1.0,1.0,1.0,1.0,1.0,1.0,1.0,1.0,,,,,,,6,3,2,2,2,5,6,6,3,1,60.0,55.0,60.0,70.0,70.0,65.0,80.0,60.0,40.0,35.0,2,1,2,1,2,2,2,2,1,1,1,1,2,2,1,2,2,2,1,1,2,1,2,2,1,1,2,1,2,1,1,2,2,1,2,1,1,1,1,2
1156,5,5,5,5,5,5,5,5,2,2,70.0,,,1.0,3.0,4.0,6.0,,,,5.0,,1.0,54.0,,,2.0,,,,,,,2.0,5.0,6.0,,,,2.0,,7.0,,,1.0,5.0,,,,,,,,,,,,1.0,1.0,1.0,1.0,1.0,1.0,6,4,3,3,2,4,6,6,3,2,62.0,55.0,60.0,70.0,75.0,65.0,80.0,60.0,40.0,35.0,2,2,2,2,2,2,1,2,1,1,2,1,2,1,2,1,2,2,2,1,1,2,2,2,1,2,1,2,1,1,1,2,1,1,2,2,1,2,2,1
239,4,4,4,3,4,3,5,3,2,2,70.0,,3.0,,,,,4.0,5.0,3.0,,5.0,1.0,40.0,,,2.0,,,,,,,1.0,4.0,5.0,,,,2.0,,,3.0,,1.0,,4.0,,,,,,,,,,,1.0,1.0,1.0,1.0,1.0,1.0,6,3,4,3,3,5,6,5,3,2,60.0,55.0,50.0,45.0,55.0,50.0,60.0,45.0,40.0,35.0,2,2,1,2,2,1,1,2,2,1,2,2,2,2,2,2,2,1,2,1,1,2,1,1,2,2,1,1,2,2,1,1,2,2,2,2,2,1,2,2
425,2,3,2,2,3,2,4,2,4,3,70.0,,,1.0,,,,3.0,4.0,5.0,,5.0,,,2.0,1.0,,1.0,2.0,4.0,,,,,,,,,,2.0,5.0,,,,1.0,3.0,,,,,,,,,,,,1.0,1.0,1.0,1.0,1.0,1.0,6,3,2,2,2,5,6,5,3,2,45.0,40.0,35.0,40.0,45.0,35.0,50.0,40.0,55.0,40.0,2,1,2,1,2,2,1,1,1,1,2,1,2,1,2,1,1,1,2,1,2,2,2,2,1,2,2,2,2,1,1,1,1,1,1,1,1,2,2,2
556,3,4,3,3,3,3,3,3,2,2,,30.0,,1.0,3.0,4.0,5.0,,,,3.0,,1.0,15.0,,1.0,,,,,3.0,3.0,4.0,,,,,,,2.0,,,1.0,,1.0,,3.0,1.0,1.0,1.0,1.0,1.0,1.0,1.0,1.0,1.0,1.0,,,,,,,6,3,2,2,2,4,6,6,2,1,30.0,30.0,30.0,30.0,30.0,30.0,30.0,30.0,30.0,30.0,1,2,2,2,1,2,2,2,2,1,1,1,2,2,2,2,1,2,2,1,2,2,2,2,1,2,2,1,2,1,1,2,2,2,2,2,2,2,2,2
1896,2,3,2,2,2,2,2,2,4,4,,30.0,3.0,,,,,4.0,4.0,3.0,,5.0,1.0,50.0,,,2.0,,,,1.0,4.0,5.0,,,,18.0,,,2.0,,7.0,,1.0,,4.0,,1.0,1.0,1.0,1.0,1.0,1.0,1.0,1.0,1.0,1.0,,,,,,,6,3,2,2,3,5,6,6,3,2,40.0,35.0,30.0,30.0,30.0,25.0,30.0,25.0,40.0,35.0,2,2,1,2,1,2,2,1,1,1,1,2,2,1,2,2,2,2,2,1,1,2,2,2,1,2,2,1,1,1,2,1,2,2,1,2,1,2,1,2
1197,2,3,2,2,3,2,4,2,4,3,70.0,,,1.0,3.0,4.0,5.0,,,,5.0,,1.0,40.0,,1.0,,,,,,,,1.0,4.0,5.0,,,1.0,,,,3.0,1.0,,4.0,,1.0,1.0,1.0,1.0,1.0,1.0,1.0,1.0,1.0,1.0,,,,,,,6,3,2,2,3,5,6,6,3,1,60.0,55.0,50.0,40.0,50.0,40.0,60.0,45.0,55.0,35.0,1,1,2,1,2,1,2,2,1,2,1,1,1,1,2,2,2,1,1,1,1,2,1,2,1,1,1,2,2,2,1,1,1,1,1,2,1,2,1,2
1202,2,2,2,1,2,2,2,2,1,2,70.0,,,1.0,,,,3.0,4.0,2.0,,5.0,,,1.0,1.0,,,,,,,,1.0,2.0,4.0,,,,2.0,,10.0,,,2.0,,1.0,,,,,,,,,,,1.0,1.0,1.0,1.0,1.0,1.0,6,2,2,2,2,5,6,6,1,1,30.0,25.0,20.0,10.0,15.0,10.0,20.0,10.0,40.0,30.0,2,1,2,2,2,1,1,2,1,1,2,2,2,2,1,1,2,2,1,2,2,2,1,1,2,1,2,1,2,1,2,1,2,2,2,2,1,2,2,2
1371,4,4,4,5,5,5,5,5,2,2,70.0,,3.0,,,,,4.0,5.0,3.0,5.0,,,,2.0,1.0,,2.0,4.0,5.0,,,,,,,,,,2.0,,6.0,,1.0,,4.0,,1.0,1.0,1.0,1.0,1.0,1.0,1.0,1.0,1.0,1.0,,,,,,,6,3,2,2,2,5,6,6,3,1,60.0,55.0,60.0,70.0,70.0,65.0,80.0,60.0,40.0,35.0,2,1,1,2,2,2,1,1,2,2,1,2,2,1,2,1,1,2,2,2,2,2,2,2,2,1,1,2,2,1,2,1,2,1,1,2,2,2,1,1
597,4,4,4,4,4,4,4,4,2,2,,30.0,1.0,,,,,3.0,3.0,4.0,,5.0,1.0,40.0,,1.0,,2.0,4.0,4.0,,,,,,,,,1.0,,,,2.0,1.0,,,4.0,,,,,,,,,,,1.0,1.0,1.0,1.0,1.0,1.0,6,3,2,2,2,5,6,6,3,2,60.0,55.0,50.0,60.0,65.0,60.0,70.0,55.0,40.0,35.0,2,1,2,2,2,1,1,1,2,1,1,2,1,2,2,1,2,2,2,2,1,2,2,2,2,1,2,2,1,2,1,1,2,2,1,1,2,2,2,1
602,4,4,4,5,5,5,5,5,1,2,,30.0,4.0,,,,,3.0,4.0,2.0,,5.0,,,2.0,1.0,,,,,4.0,4.0,5.0,,,,18.0,,1.0,,,,3.0,,2.0,4.0,,1.0,1.0,1.0,1.0,1.0,1.0,1.0,1.0,1.0,1.0,,,,,,,6,3,4,3,3,4,6,5,3,2,62.0,54.0,58.0,68.0,70.0,65.0,75.0,60.0,40.0,45.0,1,2,2,1,1,2,2,1,1,1,2,1,2,2,1,1,2,2,1,2,2,2,1,1,2,2,2,2,2,2,1,2,1,2,2,2,2,1,2,2
771,5,5,5,5,5,5,5,5,1,1,70.0,,,1.0,,,,3.0,4.0,2.0,,5.0,1.0,40.0,,1.0,,2.0,4.0,5.0,,,,,,,,,1.0,,5.0,,,,1.0,,5.0,,,,,,,,,,,1.0,1.0,1.0,1.0,1.0,1.0,6,2,3,3,2,5,6,6,3,2,65.0,60.0,60.0,75.0,80.0,70.0,85.0,60.0,30.0,35.0,2,2,2,1,1,2,2,2,2,2,2,2,1,1,2,2,2,1,1,2,2,2,2,2,2,1,1,2,2,1,2,2,1,1,1,2,2,2,1,2
1915,5,5,5,5,5,5,5,5,2,2,70.0,,4.0,,3.0,4.0,6.0,,,,,5.0,1.0,54.0,,,2.0,,,,4.0,5.0,6.0,,,,,,1.0,,,,3.0,,2.0,,5.0,,,,,,,,,,,1.0,1.0,1.0,1.0,1.0,1.0,6,2,3,3,3,5,6,6,3,2,62.0,55.0,60.0,68.0,70.0,65.0,75.0,60.0,50.0,45.0,2,1,2,1,2,2,2,2,2,1,1,1,2,1,2,1,2,2,1,2,2,1,2,1,2,1,2,2,2,1,2,1,2,2,1,1,2,2,1,2
1866,2,3,2,2,2,2,2,2,2,2,,30.0,,1.0,3.0,3.0,5.0,,,,3.0,,,,1.0,,2.0,1.0,2.0,2.0,,,,,,,20.0,,2.0,,,7.0,,,1.0,3.0,,,,,,,,,,,,1.0,1.0,1.0,1.0,1.0,1.0,6,2,2,2,2,4,6,6,2,2,40.0,35.0,30.0,30.0,30.0,30.0,30.0,30.0,30.0,30.0,1,2,2,2,1,2,1,2,2,2,1,1,2,2,1,1,1,1,1,1,1,2,1,2,2,1,2,1,2,2,2,2,1,2,2,2,2,2,1,1
781,5,5,5,5,5,5,5,5,2,2,,30.0,4.0,,2.0,3.0,6.0,,,,5.0,,1.0,40.0,,1.0,,2.0,4.0,5.0,,,,,,,,20.0,1.0,,5.0,,,1.0,,,5.0,,,,,,,,,,,1.0,1.0,1.0,1.0,1.0,1.0,6,3,3,3,2,5,6,6,3,2,65.0,60.0,60.0,70.0,70.0,65.0,80.0,60.0,40.0,35.0,2,1,2,1,1,2,1,2,2,1,1,1,2,1,1,2,1,2,1,2,1,1,2,1,1,2,1,2,1,2,2,2,2,1,1,1,2,2,2,1
208,2,2,2,2,2,2,5,2,4,4,70.0,,1.0,,,,,3.0,4.0,5.0,5.0,,,,2.0,,2.0,,,,1.0,2.0,2.0,,,,20.0,,,2.0,,9.0,,,1.0,,2.0,1.0,1.0,1.0,1.0,1.0,1.0,1.0,1.0,1.0,1.0,,,,,,,6,3,3,3,3,4,6,6,1,1,40.0,35.0,30.0,25.0,30.0,20.0,40.0,25.0,60.0,50.0,2,2,1,2,1,2,1,1,1,2,2,1,2,1,2,2,1,2,2,2,1,1,1,1,1,2,2,1,1,1,2,1,2,1,2,2,2,1,2,1
414,2,3,2,2,2,2,4,2,4,2,70.0,,,1.0,3.0,4.0,6.0,,,,5.0,,,,2.0,,2.0,1.0,4.0,5.0,,,,,,,,,1.0,,,,3.0,1.0,,,4.0,1.0,1.0,1.0,1.0,1.0,1.0,1.0,1.0,1.0,1.0,,,,,,,6,3,2,2,2,4,6,6,3,2,45.0,38.0,40.0,35.0,40.0,35.0,50.0,30.0,60.0,30.0,2,1,2,1,2,1,2,2,1,1,1,1,2,1,2,2,1,1,2,1,1,1,1,1,1,1,1,2,2,1,1,1,1,2,2,2,1,2,1,2
567,5,5,5,5,5,5,5,5,1,1,70.0,,,1.0,3.0,4.0,6.0,,,,,5.0,,,2.0,,2.0,,,,2.0,4.0,4.0,,,,,,,2.0,,,1.0,1.0,,4.0,,,,,,,,,,,,1.0,1.0,1.0,1.0,1.0,1.0,6,2,2,2,2,5,6,6,3,2,60.0,55.0,60.0,70.0,70.0,65.0,75.0,60.0,40.0,35.0,1,2,2,1,2,1,1,1,2,1,2,1,1,2,2,2,2,2,1,1,1,2,2,2,2,2,1,2,1,2,2,2,1,2,1,1,1,2,2,1
1381,2,2,2,1,1,2,2,1,4,4,70.0,,1.0,,2.0,3.0,6.0,,,,3.0,,2.0,10.0,,,2.0,,,,,,,1.0,2.0,3.0,,,2.0,,,10.0,,,2.0,1.0,,,,,,,,,,,,1.0,1.0,1.0,1.0,1.0,1.0,6,2,2,2,2,5,6,6,1,2,30.0,20.0,20.0,10.0,10.0,20.0,20.0,10.0,40.0,40.0,2,2,2,1,2,1,2,2,2,1,1,1,2,1,1,2,1,2,1,2,2,1,2,2,2,2,2,1,2,1,2,2,1,2,1,1,2,2,2,2
1608,4,4,4,5,5,5,5,5,2,2,70.0,,,1.0,,,,4.0,4.0,3.0,,5.0,,,2.0,,2.0,,,,2.0,4.0,5.0,,,,20.0,,,2.0,,,3.0,,2.0,4.0,,1.0,1.0,1.0,1.0,1.0,1.0,1.0,1.0,1.0,1.0,,,,,,,6,3,2,2,2,5,6,6,3,2,62.0,55.0,60.0,68.0,70.0,65.0,75.0,60.0,50.0,45.0,2,2,1,1,2,2,2,2,2,1,1,2,1,2,2,2,1,2,1,2,1,1,1,1,2,2,2,2,2,1,2,2,2,2,2,2,2,2,2,2
1014,5,4,4,4,5,5,5,4,2,2,70.0,,4.0,,3.0,4.0,6.0,,,,5.0,,1.0,54.0,,1.0,,2.0,4.0,5.0,,,,,,,2.0,,,2.0,,,3.0,,2.0,4.0,,,,,,,,,,,,1.0,1.0,1.0,1.0,1.0,1.0,6,3,4,3,3,5,6,6,3,2,62.0,55.0,54.0,60.0,65.0,68.0,75.0,60.0,40.0,38.0,2,1,2,2,2,1,1,2,1,1,1,1,1,1,2,1,2,1,1,1,2,2,1,1,2,2,1,2,1,2,1,2,2,1,2,1,1,1,2,2
1167,5,5,5,5,5,5,5,5,1,1,70.0,,4.0,,2.0,3.0,6.0,,,,,5.0,1.0,30.0,,1.0,,,,,,,,1.0,4.0,5.0,20.0,,1.0,,,7.0,,,2.0,5.0,,1.0,1.0,1.0,1.0,1.0,1.0,1.0,1.0,1.0,1.0,,,,,,,6,2,2,2,2,5,6,6,3,2,60.0,55.0,50.0,65.0,70.0,60.0,75.0,60.0,40.0,35.0,1,2,2,2,1,2,2,2,2,2,2,1,2,2,2,2,2,2,2,1,1,1,2,1,1,1,2,2,1,2,2,2,1,2,1,2,2,2,2,1
633,4,4,4,4,4,4,5,4,2,2,70.0,,4.0,,,,,3.0,4.0,2.0,,5.0,1.0,45.0,,1.0,,2.0,4.0,5.0,,,,,,,,2.0,,2.0,4.0,,,,1.0,,4.0,,,,,,,,,,,1.0,1.0,1.0,1.0,1.0,1.0,6,2,3,3,2,5,6,5,3,2,55.0,48.0,52.0,60.0,62.0,58.0,70.0,54.0,44.0,38.0,2,1,1,1,2,2,2,1,2,1,1,2,2,1,1,2,2,2,2,2,1,2,2,1,2,1,2,2,1,2,2,2,2,2,2,1,2,1,2,1
740,4,4,4,4,4,4,4,4,2,2,70.0,,3.0,,,,,4.0,4.0,4.0,,5.0,1.0,30.0,,1.0,,,,,,,,1.0,4.0,5.0,,,,2.0,,7.0,,1.0,,4.0,,1.0,1.0,1.0,1.0,1.0,1.0,1.0,1.0,1.0,1.0,,,,,,,6,3,2,2,2,4,6,6,3,2,60.0,55.0,60.0,60.0,60.0,60.0,60.0,60.0,40.0,40.0,1,1,1,2,1,2,2,1,2,2,2,1,2,1,1,1,1,2,1,1,2,1,2,1,1,2,2,1,1,2,1,1,1,2,2,1,2,2,2,2
1233,4,4,4,4,4,4,4,4,2,2,,30.0,4.0,,3.0,4.0,5.0,,,,5.0,,1.0,40.0,,1.0,,,,,2.0,4.0,4.0,,,,,20.0,1.0,,,6.0,,1.0,,4.0,,,,,,,,,,,,1.0,1.0,1.0,1.0,1.0,1.0,6,3,3,3,2,5,6,6,3,2,60.0,55.0,60.0,65.0,65.0,60.0,70.0,60.0,40.0,40.0,2,2,2,2,2,2,2,2,1,2,2,1,2,2,2,2,2,2,1,2,2,2,2,1,2,2,2,1,1,2,1,2,1,2,1,1,1,1,2,2
1340,5,5,5,5,5,5,5,5,2,2,,30.0,4.0,,3.0,4.0,6.0,,,,5.0,,1.0,54.0,,1.0,,,,,,,,2.0,5.0,6.0,,,,2.0,5.0,,,,1.0,,5.0,,,,,,,,,,,1.0,1.0,1.0,1.0,1.0,1.0,6,3,3,3,2,5,6,6,3,2,65.0,60.0,60.0,70.0,75.0,70.0,80.0,65.0,40.0,35.0,2,2,2,2,2,2,2,2,2,1,1,2,1,2,1,1,2,1,1,1,2,1,1,1,2,2,2,2,2,1,2,1,1,2,1,2,1,2,1,2
828,4,4,3,3,4,3,4,3,2,2,,30.0,4.0,,3.0,4.0,6.0,,,,5.0,,1.0,35.0,,,2.0,,,,,,,1.0,4.0,4.0,,,,2.0,3.0,,,1.0,,,4.0,1.0,1.0,1.0,1.0,1.0,1.0,1.0,1.0,1.0,1.0,,,,,,,6,3,4,3,3,5,6,5,3,2,55.0,45.0,40.0,50.0,55.0,45.0,60.0,40.0,50.0,35.0,2,2,1,2,2,2,1,2,1,1,2,1,2,2,1,2,1,1,1,2,2,1,1,1,2,1,2,2,1,1,1,2,1,2,2,2,1,1,2,1
646,5,5,5,5,5,5,5,5,2,2,70.0,,,1.0,3.0,4.0,5.0,,,,5.0,,,,2.0,1.0,,2.0,4.0,5.0,,,,,,,18.0,,,2.0,,6.0,,,1.0,4.0,,1.0,1.0,1.0,1.0,1.0,1.0,1.0,1.0,1.0,1.0,,,,,,,6,3,3,3,3,5,6,6,3,2,62.0,55.0,60.0,68.0,70.0,65.0,75.0,60.0,50.0,45.0,1,1,2,1,1,1,2,2,1,1,2,2,1,2,2,2,2,1,2,2,2,2,1,1,1,1,1,2,2,1,1,1,2,1,1,1,2,2,2,1
735,5,5,5,5,5,5,5,5,1,1,70.0,,4.0,,,,,4.0,5.0,3.0,5.0,,,,2.0,,2.0,,,,4.0,5.0,6.0,,,,,20.0,,2.0,,,3.0,,2.0,,5.0,1.0,1.0,1.0,1.0,1.0,1.0,1.0,1.0,1.0,1.0,,,,,,,6,3,2,2,3,5,6,6,4,2,65.0,60.0,60.0,70.0,75.0,70.0,80.0,65.0,40.0,35.0,2,2,2,1,1,1,2,2,2,1,2,1,1,1,2,2,1,2,1,2,2,2,1,2,1,1,1,1,1,1,2,1,1,1,1,2,1,2,2,1
129,5,5,5,5,5,5,5,5,1,1,,30.0,4.0,,,,,3.0,4.0,5.0,,5.0,1.0,40.0,,,2.0,,,,1.0,5.0,6.0,,,,,20.0,1.0,,,,1.0,1.0,,,5.0,,,,,,,,,,,1.0,1.0,1.0,1.0,1.0,1.0,6,2,2,2,2,5,6,6,3,2,60.0,55.0,60.0,70.0,70.0,65.0,80.0,60.0,40.0,35.0,2,2,2,2,2,2,2,2,2,2,2,2,2,2,2,1,2,1,2,2,1,2,2,2,2,2,1,2,2,2,2,2,1,2,2,2,2,2,2,2
1246,4,4,4,5,5,5,5,5,2,2,70.0,,4.0,,,,,3.0,4.0,5.0,5.0,,,,2.0,1.0,,,,,2.0,4.0,5.0,,,,2.0,,1.0,,,,2.0,1.0,,,4.0,1.0,1.0,1.0,1.0,1.0,1.0,1.0,1.0,1.0,1.0,,,,,,,6,3,2,2,2,5,6,6,3,1,60.0,55.0,60.0,70.0,70.0,65.0,80.0,60.0,40.0,35.0,2,1,2,1,2,1,2,2,1,2,2,1,1,1,1,2,1,1,1,2,1,1,2,1,2,2,1,1,2,1,2,1,2,2,1,1,1,1,1,2
1335,5,4,5,5,5,5,5,5,2,2,,30.0,,1.0,3.0,4.0,6.0,,,,,5.0,,,2.0,1.0,,,,,2.0,4.0,5.0,,,,5.0,,,2.0,,6.0,,1.0,,,5.0,,,,,,,,,,,1.0,1.0,1.0,1.0,1.0,1.0,6,3,3,3,3,5,6,6,3,2,60.0,55.0,60.0,70.0,70.0,65.0,75.0,60.0,40.0,35.0,2,2,1,1,2,2,2,2,2,1,1,2,2,2,1,2,1,2,1,2,1,2,1,2,2,2,1,1,2,1,1,1,2,2,1,2,1,1,2,2
1529,4,4,4,4,4,4,4,4,2,2,,30.0,4.0,,3.0,4.0,6.0,,,,5.0,,,,2.0,1.0,,,,,,,,2.0,4.0,5.0,,18.0,,2.0,4.0,,,1.0,,4.0,,,,,,,,,,,,1.0,1.0,1.0,1.0,1.0,1.0,6,3,4,4,2,5,6,6,3,2,60.0,55.0,58.0,62.0,65.0,60.0,70.0,55.0,50.0,45.0,1,1,2,1,1,2,1,2,2,1,2,1,1,2,1,1,2,2,1,2,2,2,1,2,1,2,2,2,2,1,2,2,1,2,2,1,2,2,1,1
1960,4,4,4,5,5,5,5,5,2,2,,30.0,4.0,,,,,4.0,5.0,3.0,5.0,,1.0,54.0,,,2.0,,,,2.0,4.0,5.0,,,,5.0,,1.0,,,,3.0,1.0,,,4.0,1.0,1.0,1.0,1.0,1.0,1.0,1.0,1.0,1.0,1.0,,,,,,,6,3,3,3,2,5,6,5,3,2,62.0,55.0,60.0,68.0,70.0,65.0,75.0,60.0,50.0,45.0,2,2,2,1,2,1,1,2,2,2,1,2,2,1,1,2,2,1,2,2,1,1,2,2,2,2,1,1,2,1,1,2,2,1,1,1,1,2,1,1
1813,5,5,5,5,5,5,5,5,1,1,70.0,,,1.0,,,,3.0,4.0,3.0,5.0,,,,2.0,1.0,,1.0,4.0,6.0,,,,,,,,,,2.0,,7.0,,1.0,,5.0,,,,,,,,,,,,1.0,1.0,1.0,1.0,1.0,1.0,6,3,3,3,2,4,6,6,3,2,60.0,55.0,60.0,70.0,70.0,65.0,80.0,65.0,40.0,35.0,2,2,2,1,1,2,2,1,2,1,1,1,2,2,2,1,2,2,1,2,2,1,1,2,1,1,2,2,1,1,1,2,1,2,2,2,2,1,1,2
461,5,5,5,5,5,5,5,5,1,1,70.0,,,1.0,,,,4.0,3.0,2.0,,6.0,1.0,50.0,,,2.0,1.0,5.0,6.0,,,,,,,,20.0,1.0,,,,3.0,1.0,,5.0,,,,,,,,,,,,1.0,1.0,1.0,1.0,1.0,1.0,6,2,2,2,2,5,6,6,4,2,60.0,55.0,60.0,70.0,70.0,65.0,80.0,60.0,40.0,35.0,1,1,2,1,2,2,2,2,2,1,2,2,2,2,1,2,2,2,2,1,2,2,1,2,2,2,1,1,1,1,2,2,2,1,2,2,2,1,1,2
512,2,3,2,2,2,2,2,2,1,2,,30.0,1.0,,3.0,4.0,6.0,,,,,5.0,1.0,30.0,,1.0,,,,,,,,2.0,4.0,5.0,20.0,,1.0,,,,3.0,,1.0,,4.0,,,,,,,,,,,1.0,1.0,1.0,1.0,1.0,1.0,6,3,2,2,2,5,6,6,3,2,40.0,35.0,30.0,25.0,30.0,25.0,35.0,30.0,40.0,30.0,1,1,2,2,1,2,2,2,1,2,2,2,1,1,1,1,1,2,1,2,2,1,2,1,2,1,2,1,2,2,2,2,2,2,1,1,2,1,1,2
687,2,3,2,2,2,2,2,2,1,2,,30.0,,1.0,,,,3.0,4.0,3.0,3.0,,,,1.0,1.0,,,,,,,,1.0,2.0,3.0,20.0,,2.0,,,,1.0,1.0,,,2.0,,,,,,,,,,,1.0,1.0,1.0,1.0,1.0,1.0,5,2,2,2,3,4,5,5,1,2,30.0,25.0,25.0,20.0,20.0,20.0,20.0,10.0,40.0,10.0,2,2,2,2,1,2,1,2,1,2,2,2,1,2,1,2,2,2,2,1,2,2,2,1,2,2,2,1,1,1,2,2,1,2,2,1,2,2,2,1
1061,4,4,4,4,4,4,4,4,2,2,,30.0,4.0,,3.0,4.0,5.0,,,,,5.0,1.0,54.0,,,2.0,2.0,4.0,5.0,,,,,,,18.0,,,2.0,,6.0,,,2.0,4.0,,1.0,1.0,1.0,1.0,1.0,1.0,1.0,1.0,1.0,1.0,,,,,,,6,3,3,3,3,5,6,6,3,2,62.0,54.0,57.0,66.0,68.0,60.0,73.0,59.0,44.0,41.0,1,2,1,1,2,2,2,2,1,2,2,1,1,2,2,2,2,2,1,2,2,1,1,2,1,1,2,2,1,2,2,2,1,2,1,2,2,2,2,2
1112,4,4,4,4,4,4,5,4,2,2,,30.0,3.0,,,,,4.0,4.0,3.0,5.0,,1.0,54.0,,,2.0,,,,2.0,4.0,5.0,,,,,,1.0,,4.0,,,1.0,,,4.0,1.0,1.0,1.0,1.0,1.0,1.0,1.0,1.0,1.0,1.0,,,,,,,6,3,4,4,3,5,6,6,3,2,62.0,55.0,58.0,60.0,65.0,60.0,70.0,55.0,50.0,45.0,2,2,2,2,2,2,2,2,1,2,1,2,2,2,2,1,2,1,2,2,2,1,1,2,2,1,2,1,2,2,2,2,1,1,2,2,2,1,1,2
1287,5,5,5,5,5,5,5,5,1,1,,30.0,,1.0,,,,4.0,4.0,3.0,,6.0,,,2.0,,2.0,,,,,,,2.0,5.0,6.0,,,1.0,,,,3.0,,2.0,5.0,,1.0,1.0,1.0,1.0,1.0,1.0,1.0,1.0,1.0,1.0,,,,,,,6,3,2,2,2,5,6,6,3,1,65.0,60.0,60.0,70.0,70.0,65.0,80.0,60.0,40.0,35.0,2,2,2,1,2,2,2,2,2,1,2,1,2,2,1,1,2,2,2,1,1,2,2,2,2,2,2,2,1,2,1,1,1,2,2,2,2,1,2,2
123,2,2,2,2,2,2,2,2,1,2,70.0,,1.0,,3.0,4.0,6.0,,,,,5.0,1.0,20.0,,,2.0,1.0,2.0,2.0,,,,,,,,,2.0,,,7.0,,1.0,,,3.0,1.0,1.0,1.0,1.0,1.0,1.0,1.0,1.0,1.0,1.0,,,,,,,6,2,2,2,3,5,6,6,1,1,30.0,25.0,20.0,20.0,20.0,15.0,20.0,10.0,40.0,30.0,2,1,2,2,2,2,2,2,2,2,2,2,2,1,1,2,1,1,1,2,2,1,2,2,1,1,1,2,1,1,2,1,1,1,1,2,2,2,2,1
1450,5,4,5,5,5,5,5,5,2,2,,30.0,,1.0,3.0,4.0,6.0,,,,,5.0,1.0,45.0,,,2.0,2.0,4.0,4.0,,,,,,,16.0,,1.0,,4.0,,,1.0,,4.0,,,,,,,,,,,,1.0,1.0,1.0,1.0,1.0,1.0,6,2,2,2,2,5,6,6,3,2,62.0,54.0,57.0,66.0,68.0,60.0,70.0,55.0,48.0,44.0,2,1,1,1,2,2,2,1,2,1,1,1,1,2,2,2,2,2,1,1,2,2,1,2,1,2,2,1,1,2,2,2,2,1,1,1,2,1,1,1
1523,3,4,3,3,4,3,4,3,5,2,,30.0,,2.0,3.0,4.0,6.0,,,,5.0,,1.0,40.0,,1.0,,,,,,,,2.0,4.0,5.0,18.0,,,2.0,,,3.0,,2.0,,4.0,1.0,1.0,1.0,1.0,1.0,1.0,1.0,1.0,1.0,1.0,,,,,,,6,3,4,3,3,5,6,5,3,2,55.0,48.0,50.0,52.0,60.0,45.0,65.0,40.0,58.0,38.0,2,2,1,2,2,2,2,1,1,2,2,2,2,1,2,1,2,2,1,2,1,1,1,1,2,1,2,2,1,1,1,2,2,2,2,2,2,1,2,1
951,2,4,3,2,3,2,4,2,4,3,,30.0,1.0,,3.0,4.0,6.0,,,,,5.0,1.0,40.0,,1.0,,,,,2.0,4.0,5.0,,,,,,,2.0,,7.0,,,1.0,,4.0,1.0,1.0,1.0,1.0,1.0,1.0,1.0,1.0,1.0,1.0,,,,,,,6,3,2,2,3,5,6,6,3,2,40.0,35.0,30.0,35.0,40.0,30.0,45.0,25.0,50.0,30.0,2,2,2,2,2,2,2,1,2,1,2,1,2,1,2,1,1,1,1,1,1,1,2,2,1,2,2,1,2,2,2,2,2,2,2,2,1,2,2,1
822,2,3,2,2,2,2,2,2,4,2,70.0,,,1.0,2.0,3.0,6.0,,,,5.0,,1.0,54.0,,1.0,,1.0,2.0,2.0,,,,,,,,,,2.0,,9.0,,,2.0,,5.0,,,,,,,,,,,1.0,1.0,1.0,1.0,1.0,1.0,6,2,2,2,2,5,6,6,1,2,30.0,30.0,30.0,30.0,30.0,30.0,30.0,30.0,30.0,30.0,2,2,2,2,2,2,2,2,2,2,2,2,2,2,2,2,2,2,2,2,2,2,2,2,2,2,2,2,2,2,2,2,2,2,2,2,2,2,2,2
518,4,5,4,4,5,4,5,4,2,2,,30.0,,1.0,,,,4.0,4.0,3.0,,5.0,1.0,50.0,,1.0,,,,,,,,2.0,4.0,5.0,,,,2.0,,7.0,,,1.0,,4.0,1.0,1.0,1.0,1.0,1.0,1.0,1.0,1.0,1.0,1.0,,,,,,,6,3,2,2,2,5,6,6,3,2,60.0,55.0,60.0,65.0,70.0,60.0,75.0,55.0,50.0,45.0,1,2,1,2,1,1,2,2,2,1,2,1,1,1,1,1,2,2,2,1,1,2,2,1,2,1,1,2,2,1,1,2,1,1,1,2,1,1,2,2
277,2,3,2,2,2,2,4,2,4,3,70.0,,,1.0,,,,3.0,4.0,4.0,,5.0,,,2.0,,2.0,,,,1.0,3.0,4.0,,,,,20.0,,2.0,,,3.0,,1.0,3.0,,1.0,1.0,1.0,1.0,1.0,1.0,1.0,1.0,1.0,1.0,,,,,,,6,3,2,2,3,5,6,6,2,2,40.0,35.0,30.0,35.0,35.0,30.0,40.0,30.0,40.0,35.0,2,2,2,1,1,1,1,2,2,2,2,1,1,1,1,1,1,2,2,2,2,1,2,1,2,1,2,2,2,2,2,1,2,2,2,2,2,2,2,1
304,5,5,5,5,5,5,5,5,2,2,70.0,,4.0,,3.0,4.0,6.0,,,,,6.0,1.0,54.0,,1.0,,2.0,5.0,6.0,,,,,,,,,,2.0,,7.0,,1.0,,5.0,,,,,,,,,,,,1.0,1.0,1.0,1.0,1.0,1.0,6,3,3,3,3,5,6,6,3,2,60.0,55.0,60.0,70.0,70.0,65.0,80.0,60.0,40.0,35.0,2,2,2,1,2,2,2,2,1,1,2,2,2,1,2,1,2,2,1,2,2,1,2,2,2,2,2,1,1,1,1,1,1,2,1,2,1,1,2,2
1491,4,4,4,4,4,4,5,4,2,2,,30.0,4.0,,2.0,3.0,5.0,,,,,5.0,,,2.0,1.0,,,,,2.0,4.0,5.0,,,,18.0,,1.0,,,,3.0,,2.0,4.0,,1.0,1.0,1.0,1.0,1.0,1.0,1.0,1.0,1.0,1.0,,,,,,,6,3,2,2,2,5,6,6,3,2,60.0,55.0,58.0,65.0,68.0,60.0,75.0,62.0,40.0,38.0,2,1,2,1,2,2,1,2,2,1,1,1,2,1,2,1,2,2,1,2,2,2,1,2,2,1,2,1,2,1,2,1,2,1,1,1,2,1,2,1
1118,5,4,4,5,5,5,5,5,2,2,70.0,,4.0,,,,,4.0,4.0,3.0,5.0,,1.0,50.0,,1.0,,,,,,,,4.0,4.0,5.0,,,1.0,,5.0,,,,2.0,4.0,,,,,,,,,,,,1.0,1.0,1.0,1.0,1.0,1.0,6,3,3,3,2,4,6,6,3,2,60.0,55.0,60.0,70.0,70.0,65.0,80.0,60.0,50.0,45.0,2,2,1,1,1,2,2,2,1,2,2,2,2,2,2,1,2,2,1,1,2,2,1,1,2,2,2,1,2,2,1,2,1,2,2,2,1,1,1,2
1677,2,2,2,1,2,2,2,2,1,1,,30.0,1.0,,,,,3.0,4.0,2.0,,5.0,1.0,50.0,,1.0,,,,,,,,1.0,4.0,5.0,,,,2.0,,7.0,,,1.0,3.0,,,,,,,,,,,,1.0,1.0,1.0,1.0,1.0,1.0,6,2,2,2,2,5,6,6,1,1,30.0,25.0,25.0,10.0,20.0,10.0,20.0,10.0,40.0,30.0,1,2,1,2,2,1,2,1,1,2,2,1,2,2,2,1,2,1,2,2,1,2,2,1,2,1,1,1,2,2,2,2,1,2,2,1,1,1,2,2
1704,5,5,5,5,5,5,5,5,1,1,,30.0,,1.0,,,,3.0,4.0,2.0,5.0,,1.0,50.0,,1.0,,,,,1.0,5.0,6.0,,,,20.0,,1.0,,,7.0,,1.0,,5.0,,,,,,,,,,,,1.0,1.0,1.0,1.0,1.0,1.0,6,3,2,2,2,5,6,6,3,2,65.0,60.0,60.0,70.0,75.0,70.0,80.0,65.0,30.0,35.0,2,2,1,2,2,2,1,2,1,2,2,1,1,2,1,2,1,1,1,1,1,1,2,2,2,1,1,2,1,2,2,2,1,2,1,2,2,1,1,1
1819,4,4,4,4,4,4,5,4,2,2,,30.0,,1.0,3.0,4.0,6.0,,,,5.0,,1.0,40.0,,1.0,,,,,,,,2.0,4.0,6.0,20.0,,1.0,,,6.0,,1.0,,,4.0,1.0,1.0,1.0,1.0,1.0,1.0,1.0,1.0,1.0,1.0,,,,,,,6,3,4,3,3,5,6,5,3,2,60.0,55.0,60.0,65.0,70.0,60.0,75.0,60.0,50.0,45.0,2,1,1,2,2,1,1,2,2,1,2,2,1,1,2,2,1,1,2,1,1,2,1,1,1,1,2,2,2,1,2,1,2,1,2,2,1,2,2,1
2004,2,3,2,2,3,2,4,2,4,3,,30.0,1.0,,,,,3.0,4.0,2.0,,5.0,1.0,50.0,,,2.0,,,,,,,2.0,4.0,5.0,,18.0,,2.0,5.0,,,1.0,,4.0,,1.0,1.0,1.0,1.0,1.0,1.0,1.0,1.0,1.0,1.0,,,,,,,6,3,2,3,2,5,6,5,3,2,55.0,48.0,50.0,45.0,52.0,40.0,60.0,38.0,58.0,41.0,2,2,2,2,2,2,2,1,2,2,2,2,2,2,2,2,1,1,2,2,1,2,1,1,2,2,1,1,1,1,2,2,1,2,1,1,2,1,1,1
75,4,4,4,5,5,5,5,5,2,2,70.0,,,1.0,3.0,4.0,6.0,,,,5.0,,1.0,40.0,,,2.0,,,,2.0,5.0,6.0,,,,,20.0,1.0,,5.0,,,,1.0,,5.0,,,,,,,,,,,1.0,1.0,1.0,1.0,1.0,1.0,6,3,2,3,3,5,6,6,3,2,60.0,55.0,60.0,70.0,70.0,65.0,80.0,60.0,40.0,35.0,2,1,2,2,1,1,2,1,2,1,2,1,2,1,2,1,1,1,1,1,2,2,1,1,2,2,1,1,1,2,1,2,1,1,1,1,2,2,2,1
990,5,5,5,5,5,5,5,5,1,1,,30.0,4.0,,3.0,4.0,6.0,,,,,5.0,1.0,50.0,,1.0,,,,,,,,2.0,4.0,5.0,,20.0,,2.0,,7.0,,1.0,,,5.0,,,,,,,,,,,1.0,1.0,1.0,1.0,1.0,1.0,6,2,2,3,2,5,6,6,3,2,60.0,55.0,60.0,70.0,75.0,65.0,80.0,60.0,30.0,35.0,2,2,1,2,2,1,1,2,2,2,2,2,2,1,2,2,2,1,2,2,1,2,1,1,1,2,2,2,2,1,2,1,2,1,2,1,1,1,2,1
202,4,4,4,4,4,4,4,4,2,2,70.0,,4.0,,,,,3.0,4.0,5.0,5.0,,1.0,40.0,,,2.0,,,,,,,3.0,4.0,5.0,18.0,,1.0,,,,3.0,1.0,,4.0,,,,,,,,,,,,1.0,1.0,1.0,1.0,1.0,1.0,6,3,4,3,3,5,6,5,3,2,60.0,55.0,58.0,65.0,68.0,62.0,70.0,54.0,48.0,40.0,2,2,2,2,1,2,1,1,2,2,2,2,1,2,2,2,1,2,2,2,1,2,1,2,1,2,2,1,1,1,2,1,2,1,2,2,2,2,1,1
371,2,3,2,2,2,2,4,2,4,3,,30.0,,1.0,,,,3.0,4.0,2.0,,5.0,1.0,30.0,,1.0,,1.0,2.0,3.0,,,,,,,20.0,,,2.0,5.0,,,1.0,,,3.0,1.0,1.0,1.0,1.0,1.0,1.0,1.0,1.0,1.0,1.0,,,,,,,6,2,2,2,2,4,6,6,3,2,40.0,30.0,30.0,30.0,30.0,30.0,40.0,30.0,40.0,30.0,1,1,1,2,1,1,2,1,1,2,2,2,1,1,2,1,1,1,1,2,2,1,1,1,1,1,2,1,1,1,1,2,2,2,1,1,1,2,1,2
197,4,4,4,4,4,4,5,4,2,2,,30.0,,1.0,,,,3.0,4.0,2.0,5.0,,1.0,40.0,,1.0,,,,,,,,2.0,4.0,5.0,20.0,,,2.0,5.0,,,1.0,,4.0,,1.0,1.0,1.0,1.0,1.0,1.0,1.0,1.0,1.0,1.0,,,,,,,6,2,2,2,2,5,6,6,3,2,60.0,55.0,50.0,65.0,60.0,60.0,70.0,55.0,45.0,40.0,2,2,1,1,2,2,2,1,1,2,2,2,1,1,1,2,2,2,1,1,1,2,1,1,2,1,2,1,2,1,2,2,1,1,2,1,2,1,1,1
1602,4,5,4,5,5,5,5,5,1,2,70.0,,,1.0,,,,4.0,3.0,3.0,5.0,,1.0,54.0,,,2.0,,,,2.0,4.0,4.0,,,,,18.0,,2.0,3.0,,,1.0,,,4.0,,,,,,,,,,,1.0,1.0,1.0,1.0,1.0,1.0,6,3,4,3,3,5,6,5,3,2,55.0,48.0,52.0,60.0,65.0,62.0,70.0,58.0,40.0,45.0,2,2,1,1,2,1,2,2,2,2,1,1,2,2,1,1,2,1,2,1,2,2,2,1,2,2,1,1,2,2,2,2,2,1,1,2,1,2,2,2
1771,4,4,4,4,4,4,4,4,2,2,,30.0,4.0,,,,,3.0,4.0,5.0,5.0,,,,2.0,1.0,,,,,,,,2.0,4.0,5.0,,,,2.0,5.0,,,,2.0,4.0,,1.0,1.0,1.0,1.0,1.0,1.0,1.0,1.0,1.0,1.0,,,,,,,6,3,4,4,3,5,6,6,3,2,60.0,55.0,50.0,60.0,65.0,60.0,70.0,55.0,45.0,40.0,2,2,2,1,2,1,2,1,1,1,1,1,1,2,2,1,2,2,1,1,2,1,2,2,2,2,2,2,1,2,2,2,1,2,2,2,2,2,2,1
1597,2,3,2,2,2,2,2,2,2,2,70.0,,,1.0,3.0,3.0,6.0,,,,3.0,,1.0,30.0,,1.0,,,,,,,,2.0,4.0,4.0,,,,2.0,4.0,,,,1.0,3.0,,,,,,,,,,,,1.0,1.0,1.0,1.0,1.0,1.0,6,2,3,3,2,4,6,5,2,2,40.0,35.0,30.0,35.0,35.0,30.0,40.0,30.0,40.0,30.0,2,2,2,2,2,2,2,2,2,2,2,2,2,2,2,2,2,2,2,2,2,2,2,2,2,2,2,2,2,2,2,2,2,2,2,2,2,2,2,2
896,4,4,4,4,4,4,5,4,2,2,70.0,,4.0,,,,,3.0,4.0,5.0,,5.0,1.0,40.0,,,2.0,,,,,,,2.0,4.0,5.0,2.0,,,2.0,4.0,,,1.0,,,4.0,,,,,,,,,,,1.0,1.0,1.0,1.0,1.0,1.0,6,3,3,3,2,5,6,6,3,2,60.0,55.0,60.0,65.0,65.0,60.0,70.0,60.0,50.0,45.0,1,2,1,1,1,1,2,1,2,1,2,1,2,1,2,2,2,2,1,2,1,1,2,2,1,2,2,2,1,1,1,1,1,1,1,2,2,1,2,1
156,5,5,5,5,5,5,5,5,2,2,,30.0,4.0,,3.0,4.0,6.0,,,,,5.0,,,2.0,1.0,,,,,4.0,5.0,6.0,,,,,,,2.0,,6.0,,,2.0,,5.0,,,,,,,,,,,1.0,1.0,1.0,1.0,1.0,1.0,6,3,3,3,3,5,6,6,3,2,65.0,55.0,60.0,75.0,80.0,70.0,85.0,60.0,40.0,35.0,1,2,2,2,2,2,2,1,2,2,1,1,2,2,1,2,2,2,1,1,2,2,2,1,2,2,1,1,1,2,1,2,2,2,1,1,1,1,1,1
639,5,5,5,5,5,5,5,5,1,1,,30.0,6.0,,2.0,3.0,6.0,,,,,5.0,,,2.0,,2.0,,,,1.0,1.0,1.0,,,,,,2.0,,,10.0,,,2.0,1.0,,1.0,1.0,1.0,1.0,1.0,1.0,1.0,1.0,1.0,1.0,,,,,,,6,2,2,2,2,5,6,6,1,1,60.0,55.0,60.0,60.0,60.0,60.0,60.0,60.0,60.0,60.0,2,2,2,2,2,2,2,2,2,2,2,2,2,2,2,2,2,2,2,2,2,2,2,2,2,2,2,2,2,2,2,2,2,2,2,2,2,2,2,2
1425,5,5,5,5,5,5,5,5,1,1,,30.0,,1.0,,,,4.0,4.0,3.0,,5.0,1.0,40.0,,1.0,,2.0,4.0,5.0,,,,,,,20.0,,,2.0,,,3.0,1.0,,5.0,,1.0,1.0,1.0,1.0,1.0,1.0,1.0,1.0,1.0,1.0,,,,,,,6,3,2,2,3,5,6,6,3,2,60.0,55.0,60.0,65.0,70.0,65.0,80.0,60.0,30.0,35.0,2,2,2,2,2,1,2,2,2,1,1,1,2,1,2,1,1,2,2,2,2,2,1,2,1,2,2,1,2,1,2,1,2,1,2,2,1,2,2,2
1556,5,5,5,5,5,5,5,5,1,1,,30.0,,1.0,,,,3.0,4.0,3.0,,5.0,,,2.0,,2.0,,,,,,,1.0,5.0,6.0,20.0,,1.0,,,6.0,,,2.0,5.0,,,,,,,,,,,,1.0,1.0,1.0,1.0,1.0,1.0,6,3,2,2,2,5,6,6,3,2,65.0,60.0,62.0,70.0,68.0,66.0,75.0,60.0,40.0,38.0,1,2,1,2,2,1,2,2,2,2,2,1,1,2,1,1,2,1,2,1,2,2,2,1,1,2,1,2,1,2,2,1,2,1,1,2,1,2,1,2
1239,4,4,4,4,4,4,4,4,2,2,,30.0,,1.0,3.0,4.0,6.0,,,,5.0,,1.0,48.0,,,2.0,3.0,4.0,5.0,,,,,,,18.0,,,2.0,,,3.0,1.0,,4.0,,1.0,1.0,1.0,1.0,1.0,1.0,1.0,1.0,1.0,1.0,,,,,,,6,3,3,3,3,5,6,6,3,2,62.0,54.0,58.0,66.0,68.0,60.0,70.0,59.0,44.0,41.0,1,2,2,1,2,1,2,1,2,2,2,2,2,1,1,1,1,2,1,2,2,2,2,1,2,2,1,2,2,2,1,1,1,1,2,1,1,1,2,2
924,5,5,5,5,5,5,5,5,2,2,70.0,,,1.0,3.0,3.0,6.0,,,,,5.0,1.0,40.0,,1.0,,3.0,4.0,4.0,,,,,,,,,,2.0,,,1.0,,2.0,,4.0,1.0,1.0,1.0,1.0,1.0,1.0,1.0,1.0,1.0,1.0,,,,,,,6,2,2,2,3,5,6,6,3,2,60.0,55.0,60.0,65.0,65.0,60.0,70.0,60.0,40.0,35.0,2,2,2,1,1,2,2,2,1,1,2,1,2,2,2,1,2,1,2,2,1,1,2,2,1,2,2,1,2,1,2,1,2,1,2,1,2,2,1,1
857,5,4,4,5,5,5,5,5,2,2,70.0,,,1.0,,,,4.0,3.0,3.0,,5.0,,,2.0,1.0,,2.0,4.0,4.0,,,,,,,,20.0,1.0,,4.0,,,1.0,,,5.0,,,,,,,,,,,1.0,1.0,1.0,1.0,1.0,1.0,6,3,4,3,2,5,6,5,3,2,60.0,55.0,50.0,65.0,70.0,60.0,75.0,60.0,55.0,40.0,2,2,2,2,1,1,2,1,2,1,1,1,2,1,2,2,1,2,1,2,2,2,2,2,1,2,2,2,1,2,2,2,2,2,1,1,2,1,1,2
1749,4,4,4,2,3,2,5,2,5,2,,30.0,,2.0,4.0,4.0,5.0,,,,,5.0,,,2.0,,2.0,,,,2.0,4.0,5.0,,,,5.0,,1.0,,,6.0,,1.0,,,4.0,1.0,1.0,1.0,1.0,1.0,1.0,1.0,1.0,1.0,1.0,,,,,,,6,3,3,3,3,5,6,6,3,2,55.0,48.0,50.0,45.0,52.0,40.0,60.0,38.0,65.0,35.0,2,2,2,2,2,2,2,2,2,2,1,1,2,2,2,2,2,2,2,2,2,2,1,1,1,2,1,2,2,2,2,2,2,2,1,2,2,2,2,2
1155,5,5,5,5,5,5,5,5,1,1,70.0,,4.0,,2.0,3.0,6.0,,,,5.0,,1.0,40.0,,,2.0,1.0,4.0,5.0,,,,,,,,20.0,,2.0,,7.0,,,2.0,,5.0,,,,,,,,,,,1.0,1.0,1.0,1.0,1.0,1.0,6,3,2,2,2,5,6,6,3,2,60.0,55.0,60.0,65.0,70.0,65.0,80.0,60.0,40.0,35.0,2,2,2,2,2,2,2,2,2,2,2,2,2,2,2,2,2,2,2,2,2,2,2,2,2,2,2,2,2,2,2,2,2,2,2,2,2,2,2,2
1026,4,4,4,3,4,3,5,4,2,2,,30.0,,1.0,,,,3.0,4.0,3.0,5.0,,,,2.0,,2.0,,,,,,,1.0,4.0,5.0,,,,2.0,,7.0,,,2.0,4.0,,,,,,,,,,,,1.0,1.0,1.0,1.0,1.0,1.0,6,3,4,3,2,5,6,5,3,2,55.0,50.0,52.0,48.0,54.0,45.0,60.0,51.0,40.0,38.0,2,1,2,2,1,2,2,2,1,1,2,2,1,2,1,2,2,2,2,2,2,1,1,2,1,1,2,2,1,1,1,2,1,2,1,1,1,1,2,2
349,2,3,2,2,2,2,2,2,4,3,,30.0,,1.0,,,,3.0,4.0,5.0,,5.0,1.0,30.0,,,2.0,1.0,3.0,4.0,,,,,,,,,2.0,,,6.0,,1.0,,,3.0,,,,,,,,,,,1.0,1.0,1.0,1.0,1.0,1.0,6,2,2,2,2,4,6,6,2,1,40.0,35.0,30.0,30.0,30.0,25.0,30.0,20.0,40.0,30.0,2,1,2,1,2,2,2,2,1,2,2,2,2,2,2,2,1,2,2,2,2,2,2,1,2,2,1,1,1,2,2,1,2,2,2,1,1,1,2,1
555,4,4,3,3,4,4,4,4,2,2,70.0,,,1.0,,,,4.0,3.0,3.0,5.0,,1.0,54.0,,,2.0,,,,2.0,4.0,4.0,,,,,16.0,1.0,,,6.0,,1.0,,,4.0,1.0,1.0,1.0,1.0,1.0,1.0,1.0,1.0,1.0,1.0,,,,,,,6,3,3,3,3,5,6,6,3,2,55.0,50.0,45.0,60.0,65.0,55.0,70.0,50.0,40.0,35.0,2,1,2,1,1,2,2,1,1,1,1,2,1,2,2,2,1,2,1,1,1,2,1,2,2,2,1,2,2,2,2,2,2,2,2,1,1,2,1,2
426,4,4,4,3,4,3,5,3,2,2,70.0,,3.0,,,,,4.0,4.0,5.0,5.0,,,,2.0,1.0,,,,,,,,2.0,4.0,5.0,18.0,,,2.0,,,3.0,,2.0,4.0,,,,,,,,,,,,1.0,1.0,1.0,1.0,1.0,1.0,6,3,4,4,3,5,6,6,3,2,55.0,50.0,52.0,48.0,60.0,45.0,65.0,40.0,55.0,38.0,1,1,2,1,2,2,2,1,2,2,2,1,1,2,2,1,1,2,1,2,1,1,1,2,2,2,1,1,2,1,2,1,1,2,1,2,1,1,1,2
38,2,3,2,2,2,2,2,2,1,1,,30.0,1.0,,3.0,3.0,6.0,,,,3.0,,,,2.0,,2.0,,,,1.0,2.0,2.0,,,,,,,2.0,3.0,,,1.0,,,2.0,,,,,,,,,,,1.0,1.0,1.0,1.0,1.0,1.0,6,2,2,2,2,5,6,6,2,2,30.0,25.0,25.0,25.0,25.0,25.0,25.0,25.0,30.0,30.0,2,2,2,2,1,2,2,2,2,2,1,1,2,2,1,2,2,1,1,1,2,2,2,1,2,2,1,1,2,1,2,2,2,2,1,1,2,1,2,1
2049,4,4,4,5,5,5,5,5,2,2,,30.0,4.0,,3.0,4.0,6.0,,,,,5.0,,,2.0,1.0,,,,,2.0,4.0,5.0,,,,,18.0,1.0,,,,3.0,,2.0,4.0,,1.0,1.0,1.0,1.0,1.0,1.0,1.0,1.0,1.0,1.0,,,,,,,6,2,2,2,2,5,6,6,3,1,60.0,55.0,50.0,65.0,70.0,60.0,75.0,55.0,40.0,35.0,2,1,2,1,2,1,2,1,1,2,2,1,2,1,2,2,2,1,2,2,2,1,2,2,2,1,1,2,1,2,1,1,2,1,1,2,1,1,2,2
1854,5,4,5,5,5,5,5,5,2,2,70.0,,1.0,,,,,4.0,5.0,3.0,5.0,,1.0,54.0,,1.0,,,,,1.0,5.0,6.0,,,,20.0,,1.0,,,6.0,,1.0,,5.0,,1.0,1.0,1.0,1.0,1.0,1.0,1.0,1.0,1.0,1.0,,,,,,,6,2,2,2,2,5,6,6,3,2,60.0,55.0,60.0,70.0,75.0,70.0,80.0,65.0,40.0,35.0,2,2,1,2,1,2,2,1,2,2,1,2,1,1,2,1,2,2,2,1,1,2,2,2,1,2,2,2,2,1,1,1,1,2,1,2,1,2,2,1
1927,4,4,4,2,4,3,5,3,2,2,70.0,,4.0,,3.0,4.0,6.0,,,,,5.0,,,2.0,1.0,,2.0,4.0,5.0,,,,,,,,20.0,1.0,,,6.0,,,2.0,,4.0,,,,,,,,,,,1.0,1.0,1.0,1.0,1.0,1.0,6,2,2,3,2,5,6,6,3,2,55.0,45.0,40.0,35.0,45.0,40.0,60.0,35.0,50.0,30.0,2,2,2,1,1,1,2,2,2,2,1,2,2,2,1,1,1,2,1,1,2,2,2,2,1,2,2,2,2,2,2,1,2,1,1,1,2,2,1,1
1194,4,4,4,5,5,5,5,5,2,2,70.0,,4.0,,3.0,4.0,6.0,,,,5.0,,,,2.0,1.0,,2.0,4.0,4.0,,,,,,,,,1.0,,,,1.0,1.0,,,4.0,,,,,,,,,,,1.0,1.0,1.0,1.0,1.0,1.0,6,3,3,3,2,5,6,6,3,2,62.0,55.0,60.0,68.0,70.0,65.0,75.0,60.0,40.0,35.0,2,2,2,1,1,1,1,2,2,2,1,2,1,2,2,2,2,2,1,2,2,1,2,2,1,1,2,2,1,2,1,2,1,1,1,1,1,2,1,1
1372,5,4,4,4,5,5,5,5,2,2,70.0,,,1.0,3.0,4.0,6.0,,,,5.0,,,,2.0,,2.0,,,,1.0,5.0,6.0,,,,,20.0,,2.0,,7.0,,,2.0,,5.0,1.0,1.0,1.0,1.0,1.0,1.0,1.0,1.0,1.0,1.0,,,,,,,6,3,2,2,3,5,6,6,3,2,62.0,55.0,60.0,70.0,75.0,65.0,80.0,60.0,55.0,50.0,1,2,1,2,1,1,2,1,2,1,2,2,2,1,2,1,1,1,2,2,2,1,2,1,2,1,2,1,1,2,1,2,2,2,2,1,1,2,1,2
1788,5,5,5,5,5,5,5,5,2,2,,30.0,4.0,,,,,3.0,4.0,5.0,,5.0,,,2.0,1.0,,,,,1.0,5.0,6.0,,,,,20.0,,2.0,5.0,,,,1.0,,5.0,,,,,,,,,,,1.0,1.0,1.0,1.0,1.0,1.0,6,3,3,3,2,5,6,6,3,2,65.0,60.0,60.0,70.0,75.0,70.0,80.0,60.0,40.0,35.0,1,1,2,2,1,1,2,2,2,1,2,1,1,1,2,2,1,2,2,1,2,2,1,2,1,1,2,2,2,2,1,2,2,2,1,2,2,1,2,1
1201,2,4,2,4,4,4,4,4,2,2,70.0,,,1.0,3.0,4.0,5.0,,,,3.0,,,,2.0,1.0,,,,,1.0,2.0,3.0,,,,20.0,,,2.0,,7.0,,,2.0,3.0,,1.0,1.0,1.0,1.0,1.0,1.0,1.0,1.0,1.0,1.0,,,,,,,6,2,2,2,2,5,6,6,1,1,40.0,35.0,30.0,40.0,40.0,35.0,40.0,30.0,50.0,50.0,2,1,2,2,2,2,2,2,2,1,1,2,2,2,2,2,2,2,1,2,2,2,2,1,1,1,2,2,1,1,2,2,1,2,1,1,2,2,2,2
594,5,4,5,5,5,5,5,5,2,2,,30.0,4.0,,3.0,4.0,6.0,,,,5.0,,,,2.0,,2.0,2.0,4.0,5.0,,,,,,,,,,2.0,4.0,,,1.0,,4.0,,,,,,,,,,,,1.0,1.0,1.0,1.0,1.0,1.0,6,3,4,3,3,5,6,5,3,2,60.0,55.0,60.0,70.0,70.0,65.0,80.0,60.0,40.0,40.0,2,1,2,1,2,2,2,1,1,2,1,1,1,1,2,2,1,2,2,2,1,2,2,1,1,1,2,2,2,2,1,2,2,2,2,1,2,2,2,2
772,2,3,2,2,3,2,4,2,4,2,,30.0,,1.0,,,,3.0,4.0,2.0,5.0,,1.0,40.0,,,2.0,1.0,3.0,4.0,,,,,,,,5.0,1.0,,,,2.0,1.0,,,3.0,1.0,1.0,1.0,1.0,1.0,1.0,1.0,1.0,1.0,1.0,,,,,,,6,2,3,3,2,5,6,5,3,2,45.0,38.0,40.0,42.0,44.0,36.0,50.0,41.0,55.0,39.0,2,2,2,1,1,1,2,1,1,2,2,1,2,2,2,2,1,2,1,1,2,2,2,1,2,2,1,1,1,2,1,2,1,1,2,2,2,2,1,2
388,5,5,5,5,5,5,5,5,2,2,70.0,,,1.0,,,,3.0,4.0,3.0,,6.0,,,2.0,,2.0,1.0,4.0,6.0,,,,,,,,,1.0,,,,2.0,1.0,,,5.0,1.0,1.0,1.0,1.0,1.0,1.0,1.0,1.0,1.0,1.0,,,,,,,7,3,3,3,2,5,6,6,3,2,65.0,60.0,60.0,70.0,75.0,65.0,80.0,60.0,40.0,35.0,1,2,2,1,2,1,1,2,1,1,1,2,2,2,1,1,1,2,2,2,2,2,2,2,1,1,2,1,2,1,1,1,2,2,1,1,1,1,2,2
601,5,5,5,5,5,5,5,5,2,2,,30.0,,1.0,3.0,4.0,6.0,,,,,6.0,1.0,54.0,,,2.0,,,,4.0,5.0,6.0,,,,,,1.0,,5.0,,,,2.0,5.0,,1.0,1.0,1.0,1.0,1.0,1.0,1.0,1.0,1.0,1.0,,,,,,,6,2,2,2,2,5,6,6,3,2,62.0,54.0,60.0,68.0,70.0,65.0,80.0,60.0,40.0,38.0,2,1,2,2,2,1,1,2,2,1,1,2,2,2,1,2,1,1,1,2,1,2,1,1,1,1,2,2,1,1,1,1,1,1,1,2,2,2,1,1
1895,5,5,5,5,5,5,5,5,2,2,,30.0,4.0,,3.0,4.0,6.0,,,,5.0,,,,2.0,,2.0,,,,,,,2.0,5.0,6.0,,,1.0,,5.0,,,,2.0,5.0,,,,,,,,,,,,1.0,1.0,1.0,1.0,1.0,1.0,6,3,2,2,3,5,6,6,3,2,65.0,55.0,60.0,70.0,70.0,65.0,80.0,60.0,40.0,35.0,2,2,2,1,2,1,2,2,2,1,1,2,2,2,2,1,2,2,2,2,2,2,2,2,2,1,1,2,1,2,2,1,2,1,2,2,1,1,1,1
1307,5,5,5,5,5,5,5,5,1,1,70.0,,,1.0,,,,3.0,3.0,4.0,5.0,,,,2.0,,2.0,,,,1.0,4.0,4.0,,,,,20.0,,2.0,,,3.0,1.0,,5.0,,1.0,1.0,1.0,1.0,1.0,1.0,1.0,1.0,1.0,1.0,,,,,,,7,2,1,2,2,5,7,7,3,2,65.0,60.0,60.0,70.0,70.0,60.0,70.0,60.0,40.0,40.0,2,1,1,2,2,2,1,2,1,2,1,1,1,2,2,1,2,1,2,2,1,2,1,2,2,1,2,1,2,2,1,2,2,2,2,2,1,2,1,2
1274,5,5,5,5,5,5,5,5,2,2,,30.0,4.0,,3.0,4.0,5.0,,,,,5.0,,,2.0,1.0,,2.0,4.0,5.0,,,,,,,2.0,,1.0,,4.0,,,,1.0,4.0,,1.0,1.0,1.0,1.0,1.0,1.0,1.0,1.0,1.0,1.0,,,,,,,6,2,2,3,2,4,6,5,3,2,65.0,60.0,60.0,70.0,75.0,65.0,80.0,60.0,55.0,50.0,2,1,1,2,1,1,2,1,2,2,2,1,2,2,2,1,2,1,1,2,2,2,1,2,1,1,2,1,2,1,2,2,2,2,2,2,1,1,1,2
1468,4,4,4,4,4,4,4,4,2,2,,30.0,4.0,,3.0,3.0,6.0,,,,,5.0,,,2.0,1.0,,,,,3.0,4.0,5.0,,,,20.0,,,2.0,5.0,,,1.0,,,4.0,1.0,1.0,1.0,1.0,1.0,1.0,1.0,1.0,1.0,1.0,,,,,,,6,3,2,2,3,5,6,6,3,2,60.0,55.0,60.0,65.0,65.0,60.0,70.0,55.0,50.0,45.0,2,1,1,2,1,2,1,2,1,2,2,2,2,2,2,2,1,1,1,1,2,1,1,2,2,1,1,2,1,2,2,2,1,2,2,2,1,2,2,1
1092,5,5,5,5,5,5,5,5,2,2,,30.0,4.0,,3.0,4.0,6.0,,,,6.0,,,,2.0,1.0,,2.0,4.0,4.0,,,,,,,,,,2.0,,,3.0,1.0,,4.0,,,,,,,,,,,,1.0,1.0,1.0,1.0,1.0,1.0,6,2,2,2,2,5,6,6,3,2,65.0,60.0,60.0,70.0,70.0,65.0,80.0,60.0,40.0,40.0,1,2,2,2,2,1,2,2,2,2,1,2,1,1,2,2,2,2,2,1,2,1,1,1,2,1,2,2,1,1,2,1,1,1,2,2,1,2,2,1
707,5,5,5,5,5,5,5,5,1,1,,30.0,,1.0,,,,3.0,4.0,5.0,5.0,,,,2.0,1.0,,1.0,4.0,4.0,,,,,,,,20.0,1.0,,,,1.0,1.0,,5.0,,,,,,,,,,,,1.0,1.0,1.0,1.0,1.0,1.0,6,2,2,2,2,4,6,6,3,1,60.0,55.0,60.0,70.0,70.0,65.0,80.0,60.0,30.0,30.0,1,2,1,2,2,2,2,1,2,1,1,2,2,2,2,1,1,1,1,1,1,2,1,2,2,2,1,2,2,1,2,1,2,2,1,2,2,1,1,1
674,2,3,2,2,3,2,4,2,4,3,70.0,,3.0,,,,,3.0,4.0,3.0,,5.0,,,2.0,,2.0,,,,2.0,3.0,4.0,,,,20.0,,,2.0,4.0,,,,1.0,3.0,,,,,,,,,,,,1.0,1.0,1.0,1.0,1.0,1.0,6,3,4,3,2,5,6,5,3,2,48.0,41.0,38.0,36.0,44.0,32.0,51.0,37.0,54.0,29.0,2,2,2,2,1,1,1,1,2,2,2,2,2,1,2,1,1,2,2,1,2,1,1,1,1,2,1,2,2,1,1,1,2,1,2,1,1,2,2,2
492,2,3,2,2,2,2,2,2,5,2,70.0,,1.0,,,,,3.0,4.0,5.0,,5.0,,,2.0,1.0,,1.0,2.0,2.0,,,,,,,,,2.0,,3.0,,,1.0,,,3.0,,,,,,,,,,,1.0,1.0,1.0,1.0,1.0,1.0,6,2,2,2,2,4,6,6,2,2,40.0,35.0,30.0,25.0,30.0,25.0,30.0,20.0,40.0,20.0,2,2,1,1,2,2,2,2,2,1,2,2,1,2,2,2,1,2,1,2,1,2,2,2,1,1,1,1,1,1,2,2,2,1,2,1,1,1,2,1
969,2,3,2,2,3,2,4,2,4,3,,30.0,1.0,,2.0,3.0,6.0,,,,,5.0,1.0,25.0,,,2.0,,,,,,,1.0,4.0,4.0,,,,2.0,,,2.0,1.0,,,3.0,1.0,1.0,1.0,1.0,1.0,1.0,1.0,1.0,1.0,1.0,,,,,,,6,2,2,2,3,5,6,6,2,2,40.0,35.0,30.0,25.0,30.0,25.0,40.0,30.0,50.0,35.0,1,2,1,2,1,2,2,1,1,1,1,1,1,2,2,2,1,2,2,2,1,1,1,2,1,2,1,1,2,2,2,1,2,2,1,2,1,2,2,2
1993,5,4,5,5,5,5,5,5,2,2,,30.0,4.0,,3.0,4.0,6.0,,,,,6.0,,,2.0,,2.0,,,,,,,2.0,4.0,5.0,,16.0,1.0,,,,3.0,,1.0,4.0,,,,,,,,,,,,1.0,1.0,1.0,1.0,1.0,1.0,6,3,3,3,3,5,6,6,3,2,60.0,55.0,60.0,70.0,70.0,65.0,75.0,60.0,50.0,45.0,1,2,1,2,1,2,1,2,2,2,2,2,1,2,1,2,1,2,2,1,1,2,2,1,2,2,2,2,1,2,1,1,1,2,1,2,1,1,2,1
1120,4,4,4,4,4,4,5,4,2,3,,30.0,,1.0,,,,4.0,4.0,3.0,,5.0,1.0,40.0,,,2.0,,,,2.0,4.0,5.0,,,,18.0,,1.0,,,,2.0,,2.0,,4.0,1.0,1.0,1.0,1.0,1.0,1.0,1.0,1.0,1.0,1.0,,,,,,,6,3,4,4,3,5,6,5,3,2,60.0,55.0,58.0,65.0,70.0,60.0,75.0,55.0,40.0,45.0,2,1,2,1,1,2,2,2,1,2,2,2,2,1,2,1,1,2,1,2,2,1,2,1,2,1,2,2,1,2,2,1,2,2,2,2,2,1,2,2
1053,4,4,4,4,4,4,5,4,2,2,70.0,,,1.0,3.0,4.0,6.0,,,,,5.0,,,2.0,,2.0,,,,,,,2.0,4.0,5.0,,18.0,1.0,,5.0,,,1.0,,,4.0,,,,,,,,,,,1.0,1.0,1.0,1.0,1.0,1.0,6,3,2,2,2,5,6,6,3,2,60.0,55.0,60.0,65.0,70.0,60.0,75.0,60.0,50.0,45.0,2,2,2,1,1,2,1,2,1,1,2,2,1,2,1,2,2,2,2,1,2,2,2,1,2,1,2,2,2,1,2,2,2,2,1,1,2,2,2,1
520,2,3,2,2,2,2,2,2,5,2,70.0,,,1.0,3.0,4.0,5.0,,,,5.0,,1.0,54.0,,1.0,,,,,,,,1.0,4.0,4.0,,,,2.0,5.0,,,,1.0,3.0,,1.0,1.0,1.0,1.0,1.0,1.0,1.0,1.0,1.0,1.0,,,,,,,6,2,2,2,2,5,6,6,3,1,40.0,35.0,30.0,30.0,30.0,30.0,30.0,30.0,60.0,30.0,1,1,2,2,1,1,2,2,2,2,2,1,2,2,2,1,2,2,1,2,2,2,2,2,2,2,2,2,2,1,2,2,2,2,1,1,1,1,2,1
453,2,3,2,2,2,2,2,2,1,3,,30.0,1.0,,,,,3.0,4.0,2.0,,5.0,1.0,20.0,,1.0,,2.0,2.0,3.0,,,,,,,,5.0,2.0,,,,3.0,,1.0,,3.0,,,,,,,,,,,1.0,1.0,1.0,1.0,1.0,1.0,6,3,2,2,2,4,6,6,2,2,40.0,35.0,30.0,30.0,30.0,25.0,30.0,20.0,40.0,25.0,2,1,2,2,2,2,1,2,2,2,1,2,2,2,2,1,2,2,2,2,2,2,2,2,1,2,2,2,1,2,2,2,2,1,1,2,1,1,2,1
1821,5,5,5,5,5,5,5,5,1,1,,30.0,4.0,,3.0,4.0,6.0,,,,5.0,,,,2.0,1.0,,2.0,5.0,6.0,,,,,,,20.0,,1.0,,,6.0,,1.0,,,5.0,,,,,,,,,,,1.0,1.0,1.0,1.0,1.0,1.0,6,2,2,2,2,5,6,6,3,2,65.0,60.0,60.0,70.0,75.0,65.0,80.0,60.0,40.0,35.0,1,2,1,1,2,1,2,2,1,2,1,1,1,2,1,2,1,1,1,2,2,2,2,1,1,2,1,1,2,1,2,1,2,1,1,1,2,2,2,2
1952,4,4,4,4,4,4,5,4,2,2,,30.0,4.0,,3.0,4.0,6.0,,,,5.0,,,,2.0,1.0,,,,,,,,2.0,5.0,6.0,,,1.0,,5.0,,,1.0,,,4.0,1.0,1.0,1.0,1.0,1.0,1.0,1.0,1.0,1.0,1.0,,,,,,,6,2,3,3,3,5,6,6,3,1,60.0,55.0,60.0,65.0,70.0,60.0,75.0,60.0,50.0,45.0,1,1,2,2,1,1,2,2,1,2,1,2,1,2,2,2,1,1,1,1,2,2,2,1,2,1,2,2,1,1,1,2,2,1,1,1,1,2,1,2
810,5,5,5,5,5,5,5,5,1,1,70.0,,,1.0,,,,3.0,4.0,2.0,5.0,,1.0,50.0,,1.0,,,,,,,,1.0,4.0,4.0,,20.0,1.0,,,,3.0,1.0,,4.0,,1.0,1.0,1.0,1.0,1.0,1.0,1.0,1.0,1.0,1.0,,,,,,,6,3,2,2,3,5,6,6,3,2,60.0,55.0,60.0,70.0,75.0,65.0,80.0,60.0,40.0,35.0,2,1,2,2,2,1,2,2,1,1,2,2,2,1,2,2,2,2,2,1,2,2,1,2,1,2,1,2,2,2,2,1,2,2,1,1,2,2,2,1
86,2,2,2,2,2,2,5,2,4,2,,30.0,1.0,,2.0,3.0,6.0,,,,,5.0,,,2.0,1.0,,1.0,2.0,3.0,,,,,,,,,2.0,,,6.0,,1.0,,,3.0,1.0,1.0,1.0,1.0,1.0,1.0,1.0,1.0,1.0,1.0,,,,,,,6,2,2,2,2,5,6,6,2,2,40.0,35.0,30.0,30.0,35.0,25.0,40.0,25.0,50.0,30.0,2,1,1,1,2,2,1,1,1,2,2,2,2,2,2,1,2,1,2,2,1,1,2,1,2,1,2,2,2,1,2,2,2,1,2,1,1,2,1,1
963,5,4,4,5,5,5,5,5,2,2,70.0,,,1.0,3.0,4.0,6.0,,,,5.0,,,,2.0,,2.0,,,,,,,1.0,4.0,5.0,,18.0,1.0,,,7.0,,1.0,,,4.0,,,,,,,,,,,1.0,1.0,1.0,1.0,1.0,1.0,6,3,3,3,2,4,6,6,3,2,62.0,55.0,60.0,70.0,68.0,65.0,75.0,60.0,40.0,38.0,1,1,2,2,1,2,2,1,1,2,1,2,2,1,2,2,1,1,1,1,1,2,1,1,2,1,2,1,2,2,1,1,2,2,1,1,1,1,2,1
1999,4,4,4,5,5,5,5,4,2,2,,30.0,4.0,,2.0,3.0,6.0,,,,5.0,,,,2.0,,2.0,,,,2.0,4.0,4.0,,,,18.0,,1.0,,,,2.0,,2.0,,4.0,1.0,1.0,1.0,1.0,1.0,1.0,1.0,1.0,1.0,1.0,,,,,,,6,2,3,3,2,5,6,6,3,2,60.0,55.0,60.0,70.0,75.0,65.0,80.0,60.0,50.0,45.0,2,2,1,2,2,1,2,1,1,2,2,2,1,1,2,2,2,2,1,1,2,2,2,2,2,2,1,2,1,1,2,2,2,1,1,1,2,1,2,2
1684,2,3,2,2,3,2,4,2,4,2,,30.0,,1.0,3.0,4.0,6.0,,,,,5.0,,,2.0,1.0,,,,,1.0,3.0,4.0,,,,2.0,,,2.0,,,3.0,,1.0,3.0,,,,,,,,,,,,1.0,1.0,1.0,1.0,1.0,1.0,6,3,3,3,2,4,6,5,3,2,45.0,38.0,40.0,35.0,40.0,35.0,50.0,40.0,55.0,35.0,2,1,2,2,1,2,1,1,2,2,2,1,2,1,1,2,2,1,1,2,2,2,2,1,2,2,1,1,2,1,2,1,2,2,2,1,2,1,1,1
1098,5,5,5,5,5,5,5,5,1,1,,30.0,,1.0,,,,3.0,4.0,2.0,,5.0,,,2.0,1.0,,,,,,,,4.0,5.0,6.0,,,,2.0,5.0,,,,2.0,,5.0,1.0,1.0,1.0,1.0,1.0,1.0,1.0,1.0,1.0,1.0,,,,,,,6,3,2,2,2,5,6,6,3,2,60.0,55.0,60.0,70.0,70.0,65.0,80.0,65.0,40.0,35.0,2,2,2,1,2,1,2,2,1,1,2,2,2,1,1,2,2,2,2,2,2,1,2,1,1,1,2,1,1,2,2,2,1,2,2,1,2,2,1,2
1511,4,4,4,4,4,4,5,4,2,2,70.0,,,1.0,3.0,4.0,6.0,,,,5.0,,1.0,50.0,,1.0,,,,,2.0,4.0,5.0,,,,5.0,,,2.0,,6.0,,1.0,,,4.0,,,,,,,,,,,1.0,1.0,1.0,1.0,1.0,1.0,6,3,3,3,2,5,6,6,3,2,60.0,55.0,50.0,60.0,65.0,60.0,70.0,55.0,45.0,40.0,1,2,1,2,1,2,2,2,1,2,2,1,2,1,1,2,2,2,1,1,2,2,1,1,2,2,2,2,2,1,1,2,1,2,2,1,1,1,1,2
1462,2,3,2,2,2,2,2,2,4,3,70.0,,,1.0,3.0,4.0,6.0,,,,,5.0,1.0,50.0,,,2.0,1.0,2.0,3.0,,,,,,,,,2.0,,,6.0,,1.0,,2.0,,,,,,,,,,,,1.0,1.0,1.0,1.0,1.0,1.0,6,2,2,2,2,5,6,6,2,2,30.0,25.0,25.0,20.0,20.0,20.0,20.0,15.0,40.0,25.0,1,2,1,1,2,2,1,2,2,1,2,2,1,1,2,1,2,2,2,2,1,2,2,2,1,2,2,2,2,1,2,2,2,2,1,1,1,2,2,2
284,4,4,4,3,4,4,4,4,2,2,,30.0,4.0,,3.0,4.0,6.0,,,,5.0,,,,2.0,,2.0,,,,,,,2.0,4.0,5.0,,16.0,,2.0,,6.0,,,2.0,4.0,,,,,,,,,,,,1.0,1.0,1.0,1.0,1.0,1.0,6,3,4,3,3,5,6,5,3,2,55.0,50.0,52.0,60.0,62.0,58.0,65.0,54.0,48.0,45.0,1,2,2,1,2,1,2,2,1,2,1,2,1,1,2,2,1,1,2,1,2,2,1,2,2,2,1,2,2,1,2,1,2,2,2,1,2,2,1,2
498,2,3,2,2,2,2,4,2,4,3,,30.0,,1.0,,,,3.0,4.0,2.0,,5.0,1.0,30.0,,,2.0,,,,1.0,4.0,5.0,,,,,,2.0,,,7.0,,1.0,,,4.0,1.0,1.0,1.0,1.0,1.0,1.0,1.0,1.0,1.0,1.0,,,,,,,6,2,2,2,2,5,6,6,3,2,40.0,30.0,30.0,30.0,30.0,30.0,40.0,30.0,40.0,30.0,2,2,1,2,2,2,2,2,2,1,1,1,1,2,2,2,1,2,2,2,1,1,1,1,1,2,2,2,1,2,1,2,2,2,2,2,2,2,2,2
111,2,3,2,2,2,2,2,2,4,3,70.0,,4.0,,,,,3.0,4.0,3.0,3.0,,,,2.0,,2.0,,,,2.0,3.0,4.0,,,,,15.0,,2.0,,4.0,,1.0,,3.0,,1.0,1.0,1.0,1.0,1.0,1.0,1.0,1.0,1.0,1.0,,,,,,,6,3,2,2,2,4,6,5,2,1,40.0,35.0,30.0,25.0,30.0,25.0,30.0,20.0,40.0,25.0,2,1,1,2,2,1,1,2,1,1,2,2,2,1,2,2,2,1,2,2,1,2,2,1,2,1,2,2,1,1,2,2,1,1,2,2,1,2,2,2
2036,2,3,2,2,2,2,2,2,4,2,70.0,,,1.0,3.0,4.0,6.0,,,,5.0,,,,2.0,,2.0,1.0,2.0,2.0,,,,,,,,,,2.0,,7.0,,,2.0,,3.0,1.0,1.0,1.0,1.0,1.0,1.0,1.0,1.0,1.0,1.0,,,,,,,6,2,2,2,2,5,6,6,1,1,30.0,25.0,20.0,25.0,25.0,20.0,25.0,20.0,40.0,20.0,1,1,2,1,1,1,1,1,2,1,1,1,2,1,1,2,2,2,1,1,1,2,1,2,1,2,2,1,1,2,2,2,1,1,2,2,2,2,1,2
47,2,2,2,1,2,2,4,1,4,2,70.0,,1.0,,2.0,3.0,6.0,,,,,5.0,,,2.0,,2.0,,,,1.0,2.0,4.0,,,,,20.0,2.0,,4.0,,,,1.0,3.0,,1.0,1.0,1.0,1.0,1.0,1.0,1.0,1.0,1.0,1.0,,,,,,,6,2,2,2,2,5,6,6,3,2,40.0,35.0,30.0,20.0,25.0,20.0,30.0,15.0,40.0,20.0,2,2,1,1,2,1,2,2,2,2,2,2,1,1,2,2,1,1,1,1,1,2,2,1,2,2,1,1,2,1,2,2,1,1,2,2,2,2,1,2
1958,2,3,2,1,2,2,4,2,4,4,70.0,,1.0,,2.0,3.0,6.0,,,,5.0,,1.0,30.0,,,2.0,1.0,2.0,3.0,,,,,,,,,2.0,,3.0,,,1.0,,3.0,,,,,,,,,,,,1.0,1.0,1.0,1.0,1.0,1.0,6,2,3,3,2,5,6,6,2,2,40.0,35.0,30.0,25.0,30.0,25.0,40.0,20.0,50.0,30.0,1,2,1,2,2,2,1,1,1,2,2,2,1,1,2,1,2,1,2,2,1,2,2,1,1,2,1,1,1,2,2,2,2,1,2,1,2,1,2,2
1059,2,3,2,2,2,2,2,2,5,3,,30.0,,1.0,,,,3.0,4.0,2.0,3.0,,1.0,25.0,,,2.0,,,,,,,1.0,2.0,3.0,,20.0,,2.0,,7.0,,,2.0,,3.0,,,,,,,,,,,1.0,1.0,1.0,1.0,1.0,1.0,6,2,2,2,2,5,6,6,1,1,30.0,25.0,20.0,20.0,20.0,15.0,20.0,10.0,40.0,15.0,2,2,2,2,1,2,2,2,1,1,2,2,2,2,1,2,2,2,1,2,1,2,2,1,2,2,2,2,2,2,2,2,2,2,1,2,2,2,2,2
1736,3,4,3,2,3,3,4,3,2,2,,30.0,4.0,,3.0,4.0,6.0,,,,,5.0,1.0,40.0,,,2.0,,,,2.0,4.0,5.0,,,,,,,2.0,5.0,,,,1.0,4.0,,1.0,1.0,1.0,1.0,1.0,1.0,1.0,1.0,1.0,1.0,,,,,,,6,2,3,3,2,5,6,6,3,1,55.0,45.0,50.0,50.0,55.0,50.0,60.0,45.0,40.0,40.0,1,2,2,2,2,2,2,1,1,1,1,1,2,1,2,1,2,2,2,2,2,2,2,1,2,2,2,1,2,1,1,2,2,2,2,1,2,2,2,2
1645,4,4,4,4,4,4,5,4,2,2,70.0,,,1.0,3.0,4.0,6.0,,,,,5.0,1.0,50.0,,1.0,,2.0,4.0,5.0,,,,,,,20.0,,1.0,,,,3.0,,1.0,4.0,,,,,,,,,,,,1.0,1.0,1.0,1.0,1.0,1.0,6,3,4,3,3,5,6,6,3,2,60.0,55.0,50.0,60.0,65.0,60.0,70.0,55.0,50.0,45.0,1,2,2,2,2,1,2,1,2,2,2,1,2,2,2,2,1,2,2,2,2,2,1,1,2,2,1,2,1,1,2,1,2,2,2,1,1,2,1,2
459,4,4,4,5,5,5,5,5,2,2,,30.0,,1.0,,,,3.0,4.0,5.0,5.0,,1.0,54.0,,1.0,,,,,2.0,4.0,5.0,,,,2.0,,1.0,,,7.0,,,2.0,,4.0,1.0,1.0,1.0,1.0,1.0,1.0,1.0,1.0,1.0,1.0,,,,,,,6,3,4,3,3,5,6,5,3,2,62.0,55.0,60.0,68.0,70.0,65.0,75.0,60.0,40.0,45.0,2,2,2,1,1,2,1,2,1,1,2,1,2,2,1,1,2,1,1,1,1,2,2,2,1,2,1,2,1,2,1,1,2,1,1,2,2,1,1,1
336,2,3,2,2,3,2,4,2,4,3,,30.0,,1.0,,,,3.0,4.0,3.0,3.0,,1.0,40.0,,,2.0,1.0,2.0,3.0,,,,,,,20.0,,1.0,,,,2.0,1.0,,2.0,,1.0,1.0,1.0,1.0,1.0,1.0,1.0,1.0,1.0,1.0,,,,,,,6,3,3,3,3,5,6,6,2,2,40.0,35.0,30.0,30.0,35.0,25.0,40.0,30.0,50.0,35.0,2,2,2,1,2,2,1,1,1,2,1,2,2,1,1,2,2,2,1,2,1,1,1,2,2,1,1,1,1,1,1,2,2,2,1,2,2,1,2,2
245,2,3,2,2,3,2,3,2,1,2,70.0,,,1.0,3.0,3.0,5.0,,,,,5.0,,,2.0,1.0,,,,,,,,2.0,4.0,5.0,4.0,,1.0,,,,2.0,,1.0,,4.0,,,,,,,,,,,1.0,1.0,1.0,1.0,1.0,1.0,6,3,3,3,3,5,6,6,3,2,55.0,50.0,45.0,50.0,55.0,45.0,60.0,50.0,60.0,55.0,1,1,2,2,2,2,1,2,2,1,2,1,1,1,2,2,1,2,2,1,2,1,2,1,2,1,1,2,1,2,1,2,1,2,2,1,1,2,1,1
32,5,5,5,5,5,5,5,5,1,1,,30.0,4.0,,3.0,4.0,6.0,,,,,3.0,,,2.0,1.0,,1.0,4.0,4.0,,,,,,,,,2.0,,3.0,,,1.0,,,4.0,1.0,1.0,1.0,1.0,1.0,1.0,1.0,1.0,1.0,1.0,,,,,,,6,2,2,2,2,6,7,7,3,1,60.0,55.0,60.0,70.0,70.0,60.0,80.0,60.0,40.0,40.0,2,2,2,1,2,2,2,2,2,2,1,1,2,2,1,2,2,2,2,2,2,2,1,1,1,2,1,1,1,2,2,1,2,1,2,1,1,2,1,1
6,4,4,4,4,4,4,5,4,2,2,,30.0,4.0,,3.0,4.0,6.0,,,,5.0,,,,2.0,,2.0,,,,,,,2.0,4.0,6.0,,,,2.0,,,3.0,1.0,,4.0,,,,,,,,,,,,1.0,1.0,1.0,1.0,1.0,1.0,6,2,3,3,2,5,6,6,3,2,60.0,55.0,50.0,60.0,65.0,55.0,70.0,60.0,40.0,35.0,2,2,2,1,2,1,1,2,2,2,2,1,1,2,1,2,2,2,1,1,2,2,1,2,1,2,2,1,2,1,1,1,2,1,1,2,1,1,1,1
2043,5,4,5,5,5,5,5,5,1,2,70.0,,4.0,,,,,3.0,4.0,5.0,5.0,,1.0,50.0,,1.0,,2.0,4.0,5.0,,,,,,,18.0,,,2.0,,6.0,,,1.0,5.0,,1.0,1.0,1.0,1.0,1.0,1.0,1.0,1.0,1.0,1.0,,,,,,,6,3,2,2,2,5,6,6,3,1,60.0,55.0,60.0,65.0,70.0,60.0,75.0,55.0,40.0,35.0,1,2,1,2,2,1,2,2,2,2,1,2,2,2,1,2,2,1,2,1,1,2,2,2,1,1,2,2,1,1,2,1,1,2,1,1,2,2,2,1
1743,4,4,4,4,4,4,5,4,2,2,,30.0,4.0,,,,,4.0,4.0,3.0,,5.0,,,2.0,1.0,,,,,2.0,4.0,5.0,,,,18.0,,1.0,,,,2.0,,2.0,,4.0,,,,,,,,,,,1.0,1.0,1.0,1.0,1.0,1.0,6,3,4,3,3,5,6,5,3,2,62.0,55.0,60.0,65.0,68.0,60.0,70.0,58.0,45.0,50.0,1,2,2,1,1,2,2,2,2,2,1,2,2,2,1,1,2,2,2,2,2,2,1,1,2,2,1,1,1,2,2,1,2,1,1,2,1,2,2,1
1630,4,4,4,3,4,3,4,3,2,2,70.0,,,1.0,,,,3.0,4.0,5.0,,5.0,1.0,40.0,,1.0,,,,,,,,2.0,4.0,5.0,,,1.0,,5.0,,,1.0,,4.0,,1.0,1.0,1.0,1.0,1.0,1.0,1.0,1.0,1.0,1.0,,,,,,,6,3,3,3,3,5,6,6,3,2,60.0,55.0,60.0,55.0,60.0,55.0,65.0,50.0,40.0,40.0,2,2,2,2,1,2,1,2,2,1,2,2,2,2,2,1,2,1,1,1,2,1,2,2,1,1,1,1,1,2,2,1,2,1,2,2,2,1,2,1
343,4,4,4,5,5,5,5,5,2,2,,30.0,,1.0,3.0,4.0,6.0,,,,5.0,,,,2.0,1.0,,,,,2.0,5.0,6.0,,,,,,1.0,,,,3.0,,1.0,4.0,,,,,,,,,,,,1.0,1.0,1.0,1.0,1.0,1.0,6,3,2,2,2,4,6,6,3,2,60.0,55.0,60.0,70.0,70.0,65.0,80.0,65.0,40.0,35.0,1,2,1,2,2,2,1,2,1,1,1,2,2,1,2,1,2,2,2,2,2,1,1,2,1,1,1,2,1,2,2,1,2,2,2,2,1,2,2,2
230,4,4,4,4,4,4,5,4,2,2,70.0,,3.0,,3.0,4.0,6.0,,,,,5.0,,,2.0,1.0,,,,,3.0,4.0,5.0,,,,18.0,,,2.0,4.0,,,,1.0,,4.0,1.0,1.0,1.0,1.0,1.0,1.0,1.0,1.0,1.0,1.0,,,,,,,6,3,4,3,3,5,6,5,3,2,62.0,54.0,58.0,60.0,65.0,60.0,70.0,55.0,50.0,45.0,2,1,1,1,1,1,2,2,1,2,2,2,2,1,1,2,2,1,2,1,1,2,1,2,1,2,2,1,2,1,2,2,2,1,2,1,2,1,2,1
865,3,4,3,2,3,3,4,3,4,3,,30.0,,1.0,3.0,4.0,6.0,,,,,5.0,1.0,54.0,,,2.0,1.0,3.0,4.0,,,,,,,,12.0,,2.0,5.0,,,,1.0,3.0,,,,,,,,,,,,1.0,1.0,1.0,1.0,1.0,1.0,6,3,3,3,3,5,6,6,3,1,55.0,48.0,50.0,40.0,45.0,40.0,60.0,35.0,55.0,30.0,1,2,2,2,1,2,1,1,1,1,1,1,2,2,2,1,2,2,2,1,1,2,1,2,1,1,1,2,1,2,2,1,1,2,2,1,1,1,2,2
916,2,2,2,2,2,2,2,2,1,1,,30.0,,1.0,,,,3.0,4.0,2.0,5.0,,1.0,25.0,,1.0,,,,,,,,1.0,2.0,3.0,,,,2.0,,6.0,,,1.0,,2.0,1.0,1.0,1.0,1.0,1.0,1.0,1.0,1.0,1.0,1.0,,,,,,,6,3,2,2,3,5,6,6,2,2,30.0,25.0,25.0,20.0,20.0,15.0,20.0,15.0,40.0,30.0,2,2,1,1,2,2,1,2,2,1,2,1,1,2,2,2,2,2,2,2,1,2,2,2,2,2,1,2,2,1,2,2,2,2,2,2,1,2,2,2
1564,5,5,5,5,5,5,5,5,1,1,70.0,,,1.0,,,,3.0,4.0,5.0,,6.0,,,2.0,,2.0,1.0,4.0,5.0,,,,,,,,,1.0,,,,3.0,1.0,,5.0,,1.0,1.0,1.0,1.0,1.0,1.0,1.0,1.0,1.0,1.0,,,,,,,6,2,2,2,2,5,6,6,3,2,60.0,55.0,60.0,70.0,75.0,65.0,80.0,60.0,40.0,35.0,1,1,2,2,1,2,2,2,1,2,1,2,2,1,2,2,2,2,1,2,1,1,2,2,2,1,2,1,2,2,2,2,1,1,2,1,1,2,1,2
1417,4,4,4,4,4,4,4,4,2,2,,30.0,4.0,,,,,3.0,4.0,2.0,5.0,,,,2.0,,2.0,,,,,,,1.0,4.0,4.0,,20.0,,2.0,,,1.0,1.0,,4.0,,,,,,,,,,,,1.0,1.0,1.0,1.0,1.0,1.0,6,2,2,2,2,5,6,6,3,2,60.0,55.0,60.0,65.0,65.0,60.0,70.0,60.0,40.0,40.0,2,1,1,2,2,1,2,2,2,1,2,1,2,1,2,1,1,1,2,2,2,2,2,2,2,1,2,1,1,1,2,1,1,2,1,2,1,1,1,2
1782,4,4,4,4,4,4,5,4,2,2,,30.0,,1.0,,,,4.0,4.0,3.0,,5.0,,,2.0,1.0,,,,,2.0,4.0,5.0,,,,18.0,,1.0,,,,3.0,1.0,,,4.0,,,,,,,,,,,1.0,1.0,1.0,1.0,1.0,1.0,6,3,3,3,2,5,6,5,3,2,60.0,55.0,60.0,65.0,65.0,60.0,70.0,60.0,50.0,45.0,1,2,1,1,2,1,2,2,1,2,2,1,1,1,2,1,2,1,2,2,1,2,1,1,2,2,2,2,2,1,2,1,2,2,2,2,1,2,1,2
1378,2,2,2,1,2,2,4,2,4,2,70.0,,1.0,,,,,3.0,4.0,4.0,,5.0,1.0,30.0,,1.0,,1.0,2.0,2.0,,,,,,,,,,2.0,,7.0,,1.0,,2.0,,1.0,1.0,1.0,1.0,1.0,1.0,1.0,1.0,1.0,1.0,,,,,,,6,2,2,2,2,5,6,6,2,2,30.0,25.0,20.0,10.0,15.0,10.0,20.0,10.0,40.0,15.0,2,1,2,1,2,2,2,2,1,1,1,2,2,1,1,2,1,2,2,2,1,1,2,1,2,1,2,1,2,1,1,2,1,2,2,1,2,1,1,2
164,2,3,2,2,2,2,2,2,2,2,70.0,,,1.0,,,,2.0,3.0,2.0,,3.0,,,2.0,,2.0,,,,1.0,2.0,2.0,,,,,,2.0,,1.0,,,1.0,,,2.0,,,,,,,,,,,1.0,1.0,1.0,1.0,1.0,1.0,5,2,2,2,2,5,5,5,2,2,30.0,25.0,25.0,25.0,25.0,25.0,25.0,25.0,25.0,25.0,2,1,1,2,1,2,1,2,1,1,2,2,2,1,1,2,2,2,1,1,1,1,2,2,1,2,2,2,2,2,1,2,1,2,2,1,2,1,1,2
382,3,3,3,2,3,3,4,3,2,2,70.0,,,1.0,3.0,3.0,6.0,,,,,5.0,,,2.0,1.0,,1.0,3.0,4.0,,,,,,,,,,2.0,3.0,,,1.0,,,4.0,,,,,,,,,,,1.0,1.0,1.0,1.0,1.0,1.0,6,2,3,3,3,5,6,6,3,2,60.0,55.0,55.0,50.0,55.0,60.0,65.0,55.0,50.0,45.0,2,2,2,1,1,2,2,1,2,1,1,2,2,2,1,1,2,1,2,2,1,1,2,2,1,2,2,1,1,2,1,2,2,1,1,1,1,1,2,2
778,4,4,4,4,4,4,4,4,2,2,70.0,,4.0,,3.0,3.0,5.0,,,,5.0,,1.0,54.0,,,2.0,,,,2.0,4.0,4.0,,,,,15.0,,2.0,,,2.0,,2.0,4.0,,1.0,1.0,1.0,1.0,1.0,1.0,1.0,1.0,1.0,1.0,,,,,,,6,3,2,2,2,5,6,6,3,1,60.0,55.0,60.0,65.0,65.0,60.0,70.0,55.0,40.0,45.0,1,2,2,2,2,2,1,2,2,1,2,1,2,1,2,2,2,2,1,1,2,2,2,2,2,2,1,1,2,1,2,2,1,1,1,2,2,1,2,2
895,4,4,4,4,4,4,5,4,2,2,,30.0,4.0,,,,,4.0,4.0,3.0,5.0,,,,2.0,,2.0,,,,3.0,4.0,5.0,,,,5.0,,,2.0,5.0,,,,1.0,,4.0,,,,,,,,,,,1.0,1.0,1.0,1.0,1.0,1.0,6,3,3,3,3,5,6,6,3,2,62.0,55.0,60.0,65.0,68.0,60.0,70.0,60.0,45.0,40.0,1,1,2,1,1,2,2,2,2,1,2,2,2,1,2,1,2,2,1,2,1,1,1,2,2,2,1,2,1,2,1,1,1,2,1,1,2,1,2,1
372,2,3,2,2,2,2,2,2,1,1,70.0,,1.0,,2.0,3.0,6.0,,,,3.0,,1.0,20.0,,,2.0,,,,,,,1.0,4.0,5.0,,,2.0,,,,1.0,,1.0,3.0,,,,,,,,,,,,1.0,1.0,1.0,1.0,1.0,1.0,6,2,2,2,2,5,6,6,2,1,30.0,25.0,20.0,20.0,20.0,20.0,20.0,20.0,40.0,40.0,2,1,2,2,2,1,1,2,1,2,2,2,2,2,2,1,2,2,2,2,2,1,2,1,2,2,1,1,2,1,2,2,2,2,2,1,1,1,2,1
788,4,4,4,4,4,4,4,4,2,2,70.0,,,1.0,,,,4.0,4.0,3.0,,5.0,,,2.0,,2.0,,,,,,,2.0,4.0,5.0,,,1.0,,3.0,,,,1.0,4.0,,1.0,1.0,1.0,1.0,1.0,1.0,1.0,1.0,1.0,1.0,,,,,,,6,3,3,3,3,5,6,6,3,1,60.0,55.0,60.0,65.0,65.0,60.0,70.0,60.0,50.0,45.0,2,2,1,2,1,1,2,1,2,1,2,2,1,2,2,2,1,2,1,2,2,1,1,1,2,2,1,1,1,2,1,2,2,2,2,1,2,1,2,2
201,4,4,4,5,5,5,5,4,1,2,,30.0,,1.0,,,,4.0,3.0,5.0,,6.0,,,2.0,,2.0,,,,2.0,4.0,5.0,,,,,18.0,,2.0,,6.0,,,1.0,,4.0,1.0,1.0,1.0,1.0,1.0,1.0,1.0,1.0,1.0,1.0,,,,,,,6,3,3,3,3,5,6,6,3,2,60.0,55.0,60.0,70.0,75.0,65.0,80.0,60.0,40.0,35.0,2,2,1,2,2,2,1,1,1,1,1,2,1,2,1,2,2,2,2,2,1,1,2,1,2,1,2,1,2,1,2,1,1,1,2,2,1,2,1,2
194,4,4,4,4,4,4,5,4,2,2,,30.0,,1.0,3.0,4.0,6.0,,,,,5.0,,,2.0,,2.0,,,,,,,1.0,4.0,6.0,,20.0,,2.0,,7.0,,1.0,,,4.0,,,,,,,,,,,1.0,1.0,1.0,1.0,1.0,1.0,6,3,3,3,2,4,6,5,3,2,60.0,55.0,50.0,60.0,65.0,60.0,70.0,55.0,40.0,35.0,2,2,2,2,2,1,2,2,2,2,1,2,1,2,2,1,2,2,2,1,2,2,1,1,2,2,2,1,2,2,1,1,2,1,1,2,1,1,2,1
1772,4,4,4,5,5,5,5,4,2,2,,30.0,4.0,,,,,3.0,4.0,3.0,,5.0,1.0,45.0,,,2.0,2.0,4.0,5.0,,,,,,,,20.0,1.0,,,7.0,,,2.0,,4.0,,,,,,,,,,,1.0,1.0,1.0,1.0,1.0,1.0,6,3,4,3,2,5,6,5,3,2,60.0,55.0,60.0,70.0,70.0,65.0,80.0,60.0,40.0,35.0,2,2,2,2,1,1,2,2,2,2,2,1,1,2,1,2,2,1,2,1,2,2,1,2,2,2,2,2,2,2,2,2,2,1,1,2,2,2,1,2
1388,4,4,4,2,2,2,2,2,1,1,,30.0,,1.0,,,,3.0,4.0,5.0,5.0,,,,2.0,,2.0,,,,,,,1.0,2.0,4.0,20.0,,2.0,,,9.0,,,2.0,,1.0,,,,,,,,,,,1.0,1.0,1.0,1.0,1.0,1.0,6,2,2,2,2,5,6,6,1,2,40.0,35.0,30.0,20.0,20.0,20.0,20.0,20.0,60.0,60.0,1,2,2,2,1,2,2,2,1,2,2,2,2,1,2,1,2,2,2,2,1,1,2,2,1,1,2,2,1,2,2,1,2,1,1,2,1,1,2,2
1601,2,3,2,2,2,2,4,2,4,2,,30.0,,1.0,,,,3.0,4.0,2.0,5.0,,,,2.0,,2.0,,,,,,,1.0,4.0,4.0,,,,2.0,,,2.0,1.0,,4.0,,1.0,1.0,1.0,1.0,1.0,1.0,1.0,1.0,1.0,1.0,,,,,,,6,3,3,3,2,5,6,6,2,2,45.0,38.0,40.0,35.0,40.0,35.0,45.0,30.0,50.0,30.0,2,2,2,2,1,2,2,1,2,1,2,2,2,1,2,1,2,1,2,1,1,1,2,1,2,1,2,2,2,2,1,2,2,2,2,2,2,2,1,1
1594,2,3,2,2,3,2,4,2,4,3,70.0,,1.0,,,,,3.0,4.0,2.0,,5.0,,,2.0,1.0,,,,,1.0,3.0,4.0,,,,2.0,,,2.0,,,3.0,,1.0,3.0,,,,,,,,,,,,1.0,1.0,1.0,1.0,1.0,1.0,6,3,4,3,2,5,6,5,2,2,45.0,38.0,40.0,35.0,40.0,30.0,50.0,35.0,60.0,40.0,2,2,1,2,2,1,2,1,2,1,2,2,1,1,2,1,1,2,1,2,2,1,2,1,1,1,1,2,2,1,1,1,1,1,2,2,1,2,1,1
854,4,5,4,5,5,4,5,5,2,2,,30.0,,1.0,,,,3.0,4.0,5.0,,5.0,,,2.0,,2.0,,,,,,,2.0,4.0,4.0,5.0,,,2.0,,5.0,,,2.0,,4.0,1.0,1.0,1.0,1.0,1.0,1.0,1.0,1.0,1.0,1.0,,,,,,,6,2,2,2,3,5,6,6,3,2,60.0,55.0,60.0,65.0,70.0,60.0,75.0,65.0,40.0,35.0,1,1,1,2,1,2,2,1,2,1,2,1,2,2,2,1,1,2,2,2,1,1,2,2,2,2,2,1,2,2,2,2,1,1,2,1,2,2,2,1
927,2,2,2,2,2,2,2,2,1,2,70.0,,1.0,,3.0,4.0,6.0,,,,5.0,,1.0,30.0,,,2.0,,,,,,,1.0,4.0,5.0,18.0,,1.0,,,7.0,,,1.0,,4.0,,,,,,,,,,,1.0,1.0,1.0,1.0,1.0,1.0,6,2,2,2,2,5,6,6,2,2,40.0,35.0,30.0,25.0,30.0,25.0,40.0,30.0,60.0,40.0,1,1,2,1,2,2,1,1,1,1,2,2,1,2,2,1,2,1,2,2,1,1,1,1,2,1,1,2,2,2,2,1,2,2,1,2,2,2,2,1
155,2,4,3,2,3,2,4,2,4,2,,30.0,,1.0,3.0,4.0,6.0,,,,5.0,,,,2.0,1.0,,2.0,4.0,4.0,,,,,,,20.0,,,2.0,,6.0,,1.0,,4.0,,,,,,,,,,,,1.0,1.0,1.0,1.0,1.0,1.0,6,2,2,2,2,4,6,6,3,2,60.0,55.0,50.0,40.0,50.0,45.0,60.0,40.0,55.0,35.0,1,1,1,1,1,1,2,1,2,2,2,2,1,1,2,1,2,2,2,2,2,2,2,1,2,1,1,2,2,1,2,1,2,1,2,1,2,2,2,2
749,2,2,2,1,2,2,2,2,1,1,,30.0,,1.0,3.0,3.0,6.0,,,,,5.0,,,2.0,,2.0,1.0,2.0,2.0,,,,,,,,,,2.0,,10.0,,,2.0,,2.0,1.0,1.0,1.0,1.0,1.0,1.0,1.0,1.0,1.0,1.0,,,,,,,6,2,2,2,2,5,6,6,1,1,30.0,25.0,25.0,20.0,25.0,25.0,25.0,25.0,30.0,20.0,1,2,1,2,1,2,1,2,2,2,2,1,2,2,2,1,2,2,1,1,2,1,1,1,2,2,2,1,1,2,2,1,2,1,2,2,1,1,1,2
1555,4,4,4,4,4,4,4,4,2,2,70.0,,4.0,,3.0,3.0,6.0,,,,,5.0,1.0,54.0,,1.0,,2.0,4.0,4.0,,,,,,,20.0,,,2.0,,,3.0,1.0,,4.0,,1.0,1.0,1.0,1.0,1.0,1.0,1.0,1.0,1.0,1.0,,,,,,,6,2,3,3,2,5,6,6,3,1,60.0,55.0,58.0,65.0,68.0,62.0,70.0,60.0,40.0,45.0,2,2,1,2,1,2,2,2,2,1,2,2,2,2,2,1,2,2,2,2,1,2,2,2,2,2,2,2,2,2,2,2,2,2,2,2,2,1,1,2
1426,4,4,4,4,4,4,5,4,2,3,,30.0,,1.0,,,,3.0,4.0,4.0,5.0,,,,2.0,,2.0,1.0,4.0,4.0,,,,,,,20.0,,,2.0,,,3.0,,1.0,4.0,,1.0,1.0,1.0,1.0,1.0,1.0,1.0,1.0,1.0,1.0,,,,,,,6,3,3,3,2,5,6,6,3,2,60.0,55.0,58.0,62.0,65.0,60.0,70.0,55.0,45.0,50.0,1,1,2,1,1,2,2,1,2,2,1,1,1,1,2,1,2,2,1,2,1,2,1,2,1,2,2,2,2,2,1,2,2,2,1,1,1,1,1,1
1349,2,3,2,2,2,2,5,2,4,4,70.0,,,1.0,2.0,3.0,6.0,,,,5.0,,1.0,30.0,,1.0,,1.0,2.0,2.0,,,,,,,,,,2.0,,,1.0,,1.0,2.0,,1.0,1.0,1.0,1.0,1.0,1.0,1.0,1.0,1.0,1.0,,,,,,,6,2,2,2,2,5,6,6,1,1,30.0,25.0,20.0,20.0,20.0,20.0,30.0,20.0,60.0,60.0,2,2,2,2,1,2,1,2,1,2,2,2,2,2,2,2,2,1,1,1,1,2,1,2,1,2,2,2,2,2,2,1,2,2,1,2,1,2,2,1
821,4,4,4,4,4,4,5,4,2,2,,30.0,,1.0,,,,4.0,4.0,3.0,,5.0,1.0,30.0,,1.0,,,,,2.0,4.0,4.0,,,,18.0,,,2.0,4.0,,,1.0,,,4.0,1.0,1.0,1.0,1.0,1.0,1.0,1.0,1.0,1.0,1.0,,,,,,,6,3,2,2,2,5,6,6,3,1,60.0,55.0,60.0,65.0,65.0,60.0,70.0,60.0,40.0,40.0,2,1,2,2,1,2,2,1,1,1,1,1,1,2,1,2,1,1,1,1,2,2,1,1,1,1,2,1,2,2,1,1,2,2,1,2,1,1,2,2
952,5,5,5,5,5,5,5,5,2,2,70.0,,4.0,,3.0,4.0,6.0,,,,,5.0,1.0,54.0,,1.0,,,,,,,,3.0,4.0,5.0,,18.0,1.0,,,6.0,,,2.0,5.0,,1.0,1.0,1.0,1.0,1.0,1.0,1.0,1.0,1.0,1.0,,,,,,,6,3,2,3,2,5,6,6,3,1,60.0,55.0,60.0,70.0,75.0,65.0,80.0,60.0,50.0,45.0,1,1,1,2,2,2,2,1,1,1,2,2,1,1,2,1,1,1,1,1,2,1,2,2,2,1,2,1,2,1,2,2,2,1,2,1,2,2,2,1
120,2,3,2,2,2,2,4,2,4,2,70.0,,,1.0,,,,3.0,4.0,3.0,,5.0,,,2.0,,2.0,1.0,2.0,3.0,,,,,,,,,2.0,,3.0,,,,1.0,,3.0,1.0,1.0,1.0,1.0,1.0,1.0,1.0,1.0,1.0,1.0,,,,,,,6,2,2,2,2,4,6,6,2,1,30.0,25.0,25.0,30.0,30.0,20.0,40.0,20.0,60.0,30.0,1,2,1,2,1,2,1,2,1,2,1,2,1,1,1,2,2,1,2,2,1,2,1,1,2,1,2,1,1,2,2,2,2,2,2,1,1,1,2,2
1520,4,4,4,3,4,3,4,3,2,2,70.0,,4.0,,3.0,4.0,5.0,,,,5.0,,1.0,54.0,,,2.0,,,,1.0,4.0,4.0,,,,,18.0,,2.0,,,3.0,1.0,,,4.0,1.0,1.0,1.0,1.0,1.0,1.0,1.0,1.0,1.0,1.0,,,,,,,6,3,2,3,3,5,6,5,3,2,54.0,48.0,51.0,56.0,60.0,52.0,65.0,49.0,58.0,44.0,1,2,1,1,2,1,1,1,1,2,2,1,2,2,1,2,1,2,1,1,1,2,2,1,1,2,2,1,2,2,1,1,2,2,1,1,1,1,2,2
1453,2,3,2,2,3,2,4,2,4,3,,30.0,,1.0,3.0,4.0,5.0,,,,,5.0,,,2.0,1.0,,1.0,2.0,3.0,,,,,,,,,,2.0,,,1.0,1.0,,3.0,,,,,,,,,,,,1.0,1.0,1.0,1.0,1.0,1.0,6,2,2,2,3,5,6,6,2,1,40.0,35.0,30.0,30.0,35.0,30.0,40.0,30.0,50.0,35.0,2,1,2,2,2,2,2,2,1,2,1,2,1,1,1,2,1,2,1,1,2,2,2,2,2,2,2,2,2,1,2,1,2,2,2,1,2,2,1,2
1969,5,5,5,5,5,5,5,5,1,1,70.0,,4.0,,,,,3.0,4.0,3.0,5.0,,,,2.0,,2.0,,,,2.0,5.0,6.0,,,,20.0,,1.0,,,6.0,,1.0,,,5.0,,,,,,,,,,,1.0,1.0,1.0,1.0,1.0,1.0,6,2,2,2,2,4,6,6,3,2,60.0,55.0,60.0,70.0,70.0,65.0,80.0,60.0,40.0,35.0,2,1,2,2,2,2,2,1,1,1,2,1,2,1,1,2,2,1,1,2,1,1,2,1,2,2,2,1,2,2,1,2,2,2,1,2,2,2,2,1
2007,4,4,4,4,4,4,4,4,2,3,70.0,,,1.0,3.0,4.0,5.0,,,,,5.0,1.0,54.0,,1.0,,3.0,3.0,4.0,,,,,,,,10.0,1.0,,,,1.0,1.0,,4.0,,1.0,1.0,1.0,1.0,1.0,1.0,1.0,1.0,1.0,1.0,,,,,,,6,3,3,3,3,4,5,5,3,2,60.0,55.0,60.0,65.0,65.0,60.0,70.0,60.0,40.0,45.0,2,2,2,1,1,1,2,1,2,1,2,2,1,1,1,2,2,1,1,1,2,1,1,1,2,2,2,1,1,2,2,2,2,1,2,1,1,2,1,1
993,4,4,4,5,5,5,5,5,2,2,70.0,,,1.0,3.0,4.0,6.0,,,,,5.0,,,2.0,1.0,,2.0,4.0,5.0,,,,,,,,16.0,,2.0,,,3.0,1.0,,,4.0,,,,,,,,,,,1.0,1.0,1.0,1.0,1.0,1.0,6,3,4,3,3,5,6,5,3,2,62.0,55.0,58.0,68.0,70.0,65.0,80.0,60.0,45.0,40.0,2,2,2,2,1,2,2,2,2,2,2,2,2,2,2,2,2,1,2,2,1,2,2,1,2,1,1,1,2,1,1,2,1,2,2,1,1,2,1,2
76,2,2,2,2,2,2,2,2,1,1,,30.0,1.0,,,,,3.0,4.0,5.0,3.0,,,,2.0,1.0,,,,,,,,1.0,2.0,2.0,,,,2.0,,6.0,,1.0,,2.0,,1.0,1.0,1.0,1.0,1.0,1.0,1.0,1.0,1.0,1.0,,,,,,,6,2,2,2,2,5,6,6,1,1,20.0,15.0,15.0,10.0,10.0,10.0,10.0,10.0,40.0,40.0,2,1,1,1,1,2,2,1,2,2,2,2,2,1,1,1,2,2,2,2,2,2,1,2,1,1,2,2,1,2,1,2,2,2,2,2,2,2,2,2
468,2,3,2,2,2,2,2,2,1,1,70.0,,1.0,,,,,3.0,4.0,3.0,,5.0,1.0,54.0,,1.0,,,,,,,,1.0,2.0,4.0,,,,2.0,3.0,,,1.0,,2.0,,1.0,1.0,1.0,1.0,1.0,1.0,1.0,1.0,1.0,1.0,,,,,,,6,3,2,2,2,5,6,6,3,2,40.0,35.0,30.0,30.0,30.0,25.0,40.0,25.0,60.0,50.0,2,2,1,2,1,2,2,2,1,2,2,1,1,2,1,1,1,1,1,2,1,1,2,1,2,1,1,2,1,1,2,1,1,2,2,2,1,2,1,1
307,2,2,2,1,2,2,4,2,4,2,,30.0,,2.0,,,,3.0,4.0,3.0,,5.0,1.0,40.0,,1.0,,,,,1.0,2.0,4.0,,,,18.0,,1.0,,,,1.0,,1.0,,3.0,1.0,1.0,1.0,1.0,1.0,1.0,1.0,1.0,1.0,1.0,,,,,,,6,2,3,3,2,5,6,5,2,2,40.0,35.0,30.0,25.0,30.0,25.0,40.0,20.0,50.0,20.0,1,1,2,1,1,1,2,2,1,1,2,2,1,1,2,1,2,2,1,1,2,1,1,1,1,2,1,1,1,2,1,1,1,1,2,2,1,2,1,2
274,2,3,2,1,2,2,2,2,4,3,,30.0,1.0,,2.0,3.0,6.0,,,,5.0,,1.0,30.0,,,2.0,,,,,,,1.0,2.0,2.0,,,,2.0,,7.0,,,2.0,3.0,,1.0,1.0,1.0,1.0,1.0,1.0,1.0,1.0,1.0,1.0,,,,,,,6,2,2,2,2,5,6,6,2,1,30.0,25.0,25.0,20.0,25.0,25.0,25.0,25.0,40.0,30.0,2,1,2,1,1,2,2,1,1,2,1,1,2,2,1,2,1,2,2,1,2,1,1,2,1,1,1,2,1,2,2,2,2,1,2,2,1,2,2,1
1068,2,3,2,2,2,2,2,2,1,1,70.0,,1.0,,2.0,3.0,6.0,,,,,5.0,1.0,30.0,,1.0,,,,,1.0,2.0,2.0,,,,,,,2.0,3.0,,,1.0,,,2.0,1.0,1.0,1.0,1.0,1.0,1.0,1.0,1.0,1.0,1.0,,,,,,,6,2,2,2,2,5,6,6,1,2,30.0,25.0,20.0,20.0,20.0,20.0,20.0,20.0,40.0,40.0,2,2,2,2,2,2,2,2,2,2,2,2,2,2,2,2,2,2,2,2,2,2,2,2,2,2,2,2,2,2,2,2,2,2,2,2,2,2,2,2
1492,5,5,5,5,5,5,5,5,2,2,,30.0,4.0,,,,,3.0,4.0,5.0,,5.0,,,2.0,1.0,,4.0,4.0,4.0,,,,,,,,20.0,,2.0,3.0,,,1.0,,4.0,,,,,,,,,,,,1.0,1.0,1.0,1.0,1.0,1.0,6,2,2,2,2,5,6,6,3,2,60.0,55.0,50.0,65.0,60.0,60.0,70.0,55.0,40.0,35.0,1,2,1,2,1,1,1,1,2,2,2,1,1,2,1,2,1,2,2,2,1,1,2,2,1,2,1,2,2,1,1,2,2,1,1,2,1,2,1,2
1707,4,4,4,4,4,4,4,4,2,2,70.0,,4.0,,,,,3.0,4.0,5.0,,5.0,,,2.0,,2.0,3.0,4.0,5.0,,,,,,,,18.0,1.0,,,,3.0,1.0,,,4.0,1.0,1.0,1.0,1.0,1.0,1.0,1.0,1.0,1.0,1.0,,,,,,,6,3,3,3,2,5,6,6,3,2,62.0,54.0,58.0,66.0,68.0,60.0,70.0,55.0,48.0,44.0,1,1,2,1,1,2,1,2,2,2,1,1,1,2,2,1,2,1,1,1,2,1,1,2,1,1,2,2,2,2,1,2,1,1,2,2,2,1,2,1
1674,5,4,4,4,5,4,5,4,1,2,70.0,,,1.0,,,,3.0,4.0,3.0,,5.0,,,2.0,1.0,,,,,,,,1.0,4.0,5.0,,,1.0,,3.0,,,1.0,,,4.0,,,,,,,,,,,1.0,1.0,1.0,1.0,1.0,1.0,6,2,2,2,2,5,6,6,3,2,60.0,55.0,50.0,60.0,65.0,60.0,70.0,55.0,45.0,40.0,2,1,1,1,1,2,2,2,2,2,2,2,1,1,1,2,1,2,1,1,1,1,2,2,2,1,2,1,1,2,2,1,1,1,1,2,2,2,2,2
736,5,4,4,4,4,4,5,4,1,2,70.0,,4.0,,2.0,3.0,5.0,,,,,5.0,,,2.0,,2.0,,,,,,,1.0,4.0,5.0,,,,2.0,3.0,,,,1.0,,4.0,1.0,1.0,1.0,1.0,1.0,1.0,1.0,1.0,1.0,1.0,,,,,,,6,3,2,2,2,5,6,6,3,1,60.0,55.0,55.0,60.0,60.0,60.0,65.0,60.0,40.0,40.0,1,2,1,2,1,1,1,2,2,2,2,1,1,1,2,1,1,1,2,1,1,2,2,1,2,2,2,1,1,1,2,1,2,1,1,1,2,1,1,2
645,2,3,2,2,2,2,2,2,4,4,70.0,,,1.0,3.0,4.0,5.0,,,,,5.0,1.0,35.0,,,2.0,,,,,,,1.0,4.0,5.0,,,,2.0,,6.0,,,1.0,,4.0,1.0,1.0,1.0,1.0,1.0,1.0,1.0,1.0,1.0,1.0,,,,,,,6,2,3,3,2,5,6,6,2,1,40.0,35.0,30.0,30.0,30.0,25.0,30.0,20.0,40.0,35.0,2,2,2,1,1,2,1,1,2,1,2,1,1,1,2,2,1,2,2,2,2,2,2,1,2,2,2,1,2,2,2,2,1,2,1,2,1,2,1,2
1336,2,2,2,2,2,2,2,2,1,2,70.0,,,1.0,3.0,3.0,6.0,,,,5.0,,1.0,25.0,,,2.0,,,,,,,1.0,2.0,3.0,,,,2.0,,,1.0,1.0,,3.0,,,,,,,,,,,,1.0,1.0,1.0,1.0,1.0,1.0,6,2,2,2,2,5,6,6,1,1,30.0,25.0,20.0,20.0,20.0,20.0,20.0,20.0,40.0,20.0,2,2,2,2,2,1,2,2,1,2,2,1,2,1,1,1,2,2,2,1,2,1,2,2,1,1,2,2,1,1,2,2,1,2,2,2,2,2,2,2
1245,4,4,4,3,4,4,4,4,2,2,70.0,,4.0,,,,,3.0,4.0,5.0,5.0,,,,2.0,,2.0,,,,,,,2.0,4.0,5.0,18.0,,,2.0,,,3.0,1.0,,,4.0,1.0,1.0,1.0,1.0,1.0,1.0,1.0,1.0,1.0,1.0,,,,,,,6,3,4,4,3,5,6,6,3,2,54.0,48.0,51.0,56.0,59.0,53.0,62.0,49.0,44.0,41.0,1,2,2,1,2,2,2,2,2,1,2,2,2,2,2,2,1,1,1,1,2,2,1,2,2,2,1,2,2,2,1,1,1,1,2,2,1,1,2,1
1459,5,5,5,5,5,5,5,5,2,2,,30.0,4.0,,3.0,4.0,5.0,,,,5.0,,1.0,40.0,,1.0,,4.0,5.0,5.0,,,,,,,,20.0,,2.0,,,3.0,,2.0,5.0,,,,,,,,,,,,1.0,1.0,1.0,1.0,1.0,1.0,6,3,3,3,3,5,6,6,3,2,60.0,55.0,60.0,70.0,70.0,65.0,80.0,60.0,40.0,35.0,2,1,2,2,1,2,2,2,2,2,2,1,2,1,2,2,1,2,2,1,2,2,1,2,2,1,2,1,1,1,1,2,1,1,1,2,2,2,1,1
958,4,4,4,4,4,4,5,4,2,2,70.0,,,1.0,,,,4.0,4.0,3.0,5.0,,1.0,54.0,,1.0,,,,,,,,1.0,4.0,5.0,,15.0,,2.0,,,3.0,,2.0,4.0,,,,,,,,,,,,1.0,1.0,1.0,1.0,1.0,1.0,6,3,3,3,3,5,6,6,3,2,60.0,55.0,60.0,65.0,70.0,60.0,80.0,65.0,40.0,35.0,2,2,2,2,2,2,2,2,2,2,2,2,1,2,2,1,1,1,1,2,1,2,2,1,1,1,2,1,1,2,2,2,2,2,1,1,2,2,1,2
511,4,4,4,4,4,4,5,4,2,2,70.0,,4.0,,,,,4.0,4.0,3.0,5.0,,1.0,50.0,,,2.0,,,,2.0,4.0,5.0,,,,,,,2.0,,,3.0,1.0,,4.0,,,,,,,,,,,,1.0,1.0,1.0,1.0,1.0,1.0,6,3,4,3,2,5,6,5,3,2,60.0,55.0,50.0,60.0,65.0,60.0,70.0,55.0,40.0,35.0,1,2,2,1,1,1,1,2,1,1,1,2,2,2,2,1,1,2,2,1,1,1,1,1,1,1,1,1,2,1,2,2,2,2,2,1,1,1,1,2
462,2,3,2,2,2,2,2,2,1,1,70.0,,,1.0,2.0,3.0,6.0,,,,,5.0,1.0,30.0,,1.0,,,,,,,,1.0,2.0,3.0,,,,2.0,3.0,,,1.0,,3.0,,1.0,1.0,1.0,1.0,1.0,1.0,1.0,1.0,1.0,1.0,,,,,,,6,3,2,2,3,4,6,6,1,1,30.0,25.0,20.0,20.0,20.0,20.0,20.0,20.0,40.0,40.0,2,1,2,1,2,1,2,1,1,2,1,1,1,1,1,2,1,1,2,1,1,2,1,2,2,1,1,1,2,1,2,1,2,2,2,2,1,2,1,2
684,5,5,5,5,5,5,5,5,1,1,70.0,,4.0,,,,,4.0,4.0,3.0,,5.0,,,2.0,1.0,,,,,,,,4.0,5.0,6.0,,,1.0,,,,3.0,,2.0,5.0,,1.0,1.0,1.0,1.0,1.0,1.0,1.0,1.0,1.0,1.0,,,,,,,6,3,2,2,2,5,6,6,3,2,62.0,55.0,60.0,68.0,70.0,65.0,80.0,60.0,40.0,35.0,2,2,2,2,2,2,2,2,1,2,2,2,2,2,2,2,2,2,2,2,2,2,2,2,2,2,2,2,2,2,1,2,1,2,2,1,2,1,1,2
1498,2,3,2,2,3,2,4,2,4,3,70.0,,1.0,,3.0,4.0,6.0,,,,,5.0,1.0,25.0,,1.0,,2.0,4.0,4.0,,,,,,,,,2.0,,,,1.0,1.0,,3.0,,1.0,1.0,1.0,1.0,1.0,1.0,1.0,1.0,1.0,1.0,,,,,,,6,2,3,3,3,5,6,6,2,1,40.0,35.0,30.0,30.0,35.0,30.0,40.0,25.0,50.0,30.0,2,1,2,2,2,2,2,2,2,1,2,2,2,1,2,2,2,1,2,1,2,2,2,2,1,2,2,1,2,2,2,2,2,2,2,2,2,2,2,2
1111,5,5,5,5,5,5,5,5,1,1,70.0,,4.0,,3.0,4.0,6.0,,,,,6.0,1.0,54.0,,1.0,,,,,,,,4.0,5.0,6.0,,20.0,1.0,,7.0,,,,2.0,,5.0,,,,,,,,,,,1.0,1.0,1.0,1.0,1.0,1.0,6,2,2,2,2,5,6,6,4,2,68.0,60.0,65.0,75.0,80.0,70.0,85.0,60.0,40.0,35.0,1,2,2,2,1,2,2,2,1,1,2,2,1,1,1,2,2,2,1,2,2,1,1,1,2,2,2,1,2,2,1,1,2,2,2,2,1,1,2,2
1062,2,3,2,2,2,2,4,2,4,2,70.0,,,1.0,3.0,4.0,6.0,,,,,5.0,,,2.0,1.0,,,,,1.0,2.0,3.0,,,,,,,2.0,3.0,,,1.0,,3.0,,,,,,,,,,,,1.0,1.0,1.0,1.0,1.0,1.0,6,2,2,2,2,4,6,6,2,2,40.0,30.0,30.0,30.0,30.0,30.0,40.0,30.0,40.0,30.0,2,2,2,2,2,2,2,1,1,2,2,2,2,1,1,2,2,2,2,1,2,1,2,2,2,2,1,1,2,2,2,1,2,1,1,2,1,2,1,1
1284,5,5,5,5,5,5,5,5,1,1,,30.0,4.0,,,,,3.0,4.0,2.0,,6.0,,,2.0,,2.0,,,,2.0,5.0,6.0,,,,,,,2.0,5.0,,,,2.0,5.0,,,,,,,,,,,,1.0,1.0,1.0,1.0,1.0,1.0,6,3,3,3,2,5,6,6,4,2,65.0,60.0,65.0,75.0,80.0,70.0,85.0,70.0,30.0,35.0,2,2,1,2,1,2,1,2,1,2,2,2,1,2,1,2,1,1,2,1,2,1,2,2,1,1,2,1,1,1,1,1,2,1,1,2,1,1,2,2
1810,4,4,4,4,4,4,5,4,2,2,,30.0,,1.0,,,,4.0,4.0,3.0,5.0,,1.0,54.0,,,2.0,2.0,4.0,5.0,,,,,,,16.0,,1.0,,5.0,,,,1.0,,5.0,,,,,,,,,,,1.0,1.0,1.0,1.0,1.0,1.0,6,3,3,3,3,5,6,6,3,2,60.0,55.0,60.0,65.0,65.0,60.0,70.0,60.0,40.0,35.0,1,2,2,1,1,2,2,2,1,2,2,1,1,1,1,1,2,1,1,2,2,1,1,2,1,2,1,1,2,1,2,1,2,1,2,1,1,2,2,1
1963,5,5,5,5,5,5,5,5,2,2,70.0,,,1.0,,,,3.0,4.0,2.0,,5.0,1.0,40.0,,1.0,,,,,,,,4.0,4.0,5.0,,20.0,1.0,,4.0,,,1.0,,,4.0,1.0,1.0,1.0,1.0,1.0,1.0,1.0,1.0,1.0,1.0,,,,,,,6,3,3,3,3,5,6,6,3,2,60.0,55.0,60.0,70.0,75.0,65.0,80.0,60.0,40.0,35.0,2,2,2,1,2,2,2,2,2,2,2,1,1,1,2,1,2,1,2,1,1,2,2,2,2,2,2,2,2,1,2,1,2,2,2,1,1,2,1,1
999,2,2,2,2,2,2,4,2,4,2,70.0,,1.0,,2.0,2.0,6.0,,,,5.0,,,,2.0,1.0,,1.0,2.0,2.0,,,,,,,,,,2.0,3.0,,,1.0,,,2.0,,,,,,,,,,,1.0,1.0,1.0,1.0,1.0,1.0,6,2,2,2,2,5,6,6,2,1,40.0,35.0,30.0,30.0,35.0,30.0,40.0,30.0,60.0,50.0,2,2,2,2,2,2,2,2,2,2,2,2,2,2,2,2,2,2,2,2,2,2,2,2,2,2,2,2,2,2,2,2,2,2,2,2,2,2,2,2
782,5,4,4,5,5,5,5,5,2,2,,30.0,4.0,,,,,3.0,4.0,3.0,,6.0,,,2.0,1.0,,,,,2.0,4.0,5.0,,,,,16.0,,2.0,,,2.0,1.0,,4.0,,1.0,1.0,1.0,1.0,1.0,1.0,1.0,1.0,1.0,1.0,,,,,,,6,3,3,3,2,5,6,6,3,1,65.0,55.0,60.0,70.0,68.0,65.0,75.0,60.0,40.0,45.0,1,1,1,2,1,2,2,2,2,1,2,2,2,1,2,1,1,1,1,2,1,1,1,2,2,2,1,1,2,1,2,1,2,1,1,1,2,2,1,1
378,5,5,5,5,5,5,5,5,2,2,70.0,,,1.0,,,,3.0,4.0,3.0,,6.0,,,2.0,,2.0,,,,2.0,5.0,6.0,,,,,20.0,,2.0,,6.0,,1.0,,4.0,,1.0,1.0,1.0,1.0,1.0,1.0,1.0,1.0,1.0,1.0,,,,,,,6,3,2,2,2,5,6,6,3,2,62.0,55.0,60.0,70.0,68.0,65.0,80.0,60.0,55.0,50.0,2,1,1,2,1,2,2,1,2,1,2,1,1,2,1,1,2,2,2,1,2,2,1,2,1,1,2,2,1,2,1,1,2,1,2,2,1,1,2,1
564,5,4,5,5,5,5,5,5,2,2,,30.0,,1.0,3.0,4.0,6.0,,,,,6.0,,,2.0,1.0,,2.0,4.0,5.0,,,,,,,,,1.0,,4.0,,,,1.0,,5.0,1.0,1.0,1.0,1.0,1.0,1.0,1.0,1.0,1.0,1.0,,,,,,,6,3,4,3,3,5,6,6,3,1,60.0,55.0,60.0,70.0,75.0,70.0,80.0,65.0,40.0,45.0,1,2,1,2,2,1,2,1,1,2,2,2,1,2,1,2,1,2,2,2,2,2,1,1,1,2,2,2,2,1,1,2,2,2,2,2,1,2,2,1
417,5,5,5,5,5,5,5,5,2,2,,30.0,,2.0,3.0,4.0,6.0,,,,,5.0,,,2.0,,2.0,,,,,,,2.0,4.0,5.0,,,1.0,,,7.0,,,2.0,,5.0,1.0,1.0,1.0,1.0,1.0,1.0,1.0,1.0,1.0,1.0,,,,,,,6,3,3,3,3,5,6,6,3,2,65.0,60.0,62.0,70.0,75.0,65.0,80.0,60.0,55.0,40.0,2,2,1,2,2,2,2,2,2,2,2,1,1,2,1,1,2,1,2,1,1,1,2,1,1,2,2,2,2,2,2,2,1,1,2,1,1,1,2,1
1382,4,4,4,5,5,5,5,5,2,2,70.0,,,2.0,3.0,4.0,6.0,,,,5.0,,,,2.0,1.0,,2.0,4.0,4.0,,,,,,,,,,2.0,5.0,,,,1.0,4.0,,,,,,,,,,,,1.0,1.0,1.0,1.0,1.0,1.0,6,3,4,3,2,5,6,5,3,2,62.0,55.0,58.0,67.0,70.0,60.0,75.0,65.0,40.0,38.0,2,2,1,2,1,2,1,2,1,2,2,2,2,2,1,2,2,1,2,2,1,2,1,1,2,2,2,2,2,2,2,2,2,1,2,2,2,2,2,2
1778,4,4,4,4,4,4,5,4,2,2,70.0,,4.0,,,,,3.0,4.0,5.0,,5.0,,,2.0,,2.0,,,,2.0,4.0,5.0,,,,18.0,,,2.0,5.0,,,,2.0,4.0,,1.0,1.0,1.0,1.0,1.0,1.0,1.0,1.0,1.0,1.0,,,,,,,6,3,2,3,3,5,6,6,3,2,62.0,54.0,58.0,66.0,68.0,60.0,74.0,59.0,44.0,41.0,2,1,1,2,2,2,2,2,2,2,1,1,1,2,2,2,2,1,2,2,1,2,2,1,2,2,2,2,2,2,2,1,1,1,2,2,2,1,2,1
1164,5,5,5,5,5,5,5,5,1,1,,30.0,4.0,,,,,4.0,4.0,3.0,6.0,,1.0,54.0,,,2.0,1.0,5.0,6.0,,,,,,,,,1.0,,,7.0,,,2.0,5.0,,,,,,,,,,,,1.0,1.0,1.0,1.0,1.0,1.0,6,3,2,2,2,5,6,6,3,2,65.0,60.0,60.0,70.0,70.0,65.0,80.0,60.0,40.0,35.0,2,2,2,2,2,2,2,2,2,1,1,2,2,2,2,2,2,2,2,2,1,2,2,1,2,2,2,1,2,2,2,1,2,2,2,1,1,2,1,2
1017,4,4,4,5,5,5,5,5,2,2,,30.0,,1.0,,,,4.0,4.0,3.0,5.0,,,,2.0,,2.0,1.0,4.0,4.0,,,,,,,20.0,,,2.0,,,1.0,1.0,,4.0,,,,,,,,,,,,1.0,1.0,1.0,1.0,1.0,1.0,6,3,3,3,3,5,6,6,3,2,60.0,55.0,60.0,70.0,70.0,65.0,75.0,60.0,40.0,35.0,2,2,2,2,2,2,2,2,2,2,2,2,1,2,2,2,2,2,2,2,2,2,2,2,2,2,1,2,2,2,2,2,1,1,2,2,2,1,2,2
1865,3,4,3,3,4,3,4,3,4,3,,30.0,,1.0,3.0,4.0,5.0,,,,,5.0,1.0,40.0,,1.0,,2.0,4.0,4.0,,,,,,,,15.0,1.0,,4.0,,,1.0,,,4.0,,,,,,,,,,,1.0,1.0,1.0,1.0,1.0,1.0,6,3,3,3,3,5,6,5,3,2,55.0,50.0,50.0,60.0,60.0,55.0,65.0,50.0,60.0,45.0,2,1,2,1,2,2,1,2,2,2,2,2,2,1,2,2,1,2,1,2,2,2,2,2,2,2,2,2,2,2,2,2,2,2,2,2,1,2,2,2
1916,2,2,2,1,2,2,2,2,1,2,70.0,,1.0,,,,,3.0,4.0,3.0,,5.0,1.0,50.0,,1.0,,,,,1.0,2.0,4.0,,,,20.0,,2.0,,,,3.0,1.0,,,2.0,1.0,1.0,1.0,1.0,1.0,1.0,1.0,1.0,1.0,1.0,,,,,,,6,2,2,2,2,5,6,6,1,2,30.0,25.0,25.0,20.0,25.0,20.0,25.0,20.0,40.0,30.0,2,1,1,1,1,2,2,1,1,1,2,2,1,2,2,2,1,2,1,1,2,2,2,1,1,2,1,2,2,1,2,2,1,1,1,2,1,2,1,2
743,2,3,2,2,2,2,5,2,4,3,,30.0,1.0,,,,,4.0,4.0,3.0,,5.0,1.0,30.0,,,2.0,,,,1.0,4.0,5.0,,,,15.0,,,2.0,,7.0,,,1.0,3.0,,,,,,,,,,,,1.0,1.0,1.0,1.0,1.0,1.0,6,3,3,3,3,5,6,6,3,2,40.0,35.0,30.0,30.0,35.0,30.0,40.0,30.0,50.0,30.0,1,2,1,2,1,2,2,1,1,2,2,1,2,2,1,1,2,2,1,2,2,1,1,1,2,2,1,1,2,2,2,1,2,2,2,2,2,1,1,1
630,5,5,5,5,5,5,5,5,1,1,,30.0,4.0,,3.0,4.0,6.0,,,,,5.0,,,2.0,,2.0,1.0,4.0,5.0,,,,,,,,,1.0,,,6.0,,1.0,,4.0,,,,,,,,,,,,1.0,1.0,1.0,1.0,1.0,1.0,6,3,2,2,2,5,6,6,3,2,65.0,60.0,60.0,70.0,70.0,65.0,80.0,60.0,40.0,30.0,2,2,1,2,2,2,2,1,2,1,2,1,1,2,2,2,1,2,2,2,1,1,2,1,1,1,1,1,2,1,1,1,2,1,2,1,2,1,1,2
1343,4,4,4,4,4,4,5,4,2,2,70.0,,4.0,,3.0,4.0,6.0,,,,,5.0,1.0,54.0,,1.0,,,,,1.0,4.0,5.0,,,,16.0,,1.0,,,,3.0,1.0,,,4.0,,,,,,,,,,,1.0,1.0,1.0,1.0,1.0,1.0,6,3,4,3,2,5,6,5,3,2,62.0,55.0,60.0,65.0,68.0,60.0,70.0,58.0,45.0,40.0,2,2,1,2,1,1,1,2,1,2,1,1,1,2,1,1,2,1,2,2,2,1,1,2,1,2,2,2,1,1,1,1,2,1,1,2,1,2,2,1
1230,5,5,5,5,5,5,5,5,2,2,,30.0,,1.0,,,,3.0,3.0,3.0,,6.0,,,2.0,1.0,,,,,3.0,4.0,5.0,,,,20.0,,1.0,,,6.0,,1.0,,,4.0,1.0,1.0,1.0,1.0,1.0,1.0,1.0,1.0,1.0,1.0,,,,,,,6,3,2,2,2,5,6,6,3,2,65.0,60.0,60.0,70.0,70.0,65.0,80.0,60.0,55.0,50.0,2,2,1,2,2,2,1,2,2,2,1,2,2,1,1,1,2,1,2,1,2,2,2,2,2,2,2,2,1,1,1,1,1,2,2,2,1,1,2,2
1152,4,4,4,4,4,4,5,4,2,3,70.0,,4.0,,3.0,3.0,6.0,,,,5.0,,1.0,54.0,,,2.0,2.0,4.0,4.0,,,,,,,,5.0,,2.0,5.0,,,,1.0,,4.0,1.0,1.0,1.0,1.0,1.0,1.0,1.0,1.0,1.0,1.0,,,,,,,6,3,3,3,3,5,6,5,3,1,60.0,55.0,58.0,62.0,65.0,60.0,70.0,55.0,50.0,48.0,2,2,1,2,1,2,1,1,2,2,2,1,1,2,2,2,2,1,1,2,2,2,2,1,1,1,2,2,2,2,2,2,2,2,1,2,2,2,2,2
1021,5,4,5,5,5,5,5,5,2,2,,30.0,,1.0,,,,3.0,4.0,2.0,,5.0,,,2.0,1.0,,1.0,4.0,4.0,,,,,,,,,1.0,,,,1.0,1.0,,4.0,,1.0,1.0,1.0,1.0,1.0,1.0,1.0,1.0,1.0,1.0,,,,,,,6,3,2,2,3,5,6,6,3,1,60.0,55.0,60.0,65.0,65.0,60.0,70.0,60.0,40.0,40.0,2,2,1,2,2,2,2,2,1,2,2,2,1,2,2,2,2,2,2,2,2,2,2,2,2,2,1,2,2,1,1,2,2,1,2,2,2,2,2,2
552,5,5,5,5,5,5,5,5,1,1,,30.0,4.0,,3.0,3.0,5.0,,,,5.0,,,,2.0,,2.0,,,,,,,1.0,4.0,6.0,,20.0,1.0,,,7.0,,,2.0,5.0,,1.0,1.0,1.0,1.0,1.0,1.0,1.0,1.0,1.0,1.0,,,,,,,6,3,2,2,2,5,6,6,3,2,65.0,60.0,65.0,80.0,85.0,80.0,90.0,70.0,30.0,35.0,2,2,2,2,2,2,2,2,2,2,2,2,2,2,2,2,2,2,2,2,2,2,2,2,2,2,2,2,2,2,2,2,2,2,2,2,2,2,2,2
421,2,3,2,2,2,2,2,2,1,2,,30.0,1.0,,3.0,4.0,6.0,,,,3.0,,,,2.0,,2.0,1.0,2.0,2.0,,,,,,,,,2.0,,,10.0,,,2.0,1.0,,1.0,1.0,1.0,1.0,1.0,1.0,1.0,1.0,1.0,1.0,,,,,,,6,2,2,2,2,5,6,6,1,1,20.0,15.0,15.0,20.0,20.0,10.0,20.0,10.0,40.0,20.0,1,1,2,1,1,2,1,2,1,2,1,2,2,1,2,1,2,2,1,2,2,1,2,2,1,2,1,2,2,2,1,2,1,2,2,1,2,2,2,1
1853,2,3,2,2,2,2,2,2,1,2,,30.0,1.0,,,,,2.0,3.0,2.0,,4.0,,,2.0,1.0,,,,,2.0,2.0,3.0,,,,20.0,,2.0,,3.0,,,1.0,,2.0,,,,,,,,,,,,1.0,1.0,1.0,1.0,1.0,1.0,6,3,2,2,2,4,6,6,2,2,30.0,25.0,20.0,20.0,20.0,20.0,20.0,20.0,30.0,20.0,1,2,2,1,1,1,2,1,2,1,2,1,1,1,2,1,1,2,1,2,1,2,2,1,2,1,2,1,1,2,2,2,1,1,1,2,2,1,1,1
1920,2,3,2,2,2,2,2,2,1,2,70.0,,,1.0,3.0,4.0,6.0,,,,3.0,,,,2.0,1.0,,,,,1.0,2.0,3.0,,,,,,,2.0,,,1.0,,2.0,,1.0,,,,,,,,,,,1.0,1.0,1.0,1.0,1.0,1.0,6,2,2,2,2,5,6,6,1,2,30.0,25.0,20.0,20.0,20.0,20.0,20.0,20.0,40.0,20.0,2,2,2,2,2,2,2,2,2,2,2,2,2,2,2,1,2,2,2,1,2,2,2,2,1,2,1,2,2,1,2,2,2,2,2,1,1,2,2,2
1193,2,3,2,2,2,2,4,2,4,3,70.0,,4.0,,,,,3.0,4.0,2.0,,5.0,,,2.0,1.0,,,,,2.0,4.0,4.0,,,,,5.0,1.0,,,,3.0,1.0,,,3.0,,,,,,,,,,,1.0,1.0,1.0,1.0,1.0,1.0,6,3,3,3,2,5,6,5,2,2,40.0,35.0,35.0,30.0,30.0,30.0,40.0,30.0,50.0,30.0,1,2,2,1,1,2,1,2,2,2,2,1,2,1,2,2,2,1,1,2,1,1,2,2,2,1,1,1,2,1,2,1,2,1,1,2,1,1,2,1
1569,2,3,2,2,2,2,2,2,4,2,,30.0,1.0,,3.0,4.0,6.0,,,,3.0,,1.0,30.0,,,2.0,1.0,2.0,2.0,,,,,,,20.0,,,2.0,,,1.0,1.0,,,2.0,1.0,1.0,1.0,1.0,1.0,1.0,1.0,1.0,1.0,1.0,,,,,,,6,2,2,2,2,4,6,6,2,1,30.0,30.0,30.0,30.0,30.0,30.0,30.0,30.0,30.0,30.0,2,2,2,2,2,2,2,2,2,2,2,2,2,2,2,2,2,2,2,2,2,2,2,2,2,2,2,2,2,2,2,2,2,2,2,2,2,2,2,2
1375,5,5,5,5,5,5,5,5,2,2,,30.0,4.0,,,,,4.0,4.0,3.0,5.0,,,,2.0,,2.0,1.0,5.0,6.0,,,,,,,,,,2.0,5.0,,,1.0,,5.0,,,,,,,,,,,,1.0,1.0,1.0,1.0,1.0,1.0,6,2,2,2,2,5,6,6,3,2,60.0,55.0,60.0,65.0,70.0,60.0,80.0,60.0,50.0,40.0,1,1,1,2,1,2,2,1,1,2,1,2,2,2,2,2,2,2,1,2,2,2,2,1,1,2,1,1,1,1,1,1,1,1,2,1,1,1,1,2
1206,2,3,2,2,3,2,4,2,4,3,70.0,,1.0,,3.0,4.0,6.0,,,,,5.0,1.0,40.0,,1.0,,,,,2.0,4.0,4.0,,,,18.0,,,2.0,,,3.0,,1.0,4.0,,1.0,1.0,1.0,1.0,1.0,1.0,1.0,1.0,1.0,1.0,,,,,,,6,3,3,3,3,5,6,6,3,2,45.0,40.0,35.0,40.0,45.0,40.0,50.0,35.0,55.0,40.0,2,2,2,2,1,1,2,2,1,2,2,2,2,2,2,2,2,1,2,2,2,2,2,2,1,1,2,2,1,1,2,1,2,1,2,2,2,2,2,1
593,4,4,4,4,4,4,5,4,2,2,,30.0,4.0,,,,,3.0,4.0,2.0,5.0,,,,2.0,1.0,,,,,2.0,4.0,5.0,,,,2.0,,1.0,,5.0,,,,1.0,,4.0,1.0,1.0,1.0,1.0,1.0,1.0,1.0,1.0,1.0,1.0,,,,,,,6,2,3,3,2,5,6,6,3,2,60.0,55.0,60.0,65.0,65.0,60.0,70.0,60.0,55.0,50.0,1,2,2,1,1,1,1,1,2,2,1,1,2,1,2,1,2,2,1,2,1,1,1,2,2,2,1,2,1,1,1,2,2,1,1,2,2,1,2,1
169,4,4,4,3,4,3,5,4,2,2,,30.0,4.0,,,,,3.0,4.0,3.0,6.0,,1.0,50.0,,,2.0,1.0,4.0,5.0,,,,,,,16.0,,,2.0,,7.0,,1.0,,,5.0,,,,,,,,,,,1.0,1.0,1.0,1.0,1.0,1.0,6,3,2,2,2,5,6,6,3,2,62.0,55.0,60.0,65.0,68.0,60.0,75.0,58.0,52.0,40.0,1,2,2,2,2,2,1,1,1,1,1,2,1,2,2,1,1,2,1,1,2,1,2,1,1,2,1,1,1,2,2,2,1,2,1,2,1,1,2,2
775,5,4,5,5,5,5,5,5,1,2,70.0,,,1.0,,,,3.0,4.0,2.0,5.0,,1.0,45.0,,,2.0,,,,,,,2.0,4.0,5.0,,18.0,,2.0,4.0,,,1.0,,4.0,,1.0,1.0,1.0,1.0,1.0,1.0,1.0,1.0,1.0,1.0,,,,,,,6,3,4,3,2,4,6,5,3,2,62.0,54.0,60.0,68.0,66.0,65.0,70.0,59.0,41.0,38.0,2,2,2,1,2,1,1,1,2,1,2,1,1,2,1,1,2,2,2,2,2,2,2,2,2,1,1,2,2,2,1,1,1,2,2,1,1,2,1,2
606,4,4,4,3,4,4,5,4,2,2,70.0,,4.0,,,,,3.0,4.0,4.0,,5.0,,,2.0,1.0,,,,,,,,2.0,4.0,5.0,5.0,,1.0,,,6.0,,1.0,,4.0,,1.0,1.0,1.0,1.0,1.0,1.0,1.0,1.0,1.0,1.0,,,,,,,6,3,3,3,3,5,6,5,3,2,62.0,54.0,58.0,51.0,60.0,56.0,68.0,59.0,49.0,47.0,1,2,1,1,2,1,2,2,2,2,1,1,2,2,1,1,2,2,2,2,1,1,2,2,2,2,2,2,2,1,2,1,1,2,1,2,1,2,2,1
868,2,2,2,1,2,1,2,1,5,5,,30.0,,1.0,,,,3.0,3.0,3.0,,5.0,,,2.0,,2.0,1.0,2.0,2.0,,,,,,,20.0,,2.0,,3.0,,,1.0,,,2.0,,,,,,,,,,,1.0,1.0,1.0,1.0,1.0,1.0,6,2,2,2,2,5,5,5,2,2,30.0,30.0,30.0,20.0,30.0,20.0,30.0,20.0,60.0,60.0,2,2,2,2,2,2,2,2,2,2,2,2,2,2,2,2,2,2,2,2,2,2,2,2,2,2,2,2,2,2,2,2,2,2,2,2,2,2,2,2
1892,5,5,5,5,5,5,5,5,2,2,,30.0,4.0,,,,,4.0,5.0,3.0,5.0,,,,2.0,1.0,,,,,,,,4.0,5.0,6.0,,20.0,1.0,,,7.0,,1.0,,5.0,,,,,,,,,,,,1.0,1.0,1.0,1.0,1.0,1.0,6,3,3,3,2,5,6,6,3,2,65.0,55.0,60.0,70.0,75.0,65.0,80.0,60.0,40.0,35.0,2,2,2,1,1,1,2,1,2,2,2,1,1,1,2,2,2,2,2,1,1,2,1,1,2,2,2,1,2,2,1,1,2,2,1,2,2,2,1,1
1689,4,4,4,4,4,4,4,4,2,2,,30.0,,1.0,,,,4.0,3.0,3.0,5.0,,1.0,50.0,,,2.0,1.0,4.0,4.0,,,,,,,5.0,,,2.0,,6.0,,1.0,,,4.0,,,,,,,,,,,1.0,1.0,1.0,1.0,1.0,1.0,6,3,4,4,3,5,6,6,3,2,60.0,55.0,50.0,60.0,65.0,55.0,70.0,60.0,40.0,35.0,1,2,1,2,1,1,1,1,1,2,1,2,1,1,1,2,2,1,1,2,1,1,1,1,1,2,2,1,1,2,1,1,2,1,2,1,1,1,1,1
1300,2,3,2,2,2,2,2,2,4,4,70.0,,1.0,,,,,3.0,4.0,4.0,5.0,,,,2.0,1.0,,,,,1.0,2.0,2.0,,,,,,2.0,,,7.0,,1.0,,,2.0,,,,,,,,,,,1.0,1.0,1.0,1.0,1.0,1.0,6,2,2,2,2,4,6,6,2,2,40.0,35.0,30.0,25.0,30.0,25.0,30.0,20.0,60.0,40.0,1,2,2,2,2,2,2,2,1,2,1,2,2,2,2,2,2,2,1,2,1,2,1,2,2,2,2,2,1,1,2,2,2,2,2,1,2,2,2,1
1273,2,3,2,2,2,2,2,2,1,1,,30.0,1.0,,,,,3.0,4.0,2.0,,5.0,1.0,30.0,,1.0,,,,,1.0,2.0,4.0,,,,,,2.0,,3.0,,,1.0,,3.0,,1.0,1.0,1.0,1.0,1.0,1.0,1.0,1.0,1.0,1.0,,,,,,,6,2,3,3,2,5,6,6,3,2,30.0,25.0,25.0,30.0,30.0,25.0,30.0,20.0,40.0,40.0,2,1,2,2,2,1,2,1,1,1,1,1,1,1,1,2,2,2,1,1,2,1,2,2,1,1,2,2,2,2,2,1,1,2,1,2,1,1,2,1
1095,4,4,4,4,4,4,4,4,2,2,,30.0,4.0,,3.0,4.0,6.0,,,,5.0,,1.0,30.0,,,2.0,,,,3.0,4.0,4.0,,,,5.0,,,2.0,3.0,,,,1.0,4.0,,1.0,1.0,1.0,1.0,1.0,1.0,1.0,1.0,1.0,1.0,,,,,,,6,3,2,2,2,5,6,6,3,2,60.0,55.0,60.0,65.0,60.0,55.0,65.0,60.0,40.0,40.0,1,2,1,1,2,1,1,2,2,1,2,1,2,2,2,2,1,2,2,2,1,2,1,2,1,2,1,1,2,2,1,2,1,1,1,1,2,1,2,1
289,2,3,2,2,2,2,2,2,4,3,70.0,,,1.0,2.0,3.0,6.0,,,,,5.0,,,2.0,,2.0,,,,1.0,2.0,3.0,,,,,,2.0,,3.0,,,,1.0,,3.0,,,,,,,,,,,1.0,1.0,1.0,1.0,1.0,1.0,6,2,2,2,2,4,6,6,2,2,40.0,35.0,30.0,30.0,30.0,30.0,30.0,30.0,40.0,30.0,2,2,2,2,1,2,1,2,2,2,2,2,2,1,2,1,2,1,2,2,2,1,2,1,2,1,2,1,1,1,2,2,1,2,2,1,2,2,2,1
700,4,4,4,4,4,4,5,4,2,2,70.0,,4.0,,3.0,4.0,6.0,,,,,5.0,,,2.0,,2.0,1.0,4.0,5.0,,,,,,,,20.0,1.0,,6.0,,,1.0,,4.0,,1.0,1.0,1.0,1.0,1.0,1.0,1.0,1.0,1.0,1.0,,,,,,,6,3,4,3,3,5,6,5,3,2,62.0,54.0,58.0,66.0,68.0,60.0,74.0,59.0,51.0,47.0,1,2,2,1,2,2,1,1,2,1,1,1,1,1,1,1,2,1,1,1,1,2,2,1,1,2,2,2,1,2,1,1,1,2,2,2,1,2,2,1
673,2,2,2,1,2,1,2,1,1,1,,30.0,,1.0,3.0,4.0,6.0,,,,5.0,,1.0,40.0,,1.0,,1.0,2.0,2.0,,,,,,,,,,2.0,,,3.0,,1.0,,2.0,,,,,,,,,,,1.0,1.0,1.0,1.0,1.0,1.0,6,2,2,3,2,5,6,6,2,2,40.0,35.0,30.0,20.0,25.0,15.0,30.0,10.0,60.0,40.0,2,2,2,2,2,1,1,1,1,2,2,2,2,2,1,2,2,2,1,1,2,2,2,2,1,2,2,2,1,2,1,2,2,1,2,1,2,1,1,2
495,4,4,4,5,5,4,5,5,2,2,70.0,,,1.0,3.0,4.0,6.0,,,,,5.0,,,2.0,1.0,,,,,,,,2.0,4.0,5.0,2.0,,,2.0,5.0,,,,1.0,4.0,,,,,,,,,,,,1.0,1.0,1.0,1.0,1.0,1.0,6,3,4,3,2,5,6,5,3,2,60.0,55.0,60.0,70.0,70.0,65.0,80.0,65.0,40.0,35.0,1,2,2,1,2,2,2,2,1,2,2,2,1,1,2,2,2,1,2,1,1,1,2,1,2,2,2,1,2,1,1,1,1,1,1,1,2,2,1,2
1994,4,4,4,4,4,4,4,4,2,2,,30.0,,1.0,3.0,3.0,6.0,,,,,5.0,1.0,40.0,,,2.0,,,,1.0,4.0,5.0,,,,,20.0,,2.0,,5.0,,1.0,,4.0,,,,,,,,,,,,1.0,1.0,1.0,1.0,1.0,1.0,6,2,3,3,2,4,6,6,3,2,60.0,55.0,60.0,65.0,65.0,60.0,70.0,60.0,40.0,35.0,2,1,2,1,2,2,1,2,1,2,2,1,2,2,1,2,2,2,1,2,1,1,2,2,2,2,1,2,2,1,2,2,2,2,1,2,1,2,2,2
1127,4,4,4,5,5,5,5,4,2,2,70.0,,,1.0,2.0,3.0,6.0,,,,,5.0,1.0,50.0,,,2.0,,,,2.0,5.0,6.0,,,,18.0,,,2.0,6.0,,,1.0,,,5.0,1.0,1.0,1.0,1.0,1.0,1.0,1.0,1.0,1.0,1.0,,,,,,,6,3,4,4,2,5,6,6,3,2,60.0,55.0,58.0,65.0,70.0,62.0,75.0,60.0,40.0,35.0,1,2,1,1,1,2,1,1,2,2,2,2,2,2,2,1,2,1,2,2,2,2,2,2,1,1,1,2,1,2,2,2,1,2,2,2,2,1,2,1
1054,4,4,4,4,4,4,5,4,2,2,,30.0,,1.0,3.0,4.0,6.0,,,,5.0,,,,2.0,1.0,,,,,2.0,4.0,6.0,,,,2.0,,1.0,,,7.0,,,2.0,4.0,,,,,,,,,,,,1.0,1.0,1.0,1.0,1.0,1.0,6,3,2,2,2,5,6,6,3,2,62.0,55.0,60.0,65.0,68.0,60.0,70.0,60.0,55.0,50.0,1,2,2,2,2,2,2,2,2,1,2,2,2,2,2,2,2,2,2,2,2,1,2,1,2,1,1,2,2,1,2,1,2,1,1,1,2,1,2,1
1648,2,2,2,1,2,2,2,2,1,2,,30.0,,1.0,,,,3.0,4.0,5.0,5.0,,,,2.0,,2.0,,,,,,,1.0,2.0,4.0,18.0,,2.0,,3.0,,,,1.0,,3.0,1.0,1.0,1.0,1.0,1.0,1.0,1.0,1.0,1.0,1.0,,,,,,,6,3,2,2,2,4,6,6,3,2,45.0,40.0,38.0,30.0,35.0,32.0,40.0,28.0,55.0,25.0,2,1,1,1,1,1,1,1,2,2,1,1,1,2,2,2,1,1,1,1,2,2,2,1,1,2,1,1,2,2,1,1,2,1,1,2,2,2,2,1
527,4,4,4,3,4,4,5,4,2,2,,30.0,,1.0,3.0,4.0,6.0,,,,,5.0,1.0,30.0,,,2.0,,,,1.0,4.0,5.0,,,,20.0,,,2.0,,7.0,,,2.0,,4.0,1.0,1.0,1.0,1.0,1.0,1.0,1.0,1.0,1.0,1.0,,,,,,,6,3,2,2,3,5,6,6,3,1,60.0,55.0,60.0,60.0,65.0,60.0,70.0,55.0,40.0,35.0,2,1,1,1,2,2,2,2,2,2,2,2,2,2,1,2,1,2,1,2,2,2,2,1,2,1,2,2,2,2,2,1,2,1,2,1,2,2,2,1
454,4,4,4,4,4,4,5,4,2,2,70.0,,,1.0,3.0,4.0,6.0,,,,,5.0,,,2.0,1.0,,2.0,4.0,5.0,,,,,,,,,1.0,,,,3.0,1.0,,4.0,,,,,,,,,,,,1.0,1.0,1.0,1.0,1.0,1.0,6,3,4,3,3,5,6,5,3,2,62.0,55.0,60.0,65.0,68.0,60.0,75.0,60.0,55.0,50.0,1,2,2,2,2,2,2,1,1,1,1,1,1,2,2,1,1,2,2,2,1,1,1,1,1,2,2,1,2,2,2,1,2,1,2,2,1,1,1,2
248,2,2,2,1,2,2,2,2,1,2,70.0,,,1.0,,,,3.0,4.0,5.0,5.0,,,,2.0,,2.0,,,,1.0,4.0,5.0,,,,2.0,,1.0,,4.0,,,,1.0,3.0,,,,,,,,,,,,1.0,1.0,1.0,1.0,1.0,1.0,6,3,3,3,2,5,6,6,2,2,38.0,32.0,30.0,25.0,28.0,22.0,30.0,24.0,40.0,35.0,2,1,2,1,2,2,2,2,1,2,1,2,2,1,1,2,1,2,1,2,1,1,2,1,1,1,2,1,1,1,1,2,1,1,1,1,2,1,2,1
1826,4,4,4,5,5,5,5,4,2,2,70.0,,,1.0,,,,3.0,4.0,3.0,,5.0,1.0,54.0,,,2.0,,,,1.0,5.0,6.0,,,,18.0,,,2.0,4.0,,,,1.0,5.0,,1.0,1.0,1.0,1.0,1.0,1.0,1.0,1.0,1.0,1.0,,,,,,,6,3,2,2,2,5,6,6,3,2,62.0,55.0,60.0,68.0,70.0,65.0,75.0,60.0,40.0,38.0,2,2,2,1,1,1,2,2,2,1,2,2,1,1,2,1,2,2,2,1,1,2,2,1,1,1,1,2,2,1,2,1,1,1,1,2,1,2,1,2
1955,4,4,4,4,4,4,5,4,2,2,70.0,,,2.0,,,,4.0,4.0,3.0,,5.0,,,2.0,,2.0,2.0,4.0,5.0,,,,,,,20.0,,,2.0,5.0,,,1.0,,,4.0,1.0,1.0,1.0,1.0,1.0,1.0,1.0,1.0,1.0,1.0,,,,,,,6,3,3,3,2,5,6,6,3,2,60.0,55.0,60.0,65.0,65.0,60.0,70.0,60.0,50.0,45.0,1,1,2,1,1,2,2,1,1,1,1,1,2,1,2,1,2,1,2,1,2,1,1,2,1,2,1,2,1,2,2,1,1,1,1,2,1,1,2,1
817,2,3,2,2,3,2,3,2,4,3,,30.0,1.0,,,,,3.0,4.0,5.0,5.0,,1.0,30.0,,,2.0,,,,1.0,2.0,3.0,,,,2.0,,2.0,,3.0,,,1.0,,,2.0,,,,,,,,,,,1.0,1.0,1.0,1.0,1.0,1.0,6,2,3,3,2,5,6,6,2,2,40.0,35.0,30.0,30.0,35.0,30.0,40.0,25.0,50.0,30.0,2,2,2,2,1,1,1,1,2,1,1,1,2,1,1,2,2,1,1,2,1,2,2,2,2,1,1,1,1,1,2,1,2,1,2,1,2,2,2,1
964,2,2,2,1,1,2,2,1,4,4,,30.0,,1.0,,,,4.0,5.0,3.0,,5.0,,,1.0,1.0,,,,,1.0,2.0,3.0,,,,,,2.0,,,,1.0,1.0,,,2.0,,,,,,,,,,,1.0,1.0,1.0,1.0,1.0,1.0,6,2,2,2,2,5,6,6,2,2,30.0,25.0,20.0,10.0,10.0,15.0,20.0,10.0,40.0,30.0,2,2,2,2,1,2,1,1,1,1,1,1,2,2,2,1,1,2,2,2,1,1,1,2,1,2,2,2,1,2,2,1,1,2,2,2,1,2,2,2
81,5,4,5,5,5,5,5,5,2,2,,30.0,,1.0,,,,3.0,4.0,5.0,5.0,,,,2.0,1.0,,,,,,,,2.0,5.0,5.0,,,,2.0,6.0,,,,2.0,,5.0,1.0,1.0,1.0,1.0,1.0,1.0,1.0,1.0,1.0,1.0,,,,,,,6,3,2,3,2,5,6,6,3,2,60.0,55.0,60.0,70.0,70.0,65.0,80.0,65.0,40.0,35.0,2,2,2,1,2,2,2,1,2,1,2,2,1,2,2,2,1,1,2,2,1,2,1,1,2,1,1,2,1,2,2,2,1,2,1,1,1,2,2,2
1279,5,5,5,5,5,5,5,5,2,2,,30.0,4.0,,3.0,4.0,6.0,,,,5.0,,,,2.0,1.0,,2.0,4.0,4.0,,,,,,,,,,2.0,,6.0,,,2.0,,4.0,,,,,,,,,,,1.0,1.0,1.0,1.0,1.0,1.0,6,2,3,3,2,5,6,6,3,2,65.0,60.0,62.0,70.0,68.0,66.0,75.0,60.0,40.0,35.0,1,2,1,1,2,1,2,2,1,1,2,2,2,1,2,2,2,2,2,1,1,1,2,1,1,2,2,2,2,2,2,1,2,1,1,2,1,1,2,1
1683,4,4,4,4,4,4,4,4,2,2,,30.0,,1.0,4.0,4.0,5.0,,,,5.0,,,,2.0,1.0,,,,,2.0,4.0,4.0,,,,20.0,,,2.0,5.0,,,,1.0,4.0,,1.0,1.0,1.0,1.0,1.0,1.0,1.0,1.0,1.0,1.0,,,,,,,6,3,2,2,3,5,6,6,3,1,60.0,55.0,60.0,65.0,65.0,60.0,70.0,60.0,40.0,35.0,1,1,2,2,2,2,1,2,2,1,1,1,1,2,2,2,1,2,2,2,2,2,2,1,1,1,2,1,1,2,2,2,2,1,2,1,2,2,2,1
1516,4,4,4,4,4,4,5,4,2,2,,30.0,4.0,,,,,3.0,4.0,3.0,5.0,,1.0,40.0,,1.0,,,,,2.0,4.0,5.0,,,,,,,2.0,,7.0,,1.0,,,4.0,,,,,,,,,,,1.0,1.0,1.0,1.0,1.0,1.0,6,3,4,3,2,5,6,5,3,2,60.0,55.0,60.0,65.0,70.0,60.0,80.0,60.0,40.0,35.0,2,1,2,2,1,2,1,2,1,1,1,2,1,2,2,1,2,2,2,1,1,2,2,1,2,2,2,1,2,1,1,2,2,2,1,1,1,2,2,2
1465,4,4,4,5,5,5,5,4,2,2,,30.0,4.0,,,,,3.0,4.0,5.0,5.0,,,,2.0,1.0,,3.0,4.0,5.0,,,,,,,18.0,,1.0,,,6.0,,,2.0,4.0,,1.0,1.0,1.0,1.0,1.0,1.0,1.0,1.0,1.0,1.0,,,,,,,6,3,2,2,2,5,6,6,3,2,60.0,55.0,58.0,65.0,68.0,62.0,70.0,55.0,40.0,38.0,1,1,2,2,1,2,1,1,2,2,2,2,2,2,2,2,2,2,2,2,1,2,1,1,2,2,1,2,2,2,1,2,1,1,1,1,1,2,1,2
679,2,3,2,2,2,2,2,2,4,4,70.0,,1.0,,2.0,3.0,6.0,,,,3.0,,2.0,10.0,,1.0,,,,,,,,1.0,2.0,2.0,,,2.0,,,,1.0,,1.0,2.0,,1.0,1.0,1.0,1.0,1.0,1.0,1.0,1.0,1.0,1.0,,,,,,,6,2,2,2,2,4,6,6,1,1,20.0,15.0,15.0,20.0,20.0,20.0,20.0,10.0,30.0,10.0,2,2,2,1,2,2,1,1,2,2,1,1,1,1,2,1,1,2,1,1,2,2,2,1,2,1,2,1,1,1,1,2,1,1,1,1,2,2,1,2
283,2,3,2,2,3,2,4,2,4,2,,30.0,1.0,,2.0,3.0,6.0,,,,,5.0,,,2.0,,2.0,,,,,,,1.0,4.0,5.0,,,,2.0,5.0,,,1.0,,4.0,,1.0,1.0,1.0,1.0,1.0,1.0,1.0,1.0,1.0,1.0,,,,,,,6,2,2,2,2,5,6,6,3,2,45.0,35.0,40.0,35.0,40.0,35.0,50.0,40.0,60.0,35.0,1,2,1,1,2,2,1,2,1,2,2,2,2,2,2,2,2,2,2,2,1,2,2,2,2,2,1,1,2,1,1,1,2,2,1,2,1,1,1,1
116,5,5,5,5,5,5,5,5,2,2,70.0,,4.0,,3.0,4.0,6.0,,,,5.0,,,,2.0,1.0,,,,,,,,2.0,4.0,5.0,2.0,,1.0,,,6.0,,,2.0,4.0,,,,,,,,,,,,1.0,1.0,1.0,1.0,1.0,1.0,6,2,3,3,2,5,6,6,3,2,62.0,55.0,60.0,70.0,68.0,65.0,75.0,60.0,40.0,35.0,2,2,1,2,1,2,2,1,2,2,2,2,1,2,1,1,1,2,2,2,1,2,1,1,2,2,1,1,2,1,2,2,1,1,1,1,1,2,1,2
2031,3,3,3,2,3,2,4,3,4,3,,30.0,,1.0,,,,3.0,4.0,5.0,5.0,,,,2.0,1.0,,,,,2.0,3.0,4.0,,,,2.0,,1.0,,,6.0,,1.0,,3.0,,,,,,,,,,,,1.0,1.0,1.0,1.0,1.0,1.0,6,3,4,3,3,4,6,5,3,2,45.0,40.0,40.0,35.0,40.0,35.0,50.0,40.0,55.0,35.0,2,1,2,2,1,2,2,2,1,2,2,1,2,2,2,1,1,1,2,1,2,2,1,2,1,2,2,2,1,1,1,2,2,1,1,1,1,2,1,2
40,2,3,2,2,2,2,2,2,1,1,,30.0,1.0,,,,,3.0,4.0,3.0,5.0,,,,2.0,,2.0,,,,,,,1.0,2.0,3.0,20.0,,,2.0,3.0,,,,1.0,,3.0,,,,,,,,,,,1.0,1.0,1.0,1.0,1.0,1.0,6,2,2,2,2,5,6,6,2,2,40.0,35.0,30.0,30.0,30.0,25.0,30.0,20.0,60.0,50.0,2,2,2,1,2,1,1,2,1,2,2,1,2,1,1,2,1,1,2,1,1,2,1,2,2,2,2,2,1,2,1,1,1,1,2,2,2,2,2,1
1731,2,3,2,2,2,2,2,2,1,2,,30.0,1.0,,3.0,4.0,6.0,,,,,5.0,1.0,30.0,,1.0,,,,,1.0,2.0,2.0,,,,,,,2.0,,7.0,,,2.0,3.0,,1.0,1.0,1.0,1.0,1.0,1.0,1.0,1.0,1.0,1.0,,,,,,,6,2,2,2,2,4,6,6,2,1,30.0,30.0,30.0,30.0,30.0,30.0,30.0,30.0,30.0,30.0,2,2,2,2,2,2,2,2,2,2,2,2,2,2,2,1,2,2,2,2,2,1,1,2,2,2,2,2,1,2,1,2,1,2,1,2,2,2,2,2
1642,4,4,4,2,3,2,5,3,2,2,,30.0,,1.0,,,,3.0,4.0,5.0,5.0,,,,2.0,1.0,,,,,,,,2.0,4.0,5.0,2.0,,1.0,,5.0,,,,2.0,,4.0,,,,,,,,,,,1.0,1.0,1.0,1.0,1.0,1.0,6,2,3,3,2,5,6,6,3,2,55.0,48.0,52.0,40.0,45.0,50.0,60.0,38.0,42.0,35.0,1,1,2,2,2,2,1,1,1,1,1,2,1,1,2,1,1,1,2,1,2,1,2,2,1,1,2,2,1,2,1,2,1,1,1,1,1,2,1,1
331,2,2,2,2,2,2,4,2,4,2,70.0,,,1.0,,,,3.0,4.0,5.0,,5.0,1.0,30.0,,,2.0,,,,,,,1.0,4.0,5.0,,,1.0,,,7.0,,,1.0,3.0,,,,,,,,,,,,1.0,1.0,1.0,1.0,1.0,1.0,6,2,2,2,3,5,6,6,3,2,40.0,35.0,30.0,30.0,35.0,30.0,40.0,30.0,50.0,30.0,2,2,2,1,1,2,1,2,1,2,2,1,2,1,2,1,2,2,1,1,2,2,1,1,2,1,2,2,1,1,2,1,2,2,2,2,1,2,1,1
242,2,3,2,2,2,2,2,2,5,2,70.0,,,1.0,,,,3.0,4.0,2.0,5.0,,,,2.0,,2.0,,,,,,,1.0,4.0,5.0,,,1.0,,,6.0,,1.0,,,4.0,1.0,1.0,1.0,1.0,1.0,1.0,1.0,1.0,1.0,1.0,,,,,,,6,2,2,2,2,5,6,6,3,2,55.0,48.0,50.0,45.0,50.0,45.0,60.0,40.0,60.0,35.0,1,2,1,2,1,1,1,1,2,2,1,2,1,1,2,1,1,1,1,2,1,1,1,1,2,1,1,1,1,2,1,1,1,1,2,1,2,1,1,2
35,2,3,2,1,2,2,4,2,4,3,,30.0,,1.0,3.0,4.0,6.0,,,,,5.0,,,2.0,1.0,,,,,1.0,4.0,5.0,,,,,,1.0,,,6.0,,1.0,,4.0,,1.0,1.0,1.0,1.0,1.0,1.0,1.0,1.0,1.0,1.0,,,,,,,6,2,3,3,2,5,6,6,3,2,45.0,38.0,40.0,30.0,35.0,32.0,60.0,28.0,55.0,33.0,1,1,2,2,1,1,2,1,1,2,1,2,1,2,1,1,2,1,2,2,1,2,1,1,2,2,1,2,1,1,1,2,1,2,2,2,2,2,1,2
1,4,4,4,4,4,4,4,4,2,2,,30.0,4.0,,3.0,4.0,5.0,,,,,5.0,,,2.0,,2.0,2.0,4.0,4.0,,,,,,,18.0,,,2.0,,,3.0,1.0,,,4.0,,,,,,,,,,,1.0,1.0,1.0,1.0,1.0,1.0,6,3,3,3,3,5,6,6,3,2,60.0,55.0,60.0,65.0,65.0,60.0,70.0,60.0,40.0,35.0,2,1,2,1,2,2,2,1,1,1,2,2,2,1,2,2,1,2,2,1,1,1,2,1,2,1,2,2,1,2,2,2,2,1,2,1,1,1,1,1
2044,2,3,2,2,2,2,2,2,4,2,,30.0,1.0,,,,,3.0,4.0,2.0,3.0,,,,2.0,,2.0,1.0,2.0,2.0,,,,,,,,,,2.0,,6.0,,1.0,,2.0,,,,,,,,,,,,1.0,1.0,1.0,1.0,1.0,1.0,6,2,2,2,2,5,6,6,2,2,40.0,35.0,30.0,30.0,30.0,25.0,30.0,20.0,40.0,25.0,1,2,1,2,2,1,1,1,1,2,1,2,2,2,2,1,1,1,2,1,1,2,1,2,2,1,2,1,1,2,2,1,1,2,1,2,2,2,2,1
1859,2,3,2,2,2,2,2,2,4,3,,30.0,,1.0,2.0,3.0,6.0,,,,4.0,,1.0,30.0,,,2.0,,,,,,,1.0,2.0,3.0,,,,2.0,3.0,,,1.0,,3.0,,,,,,,,,,,,1.0,1.0,1.0,1.0,1.0,1.0,6,3,3,3,3,5,6,6,2,2,30.0,25.0,25.0,25.0,25.0,25.0,25.0,25.0,30.0,25.0,2,1,2,2,1,2,1,1,2,2,2,1,2,2,2,2,1,2,2,2,2,1,2,2,1,2,2,2,2,1,2,1,2,1,2,1,2,1,2,1
1744,5,5,5,5,5,5,5,5,1,1,70.0,,,1.0,3.0,4.0,6.0,,,,5.0,,1.0,40.0,,1.0,,,,,,,,4.0,5.0,6.0,,20.0,,2.0,,7.0,,,2.0,,5.0,,,,,,,,,,,1.0,1.0,1.0,1.0,1.0,1.0,6,2,2,2,2,5,6,6,3,2,60.0,55.0,60.0,70.0,70.0,60.0,80.0,65.0,30.0,35.0,1,2,2,2,2,2,2,2,1,2,2,2,1,2,2,1,1,2,1,2,2,2,1,2,1,2,2,2,2,1,1,2,1,1,2,1,2,1,1,2
1637,4,4,4,4,4,4,5,4,2,2,,30.0,,1.0,,,,3.0,4.0,5.0,5.0,,,,2.0,1.0,,,,,,,,2.0,4.0,4.0,,20.0,,2.0,,,1.0,1.0,,,4.0,,,,,,,,,,,1.0,1.0,1.0,1.0,1.0,1.0,6,3,3,3,3,5,6,6,3,2,60.0,55.0,50.0,60.0,60.0,55.0,70.0,60.0,50.0,45.0,2,1,1,2,2,2,2,2,2,1,2,1,1,1,1,2,1,2,1,1,2,2,1,1,2,1,2,2,2,1,2,2,1,2,2,1,1,1,1,1
1158,4,4,4,3,4,3,4,3,2,2,,30.0,3.0,,,,,4.0,4.0,3.0,,5.0,1.0,40.0,,,2.0,,,,,,,1.0,4.0,5.0,5.0,,,2.0,5.0,,,1.0,,4.0,,,,,,,,,,,,1.0,1.0,1.0,1.0,1.0,1.0,6,3,3,3,2,5,6,6,3,2,55.0,48.0,45.0,60.0,62.0,50.0,65.0,40.0,38.0,35.0,2,2,1,2,1,2,1,2,1,2,2,1,2,2,1,1,1,1,1,1,2,2,2,2,1,2,1,1,2,1,1,1,2,2,1,1,1,2,1,1
344,4,4,4,4,4,4,4,4,2,2,70.0,,4.0,,,,,4.0,4.0,4.0,5.0,,1.0,54.0,,1.0,,,,,,,,2.0,4.0,4.0,,20.0,,2.0,,,1.0,1.0,,4.0,,1.0,1.0,1.0,1.0,1.0,1.0,1.0,1.0,1.0,1.0,,,,,,,6,3,3,3,2,5,5,5,3,2,60.0,55.0,60.0,65.0,65.0,60.0,70.0,60.0,40.0,40.0,1,2,1,1,2,2,2,2,1,1,1,1,2,2,2,2,2,1,1,2,1,2,2,2,2,2,2,1,2,2,2,1,2,1,1,1,2,1,2,1
237,5,5,5,5,5,5,5,5,2,2,,30.0,,1.0,3.0,4.0,6.0,,,,,6.0,,,2.0,,2.0,2.0,4.0,5.0,,,,,,,2.0,,1.0,,,,2.0,1.0,,4.0,,,,,,,,,,,,1.0,1.0,1.0,1.0,1.0,1.0,6,3,3,3,3,5,6,6,3,2,60.0,55.0,60.0,70.0,70.0,65.0,80.0,60.0,40.0,35.0,2,1,1,2,2,2,2,1,1,2,2,2,1,2,1,2,2,1,1,1,1,1,1,2,1,1,1,1,2,1,2,1,1,2,1,2,1,1,2,1
558,4,4,4,4,4,4,4,4,2,2,,30.0,,1.0,,,,4.0,4.0,4.0,,5.0,1.0,54.0,,,2.0,,,,,,,2.0,4.0,4.0,,,,2.0,,,3.0,,2.0,,4.0,1.0,1.0,1.0,1.0,1.0,1.0,1.0,1.0,1.0,1.0,,,,,,,6,3,2,2,2,5,6,6,3,2,60.0,55.0,58.0,62.0,65.0,60.0,70.0,55.0,50.0,48.0,1,2,1,1,1,2,1,2,1,2,2,2,2,2,1,1,2,2,2,1,2,1,2,2,2,2,2,2,2,1,1,2,1,2,2,1,1,1,1,1
862,4,4,4,4,4,4,5,4,2,2,,30.0,,1.0,3.0,4.0,6.0,,,,,5.0,1.0,35.0,,1.0,,,,,3.0,4.0,5.0,,,,,18.0,1.0,,5.0,,,,1.0,,4.0,1.0,1.0,1.0,1.0,1.0,1.0,1.0,1.0,1.0,1.0,,,,,,,6,3,2,3,3,5,6,6,3,2,60.0,55.0,60.0,65.0,70.0,60.0,80.0,65.0,40.0,35.0,2,1,1,2,2,2,1,2,1,2,2,1,1,2,1,1,1,2,1,1,2,1,1,2,1,2,2,1,2,2,1,2,1,2,1,1,1,2,1,1
911,4,4,4,4,4,4,5,4,2,2,70.0,,4.0,,,,,3.0,4.0,5.0,,5.0,,,2.0,,2.0,,,,,,,2.0,4.0,5.0,5.0,,1.0,,,,2.0,,2.0,4.0,,,,,,,,,,,,1.0,1.0,1.0,1.0,1.0,1.0,6,3,4,3,3,5,6,6,3,2,62.0,55.0,60.0,65.0,68.0,60.0,75.0,58.0,50.0,45.0,2,1,1,2,2,1,2,2,1,1,2,2,2,2,1,2,2,2,1,1,1,1,2,1,2,1,1,2,2,1,2,1,2,1,1,1,1,2,2,2
1898,4,4,4,4,4,4,4,4,2,2,70.0,,,1.0,,,,3.0,4.0,3.0,,5.0,1.0,30.0,,,2.0,,,,3.0,4.0,4.0,,,,,15.0,1.0,,,,3.0,1.0,,,4.0,1.0,1.0,1.0,1.0,1.0,1.0,1.0,1.0,1.0,1.0,,,,,,,6,3,3,3,2,5,6,6,3,2,60.0,55.0,60.0,65.0,65.0,60.0,70.0,60.0,50.0,45.0,1,2,1,2,2,2,1,1,2,2,1,2,1,1,1,2,1,2,2,2,2,1,1,2,2,1,2,1,1,1,2,2,1,1,1,2,2,2,1,2
1563,4,4,4,5,5,5,5,5,2,2,,30.0,,1.0,3.0,4.0,6.0,,,,,5.0,1.0,54.0,,,2.0,,,,,,,2.0,4.0,5.0,,,1.0,,,,3.0,1.0,,,4.0,1.0,1.0,1.0,1.0,1.0,1.0,1.0,1.0,1.0,1.0,,,,,,,6,3,4,4,2,5,6,6,3,2,60.0,55.0,60.0,70.0,75.0,65.0,80.0,60.0,40.0,45.0,1,2,1,1,1,1,2,1,1,1,2,2,1,1,1,1,1,1,2,2,1,1,1,1,2,1,1,1,1,2,1,1,1,2,1,2,1,2,1,2
1199,5,5,5,5,5,5,5,5,1,1,,30.0,4.0,,,,,4.0,4.0,3.0,,5.0,1.0,54.0,,1.0,,,,,4.0,4.0,5.0,,,,,20.0,,2.0,6.0,,,,2.0,5.0,,,,,,,,,,,,1.0,1.0,1.0,1.0,1.0,1.0,6,3,3,3,3,5,6,6,3,2,62.0,55.0,60.0,68.0,70.0,65.0,75.0,60.0,40.0,38.0,2,2,2,1,1,2,1,2,2,2,2,2,1,2,2,2,2,2,2,1,2,2,1,1,2,2,1,1,2,1,2,2,2,2,2,2,1,2,2,1
1410,4,4,4,4,4,4,5,4,2,2,70.0,,,1.0,,,,3.0,3.0,3.0,5.0,,1.0,54.0,,,2.0,,,,,,,2.0,4.0,4.0,,15.0,1.0,,4.0,,,,1.0,,4.0,1.0,1.0,1.0,1.0,1.0,1.0,1.0,1.0,1.0,1.0,,,,,,,6,3,2,2,2,4,6,6,3,2,55.0,50.0,50.0,60.0,60.0,55.0,70.0,60.0,40.0,40.0,2,2,1,2,2,2,1,2,1,1,2,2,1,1,2,2,1,2,2,2,1,2,1,1,1,2,1,2,1,1,2,1,2,2,1,2,2,2,2,1
1785,2,3,2,2,2,2,2,2,1,1,,30.0,1.0,,3.0,4.0,6.0,,,,4.0,,,,2.0,,2.0,1.0,2.0,3.0,,,,,,,,,,2.0,,7.0,,,1.0,3.0,,1.0,1.0,1.0,1.0,1.0,1.0,1.0,1.0,1.0,1.0,,,,,,,6,2,2,2,2,5,6,6,2,1,30.0,25.0,25.0,25.0,25.0,25.0,25.0,25.0,40.0,40.0,2,1,2,1,2,2,2,1,2,2,2,1,1,2,1,1,2,2,1,2,1,1,2,2,1,2,2,1,1,1,2,2,1,1,1,2,1,1,1,2
163,4,4,4,3,4,4,5,4,2,2,,30.0,4.0,,,,,4.0,4.0,3.0,,5.0,,,2.0,1.0,,3.0,4.0,5.0,,,,,,,18.0,,1.0,,5.0,,,1.0,,4.0,,1.0,1.0,1.0,1.0,1.0,1.0,1.0,1.0,1.0,1.0,,,,,,,6,3,3,3,3,5,6,6,3,2,62.0,54.0,56.0,60.0,65.0,62.0,70.0,55.0,48.0,44.0,1,1,2,1,2,2,1,1,1,1,2,2,2,2,1,1,2,1,1,2,1,2,2,1,2,1,1,1,1,1,2,2,1,1,1,2,2,2,1,2
599,4,4,4,4,4,4,4,4,2,2,,30.0,,1.0,3.0,4.0,6.0,,,,,5.0,,,2.0,,2.0,,,,,,,1.0,4.0,5.0,2.0,,,2.0,,,3.0,,2.0,4.0,,,,,,,,,,,,1.0,1.0,1.0,1.0,1.0,1.0,6,3,3,3,2,5,6,6,3,2,60.0,55.0,60.0,60.0,65.0,60.0,70.0,60.0,50.0,45.0,1,2,2,1,1,2,1,2,2,2,1,1,2,2,1,1,2,2,1,2,1,2,2,1,1,1,2,2,2,1,2,1,2,1,2,2,1,2,1,1
385,2,3,2,2,3,3,3,2,4,3,,30.0,1.0,,3.0,4.0,6.0,,,,,5.0,1.0,30.0,,1.0,,,,,1.0,2.0,3.0,,,,,,,2.0,,7.0,,1.0,,,3.0,,,,,,,,,,,1.0,1.0,1.0,1.0,1.0,1.0,6,2,2,2,2,5,6,6,1,2,40.0,35.0,30.0,35.0,40.0,30.0,40.0,30.0,50.0,30.0,2,2,2,2,1,2,2,2,2,1,2,2,2,1,2,2,1,2,1,2,1,2,1,1,2,2,1,2,2,2,2,2,2,2,2,2,2,2,1,2
1868,2,3,2,2,2,2,4,2,4,3,,30.0,,1.0,,,,3.0,4.0,2.0,,5.0,,,2.0,1.0,,2.0,2.0,4.0,,,,,,,,,,2.0,4.0,,,,1.0,3.0,,1.0,1.0,1.0,1.0,1.0,1.0,1.0,1.0,1.0,1.0,,,,,,,6,3,3,3,3,4,5,5,3,2,45.0,40.0,40.0,40.0,40.0,40.0,50.0,40.0,50.0,40.0,2,1,2,1,2,2,1,2,2,1,1,2,2,1,1,1,1,1,2,1,2,2,2,1,2,1,1,2,2,1,2,2,2,2,1,1,1,2,2,1
892,2,3,2,2,2,2,2,2,4,3,70.0,,3.0,,3.0,4.0,6.0,,,,5.0,,1.0,40.0,,1.0,,,,,,,,1.0,2.0,3.0,20.0,,,2.0,3.0,,,,1.0,,3.0,,,,,,,,,,,1.0,1.0,1.0,1.0,1.0,1.0,6,2,2,2,2,5,6,6,2,2,40.0,35.0,35.0,35.0,35.0,35.0,35.0,35.0,40.0,35.0,1,1,2,1,2,2,1,2,1,2,2,2,2,2,1,2,1,2,2,1,2,2,1,2,2,1,1,2,1,1,2,1,2,2,2,1,2,1,2,1
375,4,4,4,4,4,4,4,4,2,2,70.0,,4.0,,3.0,4.0,5.0,,,,,6.0,1.0,40.0,,1.0,,,,,,,,2.0,4.0,5.0,,,1.0,,,6.0,,,1.0,,4.0,1.0,1.0,1.0,1.0,1.0,1.0,1.0,1.0,1.0,1.0,,,,,,,6,3,3,3,2,5,6,6,3,2,60.0,55.0,60.0,65.0,65.0,60.0,70.0,60.0,40.0,40.0,1,1,1,1,1,1,1,2,2,1,2,1,2,1,1,1,1,1,2,2,2,1,2,2,2,2,1,1,1,1,1,1,1,1,1,2,1,2,1,1
206,1,2,1,1,1,1,1,1,1,1,,30.0,1.0,,3.0,3.0,6.0,,,,2.0,,,,1.0,1.0,,1.0,1.0,1.0,,,,,,,,,2.0,,1.0,,,1.0,,,1.0,,,,,,,,,,,1.0,1.0,1.0,1.0,1.0,1.0,6,2,2,2,2,4,6,6,1,2,30.0,20.0,20.0,10.0,10.0,10.0,10.0,10.0,30.0,10.0,2,1,1,2,2,2,2,2,2,1,1,2,2,1,2,1,2,1,2,2,2,2,2,1,2,1,1,2,1,2,2,2,1,2,2,1,2,2,2,2
193,2,3,2,2,2,2,2,2,4,4,70.0,,,1.0,3.0,3.0,6.0,,,,3.0,,,,2.0,1.0,,1.0,2.0,2.0,,,,,,,20.0,,,2.0,3.0,,,1.0,,,2.0,1.0,1.0,1.0,1.0,1.0,1.0,1.0,1.0,1.0,1.0,,,,,,,6,2,2,2,2,4,6,6,1,2,30.0,25.0,20.0,20.0,20.0,20.0,20.0,20.0,40.0,40.0,2,1,2,2,2,1,1,2,1,1,2,1,1,2,1,2,2,2,1,1,1,2,1,1,1,2,2,2,2,1,2,2,1,1,1,2,1,2,1,1
569,2,3,2,2,3,2,4,2,4,3,70.0,,,1.0,,,,3.0,4.0,5.0,5.0,,,,2.0,,2.0,,,,1.0,3.0,4.0,,,,2.0,,2.0,,,7.0,,1.0,,3.0,,,,,,,,,,,,1.0,1.0,1.0,1.0,1.0,1.0,6,2,3,3,2,4,6,5,1,2,38.0,32.0,29.0,35.0,36.0,28.0,41.0,30.0,44.0,33.0,1,2,2,2,2,2,2,1,2,2,2,2,2,2,2,2,2,2,1,1,2,2,1,2,2,2,2,2,2,2,2,2,1,2,2,2,2,2,2,2
1775,4,4,4,3,4,3,4,3,2,2,,30.0,4.0,,,,,3.0,4.0,3.0,5.0,,,,2.0,1.0,,,,,,,,2.0,4.0,5.0,,,,2.0,,,3.0,,1.0,4.0,,1.0,1.0,1.0,1.0,1.0,1.0,1.0,1.0,1.0,1.0,,,,,,,6,3,3,3,2,5,6,5,3,2,60.0,55.0,50.0,60.0,65.0,55.0,70.0,50.0,60.0,45.0,2,1,2,1,2,2,2,1,1,2,2,1,2,1,2,2,1,2,2,1,2,2,2,1,2,2,2,2,1,1,1,2,2,2,2,2,1,2,2,2
1606,5,5,5,5,5,5,5,5,1,1,,30.0,,1.0,,,,4.0,4.0,3.0,5.0,,1.0,54.0,,1.0,,,,,3.0,4.0,4.0,,,,5.0,,,2.0,3.0,,,1.0,,4.0,,,,,,,,,,,,1.0,1.0,1.0,1.0,1.0,1.0,6,2,2,2,2,5,6,6,3,2,65.0,60.0,60.0,70.0,75.0,70.0,80.0,60.0,40.0,35.0,1,1,2,1,2,2,2,2,1,2,2,2,2,1,1,1,2,2,2,1,1,2,2,2,2,2,2,1,2,2,2,1,1,2,2,1,1,1,2,1
1593,4,4,4,4,4,4,4,4,2,2,,30.0,4.0,,,,,3.0,4.0,5.0,5.0,,,,2.0,,2.0,,,,2.0,4.0,4.0,,,,16.0,,1.0,,,6.0,,1.0,,,4.0,,,,,,,,,,,1.0,1.0,1.0,1.0,1.0,1.0,6,3,3,3,2,5,6,6,3,2,62.0,55.0,60.0,68.0,70.0,65.0,75.0,60.0,55.0,50.0,1,2,1,1,1,2,1,2,2,2,2,1,1,1,2,1,2,1,1,2,2,1,1,1,2,2,2,2,1,1,1,1,2,1,2,2,1,2,2,2
1169,5,5,5,5,5,5,5,5,1,1,,30.0,4.0,,3.0,4.0,6.0,,,,,6.0,,,2.0,1.0,,2.0,4.0,5.0,,,,,,,,,1.0,,,,3.0,,1.0,,5.0,,,,,,,,,,,1.0,1.0,1.0,1.0,1.0,1.0,6,3,2,2,2,5,6,6,3,2,60.0,55.0,60.0,65.0,70.0,60.0,75.0,60.0,40.0,35.0,2,1,1,2,2,2,2,1,2,2,1,2,1,1,2,2,2,1,2,2,2,2,2,1,2,2,1,2,1,1,1,2,1,2,2,1,1,1,1,1
853,4,4,4,3,4,4,4,3,2,2,70.0,,,1.0,3.0,3.0,5.0,,,,,5.0,,,2.0,,2.0,2.0,4.0,4.0,,,,,,,18.0,,1.0,,,5.0,,1.0,,4.0,,,,,,,,,,,,1.0,1.0,1.0,1.0,1.0,1.0,6,3,4,3,3,5,6,5,3,2,62.0,54.0,58.0,60.0,65.0,60.0,70.0,55.0,50.0,48.0,2,2,2,2,2,2,2,2,2,2,2,2,2,1,2,2,2,2,2,2,1,2,2,2,1,2,2,2,1,2,1,2,2,2,2,2,2,2,2,2
920,4,4,4,4,4,4,5,4,2,2,70.0,,,1.0,3.0,4.0,5.0,,,,,6.0,1.0,54.0,,,2.0,,,,,,,2.0,4.0,5.0,,18.0,,2.0,5.0,,,1.0,,4.0,,,,,,,,,,,,1.0,1.0,1.0,1.0,1.0,1.0,6,3,5,4,2,5,6,5,3,2,62.0,55.0,60.0,65.0,68.0,60.0,70.0,58.0,55.0,50.0,1,1,1,2,2,2,2,2,2,1,1,1,2,2,2,1,1,2,2,2,2,1,1,1,2,2,2,2,1,1,1,2,2,1,1,1,2,2,2,1
152,2,3,2,2,2,2,2,2,1,3,,30.0,,1.0,2.0,3.0,6.0,,,,5.0,,,,2.0,,2.0,,,,1.0,2.0,3.0,,,,,,2.0,,3.0,,,1.0,,,2.0,,,,,,,,,,,1.0,1.0,1.0,1.0,1.0,1.0,6,2,2,2,2,4,6,6,2,2,35.0,30.0,30.0,30.0,30.0,30.0,30.0,30.0,40.0,30.0,2,2,2,1,2,1,1,2,2,1,2,1,2,2,1,2,2,2,2,2,2,2,2,2,2,1,2,1,1,2,1,2,2,2,2,2,1,2,1,1
1552,2,3,2,2,2,2,2,2,4,2,,30.0,,1.0,,,,3.0,4.0,2.0,3.0,,,,2.0,1.0,,,,,1.0,2.0,3.0,,,,18.0,,,2.0,,6.0,,,1.0,2.0,,,,,,,,,,,,1.0,1.0,1.0,1.0,1.0,1.0,6,2,2,2,2,5,6,6,2,2,40.0,35.0,30.0,30.0,30.0,25.0,30.0,25.0,40.0,30.0,2,1,2,1,2,2,2,1,2,1,2,2,2,1,1,1,2,2,2,1,2,1,1,1,2,1,2,2,2,2,2,1,1,1,2,2,2,2,1,2
1421,2,3,2,3,4,3,4,3,4,2,70.0,,,1.0,,,,3.0,4.0,3.0,5.0,,1.0,54.0,,1.0,,,,,,,,2.0,4.0,4.0,,18.0,1.0,,,7.0,,,1.0,4.0,,,,,,,,,,,,1.0,1.0,1.0,1.0,1.0,1.0,6,3,3,3,2,4,6,5,3,2,58.0,51.0,54.0,60.0,65.0,62.0,68.0,55.0,60.0,52.0,1,2,2,1,2,2,2,1,2,2,1,1,1,1,1,1,2,2,2,2,1,1,2,1,1,1,2,2,2,1,2,2,1,2,2,2,2,2,2,1
826,4,4,4,4,4,4,5,4,2,2,,30.0,,1.0,2.0,3.0,5.0,,,,,5.0,,,2.0,1.0,,,,,,,,2.0,4.0,5.0,,15.0,,2.0,,,3.0,1.0,,4.0,,,,,,,,,,,,1.0,1.0,1.0,1.0,1.0,1.0,6,3,4,3,2,5,6,5,3,2,60.0,55.0,50.0,65.0,70.0,60.0,75.0,55.0,40.0,35.0,2,2,1,1,1,2,2,2,1,1,2,1,2,1,2,2,2,1,1,2,1,2,1,1,1,1,2,1,2,1,2,2,2,2,1,2,2,2,2,2
955,2,3,2,2,2,2,2,2,1,2,70.0,,,1.0,2.0,3.0,6.0,,,,,5.0,1.0,54.0,,1.0,,,,,,,,1.0,2.0,4.0,,,,2.0,,,3.0,,1.0,3.0,,1.0,1.0,1.0,1.0,1.0,1.0,1.0,1.0,1.0,1.0,,,,,,,6,3,2,2,2,4,6,6,2,2,40.0,35.0,30.0,30.0,30.0,30.0,30.0,30.0,40.0,30.0,2,1,1,1,1,2,2,2,2,1,1,2,2,1,2,2,2,2,1,2,2,2,2,1,2,2,2,2,2,1,2,2,1,2,2,2,2,2,2,2
648,4,5,4,5,5,5,5,5,2,2,70.0,,4.0,,3.0,4.0,6.0,,,,,5.0,,,2.0,1.0,,,,,3.0,4.0,5.0,,,,5.0,,,2.0,,7.0,,1.0,,4.0,,1.0,1.0,1.0,1.0,1.0,1.0,1.0,1.0,1.0,1.0,,,,,,,6,3,4,4,3,5,6,6,3,2,62.0,55.0,60.0,68.0,70.0,65.0,75.0,60.0,40.0,38.0,2,1,2,2,1,2,2,2,1,2,2,2,2,2,2,1,2,2,1,2,1,2,2,1,1,2,1,1,1,2,2,2,1,2,1,2,1,1,2,2
127,2,4,3,2,3,2,4,2,4,3,70.0,,4.0,,3.0,4.0,6.0,,,,5.0,,1.0,35.0,,,2.0,,,,2.0,4.0,5.0,,,,18.0,,1.0,,4.0,,,1.0,,4.0,,1.0,1.0,1.0,1.0,1.0,1.0,1.0,1.0,1.0,1.0,,,,,,,6,3,2,2,2,5,6,6,3,2,45.0,38.0,40.0,35.0,40.0,30.0,50.0,32.0,55.0,28.0,1,1,2,2,1,2,2,2,2,1,1,2,2,2,2,1,1,1,2,2,1,1,1,2,2,2,2,2,1,1,2,1,2,1,2,1,2,1,1,2
1248,5,4,4,5,5,5,5,5,1,2,,30.0,4.0,,,,,3.0,4.0,5.0,,5.0,,,2.0,,2.0,,,,1.0,5.0,6.0,,,,2.0,,,2.0,,7.0,,1.0,,5.0,,1.0,1.0,1.0,1.0,1.0,1.0,1.0,1.0,1.0,1.0,,,,,,,6,3,2,2,3,5,6,6,3,2,62.0,54.0,58.0,68.0,70.0,66.0,74.0,60.0,44.0,38.0,2,2,2,2,1,2,2,2,2,2,2,1,1,2,2,1,2,2,1,2,1,2,2,1,2,2,1,2,2,1,2,1,2,2,2,1,1,2,1,1
1527,4,4,4,4,4,4,5,4,2,2,70.0,,4.0,,,,,4.0,4.0,3.0,,5.0,1.0,50.0,,1.0,,,,,2.0,4.0,4.0,,,,20.0,,1.0,,,,3.0,,2.0,4.0,,1.0,1.0,1.0,1.0,1.0,1.0,1.0,1.0,1.0,1.0,,,,,,,6,3,3,3,2,5,6,6,3,2,60.0,55.0,60.0,65.0,70.0,60.0,75.0,60.0,50.0,45.0,1,2,2,2,1,2,2,2,2,2,1,2,1,2,1,2,2,2,1,1,2,1,1,2,2,2,1,1,2,1,1,1,1,1,1,1,2,2,1,1
1454,4,4,4,4,4,4,5,4,2,2,,30.0,,1.0,3.0,4.0,6.0,,,,,5.0,,,2.0,,2.0,2.0,4.0,5.0,,,,,,,,,,2.0,4.0,,,,2.0,,4.0,,,,,,,,,,,1.0,1.0,1.0,1.0,1.0,1.0,6,3,3,3,2,5,6,6,3,2,60.0,55.0,60.0,65.0,70.0,60.0,80.0,60.0,40.0,35.0,1,2,2,1,1,1,2,2,2,2,1,2,2,1,2,1,2,1,2,1,2,2,2,2,1,2,2,1,2,2,2,1,2,2,1,2,2,2,1,1
2000,4,4,4,2,3,2,5,3,2,3,70.0,,,1.0,,,,3.0,4.0,2.0,5.0,,,,2.0,1.0,,2.0,4.0,5.0,,,,,,,,,2.0,,,,3.0,,1.0,,4.0,,,,,,,,,,,1.0,1.0,1.0,1.0,1.0,1.0,6,2,3,3,2,5,6,6,3,2,45.0,40.0,38.0,35.0,40.0,30.0,50.0,30.0,60.0,35.0,2,2,1,1,1,2,2,2,1,1,2,1,2,2,1,1,2,2,1,2,1,1,1,2,2,2,2,1,2,2,2,1,2,1,1,2,2,1,2,1
71,4,4,4,5,5,5,5,4,2,2,70.0,,,1.0,4.0,4.0,6.0,,,,5.0,,,,2.0,1.0,,2.0,4.0,5.0,,,,,,,16.0,,,2.0,,6.0,,1.0,,,4.0,1.0,1.0,1.0,1.0,1.0,1.0,1.0,1.0,1.0,1.0,,,,,,,6,3,2,2,3,5,6,6,3,2,62.0,55.0,60.0,70.0,68.0,65.0,75.0,60.0,50.0,48.0,1,1,1,2,1,1,2,2,2,1,2,2,2,1,1,1,2,2,2,2,1,2,1,1,2,1,1,2,2,1,2,2,1,2,2,2,1,2,2,2
994,4,4,4,4,4,4,5,4,2,2,,30.0,4.0,,,,,4.0,4.0,3.0,5.0,,1.0,40.0,,1.0,,,,,,,,1.0,4.0,5.0,,16.0,,2.0,,,3.0,,2.0,4.0,,,,,,,,,,,,1.0,1.0,1.0,1.0,1.0,1.0,6,3,4,3,3,5,6,5,3,2,60.0,55.0,50.0,60.0,65.0,60.0,80.0,55.0,45.0,40.0,1,1,2,2,1,2,1,1,2,1,1,1,2,1,1,1,1,2,2,2,1,1,2,2,2,2,2,1,1,2,1,2,1,2,2,2,1,2,1,1
689,2,2,2,1,2,2,2,2,1,2,70.0,,1.0,,,,,3.0,4.0,2.0,5.0,,1.0,30.0,,,2.0,,,,2.0,4.0,4.0,,,,18.0,,,2.0,,6.0,,,1.0,,4.0,,,,,,,,,,,1.0,1.0,1.0,1.0,1.0,1.0,6,3,2,2,2,5,6,6,2,2,45.0,40.0,35.0,30.0,35.0,30.0,40.0,35.0,50.0,30.0,1,2,1,1,2,1,2,2,1,2,1,1,1,2,1,1,1,2,1,2,2,1,2,1,2,2,2,2,1,2,2,2,1,1,1,2,1,1,1,1
300,4,4,4,4,4,4,5,4,2,3,,30.0,4.0,,,,,3.0,4.0,5.0,5.0,,,,2.0,,2.0,1.0,4.0,5.0,,,,,,,20.0,,1.0,,3.0,,,1.0,,4.0,,,,,,,,,,,,1.0,1.0,1.0,1.0,1.0,1.0,6,3,4,3,2,5,6,5,3,2,62.0,54.0,58.0,60.0,65.0,60.0,70.0,55.0,50.0,48.0,1,1,1,2,1,2,2,1,2,1,1,2,2,1,2,2,1,2,1,1,1,1,1,1,2,1,1,2,1,2,1,2,2,1,1,2,1,2,1,1
273,2,3,2,2,2,2,2,2,4,3,,30.0,,1.0,,,,3.0,4.0,5.0,5.0,,1.0,40.0,,,2.0,1.0,2.0,2.0,,,,,,,20.0,,,2.0,,,3.0,1.0,,2.0,,1.0,1.0,1.0,1.0,1.0,1.0,1.0,1.0,1.0,1.0,,,,,,,6,2,2,2,2,5,6,6,2,1,40.0,35.0,30.0,30.0,30.0,25.0,30.0,25.0,40.0,30.0,2,2,2,2,2,2,2,2,1,2,2,2,1,2,1,2,2,2,2,2,2,2,2,1,2,2,2,2,2,2,2,2,2,2,2,1,2,2,2,1
1495,2,2,2,2,2,2,4,2,4,2,70.0,,,1.0,3.0,4.0,6.0,,,,5.0,,,,2.0,,2.0,,,,1.0,3.0,4.0,,,,,20.0,2.0,,,7.0,,,2.0,,4.0,,,,,,,,,,,1.0,1.0,1.0,1.0,1.0,1.0,6,3,2,2,2,5,6,6,3,2,38.0,35.0,32.0,30.0,38.0,32.0,40.0,30.0,45.0,28.0,1,1,2,1,1,1,1,1,2,2,1,2,1,1,2,1,1,2,1,1,2,2,1,2,1,2,1,2,1,2,2,2,2,1,1,2,1,2,2,1
1289,4,4,4,4,4,4,5,4,2,2,70.0,,,1.0,,,,3.0,4.0,5.0,5.0,,,,2.0,,2.0,,,,1.0,4.0,5.0,,,,20.0,,,2.0,,,3.0,1.0,,,4.0,1.0,1.0,1.0,1.0,1.0,1.0,1.0,1.0,1.0,1.0,,,,,,,6,3,4,3,3,5,6,5,3,2,60.0,55.0,58.0,65.0,68.0,62.0,70.0,60.0,45.0,40.0,1,2,2,1,1,2,2,1,2,1,2,2,1,2,2,2,2,2,2,1,2,2,1,2,2,1,2,2,2,1,2,1,2,2,1,2,2,2,1,2
1700,4,4,4,5,5,5,5,5,2,2,70.0,,4.0,,3.0,4.0,6.0,,,,,5.0,,,2.0,1.0,,3.0,4.0,5.0,,,,,,,,18.0,1.0,,4.0,,,,1.0,4.0,,1.0,1.0,1.0,1.0,1.0,1.0,1.0,1.0,1.0,1.0,,,,,,,6,3,4,4,3,5,6,6,3,1,62.0,55.0,60.0,65.0,70.0,68.0,75.0,60.0,55.0,50.0,2,1,2,2,2,1,2,2,1,2,1,2,1,2,2,1,1,1,1,2,2,1,1,2,2,2,2,1,2,1,2,1,1,1,1,2,2,1,1,2
1673,4,4,4,5,5,4,5,4,2,2,70.0,,,1.0,3.0,4.0,6.0,,,,5.0,,1.0,45.0,,1.0,,,,,,,,2.0,4.0,4.0,,12.0,,2.0,,,3.0,,2.0,,4.0,,,,,,,,,,,1.0,1.0,1.0,1.0,1.0,1.0,6,3,3,3,2,5,6,5,3,2,62.0,55.0,60.0,68.0,70.0,65.0,75.0,60.0,45.0,40.0,1,1,2,2,2,2,2,1,1,2,2,1,1,2,2,2,2,2,1,2,2,1,1,2,2,1,2,1,2,1,2,1,1,1,2,1,2,1,1,2
731,5,5,5,5,5,5,5,5,1,1,,30.0,3.0,,,,,4.0,4.0,3.0,,6.0,1.0,50.0,,,2.0,1.0,5.0,6.0,,,,,,,,,,2.0,7.0,,,,2.0,,5.0,,,,,,,,,,,1.0,1.0,1.0,1.0,1.0,1.0,6,3,2,2,2,5,6,6,4,2,65.0,60.0,60.0,70.0,70.0,65.0,80.0,60.0,30.0,30.0,1,2,1,1,1,1,2,2,1,1,1,1,2,1,2,1,2,2,1,1,2,2,1,1,1,1,2,2,1,1,1,1,2,2,2,2,2,2,1,2
642,2,3,2,2,2,2,2,2,1,1,,30.0,1.0,,3.0,4.0,6.0,,,,5.0,,,,2.0,1.0,,1.0,2.0,2.0,,,,,,,20.0,,2.0,,,10.0,,,1.0,1.0,,,,,,,,,,,,1.0,1.0,1.0,1.0,1.0,1.0,6,2,2,2,2,5,6,6,1,1,40.0,35.0,30.0,25.0,30.0,20.0,30.0,20.0,60.0,40.0,1,1,1,1,1,2,2,1,1,2,2,2,1,2,2,1,2,2,1,2,2,1,1,2,2,1,1,1,1,1,1,2,1,2,2,2,2,1,1,2
1331,5,5,5,5,5,5,5,5,1,1,70.0,,,1.0,,,,3.0,4.0,2.0,,5.0,,,2.0,,2.0,,,,,,,1.0,5.0,6.0,,,1.0,,,,3.0,,2.0,,5.0,,,,,,,,,,,1.0,1.0,1.0,1.0,1.0,1.0,6,2,2,2,2,5,6,6,3,2,65.0,60.0,60.0,70.0,75.0,70.0,80.0,65.0,40.0,35.0,1,2,2,2,1,2,2,1,1,1,1,1,2,2,1,2,1,2,2,2,2,1,2,2,1,1,1,2,1,2,2,2,2,2,1,2,1,2,2,1
1242,2,3,2,2,2,2,2,2,4,2,70.0,,,1.0,3.0,4.0,6.0,,,,5.0,,,,2.0,1.0,,,,,,,,1.0,2.0,4.0,,,,2.0,,7.0,,1.0,,3.0,,1.0,1.0,1.0,1.0,1.0,1.0,1.0,1.0,1.0,1.0,,,,,,,6,2,2,2,3,5,6,6,2,1,40.0,30.0,35.0,30.0,30.0,30.0,30.0,30.0,40.0,30.0,2,2,2,2,2,2,1,1,2,2,1,1,2,1,2,2,2,2,1,2,2,2,1,1,2,2,2,2,2,2,2,2,1,2,2,1,1,1,1,1
516,4,4,4,4,4,4,5,4,2,2,,30.0,,1.0,,,,4.0,4.0,3.0,,5.0,1.0,40.0,,,2.0,,,,,,,2.0,4.0,5.0,5.0,,,2.0,,6.0,,,2.0,,4.0,,,,,,,,,,,1.0,1.0,1.0,1.0,1.0,1.0,6,3,3,3,2,5,6,6,3,2,60.0,55.0,60.0,65.0,65.0,60.0,70.0,60.0,40.0,35.0,1,2,2,2,2,2,2,1,2,2,2,1,2,1,2,2,2,1,2,2,1,2,1,1,2,2,2,2,1,1,2,1,1,2,2,2,2,2,2,2
465,4,4,4,4,4,4,5,4,2,2,,30.0,,1.0,,,,3.0,4.0,5.0,,5.0,1.0,44.0,,,2.0,1.0,4.0,4.0,,,,,,,18.0,,1.0,,4.0,,,,1.0,,4.0,,,,,,,,,,,1.0,1.0,1.0,1.0,1.0,1.0,6,3,2,2,2,5,6,5,3,2,60.0,55.0,60.0,65.0,65.0,60.0,70.0,60.0,40.0,35.0,2,2,2,1,1,1,1,2,1,2,1,2,2,1,2,1,2,2,2,1,1,2,2,2,2,2,2,2,1,1,2,2,2,1,2,1,1,1,2,1
279,5,5,5,5,5,5,5,5,2,2,70.0,,4.0,,3.0,4.0,6.0,,,,,5.0,1.0,54.0,,,2.0,1.0,4.0,4.0,,,,,,,20.0,,,2.0,4.0,,,1.0,,,4.0,1.0,1.0,1.0,1.0,1.0,1.0,1.0,1.0,1.0,1.0,,,,,,,6,3,3,3,2,5,6,6,3,2,60.0,55.0,60.0,70.0,70.0,65.0,80.0,60.0,40.0,35.0,2,2,2,2,2,2,1,1,1,1,1,1,2,1,2,2,2,1,2,2,2,1,2,1,2,1,1,2,1,2,2,1,2,2,2,1,2,1,1,2
683,3,4,3,2,3,2,4,2,4,2,70.0,,,1.0,3.0,4.0,6.0,,,,5.0,,,,2.0,,2.0,,,,,,,1.0,4.0,5.0,,18.0,1.0,,,,3.0,,1.0,,4.0,1.0,1.0,1.0,1.0,1.0,1.0,1.0,1.0,1.0,1.0,,,,,,,6,2,3,3,2,5,6,6,3,2,55.0,48.0,52.0,60.0,62.0,50.0,65.0,45.0,58.0,40.0,2,2,2,1,2,1,2,2,1,1,2,1,1,2,2,2,2,2,2,1,1,2,1,1,1,1,2,2,1,1,1,1,1,2,1,1,1,1,2,2
1116,3,3,3,3,3,3,3,3,2,2,70.0,,,1.0,,,,3.0,3.0,3.0,5.0,,,,2.0,1.0,,,,,3.0,3.0,4.0,,,,,10.0,1.0,,3.0,,,,1.0,,3.0,1.0,1.0,1.0,1.0,1.0,1.0,1.0,1.0,1.0,1.0,,,,,,,6,3,2,2,2,4,6,6,2,2,40.0,35.0,30.0,40.0,40.0,35.0,40.0,30.0,45.0,35.0,1,2,1,2,2,1,2,2,2,2,1,2,2,1,2,1,2,1,2,1,2,2,1,1,1,1,1,2,1,2,1,1,1,2,2,2,2,2,1,2
1065,2,2,2,2,2,2,2,2,1,1,,30.0,,1.0,,,,3.0,4.0,2.0,5.0,,,,2.0,1.0,,,,,2.0,2.0,4.0,,,,,,,2.0,5.0,,,1.0,,,3.0,,,,,,,,,,,1.0,1.0,1.0,1.0,1.0,1.0,6,2,2,2,2,4,6,6,1,2,30.0,25.0,25.0,25.0,25.0,20.0,30.0,20.0,60.0,40.0,2,2,2,1,1,2,2,1,1,1,2,2,1,1,1,1,2,1,1,1,2,2,1,1,2,2,2,1,2,2,2,1,2,2,2,2,2,1,1,2
1679,2,3,2,2,2,2,2,2,1,3,70.0,,,1.0,3.0,4.0,6.0,,,,,5.0,1.0,25.0,,1.0,,,,,1.0,2.0,4.0,,,,20.0,,1.0,,,6.0,,1.0,,,4.0,,,,,,,,,,,1.0,1.0,1.0,1.0,1.0,1.0,6,3,3,3,2,5,6,6,3,2,40.0,35.0,30.0,35.0,35.0,30.0,35.0,25.0,60.0,40.0,1,1,2,1,2,2,1,1,1,2,1,1,2,2,2,1,2,2,1,2,2,2,2,2,1,1,1,2,2,1,2,1,2,2,2,1,1,2,1,2
1283,2,2,2,1,2,2,2,2,1,2,,30.0,1.0,,,,,3.0,4.0,5.0,5.0,,,,2.0,1.0,,,,,,,,1.0,2.0,4.0,,,,2.0,3.0,,,,1.0,,3.0,1.0,1.0,1.0,1.0,1.0,1.0,1.0,1.0,1.0,1.0,,,,,,,6,2,2,2,2,5,6,6,2,2,30.0,25.0,25.0,20.0,25.0,25.0,25.0,25.0,20.0,25.0,2,1,2,2,2,1,2,1,2,1,2,2,2,1,2,1,2,1,2,1,2,2,2,2,1,1,1,2,1,1,2,1,1,1,1,2,2,2,2,1
1817,5,5,5,5,5,5,5,5,2,2,70.0,,4.0,,3.0,4.0,6.0,,,,,6.0,1.0,54.0,,,2.0,,,,,,,1.0,5.0,6.0,,20.0,1.0,,4.0,,,1.0,,,5.0,1.0,1.0,1.0,1.0,1.0,1.0,1.0,1.0,1.0,1.0,,,,,,,6,2,3,3,2,5,6,6,3,2,62.0,55.0,60.0,70.0,68.0,65.0,80.0,60.0,40.0,35.0,1,2,2,2,1,2,2,1,2,2,1,2,1,2,2,1,2,2,1,1,2,2,2,1,2,1,2,2,2,1,1,1,1,1,2,1,1,1,2,1
1964,5,5,5,5,5,5,5,5,2,2,70.0,,,1.0,,,,3.0,4.0,3.0,5.0,,,,2.0,,2.0,2.0,5.0,6.0,,,,,,,20.0,,,2.0,,6.0,,1.0,,,5.0,1.0,1.0,1.0,1.0,1.0,1.0,1.0,1.0,1.0,1.0,,,,,,,7,3,2,2,2,5,7,7,3,2,65.0,55.0,60.0,70.0,75.0,70.0,80.0,60.0,40.0,35.0,2,2,2,2,2,2,2,2,2,2,1,2,1,2,2,2,2,2,1,1,2,2,2,1,1,2,1,1,1,1,2,2,1,1,2,1,2,2,1,2
785,5,5,5,5,5,5,5,5,2,2,,30.0,,1.0,2.0,3.0,6.0,,,,5.0,,,,2.0,,2.0,,,,3.0,5.0,5.0,,,,,20.0,1.0,,,,2.0,1.0,,,5.0,1.0,1.0,1.0,1.0,1.0,1.0,1.0,1.0,1.0,1.0,,,,,,,6,3,2,2,3,5,6,6,3,1,65.0,55.0,60.0,70.0,70.0,65.0,80.0,60.0,40.0,35.0,2,1,1,2,2,1,2,2,2,1,1,2,2,2,2,2,2,1,2,1,1,2,2,1,2,1,1,2,2,1,2,2,1,1,2,1,2,2,2,1
563,5,4,5,5,5,5,5,5,2,2,,30.0,4.0,,,,,4.0,3.0,2.0,5.0,,,,2.0,,2.0,,,,2.0,5.0,6.0,,,,20.0,,,2.0,,,3.0,1.0,,,5.0,,,,,,,,,,,1.0,1.0,1.0,1.0,1.0,1.0,6,2,2,3,2,5,6,5,3,2,62.0,55.0,60.0,70.0,75.0,65.0,80.0,60.0,40.0,35.0,1,1,2,2,2,2,1,1,1,2,1,1,2,1,1,1,2,1,2,2,2,2,1,2,2,2,2,1,2,1,2,1,2,1,1,2,1,2,2,1
199,4,4,4,4,4,4,5,4,2,2,70.0,,,1.0,,,,3.0,4.0,3.0,,5.0,1.0,50.0,,,2.0,,,,1.0,4.0,6.0,,,,,,,2.0,,6.0,,1.0,,,5.0,,,,,,,,,,,1.0,1.0,1.0,1.0,1.0,1.0,6,3,3,3,3,5,6,6,3,2,60.0,55.0,60.0,65.0,65.0,60.0,70.0,55.0,50.0,45.0,1,2,2,2,1,2,1,2,1,2,1,1,2,2,2,2,2,1,1,1,1,2,2,2,1,1,1,1,1,1,1,2,2,2,2,1,2,1,1,1
410,5,5,5,5,5,5,5,5,1,1,,30.0,,1.0,3.0,4.0,6.0,,,,,5.0,1.0,40.0,,1.0,,,,,3.0,4.0,5.0,,,,,20.0,,2.0,,6.0,,1.0,,4.0,,,,,,,,,,,,1.0,1.0,1.0,1.0,1.0,1.0,6,3,2,2,2,5,6,6,3,2,60.0,55.0,60.0,70.0,75.0,65.0,80.0,60.0,40.0,35.0,2,2,1,2,1,1,2,1,2,1,1,2,2,1,1,1,1,2,2,2,2,1,1,1,2,1,1,2,1,2,1,1,2,1,2,1,2,2,1,1
1385,4,4,4,4,4,4,5,4,2,2,,30.0,4.0,,,,,3.0,4.0,5.0,5.0,,,,2.0,1.0,,,,,2.0,4.0,5.0,,,,,12.0,,2.0,,,3.0,1.0,,,4.0,1.0,1.0,1.0,1.0,1.0,1.0,1.0,1.0,1.0,1.0,,,,,,,6,3,2,2,2,5,6,6,3,2,62.0,55.0,60.0,65.0,68.0,60.0,75.0,58.0,50.0,45.0,1,2,2,1,2,1,2,2,2,2,2,2,2,2,2,2,2,2,1,2,1,2,2,1,1,2,1,2,2,2,1,1,1,2,1,2,2,2,1,2
1163,2,3,2,2,2,2,2,2,1,1,70.0,,,1.0,2.0,3.0,6.0,,,,,3.0,,,2.0,1.0,,,,,,,,1.0,2.0,3.0,,,2.0,,3.0,,,,1.0,,2.0,,,,,,,,,,,1.0,1.0,1.0,1.0,1.0,1.0,6,2,2,2,2,5,6,6,2,1,40.0,35.0,30.0,30.0,30.0,30.0,30.0,30.0,40.0,40.0,2,2,2,2,2,2,2,2,2,1,2,2,1,2,2,2,2,2,2,2,2,2,2,2,2,2,2,2,2,2,1,2,2,2,2,2,2,2,2,2
1599,2,3,2,2,2,2,2,2,5,2,70.0,,3.0,,,,,3.0,4.0,4.0,3.0,,1.0,20.0,,1.0,,,,,,,,1.0,2.0,3.0,,,2.0,,,7.0,,1.0,,,2.0,,,,,,,,,,,1.0,1.0,1.0,1.0,1.0,1.0,6,2,2,2,2,5,6,6,1,2,30.0,25.0,20.0,20.0,20.0,20.0,20.0,20.0,40.0,20.0,2,2,2,2,2,2,2,2,2,2,2,2,2,2,2,2,2,2,2,2,2,2,2,2,2,2,2,2,2,2,2,2,2,2,2,2,2,2,2,2
1010,4,4,4,4,4,4,5,4,2,2,70.0,,4.0,,3.0,4.0,6.0,,,,5.0,,1.0,50.0,,1.0,,,,,2.0,4.0,5.0,,,,,18.0,1.0,,,6.0,,1.0,,4.0,,,,,,,,,,,,1.0,1.0,1.0,1.0,1.0,1.0,6,3,4,3,3,5,6,6,3,2,60.0,55.0,60.0,65.0,65.0,60.0,70.0,60.0,40.0,35.0,2,1,1,2,2,1,1,2,1,2,1,1,2,2,1,1,2,2,2,2,1,2,2,2,1,2,1,2,1,2,2,1,2,2,2,1,1,2,2,2
1862,5,5,5,5,5,5,5,5,1,1,,30.0,4.0,,,,,4.0,4.0,3.0,,5.0,1.0,54.0,,1.0,,2.0,5.0,6.0,,,,,,,,,,2.0,,6.0,,1.0,,5.0,,,,,,,,,,,,1.0,1.0,1.0,1.0,1.0,1.0,6,2,3,3,2,5,6,6,3,2,65.0,55.0,60.0,70.0,75.0,70.0,80.0,60.0,40.0,35.0,2,1,1,1,2,2,2,2,2,2,1,1,1,2,1,1,1,1,1,2,2,2,2,2,2,2,1,2,2,1,1,1,2,1,1,2,2,2,2,2
1911,4,4,4,5,5,5,5,5,2,2,70.0,,4.0,,,,,3.0,4.0,5.0,,5.0,,,2.0,1.0,,,,,3.0,4.0,5.0,,,,16.0,,1.0,,,6.0,,1.0,,,5.0,1.0,1.0,1.0,1.0,1.0,1.0,1.0,1.0,1.0,1.0,,,,,,,6,3,2,2,2,4,6,6,3,2,62.0,55.0,60.0,70.0,68.0,65.0,75.0,60.0,40.0,35.0,2,2,2,2,2,1,2,1,1,2,2,2,2,1,1,1,1,1,2,2,1,2,1,1,1,2,1,1,1,2,1,1,1,1,1,1,1,1,1,1
898,4,5,4,4,4,4,5,4,2,2,70.0,,4.0,,,,,3.0,4.0,5.0,,5.0,1.0,54.0,,,2.0,,,,,,,2.0,5.0,6.0,2.0,,,2.0,,7.0,,1.0,,,5.0,1.0,1.0,1.0,1.0,1.0,1.0,1.0,1.0,1.0,1.0,,,,,,,6,3,2,2,3,5,6,6,3,2,62.0,55.0,60.0,65.0,68.0,60.0,70.0,58.0,45.0,40.0,2,2,1,1,2,1,2,1,1,1,2,2,2,1,1,1,1,2,2,2,2,1,2,1,2,1,1,1,1,1,1,1,1,1,1,1,1,2,2,2
158,5,4,4,4,4,4,5,5,2,2,70.0,,3.0,,,,,4.0,5.0,3.0,,5.0,1.0,50.0,,1.0,,2.0,4.0,5.0,,,,,,,,,1.0,,,7.0,,1.0,,4.0,,1.0,1.0,1.0,1.0,1.0,1.0,1.0,1.0,1.0,1.0,,,,,,,6,3,2,2,3,5,6,6,3,2,60.0,55.0,50.0,60.0,65.0,60.0,70.0,55.0,40.0,35.0,2,2,2,1,2,2,1,2,2,1,1,2,1,2,2,2,1,2,2,2,1,2,2,2,2,2,1,1,2,2,1,2,1,2,2,2,1,2,2,2
744,2,3,2,2,3,2,4,2,4,3,70.0,,1.0,,,,,3.0,4.0,2.0,5.0,,1.0,35.0,,,2.0,,,,2.0,4.0,5.0,,,,,,1.0,,,6.0,,,1.0,3.0,,1.0,1.0,1.0,1.0,1.0,1.0,1.0,1.0,1.0,1.0,,,,,,,6,3,3,3,3,5,6,6,3,2,45.0,40.0,38.0,35.0,40.0,35.0,50.0,30.0,55.0,30.0,1,1,1,1,1,2,2,2,2,1,1,1,1,2,2,2,2,2,2,2,1,1,2,1,1,1,2,2,1,1,2,2,2,2,1,2,1,2,2,2
637,5,5,5,5,5,5,5,5,2,2,,30.0,,1.0,,,,4.0,4.0,3.0,5.0,,1.0,40.0,,1.0,,,,,,,,2.0,4.0,5.0,,15.0,1.0,,,,3.0,,1.0,,5.0,,,,,,,,,,,1.0,1.0,1.0,1.0,1.0,1.0,6,3,3,3,2,5,6,6,3,2,60.0,55.0,50.0,65.0,60.0,60.0,70.0,55.0,40.0,35.0,2,2,1,1,1,2,1,1,1,2,1,1,1,2,1,1,1,2,2,2,1,1,1,1,2,1,2,2,2,1,2,1,2,2,1,2,1,2,2,1
1558,2,2,2,2,2,2,5,2,4,2,70.0,,,1.0,3.0,3.0,6.0,,,,,5.0,1.0,54.0,,1.0,,,,,,,,1.0,4.0,5.0,,20.0,,2.0,,,3.0,1.0,,3.0,,1.0,1.0,1.0,1.0,1.0,1.0,1.0,1.0,1.0,1.0,,,,,,,6,3,2,2,3,5,6,6,3,2,45.0,38.0,40.0,35.0,40.0,35.0,50.0,30.0,60.0,30.0,1,1,2,2,1,2,1,1,2,1,1,2,2,2,2,2,2,2,1,1,1,2,2,2,2,2,2,1,2,1,2,1,1,2,1,2,1,2,1,2
1344,3,4,3,2,3,2,5,3,2,2,,30.0,5.0,,2.0,3.0,6.0,,,,,5.0,,,2.0,1.0,,,,,2.0,4.0,5.0,,,,,,1.0,,4.0,,,1.0,,4.0,,1.0,1.0,1.0,1.0,1.0,1.0,1.0,1.0,1.0,1.0,,,,,,,6,3,2,2,3,5,6,6,3,2,60.0,55.0,50.0,40.0,55.0,45.0,70.0,60.0,40.0,35.0,2,2,2,2,2,2,1,2,1,2,2,2,2,1,2,2,1,2,1,1,2,1,2,1,1,1,2,2,2,1,2,2,1,2,2,2,1,1,2,1
1237,3,3,3,3,3,3,3,3,3,3,,30.0,,1.0,,,,3.0,3.0,3.0,,4.0,,,2.0,1.0,,,,,3.0,3.0,4.0,,,,10.0,,2.0,,3.0,,,1.0,,,3.0,1.0,1.0,1.0,1.0,1.0,1.0,1.0,1.0,1.0,1.0,,,,,,,5,2,2,2,2,5,5,5,3,2,40.0,35.0,35.0,40.0,40.0,40.0,40.0,35.0,35.0,35.0,1,2,2,2,2,1,2,2,1,2,2,1,2,1,2,1,2,2,2,1,2,1,2,2,2,1,2,1,2,2,2,1,1,2,2,1,2,2,1,2
859,4,4,4,3,4,3,5,4,2,2,70.0,,,2.0,3.0,4.0,5.0,,,,,5.0,1.0,40.0,,1.0,,,,,2.0,4.0,5.0,,,,3.0,,1.0,,4.0,,,1.0,,,4.0,1.0,1.0,1.0,1.0,1.0,1.0,1.0,1.0,1.0,1.0,,,,,,,6,3,2,2,2,4,6,6,3,2,55.0,50.0,45.0,50.0,55.0,50.0,60.0,45.0,40.0,35.0,1,2,2,1,1,1,1,1,2,1,2,1,2,1,1,1,2,2,1,1,2,2,2,2,1,1,2,2,2,1,2,2,2,2,1,1,2,1,2,1
682,5,5,5,5,5,5,5,5,1,1,,30.0,4.0,,,,,4.0,4.0,3.0,5.0,,1.0,50.0,,,2.0,,,,,,,2.0,5.0,6.0,,,,2.0,,,2.0,,2.0,,5.0,,,,,,,,,,,1.0,1.0,1.0,1.0,1.0,1.0,6,2,2,2,2,5,6,6,3,2,65.0,60.0,60.0,70.0,75.0,70.0,80.0,65.0,40.0,35.0,1,2,2,2,2,2,2,1,1,2,1,2,1,2,1,1,2,1,2,1,2,1,2,1,2,1,1,2,2,2,1,2,1,2,2,1,2,2,2,2
278,5,4,5,5,5,5,5,5,1,2,70.0,,,1.0,3.0,4.0,6.0,,,,,5.0,1.0,50.0,,1.0,,,,,2.0,5.0,6.0,,,,,18.0,1.0,,,,3.0,,2.0,,5.0,,,,,,,,,,,1.0,1.0,1.0,1.0,1.0,1.0,6,3,2,2,3,5,6,6,3,2,60.0,55.0,60.0,70.0,70.0,65.0,75.0,60.0,40.0,45.0,2,2,2,1,1,2,2,1,2,1,2,2,1,2,1,1,2,2,1,2,1,1,2,2,2,2,2,1,2,1,2,1,1,1,2,2,2,2,1,2
464,4,4,4,5,5,5,5,4,2,2,70.0,,,1.0,3.0,4.0,6.0,,,,,5.0,1.0,40.0,,,2.0,,,,,,,3.0,4.0,5.0,,18.0,1.0,,,6.0,,,2.0,4.0,,,,,,,,,,,,1.0,1.0,1.0,1.0,1.0,1.0,6,3,3,3,3,5,6,6,3,2,60.0,55.0,60.0,70.0,70.0,70.0,80.0,60.0,40.0,40.0,1,2,1,2,2,2,2,1,2,2,1,2,1,2,1,1,2,2,2,2,1,1,1,2,1,2,1,1,2,2,1,1,1,1,2,2,2,2,1,1
517,5,5,5,5,5,5,5,5,1,1,70.0,,,1.0,,,,4.0,3.0,2.0,,5.0,1.0,54.0,,,2.0,,,,,,,2.0,4.0,4.0,,,1.0,,,5.0,,,1.0,5.0,,,,,,,,,,,,1.0,1.0,1.0,1.0,1.0,1.0,6,2,2,2,2,5,6,6,3,2,60.0,55.0,60.0,70.0,75.0,65.0,80.0,60.0,40.0,35.0,2,1,2,1,2,1,2,1,2,2,2,2,2,2,2,1,2,1,2,2,2,2,2,1,2,2,1,2,2,1,1,1,2,2,2,2,2,2,1,2
1282,2,3,2,2,3,2,4,2,4,3,,30.0,,1.0,3.0,3.0,5.0,,,,,5.0,1.0,35.0,,,2.0,1.0,4.0,4.0,,,,,,,,,1.0,,3.0,,,1.0,,,4.0,1.0,1.0,1.0,1.0,1.0,1.0,1.0,1.0,1.0,1.0,,,,,,,6,3,3,3,2,5,6,5,3,2,40.0,35.0,30.0,35.0,40.0,30.0,50.0,30.0,60.0,35.0,2,2,2,1,1,2,1,1,1,1,1,1,2,2,1,2,1,2,2,2,2,1,2,1,2,2,2,1,2,1,2,2,2,2,1,2,1,2,1,2
1678,5,5,5,5,5,5,5,5,1,1,,30.0,4.0,,,,,3.0,4.0,5.0,,5.0,1.0,50.0,,,2.0,,,,,,,2.0,5.0,6.0,20.0,,,2.0,,7.0,,1.0,,,5.0,,,,,,,,,,,1.0,1.0,1.0,1.0,1.0,1.0,7,2,2,2,2,5,6,6,3,2,60.0,55.0,60.0,70.0,70.0,65.0,80.0,60.0,40.0,35.0,2,2,2,2,2,1,1,2,2,1,2,2,2,1,1,2,2,2,1,1,1,2,2,1,2,1,2,1,2,2,2,1,2,2,2,1,2,2,2,2
1064,5,5,5,5,5,5,5,5,1,1,,30.0,4.0,,,,,4.0,5.0,3.0,5.0,,,,2.0,1.0,,,,,2.0,4.0,5.0,,,,16.0,,1.0,,,6.0,,,2.0,,5.0,,,,,,,,,,,1.0,1.0,1.0,1.0,1.0,1.0,6,3,2,2,2,5,6,6,3,2,62.0,55.0,60.0,70.0,68.0,65.0,75.0,60.0,40.0,38.0,1,2,1,1,2,1,1,2,2,1,2,1,2,1,2,1,2,1,1,2,2,2,2,1,2,2,2,2,2,2,1,1,2,1,1,1,2,2,2,2
1117,5,5,5,5,5,5,5,5,1,1,70.0,,,1.0,,,,4.0,4.0,3.0,5.0,,1.0,54.0,,,2.0,,,,,,,2.0,5.0,6.0,,,1.0,,,,3.0,1.0,,5.0,,,,,,,,,,,,1.0,1.0,1.0,1.0,1.0,1.0,6,2,2,3,2,5,6,6,3,2,65.0,60.0,62.0,70.0,75.0,68.0,80.0,60.0,40.0,35.0,2,2,2,2,2,1,2,2,2,2,2,1,2,1,2,1,2,2,2,2,2,2,2,1,2,2,1,2,2,2,2,2,2,2,2,2,2,2,2,2
1965,2,2,2,2,2,2,2,2,4,2,,30.0,,1.0,3.0,3.0,5.0,,,,5.0,,,,1.0,1.0,,,,,1.0,2.0,3.0,,,,,,2.0,,,,1.0,,1.0,3.0,,1.0,1.0,1.0,1.0,1.0,1.0,1.0,1.0,1.0,1.0,,,,,,,6,2,2,2,2,5,6,6,1,1,30.0,30.0,30.0,30.0,30.0,30.0,30.0,30.0,30.0,30.0,2,2,2,2,2,2,2,2,2,2,2,2,1,2,2,2,2,2,1,1,2,2,2,1,2,2,1,2,1,2,2,2,2,1,1,2,2,2,1,2
1816,4,4,4,4,4,4,5,4,2,2,,30.0,4.0,,,,,3.0,4.0,5.0,5.0,,,,2.0,1.0,,,,,,,,2.0,4.0,5.0,,18.0,1.0,,5.0,,,1.0,,4.0,,1.0,1.0,1.0,1.0,1.0,1.0,1.0,1.0,1.0,1.0,,,,,,,6,3,2,2,3,5,6,6,3,1,60.0,55.0,60.0,65.0,70.0,60.0,75.0,60.0,50.0,45.0,2,1,1,2,1,2,1,2,2,2,2,1,2,1,2,1,1,2,2,2,2,1,1,2,1,2,2,1,2,1,1,2,2,2,1,1,2,1,2,1
643,5,5,5,5,5,5,5,5,1,1,70.0,,,1.0,3.0,4.0,6.0,,,,6.0,,,,2.0,,2.0,1.0,5.0,6.0,,,,,,,,20.0,1.0,,4.0,,,,1.0,5.0,,1.0,1.0,1.0,1.0,1.0,1.0,1.0,1.0,1.0,1.0,,,,,,,6,3,4,3,2,5,6,6,3,2,62.0,55.0,60.0,70.0,75.0,65.0,80.0,60.0,40.0,35.0,1,1,2,1,1,1,1,2,2,2,1,2,1,2,1,1,2,1,1,1,2,2,2,2,2,2,2,1,2,2,2,2,2,2,2,1,2,2,2,2
730,4,4,4,4,4,4,5,4,2,2,,30.0,,1.0,3.0,4.0,6.0,,,,5.0,,,,2.0,1.0,,,,,,,,2.0,4.0,5.0,5.0,,1.0,,4.0,,,,1.0,4.0,,1.0,1.0,1.0,1.0,1.0,1.0,1.0,1.0,1.0,1.0,,,,,,,6,3,3,3,3,5,6,6,3,2,60.0,55.0,60.0,65.0,65.0,60.0,70.0,60.0,50.0,45.0,1,2,1,2,1,1,2,2,2,1,1,1,2,2,1,2,2,1,2,2,1,2,1,2,1,1,2,2,1,1,2,1,1,2,2,2,2,2,1,2
1243,5,5,5,5,5,5,5,5,1,1,70.0,,,1.0,3.0,4.0,6.0,,,,5.0,,,,2.0,1.0,,,,,,,,1.0,5.0,6.0,,,,2.0,,7.0,,,2.0,,5.0,1.0,1.0,1.0,1.0,1.0,1.0,1.0,1.0,1.0,1.0,,,,,,,6,2,2,2,2,5,6,6,3,2,65.0,55.0,60.0,70.0,75.0,65.0,80.0,60.0,40.0,35.0,2,2,2,2,1,1,1,2,2,1,2,1,1,2,2,2,2,2,1,1,1,2,1,2,2,1,2,2,2,1,2,2,2,1,2,1,2,2,2,2
1330,4,4,4,4,4,4,4,4,2,2,,30.0,,1.0,,,,3.0,4.0,5.0,5.0,,1.0,30.0,,1.0,,2.0,4.0,4.0,,,,,,,20.0,,1.0,,,,2.0,,1.0,4.0,,1.0,1.0,1.0,1.0,1.0,1.0,1.0,1.0,1.0,1.0,,,,,,,6,3,2,2,3,5,6,6,3,2,60.0,55.0,50.0,60.0,60.0,55.0,65.0,60.0,40.0,35.0,1,2,2,2,2,1,2,2,2,2,2,2,2,2,2,2,1,2,1,2,1,2,2,2,2,2,2,1,2,1,1,2,2,1,2,1,1,2,2,2
636,4,4,4,4,4,4,5,4,2,3,70.0,,4.0,,,,,3.0,4.0,4.0,,5.0,,,2.0,1.0,,,,,2.0,4.0,5.0,,,,18.0,,1.0,,,,2.0,1.0,,,4.0,,,,,,,,,,,1.0,1.0,1.0,1.0,1.0,1.0,6,3,4,4,3,5,6,6,3,2,62.0,55.0,58.0,65.0,67.0,60.0,75.0,59.0,48.0,44.0,2,2,2,2,1,2,1,2,1,2,2,2,2,1,2,2,1,1,1,1,2,2,2,2,1,2,2,2,2,2,2,2,2,1,2,1,1,2,1,1
745,2,3,2,2,3,2,4,2,4,3,,30.0,1.0,,,,,3.0,4.0,2.0,,5.0,,,2.0,1.0,,1.0,2.0,4.0,,,,,,,20.0,,,2.0,3.0,,,1.0,,3.0,,1.0,1.0,1.0,1.0,1.0,1.0,1.0,1.0,1.0,1.0,,,,,,,6,2,3,2,3,5,6,5,3,2,45.0,38.0,40.0,35.0,40.0,35.0,50.0,30.0,55.0,30.0,2,2,1,2,2,1,1,2,1,2,1,2,1,1,2,1,2,2,1,2,2,1,1,1,1,2,2,1,2,1,1,2,2,1,1,1,2,2,2,2
159,4,4,4,2,4,2,4,2,2,2,,30.0,1.0,,,,,3.0,4.0,5.0,,5.0,,,2.0,,2.0,1.0,4.0,4.0,,,,,,,,,,2.0,,,3.0,,1.0,,4.0,1.0,1.0,1.0,1.0,1.0,1.0,1.0,1.0,1.0,1.0,,,,,,,6,3,3,3,3,5,6,6,3,1,60.0,55.0,60.0,50.0,60.0,50.0,60.0,50.0,60.0,50.0,2,2,1,2,2,2,1,1,2,1,2,1,2,2,1,1,2,1,1,2,2,2,1,2,2,2,2,1,2,2,1,2,1,1,2,1,2,1,1,1
1236,4,4,4,4,4,4,4,4,2,2,70.0,,4.0,,,,,4.0,5.0,3.0,,5.0,,,2.0,,2.0,2.0,4.0,5.0,,,,,,,2.0,,1.0,,,,2.0,1.0,,4.0,,1.0,1.0,1.0,1.0,1.0,1.0,1.0,1.0,1.0,1.0,,,,,,,6,3,3,3,2,5,6,6,3,2,62.0,54.0,56.0,60.0,62.0,60.0,66.0,58.0,54.0,52.0,1,1,2,2,2,2,2,2,1,2,1,2,2,2,2,2,2,1,2,2,2,2,1,1,2,1,2,2,2,2,2,2,2,1,1,2,1,2,2,1
1345,5,5,5,5,5,5,5,5,2,2,,30.0,,1.0,,,,3.0,4.0,5.0,5.0,,,,2.0,1.0,,2.0,4.0,4.0,,,,,,,20.0,,,2.0,4.0,,,1.0,,4.0,,,,,,,,,,,,1.0,1.0,1.0,1.0,1.0,1.0,6,3,2,2,3,5,6,6,3,2,60.0,55.0,60.0,65.0,70.0,60.0,80.0,65.0,50.0,40.0,2,2,2,1,1,2,2,2,2,2,1,1,2,2,1,2,2,1,1,2,2,2,2,2,2,1,1,1,2,1,2,1,2,2,1,2,2,2,1,2
1559,2,3,2,2,2,2,2,2,1,1,70.0,,,1.0,3.0,4.0,6.0,,,,,5.0,,,2.0,,2.0,,,,1.0,2.0,3.0,,,,,,,2.0,3.0,,,,1.0,3.0,,,,,,,,,,,,1.0,1.0,1.0,1.0,1.0,1.0,6,2,2,2,2,5,6,6,1,1,30.0,25.0,20.0,20.0,20.0,20.0,20.0,20.0,40.0,40.0,2,1,2,2,1,2,1,2,1,2,2,2,1,2,2,1,2,1,2,2,2,1,1,2,1,2,2,2,1,1,2,2,1,2,2,1,2,2,2,1
858,5,5,5,5,5,5,5,5,1,1,,30.0,4.0,,,,,4.0,4.0,3.0,5.0,,1.0,54.0,,1.0,,4.0,5.0,6.0,,,,,,,,20.0,1.0,,,7.0,,1.0,,5.0,,1.0,1.0,1.0,1.0,1.0,1.0,1.0,1.0,1.0,1.0,,,,,,,6,3,2,2,2,5,6,6,3,2,65.0,60.0,60.0,70.0,75.0,70.0,80.0,65.0,40.0,35.0,1,1,2,2,1,2,1,1,1,1,2,2,1,1,1,2,2,2,1,1,2,2,1,2,1,2,1,2,1,2,1,2,2,2,2,2,2,1,1,2
411,2,3,2,1,2,2,4,2,4,3,,30.0,4.0,,3.0,4.0,6.0,,,,5.0,,1.0,40.0,,1.0,,1.0,2.0,3.0,,,,,,,20.0,,2.0,,,7.0,,1.0,,,4.0,,,,,,,,,,,1.0,1.0,1.0,1.0,1.0,1.0,6,2,3,3,2,5,6,6,2,2,40.0,35.0,30.0,20.0,25.0,20.0,30.0,25.0,40.0,20.0,1,2,1,1,2,2,2,1,2,1,2,2,1,2,1,2,2,2,2,2,1,2,1,2,1,2,2,1,2,2,1,2,2,1,2,2,2,2,1,2
198,5,5,5,5,5,5,5,5,2,2,70.0,,4.0,,,,,3.0,4.0,5.0,5.0,,,,2.0,1.0,,,,,,,,1.0,4.0,5.0,18.0,,1.0,,,,3.0,,2.0,4.0,,1.0,1.0,1.0,1.0,1.0,1.0,1.0,1.0,1.0,1.0,,,,,,,6,3,2,2,2,5,6,6,3,1,60.0,55.0,60.0,70.0,75.0,65.0,80.0,60.0,40.0,35.0,2,2,2,2,1,2,1,1,1,2,1,2,1,2,1,2,2,2,2,2,2,2,2,1,1,1,1,2,1,1,1,1,2,1,2,2,1,2,2,1
562,5,5,5,5,5,5,5,5,1,1,,30.0,4.0,,3.0,4.0,6.0,,,,,6.0,,,2.0,,2.0,1.0,5.0,6.0,,,,,,,,,1.0,,,,3.0,1.0,,5.0,,,,,,,,,,,,1.0,1.0,1.0,1.0,1.0,1.0,6,2,2,2,2,4,6,6,3,2,65.0,60.0,60.0,70.0,70.0,65.0,80.0,60.0,40.0,30.0,2,2,2,1,2,2,2,1,1,1,1,2,1,1,1,1,2,2,2,2,2,2,2,1,2,2,2,2,2,1,2,1,2,2,1,2,2,2,2,2
784,4,4,4,4,4,4,4,4,2,2,70.0,,,1.0,3.0,4.0,6.0,,,,,5.0,,,2.0,1.0,,2.0,4.0,4.0,,,,,,,5.0,,1.0,,,,3.0,,2.0,4.0,,,,,,,,,,,,1.0,1.0,1.0,1.0,1.0,1.0,6,3,4,3,3,5,6,5,3,2,60.0,55.0,60.0,65.0,65.0,60.0,70.0,60.0,40.0,45.0,1,1,2,2,1,1,1,2,2,2,1,1,2,2,2,2,1,2,2,2,1,2,1,2,1,1,2,2,1,2,2,1,2,1,2,1,1,1,1,1
1011,4,4,4,4,4,4,5,4,2,2,,30.0,,1.0,3.0,3.0,5.0,,,,,6.0,1.0,54.0,,1.0,,,,,3.0,4.0,5.0,,,,,18.0,1.0,,5.0,,,1.0,,4.0,,1.0,1.0,1.0,1.0,1.0,1.0,1.0,1.0,1.0,1.0,,,,,,,6,3,2,2,2,5,6,6,3,2,60.0,55.0,60.0,65.0,70.0,60.0,80.0,65.0,40.0,35.0,1,1,2,2,1,1,2,1,1,2,2,1,2,1,2,2,2,1,1,1,2,1,2,2,1,2,1,1,1,1,2,2,2,1,1,2,1,1,1,1
1598,4,4,4,3,4,3,4,4,2,2,,30.0,4.0,,3.0,4.0,5.0,,,,,5.0,,,2.0,,2.0,1.0,4.0,4.0,,,,,,,20.0,,1.0,,3.0,,,1.0,,4.0,,1.0,1.0,1.0,1.0,1.0,1.0,1.0,1.0,1.0,1.0,,,,,,,6,2,3,3,3,5,6,6,3,1,55.0,48.0,50.0,60.0,58.0,52.0,65.0,54.0,40.0,38.0,1,1,2,1,1,2,1,2,1,2,2,2,2,1,1,2,2,2,2,1,2,1,2,1,2,2,1,1,2,2,1,2,1,2,1,1,2,2,2,2
1162,2,3,2,2,3,2,4,2,4,3,70.0,,1.0,,,,,3.0,4.0,2.0,5.0,,,,2.0,1.0,,1.0,2.0,4.0,,,,,,,,,,2.0,3.0,,,,1.0,,3.0,1.0,1.0,1.0,1.0,1.0,1.0,1.0,1.0,1.0,1.0,,,,,,,6,3,2,2,3,5,6,6,2,2,40.0,35.0,30.0,30.0,35.0,30.0,40.0,25.0,50.0,30.0,2,2,2,2,2,2,2,1,1,2,2,1,1,2,2,2,2,2,1,1,2,1,1,1,2,1,1,2,1,2,2,2,2,1,2,2,1,2,2,2
1384,2,3,2,2,3,2,4,2,4,3,70.0,,,1.0,,,,3.0,4.0,5.0,,5.0,,,2.0,,2.0,1.0,3.0,4.0,,,,,,,18.0,,1.0,,,,3.0,1.0,,,4.0,1.0,1.0,1.0,1.0,1.0,1.0,1.0,1.0,1.0,1.0,,,,,,,6,2,3,3,3,5,6,6,3,2,55.0,48.0,50.0,60.0,62.0,45.0,70.0,52.0,58.0,40.0,1,1,2,1,2,2,2,1,1,1,2,1,1,2,2,1,2,2,2,2,2,2,1,2,1,2,1,2,2,1,2,2,1,1,2,1,2,1,2,2
1910,3,4,3,2,3,2,5,3,4,3,,30.0,,1.0,,,,4.0,3.0,4.0,,5.0,1.0,40.0,,1.0,,2.0,4.0,5.0,,,,,,,,8.0,,2.0,5.0,,,,1.0,4.0,,1.0,1.0,1.0,1.0,1.0,1.0,1.0,1.0,1.0,1.0,,,,,,,6,3,4,3,3,5,6,5,3,2,55.0,48.0,52.0,45.0,54.0,50.0,60.0,44.0,58.0,47.0,2,2,1,2,1,2,2,2,2,1,2,2,1,1,2,1,1,2,2,2,1,1,1,1,1,1,1,1,2,2,2,1,2,1,1,2,2,1,1,2
1863,4,4,4,4,4,4,4,4,2,2,,30.0,4.0,,2.0,3.0,6.0,,,,,5.0,1.0,30.0,,,2.0,2.0,4.0,4.0,,,,,,,18.0,,1.0,,,,3.0,1.0,,4.0,,,,,,,,,,,,1.0,1.0,1.0,1.0,1.0,1.0,6,3,3,3,3,5,6,6,3,2,60.0,55.0,50.0,60.0,65.0,60.0,70.0,55.0,40.0,35.0,2,2,2,1,1,1,2,2,2,1,2,1,2,2,1,2,2,1,2,2,2,1,2,2,1,2,1,2,2,2,2,2,2,2,1,2,1,1,1,2
899,4,4,4,4,4,4,5,4,2,2,,30.0,,1.0,,,,3.0,4.0,2.0,,5.0,1.0,50.0,,1.0,,2.0,4.0,5.0,,,,,,,18.0,,,2.0,5.0,,,1.0,,,4.0,,,,,,,,,,,1.0,1.0,1.0,1.0,1.0,1.0,6,3,3,3,3,5,6,6,3,2,60.0,55.0,60.0,65.0,70.0,60.0,80.0,60.0,50.0,40.0,1,2,2,2,1,1,2,1,1,1,2,2,1,2,2,2,1,1,2,2,2,2,2,2,2,1,2,2,1,2,2,1,1,2,1,1,1,2,2,2
921,4,4,4,4,4,4,5,4,2,2,,30.0,,1.0,,,,3.0,3.0,4.0,5.0,,,,2.0,,2.0,,,,,,,1.0,4.0,4.0,,,1.0,,,,3.0,1.0,,4.0,,1.0,1.0,1.0,1.0,1.0,1.0,1.0,1.0,1.0,1.0,,,,,,,6,2,2,2,2,4,6,6,3,2,60.0,55.0,60.0,65.0,65.0,60.0,70.0,60.0,55.0,50.0,1,1,2,1,1,2,1,1,2,1,2,1,1,1,2,1,2,1,1,1,2,1,2,2,2,2,1,1,2,2,1,2,2,1,2,1,1,1,2,2
852,4,4,4,4,4,4,5,4,2,2,70.0,,4.0,,3.0,4.0,6.0,,,,5.0,,,,2.0,,2.0,2.0,4.0,4.0,,,,,,,18.0,,1.0,,,5.0,,,2.0,,4.0,1.0,1.0,1.0,1.0,1.0,1.0,1.0,1.0,1.0,1.0,,,,,,,6,3,3,3,2,5,6,6,3,2,55.0,48.0,52.0,60.0,62.0,58.0,70.0,54.0,45.0,40.0,1,2,1,1,2,2,1,2,1,2,2,2,1,2,2,1,2,2,2,1,1,1,2,1,1,2,2,1,2,1,1,2,2,2,1,2,1,1,2,2
153,5,5,5,5,5,5,5,5,2,2,,30.0,,1.0,,,,3.0,4.0,5.0,,5.0,1.0,54.0,,,2.0,,,,,,,2.0,4.0,6.0,,,1.0,,,7.0,,,2.0,,5.0,,,,,,,,,,,1.0,1.0,1.0,1.0,1.0,1.0,6,3,3,3,3,5,6,6,3,2,65.0,60.0,60.0,70.0,75.0,70.0,80.0,60.0,40.0,35.0,1,2,1,1,2,1,2,2,2,2,2,2,2,1,1,2,2,2,2,1,2,1,2,1,1,2,1,2,2,2,1,1,2,2,1,1,1,2,1,2
1420,4,4,4,3,4,4,5,4,2,2,,30.0,,1.0,3.0,4.0,6.0,,,,,5.0,,,2.0,,2.0,,,,,,,2.0,4.0,5.0,18.0,,,2.0,,,3.0,,2.0,,4.0,,,,,,,,,,,1.0,1.0,1.0,1.0,1.0,1.0,6,3,3,3,3,5,6,6,3,2,60.0,55.0,58.0,62.0,65.0,60.0,70.0,55.0,40.0,38.0,1,1,1,1,2,1,1,1,2,1,1,1,2,1,1,2,2,2,1,2,2,2,1,2,2,2,2,2,2,2,2,1,2,2,2,1,1,1,2,2
1553,2,2,2,1,2,2,4,2,4,2,,30.0,,1.0,3.0,4.0,6.0,,,,5.0,,,,2.0,,2.0,,,,1.0,3.0,3.0,,,,,,,2.0,3.0,,,,1.0,,3.0,1.0,1.0,1.0,1.0,1.0,1.0,1.0,1.0,1.0,1.0,,,,,,,6,2,2,2,2,4,6,6,2,1,30.0,20.0,20.0,10.0,20.0,20.0,30.0,20.0,30.0,20.0,2,2,2,1,2,2,2,2,2,1,2,2,2,1,2,2,2,2,2,2,1,2,1,1,1,2,2,2,2,2,2,1,1,2,2,1,2,1,2,2
1869,4,4,4,5,5,5,5,4,2,2,,30.0,,1.0,3.0,4.0,6.0,,,,,5.0,1.0,54.0,,1.0,,2.0,4.0,5.0,,,,,,,16.0,,1.0,,,,3.0,1.0,,,5.0,1.0,1.0,1.0,1.0,1.0,1.0,1.0,1.0,1.0,1.0,,,,,,,6,3,2,2,3,5,6,6,3,2,60.0,55.0,58.0,65.0,70.0,62.0,75.0,60.0,40.0,35.0,2,1,1,2,2,2,1,1,2,2,1,2,2,1,2,2,1,1,2,1,2,1,2,2,2,1,2,2,2,1,2,1,1,2,1,1,1,2,2,1
893,5,4,5,5,5,5,5,5,2,2,,30.0,4.0,,,,,3.0,3.0,4.0,,5.0,,,2.0,,2.0,2.0,4.0,5.0,,,,,,,,,1.0,,,,3.0,1.0,,,5.0,1.0,1.0,1.0,1.0,1.0,1.0,1.0,1.0,1.0,1.0,,,,,,,6,3,3,3,2,5,6,6,3,2,62.0,54.0,60.0,68.0,70.0,65.0,75.0,60.0,55.0,50.0,2,2,2,2,1,2,2,2,1,2,1,2,1,2,2,2,1,1,2,1,2,1,1,2,1,2,2,2,1,2,2,2,2,2,2,1,1,2,1,2
568,5,4,5,5,5,5,5,5,1,1,,30.0,4.0,,,,,3.0,4.0,2.0,,6.0,1.0,50.0,,1.0,,,,,,,,2.0,4.0,5.0,2.0,,,2.0,,5.0,,1.0,,4.0,,1.0,1.0,1.0,1.0,1.0,1.0,1.0,1.0,1.0,1.0,,,,,,,6,3,4,4,3,5,6,6,3,2,60.0,55.0,60.0,70.0,75.0,65.0,80.0,60.0,40.0,35.0,2,2,1,2,1,2,1,1,2,2,1,1,2,1,2,1,2,2,2,1,1,2,2,2,1,2,1,2,2,2,2,1,2,1,1,1,1,1,1,2
192,5,5,5,5,5,5,5,5,1,1,70.0,,4.0,,3.0,4.0,6.0,,,,,7.0,1.0,54.0,,,2.0,,,,,,,4.0,5.0,6.0,,,1.0,,,,1.0,,2.0,,6.0,1.0,1.0,1.0,1.0,1.0,1.0,1.0,1.0,1.0,1.0,,,,,,,6,2,2,2,2,5,6,6,4,1,65.0,60.0,60.0,70.0,75.0,70.0,80.0,60.0,30.0,40.0,1,1,1,1,2,1,1,2,2,2,2,2,2,2,2,1,2,1,2,1,2,1,2,2,1,1,2,2,1,2,1,2,2,1,1,1,2,2,2,2
207,4,4,4,2,3,2,5,3,2,2,70.0,,3.0,,3.0,4.0,6.0,,,,5.0,,,,2.0,1.0,,2.0,4.0,5.0,,,,,,,20.0,,,2.0,,,3.0,,1.0,,4.0,,,,,,,,,,,1.0,1.0,1.0,1.0,1.0,1.0,6,3,4,3,3,5,6,5,3,2,60.0,55.0,50.0,45.0,50.0,55.0,60.0,50.0,40.0,35.0,2,1,2,1,1,2,1,2,1,1,2,2,1,1,1,2,1,2,1,2,2,2,2,2,1,1,2,2,1,1,2,2,2,1,1,2,1,2,2,2
374,4,4,4,4,4,4,5,4,2,2,,30.0,4.0,,,,,3.0,4.0,3.0,,5.0,1.0,50.0,,,2.0,,,,,,,3.0,4.0,5.0,,18.0,,2.0,,,3.0,,2.0,,4.0,1.0,1.0,1.0,1.0,1.0,1.0,1.0,1.0,1.0,1.0,,,,,,,6,3,4,4,3,5,6,6,3,2,60.0,55.0,60.0,65.0,70.0,60.0,75.0,60.0,50.0,45.0,1,1,2,2,2,2,2,1,1,2,2,1,1,2,2,1,1,1,1,2,2,2,2,1,2,1,2,1,2,2,2,1,2,1,1,2,2,2,1,2
1168,4,4,4,5,5,5,5,4,2,2,70.0,,4.0,,3.0,4.0,6.0,,,,5.0,,,,2.0,,2.0,2.0,4.0,5.0,,,,,,,18.0,,,2.0,,,3.0,,2.0,,4.0,,,,,,,,,,,1.0,1.0,1.0,1.0,1.0,1.0,6,3,4,3,3,5,6,5,3,2,62.0,55.0,60.0,68.0,70.0,65.0,75.0,60.0,50.0,45.0,2,2,1,1,2,1,1,2,1,2,2,2,1,1,2,2,1,2,2,2,1,1,2,2,2,2,2,1,1,1,2,1,2,2,2,2,2,1,1,1
1592,4,4,4,4,4,4,5,4,2,2,,30.0,,1.0,3.0,3.0,5.0,,,,5.0,,1.0,40.0,,1.0,,,,,2.0,4.0,4.0,,,,5.0,,,2.0,4.0,,,,2.0,4.0,,1.0,1.0,1.0,1.0,1.0,1.0,1.0,1.0,1.0,1.0,,,,,,,6,3,2,2,3,5,6,6,3,2,60.0,55.0,60.0,65.0,65.0,60.0,70.0,60.0,50.0,45.0,2,2,1,2,2,2,2,2,1,1,2,1,1,2,1,2,1,1,1,1,1,2,1,1,2,1,2,2,1,2,1,1,2,2,1,2,1,2,2,2
1607,2,2,2,2,2,2,2,2,1,1,,30.0,1.0,,2.0,3.0,6.0,,,,2.0,,1.0,20.0,,1.0,,,,,1.0,2.0,2.0,,,,,,,2.0,,,1.0,1.0,,,2.0,1.0,1.0,1.0,1.0,1.0,1.0,1.0,1.0,1.0,1.0,,,,,,,6,2,2,2,2,5,6,6,1,2,30.0,25.0,25.0,25.0,25.0,25.0,25.0,25.0,30.0,30.0,2,2,2,2,2,2,2,2,2,2,2,2,2,2,2,2,2,2,2,2,2,2,2,2,2,2,2,2,2,2,2,2,2,2,2,2,2,2,2,2
1774,5,5,5,5,5,5,5,5,2,2,70.0,,4.0,,,,,3.0,4.0,2.0,5.0,,1.0,54.0,,1.0,,,,,,,,2.0,5.0,6.0,,20.0,1.0,,5.0,,,,2.0,5.0,,1.0,1.0,1.0,1.0,1.0,1.0,1.0,1.0,1.0,1.0,,,,,,,6,3,2,2,2,5,6,6,4,2,65.0,55.0,60.0,70.0,75.0,70.0,80.0,60.0,40.0,35.0,1,2,2,1,2,2,2,1,2,1,2,1,2,2,1,1,2,1,2,1,1,1,2,2,2,1,1,2,2,1,1,1,1,2,2,1,1,2,2,1
995,2,3,3,2,3,2,4,2,4,3,,30.0,,1.0,3.0,3.0,5.0,,,,,5.0,1.0,35.0,,,2.0,,,,2.0,3.0,4.0,,,,,15.0,,2.0,4.0,,,,1.0,3.0,,,,,,,,,,,,1.0,1.0,1.0,1.0,1.0,1.0,6,3,3,3,3,5,6,6,3,2,45.0,40.0,40.0,35.0,40.0,35.0,50.0,35.0,55.0,40.0,1,2,1,1,2,1,2,2,1,2,1,2,1,2,1,2,2,2,1,2,2,1,2,1,2,2,1,1,2,1,2,1,2,1,1,1,1,1,1,2
70,5,4,5,4,5,4,5,5,2,2,,30.0,,2.0,,,,3.0,4.0,3.0,5.0,,,,2.0,1.0,,2.0,4.0,5.0,,,,,,,,15.0,1.0,,,,3.0,,1.0,4.0,,,,,,,,,,,,1.0,1.0,1.0,1.0,1.0,1.0,6,3,4,3,2,5,6,5,3,2,65.0,55.0,60.0,70.0,70.0,60.0,75.0,65.0,40.0,35.0,1,2,2,1,1,2,2,1,2,2,1,2,1,2,1,2,1,2,1,2,1,2,2,1,1,1,1,2,1,2,1,1,2,2,2,2,2,2,2,1
2001,5,4,4,5,5,5,5,5,2,2,70.0,,4.0,,,,,3.0,4.0,5.0,5.0,,,,2.0,1.0,,,,,3.0,4.0,5.0,,,,,,1.0,,,,3.0,,2.0,5.0,,,,,,,,,,,,1.0,1.0,1.0,1.0,1.0,1.0,6,3,4,3,3,5,6,6,3,2,62.0,54.0,58.0,66.0,65.0,60.0,70.0,55.0,48.0,44.0,2,2,1,2,2,2,1,2,2,2,2,1,2,2,2,1,2,2,2,2,1,2,1,2,2,2,2,1,2,2,2,2,2,2,2,1,1,1,2,1
272,5,4,5,5,5,5,5,5,2,2,70.0,,4.0,,,,,3.0,4.0,5.0,,6.0,1.0,54.0,,,2.0,1.0,4.0,5.0,,,,,,,20.0,,,2.0,,,3.0,,1.0,,5.0,1.0,1.0,1.0,1.0,1.0,1.0,1.0,1.0,1.0,1.0,,,,,,,6,3,3,3,3,5,6,6,3,2,60.0,55.0,60.0,70.0,70.0,65.0,80.0,60.0,50.0,45.0,2,1,1,1,2,2,1,2,2,1,1,2,1,1,2,2,1,1,2,2,2,1,1,1,2,2,1,2,1,2,1,2,2,2,2,1,1,1,2,2
301,5,4,5,4,5,4,5,4,2,2,,30.0,,1.0,3.0,4.0,6.0,,,,5.0,,1.0,50.0,,,2.0,,,,,,,1.0,4.0,4.0,,,,2.0,,9.0,,,1.0,,5.0,,,,,,,,,,,1.0,1.0,1.0,1.0,1.0,1.0,6,3,4,3,2,5,6,5,3,2,60.0,55.0,60.0,70.0,75.0,65.0,80.0,60.0,40.0,35.0,1,2,1,2,1,1,2,2,2,2,2,1,1,1,1,2,1,2,1,1,2,1,1,2,1,2,1,1,1,2,1,2,2,2,1,2,1,1,2,2
688,2,3,2,2,2,2,2,2,4,2,,30.0,,2.0,3.0,3.0,5.0,,,,5.0,,1.0,40.0,,1.0,,,,,,,,1.0,2.0,3.0,,,2.0,,,,1.0,,1.0,,2.0,1.0,1.0,1.0,1.0,1.0,1.0,1.0,1.0,1.0,1.0,,,,,,,6,3,2,2,3,4,6,6,2,2,40.0,35.0,30.0,30.0,30.0,25.0,30.0,25.0,40.0,30.0,2,2,2,2,1,2,2,1,2,2,1,1,2,1,2,2,1,2,1,1,2,1,1,2,2,2,1,1,1,1,2,2,2,2,1,2,1,2,2,2
1672,2,3,2,2,3,2,4,2,4,3,,30.0,3.0,,,,,4.0,5.0,3.0,5.0,,,,2.0,1.0,,,,,2.0,4.0,5.0,,,,,18.0,1.0,,5.0,,,1.0,,4.0,,,,,,,,,,,,1.0,1.0,1.0,1.0,1.0,1.0,6,3,3,3,3,5,5,5,3,2,55.0,45.0,50.0,40.0,50.0,40.0,60.0,45.0,55.0,40.0,1,2,1,1,2,2,1,2,1,2,2,2,1,1,1,2,1,1,2,2,2,1,2,1,2,1,2,2,1,1,1,2,2,2,2,2,1,2,1,2
1701,2,3,2,2,2,2,2,2,4,4,70.0,,,1.0,4.0,3.0,6.0,,,,5.0,,,,2.0,,2.0,,,,2.0,2.0,2.0,,,,,,2.0,,,7.0,,,2.0,,2.0,1.0,1.0,1.0,1.0,1.0,1.0,1.0,1.0,1.0,1.0,,,,,,,6,2,2,2,3,5,6,6,2,1,40.0,35.0,30.0,30.0,30.0,30.0,30.0,30.0,40.0,40.0,1,1,2,1,2,2,2,1,1,2,1,2,2,2,1,2,1,1,1,2,1,1,1,1,1,1,1,2,2,1,2,2,1,2,1,1,1,2,1,2
1288,5,5,5,5,5,5,5,5,2,2,70.0,,,1.0,3.0,4.0,6.0,,,,,5.0,,,2.0,1.0,,1.0,5.0,6.0,,,,,,,,20.0,,2.0,,,3.0,,2.0,5.0,,1.0,1.0,1.0,1.0,1.0,1.0,1.0,1.0,1.0,1.0,,,,,,,7,2,2,2,2,5,7,7,3,2,65.0,60.0,60.0,70.0,70.0,65.0,80.0,60.0,55.0,50.0,1,2,2,1,1,2,2,1,2,2,1,2,1,2,1,2,2,2,1,2,2,2,1,2,1,2,1,1,1,1,2,2,1,2,2,2,1,1,1,2
1494,4,4,4,4,4,4,5,4,2,2,,30.0,4.0,,,,,3.0,4.0,4.0,,5.0,,,2.0,,2.0,2.0,4.0,5.0,,,,,,,,3.0,1.0,,4.0,,,1.0,,4.0,,1.0,1.0,1.0,1.0,1.0,1.0,1.0,1.0,1.0,1.0,,,,,,,6,3,3,3,2,5,6,6,3,2,62.0,54.0,58.0,66.0,68.0,60.0,74.0,59.0,51.0,47.0,2,2,2,2,1,2,2,1,2,1,1,1,2,1,1,1,1,2,2,2,2,1,1,1,2,1,2,1,2,1,2,1,2,1,1,2,1,2,1,2
954,4,4,4,2,4,4,5,4,2,2,,30.0,,2.0,,,,4.0,4.0,3.0,,5.0,1.0,35.0,,1.0,,,,,2.0,4.0,4.0,,,,,5.0,1.0,,,,3.0,1.0,,,4.0,,,,,,,,,,,1.0,1.0,1.0,1.0,1.0,1.0,6,3,4,4,3,5,6,6,3,2,60.0,55.0,50.0,40.0,55.0,50.0,65.0,45.0,40.0,35.0,1,2,1,1,2,2,1,2,2,1,2,2,2,1,2,1,2,1,2,2,1,1,1,2,2,2,1,2,2,2,2,1,2,2,1,2,2,2,2,1
827,2,2,2,1,2,2,2,2,1,2,70.0,,1.0,,,,,3.0,4.0,5.0,5.0,,,,2.0,1.0,,1.0,2.0,3.0,,,,,,,,,,2.0,5.0,,,,1.0,3.0,,1.0,1.0,1.0,1.0,1.0,1.0,1.0,1.0,1.0,1.0,,,,,,,6,2,2,2,2,5,6,6,2,2,30.0,25.0,20.0,10.0,15.0,20.0,25.0,10.0,40.0,20.0,2,2,2,1,2,2,1,2,2,1,1,1,2,2,1,2,1,2,2,2,2,1,1,1,2,2,2,1,1,2,2,1,2,2,2,2,2,2,1,2
126,5,4,5,5,5,5,5,5,2,2,,30.0,4.0,,3.0,4.0,6.0,,,,,5.0,,,2.0,1.0,,,,,,,,1.0,4.0,5.0,,,,2.0,,7.0,,,1.0,,5.0,,,,,,,,,,,1.0,1.0,1.0,1.0,1.0,1.0,6,3,3,3,3,5,6,6,3,2,60.0,55.0,60.0,70.0,70.0,65.0,80.0,60.0,40.0,35.0,1,1,1,2,2,2,1,1,1,1,2,2,1,2,1,1,2,2,2,1,1,2,2,2,2,1,1,1,2,1,2,1,2,2,1,1,2,2,2,1
649,5,4,5,5,5,5,5,5,2,2,,30.0,,2.0,,,,3.0,4.0,4.0,5.0,,,,2.0,,2.0,,,,,,,1.0,4.0,5.0,,20.0,1.0,,4.0,,,1.0,,,5.0,1.0,1.0,1.0,1.0,1.0,1.0,1.0,1.0,1.0,1.0,,,,,,,6,3,2,2,2,5,6,6,3,2,60.0,55.0,60.0,65.0,70.0,60.0,75.0,60.0,40.0,35.0,2,1,2,2,2,1,1,2,1,2,2,2,2,2,2,1,2,1,2,1,2,2,1,1,2,2,2,2,2,2,2,1,1,1,2,2,1,2,2,2
1455,5,5,5,5,5,5,5,5,2,2,,30.0,4.0,,3.0,4.0,6.0,,,,5.0,,1.0,40.0,,1.0,,,,,2.0,5.0,5.0,,,,,18.0,1.0,,4.0,,,1.0,,4.0,,,,,,,,,,,,1.0,1.0,1.0,1.0,1.0,1.0,6,3,4,3,3,5,6,5,3,2,65.0,60.0,60.0,75.0,70.0,65.0,80.0,60.0,40.0,35.0,1,2,2,2,2,1,1,2,2,2,2,2,2,2,1,1,2,2,1,1,2,1,2,1,2,1,2,2,1,2,1,1,2,1,1,2,1,2,2,2
1526,4,4,4,4,4,4,5,4,2,2,,30.0,4.0,,3.0,4.0,6.0,,,,,5.0,,,2.0,1.0,,,,,2.0,4.0,5.0,,,,5.0,,,2.0,5.0,,,1.0,,,4.0,1.0,1.0,1.0,1.0,1.0,1.0,1.0,1.0,1.0,1.0,,,,,,,6,3,4,4,3,5,6,6,3,2,55.0,48.0,52.0,60.0,65.0,62.0,70.0,58.0,40.0,38.0,2,2,1,1,2,2,2,2,1,1,2,1,2,2,1,1,1,1,1,1,2,1,2,2,2,2,1,1,1,2,1,1,1,1,2,1,1,2,2,2
1249,2,3,2,2,2,2,2,2,4,2,,30.0,1.0,,,,,3.0,3.0,3.0,3.0,,1.0,20.0,,,2.0,1.0,2.0,2.0,,,,,,,20.0,,,2.0,,7.0,,,1.0,,2.0,,,,,,,,,,,1.0,1.0,1.0,1.0,1.0,1.0,6,2,2,2,2,5,6,6,2,1,30.0,25.0,25.0,25.0,25.0,25.0,25.0,25.0,30.0,25.0,2,2,2,2,2,2,2,2,2,1,2,2,2,1,2,2,2,2,1,2,1,1,2,1,2,1,2,2,2,2,2,2,1,2,2,2,1,1,1,1
41,4,4,4,2,3,2,5,4,2,2,70.0,,,1.0,,,,3.0,4.0,5.0,,5.0,1.0,40.0,,1.0,,,,,,,,2.0,4.0,5.0,,16.0,,2.0,4.0,,,,1.0,4.0,,,,,,,,,,,,1.0,1.0,1.0,1.0,1.0,1.0,6,3,3,3,3,5,6,6,3,2,55.0,48.0,50.0,45.0,55.0,60.0,65.0,50.0,60.0,40.0,2,2,1,2,1,2,2,2,2,2,2,1,2,1,2,1,2,2,1,1,2,2,2,2,2,1,1,1,2,1,1,1,2,2,2,1,2,2,1,2
2030,4,4,4,4,4,4,5,4,2,2,,30.0,,1.0,,,,3.0,3.0,3.0,,5.0,1.0,40.0,,,2.0,,,,1.0,4.0,6.0,,,,,,,2.0,,6.0,,1.0,,4.0,,,,,,,,,,,,1.0,1.0,1.0,1.0,1.0,1.0,6,2,2,2,2,4,6,6,3,2,60.0,55.0,60.0,65.0,65.0,60.0,70.0,60.0,40.0,35.0,2,1,2,1,2,1,1,2,1,2,2,2,1,2,1,1,1,2,2,2,1,1,2,1,1,1,2,1,2,2,2,1,2,1,1,1,2,2,2,2
1643,2,3,2,2,3,2,4,2,4,3,,30.0,,1.0,,,,3.0,4.0,3.0,5.0,,,,2.0,1.0,,,,,1.0,2.0,4.0,,,,,18.0,,2.0,,7.0,,,1.0,,3.0,1.0,1.0,1.0,1.0,1.0,1.0,1.0,1.0,1.0,1.0,,,,,,,6,2,2,2,2,5,6,6,2,2,40.0,35.0,30.0,30.0,35.0,25.0,40.0,30.0,50.0,30.0,2,2,2,2,1,2,1,2,1,2,1,2,2,2,2,1,2,1,2,2,1,2,1,2,1,1,1,1,2,2,1,2,2,1,1,2,1,2,2,2
1730,4,4,4,5,5,5,5,4,2,2,,30.0,4.0,,,,,3.0,4.0,2.0,5.0,,,,2.0,,2.0,,,,2.0,4.0,4.0,,,,,18.0,,2.0,5.0,,,1.0,,4.0,,1.0,1.0,1.0,1.0,1.0,1.0,1.0,1.0,1.0,1.0,,,,,,,6,3,2,2,3,5,6,6,3,2,60.0,55.0,60.0,65.0,70.0,60.0,70.0,55.0,40.0,35.0,2,1,1,1,1,2,1,1,2,2,1,2,1,1,1,1,2,1,2,2,2,1,2,1,1,1,2,2,1,2,1,1,1,2,2,2,2,1,2,2
243,2,3,2,2,2,2,4,2,4,3,70.0,,1.0,,,,,3.0,4.0,5.0,5.0,,,,2.0,,2.0,,,,,,,1.0,4.0,5.0,,,1.0,,,7.0,,,1.0,3.0,,,,,,,,,,,,1.0,1.0,1.0,1.0,1.0,1.0,6,3,3,3,3,5,6,6,2,1,40.0,35.0,30.0,25.0,30.0,25.0,40.0,30.0,50.0,35.0,1,2,2,1,1,2,1,2,1,1,2,2,1,2,2,1,2,1,1,2,2,1,2,2,1,2,2,1,2,1,2,1,2,1,1,1,1,1,1,1
330,4,5,4,5,5,5,5,5,2,2,70.0,,,1.0,3.0,4.0,6.0,,,,,5.0,,,2.0,1.0,,,,,,,,1.0,4.0,6.0,,,1.0,,4.0,,,,1.0,4.0,,1.0,1.0,1.0,1.0,1.0,1.0,1.0,1.0,1.0,1.0,,,,,,,6,3,2,2,2,4,6,6,3,2,60.0,55.0,60.0,70.0,75.0,65.0,80.0,60.0,50.0,45.0,1,2,2,1,1,2,2,1,2,2,2,2,1,2,1,1,2,2,1,1,2,1,2,2,1,1,2,1,2,2,2,2,2,2,2,2,1,1,2,2
80,2,2,2,1,2,2,2,2,1,1,,30.0,,1.0,2.0,3.0,6.0,,,,5.0,,,,2.0,1.0,,1.0,2.0,2.0,,,,,,,,,2.0,,3.0,,,,1.0,,2.0,,,,,,,,,,,1.0,1.0,1.0,1.0,1.0,1.0,6,2,2,2,2,4,6,6,1,1,30.0,25.0,20.0,10.0,15.0,10.0,20.0,10.0,40.0,30.0,2,2,2,2,2,2,2,2,2,2,2,2,2,2,2,2,2,2,2,2,2,2,2,2,2,2,2,2,2,2,2,2,2,2,2,2,2,2,2,2
965,5,5,5,5,5,5,5,5,1,1,,30.0,4.0,,3.0,4.0,6.0,,,,,5.0,,,2.0,,2.0,3.0,4.0,4.0,,,,,,,,20.0,1.0,,,,3.0,1.0,,4.0,,,,,,,,,,,,1.0,1.0,1.0,1.0,1.0,1.0,6,3,3,3,2,5,6,6,3,2,60.0,55.0,60.0,70.0,70.0,65.0,80.0,60.0,40.0,40.0,2,2,1,1,2,1,2,1,1,1,1,1,1,2,1,2,1,1,2,1,1,1,1,2,2,2,1,2,2,1,1,1,2,2,1,2,1,1,2,2
816,4,4,4,4,4,4,4,4,2,2,,30.0,,1.0,3.0,4.0,6.0,,,,5.0,,,,2.0,1.0,,,,,,,,1.0,4.0,4.0,,20.0,,2.0,4.0,,,,1.0,,4.0,1.0,1.0,1.0,1.0,1.0,1.0,1.0,1.0,1.0,1.0,,,,,,,6,3,2,2,3,5,6,6,3,2,60.0,55.0,50.0,60.0,60.0,55.0,65.0,60.0,40.0,35.0,2,2,1,2,2,2,1,2,1,2,1,1,1,1,2,2,2,1,2,1,1,2,2,2,1,1,2,1,1,1,2,1,2,2,1,2,2,2,2,2
1464,2,2,2,1,2,2,4,2,4,2,,30.0,1.0,,,,,3.0,4.0,2.0,,5.0,,,2.0,,2.0,,,,,,,1.0,2.0,3.0,,,,2.0,,7.0,,1.0,,,3.0,1.0,1.0,1.0,1.0,1.0,1.0,1.0,1.0,1.0,1.0,,,,,,,6,2,2,2,2,5,6,6,2,2,40.0,35.0,30.0,25.0,30.0,25.0,40.0,30.0,60.0,35.0,2,2,1,1,2,2,2,2,2,1,2,1,2,2,1,2,2,2,1,2,2,2,1,2,2,1,2,2,2,1,2,2,1,2,2,2,2,1,1,1
1517,4,4,4,4,4,4,4,4,2,2,70.0,,,1.0,,,,3.0,4.0,4.0,,5.0,,,2.0,1.0,,,,,3.0,4.0,5.0,,,,5.0,,1.0,,,6.0,,,2.0,,4.0,1.0,1.0,1.0,1.0,1.0,1.0,1.0,1.0,1.0,1.0,,,,,,,6,3,3,3,2,4,6,6,3,2,60.0,55.0,60.0,65.0,70.0,65.0,75.0,60.0,40.0,35.0,1,2,1,1,2,1,2,2,2,2,1,1,2,1,1,1,2,2,2,2,2,1,1,2,1,2,2,2,2,1,2,1,1,1,2,1,1,1,2,2
1682,4,4,4,4,4,4,5,4,2,2,70.0,,,1.0,,,,3.0,4.0,2.0,,5.0,,,2.0,1.0,,2.0,4.0,5.0,,,,,,,,16.0,1.0,,,,3.0,1.0,,4.0,,1.0,1.0,1.0,1.0,1.0,1.0,1.0,1.0,1.0,1.0,,,,,,,6,3,2,3,3,5,6,6,3,2,62.0,54.0,57.0,66.0,68.0,60.0,74.0,59.0,51.0,48.0,1,1,2,2,2,2,2,2,1,1,2,2,1,1,2,2,2,1,1,1,1,1,2,2,2,1,2,2,1,1,2,2,1,2,1,1,2,2,1,2
1278,5,5,5,5,5,5,5,5,1,1,,30.0,6.0,,,,,3.0,4.0,2.0,5.0,,1.0,54.0,,,2.0,,,,,,,4.0,5.0,6.0,,20.0,1.0,,,,3.0,1.0,,5.0,,,,,,,,,,,,1.0,1.0,1.0,1.0,1.0,1.0,6,3,2,2,2,4,6,6,3,2,65.0,55.0,60.0,70.0,75.0,70.0,80.0,60.0,30.0,35.0,2,2,2,1,1,1,1,1,1,1,2,2,1,2,1,2,1,2,1,1,1,1,1,1,2,1,2,2,2,1,2,1,1,2,2,2,1,2,2,1
117,4,4,4,4,4,4,4,4,2,2,,30.0,4.0,,,,,3.0,3.0,4.0,,5.0,1.0,40.0,,1.0,,,,,,,,1.0,4.0,4.0,,20.0,1.0,,3.0,,,1.0,,3.0,,1.0,1.0,1.0,1.0,1.0,1.0,1.0,1.0,1.0,1.0,,,,,,,6,3,2,2,2,5,6,6,3,2,60.0,55.0,60.0,65.0,65.0,60.0,70.0,60.0,50.0,45.0,2,1,2,1,2,1,2,1,1,1,1,2,2,2,1,1,2,2,2,1,1,1,1,2,2,2,1,2,1,2,2,2,1,2,1,2,1,1,2,2
282,5,5,5,5,5,5,5,5,1,1,70.0,,4.0,,3.0,4.0,6.0,,,,5.0,,1.0,54.0,,,2.0,2.0,4.0,5.0,,,,,,,,,,2.0,,,3.0,,2.0,,5.0,1.0,1.0,1.0,1.0,1.0,1.0,1.0,1.0,1.0,1.0,,,,,,,6,3,2,2,2,5,6,6,3,1,62.0,54.0,60.0,68.0,70.0,65.0,80.0,60.0,40.0,38.0,2,2,2,2,1,2,2,2,2,1,1,2,1,2,2,1,2,2,1,1,2,2,1,2,1,2,2,1,2,2,1,2,1,1,2,2,1,2,2,1
678,4,4,4,4,4,4,5,4,2,2,,30.0,,1.0,3.0,4.0,6.0,,,,,5.0,,,2.0,,2.0,,,,,,,2.0,4.0,5.0,,,,2.0,,,3.0,1.0,,4.0,,1.0,1.0,1.0,1.0,1.0,1.0,1.0,1.0,1.0,1.0,,,,,,,6,3,3,3,3,5,6,6,3,1,60.0,55.0,60.0,65.0,65.0,60.0,70.0,55.0,50.0,45.0,2,2,2,1,2,2,1,2,2,1,2,2,2,2,1,2,2,2,2,2,1,1,2,2,2,2,2,2,2,1,2,2,2,1,2,1,2,2,1,2
910,2,3,2,2,2,2,2,2,4,3,70.0,,,1.0,3.0,4.0,6.0,,,,,5.0,,,2.0,1.0,,,,,,,,1.0,2.0,4.0,,,2.0,,,,1.0,,2.0,,2.0,1.0,1.0,1.0,1.0,1.0,1.0,1.0,1.0,1.0,1.0,,,,,,,6,3,2,2,3,5,6,6,3,2,45.0,40.0,40.0,35.0,35.0,30.0,40.0,30.0,60.0,40.0,2,2,2,2,2,2,2,1,2,2,2,2,2,1,1,2,2,1,1,2,2,2,2,2,2,2,2,2,2,2,2,1,1,2,2,2,1,2,2,1
863,4,4,4,4,4,4,5,4,2,2,,30.0,,1.0,,,,3.0,4.0,5.0,5.0,,,,2.0,1.0,,,,,,,,2.0,4.0,4.0,,,,2.0,5.0,,,1.0,,4.0,,,,,,,,,,,,1.0,1.0,1.0,1.0,1.0,1.0,6,3,3,3,3,5,6,6,3,2,60.0,55.0,50.0,60.0,60.0,60.0,70.0,55.0,45.0,40.0,1,2,2,2,1,1,1,1,1,2,2,1,2,1,2,2,2,2,2,2,2,1,2,2,2,2,2,2,1,2,1,2,2,1,2,2,2,1,2,1
1899,4,4,4,4,4,4,5,4,2,2,,30.0,,1.0,3.0,4.0,6.0,,,,,5.0,,,2.0,,2.0,,,,,,,2.0,4.0,5.0,,,1.0,,4.0,,,,1.0,,4.0,,,,,,,,,,,1.0,1.0,1.0,1.0,1.0,1.0,6,3,3,3,2,5,6,5,3,2,60.0,55.0,60.0,65.0,70.0,60.0,80.0,65.0,40.0,35.0,1,1,1,2,2,2,2,1,1,1,1,1,2,2,2,1,1,2,2,1,1,1,1,1,2,2,2,2,2,1,2,2,2,2,2,2,2,1,2,1
1784,4,4,4,4,4,4,5,4,2,2,,30.0,4.0,,3.0,4.0,5.0,,,,5.0,,,,2.0,1.0,,,,,,,,4.0,4.0,5.0,,18.0,1.0,,,6.0,,1.0,,4.0,,,,,,,,,,,,1.0,1.0,1.0,1.0,1.0,1.0,6,2,2,3,2,5,6,6,3,2,62.0,54.0,56.0,60.0,65.0,62.0,70.0,55.0,48.0,44.0,2,1,1,2,2,2,2,2,2,2,1,1,1,2,1,1,2,2,2,2,1,1,1,2,1,1,1,2,2,1,1,2,2,1,2,1,1,2,2,1
1411,5,5,5,5,5,5,5,5,1,1,70.0,,4.0,,,,,3.0,4.0,3.0,5.0,,1.0,54.0,,,2.0,,,,,,,1.0,5.0,6.0,,,,2.0,,,2.0,1.0,,5.0,,1.0,1.0,1.0,1.0,1.0,1.0,1.0,1.0,1.0,1.0,,,,,,,6,2,2,2,2,5,6,6,3,2,65.0,60.0,60.0,70.0,75.0,70.0,80.0,65.0,40.0,35.0,2,2,2,1,2,1,2,1,1,1,2,1,2,1,1,1,2,2,2,2,2,1,1,2,1,1,2,2,2,1,2,2,1,1,1,1,1,2,2,2
1198,2,2,2,1,2,2,2,2,1,2,70.0,,1.0,,2.0,3.0,6.0,,,,,5.0,,,2.0,,2.0,,,,,,,1.0,2.0,4.0,,,2.0,,,,1.0,,1.0,3.0,,1.0,1.0,1.0,1.0,1.0,1.0,1.0,1.0,1.0,1.0,,,,,,,6,2,2,2,2,5,6,6,1,1,30.0,25.0,20.0,10.0,15.0,10.0,20.0,10.0,40.0,15.0,1,1,2,1,2,1,2,2,2,1,1,2,1,1,1,1,2,1,1,1,1,1,2,1,2,2,2,2,2,2,1,2,2,2,2,1,1,1,2,1
1562,4,4,4,4,4,4,4,4,2,2,70.0,,,1.0,,,,3.0,4.0,3.0,5.0,,,,2.0,1.0,,1.0,4.0,4.0,,,,,,,20.0,,1.0,,,,3.0,1.0,,4.0,,,,,,,,,,,,1.0,1.0,1.0,1.0,1.0,1.0,6,3,4,3,3,5,6,5,3,2,60.0,55.0,60.0,65.0,65.0,60.0,70.0,60.0,40.0,40.0,2,2,2,2,2,2,1,1,2,2,1,2,1,2,1,1,2,2,1,1,2,2,2,1,2,1,1,2,2,2,1,1,1,2,1,1,1,2,1,2
384,4,4,4,4,4,4,5,4,2,2,70.0,,4.0,,3.0,4.0,5.0,,,,,5.0,1.0,54.0,,,2.0,1.0,4.0,5.0,,,,,,,,,1.0,,,,2.0,1.0,,4.0,,,,,,,,,,,,1.0,1.0,1.0,1.0,1.0,1.0,6,3,2,2,3,5,6,6,3,2,62.0,55.0,60.0,65.0,68.0,60.0,70.0,58.0,50.0,45.0,2,2,2,2,1,2,2,2,1,2,1,2,1,2,2,1,2,2,1,2,1,1,2,2,2,2,1,1,2,2,2,1,2,2,2,1,1,2,2,1
598,5,5,5,5,5,5,5,5,2,2,,30.0,,1.0,4.0,4.0,6.0,,,,,6.0,1.0,50.0,,1.0,,,,,1.0,5.0,6.0,,,,,,,2.0,,9.0,,,2.0,5.0,,1.0,1.0,1.0,1.0,1.0,1.0,1.0,1.0,1.0,1.0,,,,,,,6,3,2,2,3,5,6,6,4,1,70.0,65.0,70.0,80.0,85.0,80.0,90.0,80.0,30.0,25.0,2,1,1,2,1,2,2,2,1,1,2,2,2,2,1,1,2,2,2,1,2,2,2,1,2,2,1,2,2,1,1,2,2,1,1,2,1,1,1,2
162,2,3,2,2,2,2,2,2,4,2,70.0,,,1.0,,,,3.0,4.0,2.0,,5.0,1.0,30.0,,,2.0,,,,,,,1.0,2.0,4.0,,,,2.0,,7.0,,,2.0,3.0,,,,,,,,,,,,1.0,1.0,1.0,1.0,1.0,1.0,6,2,2,2,2,5,6,6,2,1,40.0,35.0,30.0,30.0,30.0,25.0,30.0,20.0,50.0,40.0,1,1,1,2,2,2,2,1,2,2,1,1,2,1,2,2,1,2,2,2,2,1,2,2,1,2,2,2,2,2,2,1,1,1,2,2,1,1,2,2
2045,4,5,4,5,5,5,5,5,2,2,,30.0,,1.0,3.0,4.0,6.0,,,,5.0,,,,2.0,,2.0,3.0,4.0,5.0,,,,,,,,18.0,1.0,,,6.0,,2.0,,4.0,,,,,,,,,,,,1.0,1.0,1.0,1.0,1.0,1.0,6,3,4,3,3,5,6,5,3,2,60.0,55.0,58.0,65.0,70.0,62.0,75.0,60.0,40.0,45.0,2,1,1,2,1,2,2,2,1,1,1,1,2,2,1,1,1,2,2,1,2,1,2,1,2,2,2,1,2,2,1,1,1,2,1,1,2,1,2,2
34,2,3,3,3,3,3,3,2,4,3,,30.0,,1.0,3.0,4.0,6.0,,,,3.0,,1.0,40.0,,,2.0,1.0,2.0,2.0,,,,,,,20.0,,2.0,,3.0,,,1.0,,3.0,,1.0,1.0,1.0,1.0,1.0,1.0,1.0,1.0,1.0,1.0,,,,,,,6,3,2,2,2,5,6,6,1,1,40.0,35.0,30.0,35.0,35.0,30.0,35.0,25.0,40.0,30.0,2,2,2,2,2,1,2,2,1,1,2,2,1,2,2,2,2,1,1,2,2,2,2,2,2,1,2,2,2,2,2,2,2,1,1,2,1,2,2,1
1858,2,2,2,2,2,2,5,2,4,2,70.0,,,1.0,,,,3.0,4.0,2.0,,5.0,1.0,40.0,,1.0,,1.0,4.0,5.0,,,,,,,,,2.0,,,7.0,,1.0,,,4.0,1.0,1.0,1.0,1.0,1.0,1.0,1.0,1.0,1.0,1.0,,,,,,,6,2,2,2,2,5,6,6,3,2,40.0,35.0,35.0,30.0,35.0,30.0,40.0,30.0,60.0,40.0,1,1,1,1,2,1,1,2,2,2,1,2,2,1,2,2,1,2,1,2,2,2,1,2,1,1,2,1,2,2,1,2,1,2,2,2,2,1,1,2
1159,5,5,5,5,5,5,5,5,2,2,70.0,,4.0,,3.0,4.0,6.0,,,,5.0,,,,2.0,1.0,,1.0,4.0,4.0,,,,,,,,20.0,,2.0,,,3.0,,2.0,5.0,,1.0,1.0,1.0,1.0,1.0,1.0,1.0,1.0,1.0,1.0,,,,,,,7,2,2,2,2,5,6,6,3,2,65.0,60.0,60.0,70.0,75.0,70.0,80.0,60.0,40.0,35.0,2,2,2,2,2,1,2,2,2,2,1,2,1,2,2,2,2,2,2,1,1,2,2,2,2,1,2,1,2,2,2,2,2,1,2,1,2,2,2,2
1636,4,5,4,5,5,5,5,5,2,2,70.0,,,1.0,3.0,4.0,6.0,,,,,5.0,,,2.0,1.0,,2.0,4.0,5.0,,,,,,,,,1.0,,,,2.0,,1.0,,4.0,1.0,1.0,1.0,1.0,1.0,1.0,1.0,1.0,1.0,1.0,,,,,,,6,3,2,2,2,5,6,6,3,2,60.0,55.0,60.0,70.0,70.0,65.0,80.0,60.0,50.0,45.0,2,2,2,1,2,2,2,2,2,2,2,2,2,1,2,2,1,2,1,2,2,2,1,2,2,2,2,2,1,2,2,1,2,2,2,2,2,2,1,2
1745,4,4,4,4,4,4,4,4,2,2,70.0,,3.0,,,,,4.0,5.0,3.0,,5.0,,,2.0,,2.0,,,,,,,1.0,4.0,4.0,,,1.0,,,7.0,,1.0,,4.0,,,,,,,,,,,,1.0,1.0,1.0,1.0,1.0,1.0,6,3,3,3,3,5,6,6,3,2,60.0,55.0,60.0,65.0,65.0,60.0,70.0,60.0,50.0,50.0,2,2,2,2,2,1,2,2,1,2,1,2,2,1,1,1,2,1,2,1,1,2,2,1,1,2,1,2,2,1,1,1,2,2,2,1,2,2,1,1
559,5,5,5,5,5,5,5,5,1,1,70.0,,4.0,,3.0,4.0,6.0,,,,,6.0,1.0,54.0,,,2.0,,,,,,,4.0,5.0,6.0,,20.0,,2.0,,,3.0,1.0,,,5.0,,,,,,,,,,,1.0,1.0,1.0,1.0,1.0,1.0,6,3,2,2,2,5,6,6,3,2,62.0,55.0,60.0,70.0,75.0,65.0,80.0,60.0,40.0,35.0,2,1,1,1,2,2,2,1,2,1,1,1,1,2,2,2,1,2,2,1,2,1,1,1,1,1,2,1,1,1,2,1,2,1,2,2,2,2,1,1
236,4,4,4,4,4,4,4,4,2,2,,30.0,,1.0,3.0,4.0,6.0,,,,5.0,,,,2.0,1.0,,2.0,4.0,4.0,,,,,,,,15.0,1.0,,,6.0,,1.0,,,4.0,,,,,,,,,,,1.0,1.0,1.0,1.0,1.0,1.0,6,3,2,2,2,5,6,6,3,2,60.0,55.0,60.0,65.0,65.0,60.0,70.0,60.0,50.0,45.0,2,2,1,1,1,2,1,2,2,2,1,2,1,2,1,1,1,2,1,1,2,1,1,1,2,1,2,2,2,1,1,1,1,2,2,2,1,2,2,1
345,3,3,3,2,3,2,4,3,4,2,70.0,,1.0,,,,,3.0,4.0,3.0,,5.0,,,2.0,,2.0,,,,,,,2.0,4.0,5.0,,16.0,,2.0,,,3.0,,1.0,3.0,,,,,,,,,,,,1.0,1.0,1.0,1.0,1.0,1.0,6,3,3,3,3,5,5,5,3,2,45.0,40.0,40.0,35.0,40.0,35.0,50.0,40.0,55.0,35.0,1,1,1,2,1,2,2,1,2,2,2,2,1,1,1,2,1,2,1,2,1,2,2,1,2,2,2,2,1,2,2,1,2,1,2,2,1,2,2,1
1207,5,5,5,5,5,5,5,5,2,2,,30.0,4.0,,,,,3.0,4.0,4.0,,5.0,1.0,54.0,,,2.0,1.0,4.0,5.0,,,,,,,,,1.0,,,6.0,,1.0,,4.0,,,,,,,,,,,,1.0,1.0,1.0,1.0,1.0,1.0,6,2,2,2,2,5,6,6,3,2,62.0,55.0,60.0,70.0,68.0,65.0,75.0,60.0,40.0,35.0,2,1,2,2,2,1,2,2,1,1,1,2,1,2,1,2,1,2,2,2,2,2,2,2,2,2,1,2,1,2,1,1,2,2,2,1,2,1,1,1
1374,2,3,2,2,3,2,4,2,4,3,70.0,,1.0,,,,,3.0,4.0,5.0,5.0,,1.0,40.0,,,2.0,,,,,,,2.0,4.0,5.0,,,1.0,,3.0,,,1.0,,3.0,,,,,,,,,,,,1.0,1.0,1.0,1.0,1.0,1.0,6,2,3,3,3,5,6,6,2,1,40.0,30.0,30.0,30.0,30.0,20.0,40.0,20.0,40.0,30.0,2,1,2,1,2,1,1,2,2,1,2,1,2,1,1,1,1,1,1,1,1,2,2,2,1,2,2,1,2,1,2,1,2,1,1,2,2,1,2,1
1568,4,4,4,5,5,5,5,5,2,2,,30.0,,1.0,,,,4.0,4.0,5.0,3.0,,1.0,30.0,,,2.0,,,,,,,2.0,4.0,4.0,,15.0,1.0,,4.0,,,1.0,,4.0,,1.0,1.0,1.0,1.0,1.0,1.0,1.0,1.0,1.0,1.0,,,,,,,6,3,2,2,3,5,6,6,3,2,60.0,55.0,60.0,70.0,70.0,65.0,75.0,60.0,50.0,45.0,2,2,1,2,2,2,2,2,1,2,1,1,2,1,2,2,1,1,2,1,2,1,1,2,1,2,2,2,2,2,2,2,1,2,1,1,1,1,2,1
1192,4,4,4,4,4,4,5,4,2,3,,30.0,,1.0,,,,4.0,4.0,3.0,,5.0,,,2.0,1.0,,3.0,4.0,4.0,,,,,,,,16.0,1.0,,,,3.0,1.0,,4.0,,1.0,1.0,1.0,1.0,1.0,1.0,1.0,1.0,1.0,1.0,,,,,,,6,3,3,3,3,5,6,6,3,2,60.0,55.0,60.0,65.0,65.0,60.0,70.0,60.0,50.0,45.0,2,1,2,1,2,2,2,1,1,1,2,2,1,2,1,1,2,1,2,1,1,2,1,1,2,1,1,2,2,2,1,2,1,2,1,2,2,2,1,1
607,5,5,5,5,5,5,5,5,1,1,,30.0,,1.0,3.0,4.0,6.0,,,,5.0,,,,2.0,,2.0,2.0,4.0,4.0,,,,,,,,,,2.0,3.0,,,1.0,,,4.0,1.0,1.0,1.0,1.0,1.0,1.0,1.0,1.0,1.0,1.0,,,,,,,6,2,2,2,2,5,6,6,3,1,60.0,55.0,60.0,70.0,70.0,65.0,80.0,60.0,40.0,40.0,1,1,2,2,1,2,2,1,2,2,2,2,2,2,2,1,1,1,1,2,1,1,1,2,2,1,1,2,1,2,2,2,2,2,2,2,1,2,1,2
774,4,4,4,4,4,4,4,4,2,2,,30.0,1.0,,,,,3.0,4.0,2.0,,5.0,1.0,40.0,,1.0,,1.0,4.0,4.0,,,,,,,,20.0,,2.0,,,3.0,,1.0,,4.0,,,,,,,,,,,1.0,1.0,1.0,1.0,1.0,1.0,6,2,2,2,2,5,6,6,3,2,60.0,55.0,50.0,60.0,60.0,60.0,65.0,55.0,40.0,35.0,2,2,2,1,2,1,1,1,2,2,1,2,1,2,2,1,1,2,1,2,2,2,1,2,1,1,1,2,2,1,1,1,1,2,1,1,2,2,2,2
168,2,3,2,2,2,2,4,2,4,3,,30.0,1.0,,,,,3.0,4.0,2.0,5.0,,,,2.0,1.0,,,,,,,,1.0,2.0,3.0,,,2.0,,,7.0,,1.0,,,2.0,,,,,,,,,,,1.0,1.0,1.0,1.0,1.0,1.0,6,2,2,2,2,4,6,6,2,2,45.0,40.0,40.0,35.0,35.0,30.0,40.0,30.0,50.0,30.0,2,2,1,1,1,2,1,1,1,2,2,2,2,2,1,2,2,2,2,2,2,2,2,2,2,2,2,2,2,2,2,1,1,1,2,2,2,2,2,2
592,4,4,4,4,4,4,5,4,2,2,,30.0,,1.0,3.0,3.0,5.0,,,,,5.0,1.0,40.0,,1.0,,,,,2.0,4.0,5.0,,,,,,1.0,,,,3.0,,2.0,4.0,,,,,,,,,,,,1.0,1.0,1.0,1.0,1.0,1.0,6,3,4,4,2,5,6,6,3,2,60.0,55.0,60.0,65.0,65.0,60.0,70.0,60.0,50.0,45.0,2,1,2,2,1,2,1,2,1,2,1,2,2,2,1,2,2,1,2,1,1,2,1,2,1,1,2,2,1,2,1,2,2,2,1,1,2,2,2,2
869,2,3,2,2,3,2,4,2,4,3,,30.0,,1.0,3.0,4.0,6.0,,,,,5.0,,,2.0,1.0,,,,,2.0,4.0,4.0,,,,,,2.0,,,6.0,,1.0,,,4.0,,,,,,,,,,,1.0,1.0,1.0,1.0,1.0,1.0,6,3,4,3,3,5,6,5,3,2,40.0,35.0,30.0,25.0,30.0,25.0,40.0,20.0,50.0,30.0,1,1,1,1,1,1,2,1,2,1,1,1,2,1,1,2,2,2,1,2,1,1,2,2,1,2,1,1,1,1,1,2,1,2,2,2,2,1,2,1
1893,5,5,5,5,5,5,5,5,2,2,,30.0,,1.0,3.0,4.0,6.0,,,,5.0,,1.0,54.0,,1.0,,2.0,5.0,5.0,,,,,,,,20.0,1.0,,,,3.0,1.0,,5.0,,,,,,,,,,,,1.0,1.0,1.0,1.0,1.0,1.0,6,3,2,2,2,5,6,6,3,2,60.0,55.0,50.0,65.0,60.0,55.0,70.0,60.0,40.0,35.0,1,1,2,1,1,2,1,2,2,2,1,1,2,1,1,1,1,1,2,2,1,1,1,1,1,2,1,2,2,1,1,2,2,1,1,2,1,1,2,2
1020,5,5,5,5,5,5,5,5,1,1,70.0,,,1.0,3.0,4.0,6.0,,,,5.0,,,,2.0,,2.0,,,,,,,1.0,5.0,6.0,,20.0,,2.0,,,3.0,1.0,,5.0,,,,,,,,,,,,1.0,1.0,1.0,1.0,1.0,1.0,7,2,2,2,2,5,7,7,3,2,65.0,60.0,60.0,70.0,70.0,70.0,80.0,60.0,40.0,30.0,2,1,2,2,2,1,2,2,1,1,2,2,2,2,1,1,2,1,1,1,2,2,2,1,2,2,2,1,2,2,1,2,1,1,2,2,2,1,1,1
1153,4,4,4,4,5,4,5,4,2,2,70.0,,4.0,,,,,3.0,4.0,3.0,,5.0,1.0,45.0,,1.0,,2.0,4.0,4.0,,,,,,,,18.0,1.0,,,,3.0,1.0,,,4.0,,,,,,,,,,,1.0,1.0,1.0,1.0,1.0,1.0,6,3,2,2,3,5,6,6,3,2,62.0,55.0,60.0,65.0,70.0,68.0,75.0,60.0,40.0,35.0,2,2,1,2,2,1,1,2,2,2,2,1,2,2,1,1,2,1,2,2,2,2,1,2,2,1,2,1,2,1,2,1,2,2,2,1,2,2,1,1
420,4,4,4,3,4,3,5,4,2,2,70.0,,,1.0,,,,4.0,4.0,3.0,5.0,,,,2.0,,2.0,,,,,,,2.0,4.0,5.0,,18.0,1.0,,4.0,,,,1.0,,4.0,1.0,1.0,1.0,1.0,1.0,1.0,1.0,1.0,1.0,1.0,,,,,,,6,3,4,4,3,5,6,5,3,2,54.0,47.0,51.0,62.0,59.0,53.0,68.0,49.0,57.0,44.0,1,2,2,2,1,2,2,2,2,2,2,2,2,1,1,2,1,2,2,2,2,2,1,1,2,2,2,2,1,2,2,1,1,1,2,1,1,2,1,2
553,2,3,2,2,3,2,4,2,4,3,70.0,,1.0,,3.0,4.0,6.0,,,,5.0,,,,2.0,,2.0,,,,1.0,2.0,4.0,,,,,,,2.0,,7.0,,1.0,,,2.0,,,,,,,,,,,1.0,1.0,1.0,1.0,1.0,1.0,6,2,2,2,2,5,6,6,3,2,60.0,55.0,50.0,45.0,55.0,50.0,60.0,55.0,60.0,45.0,2,1,2,1,2,2,1,2,2,1,1,2,2,2,2,2,2,1,1,1,1,1,2,1,2,1,1,2,2,2,2,2,2,2,2,1,2,1,2,1
1921,3,4,3,2,3,2,4,3,4,3,70.0,,3.0,,3.0,4.0,5.0,,,,,5.0,,,2.0,1.0,,,,,3.0,4.0,5.0,,,,,,1.0,,,,3.0,1.0,,4.0,,,,,,,,,,,,1.0,1.0,1.0,1.0,1.0,1.0,6,3,4,3,3,5,6,5,3,2,55.0,48.0,50.0,52.0,54.0,45.0,60.0,40.0,47.0,38.0,2,2,1,1,2,2,1,1,2,1,1,2,1,2,2,2,2,1,1,2,2,2,1,2,1,2,1,1,2,1,2,1,1,1,1,2,1,1,2,2
1852,2,3,2,2,2,2,4,2,4,3,70.0,,1.0,,3.0,4.0,6.0,,,,5.0,,,,2.0,,2.0,,,,2.0,4.0,4.0,,,,,,,2.0,5.0,,,,1.0,4.0,,,,,,,,,,,,1.0,1.0,1.0,1.0,1.0,1.0,6,3,3,3,2,5,6,6,3,2,40.0,35.0,30.0,30.0,35.0,30.0,40.0,30.0,40.0,35.0,2,2,1,1,1,1,1,2,2,1,2,2,2,1,2,2,1,1,1,1,1,2,2,2,1,2,2,1,2,1,2,2,2,2,1,1,1,1,2,1
1649,5,4,5,5,5,5,5,5,2,2,70.0,,4.0,,3.0,4.0,6.0,,,,5.0,,,,2.0,,2.0,,,,,,,2.0,4.0,5.0,18.0,,,2.0,,,3.0,,2.0,4.0,,1.0,1.0,1.0,1.0,1.0,1.0,1.0,1.0,1.0,1.0,,,,,,,6,2,2,3,2,5,6,6,3,1,62.0,54.0,60.0,68.0,70.0,65.0,75.0,60.0,55.0,50.0,1,2,2,2,1,1,1,2,1,2,2,2,1,2,2,2,2,1,2,1,2,1,2,2,1,1,2,2,1,1,2,2,1,2,1,2,2,1,1,2
1055,5,4,5,4,5,5,5,5,2,2,70.0,,4.0,,,,,3.0,4.0,5.0,,5.0,,,2.0,1.0,,2.0,4.0,5.0,,,,,,,,,,2.0,,7.0,,,1.0,,5.0,1.0,1.0,1.0,1.0,1.0,1.0,1.0,1.0,1.0,1.0,,,,,,,6,3,3,3,2,5,6,6,3,2,62.0,54.0,60.0,68.0,70.0,65.0,75.0,60.0,40.0,38.0,2,2,2,2,1,1,1,1,2,2,1,2,1,1,2,2,1,1,2,1,2,1,1,2,2,2,1,1,1,1,2,1,1,1,1,2,2,1,1,1
1126,4,4,4,3,4,3,5,4,2,2,70.0,,,1.0,3.0,4.0,6.0,,,,,5.0,,,2.0,,2.0,,,,2.0,4.0,5.0,,,,18.0,,,2.0,,7.0,,1.0,,,4.0,1.0,1.0,1.0,1.0,1.0,1.0,1.0,1.0,1.0,1.0,,,,,,,6,2,2,2,2,5,6,6,3,2,60.0,55.0,60.0,55.0,60.0,50.0,70.0,60.0,40.0,35.0,2,2,2,2,1,2,1,2,2,1,1,2,2,1,1,2,2,2,2,2,2,1,1,1,1,2,2,2,1,2,1,2,1,1,2,1,2,1,1,1
249,2,3,2,2,3,2,4,2,4,3,70.0,,1.0,,3.0,4.0,6.0,,,,2.0,,1.0,30.0,,,2.0,1.0,2.0,2.0,,,,,,,,,2.0,,,,3.0,1.0,,3.0,,1.0,1.0,1.0,1.0,1.0,1.0,1.0,1.0,1.0,1.0,,,,,,,6,3,2,2,3,5,6,6,2,2,40.0,35.0,30.0,30.0,35.0,25.0,40.0,30.0,50.0,35.0,1,2,1,2,1,2,1,2,2,2,2,2,1,1,1,2,1,1,1,1,1,1,1,2,1,2,2,1,2,2,1,1,2,1,1,2,2,1,2,2
455,2,4,3,2,3,2,4,2,4,3,70.0,,,1.0,3.0,4.0,6.0,,,,,5.0,1.0,50.0,,1.0,,,,,2.0,4.0,5.0,,,,18.0,,,2.0,,,3.0,1.0,,,4.0,1.0,1.0,1.0,1.0,1.0,1.0,1.0,1.0,1.0,1.0,,,,,,,6,2,3,3,2,5,6,5,3,2,60.0,55.0,50.0,45.0,50.0,40.0,60.0,35.0,55.0,40.0,1,2,1,2,2,1,2,2,1,1,2,2,2,1,1,1,1,1,2,1,1,1,2,2,2,2,2,1,1,1,2,2,2,2,1,2,1,2,2,2
526,2,2,2,1,2,1,4,1,4,4,70.0,,,1.0,,,,3.0,4.0,5.0,,5.0,1.0,30.0,,1.0,,,,,1.0,2.0,4.0,,,,,,2.0,,,7.0,,,1.0,,2.0,,,,,,,,,,,1.0,1.0,1.0,1.0,1.0,1.0,6,2,2,2,2,4,6,6,1,2,30.0,25.0,20.0,10.0,15.0,10.0,20.0,10.0,40.0,30.0,1,2,2,2,2,2,2,2,1,2,2,1,1,2,2,1,2,1,1,1,2,2,1,1,2,1,1,2,1,1,2,2,2,2,1,2,1,2,2,1
1954,4,4,4,5,5,4,5,5,2,2,70.0,,,1.0,3.0,4.0,6.0,,,,5.0,,1.0,54.0,,1.0,,,,,2.0,4.0,5.0,,,,,16.0,,2.0,5.0,,,,2.0,,4.0,1.0,1.0,1.0,1.0,1.0,1.0,1.0,1.0,1.0,1.0,,,,,,,6,2,3,3,2,5,6,6,3,2,62.0,55.0,58.0,67.0,70.0,60.0,75.0,65.0,40.0,38.0,1,2,2,2,2,1,2,2,2,2,2,2,1,2,2,2,2,1,1,2,1,2,1,2,1,1,2,2,1,2,1,2,1,1,1,1,2,2,2,1
1827,2,2,2,2,2,2,2,2,1,2,,30.0,,1.0,3.0,3.0,6.0,,,,,5.0,1.0,54.0,,,2.0,,,,,,,1.0,2.0,3.0,,,,2.0,,,3.0,1.0,,2.0,,,,,,,,,,,,1.0,1.0,1.0,1.0,1.0,1.0,6,3,3,3,3,5,5,5,2,2,40.0,35.0,35.0,30.0,30.0,25.0,30.0,20.0,60.0,40.0,2,1,2,2,2,1,2,2,2,1,1,2,2,1,2,2,1,2,1,2,2,2,2,1,2,2,2,2,2,2,1,2,2,2,2,2,1,2,2,2
1094,4,4,4,4,4,4,5,4,2,2,,30.0,4.0,,2.0,3.0,6.0,,,,,5.0,1.0,40.0,,,2.0,,,,1.0,4.0,5.0,,,,,20.0,,2.0,,7.0,,,2.0,,4.0,1.0,1.0,1.0,1.0,1.0,1.0,1.0,1.0,1.0,1.0,,,,,,,6,3,2,2,2,5,6,6,3,1,60.0,55.0,50.0,60.0,65.0,60.0,70.0,55.0,40.0,35.0,2,2,2,1,2,2,2,1,2,2,2,1,2,2,2,2,1,2,2,1,2,1,2,2,1,1,1,1,1,1,1,2,2,2,1,2,1,2,1,2
1272,4,4,4,4,4,4,4,4,2,2,,30.0,4.0,,3.0,4.0,6.0,,,,5.0,,1.0,50.0,,,2.0,,,,,,,2.0,4.0,4.0,,,,2.0,,,3.0,,2.0,4.0,,,,,,,,,,,,1.0,1.0,1.0,1.0,1.0,1.0,6,3,4,4,2,4,6,6,3,2,60.0,55.0,60.0,65.0,65.0,60.0,70.0,60.0,50.0,45.0,2,2,2,1,2,1,2,1,2,2,2,2,2,2,2,2,2,2,2,2,2,1,2,2,2,2,2,1,2,1,1,1,1,2,1,1,2,2,1,2
1301,4,4,4,4,4,4,5,4,2,2,,30.0,4.0,,,,,3.0,4.0,5.0,5.0,,,,2.0,,2.0,,,,2.0,4.0,5.0,,,,2.0,,1.0,,5.0,,,,2.0,4.0,,1.0,1.0,1.0,1.0,1.0,1.0,1.0,1.0,1.0,1.0,,,,,,,6,2,2,2,2,4,6,6,3,2,60.0,55.0,60.0,65.0,65.0,60.0,70.0,60.0,50.0,45.0,1,1,1,1,2,2,2,1,1,1,1,1,2,2,2,2,2,1,1,2,2,1,1,2,2,2,2,1,2,1,2,2,1,2,1,1,1,1,1,2
1688,2,3,2,2,2,2,2,2,4,3,70.0,,1.0,,,,,3.0,4.0,2.0,5.0,,1.0,54.0,,,2.0,1.0,2.0,2.0,,,,,,,,,2.0,,,7.0,,,2.0,3.0,,1.0,1.0,1.0,1.0,1.0,1.0,1.0,1.0,1.0,1.0,,,,,,,6,2,2,2,2,5,6,6,2,1,30.0,25.0,20.0,25.0,25.0,20.0,25.0,20.0,40.0,30.0,2,2,1,1,1,1,2,1,2,2,2,1,1,2,2,2,1,1,2,2,1,1,2,2,2,1,2,2,2,2,2,2,2,1,1,1,2,1,2,1
494,5,5,5,5,5,5,5,5,1,1,,30.0,4.0,,,,,4.0,4.0,5.0,,5.0,1.0,50.0,,,2.0,,,,1.0,5.0,6.0,,,,,20.0,,2.0,,,2.0,1.0,,,5.0,1.0,1.0,1.0,1.0,1.0,1.0,1.0,1.0,1.0,1.0,,,,,,,6,3,2,2,2,5,6,6,3,2,60.0,55.0,60.0,70.0,75.0,65.0,80.0,60.0,40.0,35.0,2,1,1,1,2,1,2,2,2,2,2,1,1,1,2,2,2,1,1,1,1,1,2,1,1,2,1,2,2,2,2,1,1,1,1,2,2,1,1,1
672,2,3,2,2,2,2,2,2,4,3,,30.0,,2.0,,,,3.0,4.0,5.0,3.0,,,,2.0,,2.0,,,,1.0,3.0,4.0,,,,20.0,,2.0,,,7.0,,1.0,,3.0,,1.0,1.0,1.0,1.0,1.0,1.0,1.0,1.0,1.0,1.0,,,,,,,6,2,3,3,2,5,6,6,3,2,45.0,40.0,40.0,35.0,40.0,35.0,45.0,30.0,55.0,40.0,2,1,1,1,1,2,2,1,2,2,1,2,1,1,1,2,1,1,2,1,2,2,2,2,2,2,1,2,2,1,1,2,2,2,2,2,2,2,1,1
701,2,3,2,2,3,2,4,2,4,3,,30.0,,1.0,3.0,4.0,6.0,,,,5.0,,1.0,30.0,,,2.0,,,,,,,1.0,4.0,4.0,,,,2.0,3.0,,,,1.0,3.0,,1.0,1.0,1.0,1.0,1.0,1.0,1.0,1.0,1.0,1.0,,,,,,,6,2,3,3,2,5,6,6,2,2,40.0,35.0,30.0,35.0,40.0,30.0,50.0,30.0,60.0,35.0,2,1,1,2,1,1,1,2,1,2,2,2,1,1,2,2,2,2,2,2,2,2,2,1,2,2,2,2,1,2,1,2,2,1,2,2,1,1,2,2
288,5,5,5,5,5,5,5,5,1,1,70.0,,,1.0,,,,3.0,4.0,5.0,,5.0,1.0,54.0,,,2.0,1.0,4.0,4.0,,,,,,,20.0,,,2.0,,6.0,,,2.0,5.0,,1.0,1.0,1.0,1.0,1.0,1.0,1.0,1.0,1.0,1.0,,,,,,,6,2,2,2,2,6,6,6,3,2,65.0,60.0,60.0,70.0,70.0,65.0,80.0,60.0,40.0,35.0,1,2,1,2,1,2,1,2,1,1,1,1,1,1,2,2,2,2,2,2,2,1,2,1,1,2,1,2,2,1,1,2,1,1,1,2,2,1,1,1
1995,2,3,2,2,2,2,2,2,1,2,70.0,,4.0,,2.0,3.0,5.0,,,,5.0,,1.0,25.0,,1.0,,,,,,,,1.0,2.0,3.0,,,2.0,,3.0,,,1.0,,,2.0,1.0,1.0,1.0,1.0,1.0,1.0,1.0,1.0,1.0,1.0,,,,,,,6,2,2,2,2,4,6,6,2,2,30.0,25.0,20.0,20.0,20.0,20.0,20.0,20.0,40.0,20.0,2,1,2,2,1,1,2,1,1,2,2,1,2,1,2,1,1,2,2,2,1,2,2,1,2,1,2,2,2,2,1,2,1,2,2,2,2,1,1,1
685,5,5,5,5,5,5,5,5,1,1,70.0,,4.0,,3.0,4.0,6.0,,,,5.0,,1.0,54.0,,1.0,,,,,5.0,5.0,6.0,,,,,20.0,1.0,,,,3.0,,2.0,6.0,,,,,,,,,,,,1.0,1.0,1.0,1.0,1.0,1.0,6,3,2,2,3,5,6,6,3,2,65.0,60.0,60.0,70.0,75.0,70.0,80.0,60.0,30.0,35.0,1,2,2,2,1,2,1,1,1,1,2,2,2,2,1,2,2,2,1,2,2,1,2,2,1,2,1,2,1,1,1,1,1,1,1,1,2,2,2,1
463,5,5,5,5,5,5,5,5,1,1,,30.0,,1.0,3.0,4.0,6.0,,,,,5.0,,,2.0,1.0,,,,,,,,1.0,4.0,6.0,,,1.0,,,6.0,,,2.0,,5.0,,,,,,,,,,,1.0,1.0,1.0,1.0,1.0,1.0,6,3,3,3,3,5,6,6,3,2,60.0,55.0,60.0,70.0,75.0,70.0,80.0,65.0,40.0,35.0,1,2,2,2,1,1,1,2,2,2,1,1,1,2,2,1,1,2,2,1,1,2,2,2,2,1,2,1,2,2,2,1,2,1,2,1,1,2,2,1
510,2,3,2,2,2,2,2,2,1,2,,30.0,1.0,,2.0,4.0,6.0,,,,,5.0,1.0,50.0,,1.0,,,,,1.0,4.0,5.0,,,,20.0,,,2.0,5.0,,,,1.0,,4.0,1.0,1.0,1.0,1.0,1.0,1.0,1.0,1.0,1.0,1.0,,,,,,,6,3,3,3,3,5,6,6,3,2,40.0,35.0,30.0,30.0,30.0,25.0,40.0,30.0,50.0,30.0,2,1,1,1,2,2,2,1,2,1,1,1,2,1,2,2,2,1,2,1,1,2,1,1,1,1,1,1,1,1,1,1,2,1,2,1,2,2,1,1
1285,4,4,4,4,4,4,5,4,2,2,,30.0,,1.0,,,,3.0,4.0,3.0,5.0,,,,2.0,1.0,,,,,2.0,4.0,4.0,,,,,18.0,,2.0,,5.0,,1.0,,4.0,,1.0,1.0,1.0,1.0,1.0,1.0,1.0,1.0,1.0,1.0,,,,,,,6,3,2,3,3,4,6,6,3,2,55.0,48.0,52.0,60.0,62.0,58.0,65.0,50.0,40.0,38.0,1,2,2,2,2,1,2,2,1,2,2,2,1,2,2,2,1,2,2,1,1,2,1,2,1,1,1,2,1,1,2,1,1,2,2,2,1,2,1,1
1063,4,4,4,4,4,4,5,4,2,2,70.0,,,1.0,4.0,4.0,6.0,,,,,5.0,1.0,54.0,,1.0,,,,,,,,3.0,4.0,5.0,,15.0,,2.0,,7.0,,1.0,,4.0,,,,,,,,,,,,1.0,1.0,1.0,1.0,1.0,1.0,6,3,3,3,3,5,6,6,3,2,60.0,55.0,60.0,65.0,65.0,60.0,70.0,60.0,50.0,45.0,2,2,2,1,2,2,2,2,1,2,1,1,2,1,2,1,2,1,2,2,1,2,2,2,2,2,2,1,2,2,1,2,1,1,2,2,1,2,1,2
1110,2,3,2,2,3,2,2,2,4,4,70.0,,1.0,,,,,3.0,4.0,2.0,5.0,,1.0,50.0,,1.0,,,,,,,,1.0,2.0,4.0,,,,2.0,,,3.0,,1.0,,3.0,1.0,1.0,1.0,1.0,1.0,1.0,1.0,1.0,1.0,1.0,,,,,,,6,2,3,3,2,4,6,5,2,1,40.0,35.0,30.0,25.0,30.0,25.0,30.0,20.0,40.0,35.0,2,2,1,2,2,2,1,2,2,1,2,1,1,2,2,1,1,1,2,2,2,2,2,1,2,2,1,2,1,2,2,1,1,2,2,1,2,1,2,1
1499,4,4,4,4,4,4,4,4,2,2,,30.0,4.0,,3.0,4.0,6.0,,,,,5.0,,,2.0,1.0,,,,,3.0,4.0,5.0,,,,,18.0,,2.0,,,3.0,1.0,,4.0,,1.0,1.0,1.0,1.0,1.0,1.0,1.0,1.0,1.0,1.0,,,,,,,6,3,2,2,2,4,6,6,3,2,60.0,55.0,60.0,65.0,70.0,60.0,75.0,60.0,50.0,45.0,2,2,1,2,1,2,1,2,1,1,1,2,2,1,1,2,1,1,1,2,2,1,2,1,2,1,2,1,2,1,2,2,2,1,2,2,1,1,2,1
1962,4,4,4,3,4,3,4,4,2,2,70.0,,4.0,,,,,3.0,4.0,3.0,5.0,,1.0,40.0,,1.0,,,,,,,,2.0,4.0,5.0,5.0,,1.0,,,,3.0,1.0,,,4.0,,,,,,,,,,,1.0,1.0,1.0,1.0,1.0,1.0,6,3,4,3,3,5,6,5,3,2,60.0,55.0,50.0,55.0,60.0,55.0,65.0,60.0,50.0,45.0,2,2,2,2,2,2,2,2,2,2,2,2,2,2,2,2,2,2,2,2,2,2,2,2,2,2,2,2,2,2,2,2,2,2,2,2,2,2,2,2
1811,5,5,5,5,5,5,5,5,1,1,,30.0,4.0,,,,,3.0,4.0,2.0,6.0,,,,2.0,1.0,,,,,2.0,4.0,5.0,,,,,,1.0,,,6.0,,,1.0,5.0,,,,,,,,,,,,1.0,1.0,1.0,1.0,1.0,1.0,6,2,2,2,2,4,6,6,3,2,60.0,55.0,60.0,70.0,75.0,65.0,80.0,70.0,40.0,35.0,2,2,2,1,2,1,2,1,1,2,2,1,2,1,2,2,2,1,1,1,1,2,2,2,2,2,2,2,2,2,2,1,2,1,2,1,1,2,1,2
998,5,5,5,5,5,5,5,5,1,1,,30.0,,1.0,2.0,3.0,6.0,,,,5.0,,1.0,54.0,,1.0,,,,,,,,4.0,4.0,6.0,,20.0,,2.0,5.0,,,1.0,,,5.0,,,,,,,,,,,1.0,1.0,1.0,1.0,1.0,1.0,6,2,2,2,2,5,6,6,3,2,65.0,60.0,60.0,70.0,75.0,70.0,80.0,65.0,40.0,35.0,2,2,2,2,1,2,2,1,2,2,2,2,1,1,1,2,1,2,2,2,2,2,2,2,1,1,2,1,2,2,2,2,1,1,1,2,1,2,2,2
644,2,3,2,2,3,2,4,2,4,3,,30.0,3.0,,,,,4.0,3.0,3.0,5.0,,1.0,30.0,,,2.0,,,,2.0,4.0,5.0,,,,18.0,,,2.0,4.0,,,1.0,,4.0,,,,,,,,,,,,1.0,1.0,1.0,1.0,1.0,1.0,6,2,3,3,3,5,6,6,3,2,40.0,35.0,30.0,35.0,40.0,30.0,45.0,30.0,50.0,35.0,2,2,1,2,1,2,1,2,2,2,1,2,1,1,2,2,1,2,2,2,1,1,2,1,2,2,1,2,1,2,2,1,2,1,1,2,2,2,2,1
737,5,5,5,5,5,5,5,5,1,1,70.0,,,1.0,,,,4.0,4.0,5.0,,7.0,1.0,50.0,,,2.0,1.0,5.0,6.0,,,,,,,,20.0,1.0,,,,1.0,,1.0,,5.0,1.0,1.0,1.0,1.0,1.0,1.0,1.0,1.0,1.0,1.0,,,,,,,6,3,2,2,3,5,6,6,3,2,60.0,55.0,60.0,70.0,75.0,65.0,80.0,60.0,40.0,35.0,2,2,2,1,1,2,1,2,2,1,2,2,1,1,1,2,2,2,1,2,1,2,2,2,2,1,2,2,1,2,2,1,1,1,1,2,2,2,2,2
1458,4,4,4,4,4,4,4,4,2,2,,30.0,,2.0,,,,4.0,4.0,3.0,5.0,,,,2.0,1.0,,,,,2.0,4.0,5.0,,,,18.0,,,2.0,6.0,,,,2.0,,4.0,1.0,1.0,1.0,1.0,1.0,1.0,1.0,1.0,1.0,1.0,,,,,,,6,3,3,3,3,5,6,6,3,2,55.0,50.0,52.0,60.0,65.0,55.0,70.0,60.0,45.0,40.0,2,2,2,2,1,1,2,2,1,1,2,1,2,2,2,1,2,2,2,1,1,1,1,1,2,1,1,1,2,2,1,1,2,2,1,1,2,1,2,1
1244,5,4,5,5,5,5,5,5,2,2,70.0,,,1.0,3.0,4.0,6.0,,,,,5.0,1.0,54.0,,1.0,,2.0,4.0,5.0,,,,,,,,,1.0,,,6.0,,2.0,,,5.0,,,,,,,,,,,1.0,1.0,1.0,1.0,1.0,1.0,6,3,3,3,2,5,6,6,3,2,60.0,55.0,60.0,70.0,70.0,65.0,75.0,60.0,40.0,45.0,1,2,2,2,2,2,2,1,1,1,2,2,2,1,2,2,2,2,1,1,2,1,1,1,1,1,1,2,1,1,1,1,1,2,1,2,1,2,2,1
1337,4,4,4,4,4,4,4,4,2,2,,30.0,,1.0,3.0,4.0,6.0,,,,5.0,,1.0,40.0,,,2.0,,,,,,,1.0,4.0,4.0,18.0,,,2.0,4.0,,,1.0,,4.0,,1.0,1.0,1.0,1.0,1.0,1.0,1.0,1.0,1.0,1.0,,,,,,,6,3,2,2,2,5,6,6,3,2,60.0,55.0,50.0,65.0,60.0,60.0,70.0,55.0,40.0,35.0,1,1,2,1,2,1,1,1,1,2,1,2,1,2,2,2,1,1,2,1,1,1,2,1,1,2,2,2,2,1,1,2,2,1,2,1,1,2,1,1
959,4,4,4,5,5,5,5,4,2,2,70.0,,,1.0,4.0,3.0,5.0,,,,5.0,,,,2.0,,2.0,,,,,,,4.0,5.0,6.0,18.0,,,2.0,5.0,,,,2.0,5.0,,1.0,1.0,1.0,1.0,1.0,1.0,1.0,1.0,1.0,1.0,,,,,,,6,2,3,3,2,5,6,6,3,2,62.0,55.0,60.0,70.0,68.0,65.0,75.0,60.0,40.0,38.0,1,1,1,2,2,2,2,2,2,1,1,2,1,2,2,2,2,1,2,1,2,1,1,2,2,2,1,2,1,1,2,1,2,1,2,2,1,1,1,1
631,4,4,4,5,5,5,5,5,2,2,70.0,,,1.0,3.0,4.0,6.0,,,,,5.0,1.0,30.0,,1.0,,,,,2.0,4.0,5.0,,,,,,,2.0,,7.0,,1.0,,4.0,,1.0,1.0,1.0,1.0,1.0,1.0,1.0,1.0,1.0,1.0,,,,,,,6,3,2,2,2,4,6,6,3,2,60.0,55.0,60.0,70.0,70.0,65.0,80.0,60.0,50.0,45.0,2,2,1,2,1,2,2,1,2,1,1,2,1,2,1,1,1,1,2,1,2,2,1,1,1,1,2,1,2,1,1,2,2,2,2,2,1,1,2,2
742,5,5,5,5,5,5,5,5,1,1,,30.0,4.0,,3.0,4.0,6.0,,,,,5.0,,,2.0,,2.0,,,,,,,4.0,5.0,6.0,,,,2.0,,,3.0,1.0,,5.0,,,,,,,,,,,,1.0,1.0,1.0,1.0,1.0,1.0,6,3,2,2,3,5,6,6,3,2,60.0,55.0,60.0,70.0,70.0,65.0,80.0,60.0,40.0,35.0,2,2,1,2,2,2,2,2,2,2,2,1,1,2,1,2,1,1,1,2,1,2,1,2,1,1,2,1,2,1,1,1,1,2,1,1,1,1,1,1
1231,3,4,3,3,4,3,4,3,2,2,,30.0,,1.0,3.0,4.0,5.0,,,,5.0,,1.0,40.0,,1.0,,,,,,,,1.0,4.0,4.0,,,,2.0,,6.0,,,1.0,,4.0,,,,,,,,,,,1.0,1.0,1.0,1.0,1.0,1.0,6,3,3,3,3,4,6,6,3,2,45.0,40.0,40.0,40.0,45.0,40.0,50.0,35.0,55.0,35.0,1,2,1,2,2,2,1,2,2,2,1,2,2,2,2,1,2,2,1,1,1,2,2,1,2,2,2,1,2,2,1,2,1,2,2,2,2,2,1,2
1342,4,4,4,4,4,4,5,4,2,2,,30.0,,2.0,,,,4.0,3.0,2.0,5.0,,,,2.0,,2.0,,,,,,,1.0,4.0,5.0,,18.0,,2.0,,,3.0,,2.0,4.0,,1.0,1.0,1.0,1.0,1.0,1.0,1.0,1.0,1.0,1.0,,,,,,,6,3,3,3,3,5,6,6,3,2,60.0,55.0,60.0,65.0,70.0,65.0,75.0,60.0,55.0,50.0,1,2,2,1,1,2,1,1,2,2,2,1,2,1,2,2,2,2,2,2,1,2,2,1,2,2,1,2,2,1,1,2,2,1,1,1,2,2,1,1
416,2,3,2,2,3,2,4,2,4,3,,30.0,,2.0,3.0,4.0,5.0,,,,5.0,,1.0,40.0,,,2.0,,,,1.0,4.0,5.0,,,,16.0,,1.0,,4.0,,,,1.0,,4.0,1.0,1.0,1.0,1.0,1.0,1.0,1.0,1.0,1.0,1.0,,,,,,,6,2,2,3,2,5,6,5,3,2,55.0,45.0,50.0,40.0,50.0,40.0,60.0,45.0,55.0,40.0,2,1,1,2,1,1,1,2,2,2,2,1,1,1,1,1,2,1,2,1,1,2,1,1,2,2,1,1,2,1,2,2,1,2,1,2,2,2,1,1
565,4,4,4,4,4,4,4,4,2,2,,30.0,,1.0,3.0,4.0,6.0,,,,,5.0,,,2.0,,2.0,,,,2.0,4.0,4.0,,,,18.0,,,2.0,,6.0,,,2.0,4.0,,,,,,,,,,,,1.0,1.0,1.0,1.0,1.0,1.0,6,3,3,3,2,5,6,5,3,2,60.0,55.0,60.0,65.0,60.0,60.0,65.0,60.0,40.0,40.0,2,2,2,2,1,2,2,1,2,2,2,2,2,2,2,2,2,2,2,2,1,2,2,1,2,2,2,2,2,2,2,2,2,1,2,2,2,2,2,2
379,4,4,4,4,4,4,5,4,2,2,,30.0,,1.0,,,,4.0,4.0,3.0,5.0,,,,2.0,1.0,,2.0,4.0,5.0,,,,,,,20.0,,,2.0,5.0,,,1.0,,4.0,,1.0,1.0,1.0,1.0,1.0,1.0,1.0,1.0,1.0,1.0,,,,,,,6,3,3,3,3,5,6,6,3,2,60.0,55.0,60.0,65.0,65.0,60.0,70.0,60.0,50.0,45.0,1,1,1,2,1,2,2,1,2,1,2,2,1,2,1,1,2,1,1,1,2,2,1,2,1,2,1,2,1,2,2,2,1,2,1,2,1,1,2,1
783,2,3,2,2,3,2,4,2,4,3,70.0,,,1.0,3.0,4.0,6.0,,,,,5.0,1.0,30.0,,,2.0,1.0,4.0,5.0,,,,,,,,,1.0,,3.0,,,1.0,,,4.0,1.0,1.0,1.0,1.0,1.0,1.0,1.0,1.0,1.0,1.0,,,,,,,6,3,2,2,3,5,6,6,3,2,40.0,35.0,30.0,30.0,35.0,25.0,40.0,30.0,50.0,30.0,1,2,1,1,2,1,2,2,1,1,1,2,2,2,1,2,1,1,1,1,2,1,2,1,1,2,1,2,2,2,2,2,2,1,2,1,1,2,2,1
1016,4,4,4,4,4,4,5,4,2,2,,30.0,4.0,,3.0,4.0,5.0,,,,,5.0,,,2.0,1.0,,,,,2.0,4.0,4.0,,,,,18.0,1.0,,,6.0,,1.0,,4.0,,,,,,,,,,,,1.0,1.0,1.0,1.0,1.0,1.0,6,3,2,2,2,5,6,6,3,2,60.0,55.0,50.0,65.0,70.0,60.0,80.0,55.0,40.0,35.0,1,2,1,2,2,2,2,1,1,1,1,2,2,2,2,1,2,1,2,1,2,1,2,1,1,1,2,1,2,2,1,2,1,2,2,1,1,2,2,1
1165,4,4,4,4,4,4,4,4,2,2,,30.0,4.0,,,,,3.0,4.0,3.0,5.0,,,,2.0,1.0,,3.0,4.0,4.0,,,,,,,,15.0,,2.0,,,3.0,,2.0,4.0,,,,,,,,,,,,1.0,1.0,1.0,1.0,1.0,1.0,6,3,3,3,2,5,6,6,3,2,55.0,50.0,50.0,60.0,60.0,55.0,65.0,50.0,45.0,40.0,2,1,2,1,2,2,1,2,2,2,2,2,2,1,1,1,1,1,2,2,1,2,2,2,1,2,1,2,1,1,2,1,2,2,2,1,1,1,2,2
1779,4,4,4,4,4,4,5,4,2,3,,30.0,4.0,,,,,4.0,4.0,3.0,5.0,,1.0,50.0,,,2.0,,,,3.0,4.0,5.0,,,,5.0,,1.0,,,6.0,,,2.0,4.0,,,,,,,,,,,,1.0,1.0,1.0,1.0,1.0,1.0,6,3,4,3,3,5,6,5,3,2,60.0,55.0,60.0,65.0,70.0,60.0,75.0,60.0,40.0,45.0,1,2,1,2,1,2,1,1,2,1,2,1,2,1,2,2,1,1,2,2,2,1,1,1,2,1,1,2,1,1,1,2,1,1,2,1,2,1,1,2
1383,5,5,5,5,5,5,5,5,2,2,,30.0,4.0,,3.0,4.0,6.0,,,,,6.0,1.0,54.0,,,2.0,2.0,4.0,5.0,,,,,,,,20.0,1.0,,,,3.0,1.0,,,4.0,,,,,,,,,,,1.0,1.0,1.0,1.0,1.0,1.0,6,3,3,3,2,5,6,6,3,2,60.0,55.0,60.0,70.0,70.0,65.0,80.0,60.0,40.0,35.0,2,2,1,2,2,2,2,2,1,2,2,1,1,2,2,2,2,1,2,1,1,2,2,1,2,2,2,2,1,2,2,2,2,1,1,1,1,2,2,1
1917,5,5,5,5,5,5,5,5,1,1,70.0,,,1.0,,,,4.0,4.0,3.0,5.0,,1.0,54.0,,1.0,,4.0,5.0,6.0,,,,,,,,,,2.0,5.0,,,1.0,,5.0,,,,,,,,,,,,1.0,1.0,1.0,1.0,1.0,1.0,6,2,2,2,2,5,6,6,3,2,60.0,55.0,60.0,70.0,70.0,65.0,80.0,60.0,40.0,35.0,2,1,1,1,2,1,2,2,1,2,2,1,2,1,2,1,1,2,1,2,2,2,2,1,2,2,1,2,2,1,2,2,1,1,1,1,2,2,2,2
1864,4,4,4,3,4,3,5,3,2,2,70.0,,,1.0,3.0,4.0,6.0,,,,,5.0,,,2.0,,2.0,,,,,,,2.0,4.0,5.0,,18.0,1.0,,4.0,,,,1.0,4.0,,1.0,1.0,1.0,1.0,1.0,1.0,1.0,1.0,1.0,1.0,,,,,,,6,3,4,3,2,5,6,5,3,2,58.0,54.0,56.0,62.0,65.0,60.0,70.0,55.0,48.0,44.0,2,2,1,1,1,1,1,1,2,2,1,1,2,1,1,1,2,2,2,1,2,2,1,1,2,1,2,1,2,1,2,2,1,1,2,1,2,2,2,1
926,4,4,4,4,4,4,5,4,2,2,70.0,,,1.0,,,,3.0,4.0,4.0,,5.0,,,2.0,1.0,,,,,1.0,4.0,5.0,,,,,,,2.0,,6.0,,,1.0,,4.0,1.0,1.0,1.0,1.0,1.0,1.0,1.0,1.0,1.0,1.0,,,,,,,6,3,3,3,3,5,6,6,3,1,60.0,55.0,60.0,65.0,65.0,60.0,70.0,60.0,55.0,50.0,2,2,2,2,2,2,2,2,2,1,2,1,2,2,2,1,2,2,1,1,2,1,2,1,2,2,2,2,2,2,2,1,2,1,2,2,2,2,2,2
855,4,4,4,3,4,4,5,4,2,2,,30.0,,1.0,3.0,4.0,6.0,,,,,5.0,1.0,40.0,,,2.0,,,,2.0,4.0,5.0,,,,,18.0,,2.0,5.0,,,,1.0,,4.0,1.0,1.0,1.0,1.0,1.0,1.0,1.0,1.0,1.0,1.0,,,,,,,6,3,3,3,2,5,6,6,3,2,60.0,55.0,50.0,60.0,65.0,60.0,70.0,55.0,40.0,35.0,2,2,2,1,2,2,1,1,1,2,1,2,1,2,1,1,1,1,2,1,1,2,2,1,1,1,1,2,2,2,2,1,1,1,2,2,2,2,1,1
748,4,4,4,4,4,4,4,4,2,2,,30.0,,1.0,3.0,3.0,6.0,,,,5.0,,1.0,40.0,,,2.0,,,,,,,2.0,4.0,4.0,,20.0,1.0,,,6.0,,,2.0,,4.0,,,,,,,,,,,1.0,1.0,1.0,1.0,1.0,1.0,6,2,2,2,2,5,6,6,3,2,60.0,55.0,55.0,60.0,65.0,60.0,70.0,60.0,40.0,40.0,2,2,2,2,2,2,2,2,2,2,2,2,2,2,2,2,2,2,2,2,2,2,2,2,2,2,2,2,2,2,2,2,2,2,2,2,2,2,2,2
154,2,3,2,2,3,2,4,2,4,3,70.0,,1.0,,,,,3.0,4.0,2.0,5.0,,1.0,54.0,,1.0,,1.0,2.0,3.0,,,,,,,,,,2.0,4.0,,,1.0,,,3.0,,,,,,,,,,,1.0,1.0,1.0,1.0,1.0,1.0,6,2,3,3,3,5,6,6,3,2,55.0,45.0,40.0,35.0,40.0,35.0,50.0,30.0,60.0,30.0,1,1,1,1,1,2,2,2,1,1,2,1,2,1,2,2,1,2,1,1,1,2,2,1,1,1,2,1,1,2,2,2,1,2,2,1,1,1,1,1
1348,4,5,4,5,5,5,5,5,2,2,70.0,,,1.0,,,,3.0,4.0,5.0,,5.0,1.0,54.0,,,2.0,2.0,4.0,5.0,,,,,,,,18.0,1.0,,,6.0,,,1.0,4.0,,,,,,,,,,,,1.0,1.0,1.0,1.0,1.0,1.0,6,3,3,2,3,5,6,6,3,2,62.0,54.0,58.0,68.0,70.0,65.0,75.0,60.0,40.0,38.0,2,2,1,2,2,2,2,2,2,1,2,1,1,1,2,1,2,2,2,1,1,2,1,1,2,1,1,1,2,2,2,1,2,1,1,2,1,1,2,1
1427,4,4,4,4,4,4,5,4,2,2,,30.0,1.0,,3.0,4.0,6.0,,,,,5.0,1.0,40.0,,,2.0,,,,2.0,4.0,5.0,,,,20.0,,,2.0,,7.0,,,2.0,,4.0,1.0,1.0,1.0,1.0,1.0,1.0,1.0,1.0,1.0,1.0,,,,,,,6,3,2,2,2,4,6,6,3,1,60.0,55.0,60.0,65.0,65.0,60.0,70.0,60.0,50.0,45.0,1,2,1,2,2,1,2,2,2,2,1,1,2,2,2,2,2,1,1,1,2,1,2,1,1,2,1,2,2,1,2,2,1,2,2,1,2,2,2,1
1554,4,4,4,4,4,4,5,4,2,2,70.0,,,1.0,3.0,4.0,6.0,,,,5.0,,1.0,54.0,,,2.0,1.0,4.0,5.0,,,,,,,,20.0,1.0,,5.0,,,,1.0,,5.0,1.0,1.0,1.0,1.0,1.0,1.0,1.0,1.0,1.0,1.0,,,,,,,6,3,4,3,3,5,6,5,3,2,62.0,54.0,58.0,66.0,68.0,60.0,72.0,59.0,51.0,47.0,2,2,1,2,1,2,2,1,2,2,1,1,2,2,2,2,1,1,1,2,1,1,1,1,2,2,1,2,1,1,1,1,1,1,2,1,1,2,1,2
894,4,4,4,4,4,4,5,4,2,2,70.0,,,2.0,3.0,4.0,6.0,,,,5.0,,,,2.0,1.0,,2.0,4.0,5.0,,,,,,,,,,2.0,,,3.0,,1.0,4.0,,1.0,1.0,1.0,1.0,1.0,1.0,1.0,1.0,1.0,1.0,,,,,,,6,3,2,2,3,5,6,6,3,2,60.0,55.0,60.0,60.0,65.0,60.0,70.0,60.0,40.0,40.0,2,1,1,1,1,2,1,2,2,1,2,1,1,2,1,1,2,2,2,1,2,2,1,1,2,1,1,2,1,2,2,2,1,2,2,1,1,1,2,2
195,5,4,5,5,5,5,5,5,2,2,70.0,,,1.0,3.0,4.0,6.0,,,,,5.0,,,2.0,1.0,,,,,2.0,4.0,5.0,,,,,20.0,1.0,,6.0,,,,1.0,,5.0,,,,,,,,,,,1.0,1.0,1.0,1.0,1.0,1.0,6,2,2,2,2,4,6,6,3,2,62.0,55.0,60.0,70.0,68.0,65.0,80.0,60.0,55.0,50.0,2,2,2,2,1,1,1,2,2,2,2,1,2,2,1,1,2,1,1,2,2,1,2,1,1,1,2,2,2,1,1,1,1,1,2,2,2,1,1,2
200,2,3,2,2,2,2,4,2,4,3,70.0,,1.0,,3.0,4.0,6.0,,,,5.0,,1.0,30.0,,1.0,,1.0,2.0,2.0,,,,,,,,,1.0,,,,2.0,,1.0,,3.0,,,,,,,,,,,1.0,1.0,1.0,1.0,1.0,1.0,6,2,2,3,2,5,6,5,2,2,40.0,35.0,30.0,30.0,30.0,25.0,40.0,25.0,50.0,30.0,2,2,2,2,2,2,2,1,2,2,1,1,1,1,2,1,2,2,1,1,2,2,2,1,1,1,1,1,2,2,1,2,1,2,2,1,1,2,1,1
789,2,2,2,2,2,2,4,2,4,2,,30.0,,1.0,,,,3.0,3.0,3.0,,5.0,,,2.0,,2.0,,,,1.0,3.0,4.0,,,,,20.0,,2.0,,5.0,,1.0,,,3.0,,,,,,,,,,,1.0,1.0,1.0,1.0,1.0,1.0,6,2,2,2,2,4,6,6,2,2,40.0,35.0,30.0,30.0,30.0,25.0,35.0,25.0,40.0,30.0,2,2,2,2,2,2,2,2,2,2,2,2,2,2,2,2,2,2,2,2,2,2,2,2,2,2,2,2,2,2,2,2,2,2,2,2,2,2,2,2
373,5,5,5,5,5,5,5,5,1,1,70.0,,,1.0,,,,3.0,4.0,4.0,5.0,,,,2.0,1.0,,,,,1.0,5.0,6.0,,,,,20.0,1.0,,,9.0,,1.0,,,5.0,1.0,1.0,1.0,1.0,1.0,1.0,1.0,1.0,1.0,1.0,,,,,,,6,3,2,2,2,5,6,6,3,2,65.0,60.0,60.0,70.0,75.0,70.0,80.0,60.0,40.0,35.0,2,2,2,2,2,2,2,2,2,2,2,2,2,2,2,2,2,2,2,1,2,2,2,2,1,2,2,2,2,2,2,1,2,2,1,2,2,2,1,2
1595,4,4,4,4,4,4,4,4,2,2,,30.0,1.0,,3.0,4.0,6.0,,,,,5.0,1.0,30.0,,1.0,,1.0,4.0,4.0,,,,,,,20.0,,,2.0,,,1.0,,1.0,,4.0,,,,,,,,,,,1.0,1.0,1.0,1.0,1.0,1.0,6,2,2,2,2,5,6,6,3,2,60.0,55.0,50.0,60.0,60.0,60.0,65.0,55.0,40.0,40.0,2,2,2,2,2,2,2,2,2,1,2,1,2,2,1,2,2,1,2,2,2,2,1,1,1,1,2,1,2,2,2,2,1,2,1,1,2,1,1,2
1600,5,5,5,5,5,5,5,5,2,2,,30.0,,1.0,3.0,4.0,6.0,,,,5.0,,1.0,54.0,,1.0,,2.0,5.0,5.0,,,,,,,5.0,,,2.0,,6.0,,,2.0,,5.0,,,,,,,,,,,1.0,1.0,1.0,1.0,1.0,1.0,6,3,4,3,3,5,6,6,3,2,65.0,60.0,60.0,70.0,70.0,65.0,80.0,60.0,40.0,35.0,2,2,2,2,2,2,2,2,1,1,2,1,2,2,1,2,2,1,2,2,2,1,2,2,1,2,2,2,2,1,2,2,2,2,2,2,1,1,2,2
1389,5,5,5,5,5,5,5,5,1,1,70.0,,,1.0,3.0,4.0,6.0,,,,,5.0,1.0,50.0,,1.0,,,,,1.0,5.0,6.0,,,,,20.0,1.0,,3.0,,,,1.0,5.0,,1.0,1.0,1.0,1.0,1.0,1.0,1.0,1.0,1.0,1.0,,,,,,,6,2,2,2,2,5,6,6,4,2,65.0,60.0,60.0,70.0,75.0,70.0,80.0,60.0,30.0,35.0,2,2,2,1,1,1,1,2,1,2,2,2,2,2,1,2,1,1,1,2,2,2,1,1,2,1,2,1,2,2,1,2,2,1,2,1,2,1,2,1
1773,4,4,4,4,4,4,4,4,2,2,,30.0,,1.0,,,,4.0,4.0,3.0,5.0,,,,2.0,,2.0,2.0,4.0,4.0,,,,,,,,2.0,1.0,,3.0,,,,1.0,,4.0,1.0,1.0,1.0,1.0,1.0,1.0,1.0,1.0,1.0,1.0,,,,,,,6,3,2,2,3,5,6,6,3,1,60.0,55.0,60.0,65.0,65.0,60.0,70.0,55.0,40.0,35.0,1,2,2,2,1,1,2,2,2,2,2,2,1,1,2,2,2,1,1,1,1,2,1,2,1,2,2,1,2,2,2,2,2,1,2,2,2,1,2,2
1968,5,5,5,5,5,5,5,5,1,1,,30.0,6.0,,3.0,4.0,6.0,,,,5.0,,1.0,50.0,,,2.0,2.0,5.0,6.0,,,,,,,20.0,,1.0,,,5.0,,,2.0,5.0,,,,,,,,,,,,1.0,1.0,1.0,1.0,1.0,1.0,6,3,3,3,3,5,6,6,3,2,60.0,55.0,60.0,80.0,80.0,70.0,90.0,70.0,40.0,30.0,1,2,2,1,2,2,2,1,1,2,2,1,1,2,2,1,2,1,2,2,2,2,2,2,2,2,1,2,2,1,2,1,2,2,2,1,2,2,1,2
77,2,3,2,2,2,2,2,2,1,1,,30.0,,1.0,,,,3.0,4.0,2.0,2.0,,1.0,20.0,,1.0,,,,,,,,1.0,2.0,2.0,,,2.0,,,,1.0,,1.0,,1.0,,,,,,,,,,,1.0,1.0,1.0,1.0,1.0,1.0,2,2,2,2,3,3,3,3,1,1,20.0,15.0,20.0,20.0,20.0,20.0,20.0,20.0,10.0,10.0,2,2,2,2,2,2,2,2,2,2,2,2,2,2,2,2,2,2,2,2,2,2,2,2,2,2,2,2,2,2,2,2,2,2,2,2,2,2,2,2
992,5,5,5,5,5,5,5,5,2,2,70.0,,4.0,,,,,4.0,5.0,3.0,6.0,,,,2.0,,2.0,2.0,4.0,5.0,,,,,,,,,1.0,,5.0,,,,1.0,5.0,,,,,,,,,,,,1.0,1.0,1.0,1.0,1.0,1.0,6,3,4,3,2,5,6,5,3,2,65.0,60.0,62.0,70.0,68.0,66.0,80.0,60.0,40.0,45.0,2,2,2,1,2,2,2,2,1,2,2,2,1,2,2,2,2,2,2,2,2,1,2,2,1,2,1,2,1,2,1,2,2,1,2,1,2,2,1,1
2006,2,3,2,2,3,2,4,2,4,3,70.0,,1.0,,,,,3.0,4.0,2.0,,5.0,1.0,25.0,,,2.0,,,,,,,1.0,4.0,5.0,20.0,,,2.0,,,3.0,,1.0,3.0,,1.0,1.0,1.0,1.0,1.0,1.0,1.0,1.0,1.0,1.0,,,,,,,6,2,2,2,2,5,6,6,2,2,40.0,30.0,35.0,30.0,35.0,25.0,40.0,30.0,50.0,35.0,1,2,1,1,1,2,2,1,2,2,1,2,1,1,1,2,1,2,2,2,1,2,2,2,1,2,2,2,2,1,2,1,2,1,2,2,1,2,2,2
275,4,4,4,4,4,4,5,4,2,2,70.0,,,1.0,3.0,4.0,6.0,,,,,5.0,1.0,50.0,,1.0,,2.0,4.0,5.0,,,,,,,,,,2.0,,7.0,,,2.0,,4.0,1.0,1.0,1.0,1.0,1.0,1.0,1.0,1.0,1.0,1.0,,,,,,,6,3,4,3,3,5,6,5,3,2,60.0,55.0,60.0,65.0,70.0,60.0,75.0,60.0,40.0,35.0,1,1,1,1,2,2,2,1,1,2,2,1,2,2,2,1,2,1,2,2,2,2,1,2,2,2,1,2,2,2,1,2,2,1,2,1,1,2,2,1
306,5,4,4,4,4,4,5,4,1,2,,30.0,4.0,,2.0,3.0,5.0,,,,,5.0,,,2.0,,2.0,1.0,4.0,4.0,,,,,,,,,,2.0,,,1.0,,1.0,,4.0,1.0,1.0,1.0,1.0,1.0,1.0,1.0,1.0,1.0,1.0,,,,,,,6,3,2,2,3,5,6,6,3,2,60.0,55.0,50.0,60.0,65.0,60.0,70.0,60.0,40.0,35.0,2,2,2,1,2,2,2,2,1,2,2,2,2,2,2,2,2,2,2,2,2,1,2,2,2,2,2,2,1,1,2,2,2,2,2,1,2,2,2,2
469,2,4,3,2,3,2,5,2,4,3,70.0,,,1.0,,,,4.0,3.0,2.0,,5.0,,,2.0,1.0,,1.0,4.0,5.0,,,,,,,18.0,,1.0,,,6.0,,1.0,,4.0,,1.0,1.0,1.0,1.0,1.0,1.0,1.0,1.0,1.0,1.0,,,,,,,6,2,3,3,3,5,6,6,3,2,55.0,48.0,52.0,44.0,50.0,41.0,60.0,38.0,57.0,36.0,2,1,2,1,2,2,2,1,1,1,1,1,1,1,1,2,2,2,1,2,2,1,1,2,2,2,1,2,2,1,2,1,2,1,2,1,1,2,1,2
1675,4,4,4,4,4,4,4,4,2,2,70.0,,4.0,,3.0,4.0,6.0,,,,,5.0,1.0,50.0,,1.0,,2.0,4.0,4.0,,,,,,,20.0,,1.0,,,,2.0,1.0,,4.0,,,,,,,,,,,,1.0,1.0,1.0,1.0,1.0,1.0,6,2,2,2,2,5,6,6,3,2,60.0,55.0,60.0,65.0,65.0,60.0,70.0,55.0,50.0,45.0,2,1,1,1,2,2,2,1,1,1,2,2,2,1,1,1,1,1,2,1,1,2,2,1,1,1,2,1,2,2,2,1,2,1,2,2,1,2,1,2
1706,2,3,2,2,3,2,4,2,4,3,,30.0,,1.0,,,,3.0,4.0,2.0,,5.0,,,2.0,1.0,,2.0,3.0,4.0,,,,,,,18.0,,,2.0,,6.0,,,2.0,,4.0,1.0,1.0,1.0,1.0,1.0,1.0,1.0,1.0,1.0,1.0,,,,,,,6,2,2,2,2,5,6,6,3,1,45.0,38.0,41.0,44.0,47.0,36.0,49.0,40.0,52.0,39.0,2,1,2,2,1,2,2,1,1,2,2,2,2,1,1,2,1,2,2,1,1,1,2,1,2,1,1,1,1,1,1,2,1,1,1,1,1,2,1,2
1493,5,5,5,5,5,5,5,5,1,1,70.0,,6.0,,,,,3.0,4.0,2.0,5.0,,,,2.0,,2.0,2.0,5.0,6.0,,,,,,,20.0,,,2.0,5.0,,,,2.0,5.0,,,,,,,,,,,,1.0,1.0,1.0,1.0,1.0,1.0,6,3,2,2,2,5,6,6,3,2,65.0,60.0,70.0,80.0,75.0,70.0,85.0,60.0,30.0,25.0,1,2,1,2,1,2,1,2,2,2,2,2,2,1,2,1,2,1,1,1,2,1,1,2,1,1,1,2,2,2,1,1,1,2,1,1,2,1,1,1
1069,2,3,2,2,2,2,2,2,5,2,,30.0,,1.0,3.0,4.0,6.0,,,,,2.0,,,1.0,,2.0,,,,,,,1.0,2.0,2.0,20.0,,,2.0,3.0,,,1.0,,,2.0,,,,,,,,,,,1.0,1.0,1.0,1.0,1.0,1.0,6,2,2,2,2,5,6,6,1,2,30.0,20.0,20.0,20.0,20.0,20.0,20.0,20.0,20.0,20.0,2,2,1,1,2,2,2,2,1,1,1,2,2,2,2,2,2,1,1,1,2,2,2,2,2,1,2,1,1,1,2,1,2,1,2,2,2,2,1,2
953,2,3,2,2,2,2,2,2,1,1,70.0,,,1.0,,,,3.0,4.0,2.0,,5.0,,,2.0,1.0,,1.0,2.0,2.0,,,,,,,20.0,,2.0,,3.0,,,,1.0,3.0,,,,,,,,,,,,1.0,1.0,1.0,1.0,1.0,1.0,6,2,2,2,2,5,6,6,2,2,40.0,35.0,30.0,30.0,30.0,30.0,30.0,25.0,60.0,60.0,2,1,1,2,2,2,2,2,2,2,1,2,2,2,2,1,2,2,1,1,1,1,2,2,2,2,1,2,1,2,2,2,2,1,2,2,2,1,2,1
820,4,4,4,4,4,4,5,4,2,2,70.0,,,1.0,3.0,4.0,6.0,,,,5.0,,,,2.0,1.0,,3.0,4.0,5.0,,,,,,,5.0,,1.0,,,6.0,,1.0,,4.0,,1.0,1.0,1.0,1.0,1.0,1.0,1.0,1.0,1.0,1.0,,,,,,,7,3,4,3,3,5,7,6,3,2,60.0,55.0,60.0,65.0,70.0,60.0,75.0,60.0,50.0,45.0,1,2,2,1,2,1,2,2,2,1,1,2,2,2,1,2,1,2,2,1,2,2,2,1,1,1,1,2,2,2,1,1,1,2,1,1,1,2,1,1
121,2,2,2,2,2,2,4,2,4,2,,30.0,,1.0,2.0,3.0,5.0,,,,,5.0,1.0,30.0,,,2.0,,,,,,,1.0,2.0,4.0,,,2.0,,3.0,,,1.0,,3.0,,,,,,,,,,,,1.0,1.0,1.0,1.0,1.0,1.0,6,3,3,3,2,5,6,6,1,2,40.0,35.0,30.0,30.0,30.0,25.0,30.0,20.0,40.0,20.0,2,1,2,2,2,2,2,2,2,1,2,2,1,2,2,2,1,2,2,1,2,1,2,2,2,2,2,2,2,1,1,2,2,1,2,1,2,2,2,2
1452,4,4,4,5,5,5,5,5,2,2,70.0,,4.0,,3.0,4.0,6.0,,,,5.0,,,,2.0,,2.0,,,,,,,2.0,4.0,5.0,,20.0,,2.0,,6.0,,,2.0,5.0,,,,,,,,,,,,1.0,1.0,1.0,1.0,1.0,1.0,6,3,4,4,3,5,6,6,3,2,62.0,55.0,60.0,70.0,75.0,65.0,80.0,60.0,50.0,45.0,2,1,2,2,2,1,1,2,2,2,1,1,2,1,1,2,1,2,2,1,1,2,2,2,1,1,1,2,2,1,2,1,1,2,2,1,1,2,2,2
1521,5,5,5,5,5,5,5,5,2,2,,30.0,,1.0,3.0,4.0,6.0,,,,,6.0,1.0,54.0,,1.0,,,,,4.0,5.0,6.0,,,,,,,2.0,,6.0,,2.0,,,5.0,,,,,,,,,,,1.0,1.0,1.0,1.0,1.0,1.0,6,3,3,3,2,5,6,6,3,2,65.0,60.0,65.0,70.0,75.0,70.0,80.0,65.0,30.0,35.0,2,2,2,2,2,1,2,2,2,1,1,1,2,2,2,2,1,1,2,1,2,1,2,1,2,1,2,1,1,1,2,2,2,2,2,1,2,2,1,1
46,2,3,2,1,1,1,1,1,5,5,70.0,,1.0,,,,,2.0,3.0,2.0,2.0,,2.0,10.0,,,2.0,1.0,2.0,1.0,,,,,,,,,,2.0,,10.0,,,2.0,1.0,,1.0,1.0,1.0,1.0,1.0,1.0,1.0,1.0,1.0,1.0,,,,,,,6,2,2,2,2,5,6,6,1,1,30.0,20.0,20.0,10.0,10.0,10.0,10.0,10.0,60.0,60.0,2,2,2,2,2,1,1,2,2,2,2,2,1,1,2,2,1,2,2,1,1,2,2,2,2,1,2,2,1,1,2,2,1,2,2,2,2,1,2,2
2037,2,3,2,2,3,2,4,2,4,3,,30.0,,1.0,,,,3.0,4.0,2.0,,5.0,,,2.0,,2.0,1.0,3.0,4.0,,,,,,,,,,2.0,3.0,,,,1.0,,3.0,1.0,1.0,1.0,1.0,1.0,1.0,1.0,1.0,1.0,1.0,,,,,,,6,2,3,3,3,5,6,5,3,1,40.0,35.0,30.0,35.0,40.0,30.0,50.0,30.0,60.0,30.0,1,2,1,2,1,1,1,2,1,2,2,1,1,1,2,1,2,1,1,2,1,1,2,1,2,2,2,1,1,2,1,2,2,1,2,1,2,1,2,1
1959,4,4,4,4,4,3,4,3,2,3,,30.0,,1.0,3.0,4.0,5.0,,,,,5.0,1.0,30.0,,1.0,,,,,,,,2.0,4.0,5.0,20.0,,1.0,,,,3.0,1.0,,,4.0,,,,,,,,,,,1.0,1.0,1.0,1.0,1.0,1.0,6,3,3,3,3,5,6,6,3,2,60.0,55.0,50.0,65.0,60.0,55.0,70.0,50.0,45.0,40.0,2,1,1,2,1,1,1,1,2,2,1,1,1,2,1,1,1,2,2,1,1,2,1,2,2,1,2,2,2,2,1,2,1,1,2,1,2,2,2,2
1644,5,5,5,5,5,5,5,5,2,2,,30.0,4.0,,,,,3.0,4.0,5.0,,6.0,,,2.0,1.0,,2.0,4.0,5.0,,,,,,,2.0,,,2.0,,,3.0,,2.0,4.0,,,,,,,,,,,,1.0,1.0,1.0,1.0,1.0,1.0,6,3,2,2,3,5,6,6,3,2,62.0,54.0,58.0,68.0,70.0,60.0,75.0,65.0,40.0,38.0,2,2,1,1,2,2,2,2,2,1,2,2,2,2,1,1,2,2,2,1,1,2,1,2,1,1,2,2,2,2,2,1,2,2,1,1,1,1,2,1
1737,4,4,4,5,5,5,5,5,1,2,,30.0,4.0,,,,,3.0,4.0,5.0,5.0,,,,2.0,1.0,,2.0,4.0,5.0,,,,,,,20.0,,1.0,,,,3.0,1.0,,,5.0,1.0,1.0,1.0,1.0,1.0,1.0,1.0,1.0,1.0,1.0,,,,,,,6,3,4,3,2,5,6,5,3,1,62.0,55.0,60.0,68.0,70.0,65.0,80.0,60.0,40.0,35.0,1,1,2,2,2,2,2,2,1,1,2,2,1,1,2,2,2,2,2,2,2,1,2,1,2,2,2,1,1,2,2,2,2,2,1,1,2,2,2,1
1058,5,5,5,5,5,5,5,5,2,2,70.0,,4.0,,3.0,4.0,6.0,,,,5.0,,,,2.0,1.0,,,,,,,,2.0,5.0,6.0,,,,2.0,,8.0,,,2.0,5.0,,,,,,,,,,,,1.0,1.0,1.0,1.0,1.0,1.0,6,3,2,2,2,4,6,6,3,2,60.0,55.0,60.0,70.0,75.0,65.0,80.0,60.0,40.0,35.0,1,1,2,2,2,2,2,2,2,1,2,1,1,1,2,2,2,1,2,1,2,2,2,1,2,1,2,2,1,2,1,1,2,1,1,2,2,2,2,2
244,2,4,2,2,3,2,4,2,4,3,70.0,,1.0,,,,,3.0,4.0,5.0,5.0,,,,2.0,,2.0,,,,,,,1.0,4.0,5.0,,,,2.0,6.0,,,1.0,,4.0,,,,,,,,,,,,1.0,1.0,1.0,1.0,1.0,1.0,6,3,3,3,3,5,6,6,3,2,55.0,48.0,50.0,45.0,50.0,40.0,60.0,45.0,55.0,40.0,1,2,1,1,2,2,2,2,2,2,2,1,2,2,1,1,1,2,2,1,1,2,2,2,1,1,1,2,1,2,2,1,2,1,1,1,2,1,1,1
337,2,3,2,2,3,2,4,2,4,3,70.0,,4.0,,3.0,4.0,6.0,,,,5.0,,1.0,40.0,,1.0,,,,,,,,1.0,4.0,5.0,,,,2.0,,,3.0,1.0,,,3.0,1.0,1.0,1.0,1.0,1.0,1.0,1.0,1.0,1.0,1.0,,,,,,,6,3,2,2,3,5,6,6,2,2,40.0,35.0,30.0,30.0,35.0,25.0,40.0,30.0,50.0,30.0,1,1,2,1,2,1,2,1,1,1,1,2,1,2,1,1,1,2,1,2,1,1,2,2,2,1,2,2,2,2,1,2,1,2,1,1,2,2,2,1
458,4,4,4,4,4,4,5,4,2,3,,30.0,,1.0,3.0,3.0,5.0,,,,,5.0,,,2.0,1.0,,,,,2.0,4.0,5.0,,,,16.0,,1.0,,3.0,,,1.0,,4.0,,1.0,1.0,1.0,1.0,1.0,1.0,1.0,1.0,1.0,1.0,,,,,,,6,3,4,4,2,5,6,5,3,2,62.0,55.0,60.0,65.0,68.0,60.0,70.0,58.0,45.0,50.0,2,1,1,2,2,1,2,2,1,2,1,1,1,2,2,1,2,2,2,1,2,1,1,1,1,2,1,2,1,2,2,2,1,1,2,1,1,1,2,1
962,4,4,4,5,5,5,5,5,2,2,,30.0,4.0,,2.0,3.0,6.0,,,,,5.0,,,2.0,1.0,,,,,,,,2.0,4.0,4.0,,15.0,1.0,,,6.0,,,1.0,4.0,,,,,,,,,,,,1.0,1.0,1.0,1.0,1.0,1.0,6,3,2,2,2,5,6,6,3,2,60.0,55.0,50.0,65.0,70.0,60.0,75.0,55.0,45.0,40.0,1,2,1,1,2,2,2,1,2,2,2,2,2,1,1,2,2,2,1,2,2,2,2,1,1,2,2,2,2,2,1,1,1,1,2,1,2,1,2,1
87,5,4,5,5,5,5,5,5,2,2,,30.0,,1.0,3.0,4.0,6.0,,,,,6.0,,,2.0,1.0,,2.0,4.0,6.0,,,,,,,,,,2.0,3.0,,,1.0,,,5.0,1.0,1.0,1.0,1.0,1.0,1.0,1.0,1.0,1.0,1.0,,,,,,,6,2,2,2,2,5,6,6,3,1,60.0,55.0,60.0,70.0,75.0,65.0,80.0,60.0,40.0,45.0,2,2,2,1,1,2,1,2,2,2,2,2,2,2,1,2,2,2,2,2,2,1,1,1,1,2,2,1,1,1,2,2,2,2,2,2,1,2,2,2
811,4,4,4,4,4,4,5,4,2,2,,30.0,,1.0,3.0,4.0,6.0,,,,,5.0,1.0,54.0,,1.0,,2.0,4.0,4.0,,,,,,,18.0,,1.0,,,,2.0,,1.0,4.0,,,,,,,,,,,,1.0,1.0,1.0,1.0,1.0,1.0,6,3,2,2,3,5,6,6,3,2,60.0,55.0,60.0,65.0,65.0,60.0,70.0,60.0,40.0,40.0,2,1,2,2,2,1,1,2,1,2,1,1,1,2,2,1,1,2,2,1,2,1,2,2,2,1,1,2,1,1,2,2,1,1,2,1,1,2,2,1
1998,5,4,5,5,5,5,5,5,2,2,,30.0,4.0,,3.0,4.0,6.0,,,,,6.0,1.0,54.0,,,2.0,2.0,4.0,5.0,,,,,,,,,,2.0,,,3.0,1.0,,,5.0,,,,,,,,,,,1.0,1.0,1.0,1.0,1.0,1.0,6,3,3,3,3,5,6,6,3,2,60.0,55.0,60.0,70.0,70.0,65.0,80.0,60.0,40.0,35.0,2,2,1,1,2,2,1,2,2,2,2,2,1,2,1,2,1,1,1,2,2,1,1,1,1,2,1,2,1,2,1,1,1,1,2,1,2,1,2,1
1463,5,5,5,5,5,5,5,5,1,1,,30.0,,1.0,,,,3.0,4.0,2.0,5.0,,1.0,54.0,,,2.0,,,,1.0,5.0,6.0,,,,,,1.0,,4.0,,,,2.0,,5.0,,,,,,,,,,,1.0,1.0,1.0,1.0,1.0,1.0,6,2,2,2,2,5,6,6,3,2,62.0,54.0,60.0,70.0,68.0,65.0,75.0,60.0,40.0,38.0,1,2,2,2,1,2,2,2,1,2,2,1,1,2,2,1,2,2,2,1,2,1,2,1,2,2,2,2,2,2,1,1,1,2,2,2,2,2,2,2
1510,4,4,4,4,4,4,4,4,2,2,70.0,,4.0,,3.0,4.0,5.0,,,,,5.0,1.0,30.0,,1.0,,,,,3.0,4.0,4.0,,,,20.0,,,2.0,,7.0,,1.0,,,4.0,1.0,1.0,1.0,1.0,1.0,1.0,1.0,1.0,1.0,1.0,,,,,,,6,2,2,2,2,5,6,6,3,1,60.0,55.0,55.0,60.0,60.0,55.0,60.0,50.0,40.0,40.0,1,1,1,1,2,1,2,2,2,1,2,2,1,1,2,1,2,1,1,1,2,1,1,1,2,1,2,2,2,2,1,2,2,2,1,1,2,1,1,1
1099,5,4,5,5,5,5,5,5,2,2,,30.0,4.0,,3.0,4.0,6.0,,,,5.0,,1.0,50.0,,,2.0,1.0,4.0,4.0,,,,,,,20.0,,,2.0,,8.0,,1.0,,,5.0,,,,,,,,,,,1.0,1.0,1.0,1.0,1.0,1.0,6,3,3,3,3,5,6,6,3,2,60.0,55.0,60.0,65.0,65.0,60.0,70.0,60.0,50.0,45.0,1,1,2,1,1,1,2,2,2,1,1,2,1,1,2,1,2,2,2,2,2,2,2,2,2,1,1,2,1,1,2,2,2,2,2,2,1,2,1,2
1685,4,4,4,4,4,4,4,4,2,2,70.0,,,1.0,,,,4.0,4.0,3.0,5.0,,,,2.0,1.0,,2.0,4.0,4.0,,,,,,,16.0,,,2.0,4.0,,,,1.0,,4.0,,,,,,,,,,,1.0,1.0,1.0,1.0,1.0,1.0,6,3,3,3,2,5,6,6,3,2,62.0,54.0,58.0,66.0,68.0,60.0,70.0,55.0,48.0,44.0,2,2,1,1,1,2,1,2,1,2,1,2,2,2,1,2,2,2,2,2,1,1,1,1,2,2,1,2,1,1,2,1,1,2,2,2,2,1,1,2
110,2,4,3,2,3,2,4,2,4,3,,30.0,1.0,,3.0,4.0,6.0,,,,,5.0,1.0,40.0,,,2.0,,,,2.0,4.0,4.0,,,,,5.0,,2.0,,6.0,,1.0,,,4.0,1.0,1.0,1.0,1.0,1.0,1.0,1.0,1.0,1.0,1.0,,,,,,,6,3,3,3,2,5,6,5,3,2,55.0,50.0,45.0,40.0,50.0,40.0,60.0,35.0,55.0,30.0,2,2,1,2,2,1,2,2,2,1,1,2,2,2,1,1,1,2,1,2,2,1,1,1,1,2,1,2,1,2,2,1,1,2,1,2,2,1,2,2
499,4,4,4,4,4,4,5,4,2,2,70.0,,4.0,,,,,3.0,4.0,5.0,5.0,,1.0,54.0,,1.0,,1.0,4.0,5.0,,,,,,,,,1.0,,5.0,,,1.0,,,4.0,,,,,,,,,,,1.0,1.0,1.0,1.0,1.0,1.0,6,3,3,3,2,5,6,5,3,2,62.0,54.0,58.0,68.0,66.0,60.0,72.0,55.0,44.0,38.0,2,2,1,2,2,1,1,1,1,1,2,2,1,1,1,2,1,2,1,2,2,1,1,1,1,1,1,2,1,2,2,1,1,1,2,1,1,1,1,2
285,2,3,2,2,3,2,4,2,4,3,70.0,,3.0,,,,,3.0,4.0,3.0,5.0,,1.0,50.0,,,2.0,,,,,,,1.0,4.0,5.0,2.0,,,2.0,5.0,,,1.0,,,4.0,,,,,,,,,,,1.0,1.0,1.0,1.0,1.0,1.0,6,2,3,3,2,5,6,5,3,2,55.0,45.0,50.0,40.0,50.0,35.0,60.0,45.0,55.0,40.0,2,2,2,1,1,2,1,2,1,1,1,2,2,2,2,2,1,1,1,2,1,1,1,2,1,1,2,2,1,1,2,1,1,2,1,2,1,1,1,2
917,5,5,5,5,5,5,5,5,2,2,,30.0,,1.0,,,,4.0,4.0,3.0,,5.0,,,2.0,,2.0,2.0,4.0,4.0,,,,,,,2.0,,1.0,,3.0,,,,1.0,,4.0,1.0,1.0,1.0,1.0,1.0,1.0,1.0,1.0,1.0,1.0,,,,,,,6,3,2,2,2,5,6,6,3,2,62.0,55.0,60.0,70.0,68.0,65.0,75.0,60.0,50.0,45.0,2,2,2,2,2,2,2,2,2,2,2,2,2,2,2,2,2,2,2,2,2,2,2,2,2,2,2,2,2,2,2,2,2,2,2,2,2,2,2,2
864,2,2,2,1,1,2,2,1,4,4,70.0,,,1.0,,,,3.0,3.0,3.0,,5.0,,,2.0,1.0,,,,,,,,1.0,2.0,4.0,,,2.0,,3.0,,,1.0,,,1.0,1.0,1.0,1.0,1.0,1.0,1.0,1.0,1.0,1.0,1.0,,,,,,,6,2,2,2,2,5,6,6,1,1,40.0,35.0,30.0,20.0,20.0,20.0,25.0,15.0,60.0,50.0,2,2,2,2,2,1,1,2,2,2,2,1,1,2,2,1,2,1,1,2,1,1,1,1,1,1,1,1,1,1,1,1,2,1,2,1,1,2,1,1
1379,5,5,5,5,5,5,5,5,2,2,70.0,,4.0,,,,,3.0,4.0,5.0,6.0,,1.0,50.0,,,2.0,,,,,,,2.0,5.0,6.0,,20.0,1.0,,,,3.0,1.0,,,5.0,1.0,1.0,1.0,1.0,1.0,1.0,1.0,1.0,1.0,1.0,,,,,,,6,2,2,2,2,5,6,6,3,2,65.0,60.0,60.0,70.0,75.0,65.0,80.0,60.0,40.0,35.0,1,2,1,2,2,1,2,1,1,2,2,2,2,1,2,2,1,2,1,1,2,2,1,2,2,2,1,2,2,1,2,1,1,1,2,2,2,2,1,2
1783,2,3,2,2,3,2,4,2,4,3,,30.0,3.0,,3.0,4.0,6.0,,,,5.0,,1.0,25.0,,1.0,,,,,,,,1.0,4.0,4.0,,,2.0,,,6.0,,1.0,,3.0,,1.0,1.0,1.0,1.0,1.0,1.0,1.0,1.0,1.0,1.0,,,,,,,6,2,3,3,2,5,6,6,3,2,40.0,35.0,30.0,35.0,40.0,30.0,45.0,35.0,50.0,30.0,2,2,2,2,2,1,2,1,2,2,1,1,1,1,2,2,2,1,2,1,1,2,2,2,2,1,2,2,1,1,1,2,1,2,2,2,1,2,2,2
1416,2,2,2,1,2,2,2,1,1,1,70.0,,,1.0,3.0,4.0,6.0,,,,5.0,,,,2.0,,2.0,1.0,2.0,2.0,,,,,,,20.0,,2.0,,,7.0,,1.0,,2.0,,,,,,,,,,,,1.0,1.0,1.0,1.0,1.0,1.0,6,2,2,2,2,4,6,6,1,2,40.0,30.0,30.0,20.0,30.0,20.0,30.0,10.0,60.0,40.0,1,2,2,1,1,1,2,2,2,1,2,2,2,2,1,1,1,1,1,2,2,1,2,1,2,2,2,1,2,2,2,2,2,2,2,1,1,1,2,2
1565,5,5,5,5,5,5,5,5,2,2,,30.0,,1.0,3.0,4.0,6.0,,,,5.0,,,,2.0,,2.0,,,,1.0,5.0,6.0,,,,,20.0,,2.0,3.0,,,1.0,,5.0,,,,,,,,,,,,1.0,1.0,1.0,1.0,1.0,1.0,6,3,2,2,2,4,6,6,3,2,60.0,55.0,60.0,65.0,70.0,60.0,75.0,55.0,50.0,45.0,1,1,2,1,2,1,1,2,1,1,1,1,2,2,2,2,2,1,2,2,1,1,1,1,2,1,1,2,1,1,2,1,2,1,2,2,1,2,1,2
779,4,4,4,4,4,4,5,4,2,2,,30.0,4.0,,,,,3.0,4.0,2.0,,5.0,,,2.0,,2.0,2.0,4.0,4.0,,,,,,,20.0,,1.0,,,6.0,,1.0,,4.0,,,,,,,,,,,,1.0,1.0,1.0,1.0,1.0,1.0,6,3,4,3,2,5,6,5,3,2,60.0,55.0,50.0,65.0,60.0,55.0,70.0,60.0,40.0,35.0,2,2,2,1,2,2,1,2,2,1,2,2,2,2,2,2,1,2,2,2,1,2,2,2,1,2,2,2,1,1,2,2,1,2,1,2,1,2,2,1
383,2,3,3,2,3,2,4,2,4,3,,30.0,3.0,,,,,3.0,4.0,3.0,5.0,,,,2.0,,2.0,,,,,,,2.0,4.0,4.0,,20.0,1.0,,,,2.0,,1.0,,4.0,1.0,1.0,1.0,1.0,1.0,1.0,1.0,1.0,1.0,1.0,,,,,,,6,3,4,3,3,5,6,5,2,2,45.0,40.0,38.0,35.0,40.0,35.0,50.0,30.0,60.0,30.0,2,1,2,2,2,2,1,2,2,2,1,2,2,1,2,1,2,1,2,2,2,2,2,2,2,1,1,1,2,1,1,2,2,1,1,2,1,1,1,2
165,2,2,2,1,2,2,2,2,1,2,,30.0,1.0,,2.0,3.0,6.0,,,,,5.0,,,2.0,,2.0,,,,1.0,2.0,3.0,,,,,,2.0,,,7.0,,,1.0,,3.0,,,,,,,,,,,1.0,1.0,1.0,1.0,1.0,1.0,6,2,2,2,2,5,6,6,1,1,40.0,35.0,35.0,20.0,25.0,20.0,30.0,25.0,60.0,30.0,1,2,2,2,2,1,2,2,1,2,1,1,2,2,1,1,2,1,2,1,1,2,2,2,1,2,1,2,1,1,2,2,1,2,1,2,1,1,2,2
2042,4,4,4,4,4,4,5,4,2,2,70.0,,,1.0,4.0,4.0,6.0,,,,,5.0,,,2.0,1.0,,,,,,,,1.0,4.0,5.0,20.0,,1.0,,,6.0,,,1.0,,4.0,1.0,1.0,1.0,1.0,1.0,1.0,1.0,1.0,1.0,1.0,,,,,,,6,3,3,3,3,5,6,6,3,1,60.0,55.0,60.0,65.0,70.0,65.0,80.0,60.0,50.0,45.0,2,2,2,1,1,2,2,1,2,1,1,2,2,2,2,1,2,2,2,1,1,1,1,2,2,2,1,2,1,2,1,1,2,2,1,1,1,1,2,1
7,5,5,5,5,5,5,5,5,1,1,,30.0,,1.0,3.0,4.0,6.0,,,,5.0,,,,2.0,,2.0,,,,1.0,5.0,6.0,,,,20.0,,2.0,,,,1.0,1.0,,5.0,,,,,,,,,,,,1.0,1.0,1.0,1.0,1.0,1.0,6,3,2,2,3,5,6,6,4,2,65.0,60.0,60.0,80.0,85.0,80.0,90.0,70.0,30.0,25.0,2,2,2,2,2,2,1,1,2,2,2,2,1,1,2,1,2,2,1,2,1,1,2,1,1,1,1,2,1,2,2,2,1,2,1,2,2,2,2,2
33,4,4,4,4,4,4,5,4,2,2,70.0,,,1.0,,,,4.0,3.0,3.0,5.0,,,,2.0,,2.0,,,,2.0,4.0,5.0,,,,,20.0,1.0,,,,2.0,1.0,,4.0,,,,,,,,,,,,1.0,1.0,1.0,1.0,1.0,1.0,6,3,3,3,3,5,6,6,3,2,60.0,55.0,60.0,70.0,70.0,65.0,80.0,60.0,50.0,45.0,2,1,1,2,1,2,2,2,2,2,1,1,2,1,2,1,2,1,1,2,1,2,2,2,1,1,2,2,2,1,2,1,2,2,1,1,2,1,1,1
1631,2,3,2,2,2,2,2,2,1,2,,30.0,,2.0,3.0,4.0,6.0,,,,5.0,,,,2.0,1.0,,1.0,2.0,3.0,,,,,,,,,,2.0,3.0,,,1.0,,3.0,,1.0,1.0,1.0,1.0,1.0,1.0,1.0,1.0,1.0,1.0,,,,,,,6,2,2,2,2,4,6,6,2,1,40.0,35.0,30.0,30.0,30.0,25.0,30.0,25.0,40.0,35.0,2,2,2,2,2,2,2,2,2,2,2,2,2,2,2,2,2,2,2,2,2,2,2,2,2,2,2,2,2,2,2,2,2,2,2,2,2,2,2,2
1742,4,4,4,4,4,4,4,4,2,2,70.0,,4.0,,,,,3.0,4.0,5.0,,5.0,1.0,30.0,,1.0,,2.0,4.0,4.0,,,,,,,,,,2.0,,6.0,,,2.0,,4.0,,,,,,,,,,,1.0,1.0,1.0,1.0,1.0,1.0,6,3,3,3,3,5,6,6,3,2,60.0,55.0,50.0,55.0,60.0,55.0,60.0,50.0,45.0,40.0,2,2,2,2,2,2,2,2,1,2,1,2,1,2,1,2,1,1,2,2,1,2,2,2,1,2,1,2,1,2,1,2,2,1,2,1,1,2,1,1
231,2,3,2,1,2,2,2,2,5,2,,30.0,1.0,,,,,3.0,4.0,3.0,5.0,,1.0,30.0,,,2.0,,,,1.0,4.0,5.0,,,,,20.0,1.0,,,,1.0,,1.0,1.0,,1.0,1.0,1.0,1.0,1.0,1.0,1.0,1.0,1.0,1.0,,,,,,,6,2,2,2,2,5,6,6,1,1,30.0,20.0,20.0,10.0,20.0,10.0,20.0,10.0,60.0,10.0,1,1,2,2,2,2,2,1,1,1,1,1,1,2,2,2,2,1,1,2,1,1,1,2,1,1,2,2,2,1,2,2,2,2,1,2,1,2,1,1
342,5,4,5,5,5,5,5,5,2,2,70.0,,,1.0,3.0,4.0,6.0,,,,5.0,,1.0,45.0,,1.0,,2.0,4.0,4.0,,,,,,,18.0,,1.0,,,6.0,,,1.0,4.0,,,,,,,,,,,,1.0,1.0,1.0,1.0,1.0,1.0,6,3,4,3,3,5,6,6,3,2,60.0,55.0,60.0,65.0,65.0,60.0,70.0,60.0,40.0,35.0,1,2,1,2,2,1,1,2,2,2,2,1,1,2,2,1,1,2,2,2,2,1,1,1,2,1,1,2,2,1,2,1,2,1,2,2,1,2,1,1
1200,2,3,2,2,2,2,2,2,5,1,,30.0,,1.0,,,,3.0,4.0,2.0,,5.0,1.0,30.0,,1.0,,1.0,2.0,2.0,,,,,,,,,2.0,,3.0,,,1.0,,,2.0,,,,,,,,,,,1.0,1.0,1.0,1.0,1.0,1.0,6,2,2,2,2,5,6,6,3,2,45.0,40.0,35.0,30.0,35.0,30.0,40.0,25.0,50.0,20.0,2,2,1,1,2,1,2,2,2,2,1,1,2,2,1,2,1,2,2,1,2,2,2,2,1,2,1,2,1,1,2,2,2,1,1,1,2,1,1,2
1789,2,4,3,2,3,3,4,2,4,3,70.0,,,1.0,,,,3.0,4.0,2.0,,5.0,,,2.0,1.0,,2.0,4.0,5.0,,,,,,,,,,2.0,4.0,,,1.0,,,4.0,1.0,1.0,1.0,1.0,1.0,1.0,1.0,1.0,1.0,1.0,,,,,,,6,3,2,3,2,5,6,5,3,1,55.0,48.0,50.0,45.0,52.0,50.0,60.0,40.0,55.0,45.0,2,1,2,2,2,2,1,2,1,1,2,1,1,2,1,2,1,2,2,2,1,1,2,2,2,1,2,2,1,2,2,1,1,1,2,1,2,1,1,1
1373,3,3,3,3,3,3,3,3,3,3,70.0,,,1.0,3.0,3.0,6.0,,,,3.0,,,,2.0,1.0,,1.0,3.0,3.0,,,,,,,,,,2.0,3.0,,,,1.0,,3.0,1.0,1.0,1.0,1.0,1.0,1.0,1.0,1.0,1.0,1.0,,,,,,,6,2,2,2,2,4,6,6,2,2,40.0,35.0,35.0,35.0,35.0,35.0,35.0,35.0,35.0,35.0,2,1,1,1,2,2,2,2,2,2,1,1,2,2,1,1,1,1,1,2,1,2,2,2,1,2,2,2,1,1,1,2,2,2,1,2,1,1,2,2
1195,5,5,5,5,5,5,5,5,1,1,70.0,,,1.0,,,,3.0,4.0,2.0,,6.0,,,2.0,1.0,,,,,,,,2.0,5.0,6.0,,20.0,,2.0,,7.0,,1.0,,5.0,,,,,,,,,,,,1.0,1.0,1.0,1.0,1.0,1.0,6,3,2,2,2,5,6,6,3,2,65.0,55.0,60.0,70.0,75.0,70.0,80.0,60.0,40.0,35.0,2,1,2,1,1,1,2,2,1,1,1,2,2,2,2,2,1,1,1,1,1,1,1,1,1,2,2,2,2,1,2,1,2,1,2,1,2,1,1,1
600,5,5,5,5,5,5,5,5,1,1,70.0,,4.0,,3.0,4.0,6.0,,,,,5.0,1.0,54.0,,,2.0,,,,,,,4.0,5.0,6.0,,,,2.0,,8.0,,1.0,,5.0,,,,,,,,,,,,1.0,1.0,1.0,1.0,1.0,1.0,6,3,2,2,2,5,6,6,3,2,62.0,54.0,60.0,68.0,70.0,65.0,75.0,60.0,40.0,35.0,1,2,2,2,2,2,2,2,2,2,2,1,2,2,2,2,2,2,1,2,2,2,2,2,2,2,2,2,2,2,1,2,1,2,2,1,1,1,2,2
389,5,5,5,5,5,5,5,5,2,2,,30.0,,1.0,,,,4.0,3.0,2.0,5.0,,,,2.0,1.0,,,,,,,,1.0,5.0,6.0,,,,2.0,,,2.0,,2.0,5.0,,1.0,1.0,1.0,1.0,1.0,1.0,1.0,1.0,1.0,1.0,,,,,,,6,3,2,2,3,5,6,6,3,1,60.0,55.0,60.0,65.0,70.0,60.0,75.0,60.0,40.0,35.0,1,2,2,2,1,2,1,2,1,1,2,2,2,2,1,1,1,2,2,1,2,2,2,2,1,2,1,2,2,2,1,2,1,2,1,2,1,1,2,1
773,5,5,5,5,5,5,5,5,1,1,70.0,,4.0,,,,,3.0,4.0,2.0,5.0,,1.0,40.0,,,2.0,1.0,4.0,4.0,,,,,,,,,1.0,,,7.0,,,1.0,4.0,,1.0,1.0,1.0,1.0,1.0,1.0,1.0,1.0,1.0,1.0,,,,,,,6,2,2,2,2,5,6,6,3,1,60.0,55.0,60.0,70.0,70.0,65.0,80.0,60.0,30.0,30.0,1,2,2,2,1,2,1,2,2,1,2,1,2,2,2,2,1,2,2,1,1,2,2,2,1,2,1,2,2,2,2,1,1,2,2,2,2,2,1,1
595,5,5,5,5,5,5,5,5,1,1,70.0,,,1.0,3.0,3.0,6.0,,,,5.0,,,,2.0,,2.0,2.0,5.0,6.0,,,,,,,,,1.0,,,,3.0,1.0,,5.0,,,,,,,,,,,,1.0,1.0,1.0,1.0,1.0,1.0,6,2,2,2,2,5,6,6,3,2,62.0,55.0,60.0,70.0,75.0,65.0,80.0,60.0,30.0,35.0,1,2,1,2,2,2,1,1,1,1,1,1,2,1,1,2,2,2,2,2,2,2,2,1,2,1,2,2,1,2,1,2,2,2,2,1,1,2,1,2
1894,4,5,4,5,5,5,5,5,2,2,,30.0,4.0,,2.0,3.0,6.0,,,,5.0,,,,2.0,,2.0,,,,2.0,4.0,5.0,,,,2.0,,1.0,,,6.0,,1.0,,,4.0,,,,,,,,,,,1.0,1.0,1.0,1.0,1.0,1.0,6,3,3,3,3,5,6,6,3,2,60.0,55.0,60.0,65.0,70.0,65.0,80.0,60.0,40.0,35.0,1,2,2,2,1,1,1,1,1,1,2,1,2,1,1,1,1,1,2,1,1,2,2,1,2,2,2,2,2,1,2,1,1,2,2,2,1,1,1,1
1027,5,5,5,5,5,5,5,5,2,2,70.0,,4.0,,,,,3.0,4.0,3.0,,5.0,1.0,50.0,,,2.0,1.0,5.0,6.0,,,,,,,20.0,,,2.0,5.0,,,,2.0,5.0,,,,,,,,,,,,1.0,1.0,1.0,1.0,1.0,1.0,6,3,2,2,2,5,6,6,3,2,60.0,55.0,50.0,65.0,70.0,60.0,75.0,55.0,40.0,35.0,2,1,1,2,2,2,2,2,2,2,1,2,2,1,2,2,2,1,2,2,1,2,2,2,2,2,2,2,2,1,2,2,2,2,2,1,1,2,2,2
1154,5,4,5,5,5,5,5,5,2,2,,30.0,4.0,,,,,3.0,4.0,3.0,,5.0,1.0,50.0,,,2.0,1.0,5.0,5.0,,,,,,,18.0,,1.0,,4.0,,,,1.0,,5.0,1.0,1.0,1.0,1.0,1.0,1.0,1.0,1.0,1.0,1.0,,,,,,,6,3,2,3,3,5,6,6,3,1,60.0,55.0,60.0,70.0,70.0,65.0,80.0,60.0,40.0,35.0,2,1,2,2,2,2,2,1,2,1,1,1,2,2,1,1,2,2,2,2,1,2,2,2,1,2,1,2,1,2,2,1,1,1,2,1,1,1,2,1
1748,4,4,4,4,4,4,5,4,2,2,,30.0,4.0,,3.0,4.0,6.0,,,,5.0,,1.0,54.0,,1.0,,2.0,4.0,4.0,,,,,,,,,,2.0,,,3.0,1.0,,,4.0,1.0,1.0,1.0,1.0,1.0,1.0,1.0,1.0,1.0,1.0,,,,,,,6,3,2,2,3,5,6,6,3,2,60.0,55.0,50.0,60.0,65.0,60.0,70.0,55.0,50.0,45.0,1,2,2,1,2,2,2,2,1,2,2,1,2,2,2,2,2,2,1,1,2,2,1,2,2,2,2,2,2,2,2,2,2,1,2,2,2,1,2,1
427,4,4,4,4,4,4,5,4,2,2,,30.0,,1.0,,,,4.0,4.0,3.0,,5.0,,,2.0,,2.0,,,,,,,1.0,4.0,4.0,,20.0,,2.0,,,3.0,,2.0,4.0,,,,,,,,,,,,1.0,1.0,1.0,1.0,1.0,1.0,6,2,3,3,2,4,6,6,3,2,60.0,55.0,60.0,65.0,70.0,60.0,75.0,60.0,40.0,35.0,2,2,2,1,1,2,1,2,2,1,1,1,2,2,2,2,1,2,2,1,2,1,2,2,1,2,1,2,1,1,2,1,2,1,2,2,1,2,1,1
554,4,4,4,4,4,4,4,4,2,2,,30.0,4.0,,3.0,4.0,6.0,,,,,5.0,,,2.0,,2.0,1.0,4.0,4.0,,,,,,,20.0,,,2.0,5.0,,,1.0,,4.0,,,,,,,,,,,,1.0,1.0,1.0,1.0,1.0,1.0,6,3,3,3,3,5,6,6,3,2,60.0,55.0,60.0,65.0,60.0,60.0,70.0,55.0,40.0,45.0,2,1,1,1,2,2,1,1,2,2,1,1,1,2,2,2,1,1,2,1,2,1,1,2,1,1,1,1,2,1,2,2,2,2,1,2,2,2,2,1
348,3,4,3,2,3,3,5,3,2,2,,30.0,,1.0,3.0,4.0,6.0,,,,5.0,,,,2.0,,2.0,,,,,,,1.0,4.0,5.0,2.0,,1.0,,,6.0,,1.0,,,4.0,,,,,,,,,,,1.0,1.0,1.0,1.0,1.0,1.0,6,3,3,3,3,5,6,6,3,2,60.0,55.0,50.0,60.0,60.0,55.0,70.0,55.0,50.0,45.0,2,1,2,2,1,2,2,1,2,1,2,2,1,1,2,2,2,1,2,1,1,2,2,1,1,2,2,1,2,1,1,1,2,1,1,2,2,1,2,2
2048,4,4,4,4,4,4,4,4,2,2,70.0,,4.0,,,,,3.0,4.0,5.0,,5.0,,,2.0,1.0,,,,,,,,2.0,4.0,5.0,2.0,,,2.0,,,3.0,1.0,,,4.0,,,,,,,,,,,1.0,1.0,1.0,1.0,1.0,1.0,6,3,4,3,3,5,6,5,3,2,60.0,55.0,60.0,65.0,65.0,60.0,70.0,60.0,50.0,45.0,1,1,2,2,2,2,2,1,2,2,1,2,2,1,2,2,2,1,1,2,1,1,2,2,1,1,1,1,2,1,2,2,2,1,2,2,1,2,2,2
39,2,2,2,2,2,2,5,2,1,1,,30.0,,1.0,,,,3.0,4.0,3.0,5.0,,,,2.0,1.0,,,,,,,,1.0,2.0,2.0,,,2.0,,,,1.0,1.0,,1.0,,,,,,,,,,,,1.0,1.0,1.0,1.0,1.0,1.0,6,2,2,2,2,4,6,6,1,1,30.0,25.0,20.0,20.0,20.0,15.0,20.0,10.0,40.0,30.0,2,1,2,2,2,1,2,1,2,1,2,2,2,2,2,2,2,1,2,2,1,1,2,2,2,2,2,2,1,2,1,2,2,1,2,2,2,2,2,2
1926,4,4,4,4,4,4,5,4,2,2,70.0,,1.0,,,,,3.0,4.0,5.0,,5.0,1.0,30.0,,,2.0,,,,,,,2.0,4.0,5.0,,,,2.0,,6.0,,,1.0,,4.0,1.0,1.0,1.0,1.0,1.0,1.0,1.0,1.0,1.0,1.0,,,,,,,6,3,2,2,2,5,6,6,3,1,60.0,55.0,50.0,60.0,65.0,60.0,70.0,55.0,50.0,45.0,1,2,1,1,2,2,2,1,2,1,2,1,2,2,1,1,2,1,2,1,1,1,2,1,1,2,1,2,2,1,2,1,1,1,1,1,1,2,1,1
1855,2,3,2,2,2,2,2,2,4,2,70.0,,,1.0,2.0,3.0,5.0,,,,5.0,,1.0,30.0,,,2.0,,,,,,,1.0,4.0,5.0,18.0,,,2.0,,,2.0,1.0,,4.0,,,,,,,,,,,,1.0,1.0,1.0,1.0,1.0,1.0,6,3,3,3,3,5,6,5,3,2,45.0,38.0,40.0,35.0,40.0,35.0,45.0,30.0,50.0,30.0,1,2,2,2,2,2,2,1,1,2,2,1,2,1,1,1,1,2,2,2,1,1,1,1,1,2,2,2,1,1,2,1,1,2,2,1,1,1,2,2
1052,5,5,5,5,5,5,5,5,1,1,,30.0,4.0,,,,,3.0,4.0,2.0,5.0,,,,2.0,1.0,,,,,,,,2.0,4.0,4.0,,20.0,1.0,,4.0,,,,1.0,,5.0,1.0,1.0,1.0,1.0,1.0,1.0,1.0,1.0,1.0,1.0,,,,,,,6,3,2,2,3,5,6,6,3,1,60.0,55.0,60.0,70.0,70.0,65.0,80.0,65.0,40.0,35.0,2,2,1,2,2,2,2,2,1,2,1,2,2,2,2,2,2,1,1,2,1,2,2,2,1,1,1,2,2,2,2,1,1,1,2,2,1,2,1,2
1121,5,4,4,5,5,5,5,5,2,2,,30.0,4.0,,3.0,4.0,6.0,,,,,5.0,1.0,50.0,,1.0,,,,,,,,4.0,4.0,5.0,,15.0,1.0,,4.0,,,,2.0,,5.0,,,,,,,,,,,1.0,1.0,1.0,1.0,1.0,1.0,6,3,4,3,2,5,6,5,3,2,65.0,55.0,60.0,70.0,75.0,65.0,80.0,60.0,40.0,35.0,1,1,1,1,2,1,1,2,1,2,1,2,2,1,2,2,2,2,1,1,2,2,1,2,2,1,2,2,2,2,2,2,2,2,2,2,1,1,2,1
452,2,4,2,2,2,2,5,2,4,2,70.0,,,1.0,3.0,3.0,6.0,,,,,5.0,1.0,54.0,,1.0,,,,,1.0,5.0,6.0,,,,,,,2.0,,7.0,,,1.0,4.0,,1.0,1.0,1.0,1.0,1.0,1.0,1.0,1.0,1.0,1.0,,,,,,,6,2,2,2,2,5,6,6,3,2,60.0,55.0,60.0,50.0,50.0,40.0,60.0,50.0,60.0,40.0,2,2,2,2,2,2,1,1,2,1,2,1,1,2,2,2,1,1,1,1,1,1,2,2,2,1,2,1,1,2,2,1,1,1,1,1,2,2,2,1
521,5,5,5,5,5,5,5,5,2,2,70.0,,,1.0,3.0,4.0,6.0,,,,5.0,,1.0,50.0,,,2.0,,,,2.0,4.0,5.0,,,,,18.0,,2.0,,,3.0,,2.0,4.0,,,,,,,,,,,,1.0,1.0,1.0,1.0,1.0,1.0,6,3,2,2,2,5,6,6,3,2,60.0,55.0,60.0,70.0,70.0,65.0,80.0,60.0,40.0,35.0,2,2,1,2,2,2,2,2,2,2,2,2,2,1,1,1,1,2,2,1,2,1,1,2,1,2,1,1,2,1,1,1,1,2,2,2,1,1,1,1
1953,5,4,5,5,5,5,5,5,2,2,70.0,,4.0,,,,,4.0,4.0,3.0,,5.0,,,2.0,,2.0,,,,,,,3.0,5.0,6.0,,18.0,1.0,,5.0,,,,1.0,5.0,,1.0,1.0,1.0,1.0,1.0,1.0,1.0,1.0,1.0,1.0,,,,,,,6,3,3,3,2,5,6,6,3,1,62.0,55.0,60.0,68.0,70.0,65.0,80.0,60.0,45.0,40.0,1,2,2,2,2,2,2,1,1,1,2,1,2,1,2,1,2,2,2,2,1,2,2,2,2,1,2,2,2,2,2,2,2,2,1,2,2,1,2,1
1820,4,4,4,5,5,5,5,4,2,2,70.0,,,1.0,3.0,4.0,6.0,,,,5.0,,1.0,45.0,,1.0,,,,,,,,2.0,4.0,5.0,16.0,,1.0,,5.0,,,,2.0,4.0,,,,,,,,,,,,1.0,1.0,1.0,1.0,1.0,1.0,6,3,4,3,3,5,6,5,3,2,62.0,54.0,58.0,66.0,70.0,65.0,72.0,60.0,38.0,41.0,2,2,1,2,1,1,2,2,2,2,1,1,1,2,1,1,2,2,2,1,1,1,1,1,2,2,1,2,1,1,1,1,1,2,2,1,1,2,1,2
1093,4,4,4,3,4,3,4,3,2,2,70.0,,,1.0,3.0,3.0,5.0,,,,,5.0,1.0,30.0,,,2.0,,,,1.0,3.0,4.0,,,,20.0,,,2.0,,,3.0,,1.0,4.0,,,,,,,,,,,,1.0,1.0,1.0,1.0,1.0,1.0,6,3,2,2,2,5,6,6,3,2,60.0,55.0,50.0,45.0,50.0,50.0,60.0,40.0,35.0,30.0,2,1,1,1,2,2,1,1,2,2,1,2,1,2,2,2,2,1,2,1,1,2,2,2,2,2,2,1,2,1,2,1,2,2,2,2,2,1,2,2
1469,4,4,4,4,4,4,5,4,2,2,,30.0,4.0,,3.0,4.0,6.0,,,,,5.0,1.0,40.0,,1.0,,2.0,4.0,5.0,,,,,,,,,1.0,,,,3.0,,1.0,4.0,,,,,,,,,,,,1.0,1.0,1.0,1.0,1.0,1.0,6,2,3,3,2,5,6,6,3,2,60.0,55.0,60.0,65.0,70.0,60.0,75.0,60.0,50.0,45.0,1,2,2,1,2,1,1,2,2,1,2,1,2,2,1,1,2,2,1,2,1,1,1,1,2,2,1,2,1,2,1,1,1,2,2,1,1,2,2,2
1275,2,2,2,2,2,2,4,2,4,2,70.0,,4.0,,3.0,4.0,6.0,,,,5.0,,1.0,40.0,,1.0,,,,,,,,1.0,2.0,4.0,20.0,,,2.0,,,3.0,,2.0,3.0,,1.0,1.0,1.0,1.0,1.0,1.0,1.0,1.0,1.0,1.0,,,,,,,6,2,2,2,2,5,6,6,2,2,40.0,35.0,35.0,30.0,30.0,25.0,40.0,20.0,60.0,30.0,1,2,1,1,2,2,2,1,2,2,2,1,2,2,2,1,2,2,2,2,1,2,1,2,2,1,2,2,2,1,2,1,2,1,2,1,2,1,1,1
1306,5,4,5,5,5,5,5,5,2,2,,30.0,,1.0,,,,3.0,4.0,2.0,,5.0,1.0,40.0,,1.0,,,,,2.0,4.0,5.0,,,,,18.0,1.0,,,5.0,,1.0,,,4.0,,,,,,,,,,,1.0,1.0,1.0,1.0,1.0,1.0,6,3,4,3,3,5,6,6,3,2,60.0,55.0,60.0,70.0,75.0,65.0,80.0,60.0,40.0,35.0,2,2,1,2,1,1,2,1,1,2,1,2,2,2,2,1,1,1,1,1,2,2,2,1,1,1,2,1,2,2,1,2,2,1,2,1,2,2,2,2
493,4,4,4,5,5,5,5,4,2,2,70.0,,,1.0,3.0,4.0,6.0,,,,5.0,,,,2.0,1.0,,,,,1.0,5.0,6.0,,,,,,,2.0,,,3.0,,2.0,,5.0,,,,,,,,,,,1.0,1.0,1.0,1.0,1.0,1.0,6,3,3,3,3,5,6,6,3,2,60.0,55.0,60.0,70.0,75.0,70.0,80.0,60.0,40.0,35.0,2,2,2,1,1,2,2,1,2,2,1,2,2,2,2,2,1,1,2,1,2,1,2,2,1,1,2,1,1,2,1,2,1,2,1,1,1,2,2,2
675,5,5,5,5,5,5,5,5,2,2,70.0,,,1.0,,,,3.0,4.0,2.0,5.0,,1.0,54.0,,1.0,,1.0,4.0,4.0,,,,,,,20.0,,1.0,,3.0,,,,1.0,,4.0,1.0,1.0,1.0,1.0,1.0,1.0,1.0,1.0,1.0,1.0,,,,,,,6,2,2,2,2,5,6,6,3,2,60.0,55.0,60.0,70.0,70.0,60.0,80.0,65.0,40.0,35.0,2,2,1,2,1,2,2,2,1,2,1,1,2,1,2,2,1,1,2,2,2,2,2,1,2,1,1,2,1,2,1,1,2,1,2,1,1,1,2,1
706,5,5,5,5,5,5,5,5,1,1,,30.0,,1.0,,,,3.0,3.0,2.0,5.0,,1.0,40.0,,1.0,,,,,1.0,5.0,6.0,,,,,,1.0,,,,2.0,1.0,,5.0,,1.0,1.0,1.0,1.0,1.0,1.0,1.0,1.0,1.0,1.0,,,,,,,6,3,2,2,2,5,6,6,3,1,60.0,55.0,60.0,70.0,70.0,65.0,80.0,65.0,40.0,35.0,2,2,1,1,2,2,1,2,1,2,2,1,2,1,1,1,2,1,1,1,1,2,2,2,2,1,2,2,2,2,2,2,2,2,1,2,2,1,2,1
968,5,5,5,5,5,5,5,5,2,2,70.0,,4.0,,3.0,4.0,6.0,,,,5.0,,,,2.0,,2.0,2.0,4.0,5.0,,,,,,,,2.0,,2.0,,,3.0,1.0,,,5.0,1.0,1.0,1.0,1.0,1.0,1.0,1.0,1.0,1.0,1.0,,,,,,,6,3,2,2,2,5,6,6,3,2,62.0,55.0,60.0,70.0,68.0,65.0,75.0,60.0,40.0,38.0,2,1,2,1,2,2,2,2,1,2,1,2,1,1,2,1,1,2,1,2,1,2,1,2,2,2,2,2,1,2,2,1,2,1,2,1,2,2,1,2
1992,2,3,2,2,3,2,4,2,4,2,,30.0,,1.0,2.0,4.0,5.0,,,,5.0,,,,2.0,1.0,,,,,,,,1.0,4.0,5.0,2.0,,,2.0,5.0,,,,1.0,,4.0,,,,,,,,,,,1.0,1.0,1.0,1.0,1.0,1.0,6,2,3,3,2,5,6,6,3,2,45.0,38.0,40.0,35.0,40.0,35.0,50.0,30.0,60.0,25.0,2,1,1,2,2,1,2,2,2,1,2,1,1,2,1,2,1,2,1,2,1,2,1,2,1,2,1,1,1,2,1,2,2,2,2,1,2,2,2,2
305,4,4,4,4,4,4,4,4,2,2,70.0,,4.0,,3.0,4.0,6.0,,,,,5.0,1.0,25.0,,1.0,,2.0,4.0,4.0,,,,,,,,20.0,1.0,,,,2.0,,1.0,,4.0,,,,,,,,,,,1.0,1.0,1.0,1.0,1.0,1.0,6,3,2,2,2,5,6,6,3,2,60.0,55.0,50.0,60.0,65.0,55.0,70.0,60.0,50.0,45.0,2,2,2,1,2,1,2,2,1,1,2,1,2,2,1,2,1,1,2,1,1,1,1,2,1,1,2,1,1,1,1,1,2,2,1,1,2,2,2,2
276,4,4,4,3,4,3,4,3,2,2,,30.0,4.0,,,,,3.0,4.0,4.0,5.0,,1.0,30.0,,,2.0,,,,,,,2.0,4.0,4.0,,5.0,1.0,,,6.0,,1.0,,4.0,,,,,,,,,,,,1.0,1.0,1.0,1.0,1.0,1.0,6,3,3,3,3,4,6,6,3,2,55.0,50.0,45.0,50.0,55.0,45.0,60.0,40.0,35.0,30.0,2,1,2,2,2,1,1,2,1,2,1,2,2,2,2,1,1,2,1,2,1,1,1,2,2,1,2,1,1,1,2,1,2,2,1,2,2,2,1,1
519,2,2,2,2,2,2,4,2,4,2,70.0,,1.0,,,,,3.0,4.0,5.0,5.0,,,,2.0,1.0,,,,,2.0,4.0,4.0,,,,,,,2.0,,,3.0,,1.0,3.0,,1.0,1.0,1.0,1.0,1.0,1.0,1.0,1.0,1.0,1.0,,,,,,,6,3,3,3,3,5,6,6,3,2,45.0,40.0,40.0,40.0,40.0,40.0,50.0,40.0,50.0,40.0,2,2,1,2,1,2,2,1,2,1,1,2,1,1,2,2,1,1,1,2,1,2,2,1,1,2,1,2,2,1,2,1,2,1,1,2,2,1,2,1
1705,4,4,4,4,4,4,5,4,2,2,,30.0,,1.0,2.0,3.0,5.0,,,,5.0,,,,2.0,,2.0,,,,,,,1.0,4.0,5.0,18.0,,,2.0,,,2.0,,2.0,,4.0,,,,,,,,,,,1.0,1.0,1.0,1.0,1.0,1.0,6,3,3,3,3,5,6,6,3,2,62.0,55.0,60.0,65.0,70.0,60.0,75.0,55.0,40.0,35.0,1,2,1,2,2,2,2,1,1,1,1,1,1,1,1,2,2,2,1,2,2,1,1,2,1,2,2,2,1,2,2,2,2,2,2,2,1,1,2,2
1676,2,3,2,2,3,2,3,2,4,2,,30.0,,1.0,2.0,4.0,6.0,,,,5.0,,,,2.0,1.0,,,,,1.0,3.0,4.0,,,,18.0,,,2.0,4.0,,,1.0,,3.0,,,,,,,,,,,,1.0,1.0,1.0,1.0,1.0,1.0,6,3,4,3,3,5,6,5,3,2,45.0,38.0,40.0,35.0,40.0,35.0,45.0,30.0,55.0,30.0,2,1,1,1,2,1,2,2,1,2,1,1,2,1,1,1,2,1,1,1,2,1,2,2,1,1,2,1,2,1,2,2,1,2,2,2,1,2,1,2
1119,4,4,4,3,4,4,4,4,2,2,70.0,,,1.0,3.0,4.0,6.0,,,,,5.0,,,2.0,1.0,,,,,2.0,4.0,5.0,,,,,20.0,,2.0,,,3.0,,1.0,4.0,,1.0,1.0,1.0,1.0,1.0,1.0,1.0,1.0,1.0,1.0,,,,,,,6,3,2,2,3,5,6,6,3,2,55.0,48.0,50.0,60.0,62.0,58.0,65.0,54.0,40.0,38.0,2,2,1,1,1,2,1,2,2,1,1,1,2,2,2,1,1,1,1,1,2,1,1,2,1,1,2,1,2,1,2,1,2,1,2,2,1,2,1,2
1490,5,5,5,5,5,5,5,5,2,2,,30.0,,1.0,3.0,4.0,5.0,,,,5.0,,1.0,40.0,,,2.0,,,,2.0,5.0,6.0,,,,,20.0,,2.0,,,2.0,,2.0,5.0,,1.0,1.0,1.0,1.0,1.0,1.0,1.0,1.0,1.0,1.0,,,,,,,6,3,2,2,3,5,6,6,3,1,70.0,65.0,60.0,75.0,80.0,70.0,85.0,65.0,40.0,35.0,2,2,2,2,2,2,2,2,2,2,2,2,2,2,2,1,2,1,2,2,1,1,2,2,1,2,1,2,2,1,2,2,2,2,2,2,2,1,2,2
1818,4,4,4,5,5,5,5,5,2,2,70.0,,4.0,,3.0,4.0,6.0,,,,,5.0,,,2.0,,2.0,,,,,,,2.0,5.0,6.0,,,1.0,,,6.0,,,2.0,5.0,,1.0,1.0,1.0,1.0,1.0,1.0,1.0,1.0,1.0,1.0,,,,,,,6,3,3,3,2,5,6,6,3,1,62.0,55.0,60.0,68.0,70.0,65.0,75.0,60.0,50.0,45.0,2,2,1,2,1,1,2,2,1,1,2,2,2,2,1,2,1,2,2,1,1,1,2,2,2,2,1,2,2,1,2,1,2,1,2,2,1,2,2,1
991,4,4,4,4,4,4,5,4,2,2,70.0,,4.0,,3.0,4.0,6.0,,,,5.0,,1.0,40.0,,1.0,,2.0,4.0,5.0,,,,,,,,,1.0,,,,2.0,,2.0,4.0,,1.0,1.0,1.0,1.0,1.0,1.0,1.0,1.0,1.0,1.0,,,,,,,6,3,2,3,3,5,6,6,3,2,60.0,55.0,60.0,65.0,70.0,60.0,75.0,60.0,50.0,45.0,1,2,1,2,2,1,1,2,2,1,1,2,2,1,1,2,2,1,2,1,1,2,2,1,2,1,2,2,1,1,1,1,2,2,1,1,1,2,2,2
74,4,4,4,4,4,4,5,4,2,2,,30.0,,1.0,,,,4.0,3.0,3.0,5.0,,1.0,50.0,,,2.0,1.0,4.0,4.0,,,,,,,,,1.0,,,7.0,,1.0,,4.0,,,,,,,,,,,,1.0,1.0,1.0,1.0,1.0,1.0,6,3,3,3,2,4,6,6,3,2,55.0,45.0,50.0,60.0,65.0,60.0,70.0,55.0,40.0,35.0,1,2,1,1,2,2,1,2,1,1,2,2,2,2,1,2,2,2,2,2,2,2,2,2,1,1,2,2,1,1,2,2,2,2,1,1,2,2,2,1
2005,5,5,5,5,5,5,5,5,1,1,70.0,,4.0,,3.0,4.0,6.0,,,,5.0,,1.0,54.0,,,2.0,2.0,5.0,6.0,,,,,,,,20.0,,2.0,5.0,,,1.0,,,5.0,,,,,,,,,,,1.0,1.0,1.0,1.0,1.0,1.0,6,3,3,3,2,5,6,6,3,2,62.0,55.0,60.0,68.0,70.0,65.0,75.0,60.0,50.0,45.0,2,2,2,1,1,2,2,1,2,2,1,1,2,1,2,1,2,2,1,2,1,1,1,1,1,2,2,1,2,2,2,2,2,1,1,2,1,2,2,1
122,4,4,4,3,4,3,5,4,2,2,70.0,,4.0,,,,,3.0,4.0,5.0,5.0,,1.0,40.0,,1.0,,,,,2.0,4.0,5.0,,,,,,,2.0,,,3.0,1.0,,,4.0,,,,,,,,,,,1.0,1.0,1.0,1.0,1.0,1.0,6,3,3,3,2,4,6,5,3,2,60.0,55.0,50.0,45.0,60.0,55.0,70.0,60.0,40.0,35.0,1,2,1,2,2,2,2,2,2,1,1,2,2,2,2,1,2,2,1,2,1,2,2,1,2,2,2,2,2,1,1,2,2,2,1,1,2,1,1,1
1522,4,4,4,5,5,5,5,4,2,2,,30.0,,2.0,3.0,4.0,5.0,,,,5.0,,1.0,30.0,,1.0,,,,,,,,2.0,4.0,5.0,18.0,,,2.0,,6.0,,,2.0,,4.0,,,,,,,,,,,1.0,1.0,1.0,1.0,1.0,1.0,6,2,3,3,2,4,6,6,3,2,60.0,55.0,60.0,70.0,70.0,65.0,75.0,60.0,40.0,35.0,2,2,1,1,2,2,1,2,1,1,1,1,1,2,2,2,2,1,1,2,2,1,2,2,1,2,2,2,2,2,1,1,1,1,2,1,1,2,1,1
1451,5,4,5,4,4,4,5,5,1,2,,30.0,,1.0,,,,4.0,4.0,3.0,,5.0,1.0,50.0,,,2.0,,,,2.0,4.0,5.0,,,,,20.0,1.0,,5.0,,,,2.0,4.0,,,,,,,,,,,,1.0,1.0,1.0,1.0,1.0,1.0,6,2,4,3,2,5,6,5,3,2,60.0,55.0,60.0,65.0,65.0,60.0,70.0,60.0,40.0,45.0,2,1,1,1,2,1,1,2,1,2,2,1,1,2,2,2,1,1,2,2,2,2,1,2,2,1,2,2,2,1,1,1,2,2,1,2,2,1,2,1
823,5,5,5,5,5,5,5,5,1,1,,30.0,4.0,,,,,3.0,4.0,5.0,,6.0,,,2.0,1.0,,,,,,,,1.0,5.0,6.0,,,,2.0,,7.0,,1.0,,,5.0,1.0,1.0,1.0,1.0,1.0,1.0,1.0,1.0,1.0,1.0,,,,,,,6,3,4,4,3,5,6,6,3,2,62.0,55.0,60.0,70.0,68.0,65.0,80.0,60.0,40.0,35.0,1,2,1,2,2,2,1,1,2,2,2,1,1,2,2,1,1,2,1,2,2,2,1,1,2,2,2,1,2,2,1,2,2,1,1,2,2,1,2,2
950,4,4,4,5,5,5,5,4,2,2,,30.0,4.0,,3.0,4.0,6.0,,,,,5.0,,,2.0,1.0,,3.0,4.0,5.0,,,,,,,,,,2.0,,,3.0,1.0,,4.0,,1.0,1.0,1.0,1.0,1.0,1.0,1.0,1.0,1.0,1.0,,,,,,,6,3,3,3,2,5,6,6,3,2,60.0,55.0,60.0,65.0,70.0,65.0,75.0,60.0,50.0,45.0,2,2,1,2,1,2,2,1,1,1,2,1,1,1,2,1,1,2,1,1,2,2,2,2,1,2,1,2,2,1,1,1,2,1,1,1,2,1,1,2
638,2,3,2,2,2,2,2,2,1,1,,30.0,1.0,,3.0,3.0,6.0,,,,5.0,,1.0,30.0,,1.0,,1.0,2.0,2.0,,,,,,,,,,2.0,3.0,,,,1.0,3.0,,1.0,1.0,1.0,1.0,1.0,1.0,1.0,1.0,1.0,1.0,,,,,,,6,2,2,2,2,5,6,6,2,1,30.0,25.0,25.0,30.0,30.0,20.0,30.0,20.0,40.0,40.0,1,2,2,2,1,2,2,2,2,1,2,1,2,1,1,2,1,2,1,2,2,2,1,2,1,2,1,1,1,2,2,2,1,2,1,1,2,2,1,1
157,5,4,5,5,5,5,5,5,2,2,70.0,,4.0,,,,,3.0,4.0,2.0,6.0,,,,2.0,,2.0,1.0,4.0,6.0,,,,,,,20.0,,,2.0,5.0,,,1.0,,4.0,,1.0,1.0,1.0,1.0,1.0,1.0,1.0,1.0,1.0,1.0,,,,,,,6,2,2,2,2,5,6,6,3,2,60.0,55.0,60.0,70.0,70.0,65.0,80.0,60.0,50.0,45.0,2,2,2,2,1,2,1,2,2,2,2,2,2,2,1,1,2,1,1,2,2,2,1,2,1,1,2,1,1,1,2,2,1,2,2,1,2,1,2,1
1238,4,4,4,4,4,4,4,4,2,2,,30.0,4.0,,3.0,4.0,5.0,,,,5.0,,1.0,25.0,,,2.0,,,,,,,1.0,4.0,4.0,,20.0,,2.0,,6.0,,,2.0,,5.0,,,,,,,,,,,1.0,1.0,1.0,1.0,1.0,1.0,6,3,3,3,3,5,6,6,3,2,60.0,55.0,50.0,65.0,60.0,60.0,70.0,55.0,40.0,35.0,2,2,2,2,2,1,2,1,2,1,1,2,1,1,2,2,2,1,2,1,1,1,1,2,1,2,1,1,2,1,1,1,1,1,2,1,1,1,2,1
1557,5,5,5,5,5,5,5,5,2,2,,30.0,4.0,,,,,3.0,4.0,3.0,,5.0,,,2.0,,2.0,,,,,,,4.0,5.0,6.0,,,,2.0,6.0,,,,1.0,5.0,,1.0,1.0,1.0,1.0,1.0,1.0,1.0,1.0,1.0,1.0,,,,,,,6,3,2,2,2,5,6,6,3,2,65.0,60.0,60.0,70.0,70.0,65.0,80.0,60.0,40.0,40.0,2,2,2,2,2,2,2,2,2,2,2,2,2,1,2,1,2,2,1,2,2,2,2,2,2,1,2,2,2,1,2,2,2,2,2,1,2,1,1,1
1424,5,5,5,5,5,5,5,5,2,2,70.0,,4.0,,2.0,3.0,6.0,,,,,5.0,1.0,40.0,,1.0,,,,,1.0,5.0,6.0,,,,,20.0,1.0,,,,3.0,1.0,,,5.0,1.0,1.0,1.0,1.0,1.0,1.0,1.0,1.0,1.0,1.0,,,,,,,6,3,2,2,3,5,6,6,3,2,60.0,55.0,60.0,70.0,75.0,65.0,80.0,60.0,40.0,35.0,2,2,1,2,2,2,2,2,1,1,1,2,2,1,2,2,2,2,1,1,1,1,2,1,2,1,1,2,1,2,1,1,2,1,2,1,2,2,1,1
856,2,4,3,2,3,2,4,2,4,3,,30.0,1.0,,,,,4.0,3.0,5.0,5.0,,1.0,40.0,,,2.0,,,,1.0,4.0,5.0,,,,18.0,,,2.0,,,3.0,,1.0,,4.0,,,,,,,,,,,1.0,1.0,1.0,1.0,1.0,1.0,6,3,2,2,2,5,6,6,3,2,45.0,38.0,40.0,35.0,40.0,30.0,50.0,32.0,55.0,28.0,2,2,2,1,2,2,1,1,1,2,1,2,1,1,1,1,2,2,2,1,2,2,2,1,2,1,2,1,1,1,1,1,1,2,2,1,2,1,1,2
925,4,4,4,4,4,4,5,4,2,2,,30.0,3.0,,3.0,4.0,6.0,,,,,5.0,,,2.0,1.0,,,,,,,,1.0,4.0,4.0,,,,2.0,4.0,,,,1.0,,3.0,,,,,,,,,,,1.0,1.0,1.0,1.0,1.0,1.0,6,3,3,3,2,5,6,6,3,2,60.0,55.0,50.0,60.0,60.0,55.0,70.0,60.0,40.0,40.0,1,2,1,1,2,2,1,2,1,2,1,2,2,2,1,2,2,2,2,2,2,2,2,1,2,1,1,2,1,1,1,1,2,2,2,1,1,1,1,1
196,5,5,5,5,5,5,5,5,1,1,70.0,,,1.0,3.0,4.0,6.0,,,,6.0,,,,2.0,1.0,,,,,1.0,5.0,6.0,,,,,,1.0,,,,1.0,,1.0,,6.0,1.0,1.0,1.0,1.0,1.0,1.0,1.0,1.0,1.0,1.0,,,,,,,6,2,2,2,2,5,6,6,4,1,60.0,55.0,60.0,70.0,75.0,70.0,80.0,65.0,40.0,35.0,2,2,2,2,2,2,2,2,2,1,2,2,2,2,2,2,2,2,2,2,2,1,2,2,2,2,2,1,1,2,1,2,2,1,2,1,2,2,1,2
370,2,3,2,2,3,2,4,2,4,3,70.0,,1.0,,3.0,4.0,6.0,,,,,5.0,,,2.0,1.0,,1.0,2.0,3.0,,,,,,,,,,2.0,,,3.0,1.0,,3.0,,1.0,1.0,1.0,1.0,1.0,1.0,1.0,1.0,1.0,1.0,,,,,,,6,3,3,3,2,5,6,6,3,2,45.0,38.0,40.0,35.0,40.0,35.0,45.0,30.0,55.0,30.0,1,1,2,1,1,2,2,2,2,1,1,2,1,2,1,1,1,1,2,1,1,2,2,2,1,2,2,1,1,2,2,1,1,2,2,2,1,2,2,2
203,2,3,2,2,2,2,2,2,1,1,,30.0,1.0,,2.0,3.0,6.0,,,,5.0,,,,2.0,,2.0,,,,1.0,2.0,2.0,,,,,,,2.0,3.0,,,1.0,,2.0,,,,,,,,,,,,1.0,1.0,1.0,1.0,1.0,1.0,6,2,2,2,2,5,6,6,1,1,40.0,35.0,30.0,30.0,30.0,25.0,35.0,25.0,40.0,30.0,2,2,2,2,2,1,1,2,2,2,2,2,1,1,1,2,2,2,1,1,2,1,2,1,2,1,2,2,2,1,2,1,2,2,2,1,2,1,2,1
1596,5,5,5,5,5,5,5,5,1,1,,30.0,,1.0,3.0,4.0,6.0,,,,,5.0,1.0,54.0,,,2.0,,,,1.0,5.0,6.0,,,,,,,2.0,,6.0,,,2.0,6.0,,1.0,1.0,1.0,1.0,1.0,1.0,1.0,1.0,1.0,1.0,,,,,,,6,3,2,2,2,5,6,6,4,1,70.0,60.0,65.0,80.0,85.0,75.0,90.0,70.0,30.0,25.0,2,2,1,1,1,2,2,2,2,2,2,2,2,1,1,1,1,1,1,2,2,2,2,2,2,2,2,2,1,2,1,2,2,2,2,2,2,2,1,2
1770,5,5,5,5,5,5,5,5,1,1,,30.0,4.0,,,,,4.0,5.0,3.0,6.0,,,,2.0,1.0,,,,,,,,2.0,4.0,5.0,,18.0,1.0,,5.0,,,1.0,,,4.0,,,,,,,,,,,1.0,1.0,1.0,1.0,1.0,1.0,6,2,3,3,3,5,6,6,3,2,60.0,55.0,60.0,70.0,75.0,65.0,80.0,60.0,40.0,35.0,2,2,2,1,2,1,2,1,2,2,2,2,2,1,2,2,2,1,1,2,2,2,1,1,2,2,1,2,1,2,2,2,2,2,2,2,2,2,2,2
1603,4,4,4,4,4,4,4,4,2,2,,30.0,1.0,,,,,3.0,3.0,3.0,,5.0,1.0,50.0,,,2.0,,,,,,,2.0,4.0,5.0,,,1.0,,3.0,,,,1.0,,4.0,1.0,1.0,1.0,1.0,1.0,1.0,1.0,1.0,1.0,1.0,,,,,,,6,3,3,3,3,5,6,6,3,1,60.0,55.0,55.0,60.0,60.0,60.0,65.0,55.0,40.0,40.0,2,1,2,2,2,2,2,1,2,2,1,2,2,1,2,2,2,1,1,2,1,1,1,1,2,2,1,2,1,2,2,2,2,2,1,2,2,2,2,2
897,2,3,2,2,3,2,4,2,4,3,,30.0,,1.0,,,,3.0,4.0,2.0,,5.0,,,2.0,1.0,,,,,1.0,3.0,4.0,,,,,,1.0,,,,3.0,,1.0,3.0,,,,,,,,,,,,1.0,1.0,1.0,1.0,1.0,1.0,6,2,2,3,2,5,6,5,3,2,45.0,40.0,35.0,30.0,35.0,30.0,40.0,30.0,50.0,35.0,1,2,1,2,2,2,1,1,2,2,1,2,2,2,2,2,1,2,2,1,1,2,2,2,2,1,1,1,1,1,2,1,1,2,1,1,1,1,2,1
741,2,3,2,2,2,2,4,2,4,2,70.0,,,1.0,,,,3.0,4.0,3.0,,5.0,1.0,50.0,,1.0,,1.0,4.0,5.0,,,,,,,,,1.0,,,7.0,,1.0,,4.0,,1.0,1.0,1.0,1.0,1.0,1.0,1.0,1.0,1.0,1.0,,,,,,,6,2,2,2,2,5,6,6,3,2,60.0,55.0,50.0,45.0,50.0,40.0,60.0,45.0,55.0,40.0,2,2,1,2,2,1,2,2,2,1,1,1,2,1,2,1,2,1,2,1,2,2,2,1,2,1,2,1,1,2,1,2,1,1,2,1,2,2,1,1
632,2,4,2,2,2,2,2,2,5,2,70.0,,,1.0,,,,3.0,4.0,2.0,,5.0,1.0,20.0,,,2.0,1.0,2.0,4.0,,,,,,,,,2.0,,,7.0,,,2.0,,4.0,,,,,,,,,,,1.0,1.0,1.0,1.0,1.0,1.0,6,2,2,2,2,5,6,6,3,2,40.0,30.0,35.0,30.0,30.0,25.0,35.0,30.0,60.0,30.0,1,2,2,2,1,2,1,1,1,2,1,2,2,2,1,2,1,2,1,2,2,1,2,2,1,1,2,1,2,1,2,1,2,2,2,2,2,2,1,2
1341,5,4,5,5,5,5,5,5,2,2,,30.0,4.0,,3.0,4.0,6.0,,,,,5.0,,,2.0,,2.0,,,,3.0,4.0,5.0,,,,,20.0,,2.0,,6.0,,1.0,,,4.0,1.0,1.0,1.0,1.0,1.0,1.0,1.0,1.0,1.0,1.0,,,,,,,6,3,3,3,2,5,6,6,3,2,62.0,54.0,60.0,68.0,70.0,65.0,75.0,60.0,40.0,38.0,1,2,2,1,2,2,1,1,2,2,2,2,2,2,2,2,2,1,2,2,1,2,2,1,2,2,2,1,1,2,1,1,1,2,1,2,1,2,2,2
1232,2,3,2,2,2,2,2,2,4,2,,30.0,,1.0,,,,3.0,4.0,2.0,3.0,,1.0,54.0,,,2.0,,,,,,,1.0,2.0,3.0,20.0,,2.0,,,,1.0,,1.0,2.0,,1.0,1.0,1.0,1.0,1.0,1.0,1.0,1.0,1.0,1.0,,,,,,,6,2,2,2,2,4,6,6,2,2,30.0,30.0,30.0,30.0,30.0,30.0,30.0,30.0,30.0,30.0,2,2,2,2,2,2,2,2,2,2,2,2,2,2,2,2,2,2,2,2,2,2,2,2,2,2,2,2,2,2,2,2,2,2,2,2,2,2,2,2
1867,4,4,4,4,4,4,5,4,2,2,,30.0,,1.0,3.0,4.0,5.0,,,,,5.0,1.0,50.0,,,2.0,,,,1.0,4.0,5.0,,,,18.0,,1.0,,,7.0,,,2.0,,5.0,,,,,,,,,,,1.0,1.0,1.0,1.0,1.0,1.0,6,2,2,2,2,5,6,6,3,2,60.0,55.0,60.0,65.0,70.0,60.0,80.0,65.0,40.0,35.0,1,2,2,2,1,2,2,2,1,2,2,2,2,2,1,2,1,1,2,2,2,1,1,2,1,2,2,1,2,1,2,2,2,2,1,1,1,1,1,1
1914,4,4,4,5,5,5,5,4,2,2,,30.0,,1.0,,,,4.0,4.0,3.0,5.0,,1.0,40.0,,,2.0,,,,,,,2.0,5.0,5.0,16.0,,1.0,,,,3.0,,1.0,4.0,,1.0,1.0,1.0,1.0,1.0,1.0,1.0,1.0,1.0,1.0,,,,,,,6,3,4,4,3,5,6,6,3,2,62.0,54.0,57.0,65.0,68.0,60.0,70.0,55.0,48.0,44.0,1,2,2,1,2,1,2,2,1,2,2,1,2,1,1,2,1,1,2,2,2,1,2,1,2,2,1,2,2,2,1,1,1,2,1,2,2,1,2,2
566,2,3,2,2,2,2,2,2,1,1,,30.0,,1.0,,,,3.0,4.0,4.0,3.0,,,,2.0,,2.0,,,,1.0,2.0,2.0,,,,,,,2.0,3.0,,,1.0,,,2.0,,,,,,,,,,,1.0,1.0,1.0,1.0,1.0,1.0,5,2,2,2,2,4,4,4,2,2,30.0,25.0,25.0,30.0,30.0,25.0,25.0,20.0,40.0,40.0,2,2,2,2,2,2,2,2,2,2,2,2,2,2,2,2,2,2,2,2,2,2,2,2,2,2,2,2,2,2,2,2,2,2,2,2,2,2,2,2
415,5,4,5,5,5,5,5,5,2,2,,30.0,4.0,,3.0,4.0,6.0,,,,5.0,,1.0,54.0,,,2.0,,,,,,,2.0,4.0,5.0,,,1.0,,,,3.0,,1.0,,4.0,1.0,1.0,1.0,1.0,1.0,1.0,1.0,1.0,1.0,1.0,,,,,,,6,3,4,4,2,5,6,6,3,2,62.0,54.0,60.0,68.0,70.0,65.0,75.0,60.0,55.0,50.0,2,2,1,2,2,2,2,2,1,1,2,1,1,2,1,1,2,2,1,1,2,2,2,1,1,1,2,2,2,1,2,2,2,2,1,2,1,1,2,1
209,2,3,2,2,2,2,2,2,1,1,,30.0,1.0,,2.0,3.0,6.0,,,,5.0,,,,2.0,,2.0,,,,1.0,2.0,4.0,,,,20.0,,2.0,,,9.0,,,2.0,,2.0,,,,,,,,,,,1.0,1.0,1.0,1.0,1.0,1.0,6,2,2,2,2,5,6,6,2,1,40.0,35.0,35.0,30.0,30.0,25.0,30.0,20.0,50.0,40.0,2,2,2,1,2,2,1,2,2,2,1,2,1,2,1,2,2,1,2,1,1,1,2,2,2,1,1,2,2,1,1,1,2,1,1,1,2,1,1,1
780,2,3,3,2,3,2,4,2,4,3,,30.0,4.0,,,,,3.0,4.0,3.0,5.0,,,,2.0,1.0,,,,,2.0,4.0,5.0,,,,,12.0,,2.0,,6.0,,1.0,,,4.0,1.0,1.0,1.0,1.0,1.0,1.0,1.0,1.0,1.0,1.0,,,,,,,6,3,2,2,3,5,6,6,3,2,45.0,38.0,40.0,42.0,44.0,36.0,50.0,41.0,55.0,39.0,2,2,1,1,2,2,2,2,1,1,2,1,2,2,1,1,1,2,1,1,1,1,2,1,2,1,1,2,2,1,1,2,2,1,2,2,2,1,2,1
1166,5,5,5,5,5,5,5,5,1,1,,30.0,,1.0,,,,3.0,4.0,2.0,,5.0,1.0,54.0,,1.0,,2.0,4.0,5.0,,,,,,,,,,2.0,,7.0,,,2.0,,5.0,,,,,,,,,,,1.0,1.0,1.0,1.0,1.0,1.0,6,3,3,3,3,5,6,6,3,2,60.0,55.0,60.0,70.0,70.0,65.0,80.0,60.0,40.0,35.0,2,1,2,1,2,2,2,2,2,1,2,2,2,2,2,1,2,2,1,2,2,2,2,2,1,2,1,2,1,2,1,2,2,2,1,2,2,1,2,1
1015,5,5,5,5,5,5,5,5,2,2,,30.0,,1.0,,,,4.0,4.0,3.0,5.0,,,,2.0,,2.0,,,,2.0,5.0,6.0,,,,5.0,,1.0,,4.0,,,2.0,,5.0,,1.0,1.0,1.0,1.0,1.0,1.0,1.0,1.0,1.0,1.0,,,,,,,6,3,3,3,3,5,6,6,3,2,62.0,55.0,60.0,70.0,75.0,68.0,80.0,65.0,40.0,38.0,2,1,2,2,2,1,1,2,2,1,2,2,1,1,2,1,2,1,2,2,2,2,2,2,1,2,2,1,2,2,1,2,2,2,1,1,1,2,1,1
1609,2,3,2,2,2,2,2,2,4,4,,30.0,,1.0,,,,3.0,4.0,3.0,5.0,,1.0,30.0,,1.0,,1.0,2.0,2.0,,,,,,,20.0,,,2.0,,,3.0,,1.0,,2.0,,,,,,,,,,,1.0,1.0,1.0,1.0,1.0,1.0,6,2,2,2,2,5,6,6,1,1,30.0,25.0,25.0,30.0,30.0,25.0,30.0,20.0,40.0,40.0,1,1,1,2,2,1,2,2,2,2,1,2,2,2,1,1,2,1,2,1,1,1,2,1,1,1,1,2,2,1,1,2,1,1,2,1,2,2,2,1
1380,4,4,4,5,5,5,5,5,2,2,,30.0,4.0,,3.0,4.0,6.0,,,,,5.0,,,2.0,,2.0,,,,2.0,4.0,5.0,,,,18.0,,,2.0,,,3.0,1.0,,,4.0,1.0,1.0,1.0,1.0,1.0,1.0,1.0,1.0,1.0,1.0,,,,,,,6,3,3,3,3,5,6,6,3,2,62.0,54.0,58.0,66.0,68.0,65.0,70.0,60.0,44.0,41.0,2,2,1,1,2,2,1,1,2,2,1,2,1,2,2,2,1,2,1,2,2,2,2,1,2,2,1,2,2,2,2,1,1,1,2,1,2,1,2,1
1812,5,5,5,5,5,5,5,5,1,1,70.0,,1.0,,3.0,4.0,6.0,,,,,6.0,1.0,54.0,,1.0,,,,,2.0,5.0,6.0,,,,,20.0,,2.0,,,3.0,1.0,,,5.0,,,,,,,,,,,1.0,1.0,1.0,1.0,1.0,1.0,6,3,3,3,3,4,6,6,3,2,60.0,55.0,60.0,70.0,70.0,65.0,80.0,60.0,40.0,35.0,1,2,1,2,2,2,1,2,2,2,2,1,1,1,2,1,2,2,2,2,2,2,2,2,2,1,2,1,2,2,1,2,2,1,2,2,2,2,2,2
1961,5,4,4,4,5,4,5,5,2,2,,30.0,,2.0,3.0,4.0,5.0,,,,,5.0,,,2.0,,2.0,,,,,,,2.0,4.0,5.0,,,1.0,,,5.0,,1.0,,,4.0,,,,,,,,,,,1.0,1.0,1.0,1.0,1.0,1.0,6,3,3,3,3,4,6,6,3,2,62.0,55.0,60.0,68.0,70.0,65.0,75.0,60.0,40.0,38.0,1,1,1,1,2,2,2,1,2,1,2,1,2,1,1,2,2,2,1,2,1,2,2,1,1,1,2,2,2,1,1,1,2,1,2,2,2,2,2,2
686,2,2,2,2,2,2,4,2,4,2,70.0,,,1.0,3.0,4.0,6.0,,,,,5.0,1.0,25.0,,1.0,,,,,,,,1.0,2.0,4.0,,,2.0,,,7.0,,1.0,,3.0,,1.0,1.0,1.0,1.0,1.0,1.0,1.0,1.0,1.0,1.0,,,,,,,6,2,2,2,2,4,6,6,1,2,40.0,35.0,35.0,30.0,35.0,30.0,40.0,30.0,60.0,30.0,1,2,2,1,2,1,1,2,2,1,2,1,2,2,2,2,2,1,1,2,2,2,2,2,2,2,2,2,2,2,1,2,2,2,1,1,1,2,2,2
513,5,5,5,5,5,5,5,5,2,2,,30.0,4.0,,3.0,4.0,6.0,,,,5.0,,1.0,54.0,,1.0,,,,,,,,2.0,4.0,4.0,2.0,,1.0,,4.0,,,,2.0,,4.0,,,,,,,,,,,1.0,1.0,1.0,1.0,1.0,1.0,6,3,4,3,3,5,6,5,3,2,65.0,60.0,62.0,70.0,75.0,68.0,80.0,60.0,40.0,35.0,1,2,1,1,2,2,2,2,2,1,1,2,2,2,1,2,2,2,2,2,2,2,1,1,2,2,2,2,2,1,2,2,1,1,2,2,1,1,1,1
460,4,4,4,5,5,5,5,4,2,2,70.0,,,1.0,,,,3.0,4.0,3.0,5.0,,,,2.0,1.0,,,,,,,,3.0,4.0,5.0,,18.0,1.0,,5.0,,,,1.0,4.0,,1.0,1.0,1.0,1.0,1.0,1.0,1.0,1.0,1.0,1.0,,,,,,,6,3,2,2,3,5,6,6,3,2,62.0,55.0,60.0,68.0,70.0,65.0,75.0,60.0,50.0,45.0,1,2,2,2,2,1,2,2,1,2,1,1,1,1,1,1,2,2,2,1,2,2,1,1,2,1,2,2,1,2,1,2,2,1,2,2,2,1,2,1
1286,4,4,4,4,4,4,5,4,2,2,70.0,,4.0,,3.0,4.0,5.0,,,,5.0,,,,2.0,,2.0,,,,2.0,4.0,4.0,,,,5.0,,1.0,,,5.0,,1.0,,,4.0,,,,,,,,,,,1.0,1.0,1.0,1.0,1.0,1.0,6,3,3,3,3,5,6,6,3,2,60.0,55.0,60.0,65.0,65.0,60.0,70.0,55.0,50.0,45.0,2,2,2,2,2,1,1,2,2,2,2,2,1,2,1,2,2,2,1,2,1,1,1,2,2,2,2,1,2,2,1,2,2,2,1,1,2,2,2,1
1113,5,5,5,5,5,5,5,5,1,1,70.0,,,1.0,,,,4.0,5.0,3.0,,5.0,,,2.0,,2.0,1.0,4.0,5.0,,,,,,,,20.0,,2.0,,,3.0,1.0,,,5.0,1.0,1.0,1.0,1.0,1.0,1.0,1.0,1.0,1.0,1.0,,,,,,,6,3,2,2,3,5,6,6,3,2,62.0,55.0,60.0,70.0,75.0,65.0,80.0,60.0,40.0,35.0,1,2,1,2,1,1,2,1,1,2,2,2,2,2,2,2,2,1,2,2,2,2,2,2,2,1,2,2,2,1,1,1,1,2,1,1,1,1,1,1
1060,5,5,5,5,5,5,5,5,2,2,,30.0,,1.0,3.0,3.0,6.0,,,,5.0,,1.0,40.0,,,2.0,,,,1.0,5.0,6.0,,,,,,,2.0,,,3.0,1.0,,,5.0,1.0,1.0,1.0,1.0,1.0,1.0,1.0,1.0,1.0,1.0,,,,,,,6,2,2,2,2,5,6,6,4,2,65.0,60.0,65.0,75.0,80.0,70.0,85.0,70.0,40.0,35.0,2,2,2,2,2,1,1,1,1,2,2,1,2,1,1,2,1,1,2,1,2,2,2,1,2,1,1,2,1,2,2,1,2,1,2,1,1,1,2,1
829,4,4,4,5,5,4,5,4,2,2,70.0,,,1.0,3.0,4.0,6.0,,,,,5.0,,,2.0,,2.0,,,,,,,2.0,4.0,4.0,,18.0,1.0,,3.0,,,1.0,,,4.0,1.0,1.0,1.0,1.0,1.0,1.0,1.0,1.0,1.0,1.0,,,,,,,6,3,4,3,2,5,6,5,3,2,55.0,48.0,52.0,60.0,65.0,58.0,70.0,50.0,40.0,38.0,2,2,2,1,1,1,2,1,1,2,2,2,2,2,2,2,2,1,2,2,1,1,1,2,1,2,2,2,2,1,1,2,1,1,2,2,1,2,2,2
128,2,3,2,2,3,2,4,2,4,2,70.0,,1.0,,2.0,3.0,5.0,,,,4.0,,,,2.0,,2.0,1.0,4.0,4.0,,,,,,,,,2.0,,,6.0,,1.0,,,4.0,1.0,1.0,1.0,1.0,1.0,1.0,1.0,1.0,1.0,1.0,,,,,,,6,2,2,2,2,5,6,6,3,1,40.0,35.0,30.0,30.0,35.0,30.0,40.0,30.0,50.0,30.0,2,1,2,2,2,1,2,1,1,2,2,2,1,2,2,1,1,1,1,2,1,2,2,1,2,2,1,2,1,2,1,1,2,2,2,1,2,1,2,1
734,4,4,4,4,4,4,5,4,2,2,,30.0,4.0,,3.0,4.0,6.0,,,,,5.0,,,2.0,,2.0,,,,,,,1.0,4.0,5.0,,18.0,1.0,,,6.0,,,2.0,,5.0,,,,,,,,,,,1.0,1.0,1.0,1.0,1.0,1.0,6,3,2,2,3,5,6,6,3,2,62.0,55.0,60.0,68.0,70.0,65.0,80.0,60.0,40.0,35.0,2,2,1,1,2,2,2,1,2,1,1,2,2,2,2,2,2,2,2,1,1,2,2,2,2,2,2,1,2,2,1,1,2,1,2,1,2,2,1,2
647,4,4,4,4,4,4,5,4,2,2,70.0,,4.0,,3.0,4.0,6.0,,,,5.0,,1.0,40.0,,,2.0,,,,,,,1.0,4.0,5.0,,,,2.0,,,3.0,1.0,,4.0,,,,,,,,,,,,1.0,1.0,1.0,1.0,1.0,1.0,6,3,3,3,3,4,6,6,3,1,60.0,55.0,60.0,65.0,65.0,60.0,70.0,60.0,40.0,40.0,1,2,1,2,1,1,2,2,2,1,2,2,1,2,2,1,2,1,2,1,1,1,1,2,1,2,1,2,1,2,2,1,1,2,2,2,2,1,1,1
1528,4,5,4,5,5,5,5,4,2,2,,30.0,,1.0,,,,4.0,5.0,3.0,,6.0,1.0,50.0,,,2.0,,,,2.0,4.0,4.0,,,,,18.0,,2.0,,,3.0,1.0,,4.0,,1.0,1.0,1.0,1.0,1.0,1.0,1.0,1.0,1.0,1.0,,,,,,,6,3,2,2,2,5,6,6,3,1,60.0,55.0,60.0,70.0,70.0,65.0,80.0,60.0,40.0,45.0,2,1,2,2,1,2,1,2,2,1,2,1,1,1,2,2,2,2,1,1,2,2,2,2,1,2,2,2,2,1,2,1,1,2,2,2,2,1,2,2
1334,5,5,5,5,5,5,5,5,2,2,,30.0,4.0,,,,,3.0,4.0,5.0,5.0,,,,2.0,1.0,,1.0,5.0,6.0,,,,,,,,20.0,1.0,,,,3.0,1.0,,5.0,,1.0,1.0,1.0,1.0,1.0,1.0,1.0,1.0,1.0,1.0,,,,,,,6,3,2,2,3,5,6,6,3,2,65.0,60.0,60.0,70.0,70.0,65.0,80.0,60.0,40.0,35.0,2,2,2,2,2,1,2,2,2,2,1,1,1,1,1,2,2,2,2,2,2,1,2,2,2,1,1,2,2,2,2,1,2,2,2,2,2,1,1,1
1247,4,4,4,4,4,4,4,4,2,2,,30.0,4.0,,3.0,3.0,6.0,,,,,5.0,1.0,45.0,,1.0,,,,,,,,3.0,4.0,5.0,,18.0,1.0,,,,3.0,1.0,,4.0,,,,,,,,,,,,1.0,1.0,1.0,1.0,1.0,1.0,6,3,4,3,3,5,6,5,3,2,60.0,55.0,50.0,65.0,60.0,55.0,70.0,50.0,45.0,40.0,2,1,1,2,2,1,2,2,1,1,2,1,2,2,2,2,2,2,1,1,2,2,2,1,2,2,1,1,2,2,1,2,1,2,2,1,2,1,1,2
1823,2,3,2,2,2,2,4,2,4,3,,30.0,,1.0,3.0,4.0,5.0,,,,,5.0,,,2.0,,2.0,,,,,,,2.0,4.0,5.0,20.0,,,2.0,,6.0,,1.0,,3.0,,1.0,1.0,1.0,1.0,1.0,1.0,1.0,1.0,1.0,1.0,,,,,,,6,2,2,2,2,5,6,6,3,2,38.0,32.0,35.0,30.0,32.0,28.0,40.0,25.0,45.0,27.0,2,2,2,1,2,1,2,1,2,2,2,2,2,2,1,1,1,2,1,2,2,1,1,2,1,1,1,2,2,1,2,2,1,1,1,1,1,2,2,1
1950,5,5,5,5,5,5,5,5,1,1,70.0,,,1.0,,,,3.0,4.0,2.0,6.0,,,,2.0,1.0,,1.0,4.0,5.0,,,,,,,20.0,,,2.0,,,3.0,,1.0,,5.0,1.0,1.0,1.0,1.0,1.0,1.0,1.0,1.0,1.0,1.0,,,,,,,6,3,2,2,2,5,6,6,3,2,62.0,55.0,60.0,70.0,75.0,65.0,80.0,60.0,40.0,35.0,1,2,2,2,2,2,1,2,1,2,2,1,2,2,1,1,1,1,2,1,1,1,1,1,2,2,1,2,2,1,1,2,2,2,2,2,1,2,1,2
1122,3,4,3,2,3,2,4,2,4,3,70.0,,4.0,,,,,3.0,4.0,3.0,5.0,,,,2.0,1.0,,,,,2.0,4.0,5.0,,,,,5.0,1.0,,,6.0,,1.0,,4.0,,,,,,,,,,,,1.0,1.0,1.0,1.0,1.0,1.0,6,3,4,3,2,5,6,5,3,2,45.0,38.0,41.0,36.0,41.0,36.0,45.0,34.0,41.0,38.0,2,1,1,2,1,2,1,1,2,2,1,2,2,1,2,2,1,1,1,1,1,2,2,2,1,1,2,2,1,1,1,2,1,2,2,1,2,1,1,2
1051,5,5,5,5,5,5,5,5,2,2,,30.0,4.0,,,,,3.0,4.0,4.0,5.0,,,,2.0,,2.0,,,,,,,2.0,4.0,4.0,20.0,,1.0,,,6.0,,1.0,,,4.0,1.0,1.0,1.0,1.0,1.0,1.0,1.0,1.0,1.0,1.0,,,,,,,6,2,2,2,2,4,6,6,3,1,65.0,60.0,60.0,70.0,75.0,70.0,80.0,60.0,40.0,35.0,2,2,2,2,2,1,1,1,1,2,1,2,1,1,1,2,1,2,2,2,2,2,2,2,2,2,2,2,2,2,2,2,2,1,2,1,2,1,2,2
522,5,5,5,5,5,5,5,5,1,1,,30.0,,1.0,3.0,4.0,6.0,,,,5.0,,,,2.0,1.0,,,,,1.0,5.0,6.0,,,,,,2.0,,3.0,,,,2.0,,5.0,,,,,,,,,,,1.0,1.0,1.0,1.0,1.0,1.0,6,2,2,2,2,5,6,6,3,2,65.0,60.0,60.0,70.0,75.0,70.0,80.0,65.0,30.0,35.0,2,1,2,2,2,1,1,1,2,1,1,1,2,2,1,1,1,1,2,2,1,2,2,2,1,1,2,2,1,1,2,2,1,2,1,1,2,1,2,1
451,5,4,5,4,5,5,5,5,2,2,70.0,,4.0,,,,,4.0,5.0,3.0,,5.0,1.0,54.0,,1.0,,,,,1.0,4.0,4.0,,,,,,1.0,,,6.0,,1.0,,,4.0,1.0,1.0,1.0,1.0,1.0,1.0,1.0,1.0,1.0,1.0,,,,,,,6,2,2,2,2,5,6,6,3,1,60.0,55.0,60.0,65.0,70.0,65.0,75.0,60.0,50.0,45.0,2,2,1,2,2,2,2,1,2,1,2,2,2,2,2,2,2,1,2,1,2,1,2,1,1,2,1,2,1,2,2,1,2,1,1,2,1,2,1,2
818,4,4,4,5,5,5,5,4,2,2,70.0,,4.0,,3.0,4.0,6.0,,,,5.0,,1.0,40.0,,1.0,,,,,,,,3.0,4.0,5.0,,5.0,1.0,,,,3.0,1.0,,4.0,,1.0,1.0,1.0,1.0,1.0,1.0,1.0,1.0,1.0,1.0,,,,,,,6,3,2,3,3,5,6,6,3,2,60.0,55.0,50.0,65.0,70.0,60.0,75.0,55.0,45.0,40.0,1,2,2,2,1,1,2,2,2,1,1,2,2,1,2,1,2,2,2,1,1,2,1,1,2,2,1,1,2,1,1,1,1,2,1,2,2,1,2,1
1991,5,5,5,5,5,5,5,5,1,1,,30.0,,1.0,3.0,3.0,5.0,,,,,5.0,,,2.0,1.0,,,,,2.0,4.0,5.0,,,,,18.0,1.0,,4.0,,,,2.0,,4.0,1.0,1.0,1.0,1.0,1.0,1.0,1.0,1.0,1.0,1.0,,,,,,,6,2,3,3,3,5,6,6,3,2,65.0,60.0,62.0,70.0,68.0,66.0,75.0,60.0,40.0,35.0,2,2,1,2,2,1,2,1,2,2,1,2,1,2,2,1,2,1,1,2,2,2,2,1,2,2,2,2,1,2,1,1,2,1,2,2,1,2,2,1
1519,5,5,5,5,5,5,5,5,1,1,,30.0,,1.0,,,,3.0,4.0,3.0,,5.0,1.0,54.0,,,2.0,,,,,,,2.0,4.0,5.0,,12.0,1.0,,5.0,,,,1.0,4.0,,1.0,1.0,1.0,1.0,1.0,1.0,1.0,1.0,1.0,1.0,,,,,,,6,3,2,2,2,5,6,6,3,2,60.0,55.0,60.0,70.0,70.0,65.0,80.0,65.0,40.0,35.0,2,1,1,2,2,2,1,2,1,1,2,2,2,2,1,2,1,2,2,1,2,1,2,2,2,2,2,1,2,2,2,1,2,1,2,2,2,1,2,1
1090,4,4,4,4,4,4,5,4,1,2,,30.0,4.0,,,,,3.0,4.0,4.0,,5.0,1.0,54.0,,1.0,,1.0,4.0,5.0,,,,,,,,,1.0,,,,1.0,,1.0,,4.0,1.0,1.0,1.0,1.0,1.0,1.0,1.0,1.0,1.0,1.0,,,,,,,6,2,2,2,3,5,6,6,3,2,60.0,55.0,60.0,65.0,70.0,60.0,80.0,60.0,40.0,35.0,2,2,1,2,2,2,2,1,2,1,1,2,2,1,2,1,2,1,2,2,2,2,2,2,2,1,2,1,2,1,1,2,1,1,2,2,2,2,2,1
1305,5,5,5,5,5,5,5,5,1,1,,30.0,4.0,,,,,3.0,4.0,5.0,,6.0,1.0,54.0,,1.0,,2.0,5.0,5.0,,,,,,,2.0,,,2.0,6.0,,,,2.0,,5.0,,,,,,,,,,,1.0,1.0,1.0,1.0,1.0,1.0,6,3,2,2,3,5,6,6,3,2,65.0,60.0,60.0,70.0,70.0,70.0,80.0,65.0,40.0,40.0,2,2,1,2,1,2,2,1,2,2,1,2,2,1,1,2,2,1,1,2,2,2,1,2,1,1,1,2,2,1,1,2,2,2,1,1,2,1,1,1
1276,4,4,4,3,4,3,4,4,2,2,70.0,,3.0,,3.0,4.0,6.0,,,,,5.0,,,2.0,,2.0,,,,2.0,4.0,5.0,,,,16.0,,,2.0,,6.0,,1.0,,,5.0,,,,,,,,,,,1.0,1.0,1.0,1.0,1.0,1.0,6,3,4,3,3,5,6,5,3,2,62.0,54.0,57.0,60.0,62.0,55.0,65.0,60.0,48.0,45.0,1,1,2,1,1,2,2,2,1,1,1,2,2,2,1,2,1,2,1,1,1,1,2,2,1,2,2,1,1,1,1,2,2,1,2,2,1,1,2,1
119,2,3,2,2,3,2,4,2,4,3,,30.0,,1.0,,,,3.0,4.0,2.0,,5.0,1.0,40.0,,1.0,,,,,1.0,4.0,5.0,,,,20.0,,,2.0,5.0,,,1.0,,4.0,,,,,,,,,,,,1.0,1.0,1.0,1.0,1.0,1.0,6,3,3,3,3,4,6,6,3,2,60.0,55.0,50.0,45.0,50.0,40.0,60.0,35.0,55.0,30.0,2,2,1,1,1,2,2,1,1,1,2,1,1,2,1,2,1,2,1,1,1,2,2,2,1,1,2,2,2,1,1,2,1,2,1,1,2,1,2,1
490,4,4,4,4,4,4,5,4,2,2,70.0,,,1.0,,,,3.0,4.0,4.0,,5.0,,,2.0,,2.0,2.0,4.0,4.0,,,,,,,20.0,,,2.0,,6.0,,1.0,,4.0,,1.0,1.0,1.0,1.0,1.0,1.0,1.0,1.0,1.0,1.0,,,,,,,6,3,3,3,2,5,6,6,3,2,60.0,55.0,50.0,60.0,60.0,55.0,70.0,60.0,40.0,40.0,2,1,1,2,2,2,2,2,2,1,1,2,1,1,2,2,2,1,2,2,1,2,1,2,1,1,2,2,1,2,2,2,1,2,2,2,1,2,1,2
705,5,5,5,5,5,5,5,5,1,1,70.0,,3.0,,,,,4.0,4.0,3.0,,6.0,1.0,54.0,,,2.0,,,,2.0,5.0,6.0,,,,,20.0,1.0,,,,2.0,1.0,,5.0,,1.0,1.0,1.0,1.0,1.0,1.0,1.0,1.0,1.0,1.0,,,,,,,6,3,3,3,2,5,6,5,3,2,62.0,55.0,60.0,68.0,70.0,65.0,80.0,60.0,40.0,35.0,2,1,2,2,2,1,2,2,2,1,2,1,2,2,1,2,1,1,2,2,1,2,2,2,1,2,1,2,1,2,2,2,1,2,2,1,2,1,1,2
676,4,4,4,4,4,4,5,4,2,2,,30.0,,1.0,4.0,4.0,5.0,,,,5.0,,,,2.0,1.0,,2.0,4.0,4.0,,,,,,,20.0,,,2.0,5.0,,,1.0,,,4.0,1.0,1.0,1.0,1.0,1.0,1.0,1.0,1.0,1.0,1.0,,,,,,,6,3,3,3,2,5,6,6,3,2,60.0,55.0,60.0,65.0,65.0,60.0,70.0,60.0,40.0,40.0,2,1,2,1,1,1,1,1,1,1,2,1,1,2,1,1,2,2,2,2,1,2,1,1,1,1,1,2,1,2,2,1,1,1,2,1,1,1,1,2
1897,5,4,5,5,5,5,5,5,2,2,,30.0,,1.0,,,,4.0,5.0,3.0,5.0,,1.0,54.0,,1.0,,2.0,4.0,5.0,,,,,,,,,,2.0,,6.0,,,2.0,5.0,,1.0,1.0,1.0,1.0,1.0,1.0,1.0,1.0,1.0,1.0,,,,,,,6,3,3,3,3,5,6,6,3,1,62.0,48.0,55.0,68.0,65.0,60.0,75.0,54.0,44.0,38.0,2,1,2,1,1,2,1,1,1,2,2,2,2,1,1,2,2,2,2,1,1,1,2,2,2,1,2,2,2,2,2,2,2,1,2,1,2,2,2,1
1370,2,3,2,2,2,2,2,2,1,3,70.0,,1.0,,,,,3.0,4.0,2.0,3.0,,,,2.0,,2.0,,,,,,,1.0,2.0,3.0,20.0,,2.0,,,10.0,,1.0,,2.0,,,,,,,,,,,,1.0,1.0,1.0,1.0,1.0,1.0,6,2,2,2,2,5,6,6,1,1,40.0,30.0,30.0,30.0,30.0,30.0,30.0,20.0,40.0,20.0,1,2,1,2,2,1,2,2,2,1,2,2,2,2,1,2,2,2,2,1,1,2,1,2,2,2,2,1,2,1,1,2,2,2,2,2,1,1,1,2
1203,2,3,2,2,2,2,2,2,4,3,70.0,,,1.0,2.0,3.0,6.0,,,,3.0,,,,2.0,,2.0,1.0,2.0,3.0,,,,,,,20.0,,2.0,,,,1.0,1.0,,,2.0,1.0,1.0,1.0,1.0,1.0,1.0,1.0,1.0,1.0,1.0,,,,,,,6,3,3,3,3,5,6,6,2,2,40.0,35.0,30.0,30.0,30.0,25.0,30.0,25.0,40.0,30.0,1,1,2,2,2,2,2,2,2,1,1,1,2,2,2,2,1,2,2,2,1,2,1,1,2,2,2,2,2,2,1,1,2,2,1,2,1,2,2,1
1196,4,4,4,4,4,4,5,4,2,2,70.0,,,1.0,3.0,4.0,6.0,,,,,5.0,,,2.0,1.0,,1.0,4.0,5.0,,,,,,,,,1.0,,,,3.0,1.0,,4.0,,1.0,1.0,1.0,1.0,1.0,1.0,1.0,1.0,1.0,1.0,,,,,,,6,3,2,2,2,5,6,6,3,2,60.0,55.0,60.0,65.0,70.0,60.0,80.0,55.0,50.0,45.0,2,2,2,1,1,1,1,1,1,1,1,2,2,2,1,1,2,2,2,1,2,1,1,2,2,2,2,2,2,1,2,1,2,2,1,2,2,1,2,2
770,2,3,2,2,2,2,2,2,4,3,70.0,,1.0,,3.0,4.0,6.0,,,,5.0,,,,2.0,1.0,,,,,1.0,2.0,3.0,,,,,,2.0,,3.0,,,,1.0,,3.0,,,,,,,,,,,1.0,1.0,1.0,1.0,1.0,1.0,6,2,2,2,2,4,6,6,2,1,30.0,25.0,20.0,20.0,20.0,20.0,20.0,20.0,30.0,20.0,2,1,1,2,1,1,1,1,2,1,2,2,2,1,1,2,1,1,2,2,1,2,1,2,2,1,2,1,1,2,1,1,2,2,1,2,2,2,2,1
603,5,5,5,5,5,5,5,5,2,2,70.0,,,1.0,,,,3.0,4.0,2.0,5.0,,,,2.0,1.0,,1.0,4.0,4.0,,,,,,,,20.0,1.0,,3.0,,,1.0,,4.0,,1.0,1.0,1.0,1.0,1.0,1.0,1.0,1.0,1.0,1.0,,,,,,,6,3,2,2,2,5,6,6,3,2,62.0,55.0,60.0,70.0,68.0,65.0,75.0,60.0,50.0,45.0,2,1,2,1,1,1,2,2,2,2,2,2,2,1,2,2,2,2,2,1,2,2,2,1,2,2,2,2,1,2,2,2,1,1,1,2,2,2,2,1
596,4,4,4,4,4,4,5,4,2,2,,30.0,4.0,,,,,3.0,3.0,4.0,,5.0,,,2.0,,2.0,,,,,,,2.0,4.0,5.0,2.0,,,2.0,4.0,,,1.0,,4.0,,1.0,1.0,1.0,1.0,1.0,1.0,1.0,1.0,1.0,1.0,,,,,,,6,3,2,3,3,5,6,5,3,2,62.0,54.0,58.0,60.0,65.0,60.0,70.0,55.0,48.0,40.0,1,2,1,2,2,1,2,2,1,2,2,2,1,1,1,2,2,2,2,1,1,1,1,2,2,1,2,1,2,2,1,1,2,2,2,2,1,2,1,1
1856,1,4,1,1,1,1,1,1,1,1,,50.0,1.0,,2.0,2.0,6.0,,,,2.0,,2.0,10.0,,1.0,,,,,,,,1.0,1.0,1.0,,,2.0,,,1.0,,,1.0,,1.0,1.0,1.0,1.0,1.0,1.0,1.0,1.0,1.0,1.0,1.0,,,,,,,1,1,1,1,1,1,1,1,1,1,10.0,10.0,10.0,10.0,10.0,10.0,10.0,10.0,10.0,10.0,1,2,1,1,1,2,2,2,1,1,2,1,1,2,1,1,2,2,1,2,2,2,2,1,2,2,1,1,2,1,1,2,1,2,1,2,2,2,2,1
1925,2,3,2,2,2,2,4,2,4,2,70.0,,1.0,,,,,3.0,4.0,3.0,,5.0,1.0,54.0,,,2.0,,,,,,,2.0,4.0,5.0,,,,2.0,,5.0,,,2.0,4.0,,,,,,,,,,,,1.0,1.0,1.0,1.0,1.0,1.0,6,3,3,3,2,5,6,6,3,2,40.0,35.0,30.0,30.0,30.0,30.0,40.0,30.0,40.0,30.0,1,2,2,2,1,1,2,1,1,1,2,1,1,2,2,1,2,1,1,2,2,2,1,1,2,1,1,1,2,1,1,1,1,1,2,2,2,1,2,2
1157,4,4,4,4,4,4,5,4,2,2,,30.0,1.0,,3.0,4.0,6.0,,,,5.0,,1.0,50.0,,1.0,,,,,,,,2.0,4.0,5.0,,15.0,1.0,,5.0,,,,1.0,4.0,,1.0,1.0,1.0,1.0,1.0,1.0,1.0,1.0,1.0,1.0,,,,,,,6,3,2,2,2,4,6,6,3,1,60.0,55.0,60.0,65.0,70.0,60.0,80.0,60.0,40.0,35.0,2,1,2,2,1,2,1,1,2,1,2,2,2,2,2,1,2,1,1,2,2,2,1,2,1,2,1,2,2,2,2,2,2,2,2,2,2,2,1,1
1024,2,2,2,1,2,2,2,2,1,2,70.0,,1.0,,,,,2.0,3.0,2.0,,5.0,,,2.0,1.0,,1.0,2.0,2.0,,,,,,,20.0,,1.0,,,10.0,,1.0,,,1.0,,,,,,,,,,,1.0,1.0,1.0,1.0,1.0,1.0,6,2,2,2,2,5,6,6,1,1,30.0,25.0,25.0,20.0,25.0,20.0,25.0,20.0,40.0,30.0,1,2,2,1,2,2,1,2,2,1,2,1,2,2,1,1,2,1,2,1,1,2,1,2,2,2,1,2,2,1,1,1,2,2,2,2,1,2,2,1
1638,5,5,5,5,5,5,5,5,1,1,,30.0,,1.0,,,,3.0,4.0,5.0,,5.0,,,2.0,,2.0,,,,2.0,4.0,5.0,,,,,20.0,1.0,,,,1.0,1.0,,,4.0,1.0,1.0,1.0,1.0,1.0,1.0,1.0,1.0,1.0,1.0,,,,,,,6,2,2,2,2,4,6,6,3,1,60.0,55.0,60.0,70.0,70.0,65.0,80.0,60.0,40.0,40.0,1,2,2,2,2,2,2,2,2,1,2,1,2,1,1,2,2,2,2,2,2,2,2,2,1,1,1,2,2,1,1,2,2,1,1,1,2,2,2,1
557,4,4,4,4,5,4,5,4,2,2,,30.0,,1.0,,,,4.0,4.0,3.0,,5.0,1.0,50.0,,1.0,,,,,3.0,4.0,4.0,,,,,,1.0,,,6.0,,,1.0,,4.0,,,,,,,,,,,1.0,1.0,1.0,1.0,1.0,1.0,6,3,4,3,3,5,6,5,3,2,60.0,55.0,60.0,65.0,70.0,60.0,75.0,60.0,40.0,35.0,2,2,2,2,2,1,1,2,2,1,2,2,2,1,1,2,2,2,2,2,2,2,2,2,1,2,1,1,1,2,1,2,1,2,1,1,2,2,1,1
424,4,4,4,4,4,4,5,4,2,2,70.0,,4.0,,,,,3.0,4.0,4.0,,6.0,,,2.0,1.0,,,,,,,,2.0,4.0,5.0,2.0,,1.0,,,,3.0,,2.0,,4.0,1.0,1.0,1.0,1.0,1.0,1.0,1.0,1.0,1.0,1.0,,,,,,,6,3,3,3,2,5,6,6,3,2,60.0,55.0,60.0,65.0,70.0,60.0,75.0,60.0,50.0,45.0,2,2,2,2,2,2,2,2,1,1,1,1,2,1,1,1,1,1,2,2,1,1,2,1,2,1,2,2,2,2,2,2,2,2,2,2,2,2,1,1
238,5,5,5,5,5,5,5,5,2,2,,30.0,,1.0,3.0,4.0,6.0,,,,,6.0,1.0,54.0,,,2.0,2.0,5.0,6.0,,,,,,,,,,2.0,4.0,,,1.0,,,5.0,,,,,,,,,,,1.0,1.0,1.0,1.0,1.0,1.0,6,3,3,3,3,5,6,6,3,2,62.0,55.0,60.0,70.0,75.0,65.0,80.0,60.0,55.0,50.0,2,2,1,1,1,2,2,2,2,2,2,1,2,1,1,1,2,2,1,1,2,1,2,1,1,1,1,1,1,2,2,2,1,1,1,2,1,1,1,2
1209,5,5,5,5,5,5,5,5,1,1,,30.0,,1.0,3.0,4.0,6.0,,,,,5.0,,,2.0,,2.0,1.0,5.0,6.0,,,,,,,,20.0,1.0,,,,2.0,,1.0,5.0,,,,,,,,,,,,1.0,1.0,1.0,1.0,1.0,1.0,7,2,2,2,2,5,6,6,4,2,65.0,60.0,60.0,80.0,80.0,70.0,90.0,70.0,40.0,30.0,2,1,2,2,1,2,2,2,2,1,1,2,2,1,1,2,2,1,1,1,2,2,1,2,2,1,2,1,2,1,2,1,2,1,2,1,1,1,2,2
1780,5,5,5,5,5,5,5,5,2,2,70.0,,,1.0,3.0,4.0,6.0,,,,5.0,,1.0,45.0,,,2.0,,,,1.0,5.0,6.0,,,,,20.0,,2.0,5.0,,,1.0,,5.0,,1.0,1.0,1.0,1.0,1.0,1.0,1.0,1.0,1.0,1.0,,,,,,,6,3,2,2,3,5,6,6,4,1,65.0,55.0,60.0,70.0,75.0,70.0,80.0,60.0,40.0,35.0,2,1,2,1,2,2,1,2,2,1,2,2,1,1,1,2,2,2,2,1,1,2,2,1,2,1,2,1,2,2,2,1,1,1,2,1,1,1,1,1
1566,2,3,3,2,3,2,4,2,4,3,70.0,,,1.0,3.0,4.0,5.0,,,,,5.0,,,2.0,1.0,,,,,,,,2.0,4.0,5.0,,16.0,,2.0,,6.0,,,2.0,4.0,,,,,,,,,,,,1.0,1.0,1.0,1.0,1.0,1.0,6,3,3,3,3,5,6,6,3,2,45.0,38.0,40.0,35.0,40.0,35.0,50.0,30.0,55.0,30.0,1,1,2,1,1,2,1,2,2,1,2,1,2,1,2,2,1,2,2,1,2,2,1,2,2,2,1,1,2,1,2,2,2,1,2,2,2,2,2,2
1415,2,3,2,2,2,2,2,2,1,1,,30.0,1.0,,,,,3.0,4.0,2.0,3.0,,,,2.0,,2.0,,,,,,,1.0,2.0,3.0,,,,2.0,,,1.0,,1.0,,2.0,,,,,,,,,,,1.0,1.0,1.0,1.0,1.0,1.0,6,2,2,2,2,4,6,6,2,1,30.0,25.0,25.0,30.0,30.0,25.0,30.0,20.0,40.0,20.0,2,2,2,1,2,1,1,2,2,1,2,2,2,2,1,2,2,2,1,2,2,2,2,2,2,2,2,2,1,1,1,2,2,1,2,1,1,2,2,2
609,4,4,4,4,4,4,5,4,2,2,70.0,,,1.0,,,,4.0,4.0,3.0,5.0,,1.0,30.0,,1.0,,,,,2.0,4.0,5.0,,,,,,,2.0,4.0,,,1.0,,4.0,,,,,,,,,,,,1.0,1.0,1.0,1.0,1.0,1.0,6,3,4,3,2,5,6,5,3,2,60.0,55.0,60.0,65.0,70.0,60.0,75.0,60.0,50.0,45.0,2,2,2,1,2,1,2,1,1,2,2,2,2,2,1,1,1,1,1,2,2,1,1,1,1,1,1,1,2,1,1,1,2,1,2,2,2,2,2,1
380,2,4,3,2,3,2,4,2,4,3,70.0,,1.0,,3.0,4.0,6.0,,,,,5.0,1.0,30.0,,,2.0,2.0,4.0,4.0,,,,,,,,,1.0,,,,2.0,1.0,,,4.0,,,,,,,,,,,1.0,1.0,1.0,1.0,1.0,1.0,6,3,3,3,2,4,5,5,3,2,60.0,55.0,50.0,45.0,50.0,40.0,60.0,45.0,55.0,40.0,2,2,1,2,2,1,1,1,1,1,1,1,2,1,1,1,1,2,2,2,2,1,1,2,2,2,1,1,1,2,1,2,2,2,2,2,1,1,1,1
166,2,2,2,1,2,2,2,2,1,1,,30.0,1.0,,2.0,2.0,6.0,,,,2.0,,,,1.0,,2.0,,,,1.0,1.0,1.0,,,,20.0,,,2.0,,10.0,,1.0,,1.0,,1.0,1.0,1.0,1.0,1.0,1.0,1.0,1.0,1.0,1.0,,,,,,,6,2,2,2,2,6,6,6,1,1,20.0,20.0,20.0,10.0,20.0,20.0,20.0,20.0,80.0,80.0,2,2,2,2,1,2,2,2,1,1,1,2,1,2,1,2,1,1,2,2,1,1,2,2,2,2,1,2,2,1,1,2,1,2,1,2,2,1,2,1
867,4,4,4,4,4,4,5,4,2,2,,30.0,4.0,,3.0,4.0,6.0,,,,,5.0,,,2.0,,2.0,,,,,,,2.0,4.0,5.0,3.0,,,2.0,,6.0,,2.0,,4.0,,,,,,,,,,,,1.0,1.0,1.0,1.0,1.0,1.0,6,3,4,3,3,5,6,5,3,2,62.0,54.0,57.0,60.0,65.0,60.0,70.0,55.0,40.0,38.0,1,2,2,1,2,1,2,1,2,2,1,1,2,2,1,2,1,2,2,2,2,1,1,2,2,1,2,1,2,1,2,1,2,1,2,1,2,2,1,1
914,2,3,2,2,2,2,2,2,4,2,,30.0,1.0,,,,,3.0,4.0,3.0,,5.0,,,2.0,1.0,,2.0,2.0,4.0,,,,,,,,,2.0,,,,2.0,,1.0,3.0,,,,,,,,,,,,1.0,1.0,1.0,1.0,1.0,1.0,6,3,3,3,3,5,6,6,3,2,40.0,35.0,35.0,35.0,35.0,35.0,35.0,30.0,40.0,30.0,1,1,2,1,2,2,1,2,2,1,2,2,1,2,1,2,2,1,2,2,2,2,1,2,1,1,1,2,2,2,1,2,2,1,2,2,1,2,2,1
1741,5,5,5,5,5,5,5,5,1,1,70.0,,,1.0,,,,3.0,4.0,2.0,,5.0,,,2.0,,2.0,,,,2.0,5.0,6.0,,,,,20.0,1.0,,,7.0,,1.0,,,5.0,,,,,,,,,,,1.0,1.0,1.0,1.0,1.0,1.0,6,2,2,2,2,4,6,6,3,2,65.0,60.0,60.0,70.0,70.0,65.0,80.0,60.0,40.0,35.0,2,2,2,2,2,2,1,2,2,1,1,1,1,1,1,1,1,2,2,1,1,2,1,1,2,1,2,2,2,1,1,1,1,1,1,2,2,2,2,1
1632,5,5,5,5,5,5,5,5,2,2,,30.0,,1.0,,,,4.0,4.0,3.0,,6.0,,,2.0,1.0,,,,,,,,2.0,5.0,6.0,,20.0,,2.0,,,2.0,1.0,,,5.0,1.0,1.0,1.0,1.0,1.0,1.0,1.0,1.0,1.0,1.0,,,,,,,6,3,2,2,3,5,6,6,3,1,60.0,55.0,60.0,70.0,75.0,65.0,80.0,60.0,40.0,35.0,1,1,2,2,2,2,2,1,2,1,1,2,1,2,1,1,2,2,1,1,2,2,2,2,1,1,1,2,1,1,1,2,1,1,1,1,2,2,2,2
341,5,4,5,5,5,5,5,5,2,2,70.0,,4.0,,3.0,4.0,5.0,,,,5.0,,,,2.0,1.0,,3.0,4.0,5.0,,,,,,,2.0,,,2.0,,,3.0,,2.0,,4.0,1.0,1.0,1.0,1.0,1.0,1.0,1.0,1.0,1.0,1.0,,,,,,,6,3,3,3,3,5,6,6,3,2,62.0,55.0,60.0,65.0,68.0,60.0,70.0,60.0,50.0,45.0,2,2,1,1,2,2,2,2,1,1,2,2,2,2,2,1,2,1,2,1,1,1,1,2,1,1,1,2,2,2,2,2,2,1,1,2,1,1,1,2
232,2,2,2,2,2,2,4,2,4,2,70.0,,1.0,,3.0,4.0,6.0,,,,5.0,,,,2.0,1.0,,1.0,2.0,2.0,,,,,,,,,,2.0,3.0,,,,1.0,3.0,,,,,,,,,,,,1.0,1.0,1.0,1.0,1.0,1.0,6,2,2,2,2,5,6,6,2,1,40.0,35.0,30.0,25.0,30.0,20.0,40.0,25.0,60.0,30.0,2,2,2,2,2,2,2,2,1,2,2,2,1,1,1,2,2,1,2,1,2,2,1,1,1,2,1,2,1,2,2,2,2,2,1,2,1,2,2,1
4,5,5,5,5,5,5,5,5,1,1,,30.0,,1.0,,,,3.0,4.0,2.0,,7.0,,,2.0,,2.0,,,,4.0,5.0,6.0,,,,,20.0,,2.0,,,3.0,1.0,,5.0,,1.0,1.0,1.0,1.0,1.0,1.0,1.0,1.0,1.0,1.0,,,,,,,7,2,2,2,2,5,7,7,4,2,65.0,60.0,60.0,75.0,80.0,70.0,85.0,60.0,40.0,35.0,2,2,1,2,1,1,2,2,2,2,1,1,2,2,2,2,2,2,1,1,2,1,1,2,2,1,2,1,2,2,2,2,1,1,2,1,1,2,1,1
2041,5,5,5,5,5,5,5,5,1,1,70.0,,,1.0,3.0,4.0,6.0,,,,,5.0,,,2.0,1.0,,,,,,,,4.0,5.0,6.0,,20.0,1.0,,,3.0,,,1.0,5.0,,1.0,1.0,1.0,1.0,1.0,1.0,1.0,1.0,1.0,1.0,,,,,,,6,2,2,2,2,5,6,6,3,2,65.0,60.0,60.0,70.0,70.0,65.0,80.0,60.0,40.0,40.0,2,2,2,2,2,1,2,2,1,2,2,2,2,2,1,2,1,2,2,1,1,2,2,1,2,1,2,1,2,1,1,2,2,1,1,1,1,1,2,1
30,4,4,4,3,4,3,5,4,2,2,,30.0,,1.0,,,,3.0,4.0,3.0,5.0,,1.0,40.0,,,2.0,,,,,,,2.0,4.0,5.0,2.0,,,2.0,4.0,,,,1.0,,4.0,,,,,,,,,,,1.0,1.0,1.0,1.0,1.0,1.0,6,3,2,3,2,5,6,5,3,2,60.0,55.0,50.0,60.0,65.0,55.0,70.0,60.0,45.0,40.0,2,2,2,2,2,2,2,1,2,2,1,2,1,2,2,1,2,2,2,1,1,2,1,2,2,2,2,1,2,1,2,2,1,2,1,2,2,1,2,2
1734,4,5,4,5,5,5,5,5,1,1,70.0,,4.0,,,,,3.0,4.0,3.0,5.0,,,,2.0,,2.0,,,,1.0,4.0,4.0,,,,20.0,,,2.0,,6.0,,1.0,,4.0,,,,,,,,,,,,1.0,1.0,1.0,1.0,1.0,1.0,6,3,3,3,2,5,6,6,3,2,60.0,55.0,60.0,70.0,70.0,65.0,75.0,60.0,40.0,35.0,2,1,2,2,2,1,2,1,2,1,1,2,2,2,2,1,2,1,1,1,1,2,1,1,1,1,2,2,2,2,1,1,1,2,1,2,1,2,1,2
1647,4,4,4,4,4,4,5,4,2,2,,30.0,4.0,,2.0,3.0,5.0,,,,,5.0,,,2.0,,2.0,,,,2.0,4.0,5.0,,,,,,1.0,,,6.0,,1.0,,4.0,,,,,,,,,,,,1.0,1.0,1.0,1.0,1.0,1.0,6,3,4,3,2,4,6,5,3,2,60.0,55.0,50.0,60.0,65.0,60.0,70.0,55.0,40.0,35.0,1,2,1,2,2,1,1,2,2,2,2,1,1,2,1,2,1,2,2,2,1,2,2,2,1,1,2,2,2,2,1,2,1,1,1,2,2,1,1,1
1128,5,5,5,5,5,5,5,5,2,2,,30.0,4.0,,,,,3.0,4.0,5.0,5.0,,1.0,54.0,,1.0,,2.0,4.0,5.0,,,,,,,,20.0,1.0,,,7.0,,1.0,,5.0,,,,,,,,,,,,1.0,1.0,1.0,1.0,1.0,1.0,6,3,2,2,3,5,6,6,3,2,65.0,60.0,60.0,70.0,75.0,70.0,80.0,65.0,40.0,35.0,2,2,1,2,2,2,2,1,1,2,2,1,2,2,1,1,2,2,1,2,1,2,1,2,1,2,2,2,2,1,1,2,1,2,1,1,2,2,2,2
334,4,4,4,4,4,4,5,4,2,2,70.0,,4.0,,3.0,4.0,6.0,,,,,6.0,1.0,54.0,,1.0,,,,,3.0,5.0,6.0,,,,,,,2.0,,,3.0,,2.0,5.0,,,,,,,,,,,,1.0,1.0,1.0,1.0,1.0,1.0,6,3,4,3,2,5,6,5,3,2,60.0,55.0,50.0,65.0,70.0,60.0,80.0,65.0,40.0,35.0,2,1,1,2,1,1,1,1,2,2,2,1,1,1,1,1,1,1,2,1,2,2,2,2,2,1,1,1,2,1,2,1,2,1,2,1,1,1,2,1
247,4,4,4,4,4,4,5,4,2,2,,30.0,4.0,,3.0,4.0,6.0,,,,5.0,,,,2.0,,2.0,2.0,4.0,5.0,,,,,,,18.0,,1.0,,,,3.0,,1.0,,4.0,1.0,1.0,1.0,1.0,1.0,1.0,1.0,1.0,1.0,1.0,,,,,,,6,3,4,3,3,5,6,5,3,2,62.0,54.0,56.0,60.0,65.0,58.0,70.0,61.0,48.0,44.0,1,2,1,2,2,2,2,2,2,1,2,1,1,1,2,2,1,1,2,1,2,1,1,1,1,1,1,2,1,2,1,1,2,1,1,2,2,1,2,1
528,5,5,5,5,5,5,5,5,1,1,,30.0,,1.0,3.0,4.0,6.0,,,,5.0,,1.0,40.0,,1.0,,,,,2.0,5.0,6.0,,,,,20.0,,2.0,,,3.0,1.0,,,5.0,1.0,1.0,1.0,1.0,1.0,1.0,1.0,1.0,1.0,1.0,,,,,,,6,3,2,2,3,5,6,6,3,2,65.0,60.0,60.0,70.0,75.0,65.0,80.0,70.0,40.0,35.0,1,1,1,2,2,2,2,1,2,1,1,2,1,2,1,2,2,1,2,1,1,1,1,1,1,1,1,2,2,1,1,1,1,1,2,2,2,2,1,1
45,2,3,2,2,2,2,2,2,1,2,70.0,,,1.0,3.0,4.0,6.0,,,,5.0,,,,2.0,,2.0,,,,1.0,4.0,5.0,,,,,,,2.0,,7.0,,1.0,,4.0,,1.0,1.0,1.0,1.0,1.0,1.0,1.0,1.0,1.0,1.0,,,,,,,6,2,3,3,3,5,6,5,1,2,35.0,30.0,28.0,25.0,27.0,22.0,30.0,20.0,45.0,40.0,2,2,2,1,2,1,2,2,1,2,2,1,1,2,1,1,2,2,1,1,1,2,2,1,2,2,1,2,1,1,2,1,1,2,1,1,2,2,2,2
2034,5,4,5,5,5,5,5,5,2,2,70.0,,4.0,,,,,3.0,4.0,2.0,5.0,,,,2.0,,2.0,,,,2.0,4.0,5.0,,,,,20.0,1.0,,,,3.0,,2.0,,5.0,,,,,,,,,,,1.0,1.0,1.0,1.0,1.0,1.0,6,3,3,3,2,6,6,6,3,2,60.0,55.0,60.0,70.0,70.0,65.0,75.0,60.0,40.0,35.0,2,2,2,2,2,2,1,2,1,1,2,2,1,1,2,2,1,2,1,1,2,1,2,2,1,2,1,1,1,1,2,2,2,1,1,1,1,1,1,2
1829,5,5,5,5,5,5,5,5,1,1,,30.0,4.0,,,,,3.0,4.0,2.0,5.0,,1.0,54.0,,,2.0,1.0,5.0,6.0,,,,,,,20.0,,1.0,,,,1.0,,2.0,,6.0,1.0,1.0,1.0,1.0,1.0,1.0,1.0,1.0,1.0,1.0,,,,,,,6,2,2,2,2,4,6,6,4,1,65.0,60.0,60.0,70.0,75.0,70.0,80.0,60.0,40.0,35.0,2,2,2,1,2,1,1,2,2,1,2,2,2,2,2,2,2,1,1,1,2,1,1,1,2,2,2,1,2,1,1,2,2,1,2,1,2,1,2,1
1513,4,4,4,4,4,4,4,4,2,2,,30.0,,1.0,,,,3.0,4.0,2.0,,5.0,1.0,40.0,,1.0,,2.0,4.0,5.0,,,,,,,,15.0,,2.0,5.0,,,,2.0,,4.0,,,,,,,,,,,1.0,1.0,1.0,1.0,1.0,1.0,6,2,2,2,2,5,6,6,3,2,60.0,55.0,60.0,65.0,70.0,60.0,75.0,60.0,50.0,45.0,2,2,2,1,2,1,1,1,2,1,2,1,1,2,1,1,2,1,2,1,2,1,2,1,2,1,2,2,1,2,1,2,2,2,1,2,1,1,1,2
1460,2,3,2,2,2,2,2,2,4,3,70.0,,1.0,,,,,3.0,4.0,5.0,,5.0,,,2.0,1.0,,1.0,2.0,3.0,,,,,,,,,2.0,,,7.0,,,2.0,3.0,,1.0,1.0,1.0,1.0,1.0,1.0,1.0,1.0,1.0,1.0,,,,,,,6,3,4,4,3,5,6,6,2,2,45.0,40.0,35.0,30.0,35.0,30.0,40.0,30.0,50.0,35.0,2,2,1,2,1,2,2,1,2,2,2,1,1,1,2,1,2,1,2,1,1,1,2,1,2,2,1,2,1,2,2,1,2,1,2,2,1,1,1,2
1686,2,3,2,2,2,2,2,2,4,4,,30.0,1.0,,,,,3.0,4.0,2.0,3.0,,,,2.0,,2.0,1.0,2.0,2.0,,,,,,,20.0,,,2.0,4.0,,,1.0,,,2.0,,,,,,,,,,,1.0,1.0,1.0,1.0,1.0,1.0,6,2,2,2,2,5,6,6,2,2,40.0,35.0,35.0,30.0,30.0,25.0,30.0,20.0,40.0,35.0,1,2,1,2,2,2,2,2,1,1,1,2,2,2,2,1,2,2,2,1,1,2,1,1,2,1,2,1,2,1,1,2,2,2,1,1,1,2,2,1
113,4,5,4,5,5,5,5,5,2,2,,30.0,4.0,,3.0,4.0,6.0,,,,,6.0,,,2.0,,2.0,,,,,,,1.0,5.0,6.0,,20.0,1.0,,4.0,,,,1.0,5.0,,,,,,,,,,,,1.0,1.0,1.0,1.0,1.0,1.0,6,3,4,4,2,5,6,6,4,2,62.0,54.0,58.0,68.0,70.0,60.0,75.0,55.0,48.0,40.0,1,2,2,1,2,1,2,2,2,2,1,2,1,2,1,1,2,2,2,1,2,1,2,1,2,1,1,2,2,1,1,1,1,2,2,1,2,1,1,1
286,2,2,2,1,2,2,2,2,1,2,70.0,,1.0,,3.0,3.0,6.0,,,,5.0,,,,2.0,,2.0,,,,1.0,2.0,2.0,,,,,,,2.0,3.0,,,1.0,,,2.0,1.0,1.0,1.0,1.0,1.0,1.0,1.0,1.0,1.0,1.0,,,,,,,6,2,2,2,2,4,6,6,2,1,30.0,25.0,25.0,20.0,25.0,20.0,25.0,20.0,40.0,20.0,1,2,2,2,2,2,2,2,2,1,1,2,2,1,1,1,1,2,1,1,1,2,1,2,1,2,2,2,1,2,2,1,2,1,2,2,2,2,2,1
812,4,4,4,4,4,4,4,4,2,2,,30.0,,1.0,,,,3.0,4.0,4.0,,5.0,,,2.0,,2.0,,,,3.0,4.0,4.0,,,,20.0,,,2.0,3.0,,,1.0,,4.0,,,,,,,,,,,,1.0,1.0,1.0,1.0,1.0,1.0,6,3,3,3,2,5,6,6,3,2,60.0,55.0,50.0,60.0,65.0,60.0,70.0,55.0,40.0,35.0,2,2,1,2,1,1,2,2,2,2,2,2,1,1,1,1,1,1,1,2,2,1,1,2,2,1,2,2,1,2,2,2,2,1,2,2,2,2,1,1
84,5,5,5,5,5,5,5,5,1,1,70.0,,1.0,,3.0,4.0,6.0,,,,,5.0,,,2.0,,2.0,,,,4.0,5.0,6.0,,,,,20.0,,2.0,,,3.0,,1.0,5.0,,,,,,,,,,,,1.0,1.0,1.0,1.0,1.0,1.0,6,2,2,2,2,5,6,6,4,2,60.0,55.0,60.0,70.0,70.0,65.0,80.0,60.0,30.0,30.0,1,2,2,2,2,1,2,2,1,2,2,2,2,1,2,1,2,2,1,1,1,2,1,1,2,1,2,2,2,2,1,1,2,1,2,2,1,2,2,1
961,4,5,4,5,5,5,5,4,2,2,70.0,,4.0,,3.0,4.0,6.0,,,,,5.0,1.0,40.0,,1.0,,2.0,4.0,5.0,,,,,,,18.0,,,2.0,,,3.0,1.0,,,4.0,,,,,,,,,,,1.0,1.0,1.0,1.0,1.0,1.0,6,3,3,3,3,5,6,6,3,2,60.0,55.0,60.0,70.0,75.0,65.0,80.0,60.0,40.0,45.0,1,2,2,2,2,1,1,1,1,2,1,2,1,1,1,1,1,1,2,1,2,2,2,1,2,1,2,1,1,2,2,2,2,2,2,2,1,2,2,1
302,4,4,4,3,4,3,5,4,2,2,,30.0,,1.0,3.0,4.0,6.0,,,,,5.0,,,2.0,,2.0,,,,,,,1.0,4.0,5.0,,18.0,,2.0,,,3.0,1.0,,,5.0,1.0,1.0,1.0,1.0,1.0,1.0,1.0,1.0,1.0,1.0,,,,,,,6,3,2,2,2,5,6,6,3,2,55.0,48.0,52.0,60.0,62.0,50.0,70.0,58.0,40.0,38.0,2,1,1,2,1,2,1,2,2,2,2,1,1,2,2,2,2,1,2,2,1,1,2,1,2,2,2,1,2,2,2,2,2,1,2,2,2,1,2,1
271,4,4,4,5,5,5,5,5,1,1,70.0,,,1.0,3.0,4.0,6.0,,,,,6.0,,,2.0,1.0,,,,,2.0,5.0,6.0,,,,20.0,,1.0,,5.0,,,,2.0,,5.0,1.0,1.0,1.0,1.0,1.0,1.0,1.0,1.0,1.0,1.0,,,,,,,6,2,2,2,2,5,6,6,3,2,60.0,55.0,60.0,70.0,75.0,70.0,80.0,65.0,40.0,35.0,1,1,2,1,1,2,1,2,2,1,1,1,2,1,1,2,2,1,2,2,2,2,1,2,2,1,1,1,1,1,2,2,2,2,1,1,2,1,1,2
1702,4,4,4,3,4,4,4,3,2,2,70.0,,4.0,,3.0,4.0,6.0,,,,5.0,,,,2.0,,2.0,,,,,,,3.0,4.0,5.0,20.0,,,2.0,,,1.0,,1.0,,4.0,1.0,1.0,1.0,1.0,1.0,1.0,1.0,1.0,1.0,1.0,,,,,,,6,2,2,2,3,5,6,6,3,2,60.0,55.0,50.0,60.0,65.0,60.0,70.0,55.0,40.0,35.0,1,1,2,2,2,2,1,2,1,1,1,1,2,2,1,2,1,1,2,2,1,1,1,2,1,1,1,2,2,2,2,2,2,2,1,2,1,2,2,2
1671,4,4,4,5,5,4,5,4,2,2,,30.0,4.0,,,,,4.0,4.0,3.0,5.0,,1.0,54.0,,,2.0,,,,,,,3.0,4.0,5.0,,,1.0,,4.0,,,,1.0,,4.0,1.0,1.0,1.0,1.0,1.0,1.0,1.0,1.0,1.0,1.0,,,,,,,6,3,3,3,3,5,6,6,3,2,60.0,55.0,60.0,65.0,65.0,60.0,70.0,55.0,45.0,40.0,2,1,1,2,2,2,2,2,2,2,2,2,1,2,1,2,1,1,1,1,2,1,1,2,2,1,1,2,1,1,1,2,1,2,1,2,1,1,1,2
1497,5,5,5,5,5,5,5,5,1,1,70.0,,,1.0,2.0,3.0,6.0,,,,5.0,,,,2.0,,2.0,1.0,4.0,4.0,,,,,,,,20.0,,2.0,4.0,,,,1.0,5.0,,,,,,,,,,,,1.0,1.0,1.0,1.0,1.0,1.0,7,3,4,3,2,5,6,5,3,2,65.0,55.0,60.0,70.0,70.0,65.0,80.0,60.0,40.0,35.0,2,2,2,2,2,2,2,2,2,2,2,2,2,2,2,2,2,2,2,2,2,2,2,2,1,2,2,2,1,1,2,2,1,2,1,2,2,2,1,2
73,5,4,4,5,5,5,5,5,2,2,70.0,,,1.0,4.0,4.0,6.0,,,,5.0,,1.0,54.0,,,2.0,1.0,4.0,5.0,,,,,,,,,1.0,,5.0,,,,1.0,,4.0,1.0,1.0,1.0,1.0,1.0,1.0,1.0,1.0,1.0,1.0,,,,,,,6,3,3,3,3,5,6,6,3,2,60.0,55.0,60.0,65.0,70.0,65.0,80.0,60.0,50.0,45.0,2,2,1,1,1,1,2,2,1,1,1,2,2,2,2,2,1,2,2,1,1,1,1,2,2,1,2,2,1,2,2,1,2,1,2,2,2,1,1,2
996,4,4,4,4,4,4,5,4,2,2,70.0,,,1.0,,,,4.0,5.0,3.0,,5.0,,,2.0,,2.0,1.0,4.0,5.0,,,,,,,20.0,,,2.0,,,3.0,1.0,,4.0,,1.0,1.0,1.0,1.0,1.0,1.0,1.0,1.0,1.0,1.0,,,,,,,6,3,4,4,3,5,6,6,3,2,60.0,55.0,50.0,60.0,65.0,60.0,70.0,55.0,40.0,35.0,1,2,1,2,1,1,2,1,2,2,2,1,2,1,1,1,2,1,2,2,2,2,1,1,1,2,1,2,2,2,1,2,2,2,1,1,1,2,2,2
2002,2,3,2,2,3,3,4,2,4,2,70.0,,3.0,,3.0,4.0,6.0,,,,5.0,,1.0,40.0,,,2.0,1.0,3.0,4.0,,,,,,,20.0,,,2.0,,6.0,,,2.0,,4.0,1.0,1.0,1.0,1.0,1.0,1.0,1.0,1.0,1.0,1.0,,,,,,,6,3,4,3,3,5,6,5,3,1,55.0,45.0,50.0,50.0,55.0,50.0,60.0,45.0,55.0,45.0,1,2,1,1,1,1,1,2,1,1,2,2,2,1,1,2,2,2,2,1,2,1,1,2,2,2,2,1,2,1,2,2,1,2,2,1,2,2,1,2
125,2,3,2,1,2,2,4,2,4,3,70.0,,,1.0,,,,3.0,4.0,5.0,,5.0,1.0,40.0,,1.0,,,,,1.0,4.0,5.0,,,,18.0,,,2.0,,7.0,,1.0,,,4.0,,,,,,,,,,,1.0,1.0,1.0,1.0,1.0,1.0,6,3,3,3,3,5,6,6,3,2,55.0,50.0,50.0,40.0,45.0,40.0,60.0,45.0,60.0,40.0,1,2,2,1,2,2,1,2,2,1,1,1,1,1,1,2,2,2,1,2,1,1,2,1,1,2,1,1,1,1,2,1,1,2,2,1,1,1,1,2
739,4,4,4,4,4,4,5,4,2,2,70.0,,,1.0,,,,4.0,4.0,3.0,5.0,,,,2.0,1.0,,,,,,,,1.0,4.0,5.0,,20.0,,2.0,,6.0,,1.0,,5.0,,1.0,1.0,1.0,1.0,1.0,1.0,1.0,1.0,1.0,1.0,,,,,,,6,3,3,3,2,5,6,6,3,2,60.0,55.0,60.0,65.0,70.0,65.0,80.0,60.0,40.0,35.0,1,1,2,2,1,1,2,2,2,2,2,2,1,2,1,2,2,2,2,2,1,1,1,1,2,2,1,1,1,2,1,2,2,2,1,1,1,1,2,2
1525,4,4,4,4,4,4,5,4,2,2,,30.0,,1.0,,,,3.0,3.0,4.0,,5.0,1.0,40.0,,,2.0,,,,,,,2.0,4.0,5.0,,5.0,1.0,,,6.0,,,2.0,,4.0,,,,,,,,,,,1.0,1.0,1.0,1.0,1.0,1.0,6,2,3,3,2,5,6,6,3,2,60.0,55.0,50.0,60.0,60.0,55.0,65.0,60.0,40.0,35.0,1,2,2,2,2,2,2,1,2,1,2,1,1,1,2,2,2,1,1,1,1,2,2,2,2,1,2,1,2,1,1,2,1,2,1,1,2,2,1,2
1456,2,4,2,2,2,2,4,2,5,2,,30.0,1.0,,3.0,4.0,6.0,,,,5.0,,1.0,40.0,,1.0,,,,,1.0,4.0,5.0,,,,2.0,,,2.0,5.0,,,1.0,,,4.0,1.0,1.0,1.0,1.0,1.0,1.0,1.0,1.0,1.0,1.0,,,,,,,6,2,3,3,3,5,6,6,3,2,40.0,35.0,35.0,30.0,30.0,25.0,40.0,30.0,60.0,30.0,1,1,2,2,1,2,2,1,2,1,2,1,2,1,2,1,1,2,1,1,1,1,2,2,1,1,2,2,2,1,2,1,2,1,2,1,2,2,2,1
1339,5,5,5,5,5,5,5,5,1,1,70.0,,,1.0,,,,3.0,4.0,2.0,,5.0,1.0,54.0,,1.0,,2.0,4.0,5.0,,,,,,,,,,2.0,,,1.0,1.0,,,5.0,1.0,1.0,1.0,1.0,1.0,1.0,1.0,1.0,1.0,1.0,,,,,,,6,2,2,2,2,5,6,6,3,1,65.0,60.0,60.0,70.0,75.0,65.0,80.0,60.0,40.0,35.0,1,1,2,2,2,2,1,2,2,1,2,2,2,1,2,1,1,2,2,2,2,1,2,1,2,2,1,1,1,1,2,1,2,1,1,2,2,2,1,1
824,5,4,5,5,5,5,5,5,2,2,,30.0,4.0,,,,,4.0,3.0,5.0,,5.0,,,2.0,1.0,,,,,2.0,4.0,5.0,,,,,20.0,1.0,,,,3.0,1.0,,,4.0,,,,,,,,,,,1.0,1.0,1.0,1.0,1.0,1.0,6,3,4,3,2,5,6,5,3,2,62.0,55.0,60.0,68.0,70.0,65.0,75.0,60.0,40.0,38.0,2,2,1,2,1,2,1,2,2,1,2,1,1,2,1,1,1,1,2,1,1,2,2,1,1,1,2,2,1,2,1,1,1,2,1,2,1,2,2,2
957,4,4,4,4,4,4,5,4,2,2,,30.0,4.0,,3.0,4.0,6.0,,,,,5.0,1.0,40.0,,1.0,,2.0,4.0,5.0,,,,,,,5.0,,1.0,,,,3.0,,2.0,4.0,,1.0,1.0,1.0,1.0,1.0,1.0,1.0,1.0,1.0,1.0,,,,,,,6,3,2,2,3,5,6,6,3,2,60.0,55.0,50.0,65.0,60.0,60.0,70.0,55.0,45.0,40.0,1,1,1,1,1,1,1,2,2,2,2,2,1,1,1,2,2,2,2,1,2,1,1,1,2,1,2,1,1,2,2,1,1,2,2,2,1,2,1,2
150,5,5,5,5,5,5,5,5,1,1,,30.0,,1.0,,,,3.0,4.0,2.0,,5.0,,,2.0,,2.0,,,,2.0,4.0,5.0,,,,,,1.0,,3.0,,,1.0,,,4.0,1.0,1.0,1.0,1.0,1.0,1.0,1.0,1.0,1.0,1.0,,,,,,,6,2,3,3,2,5,6,6,3,2,62.0,55.0,60.0,70.0,75.0,65.0,80.0,60.0,40.0,35.0,1,2,2,1,2,1,2,2,2,2,1,2,2,2,2,2,2,2,2,2,2,1,2,2,1,2,1,2,2,1,2,1,1,2,1,2,2,2,2,2
1550,5,5,5,5,5,5,5,5,1,1,70.0,,4.0,,3.0,4.0,6.0,,,,,5.0,1.0,54.0,,,2.0,,,,,,,4.0,5.0,5.0,20.0,,,2.0,,6.0,,,2.0,,5.0,,,,,,,,,,,1.0,1.0,1.0,1.0,1.0,1.0,6,3,2,2,2,4,6,6,3,2,62.0,55.0,60.0,70.0,75.0,65.0,80.0,60.0,40.0,35.0,2,1,1,2,1,2,2,2,1,1,1,2,2,2,1,2,1,2,2,2,2,2,2,2,2,1,2,2,2,1,2,2,1,1,1,1,2,2,1,1
1423,2,4,2,2,2,2,4,2,4,2,70.0,,,1.0,,,,3.0,4.0,2.0,5.0,,,,2.0,,2.0,,,,1.0,4.0,5.0,,,,,,,2.0,,,3.0,1.0,,4.0,,,,,,,,,,,,1.0,1.0,1.0,1.0,1.0,1.0,6,2,4,4,3,5,6,6,2,2,45.0,38.0,41.0,36.0,39.0,32.0,44.0,37.0,41.0,35.0,2,2,1,2,2,1,2,2,2,2,2,2,2,2,2,1,2,1,2,1,1,1,2,1,2,1,1,2,2,1,1,2,2,2,1,2,2,1,1,1
851,4,4,4,4,4,4,5,4,2,2,,30.0,,1.0,4.0,4.0,6.0,,,,5.0,,,,2.0,1.0,,1.0,4.0,5.0,,,,,,,,,1.0,,3.0,,,,1.0,4.0,,,,,,,,,,,,1.0,1.0,1.0,1.0,1.0,1.0,6,3,3,3,3,5,6,6,3,2,60.0,55.0,60.0,65.0,65.0,60.0,70.0,60.0,50.0,45.0,1,1,2,1,2,2,2,1,2,1,1,1,2,2,2,2,2,1,2,1,2,2,1,2,2,2,2,1,2,2,1,2,1,1,2,2,2,1,2,1
922,4,4,4,4,4,4,4,4,2,2,,30.0,4.0,,,,,3.0,4.0,2.0,5.0,,,,2.0,,2.0,2.0,4.0,5.0,,,,,,,,2.0,,2.0,,,3.0,1.0,,4.0,,1.0,1.0,1.0,1.0,1.0,1.0,1.0,1.0,1.0,1.0,,,,,,,6,3,2,2,3,5,6,6,3,2,60.0,55.0,60.0,65.0,70.0,60.0,75.0,60.0,40.0,35.0,1,2,2,2,1,2,2,1,1,2,1,2,2,1,2,2,2,2,1,1,2,2,2,1,1,2,2,1,2,2,2,2,1,1,2,1,1,1,2,2
418,4,4,4,2,3,3,5,3,2,2,70.0,,,1.0,,,,4.0,3.0,2.0,,5.0,,,2.0,1.0,,1.0,3.0,4.0,,,,,,,,,2.0,,,7.0,,1.0,,,4.0,1.0,1.0,1.0,1.0,1.0,1.0,1.0,1.0,1.0,1.0,,,,,,,6,3,3,3,2,5,6,6,3,2,60.0,55.0,60.0,50.0,55.0,50.0,65.0,55.0,60.0,50.0,2,2,2,1,1,2,2,2,1,2,2,2,2,2,1,1,1,2,1,2,1,2,2,1,2,2,2,2,2,1,1,1,2,1,2,2,1,1,2,2
191,4,4,4,4,4,4,5,4,2,2,70.0,,,1.0,3.0,4.0,5.0,,,,5.0,,,,2.0,,2.0,,,,,,,2.0,4.0,5.0,,18.0,,2.0,,6.0,,1.0,,4.0,,1.0,1.0,1.0,1.0,1.0,1.0,1.0,1.0,1.0,1.0,,,,,,,6,3,3,3,3,5,6,6,3,1,62.0,55.0,60.0,65.0,68.0,60.0,75.0,58.0,52.0,50.0,2,1,1,2,1,1,1,1,1,2,2,1,1,1,1,1,1,2,2,1,1,2,2,1,1,2,2,1,2,2,1,2,1,2,1,2,1,1,2,1
377,2,3,2,2,2,2,2,2,1,2,,30.0,,1.0,,,,3.0,4.0,3.0,5.0,,,,2.0,,2.0,1.0,2.0,2.0,,,,,,,20.0,,,2.0,,7.0,,,2.0,3.0,,,,,,,,,,,,1.0,1.0,1.0,1.0,1.0,1.0,6,3,3,3,2,5,6,6,2,1,40.0,35.0,30.0,30.0,35.0,30.0,40.0,25.0,50.0,30.0,2,2,2,2,2,2,2,2,2,2,2,2,2,2,2,2,2,2,2,2,2,2,2,2,2,2,2,2,2,2,2,2,2,2,2,2,2,2,2,2
204,5,4,4,4,4,4,5,4,2,2,70.0,,3.0,,,,,4.0,4.0,3.0,5.0,,,,2.0,1.0,,,,,,,,2.0,4.0,5.0,18.0,,1.0,,,6.0,,1.0,,,4.0,1.0,1.0,1.0,1.0,1.0,1.0,1.0,1.0,1.0,1.0,,,,,,,6,3,4,4,2,4,6,6,3,2,62.0,55.0,60.0,65.0,68.0,60.0,70.0,58.0,40.0,45.0,2,2,2,2,2,2,2,1,1,2,2,2,2,1,1,2,2,1,2,1,2,2,2,1,1,2,1,1,2,1,2,1,2,1,2,1,2,1,2,2
1018,5,5,5,5,5,5,5,5,1,1,70.0,,,1.0,,,,4.0,4.0,3.0,,7.0,1.0,54.0,,,2.0,,,,4.0,5.0,6.0,,,,,20.0,1.0,,,6.0,,2.0,,5.0,,,,,,,,,,,,1.0,1.0,1.0,1.0,1.0,1.0,6,3,2,2,2,5,6,6,3,2,65.0,60.0,62.0,70.0,75.0,70.0,80.0,60.0,30.0,25.0,2,2,2,2,2,2,1,2,1,1,2,1,2,2,2,2,2,2,1,2,1,2,2,1,2,2,1,2,1,2,2,1,2,1,1,2,2,1,1,2
1591,5,5,5,5,5,5,5,5,2,2,70.0,,4.0,,3.0,4.0,6.0,,,,5.0,,,,2.0,1.0,,,,,,,,2.0,4.0,5.0,,,1.0,,5.0,,,,2.0,,5.0,1.0,1.0,1.0,1.0,1.0,1.0,1.0,1.0,1.0,1.0,,,,,,,6,3,2,2,2,5,6,6,3,2,62.0,54.0,56.0,65.0,68.0,60.0,75.0,59.0,41.0,38.0,2,1,2,2,2,1,1,2,1,2,1,1,2,2,1,2,2,1,1,2,1,2,1,2,1,2,2,1,2,2,2,1,2,1,2,1,1,2,2,2
1777,5,5,5,5,5,5,5,5,2,2,,30.0,,2.0,,,,3.0,4.0,3.0,5.0,,,,2.0,,2.0,,,,3.0,4.0,5.0,,,,,,1.0,,,6.0,,,2.0,4.0,,1.0,1.0,1.0,1.0,1.0,1.0,1.0,1.0,1.0,1.0,,,,,,,6,3,3,3,3,5,6,6,3,2,60.0,55.0,60.0,65.0,70.0,60.0,75.0,60.0,40.0,35.0,2,2,2,2,1,1,2,1,1,1,2,2,2,2,2,2,2,2,2,2,1,2,2,1,1,1,2,1,1,2,2,2,2,1,2,1,1,2,2,1
1604,5,4,4,4,5,4,5,5,2,2,,30.0,4.0,,3.0,4.0,6.0,,,,,5.0,1.0,54.0,,1.0,,2.0,4.0,5.0,,,,,,,18.0,,1.0,,,,2.0,1.0,,,4.0,1.0,1.0,1.0,1.0,1.0,1.0,1.0,1.0,1.0,1.0,,,,,,,6,3,4,3,3,5,6,5,3,2,60.0,55.0,60.0,65.0,70.0,60.0,80.0,65.0,50.0,45.0,1,2,2,2,1,2,1,1,2,2,1,1,1,2,2,1,2,1,2,2,1,1,1,2,2,1,2,1,1,2,1,2,1,1,2,2,1,1,1,2
1919,2,3,2,2,3,3,4,2,4,3,70.0,,3.0,,,,,4.0,3.0,5.0,,5.0,1.0,40.0,,,2.0,,,,2.0,4.0,4.0,,,,,18.0,,2.0,,5.0,,1.0,,4.0,,,,,,,,,,,,1.0,1.0,1.0,1.0,1.0,1.0,6,3,3,3,3,5,6,5,3,2,45.0,40.0,40.0,35.0,40.0,40.0,50.0,35.0,55.0,40.0,1,1,1,2,1,2,2,1,1,2,2,2,1,2,2,2,2,1,1,2,2,1,2,2,1,2,2,1,1,1,1,2,2,2,2,2,1,2,1,2
890,2,2,2,1,2,2,2,1,1,2,,30.0,1.0,,,,,3.0,4.0,2.0,,5.0,,,2.0,,2.0,,,,1.0,2.0,3.0,,,,,,,2.0,,6.0,,,1.0,,2.0,1.0,1.0,1.0,1.0,1.0,1.0,1.0,1.0,1.0,1.0,,,,,,,6,2,2,2,2,5,6,6,1,1,35.0,30.0,28.0,20.0,25.0,18.0,30.0,15.0,60.0,40.0,2,2,1,2,2,2,2,2,2,2,2,1,2,2,1,1,2,2,1,2,2,2,2,2,2,1,2,1,2,2,1,1,2,1,2,1,2,2,2,2
928,5,4,5,5,5,5,5,5,1,1,,30.0,,1.0,3.0,4.0,6.0,,,,,5.0,,,2.0,,2.0,2.0,4.0,4.0,,,,,,,20.0,,,2.0,,,2.0,,2.0,4.0,,,,,,,,,,,,1.0,1.0,1.0,1.0,1.0,1.0,6,3,4,3,3,5,6,5,3,2,65.0,60.0,62.0,70.0,68.0,66.0,75.0,60.0,40.0,45.0,2,2,2,2,1,2,1,1,2,2,2,2,1,2,1,2,2,2,2,2,2,1,1,1,2,1,1,1,2,1,1,2,2,2,1,2,1,1,2,2
746,5,5,5,5,5,5,5,5,1,1,,30.0,,1.0,3.0,4.0,6.0,,,,5.0,,,,2.0,1.0,,,,,1.0,5.0,6.0,,,,,20.0,1.0,,,7.0,,,1.0,5.0,,,,,,,,,,,,1.0,1.0,1.0,1.0,1.0,1.0,6,3,2,2,2,5,6,6,3,2,60.0,55.0,60.0,70.0,70.0,65.0,80.0,60.0,40.0,35.0,2,1,2,2,1,1,2,1,1,1,1,2,2,1,1,1,2,2,1,1,1,1,2,1,1,2,1,1,2,2,2,2,2,2,2,2,1,2,1,1
635,2,3,2,2,2,2,2,2,5,4,70.0,,,1.0,,,,3.0,4.0,3.0,5.0,,1.0,50.0,,,2.0,1.0,2.0,3.0,,,,,,,,,,2.0,3.0,,,1.0,,,3.0,1.0,1.0,1.0,1.0,1.0,1.0,1.0,1.0,1.0,1.0,,,,,,,6,2,2,2,2,5,6,6,2,1,40.0,35.0,30.0,30.0,35.0,30.0,40.0,30.0,60.0,50.0,2,2,2,1,2,1,2,2,2,1,1,1,1,2,1,1,2,2,2,2,1,2,1,1,2,2,2,1,1,1,2,2,1,2,1,2,1,2,2,2
1346,2,3,2,2,3,2,4,2,4,3,,30.0,3.0,,,,,4.0,4.0,3.0,5.0,,1.0,40.0,,,2.0,1.0,2.0,2.0,,,,,,,,,,2.0,4.0,,,1.0,,,3.0,,,,,,,,,,,1.0,1.0,1.0,1.0,1.0,1.0,6,3,3,3,2,5,6,6,3,2,55.0,50.0,45.0,40.0,50.0,40.0,60.0,35.0,60.0,40.0,2,1,1,2,2,2,2,2,2,1,2,2,2,1,2,1,1,2,1,2,1,2,1,2,1,2,1,2,2,2,2,1,2,1,2,1,2,2,2,1
1235,4,4,4,5,5,5,5,5,1,2,70.0,,4.0,,,,,3.0,4.0,5.0,,5.0,,,2.0,1.0,,,,,3.0,4.0,5.0,,,,2.0,,,2.0,4.0,,,1.0,,,4.0,1.0,1.0,1.0,1.0,1.0,1.0,1.0,1.0,1.0,1.0,,,,,,,6,2,2,3,3,5,6,6,3,1,60.0,55.0,60.0,65.0,70.0,65.0,75.0,60.0,40.0,35.0,1,2,1,1,1,1,1,2,1,1,2,1,2,2,1,1,2,2,2,1,1,2,2,2,2,1,1,2,2,2,2,2,2,1,2,1,1,2,2,1
1429,2,3,2,2,2,2,2,2,4,3,,30.0,1.0,,,,,3.0,4.0,3.0,,5.0,1.0,30.0,,,2.0,,,,1.0,4.0,4.0,,,,5.0,,2.0,,,6.0,,,2.0,4.0,,1.0,1.0,1.0,1.0,1.0,1.0,1.0,1.0,1.0,1.0,,,,,,,6,2,2,2,2,4,6,6,3,2,40.0,35.0,35.0,35.0,35.0,35.0,35.0,35.0,40.0,35.0,2,2,1,1,2,1,1,1,1,2,2,2,2,1,2,1,2,2,2,1,2,1,1,1,2,1,1,2,2,2,2,2,1,2,2,2,1,1,2,2
1860,5,5,5,5,5,5,5,5,2,2,,30.0,,2.0,3.0,4.0,6.0,,,,5.0,,1.0,45.0,,,2.0,,,,1.0,5.0,6.0,,,,,,,2.0,,,3.0,1.0,,,5.0,,,,,,,,,,,1.0,1.0,1.0,1.0,1.0,1.0,6,3,3,3,2,5,6,6,3,2,60.0,55.0,60.0,65.0,70.0,65.0,80.0,60.0,40.0,35.0,2,2,2,2,2,2,2,1,2,2,2,2,1,2,2,1,2,2,1,2,2,1,1,2,1,1,1,2,1,1,1,2,1,2,2,2,1,2,2,1
1913,5,5,5,5,5,5,5,5,1,1,70.0,,4.0,,,,,3.0,4.0,5.0,,5.0,,,2.0,1.0,,1.0,5.0,6.0,,,,,,,20.0,,1.0,,,9.0,,,2.0,6.0,,,,,,,,,,,,1.0,1.0,1.0,1.0,1.0,1.0,6,2,2,2,2,5,6,6,4,2,60.0,55.0,60.0,70.0,75.0,70.0,80.0,65.0,30.0,35.0,2,1,1,2,1,2,1,2,2,1,1,2,2,1,2,2,2,2,2,1,1,2,1,2,2,1,1,2,2,2,1,2,1,2,2,2,1,2,1,1
561,4,4,4,5,5,5,5,5,2,2,,30.0,4.0,,3.0,4.0,5.0,,,,,5.0,,,2.0,1.0,,,,,,,,4.0,4.0,5.0,,15.0,1.0,,,7.0,,,2.0,4.0,,1.0,1.0,1.0,1.0,1.0,1.0,1.0,1.0,1.0,1.0,,,,,,,6,3,2,2,2,5,6,6,3,2,60.0,55.0,60.0,70.0,70.0,65.0,80.0,60.0,40.0,35.0,2,1,1,2,1,2,2,1,2,1,2,1,1,2,1,1,1,1,2,2,1,2,1,1,1,2,2,1,2,2,1,1,2,2,1,2,2,1,2,2
412,2,3,2,2,2,2,2,2,1,1,70.0,,1.0,,3.0,4.0,6.0,,,,5.0,,1.0,54.0,,,2.0,,,,,,,1.0,4.0,5.0,,,,2.0,,7.0,,,1.0,3.0,,1.0,1.0,1.0,1.0,1.0,1.0,1.0,1.0,1.0,1.0,,,,,,,6,3,2,2,3,5,6,6,2,1,35.0,30.0,30.0,25.0,25.0,20.0,30.0,20.0,60.0,50.0,2,2,2,1,2,1,1,2,1,1,2,2,1,1,2,1,1,1,1,1,2,1,2,2,2,2,1,1,2,2,2,2,1,1,1,2,1,1,2,1
787,4,4,4,4,4,4,4,4,2,2,,30.0,,1.0,3.0,3.0,6.0,,,,,5.0,,,2.0,,2.0,,,,,,,2.0,4.0,4.0,20.0,,,2.0,,6.0,,1.0,,,4.0,,,,,,,,,,,1.0,1.0,1.0,1.0,1.0,1.0,6,3,3,3,2,5,6,6,3,2,60.0,55.0,60.0,65.0,65.0,60.0,70.0,60.0,50.0,45.0,2,2,1,2,2,2,1,2,1,2,1,2,1,1,1,1,2,2,1,2,2,1,2,2,2,2,2,2,2,2,1,2,2,2,2,2,1,2,1,1
1161,4,4,4,4,4,4,5,4,2,2,,30.0,1.0,,3.0,4.0,6.0,,,,5.0,,,,2.0,,2.0,,,,,,,2.0,4.0,5.0,18.0,,1.0,,,6.0,,,2.0,,5.0,,,,,,,,,,,1.0,1.0,1.0,1.0,1.0,1.0,6,3,4,4,3,5,6,6,3,2,60.0,55.0,60.0,65.0,70.0,60.0,75.0,60.0,50.0,45.0,1,2,1,2,2,2,1,2,2,1,2,2,1,1,2,1,2,2,2,2,2,1,1,2,1,2,2,1,2,1,2,2,2,1,1,2,2,1,1,1
1012,5,5,5,5,5,5,5,5,2,2,,30.0,4.0,,3.0,4.0,6.0,,,,,5.0,1.0,40.0,,1.0,,,,,3.0,4.0,5.0,,,,,,,2.0,3.0,,,,2.0,4.0,,,,,,,,,,,,1.0,1.0,1.0,1.0,1.0,1.0,6,3,4,3,2,5,6,5,3,2,60.0,55.0,50.0,65.0,60.0,60.0,70.0,55.0,40.0,35.0,2,2,2,1,1,2,1,2,1,1,1,1,2,1,2,1,1,2,2,2,2,2,1,2,2,1,1,2,2,1,2,2,2,2,2,2,2,2,1,2
1387,4,4,4,4,4,4,5,4,2,2,70.0,,,1.0,3.0,4.0,6.0,,,,,5.0,,,2.0,,2.0,,,,2.0,4.0,5.0,,,,16.0,,1.0,,,6.0,,,2.0,4.0,,1.0,1.0,1.0,1.0,1.0,1.0,1.0,1.0,1.0,1.0,,,,,,,6,3,3,3,3,5,6,6,3,2,62.0,54.0,56.0,65.0,67.0,60.0,70.0,58.0,44.0,41.0,1,1,2,2,1,2,2,2,1,1,1,2,1,2,2,2,1,1,1,2,2,2,2,2,2,1,2,1,1,1,2,1,1,2,1,2,2,1,1,2
1815,5,5,5,5,5,5,5,5,1,1,,30.0,4.0,,,,,3.0,4.0,5.0,5.0,,,,2.0,,2.0,,,,,,,1.0,5.0,6.0,,20.0,1.0,,,7.0,,,1.0,,5.0,,,,,,,,,,,1.0,1.0,1.0,1.0,1.0,1.0,6,2,4,3,2,5,6,5,3,2,60.0,55.0,60.0,70.0,75.0,70.0,80.0,65.0,40.0,35.0,2,2,2,2,2,2,2,2,1,2,1,1,1,2,1,2,1,2,1,2,2,1,2,2,2,1,1,1,2,1,2,1,1,2,2,1,1,1,2,1
1966,5,5,5,5,5,5,5,5,1,1,,30.0,,1.0,,,,4.0,4.0,3.0,,5.0,,,2.0,,2.0,,,,,,,2.0,5.0,6.0,,18.0,1.0,,5.0,,,,2.0,,5.0,1.0,1.0,1.0,1.0,1.0,1.0,1.0,1.0,1.0,1.0,,,,,,,6,3,2,2,3,5,6,6,3,1,65.0,60.0,62.0,70.0,68.0,66.0,75.0,60.0,40.0,38.0,1,1,2,2,2,2,1,2,2,2,1,2,2,1,1,2,1,2,2,1,2,1,2,1,2,2,2,1,2,1,2,1,2,2,2,1,2,1,2,2
79,4,4,4,3,4,3,4,4,2,2,70.0,,,1.0,3.0,4.0,6.0,,,,5.0,,1.0,35.0,,1.0,,,,,,,,2.0,4.0,6.0,2.0,,1.0,,,7.0,,1.0,,,5.0,,,,,,,,,,,1.0,1.0,1.0,1.0,1.0,1.0,6,3,4,3,2,5,6,5,3,2,62.0,55.0,54.0,60.0,65.0,58.0,70.0,60.0,45.0,40.0,2,2,1,1,1,2,1,1,2,2,2,1,1,2,1,2,2,2,1,1,2,1,2,1,1,1,1,1,2,1,1,2,2,2,1,2,1,1,2,2
2008,4,4,4,4,4,4,5,4,2,2,70.0,,,1.0,3.0,4.0,6.0,,,,,5.0,,,2.0,,2.0,,,,,,,2.0,4.0,5.0,18.0,,1.0,,4.0,,,,1.0,,4.0,,,,,,,,,,,1.0,1.0,1.0,1.0,1.0,1.0,6,3,3,3,3,5,6,6,3,2,62.0,55.0,60.0,65.0,68.0,60.0,75.0,58.0,55.0,50.0,1,2,1,1,2,2,1,2,1,1,2,1,2,2,1,2,2,1,2,1,2,2,1,2,2,1,1,2,1,1,2,2,2,1,1,2,1,2,2,1
308,5,5,5,5,5,5,5,5,1,1,70.0,,4.0,,3.0,4.0,6.0,,,,,6.0,1.0,54.0,,1.0,,,,,4.0,5.0,6.0,,,,5.0,,1.0,,5.0,,,1.0,,,5.0,1.0,1.0,1.0,1.0,1.0,1.0,1.0,1.0,1.0,1.0,,,,,,,6,3,2,2,3,5,6,6,3,2,62.0,55.0,60.0,70.0,68.0,65.0,75.0,60.0,40.0,35.0,2,1,1,1,2,1,2,2,2,1,2,2,1,1,1,1,2,2,1,1,1,1,2,2,2,1,2,1,2,1,1,1,1,2,1,2,1,1,1,2
681,4,4,4,4,4,4,5,4,2,2,70.0,,4.0,,3.0,4.0,5.0,,,,5.0,,,,2.0,,2.0,2.0,4.0,4.0,,,,,,,16.0,,1.0,,,,2.0,1.0,,,4.0,,,,,,,,,,,1.0,1.0,1.0,1.0,1.0,1.0,6,3,3,3,3,4,5,5,3,2,55.0,52.0,50.0,60.0,62.0,58.0,65.0,54.0,48.0,45.0,1,2,2,2,1,1,1,1,1,2,2,1,2,2,2,2,2,2,1,2,1,1,2,2,2,2,2,1,1,1,2,2,1,2,1,2,1,1,1,1
514,4,4,4,4,4,4,5,4,2,2,,30.0,4.0,,3.0,3.0,5.0,,,,5.0,,1.0,40.0,,,2.0,,,,2.0,4.0,4.0,,,,,20.0,,2.0,4.0,,,,1.0,,4.0,1.0,1.0,1.0,1.0,1.0,1.0,1.0,1.0,1.0,1.0,,,,,,,6,3,2,2,3,5,6,6,3,2,60.0,55.0,60.0,65.0,65.0,60.0,70.0,60.0,50.0,45.0,2,1,1,1,1,2,2,1,2,1,2,2,2,2,2,1,1,1,2,1,1,1,2,1,1,2,2,2,1,2,2,1,1,1,1,1,2,2,2,1
467,5,5,5,5,5,5,5,5,2,2,70.0,,,1.0,,,,4.0,3.0,2.0,5.0,,,,2.0,,2.0,,,,2.0,5.0,6.0,,,,,20.0,,2.0,5.0,,,,2.0,,5.0,,,,,,,,,,,1.0,1.0,1.0,1.0,1.0,1.0,6,3,3,3,3,5,6,6,3,2,60.0,55.0,60.0,70.0,70.0,65.0,80.0,60.0,40.0,40.0,2,1,1,2,2,1,2,2,2,2,2,2,2,1,1,2,1,1,1,2,2,2,2,1,2,2,2,1,1,1,2,2,1,2,2,2,2,2,1,1
1708,3,4,3,2,3,2,4,3,4,3,70.0,,3.0,,3.0,4.0,5.0,,,,5.0,,1.0,50.0,,1.0,,,,,2.0,4.0,5.0,,,,,,1.0,,,,2.0,,1.0,,4.0,1.0,1.0,1.0,1.0,1.0,1.0,1.0,1.0,1.0,1.0,,,,,,,6,3,2,2,2,4,6,6,3,2,55.0,50.0,50.0,45.0,55.0,40.0,60.0,45.0,60.0,40.0,1,2,2,2,1,2,2,2,1,2,1,2,2,2,1,2,2,1,1,2,2,1,1,1,2,1,2,2,1,1,1,2,1,2,2,2,1,1,1,2
1281,4,4,4,5,5,5,5,5,2,2,70.0,,,1.0,3.0,4.0,6.0,,,,5.0,,,,2.0,1.0,,,,,,,,2.0,4.0,5.0,,,1.0,,5.0,,,2.0,,4.0,,1.0,1.0,1.0,1.0,1.0,1.0,1.0,1.0,1.0,1.0,,,,,,,6,3,2,2,2,5,6,6,3,2,60.0,55.0,58.0,70.0,68.0,65.0,75.0,60.0,40.0,35.0,1,2,1,1,2,2,1,2,2,2,1,1,1,1,2,2,2,1,1,1,2,1,1,1,1,1,2,2,2,2,2,1,2,2,2,1,2,2,2,1
1114,4,4,4,4,4,4,5,4,2,2,,90.0,5.0,,,,,4.0,4.0,3.0,,5.0,1.0,50.0,,1.0,,2.0,4.0,5.0,,,,,,,,,,2.0,,,3.0,,2.0,,4.0,,,,,,,,,,,1.0,1.0,1.0,1.0,1.0,1.0,6,3,5,4,2,5,6,5,3,2,60.0,55.0,50.0,60.0,65.0,60.0,70.0,55.0,50.0,45.0,2,2,2,2,2,2,2,2,2,2,2,1,2,2,2,2,2,2,2,1,1,2,1,2,2,2,2,2,2,1,1,2,1,2,2,2,2,2,1,2
1067,2,2,2,2,2,2,2,2,1,1,70.0,,,1.0,,,,3.0,3.0,3.0,3.0,,,,2.0,1.0,,1.0,2.0,2.0,,,,,,,20.0,,,2.0,,,1.0,1.0,,1.0,,1.0,1.0,1.0,1.0,1.0,1.0,1.0,1.0,1.0,1.0,,,,,,,6,2,2,2,2,5,6,6,1,1,20.0,20.0,20.0,20.0,20.0,20.0,20.0,20.0,20.0,20.0,2,2,2,2,2,2,2,2,2,2,2,2,2,2,2,2,2,2,2,2,2,2,2,2,2,2,2,2,2,2,2,2,2,2,2,2,2,2,2,2
733,5,4,4,5,5,5,5,5,2,2,70.0,,,1.0,4.0,4.0,5.0,,,,5.0,,1.0,40.0,,,2.0,,,,,,,1.0,5.0,6.0,,,1.0,,,,3.0,1.0,,,5.0,,,,,,,,,,,1.0,1.0,1.0,1.0,1.0,1.0,6,3,3,3,2,4,6,6,3,2,60.0,55.0,60.0,70.0,75.0,65.0,80.0,60.0,40.0,35.0,1,1,1,2,2,2,2,1,2,1,1,2,2,1,2,2,2,1,2,2,1,2,2,2,1,2,2,2,2,2,1,2,1,2,2,1,1,1,1,2
640,3,3,3,3,3,3,3,3,2,2,,30.0,3.0,,3.0,3.0,5.0,,,,5.0,,,,2.0,1.0,,,,,,,,2.0,3.0,4.0,,,,2.0,4.0,,,1.0,,,4.0,1.0,1.0,1.0,1.0,1.0,1.0,1.0,1.0,1.0,1.0,,,,,,,6,3,3,3,3,5,5,5,3,2,50.0,45.0,40.0,55.0,60.0,50.0,65.0,40.0,55.0,35.0,2,2,2,2,2,1,2,2,1,2,2,2,2,2,1,1,2,2,2,2,2,2,1,1,2,2,2,1,2,2,1,2,1,2,2,1,2,2,2,1
1333,5,5,5,5,5,5,5,5,1,1,,30.0,4.0,,3.0,4.0,6.0,,,,,6.0,1.0,40.0,,1.0,,2.0,4.0,5.0,,,,,,,18.0,,1.0,,,,2.0,,2.0,4.0,,,,,,,,,,,,1.0,1.0,1.0,1.0,1.0,1.0,6,3,2,2,2,5,6,6,3,2,65.0,60.0,60.0,70.0,75.0,70.0,80.0,60.0,40.0,35.0,1,2,1,2,2,2,1,2,2,1,2,2,1,2,1,1,1,2,2,1,2,1,2,2,2,2,1,2,2,2,2,1,1,1,1,2,2,2,1,2
1240,4,4,4,4,4,4,5,4,2,2,,30.0,4.0,,,,,3.0,4.0,5.0,5.0,,,,2.0,1.0,,3.0,4.0,4.0,,,,,,,18.0,,1.0,,,,3.0,1.0,,4.0,,,,,,,,,,,,1.0,1.0,1.0,1.0,1.0,1.0,6,3,4,3,3,5,6,5,3,2,60.0,55.0,50.0,65.0,60.0,60.0,70.0,55.0,40.0,35.0,2,1,2,1,1,2,2,2,2,2,2,1,1,1,1,1,2,2,1,1,2,2,2,1,2,2,1,1,1,1,1,2,2,2,2,1,1,2,2,1
48,4,4,4,2,4,2,5,2,2,2,70.0,,,1.0,,,,3.0,4.0,5.0,,5.0,,,2.0,1.0,,,,,2.0,4.0,5.0,,,,,20.0,1.0,,,6.0,,,1.0,,4.0,,,,,,,,,,,1.0,1.0,1.0,1.0,1.0,1.0,6,3,4,3,3,5,6,6,3,2,60.0,55.0,60.0,50.0,60.0,50.0,70.0,60.0,40.0,40.0,2,1,1,1,1,2,1,2,2,1,1,2,2,2,2,2,2,2,1,2,1,1,2,2,2,2,2,2,2,2,1,2,2,2,2,1,1,2,1,1
2039,2,2,2,2,2,2,4,2,4,2,70.0,,1.0,,,,,3.0,4.0,3.0,5.0,,1.0,30.0,,1.0,,,,,,,,1.0,2.0,4.0,,,,2.0,3.0,,,,1.0,3.0,,1.0,1.0,1.0,1.0,1.0,1.0,1.0,1.0,1.0,1.0,,,,,,,6,2,2,2,2,4,6,6,2,2,40.0,35.0,35.0,30.0,30.0,25.0,40.0,30.0,60.0,50.0,1,1,1,1,2,1,1,1,1,2,2,2,1,1,1,1,2,1,1,1,2,1,2,2,2,1,1,1,2,1,1,2,1,1,2,1,2,1,1,1
1824,3,4,3,3,4,4,4,3,2,2,,30.0,4.0,,,,,4.0,4.0,3.0,,5.0,,,2.0,,2.0,,,,3.0,4.0,5.0,,,,,15.0,,2.0,,6.0,,,2.0,,4.0,1.0,1.0,1.0,1.0,1.0,1.0,1.0,1.0,1.0,1.0,,,,,,,6,3,3,3,3,5,6,6,3,2,54.0,48.0,51.0,56.0,60.0,58.0,62.0,49.0,44.0,47.0,2,2,1,2,1,2,1,2,1,1,2,2,2,1,2,2,1,2,2,2,1,2,2,2,1,1,2,2,1,2,1,2,1,1,1,2,1,2,2,2
1957,4,4,4,4,4,4,5,4,2,2,70.0,,,1.0,,,,3.0,4.0,5.0,,5.0,1.0,40.0,,1.0,,1.0,4.0,4.0,,,,,,,20.0,,,2.0,4.0,,,,1.0,4.0,,,,,,,,,,,,1.0,1.0,1.0,1.0,1.0,1.0,6,3,3,3,3,5,6,6,3,2,60.0,55.0,60.0,65.0,65.0,60.0,70.0,60.0,50.0,45.0,2,1,1,2,2,1,2,1,2,1,2,2,2,1,1,1,2,2,2,2,1,2,1,1,2,1,1,1,1,1,1,1,1,2,1,1,2,1,2,2
1739,5,5,5,5,5,5,5,5,1,1,,30.0,,1.0,3.0,4.0,6.0,,,,,6.0,1.0,40.0,,,2.0,,,,,,,2.0,5.0,6.0,,20.0,,2.0,5.0,,,,2.0,,5.0,1.0,1.0,1.0,1.0,1.0,1.0,1.0,1.0,1.0,1.0,,,,,,,6,2,2,2,2,5,6,6,4,2,65.0,60.0,60.0,70.0,70.0,65.0,80.0,60.0,40.0,35.0,2,1,2,2,2,1,2,1,2,1,2,1,2,1,1,1,2,2,1,1,2,1,2,2,1,1,1,2,1,2,1,1,1,1,2,2,2,1,1,1
1125,5,4,5,5,5,5,5,5,2,2,70.0,,,1.0,4.0,4.0,6.0,,,,,5.0,,,2.0,1.0,,,,,,,,2.0,4.0,5.0,,20.0,1.0,,4.0,,,1.0,,4.0,,1.0,1.0,1.0,1.0,1.0,1.0,1.0,1.0,1.0,1.0,,,,,,,6,3,2,2,2,4,6,6,3,2,60.0,55.0,60.0,65.0,70.0,65.0,75.0,60.0,50.0,45.0,2,2,2,2,2,2,2,2,2,2,2,2,2,2,2,2,2,2,2,2,1,2,2,1,2,2,2,2,2,2,2,2,2,2,1,1,1,1,2,2
1056,5,5,5,5,5,5,5,5,2,2,70.0,,4.0,,3.0,4.0,6.0,,,,5.0,,,,2.0,1.0,,2.0,4.0,5.0,,,,,,,,,1.0,,,,3.0,1.0,,4.0,,,,,,,,,,,,1.0,1.0,1.0,1.0,1.0,1.0,6,3,4,3,3,5,6,5,3,2,62.0,55.0,60.0,70.0,68.0,65.0,75.0,60.0,50.0,45.0,1,2,2,1,1,2,1,2,1,1,2,1,2,1,1,1,2,1,1,2,2,2,2,2,2,2,1,2,2,1,1,2,2,2,2,1,1,1,2,2
339,4,4,4,5,5,5,5,5,2,2,70.0,,4.0,,,,,4.0,4.0,3.0,,5.0,,,2.0,,2.0,,,,2.0,4.0,5.0,,,,,16.0,,2.0,,6.0,,1.0,,,4.0,,,,,,,,,,,1.0,1.0,1.0,1.0,1.0,1.0,6,3,3,3,2,5,6,6,3,2,62.0,55.0,60.0,68.0,70.0,65.0,75.0,60.0,40.0,38.0,1,2,2,2,1,1,1,2,1,1,2,1,2,1,1,2,2,2,2,2,1,2,2,2,1,2,1,1,2,1,2,1,1,2,2,2,1,2,1,1
525,2,4,3,2,3,3,4,2,4,3,,30.0,4.0,,,,,3.0,4.0,3.0,,5.0,1.0,40.0,,,2.0,2.0,4.0,5.0,,,,,,,,,,2.0,,,3.0,,1.0,4.0,,1.0,1.0,1.0,1.0,1.0,1.0,1.0,1.0,1.0,1.0,,,,,,,6,2,3,3,2,5,6,5,3,2,60.0,55.0,50.0,45.0,50.0,40.0,60.0,55.0,65.0,50.0,1,2,2,1,2,2,2,2,2,1,2,2,2,2,2,2,2,1,2,1,1,2,2,2,1,1,2,1,2,2,2,1,1,2,2,2,2,2,2,1
456,5,4,5,5,5,5,5,5,2,2,,30.0,4.0,,3.0,4.0,5.0,,,,,6.0,1.0,54.0,,,2.0,2.0,4.0,5.0,,,,,,,18.0,,,2.0,,,3.0,,2.0,4.0,,,,,,,,,,,,1.0,1.0,1.0,1.0,1.0,1.0,6,3,4,3,3,5,6,6,3,2,62.0,55.0,60.0,68.0,70.0,65.0,75.0,60.0,40.0,38.0,2,2,1,2,2,1,1,1,1,2,2,2,1,2,2,1,1,2,2,1,2,2,2,2,2,1,1,2,1,2,2,2,1,2,1,1,2,1,2,1
89,4,4,4,5,5,5,5,5,2,2,70.0,,4.0,,,,,3.0,4.0,4.0,,5.0,,,2.0,,2.0,2.0,4.0,5.0,,,,,,,,,,2.0,,7.0,,,1.0,,5.0,1.0,1.0,1.0,1.0,1.0,1.0,1.0,1.0,1.0,1.0,,,,,,,6,3,3,3,3,5,6,6,3,2,60.0,55.0,50.0,65.0,70.0,60.0,75.0,55.0,40.0,35.0,1,2,1,2,1,2,2,2,2,2,2,1,1,2,2,1,1,1,2,2,1,2,2,1,1,1,2,2,1,2,1,2,2,1,2,2,1,1,1,2
1996,4,4,4,3,4,4,5,4,2,2,70.0,,4.0,,,,,4.0,5.0,3.0,5.0,,1.0,40.0,,1.0,,,,,2.0,4.0,5.0,,,,5.0,,,2.0,5.0,,,1.0,,,4.0,1.0,1.0,1.0,1.0,1.0,1.0,1.0,1.0,1.0,1.0,,,,,,,6,3,3,3,3,5,6,6,3,2,60.0,55.0,50.0,55.0,60.0,60.0,70.0,55.0,45.0,40.0,1,2,2,1,2,1,1,1,2,1,2,1,1,2,1,1,2,1,1,2,2,2,2,1,1,1,2,2,1,1,1,1,2,1,1,2,2,2,2,2
1097,4,4,4,4,4,4,4,4,2,2,,30.0,,1.0,,,,4.0,4.0,3.0,,5.0,,,2.0,1.0,,,,,,,,2.0,4.0,4.0,,18.0,,2.0,,,2.0,1.0,,4.0,,,,,,,,,,,,1.0,1.0,1.0,1.0,1.0,1.0,6,3,3,3,2,4,6,6,3,2,60.0,55.0,60.0,65.0,70.0,60.0,75.0,60.0,40.0,35.0,2,1,2,1,1,1,1,2,2,1,1,2,1,2,2,2,1,2,1,2,1,2,1,2,1,2,2,2,1,2,1,2,1,1,1,1,2,1,2,1
1302,4,4,4,4,4,4,4,4,2,2,70.0,,,1.0,,,,3.0,4.0,4.0,,5.0,,,2.0,,2.0,,,,,,,1.0,4.0,5.0,,,,2.0,3.0,,,1.0,,4.0,,,,,,,,,,,,1.0,1.0,1.0,1.0,1.0,1.0,6,3,3,3,3,5,6,6,3,2,60.0,55.0,60.0,65.0,65.0,60.0,70.0,60.0,50.0,45.0,2,1,2,2,2,1,1,2,2,1,2,1,2,2,1,2,2,2,2,2,2,2,1,2,1,2,2,2,1,1,2,1,1,2,2,2,2,1,2,1
1271,2,2,2,1,2,2,2,2,1,1,70.0,,1.0,,,,,3.0,4.0,4.0,,5.0,1.0,25.0,,1.0,,,,,1.0,2.0,4.0,,,,,,,2.0,,7.0,,,1.0,3.0,,1.0,1.0,1.0,1.0,1.0,1.0,1.0,1.0,1.0,1.0,,,,,,,6,2,2,2,2,5,6,6,1,1,30.0,25.0,25.0,10.0,20.0,20.0,20.0,20.0,60.0,60.0,1,2,2,2,1,2,2,2,2,1,2,1,1,2,2,1,1,2,2,1,1,1,2,2,1,2,1,2,2,2,1,1,2,2,1,2,2,2,2,2
497,5,5,5,5,5,5,5,5,2,2,,30.0,4.0,,3.0,4.0,6.0,,,,,5.0,1.0,54.0,,,2.0,,,,2.0,5.0,6.0,,,,,18.0,1.0,,,,3.0,,1.0,,5.0,,,,,,,,,,,1.0,1.0,1.0,1.0,1.0,1.0,7,3,2,2,3,5,7,6,3,2,62.0,55.0,60.0,70.0,68.0,65.0,75.0,60.0,40.0,35.0,2,2,2,2,1,2,1,1,1,1,2,1,2,2,1,2,2,2,2,1,2,2,1,1,1,2,2,1,2,1,2,2,2,1,1,1,1,2,1,1
702,4,4,4,4,4,4,4,4,2,2,70.0,,3.0,,,,,4.0,5.0,3.0,,5.0,1.0,40.0,,,2.0,2.0,4.0,4.0,,,,,,,,,1.0,,3.0,,,,1.0,,4.0,,,,,,,,,,,1.0,1.0,1.0,1.0,1.0,1.0,6,3,4,3,2,5,6,5,3,2,60.0,55.0,60.0,60.0,65.0,60.0,70.0,60.0,40.0,40.0,1,2,2,2,2,2,2,2,1,2,1,1,1,2,1,2,2,1,2,2,2,1,2,2,2,2,2,1,2,1,2,1,1,2,2,2,2,1,1,1
671,2,3,2,2,2,2,4,2,4,3,70.0,,1.0,,3.0,4.0,6.0,,,,,5.0,,,2.0,1.0,,,,,,,,1.0,2.0,3.0,,,2.0,,,,1.0,1.0,,2.0,,,,,,,,,,,,1.0,1.0,1.0,1.0,1.0,1.0,6,2,2,2,2,4,6,6,1,1,40.0,35.0,30.0,30.0,30.0,30.0,30.0,25.0,40.0,25.0,2,1,1,2,2,2,1,2,2,1,1,1,1,1,2,2,1,1,2,2,2,1,2,2,1,2,1,1,1,2,1,2,1,2,2,2,2,2,2,2
919,2,3,2,2,2,2,4,2,4,2,70.0,,1.0,,3.0,4.0,6.0,,,,5.0,,,,2.0,1.0,,,,,,,,1.0,2.0,2.0,,,2.0,,,,1.0,1.0,,,2.0,1.0,1.0,1.0,1.0,1.0,1.0,1.0,1.0,1.0,1.0,,,,,,,6,2,2,2,2,4,6,6,1,1,30.0,20.0,20.0,20.0,20.0,20.0,20.0,20.0,20.0,20.0,2,2,2,2,1,2,2,2,2,2,2,2,2,1,2,2,2,1,2,1,2,2,2,2,2,1,1,1,2,2,1,2,1,2,1,2,2,2,1,1
1890,2,3,2,2,3,2,4,2,4,3,,30.0,1.0,,2.0,3.0,5.0,,,,,5.0,,,2.0,1.0,,2.0,3.0,4.0,,,,,,,18.0,,1.0,,4.0,,,1.0,,,4.0,,,,,,,,,,,1.0,1.0,1.0,1.0,1.0,1.0,6,3,2,2,2,4,6,6,3,2,55.0,45.0,50.0,40.0,50.0,40.0,60.0,35.0,60.0,45.0,2,1,2,2,1,2,2,1,1,2,1,1,1,2,2,2,2,2,2,1,2,1,2,2,1,2,1,1,2,1,2,2,1,2,1,1,1,2,1,1
1377,4,4,4,4,4,4,5,4,2,2,70.0,,4.0,,,,,3.0,4.0,3.0,5.0,,,,2.0,,2.0,1.0,4.0,5.0,,,,,,,,,,2.0,,,3.0,,2.0,,4.0,1.0,1.0,1.0,1.0,1.0,1.0,1.0,1.0,1.0,1.0,,,,,,,6,3,2,2,3,5,6,6,3,1,62.0,54.0,58.0,66.0,68.0,60.0,72.0,59.0,44.0,41.0,2,2,2,2,2,2,2,2,2,2,2,2,2,2,2,2,2,2,2,1,2,2,1,2,2,2,2,2,2,1,2,2,2,2,2,2,2,2,2,2
1204,5,5,5,5,5,5,5,5,1,1,,30.0,4.0,,3.0,4.0,6.0,,,,5.0,,1.0,54.0,,1.0,,,,,2.0,5.0,6.0,,,,,20.0,1.0,,5.0,,,1.0,,5.0,,,,,,,,,,,,1.0,1.0,1.0,1.0,1.0,1.0,6,3,3,3,2,5,6,6,3,2,65.0,60.0,60.0,70.0,70.0,65.0,80.0,60.0,40.0,35.0,2,2,2,2,2,1,2,2,2,2,1,2,1,1,1,1,2,2,2,1,2,2,2,2,1,2,1,1,2,1,1,2,1,2,2,1,1,1,2,1
1418,5,4,5,4,5,5,5,5,1,2,,30.0,,1.0,3.0,3.0,6.0,,,,5.0,,1.0,54.0,,1.0,,,,,2.0,4.0,5.0,,,,,,1.0,,,,3.0,1.0,,,5.0,1.0,1.0,1.0,1.0,1.0,1.0,1.0,1.0,1.0,1.0,,,,,,,6,3,2,2,3,5,6,6,3,2,62.0,55.0,60.0,68.0,70.0,65.0,75.0,60.0,40.0,45.0,1,1,1,2,2,1,2,1,1,2,1,2,1,1,2,2,2,2,2,2,2,1,1,2,1,2,2,1,1,2,2,2,2,1,2,1,2,2,2,1
1191,4,4,4,5,5,4,5,4,2,2,,30.0,,1.0,,,,3.0,4.0,3.0,,5.0,1.0,50.0,,1.0,,,,,2.0,4.0,5.0,,,,,20.0,,2.0,,,3.0,,1.0,,4.0,1.0,1.0,1.0,1.0,1.0,1.0,1.0,1.0,1.0,1.0,,,,,,,6,3,4,3,3,5,6,5,3,2,60.0,55.0,60.0,65.0,70.0,60.0,75.0,60.0,50.0,45.0,1,2,1,1,1,2,1,2,2,1,1,2,2,2,1,2,2,2,2,1,1,1,2,1,1,1,2,2,1,2,2,2,2,2,2,1,1,2,2,1
777,5,5,5,5,5,5,5,5,1,1,,30.0,4.0,,,,,3.0,4.0,2.0,5.0,,1.0,54.0,,1.0,,2.0,4.0,5.0,,,,,,,,,1.0,,,,2.0,1.0,,,5.0,1.0,1.0,1.0,1.0,1.0,1.0,1.0,1.0,1.0,1.0,,,,,,,6,2,2,2,2,5,6,6,3,2,65.0,60.0,60.0,70.0,75.0,70.0,80.0,65.0,40.0,35.0,2,2,2,1,1,1,2,2,2,2,2,1,1,1,1,2,2,1,2,2,1,2,2,2,2,1,2,2,1,1,2,2,2,2,2,1,1,2,2,2
604,2,3,2,2,3,2,4,2,4,3,,30.0,1.0,,,,,3.0,4.0,2.0,5.0,,,,2.0,,2.0,1.0,3.0,4.0,,,,,,,,,,2.0,5.0,,,,1.0,,3.0,1.0,1.0,1.0,1.0,1.0,1.0,1.0,1.0,1.0,1.0,,,,,,,6,2,3,3,3,5,6,6,2,2,45.0,40.0,40.0,35.0,40.0,35.0,50.0,40.0,55.0,40.0,1,2,1,1,2,2,1,1,1,1,2,1,2,2,2,2,2,2,2,2,2,2,1,2,2,2,2,2,2,1,2,1,2,2,1,1,1,2,1,2
591,4,4,4,4,4,4,5,4,2,2,70.0,,4.0,,,,,3.0,4.0,5.0,,5.0,1.0,54.0,,,2.0,,,,2.0,4.0,5.0,,,,18.0,,,2.0,5.0,,,,2.0,,4.0,,,,,,,,,,,1.0,1.0,1.0,1.0,1.0,1.0,6,3,2,2,2,5,6,6,3,2,60.0,55.0,58.0,62.0,65.0,60.0,70.0,68.0,40.0,35.0,2,1,1,2,2,2,2,1,1,2,1,1,2,1,1,1,1,2,2,1,1,1,1,2,2,2,2,1,1,1,1,1,1,1,1,1,1,2,2,2
9,4,4,4,5,5,5,5,4,2,2,,30.0,4.0,,3.0,3.0,6.0,,,,5.0,,1.0,45.0,,1.0,,,,,3.0,5.0,6.0,,,,,12.0,,2.0,5.0,,,,1.0,5.0,,1.0,1.0,1.0,1.0,1.0,1.0,1.0,1.0,1.0,1.0,,,,,,,6,3,2,3,2,5,6,6,3,2,62.0,55.0,60.0,70.0,75.0,68.0,80.0,60.0,40.0,35.0,2,2,2,2,1,1,1,1,1,1,1,2,2,1,2,2,1,1,1,2,2,2,2,2,1,1,2,1,2,1,2,1,2,2,2,1,2,2,1,1
1851,5,4,5,5,5,5,5,5,2,2,70.0,,,1.0,3.0,4.0,6.0,,,,5.0,,1.0,54.0,,1.0,,2.0,4.0,5.0,,,,,,,,,,2.0,4.0,,,,2.0,,4.0,1.0,1.0,1.0,1.0,1.0,1.0,1.0,1.0,1.0,1.0,,,,,,,6,3,3,3,3,5,6,6,3,2,60.0,55.0,60.0,65.0,65.0,60.0,70.0,60.0,40.0,40.0,2,1,1,2,2,2,2,1,1,2,1,2,2,1,1,2,2,2,2,2,2,1,2,1,2,2,2,2,2,1,2,2,1,2,2,1,1,2,2,1
1922,4,4,4,4,4,4,5,4,2,2,70.0,,,1.0,,,,4.0,3.0,3.0,5.0,,,,2.0,1.0,,,,,2.0,4.0,5.0,,,,,20.0,,2.0,,,3.0,,2.0,,4.0,1.0,1.0,1.0,1.0,1.0,1.0,1.0,1.0,1.0,1.0,,,,,,,6,3,3,3,3,5,6,6,3,2,60.0,55.0,60.0,65.0,65.0,60.0,70.0,60.0,55.0,50.0,1,1,1,1,2,1,1,2,2,2,1,2,1,2,1,2,1,2,1,2,1,1,2,1,1,2,1,1,1,1,2,1,1,2,1,1,2,2,1,1
1150,5,4,4,5,5,5,5,5,2,2,,30.0,4.0,,,,,3.0,4.0,2.0,,5.0,,,2.0,,2.0,,,,3.0,4.0,5.0,,,,18.0,,1.0,,,,3.0,1.0,,,4.0,1.0,1.0,1.0,1.0,1.0,1.0,1.0,1.0,1.0,1.0,,,,,,,6,3,4,3,2,5,6,5,3,2,60.0,55.0,58.0,65.0,68.0,62.0,70.0,55.0,40.0,38.0,2,2,1,1,2,2,2,2,1,1,1,2,2,1,2,2,2,1,1,1,2,2,2,1,2,2,1,2,1,1,1,2,2,1,1,2,2,2,2,1
1023,4,4,4,4,4,4,4,4,2,2,,30.0,4.0,,3.0,4.0,6.0,,,,,5.0,,,2.0,,2.0,,,,,,,3.0,4.0,5.0,,16.0,,2.0,5.0,,,,2.0,4.0,,,,,,,,,,,,1.0,1.0,1.0,1.0,1.0,1.0,6,3,4,3,2,5,6,5,3,2,54.0,51.0,49.0,56.0,60.0,62.0,65.0,48.0,44.0,41.0,1,1,2,2,1,1,1,1,2,2,2,1,2,1,2,2,1,1,1,2,2,2,1,2,1,2,1,2,2,2,1,1,1,1,1,2,1,2,2,1
550,4,4,4,4,4,4,5,4,2,2,,30.0,4.0,,3.0,4.0,5.0,,,,5.0,,1.0,40.0,,1.0,,1.0,4.0,5.0,,,,,,,,,1.0,,,6.0,,,2.0,4.0,,1.0,1.0,1.0,1.0,1.0,1.0,1.0,1.0,1.0,1.0,,,,,,,6,3,3,3,3,5,6,6,3,2,60.0,55.0,50.0,60.0,60.0,55.0,70.0,60.0,40.0,35.0,2,2,2,2,2,1,1,1,2,1,1,2,2,2,2,2,2,2,2,2,1,1,2,2,1,2,1,1,2,1,1,2,2,2,2,1,2,2,2,2
423,4,4,4,3,4,3,5,4,2,2,70.0,,3.0,,3.0,4.0,5.0,,,,5.0,,,,2.0,,2.0,2.0,4.0,5.0,,,,,,,18.0,,1.0,,,,3.0,,1.0,,4.0,,,,,,,,,,,1.0,1.0,1.0,1.0,1.0,1.0,6,3,4,3,2,5,6,5,3,2,62.0,55.0,60.0,58.0,65.0,60.0,70.0,55.0,50.0,48.0,1,1,2,1,1,2,2,2,1,2,1,2,1,2,1,1,2,1,2,2,1,2,1,1,2,1,1,2,2,1,1,2,1,2,1,2,1,2,1,1
1787,5,5,5,5,5,5,5,5,1,1,,30.0,4.0,,,,,4.0,4.0,3.0,,5.0,1.0,50.0,,1.0,,,,,,,,2.0,5.0,6.0,,20.0,,2.0,,7.0,,1.0,,,5.0,1.0,1.0,1.0,1.0,1.0,1.0,1.0,1.0,1.0,1.0,,,,,,,6,3,2,2,2,5,6,6,3,2,70.0,65.0,70.0,80.0,80.0,80.0,85.0,70.0,30.0,30.0,2,1,2,1,2,1,1,1,1,1,1,2,1,2,2,1,2,2,2,1,1,1,2,2,2,1,1,1,2,2,2,1,1,2,2,1,2,1,2,1
1561,5,5,5,5,5,5,5,5,2,2,,30.0,4.0,,3.0,4.0,6.0,,,,5.0,,,,2.0,,2.0,,,,,,,2.0,4.0,5.0,,,2.0,,,,3.0,,2.0,,4.0,1.0,1.0,1.0,1.0,1.0,1.0,1.0,1.0,1.0,1.0,,,,,,,7,3,2,2,2,4,6,6,3,1,65.0,60.0,60.0,70.0,70.0,65.0,80.0,60.0,40.0,35.0,2,1,2,1,1,2,2,2,2,1,2,1,2,2,1,1,2,2,1,2,2,1,1,1,2,2,2,1,1,1,2,2,2,2,1,1,2,2,2,2
1412,5,5,5,5,5,5,5,5,2,2,70.0,,4.0,,3.0,4.0,5.0,,,,5.0,,,,2.0,1.0,,,,,4.0,5.0,5.0,,,,,20.0,,2.0,5.0,,,1.0,,5.0,,1.0,1.0,1.0,1.0,1.0,1.0,1.0,1.0,1.0,1.0,,,,,,,6,2,2,3,3,5,6,6,3,1,60.0,55.0,60.0,70.0,70.0,65.0,80.0,60.0,40.0,35.0,2,2,1,1,2,2,1,2,2,1,2,1,2,2,2,2,2,2,2,2,1,2,2,2,1,1,2,2,2,1,1,1,2,1,1,2,2,1,2,2
387,4,4,4,4,4,4,5,4,2,2,,30.0,,1.0,3.0,4.0,6.0,,,,,5.0,1.0,40.0,,,2.0,1.0,4.0,5.0,,,,,,,5.0,,,2.0,,6.0,,1.0,,,4.0,1.0,1.0,1.0,1.0,1.0,1.0,1.0,1.0,1.0,1.0,,,,,,,6,3,3,3,3,4,6,5,3,2,60.0,55.0,60.0,65.0,70.0,60.0,75.0,55.0,50.0,45.0,2,2,1,2,2,2,1,1,2,1,2,2,2,1,2,2,1,1,1,2,2,1,2,2,1,1,1,1,2,1,2,1,2,2,1,1,2,1,1,1
161,2,3,2,2,2,2,2,2,1,2,70.0,,,1.0,3.0,4.0,6.0,,,,,5.0,,,2.0,,2.0,1.0,2.0,2.0,,,,,,,,,2.0,,3.0,,,1.0,,2.0,,,,,,,,,,,,1.0,1.0,1.0,1.0,1.0,1.0,6,2,2,2,2,4,6,6,1,1,30.0,25.0,20.0,20.0,20.0,20.0,20.0,20.0,40.0,30.0,2,1,2,2,2,2,2,2,2,1,1,2,2,2,2,2,2,2,2,2,2,2,2,2,1,2,2,2,1,1,2,2,2,2,2,2,2,2,2,1
860,5,5,5,5,5,5,5,5,1,1,70.0,,,1.0,,,,3.0,4.0,5.0,,6.0,1.0,50.0,,1.0,,,,,1.0,5.0,6.0,,,,,,,2.0,,,3.0,,1.0,,5.0,1.0,1.0,1.0,1.0,1.0,1.0,1.0,1.0,1.0,1.0,,,,,,,6,3,2,2,2,5,6,6,3,2,60.0,55.0,60.0,65.0,70.0,60.0,75.0,60.0,40.0,35.0,2,1,2,2,2,2,1,2,2,2,2,2,2,1,2,1,2,2,2,1,2,2,2,1,2,1,1,2,1,2,1,1,2,2,1,2,2,1,1,2
913,5,5,5,5,5,5,5,5,1,1,70.0,,4.0,,,,,4.0,4.0,3.0,,5.0,,,2.0,1.0,,2.0,4.0,5.0,,,,,,,,,1.0,,,6.0,,1.0,,5.0,,,,,,,,,,,,1.0,1.0,1.0,1.0,1.0,1.0,6,2,3,3,2,5,6,6,3,2,62.0,54.0,58.0,70.0,68.0,65.0,77.0,60.0,38.0,41.0,1,2,2,2,1,1,2,2,1,2,2,2,2,2,2,2,2,2,2,1,1,1,2,1,2,1,2,2,2,2,1,1,1,1,1,2,1,1,1,1
1029,4,4,4,5,5,5,5,4,2,2,70.0,,,1.0,,,,4.0,3.0,2.0,,5.0,,,2.0,1.0,,2.0,4.0,4.0,,,,,,,,18.0,,2.0,,,3.0,,2.0,4.0,,,,,,,,,,,,1.0,1.0,1.0,1.0,1.0,1.0,6,3,4,3,3,5,6,6,3,2,62.0,55.0,60.0,68.0,70.0,65.0,75.0,60.0,50.0,48.0,2,2,1,1,2,1,2,1,2,1,2,2,2,1,2,2,1,2,1,2,1,1,1,1,1,2,2,1,2,1,2,1,2,2,2,1,1,2,1,2
1746,5,5,5,5,5,5,5,5,1,1,70.0,,,1.0,,,,4.0,4.0,4.0,6.0,,,,2.0,1.0,,1.0,5.0,6.0,,,,,,,,,1.0,,,,3.0,1.0,,6.0,,,,,,,,,,,,1.0,1.0,1.0,1.0,1.0,1.0,7,2,2,2,2,5,7,7,4,2,70.0,65.0,60.0,70.0,70.0,65.0,80.0,70.0,20.0,20.0,2,2,1,2,2,2,1,1,1,2,1,2,1,1,2,2,2,2,2,2,1,2,1,2,1,2,2,2,1,2,2,2,1,1,1,2,1,2,2,1
1635,2,3,2,2,2,2,2,2,1,2,,90.0,1.0,,3.0,4.0,6.0,,,,,5.0,1.0,54.0,,,2.0,1.0,2.0,2.0,,,,,,,20.0,,2.0,,,,1.0,1.0,,1.0,,1.0,1.0,1.0,1.0,1.0,1.0,1.0,1.0,1.0,1.0,,,,,,,6,2,2,2,2,5,6,6,1,1,30.0,20.0,20.0,20.0,20.0,20.0,20.0,20.0,40.0,20.0,2,2,2,2,2,2,2,2,2,2,2,2,2,2,2,2,2,2,2,2,2,2,2,2,2,2,2,2,2,2,2,2,2,2,2,2,2,2,2,2
429,5,5,5,5,5,5,5,5,1,1,70.0,,4.0,,,,,3.0,4.0,2.0,5.0,,,,2.0,,2.0,1.0,5.0,6.0,,,,,,,,,,2.0,4.0,,,1.0,,5.0,,,,,,,,,,,,1.0,1.0,1.0,1.0,1.0,1.0,6,3,2,2,3,5,6,6,3,2,62.0,55.0,60.0,68.0,70.0,65.0,80.0,60.0,40.0,35.0,2,2,2,2,2,2,1,1,2,1,2,2,2,1,1,2,2,2,1,2,2,2,1,2,1,1,2,2,2,2,1,1,1,1,1,2,2,2,1,2
346,4,4,4,4,4,4,4,4,2,2,,30.0,4.0,,3.0,3.0,6.0,,,,5.0,,1.0,40.0,,1.0,,2.0,4.0,5.0,,,,,,,20.0,,,2.0,5.0,,,,2.0,,4.0,,,,,,,,,,,1.0,1.0,1.0,1.0,1.0,1.0,6,2,2,2,2,5,6,6,3,2,60.0,55.0,60.0,65.0,65.0,60.0,70.0,60.0,55.0,50.0,2,2,2,2,1,2,2,2,2,1,2,1,1,2,2,2,2,1,2,2,2,1,2,2,1,2,2,1,2,1,2,2,2,2,2,2,2,2,1,2
235,4,4,4,4,4,4,5,4,2,2,70.0,,,1.0,,,,4.0,4.0,3.0,,5.0,,,2.0,1.0,,,,,,,,3.0,4.0,5.0,2.0,,,2.0,,7.0,,,2.0,,4.0,,,,,,,,,,,1.0,1.0,1.0,1.0,1.0,1.0,6,3,4,3,3,5,6,5,3,2,62.0,54.0,58.0,60.0,65.0,60.0,70.0,55.0,40.0,38.0,1,2,2,2,1,2,1,2,1,2,2,1,1,2,2,2,2,1,1,2,1,1,2,1,1,1,2,2,1,1,2,2,2,2,1,2,2,1,1,2
3,4,4,4,3,4,3,4,3,2,2,70.0,,,1.0,3.0,4.0,6.0,,,,,5.0,1.0,25.0,,1.0,,,,,1.0,4.0,5.0,,,,18.0,,1.0,,,5.0,,,1.0,,4.0,,,,,,,,,,,1.0,1.0,1.0,1.0,1.0,1.0,6,3,3,3,2,5,6,6,3,2,55.0,50.0,50.0,60.0,60.0,55.0,65.0,50.0,45.0,40.0,1,2,1,1,2,1,1,2,2,1,1,1,2,1,2,1,1,2,1,2,2,2,2,2,2,2,2,2,2,1,2,2,1,2,1,2,2,1,2,1
2046,5,5,5,5,5,5,5,5,2,2,,30.0,4.0,,3.0,4.0,6.0,,,,,5.0,1.0,45.0,,1.0,,4.0,5.0,5.0,,,,,,,2.0,,,2.0,5.0,,,,2.0,,4.0,,,,,,,,,,,1.0,1.0,1.0,1.0,1.0,1.0,6,2,4,3,2,4,6,5,3,2,65.0,55.0,60.0,70.0,75.0,70.0,80.0,60.0,40.0,35.0,2,2,1,2,1,2,2,2,2,2,2,2,1,1,2,2,2,2,2,1,1,1,1,1,2,2,2,2,1,2,2,2,2,2,2,2,1,2,1,1
37,5,5,5,5,5,5,5,5,1,1,,30.0,4.0,,,,,4.0,4.0,3.0,,5.0,1.0,50.0,,1.0,,1.0,4.0,4.0,,,,,,,,,,2.0,,7.0,,1.0,,,4.0,1.0,1.0,1.0,1.0,1.0,1.0,1.0,1.0,1.0,1.0,,,,,,,6,3,3,3,3,5,6,6,3,2,60.0,55.0,60.0,70.0,70.0,65.0,80.0,60.0,40.0,35.0,2,2,2,2,2,2,2,2,2,2,1,1,2,2,2,1,2,2,1,2,1,2,2,1,2,2,1,1,2,2,1,2,2,2,2,2,2,1,2,1
1928,4,4,4,4,4,4,5,4,2,2,70.0,,,1.0,3.0,4.0,6.0,,,,,5.0,,,2.0,,2.0,,,,,,,2.0,4.0,6.0,20.0,,,2.0,5.0,,,,1.0,5.0,,1.0,1.0,1.0,1.0,1.0,1.0,1.0,1.0,1.0,1.0,,,,,,,6,3,2,2,2,4,6,6,3,2,60.0,55.0,60.0,65.0,70.0,65.0,80.0,60.0,40.0,35.0,1,2,2,2,1,2,2,1,2,2,1,2,1,2,2,2,2,2,2,2,1,1,1,1,1,2,2,1,1,2,2,1,1,1,2,1,2,2,2,2
1733,2,3,2,2,2,2,2,2,4,2,,30.0,,1.0,,,,3.0,4.0,3.0,5.0,,1.0,30.0,,,2.0,,,,,,,1.0,2.0,3.0,,,,2.0,3.0,,,1.0,,,2.0,1.0,1.0,1.0,1.0,1.0,1.0,1.0,1.0,1.0,1.0,,,,,,,6,2,2,2,3,6,6,6,2,1,40.0,35.0,30.0,30.0,30.0,30.0,30.0,30.0,40.0,30.0,2,2,2,2,1,2,1,2,2,2,1,2,2,2,2,2,2,1,2,2,1,1,2,1,2,2,2,1,2,1,2,2,2,2,2,2,2,2,2,2
1640,5,5,5,5,5,5,5,5,1,1,,30.0,4.0,,,,,4.0,4.0,3.0,5.0,,1.0,50.0,,,2.0,,,,,,,2.0,5.0,6.0,,20.0,1.0,,,6.0,,1.0,,4.0,,1.0,1.0,1.0,1.0,1.0,1.0,1.0,1.0,1.0,1.0,,,,,,,6,3,2,2,2,5,6,6,3,1,60.0,55.0,60.0,70.0,75.0,65.0,80.0,60.0,40.0,35.0,2,2,2,2,1,1,1,1,1,2,2,2,1,2,1,2,1,1,1,2,2,1,2,1,2,1,2,1,1,2,1,2,1,2,2,2,2,1,2,2
333,4,4,4,4,4,4,4,4,2,2,70.0,,4.0,,,,,4.0,5.0,3.0,5.0,,,,2.0,,2.0,2.0,4.0,5.0,,,,,,,18.0,,,2.0,,,3.0,1.0,,,4.0,,,,,,,,,,,1.0,1.0,1.0,1.0,1.0,1.0,6,3,3,3,3,5,6,6,3,2,62.0,55.0,60.0,65.0,68.0,60.0,70.0,58.0,52.0,48.0,1,2,2,2,1,2,2,2,2,2,2,1,2,2,2,1,2,1,1,1,1,1,2,2,1,1,1,2,2,1,1,1,2,1,2,1,2,2,2,1
240,4,4,4,4,4,4,4,4,2,2,,30.0,4.0,,,,,3.0,3.0,4.0,,5.0,,,2.0,1.0,,,,,,,,2.0,4.0,5.0,,12.0,1.0,,,6.0,,1.0,,,4.0,1.0,1.0,1.0,1.0,1.0,1.0,1.0,1.0,1.0,1.0,,,,,,,6,3,3,3,2,5,6,6,3,2,60.0,55.0,60.0,65.0,65.0,60.0,70.0,60.0,55.0,50.0,2,2,2,2,1,1,1,2,2,2,1,2,2,2,2,2,1,2,1,1,1,1,2,2,2,2,1,2,2,2,1,2,1,2,1,1,2,2,2,2
42,4,4,4,4,4,4,5,4,2,2,,30.0,,1.0,,,,3.0,4.0,5.0,5.0,,1.0,54.0,,1.0,,1.0,4.0,4.0,,,,,,,,,1.0,,4.0,,,,1.0,4.0,,,,,,,,,,,,1.0,1.0,1.0,1.0,1.0,1.0,6,3,4,3,2,5,6,5,3,2,60.0,55.0,60.0,65.0,70.0,60.0,80.0,60.0,40.0,35.0,1,1,1,1,2,1,1,2,1,2,2,1,2,1,2,1,2,2,2,1,1,1,1,1,1,2,2,2,1,2,2,2,2,2,2,2,2,1,1,2
2033,5,4,5,5,5,5,5,5,2,2,70.0,,4.0,,3.0,3.0,5.0,,,,,5.0,,,2.0,1.0,,,,,,,,2.0,4.0,5.0,,,1.0,,,7.0,,1.0,,4.0,,,,,,,,,,,,1.0,1.0,1.0,1.0,1.0,1.0,6,3,3,3,2,4,6,5,3,2,62.0,55.0,60.0,70.0,75.0,65.0,80.0,60.0,40.0,35.0,2,2,2,1,1,1,2,1,2,1,2,1,2,2,1,2,2,2,2,1,2,2,1,1,1,1,1,1,1,1,2,1,1,1,1,1,2,1,2,1
1514,2,3,2,2,2,2,2,2,4,3,70.0,,,1.0,,,,3.0,4.0,2.0,5.0,,1.0,50.0,,1.0,,2.0,2.0,3.0,,,,,,,20.0,,2.0,,,,2.0,,1.0,,3.0,1.0,1.0,1.0,1.0,1.0,1.0,1.0,1.0,1.0,1.0,,,,,,,6,2,2,2,2,5,6,6,2,2,40.0,35.0,30.0,30.0,30.0,25.0,30.0,25.0,40.0,30.0,2,2,2,1,2,1,1,2,1,1,1,2,2,2,1,2,2,1,1,1,1,1,2,2,1,2,1,1,2,2,1,1,2,1,2,2,2,1,2,1
1467,2,3,2,2,3,2,4,3,4,3,,30.0,4.0,,2.0,3.0,5.0,,,,5.0,,,,2.0,,2.0,1.0,3.0,4.0,,,,,,,,,,2.0,,,3.0,,2.0,,3.0,1.0,1.0,1.0,1.0,1.0,1.0,1.0,1.0,1.0,1.0,,,,,,,6,3,3,3,2,5,6,5,3,2,55.0,48.0,45.0,50.0,55.0,50.0,60.0,45.0,60.0,40.0,2,1,2,1,1,1,2,2,2,1,2,2,2,2,1,2,2,2,2,1,2,2,2,1,1,2,2,2,2,2,2,1,2,2,1,1,2,2,2,2
1308,4,4,4,5,5,5,5,5,2,2,70.0,,,1.0,,,,3.0,4.0,3.0,,5.0,,,2.0,,2.0,,,,,,,1.0,4.0,4.0,,20.0,,2.0,,,3.0,,1.0,,5.0,,,,,,,,,,,1.0,1.0,1.0,1.0,1.0,1.0,6,2,3,3,2,5,6,6,3,2,55.0,48.0,52.0,60.0,65.0,62.0,70.0,58.0,45.0,40.0,2,1,1,1,2,2,2,1,1,2,2,2,1,2,1,1,2,1,1,2,1,1,2,2,2,1,2,2,2,1,2,2,1,1,1,2,1,2,1,1
1681,4,4,4,5,5,5,5,5,2,2,,30.0,4.0,,,,,4.0,5.0,3.0,5.0,,1.0,54.0,,1.0,,,,,3.0,4.0,4.0,,,,,15.0,1.0,,,,1.0,,2.0,4.0,,1.0,1.0,1.0,1.0,1.0,1.0,1.0,1.0,1.0,1.0,,,,,,,6,3,4,4,3,5,6,6,3,2,60.0,55.0,60.0,70.0,70.0,65.0,80.0,60.0,50.0,45.0,1,2,1,1,2,2,1,2,2,2,1,1,1,1,1,2,1,1,2,1,2,2,1,1,2,2,1,2,2,1,1,2,1,2,2,1,2,1,2,2
114,5,5,5,5,5,5,5,5,1,1,,30.0,4.0,,3.0,4.0,6.0,,,,,5.0,1.0,50.0,,1.0,,3.0,4.0,5.0,,,,,,,,20.0,,2.0,,7.0,,,2.0,4.0,,,,,,,,,,,,1.0,1.0,1.0,1.0,1.0,1.0,6,3,4,3,2,5,6,5,3,2,65.0,55.0,60.0,70.0,70.0,65.0,80.0,60.0,40.0,35.0,2,2,2,1,1,2,2,1,1,2,2,1,2,2,1,1,2,2,1,2,1,1,2,2,1,1,2,2,2,1,1,2,2,2,2,1,1,2,2,1
708,2,2,2,1,2,1,2,1,1,1,70.0,,1.0,,,,,3.0,4.0,2.0,,5.0,1.0,20.0,,,2.0,1.0,2.0,2.0,,,,,,,20.0,,,2.0,,,1.0,,1.0,1.0,,1.0,1.0,1.0,1.0,1.0,1.0,1.0,1.0,1.0,1.0,,,,,,,6,2,2,2,2,5,6,6,1,1,30.0,20.0,20.0,10.0,20.0,10.0,20.0,10.0,40.0,10.0,2,2,2,2,2,2,2,2,2,2,2,2,2,2,2,2,2,2,2,2,2,2,2,2,2,2,2,2,2,2,2,2,2,2,2,2,2,2,2,2
281,4,4,4,4,4,4,4,4,2,2,,30.0,1.0,,,,,3.0,3.0,3.0,3.0,,1.0,20.0,,,2.0,,,,,,,2.0,4.0,4.0,5.0,,,2.0,3.0,,,1.0,,,4.0,,,,,,,,,,,1.0,1.0,1.0,1.0,1.0,1.0,6,3,3,3,3,4,5,5,3,2,40.0,35.0,35.0,40.0,40.0,35.0,40.0,30.0,30.0,30.0,2,1,1,1,2,2,1,1,1,2,1,1,1,2,2,2,1,2,1,2,2,2,2,1,2,2,1,2,1,2,1,2,2,2,2,2,1,1,2,1
815,5,4,4,4,5,5,5,5,2,2,70.0,,,1.0,3.0,4.0,6.0,,,,,5.0,,,2.0,,2.0,,,,,,,1.0,5.0,6.0,,,,2.0,,10.0,,,1.0,5.0,,1.0,1.0,1.0,1.0,1.0,1.0,1.0,1.0,1.0,1.0,,,,,,,6,3,4,4,2,5,6,6,3,2,60.0,55.0,60.0,65.0,70.0,65.0,80.0,60.0,40.0,35.0,2,2,2,1,1,1,2,2,2,1,1,2,2,1,2,1,1,2,2,1,2,1,2,2,1,2,1,2,1,1,2,2,1,1,2,1,2,2,2,1
966,2,2,2,2,2,2,2,2,1,2,,30.0,,1.0,3.0,4.0,6.0,,,,,5.0,,,2.0,1.0,,,,,,,,1.0,2.0,3.0,2.0,,2.0,,3.0,,,1.0,,,3.0,1.0,1.0,1.0,1.0,1.0,1.0,1.0,1.0,1.0,1.0,,,,,,,6,2,2,2,2,4,6,6,2,2,35.0,30.0,30.0,25.0,30.0,20.0,30.0,20.0,60.0,40.0,2,2,2,2,1,1,1,2,2,1,2,2,1,1,1,1,1,2,2,1,2,1,1,2,1,2,1,1,2,2,1,2,2,1,2,2,1,2,1,1
83,2,4,2,2,2,2,4,2,4,2,,30.0,,1.0,2.0,4.0,6.0,,,,5.0,,,,2.0,,2.0,,,,,,,1.0,4.0,5.0,,,1.0,,,6.0,,1.0,,4.0,,,,,,,,,,,,1.0,1.0,1.0,1.0,1.0,1.0,6,2,4,3,2,5,6,5,3,2,55.0,45.0,50.0,40.0,45.0,40.0,60.0,35.0,60.0,35.0,1,2,2,1,1,1,1,1,2,1,1,1,1,2,1,2,2,1,1,1,1,2,2,1,1,1,1,1,1,2,2,2,1,1,1,2,2,1,2,2
1173,4,4,4,4,4,4,4,4,2,2,70.0,,,1.0,,,,3.0,4.0,3.0,5.0,,,,2.0,1.0,,,,,,,,2.0,4.0,4.0,20.0,,,2.0,,6.0,,1.0,,4.0,,1.0,1.0,1.0,1.0,1.0,1.0,1.0,1.0,1.0,1.0,,,,,,,6,3,3,3,3,5,6,6,3,2,60.0,55.0,60.0,65.0,65.0,60.0,70.0,60.0,50.0,45.0,2,2,1,1,2,2,2,1,2,2,2,2,1,1,2,1,2,1,2,1,2,1,1,2,2,1,1,1,2,2,1,2,2,2,1,2,2,1,2,1
1000,4,4,4,4,4,4,4,4,2,2,,30.0,,1.0,,,,3.0,4.0,3.0,,5.0,1.0,40.0,,1.0,,,,,3.0,4.0,4.0,,,,,20.0,,2.0,5.0,,,,2.0,,4.0,,,,,,,,,,,1.0,1.0,1.0,1.0,1.0,1.0,6,3,2,2,2,4,6,6,3,2,60.0,55.0,50.0,60.0,65.0,60.0,70.0,55.0,40.0,35.0,2,2,2,2,2,2,2,1,2,1,2,2,1,2,1,2,2,1,2,2,2,2,2,2,2,2,2,2,2,2,2,1,2,1,1,2,1,1,2,1
1589,4,4,4,3,4,3,5,4,2,2,,30.0,4.0,,2.0,3.0,5.0,,,,5.0,,,,2.0,1.0,,1.0,4.0,5.0,,,,,,,20.0,,1.0,,4.0,,,1.0,,4.0,,,,,,,,,,,,1.0,1.0,1.0,1.0,1.0,1.0,6,3,4,3,3,5,6,5,3,2,60.0,55.0,50.0,55.0,60.0,55.0,70.0,60.0,45.0,40.0,2,1,2,1,2,2,2,2,2,2,1,2,2,2,2,2,2,2,2,2,2,2,2,2,2,2,2,1,1,2,1,1,1,2,2,2,2,1,2,2
1395,4,4,4,4,4,4,5,4,2,2,,30.0,4.0,,3.0,4.0,6.0,,,,5.0,,1.0,40.0,,,2.0,,,,2.0,4.0,5.0,,,,,20.0,,2.0,,,2.0,1.0,,,4.0,,,,,,,,,,,1.0,1.0,1.0,1.0,1.0,1.0,6,3,3,3,2,5,6,6,3,2,60.0,55.0,60.0,65.0,65.0,60.0,70.0,55.0,50.0,45.0,2,2,2,2,2,2,2,2,2,1,2,2,1,2,1,1,1,2,1,1,1,1,2,2,1,1,1,1,2,2,2,2,2,2,1,1,1,2,1,1
573,5,4,5,4,5,5,5,5,2,2,70.0,,3.0,,3.0,4.0,5.0,,,,,5.0,1.0,54.0,,,2.0,1.0,4.0,4.0,,,,,,,,,,2.0,,,3.0,1.0,,,4.0,1.0,1.0,1.0,1.0,1.0,1.0,1.0,1.0,1.0,1.0,,,,,,,6,3,3,3,2,5,6,6,3,2,60.0,55.0,60.0,65.0,65.0,60.0,70.0,60.0,50.0,45.0,2,2,2,1,2,2,2,1,2,2,2,1,2,1,2,2,1,2,2,2,2,1,1,2,1,2,1,2,2,2,1,1,1,1,2,2,2,1,2,2
400,5,5,5,5,5,5,5,5,1,1,,30.0,,1.0,,,,4.0,4.0,3.0,5.0,,1.0,54.0,,,2.0,,,,2.0,4.0,5.0,,,,,20.0,,2.0,5.0,,,,2.0,5.0,,1.0,1.0,1.0,1.0,1.0,1.0,1.0,1.0,1.0,1.0,,,,,,,6,3,3,3,3,5,6,6,3,2,60.0,55.0,60.0,70.0,70.0,65.0,80.0,60.0,40.0,45.0,1,2,2,2,2,2,1,2,2,2,2,2,2,2,2,2,2,1,2,2,2,1,2,2,1,2,2,1,2,2,2,2,2,1,2,1,1,2,2,2
189,4,4,4,4,4,4,5,4,2,2,70.0,,,1.0,3.0,4.0,6.0,,,,5.0,,1.0,30.0,,1.0,,2.0,4.0,5.0,,,,,,,,,,2.0,5.0,,,1.0,,,4.0,1.0,1.0,1.0,1.0,1.0,1.0,1.0,1.0,1.0,1.0,,,,,,,6,3,4,4,2,5,6,6,3,2,60.0,55.0,60.0,65.0,65.0,60.0,70.0,60.0,55.0,50.0,2,1,2,2,1,2,2,1,1,2,2,1,2,2,1,1,2,1,1,2,2,1,2,2,1,2,1,1,1,1,1,2,2,1,1,1,1,1,1,1
795,5,5,5,5,5,5,5,5,1,1,70.0,,,1.0,,,,4.0,4.0,3.0,5.0,,,,2.0,1.0,,2.0,4.0,4.0,,,,,,,18.0,,,2.0,,,3.0,,2.0,,5.0,,,,,,,,,,,1.0,1.0,1.0,1.0,1.0,1.0,6,2,3,2,2,5,6,5,3,2,62.0,55.0,60.0,68.0,70.0,65.0,75.0,60.0,40.0,38.0,2,2,2,2,1,1,2,1,1,1,2,1,2,1,1,2,1,2,2,2,1,2,1,2,2,2,1,2,2,2,1,2,1,2,2,2,2,2,1,2
888,5,5,5,5,5,5,5,5,1,1,70.0,,4.0,,3.0,4.0,6.0,,,,,5.0,,,2.0,1.0,,,,,2.0,5.0,6.0,,,,,,,2.0,4.0,,,1.0,,5.0,,1.0,1.0,1.0,1.0,1.0,1.0,1.0,1.0,1.0,1.0,,,,,,,6,3,2,2,3,5,6,6,3,2,60.0,55.0,60.0,70.0,70.0,65.0,80.0,60.0,30.0,30.0,2,2,2,2,2,1,1,2,2,2,2,2,2,2,2,1,1,2,1,1,2,1,2,2,1,1,1,2,2,1,2,2,2,2,1,2,1,1,2,2
1872,4,4,4,4,4,4,4,4,2,2,,30.0,,1.0,3.0,4.0,6.0,,,,,5.0,,,2.0,,2.0,,,,,,,1.0,4.0,5.0,,,,2.0,5.0,,,1.0,,,4.0,,,,,,,,,,,1.0,1.0,1.0,1.0,1.0,1.0,6,3,3,3,3,5,6,6,3,2,62.0,54.0,58.0,60.0,65.0,60.0,70.0,55.0,48.0,45.0,2,2,2,2,1,2,2,2,1,2,1,1,2,2,2,2,2,2,2,2,1,2,1,2,1,1,1,2,2,1,2,1,2,1,2,1,1,2,1,2
1901,1,2,2,1,2,1,2,1,5,4,70.0,,,1.0,,,,3.0,4.0,2.0,,5.0,,,2.0,1.0,,,,,,,,1.0,2.0,3.0,,,1.0,,3.0,,,1.0,,2.0,,,,,,,,,,,,1.0,1.0,1.0,1.0,1.0,1.0,6,2,2,2,2,5,6,6,1,1,30.0,25.0,20.0,10.0,15.0,10.0,20.0,10.0,60.0,40.0,1,2,1,1,2,1,1,2,1,2,2,1,1,2,2,2,1,1,2,1,2,1,2,2,2,1,2,2,2,1,1,1,1,2,1,2,2,2,1,2
1354,2,3,2,2,3,2,3,2,4,3,,30.0,,1.0,3.0,4.0,6.0,,,,,5.0,,,2.0,1.0,,,,,,,,1.0,2.0,4.0,2.0,,1.0,,,,3.0,,1.0,3.0,,1.0,1.0,1.0,1.0,1.0,1.0,1.0,1.0,1.0,1.0,,,,,,,6,3,2,2,3,5,6,6,3,2,40.0,35.0,30.0,25.0,30.0,25.0,35.0,20.0,40.0,25.0,1,2,2,2,2,2,2,2,2,2,2,1,1,2,2,2,1,1,2,2,2,2,1,2,2,2,1,2,1,2,1,2,1,2,1,2,2,2,2,1
1227,2,3,2,1,2,2,4,2,4,2,70.0,,1.0,,,,,3.0,4.0,2.0,,5.0,,,2.0,,2.0,1.0,2.0,4.0,,,,,,,,,,2.0,,,2.0,1.0,,3.0,,1.0,1.0,1.0,1.0,1.0,1.0,1.0,1.0,1.0,1.0,,,,,,,6,2,2,2,2,5,6,6,2,1,45.0,35.0,40.0,30.0,35.0,30.0,50.0,35.0,60.0,30.0,2,1,1,2,2,2,2,2,2,1,2,1,1,1,2,1,1,1,2,1,1,2,2,1,2,1,1,2,2,2,2,2,1,2,2,1,2,1,2,2
1548,5,5,5,5,5,5,5,5,1,1,,30.0,4.0,,3.0,4.0,6.0,,,,,6.0,,,1.0,1.0,,,,,,,,1.0,5.0,6.0,,20.0,,2.0,,7.0,,1.0,,,5.0,,,,,,,,,,,1.0,1.0,1.0,1.0,1.0,1.0,6,2,2,2,2,5,6,6,3,2,60.0,55.0,60.0,70.0,70.0,65.0,80.0,60.0,40.0,35.0,2,2,2,1,1,2,1,1,2,2,1,2,1,1,2,2,2,1,1,1,2,1,1,2,2,1,1,1,1,2,1,2,2,1,1,1,2,1,1,2
754,5,5,5,5,5,5,5,5,1,1,,30.0,4.0,,,,,3.0,4.0,2.0,5.0,,,,2.0,,2.0,,,,3.0,5.0,6.0,,,,,,,2.0,5.0,,,,1.0,5.0,,1.0,1.0,1.0,1.0,1.0,1.0,1.0,1.0,1.0,1.0,,,,,,,6,2,2,2,2,5,6,6,3,1,60.0,55.0,60.0,70.0,70.0,65.0,80.0,60.0,40.0,35.0,2,1,1,2,1,1,1,1,1,2,1,2,1,1,2,1,2,2,1,2,2,1,1,2,1,2,1,2,1,1,2,2,1,1,2,2,1,1,1,2
627,1,1,1,1,1,1,1,1,5,1,,30.0,,1.0,2.0,3.0,6.0,,,,,5.0,,,2.0,,2.0,1.0,1.0,1.0,,,,,,,,,,2.0,,,1.0,,2.0,,1.0,,,,,,,,,,,1.0,1.0,1.0,1.0,1.0,1.0,6,3,2,2,2,5,6,6,1,1,30.0,25.0,25.0,20.0,20.0,15.0,20.0,10.0,60.0,10.0,2,2,2,2,2,2,2,2,2,2,2,2,2,2,2,2,2,2,2,2,2,2,2,2,2,2,2,2,2,2,2,2,2,2,2,2,2,2,2,2
148,2,3,2,2,3,2,4,2,4,3,70.0,,3.0,,,,,4.0,5.0,3.0,,5.0,1.0,54.0,,,2.0,2.0,3.0,4.0,,,,,,,20.0,,1.0,,,7.0,,1.0,,3.0,,,,,,,,,,,,1.0,1.0,1.0,1.0,1.0,1.0,6,3,4,3,3,5,6,5,3,2,55.0,48.0,52.0,40.0,45.0,38.0,60.0,35.0,65.0,30.0,2,1,2,1,2,1,2,2,1,2,2,1,1,2,2,1,2,1,1,1,1,1,1,2,1,1,2,1,2,1,2,1,2,2,2,2,1,2,1,2
849,5,5,5,5,5,5,5,5,1,1,70.0,,4.0,,3.0,4.0,6.0,,,,6.0,,1.0,54.0,,1.0,,,,,1.0,5.0,6.0,,,,,,,2.0,,,1.0,,1.0,,6.0,1.0,1.0,1.0,1.0,1.0,1.0,1.0,1.0,1.0,1.0,,,,,,,6,2,2,2,3,5,6,6,4,2,65.0,60.0,60.0,70.0,75.0,70.0,80.0,65.0,40.0,35.0,2,1,2,2,2,2,2,2,1,1,2,1,2,2,2,1,2,1,2,1,2,1,2,1,2,2,2,2,2,2,1,2,2,2,1,2,1,1,2,2
1321,2,2,2,2,2,2,4,2,4,2,70.0,,1.0,,3.0,4.0,6.0,,,,4.0,,1.0,20.0,,,2.0,,,,,,,1.0,2.0,4.0,20.0,,,2.0,,6.0,,1.0,,,4.0,,,,,,,,,,,1.0,1.0,1.0,1.0,1.0,1.0,6,2,2,2,2,5,6,6,3,2,40.0,35.0,30.0,30.0,35.0,30.0,40.0,30.0,50.0,30.0,2,2,1,1,1,1,1,1,1,2,1,1,2,1,2,2,1,2,2,2,1,2,2,2,2,2,1,1,2,1,2,2,2,1,1,2,1,1,1,2
1252,4,4,4,2,2,2,4,2,2,2,,30.0,4.0,,3.0,4.0,6.0,,,,5.0,,1.0,54.0,,,2.0,,,,2.0,4.0,4.0,,,,,5.0,1.0,,,7.0,,1.0,,4.0,,1.0,1.0,1.0,1.0,1.0,1.0,1.0,1.0,1.0,1.0,,,,,,,6,2,2,2,2,5,6,6,3,2,60.0,55.0,50.0,40.0,45.0,35.0,60.0,30.0,50.0,25.0,2,1,1,1,2,1,1,2,2,2,2,2,2,2,2,2,1,1,1,1,2,1,2,1,1,2,2,1,2,1,1,1,2,2,1,2,1,1,1,1
721,5,5,5,5,5,5,5,5,2,2,,30.0,,1.0,,,,3.0,4.0,5.0,,5.0,,,2.0,,2.0,,,,,,,2.0,5.0,6.0,,20.0,1.0,,5.0,,,1.0,,5.0,,,,,,,,,,,,1.0,1.0,1.0,1.0,1.0,1.0,6,3,3,3,2,5,6,6,3,2,65.0,60.0,60.0,70.0,75.0,65.0,80.0,70.0,40.0,35.0,1,2,2,2,2,2,1,2,2,1,1,1,2,2,1,2,1,1,1,1,2,1,2,2,1,1,1,2,2,1,1,1,2,2,1,1,2,1,2,2
652,4,4,4,5,5,5,5,5,2,2,70.0,,3.0,,4.0,3.0,5.0,,,,5.0,,1.0,54.0,,,2.0,,,,2.0,4.0,5.0,,,,,16.0,1.0,,,6.0,,,2.0,,5.0,1.0,1.0,1.0,1.0,1.0,1.0,1.0,1.0,1.0,1.0,,,,,,,6,3,2,2,2,5,6,6,3,2,62.0,55.0,60.0,70.0,75.0,68.0,80.0,65.0,40.0,35.0,2,1,2,2,2,1,1,1,2,1,1,2,1,1,2,2,2,2,2,1,1,2,2,1,2,1,1,1,2,1,2,2,2,2,2,2,1,2,2,2
1669,4,4,4,4,4,4,5,4,2,2,70.0,,,1.0,3.0,4.0,6.0,,,,5.0,,1.0,30.0,,,2.0,1.0,4.0,5.0,,,,,,,,,1.0,,,,3.0,,2.0,4.0,,1.0,1.0,1.0,1.0,1.0,1.0,1.0,1.0,1.0,1.0,,,,,,,6,3,2,2,2,4,6,6,3,1,60.0,55.0,60.0,65.0,70.0,60.0,75.0,60.0,40.0,35.0,2,1,1,2,2,2,2,2,1,2,2,2,2,2,2,1,2,2,2,2,2,2,1,1,1,1,1,2,2,2,2,2,1,1,1,1,1,2,2,2
1293,4,4,4,4,4,4,5,4,2,2,,30.0,1.0,,,,,4.0,4.0,3.0,5.0,,1.0,50.0,,1.0,,2.0,4.0,4.0,,,,,,,18.0,,,2.0,5.0,,,,1.0,,4.0,,,,,,,,,,,1.0,1.0,1.0,1.0,1.0,1.0,6,3,3,3,3,5,6,6,3,2,60.0,55.0,50.0,65.0,60.0,60.0,70.0,55.0,45.0,40.0,2,2,1,2,1,2,2,2,2,1,2,2,1,1,2,1,2,1,1,1,1,2,1,2,1,1,2,1,2,2,2,2,1,2,1,2,2,2,2,2
1106,2,3,2,2,2,2,2,2,1,1,,30.0,1.0,,,,,3.0,4.0,5.0,,5.0,1.0,50.0,,1.0,,,,,,,,1.0,2.0,4.0,,,2.0,,,,3.0,1.0,,,2.0,1.0,1.0,1.0,1.0,1.0,1.0,1.0,1.0,1.0,1.0,,,,,,,6,2,2,2,2,5,6,6,2,2,30.0,30.0,30.0,30.0,30.0,30.0,30.0,30.0,30.0,30.0,1,2,2,1,2,1,2,1,1,2,1,1,1,1,1,2,2,2,2,1,2,2,2,1,2,2,2,2,1,2,1,2,1,2,2,1,2,2,1,2
1075,4,4,4,4,4,4,5,4,2,2,70.0,,,1.0,,,,3.0,4.0,5.0,,5.0,1.0,40.0,,1.0,,,,,3.0,4.0,5.0,,,,5.0,,,2.0,,7.0,,,2.0,4.0,,,,,,,,,,,,1.0,1.0,1.0,1.0,1.0,1.0,6,3,2,3,3,5,6,6,3,2,55.0,50.0,50.0,60.0,60.0,55.0,65.0,50.0,45.0,40.0,1,1,1,1,1,2,1,1,2,1,1,2,2,1,1,1,1,2,2,2,1,1,1,2,2,2,1,2,2,1,1,2,2,2,2,2,2,2,2,2
269,4,4,4,4,4,4,4,4,2,2,70.0,,4.0,,3.0,4.0,6.0,,,,5.0,,1.0,30.0,,1.0,,2.0,4.0,4.0,,,,,,,,,1.0,,,5.0,,1.0,,4.0,,,,,,,,,,,,1.0,1.0,1.0,1.0,1.0,1.0,6,2,2,2,2,5,6,6,3,2,60.0,55.0,60.0,65.0,65.0,60.0,70.0,55.0,50.0,45.0,2,2,2,2,2,2,1,2,1,2,2,1,1,2,2,2,1,2,1,2,2,2,2,2,2,2,2,2,1,2,2,2,2,2,2,2,1,1,2,1
693,5,4,5,5,5,5,5,5,1,2,70.0,,,1.0,3.0,4.0,6.0,,,,,5.0,1.0,40.0,,1.0,,2.0,4.0,5.0,,,,,,,,16.0,1.0,,5.0,,,,1.0,4.0,,,,,,,,,,,,1.0,1.0,1.0,1.0,1.0,1.0,6,3,2,2,2,5,6,6,3,2,60.0,55.0,60.0,65.0,70.0,65.0,75.0,60.0,40.0,45.0,2,2,1,1,2,2,2,1,2,2,1,2,2,2,2,1,1,2,2,2,2,1,1,2,1,1,1,2,2,2,2,2,2,1,2,2,2,1,1,1
506,2,2,2,1,2,2,2,2,1,2,70.0,,,1.0,,,,2.0,3.0,4.0,,5.0,,,2.0,,2.0,,,,1.0,2.0,3.0,,,,,,,2.0,,,1.0,1.0,,,1.0,,,,,,,,,,,1.0,1.0,1.0,1.0,1.0,1.0,6,2,2,2,2,4,6,6,1,1,20.0,20.0,20.0,10.0,20.0,20.0,20.0,20.0,20.0,20.0,2,2,2,2,2,2,2,2,2,2,2,2,2,2,2,2,2,2,2,2,2,2,2,2,2,2,2,2,2,2,2,2,2,2,2,2,2,2,2,2
475,4,4,4,4,4,4,5,4,2,2,,30.0,,1.0,,,,3.0,4.0,2.0,,5.0,,,2.0,,2.0,1.0,4.0,5.0,,,,,,,,,1.0,,5.0,,,,1.0,,4.0,,,,,,,,,,,1.0,1.0,1.0,1.0,1.0,1.0,6,3,3,3,2,5,6,6,3,2,62.0,54.0,58.0,66.0,68.0,60.0,74.0,59.0,44.0,41.0,2,2,2,2,2,2,2,2,2,2,2,2,1,2,1,2,1,2,2,1,1,2,2,2,2,2,2,2,1,1,1,2,2,2,1,1,1,1,2,2
1807,4,4,4,4,4,4,5,4,2,2,70.0,,4.0,,3.0,4.0,6.0,,,,,5.0,,,2.0,,2.0,,,,2.0,4.0,5.0,,,,5.0,,1.0,,,,2.0,1.0,,,4.0,,,,,,,,,,,1.0,1.0,1.0,1.0,1.0,1.0,6,3,4,4,3,5,6,6,3,2,58.0,51.0,54.0,62.0,65.0,60.0,70.0,55.0,48.0,44.0,2,1,2,2,1,1,1,2,2,1,2,2,2,2,2,2,1,2,2,2,2,2,2,1,1,2,1,2,1,1,2,2,2,2,2,1,2,2,1,1
1974,4,4,4,4,4,4,5,4,2,2,70.0,,,1.0,3.0,4.0,6.0,,,,,5.0,1.0,50.0,,1.0,,,,,,,,2.0,4.0,6.0,,18.0,1.0,,,6.0,,,1.0,,4.0,,,,,,,,,,,1.0,1.0,1.0,1.0,1.0,1.0,6,3,4,3,3,5,6,5,3,2,60.0,55.0,60.0,65.0,70.0,60.0,75.0,60.0,50.0,45.0,2,2,1,2,1,1,2,2,2,2,2,2,2,1,2,2,2,2,2,2,1,2,2,1,2,1,2,2,2,1,2,2,1,1,1,2,1,2,2,1
836,5,5,5,5,5,5,5,5,1,1,,30.0,,1.0,2.0,3.0,6.0,,,,5.0,,1.0,50.0,,,2.0,,,,,,,1.0,5.0,6.0,,20.0,1.0,,,,3.0,1.0,,,5.0,1.0,1.0,1.0,1.0,1.0,1.0,1.0,1.0,1.0,1.0,,,,,,,7,3,2,2,2,5,7,7,3,1,65.0,60.0,60.0,70.0,75.0,70.0,80.0,60.0,40.0,35.0,2,1,2,2,2,2,1,1,1,1,2,2,2,2,2,2,2,2,2,2,2,2,2,1,2,2,2,1,2,2,1,2,2,1,1,2,2,2,2,2
945,5,5,5,5,5,5,5,5,1,1,,30.0,,1.0,,,,3.0,4.0,3.0,,5.0,1.0,50.0,,1.0,,,,,2.0,4.0,5.0,,,,18.0,,1.0,,,6.0,,,2.0,,5.0,1.0,1.0,1.0,1.0,1.0,1.0,1.0,1.0,1.0,1.0,,,,,,,6,3,2,2,2,5,6,6,3,2,60.0,55.0,60.0,65.0,70.0,65.0,75.0,60.0,40.0,35.0,2,2,1,2,1,1,2,2,1,2,2,1,2,2,1,2,2,2,1,1,2,1,2,2,2,2,1,1,1,2,2,1,2,2,1,1,2,1,2,1
1537,5,5,5,5,5,5,5,5,1,1,,30.0,3.0,,3.0,4.0,6.0,,,,,7.0,1.0,54.0,,,2.0,,,,1.0,5.0,6.0,,,,,,2.0,,,10.0,,1.0,,6.0,,1.0,1.0,1.0,1.0,1.0,1.0,1.0,1.0,1.0,1.0,,,,,,,6,2,2,2,2,5,7,7,3,2,70.0,65.0,70.0,80.0,80.0,80.0,90.0,80.0,30.0,30.0,2,2,2,2,2,2,2,2,2,2,2,1,1,1,2,2,2,2,2,1,1,2,2,2,2,2,2,1,2,1,2,2,2,2,1,2,2,1,2,2
1444,4,4,4,4,4,4,5,4,2,2,,30.0,,1.0,,,,3.0,4.0,4.0,5.0,,1.0,50.0,,1.0,,,,,2.0,4.0,5.0,,,,18.0,,,2.0,,,3.0,,2.0,4.0,,,,,,,,,,,,1.0,1.0,1.0,1.0,1.0,1.0,6,3,4,3,3,5,6,5,3,2,60.0,55.0,60.0,65.0,65.0,60.0,70.0,60.0,40.0,45.0,1,2,1,2,1,2,1,2,2,2,1,1,1,2,1,2,2,1,2,2,1,2,2,1,1,2,2,2,2,2,1,2,2,1,2,1,1,2,1,1
1258,2,3,2,2,2,2,2,2,1,1,,30.0,1.0,,3.0,4.0,6.0,,,,,5.0,1.0,40.0,,1.0,,,,,,,,2.0,2.0,3.0,2.0,,,2.0,,,1.0,1.0,,,2.0,1.0,1.0,1.0,1.0,1.0,1.0,1.0,1.0,1.0,1.0,,,,,,,6,2,3,3,2,4,6,5,2,2,30.0,25.0,30.0,30.0,30.0,30.0,30.0,30.0,30.0,30.0,1,2,1,2,2,1,1,2,1,2,2,2,1,2,2,1,2,2,1,1,1,1,2,2,1,2,2,1,2,2,2,2,1,2,1,2,2,1,2,1
137,5,5,5,5,5,5,5,5,2,2,70.0,,4.0,,3.0,4.0,6.0,,,,,5.0,1.0,54.0,,,2.0,2.0,5.0,6.0,,,,,,,,,1.0,,,,2.0,,2.0,5.0,,1.0,1.0,1.0,1.0,1.0,1.0,1.0,1.0,1.0,1.0,,,,,,,6,2,3,3,2,5,6,6,3,1,62.0,55.0,60.0,65.0,68.0,60.0,75.0,55.0,45.0,40.0,1,2,2,2,2,1,2,2,1,2,2,2,1,2,2,2,2,2,2,2,2,2,2,1,2,2,2,2,1,1,1,2,1,2,2,2,2,2,1,2
658,4,4,4,5,5,4,5,4,2,2,,30.0,,1.0,3.0,4.0,6.0,,,,,5.0,,,2.0,1.0,,2.0,4.0,5.0,,,,,,,2.0,,1.0,,,,2.0,1.0,,4.0,,1.0,1.0,1.0,1.0,1.0,1.0,1.0,1.0,1.0,1.0,,,,,,,6,3,4,3,3,5,6,5,3,2,60.0,55.0,58.0,65.0,70.0,60.0,75.0,55.0,40.0,35.0,2,2,2,2,2,2,2,2,2,2,2,2,2,2,1,1,1,2,1,2,2,2,1,2,2,2,2,2,1,2,2,2,1,2,1,1,2,2,2,1
984,5,5,5,5,5,5,5,5,2,2,70.0,,4.0,,,,,3.0,4.0,5.0,,5.0,,,2.0,1.0,,,,,3.0,5.0,6.0,,,,,20.0,,2.0,5.0,,,,2.0,,5.0,1.0,1.0,1.0,1.0,1.0,1.0,1.0,1.0,1.0,1.0,,,,,,,6,3,2,2,3,5,6,6,4,2,65.0,60.0,60.0,75.0,80.0,70.0,85.0,60.0,40.0,35.0,2,2,1,2,2,1,1,1,2,1,2,2,2,2,2,2,1,1,2,1,1,2,2,2,2,1,2,2,1,1,1,2,2,2,1,2,2,2,2,1
61,2,3,2,2,2,2,4,2,4,2,,30.0,,1.0,,,,3.0,4.0,3.0,5.0,,1.0,40.0,,1.0,,,,,,,,1.0,2.0,4.0,,,,2.0,,,3.0,1.0,,,3.0,1.0,1.0,1.0,1.0,1.0,1.0,1.0,1.0,1.0,1.0,,,,,,,6,2,3,3,4,5,6,6,2,1,40.0,35.0,30.0,30.0,30.0,30.0,40.0,30.0,50.0,30.0,1,2,2,2,2,1,2,2,2,2,2,2,1,1,1,1,2,2,1,2,2,2,1,1,2,2,1,1,2,1,2,1,2,1,1,2,2,1,1,1
2010,5,5,5,5,5,5,5,5,1,1,70.0,,,1.0,,,,3.0,3.0,3.0,,5.0,1.0,50.0,,,2.0,,,,1.0,5.0,6.0,,,,,,1.0,,,10.0,,1.0,,5.0,,,,,,,,,,,,1.0,1.0,1.0,1.0,1.0,1.0,6,2,2,2,2,5,6,6,3,2,60.0,55.0,60.0,70.0,75.0,65.0,80.0,60.0,30.0,25.0,2,2,2,2,2,2,2,2,1,1,2,2,2,2,1,2,1,2,2,2,2,2,2,2,2,2,2,2,2,2,2,2,2,2,2,1,2,2,2,2
1710,2,3,2,2,2,2,2,2,1,3,70.0,,1.0,,,,,3.0,4.0,2.0,,5.0,,,1.0,1.0,,,,,,,,1.0,2.0,4.0,,,2.0,,,9.0,,1.0,,2.0,,1.0,1.0,1.0,1.0,1.0,1.0,1.0,1.0,1.0,1.0,,,,,,,6,2,2,2,2,4,6,6,2,1,40.0,35.0,30.0,25.0,30.0,20.0,30.0,20.0,40.0,30.0,1,1,2,1,1,1,1,2,1,1,1,1,2,2,2,1,2,1,2,2,1,2,1,1,2,1,2,1,2,1,1,2,1,2,1,1,2,1,1,1
1299,5,5,5,5,5,5,5,5,2,2,70.0,,4.0,,3.0,4.0,6.0,,,,,5.0,,,2.0,,2.0,,,,3.0,4.0,5.0,,,,18.0,,1.0,,4.0,,,,2.0,,5.0,1.0,1.0,1.0,1.0,1.0,1.0,1.0,1.0,1.0,1.0,,,,,,,6,2,2,2,3,5,6,6,3,1,62.0,55.0,60.0,70.0,75.0,65.0,80.0,60.0,40.0,35.0,1,1,2,2,1,2,1,1,1,2,2,2,1,2,1,2,2,2,1,1,1,1,2,2,1,2,1,2,2,2,2,2,2,2,2,1,2,2,2,1
1663,5,5,5,5,5,5,5,5,2,2,,30.0,,1.0,3.0,4.0,6.0,,,,,5.0,1.0,50.0,,,2.0,2.0,4.0,5.0,,,,,,,,20.0,1.0,,3.0,,,1.0,,,5.0,,,,,,,,,,,1.0,1.0,1.0,1.0,1.0,1.0,6,3,3,3,2,5,6,6,3,2,60.0,55.0,60.0,70.0,70.0,65.0,80.0,60.0,40.0,35.0,1,1,2,2,1,2,2,2,2,2,2,1,2,1,2,2,1,1,2,1,1,1,2,2,2,2,2,2,2,2,1,2,2,1,1,1,2,1,2,2
1485,2,3,2,2,3,2,4,2,4,2,70.0,,,1.0,,,,3.0,4.0,2.0,,5.0,1.0,30.0,,,2.0,1.0,2.0,3.0,,,,,,,,,2.0,,3.0,,,,1.0,,3.0,1.0,1.0,1.0,1.0,1.0,1.0,1.0,1.0,1.0,1.0,,,,,,,6,2,2,2,2,5,6,6,2,1,30.0,25.0,20.0,30.0,35.0,20.0,40.0,15.0,50.0,20.0,2,2,1,2,2,2,2,1,1,2,2,1,2,2,1,1,1,1,2,2,1,2,2,1,1,2,2,1,2,2,2,1,2,1,2,1,1,2,1,2
310,5,5,5,5,5,5,5,5,2,2,,30.0,4.0,,2.0,3.0,6.0,,,,5.0,,,,2.0,1.0,,,,,3.0,4.0,5.0,,,,,20.0,1.0,,,,3.0,1.0,,,4.0,1.0,1.0,1.0,1.0,1.0,1.0,1.0,1.0,1.0,1.0,,,,,,,6,2,2,2,2,5,6,6,3,2,60.0,55.0,60.0,70.0,75.0,65.0,80.0,60.0,40.0,35.0,2,2,1,2,1,2,2,1,2,2,1,1,1,2,1,1,2,2,2,1,2,1,2,1,1,1,2,2,2,1,2,2,2,1,2,2,1,2,2,2
699,5,5,5,5,5,5,5,5,1,1,,30.0,4.0,,,,,4.0,4.0,3.0,5.0,,,,2.0,,2.0,2.0,5.0,6.0,,,,,,,20.0,,1.0,,,,1.0,1.0,,,5.0,,,,,,,,,,,1.0,1.0,1.0,1.0,1.0,1.0,6,3,2,2,2,5,6,6,3,2,65.0,60.0,60.0,70.0,75.0,70.0,80.0,60.0,30.0,35.0,1,1,2,2,1,2,1,1,1,2,2,1,2,2,2,2,2,1,2,1,2,2,2,2,2,1,2,2,2,1,2,2,1,2,1,2,1,2,2,2
263,2,3,2,2,2,2,4,2,4,2,70.0,,1.0,,2.0,2.0,6.0,,,,,5.0,,,1.0,1.0,,,,,1.0,2.0,2.0,,,,,,2.0,,,7.0,,,1.0,3.0,,1.0,1.0,1.0,1.0,1.0,1.0,1.0,1.0,1.0,1.0,,,,,,,6,2,2,2,2,5,6,6,2,1,30.0,25.0,25.0,20.0,20.0,20.0,20.0,20.0,40.0,20.0,1,2,1,2,1,1,2,2,1,2,2,2,2,2,1,2,2,1,2,1,2,2,2,1,2,1,2,2,2,1,2,2,2,2,2,2,2,2,2,2
882,5,4,5,5,5,5,5,5,2,2,70.0,,,1.0,3.0,4.0,6.0,,,,,5.0,1.0,45.0,,,2.0,4.0,4.0,5.0,,,,,,,,,,2.0,,,3.0,,2.0,4.0,,1.0,1.0,1.0,1.0,1.0,1.0,1.0,1.0,1.0,1.0,,,,,,,6,3,2,2,3,5,6,6,3,2,60.0,55.0,60.0,70.0,75.0,65.0,80.0,60.0,40.0,35.0,2,2,1,2,1,1,1,2,1,2,2,1,1,2,1,2,1,1,1,2,1,2,1,1,1,2,1,2,2,2,2,1,1,2,1,1,1,2,1,2
14,5,4,5,5,5,5,5,5,1,1,70.0,,4.0,,,,,3.0,4.0,2.0,,5.0,,,2.0,1.0,,1.0,4.0,5.0,,,,,,,20.0,,,2.0,5.0,,,1.0,,,5.0,1.0,1.0,1.0,1.0,1.0,1.0,1.0,1.0,1.0,1.0,,,,,,,6,2,2,2,2,5,6,6,3,2,60.0,55.0,60.0,70.0,70.0,65.0,80.0,60.0,40.0,35.0,2,2,2,2,2,1,1,2,1,1,2,2,1,1,2,2,2,1,2,2,1,2,2,2,2,2,1,2,2,2,2,2,2,2,2,1,2,2,2,1
1878,2,3,2,2,2,2,2,2,4,2,,30.0,,1.0,,,,3.0,4.0,2.0,2.0,,,,1.0,,2.0,,,,1.0,2.0,2.0,,,,,,2.0,,,7.0,,,2.0,,2.0,,,,,,,,,,,1.0,1.0,1.0,1.0,1.0,1.0,6,2,2,2,2,5,6,6,2,2,30.0,25.0,25.0,25.0,25.0,25.0,25.0,25.0,30.0,25.0,1,2,1,2,1,2,2,2,1,2,2,1,1,2,1,2,2,2,1,2,2,1,1,1,2,1,2,1,2,1,2,2,1,1,1,2,2,1,1,2
1583,5,4,5,5,5,5,5,5,2,2,,30.0,,1.0,,,,3.0,4.0,3.0,,5.0,1.0,50.0,,,2.0,2.0,4.0,5.0,,,,,,,20.0,,,2.0,,7.0,,,2.0,4.0,,,,,,,,,,,,1.0,1.0,1.0,1.0,1.0,1.0,6,3,4,3,3,5,6,6,3,2,60.0,55.0,60.0,65.0,65.0,60.0,70.0,60.0,50.0,45.0,1,1,2,1,1,2,2,2,1,1,1,2,2,2,1,2,2,1,2,2,1,2,1,2,2,2,2,1,2,2,1,2,2,1,2,1,2,2,2,2
1179,5,5,5,5,5,5,5,5,1,1,70.0,,,1.0,,,,3.0,4.0,2.0,5.0,,1.0,50.0,,1.0,,,,,1.0,5.0,6.0,,,,,20.0,,2.0,,,1.0,,2.0,,6.0,,,,,,,,,,,1.0,1.0,1.0,1.0,1.0,1.0,6,3,2,2,2,5,6,6,4,2,65.0,55.0,60.0,70.0,68.0,60.0,75.0,60.0,40.0,35.0,2,2,2,2,2,2,2,2,2,2,2,2,2,2,2,2,2,2,2,2,2,2,2,2,2,2,2,2,2,2,2,2,2,2,2,2,2,2,2,2
1765,4,4,4,5,5,4,5,5,2,2,70.0,,4.0,,2.0,3.0,6.0,,,,5.0,,,,2.0,1.0,,2.0,4.0,4.0,,,,,,,2.0,,,2.0,4.0,,,,2.0,,4.0,,,,,,,,,,,1.0,1.0,1.0,1.0,1.0,1.0,6,3,4,3,3,5,6,6,3,2,62.0,54.0,58.0,66.0,70.0,60.0,75.0,68.0,44.0,38.0,1,2,1,2,2,1,2,1,1,1,2,1,2,2,2,2,1,1,2,2,1,1,2,2,2,1,1,2,2,2,1,2,1,2,2,1,1,1,2,2
1616,2,2,2,1,2,2,2,1,1,1,70.0,,,1.0,2.0,3.0,6.0,,,,,5.0,,,2.0,1.0,,,,,1.0,2.0,2.0,,,,20.0,,,2.0,3.0,,,1.0,,,2.0,,,,,,,,,,,1.0,1.0,1.0,1.0,1.0,1.0,6,2,2,2,2,5,6,6,1,2,30.0,25.0,20.0,10.0,15.0,10.0,20.0,5.0,40.0,10.0,2,2,2,2,2,2,2,2,2,2,2,2,2,2,2,2,2,2,2,2,2,2,2,2,2,2,2,2,2,2,2,2,2,2,2,2,2,2,2,2
183,2,3,2,2,3,2,4,2,4,3,,30.0,,1.0,,,,3.0,4.0,3.0,,5.0,1.0,30.0,,,2.0,,,,1.0,4.0,4.0,,,,,,,2.0,,6.0,,,2.0,,4.0,,,,,,,,,,,1.0,1.0,1.0,1.0,1.0,1.0,6,3,2,2,3,5,6,6,3,2,40.0,35.0,30.0,35.0,40.0,30.0,50.0,30.0,60.0,35.0,2,2,2,1,2,2,2,1,2,2,1,2,2,2,2,1,1,2,2,1,2,1,1,2,2,1,2,2,2,1,2,1,2,1,1,2,2,1,2,1
579,5,5,5,5,5,5,5,5,1,1,,30.0,4.0,,,,,4.0,4.0,3.0,,5.0,,,2.0,,2.0,2.0,4.0,5.0,,,,,,,,20.0,1.0,,,,1.0,,2.0,,5.0,,,,,,,,,,,1.0,1.0,1.0,1.0,1.0,1.0,6,2,2,2,2,4,6,6,3,2,65.0,60.0,60.0,70.0,75.0,70.0,80.0,65.0,30.0,35.0,2,2,2,2,1,2,1,2,2,2,2,2,2,2,2,2,2,1,1,1,1,2,1,1,1,1,2,2,2,2,2,1,1,1,2,2,2,2,2,1
365,4,4,4,3,4,3,5,4,2,2,,30.0,4.0,,3.0,4.0,6.0,,,,,5.0,,,2.0,1.0,,,,,,,,3.0,4.0,5.0,5.0,,,2.0,5.0,,,1.0,,4.0,,,,,,,,,,,,1.0,1.0,1.0,1.0,1.0,1.0,6,3,2,2,3,5,6,6,3,2,55.0,48.0,50.0,60.0,62.0,54.0,70.0,58.0,45.0,40.0,1,2,2,2,1,2,2,1,2,2,1,2,1,1,2,1,1,2,2,2,2,2,2,2,1,2,2,2,2,2,1,1,2,1,1,1,2,2,2,1
216,2,3,2,2,2,2,2,2,4,4,70.0,,,1.0,,,,3.0,3.0,3.0,3.0,,,,2.0,,2.0,,,,2.0,2.0,2.0,,,,20.0,,,2.0,3.0,,,1.0,,,2.0,1.0,1.0,1.0,1.0,1.0,1.0,1.0,1.0,1.0,1.0,,,,,,,6,2,2,2,2,5,6,6,2,2,40.0,35.0,30.0,30.0,30.0,30.0,30.0,30.0,40.0,40.0,2,2,1,2,2,2,2,2,2,1,2,1,2,2,2,2,2,1,2,2,2,2,2,2,2,2,2,2,2,2,2,1,2,2,1,2,2,2,2,2
843,5,5,5,5,5,5,5,5,2,2,70.0,,,1.0,3.0,4.0,5.0,,,,,5.0,1.0,40.0,,,2.0,2.0,4.0,5.0,,,,,,,,,,2.0,5.0,,,,1.0,4.0,,1.0,1.0,1.0,1.0,1.0,1.0,1.0,1.0,1.0,1.0,,,,,,,6,3,2,2,2,5,6,6,3,2,60.0,55.0,60.0,70.0,70.0,65.0,80.0,60.0,40.0,35.0,1,2,2,1,2,1,2,2,1,2,2,1,2,2,2,1,1,2,1,2,1,2,1,1,1,2,2,2,2,2,1,2,2,2,2,1,2,1,2,2
930,4,4,4,3,4,4,5,4,2,2,,30.0,1.0,,,,,4.0,5.0,3.0,,5.0,1.0,50.0,,,2.0,,,,2.0,4.0,5.0,,,,,18.0,1.0,,,,3.0,,2.0,4.0,,,,,,,,,,,,1.0,1.0,1.0,1.0,1.0,1.0,6,3,4,3,3,5,6,5,3,2,60.0,55.0,50.0,60.0,65.0,55.0,70.0,60.0,45.0,40.0,1,1,1,2,1,2,1,1,1,2,2,1,1,1,2,1,1,2,1,1,2,1,1,2,2,1,1,1,1,2,2,1,1,2,2,2,1,2,1,2
1542,2,3,2,2,2,2,2,2,1,1,,30.0,1.0,,2.0,3.0,5.0,,,,,5.0,,,2.0,1.0,,,,,,,,1.0,2.0,4.0,20.0,,,2.0,,8.0,,,1.0,,3.0,,,,,,,,,,,1.0,1.0,1.0,1.0,1.0,1.0,6,3,2,2,2,5,6,6,1,1,40.0,35.0,30.0,30.0,30.0,25.0,30.0,20.0,60.0,20.0,1,1,2,1,2,2,2,2,2,1,1,1,2,1,1,2,2,2,2,1,2,1,2,1,1,1,2,2,1,2,1,2,2,1,1,1,2,1,2,2
1431,4,4,4,4,4,4,5,4,2,2,,30.0,,1.0,,,,3.0,4.0,2.0,,5.0,1.0,40.0,,1.0,,1.0,4.0,4.0,,,,,,,20.0,,,2.0,,6.0,,,2.0,,4.0,,,,,,,,,,,1.0,1.0,1.0,1.0,1.0,1.0,6,3,3,3,2,5,6,6,3,2,60.0,55.0,60.0,65.0,70.0,65.0,80.0,60.0,40.0,35.0,1,2,2,2,1,2,2,1,2,1,1,2,2,1,2,2,2,2,1,1,1,2,2,1,2,2,1,2,1,1,2,1,1,1,1,1,1,2,2,1
142,4,4,4,3,4,3,4,3,2,2,70.0,,,1.0,,,,3.0,4.0,5.0,5.0,,,,2.0,1.0,,,,,2.0,4.0,4.0,,,,,,1.0,,3.0,,,1.0,,4.0,,,,,,,,,,,,1.0,1.0,1.0,1.0,1.0,1.0,6,3,3,3,3,5,6,6,3,2,60.0,55.0,50.0,60.0,65.0,55.0,70.0,60.0,40.0,35.0,1,2,1,2,1,1,2,1,1,2,1,1,2,1,1,2,2,1,2,1,1,2,2,1,2,2,1,2,1,1,2,2,2,1,1,1,1,2,2,1
1849,4,4,4,5,5,5,5,4,2,2,70.0,,4.0,,3.0,4.0,6.0,,,,5.0,,1.0,54.0,,1.0,,3.0,4.0,4.0,,,,,,,18.0,,,2.0,4.0,,,1.0,,4.0,,,,,,,,,,,,1.0,1.0,1.0,1.0,1.0,1.0,6,3,3,3,3,5,6,6,3,2,60.0,55.0,58.0,65.0,68.0,70.0,72.0,60.0,40.0,38.0,2,1,2,1,2,1,1,1,2,2,1,1,2,2,1,2,2,2,2,1,2,2,2,1,2,2,1,1,2,1,1,1,1,2,2,2,2,1,1,2
2054,5,5,5,5,5,5,5,5,1,1,70.0,,,1.0,,,,4.0,3.0,3.0,6.0,,1.0,54.0,,1.0,,,,,1.0,5.0,6.0,,,,,,1.0,,5.0,,,,2.0,,6.0,,,,,,,,,,,1.0,1.0,1.0,1.0,1.0,1.0,6,2,2,2,2,5,6,6,4,2,65.0,60.0,60.0,80.0,80.0,75.0,90.0,70.0,30.0,40.0,2,2,2,2,2,2,1,1,2,1,2,1,1,2,2,1,1,2,1,2,1,2,2,1,2,1,1,1,2,2,2,1,2,2,1,1,2,2,2,2
25,2,2,2,2,2,2,2,2,1,1,70.0,,1.0,,,,,3.0,3.0,3.0,2.0,,2.0,10.0,,,2.0,,,,1.0,2.0,2.0,,,,,,,2.0,1.0,,,1.0,,1.0,,,,,,,,,,,,1.0,1.0,1.0,1.0,1.0,1.0,6,2,2,2,2,5,6,6,1,2,20.0,20.0,20.0,20.0,20.0,20.0,20.0,20.0,20.0,20.0,2,2,2,2,2,2,2,2,2,2,2,2,2,2,2,2,2,2,2,2,2,2,2,2,2,2,2,2,2,2,2,2,2,2,2,2,2,2,2,2
548,2,3,2,2,2,2,4,2,5,3,,30.0,,1.0,3.0,4.0,6.0,,,,,5.0,1.0,35.0,,1.0,,,,,,,,1.0,4.0,4.0,20.0,,,2.0,,6.0,,1.0,,3.0,,1.0,1.0,1.0,1.0,1.0,1.0,1.0,1.0,1.0,1.0,,,,,,,6,3,2,2,2,4,6,5,3,1,55.0,45.0,40.0,35.0,40.0,35.0,50.0,30.0,60.0,30.0,1,2,2,2,2,1,1,1,1,2,1,2,2,1,1,1,2,2,1,2,2,2,2,2,1,1,1,1,2,2,2,1,2,1,2,1,2,1,1,1
354,5,5,5,5,5,5,5,5,2,2,70.0,,1.0,,2.0,3.0,6.0,,,,,6.0,1.0,54.0,,,2.0,,,,1.0,5.0,6.0,,,,,20.0,1.0,,,,3.0,1.0,,5.0,,1.0,1.0,1.0,1.0,1.0,1.0,1.0,1.0,1.0,1.0,,,,,,,6,3,2,2,2,5,6,6,3,2,62.0,55.0,60.0,70.0,68.0,65.0,75.0,60.0,40.0,38.0,2,1,2,1,2,1,2,1,2,1,2,2,1,2,1,1,1,1,1,1,2,2,1,1,2,2,2,2,2,2,2,1,2,2,1,2,1,2,1,2
227,4,4,4,5,5,5,5,5,2,2,70.0,,,1.0,,,,4.0,3.0,3.0,5.0,,1.0,54.0,,1.0,,2.0,4.0,5.0,,,,,,,20.0,,,2.0,5.0,,,,2.0,,5.0,1.0,1.0,1.0,1.0,1.0,1.0,1.0,1.0,1.0,1.0,,,,,,,6,2,2,2,2,5,6,6,3,2,60.0,55.0,60.0,70.0,70.0,65.0,75.0,60.0,50.0,45.0,2,1,1,1,2,2,2,1,2,2,1,1,1,1,1,1,1,2,2,1,1,2,1,2,1,1,2,1,1,1,2,1,1,1,2,2,2,1,1,1
1148,2,3,2,2,3,2,4,2,4,2,70.0,,1.0,,,,,3.0,4.0,2.0,5.0,,1.0,40.0,,1.0,,,,,,,,1.0,4.0,4.0,,,,2.0,5.0,,,1.0,,,4.0,,,,,,,,,,,1.0,1.0,1.0,1.0,1.0,1.0,6,2,3,3,2,5,6,6,3,2,45.0,40.0,40.0,35.0,40.0,35.0,50.0,30.0,60.0,30.0,1,2,2,2,2,1,2,1,2,2,2,1,1,2,1,2,2,1,1,2,2,2,1,1,2,2,2,1,1,2,1,2,2,1,2,2,2,1,2,1
1754,2,4,3,2,3,2,4,2,4,2,70.0,,3.0,,,,,4.0,3.0,2.0,5.0,,1.0,30.0,,,2.0,,,,,,,1.0,4.0,5.0,20.0,,1.0,,4.0,,,1.0,,4.0,,,,,,,,,,,,1.0,1.0,1.0,1.0,1.0,1.0,6,3,4,3,2,5,6,5,3,2,60.0,55.0,50.0,45.0,50.0,40.0,60.0,55.0,50.0,40.0,2,2,1,2,1,1,2,2,1,2,2,1,2,2,2,1,2,2,2,2,1,2,2,2,2,1,2,2,2,2,2,2,1,2,1,2,1,1,2,2
1627,4,5,4,5,5,5,5,5,2,2,,30.0,,1.0,,,,4.0,4.0,3.0,,5.0,,,2.0,,2.0,2.0,4.0,4.0,,,,,,,5.0,,,2.0,4.0,,,,1.0,4.0,,1.0,1.0,1.0,1.0,1.0,1.0,1.0,1.0,1.0,1.0,,,,,,,6,3,2,2,2,4,6,6,3,1,60.0,55.0,60.0,70.0,70.0,65.0,80.0,65.0,40.0,35.0,2,2,2,1,1,2,1,1,2,2,2,1,2,2,1,2,2,1,2,2,2,1,1,2,1,1,1,2,2,2,1,1,1,2,2,1,1,1,2,1
1888,5,5,5,5,5,5,5,5,2,2,,30.0,6.0,,3.0,4.0,6.0,,,,,6.0,1.0,54.0,,,2.0,2.0,4.0,5.0,,,,,,,,,,2.0,5.0,,,1.0,,4.0,,,,,,,,,,,,1.0,1.0,1.0,1.0,1.0,1.0,6,3,3,3,3,5,6,6,3,2,65.0,60.0,60.0,70.0,75.0,65.0,80.0,60.0,40.0,35.0,2,1,2,1,2,2,2,2,1,1,2,2,1,1,1,2,1,1,1,1,1,1,1,2,2,1,1,2,2,2,1,1,1,1,1,1,2,2,2,1
872,4,4,4,4,4,4,5,4,2,2,,30.0,1.0,,,,,4.0,4.0,3.0,5.0,,,,2.0,1.0,,,,,2.0,4.0,5.0,,,,,16.0,1.0,,,,3.0,,2.0,,4.0,1.0,1.0,1.0,1.0,1.0,1.0,1.0,1.0,1.0,1.0,,,,,,,6,3,4,4,3,5,6,6,3,2,60.0,55.0,58.0,65.0,68.0,62.0,70.0,60.0,50.0,48.0,2,1,1,2,1,1,1,1,1,1,1,1,2,1,2,1,2,1,2,1,2,1,1,1,2,1,1,2,1,2,1,2,2,2,1,2,1,1,2,1
901,4,4,4,5,5,5,5,5,2,2,,30.0,4.0,,,,,3.0,4.0,5.0,5.0,,,,2.0,,2.0,,,,2.0,4.0,5.0,,,,,18.0,1.0,,,7.0,,1.0,,,4.0,,,,,,,,,,,1.0,1.0,1.0,1.0,1.0,1.0,6,3,4,3,3,5,6,6,3,2,60.0,55.0,58.0,65.0,68.0,62.0,70.0,60.0,40.0,38.0,2,1,2,1,2,1,1,2,2,2,1,1,2,2,2,1,1,1,1,1,2,2,1,1,2,2,1,1,1,2,2,1,2,1,2,2,1,2,2,2
395,2,2,2,1,1,1,2,2,5,5,70.0,,1.0,,3.0,3.0,6.0,,,,2.0,,1.0,20.0,,1.0,,,,,,,,1.0,1.0,1.0,,,1.0,,,9.0,,,2.0,,1.0,1.0,1.0,1.0,1.0,1.0,1.0,1.0,1.0,1.0,1.0,,,,,,,6,2,2,2,2,5,6,6,1,1,20.0,20.0,20.0,10.0,10.0,10.0,20.0,20.0,80.0,80.0,2,2,2,2,1,1,2,1,2,1,2,2,1,2,2,1,2,1,2,2,2,1,1,2,2,2,2,2,1,2,2,2,1,1,2,1,2,2,1,2
173,5,5,5,5,5,5,5,5,1,1,,30.0,,1.0,,,,3.0,4.0,2.0,,6.0,,,2.0,,2.0,,,,1.0,5.0,6.0,,,,,,,2.0,4.0,,,1.0,,5.0,,,,,,,,,,,,1.0,1.0,1.0,1.0,1.0,1.0,6,3,3,3,2,5,6,6,3,1,65.0,60.0,60.0,70.0,70.0,65.0,80.0,60.0,40.0,35.0,1,2,1,2,1,2,1,1,2,1,1,2,1,1,2,1,1,1,2,2,2,2,1,2,2,2,2,2,1,1,2,1,2,1,2,1,2,2,2,1
589,5,5,5,5,5,5,5,5,2,2,70.0,,,1.0,,,,3.0,4.0,5.0,,6.0,1.0,54.0,,,2.0,,,,,,,1.0,5.0,6.0,,,1.0,,,,3.0,,2.0,5.0,,1.0,1.0,1.0,1.0,1.0,1.0,1.0,1.0,1.0,1.0,,,,,,,6,3,4,3,3,5,6,6,3,2,65.0,60.0,60.0,70.0,70.0,65.0,80.0,60.0,40.0,35.0,1,2,2,2,1,1,2,2,2,1,1,2,1,1,1,2,2,2,1,1,2,2,1,1,1,1,2,2,2,2,1,1,2,1,2,2,1,2,2,1
1795,5,5,5,5,5,5,5,5,1,1,,30.0,,1.0,3.0,3.0,6.0,,,,,5.0,1.0,54.0,,,2.0,,,,1.0,5.0,6.0,,,,,20.0,1.0,,,,1.0,1.0,,5.0,,1.0,1.0,1.0,1.0,1.0,1.0,1.0,1.0,1.0,1.0,,,,,,,6,2,2,2,2,5,6,6,3,1,65.0,60.0,60.0,80.0,80.0,70.0,85.0,70.0,30.0,30.0,2,2,2,2,2,2,2,2,2,2,2,2,2,2,2,2,2,2,2,2,2,2,2,2,2,2,2,2,2,2,2,2,2,2,2,2,2,2,2,2
1573,5,5,5,5,5,5,5,5,1,1,70.0,,6.0,,,,,3.0,4.0,5.0,,7.0,,,2.0,,2.0,,,,,,,5.0,5.0,6.0,,20.0,1.0,,,10.0,,1.0,,,6.0,,,,,,,,,,,1.0,1.0,1.0,1.0,1.0,1.0,6,2,2,2,2,5,6,6,4,2,65.0,60.0,60.0,70.0,75.0,70.0,80.0,60.0,30.0,25.0,2,2,1,2,2,1,1,1,2,1,2,2,2,2,2,1,2,2,1,1,2,1,2,2,2,2,1,2,1,2,2,2,1,2,2,2,2,1,2,2
1400,5,5,5,5,5,5,5,5,2,2,70.0,,,1.0,3.0,4.0,6.0,,,,,5.0,,,2.0,1.0,,,,,2.0,4.0,5.0,,,,2.0,,1.0,,4.0,,,,1.0,,4.0,1.0,1.0,1.0,1.0,1.0,1.0,1.0,1.0,1.0,1.0,,,,,,,6,3,2,2,2,5,6,6,3,1,60.0,55.0,60.0,70.0,75.0,70.0,80.0,65.0,40.0,35.0,2,2,1,2,2,2,1,2,1,2,2,2,1,2,2,2,2,2,2,1,2,1,2,1,2,1,1,1,2,1,2,2,2,2,1,2,2,2,2,1
1189,5,5,5,5,5,5,5,5,1,1,70.0,,,1.0,,,,3.0,4.0,2.0,5.0,,,,2.0,,2.0,,,,2.0,4.0,4.0,,,,20.0,,1.0,,4.0,,,,2.0,,4.0,1.0,1.0,1.0,1.0,1.0,1.0,1.0,1.0,1.0,1.0,,,,,,,6,2,2,2,3,5,6,6,3,1,60.0,55.0,60.0,70.0,75.0,65.0,80.0,60.0,30.0,35.0,1,2,2,2,2,2,1,2,2,2,2,1,1,1,2,1,2,2,2,2,2,1,1,1,2,2,1,1,1,1,2,2,2,1,2,1,2,1,1,1
807,2,3,2,2,2,2,2,2,4,3,,30.0,,1.0,,,,3.0,4.0,3.0,,5.0,1.0,20.0,,,2.0,,,,,,,1.0,2.0,4.0,,5.0,2.0,,,,1.0,,1.0,3.0,,1.0,1.0,1.0,1.0,1.0,1.0,1.0,1.0,1.0,1.0,,,,,,,6,3,2,2,3,5,6,6,2,2,30.0,25.0,25.0,30.0,30.0,25.0,30.0,20.0,40.0,30.0,2,2,2,1,2,1,2,1,2,1,2,2,2,1,2,2,2,1,1,2,2,1,2,2,1,2,1,2,2,2,2,1,2,1,1,2,1,2,1,2
91,4,4,4,5,5,5,5,5,2,2,70.0,,4.0,,3.0,4.0,6.0,,,,,5.0,,,2.0,1.0,,,,,,,,2.0,4.0,5.0,,18.0,,2.0,,7.0,,,2.0,5.0,,1.0,1.0,1.0,1.0,1.0,1.0,1.0,1.0,1.0,1.0,,,,,,,6,3,3,3,3,5,6,6,3,2,60.0,55.0,60.0,70.0,75.0,70.0,80.0,65.0,50.0,45.0,1,2,2,1,2,2,1,2,2,1,2,2,2,2,2,2,2,2,2,2,1,2,1,2,2,1,1,2,1,1,2,2,2,2,1,1,2,1,2,1
974,4,4,4,5,5,5,5,5,1,2,70.0,,,1.0,,,,4.0,5.0,3.0,,5.0,,,2.0,,2.0,,,,,,,2.0,4.0,4.0,,20.0,,2.0,,,2.0,1.0,,4.0,,,,,,,,,,,,1.0,1.0,1.0,1.0,1.0,1.0,6,3,3,2,2,4,6,5,3,2,60.0,55.0,50.0,65.0,70.0,60.0,75.0,55.0,40.0,35.0,1,1,1,1,2,1,1,2,2,1,2,2,2,2,2,1,1,2,2,1,1,1,2,2,1,2,2,1,2,1,1,2,1,2,2,2,2,1,2,2
106,5,5,5,5,5,5,5,5,1,1,70.0,,4.0,,2.0,3.0,5.0,,,,5.0,,,,2.0,1.0,,1.0,5.0,6.0,,,,,,,,,,2.0,5.0,,,1.0,,5.0,,,,,,,,,,,,1.0,1.0,1.0,1.0,1.0,1.0,6,2,2,2,2,5,6,6,3,2,60.0,55.0,60.0,70.0,75.0,65.0,80.0,60.0,40.0,35.0,2,1,2,2,1,2,2,2,2,1,2,1,2,1,1,1,2,2,2,2,1,1,2,2,2,2,2,2,1,2,2,1,1,2,1,2,2,1,1,1
669,2,3,2,2,2,2,2,2,4,2,,30.0,,1.0,2.0,3.0,5.0,,,,,5.0,1.0,30.0,,,2.0,,,,1.0,2.0,4.0,,,,,,,2.0,,5.0,,1.0,,3.0,,,,,,,,,,,,1.0,1.0,1.0,1.0,1.0,1.0,6,3,3,3,3,5,6,6,3,2,40.0,35.0,30.0,30.0,30.0,30.0,30.0,25.0,40.0,25.0,2,1,2,2,2,1,2,1,2,1,2,1,1,2,1,2,2,1,1,1,1,1,1,1,1,1,2,1,2,1,1,1,2,2,2,1,1,2,1,1
293,5,4,4,5,5,5,5,5,2,2,70.0,,4.0,,,,,3.0,4.0,2.0,,5.0,1.0,40.0,,,2.0,,,,1.0,4.0,5.0,,,,,20.0,,2.0,,8.0,,1.0,,5.0,,1.0,1.0,1.0,1.0,1.0,1.0,1.0,1.0,1.0,1.0,,,,,,,6,3,2,2,3,5,6,6,3,2,60.0,55.0,60.0,65.0,65.0,60.0,70.0,60.0,50.0,45.0,1,2,1,2,2,2,2,2,2,2,2,2,2,1,2,1,2,1,1,2,1,2,2,1,2,1,2,2,2,2,1,2,2,2,1,2,1,2,2,1
1506,2,3,2,2,2,2,2,2,1,3,,30.0,1.0,,2.0,3.0,6.0,,,,3.0,,,,2.0,,2.0,1.0,2.0,2.0,,,,,,,,,,2.0,,7.0,,,1.0,,2.0,,,,,,,,,,,1.0,1.0,1.0,1.0,1.0,1.0,6,2,2,2,2,5,6,6,2,1,30.0,25.0,25.0,20.0,20.0,20.0,20.0,15.0,40.0,30.0,2,2,2,2,1,2,1,1,2,2,1,2,2,2,1,2,2,2,2,1,1,1,1,2,1,2,1,1,1,2,2,2,2,2,1,1,1,2,2,2
1475,5,5,5,5,5,5,5,5,1,1,70.0,,4.0,,,,,3.0,4.0,5.0,,5.0,1.0,54.0,,1.0,,,,,,,,2.0,4.0,4.0,,,2.0,,,7.0,,1.0,,4.0,,,,,,,,,,,,1.0,1.0,1.0,1.0,1.0,1.0,6,3,2,2,3,5,6,6,3,2,60.0,55.0,60.0,70.0,70.0,65.0,80.0,60.0,40.0,35.0,1,2,2,2,2,1,2,2,2,1,2,2,2,2,1,2,1,1,1,2,1,1,2,2,1,1,1,2,2,2,2,1,2,1,2,2,2,2,2,2
1269,3,4,3,2,3,2,4,3,4,2,70.0,,1.0,,3.0,4.0,6.0,,,,5.0,,,,2.0,,2.0,,,,,,,1.0,4.0,5.0,,,1.0,,,,3.0,,1.0,3.0,,,,,,,,,,,,1.0,1.0,1.0,1.0,1.0,1.0,6,3,4,3,3,4,6,5,3,2,60.0,55.0,50.0,45.0,55.0,50.0,60.0,45.0,55.0,40.0,1,2,2,2,2,2,2,1,2,1,1,2,1,1,1,2,2,2,2,2,2,2,2,2,2,1,2,2,1,1,1,1,1,1,1,1,1,1,2,1
1693,5,5,5,5,5,5,5,5,2,2,,30.0,4.0,,3.0,4.0,6.0,,,,,6.0,,,2.0,1.0,,,,,3.0,5.0,6.0,,,,,,,2.0,,6.0,,1.0,,,5.0,1.0,1.0,1.0,1.0,1.0,1.0,1.0,1.0,1.0,1.0,,,,,,,6,3,2,3,3,5,6,5,3,2,60.0,55.0,60.0,65.0,70.0,65.0,80.0,60.0,50.0,45.0,1,1,2,2,2,2,1,2,1,2,2,2,1,2,2,2,2,1,1,2,1,1,1,2,2,1,2,2,2,1,1,2,1,2,2,1,1,1,1,2
50,5,4,4,4,4,4,5,4,1,2,70.0,,4.0,,3.0,4.0,6.0,,,,,5.0,,,2.0,1.0,,,,,2.0,4.0,4.0,,,,,20.0,1.0,,4.0,,,1.0,,,5.0,1.0,1.0,1.0,1.0,1.0,1.0,1.0,1.0,1.0,1.0,,,,,,,6,2,2,2,2,5,6,6,3,2,60.0,55.0,55.0,60.0,65.0,60.0,70.0,55.0,40.0,45.0,2,1,2,1,2,1,2,2,2,2,2,1,2,2,2,1,2,1,2,2,2,1,2,2,2,2,2,2,2,2,2,2,2,2,2,2,2,2,2,2
2021,2,3,2,2,3,2,4,2,4,3,70.0,,3.0,,,,,3.0,4.0,2.0,,5.0,1.0,50.0,,,2.0,,,,2.0,4.0,5.0,,,,,,1.0,,4.0,,,,1.0,4.0,,1.0,1.0,1.0,1.0,1.0,1.0,1.0,1.0,1.0,1.0,,,,,,,6,3,2,2,3,5,6,6,3,2,45.0,40.0,40.0,35.0,40.0,35.0,50.0,30.0,55.0,30.0,2,1,1,1,2,2,2,1,1,1,1,2,1,2,1,1,2,1,2,1,1,1,1,2,1,2,2,1,1,2,1,2,1,1,2,2,2,1,1,1
321,4,4,4,3,4,3,5,4,2,2,70.0,,,1.0,3.0,4.0,5.0,,,,,5.0,,,2.0,,2.0,1.0,4.0,5.0,,,,,,,,18.0,,2.0,5.0,,,1.0,,4.0,,,,,,,,,,,,1.0,1.0,1.0,1.0,1.0,1.0,6,3,4,3,3,5,6,5,3,2,62.0,55.0,60.0,58.0,60.0,55.0,70.0,60.0,40.0,38.0,1,2,2,2,1,2,1,2,1,2,1,1,2,2,1,2,1,1,1,2,1,2,1,2,2,1,1,2,1,2,2,2,1,1,2,2,1,1,1,2
252,5,5,5,5,5,5,5,5,1,1,70.0,,3.0,,3.0,4.0,6.0,,,,,6.0,1.0,50.0,,1.0,,,,,,,,2.0,5.0,6.0,,,1.0,,3.0,,,1.0,,,5.0,1.0,1.0,1.0,1.0,1.0,1.0,1.0,1.0,1.0,1.0,,,,,,,6,3,2,2,2,5,6,6,3,2,60.0,55.0,60.0,70.0,75.0,65.0,80.0,60.0,40.0,35.0,2,2,2,2,1,1,1,1,1,1,1,1,2,2,2,2,1,1,1,2,2,2,1,1,1,1,1,2,2,1,1,1,2,2,2,2,2,1,2,2
1721,2,4,2,2,3,2,4,2,4,2,70.0,,1.0,,3.0,4.0,6.0,,,,5.0,,1.0,40.0,,1.0,,,,,,,,1.0,4.0,6.0,20.0,,,2.0,5.0,,,1.0,,,4.0,,,,,,,,,,,1.0,1.0,1.0,1.0,1.0,1.0,6,3,3,3,3,5,6,6,3,2,45.0,40.0,40.0,35.0,40.0,35.0,50.0,40.0,60.0,35.0,2,1,2,1,2,1,1,1,2,2,1,2,1,1,1,1,2,1,2,1,1,1,1,2,2,2,1,2,2,2,1,1,2,2,2,2,2,2,2,1
1652,4,4,4,4,4,4,5,4,2,2,,30.0,,1.0,3.0,4.0,6.0,,,,,5.0,1.0,40.0,,,2.0,2.0,4.0,5.0,,,,,,,18.0,,,2.0,,7.0,,,2.0,,4.0,,,,,,,,,,,1.0,1.0,1.0,1.0,1.0,1.0,6,2,3,3,3,5,6,6,3,2,60.0,55.0,50.0,65.0,60.0,55.0,70.0,60.0,40.0,35.0,2,2,2,1,1,2,2,2,1,1,2,2,2,2,2,2,1,1,1,2,1,1,1,1,1,1,2,2,1,2,1,2,2,2,2,1,2,1,1,1
485,5,5,5,5,5,5,5,5,1,1,70.0,,,1.0,3.0,4.0,6.0,,,,5.0,,,,2.0,,2.0,1.0,5.0,6.0,,,,,,,,,1.0,,,7.0,,1.0,,,5.0,1.0,1.0,1.0,1.0,1.0,1.0,1.0,1.0,1.0,1.0,,,,,,,6,2,2,2,2,5,6,6,3,2,62.0,55.0,60.0,70.0,68.0,65.0,80.0,60.0,40.0,35.0,2,1,1,2,2,2,2,2,2,1,1,1,1,1,2,1,1,1,1,2,2,2,1,1,1,2,1,1,1,1,2,2,1,2,2,2,2,2,2,1
710,5,4,5,5,5,5,5,5,2,2,,30.0,4.0,,3.0,4.0,6.0,,,,,5.0,,,2.0,,2.0,2.0,4.0,5.0,,,,,,,16.0,,1.0,,,6.0,,,1.0,4.0,,1.0,1.0,1.0,1.0,1.0,1.0,1.0,1.0,1.0,1.0,,,,,,,6,3,3,3,2,5,6,6,3,1,62.0,55.0,60.0,68.0,70.0,65.0,75.0,60.0,55.0,50.0,2,2,1,1,1,1,1,2,2,1,1,1,1,1,2,1,1,1,2,1,2,2,1,2,2,2,2,1,2,1,1,1,2,1,1,2,1,1,1,1
299,5,4,4,5,5,5,5,5,2,2,70.0,,4.0,,,,,4.0,5.0,3.0,,6.0,1.0,54.0,,,2.0,,,,,,,3.0,5.0,6.0,,,1.0,,,,3.0,1.0,,5.0,,,,,,,,,,,,1.0,1.0,1.0,1.0,1.0,1.0,6,3,4,3,2,5,6,5,3,2,62.0,55.0,60.0,70.0,68.0,65.0,75.0,60.0,40.0,35.0,2,2,2,1,2,2,1,2,2,1,1,1,2,2,1,1,2,2,1,1,1,1,2,2,2,2,1,2,2,1,2,2,1,2,2,2,2,2,2,2
663,2,4,2,2,2,2,2,2,5,2,70.0,,1.0,,3.0,4.0,6.0,,,,,5.0,,,2.0,1.0,,,,,1.0,2.0,2.0,,,,,,2.0,,3.0,,,,1.0,,3.0,,,,,,,,,,,1.0,1.0,1.0,1.0,1.0,1.0,6,2,2,2,2,5,6,6,3,2,45.0,40.0,35.0,30.0,35.0,30.0,40.0,25.0,50.0,30.0,1,2,1,1,1,2,2,1,2,2,2,1,2,2,2,1,1,2,1,1,2,2,2,2,1,2,1,1,1,1,1,2,1,1,2,1,1,1,1,1
1085,5,5,5,5,5,5,5,5,2,2,,30.0,4.0,,,,,4.0,4.0,3.0,,5.0,,,2.0,,2.0,,,,2.0,4.0,5.0,,,,18.0,,,2.0,,,2.0,1.0,,,4.0,,,,,,,,,,,1.0,1.0,1.0,1.0,1.0,1.0,6,3,3,3,3,5,6,6,3,2,62.0,54.0,58.0,67.0,65.0,60.0,70.0,55.0,40.0,38.0,1,2,2,2,1,2,2,2,1,2,2,2,2,2,2,2,2,1,2,1,2,1,1,2,2,1,1,1,2,2,1,2,1,2,1,1,1,1,2,2
1310,4,4,4,5,5,5,5,4,2,2,,30.0,,1.0,,,,4.0,5.0,3.0,,5.0,,,2.0,1.0,,,,,3.0,4.0,5.0,,,,,18.0,,2.0,4.0,,,,1.0,,4.0,,,,,,,,,,,1.0,1.0,1.0,1.0,1.0,1.0,6,3,4,3,2,5,6,5,3,2,60.0,55.0,58.0,70.0,68.0,65.0,75.0,60.0,40.0,35.0,2,2,2,1,1,2,2,1,1,1,2,1,2,2,2,1,2,1,2,1,2,2,1,2,1,2,1,1,2,1,1,2,2,2,1,2,2,2,2,2
1699,5,4,4,5,5,5,5,5,2,2,,30.0,4.0,,3.0,4.0,6.0,,,,5.0,,1.0,45.0,,,2.0,,,,2.0,4.0,5.0,,,,5.0,,1.0,,4.0,,,1.0,,,5.0,1.0,1.0,1.0,1.0,1.0,1.0,1.0,1.0,1.0,1.0,,,,,,,6,3,2,2,2,5,6,6,3,2,60.0,55.0,60.0,65.0,70.0,60.0,75.0,55.0,50.0,45.0,1,1,2,1,2,1,1,2,1,1,2,2,2,1,2,2,2,1,1,2,1,2,2,1,1,2,2,1,2,2,2,2,2,2,2,2,2,1,2,1
1263,5,5,5,5,5,5,5,5,1,1,70.0,,,1.0,,,,4.0,4.0,3.0,,5.0,1.0,54.0,,1.0,,,,,,,,2.0,5.0,6.0,,20.0,,2.0,5.0,,,1.0,,,5.0,,,,,,,,,,,1.0,1.0,1.0,1.0,1.0,1.0,6,3,3,3,3,5,6,6,3,2,65.0,60.0,60.0,70.0,75.0,65.0,80.0,60.0,30.0,35.0,2,1,2,1,2,1,2,1,1,1,1,1,2,1,2,2,2,1,2,1,2,2,2,1,2,1,1,1,2,1,1,1,2,1,2,2,1,2,2,1
1984,2,3,2,2,2,2,2,2,1,1,70.0,,1.0,,,,,3.0,4.0,4.0,,5.0,1.0,30.0,,,2.0,,,,1.0,4.0,5.0,,,,20.0,,,2.0,,7.0,,,2.0,,4.0,1.0,1.0,1.0,1.0,1.0,1.0,1.0,1.0,1.0,1.0,,,,,,,6,2,3,3,3,5,6,6,3,2,40.0,35.0,30.0,25.0,30.0,25.0,30.0,20.0,50.0,40.0,1,1,2,1,1,1,2,2,1,1,1,1,2,2,1,2,1,2,2,2,1,2,1,1,1,1,1,2,1,1,2,1,1,2,1,1,1,1,2,2
258,1,2,2,1,2,1,2,1,1,2,70.0,,1.0,,2.0,3.0,6.0,,,,,1.0,,,2.0,1.0,,,,,1.0,1.0,1.0,,,,20.0,,2.0,,1.0,,,,1.0,,1.0,1.0,1.0,1.0,1.0,1.0,1.0,1.0,1.0,1.0,1.0,,,,,,,6,2,2,2,2,5,6,6,1,1,30.0,25.0,20.0,10.0,15.0,10.0,20.0,10.0,60.0,40.0,2,2,2,1,2,2,2,2,2,2,1,2,2,1,2,2,1,2,2,2,2,2,2,1,2,2,2,2,1,2,2,2,2,2,1,2,2,1,1,2
537,5,5,5,5,5,5,5,5,1,1,70.0,,4.0,,2.0,2.0,6.0,,,,5.0,,,,2.0,1.0,,1.0,2.0,2.0,,,,,,,,20.0,2.0,,,,1.0,,2.0,,1.0,1.0,1.0,1.0,1.0,1.0,1.0,1.0,1.0,1.0,1.0,,,,,,,6,2,1,1,2,5,7,7,1,1,60.0,55.0,60.0,70.0,70.0,65.0,80.0,60.0,40.0,30.0,2,2,2,2,1,2,1,2,2,2,2,2,2,2,2,2,2,1,2,2,2,1,1,2,2,1,2,2,2,2,2,2,2,2,2,2,2,2,1,2
444,2,3,2,2,3,2,4,2,4,3,,30.0,1.0,,3.0,4.0,6.0,,,,5.0,,1.0,54.0,,1.0,,,,,1.0,2.0,4.0,,,,,2.0,1.0,,,,3.0,1.0,,3.0,,,,,,,,,,,,1.0,1.0,1.0,1.0,1.0,1.0,6,2,3,3,3,4,6,5,2,2,45.0,40.0,40.0,35.0,40.0,35.0,50.0,30.0,60.0,30.0,2,2,1,1,2,1,2,1,1,2,2,1,1,1,2,1,2,1,1,2,1,2,1,1,2,1,1,1,1,1,2,2,1,2,1,1,2,1,2,2
1658,4,4,4,4,4,4,5,4,2,2,70.0,,,1.0,,,,4.0,3.0,3.0,,5.0,,,2.0,1.0,,,,,2.0,4.0,4.0,,,,2.0,,,2.0,4.0,,,1.0,,4.0,,1.0,1.0,1.0,1.0,1.0,1.0,1.0,1.0,1.0,1.0,,,,,,,6,3,3,3,3,4,6,6,3,2,60.0,55.0,60.0,65.0,65.0,60.0,70.0,60.0,50.0,45.0,1,2,2,1,2,2,2,1,2,2,2,1,2,2,1,1,2,1,2,2,2,2,2,2,1,2,2,2,1,2,2,1,1,2,2,2,1,2,2,1
1137,4,4,4,4,4,4,4,4,2,2,70.0,,3.0,,,,,4.0,4.0,3.0,5.0,,,,2.0,1.0,,,,,,,,2.0,4.0,5.0,,,,2.0,,8.0,,,2.0,,4.0,1.0,1.0,1.0,1.0,1.0,1.0,1.0,1.0,1.0,1.0,,,,,,,6,3,2,2,2,5,6,6,3,1,55.0,48.0,50.0,60.0,62.0,58.0,65.0,54.0,40.0,38.0,2,2,2,2,2,2,2,2,2,2,2,2,2,2,2,2,2,2,2,2,2,2,2,2,2,2,2,2,2,2,2,2,2,2,2,2,2,2,2,2
1044,2,3,2,2,3,3,4,2,4,3,70.0,,,1.0,,,,3.0,4.0,3.0,,5.0,1.0,35.0,,,2.0,2.0,4.0,5.0,,,,,,,18.0,,1.0,,5.0,,,,1.0,4.0,,1.0,1.0,1.0,1.0,1.0,1.0,1.0,1.0,1.0,1.0,,,,,,,6,3,2,2,3,5,6,6,3,2,55.0,50.0,45.0,50.0,55.0,50.0,60.0,45.0,50.0,45.0,1,1,1,2,2,2,2,2,2,1,2,2,1,1,2,2,2,2,1,2,2,2,2,2,2,1,2,1,2,1,2,2,2,1,1,2,1,2,1,2
1836,2,3,2,2,2,2,2,2,4,4,,30.0,,1.0,2.0,3.0,6.0,,,,,5.0,,,2.0,,2.0,,,,,,,1.0,2.0,4.0,20.0,,,2.0,,,3.0,,1.0,,3.0,,,,,,,,,,,1.0,1.0,1.0,1.0,1.0,1.0,6,2,2,2,2,4,6,6,2,1,30.0,25.0,20.0,20.0,20.0,20.0,20.0,20.0,40.0,40.0,2,2,1,2,2,2,1,2,2,2,2,2,2,2,2,2,2,2,2,1,2,1,2,2,1,1,1,2,2,2,1,1,2,2,2,2,1,2,1,1
1945,4,4,4,4,4,4,5,4,2,2,,30.0,4.0,,3.0,4.0,6.0,,,,5.0,,1.0,54.0,,1.0,,,,,2.0,4.0,5.0,,,,,,,2.0,,6.0,,1.0,,4.0,,,,,,,,,,,,1.0,1.0,1.0,1.0,1.0,1.0,6,3,3,3,2,5,6,6,3,2,60.0,55.0,50.0,55.0,60.0,55.0,70.0,60.0,40.0,35.0,1,1,2,1,1,1,2,2,2,2,2,2,2,1,1,1,1,1,1,2,1,1,2,1,1,1,1,2,1,2,2,1,1,1,2,1,2,2,1,1
542,2,3,2,2,2,2,2,2,4,4,,90.0,,1.0,2.0,3.0,6.0,,,,3.0,,1.0,20.0,,1.0,,,,,1.0,2.0,2.0,,,,,,,2.0,,10.0,,1.0,,,2.0,,,,,,,,,,,1.0,1.0,1.0,1.0,1.0,1.0,6,2,2,2,2,5,6,6,2,2,30.0,25.0,20.0,30.0,30.0,20.0,30.0,20.0,40.0,40.0,1,2,1,2,1,2,2,2,2,2,1,2,2,1,2,2,2,2,2,2,1,1,2,2,1,2,1,2,1,2,2,2,2,1,2,2,1,2,2,1
431,2,3,2,2,2,2,4,2,4,3,70.0,,,1.0,,,,3.0,4.0,3.0,,5.0,,,2.0,1.0,,,,,1.0,4.0,5.0,,,,,,,2.0,,6.0,,1.0,,4.0,,,,,,,,,,,,1.0,1.0,1.0,1.0,1.0,1.0,6,3,3,3,3,5,6,6,3,2,45.0,40.0,40.0,35.0,40.0,35.0,50.0,30.0,60.0,30.0,2,1,1,2,2,2,2,2,2,2,2,1,2,1,1,1,2,1,2,1,1,1,1,1,1,1,2,1,1,2,2,1,1,1,1,1,1,2,1,2
1142,2,3,2,2,2,2,2,2,5,2,,30.0,,1.0,,,,3.0,3.0,3.0,3.0,,1.0,20.0,,,2.0,,,,,,,1.0,2.0,3.0,20.0,,2.0,,3.0,,,,2.0,,3.0,1.0,1.0,1.0,1.0,1.0,1.0,1.0,1.0,1.0,1.0,,,,,,,6,2,2,2,2,5,6,6,2,1,30.0,25.0,25.0,25.0,25.0,25.0,25.0,25.0,25.0,25.0,1,2,2,2,2,2,1,2,1,1,2,1,2,2,1,1,2,1,2,1,1,1,2,2,1,1,2,1,2,2,1,1,1,1,2,2,1,1,2,1
1031,4,4,4,4,4,4,5,4,2,2,70.0,,,1.0,3.0,4.0,6.0,,,,6.0,,,,2.0,,2.0,1.0,4.0,5.0,,,,,,,,,,2.0,,6.0,,,1.0,,4.0,1.0,1.0,1.0,1.0,1.0,1.0,1.0,1.0,1.0,1.0,,,,,,,6,3,3,3,3,4,6,5,3,2,60.0,55.0,60.0,65.0,70.0,65.0,80.0,60.0,55.0,50.0,1,2,1,1,1,1,2,1,2,2,1,2,1,2,1,2,2,1,1,1,2,1,1,1,1,2,2,2,1,2,1,1,2,1,2,2,2,1,1,2
1843,2,2,2,1,2,2,4,2,4,2,,30.0,1.0,,,,,4.0,4.0,3.0,5.0,,1.0,30.0,,,2.0,1.0,2.0,3.0,,,,,,,,,,2.0,3.0,,,,1.0,,3.0,1.0,1.0,1.0,1.0,1.0,1.0,1.0,1.0,1.0,1.0,,,,,,,6,3,2,2,2,4,6,6,1,1,30.0,25.0,25.0,20.0,25.0,20.0,30.0,20.0,40.0,20.0,2,1,2,1,2,1,1,2,2,2,1,1,2,1,2,2,2,2,2,2,1,2,1,2,2,2,2,2,2,1,1,2,2,1,2,1,1,2,1,2
1930,4,4,4,5,5,5,5,4,2,2,70.0,,4.0,,,,,3.0,4.0,5.0,,5.0,1.0,50.0,,,2.0,2.0,4.0,4.0,,,,,,,20.0,,,2.0,4.0,,,,2.0,4.0,,1.0,1.0,1.0,1.0,1.0,1.0,1.0,1.0,1.0,1.0,,,,,,,6,3,3,3,3,5,6,6,3,2,60.0,55.0,60.0,70.0,70.0,65.0,80.0,60.0,40.0,35.0,2,2,2,2,2,1,2,2,2,2,2,2,2,1,1,1,2,2,2,1,2,1,2,1,1,2,1,2,2,2,2,2,2,2,2,1,1,2,1,2
765,4,4,4,4,4,4,5,4,2,2,,30.0,4.0,,,,,4.0,4.0,3.0,,5.0,,,2.0,1.0,,2.0,4.0,5.0,,,,,,,18.0,,1.0,,5.0,,,,1.0,4.0,,,,,,,,,,,,1.0,1.0,1.0,1.0,1.0,1.0,6,3,4,3,3,5,6,5,3,2,60.0,55.0,58.0,65.0,70.0,62.0,75.0,60.0,50.0,45.0,1,2,2,1,2,1,1,2,2,1,2,2,2,1,2,2,2,1,1,2,1,1,1,2,1,2,1,2,2,1,2,2,2,1,1,1,2,1,2,2
616,5,4,5,5,5,5,5,5,2,2,70.0,,,2.0,,,,4.0,4.0,3.0,5.0,,,,2.0,1.0,,,,,,,,2.0,4.0,5.0,,20.0,1.0,,5.0,,,1.0,,,5.0,1.0,1.0,1.0,1.0,1.0,1.0,1.0,1.0,1.0,1.0,,,,,,,6,3,2,2,2,5,6,6,3,2,62.0,55.0,60.0,70.0,75.0,65.0,80.0,60.0,50.0,45.0,2,2,2,1,2,1,2,1,1,2,1,2,2,1,1,2,2,2,1,1,2,2,2,2,1,2,1,2,1,1,2,2,1,2,2,2,1,1,1,2
583,4,4,4,3,4,4,5,4,2,2,,30.0,,1.0,,,,3.0,4.0,3.0,,5.0,,,2.0,,2.0,,,,,,,2.0,4.0,5.0,,18.0,1.0,,,6.0,,,1.0,4.0,,,,,,,,,,,,1.0,1.0,1.0,1.0,1.0,1.0,6,3,4,3,3,5,6,6,3,2,55.0,45.0,50.0,60.0,60.0,55.0,65.0,50.0,40.0,35.0,1,2,2,1,2,2,2,1,2,1,2,2,2,1,1,1,1,1,1,2,2,1,2,1,2,2,1,1,2,2,1,2,2,2,2,2,1,1,2,2
179,5,5,5,5,5,5,5,5,1,1,70.0,,1.0,,,,,3.0,4.0,2.0,,6.0,1.0,50.0,,,2.0,,,,1.0,5.0,6.0,,,,,20.0,,2.0,,,3.0,,2.0,5.0,,,,,,,,,,,,1.0,1.0,1.0,1.0,1.0,1.0,6,3,2,2,2,5,6,6,3,2,60.0,55.0,60.0,70.0,75.0,65.0,80.0,60.0,40.0,35.0,2,2,1,2,2,1,1,2,1,2,2,1,1,1,2,1,1,1,1,1,2,1,2,1,2,2,1,1,2,2,1,2,1,2,2,1,1,1,2,2
1365,5,5,5,5,5,5,5,5,2,2,,30.0,,2.0,,,,4.0,4.0,3.0,,5.0,1.0,40.0,,1.0,,,,,3.0,5.0,6.0,,,,,,,2.0,,,3.0,,2.0,5.0,,,,,,,,,,,,1.0,1.0,1.0,1.0,1.0,1.0,6,3,2,2,2,5,6,6,3,2,65.0,60.0,60.0,70.0,75.0,70.0,80.0,65.0,40.0,35.0,2,1,2,1,2,2,2,1,2,1,1,2,2,2,2,1,2,2,1,2,2,1,1,1,2,1,1,1,1,1,2,2,1,2,1,2,2,2,2,1
1216,2,3,2,2,2,2,2,2,1,1,70.0,,,1.0,,,,3.0,4.0,3.0,,5.0,,,2.0,,2.0,,,,1.0,4.0,5.0,,,,,,,2.0,,7.0,,1.0,,3.0,,,,,,,,,,,,1.0,1.0,1.0,1.0,1.0,1.0,6,2,3,3,3,4,6,6,2,2,40.0,30.0,35.0,30.0,30.0,25.0,30.0,20.0,60.0,50.0,2,2,1,2,2,2,2,2,1,2,2,1,1,1,1,2,2,2,2,1,1,2,1,1,1,2,2,2,1,1,1,2,2,2,2,2,1,1,1,2
1183,2,3,2,2,3,2,4,2,4,3,,30.0,1.0,,,,,3.0,4.0,2.0,5.0,,1.0,35.0,,,2.0,,,,,,,1.0,4.0,4.0,20.0,,,2.0,3.0,,,1.0,,4.0,,,,,,,,,,,,1.0,1.0,1.0,1.0,1.0,1.0,6,2,3,3,2,5,6,6,3,2,40.0,35.0,30.0,30.0,35.0,30.0,40.0,30.0,50.0,30.0,2,1,1,1,2,2,1,1,2,2,1,2,2,1,2,2,2,2,1,1,1,1,1,2,1,1,1,1,2,2,1,2,1,2,1,2,1,1,1,2
1579,2,3,2,2,2,2,2,2,4,3,70.0,,3.0,,,,,4.0,4.0,3.0,,5.0,1.0,30.0,,1.0,,1.0,3.0,4.0,,,,,,,,,2.0,,,,3.0,,1.0,3.0,,1.0,1.0,1.0,1.0,1.0,1.0,1.0,1.0,1.0,1.0,,,,,,,6,3,2,2,2,5,6,6,3,2,40.0,35.0,30.0,35.0,35.0,30.0,40.0,30.0,50.0,40.0,2,1,1,2,2,1,1,1,2,1,2,1,2,2,1,2,1,2,1,1,1,1,1,1,1,1,2,1,2,1,2,2,1,1,1,1,1,1,1,2
1882,2,3,2,2,3,2,4,2,4,3,,30.0,4.0,,,,,3.0,4.0,5.0,5.0,,1.0,40.0,,1.0,,2.0,3.0,4.0,,,,,,,18.0,,1.0,,,5.0,,1.0,,4.0,,,,,,,,,,,,1.0,1.0,1.0,1.0,1.0,1.0,6,2,3,3,3,5,6,6,2,2,45.0,40.0,35.0,30.0,35.0,30.0,40.0,30.0,50.0,35.0,2,1,1,2,2,2,2,2,1,1,2,2,1,2,1,2,1,1,2,1,1,2,1,1,1,1,2,2,1,2,1,2,2,2,1,2,2,1,2,1
878,2,3,2,2,2,2,4,2,4,2,70.0,,,1.0,,,,3.0,4.0,2.0,,5.0,1.0,30.0,,1.0,,,,,,,,1.0,4.0,5.0,,20.0,,2.0,,7.0,,1.0,,,4.0,,,,,,,,,,,1.0,1.0,1.0,1.0,1.0,1.0,6,3,2,2,2,4,6,6,3,2,40.0,35.0,30.0,30.0,35.0,30.0,40.0,25.0,50.0,25.0,2,2,2,2,1,2,1,2,1,1,2,1,1,2,1,2,2,1,1,2,1,2,1,1,1,2,2,1,1,2,1,1,1,1,2,1,1,2,2,2
1174,4,4,4,3,4,4,5,4,2,2,70.0,,,1.0,,,,4.0,3.0,3.0,5.0,,1.0,50.0,,1.0,,,,,,,,2.0,4.0,4.0,,20.0,,2.0,4.0,,,,1.0,,4.0,1.0,1.0,1.0,1.0,1.0,1.0,1.0,1.0,1.0,1.0,,,,,,,6,3,3,3,3,5,6,6,3,1,60.0,55.0,60.0,60.0,65.0,60.0,70.0,60.0,50.0,45.0,2,2,2,2,2,2,2,2,2,2,2,2,2,2,2,2,2,2,2,2,2,2,2,2,2,2,2,2,2,2,2,2,2,2,2,2,2,2,2,2
1007,4,4,4,4,4,4,4,4,2,2,,50.0,4.0,,3.0,4.0,6.0,,,,5.0,,,,2.0,,2.0,,,,,,,2.0,4.0,5.0,,,1.0,,,6.0,,,2.0,,4.0,1.0,1.0,1.0,1.0,1.0,1.0,1.0,1.0,1.0,1.0,,,,,,,6,3,4,4,2,5,6,6,3,2,60.0,55.0,60.0,65.0,65.0,60.0,70.0,55.0,50.0,45.0,1,2,1,2,2,2,2,2,1,2,2,2,1,2,2,2,1,2,1,2,1,1,2,2,2,1,1,2,2,1,1,2,2,2,2,2,1,2,1,2
1392,4,4,4,3,4,4,4,3,2,2,,30.0,,1.0,3.0,3.0,5.0,,,,5.0,,1.0,40.0,,,2.0,1.0,4.0,4.0,,,,,,,,,1.0,,3.0,,,1.0,,4.0,,,,,,,,,,,,1.0,1.0,1.0,1.0,1.0,1.0,6,2,3,3,3,5,6,6,3,2,60.0,55.0,60.0,60.0,65.0,60.0,70.0,55.0,50.0,45.0,2,2,2,2,1,1,2,2,2,1,2,2,1,1,1,2,2,1,2,2,2,2,2,1,2,2,2,2,2,1,2,2,1,2,2,2,2,1,2,1
1768,5,5,5,5,5,5,5,5,1,1,,30.0,,1.0,3.0,4.0,6.0,,,,5.0,,1.0,54.0,,1.0,,,,,,,,1.0,5.0,6.0,,20.0,1.0,,7.0,,,1.0,,,5.0,,,,,,,,,,,1.0,1.0,1.0,1.0,1.0,1.0,7,3,3,3,2,6,7,6,3,2,65.0,60.0,60.0,70.0,75.0,70.0,80.0,60.0,40.0,35.0,1,1,2,2,2,2,1,1,1,2,2,1,2,2,1,1,1,2,2,2,2,1,1,1,1,2,2,1,1,1,1,1,1,1,1,1,2,2,2,1
574,4,4,4,2,3,2,5,3,2,2,70.0,,4.0,,3.0,4.0,6.0,,,,,5.0,1.0,40.0,,1.0,,,,,,,,2.0,4.0,5.0,,18.0,,2.0,,6.0,,1.0,,,4.0,1.0,1.0,1.0,1.0,1.0,1.0,1.0,1.0,1.0,1.0,,,,,,,6,3,2,3,3,5,6,6,3,2,55.0,50.0,50.0,45.0,50.0,45.0,60.0,55.0,60.0,40.0,2,1,2,2,1,1,2,2,1,1,2,2,2,1,1,1,1,2,1,2,1,1,1,1,1,2,2,2,2,2,2,1,1,2,1,1,2,1,2,1
407,4,4,4,4,4,4,5,4,2,3,70.0,,,1.0,,,,4.0,4.0,3.0,5.0,,,,2.0,,2.0,1.0,4.0,4.0,,,,,,,,,,2.0,,6.0,,1.0,,4.0,,1.0,1.0,1.0,1.0,1.0,1.0,1.0,1.0,1.0,1.0,,,,,,,6,3,3,3,3,5,6,6,3,2,55.0,48.0,52.0,60.0,65.0,58.0,70.0,50.0,40.0,45.0,2,2,1,1,2,2,1,1,1,2,2,1,2,1,2,2,2,2,2,2,1,2,2,2,1,2,1,2,1,1,1,2,2,2,1,2,1,2,2,2
792,3,3,3,3,3,3,3,3,3,3,,50.0,3.0,,,,,3.0,3.0,3.0,3.0,,,,2.0,,2.0,3.0,3.0,3.0,,,,,,,,10.0,2.0,,,,1.0,1.0,,3.0,,1.0,1.0,1.0,1.0,1.0,1.0,1.0,1.0,1.0,1.0,,,,,,,6,3,3,3,3,5,5,5,2,1,50.0,50.0,50.0,50.0,50.0,50.0,50.0,50.0,50.0,50.0,1,1,2,2,2,2,1,2,1,1,2,2,1,2,1,2,2,1,2,1,2,1,2,2,1,1,1,2,2,1,2,1,2,1,1,2,2,2,2,1
368,5,5,5,5,5,5,5,5,2,2,70.0,,,1.0,,,,4.0,3.0,5.0,5.0,,,,2.0,,2.0,,,,2.0,5.0,6.0,,,,2.0,,1.0,,,6.0,,,2.0,,5.0,1.0,1.0,1.0,1.0,1.0,1.0,1.0,1.0,1.0,1.0,,,,,,,6,2,2,2,2,5,6,6,3,2,60.0,55.0,60.0,65.0,70.0,60.0,75.0,60.0,55.0,50.0,1,2,1,1,2,2,2,1,1,2,2,2,2,2,2,2,2,2,2,1,2,1,2,2,1,1,1,2,1,2,1,2,1,1,1,1,2,1,2,2
19,4,4,4,5,5,5,5,5,2,2,,30.0,,1.0,,,,3.0,4.0,3.0,,5.0,,,2.0,,2.0,,,,1.0,5.0,6.0,,,,18.0,,1.0,,,,3.0,,2.0,,5.0,1.0,1.0,1.0,1.0,1.0,1.0,1.0,1.0,1.0,1.0,,,,,,,6,2,3,2,2,5,6,5,3,2,62.0,55.0,60.0,70.0,68.0,65.0,75.0,60.0,40.0,45.0,2,2,1,2,1,2,2,1,2,2,1,1,2,2,1,2,1,2,1,2,1,2,2,1,2,2,1,1,1,2,1,2,2,2,2,1,1,1,1,2
1875,5,5,5,5,5,5,5,5,1,1,70.0,,,1.0,3.0,4.0,6.0,,,,5.0,,,,2.0,1.0,,1.0,5.0,6.0,,,,,,,,,1.0,,3.0,,,,2.0,,5.0,,,,,,,,,,,1.0,1.0,1.0,1.0,1.0,1.0,6,3,2,2,3,5,6,6,3,2,60.0,55.0,60.0,70.0,75.0,65.0,80.0,60.0,30.0,35.0,2,2,2,2,2,2,2,2,2,2,2,2,2,2,1,2,2,2,2,2,2,2,1,1,2,2,2,1,1,2,1,2,2,2,2,2,2,1,2,2
1906,4,4,4,5,5,5,5,4,2,2,70.0,,,2.0,3.0,4.0,6.0,,,,5.0,,,,2.0,1.0,,,,,,,,2.0,4.0,5.0,,18.0,1.0,,,5.0,,1.0,,4.0,,,,,,,,,,,,1.0,1.0,1.0,1.0,1.0,1.0,6,3,3,3,2,5,6,6,3,2,60.0,55.0,58.0,65.0,70.0,65.0,75.0,60.0,40.0,35.0,1,2,2,1,2,2,1,1,2,1,1,1,2,2,1,2,1,1,2,1,1,1,2,1,1,2,2,1,2,1,1,1,1,1,1,2,2,2,2,2
1353,5,5,5,5,5,5,5,5,1,1,,30.0,,1.0,,,,4.0,4.0,3.0,5.0,,1.0,54.0,,,2.0,,,,,,,4.0,4.0,5.0,16.0,,1.0,,3.0,,,1.0,,,5.0,1.0,1.0,1.0,1.0,1.0,1.0,1.0,1.0,1.0,1.0,,,,,,,6,2,2,3,3,5,6,6,3,2,62.0,54.0,58.0,67.0,65.0,60.0,70.0,59.0,41.0,38.0,2,2,1,1,1,2,2,2,1,1,1,2,2,2,2,1,1,2,2,1,2,2,2,2,1,2,2,2,2,2,2,1,2,1,1,2,2,1,1,2
1220,2,3,2,2,2,2,2,2,4,3,90.0,,,1.0,3.0,4.0,6.0,,,,3.0,,,,2.0,,2.0,1.0,2.0,2.0,,,,,,,20.0,,,2.0,3.0,,,1.0,,,2.0,1.0,1.0,1.0,1.0,1.0,1.0,1.0,1.0,1.0,1.0,,,,,,,6,2,2,2,2,5,6,6,2,2,40.0,35.0,30.0,35.0,35.0,30.0,35.0,30.0,40.0,30.0,2,2,2,2,2,2,2,2,2,2,2,2,2,2,2,2,2,2,2,2,2,2,2,2,2,2,2,2,2,2,2,2,2,2,2,2,2,2,2,2
753,4,4,4,3,4,4,5,4,2,2,70.0,,4.0,,3.0,4.0,5.0,,,,5.0,,,,2.0,1.0,,,,,3.0,4.0,5.0,,,,2.0,,1.0,,4.0,,,1.0,,4.0,,1.0,1.0,1.0,1.0,1.0,1.0,1.0,1.0,1.0,1.0,,,,,,,6,3,2,2,3,5,6,6,3,2,55.0,48.0,50.0,60.0,62.0,58.0,70.0,54.0,45.0,40.0,1,2,2,1,2,2,1,2,1,1,1,2,2,1,1,1,1,1,1,1,2,2,1,1,1,1,2,2,2,2,1,2,2,1,1,2,2,2,1,1
620,2,2,2,1,2,2,2,1,5,4,,30.0,,1.0,,,,3.0,4.0,5.0,,5.0,,,2.0,1.0,,,,,,,,1.0,2.0,3.0,,,,2.0,,,1.0,,1.0,1.0,,1.0,1.0,1.0,1.0,1.0,1.0,1.0,1.0,1.0,1.0,,,,,,,6,2,2,2,3,5,6,6,1,1,30.0,25.0,25.0,20.0,25.0,20.0,20.0,15.0,40.0,30.0,1,2,1,2,2,2,2,2,1,2,1,2,1,1,2,2,1,1,1,2,2,1,2,1,2,2,2,1,2,2,2,2,2,2,2,1,2,1,2,2
1449,5,5,5,5,5,5,5,5,1,1,70.0,,,1.0,,,,3.0,4.0,5.0,,5.0,,,2.0,1.0,,2.0,4.0,4.0,,,,,,,20.0,,,2.0,,5.0,,1.0,,,5.0,,,,,,,,,,,1.0,1.0,1.0,1.0,1.0,1.0,6,2,2,2,2,5,6,6,3,2,70.0,65.0,60.0,75.0,80.0,70.0,85.0,60.0,30.0,25.0,2,2,1,2,2,2,2,2,1,2,2,2,2,1,1,1,2,2,1,2,2,1,2,1,1,1,2,1,2,2,2,2,2,2,1,1,2,2,2,2
1326,5,4,4,5,5,5,5,5,1,2,70.0,,,1.0,,,,4.0,3.0,3.0,5.0,,,,2.0,,2.0,,,,,,,2.0,4.0,5.0,,18.0,1.0,,,7.0,,2.0,,,4.0,,,,,,,,,,,1.0,1.0,1.0,1.0,1.0,1.0,6,3,4,4,2,5,6,6,3,2,62.0,54.0,58.0,67.0,70.0,65.0,72.0,60.0,38.0,41.0,1,2,2,2,2,1,2,1,1,1,2,2,2,1,2,1,2,2,2,1,1,2,1,1,2,2,2,2,1,2,2,2,1,1,2,1,2,1,1,1
1255,4,4,4,5,5,5,5,4,2,2,,30.0,4.0,,3.0,4.0,5.0,,,,,5.0,,,2.0,,2.0,,,,2.0,4.0,5.0,,,,18.0,,1.0,,4.0,,,2.0,,,4.0,,,,,,,,,,,1.0,1.0,1.0,1.0,1.0,1.0,6,3,3,3,2,5,6,6,3,2,62.0,55.0,60.0,68.0,70.0,65.0,75.0,60.0,40.0,38.0,1,1,1,2,1,2,2,1,2,2,2,2,2,2,1,2,2,1,2,1,1,2,2,2,1,2,2,1,2,2,1,1,2,2,1,1,1,2,1,1
726,2,3,2,2,2,2,2,2,5,2,,30.0,,1.0,,,,3.0,4.0,2.0,3.0,,,,2.0,1.0,,,,,1.0,2.0,3.0,,,,,0.0,2.0,,,,1.0,,2.0,2.0,,1.0,1.0,1.0,1.0,1.0,1.0,1.0,1.0,1.0,1.0,,,,,,,6,2,2,2,2,5,6,6,1,1,40.0,35.0,30.0,30.0,30.0,30.0,30.0,30.0,40.0,30.0,1,1,1,2,1,2,2,2,2,2,1,2,2,1,1,2,2,2,1,2,2,2,2,2,1,1,2,2,2,2,2,2,2,2,1,2,1,2,2,1
655,5,5,5,5,5,5,5,5,1,1,,30.0,,2.0,3.0,4.0,6.0,,,,5.0,,1.0,45.0,,,2.0,1.0,5.0,6.0,,,,,,,2.0,,1.0,,,,3.0,,1.0,,5.0,,,,,,,,,,,1.0,1.0,1.0,1.0,1.0,1.0,7,3,4,3,2,5,6,5,3,2,62.0,54.0,58.0,66.0,68.0,60.0,74.0,60.0,44.0,38.0,1,1,2,1,2,1,1,1,2,1,1,1,1,1,2,2,2,1,1,1,2,2,2,2,1,2,2,2,1,2,2,2,2,2,2,2,2,1,2,1
948,2,3,2,2,3,2,4,2,4,3,,30.0,1.0,,2.0,3.0,5.0,,,,5.0,,1.0,25.0,,,2.0,1.0,2.0,2.0,,,,,,,,,2.0,,3.0,,,1.0,,3.0,,1.0,1.0,1.0,1.0,1.0,1.0,1.0,1.0,1.0,1.0,,,,,,,6,3,2,2,3,5,6,6,2,2,40.0,35.0,30.0,25.0,30.0,20.0,35.0,25.0,50.0,30.0,2,2,2,2,2,2,1,2,1,2,1,1,1,2,1,2,1,1,1,2,1,1,2,1,1,1,2,1,1,2,1,2,1,1,2,1,2,1,2,1
1294,4,4,4,4,4,4,5,4,2,2,,30.0,,2.0,2.0,4.0,6.0,,,,5.0,,1.0,40.0,,,2.0,,,,2.0,4.0,5.0,,,,,20.0,,2.0,5.0,,,,2.0,4.0,,,,,,,,,,,,1.0,1.0,1.0,1.0,1.0,1.0,6,3,3,3,2,5,6,6,3,2,60.0,55.0,60.0,65.0,65.0,60.0,70.0,60.0,40.0,40.0,1,1,2,2,2,2,2,1,2,1,1,1,2,2,2,1,2,1,2,2,2,1,1,2,1,2,1,2,1,1,2,2,1,2,1,1,2,1,1,1
1101,4,4,4,4,4,4,4,4,2,2,,30.0,,1.0,3.0,3.0,5.0,,,,5.0,,,,2.0,1.0,,2.0,4.0,4.0,,,,,,,,,,2.0,,,3.0,1.0,,,4.0,,,,,,,,,,,1.0,1.0,1.0,1.0,1.0,1.0,6,3,3,3,2,4,6,6,3,2,60.0,55.0,60.0,65.0,70.0,60.0,75.0,60.0,40.0,35.0,1,2,1,2,2,1,2,2,1,2,2,2,2,2,1,2,2,1,1,2,1,1,1,1,2,2,2,1,2,1,1,1,2,2,2,1,1,1,2,2
1488,4,4,4,4,4,4,5,4,2,2,,30.0,4.0,,3.0,4.0,6.0,,,,,5.0,1.0,40.0,,1.0,,2.0,4.0,5.0,,,,,,,,20.0,1.0,,,7.0,,,2.0,,4.0,1.0,1.0,1.0,1.0,1.0,1.0,1.0,1.0,1.0,1.0,,,,,,,6,3,3,3,3,4,6,6,3,2,60.0,55.0,60.0,65.0,70.0,60.0,75.0,60.0,50.0,45.0,2,1,2,2,1,2,2,1,2,2,2,1,2,2,2,2,2,1,2,2,2,2,2,1,1,2,2,1,1,2,2,1,2,2,2,1,1,1,1,2
1072,4,4,4,4,4,4,4,4,2,2,70.0,,,1.0,,,,4.0,4.0,3.0,,5.0,,,2.0,1.0,,2.0,4.0,4.0,,,,,,,,16.0,1.0,,,6.0,,1.0,,,4.0,1.0,1.0,1.0,1.0,1.0,1.0,1.0,1.0,1.0,1.0,,,,,,,6,3,3,3,3,5,6,6,3,2,60.0,55.0,60.0,65.0,65.0,60.0,70.0,55.0,50.0,45.0,2,2,2,2,1,1,1,2,2,2,2,1,1,1,2,2,1,2,2,1,1,2,2,1,1,1,2,1,2,1,1,2,1,2,2,2,2,1,2,1
694,5,5,5,5,5,5,5,5,2,2,,30.0,4.0,,2.0,3.0,6.0,,,,,6.0,1.0,54.0,,,2.0,,,,2.0,5.0,6.0,,,,,,1.0,,5.0,,,1.0,,5.0,,1.0,1.0,1.0,1.0,1.0,1.0,1.0,1.0,1.0,1.0,,,,,,,6,3,4,3,2,5,6,5,3,2,62.0,55.0,60.0,68.0,70.0,65.0,75.0,60.0,40.0,45.0,2,1,2,2,2,2,1,1,1,1,1,2,1,2,2,2,1,2,2,2,1,1,2,2,1,1,1,1,2,1,2,1,2,2,1,2,2,2,2,1
501,4,4,4,5,5,5,5,4,2,2,70.0,,,1.0,,,,3.0,4.0,3.0,,5.0,1.0,40.0,,1.0,,2.0,4.0,5.0,,,,,,,18.0,,1.0,,,6.0,,2.0,,4.0,,,,,,,,,,,,1.0,1.0,1.0,1.0,1.0,1.0,6,3,4,3,3,5,6,5,3,2,60.0,55.0,58.0,65.0,68.0,62.0,70.0,55.0,40.0,38.0,2,2,1,2,1,2,1,1,2,1,1,2,2,1,2,2,2,1,1,2,2,2,2,1,2,2,1,1,1,1,2,1,2,1,2,2,2,2,1,2
472,2,2,2,2,2,2,2,2,1,1,,30.0,,1.0,3.0,4.0,6.0,,,,5.0,,1.0,50.0,,,2.0,,,,1.0,2.0,2.0,,,,,,2.0,,,10.0,,,2.0,1.0,,,,,,,,,,,,1.0,1.0,1.0,1.0,1.0,1.0,6,2,2,2,3,5,6,6,1,1,30.0,25.0,25.0,20.0,20.0,15.0,20.0,10.0,60.0,60.0,1,2,1,1,2,2,1,2,1,2,1,2,1,2,1,1,1,2,2,1,2,1,2,1,2,2,2,2,1,2,1,1,2,2,2,1,1,2,2,1
989,4,4,4,5,5,5,5,5,2,2,70.0,,,1.0,,,,3.0,4.0,5.0,5.0,,,,2.0,,2.0,2.0,4.0,5.0,,,,,,,18.0,,1.0,,4.0,,,,1.0,,5.0,,,,,,,,,,,1.0,1.0,1.0,1.0,1.0,1.0,6,3,4,3,3,5,6,5,3,2,60.0,55.0,58.0,65.0,70.0,62.0,75.0,60.0,40.0,35.0,1,1,2,1,2,2,1,2,1,2,1,2,2,1,2,1,1,2,2,2,2,1,1,1,2,2,1,1,2,1,2,1,1,1,1,1,2,2,2,2
1800,5,5,5,5,5,5,5,5,2,2,70.0,,,1.0,,,,3.0,4.0,2.0,,5.0,1.0,40.0,,1.0,,,,,,,,2.0,4.0,5.0,,,,2.0,,,2.0,1.0,,4.0,,1.0,1.0,1.0,1.0,1.0,1.0,1.0,1.0,1.0,1.0,,,,,,,6,3,2,3,3,5,6,6,3,1,60.0,55.0,60.0,70.0,75.0,65.0,80.0,60.0,40.0,35.0,2,1,2,1,2,1,2,2,1,2,1,1,1,1,1,2,2,2,2,2,1,1,2,1,2,2,2,1,2,2,1,2,2,1,2,1,1,1,1,1
1973,4,4,4,4,4,4,4,4,2,2,70.0,,4.0,,3.0,3.0,5.0,,,,5.0,,1.0,40.0,,,2.0,,,,,,,3.0,4.0,4.0,,15.0,1.0,,,,3.0,,2.0,4.0,,1.0,1.0,1.0,1.0,1.0,1.0,1.0,1.0,1.0,1.0,,,,,,,6,3,3,3,3,5,6,6,3,1,60.0,55.0,50.0,60.0,65.0,60.0,70.0,55.0,40.0,35.0,2,2,2,2,2,1,1,2,2,2,2,2,2,2,2,2,2,2,2,2,2,2,1,1,2,1,2,1,1,2,2,2,1,2,1,1,2,1,1,2
831,2,2,2,2,2,2,4,2,4,2,70.0,,1.0,,2.0,3.0,6.0,,,,,5.0,,,2.0,1.0,,,,,,,,1.0,2.0,3.0,,,,2.0,,7.0,,1.0,,2.0,,1.0,1.0,1.0,1.0,1.0,1.0,1.0,1.0,1.0,1.0,,,,,,,6,2,2,2,2,5,6,6,2,2,30.0,25.0,25.0,20.0,20.0,15.0,20.0,15.0,40.0,25.0,1,1,2,2,1,1,2,1,2,1,2,2,2,2,2,1,2,2,1,1,2,2,1,2,1,2,1,2,2,1,2,2,2,2,1,2,2,2,1,1
942,5,5,5,5,5,5,5,5,2,2,,30.0,,1.0,,,,4.0,4.0,3.0,,5.0,,,2.0,1.0,,,,,1.0,5.0,6.0,,,,,,1.0,,,7.0,,1.0,,5.0,,,,,,,,,,,,1.0,1.0,1.0,1.0,1.0,1.0,6,2,2,2,2,5,6,6,3,2,60.0,55.0,60.0,70.0,70.0,65.0,80.0,60.0,40.0,40.0,1,2,1,2,1,2,1,1,2,2,1,1,2,1,1,1,1,2,2,2,1,1,2,1,2,2,1,2,2,1,1,2,1,1,1,2,2,1,1,1
1530,2,3,2,2,2,2,2,2,4,4,,30.0,1.0,,,,,3.0,3.0,4.0,,5.0,1.0,50.0,,1.0,,,,,1.0,2.0,4.0,,,,,,,2.0,,,3.0,1.0,,,3.0,1.0,1.0,1.0,1.0,1.0,1.0,1.0,1.0,1.0,1.0,,,,,,,6,2,2,2,2,4,6,6,2,1,40.0,35.0,35.0,30.0,30.0,25.0,30.0,20.0,40.0,40.0,2,1,2,2,2,2,2,2,2,2,1,1,1,2,2,2,1,2,2,1,1,2,1,1,2,1,1,2,2,2,1,1,1,2,2,2,2,2,2,2
1443,5,5,5,5,5,5,5,5,1,1,,30.0,,1.0,3.0,4.0,6.0,,,,5.0,,,,2.0,1.0,,4.0,5.0,6.0,,,,,,,,,,2.0,,,3.0,,2.0,,5.0,,,,,,,,,,,1.0,1.0,1.0,1.0,1.0,1.0,6,3,2,2,2,5,6,6,3,2,65.0,60.0,60.0,80.0,80.0,75.0,85.0,70.0,40.0,35.0,1,1,2,1,2,2,2,2,1,2,2,1,2,2,2,1,2,2,2,1,1,2,2,2,1,1,2,2,2,2,1,2,2,1,2,2,2,2,2,1
130,4,4,4,4,4,4,5,4,2,2,70.0,,4.0,,,,,3.0,4.0,2.0,,5.0,,,2.0,1.0,,,,,,,,2.0,4.0,5.0,,16.0,,2.0,,6.0,,1.0,,,4.0,1.0,1.0,1.0,1.0,1.0,1.0,1.0,1.0,1.0,1.0,,,,,,,6,3,2,3,2,5,6,5,3,2,62.0,55.0,60.0,65.0,68.0,60.0,75.0,58.0,52.0,50.0,2,1,2,2,2,1,2,2,2,2,1,2,2,2,2,2,1,2,2,2,1,2,2,2,1,2,1,2,2,2,2,1,1,2,2,2,1,1,1,1
66,4,4,4,3,4,4,5,4,2,2,70.0,,4.0,,3.0,4.0,5.0,,,,5.0,,,,2.0,,2.0,2.0,4.0,5.0,,,,,,,2.0,,,2.0,4.0,,,1.0,,4.0,,,,,,,,,,,,1.0,1.0,1.0,1.0,1.0,1.0,6,3,4,3,2,5,6,5,3,2,62.0,54.0,56.0,60.0,65.0,60.0,70.0,55.0,58.0,52.0,1,2,2,2,2,2,1,2,2,2,1,2,1,2,2,1,2,1,1,1,1,2,1,1,1,2,1,1,1,2,2,1,2,1,2,1,1,2,2,1
983,2,2,2,1,2,2,2,1,5,5,,30.0,1.0,,,,,4.0,4.0,4.0,5.0,,2.0,10.0,,1.0,,,,,1.0,1.0,1.0,,,,,,2.0,,,10.0,,,1.0,1.0,,,,,,,,,,,,1.0,1.0,1.0,1.0,1.0,1.0,6,2,2,2,2,4,6,6,1,2,30.0,30.0,30.0,20.0,20.0,20.0,20.0,20.0,60.0,60.0,1,1,1,1,1,1,1,2,1,1,1,1,1,2,1,1,2,2,1,1,1,1,2,1,1,1,2,1,1,1,1,1,1,2,1,2,1,2,1,1
2017,4,4,4,5,5,5,5,5,2,2,,30.0,4.0,,2.0,3.0,6.0,,,,5.0,,,,2.0,1.0,,2.0,4.0,4.0,,,,,,,18.0,,,2.0,,5.0,,1.0,,,4.0,1.0,1.0,1.0,1.0,1.0,1.0,1.0,1.0,1.0,1.0,,,,,,,6,3,2,3,3,5,6,6,3,2,60.0,55.0,60.0,70.0,65.0,65.0,70.0,60.0,50.0,45.0,2,1,2,2,1,1,1,2,2,2,1,2,2,2,2,1,1,2,2,2,2,2,2,1,1,1,1,2,1,2,1,2,2,1,1,1,1,1,1,2
1979,5,5,5,5,5,5,5,5,1,1,70.0,,,1.0,,,,3.0,4.0,5.0,,6.0,1.0,54.0,,,2.0,,,,,,,1.0,5.0,6.0,,,,2.0,,,3.0,,2.0,5.0,,,,,,,,,,,,1.0,1.0,1.0,1.0,1.0,1.0,6,2,2,2,2,5,6,6,3,2,65.0,60.0,60.0,70.0,75.0,70.0,80.0,60.0,40.0,35.0,2,1,1,2,2,2,2,2,2,2,1,1,2,2,2,1,1,2,2,1,2,1,1,1,1,1,2,2,2,1,2,2,2,1,1,1,1,2,1,2
1717,2,3,2,2,3,2,4,2,4,3,70.0,,4.0,,3.0,4.0,6.0,,,,5.0,,1.0,40.0,,1.0,,,,,2.0,4.0,5.0,,,,,18.0,,2.0,,,3.0,,2.0,4.0,,1.0,1.0,1.0,1.0,1.0,1.0,1.0,1.0,1.0,1.0,,,,,,,6,3,4,3,3,5,6,5,3,2,55.0,40.0,45.0,40.0,50.0,35.0,60.0,45.0,55.0,35.0,1,1,2,1,1,1,2,1,2,1,1,1,2,1,1,1,1,2,1,2,2,2,1,2,1,1,2,2,2,2,1,2,2,2,2,1,2,2,2,2
1664,5,5,5,5,5,5,5,5,1,1,,30.0,4.0,,,,,4.0,5.0,3.0,5.0,,1.0,40.0,,,2.0,,,,,,,2.0,4.0,4.0,,20.0,1.0,,,,2.0,1.0,,4.0,,,,,,,,,,,,1.0,1.0,1.0,1.0,1.0,1.0,6,3,3,3,3,5,6,6,3,2,60.0,55.0,60.0,70.0,70.0,65.0,80.0,60.0,40.0,35.0,2,2,1,2,2,2,1,2,1,1,1,2,2,1,2,2,2,2,2,1,2,1,1,1,2,2,1,2,1,1,2,1,2,2,2,2,1,2,2,2
1078,5,5,5,5,5,5,5,5,2,3,70.0,,4.0,,3.0,4.0,5.0,,,,,6.0,1.0,54.0,,,2.0,2.0,5.0,6.0,,,,,,,,20.0,1.0,,,,3.0,,2.0,5.0,,,,,,,,,,,,1.0,1.0,1.0,1.0,1.0,1.0,6,3,4,3,3,5,6,6,3,2,65.0,60.0,60.0,80.0,80.0,70.0,85.0,70.0,40.0,45.0,1,1,2,1,2,2,2,1,1,2,2,1,2,1,2,2,2,2,1,1,2,2,2,1,2,1,2,2,2,1,1,1,1,2,1,1,2,1,2,2
1482,3,3,3,3,3,3,3,3,2,2,70.0,,3.0,,,,,3.0,4.0,3.0,5.0,,1.0,50.0,,,2.0,,,,,,,3.0,4.0,4.0,20.0,,1.0,,,8.0,,1.0,,4.0,,,,,,,,,,,,1.0,1.0,1.0,1.0,1.0,1.0,6,3,3,3,3,5,6,6,3,2,50.0,40.0,40.0,40.0,40.0,40.0,40.0,40.0,30.0,30.0,1,2,2,1,1,2,2,2,2,1,2,1,2,1,1,2,1,1,2,1,2,2,2,1,2,1,2,2,1,1,2,1,2,2,1,2,2,1,2,1
317,5,5,5,5,5,5,5,5,1,1,70.0,,,1.0,,,,3.0,4.0,4.0,5.0,,1.0,50.0,,1.0,,,,,,,,2.0,4.0,6.0,,15.0,1.0,,,,3.0,1.0,,,5.0,1.0,1.0,1.0,1.0,1.0,1.0,1.0,1.0,1.0,1.0,,,,,,,6,3,2,2,3,5,6,6,3,1,60.0,55.0,60.0,65.0,70.0,60.0,75.0,60.0,40.0,35.0,2,1,2,1,1,2,2,1,1,2,1,1,1,2,2,2,1,1,2,2,2,1,2,2,1,2,2,2,1,1,1,1,2,2,1,1,1,1,2,2
264,5,4,5,5,5,5,5,5,2,2,70.0,,,1.0,,,,3.0,4.0,5.0,,5.0,1.0,30.0,,1.0,,,,,2.0,4.0,5.0,,,,,18.0,1.0,,,6.0,,1.0,,4.0,,,,,,,,,,,,1.0,1.0,1.0,1.0,1.0,1.0,6,2,3,3,2,5,6,6,3,2,60.0,55.0,60.0,70.0,70.0,65.0,80.0,60.0,40.0,40.0,1,2,2,2,2,1,1,2,2,1,2,1,1,1,2,2,2,2,1,1,2,2,2,1,1,2,1,1,2,2,1,2,2,1,1,2,1,1,1,1
478,5,5,5,5,5,5,5,5,1,1,,30.0,4.0,,3.0,4.0,6.0,,,,5.0,,1.0,54.0,,1.0,,,,,,,,2.0,5.0,6.0,,20.0,1.0,,,8.0,,,2.0,5.0,,1.0,1.0,1.0,1.0,1.0,1.0,1.0,1.0,1.0,1.0,,,,,,,6,3,2,2,2,5,6,6,3,2,65.0,60.0,62.0,70.0,75.0,68.0,80.0,60.0,30.0,35.0,1,2,2,2,1,1,1,1,1,2,2,1,1,2,2,2,2,2,1,2,2,2,2,1,1,1,1,2,2,1,1,1,2,1,2,1,2,2,1,2
885,4,4,4,4,4,4,5,4,2,2,70.0,,4.0,,2.0,3.0,6.0,,,,5.0,,,,2.0,,2.0,1.0,4.0,5.0,,,,,,,20.0,,,2.0,,,3.0,,2.0,,4.0,1.0,1.0,1.0,1.0,1.0,1.0,1.0,1.0,1.0,1.0,,,,,,,6,3,2,2,3,5,6,6,3,1,55.0,45.0,50.0,60.0,65.0,60.0,70.0,55.0,50.0,40.0,2,2,1,1,2,2,2,2,2,1,2,1,2,2,2,2,1,2,1,2,2,1,1,2,2,2,2,2,2,1,2,2,2,1,2,2,2,2,2,1
13,4,4,4,3,4,3,5,4,2,2,70.0,,,1.0,,,,3.0,4.0,3.0,,5.0,1.0,30.0,,1.0,,,,,2.0,4.0,5.0,,,,,,1.0,,4.0,,,,1.0,4.0,,1.0,1.0,1.0,1.0,1.0,1.0,1.0,1.0,1.0,1.0,,,,,,,6,3,2,2,2,5,6,6,3,2,60.0,55.0,60.0,50.0,60.0,50.0,70.0,60.0,40.0,40.0,1,2,2,1,2,2,1,1,2,1,2,1,1,1,1,1,2,1,2,2,2,2,2,1,2,2,1,1,2,2,1,2,1,2,2,2,1,1,2,2
1584,5,5,5,5,5,5,5,5,1,1,,30.0,,1.0,,,,3.0,3.0,4.0,,6.0,,,2.0,1.0,,,,,,,,1.0,5.0,6.0,,20.0,1.0,,5.0,,,,2.0,,5.0,1.0,1.0,1.0,1.0,1.0,1.0,1.0,1.0,1.0,1.0,,,,,,,6,2,2,2,2,5,6,6,3,2,65.0,55.0,60.0,70.0,75.0,65.0,80.0,60.0,30.0,35.0,2,2,1,1,2,1,2,1,1,2,2,2,2,1,1,2,2,1,2,2,1,2,2,2,2,1,2,1,1,2,1,2,2,2,2,2,1,1,1,1
1762,4,4,4,3,4,3,5,4,2,2,,30.0,,2.0,,,,4.0,4.0,3.0,5.0,,,,2.0,,2.0,2.0,4.0,4.0,,,,,,,2.0,,,2.0,,,2.0,1.0,,4.0,,,,,,,,,,,,1.0,1.0,1.0,1.0,1.0,1.0,6,3,4,3,3,5,6,5,3,2,55.0,48.0,52.0,60.0,62.0,54.0,70.0,50.0,45.0,40.0,1,2,1,1,1,1,2,2,2,1,2,2,2,2,2,2,1,2,1,2,1,2,1,1,1,1,1,2,1,1,1,1,1,2,1,2,2,2,2,1
1611,5,5,5,5,5,5,5,5,2,2,,30.0,,1.0,3.0,4.0,5.0,,,,,6.0,1.0,50.0,,1.0,,2.0,4.0,5.0,,,,,,,18.0,,,2.0,5.0,,,1.0,,4.0,,1.0,1.0,1.0,1.0,1.0,1.0,1.0,1.0,1.0,1.0,,,,,,,6,3,2,3,2,5,6,5,3,2,65.0,60.0,60.0,70.0,70.0,65.0,80.0,60.0,55.0,50.0,2,2,1,2,2,1,2,2,1,2,1,2,1,2,2,2,2,1,2,2,1,2,2,1,1,1,2,2,2,1,2,1,1,2,2,1,2,1,1,2
1398,4,4,4,4,4,4,5,4,2,2,,30.0,4.0,,,,,4.0,4.0,3.0,5.0,,1.0,50.0,,1.0,,3.0,4.0,4.0,,,,,,,,10.0,,2.0,4.0,,,,1.0,,4.0,1.0,1.0,1.0,1.0,1.0,1.0,1.0,1.0,1.0,1.0,,,,,,,6,3,3,3,3,4,6,6,3,2,60.0,55.0,50.0,60.0,65.0,60.0,70.0,55.0,50.0,45.0,1,2,2,2,2,1,1,1,2,1,2,1,1,1,1,2,1,2,1,2,2,2,2,1,1,2,1,2,1,1,2,2,2,2,1,1,2,1,2,2
184,2,4,2,2,2,2,4,2,4,2,70.0,,1.0,,,,,3.0,4.0,2.0,3.0,,1.0,30.0,,1.0,,,,,1.0,2.0,2.0,,,,,,,2.0,3.0,,,1.0,,,2.0,1.0,1.0,1.0,1.0,1.0,1.0,1.0,1.0,1.0,1.0,,,,,,,6,2,2,2,2,5,6,6,1,2,30.0,25.0,20.0,20.0,20.0,20.0,30.0,20.0,40.0,20.0,2,1,2,2,1,1,2,2,2,1,2,1,1,1,1,2,2,2,1,1,1,1,2,1,1,2,1,2,2,1,1,1,1,2,1,2,1,1,1,1
362,5,5,5,5,5,5,5,5,2,2,,30.0,4.0,,,,,3.0,4.0,3.0,5.0,,,,2.0,1.0,,,,,2.0,5.0,6.0,,,,,20.0,1.0,,5.0,,,1.0,,,5.0,1.0,1.0,1.0,1.0,1.0,1.0,1.0,1.0,1.0,1.0,,,,,,,6,2,2,2,2,5,6,6,3,2,65.0,60.0,60.0,70.0,75.0,70.0,80.0,60.0,40.0,35.0,1,2,1,2,2,2,1,2,1,1,2,1,2,2,1,2,2,2,1,1,1,2,1,2,1,2,2,2,2,2,2,2,2,1,2,1,1,2,2,1
211,2,3,2,2,2,2,4,2,4,2,,30.0,,1.0,,,,3.0,4.0,2.0,,5.0,,,2.0,1.0,,1.0,2.0,3.0,,,,,,,,,2.0,,,,1.0,1.0,,,3.0,1.0,1.0,1.0,1.0,1.0,1.0,1.0,1.0,1.0,1.0,,,,,,,6,3,2,3,3,4,6,5,2,1,40.0,30.0,30.0,30.0,30.0,30.0,40.0,30.0,40.0,30.0,1,1,2,1,2,2,2,2,2,1,1,1,2,2,1,1,2,1,2,1,2,1,2,1,2,1,1,2,2,2,2,1,2,1,2,2,1,1,2,1
798,5,5,5,5,5,5,5,5,1,1,70.0,,,1.0,,,,4.0,4.0,3.0,,5.0,,,2.0,1.0,,,,,1.0,5.0,6.0,,,,,20.0,,2.0,5.0,,,,2.0,,5.0,1.0,1.0,1.0,1.0,1.0,1.0,1.0,1.0,1.0,1.0,,,,,,,6,2,2,2,2,5,6,6,4,1,65.0,60.0,60.0,70.0,75.0,70.0,80.0,65.0,30.0,35.0,2,2,2,2,2,1,2,1,1,1,2,2,2,2,2,2,2,1,2,1,1,2,2,1,2,2,2,2,2,2,2,1,2,2,2,2,2,1,2,2
844,4,4,4,4,4,4,5,4,2,2,70.0,,,1.0,,,,4.0,4.0,3.0,,5.0,,,2.0,1.0,,,,,,,,3.0,4.0,5.0,4.0,,1.0,,,,3.0,,1.0,,4.0,,,,,,,,,,,1.0,1.0,1.0,1.0,1.0,1.0,6,3,3,3,3,5,6,6,3,2,60.0,55.0,58.0,62.0,65.0,60.0,70.0,55.0,40.0,38.0,2,2,1,2,2,1,1,2,2,1,2,1,2,2,1,2,1,1,2,2,2,2,2,2,2,1,2,2,1,2,1,2,1,2,2,2,1,2,2,1
937,5,5,5,5,5,5,5,5,2,2,,30.0,,1.0,3.0,4.0,6.0,,,,,5.0,,,2.0,1.0,,,,,2.0,4.0,4.0,,,,18.0,,,2.0,,,3.0,,2.0,,4.0,1.0,1.0,1.0,1.0,1.0,1.0,1.0,1.0,1.0,1.0,,,,,,,7,3,4,4,2,5,7,7,3,2,65.0,55.0,60.0,70.0,70.0,65.0,80.0,60.0,40.0,35.0,2,2,2,2,1,2,2,1,2,1,1,1,2,2,1,2,2,1,2,1,2,1,2,2,1,1,1,1,1,1,1,2,2,1,2,2,2,1,2,1
1359,2,2,2,2,2,2,4,2,4,2,70.0,,1.0,,3.0,4.0,6.0,,,,5.0,,1.0,25.0,,1.0,,,,,1.0,2.0,4.0,,,,,,2.0,,,,1.0,,1.0,,1.0,1.0,1.0,1.0,1.0,1.0,1.0,1.0,1.0,1.0,1.0,,,,,,,6,2,2,2,2,5,6,6,1,1,30.0,25.0,25.0,20.0,20.0,20.0,20.0,15.0,40.0,15.0,2,2,2,2,2,2,2,2,2,2,2,2,2,2,2,2,2,2,2,2,2,2,2,2,2,2,2,2,2,2,2,2,2,2,2,2,2,2,2,2
1545,2,3,2,2,3,2,4,2,4,3,70.0,,3.0,,,,,3.0,4.0,3.0,5.0,,1.0,40.0,,,2.0,1.0,2.0,3.0,,,,,,,20.0,,,2.0,,,3.0,,1.0,,3.0,,,,,,,,,,,1.0,1.0,1.0,1.0,1.0,1.0,6,3,4,3,3,5,6,5,2,2,40.0,35.0,30.0,30.0,35.0,30.0,40.0,25.0,50.0,30.0,2,2,1,1,2,1,1,2,2,2,1,2,1,2,1,2,2,2,2,1,2,2,1,1,2,2,2,1,2,1,2,1,2,2,2,2,2,2,1,2
1436,3,3,3,3,3,3,3,3,2,2,70.0,,1.0,,3.0,4.0,6.0,,,,,4.0,1.0,20.0,,,2.0,,,,3.0,3.0,4.0,,,,,10.0,2.0,,3.0,,,1.0,,,3.0,,,,,,,,,,,1.0,1.0,1.0,1.0,1.0,1.0,6,3,3,3,3,5,6,6,3,2,40.0,35.0,35.0,40.0,40.0,35.0,40.0,30.0,45.0,35.0,2,2,2,2,2,2,2,2,2,2,2,2,2,2,2,2,2,2,2,2,2,2,2,2,2,2,2,2,2,2,2,2,2,2,2,2,2,2,2,2
759,5,5,5,5,5,5,5,5,1,1,70.0,,4.0,,3.0,4.0,6.0,,,,,5.0,,,2.0,1.0,,,,,2.0,4.0,5.0,,,,20.0,,,2.0,,,3.0,,2.0,,5.0,,,,,,,,,,,1.0,1.0,1.0,1.0,1.0,1.0,6,3,2,2,3,5,6,6,3,2,60.0,55.0,60.0,70.0,75.0,65.0,80.0,60.0,40.0,35.0,1,2,1,1,1,2,2,1,2,1,1,1,2,2,2,1,2,1,1,2,1,2,2,1,2,2,2,1,2,1,2,2,1,2,2,1,1,1,1,1
145,4,4,4,4,4,4,4,4,2,2,,30.0,,2.0,,,,4.0,4.0,3.0,,5.0,1.0,30.0,,,2.0,2.0,4.0,4.0,,,,,,,20.0,,,2.0,,,3.0,1.0,,,4.0,,,,,,,,,,,1.0,1.0,1.0,1.0,1.0,1.0,6,2,3,3,2,5,6,6,3,2,60.0,55.0,50.0,60.0,65.0,60.0,70.0,55.0,40.0,35.0,1,1,2,1,1,2,2,1,1,2,1,2,1,2,2,1,1,2,2,1,1,1,1,1,2,1,1,2,1,1,2,2,2,2,2,2,1,2,2,2
2053,2,2,2,2,2,2,2,2,1,1,,30.0,1.0,,,,,3.0,4.0,5.0,5.0,,,,2.0,1.0,,,,,1.0,2.0,3.0,,,,20.0,,2.0,,3.0,,,,1.0,,2.0,,,,,,,,,,,1.0,1.0,1.0,1.0,1.0,1.0,6,2,2,2,2,4,6,6,2,2,40.0,35.0,30.0,25.0,30.0,20.0,30.0,20.0,60.0,50.0,1,2,1,1,2,2,1,1,1,1,2,2,2,1,2,1,2,2,2,2,2,1,2,1,2,1,2,1,1,2,1,2,1,1,2,1,1,1,2,1
22,5,5,5,5,5,5,5,5,1,1,,30.0,,1.0,3.0,4.0,6.0,,,,5.0,,1.0,40.0,,1.0,,,,,,,,2.0,5.0,6.0,,,,2.0,4.0,,,1.0,,5.0,,1.0,1.0,1.0,1.0,1.0,1.0,1.0,1.0,1.0,1.0,,,,,,,6,3,2,2,2,5,6,6,3,2,60.0,55.0,60.0,70.0,75.0,65.0,80.0,60.0,40.0,35.0,2,1,2,1,1,1,2,2,2,2,2,1,1,1,1,2,2,1,2,2,2,1,2,1,2,2,1,1,1,1,2,1,1,1,1,1,2,2,2,2
353,2,3,2,2,2,2,2,2,1,1,,30.0,,1.0,2.0,3.0,6.0,,,,,5.0,1.0,30.0,,1.0,,,,,1.0,2.0,2.0,,,,,,2.0,,,,1.0,1.0,,,2.0,,,,,,,,,,,1.0,1.0,1.0,1.0,1.0,1.0,6,3,2,2,2,4,6,6,1,2,30.0,25.0,25.0,20.0,20.0,15.0,20.0,10.0,40.0,30.0,2,2,1,2,2,1,2,2,2,2,1,1,1,1,2,2,2,2,2,2,2,1,1,1,2,1,2,1,1,2,2,1,1,1,1,2,1,1,1,2
220,2,3,2,2,2,2,2,2,4,2,70.0,,,1.0,2.0,3.0,6.0,,,,,5.0,,,2.0,1.0,,,,,,,,1.0,2.0,4.0,,,,2.0,,,1.0,1.0,,3.0,,1.0,1.0,1.0,1.0,1.0,1.0,1.0,1.0,1.0,1.0,,,,,,,6,2,2,2,2,4,6,6,2,1,30.0,25.0,20.0,20.0,20.0,20.0,20.0,20.0,40.0,20.0,1,1,2,2,1,2,1,2,2,2,1,1,2,2,2,2,2,2,2,2,2,2,2,1,2,1,1,2,2,2,2,2,2,2,1,2,2,1,2,2
1753,2,3,2,2,2,2,2,2,1,2,70.0,,,1.0,,,,3.0,4.0,3.0,5.0,,,,2.0,1.0,,,,,,,,2.0,4.0,4.0,,,2.0,,,,3.0,,1.0,,3.0,,,,,,,,,,,1.0,1.0,1.0,1.0,1.0,1.0,6,2,2,2,2,5,6,6,3,2,40.0,35.0,30.0,30.0,30.0,30.0,30.0,30.0,40.0,30.0,2,2,2,1,2,1,1,2,1,2,1,2,1,2,2,2,1,2,2,2,2,2,1,1,2,2,1,2,2,1,2,1,1,2,2,2,1,1,2,2
1620,2,4,3,2,3,2,4,2,4,3,,30.0,,1.0,3.0,4.0,6.0,,,,5.0,,,,2.0,,2.0,,,,1.0,4.0,5.0,,,,,20.0,1.0,,5.0,,,1.0,,4.0,,1.0,1.0,1.0,1.0,1.0,1.0,1.0,1.0,1.0,1.0,,,,,,,6,3,2,2,3,5,6,6,3,2,40.0,35.0,30.0,25.0,30.0,25.0,40.0,20.0,50.0,20.0,2,2,1,2,1,2,2,2,1,2,1,2,2,2,1,1,2,2,1,1,1,1,1,2,2,2,1,2,2,2,1,2,2,1,2,2,2,2,1,2
875,4,4,4,4,4,4,5,4,2,2,,30.0,4.0,,3.0,4.0,6.0,,,,5.0,,,,2.0,1.0,,,,,2.0,4.0,5.0,,,,18.0,,,2.0,5.0,,,1.0,,,4.0,,,,,,,,,,,1.0,1.0,1.0,1.0,1.0,1.0,6,3,4,3,2,5,6,5,3,2,55.0,50.0,48.0,60.0,65.0,55.0,70.0,60.0,40.0,35.0,2,1,2,1,2,2,2,1,1,2,1,2,1,2,2,1,2,1,1,2,2,1,1,1,2,1,2,2,2,1,1,2,2,2,1,1,1,1,2,2
906,2,3,2,2,2,2,2,2,4,3,,30.0,,2.0,2.0,3.0,5.0,,,,,5.0,,,2.0,1.0,,,,,,,,2.0,2.0,4.0,,5.0,,2.0,,6.0,,1.0,,3.0,,1.0,1.0,1.0,1.0,1.0,1.0,1.0,1.0,1.0,1.0,,,,,,,6,2,3,3,2,4,6,5,3,2,40.0,30.0,35.0,30.0,30.0,30.0,30.0,25.0,40.0,30.0,1,2,2,2,2,1,1,2,2,1,2,2,2,1,2,1,2,1,1,2,2,1,2,1,1,2,2,1,2,1,1,1,2,1,2,2,1,2,1,2
392,4,5,4,5,5,5,5,5,2,2,70.0,,,1.0,3.0,4.0,6.0,,,,,6.0,,,2.0,1.0,,,,,1.0,5.0,6.0,,,,,,,2.0,,6.0,,1.0,,,5.0,1.0,1.0,1.0,1.0,1.0,1.0,1.0,1.0,1.0,1.0,,,,,,,6,3,2,2,3,5,6,6,3,1,60.0,55.0,60.0,70.0,75.0,65.0,80.0,60.0,50.0,45.0,2,1,2,2,2,1,1,2,1,2,2,1,2,2,1,1,1,1,2,2,1,2,2,1,2,1,2,1,2,2,1,2,2,1,1,1,2,1,1,2
768,2,2,2,1,2,2,2,1,1,1,,30.0,1.0,,3.0,4.0,6.0,,,,,5.0,1.0,50.0,,1.0,,,,,,,,1.0,4.0,6.0,,,1.0,,,9.0,,,2.0,,5.0,1.0,1.0,1.0,1.0,1.0,1.0,1.0,1.0,1.0,1.0,,,,,,,6,3,2,2,2,5,6,6,1,2,30.0,20.0,20.0,10.0,20.0,20.0,20.0,10.0,10.0,10.0,2,1,2,2,1,2,1,2,2,1,2,1,2,2,1,2,2,2,2,1,2,1,1,2,1,1,2,1,2,2,1,2,1,2,2,1,2,1,2,1
174,2,2,2,1,2,2,2,2,1,1,70.0,,,1.0,3.0,4.0,6.0,,,,,5.0,,,2.0,1.0,,,,,,,,1.0,2.0,4.0,,,,2.0,3.0,,,,1.0,3.0,,,,,,,,,,,,1.0,1.0,1.0,1.0,1.0,1.0,6,2,2,2,2,4,6,6,1,1,30.0,25.0,20.0,10.0,15.0,10.0,20.0,10.0,40.0,30.0,1,2,2,1,2,2,2,2,2,1,2,1,2,2,2,2,2,1,2,1,1,1,1,2,2,2,1,1,1,1,2,2,2,2,2,1,1,1,2,1
1792,5,5,5,5,5,5,5,5,1,2,,30.0,,1.0,3.0,4.0,6.0,,,,5.0,,1.0,54.0,,,2.0,1.0,4.0,5.0,,,,,,,,20.0,,2.0,,,3.0,1.0,,5.0,,,,,,,,,,,,1.0,1.0,1.0,1.0,1.0,1.0,6,3,3,3,3,5,6,6,3,2,62.0,54.0,60.0,70.0,72.0,68.0,80.0,65.0,38.0,41.0,1,2,2,2,2,2,2,2,2,2,2,2,2,1,2,2,2,1,1,2,2,2,1,2,1,2,2,2,2,1,1,1,1,2,1,2,2,2,1,2
1368,4,3,4,4,4,4,5,4,2,2,,30.0,,1.0,3.0,3.0,5.0,,,,,5.0,,,2.0,1.0,,,,,,,,2.0,4.0,5.0,,20.0,,2.0,,,2.0,,1.0,4.0,,1.0,1.0,1.0,1.0,1.0,1.0,1.0,1.0,1.0,1.0,,,,,,,6,3,3,3,3,4,6,5,3,2,55.0,45.0,50.0,60.0,60.0,55.0,70.0,60.0,40.0,35.0,2,2,2,2,2,2,2,2,1,2,2,1,1,1,1,2,1,2,2,1,1,2,2,2,2,1,2,2,1,1,2,1,2,1,2,1,1,1,2,2
1574,2,3,2,2,3,2,4,2,4,3,,30.0,3.0,,,,,4.0,3.0,2.0,,5.0,1.0,40.0,,,2.0,,,,2.0,4.0,4.0,,,,,18.0,,2.0,,,3.0,1.0,,,4.0,1.0,1.0,1.0,1.0,1.0,1.0,1.0,1.0,1.0,1.0,,,,,,,6,2,3,3,3,4,6,5,3,2,55.0,48.0,52.0,50.0,54.0,46.0,60.0,44.0,58.0,47.0,2,1,2,2,2,1,2,2,1,2,1,2,2,1,2,1,1,2,2,1,1,2,1,2,2,1,2,1,1,1,2,2,2,1,2,1,1,2,1,2
1407,4,4,4,4,4,4,5,4,2,2,70.0,,,1.0,,,,3.0,4.0,4.0,,5.0,,,2.0,1.0,,1.0,4.0,4.0,,,,,,,,,1.0,,,,3.0,,2.0,4.0,,1.0,1.0,1.0,1.0,1.0,1.0,1.0,1.0,1.0,1.0,,,,,,,6,2,2,2,2,5,6,6,3,1,60.0,55.0,60.0,65.0,65.0,60.0,70.0,60.0,50.0,45.0,2,2,2,1,2,2,1,2,1,2,2,1,2,2,1,2,2,1,2,2,1,2,1,2,1,1,2,1,2,1,2,2,2,2,1,1,1,1,1,1
1989,4,4,4,2,4,2,5,2,2,2,70.0,,,1.0,3.0,4.0,6.0,,,,,5.0,1.0,50.0,,1.0,,,,,,,,2.0,4.0,6.0,,18.0,,2.0,,,3.0,,1.0,,3.0,,,,,,,,,,,1.0,1.0,1.0,1.0,1.0,1.0,6,3,3,3,3,5,6,6,3,2,60.0,55.0,50.0,40.0,55.0,45.0,65.0,50.0,40.0,35.0,2,1,1,2,2,1,2,1,2,2,2,1,1,1,1,2,2,1,2,2,1,1,1,2,2,2,2,1,1,2,2,1,2,1,2,2,1,1,2,2
800,2,3,2,2,2,2,2,2,1,1,70.0,,1.0,,,,,3.0,4.0,5.0,,5.0,,,2.0,,2.0,,,,1.0,2.0,3.0,,,,,,,2.0,3.0,,,1.0,,3.0,,1.0,1.0,1.0,1.0,1.0,1.0,1.0,1.0,1.0,1.0,,,,,,,6,2,2,2,2,5,6,6,2,1,40.0,35.0,30.0,30.0,30.0,25.0,30.0,20.0,60.0,50.0,2,1,1,2,1,2,2,2,1,2,1,2,2,1,1,2,2,1,2,2,2,1,1,1,2,2,2,1,1,1,2,2,1,2,2,2,2,2,2,2
973,5,5,5,5,5,5,5,5,1,1,70.0,,,1.0,3.0,4.0,6.0,,,,,7.0,,,2.0,1.0,,2.0,5.0,6.0,,,,,,,,20.0,1.0,,5.0,,,1.0,,,5.0,,,,,,,,,,,1.0,1.0,1.0,1.0,1.0,1.0,6,2,2,2,2,5,6,6,3,2,65.0,60.0,60.0,70.0,70.0,65.0,80.0,60.0,40.0,35.0,2,2,2,1,1,1,2,2,2,1,2,1,2,1,2,2,2,1,1,1,2,1,1,1,2,1,2,1,2,2,2,1,2,1,2,1,2,2,1,2
96,4,4,4,3,4,4,5,4,2,2,,30.0,4.0,,3.0,4.0,6.0,,,,,5.0,,,2.0,1.0,,,,,3.0,4.0,4.0,,,,,18.0,,2.0,4.0,,,1.0,,4.0,,,,,,,,,,,,1.0,1.0,1.0,1.0,1.0,1.0,6,3,4,3,3,5,6,5,3,2,55.0,50.0,52.0,60.0,58.0,54.0,65.0,48.0,40.0,38.0,1,2,1,1,1,1,2,2,2,2,2,2,2,1,1,2,2,2,2,2,1,2,2,1,1,1,1,2,2,2,2,2,2,2,2,1,1,2,1,1
101,4,4,4,4,4,4,4,4,2,2,70.0,,4.0,,3.0,3.0,5.0,,,,5.0,,1.0,40.0,,,2.0,1.0,4.0,4.0,,,,,,,,,,2.0,4.0,,,,1.0,4.0,,,,,,,,,,,,1.0,1.0,1.0,1.0,1.0,1.0,6,3,3,3,2,5,6,6,3,2,60.0,55.0,60.0,65.0,65.0,60.0,70.0,60.0,40.0,40.0,1,2,2,1,2,2,2,2,2,2,1,2,1,2,2,1,1,2,1,2,1,1,1,1,2,2,1,1,1,2,2,2,1,1,2,2,2,1,2,2
488,2,3,2,2,2,2,2,2,1,1,70.0,,,1.0,,,,3.0,4.0,2.0,5.0,,,,2.0,1.0,,,,,,,,1.0,2.0,3.0,,,2.0,,3.0,,,,1.0,3.0,,,,,,,,,,,,1.0,1.0,1.0,1.0,1.0,1.0,6,2,2,2,2,4,6,6,2,1,30.0,25.0,20.0,25.0,25.0,20.0,25.0,20.0,60.0,60.0,2,1,2,1,2,2,2,2,2,2,1,2,2,2,1,1,1,1,1,2,1,1,1,2,2,1,2,1,1,2,1,2,1,2,2,1,2,2,2,2
294,4,4,4,5,5,5,5,4,2,2,,30.0,4.0,,,,,4.0,5.0,3.0,,5.0,1.0,50.0,,,2.0,,,,3.0,4.0,5.0,,,,,16.0,,2.0,,,3.0,,2.0,4.0,,1.0,1.0,1.0,1.0,1.0,1.0,1.0,1.0,1.0,1.0,,,,,,,6,3,4,3,3,5,6,6,3,2,60.0,55.0,60.0,70.0,65.0,60.0,70.0,55.0,40.0,45.0,1,1,1,2,2,2,1,2,2,1,1,2,1,1,1,2,2,2,2,2,2,2,2,2,2,1,2,1,2,1,1,2,2,1,2,2,1,2,2,1
1501,2,2,2,1,2,2,2,2,1,2,70.0,,1.0,,2.0,3.0,6.0,,,,3.0,,1.0,54.0,,,2.0,,,,1.0,2.0,2.0,,,,,,2.0,,,9.0,,1.0,,2.0,,,,,,,,,,,,1.0,1.0,1.0,1.0,1.0,1.0,6,2,2,2,2,5,6,6,1,1,30.0,25.0,25.0,20.0,25.0,25.0,25.0,20.0,40.0,30.0,1,2,1,1,2,2,2,2,2,2,2,2,2,2,2,2,1,2,2,2,1,2,2,1,1,1,1,1,1,1,1,1,1,2,2,1,2,1,2,1
1088,5,5,5,5,5,5,5,5,1,1,70.0,,4.0,,3.0,4.0,6.0,,,,,6.0,1.0,50.0,,,2.0,,,,,,,4.0,5.0,6.0,,,,2.0,,6.0,,1.0,,5.0,,,,,,,,,,,,1.0,1.0,1.0,1.0,1.0,1.0,6,2,2,2,2,5,6,6,3,2,60.0,55.0,60.0,70.0,75.0,65.0,80.0,60.0,40.0,35.0,2,1,1,1,2,1,2,1,1,2,2,1,1,2,1,2,2,1,2,1,2,1,1,2,2,2,2,1,2,2,2,2,2,1,2,2,2,2,1,1
1472,5,5,5,5,5,5,5,5,1,1,70.0,,4.0,,3.0,4.0,6.0,,,,,5.0,1.0,45.0,,1.0,,,,,,,,3.0,4.0,5.0,,8.0,,2.0,,,3.0,,1.0,4.0,,,,,,,,,,,,1.0,1.0,1.0,1.0,1.0,1.0,6,3,3,3,3,5,6,6,3,2,60.0,55.0,60.0,65.0,70.0,65.0,80.0,60.0,40.0,35.0,2,2,2,2,2,1,1,2,2,1,1,2,2,1,2,1,2,2,1,2,1,2,2,1,1,2,2,2,1,2,2,1,2,2,2,2,1,2,2,2
1694,4,4,4,4,4,4,4,4,2,2,70.0,,,1.0,,,,4.0,3.0,2.0,,5.0,,,2.0,,2.0,,,,2.0,4.0,4.0,,,,,20.0,,2.0,3.0,,,1.0,,,4.0,1.0,1.0,1.0,1.0,1.0,1.0,1.0,1.0,1.0,1.0,,,,,,,6,3,2,2,2,4,6,6,3,1,55.0,50.0,50.0,60.0,60.0,55.0,65.0,50.0,45.0,40.0,1,2,1,2,2,2,1,1,1,1,1,1,1,2,2,2,1,2,1,2,1,2,2,1,1,1,2,1,2,2,2,2,1,1,1,1,1,1,1,1
1948,5,4,5,5,5,5,5,5,1,2,,30.0,4.0,,3.0,4.0,5.0,,,,5.0,,,,2.0,,2.0,,,,,,,2.0,4.0,5.0,,,,2.0,,7.0,,,2.0,,5.0,1.0,1.0,1.0,1.0,1.0,1.0,1.0,1.0,1.0,1.0,,,,,,,6,3,4,4,3,5,6,6,3,2,60.0,55.0,60.0,70.0,75.0,65.0,80.0,60.0,40.0,35.0,2,2,2,2,2,2,2,2,1,1,1,1,1,2,2,1,1,1,2,2,2,2,2,2,1,1,1,2,1,2,1,2,1,2,1,2,1,1,2,1
57,5,4,5,5,5,5,5,5,2,2,70.0,,,1.0,,,,3.0,4.0,5.0,5.0,,1.0,54.0,,,2.0,,,,,,,2.0,4.0,6.0,,20.0,1.0,,5.0,,,,1.0,5.0,,1.0,1.0,1.0,1.0,1.0,1.0,1.0,1.0,1.0,1.0,,,,,,,6,3,2,2,2,5,6,6,3,2,60.0,55.0,60.0,70.0,70.0,65.0,80.0,65.0,40.0,45.0,1,2,1,2,2,2,2,1,1,1,1,2,1,1,1,2,1,1,2,2,1,2,1,2,2,1,1,1,2,2,2,1,2,2,2,2,2,1,1,1
2026,5,4,5,5,5,5,5,5,2,2,70.0,,4.0,,2.0,3.0,6.0,,,,,6.0,,,2.0,1.0,,,,,4.0,4.0,5.0,,,,2.0,,1.0,,4.0,,,,1.0,,4.0,,,,,,,,,,,1.0,1.0,1.0,1.0,1.0,1.0,6,3,4,3,3,5,6,5,3,2,62.0,54.0,60.0,68.0,70.0,65.0,75.0,60.0,40.0,38.0,2,2,2,1,1,2,1,1,1,2,2,1,2,1,1,2,2,2,2,1,2,1,2,2,1,2,1,2,2,2,1,2,2,1,1,1,2,2,1,1
326,2,3,2,2,2,2,2,2,1,1,,30.0,,1.0,,,,3.0,4.0,2.0,,5.0,1.0,30.0,,1.0,,,,,1.0,4.0,5.0,,,,,,,2.0,3.0,,,,1.0,3.0,,1.0,1.0,1.0,1.0,1.0,1.0,1.0,1.0,1.0,1.0,,,,,,,6,2,2,2,2,5,6,6,3,2,40.0,35.0,30.0,30.0,30.0,30.0,30.0,30.0,40.0,40.0,1,2,1,1,2,2,1,2,1,2,2,1,1,1,2,2,2,2,2,1,2,2,1,1,1,1,1,2,2,1,1,1,2,2,2,1,1,1,2,1
255,5,5,5,5,5,5,5,5,1,1,,30.0,,1.0,4.0,4.0,6.0,,,,5.0,,,,2.0,1.0,,1.0,5.0,6.0,,,,,,,,20.0,,2.0,,,3.0,1.0,,,5.0,1.0,1.0,1.0,1.0,1.0,1.0,1.0,1.0,1.0,1.0,,,,,,,6,2,2,2,3,5,6,6,3,2,60.0,55.0,60.0,70.0,70.0,65.0,80.0,60.0,40.0,35.0,2,2,2,1,2,2,1,2,2,2,2,2,2,2,2,1,2,2,2,1,2,2,1,2,2,2,1,2,1,1,2,2,1,2,2,1,1,1,2,2
449,4,4,4,4,4,4,5,4,2,2,70.0,,,1.0,,,,3.0,4.0,5.0,,5.0,,,2.0,1.0,,1.0,4.0,5.0,,,,,,,20.0,,1.0,,5.0,,,2.0,,4.0,,,,,,,,,,,,1.0,1.0,1.0,1.0,1.0,1.0,6,3,3,3,2,5,6,6,3,2,60.0,55.0,50.0,60.0,65.0,60.0,80.0,60.0,40.0,35.0,1,2,1,2,2,1,1,2,1,2,1,2,2,2,1,2,1,2,1,1,1,2,2,1,2,2,1,2,1,2,1,2,2,1,2,1,2,2,1,1
1726,4,4,4,4,4,4,5,4,2,2,70.0,,,2.0,,,,3.0,4.0,5.0,5.0,,1.0,54.0,,1.0,,,,,,,,2.0,4.0,5.0,18.0,,,2.0,3.0,,,1.0,,4.0,,1.0,1.0,1.0,1.0,1.0,1.0,1.0,1.0,1.0,1.0,,,,,,,6,3,4,3,2,5,6,5,3,2,62.0,55.0,60.0,68.0,70.0,65.0,75.0,60.0,55.0,50.0,2,2,2,1,2,1,2,2,1,1,1,2,2,2,2,1,2,2,1,2,2,2,2,2,2,2,1,2,1,2,1,2,1,2,1,2,2,1,1,2
1655,4,4,4,4,4,4,5,4,2,2,,30.0,,1.0,4.0,4.0,6.0,,,,3.0,,,,2.0,1.0,,,,,,,,1.0,4.0,4.0,,,1.0,,,7.0,,1.0,,4.0,,1.0,1.0,1.0,1.0,1.0,1.0,1.0,1.0,1.0,1.0,,,,,,,6,3,2,2,2,4,6,6,3,2,60.0,55.0,60.0,65.0,65.0,60.0,70.0,60.0,50.0,45.0,2,1,1,2,1,1,1,2,2,2,1,1,1,2,2,1,2,1,1,2,1,1,1,1,2,2,2,2,2,1,1,2,2,1,1,1,1,2,1,1
1049,5,5,5,5,5,5,5,5,1,1,70.0,,,1.0,3.0,4.0,6.0,,,,,6.0,1.0,54.0,,,2.0,,,,,,,4.0,5.0,6.0,,,,2.0,,,3.0,,2.0,5.0,,1.0,1.0,1.0,1.0,1.0,1.0,1.0,1.0,1.0,1.0,,,,,,,6,2,2,2,2,5,6,6,3,1,62.0,54.0,60.0,68.0,70.0,65.0,75.0,60.0,40.0,38.0,1,1,2,2,2,1,2,1,2,1,2,1,1,2,2,2,2,2,2,2,1,2,2,2,2,2,2,2,2,2,2,2,2,2,1,2,2,2,1,2
482,4,4,4,4,4,4,4,4,2,2,,30.0,,1.0,3.0,4.0,5.0,,,,,5.0,,,2.0,1.0,,,,,2.0,4.0,4.0,,,,,18.0,,2.0,4.0,,,1.0,,4.0,,1.0,1.0,1.0,1.0,1.0,1.0,1.0,1.0,1.0,1.0,,,,,,,6,3,4,4,3,5,6,6,3,2,60.0,55.0,60.0,65.0,70.0,60.0,70.0,60.0,50.0,45.0,1,1,1,1,1,2,2,2,2,1,2,1,2,1,2,1,1,1,1,2,1,2,2,1,2,2,2,2,1,2,1,2,2,2,1,2,2,2,2,2
717,4,4,4,2,3,2,5,2,2,2,70.0,,4.0,,2.0,3.0,6.0,,,,5.0,,,,2.0,1.0,,,,,1.0,4.0,5.0,,,,,,1.0,,,7.0,,1.0,,4.0,,1.0,1.0,1.0,1.0,1.0,1.0,1.0,1.0,1.0,1.0,,,,,,,6,3,3,3,2,5,6,6,3,1,55.0,45.0,50.0,35.0,40.0,30.0,60.0,25.0,50.0,30.0,2,2,1,2,1,1,1,2,2,2,1,2,2,1,2,2,1,2,2,2,2,2,1,1,2,2,1,2,2,1,2,1,2,1,1,1,1,1,1,1
664,4,4,4,4,4,4,5,4,2,2,70.0,,4.0,,3.0,4.0,6.0,,,,,5.0,1.0,54.0,,1.0,,,,,1.0,4.0,5.0,,,,,20.0,1.0,,,,3.0,1.0,,,4.0,1.0,1.0,1.0,1.0,1.0,1.0,1.0,1.0,1.0,1.0,,,,,,,6,3,2,2,2,5,6,6,3,2,60.0,55.0,60.0,65.0,70.0,60.0,75.0,60.0,55.0,40.0,1,2,2,1,1,1,1,1,2,1,1,1,2,2,2,1,2,2,1,1,1,2,2,1,2,2,1,2,2,2,1,1,2,1,2,2,2,1,2,1
1478,4,4,4,3,4,3,5,4,2,2,70.0,,4.0,,,,,3.0,4.0,5.0,5.0,,,,2.0,,2.0,2.0,4.0,5.0,,,,,,,,,1.0,,5.0,,,,1.0,4.0,,1.0,1.0,1.0,1.0,1.0,1.0,1.0,1.0,1.0,1.0,,,,,,,6,3,4,4,3,5,6,6,3,2,55.0,48.0,50.0,60.0,62.0,54.0,70.0,51.0,44.0,40.0,1,1,2,2,1,1,1,2,2,1,1,2,1,1,1,1,1,2,1,2,1,1,2,2,2,2,2,1,2,1,2,1,1,1,2,2,1,1,2,1
1082,2,3,2,2,2,2,2,2,1,2,,30.0,1.0,,,,,3.0,4.0,2.0,3.0,,,,2.0,1.0,,,,,1.0,2.0,2.0,,,,20.0,,2.0,,,,1.0,,1.0,,2.0,1.0,1.0,1.0,1.0,1.0,1.0,1.0,1.0,1.0,1.0,,,,,,,6,2,2,2,2,4,6,6,1,1,30.0,25.0,20.0,20.0,20.0,20.0,20.0,20.0,30.0,20.0,2,2,2,2,2,2,2,2,2,2,2,2,1,1,2,1,1,1,1,1,2,2,1,1,1,1,2,1,1,2,2,2,2,1,1,1,2,2,1,2
1317,4,4,4,4,4,4,5,4,2,3,70.0,,,1.0,4.0,4.0,6.0,,,,,5.0,1.0,54.0,,1.0,,,,,2.0,4.0,5.0,,,,,,1.0,,,6.0,,1.0,,,4.0,,,,,,,,,,,1.0,1.0,1.0,1.0,1.0,1.0,6,3,3,3,2,4,5,5,3,2,60.0,55.0,60.0,65.0,65.0,60.0,70.0,60.0,40.0,45.0,2,2,1,1,2,1,2,1,2,1,1,2,1,1,2,1,2,2,1,2,1,2,1,2,1,1,1,2,1,2,1,1,1,2,2,2,1,1,2,1
1264,1,1,1,1,1,1,1,1,1,1,,30.0,,1.0,2.0,2.0,6.0,,,,,1.0,,,2.0,,2.0,,,,1.0,1.0,1.0,,,,,,,2.0,1.0,,,,1.0,,1.0,1.0,1.0,1.0,1.0,1.0,1.0,1.0,1.0,1.0,1.0,,,,,,,1,1,1,1,7,7,7,7,1,1,0.0,0.0,0.0,0.0,0.0,0.0,0.0,0.0,0.0,0.0,2,2,2,2,2,2,2,2,2,2,2,2,2,2,2,2,2,2,2,2,2,2,2,2,2,2,2,2,2,2,2,2,2,2,2,2,2,2,2,2
1983,2,3,2,2,2,2,5,2,4,4,,30.0,5.0,,,,,3.0,4.0,5.0,,5.0,,,2.0,1.0,,,,,,,,1.0,4.0,4.0,,,1.0,,,6.0,,,1.0,4.0,,1.0,1.0,1.0,1.0,1.0,1.0,1.0,1.0,1.0,1.0,,,,,,,6,3,2,2,3,5,6,6,3,2,45.0,40.0,35.0,40.0,45.0,30.0,50.0,35.0,55.0,40.0,1,1,2,2,2,1,2,1,2,1,2,2,2,1,1,2,1,2,2,1,1,1,2,1,2,1,1,2,2,2,2,1,2,1,1,1,2,2,2,1
979,4,4,4,4,4,4,5,4,2,2,,30.0,4.0,,3.0,4.0,6.0,,,,,5.0,1.0,50.0,,,2.0,,,,,,,2.0,4.0,5.0,,18.0,1.0,,,6.0,,1.0,,,4.0,1.0,1.0,1.0,1.0,1.0,1.0,1.0,1.0,1.0,1.0,,,,,,,6,3,2,2,3,5,6,6,3,1,60.0,55.0,50.0,60.0,65.0,60.0,70.0,55.0,40.0,35.0,2,1,2,1,1,1,2,1,2,2,2,2,1,1,2,1,1,1,2,2,1,1,2,2,2,1,1,2,1,2,1,1,2,2,2,1,1,2,2,1
530,3,4,3,3,4,3,5,3,2,2,,30.0,4.0,,,,,4.0,4.0,3.0,5.0,,,,2.0,1.0,,,,,,,,2.0,4.0,5.0,,,,2.0,4.0,,,,1.0,,4.0,,,,,,,,,,,1.0,1.0,1.0,1.0,1.0,1.0,6,3,4,3,3,5,6,5,3,2,55.0,48.0,52.0,60.0,65.0,58.0,70.0,50.0,62.0,45.0,2,2,2,2,2,2,1,2,1,1,2,2,2,2,1,2,2,2,2,1,1,2,2,1,2,2,2,2,2,2,2,1,1,1,1,1,2,2,2,2
443,5,5,5,5,5,5,5,5,1,1,,30.0,4.0,,,,,4.0,3.0,2.0,5.0,,,,2.0,,2.0,,,,1.0,5.0,6.0,,,,,20.0,1.0,,,6.0,,1.0,,,5.0,,,,,,,,,,,1.0,1.0,1.0,1.0,1.0,1.0,6,2,2,2,2,5,6,6,3,2,65.0,60.0,60.0,70.0,70.0,65.0,80.0,60.0,40.0,35.0,1,1,2,1,1,2,2,1,2,2,2,1,2,2,2,1,2,1,1,2,2,2,2,1,2,2,1,1,1,2,1,2,1,2,2,2,2,2,2,2
1130,5,5,5,5,5,5,5,5,1,1,70.0,,4.0,,,,,4.0,4.0,5.0,6.0,,1.0,50.0,,1.0,,,,,,,,4.0,5.0,6.0,,20.0,,2.0,,,2.0,1.0,,,5.0,1.0,1.0,1.0,1.0,1.0,1.0,1.0,1.0,1.0,1.0,,,,,,,6,3,2,2,3,5,6,6,3,2,60.0,55.0,60.0,70.0,70.0,65.0,80.0,65.0,30.0,35.0,2,2,1,1,1,2,1,1,1,2,2,1,1,1,2,2,1,2,2,2,2,2,1,1,1,2,2,1,1,2,2,2,1,2,1,2,2,2,1,1
1043,2,3,2,2,3,2,4,2,4,3,,30.0,,1.0,,,,3.0,4.0,2.0,,5.0,1.0,30.0,,1.0,,,,,,,,1.0,2.0,4.0,20.0,,,2.0,4.0,,,1.0,,3.0,,1.0,1.0,1.0,1.0,1.0,1.0,1.0,1.0,1.0,1.0,,,,,,,6,3,2,2,3,5,6,6,3,2,45.0,40.0,35.0,30.0,35.0,25.0,50.0,30.0,55.0,25.0,1,1,1,2,1,2,2,1,1,2,1,2,2,2,1,2,2,2,1,1,2,1,2,1,1,1,1,1,2,1,1,1,2,1,1,2,1,1,1,1
1831,4,4,4,5,5,4,5,4,2,2,,30.0,4.0,,3.0,4.0,6.0,,,,,5.0,1.0,54.0,,,2.0,,,,2.0,4.0,5.0,,,,18.0,,,2.0,,6.0,,1.0,,4.0,,,,,,,,,,,,1.0,1.0,1.0,1.0,1.0,1.0,6,3,4,3,2,5,6,5,3,2,62.0,54.0,57.0,66.0,68.0,60.0,72.0,59.0,44.0,41.0,1,1,2,1,2,2,2,1,1,1,2,2,1,1,1,1,2,2,1,2,2,1,2,1,1,1,2,2,2,1,2,2,1,1,2,2,2,1,2,2
1942,2,3,2,2,2,2,4,2,4,3,,70.0,4.0,,,,,3.0,4.0,5.0,,5.0,,,2.0,1.0,,1.0,2.0,3.0,,,,,,,,,2.0,,,7.0,,,2.0,3.0,,,,,,,,,,,,1.0,1.0,1.0,1.0,1.0,1.0,6,2,2,2,2,4,6,6,2,2,45.0,40.0,35.0,35.0,40.0,35.0,45.0,35.0,55.0,40.0,2,2,1,1,2,2,2,1,2,1,1,1,2,1,2,1,2,1,2,2,1,2,1,2,2,1,2,1,2,2,2,2,2,1,1,1,2,1,1,2
545,4,4,4,4,4,4,4,4,2,2,,30.0,4.0,,,,,4.0,5.0,3.0,5.0,,,,2.0,1.0,,,,,3.0,4.0,4.0,,,,18.0,,1.0,,4.0,,,1.0,,4.0,,,,,,,,,,,,1.0,1.0,1.0,1.0,1.0,1.0,6,2,2,2,2,4,6,6,3,2,60.0,55.0,60.0,65.0,65.0,60.0,70.0,55.0,50.0,45.0,1,2,1,1,1,2,1,2,1,2,1,1,2,1,2,1,1,1,2,1,1,1,1,1,2,1,2,1,1,1,2,2,1,1,2,2,1,1,2,2
436,5,4,4,5,5,5,5,5,1,2,70.0,,,1.0,,,,3.0,4.0,5.0,,5.0,1.0,54.0,,1.0,,1.0,4.0,5.0,,,,,,,,18.0,1.0,,4.0,,,,1.0,,5.0,1.0,1.0,1.0,1.0,1.0,1.0,1.0,1.0,1.0,1.0,,,,,,,6,3,2,2,2,5,6,6,3,2,62.0,55.0,60.0,68.0,70.0,65.0,75.0,60.0,40.0,45.0,2,2,1,1,1,2,2,2,1,2,2,2,2,2,2,2,2,2,2,1,2,1,2,2,1,2,2,2,2,2,2,2,1,1,2,1,2,2,2,2
359,2,2,2,2,2,2,4,2,4,2,,30.0,1.0,,,,,3.0,4.0,2.0,5.0,,,,2.0,1.0,,,,,,,,1.0,4.0,4.0,,,2.0,,,,3.0,1.0,,3.0,,1.0,1.0,1.0,1.0,1.0,1.0,1.0,1.0,1.0,1.0,,,,,,,6,2,3,3,2,4,6,6,2,1,40.0,35.0,30.0,25.0,30.0,25.0,30.0,20.0,40.0,20.0,2,2,2,1,1,2,2,1,2,2,2,1,2,2,2,2,2,2,2,2,1,1,1,2,1,2,2,2,1,2,1,2,1,2,2,1,1,1,2,2
1145,4,4,4,4,4,4,4,4,2,2,,30.0,4.0,,3.0,4.0,6.0,,,,,5.0,,,2.0,,2.0,2.0,4.0,5.0,,,,,,,,16.0,1.0,,,6.0,,1.0,,4.0,,1.0,1.0,1.0,1.0,1.0,1.0,1.0,1.0,1.0,1.0,,,,,,,6,3,3,3,2,5,6,6,3,2,62.0,54.0,58.0,60.0,65.0,60.0,70.0,55.0,50.0,48.0,2,1,2,1,2,1,2,2,1,1,2,2,1,2,2,2,1,1,1,2,2,1,2,1,1,1,1,2,1,2,2,2,2,1,1,1,2,2,2,1
1036,5,5,5,5,5,5,5,5,2,2,,30.0,4.0,,3.0,4.0,6.0,,,,,6.0,1.0,54.0,,1.0,,,,,,,,2.0,5.0,6.0,20.0,,,2.0,,,3.0,1.0,,5.0,,,,,,,,,,,,1.0,1.0,1.0,1.0,1.0,1.0,6,3,3,3,3,5,6,6,3,2,65.0,60.0,60.0,70.0,75.0,70.0,80.0,60.0,50.0,45.0,2,1,2,2,2,1,2,2,1,2,1,2,2,2,2,1,2,1,2,2,2,1,1,1,2,1,2,1,1,1,2,2,2,1,1,1,1,2,1,2
1759,5,5,5,5,5,5,5,5,1,1,,30.0,,1.0,3.0,4.0,6.0,,,,,6.0,1.0,50.0,,1.0,,,,,,,,2.0,5.0,6.0,,20.0,,2.0,,,3.0,1.0,,5.0,,1.0,1.0,1.0,1.0,1.0,1.0,1.0,1.0,1.0,1.0,,,,,,,6,2,2,2,2,5,6,6,3,2,60.0,55.0,60.0,70.0,75.0,65.0,80.0,60.0,30.0,35.0,1,1,2,2,1,2,1,1,2,2,1,1,2,2,2,1,1,2,1,2,1,2,1,2,1,1,2,1,2,1,1,1,2,1,2,1,2,2,1,2
1844,4,4,4,4,4,4,5,4,2,3,,30.0,4.0,,,,,4.0,5.0,3.0,5.0,,,,2.0,,2.0,,,,3.0,4.0,5.0,,,,,15.0,,2.0,,6.0,,1.0,,4.0,,,,,,,,,,,,1.0,1.0,1.0,1.0,1.0,1.0,6,3,4,3,3,5,6,5,3,2,62.0,54.0,57.0,60.0,65.0,61.0,70.0,59.0,48.0,45.0,2,1,1,2,2,1,2,1,2,1,2,2,2,1,2,2,1,2,2,2,2,2,1,1,1,1,1,2,1,1,1,2,1,1,2,1,2,1,2,1
1937,4,4,4,5,5,5,5,5,2,2,70.0,,4.0,,,,,3.0,4.0,5.0,,5.0,1.0,30.0,,1.0,,,,,2.0,5.0,6.0,,,,,18.0,,2.0,,,3.0,,2.0,,5.0,,,,,,,,,,,1.0,1.0,1.0,1.0,1.0,1.0,6,3,4,3,2,5,6,5,3,2,60.0,55.0,50.0,65.0,70.0,60.0,75.0,65.0,40.0,35.0,1,1,2,2,2,1,1,1,2,1,2,1,1,2,1,2,1,1,1,1,1,1,2,2,1,2,2,2,1,1,2,2,1,2,1,2,1,1,1,2
28,5,4,5,5,5,5,5,5,2,2,,30.0,4.0,,,,,3.0,4.0,2.0,5.0,,,,2.0,1.0,,2.0,4.0,5.0,,,,,,,,16.0,1.0,,,7.0,,,2.0,,4.0,1.0,1.0,1.0,1.0,1.0,1.0,1.0,1.0,1.0,1.0,,,,,,,6,3,4,3,3,5,6,5,3,1,60.0,55.0,60.0,70.0,75.0,65.0,80.0,60.0,40.0,35.0,2,2,2,1,1,2,1,1,1,2,1,1,2,2,2,2,1,1,1,2,1,1,1,2,1,2,1,1,1,2,2,2,2,2,1,2,1,1,2,1
762,4,4,4,4,4,4,5,4,2,2,70.0,,,1.0,3.0,3.0,5.0,,,,5.0,,1.0,30.0,,1.0,,,,,,,,2.0,4.0,5.0,,,,2.0,5.0,,,,1.0,4.0,,1.0,1.0,1.0,1.0,1.0,1.0,1.0,1.0,1.0,1.0,,,,,,,6,3,3,3,3,5,6,6,3,2,60.0,55.0,60.0,65.0,65.0,60.0,70.0,60.0,50.0,45.0,1,1,2,2,1,1,2,2,2,2,2,2,2,1,2,1,2,2,1,1,2,1,2,1,2,2,1,2,2,1,2,1,2,2,1,1,1,1,2,1
611,4,4,4,5,5,5,5,5,2,2,70.0,,,1.0,3.0,3.0,6.0,,,,,6.0,1.0,54.0,,1.0,,,,,3.0,4.0,5.0,,,,16.0,,1.0,,,5.0,,1.0,,4.0,,,,,,,,,,,,1.0,1.0,1.0,1.0,1.0,1.0,6,2,3,3,2,5,6,6,3,2,62.0,55.0,60.0,70.0,68.0,65.0,75.0,60.0,40.0,35.0,2,1,1,2,2,2,2,1,2,2,1,2,2,2,1,1,2,2,2,2,1,1,2,2,1,2,1,2,2,1,1,2,1,2,1,2,1,2,2,1
398,4,4,4,4,4,4,5,4,2,2,70.0,,4.0,,3.0,4.0,5.0,,,,,5.0,,,2.0,,2.0,,,,,,,2.0,4.0,4.0,,8.0,1.0,,4.0,,,,1.0,4.0,,1.0,1.0,1.0,1.0,1.0,1.0,1.0,1.0,1.0,1.0,,,,,,,6,3,2,2,3,5,6,6,3,2,60.0,55.0,50.0,60.0,65.0,60.0,70.0,55.0,40.0,35.0,2,2,2,2,2,2,1,1,1,1,1,2,2,1,2,2,2,2,2,1,1,1,1,1,2,2,1,2,2,2,2,1,2,2,1,2,1,1,2,2
584,2,3,2,2,2,2,2,2,4,3,70.0,,,1.0,,,,3.0,4.0,4.0,3.0,,1.0,30.0,,,2.0,,,,1.0,2.0,3.0,,,,20.0,,2.0,,,,1.0,,1.0,,2.0,1.0,1.0,1.0,1.0,1.0,1.0,1.0,1.0,1.0,1.0,,,,,,,6,2,2,2,2,4,6,6,2,2,40.0,35.0,35.0,30.0,30.0,30.0,30.0,25.0,40.0,30.0,2,1,1,2,2,2,2,2,2,2,2,2,1,2,2,1,1,2,2,1,2,1,2,1,2,2,1,2,1,2,1,2,2,2,1,2,1,1,2,1
1362,5,5,5,5,5,5,5,5,1,1,70.0,,,1.0,3.0,4.0,6.0,,,,5.0,,1.0,50.0,,1.0,,,,,,,,2.0,5.0,6.0,,,1.0,,3.0,,,,2.0,5.0,,1.0,1.0,1.0,1.0,1.0,1.0,1.0,1.0,1.0,1.0,,,,,,,6,3,2,2,3,5,6,6,3,2,65.0,60.0,60.0,70.0,75.0,70.0,80.0,65.0,40.0,35.0,2,2,1,1,2,1,1,1,2,1,2,2,2,1,2,2,1,2,2,2,1,1,2,1,2,1,2,2,2,1,2,2,2,2,2,1,1,1,1,1
1211,5,5,5,5,5,5,5,5,1,1,70.0,,4.0,,2.0,3.0,6.0,,,,,5.0,1.0,54.0,,,2.0,1.0,5.0,6.0,,,,,,,,,1.0,,,,3.0,,2.0,5.0,,,,,,,,,,,,1.0,1.0,1.0,1.0,1.0,1.0,6,2,2,2,2,5,6,6,3,2,65.0,60.0,60.0,70.0,70.0,65.0,80.0,60.0,30.0,30.0,2,2,2,2,2,2,2,2,2,1,2,2,2,2,2,2,2,2,1,2,2,2,2,2,2,1,1,2,2,1,2,1,1,2,2,1,2,2,1,1
1798,2,3,2,2,2,2,2,2,4,3,70.0,,,1.0,,,,3.0,4.0,5.0,5.0,,,,2.0,,2.0,,,,1.0,4.0,5.0,,,,,20.0,1.0,,,,3.0,1.0,,3.0,,,,,,,,,,,,1.0,1.0,1.0,1.0,1.0,1.0,6,3,3,3,3,5,5,5,3,2,55.0,45.0,50.0,40.0,50.0,45.0,60.0,50.0,60.0,40.0,1,1,1,2,1,2,1,1,2,1,1,2,2,1,1,2,1,1,2,1,2,1,2,1,2,2,1,2,2,1,1,2,1,2,2,1,1,1,2,1
1184,5,5,5,5,5,5,5,5,1,1,,30.0,4.0,,,,,4.0,4.0,3.0,,5.0,1.0,40.0,,,2.0,1.0,4.0,4.0,,,,,,,,20.0,1.0,,,,1.0,,2.0,4.0,,,,,,,,,,,,1.0,1.0,1.0,1.0,1.0,1.0,6,2,2,2,2,5,6,6,3,2,65.0,60.0,60.0,70.0,70.0,65.0,80.0,60.0,30.0,35.0,1,1,2,1,2,2,2,2,2,1,1,2,1,2,1,1,1,2,2,2,2,1,1,2,2,2,2,2,2,2,2,2,2,2,1,1,2,1,1,1
1885,5,5,5,5,5,5,5,5,1,1,70.0,,,1.0,,,,4.0,3.0,3.0,5.0,,1.0,40.0,,1.0,,,,,,,,1.0,5.0,6.0,,,,2.0,,7.0,,1.0,,5.0,,1.0,1.0,1.0,1.0,1.0,1.0,1.0,1.0,1.0,1.0,,,,,,,6,2,2,2,2,5,6,6,3,2,60.0,55.0,60.0,70.0,75.0,65.0,80.0,60.0,40.0,35.0,2,2,1,2,2,1,2,2,2,1,2,2,2,1,2,2,2,2,1,2,2,2,1,2,2,2,2,2,2,2,1,2,2,2,2,1,2,2,2,1
1587,4,4,4,4,4,4,4,4,2,2,70.0,,,1.0,,,,3.0,4.0,4.0,5.0,,1.0,40.0,,1.0,,,,,,,,1.0,4.0,4.0,,15.0,1.0,,4.0,,,1.0,,4.0,,,,,,,,,,,,1.0,1.0,1.0,1.0,1.0,1.0,6,3,4,3,2,5,6,5,3,2,60.0,55.0,60.0,65.0,70.0,60.0,75.0,60.0,40.0,35.0,1,2,1,2,2,1,2,1,1,2,2,2,1,2,1,2,2,2,2,1,1,1,2,1,1,1,1,2,2,2,2,1,1,1,2,2,2,1,2,1
1612,2,3,2,3,4,3,4,3,1,2,,30.0,,2.0,,,,4.0,4.0,5.0,5.0,,,,2.0,,2.0,,,,1.0,4.0,5.0,,,,,16.0,1.0,,,7.0,,,2.0,4.0,,,,,,,,,,,,1.0,1.0,1.0,1.0,1.0,1.0,6,3,4,3,2,5,6,5,3,2,54.0,47.0,49.0,56.0,62.0,51.0,65.0,48.0,44.0,38.0,2,1,2,2,1,1,1,2,1,2,1,2,1,1,1,1,2,2,2,2,1,2,2,1,2,1,1,1,1,1,1,2,1,1,2,2,1,1,2,1
1761,4,4,4,4,4,4,5,4,2,2,70.0,,,1.0,3.0,4.0,6.0,,,,5.0,,1.0,40.0,,,2.0,1.0,4.0,5.0,,,,,,,,,1.0,,4.0,,,,1.0,,4.0,,,,,,,,,,,1.0,1.0,1.0,1.0,1.0,1.0,6,3,2,2,2,5,6,5,3,2,60.0,55.0,60.0,65.0,70.0,60.0,80.0,55.0,40.0,35.0,1,2,1,2,2,2,2,1,2,2,1,1,1,2,1,2,1,2,2,2,1,2,2,1,1,1,1,1,2,2,1,2,1,1,2,1,1,1,2,1
187,5,5,5,5,5,5,5,5,1,1,70.0,,4.0,,2.0,3.0,6.0,,,,,5.0,,,2.0,1.0,,1.0,5.0,6.0,,,,,,,,20.0,,2.0,,,3.0,,2.0,5.0,,,,,,,,,,,,1.0,1.0,1.0,1.0,1.0,1.0,6,3,3,3,3,5,6,6,3,2,60.0,55.0,60.0,70.0,70.0,65.0,80.0,60.0,40.0,35.0,2,1,1,2,2,1,1,2,1,2,1,1,2,2,2,1,1,1,2,1,2,1,2,2,1,1,2,1,2,1,1,1,1,1,2,1,1,1,2,2
212,2,3,2,2,2,2,2,2,1,2,,30.0,,1.0,,,,3.0,4.0,2.0,3.0,,,,2.0,,2.0,,,,,,,1.0,2.0,4.0,,,2.0,,,6.0,,1.0,,,4.0,,,,,,,,,,,1.0,1.0,1.0,1.0,1.0,1.0,6,2,2,2,2,5,6,6,2,2,40.0,35.0,30.0,30.0,30.0,30.0,30.0,25.0,40.0,30.0,2,2,2,2,2,2,1,2,2,2,2,1,2,2,2,2,1,2,2,1,2,1,2,2,2,1,1,2,2,2,2,2,1,2,2,2,2,2,2,2
361,5,5,5,5,5,5,5,5,2,2,70.0,,,1.0,,,,3.0,4.0,2.0,,5.0,,,2.0,,2.0,1.0,4.0,5.0,,,,,,,,20.0,,2.0,5.0,,,1.0,,,5.0,,,,,,,,,,,1.0,1.0,1.0,1.0,1.0,1.0,6,3,3,3,3,5,6,6,3,2,62.0,55.0,60.0,68.0,70.0,65.0,75.0,60.0,40.0,45.0,1,2,2,2,2,1,2,2,2,2,1,1,2,2,1,1,1,2,2,2,1,1,1,2,2,1,2,1,2,1,1,1,2,2,1,1,2,2,2,2
10,5,5,5,5,5,5,5,5,1,1,70.0,,,1.0,3.0,4.0,5.0,,,,,5.0,,,2.0,1.0,,,,,4.0,5.0,6.0,,,,,,1.0,,4.0,,,2.0,,,5.0,,,,,,,,,,,1.0,1.0,1.0,1.0,1.0,1.0,6,2,2,2,2,5,6,6,3,2,65.0,60.0,62.0,70.0,75.0,68.0,80.0,60.0,30.0,35.0,1,2,1,2,1,2,2,2,2,2,2,2,2,2,2,1,1,2,1,1,1,2,2,2,1,2,2,1,2,1,2,1,2,2,2,1,2,2,1,1
886,4,4,4,3,4,3,5,4,2,2,,30.0,,1.0,3.0,4.0,5.0,,,,5.0,,,,2.0,,2.0,,,,1.0,5.0,6.0,,,,,,,2.0,5.0,,,1.0,,,5.0,,,,,,,,,,,1.0,1.0,1.0,1.0,1.0,1.0,6,3,3,3,2,5,6,6,3,2,60.0,55.0,60.0,60.0,60.0,55.0,70.0,60.0,40.0,40.0,2,2,2,2,2,1,2,1,2,1,2,1,2,1,2,1,1,2,2,2,2,1,2,1,2,1,2,1,2,1,1,1,2,2,1,2,1,2,2,1
1229,4,4,4,4,4,4,5,4,2,2,,30.0,4.0,,3.0,4.0,6.0,,,,5.0,,1.0,40.0,,1.0,,2.0,4.0,4.0,,,,,,,20.0,,,2.0,4.0,,,1.0,,,4.0,1.0,1.0,1.0,1.0,1.0,1.0,1.0,1.0,1.0,1.0,,,,,,,6,2,4,3,2,5,6,5,3,1,60.0,55.0,50.0,60.0,65.0,60.0,70.0,55.0,40.0,45.0,2,1,2,2,2,2,2,1,1,2,2,1,1,2,2,2,1,2,2,2,2,2,1,1,2,1,2,2,2,1,1,1,2,1,2,2,1,2,2,2
1435,4,4,4,5,5,5,5,4,2,2,,30.0,,1.0,,,,4.0,3.0,3.0,,5.0,,,1.0,1.0,,2.0,4.0,5.0,,,,,,,20.0,,1.0,,,,3.0,1.0,,,4.0,,,,,,,,,,,1.0,1.0,1.0,1.0,1.0,1.0,6,3,2,2,2,5,6,6,3,2,60.0,55.0,50.0,65.0,70.0,60.0,75.0,55.0,40.0,35.0,1,2,1,1,1,1,1,2,2,1,2,1,1,2,1,1,2,2,1,1,2,1,2,1,2,2,1,2,1,2,1,2,1,2,2,2,2,2,2,2
1546,5,5,5,5,5,5,5,5,2,2,70.0,,4.0,,3.0,4.0,6.0,,,,5.0,,,,2.0,,2.0,,,,3.0,5.0,6.0,,,,,,,2.0,5.0,,,,2.0,,5.0,,,,,,,,,,,1.0,1.0,1.0,1.0,1.0,1.0,6,3,2,2,2,5,6,6,3,2,62.0,55.0,60.0,70.0,75.0,65.0,80.0,60.0,40.0,35.0,2,2,2,2,2,1,2,1,2,1,2,2,1,1,1,2,2,1,2,2,1,1,2,1,2,2,2,1,2,1,1,1,2,2,2,1,2,2,1,2
629,4,4,4,5,5,5,5,4,2,2,70.0,,4.0,,,,,3.0,4.0,5.0,,5.0,1.0,40.0,,,2.0,,,,,,,2.0,4.0,5.0,18.0,,1.0,,4.0,,,1.0,,4.0,,1.0,1.0,1.0,1.0,1.0,1.0,1.0,1.0,1.0,1.0,,,,,,,6,3,2,3,3,5,6,5,3,2,62.0,54.0,58.0,67.0,70.0,65.0,74.0,60.0,48.0,45.0,2,2,1,1,2,2,1,2,2,2,2,2,2,1,2,2,1,1,2,1,2,1,2,1,2,2,1,2,1,1,2,2,1,2,1,1,1,2,1,1
146,4,4,4,4,4,4,4,4,2,2,70.0,,,1.0,,,,3.0,4.0,4.0,5.0,,1.0,30.0,,,2.0,,,,,,,2.0,4.0,5.0,,20.0,,2.0,,,3.0,1.0,,4.0,,,,,,,,,,,,1.0,1.0,1.0,1.0,1.0,1.0,6,3,4,4,3,5,6,5,3,2,60.0,55.0,60.0,65.0,65.0,60.0,70.0,55.0,40.0,40.0,1,1,2,2,2,2,1,1,1,1,2,1,1,1,1,1,1,2,1,2,1,1,1,1,2,1,1,2,1,1,2,1,1,1,1,1,2,1,1,1
934,4,4,4,3,4,3,5,4,2,2,70.0,,,1.0,,,,3.0,4.0,5.0,,6.0,,,2.0,,2.0,,,,,,,1.0,5.0,6.0,,,1.0,,,6.0,,1.0,,4.0,,1.0,1.0,1.0,1.0,1.0,1.0,1.0,1.0,1.0,1.0,,,,,,,6,3,3,3,3,5,6,6,3,1,55.0,48.0,52.0,60.0,62.0,54.0,70.0,50.0,40.0,38.0,1,2,2,1,2,2,1,2,1,2,2,1,2,1,1,1,1,2,2,2,2,2,1,2,2,2,2,2,2,2,2,1,2,2,1,1,2,1,1,1
847,5,5,5,5,5,5,5,5,2,2,,30.0,,1.0,3.0,3.0,5.0,,,,5.0,,,,2.0,,2.0,,,,1.0,5.0,6.0,,,,,,2.0,,,,3.0,,2.0,5.0,,1.0,1.0,1.0,1.0,1.0,1.0,1.0,1.0,1.0,1.0,,,,,,,6,3,2,2,3,5,6,6,3,2,60.0,55.0,60.0,70.0,70.0,65.0,80.0,60.0,40.0,35.0,2,1,2,2,2,1,1,1,2,1,1,2,2,2,2,1,1,2,2,1,2,2,1,1,2,1,1,2,2,1,1,2,2,2,2,1,1,1,2,1
1440,4,4,4,4,4,4,5,4,2,2,,30.0,4.0,,3.0,4.0,6.0,,,,5.0,,1.0,50.0,,1.0,,,,,2.0,4.0,5.0,,,,16.0,,,2.0,5.0,,,,2.0,4.0,,1.0,1.0,1.0,1.0,1.0,1.0,1.0,1.0,1.0,1.0,,,,,,,6,4,3,3,2,5,6,6,3,2,60.0,55.0,60.0,65.0,70.0,60.0,80.0,55.0,50.0,45.0,1,2,2,1,2,1,1,2,2,1,2,1,1,1,2,1,2,1,2,1,2,1,1,2,1,2,2,2,1,1,2,2,2,1,1,2,2,2,1,2
1533,4,4,4,3,4,3,5,4,2,2,,30.0,4.0,,,,,3.0,4.0,5.0,5.0,,,,2.0,,2.0,2.0,4.0,4.0,,,,,,,18.0,,,2.0,,6.0,,,1.0,4.0,,,,,,,,,,,,1.0,1.0,1.0,1.0,1.0,1.0,6,3,3,3,3,5,6,6,3,2,58.0,54.0,56.0,60.0,62.0,55.0,68.0,60.0,44.0,42.0,1,2,2,1,1,1,1,1,1,2,1,1,1,1,2,1,2,2,2,2,2,1,2,2,2,2,1,1,2,2,2,2,2,2,2,2,2,2,2,1
133,4,4,4,4,4,4,5,4,2,2,70.0,,,1.0,3.0,4.0,6.0,,,,5.0,,1.0,50.0,,,2.0,1.0,4.0,5.0,,,,,,,,,,2.0,4.0,,,1.0,,4.0,,,,,,,,,,,,1.0,1.0,1.0,1.0,1.0,1.0,6,3,3,3,2,5,6,6,3,2,60.0,55.0,50.0,60.0,60.0,55.0,70.0,60.0,40.0,40.0,1,2,2,2,2,1,2,1,2,2,2,1,2,2,1,1,1,1,1,2,2,1,2,2,1,2,2,2,1,1,1,1,2,1,2,1,2,1,2,2
941,4,4,4,4,4,4,4,4,2,2,,30.0,4.0,,,,,3.0,4.0,5.0,,5.0,1.0,40.0,,1.0,,,,,,,,2.0,4.0,5.0,,18.0,1.0,,,6.0,,1.0,,4.0,,,,,,,,,,,,1.0,1.0,1.0,1.0,1.0,1.0,6,3,3,3,2,5,6,6,3,2,60.0,55.0,60.0,65.0,65.0,60.0,70.0,60.0,40.0,35.0,2,2,2,1,2,1,2,1,1,2,2,1,1,2,2,2,1,1,2,1,2,2,2,1,1,1,1,2,1,2,2,1,2,1,2,2,2,2,2,1
832,4,4,4,5,5,5,5,4,1,2,70.0,,,1.0,2.0,4.0,6.0,,,,5.0,,,,2.0,1.0,,,,,,,,2.0,4.0,4.0,18.0,,1.0,,,6.0,,,2.0,,4.0,1.0,1.0,1.0,1.0,1.0,1.0,1.0,1.0,1.0,1.0,,,,,,,6,2,2,3,3,5,6,6,3,2,62.0,55.0,60.0,68.0,70.0,65.0,75.0,60.0,40.0,45.0,2,1,1,2,1,1,1,2,2,1,1,2,2,1,1,2,1,2,1,1,1,2,2,2,1,2,1,1,1,2,1,1,1,1,2,1,2,1,2,1
1667,4,4,4,5,5,5,5,5,2,2,70.0,,,1.0,,,,3.0,3.0,4.0,,5.0,1.0,50.0,,,2.0,,,,1.0,5.0,6.0,,,,,20.0,,2.0,,,3.0,1.0,,,4.0,,,,,,,,,,,1.0,1.0,1.0,1.0,1.0,1.0,6,3,3,3,3,5,6,6,3,2,60.0,55.0,60.0,70.0,70.0,65.0,80.0,60.0,40.0,35.0,2,2,2,2,2,2,2,2,2,2,2,2,2,2,2,1,2,2,2,2,2,2,2,1,2,2,2,2,2,1,2,2,2,2,2,1,2,2,1,2
1714,2,4,2,2,3,2,4,2,5,2,70.0,,1.0,,2.0,3.0,5.0,,,,5.0,,,,2.0,,2.0,,,,,,,1.0,4.0,5.0,,,,2.0,,6.0,,1.0,,,4.0,,,,,,,,,,,1.0,1.0,1.0,1.0,1.0,1.0,6,2,3,3,2,5,6,6,3,2,45.0,38.0,40.0,35.0,40.0,30.0,50.0,35.0,60.0,30.0,1,2,1,2,2,2,2,2,1,2,1,2,2,2,1,2,1,1,1,2,2,1,2,1,2,1,1,1,2,1,1,1,2,1,1,2,2,1,2,1
1108,2,3,2,2,3,2,4,2,4,3,70.0,,3.0,,,,,3.0,4.0,3.0,5.0,,1.0,50.0,,1.0,,2.0,3.0,4.0,,,,,,,18.0,,,2.0,,,3.0,1.0,,,4.0,1.0,1.0,1.0,1.0,1.0,1.0,1.0,1.0,1.0,1.0,,,,,,,6,3,4,3,3,5,6,5,2,2,40.0,35.0,38.0,30.0,35.0,30.0,40.0,30.0,50.0,35.0,1,2,1,1,1,2,2,2,1,1,2,2,2,1,1,1,2,2,2,2,1,1,1,2,1,2,2,2,2,1,2,2,1,2,1,1,2,2,1,1
1481,2,3,2,2,2,2,2,2,4,4,,30.0,,1.0,,,,3.0,4.0,2.0,5.0,,,,2.0,,2.0,,,,1.0,2.0,3.0,,,,,,,2.0,3.0,,,1.0,,,2.0,1.0,1.0,1.0,1.0,1.0,1.0,1.0,1.0,1.0,1.0,,,,,,,6,3,2,2,2,5,6,6,2,2,35.0,30.0,30.0,30.0,30.0,25.0,35.0,25.0,40.0,35.0,2,2,2,2,2,2,1,2,1,1,2,1,2,2,2,2,2,1,2,1,2,2,1,2,1,1,2,2,2,1,1,1,2,2,1,1,2,1,2,1
267,4,4,4,4,4,4,4,4,2,2,,30.0,4.0,,2.0,3.0,6.0,,,,5.0,,1.0,40.0,,,2.0,,,,,,,2.0,4.0,5.0,5.0,,1.0,,4.0,,,1.0,,,4.0,1.0,1.0,1.0,1.0,1.0,1.0,1.0,1.0,1.0,1.0,,,,,,,6,3,2,2,2,5,6,6,3,2,60.0,55.0,60.0,65.0,65.0,60.0,70.0,60.0,50.0,45.0,1,1,1,2,2,1,1,1,1,1,1,1,2,2,1,1,1,2,1,1,2,1,2,2,1,2,2,2,2,1,2,2,1,1,1,2,1,1,1,1
314,2,2,2,1,2,2,2,2,1,2,70.0,,,1.0,2.0,3.0,6.0,,,,,5.0,1.0,25.0,,,2.0,,,,,,,1.0,4.0,5.0,,,2.0,,3.0,,,1.0,,,4.0,,,,,,,,,,,1.0,1.0,1.0,1.0,1.0,1.0,6,2,2,2,2,5,6,6,3,2,30.0,25.0,20.0,10.0,15.0,10.0,20.0,10.0,40.0,15.0,2,1,1,2,1,2,2,1,1,2,1,2,2,1,1,1,1,2,1,2,2,2,2,1,2,1,2,2,1,1,2,2,1,2,1,1,1,1,2,2
508,4,4,4,4,4,4,4,4,2,2,70.0,,,1.0,,,,4.0,4.0,3.0,,5.0,1.0,30.0,,1.0,,,,,,,,2.0,4.0,5.0,,,,2.0,4.0,,,1.0,,4.0,,,,,,,,,,,,1.0,1.0,1.0,1.0,1.0,1.0,6,3,3,3,3,5,6,6,3,2,60.0,55.0,60.0,65.0,65.0,60.0,70.0,60.0,50.0,45.0,1,2,1,1,1,1,1,2,1,2,2,2,1,2,2,2,2,1,1,2,2,1,2,1,2,2,2,2,2,1,1,1,1,2,1,2,1,1,2,1
980,2,3,2,2,2,2,2,2,1,3,,30.0,,1.0,,,,3.0,4.0,2.0,3.0,,,,2.0,1.0,,,,,1.0,2.0,4.0,,,,,,2.0,,,,1.0,1.0,,,3.0,,,,,,,,,,,1.0,1.0,1.0,1.0,1.0,1.0,6,2,2,2,2,5,6,6,2,2,30.0,25.0,25.0,30.0,30.0,25.0,30.0,20.0,40.0,30.0,1,1,2,1,2,2,2,1,2,1,2,2,1,1,1,2,2,1,2,1,1,1,1,2,2,2,2,2,2,2,2,2,2,1,2,1,2,2,1,1
65,5,5,5,5,5,5,5,5,1,1,70.0,,4.0,,2.0,3.0,6.0,,,,5.0,,1.0,40.0,,,2.0,1.0,5.0,6.0,,,,,,,,,,2.0,,,1.0,1.0,,5.0,,,,,,,,,,,,1.0,1.0,1.0,1.0,1.0,1.0,6,2,2,2,2,5,6,6,3,2,65.0,60.0,60.0,75.0,80.0,70.0,85.0,70.0,30.0,35.0,1,1,2,2,1,2,2,2,1,2,2,2,2,2,2,2,2,1,2,2,2,2,2,2,1,1,2,2,1,2,2,1,1,1,2,1,2,1,1,2
2014,4,4,4,5,5,5,5,4,2,2,,30.0,,2.0,3.0,4.0,6.0,,,,5.0,,,,2.0,,2.0,2.0,4.0,5.0,,,,,,,,,,2.0,,,3.0,,2.0,4.0,,,,,,,,,,,,1.0,1.0,1.0,1.0,1.0,1.0,6,3,4,3,3,5,6,6,3,2,62.0,55.0,60.0,68.0,70.0,65.0,75.0,60.0,40.0,38.0,1,1,2,1,1,2,1,2,1,1,2,1,2,1,2,2,2,2,1,2,1,1,1,2,1,2,2,2,2,2,1,2,1,1,1,1,2,1,1,2
1809,4,4,4,4,4,4,5,4,2,2,70.0,,,1.0,3.0,4.0,6.0,,,,5.0,,1.0,30.0,,1.0,,,,,1.0,4.0,4.0,,,,20.0,,1.0,,3.0,,,1.0,,4.0,,,,,,,,,,,,1.0,1.0,1.0,1.0,1.0,1.0,6,3,4,3,2,5,6,5,3,2,60.0,55.0,50.0,60.0,65.0,60.0,70.0,55.0,40.0,35.0,1,2,2,2,2,2,2,1,2,1,2,2,2,2,1,2,1,2,2,2,2,2,1,1,2,2,2,2,2,1,2,1,1,1,2,2,2,2,2,2
838,4,4,4,4,4,4,5,4,2,2,70.0,,4.0,,,,,3.0,4.0,5.0,,5.0,,,2.0,,2.0,,,,2.0,4.0,5.0,,,,,20.0,,2.0,,,3.0,1.0,,,4.0,,,,,,,,,,,1.0,1.0,1.0,1.0,1.0,1.0,6,2,3,3,2,5,6,6,3,2,62.0,55.0,60.0,65.0,68.0,60.0,75.0,58.0,40.0,35.0,1,2,2,2,2,1,2,2,1,1,1,2,2,1,2,1,2,2,2,1,1,2,2,1,2,1,2,2,2,2,2,2,2,2,1,2,2,1,2,1
1539,5,5,5,5,5,5,5,5,2,2,,30.0,4.0,,3.0,4.0,6.0,,,,5.0,,,,2.0,,2.0,2.0,5.0,6.0,,,,,,,,20.0,,2.0,5.0,,,1.0,,5.0,,1.0,1.0,1.0,1.0,1.0,1.0,1.0,1.0,1.0,1.0,,,,,,,6,3,3,3,2,5,6,6,3,2,65.0,60.0,60.0,70.0,70.0,65.0,80.0,60.0,40.0,40.0,1,2,1,2,2,2,1,1,2,2,2,2,1,2,2,2,1,2,1,1,1,2,2,1,1,2,2,2,1,2,2,2,2,1,1,1,1,1,2,1
1256,4,4,4,4,4,4,5,4,2,2,70.0,,,1.0,3.0,4.0,6.0,,,,5.0,,,,2.0,,2.0,,,,2.0,4.0,5.0,,,,,20.0,1.0,,,,2.0,1.0,,4.0,,1.0,1.0,1.0,1.0,1.0,1.0,1.0,1.0,1.0,1.0,,,,,,,6,3,2,2,2,4,6,6,3,1,60.0,55.0,60.0,65.0,65.0,60.0,70.0,60.0,40.0,40.0,2,1,2,1,1,2,1,1,1,1,2,2,2,2,1,2,2,2,1,1,2,1,2,1,1,2,1,2,2,2,2,2,1,2,1,2,2,1,2,2
1325,2,5,2,2,2,2,5,2,5,2,,30.0,,1.0,2.0,2.0,5.0,,,,,5.0,1.0,54.0,,1.0,,,,,1.0,5.0,6.0,,,,,,,2.0,,7.0,,,2.0,5.0,,1.0,1.0,1.0,1.0,1.0,1.0,1.0,1.0,1.0,1.0,,,,,,,6,2,2,2,2,5,6,6,3,2,40.0,35.0,30.0,25.0,30.0,25.0,40.0,30.0,50.0,35.0,2,1,2,1,2,2,1,2,1,2,2,2,1,1,1,1,1,1,1,1,2,2,2,1,1,2,1,2,2,1,1,1,1,1,1,2,2,1,2,1
139,2,3,2,2,2,2,2,2,1,3,,30.0,,1.0,2.0,3.0,5.0,,,,,5.0,1.0,30.0,,,2.0,1.0,2.0,2.0,,,,,,,,,,2.0,,,1.0,1.0,,,2.0,1.0,1.0,1.0,1.0,1.0,1.0,1.0,1.0,1.0,1.0,,,,,,,6,2,2,2,2,5,6,6,2,2,30.0,30.0,30.0,30.0,30.0,30.0,30.0,30.0,30.0,30.0,1,1,2,2,1,2,2,1,1,2,2,2,2,1,2,1,1,1,2,2,2,1,2,2,1,1,2,1,2,1,2,1,2,1,2,1,1,1,1,2
656,2,4,2,2,2,2,2,2,1,1,,30.0,,1.0,3.0,3.0,6.0,,,,2.0,,,,2.0,1.0,,1.0,2.0,2.0,,,,,,,20.0,,2.0,,,10.0,,1.0,,,1.0,1.0,1.0,1.0,1.0,1.0,1.0,1.0,1.0,1.0,1.0,,,,,,,6,2,1,1,2,5,7,7,1,1,10.0,10.0,10.0,10.0,10.0,10.0,10.0,10.0,10.0,10.0,2,1,1,2,1,2,1,2,1,2,2,2,1,2,2,2,1,1,2,2,2,2,2,2,1,2,1,2,1,1,2,1,2,2,2,2,1,2,1,1
725,4,4,4,4,4,4,5,4,2,2,70.0,,,2.0,,,,3.0,4.0,4.0,,5.0,1.0,30.0,,,2.0,1.0,4.0,5.0,,,,,,,20.0,,,2.0,,,3.0,1.0,,,4.0,1.0,1.0,1.0,1.0,1.0,1.0,1.0,1.0,1.0,1.0,,,,,,,6,3,3,3,3,5,6,6,3,2,60.0,55.0,60.0,65.0,65.0,60.0,70.0,60.0,55.0,50.0,2,2,1,1,2,2,1,2,1,1,1,2,1,2,2,2,1,2,2,2,2,2,1,1,2,1,2,1,2,2,2,1,1,2,1,1,1,2,2,2
1970,5,5,5,5,5,5,5,5,1,1,70.0,,4.0,,,,,3.0,4.0,2.0,,5.0,,,2.0,,2.0,,,,1.0,5.0,6.0,,,,,20.0,,2.0,,7.0,,1.0,,5.0,,1.0,1.0,1.0,1.0,1.0,1.0,1.0,1.0,1.0,1.0,,,,,,,6,2,2,2,2,5,6,6,3,2,62.0,55.0,60.0,70.0,75.0,65.0,80.0,60.0,40.0,35.0,2,2,2,1,2,1,1,2,1,1,1,2,1,2,1,2,2,1,2,1,2,1,1,2,2,1,2,1,1,1,2,2,1,2,1,1,2,2,2,1
1803,5,5,5,5,5,5,5,5,1,1,70.0,,,1.0,3.0,4.0,6.0,,,,,6.0,,,2.0,,2.0,,,,,,,4.0,5.0,6.0,,20.0,1.0,,4.0,,,1.0,,,5.0,,,,,,,,,,,1.0,1.0,1.0,1.0,1.0,1.0,6,3,3,3,3,5,6,6,3,2,65.0,60.0,60.0,70.0,75.0,70.0,80.0,60.0,40.0,35.0,1,2,2,1,1,2,1,1,2,2,2,2,2,2,2,1,1,2,2,2,1,2,2,1,2,1,1,1,1,1,2,2,2,1,2,1,2,2,1,1
1297,2,3,2,2,2,2,2,2,4,4,70.0,,1.0,,3.0,3.0,5.0,,,,5.0,,1.0,50.0,,1.0,,,,,,,,1.0,4.0,5.0,,,,2.0,,,3.0,1.0,,,4.0,1.0,1.0,1.0,1.0,1.0,1.0,1.0,1.0,1.0,1.0,,,,,,,6,3,3,3,3,5,6,6,3,2,40.0,30.0,30.0,30.0,30.0,30.0,40.0,30.0,60.0,60.0,2,1,2,2,2,1,2,1,2,2,2,2,2,2,2,2,1,2,2,2,2,1,1,1,2,2,1,2,1,2,1,2,1,2,2,1,1,1,2,2
1071,4,4,4,4,4,4,5,4,2,2,70.0,,3.0,,,,,4.0,4.0,3.0,,5.0,,,2.0,1.0,,1.0,4.0,4.0,,,,,,,20.0,,1.0,,,7.0,,1.0,,4.0,,,,,,,,,,,,1.0,1.0,1.0,1.0,1.0,1.0,6,2,2,2,2,5,6,6,3,2,60.0,55.0,60.0,65.0,65.0,60.0,70.0,60.0,50.0,45.0,2,2,1,2,1,2,2,2,2,1,2,2,2,1,1,2,1,2,2,2,2,1,2,1,2,1,2,1,1,1,1,2,1,2,1,1,1,2,2,2
1102,4,4,4,5,5,5,5,5,2,2,,30.0,4.0,,3.0,4.0,6.0,,,,5.0,,,,2.0,1.0,,,,,,,,3.0,4.0,4.0,20.0,,,2.0,3.0,,,1.0,,,4.0,1.0,1.0,1.0,1.0,1.0,1.0,1.0,1.0,1.0,1.0,,,,,,,6,3,3,3,3,5,6,6,3,2,60.0,55.0,55.0,65.0,65.0,60.0,70.0,60.0,40.0,40.0,1,2,2,1,2,2,2,2,2,1,1,2,2,2,2,2,2,2,2,2,2,1,1,2,2,2,2,2,1,1,1,2,1,2,2,2,2,2,1,2
697,4,4,4,5,5,5,5,5,2,2,,30.0,4.0,,3.0,4.0,6.0,,,,5.0,,,,2.0,1.0,,,,,,,,2.0,5.0,6.0,,,1.0,,,6.0,,1.0,,5.0,,,,,,,,,,,,1.0,1.0,1.0,1.0,1.0,1.0,6,3,2,2,2,5,6,6,3,2,60.0,55.0,60.0,65.0,70.0,65.0,75.0,60.0,55.0,50.0,1,1,2,2,1,2,2,1,2,1,2,1,1,1,1,1,1,2,2,1,1,1,2,2,1,1,1,2,2,1,2,2,2,2,2,1,2,1,2,1
471,4,4,4,4,4,4,5,4,2,2,70.0,,,1.0,,,,3.0,4.0,3.0,5.0,,1.0,54.0,,1.0,,1.0,4.0,4.0,,,,,,,,,,2.0,,,1.0,1.0,,4.0,,1.0,1.0,1.0,1.0,1.0,1.0,1.0,1.0,1.0,1.0,,,,,,,6,2,2,2,3,5,6,6,2,1,60.0,55.0,60.0,65.0,70.0,60.0,75.0,60.0,50.0,45.0,2,2,1,2,2,2,1,1,2,2,1,2,2,2,2,1,1,2,1,1,2,1,2,1,1,1,2,2,1,2,1,2,1,2,2,1,1,2,2,1
502,5,5,5,5,5,5,5,5,1,1,70.0,,4.0,,3.0,3.0,6.0,,,,5.0,,1.0,35.0,,1.0,,,,,,,,1.0,4.0,4.0,,,1.0,,,9.0,,1.0,,,5.0,1.0,1.0,1.0,1.0,1.0,1.0,1.0,1.0,1.0,1.0,,,,,,,6,3,2,2,3,5,6,6,3,1,65.0,55.0,60.0,70.0,75.0,60.0,80.0,60.0,40.0,35.0,2,1,2,1,1,2,1,1,2,1,1,2,2,2,2,1,1,1,1,1,1,1,2,2,1,1,1,2,2,1,1,1,2,2,2,2,1,2,2,1
1905,2,2,2,1,2,2,2,2,1,2,70.0,,1.0,,,,,3.0,4.0,2.0,,5.0,,,2.0,1.0,,1.0,2.0,2.0,,,,,,,,,2.0,,3.0,,,,1.0,2.0,,,,,,,,,,,,1.0,1.0,1.0,1.0,1.0,1.0,6,2,2,2,2,5,6,6,1,1,30.0,25.0,20.0,10.0,15.0,10.0,20.0,10.0,40.0,15.0,2,2,2,2,2,2,2,2,2,2,2,2,2,2,2,2,2,2,2,2,2,2,2,2,2,2,2,2,2,2,2,2,2,2,2,2,2,2,2,2
1876,5,5,5,5,5,5,5,5,1,1,,30.0,,1.0,3.0,4.0,6.0,,,,5.0,,1.0,50.0,,1.0,,,,,,,,1.0,5.0,6.0,,,,2.0,9.0,,,1.0,,5.0,,,,,,,,,,,,1.0,1.0,1.0,1.0,1.0,1.0,6,2,2,2,2,5,6,6,4,2,70.0,60.0,70.0,80.0,80.0,80.0,90.0,80.0,10.0,10.0,1,2,2,1,2,2,2,2,1,1,2,1,2,1,1,2,2,2,2,2,2,2,1,1,2,2,1,1,2,2,1,1,1,1,1,1,2,2,1,1
1004,4,4,4,4,4,4,4,4,2,2,70.0,,4.0,,3.0,3.0,5.0,,,,,5.0,,,2.0,,2.0,,,,,,,2.0,4.0,5.0,,18.0,,2.0,5.0,,,,1.0,4.0,,1.0,1.0,1.0,1.0,1.0,1.0,1.0,1.0,1.0,1.0,,,,,,,6,3,2,2,2,5,6,6,3,2,62.0,55.0,60.0,65.0,68.0,60.0,70.0,55.0,50.0,45.0,2,2,2,1,2,1,2,1,1,1,2,1,2,1,2,1,1,2,2,1,2,1,2,1,2,2,2,2,2,1,1,2,1,2,1,2,2,2,2,1
1177,2,3,2,2,3,2,4,2,4,3,70.0,,3.0,,3.0,4.0,5.0,,,,,5.0,,,2.0,,2.0,,,,,,,2.0,4.0,5.0,,,,2.0,5.0,,,1.0,,,4.0,1.0,1.0,1.0,1.0,1.0,1.0,1.0,1.0,1.0,1.0,,,,,,,6,3,3,3,3,5,6,5,3,2,45.0,38.0,40.0,35.0,40.0,35.0,50.0,30.0,55.0,30.0,2,2,2,1,1,2,2,2,2,1,1,1,2,2,2,2,1,2,2,2,2,1,2,1,2,1,2,2,2,2,2,2,2,2,2,1,2,2,1,2
1618,5,5,5,5,5,5,5,5,1,1,70.0,,4.0,,,,,4.0,4.0,3.0,5.0,,,,2.0,1.0,,,,,,,,2.0,5.0,6.0,,,,2.0,,,3.0,1.0,,5.0,,1.0,1.0,1.0,1.0,1.0,1.0,1.0,1.0,1.0,1.0,,,,,,,6,3,3,3,3,4,6,6,3,2,65.0,60.0,60.0,70.0,75.0,70.0,80.0,65.0,30.0,35.0,2,2,2,2,2,1,1,2,2,1,1,2,1,2,1,1,2,1,1,2,2,2,1,2,2,2,1,1,1,2,2,1,2,2,2,1,2,1,2,2
1391,2,2,2,1,2,2,2,2,1,2,,30.0,1.0,,,,,3.0,4.0,5.0,,5.0,,,2.0,1.0,,,,,,,,1.0,2.0,4.0,,,2.0,,,,1.0,,1.0,1.0,,1.0,1.0,1.0,1.0,1.0,1.0,1.0,1.0,1.0,1.0,,,,,,,6,3,2,2,3,5,6,6,1,1,30.0,25.0,20.0,10.0,15.0,10.0,20.0,10.0,40.0,15.0,1,1,2,2,1,1,1,2,1,2,2,1,1,2,1,1,2,2,2,2,1,2,2,1,1,1,2,1,2,1,2,1,1,1,2,1,1,1,1,2
404,2,2,2,1,2,2,2,2,1,2,70.0,,,1.0,,,,4.0,3.0,3.0,,5.0,,,2.0,,2.0,,,,1.0,4.0,5.0,,,,,20.0,,2.0,,6.0,,,1.0,,4.0,,,,,,,,,,,1.0,1.0,1.0,1.0,1.0,1.0,6,3,3,3,2,5,6,6,3,2,55.0,45.0,50.0,35.0,40.0,35.0,50.0,40.0,60.0,45.0,2,1,2,1,2,1,2,2,1,2,1,2,2,1,1,2,2,2,1,2,1,2,1,1,2,1,1,2,1,2,1,1,2,2,2,1,2,2,2,2
577,3,4,3,4,4,4,4,4,2,2,,30.0,3.0,,3.0,4.0,6.0,,,,3.0,,,,2.0,1.0,,,,,2.0,3.0,3.0,,,,20.0,,,2.0,3.0,,,1.0,,3.0,,1.0,1.0,1.0,1.0,1.0,1.0,1.0,1.0,1.0,1.0,,,,,,,6,3,3,3,2,5,6,6,3,1,40.0,35.0,30.0,40.0,40.0,35.0,40.0,30.0,45.0,30.0,2,2,1,2,2,1,2,2,2,1,2,2,2,2,1,2,2,2,1,2,2,2,2,1,1,2,2,2,1,2,1,1,2,1,1,2,2,1,2,2
218,2,3,2,2,2,2,2,2,4,3,,30.0,1.0,,,,,3.0,4.0,2.0,,5.0,,,2.0,,2.0,1.0,2.0,3.0,,,,,,,20.0,,,2.0,,7.0,,1.0,,,3.0,1.0,1.0,1.0,1.0,1.0,1.0,1.0,1.0,1.0,1.0,,,,,,,6,3,3,3,3,5,6,6,2,2,40.0,35.0,35.0,30.0,30.0,25.0,30.0,25.0,40.0,30.0,1,2,2,1,2,2,1,2,1,2,1,1,1,2,2,2,2,2,1,1,2,2,2,2,1,2,1,1,2,1,1,2,2,2,2,2,2,2,2,1
791,2,2,2,2,2,2,2,2,1,1,70.0,,,1.0,2.0,2.0,6.0,,,,5.0,,1.0,30.0,,1.0,,,,,1.0,1.0,1.0,,,,,,2.0,,1.0,,,,1.0,,1.0,1.0,1.0,1.0,1.0,1.0,1.0,1.0,1.0,1.0,1.0,,,,,,,6,2,2,2,2,5,6,6,1,1,30.0,25.0,25.0,20.0,20.0,15.0,20.0,10.0,60.0,50.0,2,1,2,2,1,2,2,2,2,1,1,1,1,2,1,2,2,1,2,1,1,1,1,2,1,1,2,2,1,1,2,1,2,2,1,2,2,1,1,1
1223,5,5,5,5,5,5,5,5,1,1,,30.0,,1.0,,,,4.0,3.0,3.0,5.0,,,,2.0,1.0,,,,,,,,2.0,4.0,5.0,,20.0,,2.0,,6.0,,,2.0,5.0,,1.0,1.0,1.0,1.0,1.0,1.0,1.0,1.0,1.0,1.0,,,,,,,6,2,2,2,2,5,6,6,3,2,60.0,55.0,60.0,70.0,75.0,65.0,80.0,60.0,40.0,35.0,2,2,2,2,2,2,2,2,2,2,2,2,2,2,2,2,2,2,2,2,1,2,2,2,2,2,2,2,2,2,2,2,1,2,1,2,1,2,1,2
1350,5,5,5,5,5,5,5,5,1,1,70.0,,4.0,,2.0,3.0,6.0,,,,,6.0,1.0,54.0,,1.0,,,,,,,,1.0,4.0,6.0,20.0,,,2.0,,,3.0,,2.0,,5.0,1.0,1.0,1.0,1.0,1.0,1.0,1.0,1.0,1.0,1.0,,,,,,,6,3,2,2,3,5,6,6,3,2,60.0,55.0,60.0,70.0,75.0,65.0,80.0,60.0,30.0,35.0,2,2,2,1,2,2,2,1,2,1,2,2,2,1,1,2,2,1,1,1,1,2,1,2,2,2,2,1,1,1,2,1,1,2,2,1,1,2,2,1
623,2,3,2,2,2,2,2,2,4,4,70.0,,,1.0,3.0,4.0,6.0,,,,5.0,,,,2.0,,2.0,,,,1.0,2.0,3.0,,,,,,2.0,,,,1.0,1.0,,3.0,,,,,,,,,,,,1.0,1.0,1.0,1.0,1.0,1.0,6,2,2,2,2,5,6,6,2,1,40.0,35.0,30.0,30.0,30.0,25.0,35.0,25.0,50.0,40.0,2,2,2,2,2,2,2,2,2,1,2,2,2,1,2,2,1,2,2,2,2,2,2,2,1,1,1,2,2,2,2,2,2,2,2,1,2,2,2,1
750,4,4,4,5,5,5,5,5,2,2,,30.0,4.0,,3.0,4.0,6.0,,,,,5.0,1.0,50.0,,,2.0,,,,,,,1.0,5.0,6.0,,20.0,,2.0,5.0,,,,2.0,,5.0,1.0,1.0,1.0,1.0,1.0,1.0,1.0,1.0,1.0,1.0,,,,,,,6,3,3,3,3,5,6,6,3,2,60.0,55.0,60.0,70.0,75.0,65.0,80.0,60.0,50.0,45.0,1,2,1,2,2,1,2,2,1,1,2,2,1,2,2,1,2,2,2,1,2,1,2,1,1,1,2,2,2,2,1,2,2,2,2,2,2,1,2,2
1934,4,4,4,5,5,5,5,5,2,2,70.0,,,1.0,4.0,4.0,5.0,,,,,5.0,1.0,54.0,,1.0,,3.0,4.0,4.0,,,,,,,18.0,,1.0,,,,3.0,1.0,,,4.0,,,,,,,,,,,1.0,1.0,1.0,1.0,1.0,1.0,6,3,4,3,3,5,6,6,3,2,60.0,55.0,58.0,65.0,68.0,62.0,70.0,60.0,40.0,38.0,1,2,1,1,1,1,2,2,2,2,1,2,2,1,1,2,1,2,2,1,1,2,1,2,2,1,1,1,1,2,2,1,2,2,1,2,2,2,2,2
1847,2,3,2,2,2,2,2,2,1,3,,30.0,1.0,,,,,3.0,4.0,2.0,5.0,,,,2.0,1.0,,,,,2.0,2.0,4.0,,,,20.0,,,2.0,,,3.0,,1.0,,3.0,1.0,1.0,1.0,1.0,1.0,1.0,1.0,1.0,1.0,1.0,,,,,,,6,3,2,2,2,4,6,6,2,1,40.0,35.0,30.0,30.0,30.0,25.0,30.0,20.0,60.0,40.0,1,1,2,1,2,1,2,1,2,2,2,2,1,1,2,2,2,2,2,2,1,1,2,1,2,2,1,1,1,1,1,2,2,1,2,1,1,1,2,2
435,2,2,2,1,2,2,2,2,1,2,,30.0,1.0,,3.0,4.0,6.0,,,,,5.0,1.0,20.0,,1.0,,1.0,2.0,2.0,,,,,,,20.0,,,2.0,3.0,,,,1.0,,2.0,1.0,1.0,1.0,1.0,1.0,1.0,1.0,1.0,1.0,1.0,,,,,,,6,2,2,2,2,5,6,6,1,1,30.0,25.0,20.0,10.0,20.0,15.0,20.0,10.0,40.0,30.0,2,1,2,2,2,2,2,1,2,1,2,2,2,2,2,2,1,1,1,2,1,1,1,2,2,1,2,2,2,2,1,2,2,1,2,2,2,1,1,1
546,2,3,2,2,2,2,4,2,4,3,,30.0,,1.0,3.0,4.0,5.0,,,,5.0,,,,2.0,1.0,,,,,2.0,4.0,4.0,,,,,16.0,1.0,,4.0,,,1.0,,,4.0,,,,,,,,,,,1.0,1.0,1.0,1.0,1.0,1.0,6,3,4,3,3,5,6,5,3,2,45.0,38.0,40.0,35.0,40.0,35.0,45.0,30.0,50.0,30.0,2,2,1,2,1,2,2,2,2,2,1,1,1,1,1,1,1,1,2,1,1,1,1,2,2,2,1,1,1,1,1,1,2,1,2,2,2,2,1,1
229,5,4,5,5,5,5,5,5,2,2,70.0,,,1.0,,,,3.0,4.0,5.0,5.0,,,,2.0,,2.0,2.0,4.0,5.0,,,,,,,,,,2.0,4.0,,,,1.0,4.0,,1.0,1.0,1.0,1.0,1.0,1.0,1.0,1.0,1.0,1.0,,,,,,,6,3,3,3,3,5,6,6,3,1,55.0,48.0,52.0,60.0,65.0,62.0,70.0,58.0,40.0,38.0,1,2,2,1,2,1,2,1,2,1,2,1,2,2,1,1,1,2,2,1,1,2,2,2,1,1,1,1,2,2,1,2,2,1,1,2,2,2,1,2
1035,2,3,2,2,3,2,3,2,4,3,,30.0,,1.0,2.0,3.0,5.0,,,,3.0,,1.0,20.0,,,2.0,,,,,,,1.0,2.0,3.0,,,2.0,,,5.0,,1.0,,3.0,,,,,,,,,,,,1.0,1.0,1.0,1.0,1.0,1.0,6,2,2,3,3,5,6,6,2,2,40.0,30.0,30.0,30.0,40.0,30.0,40.0,30.0,50.0,30.0,1,1,2,2,2,1,2,2,2,2,2,2,2,2,2,1,2,2,2,2,2,2,2,2,2,2,2,2,2,2,2,2,2,2,2,2,2,1,2,1
1146,4,4,4,4,4,4,4,4,2,2,70.0,,4.0,,2.0,3.0,6.0,,,,5.0,,,,2.0,1.0,,2.0,4.0,4.0,,,,,,,,,,2.0,5.0,,,1.0,,,4.0,,,,,,,,,,,1.0,1.0,1.0,1.0,1.0,1.0,6,3,3,3,3,5,6,6,3,2,60.0,55.0,60.0,65.0,70.0,60.0,75.0,60.0,55.0,50.0,2,2,2,2,1,1,1,2,2,1,1,2,2,1,1,2,2,1,2,2,2,1,1,2,2,1,2,2,2,2,2,2,2,1,1,1,1,2,2,2
1629,5,5,5,5,5,5,5,5,2,2,70.0,,,1.0,,,,3.0,4.0,5.0,5.0,,,,2.0,1.0,,3.0,4.0,5.0,,,,,,,,0.0,,2.0,,,3.0,,2.0,4.0,,1.0,1.0,1.0,1.0,1.0,1.0,1.0,1.0,1.0,1.0,,,,,,,6,3,4,4,3,5,6,6,3,2,62.0,55.0,60.0,65.0,70.0,68.0,75.0,60.0,50.0,45.0,1,1,2,2,2,2,2,1,1,2,2,2,1,2,2,1,2,1,1,2,2,2,2,2,2,2,2,1,2,2,2,1,1,2,2,1,1,1,1,2
1886,2,3,2,2,2,2,4,2,4,2,70.0,,,1.0,,,,3.0,3.0,3.0,5.0,,,,2.0,,2.0,1.0,2.0,2.0,,,,,,,,,,2.0,,5.0,,1.0,,2.0,,1.0,1.0,1.0,1.0,1.0,1.0,1.0,1.0,1.0,1.0,,,,,,,6,2,4,4,2,5,6,6,2,1,40.0,35.0,30.0,30.0,30.0,25.0,40.0,25.0,50.0,30.0,2,1,2,2,1,1,1,2,1,2,1,2,2,2,1,1,2,2,1,2,1,1,1,1,2,1,2,2,1,2,2,2,2,2,1,1,1,1,1,2
612,4,4,4,3,4,3,5,4,2,2,,30.0,4.0,,,,,3.0,4.0,5.0,,5.0,,,2.0,,2.0,2.0,4.0,5.0,,,,,,,,,,2.0,6.0,,,1.0,,4.0,,1.0,1.0,1.0,1.0,1.0,1.0,1.0,1.0,1.0,1.0,,,,,,,6,3,4,3,2,5,6,5,3,2,60.0,55.0,60.0,55.0,60.0,55.0,70.0,60.0,40.0,35.0,2,2,1,1,1,1,1,2,2,2,1,1,2,2,2,1,2,2,2,2,2,2,2,2,1,2,1,2,2,1,2,2,1,1,1,2,1,2,2,2
761,5,5,5,5,5,5,5,5,1,1,70.0,,,1.0,3.0,4.0,6.0,,,,,6.0,,,2.0,,2.0,,,,,,,2.0,5.0,6.0,,20.0,1.0,,,,2.0,,1.0,,5.0,,,,,,,,,,,1.0,1.0,1.0,1.0,1.0,1.0,6,3,2,2,2,5,6,6,3,2,62.0,55.0,60.0,70.0,75.0,65.0,80.0,60.0,40.0,35.0,1,1,1,2,2,1,2,2,2,2,1,2,1,1,1,2,1,1,1,2,1,2,2,2,1,1,1,2,2,1,1,2,1,1,2,2,1,2,2,1
587,2,3,2,3,3,3,3,2,4,3,,30.0,4.0,,3.0,3.0,6.0,,,,,5.0,1.0,25.0,,1.0,,,,,1.0,3.0,4.0,,,,,,,2.0,3.0,,,,2.0,,3.0,1.0,1.0,1.0,1.0,1.0,1.0,1.0,1.0,1.0,1.0,,,,,,,6,2,2,2,3,5,6,6,3,2,40.0,35.0,30.0,35.0,35.0,30.0,30.0,25.0,40.0,30.0,2,2,2,2,2,1,2,2,2,1,1,1,1,1,1,2,2,2,2,2,2,2,2,2,2,2,2,2,2,2,1,2,1,2,2,2,1,1,2,1
1212,2,3,2,2,2,2,4,2,4,3,,30.0,1.0,,,,,3.0,4.0,3.0,5.0,,1.0,30.0,,1.0,,,,,2.0,4.0,5.0,,,,,,2.0,,,,3.0,,2.0,,4.0,,,,,,,,,,,1.0,1.0,1.0,1.0,1.0,1.0,6,3,4,3,3,5,6,5,3,2,40.0,35.0,30.0,35.0,35.0,30.0,40.0,30.0,50.0,35.0,1,1,2,2,2,1,2,1,1,1,1,1,1,2,1,2,1,2,1,2,1,2,1,1,1,1,1,1,2,2,1,1,1,2,2,1,1,2,2,2
1361,5,5,5,5,5,5,5,5,1,1,70.0,,,1.0,4.0,4.0,6.0,,,,,7.0,1.0,54.0,,1.0,,5.0,5.0,6.0,,,,,,,,,1.0,,,,2.0,1.0,,6.0,,,,,,,,,,,,1.0,1.0,1.0,1.0,1.0,1.0,7,2,2,2,2,5,7,7,4,2,65.0,60.0,60.0,70.0,75.0,70.0,80.0,60.0,40.0,35.0,1,1,1,1,2,1,2,2,2,2,1,2,1,1,1,2,1,2,2,1,1,2,1,1,1,1,2,2,2,2,2,1,1,2,1,2,1,2,1,2
1187,4,4,4,4,4,4,4,4,2,2,70.0,,4.0,,3.0,3.0,5.0,,,,,5.0,,,2.0,,2.0,,,,,,,2.0,4.0,5.0,,16.0,1.0,,,,3.0,1.0,,,4.0,1.0,1.0,1.0,1.0,1.0,1.0,1.0,1.0,1.0,1.0,,,,,,,6,3,3,3,2,5,6,5,3,2,62.0,54.0,58.0,66.0,68.0,60.0,70.0,55.0,44.0,38.0,2,2,2,1,2,2,2,2,2,2,1,1,2,1,1,1,2,1,2,1,2,2,2,2,1,1,2,1,2,2,2,1,1,2,2,1,2,1,1,1
1980,5,5,5,5,5,5,5,5,2,2,70.0,,,1.0,,,,3.0,4.0,5.0,5.0,,1.0,54.0,,,2.0,2.0,4.0,5.0,,,,,,,20.0,,,2.0,,,3.0,1.0,,,5.0,,,,,,,,,,,1.0,1.0,1.0,1.0,1.0,1.0,6,2,2,2,2,5,6,6,3,2,60.0,55.0,60.0,70.0,70.0,65.0,80.0,60.0,40.0,35.0,1,2,1,2,1,2,2,2,1,1,2,2,2,1,2,1,2,1,2,1,1,1,2,1,2,2,2,2,1,2,1,2,1,2,1,1,1,2,2,2
809,4,5,4,5,5,5,5,4,2,2,,30.0,4.0,,3.0,4.0,6.0,,,,,5.0,,,2.0,1.0,,,,,3.0,4.0,5.0,,,,18.0,,1.0,,4.0,,,1.0,,,4.0,,,,,,,,,,,1.0,1.0,1.0,1.0,1.0,1.0,6,3,4,3,3,5,6,5,3,2,60.0,55.0,50.0,65.0,70.0,60.0,75.0,55.0,45.0,40.0,1,2,1,2,2,2,1,2,2,2,2,2,1,2,1,2,1,2,2,2,2,2,1,1,1,2,2,1,2,2,2,1,2,1,2,2,2,2,1,1
108,4,4,4,4,4,4,5,4,2,2,70.0,,,1.0,,,,4.0,4.0,3.0,,5.0,1.0,50.0,,,2.0,,,,2.0,4.0,5.0,,,,18.0,,1.0,,,,2.0,,2.0,4.0,,1.0,1.0,1.0,1.0,1.0,1.0,1.0,1.0,1.0,1.0,,,,,,,6,3,2,2,2,5,6,6,3,2,60.0,55.0,60.0,65.0,70.0,60.0,75.0,55.0,50.0,45.0,1,1,1,1,2,1,1,2,2,1,2,1,2,2,1,2,1,1,2,1,2,1,2,2,2,2,2,1,1,2,1,1,2,2,1,1,1,1,1,1
481,2,3,2,2,2,2,4,2,4,3,70.0,,,1.0,,,,3.0,4.0,4.0,3.0,,,,2.0,,2.0,1.0,2.0,2.0,,,,,,,20.0,,2.0,,,,1.0,,1.0,2.0,,,,,,,,,,,,1.0,1.0,1.0,1.0,1.0,1.0,6,2,2,2,2,4,6,6,1,1,30.0,20.0,20.0,20.0,20.0,20.0,20.0,20.0,20.0,20.0,1,2,1,1,1,1,2,1,2,2,1,2,2,1,1,2,1,1,1,2,2,2,2,1,1,1,2,2,1,1,1,1,2,1,1,1,1,2,1,1
667,2,3,2,2,2,2,2,2,1,3,70.0,,,1.0,,,,3.0,4.0,3.0,,5.0,1.0,25.0,,1.0,,1.0,2.0,2.0,,,,,,,,,,2.0,3.0,,,,1.0,,3.0,,,,,,,,,,,1.0,1.0,1.0,1.0,1.0,1.0,6,3,3,3,3,5,6,6,1,2,30.0,25.0,25.0,25.0,25.0,25.0,25.0,20.0,40.0,30.0,2,1,2,1,1,2,2,2,2,2,2,1,1,1,2,2,2,1,2,1,2,2,1,1,1,1,1,2,1,1,1,2,2,1,2,2,2,1,2,2
714,5,5,5,5,5,5,5,5,1,1,70.0,,,1.0,3.0,3.0,5.0,,,,5.0,,1.0,54.0,,1.0,,1.0,5.0,6.0,,,,,,,,,,2.0,6.0,,,1.0,,,5.0,1.0,1.0,1.0,1.0,1.0,1.0,1.0,1.0,1.0,1.0,,,,,,,6,3,2,2,2,5,6,6,3,2,62.0,60.0,65.0,70.0,75.0,70.0,80.0,65.0,30.0,35.0,1,1,1,2,2,2,1,2,1,2,2,2,2,2,1,1,2,1,1,1,1,2,2,1,1,1,2,1,1,1,1,2,1,2,2,1,2,1,2,2
1508,4,4,4,3,4,4,4,4,2,3,70.0,,3.0,,,,,4.0,4.0,3.0,5.0,,1.0,40.0,,1.0,,3.0,4.0,4.0,,,,,,,,,,2.0,,6.0,,1.0,,4.0,,,,,,,,,,,,1.0,1.0,1.0,1.0,1.0,1.0,6,3,4,3,3,5,6,5,3,2,60.0,55.0,50.0,55.0,60.0,60.0,65.0,55.0,45.0,40.0,1,2,1,2,1,2,2,1,1,1,2,2,2,2,1,1,2,2,2,1,2,1,1,2,2,1,2,1,2,1,2,1,1,1,2,2,1,1,2,1
1081,5,5,5,5,5,5,5,5,2,2,70.0,,,1.0,,,,3.0,4.0,2.0,,6.0,,,2.0,,2.0,,,,1.0,5.0,6.0,,,,,,1.0,,,,2.0,1.0,,5.0,,,,,,,,,,,,1.0,1.0,1.0,1.0,1.0,1.0,6,3,3,3,2,5,6,6,3,2,62.0,54.0,60.0,68.0,70.0,65.0,75.0,60.0,55.0,50.0,2,1,1,1,2,1,1,2,2,2,2,1,2,2,1,1,2,1,1,2,1,2,1,2,1,1,2,2,2,1,1,2,2,2,2,1,2,2,2,1
1267,4,4,4,3,4,3,5,4,2,2,,30.0,,1.0,3.0,4.0,5.0,,,,,5.0,,,2.0,,2.0,2.0,4.0,4.0,,,,,,,5.0,,1.0,,4.0,,,,1.0,,4.0,1.0,1.0,1.0,1.0,1.0,1.0,1.0,1.0,1.0,1.0,,,,,,,6,3,4,4,3,5,6,6,3,2,60.0,55.0,50.0,60.0,60.0,55.0,65.0,60.0,50.0,45.0,1,2,2,1,2,2,1,1,1,1,2,1,1,2,1,1,2,2,2,2,2,1,2,2,1,1,2,2,2,2,2,1,2,2,2,1,1,1,2,1
1314,2,3,2,2,2,2,2,2,1,2,,30.0,1.0,,2.0,3.0,6.0,,,,,5.0,1.0,20.0,,1.0,,1.0,2.0,2.0,,,,,,,20.0,,2.0,,,7.0,,,2.0,,1.0,,,,,,,,,,,1.0,1.0,1.0,1.0,1.0,1.0,6,2,2,2,2,5,6,6,2,1,30.0,25.0,25.0,20.0,20.0,20.0,20.0,20.0,40.0,30.0,1,2,2,2,2,2,2,2,1,2,2,1,2,1,2,1,1,2,1,2,2,2,1,2,1,2,1,2,2,1,2,1,2,2,1,2,1,1,1,2
1941,2,3,2,2,3,2,4,2,4,3,,30.0,,1.0,2.0,3.0,6.0,,,,,5.0,1.0,30.0,,1.0,,1.0,2.0,3.0,,,,,,,5.0,,2.0,,3.0,,,,1.0,,3.0,,,,,,,,,,,1.0,1.0,1.0,1.0,1.0,1.0,6,2,3,3,2,5,6,5,2,2,40.0,35.0,30.0,30.0,35.0,30.0,40.0,30.0,50.0,35.0,1,2,1,1,1,2,2,2,2,2,1,2,2,2,2,1,2,2,2,2,2,1,2,2,1,2,1,1,2,2,2,2,1,1,1,1,1,2,2,1
1832,4,4,4,3,4,4,5,4,2,2,70.0,,4.0,,,,,4.0,4.0,3.0,,5.0,1.0,40.0,,1.0,,2.0,4.0,5.0,,,,,,,,,,2.0,5.0,,,1.0,,4.0,,,,,,,,,,,,1.0,1.0,1.0,1.0,1.0,1.0,6,3,3,3,3,5,6,5,3,2,60.0,55.0,60.0,55.0,60.0,60.0,70.0,55.0,45.0,40.0,2,1,2,2,2,1,2,1,2,2,2,2,1,1,2,2,1,2,2,2,2,1,1,1,2,1,1,1,1,2,1,1,2,2,1,1,2,1,2,2
440,4,4,4,5,5,5,5,5,2,2,70.0,,,1.0,,,,3.0,4.0,4.0,5.0,,1.0,54.0,,,2.0,2.0,4.0,5.0,,,,,,,18.0,,,2.0,,,3.0,,2.0,,4.0,1.0,1.0,1.0,1.0,1.0,1.0,1.0,1.0,1.0,1.0,,,,,,,6,3,4,4,3,5,6,6,3,1,62.0,55.0,60.0,68.0,70.0,65.0,75.0,60.0,45.0,40.0,1,1,2,1,2,1,1,2,2,2,2,2,1,1,1,2,1,1,1,2,2,1,2,1,1,2,2,1,2,1,1,1,2,1,2,1,2,2,2,1
533,5,4,4,5,5,5,5,5,2,2,70.0,,,1.0,3.0,4.0,6.0,,,,,6.0,,,2.0,1.0,,,,,1.0,5.0,6.0,,,,,20.0,,2.0,,,3.0,,1.0,5.0,,1.0,1.0,1.0,1.0,1.0,1.0,1.0,1.0,1.0,1.0,,,,,,,6,3,2,2,2,5,6,6,3,2,65.0,60.0,60.0,70.0,70.0,65.0,75.0,60.0,55.0,50.0,2,1,2,2,1,2,2,2,2,1,2,1,2,1,2,1,1,1,2,1,1,1,1,1,2,1,1,1,2,2,2,1,1,1,1,1,2,1,2,1
1040,5,5,5,5,5,5,5,5,1,1,,30.0,4.0,,,,,3.0,4.0,3.0,,5.0,,,2.0,,2.0,,,,4.0,5.0,6.0,,,,,20.0,1.0,,5.0,,,1.0,,,5.0,1.0,1.0,1.0,1.0,1.0,1.0,1.0,1.0,1.0,1.0,,,,,,,6,2,2,2,3,5,6,6,3,2,60.0,55.0,60.0,70.0,70.0,65.0,80.0,60.0,40.0,35.0,2,2,2,2,1,2,1,2,2,1,2,1,2,1,2,2,2,1,1,1,1,2,1,2,1,2,1,2,1,1,1,2,2,2,1,2,2,2,2,2
1133,3,4,3,2,3,2,4,3,4,3,70.0,,1.0,,3.0,4.0,6.0,,,,,5.0,,,2.0,1.0,,,,,,,,1.0,4.0,6.0,,,1.0,,,,1.0,,1.0,,4.0,,,,,,,,,,,1.0,1.0,1.0,1.0,1.0,1.0,6,2,3,3,2,5,6,6,3,2,55.0,50.0,45.0,40.0,50.0,40.0,60.0,45.0,55.0,40.0,2,2,2,2,2,2,1,2,1,1,2,1,2,2,2,2,1,2,1,2,2,2,2,2,1,2,2,2,2,2,2,2,1,1,1,2,2,2,1,2
102,2,4,2,1,2,2,4,2,4,2,70.0,,4.0,,2.0,3.0,5.0,,,,5.0,,,,2.0,1.0,,1.0,2.0,2.0,,,,,,,,,2.0,,,8.0,,1.0,,,2.0,,,,,,,,,,,1.0,1.0,1.0,1.0,1.0,1.0,6,2,2,2,2,5,6,6,3,2,60.0,55.0,50.0,40.0,45.0,40.0,50.0,35.0,60.0,30.0,2,2,1,2,2,1,2,1,2,2,2,1,1,2,2,2,1,1,1,2,1,2,1,2,1,1,2,2,1,1,2,2,1,1,2,2,1,2,1,1
297,2,3,2,2,3,2,4,2,4,3,,30.0,1.0,,3.0,4.0,6.0,,,,,5.0,,,2.0,1.0,,1.0,2.0,3.0,,,,,,,20.0,,,2.0,,,3.0,,1.0,,3.0,1.0,1.0,1.0,1.0,1.0,1.0,1.0,1.0,1.0,1.0,,,,,,,6,3,2,2,2,5,6,6,3,1,40.0,35.0,30.0,35.0,40.0,30.0,45.0,30.0,50.0,35.0,1,2,2,2,1,1,1,2,1,1,2,1,2,2,1,1,1,2,2,1,2,1,2,2,1,1,1,1,1,2,1,1,2,2,2,1,1,2,2,1
1471,5,4,5,5,5,5,5,5,1,2,,30.0,,1.0,3.0,4.0,6.0,,,,5.0,,,,2.0,,2.0,2.0,4.0,4.0,,,,,,,,,1.0,,,7.0,,,2.0,,4.0,,,,,,,,,,,1.0,1.0,1.0,1.0,1.0,1.0,6,2,2,3,2,5,6,6,3,2,62.0,54.0,60.0,70.0,68.0,65.0,75.0,60.0,40.0,35.0,1,2,1,2,2,2,1,1,2,2,1,2,2,1,2,2,2,2,1,2,1,2,1,2,1,2,2,2,1,2,1,2,2,2,2,2,2,2,1,2
1502,2,3,2,2,3,2,4,2,4,2,70.0,,,1.0,,,,3.0,4.0,4.0,,5.0,1.0,30.0,,,2.0,1.0,2.0,3.0,,,,,,,,,,2.0,,7.0,,,1.0,3.0,,,,,,,,,,,,1.0,1.0,1.0,1.0,1.0,1.0,6,3,3,3,2,4,5,5,2,2,40.0,35.0,30.0,30.0,35.0,30.0,40.0,30.0,50.0,40.0,1,2,1,1,1,1,1,1,1,2,2,1,2,2,1,2,1,1,2,1,1,1,2,2,1,2,1,1,1,2,1,2,2,2,1,2,2,1,2,1
1697,4,4,4,5,5,5,5,4,2,2,,30.0,4.0,,3.0,4.0,5.0,,,,,5.0,1.0,50.0,,1.0,,,,,,,,2.0,4.0,5.0,2.0,,1.0,,4.0,,,1.0,,4.0,,1.0,1.0,1.0,1.0,1.0,1.0,1.0,1.0,1.0,1.0,,,,,,,6,3,2,2,2,4,6,6,3,2,60.0,55.0,60.0,70.0,70.0,65.0,80.0,60.0,40.0,35.0,1,2,2,2,2,2,1,1,1,1,2,1,1,1,2,2,1,2,2,1,1,1,2,2,1,2,1,1,1,1,1,2,2,2,1,2,2,1,1,1
95,2,4,2,2,2,2,2,2,4,2,,30.0,1.0,,2.0,3.0,6.0,,,,5.0,,1.0,25.0,,,2.0,1.0,2.0,2.0,,,,,,,20.0,,,2.0,,,3.0,1.0,,,3.0,,,,,,,,,,,1.0,1.0,1.0,1.0,1.0,1.0,6,2,2,2,2,5,6,6,2,2,40.0,35.0,30.0,30.0,30.0,25.0,30.0,25.0,40.0,25.0,1,1,1,2,1,1,1,2,1,2,1,2,2,1,2,1,1,2,1,2,1,2,1,2,2,2,2,1,2,1,2,1,2,1,2,2,2,1,1,2
970,5,5,5,5,5,5,5,5,1,1,,30.0,4.0,,,,,3.0,4.0,2.0,,5.0,1.0,54.0,,,2.0,,,,,,,2.0,5.0,6.0,,,1.0,,,6.0,,,2.0,5.0,,,,,,,,,,,,1.0,1.0,1.0,1.0,1.0,1.0,6,2,2,2,2,5,6,6,3,2,60.0,55.0,60.0,65.0,70.0,60.0,80.0,65.0,40.0,35.0,1,2,1,2,1,1,1,2,2,1,1,1,1,1,1,2,1,2,2,1,2,2,1,1,1,1,2,2,2,2,1,2,2,1,1,2,1,2,1,1
803,5,4,4,5,5,5,5,5,1,2,,30.0,4.0,,,,,3.0,4.0,2.0,5.0,,1.0,40.0,,,2.0,,,,,,,2.0,4.0,5.0,,18.0,1.0,,,6.0,,,2.0,,4.0,,,,,,,,,,,1.0,1.0,1.0,1.0,1.0,1.0,6,3,2,2,2,5,6,6,3,2,65.0,60.0,60.0,70.0,70.0,65.0,75.0,60.0,40.0,35.0,1,2,2,1,2,1,1,1,2,1,1,2,1,1,2,1,2,2,2,2,2,2,2,2,1,2,2,2,2,1,1,1,2,1,1,1,1,1,1,2
256,2,3,2,2,2,2,2,2,5,2,70.0,,1.0,,,,,3.0,4.0,3.0,5.0,,1.0,54.0,,1.0,,,,,1.0,2.0,2.0,,,,,,2.0,,,9.0,,,1.0,3.0,,1.0,1.0,1.0,1.0,1.0,1.0,1.0,1.0,1.0,1.0,,,,,,,6,2,2,2,2,5,6,6,1,2,40.0,35.0,30.0,25.0,25.0,20.0,30.0,20.0,60.0,25.0,2,2,2,1,2,1,2,2,2,2,2,1,2,2,1,2,1,2,1,1,2,2,2,1,1,2,2,1,1,2,2,1,1,2,2,2,2,2,2,2
325,2,3,2,2,2,2,2,2,1,3,70.0,,1.0,,,,,3.0,4.0,2.0,,5.0,1.0,20.0,,1.0,,,,,1.0,2.0,2.0,,,,18.0,,2.0,,3.0,,,1.0,,,2.0,,,,,,,,,,,1.0,1.0,1.0,1.0,1.0,1.0,6,2,2,2,2,5,6,6,2,2,30.0,25.0,20.0,25.0,25.0,20.0,25.0,20.0,40.0,30.0,1,1,1,2,1,2,1,2,2,2,2,1,1,2,2,2,1,2,2,2,1,2,1,1,2,1,1,2,2,2,2,1,1,1,2,1,1,2,1,1
539,4,5,4,5,5,5,5,5,2,2,70.0,,,1.0,3.0,4.0,6.0,,,,5.0,,,,2.0,,2.0,,,,2.0,4.0,4.0,,,,18.0,,1.0,,,3.0,,1.0,,4.0,,,,,,,,,,,,1.0,1.0,1.0,1.0,1.0,1.0,6,2,2,3,2,5,6,6,3,2,62.0,55.0,60.0,70.0,68.0,65.0,75.0,60.0,40.0,35.0,2,1,1,2,1,2,1,1,2,2,2,1,1,2,2,2,1,2,1,2,1,2,1,1,2,2,2,2,2,1,1,2,1,2,1,1,1,2,1,2
1656,2,3,2,2,3,2,4,2,4,3,70.0,,,1.0,3.0,4.0,6.0,,,,,5.0,1.0,30.0,,,2.0,,,,,,,1.0,4.0,5.0,,,,2.0,3.0,,,,1.0,,3.0,,,,,,,,,,,1.0,1.0,1.0,1.0,1.0,1.0,6,2,3,3,3,5,6,6,3,2,40.0,35.0,30.0,35.0,40.0,30.0,45.0,30.0,50.0,35.0,2,1,2,1,1,2,1,2,2,2,2,2,2,2,2,2,1,1,1,2,1,2,2,1,2,1,2,1,1,2,1,2,1,1,1,1,2,2,2,2
1725,5,5,5,5,5,5,5,5,2,2,,30.0,4.0,,,,,3.0,4.0,5.0,,5.0,,,2.0,1.0,,,,,,,,2.0,4.0,4.0,,20.0,,2.0,5.0,,,1.0,,4.0,,,,,,,,,,,,1.0,1.0,1.0,1.0,1.0,1.0,6,3,3,3,2,5,6,6,3,2,60.0,55.0,60.0,70.0,70.0,65.0,80.0,60.0,40.0,35.0,1,1,2,2,1,2,1,2,2,2,2,2,1,2,2,1,2,1,2,2,1,1,2,2,2,1,2,1,1,2,2,1,2,2,1,2,2,1,2,2
1139,5,5,5,5,5,5,5,5,2,2,,30.0,4.0,,,,,3.0,4.0,3.0,,6.0,1.0,45.0,,,2.0,2.0,4.0,5.0,,,,,,,2.0,,,2.0,5.0,,,1.0,,,4.0,1.0,1.0,1.0,1.0,1.0,1.0,1.0,1.0,1.0,1.0,,,,,,,6,3,2,2,3,4,6,6,3,2,65.0,60.0,62.0,70.0,75.0,68.0,80.0,60.0,40.0,35.0,1,1,2,2,1,2,2,1,1,2,2,1,1,1,1,1,2,1,1,2,2,1,1,2,1,2,2,2,1,2,1,2,2,2,1,1,2,2,2,2
1838,5,4,5,5,5,5,5,5,1,2,,30.0,,1.0,,,,3.0,4.0,3.0,5.0,,1.0,40.0,,,2.0,,,,,,,2.0,4.0,4.0,,20.0,1.0,,,,2.0,1.0,,4.0,,,,,,,,,,,,1.0,1.0,1.0,1.0,1.0,1.0,6,3,3,3,3,5,6,6,3,2,60.0,55.0,60.0,70.0,70.0,65.0,75.0,60.0,40.0,45.0,2,1,1,2,1,2,1,2,2,2,2,1,1,2,1,2,1,1,1,1,2,2,1,2,2,1,1,2,1,2,1,1,1,2,1,2,1,1,1,2
54,3,4,3,2,3,3,4,3,4,3,,30.0,,1.0,3.0,4.0,5.0,,,,,5.0,,,2.0,,2.0,,,,2.0,4.0,5.0,,,,6.0,,,2.0,,6.0,,1.0,,,4.0,,,,,,,,,,,1.0,1.0,1.0,1.0,1.0,1.0,6,3,4,3,3,5,6,5,3,2,55.0,48.0,50.0,45.0,55.0,50.0,60.0,45.0,60.0,40.0,2,1,1,1,1,2,2,1,1,2,1,2,1,1,2,2,1,1,2,1,2,1,2,1,2,1,2,1,2,1,2,2,1,1,2,2,1,2,2,1
2025,4,4,4,4,4,4,4,4,2,2,70.0,,,1.0,3.0,4.0,6.0,,,,,5.0,1.0,30.0,,1.0,,1.0,4.0,4.0,,,,,,,,,1.0,,,,3.0,1.0,,,4.0,,,,,,,,,,,1.0,1.0,1.0,1.0,1.0,1.0,6,2,2,2,2,5,6,6,3,2,60.0,55.0,60.0,65.0,65.0,60.0,70.0,60.0,40.0,35.0,2,1,2,2,1,1,2,2,1,2,2,1,1,2,2,2,2,1,2,2,1,1,2,2,2,2,1,1,1,1,2,2,2,1,1,1,2,1,1,1
223,2,2,2,2,2,2,4,2,4,2,,30.0,,1.0,3.0,4.0,5.0,,,,,5.0,1.0,30.0,,,2.0,,,,1.0,4.0,5.0,,,,5.0,,1.0,,,,3.0,1.0,,4.0,,1.0,1.0,1.0,1.0,1.0,1.0,1.0,1.0,1.0,1.0,,,,,,,6,2,2,2,2,5,6,6,3,2,40.0,35.0,35.0,30.0,30.0,25.0,40.0,30.0,50.0,30.0,2,2,1,2,2,2,2,2,2,1,2,2,2,2,2,2,1,2,1,2,2,1,2,2,2,1,1,2,2,1,1,2,1,2,1,1,1,2,2,2
350,2,2,2,2,2,2,2,2,4,4,,30.0,4.0,,,,,3.0,4.0,5.0,,5.0,,,2.0,1.0,,,,,,,,2.0,4.0,5.0,2.0,,1.0,,,6.0,,1.0,,,4.0,,,,,,,,,,,1.0,1.0,1.0,1.0,1.0,1.0,6,3,2,2,2,4,6,6,3,2,55.0,45.0,40.0,35.0,40.0,35.0,50.0,40.0,60.0,30.0,2,1,2,2,1,1,2,1,1,1,1,2,2,2,2,1,1,2,2,1,2,1,2,1,1,1,2,2,2,2,1,1,1,1,2,1,2,2,1,1
1623,5,5,5,5,5,5,5,5,2,2,70.0,,,1.0,,,,4.0,4.0,3.0,,5.0,,,2.0,1.0,,,,,,,,2.0,4.0,4.0,,20.0,1.0,,,,3.0,,2.0,5.0,,1.0,1.0,1.0,1.0,1.0,1.0,1.0,1.0,1.0,1.0,,,,,,,6,3,2,2,2,5,6,6,3,2,62.0,55.0,60.0,70.0,75.0,65.0,80.0,60.0,40.0,35.0,2,2,2,2,1,2,2,1,1,2,2,2,1,1,1,2,2,2,2,1,2,2,1,2,2,1,1,2,1,1,2,1,2,2,2,1,1,1,2,1
1750,4,4,4,5,5,5,5,4,2,2,70.0,,3.0,,,,,3.0,4.0,3.0,,5.0,1.0,54.0,,1.0,,,,,,,,2.0,4.0,5.0,,18.0,,2.0,,7.0,,,2.0,5.0,,,,,,,,,,,,1.0,1.0,1.0,1.0,1.0,1.0,6,3,3,3,2,5,6,6,3,2,62.0,54.0,58.0,66.0,68.0,60.0,70.0,55.0,44.0,40.0,2,2,2,1,1,2,2,1,2,1,2,1,1,2,1,2,1,1,2,2,2,2,1,2,1,2,1,1,2,1,2,1,1,1,2,1,1,2,2,1
2050,2,2,2,1,2,2,2,1,5,4,,30.0,1.0,,,,,3.0,4.0,2.0,,5.0,1.0,54.0,,,2.0,,,,,,,1.0,2.0,4.0,,,2.0,,5.0,,,,1.0,,2.0,1.0,1.0,1.0,1.0,1.0,1.0,1.0,1.0,1.0,1.0,,,,,,,6,2,2,2,2,5,6,6,1,2,30.0,25.0,20.0,10.0,15.0,10.0,20.0,10.0,40.0,30.0,2,2,1,2,1,2,2,2,1,2,1,2,1,2,2,1,1,2,1,1,1,2,2,2,1,2,1,1,1,1,1,1,2,1,2,2,2,2,2,1
21,2,3,2,2,3,2,4,2,4,3,70.0,,,1.0,3.0,4.0,6.0,,,,5.0,,1.0,40.0,,1.0,,,,,,,,1.0,3.0,4.0,,,1.0,,,7.0,,1.0,,,4.0,,,,,,,,,,,1.0,1.0,1.0,1.0,1.0,1.0,6,3,3,3,3,4,6,5,3,2,55.0,45.0,50.0,40.0,50.0,40.0,60.0,40.0,60.0,40.0,2,2,1,1,1,2,2,2,2,2,1,1,2,2,1,1,2,2,2,2,1,1,2,1,2,1,2,1,1,2,2,2,1,1,1,2,1,2,1,1
618,4,4,4,5,5,5,5,4,2,2,,30.0,,1.0,3.0,3.0,5.0,,,,5.0,,1.0,40.0,,,2.0,,,,2.0,4.0,5.0,,,,5.0,,1.0,,,6.0,,1.0,,4.0,,1.0,1.0,1.0,1.0,1.0,1.0,1.0,1.0,1.0,1.0,,,,,,,6,3,2,2,3,5,6,6,3,2,60.0,55.0,50.0,65.0,70.0,60.0,75.0,55.0,45.0,40.0,1,2,2,2,1,1,2,1,1,2,1,1,1,2,2,1,2,2,1,2,2,2,1,1,2,2,2,2,2,1,1,2,1,1,2,2,1,2,1,2
391,4,4,4,3,4,3,4,4,2,2,70.0,,1.0,,3.0,3.0,6.0,,,,,5.0,1.0,40.0,,,2.0,,,,1.0,4.0,5.0,,,,,,2.0,,,,3.0,,1.0,,4.0,1.0,1.0,1.0,1.0,1.0,1.0,1.0,1.0,1.0,1.0,,,,,,,6,3,2,2,2,4,6,6,3,2,60.0,55.0,50.0,60.0,65.0,60.0,70.0,60.0,55.0,50.0,2,2,1,2,2,2,2,2,1,2,2,2,1,2,1,2,2,2,1,2,1,1,2,1,1,2,2,2,1,1,2,2,2,1,2,2,2,2,2,2
177,4,4,4,3,4,3,4,3,2,2,,30.0,3.0,,,,,4.0,4.0,3.0,5.0,,,,2.0,1.0,,,,,,,,2.0,4.0,4.0,,,,2.0,4.0,,,,1.0,,4.0,1.0,1.0,1.0,1.0,1.0,1.0,1.0,1.0,1.0,1.0,,,,,,,6,3,2,2,3,5,6,6,3,2,60.0,55.0,50.0,45.0,55.0,50.0,60.0,45.0,40.0,35.0,2,2,1,1,2,2,2,2,1,2,1,2,2,2,1,1,2,1,1,2,1,1,2,2,2,2,1,1,2,1,2,2,1,2,1,1,2,1,1,1
1218,2,3,2,2,2,2,2,2,4,2,70.0,,1.0,,2.0,3.0,6.0,,,,5.0,,1.0,35.0,,1.0,,1.0,2.0,4.0,,,,,,,,,2.0,,,7.0,,,1.0,3.0,,1.0,1.0,1.0,1.0,1.0,1.0,1.0,1.0,1.0,1.0,,,,,,,6,3,3,3,2,5,6,5,1,2,40.0,35.0,35.0,30.0,30.0,25.0,30.0,20.0,40.0,25.0,1,2,2,1,1,1,1,1,2,1,1,2,1,1,2,2,1,2,2,2,2,1,2,1,2,2,1,2,2,1,1,2,1,2,2,1,1,1,1,2
1791,4,4,4,4,4,4,5,4,2,2,70.0,,4.0,,3.0,4.0,6.0,,,,5.0,,1.0,50.0,,,2.0,,,,,,,2.0,4.0,5.0,,18.0,,2.0,,,3.0,1.0,,4.0,,1.0,1.0,1.0,1.0,1.0,1.0,1.0,1.0,1.0,1.0,,,,,,,6,3,2,2,2,5,6,6,3,2,60.0,55.0,60.0,65.0,70.0,60.0,75.0,60.0,50.0,45.0,1,2,1,2,2,2,2,1,1,2,2,1,2,1,1,2,1,2,1,1,2,2,2,1,1,1,1,2,1,2,2,1,1,1,1,1,2,2,2,2
1404,3,4,3,2,3,2,4,3,2,3,70.0,,,1.0,,,,3.0,4.0,4.0,5.0,,,,2.0,1.0,,2.0,3.0,4.0,,,,,,,,,,2.0,,6.0,,,2.0,,4.0,,,,,,,,,,,1.0,1.0,1.0,1.0,1.0,1.0,6,3,3,3,2,5,6,5,3,2,55.0,50.0,50.0,45.0,50.0,40.0,60.0,45.0,55.0,40.0,1,2,2,1,2,2,2,2,2,1,2,1,2,1,1,2,2,1,2,2,1,2,1,2,2,1,1,1,2,1,1,2,2,2,1,2,2,1,2,1
1577,4,4,4,5,5,5,5,5,2,2,70.0,,4.0,,3.0,4.0,6.0,,,,5.0,,1.0,40.0,,1.0,,,,,,,,2.0,4.0,5.0,16.0,,1.0,,,6.0,,,1.0,,5.0,1.0,1.0,1.0,1.0,1.0,1.0,1.0,1.0,1.0,1.0,,,,,,,6,3,4,4,2,5,6,6,3,2,55.0,45.0,50.0,65.0,60.0,60.0,70.0,55.0,40.0,35.0,1,2,1,2,1,2,2,2,1,1,2,1,1,1,1,2,1,2,2,2,2,1,2,1,1,2,1,1,2,1,2,2,1,1,2,1,1,1,1,1
905,4,4,4,3,4,4,4,4,2,2,70.0,,4.0,,,,,3.0,4.0,5.0,,5.0,1.0,40.0,,,2.0,,,,,,,3.0,4.0,5.0,,,1.0,,3.0,,,,1.0,4.0,,,,,,,,,,,,1.0,1.0,1.0,1.0,1.0,1.0,6,3,3,3,2,5,6,6,3,2,60.0,55.0,60.0,50.0,55.0,55.0,60.0,60.0,40.0,40.0,2,1,1,1,2,1,1,1,2,1,2,2,2,1,2,1,2,1,2,2,1,2,2,2,2,2,1,1,2,2,2,2,1,2,1,2,1,1,2,2
876,4,4,4,4,4,4,4,4,2,2,,30.0,,1.0,3.0,4.0,6.0,,,,,5.0,1.0,35.0,,,2.0,,,,,,,2.0,4.0,4.0,18.0,,1.0,,3.0,,,1.0,,4.0,,1.0,1.0,1.0,1.0,1.0,1.0,1.0,1.0,1.0,1.0,,,,,,,6,3,2,2,3,5,6,6,3,2,55.0,50.0,45.0,60.0,65.0,55.0,70.0,50.0,60.0,40.0,1,2,1,1,2,1,2,2,2,1,2,1,2,2,2,1,1,1,2,1,2,2,2,2,2,1,2,1,1,2,2,1,2,1,2,2,2,1,2,2
1009,4,4,4,5,5,5,5,5,2,2,70.0,,,1.0,,,,3.0,4.0,5.0,5.0,,1.0,40.0,,,2.0,,,,,,,2.0,4.0,5.0,,20.0,1.0,,,7.0,,,1.0,4.0,,,,,,,,,,,,1.0,1.0,1.0,1.0,1.0,1.0,6,2,2,2,2,5,6,6,3,2,60.0,55.0,50.0,65.0,70.0,60.0,75.0,55.0,40.0,35.0,2,2,1,2,1,2,2,2,2,2,2,2,1,1,2,2,2,1,1,1,2,1,1,2,1,2,2,2,2,2,1,2,1,1,2,2,2,2,1,2
1580,5,5,5,5,5,5,5,5,1,1,,30.0,,1.0,,,,3.0,4.0,5.0,5.0,,,,2.0,1.0,,2.0,5.0,6.0,,,,,,,20.0,,,2.0,,,3.0,,2.0,,5.0,,,,,,,,,,,1.0,1.0,1.0,1.0,1.0,1.0,6,2,2,2,2,5,6,6,3,2,65.0,60.0,60.0,70.0,70.0,65.0,80.0,60.0,30.0,30.0,2,2,2,2,2,2,2,2,2,2,2,2,2,2,2,2,1,2,2,2,2,2,2,2,2,2,1,2,1,2,2,2,2,1,2,2,2,1,1,2
1615,5,5,5,5,5,5,5,5,2,2,,30.0,3.0,,,,,4.0,5.0,3.0,5.0,,1.0,40.0,,1.0,,,,,1.0,5.0,6.0,,,,,,,2.0,,,3.0,,2.0,5.0,,1.0,1.0,1.0,1.0,1.0,1.0,1.0,1.0,1.0,1.0,,,,,,,6,2,2,2,2,5,6,6,3,2,60.0,55.0,60.0,70.0,75.0,65.0,80.0,60.0,40.0,35.0,2,2,2,2,2,1,2,2,1,1,2,2,2,2,2,2,1,2,1,2,2,2,2,2,2,2,1,2,1,2,2,1,2,2,2,2,2,1,2,1
1766,4,4,4,5,5,5,5,5,1,2,70.0,,4.0,,,,,3.0,4.0,4.0,5.0,,,,2.0,,2.0,2.0,4.0,4.0,,,,,,,,,1.0,,,,3.0,,2.0,,5.0,,,,,,,,,,,1.0,1.0,1.0,1.0,1.0,1.0,6,2,3,3,2,5,6,6,3,2,60.0,55.0,60.0,65.0,70.0,65.0,70.0,60.0,40.0,35.0,2,2,2,2,1,2,2,2,2,1,1,2,1,1,1,2,2,1,2,2,1,2,2,2,2,1,2,1,1,1,2,1,2,1,2,1,1,2,2,1
409,2,4,2,1,2,2,4,2,4,2,70.0,,1.0,,,,,3.0,4.0,5.0,,5.0,1.0,50.0,,,2.0,,,,1.0,4.0,5.0,,,,20.0,,,2.0,,,3.0,1.0,,4.0,,1.0,1.0,1.0,1.0,1.0,1.0,1.0,1.0,1.0,1.0,,,,,,,6,2,2,2,2,5,6,6,3,2,60.0,55.0,50.0,40.0,50.0,45.0,60.0,40.0,55.0,35.0,2,1,2,2,2,1,2,2,2,1,2,1,1,2,2,1,2,2,2,1,1,2,1,1,1,2,2,1,2,2,1,2,2,1,2,1,2,1,2,2
180,4,4,4,4,4,4,5,4,2,2,,30.0,,1.0,,,,3.0,4.0,3.0,,5.0,,,2.0,,2.0,2.0,4.0,5.0,,,,,,,,18.0,,2.0,5.0,,,1.0,,4.0,,1.0,1.0,1.0,1.0,1.0,1.0,1.0,1.0,1.0,1.0,,,,,,,6,3,2,2,3,5,6,6,3,1,60.0,55.0,60.0,65.0,70.0,60.0,75.0,65.0,50.0,45.0,1,1,1,1,2,1,2,2,2,1,1,2,1,1,1,2,1,1,2,2,1,1,2,1,2,2,1,2,1,2,1,2,1,1,1,1,2,2,1,1
215,4,4,4,4,4,4,5,4,2,2,,30.0,4.0,,,,,3.0,4.0,4.0,5.0,,1.0,40.0,,1.0,,,,,1.0,4.0,5.0,,,,20.0,,,2.0,3.0,,,1.0,,,4.0,,,,,,,,,,,1.0,1.0,1.0,1.0,1.0,1.0,6,3,3,3,2,5,6,6,3,2,60.0,55.0,60.0,65.0,70.0,60.0,75.0,60.0,40.0,35.0,2,2,2,1,2,2,2,2,2,1,2,2,2,1,2,2,1,1,2,2,2,1,2,1,2,2,2,1,2,1,2,1,2,2,1,2,1,2,2,1
366,4,4,4,3,4,3,4,3,2,2,,30.0,,1.0,4.0,4.0,5.0,,,,,5.0,1.0,30.0,,1.0,,1.0,4.0,5.0,,,,,,,,,,2.0,5.0,,,1.0,,4.0,,,,,,,,,,,,1.0,1.0,1.0,1.0,1.0,1.0,6,3,4,3,3,5,6,5,3,2,60.0,55.0,50.0,55.0,60.0,50.0,65.0,55.0,45.0,40.0,2,2,2,1,2,1,1,2,1,1,2,2,2,1,1,2,1,2,2,2,1,1,1,1,2,2,2,2,1,1,2,1,1,1,2,1,1,1,1,1
17,5,5,5,5,5,5,5,5,1,1,,30.0,,1.0,,,,4.0,4.0,3.0,,6.0,1.0,50.0,,1.0,,2.0,4.0,5.0,,,,,,,,,2.0,,3.0,,,1.0,,4.0,,,,,,,,,,,,1.0,1.0,1.0,1.0,1.0,1.0,6,2,2,2,2,4,6,6,3,2,60.0,55.0,60.0,70.0,70.0,65.0,80.0,60.0,40.0,35.0,2,1,2,2,1,2,2,2,2,2,1,2,1,1,2,2,2,2,2,1,1,2,1,2,1,1,1,1,2,2,2,1,2,2,2,2,1,1,2,2
881,2,3,2,2,2,2,2,2,1,2,,30.0,,1.0,,,,3.0,4.0,5.0,5.0,,1.0,30.0,,1.0,,,,,,,,1.0,2.0,4.0,,,,2.0,,7.0,,,2.0,3.0,,,,,,,,,,,,1.0,1.0,1.0,1.0,1.0,1.0,6,2,2,2,2,5,6,6,2,2,40.0,35.0,30.0,30.0,30.0,25.0,30.0,20.0,50.0,40.0,2,2,1,1,2,2,2,1,2,2,2,2,1,2,1,1,2,1,2,2,1,2,1,2,1,2,1,2,2,1,1,1,2,1,2,2,1,2,1,2
1908,4,4,4,4,4,4,5,4,2,2,,30.0,4.0,,,,,4.0,4.0,3.0,5.0,,,,2.0,1.0,,,,,,,,2.0,4.0,5.0,5.0,,,2.0,5.0,,,,2.0,4.0,,,,,,,,,,,,1.0,1.0,1.0,1.0,1.0,1.0,6,3,3,3,3,5,6,6,3,2,60.0,55.0,60.0,60.0,60.0,60.0,60.0,60.0,40.0,40.0,1,2,2,2,2,2,1,1,2,1,2,1,1,2,2,1,2,2,1,1,2,2,1,2,1,1,1,1,1,2,2,1,2,2,1,1,2,1,1,2
1432,5,5,5,5,5,5,5,5,2,2,70.0,,4.0,,3.0,3.0,6.0,,,,5.0,,,,2.0,1.0,,,,,4.0,5.0,6.0,,,,2.0,,,2.0,5.0,,,,2.0,5.0,,1.0,1.0,1.0,1.0,1.0,1.0,1.0,1.0,1.0,1.0,,,,,,,6,2,2,2,2,5,6,6,3,1,65.0,55.0,60.0,70.0,75.0,70.0,80.0,60.0,40.0,35.0,2,2,1,1,2,1,1,2,1,1,2,2,2,2,1,2,1,2,2,1,2,1,2,1,2,2,2,2,1,1,2,1,2,2,1,2,2,2,1,2
1541,2,3,2,2,2,2,2,2,1,2,,30.0,,1.0,,,,3.0,4.0,3.0,2.0,,,,2.0,,2.0,,,,,,,1.0,2.0,2.0,,,,2.0,,6.0,,,2.0,2.0,,,,,,,,,,,,1.0,1.0,1.0,1.0,1.0,1.0,6,2,2,2,2,5,6,6,1,1,30.0,25.0,25.0,20.0,20.0,20.0,20.0,20.0,40.0,20.0,2,2,2,2,2,2,2,2,2,2,2,2,2,2,2,2,2,2,2,2,2,2,2,2,2,2,2,2,2,2,2,2,2,2,2,2,2,2,2,2
141,4,4,4,4,4,4,5,4,2,2,70.0,,4.0,,,,,3.0,4.0,3.0,5.0,,1.0,54.0,,1.0,,,,,2.0,4.0,5.0,,,,,16.0,,2.0,,6.0,,1.0,,4.0,,,,,,,,,,,,1.0,1.0,1.0,1.0,1.0,1.0,6,3,4,3,3,5,6,5,3,2,62.0,55.0,60.0,68.0,70.0,65.0,75.0,60.0,50.0,45.0,2,1,2,1,1,2,1,2,1,1,2,1,2,1,1,1,2,1,2,1,1,1,2,2,1,2,2,1,2,1,1,2,1,1,1,1,1,2,1,1
933,2,3,2,2,2,2,2,2,4,2,,30.0,1.0,,,,,3.0,4.0,5.0,5.0,,1.0,40.0,,,2.0,,,,,,,1.0,4.0,5.0,,,,2.0,,7.0,,1.0,,,4.0,1.0,1.0,1.0,1.0,1.0,1.0,1.0,1.0,1.0,1.0,,,,,,,6,2,2,2,2,5,6,6,3,2,40.0,30.0,30.0,30.0,30.0,30.0,30.0,30.0,40.0,30.0,2,1,2,2,2,2,2,2,2,2,1,2,2,1,2,2,1,1,2,2,2,1,1,2,2,2,2,1,2,2,1,2,2,1,2,1,2,1,1,1
840,2,3,2,2,3,2,4,2,4,3,70.0,,4.0,,,,,3.0,4.0,5.0,5.0,,,,2.0,1.0,,,,,,,,2.0,4.0,4.0,,15.0,1.0,,,6.0,,1.0,,,4.0,,,,,,,,,,,1.0,1.0,1.0,1.0,1.0,1.0,6,3,4,3,3,5,6,5,3,2,55.0,45.0,50.0,40.0,50.0,45.0,60.0,40.0,55.0,45.0,2,2,2,1,2,1,2,2,1,2,2,1,2,1,2,2,1,2,1,1,2,1,2,1,1,2,1,1,2,1,1,2,1,2,1,2,1,2,1,2
1447,5,5,5,5,5,5,5,5,1,1,,30.0,4.0,,2.0,4.0,6.0,,,,,5.0,,,2.0,1.0,,2.0,4.0,5.0,,,,,,,,20.0,,2.0,,6.0,,,2.0,4.0,,,,,,,,,,,,1.0,1.0,1.0,1.0,1.0,1.0,6,3,2,2,3,5,6,6,3,2,62.0,55.0,60.0,70.0,68.0,65.0,75.0,60.0,40.0,35.0,2,1,1,1,2,1,2,1,2,1,2,2,2,2,1,1,1,1,2,2,2,1,2,1,1,2,2,1,1,1,1,1,2,2,2,2,2,2,2,1
1534,4,4,4,4,4,4,5,4,2,2,,30.0,4.0,,3.0,4.0,6.0,,,,,5.0,1.0,54.0,,,2.0,,,,2.0,4.0,5.0,,,,18.0,,1.0,,,6.0,,,2.0,,5.0,1.0,1.0,1.0,1.0,1.0,1.0,1.0,1.0,1.0,1.0,,,,,,,6,3,2,2,2,5,6,6,3,1,60.0,55.0,60.0,70.0,65.0,60.0,75.0,55.0,50.0,45.0,1,2,1,1,2,1,1,1,2,1,2,1,2,2,2,2,1,1,1,2,1,2,2,2,2,1,1,1,1,2,1,2,2,1,2,1,2,1,1,1
1328,5,5,5,5,5,5,5,5,1,1,70.0,,4.0,,3.0,4.0,6.0,,,,5.0,,,,2.0,,2.0,,,,,,,2.0,5.0,6.0,,18.0,,2.0,,6.0,,,2.0,,5.0,,,,,,,,,,,1.0,1.0,1.0,1.0,1.0,1.0,6,3,2,2,2,5,6,6,3,2,62.0,55.0,60.0,70.0,68.0,65.0,80.0,60.0,40.0,35.0,1,1,2,1,2,2,2,2,1,1,2,2,1,2,1,2,1,1,1,1,2,1,2,2,1,2,1,2,1,2,2,1,2,2,1,1,1,1,1,2
134,4,4,4,5,5,5,5,5,2,2,70.0,,1.0,,3.0,4.0,6.0,,,,,5.0,1.0,40.0,,1.0,,,,,1.0,4.0,5.0,,,,,20.0,,2.0,5.0,,,,2.0,,5.0,,,,,,,,,,,1.0,1.0,1.0,1.0,1.0,1.0,6,3,3,3,2,5,6,6,3,2,60.0,55.0,60.0,70.0,75.0,70.0,80.0,65.0,40.0,35.0,2,2,2,1,2,2,2,1,2,2,1,1,2,2,2,1,2,1,1,2,2,1,1,1,2,1,2,1,2,2,1,2,2,2,2,2,1,2,2,2
728,4,4,4,3,4,3,4,3,2,2,,30.0,,1.0,,,,3.0,4.0,5.0,,5.0,1.0,30.0,,,2.0,,,,,,,2.0,4.0,5.0,20.0,,1.0,,,7.0,,,1.0,4.0,,,,,,,,,,,,1.0,1.0,1.0,1.0,1.0,1.0,6,3,3,3,2,4,6,6,3,2,60.0,55.0,50.0,50.0,60.0,55.0,65.0,50.0,40.0,40.0,2,2,1,2,2,2,2,2,1,1,1,2,2,2,2,2,2,2,1,1,2,1,1,2,2,2,2,2,2,2,2,2,2,2,2,2,2,1,1,1
946,4,4,4,4,4,4,5,4,2,2,,30.0,,1.0,3.0,4.0,6.0,,,,,5.0,1.0,50.0,,,2.0,,,,,,,2.0,4.0,5.0,16.0,,1.0,,4.0,,,1.0,,,4.0,1.0,1.0,1.0,1.0,1.0,1.0,1.0,1.0,1.0,1.0,,,,,,,6,3,4,4,3,5,6,6,3,2,60.0,55.0,60.0,65.0,70.0,60.0,75.0,60.0,40.0,35.0,2,1,2,1,2,2,2,2,2,2,2,1,1,1,1,2,1,2,2,2,2,1,2,2,2,1,2,1,2,2,1,2,1,1,2,1,2,2,1,2
835,5,5,5,5,5,5,5,5,1,1,70.0,,4.0,,3.0,4.0,6.0,,,,6.0,,,,2.0,,2.0,,,,1.0,5.0,6.0,,,,20.0,,,2.0,6.0,,,1.0,,,5.0,,,,,,,,,,,1.0,1.0,1.0,1.0,1.0,1.0,6,3,2,2,3,5,6,6,3,2,65.0,60.0,62.0,70.0,75.0,68.0,80.0,60.0,40.0,35.0,2,1,2,1,2,1,2,2,2,1,2,2,2,1,2,1,2,1,1,2,1,2,1,2,2,2,1,1,1,2,2,2,2,1,2,1,2,2,1,2
1660,4,4,4,4,4,4,4,4,2,2,70.0,,4.0,,3.0,3.0,6.0,,,,,5.0,1.0,25.0,,,2.0,,,,,,,2.0,4.0,4.0,,,1.0,,,,1.0,1.0,,,4.0,1.0,1.0,1.0,1.0,1.0,1.0,1.0,1.0,1.0,1.0,,,,,,,6,2,2,2,2,5,6,6,3,1,60.0,55.0,60.0,65.0,65.0,60.0,70.0,60.0,40.0,35.0,1,2,2,2,2,2,2,1,2,2,1,2,1,1,1,1,2,1,2,2,2,2,2,2,2,1,2,1,2,2,1,1,2,2,2,2,1,2,1,2
1713,2,3,2,2,2,2,2,2,1,1,70.0,,,1.0,2.0,3.0,5.0,,,,,5.0,1.0,30.0,,,2.0,1.0,2.0,2.0,,,,,,,20.0,,2.0,,,10.0,,1.0,,2.0,,,,,,,,,,,,1.0,1.0,1.0,1.0,1.0,1.0,6,2,2,2,2,5,6,6,1,1,40.0,35.0,30.0,30.0,30.0,30.0,30.0,25.0,60.0,60.0,2,2,2,2,2,2,2,2,2,2,2,2,2,2,2,2,2,2,2,2,2,2,2,2,2,2,2,2,2,2,2,2,2,2,2,2,2,2,2,2
1486,4,4,4,5,5,5,5,4,2,2,70.0,,,2.0,4.0,4.0,5.0,,,,5.0,,,,2.0,1.0,,,,,2.0,4.0,5.0,,,,5.0,,1.0,,4.0,,,,1.0,,4.0,,,,,,,,,,,1.0,1.0,1.0,1.0,1.0,1.0,6,3,3,3,3,5,6,6,3,2,60.0,55.0,58.0,65.0,68.0,62.0,70.0,60.0,40.0,35.0,2,1,1,1,1,2,1,2,1,1,2,1,2,2,2,2,1,2,1,1,1,2,1,2,2,1,1,2,2,2,2,2,1,2,1,2,2,1,2,1
260,2,3,2,1,2,2,2,2,1,2,70.0,,,1.0,3.0,4.0,6.0,,,,5.0,,1.0,30.0,,1.0,,1.0,2.0,2.0,,,,,,,20.0,,2.0,,,9.0,,,1.0,1.0,,1.0,1.0,1.0,1.0,1.0,1.0,1.0,1.0,1.0,1.0,,,,,,,6,2,2,2,2,5,6,6,1,2,30.0,25.0,20.0,10.0,15.0,10.0,20.0,10.0,40.0,30.0,2,1,2,2,2,1,2,2,1,2,2,1,2,2,2,2,2,1,2,2,1,1,2,2,1,1,2,2,1,1,1,2,1,2,1,2,1,2,1,2
313,5,5,5,5,5,5,5,5,1,1,70.0,,,1.0,3.0,4.0,6.0,,,,,7.0,1.0,54.0,,,2.0,,,,1.0,5.0,6.0,,,,,,1.0,,,7.0,,1.0,,5.0,,,,,,,,,,,,1.0,1.0,1.0,1.0,1.0,1.0,6,3,2,2,3,5,6,6,3,2,62.0,55.0,60.0,68.0,70.0,65.0,80.0,60.0,40.0,35.0,2,2,2,2,2,2,2,1,2,2,1,2,1,2,2,1,2,2,2,2,2,1,1,1,2,2,1,2,1,2,1,1,2,1,2,2,1,1,2,1
62,4,4,4,4,4,4,5,4,2,2,70.0,,4.0,,3.0,4.0,6.0,,,,5.0,,,,2.0,,2.0,,,,2.0,4.0,5.0,,,,,18.0,,2.0,,7.0,,1.0,,,4.0,,,,,,,,,,,1.0,1.0,1.0,1.0,1.0,1.0,6,3,4,3,3,5,6,6,3,2,54.0,48.0,51.0,62.0,65.0,60.0,70.0,55.0,44.0,38.0,1,2,1,2,1,1,2,2,1,1,2,1,2,1,2,1,2,1,2,2,1,1,1,1,2,2,1,1,2,2,1,2,2,1,1,1,2,2,1,1
987,4,4,4,4,4,4,4,4,2,2,70.0,,,1.0,3.0,3.0,6.0,,,,,5.0,1.0,54.0,,,2.0,,,,,,,2.0,4.0,5.0,2.0,,2.0,,,,3.0,1.0,,,4.0,1.0,1.0,1.0,1.0,1.0,1.0,1.0,1.0,1.0,1.0,,,,,,,6,3,3,3,2,5,6,6,3,2,60.0,55.0,60.0,65.0,65.0,60.0,70.0,60.0,55.0,50.0,2,2,1,2,1,2,2,2,2,1,2,1,2,1,1,2,1,1,1,2,1,2,2,2,2,2,1,1,1,1,2,2,1,2,1,2,1,2,2,2
2013,4,5,4,5,5,5,5,4,2,2,,30.0,,2.0,,,,4.0,3.0,2.0,5.0,,,,2.0,1.0,,2.0,4.0,5.0,,,,,,,2.0,,1.0,,5.0,,,,1.0,,4.0,,,,,,,,,,,1.0,1.0,1.0,1.0,1.0,1.0,6,3,3,3,2,5,6,6,3,2,62.0,54.0,60.0,68.0,70.0,65.0,75.0,60.0,40.0,38.0,2,2,2,2,2,1,2,2,2,1,1,2,1,2,2,2,1,2,2,2,2,1,2,1,1,1,1,2,2,2,1,2,2,1,1,2,2,2,2,2
1251,5,4,5,5,5,5,5,5,2,2,70.0,,4.0,,,,,4.0,3.0,2.0,5.0,,,,2.0,,2.0,,,,,,,4.0,4.0,5.0,16.0,,,2.0,5.0,,,,2.0,4.0,,1.0,1.0,1.0,1.0,1.0,1.0,1.0,1.0,1.0,1.0,,,,,,,6,3,4,3,3,5,6,5,3,2,62.0,54.0,60.0,68.0,70.0,65.0,72.0,60.0,48.0,44.0,1,2,1,2,2,2,2,2,2,1,2,2,1,2,2,2,2,2,1,1,1,1,1,2,2,2,2,1,1,1,1,2,1,2,1,2,2,1,1,1
1322,4,4,4,4,4,4,5,4,2,2,,30.0,4.0,,,,,4.0,4.0,3.0,5.0,,,,2.0,1.0,,3.0,4.0,5.0,,,,,,,18.0,,1.0,,,6.0,,,2.0,4.0,,1.0,1.0,1.0,1.0,1.0,1.0,1.0,1.0,1.0,1.0,,,,,,,6,3,3,3,2,5,6,6,3,2,55.0,48.0,52.0,60.0,65.0,62.0,70.0,58.0,40.0,38.0,1,1,2,1,2,1,2,1,1,2,1,2,1,2,1,1,1,1,2,2,2,1,2,2,1,2,1,1,2,2,2,2,1,1,2,2,1,2,2,2
651,4,4,4,3,4,3,5,4,2,2,70.0,,4.0,,,,,3.0,4.0,2.0,5.0,,1.0,40.0,,1.0,,2.0,4.0,5.0,,,,,,,,,2.0,,,7.0,,,1.0,4.0,,,,,,,,,,,,1.0,1.0,1.0,1.0,1.0,1.0,6,3,4,3,2,5,6,5,3,2,60.0,55.0,50.0,55.0,60.0,55.0,70.0,60.0,45.0,40.0,2,2,1,2,1,1,1,2,2,1,2,2,2,1,2,1,2,2,2,1,1,2,1,2,1,1,2,1,1,2,1,2,1,1,1,2,1,1,2,1
722,4,4,4,4,4,4,5,4,2,2,,30.0,,1.0,2.0,3.0,5.0,,,,5.0,,1.0,40.0,,1.0,,1.0,4.0,5.0,,,,,,,20.0,,,2.0,,6.0,,1.0,,4.0,,,,,,,,,,,,1.0,1.0,1.0,1.0,1.0,1.0,6,2,3,3,3,5,6,6,3,2,60.0,55.0,50.0,65.0,60.0,55.0,70.0,60.0,40.0,35.0,2,2,2,2,2,1,2,2,2,1,2,2,2,2,2,2,2,2,2,1,2,2,2,1,2,1,2,2,2,1,2,2,1,1,2,2,1,2,1,2
68,5,5,5,5,5,5,5,5,1,1,,30.0,,1.0,4.0,4.0,6.0,,,,5.0,,1.0,54.0,,,2.0,,,,2.0,4.0,4.0,,,,,20.0,,2.0,,,3.0,1.0,,4.0,,,,,,,,,,,,1.0,1.0,1.0,1.0,1.0,1.0,6,2,2,2,2,5,6,6,3,2,65.0,60.0,60.0,70.0,70.0,65.0,75.0,60.0,55.0,50.0,2,2,1,1,2,2,1,2,2,1,2,1,2,1,2,1,2,2,2,2,1,2,2,1,1,1,2,2,2,1,1,1,1,2,2,1,2,1,2,2
2019,5,5,5,5,5,5,5,5,1,1,70.0,,,1.0,3.0,4.0,6.0,,,,5.0,,,,2.0,1.0,,,,,1.0,5.0,6.0,,,,,20.0,1.0,,,,2.0,,2.0,6.0,,,,,,,,,,,,1.0,1.0,1.0,1.0,1.0,1.0,6,2,2,2,2,5,6,6,4,1,60.0,55.0,60.0,80.0,80.0,80.0,90.0,70.0,20.0,20.0,2,2,1,2,2,2,1,1,2,1,2,1,1,1,2,2,2,2,2,1,2,1,1,2,2,2,2,1,1,1,2,2,2,2,1,2,2,2,2,2
1977,4,4,4,4,4,4,5,4,2,2,70.0,,,1.0,3.0,4.0,6.0,,,,,5.0,1.0,40.0,,,2.0,,,,2.0,4.0,4.0,,,,18.0,,,2.0,,6.0,,,1.0,,4.0,,,,,,,,,,,1.0,1.0,1.0,1.0,1.0,1.0,6,3,2,2,3,5,6,6,3,2,60.0,55.0,60.0,65.0,70.0,60.0,75.0,60.0,50.0,45.0,1,2,1,2,2,2,2,2,1,1,1,2,2,2,1,1,2,2,2,2,2,2,2,2,2,2,2,2,2,2,2,2,2,2,2,2,2,2,2,1
1804,4,4,4,2,4,2,5,4,2,2,70.0,,4.0,,3.0,4.0,6.0,,,,,5.0,1.0,54.0,,,2.0,,,,,,,1.0,4.0,5.0,20.0,,1.0,,,7.0,,1.0,,,4.0,1.0,1.0,1.0,1.0,1.0,1.0,1.0,1.0,1.0,1.0,,,,,,,6,3,3,3,3,5,6,6,3,1,60.0,55.0,50.0,45.0,55.0,45.0,65.0,50.0,40.0,35.0,1,1,2,1,2,2,2,2,1,1,1,2,1,1,2,1,1,1,1,1,1,1,2,2,1,1,2,2,1,2,2,2,2,2,2,1,2,1,2,1
1719,2,3,2,2,2,2,2,2,1,3,,30.0,,1.0,,,,3.0,4.0,2.0,3.0,,,,2.0,1.0,,2.0,2.0,3.0,,,,,,,20.0,,,2.0,3.0,,,1.0,,,3.0,1.0,1.0,1.0,1.0,1.0,1.0,1.0,1.0,1.0,1.0,,,,,,,6,2,2,2,2,5,6,6,2,2,30.0,25.0,25.0,25.0,25.0,25.0,25.0,25.0,30.0,25.0,2,1,1,1,2,2,2,2,1,1,2,2,2,2,1,2,2,2,1,2,1,2,2,2,2,2,2,2,2,2,2,2,2,2,2,2,2,2,2,2
1290,5,5,5,5,5,5,5,5,2,2,,30.0,,1.0,,,,4.0,4.0,3.0,,6.0,1.0,50.0,,1.0,,,,,1.0,5.0,6.0,,,,,20.0,,2.0,,,3.0,,2.0,,5.0,1.0,1.0,1.0,1.0,1.0,1.0,1.0,1.0,1.0,1.0,,,,,,,6,3,2,2,2,4,6,6,3,2,65.0,60.0,60.0,70.0,75.0,70.0,80.0,60.0,40.0,35.0,1,1,2,2,2,2,2,2,2,2,2,1,1,2,2,1,1,1,2,1,2,2,1,2,1,2,2,1,2,1,2,1,2,1,1,1,2,2,1,1
1076,5,5,5,5,5,5,5,5,1,1,,30.0,,1.0,3.0,4.0,6.0,,,,5.0,,,,2.0,,2.0,,,,,,,2.0,4.0,5.0,,,,2.0,4.0,,,,2.0,,4.0,1.0,1.0,1.0,1.0,1.0,1.0,1.0,1.0,1.0,1.0,,,,,,,6,3,2,2,2,5,6,6,3,1,65.0,60.0,62.0,70.0,75.0,68.0,80.0,60.0,40.0,35.0,2,2,2,2,1,2,2,1,2,2,2,2,2,1,2,2,2,1,2,1,1,1,2,2,2,2,2,2,2,2,2,2,2,1,2,2,2,2,2,2
1105,4,4,4,5,5,5,5,5,2,2,,30.0,,2.0,,,,4.0,3.0,2.0,5.0,,1.0,54.0,,,2.0,1.0,4.0,4.0,,,,,,,,16.0,,2.0,,5.0,,,1.0,4.0,,1.0,1.0,1.0,1.0,1.0,1.0,1.0,1.0,1.0,1.0,,,,,,,6,3,2,2,3,5,6,6,3,2,60.0,55.0,50.0,65.0,70.0,60.0,75.0,55.0,40.0,35.0,2,2,1,2,1,2,2,2,1,1,2,2,2,1,1,1,1,1,1,2,2,2,1,1,2,2,2,2,1,1,2,2,2,1,2,2,1,2,1,1
319,3,3,3,3,3,3,3,3,3,3,70.0,,1.0,,4.0,4.0,6.0,,,,,5.0,,,2.0,1.0,,3.0,3.0,3.0,,,,,,,,,,2.0,,5.0,,,2.0,3.0,,,,,,,,,,,,1.0,1.0,1.0,1.0,1.0,1.0,6,3,3,3,3,5,6,6,3,2,50.0,50.0,50.0,50.0,50.0,50.0,50.0,50.0,50.0,50.0,2,2,2,2,1,2,2,2,2,2,2,2,2,2,2,2,2,1,2,2,1,2,2,2,2,2,2,2,2,1,2,2,2,2,2,1,2,1,1,2
690,5,5,5,5,5,5,5,5,1,1,,30.0,,2.0,,,,4.0,3.0,2.0,,6.0,1.0,54.0,,,2.0,,,,,,,1.0,5.0,6.0,,,1.0,,3.0,,,1.0,,5.0,,,,,,,,,,,,1.0,1.0,1.0,1.0,1.0,1.0,6,2,2,2,2,5,6,6,3,2,60.0,55.0,60.0,70.0,70.0,65.0,80.0,60.0,40.0,35.0,2,2,1,2,2,2,2,2,1,2,1,2,1,2,2,2,2,1,2,1,2,2,2,1,1,1,1,2,2,2,2,1,1,2,2,1,2,2,1,2
476,2,3,2,2,2,2,2,2,1,1,70.0,,1.0,,,,,2.0,3.0,2.0,5.0,,,,2.0,,2.0,,,,1.0,2.0,3.0,,,,20.0,,2.0,,3.0,,,1.0,,3.0,,,,,,,,,,,,1.0,1.0,1.0,1.0,1.0,1.0,6,2,2,2,2,5,6,6,1,1,45.0,35.0,40.0,35.0,35.0,35.0,40.0,30.0,50.0,40.0,2,2,2,1,1,2,2,2,2,2,2,2,2,2,2,2,2,2,1,2,1,2,2,2,2,2,2,2,2,2,1,1,2,2,2,2,2,2,2,2
505,4,4,4,3,4,3,5,4,2,2,,30.0,,1.0,3.0,4.0,5.0,,,,5.0,,1.0,40.0,,1.0,,2.0,4.0,4.0,,,,,,,,,,2.0,,,3.0,1.0,,4.0,,,,,,,,,,,,1.0,1.0,1.0,1.0,1.0,1.0,6,3,4,3,2,5,6,5,3,2,60.0,55.0,50.0,55.0,60.0,55.0,70.0,60.0,50.0,45.0,2,1,1,2,1,2,1,1,1,2,1,1,2,1,2,1,2,1,2,1,1,1,1,2,1,2,2,1,2,1,2,2,1,1,2,1,2,1,1,2
1902,4,4,4,4,4,4,5,4,2,2,,30.0,4.0,,3.0,4.0,6.0,,,,5.0,,,,2.0,,2.0,3.0,4.0,5.0,,,,,,,18.0,,1.0,,,7.0,,,1.0,,4.0,,,,,,,,,,,1.0,1.0,1.0,1.0,1.0,1.0,6,2,3,3,3,4,6,6,3,2,60.0,55.0,60.0,65.0,65.0,60.0,70.0,60.0,55.0,50.0,2,2,1,2,1,2,2,2,1,2,2,1,1,1,1,2,2,2,2,2,1,2,2,1,1,1,2,2,2,1,1,2,2,1,2,1,1,1,2,1
1871,5,4,5,5,5,5,5,5,2,2,,30.0,,2.0,,,,4.0,3.0,2.0,5.0,,1.0,40.0,,1.0,,,,,,,,4.0,4.0,5.0,18.0,,,2.0,,,3.0,,2.0,,5.0,1.0,1.0,1.0,1.0,1.0,1.0,1.0,1.0,1.0,1.0,,,,,,,6,3,4,3,3,5,6,5,3,2,60.0,55.0,60.0,70.0,70.0,65.0,80.0,60.0,40.0,45.0,1,2,2,2,2,1,2,2,2,2,2,1,1,1,2,2,2,2,1,2,2,2,2,2,2,2,2,1,2,2,1,2,2,2,1,2,1,1,2,2
1003,2,3,2,2,3,2,4,2,4,3,,30.0,,1.0,3.0,3.0,5.0,,,,5.0,,1.0,30.0,,,2.0,,,,1.0,3.0,4.0,,,,20.0,,,2.0,,,1.0,1.0,,3.0,,,,,,,,,,,,1.0,1.0,1.0,1.0,1.0,1.0,6,3,3,3,2,5,6,5,2,2,40.0,35.0,30.0,30.0,35.0,30.0,40.0,30.0,50.0,35.0,1,2,2,1,2,1,2,1,1,1,2,2,2,2,1,2,2,2,2,1,2,1,2,2,2,2,2,2,2,1,2,2,1,2,2,2,2,2,2,1
1170,4,4,4,4,4,4,5,4,2,2,,30.0,4.0,,3.0,4.0,6.0,,,,,5.0,,,2.0,1.0,,2.0,4.0,4.0,,,,,,,18.0,,1.0,,,6.0,,2.0,,4.0,,1.0,1.0,1.0,1.0,1.0,1.0,1.0,1.0,1.0,1.0,,,,,,,6,3,4,3,3,5,6,6,3,2,62.0,55.0,60.0,68.0,70.0,65.0,75.0,60.0,50.0,45.0,2,1,2,1,1,2,1,2,1,2,1,2,2,1,2,2,2,2,1,1,1,2,2,1,2,2,2,1,2,1,2,2,1,1,1,2,2,1,1,2
1396,2,3,2,2,2,2,2,2,1,1,70.0,,,1.0,2.0,3.0,6.0,,,,,5.0,1.0,20.0,,,2.0,,,,1.0,3.0,3.0,,,,20.0,,,2.0,3.0,,,1.0,,3.0,,,,,,,,,,,,1.0,1.0,1.0,1.0,1.0,1.0,6,3,3,3,3,5,6,6,1,2,40.0,35.0,35.0,35.0,35.0,35.0,35.0,35.0,40.0,40.0,2,2,2,2,1,2,2,2,2,2,1,2,2,2,2,2,2,2,2,2,2,2,2,2,1,2,2,2,2,2,2,2,2,2,1,2,2,2,2,2
403,5,5,5,5,5,5,5,5,2,2,,30.0,,1.0,3.0,4.0,6.0,,,,5.0,,1.0,45.0,,1.0,,2.0,4.0,4.0,,,,,,,20.0,,1.0,,,,2.0,1.0,,,4.0,,,,,,,,,,,1.0,1.0,1.0,1.0,1.0,1.0,6,2,2,3,2,5,6,6,3,2,60.0,55.0,60.0,70.0,70.0,65.0,80.0,60.0,40.0,35.0,1,2,1,1,2,1,2,2,2,1,1,2,2,1,2,2,1,2,2,1,2,2,2,2,2,2,1,2,2,2,1,2,1,2,1,1,1,2,2,2
570,5,5,5,5,5,5,5,5,2,2,,30.0,4.0,,,,,4.0,4.0,3.0,,5.0,1.0,40.0,,,2.0,,,,2.0,5.0,6.0,,,,,20.0,1.0,,5.0,,,,1.0,5.0,,1.0,1.0,1.0,1.0,1.0,1.0,1.0,1.0,1.0,1.0,,,,,,,6,3,2,2,2,5,6,6,3,2,60.0,55.0,60.0,70.0,70.0,65.0,80.0,60.0,40.0,35.0,2,2,1,2,1,1,2,2,2,1,2,2,2,1,2,2,1,2,2,1,2,1,2,1,2,1,2,1,1,2,2,1,2,2,2,2,1,2,2,2
796,5,4,5,4,5,5,5,5,1,1,70.0,,,1.0,3.0,4.0,6.0,,,,5.0,,1.0,40.0,,,2.0,1.0,4.0,4.0,,,,,,,20.0,,,2.0,4.0,,,,2.0,,4.0,1.0,1.0,1.0,1.0,1.0,1.0,1.0,1.0,1.0,1.0,,,,,,,6,3,2,2,2,5,6,6,3,1,60.0,55.0,60.0,65.0,70.0,60.0,70.0,60.0,40.0,35.0,1,2,1,2,1,1,2,1,1,1,2,1,1,2,2,1,2,2,1,1,2,2,2,2,1,1,1,2,1,2,2,2,1,1,2,2,1,2,2,2
939,4,4,4,4,4,4,5,4,2,2,70.0,,4.0,,,,,3.0,4.0,4.0,,5.0,,,2.0,1.0,,,,,,,,2.0,4.0,5.0,,18.0,1.0,,5.0,,,,2.0,4.0,,,,,,,,,,,,1.0,1.0,1.0,1.0,1.0,1.0,6,3,3,3,2,5,6,6,3,2,55.0,50.0,50.0,60.0,65.0,60.0,70.0,55.0,45.0,40.0,2,2,1,2,2,2,1,2,1,2,2,2,1,2,2,2,1,1,2,2,1,2,2,2,1,2,2,1,1,1,2,1,2,2,1,2,1,1,2,2
1224,2,3,2,2,2,2,4,2,4,2,70.0,,1.0,,,,,3.0,4.0,2.0,5.0,,,,2.0,1.0,,1.0,2.0,3.0,,,,,,,,,,2.0,4.0,,,1.0,,,3.0,,,,,,,,,,,1.0,1.0,1.0,1.0,1.0,1.0,6,2,2,2,2,5,6,6,3,2,40.0,35.0,35.0,30.0,30.0,25.0,40.0,30.0,60.0,30.0,1,2,1,2,1,2,1,1,2,1,1,2,2,2,1,1,2,1,2,1,1,1,2,2,2,2,2,2,1,2,1,1,1,2,2,1,1,1,1,1
1357,5,5,5,5,5,5,5,5,1,1,70.0,,4.0,,,,,3.0,4.0,5.0,5.0,,1.0,40.0,,1.0,,2.0,5.0,5.0,,,,,,,,,1.0,,,,1.0,1.0,,,5.0,,,,,,,,,,,1.0,1.0,1.0,1.0,1.0,1.0,6,3,2,2,3,5,6,6,3,2,60.0,55.0,60.0,70.0,70.0,65.0,80.0,60.0,40.0,35.0,1,2,2,1,2,2,1,2,2,2,2,2,2,1,1,1,2,1,2,2,1,2,2,1,2,2,1,1,1,1,1,2,1,2,2,2,2,2,2,1
1438,5,5,5,5,5,5,5,5,2,2,,30.0,,1.0,3.0,4.0,6.0,,,,5.0,,1.0,54.0,,,2.0,2.0,4.0,4.0,,,,,,,,20.0,1.0,,,,2.0,,2.0,,5.0,,,,,,,,,,,1.0,1.0,1.0,1.0,1.0,1.0,6,2,2,2,3,5,6,6,3,2,65.0,60.0,60.0,70.0,70.0,65.0,75.0,60.0,40.0,35.0,2,2,2,2,1,2,2,2,2,2,2,2,2,2,2,2,2,1,2,1,1,2,2,2,2,2,1,2,2,1,1,1,2,2,1,1,1,2,2,2
624,5,5,5,5,5,5,5,5,1,1,,30.0,,1.0,2.0,3.0,6.0,,,,,5.0,,,2.0,1.0,,,,,1.0,5.0,6.0,,,,,20.0,1.0,,,,1.0,1.0,,5.0,,,,,,,,,,,,1.0,1.0,1.0,1.0,1.0,1.0,6,2,2,2,2,5,6,6,3,2,60.0,55.0,60.0,65.0,65.0,60.0,70.0,60.0,40.0,35.0,2,2,2,2,2,1,2,2,2,1,1,2,2,2,1,2,2,2,1,1,2,1,2,2,2,2,1,2,1,2,2,1,1,2,2,1,2,2,2,2
757,5,4,5,5,5,5,5,5,2,2,,30.0,,1.0,,,,3.0,4.0,4.0,5.0,,1.0,40.0,,,2.0,,,,,,,2.0,5.0,6.0,,,1.0,,,6.0,,,2.0,5.0,,1.0,1.0,1.0,1.0,1.0,1.0,1.0,1.0,1.0,1.0,,,,,,,6,3,2,2,2,5,6,6,3,2,60.0,55.0,60.0,70.0,75.0,65.0,80.0,60.0,40.0,35.0,2,2,2,1,1,2,1,2,2,2,2,2,2,1,1,2,2,1,2,2,1,2,1,2,1,2,2,1,1,2,1,2,1,1,1,1,1,2,1,2
1933,4,4,4,5,5,5,5,4,2,2,70.0,,,1.0,,,,3.0,4.0,5.0,5.0,,1.0,54.0,,,2.0,2.0,4.0,5.0,,,,,,,18.0,,1.0,,,,2.0,,1.0,,4.0,1.0,1.0,1.0,1.0,1.0,1.0,1.0,1.0,1.0,1.0,,,,,,,6,3,2,2,3,5,6,6,3,2,62.0,55.0,60.0,68.0,70.0,65.0,75.0,60.0,50.0,45.0,2,1,1,2,1,1,2,2,2,1,1,1,1,2,1,1,2,1,1,2,2,1,2,1,2,1,2,2,1,2,2,1,1,1,1,2,1,2,1,1
1840,4,4,4,4,4,4,5,4,2,2,70.0,,4.0,,3.0,4.0,5.0,,,,,5.0,,,2.0,,2.0,2.0,4.0,4.0,,,,,,,20.0,,1.0,,,6.0,,,2.0,4.0,,,,,,,,,,,,1.0,1.0,1.0,1.0,1.0,1.0,6,3,4,3,3,5,6,6,3,2,62.0,55.0,60.0,65.0,68.0,60.0,70.0,60.0,50.0,45.0,1,2,1,1,2,2,2,2,1,2,2,2,1,2,1,1,1,1,1,1,1,1,1,2,1,2,2,2,2,1,2,1,1,1,2,1,1,2,2,1
432,4,4,4,4,4,4,4,4,2,2,,30.0,4.0,,3.0,3.0,5.0,,,,,5.0,,,2.0,,2.0,,,,,,,2.0,4.0,5.0,,20.0,,2.0,,,1.0,,2.0,,4.0,,,,,,,,,,,1.0,1.0,1.0,1.0,1.0,1.0,6,3,4,3,3,5,6,5,3,2,60.0,55.0,50.0,60.0,65.0,55.0,70.0,60.0,50.0,40.0,2,1,1,2,1,2,1,2,2,2,2,1,2,1,2,1,2,2,1,2,1,1,2,2,2,2,1,1,1,2,2,2,2,1,2,2,1,1,2,2
541,4,4,4,4,4,4,5,4,2,2,,30.0,,1.0,3.0,4.0,6.0,,,,5.0,,,,2.0,,2.0,1.0,4.0,4.0,,,,,,,20.0,,,2.0,,,3.0,1.0,,,4.0,1.0,1.0,1.0,1.0,1.0,1.0,1.0,1.0,1.0,1.0,,,,,,,6,3,3,3,2,5,6,6,3,2,62.0,55.0,60.0,68.0,70.0,65.0,80.0,60.0,55.0,50.0,2,2,1,1,1,1,2,1,2,1,1,2,2,2,2,1,2,1,1,1,2,2,1,1,2,1,2,2,2,1,1,2,1,1,2,1,2,2,1,2
1032,4,4,4,4,4,4,4,4,2,2,,30.0,1.0,,3.0,3.0,5.0,,,,5.0,,1.0,30.0,,1.0,,1.0,4.0,4.0,,,,,,,,,,2.0,3.0,,,1.0,,4.0,,,,,,,,,,,,1.0,1.0,1.0,1.0,1.0,1.0,6,3,2,2,2,5,6,6,3,2,60.0,55.0,50.0,65.0,60.0,55.0,70.0,60.0,40.0,35.0,2,1,2,1,2,2,1,1,2,2,2,2,2,2,2,1,2,2,1,1,2,2,2,2,1,1,2,2,2,2,2,1,1,2,1,1,1,1,1,1
1141,4,4,4,4,4,4,5,4,2,2,70.0,,,1.0,,,,3.0,4.0,4.0,,5.0,1.0,45.0,,,2.0,,,,2.0,4.0,5.0,,,,,12.0,,2.0,4.0,,,,2.0,,4.0,,,,,,,,,,,1.0,1.0,1.0,1.0,1.0,1.0,6,3,4,3,2,5,6,5,3,2,62.0,54.0,58.0,60.0,65.0,60.0,70.0,55.0,45.0,40.0,1,2,1,2,2,2,2,2,1,2,1,1,1,2,2,2,1,2,1,1,2,2,1,2,2,1,2,2,1,2,1,2,1,1,2,2,2,2,2,1
1881,4,4,4,4,4,4,5,4,2,2,,30.0,4.0,,,,,3.0,4.0,2.0,,5.0,,,2.0,1.0,,,,,2.0,4.0,4.0,,,,20.0,,,2.0,5.0,,,,1.0,4.0,,1.0,1.0,1.0,1.0,1.0,1.0,1.0,1.0,1.0,1.0,,,,,,,6,3,3,3,2,5,6,6,3,2,55.0,50.0,50.0,60.0,65.0,60.0,70.0,60.0,55.0,50.0,1,2,2,1,1,2,1,2,1,1,2,1,2,1,2,1,2,2,1,2,2,2,2,1,2,1,2,2,2,1,2,1,1,2,2,2,2,2,2,2
908,5,5,5,5,5,5,5,5,2,2,70.0,,4.0,,,,,4.0,4.0,3.0,6.0,,,,2.0,,2.0,,,,2.0,5.0,6.0,,,,,20.0,1.0,,,6.0,,1.0,,,5.0,,,,,,,,,,,1.0,1.0,1.0,1.0,1.0,1.0,6,3,3,3,2,5,6,6,3,2,62.0,55.0,60.0,68.0,70.0,65.0,75.0,60.0,40.0,35.0,2,2,2,1,1,1,2,2,1,1,2,2,2,1,2,2,1,2,2,1,1,2,2,2,2,2,2,1,1,2,1,2,2,2,2,1,2,1,2,1
615,5,5,5,5,5,5,5,5,2,2,,30.0,,1.0,3.0,4.0,6.0,,,,,5.0,1.0,40.0,,1.0,,,,,,,,2.0,4.0,6.0,,,1.0,,4.0,,,,1.0,5.0,,1.0,1.0,1.0,1.0,1.0,1.0,1.0,1.0,1.0,1.0,,,,,,,6,3,2,2,2,4,6,6,3,2,60.0,50.0,55.0,70.0,65.0,60.0,80.0,60.0,40.0,35.0,2,2,2,2,2,2,2,2,2,1,2,2,2,2,2,2,2,1,1,2,1,1,2,2,2,2,1,2,1,1,2,1,2,2,2,2,1,2,2,1
766,4,4,4,2,3,2,5,2,5,2,70.0,,3.0,,3.0,4.0,6.0,,,,5.0,,1.0,50.0,,1.0,,2.0,4.0,5.0,,,,,,,,,,2.0,5.0,,,1.0,,,4.0,,,,,,,,,,,1.0,1.0,1.0,1.0,1.0,1.0,6,3,3,3,3,5,6,6,3,2,60.0,55.0,60.0,40.0,50.0,45.0,70.0,40.0,60.0,35.0,2,2,1,2,1,1,2,1,1,2,1,2,1,2,2,2,1,1,1,2,1,2,1,1,2,2,1,2,1,1,1,1,2,2,2,2,2,2,1,1
580,2,3,2,2,2,2,2,2,1,3,,30.0,,1.0,2.0,3.0,5.0,,,,5.0,,1.0,54.0,,,2.0,1.0,2.0,3.0,,,,,,,,,,2.0,3.0,,,1.0,,3.0,,,,,,,,,,,,1.0,1.0,1.0,1.0,1.0,1.0,6,3,3,3,3,5,6,6,3,2,40.0,35.0,30.0,30.0,35.0,30.0,40.0,25.0,50.0,30.0,1,2,2,1,1,2,1,1,1,1,1,1,2,1,2,1,2,1,2,1,1,1,2,2,1,1,1,2,1,2,2,1,1,1,1,2,1,1,2,2
1215,4,4,4,5,5,4,5,4,2,2,70.0,,,1.0,3.0,4.0,6.0,,,,5.0,,1.0,45.0,,1.0,,,,,,,,2.0,4.0,5.0,2.0,,,2.0,,7.0,,,2.0,4.0,,,,,,,,,,,,1.0,1.0,1.0,1.0,1.0,1.0,6,3,4,3,2,5,6,5,3,2,62.0,55.0,60.0,68.0,70.0,65.0,75.0,60.0,50.0,45.0,2,1,2,2,2,1,2,2,1,1,1,1,2,2,2,2,1,1,1,2,2,1,1,1,1,1,1,2,1,2,2,2,2,1,2,1,1,2,2,1
1366,2,3,2,2,2,2,4,2,4,3,70.0,,,1.0,,,,3.0,4.0,4.0,5.0,,1.0,40.0,,,2.0,1.0,2.0,3.0,,,,,,,,,2.0,,,,1.0,1.0,,,3.0,,,,,,,,,,,1.0,1.0,1.0,1.0,1.0,1.0,6,2,3,3,3,5,6,6,2,2,40.0,35.0,30.0,25.0,30.0,25.0,40.0,30.0,50.0,35.0,1,1,2,2,2,2,2,2,2,2,2,2,1,1,1,2,1,1,2,1,2,1,2,1,2,2,2,1,2,2,2,2,2,2,2,2,2,2,1,1
1409,4,5,5,5,5,5,5,5,2,2,70.0,,,2.0,,,,3.0,4.0,3.0,,5.0,,,2.0,,2.0,,,,,,,3.0,4.0,5.0,2.0,,,2.0,4.0,,,1.0,,4.0,,,,,,,,,,,,1.0,1.0,1.0,1.0,1.0,1.0,6,3,4,3,2,5,6,5,3,2,62.0,54.0,60.0,68.0,70.0,65.0,75.0,60.0,48.0,40.0,2,1,1,2,2,2,2,2,2,1,2,1,2,1,1,2,1,1,2,1,2,1,2,1,2,1,2,2,1,2,2,2,1,2,2,1,2,1,2,1
1180,4,4,4,4,4,4,5,4,2,2,70.0,,,1.0,3.0,4.0,6.0,,,,5.0,,1.0,30.0,,1.0,,2.0,4.0,5.0,,,,,,,18.0,,1.0,,,,3.0,,1.0,,5.0,1.0,1.0,1.0,1.0,1.0,1.0,1.0,1.0,1.0,1.0,,,,,,,6,2,2,2,2,5,6,6,3,2,60.0,55.0,60.0,65.0,70.0,60.0,80.0,65.0,40.0,35.0,1,2,2,2,1,2,1,2,2,1,1,2,1,2,2,1,2,2,1,1,1,2,1,2,2,2,1,1,1,1,1,1,2,1,1,2,2,2,2,2
1987,2,4,3,2,3,3,4,2,4,3,70.0,,3.0,,,,,3.0,4.0,5.0,5.0,,,,2.0,,2.0,,,,,,,2.0,4.0,5.0,16.0,,,2.0,5.0,,,,1.0,,4.0,1.0,1.0,1.0,1.0,1.0,1.0,1.0,1.0,1.0,1.0,,,,,,,6,2,3,3,3,5,6,5,3,2,55.0,48.0,51.0,44.0,52.0,47.0,60.0,41.0,58.0,45.0,2,1,1,2,1,2,1,1,2,1,2,2,1,1,2,2,2,1,2,2,2,2,1,1,2,1,1,2,2,1,1,2,2,1,1,1,2,1,2,1
98,5,4,5,5,5,5,5,5,2,2,,30.0,,1.0,3.0,3.0,5.0,,,,5.0,,,,2.0,1.0,,2.0,4.0,5.0,,,,,,,,8.0,1.0,,,6.0,,,2.0,,4.0,1.0,1.0,1.0,1.0,1.0,1.0,1.0,1.0,1.0,1.0,,,,,,,6,3,3,3,3,5,6,6,3,2,62.0,55.0,60.0,68.0,70.0,65.0,75.0,60.0,50.0,45.0,2,1,2,1,1,2,2,1,1,1,2,2,1,1,2,2,2,1,2,2,2,2,2,1,1,2,2,2,2,1,2,1,2,2,1,2,1,2,1,1
486,4,4,4,4,4,4,5,4,2,2,70.0,,4.0,,3.0,4.0,6.0,,,,,6.0,1.0,54.0,,,2.0,2.0,4.0,6.0,,,,,,,,,1.0,,,,2.0,1.0,,,5.0,,,,,,,,,,,1.0,1.0,1.0,1.0,1.0,1.0,6,3,3,3,2,5,6,6,3,2,62.0,54.0,60.0,68.0,70.0,65.0,75.0,60.0,40.0,38.0,1,2,1,1,2,2,2,2,1,1,1,2,1,2,2,2,2,1,2,2,2,2,2,2,2,2,2,2,2,1,2,1,1,2,2,2,2,2,2,2
660,4,4,4,4,4,4,5,4,2,2,,30.0,,1.0,3.0,4.0,6.0,,,,5.0,,1.0,30.0,,,2.0,1.0,4.0,4.0,,,,,,,,,,2.0,,8.0,,,2.0,4.0,,,,,,,,,,,,1.0,1.0,1.0,1.0,1.0,1.0,6,3,3,3,3,5,6,6,3,2,60.0,55.0,60.0,65.0,70.0,60.0,75.0,60.0,40.0,35.0,2,2,2,2,2,2,2,2,2,2,1,1,2,1,2,2,1,2,1,2,2,2,2,1,1,2,1,2,2,1,1,1,1,2,2,2,1,1,2,1
713,5,4,5,5,5,5,5,5,2,2,70.0,,,1.0,,,,4.0,4.0,3.0,5.0,,1.0,54.0,,,2.0,,,,2.0,5.0,6.0,,,,,20.0,,2.0,5.0,,,1.0,,,5.0,1.0,1.0,1.0,1.0,1.0,1.0,1.0,1.0,1.0,1.0,,,,,,,6,3,2,2,3,5,6,6,3,2,60.0,55.0,60.0,70.0,70.0,65.0,80.0,65.0,40.0,35.0,2,2,1,1,2,1,2,2,2,1,1,2,2,1,2,1,1,1,1,1,2,1,2,1,1,2,2,1,2,1,2,2,2,1,1,1,2,2,1,1
1086,5,5,5,5,5,5,5,5,2,2,,30.0,4.0,,3.0,4.0,6.0,,,,5.0,,,,2.0,,2.0,,,,,,,1.0,4.0,6.0,20.0,,1.0,,3.0,,,,2.0,5.0,,1.0,1.0,1.0,1.0,1.0,1.0,1.0,1.0,1.0,1.0,,,,,,,6,3,2,2,3,5,6,6,3,2,60.0,55.0,60.0,70.0,65.0,65.0,80.0,60.0,40.0,35.0,2,2,1,1,1,1,2,2,2,1,1,2,1,2,2,1,2,2,2,1,1,1,1,1,1,2,1,2,2,1,2,2,1,1,2,1,1,2,2,2
1260,5,5,5,5,5,5,5,5,1,1,70.0,,,1.0,,,,3.0,4.0,2.0,,6.0,,,2.0,,2.0,,,,,,,1.0,5.0,6.0,,20.0,,2.0,5.0,,,1.0,,,5.0,1.0,1.0,1.0,1.0,1.0,1.0,1.0,1.0,1.0,1.0,,,,,,,6,3,2,2,2,4,6,6,4,2,65.0,60.0,60.0,75.0,80.0,70.0,85.0,60.0,30.0,35.0,2,2,2,2,2,2,2,2,2,2,2,2,2,2,2,2,2,2,2,2,2,2,2,2,1,2,1,1,2,1,2,1,2,2,1,2,2,2,1,1
1313,2,3,2,2,3,2,4,2,4,3,,30.0,,1.0,2.0,3.0,5.0,,,,,5.0,,,2.0,,2.0,,,,1.0,4.0,5.0,,,,,,1.0,,,6.0,,,2.0,3.0,,,,,,,,,,,,1.0,1.0,1.0,1.0,1.0,1.0,6,3,4,3,3,5,6,5,3,2,55.0,50.0,45.0,40.0,50.0,40.0,60.0,35.0,60.0,30.0,2,1,2,2,2,1,2,1,2,2,1,1,2,1,2,2,2,2,1,2,1,2,1,2,1,1,1,2,1,2,1,1,1,2,2,2,2,1,2,2
1946,5,5,5,5,5,5,5,5,1,1,,30.0,5.0,,3.0,4.0,6.0,,,,,6.0,,,2.0,,2.0,2.0,5.0,6.0,,,,,,,20.0,,,2.0,5.0,,,1.0,,,5.0,,,,,,,,,,,1.0,1.0,1.0,1.0,1.0,1.0,6,2,3,3,2,5,6,6,3,2,60.0,55.0,60.0,70.0,70.0,65.0,80.0,60.0,40.0,35.0,2,2,2,2,2,1,2,1,2,2,2,2,2,2,2,2,2,2,2,1,2,2,2,2,1,2,2,2,1,1,1,1,2,2,2,2,2,1,2,2
1835,2,3,2,2,2,2,2,2,1,2,70.0,,,1.0,2.0,3.0,6.0,,,,,5.0,1.0,20.0,,,2.0,,,,,,,1.0,2.0,3.0,,,2.0,,,8.0,,,2.0,,1.0,1.0,1.0,1.0,1.0,1.0,1.0,1.0,1.0,1.0,1.0,,,,,,,6,2,2,2,3,5,6,6,1,1,30.0,25.0,20.0,25.0,25.0,20.0,25.0,20.0,40.0,30.0,2,2,2,2,2,2,2,2,2,2,2,2,2,2,2,2,2,2,2,2,2,2,2,2,2,2,2,2,2,2,2,2,2,2,2,2,2,2,2,2
59,2,3,2,2,2,2,4,2,4,3,70.0,,,1.0,,,,3.0,4.0,2.0,,5.0,,,2.0,,2.0,,,,1.0,4.0,5.0,,,,2.0,,1.0,,4.0,,,,1.0,,4.0,,,,,,,,,,,1.0,1.0,1.0,1.0,1.0,1.0,6,2,3,3,3,5,6,6,3,2,45.0,38.0,40.0,35.0,40.0,35.0,50.0,30.0,60.0,30.0,1,2,1,1,1,1,2,1,2,1,2,2,2,2,2,1,2,1,1,2,1,2,2,1,1,1,1,2,2,2,2,1,1,2,2,1,1,2,2,1
2028,5,4,5,5,5,5,5,5,2,2,70.0,,4.0,,2.0,3.0,6.0,,,,5.0,,,,2.0,1.0,,2.0,4.0,5.0,,,,,,,,20.0,1.0,,,,2.0,1.0,,4.0,,1.0,1.0,1.0,1.0,1.0,1.0,1.0,1.0,1.0,1.0,,,,,,,6,3,4,3,3,5,6,6,3,2,60.0,55.0,60.0,70.0,70.0,65.0,80.0,60.0,40.0,35.0,2,1,1,1,2,2,1,1,2,1,2,2,1,2,2,2,2,2,2,2,2,2,2,2,1,2,2,1,2,2,1,2,2,1,1,2,1,1,2,1
328,4,4,4,4,4,4,5,4,2,2,70.0,,4.0,,3.0,4.0,6.0,,,,5.0,,1.0,54.0,,,2.0,,,,2.0,4.0,5.0,,,,16.0,,,2.0,5.0,,,1.0,,,4.0,1.0,1.0,1.0,1.0,1.0,1.0,1.0,1.0,1.0,1.0,,,,,,,6,3,2,2,3,5,6,6,3,2,62.0,54.0,56.0,60.0,65.0,60.0,70.0,55.0,48.0,45.0,2,2,1,2,2,1,2,1,2,1,2,1,1,1,1,2,1,1,2,1,1,2,1,2,1,2,2,2,2,2,2,2,1,1,2,1,1,2,2,1
447,2,3,2,2,3,2,2,2,4,3,70.0,,,1.0,2.0,3.0,6.0,,,,,5.0,1.0,25.0,,1.0,,1.0,2.0,2.0,,,,,,,,,,2.0,,7.0,,,1.0,,3.0,,,,,,,,,,,1.0,1.0,1.0,1.0,1.0,1.0,6,2,2,2,2,5,6,6,2,2,30.0,25.0,25.0,20.0,25.0,20.0,25.0,20.0,40.0,30.0,2,1,1,2,2,2,2,2,2,1,1,2,2,2,2,2,2,2,1,1,1,2,1,1,1,2,1,2,2,1,2,2,2,2,1,2,2,1,2,2
534,4,4,4,4,4,4,5,4,2,2,70.0,,4.0,,,,,3.0,4.0,5.0,,5.0,1.0,40.0,,1.0,,,,,,,,2.0,4.0,5.0,,18.0,1.0,,,,3.0,,2.0,4.0,,1.0,1.0,1.0,1.0,1.0,1.0,1.0,1.0,1.0,1.0,,,,,,,6,3,3,3,3,4,6,5,3,2,60.0,55.0,50.0,65.0,65.0,60.0,70.0,55.0,50.0,45.0,2,2,1,2,2,1,2,2,2,2,1,2,2,2,2,2,2,2,2,2,2,1,2,1,2,2,1,1,1,2,2,2,2,2,2,1,2,2,2,2
1728,5,5,5,5,5,5,5,5,2,2,,30.0,,1.0,3.0,4.0,6.0,,,,5.0,,,,2.0,1.0,,,,,,,,2.0,4.0,4.0,,,,2.0,,3.0,,1.0,,,4.0,1.0,1.0,1.0,1.0,1.0,1.0,1.0,1.0,1.0,1.0,,,,,,,6,3,2,2,2,5,6,6,3,1,60.0,55.0,60.0,65.0,70.0,60.0,75.0,60.0,40.0,35.0,1,2,2,1,2,2,2,2,2,2,2,2,2,2,1,2,1,2,2,2,2,2,1,2,2,1,2,2,2,1,1,2,2,1,2,1,2,1,1,2
1047,2,3,2,2,3,2,4,2,4,3,,30.0,1.0,,3.0,4.0,6.0,,,,,5.0,,,2.0,,2.0,1.0,3.0,4.0,,,,,,,,,2.0,,3.0,,,1.0,,,3.0,1.0,1.0,1.0,1.0,1.0,1.0,1.0,1.0,1.0,1.0,,,,,,,6,2,2,2,2,5,6,6,3,2,40.0,35.0,30.0,35.0,40.0,30.0,50.0,30.0,60.0,40.0,2,1,2,2,1,1,2,1,1,2,1,1,2,1,1,1,2,1,1,1,1,1,1,1,1,2,1,1,1,2,2,2,2,2,2,1,1,2,1,2
1134,5,4,5,5,5,5,5,5,2,2,,30.0,,2.0,,,,3.0,3.0,4.0,6.0,,1.0,54.0,,1.0,,,,,2.0,5.0,6.0,,,,,18.0,,2.0,5.0,,,1.0,,5.0,,1.0,1.0,1.0,1.0,1.0,1.0,1.0,1.0,1.0,1.0,,,,,,,6,3,2,2,3,5,6,6,3,2,62.0,54.0,60.0,68.0,70.0,65.0,75.0,60.0,40.0,38.0,1,1,1,1,2,2,2,1,2,1,2,2,1,2,2,1,1,2,2,1,1,2,1,1,2,2,2,2,1,1,2,2,2,1,2,1,1,2,2,1
105,4,4,4,3,4,4,5,4,2,2,,30.0,,2.0,,,,4.0,3.0,3.0,5.0,,,,2.0,,2.0,1.0,4.0,4.0,,,,,,,,20.0,,2.0,3.0,,,1.0,,4.0,,1.0,1.0,1.0,1.0,1.0,1.0,1.0,1.0,1.0,1.0,,,,,,,6,2,2,2,2,5,6,6,3,2,60.0,55.0,60.0,55.0,60.0,55.0,65.0,60.0,50.0,45.0,1,1,2,1,2,1,1,2,1,1,2,2,1,1,2,2,2,1,1,2,2,1,2,2,1,1,1,2,2,2,2,2,1,1,1,1,2,2,2,1
719,5,5,5,5,5,5,5,5,1,1,,30.0,4.0,,,,,4.0,4.0,3.0,,5.0,,,2.0,1.0,,,,,2.0,4.0,5.0,,,,,,2.0,,,7.0,,2.0,,,5.0,,,,,,,,,,,1.0,1.0,1.0,1.0,1.0,1.0,6,3,2,2,2,5,6,6,3,2,60.0,55.0,60.0,70.0,70.0,65.0,80.0,60.0,40.0,40.0,2,2,2,2,2,2,2,2,2,1,2,2,1,1,2,2,2,2,2,2,2,2,2,2,1,2,2,2,2,1,1,2,1,1,1,2,2,2,1,2
290,5,4,5,5,5,5,5,5,1,2,,30.0,4.0,,,,,4.0,4.0,3.0,,5.0,1.0,50.0,,,2.0,,,,2.0,4.0,4.0,,,,20.0,,,2.0,,6.0,,,2.0,,4.0,,,,,,,,,,,1.0,1.0,1.0,1.0,1.0,1.0,6,3,2,2,2,4,6,6,3,2,60.0,55.0,50.0,65.0,70.0,60.0,75.0,65.0,40.0,35.0,1,2,2,2,1,2,2,2,2,2,1,1,1,1,2,1,2,1,2,1,2,1,2,1,1,1,2,2,1,2,2,1,2,1,1,1,2,1,2,1
1476,4,4,4,4,4,4,4,4,2,2,70.0,,4.0,,,,,4.0,4.0,4.0,,5.0,,,2.0,1.0,,2.0,4.0,4.0,,,,,,,20.0,,,2.0,5.0,,,1.0,,,4.0,,,,,,,,,,,1.0,1.0,1.0,1.0,1.0,1.0,6,3,3,3,2,5,6,6,3,2,60.0,55.0,60.0,65.0,65.0,60.0,70.0,60.0,40.0,40.0,1,2,1,2,1,2,2,1,2,2,1,2,1,1,1,1,2,1,2,1,1,1,1,1,2,1,2,1,2,2,1,1,1,1,1,2,1,2,2,1
1505,5,5,5,5,5,5,5,5,1,1,,30.0,4.0,,,,,3.0,4.0,5.0,6.0,,1.0,54.0,,,2.0,2.0,5.0,6.0,,,,,,,,,1.0,,,7.0,,1.0,,,5.0,,,,,,,,,,,1.0,1.0,1.0,1.0,1.0,1.0,6,2,2,2,2,5,6,6,3,2,65.0,60.0,60.0,70.0,70.0,65.0,80.0,60.0,40.0,35.0,2,2,2,2,2,2,2,2,1,2,2,2,2,1,2,1,2,2,2,2,2,1,2,1,2,2,2,2,2,2,2,2,2,2,2,1,2,2,2,2
1319,2,3,2,2,2,2,4,2,4,2,70.0,,,1.0,3.0,4.0,6.0,,,,,5.0,,,2.0,,2.0,1.0,4.0,6.0,,,,,,,,,1.0,,,,3.0,,1.0,,5.0,1.0,1.0,1.0,1.0,1.0,1.0,1.0,1.0,1.0,1.0,,,,,,,6,3,3,3,2,4,6,5,3,1,45.0,40.0,40.0,40.0,40.0,40.0,50.0,40.0,40.0,40.0,2,1,1,2,2,2,1,1,1,2,2,2,2,1,1,2,2,1,2,2,1,2,2,2,2,2,2,2,2,2,2,2,2,1,2,2,2,1,2,2
1690,2,3,2,2,2,2,4,2,4,3,,30.0,,1.0,2.0,4.0,6.0,,,,,5.0,1.0,30.0,,1.0,,,,,1.0,3.0,4.0,,,,,,1.0,,3.0,,,,1.0,3.0,,1.0,1.0,1.0,1.0,1.0,1.0,1.0,1.0,1.0,1.0,,,,,,,6,2,2,2,2,5,6,6,3,1,40.0,35.0,35.0,35.0,35.0,30.0,40.0,30.0,40.0,30.0,1,1,2,1,1,2,1,2,2,1,1,1,2,2,1,1,2,1,2,2,1,2,1,1,1,1,2,1,2,2,1,2,1,2,1,2,1,1,1,1
977,5,5,5,5,5,5,5,5,1,1,70.0,,4.0,,,,,3.0,4.0,5.0,,6.0,,,2.0,,2.0,1.0,5.0,6.0,,,,,,,20.0,,1.0,,6.0,,,,1.0,5.0,,1.0,1.0,1.0,1.0,1.0,1.0,1.0,1.0,1.0,1.0,,,,,,,6,3,3,3,3,5,6,6,3,2,65.0,60.0,60.0,70.0,70.0,65.0,80.0,60.0,40.0,35.0,2,2,1,2,2,2,2,1,2,1,1,1,2,2,2,2,1,2,2,1,1,1,2,1,2,1,2,1,2,1,2,2,1,1,1,1,2,2,1,1
92,2,3,2,2,2,2,2,2,5,2,70.0,,1.0,,,,,3.0,4.0,5.0,,4.0,,,1.0,1.0,,1.0,2.0,2.0,,,,,,,,,2.0,,,,1.0,,1.0,,1.0,,,,,,,,,,,1.0,1.0,1.0,1.0,1.0,1.0,6,2,2,2,2,5,6,6,1,2,30.0,25.0,20.0,25.0,25.0,20.0,20.0,20.0,60.0,25.0,1,1,1,1,2,2,2,1,1,2,2,1,2,2,1,1,2,2,1,1,2,2,1,2,2,2,1,1,2,1,2,2,2,2,2,1,1,2,2,2
804,4,4,4,4,4,4,5,4,2,2,,30.0,4.0,,3.0,4.0,6.0,,,,,5.0,1.0,40.0,,1.0,,2.0,4.0,5.0,,,,,,,18.0,,1.0,,5.0,,,,2.0,,4.0,,,,,,,,,,,1.0,1.0,1.0,1.0,1.0,1.0,6,3,3,3,3,5,6,6,3,2,60.0,55.0,50.0,65.0,70.0,60.0,75.0,55.0,40.0,35.0,2,1,2,1,2,1,2,2,1,1,2,2,2,2,2,2,2,2,2,2,2,1,2,1,2,2,1,2,2,1,2,1,2,2,2,2,2,2,2,2
251,5,5,5,5,5,5,5,5,2,2,,30.0,1.0,,,,,4.0,5.0,3.0,5.0,,1.0,54.0,,,2.0,,,,,,,2.0,5.0,6.0,,20.0,1.0,,,,3.0,1.0,,,5.0,1.0,1.0,1.0,1.0,1.0,1.0,1.0,1.0,1.0,1.0,,,,,,,6,3,2,2,2,5,6,6,3,2,60.0,55.0,60.0,70.0,75.0,65.0,80.0,60.0,40.0,35.0,2,1,2,2,2,2,2,2,2,1,1,1,2,1,2,2,2,2,2,2,2,2,2,2,1,2,1,1,1,2,2,2,1,1,2,2,1,1,2,2
322,4,4,4,5,5,5,5,5,2,2,70.0,,4.0,,,,,3.0,4.0,2.0,,5.0,1.0,54.0,,1.0,,,,,,,,3.0,4.0,5.0,,18.0,1.0,,,7.0,,,2.0,,5.0,1.0,1.0,1.0,1.0,1.0,1.0,1.0,1.0,1.0,1.0,,,,,,,6,3,4,3,3,5,6,5,3,2,62.0,55.0,60.0,70.0,68.0,65.0,75.0,60.0,40.0,38.0,2,2,1,2,2,1,1,2,1,2,1,1,2,1,1,1,1,1,2,1,1,1,2,1,2,1,1,1,1,1,2,2,1,1,1,1,2,2,2,1
1651,4,5,4,5,5,5,5,4,1,2,70.0,,,1.0,,,,3.0,4.0,2.0,,5.0,,,2.0,1.0,,,,,2.0,4.0,4.0,,,,18.0,,1.0,,,6.0,,2.0,,,5.0,,,,,,,,,,,1.0,1.0,1.0,1.0,1.0,1.0,6,3,2,2,2,5,6,6,3,2,62.0,55.0,60.0,70.0,75.0,68.0,80.0,60.0,40.0,35.0,2,2,2,1,2,1,1,1,2,2,2,2,2,2,1,1,1,2,2,2,2,2,2,2,1,1,2,1,2,2,1,1,1,2,2,1,2,2,1,2
1722,4,5,4,5,5,5,5,4,1,2,70.0,,4.0,,2.0,3.0,6.0,,,,,6.0,,,2.0,1.0,,,,,,,,3.0,5.0,6.0,18.0,,,2.0,,6.0,,,2.0,,5.0,,,,,,,,,,,1.0,1.0,1.0,1.0,1.0,1.0,6,2,3,3,2,5,6,6,3,2,65.0,60.0,62.0,70.0,68.0,66.0,75.0,60.0,40.0,45.0,1,2,2,2,2,1,2,2,2,2,1,1,2,2,2,2,1,1,2,1,2,1,2,1,2,1,1,1,2,1,2,1,1,2,2,1,2,1,2,2
53,4,4,4,3,4,3,5,4,2,2,70.0,,4.0,,2.0,3.0,6.0,,,,5.0,,1.0,38.0,,1.0,,1.0,3.0,4.0,,,,,,,,,2.0,,,7.0,,1.0,,,4.0,,,,,,,,,,,1.0,1.0,1.0,1.0,1.0,1.0,6,3,4,3,3,5,6,6,3,2,58.0,51.0,49.0,62.0,60.0,54.0,68.0,47.0,44.0,41.0,1,2,2,2,2,1,2,2,2,2,2,1,1,1,1,2,1,1,1,2,2,1,2,1,2,2,2,1,1,2,1,2,2,1,2,1,2,2,1,1
2022,4,4,4,4,4,4,5,4,2,2,70.0,,,1.0,,,,3.0,4.0,4.0,,5.0,,,2.0,1.0,,2.0,4.0,5.0,,,,,,,,,1.0,,,6.0,,2.0,,,5.0,,,,,,,,,,,1.0,1.0,1.0,1.0,1.0,1.0,6,3,3,3,3,5,6,6,3,2,60.0,55.0,60.0,65.0,70.0,60.0,80.0,60.0,50.0,40.0,2,2,1,2,1,2,1,2,2,1,2,1,1,2,2,2,1,1,2,2,1,1,2,2,2,1,1,1,2,1,2,2,2,1,1,2,1,2,2,2
438,5,4,5,4,5,5,5,5,2,2,70.0,,4.0,,2.0,3.0,6.0,,,,,5.0,1.0,54.0,,,2.0,2.0,4.0,5.0,,,,,,,18.0,,1.0,,,,3.0,,2.0,,4.0,1.0,1.0,1.0,1.0,1.0,1.0,1.0,1.0,1.0,1.0,,,,,,,6,3,4,4,3,5,6,6,3,2,62.0,55.0,60.0,68.0,70.0,65.0,75.0,60.0,50.0,45.0,1,1,1,2,2,2,2,1,1,1,2,1,1,1,2,2,2,2,2,1,2,2,1,2,1,2,1,2,1,1,1,2,2,1,2,2,1,1,1,1
224,4,4,4,4,4,4,4,4,2,2,70.0,,,1.0,,,,3.0,4.0,3.0,,5.0,1.0,54.0,,,2.0,,,,2.0,4.0,5.0,,,,18.0,,,2.0,5.0,,,,2.0,5.0,,,,,,,,,,,,1.0,1.0,1.0,1.0,1.0,1.0,6,3,4,4,2,5,6,6,3,2,62.0,55.0,60.0,65.0,68.0,60.0,70.0,55.0,40.0,38.0,2,2,2,1,2,2,2,1,2,2,2,1,2,2,2,1,2,2,2,1,2,1,1,1,2,1,2,2,2,2,2,2,1,1,1,1,2,1,2,1
357,2,2,2,2,2,2,2,2,1,2,70.0,,,1.0,,,,4.0,4.0,4.0,5.0,,,,2.0,,2.0,,,,,,,1.0,2.0,2.0,,,2.0,,3.0,,,1.0,,2.0,,1.0,1.0,1.0,1.0,1.0,1.0,1.0,1.0,1.0,1.0,,,,,,,6,3,2,2,3,4,6,6,1,1,35.0,30.0,30.0,30.0,30.0,25.0,30.0,20.0,50.0,25.0,2,2,2,1,2,1,1,2,2,1,2,2,1,2,1,2,2,2,1,1,2,1,2,2,2,2,2,2,2,2,2,1,1,1,1,2,2,2,1,1
1038,4,4,4,4,4,4,5,4,2,2,70.0,,,1.0,,,,3.0,4.0,3.0,,5.0,1.0,54.0,,1.0,,2.0,4.0,5.0,,,,,,,,,,2.0,,,3.0,,2.0,4.0,,1.0,1.0,1.0,1.0,1.0,1.0,1.0,1.0,1.0,1.0,,,,,,,6,3,3,3,2,5,6,6,3,2,60.0,55.0,60.0,65.0,65.0,60.0,70.0,60.0,50.0,45.0,1,2,1,1,2,2,2,1,1,2,2,1,1,2,1,2,2,2,1,1,1,1,2,1,2,2,2,1,2,1,2,2,2,1,1,1,1,1,1,2
1624,4,4,4,4,4,4,5,4,2,2,70.0,,4.0,,,,,4.0,5.0,3.0,,5.0,1.0,50.0,,1.0,,,,,2.0,4.0,4.0,,,,,18.0,1.0,,,,3.0,1.0,,4.0,,1.0,1.0,1.0,1.0,1.0,1.0,1.0,1.0,1.0,1.0,,,,,,,6,3,2,2,2,5,6,6,3,1,60.0,55.0,50.0,65.0,70.0,60.0,75.0,55.0,40.0,35.0,1,2,1,2,1,2,2,2,2,1,1,2,1,2,2,1,2,2,1,1,1,2,1,2,1,2,1,2,2,1,2,2,2,2,1,2,1,2,1,1
1757,2,3,2,2,3,2,4,2,4,3,70.0,,1.0,,,,,3.0,4.0,3.0,5.0,,1.0,25.0,,1.0,,,,,,,,1.0,2.0,3.0,18.0,,,2.0,,7.0,,,1.0,3.0,,,,,,,,,,,,1.0,1.0,1.0,1.0,1.0,1.0,6,3,3,3,3,4,6,5,2,2,40.0,35.0,30.0,25.0,30.0,25.0,40.0,20.0,50.0,30.0,1,1,2,1,1,2,2,1,2,1,1,2,1,1,2,2,1,2,2,1,2,1,2,2,1,2,2,2,2,1,2,1,2,2,2,2,2,2,1,2
1939,4,4,4,4,4,4,5,4,2,2,,30.0,4.0,,,,,4.0,4.0,3.0,,5.0,,,2.0,1.0,,,,,,,,3.0,4.0,5.0,15.0,,,2.0,,,3.0,1.0,,,4.0,1.0,1.0,1.0,1.0,1.0,1.0,1.0,1.0,1.0,1.0,,,,,,,6,3,2,3,2,5,6,5,3,2,60.0,55.0,58.0,62.0,65.0,60.0,70.0,60.0,50.0,45.0,1,1,2,1,1,1,1,2,2,1,1,2,1,1,1,2,2,2,2,2,2,2,2,1,1,1,1,2,2,1,2,2,1,1,1,2,2,2,1,2
2057,4,5,4,5,5,5,5,5,2,2,70.0,,,1.0,,,,3.0,4.0,2.0,,5.0,,,2.0,1.0,,,,,,,,2.0,5.0,6.0,20.0,,1.0,,5.0,,,,2.0,5.0,,,,,,,,,,,,1.0,1.0,1.0,1.0,1.0,1.0,6,2,3,3,2,5,6,5,3,2,60.0,55.0,60.0,65.0,70.0,65.0,75.0,60.0,40.0,45.0,2,1,2,1,1,2,1,1,2,1,2,2,2,2,1,2,2,1,2,1,2,2,2,2,1,2,1,2,1,2,2,1,1,2,2,1,2,1,2,1
26,5,5,5,5,5,5,5,5,1,1,,30.0,,1.0,3.0,4.0,6.0,,,,5.0,,1.0,40.0,,,2.0,,,,,,,1.0,5.0,6.0,,20.0,,2.0,,,1.0,,2.0,5.0,,,,,,,,,,,,1.0,1.0,1.0,1.0,1.0,1.0,6,3,3,3,3,5,6,6,3,1,60.0,55.0,60.0,70.0,75.0,65.0,80.0,70.0,30.0,25.0,2,1,2,2,2,2,2,2,2,2,1,2,2,2,1,1,2,2,2,2,1,1,2,2,1,1,1,2,1,1,2,2,2,2,2,1,1,2,2,1
396,5,5,5,5,5,5,5,5,1,1,,30.0,,1.0,3.0,3.0,6.0,,,,,7.0,,,2.0,,2.0,,,,1.0,5.0,6.0,,,,,20.0,,2.0,5.0,,,,1.0,,5.0,1.0,1.0,1.0,1.0,1.0,1.0,1.0,1.0,1.0,1.0,,,,,,,6,2,2,2,2,5,6,6,4,2,65.0,60.0,60.0,70.0,75.0,70.0,80.0,60.0,40.0,35.0,1,2,1,2,2,2,2,2,1,2,1,2,2,2,2,2,2,1,2,2,2,1,2,2,1,1,2,1,1,1,1,1,1,2,2,1,2,2,1,1
170,2,3,2,2,3,2,4,2,4,3,,30.0,1.0,,,,,3.0,4.0,2.0,,5.0,1.0,40.0,,,2.0,1.0,3.0,4.0,,,,,,,,,,2.0,,,2.0,1.0,,3.0,,1.0,1.0,1.0,1.0,1.0,1.0,1.0,1.0,1.0,1.0,,,,,,,6,2,2,2,2,4,6,5,3,1,40.0,35.0,30.0,30.0,35.0,30.0,40.0,25.0,45.0,30.0,1,2,1,2,1,1,2,2,2,1,2,1,2,2,2,2,1,2,2,1,2,2,2,1,2,1,2,2,2,1,1,2,1,2,2,1,1,1,2,2
1796,2,3,2,2,2,2,2,2,4,4,70.0,,1.0,,,,,3.0,4.0,5.0,5.0,,1.0,30.0,,1.0,,1.0,2.0,2.0,,,,,,,,,2.0,,,,1.0,1.0,,3.0,,,,,,,,,,,,1.0,1.0,1.0,1.0,1.0,1.0,6,3,3,3,2,4,5,5,2,2,40.0,35.0,30.0,30.0,30.0,25.0,30.0,25.0,40.0,35.0,2,1,1,2,2,1,2,2,1,1,2,1,2,1,2,2,2,2,2,1,2,2,1,1,2,2,2,1,2,1,1,1,1,2,1,2,2,2,1,2
1403,4,4,4,5,5,5,5,5,2,2,70.0,,,1.0,3.0,4.0,6.0,,,,5.0,,,,2.0,,2.0,,,,1.0,4.0,4.0,,,,18.0,,1.0,,5.0,,,,1.0,,4.0,1.0,1.0,1.0,1.0,1.0,1.0,1.0,1.0,1.0,1.0,,,,,,,6,3,2,2,2,5,6,6,3,2,62.0,55.0,60.0,68.0,70.0,65.0,75.0,60.0,50.0,45.0,2,1,2,1,1,1,2,1,1,2,2,1,2,2,1,2,2,1,2,2,2,1,2,1,1,1,2,2,1,2,1,1,2,2,2,1,1,2,2,1
1570,5,5,4,5,5,5,5,5,2,2,70.0,,4.0,,3.0,4.0,6.0,,,,,5.0,,,2.0,1.0,,,,,4.0,4.0,5.0,,,,,18.0,1.0,,,,3.0,,2.0,4.0,,1.0,1.0,1.0,1.0,1.0,1.0,1.0,1.0,1.0,1.0,,,,,,,6,3,3,3,3,5,6,6,3,2,62.0,54.0,57.0,68.0,70.0,65.0,74.0,60.0,48.0,45.0,2,2,1,1,2,1,1,2,2,2,1,2,1,2,2,1,1,2,1,2,2,2,1,1,2,2,2,1,1,2,1,1,2,1,1,1,1,2,1,2
902,2,3,2,2,3,3,4,2,4,3,70.0,,,1.0,,,,3.0,4.0,3.0,5.0,,1.0,30.0,,,2.0,,,,,,,2.0,4.0,4.0,,,1.0,,,6.0,,,2.0,,4.0,1.0,1.0,1.0,1.0,1.0,1.0,1.0,1.0,1.0,1.0,,,,,,,6,3,2,2,3,5,6,6,3,2,40.0,35.0,30.0,35.0,40.0,35.0,40.0,30.0,45.0,30.0,2,2,1,2,2,2,1,2,1,1,2,2,1,2,1,1,2,2,1,2,2,2,2,1,2,2,2,2,2,2,1,2,2,2,2,2,2,2,1,1
871,2,4,2,2,3,2,5,2,4,2,70.0,,3.0,,,,,3.0,4.0,3.0,5.0,,,,2.0,,2.0,1.0,4.0,4.0,,,,,,,,,2.0,,,6.0,,,2.0,4.0,,,,,,,,,,,,1.0,1.0,1.0,1.0,1.0,1.0,6,3,3,3,2,5,6,6,3,2,55.0,50.0,45.0,40.0,45.0,40.0,60.0,35.0,55.0,35.0,1,1,2,2,2,1,2,1,2,2,2,1,2,1,1,1,1,2,1,2,2,1,1,1,1,2,2,1,1,2,2,1,1,2,1,1,2,1,1,2
323,4,4,4,4,4,4,4,4,2,2,70.0,,4.0,,3.0,3.0,5.0,,,,5.0,,1.0,40.0,,1.0,,1.0,4.0,4.0,,,,,,,,,,2.0,5.0,,,1.0,,,4.0,1.0,1.0,1.0,1.0,1.0,1.0,1.0,1.0,1.0,1.0,,,,,,,6,2,2,2,2,5,6,6,3,2,60.0,55.0,60.0,65.0,65.0,60.0,70.0,55.0,50.0,45.0,2,2,1,1,1,2,2,2,1,1,2,2,1,2,2,2,1,1,1,2,1,2,1,2,1,2,2,2,1,1,1,2,2,1,2,1,1,1,1,2
250,2,2,2,2,2,2,4,2,4,2,,30.0,1.0,,4.0,4.0,6.0,,,,,5.0,1.0,40.0,,1.0,,,,,,,,1.0,2.0,4.0,,,2.0,,,,1.0,,1.0,3.0,,,,,,,,,,,,1.0,1.0,1.0,1.0,1.0,1.0,6,2,2,2,2,4,6,6,2,2,40.0,35.0,30.0,30.0,30.0,25.0,40.0,20.0,60.0,30.0,1,1,2,2,1,1,1,1,2,1,1,2,1,2,2,1,1,1,2,2,1,1,1,1,1,1,1,2,1,2,2,1,2,1,2,2,2,1,2,2
1723,4,4,4,4,4,4,5,4,2,2,70.0,,4.0,,,,,3.0,4.0,5.0,5.0,,1.0,50.0,,1.0,,,,,,,,2.0,4.0,5.0,2.0,,1.0,,4.0,,,,1.0,,4.0,,,,,,,,,,,1.0,1.0,1.0,1.0,1.0,1.0,6,3,4,3,3,5,6,5,3,2,60.0,55.0,60.0,65.0,70.0,60.0,75.0,60.0,40.0,35.0,2,2,1,2,2,2,1,2,2,2,2,2,2,1,2,2,2,2,2,1,2,2,2,1,2,2,2,2,2,2,2,1,1,1,2,1,1,1,1,2
1650,5,5,5,5,5,5,5,5,1,1,70.0,,,1.0,3.0,4.0,6.0,,,,,5.0,1.0,50.0,,,2.0,,,,4.0,5.0,6.0,,,,,20.0,,2.0,5.0,,,,2.0,,5.0,,,,,,,,,,,1.0,1.0,1.0,1.0,1.0,1.0,6,2,3,3,2,5,6,6,3,2,60.0,55.0,60.0,70.0,75.0,70.0,80.0,65.0,40.0,35.0,1,2,2,2,2,2,2,2,1,2,1,2,1,2,1,2,2,2,2,2,2,2,1,2,1,2,2,1,2,2,1,2,1,2,2,1,2,2,2,2
2023,4,4,4,4,4,4,5,4,2,2,70.0,,4.0,,3.0,4.0,6.0,,,,,5.0,1.0,40.0,,,2.0,2.0,4.0,4.0,,,,,,,,,1.0,,,5.0,,,2.0,4.0,,,,,,,,,,,,1.0,1.0,1.0,1.0,1.0,1.0,6,3,3,3,2,5,6,6,3,2,60.0,55.0,50.0,60.0,65.0,60.0,70.0,55.0,40.0,35.0,1,1,2,1,2,2,1,1,1,2,2,2,2,1,1,2,2,2,2,1,1,1,2,2,2,2,2,1,1,2,2,2,2,1,2,1,1,2,2,1
52,5,5,5,5,5,5,5,5,1,1,,30.0,4.0,,,,,4.0,4.0,3.0,,5.0,,,2.0,,2.0,,,,1.0,5.0,6.0,,,,,20.0,,2.0,,6.0,,,2.0,5.0,,1.0,1.0,1.0,1.0,1.0,1.0,1.0,1.0,1.0,1.0,,,,,,,6,3,2,2,2,5,6,6,3,2,62.0,55.0,60.0,70.0,68.0,65.0,80.0,60.0,40.0,35.0,1,2,2,2,2,2,2,2,1,2,2,2,2,2,1,1,2,2,1,2,2,1,2,2,1,1,2,2,2,1,2,1,2,1,1,1,2,1,2,2
291,2,3,2,2,3,2,4,2,4,3,,70.0,1.0,,,,,3.0,4.0,2.0,3.0,,,,2.0,1.0,,1.0,2.0,2.0,,,,,,,,,2.0,,5.0,,,,1.0,,3.0,,,,,,,,,,,1.0,1.0,1.0,1.0,1.0,1.0,6,2,3,2,2,5,6,5,2,2,40.0,35.0,30.0,30.0,35.0,25.0,40.0,30.0,60.0,40.0,2,2,2,1,1,2,2,1,2,1,2,2,2,1,2,1,1,2,1,1,2,1,1,2,1,1,2,1,1,2,1,2,1,2,2,1,1,2,1,1
718,5,4,5,5,5,5,5,5,2,2,,30.0,1.0,,,,,3.0,4.0,5.0,,5.0,,,2.0,1.0,,1.0,5.0,6.0,,,,,,,20.0,,,2.0,5.0,,,1.0,,,5.0,1.0,1.0,1.0,1.0,1.0,1.0,1.0,1.0,1.0,1.0,,,,,,,6,3,2,2,3,5,6,6,3,2,60.0,55.0,60.0,65.0,65.0,60.0,70.0,60.0,40.0,35.0,1,2,1,2,2,2,1,2,2,2,1,2,2,2,1,1,2,1,1,1,2,2,2,1,2,1,2,2,1,1,1,1,2,2,2,1,1,2,2,2
104,2,3,2,2,3,2,4,2,4,3,,30.0,1.0,,,,,3.0,4.0,5.0,5.0,,,,2.0,,2.0,,,,,,,1.0,4.0,5.0,,,1.0,,3.0,,,,1.0,3.0,,1.0,1.0,1.0,1.0,1.0,1.0,1.0,1.0,1.0,1.0,,,,,,,6,3,2,2,2,5,6,6,2,1,30.0,25.0,25.0,30.0,35.0,20.0,40.0,20.0,40.0,25.0,1,2,1,2,2,1,2,2,2,2,2,2,2,2,1,1,2,1,1,2,1,1,2,1,2,2,1,2,2,2,1,1,2,2,2,2,1,2,2,1
1691,4,4,4,4,4,4,4,4,2,2,70.0,,,1.0,4.0,4.0,6.0,,,,5.0,,1.0,50.0,,1.0,,,,,,,,2.0,4.0,4.0,20.0,,1.0,,3.0,,,1.0,,4.0,,,,,,,,,,,,1.0,1.0,1.0,1.0,1.0,1.0,6,3,3,3,2,4,6,6,3,2,60.0,55.0,60.0,65.0,65.0,60.0,70.0,60.0,50.0,45.0,1,2,1,2,1,1,2,2,1,2,1,2,2,2,2,2,1,2,2,1,2,2,1,1,2,1,2,1,2,1,1,2,1,1,2,1,2,1,1,1
1318,4,4,4,4,4,4,5,4,2,2,,30.0,,1.0,,,,3.0,4.0,2.0,5.0,,,,2.0,,2.0,,,,,,,2.0,4.0,4.0,,20.0,1.0,,,,3.0,1.0,,,4.0,,,,,,,,,,,1.0,1.0,1.0,1.0,1.0,1.0,6,3,3,3,2,5,6,6,3,2,60.0,55.0,50.0,60.0,60.0,60.0,70.0,55.0,40.0,35.0,1,2,1,1,2,1,2,1,1,1,2,2,1,2,2,1,2,2,2,1,1,1,1,2,1,2,2,2,1,2,2,2,2,1,2,2,2,2,2,2
1504,5,4,5,5,5,5,5,5,1,1,,30.0,,1.0,,,,3.0,4.0,2.0,,5.0,,,2.0,1.0,,1.0,4.0,4.0,,,,,,,,,,2.0,,7.0,,,2.0,4.0,,1.0,1.0,1.0,1.0,1.0,1.0,1.0,1.0,1.0,1.0,,,,,,,6,3,2,2,2,5,6,6,3,2,60.0,55.0,60.0,70.0,70.0,65.0,80.0,60.0,40.0,35.0,2,1,2,2,1,2,1,1,2,1,1,2,2,2,2,1,1,2,1,1,2,2,2,2,1,1,2,1,1,2,1,1,2,2,1,2,2,2,2,2
1477,4,4,4,4,4,4,4,4,2,2,70.0,,,1.0,,,,4.0,3.0,3.0,,5.0,1.0,40.0,,1.0,,,,,,,,2.0,4.0,5.0,2.0,,1.0,,,,2.0,1.0,,4.0,,,,,,,,,,,,1.0,1.0,1.0,1.0,1.0,1.0,6,3,3,3,2,5,6,6,3,2,60.0,55.0,60.0,65.0,65.0,60.0,70.0,60.0,50.0,45.0,1,1,2,2,1,1,1,1,1,2,1,2,2,2,2,1,1,2,1,2,1,2,2,1,2,1,2,2,1,2,1,2,1,2,2,1,2,2,1,1
805,2,3,2,2,3,2,4,2,4,3,70.0,,1.0,,,,,3.0,4.0,3.0,,5.0,1.0,40.0,,,2.0,1.0,3.0,4.0,,,,,,,20.0,,1.0,,,6.0,,,1.0,,4.0,,,,,,,,,,,1.0,1.0,1.0,1.0,1.0,1.0,6,3,3,3,3,5,6,6,3,2,45.0,40.0,40.0,35.0,40.0,35.0,50.0,30.0,60.0,30.0,1,2,1,1,1,2,2,2,2,2,1,1,2,2,2,1,1,2,1,1,2,2,2,1,2,1,1,2,2,2,1,1,2,1,2,1,1,2,1,2
93,5,4,5,5,5,5,5,5,2,2,,30.0,,1.0,3.0,4.0,6.0,,,,5.0,,1.0,54.0,,1.0,,2.0,4.0,5.0,,,,,,,,,1.0,,,7.0,,1.0,,,5.0,1.0,1.0,1.0,1.0,1.0,1.0,1.0,1.0,1.0,1.0,,,,,,,6,3,4,3,3,5,6,5,3,2,62.0,54.0,58.0,66.0,70.0,60.0,75.0,55.0,48.0,44.0,2,2,1,1,1,1,1,2,1,1,2,1,2,1,1,1,2,2,2,2,1,2,2,2,2,1,2,1,2,2,2,1,2,1,2,1,1,2,2,1
976,2,2,2,2,2,2,5,2,4,2,70.0,,1.0,,,,,3.0,4.0,5.0,3.0,,1.0,54.0,,,2.0,,,,1.0,2.0,3.0,,,,20.0,,2.0,,,,1.0,,1.0,2.0,,1.0,1.0,1.0,1.0,1.0,1.0,1.0,1.0,1.0,1.0,,,,,,,6,2,2,2,2,5,6,6,1,2,30.0,25.0,25.0,20.0,20.0,15.0,20.0,10.0,40.0,15.0,2,1,2,1,1,1,2,2,2,2,2,1,2,2,1,2,1,2,2,1,1,2,2,1,1,2,1,1,2,1,2,1,2,2,1,1,1,1,2,2
171,3,3,3,3,3,3,3,3,2,2,70.0,,1.0,,3.0,4.0,5.0,,,,,5.0,,,2.0,,2.0,2.0,3.0,4.0,,,,,,,,,2.0,,,,1.0,1.0,,3.0,,1.0,1.0,1.0,1.0,1.0,1.0,1.0,1.0,1.0,1.0,,,,,,,6,3,3,3,3,5,5,5,3,2,55.0,50.0,50.0,50.0,50.0,50.0,50.0,50.0,40.0,40.0,2,2,2,1,1,2,2,2,1,2,2,2,1,2,1,1,2,1,2,1,2,2,2,1,1,2,1,2,2,2,2,1,1,2,1,1,2,1,2,1
397,4,4,4,4,4,4,5,4,2,2,,30.0,4.0,,3.0,4.0,6.0,,,,,5.0,,,2.0,,2.0,1.0,4.0,5.0,,,,,,,,,,2.0,,6.0,,1.0,,4.0,,,,,,,,,,,,1.0,1.0,1.0,1.0,1.0,1.0,6,3,4,3,3,4,6,5,3,2,60.0,55.0,60.0,65.0,70.0,60.0,80.0,55.0,40.0,35.0,1,1,2,1,1,2,2,1,2,2,2,1,1,2,1,1,2,2,1,2,2,1,2,2,2,2,2,1,1,2,1,1,2,2,2,2,2,2,1,1
1571,2,3,2,2,3,3,4,2,4,3,,30.0,3.0,,3.0,4.0,6.0,,,,,5.0,,,2.0,,2.0,1.0,3.0,4.0,,,,,,,20.0,,,2.0,,,3.0,,1.0,,4.0,1.0,1.0,1.0,1.0,1.0,1.0,1.0,1.0,1.0,1.0,,,,,,,6,3,2,2,2,5,6,6,3,2,60.0,55.0,50.0,45.0,50.0,45.0,60.0,40.0,55.0,40.0,1,2,2,2,2,1,2,2,1,1,1,2,2,1,2,2,2,1,2,1,2,2,2,1,2,1,2,1,2,1,1,2,2,2,1,1,2,2,1,1
1402,3,3,3,3,3,3,4,3,2,2,,30.0,,1.0,2.0,3.0,5.0,,,,5.0,,,,2.0,,2.0,1.0,3.0,3.0,,,,,,,,,,2.0,,7.0,,,1.0,3.0,,,,,,,,,,,,1.0,1.0,1.0,1.0,1.0,1.0,6,2,3,3,2,4,5,5,2,1,40.0,35.0,30.0,30.0,35.0,30.0,40.0,30.0,40.0,30.0,2,2,1,2,1,2,2,2,2,1,2,2,1,1,1,2,2,2,1,2,1,2,1,2,1,1,1,1,1,1,1,1,2,2,1,2,2,2,2,2
1797,4,4,4,4,4,4,5,4,2,2,70.0,,1.0,,,,,3.0,4.0,5.0,,5.0,,,2.0,1.0,,,,,2.0,4.0,5.0,,,,,20.0,1.0,,5.0,,,1.0,,,4.0,1.0,1.0,1.0,1.0,1.0,1.0,1.0,1.0,1.0,1.0,,,,,,,6,3,2,2,2,5,6,6,3,2,60.0,55.0,60.0,65.0,70.0,60.0,80.0,55.0,40.0,35.0,2,1,2,1,1,1,1,2,2,2,2,1,1,1,1,2,2,1,2,2,1,1,1,1,2,1,1,1,1,2,1,1,2,2,1,1,1,1,2,1
870,2,4,3,3,4,3,4,3,2,2,,30.0,4.0,,,,,3.0,4.0,5.0,5.0,,,,2.0,,2.0,,,,,,,2.0,4.0,5.0,2.0,,,2.0,,6.0,,1.0,,,4.0,1.0,1.0,1.0,1.0,1.0,1.0,1.0,1.0,1.0,1.0,,,,,,,6,3,3,3,3,5,6,6,3,1,55.0,48.0,50.0,52.0,54.0,49.0,60.0,45.0,51.0,47.0,1,2,2,2,1,1,1,2,1,1,1,1,1,2,1,2,1,1,2,1,1,2,2,1,2,1,1,1,2,1,1,2,2,1,2,2,1,2,2,2
903,2,4,2,2,2,2,2,2,5,4,,30.0,1.0,,,,,3.0,4.0,2.0,5.0,,,,2.0,1.0,,,,,2.0,4.0,5.0,,,,,,2.0,,,7.0,,1.0,,,4.0,,,,,,,,,,,1.0,1.0,1.0,1.0,1.0,1.0,6,3,2,2,3,5,6,6,3,2,40.0,35.0,30.0,25.0,30.0,25.0,35.0,20.0,40.0,30.0,1,2,1,2,2,2,1,1,1,1,2,2,2,2,2,1,2,1,1,1,2,1,1,1,1,2,1,1,2,2,1,2,1,1,2,1,1,2,1,1
356,2,3,2,2,2,2,2,2,5,2,70.0,,1.0,,,,,3.0,4.0,5.0,2.0,,,,2.0,1.0,,1.0,2.0,2.0,,,,,,,20.0,,2.0,,1.0,,,,1.0,2.0,,1.0,1.0,1.0,1.0,1.0,1.0,1.0,1.0,1.0,1.0,,,,,,,5,2,2,2,2,5,5,5,1,1,30.0,20.0,20.0,20.0,20.0,20.0,20.0,20.0,20.0,20.0,2,2,2,2,2,2,2,2,2,2,2,2,2,2,2,2,2,2,2,2,2,2,2,2,2,2,2,2,2,2,2,2,2,2,2,2,2,2,2,2
225,4,4,4,4,4,4,5,4,2,2,,30.0,,1.0,,,,3.0,4.0,5.0,,5.0,,,2.0,1.0,,,,,2.0,4.0,5.0,,,,,18.0,1.0,,,6.0,,1.0,,4.0,,1.0,1.0,1.0,1.0,1.0,1.0,1.0,1.0,1.0,1.0,,,,,,,6,3,2,2,3,5,6,6,3,2,60.0,55.0,60.0,65.0,70.0,60.0,75.0,60.0,50.0,45.0,1,1,2,2,1,1,2,1,1,2,2,1,1,1,1,1,1,1,2,1,1,2,2,2,2,1,2,2,1,2,1,1,1,2,1,2,1,1,2,1
439,2,3,2,2,2,2,4,2,4,2,,30.0,,2.0,2.0,3.0,5.0,,,,5.0,,1.0,30.0,,,2.0,,,,1.0,4.0,5.0,,,,20.0,,1.0,,3.0,,,,1.0,3.0,,1.0,1.0,1.0,1.0,1.0,1.0,1.0,1.0,1.0,1.0,,,,,,,6,3,3,3,3,5,6,6,3,1,40.0,35.0,35.0,30.0,30.0,25.0,40.0,30.0,50.0,30.0,1,2,1,1,2,1,2,1,1,2,1,1,2,1,1,1,1,2,1,1,1,1,2,1,2,2,2,1,2,1,2,2,1,2,1,1,2,1,1,2
1756,2,3,2,2,3,2,4,2,4,3,,30.0,,1.0,,,,3.0,4.0,2.0,3.0,,1.0,40.0,,,2.0,1.0,2.0,3.0,,,,,,,,,,2.0,,7.0,,1.0,,3.0,,1.0,1.0,1.0,1.0,1.0,1.0,1.0,1.0,1.0,1.0,,,,,,,6,2,2,2,3,4,6,6,2,2,35.0,30.0,30.0,30.0,35.0,25.0,40.0,30.0,45.0,30.0,2,2,2,1,2,1,2,2,1,1,2,1,1,2,1,2,1,2,2,1,2,1,2,2,2,2,2,1,1,2,1,2,1,2,1,2,1,1,2,2
1625,5,5,5,5,5,5,5,5,2,2,70.0,,,1.0,,,,3.0,4.0,5.0,,6.0,1.0,54.0,,1.0,,,,,2.0,5.0,6.0,,,,,,,2.0,5.0,,,1.0,,,5.0,1.0,1.0,1.0,1.0,1.0,1.0,1.0,1.0,1.0,1.0,,,,,,,6,3,2,2,3,5,6,6,3,2,62.0,54.0,60.0,68.0,70.0,65.0,75.0,60.0,40.0,38.0,2,1,2,2,2,1,1,1,1,1,2,2,1,1,2,2,2,1,2,1,2,2,2,2,2,1,2,1,2,1,2,1,1,1,2,1,1,1,1,2
1039,5,5,5,5,5,5,5,5,1,1,70.0,,,1.0,,,,4.0,3.0,2.0,5.0,,,,2.0,,2.0,,,,1.0,5.0,6.0,,,,,20.0,,2.0,3.0,,,,1.0,,5.0,1.0,1.0,1.0,1.0,1.0,1.0,1.0,1.0,1.0,1.0,,,,,,,6,2,2,2,2,5,6,6,4,1,65.0,60.0,70.0,80.0,80.0,75.0,85.0,70.0,30.0,25.0,2,2,2,1,2,2,2,2,2,1,1,2,1,1,2,2,2,2,2,2,2,1,2,1,2,2,1,2,1,2,1,1,1,1,1,2,1,2,2,1
1938,4,4,4,5,5,5,5,5,2,2,70.0,,4.0,,,,,4.0,4.0,3.0,5.0,,,,2.0,,2.0,,,,2.0,4.0,5.0,,,,18.0,,,2.0,,,3.0,,2.0,4.0,,1.0,1.0,1.0,1.0,1.0,1.0,1.0,1.0,1.0,1.0,,,,,,,6,3,3,3,3,5,6,6,3,1,62.0,55.0,60.0,70.0,72.0,68.0,80.0,65.0,40.0,38.0,2,2,2,2,2,2,2,1,1,2,2,1,2,2,1,2,1,2,2,2,2,1,2,1,1,1,2,1,2,1,1,1,2,2,2,1,2,1,2,1
27,4,4,4,4,4,4,5,4,2,3,,30.0,4.0,,3.0,4.0,6.0,,,,,5.0,1.0,40.0,,,2.0,,,,2.0,4.0,5.0,,,,18.0,,,2.0,,7.0,,1.0,,,4.0,1.0,1.0,1.0,1.0,1.0,1.0,1.0,1.0,1.0,1.0,,,,,,,6,3,3,3,3,5,6,5,3,2,60.0,55.0,60.0,65.0,70.0,60.0,75.0,55.0,50.0,45.0,1,2,1,2,2,2,1,1,2,1,1,2,1,1,2,1,2,1,2,1,2,2,1,2,2,1,2,2,2,1,1,1,2,1,1,1,1,2,2,2
2056,4,4,4,4,4,4,4,4,2,2,70.0,,4.0,,,,,2.0,3.0,4.0,5.0,,1.0,54.0,,1.0,,,,,3.0,4.0,4.0,,,,,16.0,,2.0,,,3.0,,2.0,,4.0,,,,,,,,,,,1.0,1.0,1.0,1.0,1.0,1.0,6,3,3,3,2,5,6,6,3,2,60.0,55.0,60.0,65.0,65.0,60.0,70.0,60.0,50.0,45.0,2,1,2,1,1,2,1,2,2,2,1,2,2,2,2,2,1,1,2,2,1,2,1,2,2,2,1,1,2,2,2,1,2,1,2,1,2,1,2,2
1880,5,4,5,5,5,5,5,5,1,2,,30.0,,1.0,3.0,4.0,6.0,,,,,6.0,1.0,54.0,,1.0,,,,,,,,2.0,5.0,6.0,,,1.0,,6.0,,,,2.0,5.0,,,,,,,,,,,,1.0,1.0,1.0,1.0,1.0,1.0,6,3,3,3,2,5,6,6,3,2,62.0,55.0,60.0,68.0,70.0,65.0,75.0,60.0,50.0,45.0,2,1,2,2,1,2,2,1,2,2,2,1,1,2,2,2,2,2,1,1,1,2,1,2,2,2,1,2,2,2,2,1,1,2,1,2,1,2,2,1
909,4,4,4,4,4,4,5,4,2,2,70.0,,,1.0,,,,3.0,4.0,5.0,,5.0,,,2.0,1.0,,1.0,4.0,4.0,,,,,,,20.0,,1.0,,4.0,,,,1.0,4.0,,,,,,,,,,,,1.0,1.0,1.0,1.0,1.0,1.0,6,2,3,3,3,5,6,6,3,2,60.0,55.0,50.0,60.0,60.0,55.0,70.0,60.0,40.0,35.0,2,2,2,1,2,1,2,2,2,1,1,1,1,2,1,2,1,2,1,1,1,2,1,2,1,2,1,1,1,2,1,1,1,1,2,2,2,1,2,2
581,4,4,4,3,4,3,5,4,2,2,70.0,,4.0,,,,,3.0,4.0,4.0,5.0,,1.0,45.0,,1.0,,,,,,,,3.0,4.0,5.0,2.0,,,2.0,,7.0,,1.0,,,4.0,1.0,1.0,1.0,1.0,1.0,1.0,1.0,1.0,1.0,1.0,,,,,,,6,3,2,3,2,5,6,6,3,2,60.0,55.0,60.0,50.0,60.0,50.0,70.0,60.0,40.0,40.0,2,2,2,2,1,1,2,1,2,1,2,2,1,1,2,2,2,2,1,2,1,1,2,2,1,1,1,1,2,1,2,1,2,1,2,1,2,1,2,2
767,2,3,2,2,2,2,2,2,4,3,,30.0,,1.0,2.0,3.0,5.0,,,,,5.0,,,2.0,1.0,,,,,1.0,2.0,4.0,,,,,,2.0,,,6.0,,1.0,,,3.0,1.0,1.0,1.0,1.0,1.0,1.0,1.0,1.0,1.0,1.0,,,,,,,6,2,2,2,2,5,6,6,3,2,30.0,25.0,25.0,30.0,30.0,25.0,30.0,20.0,40.0,25.0,1,2,1,1,2,1,1,1,1,1,1,2,1,2,1,2,1,2,1,1,2,2,2,2,2,1,1,1,1,1,2,1,1,1,1,2,1,1,2,2
614,5,5,5,5,5,5,5,5,1,1,,30.0,4.0,,,,,3.0,4.0,2.0,,5.0,,,2.0,1.0,,,,,2.0,4.0,5.0,,,,18.0,,,2.0,,,3.0,,1.0,,4.0,1.0,1.0,1.0,1.0,1.0,1.0,1.0,1.0,1.0,1.0,,,,,,,6,2,2,2,3,5,6,6,3,2,65.0,60.0,60.0,70.0,70.0,65.0,75.0,60.0,30.0,35.0,2,2,2,2,1,2,2,1,1,2,2,1,1,2,1,2,2,2,2,1,2,2,1,2,1,1,1,2,2,1,1,2,2,2,1,2,2,1,1,2
1181,5,5,5,5,5,5,5,5,2,2,,30.0,,1.0,,,,4.0,3.0,2.0,5.0,,1.0,54.0,,,2.0,1.0,5.0,6.0,,,,,,,,20.0,,2.0,,7.0,,1.0,,,5.0,,,,,,,,,,,1.0,1.0,1.0,1.0,1.0,1.0,6,3,4,3,2,5,6,5,3,2,65.0,60.0,60.0,75.0,70.0,70.0,80.0,60.0,40.0,35.0,2,1,2,2,2,2,2,2,2,2,2,2,1,2,2,1,1,2,2,1,2,1,2,1,2,2,2,2,2,2,2,1,1,2,1,2,1,2,2,2
1408,4,4,4,4,4,4,5,4,2,2,,30.0,,2.0,3.0,4.0,6.0,,,,,5.0,1.0,40.0,,1.0,,,,,1.0,4.0,5.0,,,,18.0,,,2.0,,7.0,,,1.0,,4.0,1.0,1.0,1.0,1.0,1.0,1.0,1.0,1.0,1.0,1.0,,,,,,,6,3,2,2,2,5,6,6,3,2,60.0,55.0,58.0,65.0,70.0,62.0,75.0,60.0,40.0,35.0,1,1,1,2,2,1,2,1,2,1,2,2,1,1,2,2,2,1,1,2,2,2,2,2,1,1,2,2,1,1,2,1,2,1,2,2,2,1,2,2
1367,5,5,5,5,5,5,5,5,2,2,,30.0,4.0,,,,,3.0,4.0,2.0,,5.0,,,2.0,1.0,,,,,4.0,4.0,5.0,,,,,16.0,,2.0,,6.0,,,2.0,5.0,,1.0,1.0,1.0,1.0,1.0,1.0,1.0,1.0,1.0,1.0,,,,,,,6,3,2,2,2,5,6,6,3,1,62.0,55.0,60.0,70.0,75.0,68.0,80.0,65.0,40.0,45.0,2,1,2,2,2,1,1,1,2,2,1,1,2,2,1,2,2,1,1,2,1,1,1,2,2,2,1,2,2,2,1,2,2,2,1,2,1,2,2,2
1214,2,4,3,2,3,2,4,2,4,2,,30.0,1.0,,3.0,3.0,6.0,,,,,5.0,1.0,50.0,,1.0,,,,,2.0,4.0,5.0,,,,20.0,,,2.0,5.0,,,1.0,,,4.0,1.0,1.0,1.0,1.0,1.0,1.0,1.0,1.0,1.0,1.0,,,,,,,6,3,2,2,2,5,6,6,3,2,40.0,35.0,30.0,35.0,40.0,30.0,45.0,25.0,50.0,30.0,2,2,2,1,2,2,2,1,1,2,2,1,2,2,2,1,2,1,2,1,1,2,2,1,1,1,1,2,1,1,2,1,2,1,1,1,1,2,1,2
1841,5,5,5,5,5,5,5,5,2,2,,30.0,4.0,,,,,4.0,5.0,3.0,,5.0,1.0,50.0,,1.0,,,,,,,,1.0,4.0,4.0,,18.0,,2.0,,7.0,,,1.0,4.0,,,,,,,,,,,,1.0,1.0,1.0,1.0,1.0,1.0,6,3,3,3,2,5,6,5,3,2,60.0,55.0,60.0,70.0,75.0,65.0,80.0,60.0,40.0,45.0,2,1,1,2,2,2,2,1,1,2,2,1,2,1,2,1,1,2,2,1,1,1,2,2,1,1,2,2,1,1,1,1,2,2,2,1,2,1,1,1
1932,3,4,3,2,3,2,4,2,4,3,70.0,,,1.0,,,,3.0,4.0,4.0,,5.0,,,2.0,1.0,,,,,2.0,4.0,4.0,,,,20.0,,,2.0,,,3.0,,1.0,,4.0,1.0,1.0,1.0,1.0,1.0,1.0,1.0,1.0,1.0,1.0,,,,,,,6,3,4,4,3,5,6,6,3,2,55.0,45.0,40.0,35.0,40.0,35.0,50.0,30.0,60.0,30.0,2,1,2,2,2,2,2,1,1,2,2,2,1,1,2,2,2,2,2,2,1,1,1,2,1,2,1,1,2,2,2,1,2,2,1,2,1,2,1,2
540,4,4,4,4,4,4,4,4,2,2,,30.0,,1.0,3.0,3.0,5.0,,,,,5.0,,,2.0,,2.0,,,,3.0,4.0,5.0,,,,,18.0,1.0,,,,3.0,,2.0,4.0,,1.0,1.0,1.0,1.0,1.0,1.0,1.0,1.0,1.0,1.0,,,,,,,6,3,3,3,3,5,6,6,3,1,55.0,50.0,50.0,60.0,60.0,60.0,65.0,55.0,45.0,40.0,1,2,2,2,2,1,2,2,2,1,2,2,2,1,2,1,1,2,1,2,2,2,1,2,2,2,1,2,1,2,2,1,2,2,2,2,1,1,2,1
433,4,4,4,4,4,4,5,4,2,2,70.0,,,1.0,,,,4.0,4.0,3.0,,5.0,1.0,54.0,,1.0,,,,,2.0,4.0,5.0,,,,,16.0,1.0,,,6.0,,,2.0,4.0,,1.0,1.0,1.0,1.0,1.0,1.0,1.0,1.0,1.0,1.0,,,,,,,6,3,4,4,2,5,6,6,3,2,60.0,55.0,60.0,65.0,65.0,60.0,70.0,60.0,50.0,45.0,1,1,1,2,1,2,1,1,2,1,2,2,1,1,2,2,2,1,2,1,1,2,1,2,1,1,1,1,1,1,2,2,2,1,2,1,1,1,2,1
1140,4,4,4,4,4,4,5,4,2,2,70.0,,4.0,,,,,4.0,4.0,3.0,5.0,,,,2.0,1.0,,3.0,4.0,5.0,,,,,,,,18.0,1.0,,6.0,,,,1.0,,4.0,1.0,1.0,1.0,1.0,1.0,1.0,1.0,1.0,1.0,1.0,,,,,,,6,3,3,3,2,5,6,6,3,2,62.0,55.0,60.0,65.0,68.0,60.0,75.0,55.0,50.0,45.0,1,1,2,2,1,1,2,2,2,2,2,1,1,2,2,1,2,2,1,1,1,2,2,1,2,1,2,1,2,1,1,1,2,2,2,1,1,1,2,1
1033,5,5,5,5,5,5,5,5,2,2,,30.0,4.0,,3.0,4.0,6.0,,,,5.0,,,,2.0,1.0,,,,,1.0,5.0,6.0,,,,,,1.0,,,,2.0,1.0,,5.0,,,,,,,,,,,,1.0,1.0,1.0,1.0,1.0,1.0,6,2,4,3,2,5,6,5,3,2,65.0,60.0,60.0,70.0,75.0,65.0,80.0,60.0,55.0,50.0,1,2,1,2,1,2,2,2,2,2,2,1,2,2,1,1,2,2,2,2,2,1,1,1,1,2,2,1,1,1,2,2,2,2,1,2,1,1,2,2
1834,4,4,4,4,5,4,5,4,2,2,,30.0,,1.0,3.0,3.0,5.0,,,,5.0,,,,2.0,1.0,,,,,2.0,4.0,5.0,,,,,16.0,1.0,,4.0,,,,1.0,4.0,,1.0,1.0,1.0,1.0,1.0,1.0,1.0,1.0,1.0,1.0,,,,,,,6,3,4,3,3,5,6,5,3,2,60.0,55.0,60.0,65.0,70.0,60.0,75.0,60.0,45.0,40.0,2,2,2,1,2,1,1,2,2,1,1,1,2,1,2,1,2,1,2,2,2,1,1,2,2,2,2,1,1,1,1,2,1,1,2,1,1,1,2,2
1947,3,4,3,4,4,4,4,3,2,2,,30.0,4.0,,,,,3.0,4.0,5.0,5.0,,,,2.0,,2.0,3.0,4.0,4.0,,,,,,,20.0,,1.0,,,6.0,,1.0,,,4.0,1.0,1.0,1.0,1.0,1.0,1.0,1.0,1.0,1.0,1.0,,,,,,,6,2,3,3,3,5,6,6,3,2,60.0,55.0,50.0,60.0,60.0,55.0,65.0,50.0,45.0,40.0,2,2,1,1,1,2,1,2,2,1,1,2,2,1,1,2,2,1,2,1,1,2,2,2,1,1,1,1,2,2,2,2,2,1,2,1,2,1,2,2
2029,5,5,5,5,5,5,5,5,2,2,70.0,,,1.0,3.0,3.0,6.0,,,,,5.0,,,2.0,1.0,,2.0,4.0,4.0,,,,,,,20.0,,,2.0,4.0,,,,2.0,,5.0,1.0,1.0,1.0,1.0,1.0,1.0,1.0,1.0,1.0,1.0,,,,,,,6,2,2,2,3,5,6,6,3,2,65.0,60.0,60.0,70.0,70.0,65.0,80.0,60.0,40.0,40.0,1,2,2,1,2,2,1,2,2,1,2,1,1,1,2,2,2,2,1,2,2,1,2,1,1,1,1,1,2,1,2,2,2,2,1,1,2,2,2,2
58,4,4,4,4,4,4,5,4,2,2,,30.0,4.0,,2.0,3.0,6.0,,,,5.0,,1.0,40.0,,1.0,,,,,1.0,4.0,5.0,,,,,,1.0,,5.0,,,1.0,,4.0,,1.0,1.0,1.0,1.0,1.0,1.0,1.0,1.0,1.0,1.0,,,,,,,6,3,4,4,3,5,6,6,3,2,60.0,55.0,60.0,65.0,70.0,60.0,80.0,55.0,40.0,35.0,1,2,2,2,2,1,2,2,1,1,2,1,2,2,1,2,1,1,2,2,2,2,2,1,2,2,2,2,1,2,2,1,1,1,1,1,2,2,2,2
535,5,5,5,5,5,5,5,5,1,1,,30.0,,1.0,,,,4.0,4.0,3.0,5.0,,,,2.0,1.0,,2.0,5.0,6.0,,,,,,,,,2.0,,,7.0,,,2.0,,5.0,,,,,,,,,,,1.0,1.0,1.0,1.0,1.0,1.0,7,2,2,2,2,6,7,7,3,1,60.0,55.0,60.0,70.0,75.0,70.0,80.0,65.0,40.0,35.0,1,2,1,2,2,1,1,1,1,1,2,2,1,1,1,2,2,2,1,2,2,2,2,1,2,1,2,1,2,1,1,2,2,1,1,2,2,2,1,1
446,4,4,4,4,4,4,5,4,2,2,,30.0,,1.0,3.0,4.0,6.0,,,,5.0,,,,2.0,,2.0,,,,2.0,4.0,5.0,,,,,,1.0,,,6.0,,1.0,,,5.0,1.0,1.0,1.0,1.0,1.0,1.0,1.0,1.0,1.0,1.0,,,,,,,6,3,2,2,3,5,6,6,3,2,60.0,55.0,60.0,65.0,70.0,60.0,75.0,60.0,40.0,35.0,1,2,2,2,1,2,2,1,2,2,2,2,2,1,2,2,2,2,2,2,2,2,2,1,1,1,2,1,2,1,2,1,1,2,1,2,2,1,1,2
329,5,4,4,5,5,5,5,5,1,2,,30.0,4.0,,,,,3.0,4.0,2.0,5.0,,1.0,35.0,,1.0,,1.0,4.0,5.0,,,,,,,,,,2.0,4.0,,,1.0,,4.0,,1.0,1.0,1.0,1.0,1.0,1.0,1.0,1.0,1.0,1.0,,,,,,,6,3,2,2,3,4,6,6,3,2,60.0,55.0,50.0,65.0,70.0,60.0,75.0,60.0,40.0,35.0,2,2,2,2,2,1,1,2,1,1,2,1,2,1,2,1,2,1,2,2,2,2,1,1,2,1,1,1,1,1,2,1,1,2,2,1,2,2,2,1
1135,2,3,2,2,2,2,2,2,5,4,70.0,,,1.0,,,,3.0,4.0,3.0,5.0,,,,2.0,1.0,,1.0,2.0,2.0,,,,,,,,,2.0,,1.0,,,1.0,,,2.0,1.0,1.0,1.0,1.0,1.0,1.0,1.0,1.0,1.0,1.0,,,,,,,6,2,2,2,2,4,6,6,1,1,30.0,25.0,25.0,20.0,20.0,15.0,20.0,10.0,60.0,40.0,2,2,2,2,1,1,2,1,2,2,1,2,2,2,2,1,2,2,2,2,1,1,2,1,2,2,2,2,2,2,2,1,2,2,2,1,1,1,1,2
1046,2,3,2,2,3,2,4,2,4,2,,30.0,1.0,,,,,4.0,3.0,3.0,5.0,,1.0,30.0,,1.0,,,,,2.0,4.0,5.0,,,,,,,2.0,5.0,,,,1.0,,4.0,1.0,1.0,1.0,1.0,1.0,1.0,1.0,1.0,1.0,1.0,,,,,,,6,3,2,2,2,5,6,6,3,2,40.0,35.0,30.0,30.0,35.0,25.0,40.0,30.0,50.0,30.0,2,2,2,2,2,1,2,1,1,1,2,2,2,1,2,2,1,1,2,2,1,2,1,2,1,2,2,1,2,1,2,1,1,1,1,1,2,2,1,1
1729,5,4,5,5,5,5,5,5,2,2,70.0,,4.0,,3.0,4.0,6.0,,,,,6.0,1.0,54.0,,1.0,,,,,,,,2.0,5.0,6.0,,,1.0,,,8.0,,2.0,,5.0,,,,,,,,,,,,1.0,1.0,1.0,1.0,1.0,1.0,6,3,4,3,3,5,6,5,3,2,62.0,55.0,60.0,68.0,70.0,65.0,75.0,60.0,50.0,45.0,1,2,1,2,2,2,1,2,1,1,2,2,1,1,2,2,2,2,1,2,2,2,1,1,2,1,2,2,2,1,1,1,2,1,2,1,2,2,2,1
1986,2,3,2,2,2,2,2,2,4,3,,30.0,,1.0,3.0,4.0,6.0,,,,,5.0,,,2.0,,2.0,,,,,,,1.0,2.0,4.0,,,2.0,,,,2.0,,1.0,3.0,,1.0,1.0,1.0,1.0,1.0,1.0,1.0,1.0,1.0,1.0,,,,,,,6,3,2,2,2,4,6,6,2,1,40.0,35.0,35.0,30.0,30.0,30.0,30.0,25.0,50.0,30.0,1,2,1,2,1,2,2,1,1,2,1,2,2,2,1,1,2,2,1,1,1,2,1,2,1,1,1,2,1,2,2,2,1,2,2,2,2,2,2,2
99,4,4,4,4,4,4,4,4,2,2,70.0,,4.0,,3.0,4.0,6.0,,,,,5.0,,,2.0,1.0,,,,,,,,1.0,4.0,4.0,,20.0,,2.0,3.0,,,1.0,,4.0,,1.0,1.0,1.0,1.0,1.0,1.0,1.0,1.0,1.0,1.0,,,,,,,6,3,2,2,2,4,6,6,3,1,55.0,50.0,50.0,60.0,60.0,55.0,65.0,50.0,45.0,40.0,1,2,1,2,2,1,2,2,1,2,2,2,2,1,2,2,2,2,1,1,2,2,2,1,1,2,1,1,1,2,1,2,2,2,1,2,1,1,1,1
712,2,3,2,2,2,2,2,2,1,3,,30.0,,1.0,3.0,4.0,6.0,,,,3.0,,1.0,30.0,,1.0,,,,,,,,1.0,2.0,3.0,,,2.0,,3.0,,,,1.0,,3.0,,,,,,,,,,,1.0,1.0,1.0,1.0,1.0,1.0,6,2,2,2,2,5,6,6,1,2,40.0,30.0,30.0,30.0,30.0,30.0,30.0,30.0,30.0,30.0,2,1,2,2,1,2,1,2,2,1,2,2,2,2,1,1,2,2,2,1,2,2,2,1,1,2,2,2,2,2,2,1,2,1,2,2,2,1,1,1
661,5,5,5,5,5,5,5,5,1,1,70.0,,,1.0,,,,3.0,4.0,4.0,,5.0,1.0,40.0,,1.0,,1.0,4.0,4.0,,,,,,,,,,2.0,4.0,,,,1.0,,5.0,,,,,,,,,,,1.0,1.0,1.0,1.0,1.0,1.0,6,3,3,3,2,5,6,6,3,2,60.0,55.0,60.0,70.0,70.0,65.0,80.0,60.0,30.0,30.0,1,1,2,2,1,2,2,1,1,2,2,1,2,2,1,1,2,2,2,1,2,2,2,1,2,1,2,1,2,2,2,1,2,1,2,1,2,1,1,1
487,2,4,3,2,3,3,4,2,4,3,,30.0,,1.0,,,,3.0,4.0,2.0,3.0,,,,2.0,,2.0,,,,,,,1.0,2.0,4.0,,,,2.0,3.0,,,,1.0,,3.0,,,,,,,,,,,1.0,1.0,1.0,1.0,1.0,1.0,6,3,2,3,3,5,6,5,2,2,40.0,35.0,30.0,30.0,30.0,25.0,35.0,20.0,40.0,25.0,1,2,2,2,2,2,1,2,2,1,2,1,2,2,1,2,2,1,2,2,1,2,2,1,2,2,2,1,1,1,1,2,2,2,2,2,2,2,1,2
1312,4,4,4,5,5,5,5,4,2,2,70.0,,3.0,,,,,4.0,3.0,3.0,,5.0,1.0,54.0,,,2.0,,,,,,,2.0,4.0,5.0,,18.0,1.0,,4.0,,,,1.0,4.0,,1.0,1.0,1.0,1.0,1.0,1.0,1.0,1.0,1.0,1.0,,,,,,,6,3,2,2,2,5,6,6,3,2,60.0,55.0,60.0,70.0,75.0,65.0,80.0,60.0,40.0,35.0,2,1,2,2,2,2,2,1,1,1,1,2,2,1,1,1,2,1,2,1,2,1,2,1,2,1,2,2,1,1,2,1,2,2,1,1,2,2,1,1
1261,4,3,4,2,3,2,5,2,4,2,,30.0,,2.0,3.0,4.0,6.0,,,,5.0,,1.0,54.0,,,2.0,1.0,4.0,5.0,,,,,,,,,,2.0,6.0,,,1.0,,,4.0,1.0,1.0,1.0,1.0,1.0,1.0,1.0,1.0,1.0,1.0,,,,,,,6,3,2,3,3,5,6,6,3,1,55.0,40.0,50.0,45.0,50.0,40.0,60.0,45.0,55.0,35.0,2,2,2,1,2,1,2,1,2,2,1,2,2,1,2,1,2,1,1,2,1,1,1,2,1,2,1,1,2,2,2,2,1,2,1,2,2,1,1,1
1087,4,4,4,5,5,5,5,5,2,2,,30.0,4.0,,3.0,4.0,6.0,,,,5.0,,1.0,50.0,,1.0,,,,,3.0,4.0,5.0,,,,,18.0,,2.0,4.0,,,1.0,,4.0,,,,,,,,,,,,1.0,1.0,1.0,1.0,1.0,1.0,6,3,4,3,3,5,6,5,3,2,60.0,55.0,60.0,70.0,70.0,65.0,80.0,65.0,40.0,35.0,2,2,1,1,2,1,1,2,2,2,2,2,2,1,1,1,1,1,2,2,2,1,1,1,2,2,2,1,2,2,1,1,2,2,2,1,1,2,2,1
2018,4,4,4,4,4,4,5,4,2,2,,30.0,,1.0,,,,3.0,4.0,2.0,5.0,,,,2.0,,2.0,1.0,4.0,4.0,,,,,,,18.0,,,2.0,,,3.0,,2.0,4.0,,1.0,1.0,1.0,1.0,1.0,1.0,1.0,1.0,1.0,1.0,,,,,,,6,2,3,3,2,5,6,6,3,1,55.0,48.0,52.0,60.0,62.0,58.0,65.0,50.0,40.0,38.0,2,2,1,1,2,2,1,1,1,1,2,2,1,1,2,2,2,2,2,2,2,1,1,2,1,2,1,2,1,1,2,2,2,1,1,2,2,1,2,2
69,2,3,2,2,2,2,2,2,1,2,,30.0,,1.0,2.0,3.0,5.0,,,,,5.0,1.0,30.0,,,2.0,,,,2.0,2.0,2.0,,,,,,2.0,,3.0,,,1.0,,,2.0,1.0,1.0,1.0,1.0,1.0,1.0,1.0,1.0,1.0,1.0,,,,,,,6,2,2,2,2,4,6,6,3,2,30.0,25.0,30.0,30.0,30.0,25.0,30.0,25.0,40.0,30.0,2,2,2,2,2,2,2,2,2,2,2,2,2,2,2,2,2,2,2,2,2,2,2,2,2,2,2,2,2,2,2,2,2,2,2,2,2,2,2,2
1805,4,4,4,4,4,4,4,4,2,2,70.0,,4.0,,3.0,4.0,6.0,,,,5.0,,1.0,40.0,,,2.0,,,,,,,2.0,4.0,5.0,,18.0,1.0,,5.0,,,,1.0,,4.0,,,,,,,,,,,1.0,1.0,1.0,1.0,1.0,1.0,6,3,3,3,3,5,6,5,3,2,60.0,55.0,60.0,65.0,65.0,60.0,70.0,55.0,50.0,45.0,2,1,1,2,1,1,2,2,1,2,1,1,2,2,1,1,2,2,1,1,2,1,1,2,2,1,2,2,2,2,2,1,2,1,2,1,1,1,2,2
1976,2,4,3,2,3,3,4,2,4,3,70.0,,,1.0,,,,3.0,4.0,2.0,5.0,,1.0,30.0,,,2.0,,,,,,,2.0,4.0,5.0,18.0,,,2.0,,6.0,,,1.0,4.0,,1.0,1.0,1.0,1.0,1.0,1.0,1.0,1.0,1.0,1.0,,,,,,,6,3,2,2,2,5,6,5,3,1,45.0,38.0,40.0,35.0,40.0,35.0,50.0,30.0,55.0,30.0,2,1,2,1,1,2,1,1,2,1,2,2,1,1,2,2,1,2,2,2,1,1,2,2,2,1,2,1,1,2,1,1,1,1,2,1,1,1,2,1
1104,2,3,2,2,3,2,4,2,4,3,,90.0,1.0,,2.0,4.0,6.0,,,,,5.0,1.0,25.0,,1.0,,,,,,,,1.0,4.0,4.0,,,,2.0,3.0,,,1.0,,3.0,,,,,,,,,,,,1.0,1.0,1.0,1.0,1.0,1.0,6,2,2,2,3,5,6,6,1,1,30.0,25.0,20.0,25.0,30.0,20.0,35.0,15.0,40.0,20.0,1,2,1,2,2,1,2,2,2,1,1,1,1,2,1,2,1,2,2,2,1,2,1,2,1,1,1,1,1,2,2,1,2,1,1,2,2,1,2,1
1077,2,3,2,2,2,2,2,2,4,4,,30.0,,1.0,,,,3.0,4.0,2.0,,5.0,1.0,40.0,,,2.0,,,,1.0,2.0,4.0,,,,20.0,,1.0,,,7.0,,1.0,,3.0,,,,,,,,,,,,1.0,1.0,1.0,1.0,1.0,1.0,6,3,4,3,3,5,6,5,3,2,60.0,55.0,50.0,45.0,50.0,55.0,60.0,50.0,60.0,40.0,1,2,1,2,2,2,1,2,1,2,2,2,2,2,2,2,2,1,1,1,1,1,1,1,2,2,2,2,2,2,1,1,1,1,2,2,1,2,1,2
1291,5,5,5,5,5,5,5,5,2,2,,30.0,,1.0,,,,3.0,4.0,5.0,,5.0,1.0,54.0,,1.0,,2.0,4.0,4.0,,,,,,,20.0,,,2.0,,,3.0,,2.0,,4.0,1.0,1.0,1.0,1.0,1.0,1.0,1.0,1.0,1.0,1.0,,,,,,,6,3,2,2,2,5,6,6,3,2,60.0,55.0,60.0,70.0,70.0,65.0,80.0,60.0,40.0,35.0,1,2,2,2,1,2,2,1,1,2,2,2,2,2,2,2,2,1,2,1,2,1,1,2,1,2,2,2,2,1,1,2,2,2,2,2,2,2,1,1
1718,2,3,2,2,3,2,3,2,4,3,70.0,,1.0,,3.0,4.0,6.0,,,,,5.0,1.0,30.0,,,2.0,,,,,,,1.0,3.0,4.0,20.0,,,2.0,,6.0,,,1.0,,3.0,,,,,,,,,,,1.0,1.0,1.0,1.0,1.0,1.0,6,3,3,3,3,5,6,6,2,1,40.0,35.0,30.0,30.0,35.0,30.0,40.0,25.0,50.0,30.0,1,2,2,1,2,2,1,1,2,1,2,1,2,2,2,2,1,2,2,2,1,1,1,1,2,2,1,1,2,1,2,2,1,2,1,2,2,2,2,2
504,4,4,4,4,4,4,4,4,2,2,,30.0,4.0,,,,,3.0,4.0,2.0,5.0,,,,2.0,1.0,,,,,,,,1.0,4.0,4.0,,20.0,1.0,,5.0,,,1.0,,,4.0,1.0,1.0,1.0,1.0,1.0,1.0,1.0,1.0,1.0,1.0,,,,,,,6,3,2,2,2,4,6,6,3,2,55.0,48.0,52.0,60.0,62.0,50.0,65.0,58.0,40.0,38.0,2,1,2,2,1,1,1,2,2,1,2,2,2,1,1,2,1,1,2,2,2,2,2,1,2,1,2,2,2,1,2,2,2,2,2,1,2,1,2,2
477,2,2,2,1,2,2,2,2,1,2,,30.0,1.0,,,,,3.0,4.0,5.0,5.0,,,,2.0,,2.0,,,,1.0,2.0,2.0,,,,,,,2.0,3.0,,,1.0,,3.0,,,,,,,,,,,,1.0,1.0,1.0,1.0,1.0,1.0,6,2,2,2,2,5,6,6,2,2,30.0,25.0,25.0,20.0,25.0,20.0,25.0,20.0,40.0,40.0,1,1,1,1,1,1,1,2,2,1,2,1,2,1,1,2,2,1,1,1,2,1,2,1,2,2,1,1,1,1,1,1,1,2,1,1,2,1,2,2
691,5,4,5,5,5,5,5,5,2,2,,30.0,4.0,,,,,4.0,3.0,3.0,,5.0,,,2.0,1.0,,2.0,4.0,5.0,,,,,,,5.0,,,2.0,5.0,,,1.0,,4.0,,,,,,,,,,,,1.0,1.0,1.0,1.0,1.0,1.0,6,3,3,3,3,5,6,6,3,2,60.0,55.0,60.0,70.0,70.0,65.0,80.0,60.0,50.0,40.0,1,1,2,2,1,1,1,2,2,2,2,2,1,1,1,1,1,2,2,2,2,2,1,2,2,1,1,1,1,1,2,2,1,2,1,2,1,2,2,1
318,2,3,2,2,3,2,4,2,4,3,,30.0,,1.0,3.0,4.0,5.0,,,,,5.0,1.0,50.0,,,2.0,1.0,4.0,4.0,,,,,,,,,,2.0,,6.0,,1.0,,4.0,,1.0,1.0,1.0,1.0,1.0,1.0,1.0,1.0,1.0,1.0,,,,,,,6,2,2,2,3,5,6,6,3,2,40.0,35.0,30.0,30.0,35.0,25.0,40.0,30.0,50.0,30.0,1,1,1,1,1,2,2,1,1,2,1,2,2,2,1,2,2,2,2,2,1,2,2,1,1,2,2,1,2,1,2,2,1,1,2,1,1,2,1,2
1323,5,4,4,4,5,4,5,4,2,2,,30.0,,1.0,,,,4.0,3.0,2.0,,5.0,,,2.0,,2.0,1.0,4.0,5.0,,,,,,,20.0,,,2.0,,5.0,,,2.0,4.0,,,,,,,,,,,,1.0,1.0,1.0,1.0,1.0,1.0,6,3,4,3,3,5,6,5,3,2,62.0,54.0,58.0,66.0,70.0,60.0,75.0,55.0,48.0,44.0,1,2,2,2,2,1,1,1,2,2,1,2,1,2,1,1,2,1,2,1,2,2,2,2,1,1,2,1,1,2,1,1,1,1,1,2,1,2,2,2
1250,2,3,2,2,3,2,4,2,4,2,70.0,,1.0,,3.0,4.0,6.0,,,,,5.0,1.0,30.0,,1.0,,1.0,2.0,2.0,,,,,,,20.0,,,2.0,,7.0,,,1.0,,4.0,1.0,1.0,1.0,1.0,1.0,1.0,1.0,1.0,1.0,1.0,,,,,,,6,3,2,2,2,4,6,6,3,2,40.0,35.0,30.0,40.0,40.0,30.0,50.0,30.0,60.0,30.0,1,1,1,2,1,1,2,1,1,2,1,2,2,1,1,2,1,2,2,2,1,1,2,2,1,2,2,1,2,2,1,1,2,2,1,2,2,2,1,2
723,4,4,4,3,4,3,4,4,2,2,70.0,,,1.0,3.0,4.0,6.0,,,,5.0,,,,2.0,1.0,,2.0,4.0,4.0,,,,,,,,,1.0,,,,3.0,1.0,,,4.0,,,,,,,,,,,1.0,1.0,1.0,1.0,1.0,1.0,6,3,3,3,3,5,6,6,3,2,55.0,48.0,50.0,60.0,62.0,54.0,70.0,58.0,45.0,40.0,2,2,1,2,2,2,1,1,1,1,2,1,1,1,1,2,2,2,1,1,1,2,2,2,1,2,2,2,2,2,2,2,1,1,2,1,2,1,2,2
650,3,4,3,4,4,4,4,4,2,2,,30.0,4.0,,,,,3.0,4.0,5.0,,5.0,,,2.0,,2.0,2.0,4.0,4.0,,,,,,,,,,2.0,3.0,,,,1.0,4.0,,,,,,,,,,,,1.0,1.0,1.0,1.0,1.0,1.0,6,3,3,3,2,5,6,5,3,2,55.0,50.0,50.0,60.0,60.0,55.0,65.0,50.0,45.0,40.0,2,2,1,2,2,2,2,2,2,1,2,2,2,2,2,2,2,2,1,2,2,2,1,2,1,2,2,2,2,2,2,1,1,2,2,2,2,2,1,2
938,4,4,4,4,4,4,4,4,2,2,,30.0,,1.0,,,,4.0,4.0,3.0,5.0,,1.0,40.0,,,2.0,,,,2.0,4.0,4.0,,,,20.0,,,2.0,,,2.0,1.0,,4.0,,,,,,,,,,,,1.0,1.0,1.0,1.0,1.0,1.0,6,2,2,2,2,5,6,6,3,2,60.0,55.0,50.0,60.0,65.0,60.0,70.0,55.0,40.0,35.0,2,2,1,2,2,2,2,2,2,1,1,1,2,2,2,1,2,1,2,2,2,1,2,2,1,2,2,2,2,2,2,2,2,2,2,2,2,2,2,2
1439,5,5,5,5,5,5,5,5,2,2,70.0,,4.0,,,,,4.0,5.0,3.0,5.0,,1.0,50.0,,1.0,,,,,,,,4.0,5.0,6.0,,20.0,1.0,,5.0,,,,2.0,,5.0,1.0,1.0,1.0,1.0,1.0,1.0,1.0,1.0,1.0,1.0,,,,,,,6,3,2,2,2,5,6,6,4,2,65.0,60.0,60.0,75.0,80.0,70.0,85.0,60.0,30.0,35.0,1,1,2,1,1,1,1,1,2,2,1,2,1,1,1,1,1,1,2,1,2,2,1,1,2,2,2,1,1,1,1,2,1,2,1,1,2,2,1,2
1356,4,4,4,5,5,5,5,4,2,2,,30.0,4.0,,,,,4.0,4.0,3.0,,5.0,1.0,45.0,,,2.0,1.0,4.0,4.0,,,,,,,,18.0,,2.0,,,3.0,,2.0,,4.0,,,,,,,,,,,1.0,1.0,1.0,1.0,1.0,1.0,6,3,3,3,3,4,6,5,3,2,62.0,55.0,60.0,68.0,70.0,65.0,75.0,60.0,40.0,38.0,2,2,1,1,2,2,2,2,2,2,2,1,2,1,2,2,2,1,2,2,1,2,1,2,2,2,1,2,1,2,1,2,1,2,1,2,2,1,2,1
1225,2,2,2,1,2,2,2,2,1,2,,30.0,1.0,,,,,3.0,4.0,2.0,,5.0,1.0,30.0,,1.0,,1.0,2.0,2.0,,,,,,,,,2.0,,3.0,,,,1.0,1.0,,1.0,1.0,1.0,1.0,1.0,1.0,1.0,1.0,1.0,1.0,,,,,,,6,2,2,2,2,5,6,6,1,1,30.0,25.0,25.0,20.0,25.0,20.0,25.0,20.0,40.0,40.0,2,2,2,2,2,2,2,2,2,2,2,2,2,2,2,2,2,2,2,2,2,2,2,2,2,2,2,2,2,2,2,2,2,2,2,2,2,2,2,2
756,2,3,2,2,2,2,2,2,1,1,,30.0,1.0,,2.0,3.0,5.0,,,,,5.0,,,2.0,,2.0,,,,1.0,2.0,3.0,,,,20.0,,,2.0,,7.0,,1.0,,,2.0,,,,,,,,,,,1.0,1.0,1.0,1.0,1.0,1.0,6,2,2,2,2,5,6,6,2,2,30.0,25.0,25.0,25.0,25.0,25.0,25.0,20.0,40.0,20.0,2,2,2,1,2,2,1,2,1,1,1,2,2,2,2,2,2,1,1,1,2,2,2,2,1,2,1,2,2,1,2,2,2,2,2,2,2,2,2,2
625,4,4,4,4,4,4,5,4,2,2,70.0,,4.0,,3.0,4.0,6.0,,,,,5.0,1.0,54.0,,1.0,,2.0,4.0,5.0,,,,,,,,,,2.0,,,3.0,,2.0,4.0,,,,,,,,,,,,1.0,1.0,1.0,1.0,1.0,1.0,6,3,4,3,3,5,6,5,3,2,55.0,48.0,52.0,60.0,62.0,58.0,65.0,50.0,40.0,38.0,1,1,1,2,2,2,1,1,2,2,1,1,2,2,2,1,1,2,2,2,2,2,2,2,1,2,1,2,2,2,2,1,2,2,1,1,1,1,2,1
1870,3,3,3,3,3,3,3,3,3,3,70.0,,4.0,,3.0,3.0,5.0,,,,3.0,,,,2.0,,2.0,3.0,3.0,4.0,,,,,,,20.0,,,2.0,3.0,,,,1.0,3.0,,1.0,1.0,1.0,1.0,1.0,1.0,1.0,1.0,1.0,1.0,,,,,,,6,3,2,2,2,5,6,6,3,1,40.0,35.0,30.0,40.0,40.0,30.0,40.0,30.0,40.0,30.0,1,2,1,2,1,1,1,2,2,1,2,2,2,2,1,2,1,2,1,1,1,1,1,2,2,1,2,2,2,2,1,2,1,2,1,2,1,2,2,1
1903,4,4,4,4,4,4,5,4,2,2,,30.0,4.0,,,,,3.0,4.0,3.0,,5.0,1.0,54.0,,,2.0,1.0,4.0,5.0,,,,,,,,,1.0,,4.0,,,1.0,,4.0,,1.0,1.0,1.0,1.0,1.0,1.0,1.0,1.0,1.0,1.0,,,,,,,6,3,4,3,2,5,6,5,3,2,60.0,55.0,60.0,65.0,70.0,60.0,75.0,60.0,50.0,45.0,2,2,1,1,2,2,2,2,1,2,2,2,2,2,2,2,2,1,2,2,2,1,2,1,2,1,2,2,2,2,2,1,2,1,1,1,2,2,2,1
1397,4,4,4,4,4,4,5,4,2,2,70.0,,,1.0,3.0,4.0,6.0,,,,,5.0,,,2.0,1.0,,,,,2.0,4.0,4.0,,,,,,1.0,,,6.0,,,1.0,4.0,,,,,,,,,,,,1.0,1.0,1.0,1.0,1.0,1.0,6,3,3,3,2,5,6,6,3,2,60.0,55.0,60.0,65.0,65.0,60.0,70.0,60.0,40.0,35.0,1,2,1,2,1,2,2,1,1,1,2,2,1,2,1,1,1,2,2,1,2,2,1,2,1,1,2,1,2,1,1,2,2,2,2,2,1,1,1,2
1171,4,4,4,4,4,4,5,4,2,2,,30.0,4.0,,,,,3.0,4.0,3.0,,5.0,1.0,30.0,,1.0,,,,,2.0,4.0,4.0,,,,,,,2.0,,6.0,,1.0,,,4.0,1.0,1.0,1.0,1.0,1.0,1.0,1.0,1.0,1.0,1.0,,,,,,,6,3,2,2,3,5,6,6,3,2,60.0,55.0,60.0,65.0,65.0,60.0,70.0,60.0,50.0,45.0,2,2,1,1,2,2,2,2,1,2,2,1,1,2,2,2,2,2,2,2,1,1,2,1,1,2,2,1,2,2,2,2,1,2,2,2,2,2,1,2
1002,2,3,2,2,2,2,2,2,4,4,,30.0,,1.0,,,,3.0,4.0,5.0,,5.0,,,2.0,1.0,,1.0,3.0,3.0,,,,,,,,,2.0,,,,1.0,1.0,,3.0,,,,,,,,,,,,1.0,1.0,1.0,1.0,1.0,1.0,6,2,3,3,3,5,6,6,2,1,40.0,35.0,30.0,25.0,30.0,25.0,30.0,20.0,40.0,35.0,1,2,1,1,1,2,1,2,1,2,1,1,2,2,1,1,1,2,2,1,1,1,2,1,2,2,1,2,2,2,1,2,2,1,1,2,2,2,1,2
797,5,5,5,5,5,5,5,5,1,1,,30.0,,1.0,3.0,3.0,6.0,,,,,5.0,1.0,50.0,,1.0,,1.0,5.0,6.0,,,,,,,,,1.0,,,9.0,,,2.0,5.0,,1.0,1.0,1.0,1.0,1.0,1.0,1.0,1.0,1.0,1.0,,,,,,,6,2,2,2,2,5,6,6,3,1,60.0,55.0,60.0,70.0,70.0,65.0,80.0,60.0,40.0,35.0,1,1,1,2,2,1,2,2,1,1,2,1,2,1,1,2,2,2,2,2,2,2,2,2,2,2,1,2,2,1,2,1,2,2,2,2,2,2,1,2
571,4,4,4,4,4,4,4,4,2,2,70.0,,4.0,,2.0,3.0,5.0,,,,5.0,,1.0,40.0,,1.0,,2.0,4.0,4.0,,,,,,,,,1.0,,,7.0,,,1.0,,4.0,,,,,,,,,,,1.0,1.0,1.0,1.0,1.0,1.0,6,2,3,3,3,5,6,6,3,2,60.0,55.0,50.0,60.0,65.0,55.0,70.0,60.0,40.0,35.0,2,2,1,2,2,2,2,2,2,2,2,1,2,2,2,2,1,2,2,2,1,2,2,1,2,1,2,1,2,1,2,2,2,1,1,1,2,1,1,2
402,2,4,3,2,3,2,4,2,4,3,,30.0,1.0,,,,,3.0,4.0,2.0,,5.0,,,2.0,1.0,,,,,2.0,4.0,4.0,,,,,5.0,1.0,,,6.0,,1.0,,,4.0,,,,,,,,,,,1.0,1.0,1.0,1.0,1.0,1.0,6,3,2,2,2,4,6,6,3,2,55.0,48.0,52.0,45.0,50.0,40.0,60.0,38.0,65.0,35.0,2,1,2,2,2,2,1,2,2,1,2,1,1,2,2,2,2,2,1,2,1,2,2,1,2,1,2,1,1,1,2,2,1,2,1,1,1,2,1,2
1540,2,3,2,2,3,2,4,2,4,3,,30.0,1.0,,3.0,4.0,6.0,,,,,5.0,1.0,30.0,,1.0,,1.0,3.0,4.0,,,,,,,,,2.0,,,7.0,,1.0,,,3.0,1.0,1.0,1.0,1.0,1.0,1.0,1.0,1.0,1.0,1.0,,,,,,,6,3,4,4,3,4,6,6,3,2,50.0,40.0,45.0,40.0,45.0,35.0,60.0,40.0,55.0,40.0,1,1,2,2,1,1,2,1,1,1,2,2,2,1,2,1,1,2,1,2,1,2,2,1,2,1,1,2,1,2,2,1,1,1,1,1,2,1,2,2
1433,4,4,4,3,4,4,5,4,2,2,70.0,,,1.0,,,,3.0,4.0,4.0,5.0,,1.0,40.0,,,2.0,,,,2.0,4.0,5.0,,,,,18.0,,2.0,4.0,,,,1.0,,4.0,,,,,,,,,,,1.0,1.0,1.0,1.0,1.0,1.0,6,3,4,3,3,5,6,6,3,2,60.0,55.0,50.0,60.0,65.0,60.0,70.0,55.0,40.0,35.0,1,1,2,1,2,2,2,1,2,1,2,2,1,1,2,1,1,1,2,1,2,2,1,2,1,2,2,1,1,1,1,1,2,1,1,2,2,1,2,1
140,2,3,2,2,2,2,4,2,4,3,,30.0,,2.0,3.0,4.0,6.0,,,,,5.0,1.0,54.0,,1.0,,,,,,,,1.0,4.0,5.0,,,1.0,,,,3.0,1.0,,,4.0,1.0,1.0,1.0,1.0,1.0,1.0,1.0,1.0,1.0,1.0,,,,,,,6,3,4,4,2,5,6,5,3,2,45.0,38.0,40.0,35.0,40.0,35.0,50.0,40.0,55.0,30.0,1,2,2,2,2,1,1,2,2,1,2,1,2,1,1,2,1,2,1,1,2,1,1,1,1,2,2,2,2,2,2,1,1,1,2,1,1,1,2,2
841,2,4,3,3,4,3,5,4,2,2,,30.0,1.0,,,,,4.0,3.0,5.0,,5.0,,,2.0,1.0,,,,,2.0,4.0,5.0,,,,18.0,,,2.0,,6.0,,,1.0,,4.0,1.0,1.0,1.0,1.0,1.0,1.0,1.0,1.0,1.0,1.0,,,,,,,6,3,2,2,2,5,6,6,3,2,40.0,35.0,30.0,45.0,50.0,40.0,60.0,35.0,55.0,30.0,2,1,2,1,1,2,2,1,1,2,1,1,2,1,2,2,1,1,2,2,1,1,1,2,1,2,2,2,1,1,1,1,1,2,1,2,2,1,1,2
932,4,4,4,5,5,5,5,4,2,2,70.0,,4.0,,3.0,4.0,6.0,,,,,5.0,1.0,54.0,,,2.0,2.0,4.0,4.0,,,,,,,18.0,,1.0,,,6.0,,,2.0,4.0,,1.0,1.0,1.0,1.0,1.0,1.0,1.0,1.0,1.0,1.0,,,,,,,6,3,4,3,2,5,6,6,3,2,62.0,55.0,60.0,70.0,68.0,65.0,75.0,60.0,40.0,45.0,2,2,1,2,1,1,1,2,1,2,1,2,2,1,1,2,1,1,1,1,2,1,1,2,2,1,2,1,2,2,2,1,1,1,2,1,1,1,2,1
1767,3,4,3,2,3,2,4,3,4,2,,70.0,4.0,,3.0,4.0,6.0,,,,5.0,,,,2.0,,2.0,,,,2.0,4.0,4.0,,,,,16.0,,2.0,,,2.0,1.0,,,3.0,1.0,1.0,1.0,1.0,1.0,1.0,1.0,1.0,1.0,1.0,,,,,,,6,3,2,2,3,5,6,6,2,2,60.0,55.0,50.0,45.0,50.0,40.0,60.0,45.0,55.0,35.0,2,2,1,2,1,2,2,2,1,1,2,2,2,2,1,2,2,1,2,1,2,2,2,2,1,2,1,2,2,2,1,2,2,1,1,2,1,1,2,1
1614,2,3,2,2,3,2,4,2,4,3,,90.0,3.0,,,,,4.0,5.0,3.0,,5.0,,,2.0,1.0,,2.0,3.0,4.0,,,,,,,18.0,,,2.0,,,3.0,1.0,,,4.0,1.0,1.0,1.0,1.0,1.0,1.0,1.0,1.0,1.0,1.0,,,,,,,6,3,4,3,2,4,6,5,3,2,55.0,48.0,50.0,45.0,55.0,40.0,60.0,50.0,60.0,45.0,2,2,2,1,2,2,2,2,2,2,2,1,2,2,2,1,1,2,1,1,1,2,1,2,1,2,2,2,2,1,1,2,1,2,2,2,2,1,2,2
1581,4,4,4,4,4,4,4,4,2,2,70.0,,4.0,,,,,3.0,4.0,5.0,,5.0,,,2.0,,2.0,,,,,,,2.0,4.0,5.0,20.0,,,2.0,,6.0,,,1.0,,4.0,1.0,1.0,1.0,1.0,1.0,1.0,1.0,1.0,1.0,1.0,,,,,,,6,3,2,2,2,5,6,6,3,1,60.0,55.0,60.0,65.0,65.0,60.0,70.0,60.0,55.0,50.0,2,2,2,1,2,1,2,2,1,2,1,2,2,1,2,2,2,2,1,2,2,2,2,1,1,2,2,1,1,1,1,2,2,1,1,1,2,1,2,1
1008,4,4,4,3,4,3,4,4,2,2,70.0,,,1.0,3.0,4.0,6.0,,,,,5.0,,,2.0,1.0,,,,,,,,2.0,4.0,4.0,,,,2.0,,,3.0,1.0,,,4.0,,,,,,,,,,,1.0,1.0,1.0,1.0,1.0,1.0,6,3,4,4,3,5,6,6,3,2,60.0,55.0,50.0,55.0,60.0,55.0,65.0,60.0,45.0,40.0,2,2,1,1,2,1,2,2,2,1,2,1,1,2,1,2,1,2,1,2,2,2,1,1,2,2,1,2,2,2,2,2,2,2,2,2,2,2,1,1
367,4,4,4,4,4,4,5,4,2,2,,30.0,3.0,,3.0,4.0,6.0,,,,5.0,,,,2.0,,2.0,2.0,4.0,5.0,,,,,,,,,,2.0,,5.0,,1.0,,4.0,,1.0,1.0,1.0,1.0,1.0,1.0,1.0,1.0,1.0,1.0,,,,,,,6,3,4,4,2,5,6,6,3,2,62.0,55.0,60.0,65.0,68.0,60.0,70.0,58.0,55.0,50.0,1,1,2,2,1,2,1,1,1,1,1,2,1,2,2,1,1,1,2,2,1,2,1,2,2,2,2,2,2,2,1,2,2,2,1,1,2,2,1,2
214,4,4,4,2,3,3,4,3,4,3,70.0,,4.0,,3.0,3.0,5.0,,,,,5.0,,,2.0,,2.0,2.0,4.0,4.0,,,,,,,,,,2.0,5.0,,,,1.0,,4.0,,,,,,,,,,,1.0,1.0,1.0,1.0,1.0,1.0,6,3,4,4,2,5,6,6,3,2,55.0,48.0,51.0,44.0,47.0,41.0,53.0,39.0,57.0,36.0,2,2,1,2,2,1,2,2,2,1,2,2,2,2,2,1,2,1,1,2,2,2,1,2,1,1,2,1,2,2,2,1,1,2,2,1,2,2,1,2
181,4,4,4,5,5,5,5,5,2,2,,30.0,,2.0,3.0,4.0,5.0,,,,,5.0,,,2.0,1.0,,,,,,,,1.0,4.0,5.0,,,1.0,,,,2.0,1.0,,4.0,,,,,,,,,,,,1.0,1.0,1.0,1.0,1.0,1.0,6,3,3,3,3,5,6,6,3,2,60.0,55.0,50.0,65.0,70.0,65.0,75.0,60.0,40.0,35.0,2,2,2,1,2,2,2,1,2,2,2,2,2,2,1,2,2,2,1,2,2,1,2,1,2,2,2,2,1,2,1,2,2,2,1,1,1,2,2,2
408,5,5,5,5,5,5,5,5,2,2,,30.0,4.0,,3.0,4.0,6.0,,,,,5.0,1.0,54.0,,,2.0,1.0,5.0,6.0,,,,,,,,,1.0,,5.0,,,1.0,,5.0,,,,,,,,,,,,1.0,1.0,1.0,1.0,1.0,1.0,6,3,3,3,2,5,6,6,3,2,65.0,60.0,60.0,70.0,70.0,65.0,80.0,60.0,40.0,35.0,2,1,2,2,2,2,1,2,1,1,2,2,2,2,2,1,2,2,1,2,2,2,2,2,2,1,2,1,2,2,2,1,1,2,1,2,1,2,2,1
880,5,5,5,5,5,5,5,5,2,2,70.0,,4.0,,,,,3.0,4.0,5.0,6.0,,,,2.0,,2.0,,,,1.0,5.0,6.0,,,,,,1.0,,,,3.0,,2.0,5.0,,1.0,1.0,1.0,1.0,1.0,1.0,1.0,1.0,1.0,1.0,,,,,,,6,3,3,3,3,5,6,6,3,2,62.0,55.0,60.0,70.0,75.0,70.0,80.0,60.0,40.0,35.0,1,2,2,2,2,2,2,1,2,2,2,2,1,1,2,1,1,1,1,1,2,1,2,2,1,2,2,2,1,1,2,1,1,2,1,1,1,2,1,1
16,2,3,2,2,3,2,3,2,2,2,70.0,,1.0,,3.0,3.0,6.0,,,,,5.0,1.0,30.0,,,2.0,,,,,,,1.0,3.0,4.0,,,1.0,,,,2.0,1.0,,,3.0,1.0,1.0,1.0,1.0,1.0,1.0,1.0,1.0,1.0,1.0,,,,,,,6,3,3,3,2,5,6,5,3,2,40.0,35.0,30.0,30.0,35.0,30.0,40.0,30.0,40.0,30.0,1,1,2,2,1,2,2,1,2,2,1,2,2,2,2,1,2,2,2,2,2,2,1,1,1,2,2,2,2,2,1,2,2,2,2,1,2,1,2,1
1909,4,4,4,4,4,4,5,4,2,2,70.0,,,1.0,,,,3.0,4.0,5.0,,5.0,1.0,50.0,,,2.0,,,,2.0,4.0,5.0,,,,,,,2.0,4.0,,,,1.0,4.0,,,,,,,,,,,,1.0,1.0,1.0,1.0,1.0,1.0,6,3,3,3,3,5,6,6,3,2,60.0,55.0,60.0,65.0,70.0,60.0,75.0,60.0,40.0,35.0,1,2,1,1,2,2,1,1,1,1,2,2,1,2,1,2,1,1,2,2,2,2,1,2,1,1,1,2,1,1,1,1,1,2,1,2,1,1,2,2
1487,2,3,2,2,3,2,4,2,4,3,70.0,,4.0,,,,,3.0,4.0,5.0,5.0,,1.0,30.0,,,2.0,,,,,,,2.0,4.0,5.0,18.0,,1.0,,4.0,,,1.0,,,4.0,,,,,,,,,,,1.0,1.0,1.0,1.0,1.0,1.0,6,3,3,3,2,5,6,5,3,2,45.0,40.0,35.0,40.0,45.0,35.0,50.0,30.0,55.0,30.0,1,2,2,1,2,1,1,1,2,1,1,2,2,2,1,1,2,1,2,2,1,2,1,2,2,2,2,1,1,2,1,2,1,1,1,2,2,1,2,2
1712,5,5,5,5,5,5,5,5,1,1,,30.0,4.0,,3.0,4.0,6.0,,,,,6.0,1.0,54.0,,,2.0,1.0,5.0,6.0,,,,,,,,20.0,,2.0,4.0,,,,2.0,,5.0,1.0,1.0,1.0,1.0,1.0,1.0,1.0,1.0,1.0,1.0,,,,,,,6,4,2,2,2,4,6,6,4,2,65.0,60.0,60.0,70.0,75.0,70.0,80.0,60.0,40.0,35.0,2,1,1,1,1,1,2,1,2,2,1,2,1,1,1,1,1,2,2,2,1,2,2,1,2,2,2,2,2,1,2,1,2,2,1,2,2,1,1,2
1661,5,4,5,5,5,5,5,5,1,1,,30.0,4.0,,3.0,4.0,6.0,,,,5.0,,1.0,40.0,,1.0,,,,,,,,2.0,4.0,5.0,,,1.0,,,7.0,,1.0,,,5.0,,,,,,,,,,,1.0,1.0,1.0,1.0,1.0,1.0,6,2,2,2,2,5,6,6,3,2,60.0,55.0,60.0,65.0,70.0,60.0,75.0,60.0,40.0,35.0,2,2,2,1,2,1,2,2,2,1,1,1,1,2,1,2,2,1,2,1,1,2,2,2,1,1,2,2,2,2,1,1,1,1,2,2,2,1,2,1
312,2,3,2,2,2,2,2,2,1,1,,30.0,,1.0,3.0,3.0,5.0,,,,5.0,,1.0,25.0,,,2.0,,,,1.0,2.0,2.0,,,,,,,2.0,,,1.0,,1.0,1.0,,,,,,,,,,,,1.0,1.0,1.0,1.0,1.0,1.0,6,2,2,2,2,5,6,6,1,1,40.0,35.0,30.0,30.0,30.0,30.0,30.0,20.0,60.0,60.0,2,2,2,2,2,2,2,2,2,2,2,2,2,2,2,2,2,2,2,2,2,2,2,2,2,2,2,2,2,2,2,2,2,2,2,2,2,2,2,2
261,2,3,2,2,2,2,4,2,4,4,70.0,,,1.0,3.0,4.0,6.0,,,,,5.0,1.0,54.0,,,2.0,1.0,2.0,3.0,,,,,,,20.0,,,2.0,4.0,,,1.0,,,3.0,,,,,,,,,,,1.0,1.0,1.0,1.0,1.0,1.0,6,2,3,3,3,5,6,6,3,2,40.0,35.0,30.0,30.0,30.0,25.0,40.0,30.0,60.0,50.0,2,1,1,1,2,1,2,1,1,2,1,2,2,2,1,1,2,2,1,2,2,1,2,1,2,1,2,1,2,1,1,1,2,2,2,2,2,1,1,2
2012,2,3,2,2,2,2,2,2,1,2,,30.0,1.0,,2.0,3.0,6.0,,,,,5.0,1.0,30.0,,,2.0,,,,1.0,2.0,2.0,,,,,,2.0,,3.0,,,1.0,,3.0,,,,,,,,,,,,1.0,1.0,1.0,1.0,1.0,1.0,6,2,2,2,2,5,6,6,1,1,30.0,25.0,20.0,20.0,20.0,20.0,20.0,20.0,40.0,20.0,2,2,2,1,2,2,1,2,2,2,2,1,1,1,2,1,2,2,2,2,1,2,2,2,2,2,2,2,1,2,1,2,2,1,2,2,2,2,1,1
986,4,4,4,4,4,4,4,4,2,2,70.0,,4.0,,3.0,4.0,6.0,,,,,5.0,,,2.0,1.0,,,,,3.0,4.0,4.0,,,,,20.0,1.0,,,,2.0,,2.0,,4.0,,,,,,,,,,,1.0,1.0,1.0,1.0,1.0,1.0,6,3,3,3,3,5,6,6,3,2,60.0,55.0,60.0,65.0,65.0,60.0,70.0,55.0,50.0,45.0,1,1,1,2,1,2,2,2,2,2,2,2,1,2,1,2,1,2,1,2,2,2,1,2,1,2,1,2,1,2,1,1,2,1,1,1,1,2,1,2
63,1,2,1,1,2,2,2,1,4,4,70.0,,1.0,,2.0,3.0,6.0,,,,4.0,,,,1.0,,2.0,,,,1.0,1.0,1.0,,,,,,2.0,,,,1.0,,1.0,,1.0,1.0,1.0,1.0,1.0,1.0,1.0,1.0,1.0,1.0,1.0,,,,,,,6,2,2,2,2,5,6,6,1,1,20.0,10.0,10.0,10.0,10.0,10.0,10.0,10.0,40.0,40.0,2,2,2,1,2,2,2,2,2,1,2,1,1,2,1,2,2,1,2,2,1,2,1,1,2,1,2,2,2,2,1,2,2,2,1,1,2,2,1,1
1329,4,4,4,4,4,4,4,4,2,2,,30.0,4.0,,,,,4.0,4.0,3.0,,5.0,1.0,30.0,,1.0,,2.0,4.0,5.0,,,,,,,,,1.0,,4.0,,,,1.0,4.0,,,,,,,,,,,,1.0,1.0,1.0,1.0,1.0,1.0,6,3,3,3,2,5,6,6,3,2,60.0,55.0,60.0,65.0,65.0,60.0,70.0,60.0,40.0,45.0,2,1,1,1,2,1,1,1,2,1,2,2,1,2,1,2,2,2,1,2,2,2,2,2,2,2,2,1,1,1,2,2,1,1,1,1,2,1,1,1
1535,2,3,2,2,2,2,2,2,1,2,,30.0,,1.0,3.0,4.0,5.0,,,,3.0,,,,1.0,,2.0,1.0,2.0,2.0,,,,,,,20.0,,2.0,,3.0,,,1.0,,,2.0,,,,,,,,,,,1.0,1.0,1.0,1.0,1.0,1.0,6,2,2,2,2,5,6,6,2,2,30.0,25.0,25.0,30.0,30.0,25.0,30.0,25.0,40.0,30.0,2,2,1,2,2,1,1,2,2,1,2,1,2,2,2,2,2,2,2,1,2,2,2,2,2,2,2,1,2,1,2,2,1,1,1,1,2,2,1,1
1446,4,4,4,5,5,5,5,5,2,2,,30.0,4.0,,3.0,4.0,6.0,,,,,5.0,,,2.0,1.0,,2.0,4.0,4.0,,,,,,,16.0,,,2.0,,,3.0,1.0,,,4.0,1.0,1.0,1.0,1.0,1.0,1.0,1.0,1.0,1.0,1.0,,,,,,,6,3,2,2,2,5,6,5,3,1,62.0,54.0,60.0,68.0,70.0,65.0,75.0,60.0,55.0,50.0,2,2,2,1,2,1,2,1,1,2,1,2,2,2,2,1,1,1,1,1,2,2,1,1,2,2,1,2,1,1,2,2,2,2,2,1,1,1,2,2
729,4,4,4,5,5,5,5,4,2,2,,30.0,5.0,,,,,3.0,4.0,2.0,,5.0,1.0,40.0,,,2.0,,,,2.0,4.0,5.0,,,,,18.0,1.0,,,5.0,,,2.0,4.0,,1.0,1.0,1.0,1.0,1.0,1.0,1.0,1.0,1.0,1.0,,,,,,,6,3,2,3,2,5,6,5,3,2,60.0,55.0,50.0,65.0,60.0,60.0,70.0,55.0,40.0,35.0,1,1,1,2,2,2,1,2,2,1,2,1,1,1,2,1,1,1,2,2,1,2,2,2,2,1,1,2,2,1,2,2,1,2,2,1,1,1,2,1
135,5,4,5,5,5,5,5,5,1,2,,30.0,4.0,,2.0,3.0,5.0,,,,5.0,,,,2.0,1.0,,2.0,4.0,5.0,,,,,,,,,1.0,,4.0,,,,2.0,,5.0,,,,,,,,,,,1.0,1.0,1.0,1.0,1.0,1.0,6,3,2,2,2,5,6,6,3,2,60.0,55.0,60.0,70.0,75.0,65.0,80.0,60.0,40.0,35.0,1,2,2,1,1,2,2,1,2,1,1,2,1,1,1,2,2,2,2,1,2,1,2,1,1,2,1,1,2,2,2,2,2,2,1,2,1,1,2,2
834,4,4,4,4,4,4,5,4,2,2,70.0,,,1.0,2.0,3.0,5.0,,,,5.0,,1.0,54.0,,,2.0,2.0,4.0,5.0,,,,,,,,18.0,,2.0,,,3.0,,1.0,,4.0,1.0,1.0,1.0,1.0,1.0,1.0,1.0,1.0,1.0,1.0,,,,,,,6,3,4,3,3,5,6,5,3,2,62.0,55.0,60.0,65.0,68.0,60.0,75.0,58.0,52.0,48.0,2,2,2,2,2,2,2,1,2,2,1,2,1,1,1,2,1,1,1,2,2,1,1,2,2,2,1,1,1,2,1,2,2,2,2,1,1,2,2,1
947,4,4,4,4,4,4,5,4,2,2,70.0,,4.0,,,,,3.0,4.0,4.0,5.0,,,,2.0,,2.0,,,,,,,3.0,4.0,5.0,,,1.0,,,6.0,,1.0,,,4.0,1.0,1.0,1.0,1.0,1.0,1.0,1.0,1.0,1.0,1.0,,,,,,,6,3,3,3,2,5,6,6,3,2,62.0,54.0,58.0,60.0,65.0,60.0,70.0,55.0,50.0,45.0,2,2,2,2,2,2,2,1,2,1,1,1,2,1,1,1,2,2,2,2,2,1,2,1,1,2,1,2,2,2,1,1,1,1,1,1,1,1,2,1
538,2,3,2,3,3,2,4,2,4,2,70.0,,1.0,,3.0,4.0,6.0,,,,,5.0,,,2.0,1.0,,1.0,2.0,2.0,,,,,,,,,,2.0,,,1.0,1.0,,,2.0,1.0,1.0,1.0,1.0,1.0,1.0,1.0,1.0,1.0,1.0,,,,,,,6,2,2,2,2,5,6,6,2,2,40.0,30.0,30.0,30.0,30.0,30.0,40.0,30.0,40.0,30.0,2,2,1,2,2,2,1,2,2,1,1,2,2,2,2,2,2,1,1,2,2,2,1,1,2,1,2,2,1,1,1,1,1,2,2,2,2,2,1,2
324,5,4,5,5,5,5,5,5,2,2,70.0,,4.0,,,,,3.0,4.0,4.0,,5.0,,,2.0,1.0,,2.0,4.0,4.0,,,,,,,,,1.0,,3.0,,,1.0,,,4.0,1.0,1.0,1.0,1.0,1.0,1.0,1.0,1.0,1.0,1.0,,,,,,,6,3,2,3,3,5,6,5,3,2,60.0,55.0,60.0,65.0,70.0,60.0,80.0,60.0,50.0,45.0,1,2,1,2,2,2,2,1,1,1,2,1,2,1,1,1,1,1,1,1,1,1,2,1,2,2,2,1,1,1,1,2,2,1,2,1,2,2,1,2
257,2,3,2,2,3,2,4,2,4,3,,30.0,,1.0,2.0,3.0,5.0,,,,,5.0,,,2.0,,2.0,,,,1.0,3.0,4.0,,,,2.0,,2.0,,4.0,,,,1.0,,3.0,1.0,1.0,1.0,1.0,1.0,1.0,1.0,1.0,1.0,1.0,,,,,,,6,2,2,2,2,5,6,6,2,2,40.0,35.0,30.0,35.0,40.0,30.0,45.0,25.0,60.0,30.0,2,2,2,2,2,1,2,2,2,1,1,2,1,2,2,2,2,2,2,1,2,1,1,1,2,2,1,2,1,2,2,2,2,1,2,2,2,2,2,1
1138,1,1,1,1,1,1,1,1,4,1,70.0,,,1.0,2.0,3.0,6.0,,,,,5.0,1.0,30.0,,1.0,,,,,1.0,1.0,2.0,,,,,,,2.0,3.0,,,,1.0,,1.0,,,,,,,,,,,1.0,1.0,1.0,1.0,1.0,1.0,6,2,2,2,2,5,6,6,1,1,30.0,25.0,20.0,10.0,15.0,10.0,20.0,5.0,40.0,10.0,1,1,1,2,2,2,1,1,2,2,2,1,2,2,1,1,2,2,2,2,2,2,1,2,1,2,2,2,2,1,2,1,2,1,1,2,1,2,2,2
1724,4,5,4,5,5,5,5,5,2,2,70.0,,4.0,,3.0,3.0,6.0,,,,5.0,,,,2.0,1.0,,,,,2.0,4.0,4.0,,,,,,,2.0,4.0,,,1.0,,,4.0,1.0,1.0,1.0,1.0,1.0,1.0,1.0,1.0,1.0,1.0,,,,,,,6,3,2,2,2,5,6,6,3,2,60.0,55.0,60.0,70.0,70.0,65.0,80.0,60.0,40.0,35.0,1,2,2,1,2,1,1,2,1,1,1,1,2,2,2,2,1,2,2,1,1,1,2,2,1,1,1,1,2,2,1,2,2,2,1,1,2,2,1,1
1657,5,4,5,5,5,5,5,5,2,2,,30.0,4.0,,3.0,4.0,6.0,,,,,5.0,,,2.0,,2.0,,,,,,,2.0,5.0,6.0,2.0,,,2.0,,7.0,,,2.0,,5.0,,,,,,,,,,,1.0,1.0,1.0,1.0,1.0,1.0,6,3,3,3,3,5,6,6,3,2,62.0,55.0,60.0,70.0,75.0,68.0,80.0,65.0,40.0,35.0,1,1,1,2,2,2,2,1,1,1,2,1,1,2,1,2,2,2,1,1,1,2,1,2,2,1,2,2,1,2,2,2,1,1,1,2,1,1,2,1
1839,5,5,5,5,5,5,5,5,1,1,,30.0,4.0,,2.0,3.0,6.0,,,,3.0,,1.0,35.0,,1.0,,2.0,4.0,4.0,,,,,,,20.0,,,2.0,,5.0,,1.0,,4.0,,,,,,,,,,,,1.0,1.0,1.0,1.0,1.0,1.0,6,3,4,3,3,5,6,6,3,2,60.0,55.0,60.0,70.0,70.0,65.0,80.0,60.0,40.0,35.0,2,1,1,1,2,2,1,2,1,2,2,2,2,2,2,1,2,1,2,2,1,2,1,2,2,1,2,2,2,1,1,1,1,2,1,2,1,1,2,2
2024,5,5,5,5,5,5,5,5,2,2,70.0,,4.0,,,,,4.0,4.0,3.0,,6.0,,,2.0,,2.0,2.0,5.0,6.0,,,,,,,,20.0,1.0,,6.0,,,2.0,,5.0,,1.0,1.0,1.0,1.0,1.0,1.0,1.0,1.0,1.0,1.0,,,,,,,6,3,2,2,2,5,6,6,3,2,65.0,60.0,60.0,70.0,75.0,70.0,80.0,65.0,40.0,35.0,1,1,2,1,2,1,2,1,2,2,2,2,2,1,2,2,2,1,1,1,2,2,1,1,2,2,2,2,2,2,2,2,1,1,1,2,1,2,2,1
55,4,4,4,5,5,5,5,5,2,2,,30.0,4.0,,3.0,4.0,6.0,,,,,5.0,1.0,40.0,,1.0,,,,,1.0,4.0,5.0,,,,,,,2.0,,6.0,,1.0,,,4.0,,,,,,,,,,,1.0,1.0,1.0,1.0,1.0,1.0,6,3,4,3,3,5,6,5,3,2,60.0,55.0,55.0,65.0,65.0,60.0,70.0,60.0,50.0,45.0,1,2,1,2,2,1,2,1,1,1,1,2,2,2,2,1,2,2,1,2,1,1,1,1,2,2,2,2,2,2,2,2,1,1,1,1,1,2,2,1
296,2,3,2,2,3,2,4,2,4,3,,30.0,4.0,,3.0,4.0,6.0,,,,5.0,,,,2.0,,2.0,,,,,,,1.0,4.0,5.0,2.0,,1.0,,5.0,,,1.0,,,4.0,,,,,,,,,,,1.0,1.0,1.0,1.0,1.0,1.0,6,2,3,3,3,5,6,6,3,2,45.0,38.0,41.0,36.0,44.0,32.0,51.0,29.0,47.0,28.0,1,2,2,2,1,2,2,2,1,1,2,2,1,2,1,1,1,1,2,2,2,1,1,2,1,2,1,2,2,2,1,2,1,1,2,1,2,2,1,1
103,2,4,2,2,2,2,2,2,1,1,,30.0,1.0,,,,,3.0,3.0,2.0,5.0,,,,2.0,1.0,,,,,1.0,2.0,4.0,,,,,,,2.0,,7.0,,1.0,,3.0,,,,,,,,,,,,1.0,1.0,1.0,1.0,1.0,1.0,7,2,2,2,2,5,6,6,2,2,40.0,35.0,30.0,25.0,30.0,25.0,35.0,20.0,50.0,40.0,2,2,1,1,1,2,2,2,1,1,2,2,1,2,2,2,1,1,2,1,1,1,2,1,1,1,1,1,1,2,2,1,2,1,2,1,2,1,1,2
1696,5,5,5,5,5,5,5,5,1,1,,30.0,4.0,,,,,4.0,4.0,3.0,,5.0,,,2.0,,2.0,,,,3.0,4.0,5.0,,,,,18.0,,2.0,,,3.0,1.0,,,5.0,,,,,,,,,,,1.0,1.0,1.0,1.0,1.0,1.0,6,2,3,3,2,5,6,6,3,2,65.0,60.0,62.0,70.0,75.0,68.0,80.0,60.0,40.0,35.0,1,2,2,2,2,1,2,2,1,1,2,1,2,2,1,1,2,2,1,2,2,1,2,1,1,1,1,2,2,2,1,2,1,1,2,2,2,2,2,1
1503,4,4,4,3,4,3,5,4,2,2,,30.0,4.0,,3.0,4.0,5.0,,,,,5.0,,,2.0,,2.0,,,,,,,2.0,4.0,5.0,2.0,,,2.0,4.0,,,1.0,,4.0,,1.0,1.0,1.0,1.0,1.0,1.0,1.0,1.0,1.0,1.0,,,,,,,6,3,4,3,2,5,6,5,3,2,62.0,54.0,56.0,60.0,65.0,58.0,70.0,55.0,48.0,44.0,1,2,1,2,2,2,2,2,2,1,2,1,2,2,1,2,2,1,1,1,1,1,1,1,2,2,1,1,2,2,2,1,1,1,2,2,1,2,2,1
1470,5,5,5,5,5,5,5,5,1,1,70.0,,,1.0,3.0,4.0,6.0,,,,5.0,,1.0,54.0,,1.0,,,,,1.0,5.0,6.0,,,,,20.0,,2.0,,8.0,,,2.0,,5.0,,,,,,,,,,,1.0,1.0,1.0,1.0,1.0,1.0,6,2,2,2,2,5,6,6,3,2,65.0,60.0,70.0,80.0,80.0,75.0,85.0,70.0,30.0,35.0,2,2,2,1,2,1,1,2,2,2,1,2,1,2,2,1,2,2,2,1,1,2,1,2,2,1,1,2,2,2,1,2,2,2,2,2,1,1,2,2
802,2,3,2,2,3,2,4,2,4,3,,30.0,4.0,,,,,3.0,4.0,3.0,5.0,,,,2.0,1.0,,,,,2.0,3.0,4.0,,,,,5.0,1.0,,,,3.0,1.0,,3.0,,1.0,1.0,1.0,1.0,1.0,1.0,1.0,1.0,1.0,1.0,,,,,,,6,2,3,3,2,5,6,5,3,2,45.0,38.0,40.0,35.0,40.0,30.0,50.0,35.0,55.0,30.0,1,2,1,1,2,1,1,2,2,1,1,2,2,2,2,1,1,2,2,2,1,2,2,1,2,1,2,2,1,1,2,1,2,1,2,2,1,1,1,1
971,5,4,5,5,5,5,5,5,2,2,,30.0,4.0,,3.0,4.0,6.0,,,,,5.0,1.0,40.0,,1.0,,2.0,4.0,5.0,,,,,,,,,,2.0,5.0,,,,1.0,4.0,,,,,,,,,,,,1.0,1.0,1.0,1.0,1.0,1.0,6,3,3,3,2,5,6,6,3,2,60.0,55.0,60.0,70.0,70.0,65.0,80.0,60.0,40.0,35.0,2,2,2,2,2,1,2,2,2,1,1,2,2,2,2,2,1,1,2,1,1,2,2,1,1,2,2,2,2,1,1,1,2,2,2,2,2,1,2,1
94,4,4,4,4,4,4,4,4,2,2,70.0,,,1.0,,,,4.0,4.0,3.0,5.0,,,,2.0,1.0,,2.0,4.0,4.0,,,,,,,,20.0,1.0,,4.0,,,,1.0,,4.0,1.0,1.0,1.0,1.0,1.0,1.0,1.0,1.0,1.0,1.0,,,,,,,6,3,2,2,3,5,6,6,3,2,60.0,55.0,60.0,65.0,70.0,60.0,70.0,60.0,50.0,45.0,2,1,1,2,1,1,1,2,2,1,1,1,2,1,2,1,1,2,1,2,2,2,1,2,1,2,1,2,2,2,1,2,1,2,1,2,2,1,2,1
176,4,5,4,5,5,5,5,5,2,2,70.0,,4.0,,,,,3.0,4.0,5.0,5.0,,1.0,54.0,,,2.0,1.0,4.0,5.0,,,,,,,20.0,,,2.0,,6.0,,1.0,,5.0,,1.0,1.0,1.0,1.0,1.0,1.0,1.0,1.0,1.0,1.0,,,,,,,6,3,2,2,3,5,6,6,3,1,62.0,54.0,58.0,66.0,68.0,60.0,72.0,59.0,48.0,44.0,2,1,1,2,2,1,1,2,1,2,1,1,2,2,1,2,2,2,2,2,1,1,1,2,2,2,2,2,2,1,2,2,1,2,1,2,2,2,2,1
390,2,2,2,1,2,2,4,2,4,2,,30.0,,1.0,,,,3.0,3.0,3.0,5.0,,1.0,50.0,,,2.0,,,,,,,1.0,4.0,4.0,,20.0,1.0,,4.0,,,1.0,,3.0,,1.0,1.0,1.0,1.0,1.0,1.0,1.0,1.0,1.0,1.0,,,,,,,6,2,2,2,2,4,6,6,3,2,40.0,35.0,35.0,30.0,35.0,30.0,40.0,30.0,50.0,30.0,1,1,1,1,2,2,2,1,2,1,2,2,1,1,2,1,1,2,1,2,1,1,1,2,2,2,2,2,2,1,2,2,2,1,2,2,2,2,1,2
619,2,2,2,1,2,2,4,2,4,2,70.0,,,1.0,3.0,4.0,5.0,,,,5.0,,1.0,30.0,,1.0,,,,,,,,1.0,4.0,5.0,,,,2.0,,7.0,,,1.0,3.0,,1.0,1.0,1.0,1.0,1.0,1.0,1.0,1.0,1.0,1.0,,,,,,,6,2,2,2,2,5,6,6,1,2,30.0,20.0,20.0,10.0,20.0,10.0,20.0,10.0,40.0,10.0,2,1,1,2,2,2,1,2,1,1,1,2,1,1,2,1,2,2,1,2,2,1,1,2,2,1,2,2,2,2,1,2,1,2,2,2,1,2,2,1
1576,4,4,4,4,4,4,5,4,1,1,70.0,,,1.0,3.0,4.0,5.0,,,,,6.0,,,2.0,,2.0,,,,,,,1.0,4.0,5.0,,20.0,,2.0,5.0,,,,1.0,4.0,,1.0,1.0,1.0,1.0,1.0,1.0,1.0,1.0,1.0,1.0,,,,,,,6,2,2,2,2,4,6,6,3,2,60.0,55.0,60.0,60.0,60.0,60.0,70.0,60.0,40.0,40.0,2,2,2,2,2,2,2,2,2,2,2,2,2,2,2,2,2,2,2,2,2,2,2,2,2,2,2,2,2,2,2,2,2,2,2,2,2,2,2,2
1405,5,5,5,5,5,5,5,5,1,1,70.0,,5.0,,,,,3.0,4.0,5.0,5.0,,1.0,50.0,,1.0,,2.0,4.0,5.0,,,,,,,20.0,,,2.0,,7.0,,1.0,,,5.0,,,,,,,,,,,1.0,1.0,1.0,1.0,1.0,1.0,6,3,3,3,2,5,6,6,3,2,60.0,55.0,60.0,70.0,75.0,65.0,80.0,60.0,40.0,35.0,1,1,2,1,2,2,1,2,2,1,1,2,2,2,2,2,2,2,1,2,1,2,2,2,2,1,1,1,2,2,1,1,2,1,1,2,1,2,1,2
1790,5,4,4,5,5,5,5,5,2,2,,30.0,,1.0,3.0,4.0,6.0,,,,5.0,,,,2.0,1.0,,,,,2.0,4.0,4.0,,,,,20.0,,2.0,,,1.0,,1.0,,4.0,1.0,1.0,1.0,1.0,1.0,1.0,1.0,1.0,1.0,1.0,,,,,,,6,3,3,3,3,5,6,6,3,1,60.0,55.0,60.0,65.0,65.0,60.0,70.0,60.0,55.0,50.0,2,1,1,2,1,2,1,2,2,2,2,2,2,2,2,2,2,2,2,2,2,2,2,2,2,1,1,1,2,2,2,2,2,2,2,1,2,2,2,1
1219,4,4,4,3,4,3,5,4,2,2,70.0,,,1.0,3.0,3.0,6.0,,,,,5.0,,,2.0,,2.0,,,,2.0,4.0,5.0,,,,2.0,,,2.0,,6.0,,,1.0,4.0,,1.0,1.0,1.0,1.0,1.0,1.0,1.0,1.0,1.0,1.0,,,,,,,6,3,2,2,2,5,6,6,3,2,55.0,48.0,51.0,60.0,62.0,58.0,70.0,54.0,41.0,38.0,2,1,2,2,1,1,1,2,2,1,2,1,2,2,2,1,1,2,1,2,2,1,1,1,2,2,1,1,1,1,2,1,2,2,1,2,2,1,1,2
877,5,5,5,5,5,5,5,5,1,1,70.0,,,1.0,,,,3.0,4.0,2.0,5.0,,1.0,40.0,,,2.0,,,,,,,1.0,5.0,6.0,,20.0,1.0,,,,3.0,,2.0,5.0,,,,,,,,,,,,1.0,1.0,1.0,1.0,1.0,1.0,6,3,2,2,2,5,6,6,3,2,65.0,60.0,62.0,70.0,75.0,68.0,80.0,60.0,40.0,35.0,2,2,2,2,2,1,2,1,1,2,2,2,2,2,2,2,2,2,2,2,2,1,2,2,1,2,2,1,2,1,2,1,2,1,2,2,2,1,2,1
904,4,4,4,4,4,4,4,4,2,2,70.0,,,1.0,,,,3.0,4.0,3.0,5.0,,,,2.0,1.0,,2.0,4.0,4.0,,,,,,,18.0,,,2.0,,,3.0,,2.0,4.0,,,,,,,,,,,,1.0,1.0,1.0,1.0,1.0,1.0,6,3,3,3,2,5,6,6,3,2,62.0,54.0,57.0,60.0,65.0,60.0,70.0,55.0,50.0,48.0,1,2,1,2,1,2,2,1,2,1,1,2,1,1,2,2,2,1,2,2,2,1,1,1,1,2,2,2,1,1,2,2,2,2,2,1,1,2,1,2
351,5,5,5,5,5,5,5,5,1,1,,30.0,,1.0,3.0,4.0,5.0,,,,5.0,,,,2.0,1.0,,,,,,,,2.0,5.0,6.0,,18.0,,2.0,,,3.0,1.0,,5.0,,,,,,,,,,,,1.0,1.0,1.0,1.0,1.0,1.0,6,2,2,2,2,5,6,6,3,2,60.0,55.0,58.0,65.0,68.0,62.0,70.0,60.0,40.0,38.0,2,1,2,2,2,1,2,2,2,2,2,1,1,1,2,2,1,1,1,2,2,2,1,1,2,2,2,1,1,1,1,2,1,2,1,1,1,2,1,1
222,2,3,2,2,2,2,4,2,4,2,70.0,,1.0,,3.0,4.0,6.0,,,,,5.0,1.0,54.0,,,2.0,1.0,4.0,5.0,,,,,,,20.0,,1.0,,5.0,,,1.0,,,4.0,1.0,1.0,1.0,1.0,1.0,1.0,1.0,1.0,1.0,1.0,,,,,,,6,3,2,2,2,4,6,6,3,2,45.0,40.0,40.0,40.0,40.0,40.0,50.0,35.0,60.0,35.0,2,1,2,2,1,1,2,2,2,2,1,2,1,2,2,1,1,2,1,1,1,1,2,1,2,1,1,2,2,1,2,2,2,1,2,2,2,1,2,1
1751,2,2,2,2,2,2,2,2,1,1,70.0,,,1.0,2.0,3.0,5.0,,,,5.0,,1.0,25.0,,1.0,,,,,1.0,2.0,2.0,,,,,,,2.0,,,1.0,1.0,,,1.0,,,,,,,,,,,1.0,1.0,1.0,1.0,1.0,1.0,6,2,2,2,2,5,6,6,1,2,30.0,25.0,25.0,20.0,20.0,15.0,20.0,10.0,60.0,40.0,1,1,2,2,2,2,1,1,2,1,1,1,2,2,2,2,1,2,1,1,1,2,1,2,1,1,2,1,1,1,2,1,2,1,1,1,2,2,1,2
1622,4,4,4,4,4,4,5,4,2,2,70.0,,,1.0,,,,3.0,4.0,5.0,5.0,,,,2.0,,2.0,,,,,,,1.0,4.0,5.0,18.0,,,2.0,5.0,,,,1.0,4.0,,1.0,1.0,1.0,1.0,1.0,1.0,1.0,1.0,1.0,1.0,,,,,,,6,3,2,2,3,5,6,6,3,2,60.0,55.0,60.0,65.0,65.0,60.0,70.0,60.0,50.0,45.0,2,1,2,1,2,1,2,2,1,2,2,1,2,2,2,1,2,2,2,1,2,1,2,1,2,2,2,2,1,2,2,2,2,2,1,1,2,1,2,1
20,2,3,2,2,3,2,4,2,4,3,,30.0,1.0,,,,,3.0,4.0,2.0,,5.0,,,2.0,,2.0,,,,,,,1.0,4.0,5.0,,,2.0,,4.0,,,,1.0,,4.0,,,,,,,,,,,1.0,1.0,1.0,1.0,1.0,1.0,6,3,3,3,2,5,6,6,3,2,55.0,48.0,45.0,40.0,50.0,40.0,60.0,35.0,60.0,35.0,2,1,1,1,2,1,2,1,2,2,1,2,2,1,2,1,1,1,2,1,2,2,1,1,2,1,1,2,2,1,1,2,2,1,2,2,2,2,1,1
2051,2,4,2,1,2,2,4,2,4,2,70.0,,,1.0,2.0,3.0,6.0,,,,5.0,,,,2.0,1.0,,1.0,2.0,4.0,,,,,,,20.0,,,2.0,,,3.0,,1.0,,2.0,1.0,1.0,1.0,1.0,1.0,1.0,1.0,1.0,1.0,1.0,,,,,,,6,2,2,2,2,5,6,6,1,1,40.0,35.0,30.0,25.0,30.0,25.0,35.0,20.0,40.0,20.0,2,1,2,1,2,2,1,2,2,1,1,1,2,1,2,2,1,2,1,1,2,2,2,2,2,1,1,1,1,1,2,1,1,2,2,1,2,2,2,2
1887,2,3,2,2,2,2,2,2,1,1,70.0,,,1.0,2.0,3.0,6.0,,,,,5.0,1.0,30.0,,,2.0,,,,,,,1.0,2.0,3.0,20.0,,,2.0,,,1.0,1.0,,,1.0,1.0,1.0,1.0,1.0,1.0,1.0,1.0,1.0,1.0,1.0,,,,,,,6,2,2,2,2,5,6,6,1,1,30.0,20.0,20.0,20.0,20.0,20.0,20.0,20.0,40.0,40.0,2,1,1,2,2,2,2,1,2,2,2,2,2,2,2,2,2,2,2,2,2,2,1,1,2,2,1,1,2,1,2,2,2,2,1,2,2,2,2,1
586,4,4,4,4,4,4,5,4,2,2,,30.0,,1.0,3.0,4.0,5.0,,,,5.0,,1.0,40.0,,,2.0,2.0,4.0,5.0,,,,,,,,,1.0,,,,2.0,,1.0,4.0,,,,,,,,,,,,1.0,1.0,1.0,1.0,1.0,1.0,6,3,3,3,3,5,6,6,3,2,60.0,55.0,50.0,60.0,65.0,55.0,70.0,60.0,40.0,35.0,2,2,1,2,2,1,2,2,1,1,2,2,2,1,1,1,1,2,2,1,2,1,2,1,1,1,1,2,1,1,2,2,2,1,2,1,1,2,1,1
760,4,4,4,3,4,4,5,4,2,2,,30.0,,1.0,3.0,4.0,5.0,,,,5.0,,,,2.0,1.0,,,,,2.0,4.0,5.0,,,,,18.0,1.0,,,,2.0,1.0,,4.0,,1.0,1.0,1.0,1.0,1.0,1.0,1.0,1.0,1.0,1.0,,,,,,,6,3,3,3,2,5,6,5,3,2,60.0,55.0,50.0,60.0,65.0,60.0,70.0,55.0,40.0,35.0,2,1,2,1,2,2,1,1,1,1,2,1,2,2,1,1,1,2,1,2,2,1,2,1,1,2,1,2,1,2,2,1,1,2,1,2,1,1,1,2
613,5,5,5,5,5,5,5,5,2,2,,30.0,4.0,,3.0,4.0,6.0,,,,,5.0,,,2.0,,2.0,,,,,,,2.0,5.0,6.0,,,,2.0,,6.0,,,2.0,,5.0,1.0,1.0,1.0,1.0,1.0,1.0,1.0,1.0,1.0,1.0,,,,,,,6,3,2,2,2,5,6,6,3,1,60.0,55.0,60.0,65.0,70.0,60.0,80.0,65.0,40.0,35.0,1,1,1,2,2,2,1,2,1,2,2,1,1,2,2,1,1,1,2,1,2,1,1,1,1,1,2,1,2,2,1,2,1,1,2,2,2,2,2,1
1186,4,4,4,4,4,4,5,4,2,2,70.0,,4.0,,,,,4.0,5.0,3.0,5.0,,1.0,54.0,,,2.0,2.0,4.0,5.0,,,,,,,16.0,,1.0,,,6.0,,1.0,,4.0,,1.0,1.0,1.0,1.0,1.0,1.0,1.0,1.0,1.0,1.0,,,,,,,6,3,4,4,3,5,6,6,3,1,54.0,48.0,51.0,62.0,65.0,60.0,70.0,55.0,44.0,38.0,2,2,1,2,2,2,1,2,1,1,2,2,1,2,2,1,1,1,1,1,1,1,2,1,1,1,2,1,2,2,1,1,2,1,2,2,2,1,1,2
1360,3,3,3,2,3,3,4,3,4,3,,30.0,4.0,,3.0,4.0,6.0,,,,5.0,,1.0,40.0,,,2.0,1.0,3.0,4.0,,,,,,,20.0,,1.0,,,,1.0,1.0,,3.0,,1.0,1.0,1.0,1.0,1.0,1.0,1.0,1.0,1.0,1.0,,,,,,,6,3,2,2,2,5,6,6,2,2,40.0,35.0,30.0,25.0,30.0,30.0,40.0,25.0,50.0,30.0,2,2,1,1,1,2,2,2,2,2,2,1,1,1,1,2,2,1,2,2,1,1,2,1,1,2,2,2,1,2,2,2,2,1,2,2,2,1,2,1
1213,5,5,5,5,5,5,5,5,1,1,70.0,,,1.0,3.0,4.0,6.0,,,,,5.0,,,2.0,,2.0,,,,2.0,5.0,6.0,,,,,20.0,,2.0,,7.0,,,2.0,5.0,,,,,,,,,,,,1.0,1.0,1.0,1.0,1.0,1.0,6,3,2,2,3,5,6,6,3,2,65.0,60.0,60.0,70.0,75.0,65.0,80.0,60.0,40.0,35.0,2,2,2,1,2,2,1,2,1,2,1,2,1,2,1,2,2,1,2,1,2,1,2,2,2,1,1,1,2,1,1,2,1,2,2,1,2,2,1,1
1846,5,5,5,5,5,5,5,5,1,1,70.0,,4.0,,,,,3.0,4.0,2.0,,5.0,1.0,54.0,,,2.0,1.0,5.0,6.0,,,,,,,20.0,,1.0,,5.0,,,,2.0,6.0,,1.0,1.0,1.0,1.0,1.0,1.0,1.0,1.0,1.0,1.0,,,,,,,6,3,2,2,2,5,6,6,4,2,65.0,55.0,60.0,70.0,75.0,70.0,80.0,65.0,30.0,35.0,2,1,2,2,2,2,1,2,1,2,2,2,2,2,1,2,2,2,1,2,2,2,2,2,2,1,2,2,2,1,1,2,2,2,2,2,2,2,2,2
1935,4,4,4,2,4,3,5,4,2,2,70.0,,,1.0,,,,3.0,4.0,3.0,5.0,,,,2.0,1.0,,,,,2.0,4.0,5.0,,,,,18.0,1.0,,,6.0,,,2.0,,4.0,1.0,1.0,1.0,1.0,1.0,1.0,1.0,1.0,1.0,1.0,,,,,,,6,3,4,3,3,5,6,5,3,2,62.0,54.0,58.0,60.0,65.0,60.0,70.0,55.0,50.0,48.0,2,1,1,2,2,1,1,1,1,1,2,2,2,2,1,2,2,1,2,1,2,2,2,2,1,2,1,1,1,2,2,1,2,1,2,2,2,1,2,2
228,2,2,2,2,2,2,2,2,1,1,70.0,,1.0,,,,,3.0,3.0,3.0,,5.0,,,2.0,,2.0,,,,1.0,2.0,2.0,,,,20.0,,2.0,,,10.0,,,2.0,2.0,,1.0,1.0,1.0,1.0,1.0,1.0,1.0,1.0,1.0,1.0,,,,,,,2,2,2,2,2,2,2,2,1,1,20.0,20.0,20.0,20.0,20.0,20.0,20.0,20.0,20.0,20.0,1,2,1,1,2,2,2,2,2,2,2,2,2,2,2,2,2,2,2,2,1,1,1,1,2,1,2,2,2,2,2,2,2,1,1,1,2,2,2,1
547,2,3,2,2,3,2,4,2,4,3,,30.0,3.0,,4.0,3.0,5.0,,,,,5.0,1.0,40.0,,1.0,,,,,2.0,4.0,4.0,,,,18.0,,,2.0,5.0,,,,1.0,,4.0,,,,,,,,,,,1.0,1.0,1.0,1.0,1.0,1.0,6,3,3,3,3,5,6,6,3,2,45.0,40.0,38.0,35.0,40.0,35.0,50.0,30.0,60.0,30.0,2,2,2,1,2,1,1,2,2,2,1,2,2,2,1,2,2,2,1,2,2,2,2,2,1,2,1,2,2,1,2,1,2,1,1,1,2,1,1,1
434,4,4,4,4,4,4,5,4,2,2,70.0,,,1.0,4.0,4.0,5.0,,,,5.0,,1.0,54.0,,1.0,,,,,2.0,4.0,4.0,,,,,,1.0,,,,2.0,1.0,,4.0,,1.0,1.0,1.0,1.0,1.0,1.0,1.0,1.0,1.0,1.0,,,,,,,6,3,3,3,2,5,6,6,3,2,62.0,55.0,60.0,65.0,68.0,60.0,75.0,55.0,50.0,45.0,2,1,2,2,2,2,1,2,2,1,2,1,2,1,1,1,2,1,1,2,1,1,2,2,1,1,1,2,2,2,2,1,2,2,2,1,1,1,2,1
1628,2,3,2,2,3,2,4,2,4,3,70.0,,1.0,,3.0,4.0,5.0,,,,5.0,,1.0,30.0,,1.0,,,,,1.0,4.0,4.0,,,,,,,2.0,,6.0,,1.0,,,4.0,1.0,1.0,1.0,1.0,1.0,1.0,1.0,1.0,1.0,1.0,,,,,,,6,2,2,3,3,5,6,6,3,1,40.0,35.0,30.0,30.0,35.0,30.0,40.0,30.0,50.0,35.0,1,2,2,1,2,2,1,1,2,2,2,2,2,1,1,2,2,2,2,1,2,2,2,2,1,1,1,2,1,1,1,2,2,1,2,2,2,2,1,1
1147,5,5,5,5,5,5,5,5,2,2,,30.0,,1.0,2.0,3.0,6.0,,,,,6.0,,,2.0,1.0,,,,,,,,2.0,4.0,5.0,,20.0,,2.0,,7.0,,,2.0,,5.0,1.0,1.0,1.0,1.0,1.0,1.0,1.0,1.0,1.0,1.0,,,,,,,6,2,2,2,2,5,6,6,3,1,60.0,55.0,60.0,65.0,70.0,60.0,80.0,60.0,40.0,35.0,1,2,2,1,2,1,2,1,1,1,2,2,1,2,1,1,2,1,1,1,2,2,1,2,1,2,2,1,1,2,1,1,2,2,2,2,1,1,2,1
1034,5,5,5,5,5,5,5,5,2,2,70.0,,,1.0,3.0,4.0,6.0,,,,,5.0,,,2.0,1.0,,2.0,4.0,5.0,,,,,,,20.0,,1.0,,5.0,,,2.0,,4.0,,1.0,1.0,1.0,1.0,1.0,1.0,1.0,1.0,1.0,1.0,,,,,,,6,2,2,2,2,6,6,6,3,2,60.0,55.0,60.0,70.0,70.0,65.0,80.0,60.0,40.0,35.0,1,2,2,2,1,2,2,2,2,1,1,1,2,1,2,1,1,2,2,1,2,1,2,2,1,1,1,1,2,1,2,1,2,2,1,2,1,1,2,1
1833,5,5,5,5,5,5,5,5,2,2,,30.0,,1.0,,,,3.0,4.0,3.0,,5.0,,,2.0,1.0,,2.0,5.0,6.0,,,,,,,5.0,,1.0,,,,3.0,1.0,,5.0,,1.0,1.0,1.0,1.0,1.0,1.0,1.0,1.0,1.0,1.0,,,,,,,6,2,2,2,3,5,6,6,3,2,65.0,60.0,60.0,70.0,75.0,65.0,80.0,60.0,40.0,35.0,2,2,2,2,2,2,1,2,2,2,2,2,2,1,2,2,1,2,2,2,1,2,2,2,2,2,1,2,2,2,2,2,2,2,2,2,2,2,2,1
1940,2,3,2,2,3,2,4,2,4,2,,30.0,1.0,,2.0,3.0,6.0,,,,,5.0,1.0,25.0,,,2.0,1.0,4.0,4.0,,,,,,,20.0,,,2.0,,,3.0,,1.0,3.0,,1.0,1.0,1.0,1.0,1.0,1.0,1.0,1.0,1.0,1.0,,,,,,,6,3,2,2,3,5,6,6,3,2,40.0,35.0,30.0,30.0,35.0,30.0,40.0,25.0,50.0,30.0,2,2,2,1,1,2,2,1,2,2,1,1,2,2,1,2,1,1,2,2,2,2,2,1,1,2,2,2,1,1,1,1,1,2,2,1,1,1,2,1
532,4,4,4,4,4,4,5,4,2,2,70.0,,4.0,,3.0,4.0,5.0,,,,,5.0,,,2.0,1.0,,,,,,,,2.0,4.0,5.0,20.0,,,2.0,,,3.0,,2.0,4.0,,1.0,1.0,1.0,1.0,1.0,1.0,1.0,1.0,1.0,1.0,,,,,,,6,4,3,3,2,5,6,6,3,2,60.0,55.0,60.0,65.0,70.0,60.0,80.0,60.0,40.0,35.0,1,1,2,2,2,1,2,2,1,2,1,1,1,2,1,2,2,1,2,1,2,2,1,1,1,2,2,2,1,1,1,1,2,1,2,2,1,2,1,2
441,2,3,2,2,2,2,4,2,4,3,,30.0,,2.0,3.0,4.0,5.0,,,,5.0,,,,2.0,,2.0,1.0,2.0,3.0,,,,,,,,,2.0,,,7.0,,,1.0,3.0,,,,,,,,,,,,1.0,1.0,1.0,1.0,1.0,1.0,6,3,3,3,3,5,6,6,2,1,40.0,35.0,35.0,30.0,30.0,25.0,35.0,30.0,40.0,30.0,1,1,1,1,2,2,2,2,2,1,2,1,1,1,2,1,2,1,2,2,1,1,1,2,2,1,1,1,1,1,2,1,2,1,2,1,2,1,2,2
1132,4,4,4,4,4,4,5,4,2,2,,30.0,4.0,,,,,3.0,4.0,2.0,,5.0,,,2.0,1.0,,2.0,4.0,5.0,,,,,,,18.0,,1.0,,,7.0,,,1.0,,5.0,,,,,,,,,,,1.0,1.0,1.0,1.0,1.0,1.0,6,3,3,3,3,5,6,6,3,2,60.0,55.0,60.0,65.0,70.0,60.0,75.0,60.0,50.0,45.0,2,2,2,1,1,1,2,2,2,2,1,1,1,2,1,2,2,2,1,2,1,2,2,2,1,2,2,1,1,2,1,1,1,2,2,2,2,1,2,1
1041,5,5,5,5,5,5,5,5,2,2,70.0,,4.0,,,,,3.0,4.0,5.0,,6.0,,,2.0,1.0,,2.0,4.0,5.0,,,,,,,2.0,,,2.0,,7.0,,2.0,,5.0,,1.0,1.0,1.0,1.0,1.0,1.0,1.0,1.0,1.0,1.0,,,,,,,6,3,3,3,2,5,6,6,3,2,62.0,55.0,60.0,70.0,68.0,65.0,75.0,60.0,50.0,45.0,2,1,1,2,1,1,2,1,2,1,2,2,2,1,2,2,1,2,1,2,2,2,2,1,2,2,2,2,2,2,2,1,1,2,1,1,1,2,1,1
1981,4,5,4,5,5,5,5,5,1,1,70.0,,,1.0,3.0,3.0,6.0,,,,5.0,,1.0,45.0,,,2.0,2.0,4.0,5.0,,,,,,,20.0,,1.0,,,,2.0,1.0,,,5.0,1.0,1.0,1.0,1.0,1.0,1.0,1.0,1.0,1.0,1.0,,,,,,,6,2,2,2,2,5,6,6,3,2,55.0,45.0,50.0,60.0,65.0,60.0,70.0,55.0,40.0,35.0,1,2,1,2,1,2,1,2,2,1,2,2,1,2,1,2,2,1,2,2,2,1,2,2,2,1,2,2,1,2,2,2,2,1,2,2,1,1,2,1
808,4,4,4,4,4,4,5,4,2,2,70.0,,4.0,,,,,4.0,4.0,3.0,,5.0,1.0,40.0,,,2.0,,,,3.0,4.0,5.0,,,,,12.0,1.0,,,6.0,,,2.0,4.0,,,,,,,,,,,,1.0,1.0,1.0,1.0,1.0,1.0,6,3,3,3,2,5,6,6,3,2,60.0,55.0,60.0,65.0,65.0,60.0,70.0,60.0,40.0,40.0,2,2,2,2,2,2,1,1,2,2,2,1,2,1,2,2,1,1,1,1,1,2,1,2,1,2,2,1,2,2,2,1,2,1,1,2,1,2,1,2
715,5,5,5,5,5,5,5,5,2,2,,30.0,,1.0,,,,4.0,4.0,3.0,5.0,,1.0,50.0,,,2.0,1.0,5.0,6.0,,,,,,,,,1.0,,,,3.0,1.0,,5.0,,,,,,,,,,,,1.0,1.0,1.0,1.0,1.0,1.0,6,2,2,2,2,5,6,6,3,2,60.0,55.0,60.0,65.0,70.0,60.0,80.0,60.0,40.0,35.0,1,2,2,2,2,1,1,1,2,1,2,2,2,2,2,2,2,2,2,2,2,1,2,1,2,2,1,2,2,2,2,2,1,1,2,1,2,2,2,2
666,5,4,5,5,5,5,5,5,2,2,,30.0,,1.0,,,,4.0,3.0,2.0,,5.0,1.0,54.0,,,2.0,,,,4.0,4.0,4.0,,,,,18.0,1.0,,,,2.0,1.0,,,4.0,1.0,1.0,1.0,1.0,1.0,1.0,1.0,1.0,1.0,1.0,,,,,,,6,3,2,2,3,5,6,6,3,2,62.0,54.0,60.0,68.0,70.0,65.0,72.0,60.0,48.0,44.0,2,2,1,2,2,1,2,2,2,2,2,2,2,2,1,2,2,1,1,1,2,2,2,2,2,1,2,2,2,2,2,2,1,2,1,2,2,2,1,2
480,2,3,2,2,2,2,2,2,5,3,70.0,,,1.0,3.0,4.0,6.0,,,,,5.0,1.0,54.0,,1.0,,2.0,2.0,3.0,,,,,,,,,2.0,,,,1.0,,2.0,,1.0,,,,,,,,,,,1.0,1.0,1.0,1.0,1.0,1.0,6,2,2,2,2,5,6,6,1,2,40.0,35.0,30.0,30.0,30.0,30.0,30.0,30.0,60.0,30.0,2,2,2,2,2,2,2,2,1,1,2,2,1,2,2,1,1,2,2,1,2,2,2,2,2,2,2,2,2,1,1,2,2,1,1,1,2,2,2,2
109,3,4,3,2,3,2,4,3,4,3,70.0,,,1.0,3.0,3.0,5.0,,,,5.0,,1.0,40.0,,,2.0,,,,1.0,4.0,5.0,,,,,,1.0,,,,3.0,,1.0,4.0,,,,,,,,,,,,1.0,1.0,1.0,1.0,1.0,1.0,6,3,3,3,2,5,6,5,3,2,60.0,55.0,50.0,45.0,55.0,50.0,60.0,55.0,50.0,45.0,2,1,1,2,2,2,2,1,1,1,1,2,1,2,2,1,2,1,2,2,2,1,1,1,2,2,1,2,1,1,2,2,2,1,2,1,2,2,1,2
1315,4,4,4,4,4,4,5,4,2,2,70.0,,,1.0,3.0,4.0,5.0,,,,5.0,,,,2.0,,2.0,,,,,,,2.0,4.0,5.0,,16.0,,2.0,5.0,,,1.0,,,4.0,,,,,,,,,,,1.0,1.0,1.0,1.0,1.0,1.0,6,2,3,3,2,4,6,6,3,2,62.0,54.0,58.0,66.0,68.0,60.0,74.0,59.0,44.0,41.0,2,2,2,2,2,2,2,2,2,2,2,2,2,2,2,2,2,2,2,2,2,2,2,2,2,2,2,2,2,2,2,2,2,2,2,2,2,2,2,2
1266,4,4,4,4,4,4,4,4,2,2,,30.0,,1.0,3.0,3.0,5.0,,,,,5.0,,,2.0,,2.0,1.0,3.0,3.0,,,,,,,20.0,,2.0,,,6.0,,1.0,,,4.0,1.0,1.0,1.0,1.0,1.0,1.0,1.0,1.0,1.0,1.0,,,,,,,6,3,2,2,3,5,6,6,3,1,60.0,55.0,50.0,55.0,60.0,55.0,65.0,50.0,60.0,45.0,1,2,2,1,2,2,2,1,2,2,2,2,1,2,2,2,2,1,2,2,2,1,2,1,2,1,1,2,2,1,2,2,1,2,2,2,1,1,2,1
1080,5,4,5,5,5,5,5,5,1,2,70.0,,4.0,,3.0,4.0,6.0,,,,,5.0,,,2.0,1.0,,,,,4.0,4.0,5.0,,,,2.0,,1.0,,,6.0,,,2.0,5.0,,,,,,,,,,,,1.0,1.0,1.0,1.0,1.0,1.0,6,3,2,2,2,5,6,6,3,1,60.0,55.0,60.0,70.0,70.0,65.0,80.0,65.0,40.0,45.0,1,2,1,1,2,2,1,2,2,2,2,2,2,1,2,1,2,2,1,2,2,1,2,1,2,2,1,1,2,1,2,1,1,2,2,2,2,1,2,2
1509,5,5,5,5,5,5,5,5,1,1,,30.0,,1.0,2.0,4.0,6.0,,,,5.0,,1.0,45.0,,,2.0,,,,1.0,5.0,6.0,,,,,20.0,,2.0,5.0,,,,2.0,,5.0,,,,,,,,,,,1.0,1.0,1.0,1.0,1.0,1.0,6,3,2,2,2,5,6,6,3,2,65.0,55.0,60.0,70.0,70.0,65.0,80.0,60.0,30.0,35.0,2,2,2,2,2,2,2,2,1,2,2,2,2,2,1,2,2,2,1,2,2,2,1,2,1,1,2,2,2,2,2,2,2,1,1,1,2,2,2,1
1802,4,4,4,4,4,4,4,4,2,2,,30.0,4.0,,,,,3.0,4.0,5.0,,5.0,,,2.0,,2.0,,,,,,,1.0,3.0,4.0,,,2.0,,3.0,,,1.0,,,3.0,,,,,,,,,,,1.0,1.0,1.0,1.0,1.0,1.0,6,2,2,2,2,5,6,6,3,2,60.0,55.0,60.0,65.0,65.0,60.0,70.0,60.0,40.0,35.0,2,2,2,2,2,2,2,1,2,1,2,2,1,2,2,2,2,2,2,2,2,2,2,1,2,2,2,2,2,1,2,2,2,2,2,1,2,1,2,2
1971,2,3,2,2,3,2,4,2,4,3,70.0,,1.0,,3.0,4.0,6.0,,,,5.0,,1.0,25.0,,1.0,,,,,1.0,2.0,4.0,,,,20.0,,,2.0,4.0,,,,1.0,4.0,,1.0,1.0,1.0,1.0,1.0,1.0,1.0,1.0,1.0,1.0,,,,,,,6,2,3,3,2,5,6,6,3,2,40.0,35.0,40.0,35.0,40.0,30.0,40.0,30.0,50.0,30.0,2,2,1,2,2,2,2,2,2,1,2,2,1,1,2,2,2,1,1,1,2,2,1,2,1,1,2,2,1,1,1,1,1,1,1,2,1,2,2,1
1103,5,5,5,5,5,5,5,5,1,1,70.0,,4.0,,,,,3.0,4.0,2.0,6.0,,,,2.0,,2.0,,,,2.0,5.0,6.0,,,,,20.0,1.0,,5.0,,,,2.0,,5.0,1.0,1.0,1.0,1.0,1.0,1.0,1.0,1.0,1.0,1.0,,,,,,,6,3,2,2,2,5,6,6,3,2,60.0,55.0,60.0,70.0,70.0,65.0,80.0,60.0,40.0,35.0,2,1,1,2,2,2,2,2,2,2,2,1,1,2,2,2,2,1,1,2,2,2,2,1,2,1,2,2,2,2,2,2,2,2,2,2,1,1,2,2
1070,4,4,4,4,4,4,5,4,2,2,70.0,,4.0,,,,,3.0,4.0,3.0,,5.0,1.0,50.0,,,2.0,,,,,,,1.0,4.0,4.0,,,,2.0,,6.0,,1.0,,,4.0,,,,,,,,,,,1.0,1.0,1.0,1.0,1.0,1.0,6,3,3,3,3,5,6,6,3,2,60.0,55.0,50.0,65.0,60.0,60.0,70.0,55.0,45.0,40.0,2,2,1,1,2,2,2,2,2,2,2,2,2,1,2,1,2,1,2,2,2,2,1,1,1,1,2,2,2,1,1,2,2,1,1,1,2,2,2,2
1296,5,4,5,5,5,5,5,5,2,2,,30.0,4.0,,3.0,3.0,6.0,,,,,5.0,1.0,40.0,,,2.0,2.0,4.0,5.0,,,,,,,,20.0,,2.0,,,3.0,1.0,,,5.0,1.0,1.0,1.0,1.0,1.0,1.0,1.0,1.0,1.0,1.0,,,,,,,6,3,2,2,3,5,6,6,3,1,60.0,55.0,60.0,70.0,75.0,65.0,80.0,60.0,40.0,35.0,1,2,2,2,2,2,1,1,2,2,2,1,2,1,1,2,1,1,2,2,2,2,1,2,1,2,2,1,2,2,2,2,2,2,2,2,2,1,1,1
503,4,4,4,4,4,4,4,4,2,2,,30.0,4.0,,3.0,4.0,5.0,,,,5.0,,1.0,30.0,,1.0,,,,,1.0,4.0,4.0,,,,,,,2.0,,,1.0,,2.0,4.0,,,,,,,,,,,,1.0,1.0,1.0,1.0,1.0,1.0,6,3,3,3,2,5,5,5,3,2,60.0,55.0,60.0,60.0,60.0,60.0,60.0,60.0,40.0,40.0,2,1,2,2,2,2,1,1,1,1,2,2,1,2,1,2,2,2,2,2,2,1,1,2,1,2,1,1,2,2,1,2,1,1,2,1,2,1,2,1
470,4,4,4,4,4,4,4,4,2,2,,30.0,4.0,,3.0,4.0,6.0,,,,5.0,,1.0,54.0,,,2.0,2.0,4.0,4.0,,,,,,,18.0,,,2.0,,,3.0,1.0,,4.0,,1.0,1.0,1.0,1.0,1.0,1.0,1.0,1.0,1.0,1.0,,,,,,,6,3,2,3,2,5,6,5,3,2,62.0,55.0,60.0,65.0,68.0,60.0,70.0,55.0,40.0,38.0,2,2,1,2,1,1,1,2,1,2,1,1,1,1,1,2,1,1,2,2,2,1,1,2,1,2,2,2,2,2,2,1,1,2,1,2,2,2,2,1
696,2,3,2,2,2,2,2,2,4,4,70.0,,,1.0,,,,3.0,4.0,2.0,5.0,,,,2.0,,2.0,1.0,2.0,3.0,,,,,,,,,2.0,,,7.0,,1.0,,3.0,,1.0,1.0,1.0,1.0,1.0,1.0,1.0,1.0,1.0,1.0,,,,,,,6,3,2,2,3,5,6,6,2,2,45.0,40.0,35.0,30.0,35.0,30.0,40.0,25.0,50.0,30.0,1,2,1,1,1,2,1,2,2,2,2,2,1,1,1,2,2,2,1,1,1,2,2,1,2,2,2,2,1,2,2,1,1,2,2,1,1,2,1,1
839,4,4,4,4,4,4,5,4,2,2,,30.0,4.0,,3.0,4.0,6.0,,,,,5.0,1.0,54.0,,,2.0,,,,,,,2.0,4.0,5.0,2.0,,1.0,,4.0,,,,2.0,,4.0,1.0,1.0,1.0,1.0,1.0,1.0,1.0,1.0,1.0,1.0,,,,,,,6,3,2,2,3,5,6,6,3,2,60.0,55.0,50.0,60.0,60.0,55.0,70.0,60.0,40.0,35.0,1,2,2,1,1,2,1,2,1,1,2,1,1,2,1,2,1,1,2,2,1,1,2,1,1,1,2,2,2,2,1,1,2,2,1,2,2,1,1,2
1324,5,5,5,5,5,5,5,5,2,2,70.0,,,1.0,,,,4.0,4.0,3.0,5.0,,,,2.0,,2.0,,,,,,,2.0,5.0,6.0,20.0,,1.0,,,,3.0,1.0,,,5.0,1.0,1.0,1.0,1.0,1.0,1.0,1.0,1.0,1.0,1.0,,,,,,,6,2,2,2,2,5,6,6,3,2,60.0,55.0,60.0,70.0,75.0,65.0,80.0,60.0,40.0,35.0,1,2,1,2,2,2,2,1,1,1,2,1,1,2,2,1,2,1,1,1,1,1,2,2,1,2,2,2,1,1,1,2,2,2,1,1,2,2,1,1
1257,4,4,4,4,4,4,4,4,2,2,,30.0,4.0,,3.0,3.0,5.0,,,,5.0,,1.0,45.0,,1.0,,,,,3.0,4.0,4.0,,,,18.0,,1.0,,,5.0,,1.0,,4.0,,1.0,1.0,1.0,1.0,1.0,1.0,1.0,1.0,1.0,1.0,,,,,,,6,3,2,2,2,4,6,6,3,1,60.0,55.0,58.0,62.0,65.0,60.0,70.0,55.0,50.0,45.0,2,1,2,1,1,2,1,2,1,2,2,2,2,1,2,1,2,1,1,2,1,1,2,1,2,2,1,2,2,2,2,2,1,2,1,2,2,2,1,2
1538,5,4,4,5,5,5,5,5,1,2,70.0,,,1.0,2.0,3.0,6.0,,,,5.0,,,,2.0,1.0,,,,,2.0,4.0,5.0,,,,18.0,,1.0,,,,2.0,,1.0,4.0,,,,,,,,,,,,1.0,1.0,1.0,1.0,1.0,1.0,6,2,3,3,2,4,6,6,3,2,62.0,55.0,60.0,68.0,70.0,65.0,75.0,60.0,50.0,45.0,2,1,1,2,1,2,2,1,2,2,1,2,2,1,2,2,2,1,1,2,2,2,2,2,1,1,1,1,2,2,1,1,2,2,2,1,2,1,2,1
724,4,4,4,3,4,3,4,3,2,2,,30.0,,1.0,,,,3.0,4.0,4.0,,5.0,,,2.0,,2.0,,,,,,,1.0,4.0,4.0,18.0,,1.0,,4.0,,,1.0,,,4.0,,,,,,,,,,,1.0,1.0,1.0,1.0,1.0,1.0,6,3,3,3,3,5,6,6,3,2,55.0,48.0,50.0,60.0,62.0,54.0,65.0,45.0,60.0,40.0,1,1,2,1,1,2,1,2,1,2,1,2,2,2,1,1,1,2,1,2,2,2,2,1,1,2,2,2,1,1,1,2,2,1,2,2,2,2,2,2
657,2,4,3,2,3,2,4,2,4,3,70.0,,,1.0,4.0,3.0,5.0,,,,5.0,,1.0,40.0,,1.0,,,,,,,,2.0,4.0,5.0,,18.0,,2.0,,6.0,,1.0,,4.0,,1.0,1.0,1.0,1.0,1.0,1.0,1.0,1.0,1.0,1.0,,,,,,,6,2,3,3,2,4,6,5,3,2,55.0,50.0,45.0,40.0,45.0,35.0,60.0,40.0,50.0,30.0,1,2,2,2,1,2,1,2,2,2,2,1,2,1,1,2,1,2,1,1,2,2,2,2,2,1,1,2,1,1,2,1,2,2,2,1,2,2,1,1
138,4,4,4,5,5,5,5,4,2,2,,30.0,4.0,,,,,4.0,4.0,3.0,5.0,,,,2.0,,2.0,,,,,,,3.0,4.0,5.0,18.0,,,2.0,,,3.0,,2.0,4.0,,1.0,1.0,1.0,1.0,1.0,1.0,1.0,1.0,1.0,1.0,,,,,,,6,3,4,3,3,5,6,5,3,1,62.0,55.0,58.0,67.0,70.0,60.0,75.0,59.0,48.0,41.0,2,1,1,2,2,1,2,1,2,2,1,2,2,2,2,1,2,2,2,1,2,2,1,2,1,2,2,2,1,2,1,1,2,2,2,1,1,2,1,1
1351,2,3,2,2,2,2,2,2,4,4,,30.0,,1.0,2.0,3.0,5.0,,,,3.0,,,,2.0,1.0,,1.0,2.0,2.0,,,,,,,20.0,,,2.0,5.0,,,,1.0,,2.0,1.0,1.0,1.0,1.0,1.0,1.0,1.0,1.0,1.0,1.0,,,,,,,6,2,2,2,2,5,6,6,2,2,40.0,35.0,30.0,30.0,30.0,30.0,30.0,30.0,40.0,40.0,1,2,1,2,2,2,2,1,2,2,2,2,1,2,1,1,1,1,1,2,2,1,1,2,2,2,2,2,1,2,2,1,2,2,1,2,2,2,1,2
1222,4,4,4,5,5,5,5,4,2,2,,30.0,,1.0,2.0,3.0,5.0,,,,5.0,,1.0,40.0,,,2.0,,,,2.0,4.0,4.0,,,,,18.0,,2.0,4.0,,,,2.0,,4.0,1.0,1.0,1.0,1.0,1.0,1.0,1.0,1.0,1.0,1.0,,,,,,,6,3,2,2,2,5,6,6,3,2,60.0,55.0,60.0,70.0,65.0,65.0,75.0,60.0,40.0,35.0,1,2,2,1,1,1,2,2,1,1,2,2,1,1,1,1,2,2,1,2,1,2,2,1,2,1,1,1,1,2,1,1,2,1,1,2,1,1,2,1
751,5,5,5,5,5,5,5,5,1,1,,30.0,,1.0,,,,3.0,4.0,3.0,5.0,,,,2.0,1.0,,,,,4.0,5.0,6.0,,,,,20.0,,2.0,6.0,,,1.0,,5.0,,,,,,,,,,,,1.0,1.0,1.0,1.0,1.0,1.0,6,3,3,3,2,5,6,6,3,2,60.0,55.0,60.0,70.0,65.0,65.0,80.0,60.0,40.0,35.0,1,1,2,2,1,2,1,2,2,1,1,1,2,1,2,2,1,1,1,1,2,2,1,1,2,1,2,1,1,2,2,2,1,1,1,2,1,1,1,2
622,4,4,4,3,4,3,5,4,2,2,70.0,,4.0,,,,,3.0,4.0,5.0,,5.0,,,2.0,,2.0,,,,,,,2.0,4.0,5.0,,20.0,,2.0,4.0,,,1.0,,4.0,,,,,,,,,,,,1.0,1.0,1.0,1.0,1.0,1.0,6,3,3,3,2,5,6,5,3,2,62.0,55.0,60.0,65.0,68.0,60.0,70.0,58.0,45.0,40.0,1,2,2,2,1,2,2,1,2,2,2,2,2,1,2,2,1,1,2,1,2,1,1,1,1,2,1,2,1,2,1,2,1,1,2,2,1,1,2,1
1877,5,5,5,5,5,5,5,5,1,1,70.0,,,1.0,3.0,4.0,5.0,,,,5.0,,,,2.0,,2.0,,,,2.0,4.0,5.0,,,,,20.0,1.0,,5.0,,,,1.0,,5.0,1.0,1.0,1.0,1.0,1.0,1.0,1.0,1.0,1.0,1.0,,,,,,,6,3,2,2,2,5,6,6,3,1,60.0,55.0,60.0,70.0,70.0,65.0,80.0,65.0,40.0,35.0,2,1,2,1,1,1,2,2,2,1,1,1,2,1,1,2,1,1,2,1,2,2,1,2,2,2,2,1,1,1,1,2,2,1,2,2,1,2,1,1
1904,4,4,4,5,5,5,5,5,2,2,,30.0,4.0,,,,,3.0,4.0,5.0,,5.0,,,2.0,,2.0,,,,,,,2.0,4.0,5.0,,16.0,,2.0,,6.0,,1.0,,4.0,,1.0,1.0,1.0,1.0,1.0,1.0,1.0,1.0,1.0,1.0,,,,,,,6,3,2,2,3,5,6,6,3,2,62.0,54.0,58.0,66.0,68.0,60.0,70.0,55.0,48.0,44.0,1,2,1,2,1,2,1,1,2,2,1,1,2,2,2,2,1,1,2,1,2,1,2,2,1,2,2,2,1,2,2,2,2,2,2,2,1,2,1,2
1390,5,5,5,5,5,5,5,5,1,1,70.0,,,1.0,3.0,4.0,6.0,,,,,5.0,1.0,54.0,,1.0,,2.0,5.0,5.0,,,,,,,,18.0,1.0,,,6.0,,1.0,,,5.0,,,,,,,,,,,1.0,1.0,1.0,1.0,1.0,1.0,6,3,2,3,3,5,6,6,3,2,62.0,55.0,60.0,70.0,68.0,65.0,80.0,60.0,40.0,35.0,1,2,1,1,1,2,2,2,2,2,2,2,1,2,1,2,1,2,2,2,2,2,1,2,1,1,2,1,2,1,2,2,2,2,1,2,2,2,2,1
1619,5,4,5,5,5,5,5,5,2,2,,30.0,4.0,,,,,4.0,5.0,6.0,,5.0,,,2.0,1.0,,,,,3.0,4.0,4.0,,,,,20.0,,2.0,,,3.0,1.0,,4.0,,1.0,1.0,1.0,1.0,1.0,1.0,1.0,1.0,1.0,1.0,,,,,,,6,2,2,2,2,5,6,6,3,1,60.0,55.0,60.0,70.0,70.0,65.0,80.0,65.0,40.0,35.0,1,2,1,2,2,1,2,1,2,2,2,1,2,2,1,2,1,1,2,1,2,2,2,2,1,2,2,1,2,2,2,2,1,1,2,1,2,1,1,2
1176,4,4,4,5,5,5,5,5,2,2,,30.0,4.0,,,,,3.0,4.0,3.0,5.0,,,,2.0,1.0,,,,,2.0,4.0,4.0,,,,,18.0,,2.0,,6.0,,1.0,,4.0,,1.0,1.0,1.0,1.0,1.0,1.0,1.0,1.0,1.0,1.0,,,,,,,6,3,3,3,2,4,6,6,3,2,60.0,55.0,58.0,65.0,68.0,62.0,70.0,60.0,50.0,45.0,2,1,2,2,1,2,1,1,1,2,1,2,1,2,1,2,2,1,2,2,1,2,1,2,1,1,2,2,2,1,2,1,2,1,1,2,1,2,2,2
1005,5,5,5,5,5,5,5,5,2,2,70.0,,,1.0,,,,4.0,4.0,3.0,5.0,,1.0,40.0,,,2.0,,,,,,,1.0,4.0,5.0,20.0,,,2.0,,7.0,,,2.0,4.0,,,,,,,,,,,,1.0,1.0,1.0,1.0,1.0,1.0,6,3,3,3,3,5,6,6,3,2,65.0,60.0,60.0,75.0,80.0,70.0,85.0,70.0,40.0,35.0,2,2,2,1,2,1,1,2,2,2,2,2,2,2,2,1,1,2,2,1,2,1,2,1,2,2,2,2,2,2,2,2,1,2,2,1,2,1,2,1
790,4,4,4,4,4,4,4,4,2,2,,30.0,4.0,,,,,3.0,4.0,3.0,5.0,,1.0,40.0,,,2.0,,,,,,,1.0,4.0,5.0,,15.0,,2.0,,6.0,,1.0,,4.0,,1.0,1.0,1.0,1.0,1.0,1.0,1.0,1.0,1.0,1.0,,,,,,,6,2,2,2,2,5,6,6,3,1,60.0,55.0,60.0,65.0,65.0,60.0,70.0,60.0,40.0,40.0,1,2,2,2,1,1,1,2,1,2,2,1,1,2,1,1,1,2,2,2,2,2,2,1,2,2,1,2,2,1,1,2,1,1,1,1,1,2,1,1
219,4,4,4,5,5,5,5,5,2,2,70.0,,3.0,,3.0,4.0,6.0,,,,5.0,,1.0,45.0,,,2.0,1.0,4.0,4.0,,,,,,,,,1.0,,,5.0,,1.0,,4.0,,,,,,,,,,,,1.0,1.0,1.0,1.0,1.0,1.0,6,3,3,3,3,5,6,6,3,2,62.0,55.0,60.0,70.0,68.0,65.0,75.0,60.0,50.0,45.0,2,2,2,2,2,1,1,2,1,2,2,2,2,2,1,2,2,2,2,1,2,2,1,1,2,2,1,2,1,1,1,2,2,2,1,1,2,2,1,2
576,5,5,5,5,5,5,5,5,1,1,,30.0,,1.0,2.0,4.0,6.0,,,,5.0,,,,2.0,1.0,,1.0,5.0,6.0,,,,,,,,,,2.0,3.0,,,,2.0,,5.0,1.0,1.0,1.0,1.0,1.0,1.0,1.0,1.0,1.0,1.0,,,,,,,6,2,2,2,2,5,6,6,3,1,70.0,60.0,65.0,80.0,85.0,80.0,90.0,80.0,30.0,25.0,2,2,2,2,2,2,2,2,2,2,2,2,2,1,1,1,2,2,2,2,2,1,2,1,2,1,2,1,2,1,2,1,2,1,1,1,2,1,2,2
405,5,5,5,5,5,5,5,5,2,2,,30.0,4.0,,3.0,3.0,6.0,,,,,5.0,,,2.0,,2.0,,,,2.0,4.0,5.0,,,,2.0,,,2.0,,7.0,,1.0,,5.0,,1.0,1.0,1.0,1.0,1.0,1.0,1.0,1.0,1.0,1.0,,,,,,,6,3,4,4,3,5,6,6,3,2,62.0,54.0,58.0,60.0,65.0,60.0,70.0,55.0,48.0,40.0,2,1,2,1,1,2,2,1,1,2,2,2,2,2,2,2,2,1,2,2,1,1,2,1,2,2,2,2,2,1,2,1,2,2,2,1,2,2,1,1
1547,2,2,2,2,2,2,2,2,1,2,,30.0,,1.0,,,,3.0,4.0,2.0,3.0,,1.0,30.0,,,2.0,1.0,2.0,3.0,,,,,,,20.0,,2.0,,3.0,,,1.0,,,2.0,,,,,,,,,,,1.0,1.0,1.0,1.0,1.0,1.0,6,2,2,2,2,5,6,6,2,2,30.0,25.0,25.0,20.0,20.0,15.0,20.0,10.0,40.0,10.0,2,2,2,2,2,2,2,2,2,2,2,2,1,2,2,2,2,2,2,2,2,2,2,2,2,2,2,2,2,2,2,2,2,2,2,2,2,1,2,2
1434,4,4,4,4,4,4,5,4,2,2,,30.0,4.0,,3.0,4.0,5.0,,,,,5.0,1.0,30.0,,,2.0,,,,,,,2.0,4.0,5.0,,15.0,,2.0,4.0,,,,2.0,,4.0,,,,,,,,,,,1.0,1.0,1.0,1.0,1.0,1.0,6,3,3,3,2,5,6,6,3,2,60.0,55.0,50.0,60.0,65.0,60.0,70.0,55.0,40.0,35.0,2,2,2,2,2,2,1,2,2,1,2,1,1,1,1,1,2,1,2,1,1,1,1,1,2,2,2,1,2,1,1,2,2,1,1,2,2,2,1,1
1228,5,5,5,5,5,5,5,5,2,2,,30.0,4.0,,3.0,3.0,6.0,,,,6.0,,1.0,54.0,,,2.0,1.0,5.0,6.0,,,,,,,,,1.0,,,6.0,,1.0,,,5.0,1.0,1.0,1.0,1.0,1.0,1.0,1.0,1.0,1.0,1.0,,,,,,,6,3,2,2,3,5,6,6,3,2,62.0,55.0,60.0,70.0,68.0,65.0,75.0,60.0,40.0,35.0,2,2,1,1,1,1,1,2,2,1,2,2,2,2,1,2,1,1,2,2,1,2,2,1,2,1,1,2,1,2,2,1,2,1,2,1,2,2,2,1
147,2,4,2,2,4,2,4,2,4,2,70.0,,1.0,,,,,2.0,3.0,2.0,,5.0,,,2.0,,2.0,,,,2.0,4.0,5.0,,,,,,,2.0,,,3.0,1.0,,4.0,,,,,,,,,,,,1.0,1.0,1.0,1.0,1.0,1.0,6,3,2,2,2,5,6,6,3,2,60.0,55.0,60.0,50.0,60.0,50.0,70.0,55.0,60.0,50.0,1,2,1,2,2,1,1,2,2,1,2,1,1,1,1,1,2,1,1,2,1,1,1,2,2,2,2,1,2,1,1,1,2,1,2,1,1,1,2,1
628,4,4,4,4,4,4,5,4,2,3,70.0,,,1.0,3.0,4.0,6.0,,,,5.0,,1.0,40.0,,1.0,,,,,2.0,4.0,4.0,,,,,20.0,1.0,,3.0,,,,1.0,4.0,,,,,,,,,,,,1.0,1.0,1.0,1.0,1.0,1.0,6,3,3,3,3,5,6,6,3,2,60.0,55.0,50.0,60.0,65.0,60.0,70.0,55.0,40.0,45.0,2,2,2,1,2,2,2,2,2,1,2,2,2,2,2,1,2,1,2,2,1,2,2,2,2,2,2,1,2,2,1,2,2,1,2,1,2,1,1,2
846,5,5,5,5,5,5,5,5,1,1,,30.0,,1.0,3.0,4.0,6.0,,,,5.0,,1.0,50.0,,,2.0,,,,2.0,5.0,6.0,,,,,,,2.0,,,1.0,1.0,,5.0,,1.0,1.0,1.0,1.0,1.0,1.0,1.0,1.0,1.0,1.0,,,,,,,6,3,2,2,2,5,6,6,3,2,65.0,60.0,60.0,70.0,75.0,70.0,80.0,65.0,40.0,35.0,2,1,2,2,2,2,1,2,1,2,2,2,2,2,1,2,2,2,1,2,2,2,2,2,2,2,2,2,2,2,1,2,2,2,2,2,2,1,2,2
935,4,4,4,4,4,4,4,4,2,2,70.0,,4.0,,,,,3.0,4.0,5.0,5.0,,,,2.0,,2.0,3.0,4.0,4.0,,,,,,,,,1.0,,,,3.0,1.0,,4.0,,,,,,,,,,,,1.0,1.0,1.0,1.0,1.0,1.0,6,2,3,3,3,5,6,6,3,2,60.0,55.0,60.0,65.0,70.0,60.0,75.0,60.0,50.0,45.0,2,2,2,1,2,2,2,2,2,2,2,1,2,2,1,2,2,2,1,2,2,2,2,1,2,2,2,2,2,1,1,2,2,2,2,2,2,2,1,1
1760,4,4,4,5,5,5,5,4,2,2,70.0,,4.0,,3.0,4.0,5.0,,,,,5.0,,,2.0,,2.0,,,,2.0,4.0,5.0,,,,,18.0,,2.0,,6.0,,,1.0,4.0,,,,,,,,,,,,1.0,1.0,1.0,1.0,1.0,1.0,6,3,4,3,2,5,6,5,3,2,62.0,55.0,60.0,68.0,70.0,65.0,75.0,58.0,40.0,45.0,1,1,2,1,2,2,1,1,1,1,1,2,1,2,2,1,1,2,2,1,1,1,2,1,1,2,2,2,2,1,1,2,1,1,2,2,2,2,2,1
1613,4,4,4,5,5,5,5,4,2,2,70.0,,4.0,,,,,4.0,5.0,3.0,5.0,,,,2.0,,2.0,3.0,4.0,5.0,,,,,,,,18.0,,2.0,,,3.0,1.0,,4.0,,1.0,1.0,1.0,1.0,1.0,1.0,1.0,1.0,1.0,1.0,,,,,,,6,3,3,3,2,5,6,6,3,2,62.0,55.0,60.0,68.0,70.0,65.0,75.0,60.0,40.0,38.0,2,2,1,1,2,1,2,1,2,1,2,1,2,2,2,1,2,2,2,1,1,1,2,2,2,2,1,1,1,2,2,2,2,2,2,1,1,1,2,1
1586,4,4,4,5,5,5,5,4,2,2,,30.0,4.0,,,,,3.0,4.0,4.0,,5.0,,,2.0,1.0,,,,,,,,4.0,4.0,5.0,5.0,,1.0,,,6.0,,1.0,,,5.0,1.0,1.0,1.0,1.0,1.0,1.0,1.0,1.0,1.0,1.0,,,,,,,6,3,4,3,3,5,6,6,3,2,60.0,55.0,60.0,70.0,75.0,65.0,80.0,60.0,40.0,35.0,2,2,2,2,2,1,1,2,1,1,1,1,2,2,2,2,1,1,2,2,1,2,2,1,2,2,2,1,1,2,2,1,2,1,1,2,1,2,1,1
360,2,3,2,2,2,2,2,2,1,1,,30.0,,1.0,2.0,3.0,6.0,,,,5.0,,,,2.0,,2.0,,,,1.0,2.0,3.0,,,,,,2.0,,3.0,,,,1.0,3.0,,,,,,,,,,,,1.0,1.0,1.0,1.0,1.0,1.0,6,2,2,2,2,5,6,6,2,2,40.0,35.0,30.0,30.0,30.0,25.0,30.0,20.0,60.0,50.0,1,2,1,2,2,1,2,2,2,1,1,2,2,1,1,2,1,1,1,1,1,2,2,2,2,1,1,2,1,1,1,2,2,2,2,1,1,2,1,2
213,4,4,4,4,4,4,5,4,2,2,,30.0,,1.0,3.0,4.0,6.0,,,,,5.0,,,2.0,1.0,,,,,,,,1.0,4.0,6.0,,,1.0,,,6.0,,,2.0,4.0,,1.0,1.0,1.0,1.0,1.0,1.0,1.0,1.0,1.0,1.0,,,,,,,6,3,3,3,3,4,6,6,3,1,60.0,55.0,60.0,65.0,70.0,60.0,80.0,65.0,50.0,45.0,2,2,1,2,2,2,2,2,1,2,2,1,2,2,2,2,1,2,2,2,1,2,2,2,2,1,2,2,2,2,2,2,2,2,2,2,2,1,2,1
186,5,5,5,5,5,5,5,5,1,1,70.0,,,1.0,,,,3.0,4.0,2.0,,5.0,,,2.0,,2.0,1.0,5.0,6.0,,,,,,,,20.0,1.0,,,7.0,,,2.0,,5.0,1.0,1.0,1.0,1.0,1.0,1.0,1.0,1.0,1.0,1.0,,,,,,,6,3,2,2,2,5,6,6,3,1,60.0,55.0,60.0,70.0,75.0,65.0,80.0,60.0,40.0,35.0,1,2,1,2,2,1,1,1,2,2,1,2,1,1,2,2,2,2,2,1,1,2,2,2,1,2,2,1,2,1,2,2,2,2,2,1,1,1,2,2
887,5,4,5,5,5,5,5,5,2,2,,30.0,4.0,,3.0,4.0,6.0,,,,,5.0,,,2.0,1.0,,,,,,,,2.0,4.0,5.0,,20.0,,2.0,,7.0,,,2.0,,5.0,1.0,1.0,1.0,1.0,1.0,1.0,1.0,1.0,1.0,1.0,,,,,,,6,2,2,3,3,5,6,6,3,1,60.0,55.0,60.0,65.0,70.0,60.0,80.0,65.0,55.0,50.0,2,2,1,2,1,2,1,2,2,2,1,1,2,1,1,1,1,1,2,1,2,2,2,1,2,2,2,2,1,2,2,2,2,1,1,2,2,1,1,1
11,2,3,2,2,2,2,2,2,1,1,70.0,,1.0,,2.0,3.0,5.0,,,,,5.0,,,2.0,1.0,,1.0,2.0,2.0,,,,,,,,,,2.0,,8.0,,,1.0,3.0,,,,,,,,,,,,1.0,1.0,1.0,1.0,1.0,1.0,6,2,2,2,2,5,6,6,1,1,40.0,35.0,30.0,30.0,30.0,25.0,30.0,20.0,40.0,35.0,1,2,1,2,1,2,1,2,2,2,1,2,2,2,1,2,2,2,2,2,2,2,2,2,2,1,1,1,1,2,2,2,1,1,2,2,1,2,2,2
1480,5,5,5,5,5,5,5,5,2,2,70.0,,,1.0,4.0,3.0,6.0,,,,,6.0,1.0,54.0,,1.0,,2.0,4.0,5.0,,,,,,,,,,2.0,5.0,,,1.0,,5.0,,1.0,1.0,1.0,1.0,1.0,1.0,1.0,1.0,1.0,1.0,,,,,,,6,2,2,2,2,5,6,6,3,1,65.0,55.0,60.0,70.0,75.0,70.0,80.0,60.0,40.0,35.0,1,2,1,2,1,2,1,1,2,1,2,2,1,2,2,2,2,1,1,1,2,1,1,1,2,2,2,1,1,1,2,2,2,1,2,2,1,1,2,1
1109,2,2,2,2,2,2,4,2,4,4,70.0,,1.0,,,,,3.0,4.0,3.0,,5.0,1.0,40.0,,1.0,,,,,,,,1.0,4.0,5.0,,,,2.0,,,3.0,,1.0,,3.0,1.0,1.0,1.0,1.0,1.0,1.0,1.0,1.0,1.0,1.0,,,,,,,6,2,2,2,2,4,6,6,3,2,40.0,30.0,30.0,30.0,30.0,30.0,40.0,30.0,40.0,40.0,2,2,2,2,2,1,1,1,2,1,2,1,1,2,1,2,1,1,1,2,2,1,2,1,1,1,2,1,1,2,2,2,2,2,1,2,1,1,1,2
1715,4,4,4,4,4,4,4,4,2,2,,30.0,3.0,,,,,4.0,4.0,3.0,5.0,,,,2.0,,2.0,,,,,,,2.0,4.0,5.0,,20.0,1.0,,,7.0,,,1.0,4.0,,,,,,,,,,,,1.0,1.0,1.0,1.0,1.0,1.0,6,3,3,3,2,5,6,6,3,2,55.0,50.0,52.0,60.0,65.0,60.0,70.0,55.0,40.0,35.0,2,1,2,2,1,1,1,1,1,1,2,1,1,2,2,1,1,2,1,2,1,1,2,2,1,1,2,2,2,2,2,1,1,1,2,2,2,1,2,1
1666,4,4,4,4,4,4,5,4,2,2,70.0,,,1.0,3.0,4.0,6.0,,,,,5.0,,,2.0,1.0,,,,,2.0,4.0,4.0,,,,,15.0,,2.0,,6.0,,1.0,,4.0,,,,,,,,,,,,1.0,1.0,1.0,1.0,1.0,1.0,6,2,3,3,2,4,6,6,3,2,55.0,50.0,50.0,60.0,60.0,55.0,70.0,60.0,40.0,35.0,1,2,2,1,2,2,1,1,2,1,2,2,2,1,1,2,2,1,2,2,1,2,2,1,1,2,1,2,1,1,1,2,2,2,2,1,2,1,1,1
509,2,3,2,2,3,2,4,2,4,2,70.0,,3.0,,,,,4.0,4.0,4.0,5.0,,1.0,50.0,,,2.0,2.0,3.0,4.0,,,,,,,18.0,,1.0,,4.0,,,1.0,,,4.0,1.0,1.0,1.0,1.0,1.0,1.0,1.0,1.0,1.0,1.0,,,,,,,6,3,2,2,2,4,6,6,3,2,40.0,35.0,30.0,30.0,35.0,25.0,40.0,30.0,40.0,30.0,1,1,2,2,1,2,1,1,2,2,1,1,2,1,2,1,2,1,2,1,1,2,2,1,2,1,2,1,2,1,2,2,2,1,2,1,2,2,1,1
315,5,5,5,5,5,5,5,5,1,1,70.0,,,1.0,3.0,4.0,6.0,,,,5.0,,,,2.0,1.0,,1.0,5.0,6.0,,,,,,,,20.0,,2.0,,,1.0,1.0,,6.0,,1.0,1.0,1.0,1.0,1.0,1.0,1.0,1.0,1.0,1.0,,,,,,,6,2,2,2,2,5,6,6,4,1,60.0,55.0,60.0,70.0,70.0,65.0,80.0,60.0,30.0,35.0,2,2,2,2,2,2,2,2,2,2,2,2,2,2,2,2,2,2,2,2,2,2,2,2,2,2,2,2,2,1,2,1,2,2,2,2,2,2,2,2
266,4,4,4,3,4,3,5,4,2,2,70.0,,,1.0,3.0,4.0,6.0,,,,5.0,,,,2.0,1.0,,,,,2.0,4.0,4.0,,,,5.0,,1.0,,,6.0,,,2.0,4.0,,1.0,1.0,1.0,1.0,1.0,1.0,1.0,1.0,1.0,1.0,,,,,,,6,2,4,4,2,5,6,5,3,2,55.0,48.0,52.0,60.0,65.0,58.0,70.0,50.0,40.0,35.0,1,2,1,2,2,1,1,2,1,2,1,2,2,1,1,1,2,2,1,1,2,1,1,1,2,1,1,2,2,1,1,2,1,1,2,2,1,1,1,1
2015,4,4,4,5,5,5,5,5,2,2,70.0,,,1.0,,,,3.0,4.0,4.0,,6.0,,,2.0,,2.0,,,,,,,2.0,4.0,5.0,20.0,,1.0,,,6.0,,2.0,,,5.0,,,,,,,,,,,1.0,1.0,1.0,1.0,1.0,1.0,6,3,4,3,3,5,6,5,3,2,62.0,55.0,60.0,68.0,70.0,65.0,75.0,60.0,50.0,45.0,1,2,1,1,2,2,1,2,2,2,1,1,2,1,2,1,1,2,1,1,1,1,1,1,2,2,1,1,1,2,2,1,2,1,2,1,1,2,2,1
64,3,4,3,2,3,2,4,2,4,3,70.0,,,1.0,3.0,4.0,6.0,,,,5.0,,1.0,30.0,,1.0,,2.0,3.0,4.0,,,,,,,20.0,,1.0,,,6.0,,,1.0,4.0,,,,,,,,,,,,1.0,1.0,1.0,1.0,1.0,1.0,6,3,3,3,3,5,6,6,3,2,40.0,35.0,30.0,45.0,50.0,35.0,60.0,30.0,55.0,40.0,1,2,1,2,1,2,2,2,2,2,2,2,1,1,2,1,1,1,1,2,2,1,2,1,1,2,1,1,1,1,1,2,2,1,2,1,2,2,2,1
981,5,4,5,5,5,5,5,5,2,2,,30.0,3.0,,,,,4.0,4.0,3.0,,5.0,,,2.0,1.0,,3.0,4.0,5.0,,,,,,,,18.0,1.0,,5.0,,,2.0,,4.0,,1.0,1.0,1.0,1.0,1.0,1.0,1.0,1.0,1.0,1.0,,,,,,,6,3,2,2,2,5,6,6,3,2,60.0,55.0,58.0,65.0,70.0,60.0,75.0,55.0,40.0,35.0,2,1,2,2,1,2,1,2,2,2,1,1,1,1,2,1,2,2,2,2,1,2,1,2,1,1,2,1,1,2,1,1,1,1,2,1,1,1,2,2
1808,5,4,5,5,5,5,5,5,2,2,,30.0,,2.0,3.0,4.0,6.0,,,,5.0,,1.0,40.0,,,2.0,,,,2.0,4.0,5.0,,,,2.0,,1.0,,,6.0,,1.0,,4.0,,,,,,,,,,,,1.0,1.0,1.0,1.0,1.0,1.0,6,3,3,3,2,5,6,6,3,2,60.0,55.0,60.0,70.0,75.0,65.0,80.0,60.0,40.0,35.0,1,2,2,1,2,2,2,2,2,2,2,2,2,1,1,1,1,2,2,2,2,1,1,1,2,1,1,1,2,2,2,1,2,1,1,2,2,1,2,1
1532,2,3,2,2,3,2,3,2,4,3,,30.0,,1.0,2.0,3.0,5.0,,,,3.0,,,,2.0,,2.0,,,,1.0,2.0,3.0,,,,,,2.0,,3.0,,,,1.0,,3.0,1.0,1.0,1.0,1.0,1.0,1.0,1.0,1.0,1.0,1.0,,,,,,,6,2,2,2,2,5,6,6,2,2,40.0,35.0,30.0,35.0,40.0,30.0,40.0,30.0,50.0,35.0,1,1,1,2,2,2,2,1,2,2,1,1,2,2,2,1,1,2,2,1,2,1,1,2,2,1,2,2,2,1,2,2,1,2,2,1,1,2,1,1
1441,5,5,5,5,5,5,5,5,2,2,70.0,,,1.0,3.0,4.0,6.0,,,,5.0,,,,2.0,1.0,,,,,,,,2.0,4.0,5.0,,20.0,,2.0,5.0,,,,2.0,,4.0,,,,,,,,,,,1.0,1.0,1.0,1.0,1.0,1.0,6,2,2,3,2,5,6,6,3,2,60.0,55.0,60.0,70.0,75.0,65.0,80.0,60.0,40.0,35.0,2,1,2,2,1,2,2,2,1,1,2,2,1,2,1,2,1,2,2,1,2,2,2,2,2,2,2,2,2,1,2,2,2,2,1,2,2,2,2,1
132,2,2,2,2,2,2,2,2,1,1,70.0,,,1.0,,,,3.0,4.0,5.0,,5.0,1.0,30.0,,1.0,,,,,,,,1.0,2.0,3.0,,,,2.0,3.0,,,1.0,,,2.0,1.0,1.0,1.0,1.0,1.0,1.0,1.0,1.0,1.0,1.0,,,,,,,6,2,2,2,2,5,6,6,1,1,30.0,25.0,25.0,25.0,25.0,25.0,25.0,25.0,20.0,20.0,2,2,2,2,2,2,2,2,2,2,2,2,2,2,2,2,2,2,2,2,2,2,2,2,2,2,2,2,2,2,2,2,2,2,2,2,2,2,2,2
833,5,4,5,5,5,5,5,5,2,2,70.0,,,1.0,3.0,4.0,6.0,,,,,5.0,,,2.0,1.0,,,,,3.0,4.0,6.0,,,,,,,2.0,,6.0,,,2.0,,5.0,,,,,,,,,,,1.0,1.0,1.0,1.0,1.0,1.0,6,3,3,3,2,5,6,6,3,2,60.0,55.0,60.0,70.0,70.0,65.0,80.0,60.0,50.0,40.0,1,2,2,2,1,1,2,1,2,1,1,2,2,1,1,2,2,2,2,1,2,1,1,2,1,1,2,2,2,1,1,1,1,2,1,2,1,2,2,2
940,5,5,5,5,5,5,5,5,1,1,70.0,,,1.0,,,,4.0,4.0,3.0,,5.0,1.0,54.0,,1.0,,1.0,5.0,6.0,,,,,,,,,1.0,,3.0,,,1.0,,,5.0,1.0,1.0,1.0,1.0,1.0,1.0,1.0,1.0,1.0,1.0,,,,,,,6,2,2,2,2,5,6,6,3,1,60.0,55.0,60.0,70.0,65.0,60.0,70.0,60.0,40.0,35.0,2,2,2,2,2,2,1,2,2,2,2,2,2,2,2,2,2,2,2,2,2,2,2,1,2,2,2,2,2,2,2,2,1,2,2,2,2,2,1,2
442,4,4,4,4,4,4,5,4,2,2,70.0,,,1.0,,,,3.0,4.0,3.0,,5.0,1.0,30.0,,1.0,,3.0,4.0,4.0,,,,,,,,,,2.0,,,2.0,1.0,,4.0,,,,,,,,,,,,1.0,1.0,1.0,1.0,1.0,1.0,6,3,3,3,3,5,6,6,3,2,60.0,55.0,55.0,60.0,65.0,60.0,70.0,60.0,40.0,40.0,2,2,1,2,2,2,2,1,1,1,2,2,2,2,2,2,2,2,2,1,2,1,2,1,2,1,2,2,1,1,2,1,1,2,2,2,2,2,2,2
531,5,4,4,4,5,4,5,4,2,2,70.0,,3.0,,3.0,4.0,5.0,,,,,5.0,1.0,40.0,,,2.0,2.0,4.0,5.0,,,,,,,18.0,,,2.0,5.0,,,1.0,,,4.0,,,,,,,,,,,1.0,1.0,1.0,1.0,1.0,1.0,6,3,2,3,2,5,6,5,3,2,60.0,55.0,58.0,65.0,68.0,62.0,70.0,55.0,40.0,38.0,1,2,1,1,1,2,2,2,2,2,1,1,2,1,1,1,2,2,2,1,2,1,2,2,1,2,1,1,1,2,1,2,1,1,2,2,2,1,2,1
1042,2,3,2,2,3,2,3,2,4,3,70.0,,4.0,,,,,3.0,4.0,3.0,5.0,,1.0,54.0,,,2.0,1.0,3.0,4.0,,,,,,,,,2.0,,3.0,,,,1.0,3.0,,,,,,,,,,,,1.0,1.0,1.0,1.0,1.0,1.0,6,3,4,3,2,5,6,5,2,2,55.0,48.0,52.0,50.0,54.0,47.0,60.0,45.0,58.0,49.0,2,2,2,1,1,1,1,2,2,2,2,2,2,1,2,2,2,2,2,2,1,2,1,2,2,2,2,2,1,2,2,2,1,2,2,2,1,2,1,1
1131,4,4,4,4,4,4,4,4,2,2,,30.0,,1.0,3.0,4.0,6.0,,,,5.0,,,,2.0,,2.0,1.0,4.0,4.0,,,,,,,,20.0,,2.0,,5.0,,1.0,,,4.0,,,,,,,,,,,1.0,1.0,1.0,1.0,1.0,1.0,6,3,3,3,3,5,6,6,3,2,60.0,55.0,60.0,60.0,65.0,60.0,70.0,55.0,50.0,45.0,2,1,2,1,2,1,2,2,1,2,2,1,2,1,2,2,2,1,2,1,1,1,1,2,2,1,2,1,1,1,2,2,2,1,2,2,2,2,1,2
1943,5,5,5,5,5,5,5,5,2,2,,30.0,,1.0,3.0,4.0,6.0,,,,5.0,,1.0,40.0,,,2.0,1.0,5.0,6.0,,,,,,,,,,2.0,,9.0,,1.0,,5.0,,,,,,,,,,,,1.0,1.0,1.0,1.0,1.0,1.0,6,2,2,2,2,5,6,6,3,2,60.0,55.0,60.0,70.0,70.0,65.0,80.0,60.0,40.0,35.0,2,1,1,1,2,1,2,1,1,2,2,2,2,1,1,1,1,1,2,1,1,2,2,2,1,2,1,2,1,2,2,1,1,2,1,1,1,1,1,2
1830,4,4,4,3,4,4,4,4,2,2,,30.0,4.0,,,,,4.0,4.0,3.0,5.0,,,,2.0,,2.0,2.0,4.0,5.0,,,,,,,,20.0,1.0,,,7.0,,1.0,,4.0,,,,,,,,,,,,1.0,1.0,1.0,1.0,1.0,1.0,6,3,4,3,3,5,6,5,3,2,60.0,55.0,58.0,52.0,60.0,55.0,65.0,60.0,45.0,40.0,2,2,2,2,1,1,2,1,2,1,2,1,1,1,1,2,1,1,2,1,1,2,2,1,1,1,1,1,1,2,2,1,1,2,1,1,2,1,1,2
665,5,5,5,5,5,5,5,5,2,2,70.0,,,1.0,4.0,4.0,6.0,,,,5.0,,,,2.0,,2.0,,,,,,,2.0,5.0,6.0,,16.0,1.0,,,,3.0,,2.0,5.0,,,,,,,,,,,,1.0,1.0,1.0,1.0,1.0,1.0,6,3,2,2,2,5,6,6,3,2,62.0,54.0,58.0,66.0,68.0,60.0,74.0,59.0,44.0,41.0,1,2,2,2,2,1,2,2,2,2,1,2,2,1,2,2,2,2,2,1,2,1,2,1,1,1,2,1,2,2,1,1,2,1,1,1,2,1,1,2
716,4,4,4,4,4,4,5,4,2,2,70.0,,,1.0,,,,4.0,3.0,5.0,5.0,,1.0,54.0,,1.0,,,,,2.0,4.0,5.0,,,,,16.0,1.0,,,,3.0,1.0,,4.0,,1.0,1.0,1.0,1.0,1.0,1.0,1.0,1.0,1.0,1.0,,,,,,,6,3,2,2,2,4,6,5,3,2,62.0,55.0,60.0,65.0,68.0,60.0,75.0,58.0,45.0,40.0,1,2,2,1,1,2,2,1,1,1,2,2,1,1,1,2,2,2,1,1,2,2,2,1,2,2,2,2,2,1,2,1,2,1,1,1,2,2,1,2
483,2,3,2,2,2,2,2,2,1,1,,30.0,1.0,,3.0,4.0,6.0,,,,5.0,,,,2.0,1.0,,,,,1.0,2.0,3.0,,,,,,,2.0,3.0,,,,1.0,,3.0,,,,,,,,,,,1.0,1.0,1.0,1.0,1.0,1.0,6,2,2,2,2,5,6,6,2,1,30.0,30.0,30.0,30.0,30.0,30.0,30.0,30.0,30.0,30.0,1,1,1,1,1,1,1,1,1,1,1,1,1,1,1,1,1,1,1,1,1,1,1,1,1,1,1,1,1,1,1,1,1,1,1,1,2,2,1,1
1265,2,3,2,2,2,2,2,2,4,3,70.0,,,1.0,,,,3.0,4.0,3.0,5.0,,1.0,30.0,,1.0,,,,,,,,1.0,2.0,4.0,,,2.0,,3.0,,,1.0,,,4.0,1.0,1.0,1.0,1.0,1.0,1.0,1.0,1.0,1.0,1.0,,,,,,,6,2,2,2,2,4,6,6,3,2,40.0,35.0,30.0,30.0,30.0,25.0,35.0,30.0,40.0,30.0,2,2,2,2,2,2,2,2,1,2,2,1,2,2,1,2,1,2,2,2,2,2,1,2,2,1,1,2,1,1,1,2,2,1,2,1,1,1,1,1
1316,4,4,4,3,4,3,5,4,2,2,70.0,,3.0,,3.0,4.0,6.0,,,,5.0,,,,2.0,1.0,,2.0,4.0,4.0,,,,,,,,,1.0,,,,2.0,,1.0,,4.0,1.0,1.0,1.0,1.0,1.0,1.0,1.0,1.0,1.0,1.0,,,,,,,6,3,3,3,3,5,6,6,3,1,60.0,55.0,50.0,60.0,65.0,55.0,70.0,60.0,50.0,45.0,2,2,2,1,2,2,1,1,2,2,2,2,2,2,2,1,1,2,2,1,1,1,1,2,2,1,2,1,2,1,1,1,1,2,2,2,2,1,1,1
1083,4,4,4,4,4,4,5,4,2,2,,30.0,,1.0,,,,4.0,4.0,3.0,5.0,,,,2.0,1.0,,,,,,,,1.0,4.0,5.0,18.0,,,2.0,5.0,,,1.0,,4.0,,1.0,1.0,1.0,1.0,1.0,1.0,1.0,1.0,1.0,1.0,,,,,,,6,3,4,3,2,5,6,5,3,2,62.0,55.0,60.0,65.0,68.0,60.0,70.0,55.0,45.0,40.0,1,2,1,2,2,2,1,1,2,2,2,1,1,2,2,2,2,1,2,1,1,1,1,1,2,2,2,2,2,2,1,2,2,2,2,1,2,2,1,2
1479,4,5,4,5,5,4,5,5,2,2,70.0,,,2.0,3.0,4.0,6.0,,,,5.0,,,,2.0,1.0,,2.0,4.0,4.0,,,,,,,20.0,,1.0,,,6.0,,1.0,,,4.0,,,,,,,,,,,1.0,1.0,1.0,1.0,1.0,1.0,6,3,2,2,3,5,6,6,3,2,60.0,55.0,50.0,65.0,70.0,60.0,75.0,55.0,40.0,35.0,2,2,2,2,2,2,2,2,2,2,2,2,2,2,2,2,2,2,2,2,1,2,2,2,2,2,1,2,2,2,2,2,2,2,2,2,2,2,2,2
1982,4,4,4,4,4,4,5,4,2,2,,30.0,,1.0,,,,3.0,4.0,5.0,5.0,,1.0,40.0,,,2.0,,,,2.0,4.0,4.0,,,,,16.0,1.0,,,,2.0,1.0,,4.0,,,,,,,,,,,,1.0,1.0,1.0,1.0,1.0,1.0,6,3,3,3,2,5,6,6,3,2,60.0,55.0,50.0,60.0,65.0,60.0,70.0,55.0,40.0,35.0,2,2,2,1,2,2,1,1,1,2,2,2,2,1,1,2,2,2,1,2,1,2,1,1,1,2,1,2,2,1,2,1,2,2,1,1,1,1,1,1
978,4,4,4,4,4,4,4,4,2,2,,30.0,,1.0,,,,4.0,4.0,3.0,,5.0,,,2.0,,2.0,2.0,4.0,4.0,,,,,,,,18.0,1.0,,3.0,,,,1.0,4.0,,,,,,,,,,,,1.0,1.0,1.0,1.0,1.0,1.0,6,3,3,3,2,5,6,6,3,2,60.0,55.0,60.0,65.0,65.0,60.0,70.0,55.0,40.0,45.0,2,1,2,1,2,2,2,1,2,1,2,2,1,2,2,1,1,1,2,2,2,2,2,2,1,2,1,2,1,2,2,2,1,2,2,1,1,2,2,1
585,2,2,2,2,2,2,2,2,1,1,,30.0,,1.0,3.0,4.0,6.0,,,,,5.0,1.0,20.0,,1.0,,1.0,2.0,2.0,,,,,,,20.0,,1.0,,,10.0,,,2.0,2.0,,,,,,,,,,,,1.0,1.0,1.0,1.0,1.0,1.0,6,2,2,2,2,4,6,6,1,2,30.0,25.0,25.0,20.0,20.0,15.0,20.0,10.0,40.0,30.0,2,2,2,2,2,2,2,2,2,2,2,2,2,2,2,2,2,2,2,2,2,2,2,2,2,2,2,2,2,2,2,2,2,2,2,2,2,2,2,2
399,4,4,4,4,4,4,5,4,2,2,70.0,,,1.0,,,,3.0,4.0,3.0,5.0,,1.0,40.0,,,2.0,1.0,4.0,5.0,,,,,,,,,,2.0,,,2.0,1.0,,,4.0,,,,,,,,,,,1.0,1.0,1.0,1.0,1.0,1.0,6,3,4,3,3,5,6,5,3,2,60.0,55.0,60.0,65.0,70.0,65.0,80.0,60.0,40.0,35.0,1,2,2,2,2,2,2,1,2,2,2,2,2,2,1,2,2,2,1,2,2,1,2,2,1,2,2,2,1,2,2,2,2,1,1,2,2,1,1,1
610,4,4,4,4,4,4,4,4,2,2,70.0,,4.0,,,,,4.0,4.0,3.0,5.0,,,,2.0,,2.0,,,,2.0,4.0,5.0,,,,20.0,,,2.0,,,3.0,,1.0,,4.0,,,,,,,,,,,1.0,1.0,1.0,1.0,1.0,1.0,6,3,3,3,2,5,6,6,3,2,60.0,55.0,60.0,65.0,65.0,60.0,70.0,60.0,40.0,40.0,2,2,2,1,1,1,2,2,2,1,1,2,2,2,2,1,2,2,2,1,1,2,1,1,1,1,1,1,2,2,1,2,2,2,2,2,2,2,2,2
763,5,5,5,5,5,5,5,5,1,1,70.0,,,1.0,,,,3.0,4.0,3.0,,6.0,1.0,54.0,,1.0,,,,,,,,4.0,5.0,6.0,,,,2.0,7.0,,,,2.0,,5.0,,,,,,,,,,,1.0,1.0,1.0,1.0,1.0,1.0,6,3,2,2,3,5,6,6,3,2,65.0,60.0,60.0,70.0,75.0,70.0,80.0,65.0,30.0,35.0,2,2,2,1,1,1,2,2,1,1,2,1,2,2,2,1,2,2,1,1,2,2,2,2,2,1,1,2,2,1,1,2,2,1,2,1,1,2,1,2
1185,4,4,4,5,5,5,5,5,2,2,70.0,,4.0,,,,,3.0,4.0,2.0,5.0,,1.0,54.0,,,2.0,2.0,4.0,5.0,,,,,,,18.0,,,2.0,5.0,,,,1.0,4.0,,,,,,,,,,,,1.0,1.0,1.0,1.0,1.0,1.0,6,3,4,3,3,5,6,6,3,2,62.0,54.0,56.0,68.0,70.0,65.0,74.0,60.0,48.0,44.0,1,2,1,2,2,2,2,2,2,2,1,2,2,2,1,1,2,2,2,1,2,2,2,2,2,2,1,2,2,2,1,2,2,2,2,1,1,2,1,2
1799,4,4,4,4,4,4,5,4,2,2,,30.0,,1.0,,,,4.0,4.0,3.0,5.0,,1.0,45.0,,1.0,,2.0,4.0,5.0,,,,,,,,12.0,,2.0,,6.0,,,2.0,4.0,,1.0,1.0,1.0,1.0,1.0,1.0,1.0,1.0,1.0,1.0,,,,,,,6,3,3,3,3,5,6,6,3,2,62.0,55.0,58.0,65.0,68.0,60.0,70.0,54.0,48.0,45.0,2,1,1,1,2,1,2,2,1,2,1,1,1,1,2,2,1,2,1,2,2,1,2,2,2,1,1,2,1,2,2,2,2,2,1,2,2,2,1,2
1210,2,3,2,2,2,2,2,2,4,2,,30.0,1.0,,,,,3.0,4.0,2.0,,5.0,1.0,30.0,,,2.0,,,,,,,1.0,4.0,5.0,,,,2.0,5.0,,,1.0,,4.0,,,,,,,,,,,,1.0,1.0,1.0,1.0,1.0,1.0,6,3,2,2,3,5,6,6,3,1,40.0,35.0,30.0,30.0,35.0,30.0,40.0,30.0,50.0,30.0,1,2,1,1,2,2,1,1,2,1,2,2,2,1,1,1,1,1,1,2,2,1,1,1,1,2,2,2,2,1,1,2,1,1,2,1,1,2,1,1
1363,4,4,4,5,5,5,5,5,2,2,70.0,,4.0,,2.0,3.0,6.0,,,,5.0,,,,2.0,1.0,,,,,,,,2.0,5.0,6.0,,18.0,1.0,,4.0,,,1.0,,,5.0,1.0,1.0,1.0,1.0,1.0,1.0,1.0,1.0,1.0,1.0,,,,,,,6,3,2,3,2,5,6,5,3,2,60.0,55.0,60.0,70.0,75.0,65.0,80.0,60.0,40.0,35.0,1,2,2,2,2,1,2,1,2,2,1,2,2,2,2,2,2,1,2,2,2,2,1,2,2,2,2,1,2,1,1,2,1,2,1,1,1,2,1,1
1884,2,3,2,2,2,2,4,2,4,3,70.0,,1.0,,,,,3.0,4.0,5.0,5.0,,1.0,54.0,,,2.0,,,,1.0,4.0,5.0,,,,5.0,,1.0,,5.0,,,,1.0,,4.0,1.0,1.0,1.0,1.0,1.0,1.0,1.0,1.0,1.0,1.0,,,,,,,6,3,2,2,2,4,6,5,3,2,55.0,45.0,50.0,40.0,50.0,40.0,60.0,45.0,60.0,40.0,1,1,1,1,1,1,1,1,2,2,1,2,2,1,1,1,1,1,2,2,1,1,2,1,2,2,1,1,1,1,2,1,2,1,1,2,1,2,1,1
358,5,4,5,5,5,5,5,5,2,2,,30.0,4.0,,,,,4.0,4.0,3.0,,5.0,1.0,40.0,,,2.0,,,,,,,2.0,4.0,5.0,,18.0,,2.0,,,3.0,,2.0,5.0,,,,,,,,,,,,1.0,1.0,1.0,1.0,1.0,1.0,6,3,3,2,2,5,6,6,3,2,60.0,55.0,60.0,70.0,70.0,65.0,75.0,60.0,40.0,35.0,2,2,1,1,2,2,1,2,1,2,2,2,1,2,2,1,2,1,1,1,2,1,2,2,2,1,1,2,1,2,2,1,1,1,2,1,2,2,2,1
437,5,4,5,5,5,5,5,5,1,1,,30.0,,1.0,3.0,4.0,6.0,,,,5.0,,,,2.0,1.0,,,,,,,,2.0,4.0,5.0,,20.0,,2.0,,,3.0,1.0,,4.0,,,,,,,,,,,,1.0,1.0,1.0,1.0,1.0,1.0,6,3,4,3,3,5,6,6,3,2,60.0,55.0,60.0,65.0,70.0,65.0,80.0,60.0,40.0,35.0,2,2,2,1,2,1,1,2,1,1,1,1,2,1,2,1,2,2,1,2,2,2,2,2,2,2,2,1,2,2,2,2,2,1,2,2,1,2,2,1
544,4,4,4,5,5,5,5,5,2,2,,30.0,4.0,,,,,3.0,4.0,5.0,5.0,,1.0,54.0,,,2.0,,,,,,,2.0,4.0,5.0,2.0,,,2.0,5.0,,,,2.0,,4.0,,,,,,,,,,,1.0,1.0,1.0,1.0,1.0,1.0,6,3,3,3,3,5,6,6,3,2,60.0,55.0,60.0,70.0,70.0,65.0,80.0,65.0,40.0,35.0,2,2,1,2,2,1,2,2,1,2,2,2,2,1,2,1,1,1,2,1,1,2,1,2,2,1,2,1,1,2,2,1,2,1,1,2,2,2,2,2
1758,4,4,4,4,4,4,4,4,2,2,,30.0,,1.0,,,,4.0,3.0,3.0,,5.0,,,2.0,1.0,,2.0,4.0,5.0,,,,,,,,,,2.0,5.0,,,,1.0,,4.0,1.0,1.0,1.0,1.0,1.0,1.0,1.0,1.0,1.0,1.0,,,,,,,6,3,2,2,2,5,6,6,3,2,60.0,55.0,60.0,65.0,65.0,60.0,70.0,60.0,50.0,45.0,1,2,1,1,1,1,1,2,1,1,1,2,2,2,2,2,1,2,2,2,2,1,2,2,2,1,2,2,2,2,2,2,2,2,2,2,2,2,1,2
1037,2,3,2,2,3,2,4,2,4,2,70.0,,3.0,,3.0,4.0,6.0,,,,5.0,,1.0,30.0,,1.0,,,,,,,,1.0,4.0,5.0,,,,2.0,,6.0,,1.0,,3.0,,1.0,1.0,1.0,1.0,1.0,1.0,1.0,1.0,1.0,1.0,,,,,,,6,2,2,2,2,5,6,6,2,2,40.0,35.0,30.0,30.0,35.0,25.0,40.0,30.0,50.0,30.0,2,1,1,1,2,2,2,1,1,1,2,2,1,1,2,1,1,1,2,1,2,2,2,1,2,2,2,2,2,1,1,1,1,1,1,2,2,1,1,2
1144,2,3,2,2,2,2,2,2,1,3,,30.0,,1.0,,,,3.0,3.0,3.0,3.0,,1.0,30.0,,,2.0,,,,1.0,2.0,2.0,,,,,,,2.0,3.0,,,,1.0,3.0,,,,,,,,,,,,1.0,1.0,1.0,1.0,1.0,1.0,6,2,2,2,2,4,5,5,2,2,30.0,25.0,25.0,20.0,20.0,20.0,20.0,20.0,40.0,30.0,2,2,2,2,2,2,2,2,2,2,2,2,2,2,2,2,2,2,2,2,2,2,2,2,2,2,2,2,2,2,2,2,2,2,2,2,2,2,2,2
1936,2,4,3,2,2,2,4,2,4,2,,30.0,1.0,,3.0,4.0,6.0,,,,3.0,,,,2.0,1.0,,,,,2.0,2.0,4.0,,,,,,,2.0,3.0,,,1.0,,3.0,,,,,,,,,,,,1.0,1.0,1.0,1.0,1.0,1.0,6,2,2,2,2,5,6,6,3,2,40.0,35.0,30.0,25.0,30.0,25.0,35.0,20.0,40.0,20.0,1,2,2,1,2,2,1,2,1,1,1,1,2,2,1,2,1,1,2,2,2,2,2,2,2,2,1,2,1,1,1,2,2,2,1,1,2,2,1,2
1845,4,4,4,4,4,4,4,4,2,2,70.0,,4.0,,3.0,4.0,5.0,,,,5.0,,1.0,40.0,,1.0,,,,,2.0,4.0,5.0,,,,,18.0,1.0,,,6.0,,,2.0,4.0,,1.0,1.0,1.0,1.0,1.0,1.0,1.0,1.0,1.0,1.0,,,,,,,6,3,3,3,3,5,6,6,3,2,60.0,55.0,60.0,65.0,70.0,65.0,75.0,60.0,50.0,45.0,1,2,2,2,1,1,1,1,1,2,1,2,1,2,2,1,2,2,2,2,1,1,1,1,1,2,1,1,2,1,2,1,1,1,2,1,2,1,1,1
29,4,4,4,4,4,4,5,4,2,2,70.0,,,1.0,,,,4.0,4.0,3.0,5.0,,,,2.0,1.0,,,,,,,,1.0,4.0,5.0,,,1.0,,3.0,,,,1.0,4.0,,1.0,1.0,1.0,1.0,1.0,1.0,1.0,1.0,1.0,1.0,,,,,,,6,3,2,2,2,4,6,6,3,1,60.0,55.0,60.0,65.0,65.0,60.0,70.0,60.0,50.0,45.0,2,2,2,1,2,2,2,2,1,1,2,1,2,1,1,1,2,2,2,1,1,1,2,2,2,2,1,1,1,2,1,2,2,1,1,1,1,2,2,2
2058,5,4,5,5,5,5,5,5,2,2,,30.0,,1.0,2.0,3.0,6.0,,,,,6.0,,,2.0,,2.0,,,,,,,2.0,5.0,6.0,,20.0,1.0,,,,3.0,1.0,,5.0,,,,,,,,,,,,1.0,1.0,1.0,1.0,1.0,1.0,6,3,3,3,3,5,6,6,3,2,62.0,55.0,60.0,70.0,75.0,65.0,80.0,60.0,40.0,35.0,1,2,1,2,2,1,2,2,2,1,1,2,1,1,2,1,2,2,1,2,1,2,2,1,1,2,2,1,2,2,1,2,1,1,1,2,2,2,1,2
907,4,4,4,4,4,4,5,4,2,2,70.0,,,1.0,,,,3.0,4.0,3.0,,5.0,1.0,40.0,,,2.0,,,,,,,2.0,4.0,5.0,,,,2.0,4.0,,,,1.0,4.0,,1.0,1.0,1.0,1.0,1.0,1.0,1.0,1.0,1.0,1.0,,,,,,,6,3,4,3,2,5,6,5,3,2,60.0,55.0,60.0,65.0,65.0,60.0,70.0,60.0,50.0,45.0,2,1,2,1,2,2,1,1,2,1,2,2,1,1,2,2,2,2,1,2,2,2,2,2,2,2,2,2,2,2,2,2,2,2,2,2,2,2,2,1
874,4,4,4,4,4,4,4,4,2,2,70.0,,4.0,,3.0,3.0,6.0,,,,5.0,,,,2.0,,2.0,,,,,,,1.0,4.0,4.0,,20.0,1.0,,3.0,,,1.0,,,4.0,,,,,,,,,,,1.0,1.0,1.0,1.0,1.0,1.0,6,2,2,2,2,4,6,6,3,2,60.0,55.0,60.0,60.0,60.0,60.0,60.0,60.0,40.0,40.0,2,2,1,2,2,2,2,2,2,1,2,1,2,2,2,2,2,2,2,1,2,2,1,1,2,2,2,2,2,2,2,1,2,2,2,2,2,2,2,1
175,4,4,4,3,4,4,5,4,2,2,70.0,,4.0,,,,,3.0,4.0,5.0,5.0,,,,2.0,1.0,,,,,,,,3.0,4.0,5.0,18.0,,1.0,,4.0,,,,1.0,,4.0,1.0,1.0,1.0,1.0,1.0,1.0,1.0,1.0,1.0,1.0,,,,,,,6,3,4,4,3,5,6,6,3,2,60.0,55.0,60.0,65.0,65.0,60.0,70.0,60.0,55.0,50.0,1,2,2,1,2,1,2,1,2,1,1,2,2,2,2,2,2,1,1,2,1,2,1,1,1,2,1,1,1,1,2,1,2,1,1,2,2,2,1,2
769,4,4,4,5,5,5,5,4,2,2,70.0,,4.0,,,,,3.0,4.0,4.0,,5.0,1.0,50.0,,1.0,,3.0,4.0,5.0,,,,,,,,5.0,1.0,,,,3.0,1.0,,4.0,,1.0,1.0,1.0,1.0,1.0,1.0,1.0,1.0,1.0,1.0,,,,,,,6,3,4,3,2,5,6,5,3,2,60.0,55.0,60.0,65.0,70.0,60.0,75.0,55.0,40.0,45.0,1,2,1,1,2,2,1,2,2,1,2,1,2,1,2,1,2,2,2,2,1,2,1,2,2,1,1,1,2,2,2,2,2,1,2,2,2,1,2,2
393,4,4,4,4,4,4,4,4,2,2,,30.0,4.0,,,,,3.0,4.0,3.0,,6.0,1.0,54.0,,,2.0,,,,,,,1.0,4.0,5.0,2.0,,,2.0,,,3.0,,2.0,,5.0,,,,,,,,,,,1.0,1.0,1.0,1.0,1.0,1.0,6,2,2,2,2,5,6,6,3,2,60.0,55.0,60.0,65.0,70.0,60.0,75.0,60.0,50.0,45.0,1,1,2,1,1,2,2,2,1,1,1,2,1,1,1,1,2,2,2,1,1,2,1,2,1,1,1,1,2,2,1,2,1,2,1,2,2,1,2,2
1406,4,4,4,3,4,3,4,3,2,2,,30.0,,1.0,,,,3.0,4.0,5.0,5.0,,1.0,40.0,,1.0,,1.0,3.0,4.0,,,,,,,20.0,,1.0,,4.0,,,,1.0,4.0,,1.0,1.0,1.0,1.0,1.0,1.0,1.0,1.0,1.0,1.0,,,,,,,6,2,3,3,3,5,6,6,3,2,60.0,55.0,50.0,60.0,60.0,55.0,65.0,50.0,40.0,35.0,2,1,2,2,2,2,2,2,2,2,2,2,2,2,1,1,1,2,2,1,2,2,2,2,1,1,1,1,2,2,2,1,1,1,2,2,2,2,2,2
1575,2,3,2,3,3,3,3,2,4,3,,30.0,1.0,,,,,2.0,3.0,2.0,3.0,,,,2.0,1.0,,,,,1.0,2.0,2.0,,,,,,2.0,,,6.0,,1.0,,2.0,,1.0,1.0,1.0,1.0,1.0,1.0,1.0,1.0,1.0,1.0,,,,,,,3,2,2,2,2,3,4,4,2,1,30.0,25.0,25.0,30.0,30.0,25.0,25.0,20.0,40.0,25.0,2,1,2,2,1,1,1,2,2,1,2,2,1,1,2,2,2,1,1,1,2,2,2,1,2,2,1,1,1,2,2,1,1,2,2,2,2,1,2,1
1369,2,2,2,1,2,2,2,2,1,2,,30.0,4.0,,,,,3.0,4.0,3.0,5.0,,1.0,30.0,,,2.0,,,,5.0,2.0,6.0,,,,,,2.0,,3.0,,,1.0,,,2.0,,,,,,,,,,,1.0,1.0,1.0,1.0,1.0,1.0,6,2,2,2,2,5,6,6,2,2,30.0,25.0,20.0,10.0,15.0,10.0,20.0,10.0,40.0,30.0,2,1,2,2,1,1,1,2,1,2,1,1,2,2,1,1,2,1,2,2,1,1,1,1,2,2,1,2,2,2,2,1,2,2,1,2,2,2,2,1
1793,4,4,4,3,4,3,4,3,2,2,,30.0,,1.0,3.0,3.0,6.0,,,,,5.0,1.0,30.0,,,2.0,,,,,,,3.0,4.0,4.0,18.0,,1.0,,,6.0,,2.0,,,4.0,,,,,,,,,,,1.0,1.0,1.0,1.0,1.0,1.0,6,2,3,3,3,5,6,6,3,2,55.0,50.0,50.0,60.0,60.0,55.0,65.0,50.0,40.0,35.0,1,1,2,2,1,2,1,2,1,1,2,1,2,1,2,1,2,2,2,1,2,2,1,2,2,2,2,2,2,1,1,2,1,1,1,2,1,2,2,1
23,5,4,4,4,5,5,5,5,2,2,70.0,,4.0,,,,,3.0,5.0,4.0,5.0,,1.0,50.0,,,2.0,,,,2.0,4.0,5.0,,,,,,1.0,,3.0,,,,1.0,4.0,,,,,,,,,,,,1.0,1.0,1.0,1.0,1.0,1.0,6,3,2,2,2,5,6,6,3,2,60.0,55.0,50.0,65.0,70.0,60.0,75.0,55.0,40.0,35.0,2,2,2,1,1,2,2,1,1,2,2,1,2,1,1,1,2,1,1,1,1,1,1,2,1,1,2,2,2,1,1,2,1,2,2,2,2,1,2,1
2052,5,5,5,5,5,5,5,5,1,1,,30.0,4.0,,3.0,4.0,6.0,,,,5.0,,,,2.0,1.0,,,,,,,,4.0,5.0,6.0,,20.0,1.0,,,,3.0,1.0,,,5.0,,,,,,,,,,,1.0,1.0,1.0,1.0,1.0,1.0,6,2,2,2,2,5,6,6,3,2,60.0,55.0,60.0,70.0,75.0,65.0,80.0,60.0,40.0,35.0,2,1,2,1,2,1,1,2,2,2,2,1,2,1,2,1,1,1,1,2,2,1,2,1,2,1,2,1,2,2,2,2,2,2,2,1,1,2,2,1
221,2,2,2,1,2,2,2,2,1,2,70.0,,,1.0,,,,3.0,4.0,4.0,5.0,,1.0,30.0,,1.0,,1.0,2.0,2.0,,,,,,,20.0,,,2.0,1.0,,,,1.0,,2.0,,,,,,,,,,,1.0,1.0,1.0,1.0,1.0,1.0,6,2,2,2,2,5,6,6,1,2,30.0,25.0,20.0,10.0,15.0,10.0,20.0,10.0,40.0,15.0,2,2,2,2,2,2,2,2,2,2,2,2,2,2,2,2,2,2,2,2,2,2,2,2,2,2,2,2,2,2,2,2,2,2,2,2,2,2,2,2
352,4,4,4,4,4,4,5,4,2,2,70.0,,,1.0,,,,4.0,4.0,3.0,,5.0,,,2.0,,2.0,1.0,4.0,5.0,,,,,,,20.0,,,2.0,,6.0,,,2.0,4.0,,,,,,,,,,,,1.0,1.0,1.0,1.0,1.0,1.0,6,3,3,3,3,5,6,6,3,2,60.0,55.0,60.0,65.0,65.0,60.0,70.0,60.0,40.0,40.0,2,1,1,1,1,2,2,2,1,2,2,1,1,1,1,1,2,1,2,1,1,1,2,2,2,1,1,1,1,2,1,1,1,1,2,2,2,1,2,2
1621,5,5,5,5,5,5,5,5,1,1,70.0,,,1.0,,,,4.0,4.0,3.0,,6.0,,,2.0,1.0,,1.0,5.0,6.0,,,,,,,20.0,,,2.0,,5.0,,1.0,,,5.0,,,,,,,,,,,1.0,1.0,1.0,1.0,1.0,1.0,6,3,3,3,3,5,6,6,3,2,60.0,55.0,60.0,65.0,65.0,60.0,70.0,60.0,40.0,40.0,2,2,2,2,2,2,2,1,1,2,2,1,1,2,2,2,2,2,2,1,1,1,1,1,1,2,2,1,2,1,1,2,2,2,1,1,2,1,2,1
1752,2,2,2,1,2,2,4,2,4,2,70.0,,1.0,,3.0,3.0,6.0,,,,,5.0,1.0,20.0,,1.0,,,,,1.0,2.0,4.0,,,,,,,2.0,,7.0,,1.0,,3.0,,,,,,,,,,,,1.0,1.0,1.0,1.0,1.0,1.0,6,3,3,3,3,5,6,6,1,1,30.0,25.0,25.0,20.0,25.0,20.0,30.0,20.0,40.0,20.0,1,1,1,1,1,1,2,2,1,1,2,1,2,1,2,2,1,2,2,1,2,1,2,1,2,1,1,1,1,2,1,1,1,1,2,1,2,2,1,1
1949,5,5,5,5,5,5,5,5,1,1,,30.0,,1.0,3.0,4.0,6.0,,,,5.0,,,,2.0,,2.0,4.0,5.0,6.0,,,,,,,20.0,,,2.0,5.0,,,,2.0,,5.0,,,,,,,,,,,1.0,1.0,1.0,1.0,1.0,1.0,6,2,2,2,2,5,6,6,3,2,65.0,60.0,62.0,70.0,68.0,66.0,60.0,55.0,40.0,38.0,2,1,2,1,1,2,1,2,2,1,2,2,2,2,1,2,1,1,2,2,1,1,2,2,1,2,2,2,2,2,1,1,1,1,1,1,2,2,2,2
2027,4,4,4,4,4,4,4,4,2,2,,30.0,4.0,,3.0,3.0,5.0,,,,5.0,,1.0,40.0,,1.0,,,,,1.0,3.0,4.0,,,,2.0,,,2.0,,,1.0,1.0,,,3.0,,,,,,,,,,,1.0,1.0,1.0,1.0,1.0,1.0,6,3,3,3,2,5,6,6,3,2,60.0,55.0,50.0,60.0,60.0,55.0,65.0,55.0,40.0,35.0,2,1,2,2,2,2,2,2,2,1,2,2,2,2,1,1,2,2,1,2,2,2,1,1,2,2,1,1,1,2,2,1,2,2,2,1,2,2,2,1
56,2,3,2,2,2,2,4,2,4,3,,30.0,,1.0,2.0,3.0,6.0,,,,3.0,,1.0,20.0,,1.0,,1.0,2.0,2.0,,,,,,,,,,2.0,,,1.0,1.0,,2.0,,1.0,1.0,1.0,1.0,1.0,1.0,1.0,1.0,1.0,1.0,,,,,,,6,2,2,2,2,5,6,6,2,2,40.0,35.0,30.0,35.0,35.0,30.0,40.0,30.0,50.0,40.0,2,2,1,1,1,2,1,2,1,2,1,2,2,2,1,2,1,2,2,2,1,1,1,1,2,2,1,2,2,2,1,1,2,1,2,2,2,2,1,2
448,2,3,2,2,2,2,4,2,4,3,,30.0,,1.0,,,,4.0,3.0,2.0,5.0,,,,2.0,,2.0,,,,,,,2.0,4.0,5.0,20.0,,,2.0,4.0,,,1.0,,,4.0,1.0,1.0,1.0,1.0,1.0,1.0,1.0,1.0,1.0,1.0,,,,,,,6,3,2,2,3,5,6,6,3,2,45.0,38.0,41.0,39.0,44.0,41.0,47.0,36.0,51.0,37.0,1,1,1,1,1,1,2,1,2,2,1,1,2,2,2,1,2,1,2,2,1,2,1,2,1,1,1,1,2,2,2,2,2,1,2,2,1,2,2,1
254,2,2,2,2,2,2,2,2,4,1,,30.0,1.0,,2.0,3.0,6.0,,,,5.0,,,,2.0,1.0,,1.0,2.0,2.0,,,,,,,,,,2.0,3.0,,,1.0,,2.0,,1.0,1.0,1.0,1.0,1.0,1.0,1.0,1.0,1.0,1.0,,,,,,,6,2,2,2,2,5,6,6,1,1,40.0,30.0,30.0,30.0,30.0,30.0,30.0,30.0,40.0,20.0,2,2,1,2,2,1,2,1,2,1,2,2,1,2,2,1,2,2,2,1,1,2,2,2,1,1,2,1,2,2,2,2,1,2,2,1,1,2,1,2
327,2,2,2,1,2,2,2,2,1,1,70.0,,,1.0,2.0,3.0,6.0,,,,3.0,,1.0,20.0,,1.0,,1.0,2.0,2.0,,,,,,,20.0,,,2.0,,10.0,,1.0,,1.0,,,,,,,,,,,,1.0,1.0,1.0,1.0,1.0,1.0,6,2,2,2,2,5,6,6,1,1,30.0,20.0,20.0,10.0,20.0,20.0,20.0,20.0,40.0,40.0,2,1,1,1,2,2,2,1,2,1,2,1,2,1,1,2,2,2,2,2,2,1,1,1,2,2,1,1,2,2,1,1,2,1,2,2,2,1,2,1
1048,4,4,4,4,4,4,5,4,2,2,70.0,,4.0,,3.0,3.0,5.0,,,,5.0,,,,2.0,,2.0,,,,2.0,4.0,5.0,,,,20.0,,,2.0,,6.0,,,2.0,4.0,,1.0,1.0,1.0,1.0,1.0,1.0,1.0,1.0,1.0,1.0,,,,,,,6,3,2,2,2,5,6,6,3,1,55.0,48.0,51.0,62.0,65.0,60.0,70.0,58.0,40.0,38.0,2,1,2,2,2,1,2,1,2,2,1,2,1,1,2,1,2,2,2,2,1,1,2,2,1,2,1,1,2,2,2,2,2,1,2,2,2,2,2,2
1654,5,5,5,5,5,5,5,5,2,2,70.0,,,1.0,,,,3.0,4.0,5.0,,5.0,,,2.0,1.0,,,,,,,,2.0,4.0,5.0,2.0,,,2.0,,,3.0,1.0,,4.0,,1.0,1.0,1.0,1.0,1.0,1.0,1.0,1.0,1.0,1.0,,,,,,,6,3,4,3,3,5,6,5,3,2,62.0,55.0,60.0,70.0,68.0,65.0,75.0,60.0,40.0,35.0,1,2,2,1,1,2,2,2,1,2,2,2,2,1,2,2,2,2,2,2,1,2,1,2,2,1,2,2,1,2,2,2,2,1,1,1,2,2,2,2
1727,4,4,4,3,4,4,5,4,2,2,70.0,,4.0,,3.0,4.0,6.0,,,,,5.0,,,2.0,,2.0,,,,3.0,4.0,5.0,,,,,18.0,1.0,,,6.0,,1.0,,4.0,,1.0,1.0,1.0,1.0,1.0,1.0,1.0,1.0,1.0,1.0,,,,,,,6,3,2,3,3,5,6,5,3,2,58.0,51.0,54.0,62.0,60.0,56.0,68.0,53.0,49.0,47.0,2,2,1,2,1,2,2,2,2,1,2,1,2,1,1,2,2,1,2,2,2,2,2,2,2,2,2,1,1,2,1,1,1,2,1,1,1,1,1,2
1988,2,4,2,2,2,2,2,2,1,1,70.0,,,1.0,,,,3.0,4.0,2.0,,4.0,,,2.0,1.0,,1.0,2.0,3.0,,,,,,,,,2.0,,,,1.0,1.0,,1.0,,,,,,,,,,,,1.0,1.0,1.0,1.0,1.0,1.0,6,2,2,2,2,5,6,6,1,1,30.0,25.0,20.0,20.0,20.0,20.0,20.0,20.0,10.0,10.0,2,2,2,2,2,2,2,2,2,2,2,2,1,2,1,2,2,2,2,1,1,2,2,2,1,1,1,2,2,1,2,1,1,2,1,2,1,2,1,1
97,5,5,5,5,5,5,5,5,1,1,,30.0,,1.0,,,,3.0,4.0,5.0,,6.0,,,2.0,,2.0,,,,,,,1.0,5.0,6.0,,20.0,,2.0,,8.0,,2.0,,,5.0,,,,,,,,,,,1.0,1.0,1.0,1.0,1.0,1.0,6,2,2,2,2,5,6,6,3,2,60.0,55.0,60.0,65.0,70.0,65.0,80.0,60.0,40.0,35.0,2,1,1,2,1,2,2,2,2,1,2,1,1,1,1,2,2,1,2,1,1,2,2,1,1,1,2,2,2,2,1,2,1,2,1,1,1,2,1,2
972,5,4,5,5,5,5,5,5,1,1,70.0,,,1.0,,,,4.0,3.0,3.0,,5.0,1.0,50.0,,1.0,,1.0,4.0,4.0,,,,,,,,,,2.0,5.0,,,,1.0,,3.0,,,,,,,,,,,1.0,1.0,1.0,1.0,1.0,1.0,6,3,4,3,3,5,6,5,3,2,60.0,55.0,60.0,70.0,70.0,65.0,80.0,60.0,40.0,35.0,2,2,2,2,2,2,2,2,2,2,2,2,2,2,2,2,2,2,2,2,1,1,2,2,1,2,2,2,2,2,2,2,2,2,1,2,2,2,1,2
801,4,5,4,5,5,5,5,5,2,2,70.0,,4.0,,3.0,4.0,6.0,,,,5.0,,1.0,45.0,,,2.0,,,,2.0,5.0,6.0,,,,20.0,,,2.0,,,3.0,,2.0,5.0,,1.0,1.0,1.0,1.0,1.0,1.0,1.0,1.0,1.0,1.0,,,,,,,6,3,2,2,2,5,6,6,3,2,60.0,55.0,60.0,70.0,75.0,65.0,80.0,60.0,40.0,35.0,2,2,1,2,2,2,2,1,1,1,2,2,1,2,2,1,2,2,2,1,1,1,2,2,2,2,2,2,2,2,1,2,2,1,2,1,2,2,2,1
295,5,5,5,5,5,5,5,5,1,1,70.0,,3.0,,,,,3.0,4.0,5.0,,5.0,1.0,50.0,,,2.0,,,,,,,1.0,5.0,6.0,,20.0,1.0,,,,2.0,1.0,,,5.0,1.0,1.0,1.0,1.0,1.0,1.0,1.0,1.0,1.0,1.0,,,,,,,6,2,2,2,2,5,6,6,3,2,60.0,55.0,60.0,70.0,70.0,65.0,80.0,60.0,40.0,35.0,1,2,2,2,2,2,1,2,1,2,1,2,1,2,2,2,2,2,1,1,2,2,2,2,2,1,2,2,1,2,2,2,2,2,2,2,2,1,2,1
489,5,5,5,5,5,5,5,5,1,1,70.0,,4.0,,2.0,3.0,6.0,,,,,5.0,1.0,30.0,,,2.0,,,,,,,1.0,5.0,6.0,,20.0,,2.0,5.0,,,1.0,,,5.0,1.0,1.0,1.0,1.0,1.0,1.0,1.0,1.0,1.0,1.0,,,,,,,6,2,2,2,2,5,6,6,4,1,70.0,65.0,70.0,80.0,80.0,80.0,90.0,80.0,30.0,30.0,1,2,1,1,2,2,2,1,2,2,1,2,2,2,2,1,1,2,1,2,2,2,2,2,1,1,2,2,2,1,2,2,2,1,2,2,1,2,1,1
100,5,5,5,5,5,5,5,5,1,1,,30.0,4.0,,3.0,4.0,6.0,,,,5.0,,,,2.0,,2.0,,,,4.0,5.0,6.0,,,,,20.0,,2.0,,,3.0,1.0,,5.0,,,,,,,,,,,,1.0,1.0,1.0,1.0,1.0,1.0,6,3,3,3,2,5,6,6,3,2,60.0,55.0,60.0,70.0,70.0,65.0,80.0,60.0,40.0,35.0,2,1,2,1,1,2,2,2,2,2,1,2,2,2,1,1,1,2,1,1,1,1,2,2,2,1,1,2,1,2,2,1,1,1,2,2,1,2,1,1
1695,4,4,4,4,4,4,5,4,2,2,70.0,,4.0,,,,,4.0,4.0,5.0,5.0,,,,2.0,1.0,,,,,2.0,4.0,5.0,,,,18.0,,1.0,,,,3.0,1.0,,,4.0,1.0,1.0,1.0,1.0,1.0,1.0,1.0,1.0,1.0,1.0,,,,,,,6,3,4,3,3,5,6,5,3,2,58.0,51.0,54.0,62.0,65.0,60.0,70.0,55.0,48.0,44.0,2,1,1,2,1,1,1,2,2,1,1,2,1,2,2,1,1,1,2,2,1,1,1,2,1,1,2,1,1,1,1,1,1,2,2,2,1,2,2,1
1473,4,4,4,4,4,4,4,4,2,2,70.0,,4.0,,3.0,4.0,6.0,,,,5.0,,,,2.0,1.0,,,,,3.0,4.0,5.0,,,,18.0,,,2.0,4.0,,,,1.0,4.0,,,,,,,,,,,,1.0,1.0,1.0,1.0,1.0,1.0,6,3,3,3,3,5,6,6,3,2,60.0,55.0,60.0,65.0,70.0,60.0,75.0,60.0,50.0,45.0,2,2,2,2,1,1,2,1,2,1,2,1,1,2,1,1,1,1,1,2,1,2,1,1,1,1,1,1,1,1,2,2,2,2,1,2,1,1,2,1
1089,5,5,5,5,5,5,5,5,2,2,70.0,,,1.0,,,,3.0,4.0,5.0,,5.0,1.0,54.0,,1.0,,,,,2.0,4.0,4.0,,,,,18.0,1.0,,4.0,,,1.0,,5.0,,1.0,1.0,1.0,1.0,1.0,1.0,1.0,1.0,1.0,1.0,,,,,,,6,2,2,2,2,5,6,6,3,2,62.0,55.0,60.0,70.0,68.0,65.0,80.0,60.0,40.0,35.0,2,1,2,2,2,2,2,2,1,2,1,2,2,2,2,1,1,2,2,2,2,2,1,1,1,2,2,2,2,2,2,2,2,2,2,1,2,2,1,2
1500,5,5,5,5,5,5,5,5,1,1,70.0,,4.0,,,,,3.0,4.0,5.0,5.0,,1.0,54.0,,,2.0,,,,,,,2.0,5.0,6.0,20.0,,1.0,,,,3.0,1.0,,,5.0,,,,,,,,,,,1.0,1.0,1.0,1.0,1.0,1.0,6,2,2,2,2,5,6,6,3,2,60.0,55.0,60.0,70.0,75.0,65.0,80.0,60.0,40.0,35.0,1,2,2,1,2,1,2,2,1,1,2,2,2,2,1,1,2,2,1,2,1,1,2,1,1,2,2,1,2,2,1,1,2,2,2,2,1,2,2,2
2016,2,4,3,3,4,3,4,3,4,3,,30.0,3.0,,,,,3.0,4.0,2.0,,5.0,,,2.0,1.0,,,,,2.0,4.0,4.0,,,,18.0,,1.0,,,,2.0,,1.0,,4.0,1.0,1.0,1.0,1.0,1.0,1.0,1.0,1.0,1.0,1.0,,,,,,,6,3,2,3,2,5,6,5,3,2,55.0,48.0,50.0,60.0,62.0,52.0,65.0,45.0,60.0,40.0,1,2,2,1,2,2,2,1,2,2,1,2,1,1,2,1,2,1,2,1,1,2,2,2,2,1,2,1,2,1,2,2,1,2,1,2,1,2,2,1
982,2,3,2,2,3,2,4,2,4,3,70.0,,1.0,,3.0,4.0,6.0,,,,,5.0,1.0,25.0,,1.0,,,,,,,,1.0,2.0,4.0,,,2.0,,,,3.0,1.0,,,3.0,1.0,1.0,1.0,1.0,1.0,1.0,1.0,1.0,1.0,1.0,,,,,,,6,2,3,3,3,5,6,6,3,2,40.0,35.0,30.0,35.0,40.0,30.0,50.0,25.0,60.0,30.0,1,1,2,2,2,1,2,2,2,1,2,1,2,2,1,1,2,2,2,2,1,1,2,1,1,1,2,1,2,1,2,1,1,1,2,2,2,2,2,2
67,5,5,5,5,5,5,5,5,1,1,70.0,,,1.0,,,,4.0,3.0,3.0,,5.0,,,2.0,1.0,,,,,1.0,5.0,6.0,,,,,,1.0,,3.0,,,,1.0,,5.0,,,,,,,,,,,1.0,1.0,1.0,1.0,1.0,1.0,6,2,3,3,2,5,6,6,3,2,60.0,55.0,60.0,70.0,70.0,65.0,80.0,60.0,40.0,35.0,2,2,2,2,1,1,2,2,1,1,1,1,2,1,1,2,2,1,1,1,1,2,1,2,1,2,2,2,2,1,2,2,2,2,2,1,2,2,2,2
1978,4,4,4,4,4,4,4,4,2,2,,30.0,,1.0,,,,4.0,4.0,3.0,,5.0,1.0,30.0,,1.0,,,,,,,,1.0,4.0,4.0,,,1.0,,,,2.0,1.0,,4.0,,,,,,,,,,,,1.0,1.0,1.0,1.0,1.0,1.0,6,3,3,3,2,4,5,5,3,2,60.0,55.0,50.0,60.0,65.0,60.0,70.0,55.0,40.0,35.0,1,2,2,1,2,2,1,2,2,1,1,1,1,2,2,1,2,2,1,2,2,1,1,2,1,2,2,1,2,1,2,2,2,2,2,2,1,2,2,1
1483,4,4,4,4,4,4,5,4,2,2,,30.0,,1.0,,,,3.0,3.0,3.0,5.0,,,,2.0,1.0,,3.0,4.0,5.0,,,,,,,15.0,,,2.0,5.0,,,,1.0,,4.0,1.0,1.0,1.0,1.0,1.0,1.0,1.0,1.0,1.0,1.0,,,,,,,6,3,3,3,3,4,6,6,3,1,60.0,55.0,60.0,65.0,65.0,60.0,70.0,60.0,40.0,40.0,2,2,2,2,2,2,2,2,2,2,1,1,2,2,2,1,2,2,2,2,1,2,2,1,2,2,2,2,2,2,2,2,2,2,2,1,2,2,2,2
1079,4,4,4,4,4,4,4,4,2,2,,30.0,4.0,,3.0,3.0,5.0,,,,5.0,,1.0,54.0,,,2.0,,,,,,,2.0,4.0,5.0,18.0,,,2.0,5.0,,,,1.0,,4.0,1.0,1.0,1.0,1.0,1.0,1.0,1.0,1.0,1.0,1.0,,,,,,,6,3,4,4,3,5,6,6,3,2,60.0,55.0,60.0,65.0,65.0,60.0,70.0,60.0,40.0,35.0,2,1,2,1,2,2,2,1,1,1,2,2,1,2,2,2,1,1,2,2,2,1,1,2,2,2,2,1,1,2,1,1,1,1,1,1,2,2,1,1
1665,5,5,5,5,5,5,5,5,1,1,,30.0,,1.0,4.0,3.0,6.0,,,,6.0,,,,2.0,1.0,,2.0,5.0,6.0,,,,,,,,,1.0,,,,3.0,1.0,,,5.0,1.0,1.0,1.0,1.0,1.0,1.0,1.0,1.0,1.0,1.0,,,,,,,6,2,2,2,2,5,6,6,4,2,65.0,60.0,65.0,75.0,80.0,80.0,90.0,70.0,30.0,25.0,2,1,1,2,2,2,2,2,2,2,2,1,2,1,2,1,1,1,2,2,2,2,2,2,1,1,2,1,2,1,2,2,2,1,2,1,2,2,1,1
1716,5,5,5,5,5,5,5,5,1,1,70.0,,4.0,,3.0,4.0,6.0,,,,,6.0,,,2.0,,2.0,2.0,5.0,6.0,,,,,,,,20.0,,2.0,5.0,,,,2.0,,5.0,1.0,1.0,1.0,1.0,1.0,1.0,1.0,1.0,1.0,1.0,,,,,,,6,2,2,2,2,5,6,6,4,1,65.0,60.0,60.0,70.0,70.0,70.0,80.0,70.0,40.0,40.0,1,2,2,2,1,1,2,2,1,1,1,2,1,1,1,2,1,2,1,2,2,2,1,2,1,2,2,2,1,2,1,2,1,2,1,2,1,2,1,2
479,2,3,2,2,2,2,2,2,4,3,70.0,,1.0,,,,,2.0,3.0,2.0,,5.0,,,2.0,1.0,,,,,,,,1.0,2.0,4.0,,,,2.0,,6.0,,,1.0,3.0,,1.0,1.0,1.0,1.0,1.0,1.0,1.0,1.0,1.0,1.0,,,,,,,6,2,2,2,2,5,6,6,2,1,40.0,35.0,35.0,30.0,30.0,25.0,30.0,25.0,60.0,40.0,1,2,1,1,2,2,2,1,2,1,2,1,2,1,1,2,2,1,2,1,1,2,2,1,2,2,1,1,2,2,2,2,1,1,1,1,2,1,2,1
265,4,4,4,4,4,4,5,4,2,2,70.0,,3.0,,,,,4.0,4.0,3.0,,5.0,,,2.0,,2.0,,,,1.0,4.0,5.0,,,,2.0,,,2.0,4.0,,,1.0,,,4.0,1.0,1.0,1.0,1.0,1.0,1.0,1.0,1.0,1.0,1.0,,,,,,,6,2,3,3,2,4,6,5,3,2,60.0,55.0,50.0,60.0,65.0,60.0,70.0,55.0,45.0,40.0,1,2,2,1,2,2,2,2,2,1,1,1,2,2,1,2,2,2,1,2,2,1,1,1,1,1,1,1,2,1,1,1,2,1,2,2,2,1,1,2
316,2,3,2,2,2,2,2,2,1,2,,30.0,1.0,,,,,3.0,4.0,3.0,5.0,,1.0,50.0,,1.0,,,,,,,,1.0,2.0,3.0,,,2.0,,,,1.0,,2.0,,3.0,,,,,,,,,,,1.0,1.0,1.0,1.0,1.0,1.0,6,3,3,3,2,5,6,6,2,1,30.0,25.0,25.0,20.0,20.0,20.0,20.0,20.0,40.0,30.0,2,2,2,1,2,2,1,1,1,2,1,1,1,2,1,2,2,2,1,2,1,1,1,1,1,2,2,2,2,1,1,2,1,2,1,1,2,2,1,2
943,5,4,5,5,5,5,5,5,2,2,,30.0,,1.0,3.0,4.0,6.0,,,,5.0,,,,2.0,1.0,,,,,,,,2.0,4.0,5.0,2.0,,1.0,,,7.0,,1.0,,5.0,,1.0,1.0,1.0,1.0,1.0,1.0,1.0,1.0,1.0,1.0,,,,,,,6,3,2,2,2,4,6,6,3,1,55.0,48.0,52.0,60.0,65.0,62.0,70.0,58.0,40.0,38.0,2,2,2,2,2,1,1,2,2,2,2,1,1,2,2,2,2,2,1,1,1,2,2,2,2,2,2,1,2,2,1,1,2,2,2,1,2,2,1,1
830,4,4,4,5,5,5,5,5,2,2,70.0,,4.0,,3.0,4.0,6.0,,,,5.0,,1.0,40.0,,1.0,,,,,2.0,4.0,5.0,,,,,15.0,1.0,,,6.0,,1.0,,,4.0,,,,,,,,,,,1.0,1.0,1.0,1.0,1.0,1.0,6,3,4,3,2,5,6,5,3,2,60.0,55.0,50.0,65.0,70.0,60.0,75.0,55.0,40.0,35.0,1,1,1,1,1,2,1,2,2,1,2,2,2,1,2,2,1,2,1,2,1,1,1,1,1,2,2,2,1,1,2,1,2,1,2,2,1,2,1,1
1442,2,3,2,2,2,2,2,2,1,2,70.0,,,1.0,,,,3.0,4.0,2.0,5.0,,,,2.0,1.0,,1.0,2.0,2.0,,,,,,,,,2.0,,3.0,,,,1.0,,3.0,1.0,1.0,1.0,1.0,1.0,1.0,1.0,1.0,1.0,1.0,,,,,,,6,2,3,3,2,5,6,6,2,2,40.0,35.0,30.0,30.0,30.0,25.0,30.0,25.0,60.0,40.0,2,2,2,1,2,1,2,2,2,2,1,2,2,1,2,1,2,2,2,2,2,1,2,2,2,2,2,1,2,2,2,2,2,1,2,1,2,2,1,2
1531,5,5,5,5,5,5,5,5,1,1,,30.0,,1.0,,,,3.0,4.0,3.0,,6.0,1.0,54.0,,1.0,,2.0,4.0,5.0,,,,,,,2.0,,1.0,,,,3.0,,2.0,,5.0,1.0,1.0,1.0,1.0,1.0,1.0,1.0,1.0,1.0,1.0,,,,,,,6,3,2,2,2,5,6,6,3,2,65.0,60.0,60.0,70.0,75.0,70.0,80.0,65.0,30.0,35.0,2,1,2,1,2,2,2,1,2,2,2,1,1,2,2,1,2,1,1,1,1,1,2,2,2,2,2,2,2,2,2,2,2,2,1,2,1,2,2,2
131,2,2,2,1,2,2,2,2,1,1,70.0,,1.0,,3.0,4.0,6.0,,,,5.0,,1.0,54.0,,1.0,,1.0,2.0,2.0,,,,,,,,,,2.0,,,1.0,1.0,,,1.0,,,,,,,,,,,1.0,1.0,1.0,1.0,1.0,1.0,6,2,2,2,2,5,6,6,2,2,30.0,25.0,25.0,20.0,25.0,20.0,25.0,20.0,40.0,30.0,2,2,2,2,2,2,2,1,2,1,2,2,2,1,2,2,2,2,1,2,2,2,1,1,2,1,1,2,2,2,1,2,1,2,1,2,2,2,2,2
936,2,3,2,2,2,2,2,2,4,2,70.0,,,1.0,,,,3.0,4.0,2.0,,5.0,1.0,30.0,,1.0,,1.0,2.0,2.0,,,,,,,,,2.0,,3.0,,,,1.0,3.0,,1.0,1.0,1.0,1.0,1.0,1.0,1.0,1.0,1.0,1.0,,,,,,,6,2,2,2,2,5,6,6,2,2,30.0,20.0,20.0,20.0,20.0,20.0,20.0,20.0,40.0,20.0,2,2,2,2,2,2,2,2,2,2,2,2,1,2,2,2,2,2,1,2,2,2,2,1,2,2,1,2,1,2,1,2,2,2,2,2,1,1,2,2
845,5,5,5,5,5,5,5,5,1,1,70.0,,4.0,,3.0,4.0,6.0,,,,,5.0,1.0,40.0,,,2.0,1.0,5.0,6.0,,,,,,,,,1.0,,,,1.0,1.0,,,5.0,,,,,,,,,,,1.0,1.0,1.0,1.0,1.0,1.0,6,3,3,3,3,5,6,6,3,2,60.0,55.0,60.0,70.0,75.0,65.0,80.0,60.0,40.0,35.0,2,2,1,1,2,2,1,2,1,2,2,1,1,1,2,1,1,2,1,1,1,2,1,2,2,1,2,2,1,1,1,2,2,2,1,2,1,2,2,2
1437,4,4,4,4,4,4,5,4,2,2,70.0,,,1.0,4.0,4.0,5.0,,,,,5.0,,,2.0,,2.0,,,,,,,2.0,4.0,5.0,,,,2.0,,,2.0,1.0,,4.0,,,,,,,,,,,,1.0,1.0,1.0,1.0,1.0,1.0,6,3,3,3,3,5,6,6,3,2,62.0,55.0,60.0,65.0,70.0,60.0,75.0,60.0,55.0,50.0,1,2,1,2,2,2,2,1,2,2,2,1,2,2,2,1,2,1,2,2,1,2,2,1,2,2,2,1,2,1,1,2,1,2,2,1,2,1,2,1
1544,4,4,4,4,4,4,5,4,2,2,,30.0,,1.0,3.0,3.0,6.0,,,,,5.0,,,2.0,,2.0,,,,1.0,4.0,5.0,,,,18.0,,,2.0,,6.0,,,2.0,,4.0,1.0,1.0,1.0,1.0,1.0,1.0,1.0,1.0,1.0,1.0,,,,,,,6,3,2,2,2,5,6,6,3,2,62.0,54.0,58.0,66.0,68.0,60.0,74.0,59.0,44.0,41.0,2,1,2,2,1,1,1,2,2,1,2,2,1,2,1,2,2,2,1,1,2,2,2,2,2,2,1,2,1,1,2,1,1,1,2,2,2,1,1,2
1358,4,4,4,4,4,4,5,4,2,2,,30.0,4.0,,,,,3.0,4.0,5.0,,5.0,,,2.0,1.0,,,,,,,,1.0,4.0,5.0,,,,2.0,,6.0,,1.0,,,4.0,,,,,,,,,,,1.0,1.0,1.0,1.0,1.0,1.0,6,3,4,3,3,5,6,5,3,2,60.0,55.0,60.0,65.0,70.0,60.0,75.0,60.0,50.0,45.0,1,2,2,1,1,2,1,2,2,2,1,1,2,1,1,2,2,2,2,1,1,1,1,1,1,2,1,2,1,2,1,1,2,1,1,1,2,1,1,1
144,2,3,2,2,3,2,4,2,4,3,,30.0,1.0,,,,,3.0,4.0,2.0,,5.0,,,2.0,1.0,,,,,,,,1.0,4.0,4.0,,,,2.0,,7.0,,,1.0,3.0,,1.0,1.0,1.0,1.0,1.0,1.0,1.0,1.0,1.0,1.0,,,,,,,6,3,2,2,2,5,6,6,3,2,40.0,35.0,30.0,25.0,30.0,25.0,40.0,20.0,50.0,30.0,2,1,1,2,2,1,1,2,1,1,2,2,1,1,2,1,2,1,1,1,1,1,1,2,2,1,1,2,2,2,2,2,2,2,1,1,2,2,1,1
758,4,4,4,4,4,4,5,4,2,2,70.0,,,1.0,,,,3.0,4.0,5.0,5.0,,,,2.0,1.0,,,,,2.0,4.0,4.0,,,,,18.0,1.0,,3.0,,,1.0,,,4.0,1.0,1.0,1.0,1.0,1.0,1.0,1.0,1.0,1.0,1.0,,,,,,,6,3,4,3,2,5,6,5,3,2,62.0,55.0,60.0,65.0,68.0,60.0,70.0,55.0,50.0,48.0,2,2,2,2,1,1,2,2,2,2,1,2,1,1,2,1,2,1,1,1,2,2,2,2,1,2,1,2,2,2,2,1,2,2,1,2,2,1,2,2
12,2,3,2,2,2,2,4,2,4,2,,30.0,,1.0,,,,4.0,3.0,3.0,,5.0,1.0,30.0,,,2.0,1.0,4.0,4.0,,,,,,,,,,2.0,,,3.0,1.0,,4.0,,1.0,1.0,1.0,1.0,1.0,1.0,1.0,1.0,1.0,1.0,,,,,,,6,2,2,2,3,5,6,6,3,2,40.0,35.0,35.0,30.0,30.0,25.0,40.0,30.0,50.0,30.0,2,1,2,1,1,1,2,1,2,2,1,1,1,2,2,2,2,2,1,1,2,2,2,1,1,1,1,1,2,1,2,1,1,1,2,1,2,1,1,1
884,4,4,4,4,4,4,5,4,2,2,70.0,,4.0,,,,,4.0,4.0,3.0,5.0,,,,2.0,,2.0,,,,3.0,4.0,5.0,,,,16.0,,1.0,,,,3.0,1.0,,4.0,,1.0,1.0,1.0,1.0,1.0,1.0,1.0,1.0,1.0,1.0,,,,,,,6,3,3,3,3,5,6,6,3,2,60.0,55.0,60.0,65.0,65.0,60.0,70.0,60.0,40.0,40.0,1,1,2,1,2,2,1,1,2,1,1,1,2,2,1,2,1,1,2,2,1,2,1,1,2,2,2,1,2,1,2,1,2,2,1,1,1,1,2,2
1399,4,4,4,4,4,4,4,4,2,2,,30.0,1.0,,,,,3.0,4.0,2.0,,5.0,,,2.0,1.0,,,,,2.0,4.0,4.0,,,,20.0,,1.0,,,5.0,,1.0,,,4.0,,,,,,,,,,,1.0,1.0,1.0,1.0,1.0,1.0,6,3,3,3,2,5,6,6,3,2,60.0,55.0,60.0,65.0,65.0,60.0,70.0,60.0,55.0,50.0,2,1,2,2,2,2,2,1,2,1,1,2,2,1,2,2,2,1,2,1,2,2,1,2,1,2,2,2,2,1,2,1,2,1,2,1,1,2,1,2
1610,4,4,4,5,5,5,5,5,2,2,,30.0,,1.0,3.0,4.0,5.0,,,,,5.0,1.0,40.0,,1.0,,,,,2.0,4.0,5.0,,,,,,1.0,,,7.0,,1.0,,4.0,,1.0,1.0,1.0,1.0,1.0,1.0,1.0,1.0,1.0,1.0,,,,,,,6,3,2,2,2,5,6,6,3,2,60.0,55.0,60.0,70.0,70.0,65.0,80.0,60.0,50.0,45.0,2,2,1,1,2,1,2,1,1,1,1,2,2,2,1,2,2,1,2,1,1,1,2,1,1,2,2,1,2,2,2,1,2,2,1,1,2,2,2,2
1763,4,4,4,2,3,3,5,3,5,3,,30.0,,2.0,,,,4.0,3.0,3.0,5.0,,1.0,54.0,,,2.0,1.0,4.0,5.0,,,,,,,18.0,,1.0,,,6.0,,,2.0,,5.0,,,,,,,,,,,1.0,1.0,1.0,1.0,1.0,1.0,6,2,4,3,2,5,6,5,3,2,62.0,55.0,58.0,48.0,51.0,54.0,66.0,45.0,60.0,41.0,1,1,1,1,2,2,2,2,2,1,1,1,1,1,2,2,2,2,2,2,1,1,1,2,2,1,1,2,1,2,2,1,1,2,2,1,2,2,1,2
1585,2,3,2,2,2,2,2,2,1,1,70.0,,,1.0,2.0,3.0,6.0,,,,5.0,,1.0,25.0,,1.0,,,,,,,,1.0,2.0,4.0,,,,2.0,4.0,,,1.0,,3.0,,,,,,,,,,,,1.0,1.0,1.0,1.0,1.0,1.0,6,3,3,3,2,5,6,6,2,2,30.0,25.0,20.0,20.0,20.0,20.0,20.0,20.0,40.0,40.0,1,2,1,2,2,1,2,1,2,2,1,2,1,2,1,1,1,2,2,2,1,1,2,1,2,2,1,1,1,1,1,2,2,1,2,2,1,1,1,1
799,5,5,5,5,5,5,5,5,1,1,70.0,,4.0,,,,,3.0,4.0,5.0,,5.0,,,2.0,,2.0,1.0,2.0,3.0,,,,,,,20.0,,2.0,,,,1.0,,1.0,,1.0,1.0,1.0,1.0,1.0,1.0,1.0,1.0,1.0,1.0,1.0,,,,,,,6,2,2,2,2,6,6,6,3,2,65.0,60.0,60.0,70.0,70.0,60.0,70.0,60.0,40.0,40.0,2,1,2,2,2,2,2,2,2,2,2,2,2,1,2,2,2,1,2,2,2,2,1,2,1,2,2,2,2,2,2,2,1,2,2,2,2,2,2,1
210,4,4,4,4,4,4,5,4,2,2,,30.0,,1.0,3.0,4.0,6.0,,,,,5.0,,,2.0,,2.0,2.0,4.0,5.0,,,,,,,,,1.0,,,,2.0,,1.0,4.0,,1.0,1.0,1.0,1.0,1.0,1.0,1.0,1.0,1.0,1.0,,,,,,,6,3,3,3,3,5,6,6,3,2,60.0,55.0,60.0,65.0,65.0,60.0,70.0,60.0,50.0,45.0,1,1,2,1,1,1,2,2,1,1,2,2,1,1,1,1,1,2,1,2,2,2,2,2,1,1,1,1,2,1,2,2,2,2,1,1,1,2,2,2
363,4,4,4,5,5,5,5,5,2,2,70.0,,4.0,,,,,3.0,4.0,4.0,5.0,,,,2.0,,2.0,2.0,4.0,4.0,,,,,,,20.0,,1.0,,4.0,,,,2.0,4.0,,1.0,1.0,1.0,1.0,1.0,1.0,1.0,1.0,1.0,1.0,,,,,,,6,3,2,2,2,5,6,6,3,2,60.0,55.0,50.0,65.0,70.0,60.0,75.0,55.0,40.0,35.0,1,2,1,2,2,1,1,2,2,1,2,1,2,2,1,2,1,2,2,2,2,2,1,2,2,2,2,1,1,2,1,2,2,2,2,2,1,1,2,1
185,5,4,5,5,5,5,5,5,2,2,,30.0,,1.0,,,,3.0,4.0,2.0,,6.0,1.0,54.0,,,2.0,1.0,4.0,5.0,,,,,,,,4.0,,2.0,4.0,,,,1.0,,5.0,1.0,1.0,1.0,1.0,1.0,1.0,1.0,1.0,1.0,1.0,,,,,,,6,3,3,3,3,5,6,6,3,2,62.0,55.0,60.0,68.0,70.0,65.0,75.0,60.0,50.0,45.0,2,2,1,1,1,2,2,1,2,2,2,1,1,1,1,1,2,2,2,2,1,1,2,1,1,2,1,2,1,1,2,1,2,2,2,1,2,2,2,1
1221,4,4,4,5,5,5,5,4,2,2,70.0,,4.0,,3.0,4.0,5.0,,,,5.0,,,,2.0,,2.0,,,,2.0,4.0,4.0,,,,,20.0,1.0,,,,2.0,,2.0,4.0,,1.0,1.0,1.0,1.0,1.0,1.0,1.0,1.0,1.0,1.0,,,,,,,6,3,3,3,3,5,6,6,3,1,60.0,55.0,60.0,70.0,70.0,65.0,75.0,60.0,40.0,40.0,2,2,1,2,2,2,2,2,1,1,2,2,2,2,1,2,2,1,2,2,2,2,1,2,1,2,2,1,2,2,1,1,1,1,1,1,1,1,1,1
1352,4,4,4,4,4,4,4,4,2,2,,30.0,,1.0,,,,3.0,4.0,5.0,5.0,,,,2.0,,2.0,,,,,,,1.0,4.0,4.0,,20.0,1.0,,,,1.0,1.0,,4.0,,1.0,1.0,1.0,1.0,1.0,1.0,1.0,1.0,1.0,1.0,,,,,,,6,3,2,2,2,5,6,6,3,2,60.0,50.0,55.0,65.0,70.0,60.0,75.0,55.0,40.0,35.0,2,2,2,2,2,1,2,1,2,2,2,2,1,2,1,2,1,2,1,2,1,1,2,2,1,2,2,1,2,2,1,1,1,2,2,2,2,2,1,2
621,5,5,5,5,5,5,5,5,2,2,70.0,,4.0,,3.0,4.0,6.0,,,,,6.0,1.0,50.0,,,2.0,,,,,,,1.0,5.0,6.0,,,1.0,,,,2.0,1.0,,5.0,,,,,,,,,,,,1.0,1.0,1.0,1.0,1.0,1.0,6,3,2,2,3,5,6,6,3,2,60.0,55.0,60.0,65.0,70.0,60.0,80.0,60.0,40.0,35.0,1,1,2,2,2,1,1,2,2,1,1,2,2,1,1,2,2,2,2,2,2,2,2,2,1,1,1,2,2,1,1,1,2,2,2,1,2,2,2,2
752,5,5,5,5,5,5,5,5,1,1,,30.0,4.0,,,,,3.0,4.0,5.0,5.0,,,,2.0,1.0,,1.0,3.0,3.0,,,,,,,20.0,,,2.0,3.0,,,1.0,,,4.0,,,,,,,,,,,1.0,1.0,1.0,1.0,1.0,1.0,6,2,2,2,2,5,6,6,3,2,60.0,55.0,50.0,65.0,60.0,60.0,70.0,55.0,40.0,35.0,2,2,1,2,1,2,2,1,1,2,1,2,2,2,2,2,2,2,2,1,2,2,2,2,1,2,2,1,2,2,2,1,2,2,1,2,2,2,2,1
1769,5,5,5,5,5,5,5,5,1,1,70.0,,4.0,,,,,4.0,5.0,3.0,,6.0,,,2.0,,2.0,,,,,,,2.0,5.0,6.0,,20.0,1.0,,,6.0,,1.0,,5.0,,,,,,,,,,,,1.0,1.0,1.0,1.0,1.0,1.0,6,3,3,3,2,5,6,6,3,2,62.0,55.0,60.0,70.0,75.0,65.0,80.0,60.0,40.0,35.0,2,2,2,1,2,2,2,2,2,1,2,1,1,1,1,1,1,2,1,2,2,2,1,2,2,1,1,2,2,1,2,2,2,2,2,2,1,1,1,2
1393,4,4,4,4,4,4,5,4,2,2,,30.0,,1.0,,,,3.0,4.0,5.0,5.0,,1.0,54.0,,1.0,,3.0,4.0,4.0,,,,,,,,8.0,1.0,,,6.0,,,2.0,,4.0,,,,,,,,,,,1.0,1.0,1.0,1.0,1.0,1.0,6,3,3,3,3,5,6,6,3,2,55.0,48.0,52.0,60.0,62.0,58.0,65.0,50.0,45.0,40.0,1,2,1,1,1,1,2,2,1,2,2,1,1,2,2,2,1,2,2,1,1,1,2,2,1,2,1,1,1,2,2,2,2,1,2,2,2,1,1,1
1006,2,3,2,2,2,2,2,2,4,4,,30.0,,1.0,,,,3.0,4.0,2.0,,5.0,,,2.0,,2.0,,,,,,,1.0,4.0,4.0,,,2.0,,,,2.0,,2.0,,4.0,,,,,,,,,,,1.0,1.0,1.0,1.0,1.0,1.0,6,3,2,2,2,4,6,6,3,2,40.0,35.0,30.0,35.0,35.0,30.0,40.0,30.0,50.0,40.0,1,2,2,2,2,2,1,2,2,2,1,2,2,2,1,1,2,2,1,2,1,1,1,1,2,2,2,2,1,2,1,2,2,2,2,1,2,2,1,2
1175,5,5,5,5,5,5,5,5,2,2,70.0,,,1.0,3.0,4.0,6.0,,,,5.0,,1.0,40.0,,,2.0,,,,,,,2.0,5.0,6.0,,,1.0,,5.0,,,,2.0,5.0,,,,,,,,,,,,1.0,1.0,1.0,1.0,1.0,1.0,6,2,2,2,2,5,6,6,3,2,60.0,55.0,60.0,70.0,75.0,65.0,80.0,60.0,40.0,35.0,1,2,1,2,2,2,1,1,2,1,1,2,2,2,2,2,1,2,2,2,2,2,2,1,1,2,1,2,2,1,2,1,2,2,1,1,2,2,1,2
369,2,2,2,2,2,2,2,2,1,1,,30.0,4.0,,,,,4.0,4.0,4.0,5.0,,1.0,30.0,,1.0,,,,,,,,1.0,2.0,2.0,,,2.0,,,,1.0,,1.0,,1.0,,,,,,,,,,,1.0,1.0,1.0,1.0,1.0,1.0,6,2,2,2,2,4,6,6,2,2,30.0,30.0,30.0,30.0,30.0,30.0,30.0,30.0,30.0,30.0,1,1,1,2,1,1,2,1,1,2,1,2,1,1,1,1,2,1,1,1,2,1,2,2,1,2,2,1,2,1,1,1,1,2,1,2,2,2,2,1
793,5,4,5,5,5,5,5,5,1,1,70.0,,4.0,,2.0,3.0,6.0,,,,,5.0,,,2.0,,2.0,,,,1.0,5.0,6.0,,,,,,1.0,,,5.0,,1.0,,,5.0,1.0,1.0,1.0,1.0,1.0,1.0,1.0,1.0,1.0,1.0,,,,,,,6,2,2,2,2,5,6,6,3,2,60.0,55.0,60.0,70.0,70.0,65.0,75.0,60.0,40.0,35.0,1,2,1,2,1,2,2,2,1,2,2,1,2,1,1,1,1,2,2,2,1,2,1,2,1,2,2,1,2,1,2,1,1,1,2,2,2,1,1,2
406,2,3,2,2,2,2,2,2,4,2,70.0,,4.0,,,,,3.0,4.0,5.0,3.0,,1.0,30.0,,,2.0,,,,,,,1.0,2.0,3.0,20.0,,2.0,,,6.0,,,2.0,,2.0,1.0,1.0,1.0,1.0,1.0,1.0,1.0,1.0,1.0,1.0,,,,,,,6,2,2,2,2,4,6,6,1,1,30.0,25.0,20.0,25.0,25.0,20.0,25.0,20.0,40.0,20.0,1,2,2,1,1,2,1,2,2,1,2,2,2,2,2,2,1,2,2,2,2,2,2,1,1,2,1,2,1,2,2,2,2,1,1,2,1,2,1,2
575,2,2,2,1,2,2,4,2,4,2,70.0,,1.0,,,,,3.0,4.0,5.0,,5.0,,,2.0,1.0,,,,,1.0,4.0,5.0,,,,,,,2.0,,,1.0,1.0,,,3.0,,,,,,,,,,,1.0,1.0,1.0,1.0,1.0,1.0,6,2,2,2,2,5,6,6,1,1,40.0,35.0,30.0,20.0,25.0,20.0,30.0,15.0,50.0,20.0,2,2,1,2,2,2,2,1,2,1,2,2,1,1,1,1,2,2,2,2,1,2,1,2,2,2,2,2,1,1,2,2,1,1,1,2,2,1,2,2
18,4,4,4,4,4,4,5,4,2,2,,30.0,,1.0,3.0,4.0,6.0,,,,5.0,,,,2.0,,2.0,,,,1.0,4.0,6.0,,,,,20.0,,2.0,4.0,,,1.0,,,5.0,,,,,,,,,,,1.0,1.0,1.0,1.0,1.0,1.0,6,3,4,3,2,5,6,5,3,2,62.0,55.0,60.0,65.0,68.0,60.0,75.0,60.0,55.0,50.0,1,2,1,2,1,1,2,2,2,2,1,2,2,1,2,1,2,1,2,2,2,2,1,1,1,2,1,2,2,2,2,2,2,2,1,2,1,2,2,2
1907,5,5,5,5,5,5,5,5,1,1,,30.0,4.0,,3.0,4.0,6.0,,,,,5.0,,,2.0,1.0,,,,,2.0,4.0,5.0,,,,20.0,,,2.0,5.0,,,1.0,,5.0,,1.0,1.0,1.0,1.0,1.0,1.0,1.0,1.0,1.0,1.0,,,,,,,6,3,2,2,3,5,6,6,3,2,65.0,60.0,60.0,70.0,70.0,65.0,80.0,60.0,40.0,35.0,1,2,2,2,2,2,1,1,2,1,2,2,2,1,1,2,2,2,1,1,2,1,2,2,1,2,1,2,2,2,1,2,2,1,2,1,1,1,1,2
1874,4,4,4,3,4,3,4,4,2,2,70.0,,4.0,,,,,3.0,4.0,5.0,,5.0,1.0,40.0,,1.0,,,,,,,,2.0,4.0,5.0,5.0,,,2.0,,6.0,,,2.0,,4.0,,,,,,,,,,,1.0,1.0,1.0,1.0,1.0,1.0,6,3,4,4,3,5,6,6,3,2,60.0,55.0,50.0,55.0,60.0,50.0,65.0,60.0,40.0,35.0,2,2,1,2,1,2,2,2,2,2,2,1,2,2,1,2,2,1,1,1,1,2,1,2,2,2,2,2,2,2,1,2,1,1,1,2,2,1,1,1
1073,4,4,4,5,5,5,5,5,1,1,70.0,,4.0,,,,,4.0,4.0,3.0,5.0,,,,2.0,1.0,,,,,2.0,4.0,4.0,,,,,,,2.0,,,2.0,1.0,,,5.0,,,,,,,,,,,1.0,1.0,1.0,1.0,1.0,1.0,6,2,3,3,2,5,6,6,3,2,60.0,55.0,50.0,65.0,70.0,60.0,75.0,55.0,40.0,35.0,2,2,1,1,1,1,2,2,2,1,1,2,1,1,2,1,1,2,1,2,2,2,2,2,2,1,2,1,2,1,1,1,2,1,2,1,1,2,1,1
1489,2,3,2,2,2,2,2,2,4,3,,30.0,1.0,,,,,3.0,4.0,3.0,3.0,,1.0,30.0,,,2.0,,,,2.0,2.0,3.0,,,,,,,2.0,3.0,,,,1.0,3.0,,1.0,1.0,1.0,1.0,1.0,1.0,1.0,1.0,1.0,1.0,,,,,,,6,3,2,2,2,4,6,6,2,2,30.0,25.0,25.0,30.0,30.0,20.0,30.0,20.0,40.0,30.0,2,2,2,2,2,2,2,2,2,2,2,2,2,2,2,2,2,2,2,2,2,2,2,2,2,2,2,2,2,2,2,2,2,2,2,2,2,2,2,2
1100,5,5,5,5,5,5,5,5,1,1,70.0,,4.0,,,,,3.0,4.0,5.0,,5.0,1.0,50.0,,,2.0,,,,2.0,4.0,5.0,,,,20.0,,1.0,,,,2.0,1.0,,,4.0,,,,,,,,,,,1.0,1.0,1.0,1.0,1.0,1.0,6,2,2,2,2,5,6,6,3,2,60.0,55.0,60.0,65.0,70.0,60.0,75.0,60.0,40.0,35.0,1,2,1,2,2,1,1,2,1,1,1,2,2,1,2,2,2,1,2,2,2,2,2,1,1,2,2,2,1,1,2,1,1,1,1,2,1,1,2,2
1295,5,5,5,5,5,5,5,5,2,2,,30.0,,1.0,3.0,4.0,6.0,,,,5.0,,1.0,54.0,,,2.0,1.0,5.0,6.0,,,,,,,,20.0,1.0,,,7.0,,,1.0,,5.0,1.0,1.0,1.0,1.0,1.0,1.0,1.0,1.0,1.0,1.0,,,,,,,6,3,2,2,2,5,6,6,3,1,60.0,55.0,60.0,65.0,70.0,65.0,80.0,60.0,55.0,50.0,2,2,1,2,2,1,2,1,1,2,2,2,2,1,2,2,2,2,2,1,1,2,1,2,1,1,1,2,1,1,2,1,1,2,2,2,1,1,2,1
473,5,5,5,5,5,5,5,5,1,1,,30.0,4.0,,3.0,3.0,6.0,,,,6.0,,1.0,40.0,,1.0,,,,,,,,2.0,5.0,6.0,,20.0,,2.0,5.0,,,,2.0,,5.0,1.0,1.0,1.0,1.0,1.0,1.0,1.0,1.0,1.0,1.0,,,,,,,6,3,2,2,2,5,6,6,3,2,65.0,55.0,60.0,70.0,75.0,65.0,80.0,60.0,40.0,35.0,1,2,1,2,1,2,2,2,2,1,2,2,2,1,2,1,2,2,2,2,2,1,2,2,2,2,1,2,2,1,1,1,1,1,2,2,2,1,2,1
500,5,5,5,5,5,5,5,5,1,1,70.0,,,1.0,,,,3.0,4.0,2.0,5.0,,,,2.0,1.0,,,,,1.0,5.0,6.0,,,,,,,2.0,3.0,,,,2.0,5.0,,,,,,,,,,,,1.0,1.0,1.0,1.0,1.0,1.0,6,2,2,2,2,5,6,6,3,2,60.0,55.0,60.0,70.0,70.0,70.0,80.0,65.0,30.0,30.0,1,2,2,1,2,1,2,2,1,2,2,2,2,2,2,2,1,1,1,1,2,2,2,2,2,1,1,2,2,1,2,1,2,2,2,2,2,1,2,2
695,5,5,5,5,5,5,5,5,1,1,,30.0,4.0,,,,,4.0,3.0,2.0,,5.0,1.0,54.0,,1.0,,2.0,4.0,4.0,,,,,,,,20.0,,2.0,,6.0,,1.0,,,4.0,,,,,,,,,,,1.0,1.0,1.0,1.0,1.0,1.0,6,2,3,3,2,5,6,6,3,2,60.0,55.0,60.0,70.0,75.0,65.0,80.0,60.0,40.0,35.0,1,2,2,2,2,2,2,2,2,2,2,2,2,1,2,1,2,1,2,2,2,2,2,1,1,2,2,2,2,1,2,1,1,2,2,1,2,1,2,2
988,4,4,4,5,5,5,5,5,2,2,,30.0,3.0,,,,,4.0,4.0,3.0,5.0,,,,2.0,1.0,,3.0,4.0,5.0,,,,,,,,,,2.0,4.0,,,,1.0,,4.0,1.0,1.0,1.0,1.0,1.0,1.0,1.0,1.0,1.0,1.0,,,,,,,6,3,2,2,2,5,6,6,3,2,60.0,55.0,60.0,65.0,65.0,60.0,70.0,60.0,50.0,45.0,2,1,2,2,2,1,2,1,2,1,2,2,2,1,2,2,1,1,1,2,1,1,2,2,1,2,1,2,2,1,2,1,1,2,2,1,1,2,1,2
1972,4,4,4,5,5,5,5,5,2,2,70.0,,4.0,,4.0,3.0,6.0,,,,,5.0,1.0,40.0,,1.0,,2.0,4.0,5.0,,,,,,,20.0,,,2.0,,6.0,,,2.0,4.0,,,,,,,,,,,,1.0,1.0,1.0,1.0,1.0,1.0,6,3,3,3,2,5,6,6,3,2,60.0,55.0,60.0,70.0,70.0,65.0,75.0,60.0,40.0,35.0,1,1,1,2,2,2,2,1,1,2,1,1,1,2,1,1,1,1,1,1,1,2,1,2,1,1,2,2,1,2,1,2,1,2,1,2,1,1,1,1
1801,2,4,3,2,3,3,4,2,4,3,,30.0,,1.0,,,,3.0,4.0,4.0,5.0,,1.0,40.0,,1.0,,,,,2.0,4.0,5.0,,,,2.0,,,2.0,5.0,,,,1.0,4.0,,,,,,,,,,,,1.0,1.0,1.0,1.0,1.0,1.0,6,3,4,3,2,4,5,5,3,2,55.0,45.0,50.0,40.0,50.0,45.0,60.0,40.0,55.0,45.0,1,2,2,1,2,1,1,2,2,1,2,1,2,2,1,2,2,1,2,2,2,1,2,2,2,2,2,2,1,2,2,1,1,1,2,2,2,2,2,2
1254,2,3,2,2,3,2,4,2,4,3,70.0,,3.0,,,,,3.0,4.0,3.0,5.0,,1.0,40.0,,,2.0,2.0,4.0,4.0,,,,,,,,16.0,1.0,,,6.0,,1.0,,,4.0,1.0,1.0,1.0,1.0,1.0,1.0,1.0,1.0,1.0,1.0,,,,,,,6,3,2,3,3,5,6,5,3,2,45.0,38.0,41.0,44.0,48.0,36.0,52.0,39.0,55.0,40.0,1,2,1,2,1,2,2,2,1,1,2,1,2,2,2,2,1,2,2,1,2,1,2,2,2,2,2,2,2,2,1,1,2,2,1,1,2,2,1,2
1327,5,5,5,5,5,5,5,5,1,1,70.0,,,1.0,,,,3.0,4.0,3.0,,7.0,1.0,54.0,,1.0,,1.0,5.0,6.0,,,,,,,,,1.0,,,10.0,,1.0,,5.0,,1.0,1.0,1.0,1.0,1.0,1.0,1.0,1.0,1.0,1.0,,,,,,,7,2,2,2,2,5,7,7,4,2,65.0,60.0,65.0,80.0,80.0,80.0,90.0,70.0,30.0,30.0,2,2,2,2,1,2,1,1,2,2,2,2,2,2,1,2,1,1,2,1,1,1,2,1,1,1,2,1,2,1,2,1,2,2,2,1,2,2,1,1
1448,4,4,4,5,5,5,5,5,2,2,,30.0,,1.0,,,,3.0,4.0,3.0,,5.0,1.0,45.0,,,2.0,,,,,,,2.0,4.0,5.0,18.0,,,2.0,,,3.0,1.0,,4.0,,,,,,,,,,,,1.0,1.0,1.0,1.0,1.0,1.0,6,3,4,3,3,5,6,5,3,2,60.0,55.0,58.0,65.0,70.0,62.0,75.0,60.0,40.0,35.0,2,2,2,1,1,1,2,2,2,1,1,1,1,1,2,2,1,2,1,2,2,2,1,1,1,1,1,2,1,2,2,1,1,2,2,2,1,1,2,2
654,5,4,5,5,5,5,5,5,2,2,70.0,,4.0,,3.0,4.0,6.0,,,,5.0,,1.0,54.0,,1.0,,2.0,4.0,5.0,,,,,,,,,1.0,,,6.0,,1.0,,,5.0,1.0,1.0,1.0,1.0,1.0,1.0,1.0,1.0,1.0,1.0,,,,,,,6,3,4,3,2,5,6,6,3,2,62.0,55.0,60.0,70.0,68.0,65.0,75.0,60.0,40.0,45.0,2,2,2,2,1,2,2,2,2,1,2,2,2,2,1,2,2,2,2,1,1,2,2,1,1,1,2,2,2,2,2,1,2,1,1,2,1,2,2,1
727,5,5,5,5,5,5,5,5,2,2,70.0,,4.0,,3.0,4.0,6.0,,,,,6.0,1.0,50.0,,,2.0,,,,3.0,5.0,6.0,,,,,20.0,,2.0,,9.0,,1.0,,,5.0,,,,,,,,,,,1.0,1.0,1.0,1.0,1.0,1.0,7,3,2,2,2,5,6,6,3,2,60.0,55.0,60.0,70.0,70.0,65.0,80.0,60.0,40.0,35.0,1,2,2,2,2,1,2,2,2,1,2,2,2,2,1,1,2,1,2,1,1,1,2,1,1,2,2,2,2,1,1,1,2,2,2,2,1,2,2,2
949,4,4,4,4,4,4,5,4,2,2,70.0,,,1.0,,,,4.0,5.0,3.0,,5.0,1.0,40.0,,1.0,,,,,2.0,4.0,5.0,,,,20.0,,1.0,,4.0,,,1.0,,,4.0,,,,,,,,,,,1.0,1.0,1.0,1.0,1.0,1.0,6,3,4,4,3,5,6,6,3,2,60.0,55.0,50.0,60.0,65.0,60.0,70.0,55.0,50.0,45.0,2,2,1,1,1,1,2,2,2,2,2,2,1,1,1,1,1,2,1,2,2,1,2,1,2,1,2,2,2,2,2,1,2,2,2,1,1,2,1,2
445,2,3,2,2,3,2,4,2,4,3,,30.0,,1.0,3.0,4.0,6.0,,,,5.0,,,,2.0,1.0,,1.0,2.0,4.0,,,,,,,,,1.0,,3.0,,,,1.0,3.0,,,,,,,,,,,,1.0,1.0,1.0,1.0,1.0,1.0,6,3,3,3,3,5,6,6,3,2,45.0,38.0,40.0,35.0,40.0,35.0,50.0,40.0,60.0,30.0,1,2,1,2,2,2,2,2,1,2,1,1,2,2,1,2,1,2,1,2,2,2,1,1,2,1,2,2,2,1,1,1,2,1,2,2,1,1,1,2
536,2,2,2,2,2,2,2,2,1,1,70.0,,,1.0,,,,3.0,4.0,5.0,,5.0,1.0,30.0,,1.0,,1.0,2.0,2.0,,,,,,,,,2.0,,3.0,,,1.0,,1.0,,1.0,1.0,1.0,1.0,1.0,1.0,1.0,1.0,1.0,1.0,,,,,,,6,2,2,2,2,5,6,6,1,1,30.0,25.0,25.0,20.0,20.0,15.0,20.0,10.0,60.0,40.0,2,2,1,2,2,2,2,1,1,2,2,1,2,2,2,2,2,2,1,2,2,1,1,2,1,2,2,2,1,2,2,2,2,2,2,2,2,2,2,2
259,5,4,4,4,5,5,5,5,2,2,,30.0,3.0,,,,,4.0,3.0,3.0,5.0,,1.0,45.0,,1.0,,2.0,4.0,5.0,,,,,,,,,,2.0,,6.0,,1.0,,5.0,,1.0,1.0,1.0,1.0,1.0,1.0,1.0,1.0,1.0,1.0,,,,,,,6,3,3,3,3,5,6,6,3,2,60.0,55.0,50.0,65.0,70.0,60.0,75.0,55.0,40.0,35.0,2,2,2,2,2,1,2,1,2,1,1,1,1,1,1,2,2,2,1,1,2,2,1,2,2,1,1,2,2,1,1,1,2,2,2,2,2,2,1,1
1045,4,4,4,4,4,4,5,4,2,2,,30.0,,1.0,4.0,3.0,5.0,,,,5.0,,,,2.0,1.0,,,,,,,,1.0,4.0,5.0,,,1.0,,,7.0,,,2.0,,4.0,,,,,,,,,,,1.0,1.0,1.0,1.0,1.0,1.0,6,2,2,3,3,5,6,6,3,2,60.0,55.0,60.0,65.0,65.0,60.0,70.0,60.0,50.0,45.0,1,2,1,2,1,2,2,2,2,1,2,1,1,2,1,2,1,1,2,2,2,2,1,2,1,2,2,1,2,2,2,2,2,1,2,2,1,2,2,1
1136,2,3,2,2,3,2,4,2,4,3,70.0,,1.0,,,,,3.0,4.0,2.0,,5.0,,,2.0,,2.0,1.0,3.0,4.0,,,,,,,,,,2.0,,6.0,,,2.0,,4.0,,,,,,,,,,,1.0,1.0,1.0,1.0,1.0,1.0,6,2,3,3,2,5,6,6,3,2,54.0,47.0,45.0,41.0,49.0,38.0,56.0,44.0,53.0,37.0,2,2,2,2,1,1,2,2,2,1,1,2,2,1,1,1,2,2,2,1,2,1,2,2,1,2,1,2,2,1,2,1,2,1,2,2,2,1,2,1
1659,4,4,4,5,5,5,5,4,2,2,70.0,,1.0,,,,,3.0,4.0,5.0,,5.0,,,2.0,,2.0,,,,2.0,4.0,5.0,,,,16.0,,,2.0,5.0,,,,1.0,,4.0,1.0,1.0,1.0,1.0,1.0,1.0,1.0,1.0,1.0,1.0,,,,,,,6,3,2,2,2,5,6,6,3,2,62.0,54.0,58.0,66.0,68.0,65.0,70.0,60.0,44.0,41.0,2,2,2,2,1,2,1,1,1,2,2,1,2,2,2,2,1,2,2,2,2,2,2,2,1,2,1,1,1,2,2,2,2,1,2,2,2,2,1,1
1944,4,4,4,4,4,4,4,4,2,2,70.0,,4.0,,3.0,3.0,5.0,,,,5.0,,1.0,30.0,,1.0,,1.0,4.0,4.0,,,,,,,20.0,,,2.0,,7.0,,,2.0,,4.0,1.0,1.0,1.0,1.0,1.0,1.0,1.0,1.0,1.0,1.0,,,,,,,6,3,2,2,3,5,6,6,3,2,60.0,55.0,60.0,65.0,65.0,60.0,70.0,60.0,50.0,45.0,1,2,2,2,2,2,1,1,2,2,2,1,1,1,1,1,2,2,1,2,2,2,2,1,2,1,2,2,1,1,1,2,1,2,1,2,1,1,2,2
1837,4,4,4,5,5,5,5,4,2,2,,30.0,,1.0,3.0,4.0,6.0,,,,5.0,,,,2.0,1.0,,,,,,,,4.0,4.0,4.0,5.0,,1.0,,5.0,,,,2.0,4.0,,,,,,,,,,,,1.0,1.0,1.0,1.0,1.0,1.0,6,3,3,3,3,5,6,6,3,2,62.0,55.0,60.0,68.0,70.0,65.0,75.0,60.0,40.0,38.0,1,2,1,1,1,2,2,2,2,2,1,2,1,2,1,2,2,2,1,2,1,1,1,2,2,2,2,2,2,2,2,1,2,1,2,1,1,1,1,2
662,2,3,2,2,2,2,3,2,4,3,,30.0,,1.0,,,,3.0,4.0,3.0,5.0,,1.0,25.0,,1.0,,,,,1.0,2.0,4.0,,,,,,1.0,,3.0,,,1.0,,3.0,,,,,,,,,,,,1.0,1.0,1.0,1.0,1.0,1.0,6,3,3,3,3,5,6,6,2,2,30.0,25.0,20.0,20.0,20.0,20.0,25.0,20.0,40.0,30.0,2,1,2,2,2,2,2,2,2,2,2,2,1,1,1,1,2,2,2,1,1,1,1,2,1,1,2,1,1,2,2,1,2,2,2,1,2,2,1,2
298,2,4,3,2,3,2,5,2,4,3,,30.0,1.0,,3.0,4.0,6.0,,,,,5.0,,,2.0,1.0,,2.0,4.0,5.0,,,,,,,,,,2.0,5.0,,,,1.0,,4.0,,,,,,,,,,,1.0,1.0,1.0,1.0,1.0,1.0,6,2,3,3,2,5,6,6,3,2,55.0,48.0,50.0,45.0,50.0,40.0,60.0,45.0,55.0,40.0,1,1,2,2,2,2,1,1,2,2,2,2,1,2,1,2,1,1,2,2,2,2,1,1,2,2,2,2,2,2,2,2,2,1,1,2,2,2,2,1
711,2,2,2,1,2,2,2,2,1,2,,30.0,,1.0,,,,3.0,4.0,5.0,,5.0,,,2.0,,2.0,,,,,,,1.0,2.0,4.0,,,,2.0,,9.0,,1.0,,,4.0,,,,,,,,,,,1.0,1.0,1.0,1.0,1.0,1.0,6,2,2,2,2,5,6,6,2,1,30.0,25.0,25.0,20.0,25.0,20.0,20.0,20.0,30.0,20.0,1,2,2,1,1,2,1,1,2,2,1,2,2,2,2,2,2,1,1,2,1,2,2,2,2,2,2,1,2,1,2,2,2,2,1,2,1,1,2,1
484,5,4,5,5,5,5,5,5,2,2,,30.0,,1.0,4.0,4.0,6.0,,,,,5.0,,,2.0,1.0,,,,,2.0,4.0,5.0,,,,16.0,,,2.0,,6.0,,,2.0,,4.0,,,,,,,,,,,1.0,1.0,1.0,1.0,1.0,1.0,6,3,2,3,2,5,6,5,3,2,62.0,55.0,60.0,68.0,70.0,65.0,75.0,60.0,40.0,38.0,2,1,1,2,1,2,2,1,2,2,2,2,2,2,1,1,1,1,2,2,1,2,2,2,2,1,2,2,2,1,1,2,1,2,2,2,2,2,2,1
1262,5,5,5,5,5,5,5,5,1,1,70.0,,,1.0,,,,3.0,4.0,2.0,5.0,,,,2.0,,2.0,2.0,5.0,6.0,,,,,,,,,,2.0,,6.0,,1.0,,,5.0,,,,,,,,,,,1.0,1.0,1.0,1.0,1.0,1.0,6,3,2,2,2,5,6,6,3,2,62.0,55.0,60.0,70.0,68.0,65.0,80.0,60.0,40.0,35.0,2,2,2,2,2,2,2,2,2,2,2,2,2,2,2,2,2,2,2,2,2,2,2,2,2,2,2,2,2,2,2,2,2,2,2,2,2,2,2,2
1698,4,4,4,4,4,4,4,4,2,2,,30.0,,1.0,,,,4.0,4.0,3.0,,5.0,,,2.0,,2.0,,,,,,,2.0,4.0,4.0,,8.0,1.0,,,,1.0,,1.0,,4.0,,,,,,,,,,,1.0,1.0,1.0,1.0,1.0,1.0,6,3,3,3,2,5,6,6,3,2,60.0,55.0,50.0,60.0,65.0,55.0,70.0,50.0,40.0,35.0,1,2,2,2,1,2,2,2,2,2,2,1,1,2,1,1,1,2,1,1,1,2,2,1,2,1,2,1,1,1,2,2,2,1,1,1,2,1,2,2
1311,5,4,5,5,5,5,5,5,2,2,,30.0,4.0,,,,,3.0,4.0,2.0,,5.0,1.0,54.0,,,2.0,,,,2.0,4.0,5.0,,,,,12.0,1.0,,,6.0,,,2.0,4.0,,1.0,1.0,1.0,1.0,1.0,1.0,1.0,1.0,1.0,1.0,,,,,,,6,3,2,3,3,5,6,6,3,1,62.0,55.0,60.0,70.0,68.0,65.0,75.0,60.0,40.0,45.0,2,2,2,2,2,1,2,2,2,2,2,1,2,1,2,2,2,1,1,2,2,2,2,1,1,2,2,1,1,2,1,2,1,2,1,2,2,2,1,2
1084,4,4,4,5,5,5,5,5,2,2,70.0,,4.0,,,,,3.0,4.0,5.0,5.0,,1.0,54.0,,,2.0,,,,2.0,5.0,6.0,,,,,20.0,,2.0,,7.0,,,1.0,,4.0,,,,,,,,,,,1.0,1.0,1.0,1.0,1.0,1.0,6,3,3,3,3,5,6,6,3,2,62.0,55.0,60.0,68.0,70.0,65.0,75.0,60.0,50.0,45.0,2,1,2,1,2,2,2,1,2,1,2,1,2,2,1,1,2,2,1,2,1,2,2,1,2,2,1,2,2,1,2,1,1,1,2,2,1,2,2,2
1985,4,4,4,5,5,5,5,4,2,2,,30.0,4.0,,4.0,3.0,5.0,,,,5.0,,1.0,50.0,,1.0,,3.0,4.0,5.0,,,,,,,,5.0,1.0,,4.0,,,,1.0,,4.0,,,,,,,,,,,1.0,1.0,1.0,1.0,1.0,1.0,6,3,4,3,3,5,6,5,3,2,60.0,55.0,60.0,70.0,70.0,65.0,80.0,60.0,40.0,35.0,1,2,2,1,2,1,2,2,2,2,2,2,1,2,2,2,2,2,1,2,2,1,1,2,2,1,2,1,2,2,2,1,1,1,2,1,1,1,2,2
178,4,4,4,4,4,4,5,4,2,2,70.0,,,1.0,4.0,4.0,5.0,,,,,5.0,1.0,30.0,,,2.0,1.0,4.0,5.0,,,,,,,20.0,,1.0,,4.0,,,1.0,,4.0,,,,,,,,,,,,1.0,1.0,1.0,1.0,1.0,1.0,6,3,3,3,2,5,6,5,3,2,60.0,55.0,50.0,60.0,65.0,60.0,70.0,55.0,40.0,35.0,1,2,1,1,2,2,1,1,2,1,2,1,1,1,1,2,1,1,1,2,2,2,2,2,1,1,2,2,2,1,1,1,2,1,1,1,1,2,2,1
582,4,4,4,4,4,4,5,4,2,2,,30.0,4.0,,3.0,4.0,6.0,,,,,5.0,,,2.0,,2.0,2.0,4.0,4.0,,,,,,,,,,2.0,,,2.0,,1.0,4.0,,1.0,1.0,1.0,1.0,1.0,1.0,1.0,1.0,1.0,1.0,,,,,,,6,3,3,3,2,5,6,6,3,2,55.0,48.0,51.0,60.0,62.0,54.0,66.0,50.0,44.0,41.0,1,1,2,1,2,1,1,2,2,1,1,2,2,1,1,2,2,2,1,1,2,1,1,1,2,1,1,1,1,1,2,1,2,2,2,2,2,1,2,1
617,5,4,4,4,4,4,5,4,1,2,70.0,,4.0,,,,,3.0,4.0,3.0,5.0,,1.0,40.0,,1.0,,,,,2.0,4.0,4.0,,,,,18.0,1.0,,,6.0,,1.0,,5.0,,1.0,1.0,1.0,1.0,1.0,1.0,1.0,1.0,1.0,1.0,,,,,,,6,3,2,2,3,5,6,6,3,1,60.0,55.0,50.0,60.0,65.0,60.0,70.0,55.0,40.0,35.0,2,2,1,1,1,2,2,1,1,2,2,2,2,2,2,2,2,1,2,1,1,2,2,2,1,2,2,1,2,1,2,2,1,1,2,2,2,2,1,1
764,2,2,2,2,2,2,2,2,1,1,,30.0,1.0,,,,,3.0,4.0,2.0,3.0,,,,2.0,1.0,,2.0,2.0,2.0,,,,,,,,,2.0,,,,1.0,,1.0,,2.0,,,,,,,,,,,1.0,1.0,1.0,1.0,1.0,1.0,6,2,2,2,2,4,6,6,1,2,30.0,25.0,20.0,20.0,20.0,15.0,20.0,10.0,40.0,30.0,2,1,2,2,2,2,2,1,2,2,2,2,2,1,2,2,1,2,2,2,2,2,2,1,2,2,2,2,1,2,2,1,2,2,1,1,1,2,1,1
1578,4,5,4,4,4,4,4,4,2,2,,30.0,4.0,,,,,3.0,4.0,5.0,5.0,,1.0,40.0,,,2.0,,,,2.0,4.0,5.0,,,,2.0,,,2.0,,7.0,,,2.0,4.0,,,,,,,,,,,,1.0,1.0,1.0,1.0,1.0,1.0,6,3,2,2,3,5,6,6,3,2,60.0,55.0,60.0,65.0,65.0,60.0,70.0,60.0,40.0,35.0,2,2,2,1,2,1,2,2,2,1,1,2,1,2,1,1,2,1,2,1,1,1,2,2,1,1,1,2,2,2,2,1,2,2,2,1,1,2,2,1
1182,2,2,2,2,2,2,2,2,4,2,70.0,,1.0,,,,,3.0,4.0,4.0,5.0,,1.0,30.0,,,2.0,1.0,2.0,2.0,,,,,,,,,2.0,,,1.0,,,1.0,,1.0,1.0,1.0,1.0,1.0,1.0,1.0,1.0,1.0,1.0,1.0,,,,,,,6,2,2,2,2,5,6,6,1,1,40.0,35.0,35.0,35.0,35.0,35.0,35.0,35.0,40.0,35.0,2,2,1,2,1,2,2,1,1,1,2,1,2,1,2,2,2,2,2,2,1,2,2,1,2,2,2,2,1,2,2,1,1,2,2,2,2,1,2,1
1217,5,4,5,5,5,5,5,5,2,2,70.0,,4.0,,,,,3.0,4.0,5.0,,5.0,,,2.0,1.0,,2.0,4.0,5.0,,,,,,,18.0,,,2.0,,7.0,,,2.0,4.0,,1.0,1.0,1.0,1.0,1.0,1.0,1.0,1.0,1.0,1.0,,,,,,,6,3,4,3,3,5,6,5,3,2,62.0,55.0,60.0,68.0,70.0,65.0,75.0,60.0,50.0,48.0,1,2,1,2,2,1,2,1,2,2,2,1,2,1,2,2,2,1,1,2,1,1,1,1,1,2,2,1,2,1,1,1,1,1,2,2,2,2,2,2
1364,4,4,4,3,4,3,5,4,2,2,,30.0,,1.0,3.0,4.0,5.0,,,,,5.0,1.0,40.0,,,2.0,,,,,,,1.0,4.0,5.0,,,,2.0,4.0,,,1.0,,,4.0,1.0,1.0,1.0,1.0,1.0,1.0,1.0,1.0,1.0,1.0,,,,,,,6,3,2,2,3,5,6,6,3,2,60.0,55.0,50.0,45.0,55.0,50.0,65.0,60.0,40.0,35.0,2,2,2,2,1,2,2,1,2,2,1,2,2,1,2,1,1,1,2,1,1,2,1,1,2,2,2,1,2,1,1,2,2,2,2,2,2,2,1,1
1883,2,3,3,2,3,2,4,2,4,3,,30.0,,1.0,,,,3.0,4.0,3.0,,5.0,1.0,30.0,,,2.0,,,,2.0,4.0,5.0,,,,,,,2.0,,6.0,,1.0,,3.0,,,,,,,,,,,,1.0,1.0,1.0,1.0,1.0,1.0,6,3,3,3,2,5,6,5,3,2,40.0,35.0,30.0,30.0,35.0,30.0,40.0,30.0,40.0,30.0,2,1,2,1,2,1,1,2,2,2,1,1,1,1,1,1,1,2,2,1,2,2,2,2,1,1,2,2,1,2,1,2,2,2,1,2,1,1,2,1
879,4,4,4,4,4,4,4,4,2,2,,30.0,,1.0,,,,3.0,3.0,3.0,,5.0,1.0,54.0,,,2.0,,,,2.0,4.0,4.0,,,,20.0,,,2.0,,8.0,,,2.0,,4.0,,,,,,,,,,,1.0,1.0,1.0,1.0,1.0,1.0,6,2,2,2,2,5,6,6,3,2,60.0,55.0,50.0,60.0,60.0,55.0,65.0,60.0,40.0,35.0,2,1,2,1,2,2,2,2,2,1,2,2,1,1,2,2,2,1,2,1,2,2,2,1,1,1,2,2,2,1,2,2,2,2,1,2,1,1,2,2
430,2,3,2,2,2,2,2,2,4,4,,30.0,1.0,,3.0,4.0,6.0,,,,,5.0,,,2.0,,2.0,,,,,,,1.0,4.0,5.0,20.0,,2.0,,,6.0,,1.0,,3.0,,1.0,1.0,1.0,1.0,1.0,1.0,1.0,1.0,1.0,1.0,,,,,,,6,3,2,2,3,5,6,6,3,2,40.0,35.0,30.0,35.0,35.0,30.0,40.0,30.0,50.0,40.0,2,1,2,2,1,2,1,1,2,1,2,1,2,1,1,2,1,2,2,1,1,1,1,1,1,2,1,1,2,1,2,1,1,1,1,1,1,2,1,1
543,4,4,4,4,4,4,5,4,2,2,,30.0,,1.0,,,,3.0,4.0,5.0,,5.0,,,2.0,,2.0,,,,,,,2.0,4.0,5.0,5.0,,1.0,,,6.0,,1.0,,4.0,,1.0,1.0,1.0,1.0,1.0,1.0,1.0,1.0,1.0,1.0,,,,,,,6,3,3,3,2,5,6,6,3,2,60.0,55.0,58.0,62.0,65.0,60.0,70.0,55.0,50.0,48.0,2,1,2,2,2,1,1,1,2,2,1,1,1,2,1,1,2,1,2,1,1,1,2,2,1,1,1,1,2,2,2,2,2,2,2,1,2,2,2,2
1030,3,3,3,3,3,3,3,3,3,3,,30.0,,1.0,3.0,3.0,6.0,,,,3.0,,1.0,20.0,,,2.0,,,,1.0,3.0,3.0,,,,10.0,,2.0,,,,1.0,,1.0,,3.0,1.0,1.0,1.0,1.0,1.0,1.0,1.0,1.0,1.0,1.0,,,,,,,6,2,2,2,2,5,6,6,1,1,30.0,30.0,30.0,30.0,30.0,30.0,30.0,30.0,30.0,30.0,2,2,2,2,2,2,2,2,2,2,2,2,2,2,2,2,2,2,2,2,2,2,2,2,2,2,2,2,2,2,2,2,2,2,2,2,2,2,2,2
1143,4,4,4,4,4,4,5,4,2,2,70.0,,4.0,,3.0,4.0,6.0,,,,5.0,,,,2.0,,2.0,1.0,4.0,5.0,,,,,,,18.0,,,2.0,,,3.0,,1.0,,4.0,1.0,1.0,1.0,1.0,1.0,1.0,1.0,1.0,1.0,1.0,,,,,,,6,2,2,3,2,4,6,6,3,1,62.0,54.0,58.0,66.0,68.0,60.0,74.0,59.0,51.0,47.0,2,2,1,2,1,2,2,1,2,1,2,1,1,1,1,2,1,2,1,2,1,1,2,2,1,2,2,1,1,1,2,1,2,1,1,2,2,2,1,1
1931,2,3,2,2,2,2,2,2,4,3,70.0,,,1.0,,,,3.0,4.0,5.0,5.0,,1.0,30.0,,,2.0,,,,1.0,2.0,3.0,,,,,,,2.0,,,1.0,,1.0,,3.0,1.0,1.0,1.0,1.0,1.0,1.0,1.0,1.0,1.0,1.0,,,,,,,6,2,2,2,2,4,6,6,1,2,40.0,35.0,30.0,30.0,30.0,25.0,30.0,25.0,40.0,30.0,2,2,1,2,2,1,2,2,1,1,2,2,2,1,1,2,1,1,1,2,1,1,1,2,2,1,1,2,1,2,2,1,2,2,2,2,2,1,1,1
1842,2,2,2,2,2,2,2,2,1,2,70.0,,1.0,,3.0,4.0,6.0,,,,,5.0,,,1.0,1.0,,,,,1.0,2.0,2.0,,,,,,,2.0,,7.0,,1.0,,2.0,,1.0,1.0,1.0,1.0,1.0,1.0,1.0,1.0,1.0,1.0,,,,,,,6,2,2,2,2,5,6,6,1,2,30.0,25.0,25.0,25.0,25.0,25.0,25.0,25.0,40.0,25.0,2,2,2,2,2,2,2,2,2,2,2,2,2,2,2,2,2,2,2,2,2,2,2,2,2,2,2,2,2,2,2,2,2,2,2,2,2,2,2,2
1889,4,4,4,4,4,4,5,4,2,2,70.0,,4.0,,3.0,4.0,6.0,,,,,5.0,1.0,45.0,,,2.0,2.0,4.0,5.0,,,,,,,20.0,,1.0,,,,3.0,,1.0,4.0,,1.0,1.0,1.0,1.0,1.0,1.0,1.0,1.0,1.0,1.0,,,,,,,6,3,3,3,2,5,6,6,3,1,60.0,55.0,60.0,65.0,65.0,60.0,70.0,60.0,50.0,45.0,2,2,1,2,2,2,2,1,1,2,2,1,2,2,2,1,1,2,2,1,1,2,1,1,2,1,2,2,2,1,2,1,1,2,2,1,2,2,2,1
900,5,5,5,5,5,5,5,5,1,1,,30.0,,1.0,3.0,4.0,6.0,,,,5.0,,,,2.0,1.0,,,,,,,,2.0,4.0,5.0,,16.0,1.0,,,,3.0,,1.0,,4.0,1.0,1.0,1.0,1.0,1.0,1.0,1.0,1.0,1.0,1.0,,,,,,,6,2,3,3,2,5,6,6,3,2,60.0,55.0,60.0,70.0,70.0,65.0,80.0,60.0,40.0,35.0,2,1,1,2,1,2,1,2,1,1,2,2,1,2,2,2,2,2,1,2,2,1,2,2,1,2,2,1,2,1,1,1,2,1,2,1,2,1,1,1
873,2,2,2,2,2,2,2,2,4,2,70.0,,1.0,,,,,3.0,4.0,4.0,,5.0,,,2.0,1.0,,1.0,2.0,2.0,,,,,,,,,2.0,,,7.0,,,1.0,3.0,,1.0,1.0,1.0,1.0,1.0,1.0,1.0,1.0,1.0,1.0,,,,,,,6,2,2,2,2,4,6,6,2,1,20.0,20.0,20.0,20.0,20.0,20.0,20.0,20.0,40.0,20.0,1,2,2,2,2,1,1,1,2,1,2,1,1,1,2,1,2,1,2,2,1,1,2,1,1,1,2,1,2,1,1,2,2,2,2,1,1,1,1,2
588,5,5,5,5,5,5,5,5,1,1,,30.0,4.0,,2.0,3.0,6.0,,,,,5.0,,,2.0,,2.0,2.0,5.0,6.0,,,,,,,,20.0,,2.0,,6.0,,1.0,,,5.0,,,,,,,,,,,1.0,1.0,1.0,1.0,1.0,1.0,6,3,2,2,2,5,6,6,3,2,60.0,55.0,60.0,70.0,70.0,65.0,80.0,60.0,40.0,35.0,1,2,2,2,2,2,2,1,1,1,2,2,1,1,1,1,2,1,1,2,2,1,1,1,1,1,2,1,1,2,1,1,2,2,1,2,2,2,1,2
172,4,4,4,3,4,3,4,3,2,2,,30.0,4.0,,3.0,4.0,6.0,,,,5.0,,,,2.0,1.0,,,,,,,,2.0,4.0,5.0,,,1.0,,,,2.0,1.0,,,4.0,1.0,1.0,1.0,1.0,1.0,1.0,1.0,1.0,1.0,1.0,,,,,,,6,2,4,3,2,5,6,5,3,2,60.0,55.0,50.0,55.0,60.0,50.0,65.0,55.0,45.0,40.0,1,1,1,1,2,2,2,2,1,2,2,1,1,1,2,2,2,1,1,2,2,2,1,1,2,1,2,1,1,2,2,1,1,1,1,2,2,2,2,2
394,5,5,5,5,5,5,5,5,1,1,70.0,,,1.0,,,,3.0,4.0,2.0,,6.0,,,2.0,1.0,,1.0,5.0,6.0,,,,,,,,,,2.0,,9.0,,1.0,,5.0,,,,,,,,,,,,1.0,1.0,1.0,1.0,1.0,1.0,7,2,2,2,2,5,7,6,3,2,60.0,55.0,60.0,70.0,75.0,65.0,80.0,60.0,30.0,35.0,2,1,2,2,2,1,1,2,1,1,2,1,2,2,2,1,2,2,1,1,1,1,2,1,1,2,2,1,1,2,1,1,1,2,1,2,2,2,2,2
1188,5,5,5,5,5,5,5,5,1,1,,30.0,4.0,,,,,3.0,4.0,3.0,5.0,,,,2.0,,2.0,,,,,,,1.0,5.0,6.0,,,,2.0,,,1.0,1.0,,,5.0,,,,,,,,,,,1.0,1.0,1.0,1.0,1.0,1.0,6,3,2,2,3,5,6,6,3,2,62.0,55.0,60.0,70.0,68.0,65.0,75.0,60.0,40.0,35.0,2,1,2,1,1,1,2,2,1,2,2,2,2,2,1,1,2,2,1,1,1,2,2,1,1,2,2,1,2,2,2,1,2,2,2,2,1,1,2,2
1401,4,4,4,3,4,3,4,4,2,2,70.0,,,1.0,3.0,3.0,5.0,,,,5.0,,,,2.0,,2.0,,,,,,,1.0,4.0,6.0,,20.0,,2.0,4.0,,,1.0,,,4.0,,,,,,,,,,,1.0,1.0,1.0,1.0,1.0,1.0,6,3,2,2,2,5,6,6,3,2,60.0,55.0,50.0,65.0,60.0,55.0,70.0,60.0,45.0,40.0,2,2,2,1,1,1,2,1,2,2,2,2,2,1,2,2,2,1,2,1,2,1,1,2,1,2,1,1,1,2,2,1,1,2,2,1,2,2,2,2
1572,5,5,5,5,5,5,5,5,2,2,,30.0,,1.0,3.0,3.0,6.0,,,,5.0,,1.0,54.0,,,2.0,2.0,5.0,6.0,,,,,,,2.0,,1.0,,5.0,,,1.0,,,5.0,,,,,,,,,,,1.0,1.0,1.0,1.0,1.0,1.0,6,2,2,2,2,5,6,6,3,2,62.0,55.0,60.0,68.0,70.0,65.0,80.0,60.0,40.0,35.0,1,1,2,2,1,2,2,1,2,2,2,1,1,2,1,2,2,2,2,2,2,2,2,1,2,1,1,1,2,2,2,1,2,1,1,2,1,1,1,1
1794,4,4,4,4,4,4,5,4,2,2,,30.0,4.0,,3.0,4.0,6.0,,,,5.0,,,,2.0,1.0,,,,,2.0,4.0,5.0,,,,,18.0,,2.0,5.0,,,,2.0,4.0,,1.0,1.0,1.0,1.0,1.0,1.0,1.0,1.0,1.0,1.0,,,,,,,6,3,2,2,2,4,6,6,3,1,62.0,54.0,58.0,66.0,68.0,60.0,74.0,59.0,52.0,48.0,2,1,1,2,1,2,2,2,1,1,1,1,2,1,1,2,1,1,1,2,2,2,2,2,2,2,2,1,1,2,1,2,2,2,2,1,1,2,1,1
1848,2,2,2,2,2,2,2,2,1,1,,30.0,1.0,,,,,2.0,3.0,2.0,,5.0,1.0,54.0,,1.0,,1.0,2.0,2.0,,,,,,,,,,2.0,1.0,,,1.0,,,1.0,,,,,,,,,,,1.0,1.0,1.0,1.0,1.0,1.0,6,2,2,2,2,5,6,6,1,2,30.0,30.0,30.0,30.0,30.0,30.0,30.0,30.0,30.0,30.0,2,2,2,2,2,2,2,2,2,2,2,2,2,2,2,2,2,2,2,2,2,2,2,2,2,2,2,2,2,2,2,2,2,2,2,2,2,2,2,2
24,2,2,2,1,2,2,2,1,1,1,70.0,,,1.0,3.0,4.0,6.0,,,,3.0,,,,2.0,,2.0,,,,1.0,2.0,3.0,,,,20.0,,2.0,,,,1.0,1.0,,1.0,,,,,,,,,,,,1.0,1.0,1.0,1.0,1.0,1.0,6,2,2,2,2,5,6,6,1,2,30.0,20.0,20.0,10.0,20.0,20.0,20.0,10.0,60.0,60.0,2,2,1,2,2,2,2,2,2,2,2,2,2,2,2,2,2,2,2,2,2,2,2,2,1,2,2,1,2,2,2,2,2,1,2,1,2,1,1,2
2055,5,5,5,5,5,5,5,5,1,1,70.0,,4.0,,,,,4.0,4.0,3.0,6.0,,1.0,54.0,,1.0,,2.0,4.0,5.0,,,,,,,,18.0,1.0,,,6.0,,1.0,,5.0,,1.0,1.0,1.0,1.0,1.0,1.0,1.0,1.0,1.0,1.0,,,,,,,6,3,2,2,2,5,6,6,3,2,62.0,54.0,58.0,70.0,68.0,65.0,75.0,60.0,40.0,38.0,2,2,2,2,2,2,2,2,1,2,1,2,1,2,2,1,1,2,2,2,2,1,1,1,2,2,2,1,2,1,2,2,1,2,1,1,2,2,2,2
226,3,4,3,3,4,4,4,3,2,2,70.0,,,1.0,,,,3.0,4.0,5.0,,5.0,,,2.0,1.0,,2.0,4.0,5.0,,,,,,,18.0,,1.0,,,5.0,,,1.0,,4.0,,,,,,,,,,,1.0,1.0,1.0,1.0,1.0,1.0,6,2,3,2,2,5,6,5,3,2,55.0,48.0,50.0,60.0,65.0,55.0,70.0,45.0,60.0,40.0,2,2,1,2,2,1,2,2,2,1,2,2,2,1,1,2,1,2,2,1,2,2,1,2,1,2,2,2,1,2,2,2,1,1,1,2,1,1,1,2
355,4,4,4,3,4,3,4,3,2,2,,30.0,4.0,,,,,3.0,4.0,3.0,,5.0,1.0,30.0,,1.0,,,,,2.0,4.0,4.0,,,,18.0,,1.0,,,,2.0,1.0,,4.0,,1.0,1.0,1.0,1.0,1.0,1.0,1.0,1.0,1.0,1.0,,,,,,,6,3,2,2,3,5,6,5,3,2,60.0,55.0,50.0,60.0,65.0,60.0,70.0,55.0,45.0,40.0,1,2,1,2,2,2,2,1,1,1,2,2,2,1,1,2,2,2,2,1,1,1,1,2,1,2,2,2,2,1,1,2,1,2,2,2,1,2,1,1
549,5,5,5,5,5,5,5,5,2,2,70.0,,4.0,,3.0,4.0,6.0,,,,5.0,,,,2.0,,2.0,2.0,5.0,6.0,,,,,,,18.0,,,2.0,,,3.0,,2.0,5.0,,1.0,1.0,1.0,1.0,1.0,1.0,1.0,1.0,1.0,1.0,,,,,,,6,3,3,3,3,5,6,6,3,1,62.0,55.0,60.0,68.0,70.0,65.0,80.0,60.0,45.0,40.0,2,1,2,2,2,2,1,1,2,1,2,2,1,1,2,1,1,2,2,1,2,2,1,2,2,1,2,1,1,2,2,1,1,2,1,2,1,1,2,1
1626,4,4,4,4,4,4,5,4,1,1,70.0,,4.0,,2.0,3.0,6.0,,,,,5.0,,,2.0,,2.0,1.0,4.0,4.0,,,,,,,,,1.0,,,,1.0,,1.0,,4.0,,,,,,,,,,,1.0,1.0,1.0,1.0,1.0,1.0,6,3,3,3,2,5,6,6,3,2,60.0,55.0,60.0,65.0,65.0,60.0,70.0,60.0,40.0,35.0,1,2,2,1,1,2,2,2,2,2,1,2,2,2,2,2,2,1,2,1,1,1,2,2,1,2,2,2,2,2,1,2,2,2,2,2,2,1,2,2
1755,2,3,2,2,2,2,4,2,4,3,70.0,,1.0,,3.0,4.0,5.0,,,,,5.0,,,2.0,,2.0,,,,1.0,3.0,4.0,,,,,,2.0,,3.0,,,,1.0,,3.0,1.0,1.0,1.0,1.0,1.0,1.0,1.0,1.0,1.0,1.0,,,,,,,6,2,2,2,2,4,6,6,3,2,40.0,35.0,30.0,30.0,30.0,30.0,40.0,25.0,50.0,25.0,2,2,1,2,1,2,1,2,1,2,2,1,1,1,1,1,1,1,1,2,2,2,1,2,1,2,2,2,2,1,2,2,1,1,1,2,2,1,1,2
1149,5,5,5,5,5,5,5,5,1,1,,30.0,,1.0,,,,3.0,4.0,2.0,,5.0,,,2.0,,2.0,,,,2.0,5.0,6.0,,,,20.0,,,2.0,4.0,,,,2.0,5.0,,,,,,,,,,,,1.0,1.0,1.0,1.0,1.0,1.0,6,3,3,3,2,5,6,6,4,2,65.0,60.0,62.0,70.0,75.0,70.0,80.0,60.0,30.0,25.0,2,2,2,2,1,2,2,2,2,2,2,2,2,2,1,1,2,2,2,1,2,2,2,2,1,1,2,1,2,1,1,1,2,1,2,2,1,2,2,1
2020,2,2,2,1,2,2,2,2,1,2,,30.0,1.0,,,,,3.0,4.0,3.0,5.0,,1.0,30.0,,,2.0,,,,1.0,2.0,2.0,,,,,,2.0,,,10.0,,1.0,,,2.0,,,,,,,,,,,1.0,1.0,1.0,1.0,1.0,1.0,6,2,2,2,2,5,6,6,2,1,30.0,25.0,25.0,20.0,25.0,25.0,25.0,20.0,40.0,20.0,2,2,2,2,2,2,2,2,1,1,2,2,2,2,1,2,2,1,2,2,2,2,2,1,2,2,2,2,2,1,1,2,2,1,2,2,2,1,1,2
51,4,4,4,4,4,4,5,4,2,2,70.0,,,1.0,3.0,4.0,6.0,,,,,5.0,1.0,50.0,,,2.0,,,,,,,2.0,4.0,5.0,,,,2.0,,,3.0,,1.0,4.0,,1.0,1.0,1.0,1.0,1.0,1.0,1.0,1.0,1.0,1.0,,,,,,,6,3,3,3,2,5,6,5,3,2,60.0,55.0,60.0,60.0,65.0,60.0,70.0,55.0,50.0,45.0,2,1,1,1,1,2,2,1,1,1,2,2,1,2,2,1,1,1,2,1,2,1,1,2,1,1,1,1,1,2,1,2,1,1,1,1,2,1,2,1
253,5,5,5,5,5,5,5,5,1,1,70.0,,3.0,,,,,4.0,5.0,3.0,5.0,,1.0,54.0,,,2.0,,,,,,,4.0,5.0,6.0,,,,2.0,5.0,,,1.0,,5.0,,,,,,,,,,,,1.0,1.0,1.0,1.0,1.0,1.0,6,3,2,2,2,5,6,6,3,2,62.0,55.0,60.0,70.0,68.0,65.0,75.0,60.0,40.0,35.0,1,2,2,2,2,2,2,1,2,2,1,2,1,2,1,2,2,1,1,2,1,2,1,1,1,2,2,2,2,1,1,1,2,1,2,1,1,1,1,1
320,5,5,5,5,5,5,5,5,2,2,,30.0,,1.0,,,,3.0,4.0,2.0,,5.0,1.0,54.0,,,2.0,,,,,,,2.0,5.0,6.0,,,,2.0,,,1.0,,2.0,,5.0,,,,,,,,,,,1.0,1.0,1.0,1.0,1.0,1.0,6,2,2,2,2,5,6,6,3,2,60.0,55.0,60.0,70.0,70.0,65.0,80.0,65.0,40.0,35.0,1,2,2,1,2,2,1,2,1,1,1,2,1,1,1,1,2,2,2,1,2,1,2,2,1,1,1,2,2,1,2,1,2,2,2,2,2,2,2,2
1653,2,2,2,2,2,2,2,2,1,2,70.0,,,1.0,,,,3.0,4.0,5.0,,5.0,1.0,54.0,,,2.0,1.0,2.0,2.0,,,,,,,,,2.0,,3.0,,,1.0,,3.0,,,,,,,,,,,,1.0,1.0,1.0,1.0,1.0,1.0,6,2,2,2,2,5,6,6,1,1,30.0,25.0,25.0,25.0,25.0,25.0,25.0,25.0,40.0,30.0,2,2,2,2,2,1,2,1,2,1,2,2,2,2,2,2,2,2,2,1,2,2,2,2,2,2,2,2,1,2,2,2,1,2,2,2,1,2,1,2
1720,5,5,5,5,5,5,5,5,2,2,70.0,,4.0,,3.0,4.0,6.0,,,,,5.0,1.0,54.0,,,2.0,,,,,,,1.0,5.0,6.0,,20.0,,2.0,5.0,,,,2.0,,4.0,1.0,1.0,1.0,1.0,1.0,1.0,1.0,1.0,1.0,1.0,,,,,,,6,2,2,2,2,5,6,6,3,2,60.0,55.0,60.0,70.0,75.0,65.0,80.0,60.0,40.0,35.0,2,1,1,2,1,1,2,1,2,2,2,1,2,2,1,2,1,1,2,2,1,1,2,1,2,1,2,2,1,1,2,2,2,1,2,2,2,2,2,1
975,4,4,4,4,4,4,5,4,2,2,,30.0,4.0,,3.0,3.0,5.0,,,,,5.0,1.0,50.0,,,2.0,1.0,4.0,4.0,,,,,,,,,2.0,,,6.0,,1.0,,4.0,,1.0,1.0,1.0,1.0,1.0,1.0,1.0,1.0,1.0,1.0,,,,,,,6,3,2,2,2,5,6,6,3,1,60.0,55.0,60.0,65.0,65.0,60.0,70.0,60.0,50.0,45.0,1,2,2,1,2,1,2,2,1,1,2,2,2,1,1,2,1,2,1,2,2,2,2,1,2,1,2,1,2,2,2,2,1,1,1,2,1,2,1,2
90,5,5,5,5,5,5,5,5,1,1,,30.0,4.0,,3.0,4.0,6.0,,,,5.0,,,,2.0,,2.0,3.0,5.0,5.0,,,,,,,,20.0,,2.0,,5.0,,1.0,,,5.0,,,,,,,,,,,1.0,1.0,1.0,1.0,1.0,1.0,6,3,2,2,3,5,6,6,3,2,65.0,60.0,60.0,70.0,75.0,70.0,80.0,65.0,30.0,35.0,2,2,2,1,1,2,2,2,2,1,2,2,2,2,2,1,2,2,2,1,1,2,2,2,1,1,1,2,1,2,1,2,2,2,2,1,2,1,2,2
806,5,5,5,5,5,5,5,5,1,1,,30.0,4.0,,2.0,3.0,6.0,,,,,6.0,1.0,54.0,,1.0,,,,,1.0,5.0,6.0,,,,,20.0,1.0,,,7.0,,,2.0,5.0,,,,,,,,,,,,1.0,1.0,1.0,1.0,1.0,1.0,6,2,2,2,2,5,6,6,3,2,65.0,60.0,60.0,70.0,70.0,65.0,80.0,60.0,40.0,35.0,1,2,2,2,2,2,2,2,1,2,2,1,2,2,1,1,1,1,2,1,2,2,2,2,1,1,2,2,1,1,2,1,2,2,1,2,2,2,1,1
292,4,4,4,4,4,4,5,4,2,2,70.0,,4.0,,,,,3.0,4.0,5.0,,5.0,,,2.0,1.0,,,,,,,,2.0,4.0,5.0,18.0,,1.0,,,,2.0,1.0,,4.0,,1.0,1.0,1.0,1.0,1.0,1.0,1.0,1.0,1.0,1.0,,,,,,,6,3,2,2,3,5,6,6,3,2,60.0,55.0,60.0,65.0,70.0,60.0,70.0,60.0,50.0,45.0,2,2,2,1,2,2,2,2,2,2,2,1,2,2,2,1,2,2,2,2,1,1,2,1,2,2,1,1,1,2,1,2,1,1,1,2,1,2,2,2
668,2,2,2,1,2,2,2,2,1,2,,30.0,,1.0,2.0,3.0,6.0,,,,,5.0,,,2.0,,2.0,1.0,2.0,2.0,,,,,,,,,,2.0,,,3.0,1.0,,2.0,,,,,,,,,,,,1.0,1.0,1.0,1.0,1.0,1.0,6,2,2,2,2,5,6,6,1,2,40.0,35.0,30.0,20.0,25.0,20.0,30.0,25.0,60.0,40.0,2,1,2,2,2,1,2,2,1,1,2,2,2,1,2,1,2,1,2,1,2,1,2,1,1,2,2,2,2,1,2,2,2,1,2,2,2,2,1,2
107,2,2,2,1,2,2,2,2,1,2,,30.0,1.0,,,,,3.0,3.0,4.0,5.0,,1.0,30.0,,1.0,,,,,1.0,2.0,3.0,,,,,,2.0,,3.0,,,,1.0,3.0,,,,,,,,,,,,1.0,1.0,1.0,1.0,1.0,1.0,6,3,3,3,2,5,6,6,2,2,40.0,35.0,30.0,20.0,30.0,25.0,30.0,20.0,40.0,30.0,2,2,2,1,2,2,2,2,2,2,2,2,2,2,2,2,2,2,2,1,2,2,1,1,2,2,2,2,2,2,2,1,2,2,2,1,2,2,2,2
1692,5,5,5,5,5,5,5,5,2,2,70.0,,,1.0,,,,4.0,4.0,3.0,,5.0,,,2.0,1.0,,,,,,,,2.0,4.0,5.0,2.0,,,2.0,,6.0,,,2.0,,4.0,,,,,,,,,,,1.0,1.0,1.0,1.0,1.0,1.0,6,2,2,2,2,5,6,6,3,2,65.0,60.0,62.0,70.0,68.0,65.0,75.0,60.0,40.0,35.0,2,2,1,2,2,1,1,1,2,2,2,2,2,2,2,2,2,2,2,2,2,2,2,2,2,2,2,2,2,1,2,2,1,2,2,2,2,2,1,2
1268,4,4,4,3,4,3,4,4,2,2,,30.0,,1.0,4.0,4.0,5.0,,,,5.0,,,,2.0,1.0,,2.0,4.0,4.0,,,,,,,,15.0,1.0,,,,3.0,1.0,,,4.0,,,,,,,,,,,1.0,1.0,1.0,1.0,1.0,1.0,6,3,4,3,3,5,6,5,3,2,60.0,55.0,58.0,52.0,60.0,55.0,65.0,60.0,45.0,40.0,2,1,2,1,1,2,1,1,2,2,1,1,2,2,2,1,1,2,2,1,1,1,2,1,1,2,2,1,1,1,2,2,2,1,2,1,2,1,1,2
1474,5,5,5,5,5,5,5,5,1,1,70.0,,4.0,,,,,3.0,4.0,5.0,,5.0,1.0,54.0,,1.0,,,,,1.0,5.0,6.0,,,,,,,2.0,4.0,,,1.0,,5.0,,,,,,,,,,,,1.0,1.0,1.0,1.0,1.0,1.0,6,2,2,2,2,5,6,6,3,2,62.0,55.0,60.0,70.0,68.0,65.0,80.0,60.0,40.0,35.0,1,1,1,1,1,1,1,1,2,2,2,2,1,1,2,1,1,1,1,2,2,1,1,2,2,2,2,2,2,2,1,2,1,2,1,1,2,1,2,1
1507,1,1,1,1,1,1,1,1,1,1,70.0,,,1.0,,,,2.0,2.0,2.0,1.0,,2.0,10.0,,1.0,,,,,1.0,1.0,1.0,,,,,,2.0,,,,1.0,1.0,,1.0,,1.0,1.0,1.0,1.0,1.0,1.0,1.0,1.0,1.0,1.0,,,,,,,5,1,1,1,2,5,5,5,1,1,10.0,10.0,10.0,10.0,10.0,10.0,10.0,10.0,10.0,10.0,2,2,2,2,2,2,2,2,2,2,2,2,2,2,2,2,2,2,2,2,2,2,2,2,2,2,2,2,2,2,2,2,2,2,2,2,2,2,2,2
2011,4,4,4,4,4,4,5,4,2,2,,30.0,4.0,,3.0,4.0,6.0,,,,5.0,,1.0,54.0,,,2.0,3.0,4.0,5.0,,,,,,,,,,2.0,,,3.0,,2.0,,4.0,1.0,1.0,1.0,1.0,1.0,1.0,1.0,1.0,1.0,1.0,,,,,,,6,3,2,2,2,5,6,6,3,2,60.0,55.0,60.0,65.0,70.0,60.0,75.0,60.0,50.0,45.0,2,1,2,1,2,1,2,1,2,2,2,2,2,2,2,1,2,1,2,2,1,2,2,1,1,1,1,1,1,2,2,1,1,1,2,2,1,2,2,1
60,2,2,2,2,2,2,4,2,4,2,,30.0,,1.0,2.0,3.0,6.0,,,,5.0,,,,2.0,,2.0,,,,1.0,2.0,4.0,,,,,20.0,2.0,,,,1.0,1.0,,,2.0,,,,,,,,,,,1.0,1.0,1.0,1.0,1.0,1.0,6,2,2,2,2,4,6,6,2,2,35.0,30.0,30.0,30.0,30.0,30.0,40.0,30.0,60.0,30.0,2,2,1,2,1,1,2,2,2,2,2,1,1,1,2,1,1,1,1,1,1,2,2,2,1,1,2,1,2,1,2,2,1,1,2,1,2,1,1,2
985,4,4,4,4,4,4,5,4,2,2,70.0,,4.0,,,,,3.0,4.0,4.0,,5.0,1.0,54.0,,,2.0,,,,2.0,4.0,5.0,,,,18.0,,1.0,,,6.0,,,2.0,4.0,,,,,,,,,,,,1.0,1.0,1.0,1.0,1.0,1.0,6,3,3,3,3,5,6,6,3,2,55.0,48.0,52.0,60.0,65.0,62.0,70.0,50.0,40.0,35.0,1,2,2,1,2,2,1,2,2,1,2,1,2,2,1,1,2,1,2,1,1,2,1,2,1,1,1,1,2,1,2,1,1,2,2,2,2,1,2,1
1484,2,3,2,2,2,2,2,2,4,2,70.0,,1.0,,3.0,4.0,6.0,,,,,5.0,1.0,25.0,,,2.0,,,,1.0,2.0,4.0,,,,,,,2.0,,,2.0,1.0,,,3.0,,,,,,,,,,,1.0,1.0,1.0,1.0,1.0,1.0,6,3,3,3,3,5,6,6,2,2,40.0,30.0,30.0,30.0,30.0,30.0,30.0,30.0,40.0,30.0,1,2,1,2,2,2,2,2,2,2,2,1,1,1,2,2,1,1,2,2,1,2,2,1,1,1,2,1,2,1,1,1,1,2,2,2,2,1,2,1
1662,4,4,4,3,4,3,5,4,2,2,,30.0,4.0,,3.0,4.0,6.0,,,,,5.0,1.0,40.0,,,2.0,2.0,4.0,5.0,,,,,,,18.0,,,2.0,4.0,,,,1.0,,4.0,1.0,1.0,1.0,1.0,1.0,1.0,1.0,1.0,1.0,1.0,,,,,,,6,3,4,4,3,5,6,6,3,1,60.0,55.0,50.0,55.0,60.0,50.0,65.0,55.0,45.0,40.0,2,2,2,2,2,1,2,2,2,2,2,2,2,1,2,2,2,2,2,2,2,1,2,1,1,2,2,1,2,1,2,2,2,2,2,1,2,1,2,2
1298,4,4,4,5,5,5,5,5,2,2,,30.0,,2.0,,,,3.0,4.0,5.0,,5.0,,,2.0,1.0,,2.0,4.0,4.0,,,,,,,,20.0,,2.0,5.0,,,,2.0,,4.0,1.0,1.0,1.0,1.0,1.0,1.0,1.0,1.0,1.0,1.0,,,,,,,6,2,3,3,2,5,6,6,3,2,60.0,55.0,60.0,70.0,70.0,65.0,80.0,60.0,40.0,35.0,2,2,2,1,2,2,2,2,2,2,2,1,1,2,2,1,2,1,2,1,2,2,1,1,1,2,2,2,1,2,1,2,1,2,2,2,2,2,2,1
1711,5,5,5,5,5,5,5,5,1,1,70.0,,,1.0,,,,3.0,4.0,5.0,5.0,,,,2.0,,2.0,,,,3.0,5.0,6.0,,,,20.0,,,2.0,7.0,,,,2.0,,5.0,,,,,,,,,,,1.0,1.0,1.0,1.0,1.0,1.0,6,3,3,3,3,5,6,6,3,2,65.0,60.0,60.0,70.0,70.0,70.0,80.0,65.0,40.0,40.0,2,1,2,2,1,1,2,1,2,2,1,2,1,2,2,1,1,2,1,2,2,2,2,2,1,1,1,1,1,1,1,2,2,2,2,2,1,1,1,1
262,2,3,2,2,2,2,2,2,4,4,,30.0,1.0,,3.0,4.0,6.0,,,,3.0,,1.0,30.0,,,2.0,,,,1.0,2.0,2.0,,,,,,2.0,,3.0,,,1.0,,,2.0,1.0,1.0,1.0,1.0,1.0,1.0,1.0,1.0,1.0,1.0,,,,,,,6,2,2,2,2,5,6,6,2,2,40.0,35.0,30.0,25.0,30.0,25.0,30.0,20.0,40.0,35.0,2,2,2,2,1,2,2,2,2,2,2,1,1,2,2,1,2,1,2,1,2,1,1,1,2,1,1,1,1,1,1,1,1,2,2,2,1,2,2,1
698,5,5,5,5,5,5,5,5,2,2,,30.0,4.0,,,,,4.0,5.0,3.0,5.0,,,,2.0,1.0,,,,,4.0,5.0,6.0,,,,,,1.0,,,6.0,,,2.0,,5.0,1.0,1.0,1.0,1.0,1.0,1.0,1.0,1.0,1.0,1.0,,,,,,,6,3,2,2,3,5,6,6,3,1,65.0,60.0,60.0,70.0,70.0,65.0,80.0,60.0,40.0,35.0,2,2,2,1,2,2,2,2,2,2,2,1,2,2,1,2,1,2,2,2,1,2,2,1,2,2,2,2,2,1,2,1,2,1,2,1,1,1,1,2
311,4,4,4,4,4,4,4,4,2,2,70.0,,4.0,,,,,4.0,4.0,3.0,,5.0,1.0,40.0,,,2.0,2.0,4.0,4.0,,,,,,,,20.0,1.0,,,,3.0,1.0,,,4.0,1.0,1.0,1.0,1.0,1.0,1.0,1.0,1.0,1.0,1.0,,,,,,,6,3,3,3,2,5,6,6,3,2,60.0,55.0,60.0,65.0,65.0,60.0,70.0,60.0,40.0,40.0,2,1,1,1,2,1,2,2,2,1,1,1,1,1,2,2,1,1,2,2,2,1,2,1,2,2,2,1,1,1,2,1,1,1,2,1,2,2,1,1
944,2,3,2,2,2,2,4,2,4,2,70.0,,,1.0,,,,3.0,4.0,2.0,,5.0,,,2.0,1.0,,,,,,,,1.0,2.0,4.0,,,2.0,,3.0,,,1.0,,3.0,,1.0,1.0,1.0,1.0,1.0,1.0,1.0,1.0,1.0,1.0,,,,,,,6,2,2,2,3,4,6,6,3,2,40.0,35.0,35.0,40.0,40.0,35.0,40.0,35.0,40.0,35.0,2,1,2,2,1,2,2,1,2,1,2,2,2,1,2,2,1,2,2,2,1,2,1,2,2,2,2,2,2,2,2,2,1,2,2,2,2,2,2,2
837,5,5,5,5,5,5,5,5,1,1,,30.0,1.0,,3.0,4.0,6.0,,,,5.0,,1.0,40.0,,,2.0,,,,1.0,5.0,6.0,,,,,,1.0,,,7.0,,1.0,,,5.0,1.0,1.0,1.0,1.0,1.0,1.0,1.0,1.0,1.0,1.0,,,,,,,6,3,2,2,3,5,6,6,3,1,65.0,60.0,60.0,70.0,75.0,70.0,80.0,60.0,40.0,35.0,2,1,2,1,2,1,2,1,2,2,2,2,2,1,2,2,1,1,1,1,1,2,2,1,2,2,2,1,2,1,1,1,1,1,1,2,1,1,1,1
1259,2,3,2,2,2,2,4,2,4,3,70.0,,1.0,,2.0,3.0,6.0,,,,,5.0,,,2.0,1.0,,,,,1.0,2.0,3.0,,,,20.0,,2.0,,,6.0,,,1.0,,3.0,1.0,1.0,1.0,1.0,1.0,1.0,1.0,1.0,1.0,1.0,,,,,,,6,2,2,2,2,4,6,6,2,1,30.0,25.0,25.0,20.0,20.0,20.0,25.0,20.0,40.0,25.0,1,1,2,2,2,2,1,2,2,2,1,2,1,2,1,2,1,1,1,1,2,2,2,2,1,1,2,2,1,1,2,1,2,2,1,2,1,2,1,2
1445,3,4,3,3,4,3,4,3,2,2,,30.0,,1.0,3.0,3.0,5.0,,,,5.0,,,,2.0,1.0,,2.0,4.0,4.0,,,,,,,,,,2.0,,6.0,,,2.0,4.0,,,,,,,,,,,,1.0,1.0,1.0,1.0,1.0,1.0,6,3,3,3,3,4,6,6,3,2,55.0,50.0,50.0,55.0,60.0,50.0,65.0,55.0,45.0,40.0,2,1,1,2,1,1,2,2,1,1,2,1,2,2,1,2,2,1,2,2,1,2,2,1,1,1,1,2,2,1,1,1,2,2,2,2,2,2,2,1
1536,4,4,4,4,4,4,4,4,2,2,,30.0,,1.0,3.0,4.0,5.0,,,,,5.0,1.0,54.0,,1.0,,,,,1.0,4.0,5.0,,,,18.0,,1.0,,,,2.0,,2.0,,4.0,,,,,,,,,,,1.0,1.0,1.0,1.0,1.0,1.0,6,3,2,2,2,5,6,6,3,2,62.0,55.0,60.0,65.0,68.0,60.0,70.0,55.0,45.0,40.0,1,1,2,2,2,1,2,1,2,2,2,2,2,1,1,2,2,2,2,2,1,1,2,2,1,1,2,1,1,1,1,1,1,2,1,2,1,1,2,1
659,3,3,3,3,3,3,4,3,2,2,,30.0,,1.0,2.0,3.0,5.0,,,,,5.0,,,2.0,,2.0,,,,,,,1.0,4.0,5.0,2.0,,1.0,,,7.0,,1.0,,4.0,,,,,,,,,,,,1.0,1.0,1.0,1.0,1.0,1.0,6,3,3,3,3,5,6,6,3,2,54.0,48.0,51.0,49.0,56.0,53.0,60.0,47.0,44.0,41.0,1,2,2,2,2,2,2,2,2,2,1,2,2,2,2,2,2,2,2,1,2,2,2,2,1,2,1,2,2,1,2,2,1,1,2,2,1,2,1,2
136,2,3,2,2,3,2,4,2,4,3,70.0,,4.0,,,,,3.0,4.0,2.0,5.0,,1.0,54.0,,,2.0,,,,,,,2.0,4.0,5.0,5.0,,1.0,,,5.0,,1.0,,,4.0,1.0,1.0,1.0,1.0,1.0,1.0,1.0,1.0,1.0,1.0,,,,,,,6,3,2,3,2,5,6,5,3,2,55.0,48.0,50.0,52.0,60.0,45.0,65.0,50.0,60.0,55.0,1,2,2,2,2,1,2,1,1,1,1,2,1,2,1,2,1,1,2,2,1,1,1,1,2,2,1,2,1,2,2,1,1,1,1,2,1,1,2,1
931,4,4,4,3,4,3,4,4,2,2,,30.0,4.0,,,,,3.0,4.0,5.0,5.0,,,,2.0,,2.0,,,,1.0,4.0,5.0,,,,2.0,,,2.0,4.0,,,,1.0,,4.0,,,,,,,,,,,1.0,1.0,1.0,1.0,1.0,1.0,6,3,3,3,3,5,6,5,3,2,55.0,48.0,52.0,60.0,62.0,54.0,65.0,50.0,40.0,38.0,2,1,2,1,1,1,2,1,2,2,1,2,1,1,2,2,2,1,1,2,1,2,2,2,1,2,1,2,2,2,2,2,1,1,1,2,2,2,2,2
842,4,4,4,4,4,4,5,4,2,2,70.0,,,1.0,,,,3.0,4.0,3.0,,5.0,1.0,40.0,,,2.0,1.0,4.0,5.0,,,,,,,,,1.0,,3.0,,,1.0,,4.0,,,,,,,,,,,,1.0,1.0,1.0,1.0,1.0,1.0,6,3,4,3,2,4,6,5,3,2,60.0,55.0,60.0,65.0,65.0,60.0,70.0,60.0,40.0,35.0,2,2,1,2,2,1,2,1,2,1,1,1,2,1,2,2,1,1,2,2,1,2,2,1,1,2,2,2,1,1,1,1,1,1,1,2,2,1,2,2
1430,2,3,2,2,2,2,2,2,4,2,70.0,,1.0,,3.0,4.0,6.0,,,,,5.0,1.0,50.0,,1.0,,1.0,2.0,2.0,,,,,,,,,2.0,,,7.0,,1.0,,2.0,,1.0,1.0,1.0,1.0,1.0,1.0,1.0,1.0,1.0,1.0,,,,,,,6,2,2,2,2,5,6,6,2,2,30.0,25.0,25.0,25.0,25.0,25.0,25.0,25.0,30.0,25.0,2,1,1,2,2,1,1,2,2,2,1,2,2,2,2,2,2,1,1,1,1,2,2,1,2,2,2,2,2,1,2,1,1,1,2,1,2,1,1,1
1543,4,4,4,4,4,4,4,4,2,2,,30.0,,1.0,,,,3.0,4.0,5.0,5.0,,,,2.0,1.0,,,,,,,,2.0,4.0,5.0,,,1.0,,,,3.0,1.0,,,4.0,,,,,,,,,,,1.0,1.0,1.0,1.0,1.0,1.0,6,3,2,2,2,5,6,6,3,2,60.0,55.0,60.0,65.0,65.0,60.0,70.0,60.0,40.0,45.0,1,1,1,1,2,2,1,1,2,1,2,2,2,1,2,1,2,2,1,2,1,1,1,2,2,2,2,1,2,1,1,2,1,1,2,1,1,2,1,2
143,5,5,5,5,5,5,5,5,2,2,70.0,,1.0,,3.0,4.0,6.0,,,,,6.0,1.0,54.0,,1.0,,2.0,4.0,5.0,,,,,,,,,1.0,,,7.0,,,2.0,,5.0,1.0,1.0,1.0,1.0,1.0,1.0,1.0,1.0,1.0,1.0,,,,,,,6,3,3,3,2,5,6,6,3,2,60.0,55.0,60.0,70.0,75.0,65.0,80.0,60.0,40.0,35.0,2,2,1,2,1,1,2,2,2,1,1,2,1,1,2,2,1,1,2,1,2,2,1,2,2,1,2,2,2,1,2,2,2,1,2,2,1,2,1,2
15,4,4,4,4,4,4,4,4,2,2,70.0,,4.0,,2.0,3.0,6.0,,,,5.0,,,,2.0,,2.0,,,,,,,3.0,4.0,5.0,,20.0,,2.0,4.0,,,,1.0,,4.0,1.0,1.0,1.0,1.0,1.0,1.0,1.0,1.0,1.0,1.0,,,,,,,6,3,3,3,3,5,6,6,3,2,60.0,55.0,60.0,65.0,65.0,60.0,70.0,60.0,50.0,45.0,2,1,1,1,1,1,2,2,2,1,1,1,2,2,1,1,2,1,2,1,1,1,2,1,1,2,2,1,2,1,2,2,2,1,2,1,2,2,2,1
883,4,4,4,4,4,4,5,4,2,3,70.0,,,1.0,,,,4.0,5.0,3.0,5.0,,1.0,45.0,,1.0,,2.0,4.0,4.0,,,,,,,18.0,,,2.0,,,2.0,,1.0,4.0,,1.0,1.0,1.0,1.0,1.0,1.0,1.0,1.0,1.0,1.0,,,,,,,6,3,3,3,2,5,6,5,3,2,62.0,55.0,60.0,65.0,68.0,60.0,70.0,58.0,50.0,48.0,2,2,2,2,1,2,1,1,1,2,1,2,1,2,1,2,1,1,2,2,2,2,2,2,2,1,2,1,1,2,1,2,2,2,1,1,2,2,2,1
1879,2,2,2,1,2,2,4,2,4,2,70.0,,,1.0,,,,3.0,4.0,2.0,,5.0,1.0,30.0,,,2.0,1.0,3.0,4.0,,,,,,,,,2.0,,3.0,,,1.0,,,3.0,,,,,,,,,,,1.0,1.0,1.0,1.0,1.0,1.0,6,2,2,2,2,4,6,6,2,2,40.0,35.0,30.0,25.0,30.0,30.0,35.0,25.0,40.0,30.0,2,2,1,2,2,1,2,2,1,2,2,1,2,1,2,1,1,2,1,1,1,1,1,1,2,2,1,2,2,1,1,1,1,2,1,2,2,2,2,1
1617,4,4,4,4,4,4,5,4,2,2,70.0,,1.0,,,,,3.0,4.0,5.0,5.0,,1.0,40.0,,,2.0,1.0,4.0,5.0,,,,,,,18.0,,,2.0,,,3.0,1.0,,,4.0,,,,,,,,,,,1.0,1.0,1.0,1.0,1.0,1.0,6,3,4,3,3,5,6,5,3,2,60.0,55.0,60.0,65.0,70.0,60.0,75.0,60.0,50.0,45.0,1,1,2,2,2,1,1,2,1,2,1,1,1,2,1,2,1,1,2,2,1,1,1,2,2,1,2,2,2,1,2,1,1,2,1,1,1,2,1,1
1764,5,5,5,5,5,5,5,5,1,1,,30.0,5.0,,3.0,3.0,6.0,,,,6.0,,,,2.0,1.0,,2.0,4.0,5.0,,,,,,,,20.0,1.0,,,6.0,,,2.0,5.0,,1.0,1.0,1.0,1.0,1.0,1.0,1.0,1.0,1.0,1.0,,,,,,,6,3,3,3,2,4,6,6,3,2,65.0,60.0,60.0,70.0,70.0,65.0,80.0,60.0,40.0,40.0,2,2,1,2,2,1,2,1,2,2,1,2,1,1,1,1,1,1,2,2,2,2,1,2,1,2,2,2,1,2,2,2,2,1,2,1,1,2,1,2
1178,4,5,4,5,5,5,5,4,2,2,70.0,,,1.0,,,,4.0,3.0,3.0,,5.0,1.0,54.0,,,2.0,,,,,,,2.0,4.0,4.0,5.0,,,2.0,,,3.0,1.0,,,4.0,,,,,,,,,,,1.0,1.0,1.0,1.0,1.0,1.0,6,3,4,3,3,5,6,5,3,2,62.0,54.0,58.0,66.0,68.0,60.0,74.0,59.0,44.0,41.0,1,1,1,2,1,1,1,2,1,2,1,2,1,1,2,1,2,1,2,1,2,2,2,1,2,1,2,2,2,1,2,1,2,2,1,1,1,2,2,2
1582,4,4,4,4,4,4,4,4,2,2,70.0,,,1.0,3.0,3.0,5.0,,,,5.0,,,,2.0,1.0,,2.0,4.0,4.0,,,,,,,,20.0,,2.0,,,3.0,1.0,,4.0,,1.0,1.0,1.0,1.0,1.0,1.0,1.0,1.0,1.0,1.0,,,,,,,6,2,4,3,3,5,6,6,3,2,60.0,55.0,60.0,65.0,65.0,60.0,70.0,60.0,55.0,50.0,1,1,1,1,2,2,2,2,2,2,1,2,2,2,2,1,2,1,1,2,2,2,1,2,1,1,1,1,2,1,2,2,2,1,2,1,2,1,1,1
217,2,3,2,2,2,2,4,2,4,3,70.0,,1.0,,3.0,4.0,6.0,,,,5.0,,,,2.0,1.0,,,,,,,,1.0,3.0,4.0,,,2.0,,3.0,,,1.0,,3.0,,1.0,1.0,1.0,1.0,1.0,1.0,1.0,1.0,1.0,1.0,,,,,,,6,2,2,3,2,4,6,5,1,1,40.0,30.0,30.0,30.0,30.0,30.0,40.0,30.0,40.0,30.0,2,2,2,2,2,2,1,2,2,1,2,2,2,2,2,2,2,2,2,2,2,1,2,2,1,1,2,2,1,1,2,1,1,2,1,2,2,2,2,1
364,5,5,5,5,5,5,5,5,1,1,70.0,,4.0,,3.0,4.0,6.0,,,,5.0,,,,2.0,1.0,,,,,,,,1.0,5.0,6.0,,,1.0,,5.0,,,,1.0,,5.0,,,,,,,,,,,1.0,1.0,1.0,1.0,1.0,1.0,7,2,2,2,2,5,7,7,3,2,65.0,60.0,60.0,70.0,75.0,70.0,80.0,60.0,40.0,35.0,2,2,1,2,1,2,2,1,2,1,2,2,2,1,2,1,1,1,1,1,2,2,1,1,2,2,1,2,1,2,2,1,2,1,2,1,1,1,1,1
578,5,5,5,5,5,5,5,5,1,1,,30.0,,1.0,2.0,3.0,6.0,,,,,6.0,,,2.0,1.0,,,,,1.0,5.0,6.0,,,,,,,2.0,,,3.0,,2.0,,5.0,,,,,,,,,,,1.0,1.0,1.0,1.0,1.0,1.0,6,3,2,2,2,5,6,6,3,2,65.0,60.0,62.0,70.0,68.0,65.0,80.0,60.0,30.0,35.0,2,2,2,2,2,2,2,2,2,2,2,1,1,1,2,2,2,2,1,2,2,1,2,1,2,1,2,1,2,1,1,2,2,2,2,1,2,2,2,2
182,2,4,2,2,3,2,5,2,4,2,,30.0,4.0,,3.0,4.0,6.0,,,,,5.0,,,2.0,1.0,,,,,,,,1.0,4.0,5.0,,,1.0,,,6.0,,1.0,,,4.0,1.0,1.0,1.0,1.0,1.0,1.0,1.0,1.0,1.0,1.0,,,,,,,6,2,3,3,3,5,6,6,3,2,55.0,50.0,45.0,40.0,50.0,35.0,60.0,40.0,60.0,35.0,2,1,2,1,1,1,1,2,2,1,1,2,2,1,1,2,2,2,2,1,2,2,1,1,1,2,2,2,2,1,2,1,1,1,2,2,1,2,2,2
1549,4,5,4,5,5,5,5,5,2,2,,30.0,,2.0,,,,4.0,3.0,4.0,5.0,,1.0,50.0,,,2.0,,,,,,,2.0,5.0,6.0,,,,2.0,5.0,,,1.0,,5.0,,1.0,1.0,1.0,1.0,1.0,1.0,1.0,1.0,1.0,1.0,,,,,,,6,3,2,2,2,5,6,6,3,1,60.0,55.0,60.0,70.0,70.0,65.0,80.0,60.0,40.0,35.0,2,1,1,2,1,2,2,2,2,1,2,1,2,1,2,2,2,1,2,2,2,1,2,2,2,1,1,1,2,2,2,2,2,2,2,1,1,1,2,2
1226,5,5,5,5,5,5,5,5,2,2,,30.0,4.0,,3.0,4.0,6.0,,,,,5.0,1.0,54.0,,,2.0,,,,,,,4.0,5.0,6.0,2.0,,1.0,,5.0,,,1.0,,5.0,,1.0,1.0,1.0,1.0,1.0,1.0,1.0,1.0,1.0,1.0,,,,,,,6,3,2,2,2,5,6,6,3,2,62.0,55.0,60.0,70.0,68.0,65.0,75.0,60.0,40.0,35.0,2,1,2,1,2,2,2,2,2,1,1,2,1,2,1,1,2,2,2,2,1,1,2,1,2,1,2,1,2,1,2,2,1,2,2,2,2,2,2,1
1355,4,5,4,4,5,4,5,4,2,3,70.0,,1.0,,3.0,4.0,6.0,,,,,5.0,1.0,54.0,,1.0,,,,,3.0,4.0,5.0,,,,,,,2.0,,,2.0,1.0,,4.0,,1.0,1.0,1.0,1.0,1.0,1.0,1.0,1.0,1.0,1.0,,,,,,,6,3,2,2,2,5,6,6,3,1,60.0,55.0,60.0,65.0,70.0,60.0,75.0,60.0,40.0,45.0,1,1,2,1,2,1,2,1,2,1,1,1,1,1,2,2,1,2,2,2,2,2,2,1,1,1,2,2,1,1,2,2,1,1,2,2,2,2,2,2
149,4,4,4,4,4,4,5,4,2,2,70.0,,4.0,,,,,4.0,4.0,3.0,5.0,,1.0,54.0,,,2.0,2.0,4.0,4.0,,,,,,,16.0,,,2.0,,,3.0,1.0,,4.0,,,,,,,,,,,,1.0,1.0,1.0,1.0,1.0,1.0,6,3,4,3,3,5,6,5,3,2,62.0,54.0,58.0,60.0,65.0,60.0,70.0,55.0,48.0,45.0,2,2,1,1,1,1,2,1,2,2,2,1,1,2,2,1,2,2,2,2,1,1,1,1,2,2,1,1,1,2,1,2,2,2,1,1,1,1,1,1
626,4,4,4,5,5,5,5,4,2,2,70.0,,4.0,,,,,3.0,4.0,5.0,,6.0,1.0,54.0,,,2.0,,,,,,,4.0,5.0,6.0,,16.0,,2.0,,,3.0,,2.0,,5.0,1.0,1.0,1.0,1.0,1.0,1.0,1.0,1.0,1.0,1.0,,,,,,,6,3,4,4,3,5,6,6,3,2,60.0,55.0,60.0,70.0,70.0,65.0,75.0,60.0,50.0,45.0,1,1,1,2,1,2,1,2,2,1,1,1,2,1,1,1,1,2,2,1,1,1,1,1,2,1,1,1,1,2,1,1,1,1,1,2,2,2,2,1
755,4,4,4,4,4,4,5,4,2,2,,30.0,,1.0,3.0,4.0,5.0,,,,5.0,,1.0,40.0,,1.0,,,,,2.0,4.0,5.0,,,,18.0,,,2.0,,,2.0,,2.0,4.0,,,,,,,,,,,,1.0,1.0,1.0,1.0,1.0,1.0,6,3,4,3,2,5,6,5,3,2,60.0,55.0,60.0,65.0,70.0,60.0,75.0,60.0,40.0,35.0,2,2,2,1,1,2,2,2,2,1,2,1,2,2,1,1,2,2,1,1,2,1,2,2,2,2,1,2,2,2,2,1,1,1,2,2,2,1,2,1
848,5,4,5,5,5,5,5,5,2,2,,30.0,4.0,,,,,3.0,4.0,2.0,,6.0,1.0,54.0,,,2.0,2.0,4.0,5.0,,,,,,,,16.0,1.0,,,,3.0,1.0,,4.0,,1.0,1.0,1.0,1.0,1.0,1.0,1.0,1.0,1.0,1.0,,,,,,,6,3,3,3,2,5,6,6,3,2,62.0,54.0,60.0,68.0,70.0,65.0,75.0,60.0,48.0,45.0,2,1,1,2,1,2,1,2,2,2,1,2,2,1,1,2,2,1,1,2,1,2,1,2,2,1,2,1,1,2,1,2,2,2,1,2,1,2,1,1
1394,2,3,2,2,3,2,4,2,4,3,,30.0,,1.0,3.0,4.0,5.0,,,,,5.0,1.0,54.0,,1.0,,1.0,2.0,3.0,,,,,,,20.0,,1.0,,4.0,,,,1.0,3.0,,1.0,1.0,1.0,1.0,1.0,1.0,1.0,1.0,1.0,1.0,,,,,,,6,3,2,2,2,4,6,6,3,2,45.0,38.0,40.0,35.0,40.0,30.0,45.0,35.0,55.0,30.0,2,1,1,1,2,1,1,1,2,1,2,1,2,1,1,1,2,2,2,2,2,1,2,1,1,2,2,2,2,2,1,1,1,2,2,1,2,1,2,1
1588,5,4,5,5,5,5,5,5,2,2,70.0,,,2.0,,,,4.0,4.0,3.0,5.0,,,,2.0,,2.0,2.0,4.0,5.0,,,,,,,,18.0,1.0,,,7.0,,,1.0,,4.0,,,,,,,,,,,1.0,1.0,1.0,1.0,1.0,1.0,6,3,3,3,2,5,6,6,3,2,62.0,54.0,60.0,68.0,70.0,65.0,75.0,60.0,55.0,50.0,2,2,1,2,1,1,1,1,2,2,2,2,1,2,1,2,2,1,1,1,2,1,2,2,1,2,1,1,2,2,1,1,1,1,1,2,2,2,1,2
1001,2,3,2,2,2,2,2,2,1,2,,30.0,4.0,,3.0,4.0,6.0,,,,,5.0,,,2.0,,2.0,,,,,,,1.0,4.0,4.0,,16.0,1.0,,3.0,,,1.0,,,4.0,1.0,1.0,1.0,1.0,1.0,1.0,1.0,1.0,1.0,1.0,,,,,,,6,3,3,3,3,5,6,5,3,2,40.0,35.0,38.0,35.0,36.0,32.0,38.0,30.0,45.0,33.0,1,2,1,2,2,2,2,1,2,2,1,1,1,2,2,1,1,2,2,1,2,2,1,1,1,2,2,2,1,2,2,1,1,2,1,2,2,2,1,1
1172,2,3,2,2,2,2,2,2,4,3,,30.0,1.0,,2.0,3.0,6.0,,,,4.0,,,,2.0,,2.0,,,,,,,1.0,2.0,3.0,,,2.0,,,9.0,,,2.0,3.0,,,,,,,,,,,,1.0,1.0,1.0,1.0,1.0,1.0,6,2,2,2,2,4,6,6,1,2,40.0,35.0,30.0,30.0,30.0,30.0,30.0,30.0,40.0,30.0,2,2,2,2,2,2,2,1,2,2,2,2,2,1,2,1,2,2,2,1,2,1,2,1,1,2,2,2,2,1,1,2,2,1,2,1,2,2,2,2
794,4,5,4,5,5,5,5,5,2,2,70.0,,,1.0,3.0,3.0,5.0,,,,5.0,,1.0,54.0,,,2.0,,,,,,,2.0,5.0,6.0,,,1.0,,,7.0,,,2.0,5.0,,,,,,,,,,,,1.0,1.0,1.0,1.0,1.0,1.0,6,3,3,3,3,5,6,6,3,1,62.0,55.0,60.0,70.0,68.0,65.0,80.0,60.0,40.0,35.0,1,2,2,1,2,2,2,2,1,2,2,1,1,2,2,1,1,1,2,1,2,1,2,1,1,2,1,2,2,1,2,1,2,2,1,1,2,1,2,2
188,4,4,4,3,4,4,5,4,2,2,70.0,,4.0,,,,,3.0,4.0,5.0,,5.0,,,2.0,1.0,,,,,,,,1.0,4.0,5.0,,8.0,1.0,,,7.0,,,2.0,4.0,,,,,,,,,,,,1.0,1.0,1.0,1.0,1.0,1.0,6,3,3,3,3,5,6,6,3,2,60.0,55.0,50.0,60.0,65.0,55.0,70.0,60.0,40.0,35.0,2,2,2,2,1,2,1,2,2,1,1,1,1,2,2,2,1,2,1,2,1,1,2,2,2,2,2,2,1,2,1,2,2,2,2,1,2,1,2,1
401,2,3,2,2,2,2,2,2,5,2,,30.0,1.0,,,,,4.0,4.0,3.0,3.0,,1.0,20.0,,1.0,,1.0,2.0,2.0,,,,,,,,,2.0,,,1.0,,,1.0,1.0,,,,,,,,,,,,1.0,1.0,1.0,1.0,1.0,1.0,2,2,2,2,2,2,2,2,1,1,30.0,30.0,30.0,30.0,30.0,30.0,30.0,30.0,30.0,30.0,1,2,2,2,2,2,2,2,2,2,2,2,2,2,2,2,2,1,2,2,1,2,2,2,2,2,2,2,2,2,1,2,2,2,2,2,2,2,2,2
572,2,3,2,2,2,2,2,2,1,1,,30.0,,1.0,,,,3.0,4.0,3.0,,5.0,1.0,54.0,,1.0,,,,,,,,1.0,2.0,3.0,20.0,,,2.0,,,1.0,,1.0,,1.0,1.0,1.0,1.0,1.0,1.0,1.0,1.0,1.0,1.0,1.0,,,,,,,6,3,2,2,2,4,6,6,2,2,30.0,25.0,25.0,25.0,25.0,25.0,25.0,25.0,40.0,40.0,2,1,2,1,2,2,2,2,2,2,2,1,1,1,2,1,2,1,2,1,2,1,1,1,1,1,1,1,2,2,1,2,1,2,1,1,1,2,1,1
889,5,5,5,5,5,5,5,5,2,2,,30.0,6.0,,,,,3.0,4.0,2.0,,5.0,1.0,54.0,,1.0,,,,,4.0,4.0,5.0,,,,,12.0,1.0,,5.0,,,,2.0,,4.0,1.0,1.0,1.0,1.0,1.0,1.0,1.0,1.0,1.0,1.0,,,,,,,6,3,2,2,3,5,6,6,3,2,62.0,55.0,60.0,70.0,68.0,65.0,75.0,60.0,40.0,45.0,2,1,1,2,2,1,2,2,1,2,2,2,1,2,2,2,1,1,1,2,1,1,2,1,2,2,1,2,2,2,2,1,2,2,2,1,1,1,1,1
1900,4,4,4,4,4,4,5,4,2,2,,30.0,4.0,,2.0,3.0,6.0,,,,,5.0,1.0,54.0,,,2.0,1.0,4.0,4.0,,,,,,,,,1.0,,,6.0,,,2.0,4.0,,,,,,,,,,,,1.0,1.0,1.0,1.0,1.0,1.0,6,2,3,3,3,5,6,6,3,2,60.0,55.0,50.0,60.0,65.0,55.0,70.0,60.0,40.0,35.0,1,2,2,2,1,1,2,2,2,2,1,2,1,2,2,2,1,2,2,1,1,1,1,1,1,1,2,1,2,2,2,1,1,1,1,1,2,2,2,2
1873,5,4,5,5,5,5,5,5,2,2,,30.0,,1.0,,,,3.0,4.0,3.0,,5.0,1.0,40.0,,,2.0,,,,2.0,4.0,5.0,,,,,16.0,1.0,,5.0,,,2.0,,4.0,,1.0,1.0,1.0,1.0,1.0,1.0,1.0,1.0,1.0,1.0,,,,,,,6,3,4,3,2,5,6,5,3,2,60.0,55.0,60.0,70.0,75.0,65.0,80.0,60.0,40.0,45.0,1,2,2,1,1,2,2,2,2,1,1,2,2,2,1,2,2,2,1,2,2,2,2,1,1,1,1,1,2,1,2,1,2,2,1,1,1,1,1,2
1074,2,2,2,1,2,2,2,2,1,2,,70.0,,1.0,3.0,3.0,6.0,,,,3.0,,,,2.0,,2.0,,,,,,,1.0,4.0,4.0,,,2.0,,3.0,,,,1.0,3.0,,1.0,1.0,1.0,1.0,1.0,1.0,1.0,1.0,1.0,1.0,,,,,,,6,2,2,2,2,5,6,6,2,1,30.0,25.0,20.0,10.0,15.0,10.0,20.0,10.0,40.0,30.0,2,1,2,2,2,2,2,1,2,1,2,1,2,2,2,1,2,1,2,2,1,2,1,1,2,2,2,1,1,1,1,1,2,1,2,1,2,2,1,2
1107,5,5,5,4,4,4,4,4,2,2,70.0,,,1.0,3.0,4.0,6.0,,,,5.0,,,,2.0,,2.0,1.0,3.0,3.0,,,,,,,,,,2.0,,9.0,,,2.0,,4.0,1.0,1.0,1.0,1.0,1.0,1.0,1.0,1.0,1.0,1.0,,,,,,,6,2,2,2,2,5,6,6,3,2,60.0,55.0,60.0,65.0,60.0,60.0,65.0,60.0,55.0,55.0,2,2,2,2,2,2,2,2,2,2,2,2,2,1,2,2,2,2,2,2,2,1,2,2,2,2,2,2,2,2,2,1,2,2,2,2,1,2,2,1
1292,4,4,4,5,5,5,5,4,2,2,70.0,,,1.0,3.0,4.0,6.0,,,,,5.0,1.0,54.0,,1.0,,,,,2.0,4.0,5.0,,,,8.0,,1.0,,3.0,,,1.0,,4.0,,1.0,1.0,1.0,1.0,1.0,1.0,1.0,1.0,1.0,1.0,,,,,,,6,3,2,2,2,4,6,6,3,2,62.0,54.0,58.0,68.0,70.0,60.0,75.0,55.0,40.0,38.0,2,2,1,2,2,2,2,2,2,1,1,1,2,2,1,2,1,2,1,1,2,2,2,1,2,2,2,2,1,1,2,1,1,2,2,1,2,1,1,2
1668,4,4,4,4,4,4,5,4,2,3,70.0,,,1.0,3.0,3.0,5.0,,,,,5.0,,,2.0,,2.0,,,,2.0,4.0,4.0,,,,20.0,,,2.0,,,3.0,1.0,,,4.0,,,,,,,,,,,1.0,1.0,1.0,1.0,1.0,1.0,6,3,4,3,2,5,6,5,3,2,62.0,54.0,56.0,60.0,65.0,60.0,70.0,55.0,48.0,50.0,1,1,2,2,1,2,1,2,2,1,2,2,1,2,2,1,1,1,2,1,1,2,1,1,1,2,2,2,1,1,1,1,2,1,1,2,2,1,2,1
474,4,4,4,4,4,4,5,4,2,2,,30.0,,1.0,,,,4.0,5.0,3.0,,5.0,1.0,40.0,,,2.0,,,,2.0,4.0,5.0,,,,,18.0,,2.0,5.0,,,1.0,,,4.0,,,,,,,,,,,1.0,1.0,1.0,1.0,1.0,1.0,6,2,2,3,2,5,6,5,3,2,60.0,55.0,58.0,62.0,65.0,60.0,70.0,55.0,40.0,38.0,2,2,2,1,2,1,2,1,1,2,1,2,2,2,2,2,2,2,2,1,2,1,2,1,2,2,2,1,1,1,1,2,1,1,1,1,2,2,2,1
507,4,4,4,2,3,2,4,2,2,2,70.0,,3.0,,3.0,4.0,5.0,,,,5.0,,1.0,40.0,,,2.0,,,,,,,2.0,4.0,5.0,2.0,,,2.0,,6.0,,1.0,,,4.0,,,,,,,,,,,1.0,1.0,1.0,1.0,1.0,1.0,6,3,3,3,3,5,6,6,3,2,60.0,55.0,60.0,50.0,55.0,50.0,60.0,55.0,60.0,50.0,1,1,2,2,2,1,1,2,1,1,1,1,1,2,2,1,1,2,2,2,2,2,2,1,2,2,1,2,2,2,2,1,1,1,1,2,2,1,2,2
692,2,3,2,2,3,2,4,2,4,3,,30.0,1.0,,,,,3.0,4.0,2.0,5.0,,,,2.0,,2.0,1.0,2.0,3.0,,,,,,,18.0,,2.0,,4.0,,,,1.0,3.0,,1.0,1.0,1.0,1.0,1.0,1.0,1.0,1.0,1.0,1.0,,,,,,,6,2,3,3,2,5,6,6,2,1,45.0,38.0,40.0,35.0,40.0,30.0,50.0,35.0,60.0,30.0,1,2,2,1,2,1,2,1,2,1,2,2,2,2,1,1,1,1,2,2,1,2,2,2,1,1,1,2,2,2,2,2,1,2,2,2,1,2,1,2
268,5,5,5,5,5,5,5,5,1,1,,30.0,,1.0,3.0,4.0,5.0,,,,5.0,,1.0,50.0,,1.0,,,,,2.0,4.0,5.0,,,,,20.0,,2.0,,,3.0,1.0,,4.0,,,,,,,,,,,,1.0,1.0,1.0,1.0,1.0,1.0,6,3,4,3,2,5,6,5,3,2,60.0,55.0,60.0,70.0,75.0,65.0,80.0,60.0,40.0,35.0,2,2,1,2,1,2,1,2,2,2,2,1,1,2,2,2,1,2,1,2,2,2,1,2,1,1,2,2,1,1,1,1,1,1,2,1,2,1,2,2
1975,5,4,5,5,5,5,5,5,1,1,,30.0,4.0,,,,,4.0,5.0,3.0,5.0,,1.0,40.0,,,2.0,,,,,,,2.0,4.0,5.0,,,1.0,,,,2.0,,2.0,,5.0,,,,,,,,,,,1.0,1.0,1.0,1.0,1.0,1.0,6,2,3,3,2,5,6,6,3,2,60.0,55.0,60.0,70.0,75.0,65.0,80.0,60.0,30.0,35.0,1,2,1,2,2,2,2,2,2,2,1,2,2,1,1,2,2,1,2,2,2,1,2,1,2,2,2,2,2,1,2,2,2,2,2,1,1,2,2,2
1806,2,3,2,2,2,2,5,2,4,4,,30.0,1.0,,,,,3.0,4.0,2.0,,5.0,1.0,30.0,,,2.0,,,,1.0,3.0,4.0,,,,,,2.0,,,7.0,,1.0,,3.0,,,,,,,,,,,,1.0,1.0,1.0,1.0,1.0,1.0,6,2,2,2,2,5,6,6,2,2,40.0,35.0,30.0,30.0,30.0,25.0,40.0,20.0,50.0,30.0,1,2,2,1,2,1,2,2,2,2,1,1,2,2,2,1,2,1,2,1,1,2,1,2,2,1,2,1,2,1,1,1,1,2,2,1,2,1,2,1
1253,4,4,4,4,4,4,4,4,2,2,70.0,,,1.0,,,,4.0,4.0,3.0,5.0,,,,2.0,1.0,,,,,,,,2.0,4.0,5.0,18.0,,,2.0,,,2.0,,1.0,,4.0,,,,,,,,,,,1.0,1.0,1.0,1.0,1.0,1.0,6,3,3,3,3,4,6,6,3,2,60.0,55.0,58.0,65.0,70.0,60.0,75.0,55.0,40.0,35.0,2,2,1,1,2,1,2,2,2,1,1,1,1,1,2,2,2,1,2,2,1,1,1,2,2,2,2,2,2,1,2,1,2,1,2,1,2,1,2,1
1320,3,4,3,3,3,3,4,3,2,2,70.0,,,1.0,,,,3.0,4.0,3.0,,5.0,,,2.0,,2.0,,,,1.0,3.0,4.0,,,,15.0,,,2.0,,,3.0,1.0,,3.0,,1.0,1.0,1.0,1.0,1.0,1.0,1.0,1.0,1.0,1.0,,,,,,,6,2,2,3,2,5,6,5,2,2,40.0,35.0,30.0,35.0,35.0,30.0,40.0,30.0,45.0,40.0,2,1,2,2,1,1,1,2,1,1,1,2,2,2,1,2,1,1,1,1,1,1,2,1,2,2,2,1,1,2,2,1,1,2,2,2,2,2,2,2
653,2,3,2,2,3,2,4,2,4,3,70.0,,,1.0,3.0,4.0,6.0,,,,,5.0,1.0,25.0,,1.0,,,,,1.0,2.0,4.0,,,,5.0,,2.0,,3.0,,,,1.0,,3.0,1.0,1.0,1.0,1.0,1.0,1.0,1.0,1.0,1.0,1.0,,,,,,,6,2,3,3,2,5,6,5,2,2,35.0,30.0,30.0,25.0,30.0,25.0,40.0,20.0,50.0,25.0,2,1,1,2,2,2,1,1,2,2,2,2,2,1,1,1,2,2,1,2,2,2,1,2,1,2,2,2,2,1,1,1,2,2,2,2,1,2,2,2
720,2,2,2,1,2,2,2,2,1,1,,30.0,1.0,,,,,3.0,4.0,3.0,,5.0,,,2.0,,2.0,,,,,,,1.0,2.0,3.0,,,,2.0,,,1.0,,1.0,,1.0,1.0,1.0,1.0,1.0,1.0,1.0,1.0,1.0,1.0,1.0,,,,,,,6,2,2,2,2,4,6,6,2,1,30.0,25.0,25.0,20.0,25.0,20.0,25.0,20.0,40.0,30.0,2,1,2,1,1,2,1,2,2,1,2,2,2,1,2,2,1,2,2,2,2,2,2,1,1,1,2,2,2,1,1,1,2,2,1,2,2,2,2,1
