TWIN_ID,False Cons. self _1,False Cons. self _2,False Cons. self _3,False Cons. self _4,False Cons. self _5,False Cons. self _6,False Cons. self _7,False Cons. self _8,False Cons. self _9,False Cons. self _10,Q156_1,Form A _1,Q158,Q157,Q160_1,Q160_2,Q160_3,Q159_1,Q159_2,Q159_3,Q162,Q161,Q163,Q164,Q165,Q167,Q169,Q171,Q174,Q177,Q172,Q175,Q178,Q173,Q176,Q179,Q181,Q182,Q183,Q184,Q189,Q190,Q191,Q192,Q193,Q194,Q195,Q198_1,Q198_2,Q198_3,Q198_4,Q198_5,Q198_6,Q198_7,Q198_8,Q198_9,Q198_10,Q203_1,Q203_2,Q203_3,Q203_4,Q203_5,Q203_6,nonseparabilty bene _1,nonseparabilty bene _2,nonseparabilty bene _3,nonseparabilty bene _4,nonseparability ris _1,nonseparability ris _2,nonseparability ris _3,nonseparability ris _4,Omission bias ,Denominator neglect ,False cons. others _1,False cons. others _2,False cons. others _3,False cons. others _4,False cons. others _5,False cons. others _6,False cons. others _7,False cons. others _10,False cons. others _11,False cons. others _12,1_Q295,2_Q295,3_Q295,4_Q295,5_Q295,6_Q295,7_Q295,8_Q295,9_Q295,10_Q295,11_Q295,12_Q295,13_Q295,14_Q295,15_Q295,16_Q295,17_Q295,18_Q295,19_Q295,20_Q295,21_Q295,22_Q295,23_Q295,24_Q295,25_Q295,26_Q295,27_Q295,28_Q295,29_Q295,30_Q295,31_Q295,32_Q295,33_Q295,34_Q295,35_Q295,36_Q295,37_Q295,38_Q295,39_Q295,40_Q295
1634,2,4,4,2,3,3,4,2,2,2,70.0,,,,,,,,,,,6.0,1.0,54.0,,1.0,,,,,2.0,4.0,5.0,,,,15.0,,,1.0,4.0,,,,1.0,5.0,,,,,,,,,,,,1.0,1.0,1.0,1.0,1.0,1.0,6.0,3.0,3.0,3.0,3.0,5.0,5.0,5.0,3.0,2.0,55.0,65.0,65.0,40.0,50.0,50.0,65.0,40.0,40.0,40.0,1.0,2.0,1.0,2.0,2.0,1.0,2.0,1.0,1.0,1.0,2.0,1.0,1.0,1.0,2.0,1.0,2.0,2.0,1.0,2.0,1.0,2.0,1.0,1.0,2.0,2.0,2.0,1.0,1.0,2.0,1.0,1.0,1.0,2.0,1.0,1.0,1.0,1.0,2.0,1.0
1747,3,4,4,2,3,4,4,2,2,2,,30.0,5.0,,,,,,,,,6.0,1.0,54.0,,1.0,,3.0,4.0,5.0,,,,,,,,12.0,,1.0,,4.0,,1.0,,5.0,,,,,,,,,,,,1.0,1.0,1.0,1.0,1.0,1.0,6.0,3.0,2.0,3.0,3.0,5.0,6.0,6.0,4.0,2.0,55.0,65.0,65.0,40.0,50.0,60.0,60.0,40.0,35.0,35.0,2.0,2.0,1.0,1.0,2.0,1.0,1.0,2.0,2.0,1.0,2.0,1.0,1.0,1.0,2.0,1.0,1.0,1.0,1.0,1.0,1.0,1.0,2.0,1.0,1.0,1.0,1.0,1.0,2.0,2.0,2.0,2.0,2.0,1.0,1.0,2.0,1.0,1.0,1.0,2.0
1028,5,5,5,5,5,5,5,5,2,2,,30.0,5.0,,,,,5.0,4.0,2.0,6.0,,,,1.0,1.0,,,,,,,,3.0,5.0,5.0,,15.0,,1.0,,4.0,,,1.0,,5.0,1.0,1.0,1.0,1.0,1.0,1.0,1.0,1.0,1.0,1.0,,,,,,,7.0,3.0,4.0,3.0,3.0,5.0,6.0,6.0,4.0,2.0,75.0,80.0,85.0,80.0,75.0,80.0,75.0,70.0,40.0,40.0,2.0,2.0,1.0,2.0,2.0,1.0,2.0,2.0,1.0,1.0,2.0,2.0,1.0,2.0,1.0,2.0,1.0,1.0,1.0,1.0,2.0,2.0,1.0,2.0,2.0,2.0,1.0,2.0,1.0,1.0,1.0,2.0,1.0,2.0,2.0,1.0,1.0,1.0,2.0,2.0
234,4,4,4,2,3,4,4,3,2,3,,30.0,5.0,,,,,5.0,4.0,2.0,,6.0,1.0,54.0,,,2.0,3.0,4.0,5.0,,,,,,,15.0,,1.0,,4.0,,,1.0,,,5.0,1.0,1.0,1.0,1.0,1.0,1.0,1.0,1.0,1.0,1.0,,,,,,,6.0,3.0,3.0,3.0,3.0,5.0,6.0,6.0,4.0,2.0,65.0,60.0,60.0,40.0,45.0,60.0,60.0,40.0,35.0,45.0,1.0,2.0,2.0,1.0,1.0,1.0,2.0,2.0,1.0,2.0,2.0,1.0,2.0,1.0,1.0,1.0,2.0,2.0,2.0,2.0,2.0,2.0,1.0,1.0,1.0,1.0,2.0,1.0,1.0,1.0,2.0,1.0,2.0,1.0,1.0,1.0,1.0,1.0,1.0,2.0
347,4,4,4,2,3,4,4,3,2,2,70.0,,,2.0,,,,,,,6.0,,1.0,54.0,,1.0,,3.0,4.0,5.0,,,,,,,,15.0,1.0,,4.0,,,,1.0,5.0,,,,,,,,,,,,1.0,1.0,1.0,1.0,1.0,1.0,6.0,3.0,3.0,3.0,3.0,5.0,6.0,6.0,3.0,2.0,65.0,60.0,60.0,35.0,45.0,60.0,60.0,40.0,35.0,35.0,2.0,2.0,2.0,1.0,1.0,1.0,2.0,2.0,2.0,1.0,1.0,2.0,1.0,1.0,2.0,2.0,2.0,2.0,1.0,1.0,2.0,1.0,1.0,2.0,1.0,1.0,1.0,2.0,1.0,2.0,2.0,1.0,1.0,1.0,1.0,1.0,1.0,1.0,1.0,2.0
428,4,4,4,4,4,4,4,3,2,2,,30.0,,2.0,,,,,,,,6.0,1.0,54.0,,1.0,,,,,2.0,4.0,5.0,,,,15.0,,1.0,,,,,,,,,,,,,,,,,,,,,,,,,,,,,,,,,,,,,,,,,,,,,,,,,,,,,,,,,,,,,,,,,,,,,,,,,,,,,,,,,,,,
36,5,5,5,5,5,5,5,5,1,2,70.0,,6.0,,5.0,4.0,2.0,,,,,6.0,,,1.0,,2.0,2.0,5.0,6.0,,,,,,,,10.0,1.0,,,4.0,,1.0,,5.0,,1.0,1.0,1.0,1.0,1.0,1.0,1.0,1.0,1.0,1.0,,,,,,,7.0,3.0,2.0,2.0,2.0,5.0,6.0,6.0,4.0,,,,,,,,,,,,1.0,1.0,1.0,1.0,2.0,1.0,1.0,1.0,1.0,1.0,1.0,1.0,1.0,1.0,1.0,1.0,1.0,2.0,2.0,1.0,,,,,,,,,,,,,,,,,,,,
2047,2,3,3,2,3,3,4,2,1,2,,40.0,2.0,,5.0,4.0,2.0,,,,,6.0,,,1.0,1.0,,3.0,4.0,5.0,,,,,,,15.0,,,1.0,,4.0,,1.0,,,5.0,1.0,1.0,1.0,1.0,1.0,1.0,1.0,1.0,1.0,1.0,,,,,,,6.0,3.0,3.0,3.0,3.0,5.0,6.0,6.0,3.0,,,,,,,,,,,,,,,,,,,,,,,,,,,,,,,,,,,,,,,,,,,,,,,,,,,
2,5,5,5,5,5,5,5,5,2,2,,30.0,6.0,,5.0,4.0,2.0,,,,6.0,,1.0,54.0,,1.0,,3.0,5.0,5.0,,,,,,,,15.0,,1.0,,3.0,,1.0,,5.0,,1.0,1.0,1.0,1.0,1.0,1.0,1.0,1.0,1.0,1.0,,,,,,,7.0,3.0,3.0,3.0,3.0,5.0,6.0,6.0,4.0,2.0,75.0,75.0,80.0,80.0,75.0,80.0,80.0,70.0,40.0,40.0,2.0,2.0,1.0,2.0,1.0,1.0,2.0,1.0,1.0,2.0,1.0,2.0,1.0,2.0,2.0,2.0,2.0,2.0,2.0,2.0,2.0,1.0,2.0,1.0,1.0,1.0,2.0,2.0,1.0,2.0,1.0,2.0,1.0,2.0,2.0,1.0,2.0,1.0,2.0,1.0
1929,2,3,3,2,3,3,3,2,4,2,70.0,,,2.0,,,,,,,6.0,,1.0,54.0,,1.0,,,,,2.0,4.0,5.0,,,,15.0,,1.0,,,4.0,,,1.0,,5.0,,,,,,,,,,,1.0,1.0,1.0,1.0,1.0,1.0,6.0,3.0,2.0,3.0,4.0,5.0,6.0,6.0,3.0,2.0,40.0,50.0,50.0,40.0,50.0,50.0,50.0,40.0,60.0,40.0,2.0,1.0,1.0,2.0,1.0,2.0,1.0,1.0,1.0,2.0,1.0,2.0,2.0,2.0,2.0,1.0,2.0,1.0,1.0,1.0,2.0,1.0,1.0,1.0,2.0,1.0,2.0,1.0,1.0,1.0,1.0,1.0,1.0,2.0,2.0,1.0,1.0,1.0,2.0,1.0
1413,2,3,3,1,2,2,3,1,1,1,,30.0,,2.0,5.0,4.0,2.0,,,,6.0,,,,1.0,1.0,,,,,2.0,4.0,5.0,,,,15.0,,1.0,,4.0,,,,1.0,,5.0,1.0,1.0,1.0,1.0,1.0,1.0,1.0,1.0,1.0,1.0,,,,,,,6.0,3.0,2.0,2.0,3.0,5.0,6.0,6.0,3.0,2.0,40.0,50.0,50.0,20.0,30.0,30.0,50.0,20.0,20.0,20.0,2.0,2.0,1.0,1.0,1.0,1.0,1.0,2.0,1.0,2.0,1.0,1.0,1.0,1.0,2.0,1.0,1.0,1.0,2.0,2.0,,,,,,,,,,,,,,,,,,,,
1560,4,4,4,2,3,4,4,3,2,2,70.0,,,2.0,,,,,,,6.0,,1.0,54.0,,,2.0,,,,2.0,4.0,5.0,,,,,15.0,1.0,,,,3.0,,1.0,5.0,,,,,,,,,,,,1.0,1.0,1.0,1.0,1.0,1.0,7.0,3.0,3.0,3.0,3.0,5.0,6.0,6.0,3.0,,,,,,,,,,,,1.0,1.0,1.0,1.0,1.0,2.0,2.0,1.0,2.0,1.0,2.0,1.0,1.0,1.0,2.0,2.0,1.0,2.0,1.0,1.0,1.0,2.0,1.0,1.0,1.0,2.0,1.0,2.0,1.0,2.0,1.0,1.0,1.0,1.0,1.0,1.0,1.0,2.0,2.0,1.0
1786,5,5,5,4,4,5,5,4,2,2,70.0,,,2.0,,,,,,,6.0,,,,1.0,,2.0,2.0,5.0,5.0,,,,,,,,15.0,1.0,,4.0,,,1.0,,5.0,,,,,,,,,,,,1.0,1.0,1.0,1.0,1.0,1.0,6.0,3.0,3.0,3.0,3.0,5.0,6.0,6.0,4.0,,,,,,,,,,,,1.0,1.0,2.0,1.0,2.0,1.0,1.0,2.0,1.0,2.0,1.0,1.0,2.0,1.0,2.0,1.0,1.0,1.0,2.0,2.0,1.0,2.0,1.0,2.0,1.0,2.0,1.0,1.0,2.0,1.0,1.0,1.0,2.0,1.0,1.0,1.0,1.0,1.0,2.0,1.0
160,4,4,4,2,3,4,4,3,2,2,70.0,,2.0,,,,,5.0,4.0,2.0,,6.0,1.0,54.0,,,2.0,3.0,4.0,5.0,,,,,,,,15.0,1.0,,4.0,,,1.0,,4.0,,1.0,1.0,1.0,1.0,1.0,1.0,1.0,1.0,1.0,1.0,,,,,,,6.0,3.0,3.0,3.0,3.0,5.0,6.0,6.0,3.0,2.0,65.0,60.0,60.0,40.0,50.0,60.0,60.0,50.0,40.0,40.0,2.0,1.0,2.0,2.0,1.0,1.0,2.0,2.0,1.0,2.0,2.0,2.0,1.0,2.0,1.0,1.0,1.0,2.0,2.0,1.0,2.0,2.0,1.0,1.0,2.0,1.0,2.0,2.0,1.0,1.0,2.0,1.0,1.0,2.0,1.0,2.0,2.0,2.0,2.0,1.0
386,4,4,4,2,3,4,4,3,2,3,,30.0,,2.0,,,,,,,6.0,,,,1.0,1.0,,,,,3.0,5.0,5.0,,,,15.0,,1.0,,,,3.0,,,,,,,,,,,,,,,,,,,,,,,,,,,,,,2.0,65.0,60.0,60.0,40.0,50.0,60.0,60.0,50.0,40.0,50.0,1.0,2.0,2.0,1.0,1.0,1.0,1.0,1.0,2.0,1.0,1.0,2.0,1.0,2.0,2.0,1.0,2.0,1.0,1.0,2.0,,,,,,,,,,,,,,,,,,,,
912,4,4,4,2,3,4,4,3,2,2,,30.0,,2.0,,,,,,,,6.0,1.0,54.0,,1.0,,,,,3.0,4.0,5.0,,,,,15.0,1.0,,,,,,,,,,,,,,,,,,,,,,,,,,,,,,,,,,,,,,,,,,,,,,,,,,,,,,,,,,,,,,,,,,,,,,,,,,,,,,,,,,,,
861,4,4,4,2,3,3,4,2,2,3,,30.0,,2.0,,,,,,,,6.0,,,1.0,,2.0,,,,2.0,4.0,5.0,,,,15.0,,,1.0,4.0,,,1.0,,4.0,,1.0,1.0,1.0,1.0,1.0,1.0,1.0,1.0,1.0,1.0,,,,,,,6.0,3.0,3.0,3.0,3.0,5.0,5.0,5.0,4.0,2.0,65.0,60.0,60.0,40.0,45.0,45.0,60.0,40.0,40.0,45.0,1.0,1.0,2.0,2.0,1.0,2.0,2.0,1.0,1.0,1.0,2.0,2.0,1.0,2.0,1.0,2.0,2.0,1.0,1.0,2.0,1.0,1.0,1.0,2.0,1.0,1.0,1.0,1.0,1.0,1.0,1.0,1.0,2.0,1.0,1.0,1.0,2.0,2.0,1.0,2.0
1680,5,5,5,4,4,5,5,4,2,2,70.0,,5.0,,5.0,4.0,3.0,,,,,6.0,,,1.0,,2.0,,,,3.0,5.0,5.0,,,,15.0,,1.0,,,,3.0,1.0,,,5.0,,,,,,,,,,,1.0,1.0,1.0,1.0,1.0,1.0,6.0,3.0,3.0,3.0,3.0,5.0,5.0,5.0,3.0,2.0,75.0,70.0,75.0,60.0,60.0,75.0,75.0,65.0,40.0,40.0,1.0,1.0,1.0,1.0,2.0,1.0,1.0,1.0,1.0,2.0,1.0,1.0,1.0,1.0,1.0,1.0,2.0,2.0,1.0,1.0,1.0,2.0,1.0,1.0,1.0,2.0,1.0,2.0,1.0,1.0,1.0,1.0,1.0,1.0,2.0,1.0,1.0,1.0,1.0,1.0
1309,4,4,4,2,3,4,4,3,2,2,,30.0,2.0,,5.0,4.0,2.0,,,,,6.0,,,1.0,1.0,,3.0,4.0,5.0,,,,,,,15.0,,1.0,,4.0,,,,1.0,,5.0,1.0,1.0,1.0,1.0,1.0,1.0,1.0,1.0,1.0,1.0,,,,,,,6.0,3.0,3.0,3.0,3.0,5.0,6.0,6.0,4.0,2.0,60.0,60.0,60.0,40.0,50.0,60.0,60.0,50.0,40.0,40.0,1.0,1.0,1.0,2.0,1.0,1.0,1.0,1.0,1.0,2.0,1.0,1.0,1.0,1.0,1.0,1.0,2.0,1.0,1.0,1.0,1.0,1.0,2.0,2.0,1.0,1.0,1.0,1.0,1.0,2.0,1.0,1.0,1.0,1.0,2.0,1.0,1.0,1.0,1.0,1.0
1466,2,2,2,1,2,2,3,1,1,1,,30.0,,2.0,,,,,,,6.0,,1.0,54.0,,1.0,,2.0,4.0,5.0,,,,,,,,15.0,1.0,,,,3.0,,1.0,,,,,,,,,,,,,,,,,,,,,,,,,,,,,,,,,,,,,,,,,,,,,,,,,,,,,,,,,,,,,,,,,,,,,,,,,,,,,,
1515,5,5,5,5,5,5,5,5,2,3,,30.0,5.0,,5.0,4.0,3.0,,,,,6.0,,,1.0,,2.0,,,,3.0,5.0,5.0,,,,,10.0,,1.0,4.0,,,1.0,,5.0,,,,,,,,,,,,1.0,1.0,1.0,1.0,1.0,1.0,7.0,3.0,3.0,3.0,3.0,5.0,6.0,6.0,4.0,2.0,85.0,85.0,85.0,85.0,85.0,85.0,85.0,85.0,30.0,50.0,1.0,1.0,1.0,1.0,2.0,1.0,1.0,1.0,2.0,1.0,2.0,1.0,1.0,1.0,2.0,1.0,1.0,1.0,2.0,1.0,1.0,1.0,1.0,1.0,1.0,1.0,1.0,1.0,1.0,1.0,1.0,1.0,1.0,1.0,1.0,1.0,1.0,1.0,1.0,1.0
280,5,5,5,5,4,5,5,5,1,1,70.0,,,1.0,,,,,,,,6.0,,,1.0,,2.0,2.0,5.0,5.0,,,,,,,15.0,,1.0,,4.0,,,,1.0,,5.0,1.0,1.0,1.0,1.0,1.0,1.0,1.0,1.0,1.0,1.0,,,,,,,7.0,3.0,3.0,3.0,3.0,5.0,6.0,6.0,4.0,2.0,80.0,80.0,85.0,85.0,75.0,85.0,85.0,80.0,20.0,20.0,1.0,2.0,1.0,2.0,2.0,2.0,1.0,2.0,2.0,1.0,1.0,1.0,2.0,1.0,2.0,2.0,1.0,2.0,1.0,2.0,2.0,2.0,1.0,1.0,1.0,1.0,1.0,1.0,2.0,1.0,1.0,1.0,1.0,1.0,2.0,1.0,1.0,2.0,2.0,1.0
709,5,5,5,5,5,5,5,5,2,3,,30.0,,2.0,,,,,,,6.0,,,,1.0,1.0,,,,,2.0,5.0,5.0,,,,15.0,,,1.0,4.0,,,,1.0,5.0,,1.0,1.0,1.0,1.0,1.0,1.0,1.0,1.0,1.0,1.0,,,,,,,6.0,3.0,3.0,3.0,3.0,5.0,5.0,5.0,4.0,2.0,75.0,75.0,75.0,80.0,80.0,80.0,80.0,75.0,40.0,50.0,1.0,1.0,1.0,2.0,2.0,2.0,2.0,2.0,1.0,1.0,1.0,2.0,2.0,2.0,2.0,1.0,1.0,1.0,1.0,2.0,1.0,1.0,1.0,1.0,2.0,1.0,1.0,1.0,1.0,1.0,1.0,1.0,1.0,1.0,2.0,1.0,1.0,2.0,1.0,1.0
115,5,5,5,5,5,5,5,5,1,2,70.0,,5.0,,,,,5.0,4.0,2.0,6.0,,1.0,54.0,,1.0,,,,,3.0,5.0,5.0,,,,,15.0,,1.0,,,3.0,,1.0,,5.0,1.0,1.0,1.0,1.0,1.0,1.0,1.0,1.0,1.0,1.0,,,,,,,7.0,3.0,2.0,2.0,3.0,5.0,6.0,6.0,4.0,2.0,75.0,75.0,75.0,75.0,75.0,75.0,75.0,75.0,25.0,35.0,1.0,1.0,1.0,1.0,2.0,1.0,1.0,2.0,1.0,2.0,1.0,1.0,1.0,1.0,1.0,2.0,1.0,1.0,1.0,1.0,1.0,1.0,1.0,1.0,1.0,1.0,2.0,1.0,1.0,2.0,1.0,1.0,1.0,1.0,1.0,1.0,1.0,1.0,1.0,1.0
82,5,5,5,5,5,5,5,4,1,3,70.0,,,2.0,,,,,,,,6.0,,,1.0,1.0,,3.0,5.0,5.0,,,,,,,15.0,,1.0,,,,2.0,1.0,,5.0,,,,,,,,,,,,1.0,1.0,1.0,1.0,1.0,1.0,7.0,3.0,3.0,3.0,3.0,5.0,6.0,6.0,3.0,,,,,,,,,,,,1.0,1.0,2.0,2.0,2.0,1.0,2.0,1.0,1.0,1.0,2.0,1.0,1.0,2.0,1.0,1.0,1.0,1.0,1.0,1.0,1.0,2.0,1.0,1.0,2.0,2.0,1.0,1.0,1.0,2.0,1.0,2.0,2.0,1.0,2.0,1.0,2.0,1.0,1.0,1.0
967,2,3,3,2,3,3,3,2,4,2,,30.0,2.0,,,,,,,,6.0,,1.0,54.0,,1.0,,,,,2.0,4.0,5.0,,,,15.0,,1.0,,,,3.0,,1.0,5.0,,,,,,,,,,,,1.0,1.0,1.0,1.0,1.0,1.0,6.0,3.0,3.0,3.0,3.0,5.0,6.0,6.0,4.0,2.0,40.0,50.0,50.0,40.0,50.0,50.0,50.0,40.0,60.0,40.0,1.0,1.0,2.0,2.0,1.0,1.0,2.0,1.0,2.0,1.0,1.0,2.0,1.0,1.0,1.0,2.0,2.0,1.0,2.0,2.0,1.0,1.0,1.0,1.0,2.0,1.0,1.0,1.0,2.0,1.0,1.0,1.0,2.0,1.0,1.0,2.0,1.0,1.0,1.0,2.0
814,4,4,4,3,3,4,4,3,2,2,70.0,,5.0,,,,,5.0,4.0,2.0,6.0,,1.0,54.0,,,2.0,3.0,4.0,5.0,,,,,,,,15.0,1.0,,,,3.0,,1.0,,4.0,1.0,1.0,1.0,1.0,1.0,1.0,1.0,1.0,1.0,1.0,,,,,,,6.0,3.0,3.0,3.0,3.0,5.0,6.0,6.0,3.0,2.0,65.0,60.0,60.0,50.0,50.0,60.0,60.0,50.0,40.0,40.0,1.0,1.0,1.0,1.0,1.0,2.0,1.0,1.0,2.0,1.0,1.0,1.0,2.0,1.0,1.0,1.0,1.0,1.0,1.0,1.0,,,,,,,,,,,,,,,,,,,,
1641,2,4,4,2,3,4,4,2,2,2,,30.0,,2.0,,,,,,,6.0,,1.0,54.0,,1.0,,,,,,,,2.0,4.0,5.0,,15.0,1.0,,,3.0,,1.0,,,5.0,,,,,,,,,,,1.0,1.0,1.0,1.0,1.0,1.0,6.0,3.0,3.0,3.0,3.0,5.0,6.0,6.0,3.0,2.0,55.0,65.0,65.0,50.0,55.0,65.0,65.0,50.0,45.0,45.0,1.0,2.0,1.0,1.0,2.0,2.0,1.0,1.0,2.0,2.0,2.0,1.0,2.0,1.0,2.0,1.0,2.0,2.0,1.0,1.0,1.0,1.0,1.0,1.0,2.0,1.0,2.0,1.0,1.0,1.0,2.0,1.0,1.0,1.0,1.0,1.0,1.0,1.0,1.0,1.0
1732,4,4,4,3,3,4,4,3,2,2,70.0,,5.0,,,,,5.0,4.0,2.0,,6.0,,,1.0,,2.0,,,,,,,3.0,4.0,5.0,15.0,,,1.0,4.0,,,1.0,,,5.0,1.0,1.0,1.0,1.0,1.0,1.0,1.0,1.0,1.0,1.0,,,,,,,6.0,3.0,3.0,3.0,3.0,5.0,6.0,6.0,4.0,2.0,65.0,60.0,60.0,50.0,50.0,60.0,60.0,50.0,40.0,40.0,2.0,2.0,1.0,1.0,1.0,1.0,1.0,1.0,1.0,2.0,2.0,2.0,1.0,2.0,1.0,1.0,2.0,1.0,2.0,1.0,2.0,1.0,2.0,1.0,2.0,1.0,2.0,2.0,2.0,2.0,2.0,1.0,1.0,1.0,1.0,2.0,2.0,1.0,2.0,1.0
241,4,4,4,2,3,4,4,3,2,3,,30.0,,2.0,5.0,4.0,2.0,,,,,6.0,,,1.0,,2.0,,,,,,,3.0,4.0,5.0,15.0,,1.0,,4.0,,,1.0,,5.0,,1.0,1.0,1.0,1.0,1.0,1.0,1.0,1.0,1.0,1.0,,,,,,,6.0,3.0,3.0,3.0,3.0,5.0,5.0,5.0,4.0,,,,,,,,,,,,,,,,,,,,,,,,,,,,,,,,,,,,,,,,,,,,,,,,,,,
332,2,3,3,1,2,3,3,2,1,1,,30.0,,2.0,,,,,,,,6.0,,,1.0,1.0,,2.0,4.0,5.0,,,,,,,,12.0,1.0,,,,3.0,1.0,,4.0,,1.0,1.0,1.0,1.0,1.0,1.0,1.0,1.0,1.0,1.0,,,,,,,6.0,3.0,3.0,3.0,4.0,5.0,6.0,6.0,3.0,2.0,40.0,50.0,50.0,20.0,30.0,50.0,50.0,40.0,20.0,20.0,1.0,2.0,1.0,1.0,2.0,1.0,2.0,1.0,2.0,1.0,1.0,2.0,1.0,1.0,1.0,1.0,1.0,1.0,2.0,1.0,1.0,1.0,2.0,1.0,1.0,2.0,1.0,2.0,1.0,1.0,1.0,1.0,2.0,1.0,2.0,1.0,1.0,2.0,1.0,2.0
2032,5,5,5,5,5,5,5,5,2,3,,30.0,5.0,,,,,5.0,4.0,2.0,6.0,,,,1.0,,2.0,,,,,,,2.0,5.0,5.0,,15.0,,1.0,4.0,,,1.0,,5.0,,,,,,,,,,,,1.0,1.0,1.0,1.0,1.0,1.0,7.0,3.0,3.0,3.0,3.0,5.0,6.0,6.0,4.0,,,,,,,,,,,,1.0,1.0,2.0,1.0,1.0,2.0,2.0,1.0,1.0,2.0,2.0,1.0,1.0,1.0,1.0,1.0,1.0,1.0,2.0,2.0,1.0,1.0,1.0,1.0,1.0,1.0,1.0,1.0,1.0,2.0,2.0,1.0,1.0,1.0,1.0,1.0,1.0,1.0,1.0,1.0
43,4,4,4,3,3,4,4,3,2,2,,30.0,,2.0,,,,,,,,6.0,1.0,54.0,,,2.0,,,,,,,3.0,4.0,5.0,,12.0,,1.0,4.0,,,,1.0,,5.0,,,,,,,,,,,1.0,1.0,1.0,1.0,1.0,1.0,6.0,3.0,3.0,3.0,3.0,5.0,6.0,6.0,3.0,2.0,65.0,60.0,60.0,50.0,50.0,60.0,60.0,50.0,40.0,40.0,2.0,1.0,1.0,2.0,2.0,1.0,2.0,1.0,2.0,2.0,1.0,1.0,2.0,2.0,1.0,1.0,1.0,2.0,1.0,1.0,1.0,2.0,1.0,1.0,2.0,1.0,1.0,2.0,1.0,1.0,2.0,1.0,1.0,1.0,1.0,2.0,1.0,1.0,1.0,2.0
88,3,4,4,2,3,3,4,3,2,2,,40.0,,2.0,,,,,,,,6.0,1.0,54.0,,1.0,,,,,3.0,4.0,5.0,,,,,15.0,1.0,,,,3.0,,1.0,5.0,,,,,,,,,,,,1.0,1.0,1.0,1.0,1.0,1.0,6.0,3.0,3.0,3.0,3.0,5.0,6.0,6.0,3.0,,,,,,,,,,,,2.0,1.0,1.0,1.0,1.0,2.0,2.0,1.0,1.0,1.0,1.0,1.0,2.0,1.0,1.0,1.0,1.0,1.0,2.0,2.0,2.0,1.0,1.0,1.0,1.0,1.0,2.0,1.0,1.0,1.0,1.0,1.0,1.0,1.0,1.0,1.0,1.0,2.0,1.0,1.0
1997,5,5,5,5,5,5,5,5,1,1,,30.0,,2.0,,,,,,,6.0,,1.0,54.0,,1.0,,,,,,,,2.0,5.0,,15.0,,1.0,,,3.0,,1.0,,,5.0,,,,,,,,,,,1.0,1.0,1.0,1.0,1.0,1.0,7.0,3.0,3.0,3.0,4.0,5.0,6.0,6.0,4.0,2.0,75.0,75.0,80.0,80.0,80.0,80.0,85.0,70.0,20.0,20.0,2.0,1.0,1.0,1.0,2.0,1.0,1.0,1.0,1.0,1.0,1.0,1.0,1.0,1.0,1.0,1.0,1.0,1.0,1.0,2.0,,,,,,,,,,,,,,,,,,,,
1270,2,3,3,1,2,2,3,1,1,1,70.0,,,1.0,,,,,,,,6.0,1.0,54.0,,1.0,,,,,,,,2.0,4.0,5.0,10.0,,,1.0,,3.0,,1.0,,5.0,,,,,,,,,,,,1.0,1.0,1.0,1.0,1.0,1.0,6.0,3.0,2.0,2.0,3.0,5.0,6.0,6.0,3.0,2.0,40.0,50.0,50.0,20.0,30.0,30.0,50.0,20.0,20.0,20.0,2.0,2.0,1.0,1.0,2.0,1.0,2.0,2.0,1.0,1.0,1.0,2.0,2.0,2.0,1.0,1.0,2.0,1.0,2.0,1.0,1.0,1.0,1.0,1.0,1.0,2.0,1.0,2.0,1.0,1.0,1.0,1.0,2.0,1.0,1.0,2.0,1.0,1.0,1.0,1.0
1303,5,5,5,5,5,5,5,5,2,2,,30.0,,2.0,5.0,4.0,2.0,,,,,6.0,1.0,54.0,,1.0,,,,,,,,3.0,5.0,5.0,15.0,,1.0,,4.0,,,1.0,,,5.0,1.0,1.0,1.0,1.0,1.0,1.0,1.0,1.0,1.0,1.0,,,,,,,7.0,3.0,3.0,3.0,3.0,5.0,6.0,6.0,4.0,,,,,,,,,,,,1.0,2.0,2.0,1.0,1.0,2.0,1.0,1.0,2.0,2.0,2.0,1.0,2.0,1.0,2.0,1.0,2.0,1.0,1.0,1.0,2.0,1.0,1.0,1.0,2.0,1.0,1.0,2.0,1.0,2.0,2.0,1.0,1.0,1.0,1.0,2.0,1.0,1.0,1.0,1.0
1096,4,4,4,3,3,4,4,3,2,2,70.0,,5.0,,,,,,,,,6.0,,,1.0,1.0,,3.0,4.0,4.0,,,,,,,,15.0,,1.0,4.0,,,,1.0,5.0,,1.0,1.0,1.0,1.0,1.0,1.0,1.0,1.0,1.0,1.0,,,,,,,6.0,3.0,2.0,3.0,3.0,5.0,6.0,5.0,4.0,2.0,65.0,60.0,60.0,50.0,50.0,60.0,60.0,50.0,40.0,40.0,1.0,2.0,1.0,1.0,1.0,2.0,2.0,1.0,2.0,2.0,1.0,1.0,1.0,1.0,1.0,2.0,2.0,2.0,1.0,1.0,1.0,1.0,2.0,1.0,1.0,1.0,1.0,2.0,2.0,1.0,1.0,2.0,1.0,1.0,1.0,1.0,2.0,1.0,2.0,2.0
670,5,5,5,5,5,5,5,5,2,2,,30.0,,2.0,,,,,,,6.0,,,,1.0,1.0,,3.0,5.0,5.0,,,,,,,,15.0,1.0,,,3.0,,,1.0,,5.0,,,,,,,,,,,1.0,1.0,1.0,1.0,1.0,1.0,6.0,3.0,3.0,3.0,3.0,5.0,6.0,6.0,3.0,2.0,75.0,75.0,80.0,80.0,75.0,80.0,80.0,70.0,40.0,40.0,2.0,1.0,2.0,1.0,1.0,1.0,2.0,2.0,1.0,1.0,1.0,2.0,1.0,2.0,1.0,1.0,1.0,2.0,2.0,2.0,2.0,2.0,1.0,1.0,2.0,2.0,1.0,1.0,1.0,1.0,1.0,1.0,1.0,1.0,1.0,1.0,2.0,1.0,1.0,1.0
703,4,4,4,2,3,4,4,3,2,2,70.0,,5.0,,,,,5.0,4.0,2.0,6.0,,,,1.0,1.0,,,,,,,,3.0,4.0,4.0,,12.0,1.0,,4.0,,,1.0,,,5.0,1.0,1.0,1.0,1.0,1.0,1.0,1.0,1.0,1.0,1.0,,,,,,,6.0,3.0,3.0,3.0,3.0,5.0,6.0,6.0,3.0,2.0,65.0,60.0,60.0,40.0,45.0,60.0,60.0,50.0,40.0,40.0,1.0,1.0,2.0,2.0,1.0,2.0,2.0,2.0,1.0,2.0,2.0,1.0,2.0,1.0,2.0,1.0,1.0,2.0,2.0,1.0,2.0,2.0,1.0,2.0,1.0,1.0,2.0,1.0,2.0,1.0,1.0,1.0,1.0,1.0,2.0,2.0,2.0,1.0,2.0,1.0
496,5,5,5,3,4,5,5,4,2,3,,30.0,5.0,,,,,5.0,4.0,2.0,,6.0,1.0,54.0,,1.0,,3.0,5.0,5.0,,,,,,,15.0,,,1.0,,3.0,,1.0,,5.0,,,,,,,,,,,,1.0,1.0,1.0,1.0,1.0,1.0,7.0,3.0,3.0,3.0,3.0,5.0,6.0,6.0,4.0,2.0,75.0,70.0,80.0,50.0,60.0,75.0,70.0,65.0,40.0,50.0,1.0,2.0,1.0,1.0,2.0,1.0,1.0,1.0,2.0,2.0,2.0,1.0,1.0,2.0,1.0,1.0,2.0,1.0,2.0,1.0,1.0,1.0,2.0,1.0,1.0,2.0,1.0,1.0,1.0,1.0,1.0,1.0,1.0,1.0,1.0,1.0,1.0,1.0,1.0,1.0
2038,2,3,3,1,2,2,3,1,1,1,70.0,,,2.0,,,,,,,,6.0,1.0,54.0,,,2.0,2.0,4.0,4.0,,,,,,,15.0,,,1.0,,3.0,,,1.0,5.0,,,,,,,,,,,,1.0,1.0,1.0,1.0,1.0,1.0,7.0,3.0,2.0,2.0,3.0,5.0,6.0,6.0,3.0,2.0,40.0,50.0,50.0,30.0,40.0,40.0,50.0,30.0,30.0,30.0,1.0,1.0,2.0,2.0,1.0,1.0,2.0,1.0,2.0,1.0,1.0,1.0,1.0,2.0,1.0,1.0,1.0,1.0,1.0,1.0,1.0,2.0,1.0,2.0,1.0,2.0,1.0,1.0,1.0,2.0,1.0,1.0,1.0,1.0,1.0,1.0,1.0,1.0,1.0,1.0
49,3,4,4,3,3,4,4,3,2,2,,30.0,,2.0,5.0,4.0,2.0,,,,,6.0,1.0,54.0,,1.0,,3.0,4.0,5.0,,,,,,,15.0,,,1.0,4.0,,,1.0,,5.0,,,,,,,,,,,,1.0,1.0,1.0,1.0,1.0,1.0,6.0,3.0,2.0,3.0,3.0,5.0,6.0,6.0,3.0,2.0,50.0,60.0,60.0,50.0,50.0,60.0,60.0,50.0,40.0,40.0,1.0,1.0,2.0,1.0,1.0,2.0,1.0,1.0,2.0,2.0,1.0,1.0,1.0,1.0,1.0,1.0,1.0,2.0,2.0,1.0,,,,,,,,,,,,,,,,,,,,
1956,5,5,5,5,5,5,5,5,2,2,70.0,,,1.0,,,,,,,,6.0,,,1.0,,2.0,,,,,,,3.0,5.0,5.0,,15.0,1.0,,,3.0,,,1.0,5.0,,1.0,1.0,1.0,1.0,1.0,1.0,1.0,1.0,1.0,1.0,,,,,,,6.0,3.0,3.0,3.0,4.0,5.0,6.0,6.0,4.0,2.0,85.0,85.0,90.0,90.0,90.0,90.0,90.0,85.0,40.0,40.0,2.0,1.0,2.0,1.0,1.0,1.0,2.0,2.0,1.0,1.0,1.0,2.0,1.0,1.0,1.0,1.0,1.0,1.0,2.0,2.0,1.0,1.0,1.0,1.0,2.0,2.0,1.0,1.0,2.0,1.0,1.0,1.0,1.0,1.0,2.0,1.0,1.0,1.0,2.0,1.0
1825,5,5,5,5,5,5,5,5,2,2,,30.0,5.0,,5.0,4.0,2.0,,,,6.0,,,,1.0,1.0,,3.0,5.0,5.0,,,,,,,15.0,,,1.0,,3.0,,,1.0,,5.0,,,,,,,,,,,1.0,1.0,1.0,1.0,1.0,1.0,7.0,3.0,3.0,3.0,3.0,5.0,6.0,6.0,4.0,2.0,80.0,80.0,85.0,85.0,80.0,85.0,85.0,80.0,40.0,40.0,2.0,1.0,2.0,2.0,1.0,2.0,2.0,2.0,1.0,2.0,1.0,2.0,2.0,1.0,2.0,1.0,1.0,1.0,1.0,1.0,,,,,,,,,,,,,,,,,,,,
1057,5,5,5,5,5,5,5,5,1,1,70.0,,,2.0,,,,,,,,6.0,,,1.0,1.0,,2.0,5.0,5.0,,,,,,,15.0,,,1.0,,3.0,,,1.0,5.0,,,,,,,,,,,,1.0,1.0,1.0,1.0,1.0,1.0,6.0,3.0,3.0,3.0,3.0,5.0,6.0,6.0,4.0,2.0,75.0,80.0,85.0,80.0,75.0,80.0,85.0,70.0,30.0,25.0,1.0,2.0,1.0,2.0,2.0,1.0,1.0,2.0,1.0,1.0,2.0,1.0,1.0,2.0,1.0,1.0,2.0,2.0,1.0,1.0,1.0,1.0,1.0,1.0,2.0,2.0,1.0,1.0,2.0,1.0,1.0,2.0,1.0,1.0,2.0,1.0,1.0,1.0,1.0,1.0
1124,5,5,5,5,5,5,5,5,1,2,70.0,,,2.0,,,,,,,6.0,,1.0,54.0,,,2.0,2.0,5.0,5.0,,,,,,,15.0,,1.0,,,3.0,,,1.0,,5.0,,,,,,,,,,,1.0,1.0,1.0,1.0,1.0,1.0,6.0,3.0,3.0,3.0,3.0,5.0,6.0,6.0,4.0,,,,,,,,,,,,1.0,2.0,1.0,2.0,1.0,2.0,1.0,1.0,2.0,2.0,1.0,2.0,1.0,2.0,1.0,2.0,2.0,1.0,1.0,2.0,1.0,1.0,2.0,1.0,1.0,2.0,1.0,1.0,1.0,1.0,1.0,2.0,1.0,1.0,1.0,1.0,1.0,2.0,1.0,1.0
1738,5,5,5,5,5,5,5,5,1,1,,30.0,,2.0,,,,,,,6.0,,,,1.0,,2.0,,,,2.0,5.0,5.0,,,,,15.0,,1.0,4.0,,,,1.0,,5.0,1.0,1.0,1.0,1.0,1.0,1.0,1.0,1.0,1.0,1.0,,,,,,,6.0,3.0,3.0,3.0,3.0,5.0,5.0,5.0,4.0,2.0,75.0,75.0,75.0,75.0,75.0,75.0,75.0,75.0,25.0,25.0,2.0,1.0,1.0,1.0,2.0,1.0,1.0,2.0,1.0,2.0,2.0,1.0,1.0,2.0,1.0,2.0,2.0,1.0,1.0,1.0,1.0,1.0,2.0,1.0,1.0,1.0,1.0,1.0,2.0,1.0,1.0,1.0,1.0,1.0,1.0,2.0,1.0,1.0,1.0,1.0
457,4,4,4,2,3,4,4,2,2,2,70.0,,5.0,,,,,5.0,4.0,2.0,6.0,,1.0,54.0,,,2.0,,,,,,,2.0,4.0,5.0,15.0,,1.0,,,4.0,,1.0,,,5.0,1.0,1.0,1.0,1.0,1.0,1.0,1.0,1.0,1.0,1.0,,,,,,,6.0,3.0,2.0,2.0,3.0,5.0,6.0,6.0,3.0,2.0,65.0,65.0,65.0,40.0,50.0,65.0,65.0,40.0,40.0,40.0,1.0,1.0,2.0,1.0,1.0,1.0,1.0,1.0,1.0,1.0,1.0,1.0,1.0,1.0,1.0,1.0,1.0,1.0,1.0,1.0,1.0,1.0,1.0,1.0,1.0,1.0,1.0,1.0,1.0,1.0,1.0,1.0,1.0,1.0,1.0,1.0,1.0,1.0,1.0,1.0
524,5,5,5,5,5,5,5,5,1,1,,30.0,,2.0,,,,,,,6.0,,,,1.0,1.0,,3.0,5.0,5.0,,,,,,,,15.0,,1.0,,3.0,,1.0,,5.0,,1.0,1.0,1.0,1.0,1.0,1.0,1.0,1.0,1.0,1.0,,,,,,,7.0,3.0,3.0,3.0,3.0,5.0,6.0,6.0,4.0,2.0,80.0,80.0,85.0,85.0,85.0,85.0,85.0,80.0,20.0,20.0,2.0,1.0,2.0,2.0,2.0,2.0,2.0,1.0,1.0,2.0,1.0,2.0,1.0,2.0,1.0,1.0,1.0,1.0,2.0,1.0,1.0,1.0,1.0,1.0,1.0,1.0,1.0,1.0,1.0,1.0,1.0,1.0,1.0,1.0,1.0,1.0,2.0,1.0,1.0,1.0
338,4,4,4,2,3,4,4,3,2,2,70.0,,,2.0,,,,,,,6.0,,1.0,54.0,,,2.0,,,,3.0,4.0,5.0,,,,15.0,,1.0,,,,,,,,,,,,,,,,,,,,,,,,,,,,,,,,,,,,,,,,,,,,,,,,,,,,,,,,,,,,,,,,,,,,,,,,,,,,,,,,,,,,
8,5,5,5,4,4,5,5,5,2,2,70.0,,5.0,,,,,5.0,4.0,2.0,6.0,,1.0,54.0,,1.0,,3.0,5.0,5.0,,,,,,,,15.0,1.0,,,,3.0,,1.0,5.0,,,,,,,,,,,,1.0,1.0,1.0,1.0,1.0,1.0,7.0,3.0,3.0,3.0,3.0,5.0,6.0,6.0,4.0,2.0,75.0,70.0,75.0,60.0,60.0,75.0,75.0,70.0,40.0,40.0,1.0,2.0,1.0,1.0,1.0,2.0,2.0,1.0,1.0,2.0,1.0,2.0,1.0,1.0,1.0,2.0,1.0,1.0,2.0,1.0,1.0,1.0,2.0,1.0,1.0,2.0,1.0,2.0,1.0,1.0,1.0,1.0,1.0,1.0,1.0,1.0,1.0,1.0,1.0,2.0
1923,5,5,5,4,4,5,5,4,2,2,70.0,,5.0,,,,,5.0,4.0,2.0,,6.0,1.0,54.0,,1.0,,,,,,,,2.0,5.0,5.0,15.0,,1.0,,,,3.0,,1.0,5.0,,,,,,,,,,,,1.0,1.0,1.0,1.0,1.0,1.0,7.0,3.0,3.0,3.0,3.0,5.0,6.0,6.0,4.0,2.0,75.0,75.0,75.0,65.0,65.0,75.0,75.0,65.0,35.0,35.0,1.0,1.0,1.0,2.0,1.0,1.0,1.0,2.0,1.0,2.0,2.0,1.0,1.0,2.0,1.0,1.0,2.0,1.0,1.0,1.0,1.0,1.0,1.0,2.0,2.0,1.0,1.0,1.0,2.0,2.0,1.0,1.0,1.0,2.0,2.0,1.0,1.0,2.0,1.0,1.0
1850,5,5,5,3,4,5,5,4,2,2,,30.0,5.0,,5.0,4.0,2.0,,,,,6.0,,,1.0,,2.0,,,,,,,3.0,5.0,5.0,15.0,,,1.0,4.0,,,,1.0,5.0,,1.0,1.0,1.0,1.0,1.0,1.0,1.0,1.0,1.0,1.0,,,,,,,7.0,3.0,3.0,3.0,3.0,5.0,6.0,6.0,4.0,2.0,75.0,70.0,75.0,50.0,60.0,75.0,75.0,60.0,40.0,40.0,2.0,1.0,2.0,1.0,1.0,2.0,1.0,1.0,2.0,1.0,2.0,2.0,1.0,1.0,1.0,1.0,1.0,1.0,2.0,2.0,1.0,1.0,2.0,1.0,1.0,1.0,1.0,2.0,2.0,2.0,1.0,2.0,2.0,1.0,2.0,1.0,1.0,1.0,1.0,1.0
1022,5,5,5,4,4,5,5,5,2,2,70.0,,,,,,,5.0,4.0,2.0,6.0,,,,1.0,,2.0,3.0,5.0,5.0,,,,,,,,15.0,,1.0,,4.0,,,1.0,,5.0,1.0,1.0,1.0,1.0,1.0,1.0,1.0,1.0,1.0,1.0,,,,,,,6.0,3.0,2.0,2.0,3.0,5.0,6.0,6.0,4.0,2.0,75.0,75.0,75.0,65.0,65.0,75.0,75.0,75.0,40.0,40.0,1.0,2.0,2.0,2.0,1.0,1.0,2.0,2.0,1.0,1.0,1.0,1.0,1.0,1.0,1.0,2.0,1.0,1.0,1.0,1.0,,,,,,,,,,,,,,,,,,,,
1151,2,3,3,2,2,3,3,2,4,3,60.0,,2.0,,,,,5.0,4.0,2.0,,6.0,1.0,54.0,,,2.0,3.0,4.0,5.0,,,,,,,15.0,,,1.0,,,2.0,1.0,,,5.0,,,,,,,,,,,1.0,1.0,1.0,1.0,1.0,1.0,6.0,3.0,3.0,3.0,3.0,5.0,5.0,5.0,3.0,,,,,,,,,,,,,,,,,,,,,,,,,,,,,,,,,,,,,,,,,,,,,,,,,,,
422,2,3,3,1,2,3,4,1,1,2,70.0,,,2.0,,,,,,,,6.0,1.0,54.0,,1.0,,,,,,,,2.0,4.0,5.0,,15.0,1.0,,,,3.0,,1.0,5.0,,1.0,1.0,1.0,1.0,1.0,1.0,1.0,1.0,1.0,1.0,,,,,,,6.0,3.0,2.0,2.0,3.0,5.0,6.0,6.0,3.0,2.0,,,,,,,,,,,2.0,1.0,2.0,1.0,2.0,1.0,1.0,2.0,1.0,1.0,1.0,1.0,2.0,1.0,2.0,2.0,1.0,1.0,2.0,2.0,1.0,1.0,1.0,2.0,2.0,1.0,2.0,2.0,1.0,1.0,2.0,1.0,2.0,2.0,1.0,1.0,1.0,1.0,2.0,1.0
551,4,4,4,2,3,4,4,3,2,2,70.0,,2.0,,,,,5.0,4.0,2.0,6.0,,,,1.0,,2.0,3.0,4.0,5.0,,,,,,,,15.0,1.0,,4.0,,,,1.0,,5.0,1.0,1.0,1.0,1.0,1.0,1.0,1.0,1.0,1.0,1.0,,,,,,,6.0,3.0,3.0,3.0,3.0,5.0,6.0,6.0,4.0,2.0,65.0,60.0,60.0,40.0,50.0,60.0,60.0,50.0,40.0,40.0,2.0,1.0,1.0,2.0,1.0,1.0,1.0,2.0,1.0,2.0,1.0,1.0,1.0,2.0,1.0,1.0,1.0,1.0,1.0,1.0,,,,,,,,,,,,,,,,,,,,
918,4,4,4,2,3,4,4,3,2,2,70.0,,5.0,,5.0,4.0,2.0,,,,,6.0,,,1.0,1.0,,3.0,4.0,5.0,,,,,,,,15.0,,1.0,,,3.0,1.0,,,5.0,,,,,,,,,,,1.0,1.0,1.0,1.0,1.0,1.0,6.0,3.0,2.0,3.0,3.0,5.0,6.0,6.0,4.0,2.0,65.0,65.0,65.0,40.0,50.0,65.0,65.0,50.0,40.0,40.0,2.0,1.0,1.0,1.0,2.0,1.0,2.0,1.0,1.0,1.0,1.0,1.0,1.0,1.0,1.0,2.0,2.0,1.0,1.0,1.0,2.0,1.0,1.0,1.0,1.0,2.0,1.0,2.0,2.0,2.0,1.0,1.0,2.0,1.0,1.0,1.0,2.0,1.0,1.0,2.0
1891,5,4,5,3,4,5,5,4,2,2,70.0,,5.0,,5.0,4.0,2.0,,,,,6.0,1.0,54.0,,,2.0,3.0,4.0,5.0,,,,,,,,10.0,1.0,,,4.0,,,1.0,5.0,,1.0,1.0,1.0,1.0,1.0,1.0,1.0,1.0,1.0,1.0,,,,,,,6.0,3.0,3.0,3.0,3.0,5.0,6.0,6.0,4.0,2.0,70.0,60.0,70.0,50.0,60.0,70.0,70.0,60.0,40.0,40.0,1.0,1.0,1.0,1.0,1.0,1.0,2.0,1.0,1.0,1.0,1.0,1.0,1.0,2.0,1.0,1.0,2.0,1.0,1.0,1.0,1.0,1.0,1.0,1.0,2.0,2.0,1.0,1.0,1.0,1.0,1.0,1.0,1.0,2.0,1.0,1.0,1.0,1.0,1.0,1.0
1190,5,4,5,4,4,5,5,4,2,2,70.0,,,,,,,5.0,4.0,2.0,6.0,,,,1.0,,2.0,,,,,,,3.0,5.0,5.0,,15.0,1.0,,,,3.0,1.0,,5.0,,,,,,,,,,,,1.0,1.0,1.0,1.0,1.0,1.0,7.0,3.0,3.0,3.0,3.0,5.0,6.0,6.0,,,,,,,,,,,,,1.0,2.0,1.0,1.0,2.0,2.0,1.0,1.0,1.0,1.0,1.0,2.0,2.0,1.0,1.0,2.0,2.0,1.0,1.0,1.0,1.0,2.0,2.0,1.0,1.0,1.0,2.0,2.0,1.0,1.0,1.0,1.0,1.0,2.0,1.0,1.0,1.0,1.0,1.0,1.0
1419,5,5,5,5,5,5,5,5,1,1,,30.0,6.0,,,,,,,,,7.0,,,1.0,1.0,,,,,2.0,5.0,5.0,,,,15.0,,,1.0,4.0,,,,1.0,,5.0,,,,,,,,,,,1.0,1.0,1.0,1.0,1.0,1.0,7.0,3.0,2.0,2.0,3.0,5.0,6.0,6.0,4.0,2.0,75.0,75.0,80.0,80.0,80.0,80.0,80.0,70.0,30.0,30.0,1.0,2.0,1.0,1.0,2.0,2.0,2.0,1.0,1.0,1.0,1.0,1.0,2.0,1.0,1.0,1.0,1.0,1.0,1.0,2.0,2.0,1.0,1.0,2.0,1.0,1.0,1.0,2.0,1.0,2.0,1.0,1.0,1.0,1.0,2.0,2.0,1.0,2.0,1.0,2.0
1205,4,4,4,2,3,4,4,3,2,2,70.0,,5.0,,,,,5.0,4.0,2.0,6.0,,1.0,54.0,,,2.0,,,,2.0,4.0,5.0,,,,15.0,,,1.0,,,3.0,,1.0,,5.0,1.0,1.0,1.0,1.0,1.0,1.0,1.0,1.0,1.0,1.0,,,,,,,6.0,3.0,3.0,3.0,4.0,5.0,6.0,6.0,3.0,,,,,,,,,,,,2.0,1.0,2.0,1.0,2.0,1.0,2.0,1.0,1.0,1.0,1.0,2.0,1.0,1.0,1.0,1.0,2.0,1.0,2.0,1.0,1.0,2.0,1.0,1.0,1.0,2.0,1.0,2.0,1.0,2.0,1.0,2.0,1.0,1.0,1.0,1.0,2.0,1.0,2.0,1.0
1376,5,5,5,5,5,5,5,5,2,2,,30.0,,2.0,,,,,,,6.0,,,,1.0,,2.0,,,,,,,2.0,5.0,5.0,,15.0,1.0,,4.0,,,1.0,,,5.0,1.0,1.0,1.0,1.0,1.0,1.0,1.0,1.0,1.0,1.0,,,,,,,6.0,3.0,2.0,2.0,3.0,5.0,6.0,6.0,4.0,,,,,,,,,,,,1.0,1.0,2.0,2.0,1.0,1.0,2.0,2.0,1.0,2.0,1.0,1.0,2.0,1.0,1.0,1.0,2.0,2.0,1.0,2.0,2.0,1.0,1.0,2.0,2.0,1.0,1.0,2.0,2.0,1.0,1.0,1.0,1.0,1.0,1.0,1.0,2.0,1.0,2.0,1.0
590,5,5,5,5,5,5,5,4,2,2,,30.0,5.0,,,,,5.0,4.0,2.0,,6.0,,,1.0,,2.0,,,,,,,3.0,5.0,,15.0,,1.0,,,,,,,,,,,,,,,,,,,,,,,,,,,,,,,,,,,,,,,,,,,,,,,,,,,,,,,,,,,,,,,,,,,,,,,,,,,,,,,,,,,,
605,5,5,5,5,5,5,5,5,2,2,70.0,,5.0,,5.0,4.0,2.0,,,,6.0,,,,1.0,1.0,,3.0,5.0,5.0,,,,,,,,10.0,,1.0,4.0,,,1.0,,,5.0,,,,,,,,,,,1.0,1.0,1.0,1.0,1.0,1.0,7.0,3.0,3.0,3.0,3.0,5.0,6.0,6.0,4.0,2.0,80.0,80.0,85.0,85.0,85.0,85.0,85.0,80.0,30.0,30.0,1.0,2.0,1.0,2.0,1.0,2.0,1.0,1.0,2.0,2.0,1.0,1.0,1.0,1.0,2.0,1.0,1.0,2.0,2.0,1.0,,,,,,,,,,,,,,,,,,,,
776,5,5,5,5,5,5,5,4,2,2,,30.0,5.0,,5.0,4.0,2.0,,,,,6.0,1.0,54.0,,1.0,,,,,3.0,5.0,5.0,,,,,15.0,1.0,,,,3.0,,1.0,,5.0,1.0,1.0,1.0,1.0,1.0,1.0,1.0,1.0,1.0,1.0,,,,,,,6.0,3.0,3.0,3.0,3.0,5.0,6.0,6.0,4.0,2.0,75.0,70.0,80.0,75.0,75.0,75.0,70.0,65.0,40.0,40.0,1.0,1.0,1.0,1.0,1.0,2.0,1.0,2.0,1.0,2.0,1.0,1.0,1.0,2.0,1.0,2.0,2.0,1.0,1.0,1.0,1.0,1.0,2.0,1.0,1.0,1.0,1.0,1.0,1.0,1.0,1.0,1.0,1.0,1.0,1.0,1.0,1.0,1.0,1.0,1.0
1912,5,5,5,4,4,5,5,4,2,2,,30.0,6.0,,5.0,4.0,2.0,,,,,6.0,,,1.0,,2.0,3.0,5.0,5.0,,,,,,,,12.0,,1.0,,,3.0,1.0,,5.0,,1.0,1.0,1.0,1.0,1.0,1.0,1.0,1.0,1.0,1.0,,,,,,,7.0,3.0,3.0,3.0,3.0,5.0,6.0,6.0,4.0,2.0,75.0,75.0,80.0,65.0,65.0,75.0,75.0,65.0,40.0,40.0,1.0,1.0,1.0,1.0,2.0,2.0,2.0,2.0,1.0,1.0,1.0,1.0,1.0,1.0,1.0,1.0,1.0,2.0,1.0,1.0,1.0,1.0,1.0,1.0,2.0,1.0,1.0,1.0,1.0,1.0,2.0,1.0,1.0,1.0,1.0,1.0,1.0,2.0,2.0,1.0
1861,5,5,5,4,4,5,5,4,2,3,40.0,,,2.0,,,,,,,,6.0,,,1.0,,2.0,3.0,5.0,5.0,,,,,,,,15.0,,1.0,4.0,,,1.0,,5.0,,,,,,,,,,,,,,,,,,,,,,,,,,,,75.0,70.0,75.0,65.0,65.0,80.0,75.0,60.0,40.0,50.0,1.0,1.0,2.0,1.0,1.0,2.0,1.0,1.0,2.0,1.0,2.0,1.0,2.0,1.0,1.0,2.0,1.0,1.0,1.0,2.0,2.0,1.0,1.0,2.0,1.0,1.0,1.0,2.0,1.0,1.0,1.0,2.0,2.0,1.0,2.0,1.0,1.0,1.0,2.0,1.0
786,5,5,5,5,5,5,5,5,2,2,,30.0,,2.0,,,,,,,,6.0,,,1.0,,2.0,3.0,5.0,5.0,,,,,,,15.0,,1.0,,4.0,,,1.0,,,5.0,1.0,1.0,1.0,1.0,1.0,1.0,1.0,1.0,1.0,1.0,,,,,,,6.0,3.0,3.0,3.0,3.0,5.0,6.0,6.0,4.0,2.0,75.0,75.0,75.0,75.0,75.0,75.0,75.0,75.0,40.0,40.0,1.0,1.0,1.0,2.0,1.0,2.0,2.0,1.0,1.0,2.0,1.0,1.0,1.0,1.0,2.0,1.0,1.0,1.0,2.0,1.0,1.0,1.0,2.0,1.0,2.0,1.0,2.0,1.0,1.0,1.0,1.0,2.0,1.0,1.0,1.0,1.0,1.0,1.0,1.0,1.0
413,4,4,4,2,3,4,4,2,2,2,,30.0,2.0,,5.0,4.0,2.0,,,,6.0,,1.0,54.0,,,2.0,,,,2.0,4.0,5.0,,,,15.0,,,1.0,,3.0,,1.0,,,5.0,1.0,1.0,1.0,1.0,1.0,1.0,1.0,1.0,1.0,1.0,,,,,,,6.0,3.0,3.0,3.0,3.0,5.0,6.0,6.0,3.0,2.0,60.0,55.0,60.0,40.0,45.0,55.0,55.0,40.0,40.0,40.0,2.0,2.0,1.0,2.0,2.0,1.0,1.0,2.0,1.0,2.0,1.0,2.0,1.0,1.0,1.0,1.0,1.0,1.0,2.0,2.0,2.0,2.0,1.0,1.0,2.0,1.0,1.0,1.0,1.0,1.0,1.0,2.0,2.0,2.0,1.0,1.0,1.0,1.0,1.0,2.0
560,3,4,4,2,3,4,4,3,2,2,70.0,,,2.0,,,,,,,6.0,,1.0,54.0,,1.0,,3.0,4.0,5.0,,,,,,,,15.0,1.0,,4.0,,,,1.0,,4.0,1.0,1.0,1.0,1.0,1.0,1.0,1.0,1.0,1.0,1.0,,,,,,,6.0,3.0,3.0,3.0,3.0,5.0,6.0,6.0,3.0,2.0,55.0,65.0,65.0,40.0,50.0,65.0,65.0,50.0,40.0,40.0,1.0,1.0,1.0,1.0,1.0,2.0,1.0,1.0,1.0,1.0,1.0,2.0,2.0,1.0,1.0,1.0,1.0,1.0,1.0,1.0,1.0,1.0,1.0,1.0,1.0,1.0,1.0,1.0,1.0,1.0,1.0,1.0,1.0,1.0,1.0,1.0,1.0,2.0,1.0,1.0
1386,5,5,5,4,4,5,5,4,1,2,70.0,,5.0,,5.0,4.0,2.0,,,,6.0,,,,1.0,1.0,,,,,,,,3.0,5.0,5.0,15.0,,1.0,,4.0,,,1.0,,5.0,,1.0,1.0,1.0,1.0,1.0,1.0,1.0,1.0,1.0,1.0,,,,,,,7.0,3.0,3.0,3.0,3.0,5.0,6.0,6.0,4.0,2.0,75.0,75.0,80.0,65.0,65.0,80.0,80.0,65.0,25.0,35.0,2.0,2.0,1.0,1.0,1.0,1.0,2.0,1.0,1.0,1.0,1.0,1.0,1.0,1.0,2.0,1.0,1.0,1.0,1.0,1.0,2.0,1.0,1.0,1.0,1.0,1.0,1.0,1.0,1.0,1.0,1.0,1.0,2.0,1.0,1.0,2.0,1.0,1.0,1.0,1.0
1013,5,5,5,5,5,5,5,5,1,1,,30.0,6.0,,,,,,,,,7.0,,,1.0,1.0,,,,,2.0,5.0,5.0,,,,15.0,,1.0,,,3.0,,,1.0,5.0,,1.0,1.0,1.0,1.0,1.0,1.0,1.0,1.0,1.0,1.0,,,,,,,6.0,3.0,3.0,3.0,3.0,5.0,6.0,6.0,4.0,2.0,70.0,75.0,80.0,80.0,75.0,80.0,75.0,70.0,30.0,30.0,2.0,1.0,2.0,1.0,1.0,1.0,2.0,2.0,1.0,1.0,2.0,1.0,1.0,2.0,1.0,1.0,1.0,1.0,2.0,1.0,1.0,1.0,1.0,1.0,1.0,1.0,1.0,1.0,1.0,1.0,1.0,1.0,2.0,1.0,1.0,1.0,1.0,1.0,1.0,1.0
1160,4,4,4,3,3,4,4,3,2,3,,30.0,,2.0,,,,,,,,6.0,1.0,54.0,,,2.0,,,,,,,3.0,4.0,5.0,15.0,,,1.0,3.0,,,1.0,,5.0,,1.0,1.0,1.0,1.0,1.0,1.0,1.0,1.0,1.0,1.0,,,,,,,6.0,3.0,3.0,3.0,3.0,5.0,6.0,6.0,4.0,,,,,,,,,,,,1.0,2.0,1.0,2.0,1.0,1.0,2.0,2.0,1.0,1.0,2.0,1.0,1.0,1.0,1.0,1.0,1.0,1.0,1.0,2.0,2.0,1.0,1.0,1.0,1.0,1.0,1.0,1.0,1.0,1.0,2.0,2.0,1.0,1.0,1.0,1.0,1.0,1.0,1.0,2.0
929,2,3,3,1,2,2,3,1,4,2,70.0,,2.0,,5.0,4.0,2.0,,,,,6.0,1.0,54.0,,1.0,,3.0,4.0,5.0,,,,,,,15.0,,1.0,,,4.0,,1.0,,5.0,,1.0,1.0,1.0,1.0,1.0,1.0,1.0,1.0,1.0,1.0,,,,,,,6.0,3.0,3.0,3.0,3.0,5.0,6.0,6.0,3.0,2.0,40.0,50.0,50.0,20.0,30.0,30.0,40.0,20.0,60.0,30.0,1.0,1.0,2.0,1.0,1.0,2.0,2.0,1.0,2.0,1.0,2.0,2.0,1.0,1.0,2.0,1.0,1.0,1.0,2.0,2.0,1.0,2.0,1.0,2.0,1.0,1.0,2.0,2.0,1.0,2.0,2.0,2.0,1.0,1.0,1.0,1.0,2.0,2.0,1.0,1.0
634,5,5,5,5,5,5,5,5,1,1,,20.0,5.0,,,,,5.0,4.0,2.0,,6.0,1.0,54.0,,,2.0,,,,,,,2.0,5.0,5.0,15.0,,,1.0,,3.0,,1.0,,5.0,,,,,,,,,,,,1.0,1.0,1.0,1.0,1.0,1.0,7.0,3.0,3.0,3.0,3.0,5.0,6.0,6.0,4.0,2.0,80.0,80.0,85.0,85.0,85.0,85.0,85.0,80.0,20.0,20.0,1.0,2.0,1.0,2.0,1.0,2.0,1.0,1.0,2.0,1.0,1.0,1.0,1.0,1.0,1.0,2.0,2.0,1.0,1.0,2.0,1.0,1.0,1.0,2.0,1.0,1.0,1.0,1.0,1.0,1.0,1.0,2.0,1.0,1.0,2.0,1.0,1.0,1.0,1.0,1.0
747,5,5,5,5,5,5,5,5,2,2,70.0,,,2.0,,,,,,,6.0,,,,1.0,1.0,,3.0,5.0,5.0,,,,,,,15.0,,1.0,,,3.0,,1.0,,,5.0,1.0,1.0,1.0,1.0,1.0,1.0,1.0,1.0,1.0,1.0,,,,,,,6.0,3.0,2.0,2.0,3.0,5.0,6.0,6.0,3.0,2.0,75.0,75.0,75.0,75.0,75.0,75.0,75.0,75.0,40.0,40.0,2.0,1.0,1.0,1.0,2.0,1.0,2.0,2.0,1.0,1.0,1.0,1.0,2.0,1.0,2.0,1.0,1.0,2.0,1.0,1.0,1.0,1.0,1.0,1.0,1.0,1.0,2.0,1.0,1.0,1.0,1.0,2.0,1.0,1.0,1.0,2.0,1.0,1.0,1.0,1.0
1428,5,5,5,5,5,5,5,5,1,1,70.0,,6.0,,,,,,,,,6.0,1.0,54.0,,,2.0,2.0,5.0,5.0,,,,,,,,10.0,1.0,,,3.0,,1.0,,5.0,,,,,,,,,,,,1.0,1.0,1.0,1.0,1.0,1.0,7.0,3.0,3.0,3.0,3.0,5.0,6.0,6.0,4.0,2.0,80.0,80.0,80.0,80.0,80.0,80.0,80.0,80.0,20.0,20.0,2.0,2.0,2.0,1.0,1.0,2.0,1.0,1.0,2.0,1.0,2.0,1.0,1.0,2.0,1.0,2.0,2.0,1.0,2.0,2.0,1.0,1.0,1.0,1.0,1.0,2.0,1.0,1.0,1.0,1.0,1.0,1.0,2.0,1.0,1.0,2.0,2.0,2.0,2.0,2.0
1234,5,5,5,4,4,5,5,5,1,1,70.0,,6.0,,5.0,4.0,2.0,,,,,6.0,,,1.0,1.0,,2.0,5.0,5.0,,,,,,,,15.0,,1.0,,,3.0,1.0,,5.0,,,,,,,,,,,,1.0,1.0,1.0,1.0,1.0,1.0,6.0,3.0,2.0,3.0,3.0,5.0,6.0,6.0,4.0,2.0,75.0,80.0,85.0,70.0,70.0,80.0,75.0,75.0,20.0,20.0,1.0,1.0,1.0,2.0,2.0,1.0,1.0,2.0,1.0,1.0,1.0,2.0,1.0,1.0,2.0,1.0,1.0,2.0,2.0,1.0,2.0,2.0,1.0,2.0,2.0,1.0,1.0,1.0,2.0,1.0,1.0,2.0,1.0,1.0,2.0,1.0,1.0,1.0,1.0,1.0
1347,5,5,5,4,4,5,5,4,2,2,,30.0,,2.0,5.0,4.0,2.0,,,,6.0,,,,1.0,1.0,,,,,,,,2.0,4.0,5.0,15.0,,1.0,,4.0,,,,1.0,5.0,,1.0,1.0,1.0,1.0,1.0,1.0,1.0,1.0,1.0,1.0,,,,,,,6.0,3.0,3.0,3.0,3.0,5.0,6.0,6.0,3.0,2.0,75.0,75.0,75.0,65.0,65.0,75.0,75.0,65.0,40.0,40.0,1.0,2.0,1.0,2.0,1.0,2.0,1.0,2.0,1.0,1.0,1.0,2.0,2.0,2.0,1.0,2.0,1.0,2.0,1.0,1.0,2.0,1.0,1.0,1.0,1.0,1.0,1.0,1.0,1.0,2.0,1.0,1.0,1.0,1.0,1.0,1.0,2.0,1.0,1.0,1.0
641,4,4,4,2,3,4,4,3,2,2,,30.0,5.0,,5.0,4.0,2.0,,,,6.0,,1.0,54.0,,1.0,,3.0,4.0,5.0,,,,,,,15.0,,,1.0,4.0,,,,1.0,,5.0,1.0,1.0,1.0,1.0,1.0,1.0,1.0,1.0,1.0,1.0,,,,,,,6.0,3.0,3.0,3.0,3.0,5.0,6.0,6.0,,,,,,,,,,,,,,,,,,,,,,,,,,,,,,,,,,,,,,,,,,,,,,,,,,,,
732,5,5,5,4,5,5,5,5,2,3,,30.0,,2.0,,,,,,,,6.0,,,1.0,1.0,,,,,2.0,5.0,5.0,,,,,15.0,,1.0,,4.0,,,1.0,,5.0,1.0,1.0,1.0,1.0,1.0,1.0,1.0,1.0,1.0,1.0,,,,,,,7.0,3.0,3.0,3.0,3.0,5.0,6.0,6.0,4.0,2.0,80.0,75.0,80.0,70.0,75.0,80.0,75.0,70.0,40.0,50.0,1.0,1.0,1.0,2.0,1.0,2.0,1.0,2.0,1.0,2.0,2.0,1.0,1.0,2.0,1.0,2.0,1.0,1.0,1.0,2.0,,,,,,,,,,,,,,,,,,,,
1241,4,4,4,2,3,4,4,3,2,3,,30.0,2.0,,,,,5.0,4.0,2.0,,6.0,1.0,54.0,,,2.0,3.0,4.0,5.0,,,,,,,,12.0,,1.0,,,3.0,1.0,,5.0,,1.0,1.0,1.0,1.0,1.0,1.0,1.0,1.0,1.0,1.0,,,,,,,6.0,3.0,3.0,3.0,3.0,5.0,5.0,5.0,4.0,2.0,65.0,60.0,60.0,40.0,50.0,60.0,60.0,50.0,40.0,50.0,2.0,1.0,1.0,1.0,2.0,2.0,1.0,1.0,1.0,2.0,2.0,1.0,1.0,2.0,1.0,1.0,2.0,1.0,1.0,2.0,2.0,1.0,2.0,1.0,1.0,2.0,2.0,1.0,1.0,1.0,1.0,2.0,1.0,2.0,1.0,2.0,2.0,1.0,2.0,1.0
1332,5,5,5,4,4,5,5,4,2,2,70.0,,5.0,,,,,5.0,4.0,2.0,,6.0,1.0,54.0,,,2.0,,,,2.0,5.0,5.0,,,,,15.0,,1.0,,3.0,,1.0,,,5.0,1.0,1.0,1.0,1.0,1.0,1.0,1.0,1.0,1.0,1.0,,,,,,,6.0,3.0,3.0,3.0,3.0,5.0,6.0,6.0,3.0,,,,,,,,,,,,2.0,1.0,2.0,1.0,2.0,2.0,1.0,1.0,1.0,1.0,2.0,1.0,1.0,2.0,1.0,2.0,1.0,1.0,1.0,1.0,1.0,1.0,2.0,2.0,1.0,1.0,1.0,1.0,2.0,2.0,1.0,1.0,1.0,1.0,1.0,2.0,2.0,2.0,1.0,2.0
1967,5,5,5,5,5,5,5,5,2,2,,30.0,,2.0,5.0,4.0,2.0,,,,,6.0,1.0,54.0,,1.0,,3.0,5.0,5.0,,,,,,,,15.0,1.0,,,4.0,,1.0,,5.0,,,,,,,,,,,,1.0,1.0,1.0,1.0,1.0,1.0,7.0,3.0,3.0,3.0,3.0,5.0,6.0,6.0,4.0,2.0,75.0,75.0,80.0,80.0,80.0,85.0,85.0,70.0,40.0,40.0,1.0,2.0,1.0,2.0,1.0,1.0,1.0,2.0,1.0,2.0,1.0,2.0,1.0,1.0,1.0,2.0,1.0,2.0,2.0,1.0,1.0,1.0,2.0,1.0,1.0,1.0,1.0,2.0,2.0,2.0,2.0,1.0,1.0,1.0,1.0,2.0,1.0,1.0,1.0,1.0
1814,2,3,3,1,2,3,3,1,1,2,,30.0,,2.0,,,,,,,6.0,,1.0,54.0,,1.0,,,,,,,,3.0,4.0,5.0,15.0,,,1.0,,4.0,,,1.0,5.0,,,,,,,,,,,,1.0,1.0,1.0,1.0,1.0,1.0,6.0,3.0,3.0,3.0,3.0,5.0,5.0,5.0,3.0,2.0,40.0,50.0,50.0,20.0,30.0,50.0,50.0,20.0,20.0,30.0,2.0,1.0,2.0,2.0,1.0,2.0,2.0,1.0,1.0,2.0,2.0,1.0,2.0,1.0,1.0,2.0,1.0,1.0,1.0,2.0,1.0,2.0,2.0,2.0,1.0,2.0,2.0,1.0,1.0,2.0,1.0,2.0,2.0,1.0,2.0,1.0,2.0,1.0,2.0,2.0
2009,2,3,3,2,3,3,3,2,2,2,70.0,,2.0,,5.0,4.0,2.0,,,,,6.0,1.0,54.0,,1.0,,,,,2.0,4.0,5.0,,,,15.0,,1.0,,,,3.0,1.0,,4.0,,1.0,1.0,1.0,1.0,1.0,1.0,1.0,1.0,1.0,1.0,,,,,,,6.0,3.0,3.0,3.0,3.0,5.0,6.0,6.0,3.0,,,,,,,,,,,,1.0,2.0,1.0,2.0,2.0,2.0,2.0,1.0,2.0,2.0,1.0,1.0,1.0,1.0,2.0,1.0,1.0,1.0,1.0,1.0,1.0,2.0,1.0,2.0,1.0,1.0,1.0,1.0,1.0,1.0,1.0,1.0,1.0,1.0,1.0,1.0,1.0,2.0,1.0,1.0
78,2,3,3,2,3,2,3,2,4,3,,30.0,,1.0,,,,,,,,6.0,,,1.0,,2.0,,,,,,,2.0,4.0,5.0,,10.0,,1.0,,,2.0,,1.0,5.0,,1.0,1.0,1.0,1.0,1.0,1.0,1.0,1.0,1.0,1.0,,,,,,,6.0,3.0,3.0,3.0,3.0,5.0,6.0,6.0,4.0,,,,,,,,,,,,,,,,,,,,,,,,,,,,,,,,,,,,,,,,,,,,,,,,,,,
466,5,5,5,4,4,5,5,5,2,2,30.0,,,2.0,,,,,,,6.0,,1.0,54.0,,1.0,,,,,3.0,5.0,5.0,,,,15.0,,,1.0,,4.0,,1.0,,5.0,,1.0,1.0,1.0,1.0,1.0,1.0,1.0,1.0,1.0,1.0,,,,,,,7.0,3.0,4.0,3.0,3.0,5.0,6.0,6.0,4.0,2.0,70.0,70.0,75.0,60.0,60.0,70.0,70.0,65.0,40.0,40.0,1.0,2.0,1.0,1.0,2.0,1.0,2.0,2.0,1.0,1.0,2.0,1.0,1.0,1.0,1.0,1.0,2.0,1.0,1.0,2.0,1.0,1.0,2.0,2.0,1.0,1.0,1.0,1.0,2.0,1.0,1.0,1.0,2.0,2.0,1.0,1.0,1.0,2.0,2.0,1.0
515,5,5,5,4,4,5,5,5,1,2,,30.0,5.0,,,,,,,,6.0,,,,1.0,1.0,,,,,,,,2.0,5.0,5.0,15.0,,,1.0,6.0,,,1.0,,5.0,,1.0,1.0,1.0,1.0,1.0,1.0,1.0,1.0,1.0,1.0,,,,,,,6.0,3.0,3.0,3.0,3.0,5.0,6.0,6.0,4.0,,75.0,70.0,75.0,60.0,60.0,75.0,75.0,70.0,30.0,40.0,2.0,1.0,1.0,2.0,2.0,1.0,2.0,1.0,1.0,1.0,2.0,1.0,1.0,1.0,2.0,1.0,2.0,2.0,1.0,1.0,1.0,2.0,1.0,1.0,1.0,1.0,1.0,2.0,1.0,1.0,1.0,1.0,1.0,1.0,1.0,1.0,1.0,1.0,2.0,2.0
680,5,5,5,5,5,5,5,5,1,2,,30.0,,2.0,5.0,4.0,2.0,,,,6.0,,,,1.0,1.0,,,,,,,,3.0,5.0,5.0,,12.0,,1.0,4.0,,,1.0,,,5.0,1.0,1.0,1.0,1.0,1.0,1.0,1.0,1.0,1.0,1.0,,,,,,,6.0,3.0,2.0,2.0,3.0,5.0,6.0,6.0,4.0,2.0,75.0,75.0,80.0,80.0,80.0,80.0,80.0,75.0,30.0,40.0,1.0,1.0,1.0,2.0,2.0,1.0,2.0,1.0,1.0,2.0,1.0,1.0,1.0,1.0,1.0,1.0,1.0,2.0,1.0,1.0,1.0,1.0,1.0,1.0,1.0,1.0,1.0,1.0,2.0,1.0,1.0,1.0,1.0,1.0,2.0,1.0,1.0,1.0,1.0,1.0
309,4,4,4,2,3,4,4,3,2,3,,30.0,,2.0,,,,,,,6.0,,1.0,54.0,,1.0,,,,,3.0,4.0,5.0,,,,15.0,,1.0,,,,3.0,1.0,,,5.0,1.0,1.0,1.0,1.0,1.0,1.0,1.0,1.0,1.0,1.0,,,,,,,6.0,3.0,2.0,3.0,3.0,5.0,6.0,6.0,3.0,2.0,65.0,60.0,60.0,40.0,45.0,60.0,60.0,40.0,35.0,45.0,2.0,2.0,1.0,1.0,2.0,1.0,1.0,2.0,1.0,1.0,2.0,1.0,1.0,2.0,1.0,1.0,1.0,1.0,2.0,2.0,1.0,1.0,1.0,2.0,1.0,2.0,1.0,1.0,2.0,1.0,1.0,1.0,2.0,1.0,2.0,1.0,1.0,2.0,1.0,1.0
1066,2,3,3,1,2,3,3,1,1,1,70.0,,2.0,,5.0,4.0,2.0,,,,,6.0,1.0,54.0,,,2.0,,,,2.0,4.0,5.0,,,,15.0,,1.0,,,,2.0,,1.0,5.0,,1.0,1.0,1.0,1.0,1.0,1.0,1.0,1.0,1.0,1.0,,,,,,,6.0,3.0,3.0,3.0,3.0,5.0,6.0,6.0,3.0,2.0,40.0,50.0,50.0,20.0,30.0,50.0,50.0,20.0,20.0,20.0,1.0,2.0,1.0,2.0,1.0,2.0,2.0,1.0,1.0,1.0,1.0,2.0,1.0,1.0,1.0,2.0,2.0,1.0,1.0,2.0,1.0,1.0,1.0,2.0,1.0,2.0,1.0,1.0,1.0,1.0,2.0,1.0,1.0,1.0,1.0,2.0,2.0,1.0,2.0,1.0
1115,2,3,3,2,3,3,3,2,4,3,40.0,,2.0,,,,,,,,6.0,,,,1.0,1.0,,3.0,4.0,5.0,,,,,,,10.0,,,1.0,,3.0,,1.0,,5.0,,1.0,1.0,1.0,1.0,1.0,1.0,1.0,1.0,1.0,1.0,,,,,,,6.0,3.0,3.0,3.0,3.0,5.0,6.0,6.0,3.0,2.0,40.0,50.0,50.0,40.0,50.0,50.0,50.0,40.0,60.0,50.0,2.0,1.0,1.0,1.0,1.0,2.0,1.0,2.0,2.0,2.0,1.0,1.0,2.0,1.0,1.0,2.0,1.0,1.0,2.0,1.0,2.0,1.0,1.0,1.0,2.0,1.0,1.0,2.0,2.0,1.0,2.0,1.0,2.0,1.0,1.0,1.0,1.0,1.0,2.0,1.0
1280,1,3,3,1,2,2,3,1,1,1,70.0,,,2.0,,,,,,,,6.0,,,1.0,1.0,,,,,,,,1.0,4.0,5.0,15.0,,,1.0,4.0,,,1.0,,5.0,,,,,,,,,,,,1.0,1.0,1.0,1.0,1.0,1.0,6.0,3.0,3.0,3.0,3.0,5.0,6.0,6.0,3.0,,,,,,,,,,,,2.0,2.0,1.0,1.0,1.0,2.0,1.0,2.0,1.0,1.0,1.0,2.0,1.0,1.0,1.0,1.0,2.0,1.0,1.0,1.0,1.0,1.0,1.0,1.0,2.0,1.0,1.0,1.0,1.0,1.0,2.0,1.0,1.0,1.0,1.0,1.0,2.0,1.0,2.0,1.0
1709,5,5,5,4,4,5,5,4,2,2,,30.0,,2.0,,,,,,,,,,,1.0,1.0,,,,,,,,2.0,5.0,5.0,15.0,,,1.0,,,2.0,,1.0,,5.0,1.0,1.0,1.0,1.0,1.0,1.0,1.0,1.0,1.0,1.0,,,,,,,6.0,3.0,3.0,3.0,3.0,5.0,5.0,5.0,3.0,2.0,70.0,70.0,70.0,60.0,60.0,70.0,70.0,60.0,40.0,40.0,2.0,1.0,1.0,2.0,1.0,1.0,2.0,1.0,1.0,1.0,1.0,1.0,1.0,2.0,1.0,1.0,1.0,2.0,1.0,2.0,,,,,,,,,,,,,,,,,,,,
738,5,5,5,5,5,5,5,5,1,2,,30.0,,1.0,,,,,,,6.0,,,,1.0,,2.0,,,,,,,2.0,5.0,5.0,,,1.0,,4.0,,,1.0,,5.0,,,,,,,,,,,,,,,,,,,,,,,,,,,2.0,75.0,75.0,80.0,80.0,75.0,80.0,75.0,70.0,30.0,40.0,1.0,2.0,1.0,2.0,1.0,1.0,1.0,1.0,2.0,1.0,2.0,1.0,1.0,2.0,1.0,1.0,1.0,1.0,1.0,1.0,1.0,1.0,2.0,1.0,2.0,2.0,2.0,2.0,1.0,1.0,2.0,1.0,1.0,1.0,1.0,1.0,1.0,1.0,1.0,1.0
124,5,5,5,4,4,5,5,5,2,2,30.0,,5.0,,,,,,,,,6.0,,,1.0,,2.0,2.0,5.0,5.0,,,,,,,15.0,,1.0,,3.0,,,,1.0,,5.0,,,,,,,,,,,1.0,1.0,1.0,1.0,1.0,1.0,6.0,3.0,3.0,3.0,3.0,5.0,6.0,6.0,4.0,2.0,75.0,70.0,75.0,60.0,60.0,75.0,75.0,70.0,40.0,40.0,1.0,2.0,1.0,1.0,2.0,2.0,1.0,1.0,2.0,1.0,1.0,1.0,1.0,2.0,2.0,1.0,2.0,1.0,1.0,2.0,1.0,1.0,2.0,1.0,1.0,1.0,1.0,1.0,2.0,1.0,2.0,1.0,1.0,1.0,2.0,1.0,1.0,1.0,1.0,1.0
1338,5,5,5,5,5,5,5,5,2,2,70.0,,6.0,,5.0,4.0,2.0,,,,6.0,,,,1.0,,2.0,3.0,5.0,5.0,,,,,,,,15.0,1.0,,,3.0,,1.0,,,5.0,,,,,,,,,,,1.0,1.0,1.0,1.0,1.0,1.0,7.0,3.0,3.0,3.0,3.0,5.0,6.0,6.0,4.0,2.0,80.0,75.0,85.0,80.0,75.0,80.0,80.0,70.0,40.0,40.0,2.0,1.0,1.0,1.0,1.0,2.0,2.0,1.0,2.0,1.0,1.0,2.0,1.0,2.0,1.0,2.0,1.0,2.0,1.0,1.0,1.0,1.0,1.0,1.0,1.0,1.0,1.0,2.0,1.0,1.0,1.0,1.0,1.0,1.0,1.0,2.0,2.0,1.0,1.0,1.0
1457,5,5,5,5,5,5,5,5,1,1,70.0,,5.0,,,,,5.0,4.0,2.0,,6.0,,,1.0,,2.0,3.0,5.0,5.0,,,,,,,15.0,,,1.0,,,3.0,,1.0,5.0,,1.0,1.0,1.0,1.0,1.0,1.0,1.0,1.0,1.0,1.0,,,,,,,6.0,3.0,3.0,3.0,3.0,5.0,6.0,6.0,3.0,,,,,,,,,,,,2.0,1.0,2.0,2.0,1.0,1.0,2.0,1.0,2.0,1.0,2.0,1.0,2.0,1.0,1.0,2.0,1.0,2.0,2.0,1.0,1.0,1.0,2.0,1.0,1.0,1.0,1.0,2.0,2.0,1.0,1.0,1.0,1.0,2.0,1.0,1.0,1.0,2.0,1.0,1.0
1524,5,5,5,4,4,5,5,4,2,3,70.0,,5.0,,,,,,,,,6.0,,,1.0,1.0,,3.0,5.0,5.0,,,,,,,,15.0,1.0,,4.0,,,,1.0,5.0,,1.0,1.0,1.0,1.0,1.0,1.0,1.0,1.0,1.0,1.0,,,,,,,7.0,3.0,3.0,3.0,3.0,5.0,6.0,6.0,4.0,2.0,75.0,75.0,80.0,65.0,65.0,80.0,75.0,65.0,40.0,50.0,1.0,1.0,2.0,2.0,2.0,1.0,2.0,2.0,2.0,1.0,1.0,2.0,1.0,1.0,1.0,2.0,1.0,1.0,2.0,2.0,2.0,1.0,1.0,1.0,2.0,1.0,2.0,2.0,2.0,1.0,1.0,1.0,1.0,2.0,1.0,1.0,1.0,2.0,1.0,1.0
956,5,5,5,5,5,5,5,5,1,2,,30.0,,1.0,,,,,,,,6.0,1.0,54.0,,1.0,,,,,2.0,5.0,5.0,,,,15.0,,,1.0,,3.0,,,1.0,,5.0,,,,,,,,,,,1.0,1.0,1.0,1.0,1.0,1.0,7.0,3.0,3.0,3.0,3.0,5.0,6.0,6.0,3.0,2.0,70.0,70.0,75.0,75.0,70.0,75.0,70.0,65.0,30.0,40.0,1.0,1.0,1.0,1.0,1.0,1.0,1.0,1.0,2.0,2.0,1.0,1.0,1.0,1.0,1.0,1.0,1.0,1.0,1.0,1.0,1.0,1.0,1.0,1.0,1.0,1.0,1.0,1.0,1.0,1.0,1.0,1.0,1.0,1.0,1.0,1.0,1.0,1.0,1.0,1.0
825,3,4,4,2,3,3,4,2,2,2,,30.0,,2.0,,,,,,,,6.0,1.0,54.0,,,2.0,,,,3.0,4.0,4.0,,,,10.0,,,1.0,4.0,,,1.0,,5.0,,,,,,,,,,,,1.0,1.0,1.0,1.0,1.0,1.0,6.0,3.0,2.0,3.0,3.0,5.0,6.0,6.0,3.0,2.0,50.0,60.0,60.0,40.0,50.0,50.0,60.0,40.0,40.0,40.0,2.0,1.0,2.0,1.0,1.0,1.0,1.0,2.0,2.0,1.0,2.0,2.0,1.0,1.0,2.0,2.0,1.0,1.0,1.0,1.0,1.0,2.0,1.0,1.0,1.0,1.0,1.0,2.0,1.0,1.0,2.0,2.0,2.0,1.0,1.0,2.0,2.0,1.0,2.0,1.0
270,5,5,5,5,5,5,5,5,2,2,70.0,,,2.0,,,,,,,6.0,,,,1.0,,2.0,,,,,,,2.0,5.0,5.0,15.0,,,1.0,4.0,,,,1.0,,5.0,,,,,,,,,,,1.0,1.0,1.0,1.0,1.0,1.0,7.0,3.0,3.0,3.0,3.0,5.0,6.0,6.0,4.0,2.0,75.0,70.0,75.0,70.0,70.0,75.0,70.0,65.0,40.0,40.0,1.0,2.0,1.0,1.0,1.0,2.0,1.0,1.0,1.0,2.0,2.0,1.0,1.0,2.0,1.0,2.0,1.0,1.0,1.0,2.0,2.0,1.0,2.0,1.0,1.0,1.0,1.0,1.0,1.0,1.0,1.0,2.0,2.0,1.0,2.0,2.0,1.0,1.0,1.0,1.0
303,5,5,5,5,5,5,5,5,1,1,70.0,,5.0,,,,,5.0,4.0,2.0,6.0,,,,1.0,1.0,,3.0,5.0,5.0,,,,,,,15.0,,1.0,,,4.0,,1.0,,,5.0,,,,,,,,,,,1.0,1.0,1.0,1.0,1.0,1.0,7.0,3.0,3.0,3.0,3.0,5.0,6.0,6.0,4.0,2.0,75.0,75.0,80.0,80.0,75.0,80.0,80.0,70.0,30.0,30.0,2.0,1.0,1.0,2.0,1.0,1.0,2.0,1.0,2.0,1.0,1.0,1.0,2.0,2.0,1.0,2.0,1.0,1.0,2.0,1.0,1.0,2.0,1.0,1.0,2.0,1.0,1.0,2.0,1.0,2.0,1.0,1.0,1.0,1.0,1.0,1.0,1.0,2.0,1.0,1.0
1496,2,3,3,2,3,3,4,2,2,2,70.0,,,2.0,,,,,,,6.0,,,,1.0,1.0,,3.0,4.0,5.0,,,,,,,15.0,,,1.0,4.0,,,1.0,,,5.0,,,,,,,,,,,1.0,1.0,1.0,1.0,1.0,1.0,6.0,3.0,2.0,3.0,3.0,5.0,6.0,6.0,4.0,,,,,,,,,,,,1.0,1.0,1.0,1.0,2.0,1.0,2.0,1.0,1.0,1.0,1.0,1.0,2.0,2.0,1.0,1.0,2.0,1.0,1.0,2.0,1.0,1.0,1.0,1.0,2.0,1.0,2.0,1.0,1.0,1.0,1.0,1.0,1.0,1.0,1.0,2.0,2.0,1.0,1.0,1.0
1670,5,5,5,4,4,5,5,4,2,2,,30.0,,2.0,,,,,,,6.0,,,,1.0,1.0,,3.0,5.0,5.0,,,,,,,,15.0,,1.0,4.0,,,,1.0,5.0,,,,,,,,,,,,1.0,1.0,1.0,1.0,1.0,1.0,7.0,3.0,3.0,3.0,3.0,5.0,6.0,6.0,4.0,2.0,75.0,75.0,80.0,65.0,65.0,80.0,75.0,65.0,40.0,40.0,1.0,1.0,1.0,1.0,1.0,2.0,1.0,1.0,1.0,1.0,2.0,1.0,1.0,2.0,2.0,1.0,1.0,2.0,1.0,1.0,,,,,,,,,,,,,,,,,,,,
1703,5,5,5,5,5,5,5,5,2,2,,30.0,,1.0,,,,,,,6.0,,,,1.0,1.0,,,,,,,,2.0,5.0,5.0,15.0,,1.0,,,3.0,,1.0,,5.0,,1.0,1.0,1.0,1.0,1.0,1.0,1.0,1.0,1.0,1.0,,,,,,,6.0,3.0,3.0,3.0,3.0,5.0,6.0,6.0,4.0,,,,,,,,,,,,1.0,2.0,2.0,2.0,1.0,1.0,1.0,1.0,1.0,2.0,1.0,1.0,1.0,1.0,2.0,1.0,2.0,1.0,1.0,1.0,1.0,2.0,2.0,1.0,2.0,1.0,2.0,1.0,1.0,2.0,1.0,2.0,2.0,1.0,1.0,2.0,2.0,1.0,1.0,2.0
2003,2,3,3,2,3,3,3,2,4,4,70.0,,,2.0,,,,,,,,6.0,,,1.0,,2.0,3.0,4.0,5.0,,,,,,,,15.0,,1.0,,,3.0,1.0,,,5.0,,,,,,,,,,,1.0,1.0,1.0,1.0,1.0,1.0,6.0,3.0,3.0,3.0,3.0,5.0,5.0,5.0,4.0,2.0,40.0,50.0,50.0,40.0,50.0,50.0,50.0,40.0,60.0,60.0,1.0,1.0,2.0,1.0,1.0,1.0,2.0,1.0,2.0,2.0,2.0,1.0,1.0,2.0,1.0,1.0,1.0,2.0,1.0,1.0,1.0,1.0,2.0,1.0,1.0,1.0,1.0,1.0,2.0,2.0,2.0,2.0,1.0,1.0,1.0,2.0,2.0,2.0,1.0,1.0
997,4,4,4,2,3,4,4,3,2,3,70.0,,5.0,,,,,5.0,4.0,2.0,6.0,,1.0,54.0,,,2.0,3.0,4.0,5.0,,,,,,,,10.0,,1.0,,,2.0,1.0,,4.0,,,,,,,,,,,,1.0,1.0,1.0,1.0,1.0,1.0,6.0,3.0,3.0,3.0,3.0,5.0,6.0,6.0,3.0,2.0,65.0,65.0,65.0,40.0,50.0,65.0,65.0,50.0,40.0,50.0,2.0,1.0,1.0,2.0,2.0,2.0,1.0,2.0,1.0,1.0,1.0,1.0,2.0,1.0,1.0,2.0,1.0,2.0,1.0,1.0,1.0,1.0,2.0,2.0,1.0,1.0,2.0,2.0,1.0,1.0,1.0,1.0,2.0,1.0,1.0,1.0,1.0,2.0,2.0,1.0
72,4,4,4,2,3,4,4,3,2,3,70.0,,,2.0,,,,,,,6.0,,1.0,54.0,,1.0,,,,,,,,3.0,4.0,5.0,15.0,,1.0,,,,3.0,1.0,,5.0,,1.0,1.0,1.0,1.0,1.0,1.0,1.0,1.0,1.0,1.0,,,,,,,6.0,3.0,3.0,3.0,3.0,5.0,6.0,6.0,4.0,,,,,,,,,,,,2.0,1.0,2.0,1.0,2.0,2.0,1.0,2.0,1.0,2.0,1.0,1.0,1.0,1.0,2.0,2.0,1.0,1.0,1.0,1.0,1.0,2.0,1.0,1.0,1.0,1.0,1.0,1.0,2.0,1.0,1.0,2.0,2.0,2.0,1.0,1.0,1.0,2.0,1.0,1.0
205,4,4,5,2,3,5,4,3,2,2,,30.0,,2.0,,,,,,,6.0,,1.0,54.0,,,2.0,2.0,4.0,5.0,,,,,,,15.0,,1.0,,,,2.0,,1.0,,5.0,,,,,,,,,,,1.0,1.0,1.0,1.0,1.0,1.0,6.0,3.0,3.0,3.0,3.0,5.0,6.0,6.0,3.0,2.0,65.0,60.0,70.0,40.0,50.0,70.0,60.0,50.0,40.0,40.0,2.0,1.0,1.0,1.0,1.0,1.0,1.0,1.0,1.0,1.0,2.0,1.0,2.0,1.0,1.0,1.0,2.0,1.0,2.0,1.0,1.0,1.0,1.0,1.0,1.0,1.0,2.0,2.0,2.0,1.0,1.0,2.0,1.0,1.0,1.0,1.0,2.0,1.0,2.0,2.0
376,5,5,5,5,5,5,5,4,1,1,70.0,,5.0,,,,,,,,6.0,,,,1.0,,2.0,2.0,5.0,5.0,,,,,,,,15.0,1.0,,,,3.0,1.0,,5.0,,,,,,,,,,,,1.0,1.0,1.0,1.0,1.0,1.0,7.0,3.0,3.0,3.0,3.0,5.0,6.0,6.0,4.0,2.0,75.0,75.0,80.0,80.0,80.0,80.0,80.0,70.0,20.0,20.0,2.0,1.0,2.0,1.0,1.0,1.0,2.0,2.0,1.0,1.0,2.0,1.0,1.0,1.0,1.0,1.0,1.0,1.0,1.0,2.0,2.0,1.0,2.0,1.0,1.0,1.0,1.0,1.0,1.0,1.0,1.0,1.0,1.0,1.0,2.0,1.0,1.0,1.0,1.0,2.0
190,1,2,2,1,2,2,2,1,1,1,70.0,,,1.0,,,,,,,,6.0,1.0,54.0,,1.0,,,,,2.0,5.0,5.0,,,,,15.0,1.0,,4.0,,,,1.0,5.0,,,,,,,,,,,,1.0,1.0,1.0,1.0,1.0,1.0,7.0,3.0,3.0,3.0,3.0,5.0,6.0,6.0,4.0,2.0,20.0,30.0,30.0,15.0,25.0,25.0,25.0,15.0,15.0,15.0,2.0,2.0,1.0,1.0,2.0,1.0,1.0,1.0,2.0,1.0,1.0,2.0,1.0,1.0,1.0,1.0,1.0,2.0,2.0,2.0,1.0,1.0,1.0,1.0,1.0,1.0,1.0,1.0,1.0,1.0,1.0,1.0,1.0,1.0,1.0,1.0,1.0,1.0,1.0,1.0
419,5,4,5,5,5,5,5,5,1,2,70.0,,5.0,,,,,5.0,4.0,2.0,6.0,,,,1.0,,2.0,,,,,,,2.0,5.0,5.0,,15.0,,1.0,4.0,,,1.0,,5.0,,,,,,,,,,,,1.0,1.0,1.0,1.0,1.0,1.0,7.0,3.0,3.0,3.0,3.0,5.0,6.0,6.0,4.0,,,,,,,,,,,,1.0,1.0,2.0,1.0,1.0,1.0,2.0,1.0,2.0,1.0,1.0,1.0,1.0,2.0,1.0,1.0,1.0,1.0,2.0,1.0,1.0,2.0,1.0,1.0,1.0,2.0,1.0,1.0,2.0,2.0,1.0,2.0,1.0,1.0,1.0,1.0,1.0,1.0,1.0,1.0
1605,5,5,5,5,5,5,5,5,2,2,,30.0,5.0,,,,,5.0,4.0,2.0,6.0,,,,1.0,1.0,,,,,,,,3.0,5.0,5.0,,10.0,1.0,,4.0,,,1.0,,5.0,,,,,,,,,,,,1.0,1.0,1.0,1.0,1.0,1.0,7.0,3.0,2.0,2.0,3.0,5.0,6.0,6.0,4.0,2.0,75.0,75.0,80.0,80.0,80.0,80.0,85.0,75.0,30.0,30.0,1.0,1.0,1.0,1.0,1.0,1.0,1.0,1.0,1.0,2.0,2.0,2.0,1.0,1.0,1.0,1.0,1.0,1.0,1.0,1.0,1.0,1.0,1.0,1.0,1.0,1.0,1.0,1.0,1.0,1.0,1.0,1.0,1.0,1.0,2.0,1.0,1.0,2.0,1.0,2.0
1776,5,5,5,5,5,5,5,5,2,2,,30.0,6.0,,5.0,4.0,2.0,,,,,6.0,1.0,54.0,,1.0,,3.0,5.0,5.0,,,,,,,,15.0,,1.0,,,3.0,1.0,,5.0,,,,,,,,,,,,1.0,1.0,1.0,1.0,1.0,1.0,7.0,3.0,3.0,3.0,3.0,5.0,6.0,6.0,4.0,,,,,,,,,,,,1.0,1.0,2.0,2.0,2.0,1.0,1.0,1.0,2.0,1.0,2.0,1.0,2.0,1.0,1.0,1.0,1.0,2.0,1.0,1.0,,,,,,,,,,,,,,,,,,,,
1590,4,4,4,2,3,4,4,3,2,2,,30.0,,2.0,,,,,,,6.0,,,,1.0,1.0,,3.0,4.0,5.0,,,,,,,,10.0,,1.0,,,3.0,,1.0,,5.0,,,,,,,,,,,1.0,1.0,1.0,1.0,1.0,1.0,6.0,3.0,2.0,3.0,3.0,5.0,6.0,6.0,3.0,2.0,65.0,60.0,60.0,40.0,50.0,60.0,60.0,45.0,35.0,35.0,1.0,2.0,1.0,2.0,1.0,1.0,1.0,2.0,1.0,2.0,1.0,1.0,1.0,2.0,1.0,1.0,1.0,2.0,1.0,1.0,2.0,1.0,1.0,1.0,2.0,1.0,1.0,1.0,1.0,1.0,1.0,1.0,2.0,1.0,1.0,1.0,1.0,2.0,1.0,1.0
1019,4,4,4,2,3,4,4,3,2,2,,30.0,2.0,,,,,5.0,4.0,2.0,,6.0,,,1.0,,2.0,3.0,4.0,5.0,,,,,,,15.0,,,1.0,4.0,,,,1.0,,5.0,1.0,1.0,1.0,1.0,1.0,1.0,1.0,1.0,1.0,1.0,,,,,,,6.0,3.0,3.0,3.0,3.0,5.0,6.0,6.0,3.0,,,,,,,,,,,,2.0,1.0,1.0,1.0,1.0,2.0,1.0,2.0,1.0,1.0,1.0,2.0,1.0,2.0,2.0,1.0,1.0,2.0,1.0,1.0,1.0,1.0,1.0,1.0,1.0,1.0,1.0,1.0,1.0,1.0,1.0,1.0,1.0,1.0,1.0,1.0,1.0,1.0,1.0,1.0
1918,4,4,4,2,3,4,4,3,2,3,40.0,,,2.0,,,,,,,6.0,,1.0,54.0,,,2.0,,,,,,,3.0,4.0,5.0,15.0,,,1.0,,3.0,,,1.0,5.0,,,,,,,,,,,,1.0,1.0,1.0,1.0,1.0,1.0,6.0,3.0,2.0,3.0,3.0,5.0,6.0,6.0,3.0,,,,,,,,,,,,1.0,1.0,1.0,2.0,1.0,1.0,1.0,2.0,2.0,1.0,1.0,2.0,1.0,2.0,1.0,1.0,1.0,1.0,2.0,1.0,1.0,1.0,2.0,1.0,2.0,1.0,1.0,2.0,1.0,2.0,1.0,2.0,2.0,1.0,1.0,1.0,2.0,1.0,1.0,1.0
891,4,4,4,2,3,4,4,2,2,2,,30.0,,2.0,,,,,,,6.0,,,,1.0,,2.0,,,,2.0,5.0,5.0,,,,,15.0,1.0,,,,,,,,,,,,,,,,,,,,,,,,,,,,,,,,,,,,,,,,,,,,,,,,,,,,,,,,,,,,,,,,,,,,,,,,,,,,,,,,,,,,
151,2,3,3,2,3,4,4,2,4,2,,30.0,,2.0,,,,,,,6.0,,1.0,54.0,,1.0,,3.0,4.0,5.0,,,,,,,,15.0,1.0,,4.0,,,,1.0,,5.0,1.0,1.0,1.0,1.0,1.0,1.0,1.0,1.0,1.0,1.0,,,,,,,6.0,3.0,3.0,3.0,3.0,5.0,6.0,6.0,3.0,2.0,50.0,55.0,55.0,40.0,45.0,60.0,60.0,40.0,60.0,40.0,2.0,1.0,1.0,2.0,1.0,1.0,1.0,1.0,2.0,2.0,1.0,1.0,2.0,1.0,1.0,1.0,1.0,1.0,1.0,1.0,2.0,1.0,2.0,1.0,1.0,1.0,1.0,1.0,1.0,1.0,1.0,1.0,1.0,1.0,2.0,1.0,1.0,1.0,1.0,1.0
1422,5,5,5,4,4,5,5,5,2,2,70.0,,5.0,,5.0,4.0,3.0,,,,6.0,,,,1.0,,2.0,,,,2.0,5.0,5.0,,,,,15.0,,1.0,,,3.0,,1.0,,5.0,,,,,,,,,,,1.0,1.0,1.0,1.0,1.0,1.0,7.0,3.0,3.0,3.0,3.0,5.0,6.0,6.0,4.0,2.0,75.0,75.0,75.0,60.0,60.0,75.0,75.0,75.0,40.0,40.0,2.0,2.0,2.0,1.0,2.0,1.0,2.0,2.0,2.0,1.0,1.0,1.0,2.0,2.0,1.0,2.0,1.0,2.0,1.0,1.0,2.0,1.0,1.0,1.0,2.0,1.0,1.0,2.0,2.0,1.0,1.0,1.0,1.0,1.0,2.0,2.0,2.0,1.0,1.0,1.0
1551,5,5,5,4,4,5,5,4,1,1,70.0,,,2.0,,,,,,,,6.0,,,1.0,1.0,,,,,3.0,5.0,5.0,,,,15.0,,,1.0,,4.0,,1.0,,,5.0,,,,,,,,,,,1.0,1.0,1.0,1.0,1.0,1.0,7.0,3.0,3.0,3.0,3.0,5.0,6.0,6.0,4.0,2.0,75.0,75.0,75.0,65.0,65.0,75.0,75.0,65.0,25.0,25.0,2.0,2.0,2.0,2.0,2.0,1.0,1.0,1.0,1.0,2.0,1.0,2.0,2.0,1.0,1.0,1.0,1.0,1.0,2.0,2.0,1.0,1.0,1.0,1.0,1.0,1.0,1.0,2.0,1.0,1.0,1.0,1.0,1.0,1.0,1.0,1.0,2.0,1.0,1.0,1.0
923,5,5,5,5,5,5,5,5,1,1,,30.0,5.0,,5.0,4.0,2.0,,,,,6.0,,,1.0,,2.0,,,,2.0,5.0,5.0,,,,,15.0,1.0,,,3.0,,,1.0,,5.0,,,,,,,,,,,1.0,1.0,1.0,1.0,1.0,1.0,7.0,3.0,3.0,3.0,3.0,5.0,6.0,6.0,4.0,2.0,75.0,75.0,80.0,80.0,75.0,75.0,80.0,70.0,20.0,20.0,2.0,2.0,1.0,2.0,1.0,2.0,1.0,2.0,1.0,2.0,2.0,1.0,1.0,2.0,2.0,2.0,1.0,1.0,2.0,1.0,2.0,1.0,2.0,1.0,2.0,1.0,2.0,1.0,1.0,1.0,2.0,1.0,1.0,1.0,2.0,2.0,1.0,1.0,1.0,1.0
850,5,5,5,5,5,5,5,5,2,2,70.0,,5.0,,,,,,,,,6.0,1.0,54.0,,1.0,,,,,2.0,5.0,5.0,,,,,15.0,1.0,,,3.0,,1.0,,,5.0,1.0,1.0,1.0,1.0,1.0,1.0,1.0,1.0,1.0,1.0,,,,,,,6.0,3.0,2.0,2.0,3.0,5.0,6.0,6.0,4.0,,,,,,,,,,,,1.0,2.0,2.0,1.0,2.0,1.0,2.0,1.0,2.0,1.0,1.0,1.0,1.0,1.0,1.0,1.0,1.0,1.0,1.0,2.0,1.0,1.0,1.0,1.0,2.0,1.0,1.0,2.0,1.0,2.0,1.0,1.0,1.0,1.0,1.0,1.0,1.0,1.0,2.0,1.0
1633,4,4,4,2,3,5,4,2,2,2,70.0,,5.0,,,,,,,,6.0,,,,1.0,1.0,,3.0,4.0,5.0,,,,,,,15.0,,1.0,,,,3.0,,1.0,,,,,,,,,,,,,,,,,,,,,,,,,,,,,,,,,,,,,,,,,,,,,,,,,,,,,,,,,,,,,,,,,,,,,,,,,,,,,,
1740,5,5,5,3,4,5,5,4,2,2,70.0,,5.0,,,,,5.0,4.0,2.0,,6.0,1.0,54.0,,,2.0,3.0,5.0,5.0,,,,,,,15.0,,,1.0,,,3.0,,1.0,5.0,,1.0,1.0,1.0,1.0,1.0,1.0,1.0,1.0,1.0,1.0,,,,,,,6.0,3.0,3.0,3.0,3.0,5.0,6.0,6.0,3.0,2.0,75.0,70.0,75.0,50.0,60.0,70.0,70.0,60.0,40.0,40.0,1.0,1.0,2.0,2.0,1.0,1.0,1.0,1.0,1.0,2.0,2.0,2.0,1.0,1.0,1.0,1.0,2.0,2.0,1.0,1.0,1.0,1.0,2.0,1.0,1.0,1.0,2.0,1.0,1.0,2.0,1.0,1.0,2.0,2.0,1.0,1.0,2.0,1.0,1.0,2.0
233,5,5,5,4,4,5,5,4,2,2,,30.0,5.0,,,,,,,,,6.0,,,1.0,,2.0,,,,2.0,5.0,5.0,,,,,15.0,,1.0,,3.0,,1.0,,,5.0,,,,,,,,,,,1.0,1.0,1.0,1.0,1.0,1.0,7.0,3.0,3.0,3.0,3.0,5.0,6.0,6.0,4.0,2.0,75.0,70.0,75.0,60.0,60.0,75.0,75.0,60.0,40.0,40.0,2.0,2.0,1.0,1.0,1.0,1.0,1.0,1.0,1.0,1.0,1.0,1.0,1.0,1.0,1.0,1.0,1.0,1.0,1.0,1.0,1.0,1.0,1.0,1.0,1.0,2.0,1.0,1.0,2.0,2.0,1.0,1.0,1.0,2.0,2.0,2.0,1.0,1.0,1.0,1.0
340,2,3,3,2,3,3,3,2,1,1,70.0,,2.0,,5.0,4.0,2.0,,,,,6.0,1.0,54.0,,,2.0,,,,,,,2.0,4.0,5.0,,15.0,,1.0,,,2.0,1.0,,,5.0,,,,,,,,,,,1.0,1.0,1.0,1.0,1.0,1.0,6.0,3.0,2.0,3.0,3.0,5.0,6.0,6.0,3.0,,,,,,,,,,,,1.0,2.0,2.0,1.0,1.0,2.0,1.0,1.0,2.0,2.0,1.0,1.0,2.0,2.0,2.0,1.0,1.0,2.0,1.0,1.0,,,,,,,,,,,,,,,,,,,,
31,5,5,5,4,4,5,5,5,2,2,70.0,,,,,,,5.0,4.0,2.0,6.0,,,,1.0,1.0,,,,,,,,2.0,5.0,5.0,,15.0,1.0,,4.0,,,1.0,,,5.0,,,,,,,,,,,1.0,1.0,1.0,1.0,1.0,1.0,6.0,3.0,2.0,2.0,3.0,5.0,6.0,6.0,4.0,2.0,75.0,75.0,80.0,65.0,65.0,80.0,75.0,70.0,40.0,40.0,2.0,1.0,1.0,1.0,1.0,1.0,2.0,1.0,2.0,1.0,1.0,1.0,1.0,1.0,1.0,1.0,2.0,1.0,2.0,1.0,,,,,,,,,,,,,,,,,,,,
2040,5,5,5,4,4,5,5,4,2,2,70.0,,,,,,,5.0,4.0,2.0,6.0,,1.0,54.0,,,2.0,,,,,,,3.0,5.0,5.0,15.0,,,1.0,,3.0,,,1.0,,5.0,,,,,,,,,,,1.0,1.0,1.0,1.0,1.0,1.0,7.0,3.0,3.0,3.0,3.0,5.0,6.0,6.0,4.0,2.0,75.0,75.0,75.0,60.0,60.0,75.0,75.0,60.0,30.0,30.0,1.0,1.0,1.0,1.0,1.0,1.0,1.0,1.0,1.0,1.0,1.0,1.0,1.0,1.0,1.0,1.0,1.0,1.0,1.0,1.0,1.0,1.0,1.0,1.0,1.0,1.0,1.0,1.0,1.0,1.0,1.0,1.0,1.0,1.0,1.0,1.0,1.0,1.0,1.0,1.0
5,2,4,4,3,4,3,4,2,2,3,,30.0,2.0,,,,,,,,6.0,,1.0,54.0,,1.0,,,,,3.0,4.0,5.0,,,,,15.0,1.0,,,2.0,,1.0,,,5.0,,,,,,,,,,,1.0,1.0,1.0,1.0,1.0,1.0,6.0,3.0,3.0,3.0,3.0,5.0,6.0,6.0,3.0,2.0,40.0,60.0,60.0,50.0,60.0,50.0,60.0,40.0,40.0,50.0,1.0,2.0,2.0,1.0,1.0,1.0,1.0,1.0,2.0,1.0,1.0,1.0,1.0,2.0,2.0,1.0,2.0,1.0,1.0,2.0,,,,,,,,,,,,,,,,,,,,
1414,2,4,4,2,3,4,4,3,2,2,70.0,,,2.0,,,,,,,6.0,,1.0,54.0,,,2.0,3.0,4.0,5.0,,,,,,,,12.0,1.0,,,4.0,,,1.0,5.0,,,,,,,,,,,,1.0,1.0,1.0,1.0,1.0,1.0,6.0,3.0,3.0,3.0,3.0,5.0,6.0,6.0,4.0,2.0,55.0,65.0,60.0,40.0,50.0,60.0,60.0,45.0,40.0,40.0,1.0,1.0,1.0,2.0,1.0,2.0,1.0,1.0,1.0,2.0,1.0,2.0,1.0,1.0,2.0,2.0,1.0,1.0,1.0,1.0,1.0,1.0,2.0,1.0,2.0,2.0,2.0,1.0,2.0,2.0,1.0,2.0,2.0,2.0,1.0,2.0,1.0,1.0,2.0,2.0
1567,5,5,5,4,4,5,5,5,2,2,,30.0,,2.0,,,,,,,6.0,,,,1.0,1.0,,3.0,5.0,5.0,,,,,,,15.0,,,1.0,,,3.0,1.0,,5.0,,1.0,1.0,1.0,1.0,1.0,1.0,1.0,1.0,1.0,1.0,,,,,,,7.0,3.0,4.0,3.0,3.0,5.0,6.0,6.0,4.0,2.0,75.0,75.0,80.0,65.0,65.0,80.0,80.0,75.0,40.0,40.0,1.0,2.0,1.0,1.0,2.0,1.0,2.0,1.0,1.0,1.0,1.0,2.0,1.0,1.0,1.0,1.0,1.0,1.0,1.0,1.0,1.0,2.0,1.0,2.0,1.0,1.0,1.0,1.0,1.0,1.0,1.0,1.0,2.0,2.0,1.0,1.0,2.0,1.0,2.0,1.0
1781,5,5,5,4,4,5,5,5,2,2,70.0,,,,,,,,,,,7.0,,,1.0,,2.0,,,,2.0,5.0,5.0,,,,,15.0,,1.0,,,3.0,1.0,,,5.0,1.0,1.0,1.0,1.0,1.0,1.0,1.0,1.0,1.0,1.0,,,,,,,6.0,3.0,3.0,3.0,3.0,5.0,6.0,6.0,4.0,2.0,70.0,70.0,70.0,60.0,60.0,70.0,70.0,70.0,40.0,40.0,2.0,2.0,1.0,1.0,2.0,1.0,1.0,2.0,1.0,1.0,1.0,2.0,2.0,2.0,1.0,1.0,1.0,1.0,2.0,2.0,1.0,2.0,1.0,1.0,2.0,1.0,1.0,1.0,1.0,1.0,1.0,2.0,1.0,1.0,2.0,1.0,1.0,1.0,2.0,2.0
1208,4,4,4,2,3,3,4,4,2,2,,30.0,5.0,,,,,5.0,4.0,2.0,6.0,,,,1.0,,2.0,,,,,,,3.0,4.0,5.0,15.0,,1.0,,,,3.0,1.0,,,5.0,,,,,,,,,,,1.0,1.0,1.0,1.0,1.0,1.0,7.0,3.0,2.0,3.0,3.0,5.0,6.0,6.0,3.0,2.0,65.0,60.0,60.0,40.0,45.0,45.0,60.0,60.0,35.0,35.0,2.0,1.0,1.0,2.0,1.0,1.0,1.0,2.0,1.0,1.0,1.0,1.0,2.0,1.0,2.0,2.0,2.0,1.0,1.0,1.0,2.0,2.0,1.0,2.0,1.0,2.0,1.0,2.0,1.0,2.0,1.0,1.0,1.0,2.0,1.0,1.0,1.0,2.0,2.0,1.0
167,5,5,5,3,4,5,5,4,2,2,70.0,,5.0,,5.0,4.0,2.0,,,,6.0,,,,1.0,,2.0,3.0,5.0,5.0,,,,,,,15.0,,1.0,,4.0,,,1.0,,5.0,,1.0,1.0,1.0,1.0,1.0,1.0,1.0,1.0,1.0,1.0,,,,,,,7.0,3.0,4.0,3.0,3.0,5.0,6.0,6.0,4.0,,,,,,,,,,,,,,,,,,,,,,,,,,,,,,,,,,,,,,,,,,,,,,,,,,,
381,4,4,4,2,3,4,4,3,2,2,,30.0,2.0,,,,,5.0,4.0,2.0,,6.0,,,1.0,,2.0,,,,,,,2.0,4.0,5.0,,12.0,1.0,,,,4.0,1.0,,,5.0,,,,,,,,,,,1.0,1.0,1.0,1.0,1.0,1.0,6.0,3.0,3.0,3.0,3.0,5.0,6.0,6.0,4.0,2.0,65.0,60.0,60.0,40.0,50.0,60.0,60.0,50.0,40.0,40.0,1.0,2.0,1.0,1.0,2.0,1.0,1.0,1.0,2.0,2.0,1.0,2.0,1.0,2.0,1.0,1.0,1.0,1.0,2.0,1.0,1.0,1.0,,,,,,,,,,,,,,,,,,
608,4,4,4,3,3,4,4,3,2,2,,30.0,,2.0,5.0,4.0,2.0,,,,,6.0,1.0,54.0,,,2.0,,,,,,,2.0,4.0,5.0,15.0,,,1.0,,,3.0,1.0,,,5.0,1.0,1.0,1.0,1.0,1.0,1.0,1.0,1.0,1.0,1.0,,,,,,,6.0,3.0,3.0,3.0,3.0,5.0,6.0,6.0,3.0,,,,,,,,,,,,1.0,1.0,1.0,2.0,2.0,1.0,1.0,1.0,1.0,2.0,2.0,1.0,1.0,1.0,1.0,2.0,1.0,1.0,2.0,2.0,1.0,1.0,2.0,1.0,1.0,1.0,1.0,2.0,1.0,1.0,2.0,1.0,1.0,2.0,1.0,2.0,1.0,2.0,2.0,1.0
915,5,5,5,4,4,5,5,4,2,2,70.0,,,2.0,,,,,,,,6.0,1.0,54.0,,,2.0,3.0,5.0,5.0,,,,,,,,10.0,1.0,,,4.0,,1.0,,,5.0,,,,,,,,,,,1.0,1.0,1.0,1.0,1.0,1.0,6.0,3.0,3.0,3.0,3.0,5.0,6.0,6.0,3.0,2.0,75.0,70.0,75.0,60.0,60.0,75.0,70.0,60.0,40.0,40.0,1.0,2.0,1.0,2.0,1.0,1.0,2.0,2.0,1.0,2.0,1.0,2.0,1.0,1.0,1.0,1.0,1.0,2.0,1.0,1.0,1.0,1.0,2.0,1.0,1.0,2.0,2.0,1.0,2.0,2.0,1.0,2.0,1.0,1.0,2.0,1.0,1.0,1.0,2.0,2.0
866,5,5,5,5,5,5,5,5,2,2,,30.0,,2.0,,,,,,,,6.0,1.0,54.0,,,2.0,,,,,,,2.0,5.0,5.0,,15.0,1.0,,,,4.0,1.0,,,5.0,1.0,1.0,1.0,1.0,1.0,1.0,1.0,1.0,1.0,1.0,,,,,,,6.0,3.0,3.0,3.0,3.0,5.0,5.0,5.0,4.0,,,,,,,,,,,,2.0,2.0,1.0,1.0,1.0,2.0,1.0,2.0,1.0,1.0,1.0,1.0,1.0,1.0,2.0,1.0,2.0,1.0,1.0,1.0,,,,,,,,,,,,,,,,,,,,
1687,5,5,5,5,5,5,5,5,2,2,70.0,,,2.0,,,,,,,6.0,,1.0,54.0,,,2.0,,,,,,,3.0,5.0,5.0,,15.0,1.0,,,,3.0,,1.0,5.0,,1.0,1.0,1.0,1.0,1.0,1.0,1.0,1.0,1.0,1.0,,,,,,,6.0,3.0,3.0,3.0,3.0,5.0,6.0,6.0,4.0,2.0,75.0,75.0,80.0,80.0,75.0,80.0,80.0,70.0,40.0,40.0,2.0,1.0,2.0,1.0,1.0,2.0,1.0,1.0,1.0,1.0,1.0,1.0,2.0,1.0,1.0,2.0,2.0,1.0,1.0,1.0,,,,,,,,,,,,,,,,,,,,
1461,5,5,5,5,5,5,5,5,1,2,70.0,,5.0,,,,,5.0,4.0,2.0,,6.0,1.0,54.0,,,2.0,,,,,,,2.0,5.0,5.0,15.0,,,1.0,,,2.0,,1.0,,5.0,1.0,1.0,1.0,1.0,1.0,1.0,1.0,1.0,1.0,1.0,,,,,,,6.0,3.0,2.0,2.0,3.0,5.0,6.0,6.0,4.0,2.0,80.0,75.0,80.0,75.0,70.0,80.0,75.0,70.0,30.0,40.0,1.0,1.0,2.0,1.0,2.0,1.0,1.0,2.0,2.0,1.0,2.0,2.0,2.0,1.0,1.0,1.0,1.0,1.0,1.0,2.0,,,,,,,,,,,,,,,,,,,,
1512,2,3,3,2,3,3,3,2,4,2,,30.0,,2.0,5.0,4.0,2.0,,,,,6.0,1.0,54.0,,1.0,,,,,2.0,4.0,4.0,,,,,15.0,1.0,,,3.0,,,1.0,5.0,,,,,,,,,,,,1.0,1.0,1.0,1.0,1.0,1.0,7.0,3.0,3.0,3.0,3.0,5.0,6.0,6.0,3.0,2.0,40.0,50.0,50.0,40.0,50.0,50.0,50.0,40.0,60.0,40.0,1.0,2.0,1.0,1.0,2.0,1.0,2.0,1.0,2.0,1.0,1.0,2.0,2.0,1.0,1.0,1.0,1.0,1.0,1.0,1.0,2.0,1.0,1.0,2.0,2.0,2.0,1.0,1.0,2.0,2.0,1.0,1.0,2.0,2.0,1.0,1.0,2.0,1.0,2.0,1.0
287,1,2,2,1,2,3,4,1,1,2,70.0,,5.0,,,,,5.0,4.0,2.0,,6.0,,,1.0,1.0,,,,,,,,2.0,4.0,5.0,,15.0,1.0,,6.0,,,,1.0,,5.0,1.0,1.0,1.0,1.0,1.0,1.0,1.0,1.0,1.0,1.0,,,,,,,7.0,3.0,4.0,3.0,3.0,5.0,6.0,5.0,4.0,2.0,20.0,30.0,30.0,20.0,30.0,40.0,50.0,20.0,20.0,30.0,2.0,1.0,2.0,1.0,1.0,2.0,1.0,1.0,1.0,1.0,2.0,1.0,1.0,2.0,1.0,1.0,1.0,1.0,2.0,1.0,1.0,1.0,2.0,1.0,1.0,1.0,1.0,2.0,2.0,1.0,1.0,1.0,1.0,1.0,2.0,1.0,1.0,1.0,1.0,1.0
112,5,4,5,5,5,5,5,4,2,3,,30.0,5.0,,5.0,4.0,2.0,,,,,6.0,1.0,54.0,,,2.0,,,,2.0,5.0,5.0,,,,,10.0,1.0,,,,3.0,,1.0,,5.0,,,,,,,,,,,1.0,1.0,1.0,1.0,1.0,1.0,7.0,3.0,2.0,2.0,3.0,5.0,6.0,6.0,4.0,2.0,75.0,65.0,75.0,75.0,75.0,75.0,75.0,65.0,40.0,50.0,1.0,2.0,2.0,1.0,1.0,2.0,1.0,1.0,2.0,1.0,2.0,1.0,1.0,1.0,1.0,1.0,1.0,2.0,1.0,1.0,1.0,1.0,1.0,1.0,1.0,1.0,1.0,1.0,1.0,1.0,2.0,1.0,1.0,1.0,1.0,1.0,1.0,1.0,2.0,2.0
960,5,5,5,5,5,5,5,5,1,1,,30.0,5.0,,5.0,4.0,2.0,,,,,6.0,1.0,54.0,,,2.0,,,,,,,2.0,5.0,5.0,,12.0,,1.0,,3.0,,1.0,,5.0,,,,,,,,,,,,1.0,1.0,1.0,1.0,1.0,1.0,6.0,3.0,3.0,3.0,3.0,5.0,6.0,6.0,4.0,,,,,,,,,,,,1.0,1.0,2.0,2.0,1.0,1.0,2.0,1.0,2.0,1.0,2.0,2.0,1.0,1.0,2.0,1.0,1.0,1.0,1.0,1.0,1.0,1.0,1.0,1.0,1.0,1.0,1.0,1.0,2.0,2.0,2.0,1.0,1.0,1.0,1.0,1.0,1.0,1.0,1.0,1.0
85,2,3,3,2,3,4,4,2,2,2,,30.0,,2.0,,,,,,,6.0,,1.0,54.0,,1.0,,,,,,,,2.0,4.0,5.0,15.0,,,1.0,,,3.0,1.0,,,5.0,1.0,1.0,1.0,1.0,1.0,1.0,1.0,1.0,1.0,1.0,,,,,,,6.0,3.0,3.0,3.0,3.0,5.0,6.0,6.0,4.0,,,,,,,,,,,,1.0,2.0,1.0,2.0,1.0,2.0,2.0,1.0,1.0,2.0,2.0,2.0,1.0,1.0,1.0,2.0,1.0,1.0,1.0,2.0,2.0,1.0,2.0,1.0,1.0,2.0,1.0,2.0,2.0,1.0,1.0,1.0,1.0,1.0,1.0,1.0,2.0,1.0,1.0,1.0
813,2,3,3,1,2,3,3,1,1,1,70.0,,2.0,,5.0,4.0,2.0,,,,,6.0,,,1.0,,2.0,,,,,,,2.0,4.0,5.0,15.0,,,1.0,,,2.0,1.0,,,5.0,,,,,,,,,,,1.0,1.0,1.0,1.0,1.0,1.0,6.0,3.0,2.0,3.0,3.0,5.0,6.0,6.0,3.0,2.0,30.0,40.0,40.0,15.0,20.0,40.0,40.0,15.0,15.0,15.0,2.0,2.0,1.0,1.0,1.0,1.0,1.0,1.0,1.0,2.0,2.0,1.0,2.0,1.0,2.0,1.0,2.0,1.0,1.0,1.0,1.0,1.0,1.0,2.0,1.0,2.0,2.0,2.0,2.0,1.0,1.0,1.0,1.0,1.0,1.0,1.0,2.0,2.0,1.0,1.0
1129,2,3,3,1,2,3,3,1,1,1,70.0,,,2.0,,,,,,,6.0,,1.0,54.0,,1.0,,,,,2.0,4.0,5.0,,,,,15.0,,1.0,,,3.0,,1.0,5.0,,,,,,,,,,,,1.0,1.0,1.0,1.0,1.0,1.0,7.0,3.0,3.0,3.0,3.0,5.0,6.0,6.0,3.0,2.0,,,,,,,,,,,1.0,2.0,1.0,2.0,2.0,1.0,2.0,2.0,1.0,1.0,2.0,1.0,2.0,2.0,1.0,1.0,2.0,1.0,2.0,2.0,1.0,1.0,2.0,2.0,1.0,1.0,2.0,2.0,2.0,2.0,1.0,1.0,2.0,2.0,1.0,1.0,1.0,1.0,1.0,2.0
1646,4,4,4,2,3,4,4,3,2,2,,30.0,,2.0,5.0,4.0,2.0,,,,6.0,,1.0,54.0,,,2.0,,,,2.0,5.0,5.0,,,,,12.0,,1.0,4.0,,,1.0,,5.0,,,,,,,,,,,,1.0,1.0,1.0,1.0,1.0,1.0,7.0,3.0,3.0,3.0,3.0,5.0,6.0,6.0,3.0,,,,,,,,,,,,2.0,1.0,1.0,2.0,1.0,2.0,1.0,1.0,2.0,2.0,1.0,2.0,1.0,1.0,2.0,1.0,1.0,1.0,2.0,2.0,1.0,1.0,1.0,1.0,1.0,1.0,1.0,1.0,2.0,2.0,1.0,1.0,2.0,1.0,2.0,2.0,1.0,1.0,1.0,1.0
1735,5,5,5,5,5,5,5,5,1,2,,30.0,5.0,,5.0,4.0,2.0,,,,,6.0,,,1.0,1.0,,3.0,5.0,5.0,,,,,,,,15.0,,1.0,,,3.0,1.0,,,5.0,1.0,1.0,1.0,1.0,1.0,1.0,1.0,1.0,1.0,1.0,,,,,,,7.0,3.0,3.0,3.0,3.0,5.0,6.0,6.0,4.0,,,,,,,,,,,,1.0,1.0,2.0,1.0,2.0,1.0,1.0,1.0,1.0,2.0,1.0,1.0,2.0,1.0,1.0,1.0,1.0,2.0,2.0,1.0,2.0,1.0,2.0,1.0,1.0,1.0,1.0,1.0,1.0,1.0,1.0,2.0,1.0,1.0,1.0,2.0,2.0,1.0,2.0,1.0
529,5,5,5,4,4,5,5,5,2,2,70.0,,5.0,,5.0,4.0,2.0,,,,,6.0,,,1.0,,2.0,3.0,5.0,5.0,,,,,,,15.0,,1.0,,,,3.0,,1.0,,,,,,,,,,,,,,,,,,,,,,,,,,,,,,,,,,,,,,,,,,,,,,,,,,,,,,,,,,,,,,,,,,,,,,,,,,,,,,
246,2,3,3,2,3,3,4,2,2,2,,30.0,,2.0,,,,,,,,6.0,,,1.0,1.0,,3.0,4.0,5.0,,,,,,,,10.0,,1.0,4.0,,,1.0,,,5.0,,,,,,,,,,,1.0,1.0,1.0,1.0,1.0,1.0,6.0,3.0,2.0,3.0,3.0,5.0,6.0,6.0,3.0,2.0,40.0,35.0,35.0,30.0,35.0,35.0,40.0,30.0,30.0,30.0,1.0,1.0,2.0,2.0,1.0,1.0,2.0,2.0,1.0,1.0,1.0,2.0,1.0,1.0,2.0,1.0,2.0,1.0,2.0,1.0,,,,,,,,,,,,,,,,,,,,
335,2,3,3,1,2,3,3,1,1,1,70.0,,5.0,,5.0,4.0,2.0,,,,6.0,,1.0,54.0,,1.0,,,,,,,,2.0,4.0,5.0,15.0,,,1.0,,4.0,,1.0,,,5.0,,,,,,,,,,,1.0,1.0,1.0,1.0,1.0,1.0,6.0,3.0,3.0,3.0,3.0,5.0,6.0,6.0,3.0,,,,,,,,,,,,2.0,2.0,1.0,1.0,1.0,2.0,1.0,1.0,1.0,1.0,1.0,1.0,1.0,2.0,2.0,1.0,1.0,2.0,1.0,1.0,1.0,1.0,1.0,2.0,1.0,1.0,1.0,1.0,2.0,1.0,2.0,2.0,2.0,1.0,1.0,1.0,2.0,1.0,1.0,2.0
2035,4,4,4,3,4,4,4,4,2,2,,30.0,,2.0,,,,,,,,6.0,1.0,54.0,,,2.0,,,,3.0,4.0,5.0,,,,,10.0,,1.0,,,3.0,,,5.0,,1.0,1.0,1.0,1.0,1.0,1.0,1.0,1.0,1.0,1.0,,,,,,,6.0,3.0,3.0,3.0,3.0,5.0,5.0,5.0,3.0,,,,,,,,,,,,1.0,1.0,1.0,1.0,2.0,1.0,1.0,2.0,1.0,1.0,1.0,1.0,1.0,1.0,1.0,1.0,1.0,1.0,1.0,1.0,1.0,1.0,1.0,1.0,1.0,2.0,1.0,2.0,1.0,1.0,1.0,1.0,1.0,1.0,1.0,1.0,1.0,1.0,1.0,1.0
44,5,5,5,4,4,5,5,5,1,2,,30.0,,2.0,,,,,,,6.0,,1.0,54.0,,,2.0,,,,,,,2.0,5.0,5.0,15.0,,1.0,,,,,,,,,,,,,,,,,,,,,,,,,,,,,,,,,,,,,,,,,,,,,,,,,,,,,,,,,,,,,,,,,,,,,,,,,,,,,,,,,,,,
1828,4,4,4,3,4,4,4,3,2,2,,30.0,,2.0,,,,,,,6.0,,1.0,54.0,,1.0,,,,,,,,3.0,4.0,5.0,15.0,,,1.0,,4.0,,,1.0,5.0,,,,,,,,,,,,1.0,1.0,1.0,1.0,1.0,1.0,6.0,3.0,3.0,3.0,3.0,5.0,6.0,6.0,3.0,2.0,70.0,65.0,65.0,50.0,60.0,65.0,60.0,50.0,40.0,40.0,1.0,2.0,1.0,2.0,1.0,1.0,1.0,1.0,1.0,1.0,1.0,2.0,1.0,1.0,1.0,1.0,1.0,1.0,1.0,1.0,1.0,2.0,2.0,1.0,1.0,1.0,1.0,1.0,2.0,1.0,1.0,1.0,1.0,2.0,1.0,1.0,2.0,1.0,2.0,2.0
819,5,4,5,3,4,5,5,4,2,2,70.0,,5.0,,5.0,4.0,2.0,,,,6.0,,,,1.0,,2.0,,,,,,,3.0,5.0,5.0,15.0,,,1.0,3.0,,,,1.0,,5.0,,,,,,,,,,,1.0,1.0,1.0,1.0,1.0,1.0,7.0,3.0,3.0,3.0,3.0,5.0,6.0,6.0,4.0,2.0,70.0,65.0,70.0,50.0,60.0,70.0,70.0,60.0,40.0,40.0,1.0,1.0,2.0,1.0,2.0,1.0,2.0,1.0,1.0,2.0,1.0,1.0,2.0,1.0,1.0,1.0,1.0,1.0,2.0,1.0,1.0,1.0,2.0,1.0,2.0,1.0,2.0,1.0,1.0,1.0,1.0,1.0,1.0,2.0,2.0,1.0,2.0,1.0,1.0,1.0
1990,5,5,5,5,5,5,5,5,1,1,,30.0,6.0,,5.0,4.0,2.0,,,,6.0,,,,1.0,1.0,,,,,2.0,5.0,5.0,,,,5.0,,1.0,,,,3.0,1.0,,5.0,,,,,,,,,,,,1.0,1.0,1.0,1.0,1.0,1.0,7.0,3.0,3.0,3.0,3.0,5.0,6.0,6.0,4.0,2.0,80.0,80.0,80.0,80.0,80.0,80.0,80.0,80.0,20.0,20.0,2.0,1.0,1.0,2.0,1.0,2.0,1.0,1.0,1.0,1.0,1.0,2.0,1.0,1.0,1.0,1.0,2.0,1.0,2.0,1.0,1.0,2.0,1.0,1.0,2.0,1.0,2.0,2.0,2.0,1.0,1.0,2.0,1.0,1.0,1.0,1.0,1.0,2.0,2.0,1.0
1277,5,5,5,4,4,5,5,5,2,3,,30.0,,2.0,,,,,,,6.0,,,,1.0,1.0,,,,,2.0,5.0,5.0,,,,,12.0,1.0,,,,,,,,,,,,,,,,,,,,,,,,,,,,,,,,,,,,,,,,,,,,,,,,,,,,,,,,,,,,,,,,,,,,,,,,,,,,,,,,,,,,
1304,4,4,4,2,3,4,4,3,2,2,,30.0,5.0,,,,,5.0,4.0,2.0,6.0,,,,1.0,1.0,,,,,,,,2.0,4.0,5.0,,15.0,1.0,,4.0,,,,1.0,,5.0,,,,,,,,,,,1.0,1.0,1.0,1.0,1.0,1.0,7.0,3.0,2.0,3.0,3.0,5.0,6.0,6.0,4.0,2.0,65.0,60.0,60.0,40.0,45.0,60.0,60.0,45.0,40.0,40.0,1.0,2.0,1.0,1.0,2.0,1.0,2.0,2.0,2.0,1.0,2.0,1.0,1.0,2.0,1.0,1.0,1.0,1.0,1.0,1.0,1.0,1.0,1.0,2.0,1.0,2.0,1.0,1.0,1.0,1.0,1.0,2.0,1.0,2.0,1.0,2.0,1.0,2.0,1.0,1.0
1091,2,3,3,2,3,4,4,2,1,1,,30.0,5.0,,5.0,4.0,2.0,,,,6.0,,,,1.0,1.0,,,,,2.0,4.0,5.0,,,,15.0,,1.0,,4.0,,,,1.0,,5.0,1.0,1.0,1.0,1.0,1.0,1.0,1.0,1.0,1.0,1.0,,,,,,,6.0,2.0,3.0,3.0,3.0,5.0,6.0,6.0,3.0,2.0,40.0,50.0,50.0,30.0,40.0,60.0,60.0,30.0,20.0,20.0,2.0,2.0,1.0,2.0,1.0,1.0,2.0,1.0,1.0,1.0,1.0,2.0,2.0,2.0,1.0,1.0,2.0,1.0,1.0,1.0,1.0,1.0,1.0,2.0,1.0,1.0,1.0,1.0,1.0,1.0,1.0,1.0,2.0,1.0,1.0,1.0,1.0,1.0,2.0,1.0
1518,1,2,1,1,2,2,2,1,5,5,,30.0,,2.0,5.0,4.0,2.0,,,,,6.0,,,1.0,1.0,,,,,2.0,4.0,5.0,,,,,15.0,,1.0,,,3.0,1.0,,5.0,,,,,,,,,,,,1.0,1.0,1.0,1.0,1.0,1.0,6.0,3.0,2.0,3.0,3.0,5.0,6.0,6.0,3.0,2.0,30.0,40.0,30.0,20.0,30.0,40.0,40.0,20.0,70.0,70.0,2.0,1.0,2.0,1.0,2.0,1.0,1.0,1.0,1.0,2.0,1.0,2.0,1.0,1.0,2.0,1.0,1.0,2.0,2.0,1.0,1.0,1.0,2.0,2.0,1.0,2.0,1.0,2.0,1.0,1.0,2.0,2.0,2.0,1.0,1.0,1.0,1.0,1.0,1.0,1.0
677,5,5,5,5,4,5,5,5,2,2,70.0,,5.0,,5.0,4.0,2.0,,,,6.0,,,,1.0,1.0,,,,,2.0,5.0,5.0,,,,,15.0,,1.0,,3.0,,,1.0,,5.0,1.0,1.0,1.0,1.0,1.0,1.0,1.0,1.0,1.0,1.0,,,,,,,7.0,3.0,3.0,3.0,3.0,5.0,6.0,6.0,4.0,2.0,75.0,70.0,75.0,70.0,65.0,75.0,70.0,70.0,40.0,40.0,1.0,1.0,1.0,2.0,2.0,2.0,1.0,1.0,2.0,1.0,2.0,2.0,1.0,2.0,1.0,2.0,1.0,2.0,1.0,2.0,1.0,1.0,1.0,2.0,1.0,1.0,1.0,1.0,1.0,1.0,1.0,1.0,1.0,1.0,1.0,2.0,1.0,1.0,1.0,1.0
704,4,4,4,2,3,4,4,3,2,2,,30.0,2.0,,5.0,4.0,2.0,,,,6.0,,1.0,54.0,,,2.0,3.0,4.0,5.0,,,,,,,15.0,,,1.0,4.0,,,,1.0,5.0,,1.0,1.0,1.0,1.0,1.0,1.0,1.0,1.0,1.0,1.0,,,,,,,6.0,3.0,3.0,3.0,3.0,5.0,6.0,6.0,4.0,2.0,65.0,60.0,60.0,40.0,45.0,60.0,60.0,45.0,35.0,35.0,1.0,2.0,1.0,2.0,2.0,2.0,1.0,1.0,2.0,2.0,1.0,1.0,2.0,1.0,1.0,2.0,1.0,2.0,2.0,1.0,2.0,1.0,1.0,1.0,1.0,1.0,1.0,1.0,1.0,1.0,1.0,2.0,1.0,1.0,1.0,1.0,1.0,1.0,1.0,1.0
491,5,5,5,5,5,5,5,5,2,2,70.0,,5.0,,,,,4.0,3.0,2.0,,6.0,,,1.0,1.0,,3.0,5.0,5.0,,,,,,,15.0,,,1.0,,3.0,,,1.0,5.0,,,,,,,,,,,,1.0,1.0,1.0,1.0,1.0,1.0,7.0,3.0,3.0,3.0,3.0,5.0,6.0,6.0,4.0,,,,,,,,,,,,1.0,1.0,2.0,2.0,2.0,1.0,2.0,1.0,1.0,1.0,1.0,2.0,2.0,2.0,1.0,2.0,2.0,1.0,2.0,2.0,2.0,1.0,1.0,2.0,1.0,2.0,1.0,1.0,2.0,1.0,2.0,1.0,1.0,2.0,1.0,1.0,1.0,1.0,1.0,1.0
118,2,3,3,2,3,3,3,2,4,2,70.0,,2.0,,5.0,4.0,3.0,,,,6.0,,,,1.0,1.0,,,,,2.0,4.0,5.0,,,,,15.0,,1.0,,,3.0,1.0,,5.0,,,,,,,,,,,,1.0,1.0,1.0,1.0,1.0,1.0,6.0,3.0,3.0,3.0,3.0,5.0,5.0,5.0,3.0,2.0,40.0,50.0,50.0,40.0,50.0,50.0,50.0,40.0,60.0,40.0,2.0,1.0,2.0,2.0,2.0,2.0,1.0,2.0,1.0,1.0,2.0,2.0,2.0,1.0,1.0,1.0,1.0,1.0,2.0,1.0,1.0,1.0,2.0,2.0,1.0,1.0,2.0,2.0,1.0,1.0,1.0,1.0,1.0,1.0,1.0,1.0,1.0,1.0,2.0,1.0
1951,3,4,4,2,3,4,4,2,2,2,70.0,,2.0,,5.0,4.0,2.0,,,,,6.0,,,1.0,1.0,,,,,,,,3.0,4.0,5.0,,12.0,1.0,,,,,,,,,,,,,,,,,,,,,,,,,,,,,,,,,,,,,,,,,,,,,2.0,2.0,1.0,2.0,1.0,2.0,1.0,1.0,2.0,1.0,1.0,1.0,1.0,1.0,1.0,1.0,2.0,1.0,1.0,1.0,2.0,1.0,2.0,2.0,1.0,2.0,1.0,2.0,1.0,1.0,2.0,1.0,1.0,1.0,1.0,1.0,2.0,1.0,2.0,2.0
1822,5,5,5,5,5,5,5,5,1,1,70.0,,5.0,,,,,5.0,4.0,2.0,,6.0,,,1.0,,2.0,,,,,,,3.0,5.0,5.0,,15.0,,1.0,,,4.0,,1.0,,5.0,,,,,,,,,,,1.0,1.0,1.0,1.0,1.0,1.0,7.0,3.0,3.0,3.0,3.0,5.0,6.0,6.0,,,,,,,,,,,,,,,,,,,,,,,,,,,,,,,,,,,,,,,,,,,,,,,,,,,,
1050,5,5,5,4,4,5,5,5,2,2,,30.0,,2.0,,,,,,,6.0,,,,1.0,1.0,,,,,2.0,5.0,5.0,,,,15.0,,1.0,,,,3.0,1.0,,5.0,,1.0,1.0,1.0,1.0,1.0,1.0,1.0,1.0,1.0,1.0,,,,,,,7.0,3.0,4.0,3.0,3.0,5.0,6.0,6.0,4.0,,,,,,,,,,,,1.0,2.0,1.0,1.0,2.0,1.0,2.0,1.0,1.0,2.0,1.0,1.0,2.0,1.0,1.0,1.0,2.0,1.0,1.0,1.0,2.0,1.0,1.0,2.0,1.0,1.0,2.0,1.0,1.0,2.0,1.0,2.0,1.0,1.0,1.0,1.0,1.0,2.0,2.0,1.0
1123,2,3,3,2,3,3,4,2,4,3,70.0,,5.0,,,,,,,,,6.0,1.0,54.0,,,2.0,,,,2.0,4.0,5.0,,,,,15.0,1.0,,,3.0,,,1.0,5.0,,,,,,,,,,,,1.0,1.0,1.0,1.0,1.0,1.0,7.0,3.0,3.0,3.0,3.0,5.0,6.0,6.0,4.0,2.0,55.0,50.0,50.0,40.0,50.0,50.0,60.0,40.0,60.0,50.0,2.0,1.0,1.0,2.0,1.0,1.0,2.0,2.0,1.0,1.0,2.0,1.0,1.0,1.0,2.0,1.0,2.0,2.0,1.0,1.0,1.0,1.0,2.0,2.0,1.0,2.0,1.0,1.0,1.0,1.0,1.0,2.0,2.0,1.0,1.0,1.0,1.0,1.0,1.0,1.0
450,5,5,5,5,5,5,5,5,2,2,,30.0,6.0,,,,,5.0,4.0,2.0,6.0,,,,1.0,1.0,,,,,,,,3.0,5.0,5.0,,15.0,1.0,,4.0,,,1.0,,,5.0,1.0,1.0,1.0,1.0,1.0,1.0,1.0,1.0,1.0,1.0,,,,,,,6.0,3.0,3.0,3.0,3.0,5.0,6.0,6.0,4.0,2.0,75.0,70.0,75.0,80.0,80.0,85.0,80.0,70.0,40.0,40.0,1.0,1.0,2.0,2.0,1.0,1.0,2.0,2.0,2.0,1.0,1.0,1.0,2.0,1.0,1.0,1.0,2.0,1.0,1.0,1.0,1.0,1.0,2.0,1.0,1.0,2.0,2.0,2.0,1.0,1.0,1.0,1.0,2.0,2.0,1.0,1.0,1.0,1.0,1.0,2.0
523,5,5,5,4,4,5,5,5,2,3,,30.0,5.0,,5.0,4.0,2.0,,,,6.0,,1.0,54.0,,1.0,,,,,3.0,5.0,5.0,,,,15.0,,1.0,,,,3.0,,1.0,5.0,,,,,,,,,,,,1.0,1.0,1.0,1.0,1.0,1.0,7.0,3.0,3.0,3.0,5.0,6.0,6.0,6.0,4.0,2.0,80.0,75.0,80.0,65.0,65.0,80.0,80.0,75.0,40.0,50.0,1.0,1.0,1.0,1.0,1.0,1.0,1.0,1.0,1.0,1.0,2.0,1.0,1.0,1.0,1.0,1.0,1.0,1.0,1.0,1.0,1.0,1.0,1.0,1.0,1.0,1.0,1.0,1.0,2.0,2.0,1.0,1.0,1.0,1.0,1.0,2.0,1.0,1.0,2.0,1.0
1924,5,5,5,5,5,5,5,5,1,1,70.0,,5.0,,,,,5.0,4.0,2.0,,6.0,,,1.0,,2.0,,,,,,,2.0,5.0,5.0,15.0,,1.0,,,,2.0,,1.0,,5.0,1.0,1.0,1.0,1.0,1.0,1.0,1.0,1.0,1.0,1.0,,,,,,,6.0,3.0,2.0,2.0,3.0,5.0,6.0,6.0,4.0,,,,,,,,,,,,1.0,2.0,1.0,2.0,2.0,2.0,1.0,1.0,2.0,2.0,1.0,2.0,2.0,1.0,1.0,1.0,1.0,2.0,2.0,2.0,2.0,1.0,2.0,1.0,1.0,2.0,1.0,1.0,1.0,1.0,1.0,1.0,1.0,1.0,1.0,2.0,1.0,2.0,1.0,1.0
1857,2,3,3,1,2,2,3,1,1,2,70.0,,2.0,,,,,5.0,4.0,2.0,,6.0,1.0,54.0,,1.0,,2.0,4.0,5.0,,,,,,,,15.0,,1.0,,3.0,,,1.0,5.0,,1.0,1.0,1.0,1.0,1.0,1.0,1.0,1.0,1.0,1.0,,,,,,,6.0,3.0,3.0,3.0,3.0,5.0,6.0,6.0,4.0,2.0,40.0,50.0,50.0,30.0,40.0,40.0,50.0,30.0,30.0,40.0,1.0,1.0,1.0,1.0,2.0,1.0,1.0,2.0,1.0,2.0,1.0,2.0,1.0,1.0,2.0,2.0,1.0,1.0,1.0,2.0,1.0,1.0,1.0,2.0,1.0,1.0,1.0,1.0,1.0,1.0,2.0,1.0,1.0,1.0,1.0,1.0,1.0,1.0,1.0,1.0
1639,2,3,3,1,2,3,3,1,1,1,,30.0,,2.0,,,,,,,,6.0,,,1.0,1.0,,,,,,,,2.0,4.0,5.0,10.0,,1.0,,,3.0,,1.0,,,5.0,,,,,,,,,,,1.0,1.0,1.0,1.0,1.0,1.0,6.0,3.0,3.0,3.0,3.0,5.0,5.0,5.0,3.0,,,,,,,,,,,,,,,,,,,,,,,,,,,,,,,,,,,,,,,,,,,,,,,,,,,
1025,5,5,5,5,4,5,5,5,2,2,,30.0,,2.0,,,,,,,6.0,,,,1.0,,2.0,,,,2.0,5.0,5.0,,,,,15.0,,1.0,,4.0,,,1.0,5.0,,1.0,1.0,1.0,1.0,1.0,1.0,1.0,1.0,1.0,1.0,,,,,,,7.0,3.0,3.0,3.0,3.0,5.0,6.0,6.0,3.0,,,,,,,,,,,,2.0,1.0,1.0,1.0,2.0,2.0,2.0,1.0,1.0,1.0,1.0,1.0,2.0,1.0,1.0,1.0,1.0,2.0,1.0,1.0,1.0,2.0,1.0,1.0,1.0,1.0,2.0,1.0,1.0,1.0,1.0,1.0,2.0,1.0,1.0,1.0,1.0,2.0,2.0,1.0
1156,5,5,5,4,4,5,5,5,2,2,30.0,,,,5.0,4.0,3.0,,,,6.0,,1.0,54.0,,,2.0,,,,,,,3.0,5.0,5.0,,15.0,,1.0,,4.0,,,1.0,5.0,,,,,,,,,,,,1.0,1.0,1.0,1.0,1.0,1.0,6.0,3.0,3.0,3.0,3.0,5.0,6.0,6.0,4.0,,,,,,,,,,,,1.0,1.0,2.0,1.0,1.0,1.0,1.0,2.0,1.0,1.0,1.0,1.0,1.0,1.0,2.0,1.0,1.0,1.0,1.0,1.0,1.0,1.0,1.0,1.0,1.0,1.0,1.0,2.0,1.0,1.0,1.0,1.0,1.0,1.0,1.0,1.0,1.0,1.0,1.0,1.0
239,3,4,4,2,3,3,4,2,2,3,70.0,,5.0,,,,,,,,,6.0,1.0,54.0,,,2.0,,,,,,,2.0,4.0,5.0,15.0,,,1.0,,,2.0,,1.0,,5.0,,,,,,,,,,,1.0,1.0,1.0,1.0,1.0,1.0,6.0,2.0,3.0,3.0,3.0,5.0,6.0,6.0,4.0,2.0,50.0,60.0,60.0,40.0,50.0,50.0,60.0,40.0,40.0,50.0,2.0,2.0,1.0,2.0,2.0,1.0,1.0,1.0,1.0,1.0,2.0,1.0,1.0,2.0,1.0,2.0,2.0,1.0,1.0,1.0,1.0,1.0,1.0,1.0,1.0,1.0,1.0,1.0,2.0,1.0,1.0,1.0,1.0,1.0,1.0,1.0,1.0,1.0,2.0,1.0
425,2,3,3,2,3,3,3,2,4,3,70.0,,,2.0,,,,,,,,6.0,,,1.0,1.0,,3.0,4.0,5.0,,,,,,,,15.0,,1.0,4.0,,,,1.0,5.0,,,,,,,,,,,,1.0,1.0,1.0,1.0,1.0,1.0,6.0,3.0,3.0,3.0,3.0,5.0,6.0,6.0,4.0,2.0,40.0,50.0,50.0,40.0,50.0,50.0,50.0,40.0,60.0,50.0,1.0,1.0,2.0,1.0,2.0,2.0,1.0,1.0,1.0,1.0,2.0,1.0,2.0,1.0,1.0,1.0,1.0,1.0,1.0,1.0,2.0,1.0,2.0,1.0,1.0,1.0,2.0,2.0,1.0,1.0,1.0,1.0,1.0,1.0,1.0,1.0,1.0,1.0,2.0,1.0
556,4,4,4,2,3,4,4,3,2,2,,30.0,,2.0,5.0,4.0,3.0,,,,6.0,,1.0,54.0,,1.0,,,,,3.0,4.0,5.0,,,,,10.0,,1.0,,,3.0,,1.0,,5.0,1.0,1.0,1.0,1.0,1.0,1.0,1.0,1.0,1.0,1.0,,,,,,,6.0,3.0,3.0,3.0,3.0,5.0,6.0,6.0,3.0,2.0,60.0,60.0,60.0,40.0,50.0,60.0,60.0,50.0,40.0,40.0,1.0,2.0,1.0,1.0,1.0,2.0,1.0,2.0,2.0,1.0,1.0,1.0,1.0,2.0,2.0,1.0,1.0,2.0,2.0,1.0,1.0,1.0,1.0,1.0,1.0,1.0,1.0,1.0,2.0,1.0,1.0,2.0,2.0,1.0,2.0,2.0,1.0,2.0,1.0,1.0
1896,2,4,4,2,3,4,4,2,1,1,,30.0,2.0,,,,,5.0,4.0,2.0,,6.0,1.0,54.0,,,2.0,,,,3.0,4.0,5.0,,,,15.0,,,1.0,,3.0,,1.0,,5.0,,1.0,1.0,1.0,1.0,1.0,1.0,1.0,1.0,1.0,1.0,,,,,,,7.0,3.0,4.0,3.0,3.0,5.0,6.0,5.0,3.0,,,,,,,,,,,,1.0,1.0,1.0,1.0,1.0,1.0,1.0,1.0,1.0,1.0,1.0,1.0,1.0,1.0,1.0,1.0,1.0,1.0,1.0,1.0,1.0,1.0,1.0,1.0,1.0,1.0,1.0,1.0,1.0,1.0,1.0,1.0,1.0,1.0,1.0,1.0,1.0,1.0,1.0,1.0
1197,2,3,3,2,3,2,3,2,4,3,70.0,,,2.0,,,,,,,6.0,,1.0,54.0,,1.0,,,,,,,,3.0,4.0,5.0,15.0,,1.0,,,,3.0,1.0,,4.0,,1.0,1.0,1.0,1.0,1.0,1.0,1.0,1.0,1.0,1.0,,,,,,,6.0,3.0,3.0,3.0,3.0,5.0,6.0,6.0,3.0,,,,,,,,,,,,1.0,1.0,2.0,1.0,1.0,1.0,2.0,2.0,1.0,2.0,1.0,1.0,2.0,1.0,2.0,2.0,1.0,1.0,1.0,1.0,1.0,2.0,1.0,1.0,1.0,1.0,1.0,2.0,2.0,1.0,1.0,1.0,1.0,1.0,1.0,2.0,1.0,1.0,1.0,2.0
1202,2,3,3,1,2,2,3,2,1,1,70.0,,,2.0,,,,5.0,4.0,2.0,,6.0,,,1.0,1.0,,,,,,,,2.0,4.0,5.0,,10.0,,1.0,,3.0,,,1.0,,5.0,,,,,,,,,,,1.0,1.0,1.0,1.0,1.0,1.0,6.0,3.0,3.0,3.0,3.0,5.0,6.0,6.0,3.0,2.0,40.0,50.0,50.0,20.0,30.0,30.0,50.0,40.0,20.0,20.0,2.0,1.0,2.0,1.0,2.0,1.0,1.0,2.0,1.0,1.0,2.0,1.0,2.0,1.0,1.0,1.0,1.0,2.0,1.0,1.0,2.0,2.0,1.0,1.0,1.0,1.0,1.0,1.0,2.0,1.0,1.0,1.0,1.0,1.0,1.0,1.0,1.0,1.0,1.0,1.0
1371,5,5,5,5,5,5,5,5,1,2,70.0,,5.0,,,,,5.0,4.0,2.0,6.0,,,,1.0,1.0,,3.0,5.0,5.0,,,,,,,,10.0,,1.0,,3.0,,1.0,,5.0,,1.0,1.0,1.0,1.0,1.0,1.0,1.0,1.0,1.0,1.0,,,,,,,6.0,3.0,3.0,3.0,3.0,5.0,6.0,6.0,4.0,2.0,80.0,80.0,80.0,80.0,80.0,80.0,80.0,80.0,20.0,30.0,1.0,1.0,1.0,2.0,2.0,1.0,1.0,1.0,1.0,1.0,1.0,1.0,1.0,1.0,1.0,1.0,1.0,1.0,1.0,1.0,1.0,1.0,1.0,1.0,1.0,1.0,1.0,1.0,1.0,1.0,1.0,1.0,1.0,1.0,1.0,1.0,1.0,1.0,1.0,1.0
597,5,5,5,5,5,5,5,5,1,1,,30.0,5.0,,,,,,,,,6.0,1.0,54.0,,1.0,,2.0,5.0,5.0,,,,,,,,15.0,1.0,,,,3.0,1.0,,,5.0,,,,,,,,,,,1.0,1.0,1.0,1.0,1.0,1.0,6.0,3.0,2.0,3.0,3.0,5.0,6.0,6.0,4.0,2.0,75.0,75.0,75.0,75.0,75.0,75.0,75.0,75.0,25.0,25.0,2.0,1.0,2.0,2.0,2.0,1.0,1.0,1.0,1.0,1.0,1.0,2.0,1.0,2.0,2.0,1.0,2.0,2.0,2.0,2.0,1.0,2.0,1.0,2.0,2.0,2.0,2.0,2.0,1.0,2.0,1.0,1.0,2.0,2.0,2.0,1.0,2.0,2.0,2.0,1.0
602,5,5,5,4,4,5,5,4,2,2,,30.0,5.0,,,,,,,,,6.0,,,1.0,1.0,,,,,3.0,5.0,5.0,,,,5.0,,1.0,,,,3.0,,1.0,5.0,,1.0,1.0,1.0,1.0,1.0,1.0,1.0,1.0,1.0,1.0,,,,,,,6.0,3.0,3.0,3.0,3.0,5.0,6.0,6.0,3.0,2.0,,,,,,,,,,,1.0,1.0,2.0,1.0,1.0,2.0,1.0,1.0,1.0,1.0,2.0,1.0,1.0,2.0,1.0,2.0,1.0,2.0,1.0,1.0,2.0,2.0,1.0,1.0,1.0,2.0,2.0,2.0,1.0,1.0,1.0,2.0,1.0,1.0,1.0,1.0,2.0,1.0,1.0,1.0
771,5,5,5,5,5,5,5,5,2,2,70.0,,,2.0,,,,,,,,6.0,1.0,54.0,,1.0,,2.0,5.0,5.0,,,,,,,,15.0,1.0,,4.0,,,,1.0,,5.0,,,,,,,,,,,1.0,1.0,1.0,1.0,1.0,1.0,7.0,3.0,3.0,3.0,3.0,5.0,6.0,6.0,4.0,2.0,75.0,75.0,80.0,70.0,70.0,75.0,75.0,70.0,40.0,40.0,2.0,1.0,1.0,1.0,1.0,2.0,2.0,2.0,2.0,1.0,1.0,2.0,1.0,1.0,2.0,2.0,1.0,1.0,1.0,2.0,2.0,2.0,2.0,2.0,1.0,1.0,1.0,1.0,2.0,1.0,2.0,2.0,1.0,1.0,1.0,1.0,2.0,2.0,1.0,2.0
1915,5,5,5,5,5,5,5,5,2,2,70.0,,6.0,,5.0,4.0,2.0,,,,,6.0,1.0,54.0,,,2.0,,,,2.0,5.0,5.0,,,,15.0,,1.0,,,,3.0,,1.0,,5.0,,,,,,,,,,,1.0,1.0,1.0,1.0,1.0,1.0,7.0,3.0,3.0,3.0,3.0,5.0,6.0,6.0,4.0,2.0,75.0,75.0,80.0,80.0,75.0,80.0,80.0,75.0,40.0,40.0,2.0,1.0,2.0,1.0,1.0,2.0,2.0,1.0,1.0,1.0,1.0,1.0,1.0,1.0,2.0,1.0,1.0,2.0,1.0,1.0,2.0,1.0,2.0,1.0,1.0,1.0,1.0,1.0,1.0,1.0,1.0,1.0,2.0,2.0,1.0,1.0,1.0,1.0,1.0,1.0
1866,2,3,3,2,3,4,4,2,2,2,,30.0,,2.0,,,,,,,6.0,,,,1.0,,2.0,3.0,4.0,5.0,,,,,,,15.0,,1.0,,,3.0,,,1.0,5.0,,,,,,,,,,,,1.0,1.0,1.0,1.0,1.0,1.0,6.0,3.0,3.0,3.0,3.0,5.0,6.0,6.0,3.0,2.0,40.0,50.0,50.0,40.0,50.0,60.0,60.0,40.0,40.0,40.0,1.0,2.0,1.0,1.0,1.0,2.0,1.0,1.0,2.0,1.0,1.0,1.0,1.0,1.0,1.0,1.0,1.0,1.0,1.0,1.0,1.0,1.0,1.0,1.0,2.0,1.0,1.0,1.0,1.0,1.0,2.0,1.0,1.0,1.0,2.0,1.0,1.0,2.0,1.0,1.0
781,5,5,5,5,5,5,5,5,2,2,,30.0,5.0,,4.0,5.0,2.0,,,,6.0,,1.0,54.0,,1.0,,3.0,5.0,5.0,,,,,,,,10.0,1.0,,4.0,,,1.0,,,5.0,,,,,,,,,,,1.0,1.0,1.0,1.0,1.0,1.0,7.0,3.0,3.0,3.0,3.0,5.0,6.0,6.0,4.0,2.0,75.0,70.0,80.0,85.0,80.0,85.0,80.0,75.0,40.0,40.0,1.0,1.0,1.0,1.0,1.0,1.0,1.0,1.0,1.0,1.0,1.0,1.0,1.0,1.0,1.0,1.0,1.0,1.0,1.0,1.0,1.0,1.0,1.0,1.0,1.0,1.0,1.0,1.0,1.0,1.0,1.0,1.0,1.0,1.0,1.0,1.0,1.0,1.0,1.0,1.0
208,2,3,3,1,2,3,3,2,1,1,70.0,,2.0,,,,,,,,6.0,,,,1.0,,2.0,,,,2.0,4.0,5.0,,,,15.0,,,1.0,,4.0,,,1.0,,5.0,1.0,1.0,1.0,1.0,1.0,1.0,1.0,1.0,1.0,1.0,,,,,,,6.0,3.0,3.0,3.0,3.0,5.0,6.0,6.0,4.0,2.0,40.0,50.0,50.0,30.0,40.0,50.0,50.0,40.0,30.0,30.0,2.0,2.0,1.0,2.0,1.0,2.0,1.0,1.0,1.0,2.0,1.0,1.0,1.0,1.0,1.0,1.0,1.0,1.0,1.0,1.0,1.0,1.0,1.0,1.0,1.0,1.0,2.0,1.0,1.0,1.0,1.0,1.0,2.0,1.0,2.0,2.0,2.0,1.0,2.0,1.0
414,2,3,3,1,2,2,3,1,1,1,70.0,,,2.0,,,,,,,6.0,,,,1.0,,2.0,2.0,4.0,5.0,,,,,,,15.0,,1.0,,,,3.0,1.0,,,5.0,1.0,1.0,1.0,1.0,1.0,1.0,1.0,1.0,1.0,1.0,,,,,,,6.0,3.0,2.0,3.0,3.0,5.0,6.0,5.0,3.0,,,,,,,,,,,,2.0,1.0,2.0,1.0,1.0,2.0,1.0,2.0,1.0,2.0,1.0,1.0,2.0,1.0,1.0,2.0,1.0,1.0,2.0,2.0,1.0,1.0,1.0,1.0,1.0,1.0,1.0,2.0,1.0,1.0,1.0,1.0,1.0,2.0,1.0,2.0,1.0,1.0,1.0,1.0
567,5,5,5,5,5,5,5,5,2,2,70.0,,,,5.0,4.0,2.0,,,,,6.0,,,1.0,,2.0,,,,2.0,5.0,5.0,,,,,15.0,,1.0,,,3.0,1.0,,5.0,,,,,,,,,,,,1.0,1.0,1.0,1.0,1.0,1.0,7.0,3.0,3.0,3.0,3.0,5.0,6.0,6.0,4.0,2.0,75.0,75.0,80.0,80.0,80.0,80.0,80.0,75.0,40.0,40.0,1.0,2.0,2.0,1.0,2.0,1.0,2.0,1.0,2.0,1.0,1.0,1.0,1.0,2.0,2.0,2.0,2.0,2.0,1.0,1.0,1.0,2.0,1.0,2.0,1.0,2.0,1.0,2.0,1.0,1.0,1.0,1.0,1.0,2.0,1.0,1.0,1.0,2.0,2.0,1.0
1381,1,2,2,1,2,2,2,1,1,1,70.0,,5.0,,5.0,4.0,2.0,,,,6.0,,1.0,54.0,,,2.0,,,,,,,2.0,2.0,2.0,15.0,,1.0,,,2.0,,,1.0,5.0,,,,,,,,,,,,1.0,1.0,1.0,1.0,1.0,1.0,6.0,2.0,2.0,2.0,3.0,5.0,6.0,6.0,3.0,2.0,20.0,30.0,30.0,15.0,25.0,25.0,25.0,15.0,15.0,15.0,2.0,2.0,1.0,1.0,2.0,1.0,2.0,1.0,1.0,1.0,1.0,1.0,2.0,1.0,1.0,2.0,1.0,2.0,1.0,1.0,2.0,1.0,1.0,1.0,2.0,2.0,2.0,1.0,1.0,1.0,2.0,2.0,1.0,2.0,1.0,2.0,1.0,1.0,1.0,1.0
1608,5,5,5,5,5,5,5,5,2,3,70.0,,,2.0,,,,,,,,6.0,,,1.0,,2.0,,,,2.0,5.0,5.0,,,,15.0,,,1.0,,,3.0,,1.0,5.0,,1.0,1.0,1.0,1.0,1.0,1.0,1.0,1.0,1.0,1.0,,,,,,,6.0,3.0,3.0,3.0,3.0,5.0,6.0,6.0,4.0,,,,,,,,,,,,1.0,1.0,1.0,1.0,1.0,2.0,1.0,1.0,2.0,1.0,1.0,1.0,2.0,2.0,1.0,1.0,1.0,2.0,1.0,1.0,1.0,1.0,1.0,2.0,1.0,1.0,1.0,1.0,2.0,1.0,1.0,1.0,1.0,1.0,1.0,1.0,1.0,2.0,1.0,1.0
1014,5,5,5,4,4,5,5,5,2,2,70.0,,5.0,,5.0,4.0,2.0,,,,6.0,,1.0,54.0,,1.0,,3.0,5.0,5.0,,,,,,,15.0,,,1.0,,,3.0,,1.0,5.0,,,,,,,,,,,,1.0,1.0,1.0,1.0,1.0,1.0,6.0,3.0,3.0,3.0,3.0,5.0,6.0,6.0,4.0,2.0,75.0,75.0,80.0,65.0,65.0,75.0,75.0,70.0,40.0,40.0,1.0,1.0,2.0,1.0,2.0,1.0,1.0,2.0,1.0,1.0,1.0,1.0,1.0,2.0,2.0,1.0,1.0,1.0,1.0,1.0,1.0,1.0,1.0,1.0,1.0,1.0,1.0,2.0,1.0,1.0,1.0,1.0,2.0,1.0,2.0,1.0,1.0,1.0,1.0,2.0
1167,5,5,5,4,4,5,5,4,2,2,70.0,,5.0,,5.0,4.0,2.0,,,,,6.0,1.0,54.0,,1.0,,,,,,,,2.0,5.0,5.0,15.0,,1.0,,,3.0,,,1.0,5.0,,1.0,1.0,1.0,1.0,1.0,1.0,1.0,1.0,1.0,1.0,,,,,,,6.0,3.0,3.0,3.0,3.0,5.0,6.0,6.0,3.0,,,,,,,,,,,,1.0,1.0,2.0,2.0,1.0,1.0,2.0,1.0,2.0,2.0,1.0,1.0,2.0,1.0,1.0,1.0,1.0,2.0,2.0,1.0,1.0,1.0,2.0,1.0,1.0,1.0,2.0,1.0,1.0,1.0,2.0,1.0,1.0,1.0,2.0,1.0,2.0,1.0,2.0,2.0
633,4,4,4,3,3,4,4,3,2,2,70.0,,5.0,,,,,5.0,4.0,2.0,,6.0,1.0,54.0,,1.0,,2.0,4.0,5.0,,,,,,,,12.0,,1.0,4.0,,,,1.0,,5.0,,,,,,,,,,,1.0,1.0,1.0,1.0,1.0,1.0,6.0,3.0,3.0,3.0,3.0,5.0,6.0,6.0,4.0,2.0,65.0,60.0,60.0,50.0,50.0,60.0,60.0,50.0,40.0,40.0,2.0,1.0,1.0,1.0,2.0,2.0,1.0,1.0,1.0,1.0,1.0,2.0,1.0,1.0,1.0,2.0,1.0,1.0,2.0,1.0,1.0,1.0,1.0,1.0,1.0,1.0,1.0,1.0,1.0,1.0,1.0,2.0,1.0,2.0,1.0,1.0,1.0,1.0,1.0,1.0
740,5,5,5,4,4,5,5,4,2,2,70.0,,5.0,,,,,5.0,4.0,2.0,,6.0,1.0,54.0,,1.0,,,,,,,,3.0,5.0,5.0,,12.0,,1.0,,3.0,,1.0,,5.0,,1.0,1.0,1.0,1.0,1.0,1.0,1.0,1.0,1.0,1.0,,,,,,,6.0,3.0,3.0,3.0,3.0,5.0,6.0,6.0,4.0,2.0,75.0,70.0,75.0,60.0,60.0,75.0,75.0,60.0,40.0,40.0,1.0,1.0,1.0,2.0,1.0,1.0,2.0,1.0,2.0,1.0,1.0,1.0,2.0,1.0,1.0,1.0,1.0,1.0,1.0,1.0,1.0,1.0,1.0,1.0,1.0,1.0,1.0,1.0,1.0,1.0,1.0,1.0,1.0,2.0,2.0,1.0,1.0,1.0,1.0,2.0
1233,3,3,3,2,3,4,4,2,2,2,,30.0,5.0,,5.0,4.0,2.0,,,,6.0,,1.0,54.0,,1.0,,,,,2.0,4.0,5.0,,,,,15.0,1.0,,,3.0,,1.0,,5.0,,,,,,,,,,,,1.0,1.0,1.0,1.0,1.0,1.0,6.0,3.0,3.0,3.0,3.0,5.0,6.0,6.0,3.0,2.0,50.0,50.0,50.0,40.0,50.0,60.0,60.0,40.0,40.0,40.0,2.0,2.0,1.0,2.0,1.0,2.0,1.0,1.0,1.0,2.0,1.0,1.0,2.0,1.0,2.0,2.0,1.0,1.0,1.0,1.0,,,,,,,,,,,,,,,,,,,,
1340,5,5,5,4,4,5,5,4,1,2,,30.0,5.0,,4.0,3.0,2.0,,,,6.0,,1.0,54.0,,1.0,,,,,,,,2.0,5.0,5.0,15.0,,,1.0,4.0,,,,1.0,,5.0,,,,,,,,,,,1.0,1.0,1.0,1.0,1.0,1.0,7.0,3.0,3.0,3.0,3.0,5.0,6.0,6.0,4.0,2.0,75.0,70.0,80.0,65.0,65.0,75.0,70.0,60.0,30.0,40.0,1.0,1.0,2.0,1.0,1.0,1.0,1.0,2.0,1.0,1.0,1.0,2.0,1.0,1.0,1.0,1.0,1.0,1.0,1.0,1.0,1.0,1.0,1.0,1.0,1.0,1.0,1.0,1.0,1.0,1.0,2.0,1.0,1.0,1.0,1.0,1.0,1.0,1.0,1.0,1.0
828,4,4,4,2,3,4,4,3,2,2,,30.0,5.0,,5.0,4.0,2.0,,,,6.0,,1.0,54.0,,,2.0,,,,,,,3.0,4.0,5.0,,10.0,,1.0,4.0,,,1.0,,,5.0,1.0,1.0,1.0,1.0,1.0,1.0,1.0,1.0,1.0,1.0,,,,,,,6.0,3.0,3.0,3.0,4.0,5.0,6.0,6.0,4.0,,,,,,,,,,,,2.0,2.0,1.0,1.0,2.0,2.0,1.0,2.0,1.0,2.0,2.0,1.0,2.0,2.0,1.0,2.0,1.0,1.0,1.0,2.0,2.0,1.0,1.0,2.0,2.0,1.0,1.0,2.0,1.0,2.0,1.0,1.0,1.0,2.0,2.0,2.0,1.0,1.0,1.0,1.0
646,5,5,5,4,4,5,5,4,2,2,70.0,,,1.0,,,,,,,6.0,,,,1.0,1.0,,3.0,5.0,5.0,,,,,,,15.0,,,1.0,,3.0,,,1.0,5.0,,1.0,1.0,1.0,1.0,1.0,1.0,1.0,1.0,1.0,1.0,,,,,,,6.0,3.0,3.0,3.0,3.0,5.0,6.0,6.0,4.0,2.0,70.0,70.0,70.0,60.0,60.0,70.0,70.0,60.0,40.0,40.0,1.0,2.0,2.0,1.0,1.0,2.0,2.0,1.0,1.0,1.0,2.0,2.0,1.0,1.0,1.0,2.0,2.0,1.0,2.0,2.0,1.0,1.0,1.0,2.0,1.0,2.0,1.0,1.0,2.0,1.0,1.0,1.0,1.0,1.0,1.0,1.0,2.0,1.0,2.0,1.0
735,5,5,5,5,5,5,5,5,1,1,70.0,,5.0,,,,,5.0,4.0,2.0,6.0,,,,1.0,,2.0,,,,2.0,5.0,6.0,,,,,15.0,,1.0,,,3.0,,1.0,,5.0,1.0,1.0,1.0,1.0,1.0,1.0,1.0,1.0,1.0,1.0,,,,,,,7.0,3.0,3.0,3.0,3.0,5.0,6.0,6.0,4.0,2.0,80.0,80.0,85.0,85.0,80.0,85.0,80.0,75.0,30.0,30.0,2.0,1.0,1.0,1.0,1.0,1.0,2.0,2.0,2.0,1.0,2.0,1.0,1.0,1.0,1.0,1.0,1.0,1.0,1.0,2.0,2.0,2.0,1.0,1.0,1.0,1.0,1.0,1.0,1.0,2.0,2.0,1.0,1.0,1.0,1.0,2.0,2.0,1.0,1.0,1.0
129,5,5,5,5,5,5,5,5,1,1,,30.0,6.0,,,,,,,,,6.0,1.0,54.0,,,2.0,,,,2.0,5.0,5.0,,,,,10.0,1.0,,,,3.0,1.0,,,5.0,,,,,,,,,,,1.0,1.0,1.0,1.0,1.0,1.0,7.0,3.0,2.0,3.0,3.0,5.0,6.0,6.0,4.0,2.0,70.0,70.0,75.0,70.0,70.0,75.0,70.0,65.0,30.0,30.0,1.0,1.0,1.0,1.0,2.0,2.0,1.0,1.0,2.0,1.0,1.0,1.0,2.0,2.0,2.0,1.0,2.0,1.0,2.0,2.0,1.0,1.0,2.0,2.0,2.0,1.0,1.0,2.0,2.0,1.0,2.0,2.0,1.0,1.0,2.0,2.0,2.0,1.0,1.0,2.0
1246,5,5,5,5,5,5,5,5,2,2,30.0,,5.0,,,,,5.0,4.0,2.0,6.0,,,,1.0,1.0,,,,,3.0,5.0,5.0,,,,15.0,,1.0,,,,3.0,,,,,,,,,,,,,,,,,,,,,,,,,,,,,,2.0,70.0,70.0,75.0,75.0,75.0,75.0,75.0,70.0,40.0,40.0,2.0,1.0,1.0,1.0,1.0,1.0,2.0,1.0,2.0,1.0,1.0,1.0,1.0,1.0,2.0,1.0,1.0,1.0,1.0,1.0,1.0,1.0,1.0,1.0,1.0,1.0,1.0,1.0,1.0,1.0,1.0,1.0,2.0,2.0,1.0,1.0,1.0,1.0,1.0,1.0
1335,5,5,5,4,4,5,5,4,2,2,,30.0,,2.0,,,,,,,,6.0,,,1.0,1.0,,,,,2.0,5.0,5.0,,,,15.0,,,1.0,,4.0,,1.0,,,5.0,,,,,,,,,,,1.0,1.0,1.0,1.0,1.0,1.0,7.0,3.0,4.0,3.0,3.0,5.0,6.0,5.0,3.0,2.0,70.0,70.0,70.0,60.0,60.0,70.0,70.0,60.0,40.0,40.0,1.0,1.0,2.0,1.0,1.0,2.0,2.0,1.0,1.0,1.0,1.0,1.0,1.0,1.0,1.0,1.0,1.0,1.0,1.0,1.0,1.0,1.0,1.0,1.0,1.0,1.0,1.0,1.0,1.0,1.0,1.0,1.0,1.0,2.0,1.0,1.0,1.0,1.0,1.0,1.0
1529,4,4,5,3,3,5,4,3,2,2,,30.0,5.0,,5.0,4.0,2.0,,,,6.0,,,,1.0,1.0,,,,,,,,3.0,4.0,5.0,,15.0,,1.0,4.0,,,1.0,,5.0,,,,,,,,,,,,1.0,1.0,1.0,1.0,1.0,1.0,6.0,3.0,2.0,3.0,3.0,5.0,6.0,5.0,3.0,2.0,65.0,60.0,70.0,50.0,50.0,70.0,60.0,50.0,40.0,40.0,1.0,1.0,2.0,1.0,1.0,1.0,1.0,2.0,1.0,1.0,2.0,1.0,1.0,1.0,1.0,1.0,2.0,1.0,1.0,2.0,2.0,2.0,1.0,1.0,1.0,1.0,1.0,2.0,2.0,1.0,2.0,1.0,1.0,2.0,1.0,1.0,1.0,1.0,1.0,1.0
1960,5,5,5,5,5,5,5,5,2,2,,30.0,5.0,,,,,5.0,4.0,2.0,6.0,,1.0,54.0,,,2.0,,,,2.0,5.0,5.0,,,,15.0,,1.0,,,,3.0,1.0,,,5.0,1.0,1.0,1.0,1.0,1.0,1.0,1.0,1.0,1.0,1.0,,,,,,,6.0,3.0,3.0,3.0,3.0,5.0,6.0,6.0,4.0,2.0,70.0,70.0,70.0,70.0,70.0,70.0,70.0,70.0,40.0,40.0,2.0,1.0,1.0,2.0,2.0,1.0,1.0,2.0,2.0,1.0,1.0,2.0,2.0,1.0,1.0,2.0,2.0,1.0,2.0,1.0,1.0,1.0,2.0,1.0,1.0,1.0,1.0,1.0,1.0,1.0,1.0,1.0,2.0,1.0,1.0,1.0,1.0,1.0,1.0,1.0
1813,5,5,5,5,5,5,5,5,1,1,70.0,,,2.0,,,,,,,6.0,,,,1.0,1.0,,2.0,5.0,5.0,,,,,,,15.0,,,1.0,,4.0,,1.0,,5.0,,,,,,,,,,,,1.0,1.0,1.0,1.0,1.0,1.0,7.0,3.0,3.0,3.0,3.0,5.0,6.0,6.0,4.0,,,,,,,,,,,,2.0,1.0,1.0,1.0,1.0,2.0,2.0,1.0,2.0,1.0,1.0,1.0,2.0,1.0,2.0,1.0,1.0,1.0,1.0,1.0,2.0,1.0,1.0,2.0,1.0,1.0,2.0,1.0,1.0,1.0,1.0,2.0,1.0,2.0,1.0,1.0,1.0,1.0,1.0,1.0
461,5,5,5,5,5,5,5,5,1,1,70.0,,,2.0,,,,,,,,6.0,1.0,54.0,,,2.0,3.0,5.0,5.0,,,,,,,,15.0,1.0,,,,4.0,1.0,,5.0,,,,,,,,,,,,1.0,1.0,1.0,1.0,1.0,1.0,7.0,3.0,2.0,3.0,3.0,5.0,6.0,6.0,4.0,2.0,80.0,80.0,80.0,80.0,80.0,80.0,80.0,80.0,20.0,20.0,1.0,2.0,2.0,1.0,1.0,2.0,2.0,1.0,2.0,1.0,1.0,1.0,1.0,2.0,1.0,1.0,1.0,2.0,2.0,1.0,1.0,1.0,1.0,2.0,1.0,2.0,1.0,1.0,1.0,1.0,1.0,2.0,1.0,1.0,1.0,1.0,2.0,1.0,1.0,1.0
512,5,5,5,2,3,4,5,4,2,3,,30.0,2.0,,5.0,4.0,2.0,,,,,6.0,1.0,54.0,,1.0,,,,,,,,3.0,5.0,5.0,15.0,,1.0,,,,3.0,,1.0,,5.0,,,,,,,,,,,1.0,1.0,1.0,1.0,1.0,1.0,7.0,3.0,2.0,3.0,3.0,5.0,6.0,6.0,3.0,,,,,,,,,,,,1.0,1.0,2.0,2.0,1.0,1.0,1.0,1.0,1.0,1.0,2.0,2.0,1.0,1.0,1.0,1.0,1.0,1.0,1.0,1.0,1.0,1.0,1.0,1.0,2.0,1.0,1.0,1.0,1.0,1.0,2.0,1.0,1.0,2.0,1.0,1.0,1.0,1.0,1.0,1.0
687,1,2,2,1,2,1,2,1,4,3,,30.0,,2.0,,,,,,,6.0,,,,1.0,1.0,,,,,,,,2.0,2.0,4.0,15.0,,1.0,,,,,,,,,,,,,,,,,,,,,,,,,,,,,,,,,,,,,,,,,,,,,,,,,,,,,,,,,,,,,,,,,,,,,,,,,,,,,,,,,,,,
1061,5,5,5,4,4,5,5,4,2,2,,30.0,5.0,,5.0,4.0,2.0,,,,,6.0,1.0,54.0,,,2.0,3.0,5.0,5.0,,,,,,,15.0,,,1.0,,3.0,,,1.0,5.0,,1.0,1.0,1.0,1.0,1.0,1.0,1.0,1.0,1.0,1.0,,,,,,,6.0,3.0,3.0,3.0,3.0,5.0,6.0,6.0,4.0,2.0,75.0,75.0,80.0,65.0,65.0,75.0,75.0,65.0,40.0,40.0,1.0,1.0,1.0,1.0,2.0,2.0,1.0,1.0,1.0,1.0,2.0,1.0,1.0,1.0,2.0,1.0,1.0,1.0,1.0,2.0,2.0,1.0,1.0,1.0,1.0,1.0,1.0,2.0,1.0,2.0,1.0,1.0,1.0,1.0,2.0,1.0,1.0,1.0,1.0,1.0
1112,4,4,5,4,4,5,5,4,2,2,,30.0,2.0,,,,,5.0,4.0,2.0,6.0,,1.0,54.0,,,2.0,,,,2.0,4.0,5.0,,,,15.0,,1.0,,4.0,,,1.0,,,5.0,1.0,1.0,1.0,1.0,1.0,1.0,1.0,1.0,1.0,1.0,,,,,,,6.0,3.0,3.0,3.0,3.0,5.0,6.0,6.0,4.0,2.0,65.0,60.0,70.0,60.0,60.0,70.0,70.0,60.0,40.0,40.0,2.0,1.0,2.0,2.0,2.0,1.0,1.0,1.0,1.0,2.0,1.0,2.0,1.0,1.0,1.0,1.0,2.0,1.0,1.0,1.0,1.0,1.0,1.0,2.0,1.0,1.0,2.0,1.0,1.0,1.0,1.0,1.0,1.0,1.0,2.0,2.0,2.0,1.0,1.0,2.0
1287,5,5,5,5,5,5,5,5,2,2,,30.0,,1.0,,,,,,,,6.0,,,1.0,,2.0,,,,,,,3.0,5.0,5.0,15.0,,1.0,,,,3.0,,1.0,5.0,,1.0,1.0,1.0,1.0,1.0,1.0,1.0,1.0,1.0,1.0,,,,,,,6.0,3.0,3.0,3.0,3.0,5.0,6.0,6.0,4.0,,,,,,,,,,,,2.0,2.0,2.0,1.0,2.0,2.0,2.0,2.0,2.0,1.0,2.0,1.0,2.0,2.0,1.0,1.0,2.0,2.0,2.0,1.0,1.0,2.0,2.0,2.0,1.0,2.0,2.0,2.0,1.0,2.0,2.0,2.0,1.0,2.0,2.0,2.0,2.0,1.0,2.0,2.0
123,2,3,3,2,3,2,3,2,4,4,70.0,,2.0,,5.0,4.0,2.0,,,,,6.0,1.0,54.0,,,2.0,2.0,4.0,4.0,,,,,,,,15.0,1.0,,,4.0,,1.0,,,5.0,1.0,1.0,1.0,1.0,1.0,1.0,1.0,1.0,1.0,1.0,,,,,,,6.0,3.0,3.0,3.0,3.0,5.0,6.0,6.0,3.0,2.0,40.0,50.0,50.0,40.0,50.0,40.0,50.0,40.0,60.0,60.0,2.0,1.0,2.0,2.0,1.0,2.0,2.0,1.0,2.0,2.0,1.0,1.0,2.0,1.0,1.0,2.0,1.0,1.0,2.0,2.0,2.0,1.0,2.0,1.0,1.0,1.0,1.0,2.0,1.0,2.0,1.0,1.0,1.0,2.0,1.0,2.0,2.0,1.0,2.0,2.0
1450,5,5,5,4,4,5,5,4,2,2,,30.0,,2.0,5.0,4.0,2.0,,,,,6.0,1.0,54.0,,,2.0,3.0,5.0,5.0,,,,,,,15.0,,1.0,,4.0,,,1.0,,5.0,,,,,,,,,,,,1.0,1.0,1.0,1.0,1.0,1.0,6.0,2.0,2.0,3.0,3.0,5.0,6.0,6.0,4.0,2.0,75.0,70.0,75.0,60.0,60.0,75.0,70.0,60.0,40.0,40.0,2.0,1.0,1.0,2.0,2.0,2.0,2.0,1.0,2.0,1.0,1.0,2.0,1.0,2.0,1.0,1.0,2.0,2.0,1.0,1.0,2.0,2.0,1.0,2.0,1.0,1.0,2.0,1.0,1.0,1.0,2.0,2.0,1.0,1.0,1.0,2.0,1.0,1.0,1.0,1.0
1523,2,3,3,2,3,4,4,2,4,3,,30.0,,2.0,5.0,4.0,2.0,,,,6.0,,1.0,54.0,,1.0,,,,,,,,2.0,4.0,5.0,15.0,,,1.0,,,3.0,,1.0,,5.0,1.0,1.0,1.0,1.0,1.0,1.0,1.0,1.0,1.0,1.0,,,,,,,6.0,3.0,3.0,3.0,3.0,5.0,6.0,6.0,3.0,2.0,55.0,50.0,50.0,40.0,50.0,60.0,60.0,40.0,60.0,50.0,2.0,1.0,1.0,2.0,2.0,2.0,1.0,1.0,1.0,1.0,2.0,1.0,2.0,1.0,1.0,1.0,1.0,2.0,1.0,2.0,1.0,1.0,1.0,1.0,2.0,1.0,1.0,2.0,1.0,1.0,1.0,2.0,2.0,2.0,2.0,1.0,2.0,1.0,1.0,1.0
951,4,4,4,2,3,5,4,2,2,2,,30.0,2.0,,5.0,4.0,3.0,,,,,6.0,1.0,54.0,,1.0,,,,,3.0,4.0,5.0,,,,,15.0,,1.0,,4.0,,,1.0,,5.0,1.0,1.0,1.0,1.0,1.0,1.0,1.0,1.0,1.0,1.0,,,,,,,6.0,3.0,3.0,3.0,3.0,5.0,5.0,5.0,3.0,2.0,65.0,65.0,65.0,40.0,50.0,80.0,65.0,40.0,40.0,40.0,1.0,2.0,2.0,2.0,2.0,2.0,1.0,1.0,1.0,1.0,2.0,1.0,1.0,1.0,2.0,1.0,1.0,1.0,2.0,1.0,1.0,1.0,1.0,1.0,1.0,1.0,2.0,1.0,1.0,1.0,1.0,2.0,1.0,2.0,1.0,1.0,1.0,1.0,1.0,1.0
822,2,4,4,2,3,4,4,2,2,3,70.0,,,2.0,,,,,,,6.0,,1.0,54.0,,1.0,,3.0,4.0,5.0,,,,,,,15.0,,,1.0,,3.0,,,1.0,,5.0,,,,,,,,,,,1.0,1.0,1.0,1.0,1.0,1.0,6.0,2.0,3.0,3.0,3.0,5.0,6.0,6.0,4.0,2.0,60.0,70.0,70.0,50.0,55.0,65.0,65.0,50.0,40.0,50.0,1.0,1.0,1.0,2.0,1.0,1.0,2.0,1.0,1.0,1.0,1.0,1.0,2.0,1.0,1.0,1.0,1.0,1.0,1.0,1.0,1.0,1.0,2.0,2.0,1.0,1.0,1.0,1.0,1.0,1.0,1.0,1.0,1.0,1.0,1.0,1.0,1.0,1.0,1.0,1.0
518,5,5,5,4,4,5,5,4,2,3,,30.0,,2.0,,,,,,,,6.0,1.0,54.0,,1.0,,,,,,,,2.0,5.0,,,,,,,,,,,,,,,,,,,,,,,,,,,,,7.0,3.0,3.0,3.0,4.0,5.0,6.0,6.0,4.0,2.0,75.0,75.0,75.0,60.0,60.0,75.0,75.0,60.0,40.0,50.0,1.0,1.0,1.0,2.0,1.0,1.0,1.0,2.0,1.0,1.0,2.0,1.0,1.0,1.0,1.0,1.0,1.0,1.0,2.0,1.0,,,,,,,,,,,,,,,,,,,,
277,2,3,3,2,3,3,3,2,4,4,70.0,,,2.0,,,,,,,,6.0,,,1.0,,2.0,,,,2.0,4.0,5.0,,,,,15.0,,1.0,,,3.0,,1.0,5.0,,1.0,1.0,1.0,1.0,1.0,1.0,1.0,1.0,1.0,1.0,,,,,,,6.0,3.0,3.0,3.0,3.0,5.0,6.0,6.0,3.0,2.0,40.0,50.0,50.0,40.0,50.0,50.0,50.0,40.0,60.0,60.0,2.0,2.0,1.0,1.0,1.0,1.0,1.0,1.0,2.0,2.0,2.0,1.0,1.0,1.0,1.0,1.0,1.0,1.0,1.0,1.0,1.0,1.0,2.0,1.0,1.0,1.0,1.0,1.0,2.0,1.0,1.0,1.0,1.0,1.0,1.0,1.0,1.0,1.0,2.0,1.0
304,5,5,5,5,5,5,5,5,2,2,70.0,,6.0,,,,,,,,,7.0,1.0,54.0,,1.0,,3.0,5.0,5.0,,,,,,,,15.0,,1.0,,4.0,,1.0,,5.0,,,,,,,,,,,,1.0,1.0,1.0,1.0,1.0,1.0,7.0,3.0,3.0,3.0,3.0,5.0,6.0,6.0,4.0,2.0,75.0,75.0,75.0,75.0,75.0,75.0,75.0,75.0,30.0,30.0,2.0,1.0,2.0,1.0,2.0,1.0,2.0,1.0,1.0,1.0,2.0,2.0,1.0,1.0,2.0,1.0,1.0,1.0,1.0,1.0,2.0,1.0,1.0,1.0,1.0,1.0,1.0,1.0,1.0,1.0,1.0,1.0,1.0,1.0,1.0,2.0,1.0,1.0,2.0,1.0
1491,3,3,4,2,3,4,4,2,2,2,,30.0,5.0,,5.0,4.0,2.0,,,,,6.0,,,1.0,1.0,,,,,2.0,4.0,5.0,,,,15.0,,1.0,,,,3.0,,1.0,5.0,,1.0,1.0,1.0,1.0,1.0,1.0,1.0,1.0,1.0,1.0,,,,,,,6.0,3.0,3.0,3.0,3.0,5.0,6.0,6.0,3.0,2.0,50.0,50.0,60.0,40.0,50.0,60.0,60.0,40.0,40.0,40.0,1.0,1.0,2.0,1.0,2.0,1.0,1.0,2.0,1.0,1.0,1.0,1.0,1.0,1.0,1.0,1.0,2.0,1.0,1.0,1.0,1.0,1.0,1.0,1.0,2.0,1.0,1.0,1.0,1.0,1.0,1.0,1.0,1.0,1.0,1.0,1.0,1.0,1.0,1.0,1.0
1118,5,5,5,4,4,5,5,5,2,2,70.0,,5.0,,,,,5.0,4.0,2.0,6.0,,1.0,54.0,,1.0,,,,,,,,3.0,5.0,5.0,,15.0,1.0,,4.0,,,,1.0,5.0,,,,,,,,,,,,1.0,1.0,1.0,1.0,1.0,1.0,7.0,3.0,3.0,3.0,3.0,5.0,6.0,6.0,4.0,2.0,75.0,80.0,85.0,70.0,70.0,85.0,80.0,75.0,40.0,40.0,2.0,2.0,1.0,1.0,1.0,1.0,2.0,2.0,1.0,2.0,1.0,2.0,2.0,1.0,2.0,1.0,1.0,1.0,1.0,1.0,2.0,2.0,1.0,1.0,1.0,1.0,2.0,1.0,1.0,2.0,1.0,1.0,1.0,2.0,2.0,2.0,2.0,2.0,1.0,2.0
1677,2,3,3,1,2,2,3,1,1,1,,30.0,2.0,,,,,5.0,4.0,2.0,,6.0,1.0,54.0,,1.0,,,,,,,,2.0,4.0,5.0,15.0,,,1.0,,3.0,,,1.0,5.0,,,,,,,,,,,,1.0,1.0,1.0,1.0,1.0,1.0,7.0,3.0,3.0,3.0,3.0,5.0,6.0,6.0,3.0,2.0,40.0,50.0,50.0,20.0,30.0,30.0,50.0,20.0,20.0,20.0,1.0,2.0,1.0,2.0,2.0,1.0,2.0,1.0,1.0,1.0,1.0,1.0,2.0,1.0,2.0,1.0,2.0,1.0,1.0,2.0,1.0,1.0,2.0,1.0,2.0,1.0,1.0,1.0,1.0,1.0,1.0,1.0,1.0,2.0,2.0,1.0,1.0,1.0,2.0,2.0
1704,5,5,5,5,5,5,5,5,1,1,,30.0,,2.0,,,,,,,6.0,,1.0,54.0,,1.0,,,,,3.0,5.0,5.0,,,,15.0,,1.0,,,4.0,,1.0,,5.0,,,,,,,,,,,,1.0,1.0,1.0,1.0,1.0,1.0,6.0,3.0,3.0,3.0,3.0,5.0,6.0,6.0,4.0,2.0,75.0,75.0,75.0,75.0,75.0,75.0,75.0,75.0,25.0,25.0,2.0,1.0,1.0,2.0,2.0,1.0,1.0,2.0,1.0,1.0,2.0,1.0,1.0,2.0,1.0,1.0,1.0,1.0,2.0,1.0,2.0,1.0,2.0,1.0,1.0,1.0,1.0,2.0,1.0,1.0,1.0,2.0,1.0,2.0,2.0,1.0,2.0,1.0,1.0,1.0
1819,4,4,4,2,3,4,4,3,2,2,,30.0,,2.0,,,,,,,6.0,,1.0,54.0,,1.0,,,,,,,,3.0,4.0,5.0,15.0,,1.0,,,4.0,,1.0,,,5.0,1.0,1.0,1.0,1.0,1.0,1.0,1.0,1.0,1.0,1.0,,,,,,,6.0,3.0,3.0,3.0,3.0,5.0,6.0,6.0,3.0,2.0,65.0,60.0,60.0,35.0,45.0,60.0,60.0,45.0,35.0,35.0,1.0,1.0,1.0,1.0,2.0,1.0,1.0,2.0,2.0,1.0,2.0,1.0,1.0,1.0,1.0,1.0,2.0,1.0,1.0,1.0,1.0,2.0,1.0,1.0,1.0,2.0,2.0,1.0,1.0,1.0,1.0,1.0,1.0,1.0,1.0,1.0,1.0,2.0,2.0,1.0
2004,2,3,3,2,3,3,3,2,4,3,,30.0,2.0,,,,,5.0,4.0,2.0,,6.0,1.0,54.0,,,2.0,,,,,,,2.0,4.0,5.0,,12.0,,1.0,4.0,,,1.0,,4.0,,1.0,1.0,1.0,1.0,1.0,1.0,1.0,1.0,1.0,1.0,,,,,,,6.0,3.0,3.0,3.0,3.0,5.0,5.0,5.0,3.0,,,,,,,,,,,,2.0,1.0,1.0,1.0,1.0,1.0,2.0,1.0,1.0,2.0,1.0,1.0,1.0,1.0,2.0,1.0,1.0,1.0,2.0,1.0,1.0,2.0,1.0,1.0,2.0,1.0,1.0,1.0,1.0,1.0,1.0,2.0,1.0,1.0,1.0,1.0,2.0,1.0,1.0,1.0
75,5,4,5,3,4,5,5,4,2,2,70.0,,,2.0,5.0,4.0,3.0,,,,6.0,,1.0,54.0,,,2.0,,,,2.0,5.0,5.0,,,,,10.0,1.0,,4.0,,,,1.0,,5.0,,,,,,,,,,,1.0,1.0,1.0,1.0,1.0,1.0,6.0,3.0,3.0,3.0,3.0,5.0,6.0,6.0,4.0,2.0,75.0,70.0,80.0,55.0,65.0,75.0,80.0,70.0,40.0,40.0,2.0,1.0,2.0,2.0,1.0,1.0,1.0,1.0,2.0,1.0,1.0,1.0,2.0,1.0,2.0,2.0,1.0,1.0,1.0,1.0,1.0,1.0,1.0,1.0,1.0,2.0,1.0,1.0,1.0,2.0,1.0,1.0,1.0,2.0,1.0,1.0,2.0,2.0,2.0,1.0
990,5,5,5,5,5,5,5,5,2,2,,30.0,5.0,,5.0,4.0,2.0,,,,,6.0,1.0,54.0,,1.0,,,,,,,,2.0,5.0,5.0,,15.0,,1.0,,4.0,,1.0,,,5.0,,,,,,,,,,,1.0,1.0,1.0,1.0,1.0,1.0,6.0,3.0,2.0,2.0,3.0,5.0,6.0,6.0,4.0,2.0,80.0,80.0,85.0,85.0,85.0,85.0,85.0,80.0,30.0,30.0,2.0,2.0,1.0,2.0,2.0,1.0,1.0,2.0,2.0,2.0,1.0,1.0,1.0,2.0,2.0,1.0,2.0,1.0,2.0,2.0,1.0,1.0,1.0,2.0,1.0,1.0,1.0,1.0,1.0,2.0,1.0,1.0,2.0,1.0,1.0,1.0,1.0,1.0,1.0,1.0
202,4,4,4,2,3,4,4,3,2,2,70.0,,5.0,,,,,5.0,4.0,2.0,6.0,,1.0,54.0,,,2.0,,,,,,,2.0,4.0,5.0,15.0,,1.0,,,,,,,,,,,,,,,,,,,,,,,,,,,,,,,,,,,,,,,,,,,,,,,,,,,,,,,,,,,,,,,,,,,,,,,,,,,,,,,,,,,,
371,3,4,4,1,3,3,4,2,1,2,,30.0,,2.0,,,,,,,,6.0,1.0,54.0,,1.0,,2.0,4.0,5.0,,,,,,,15.0,,,1.0,4.0,,,1.0,,,5.0,1.0,1.0,1.0,1.0,1.0,1.0,1.0,1.0,1.0,1.0,,,,,,,6.0,3.0,3.0,3.0,3.0,5.0,6.0,6.0,4.0,,,,,,,,,,,,1.0,1.0,2.0,2.0,1.0,1.0,1.0,2.0,1.0,1.0,2.0,2.0,1.0,1.0,2.0,1.0,1.0,2.0,1.0,2.0,,,,,,,,,,,,,,,,,,,,
197,5,5,5,5,4,5,5,5,1,1,,30.0,,2.0,,,,,,,6.0,,1.0,54.0,,1.0,,,,,,,,2.0,5.0,5.0,15.0,,,1.0,4.0,,,1.0,,5.0,,,,,,,,,,,,,,,,,,6.0,3.0,3.0,3.0,3.0,5.0,5.0,5.0,4.0,2.0,,,,,,,,,,,1.0,1.0,1.0,2.0,2.0,2.0,1.0,1.0,1.0,2.0,1.0,2.0,1.0,1.0,1.0,2.0,1.0,2.0,1.0,1.0,1.0,1.0,2.0,1.0,1.0,1.0,2.0,1.0,2.0,1.0,1.0,1.0,1.0,1.0,2.0,1.0,2.0,1.0,2.0,1.0
1602,5,5,5,5,5,5,5,5,1,2,70.0,,,2.0,,,,,,,6.0,,1.0,54.0,,,2.0,,,,2.0,5.0,5.0,,,,,15.0,,1.0,4.0,,,1.0,,,5.0,,,,,,,,,,,1.0,1.0,1.0,1.0,1.0,1.0,6.0,3.0,2.0,3.0,3.0,5.0,6.0,6.0,4.0,2.0,75.0,70.0,75.0,70.0,70.0,75.0,75.0,70.0,20.0,30.0,2.0,1.0,1.0,1.0,2.0,1.0,1.0,2.0,2.0,1.0,1.0,1.0,1.0,1.0,1.0,1.0,1.0,1.0,2.0,1.0,2.0,1.0,1.0,1.0,1.0,2.0,1.0,1.0,1.0,1.0,2.0,1.0,1.0,1.0,1.0,1.0,1.0,2.0,1.0,1.0
1771,4,4,5,5,5,4,5,4,2,2,,30.0,5.0,,,,,5.0,4.0,2.0,6.0,,,,1.0,1.0,,,,,,,,2.0,5.0,5.0,15.0,,,1.0,4.0,,,,1.0,5.0,,1.0,1.0,1.0,1.0,1.0,1.0,1.0,1.0,1.0,1.0,,,,,,,7.0,3.0,3.0,3.0,3.0,5.0,6.0,6.0,4.0,2.0,70.0,65.0,75.0,75.0,75.0,65.0,75.0,65.0,40.0,40.0,2.0,1.0,1.0,1.0,2.0,1.0,2.0,1.0,1.0,1.0,1.0,1.0,1.0,2.0,2.0,1.0,1.0,2.0,1.0,1.0,1.0,1.0,1.0,1.0,1.0,1.0,2.0,1.0,1.0,2.0,1.0,1.0,1.0,1.0,1.0,1.0,2.0,2.0,1.0,1.0
1597,2,3,3,1,2,3,3,2,1,2,70.0,,,2.0,5.0,4.0,2.0,,,,6.0,,1.0,54.0,,1.0,,,,,,,,2.0,4.0,5.0,,15.0,,1.0,4.0,,,,1.0,5.0,,,,,,,,,,,,1.0,1.0,1.0,1.0,1.0,1.0,6.0,3.0,3.0,3.0,3.0,5.0,5.0,5.0,4.0,2.0,40.0,50.0,50.0,20.0,30.0,50.0,50.0,40.0,20.0,30.0,2.0,2.0,1.0,2.0,2.0,2.0,1.0,2.0,2.0,1.0,1.0,1.0,1.0,2.0,1.0,2.0,1.0,1.0,1.0,1.0,2.0,2.0,1.0,2.0,1.0,1.0,1.0,1.0,2.0,2.0,1.0,1.0,1.0,2.0,2.0,1.0,1.0,2.0,2.0,2.0
896,5,5,5,4,4,5,5,4,1,2,70.0,,5.0,,,,,5.0,4.0,2.0,,6.0,1.0,54.0,,,2.0,,,,,,,3.0,5.0,5.0,15.0,,,1.0,4.0,,,1.0,,,5.0,,,,,,,,,,,1.0,1.0,1.0,1.0,1.0,1.0,7.0,3.0,3.0,3.0,3.0,5.0,6.0,6.0,4.0,2.0,75.0,75.0,75.0,65.0,65.0,75.0,75.0,65.0,25.0,35.0,1.0,2.0,1.0,1.0,1.0,2.0,2.0,1.0,2.0,1.0,1.0,1.0,2.0,1.0,1.0,1.0,1.0,2.0,1.0,1.0,1.0,1.0,2.0,2.0,1.0,1.0,2.0,1.0,1.0,1.0,1.0,1.0,1.0,1.0,1.0,2.0,2.0,1.0,1.0,1.0
156,5,5,5,4,4,5,5,4,2,2,,30.0,5.0,,4.0,5.0,3.0,,,,,6.0,,,1.0,1.0,,,,,2.0,5.0,5.0,,,,15.0,,,1.0,,3.0,,,1.0,,5.0,,,,,,,,,,,1.0,1.0,1.0,1.0,1.0,1.0,7.0,3.0,3.0,3.0,3.0,5.0,6.0,6.0,3.0,,,,,,,,,,,,,,,,,,,,,,,,,,,,,,,,,,,,,,,,,,,,,,,,,,,
639,5,5,5,5,5,5,5,5,1,1,,30.0,1.0,,5.0,4.0,2.0,,,,,6.0,,,1.0,,2.0,,,,2.0,5.0,5.0,,,,,15.0,1.0,,,4.0,,,1.0,5.0,,1.0,1.0,1.0,1.0,1.0,1.0,1.0,1.0,1.0,1.0,,,,,,,7.0,3.0,3.0,3.0,3.0,5.0,6.0,6.0,4.0,2.0,75.0,75.0,75.0,75.0,75.0,75.0,75.0,75.0,25.0,25.0,2.0,2.0,1.0,1.0,1.0,2.0,2.0,2.0,2.0,1.0,2.0,2.0,1.0,2.0,1.0,2.0,1.0,2.0,2.0,1.0,1.0,1.0,2.0,2.0,1.0,1.0,1.0,2.0,1.0,2.0,2.0,1.0,1.0,2.0,1.0,1.0,1.0,1.0,2.0,2.0
1425,5,5,5,4,4,5,5,5,2,3,,30.0,,2.0,,,,,,,,6.0,1.0,54.0,,1.0,,3.0,5.0,5.0,,,,,,,15.0,,,1.0,,,3.0,1.0,,5.0,,1.0,1.0,1.0,1.0,1.0,1.0,1.0,1.0,1.0,1.0,,,,,,,7.0,3.0,3.0,3.0,3.0,5.0,6.0,6.0,4.0,,,,,,,,,,,,1.0,1.0,2.0,2.0,2.0,1.0,2.0,1.0,2.0,1.0,1.0,1.0,1.0,1.0,1.0,2.0,1.0,2.0,2.0,2.0,1.0,1.0,1.0,2.0,1.0,1.0,1.0,1.0,2.0,1.0,2.0,1.0,1.0,1.0,2.0,1.0,2.0,2.0,2.0,1.0
1556,5,5,5,5,5,5,5,5,2,2,,30.0,,2.0,,,,,,,,6.0,,,1.0,,2.0,,,,,,,3.0,5.0,5.0,,,1.0,,,4.0,,,1.0,5.0,,,,,,,,,,,,1.0,1.0,1.0,1.0,1.0,1.0,7.0,3.0,2.0,2.0,3.0,5.0,6.0,6.0,4.0,2.0,75.0,75.0,80.0,80.0,80.0,80.0,80.0,75.0,40.0,40.0,1.0,2.0,1.0,1.0,2.0,1.0,1.0,1.0,2.0,1.0,1.0,1.0,1.0,2.0,1.0,1.0,2.0,1.0,2.0,1.0,2.0,2.0,1.0,1.0,1.0,1.0,1.0,2.0,1.0,2.0,1.0,1.0,1.0,1.0,1.0,2.0,1.0,2.0,1.0,1.0
1239,5,5,5,4,4,5,5,4,2,2,,30.0,,2.0,,,,,,,6.0,,1.0,54.0,,,2.0,2.0,5.0,5.0,,,,,,,15.0,,,1.0,,,2.0,1.0,,5.0,,,,,,,,,,,,,,,,,,,,,,,,,,,2.0,70.0,65.0,70.0,60.0,60.0,70.0,65.0,60.0,40.0,40.0,1.0,1.0,2.0,1.0,2.0,1.0,2.0,1.0,1.0,2.0,1.0,2.0,2.0,1.0,1.0,1.0,1.0,2.0,1.0,1.0,2.0,1.0,1.0,2.0,2.0,2.0,1.0,1.0,2.0,1.0,1.0,1.0,1.0,1.0,1.0,1.0,1.0,1.0,1.0,1.0
924,5,5,5,5,5,5,5,5,2,2,30.0,,,2.0,,,,,,,,6.0,1.0,54.0,,1.0,,2.0,5.0,5.0,,,,,,,,15.0,,1.0,,,3.0,,1.0,,5.0,1.0,1.0,1.0,1.0,1.0,1.0,1.0,1.0,1.0,1.0,,,,,,,6.0,3.0,3.0,3.0,4.0,5.0,6.0,6.0,4.0,2.0,70.0,70.0,70.0,70.0,70.0,70.0,70.0,70.0,30.0,30.0,1.0,1.0,2.0,1.0,1.0,1.0,1.0,2.0,1.0,1.0,1.0,1.0,2.0,2.0,1.0,1.0,1.0,1.0,1.0,2.0,1.0,1.0,1.0,2.0,1.0,2.0,1.0,1.0,1.0,1.0,1.0,1.0,1.0,1.0,1.0,1.0,1.0,1.0,1.0,1.0
857,5,5,5,4,4,5,5,4,2,2,70.0,,,2.0,,,,,,,,6.0,,,1.0,1.0,,2.0,4.0,5.0,,,,,,,,15.0,1.0,,4.0,,,1.0,,,5.0,,,,,,,,,,,1.0,1.0,1.0,1.0,1.0,1.0,6.0,3.0,3.0,3.0,3.0,5.0,5.0,5.0,4.0,2.0,70.0,70.0,70.0,60.0,60.0,70.0,70.0,60.0,40.0,40.0,2.0,2.0,1.0,2.0,1.0,2.0,2.0,1.0,2.0,1.0,1.0,2.0,2.0,2.0,1.0,2.0,2.0,2.0,1.0,1.0,2.0,2.0,2.0,1.0,1.0,2.0,2.0,2.0,1.0,1.0,1.0,2.0,2.0,1.0,1.0,2.0,2.0,2.0,1.0,2.0
1749,4,4,4,1,2,3,4,3,2,2,,30.0,,1.0,5.0,4.0,2.0,,,,,6.0,,,1.0,,2.0,,,,2.0,5.0,5.0,,,,15.0,,1.0,,,4.0,,1.0,,,5.0,1.0,1.0,1.0,1.0,1.0,1.0,1.0,1.0,1.0,1.0,,,,,,,6.0,3.0,3.0,3.0,3.0,5.0,6.0,6.0,4.0,,,,,,,,,,,,1.0,1.0,2.0,1.0,2.0,2.0,1.0,1.0,2.0,1.0,1.0,1.0,1.0,2.0,2.0,1.0,1.0,1.0,1.0,1.0,1.0,1.0,1.0,1.0,1.0,1.0,1.0,1.0,1.0,1.0,1.0,1.0,1.0,1.0,1.0,1.0,1.0,1.0,2.0,2.0
1155,5,5,5,5,5,5,5,5,1,2,70.0,,6.0,,5.0,4.0,2.0,,,,6.0,,1.0,54.0,,,2.0,2.0,5.0,5.0,,,,,,,,15.0,,1.0,,4.0,,,1.0,,5.0,,,,,,,,,,,1.0,1.0,1.0,1.0,1.0,1.0,7.0,3.0,3.0,3.0,3.0,5.0,6.0,6.0,4.0,2.0,75.0,75.0,80.0,80.0,80.0,80.0,85.0,70.0,30.0,40.0,1.0,2.0,1.0,1.0,1.0,2.0,1.0,2.0,1.0,1.0,1.0,2.0,2.0,1.0,1.0,1.0,1.0,1.0,1.0,2.0,1.0,1.0,2.0,1.0,1.0,1.0,1.0,1.0,1.0,1.0,1.0,1.0,2.0,1.0,1.0,1.0,1.0,2.0,1.0,1.0
1026,4,4,4,2,3,4,4,3,2,2,,30.0,,2.0,,,,,,,6.0,,,,1.0,,2.0,,,,,,,2.0,4.0,5.0,,15.0,,1.0,,3.0,,,1.0,5.0,,,,,,,,,,,,1.0,1.0,1.0,1.0,1.0,1.0,6.0,3.0,3.0,3.0,3.0,5.0,6.0,6.0,4.0,2.0,65.0,60.0,60.0,40.0,50.0,60.0,60.0,50.0,40.0,40.0,2.0,1.0,1.0,1.0,1.0,2.0,2.0,2.0,1.0,2.0,1.0,2.0,1.0,2.0,1.0,2.0,1.0,1.0,1.0,1.0,1.0,1.0,1.0,2.0,1.0,1.0,1.0,2.0,1.0,1.0,1.0,1.0,2.0,1.0,1.0,1.0,1.0,1.0,1.0,1.0
349,2,3,3,2,3,3,3,2,4,4,,30.0,,2.0,,,,,,,,6.0,1.0,54.0,,,2.0,3.0,4.0,5.0,,,,,,,,15.0,1.0,,,3.0,,1.0,,,5.0,,,,,,,,,,,1.0,1.0,1.0,1.0,1.0,1.0,6.0,3.0,3.0,3.0,3.0,5.0,5.0,5.0,3.0,2.0,40.0,50.0,50.0,40.0,50.0,50.0,50.0,40.0,60.0,60.0,1.0,2.0,2.0,2.0,1.0,2.0,1.0,2.0,1.0,1.0,2.0,1.0,1.0,1.0,1.0,1.0,1.0,1.0,2.0,1.0,1.0,1.0,1.0,2.0,1.0,2.0,1.0,1.0,1.0,1.0,1.0,1.0,2.0,2.0,2.0,1.0,1.0,2.0,2.0,2.0
555,4,4,4,2,3,4,4,3,2,3,40.0,,,2.0,,,,,,,6.0,,1.0,54.0,,,2.0,,,,3.0,4.0,5.0,,,,,15.0,1.0,,,,,,,,,,,,,,,,,,,,,,,,,,,,,,,,,,,,,,,,,,,,,,,,,,,,,,,,,,,,,,,,,,,,,,,,,,,,,,,,,,,,
426,3,4,4,2,3,4,4,2,2,3,70.0,,5.0,,,,,5.0,4.0,2.0,6.0,,,,1.0,1.0,,,,,,,,3.0,4.0,5.0,15.0,,,1.0,,,3.0,,1.0,5.0,,,,,,,,,,,,1.0,1.0,1.0,1.0,1.0,1.0,6.0,3.0,2.0,3.0,3.0,5.0,6.0,6.0,4.0,2.0,55.0,65.0,65.0,40.0,50.0,65.0,65.0,40.0,40.0,50.0,1.0,1.0,2.0,1.0,2.0,2.0,1.0,1.0,1.0,2.0,2.0,1.0,1.0,1.0,1.0,1.0,1.0,1.0,1.0,2.0,1.0,1.0,1.0,2.0,1.0,2.0,1.0,1.0,1.0,1.0,1.0,1.0,1.0,1.0,1.0,1.0,1.0,1.0,1.0,1.0
38,2,3,3,2,3,3,3,2,4,2,,30.0,5.0,,5.0,4.0,3.0,,,,6.0,,,,1.0,,2.0,,,,2.0,4.0,5.0,,,,,15.0,,1.0,4.0,,,1.0,,,5.0,,,,,,,,,,,1.0,1.0,1.0,1.0,1.0,1.0,6.0,3.0,3.0,3.0,4.0,5.0,6.0,6.0,,,,,,,,,,,,,1.0,2.0,1.0,1.0,1.0,2.0,2.0,1.0,2.0,2.0,1.0,1.0,1.0,2.0,1.0,2.0,1.0,1.0,1.0,1.0,2.0,2.0,2.0,1.0,2.0,2.0,1.0,2.0,2.0,1.0,1.0,1.0,2.0,1.0,1.0,1.0,2.0,1.0,2.0,1.0
2049,5,5,5,5,5,5,5,5,2,2,,30.0,5.0,,5.0,4.0,3.0,,,,,6.0,,,1.0,1.0,,,,,3.0,5.0,5.0,,,,,10.0,1.0,,,,3.0,,,,,,,,,,,,,,,,,,,,,,,,,,,,,,2.0,80.0,75.0,80.0,85.0,80.0,85.0,80.0,75.0,40.0,40.0,1.0,1.0,2.0,1.0,1.0,1.0,1.0,1.0,1.0,1.0,1.0,1.0,2.0,1.0,1.0,1.0,2.0,1.0,2.0,2.0,2.0,1.0,2.0,1.0,1.0,1.0,1.0,2.0,1.0,1.0,1.0,1.0,2.0,1.0,2.0,2.0,1.0,1.0,1.0,2.0
1854,5,5,5,4,4,5,5,5,2,2,70.0,,6.0,,,,,,,,6.0,,1.0,54.0,,1.0,,,,,3.0,5.0,5.0,,,,15.0,,1.0,,,4.0,,1.0,,5.0,,1.0,1.0,1.0,1.0,1.0,1.0,1.0,1.0,1.0,1.0,,,,,,,7.0,3.0,4.0,3.0,3.0,5.0,6.0,6.0,4.0,,,,,,,,,,,,1.0,1.0,1.0,1.0,1.0,2.0,2.0,1.0,1.0,2.0,1.0,2.0,1.0,1.0,2.0,1.0,1.0,2.0,2.0,1.0,1.0,2.0,1.0,1.0,1.0,2.0,1.0,2.0,2.0,1.0,1.0,1.0,1.0,2.0,1.0,2.0,1.0,2.0,2.0,1.0
1927,2,4,4,2,3,4,4,2,2,2,70.0,,2.0,,5.0,4.0,2.0,,,,,6.0,,,1.0,1.0,,3.0,4.0,5.0,,,,,,,,10.0,1.0,,,4.0,,,1.0,,5.0,,,,,,,,,,,1.0,1.0,1.0,1.0,1.0,1.0,7.0,3.0,3.0,3.0,3.0,5.0,6.0,6.0,3.0,2.0,55.0,65.0,65.0,40.0,50.0,60.0,60.0,40.0,40.0,40.0,2.0,2.0,1.0,1.0,1.0,1.0,2.0,2.0,1.0,1.0,1.0,2.0,2.0,2.0,1.0,1.0,1.0,1.0,1.0,1.0,2.0,2.0,2.0,1.0,1.0,1.0,1.0,1.0,2.0,2.0,1.0,1.0,1.0,1.0,1.0,1.0,1.0,2.0,1.0,1.0
1194,5,4,5,5,5,5,5,4,2,2,70.0,,5.0,,5.0,4.0,2.0,,,,6.0,,,,1.0,1.0,,3.0,5.0,5.0,,,,,,,,15.0,1.0,,,,3.0,1.0,,,5.0,,,,,,,,,,,1.0,1.0,1.0,1.0,1.0,1.0,6.0,3.0,2.0,2.0,3.0,5.0,6.0,6.0,4.0,2.0,75.0,70.0,75.0,80.0,80.0,80.0,80.0,70.0,40.0,40.0,2.0,1.0,2.0,1.0,1.0,1.0,1.0,2.0,2.0,1.0,1.0,1.0,1.0,2.0,2.0,2.0,2.0,1.0,1.0,2.0,2.0,1.0,1.0,2.0,1.0,1.0,1.0,1.0,1.0,2.0,1.0,1.0,1.0,1.0,1.0,1.0,1.0,2.0,1.0,1.0
1372,5,5,5,4,4,5,5,4,2,2,70.0,,,2.0,,,,,,,6.0,,,,1.0,,2.0,,,,3.0,5.0,5.0,,,,,15.0,,1.0,,4.0,,,1.0,,5.0,1.0,1.0,1.0,1.0,1.0,1.0,1.0,1.0,1.0,1.0,,,,,,,6.0,3.0,3.0,3.0,3.0,5.0,6.0,6.0,3.0,2.0,75.0,75.0,80.0,65.0,65.0,80.0,75.0,65.0,40.0,40.0,1.0,2.0,1.0,1.0,1.0,1.0,2.0,1.0,1.0,1.0,2.0,2.0,1.0,2.0,1.0,1.0,1.0,2.0,1.0,2.0,2.0,1.0,2.0,1.0,1.0,1.0,2.0,1.0,1.0,2.0,1.0,2.0,2.0,1.0,1.0,1.0,1.0,1.0,1.0,2.0
1788,5,5,5,5,5,5,5,5,2,2,,30.0,5.0,,,,,,,,,6.0,,,1.0,1.0,,,,,2.0,5.0,5.0,,,,,12.0,,1.0,5.0,,,,1.0,,5.0,,,,,,,,,,,1.0,1.0,1.0,1.0,1.0,1.0,7.0,3.0,3.0,3.0,3.0,5.0,6.0,6.0,4.0,2.0,80.0,80.0,85.0,85.0,80.0,85.0,85.0,80.0,40.0,40.0,1.0,1.0,2.0,1.0,1.0,1.0,2.0,2.0,2.0,1.0,1.0,1.0,1.0,1.0,1.0,1.0,1.0,2.0,2.0,1.0,1.0,1.0,1.0,1.0,1.0,1.0,1.0,1.0,1.0,2.0,1.0,1.0,1.0,1.0,1.0,2.0,1.0,1.0,1.0,1.0
1201,5,5,5,3,4,5,5,4,2,2,70.0,,,2.0,,,,,,,6.0,,,,1.0,1.0,,,,,2.0,5.0,5.0,,,,15.0,,,1.0,,3.0,,,1.0,5.0,,1.0,1.0,1.0,1.0,1.0,1.0,1.0,1.0,1.0,1.0,,,,,,,6.0,3.0,2.0,2.0,3.0,5.0,6.0,6.0,3.0,2.0,80.0,75.0,80.0,50.0,60.0,75.0,80.0,60.0,40.0,40.0,1.0,1.0,2.0,1.0,2.0,1.0,1.0,2.0,2.0,1.0,1.0,2.0,1.0,1.0,2.0,2.0,1.0,2.0,1.0,1.0,1.0,1.0,1.0,1.0,1.0,1.0,1.0,1.0,1.0,1.0,1.0,2.0,1.0,2.0,1.0,1.0,2.0,1.0,1.0,1.0
594,5,5,5,5,5,5,5,5,2,2,,30.0,5.0,,5.0,4.0,2.0,,,,6.0,,,,1.0,,2.0,3.0,5.0,5.0,,,,,,,,15.0,,1.0,4.0,,,,,,,,,,,,,,,,,,,,,,,,,,,,,,,,,,,,,,,,,,,,,,,,,,,,,,,,,,,,,,,,,,,,,,,,,,,,,,,,,,
772,2,3,3,1,2,2,3,1,1,1,,30.0,,2.0,,,,,,,6.0,,1.0,54.0,,,2.0,2.0,4.0,5.0,,,,,,,,15.0,1.0,,,,2.0,1.0,,,5.0,1.0,1.0,1.0,1.0,1.0,1.0,1.0,1.0,1.0,1.0,,,,,,,6.0,3.0,2.0,2.0,3.0,5.0,6.0,6.0,3.0,2.0,40.0,50.0,50.0,20.0,30.0,30.0,50.0,20.0,20.0,20.0,1.0,2.0,1.0,1.0,1.0,1.0,2.0,1.0,1.0,2.0,2.0,1.0,1.0,2.0,2.0,1.0,1.0,2.0,1.0,1.0,1.0,2.0,2.0,1.0,2.0,1.0,1.0,1.0,1.0,2.0,1.0,2.0,1.0,1.0,1.0,1.0,2.0,2.0,1.0,1.0
388,5,5,5,5,5,5,5,5,1,1,70.0,,,2.0,,,,,,,,6.0,,,1.0,,2.0,3.0,5.0,5.0,,,,,,,15.0,,1.0,,,,,,,,,,,,,,,,,,,,,,,,,,,,,,,,,,,,,,,,,,,,,,,,,,,,,,,,,,,,,,,,,,,,,,,,,,,,,,,,,,,,
601,5,5,5,5,5,5,5,5,1,2,,30.0,,2.0,,,,,,,,6.0,1.0,54.0,,,2.0,,,,2.0,5.0,5.0,,,,15.0,,1.0,,4.0,,,,1.0,5.0,,1.0,1.0,1.0,1.0,1.0,1.0,1.0,1.0,1.0,1.0,,,,,,,7.0,3.0,3.0,3.0,3.0,5.0,6.0,6.0,4.0,2.0,75.0,75.0,80.0,80.0,80.0,80.0,80.0,75.0,25.0,30.0,1.0,1.0,2.0,2.0,2.0,1.0,1.0,1.0,2.0,1.0,1.0,2.0,1.0,2.0,1.0,1.0,1.0,1.0,1.0,2.0,1.0,1.0,1.0,1.0,1.0,1.0,2.0,2.0,1.0,1.0,1.0,1.0,1.0,1.0,2.0,2.0,1.0,2.0,1.0,1.0
1895,5,5,5,5,5,5,5,5,1,1,,30.0,5.0,,5.0,4.0,2.0,,,,6.0,,,,1.0,,2.0,,,,,,,2.0,5.0,5.0,15.0,,1.0,,4.0,,,,1.0,5.0,,,,,,,,,,,,1.0,1.0,1.0,1.0,1.0,1.0,7.0,3.0,3.0,3.0,3.0,5.0,6.0,6.0,4.0,2.0,80.0,80.0,85.0,85.0,80.0,85.0,85.0,80.0,20.0,20.0,1.0,2.0,2.0,1.0,2.0,1.0,1.0,1.0,1.0,1.0,1.0,2.0,1.0,1.0,2.0,1.0,1.0,1.0,1.0,1.0,,,,,,,,,,,,,,,,,,,,
1307,5,5,5,5,5,5,5,5,1,1,70.0,,,,,,,,,,6.0,,,,1.0,,2.0,,,,2.0,5.0,5.0,,,,,12.0,,1.0,,,3.0,1.0,,5.0,,1.0,1.0,1.0,1.0,1.0,1.0,1.0,1.0,1.0,1.0,,,,,,,6.0,3.0,3.0,3.0,3.0,5.0,6.0,6.0,4.0,,,,,,,,,,,,1.0,1.0,1.0,2.0,1.0,2.0,1.0,2.0,1.0,1.0,1.0,1.0,1.0,1.0,2.0,1.0,1.0,1.0,2.0,2.0,1.0,1.0,1.0,1.0,1.0,1.0,1.0,1.0,1.0,1.0,1.0,1.0,2.0,1.0,1.0,2.0,1.0,1.0,1.0,1.0
1274,5,5,5,4,4,5,5,4,2,2,,30.0,5.0,,5.0,4.0,2.0,,,,,6.0,,,1.0,1.0,,4.0,5.0,5.0,,,,,,,15.0,,1.0,,4.0,,,,1.0,5.0,,1.0,1.0,1.0,1.0,1.0,1.0,1.0,1.0,1.0,1.0,,,,,,,7.0,3.0,3.0,3.0,3.0,5.0,6.0,6.0,4.0,2.0,70.0,70.0,70.0,60.0,60.0,70.0,70.0,60.0,40.0,40.0,2.0,1.0,1.0,1.0,1.0,1.0,2.0,1.0,2.0,2.0,1.0,1.0,2.0,1.0,2.0,1.0,2.0,1.0,1.0,1.0,1.0,1.0,1.0,2.0,1.0,1.0,1.0,1.0,2.0,1.0,1.0,2.0,1.0,1.0,1.0,1.0,1.0,1.0,1.0,1.0
1468,4,4,4,2,3,5,4,3,2,3,,30.0,2.0,,4.0,3.0,2.0,,,,,6.0,,,1.0,1.0,,,,,3.0,5.0,5.0,,,,15.0,,,1.0,4.0,,,1.0,,,5.0,1.0,1.0,1.0,1.0,1.0,1.0,1.0,1.0,1.0,1.0,,,,,,,6.0,3.0,3.0,3.0,3.0,5.0,6.0,6.0,4.0,2.0,65.0,60.0,60.0,40.0,50.0,75.0,65.0,50.0,40.0,50.0,2.0,1.0,1.0,2.0,1.0,2.0,1.0,1.0,1.0,2.0,1.0,1.0,1.0,2.0,2.0,1.0,1.0,1.0,1.0,1.0,1.0,1.0,1.0,1.0,2.0,1.0,1.0,2.0,1.0,2.0,1.0,1.0,1.0,1.0,1.0,1.0,1.0,2.0,1.0,1.0
1092,5,5,5,5,5,5,5,5,2,2,,30.0,5.0,,5.0,4.0,2.0,,,,6.0,,,,1.0,1.0,,3.0,5.0,5.0,,,,,,,15.0,,,1.0,,,3.0,1.0,,5.0,,,,,,,,,,,,1.0,1.0,1.0,1.0,1.0,1.0,7.0,3.0,3.0,3.0,3.0,5.0,6.0,6.0,4.0,2.0,75.0,70.0,80.0,75.0,70.0,75.0,80.0,70.0,40.0,40.0,1.0,2.0,1.0,2.0,1.0,1.0,1.0,1.0,1.0,2.0,1.0,1.0,1.0,1.0,1.0,1.0,1.0,1.0,1.0,1.0,1.0,1.0,1.0,1.0,2.0,1.0,1.0,1.0,1.0,1.0,2.0,1.0,1.0,2.0,2.0,2.0,1.0,2.0,1.0,1.0
707,5,5,5,5,5,5,5,5,1,1,,30.0,,2.0,,,,,,,6.0,,,,1.0,1.0,,2.0,5.0,5.0,,,,,,,,15.0,1.0,,,,3.0,1.0,,5.0,,,,,,,,,,,,1.0,1.0,1.0,1.0,1.0,1.0,6.0,3.0,2.0,3.0,3.0,5.0,6.0,6.0,4.0,2.0,80.0,80.0,85.0,85.0,85.0,85.0,85.0,80.0,20.0,20.0,1.0,2.0,1.0,2.0,2.0,1.0,2.0,1.0,2.0,1.0,1.0,2.0,1.0,2.0,1.0,1.0,1.0,1.0,1.0,1.0,1.0,2.0,1.0,1.0,1.0,2.0,1.0,2.0,2.0,1.0,1.0,1.0,2.0,2.0,1.0,2.0,2.0,1.0,1.0,1.0
674,2,3,3,2,3,3,3,2,2,2,70.0,,2.0,,,,,,,,,6.0,,,1.0,,2.0,,,,3.0,4.0,5.0,,,,15.0,,,1.0,4.0,,,,1.0,5.0,,,,,,,,,,,,1.0,1.0,1.0,1.0,1.0,1.0,6.0,3.0,3.0,3.0,3.0,5.0,5.0,5.0,4.0,2.0,40.0,45.0,45.0,35.0,40.0,40.0,40.0,35.0,30.0,30.0,2.0,1.0,2.0,1.0,1.0,1.0,1.0,1.0,2.0,2.0,1.0,2.0,1.0,1.0,2.0,1.0,1.0,2.0,1.0,1.0,2.0,1.0,1.0,1.0,1.0,1.0,1.0,1.0,2.0,1.0,1.0,2.0,1.0,1.0,2.0,1.0,1.0,1.0,2.0,2.0
492,4,4,4,2,3,4,4,3,2,2,70.0,,5.0,,,,,5.0,4.0,2.0,,6.0,,,1.0,1.0,,3.0,4.0,5.0,,,,,,,,15.0,1.0,,4.0,,,1.0,,,5.0,,,,,,,,,,,1.0,1.0,1.0,1.0,1.0,1.0,6.0,3.0,2.0,3.0,3.0,5.0,6.0,6.0,4.0,2.0,65.0,60.0,60.0,40.0,45.0,60.0,60.0,45.0,40.0,40.0,2.0,2.0,1.0,1.0,2.0,1.0,2.0,2.0,2.0,1.0,2.0,2.0,1.0,2.0,1.0,1.0,1.0,2.0,1.0,1.0,1.0,1.0,1.0,1.0,1.0,1.0,1.0,1.0,1.0,1.0,1.0,1.0,1.0,1.0,1.0,1.0,1.0,1.0,1.0,1.0
969,2,3,3,1,2,3,4,2,1,1,,30.0,2.0,,5.0,4.0,2.0,,,,,6.0,1.0,54.0,,,2.0,,,,,,,2.0,4.0,5.0,15.0,,,1.0,,,2.0,1.0,,,5.0,1.0,1.0,1.0,1.0,1.0,1.0,1.0,1.0,1.0,1.0,,,,,,,6.0,3.0,3.0,3.0,3.0,5.0,6.0,6.0,4.0,,,,,,,,,,,,1.0,2.0,1.0,2.0,1.0,2.0,1.0,1.0,1.0,2.0,1.0,1.0,1.0,2.0,1.0,2.0,1.0,2.0,2.0,2.0,1.0,1.0,1.0,2.0,1.0,2.0,1.0,1.0,2.0,2.0,2.0,1.0,2.0,2.0,1.0,1.0,1.0,2.0,1.0,2.0
1993,5,5,5,4,4,5,5,5,2,2,,30.0,5.0,,5.0,4.0,2.0,,,,,6.0,,,1.0,,2.0,,,,,,,2.0,5.0,5.0,,10.0,1.0,,,,4.0,,,,,,,,,,,,,,,,,,,,,,,,,,,,,,,,,,,,,,,,,1.0,2.0,1.0,1.0,1.0,2.0,1.0,2.0,2.0,1.0,1.0,1.0,1.0,1.0,1.0,2.0,1.0,2.0,1.0,1.0,,,,,,,,,,,,,,,,,,,,
1120,4,4,4,2,3,4,4,3,2,2,,30.0,,2.0,,,,,,,,6.0,1.0,54.0,,,2.0,,,,2.0,4.0,5.0,,,,15.0,,1.0,,,,3.0,,1.0,,5.0,1.0,1.0,1.0,1.0,1.0,1.0,1.0,1.0,1.0,1.0,,,,,,,6.0,3.0,3.0,3.0,3.0,5.0,5.0,5.0,3.0,2.0,,,,,,,,,,,2.0,1.0,1.0,1.0,1.0,1.0,2.0,1.0,1.0,1.0,1.0,1.0,1.0,1.0,1.0,1.0,1.0,1.0,1.0,1.0,1.0,1.0,1.0,2.0,1.0,1.0,1.0,1.0,2.0,1.0,1.0,2.0,1.0,1.0,1.0,2.0,1.0,1.0,1.0,1.0
1053,5,5,5,3,4,5,5,4,2,2,70.0,,,2.0,,,,,,,,6.0,,,1.0,,2.0,,,,,,,2.0,5.0,5.0,,12.0,1.0,,4.0,,,1.0,,,5.0,,,,,,,,,,,1.0,1.0,1.0,1.0,1.0,1.0,7.0,3.0,3.0,3.0,3.0,5.0,6.0,6.0,4.0,,,,,,,,,,,,1.0,2.0,2.0,1.0,1.0,1.0,1.0,2.0,1.0,1.0,1.0,2.0,1.0,1.0,2.0,2.0,1.0,1.0,1.0,1.0,2.0,2.0,1.0,1.0,1.0,1.0,1.0,2.0,1.0,1.0,1.0,2.0,2.0,1.0,1.0,1.0,1.0,1.0,2.0,2.0
520,2,3,3,1,2,2,3,1,4,4,70.0,,,2.0,,,,,,,6.0,,1.0,54.0,,1.0,,,,,,,,2.0,5.0,5.0,15.0,,,1.0,4.0,,,,1.0,5.0,,1.0,1.0,1.0,1.0,1.0,1.0,1.0,1.0,1.0,1.0,,,,,,,6.0,3.0,3.0,3.0,3.0,5.0,5.0,5.0,4.0,2.0,40.0,50.0,50.0,20.0,30.0,30.0,50.0,20.0,60.0,60.0,1.0,1.0,2.0,2.0,1.0,1.0,2.0,2.0,1.0,2.0,1.0,1.0,2.0,2.0,2.0,1.0,2.0,2.0,1.0,2.0,2.0,2.0,1.0,1.0,1.0,1.0,1.0,1.0,1.0,1.0,2.0,1.0,2.0,1.0,1.0,1.0,1.0,1.0,2.0,1.0
453,4,4,4,2,3,4,4,3,2,2,,30.0,2.0,,,,,5.0,4.0,2.0,,6.0,1.0,54.0,,1.0,,3.0,4.0,5.0,,,,,,,,12.0,1.0,,,,3.0,,1.0,,5.0,,,,,,,,,,,1.0,1.0,1.0,1.0,1.0,1.0,7.0,3.0,3.0,3.0,3.0,5.0,6.0,6.0,3.0,2.0,65.0,60.0,60.0,40.0,50.0,60.0,60.0,45.0,35.0,35.0,1.0,1.0,2.0,2.0,2.0,1.0,1.0,2.0,1.0,1.0,1.0,1.0,1.0,2.0,1.0,1.0,2.0,2.0,1.0,1.0,1.0,1.0,1.0,1.0,1.0,1.0,1.0,2.0,1.0,1.0,1.0,1.0,2.0,1.0,1.0,1.0,1.0,2.0,2.0,1.0
1821,5,5,5,5,5,5,5,5,1,1,,30.0,6.0,,5.0,4.0,3.0,,,,6.0,,,,1.0,1.0,,3.0,5.0,5.0,,,,,,,15.0,,1.0,,,3.0,,1.0,,,5.0,,,,,,,,,,,1.0,1.0,1.0,1.0,1.0,1.0,7.0,3.0,3.0,3.0,3.0,6.0,6.0,6.0,4.0,2.0,80.0,80.0,85.0,85.0,80.0,85.0,85.0,80.0,20.0,20.0,1.0,2.0,1.0,1.0,2.0,1.0,1.0,2.0,1.0,2.0,1.0,1.0,1.0,2.0,1.0,1.0,1.0,1.0,1.0,2.0,2.0,1.0,1.0,1.0,1.0,2.0,1.0,1.0,1.0,1.0,2.0,1.0,2.0,1.0,1.0,1.0,1.0,2.0,1.0,2.0
1952,5,5,5,3,4,4,5,5,2,2,,30.0,5.0,,5.0,4.0,2.0,,,,6.0,,,,1.0,1.0,,,,,,,,2.0,5.0,5.0,15.0,,1.0,,4.0,,,1.0,,,5.0,1.0,1.0,1.0,1.0,1.0,1.0,1.0,1.0,1.0,1.0,,,,,,,6.0,3.0,3.0,3.0,3.0,5.0,6.0,6.0,4.0,,,,,,,,,,,,1.0,1.0,1.0,2.0,1.0,1.0,1.0,1.0,1.0,1.0,1.0,2.0,1.0,1.0,1.0,2.0,1.0,1.0,1.0,1.0,1.0,1.0,2.0,1.0,1.0,1.0,1.0,1.0,1.0,1.0,1.0,2.0,1.0,1.0,1.0,1.0,1.0,2.0,1.0,1.0
810,5,4,5,5,5,5,5,4,2,2,40.0,,,2.0,,,,,,,6.0,,1.0,54.0,,1.0,,,,,,,,3.0,5.0,5.0,,15.0,1.0,,,,3.0,1.0,,5.0,,1.0,1.0,1.0,1.0,1.0,1.0,1.0,1.0,1.0,1.0,,,,,,,6.0,3.0,3.0,3.0,3.0,5.0,6.0,6.0,3.0,2.0,75.0,70.0,75.0,75.0,75.0,75.0,75.0,70.0,40.0,40.0,1.0,1.0,2.0,1.0,1.0,1.0,2.0,2.0,1.0,1.0,1.0,2.0,2.0,1.0,1.0,2.0,1.0,2.0,1.0,1.0,2.0,2.0,1.0,1.0,1.0,2.0,1.0,1.0,2.0,2.0,1.0,1.0,2.0,2.0,1.0,1.0,1.0,1.0,1.0,1.0
86,2,3,3,2,3,2,3,2,4,4,,30.0,2.0,,5.0,4.0,2.0,,,,,6.0,,,1.0,1.0,,3.0,4.0,5.0,,,,,,,15.0,,1.0,,,3.0,,1.0,,,,,,,,,,,,,,,,,,,,,,,,,,,,,,,,,,,,,,,,,,,,,,,,,,,,,,,,,,,,,,,,,,,,,,,,,,,,,,,
963,5,5,5,4,4,5,5,5,2,2,70.0,,,2.0,,,,,,,6.0,,,,1.0,,2.0,,,,,,,2.0,5.0,5.0,,15.0,1.0,,,3.0,,1.0,,,5.0,,,,,,,,,,,1.0,1.0,1.0,1.0,1.0,1.0,6.0,3.0,3.0,3.0,3.0,5.0,6.0,6.0,3.0,2.0,75.0,75.0,75.0,65.0,65.0,75.0,75.0,75.0,40.0,40.0,1.0,1.0,2.0,2.0,2.0,2.0,1.0,1.0,1.0,1.0,1.0,2.0,2.0,1.0,1.0,1.0,2.0,1.0,2.0,1.0,1.0,1.0,1.0,1.0,1.0,1.0,2.0,1.0,1.0,1.0,1.0,1.0,2.0,2.0,1.0,1.0,1.0,1.0,2.0,2.0
1999,5,5,5,5,5,5,5,5,1,1,,30.0,5.0,,5.0,4.0,2.0,,,,6.0,,,,1.0,,2.0,,,,2.0,5.0,5.0,,,,15.0,,1.0,,,,2.0,,1.0,,5.0,1.0,1.0,1.0,1.0,1.0,1.0,1.0,1.0,1.0,1.0,,,,,,,7.0,3.0,2.0,2.0,3.0,5.0,6.0,6.0,4.0,,,,,,,,,,,,2.0,1.0,1.0,2.0,2.0,1.0,2.0,1.0,1.0,1.0,1.0,2.0,1.0,2.0,1.0,2.0,1.0,2.0,1.0,1.0,2.0,1.0,1.0,1.0,1.0,1.0,1.0,2.0,1.0,1.0,1.0,1.0,1.0,1.0,1.0,1.0,1.0,1.0,1.0,1.0
1684,2,3,3,1,2,3,4,2,1,1,,30.0,,2.0,5.0,4.0,2.0,,,,,6.0,,,1.0,1.0,,,,,3.0,5.0,5.0,,,,5.0,,,1.0,,,3.0,,1.0,5.0,,,,,,,,,,,,1.0,1.0,1.0,1.0,1.0,1.0,6.0,3.0,3.0,3.0,3.0,5.0,5.0,5.0,3.0,2.0,40.0,50.0,50.0,20.0,30.0,50.0,60.0,30.0,20.0,20.0,1.0,1.0,2.0,2.0,1.0,1.0,1.0,1.0,1.0,2.0,2.0,1.0,2.0,1.0,1.0,1.0,2.0,1.0,1.0,2.0,1.0,2.0,2.0,1.0,2.0,2.0,1.0,2.0,2.0,1.0,2.0,1.0,1.0,2.0,1.0,1.0,2.0,1.0,1.0,1.0
1098,5,5,5,5,5,5,5,5,2,2,,30.0,,2.0,,,,,,,,,,,1.0,1.0,,,,,,,,3.0,5.0,5.0,15.0,,,1.0,4.0,,,,1.0,,5.0,1.0,1.0,1.0,1.0,1.0,1.0,1.0,1.0,1.0,1.0,,,,,,,7.0,3.0,3.0,3.0,5.0,6.0,6.0,6.0,4.0,2.0,85.0,85.0,85.0,85.0,85.0,85.0,85.0,85.0,40.0,40.0,2.0,2.0,1.0,1.0,1.0,1.0,2.0,2.0,1.0,1.0,1.0,2.0,2.0,1.0,1.0,2.0,1.0,1.0,1.0,2.0,1.0,1.0,2.0,1.0,1.0,2.0,1.0,1.0,1.0,2.0,1.0,1.0,2.0,2.0,1.0,1.0,2.0,2.0,1.0,2.0
1511,4,4,5,3,3,5,4,3,2,2,70.0,,,2.0,,,,,,,6.0,,1.0,54.0,,1.0,,,,,3.0,4.0,5.0,,,,15.0,,,1.0,,4.0,,1.0,,,5.0,,,,,,,,,,,1.0,1.0,1.0,1.0,1.0,1.0,6.0,3.0,3.0,3.0,3.0,5.0,6.0,6.0,4.0,2.0,70.0,65.0,75.0,50.0,50.0,75.0,65.0,50.0,35.0,35.0,1.0,1.0,2.0,1.0,1.0,2.0,1.0,2.0,1.0,2.0,1.0,1.0,2.0,1.0,1.0,1.0,2.0,2.0,1.0,1.0,1.0,2.0,2.0,1.0,2.0,1.0,1.0,2.0,2.0,1.0,1.0,2.0,1.0,1.0,1.0,1.0,1.0,1.0,1.0,2.0
1462,2,3,3,2,3,2,3,2,4,3,70.0,,,2.0,5.0,4.0,2.0,,,,,6.0,1.0,54.0,,,2.0,2.0,4.0,5.0,,,,,,,,10.0,1.0,,,4.0,,1.0,,5.0,,,,,,,,,,,,1.0,1.0,1.0,1.0,1.0,1.0,7.0,3.0,3.0,3.0,3.0,5.0,6.0,6.0,3.0,2.0,40.0,50.0,50.0,40.0,50.0,40.0,50.0,40.0,30.0,50.0,1.0,1.0,1.0,1.0,1.0,2.0,1.0,2.0,1.0,1.0,2.0,2.0,1.0,1.0,2.0,1.0,1.0,1.0,1.0,2.0,1.0,1.0,1.0,2.0,1.0,1.0,1.0,1.0,1.0,1.0,1.0,1.0,2.0,2.0,1.0,1.0,1.0,1.0,1.0,1.0
284,4,4,4,2,3,4,4,3,2,2,,30.0,5.0,,5.0,4.0,2.0,,,,6.0,,,,1.0,,2.0,,,,,,,3.0,4.0,5.0,,15.0,,1.0,,4.0,,,1.0,5.0,,,,,,,,,,,,1.0,1.0,1.0,1.0,1.0,1.0,6.0,3.0,3.0,3.0,3.0,5.0,6.0,6.0,4.0,2.0,65.0,60.0,65.0,40.0,45.0,60.0,60.0,45.0,35.0,35.0,1.0,2.0,1.0,1.0,2.0,1.0,1.0,2.0,1.0,2.0,1.0,1.0,1.0,1.0,2.0,2.0,1.0,1.0,2.0,1.0,2.0,1.0,1.0,1.0,2.0,1.0,1.0,1.0,1.0,1.0,1.0,1.0,1.0,1.0,2.0,1.0,1.0,1.0,1.0,1.0
498,2,4,4,2,3,4,4,2,2,2,,30.0,,2.0,,,,,,,,6.0,1.0,54.0,,,2.0,,,,2.0,4.0,5.0,,,,,15.0,1.0,,,3.0,,1.0,,,5.0,1.0,1.0,1.0,1.0,1.0,1.0,1.0,1.0,1.0,1.0,,,,,,,6.0,3.0,3.0,3.0,4.0,5.0,5.0,5.0,3.0,2.0,40.0,60.0,60.0,40.0,50.0,60.0,60.0,40.0,40.0,40.0,2.0,1.0,1.0,2.0,1.0,1.0,2.0,2.0,1.0,1.0,1.0,1.0,1.0,1.0,1.0,1.0,1.0,2.0,2.0,1.0,1.0,1.0,1.0,1.0,1.0,2.0,1.0,1.0,1.0,1.0,1.0,1.0,2.0,1.0,1.0,1.0,1.0,1.0,2.0,1.0
111,2,3,3,2,3,3,3,2,4,3,70.0,,5.0,,,,,5.0,4.0,2.0,6.0,,,,1.0,,2.0,,,,2.0,4.0,5.0,,,,,15.0,,1.0,,3.0,,1.0,,5.0,,1.0,1.0,1.0,1.0,1.0,1.0,1.0,1.0,1.0,1.0,,,,,,,6.0,3.0,3.0,3.0,3.0,5.0,6.0,6.0,3.0,2.0,40.0,50.0,50.0,40.0,50.0,50.0,50.0,40.0,60.0,50.0,2.0,1.0,1.0,2.0,2.0,1.0,1.0,2.0,1.0,1.0,2.0,2.0,1.0,1.0,2.0,2.0,1.0,1.0,1.0,1.0,1.0,2.0,2.0,1.0,1.0,1.0,1.0,1.0,1.0,1.0,1.0,1.0,1.0,1.0,1.0,1.0,1.0,1.0,2.0,2.0
2036,2,3,3,1,2,2,3,1,4,2,70.0,,,2.0,,,,,,,6.0,,,,1.0,,2.0,3.0,4.0,5.0,,,,,,,,15.0,,1.0,,3.0,,,1.0,,5.0,1.0,1.0,1.0,1.0,1.0,1.0,1.0,1.0,1.0,1.0,,,,,,,6.0,3.0,2.0,2.0,3.0,5.0,6.0,6.0,3.0,2.0,40.0,50.0,50.0,20.0,30.0,30.0,50.0,20.0,60.0,30.0,1.0,2.0,2.0,1.0,1.0,1.0,1.0,2.0,1.0,1.0,1.0,1.0,2.0,1.0,1.0,2.0,1.0,1.0,2.0,1.0,1.0,2.0,1.0,1.0,1.0,2.0,1.0,1.0,1.0,2.0,1.0,2.0,1.0,1.0,2.0,1.0,1.0,1.0,1.0,2.0
47,1,2,2,1,2,2,2,1,1,1,70.0,,1.0,,5.0,4.0,2.0,,,,,6.0,,,1.0,,2.0,,,,2.0,4.0,5.0,,,,,15.0,1.0,,4.0,,,,1.0,5.0,,1.0,1.0,1.0,1.0,1.0,1.0,1.0,1.0,1.0,1.0,,,,,,,7.0,3.0,4.0,3.0,3.0,5.0,6.0,5.0,3.0,2.0,20.0,30.0,30.0,20.0,30.0,30.0,30.0,20.0,20.0,20.0,2.0,2.0,1.0,1.0,1.0,1.0,2.0,1.0,2.0,1.0,1.0,2.0,1.0,2.0,1.0,1.0,1.0,1.0,1.0,1.0,1.0,1.0,1.0,1.0,2.0,1.0,1.0,2.0,2.0,1.0,1.0,2.0,1.0,1.0,1.0,1.0,1.0,2.0,1.0,1.0
1958,5,5,5,1,2,5,5,4,1,2,70.0,,2.0,,5.0,4.0,2.0,,,,6.0,,1.0,54.0,,,2.0,2.0,5.0,5.0,,,,,,,,15.0,1.0,,4.0,,,1.0,,5.0,,,,,,,,,,,,1.0,1.0,1.0,1.0,1.0,1.0,7.0,3.0,3.0,3.0,3.0,5.0,6.0,6.0,4.0,2.0,70.0,70.0,70.0,30.0,40.0,70.0,70.0,60.0,30.0,40.0,1.0,2.0,1.0,1.0,2.0,2.0,1.0,1.0,1.0,2.0,2.0,2.0,1.0,1.0,2.0,1.0,1.0,1.0,2.0,1.0,,,,,,,,,,,,,,,,,,,,
1059,2,3,3,1,2,3,3,1,1,1,,30.0,,2.0,,,,,,,6.0,,1.0,54.0,,,2.0,,,,,,,2.0,3.0,4.0,,15.0,,1.0,,4.0,,,1.0,,5.0,,,,,,,,,,,1.0,1.0,1.0,1.0,1.0,1.0,6.0,3.0,2.0,2.0,3.0,5.0,6.0,6.0,3.0,2.0,40.0,50.0,50.0,20.0,30.0,50.0,50.0,20.0,20.0,20.0,2.0,2.0,2.0,2.0,1.0,2.0,2.0,2.0,1.0,2.0,2.0,2.0,2.0,2.0,1.0,2.0,2.0,2.0,1.0,2.0,1.0,2.0,2.0,1.0,2.0,2.0,2.0,2.0,2.0,2.0,2.0,2.0,2.0,2.0,2.0,2.0,2.0,2.0,2.0,2.0
1736,4,4,4,2,3,4,4,3,2,2,,30.0,2.0,,5.0,4.0,2.0,,,,,6.0,1.0,54.0,,,2.0,,,,2.0,4.0,5.0,,,,,10.0,,1.0,4.0,,,,1.0,5.0,,1.0,1.0,1.0,1.0,1.0,1.0,1.0,1.0,1.0,1.0,,,,,,,6.0,3.0,3.0,3.0,3.0,5.0,6.0,6.0,3.0,2.0,65.0,60.0,60.0,40.0,45.0,60.0,60.0,40.0,35.0,35.0,1.0,1.0,1.0,1.0,2.0,2.0,2.0,1.0,1.0,1.0,1.0,1.0,1.0,1.0,2.0,1.0,1.0,2.0,1.0,1.0,1.0,1.0,1.0,1.0,1.0,1.0,2.0,1.0,1.0,1.0,1.0,1.0,1.0,1.0,1.0,1.0,1.0,1.0,2.0,1.0
1645,4,4,4,2,3,4,4,3,2,3,70.0,,,2.0,,,,,,,,6.0,1.0,54.0,,1.0,,3.0,4.0,5.0,,,,,,,15.0,,1.0,,,,4.0,,1.0,4.0,,,,,,,,,,,,1.0,1.0,1.0,1.0,1.0,1.0,6.0,3.0,3.0,3.0,3.0,5.0,6.0,6.0,4.0,2.0,65.0,65.0,65.0,40.0,50.0,65.0,65.0,50.0,40.0,50.0,1.0,2.0,1.0,2.0,1.0,1.0,2.0,1.0,2.0,1.0,1.0,1.0,2.0,1.0,1.0,2.0,1.0,2.0,1.0,1.0,2.0,1.0,1.0,1.0,1.0,1.0,1.0,1.0,1.0,1.0,1.0,1.0,1.0,1.0,1.0,1.0,1.0,1.0,1.0,2.0
459,5,5,5,4,4,5,5,5,1,2,,30.0,,2.0,,,,,,,6.0,,1.0,54.0,,1.0,,,,,2.0,5.0,5.0,,,,15.0,,1.0,,,4.0,,,1.0,,5.0,1.0,1.0,1.0,1.0,1.0,1.0,1.0,1.0,1.0,1.0,,,,,,,7.0,3.0,3.0,3.0,3.0,5.0,6.0,6.0,3.0,,,,,,,,,,,,,,,,,,,,,,,,,,,,,,,,,,,,,,,,,,,,,,,,,,,
336,2,3,3,1,2,4,4,2,1,2,,30.0,,2.0,,,,,,,6.0,,1.0,54.0,,,2.0,3.0,4.0,5.0,,,,,,,15.0,,1.0,,,,,,,,,,,,,,,,,,,,,,,,,,,,,,,,,,,,,,,,,,,,,,,,,,,,,,,,,,,,,,,,,,,,,,,,,,,,,,,,,,,,
245,2,3,3,2,3,3,3,2,4,4,70.0,,,2.0,,,,,,,,6.0,,,1.0,1.0,,,,,,,,2.0,4.0,5.0,15.0,,1.0,,,,,,,,,,,,,,,,,,,,,,,,,,,,,,,,,,,,,,,,,,,,,,,,,,,,,,,,,,,,,,,,,,,,,,,,,,,,,,,,,,,,
32,5,5,5,5,5,5,5,4,1,1,,30.0,5.0,,5.0,4.0,2.0,,,,,6.0,,,1.0,1.0,,2.0,5.0,5.0,,,,,,,,15.0,1.0,,4.0,,,1.0,,,5.0,1.0,1.0,1.0,1.0,1.0,1.0,1.0,1.0,1.0,1.0,,,,,,,7.0,3.0,2.0,3.0,2.0,6.0,7.0,6.0,4.0,2.0,75.0,75.0,75.0,75.0,75.0,75.0,75.0,60.0,20.0,20.0,2.0,1.0,2.0,1.0,1.0,2.0,2.0,1.0,1.0,2.0,1.0,1.0,2.0,1.0,1.0,2.0,1.0,2.0,1.0,1.0,2.0,1.0,1.0,1.0,1.0,2.0,2.0,1.0,1.0,2.0,2.0,1.0,1.0,1.0,1.0,1.0,1.0,1.0,1.0,1.0
6,5,5,5,2,3,4,5,4,2,2,,30.0,2.0,,5.0,4.0,2.0,,,,6.0,,,,1.0,,2.0,,,,,,,2.0,5.0,5.0,15.0,,,1.0,,,,,,,,,,,,,,,,,,,,,,,,,,,,,,,,,,,,,,,,,,,,,,,,,,,,,,,,,,,,,,,,,,,,,,,,,,,,,,,,,,,
2043,5,5,5,4,4,5,5,4,2,2,70.0,,5.0,,,,,5.0,4.0,2.0,6.0,,1.0,54.0,,1.0,,3.0,5.0,5.0,,,,,,,15.0,,,1.0,,3.0,,,1.0,5.0,,1.0,1.0,1.0,1.0,1.0,1.0,1.0,1.0,1.0,1.0,,,,,,,6.0,3.0,2.0,3.0,3.0,5.0,6.0,6.0,4.0,2.0,75.0,75.0,75.0,65.0,65.0,75.0,75.0,65.0,35.0,35.0,1.0,2.0,1.0,2.0,2.0,1.0,2.0,2.0,2.0,2.0,1.0,2.0,2.0,2.0,1.0,1.0,1.0,1.0,2.0,1.0,2.0,2.0,2.0,1.0,1.0,1.0,1.0,2.0,1.0,1.0,2.0,1.0,1.0,2.0,1.0,1.0,2.0,2.0,2.0,1.0
1743,4,4,4,2,3,4,4,3,2,2,,30.0,5.0,,,,,4.0,3.0,2.0,,6.0,,,1.0,1.0,,,,,2.0,4.0,5.0,,,,15.0,,1.0,,,,,,,,,,,,,,,,,,,,,,,,,,,,,,,,,,,,,,,,,,,,,,,,,,,,,,,,,,,,,,,,,,,,,,,,,,,,,,,,,,,,
1630,2,3,3,2,3,3,3,2,4,2,70.0,,,2.0,,,,,,,,6.0,1.0,54.0,,1.0,,,,,,,,2.0,4.0,5.0,,10.0,1.0,,4.0,,,1.0,,5.0,,1.0,1.0,1.0,1.0,1.0,1.0,1.0,1.0,1.0,1.0,,,,,,,,,,,,,,,,,,,,,,,,,,,2.0,2.0,1.0,1.0,1.0,1.0,1.0,2.0,1.0,1.0,1.0,1.0,1.0,1.0,2.0,1.0,1.0,1.0,1.0,1.0,2.0,1.0,2.0,1.0,1.0,1.0,2.0,1.0,1.0,1.0,1.0,1.0,2.0,1.0,1.0,1.0,1.0,2.0,2.0,1.0
343,5,5,5,5,5,5,5,5,2,2,,30.0,,2.0,,,,,,,6.0,,,,1.0,1.0,,,,,2.0,5.0,5.0,,,,15.0,,1.0,,,,3.0,,1.0,5.0,,,,,,,,,,,,1.0,1.0,1.0,1.0,1.0,1.0,7.0,3.0,3.0,3.0,3.0,5.0,6.0,6.0,4.0,,,,,,,,,,,,1.0,2.0,1.0,1.0,1.0,1.0,1.0,2.0,1.0,1.0,1.0,2.0,2.0,1.0,1.0,1.0,1.0,1.0,1.0,1.0,,,,,,,,,,,,,,,,,,,,
230,5,5,5,4,4,5,5,4,2,2,70.0,,5.0,,5.0,4.0,2.0,,,,,6.0,,,1.0,1.0,,,,,2.0,5.0,5.0,,,,15.0,,,1.0,4.0,,,,1.0,,5.0,1.0,1.0,1.0,1.0,1.0,1.0,1.0,1.0,1.0,1.0,,,,,,,7.0,3.0,3.0,3.0,3.0,5.0,6.0,6.0,4.0,2.0,75.0,70.0,75.0,60.0,60.0,75.0,75.0,65.0,40.0,40.0,2.0,1.0,1.0,2.0,2.0,1.0,1.0,1.0,1.0,2.0,2.0,1.0,2.0,1.0,1.0,1.0,1.0,1.0,2.0,1.0,1.0,2.0,1.0,1.0,1.0,2.0,2.0,2.0,1.0,1.0,2.0,1.0,1.0,1.0,2.0,1.0,2.0,1.0,2.0,1.0
865,4,4,4,2,3,3,4,3,2,2,,30.0,,2.0,5.0,4.0,2.0,,,,,6.0,1.0,54.0,,,2.0,3.0,4.0,5.0,,,,,,,,12.0,,1.0,4.0,,,,1.0,4.0,,,,,,,,,,,,1.0,1.0,1.0,1.0,1.0,1.0,6.0,3.0,3.0,3.0,3.0,5.0,6.0,6.0,3.0,2.0,60.0,55.0,60.0,40.0,45.0,50.0,55.0,40.0,35.0,30.0,1.0,2.0,2.0,1.0,1.0,1.0,1.0,1.0,2.0,1.0,1.0,1.0,2.0,2.0,1.0,1.0,1.0,1.0,1.0,1.0,1.0,2.0,1.0,1.0,2.0,1.0,1.0,1.0,1.0,1.0,1.0,1.0,1.0,2.0,2.0,1.0,1.0,1.0,1.0,2.0
916,2,3,3,2,3,3,3,2,4,3,,30.0,,2.0,,,,,,,6.0,,1.0,54.0,,1.0,,,,,,,,2.0,4.0,5.0,,15.0,,1.0,,4.0,,,1.0,,5.0,1.0,1.0,1.0,1.0,1.0,1.0,1.0,1.0,1.0,1.0,,,,,,,6.0,3.0,3.0,3.0,3.0,5.0,5.0,5.0,3.0,2.0,40.0,50.0,50.0,40.0,50.0,50.0,50.0,40.0,60.0,50.0,2.0,2.0,1.0,1.0,2.0,1.0,1.0,1.0,1.0,1.0,2.0,1.0,1.0,2.0,2.0,2.0,2.0,2.0,2.0,2.0,1.0,1.0,1.0,1.0,1.0,1.0,1.0,2.0,1.0,1.0,2.0,2.0,2.0,2.0,1.0,2.0,1.0,2.0,2.0,2.0
1564,5,5,5,5,5,5,5,5,2,2,70.0,,,2.0,,,,,,,,6.0,,,1.0,,2.0,2.0,5.0,5.0,,,,,,,15.0,,1.0,,,,2.0,1.0,,5.0,,1.0,1.0,1.0,1.0,1.0,1.0,1.0,1.0,1.0,1.0,,,,,,,7.0,3.0,3.0,3.0,3.0,5.0,6.0,6.0,4.0,2.0,80.0,80.0,85.0,85.0,85.0,85.0,85.0,80.0,40.0,40.0,1.0,2.0,1.0,1.0,1.0,2.0,2.0,1.0,1.0,2.0,1.0,1.0,2.0,1.0,2.0,2.0,2.0,1.0,2.0,2.0,2.0,1.0,2.0,2.0,2.0,1.0,1.0,1.0,2.0,2.0,1.0,1.0,1.0,1.0,2.0,1.0,1.0,2.0,1.0,1.0
1417,4,4,4,4,4,4,4,4,2,2,,30.0,5.0,,,,,5.0,4.0,2.0,6.0,,,,1.0,,2.0,,,,,,,2.0,4.0,5.0,,10.0,,1.0,,,3.0,1.0,,5.0,,,,,,,,,,,,1.0,1.0,1.0,1.0,1.0,1.0,6.0,2.0,3.0,3.0,3.0,5.0,6.0,6.0,4.0,2.0,70.0,65.0,65.0,60.0,60.0,65.0,60.0,55.0,40.0,40.0,2.0,1.0,2.0,2.0,2.0,1.0,2.0,1.0,1.0,1.0,2.0,1.0,2.0,1.0,2.0,1.0,1.0,1.0,2.0,1.0,1.0,2.0,2.0,1.0,1.0,1.0,1.0,1.0,1.0,1.0,1.0,1.0,1.0,2.0,1.0,1.0,1.0,1.0,1.0,1.0
1782,5,5,5,2,4,5,5,4,2,2,,30.0,,2.0,,,,,,,,6.0,,,1.0,1.0,,,,,2.0,5.0,5.0,,,,15.0,,1.0,,,,4.0,1.0,,,5.0,,,,,,,,,,,1.0,1.0,1.0,1.0,1.0,1.0,7.0,3.0,3.0,3.0,4.0,5.0,6.0,6.0,4.0,2.0,70.0,70.0,70.0,40.0,60.0,70.0,70.0,60.0,40.0,40.0,1.0,2.0,1.0,1.0,2.0,1.0,1.0,1.0,1.0,2.0,1.0,1.0,1.0,1.0,2.0,1.0,1.0,1.0,2.0,2.0,1.0,1.0,1.0,1.0,1.0,1.0,1.0,1.0,2.0,1.0,1.0,1.0,2.0,1.0,2.0,1.0,1.0,2.0,1.0,1.0
1378,1,2,2,1,2,2,3,1,1,1,70.0,,1.0,,,,,5.0,4.0,2.0,,6.0,1.0,54.0,,1.0,,3.0,2.0,3.0,,,,,,,,15.0,,1.0,,3.0,,1.0,,3.0,,1.0,1.0,1.0,1.0,1.0,1.0,1.0,1.0,1.0,1.0,,,,,,,6.0,3.0,2.0,2.0,3.0,5.0,6.0,6.0,4.0,2.0,20.0,30.0,30.0,20.0,30.0,30.0,40.0,20.0,20.0,20.0,2.0,1.0,2.0,1.0,2.0,1.0,2.0,1.0,1.0,1.0,1.0,2.0,2.0,1.0,1.0,2.0,2.0,1.0,2.0,1.0,,,,,,,,,,,,,,,,,,,,
164,2,3,3,2,3,3,3,2,4,3,70.0,,,2.0,,,,,,,,6.0,,,1.0,,2.0,,,,2.0,4.0,5.0,,,,,15.0,1.0,,3.0,,,1.0,,,5.0,,,,,,,,,,,1.0,1.0,1.0,1.0,1.0,1.0,7.0,3.0,2.0,3.0,3.0,5.0,6.0,6.0,3.0,2.0,40.0,50.0,50.0,30.0,40.0,50.0,50.0,30.0,40.0,40.0,2.0,1.0,1.0,2.0,1.0,2.0,1.0,2.0,1.0,1.0,2.0,2.0,2.0,1.0,1.0,2.0,2.0,2.0,1.0,1.0,1.0,1.0,2.0,1.0,1.0,2.0,1.0,1.0,2.0,2.0,1.0,1.0,1.0,2.0,2.0,1.0,2.0,1.0,1.0,2.0
382,4,4,4,2,3,4,4,3,2,2,70.0,,,2.0,,,,,,,,6.0,,,1.0,1.0,,3.0,4.0,5.0,,,,,,,,15.0,,1.0,4.0,,,1.0,,,5.0,,,,,,,,,,,1.0,1.0,1.0,1.0,1.0,1.0,6.0,3.0,3.0,3.0,3.0,5.0,6.0,6.0,4.0,2.0,65.0,65.0,65.0,40.0,50.0,65.0,65.0,50.0,40.0,40.0,2.0,2.0,1.0,1.0,1.0,2.0,2.0,1.0,2.0,1.0,1.0,2.0,2.0,1.0,1.0,1.0,2.0,1.0,2.0,2.0,1.0,1.0,2.0,1.0,1.0,1.0,2.0,1.0,1.0,1.0,1.0,1.0,1.0,2.0,1.0,1.0,1.0,1.0,2.0,2.0
778,5,5,5,4,4,5,5,4,2,2,70.0,,5.0,,5.0,4.0,2.0,,,,6.0,,1.0,54.0,,,2.0,,,,2.0,5.0,5.0,,,,,15.0,,1.0,,,3.0,,1.0,5.0,,1.0,1.0,1.0,1.0,1.0,1.0,1.0,1.0,1.0,1.0,,,,,,,7.0,3.0,3.0,3.0,3.0,5.0,6.0,6.0,3.0,2.0,75.0,70.0,75.0,60.0,60.0,75.0,70.0,60.0,40.0,40.0,1.0,2.0,1.0,2.0,2.0,2.0,1.0,2.0,2.0,1.0,1.0,2.0,1.0,2.0,2.0,2.0,2.0,1.0,1.0,1.0,2.0,2.0,1.0,1.0,2.0,2.0,1.0,1.0,2.0,1.0,2.0,2.0,1.0,1.0,1.0,2.0,2.0,1.0,1.0,2.0
895,4,4,4,2,3,4,4,4,2,3,,30.0,5.0,,,,,5.0,4.0,2.0,6.0,,,,1.0,,2.0,,,,2.0,5.0,5.0,,,,15.0,,,1.0,4.0,,,,1.0,,5.0,,,,,,,,,,,1.0,1.0,1.0,1.0,1.0,1.0,7.0,3.0,3.0,3.0,3.0,5.0,6.0,6.0,3.0,2.0,70.0,65.0,65.0,40.0,50.0,65.0,65.0,65.0,40.0,50.0,1.0,1.0,2.0,1.0,1.0,2.0,1.0,2.0,2.0,1.0,1.0,1.0,2.0,1.0,1.0,1.0,2.0,2.0,1.0,1.0,1.0,1.0,1.0,2.0,1.0,1.0,1.0,1.0,1.0,2.0,1.0,1.0,1.0,2.0,1.0,1.0,2.0,1.0,1.0,1.0
372,2,3,3,1,2,3,3,2,1,2,70.0,,5.0,,5.0,4.0,2.0,,,,6.0,,1.0,54.0,,,2.0,,,,,,,3.0,4.0,5.0,,15.0,1.0,,,,3.0,,1.0,5.0,,,,,,,,,,,,1.0,1.0,1.0,1.0,1.0,1.0,6.0,3.0,2.0,3.0,3.0,5.0,6.0,6.0,4.0,,,,,,,,,,,,1.0,1.0,2.0,2.0,1.0,1.0,1.0,2.0,1.0,1.0,2.0,2.0,1.0,1.0,1.0,1.0,2.0,1.0,1.0,2.0,1.0,1.0,1.0,1.0,2.0,2.0,1.0,1.0,2.0,1.0,2.0,1.0,1.0,1.0,1.0,1.0,1.0,1.0,2.0,1.0
788,5,5,5,5,5,5,5,5,2,3,70.0,,,1.0,,,,,,,,7.0,,,1.0,,2.0,,,,,,,3.0,5.0,5.0,15.0,,1.0,,4.0,,,,1.0,5.0,,1.0,1.0,1.0,1.0,1.0,1.0,1.0,1.0,1.0,1.0,,,,,,,6.0,3.0,3.0,3.0,3.0,5.0,6.0,6.0,4.0,2.0,80.0,80.0,80.0,80.0,80.0,80.0,80.0,80.0,40.0,50.0,2.0,1.0,2.0,1.0,1.0,1.0,2.0,1.0,1.0,1.0,2.0,2.0,1.0,2.0,1.0,2.0,1.0,1.0,1.0,2.0,2.0,1.0,1.0,1.0,1.0,2.0,1.0,1.0,1.0,2.0,1.0,1.0,2.0,1.0,1.0,1.0,1.0,1.0,1.0,1.0
201,5,4,5,4,4,5,5,4,2,3,,30.0,,2.0,,,,,,,,6.0,,,1.0,,2.0,,,,2.0,5.0,5.0,,,,,10.0,,1.0,,4.0,,,1.0,,5.0,1.0,1.0,1.0,1.0,1.0,1.0,1.0,1.0,1.0,1.0,,,,,,,7.0,3.0,3.0,3.0,3.0,5.0,6.0,6.0,4.0,2.0,75.0,65.0,75.0,60.0,60.0,75.0,75.0,65.0,40.0,50.0,2.0,2.0,1.0,2.0,1.0,1.0,1.0,1.0,1.0,1.0,1.0,2.0,1.0,1.0,1.0,1.0,2.0,2.0,2.0,1.0,1.0,1.0,2.0,1.0,2.0,1.0,2.0,1.0,1.0,1.0,1.0,1.0,1.0,1.0,2.0,2.0,1.0,1.0,1.0,1.0
194,4,4,4,2,3,4,4,3,2,3,,30.0,,2.0,,,,,,,,6.0,,,1.0,,2.0,,,,,,,3.0,4.0,5.0,,15.0,,1.0,,3.0,,1.0,,,5.0,,,,,,,,,,,1.0,1.0,1.0,1.0,1.0,1.0,6.0,3.0,2.0,3.0,3.0,5.0,6.0,6.0,3.0,2.0,65.0,60.0,60.0,40.0,45.0,60.0,60.0,40.0,35.0,45.0,1.0,1.0,2.0,1.0,2.0,1.0,2.0,1.0,2.0,2.0,1.0,2.0,1.0,1.0,2.0,1.0,1.0,2.0,1.0,1.0,1.0,2.0,1.0,1.0,2.0,2.0,1.0,1.0,1.0,1.0,1.0,1.0,2.0,1.0,1.0,1.0,1.0,1.0,1.0,1.0
1772,5,5,5,4,4,5,5,4,2,2,,30.0,5.0,,,,,5.0,4.0,2.0,,6.0,1.0,54.0,,,2.0,3.0,5.0,5.0,,,,,,,,10.0,1.0,,,4.0,,,1.0,,5.0,,,,,,,,,,,1.0,1.0,1.0,1.0,1.0,1.0,7.0,3.0,3.0,3.0,3.0,5.0,6.0,6.0,4.0,2.0,75.0,75.0,75.0,65.0,65.0,75.0,75.0,65.0,40.0,40.0,1.0,2.0,1.0,1.0,1.0,1.0,2.0,2.0,2.0,2.0,1.0,1.0,1.0,1.0,2.0,2.0,1.0,1.0,1.0,1.0,1.0,1.0,1.0,1.0,1.0,1.0,2.0,1.0,1.0,1.0,1.0,1.0,1.0,1.0,1.0,2.0,1.0,1.0,1.0,2.0
1388,5,5,5,2,3,5,5,5,1,2,,30.0,,2.0,,,,,,,6.0,,,,1.0,,2.0,,,,,,,3.0,5.0,5.0,15.0,,1.0,,,4.0,,,1.0,,5.0,,,,,,,,,,,1.0,1.0,1.0,1.0,1.0,1.0,7.0,3.0,2.0,2.0,3.0,5.0,6.0,6.0,4.0,2.0,75.0,70.0,75.0,40.0,50.0,75.0,75.0,75.0,20.0,30.0,1.0,1.0,2.0,1.0,1.0,1.0,2.0,1.0,1.0,1.0,1.0,1.0,2.0,1.0,2.0,1.0,2.0,1.0,1.0,1.0,1.0,1.0,1.0,1.0,1.0,1.0,1.0,2.0,1.0,2.0,1.0,1.0,1.0,1.0,1.0,1.0,1.0,1.0,1.0,1.0
1601,2,3,3,2,3,3,3,2,4,3,,30.0,,2.0,,,,,,,6.0,,,,1.0,,2.0,,,,,,,2.0,4.0,5.0,,15.0,,1.0,,,3.0,,,,,,,,,,,,,,,,,,,,,,,,,,,,,,2.0,40.0,50.0,50.0,40.0,50.0,50.0,50.0,40.0,60.0,50.0,1.0,2.0,2.0,2.0,1.0,1.0,2.0,1.0,1.0,1.0,2.0,2.0,1.0,1.0,1.0,1.0,2.0,1.0,1.0,1.0,1.0,1.0,2.0,1.0,1.0,1.0,2.0,2.0,2.0,1.0,1.0,2.0,2.0,1.0,1.0,1.0,1.0,2.0,1.0,1.0
1594,2,3,3,1,2,3,3,2,1,2,70.0,,2.0,,,,,5.0,4.0,2.0,,6.0,,,1.0,1.0,,,,,2.0,4.0,5.0,,,,15.0,,,1.0,,,3.0,,1.0,5.0,,,,,,,,,,,,1.0,1.0,1.0,1.0,1.0,1.0,7.0,3.0,3.0,3.0,3.0,5.0,6.0,6.0,4.0,2.0,40.0,50.0,50.0,20.0,30.0,50.0,50.0,40.0,20.0,30.0,1.0,2.0,1.0,2.0,1.0,1.0,2.0,1.0,1.0,1.0,2.0,2.0,1.0,1.0,1.0,1.0,1.0,2.0,1.0,2.0,1.0,1.0,1.0,1.0,2.0,1.0,1.0,2.0,2.0,1.0,1.0,1.0,1.0,1.0,2.0,2.0,1.0,2.0,1.0,1.0
854,5,5,5,4,4,5,5,5,1,3,,30.0,,2.0,,,,,,,,6.0,,,1.0,,2.0,,,,,,,2.0,5.0,5.0,15.0,,,1.0,,3.0,,,1.0,,5.0,1.0,1.0,1.0,1.0,1.0,1.0,1.0,1.0,1.0,1.0,,,,,,,6.0,3.0,2.0,3.0,3.0,5.0,6.0,6.0,4.0,2.0,75.0,70.0,75.0,60.0,60.0,75.0,75.0,70.0,30.0,50.0,2.0,1.0,2.0,1.0,1.0,1.0,2.0,1.0,1.0,1.0,1.0,2.0,2.0,1.0,1.0,1.0,1.0,2.0,2.0,1.0,1.0,1.0,1.0,2.0,1.0,1.0,2.0,1.0,2.0,2.0,2.0,1.0,1.0,1.0,2.0,1.0,2.0,2.0,1.0,1.0
927,2,3,3,2,3,3,3,2,4,4,70.0,,2.0,,5.0,4.0,2.0,,,,6.0,,1.0,54.0,,,2.0,,,,,,,3.0,4.0,5.0,15.0,,1.0,,,4.0,,,1.0,,5.0,,,,,,,,,,,1.0,1.0,1.0,1.0,1.0,1.0,6.0,2.0,3.0,3.0,3.0,5.0,6.0,6.0,4.0,2.0,40.0,50.0,50.0,40.0,50.0,50.0,50.0,40.0,60.0,60.0,1.0,1.0,1.0,1.0,2.0,2.0,1.0,1.0,1.0,1.0,2.0,2.0,1.0,1.0,1.0,1.0,2.0,1.0,2.0,1.0,1.0,1.0,1.0,1.0,2.0,1.0,1.0,1.0,1.0,2.0,1.0,1.0,2.0,1.0,1.0,2.0,2.0,1.0,1.0,1.0
155,2,3,3,1,2,3,3,2,1,1,,30.0,,2.0,,,,,,,6.0,,,,1.0,1.0,,2.0,4.0,5.0,,,,,,,15.0,,,1.0,,3.0,,1.0,,5.0,,,,,,,,,,,,1.0,1.0,1.0,1.0,1.0,1.0,6.0,3.0,2.0,3.0,3.0,5.0,6.0,6.0,3.0,,,,,,,,,,,,,,,,,,,,,,,,,,,,,,,,,,,,,,,,,,,,,,,,,,,
749,4,4,4,2,3,4,4,3,2,2,,30.0,,2.0,5.0,4.0,2.0,,,,,6.0,,,1.0,,2.0,3.0,4.0,5.0,,,,,,,,15.0,,1.0,,4.0,,,1.0,,5.0,1.0,1.0,1.0,1.0,1.0,1.0,1.0,1.0,1.0,1.0,,,,,,,7.0,3.0,3.0,3.0,3.0,6.0,6.0,6.0,4.0,2.0,65.0,60.0,60.0,40.0,50.0,60.0,60.0,50.0,40.0,40.0,1.0,2.0,1.0,2.0,1.0,1.0,1.0,1.0,1.0,1.0,2.0,2.0,2.0,2.0,2.0,1.0,1.0,1.0,1.0,1.0,2.0,1.0,1.0,1.0,1.0,1.0,2.0,1.0,1.0,1.0,1.0,1.0,2.0,1.0,1.0,1.0,1.0,2.0,1.0,2.0
1555,4,4,4,3,3,4,4,3,2,2,70.0,,5.0,,5.0,4.0,2.0,,,,,6.0,1.0,54.0,,1.0,,3.0,4.0,5.0,,,,,,,15.0,,,1.0,,,3.0,1.0,,5.0,,1.0,1.0,1.0,1.0,1.0,1.0,1.0,1.0,1.0,1.0,,,,,,,6.0,3.0,2.0,2.0,3.0,5.0,6.0,6.0,4.0,2.0,65.0,60.0,60.0,50.0,50.0,60.0,60.0,50.0,40.0,40.0,1.0,1.0,1.0,1.0,1.0,2.0,2.0,2.0,2.0,1.0,2.0,2.0,1.0,1.0,1.0,1.0,1.0,1.0,1.0,2.0,1.0,2.0,1.0,1.0,1.0,2.0,1.0,1.0,1.0,2.0,1.0,1.0,1.0,2.0,1.0,1.0,2.0,1.0,1.0,2.0
1426,3,4,4,2,3,4,4,3,2,2,,30.0,,2.0,,,,,,,6.0,,,,1.0,,2.0,3.0,4.0,5.0,,,,,,,15.0,,,1.0,,,3.0,,1.0,5.0,,1.0,1.0,1.0,1.0,1.0,1.0,1.0,1.0,1.0,1.0,,,,,,,6.0,3.0,3.0,3.0,3.0,5.0,6.0,6.0,3.0,2.0,50.0,60.0,60.0,40.0,50.0,60.0,60.0,50.0,40.0,40.0,1.0,2.0,2.0,1.0,1.0,2.0,2.0,1.0,2.0,2.0,2.0,1.0,1.0,2.0,1.0,1.0,2.0,2.0,1.0,1.0,,,,,,,,,,,,,,,,,,,,
1349,2,4,4,2,3,3,4,2,2,3,70.0,,,2.0,,,,,,,6.0,,1.0,54.0,,1.0,,2.0,4.0,5.0,,,,,,,,15.0,,1.0,,,3.0,,1.0,5.0,,1.0,1.0,1.0,1.0,1.0,1.0,1.0,1.0,1.0,1.0,,,,,,,6.0,3.0,2.0,3.0,3.0,5.0,6.0,5.0,3.0,2.0,40.0,60.0,60.0,30.0,40.0,40.0,60.0,30.0,30.0,40.0,2.0,2.0,2.0,1.0,1.0,1.0,1.0,2.0,1.0,1.0,1.0,2.0,2.0,1.0,2.0,2.0,1.0,1.0,1.0,1.0,1.0,2.0,1.0,2.0,1.0,2.0,1.0,1.0,2.0,2.0,1.0,1.0,2.0,1.0,1.0,2.0,1.0,2.0,2.0,1.0
821,5,5,5,3,4,5,5,4,2,2,,30.0,,2.0,,,,,,,,6.0,1.0,54.0,,1.0,,,,,2.0,5.0,5.0,,,,15.0,,,1.0,4.0,,,1.0,,,5.0,1.0,1.0,1.0,1.0,1.0,1.0,1.0,1.0,1.0,1.0,,,,,,,6.0,3.0,2.0,3.0,3.0,5.0,6.0,6.0,4.0,2.0,75.0,70.0,75.0,50.0,60.0,70.0,70.0,60.0,40.0,40.0,2.0,1.0,2.0,1.0,2.0,2.0,1.0,1.0,1.0,1.0,1.0,2.0,1.0,2.0,1.0,1.0,1.0,1.0,2.0,1.0,2.0,2.0,1.0,1.0,2.0,1.0,2.0,1.0,1.0,2.0,2.0,1.0,1.0,2.0,1.0,2.0,1.0,1.0,1.0,2.0
952,5,5,5,5,5,5,5,5,2,2,70.0,,5.0,,5.0,4.0,2.0,,,,,6.0,1.0,54.0,,1.0,,,,,,,,2.0,5.0,5.0,,15.0,1.0,,,3.0,,,1.0,5.0,,1.0,1.0,1.0,1.0,1.0,1.0,1.0,1.0,1.0,1.0,,,,,,,6.0,3.0,3.0,3.0,3.0,5.0,6.0,6.0,4.0,2.0,80.0,75.0,80.0,85.0,80.0,85.0,80.0,75.0,40.0,40.0,1.0,1.0,1.0,2.0,2.0,2.0,2.0,1.0,1.0,1.0,2.0,2.0,1.0,1.0,2.0,1.0,1.0,1.0,1.0,1.0,2.0,1.0,1.0,2.0,1.0,1.0,2.0,1.0,2.0,1.0,1.0,2.0,2.0,1.0,1.0,1.0,1.0,1.0,2.0,1.0
120,2,3,3,2,3,3,4,2,1,2,70.0,,,2.0,,,,,,,,6.0,,,1.0,,2.0,3.0,4.0,5.0,,,,,,,15.0,,1.0,,4.0,,,,1.0,,5.0,1.0,1.0,1.0,1.0,1.0,1.0,1.0,1.0,1.0,1.0,,,,,,,6.0,3.0,3.0,3.0,3.0,5.0,6.0,6.0,4.0,2.0,40.0,50.0,50.0,40.0,50.0,50.0,60.0,40.0,20.0,30.0,2.0,1.0,1.0,2.0,1.0,2.0,1.0,1.0,1.0,2.0,2.0,2.0,1.0,1.0,1.0,2.0,2.0,1.0,2.0,2.0,1.0,2.0,1.0,1.0,2.0,1.0,2.0,1.0,1.0,2.0,2.0,2.0,2.0,1.0,2.0,1.0,1.0,1.0,2.0,2.0
1520,4,4,4,2,3,4,4,3,2,2,70.0,,5.0,,5.0,4.0,3.0,,,,6.0,,1.0,54.0,,,2.0,,,,2.0,5.0,5.0,,,,,12.0,,1.0,,,3.0,1.0,,,5.0,1.0,1.0,1.0,1.0,1.0,1.0,1.0,1.0,1.0,1.0,,,,,,,6.0,3.0,3.0,3.0,3.0,5.0,6.0,6.0,4.0,2.0,65.0,60.0,60.0,40.0,50.0,60.0,60.0,45.0,35.0,35.0,1.0,1.0,1.0,2.0,2.0,1.0,1.0,1.0,1.0,2.0,1.0,1.0,2.0,2.0,1.0,2.0,1.0,1.0,1.0,1.0,1.0,2.0,2.0,1.0,1.0,2.0,1.0,1.0,1.0,1.0,1.0,1.0,2.0,1.0,1.0,1.0,1.0,1.0,1.0,1.0
1453,2,3,3,2,3,3,4,2,4,3,,30.0,,2.0,,,,,,,,6.0,,,1.0,1.0,,3.0,4.0,5.0,,,,,,,15.0,,,1.0,,,2.0,1.0,,5.0,,,,,,,,,,,,1.0,1.0,1.0,1.0,1.0,1.0,6.0,3.0,3.0,3.0,3.0,5.0,6.0,6.0,3.0,2.0,40.0,50.0,50.0,40.0,50.0,50.0,60.0,40.0,60.0,50.0,2.0,1.0,2.0,2.0,2.0,1.0,2.0,2.0,1.0,1.0,1.0,1.0,1.0,1.0,2.0,2.0,1.0,2.0,1.0,1.0,2.0,1.0,1.0,2.0,1.0,2.0,2.0,2.0,2.0,1.0,2.0,2.0,2.0,2.0,1.0,1.0,2.0,2.0,1.0,1.0
1969,5,5,5,5,5,5,5,5,2,2,70.0,,6.0,,,,,5.0,4.0,2.0,6.0,,,,1.0,,2.0,,,,3.0,5.0,5.0,,,,15.0,,1.0,,,4.0,,2.0,,,5.0,,,,,,,,,,,1.0,1.0,1.0,1.0,1.0,1.0,7.0,3.0,3.0,3.0,3.0,5.0,6.0,6.0,4.0,2.0,75.0,70.0,80.0,75.0,70.0,80.0,75.0,70.0,40.0,40.0,2.0,1.0,1.0,1.0,2.0,1.0,1.0,1.0,1.0,1.0,2.0,1.0,1.0,1.0,1.0,2.0,1.0,1.0,1.0,1.0,1.0,1.0,2.0,1.0,1.0,2.0,2.0,1.0,2.0,1.0,2.0,1.0,2.0,1.0,1.0,1.0,1.0,1.0,2.0,1.0
2007,5,5,5,5,5,5,5,5,2,2,70.0,,,,,,,,,,,6.0,1.0,54.0,,1.0,,3.0,5.0,5.0,,,,,,,,15.0,1.0,,,,3.0,1.0,,5.0,,1.0,1.0,1.0,1.0,1.0,1.0,1.0,1.0,1.0,1.0,,,,,,,6.0,3.0,3.0,3.0,3.0,5.0,6.0,6.0,4.0,,,,,,,,,,,,1.0,2.0,2.0,1.0,1.0,1.0,1.0,1.0,2.0,1.0,1.0,2.0,1.0,1.0,1.0,2.0,1.0,1.0,1.0,1.0,2.0,1.0,1.0,1.0,1.0,2.0,1.0,1.0,1.0,1.0,1.0,1.0,1.0,1.0,2.0,1.0,1.0,2.0,1.0,1.0
993,5,5,5,5,5,5,5,5,2,2,70.0,,,2.0,5.0,4.0,2.0,,,,,6.0,,,1.0,1.0,,3.0,5.0,5.0,,,,,,,,15.0,,1.0,,,3.0,1.0,,,5.0,,,,,,,,,,,1.0,1.0,1.0,1.0,1.0,1.0,7.0,3.0,3.0,3.0,3.0,5.0,6.0,6.0,4.0,2.0,75.0,75.0,80.0,70.0,70.0,80.0,75.0,70.0,40.0,40.0,2.0,1.0,2.0,2.0,1.0,1.0,2.0,1.0,2.0,1.0,2.0,1.0,1.0,2.0,1.0,1.0,1.0,1.0,1.0,2.0,,,,,,,,,,,,,,,,,,,,
76,1,2,2,1,2,2,2,1,1,1,,30.0,1.0,,,,,5.0,4.0,2.0,6.0,,,,1.0,1.0,,,,,,,,1.0,1.0,2.0,,15.0,,2.0,,3.0,,1.0,,2.0,,1.0,1.0,1.0,1.0,1.0,1.0,1.0,1.0,1.0,1.0,,,,,,,6.0,2.0,2.0,2.0,2.0,6.0,6.0,6.0,1.0,,,,,,,,,,,,2.0,1.0,2.0,1.0,1.0,2.0,1.0,1.0,2.0,2.0,2.0,2.0,2.0,1.0,2.0,1.0,2.0,2.0,1.0,1.0,1.0,2.0,1.0,2.0,1.0,2.0,2.0,2.0,2.0,2.0,2.0,2.0,2.0,2.0,2.0,1.0,2.0,2.0,1.0,2.0
468,2,3,3,2,3,4,4,2,2,2,70.0,,2.0,,,,,5.0,4.0,2.0,,6.0,1.0,54.0,,1.0,,,,,,,,3.0,4.0,5.0,15.0,,,1.0,4.0,,,1.0,,5.0,,1.0,1.0,1.0,1.0,1.0,1.0,1.0,1.0,1.0,1.0,,,,,,,6.0,3.0,3.0,3.0,3.0,5.0,6.0,6.0,4.0,2.0,40.0,50.0,50.0,40.0,50.0,60.0,60.0,40.0,40.0,40.0,2.0,2.0,1.0,2.0,1.0,2.0,2.0,2.0,1.0,1.0,2.0,1.0,1.0,2.0,2.0,1.0,1.0,1.0,1.0,1.0,1.0,1.0,2.0,1.0,1.0,1.0,1.0,2.0,1.0,1.0,2.0,1.0,1.0,1.0,1.0,2.0,1.0,2.0,1.0,1.0
307,2,3,3,1,2,2,3,1,4,2,,30.0,,2.0,,,,,,,,6.0,1.0,54.0,,1.0,,,,,2.0,4.0,5.0,,,,15.0,,1.0,,,,3.0,,1.0,,,,,,,,,,,,,,,,,,,,,,,,,,,,2.0,,,,,,,,,,,,,,,,,,,,,,,,,,,,,,,,,,,,,,,,,,,,,,,,,,
274,2,3,3,1,2,3,3,1,1,1,,30.0,2.0,,5.0,4.0,2.0,,,,6.0,,1.0,54.0,,,2.0,,,,,,,3.0,4.0,5.0,,10.0,,1.0,,3.0,,,1.0,5.0,,1.0,1.0,1.0,1.0,1.0,1.0,1.0,1.0,1.0,1.0,,,,,,,7.0,3.0,2.0,2.0,3.0,5.0,6.0,6.0,4.0,2.0,40.0,50.0,50.0,20.0,30.0,50.0,50.0,20.0,20.0,20.0,2.0,1.0,2.0,1.0,1.0,1.0,2.0,1.0,1.0,2.0,1.0,1.0,2.0,2.0,1.0,1.0,1.0,1.0,2.0,1.0,1.0,1.0,1.0,1.0,1.0,1.0,1.0,1.0,1.0,2.0,2.0,1.0,1.0,1.0,1.0,1.0,1.0,1.0,1.0,1.0
1068,2,3,3,1,2,3,3,2,1,1,70.0,,5.0,,5.0,4.0,2.0,,,,,6.0,1.0,54.0,,1.0,,,,,2.0,4.0,5.0,,,,15.0,,,1.0,4.0,,,1.0,,,5.0,1.0,1.0,1.0,1.0,1.0,1.0,1.0,1.0,1.0,1.0,,,,,,,6.0,3.0,2.0,2.0,3.0,5.0,6.0,6.0,4.0,2.0,40.0,50.0,50.0,20.0,30.0,50.0,50.0,40.0,20.0,20.0,2.0,1.0,2.0,1.0,2.0,1.0,1.0,1.0,1.0,1.0,1.0,2.0,2.0,1.0,1.0,1.0,1.0,1.0,1.0,2.0,1.0,1.0,1.0,1.0,1.0,1.0,1.0,1.0,1.0,2.0,2.0,1.0,2.0,1.0,1.0,1.0,2.0,1.0,1.0,1.0
1492,5,5,5,5,5,5,5,5,2,2,,30.0,5.0,,,,,5.0,4.0,2.0,,6.0,,,1.0,1.0,,3.0,5.0,5.0,,,,,,,,15.0,,1.0,4.0,,,1.0,,5.0,,,,,,,,,,,,1.0,1.0,1.0,1.0,1.0,1.0,7.0,3.0,3.0,3.0,3.0,5.0,6.0,6.0,4.0,2.0,80.0,80.0,85.0,85.0,80.0,85.0,85.0,80.0,40.0,40.0,2.0,2.0,1.0,2.0,1.0,1.0,1.0,2.0,2.0,2.0,2.0,1.0,2.0,2.0,1.0,2.0,1.0,2.0,2.0,2.0,1.0,1.0,2.0,2.0,1.0,2.0,1.0,2.0,1.0,1.0,1.0,2.0,2.0,1.0,1.0,2.0,1.0,2.0,1.0,2.0
1707,5,5,5,3,4,4,5,4,2,2,70.0,,5.0,,,,,5.0,4.0,2.0,,6.0,,,1.0,,2.0,3.0,5.0,5.0,,,,,,,,15.0,1.0,,,,3.0,1.0,,,5.0,1.0,1.0,1.0,1.0,1.0,1.0,1.0,1.0,1.0,1.0,,,,,,,7.0,3.0,3.0,3.0,3.0,5.0,6.0,6.0,4.0,2.0,80.0,75.0,80.0,50.0,60.0,60.0,80.0,65.0,40.0,40.0,1.0,1.0,2.0,1.0,1.0,2.0,1.0,1.0,2.0,2.0,1.0,1.0,1.0,1.0,1.0,1.0,1.0,1.0,1.0,2.0,2.0,1.0,1.0,2.0,1.0,1.0,1.0,1.0,2.0,1.0,1.0,1.0,1.0,2.0,1.0,1.0,1.0,1.0,1.0,1.0
1674,5,5,5,5,5,5,5,5,2,2,70.0,,,2.0,,,,,,,,6.0,,,1.0,1.0,,,,,,,,3.0,5.0,5.0,15.0,,1.0,,4.0,,,1.0,,,5.0,,,,,,,,,,,1.0,1.0,1.0,1.0,1.0,1.0,6.0,3.0,3.0,3.0,3.0,5.0,6.0,6.0,3.0,,,,,,,,,,,,2.0,1.0,1.0,2.0,2.0,2.0,1.0,1.0,1.0,2.0,1.0,1.0,1.0,1.0,1.0,2.0,1.0,2.0,1.0,1.0,1.0,1.0,2.0,2.0,2.0,1.0,2.0,1.0,1.0,2.0,1.0,1.0,1.0,1.0,1.0,2.0,1.0,2.0,2.0,1.0
736,5,5,5,4,4,5,5,4,2,3,70.0,,5.0,,5.0,4.0,2.0,,,,,6.0,,,1.0,,2.0,,,,,,,2.0,5.0,5.0,15.0,,,1.0,3.0,,,,1.0,,5.0,1.0,1.0,1.0,1.0,1.0,1.0,1.0,1.0,1.0,1.0,,,,,,,6.0,3.0,3.0,3.0,3.0,5.0,6.0,6.0,3.0,,,,,,,,,,,,1.0,2.0,1.0,2.0,1.0,1.0,1.0,2.0,1.0,2.0,2.0,1.0,2.0,1.0,2.0,1.0,1.0,1.0,2.0,1.0,1.0,1.0,2.0,1.0,1.0,2.0,1.0,1.0,1.0,1.0,2.0,1.0,1.0,1.0,1.0,1.0,2.0,1.0,1.0,1.0
645,2,4,4,2,3,3,4,2,1,1,70.0,,,2.0,,,,,,,,6.0,1.0,54.0,,,2.0,,,,,,,2.0,4.0,,,,,1.0,,4.0,,,1.0,,5.0,1.0,1.0,1.0,1.0,1.0,1.0,1.0,1.0,1.0,1.0,,,,,,,6.0,3.0,3.0,3.0,3.0,5.0,6.0,6.0,3.0,2.0,40.0,60.0,60.0,40.0,50.0,50.0,60.0,40.0,20.0,20.0,1.0,2.0,1.0,2.0,1.0,1.0,2.0,1.0,1.0,2.0,2.0,1.0,2.0,2.0,1.0,1.0,2.0,2.0,1.0,1.0,1.0,2.0,1.0,1.0,1.0,1.0,1.0,1.0,2.0,1.0,1.0,1.0,1.0,1.0,1.0,1.0,1.0,2.0,2.0,2.0
1336,1,2,2,1,2,2,3,1,1,1,70.0,,,1.0,,,,,,,6.0,,1.0,54.0,,,2.0,,,,,,,2.0,4.0,5.0,,15.0,,1.0,,,3.0,1.0,,5.0,,,,,,,,,,,,1.0,1.0,1.0,1.0,1.0,1.0,6.0,2.0,3.0,3.0,3.0,5.0,6.0,6.0,,,,,,,,,,,,,2.0,2.0,1.0,1.0,1.0,1.0,1.0,2.0,1.0,1.0,1.0,1.0,1.0,2.0,1.0,1.0,2.0,2.0,1.0,1.0,1.0,1.0,1.0,2.0,1.0,1.0,2.0,1.0,1.0,2.0,2.0,2.0,1.0,2.0,2.0,1.0,1.0,2.0,1.0,1.0
1245,5,5,5,3,4,5,5,4,2,2,70.0,,5.0,,,,,5.0,4.0,2.0,6.0,,,,1.0,,2.0,,,,,,,2.0,5.0,5.0,15.0,,,1.0,,,3.0,1.0,,,5.0,1.0,1.0,1.0,1.0,1.0,1.0,1.0,1.0,1.0,1.0,,,,,,,6.0,3.0,3.0,3.0,3.0,5.0,6.0,6.0,4.0,2.0,70.0,70.0,70.0,50.0,60.0,70.0,70.0,60.0,40.0,40.0,1.0,2.0,1.0,1.0,2.0,2.0,2.0,2.0,2.0,1.0,1.0,2.0,2.0,1.0,2.0,2.0,1.0,1.0,1.0,1.0,1.0,1.0,1.0,1.0,1.0,2.0,1.0,2.0,2.0,1.0,1.0,1.0,1.0,1.0,1.0,1.0,1.0,1.0,2.0,1.0
1459,4,4,4,3,3,4,4,3,2,2,,30.0,5.0,,5.0,4.0,2.0,,,,6.0,,1.0,54.0,,1.0,,3.0,4.0,5.0,,,,,,,,15.0,,1.0,,,3.0,,1.0,4.0,,,,,,,,,,,,1.0,1.0,1.0,1.0,1.0,1.0,6.0,3.0,3.0,3.0,3.0,5.0,6.0,6.0,3.0,2.0,65.0,60.0,60.0,50.0,50.0,60.0,60.0,50.0,40.0,40.0,1.0,1.0,2.0,2.0,1.0,2.0,2.0,2.0,1.0,2.0,1.0,1.0,2.0,1.0,2.0,1.0,1.0,1.0,1.0,1.0,1.0,2.0,1.0,1.0,1.0,1.0,2.0,1.0,1.0,1.0,1.0,1.0,1.0,1.0,1.0,2.0,2.0,1.0,1.0,1.0
958,5,5,5,4,4,5,5,4,2,3,70.0,,,2.0,,,,,,,6.0,,1.0,54.0,,1.0,,,,,,,,2.0,5.0,5.0,,15.0,,1.0,,,4.0,,1.0,5.0,,,,,,,,,,,,1.0,1.0,1.0,1.0,1.0,1.0,6.0,3.0,3.0,3.0,3.0,5.0,6.0,6.0,4.0,2.0,75.0,75.0,75.0,65.0,65.0,75.0,75.0,65.0,35.0,50.0,1.0,1.0,1.0,2.0,2.0,1.0,2.0,1.0,2.0,1.0,1.0,1.0,1.0,2.0,1.0,1.0,1.0,1.0,1.0,2.0,1.0,2.0,1.0,1.0,1.0,1.0,2.0,1.0,1.0,1.0,2.0,2.0,1.0,1.0,1.0,1.0,1.0,2.0,1.0,1.0
511,5,5,5,4,4,5,5,4,2,2,70.0,,5.0,,,,,5.0,4.0,2.0,6.0,,1.0,54.0,,,2.0,,,,2.0,5.0,5.0,,,,,15.0,,1.0,,,3.0,1.0,,5.0,,,,,,,,,,,,1.0,1.0,1.0,1.0,1.0,1.0,6.0,3.0,3.0,3.0,3.0,5.0,6.0,6.0,4.0,2.0,75.0,70.0,75.0,60.0,60.0,75.0,75.0,60.0,40.0,40.0,1.0,2.0,2.0,1.0,1.0,2.0,1.0,1.0,1.0,1.0,1.0,1.0,1.0,1.0,1.0,1.0,1.0,2.0,2.0,1.0,1.0,1.0,1.0,1.0,1.0,2.0,1.0,1.0,1.0,1.0,1.0,1.0,1.0,1.0,,,,,,
462,2,3,3,2,3,3,3,2,4,2,70.0,,,2.0,,,,,,,,6.0,1.0,54.0,,1.0,,,,,,,,2.0,4.0,5.0,,15.0,,1.0,4.0,,,1.0,,5.0,,1.0,1.0,1.0,1.0,1.0,1.0,1.0,1.0,1.0,1.0,,,,,,,6.0,3.0,2.0,3.0,3.0,5.0,6.0,5.0,3.0,2.0,50.0,45.0,45.0,40.0,45.0,45.0,45.0,40.0,35.0,40.0,2.0,1.0,2.0,1.0,2.0,2.0,2.0,1.0,1.0,2.0,2.0,1.0,1.0,1.0,1.0,2.0,1.0,1.0,2.0,1.0,1.0,2.0,1.0,2.0,1.0,1.0,1.0,1.0,2.0,1.0,2.0,1.0,2.0,2.0,1.0,2.0,1.0,2.0,1.0,1.0
684,5,5,5,5,5,5,5,5,1,2,70.0,,5.0,,,,,5.0,4.0,2.0,,6.0,,,1.0,1.0,,,,,,,,2.0,5.0,5.0,15.0,,1.0,,,,3.0,,1.0,5.0,,1.0,1.0,1.0,1.0,1.0,1.0,1.0,1.0,1.0,1.0,,,,,,,6.0,3.0,2.0,3.0,3.0,5.0,6.0,6.0,4.0,2.0,80.0,80.0,85.0,85.0,80.0,85.0,85.0,80.0,20.0,30.0,1.0,2.0,2.0,2.0,1.0,1.0,1.0,1.0,1.0,1.0,2.0,1.0,2.0,1.0,2.0,1.0,1.0,1.0,1.0,2.0,1.0,1.0,2.0,2.0,1.0,1.0,2.0,1.0,1.0,2.0,1.0,1.0,1.0,2.0,1.0,1.0,1.0,1.0,1.0,2.0
1498,2,3,3,2,3,3,3,2,2,2,70.0,,2.0,,5.0,4.0,2.0,,,,,6.0,1.0,54.0,,1.0,,2.0,4.0,5.0,,,,,,,,12.0,1.0,,,,3.0,1.0,,4.0,,1.0,1.0,1.0,1.0,1.0,1.0,1.0,1.0,1.0,1.0,,,,,,,6.0,3.0,3.0,3.0,3.0,5.0,6.0,6.0,3.0,,,,,,,,,,,,2.0,1.0,2.0,1.0,1.0,2.0,2.0,1.0,2.0,1.0,1.0,2.0,2.0,1.0,1.0,2.0,2.0,1.0,2.0,1.0,2.0,1.0,2.0,1.0,1.0,2.0,1.0,1.0,2.0,1.0,1.0,1.0,1.0,1.0,1.0,2.0,2.0,2.0,2.0,1.0
1111,5,5,5,5,5,5,5,5,2,2,70.0,,6.0,,5.0,4.0,2.0,,,,,6.0,1.0,54.0,,1.0,,,,,,,,3.0,5.0,5.0,,15.0,1.0,,6.0,,,,1.0,,5.0,,,,,,,,,,,1.0,1.0,1.0,1.0,1.0,1.0,7.0,3.0,3.0,3.0,3.0,5.0,6.0,6.0,4.0,2.0,80.0,80.0,85.0,85.0,80.0,85.0,85.0,80.0,40.0,40.0,1.0,1.0,2.0,1.0,1.0,1.0,2.0,2.0,1.0,1.0,2.0,1.0,1.0,1.0,1.0,2.0,1.0,2.0,1.0,1.0,1.0,1.0,1.0,1.0,1.0,1.0,2.0,1.0,2.0,2.0,1.0,1.0,2.0,1.0,1.0,1.0,1.0,1.0,1.0,1.0
1062,2,3,3,2,3,3,3,2,4,3,70.0,,,2.0,,,,,,,,6.0,,,1.0,1.0,,,,,2.0,4.0,5.0,,,,15.0,,,1.0,4.0,,,1.0,,5.0,,,,,,,,,,,,1.0,1.0,1.0,1.0,1.0,1.0,6.0,3.0,3.0,3.0,3.0,5.0,6.0,6.0,3.0,2.0,40.0,50.0,50.0,40.0,50.0,50.0,50.0,40.0,60.0,50.0,1.0,2.0,2.0,1.0,1.0,1.0,1.0,1.0,1.0,1.0,1.0,2.0,2.0,1.0,1.0,1.0,1.0,1.0,1.0,1.0,1.0,1.0,2.0,2.0,1.0,1.0,1.0,1.0,1.0,1.0,1.0,1.0,1.0,1.0,2.0,1.0,1.0,2.0,2.0,1.0
1284,5,5,5,5,5,5,5,5,1,2,,30.0,5.0,,,,,,,,,6.0,,,1.0,,2.0,,,,2.0,5.0,5.0,,,,15.0,,,1.0,4.0,,,,1.0,5.0,,,,,,,,,,,,1.0,1.0,1.0,1.0,1.0,1.0,7.0,3.0,3.0,3.0,3.0,5.0,6.0,6.0,4.0,,,,,,,,,,,,1.0,1.0,1.0,2.0,1.0,2.0,1.0,2.0,1.0,2.0,1.0,1.0,1.0,2.0,1.0,1.0,1.0,1.0,2.0,1.0,1.0,1.0,2.0,2.0,1.0,1.0,1.0,1.0,1.0,1.0,1.0,1.0,1.0,1.0,1.0,2.0,1.0,1.0,2.0,2.0
1810,4,4,4,3,3,4,4,3,2,2,,30.0,,2.0,,,,,,,6.0,,1.0,54.0,,,2.0,3.0,4.0,5.0,,,,,,,15.0,,1.0,,4.0,,,,1.0,,5.0,,,,,,,,,,,1.0,1.0,1.0,1.0,1.0,1.0,6.0,3.0,3.0,3.0,4.0,5.0,6.0,6.0,4.0,2.0,65.0,60.0,60.0,50.0,50.0,60.0,60.0,50.0,40.0,40.0,1.0,1.0,2.0,1.0,1.0,1.0,2.0,1.0,1.0,2.0,1.0,1.0,1.0,1.0,1.0,1.0,2.0,1.0,1.0,2.0,2.0,1.0,1.0,1.0,1.0,2.0,1.0,1.0,2.0,1.0,2.0,1.0,2.0,1.0,2.0,1.0,1.0,1.0,1.0,1.0
1963,5,5,5,5,5,5,5,5,2,2,70.0,,,,,,,,,,,6.0,1.0,54.0,,1.0,,,,,,,,3.0,5.0,5.0,,15.0,1.0,,4.0,,,1.0,,,5.0,1.0,1.0,1.0,1.0,1.0,1.0,1.0,1.0,1.0,1.0,,,,,,,6.0,3.0,3.0,3.0,3.0,5.0,6.0,6.0,4.0,2.0,75.0,75.0,75.0,75.0,75.0,75.0,75.0,75.0,40.0,40.0,1.0,1.0,1.0,1.0,2.0,1.0,1.0,1.0,1.0,2.0,2.0,1.0,1.0,1.0,1.0,1.0,1.0,1.0,1.0,2.0,2.0,2.0,1.0,1.0,1.0,1.0,1.0,2.0,2.0,1.0,1.0,1.0,1.0,1.0,2.0,1.0,1.0,1.0,1.0,1.0
999,2,4,4,1,2,3,4,1,1,1,70.0,,5.0,,5.0,4.0,2.0,,,,6.0,,,,1.0,1.0,,2.0,4.0,5.0,,,,,,,,10.0,,1.0,3.0,,,1.0,,,5.0,,,,,,,,,,,1.0,1.0,1.0,1.0,1.0,1.0,6.0,2.0,2.0,2.0,3.0,5.0,6.0,6.0,4.0,2.0,40.0,50.0,50.0,20.0,30.0,40.0,50.0,20.0,20.0,20.0,2.0,2.0,2.0,1.0,2.0,1.0,1.0,1.0,1.0,1.0,2.0,1.0,1.0,2.0,2.0,1.0,1.0,2.0,1.0,1.0,1.0,1.0,1.0,2.0,1.0,1.0,1.0,2.0,2.0,1.0,2.0,2.0,1.0,1.0,1.0,2.0,1.0,1.0,1.0,1.0
782,5,4,5,5,4,5,5,4,2,2,,30.0,5.0,,,,,,,,,6.0,,,1.0,1.0,,,,,2.0,5.0,5.0,,,,,15.0,,1.0,,,3.0,1.0,,5.0,,1.0,1.0,1.0,1.0,1.0,1.0,1.0,1.0,1.0,1.0,,,,,,,7.0,3.0,4.0,3.0,3.0,5.0,6.0,6.0,4.0,2.0,75.0,70.0,80.0,75.0,70.0,80.0,75.0,70.0,40.0,40.0,1.0,1.0,1.0,2.0,1.0,2.0,2.0,1.0,2.0,1.0,1.0,2.0,2.0,1.0,1.0,1.0,1.0,1.0,1.0,2.0,1.0,1.0,1.0,1.0,1.0,2.0,1.0,1.0,1.0,1.0,1.0,1.0,1.0,1.0,1.0,1.0,1.0,2.0,1.0,1.0
378,5,5,5,5,5,5,5,5,1,2,70.0,,,,,,,5.0,4.0,2.0,,6.0,,,1.0,,2.0,,,,2.0,5.0,5.0,,,,,15.0,,1.0,,3.0,,1.0,,5.0,,,,,,,,,,,,,,,,,,,,,,,,,,,,75.0,75.0,80.0,80.0,80.0,85.0,85.0,70.0,30.0,40.0,2.0,1.0,1.0,1.0,1.0,1.0,2.0,1.0,2.0,1.0,2.0,1.0,1.0,1.0,1.0,1.0,1.0,1.0,2.0,1.0,1.0,1.0,1.0,1.0,1.0,1.0,1.0,1.0,1.0,1.0,1.0,1.0,2.0,1.0,1.0,2.0,1.0,1.0,1.0,1.0
564,5,5,5,4,4,5,5,4,2,2,,30.0,,2.0,,,,,,,,6.0,,,1.0,1.0,,3.0,4.0,5.0,,,,,,,,15.0,1.0,,4.0,,,,1.0,,5.0,1.0,1.0,1.0,1.0,1.0,1.0,1.0,1.0,1.0,1.0,,,,,,,6.0,3.0,3.0,3.0,3.0,5.0,6.0,6.0,4.0,2.0,75.0,75.0,75.0,60.0,60.0,75.0,75.0,60.0,40.0,40.0,1.0,2.0,1.0,2.0,2.0,1.0,1.0,1.0,1.0,1.0,1.0,2.0,2.0,1.0,1.0,1.0,1.0,2.0,2.0,1.0,1.0,1.0,1.0,1.0,1.0,1.0,1.0,1.0,1.0,1.0,1.0,1.0,1.0,1.0,1.0,1.0,1.0,1.0,1.0,1.0
417,5,5,5,3,4,5,5,4,2,2,,30.0,,2.0,,,,,,,,6.0,,,1.0,,2.0,,,,,,,2.0,5.0,,15.0,,1.0,,,4.0,,,1.0,,5.0,1.0,1.0,1.0,1.0,1.0,1.0,1.0,1.0,1.0,1.0,,,,,,,7.0,3.0,3.0,3.0,3.0,5.0,6.0,6.0,4.0,,,,,,,,,,,,,,,,,,,,,,,,,,,,,,,,,,,,,,,,,,,,,,,,,,,
1382,4,4,4,3,4,4,4,3,2,2,70.0,,,2.0,,,,,,,6.0,,,,1.0,1.0,,3.0,4.0,5.0,,,,,,,,15.0,,1.0,4.0,,,,1.0,5.0,,,,,,,,,,,,1.0,1.0,1.0,1.0,1.0,1.0,7.0,3.0,3.0,3.0,3.0,5.0,6.0,6.0,4.0,2.0,65.0,60.0,60.0,50.0,60.0,60.0,60.0,50.0,40.0,40.0,1.0,1.0,1.0,2.0,1.0,2.0,1.0,2.0,1.0,1.0,1.0,2.0,1.0,1.0,1.0,1.0,1.0,2.0,2.0,1.0,,,,,,,,,,,,,,,,,,,,
1778,5,5,5,4,4,5,5,5,2,3,70.0,,5.0,,,,,5.0,4.0,2.0,,6.0,,,1.0,,2.0,,,,3.0,5.0,5.0,,,,15.0,,,1.0,4.0,,,,1.0,5.0,,1.0,1.0,1.0,1.0,1.0,1.0,1.0,1.0,1.0,1.0,,,,,,,7.0,3.0,4.0,3.0,3.0,5.0,6.0,6.0,4.0,2.0,75.0,80.0,85.0,70.0,70.0,80.0,85.0,75.0,40.0,50.0,1.0,2.0,2.0,1.0,1.0,1.0,2.0,1.0,2.0,2.0,1.0,1.0,1.0,1.0,2.0,1.0,2.0,1.0,1.0,2.0,1.0,1.0,1.0,1.0,1.0,2.0,1.0,1.0,2.0,2.0,2.0,1.0,1.0,1.0,1.0,1.0,1.0,1.0,1.0,1.0
1164,5,5,5,4,4,5,5,5,2,2,,30.0,5.0,,,,,5.0,4.0,2.0,6.0,,1.0,54.0,,,2.0,3.0,5.0,5.0,,,,,,,15.0,,1.0,,,4.0,,,1.0,5.0,,,,,,,,,,,,1.0,1.0,1.0,1.0,1.0,1.0,7.0,3.0,3.0,3.0,3.0,5.0,6.0,6.0,4.0,2.0,75.0,75.0,80.0,65.0,65.0,80.0,80.0,75.0,40.0,40.0,1.0,1.0,1.0,1.0,1.0,1.0,1.0,2.0,1.0,1.0,1.0,1.0,1.0,1.0,2.0,1.0,2.0,1.0,1.0,2.0,1.0,1.0,1.0,1.0,2.0,1.0,1.0,1.0,1.0,1.0,1.0,1.0,2.0,2.0,2.0,1.0,1.0,2.0,1.0,2.0
1017,5,5,5,5,5,5,5,5,2,2,,30.0,,2.0,,,,,,,6.0,,,,1.0,,2.0,3.0,5.0,5.0,,,,,,,15.0,,,1.0,,,2.0,1.0,,5.0,,,,,,,,,,,,1.0,1.0,1.0,1.0,1.0,1.0,7.0,3.0,3.0,3.0,4.0,5.0,6.0,6.0,4.0,2.0,80.0,80.0,85.0,85.0,85.0,85.0,85.0,80.0,30.0,30.0,1.0,2.0,1.0,2.0,2.0,2.0,2.0,2.0,2.0,2.0,1.0,2.0,1.0,2.0,1.0,2.0,2.0,1.0,1.0,1.0,2.0,2.0,2.0,2.0,1.0,1.0,1.0,1.0,1.0,1.0,1.0,1.0,1.0,1.0,1.0,1.0,2.0,1.0,1.0,1.0
1865,4,4,4,2,3,4,4,3,2,2,,30.0,,2.0,,,,,,,,6.0,1.0,54.0,,1.0,,2.0,4.0,5.0,,,,,,,,15.0,1.0,,4.0,,,1.0,,,5.0,,,,,,,,,,,1.0,1.0,1.0,1.0,1.0,1.0,6.0,3.0,3.0,3.0,3.0,5.0,6.0,6.0,4.0,2.0,65.0,60.0,60.0,40.0,50.0,60.0,60.0,45.0,40.0,40.0,1.0,1.0,1.0,1.0,2.0,1.0,1.0,2.0,2.0,2.0,1.0,2.0,1.0,1.0,1.0,1.0,1.0,2.0,1.0,2.0,2.0,1.0,1.0,1.0,1.0,1.0,2.0,2.0,1.0,1.0,1.0,1.0,2.0,1.0,1.0,1.0,1.0,1.0,2.0,2.0
1916,2,3,3,1,2,3,3,1,1,1,70.0,,2.0,,,,,5.0,4.0,2.0,,6.0,1.0,54.0,,1.0,,,,,2.0,4.0,5.0,,,,15.0,,1.0,,,,3.0,1.0,,,5.0,1.0,1.0,1.0,1.0,1.0,1.0,1.0,1.0,1.0,1.0,,,,,,,6.0,2.0,3.0,3.0,3.0,5.0,6.0,6.0,3.0,,,,,,,,,,,,1.0,1.0,1.0,1.0,1.0,1.0,2.0,1.0,1.0,1.0,1.0,2.0,1.0,2.0,1.0,1.0,1.0,1.0,1.0,1.0,2.0,1.0,2.0,1.0,1.0,2.0,1.0,2.0,1.0,1.0,1.0,2.0,1.0,1.0,1.0,1.0,1.0,2.0,1.0,1.0
743,4,4,4,1,2,3,4,1,1,2,,30.0,2.0,,,,,5.0,4.0,2.0,,6.0,1.0,54.0,,,2.0,,,,2.0,5.0,5.0,,,,15.0,,,1.0,,4.0,,,1.0,5.0,,,,,,,,,,,,1.0,1.0,1.0,1.0,1.0,1.0,6.0,3.0,3.0,3.0,3.0,5.0,6.0,6.0,3.0,,,,,,,,,,,,2.0,1.0,2.0,1.0,1.0,1.0,2.0,2.0,1.0,2.0,2.0,1.0,2.0,1.0,1.0,1.0,2.0,1.0,1.0,1.0,1.0,1.0,1.0,1.0,1.0,2.0,1.0,1.0,2.0,1.0,1.0,1.0,1.0,2.0,1.0,2.0,2.0,1.0,1.0,1.0
630,5,5,5,5,5,5,5,5,1,2,,30.0,6.0,,5.0,4.0,2.0,,,,,6.0,,,1.0,,2.0,2.0,5.0,5.0,,,,,,,,15.0,1.0,,,3.0,,1.0,,5.0,,,,,,,,,,,,1.0,1.0,1.0,1.0,1.0,1.0,7.0,3.0,3.0,3.0,3.0,5.0,6.0,6.0,4.0,2.0,80.0,80.0,85.0,85.0,85.0,85.0,85.0,80.0,30.0,40.0,2.0,2.0,1.0,2.0,2.0,1.0,2.0,1.0,2.0,2.0,2.0,1.0,1.0,2.0,2.0,2.0,1.0,1.0,2.0,2.0,1.0,1.0,2.0,1.0,2.0,1.0,1.0,1.0,2.0,2.0,2.0,1.0,2.0,1.0,1.0,1.0,2.0,1.0,1.0,1.0
1343,4,4,4,3,4,4,4,3,2,3,70.0,,5.0,,5.0,4.0,2.0,,,,,6.0,1.0,54.0,,1.0,,,,,2.0,5.0,5.0,,,,15.0,,1.0,,,,3.0,1.0,,,5.0,,,,,,,,,,,1.0,1.0,1.0,1.0,1.0,1.0,6.0,3.0,3.0,3.0,3.0,5.0,5.0,5.0,3.0,2.0,65.0,60.0,60.0,50.0,60.0,60.0,60.0,50.0,40.0,50.0,1.0,2.0,1.0,2.0,1.0,1.0,2.0,1.0,1.0,2.0,1.0,1.0,1.0,2.0,1.0,1.0,2.0,1.0,1.0,1.0,,,,,,,,,,,,,,,,,,,,
1230,5,5,5,5,5,5,5,5,2,2,,30.0,,2.0,,,,,,,,6.0,,,1.0,1.0,,,,,2.0,5.0,5.0,,,,15.0,,1.0,,,4.0,,1.0,,,5.0,1.0,1.0,1.0,1.0,1.0,1.0,1.0,1.0,1.0,1.0,,,,,,,7.0,3.0,2.0,2.0,3.0,5.0,6.0,6.0,3.0,,,,,,,,,,,,2.0,1.0,1.0,2.0,2.0,1.0,1.0,2.0,2.0,2.0,1.0,2.0,2.0,1.0,1.0,1.0,2.0,2.0,2.0,1.0,1.0,1.0,1.0,1.0,1.0,1.0,1.0,2.0,1.0,1.0,1.0,1.0,1.0,2.0,1.0,1.0,1.0,1.0,2.0,2.0
1152,4,4,4,3,3,4,4,3,2,2,70.0,,5.0,,5.0,4.0,3.0,,,,6.0,,1.0,54.0,,,2.0,3.0,4.0,5.0,,,,,,,,15.0,,1.0,4.0,,,,1.0,,5.0,1.0,1.0,1.0,1.0,1.0,1.0,1.0,1.0,1.0,1.0,,,,,,,6.0,3.0,3.0,3.0,3.0,5.0,5.0,5.0,3.0,2.0,70.0,65.0,65.0,50.0,50.0,65.0,65.0,50.0,40.0,40.0,2.0,2.0,1.0,1.0,1.0,2.0,1.0,1.0,1.0,1.0,1.0,1.0,1.0,1.0,2.0,2.0,1.0,1.0,2.0,2.0,2.0,2.0,2.0,1.0,1.0,1.0,1.0,2.0,2.0,2.0,2.0,1.0,2.0,2.0,1.0,2.0,2.0,2.0,2.0,1.0
1021,5,5,5,5,5,5,5,5,2,2,,30.0,,2.0,,,,,,,,6.0,,,1.0,1.0,,3.0,5.0,5.0,,,,,,,15.0,,1.0,,,,2.0,1.0,,5.0,,1.0,1.0,1.0,1.0,1.0,1.0,1.0,1.0,1.0,1.0,,,,,,,6.0,3.0,3.0,3.0,3.0,5.0,6.0,6.0,4.0,,,,,,,,,,,,2.0,1.0,1.0,2.0,1.0,2.0,2.0,1.0,1.0,1.0,2.0,2.0,1.0,2.0,1.0,2.0,2.0,1.0,2.0,1.0,2.0,1.0,1.0,2.0,2.0,1.0,1.0,2.0,1.0,1.0,1.0,2.0,1.0,1.0,2.0,2.0,1.0,1.0,2.0,1.0
552,5,5,5,5,5,5,5,5,2,2,,30.0,5.0,,5.0,4.0,2.0,,,,6.0,,,,1.0,,2.0,,,,,,,2.0,5.0,5.0,,15.0,1.0,,,3.0,,,1.0,5.0,,1.0,1.0,1.0,1.0,1.0,1.0,1.0,1.0,1.0,1.0,,,,,,,6.0,3.0,3.0,3.0,3.0,5.0,6.0,6.0,4.0,2.0,75.0,75.0,80.0,80.0,80.0,80.0,80.0,75.0,40.0,40.0,2.0,2.0,1.0,2.0,1.0,1.0,1.0,2.0,2.0,1.0,1.0,2.0,1.0,1.0,1.0,1.0,1.0,1.0,1.0,1.0,1.0,1.0,1.0,1.0,1.0,1.0,1.0,2.0,1.0,2.0,1.0,1.0,1.0,1.0,1.0,2.0,2.0,1.0,1.0,1.0
421,2,3,3,2,3,3,3,2,4,2,,30.0,2.0,,5.0,4.0,2.0,,,,6.0,,,,1.0,,2.0,2.0,4.0,5.0,,,,,,,,15.0,1.0,,,3.0,,,1.0,5.0,,1.0,1.0,1.0,1.0,1.0,1.0,1.0,1.0,1.0,1.0,,,,,,,6.0,3.0,3.0,3.0,3.0,5.0,6.0,6.0,4.0,2.0,40.0,50.0,50.0,40.0,50.0,50.0,50.0,40.0,60.0,40.0,1.0,1.0,2.0,1.0,2.0,1.0,1.0,2.0,1.0,1.0,1.0,2.0,2.0,1.0,1.0,2.0,2.0,1.0,1.0,2.0,1.0,1.0,2.0,2.0,1.0,1.0,1.0,1.0,2.0,1.0,2.0,2.0,1.0,2.0,1.0,1.0,2.0,2.0,2.0,1.0
1853,2,3,3,1,2,4,3,2,1,2,,30.0,2.0,,,,,5.0,4.0,2.0,,6.0,,,1.0,1.0,,,,,2.0,4.0,5.0,,,,15.0,,1.0,,4.0,,,1.0,,5.0,,,,,,,,,,,,1.0,1.0,1.0,1.0,1.0,1.0,6.0,3.0,2.0,3.0,3.0,5.0,6.0,6.0,3.0,2.0,40.0,35.0,35.0,20.0,25.0,50.0,35.0,30.0,20.0,25.0,1.0,1.0,2.0,1.0,2.0,1.0,1.0,1.0,1.0,1.0,2.0,2.0,1.0,1.0,1.0,1.0,1.0,2.0,1.0,1.0,,,,,,,,,,,,,,,,,,,,
1920,1,2,2,1,2,4,3,1,1,1,70.0,,,2.0,,,,,,,6.0,,,,1.0,1.0,,,,,1.0,4.0,5.0,,,,,12.0,,1.0,,,3.0,,1.0,,5.0,,,,,,,,,,,1.0,1.0,1.0,1.0,1.0,1.0,6.0,2.0,2.0,2.0,3.0,5.0,6.0,6.0,3.0,2.0,20.0,30.0,30.0,15.0,25.0,50.0,40.0,15.0,10.0,10.0,1.0,2.0,1.0,2.0,2.0,2.0,1.0,1.0,2.0,2.0,2.0,2.0,2.0,1.0,2.0,1.0,1.0,1.0,2.0,1.0,2.0,2.0,2.0,1.0,1.0,2.0,1.0,1.0,2.0,1.0,2.0,2.0,1.0,2.0,1.0,1.0,2.0,2.0,2.0,2.0
1193,2,3,3,2,3,4,4,2,4,2,70.0,,5.0,,,,,5.0,4.0,2.0,,6.0,,,1.0,1.0,,,,,2.0,4.0,5.0,,,,,10.0,1.0,,,,3.0,1.0,,,5.0,,,,,,,,,,,1.0,1.0,1.0,1.0,1.0,1.0,6.0,3.0,2.0,3.0,3.0,5.0,6.0,6.0,3.0,,,,,,,,,,,,1.0,1.0,2.0,1.0,1.0,2.0,1.0,1.0,1.0,1.0,1.0,1.0,1.0,1.0,2.0,1.0,1.0,1.0,1.0,1.0,1.0,1.0,2.0,1.0,1.0,1.0,1.0,1.0,2.0,1.0,1.0,1.0,1.0,1.0,1.0,1.0,1.0,1.0,1.0,1.0
1569,2,3,3,1,2,3,3,2,1,1,,30.0,2.0,,5.0,4.0,2.0,,,,6.0,,1.0,54.0,,,2.0,2.0,4.0,5.0,,,,,,,15.0,,,1.0,,,2.0,1.0,,,5.0,1.0,1.0,1.0,1.0,1.0,1.0,1.0,1.0,1.0,1.0,,,,,,,6.0,2.0,3.0,3.0,3.0,5.0,6.0,6.0,3.0,2.0,40.0,50.0,50.0,30.0,40.0,50.0,50.0,40.0,30.0,30.0,2.0,1.0,1.0,2.0,2.0,1.0,2.0,1.0,1.0,2.0,1.0,1.0,1.0,1.0,2.0,1.0,1.0,1.0,2.0,1.0,2.0,1.0,2.0,2.0,1.0,1.0,1.0,1.0,1.0,2.0,1.0,1.0,1.0,2.0,1.0,1.0,1.0,1.0,1.0,2.0
1375,5,5,5,5,5,5,5,5,2,2,,30.0,5.0,,,,,5.0,4.0,2.0,6.0,,,,1.0,,2.0,3.0,5.0,5.0,,,,,,,15.0,,,1.0,4.0,,,1.0,,5.0,,,,,,,,,,,,1.0,1.0,1.0,1.0,1.0,1.0,6.0,3.0,2.0,3.0,3.0,5.0,6.0,6.0,4.0,2.0,75.0,75.0,80.0,80.0,80.0,80.0,80.0,75.0,40.0,40.0,2.0,1.0,1.0,2.0,1.0,1.0,1.0,1.0,1.0,2.0,1.0,2.0,1.0,1.0,1.0,2.0,2.0,2.0,1.0,1.0,2.0,1.0,2.0,1.0,1.0,2.0,2.0,1.0,1.0,1.0,1.0,1.0,1.0,1.0,1.0,1.0,1.0,2.0,1.0,2.0
1206,2,3,3,2,3,3,3,2,2,2,70.0,,2.0,,,,,,,,,6.0,1.0,54.0,,1.0,,,,,3.0,4.0,5.0,,,,15.0,,,1.0,,,2.0,,1.0,5.0,,1.0,1.0,1.0,1.0,1.0,1.0,1.0,1.0,1.0,1.0,,,,,,,6.0,3.0,3.0,3.0,3.0,5.0,5.0,5.0,3.0,,,,,,,,,,,,2.0,2.0,2.0,1.0,1.0,1.0,2.0,2.0,1.0,2.0,2.0,2.0,2.0,2.0,1.0,2.0,1.0,1.0,2.0,2.0,1.0,1.0,2.0,2.0,1.0,1.0,1.0,2.0,1.0,1.0,1.0,1.0,2.0,1.0,2.0,1.0,1.0,1.0,1.0,1.0
593,5,5,5,5,5,5,5,5,2,2,,30.0,5.0,,,,,5.0,4.0,2.0,6.0,,,,1.0,1.0,,,,,2.0,5.0,5.0,,,,15.0,,1.0,,4.0,,,,1.0,,5.0,1.0,1.0,1.0,1.0,1.0,1.0,1.0,1.0,1.0,1.0,,,,,,,7.0,3.0,3.0,3.0,3.0,5.0,6.0,6.0,4.0,2.0,75.0,75.0,75.0,75.0,75.0,75.0,75.0,75.0,40.0,40.0,1.0,2.0,2.0,1.0,1.0,1.0,1.0,1.0,2.0,2.0,1.0,1.0,2.0,1.0,1.0,1.0,2.0,2.0,1.0,2.0,,,,,,,,,,,,,,,,,,,,
169,4,4,4,2,3,4,4,3,2,2,,30.0,5.0,,,,,5.0,4.0,2.0,6.0,,1.0,54.0,,,2.0,3.0,4.0,5.0,,,,,,,15.0,,,1.0,,4.0,,1.0,,,5.0,,,,,,,,,,,1.0,1.0,1.0,1.0,1.0,1.0,7.0,3.0,4.0,3.0,3.0,5.0,6.0,6.0,4.0,,,,,,,,,,,,1.0,2.0,1.0,2.0,2.0,2.0,1.0,1.0,1.0,1.0,1.0,2.0,1.0,2.0,1.0,1.0,1.0,2.0,1.0,1.0,1.0,1.0,2.0,1.0,1.0,1.0,1.0,1.0,1.0,2.0,2.0,2.0,1.0,2.0,1.0,2.0,1.0,1.0,2.0,2.0
775,5,5,5,5,5,5,5,5,1,2,70.0,,,2.0,,,,,,,6.0,,1.0,54.0,,,2.0,,,,,,,2.0,5.0,5.0,,15.0,,1.0,4.0,,,1.0,,5.0,,1.0,1.0,1.0,1.0,1.0,1.0,1.0,1.0,1.0,1.0,,,,,,,6.0,3.0,3.0,3.0,3.0,5.0,6.0,6.0,4.0,,,,,,,,,,,,1.0,1.0,2.0,1.0,2.0,1.0,1.0,1.0,1.0,1.0,2.0,1.0,1.0,2.0,1.0,1.0,2.0,1.0,2.0,1.0,1.0,1.0,1.0,1.0,1.0,1.0,1.0,2.0,1.0,2.0,1.0,1.0,1.0,1.0,1.0,1.0,1.0,1.0,1.0,1.0
606,4,4,4,2,3,4,4,3,2,2,70.0,,5.0,,,,,5.0,4.0,2.0,,6.0,,,1.0,1.0,,,,,,,,3.0,4.0,5.0,5.0,,1.0,,,4.0,,1.0,,5.0,,1.0,1.0,1.0,1.0,1.0,1.0,1.0,1.0,1.0,1.0,,,,,,,6.0,3.0,3.0,3.0,3.0,5.0,6.0,6.0,3.0,,,,,,,,,,,,1.0,2.0,1.0,1.0,2.0,1.0,1.0,2.0,1.0,2.0,1.0,1.0,1.0,1.0,1.0,1.0,2.0,2.0,1.0,2.0,1.0,1.0,2.0,2.0,2.0,1.0,1.0,2.0,1.0,1.0,2.0,2.0,2.0,1.0,1.0,1.0,1.0,2.0,1.0,1.0
868,2,3,3,1,2,3,4,1,1,1,,30.0,,1.0,,,,,,,,6.0,,,1.0,,2.0,3.0,4.0,5.0,,,,,,,15.0,,1.0,,4.0,,,1.0,,,5.0,,,,,,,,,,,1.0,1.0,1.0,1.0,1.0,1.0,7.0,3.0,3.0,3.0,3.0,5.0,6.0,6.0,4.0,2.0,40.0,50.0,50.0,30.0,40.0,50.0,60.0,30.0,20.0,20.0,2.0,1.0,1.0,2.0,2.0,1.0,1.0,1.0,1.0,2.0,2.0,1.0,1.0,1.0,2.0,2.0,1.0,1.0,1.0,2.0,1.0,1.0,2.0,2.0,1.0,1.0,2.0,1.0,1.0,2.0,1.0,2.0,2.0,1.0,1.0,2.0,1.0,1.0,2.0,1.0
1892,5,5,5,5,5,5,5,5,1,1,,30.0,6.0,,,,,,,,,,,,1.0,1.0,,,,,,,,3.0,5.0,5.0,,15.0,1.0,,,,,,,,,,,,,,,,,,,,,,,,,,,,,,,,,,,,,,,,,,,,,1.0,2.0,1.0,1.0,1.0,1.0,2.0,1.0,2.0,2.0,2.0,1.0,1.0,1.0,2.0,2.0,1.0,1.0,1.0,1.0,1.0,1.0,1.0,1.0,2.0,1.0,1.0,1.0,1.0,1.0,1.0,1.0,1.0,2.0,1.0,1.0,1.0,1.0,1.0,1.0
1689,4,4,4,3,4,4,4,3,2,3,,30.0,,2.0,,,,,,,6.0,,1.0,54.0,,,2.0,3.0,4.0,5.0,,,,,,,15.0,,,1.0,,3.0,,1.0,,,5.0,,,,,,,,,,,1.0,1.0,1.0,1.0,1.0,1.0,6.0,3.0,3.0,3.0,3.0,5.0,5.0,5.0,3.0,,,,,,,,,,,,1.0,2.0,1.0,2.0,1.0,1.0,2.0,1.0,1.0,2.0,2.0,1.0,1.0,1.0,1.0,2.0,2.0,1.0,1.0,2.0,2.0,1.0,1.0,1.0,2.0,1.0,1.0,1.0,1.0,1.0,1.0,1.0,2.0,1.0,1.0,1.0,1.0,2.0,1.0,1.0
1300,1,2,2,1,2,1,2,1,1,1,70.0,,1.0,,,,,5.0,4.0,2.0,6.0,,,,1.0,1.0,,,,,2.0,5.0,5.0,,,,15.0,,1.0,,,4.0,,1.0,,,5.0,,,,,,,,,,,1.0,1.0,1.0,1.0,1.0,1.0,6.0,3.0,3.0,3.0,3.0,5.0,6.0,6.0,4.0,2.0,20.0,30.0,30.0,20.0,30.0,20.0,30.0,20.0,20.0,20.0,1.0,2.0,2.0,2.0,2.0,2.0,2.0,2.0,1.0,2.0,2.0,2.0,1.0,2.0,2.0,1.0,1.0,1.0,1.0,2.0,1.0,1.0,2.0,2.0,1.0,2.0,2.0,1.0,1.0,1.0,1.0,2.0,2.0,2.0,2.0,1.0,1.0,1.0,2.0,1.0
1273,2,3,3,2,3,2,3,2,4,3,,30.0,2.0,,,,,,,,,6.0,1.0,54.0,,1.0,,,,,2.0,4.0,5.0,,,,,15.0,1.0,,4.0,,,1.0,,4.0,,1.0,1.0,1.0,1.0,1.0,1.0,1.0,1.0,1.0,1.0,,,,,,,6.0,3.0,3.0,3.0,3.0,5.0,6.0,6.0,3.0,,,,,,,,,,,,2.0,1.0,1.0,2.0,2.0,1.0,2.0,1.0,1.0,1.0,1.0,1.0,1.0,1.0,1.0,2.0,2.0,1.0,1.0,1.0,2.0,1.0,1.0,2.0,1.0,1.0,1.0,1.0,2.0,1.0,1.0,1.0,1.0,1.0,1.0,2.0,1.0,1.0,2.0,1.0
1095,4,4,4,2,3,3,3,2,2,2,,30.0,5.0,,5.0,4.0,2.0,,,,6.0,,1.0,54.0,,,2.0,,,,2.0,4.0,5.0,,,,15.0,,,1.0,3.0,,,,1.0,5.0,,1.0,1.0,1.0,1.0,1.0,1.0,1.0,1.0,1.0,1.0,,,,,,,6.0,3.0,3.0,3.0,3.0,5.0,6.0,6.0,3.0,2.0,60.0,60.0,60.0,40.0,50.0,50.0,50.0,40.0,40.0,40.0,2.0,2.0,1.0,1.0,1.0,2.0,1.0,2.0,1.0,1.0,1.0,1.0,2.0,2.0,2.0,2.0,1.0,1.0,2.0,2.0,1.0,1.0,1.0,1.0,1.0,2.0,1.0,1.0,1.0,2.0,1.0,1.0,1.0,1.0,1.0,1.0,2.0,1.0,1.0,2.0
289,5,5,5,4,4,5,5,4,2,2,70.0,,,2.0,,,,,,,,6.0,,,1.0,,2.0,,,,2.0,5.0,5.0,,,,,15.0,1.0,,4.0,,,,1.0,,5.0,,,,,,,,,,,1.0,1.0,1.0,1.0,1.0,1.0,6.0,3.0,2.0,3.0,3.0,5.0,6.0,6.0,3.0,2.0,75.0,70.0,75.0,60.0,60.0,75.0,70.0,60.0,40.0,40.0,2.0,2.0,1.0,1.0,1.0,2.0,1.0,2.0,1.0,2.0,2.0,2.0,2.0,1.0,1.0,1.0,1.0,1.0,1.0,2.0,1.0,1.0,2.0,1.0,2.0,1.0,1.0,2.0,1.0,1.0,2.0,1.0,1.0,1.0,2.0,1.0,1.0,2.0,2.0,1.0
700,4,4,4,3,4,4,4,3,2,3,70.0,,2.0,,5.0,4.0,2.0,,,,,6.0,,,1.0,,2.0,3.0,4.0,5.0,,,,,,,,12.0,1.0,,4.0,,,1.0,,5.0,,1.0,1.0,1.0,1.0,1.0,1.0,1.0,1.0,1.0,1.0,,,,,,,6.0,3.0,3.0,3.0,3.0,5.0,6.0,6.0,4.0,2.0,65.0,60.0,60.0,50.0,60.0,60.0,60.0,50.0,40.0,50.0,1.0,2.0,2.0,1.0,2.0,1.0,1.0,1.0,2.0,1.0,2.0,1.0,1.0,2.0,1.0,1.0,2.0,2.0,1.0,1.0,1.0,2.0,1.0,1.0,2.0,1.0,1.0,1.0,2.0,1.0,1.0,1.0,2.0,1.0,2.0,1.0,1.0,1.0,1.0,1.0
673,2,3,3,2,3,3,3,2,4,3,,30.0,,2.0,,,,,,,6.0,,1.0,54.0,,1.0,,3.0,4.0,5.0,,,,,,,,15.0,,1.0,,,3.0,,1.0,,5.0,,,,,,,,,,,1.0,1.0,1.0,1.0,1.0,1.0,7.0,3.0,2.0,2.0,3.0,5.0,6.0,6.0,3.0,2.0,45.0,50.0,50.0,40.0,50.0,50.0,50.0,40.0,55.0,50.0,1.0,1.0,2.0,2.0,2.0,1.0,1.0,1.0,1.0,2.0,1.0,2.0,1.0,1.0,1.0,1.0,2.0,1.0,1.0,1.0,2.0,1.0,1.0,2.0,1.0,1.0,1.0,1.0,1.0,1.0,1.0,2.0,2.0,1.0,1.0,2.0,2.0,1.0,1.0,2.0
495,5,5,5,5,5,5,5,5,2,3,70.0,,,2.0,5.0,4.0,2.0,,,,,6.0,,,1.0,1.0,,,,,,,,3.0,5.0,5.0,15.0,,,1.0,4.0,,,,1.0,5.0,,,,,,,,,,,,1.0,1.0,1.0,1.0,1.0,1.0,6.0,3.0,3.0,3.0,3.0,5.0,6.0,6.0,4.0,2.0,75.0,75.0,80.0,80.0,75.0,80.0,80.0,70.0,40.0,50.0,1.0,2.0,1.0,1.0,2.0,1.0,1.0,2.0,1.0,2.0,1.0,1.0,1.0,2.0,2.0,1.0,2.0,1.0,2.0,1.0,1.0,1.0,1.0,1.0,1.0,2.0,2.0,1.0,2.0,1.0,1.0,1.0,1.0,1.0,1.0,1.0,2.0,1.0,1.0,1.0
1994,5,5,5,4,4,5,5,4,2,2,,30.0,,2.0,5.0,4.0,2.0,,,,,6.0,1.0,54.0,,,2.0,,,,2.0,5.0,5.0,,,,,12.0,,1.0,,3.0,,1.0,,5.0,,,,,,,,,,,,1.0,1.0,1.0,1.0,1.0,1.0,6.0,3.0,3.0,3.0,3.0,5.0,6.0,6.0,3.0,2.0,80.0,80.0,85.0,70.0,70.0,80.0,80.0,70.0,40.0,40.0,2.0,1.0,1.0,1.0,2.0,2.0,1.0,1.0,2.0,1.0,1.0,1.0,1.0,2.0,1.0,1.0,1.0,1.0,2.0,1.0,2.0,1.0,2.0,1.0,1.0,2.0,1.0,2.0,2.0,1.0,2.0,2.0,1.0,2.0,1.0,1.0,1.0,1.0,1.0,1.0
1127,5,5,5,5,5,5,5,5,2,2,70.0,,,2.0,,,,,,,,6.0,1.0,54.0,,,2.0,,,,2.0,5.0,5.0,,,,15.0,,,1.0,4.0,,,1.0,,,5.0,1.0,1.0,1.0,1.0,1.0,1.0,1.0,1.0,1.0,1.0,,,,,,,6.0,3.0,3.0,3.0,3.0,5.0,6.0,6.0,4.0,2.0,80.0,75.0,85.0,80.0,75.0,80.0,80.0,70.0,40.0,40.0,1.0,2.0,1.0,1.0,1.0,2.0,1.0,1.0,2.0,1.0,2.0,1.0,2.0,2.0,1.0,1.0,2.0,1.0,2.0,2.0,,,,,,,,,,,,,,,,,,,,
1054,4,4,4,2,3,4,4,4,2,2,,30.0,,2.0,5.0,4.0,2.0,,,,6.0,,,,1.0,1.0,,,,,2.0,5.0,5.0,,,,15.0,,1.0,,,4.0,,,1.0,5.0,,,,,,,,,,,,1.0,1.0,1.0,1.0,1.0,1.0,7.0,3.0,3.0,3.0,3.0,5.0,6.0,6.0,4.0,,,,,,,,,,,,1.0,2.0,2.0,2.0,2.0,1.0,2.0,2.0,1.0,1.0,2.0,2.0,2.0,1.0,2.0,1.0,1.0,2.0,1.0,2.0,1.0,1.0,2.0,1.0,1.0,1.0,1.0,2.0,2.0,1.0,1.0,1.0,2.0,1.0,1.0,2.0,1.0,1.0,2.0,1.0
1648,2,3,3,1,2,2,3,1,1,1,,30.0,,2.0,,,,,,,6.0,,,,1.0,,2.0,,,,,,,2.0,4.0,,15.0,,1.0,,4.0,,,,1.0,,5.0,1.0,1.0,1.0,1.0,1.0,1.0,1.0,1.0,1.0,1.0,,,,,,,6.0,3.0,3.0,3.0,4.0,5.0,6.0,6.0,3.0,2.0,40.0,50.0,50.0,20.0,30.0,30.0,50.0,20.0,20.0,20.0,2.0,1.0,2.0,1.0,1.0,1.0,2.0,1.0,2.0,2.0,1.0,2.0,1.0,2.0,2.0,1.0,1.0,1.0,1.0,1.0,1.0,2.0,2.0,1.0,1.0,2.0,1.0,1.0,1.0,2.0,1.0,1.0,2.0,1.0,1.0,1.0,1.0,1.0,2.0,2.0
527,4,4,4,3,4,4,4,3,2,2,,30.0,,2.0,,,,,,,,6.0,1.0,54.0,,,2.0,,,,3.0,4.0,5.0,,,,15.0,,,1.0,,4.0,,,1.0,,5.0,1.0,1.0,1.0,1.0,1.0,1.0,1.0,1.0,1.0,1.0,,,,,,,6.0,3.0,3.0,3.0,3.0,5.0,6.0,6.0,3.0,2.0,65.0,60.0,60.0,50.0,60.0,60.0,60.0,50.0,40.0,40.0,2.0,2.0,1.0,1.0,1.0,1.0,1.0,1.0,1.0,2.0,1.0,2.0,1.0,2.0,1.0,1.0,1.0,1.0,1.0,1.0,1.0,1.0,1.0,1.0,1.0,1.0,1.0,2.0,1.0,2.0,1.0,1.0,1.0,1.0,1.0,1.0,2.0,1.0,1.0,1.0
454,4,4,4,3,3,4,4,3,2,2,70.0,,,2.0,5.0,4.0,2.0,,,,,6.0,,,1.0,1.0,,3.0,4.0,5.0,,,,,,,,15.0,1.0,,,,3.0,1.0,,5.0,,,,,,,,,,,,1.0,1.0,1.0,1.0,1.0,1.0,6.0,3.0,3.0,3.0,3.0,5.0,6.0,6.0,3.0,2.0,65.0,60.0,60.0,50.0,50.0,60.0,60.0,50.0,40.0,40.0,1.0,2.0,2.0,1.0,1.0,1.0,2.0,1.0,1.0,1.0,1.0,1.0,1.0,1.0,2.0,1.0,1.0,1.0,2.0,2.0,,,,,,,,,,,,,,,,,,,,
248,2,3,3,1,2,3,3,2,1,1,70.0,,,2.0,,,,,,,6.0,,,,1.0,,2.0,,,,2.0,4.0,5.0,,,,15.0,,1.0,,4.0,,,,1.0,5.0,,,,,,,,,,,,1.0,1.0,1.0,1.0,1.0,1.0,6.0,3.0,3.0,3.0,3.0,5.0,6.0,6.0,3.0,,,,,,,,,,,,2.0,1.0,2.0,1.0,2.0,2.0,1.0,2.0,1.0,1.0,1.0,1.0,2.0,1.0,1.0,1.0,1.0,1.0,1.0,2.0,1.0,1.0,2.0,1.0,1.0,1.0,2.0,1.0,1.0,1.0,1.0,2.0,1.0,1.0,1.0,1.0,2.0,1.0,2.0,1.0
1826,5,5,5,3,4,5,5,4,2,2,70.0,,,2.0,,,,,,,,6.0,1.0,54.0,,,2.0,,,,2.0,5.0,5.0,,,,15.0,,,1.0,4.0,,,,1.0,5.0,,1.0,1.0,1.0,1.0,1.0,1.0,1.0,1.0,1.0,1.0,,,,,,,6.0,3.0,3.0,3.0,3.0,5.0,6.0,6.0,3.0,2.0,75.0,75.0,75.0,50.0,60.0,75.0,75.0,60.0,40.0,40.0,1.0,2.0,2.0,1.0,1.0,1.0,1.0,1.0,2.0,1.0,1.0,2.0,1.0,1.0,2.0,1.0,1.0,1.0,1.0,1.0,1.0,1.0,2.0,1.0,1.0,1.0,1.0,1.0,1.0,1.0,2.0,1.0,1.0,1.0,1.0,2.0,1.0,1.0,1.0,2.0
1955,4,4,4,2,3,5,5,3,2,2,70.0,,,2.0,,,,,,,,6.0,,,1.0,,2.0,3.0,4.0,5.0,,,,,,,15.0,,,1.0,4.0,,,1.0,,,5.0,1.0,1.0,1.0,1.0,1.0,1.0,1.0,1.0,1.0,1.0,,,,,,,6.0,3.0,3.0,3.0,3.0,5.0,6.0,6.0,4.0,2.0,65.0,60.0,60.0,40.0,45.0,75.0,75.0,50.0,40.0,40.0,1.0,1.0,2.0,1.0,1.0,1.0,2.0,1.0,1.0,1.0,1.0,1.0,1.0,1.0,2.0,1.0,1.0,1.0,2.0,1.0,2.0,1.0,1.0,2.0,1.0,2.0,1.0,1.0,1.0,2.0,1.0,1.0,1.0,1.0,1.0,2.0,1.0,1.0,1.0,1.0
817,2,3,3,1,2,2,3,2,4,3,,30.0,2.0,,,,,4.0,3.0,2.0,6.0,,1.0,54.0,,,2.0,,,,2.0,4.0,5.0,,,,15.0,,1.0,,3.0,,,1.0,,,5.0,,,,,,,,,,,1.0,1.0,1.0,1.0,1.0,1.0,6.0,3.0,2.0,3.0,3.0,5.0,6.0,6.0,3.0,2.0,40.0,50.0,50.0,30.0,40.0,40.0,50.0,40.0,60.0,50.0,2.0,2.0,2.0,2.0,1.0,1.0,1.0,1.0,2.0,1.0,1.0,1.0,2.0,1.0,1.0,2.0,2.0,1.0,1.0,2.0,1.0,1.0,2.0,2.0,1.0,1.0,1.0,1.0,1.0,1.0,1.0,1.0,1.0,1.0,1.0,1.0,1.0,2.0,2.0,1.0
964,2,3,3,1,2,3,3,2,1,2,,30.0,,1.0,,,,,,,,6.0,,,1.0,1.0,,,,,2.0,4.0,5.0,,,,,15.0,1.0,,,,3.0,1.0,,,5.0,,,,,,,,,,,1.0,1.0,1.0,1.0,1.0,1.0,6.0,3.0,2.0,2.0,3.0,5.0,6.0,6.0,3.0,2.0,40.0,50.0,50.0,20.0,30.0,50.0,50.0,40.0,20.0,30.0,2.0,2.0,1.0,1.0,1.0,2.0,1.0,1.0,1.0,1.0,1.0,1.0,1.0,1.0,1.0,1.0,1.0,1.0,1.0,2.0,1.0,1.0,1.0,2.0,1.0,1.0,1.0,1.0,1.0,2.0,1.0,1.0,1.0,1.0,1.0,2.0,1.0,1.0,2.0,2.0
81,5,5,5,5,5,5,5,5,2,2,,30.0,,2.0,,,,,,,6.0,,,,1.0,1.0,,,,,,,,2.0,5.0,5.0,15.0,,,1.0,4.0,,,,1.0,,5.0,1.0,1.0,1.0,1.0,1.0,1.0,1.0,1.0,1.0,1.0,,,,,,,7.0,3.0,3.0,3.0,3.0,5.0,6.0,6.0,4.0,,,,,,,,,,,,2.0,1.0,2.0,1.0,2.0,1.0,2.0,1.0,2.0,1.0,1.0,2.0,1.0,2.0,1.0,2.0,1.0,1.0,2.0,1.0,1.0,1.0,1.0,1.0,2.0,1.0,1.0,2.0,1.0,1.0,1.0,1.0,1.0,1.0,1.0,1.0,1.0,2.0,1.0,1.0
1279,5,5,5,5,5,5,5,5,1,1,,30.0,5.0,,5.0,4.0,2.0,,,,6.0,,,,1.0,1.0,,3.0,5.0,5.0,,,,,,,,15.0,,1.0,,4.0,,,1.0,,5.0,,,,,,,,,,,1.0,1.0,1.0,1.0,1.0,1.0,7.0,3.0,3.0,3.0,3.0,5.0,6.0,6.0,4.0,2.0,80.0,75.0,80.0,80.0,80.0,85.0,80.0,75.0,30.0,30.0,1.0,2.0,1.0,1.0,2.0,1.0,2.0,1.0,2.0,1.0,1.0,2.0,1.0,1.0,2.0,1.0,1.0,2.0,1.0,1.0,1.0,1.0,1.0,1.0,1.0,1.0,1.0,1.0,1.0,2.0,1.0,1.0,2.0,1.0,1.0,1.0,1.0,1.0,1.0,1.0
1683,5,5,5,3,4,5,5,4,2,2,,30.0,,2.0,,,,,,,6.0,,,,1.0,1.0,,,,,2.0,5.0,5.0,,,,15.0,,,1.0,4.0,,,,1.0,5.0,,1.0,1.0,1.0,1.0,1.0,1.0,1.0,1.0,1.0,1.0,,,,,,,6.0,3.0,2.0,3.0,3.0,5.0,6.0,6.0,4.0,2.0,75.0,70.0,75.0,50.0,60.0,75.0,70.0,60.0,40.0,40.0,1.0,1.0,2.0,2.0,1.0,2.0,1.0,2.0,1.0,1.0,1.0,1.0,1.0,1.0,1.0,2.0,1.0,2.0,1.0,1.0,1.0,2.0,1.0,1.0,1.0,1.0,1.0,1.0,1.0,2.0,1.0,1.0,1.0,1.0,1.0,1.0,2.0,1.0,1.0,1.0
1516,5,5,5,4,4,5,5,5,2,2,,30.0,5.0,,,,,5.0,4.0,2.0,6.0,,1.0,54.0,,1.0,,,,,2.0,5.0,5.0,,,,,15.0,,1.0,,4.0,,1.0,,,5.0,,,,,,,,,,,1.0,1.0,1.0,1.0,1.0,1.0,7.0,3.0,3.0,3.0,3.0,5.0,6.0,6.0,4.0,,,,,,,,,,,,2.0,1.0,2.0,1.0,1.0,1.0,1.0,1.0,1.0,1.0,1.0,2.0,1.0,2.0,1.0,1.0,1.0,1.0,2.0,1.0,1.0,2.0,1.0,1.0,1.0,1.0,1.0,1.0,1.0,1.0,1.0,1.0,1.0,1.0,1.0,2.0,1.0,1.0,1.0,1.0
1465,5,5,5,3,4,5,5,5,2,2,,30.0,5.0,,,,,5.0,4.0,2.0,6.0,,,,1.0,1.0,,3.0,5.0,5.0,,,,,,,15.0,,1.0,,,4.0,,,1.0,5.0,,1.0,1.0,1.0,1.0,1.0,1.0,1.0,1.0,1.0,1.0,,,,,,,7.0,3.0,3.0,3.0,3.0,5.0,6.0,6.0,4.0,2.0,75.0,70.0,80.0,50.0,60.0,75.0,70.0,70.0,40.0,40.0,1.0,1.0,2.0,1.0,1.0,2.0,1.0,1.0,1.0,2.0,1.0,2.0,2.0,1.0,1.0,1.0,2.0,1.0,2.0,1.0,1.0,1.0,1.0,1.0,1.0,1.0,1.0,1.0,1.0,1.0,1.0,2.0,1.0,1.0,1.0,1.0,1.0,2.0,1.0,1.0
679,4,4,4,2,3,4,4,3,2,2,70.0,,5.0,,5.0,4.0,2.0,,,,6.0,,1.0,54.0,,1.0,,,,,,,,2.0,4.0,5.0,,15.0,1.0,,,,3.0,,1.0,5.0,,1.0,1.0,1.0,1.0,1.0,1.0,1.0,1.0,1.0,1.0,,,,,,,6.0,3.0,3.0,3.0,3.0,5.0,6.0,6.0,3.0,2.0,70.0,65.0,65.0,40.0,50.0,65.0,65.0,50.0,40.0,40.0,1.0,1.0,2.0,1.0,1.0,2.0,1.0,1.0,2.0,1.0,1.0,1.0,1.0,1.0,1.0,1.0,1.0,2.0,1.0,1.0,1.0,1.0,1.0,1.0,2.0,1.0,2.0,1.0,1.0,1.0,1.0,1.0,1.0,1.0,1.0,1.0,1.0,2.0,1.0,1.0
283,4,4,4,1,2,3,4,2,1,2,,30.0,2.0,,5.0,4.0,2.0,,,,,6.0,,,1.0,,2.0,,,,,,,2.0,4.0,5.0,,12.0,,1.0,4.0,,,1.0,,4.0,,1.0,1.0,1.0,1.0,1.0,1.0,1.0,1.0,1.0,1.0,,,,,,,6.0,3.0,2.0,3.0,3.0,5.0,6.0,6.0,3.0,2.0,65.0,65.0,65.0,30.0,40.0,50.0,65.0,40.0,30.0,40.0,1.0,2.0,1.0,1.0,2.0,1.0,1.0,2.0,1.0,2.0,2.0,1.0,1.0,1.0,2.0,2.0,2.0,2.0,2.0,2.0,1.0,1.0,1.0,2.0,1.0,2.0,1.0,1.0,2.0,1.0,1.0,1.0,1.0,2.0,1.0,2.0,1.0,1.0,1.0,1.0
116,5,5,5,5,5,5,5,5,2,2,70.0,,6.0,,,,,,,,6.0,,,,1.0,1.0,,,,,,,,3.0,5.0,5.0,15.0,,1.0,,,3.0,,,1.0,5.0,,,,,,,,,,,,1.0,1.0,1.0,1.0,1.0,1.0,7.0,3.0,3.0,3.0,3.0,5.0,6.0,6.0,4.0,,,,,,,,,,,,,,,,,,,,,,,,,,,,,,,,,,,,,,,,,,,,,,,,,,,
2031,3,4,4,2,3,4,4,2,2,3,,30.0,,2.0,,,,,,,6.0,,,,1.0,1.0,,,,,2.0,4.0,5.0,,,,15.0,,1.0,,,,,,,,,,,,,,,,,,,,,,,,,,,,,,,,,,,,,,,,,,,,,,,,,,,,,,,,,,,,,,,,,,,,,,,,,,,,,,,,,,,,
40,2,3,3,2,3,3,3,2,4,3,,20.0,2.0,,,,,5.0,4.0,2.0,6.0,,,,1.0,,2.0,,,,,,,2.0,4.0,5.0,15.0,,,1.0,4.0,,,,1.0,,5.0,,,,,,,,,,,1.0,1.0,1.0,1.0,1.0,1.0,6.0,3.0,3.0,3.0,3.0,5.0,5.0,5.0,3.0,2.0,40.0,50.0,50.0,40.0,50.0,50.0,50.0,40.0,60.0,50.0,2.0,1.0,1.0,1.0,2.0,1.0,1.0,2.0,1.0,2.0,2.0,1.0,1.0,1.0,1.0,2.0,1.0,1.0,2.0,1.0,1.0,2.0,1.0,2.0,2.0,2.0,1.0,2.0,1.0,2.0,1.0,1.0,1.0,2.0,1.0,2.0,2.0,2.0,2.0,1.0
1731,2,3,3,1,2,2,3,1,1,2,,30.0,1.0,,5.0,4.0,2.0,,,,,6.0,1.0,54.0,,1.0,,,,,2.0,4.0,5.0,,,,,15.0,,1.0,,3.0,,,1.0,5.0,,1.0,1.0,1.0,1.0,1.0,1.0,1.0,1.0,1.0,1.0,,,,,,,6.0,3.0,2.0,3.0,3.0,5.0,6.0,6.0,3.0,2.0,40.0,50.0,50.0,20.0,30.0,30.0,50.0,20.0,20.0,30.0,2.0,1.0,2.0,1.0,1.0,1.0,2.0,2.0,1.0,1.0,1.0,2.0,2.0,2.0,1.0,1.0,1.0,2.0,1.0,2.0,1.0,1.0,1.0,1.0,1.0,1.0,2.0,2.0,1.0,2.0,1.0,1.0,1.0,2.0,1.0,1.0,2.0,1.0,1.0,2.0
1642,3,3,3,2,3,3,3,2,4,2,,30.0,,2.0,,,,,,,6.0,,,,1.0,1.0,,,,,,,,3.0,4.0,5.0,15.0,,1.0,,4.0,,,,1.0,,5.0,,,,,,,,,,,1.0,1.0,1.0,1.0,1.0,1.0,6.0,3.0,3.0,3.0,3.0,5.0,6.0,6.0,3.0,2.0,50.0,50.0,50.0,40.0,50.0,50.0,50.0,40.0,60.0,40.0,2.0,1.0,2.0,2.0,1.0,1.0,1.0,1.0,1.0,1.0,1.0,2.0,1.0,1.0,2.0,1.0,1.0,1.0,2.0,1.0,1.0,1.0,2.0,2.0,1.0,1.0,1.0,2.0,1.0,1.0,1.0,1.0,1.0,2.0,1.0,1.0,1.0,1.0,1.0,1.0
331,2,3,3,2,3,3,3,2,4,3,70.0,,,2.0,,,,,,,,6.0,1.0,54.0,,,2.0,,,,,,,2.0,4.0,5.0,,12.0,1.0,,,3.0,,,1.0,5.0,,,,,,,,,,,,1.0,1.0,1.0,1.0,1.0,1.0,6.0,3.0,3.0,3.0,3.0,5.0,6.0,6.0,3.0,2.0,40.0,50.0,50.0,40.0,50.0,50.0,50.0,40.0,30.0,50.0,1.0,2.0,1.0,1.0,1.0,2.0,1.0,2.0,1.0,2.0,2.0,1.0,1.0,2.0,2.0,1.0,1.0,2.0,2.0,1.0,2.0,1.0,1.0,1.0,2.0,1.0,2.0,2.0,1.0,1.0,2.0,1.0,1.0,1.0,2.0,1.0,1.0,2.0,1.0,1.0
242,2,3,3,1,2,3,3,1,1,1,70.0,,,2.0,,,,,,,6.0,,,,1.0,,2.0,,,,,,,3.0,4.0,5.0,,15.0,1.0,,,4.0,,1.0,,,5.0,1.0,1.0,1.0,1.0,1.0,1.0,1.0,1.0,1.0,1.0,,,,,,,6.0,3.0,3.0,3.0,3.0,5.0,6.0,6.0,4.0,2.0,40.0,50.0,50.0,20.0,30.0,50.0,50.0,20.0,20.0,20.0,1.0,1.0,1.0,1.0,1.0,1.0,1.0,1.0,2.0,1.0,1.0,1.0,1.0,1.0,2.0,1.0,1.0,1.0,1.0,1.0,1.0,1.0,1.0,1.0,1.0,1.0,1.0,1.0,1.0,2.0,1.0,1.0,1.0,1.0,1.0,1.0,1.0,1.0,1.0,1.0
35,2,4,4,1,2,1,4,2,1,2,,30.0,,2.0,,,,,,,,6.0,,,1.0,1.0,,,,,2.0,4.0,5.0,,,,,10.0,1.0,,,3.0,,1.0,,5.0,,1.0,1.0,1.0,1.0,1.0,1.0,1.0,1.0,1.0,1.0,,,,,,,6.0,3.0,3.0,3.0,3.0,5.0,6.0,6.0,3.0,2.0,40.0,60.0,60.0,20.0,30.0,20.0,60.0,30.0,20.0,30.0,1.0,1.0,2.0,1.0,1.0,1.0,2.0,2.0,1.0,2.0,1.0,1.0,1.0,1.0,1.0,1.0,1.0,1.0,2.0,2.0,1.0,1.0,1.0,1.0,1.0,2.0,1.0,2.0,1.0,1.0,1.0,1.0,1.0,2.0,2.0,1.0,2.0,1.0,1.0,2.0
1,5,5,5,3,4,5,5,4,2,2,,30.0,5.0,,5.0,4.0,2.0,,,,,6.0,,,1.0,,2.0,3.0,5.0,5.0,,,,,,,15.0,,,1.0,,,2.0,1.0,,,5.0,,,,,,,,,,,1.0,1.0,1.0,1.0,1.0,1.0,7.0,3.0,3.0,3.0,3.0,5.0,6.0,6.0,4.0,2.0,75.0,75.0,80.0,50.0,60.0,75.0,75.0,60.0,40.0,40.0,2.0,1.0,2.0,1.0,2.0,2.0,1.0,1.0,1.0,1.0,1.0,2.0,2.0,1.0,2.0,2.0,1.0,2.0,2.0,1.0,1.0,1.0,2.0,1.0,2.0,2.0,2.0,2.0,2.0,2.0,2.0,2.0,1.0,1.0,2.0,1.0,2.0,2.0,1.0,1.0
2044,1,2,2,1,2,2,2,1,1,1,,30.0,2.0,,,,,5.0,4.0,2.0,6.0,,,,1.0,,2.0,1.0,1.0,2.0,,,,,,,,15.0,,1.0,,3.0,,1.0,,2.0,,,,,,,,,,,,1.0,1.0,1.0,1.0,1.0,1.0,7.0,1.0,1.0,1.0,1.0,5.0,6.0,6.0,3.0,,,,,,,,,,,,2.0,2.0,1.0,2.0,1.0,1.0,1.0,2.0,2.0,1.0,1.0,1.0,2.0,2.0,1.0,1.0,1.0,1.0,2.0,1.0,1.0,1.0,1.0,2.0,1.0,1.0,2.0,2.0,1.0,1.0,1.0,1.0,1.0,1.0,1.0,2.0,2.0,2.0,2.0,1.0
1859,2,3,3,1,2,3,3,1,4,4,,30.0,,2.0,5.0,4.0,2.0,,,,6.0,,1.0,54.0,,,2.0,,,,,,,2.0,4.0,5.0,,15.0,,1.0,3.0,,,1.0,,4.0,,,,,,,,,,,,1.0,1.0,1.0,1.0,1.0,1.0,6.0,2.0,2.0,2.0,3.0,5.0,5.0,5.0,3.0,,,,,,,,,,,,2.0,1.0,2.0,1.0,1.0,2.0,1.0,1.0,2.0,1.0,2.0,1.0,2.0,1.0,2.0,1.0,1.0,2.0,2.0,1.0,,,,,,,,,,,,,,,,,,,,
1744,5,5,5,5,5,5,5,5,1,1,70.0,,,,5.0,4.0,2.0,,,,6.0,,1.0,54.0,,1.0,,,,,,,,2.0,5.0,5.0,,15.0,,1.0,,3.0,,,1.0,,5.0,,,,,,,,,,,1.0,1.0,1.0,1.0,1.0,1.0,7.0,3.0,2.0,2.0,2.0,5.0,6.0,6.0,4.0,2.0,80.0,80.0,85.0,85.0,85.0,85.0,85.0,80.0,20.0,20.0,1.0,1.0,2.0,2.0,2.0,1.0,2.0,1.0,1.0,1.0,1.0,2.0,1.0,2.0,1.0,1.0,1.0,2.0,1.0,1.0,1.0,2.0,1.0,1.0,1.0,2.0,1.0,2.0,2.0,1.0,1.0,2.0,1.0,1.0,1.0,1.0,1.0,1.0,1.0,1.0
1637,5,5,5,4,4,5,5,4,2,2,,30.0,,2.0,,,,,,,6.0,,,,1.0,1.0,,,,,,,,3.0,5.0,5.0,,12.0,,1.0,,,3.0,1.0,,,5.0,,,,,,,,,,,1.0,1.0,1.0,1.0,1.0,1.0,6.0,3.0,2.0,3.0,3.0,5.0,6.0,5.0,,,,,,,,,,,,,,,,,,,,,,,,,,,,,,,,,,,,,,,,,,,,,,,,,,,,
1158,4,4,4,2,3,4,4,3,2,2,,30.0,5.0,,,,,5.0,4.0,2.0,,6.0,1.0,54.0,,,2.0,,,,,,,2.0,4.0,5.0,15.0,,,1.0,3.0,,,1.0,,5.0,,,,,,,,,,,,1.0,1.0,1.0,1.0,1.0,1.0,6.0,3.0,3.0,3.0,3.0,5.0,5.0,5.0,3.0,2.0,65.0,65.0,65.0,40.0,50.0,65.0,65.0,50.0,40.0,40.0,2.0,1.0,1.0,2.0,1.0,2.0,1.0,2.0,1.0,2.0,2.0,1.0,2.0,2.0,1.0,1.0,1.0,2.0,1.0,1.0,2.0,1.0,1.0,2.0,1.0,1.0,1.0,1.0,1.0,2.0,1.0,1.0,2.0,2.0,1.0,1.0,1.0,2.0,1.0,1.0
344,5,4,5,4,4,5,5,4,2,2,70.0,,5.0,,,,,5.0,4.0,2.0,6.0,,1.0,54.0,,1.0,,,,,,,,3.0,5.0,5.0,,15.0,,1.0,,,2.0,1.0,,5.0,,1.0,1.0,1.0,1.0,1.0,1.0,1.0,1.0,1.0,1.0,,,,,,,6.0,3.0,3.0,3.0,3.0,5.0,6.0,6.0,4.0,2.0,75.0,65.0,75.0,60.0,60.0,75.0,75.0,65.0,40.0,40.0,2.0,2.0,1.0,1.0,1.0,1.0,2.0,2.0,1.0,1.0,1.0,1.0,2.0,1.0,2.0,1.0,2.0,1.0,1.0,2.0,1.0,1.0,2.0,2.0,1.0,1.0,2.0,1.0,1.0,1.0,1.0,1.0,1.0,1.0,1.0,1.0,2.0,1.0,2.0,1.0
237,5,5,5,4,5,5,5,5,2,2,,30.0,,2.0,5.0,4.0,2.0,,,,,6.0,,,1.0,,2.0,3.0,5.0,5.0,,,,,,,15.0,,1.0,,,,,,,,,,,,,,,,,,,,,,,,,,,,,,,,,,,,,,,,,,,,,,,,,,,,,,,,,,,,,,,,,,,,,,,,,,,,,,,,,,,,
558,2,3,3,1,2,2,3,2,1,2,,30.0,,2.0,,,,,,,,6.0,1.0,54.0,,,2.0,,,,,,,2.0,4.0,5.0,,15.0,,1.0,,,3.0,,1.0,,5.0,1.0,1.0,1.0,1.0,1.0,1.0,1.0,1.0,1.0,1.0,,,,,,,6.0,3.0,2.0,2.0,3.0,5.0,6.0,6.0,3.0,2.0,40.0,50.0,50.0,20.0,30.0,30.0,50.0,40.0,20.0,30.0,1.0,2.0,1.0,1.0,1.0,2.0,1.0,1.0,1.0,2.0,2.0,2.0,1.0,1.0,1.0,1.0,2.0,1.0,1.0,1.0,2.0,2.0,1.0,1.0,1.0,2.0,2.0,1.0,1.0,1.0,1.0,1.0,1.0,2.0,2.0,1.0,1.0,2.0,1.0,1.0
862,5,5,5,4,4,5,5,5,2,2,,30.0,,2.0,5.0,4.0,2.0,,,,,6.0,1.0,54.0,,1.0,,,,,2.0,5.0,5.0,,,,,15.0,1.0,,4.0,,,,1.0,,5.0,1.0,1.0,1.0,1.0,1.0,1.0,1.0,1.0,1.0,1.0,,,,,,,6.0,3.0,3.0,3.0,3.0,5.0,6.0,6.0,4.0,2.0,70.0,70.0,70.0,60.0,60.0,70.0,70.0,70.0,40.0,40.0,2.0,1.0,2.0,1.0,2.0,1.0,1.0,2.0,1.0,1.0,1.0,1.0,2.0,1.0,2.0,1.0,1.0,2.0,1.0,1.0,1.0,1.0,1.0,1.0,1.0,1.0,1.0,2.0,1.0,2.0,1.0,2.0,1.0,1.0,1.0,1.0,2.0,1.0,1.0,1.0
911,5,5,5,3,4,5,5,4,2,2,70.0,,5.0,,,,,5.0,4.0,2.0,,6.0,,,1.0,,2.0,,,,,,,3.0,5.0,5.0,15.0,,1.0,,,,3.0,,1.0,5.0,,,,,,,,,,,,1.0,1.0,1.0,1.0,1.0,1.0,7.0,3.0,3.0,3.0,3.0,5.0,6.0,6.0,4.0,2.0,70.0,70.0,70.0,50.0,60.0,70.0,70.0,60.0,40.0,40.0,1.0,1.0,1.0,2.0,2.0,1.0,2.0,1.0,1.0,2.0,1.0,1.0,2.0,2.0,1.0,2.0,1.0,1.0,1.0,1.0,1.0,1.0,2.0,1.0,2.0,1.0,1.0,2.0,1.0,1.0,2.0,1.0,2.0,1.0,1.0,1.0,1.0,2.0,1.0,2.0
1898,5,5,5,4,4,5,5,4,2,2,70.0,,,,,,,,,,,6.0,1.0,54.0,,,2.0,,,,2.0,5.0,5.0,,,,,15.0,1.0,,,,,,,,,,,,,,,,,,,,,,,,,,,,,,,,,,,,,,,,,,,,,,,,,,,,,,,,,,,,,,,,,,,,,,,,,,,,,,,,,,,,
1563,5,5,5,4,4,5,5,5,2,3,,30.0,,2.0,,,,,,,,6.0,1.0,54.0,,,2.0,,,,,,,3.0,5.0,5.0,15.0,,1.0,,,,,,,,,,,,,,,,,,,,,,,,,,,,,,,,,,,,,,,,,,,,,,,,,,,,,,,,,,,,,,,,,,,,,,,,,,,,,,,,,,,,
1199,5,5,5,4,4,5,5,5,2,2,,30.0,5.0,,,,,5.0,4.0,2.0,,6.0,1.0,54.0,,1.0,,,,,3.0,5.0,5.0,,,,,15.0,,1.0,4.0,,,,1.0,5.0,,,,,,,,,,,,1.0,1.0,1.0,1.0,1.0,1.0,6.0,3.0,3.0,3.0,3.0,5.0,6.0,6.0,4.0,2.0,75.0,70.0,75.0,60.0,60.0,75.0,75.0,70.0,40.0,40.0,2.0,1.0,1.0,1.0,1.0,2.0,1.0,1.0,1.0,1.0,2.0,2.0,1.0,1.0,1.0,1.0,1.0,2.0,1.0,1.0,1.0,1.0,1.0,1.0,1.0,1.0,1.0,1.0,1.0,1.0,1.0,2.0,2.0,1.0,1.0,2.0,1.0,1.0,1.0,1.0
1410,3,4,4,3,3,4,4,3,2,2,70.0,,,2.0,,,,,,,6.0,,1.0,54.0,,,2.0,,,,,,,3.0,4.0,5.0,,15.0,1.0,,3.0,,,,1.0,,4.0,1.0,1.0,1.0,1.0,1.0,1.0,1.0,1.0,1.0,1.0,,,,,,,6.0,3.0,3.0,3.0,3.0,5.0,6.0,6.0,3.0,2.0,55.0,60.0,60.0,50.0,50.0,60.0,60.0,50.0,40.0,40.0,2.0,1.0,1.0,2.0,1.0,2.0,1.0,2.0,1.0,1.0,2.0,1.0,1.0,1.0,1.0,2.0,2.0,2.0,1.0,2.0,1.0,1.0,2.0,1.0,2.0,1.0,1.0,2.0,1.0,1.0,2.0,1.0,1.0,2.0,2.0,1.0,1.0,2.0,1.0,1.0
1785,4,4,4,2,3,4,4,2,2,2,,30.0,5.0,,5.0,4.0,2.0,,,,6.0,,,,1.0,,2.0,3.0,4.0,5.0,,,,,,,,10.0,,1.0,,3.0,,,1.0,5.0,,1.0,1.0,1.0,1.0,1.0,1.0,1.0,1.0,1.0,1.0,,,,,,,6.0,2.0,3.0,3.0,3.0,5.0,6.0,6.0,4.0,2.0,65.0,60.0,60.0,40.0,45.0,60.0,60.0,40.0,40.0,40.0,2.0,1.0,2.0,1.0,1.0,2.0,2.0,1.0,2.0,2.0,1.0,1.0,1.0,2.0,1.0,1.0,1.0,2.0,1.0,2.0,1.0,1.0,1.0,2.0,1.0,1.0,1.0,1.0,1.0,1.0,2.0,1.0,1.0,1.0,1.0,1.0,1.0,1.0,1.0,2.0
163,5,4,5,3,4,5,5,4,2,2,,30.0,2.0,,,,,5.0,4.0,2.0,,6.0,,,1.0,1.0,,3.0,5.0,5.0,,,,,,,15.0,,1.0,,4.0,,,1.0,,5.0,,1.0,1.0,1.0,1.0,1.0,1.0,1.0,1.0,1.0,1.0,,,,,,,6.0,3.0,4.0,3.0,3.0,5.0,6.0,6.0,4.0,,,,,,,,,,,,1.0,1.0,2.0,1.0,2.0,2.0,1.0,1.0,1.0,1.0,1.0,1.0,1.0,1.0,1.0,1.0,1.0,1.0,1.0,2.0,1.0,2.0,2.0,1.0,1.0,1.0,1.0,1.0,1.0,1.0,1.0,1.0,1.0,1.0,1.0,2.0,1.0,1.0,1.0,1.0
599,4,4,4,2,3,4,4,3,2,3,,30.0,,2.0,5.0,4.0,2.0,,,,,6.0,,,1.0,,2.0,,,,,,,3.0,4.0,5.0,15.0,,,1.0,,,3.0,,1.0,5.0,,,,,,,,,,,,1.0,1.0,1.0,1.0,1.0,1.0,6.0,3.0,3.0,3.0,3.0,5.0,6.0,6.0,4.0,,,,,,,,,,,,1.0,2.0,2.0,1.0,2.0,1.0,1.0,1.0,2.0,1.0,1.0,2.0,1.0,1.0,1.0,1.0,2.0,1.0,2.0,2.0,1.0,2.0,1.0,1.0,1.0,1.0,2.0,2.0,2.0,1.0,1.0,1.0,2.0,1.0,2.0,1.0,1.0,2.0,1.0,1.0
385,4,4,4,2,3,4,4,3,2,3,,30.0,5.0,,5.0,4.0,2.0,,,,,6.0,1.0,54.0,,1.0,,,,,3.0,4.0,5.0,,,,15.0,,,1.0,,4.0,,1.0,,,5.0,,,,,,,,,,,1.0,1.0,1.0,1.0,1.0,1.0,6.0,3.0,3.0,3.0,3.0,5.0,6.0,6.0,3.0,,,,,,,,,,,,,,,,,,,,,,,,,,,,,,,,,,,,,,,,,,,,,,,,,,,
1868,3,4,4,2,3,4,4,3,2,2,,30.0,,2.0,,,,,,,,6.0,,,1.0,1.0,,3.0,4.0,5.0,,,,,,,,12.0,,1.0,4.0,,,,1.0,5.0,,1.0,1.0,1.0,1.0,1.0,1.0,1.0,1.0,1.0,1.0,,,,,,,6.0,3.0,3.0,3.0,3.0,5.0,6.0,6.0,3.0,2.0,55.0,60.0,60.0,40.0,50.0,60.0,60.0,50.0,40.0,40.0,2.0,1.0,1.0,2.0,2.0,1.0,1.0,2.0,2.0,1.0,1.0,2.0,1.0,1.0,1.0,2.0,1.0,1.0,2.0,2.0,2.0,1.0,2.0,1.0,2.0,2.0,1.0,1.0,2.0,1.0,2.0,2.0,2.0,2.0,1.0,1.0,1.0,1.0,2.0,2.0
892,4,4,4,3,3,4,4,3,2,2,70.0,,5.0,,4.0,5.0,3.0,,,,6.0,,1.0,54.0,,1.0,,,,,,,,3.0,4.0,5.0,15.0,,,1.0,3.0,,,,1.0,,5.0,,,,,,,,,,,1.0,1.0,1.0,1.0,1.0,1.0,6.0,3.0,3.0,3.0,3.0,5.0,6.0,6.0,3.0,,,,,,,,,,,,1.0,1.0,2.0,2.0,1.0,2.0,1.0,2.0,1.0,1.0,2.0,2.0,2.0,2.0,1.0,1.0,1.0,2.0,2.0,1.0,1.0,2.0,1.0,2.0,1.0,1.0,1.0,2.0,1.0,1.0,1.0,1.0,2.0,2.0,2.0,1.0,1.0,1.0,2.0,2.0
375,5,5,5,4,4,5,5,4,2,2,70.0,,5.0,,5.0,4.0,2.0,,,,,6.0,1.0,54.0,,1.0,,,,,,,,3.0,5.0,5.0,,15.0,1.0,,,3.0,,,1.0,,5.0,1.0,1.0,1.0,1.0,1.0,1.0,1.0,1.0,1.0,1.0,,,,,,,6.0,3.0,3.0,3.0,3.0,5.0,6.0,6.0,4.0,2.0,75.0,75.0,75.0,65.0,65.0,75.0,75.0,65.0,40.0,40.0,1.0,1.0,1.0,1.0,1.0,1.0,1.0,1.0,1.0,1.0,2.0,1.0,1.0,1.0,1.0,1.0,1.0,1.0,2.0,1.0,1.0,1.0,1.0,1.0,1.0,1.0,1.0,1.0,1.0,1.0,1.0,1.0,1.0,1.0,1.0,1.0,1.0,1.0,1.0,1.0
206,1,2,2,1,2,1,2,1,1,1,,30.0,2.0,,5.0,4.0,3.0,,,,6.0,,,,1.0,1.0,,2.0,4.0,5.0,,,,,,,,10.0,1.0,,4.0,,,1.0,,,5.0,,,,,,,,,,,1.0,1.0,1.0,1.0,1.0,1.0,6.0,3.0,3.0,3.0,3.0,5.0,6.0,6.0,3.0,,,,,,,,,,,,2.0,1.0,1.0,2.0,2.0,2.0,2.0,2.0,2.0,2.0,2.0,2.0,2.0,1.0,2.0,1.0,2.0,1.0,2.0,2.0,2.0,2.0,2.0,1.0,1.0,1.0,1.0,2.0,1.0,1.0,2.0,2.0,1.0,2.0,2.0,1.0,1.0,2.0,1.0,1.0
193,2,3,3,1,2,3,3,1,1,1,70.0,,,1.0,,,,,,,6.0,,,,1.0,1.0,,2.0,4.0,5.0,,,,,,,15.0,,,1.0,3.0,,,1.0,,,5.0,1.0,1.0,1.0,1.0,1.0,1.0,1.0,1.0,1.0,1.0,,,,,,,6.0,3.0,3.0,3.0,3.0,5.0,6.0,6.0,3.0,2.0,40.0,50.0,50.0,20.0,30.0,50.0,50.0,20.0,20.0,20.0,2.0,1.0,2.0,1.0,1.0,1.0,1.0,2.0,1.0,1.0,2.0,1.0,1.0,2.0,1.0,1.0,2.0,2.0,1.0,1.0,1.0,2.0,1.0,1.0,1.0,2.0,2.0,2.0,2.0,1.0,1.0,2.0,1.0,1.0,1.0,1.0,1.0,2.0,1.0,1.0
569,2,4,4,2,3,4,4,2,1,2,70.0,,,2.0,,,,,,,6.0,,,,1.0,,2.0,,,,3.0,4.0,5.0,,,,15.0,,1.0,,,3.0,,1.0,,5.0,,,,,,,,,,,,1.0,1.0,1.0,1.0,1.0,1.0,6.0,3.0,3.0,3.0,3.0,5.0,6.0,6.0,4.0,,,,,,,,,,,,1.0,1.0,2.0,2.0,1.0,2.0,2.0,1.0,1.0,1.0,1.0,2.0,2.0,1.0,2.0,1.0,2.0,2.0,1.0,1.0,2.0,1.0,1.0,1.0,2.0,2.0,1.0,2.0,1.0,2.0,1.0,1.0,1.0,1.0,1.0,1.0,2.0,2.0,2.0,2.0
1775,4,4,4,2,3,4,4,3,2,3,,30.0,2.0,,,,,,,,6.0,,,,1.0,1.0,,,,,,,,2.0,4.0,5.0,,15.0,,1.0,,,3.0,,1.0,5.0,,1.0,1.0,1.0,1.0,1.0,1.0,1.0,1.0,1.0,1.0,,,,,,,6.0,3.0,3.0,3.0,3.0,5.0,6.0,6.0,4.0,,,,,,,,,,,,2.0,1.0,1.0,1.0,2.0,2.0,2.0,1.0,1.0,1.0,1.0,1.0,2.0,1.0,2.0,2.0,1.0,2.0,1.0,1.0,1.0,1.0,1.0,1.0,1.0,2.0,2.0,1.0,1.0,1.0,1.0,1.0,1.0,1.0,1.0,2.0,1.0,2.0,2.0,1.0
1606,5,5,5,5,5,5,5,5,2,2,,30.0,,1.0,,,,,,,6.0,,1.0,54.0,,1.0,,,,,2.0,5.0,5.0,,,,15.0,,,1.0,3.0,,,1.0,,5.0,,,,,,,,,,,,1.0,1.0,1.0,1.0,1.0,1.0,6.0,3.0,3.0,3.0,3.0,5.0,5.0,5.0,4.0,2.0,80.0,80.0,85.0,85.0,85.0,85.0,85.0,80.0,40.0,40.0,1.0,1.0,2.0,2.0,2.0,1.0,2.0,1.0,1.0,1.0,1.0,2.0,1.0,1.0,1.0,1.0,2.0,2.0,2.0,1.0,1.0,2.0,1.0,1.0,2.0,1.0,2.0,1.0,1.0,1.0,1.0,1.0,1.0,1.0,1.0,1.0,1.0,1.0,1.0,1.0
1593,5,5,5,4,4,5,5,4,2,2,,30.0,5.0,,,,,5.0,4.0,2.0,6.0,,,,1.0,,2.0,,,,2.0,5.0,5.0,,,,15.0,,1.0,,,3.0,,1.0,,,5.0,,,,,,,,,,,1.0,1.0,1.0,1.0,1.0,1.0,7.0,3.0,2.0,3.0,3.0,5.0,6.0,6.0,4.0,2.0,,,,,,,,,,,,,,,,,,,,,,,,,,,,,,,,,,,,,,,,,,,,,,,,,,
1169,5,5,5,4,4,5,5,4,2,2,,30.0,6.0,,5.0,4.0,2.0,,,,,6.0,,,1.0,1.0,,3.0,5.0,5.0,,,,,,,,15.0,1.0,,,,3.0,,1.0,,5.0,,,,,,,,,,,1.0,1.0,1.0,1.0,1.0,1.0,7.0,3.0,2.0,3.0,3.0,5.0,6.0,6.0,4.0,2.0,75.0,80.0,85.0,70.0,70.0,80.0,75.0,65.0,40.0,40.0,2.0,1.0,1.0,2.0,2.0,2.0,2.0,1.0,2.0,1.0,1.0,1.0,1.0,1.0,1.0,1.0,1.0,1.0,1.0,1.0,1.0,1.0,1.0,1.0,1.0,1.0,1.0,2.0,1.0,1.0,1.0,2.0,1.0,1.0,2.0,1.0,1.0,1.0,1.0,1.0
853,4,4,4,2,3,4,4,3,2,2,70.0,,,2.0,5.0,4.0,2.0,,,,,6.0,,,1.0,,2.0,3.0,4.0,5.0,,,,,,,15.0,,1.0,,,4.0,,1.0,,5.0,,,,,,,,,,,,1.0,1.0,1.0,1.0,1.0,1.0,6.0,3.0,3.0,3.0,3.0,5.0,6.0,6.0,4.0,,,,,,,,,,,,2.0,1.0,1.0,2.0,2.0,1.0,2.0,2.0,1.0,2.0,1.0,1.0,1.0,1.0,1.0,1.0,2.0,1.0,1.0,2.0,1.0,2.0,1.0,2.0,1.0,1.0,2.0,2.0,1.0,1.0,1.0,1.0,2.0,1.0,1.0,1.0,1.0,1.0,1.0,1.0
920,5,5,5,4,4,5,5,5,2,2,70.0,,,2.0,5.0,4.0,2.0,,,,,6.0,1.0,54.0,,,2.0,,,,,,,2.0,5.0,5.0,,15.0,,1.0,4.0,,,1.0,,5.0,,,,,,,,,,,,1.0,1.0,1.0,1.0,1.0,1.0,6.0,3.0,3.0,3.0,3.0,5.0,6.0,6.0,4.0,2.0,75.0,75.0,75.0,65.0,65.0,75.0,75.0,75.0,40.0,40.0,1.0,1.0,1.0,1.0,2.0,2.0,1.0,2.0,2.0,1.0,1.0,1.0,1.0,1.0,2.0,1.0,1.0,2.0,1.0,1.0,1.0,1.0,1.0,1.0,2.0,1.0,2.0,2.0,1.0,1.0,1.0,1.0,1.0,1.0,1.0,1.0,1.0,1.0,1.0,1.0
152,2,3,3,2,3,3,3,2,4,4,,30.0,,2.0,5.0,4.0,2.0,,,,6.0,,,,1.0,,2.0,,,,2.0,4.0,5.0,,,,,15.0,1.0,,4.0,,,1.0,,,5.0,,,,,,,,,,,1.0,1.0,1.0,1.0,1.0,1.0,6.0,3.0,2.0,2.0,3.0,5.0,6.0,6.0,4.0,2.0,40.0,50.0,50.0,40.0,50.0,50.0,50.0,40.0,60.0,60.0,2.0,2.0,1.0,1.0,2.0,1.0,1.0,2.0,2.0,1.0,1.0,1.0,2.0,2.0,1.0,1.0,2.0,2.0,2.0,2.0,2.0,2.0,2.0,2.0,2.0,1.0,1.0,1.0,1.0,1.0,1.0,2.0,2.0,2.0,2.0,2.0,1.0,1.0,1.0,1.0
1552,2,3,3,2,3,3,3,2,4,3,,30.0,,2.0,,,,,,,6.0,,,,1.0,1.0,,,,,2.0,4.0,5.0,,,,15.0,,,1.0,,3.0,,,1.0,5.0,,,,,,,,,,,,1.0,1.0,1.0,1.0,1.0,1.0,6.0,3.0,2.0,3.0,3.0,5.0,6.0,6.0,3.0,2.0,50.0,45.0,45.0,40.0,45.0,45.0,45.0,40.0,35.0,40.0,1.0,1.0,1.0,1.0,2.0,2.0,1.0,1.0,1.0,1.0,1.0,1.0,2.0,1.0,1.0,1.0,1.0,2.0,2.0,1.0,,,,,,,,,,,,,,,,,,,,
1421,3,3,4,2,3,3,4,3,2,2,70.0,,,2.0,,,,,,,6.0,,1.0,54.0,,1.0,,,,,,,,2.0,4.0,5.0,,10.0,1.0,,,4.0,,,1.0,5.0,,,,,,,,,,,,1.0,1.0,1.0,1.0,1.0,1.0,6.0,3.0,2.0,3.0,3.0,5.0,6.0,6.0,4.0,2.0,55.0,50.0,60.0,40.0,50.0,50.0,60.0,50.0,40.0,40.0,1.0,2.0,2.0,1.0,1.0,2.0,2.0,1.0,2.0,2.0,1.0,1.0,2.0,1.0,1.0,1.0,2.0,2.0,1.0,2.0,1.0,1.0,2.0,1.0,1.0,1.0,2.0,2.0,2.0,1.0,2.0,1.0,2.0,1.0,2.0,2.0,2.0,2.0,2.0,1.0
826,5,5,5,4,4,5,5,4,2,2,,30.0,,2.0,,,,,,,,6.0,,,1.0,1.0,,,,,,,,2.0,5.0,,,15.0,,1.0,,,3.0,1.0,,5.0,,,,,,,,,,,,1.0,1.0,1.0,1.0,1.0,1.0,7.0,3.0,3.0,3.0,3.0,5.0,6.0,6.0,4.0,,,,,,,,,,,,2.0,2.0,1.0,1.0,1.0,2.0,2.0,2.0,1.0,1.0,1.0,2.0,2.0,1.0,1.0,2.0,2.0,1.0,1.0,1.0,1.0,2.0,1.0,1.0,1.0,1.0,1.0,1.0,2.0,1.0,2.0,1.0,2.0,2.0,1.0,2.0,1.0,1.0,2.0,2.0
955,2,4,4,2,3,3,4,2,2,3,70.0,,,2.0,5.0,4.0,2.0,,,,,6.0,1.0,54.0,,1.0,,,,,,,,3.0,4.0,5.0,,10.0,,1.0,,,2.0,,1.0,4.0,,1.0,1.0,1.0,1.0,1.0,1.0,1.0,1.0,1.0,1.0,,,,,,,6.0,3.0,2.0,3.0,3.0,5.0,6.0,6.0,4.0,2.0,40.0,60.0,60.0,40.0,50.0,50.0,60.0,40.0,40.0,50.0,1.0,1.0,2.0,2.0,2.0,1.0,2.0,1.0,2.0,1.0,1.0,1.0,1.0,2.0,1.0,2.0,1.0,2.0,1.0,1.0,2.0,1.0,1.0,2.0,1.0,1.0,1.0,2.0,1.0,1.0,1.0,2.0,1.0,2.0,1.0,2.0,1.0,2.0,1.0,1.0
648,5,4,5,4,4,5,5,4,2,2,70.0,,5.0,,5.0,4.0,2.0,,,,,6.0,,,1.0,1.0,,,,,2.0,5.0,5.0,,,,15.0,,,1.0,,4.0,,1.0,,5.0,,1.0,1.0,1.0,1.0,1.0,1.0,1.0,1.0,1.0,1.0,,,,,,,7.0,3.0,3.0,3.0,3.0,5.0,6.0,6.0,4.0,2.0,75.0,65.0,75.0,60.0,60.0,75.0,75.0,65.0,40.0,40.0,2.0,1.0,2.0,1.0,1.0,2.0,2.0,1.0,1.0,1.0,1.0,2.0,2.0,2.0,1.0,1.0,1.0,2.0,1.0,2.0,1.0,2.0,1.0,1.0,1.0,2.0,1.0,1.0,1.0,1.0,2.0,2.0,1.0,2.0,1.0,2.0,1.0,1.0,1.0,1.0
127,2,3,3,2,3,3,3,2,4,3,70.0,,2.0,,5.0,4.0,2.0,,,,6.0,,1.0,54.0,,,2.0,,,,2.0,4.0,5.0,,,,15.0,,1.0,,4.0,,,1.0,,5.0,,1.0,1.0,1.0,1.0,1.0,1.0,1.0,1.0,1.0,1.0,,,,,,,6.0,3.0,3.0,3.0,3.0,5.0,6.0,6.0,4.0,2.0,40.0,50.0,50.0,40.0,50.0,50.0,50.0,40.0,60.0,50.0,1.0,1.0,2.0,2.0,1.0,2.0,2.0,1.0,2.0,1.0,1.0,1.0,2.0,2.0,1.0,1.0,1.0,1.0,1.0,2.0,1.0,1.0,1.0,2.0,2.0,2.0,2.0,1.0,1.0,1.0,2.0,1.0,1.0,1.0,1.0,1.0,1.0,1.0,1.0,1.0
1248,5,5,5,5,5,5,5,5,1,2,,30.0,6.0,,,,,5.0,4.0,2.0,,6.0,,,1.0,,2.0,,,,2.0,5.0,5.0,,,,15.0,,,1.0,,3.0,,1.0,,5.0,,1.0,1.0,1.0,1.0,1.0,1.0,1.0,1.0,1.0,1.0,,,,,,,7.0,3.0,3.0,3.0,3.0,5.0,6.0,6.0,4.0,2.0,75.0,75.0,75.0,75.0,75.0,75.0,75.0,75.0,25.0,35.0,2.0,1.0,2.0,2.0,1.0,2.0,1.0,1.0,2.0,1.0,1.0,1.0,1.0,2.0,2.0,1.0,2.0,1.0,1.0,1.0,1.0,1.0,2.0,1.0,1.0,1.0,1.0,1.0,1.0,1.0,2.0,1.0,1.0,2.0,1.0,1.0,1.0,2.0,1.0,1.0
1527,5,5,5,5,5,5,5,5,2,2,70.0,,5.0,,,,,,,,,6.0,1.0,54.0,,1.0,,,,,2.0,5.0,5.0,,,,15.0,,1.0,,,,3.0,,1.0,5.0,,1.0,1.0,1.0,1.0,1.0,1.0,1.0,1.0,1.0,1.0,,,,,,,6.0,3.0,3.0,3.0,3.0,5.0,5.0,5.0,4.0,,,,,,,,,,,,1.0,2.0,2.0,1.0,1.0,2.0,1.0,1.0,2.0,2.0,1.0,2.0,1.0,2.0,1.0,1.0,2.0,2.0,1.0,1.0,1.0,1.0,1.0,1.0,2.0,2.0,1.0,1.0,2.0,1.0,1.0,1.0,1.0,1.0,1.0,1.0,2.0,2.0,1.0,1.0
1454,2,3,3,2,3,3,3,2,4,3,,30.0,,2.0,5.0,4.0,2.0,,,,,6.0,,,1.0,,2.0,3.0,4.0,5.0,,,,,,,,15.0,,1.0,4.0,,,,1.0,,5.0,,,,,,,,,,,1.0,1.0,1.0,1.0,1.0,1.0,6.0,3.0,3.0,3.0,3.0,5.0,6.0,6.0,3.0,,,,,,,,,,,,2.0,2.0,2.0,1.0,1.0,1.0,1.0,2.0,2.0,1.0,1.0,2.0,2.0,1.0,2.0,1.0,1.0,1.0,2.0,1.0,1.0,1.0,1.0,2.0,1.0,1.0,1.0,1.0,1.0,1.0,2.0,1.0,2.0,2.0,1.0,1.0,1.0,1.0,1.0,1.0
2000,2,3,3,1,2,3,3,1,1,2,70.0,,,2.0,,,,,,,6.0,,,,1.0,1.0,,2.0,4.0,5.0,,,,,,,,10.0,1.0,,,,3.0,,1.0,,5.0,,,,,,,,,,,1.0,1.0,1.0,1.0,1.0,1.0,6.0,3.0,3.0,3.0,3.0,5.0,6.0,6.0,3.0,2.0,40.0,50.0,50.0,20.0,30.0,50.0,50.0,20.0,20.0,30.0,1.0,2.0,1.0,2.0,1.0,2.0,1.0,1.0,1.0,1.0,2.0,1.0,2.0,2.0,1.0,1.0,2.0,2.0,1.0,1.0,1.0,1.0,1.0,2.0,1.0,1.0,2.0,1.0,2.0,1.0,2.0,1.0,2.0,1.0,1.0,2.0,2.0,1.0,2.0,1.0
71,5,5,5,4,4,5,5,5,2,2,70.0,,,2.0,,,,,,,6.0,,,,1.0,1.0,,3.0,5.0,5.0,,,,,,,15.0,,,1.0,,3.0,,1.0,,,5.0,1.0,1.0,1.0,1.0,1.0,1.0,1.0,1.0,1.0,1.0,,,,,,,6.0,3.0,3.0,3.0,3.0,5.0,6.0,6.0,4.0,2.0,75.0,75.0,75.0,65.0,65.0,75.0,75.0,75.0,40.0,40.0,1.0,2.0,1.0,2.0,1.0,1.0,2.0,2.0,2.0,1.0,1.0,1.0,2.0,1.0,1.0,1.0,1.0,2.0,2.0,2.0,1.0,1.0,1.0,1.0,1.0,1.0,1.0,2.0,2.0,1.0,1.0,1.0,2.0,2.0,2.0,2.0,1.0,1.0,1.0,1.0
994,4,4,4,2,3,4,4,3,2,2,,30.0,5.0,,,,,,,,6.0,,1.0,54.0,,1.0,,,,,,,,2.0,5.0,5.0,,12.0,,1.0,,,3.0,,1.0,5.0,,,,,,,,,,,,1.0,1.0,1.0,1.0,1.0,1.0,7.0,3.0,3.0,3.0,3.0,5.0,6.0,6.0,4.0,2.0,60.0,60.0,60.0,40.0,50.0,60.0,60.0,50.0,30.0,30.0,1.0,1.0,2.0,2.0,1.0,2.0,1.0,1.0,2.0,1.0,1.0,1.0,2.0,1.0,1.0,1.0,1.0,2.0,2.0,1.0,1.0,1.0,2.0,2.0,1.0,1.0,1.0,1.0,1.0,2.0,1.0,1.0,1.0,1.0,2.0,2.0,1.0,2.0,1.0,1.0
689,2,3,3,2,3,2,3,2,1,1,70.0,,2.0,,,,,5.0,4.0,2.0,6.0,,1.0,54.0,,,2.0,,,,2.0,4.0,5.0,,,,15.0,,,1.0,,4.0,,,1.0,,5.0,,,,,,,,,,,1.0,1.0,1.0,1.0,1.0,1.0,6.0,3.0,3.0,3.0,3.0,5.0,6.0,6.0,3.0,,,,,,,,,,,,1.0,2.0,1.0,1.0,1.0,2.0,2.0,2.0,1.0,2.0,1.0,1.0,1.0,2.0,1.0,1.0,1.0,2.0,1.0,2.0,2.0,1.0,1.0,2.0,2.0,2.0,1.0,1.0,1.0,2.0,1.0,2.0,1.0,1.0,1.0,1.0,1.0,1.0,1.0,1.0
300,2,4,4,2,3,4,4,3,2,2,,30.0,5.0,,,,,5.0,4.0,2.0,6.0,,,,1.0,,2.0,2.0,4.0,5.0,,,,,,,15.0,,1.0,,4.0,,,1.0,,5.0,,,,,,,,,,,,1.0,1.0,1.0,1.0,1.0,1.0,6.0,3.0,2.0,3.0,3.0,5.0,6.0,6.0,3.0,2.0,55.0,65.0,65.0,40.0,50.0,65.0,65.0,50.0,40.0,40.0,1.0,1.0,1.0,2.0,1.0,2.0,2.0,1.0,2.0,1.0,1.0,2.0,2.0,1.0,1.0,2.0,1.0,2.0,1.0,2.0,1.0,2.0,2.0,1.0,1.0,1.0,1.0,2.0,1.0,2.0,1.0,1.0,2.0,1.0,1.0,2.0,1.0,1.0,1.0,1.0
273,1,2,2,1,2,2,3,1,1,1,,30.0,,,,,,,,,6.0,,1.0,54.0,,,2.0,2.0,3.0,4.0,,,,,,,5.0,,,1.0,,,2.0,1.0,,5.0,,1.0,1.0,1.0,1.0,1.0,1.0,1.0,1.0,1.0,1.0,,,,,,,6.0,2.0,3.0,3.0,3.0,5.0,6.0,6.0,3.0,,,,,,,,,,,,2.0,1.0,1.0,2.0,1.0,1.0,1.0,2.0,1.0,2.0,1.0,2.0,1.0,2.0,1.0,2.0,2.0,1.0,1.0,2.0,2.0,1.0,2.0,1.0,2.0,1.0,2.0,1.0,2.0,1.0,2.0,1.0,1.0,1.0,2.0,1.0,1.0,1.0,1.0,1.0
1495,4,4,4,2,3,3,4,2,2,3,70.0,,,2.0,,,,,,,6.0,,,,1.0,,2.0,,,,2.0,4.0,5.0,,,,,10.0,1.0,,,4.0,,,1.0,,5.0,,,,,,,,,,,1.0,1.0,1.0,1.0,1.0,1.0,6.0,3.0,2.0,2.0,3.0,5.0,6.0,6.0,3.0,2.0,65.0,60.0,60.0,40.0,45.0,45.0,60.0,35.0,30.0,40.0,1.0,1.0,2.0,1.0,1.0,1.0,1.0,1.0,1.0,2.0,1.0,2.0,1.0,1.0,2.0,1.0,1.0,2.0,1.0,1.0,1.0,2.0,1.0,2.0,1.0,1.0,1.0,2.0,1.0,2.0,1.0,1.0,1.0,1.0,1.0,1.0,1.0,1.0,1.0,1.0
1289,4,4,5,3,4,5,5,4,2,2,70.0,,,2.0,,,,,,,6.0,,,,1.0,,2.0,,,,2.0,5.0,5.0,,,,15.0,,,1.0,,,3.0,1.0,,,5.0,1.0,1.0,1.0,1.0,1.0,1.0,1.0,1.0,1.0,1.0,,,,,,,6.0,3.0,3.0,3.0,3.0,5.0,6.0,6.0,3.0,2.0,65.0,60.0,70.0,50.0,60.0,70.0,70.0,60.0,40.0,40.0,1.0,2.0,2.0,1.0,1.0,2.0,1.0,1.0,2.0,1.0,2.0,2.0,1.0,2.0,2.0,1.0,1.0,2.0,1.0,1.0,1.0,2.0,1.0,2.0,2.0,1.0,1.0,2.0,1.0,1.0,2.0,1.0,2.0,2.0,1.0,1.0,1.0,1.0,1.0,2.0
1700,5,5,5,4,4,5,5,4,2,2,70.0,,5.0,,5.0,4.0,2.0,,,,,6.0,,,1.0,1.0,,3.0,5.0,5.0,,,,,,,,10.0,1.0,,4.0,,,,1.0,5.0,,1.0,1.0,1.0,1.0,1.0,1.0,1.0,1.0,1.0,1.0,,,,,,,6.0,3.0,3.0,3.0,3.0,5.0,6.0,6.0,4.0,2.0,75.0,75.0,75.0,65.0,65.0,75.0,75.0,65.0,35.0,35.0,2.0,1.0,2.0,2.0,1.0,1.0,2.0,2.0,1.0,2.0,1.0,1.0,1.0,1.0,2.0,1.0,1.0,1.0,1.0,1.0,1.0,1.0,1.0,1.0,1.0,2.0,1.0,1.0,1.0,1.0,1.0,1.0,1.0,1.0,1.0,2.0,2.0,1.0,1.0,1.0
1673,5,5,5,4,4,5,5,4,2,3,70.0,,,2.0,5.0,4.0,3.0,,,,6.0,,1.0,54.0,,1.0,,,,,,,,3.0,5.0,5.0,,12.0,,1.0,,,4.0,,1.0,,5.0,,,,,,,,,,,1.0,1.0,1.0,1.0,1.0,1.0,6.0,3.0,3.0,3.0,3.0,5.0,6.0,6.0,4.0,2.0,70.0,70.0,70.0,60.0,60.0,70.0,70.0,60.0,40.0,50.0,1.0,2.0,2.0,1.0,1.0,1.0,2.0,2.0,1.0,2.0,1.0,1.0,2.0,2.0,1.0,2.0,2.0,1.0,2.0,1.0,2.0,1.0,1.0,1.0,2.0,1.0,1.0,1.0,1.0,1.0,2.0,1.0,2.0,1.0,1.0,1.0,1.0,1.0,1.0,2.0
731,5,5,5,5,5,5,5,5,2,2,,20.0,5.0,,,,,5.0,4.0,2.0,,6.0,1.0,54.0,,,2.0,2.0,5.0,5.0,,,,,,,15.0,,,1.0,4.0,,,,1.0,,5.0,,,,,,,,,,,1.0,1.0,1.0,1.0,1.0,1.0,7.0,3.0,3.0,3.0,3.0,5.0,6.0,6.0,4.0,,,,,,,,,,,,1.0,2.0,1.0,1.0,1.0,1.0,2.0,1.0,1.0,1.0,1.0,1.0,2.0,1.0,2.0,1.0,1.0,2.0,1.0,1.0,2.0,1.0,1.0,1.0,1.0,1.0,2.0,1.0,1.0,1.0,1.0,1.0,2.0,1.0,2.0,1.0,1.0,1.0,1.0,2.0
642,4,5,5,2,3,4,5,3,2,2,,30.0,5.0,,5.0,4.0,2.0,,,,6.0,,,,1.0,1.0,,3.0,5.0,5.0,,,,,,,15.0,,1.0,,,3.0,,,1.0,5.0,,,,,,,,,,,,1.0,1.0,1.0,1.0,1.0,1.0,7.0,3.0,2.0,3.0,3.0,5.0,6.0,6.0,4.0,2.0,65.0,70.0,75.0,40.0,50.0,60.0,70.0,50.0,40.0,40.0,1.0,1.0,1.0,1.0,1.0,1.0,2.0,1.0,1.0,1.0,2.0,1.0,1.0,1.0,2.0,1.0,1.0,2.0,1.0,2.0,1.0,1.0,1.0,2.0,2.0,1.0,1.0,1.0,1.0,1.0,1.0,2.0,1.0,1.0,1.0,2.0,1.0,1.0,1.0,1.0
1331,5,5,5,4,4,5,5,5,1,2,70.0,,,2.0,,,,,,,,6.0,,,1.0,,2.0,,,,,,,2.0,5.0,5.0,15.0,,1.0,,,,,,,,,,,,,,,,,,,,,,,,,,,,,,,,,,,,,,,,,,,,,,,,,,,,,,,,,,,,,,,,,,,,,,,,,,,,,,,,,,,,
1242,4,4,4,2,3,3,4,3,2,2,70.0,,,2.0,,,,,,,6.0,,,,1.0,1.0,,,,,,,,2.0,4.0,5.0,,15.0,,1.0,,3.0,,1.0,,5.0,,1.0,1.0,1.0,1.0,1.0,1.0,1.0,1.0,1.0,1.0,,,,,,,6.0,3.0,3.0,3.0,3.0,5.0,6.0,6.0,4.0,2.0,65.0,60.0,60.0,40.0,50.0,50.0,60.0,45.0,35.0,35.0,1.0,2.0,2.0,1.0,2.0,1.0,1.0,1.0,1.0,1.0,1.0,1.0,2.0,1.0,1.0,2.0,1.0,1.0,1.0,1.0,1.0,2.0,1.0,1.0,1.0,2.0,1.0,2.0,1.0,1.0,2.0,2.0,1.0,1.0,1.0,1.0,2.0,1.0,1.0,1.0
516,5,5,5,5,5,5,5,5,2,3,,30.0,,2.0,,,,,,,,6.0,1.0,54.0,,,2.0,,,,,,,2.0,5.0,,,,,,,,,,,,,,,,,,,,,,,,,,,,,7.0,3.0,3.0,3.0,3.0,5.0,6.0,6.0,4.0,2.0,70.0,70.0,70.0,70.0,70.0,70.0,70.0,70.0,30.0,50.0,1.0,1.0,2.0,2.0,2.0,1.0,1.0,1.0,1.0,1.0,1.0,1.0,1.0,1.0,2.0,2.0,2.0,1.0,2.0,1.0,1.0,2.0,1.0,1.0,1.0,2.0,1.0,1.0,1.0,1.0,1.0,1.0,1.0,2.0,1.0,1.0,1.0,2.0,2.0,1.0
465,5,5,5,5,5,5,5,5,2,2,,30.0,,2.0,,,,,,,,6.0,1.0,54.0,,,2.0,3.0,5.0,5.0,,,,,,,15.0,,1.0,,4.0,,,,1.0,,5.0,,,,,,,,,,,1.0,1.0,1.0,1.0,1.0,1.0,6.0,3.0,3.0,3.0,3.0,5.0,6.0,6.0,4.0,2.0,75.0,75.0,75.0,75.0,75.0,75.0,75.0,75.0,40.0,40.0,2.0,1.0,1.0,2.0,1.0,2.0,1.0,1.0,1.0,2.0,1.0,2.0,1.0,1.0,2.0,1.0,2.0,2.0,2.0,1.0,,,,,,,,,,,,,,,,,,,,
279,5,5,5,5,5,5,5,5,2,3,70.0,,5.0,,5.0,4.0,3.0,,,,,7.0,1.0,54.0,,,2.0,2.0,5.0,5.0,,,,,,,15.0,,,1.0,4.0,,,1.0,,,5.0,1.0,1.0,1.0,1.0,1.0,1.0,1.0,1.0,1.0,1.0,,,,,,,6.0,3.0,3.0,3.0,3.0,5.0,6.0,6.0,4.0,,,,,,,,,,,,,,,,,,,,,,,,,,,,,,,,,,,,,,,,,,,,,,,,,,,
683,2,3,3,2,3,3,3,2,4,4,70.0,,,2.0,,,,,,,6.0,,,,1.0,,2.0,,,,,,,2.0,4.0,5.0,,15.0,1.0,,,,3.0,,,,,,,,,,,,,,,,,,,,,,,,,,,,,,,50.0,45.0,45.0,40.0,45.0,45.0,45.0,40.0,35.0,35.0,2.0,2.0,1.0,1.0,1.0,1.0,2.0,1.0,1.0,1.0,2.0,1.0,1.0,2.0,1.0,1.0,1.0,2.0,2.0,1.0,1.0,2.0,1.0,1.0,1.0,1.0,1.0,2.0,1.0,1.0,1.0,1.0,1.0,2.0,2.0,1.0,2.0,1.0,1.0,2.0
1116,4,4,4,3,3,4,4,3,2,2,70.0,,,2.0,,,,,,,6.0,,,,1.0,1.0,,,,,2.0,4.0,5.0,,,,,15.0,1.0,,4.0,,,,1.0,,,,,,,,,,,,,,,,,,,,,,,,,,,,,,,,,,,,,,,,,,,,,,,,,,,,,,,,,,,,,,,,,,,,,,,,,,,,,,
1065,2,3,3,2,3,4,4,2,2,3,,30.0,,2.0,,,,,,,6.0,,,,1.0,1.0,,,,,2.0,4.0,5.0,,,,,15.0,,1.0,4.0,,,1.0,,,5.0,,,,,,,,,,,1.0,1.0,1.0,1.0,1.0,1.0,6.0,3.0,3.0,3.0,3.0,5.0,6.0,6.0,3.0,2.0,40.0,50.0,50.0,40.0,50.0,60.0,60.0,40.0,40.0,50.0,2.0,1.0,2.0,1.0,1.0,2.0,2.0,1.0,2.0,1.0,2.0,2.0,1.0,1.0,1.0,1.0,1.0,2.0,1.0,1.0,2.0,1.0,1.0,1.0,2.0,1.0,1.0,1.0,2.0,1.0,1.0,1.0,1.0,2.0,1.0,1.0,1.0,1.0,1.0,1.0
1679,3,3,3,2,3,3,3,2,4,2,70.0,,,2.0,5.0,4.0,2.0,,,,,6.0,1.0,54.0,,1.0,,,,,2.0,4.0,5.0,,,,15.0,,1.0,,,4.0,,1.0,,,5.0,,,,,,,,,,,1.0,1.0,1.0,1.0,1.0,1.0,6.0,3.0,3.0,3.0,3.0,5.0,6.0,6.0,3.0,2.0,50.0,50.0,50.0,30.0,50.0,50.0,50.0,30.0,40.0,30.0,1.0,1.0,2.0,1.0,2.0,1.0,1.0,1.0,1.0,1.0,1.0,2.0,2.0,2.0,2.0,1.0,1.0,2.0,1.0,1.0,1.0,2.0,2.0,1.0,1.0,1.0,1.0,1.0,1.0,1.0,2.0,1.0,1.0,2.0,1.0,1.0,1.0,1.0,1.0,2.0
1283,4,4,4,2,3,4,4,3,2,2,,30.0,2.0,,,,,5.0,4.0,2.0,6.0,,,,1.0,1.0,,,,,,,,3.0,4.0,5.0,15.0,,,1.0,4.0,,,,1.0,,5.0,1.0,1.0,1.0,1.0,1.0,1.0,1.0,1.0,1.0,1.0,,,,,,,7.0,3.0,4.0,3.0,3.0,5.0,6.0,6.0,4.0,2.0,70.0,65.0,65.0,40.0,50.0,65.0,65.0,50.0,40.0,40.0,1.0,1.0,1.0,1.0,1.0,1.0,1.0,1.0,1.0,1.0,1.0,1.0,1.0,1.0,1.0,1.0,1.0,1.0,1.0,1.0,1.0,1.0,1.0,1.0,1.0,1.0,1.0,1.0,1.0,1.0,1.0,1.0,1.0,1.0,1.0,1.0,1.0,1.0,1.0,1.0
1817,5,5,5,5,4,5,5,4,1,1,70.0,,5.0,,5.0,4.0,2.0,,,,,6.0,1.0,54.0,,,2.0,,,,,,,2.0,5.0,5.0,,15.0,1.0,,5.0,,,1.0,,,5.0,1.0,1.0,1.0,1.0,1.0,1.0,1.0,1.0,1.0,1.0,,,,,,,7.0,3.0,3.0,3.0,3.0,5.0,6.0,6.0,4.0,2.0,75.0,70.0,75.0,75.0,65.0,75.0,75.0,65.0,20.0,20.0,1.0,2.0,2.0,1.0,2.0,2.0,1.0,1.0,2.0,1.0,1.0,2.0,1.0,1.0,1.0,1.0,1.0,2.0,1.0,1.0,,,,,,,,,,,,,,,,,,,,
1964,5,5,5,5,5,5,5,5,2,3,70.0,,,2.0,,,,,,,6.0,,,,1.0,,2.0,3.0,5.0,5.0,,,,,,,15.0,,,1.0,,3.0,,1.0,,,5.0,1.0,1.0,1.0,1.0,1.0,1.0,1.0,1.0,1.0,1.0,,,,,,,6.0,3.0,3.0,3.0,3.0,5.0,6.0,6.0,4.0,2.0,75.0,75.0,75.0,75.0,75.0,75.0,75.0,75.0,30.0,50.0,1.0,1.0,2.0,2.0,2.0,2.0,1.0,1.0,1.0,1.0,1.0,1.0,1.0,1.0,1.0,1.0,1.0,1.0,1.0,1.0,2.0,2.0,2.0,1.0,1.0,1.0,2.0,1.0,1.0,1.0,1.0,1.0,1.0,1.0,1.0,1.0,1.0,2.0,1.0,2.0
785,5,5,5,5,5,5,5,5,1,1,,30.0,,1.0,,,,,,,6.0,,,,1.0,,2.0,,,,3.0,5.0,5.0,,,,,15.0,1.0,,,,4.0,,,,,,,,,,,,,,,,,,,,,,,,,,,,,,2.0,70.0,70.0,75.0,80.0,75.0,80.0,75.0,70.0,30.0,30.0,1.0,1.0,1.0,2.0,2.0,1.0,1.0,2.0,1.0,1.0,1.0,1.0,1.0,1.0,1.0,1.0,2.0,1.0,1.0,1.0,1.0,1.0,1.0,1.0,1.0,1.0,1.0,1.0,2.0,1.0,1.0,1.0,1.0,1.0,2.0,1.0,1.0,1.0,2.0,1.0
563,5,5,5,4,4,5,5,5,2,2,,30.0,5.0,,,,,5.0,4.0,2.0,6.0,,,,1.0,,2.0,,,,2.0,5.0,5.0,,,,15.0,,,1.0,,,3.0,1.0,,,5.0,,,,,,,,,,,1.0,1.0,1.0,1.0,1.0,1.0,7.0,3.0,2.0,3.0,3.0,5.0,6.0,6.0,4.0,2.0,75.0,70.0,80.0,65.0,65.0,75.0,70.0,70.0,40.0,40.0,1.0,1.0,2.0,2.0,1.0,1.0,1.0,1.0,1.0,2.0,1.0,1.0,1.0,1.0,1.0,1.0,1.0,1.0,1.0,2.0,2.0,2.0,1.0,2.0,1.0,2.0,1.0,1.0,1.0,1.0,2.0,1.0,2.0,1.0,1.0,1.0,1.0,2.0,1.0,1.0
199,4,4,4,2,3,4,4,3,2,2,70.0,,,2.0,,,,,,,,6.0,1.0,54.0,,,2.0,,,,2.0,5.0,5.0,,,,15.0,,,1.0,,3.0,,1.0,,,5.0,,,,,,,,,,,1.0,1.0,1.0,1.0,1.0,1.0,6.0,3.0,3.0,3.0,3.0,5.0,6.0,6.0,3.0,2.0,65.0,65.0,65.0,40.0,50.0,65.0,65.0,50.0,40.0,40.0,1.0,2.0,2.0,2.0,1.0,2.0,1.0,2.0,2.0,2.0,1.0,1.0,2.0,2.0,2.0,2.0,2.0,1.0,1.0,1.0,1.0,2.0,2.0,2.0,1.0,1.0,1.0,1.0,1.0,1.0,1.0,2.0,2.0,2.0,2.0,1.0,1.0,1.0,1.0,1.0
410,5,5,5,4,4,5,5,4,2,2,,30.0,,2.0,,,,,,,,6.0,1.0,54.0,,1.0,,,,,3.0,5.0,5.0,,,,,12.0,,1.0,,3.0,,1.0,,5.0,,,,,,,,,,,,1.0,1.0,1.0,1.0,1.0,1.0,6.0,3.0,3.0,3.0,3.0,5.0,6.0,6.0,4.0,2.0,80.0,75.0,80.0,65.0,65.0,80.0,75.0,65.0,40.0,40.0,1.0,2.0,1.0,2.0,1.0,1.0,2.0,1.0,1.0,1.0,1.0,2.0,1.0,1.0,1.0,1.0,1.0,2.0,1.0,2.0,1.0,1.0,1.0,1.0,1.0,1.0,1.0,1.0,1.0,2.0,1.0,1.0,2.0,1.0,2.0,1.0,1.0,1.0,1.0,1.0
1385,4,4,4,2,3,4,4,3,2,3,,30.0,5.0,,,,,5.0,4.0,2.0,6.0,,,,1.0,1.0,,,,,2.0,5.0,5.0,,,,,12.0,,1.0,,,3.0,1.0,,,5.0,1.0,1.0,1.0,1.0,1.0,1.0,1.0,1.0,1.0,1.0,,,,,,,6.0,3.0,3.0,3.0,3.0,5.0,6.0,6.0,3.0,,,,,,,,,,,,1.0,2.0,1.0,1.0,2.0,1.0,1.0,2.0,1.0,1.0,2.0,1.0,2.0,1.0,1.0,2.0,1.0,1.0,1.0,1.0,1.0,1.0,1.0,1.0,2.0,2.0,1.0,2.0,1.0,1.0,1.0,1.0,1.0,2.0,1.0,2.0,1.0,2.0,1.0,1.0
1163,2,3,3,2,3,3,3,2,4,4,40.0,,,2.0,5.0,4.0,2.0,,,,,6.0,,,1.0,1.0,,,,,,,,2.0,4.0,4.0,15.0,,1.0,,4.0,,,,1.0,,5.0,,,,,,,,,,,1.0,1.0,1.0,1.0,1.0,1.0,6.0,3.0,2.0,2.0,3.0,5.0,6.0,6.0,3.0,2.0,50.0,45.0,45.0,40.0,45.0,45.0,45.0,40.0,50.0,50.0,2.0,1.0,1.0,1.0,2.0,2.0,2.0,1.0,1.0,2.0,1.0,1.0,2.0,2.0,1.0,2.0,1.0,1.0,2.0,1.0,2.0,2.0,1.0,1.0,1.0,1.0,1.0,1.0,1.0,1.0,2.0,1.0,1.0,1.0,1.0,2.0,2.0,2.0,2.0,2.0
1599,2,3,3,1,2,3,3,1,1,1,70.0,,5.0,,,,,,,,6.0,,1.0,54.0,,1.0,,,,,,,,2.0,4.0,5.0,,15.0,1.0,,,4.0,,1.0,,,5.0,,,,,,,,,,,1.0,1.0,1.0,1.0,1.0,1.0,7.0,3.0,3.0,3.0,3.0,5.0,6.0,6.0,3.0,,,,,,,,,,,,,,,,,,,,,,,,,,,,,,,,,,,,,,,,,,,,,,,,,,,
1010,4,4,4,2,3,4,4,3,2,2,70.0,,5.0,,,,,,,,6.0,,1.0,54.0,,1.0,,,,,3.0,4.0,5.0,,,,,12.0,1.0,,,3.0,,1.0,,5.0,,,,,,,,,,,,1.0,1.0,1.0,1.0,1.0,1.0,7.0,3.0,3.0,3.0,3.0,5.0,6.0,6.0,3.0,2.0,65.0,60.0,60.0,40.0,45.0,60.0,60.0,45.0,35.0,35.0,1.0,1.0,1.0,1.0,1.0,1.0,1.0,1.0,1.0,1.0,1.0,1.0,1.0,1.0,1.0,1.0,1.0,1.0,1.0,1.0,1.0,1.0,1.0,1.0,1.0,1.0,1.0,1.0,1.0,2.0,1.0,1.0,1.0,1.0,1.0,1.0,1.0,1.0,1.0,1.0
1862,5,5,5,5,5,5,5,5,2,2,,30.0,5.0,,,,,5.0,4.0,2.0,,7.0,1.0,54.0,,1.0,,3.0,5.0,6.0,,,,,,,,10.0,,1.0,,4.0,,1.0,,5.0,,,,,,,,,,,,1.0,1.0,1.0,1.0,1.0,1.0,7.0,3.0,3.0,3.0,3.0,5.0,6.0,6.0,4.0,,,,,,,,,,,,1.0,1.0,1.0,1.0,1.0,1.0,2.0,2.0,2.0,1.0,1.0,1.0,1.0,2.0,1.0,1.0,1.0,1.0,1.0,2.0,2.0,1.0,2.0,2.0,1.0,1.0,1.0,1.0,2.0,1.0,1.0,1.0,1.0,1.0,1.0,2.0,2.0,2.0,2.0,1.0
1911,5,5,5,5,5,5,5,5,1,1,70.0,,5.0,,,,,5.0,4.0,2.0,,6.0,,,1.0,1.0,,,,,2.0,5.0,5.0,,,,15.0,,1.0,,,3.0,,1.0,,,5.0,1.0,1.0,1.0,1.0,1.0,1.0,1.0,1.0,1.0,1.0,,,,,,,7.0,3.0,3.0,3.0,3.0,5.0,6.0,6.0,4.0,2.0,75.0,75.0,80.0,80.0,75.0,80.0,80.0,70.0,30.0,30.0,2.0,2.0,1.0,1.0,2.0,1.0,1.0,1.0,1.0,1.0,2.0,1.0,1.0,1.0,1.0,1.0,1.0,1.0,1.0,2.0,1.0,2.0,1.0,1.0,1.0,1.0,1.0,1.0,1.0,1.0,1.0,1.0,1.0,1.0,1.0,1.0,1.0,1.0,1.0,1.0
898,5,5,5,2,4,5,5,5,2,2,70.0,,2.0,,,,,5.0,4.0,2.0,,6.0,1.0,54.0,,,2.0,,,,,,,2.0,5.0,5.0,15.0,,,1.0,,4.0,,1.0,,,5.0,1.0,1.0,1.0,1.0,1.0,1.0,1.0,1.0,1.0,1.0,,,,,,,6.0,3.0,3.0,3.0,3.0,5.0,6.0,6.0,4.0,,,,,,,,,,,,2.0,2.0,1.0,1.0,2.0,1.0,2.0,1.0,1.0,1.0,2.0,1.0,2.0,1.0,1.0,1.0,1.0,2.0,2.0,1.0,1.0,1.0,2.0,1.0,2.0,1.0,1.0,1.0,1.0,1.0,2.0,1.0,1.0,1.0,1.0,2.0,1.0,1.0,1.0,1.0
158,5,5,5,4,4,5,5,5,2,3,70.0,,5.0,,,,,,,,,6.0,1.0,54.0,,1.0,,2.0,5.0,5.0,,,,,,,,15.0,1.0,,,4.0,,1.0,,5.0,,1.0,1.0,1.0,1.0,1.0,1.0,1.0,1.0,1.0,1.0,,,,,,,6.0,3.0,3.0,3.0,3.0,5.0,6.0,6.0,3.0,2.0,80.0,80.0,85.0,70.0,70.0,85.0,80.0,80.0,40.0,50.0,1.0,2.0,2.0,1.0,1.0,1.0,1.0,2.0,2.0,1.0,1.0,2.0,1.0,1.0,2.0,2.0,1.0,2.0,2.0,2.0,1.0,1.0,2.0,2.0,2.0,2.0,1.0,1.0,1.0,2.0,1.0,2.0,1.0,1.0,2.0,1.0,1.0,1.0,1.0,2.0
744,2,3,3,2,3,2,3,2,4,4,70.0,,2.0,,,,,5.0,4.0,2.0,6.0,,1.0,54.0,,,2.0,,,,2.0,4.0,5.0,,,,15.0,,1.0,,,3.0,,,1.0,4.0,,1.0,1.0,1.0,1.0,1.0,1.0,1.0,1.0,1.0,1.0,,,,,,,6.0,3.0,3.0,3.0,3.0,5.0,6.0,6.0,3.0,2.0,40.0,50.0,50.0,40.0,50.0,40.0,50.0,40.0,60.0,60.0,1.0,1.0,1.0,1.0,1.0,1.0,2.0,1.0,2.0,1.0,1.0,1.0,1.0,1.0,2.0,1.0,2.0,1.0,1.0,1.0,1.0,1.0,1.0,1.0,1.0,1.0,1.0,2.0,1.0,1.0,2.0,1.0,1.0,2.0,1.0,2.0,1.0,1.0,1.0,1.0
637,5,5,5,4,4,5,5,4,2,2,,30.0,,2.0,,,,,,,6.0,,1.0,54.0,,1.0,,,,,,,,3.0,5.0,5.0,,15.0,1.0,,,,3.0,,1.0,,5.0,,,,,,,,,,,1.0,1.0,1.0,1.0,1.0,1.0,7.0,3.0,3.0,3.0,3.0,5.0,6.0,6.0,4.0,2.0,75.0,70.0,75.0,60.0,60.0,75.0,75.0,60.0,40.0,40.0,2.0,2.0,1.0,1.0,1.0,2.0,1.0,1.0,1.0,1.0,1.0,1.0,1.0,2.0,1.0,1.0,2.0,2.0,1.0,2.0,1.0,1.0,1.0,1.0,2.0,2.0,2.0,1.0,2.0,1.0,2.0,1.0,1.0,1.0,1.0,2.0,1.0,1.0,1.0,1.0
1558,2,3,3,1,2,3,3,2,1,1,70.0,,,2.0,5.0,4.0,2.0,,,,,6.0,1.0,54.0,,1.0,,,,,,,,2.0,4.0,5.0,,10.0,,1.0,,,3.0,1.0,,5.0,,1.0,1.0,1.0,1.0,1.0,1.0,1.0,1.0,1.0,1.0,,,,,,,6.0,3.0,2.0,2.0,3.0,5.0,6.0,6.0,3.0,2.0,30.0,40.0,40.0,20.0,30.0,40.0,40.0,30.0,20.0,20.0,1.0,1.0,2.0,1.0,1.0,2.0,1.0,1.0,2.0,1.0,1.0,2.0,2.0,2.0,1.0,2.0,1.0,1.0,1.0,1.0,,,,,,,,,,,,,,,,,,,,
1344,4,4,4,2,3,4,4,3,2,2,,30.0,2.0,,5.0,4.0,2.0,,,,,6.0,,,1.0,1.0,,,,,2.0,5.0,5.0,,,,,10.0,1.0,,4.0,,,1.0,,5.0,,1.0,1.0,1.0,1.0,1.0,1.0,1.0,1.0,1.0,1.0,,,,,,,6.0,3.0,3.0,3.0,3.0,5.0,6.0,6.0,4.0,2.0,65.0,60.0,60.0,35.0,45.0,60.0,60.0,40.0,35.0,35.0,2.0,1.0,1.0,1.0,2.0,2.0,1.0,1.0,1.0,2.0,1.0,1.0,2.0,1.0,2.0,1.0,1.0,2.0,1.0,1.0,2.0,1.0,2.0,1.0,1.0,1.0,2.0,2.0,2.0,1.0,2.0,2.0,1.0,2.0,2.0,1.0,1.0,1.0,2.0,2.0
1237,5,5,5,2,3,5,5,4,2,3,,30.0,,2.0,,,,,,,,6.0,,,1.0,1.0,,,,,2.0,5.0,5.0,,,,15.0,,1.0,,3.0,,,1.0,,,5.0,1.0,1.0,1.0,1.0,1.0,1.0,1.0,1.0,1.0,1.0,,,,,,,7.0,3.0,3.0,3.0,3.0,5.0,6.0,6.0,4.0,2.0,75.0,75.0,75.0,40.0,50.0,75.0,75.0,65.0,40.0,50.0,1.0,1.0,2.0,2.0,2.0,1.0,2.0,2.0,1.0,2.0,2.0,1.0,2.0,1.0,2.0,1.0,1.0,1.0,2.0,1.0,2.0,1.0,1.0,1.0,1.0,1.0,2.0,1.0,1.0,2.0,2.0,1.0,1.0,2.0,2.0,1.0,2.0,2.0,1.0,2.0
859,2,3,3,2,3,3,3,2,4,2,70.0,,,2.0,,,,,,,,6.0,1.0,54.0,,1.0,,,,,2.0,4.0,5.0,,,,15.0,,1.0,,4.0,,,1.0,,,4.0,1.0,1.0,1.0,1.0,1.0,1.0,1.0,1.0,1.0,1.0,,,,,,,6.0,3.0,3.0,3.0,3.0,5.0,6.0,6.0,3.0,,,,,,,,,,,,1.0,1.0,2.0,1.0,1.0,1.0,1.0,2.0,2.0,1.0,2.0,1.0,1.0,2.0,1.0,1.0,2.0,1.0,1.0,1.0,2.0,1.0,2.0,2.0,1.0,1.0,1.0,1.0,1.0,2.0,2.0,1.0,1.0,2.0,1.0,1.0,1.0,1.0,2.0,1.0
682,5,5,5,5,5,5,5,5,1,1,,30.0,5.0,,,,,5.0,4.0,2.0,6.0,,1.0,54.0,,,2.0,,,,,,,2.0,5.0,5.0,,10.0,,2.0,,,2.0,,1.0,,5.0,,,,,,,,,,,1.0,1.0,1.0,1.0,1.0,1.0,7.0,3.0,2.0,2.0,3.0,5.0,6.0,6.0,4.0,2.0,75.0,75.0,80.0,80.0,75.0,80.0,80.0,70.0,30.0,30.0,1.0,2.0,2.0,2.0,1.0,1.0,2.0,1.0,1.0,1.0,1.0,2.0,1.0,2.0,2.0,2.0,1.0,1.0,2.0,1.0,1.0,1.0,2.0,1.0,2.0,1.0,1.0,1.0,1.0,2.0,2.0,1.0,1.0,1.0,2.0,1.0,1.0,2.0,2.0,2.0
278,5,5,5,5,5,5,5,5,2,2,70.0,,,2.0,,,,,,,,6.0,1.0,54.0,,1.0,,,,,2.0,5.0,5.0,,,,,15.0,1.0,,,,3.0,,1.0,,5.0,,,,,,,,,,,1.0,1.0,1.0,1.0,1.0,1.0,7.0,3.0,3.0,3.0,3.0,5.0,6.0,6.0,4.0,2.0,80.0,80.0,85.0,85.0,80.0,85.0,80.0,75.0,40.0,40.0,2.0,2.0,1.0,1.0,1.0,2.0,1.0,1.0,2.0,1.0,1.0,2.0,1.0,1.0,1.0,1.0,1.0,1.0,1.0,1.0,1.0,1.0,1.0,1.0,1.0,1.0,2.0,1.0,1.0,1.0,1.0,1.0,1.0,1.0,2.0,1.0,1.0,1.0,1.0,1.0
464,5,5,5,5,5,5,5,5,2,2,70.0,,,,5.0,4.0,2.0,,,,,6.0,1.0,54.0,,,2.0,,,,,,,3.0,5.0,5.0,,15.0,1.0,,,4.0,,,1.0,5.0,,,,,,,,,,,,1.0,1.0,1.0,1.0,1.0,1.0,,,,,,,,,,,75.0,80.0,85.0,80.0,80.0,85.0,80.0,75.0,30.0,30.0,1.0,2.0,1.0,2.0,1.0,1.0,1.0,1.0,2.0,1.0,1.0,2.0,1.0,2.0,1.0,1.0,1.0,1.0,2.0,1.0,1.0,2.0,2.0,1.0,1.0,2.0,1.0,1.0,2.0,2.0,2.0,1.0,1.0,1.0,2.0,2.0,1.0,1.0,1.0,1.0
517,5,5,5,5,5,5,5,5,1,1,70.0,,,2.0,,,,,,,,6.0,1.0,54.0,,,2.0,,,,,,,2.0,5.0,,15.0,,1.0,,,,,,,,,,,,,,,,,,,,,,,,,,,,,,,,,,,,,,,,,,,,,1.0,1.0,2.0,1.0,2.0,2.0,2.0,1.0,2.0,2.0,1.0,2.0,2.0,1.0,1.0,1.0,1.0,1.0,1.0,2.0,2.0,1.0,1.0,1.0,1.0,2.0,1.0,2.0,2.0,1.0,1.0,1.0,2.0,1.0,1.0,1.0,2.0,2.0,1.0,1.0
1282,2,4,4,1,3,4,4,2,1,2,,30.0,,2.0,5.0,4.0,2.0,,,,,6.0,1.0,54.0,,,2.0,3.0,4.0,5.0,,,,,,,15.0,,1.0,,4.0,,,1.0,,,5.0,1.0,1.0,1.0,1.0,1.0,1.0,1.0,1.0,1.0,1.0,,,,,,,6.0,3.0,2.0,2.0,3.0,5.0,6.0,6.0,3.0,2.0,,,,,,,,,,,,,,,,,,,,,,,,,,,,,,,,,,,,,,,,,,,,,,,,,,
1678,5,5,5,5,5,5,5,5,2,2,,30.0,5.0,,,,,5.0,4.0,2.0,,6.0,1.0,54.0,,,2.0,,,,,,,3.0,5.0,5.0,15.0,,,1.0,,4.0,,1.0,,,5.0,,,,,,,,,,,1.0,1.0,1.0,1.0,1.0,1.0,7.0,3.0,3.0,3.0,3.0,5.0,6.0,6.0,3.0,,,,,,,,,,,,,,,,,,,,,,,,,,,,,,,,,,,,,,,,,,,,,,,,,,,
1064,5,5,5,4,4,5,5,5,2,2,,30.0,5.0,,,,,5.0,4.0,2.0,6.0,,,,1.0,1.0,,,,,2.0,5.0,5.0,,,,15.0,,1.0,,,3.0,,,1.0,,5.0,,,,,,,,,,,1.0,1.0,1.0,1.0,1.0,1.0,6.0,3.0,2.0,3.0,3.0,5.0,6.0,6.0,4.0,2.0,75.0,70.0,75.0,60.0,60.0,75.0,75.0,70.0,40.0,40.0,1.0,1.0,1.0,1.0,2.0,1.0,2.0,1.0,2.0,1.0,1.0,1.0,1.0,2.0,1.0,1.0,2.0,1.0,1.0,1.0,2.0,1.0,2.0,1.0,1.0,2.0,1.0,1.0,1.0,1.0,1.0,1.0,1.0,1.0,1.0,1.0,1.0,2.0,2.0,1.0
1117,5,5,5,5,5,5,5,5,1,1,70.0,,,2.0,,,,,,,6.0,,1.0,54.0,,,2.0,,,,,,,2.0,5.0,5.0,15.0,,1.0,,,,3.0,1.0,,5.0,,,,,,,,,,,,1.0,1.0,1.0,1.0,1.0,1.0,7.0,3.0,3.0,3.0,3.0,5.0,6.0,6.0,,,,,,,,,,,,,,,,,,,,,,,,,,,,,,,,,,,,,,,,,,,,,,,,,,,,
1965,2,3,3,2,3,3,3,2,4,4,,30.0,,2.0,,,,,,,6.0,,,,1.0,1.0,,,,,2.0,4.0,5.0,,,,,15.0,1.0,,,,3.0,,1.0,5.0,,1.0,1.0,1.0,1.0,1.0,1.0,1.0,1.0,1.0,1.0,,,,,,,6.0,3.0,3.0,3.0,3.0,5.0,5.0,5.0,3.0,2.0,40.0,35.0,35.0,30.0,35.0,35.0,35.0,30.0,40.0,40.0,2.0,2.0,1.0,2.0,1.0,1.0,2.0,2.0,2.0,2.0,2.0,2.0,1.0,2.0,2.0,2.0,1.0,1.0,2.0,1.0,2.0,2.0,1.0,1.0,1.0,1.0,1.0,1.0,1.0,2.0,1.0,1.0,1.0,1.0,1.0,2.0,2.0,2.0,1.0,2.0
1816,5,5,5,4,4,5,5,4,2,2,,30.0,5.0,,,,,5.0,4.0,2.0,6.0,,,,1.0,1.0,,,,,,,,2.0,5.0,5.0,,15.0,1.0,,4.0,,,1.0,,5.0,,1.0,1.0,1.0,1.0,1.0,1.0,1.0,1.0,1.0,1.0,,,,,,,7.0,3.0,3.0,3.0,3.0,5.0,6.0,6.0,4.0,2.0,75.0,75.0,80.0,65.0,65.0,75.0,75.0,65.0,40.0,40.0,2.0,1.0,1.0,2.0,1.0,2.0,1.0,1.0,1.0,2.0,2.0,1.0,1.0,1.0,1.0,2.0,1.0,1.0,2.0,1.0,1.0,1.0,1.0,2.0,1.0,2.0,1.0,1.0,2.0,1.0,1.0,2.0,1.0,1.0,1.0,1.0,1.0,1.0,2.0,1.0
643,5,5,5,5,5,5,5,5,2,2,30.0,,,2.0,,,,,,,6.0,,,,1.0,,2.0,3.0,5.0,5.0,,,,,,,,15.0,1.0,,5.0,,,,1.0,5.0,,1.0,1.0,1.0,1.0,1.0,1.0,1.0,1.0,1.0,1.0,,,,,,,6.0,3.0,3.0,3.0,3.0,5.0,6.0,6.0,4.0,2.0,75.0,75.0,75.0,75.0,75.0,75.0,75.0,75.0,40.0,40.0,1.0,1.0,2.0,1.0,1.0,1.0,2.0,2.0,2.0,1.0,1.0,2.0,2.0,2.0,1.0,1.0,1.0,1.0,1.0,1.0,2.0,2.0,1.0,1.0,1.0,1.0,1.0,1.0,2.0,2.0,1.0,1.0,1.0,2.0,1.0,1.0,1.0,1.0,2.0,1.0
730,5,5,5,4,4,5,5,5,2,2,,30.0,,2.0,,,,,,,6.0,,,,1.0,1.0,,,,,,,,2.0,5.0,5.0,15.0,,1.0,,4.0,,,,1.0,5.0,,1.0,1.0,1.0,1.0,1.0,1.0,1.0,1.0,1.0,1.0,,,,,,,7.0,3.0,3.0,3.0,3.0,5.0,6.0,6.0,4.0,2.0,75.0,75.0,80.0,65.0,65.0,75.0,75.0,70.0,40.0,40.0,1.0,1.0,1.0,2.0,1.0,1.0,2.0,2.0,2.0,1.0,1.0,1.0,2.0,1.0,1.0,1.0,2.0,1.0,2.0,1.0,,,,,,,,,,,,,,,,,,,,
1243,5,5,5,5,5,5,5,5,1,1,70.0,,,2.0,,,,,,,6.0,,,,1.0,1.0,,,,,,,,2.0,5.0,5.0,15.0,,,1.0,,4.0,,,1.0,,5.0,1.0,1.0,1.0,1.0,1.0,1.0,1.0,1.0,1.0,1.0,,,,,,,7.0,3.0,2.0,2.0,3.0,5.0,6.0,6.0,4.0,2.0,75.0,70.0,80.0,75.0,70.0,75.0,80.0,70.0,30.0,25.0,2.0,2.0,2.0,2.0,1.0,1.0,1.0,1.0,1.0,1.0,1.0,1.0,1.0,1.0,2.0,2.0,1.0,1.0,1.0,1.0,1.0,1.0,1.0,2.0,1.0,1.0,1.0,1.0,2.0,1.0,1.0,1.0,2.0,1.0,1.0,2.0,1.0,1.0,2.0,2.0
1330,4,4,4,2,3,4,4,3,2,2,,30.0,,2.0,,,,,,,6.0,,1.0,54.0,,1.0,,3.0,4.0,5.0,,,,,,,15.0,,1.0,,,,3.0,,1.0,5.0,,1.0,1.0,1.0,1.0,1.0,1.0,1.0,1.0,1.0,1.0,,,,,,,6.0,3.0,2.0,3.0,3.0,5.0,6.0,5.0,4.0,2.0,65.0,60.0,60.0,40.0,45.0,60.0,60.0,45.0,35.0,35.0,1.0,2.0,2.0,2.0,2.0,1.0,2.0,1.0,2.0,2.0,1.0,1.0,2.0,1.0,1.0,1.0,1.0,2.0,1.0,2.0,1.0,2.0,1.0,2.0,1.0,2.0,2.0,1.0,1.0,1.0,1.0,2.0,2.0,1.0,2.0,1.0,1.0,2.0,1.0,2.0
636,4,4,4,3,4,4,4,3,2,2,70.0,,2.0,,,,,5.0,4.0,2.0,,6.0,,,1.0,1.0,,,,,2.0,4.0,5.0,,,,15.0,,1.0,,,,3.0,,,,,,,,,,,,,,,,,,,,,,,,,,,,,,2.0,60.0,60.0,60.0,50.0,60.0,60.0,60.0,50.0,40.0,40.0,,,,,,,,,,,,,,,,,,,,,,,,,,,,,,,,,,,,,,,,
745,2,3,3,1,2,3,3,2,1,2,,30.0,5.0,,,,,5.0,4.0,2.0,,6.0,,,1.0,1.0,,3.0,4.0,5.0,,,,,,,15.0,,,1.0,4.0,,,1.0,,5.0,,1.0,1.0,1.0,1.0,1.0,1.0,1.0,1.0,1.0,1.0,,,,,,,,,,,,,,,,,,,,,,,,,,,2.0,1.0,1.0,2.0,1.0,1.0,2.0,2.0,1.0,1.0,1.0,2.0,1.0,1.0,2.0,1.0,2.0,2.0,1.0,1.0,2.0,1.0,1.0,1.0,1.0,2.0,1.0,1.0,2.0,1.0,1.0,1.0,1.0,1.0,1.0,1.0,1.0,1.0,1.0,1.0
159,2,3,3,2,3,3,4,2,2,2,,30.0,2.0,,,,,5.0,4.0,2.0,,6.0,,,1.0,,2.0,3.0,4.0,5.0,,,,,,,15.0,,,1.0,,,2.0,,1.0,,5.0,1.0,1.0,1.0,1.0,1.0,1.0,1.0,1.0,1.0,1.0,,,,,,,6.0,3.0,3.0,3.0,3.0,5.0,6.0,6.0,3.0,2.0,40.0,50.0,50.0,40.0,50.0,50.0,60.0,40.0,40.0,40.0,1.0,1.0,1.0,1.0,1.0,2.0,1.0,1.0,2.0,1.0,2.0,1.0,1.0,2.0,1.0,1.0,2.0,1.0,1.0,1.0,2.0,1.0,1.0,1.0,1.0,2.0,1.0,1.0,1.0,1.0,1.0,2.0,1.0,1.0,2.0,1.0,1.0,1.0,1.0,1.0
1236,5,5,5,3,4,5,5,4,2,2,70.0,,5.0,,,,,5.0,4.0,2.0,,6.0,,,1.0,,2.0,3.0,5.0,5.0,,,,,,,15.0,,1.0,,,,3.0,1.0,,5.0,,1.0,1.0,1.0,1.0,1.0,1.0,1.0,1.0,1.0,1.0,,,,,,,7.0,3.0,2.0,2.0,3.0,5.0,6.0,6.0,4.0,2.0,75.0,70.0,80.0,50.0,60.0,75.0,70.0,60.0,40.0,40.0,1.0,1.0,2.0,2.0,2.0,2.0,1.0,1.0,1.0,1.0,1.0,1.0,2.0,2.0,2.0,2.0,1.0,1.0,1.0,1.0,2.0,2.0,1.0,1.0,1.0,1.0,1.0,1.0,2.0,1.0,1.0,1.0,2.0,1.0,1.0,2.0,1.0,2.0,2.0,1.0
1345,5,5,5,5,5,5,5,5,2,3,,30.0,,2.0,,,,,,,6.0,,,,1.0,1.0,,3.0,5.0,5.0,,,,,,,15.0,,,1.0,4.0,,,1.0,,5.0,,,,,,,,,,,,1.0,1.0,1.0,1.0,1.0,1.0,6.0,3.0,3.0,3.0,3.0,5.0,6.0,6.0,4.0,2.0,75.0,75.0,80.0,80.0,80.0,85.0,80.0,75.0,40.0,50.0,1.0,2.0,1.0,1.0,1.0,2.0,2.0,2.0,1.0,1.0,1.0,1.0,2.0,2.0,1.0,2.0,1.0,1.0,1.0,2.0,2.0,2.0,2.0,2.0,1.0,1.0,1.0,1.0,1.0,1.0,1.0,1.0,2.0,2.0,1.0,1.0,1.0,2.0,1.0,2.0
1559,1,2,2,1,2,1,2,1,1,1,70.0,,,2.0,5.0,4.0,2.0,,,,,6.0,,,1.0,,2.0,,,,2.0,4.0,5.0,,,,15.0,,,1.0,4.0,,,,1.0,5.0,,,,,,,,,,,,1.0,1.0,1.0,1.0,1.0,1.0,6.0,2.0,3.0,3.0,3.0,5.0,6.0,6.0,4.0,2.0,20.0,30.0,30.0,20.0,30.0,20.0,30.0,20.0,20.0,20.0,1.0,1.0,2.0,2.0,1.0,2.0,1.0,2.0,1.0,1.0,2.0,2.0,1.0,1.0,2.0,1.0,1.0,1.0,2.0,2.0,1.0,1.0,1.0,2.0,1.0,2.0,1.0,2.0,1.0,1.0,1.0,1.0,1.0,2.0,2.0,1.0,1.0,2.0,1.0,1.0
858,5,5,5,5,5,5,5,5,1,1,,30.0,5.0,,,,,,,,6.0,,1.0,54.0,,1.0,,3.0,5.0,5.0,,,,,,,,15.0,1.0,,,3.0,,1.0,,5.0,,1.0,1.0,1.0,1.0,1.0,1.0,1.0,1.0,1.0,1.0,,,,,,,7.0,3.0,3.0,3.0,3.0,5.0,6.0,6.0,4.0,2.0,70.0,70.0,70.0,70.0,70.0,70.0,70.0,70.0,20.0,20.0,1.0,1.0,2.0,2.0,1.0,2.0,1.0,1.0,1.0,1.0,1.0,1.0,1.0,1.0,1.0,1.0,2.0,2.0,1.0,1.0,1.0,1.0,1.0,2.0,1.0,1.0,1.0,1.0,1.0,2.0,1.0,1.0,1.0,1.0,1.0,2.0,1.0,1.0,1.0,1.0
411,2,4,4,1,3,3,4,2,1,1,,30.0,5.0,,5.0,4.0,2.0,,,,6.0,,1.0,54.0,,1.0,,3.0,4.0,5.0,,,,,,,15.0,,1.0,,,4.0,,1.0,,,5.0,,,,,,,,,,,1.0,1.0,1.0,1.0,1.0,1.0,6.0,3.0,3.0,3.0,3.0,5.0,6.0,6.0,3.0,2.0,40.0,60.0,60.0,20.0,40.0,40.0,60.0,30.0,20.0,20.0,1.0,1.0,1.0,1.0,1.0,2.0,2.0,1.0,2.0,1.0,2.0,1.0,1.0,1.0,1.0,1.0,1.0,1.0,1.0,1.0,1.0,1.0,1.0,2.0,1.0,1.0,1.0,1.0,1.0,1.0,1.0,1.0,1.0,1.0,1.0,1.0,1.0,1.0,1.0,2.0
198,5,5,5,4,4,5,5,4,2,2,70.0,,,,,,,,,,6.0,,,,1.0,1.0,,,,,,,,3.0,5.0,5.0,15.0,,1.0,,,,4.0,,,,,,,,,,,,,,,,,,,,,,,,,,,,,,,,,,,,,,,,,2.0,1.0,2.0,1.0,1.0,2.0,2.0,1.0,1.0,2.0,1.0,2.0,1.0,2.0,1.0,2.0,2.0,1.0,1.0,2.0,1.0,1.0,2.0,1.0,1.0,1.0,1.0,2.0,1.0,1.0,1.0,1.0,2.0,1.0,2.0,2.0,1.0,2.0,1.0,1.0
562,5,5,5,5,5,5,5,5,1,1,,30.0,5.0,,5.0,4.0,2.0,,,,,6.0,,,1.0,,2.0,3.0,5.0,5.0,,,,,,,15.0,,1.0,,,,3.0,1.0,,5.0,,,,,,,,,,,,1.0,1.0,1.0,1.0,1.0,1.0,7.0,3.0,3.0,3.0,3.0,5.0,5.0,5.0,4.0,,,,,,,,,,,,2.0,1.0,1.0,1.0,2.0,1.0,1.0,2.0,1.0,1.0,1.0,1.0,1.0,1.0,1.0,1.0,1.0,1.0,1.0,1.0,1.0,1.0,1.0,1.0,1.0,1.0,2.0,2.0,1.0,1.0,1.0,1.0,1.0,1.0,2.0,1.0,2.0,1.0,1.0,1.0
784,5,5,5,4,4,5,5,4,2,2,70.0,,,2.0,5.0,4.0,2.0,,,,,6.0,,,1.0,1.0,,3.0,5.0,5.0,,,,,,,15.0,,1.0,,,,3.0,,1.0,5.0,,,,,,,,,,,,1.0,1.0,1.0,1.0,1.0,1.0,6.0,3.0,3.0,3.0,3.0,5.0,6.0,6.0,3.0,2.0,75.0,75.0,75.0,65.0,65.0,75.0,75.0,65.0,40.0,40.0,1.0,1.0,2.0,2.0,1.0,1.0,1.0,1.0,2.0,1.0,1.0,1.0,2.0,2.0,2.0,1.0,1.0,1.0,2.0,1.0,1.0,1.0,2.0,2.0,1.0,1.0,1.0,1.0,1.0,2.0,1.0,1.0,1.0,1.0,2.0,1.0,1.0,1.0,1.0,1.0
1011,4,4,4,3,4,5,5,3,2,2,,30.0,,2.0,,,,,,,,6.0,1.0,54.0,,1.0,,,,,3.0,5.0,5.0,,,,,12.0,1.0,,5.0,,,1.0,,5.0,,,,,,,,,,,,,,,,,,,,,,,,,,,,65.0,65.0,65.0,50.0,65.0,75.0,75.0,50.0,40.0,40.0,1.0,1.0,2.0,2.0,1.0,1.0,2.0,1.0,1.0,2.0,1.0,1.0,2.0,1.0,1.0,1.0,2.0,1.0,1.0,2.0,1.0,1.0,2.0,2.0,1.0,2.0,1.0,1.0,1.0,1.0,1.0,2.0,1.0,1.0,1.0,1.0,2.0,1.0,1.0,1.0
1598,4,4,4,2,3,4,4,3,2,2,,30.0,5.0,,5.0,4.0,2.0,,,,,6.0,,,1.0,,2.0,3.0,4.0,4.0,,,,,,,15.0,,1.0,,4.0,,,1.0,,5.0,,1.0,1.0,1.0,1.0,1.0,1.0,1.0,1.0,1.0,1.0,,,,,,,6.0,3.0,3.0,3.0,3.0,5.0,6.0,6.0,4.0,2.0,65.0,60.0,60.0,40.0,45.0,60.0,60.0,45.0,35.0,35.0,1.0,1.0,2.0,1.0,1.0,2.0,1.0,2.0,1.0,2.0,2.0,2.0,2.0,1.0,1.0,1.0,1.0,1.0,1.0,1.0,1.0,2.0,2.0,1.0,1.0,1.0,1.0,1.0,2.0,2.0,1.0,2.0,1.0,2.0,1.0,1.0,1.0,1.0,1.0,1.0
1162,4,4,4,2,3,3,4,2,2,2,70.0,,2.0,,,,,5.0,4.0,2.0,6.0,,,,1.0,1.0,,2.0,4.0,5.0,,,,,,,,10.0,,1.0,4.0,,,,1.0,,5.0,1.0,1.0,1.0,1.0,1.0,1.0,1.0,1.0,1.0,1.0,,,,,,,6.0,3.0,3.0,3.0,3.0,5.0,5.0,5.0,4.0,2.0,60.0,55.0,60.0,40.0,45.0,50.0,55.0,40.0,35.0,35.0,1.0,1.0,2.0,1.0,1.0,2.0,1.0,1.0,1.0,1.0,2.0,1.0,2.0,2.0,1.0,1.0,1.0,1.0,1.0,1.0,2.0,1.0,1.0,1.0,1.0,1.0,1.0,1.0,1.0,2.0,1.0,1.0,1.0,1.0,2.0,1.0,1.0,1.0,2.0,1.0
1384,2,3,3,1,2,3,3,2,1,1,70.0,,,,,,,,,,,6.0,,,1.0,,2.0,3.0,4.0,5.0,,,,,,,15.0,,1.0,,,,,,,,,,,,,,,,,,,,,,,,,,,,,,,,,,,,,,,,,,,,,,,,,,,,,,,,,,,,,,,,,,,,,,,,,,,,,,,,,,,,
1910,2,3,3,2,3,3,4,2,4,4,,30.0,,2.0,,,,,,,,6.0,1.0,54.0,,1.0,,3.0,4.0,5.0,,,,,,,,15.0,,1.0,4.0,,,,1.0,5.0,,1.0,1.0,1.0,1.0,1.0,1.0,1.0,1.0,1.0,1.0,,,,,,,7.0,3.0,3.0,3.0,3.0,5.0,6.0,6.0,3.0,2.0,40.0,50.0,50.0,40.0,50.0,50.0,60.0,40.0,60.0,60.0,1.0,2.0,1.0,2.0,1.0,1.0,1.0,1.0,2.0,1.0,1.0,2.0,1.0,1.0,2.0,1.0,1.0,2.0,1.0,1.0,1.0,1.0,1.0,1.0,1.0,1.0,1.0,1.0,2.0,1.0,1.0,1.0,1.0,1.0,1.0,1.0,1.0,2.0,1.0,2.0
1863,4,4,4,3,3,4,4,3,2,2,,30.0,5.0,,,,,,,,,6.0,1.0,54.0,,,2.0,3.0,4.0,5.0,,,,,,,15.0,,1.0,,,,3.0,1.0,,5.0,,,,,,,,,,,,1.0,1.0,1.0,1.0,1.0,1.0,6.0,3.0,2.0,3.0,3.0,5.0,6.0,6.0,3.0,,,,,,,,,,,,1.0,2.0,2.0,1.0,1.0,1.0,1.0,2.0,1.0,1.0,2.0,1.0,2.0,1.0,1.0,2.0,1.0,1.0,1.0,1.0,2.0,1.0,2.0,1.0,1.0,1.0,1.0,1.0,1.0,2.0,1.0,1.0,1.0,1.0,1.0,2.0,1.0,1.0,1.0,1.0
899,5,5,5,4,5,5,5,4,2,3,,30.0,,2.0,,,,,,,,6.0,1.0,54.0,,1.0,,3.0,5.0,5.0,,,,,,,15.0,,,1.0,4.0,,,1.0,,,5.0,,,,,,,,,,,,,,,,,,,,,,,,,,,,,,,,,,,,,1.0,2.0,2.0,2.0,1.0,1.0,2.0,1.0,1.0,1.0,1.0,2.0,1.0,1.0,1.0,2.0,1.0,1.0,1.0,2.0,1.0,1.0,1.0,1.0,2.0,1.0,2.0,1.0,1.0,2.0,1.0,1.0,1.0,2.0,1.0,1.0,1.0,1.0,1.0,1.0
921,5,5,5,4,4,5,5,4,2,2,,30.0,,2.0,,,,,,,6.0,,,,1.0,,2.0,,,,,,,2.0,5.0,5.0,15.0,,1.0,,,,2.0,1.0,,5.0,,1.0,1.0,1.0,1.0,1.0,1.0,1.0,1.0,1.0,1.0,,,,,,,7.0,3.0,2.0,2.0,3.0,5.0,6.0,6.0,3.0,,,,,,,,,,,,,,,,,,,,,,,,,,,,,,,,,,,,,,,,,,,,,,,,,,,
852,4,4,4,3,4,5,5,3,2,2,70.0,,2.0,,5.0,4.0,2.0,,,,6.0,,,,1.0,,2.0,3.0,4.0,5.0,,,,,,,15.0,,1.0,,,3.0,,,1.0,,5.0,1.0,1.0,1.0,1.0,1.0,1.0,1.0,1.0,1.0,1.0,,,,,,,6.0,3.0,3.0,3.0,3.0,5.0,6.0,6.0,3.0,2.0,60.0,60.0,60.0,50.0,60.0,70.0,70.0,50.0,40.0,40.0,2.0,1.0,1.0,1.0,2.0,1.0,1.0,2.0,1.0,2.0,2.0,2.0,1.0,1.0,1.0,1.0,1.0,2.0,2.0,1.0,1.0,1.0,1.0,1.0,1.0,2.0,1.0,1.0,1.0,1.0,1.0,2.0,2.0,1.0,1.0,2.0,1.0,1.0,1.0,2.0
153,5,5,5,4,4,5,5,4,2,3,,30.0,,2.0,,,,,,,,6.0,1.0,54.0,,,2.0,,,,,,,2.0,5.0,5.0,,15.0,1.0,,,4.0,,,1.0,,5.0,,,,,,,,,,,1.0,1.0,1.0,1.0,1.0,1.0,7.0,3.0,3.0,3.0,3.0,5.0,6.0,6.0,4.0,2.0,75.0,75.0,80.0,65.0,65.0,75.0,75.0,60.0,40.0,50.0,1.0,2.0,1.0,1.0,1.0,1.0,2.0,2.0,2.0,1.0,1.0,2.0,2.0,2.0,1.0,2.0,2.0,2.0,1.0,1.0,,,,,,,,,,,,,,,,,,,,
1420,4,4,4,2,3,4,4,3,2,2,,30.0,,2.0,5.0,4.0,2.0,,,,,6.0,,,1.0,,2.0,,,,,,,3.0,4.0,5.0,15.0,,,1.0,,,3.0,,1.0,,5.0,,,,,,,,,,,1.0,1.0,1.0,1.0,1.0,1.0,6.0,3.0,2.0,3.0,3.0,5.0,6.0,6.0,4.0,2.0,65.0,60.0,60.0,40.0,45.0,60.0,60.0,45.0,35.0,35.0,1.0,1.0,1.0,1.0,1.0,1.0,1.0,1.0,1.0,1.0,1.0,1.0,1.0,1.0,1.0,1.0,1.0,1.0,1.0,1.0,2.0,1.0,1.0,1.0,1.0,1.0,1.0,1.0,1.0,1.0,1.0,1.0,1.0,1.0,1.0,1.0,1.0,1.0,1.0,1.0
1553,2,3,3,1,2,1,2,1,1,1,,30.0,,2.0,,,,,,,6.0,,,,1.0,,2.0,,,,2.0,4.0,5.0,,,,15.0,,,1.0,4.0,,,,1.0,,5.0,1.0,1.0,1.0,1.0,1.0,1.0,1.0,1.0,1.0,1.0,,,,,,,6.0,3.0,2.0,2.0,3.0,5.0,6.0,6.0,4.0,2.0,40.0,50.0,50.0,20.0,30.0,20.0,30.0,20.0,20.0,20.0,2.0,2.0,2.0,1.0,1.0,2.0,2.0,1.0,1.0,1.0,1.0,2.0,1.0,1.0,2.0,2.0,1.0,1.0,1.0,2.0,1.0,1.0,1.0,1.0,1.0,2.0,1.0,1.0,1.0,1.0,2.0,1.0,1.0,1.0,1.0,1.0,2.0,1.0,1.0,1.0
1869,5,5,5,4,4,5,5,4,2,2,,30.0,,2.0,,,,,,,,6.0,1.0,54.0,,1.0,,3.0,5.0,5.0,,,,,,,15.0,,1.0,,,,3.0,1.0,,,5.0,1.0,1.0,1.0,1.0,1.0,1.0,1.0,1.0,1.0,1.0,,,,,,,7.0,3.0,3.0,3.0,3.0,5.0,6.0,6.0,3.0,,,,,,,,,,,,1.0,1.0,1.0,1.0,1.0,1.0,1.0,1.0,1.0,1.0,1.0,1.0,1.0,1.0,1.0,1.0,1.0,1.0,1.0,1.0,1.0,1.0,1.0,1.0,1.0,1.0,1.0,1.0,1.0,1.0,1.0,1.0,1.0,1.0,1.0,1.0,1.0,1.0,1.0,1.0
893,5,5,5,5,5,5,5,5,2,2,,30.0,5.0,,,,,,,,,6.0,,,1.0,,2.0,3.0,5.0,5.0,,,,,,,,15.0,1.0,,,,3.0,1.0,,,5.0,1.0,1.0,1.0,1.0,1.0,1.0,1.0,1.0,1.0,1.0,,,,,,,6.0,3.0,3.0,3.0,3.0,5.0,6.0,6.0,4.0,,,,,,,,,,,,1.0,1.0,2.0,2.0,1.0,2.0,1.0,1.0,1.0,2.0,1.0,1.0,1.0,1.0,1.0,2.0,1.0,1.0,1.0,1.0,2.0,1.0,1.0,2.0,1.0,1.0,1.0,2.0,1.0,2.0,1.0,1.0,1.0,2.0,2.0,1.0,1.0,2.0,1.0,2.0
568,5,5,5,5,5,5,5,5,2,3,,20.0,5.0,,,,,,,,,6.0,1.0,54.0,,1.0,,,,,,,,3.0,5.0,5.0,15.0,,,1.0,,4.0,,1.0,,5.0,,1.0,1.0,1.0,1.0,1.0,1.0,1.0,1.0,1.0,1.0,,,,,,,7.0,3.0,3.0,3.0,3.0,5.0,6.0,6.0,4.0,2.0,75.0,70.0,75.0,70.0,70.0,75.0,75.0,70.0,40.0,50.0,2.0,2.0,1.0,2.0,1.0,1.0,1.0,1.0,1.0,1.0,1.0,1.0,2.0,2.0,2.0,1.0,1.0,2.0,2.0,1.0,1.0,2.0,1.0,2.0,1.0,1.0,1.0,2.0,2.0,2.0,2.0,1.0,2.0,1.0,1.0,1.0,1.0,1.0,1.0,2.0
192,5,5,5,5,5,5,5,5,1,1,70.0,,6.0,,5.0,4.0,2.0,,,,,6.0,1.0,54.0,,,2.0,,,,,,,2.0,5.0,5.0,5.0,,1.0,,,,4.0,,,,,,,,,,,,,,,,,,,,,,,,,,,,,,,80.0,80.0,85.0,85.0,85.0,85.0,85.0,80.0,20.0,20.0,1.0,1.0,1.0,1.0,1.0,1.0,1.0,1.0,1.0,1.0,2.0,1.0,1.0,1.0,1.0,1.0,1.0,1.0,1.0,1.0,1.0,1.0,1.0,1.0,1.0,1.0,1.0,1.0,1.0,2.0,1.0,1.0,1.0,1.0,1.0,1.0,1.0,1.0,1.0,1.0
207,4,4,4,2,3,4,4,3,2,2,70.0,,5.0,,5.0,4.0,2.0,,,,6.0,,,,1.0,1.0,,3.0,4.0,5.0,,,,,,,15.0,,,1.0,,,3.0,,1.0,,5.0,,,,,,,,,,,1.0,1.0,1.0,1.0,1.0,1.0,7.0,3.0,3.0,3.0,3.0,5.0,6.0,6.0,3.0,2.0,65.0,60.0,60.0,40.0,45.0,60.0,60.0,45.0,35.0,35.0,2.0,1.0,2.0,1.0,1.0,2.0,1.0,1.0,1.0,1.0,2.0,1.0,1.0,1.0,1.0,1.0,1.0,2.0,1.0,1.0,1.0,2.0,1.0,1.0,2.0,1.0,1.0,2.0,2.0,1.0,1.0,1.0,1.0,1.0,2.0,1.0,2.0,1.0,1.0,2.0
374,5,5,5,5,5,5,5,5,2,3,,30.0,5.0,,,,,5.0,4.0,2.0,,6.0,1.0,54.0,,,2.0,,,,,,,3.0,5.0,5.0,,15.0,,1.0,,,3.0,,1.0,,5.0,1.0,1.0,1.0,1.0,1.0,1.0,1.0,1.0,1.0,1.0,,,,,,,6.0,3.0,3.0,3.0,3.0,5.0,5.0,5.0,4.0,2.0,75.0,75.0,80.0,80.0,75.0,80.0,80.0,70.0,30.0,50.0,1.0,1.0,2.0,2.0,2.0,1.0,1.0,1.0,1.0,2.0,2.0,1.0,1.0,1.0,2.0,1.0,1.0,1.0,1.0,1.0,1.0,2.0,2.0,1.0,1.0,1.0,2.0,1.0,1.0,2.0,2.0,2.0,2.0,1.0,1.0,1.0,1.0,2.0,1.0,1.0
1168,5,5,5,4,4,5,5,5,2,2,70.0,,5.0,,,,,,,,6.0,,,,1.0,,2.0,3.0,5.0,5.0,,,,,,,15.0,,,1.0,,,3.0,,1.0,,5.0,,,,,,,,,,,1.0,1.0,1.0,1.0,1.0,1.0,7.0,3.0,4.0,3.0,3.0,5.0,6.0,5.0,4.0,2.0,75.0,70.0,75.0,60.0,60.0,75.0,70.0,70.0,40.0,40.0,2.0,2.0,1.0,1.0,2.0,1.0,1.0,2.0,1.0,2.0,1.0,1.0,1.0,1.0,1.0,2.0,1.0,1.0,1.0,2.0,1.0,1.0,1.0,1.0,1.0,2.0,1.0,1.0,1.0,1.0,1.0,1.0,1.0,1.0,1.0,1.0,1.0,1.0,1.0,1.0
1592,5,5,5,5,5,5,5,5,2,2,,30.0,,2.0,,,,,,,6.0,,1.0,54.0,,1.0,,,,,2.0,5.0,5.0,,,,15.0,,,1.0,3.0,,,,1.0,5.0,,1.0,1.0,1.0,1.0,1.0,1.0,1.0,1.0,1.0,1.0,,,,,,,7.0,3.0,2.0,3.0,3.0,5.0,6.0,6.0,4.0,2.0,80.0,75.0,80.0,85.0,80.0,85.0,80.0,75.0,40.0,40.0,2.0,2.0,1.0,2.0,2.0,1.0,1.0,1.0,1.0,1.0,2.0,1.0,1.0,2.0,1.0,1.0,1.0,1.0,1.0,1.0,1.0,1.0,1.0,1.0,1.0,1.0,2.0,2.0,1.0,2.0,1.0,1.0,1.0,1.0,1.0,1.0,1.0,1.0,1.0,2.0
1607,2,3,3,2,3,3,3,2,4,4,,30.0,2.0,,5.0,4.0,3.0,,,,6.0,,1.0,54.0,,1.0,,,,,2.0,4.0,5.0,,,,,12.0,,1.0,,,3.0,1.0,,,4.0,1.0,1.0,1.0,1.0,1.0,1.0,1.0,1.0,1.0,1.0,,,,,,,6.0,3.0,3.0,3.0,3.0,5.0,5.0,5.0,3.0,,,,,,,,,,,,1.0,2.0,2.0,2.0,1.0,1.0,1.0,2.0,1.0,2.0,1.0,1.0,1.0,1.0,2.0,1.0,1.0,1.0,1.0,1.0,2.0,1.0,1.0,1.0,1.0,1.0,1.0,2.0,1.0,2.0,1.0,1.0,2.0,1.0,1.0,2.0,2.0,1.0,2.0,1.0
1774,5,5,5,5,5,5,5,5,2,2,70.0,,5.0,,,,,5.0,4.0,2.0,6.0,,1.0,54.0,,1.0,,,,,,,,3.0,5.0,5.0,,10.0,1.0,,4.0,,,,1.0,5.0,,1.0,1.0,1.0,1.0,1.0,1.0,1.0,1.0,1.0,1.0,,,,,,,6.0,3.0,3.0,3.0,3.0,5.0,6.0,6.0,4.0,2.0,75.0,75.0,75.0,75.0,75.0,75.0,75.0,75.0,40.0,40.0,1.0,2.0,2.0,1.0,1.0,2.0,1.0,1.0,1.0,1.0,2.0,1.0,2.0,1.0,1.0,1.0,1.0,1.0,1.0,1.0,1.0,1.0,1.0,1.0,1.0,1.0,1.0,1.0,1.0,1.0,1.0,1.0,1.0,1.0,2.0,1.0,1.0,1.0,2.0,1.0
995,2,3,3,1,2,2,3,1,1,2,,30.0,,2.0,4.0,3.0,2.0,,,,,6.0,1.0,54.0,,,2.0,,,,2.0,4.0,5.0,,,,,15.0,,1.0,4.0,,,,1.0,5.0,,,,,,,,,,,,1.0,1.0,1.0,1.0,1.0,1.0,6.0,3.0,2.0,3.0,3.0,5.0,6.0,6.0,3.0,2.0,40.0,50.0,50.0,20.0,30.0,30.0,50.0,20.0,20.0,30.0,2.0,2.0,1.0,1.0,2.0,1.0,2.0,2.0,1.0,2.0,1.0,2.0,1.0,2.0,1.0,1.0,2.0,2.0,1.0,2.0,1.0,1.0,2.0,1.0,2.0,1.0,1.0,1.0,2.0,1.0,2.0,1.0,2.0,1.0,1.0,1.0,1.0,2.0,1.0,2.0
70,5,5,5,5,5,5,5,5,2,2,,30.0,,2.0,,,,,,,6.0,,,,1.0,1.0,,3.0,5.0,5.0,,,,,,,,10.0,1.0,,,,3.0,,1.0,5.0,,,,,,,,,,,,1.0,1.0,1.0,1.0,1.0,1.0,6.0,3.0,3.0,3.0,3.0,5.0,6.0,6.0,4.0,2.0,80.0,80.0,80.0,80.0,80.0,80.0,80.0,80.0,40.0,40.0,1.0,2.0,2.0,1.0,1.0,2.0,2.0,1.0,2.0,2.0,1.0,2.0,1.0,2.0,1.0,1.0,2.0,1.0,1.0,2.0,1.0,1.0,2.0,1.0,1.0,1.0,1.0,2.0,1.0,2.0,1.0,1.0,2.0,2.0,2.0,1.0,2.0,2.0,1.0,1.0
2001,5,5,5,4,4,5,5,4,2,3,70.0,,5.0,,,,,5.0,4.0,2.0,6.0,,,,1.0,1.0,,,,,2.0,5.0,5.0,,,,15.0,,1.0,,,,3.0,,1.0,5.0,,,,,,,,,,,,1.0,1.0,1.0,1.0,1.0,1.0,7.0,3.0,3.0,3.0,3.0,5.0,6.0,6.0,4.0,2.0,75.0,75.0,80.0,65.0,65.0,75.0,75.0,65.0,40.0,50.0,2.0,1.0,1.0,2.0,2.0,2.0,1.0,1.0,1.0,2.0,1.0,1.0,2.0,1.0,2.0,1.0,1.0,1.0,1.0,1.0,1.0,1.0,1.0,1.0,2.0,2.0,1.0,1.0,1.0,2.0,1.0,2.0,1.0,1.0,2.0,1.0,1.0,1.0,2.0,1.0
272,5,5,5,4,4,5,5,5,2,3,40.0,,5.0,,,,,4.0,3.0,2.0,,6.0,1.0,54.0,,,2.0,2.0,5.0,5.0,,,,,,,15.0,,,1.0,,,3.0,,1.0,,5.0,1.0,1.0,1.0,1.0,1.0,1.0,1.0,1.0,1.0,1.0,,,,,,,6.0,3.0,3.0,3.0,3.0,5.0,6.0,6.0,4.0,2.0,70.0,70.0,70.0,60.0,60.0,70.0,70.0,70.0,40.0,50.0,1.0,1.0,1.0,1.0,1.0,2.0,1.0,2.0,2.0,1.0,1.0,2.0,1.0,1.0,2.0,2.0,1.0,1.0,1.0,2.0,1.0,2.0,1.0,1.0,2.0,1.0,1.0,1.0,1.0,1.0,1.0,2.0,2.0,2.0,1.0,1.0,1.0,1.0,2.0,2.0
301,5,5,5,4,4,5,5,5,2,2,,30.0,,2.0,,,,,,,6.0,,1.0,54.0,,,2.0,,,,,,,2.0,5.0,5.0,15.0,,,1.0,,4.0,,,1.0,,5.0,,,,,,,,,,,1.0,1.0,1.0,1.0,1.0,1.0,7.0,3.0,3.0,3.0,3.0,5.0,6.0,6.0,4.0,,,,,,,,,,,,1.0,2.0,1.0,2.0,1.0,1.0,2.0,2.0,2.0,2.0,2.0,1.0,1.0,1.0,1.0,2.0,1.0,2.0,1.0,1.0,2.0,1.0,2.0,1.0,1.0,2.0,1.0,1.0,1.0,1.0,1.0,2.0,2.0,1.0,1.0,2.0,1.0,1.0,2.0,2.0
688,2,3,3,1,2,3,3,2,4,3,,30.0,,2.0,4.0,3.0,2.0,,,,6.0,,1.0,54.0,,1.0,,,,,,,,2.0,4.0,5.0,,15.0,1.0,,,,2.0,,1.0,,5.0,1.0,1.0,1.0,1.0,1.0,1.0,1.0,1.0,1.0,1.0,,,,,,,6.0,3.0,3.0,3.0,3.0,5.0,6.0,6.0,3.0,2.0,50.0,45.0,45.0,25.0,30.0,45.0,45.0,40.0,35.0,40.0,2.0,1.0,1.0,1.0,1.0,2.0,2.0,1.0,2.0,1.0,1.0,1.0,1.0,1.0,1.0,2.0,1.0,2.0,1.0,2.0,2.0,1.0,1.0,2.0,2.0,1.0,1.0,1.0,1.0,1.0,1.0,2.0,1.0,2.0,1.0,2.0,1.0,2.0,2.0,1.0
1672,2,4,4,2,3,4,4,2,2,3,,30.0,5.0,,,,,5.0,4.0,2.0,6.0,,,,1.0,1.0,,,,,3.0,4.0,5.0,,,,,15.0,1.0,,4.0,,,1.0,,5.0,,,,,,,,,,,,1.0,1.0,1.0,1.0,1.0,1.0,7.0,3.0,3.0,3.0,3.0,5.0,6.0,6.0,4.0,2.0,45.0,60.0,60.0,40.0,50.0,60.0,60.0,40.0,40.0,50.0,2.0,2.0,1.0,1.0,1.0,1.0,1.0,1.0,1.0,1.0,2.0,2.0,1.0,1.0,1.0,2.0,2.0,1.0,1.0,2.0,2.0,1.0,1.0,1.0,1.0,2.0,2.0,2.0,1.0,1.0,1.0,1.0,2.0,1.0,1.0,2.0,2.0,1.0,1.0,1.0
1701,2,3,3,2,3,3,3,2,4,3,70.0,,,2.0,,,,,,,6.0,,,,1.0,,2.0,,,,2.0,4.0,5.0,,,,15.0,,1.0,,,3.0,,,1.0,,5.0,1.0,1.0,1.0,1.0,1.0,1.0,1.0,1.0,1.0,1.0,,,,,,,6.0,3.0,3.0,3.0,3.0,5.0,6.0,6.0,3.0,2.0,45.0,50.0,50.0,40.0,50.0,50.0,50.0,40.0,55.0,50.0,1.0,1.0,2.0,1.0,2.0,2.0,2.0,1.0,1.0,2.0,1.0,2.0,2.0,2.0,1.0,2.0,1.0,1.0,1.0,2.0,1.0,1.0,1.0,1.0,1.0,1.0,1.0,2.0,2.0,1.0,2.0,2.0,1.0,2.0,1.0,1.0,1.0,2.0,1.0,1.0
1288,5,5,5,5,5,5,5,5,1,1,70.0,,,1.0,,,,,,,,6.0,,,1.0,1.0,,4.0,5.0,5.0,,,,,,,,15.0,,1.0,,,3.0,,1.0,5.0,,1.0,1.0,1.0,1.0,1.0,1.0,1.0,1.0,1.0,1.0,,,,,,,7.0,3.0,3.0,3.0,3.0,5.0,6.0,6.0,4.0,2.0,85.0,85.0,85.0,85.0,85.0,85.0,85.0,85.0,15.0,15.0,1.0,1.0,2.0,1.0,1.0,2.0,2.0,1.0,2.0,1.0,1.0,1.0,1.0,1.0,1.0,1.0,2.0,1.0,1.0,1.0,1.0,1.0,1.0,1.0,1.0,1.0,1.0,1.0,1.0,1.0,1.0,1.0,2.0,1.0,2.0,1.0,1.0,2.0,1.0,1.0
1494,4,4,5,3,4,4,5,3,2,2,,30.0,2.0,,,,,5.0,4.0,2.0,,6.0,,,1.0,,2.0,3.0,4.0,5.0,,,,,,,,10.0,1.0,,4.0,,,1.0,,5.0,,1.0,1.0,1.0,1.0,1.0,1.0,1.0,1.0,1.0,1.0,,,,,,,6.0,3.0,3.0,3.0,3.0,5.0,6.0,6.0,4.0,,,,,,,,,,,,2.0,1.0,2.0,2.0,1.0,1.0,2.0,1.0,2.0,1.0,1.0,1.0,1.0,1.0,1.0,1.0,1.0,1.0,2.0,2.0,1.0,1.0,1.0,1.0,2.0,2.0,2.0,1.0,1.0,1.0,2.0,1.0,2.0,1.0,2.0,2.0,1.0,1.0,1.0,2.0
954,4,4,4,2,3,5,5,3,2,3,,30.0,,2.0,,,,,,,,6.0,1.0,54.0,,1.0,,,,,3.0,4.0,5.0,,,,,15.0,1.0,,,,3.0,1.0,,,5.0,,,,,,,,,,,1.0,1.0,1.0,1.0,1.0,1.0,7.0,3.0,3.0,3.0,3.0,5.0,6.0,6.0,3.0,,,,,,,,,,,,1.0,2.0,1.0,1.0,2.0,1.0,1.0,2.0,2.0,1.0,1.0,1.0,2.0,1.0,2.0,1.0,2.0,1.0,1.0,1.0,2.0,1.0,1.0,1.0,1.0,2.0,1.0,2.0,1.0,1.0,1.0,1.0,1.0,1.0,1.0,1.0,1.0,1.0,2.0,1.0
827,2,4,4,1,2,3,4,1,1,1,70.0,,2.0,,,,,5.0,4.0,2.0,6.0,,,,1.0,1.0,,2.0,4.0,5.0,,,,,,,15.0,,,1.0,4.0,,,,1.0,5.0,,1.0,1.0,1.0,1.0,1.0,1.0,1.0,1.0,1.0,1.0,,,,,,,7.0,3.0,2.0,2.0,2.0,5.0,6.0,6.0,4.0,,,,,,,,,,,,1.0,2.0,1.0,1.0,2.0,1.0,1.0,2.0,1.0,1.0,1.0,1.0,1.0,2.0,1.0,1.0,2.0,1.0,2.0,2.0,1.0,1.0,2.0,1.0,1.0,2.0,2.0,1.0,1.0,1.0,2.0,1.0,2.0,1.0,1.0,2.0,1.0,1.0,1.0,1.0
126,5,5,5,4,4,5,5,4,2,2,,30.0,5.0,,5.0,4.0,2.0,,,,,6.0,,,1.0,1.0,,,,,,,,3.0,5.0,5.0,,15.0,,1.0,,,,,,,,,,,,,,,,,,,,,,,,,,,,,,,,,,,,,,,,,,,,,,,,,,,,,,,,,,,,,,,,,,,,,,,,,,,,,,,,,,,
649,5,5,5,4,4,5,5,5,2,2,,30.0,,2.0,,,,,,,6.0,,,,1.0,,2.0,,,,,,,3.0,5.0,5.0,,15.0,1.0,,4.0,,,1.0,,,5.0,1.0,1.0,1.0,1.0,1.0,1.0,1.0,1.0,1.0,1.0,,,,,,,6.0,3.0,3.0,3.0,3.0,5.0,6.0,6.0,4.0,,,,,,,,,,,,1.0,1.0,2.0,1.0,2.0,1.0,1.0,2.0,1.0,1.0,2.0,1.0,1.0,2.0,1.0,1.0,2.0,1.0,1.0,2.0,1.0,1.0,1.0,1.0,2.0,2.0,1.0,1.0,2.0,1.0,2.0,1.0,1.0,1.0,1.0,2.0,1.0,1.0,2.0,2.0
1455,5,5,5,5,5,5,5,5,2,2,,30.0,5.0,,5.0,4.0,2.0,,,,6.0,,1.0,54.0,,1.0,,,,,2.0,5.0,5.0,,,,,15.0,1.0,,4.0,,,1.0,,5.0,,,,,,,,,,,,1.0,1.0,1.0,1.0,1.0,1.0,6.0,3.0,3.0,3.0,3.0,5.0,6.0,6.0,4.0,2.0,75.0,75.0,75.0,75.0,75.0,75.0,75.0,75.0,40.0,40.0,1.0,2.0,2.0,2.0,1.0,1.0,2.0,2.0,2.0,2.0,1.0,2.0,2.0,2.0,2.0,1.0,2.0,1.0,1.0,1.0,2.0,1.0,2.0,1.0,1.0,1.0,1.0,2.0,1.0,1.0,1.0,1.0,1.0,1.0,1.0,1.0,1.0,2.0,1.0,1.0
1526,5,5,5,3,4,5,5,4,2,2,,30.0,5.0,,5.0,4.0,2.0,,,,,6.0,,,1.0,1.0,,,,,2.0,5.0,5.0,,,,15.0,,,1.0,4.0,,,1.0,,,5.0,1.0,1.0,1.0,1.0,1.0,1.0,1.0,1.0,1.0,1.0,,,,,,,6.0,3.0,3.0,3.0,3.0,5.0,6.0,6.0,4.0,,,,,,,,,,,,2.0,1.0,1.0,1.0,2.0,1.0,2.0,1.0,1.0,1.0,1.0,2.0,2.0,1.0,1.0,1.0,1.0,1.0,2.0,2.0,1.0,1.0,1.0,1.0,2.0,2.0,1.0,1.0,1.0,2.0,1.0,1.0,1.0,1.0,2.0,1.0,1.0,1.0,1.0,1.0
1249,2,3,3,2,3,3,3,2,4,3,,30.0,5.0,,,,,5.0,4.0,2.0,6.0,,1.0,54.0,,,2.0,2.0,4.0,5.0,,,,,,,15.0,,,1.0,,4.0,,,1.0,,5.0,,,,,,,,,,,1.0,1.0,1.0,1.0,1.0,1.0,6.0,3.0,3.0,3.0,3.0,5.0,6.0,6.0,3.0,2.0,55.0,60.0,60.0,50.0,55.0,60.0,60.0,50.0,40.0,50.0,2.0,2.0,2.0,2.0,1.0,1.0,1.0,2.0,2.0,1.0,1.0,1.0,2.0,1.0,2.0,1.0,2.0,2.0,1.0,2.0,1.0,1.0,2.0,1.0,2.0,1.0,1.0,1.0,1.0,1.0,1.0,1.0,1.0,2.0,2.0,1.0,2.0,2.0,2.0,2.0
41,4,4,4,2,3,4,4,3,2,2,70.0,,,2.0,,,,,,,,6.0,1.0,54.0,,1.0,,,,,,,,3.0,4.0,5.0,,12.0,,1.0,5.0,,,,1.0,5.0,,,,,,,,,,,,1.0,1.0,1.0,1.0,1.0,1.0,7.0,3.0,3.0,3.0,3.0,5.0,6.0,6.0,3.0,2.0,60.0,60.0,60.0,40.0,50.0,60.0,60.0,50.0,40.0,40.0,1.0,2.0,1.0,1.0,1.0,2.0,2.0,1.0,1.0,2.0,2.0,1.0,1.0,1.0,2.0,1.0,1.0,2.0,1.0,1.0,1.0,2.0,2.0,1.0,2.0,1.0,1.0,1.0,2.0,1.0,1.0,1.0,1.0,1.0,1.0,1.0,1.0,2.0,1.0,1.0
2030,5,5,5,4,4,5,5,4,2,2,,30.0,,2.0,,,,,,,,6.0,1.0,54.0,,,2.0,,,,3.0,5.0,5.0,,,,15.0,,,1.0,,3.0,,1.0,,5.0,,,,,,,,,,,,1.0,1.0,1.0,1.0,1.0,1.0,7.0,3.0,3.0,3.0,3.0,5.0,6.0,6.0,3.0,,,,,,,,,,,,2.0,1.0,2.0,1.0,2.0,1.0,1.0,2.0,1.0,2.0,2.0,2.0,1.0,1.0,1.0,1.0,1.0,2.0,2.0,2.0,1.0,1.0,2.0,1.0,1.0,1.0,2.0,1.0,2.0,1.0,1.0,1.0,1.0,1.0,1.0,1.0,2.0,1.0,1.0,1.0
1643,2,3,3,1,2,3,3,2,1,2,,30.0,,2.0,,,,,,,6.0,,,,1.0,1.0,,,,,2.0,4.0,5.0,,,,,15.0,,1.0,,4.0,,,1.0,,5.0,1.0,1.0,1.0,1.0,1.0,1.0,1.0,1.0,1.0,1.0,,,,,,,6.0,3.0,2.0,3.0,3.0,5.0,6.0,6.0,3.0,2.0,40.0,50.0,50.0,20.0,30.0,50.0,50.0,40.0,20.0,30.0,2.0,2.0,1.0,1.0,1.0,2.0,1.0,2.0,1.0,2.0,1.0,1.0,1.0,2.0,2.0,1.0,2.0,1.0,2.0,1.0,1.0,1.0,1.0,2.0,1.0,1.0,1.0,1.0,2.0,2.0,1.0,1.0,1.0,1.0,1.0,1.0,1.0,1.0,2.0,2.0
1730,5,5,5,4,4,5,5,5,2,3,,30.0,5.0,,,,,4.0,3.0,2.0,6.0,,,,1.0,,2.0,,,,2.0,5.0,5.0,,,,,15.0,,1.0,4.0,,,2.0,,5.0,,1.0,1.0,1.0,1.0,1.0,1.0,1.0,1.0,1.0,1.0,,,,,,,6.0,3.0,2.0,2.0,3.0,5.0,6.0,6.0,3.0,2.0,75.0,75.0,80.0,65.0,65.0,80.0,75.0,75.0,40.0,50.0,1.0,2.0,1.0,1.0,1.0,2.0,2.0,1.0,2.0,2.0,1.0,2.0,1.0,1.0,1.0,1.0,2.0,1.0,1.0,2.0,2.0,1.0,1.0,1.0,1.0,2.0,1.0,1.0,1.0,2.0,1.0,1.0,1.0,1.0,2.0,2.0,1.0,1.0,2.0,2.0
243,2,3,3,2,3,2,3,2,4,4,70.0,,5.0,,,,,5.0,4.0,2.0,6.0,,,,1.0,,2.0,,,,,,,2.0,4.0,4.0,15.0,,1.0,,,3.0,,,1.0,4.0,,,,,,,,,,,,1.0,1.0,1.0,1.0,1.0,1.0,6.0,3.0,2.0,3.0,3.0,5.0,6.0,6.0,3.0,,,,,,,,,,,,1.0,2.0,2.0,1.0,2.0,1.0,1.0,2.0,1.0,1.0,2.0,1.0,1.0,1.0,2.0,1.0,2.0,1.0,1.0,1.0,,,,,,,,,,,,,,,,,,,,
330,5,5,5,5,5,5,5,5,1,1,70.0,,,2.0,5.0,4.0,2.0,,,,,6.0,,,1.0,1.0,,,,,,,,2.0,5.0,5.0,15.0,,1.0,,4.0,,,,1.0,5.0,,1.0,1.0,1.0,1.0,1.0,1.0,1.0,1.0,1.0,1.0,,,,,,,7.0,3.0,2.0,2.0,3.0,5.0,6.0,6.0,4.0,2.0,80.0,80.0,85.0,85.0,85.0,85.0,85.0,80.0,20.0,20.0,1.0,2.0,2.0,1.0,1.0,2.0,2.0,1.0,2.0,1.0,1.0,2.0,1.0,2.0,1.0,1.0,2.0,2.0,1.0,1.0,2.0,1.0,1.0,1.0,1.0,1.0,1.0,1.0,2.0,1.0,2.0,1.0,2.0,1.0,1.0,2.0,1.0,1.0,1.0,2.0
80,1,2,2,1,2,2,2,1,1,1,,20.0,,1.0,5.0,4.0,2.0,,,,6.0,,,,1.0,1.0,,2.0,1.0,1.0,,,,,,,15.0,,2.0,,3.0,,,,1.0,,3.0,,,,,,,,,,,1.0,1.0,1.0,1.0,1.0,1.0,7.0,2.0,2.0,2.0,3.0,6.0,6.0,6.0,3.0,2.0,20.0,30.0,30.0,20.0,30.0,30.0,30.0,20.0,20.0,20.0,2.0,2.0,1.0,2.0,2.0,1.0,2.0,1.0,2.0,2.0,2.0,1.0,1.0,1.0,2.0,1.0,1.0,2.0,2.0,1.0,2.0,2.0,1.0,2.0,1.0,2.0,2.0,1.0,2.0,2.0,1.0,2.0,2.0,2.0,2.0,2.0,2.0,2.0,1.0,1.0
965,5,5,5,4,4,5,5,4,2,2,,30.0,5.0,,5.0,4.0,2.0,,,,,6.0,,,1.0,,2.0,3.0,5.0,5.0,,,,,,,,15.0,1.0,,,,3.0,1.0,,5.0,,,,,,,,,,,,1.0,1.0,1.0,1.0,1.0,1.0,6.0,2.0,3.0,3.0,3.0,5.0,6.0,6.0,4.0,2.0,75.0,70.0,75.0,65.0,65.0,75.0,75.0,65.0,40.0,40.0,2.0,2.0,1.0,1.0,2.0,1.0,2.0,1.0,1.0,1.0,1.0,1.0,1.0,2.0,1.0,2.0,1.0,1.0,2.0,1.0,1.0,1.0,1.0,2.0,1.0,2.0,1.0,1.0,1.0,1.0,1.0,1.0,2.0,2.0,1.0,1.0,1.0,1.0,1.0,2.0
816,4,4,4,2,3,5,4,3,2,2,,30.0,,2.0,5.0,4.0,2.0,,,,6.0,,,,1.0,1.0,,,,,,,,2.0,4.0,5.0,,10.0,,1.0,4.0,,,,1.0,,5.0,1.0,1.0,1.0,1.0,1.0,1.0,1.0,1.0,1.0,1.0,,,,,,,6.0,3.0,3.0,3.0,3.0,5.0,6.0,6.0,3.0,2.0,65.0,65.0,65.0,40.0,50.0,75.0,65.0,50.0,40.0,40.0,1.0,1.0,1.0,2.0,2.0,2.0,1.0,2.0,1.0,2.0,1.0,1.0,1.0,1.0,2.0,2.0,2.0,1.0,2.0,1.0,1.0,1.0,1.0,2.0,1.0,1.0,2.0,1.0,1.0,1.0,1.0,1.0,2.0,1.0,1.0,2.0,2.0,1.0,1.0,2.0
1464,2,4,4,1,2,3,4,1,1,2,,30.0,2.0,,,,,5.0,4.0,2.0,,6.0,,,1.0,,2.0,,,,,,,2.0,4.0,5.0,15.0,,,1.0,,4.0,,1.0,,,5.0,1.0,1.0,1.0,1.0,1.0,1.0,1.0,1.0,1.0,1.0,,,,,,,7.0,3.0,4.0,3.0,3.0,5.0,6.0,6.0,3.0,2.0,40.0,60.0,60.0,20.0,30.0,40.0,60.0,20.0,20.0,30.0,2.0,1.0,1.0,1.0,2.0,2.0,1.0,2.0,1.0,1.0,2.0,1.0,1.0,2.0,1.0,1.0,1.0,1.0,1.0,2.0,,,,,,,,,,,,,,,,,,,,
1517,5,5,5,5,5,5,5,5,2,2,70.0,,,,,,,,,,,6.0,,,1.0,1.0,,,,,2.0,5.0,5.0,,,,15.0,,1.0,,,3.0,,,1.0,,5.0,1.0,1.0,1.0,1.0,1.0,1.0,1.0,1.0,1.0,1.0,,,,,,,7.0,3.0,3.0,3.0,3.0,5.0,5.0,5.0,4.0,2.0,80.0,80.0,80.0,80.0,80.0,80.0,80.0,80.0,40.0,40.0,1.0,1.0,1.0,1.0,1.0,1.0,1.0,1.0,1.0,1.0,1.0,1.0,1.0,1.0,1.0,1.0,2.0,2.0,1.0,1.0,1.0,1.0,1.0,1.0,1.0,1.0,1.0,1.0,1.0,1.0,1.0,1.0,1.0,1.0,1.0,1.0,1.0,1.0,1.0,1.0
1682,5,5,5,3,4,5,5,4,2,2,70.0,,,,,,,,,,,6.0,,,1.0,1.0,,3.0,5.0,5.0,,,,,,,,12.0,1.0,,,,3.0,1.0,,5.0,,1.0,1.0,1.0,1.0,1.0,1.0,1.0,1.0,1.0,1.0,,,,,,,6.0,3.0,3.0,3.0,3.0,5.0,6.0,6.0,4.0,,,,,,,,,,,,1.0,1.0,2.0,1.0,2.0,2.0,1.0,2.0,1.0,1.0,1.0,1.0,1.0,1.0,1.0,2.0,1.0,1.0,1.0,1.0,1.0,1.0,1.0,1.0,1.0,1.0,1.0,2.0,1.0,1.0,1.0,1.0,1.0,2.0,1.0,1.0,1.0,2.0,1.0,1.0
1278,5,5,5,5,5,5,5,5,2,2,,30.0,6.0,,,,,5.0,4.0,2.0,6.0,,1.0,54.0,,,2.0,,,,,,,3.0,5.0,5.0,,10.0,1.0,,,,4.0,1.0,,5.0,,,,,,,,,,,,1.0,1.0,1.0,1.0,1.0,1.0,6.0,3.0,3.0,3.0,3.0,5.0,6.0,6.0,4.0,2.0,80.0,80.0,85.0,85.0,80.0,85.0,85.0,80.0,40.0,40.0,1.0,2.0,2.0,1.0,1.0,1.0,2.0,1.0,1.0,1.0,1.0,1.0,1.0,1.0,1.0,2.0,1.0,1.0,1.0,1.0,1.0,1.0,2.0,1.0,1.0,1.0,2.0,1.0,1.0,1.0,1.0,1.0,1.0,2.0,1.0,1.0,2.0,1.0,1.0,1.0
117,5,4,5,5,4,5,5,4,2,2,,30.0,5.0,,,,,5.0,4.0,2.0,,6.0,1.0,54.0,,1.0,,,,,,,,2.0,4.0,5.0,,12.0,1.0,,4.0,,,1.0,,5.0,,1.0,1.0,1.0,1.0,1.0,1.0,1.0,1.0,1.0,1.0,,,,,,,7.0,3.0,3.0,3.0,3.0,5.0,6.0,6.0,4.0,2.0,75.0,65.0,75.0,75.0,65.0,75.0,75.0,65.0,35.0,35.0,2.0,1.0,2.0,1.0,2.0,1.0,1.0,1.0,1.0,1.0,1.0,2.0,2.0,2.0,1.0,1.0,2.0,2.0,2.0,1.0,1.0,1.0,1.0,2.0,2.0,2.0,1.0,2.0,1.0,1.0,2.0,2.0,1.0,1.0,1.0,1.0,1.0,1.0,1.0,2.0
282,5,5,5,5,5,5,5,5,2,2,70.0,,6.0,,5.0,4.0,2.0,,,,6.0,,1.0,54.0,,,2.0,3.0,5.0,5.0,,,,,,,,15.0,,1.0,,,3.0,,1.0,,5.0,1.0,1.0,1.0,1.0,1.0,1.0,1.0,1.0,1.0,1.0,,,,,,,7.0,3.0,3.0,3.0,3.0,5.0,6.0,6.0,4.0,2.0,80.0,80.0,85.0,85.0,80.0,85.0,85.0,80.0,40.0,40.0,2.0,1.0,2.0,1.0,1.0,1.0,1.0,1.0,1.0,2.0,1.0,1.0,1.0,2.0,2.0,1.0,2.0,1.0,1.0,1.0,2.0,1.0,1.0,2.0,1.0,1.0,1.0,1.0,1.0,1.0,1.0,1.0,1.0,1.0,1.0,1.0,1.0,2.0,2.0,1.0
678,5,5,5,5,5,5,5,5,2,2,,30.0,,2.0,5.0,4.0,3.0,,,,,6.0,,,1.0,,2.0,,,,,,,3.0,5.0,5.0,,15.0,,1.0,,,3.0,1.0,,5.0,,1.0,1.0,1.0,1.0,1.0,1.0,1.0,1.0,1.0,1.0,,,,,,,6.0,3.0,3.0,3.0,3.0,5.0,6.0,6.0,4.0,,,,,,,,,,,,1.0,1.0,2.0,1.0,2.0,1.0,1.0,2.0,1.0,1.0,1.0,1.0,2.0,2.0,1.0,1.0,2.0,2.0,1.0,1.0,1.0,2.0,1.0,2.0,2.0,1.0,1.0,1.0,1.0,1.0,2.0,2.0,2.0,1.0,1.0,1.0,2.0,2.0,2.0,1.0
910,2,3,3,2,3,2,3,2,4,3,70.0,,,2.0,,,,,,,,6.0,,,1.0,1.0,,,,,,,,3.0,4.0,5.0,,15.0,1.0,,,,3.0,,1.0,,5.0,1.0,1.0,1.0,1.0,1.0,1.0,1.0,1.0,1.0,1.0,,,,,,,6.0,3.0,3.0,3.0,3.0,5.0,6.0,6.0,3.0,2.0,50.0,55.0,55.0,50.0,55.0,50.0,55.0,50.0,60.0,55.0,1.0,2.0,2.0,1.0,2.0,2.0,1.0,1.0,1.0,2.0,1.0,2.0,1.0,1.0,1.0,2.0,1.0,1.0,1.0,2.0,,,,,,,,,,,,,,,,,,,,
863,5,5,5,5,5,5,5,5,2,2,,30.0,,,,,,,,,6.0,,,,1.0,1.0,,,,,,,,3.0,5.0,5.0,15.0,,,1.0,4.0,,,1.0,,5.0,,,,,,,,,,,,1.0,1.0,1.0,1.0,1.0,1.0,6.0,3.0,3.0,3.0,3.0,5.0,6.0,6.0,4.0,,,,,,,,,,,,,,,,,,,,,,,,,,,,,,,,,,,,,,,,,,,,,,,,,,,
1899,4,4,4,3,3,4,4,3,2,2,,30.0,,2.0,5.0,4.0,2.0,,,,,6.0,,,1.0,,2.0,,,,,,,3.0,5.0,5.0,15.0,,1.0,,4.0,,,,1.0,,5.0,,,,,,,,,,,1.0,1.0,1.0,1.0,1.0,1.0,6.0,3.0,3.0,3.0,4.0,5.0,6.0,6.0,4.0,2.0,70.0,65.0,65.0,50.0,50.0,65.0,65.0,50.0,35.0,35.0,1.0,1.0,2.0,2.0,2.0,2.0,2.0,2.0,2.0,1.0,1.0,1.0,2.0,2.0,1.0,2.0,1.0,1.0,1.0,1.0,1.0,1.0,1.0,1.0,1.0,2.0,2.0,2.0,2.0,1.0,1.0,1.0,1.0,2.0,2.0,2.0,1.0,1.0,1.0,1.0
1784,5,5,5,3,4,5,5,4,2,2,,30.0,5.0,,5.0,4.0,2.0,,,,6.0,,,,1.0,1.0,,,,,,,,2.0,5.0,5.0,,15.0,1.0,,,3.0,,1.0,,5.0,,,,,,,,,,,,1.0,1.0,1.0,1.0,1.0,1.0,7.0,3.0,3.0,3.0,3.0,5.0,6.0,6.0,4.0,2.0,75.0,70.0,80.0,50.0,60.0,75.0,75.0,60.0,40.0,40.0,1.0,1.0,1.0,2.0,2.0,1.0,1.0,2.0,1.0,1.0,1.0,1.0,1.0,2.0,1.0,1.0,1.0,2.0,1.0,1.0,1.0,1.0,1.0,2.0,1.0,1.0,1.0,1.0,1.0,1.0,1.0,1.0,1.0,1.0,1.0,1.0,1.0,1.0,1.0,1.0
1411,5,5,5,5,5,5,5,5,2,3,70.0,,5.0,,,,,5.0,4.0,2.0,6.0,,1.0,54.0,,,2.0,,,,,,,3.0,5.0,5.0,,15.0,,1.0,,,3.0,1.0,,5.0,,1.0,1.0,1.0,1.0,1.0,1.0,1.0,1.0,1.0,1.0,,,,,,,6.0,3.0,2.0,3.0,3.0,5.0,6.0,5.0,3.0,,,,,,,,,,,,2.0,2.0,2.0,1.0,2.0,1.0,2.0,1.0,1.0,1.0,2.0,1.0,2.0,1.0,1.0,1.0,2.0,2.0,2.0,1.0,2.0,1.0,1.0,1.0,1.0,1.0,1.0,1.0,2.0,1.0,1.0,1.0,1.0,1.0,1.0,1.0,1.0,2.0,1.0,2.0
1198,1,2,2,1,2,2,3,1,1,1,70.0,,2.0,,5.0,4.0,2.0,,,,,6.0,,,1.0,,2.0,,,,,,,1.0,1.0,2.0,15.0,,1.0,,,,2.0,,1.0,5.0,,1.0,1.0,1.0,1.0,1.0,1.0,1.0,1.0,1.0,1.0,,,,,,,6.0,2.0,3.0,3.0,3.0,5.0,6.0,6.0,3.0,2.0,20.0,30.0,30.0,20.0,30.0,30.0,40.0,20.0,20.0,20.0,1.0,1.0,2.0,2.0,2.0,1.0,2.0,2.0,2.0,1.0,1.0,1.0,1.0,1.0,1.0,1.0,2.0,1.0,1.0,2.0,1.0,1.0,2.0,1.0,2.0,2.0,1.0,1.0,1.0,2.0,1.0,2.0,2.0,2.0,1.0,1.0,1.0,1.0,2.0,1.0
1562,5,5,5,4,4,5,5,4,2,2,70.0,,,2.0,,,,,,,6.0,,,,1.0,1.0,,3.0,5.0,5.0,,,,,,,15.0,,1.0,,,,3.0,1.0,,5.0,,,,,,,,,,,,1.0,1.0,1.0,1.0,1.0,1.0,7.0,3.0,3.0,3.0,3.0,5.0,6.0,6.0,3.0,2.0,75.0,75.0,75.0,65.0,65.0,75.0,75.0,65.0,40.0,40.0,2.0,2.0,1.0,2.0,1.0,2.0,1.0,1.0,2.0,2.0,1.0,2.0,1.0,2.0,1.0,1.0,2.0,1.0,1.0,1.0,2.0,1.0,1.0,2.0,1.0,1.0,1.0,2.0,2.0,1.0,1.0,1.0,1.0,1.0,1.0,1.0,2.0,1.0,1.0,1.0
384,5,5,5,5,5,5,5,5,2,2,70.0,,5.0,,4.0,4.0,2.0,,,,,6.0,1.0,54.0,,,2.0,3.0,5.0,5.0,,,,,,,15.0,,1.0,,,,,,,,,,,,,,,,,,,,,,,,,,,,,,,,,,,,,,,,,,,,,,,,,,,,,,,,,,,,,,,,,,,,,,,,,,,,,,,,,,,,
598,5,5,5,5,5,5,5,5,2,2,,30.0,,1.0,,,,,,,,6.0,1.0,54.0,,1.0,,,,,2.0,5.0,5.0,,,,15.0,,,1.0,,4.0,,,1.0,5.0,,1.0,1.0,1.0,1.0,1.0,1.0,1.0,1.0,1.0,1.0,,,,,,,7.0,3.0,3.0,3.0,3.0,5.0,5.0,5.0,4.0,2.0,80.0,80.0,85.0,85.0,85.0,85.0,85.0,80.0,40.0,40.0,1.0,1.0,1.0,2.0,1.0,2.0,2.0,2.0,1.0,1.0,2.0,2.0,1.0,2.0,1.0,1.0,1.0,2.0,2.0,1.0,1.0,1.0,1.0,1.0,1.0,1.0,1.0,1.0,1.0,1.0,1.0,1.0,1.0,1.0,1.0,1.0,1.0,1.0,1.0,1.0
162,2,3,3,1,2,3,3,1,1,1,70.0,,,,,,,,,,,6.0,1.0,54.0,,,2.0,,,,,,,2.0,4.0,5.0,15.0,,,1.0,,4.0,,,1.0,5.0,,,,,,,,,,,,1.0,1.0,1.0,1.0,1.0,1.0,7.0,3.0,3.0,3.0,3.0,5.0,6.0,6.0,3.0,2.0,40.0,50.0,50.0,20.0,30.0,50.0,50.0,20.0,20.0,20.0,1.0,1.0,1.0,2.0,2.0,2.0,1.0,1.0,1.0,1.0,1.0,1.0,2.0,1.0,2.0,1.0,1.0,1.0,2.0,2.0,1.0,1.0,2.0,1.0,1.0,1.0,1.0,1.0,1.0,1.0,1.0,1.0,1.0,1.0,1.0,1.0,1.0,1.0,1.0,1.0
2045,5,5,5,4,4,5,5,4,2,2,,30.0,,2.0,5.0,4.0,2.0,,,,6.0,,,,1.0,,2.0,3.0,5.0,5.0,,,,,,,,15.0,1.0,,,3.0,,1.0,,5.0,,,,,,,,,,,,1.0,1.0,1.0,1.0,1.0,1.0,6.0,3.0,3.0,3.0,3.0,5.0,6.0,6.0,3.0,,,,,,,,,,,,2.0,1.0,1.0,2.0,1.0,2.0,2.0,1.0,1.0,1.0,2.0,2.0,1.0,2.0,1.0,1.0,1.0,2.0,1.0,1.0,1.0,1.0,2.0,1.0,2.0,1.0,1.0,1.0,1.0,1.0,1.0,1.0,2.0,1.0,2.0,2.0,1.0,1.0,1.0,1.0
34,2,3,3,2,3,4,4,2,1,2,,20.0,,2.0,5.0,4.0,3.0,,,,6.0,,1.0,54.0,,,2.0,3.0,4.0,4.0,,,,,,,15.0,,1.0,,3.0,,,1.0,,4.0,,,,,,,,,,,,,,,,,,,,,,,,,,,2.0,40.0,50.0,50.0,40.0,50.0,60.0,60.0,40.0,20.0,30.0,1.0,2.0,1.0,2.0,2.0,1.0,2.0,1.0,1.0,1.0,2.0,2.0,1.0,2.0,2.0,2.0,1.0,1.0,1.0,2.0,2.0,1.0,1.0,1.0,1.0,1.0,1.0,1.0,2.0,2.0,1.0,2.0,2.0,1.0,1.0,1.0,1.0,2.0,2.0,1.0
1858,2,4,4,1,3,3,4,2,1,1,40.0,,,2.0,,,,,,,,6.0,1.0,54.0,,1.0,,3.0,4.0,5.0,,,,,,,,12.0,1.0,,,4.0,,1.0,,,5.0,1.0,1.0,1.0,1.0,1.0,1.0,1.0,1.0,1.0,1.0,,,,,,,6.0,3.0,2.0,3.0,3.0,5.0,6.0,6.0,3.0,,,,,,,,,,,,2.0,1.0,1.0,1.0,1.0,1.0,1.0,2.0,2.0,2.0,1.0,2.0,2.0,1.0,2.0,1.0,1.0,2.0,1.0,1.0,2.0,2.0,1.0,1.0,1.0,1.0,1.0,1.0,2.0,1.0,1.0,2.0,1.0,2.0,1.0,1.0,1.0,1.0,1.0,2.0
1159,5,5,5,5,5,5,5,5,1,1,70.0,,5.0,,5.0,4.0,2.0,,,,6.0,,,,1.0,1.0,,3.0,5.0,5.0,,,,,,,,15.0,,1.0,,,3.0,,1.0,5.0,,1.0,1.0,1.0,1.0,1.0,1.0,1.0,1.0,1.0,1.0,,,,,,,6.0,3.0,2.0,2.0,3.0,5.0,6.0,6.0,4.0,2.0,80.0,80.0,85.0,85.0,80.0,85.0,85.0,80.0,20.0,20.0,1.0,2.0,2.0,1.0,2.0,1.0,2.0,1.0,2.0,2.0,1.0,1.0,1.0,2.0,2.0,2.0,2.0,2.0,1.0,1.0,1.0,1.0,1.0,1.0,2.0,1.0,2.0,1.0,2.0,2.0,2.0,1.0,2.0,1.0,2.0,1.0,2.0,1.0,1.0,1.0
1636,5,5,5,5,5,5,5,5,1,2,70.0,,,2.0,5.0,4.0,2.0,,,,,6.0,,,1.0,1.0,,3.0,5.0,5.0,,,,,,,,15.0,1.0,,,,3.0,,1.0,,5.0,1.0,1.0,1.0,1.0,1.0,1.0,1.0,1.0,1.0,1.0,,,,,,,6.0,3.0,3.0,3.0,3.0,5.0,6.0,6.0,3.0,2.0,80.0,85.0,85.0,80.0,75.0,85.0,80.0,75.0,20.0,30.0,1.0,2.0,2.0,1.0,2.0,1.0,1.0,2.0,2.0,1.0,2.0,1.0,2.0,1.0,1.0,2.0,1.0,2.0,2.0,2.0,1.0,1.0,1.0,1.0,2.0,1.0,1.0,2.0,1.0,2.0,2.0,1.0,1.0,1.0,2.0,1.0,1.0,1.0,1.0,1.0
1745,4,4,4,3,3,4,4,3,2,2,70.0,,5.0,,,,,5.0,4.0,2.0,,6.0,,,1.0,,2.0,,,,,,,3.0,4.0,5.0,15.0,,1.0,,,4.0,,1.0,,5.0,,,,,,,,,,,,1.0,1.0,1.0,1.0,1.0,1.0,6.0,3.0,3.0,3.0,3.0,5.0,6.0,6.0,4.0,,,,,,,,,,,,2.0,2.0,1.0,2.0,2.0,1.0,1.0,2.0,1.0,1.0,1.0,1.0,1.0,1.0,1.0,1.0,1.0,1.0,1.0,1.0,1.0,2.0,1.0,1.0,1.0,1.0,1.0,1.0,2.0,1.0,1.0,1.0,1.0,1.0,1.0,1.0,1.0,1.0,2.0,1.0
559,5,5,5,5,5,5,5,5,1,1,70.0,,6.0,,5.0,4.0,2.0,,,,,6.0,1.0,54.0,,,2.0,,,,,,,2.0,5.0,5.0,,15.0,,1.0,,,3.0,1.0,,,5.0,,,,,,,,,,,1.0,1.0,1.0,1.0,1.0,1.0,7.0,3.0,3.0,3.0,3.0,5.0,6.0,6.0,4.0,2.0,75.0,75.0,80.0,80.0,80.0,80.0,80.0,75.0,30.0,30.0,1.0,1.0,1.0,2.0,2.0,1.0,2.0,1.0,1.0,1.0,1.0,1.0,1.0,2.0,2.0,1.0,1.0,2.0,2.0,1.0,1.0,1.0,1.0,1.0,1.0,1.0,2.0,1.0,1.0,1.0,2.0,2.0,2.0,1.0,1.0,1.0,1.0,1.0,1.0,1.0
236,4,4,4,2,3,4,4,3,2,3,,30.0,,2.0,,,,,,,6.0,,,,1.0,1.0,,3.0,4.0,5.0,,,,,,,,15.0,1.0,,,3.0,,1.0,,,5.0,,,,,,,,,,,1.0,1.0,1.0,1.0,1.0,1.0,6.0,3.0,2.0,3.0,3.0,5.0,6.0,6.0,4.0,2.0,65.0,60.0,60.0,40.0,45.0,60.0,60.0,40.0,35.0,45.0,2.0,2.0,1.0,1.0,1.0,2.0,1.0,2.0,2.0,1.0,1.0,1.0,1.0,2.0,1.0,1.0,1.0,1.0,1.0,1.0,1.0,1.0,1.0,1.0,1.0,1.0,2.0,1.0,2.0,1.0,1.0,1.0,1.0,1.0,1.0,1.0,1.0,1.0,2.0,1.0
345,2,3,3,2,3,3,4,2,4,2,70.0,,2.0,,,,,5.0,4.0,2.0,,6.0,,,1.0,,2.0,,,,,,,2.0,4.0,5.0,,15.0,,1.0,,,3.0,,1.0,4.0,,,,,,,,,,,,1.0,1.0,1.0,1.0,1.0,1.0,7.0,3.0,3.0,3.0,4.0,5.0,6.0,6.0,3.0,2.0,40.0,50.0,50.0,40.0,50.0,50.0,60.0,40.0,60.0,40.0,1.0,1.0,1.0,1.0,1.0,2.0,2.0,1.0,2.0,2.0,1.0,2.0,1.0,1.0,1.0,2.0,1.0,1.0,1.0,1.0,1.0,2.0,2.0,1.0,2.0,1.0,1.0,1.0,1.0,1.0,1.0,1.0,1.0,1.0,1.0,1.0,1.0,2.0,1.0,1.0
1207,5,5,5,5,5,5,5,5,1,2,,30.0,5.0,,,,,5.0,4.0,2.0,,6.0,1.0,54.0,,,2.0,2.0,5.0,5.0,,,,,,,,10.0,1.0,,,4.0,,1.0,,5.0,,,,,,,,,,,,1.0,1.0,1.0,1.0,1.0,1.0,7.0,3.0,2.0,2.0,3.0,5.0,6.0,6.0,3.0,2.0,75.0,80.0,85.0,80.0,75.0,85.0,80.0,70.0,30.0,40.0,1.0,1.0,2.0,1.0,2.0,1.0,2.0,1.0,1.0,1.0,1.0,2.0,1.0,2.0,1.0,1.0,1.0,1.0,1.0,1.0,1.0,2.0,2.0,1.0,1.0,1.0,1.0,2.0,1.0,1.0,1.0,1.0,2.0,2.0,2.0,1.0,1.0,1.0,1.0,1.0
1374,2,3,3,1,2,3,3,2,1,1,70.0,,2.0,,,,,5.0,4.0,2.0,6.0,,1.0,54.0,,,2.0,,,,,,,2.0,4.0,5.0,,15.0,1.0,,4.0,,,1.0,,5.0,,,,,,,,,,,,1.0,1.0,1.0,1.0,1.0,1.0,6.0,3.0,3.0,3.0,3.0,5.0,6.0,6.0,3.0,2.0,40.0,50.0,50.0,30.0,40.0,50.0,50.0,40.0,30.0,30.0,2.0,1.0,2.0,1.0,1.0,1.0,1.0,2.0,1.0,2.0,2.0,1.0,2.0,1.0,1.0,1.0,1.0,1.0,2.0,1.0,1.0,2.0,2.0,2.0,1.0,1.0,2.0,1.0,1.0,1.0,1.0,1.0,1.0,1.0,1.0,2.0,1.0,1.0,2.0,1.0
1568,5,5,5,5,5,5,5,5,2,2,,30.0,,2.0,,,,,,,6.0,,1.0,54.0,,,2.0,,,,,,,2.0,5.0,5.0,,15.0,1.0,,4.0,,,1.0,,5.0,,1.0,1.0,1.0,1.0,1.0,1.0,1.0,1.0,1.0,1.0,,,,,,,6.0,3.0,2.0,2.0,3.0,5.0,6.0,6.0,4.0,2.0,75.0,75.0,80.0,80.0,75.0,80.0,80.0,70.0,40.0,40.0,1.0,2.0,1.0,1.0,2.0,1.0,2.0,1.0,1.0,1.0,1.0,1.0,1.0,1.0,2.0,2.0,1.0,1.0,2.0,1.0,1.0,1.0,1.0,1.0,1.0,1.0,1.0,1.0,1.0,2.0,2.0,2.0,1.0,2.0,1.0,1.0,1.0,1.0,1.0,1.0
1192,4,4,4,3,4,4,4,3,2,2,,30.0,,2.0,,,,,,,,6.0,,,1.0,1.0,,3.0,4.0,5.0,,,,,,,,15.0,1.0,,,,3.0,1.0,,4.0,,1.0,1.0,1.0,1.0,1.0,1.0,1.0,1.0,1.0,1.0,,,,,,,6.0,3.0,3.0,3.0,3.0,5.0,5.0,5.0,4.0,2.0,65.0,65.0,65.0,50.0,65.0,65.0,65.0,50.0,35.0,35.0,1.0,1.0,2.0,1.0,1.0,2.0,2.0,1.0,1.0,1.0,2.0,2.0,1.0,2.0,1.0,1.0,1.0,1.0,1.0,1.0,1.0,2.0,1.0,1.0,2.0,1.0,1.0,2.0,2.0,2.0,1.0,1.0,1.0,2.0,1.0,1.0,2.0,1.0,1.0,1.0
607,5,5,5,4,4,5,5,4,2,2,,30.0,,2.0,,,,,,,6.0,,,,1.0,,2.0,3.0,5.0,5.0,,,,,,,,15.0,,1.0,4.0,,,1.0,,,5.0,1.0,1.0,1.0,1.0,1.0,1.0,1.0,1.0,1.0,1.0,,,,,,,6.0,3.0,2.0,2.0,3.0,5.0,6.0,6.0,4.0,2.0,75.0,70.0,75.0,60.0,60.0,75.0,75.0,60.0,40.0,40.0,1.0,1.0,2.0,2.0,1.0,2.0,1.0,1.0,2.0,2.0,1.0,1.0,1.0,2.0,2.0,1.0,1.0,1.0,1.0,1.0,1.0,1.0,1.0,1.0,2.0,1.0,1.0,1.0,1.0,2.0,1.0,1.0,1.0,2.0,2.0,1.0,1.0,2.0,1.0,1.0
774,5,5,5,4,4,5,5,4,2,2,,30.0,5.0,,,,,,,,,6.0,1.0,54.0,,1.0,,2.0,5.0,5.0,,,,,,,,15.0,,1.0,,,3.0,,1.0,,5.0,,,,,,,,,,,1.0,1.0,1.0,1.0,1.0,1.0,7.0,3.0,3.0,3.0,3.0,5.0,6.0,6.0,4.0,2.0,75.0,75.0,75.0,65.0,65.0,75.0,75.0,65.0,35.0,35.0,2.0,2.0,2.0,1.0,2.0,1.0,1.0,1.0,2.0,2.0,1.0,2.0,1.0,2.0,2.0,1.0,1.0,1.0,1.0,2.0,2.0,1.0,1.0,1.0,1.0,1.0,1.0,1.0,1.0,1.0,1.0,1.0,1.0,2.0,1.0,2.0,2.0,2.0,2.0,1.0
168,2,3,3,2,3,2,3,2,4,3,,30.0,2.0,,,,,5.0,4.0,2.0,6.0,,,,1.0,1.0,,,,,,,,2.0,4.0,5.0,10.0,,1.0,,,3.0,,1.0,,,5.0,,,,,,,,,,,1.0,1.0,1.0,1.0,1.0,1.0,6.0,3.0,2.0,3.0,3.0,5.0,6.0,5.0,4.0,2.0,40.0,50.0,50.0,40.0,50.0,40.0,50.0,40.0,60.0,50.0,2.0,2.0,1.0,1.0,1.0,2.0,1.0,1.0,1.0,1.0,2.0,1.0,2.0,1.0,1.0,1.0,1.0,1.0,2.0,1.0,2.0,1.0,1.0,1.0,2.0,1.0,1.0,1.0,1.0,1.0,2.0,1.0,1.0,1.0,1.0,2.0,1.0,1.0,1.0,1.0
592,4,4,4,2,3,4,4,3,2,2,,30.0,,2.0,5.0,4.0,2.0,,,,,6.0,1.0,54.0,,1.0,,,,,2.0,5.0,5.0,,,,15.0,,1.0,,,,3.0,,1.0,5.0,,,,,,,,,,,,1.0,1.0,1.0,1.0,1.0,1.0,7.0,3.0,2.0,3.0,3.0,5.0,6.0,5.0,4.0,2.0,65.0,60.0,60.0,40.0,50.0,60.0,60.0,45.0,35.0,35.0,1.0,1.0,2.0,2.0,1.0,2.0,1.0,1.0,1.0,1.0,1.0,2.0,2.0,2.0,1.0,1.0,1.0,1.0,1.0,1.0,1.0,2.0,1.0,1.0,1.0,1.0,2.0,1.0,1.0,1.0,1.0,1.0,2.0,1.0,1.0,1.0,1.0,1.0,2.0,2.0
869,4,4,4,2,3,4,4,3,2,2,,30.0,,2.0,,,,,,,,6.0,,,1.0,1.0,,,,,2.0,5.0,5.0,,,,,15.0,1.0,,,3.0,,1.0,,,5.0,,,,,,,,,,,1.0,1.0,1.0,1.0,1.0,1.0,6.0,3.0,3.0,3.0,3.0,5.0,5.0,5.0,3.0,2.0,60.0,55.0,55.0,40.0,45.0,55.0,55.0,45.0,40.0,40.0,1.0,2.0,1.0,1.0,1.0,1.0,2.0,1.0,2.0,2.0,1.0,1.0,2.0,1.0,1.0,1.0,1.0,2.0,1.0,2.0,1.0,1.0,2.0,2.0,1.0,1.0,1.0,1.0,2.0,1.0,2.0,1.0,1.0,2.0,1.0,1.0,1.0,2.0,1.0,1.0
1893,5,5,5,5,5,5,5,4,2,2,,30.0,,2.0,,,,,,,6.0,,1.0,54.0,,1.0,,3.0,5.0,5.0,,,,,,,,15.0,1.0,,,,3.0,1.0,,5.0,,,,,,,,,,,,1.0,1.0,1.0,1.0,1.0,1.0,6.0,3.0,2.0,3.0,3.0,5.0,6.0,6.0,4.0,,,,,,,,,,,,2.0,2.0,2.0,1.0,1.0,1.0,1.0,2.0,1.0,1.0,1.0,2.0,1.0,1.0,1.0,1.0,1.0,1.0,2.0,2.0,1.0,1.0,1.0,1.0,1.0,2.0,1.0,1.0,1.0,1.0,1.0,1.0,1.0,1.0,1.0,1.0,1.0,1.0,1.0,1.0
1020,5,5,5,5,5,5,5,5,1,1,70.0,,,1.0,5.0,4.0,2.0,,,,6.0,,,,1.0,,2.0,,,,,,,3.0,5.0,5.0,,15.0,,1.0,,,3.0,1.0,,5.0,,,,,,,,,,,,1.0,1.0,1.0,1.0,1.0,1.0,7.0,3.0,3.0,3.0,3.0,5.0,6.0,6.0,4.0,2.0,80.0,80.0,85.0,85.0,85.0,85.0,85.0,80.0,20.0,20.0,1.0,1.0,2.0,1.0,2.0,1.0,2.0,1.0,1.0,1.0,1.0,1.0,1.0,1.0,1.0,2.0,2.0,1.0,1.0,2.0,,,,,,,,,,,,,,,,,,,,
1153,4,4,4,2,3,4,4,3,2,2,70.0,,5.0,,,,,5.0,4.0,2.0,,6.0,1.0,54.0,,1.0,,3.0,4.0,5.0,,,,,,,,15.0,1.0,,,,3.0,1.0,,,5.0,,,,,,,,,,,1.0,1.0,1.0,1.0,1.0,1.0,6.0,3.0,3.0,3.0,3.0,5.0,6.0,6.0,4.0,2.0,65.0,60.0,60.0,40.0,45.0,60.0,60.0,45.0,35.0,35.0,2.0,1.0,1.0,1.0,1.0,1.0,1.0,1.0,1.0,1.0,1.0,1.0,1.0,1.0,1.0,1.0,1.0,1.0,1.0,1.0,,,,,,,,,,,,,,,,,,,,
420,4,4,4,2,3,4,4,3,2,3,70.0,,,2.0,,,,,,,6.0,,,,1.0,,2.0,,,,,,,2.0,4.0,5.0,,15.0,1.0,,4.0,,,,1.0,,5.0,1.0,1.0,1.0,1.0,1.0,1.0,1.0,1.0,1.0,1.0,,,,,,,6.0,3.0,3.0,3.0,3.0,5.0,6.0,6.0,3.0,,,,,,,,,,,,,,,,,,,,,,,,,,,,,,,,,,,,,,,,,,,,,,,,,,,
553,2,3,3,2,3,3,3,2,4,4,70.0,,5.0,,5.0,4.0,2.0,,,,6.0,,,,1.0,,2.0,,,,2.0,4.0,5.0,,,,15.0,,,1.0,,4.0,,1.0,,,5.0,,,,,,,,,,,1.0,1.0,1.0,1.0,1.0,1.0,7.0,3.0,3.0,3.0,3.0,5.0,6.0,6.0,3.0,2.0,40.0,50.0,50.0,40.0,50.0,50.0,50.0,40.0,60.0,60.0,2.0,1.0,1.0,1.0,1.0,2.0,1.0,2.0,2.0,1.0,1.0,2.0,2.0,1.0,2.0,2.0,1.0,1.0,1.0,1.0,1.0,1.0,1.0,1.0,1.0,1.0,1.0,2.0,1.0,1.0,2.0,1.0,1.0,2.0,2.0,1.0,2.0,1.0,1.0,1.0
1921,2,3,3,1,2,2,3,1,1,2,70.0,,5.0,,5.0,4.0,3.0,,,,,6.0,,,1.0,1.0,,,,,2.0,4.0,5.0,,,,,15.0,1.0,,,,3.0,1.0,,4.0,,,,,,,,,,,,1.0,1.0,1.0,1.0,1.0,1.0,7.0,3.0,3.0,3.0,5.0,5.0,6.0,6.0,3.0,,,,,,,,,,,,2.0,1.0,1.0,1.0,2.0,2.0,1.0,1.0,1.0,1.0,1.0,1.0,1.0,2.0,2.0,2.0,1.0,1.0,1.0,1.0,1.0,2.0,1.0,1.0,1.0,1.0,1.0,1.0,2.0,1.0,1.0,1.0,1.0,1.0,1.0,1.0,1.0,1.0,2.0,1.0
1852,2,3,3,1,2,3,3,2,1,1,70.0,,2.0,,5.0,4.0,2.0,,,,6.0,,,,1.0,,2.0,,,,2.0,4.0,5.0,,,,15.0,,,1.0,4.0,,,,1.0,5.0,,,,,,,,,,,,1.0,1.0,1.0,1.0,1.0,1.0,6.0,3.0,3.0,3.0,3.0,5.0,6.0,6.0,4.0,2.0,40.0,50.0,50.0,20.0,30.0,50.0,50.0,40.0,20.0,20.0,2.0,2.0,1.0,1.0,1.0,1.0,1.0,2.0,1.0,1.0,2.0,2.0,1.0,1.0,1.0,1.0,1.0,1.0,1.0,1.0,1.0,2.0,1.0,2.0,1.0,1.0,1.0,1.0,2.0,1.0,1.0,2.0,2.0,1.0,1.0,1.0,1.0,1.0,2.0,1.0
1649,5,5,5,5,5,5,5,5,2,2,70.0,,5.0,,5.0,4.0,3.0,,,,6.0,,,,1.0,,2.0,,,,,,,2.0,5.0,5.0,15.0,,,1.0,,,3.0,,1.0,5.0,,1.0,1.0,1.0,1.0,1.0,1.0,1.0,1.0,1.0,1.0,,,,,,,7.0,3.0,3.0,3.0,3.0,5.0,6.0,6.0,4.0,2.0,80.0,80.0,85.0,85.0,85.0,85.0,85.0,80.0,30.0,30.0,1.0,2.0,1.0,2.0,1.0,1.0,1.0,2.0,1.0,1.0,2.0,2.0,1.0,2.0,1.0,2.0,2.0,1.0,2.0,1.0,1.0,1.0,2.0,2.0,1.0,1.0,2.0,1.0,2.0,1.0,1.0,1.0,1.0,2.0,1.0,2.0,2.0,1.0,1.0,2.0
1055,4,4,4,2,3,4,4,3,2,2,70.0,,5.0,,,,,5.0,4.0,2.0,,6.0,,,1.0,1.0,,3.0,4.0,5.0,,,,,,,15.0,,,1.0,,4.0,,,1.0,,5.0,1.0,1.0,1.0,1.0,1.0,1.0,1.0,1.0,1.0,1.0,,,,,,,6.0,3.0,3.0,3.0,3.0,5.0,6.0,6.0,4.0,2.0,65.0,60.0,60.0,35.0,45.0,60.0,60.0,40.0,30.0,30.0,1.0,2.0,2.0,1.0,1.0,1.0,1.0,1.0,1.0,2.0,1.0,2.0,1.0,1.0,1.0,2.0,1.0,1.0,1.0,1.0,1.0,1.0,1.0,1.0,1.0,1.0,1.0,1.0,1.0,1.0,2.0,1.0,1.0,1.0,1.0,1.0,2.0,1.0,1.0,2.0
1126,4,4,4,2,3,5,4,3,2,2,70.0,,,,,,,,,,,6.0,,,1.0,,2.0,,,,3.0,5.0,5.0,,,,15.0,,,1.0,,3.0,,1.0,,,5.0,1.0,1.0,1.0,1.0,1.0,1.0,1.0,1.0,1.0,1.0,,,,,,,6.0,3.0,3.0,3.0,3.0,5.0,6.0,6.0,4.0,,,,,,,,,,,,1.0,1.0,1.0,2.0,2.0,2.0,1.0,2.0,2.0,1.0,1.0,1.0,1.0,1.0,1.0,2.0,1.0,1.0,1.0,1.0,1.0,1.0,1.0,1.0,1.0,1.0,2.0,1.0,1.0,1.0,1.0,1.0,1.0,1.0,2.0,1.0,1.0,1.0,1.0,1.0
249,2,3,3,1,2,3,4,2,1,2,70.0,,2.0,,5.0,4.0,2.0,,,,6.0,,1.0,54.0,,,2.0,3.0,4.0,5.0,,,,,,,,12.0,1.0,,,,3.0,1.0,,5.0,,1.0,1.0,1.0,1.0,1.0,1.0,1.0,1.0,1.0,1.0,,,,,,,6.0,3.0,2.0,3.0,3.0,5.0,6.0,6.0,4.0,2.0,40.0,50.0,50.0,20.0,30.0,50.0,60.0,40.0,20.0,30.0,1.0,2.0,1.0,1.0,1.0,1.0,1.0,2.0,1.0,1.0,1.0,2.0,1.0,1.0,1.0,2.0,1.0,1.0,1.0,1.0,1.0,1.0,1.0,1.0,1.0,1.0,1.0,1.0,2.0,1.0,1.0,1.0,1.0,1.0,1.0,1.0,1.0,1.0,2.0,1.0
455,2,3,3,2,3,4,4,3,2,2,70.0,,,2.0,5.0,4.0,2.0,,,,,6.0,1.0,54.0,,1.0,,,,,2.0,4.0,5.0,,,,15.0,,,1.0,,,3.0,1.0,,,5.0,1.0,1.0,1.0,1.0,1.0,1.0,1.0,1.0,1.0,1.0,,,,,,,6.0,3.0,3.0,3.0,3.0,5.0,6.0,6.0,4.0,,,,,,,,,,,,,,,,,,,,,,,,,,,,,,,,,,,,,,,,,,,,,,,,,,,
526,1,2,2,1,2,2,3,1,1,2,70.0,,,1.0,,,,,,,,6.0,1.0,54.0,,1.0,,,,,2.0,4.0,5.0,,,,,15.0,1.0,,,4.0,,,1.0,,5.0,,,,,,,,,,,1.0,1.0,1.0,1.0,1.0,1.0,6.0,2.0,3.0,3.0,3.0,5.0,6.0,6.0,3.0,2.0,20.0,30.0,30.0,15.0,25.0,25.0,40.0,15.0,15.0,25.0,1.0,2.0,2.0,1.0,2.0,2.0,1.0,1.0,1.0,1.0,2.0,1.0,1.0,2.0,1.0,1.0,2.0,1.0,1.0,1.0,2.0,1.0,1.0,1.0,2.0,1.0,1.0,2.0,1.0,1.0,1.0,1.0,1.0,2.0,1.0,2.0,1.0,1.0,2.0,1.0
1954,5,5,5,4,5,5,5,4,2,3,70.0,,,2.0,,,,,,,6.0,,1.0,54.0,,1.0,,,,,2.0,5.0,5.0,,,,,12.0,,1.0,4.0,,,,1.0,,5.0,1.0,1.0,1.0,1.0,1.0,1.0,1.0,1.0,1.0,1.0,,,,,,,6.0,3.0,3.0,3.0,3.0,5.0,6.0,6.0,4.0,2.0,75.0,75.0,75.0,65.0,75.0,75.0,75.0,65.0,40.0,50.0,1.0,1.0,2.0,2.0,1.0,1.0,2.0,2.0,2.0,1.0,2.0,1.0,1.0,2.0,1.0,1.0,1.0,1.0,1.0,2.0,,,,,,,,,,,,,,,,,,,,
1827,2,4,4,1,2,3,4,1,1,1,,30.0,,1.0,5.0,4.0,2.0,,,,,6.0,1.0,54.0,,,2.0,,,,,,,2.0,4.0,5.0,,10.0,,1.0,,,2.0,1.0,,3.0,,,,,,,,,,,,1.0,1.0,1.0,1.0,1.0,1.0,6.0,3.0,3.0,3.0,3.0,5.0,6.0,6.0,,,,,,,,,,,,,,,,,,,,,,,,,,,,,,,,,,,,,,,,,,,,,,,,,,,,
1094,5,5,5,4,4,5,5,5,2,2,,30.0,5.0,,5.0,4.0,2.0,,,,,6.0,1.0,54.0,,,2.0,,,,2.0,5.0,5.0,,,,,15.0,,1.0,,3.0,,,1.0,,5.0,1.0,1.0,1.0,1.0,1.0,1.0,1.0,1.0,1.0,1.0,,,,,,,6.0,3.0,3.0,3.0,3.0,5.0,6.0,6.0,3.0,,,,,,,,,,,,1.0,2.0,2.0,1.0,1.0,2.0,2.0,1.0,1.0,1.0,1.0,1.0,2.0,2.0,1.0,2.0,1.0,1.0,2.0,1.0,2.0,1.0,1.0,2.0,1.0,1.0,1.0,1.0,1.0,2.0,1.0,2.0,2.0,1.0,1.0,1.0,2.0,1.0,1.0,2.0
1272,5,5,5,4,4,5,5,5,2,3,,30.0,2.0,,5.0,4.0,2.0,,,,6.0,,1.0,54.0,,,2.0,,,,,,,3.0,5.0,5.0,15.0,,,1.0,,,3.0,,1.0,5.0,,,,,,,,,,,,1.0,1.0,1.0,1.0,1.0,1.0,7.0,3.0,3.0,3.0,3.0,5.0,6.0,6.0,3.0,2.0,75.0,75.0,75.0,65.0,65.0,75.0,75.0,75.0,40.0,50.0,1.0,2.0,1.0,1.0,2.0,1.0,2.0,1.0,2.0,1.0,2.0,2.0,1.0,1.0,2.0,1.0,2.0,1.0,1.0,2.0,2.0,1.0,2.0,2.0,2.0,2.0,2.0,1.0,2.0,1.0,,,,,,,,,,
1301,4,4,4,2,3,4,4,3,2,2,,30.0,5.0,,,,,5.0,4.0,2.0,6.0,,,,1.0,,2.0,,,,2.0,5.0,5.0,,,,15.0,,1.0,,4.0,,,,1.0,5.0,,1.0,1.0,1.0,1.0,1.0,1.0,1.0,1.0,1.0,1.0,,,,,,,7.0,3.0,3.0,3.0,3.0,5.0,6.0,6.0,4.0,2.0,65.0,60.0,60.0,35.0,45.0,60.0,60.0,40.0,35.0,35.0,2.0,1.0,1.0,1.0,2.0,2.0,1.0,2.0,1.0,1.0,1.0,1.0,2.0,2.0,1.0,1.0,2.0,1.0,1.0,1.0,1.0,1.0,1.0,2.0,1.0,1.0,2.0,1.0,1.0,1.0,2.0,2.0,1.0,2.0,1.0,1.0,1.0,1.0,1.0,2.0
1688,2,4,4,2,3,4,4,2,2,3,70.0,,2.0,,,,,5.0,4.0,2.0,6.0,,1.0,54.0,,,2.0,2.0,4.0,5.0,,,,,,,,12.0,1.0,,,4.0,,,1.0,5.0,,1.0,1.0,1.0,1.0,1.0,1.0,1.0,1.0,1.0,1.0,,,,,,,6.0,3.0,2.0,3.0,3.0,5.0,6.0,6.0,3.0,2.0,40.0,60.0,60.0,30.0,45.0,60.0,60.0,30.0,30.0,45.0,2.0,2.0,1.0,1.0,1.0,1.0,1.0,1.0,2.0,1.0,1.0,1.0,1.0,2.0,2.0,2.0,1.0,1.0,2.0,2.0,,,,,,,,,,,,,,,,,,,,
494,5,5,5,5,5,5,5,5,1,2,,30.0,5.0,,,,,,,,,6.0,1.0,54.0,,,2.0,,,,2.0,5.0,5.0,,,,,15.0,,1.0,,,3.0,2.0,,,5.0,1.0,1.0,1.0,1.0,1.0,1.0,1.0,1.0,1.0,1.0,,,,,,,7.0,3.0,3.0,3.0,3.0,5.0,6.0,6.0,4.0,2.0,80.0,80.0,85.0,85.0,85.0,80.0,85.0,80.0,20.0,30.0,2.0,1.0,1.0,1.0,2.0,1.0,2.0,2.0,2.0,1.0,2.0,1.0,1.0,1.0,2.0,2.0,2.0,1.0,1.0,1.0,1.0,1.0,2.0,1.0,1.0,2.0,1.0,1.0,1.0,1.0,2.0,2.0,2.0,1.0,1.0,1.0,1.0,1.0,1.0,1.0
672,2,3,3,2,3,3,3,2,4,4,,30.0,,2.0,,,,,,,6.0,,,,1.0,,2.0,,,,2.0,4.0,5.0,,,,15.0,,1.0,,,3.0,,1.0,,5.0,,1.0,1.0,1.0,1.0,1.0,1.0,1.0,1.0,1.0,1.0,,,,,,,6.0,3.0,2.0,2.0,3.0,5.0,6.0,6.0,4.0,2.0,40.0,50.0,50.0,40.0,50.0,50.0,50.0,40.0,60.0,60.0,2.0,1.0,1.0,1.0,1.0,2.0,2.0,1.0,2.0,1.0,2.0,2.0,1.0,1.0,1.0,1.0,1.0,1.0,1.0,1.0,1.0,1.0,1.0,1.0,1.0,1.0,1.0,2.0,1.0,1.0,1.0,1.0,2.0,2.0,1.0,1.0,1.0,1.0,1.0,1.0
701,4,4,4,2,3,4,4,2,2,2,,30.0,,2.0,,,,,,,6.0,,1.0,54.0,,,2.0,,,,,,,2.0,4.0,5.0,,10.0,,1.0,4.0,,,,1.0,5.0,,1.0,1.0,1.0,1.0,1.0,1.0,1.0,1.0,1.0,1.0,,,,,,,6.0,3.0,3.0,3.0,3.0,5.0,5.0,5.0,4.0,2.0,65.0,60.0,60.0,40.0,50.0,60.0,60.0,40.0,40.0,40.0,1.0,1.0,1.0,2.0,1.0,1.0,1.0,1.0,1.0,1.0,2.0,2.0,1.0,1.0,2.0,2.0,1.0,1.0,1.0,1.0,1.0,1.0,1.0,1.0,1.0,1.0,1.0,2.0,1.0,1.0,1.0,1.0,2.0,1.0,1.0,1.0,1.0,1.0,1.0,1.0
288,5,5,5,5,5,5,5,5,1,1,70.0,,,2.0,,,,,,,,6.0,1.0,54.0,,,2.0,2.0,5.0,5.0,,,,,,,15.0,,,1.0,,3.0,,,1.0,5.0,,1.0,1.0,1.0,1.0,1.0,1.0,1.0,1.0,1.0,1.0,,,,,,,6.0,3.0,2.0,2.0,3.0,5.0,6.0,6.0,4.0,2.0,75.0,80.0,85.0,80.0,75.0,85.0,80.0,70.0,30.0,25.0,1.0,2.0,1.0,2.0,1.0,2.0,1.0,2.0,1.0,1.0,2.0,1.0,1.0,1.0,2.0,1.0,1.0,2.0,1.0,1.0,2.0,1.0,2.0,1.0,1.0,2.0,1.0,1.0,1.0,1.0,,,,,,,,,,
1995,1,2,2,1,2,4,4,1,1,1,70.0,,5.0,,5.0,4.0,2.0,,,,6.0,,1.0,54.0,,1.0,,,,,,,,2.0,4.0,5.0,,15.0,1.0,,4.0,,,1.0,,,5.0,1.0,1.0,1.0,1.0,1.0,1.0,1.0,1.0,1.0,1.0,,,,,,,6.0,3.0,3.0,3.0,3.0,5.0,6.0,6.0,3.0,,,,,,,,,,,,2.0,1.0,2.0,2.0,1.0,1.0,1.0,1.0,1.0,2.0,1.0,1.0,2.0,1.0,2.0,1.0,1.0,2.0,1.0,2.0,1.0,1.0,2.0,1.0,1.0,1.0,1.0,2.0,2.0,1.0,1.0,2.0,1.0,1.0,2.0,2.0,1.0,1.0,1.0,1.0
685,5,5,5,5,5,5,5,5,2,2,70.0,,6.0,,,,,,,,6.0,,1.0,54.0,,1.0,,,,,2.0,5.0,5.0,,,,,15.0,1.0,,,,3.0,,1.0,5.0,,,,,,,,,,,,1.0,1.0,1.0,1.0,1.0,1.0,7.0,3.0,3.0,3.0,3.0,5.0,6.0,6.0,4.0,2.0,85.0,80.0,85.0,80.0,80.0,85.0,80.0,75.0,40.0,40.0,1.0,1.0,2.0,1.0,1.0,1.0,1.0,1.0,1.0,1.0,2.0,2.0,2.0,1.0,1.0,2.0,2.0,1.0,1.0,1.0,1.0,1.0,2.0,1.0,1.0,2.0,1.0,1.0,1.0,1.0,1.0,1.0,1.0,1.0,1.0,1.0,1.0,1.0,1.0,1.0
463,5,5,5,5,5,5,5,5,2,2,,30.0,,1.0,5.0,4.0,2.0,,,,,6.0,,,1.0,1.0,,,,,,,,2.0,5.0,5.0,,10.0,1.0,,,4.0,,,1.0,,5.0,,,,,,,,,,,1.0,1.0,1.0,1.0,1.0,1.0,6.0,2.0,3.0,3.0,3.0,5.0,6.0,6.0,4.0,2.0,80.0,80.0,85.0,85.0,80.0,85.0,85.0,80.0,40.0,40.0,1.0,2.0,2.0,1.0,1.0,2.0,1.0,2.0,1.0,2.0,1.0,2.0,1.0,1.0,2.0,1.0,1.0,2.0,2.0,1.0,1.0,1.0,1.0,2.0,1.0,1.0,2.0,2.0,1.0,2.0,2.0,1.0,2.0,1.0,2.0,1.0,1.0,2.0,1.0,1.0
510,2,3,3,2,3,3,3,2,4,4,,30.0,2.0,,5.0,4.0,2.0,,,,,6.0,1.0,54.0,,1.0,,,,,2.0,4.0,5.0,,,,15.0,,,1.0,4.0,,,,1.0,,5.0,1.0,1.0,1.0,1.0,1.0,1.0,1.0,1.0,1.0,1.0,,,,,,,7.0,3.0,3.0,3.0,3.0,5.0,6.0,6.0,3.0,2.0,40.0,50.0,50.0,40.0,50.0,50.0,50.0,40.0,60.0,60.0,2.0,1.0,1.0,1.0,2.0,1.0,2.0,1.0,2.0,1.0,1.0,1.0,1.0,1.0,1.0,2.0,2.0,1.0,1.0,1.0,1.0,1.0,1.0,1.0,1.0,1.0,1.0,1.0,1.0,1.0,1.0,1.0,1.0,1.0,1.0,1.0,1.0,1.0,1.0,1.0
1285,4,4,4,3,3,5,4,3,2,2,,30.0,,2.0,,,,,,,6.0,,,,1.0,1.0,,,,,2.0,5.0,5.0,,,,,15.0,,1.0,,3.0,,1.0,,5.0,,1.0,1.0,1.0,1.0,1.0,1.0,1.0,1.0,1.0,1.0,,,,,,,6.0,3.0,2.0,3.0,3.0,5.0,6.0,5.0,4.0,,,,,,,,,,,,1.0,2.0,2.0,2.0,2.0,1.0,1.0,2.0,1.0,2.0,1.0,2.0,1.0,2.0,2.0,1.0,1.0,2.0,1.0,1.0,1.0,1.0,1.0,2.0,1.0,1.0,1.0,1.0,1.0,1.0,1.0,1.0,1.0,2.0,1.0,1.0,1.0,1.0,1.0,1.0
1063,5,5,5,4,4,5,5,4,2,2,70.0,,,2.0,,,,,,,,6.0,1.0,54.0,,1.0,,,,,,,,3.0,5.0,5.0,,15.0,,1.0,,3.0,,1.0,,5.0,,,,,,,,,,,,1.0,1.0,1.0,1.0,1.0,1.0,7.0,3.0,3.0,3.0,4.0,5.0,6.0,6.0,4.0,2.0,75.0,75.0,75.0,65.0,65.0,75.0,75.0,65.0,35.0,35.0,1.0,1.0,2.0,1.0,2.0,1.0,1.0,2.0,1.0,1.0,1.0,1.0,2.0,1.0,2.0,1.0,1.0,1.0,2.0,1.0,1.0,1.0,1.0,1.0,2.0,2.0,2.0,1.0,1.0,2.0,1.0,1.0,1.0,1.0,2.0,1.0,1.0,2.0,1.0,1.0
1110,2,3,3,2,3,4,4,2,2,2,70.0,,5.0,,,,,5.0,4.0,2.0,6.0,,1.0,54.0,,1.0,,,,,,,,3.0,4.0,5.0,,10.0,,1.0,,,2.0,,1.0,,5.0,1.0,1.0,1.0,1.0,1.0,1.0,1.0,1.0,1.0,1.0,,,,,,,6.0,3.0,3.0,3.0,3.0,5.0,6.0,6.0,4.0,,,,,,,,,,,,1.0,2.0,1.0,1.0,2.0,1.0,1.0,1.0,1.0,1.0,2.0,1.0,1.0,1.0,2.0,1.0,1.0,1.0,2.0,2.0,1.0,1.0,1.0,1.0,1.0,2.0,1.0,2.0,1.0,1.0,1.0,1.0,1.0,1.0,1.0,1.0,1.0,1.0,1.0,1.0
1499,5,5,5,5,5,5,5,5,2,2,,30.0,5.0,,5.0,4.0,2.0,,,,,6.0,,,1.0,1.0,,,,,2.0,5.0,5.0,,,,,10.0,,1.0,,,3.0,1.0,,5.0,,1.0,1.0,1.0,1.0,1.0,1.0,1.0,1.0,1.0,1.0,,,,,,,6.0,3.0,3.0,3.0,3.0,5.0,6.0,6.0,4.0,2.0,75.0,70.0,80.0,75.0,70.0,75.0,80.0,65.0,40.0,40.0,1.0,1.0,1.0,2.0,1.0,2.0,1.0,2.0,1.0,1.0,1.0,2.0,2.0,1.0,1.0,2.0,1.0,1.0,1.0,1.0,1.0,1.0,1.0,1.0,1.0,1.0,1.0,1.0,1.0,1.0,1.0,2.0,2.0,1.0,1.0,2.0,1.0,1.0,1.0,1.0
1962,4,4,4,2,3,4,4,3,2,2,70.0,,5.0,,,,,5.0,4.0,2.0,7.0,,1.0,54.0,,1.0,,,,,,,,2.0,4.0,5.0,15.0,,1.0,,,,3.0,2.0,,,5.0,,,,,,,,,,,1.0,1.0,1.0,1.0,1.0,1.0,6.0,3.0,2.0,3.0,3.0,5.0,6.0,5.0,4.0,2.0,65.0,60.0,60.0,40.0,45.0,60.0,60.0,45.0,40.0,40.0,1.0,2.0,1.0,1.0,1.0,1.0,2.0,2.0,1.0,2.0,2.0,1.0,2.0,2.0,1.0,1.0,1.0,2.0,2.0,1.0,1.0,1.0,1.0,1.0,1.0,1.0,1.0,1.0,1.0,2.0,1.0,1.0,1.0,1.0,2.0,2.0,1.0,1.0,1.0,1.0
1811,5,5,5,5,5,5,5,5,2,3,,30.0,5.0,,,,,5.0,4.0,2.0,6.0,,,,1.0,1.0,,,,,2.0,5.0,5.0,,,,15.0,,1.0,,,4.0,,,1.0,5.0,,,,,,,,,,,,1.0,1.0,1.0,1.0,1.0,1.0,7.0,3.0,3.0,3.0,3.0,5.0,6.0,6.0,3.0,2.0,75.0,80.0,85.0,80.0,75.0,85.0,80.0,70.0,40.0,50.0,2.0,2.0,2.0,1.0,2.0,1.0,1.0,1.0,1.0,2.0,1.0,1.0,1.0,1.0,2.0,2.0,2.0,1.0,1.0,1.0,1.0,1.0,2.0,1.0,2.0,2.0,1.0,1.0,2.0,2.0,2.0,1.0,2.0,1.0,1.0,2.0,1.0,2.0,1.0,1.0
998,5,5,5,5,5,5,5,5,2,2,,30.0,,2.0,,,,,,,6.0,,1.0,54.0,,1.0,,,,,,,,3.0,5.0,5.0,,15.0,,1.0,6.0,,,1.0,,,5.0,,,,,,,,,,,1.0,1.0,1.0,1.0,1.0,1.0,7.0,3.0,3.0,3.0,3.0,5.0,6.0,6.0,4.0,2.0,75.0,70.0,80.0,75.0,70.0,75.0,80.0,70.0,40.0,40.0,1.0,1.0,2.0,1.0,1.0,1.0,2.0,1.0,1.0,2.0,2.0,2.0,1.0,1.0,1.0,1.0,1.0,2.0,2.0,2.0,1.0,1.0,1.0,1.0,1.0,1.0,1.0,1.0,1.0,2.0,,,,,,,,,,
644,2,3,3,1,2,3,3,2,2,3,,30.0,2.0,,,,,5.0,4.0,2.0,6.0,,1.0,54.0,,,2.0,,,,3.0,4.0,5.0,,,,15.0,,,1.0,4.0,,,1.0,,5.0,,,,,,,,,,,,1.0,1.0,1.0,1.0,1.0,1.0,6.0,3.0,3.0,3.0,3.0,5.0,6.0,6.0,3.0,,,,,,,,,,,,2.0,1.0,1.0,2.0,1.0,1.0,1.0,2.0,2.0,1.0,1.0,2.0,1.0,1.0,2.0,2.0,1.0,1.0,2.0,2.0,1.0,2.0,2.0,1.0,1.0,1.0,1.0,1.0,2.0,1.0,2.0,1.0,2.0,1.0,1.0,1.0,2.0,2.0,1.0,1.0
737,5,5,5,5,5,5,5,5,2,2,70.0,,,,,,,5.0,4.0,2.0,,6.0,1.0,54.0,,,2.0,3.0,5.0,5.0,,,,,,,,15.0,1.0,,,,2.0,,1.0,,5.0,1.0,1.0,1.0,1.0,1.0,1.0,1.0,1.0,1.0,1.0,,,,,,,6.0,3.0,2.0,3.0,3.0,5.0,6.0,6.0,4.0,,,,,,,,,,,,2.0,2.0,2.0,2.0,2.0,1.0,1.0,2.0,2.0,1.0,2.0,1.0,1.0,1.0,1.0,2.0,2.0,2.0,1.0,2.0,1.0,2.0,2.0,2.0,2.0,1.0,1.0,2.0,1.0,1.0,2.0,1.0,1.0,1.0,1.0,1.0,1.0,1.0,2.0,2.0
1458,4,4,4,2,3,4,4,3,2,3,,30.0,,2.0,,,,,,,6.0,,,,1.0,1.0,,,,,3.0,4.0,5.0,,,,15.0,,,1.0,4.0,,,,1.0,,5.0,1.0,1.0,1.0,1.0,1.0,1.0,1.0,1.0,1.0,1.0,,,,,,,6.0,3.0,2.0,3.0,3.0,5.0,6.0,5.0,4.0,2.0,65.0,60.0,60.0,40.0,50.0,60.0,60.0,50.0,40.0,50.0,2.0,1.0,2.0,2.0,1.0,1.0,2.0,2.0,1.0,1.0,2.0,1.0,2.0,1.0,1.0,1.0,2.0,1.0,2.0,1.0,1.0,1.0,1.0,1.0,1.0,1.0,1.0,1.0,2.0,2.0,1.0,1.0,2.0,2.0,1.0,1.0,2.0,1.0,1.0,1.0
1244,5,5,5,5,5,5,5,5,2,3,70.0,,,2.0,5.0,4.0,2.0,,,,,6.0,1.0,54.0,,1.0,,3.0,5.0,5.0,,,,,,,,15.0,1.0,,,4.0,,1.0,,,5.0,,,,,,,,,,,1.0,1.0,1.0,1.0,1.0,1.0,6.0,3.0,3.0,3.0,3.0,5.0,6.0,6.0,4.0,2.0,75.0,75.0,75.0,75.0,75.0,75.0,75.0,75.0,40.0,50.0,1.0,2.0,2.0,1.0,2.0,2.0,1.0,1.0,1.0,1.0,2.0,2.0,1.0,1.0,1.0,1.0,2.0,1.0,1.0,2.0,1.0,1.0,1.0,1.0,1.0,1.0,1.0,2.0,1.0,1.0,1.0,1.0,1.0,2.0,1.0,1.0,1.0,2.0,2.0,1.0
1337,5,5,5,4,4,5,5,4,2,2,,30.0,,2.0,,,,,,,6.0,,1.0,54.0,,,2.0,,,,,,,2.0,5.0,5.0,15.0,,,1.0,4.0,,,1.0,,5.0,,1.0,1.0,1.0,1.0,1.0,1.0,1.0,1.0,1.0,1.0,,,,,,,6.0,3.0,2.0,2.0,3.0,5.0,6.0,6.0,4.0,,,,,,,,,,,,1.0,1.0,2.0,1.0,2.0,2.0,1.0,2.0,1.0,1.0,1.0,2.0,1.0,2.0,2.0,1.0,1.0,1.0,2.0,1.0,1.0,1.0,1.0,1.0,1.0,2.0,2.0,1.0,1.0,2.0,1.0,2.0,1.0,1.0,1.0,1.0,1.0,1.0,1.0,1.0
959,5,5,5,4,4,5,5,5,2,2,70.0,,,,5.0,4.0,2.0,,,,6.0,,,,1.0,,2.0,,,,,,,2.0,5.0,5.0,15.0,,,1.0,4.0,,,,1.0,5.0,,1.0,1.0,1.0,1.0,1.0,1.0,1.0,1.0,1.0,1.0,,,,,,,7.0,3.0,3.0,3.0,3.0,5.0,6.0,6.0,4.0,2.0,80.0,80.0,85.0,70.0,70.0,85.0,80.0,80.0,40.0,40.0,1.0,1.0,1.0,2.0,2.0,1.0,2.0,2.0,1.0,1.0,1.0,2.0,1.0,1.0,1.0,2.0,1.0,1.0,1.0,1.0,1.0,1.0,2.0,2.0,1.0,1.0,1.0,1.0,1.0,1.0,1.0,1.0,2.0,1.0,1.0,2.0,1.0,1.0,1.0,1.0
631,5,5,5,5,5,5,5,5,2,2,40.0,,,2.0,5.0,4.0,3.0,,,,,6.0,1.0,54.0,,1.0,,,,,2.0,5.0,5.0,,,,,15.0,,1.0,,3.0,,1.0,,5.0,,1.0,1.0,1.0,1.0,1.0,1.0,1.0,1.0,1.0,1.0,,,,,,,6.0,3.0,3.0,3.0,3.0,5.0,6.0,6.0,3.0,,,,,,,,,,,,1.0,2.0,1.0,2.0,1.0,1.0,2.0,1.0,2.0,1.0,2.0,1.0,1.0,2.0,1.0,1.0,1.0,1.0,1.0,2.0,2.0,2.0,1.0,2.0,1.0,1.0,2.0,1.0,2.0,1.0,1.0,2.0,1.0,2.0,1.0,2.0,1.0,1.0,1.0,2.0
742,5,5,5,5,5,5,5,5,1,2,,30.0,5.0,,5.0,4.0,2.0,,,,,6.0,,,1.0,,2.0,,,,,,,2.0,5.0,5.0,15.0,,,1.0,,,2.0,1.0,,5.0,,,,,,,,,,,,1.0,1.0,1.0,1.0,1.0,1.0,7.0,3.0,3.0,3.0,3.0,5.0,6.0,6.0,4.0,2.0,75.0,75.0,80.0,80.0,80.0,80.0,80.0,75.0,25.0,30.0,2.0,2.0,1.0,2.0,1.0,2.0,2.0,1.0,1.0,2.0,1.0,1.0,1.0,2.0,1.0,1.0,1.0,1.0,1.0,2.0,1.0,1.0,1.0,1.0,1.0,1.0,2.0,1.0,1.0,1.0,1.0,1.0,1.0,2.0,1.0,1.0,1.0,1.0,1.0,1.0
1231,2,3,3,2,3,3,3,2,4,3,,30.0,,2.0,5.0,4.0,2.0,,,,6.0,,1.0,54.0,,1.0,,,,,,,,3.0,4.0,5.0,,15.0,,1.0,,3.0,,,1.0,,5.0,,,,,,,,,,,1.0,1.0,1.0,1.0,1.0,1.0,6.0,3.0,2.0,3.0,3.0,5.0,6.0,5.0,4.0,2.0,40.0,50.0,50.0,40.0,50.0,50.0,50.0,40.0,60.0,50.0,1.0,2.0,1.0,2.0,2.0,2.0,1.0,1.0,1.0,1.0,1.0,2.0,1.0,2.0,2.0,1.0,2.0,2.0,1.0,1.0,1.0,2.0,2.0,1.0,1.0,2.0,2.0,1.0,2.0,1.0,1.0,1.0,1.0,2.0,2.0,1.0,1.0,2.0,1.0,1.0
1342,5,5,5,5,5,5,5,5,1,1,,30.0,,2.0,,,,,,,6.0,,,,1.0,,2.0,,,,,,,2.0,5.0,5.0,,15.0,,1.0,,,3.0,,1.0,5.0,,1.0,1.0,1.0,1.0,1.0,1.0,1.0,1.0,1.0,1.0,,,,,,,7.0,3.0,3.0,3.0,3.0,5.0,6.0,6.0,4.0,2.0,75.0,75.0,80.0,80.0,75.0,80.0,80.0,70.0,30.0,30.0,1.0,2.0,2.0,1.0,2.0,2.0,1.0,1.0,2.0,2.0,2.0,1.0,1.0,1.0,2.0,2.0,1.0,1.0,2.0,2.0,1.0,2.0,2.0,1.0,2.0,1.0,1.0,2.0,1.0,1.0,1.0,2.0,2.0,1.0,1.0,1.0,2.0,2.0,1.0,1.0
416,2,4,4,2,3,4,4,2,2,2,,30.0,,2.0,,,,,,,6.0,,1.0,54.0,,,2.0,,,,2.0,4.0,5.0,,,,15.0,,1.0,,4.0,,,,1.0,,5.0,1.0,1.0,1.0,1.0,1.0,1.0,1.0,1.0,1.0,1.0,,,,,,,6.0,3.0,3.0,3.0,3.0,5.0,6.0,6.0,4.0,2.0,55.0,60.0,60.0,40.0,50.0,60.0,60.0,40.0,40.0,40.0,2.0,1.0,1.0,2.0,1.0,2.0,1.0,2.0,2.0,2.0,2.0,1.0,1.0,1.0,1.0,2.0,1.0,2.0,2.0,1.0,1.0,1.0,1.0,2.0,1.0,1.0,2.0,1.0,2.0,2.0,1.0,1.0,1.0,1.0,1.0,1.0,2.0,1.0,1.0,1.0
565,5,4,5,5,4,5,5,4,2,3,,30.0,,2.0,5.0,4.0,2.0,,,,,6.0,,,1.0,,2.0,,,,3.0,5.0,5.0,,,,15.0,,,1.0,,3.0,,,1.0,5.0,,,,,,,,,,,,1.0,1.0,1.0,1.0,1.0,1.0,6.0,3.0,2.0,3.0,3.0,5.0,6.0,6.0,4.0,,,,,,,,,,,,2.0,2.0,1.0,1.0,1.0,2.0,1.0,2.0,1.0,1.0,2.0,2.0,1.0,1.0,1.0,2.0,1.0,1.0,1.0,1.0,1.0,1.0,1.0,1.0,2.0,2.0,1.0,1.0,1.0,2.0,1.0,2.0,1.0,1.0,1.0,2.0,1.0,1.0,1.0,1.0
379,4,4,4,3,4,4,4,3,2,3,,30.0,,2.0,,,,,,,6.0,,,,1.0,1.0,,3.0,4.0,5.0,,,,,,,15.0,,,1.0,4.0,,,1.0,,5.0,,1.0,1.0,1.0,1.0,1.0,1.0,1.0,1.0,1.0,1.0,,,,,,,6.0,3.0,3.0,3.0,3.0,5.0,5.0,5.0,4.0,,,,,,,,,,,,1.0,1.0,1.0,2.0,1.0,2.0,2.0,1.0,2.0,1.0,1.0,2.0,1.0,2.0,1.0,1.0,1.0,1.0,1.0,1.0,2.0,1.0,1.0,2.0,1.0,2.0,1.0,1.0,1.0,1.0,2.0,1.0,1.0,2.0,1.0,1.0,1.0,1.0,1.0,1.0
783,4,4,4,2,3,3,4,2,2,2,70.0,,,2.0,,,,,,,,6.0,1.0,54.0,,,2.0,3.0,4.0,5.0,,,,,,,,12.0,1.0,,4.0,,,1.0,,,5.0,1.0,1.0,1.0,1.0,1.0,1.0,1.0,1.0,1.0,1.0,,,,,,,6.0,3.0,3.0,3.0,3.0,5.0,6.0,6.0,3.0,,,,,,,,,,,,1.0,2.0,2.0,1.0,2.0,1.0,2.0,2.0,1.0,1.0,1.0,1.0,1.0,2.0,1.0,1.0,1.0,1.0,1.0,1.0,1.0,1.0,2.0,1.0,1.0,2.0,1.0,2.0,1.0,1.0,2.0,1.0,1.0,1.0,2.0,1.0,1.0,1.0,1.0,1.0
1016,4,4,5,4,4,5,5,4,2,3,,30.0,5.0,,5.0,4.0,2.0,,,,,6.0,,,1.0,1.0,,,,,2.0,5.0,5.0,,,,,15.0,1.0,,,3.0,,1.0,,5.0,,,,,,,,,,,,1.0,1.0,1.0,1.0,1.0,1.0,6.0,3.0,3.0,3.0,3.0,5.0,6.0,6.0,3.0,,,,,,,,,,,,1.0,2.0,1.0,2.0,2.0,1.0,2.0,1.0,1.0,1.0,1.0,2.0,2.0,2.0,1.0,1.0,1.0,1.0,1.0,1.0,1.0,1.0,2.0,1.0,1.0,1.0,1.0,1.0,2.0,1.0,1.0,1.0,1.0,1.0,1.0,1.0,1.0,1.0,1.0,1.0
1165,5,4,5,2,3,4,4,3,2,2,,30.0,5.0,,,,,,,,6.0,,,,1.0,1.0,,3.0,5.0,,,,,,,,,,,,,,,,,,,,,,,,,,,,,,,,,,,,,,,,,,,,,,,,,,,,,,,,,,,,,,,,,,,,,,,,,,,,,,,,,,,,,,,,,,,,,,
1779,4,4,4,3,3,4,4,3,2,2,,30.0,5.0,,,,,,,,6.0,,1.0,54.0,,,2.0,,,,3.0,4.0,5.0,,,,15.0,,1.0,,,4.0,,,1.0,5.0,,,,,,,,,,,,1.0,1.0,1.0,1.0,1.0,1.0,6.0,3.0,3.0,3.0,3.0,5.0,6.0,6.0,4.0,2.0,65.0,60.0,60.0,50.0,50.0,60.0,60.0,50.0,40.0,40.0,1.0,1.0,1.0,2.0,1.0,2.0,1.0,2.0,2.0,1.0,1.0,1.0,2.0,1.0,2.0,2.0,1.0,1.0,2.0,2.0,,,,,,,,,,,,,,,,,,,,
1383,5,5,5,5,5,5,5,5,2,2,,30.0,5.0,,5.0,4.0,2.0,,,,,6.0,1.0,54.0,,,2.0,3.0,5.0,5.0,,,,,,,,15.0,1.0,,,,3.0,1.0,,,5.0,,,,,,,,,,,1.0,1.0,1.0,1.0,1.0,1.0,7.0,3.0,3.0,3.0,3.0,5.0,6.0,6.0,3.0,,,,,,,,,,,,2.0,1.0,1.0,2.0,2.0,1.0,1.0,2.0,1.0,2.0,1.0,1.0,1.0,2.0,1.0,2.0,2.0,1.0,1.0,1.0,1.0,2.0,2.0,1.0,2.0,2.0,1.0,1.0,1.0,1.0,1.0,2.0,2.0,1.0,1.0,1.0,1.0,2.0,2.0,1.0
1917,5,5,5,5,5,5,5,5,2,2,70.0,,,2.0,,,,,,,6.0,,1.0,54.0,,1.0,,3.0,5.0,5.0,,,,,,,,15.0,,1.0,4.0,,,1.0,,5.0,,,,,,,,,,,,1.0,1.0,1.0,1.0,1.0,1.0,7.0,3.0,3.0,3.0,3.0,5.0,6.0,6.0,4.0,2.0,75.0,75.0,80.0,70.0,70.0,75.0,75.0,70.0,40.0,40.0,1.0,1.0,1.0,1.0,2.0,1.0,1.0,2.0,1.0,1.0,2.0,1.0,1.0,1.0,2.0,1.0,1.0,1.0,1.0,1.0,1.0,1.0,1.0,1.0,1.0,1.0,1.0,1.0,2.0,1.0,1.0,1.0,1.0,1.0,1.0,1.0,1.0,1.0,1.0,2.0
1864,4,4,4,3,3,4,4,3,2,2,70.0,,,2.0,5.0,4.0,2.0,,,,,6.0,,,1.0,,2.0,,,,,,,2.0,4.0,5.0,,15.0,1.0,,4.0,,,,1.0,5.0,,1.0,1.0,1.0,1.0,1.0,1.0,1.0,1.0,1.0,1.0,,,,,,,6.0,3.0,2.0,3.0,3.0,5.0,6.0,6.0,3.0,2.0,65.0,60.0,60.0,50.0,50.0,60.0,60.0,50.0,40.0,40.0,2.0,2.0,1.0,1.0,2.0,1.0,1.0,1.0,2.0,1.0,1.0,1.0,2.0,1.0,1.0,2.0,1.0,1.0,2.0,1.0,1.0,1.0,1.0,2.0,2.0,1.0,2.0,1.0,1.0,1.0,1.0,2.0,1.0,1.0,2.0,1.0,2.0,2.0,1.0,1.0
926,4,4,4,3,3,4,4,3,2,2,70.0,,,,,,,,,,,6.0,,,1.0,1.0,,,,,3.0,4.0,5.0,,,,15.0,,,1.0,,4.0,,,1.0,,5.0,1.0,1.0,1.0,1.0,1.0,1.0,1.0,1.0,1.0,1.0,,,,,,,6.0,3.0,2.0,3.0,3.0,5.0,6.0,5.0,4.0,2.0,65.0,60.0,60.0,50.0,50.0,60.0,60.0,50.0,40.0,40.0,2.0,1.0,1.0,2.0,2.0,1.0,1.0,2.0,1.0,1.0,2.0,1.0,1.0,2.0,1.0,1.0,1.0,1.0,1.0,1.0,2.0,1.0,1.0,2.0,2.0,2.0,1.0,2.0,2.0,2.0,1.0,1.0,1.0,2.0,1.0,2.0,2.0,2.0,,
855,3,4,4,2,3,4,4,2,2,3,,30.0,,2.0,4.0,5.0,3.0,,,,,6.0,1.0,54.0,,,2.0,,,,3.0,4.0,5.0,,,,,15.0,,1.0,4.0,,,,1.0,,5.0,1.0,1.0,1.0,1.0,1.0,1.0,1.0,1.0,1.0,1.0,,,,,,,6.0,3.0,3.0,3.0,3.0,5.0,6.0,6.0,3.0,2.0,50.0,60.0,60.0,40.0,50.0,60.0,60.0,40.0,40.0,50.0,2.0,1.0,2.0,1.0,1.0,2.0,1.0,2.0,1.0,2.0,1.0,2.0,1.0,2.0,1.0,2.0,1.0,1.0,2.0,1.0,2.0,2.0,2.0,1.0,1.0,1.0,1.0,2.0,2.0,2.0,1.0,1.0,1.0,1.0,2.0,2.0,1.0,2.0,2.0,1.0
748,5,5,5,5,5,5,5,5,2,2,,30.0,,2.0,,,,,,,6.0,,1.0,54.0,,,2.0,,,,,,,2.0,5.0,5.0,,15.0,1.0,,,4.0,,,1.0,,5.0,,,,,,,,,,,1.0,1.0,1.0,1.0,1.0,1.0,6.0,3.0,3.0,3.0,3.0,5.0,6.0,6.0,3.0,2.0,75.0,75.0,75.0,75.0,75.0,75.0,75.0,75.0,40.0,40.0,1.0,2.0,1.0,1.0,2.0,2.0,2.0,1.0,1.0,2.0,2.0,1.0,2.0,1.0,2.0,2.0,1.0,2.0,1.0,2.0,2.0,1.0,2.0,1.0,2.0,1.0,1.0,1.0,2.0,1.0,1.0,1.0,2.0,2.0,1.0,1.0,2.0,2.0,2.0,1.0
154,2,3,3,1,2,2,3,1,4,2,70.0,,2.0,,,,,5.0,4.0,2.0,6.0,,1.0,54.0,,1.0,,3.0,4.0,5.0,,,,,,,,15.0,,1.0,4.0,,,1.0,,,5.0,,,,,,,,,,,1.0,1.0,1.0,1.0,1.0,1.0,6.0,3.0,2.0,3.0,3.0,5.0,6.0,6.0,4.0,2.0,40.0,50.0,50.0,20.0,30.0,30.0,50.0,20.0,60.0,30.0,1.0,1.0,1.0,1.0,1.0,2.0,2.0,2.0,1.0,1.0,2.0,1.0,2.0,1.0,1.0,1.0,1.0,1.0,1.0,1.0,1.0,2.0,2.0,1.0,1.0,1.0,2.0,1.0,1.0,1.0,1.0,1.0,1.0,2.0,1.0,1.0,1.0,2.0,1.0,1.0
1348,5,5,5,5,5,5,5,5,1,1,70.0,,,2.0,,,,,,,,6.0,1.0,54.0,,,2.0,2.0,5.0,5.0,,,,,,,,15.0,1.0,,,3.0,,,1.0,5.0,,,,,,,,,,,,1.0,1.0,1.0,1.0,1.0,1.0,7.0,3.0,3.0,3.0,3.0,5.0,6.0,6.0,4.0,2.0,75.0,70.0,80.0,75.0,70.0,80.0,75.0,70.0,30.0,30.0,2.0,2.0,1.0,1.0,1.0,1.0,1.0,2.0,1.0,1.0,1.0,1.0,1.0,1.0,1.0,1.0,1.0,2.0,2.0,1.0,1.0,1.0,1.0,1.0,2.0,1.0,1.0,1.0,2.0,1.0,1.0,2.0,1.0,1.0,1.0,1.0,1.0,1.0,2.0,1.0
1427,5,5,5,4,4,5,5,4,2,2,,30.0,2.0,,5.0,4.0,2.0,,,,,6.0,1.0,54.0,,,2.0,,,,2.0,5.0,5.0,,,,15.0,,,1.0,,4.0,,,1.0,,5.0,1.0,1.0,1.0,1.0,1.0,1.0,1.0,1.0,1.0,1.0,,,,,,,6.0,3.0,3.0,3.0,3.0,5.0,6.0,6.0,4.0,2.0,75.0,75.0,80.0,65.0,65.0,80.0,75.0,65.0,40.0,40.0,1.0,2.0,1.0,2.0,2.0,1.0,1.0,2.0,2.0,1.0,1.0,1.0,2.0,2.0,1.0,2.0,2.0,1.0,1.0,1.0,1.0,1.0,2.0,1.0,1.0,2.0,1.0,1.0,2.0,1.0,2.0,2.0,1.0,1.0,2.0,2.0,1.0,2.0,1.0,1.0
1554,5,5,5,4,4,5,5,5,2,2,70.0,,,2.0,,,,,,,6.0,,1.0,54.0,,,2.0,3.0,5.0,5.0,,,,,,,,15.0,1.0,,4.0,,,,1.0,,5.0,1.0,1.0,1.0,1.0,1.0,1.0,1.0,1.0,1.0,1.0,,,,,,,6.0,3.0,3.0,3.0,3.0,5.0,6.0,6.0,4.0,2.0,75.0,75.0,75.0,65.0,65.0,75.0,75.0,75.0,40.0,40.0,1.0,1.0,1.0,2.0,1.0,1.0,2.0,1.0,1.0,2.0,1.0,1.0,2.0,1.0,1.0,1.0,1.0,2.0,1.0,2.0,1.0,1.0,2.0,1.0,2.0,1.0,1.0,2.0,1.0,1.0,1.0,1.0,1.0,1.0,2.0,1.0,1.0,1.0,1.0,2.0
894,5,5,5,3,4,5,5,4,2,2,70.0,,,2.0,,,,,,,6.0,,,,1.0,1.0,,3.0,5.0,5.0,,,,,,,,10.0,,1.0,,,3.0,,1.0,5.0,,1.0,1.0,1.0,1.0,1.0,1.0,1.0,1.0,1.0,1.0,,,,,,,7.0,3.0,4.0,3.0,3.0,5.0,6.0,5.0,4.0,2.0,75.0,70.0,75.0,50.0,60.0,75.0,75.0,60.0,40.0,40.0,2.0,1.0,1.0,1.0,1.0,2.0,1.0,2.0,1.0,1.0,1.0,1.0,1.0,1.0,1.0,2.0,2.0,1.0,2.0,1.0,1.0,1.0,1.0,1.0,1.0,1.0,1.0,2.0,1.0,1.0,2.0,2.0,1.0,1.0,1.0,1.0,1.0,1.0,1.0,1.0
195,5,5,5,5,5,5,5,5,1,1,70.0,,,,,,,,,,,6.0,,,1.0,1.0,,,,,2.0,5.0,5.0,,,,,15.0,1.0,,4.0,,,,1.0,,5.0,,,,,,,,,,,1.0,1.0,1.0,1.0,1.0,1.0,7.0,3.0,3.0,3.0,3.0,5.0,6.0,6.0,4.0,2.0,80.0,80.0,85.0,85.0,80.0,85.0,85.0,80.0,20.0,20.0,1.0,2.0,2.0,2.0,1.0,1.0,1.0,2.0,2.0,2.0,1.0,1.0,2.0,2.0,1.0,1.0,1.0,1.0,2.0,2.0,2.0,1.0,2.0,1.0,1.0,1.0,1.0,1.0,2.0,1.0,1.0,1.0,1.0,1.0,2.0,2.0,1.0,1.0,1.0,1.0
200,2,3,3,1,2,3,3,1,1,1,70.0,,2.0,,,,,,,,6.0,,1.0,54.0,,1.0,,3.0,4.0,5.0,,,,,,,,15.0,1.0,,,,2.0,,1.0,,5.0,,,,,,,,,,,1.0,1.0,1.0,1.0,1.0,1.0,6.0,3.0,2.0,3.0,3.0,5.0,6.0,6.0,3.0,2.0,40.0,50.0,50.0,20.0,30.0,50.0,50.0,20.0,20.0,20.0,2.0,1.0,1.0,2.0,1.0,2.0,2.0,1.0,1.0,2.0,1.0,1.0,1.0,1.0,1.0,1.0,2.0,2.0,1.0,1.0,1.0,1.0,1.0,1.0,1.0,1.0,1.0,2.0,1.0,1.0,2.0,1.0,1.0,1.0,1.0,1.0,1.0,2.0,1.0,1.0
789,2,3,3,2,3,3,3,2,4,3,,30.0,,2.0,,,,,,,,6.0,,,1.0,,2.0,,,,2.0,4.0,5.0,,,,,15.0,,1.0,,3.0,,1.0,,,5.0,,,,,,,,,,,1.0,1.0,1.0,1.0,1.0,1.0,6.0,3.0,2.0,2.0,3.0,5.0,6.0,6.0,3.0,2.0,40.0,50.0,50.0,40.0,50.0,50.0,50.0,40.0,60.0,50.0,2.0,1.0,2.0,1.0,1.0,1.0,1.0,2.0,2.0,1.0,1.0,1.0,2.0,2.0,1.0,1.0,2.0,2.0,1.0,1.0,1.0,2.0,1.0,1.0,1.0,2.0,2.0,2.0,1.0,2.0,1.0,1.0,1.0,2.0,2.0,2.0,1.0,1.0,2.0,2.0
373,5,5,5,5,5,5,5,5,1,1,70.0,,,,,,,,,,,,,,1.0,1.0,,,,,3.0,5.0,6.0,,,,,5.0,,,,,,1.0,,,6.0,,,,,,,,,,,,,,,,,7.0,3.0,2.0,2.0,3.0,5.0,6.0,6.0,4.0,,,,,,,,,,,,,,,,,,,,,,,,,,,,,,,,,,,,,,,,,,,,,,,,,,,
1595,5,5,5,5,5,5,5,5,2,2,,30.0,5.0,,5.0,4.0,2.0,,,,,6.0,1.0,54.0,,1.0,,3.0,5.0,5.0,,,,,,,15.0,,,1.0,,,2.0,,1.0,,5.0,,,,,,,,,,,1.0,1.0,1.0,1.0,1.0,1.0,7.0,3.0,3.0,3.0,3.0,5.0,6.0,6.0,3.0,2.0,75.0,75.0,80.0,80.0,75.0,80.0,80.0,75.0,40.0,40.0,2.0,1.0,1.0,2.0,1.0,2.0,2.0,2.0,1.0,1.0,2.0,1.0,2.0,2.0,1.0,1.0,2.0,1.0,2.0,1.0,1.0,2.0,1.0,1.0,1.0,1.0,1.0,1.0,1.0,1.0,2.0,1.0,1.0,2.0,1.0,1.0,1.0,1.0,1.0,1.0
1600,5,5,5,5,5,5,5,5,1,1,,30.0,,,4.0,3.0,2.0,,,,6.0,,1.0,54.0,,1.0,,2.0,5.0,5.0,,,,,,,15.0,,,1.0,,3.0,,,1.0,,5.0,,,,,,,,,,,1.0,1.0,1.0,1.0,1.0,1.0,6.0,2.0,3.0,3.0,3.0,5.0,6.0,6.0,4.0,2.0,85.0,80.0,85.0,85.0,85.0,85.0,85.0,80.0,20.0,20.0,2.0,2.0,2.0,1.0,2.0,2.0,2.0,1.0,1.0,1.0,2.0,1.0,2.0,2.0,1.0,2.0,1.0,2.0,1.0,2.0,1.0,1.0,1.0,2.0,1.0,2.0,2.0,2.0,1.0,1.0,1.0,1.0,1.0,1.0,2.0,1.0,2.0,1.0,2.0,2.0
1389,5,5,5,5,5,5,5,5,1,1,70.0,,,2.0,5.0,4.0,2.0,,,,,6.0,1.0,54.0,,1.0,,,,,2.0,5.0,5.0,,,,,15.0,1.0,,4.0,,,,1.0,5.0,,1.0,1.0,1.0,1.0,1.0,1.0,1.0,1.0,1.0,1.0,,,,,,,6.0,3.0,2.0,2.0,3.0,5.0,6.0,6.0,4.0,2.0,85.0,85.0,85.0,85.0,85.0,85.0,85.0,85.0,15.0,15.0,2.0,2.0,2.0,1.0,1.0,2.0,2.0,2.0,1.0,2.0,2.0,2.0,2.0,2.0,1.0,2.0,1.0,1.0,1.0,2.0,2.0,2.0,1.0,1.0,2.0,2.0,2.0,1.0,2.0,2.0,1.0,2.0,2.0,1.0,2.0,1.0,2.0,1.0,2.0,1.0
1773,5,5,5,5,5,5,5,4,2,3,,30.0,,2.0,,,,,,,6.0,,,,1.0,,2.0,3.0,5.0,5.0,,,,,,,,15.0,1.0,,4.0,,,,1.0,,5.0,1.0,1.0,1.0,1.0,1.0,1.0,1.0,1.0,1.0,1.0,,,,,,,6.0,3.0,2.0,2.0,3.0,5.0,6.0,6.0,4.0,,,,,,,,,,,,1.0,1.0,2.0,1.0,1.0,1.0,1.0,2.0,2.0,2.0,2.0,2.0,1.0,1.0,1.0,2.0,1.0,1.0,1.0,1.0,1.0,1.0,1.0,1.0,1.0,1.0,2.0,1.0,2.0,1.0,1.0,1.0,1.0,1.0,2.0,2.0,1.0,1.0,2.0,1.0
1968,5,5,5,5,5,5,5,5,1,1,,30.0,1.0,,5.0,4.0,2.0,,,,6.0,,1.0,54.0,,,2.0,3.0,5.0,5.0,,,,,,,15.0,,1.0,,,3.0,,,1.0,5.0,,,,,,,,,,,,1.0,1.0,1.0,1.0,1.0,1.0,7.0,2.0,3.0,3.0,3.0,6.0,6.0,6.0,4.0,2.0,80.0,85.0,90.0,90.0,85.0,90.0,90.0,80.0,20.0,20.0,1.0,2.0,2.0,1.0,2.0,2.0,2.0,1.0,1.0,1.0,2.0,1.0,1.0,1.0,1.0,1.0,1.0,1.0,1.0,2.0,2.0,2.0,2.0,1.0,1.0,1.0,1.0,2.0,1.0,1.0,1.0,1.0,2.0,2.0,1.0,1.0,2.0,2.0,1.0,2.0
77,2,3,3,2,3,4,4,2,4,3,,30.0,,,,,,,,,6.0,,1.0,54.0,,1.0,,,,,,,,2.0,4.0,5.0,,10.0,1.0,,,,3.0,,1.0,,5.0,,,,,,,,,,,1.0,1.0,1.0,1.0,1.0,1.0,7.0,3.0,2.0,3.0,3.0,5.0,6.0,6.0,3.0,2.0,50.0,45.0,45.0,40.0,45.0,55.0,55.0,40.0,55.0,45.0,1.0,2.0,2.0,1.0,2.0,1.0,2.0,1.0,2.0,1.0,1.0,2.0,1.0,2.0,1.0,1.0,2.0,2.0,1.0,1.0,1.0,1.0,1.0,2.0,1.0,2.0,1.0,2.0,2.0,1.0,2.0,1.0,1.0,1.0,2.0,1.0,2.0,2.0,1.0,2.0
992,5,5,5,4,4,5,5,5,2,2,70.0,,5.0,,,,,,,,6.0,,,,1.0,,2.0,3.0,5.0,5.0,,,,,,,,12.0,1.0,,4.0,,,,1.0,5.0,,,,,,,,,,,,1.0,1.0,1.0,1.0,1.0,1.0,6.0,3.0,3.0,3.0,3.0,5.0,6.0,6.0,4.0,,,,,,,,,,,,1.0,1.0,1.0,1.0,1.0,1.0,2.0,2.0,1.0,1.0,2.0,2.0,1.0,2.0,1.0,1.0,2.0,1.0,1.0,1.0,,,,,,,,,,,,,,,,,,,,
2006,2,3,3,1,2,2,3,1,1,1,70.0,,2.0,,,,,5.0,4.0,2.0,,6.0,1.0,54.0,,,2.0,,,,,,,2.0,4.0,5.0,15.0,,,1.0,,,2.0,,1.0,5.0,,1.0,1.0,1.0,1.0,1.0,1.0,1.0,1.0,1.0,1.0,,,,,,,6.0,3.0,3.0,3.0,3.0,5.0,6.0,6.0,3.0,,,,,,,,,,,,1.0,2.0,1.0,1.0,1.0,2.0,1.0,1.0,2.0,2.0,1.0,1.0,2.0,1.0,1.0,1.0,1.0,1.0,2.0,2.0,1.0,2.0,1.0,1.0,1.0,2.0,1.0,2.0,1.0,1.0,2.0,1.0,2.0,1.0,1.0,1.0,1.0,1.0,2.0,2.0
275,5,5,5,5,5,5,5,5,2,2,70.0,,,2.0,5.0,4.0,2.0,,,,,6.0,1.0,54.0,,1.0,,3.0,5.0,5.0,,,,,,,,10.0,,2.0,,3.0,,,1.0,,5.0,1.0,1.0,1.0,1.0,1.0,1.0,1.0,1.0,1.0,1.0,,,,,,,6.0,3.0,3.0,3.0,3.0,5.0,6.0,6.0,4.0,2.0,75.0,70.0,80.0,75.0,70.0,75.0,80.0,70.0,40.0,40.0,1.0,1.0,1.0,1.0,2.0,2.0,2.0,1.0,1.0,2.0,2.0,1.0,2.0,1.0,1.0,1.0,2.0,1.0,2.0,1.0,2.0,1.0,1.0,2.0,1.0,1.0,1.0,1.0,2.0,2.0,1.0,1.0,1.0,1.0,1.0,1.0,1.0,1.0,1.0,1.0
306,5,5,5,4,4,5,5,5,1,1,,30.0,5.0,,5.0,4.0,2.0,,,,,6.0,,,1.0,,2.0,2.0,5.0,5.0,,,,,,,15.0,,,1.0,,,2.0,,1.0,,5.0,1.0,1.0,1.0,1.0,1.0,1.0,1.0,1.0,1.0,1.0,,,,,,,6.0,3.0,3.0,3.0,3.0,5.0,6.0,6.0,3.0,2.0,75.0,75.0,75.0,65.0,65.0,75.0,75.0,75.0,25.0,25.0,2.0,2.0,2.0,1.0,2.0,2.0,2.0,2.0,1.0,2.0,2.0,2.0,2.0,2.0,2.0,2.0,2.0,1.0,2.0,1.0,2.0,1.0,1.0,2.0,2.0,2.0,2.0,2.0,1.0,1.0,2.0,2.0,2.0,2.0,2.0,1.0,2.0,2.0,2.0,2.0
469,4,4,4,2,3,4,4,3,2,2,70.0,,,2.0,,,,,,,,6.0,,,1.0,1.0,,3.0,4.0,5.0,,,,,,,15.0,,1.0,,,4.0,,1.0,,5.0,,1.0,1.0,1.0,1.0,1.0,1.0,1.0,1.0,1.0,1.0,,,,,,,6.0,3.0,3.0,3.0,3.0,5.0,6.0,6.0,4.0,2.0,65.0,60.0,60.0,40.0,50.0,60.0,60.0,50.0,40.0,40.0,1.0,1.0,1.0,1.0,1.0,1.0,2.0,1.0,1.0,1.0,1.0,1.0,1.0,1.0,1.0,1.0,1.0,1.0,1.0,1.0,1.0,1.0,1.0,1.0,1.0,1.0,1.0,1.0,1.0,1.0,1.0,1.0,1.0,1.0,1.0,1.0,1.0,2.0,1.0,1.0
1675,5,5,5,4,4,5,5,5,2,2,70.0,,5.0,,5.0,4.0,2.0,,,,,6.0,1.0,54.0,,1.0,,2.0,5.0,5.0,,,,,,,15.0,,1.0,,,,2.0,1.0,,5.0,,,,,,,,,,,,1.0,1.0,1.0,1.0,1.0,1.0,7.0,3.0,3.0,3.0,3.0,5.0,6.0,6.0,3.0,,,,,,,,,,,,2.0,1.0,1.0,1.0,1.0,2.0,2.0,1.0,1.0,1.0,2.0,2.0,1.0,1.0,1.0,1.0,1.0,2.0,2.0,1.0,1.0,1.0,1.0,1.0,1.0,1.0,1.0,1.0,1.0,1.0,1.0,1.0,1.0,1.0,1.0,1.0,1.0,2.0,1.0,1.0
1706,4,4,4,2,3,4,4,3,2,3,,30.0,,2.0,,,,,,,,6.0,,,1.0,1.0,,3.0,4.0,5.0,,,,,,,15.0,,,1.0,,4.0,,,1.0,,5.0,1.0,1.0,1.0,1.0,1.0,1.0,1.0,1.0,1.0,1.0,,,,,,,6.0,3.0,2.0,3.0,3.0,5.0,6.0,6.0,3.0,,,,,,,,,,,,1.0,1.0,2.0,2.0,1.0,1.0,1.0,1.0,1.0,1.0,2.0,2.0,1.0,1.0,1.0,1.0,1.0,2.0,2.0,1.0,1.0,1.0,2.0,1.0,1.0,1.0,1.0,2.0,1.0,1.0,1.0,1.0,1.0,1.0,1.0,1.0,1.0,2.0,1.0,1.0
1493,5,5,5,5,5,5,5,5,1,2,70.0,,5.0,,,,,5.0,4.0,2.0,6.0,,,,1.0,,2.0,3.0,5.0,5.0,,,,,,,15.0,,,1.0,4.0,,,,1.0,5.0,,,,,,,,,,,,1.0,1.0,1.0,1.0,1.0,1.0,6.0,3.0,3.0,3.0,3.0,5.0,6.0,6.0,4.0,,,,,,,,,,,,1.0,1.0,1.0,2.0,1.0,2.0,1.0,2.0,2.0,1.0,1.0,1.0,1.0,1.0,2.0,1.0,2.0,1.0,1.0,1.0,2.0,1.0,1.0,2.0,1.0,1.0,1.0,1.0,1.0,2.0,1.0,1.0,1.0,2.0,1.0,1.0,2.0,1.0,1.0,1.0
1069,1,2,2,1,2,2,2,1,1,1,,30.0,,1.0,5.0,4.0,2.0,,,,,6.0,,,1.0,,2.0,,,,,,,1.0,4.0,4.0,15.0,,,1.0,2.0,,,1.0,,,5.0,,,,,,,,,,,1.0,1.0,1.0,1.0,1.0,1.0,6.0,2.0,1.0,3.0,3.0,5.0,6.0,6.0,3.0,,,,,,,,,,,,2.0,2.0,1.0,2.0,2.0,2.0,1.0,1.0,2.0,1.0,1.0,2.0,1.0,2.0,2.0,2.0,2.0,1.0,2.0,1.0,1.0,2.0,1.0,1.0,2.0,1.0,1.0,1.0,1.0,1.0,2.0,1.0,2.0,1.0,1.0,2.0,2.0,2.0,2.0,2.0
953,2,3,3,1,2,3,3,2,1,2,40.0,,,2.0,,,,,,,,6.0,,,1.0,1.0,,2.0,4.0,4.0,,,,,,,15.0,,1.0,,4.0,,,,1.0,5.0,,,,,,,,,,,,1.0,1.0,1.0,1.0,1.0,1.0,7.0,3.0,3.0,3.0,3.0,6.0,6.0,6.0,4.0,2.0,40.0,50.0,50.0,20.0,30.0,50.0,50.0,40.0,20.0,30.0,2.0,1.0,1.0,2.0,1.0,2.0,1.0,1.0,2.0,1.0,1.0,1.0,2.0,2.0,2.0,1.0,2.0,2.0,1.0,1.0,1.0,1.0,1.0,2.0,1.0,1.0,1.0,1.0,1.0,2.0,2.0,1.0,2.0,1.0,2.0,2.0,2.0,1.0,2.0,2.0
820,5,5,5,3,4,5,5,4,2,2,70.0,,,2.0,,,,,,,6.0,,,,1.0,1.0,,3.0,5.0,5.0,,,,,,,15.0,,1.0,,,3.0,,1.0,,5.0,,1.0,1.0,1.0,1.0,1.0,1.0,1.0,1.0,1.0,1.0,,,,,,,7.0,3.0,3.0,3.0,3.0,5.0,6.0,6.0,4.0,,,,,,,,,,,,,,,,,,,,,,,,,,,,,,,,,,,,,,,,,,,,,,,,,,,
121,2,4,4,2,3,2,3,2,1,2,,30.0,,2.0,,,,,,,,6.0,1.0,54.0,,,2.0,,,,,,,2.0,4.0,5.0,,10.0,1.0,,4.0,,,1.0,,5.0,,,,,,,,,,,,1.0,1.0,1.0,1.0,1.0,1.0,6.0,2.0,2.0,3.0,3.0,5.0,6.0,6.0,4.0,,,,,,,,,,,,2.0,1.0,1.0,2.0,2.0,2.0,1.0,2.0,1.0,1.0,1.0,2.0,1.0,1.0,2.0,1.0,1.0,1.0,2.0,1.0,2.0,1.0,2.0,2.0,1.0,1.0,2.0,1.0,2.0,1.0,1.0,1.0,2.0,1.0,2.0,1.0,2.0,1.0,2.0,1.0
1452,5,4,5,4,4,5,5,4,2,2,70.0,,5.0,,5.0,4.0,2.0,,,,6.0,,,,1.0,,2.0,,,,,,,2.0,5.0,5.0,,10.0,,1.0,,3.0,,,1.0,5.0,,,,,,,,,,,,1.0,1.0,1.0,1.0,1.0,1.0,7.0,3.0,3.0,3.0,3.0,5.0,6.0,6.0,4.0,2.0,75.0,65.0,80.0,60.0,60.0,75.0,70.0,65.0,40.0,40.0,1.0,1.0,1.0,2.0,2.0,1.0,1.0,1.0,2.0,1.0,1.0,1.0,1.0,1.0,1.0,1.0,1.0,1.0,1.0,1.0,1.0,1.0,2.0,2.0,1.0,1.0,1.0,2.0,2.0,1.0,1.0,1.0,1.0,1.0,2.0,1.0,1.0,1.0,1.0,2.0
1521,5,5,5,5,5,5,5,5,1,1,,30.0,,2.0,5.0,4.0,2.0,,,,,6.0,1.0,54.0,,1.0,,,,,2.0,5.0,6.0,,,,,15.0,,1.0,,3.0,,1.0,,,5.0,,,,,,,,,,,1.0,1.0,1.0,1.0,1.0,1.0,7.0,3.0,3.0,3.0,3.0,5.0,6.0,6.0,4.0,2.0,75.0,70.0,75.0,70.0,70.0,75.0,70.0,65.0,30.0,30.0,2.0,1.0,2.0,1.0,1.0,1.0,1.0,2.0,2.0,1.0,1.0,1.0,2.0,2.0,1.0,1.0,1.0,1.0,2.0,2.0,1.0,1.0,1.0,1.0,2.0,1.0,1.0,1.0,2.0,1.0,1.0,1.0,1.0,2.0,1.0,1.0,1.0,1.0,1.0,1.0
46,1,2,2,1,2,2,2,1,1,1,70.0,,2.0,,,,,5.0,4.0,2.0,6.0,,1.0,54.0,,,2.0,1.0,1.0,1.0,,,,,,,,15.0,,2.0,,4.0,,,1.0,1.0,,1.0,1.0,1.0,1.0,1.0,1.0,1.0,1.0,1.0,1.0,,,,,,,5.0,2.0,2.0,2.0,3.0,5.0,5.0,5.0,2.0,,,,,,,,,,,,1.0,2.0,1.0,2.0,2.0,1.0,1.0,2.0,1.0,1.0,1.0,2.0,1.0,1.0,1.0,2.0,1.0,2.0,1.0,1.0,1.0,2.0,2.0,1.0,1.0,1.0,2.0,2.0,1.0,1.0,2.0,1.0,1.0,1.0,2.0,1.0,2.0,1.0,1.0,2.0
2037,2,3,3,1,2,2,3,2,1,1,,30.0,,2.0,,,,,,,,6.0,,,1.0,,2.0,2.0,4.0,5.0,,,,,,,,10.0,,1.0,4.0,,,,1.0,,5.0,1.0,1.0,1.0,1.0,1.0,1.0,1.0,1.0,1.0,1.0,,,,,,,6.0,3.0,2.0,3.0,3.0,5.0,6.0,5.0,4.0,2.0,40.0,50.0,50.0,20.0,30.0,30.0,50.0,30.0,20.0,20.0,1.0,2.0,1.0,2.0,1.0,1.0,1.0,2.0,1.0,1.0,1.0,1.0,1.0,1.0,2.0,1.0,2.0,1.0,1.0,1.0,1.0,1.0,1.0,1.0,1.0,1.0,1.0,1.0,1.0,2.0,1.0,2.0,1.0,1.0,1.0,1.0,2.0,1.0,1.0,1.0
1959,4,4,5,3,4,4,4,3,2,2,,30.0,,2.0,5.0,4.0,2.0,,,,,6.0,1.0,54.0,,1.0,,,,,,,,2.0,4.0,5.0,15.0,,1.0,,,,3.0,1.0,,,5.0,,,,,,,,,,,1.0,1.0,1.0,1.0,1.0,1.0,6.0,3.0,2.0,3.0,3.0,5.0,6.0,5.0,3.0,,,,,,,,,,,,1.0,1.0,1.0,2.0,2.0,1.0,1.0,1.0,1.0,2.0,1.0,1.0,1.0,2.0,1.0,1.0,1.0,1.0,1.0,1.0,2.0,2.0,1.0,1.0,2.0,1.0,1.0,2.0,1.0,1.0,1.0,1.0,1.0,1.0,2.0,1.0,1.0,1.0,1.0,2.0
1644,5,5,5,5,5,5,5,5,2,2,,30.0,5.0,,,,,5.0,4.0,2.0,,6.0,,,1.0,1.0,,3.0,5.0,5.0,,,,,,,15.0,,,1.0,,,3.0,,1.0,5.0,,,,,,,,,,,,1.0,1.0,1.0,1.0,1.0,1.0,7.0,3.0,2.0,3.0,3.0,5.0,6.0,6.0,4.0,2.0,75.0,70.0,80.0,75.0,70.0,75.0,80.0,70.0,40.0,40.0,1.0,1.0,1.0,1.0,2.0,2.0,2.0,1.0,1.0,1.0,1.0,1.0,1.0,1.0,1.0,1.0,2.0,1.0,1.0,1.0,1.0,1.0,1.0,1.0,1.0,1.0,1.0,1.0,1.0,1.0,2.0,1.0,2.0,2.0,1.0,1.0,1.0,1.0,2.0,1.0
1737,5,5,5,5,5,5,5,4,1,3,,30.0,5.0,,,,,5.0,4.0,2.0,6.0,,,,1.0,1.0,,3.0,5.0,5.0,,,,,,,15.0,,1.0,,,,4.0,,,,,,,,,,,,,,,,,,,,,,,,,,,,,,2.0,75.0,75.0,75.0,75.0,75.0,75.0,75.0,65.0,25.0,50.0,1.0,1.0,2.0,2.0,1.0,2.0,1.0,1.0,1.0,1.0,2.0,1.0,2.0,1.0,1.0,2.0,2.0,1.0,1.0,1.0,2.0,1.0,2.0,1.0,1.0,1.0,1.0,1.0,1.0,1.0,1.0,1.0,1.0,2.0,1.0,1.0,1.0,2.0,1.0,1.0
1058,5,5,5,5,5,5,5,4,2,2,70.0,,5.0,,5.0,4.0,2.0,,,,6.0,,,,1.0,1.0,,,,,,,,2.0,5.0,5.0,15.0,,,1.0,,3.0,,,1.0,5.0,,,,,,,,,,,,1.0,1.0,1.0,1.0,1.0,1.0,7.0,3.0,3.0,3.0,3.0,5.0,6.0,6.0,4.0,2.0,75.0,80.0,85.0,80.0,80.0,85.0,85.0,70.0,40.0,40.0,1.0,2.0,2.0,1.0,1.0,2.0,2.0,1.0,1.0,1.0,2.0,1.0,1.0,1.0,2.0,2.0,1.0,1.0,2.0,1.0,1.0,1.0,2.0,1.0,1.0,1.0,2.0,2.0,1.0,2.0,1.0,2.0,1.0,1.0,1.0,2.0,2.0,1.0,2.0,2.0
244,2,3,3,2,3,3,3,2,4,3,70.0,,2.0,,,,,5.0,4.0,2.0,6.0,,,,1.0,,2.0,,,,,,,2.0,4.0,5.0,,15.0,,1.0,4.0,,,1.0,,4.0,,,,,,,,,,,,1.0,1.0,1.0,1.0,1.0,1.0,7.0,3.0,3.0,3.0,3.0,5.0,6.0,6.0,4.0,,,,,,,,,,,,1.0,2.0,2.0,1.0,2.0,1.0,2.0,1.0,2.0,1.0,1.0,1.0,2.0,2.0,1.0,1.0,1.0,2.0,2.0,1.0,1.0,1.0,2.0,1.0,1.0,1.0,1.0,2.0,1.0,2.0,1.0,1.0,2.0,1.0,1.0,1.0,2.0,1.0,1.0,1.0
337,2,3,3,2,3,3,3,2,4,3,70.0,,2.0,,,,,,,,6.0,,1.0,54.0,,1.0,,,,,,,,2.0,4.0,5.0,15.0,,,1.0,,,3.0,1.0,,,5.0,1.0,1.0,1.0,1.0,1.0,1.0,1.0,1.0,1.0,1.0,,,,,,,6.0,3.0,3.0,3.0,3.0,5.0,6.0,6.0,3.0,,,,,,,,,,,,1.0,1.0,2.0,1.0,2.0,1.0,2.0,1.0,1.0,1.0,1.0,2.0,1.0,1.0,2.0,1.0,1.0,2.0,2.0,1.0,1.0,1.0,1.0,2.0,1.0,1.0,1.0,2.0,1.0,1.0,1.0,1.0,1.0,1.0,1.0,1.0,2.0,2.0,1.0,1.0
458,5,5,5,3,4,5,5,4,2,3,,30.0,,2.0,,,,,,,,6.0,,,1.0,1.0,,,,,3.0,5.0,5.0,,,,15.0,,1.0,,4.0,,,1.0,,5.0,,1.0,1.0,1.0,1.0,1.0,1.0,1.0,1.0,1.0,1.0,,,,,,,6.0,3.0,3.0,3.0,3.0,5.0,6.0,6.0,3.0,,,,,,,,,,,,1.0,1.0,1.0,2.0,1.0,1.0,1.0,2.0,2.0,1.0,1.0,1.0,1.0,1.0,2.0,1.0,2.0,2.0,2.0,1.0,1.0,1.0,1.0,1.0,1.0,2.0,1.0,1.0,1.0,1.0,1.0,1.0,1.0,1.0,1.0,1.0,1.0,1.0,2.0,1.0
962,4,5,5,5,5,5,5,5,2,2,,30.0,5.0,,5.0,4.0,3.0,,,,,6.0,,,1.0,1.0,,,,,,,,2.0,4.0,5.0,,10.0,1.0,,,3.0,,,1.0,5.0,,,,,,,,,,,,1.0,1.0,1.0,1.0,1.0,1.0,7.0,3.0,3.0,3.0,3.0,5.0,6.0,6.0,3.0,2.0,70.0,80.0,85.0,80.0,75.0,80.0,75.0,70.0,40.0,40.0,1.0,2.0,1.0,1.0,2.0,2.0,1.0,1.0,2.0,1.0,1.0,2.0,2.0,1.0,1.0,2.0,2.0,1.0,1.0,2.0,2.0,1.0,2.0,2.0,1.0,2.0,2.0,1.0,2.0,2.0,1.0,1.0,1.0,1.0,2.0,1.0,2.0,1.0,1.0,1.0
87,5,5,5,4,4,5,5,5,2,2,,20.0,,2.0,,,,,,,,6.0,,,1.0,1.0,,3.0,5.0,5.0,,,,,,,,15.0,,1.0,4.0,,,1.0,,,5.0,1.0,1.0,1.0,1.0,1.0,1.0,1.0,1.0,1.0,1.0,,,,,,,6.0,3.0,3.0,3.0,3.0,5.0,6.0,6.0,4.0,,,,,,,,,,,,2.0,2.0,2.0,1.0,1.0,2.0,1.0,2.0,2.0,2.0,2.0,1.0,2.0,1.0,1.0,1.0,2.0,2.0,2.0,2.0,1.0,1.0,1.0,1.0,1.0,2.0,2.0,1.0,1.0,1.0,2.0,2.0,2.0,1.0,2.0,2.0,1.0,2.0,2.0,2.0
811,4,5,5,3,4,5,5,3,2,2,,30.0,,2.0,,,,,,,,6.0,1.0,54.0,,1.0,,3.0,4.0,5.0,,,,,,,15.0,,1.0,,,,3.0,,1.0,5.0,,,,,,,,,,,,1.0,1.0,1.0,1.0,1.0,1.0,7.0,3.0,2.0,3.0,3.0,5.0,6.0,5.0,4.0,2.0,70.0,80.0,85.0,50.0,65.0,75.0,80.0,50.0,40.0,40.0,1.0,1.0,2.0,2.0,2.0,1.0,1.0,1.0,1.0,2.0,2.0,1.0,1.0,2.0,2.0,1.0,1.0,1.0,1.0,1.0,1.0,1.0,1.0,2.0,1.0,1.0,1.0,1.0,1.0,1.0,2.0,1.0,2.0,1.0,2.0,1.0,1.0,2.0,1.0,1.0
1998,5,5,5,5,5,5,5,5,2,3,,30.0,5.0,,5.0,4.0,2.0,,,,,6.0,1.0,54.0,,,2.0,3.0,5.0,5.0,,,,,,,15.0,,,1.0,,,2.0,1.0,,,5.0,,,,,,,,,,,1.0,1.0,1.0,1.0,1.0,1.0,7.0,3.0,3.0,3.0,3.0,5.0,6.0,6.0,4.0,,,,,,,,,,,,1.0,2.0,1.0,1.0,2.0,1.0,2.0,1.0,2.0,1.0,2.0,2.0,1.0,2.0,1.0,1.0,2.0,1.0,1.0,1.0,2.0,1.0,1.0,2.0,1.0,2.0,1.0,1.0,1.0,2.0,1.0,1.0,1.0,1.0,1.0,1.0,1.0,2.0,2.0,1.0
1463,5,5,5,5,5,5,5,5,2,2,,20.0,,2.0,,,,,,,6.0,,1.0,54.0,,,2.0,,,,3.0,5.0,5.0,,,,15.0,,1.0,,4.0,,,,1.0,,5.0,,,,,,,,,,,1.0,1.0,1.0,1.0,1.0,1.0,7.0,3.0,3.0,3.0,3.0,5.0,6.0,6.0,4.0,2.0,75.0,75.0,80.0,70.0,70.0,75.0,80.0,70.0,40.0,40.0,1.0,2.0,2.0,1.0,1.0,2.0,1.0,1.0,1.0,1.0,2.0,2.0,1.0,1.0,2.0,1.0,1.0,1.0,2.0,1.0,1.0,2.0,1.0,1.0,2.0,2.0,1.0,1.0,1.0,1.0,1.0,1.0,1.0,2.0,2.0,1.0,1.0,1.0,1.0,2.0
1510,5,5,5,3,4,5,5,4,2,2,70.0,,5.0,,5.0,4.0,2.0,,,,,6.0,1.0,54.0,,1.0,,,,,2.0,5.0,5.0,,,,15.0,,,1.0,,2.0,,1.0,,,5.0,1.0,1.0,1.0,1.0,1.0,1.0,1.0,1.0,1.0,1.0,,,,,,,7.0,3.0,3.0,3.0,3.0,5.0,6.0,6.0,4.0,2.0,75.0,75.0,75.0,50.0,60.0,75.0,75.0,60.0,40.0,40.0,1.0,1.0,2.0,1.0,2.0,2.0,1.0,2.0,2.0,1.0,1.0,2.0,2.0,1.0,2.0,1.0,2.0,1.0,1.0,1.0,1.0,1.0,2.0,1.0,2.0,1.0,2.0,2.0,2.0,1.0,1.0,1.0,1.0,2.0,1.0,1.0,2.0,1.0,1.0,1.0
1099,5,5,5,4,4,5,5,5,2,2,,30.0,5.0,,5.0,4.0,2.0,,,,6.0,,1.0,54.0,,,2.0,3.0,5.0,5.0,,,,,,,15.0,,,1.0,,4.0,,1.0,,,5.0,,,,,,,,,,,1.0,1.0,1.0,1.0,1.0,1.0,7.0,3.0,4.0,3.0,3.0,5.0,6.0,6.0,4.0,,,,,,,,,,,,1.0,1.0,1.0,1.0,1.0,1.0,1.0,2.0,1.0,1.0,1.0,1.0,1.0,1.0,2.0,1.0,2.0,1.0,1.0,1.0,1.0,1.0,1.0,2.0,1.0,1.0,1.0,1.0,1.0,1.0,1.0,2.0,1.0,1.0,1.0,2.0,1.0,1.0,1.0,1.0
1685,5,5,5,4,4,5,5,5,2,3,70.0,,,,,,,,,,6.0,,,,1.0,1.0,,3.0,5.0,5.0,,,,,,,15.0,,,1.0,4.0,,,,1.0,,5.0,,,,,,,,,,,1.0,1.0,1.0,1.0,1.0,1.0,6.0,3.0,3.0,3.0,3.0,5.0,6.0,6.0,3.0,,,,,,,,,,,,2.0,1.0,1.0,2.0,2.0,1.0,1.0,1.0,1.0,2.0,1.0,2.0,2.0,2.0,1.0,1.0,1.0,1.0,2.0,2.0,1.0,1.0,1.0,1.0,2.0,2.0,1.0,1.0,1.0,1.0,2.0,1.0,1.0,2.0,1.0,2.0,1.0,1.0,1.0,2.0
110,2,3,3,1,2,2,3,1,4,1,,30.0,2.0,,5.0,4.0,2.0,,,,,6.0,1.0,54.0,,,2.0,,,,3.0,4.0,5.0,,,,,12.0,,1.0,,4.0,,1.0,,,5.0,1.0,1.0,1.0,1.0,1.0,1.0,1.0,1.0,1.0,1.0,,,,,,,6.0,3.0,3.0,3.0,3.0,5.0,6.0,6.0,3.0,2.0,40.0,50.0,50.0,30.0,40.0,40.0,50.0,30.0,60.0,30.0,1.0,2.0,1.0,2.0,2.0,1.0,2.0,2.0,1.0,1.0,1.0,1.0,1.0,2.0,1.0,1.0,1.0,2.0,1.0,2.0,1.0,1.0,1.0,1.0,1.0,2.0,1.0,2.0,1.0,1.0,2.0,1.0,1.0,1.0,1.0,2.0,1.0,1.0,1.0,2.0
499,5,5,5,5,5,5,5,5,2,2,70.0,,5.0,,,,,5.0,4.0,2.0,6.0,,1.0,54.0,,1.0,,3.0,5.0,5.0,,,,,,,,10.0,1.0,,4.0,,,1.0,,,5.0,,,,,,,,,,,1.0,1.0,1.0,1.0,1.0,1.0,7.0,3.0,3.0,3.0,3.0,5.0,6.0,6.0,4.0,2.0,75.0,75.0,80.0,80.0,80.0,80.0,80.0,75.0,40.0,40.0,2.0,1.0,1.0,2.0,1.0,1.0,1.0,2.0,1.0,1.0,2.0,1.0,1.0,1.0,1.0,2.0,1.0,2.0,1.0,1.0,1.0,1.0,1.0,2.0,1.0,1.0,2.0,2.0,1.0,1.0,2.0,1.0,1.0,1.0,2.0,1.0,1.0,1.0,1.0,1.0
285,4,4,4,2,3,4,4,3,2,2,70.0,,5.0,,,,,5.0,4.0,2.0,6.0,,1.0,54.0,,,2.0,,,,,,,3.0,4.0,5.0,15.0,,,1.0,4.0,,,1.0,,,5.0,,,,,,,,,,,1.0,1.0,1.0,1.0,1.0,1.0,6.0,3.0,3.0,3.0,3.0,5.0,6.0,6.0,4.0,2.0,65.0,60.0,60.0,40.0,45.0,60.0,60.0,45.0,35.0,35.0,2.0,1.0,1.0,2.0,1.0,2.0,1.0,1.0,1.0,1.0,1.0,2.0,2.0,1.0,1.0,1.0,1.0,1.0,2.0,1.0,1.0,2.0,1.0,2.0,2.0,1.0,1.0,1.0,1.0,1.0,2.0,1.0,1.0,2.0,1.0,1.0,1.0,1.0,1.0,1.0
917,5,5,5,5,5,5,5,5,1,2,,30.0,,2.0,,,,,,,,6.0,,,1.0,,2.0,3.0,5.0,5.0,,,,,,,10.0,,1.0,,3.0,,,,1.0,,5.0,1.0,1.0,1.0,1.0,1.0,1.0,1.0,1.0,1.0,1.0,,,,,,,6.0,3.0,3.0,3.0,3.0,5.0,6.0,6.0,4.0,,,,,,,,,,,,2.0,1.0,2.0,1.0,2.0,1.0,1.0,1.0,2.0,2.0,1.0,1.0,2.0,2.0,1.0,1.0,1.0,2.0,2.0,1.0,1.0,1.0,1.0,1.0,1.0,1.0,1.0,1.0,2.0,1.0,1.0,1.0,1.0,1.0,1.0,2.0,1.0,2.0,1.0,1.0
864,4,4,4,1,2,3,4,1,1,2,70.0,,,,,,,,,,,6.0,,,1.0,1.0,,,,,,,,2.0,4.0,5.0,15.0,,1.0,,4.0,,,1.0,,,5.0,1.0,1.0,1.0,1.0,1.0,1.0,1.0,1.0,1.0,1.0,,,,,,,,,,,,,,,,,,,,,,,,,,,2.0,1.0,2.0,1.0,2.0,1.0,1.0,2.0,2.0,1.0,2.0,1.0,1.0,2.0,2.0,1.0,1.0,1.0,2.0,1.0,1.0,1.0,1.0,1.0,2.0,1.0,1.0,2.0,1.0,1.0,1.0,1.0,2.0,1.0,1.0,1.0,1.0,1.0,2.0,1.0
1379,5,5,5,5,5,5,5,5,1,2,70.0,,5.0,,,,,5.0,4.0,2.0,6.0,,1.0,54.0,,,2.0,,,,,,,2.0,5.0,5.0,,15.0,1.0,,,,3.0,1.0,,,5.0,1.0,1.0,1.0,1.0,1.0,1.0,1.0,1.0,1.0,1.0,,,,,,,6.0,3.0,3.0,3.0,3.0,5.0,6.0,6.0,4.0,2.0,80.0,80.0,80.0,80.0,80.0,80.0,80.0,80.0,20.0,30.0,1.0,1.0,1.0,2.0,2.0,1.0,1.0,1.0,1.0,1.0,1.0,1.0,1.0,1.0,1.0,1.0,1.0,1.0,1.0,1.0,1.0,1.0,1.0,1.0,1.0,1.0,1.0,2.0,2.0,1.0,2.0,1.0,1.0,1.0,1.0,2.0,2.0,2.0,1.0,1.0
1783,4,4,4,2,3,4,4,3,2,2,,30.0,2.0,,5.0,4.0,2.0,,,,6.0,,1.0,54.0,,1.0,,,,,,,,2.0,4.0,5.0,,12.0,1.0,,,3.0,,1.0,,4.0,,1.0,1.0,1.0,1.0,1.0,1.0,1.0,1.0,1.0,1.0,,,,,,,6.0,3.0,2.0,3.0,3.0,5.0,6.0,5.0,4.0,2.0,65.0,60.0,60.0,40.0,50.0,60.0,60.0,50.0,40.0,40.0,2.0,1.0,2.0,1.0,2.0,1.0,1.0,1.0,2.0,1.0,1.0,1.0,1.0,1.0,1.0,1.0,2.0,1.0,2.0,1.0,1.0,1.0,1.0,2.0,1.0,1.0,2.0,1.0,1.0,1.0,1.0,1.0,1.0,2.0,1.0,1.0,1.0,1.0,2.0,1.0
1416,2,3,3,1,2,3,3,1,1,1,70.0,,,2.0,5.0,4.0,2.0,,,,6.0,,,,1.0,,2.0,2.0,4.0,5.0,,,,,,,15.0,,1.0,,,4.0,,1.0,,5.0,,,,,,,,,,,,1.0,1.0,1.0,1.0,1.0,1.0,6.0,3.0,3.0,3.0,3.0,5.0,5.0,5.0,4.0,,,,,,,,,,,,1.0,1.0,2.0,1.0,2.0,1.0,1.0,2.0,2.0,1.0,1.0,2.0,2.0,1.0,1.0,1.0,1.0,1.0,1.0,1.0,2.0,1.0,2.0,1.0,1.0,2.0,2.0,1.0,2.0,2.0,1.0,1.0,1.0,2.0,1.0,1.0,1.0,1.0,1.0,1.0
1565,5,5,5,5,5,5,5,5,1,1,,30.0,,2.0,5.0,4.0,2.0,,,,6.0,,,,1.0,,2.0,,,,2.0,5.0,5.0,,,,,15.0,,1.0,4.0,,,1.0,,5.0,,,,,,,,,,,,1.0,1.0,1.0,1.0,1.0,1.0,7.0,3.0,2.0,2.0,3.0,6.0,6.0,6.0,,,,,,,,,,,,,1.0,1.0,1.0,1.0,1.0,1.0,1.0,2.0,1.0,2.0,1.0,1.0,2.0,1.0,1.0,2.0,2.0,1.0,1.0,2.0,1.0,1.0,1.0,1.0,1.0,1.0,1.0,2.0,1.0,1.0,2.0,1.0,1.0,1.0,2.0,2.0,1.0,1.0,2.0,1.0
779,5,5,5,5,5,5,5,5,2,2,,30.0,5.0,,,,,5.0,4.0,2.0,,6.0,,,1.0,,2.0,3.0,5.0,5.0,,,,,,,15.0,,1.0,,,4.0,,1.0,,5.0,,,,,,,,,,,,1.0,1.0,1.0,1.0,1.0,1.0,7.0,3.0,3.0,3.0,3.0,5.0,6.0,6.0,4.0,2.0,75.0,80.0,85.0,80.0,75.0,85.0,80.0,70.0,40.0,40.0,2.0,1.0,1.0,1.0,2.0,2.0,1.0,2.0,1.0,1.0,1.0,2.0,2.0,1.0,1.0,1.0,1.0,2.0,2.0,2.0,1.0,1.0,2.0,2.0,1.0,2.0,1.0,2.0,1.0,1.0,2.0,2.0,2.0,2.0,1.0,2.0,1.0,1.0,2.0,1.0
383,2,3,3,1,2,3,3,2,1,1,,30.0,2.0,,,,,5.0,4.0,2.0,6.0,,,,1.0,,2.0,,,,,,,2.0,4.0,5.0,,10.0,1.0,,,,3.0,,1.0,,5.0,1.0,1.0,1.0,1.0,1.0,1.0,1.0,1.0,1.0,1.0,,,,,,,6.0,3.0,3.0,3.0,3.0,5.0,6.0,6.0,4.0,2.0,40.0,50.0,50.0,20.0,30.0,50.0,50.0,40.0,20.0,20.0,2.0,1.0,2.0,1.0,2.0,2.0,1.0,2.0,1.0,2.0,1.0,2.0,2.0,1.0,2.0,1.0,2.0,1.0,1.0,2.0,2.0,1.0,2.0,1.0,2.0,1.0,1.0,2.0,2.0,1.0,1.0,2.0,2.0,1.0,1.0,2.0,1.0,1.0,1.0,2.0
165,2,3,3,2,3,4,4,3,2,2,,30.0,5.0,,5.0,4.0,2.0,,,,,6.0,,,1.0,,2.0,,,,3.0,4.0,5.0,,,,,15.0,1.0,,,3.0,,,1.0,,5.0,,,,,,,,,,,1.0,1.0,1.0,1.0,1.0,1.0,6.0,3.0,3.0,3.0,3.0,5.0,6.0,6.0,3.0,,,,,,,,,,,,1.0,2.0,2.0,2.0,2.0,1.0,2.0,2.0,1.0,1.0,1.0,1.0,2.0,2.0,1.0,1.0,2.0,1.0,2.0,1.0,1.0,1.0,1.0,1.0,1.0,2.0,1.0,2.0,1.0,1.0,1.0,2.0,1.0,2.0,1.0,2.0,2.0,1.0,1.0,2.0
2042,5,5,5,4,4,5,5,5,2,2,70.0,,,2.0,,,,,,,,6.0,,,1.0,1.0,,,,,,,,2.0,5.0,5.0,15.0,,1.0,,,3.0,,,1.0,,5.0,1.0,1.0,1.0,1.0,1.0,1.0,1.0,1.0,1.0,1.0,,,,,,,7.0,3.0,3.0,3.0,3.0,5.0,6.0,6.0,4.0,2.0,75.0,75.0,75.0,60.0,60.0,75.0,75.0,75.0,40.0,40.0,1.0,1.0,2.0,1.0,1.0,2.0,2.0,1.0,2.0,1.0,2.0,2.0,2.0,2.0,2.0,1.0,1.0,2.0,2.0,1.0,1.0,1.0,1.0,1.0,1.0,1.0,1.0,1.0,1.0,2.0,2.0,1.0,1.0,1.0,1.0,1.0,1.0,1.0,1.0,1.0
7,5,5,5,5,5,5,5,5,1,1,,30.0,,2.0,,,,,,,6.0,,,,1.0,,2.0,,,,2.0,5.0,5.0,,,,15.0,,1.0,,,,3.0,1.0,,5.0,,,,,,,,,,,,1.0,1.0,1.0,1.0,1.0,1.0,7.0,3.0,3.0,3.0,3.0,5.0,6.0,6.0,4.0,2.0,75.0,75.0,80.0,80.0,80.0,80.0,80.0,75.0,25.0,25.0,1.0,1.0,2.0,1.0,2.0,2.0,1.0,1.0,2.0,1.0,2.0,1.0,1.0,1.0,1.0,1.0,2.0,1.0,1.0,1.0,1.0,1.0,1.0,1.0,1.0,1.0,2.0,2.0,1.0,2.0,1.0,1.0,1.0,2.0,1.0,1.0,1.0,2.0,1.0,1.0
33,5,5,5,4,4,5,5,5,2,3,70.0,,,2.0,,,,,,,6.0,,,,1.0,,2.0,,,,3.0,5.0,5.0,,,,,12.0,1.0,,,,3.0,1.0,,5.0,,,,,,,,,,,,1.0,1.0,1.0,1.0,1.0,1.0,7.0,3.0,3.0,3.0,3.0,5.0,6.0,6.0,4.0,,,,,,,,,,,,1.0,1.0,1.0,2.0,1.0,2.0,1.0,2.0,1.0,1.0,1.0,1.0,2.0,2.0,2.0,1.0,1.0,1.0,1.0,2.0,,,,,,,,,,,,,,,,,,,,
1631,2,3,3,1,2,2,3,1,4,2,,30.0,,2.0,,,,,,,6.0,,,,1.0,1.0,,3.0,4.0,5.0,,,,,,,15.0,,,1.0,4.0,,,1.0,,4.0,,1.0,1.0,1.0,1.0,1.0,1.0,1.0,1.0,1.0,1.0,,,,,,,6.0,3.0,2.0,2.0,3.0,5.0,6.0,6.0,3.0,2.0,40.0,50.0,50.0,20.0,30.0,30.0,50.0,20.0,60.0,30.0,2.0,1.0,2.0,1.0,1.0,1.0,2.0,1.0,1.0,2.0,2.0,1.0,1.0,2.0,1.0,1.0,1.0,1.0,2.0,1.0,2.0,1.0,2.0,2.0,1.0,2.0,1.0,2.0,2.0,1.0,2.0,2.0,1.0,2.0,1.0,1.0,1.0,2.0,1.0,2.0
1742,2,3,3,2,3,4,4,2,2,3,70.0,,5.0,,,,,5.0,4.0,2.0,,6.0,1.0,54.0,,1.0,,2.0,4.0,5.0,,,,,,,,15.0,,1.0,,4.0,,,1.0,,5.0,,,,,,,,,,,1.0,1.0,1.0,1.0,1.0,1.0,7.0,3.0,2.0,3.0,3.0,5.0,6.0,5.0,3.0,2.0,60.0,50.0,50.0,40.0,50.0,60.0,60.0,40.0,40.0,50.0,2.0,2.0,2.0,2.0,2.0,2.0,2.0,2.0,1.0,2.0,1.0,2.0,1.0,1.0,1.0,2.0,1.0,1.0,1.0,2.0,1.0,2.0,2.0,2.0,1.0,2.0,1.0,2.0,1.0,2.0,1.0,1.0,1.0,1.0,2.0,1.0,1.0,2.0,1.0,1.0
231,1,2,2,1,2,2,3,1,1,1,,30.0,2.0,,,,,3.0,4.0,2.0,6.0,,1.0,54.0,,,2.0,,,,2.0,4.0,5.0,,,,,10.0,1.0,,,,2.0,,1.0,5.0,,1.0,1.0,1.0,1.0,1.0,1.0,1.0,1.0,1.0,1.0,,,,,,,6.0,3.0,2.0,2.0,3.0,5.0,6.0,6.0,3.0,2.0,20.0,30.0,30.0,15.0,25.0,25.0,40.0,15.0,15.0,15.0,2.0,1.0,1.0,2.0,1.0,2.0,2.0,1.0,1.0,1.0,1.0,1.0,1.0,2.0,2.0,1.0,2.0,1.0,1.0,2.0,1.0,1.0,1.0,2.0,1.0,1.0,2.0,2.0,2.0,1.0,1.0,2.0,2.0,2.0,1.0,1.0,1.0,1.0,1.0,1.0
342,5,5,5,4,4,5,5,5,2,2,70.0,,,2.0,5.0,4.0,3.0,,,,6.0,,1.0,54.0,,1.0,,3.0,5.0,5.0,,,,,,,15.0,,1.0,,,3.0,,,1.0,5.0,,,,,,,,,,,,1.0,1.0,1.0,1.0,1.0,1.0,7.0,3.0,3.0,3.0,3.0,5.0,6.0,6.0,4.0,2.0,75.0,75.0,80.0,65.0,65.0,80.0,75.0,70.0,30.0,30.0,1.0,2.0,1.0,2.0,2.0,1.0,1.0,2.0,1.0,2.0,2.0,1.0,1.0,1.0,2.0,1.0,1.0,2.0,1.0,2.0,2.0,1.0,1.0,1.0,2.0,1.0,1.0,1.0,2.0,1.0,2.0,1.0,1.0,1.0,2.0,1.0,2.0,2.0,1.0,1.0
1200,2,3,3,1,2,2,3,1,1,1,,30.0,,2.0,,,,,,,,6.0,1.0,54.0,,1.0,,3.0,4.0,5.0,,,,,,,15.0,,1.0,,4.0,,,1.0,,,5.0,,,,,,,,,,,1.0,1.0,1.0,1.0,1.0,1.0,6.0,3.0,2.0,3.0,3.0,5.0,6.0,5.0,4.0,2.0,40.0,50.0,50.0,20.0,30.0,30.0,50.0,20.0,20.0,20.0,2.0,1.0,1.0,2.0,2.0,1.0,1.0,1.0,2.0,1.0,1.0,1.0,1.0,1.0,1.0,2.0,1.0,2.0,1.0,1.0,1.0,1.0,1.0,2.0,1.0,2.0,1.0,1.0,2.0,1.0,1.0,1.0,2.0,1.0,1.0,1.0,1.0,1.0,1.0,2.0
1789,4,4,4,2,3,4,4,3,2,2,70.0,,,2.0,,,,,,,,6.0,,,1.0,1.0,,2.0,4.0,5.0,,,,,,,,15.0,,1.0,4.0,,,1.0,,,5.0,1.0,1.0,1.0,1.0,1.0,1.0,1.0,1.0,1.0,1.0,,,,,,,6.0,3.0,3.0,3.0,3.0,5.0,6.0,6.0,4.0,,,,,,,,,,,,1.0,1.0,2.0,2.0,1.0,2.0,1.0,2.0,1.0,1.0,1.0,1.0,1.0,1.0,1.0,2.0,1.0,2.0,1.0,2.0,1.0,1.0,1.0,1.0,1.0,1.0,2.0,1.0,1.0,1.0,1.0,1.0,1.0,1.0,1.0,1.0,2.0,1.0,1.0,1.0
1373,3,4,4,2,3,4,4,2,2,3,70.0,,,2.0,,,,,,,6.0,,,,1.0,1.0,,2.0,4.0,4.0,,,,,,,,12.0,,1.0,4.0,,,,1.0,,5.0,1.0,1.0,1.0,1.0,1.0,1.0,1.0,1.0,1.0,1.0,,,,,,,6.0,3.0,3.0,3.0,3.0,5.0,6.0,6.0,4.0,2.0,55.0,60.0,60.0,40.0,50.0,60.0,60.0,40.0,40.0,50.0,1.0,1.0,1.0,1.0,2.0,2.0,2.0,2.0,1.0,2.0,1.0,1.0,2.0,2.0,1.0,1.0,1.0,1.0,1.0,1.0,,,,,,,,,,,,,,,,,,,,
1195,5,5,5,4,4,5,5,5,2,2,70.0,,,2.0,,,,5.0,4.0,2.0,,6.0,,,1.0,1.0,,,,,,,,2.0,5.0,5.0,,15.0,,1.0,,3.0,,1.0,,5.0,,,,,,,,,,,,1.0,1.0,1.0,1.0,1.0,1.0,6.0,3.0,2.0,3.0,3.0,5.0,6.0,6.0,4.0,2.0,75.0,70.0,80.0,60.0,60.0,75.0,75.0,70.0,40.0,40.0,2.0,1.0,2.0,1.0,1.0,1.0,2.0,2.0,1.0,1.0,1.0,2.0,1.0,2.0,1.0,2.0,1.0,1.0,1.0,1.0,1.0,2.0,1.0,1.0,2.0,2.0,1.0,1.0,1.0,1.0,2.0,1.0,1.0,2.0,2.0,1.0,2.0,1.0,1.0,1.0
600,5,5,5,5,5,5,5,5,2,2,70.0,,6.0,,5.0,4.0,2.0,,,,,6.0,1.0,54.0,,,2.0,,,,,,,2.0,5.0,5.0,15.0,,,1.0,,3.0,,1.0,,5.0,,,,,,,,,,,,1.0,1.0,1.0,1.0,1.0,1.0,7.0,3.0,2.0,2.0,3.0,5.0,6.0,6.0,4.0,2.0,75.0,75.0,80.0,80.0,80.0,80.0,80.0,75.0,40.0,40.0,1.0,1.0,1.0,1.0,2.0,2.0,2.0,1.0,1.0,1.0,1.0,1.0,1.0,2.0,1.0,2.0,1.0,1.0,1.0,1.0,1.0,1.0,1.0,1.0,1.0,1.0,1.0,1.0,1.0,2.0,1.0,1.0,1.0,1.0,1.0,1.0,1.0,1.0,1.0,1.0
389,5,5,5,4,4,5,5,4,2,2,,30.0,,2.0,,,,,,,6.0,,,,1.0,1.0,,,,,,,,2.0,5.0,5.0,,15.0,,1.0,,,3.0,,1.0,5.0,,1.0,1.0,1.0,1.0,1.0,1.0,1.0,1.0,1.0,1.0,,,,,,,7.0,3.0,3.0,3.0,3.0,5.0,6.0,6.0,4.0,,,,,,,,,,,,1.0,2.0,2.0,2.0,1.0,1.0,1.0,2.0,1.0,1.0,2.0,1.0,2.0,1.0,1.0,1.0,1.0,2.0,1.0,1.0,2.0,2.0,1.0,1.0,1.0,1.0,1.0,1.0,1.0,1.0,1.0,1.0,1.0,1.0,1.0,1.0,1.0,1.0,1.0,1.0
773,5,5,5,4,4,5,5,4,2,3,70.0,,5.0,,,,,5.0,4.0,2.0,6.0,,1.0,54.0,,,2.0,2.0,5.0,5.0,,,,,,,,15.0,1.0,,,3.0,,,1.0,5.0,,1.0,1.0,1.0,1.0,1.0,1.0,1.0,1.0,1.0,1.0,,,,,,,7.0,3.0,3.0,3.0,3.0,5.0,6.0,6.0,4.0,2.0,75.0,70.0,75.0,60.0,60.0,75.0,70.0,60.0,40.0,50.0,1.0,2.0,2.0,2.0,1.0,2.0,1.0,2.0,1.0,1.0,2.0,1.0,2.0,2.0,2.0,2.0,1.0,2.0,1.0,1.0,1.0,2.0,2.0,2.0,1.0,2.0,1.0,1.0,2.0,1.0,2.0,1.0,1.0,2.0,1.0,2.0,1.0,2.0,1.0,1.0
595,5,5,5,5,5,5,5,5,2,2,70.0,,,2.0,,,,,,,6.0,,,,1.0,,2.0,3.0,5.0,5.0,,,,,,,,15.0,1.0,,,,3.0,1.0,,5.0,,,,,,,,,,,,1.0,1.0,1.0,1.0,1.0,1.0,7.0,3.0,3.0,3.0,3.0,5.0,6.0,6.0,4.0,2.0,75.0,80.0,85.0,80.0,80.0,85.0,85.0,75.0,40.0,40.0,1.0,2.0,1.0,2.0,1.0,1.0,1.0,1.0,1.0,1.0,1.0,2.0,2.0,1.0,1.0,2.0,1.0,2.0,1.0,1.0,2.0,1.0,1.0,1.0,1.0,2.0,1.0,1.0,1.0,1.0,1.0,1.0,2.0,2.0,2.0,1.0,1.0,2.0,1.0,1.0
1894,5,5,5,4,4,5,5,4,2,2,,30.0,5.0,,5.0,4.0,3.0,,,,6.0,,,,1.0,,2.0,,,,3.0,5.0,5.0,,,,15.0,,1.0,,,4.0,,1.0,,,5.0,,,,,,,,,,,1.0,1.0,1.0,1.0,1.0,1.0,7.0,3.0,4.0,4.0,3.0,5.0,6.0,6.0,4.0,2.0,75.0,70.0,75.0,60.0,60.0,75.0,70.0,60.0,40.0,40.0,1.0,2.0,1.0,2.0,1.0,1.0,1.0,1.0,1.0,1.0,2.0,1.0,2.0,1.0,1.0,1.0,1.0,1.0,2.0,1.0,1.0,1.0,1.0,1.0,1.0,2.0,1.0,1.0,2.0,1.0,2.0,1.0,1.0,1.0,2.0,2.0,1.0,1.0,1.0,1.0
1027,5,5,5,5,5,5,5,5,2,2,70.0,,5.0,,,,,5.0,4.0,2.0,,6.0,1.0,54.0,,,2.0,2.0,5.0,5.0,,,,,,,15.0,,,1.0,4.0,,,,1.0,5.0,,,,,,,,,,,,1.0,1.0,1.0,1.0,1.0,1.0,7.0,3.0,3.0,3.0,3.0,5.0,6.0,6.0,4.0,2.0,80.0,80.0,85.0,85.0,85.0,85.0,85.0,80.0,40.0,40.0,2.0,1.0,1.0,2.0,1.0,2.0,1.0,2.0,1.0,2.0,1.0,2.0,1.0,1.0,2.0,1.0,2.0,1.0,2.0,1.0,1.0,1.0,1.0,1.0,1.0,2.0,1.0,2.0,1.0,1.0,1.0,2.0,1.0,2.0,1.0,1.0,1.0,2.0,1.0,2.0
1154,5,5,5,5,5,5,5,5,1,1,,30.0,5.0,,,,,5.0,4.0,2.0,,6.0,1.0,54.0,,,2.0,3.0,5.0,5.0,,,,,,,15.0,,1.0,,4.0,,,,1.0,,5.0,1.0,1.0,1.0,1.0,1.0,1.0,1.0,1.0,1.0,1.0,,,,,,,7.0,3.0,3.0,3.0,3.0,5.0,6.0,6.0,4.0,2.0,75.0,75.0,75.0,75.0,75.0,75.0,75.0,75.0,25.0,25.0,1.0,1.0,1.0,2.0,2.0,2.0,1.0,1.0,1.0,1.0,1.0,1.0,2.0,2.0,1.0,1.0,2.0,1.0,2.0,2.0,1.0,1.0,2.0,1.0,1.0,2.0,1.0,1.0,1.0,1.0,2.0,1.0,1.0,1.0,1.0,1.0,1.0,1.0,2.0,1.0
1748,5,5,5,3,4,5,5,4,2,2,,30.0,5.0,,5.0,4.0,2.0,,,,6.0,,1.0,54.0,,1.0,,2.0,5.0,5.0,,,,,,,,15.0,,1.0,,,3.0,1.0,,,5.0,1.0,1.0,1.0,1.0,1.0,1.0,1.0,1.0,1.0,1.0,,,,,,,7.0,3.0,3.0,3.0,3.0,5.0,6.0,6.0,4.0,2.0,75.0,70.0,75.0,50.0,60.0,75.0,70.0,60.0,40.0,40.0,1.0,2.0,2.0,1.0,1.0,1.0,1.0,2.0,1.0,2.0,1.0,1.0,1.0,1.0,2.0,2.0,1.0,1.0,1.0,1.0,1.0,1.0,1.0,2.0,2.0,1.0,2.0,1.0,1.0,1.0,2.0,1.0,1.0,1.0,2.0,1.0,2.0,1.0,1.0,1.0
427,5,4,5,4,4,5,5,4,2,2,,30.0,,2.0,,,,,,,,6.0,,,1.0,,2.0,,,,,,,2.0,5.0,5.0,,15.0,,1.0,,,3.0,,1.0,5.0,,,,,,,,,,,,1.0,1.0,1.0,1.0,1.0,1.0,6.0,3.0,3.0,3.0,3.0,5.0,6.0,6.0,4.0,2.0,70.0,65.0,70.0,60.0,60.0,70.0,70.0,60.0,40.0,40.0,1.0,1.0,2.0,1.0,1.0,2.0,1.0,1.0,2.0,1.0,1.0,1.0,1.0,1.0,1.0,1.0,1.0,2.0,2.0,1.0,,,,,,,,,,,,,,,,,,,,
554,5,5,5,4,4,5,5,5,2,2,,30.0,5.0,,5.0,4.0,2.0,,,,,6.0,,,1.0,,2.0,3.0,5.0,5.0,,,,,,,15.0,,,1.0,4.0,,,1.0,,5.0,,,,,,,,,,,,1.0,1.0,1.0,1.0,1.0,1.0,7.0,3.0,2.0,3.0,3.0,5.0,6.0,6.0,4.0,,,,,,,,,,,,,,,,,,,,,,,,,,,,,,,,,,,,,,,,,,,,,,,,,,,
348,4,4,4,2,3,4,4,3,2,2,,30.0,,,5.0,4.0,2.0,,,,6.0,,,,1.0,,2.0,,,,,,,2.0,4.0,5.0,15.0,,1.0,,,4.0,,1.0,,,5.0,,,,,,,,,,,1.0,1.0,1.0,1.0,1.0,1.0,6.0,3.0,3.0,3.0,3.0,5.0,6.0,6.0,3.0,,,,,,,,,,,,1.0,1.0,2.0,1.0,1.0,1.0,1.0,2.0,1.0,1.0,2.0,1.0,1.0,1.0,2.0,1.0,1.0,1.0,2.0,1.0,1.0,1.0,1.0,1.0,2.0,2.0,1.0,1.0,2.0,1.0,1.0,1.0,2.0,1.0,1.0,1.0,2.0,1.0,2.0,1.0
2048,5,5,5,5,5,5,5,5,2,2,70.0,,5.0,,,,,5.0,4.0,2.0,,6.0,,,1.0,1.0,,,,,,,,2.0,5.0,5.0,15.0,,,1.0,,,3.0,1.0,,,5.0,,,,,,,,,,,1.0,1.0,1.0,1.0,1.0,1.0,7.0,3.0,3.0,3.0,3.0,5.0,6.0,6.0,4.0,,,,,,,,,,,,1.0,2.0,2.0,2.0,2.0,2.0,2.0,1.0,2.0,2.0,2.0,1.0,1.0,1.0,2.0,2.0,1.0,1.0,1.0,1.0,1.0,1.0,1.0,1.0,1.0,1.0,1.0,1.0,1.0,1.0,1.0,1.0,2.0,1.0,2.0,1.0,1.0,1.0,2.0,1.0
39,2,3,3,1,2,3,3,1,1,2,,30.0,,2.0,,,,,,,6.0,,,,1.0,1.0,,,,,,,,2.0,4.0,5.0,15.0,,1.0,,,,3.0,1.0,,4.0,,,,,,,,,,,,1.0,1.0,1.0,1.0,1.0,1.0,6.0,2.0,3.0,3.0,3.0,5.0,6.0,6.0,3.0,2.0,40.0,50.0,50.0,20.0,30.0,50.0,50.0,20.0,20.0,30.0,2.0,1.0,2.0,1.0,2.0,1.0,2.0,1.0,2.0,1.0,1.0,2.0,1.0,2.0,1.0,1.0,1.0,1.0,1.0,1.0,1.0,1.0,2.0,1.0,1.0,1.0,1.0,1.0,1.0,1.0,1.0,2.0,2.0,1.0,2.0,2.0,1.0,1.0,1.0,1.0
1926,5,5,5,4,4,5,5,4,2,2,70.0,,5.0,,,,,5.0,4.0,2.0,,6.0,1.0,54.0,,,2.0,,,,,,,2.0,5.0,5.0,,10.0,,1.0,,3.0,,,1.0,,5.0,1.0,1.0,1.0,1.0,1.0,1.0,1.0,1.0,1.0,1.0,,,,,,,6.0,3.0,3.0,3.0,3.0,5.0,6.0,6.0,4.0,,,,,,,,,,,,1.0,2.0,1.0,1.0,2.0,1.0,1.0,1.0,2.0,1.0,2.0,1.0,1.0,1.0,1.0,2.0,1.0,1.0,2.0,1.0,1.0,1.0,2.0,1.0,1.0,1.0,1.0,1.0,2.0,1.0,1.0,1.0,1.0,1.0,1.0,1.0,1.0,2.0,1.0,1.0
1855,2,3,3,2,3,3,3,2,4,3,70.0,,,2.0,,,,,,,6.0,,1.0,54.0,,,2.0,,,,,,,2.0,4.0,5.0,15.0,,,1.0,,,2.0,1.0,,5.0,,,,,,,,,,,,1.0,1.0,1.0,1.0,1.0,1.0,7.0,3.0,3.0,3.0,3.0,5.0,6.0,6.0,4.0,2.0,50.0,45.0,45.0,40.0,45.0,45.0,45.0,40.0,35.0,40.0,1.0,2.0,2.0,1.0,2.0,1.0,2.0,1.0,1.0,2.0,2.0,1.0,2.0,1.0,1.0,1.0,1.0,2.0,1.0,1.0,1.0,1.0,1.0,1.0,1.0,2.0,2.0,2.0,1.0,1.0,1.0,1.0,1.0,2.0,2.0,1.0,1.0,1.0,1.0,2.0
1052,5,5,5,5,5,5,5,5,1,2,,30.0,5.0,,,,,5.0,4.0,2.0,6.0,,,,1.0,1.0,,,,,,,,2.0,5.0,5.0,,15.0,1.0,,4.0,,,,1.0,,5.0,1.0,1.0,1.0,1.0,1.0,1.0,1.0,1.0,1.0,1.0,,,,,,,6.0,3.0,3.0,3.0,3.0,5.0,6.0,6.0,4.0,2.0,85.0,85.0,85.0,85.0,85.0,85.0,85.0,85.0,15.0,25.0,2.0,1.0,1.0,2.0,2.0,1.0,2.0,1.0,1.0,1.0,1.0,2.0,1.0,2.0,1.0,1.0,1.0,2.0,1.0,1.0,1.0,1.0,2.0,1.0,1.0,1.0,1.0,2.0,2.0,1.0,2.0,1.0,2.0,1.0,2.0,2.0,1.0,2.0,1.0,2.0
1121,5,5,5,4,4,5,5,5,2,2,,30.0,5.0,,5.0,4.0,2.0,,,,,6.0,1.0,54.0,,1.0,,,,,,,,3.0,5.0,5.0,,15.0,1.0,,4.0,,,,1.0,,5.0,,,,,,,,,,,1.0,1.0,1.0,1.0,1.0,1.0,6.0,3.0,3.0,3.0,3.0,5.0,6.0,6.0,4.0,2.0,70.0,70.0,75.0,60.0,60.0,70.0,70.0,65.0,40.0,40.0,2.0,1.0,1.0,1.0,1.0,1.0,1.0,2.0,1.0,2.0,1.0,2.0,1.0,1.0,1.0,1.0,1.0,1.0,1.0,1.0,1.0,1.0,1.0,2.0,1.0,1.0,1.0,1.0,2.0,1.0,2.0,1.0,1.0,1.0,2.0,1.0,1.0,1.0,1.0,1.0
452,4,4,4,1,2,3,4,4,1,2,70.0,,,2.0,,,,,,,,6.0,1.0,54.0,,1.0,,,,,2.0,5.0,5.0,,,,15.0,,,1.0,,3.0,,,1.0,5.0,,1.0,1.0,1.0,1.0,1.0,1.0,1.0,1.0,1.0,1.0,,,,,,,6.0,3.0,3.0,3.0,3.0,6.0,6.0,6.0,4.0,2.0,70.0,70.0,70.0,30.0,40.0,50.0,70.0,70.0,30.0,40.0,1.0,1.0,1.0,1.0,2.0,1.0,1.0,1.0,1.0,1.0,2.0,1.0,1.0,2.0,2.0,1.0,1.0,1.0,1.0,1.0,1.0,1.0,2.0,2.0,1.0,1.0,2.0,1.0,1.0,1.0,1.0,1.0,1.0,1.0,1.0,1.0,2.0,2.0,1.0,1.0
521,5,5,5,5,5,5,5,4,2,3,70.0,,,2.0,,,,,,,6.0,,1.0,54.0,,,2.0,,,,3.0,5.0,5.0,,,,,15.0,,1.0,,,3.0,,1.0,5.0,,,,,,,,,,,,1.0,1.0,1.0,1.0,1.0,1.0,7.0,3.0,3.0,3.0,3.0,5.0,6.0,6.0,4.0,2.0,80.0,80.0,85.0,85.0,85.0,85.0,85.0,70.0,40.0,50.0,1.0,1.0,1.0,2.0,2.0,1.0,1.0,2.0,2.0,1.0,1.0,2.0,2.0,1.0,1.0,1.0,1.0,2.0,2.0,1.0,1.0,1.0,1.0,2.0,1.0,1.0,1.0,1.0,1.0,1.0,1.0,1.0,1.0,1.0,1.0,2.0,1.0,1.0,1.0,1.0
1953,5,5,5,4,4,5,5,5,2,3,70.0,,5.0,,,,,5.0,4.0,2.0,,6.0,,,1.0,,2.0,,,,,,,2.0,5.0,5.0,,15.0,1.0,,5.0,,,,1.0,5.0,,1.0,1.0,1.0,1.0,1.0,1.0,1.0,1.0,1.0,1.0,,,,,,,6.0,3.0,3.0,3.0,3.0,5.0,6.0,6.0,4.0,2.0,75.0,75.0,80.0,65.0,65.0,75.0,75.0,70.0,40.0,50.0,1.0,2.0,2.0,2.0,2.0,2.0,2.0,1.0,1.0,1.0,2.0,1.0,2.0,1.0,1.0,1.0,2.0,2.0,2.0,2.0,1.0,2.0,2.0,2.0,2.0,1.0,1.0,1.0,2.0,1.0,2.0,1.0,1.0,1.0,1.0,1.0,1.0,1.0,1.0,1.0
1820,5,5,5,4,4,5,5,4,2,2,70.0,,,2.0,,,,,,,6.0,,1.0,54.0,,1.0,,,,,,,,2.0,5.0,5.0,15.0,,1.0,,4.0,,,,1.0,5.0,,,,,,,,,,,,1.0,1.0,1.0,1.0,1.0,1.0,7.0,3.0,3.0,3.0,3.0,5.0,6.0,6.0,4.0,2.0,75.0,75.0,80.0,65.0,65.0,75.0,70.0,60.0,40.0,40.0,2.0,1.0,1.0,2.0,1.0,1.0,1.0,1.0,1.0,1.0,1.0,1.0,1.0,1.0,2.0,1.0,1.0,1.0,1.0,1.0,1.0,1.0,1.0,1.0,1.0,1.0,1.0,1.0,1.0,1.0,1.0,1.0,1.0,1.0,1.0,1.0,1.0,1.0,1.0,1.0
1093,3,4,4,2,3,4,4,3,2,3,70.0,,,,5.0,4.0,3.0,,,,,6.0,1.0,54.0,,,2.0,,,,2.0,4.0,5.0,,,,15.0,,,1.0,,,3.0,,1.0,5.0,,,,,,,,,,,,1.0,1.0,1.0,1.0,1.0,1.0,7.0,3.0,3.0,3.0,3.0,5.0,6.0,6.0,3.0,2.0,55.0,60.0,60.0,40.0,50.0,60.0,60.0,50.0,40.0,50.0,2.0,1.0,1.0,1.0,2.0,2.0,1.0,1.0,1.0,2.0,1.0,2.0,1.0,2.0,1.0,1.0,2.0,1.0,1.0,1.0,1.0,2.0,1.0,2.0,2.0,1.0,1.0,1.0,2.0,1.0,2.0,1.0,1.0,2.0,1.0,2.0,1.0,1.0,1.0,2.0
1469,5,5,5,4,4,5,5,5,1,1,,30.0,5.0,,5.0,4.0,2.0,,,,,6.0,1.0,54.0,,1.0,,3.0,5.0,5.0,,,,,,,,15.0,1.0,,,,3.0,,1.0,5.0,,,,,,,,,,,,1.0,1.0,1.0,1.0,1.0,1.0,7.0,3.0,3.0,3.0,3.0,5.0,6.0,6.0,4.0,2.0,75.0,75.0,75.0,65.0,65.0,75.0,75.0,75.0,20.0,20.0,1.0,2.0,1.0,1.0,2.0,1.0,1.0,2.0,2.0,1.0,1.0,1.0,2.0,2.0,1.0,1.0,1.0,1.0,1.0,2.0,1.0,1.0,1.0,1.0,2.0,1.0,1.0,2.0,2.0,2.0,1.0,1.0,1.0,1.0,1.0,1.0,1.0,1.0,2.0,2.0
1275,4,4,4,2,3,4,4,3,2,2,70.0,,2.0,,5.0,4.0,2.0,,,,6.0,,1.0,54.0,,1.0,,,,,,,,2.0,4.0,5.0,15.0,,,1.0,,,2.0,,1.0,5.0,,1.0,1.0,1.0,1.0,1.0,1.0,1.0,1.0,1.0,1.0,,,,,,,6.0,3.0,3.0,3.0,3.0,5.0,6.0,6.0,3.0,2.0,65.0,60.0,60.0,40.0,45.0,60.0,60.0,45.0,35.0,35.0,1.0,1.0,1.0,1.0,1.0,2.0,2.0,1.0,1.0,2.0,1.0,1.0,1.0,2.0,2.0,1.0,1.0,1.0,1.0,2.0,1.0,1.0,1.0,1.0,1.0,1.0,2.0,2.0,1.0,1.0,1.0,1.0,1.0,1.0,2.0,1.0,1.0,1.0,1.0,1.0
1306,5,5,5,4,4,5,5,5,1,1,,30.0,,2.0,,,,,,,,6.0,1.0,54.0,,1.0,,,,,2.0,5.0,5.0,,,,,10.0,1.0,,,3.0,,1.0,,,5.0,,,,,,,,,,,1.0,1.0,1.0,1.0,1.0,1.0,6.0,3.0,2.0,2.0,3.0,5.0,6.0,6.0,3.0,2.0,75.0,75.0,75.0,65.0,65.0,75.0,75.0,75.0,25.0,25.0,2.0,2.0,1.0,2.0,1.0,1.0,2.0,1.0,1.0,2.0,1.0,2.0,2.0,2.0,2.0,2.0,1.0,1.0,1.0,1.0,2.0,1.0,1.0,1.0,1.0,1.0,2.0,1.0,2.0,2.0,1.0,1.0,1.0,1.0,1.0,2.0,2.0,2.0,1.0,2.0
493,5,5,5,5,5,5,5,5,2,3,70.0,,,2.0,,,,,,,6.0,,,,1.0,1.0,,,,,3.0,5.0,5.0,,,,15.0,,,1.0,,,3.0,,1.0,,5.0,,,,,,,,,,,1.0,1.0,1.0,1.0,1.0,1.0,7.0,3.0,3.0,3.0,3.0,5.0,6.0,6.0,4.0,2.0,75.0,75.0,80.0,80.0,75.0,80.0,75.0,70.0,40.0,50.0,2.0,1.0,2.0,2.0,1.0,2.0,1.0,1.0,2.0,2.0,1.0,1.0,1.0,1.0,1.0,2.0,1.0,1.0,2.0,2.0,1.0,1.0,1.0,2.0,1.0,1.0,2.0,1.0,1.0,2.0,2.0,1.0,2.0,2.0,1.0,1.0,1.0,2.0,1.0,2.0
675,5,5,5,5,5,5,5,5,2,2,70.0,,,2.0,,,,,,,6.0,,1.0,54.0,,1.0,,3.0,5.0,5.0,,,,,,,15.0,,1.0,,4.0,,,,1.0,,5.0,1.0,1.0,1.0,1.0,1.0,1.0,1.0,1.0,1.0,1.0,,,,,,,6.0,2.0,2.0,2.0,3.0,5.0,6.0,6.0,4.0,,,,,,,,,,,,,,,,,,,,,,,,,,,,,,,,,,,,,,,,,,,,,,,,,,,
706,5,5,5,5,5,5,5,5,1,2,,30.0,,2.0,,,,,,,6.0,,1.0,54.0,,1.0,,,,,2.0,5.0,5.0,,,,15.0,,1.0,,,,,,,,,,,,,,,,,,,,,,,,,,,,,,,,,,,,,,,,,,,,,,,,,,,,,,,,,,,,,,,,,,,,,,,,,,,,,,,,,,,,
968,5,5,5,5,5,5,5,4,2,2,70.0,,5.0,,5.0,4.0,2.0,,,,6.0,,,,1.0,,2.0,3.0,5.0,5.0,,,,,,,,12.0,,1.0,,,2.0,1.0,,,5.0,1.0,1.0,1.0,1.0,1.0,1.0,1.0,1.0,1.0,1.0,,,,,,,6.0,3.0,3.0,3.0,3.0,5.0,6.0,6.0,4.0,2.0,75.0,75.0,75.0,80.0,80.0,80.0,80.0,70.0,40.0,40.0,1.0,1.0,2.0,1.0,2.0,1.0,2.0,2.0,1.0,2.0,1.0,2.0,1.0,1.0,1.0,1.0,1.0,1.0,1.0,2.0,2.0,2.0,1.0,1.0,1.0,2.0,2.0,2.0,1.0,1.0,2.0,1.0,1.0,1.0,2.0,1.0,1.0,1.0,1.0,1.0
1992,2,3,3,1,2,3,3,2,4,1,,30.0,,2.0,,,,,,,6.0,,,,1.0,1.0,,,,,,,,2.0,4.0,5.0,15.0,,,1.0,4.0,,,,1.0,,5.0,,,,,,,,,,,1.0,1.0,1.0,1.0,1.0,1.0,6.0,3.0,3.0,3.0,3.0,5.0,5.0,5.0,3.0,2.0,40.0,50.0,50.0,20.0,30.0,50.0,50.0,40.0,60.0,20.0,1.0,2.0,1.0,2.0,2.0,1.0,1.0,2.0,2.0,1.0,1.0,1.0,1.0,2.0,1.0,1.0,1.0,1.0,1.0,2.0,,,,,,,,,,,,,,,,,,,,
305,4,4,4,3,4,4,4,3,2,2,70.0,,5.0,,5.0,4.0,3.0,,,,,6.0,1.0,54.0,,1.0,,2.0,4.0,5.0,,,,,,,,15.0,1.0,,,,3.0,,1.0,,5.0,,,,,,,,,,,1.0,1.0,1.0,1.0,1.0,1.0,6.0,3.0,2.0,3.0,3.0,5.0,6.0,6.0,3.0,2.0,70.0,65.0,65.0,50.0,60.0,65.0,60.0,50.0,40.0,40.0,2.0,1.0,2.0,1.0,2.0,1.0,2.0,1.0,1.0,1.0,1.0,1.0,1.0,2.0,1.0,1.0,1.0,1.0,1.0,1.0,1.0,1.0,1.0,1.0,1.0,1.0,2.0,1.0,1.0,1.0,1.0,1.0,2.0,2.0,1.0,1.0,1.0,1.0,1.0,1.0
276,2,3,3,2,3,3,3,2,4,3,,30.0,2.0,,,,,,,,,,,,,,,,,,,,,2.0,3.0,4.0,,15.0,1.0,,,3.0,,1.0,,4.0,,,,,,,,,,,,1.0,1.0,1.0,1.0,1.0,1.0,6.0,3.0,3.0,3.0,3.0,5.0,5.0,5.0,3.0,2.0,40.0,50.0,50.0,40.0,50.0,50.0,50.0,40.0,60.0,50.0,1.0,1.0,2.0,2.0,2.0,1.0,1.0,2.0,1.0,2.0,1.0,2.0,2.0,2.0,2.0,1.0,1.0,2.0,1.0,2.0,,,,,,,,,,,,,,,,,,,,
519,2,3,3,1,2,3,3,1,1,2,70.0,,2.0,,,,,5.0,4.0,2.0,6.0,,,,1.0,1.0,,,,,2.0,4.0,5.0,,,,,10.0,,1.0,,,3.0,,1.0,5.0,,1.0,1.0,1.0,1.0,1.0,1.0,1.0,1.0,1.0,1.0,,,,,,,6.0,3.0,3.0,3.0,3.0,5.0,5.0,5.0,4.0,2.0,40.0,50.0,50.0,20.0,30.0,50.0,50.0,20.0,20.0,30.0,2.0,2.0,1.0,2.0,1.0,1.0,2.0,1.0,1.0,1.0,1.0,2.0,1.0,1.0,1.0,1.0,1.0,1.0,1.0,2.0,1.0,2.0,1.0,1.0,1.0,1.0,2.0,2.0,1.0,1.0,2.0,1.0,1.0,1.0,1.0,1.0,1.0,1.0,2.0,1.0
1705,5,5,5,3,4,5,5,4,2,2,,30.0,,2.0,5.0,4.0,2.0,,,,6.0,,,,1.0,,2.0,,,,,,,3.0,5.0,5.0,15.0,,,1.0,,,3.0,,1.0,,5.0,,,,,,,,,,,1.0,1.0,1.0,1.0,1.0,1.0,7.0,3.0,3.0,3.0,3.0,5.0,6.0,6.0,4.0,2.0,75.0,70.0,75.0,50.0,60.0,75.0,70.0,60.0,40.0,40.0,1.0,1.0,1.0,2.0,2.0,2.0,2.0,1.0,1.0,1.0,1.0,1.0,1.0,1.0,1.0,2.0,1.0,1.0,1.0,2.0,2.0,1.0,1.0,1.0,1.0,1.0,2.0,1.0,1.0,2.0,2.0,1.0,1.0,1.0,2.0,1.0,1.0,1.0,1.0,2.0
1676,2,3,3,2,3,3,3,2,4,4,,30.0,,2.0,5.0,4.0,2.0,,,,6.0,,,,1.0,1.0,,,,,2.0,4.0,5.0,,,,15.0,,,1.0,3.0,,,1.0,,5.0,,,,,,,,,,,,1.0,1.0,1.0,1.0,1.0,1.0,6.0,3.0,3.0,3.0,3.0,5.0,6.0,6.0,3.0,2.0,40.0,50.0,50.0,40.0,50.0,50.0,50.0,40.0,60.0,60.0,1.0,2.0,1.0,1.0,2.0,1.0,2.0,1.0,1.0,1.0,1.0,1.0,2.0,1.0,2.0,1.0,1.0,1.0,1.0,1.0,2.0,1.0,2.0,2.0,1.0,1.0,2.0,1.0,1.0,1.0,1.0,2.0,1.0,2.0,2.0,1.0,1.0,1.0,1.0,1.0
1119,3,4,4,2,3,4,4,2,2,3,60.0,,,2.0,5.0,4.0,3.0,,,,,6.0,,,1.0,1.0,,,,,3.0,4.0,5.0,,,,,12.0,,1.0,,,3.0,,1.0,5.0,,1.0,1.0,1.0,1.0,1.0,1.0,1.0,1.0,1.0,1.0,,,,,,,6.0,3.0,3.0,3.0,3.0,5.0,5.0,5.0,4.0,2.0,55.0,60.0,60.0,40.0,50.0,60.0,60.0,40.0,40.0,50.0,2.0,2.0,1.0,1.0,1.0,2.0,1.0,2.0,2.0,1.0,2.0,1.0,1.0,2.0,2.0,1.0,1.0,1.0,1.0,2.0,2.0,1.0,1.0,2.0,1.0,1.0,1.0,2.0,2.0,1.0,2.0,1.0,1.0,1.0,1.0,1.0,1.0,2.0,2.0,2.0
1490,5,5,5,5,5,5,5,5,2,2,,30.0,,2.0,,,,,,,6.0,,1.0,54.0,,,2.0,,,,2.0,5.0,5.0,,,,,15.0,,1.0,,,3.0,,1.0,5.0,,1.0,1.0,1.0,1.0,1.0,1.0,1.0,1.0,1.0,1.0,,,,,,,6.0,3.0,3.0,3.0,3.0,5.0,6.0,6.0,3.0,2.0,75.0,75.0,80.0,80.0,80.0,80.0,75.0,75.0,40.0,40.0,1.0,1.0,1.0,2.0,1.0,1.0,1.0,2.0,1.0,1.0,1.0,1.0,2.0,1.0,1.0,1.0,1.0,1.0,2.0,2.0,1.0,1.0,2.0,2.0,1.0,1.0,1.0,1.0,1.0,1.0,2.0,1.0,1.0,1.0,2.0,1.0,2.0,2.0,1.0,1.0
1818,5,5,5,4,4,5,5,4,2,2,70.0,,2.0,,5.0,4.0,2.0,,,,,6.0,,,1.0,,2.0,,,,,,,3.0,5.0,5.0,15.0,,1.0,,,3.0,,,1.0,5.0,,1.0,1.0,1.0,1.0,1.0,1.0,1.0,1.0,1.0,1.0,,,,,,,6.0,3.0,3.0,3.0,3.0,5.0,6.0,6.0,4.0,,,,,,,,,,,,1.0,1.0,1.0,1.0,1.0,1.0,1.0,1.0,1.0,1.0,1.0,1.0,1.0,2.0,1.0,1.0,1.0,1.0,2.0,1.0,1.0,1.0,2.0,1.0,1.0,1.0,1.0,1.0,1.0,1.0,1.0,1.0,1.0,1.0,1.0,1.0,1.0,1.0,1.0,1.0
991,5,5,5,4,4,5,5,4,2,2,70.0,,5.0,,5.0,4.0,2.0,,,,6.0,,1.0,54.0,,1.0,,2.0,5.0,5.0,,,,,,,,15.0,1.0,,,,3.0,,1.0,5.0,,1.0,1.0,1.0,1.0,1.0,1.0,1.0,1.0,1.0,1.0,,,,,,,6.0,3.0,3.0,3.0,3.0,5.0,6.0,6.0,3.0,2.0,70.0,70.0,70.0,60.0,60.0,70.0,70.0,60.0,40.0,40.0,1.0,2.0,1.0,2.0,2.0,1.0,1.0,2.0,1.0,1.0,1.0,2.0,2.0,1.0,1.0,2.0,1.0,1.0,2.0,1.0,1.0,2.0,1.0,1.0,2.0,1.0,2.0,2.0,1.0,1.0,1.0,1.0,1.0,2.0,1.0,1.0,1.0,2.0,2.0,2.0
74,4,4,4,4,4,4,4,4,2,2,,30.0,,2.0,,,,,,,6.0,,1.0,54.0,,,2.0,3.0,4.0,5.0,,,,,,,15.0,,1.0,,,3.0,,1.0,,5.0,,,,,,,,,,,,1.0,1.0,1.0,1.0,1.0,1.0,6.0,3.0,3.0,3.0,3.0,5.0,6.0,6.0,3.0,,,,,,,,,,,,1.0,2.0,1.0,1.0,2.0,2.0,1.0,1.0,1.0,1.0,2.0,2.0,2.0,2.0,2.0,2.0,1.0,2.0,2.0,2.0,1.0,1.0,1.0,2.0,1.0,1.0,2.0,2.0,1.0,1.0,1.0,1.0,2.0,2.0,2.0,1.0,2.0,2.0,1.0,1.0
2005,4,4,5,4,4,5,5,4,2,2,70.0,,5.0,,5.0,4.0,2.0,,,,6.0,,1.0,54.0,,,2.0,3.0,5.0,5.0,,,,,,,,15.0,,1.0,4.0,,,2.0,,,5.0,,,,,,,,,,,1.0,1.0,1.0,1.0,1.0,1.0,7.0,3.0,3.0,3.0,3.0,5.0,6.0,6.0,4.0,2.0,70.0,65.0,75.0,65.0,65.0,75.0,75.0,65.0,40.0,40.0,2.0,1.0,2.0,1.0,1.0,1.0,2.0,1.0,1.0,2.0,1.0,1.0,1.0,1.0,2.0,1.0,2.0,2.0,1.0,1.0,1.0,1.0,1.0,1.0,1.0,2.0,1.0,1.0,1.0,1.0,1.0,1.0,2.0,1.0,1.0,2.0,1.0,1.0,1.0,1.0
122,4,4,5,5,4,5,5,4,2,2,70.0,,5.0,,,,,,,,6.0,,1.0,54.0,,1.0,,,,,3.0,5.0,5.0,,,,,12.0,,1.0,,,3.0,1.0,,,5.0,,,,,,,,,,,1.0,1.0,1.0,1.0,1.0,1.0,7.0,3.0,3.0,3.0,3.0,5.0,6.0,6.0,4.0,2.0,65.0,60.0,70.0,70.0,60.0,75.0,75.0,60.0,40.0,40.0,1.0,2.0,1.0,2.0,2.0,2.0,1.0,2.0,2.0,1.0,1.0,2.0,1.0,2.0,2.0,1.0,2.0,2.0,1.0,1.0,1.0,1.0,1.0,1.0,2.0,1.0,1.0,1.0,2.0,1.0,1.0,1.0,1.0,2.0,1.0,1.0,1.0,1.0,1.0,1.0
1522,5,4,5,4,4,5,5,4,2,2,,30.0,,2.0,,,,,,,6.0,,1.0,54.0,,1.0,,,,,,,,2.0,4.0,5.0,15.0,,,1.0,,3.0,,,1.0,,5.0,,,,,,,,,,,1.0,1.0,1.0,1.0,1.0,1.0,6.0,3.0,3.0,3.0,3.0,5.0,6.0,6.0,3.0,2.0,70.0,65.0,70.0,60.0,60.0,70.0,70.0,60.0,40.0,40.0,2.0,2.0,1.0,1.0,2.0,1.0,1.0,2.0,1.0,1.0,1.0,1.0,1.0,1.0,1.0,2.0,2.0,1.0,1.0,1.0,1.0,1.0,2.0,2.0,2.0,2.0,1.0,1.0,2.0,1.0,1.0,1.0,1.0,1.0,1.0,1.0,1.0,1.0,1.0,1.0
1451,5,5,5,5,5,5,5,5,2,3,,30.0,,2.0,,,,,,,,6.0,1.0,54.0,,,2.0,,,,3.0,5.0,5.0,,,,,15.0,1.0,,4.0,,,,1.0,5.0,,,,,,,,,,,,1.0,1.0,1.0,1.0,1.0,1.0,7.0,3.0,3.0,3.0,3.0,5.0,6.0,6.0,4.0,2.0,75.0,75.0,80.0,80.0,75.0,80.0,75.0,70.0,40.0,50.0,2.0,1.0,1.0,1.0,2.0,1.0,1.0,2.0,1.0,1.0,1.0,1.0,2.0,2.0,2.0,1.0,1.0,1.0,2.0,1.0,1.0,1.0,1.0,2.0,2.0,1.0,1.0,1.0,1.0,1.0,1.0,1.0,2.0,2.0,1.0,1.0,1.0,1.0,1.0,1.0
823,5,5,5,5,5,5,5,5,2,2,,30.0,5.0,,,,,,,,,6.0,,,1.0,1.0,,,,,,,,2.0,5.0,5.0,15.0,,,1.0,,3.0,,1.0,,,5.0,1.0,1.0,1.0,1.0,1.0,1.0,1.0,1.0,1.0,1.0,,,,,,,6.0,3.0,3.0,3.0,3.0,5.0,6.0,6.0,4.0,2.0,75.0,75.0,80.0,70.0,70.0,75.0,75.0,70.0,40.0,40.0,1.0,2.0,1.0,2.0,1.0,2.0,1.0,1.0,2.0,1.0,1.0,1.0,1.0,2.0,1.0,1.0,1.0,2.0,1.0,1.0,1.0,1.0,1.0,1.0,2.0,2.0,1.0,1.0,1.0,2.0,1.0,1.0,2.0,1.0,1.0,2.0,1.0,1.0,1.0,1.0
950,5,4,5,5,4,5,5,4,2,3,,30.0,5.0,,5.0,4.0,3.0,,,,,6.0,,,1.0,1.0,,4.0,5.0,5.0,,,,,,,,15.0,,1.0,,,3.0,1.0,,5.0,,1.0,1.0,1.0,1.0,1.0,1.0,1.0,1.0,1.0,1.0,,,,,,,7.0,3.0,3.0,3.0,3.0,5.0,6.0,6.0,4.0,2.0,75.0,70.0,80.0,85.0,70.0,80.0,85.0,70.0,40.0,50.0,1.0,1.0,1.0,1.0,1.0,2.0,2.0,1.0,1.0,1.0,2.0,1.0,1.0,1.0,1.0,1.0,1.0,2.0,1.0,1.0,1.0,2.0,2.0,1.0,1.0,1.0,1.0,1.0,1.0,1.0,1.0,1.0,1.0,1.0,1.0,1.0,2.0,1.0,1.0,2.0
638,3,4,4,2,3,3,4,2,2,2,,30.0,5.0,,5.0,4.0,2.0,,,,6.0,,1.0,54.0,,1.0,,3.0,4.0,5.0,,,,,,,,15.0,,1.0,4.0,,,,1.0,5.0,,1.0,1.0,1.0,1.0,1.0,1.0,1.0,1.0,1.0,1.0,,,,,,,6.0,3.0,3.0,3.0,3.0,5.0,6.0,6.0,4.0,2.0,50.0,60.0,60.0,40.0,50.0,50.0,60.0,40.0,40.0,40.0,1.0,1.0,2.0,2.0,1.0,1.0,2.0,1.0,2.0,1.0,2.0,1.0,1.0,1.0,1.0,1.0,1.0,2.0,1.0,1.0,1.0,2.0,1.0,2.0,1.0,1.0,2.0,1.0,1.0,2.0,1.0,1.0,1.0,2.0,1.0,1.0,1.0,2.0,1.0,1.0
157,5,5,5,4,4,5,5,4,2,2,70.0,,5.0,,,,,5.0,4.0,2.0,6.0,,,,1.0,,2.0,3.0,5.0,5.0,,,,,,,15.0,,,1.0,4.0,,,1.0,,5.0,,1.0,1.0,1.0,1.0,1.0,1.0,1.0,1.0,1.0,1.0,,,,,,,6.0,3.0,2.0,2.0,3.0,5.0,6.0,6.0,4.0,2.0,75.0,75.0,80.0,65.0,65.0,75.0,75.0,60.0,40.0,40.0,2.0,2.0,1.0,2.0,1.0,1.0,1.0,2.0,1.0,1.0,1.0,1.0,2.0,1.0,1.0,1.0,1.0,1.0,1.0,2.0,2.0,1.0,1.0,2.0,1.0,1.0,2.0,1.0,1.0,1.0,2.0,2.0,1.0,1.0,1.0,1.0,1.0,1.0,2.0,1.0
1238,5,5,5,4,4,5,5,5,1,1,,30.0,5.0,,5.0,4.0,2.0,,,,6.0,,1.0,54.0,,,2.0,,,,,,,3.0,5.0,5.0,,10.0,,1.0,,3.0,,,1.0,,5.0,,,,,,,,,,,1.0,1.0,1.0,1.0,1.0,1.0,6.0,3.0,3.0,3.0,3.0,5.0,6.0,6.0,4.0,2.0,75.0,70.0,75.0,60.0,60.0,75.0,75.0,70.0,30.0,30.0,1.0,1.0,2.0,2.0,1.0,1.0,2.0,1.0,2.0,1.0,1.0,2.0,1.0,1.0,1.0,1.0,2.0,1.0,1.0,1.0,1.0,1.0,1.0,2.0,1.0,2.0,1.0,1.0,2.0,1.0,1.0,1.0,1.0,1.0,2.0,1.0,1.0,1.0,1.0,1.0
1557,5,5,5,5,5,5,5,5,1,1,,30.0,6.0,,,,,5.0,4.0,2.0,,6.0,,,1.0,,2.0,,,,,,,2.0,5.0,5.0,15.0,,,1.0,4.0,,,,1.0,5.0,,1.0,1.0,1.0,1.0,1.0,1.0,1.0,1.0,1.0,1.0,,,,,,,7.0,3.0,3.0,3.0,3.0,5.0,6.0,6.0,4.0,2.0,80.0,80.0,85.0,85.0,85.0,85.0,85.0,80.0,20.0,20.0,1.0,1.0,2.0,1.0,2.0,1.0,1.0,1.0,2.0,1.0,1.0,2.0,1.0,1.0,2.0,1.0,1.0,1.0,1.0,1.0,1.0,1.0,2.0,1.0,2.0,1.0,1.0,1.0,1.0,1.0,2.0,1.0,1.0,2.0,1.0,1.0,1.0,1.0,1.0,1.0
1424,5,4,5,2,4,5,5,4,2,2,70.0,,5.0,,5.0,4.0,2.0,,,,,6.0,1.0,54.0,,1.0,,,,,2.0,5.0,5.0,,,,,15.0,1.0,,,,3.0,1.0,,,5.0,1.0,1.0,1.0,1.0,1.0,1.0,1.0,1.0,1.0,1.0,,,,,,,6.0,3.0,3.0,3.0,3.0,5.0,6.0,6.0,3.0,2.0,75.0,70.0,80.0,50.0,65.0,75.0,80.0,70.0,40.0,40.0,1.0,1.0,1.0,1.0,1.0,2.0,2.0,2.0,1.0,1.0,1.0,1.0,2.0,1.0,1.0,2.0,1.0,2.0,1.0,1.0,1.0,1.0,2.0,1.0,1.0,1.0,1.0,2.0,1.0,1.0,1.0,1.0,1.0,1.0,2.0,1.0,1.0,1.0,1.0,1.0
856,4,5,5,2,3,4,5,3,2,3,,30.0,5.0,,,,,5.0,4.0,2.0,6.0,,1.0,54.0,,,2.0,,,,2.0,5.0,5.0,,,,15.0,,,1.0,,,3.0,,1.0,,5.0,,,,,,,,,,,1.0,1.0,1.0,1.0,1.0,1.0,7.0,3.0,3.0,3.0,3.0,5.0,6.0,6.0,4.0,,,,,,,,,,,,2.0,1.0,2.0,1.0,2.0,1.0,1.0,1.0,1.0,2.0,1.0,1.0,1.0,1.0,1.0,1.0,1.0,2.0,2.0,1.0,1.0,2.0,1.0,1.0,1.0,1.0,1.0,1.0,1.0,1.0,1.0,1.0,1.0,1.0,1.0,1.0,2.0,1.0,1.0,1.0
925,3,4,4,2,3,3,4,2,2,3,,30.0,5.0,,5.0,4.0,2.0,,,,,6.0,,,1.0,1.0,,,,,,,,3.0,4.0,4.0,15.0,,,1.0,3.0,,,,1.0,,5.0,,,,,,,,,,,1.0,1.0,1.0,1.0,1.0,1.0,6.0,3.0,2.0,3.0,3.0,5.0,6.0,6.0,4.0,2.0,,,,,,,,,,,1.0,2.0,1.0,1.0,2.0,2.0,1.0,1.0,1.0,2.0,1.0,2.0,2.0,1.0,1.0,2.0,1.0,1.0,2.0,1.0,2.0,1.0,1.0,1.0,2.0,1.0,1.0,2.0,1.0,1.0,1.0,1.0,2.0,1.0,1.0,1.0,1.0,1.0,1.0,1.0
196,5,5,5,5,5,5,5,5,1,1,70.0,,,2.0,,,,,,,6.0,,,,1.0,1.0,,,,,2.0,5.0,5.0,,,,15.0,,1.0,,,,,,,,,,,,,,,,,,,,,,,,,,,,,,,,,,,,,,,,,,,,,,,,,,,,,,,,,,,,,,,,,,,,,,,,,,,,,,,,,,,,
370,2,3,3,1,2,3,3,2,1,2,70.0,,2.0,,5.0,4.0,2.0,,,,,6.0,,,1.0,1.0,,3.0,4.0,5.0,,,,,,,,12.0,,1.0,,,2.0,1.0,,4.0,,1.0,1.0,1.0,1.0,1.0,1.0,1.0,1.0,1.0,1.0,,,,,,,6.0,3.0,3.0,3.0,3.0,5.0,6.0,6.0,4.0,2.0,40.0,50.0,50.0,20.0,30.0,50.0,50.0,40.0,20.0,30.0,1.0,1.0,2.0,1.0,2.0,1.0,2.0,2.0,2.0,1.0,1.0,2.0,1.0,2.0,1.0,1.0,1.0,1.0,2.0,1.0,1.0,1.0,1.0,2.0,1.0,2.0,2.0,1.0,1.0,2.0,2.0,1.0,1.0,2.0,1.0,2.0,2.0,2.0,2.0,2.0
203,2,3,3,1,2,2,3,1,1,1,,30.0,2.0,,5.0,4.0,2.0,,,,6.0,,,,1.0,,2.0,,,,2.0,5.0,5.0,,,,,15.0,,1.0,4.0,,,1.0,,5.0,,,,,,,,,,,,1.0,1.0,1.0,1.0,1.0,1.0,7.0,3.0,2.0,2.0,3.0,5.0,6.0,6.0,4.0,2.0,,,,,,,,,,,1.0,1.0,2.0,1.0,2.0,1.0,1.0,1.0,1.0,2.0,1.0,2.0,1.0,1.0,1.0,1.0,1.0,1.0,1.0,1.0,1.0,1.0,1.0,1.0,1.0,1.0,1.0,1.0,1.0,1.0,1.0,1.0,1.0,1.0,1.0,1.0,1.0,1.0,1.0,1.0
1596,5,5,5,5,5,5,5,5,1,1,,30.0,,2.0,5.0,4.0,2.0,,,,,6.0,1.0,54.0,,,2.0,,,,2.0,5.0,5.0,,,,15.0,,,1.0,,4.0,,,1.0,5.0,,1.0,1.0,1.0,1.0,1.0,1.0,1.0,1.0,1.0,1.0,,,,,,,7.0,3.0,2.0,2.0,2.0,5.0,6.0,6.0,4.0,2.0,80.0,85.0,85.0,80.0,80.0,85.0,80.0,75.0,20.0,20.0,2.0,1.0,1.0,1.0,1.0,2.0,2.0,2.0,1.0,2.0,1.0,1.0,1.0,1.0,1.0,1.0,1.0,1.0,1.0,1.0,1.0,1.0,1.0,1.0,1.0,1.0,1.0,2.0,1.0,1.0,1.0,1.0,1.0,2.0,1.0,1.0,1.0,1.0,1.0,1.0
1770,5,5,5,5,5,5,5,5,2,2,,30.0,5.0,,,,,,,,,,,,1.0,1.0,,,,,,,,2.0,5.0,5.0,,10.0,1.0,,4.0,,,1.0,,,5.0,,,,,,,,,,,1.0,1.0,1.0,1.0,1.0,1.0,6.0,3.0,3.0,3.0,3.0,5.0,6.0,6.0,4.0,2.0,75.0,75.0,75.0,75.0,75.0,75.0,75.0,75.0,40.0,40.0,2.0,2.0,1.0,1.0,1.0,1.0,1.0,1.0,1.0,1.0,1.0,1.0,1.0,1.0,1.0,2.0,1.0,1.0,1.0,1.0,2.0,1.0,1.0,1.0,1.0,2.0,1.0,1.0,1.0,1.0,1.0,1.0,1.0,1.0,2.0,1.0,2.0,1.0,1.0,2.0
1603,4,4,4,3,3,4,4,3,2,2,,30.0,5.0,,,,,5.0,4.0,2.0,,6.0,1.0,54.0,,,2.0,,,,,,,2.0,4.0,5.0,15.0,,1.0,,4.0,,,,1.0,,5.0,1.0,1.0,1.0,1.0,1.0,1.0,1.0,1.0,1.0,1.0,,,,,,,6.0,3.0,2.0,2.0,3.0,5.0,6.0,6.0,4.0,2.0,65.0,65.0,65.0,50.0,50.0,65.0,65.0,50.0,35.0,35.0,2.0,1.0,1.0,2.0,2.0,1.0,1.0,1.0,1.0,2.0,1.0,2.0,1.0,1.0,1.0,2.0,1.0,1.0,1.0,1.0,1.0,1.0,1.0,1.0,1.0,2.0,1.0,2.0,1.0,2.0,1.0,2.0,1.0,1.0,1.0,1.0,1.0,2.0,1.0,1.0
897,2,3,3,2,3,3,3,2,4,3,,30.0,,2.0,,,,,,,,6.0,,,1.0,1.0,,,,,2.0,4.0,5.0,,,,15.0,,1.0,,,,3.0,,1.0,4.0,,,,,,,,,,,,1.0,1.0,1.0,1.0,1.0,1.0,6.0,3.0,3.0,3.0,3.0,5.0,6.0,6.0,4.0,,,,,,,,,,,,1.0,2.0,1.0,2.0,1.0,2.0,1.0,1.0,2.0,2.0,1.0,2.0,2.0,1.0,2.0,1.0,1.0,1.0,1.0,1.0,1.0,2.0,2.0,2.0,2.0,1.0,2.0,1.0,1.0,1.0,1.0,1.0,2.0,2.0,1.0,1.0,1.0,1.0,2.0,1.0
741,5,5,5,2,3,5,5,4,2,2,70.0,,,2.0,,,,,,,,6.0,1.0,54.0,,1.0,,2.0,5.0,5.0,,,,,,,,15.0,1.0,,,3.0,,1.0,,5.0,,1.0,1.0,1.0,1.0,1.0,1.0,1.0,1.0,1.0,1.0,,,,,,,6.0,3.0,3.0,3.0,3.0,5.0,6.0,6.0,4.0,,,,,,,,,,,,1.0,2.0,1.0,1.0,1.0,1.0,2.0,2.0,2.0,1.0,1.0,1.0,2.0,1.0,2.0,1.0,1.0,1.0,2.0,1.0,2.0,1.0,1.0,2.0,2.0,1.0,1.0,1.0,1.0,2.0,1.0,2.0,1.0,1.0,2.0,1.0,2.0,1.0,1.0,1.0
632,2,3,3,2,3,4,4,2,1,1,70.0,,,2.0,,,,,,,,6.0,1.0,54.0,,,2.0,2.0,4.0,5.0,,,,,,,,10.0,1.0,,,4.0,,,1.0,,5.0,,,,,,,,,,,1.0,1.0,1.0,1.0,1.0,1.0,7.0,3.0,2.0,2.0,3.0,5.0,6.0,6.0,3.0,2.0,55.0,50.0,50.0,40.0,45.0,60.0,60.0,40.0,30.0,30.0,1.0,2.0,2.0,2.0,1.0,2.0,1.0,1.0,1.0,2.0,1.0,1.0,2.0,2.0,1.0,2.0,1.0,1.0,1.0,1.0,2.0,1.0,2.0,2.0,1.0,1.0,2.0,1.0,1.0,1.0,2.0,1.0,2.0,1.0,1.0,1.0,1.0,2.0,1.0,1.0
1341,5,5,5,5,5,5,5,5,2,2,,30.0,5.0,,5.0,4.0,2.0,,,,,6.0,,,1.0,,2.0,,,,2.0,5.0,5.0,,,,,15.0,,1.0,,3.0,,1.0,,,5.0,1.0,1.0,1.0,1.0,1.0,1.0,1.0,1.0,1.0,1.0,,,,,,,7.0,3.0,3.0,3.0,3.0,5.0,6.0,6.0,4.0,2.0,75.0,75.0,80.0,80.0,80.0,80.0,80.0,75.0,40.0,40.0,1.0,2.0,2.0,1.0,2.0,2.0,1.0,1.0,2.0,1.0,2.0,2.0,1.0,2.0,2.0,1.0,1.0,1.0,2.0,1.0,1.0,2.0,2.0,1.0,2.0,1.0,1.0,1.0,1.0,1.0,1.0,1.0,1.0,1.0,1.0,2.0,1.0,1.0,1.0,2.0
1232,2,3,3,2,3,4,4,2,2,2,,30.0,,2.0,,,,,,,6.0,,1.0,54.0,,,2.0,,,,,,,3.0,4.0,5.0,15.0,,1.0,,,,3.0,,1.0,5.0,,1.0,1.0,1.0,1.0,1.0,1.0,1.0,1.0,1.0,1.0,,,,,,,6.0,3.0,3.0,3.0,3.0,5.0,6.0,6.0,3.0,,,,,,,,,,,,,,,,,,,,,,,,,,,,,,,,,,,,,,,,,,,,,,,,,,,
1867,5,5,5,4,4,5,5,4,2,2,,30.0,,2.0,,,,,,,,6.0,1.0,54.0,,,2.0,,,,2.0,5.0,5.0,,,,10.0,,1.0,,,3.0,,,1.0,,5.0,,,,,,,,,,,1.0,1.0,1.0,1.0,1.0,1.0,7.0,3.0,3.0,3.0,3.0,5.0,6.0,6.0,3.0,2.0,75.0,75.0,75.0,65.0,65.0,75.0,75.0,65.0,40.0,40.0,1.0,1.0,2.0,2.0,1.0,1.0,2.0,2.0,1.0,1.0,2.0,2.0,1.0,2.0,1.0,2.0,1.0,1.0,2.0,1.0,,,,,,,,,,,,,,,,,,,,
1914,5,4,5,4,4,5,5,4,2,2,,30.0,,2.0,,,,,,,6.0,,1.0,54.0,,,2.0,,,,,,,3.0,5.0,5.0,15.0,,1.0,,,,2.0,,1.0,5.0,,1.0,1.0,1.0,1.0,1.0,1.0,1.0,1.0,1.0,1.0,,,,,,,6.0,3.0,2.0,2.0,3.0,5.0,6.0,6.0,4.0,2.0,75.0,70.0,80.0,65.0,65.0,80.0,75.0,70.0,40.0,40.0,1.0,2.0,1.0,1.0,2.0,1.0,1.0,1.0,2.0,2.0,1.0,1.0,2.0,1.0,1.0,1.0,2.0,1.0,1.0,2.0,2.0,1.0,1.0,1.0,2.0,1.0,1.0,2.0,2.0,2.0,1.0,1.0,2.0,1.0,1.0,1.0,2.0,1.0,1.0,2.0
566,2,3,3,2,3,3,3,2,4,2,,30.0,,2.0,,,,,,,6.0,,,,1.0,,2.0,,,,3.0,4.0,5.0,,,,,12.0,,1.0,3.0,,,1.0,,,5.0,,,,,,,,,,,1.0,1.0,1.0,1.0,1.0,1.0,6.0,3.0,3.0,3.0,3.0,5.0,6.0,6.0,3.0,2.0,40.0,50.0,50.0,40.0,50.0,50.0,50.0,40.0,60.0,40.0,2.0,2.0,1.0,2.0,1.0,1.0,2.0,1.0,1.0,2.0,1.0,1.0,1.0,2.0,1.0,1.0,1.0,1.0,2.0,1.0,2.0,1.0,1.0,1.0,2.0,1.0,1.0,1.0,1.0,2.0,1.0,1.0,1.0,1.0,1.0,2.0,2.0,1.0,1.0,1.0
415,5,5,5,3,4,5,5,4,2,2,,30.0,5.0,,5.0,4.0,2.0,,,,6.0,,1.0,54.0,,,2.0,,,,,,,2.0,5.0,5.0,,15.0,1.0,,,,3.0,,1.0,,5.0,1.0,1.0,1.0,1.0,1.0,1.0,1.0,1.0,1.0,1.0,,,,,,,7.0,3.0,4.0,3.0,4.0,5.0,6.0,6.0,4.0,,,,,,,,,,,,,,,,,,,,,,,,,,,,,,,,,,,,,,,,,,,,,,,,,,,
209,2,3,3,1,2,3,3,2,1,1,,30.0,2.0,,5.0,4.0,2.0,,,,6.0,,,,1.0,,2.0,,,,3.0,4.0,5.0,,,,15.0,,1.0,,,,,,,,,,,,,,,,,,,,,,,,,,,,,,,,,,,,,,,,,,,,,,,,,,,,,,,,,,,,,,,,,,,,,,,,,,,,,,,,,,,,
780,2,3,3,2,3,3,3,2,4,3,,30.0,2.0,,,,,5.0,4.0,2.0,6.0,,,,1.0,1.0,,,,,2.0,4.0,5.0,,,,,12.0,,1.0,,3.0,,1.0,,,5.0,1.0,1.0,1.0,1.0,1.0,1.0,1.0,1.0,1.0,1.0,,,,,,,6.0,3.0,3.0,3.0,3.0,5.0,5.0,5.0,3.0,2.0,40.0,50.0,50.0,40.0,50.0,50.0,50.0,40.0,60.0,50.0,2.0,1.0,1.0,1.0,2.0,2.0,2.0,2.0,1.0,1.0,1.0,1.0,2.0,2.0,1.0,2.0,1.0,1.0,1.0,1.0,1.0,1.0,1.0,1.0,1.0,1.0,1.0,1.0,1.0,1.0,1.0,1.0,1.0,1.0,1.0,1.0,1.0,1.0,2.0,1.0
1166,5,5,5,5,5,5,5,5,1,1,,30.0,,2.0,,,,,,,,6.0,1.0,54.0,,1.0,,2.0,5.0,5.0,,,,,,,15.0,,,1.0,,2.0,,,1.0,,5.0,,,,,,,,,,,1.0,1.0,1.0,1.0,1.0,1.0,7.0,3.0,3.0,3.0,3.0,5.0,6.0,6.0,3.0,,,,,,,,,,,,1.0,1.0,1.0,1.0,2.0,2.0,1.0,2.0,1.0,1.0,1.0,1.0,1.0,1.0,1.0,1.0,2.0,1.0,1.0,2.0,1.0,1.0,1.0,1.0,1.0,1.0,1.0,2.0,1.0,1.0,1.0,1.0,1.0,1.0,1.0,2.0,1.0,1.0,1.0,1.0
1015,5,5,5,4,4,5,5,5,2,2,,30.0,,1.0,,,,,,,6.0,,,,1.0,,2.0,,,,3.0,5.0,5.0,,,,15.0,,1.0,,4.0,,,1.0,,5.0,,1.0,1.0,1.0,1.0,1.0,1.0,1.0,1.0,1.0,1.0,,,,,,,6.0,3.0,3.0,3.0,3.0,5.0,6.0,6.0,4.0,2.0,75.0,75.0,80.0,65.0,65.0,80.0,75.0,75.0,40.0,40.0,1.0,1.0,2.0,2.0,2.0,1.0,1.0,1.0,2.0,1.0,1.0,2.0,1.0,1.0,1.0,2.0,1.0,1.0,1.0,1.0,1.0,1.0,1.0,2.0,1.0,2.0,1.0,1.0,1.0,2.0,1.0,1.0,1.0,1.0,1.0,1.0,2.0,2.0,2.0,1.0
1609,2,3,3,1,2,3,3,1,1,1,,30.0,,,,,,,,,6.0,,1.0,54.0,,1.0,,2.0,4.0,5.0,,,,,,,15.0,,,1.0,,,2.0,,1.0,,5.0,,,,,,,,,,,1.0,1.0,1.0,1.0,1.0,1.0,6.0,3.0,2.0,2.0,3.0,5.0,6.0,6.0,4.0,,,,,,,,,,,,1.0,1.0,1.0,2.0,1.0,1.0,2.0,2.0,2.0,2.0,1.0,1.0,2.0,2.0,1.0,1.0,2.0,1.0,2.0,1.0,1.0,1.0,2.0,1.0,1.0,1.0,1.0,1.0,1.0,1.0,1.0,2.0,1.0,1.0,2.0,1.0,1.0,1.0,2.0,1.0
1380,5,5,5,5,5,5,5,5,2,2,,30.0,5.0,,5.0,4.0,2.0,,,,,6.0,,,1.0,,2.0,,,,2.0,5.0,5.0,,,,15.0,,,1.0,,,3.0,1.0,,,5.0,1.0,1.0,1.0,1.0,1.0,1.0,1.0,1.0,1.0,1.0,,,,,,,7.0,3.0,3.0,3.0,3.0,5.0,6.0,6.0,3.0,,,,,,,,,,,,1.0,1.0,2.0,1.0,2.0,1.0,1.0,2.0,2.0,2.0,1.0,2.0,1.0,2.0,1.0,2.0,1.0,1.0,1.0,1.0,1.0,2.0,2.0,1.0,1.0,1.0,2.0,1.0,2.0,1.0,2.0,1.0,2.0,1.0,2.0,1.0,2.0,2.0,1.0,1.0
1812,5,5,5,5,5,5,5,5,2,2,70.0,,5.0,,5.0,4.0,2.0,,,,,6.0,1.0,54.0,,1.0,,,,,3.0,5.0,5.0,,,,,15.0,,1.0,,,3.0,1.0,,,5.0,,,,,,,,,,,1.0,1.0,1.0,1.0,1.0,1.0,7.0,3.0,3.0,3.0,3.0,5.0,6.0,6.0,3.0,2.0,80.0,80.0,85.0,80.0,75.0,85.0,80.0,75.0,40.0,40.0,1.0,2.0,2.0,1.0,2.0,1.0,1.0,2.0,1.0,1.0,2.0,1.0,1.0,2.0,1.0,1.0,2.0,1.0,1.0,2.0,1.0,1.0,1.0,2.0,1.0,1.0,1.0,1.0,1.0,2.0,1.0,2.0,1.0,1.0,1.0,1.0,2.0,2.0,1.0,1.0
1961,5,5,5,4,4,5,5,4,2,2,,30.0,,2.0,,,,,,,,6.0,,,1.0,,2.0,,,,,,,3.0,5.0,5.0,,15.0,1.0,,,4.0,,1.0,,,5.0,,,,,,,,,,,1.0,1.0,1.0,1.0,1.0,1.0,7.0,3.0,3.0,3.0,3.0,5.0,6.0,6.0,4.0,2.0,80.0,80.0,85.0,70.0,70.0,85.0,80.0,70.0,40.0,40.0,1.0,2.0,1.0,1.0,2.0,1.0,2.0,1.0,2.0,1.0,1.0,1.0,2.0,1.0,1.0,2.0,2.0,1.0,1.0,1.0,1.0,2.0,1.0,1.0,1.0,1.0,2.0,2.0,1.0,1.0,1.0,1.0,2.0,1.0,2.0,1.0,2.0,2.0,2.0,2.0
686,2,3,3,2,3,2,3,2,4,4,70.0,,,2.0,5.0,4.0,2.0,,,,,6.0,1.0,54.0,,1.0,,,,,,,,2.0,4.0,5.0,,15.0,1.0,,,3.0,,1.0,,5.0,,1.0,1.0,1.0,1.0,1.0,1.0,1.0,1.0,1.0,1.0,,,,,,,6.0,3.0,2.0,2.0,3.0,5.0,6.0,6.0,3.0,2.0,40.0,50.0,50.0,40.0,50.0,40.0,50.0,40.0,60.0,60.0,1.0,1.0,2.0,1.0,1.0,1.0,1.0,2.0,2.0,1.0,1.0,1.0,2.0,1.0,2.0,2.0,1.0,1.0,1.0,1.0,,,,,,,,,,,,,,,,,,,,
513,5,5,5,5,5,5,5,5,2,2,,30.0,6.0,,5.0,4.0,2.0,,,,6.0,,1.0,54.0,,1.0,,,,,,,,3.0,5.0,5.0,15.0,,1.0,,4.0,,,,1.0,,5.0,,,,,,,,,,,1.0,1.0,1.0,1.0,1.0,1.0,7.0,3.0,3.0,3.0,3.0,5.0,6.0,6.0,4.0,2.0,80.0,80.0,85.0,85.0,80.0,85.0,85.0,80.0,40.0,40.0,1.0,2.0,1.0,1.0,2.0,2.0,2.0,1.0,1.0,1.0,1.0,2.0,1.0,2.0,1.0,1.0,1.0,2.0,1.0,1.0,1.0,1.0,1.0,1.0,2.0,1.0,2.0,2.0,1.0,1.0,1.0,1.0,1.0,1.0,1.0,1.0,1.0,1.0,1.0,1.0
460,5,5,5,5,5,5,5,5,2,2,70.0,,,,,,,,,,6.0,,,,1.0,1.0,,,,,,,,3.0,5.0,5.0,,12.0,1.0,,4.0,,,,1.0,5.0,,1.0,1.0,1.0,1.0,1.0,1.0,1.0,1.0,1.0,1.0,,,,,,,6.0,3.0,3.0,3.0,3.0,5.0,6.0,6.0,4.0,2.0,80.0,80.0,85.0,85.0,80.0,85.0,80.0,75.0,40.0,40.0,1.0,2.0,1.0,2.0,2.0,1.0,2.0,1.0,1.0,2.0,2.0,1.0,1.0,1.0,1.0,1.0,1.0,2.0,1.0,2.0,2.0,2.0,1.0,2.0,2.0,1.0,1.0,2.0,2.0,2.0,1.0,2.0,2.0,1.0,1.0,1.0,2.0,1.0,1.0,1.0
1286,4,4,4,3,3,4,4,3,2,2,70.0,,4.0,,5.0,4.0,2.0,,,,6.0,,,,1.0,,2.0,,,,2.0,5.0,5.0,,,,15.0,,1.0,,,4.0,,1.0,,,5.0,,,,,,,,,,,1.0,1.0,1.0,1.0,1.0,1.0,6.0,3.0,3.0,3.0,3.0,5.0,6.0,6.0,4.0,2.0,70.0,65.0,65.0,50.0,50.0,65.0,65.0,50.0,35.0,35.0,2.0,1.0,2.0,1.0,2.0,1.0,1.0,2.0,2.0,1.0,1.0,1.0,2.0,2.0,1.0,1.0,2.0,1.0,1.0,2.0,1.0,1.0,1.0,2.0,1.0,1.0,2.0,1.0,1.0,1.0,1.0,2.0,1.0,2.0,1.0,2.0,1.0,1.0,1.0,1.0
1113,5,5,5,5,5,5,5,5,1,2,70.0,,,,,,,,,,,6.0,,,1.0,,2.0,3.0,5.0,5.0,,,,,,,,15.0,,1.0,,,3.0,1.0,,,5.0,1.0,1.0,1.0,1.0,1.0,1.0,1.0,1.0,1.0,1.0,,,,,,,7.0,3.0,4.0,3.0,3.0,5.0,6.0,6.0,4.0,,,,,,,,,,,,1.0,2.0,1.0,2.0,1.0,1.0,2.0,1.0,1.0,1.0,1.0,2.0,2.0,1.0,2.0,1.0,1.0,1.0,2.0,1.0,1.0,1.0,1.0,2.0,2.0,1.0,2.0,2.0,2.0,1.0,1.0,1.0,1.0,1.0,1.0,1.0,1.0,1.0,1.0,1.0
1060,5,5,5,4,4,5,5,5,1,2,,30.0,,2.0,,,,,,,6.0,,1.0,54.0,,,2.0,,,,2.0,5.0,5.0,,,,15.0,,,1.0,,,3.0,1.0,,,5.0,1.0,1.0,1.0,1.0,1.0,1.0,1.0,1.0,1.0,1.0,,,,,,,6.0,3.0,3.0,3.0,3.0,5.0,6.0,6.0,4.0,,,,,,,,,,,,2.0,1.0,1.0,1.0,2.0,1.0,1.0,1.0,1.0,2.0,2.0,2.0,2.0,1.0,1.0,1.0,1.0,1.0,1.0,1.0,2.0,2.0,1.0,1.0,2.0,1.0,1.0,2.0,1.0,1.0,2.0,1.0,2.0,1.0,2.0,1.0,1.0,1.0,1.0,1.0
829,5,5,5,4,4,5,5,4,2,2,70.0,,,2.0,5.0,4.0,3.0,,,,,6.0,,,1.0,,2.0,,,,,,,3.0,5.0,5.0,,10.0,1.0,,4.0,,,1.0,,,5.0,1.0,1.0,1.0,1.0,1.0,1.0,1.0,1.0,1.0,1.0,,,,,,,6.0,3.0,3.0,3.0,3.0,5.0,6.0,6.0,4.0,2.0,75.0,75.0,75.0,65.0,65.0,75.0,75.0,65.0,35.0,35.0,2.0,1.0,2.0,1.0,2.0,1.0,2.0,1.0,1.0,1.0,1.0,2.0,2.0,1.0,2.0,1.0,1.0,1.0,1.0,2.0,1.0,1.0,1.0,2.0,1.0,2.0,1.0,1.0,2.0,1.0,1.0,2.0,1.0,1.0,1.0,1.0,1.0,1.0,2.0,2.0
128,4,4,4,2,3,3,4,2,2,2,70.0,,2.0,,5.0,4.0,2.0,,,,6.0,,,,1.0,,2.0,3.0,4.0,5.0,,,,,,,15.0,,1.0,,,3.0,,1.0,,,5.0,1.0,1.0,1.0,1.0,1.0,1.0,1.0,1.0,1.0,1.0,,,,,,,6.0,3.0,3.0,3.0,3.0,5.0,6.0,6.0,3.0,,,,,,,,,,,,1.0,1.0,2.0,2.0,2.0,1.0,1.0,1.0,1.0,2.0,1.0,2.0,1.0,1.0,2.0,1.0,1.0,1.0,1.0,1.0,1.0,1.0,1.0,1.0,1.0,2.0,1.0,1.0,1.0,1.0,1.0,1.0,1.0,2.0,1.0,1.0,2.0,1.0,1.0,1.0
734,5,5,5,4,4,5,5,4,2,3,,30.0,5.0,,5.0,4.0,2.0,,,,,6.0,,,1.0,,2.0,,,,,,,2.0,5.0,5.0,,12.0,1.0,,,3.0,,,1.0,,5.0,,,,,,,,,,,1.0,1.0,1.0,1.0,1.0,1.0,6.0,3.0,3.0,3.0,3.0,5.0,6.0,6.0,4.0,,,,,,,,,,,,,,,,,,,,,,,,,,,,,,,,,,,,,,,,,,,,,,,,,,,
647,4,4,4,3,3,4,4,4,2,2,70.0,,5.0,,,,,,,,6.0,,1.0,54.0,,,2.0,,,,,,,3.0,4.0,5.0,15.0,,,1.0,,,3.0,1.0,,5.0,,,,,,,,,,,,1.0,1.0,1.0,1.0,1.0,1.0,7.0,3.0,3.0,3.0,3.0,5.0,6.0,6.0,4.0,,,,,,,,,,,,1.0,2.0,1.0,2.0,1.0,1.0,2.0,1.0,2.0,1.0,1.0,2.0,1.0,1.0,2.0,1.0,1.0,2.0,1.0,1.0,1.0,2.0,1.0,1.0,1.0,2.0,1.0,1.0,1.0,2.0,2.0,1.0,1.0,1.0,1.0,2.0,1.0,1.0,1.0,1.0
1528,5,5,5,4,4,5,5,5,2,2,,30.0,,2.0,,,,,,,,6.0,1.0,54.0,,,2.0,,,,3.0,5.0,5.0,,,,,15.0,,1.0,,,3.0,1.0,,5.0,,1.0,1.0,1.0,1.0,1.0,1.0,1.0,1.0,1.0,1.0,,,,,,,7.0,3.0,2.0,2.0,3.0,6.0,6.0,6.0,4.0,,,,,,,,,,,,2.0,1.0,2.0,2.0,1.0,1.0,1.0,2.0,1.0,1.0,2.0,1.0,1.0,1.0,2.0,1.0,2.0,2.0,1.0,1.0,1.0,1.0,1.0,2.0,1.0,1.0,1.0,1.0,2.0,1.0,1.0,1.0,1.0,1.0,1.0,1.0,2.0,1.0,1.0,1.0
1334,5,5,5,4,4,5,5,5,2,3,,30.0,5.0,,,,,5.0,4.0,2.0,6.0,,,,1.0,1.0,,3.0,5.0,5.0,,,,,,,,15.0,1.0,,,,3.0,1.0,,5.0,,1.0,1.0,1.0,1.0,1.0,1.0,1.0,1.0,1.0,1.0,,,,,,,6.0,3.0,3.0,3.0,3.0,5.0,6.0,6.0,4.0,,,,,,,,,,,,2.0,1.0,2.0,1.0,1.0,1.0,1.0,1.0,1.0,1.0,1.0,1.0,1.0,1.0,1.0,1.0,1.0,1.0,2.0,1.0,1.0,1.0,1.0,1.0,1.0,1.0,1.0,1.0,1.0,1.0,1.0,1.0,1.0,1.0,1.0,1.0,1.0,1.0,1.0,1.0
1247,4,4,4,2,3,4,4,3,2,2,,30.0,5.0,,5.0,4.0,2.0,,,,,6.0,1.0,54.0,,1.0,,,,,,,,3.0,4.0,5.0,,15.0,1.0,,,,3.0,1.0,,5.0,,,,,,,,,,,,1.0,1.0,1.0,1.0,1.0,1.0,6.0,3.0,2.0,3.0,3.0,5.0,6.0,5.0,3.0,2.0,65.0,60.0,60.0,40.0,45.0,60.0,60.0,45.0,35.0,35.0,1.0,1.0,1.0,2.0,2.0,1.0,2.0,1.0,1.0,1.0,1.0,1.0,1.0,1.0,1.0,2.0,1.0,2.0,1.0,1.0,1.0,2.0,1.0,1.0,2.0,1.0,1.0,1.0,1.0,1.0,1.0,1.0,1.0,1.0,1.0,1.0,1.0,1.0,1.0,1.0
1823,2,3,3,1,2,2,3,1,4,3,,30.0,,2.0,,,,,,,,6.0,,,1.0,,2.0,,,,,,,2.0,4.0,5.0,15.0,,,1.0,,3.0,,1.0,,4.0,,1.0,1.0,1.0,1.0,1.0,1.0,1.0,1.0,1.0,1.0,,,,,,,6.0,3.0,2.0,2.0,3.0,5.0,6.0,6.0,3.0,2.0,40.0,50.0,50.0,20.0,30.0,30.0,50.0,20.0,60.0,50.0,1.0,1.0,2.0,1.0,2.0,1.0,1.0,1.0,2.0,2.0,1.0,1.0,1.0,2.0,1.0,1.0,1.0,2.0,1.0,1.0,,,,,,,,,,,,,,,,,,,,
1950,5,5,5,5,5,5,5,5,2,2,70.0,,,2.0,,,,,,,6.0,,,,1.0,1.0,,3.0,5.0,5.0,,,,,,,15.0,,,1.0,,,2.0,,1.0,,5.0,1.0,1.0,1.0,1.0,1.0,1.0,1.0,1.0,1.0,1.0,,,,,,,6.0,3.0,3.0,3.0,3.0,5.0,6.0,6.0,4.0,2.0,80.0,80.0,85.0,85.0,80.0,85.0,85.0,80.0,40.0,40.0,1.0,2.0,2.0,2.0,1.0,2.0,1.0,2.0,1.0,1.0,1.0,1.0,2.0,2.0,1.0,1.0,1.0,1.0,1.0,1.0,1.0,1.0,1.0,1.0,1.0,1.0,1.0,2.0,1.0,1.0,1.0,1.0,1.0,2.0,2.0,2.0,1.0,1.0,1.0,2.0
1122,2,3,3,2,3,4,4,2,1,2,70.0,,5.0,,,,,5.0,4.0,2.0,6.0,,,,1.0,1.0,,,,,2.0,4.0,5.0,,,,,12.0,1.0,,,3.0,,1.0,,4.0,,,,,,,,,,,,1.0,1.0,1.0,1.0,1.0,1.0,7.0,3.0,2.0,3.0,3.0,5.0,6.0,5.0,3.0,,,,,,,,,,,,2.0,1.0,1.0,1.0,1.0,2.0,1.0,1.0,2.0,1.0,1.0,2.0,2.0,1.0,1.0,1.0,1.0,1.0,1.0,2.0,1.0,1.0,1.0,1.0,1.0,1.0,1.0,1.0,1.0,1.0,1.0,1.0,1.0,2.0,1.0,1.0,1.0,1.0,1.0,1.0
1051,5,5,5,5,5,5,5,5,1,1,,30.0,5.0,,,,,,,,6.0,,,,1.0,,2.0,,,,,,,2.0,5.0,5.0,15.0,,1.0,,,3.0,,1.0,,,5.0,1.0,1.0,1.0,1.0,1.0,1.0,1.0,1.0,1.0,1.0,,,,,,,7.0,3.0,2.0,2.0,3.0,5.0,6.0,6.0,4.0,,,,,,,,,,,,1.0,2.0,2.0,1.0,2.0,1.0,1.0,1.0,1.0,1.0,1.0,2.0,1.0,1.0,1.0,2.0,1.0,1.0,2.0,1.0,1.0,2.0,2.0,2.0,1.0,1.0,2.0,1.0,2.0,2.0,2.0,1.0,1.0,1.0,2.0,1.0,2.0,1.0,1.0,1.0
522,5,5,5,5,5,5,5,5,2,2,,30.0,,1.0,,,,,,,6.0,,,,1.0,1.0,,,,,2.0,5.0,5.0,,,,15.0,,1.0,,4.0,,,,1.0,,5.0,,,,,,,,,,,1.0,1.0,1.0,1.0,1.0,1.0,7.0,3.0,2.0,3.0,3.0,5.0,6.0,6.0,4.0,2.0,75.0,75.0,80.0,80.0,75.0,75.0,80.0,70.0,40.0,40.0,2.0,1.0,1.0,2.0,2.0,1.0,1.0,1.0,2.0,1.0,1.0,1.0,2.0,2.0,1.0,1.0,1.0,2.0,2.0,2.0,1.0,1.0,2.0,1.0,1.0,1.0,1.0,2.0,1.0,1.0,2.0,2.0,1.0,1.0,1.0,1.0,2.0,1.0,1.0,1.0
451,5,5,5,5,5,5,5,5,2,2,70.0,,6.0,,,,,5.0,4.0,2.0,,6.0,1.0,54.0,,1.0,,,,,2.0,5.0,5.0,,,,15.0,,1.0,,,4.0,,1.0,,,5.0,1.0,1.0,1.0,1.0,1.0,1.0,1.0,1.0,1.0,1.0,,,,,,,6.0,3.0,3.0,3.0,3.0,5.0,6.0,6.0,4.0,,,,,,,,,,,,1.0,2.0,1.0,2.0,2.0,2.0,2.0,1.0,1.0,1.0,1.0,2.0,2.0,1.0,2.0,1.0,1.0,1.0,1.0,1.0,1.0,1.0,2.0,1.0,1.0,2.0,1.0,1.0,1.0,2.0,2.0,1.0,2.0,1.0,1.0,1.0,1.0,1.0,1.0,1.0
818,5,5,5,5,5,5,5,4,2,3,70.0,,5.0,,5.0,4.0,3.0,,,,6.0,,1.0,54.0,,1.0,,,,,,,,2.0,5.0,5.0,,15.0,1.0,,,,3.0,1.0,,5.0,,1.0,1.0,1.0,1.0,1.0,1.0,1.0,1.0,1.0,1.0,,,,,,,6.0,3.0,3.0,3.0,3.0,5.0,6.0,6.0,4.0,2.0,75.0,75.0,80.0,80.0,80.0,80.0,80.0,70.0,40.0,50.0,1.0,1.0,1.0,2.0,2.0,1.0,2.0,1.0,2.0,1.0,1.0,2.0,1.0,1.0,2.0,1.0,2.0,2.0,2.0,1.0,1.0,1.0,1.0,1.0,2.0,1.0,1.0,1.0,2.0,1.0,1.0,1.0,1.0,1.0,1.0,1.0,2.0,2.0,2.0,1.0
1991,5,5,5,4,4,5,5,4,2,2,,30.0,,2.0,5.0,4.0,2.0,,,,,6.0,,,1.0,1.0,,,,,2.0,5.0,5.0,,,,,15.0,1.0,,4.0,,,,1.0,,5.0,1.0,1.0,1.0,1.0,1.0,1.0,1.0,1.0,1.0,1.0,,,,,,,6.0,3.0,3.0,3.0,3.0,5.0,6.0,6.0,4.0,2.0,75.0,80.0,85.0,65.0,65.0,80.0,75.0,60.0,35.0,35.0,2.0,2.0,1.0,2.0,1.0,1.0,2.0,1.0,2.0,1.0,1.0,2.0,1.0,2.0,1.0,2.0,2.0,1.0,1.0,1.0,2.0,1.0,2.0,1.0,2.0,1.0,1.0,1.0,1.0,2.0,1.0,1.0,2.0,1.0,2.0,2.0,1.0,1.0,2.0,1.0
1519,5,5,5,5,5,5,5,5,2,2,,30.0,,1.0,,,,,,,,6.0,1.0,54.0,,,2.0,,,,,,,2.0,5.0,5.0,,15.0,1.0,,4.0,,,,1.0,5.0,,1.0,1.0,1.0,1.0,1.0,1.0,1.0,1.0,1.0,1.0,,,,,,,6.0,3.0,3.0,3.0,3.0,5.0,5.0,5.0,4.0,2.0,80.0,80.0,85.0,85.0,85.0,85.0,85.0,80.0,40.0,40.0,2.0,1.0,1.0,2.0,2.0,1.0,1.0,2.0,1.0,1.0,1.0,1.0,1.0,2.0,1.0,2.0,1.0,2.0,1.0,1.0,1.0,1.0,1.0,1.0,1.0,2.0,1.0,1.0,2.0,2.0,1.0,1.0,2.0,1.0,1.0,2.0,1.0,1.0,1.0,1.0
1090,5,5,5,4,4,5,5,4,2,2,,30.0,5.0,,,,,5.0,4.0,2.0,,6.0,1.0,54.0,,1.0,,2.0,5.0,5.0,,,,,,,,10.0,1.0,,,,2.0,,1.0,,5.0,1.0,1.0,1.0,1.0,1.0,1.0,1.0,1.0,1.0,1.0,,,,,,,6.0,3.0,3.0,3.0,3.0,5.0,6.0,6.0,3.0,2.0,70.0,70.0,70.0,60.0,60.0,70.0,70.0,60.0,40.0,40.0,2.0,2.0,1.0,2.0,1.0,2.0,1.0,1.0,2.0,1.0,1.0,2.0,1.0,1.0,2.0,1.0,2.0,1.0,1.0,2.0,1.0,2.0,1.0,1.0,1.0,1.0,2.0,2.0,1.0,1.0,1.0,2.0,1.0,1.0,2.0,2.0,1.0,2.0,1.0,1.0
1305,5,5,5,5,5,5,5,5,2,2,,30.0,6.0,,,,,5.0,4.0,2.0,,6.0,1.0,54.0,,1.0,,3.0,5.0,5.0,,,,,,,15.0,,,1.0,4.0,,,,1.0,,5.0,,,,,,,,,,,1.0,1.0,1.0,1.0,1.0,1.0,7.0,3.0,2.0,2.0,3.0,5.0,6.0,6.0,4.0,2.0,75.0,75.0,80.0,80.0,75.0,80.0,80.0,70.0,40.0,40.0,2.0,2.0,1.0,2.0,1.0,1.0,1.0,1.0,1.0,2.0,1.0,2.0,1.0,1.0,1.0,2.0,1.0,1.0,1.0,1.0,1.0,1.0,1.0,2.0,1.0,1.0,1.0,2.0,2.0,1.0,1.0,2.0,1.0,1.0,2.0,1.0,1.0,1.0,1.0,1.0
1276,4,4,4,2,3,4,4,3,2,2,70.0,,5.0,,4.0,4.0,2.0,,,,,6.0,,,1.0,,2.0,,,,2.0,4.0,5.0,,,,15.0,,,1.0,,3.0,,1.0,,,5.0,,,,,,,,,,,1.0,1.0,1.0,1.0,1.0,1.0,7.0,3.0,3.0,3.0,3.0,5.0,6.0,6.0,,,,,,,,,,,,,,,,,,,,,,,,,,,,,,,,,,,,,,,,,,,,,,,,,,,,
119,2,3,3,2,3,4,4,2,2,2,,30.0,,2.0,,,,,,,,6.0,1.0,54.0,,1.0,,,,,2.0,4.0,5.0,,,,15.0,,,1.0,4.0,,,1.0,,5.0,,,,,,,,,,,,1.0,1.0,1.0,1.0,1.0,1.0,7.0,3.0,3.0,3.0,3.0,5.0,6.0,6.0,4.0,,,,,,,,,,,,1.0,1.0,1.0,1.0,1.0,2.0,2.0,1.0,1.0,1.0,2.0,1.0,1.0,2.0,1.0,2.0,1.0,2.0,1.0,2.0,1.0,1.0,2.0,2.0,2.0,1.0,1.0,2.0,2.0,1.0,1.0,2.0,1.0,2.0,1.0,1.0,2.0,1.0,1.0,1.0
490,4,4,4,3,3,4,4,3,2,2,70.0,,,2.0,,,,5.0,4.0,2.0,,6.0,,,1.0,,2.0,3.0,4.0,5.0,,,,,,,15.0,,,1.0,,4.0,,1.0,,4.0,,1.0,1.0,1.0,1.0,1.0,1.0,1.0,1.0,1.0,1.0,,,,,,,6.0,3.0,2.0,2.0,3.0,5.0,6.0,6.0,3.0,,,,,,,,,,,,2.0,1.0,1.0,2.0,2.0,2.0,1.0,2.0,1.0,2.0,1.0,2.0,1.0,1.0,2.0,1.0,2.0,1.0,2.0,1.0,1.0,2.0,1.0,2.0,2.0,1.0,1.0,2.0,1.0,2.0,1.0,2.0,1.0,2.0,1.0,2.0,1.0,2.0,1.0,2.0
705,5,5,5,5,5,5,5,5,2,3,70.0,,5.0,,,,,5.0,4.0,2.0,,6.0,1.0,54.0,,,2.0,,,,2.0,5.0,5.0,,,,,10.0,1.0,,,,4.0,,,,,,,,,,,,,,,,,,,,,,,,,,,,,,2.0,75.0,70.0,75.0,70.0,70.0,75.0,70.0,65.0,40.0,50.0,1.0,1.0,2.0,2.0,2.0,1.0,1.0,2.0,2.0,1.0,1.0,1.0,2.0,2.0,1.0,1.0,1.0,1.0,1.0,2.0,1.0,1.0,2.0,2.0,1.0,2.0,1.0,1.0,1.0,2.0,1.0,1.0,1.0,1.0,1.0,1.0,1.0,1.0,1.0,2.0
676,4,4,4,2,3,4,4,3,2,2,,30.0,,2.0,,,,,,,6.0,,,,1.0,1.0,,3.0,4.0,5.0,,,,,,,15.0,,,1.0,4.0,,,1.0,,,5.0,1.0,1.0,1.0,1.0,1.0,1.0,1.0,1.0,1.0,1.0,,,,,,,6.0,3.0,2.0,2.0,3.0,5.0,6.0,6.0,3.0,,,,,,,,,,,,2.0,1.0,2.0,1.0,2.0,1.0,2.0,1.0,1.0,1.0,2.0,1.0,1.0,2.0,1.0,1.0,2.0,2.0,1.0,1.0,2.0,1.0,1.0,1.0,2.0,1.0,1.0,2.0,1.0,1.0,1.0,2.0,1.0,1.0,1.0,1.0,1.0,1.0,1.0,2.0
1897,5,5,5,5,5,5,5,5,2,2,,30.0,,2.0,,,,,,,6.0,,1.0,54.0,,1.0,,3.0,5.0,5.0,,,,,,,,15.0,,1.0,,4.0,,,1.0,5.0,,1.0,1.0,1.0,1.0,1.0,1.0,1.0,1.0,1.0,1.0,,,,,,,6.0,3.0,3.0,3.0,4.0,5.0,6.0,6.0,4.0,2.0,75.0,75.0,80.0,80.0,75.0,80.0,80.0,70.0,40.0,40.0,1.0,1.0,2.0,1.0,1.0,1.0,1.0,1.0,1.0,1.0,1.0,2.0,1.0,1.0,2.0,1.0,1.0,2.0,1.0,1.0,1.0,1.0,1.0,1.0,1.0,1.0,1.0,2.0,2.0,2.0,1.0,1.0,1.0,1.0,1.0,1.0,1.0,2.0,1.0,1.0
1370,4,4,4,2,3,3,4,2,2,2,70.0,,5.0,,,,,5.0,4.0,2.0,6.0,,,,1.0,,2.0,,,,,,,2.0,4.0,5.0,15.0,,1.0,,,4.0,,1.0,,5.0,,,,,,,,,,,,1.0,1.0,1.0,1.0,1.0,1.0,6.0,3.0,2.0,2.0,3.0,5.0,6.0,6.0,4.0,,,,,,,,,,,,1.0,2.0,2.0,2.0,2.0,2.0,2.0,2.0,2.0,1.0,2.0,2.0,2.0,2.0,1.0,2.0,2.0,2.0,1.0,1.0,1.0,2.0,1.0,2.0,2.0,1.0,1.0,1.0,1.0,1.0,1.0,2.0,2.0,2.0,2.0,2.0,1.0,1.0,1.0,2.0
1203,4,4,4,2,3,4,4,3,2,2,70.0,,,2.0,,,,,,,6.0,,,,1.0,,2.0,3.0,4.0,5.0,,,,,,,15.0,,1.0,,,,,,,,,,,,,,,,,,,,,,,,,,,,,,,,,,,,,,,,,,,,,,,,,,,,,,,,,,,,,,,,,,,,,,,,,,,,,,,,,,,,
1196,5,5,5,3,4,5,5,4,2,2,70.0,,,2.0,,,,,,,,6.0,,,1.0,1.0,,3.0,5.0,5.0,,,,,,,15.0,,1.0,,,,3.0,1.0,,5.0,,1.0,1.0,1.0,1.0,1.0,1.0,1.0,1.0,1.0,1.0,,,,,,,7.0,3.0,3.0,3.0,3.0,5.0,6.0,6.0,4.0,2.0,70.0,70.0,70.0,50.0,60.0,70.0,70.0,60.0,40.0,40.0,2.0,2.0,2.0,1.0,1.0,1.0,1.0,1.0,1.0,1.0,2.0,1.0,1.0,2.0,1.0,1.0,1.0,1.0,1.0,1.0,1.0,1.0,1.0,1.0,1.0,2.0,1.0,1.0,1.0,1.0,1.0,1.0,2.0,1.0,1.0,2.0,1.0,1.0,1.0,1.0
770,2,3,3,2,3,3,3,2,2,2,70.0,,2.0,,5.0,4.0,2.0,,,,6.0,,,,1.0,1.0,,,,,2.0,4.0,5.0,,,,,15.0,1.0,,4.0,,,,1.0,,5.0,,,,,,,,,,,1.0,1.0,1.0,1.0,1.0,1.0,6.0,3.0,2.0,2.0,3.0,5.0,6.0,6.0,3.0,2.0,40.0,50.0,50.0,40.0,50.0,50.0,50.0,40.0,40.0,40.0,2.0,1.0,1.0,1.0,1.0,1.0,2.0,1.0,2.0,1.0,1.0,1.0,2.0,1.0,2.0,2.0,1.0,2.0,2.0,1.0,1.0,2.0,1.0,2.0,2.0,1.0,2.0,1.0,1.0,2.0,1.0,1.0,2.0,1.0,1.0,2.0,1.0,2.0,2.0,1.0
603,5,5,5,5,5,5,5,5,2,2,30.0,,,2.0,,,,,,,6.0,,,,1.0,1.0,,3.0,5.0,5.0,,,,,,,,15.0,1.0,,4.0,,,1.0,,5.0,,1.0,1.0,1.0,1.0,1.0,1.0,1.0,1.0,1.0,1.0,,,,,,,6.0,3.0,3.0,3.0,3.0,5.0,6.0,6.0,3.0,,,,,,,,,,,,,,,,,,,,,,,,,,,,,,,,,,,,,,,,,,,,,,,,,,,
596,4,4,4,2,3,4,4,3,2,3,,30.0,2.0,,,,,5.0,4.0,2.0,,6.0,,,1.0,,2.0,,,,,,,2.0,4.0,5.0,15.0,,,1.0,4.0,,,1.0,,5.0,,1.0,1.0,1.0,1.0,1.0,1.0,1.0,1.0,1.0,1.0,,,,,,,6.0,3.0,2.0,3.0,3.0,5.0,6.0,6.0,3.0,,,,,,,,,,,,,,,,,,,,,,,,,,,,,,,,,,,,,,,,,,,,,,,,,,,
1856,5,5,5,5,5,5,5,5,2,2,,30.0,6.0,,5.0,4.0,2.0,,,,6.0,,1.0,54.0,,1.0,,,,,,,,2.0,5.0,5.0,,10.0,1.0,,,3.0,,,1.0,,5.0,1.0,1.0,1.0,1.0,1.0,1.0,1.0,1.0,1.0,1.0,,,,,,,6.0,3.0,3.0,3.0,3.0,5.0,6.0,6.0,4.0,2.0,75.0,80.0,85.0,80.0,75.0,80.0,85.0,70.0,40.0,45.0,2.0,2.0,1.0,1.0,1.0,1.0,1.0,1.0,1.0,1.0,1.0,1.0,1.0,2.0,1.0,1.0,2.0,1.0,1.0,1.0,1.0,1.0,1.0,1.0,1.0,1.0,1.0,1.0,1.0,1.0,1.0,1.0,1.0,1.0,1.0,2.0,1.0,1.0,1.0,1.0
1925,5,5,5,5,5,5,5,5,2,2,70.0,,2.0,,,,,5.0,4.0,2.0,,6.0,1.0,54.0,,,2.0,,,,,,,3.0,5.0,5.0,,15.0,,1.0,,4.0,,,1.0,5.0,,,,,,,,,,,,1.0,1.0,1.0,1.0,1.0,1.0,7.0,3.0,3.0,3.0,3.0,5.0,6.0,6.0,4.0,2.0,80.0,75.0,80.0,75.0,75.0,80.0,80.0,75.0,40.0,40.0,1.0,2.0,2.0,2.0,1.0,1.0,2.0,1.0,1.0,1.0,2.0,1.0,1.0,2.0,2.0,1.0,2.0,1.0,1.0,1.0,1.0,1.0,1.0,1.0,2.0,1.0,2.0,1.0,1.0,1.0,1.0,1.0,1.0,1.0,1.0,2.0,2.0,1.0,1.0,1.0
1157,2,3,3,2,3,2,3,2,2,3,,30.0,2.0,,5.0,4.0,2.0,,,,6.0,,1.0,54.0,,1.0,,,,,,,,3.0,4.0,5.0,,10.0,1.0,,3.0,,,,1.0,4.0,,1.0,1.0,1.0,1.0,1.0,1.0,1.0,1.0,1.0,1.0,,,,,,,6.0,3.0,3.0,3.0,3.0,5.0,6.0,6.0,3.0,2.0,40.0,50.0,50.0,40.0,50.0,40.0,50.0,40.0,40.0,50.0,2.0,1.0,1.0,2.0,1.0,2.0,1.0,1.0,2.0,1.0,2.0,2.0,1.0,1.0,2.0,1.0,2.0,1.0,1.0,2.0,1.0,2.0,1.0,2.0,1.0,1.0,1.0,2.0,1.0,1.0,2.0,1.0,2.0,2.0,1.0,2.0,2.0,1.0,1.0,1.0
1024,1,2,2,1,2,1,2,1,1,1,70.0,,1.0,,,,,5.0,4.0,2.0,,6.0,,,1.0,1.0,,1.0,1.0,1.0,,,,,,,15.0,,1.0,,,2.0,,1.0,,,1.0,,,,,,,,,,,1.0,1.0,1.0,1.0,1.0,1.0,6.0,2.0,2.0,2.0,3.0,6.0,6.0,6.0,3.0,,,,,,,,,,,,,,,,,,,,,,,,,,,,,,,,,,,,,,,,,,,,,,,,,,,
1638,5,5,5,5,5,5,5,5,1,1,,30.0,,1.0,,,,,,,,6.0,,,1.0,,2.0,,,,2.0,5.0,5.0,,,,,15.0,1.0,,,,2.0,1.0,,,5.0,1.0,1.0,1.0,1.0,1.0,1.0,1.0,1.0,1.0,1.0,,,,,,,6.0,3.0,3.0,3.0,3.0,5.0,6.0,6.0,4.0,,,,,,,,,,,,1.0,2.0,2.0,2.0,2.0,2.0,1.0,1.0,1.0,1.0,1.0,1.0,2.0,1.0,1.0,1.0,2.0,1.0,1.0,2.0,1.0,2.0,1.0,1.0,1.0,1.0,1.0,2.0,2.0,1.0,1.0,2.0,1.0,1.0,1.0,1.0,1.0,2.0,1.0,2.0
557,5,5,5,3,4,5,5,4,2,2,,30.0,,2.0,,,,,,,,6.0,1.0,54.0,,1.0,,,,,3.0,5.0,5.0,,,,,15.0,1.0,,,4.0,,,1.0,,5.0,,,,,,,,,,,1.0,1.0,1.0,1.0,1.0,1.0,6.0,3.0,3.0,3.0,3.0,5.0,6.0,6.0,4.0,2.0,75.0,70.0,75.0,50.0,60.0,75.0,70.0,60.0,40.0,40.0,1.0,1.0,2.0,1.0,1.0,1.0,1.0,2.0,1.0,1.0,1.0,2.0,1.0,1.0,1.0,2.0,1.0,1.0,2.0,2.0,1.0,1.0,1.0,2.0,2.0,1.0,1.0,1.0,1.0,1.0,1.0,1.0,1.0,2.0,1.0,1.0,1.0,1.0,1.0,1.0
424,5,5,5,3,4,5,5,4,2,2,70.0,,5.0,,,,,,,,,6.0,,,1.0,1.0,,,,,,,,3.0,5.0,5.0,15.0,,1.0,,,,3.0,,1.0,,5.0,1.0,1.0,1.0,1.0,1.0,1.0,1.0,1.0,1.0,1.0,,,,,,,6.0,3.0,3.0,3.0,3.0,5.0,6.0,6.0,4.0,2.0,75.0,80.0,85.0,60.0,65.0,80.0,75.0,65.0,40.0,40.0,2.0,1.0,1.0,2.0,2.0,1.0,1.0,1.0,1.0,1.0,1.0,1.0,2.0,2.0,1.0,1.0,1.0,1.0,2.0,2.0,1.0,1.0,1.0,1.0,1.0,2.0,1.0,1.0,1.0,2.0,1.0,1.0,2.0,1.0,1.0,2.0,1.0,1.0,1.0,1.0
238,5,5,5,5,5,5,5,5,1,2,,30.0,,2.0,,,,,,,,6.0,1.0,54.0,,,2.0,3.0,5.0,5.0,,,,,,,,15.0,,1.0,5.0,,,1.0,,,5.0,,,,,,,,,,,1.0,1.0,1.0,1.0,1.0,1.0,7.0,3.0,3.0,3.0,5.0,6.0,6.0,6.0,4.0,2.0,75.0,75.0,80.0,80.0,75.0,80.0,80.0,70.0,30.0,40.0,2.0,1.0,1.0,1.0,1.0,2.0,2.0,1.0,1.0,2.0,2.0,1.0,1.0,1.0,1.0,1.0,1.0,1.0,1.0,1.0,1.0,1.0,2.0,1.0,1.0,1.0,1.0,1.0,1.0,2.0,2.0,2.0,1.0,1.0,1.0,1.0,1.0,1.0,1.0,1.0
1209,5,5,5,5,5,5,5,5,1,1,,30.0,,2.0,,,,,,,,6.0,,,1.0,,2.0,3.0,5.0,5.0,,,,,,,,15.0,1.0,,,,3.0,,1.0,5.0,,,,,,,,,,,,1.0,1.0,1.0,1.0,1.0,1.0,7.0,3.0,2.0,2.0,3.0,5.0,6.0,6.0,4.0,,,,,,,,,,,,2.0,1.0,1.0,1.0,1.0,1.0,1.0,2.0,2.0,1.0,1.0,1.0,2.0,1.0,1.0,2.0,2.0,1.0,1.0,1.0,1.0,2.0,1.0,1.0,2.0,1.0,1.0,1.0,2.0,1.0,1.0,1.0,1.0,1.0,1.0,1.0,1.0,1.0,2.0,2.0
1780,5,5,5,5,5,5,5,5,1,2,70.0,,,2.0,,,,,,,6.0,,1.0,54.0,,,2.0,,,,3.0,5.0,5.0,,,,,15.0,,1.0,4.0,,,1.0,,5.0,,1.0,1.0,1.0,1.0,1.0,1.0,1.0,1.0,1.0,1.0,,,,,,,7.0,3.0,3.0,3.0,3.0,5.0,6.0,6.0,4.0,2.0,75.0,75.0,75.0,75.0,75.0,75.0,75.0,75.0,25.0,35.0,1.0,1.0,1.0,1.0,2.0,2.0,1.0,2.0,2.0,1.0,1.0,2.0,1.0,1.0,1.0,2.0,2.0,1.0,2.0,1.0,1.0,1.0,1.0,1.0,1.0,1.0,2.0,1.0,1.0,1.0,1.0,1.0,1.0,1.0,1.0,1.0,1.0,1.0,2.0,1.0
1566,4,4,4,2,3,4,4,2,2,3,70.0,,,2.0,,,,,,,,6.0,,,1.0,1.0,,,,,,,,3.0,4.0,5.0,,15.0,,1.0,,3.0,,,1.0,5.0,,,,,,,,,,,,1.0,1.0,1.0,1.0,1.0,1.0,7.0,3.0,3.0,3.0,3.0,5.0,6.0,6.0,4.0,2.0,65.0,60.0,60.0,35.0,45.0,60.0,60.0,35.0,35.0,45.0,1.0,1.0,1.0,1.0,1.0,2.0,1.0,2.0,2.0,1.0,1.0,1.0,2.0,1.0,1.0,2.0,1.0,1.0,1.0,1.0,2.0,2.0,1.0,1.0,1.0,1.0,1.0,1.0,1.0,1.0,1.0,1.0,1.0,1.0,1.0,1.0,1.0,1.0,1.0,1.0
1415,4,4,4,2,3,4,4,3,2,3,,30.0,2.0,,,,,5.0,4.0,2.0,6.0,,,,1.0,,2.0,,,,,,,2.0,4.0,5.0,,12.0,,1.0,,,2.0,,1.0,,5.0,,,,,,,,,,,1.0,1.0,1.0,1.0,1.0,1.0,6.0,3.0,3.0,3.0,3.0,5.0,6.0,6.0,4.0,2.0,65.0,60.0,60.0,40.0,45.0,60.0,60.0,45.0,40.0,45.0,2.0,2.0,1.0,1.0,1.0,1.0,1.0,2.0,1.0,1.0,1.0,1.0,2.0,2.0,1.0,1.0,2.0,1.0,1.0,2.0,,,,,,,,,,,,,,,,,,,,
609,4,4,4,2,3,4,4,3,2,3,70.0,,,,,,,5.0,4.0,2.0,6.0,,1.0,54.0,,1.0,,,,,2.0,4.0,5.0,,,,,12.0,,1.0,4.0,,,1.0,,5.0,,,,,,,,,,,,1.0,1.0,1.0,1.0,1.0,1.0,6.0,3.0,3.0,3.0,3.0,5.0,6.0,6.0,3.0,,,,,,,,,,,,2.0,1.0,1.0,1.0,2.0,1.0,1.0,1.0,1.0,1.0,2.0,2.0,1.0,2.0,1.0,1.0,1.0,1.0,1.0,2.0,,,,,,,,,,,,,,,,,,,,
380,2,3,3,1,2,3,3,2,4,3,70.0,,5.0,,,,,,,,,6.0,1.0,54.0,,,2.0,3.0,4.0,5.0,,,,,,,,10.0,1.0,,,,3.0,1.0,,,5.0,,,,,,,,,,,1.0,1.0,1.0,1.0,1.0,1.0,6.0,3.0,3.0,3.0,3.0,5.0,6.0,6.0,3.0,,,,,,,,,,,,2.0,1.0,1.0,2.0,2.0,1.0,1.0,1.0,1.0,1.0,1.0,1.0,1.0,1.0,1.0,1.0,1.0,1.0,1.0,1.0,,,,,,,,,,,,,,,,,,,,
166,2,3,3,1,2,3,3,1,1,1,,30.0,5.0,,5.0,4.0,2.0,,,,6.0,,,,1.0,,2.0,,,,2.0,4.0,5.0,,,,15.0,,,1.0,,3.0,,1.0,,5.0,,1.0,1.0,1.0,1.0,1.0,1.0,1.0,1.0,1.0,1.0,,,,,,,6.0,3.0,2.0,3.0,3.0,5.0,6.0,6.0,4.0,2.0,40.0,50.0,50.0,20.0,30.0,50.0,50.0,20.0,20.0,20.0,2.0,2.0,2.0,2.0,1.0,2.0,2.0,1.0,1.0,1.0,1.0,2.0,1.0,1.0,2.0,2.0,1.0,2.0,2.0,1.0,,,,,,,,,,,,,,,,,,,,
867,4,4,4,2,3,4,4,3,2,2,,30.0,5.0,,5.0,4.0,2.0,,,,,6.0,,,1.0,,2.0,,,,,,,2.0,4.0,5.0,15.0,,,1.0,,4.0,,1.0,,5.0,,,,,,,,,,,,1.0,1.0,1.0,1.0,1.0,1.0,6.0,3.0,3.0,3.0,3.0,5.0,5.0,5.0,4.0,1.0,70.0,65.0,65.0,40.0,50.0,65.0,65.0,50.0,40.0,40.0,1.0,2.0,2.0,1.0,2.0,1.0,1.0,1.0,2.0,2.0,1.0,1.0,1.0,2.0,1.0,1.0,1.0,2.0,1.0,2.0,1.0,1.0,1.0,2.0,1.0,1.0,2.0,1.0,2.0,1.0,1.0,1.0,2.0,1.0,1.0,1.0,1.0,2.0,1.0,1.0
914,2,4,4,1,2,3,4,2,1,2,,30.0,5.0,,,,,5.0,4.0,2.0,,6.0,,,1.0,1.0,,3.0,4.0,5.0,,,,,,,15.0,,1.0,,,,3.0,,1.0,5.0,,,,,,,,,,,,1.0,1.0,1.0,1.0,1.0,1.0,6.0,3.0,3.0,3.0,3.0,5.0,5.0,5.0,4.0,2.0,40.0,60.0,60.0,20.0,30.0,50.0,60.0,30.0,20.0,30.0,1.0,1.0,2.0,1.0,1.0,2.0,1.0,2.0,2.0,1.0,1.0,1.0,1.0,2.0,1.0,1.0,1.0,1.0,1.0,1.0,1.0,2.0,1.0,1.0,1.0,1.0,1.0,1.0,2.0,2.0,1.0,2.0,2.0,1.0,1.0,1.0,1.0,1.0,2.0,1.0
1741,5,5,5,4,4,5,5,4,2,3,70.0,,,2.0,,,,,,,,6.0,,,1.0,,2.0,,,,2.0,5.0,5.0,,,,,15.0,1.0,,,3.0,,1.0,,,5.0,,,,,,,,,,,1.0,1.0,1.0,1.0,1.0,1.0,7.0,3.0,3.0,3.0,3.0,5.0,6.0,6.0,4.0,2.0,75.0,70.0,75.0,60.0,60.0,75.0,75.0,60.0,40.0,50.0,1.0,2.0,2.0,1.0,1.0,2.0,1.0,2.0,1.0,1.0,1.0,1.0,1.0,1.0,1.0,1.0,1.0,2.0,1.0,1.0,1.0,2.0,1.0,1.0,1.0,1.0,1.0,2.0,1.0,1.0,1.0,1.0,1.0,1.0,1.0,1.0,1.0,1.0,1.0,1.0
1632,5,5,5,5,5,5,5,5,2,2,,30.0,,2.0,,,,,,,,6.0,,,1.0,1.0,,,,,,,,3.0,5.0,,,15.0,,1.0,,,4.0,,,,,,,,,,,,,,,,,,,,,,,,,,,,,,2.0,80.0,80.0,85.0,85.0,85.0,85.0,85.0,80.0,40.0,40.0,1.0,1.0,2.0,2.0,1.0,1.0,2.0,1.0,1.0,1.0,1.0,1.0,1.0,1.0,1.0,1.0,2.0,1.0,1.0,1.0,,,,,,,,,,,,,,,,,,,,
341,5,5,5,4,4,5,5,4,2,2,70.0,,5.0,,5.0,4.0,2.0,,,,6.0,,,,1.0,1.0,,3.0,5.0,5.0,,,,,,,15.0,,,1.0,,,3.0,,1.0,,5.0,1.0,1.0,1.0,1.0,1.0,1.0,1.0,1.0,1.0,1.0,,,,,,,6.0,3.0,3.0,3.0,3.0,5.0,6.0,6.0,4.0,2.0,75.0,70.0,75.0,65.0,65.0,75.0,70.0,65.0,40.0,40.0,2.0,1.0,1.0,2.0,2.0,2.0,1.0,1.0,1.0,1.0,2.0,1.0,1.0,2.0,2.0,1.0,1.0,1.0,1.0,1.0,1.0,1.0,1.0,1.0,1.0,1.0,1.0,2.0,1.0,1.0,1.0,2.0,2.0,1.0,1.0,1.0,1.0,1.0,1.0,1.0
232,2,3,3,1,2,3,3,1,4,2,70.0,,1.0,,5.0,4.0,2.0,,,,6.0,,,,1.0,1.0,,2.0,4.0,5.0,,,,,,,,15.0,,1.0,4.0,,,,1.0,5.0,,,,,,,,,,,,1.0,1.0,1.0,1.0,1.0,1.0,7.0,3.0,2.0,3.0,3.0,6.0,7.0,6.0,4.0,2.0,40.0,50.0,50.0,30.0,40.0,50.0,50.0,30.0,60.0,40.0,2.0,2.0,2.0,2.0,1.0,1.0,1.0,2.0,1.0,1.0,1.0,1.0,1.0,1.0,1.0,1.0,1.0,1.0,1.0,1.0,1.0,2.0,1.0,1.0,1.0,1.0,2.0,1.0,1.0,1.0,1.0,1.0,1.0,1.0,1.0,2.0,1.0,1.0,2.0,1.0
4,5,5,5,5,5,5,5,5,1,2,,30.0,,2.0,,,,,,,,6.0,,,1.0,,2.0,,,,2.0,5.0,5.0,,,,,10.0,,1.0,,,3.0,1.0,,5.0,,1.0,1.0,1.0,1.0,1.0,1.0,1.0,1.0,1.0,1.0,,,,,,,7.0,3.0,3.0,3.0,3.0,5.0,6.0,6.0,3.0,,,,,,,,,,,,2.0,2.0,1.0,2.0,1.0,1.0,2.0,2.0,2.0,2.0,1.0,2.0,2.0,2.0,2.0,1.0,2.0,2.0,1.0,1.0,2.0,1.0,1.0,2.0,2.0,1.0,2.0,1.0,1.0,1.0,2.0,1.0,1.0,1.0,2.0,1.0,1.0,1.0,1.0,2.0
2041,5,5,5,5,5,5,5,5,1,1,30.0,,,2.0,5.0,4.0,2.0,,,,,6.0,,,1.0,1.0,,,,,,,,2.0,5.0,5.0,,10.0,1.0,,,4.0,,,1.0,5.0,,1.0,1.0,1.0,1.0,1.0,1.0,1.0,1.0,1.0,1.0,,,,,,,7.0,3.0,3.0,3.0,3.0,5.0,6.0,6.0,4.0,2.0,80.0,80.0,85.0,85.0,85.0,85.0,85.0,80.0,20.0,20.0,2.0,2.0,2.0,1.0,1.0,1.0,1.0,1.0,1.0,2.0,2.0,1.0,1.0,2.0,1.0,2.0,1.0,1.0,1.0,1.0,1.0,1.0,1.0,1.0,1.0,1.0,1.0,1.0,1.0,1.0,1.0,1.0,2.0,1.0,1.0,1.0,1.0,1.0,2.0,1.0
30,4,4,4,2,3,4,4,3,2,2,,30.0,,2.0,,,,,,,6.0,,1.0,54.0,,,2.0,,,,,,,2.0,4.0,5.0,15.0,,,1.0,4.0,,,,1.0,,5.0,,,,,,,,,,,1.0,1.0,1.0,1.0,1.0,1.0,6.0,3.0,2.0,3.0,3.0,5.0,6.0,5.0,3.0,2.0,65.0,60.0,60.0,40.0,45.0,60.0,60.0,45.0,40.0,40.0,2.0,1.0,2.0,1.0,2.0,2.0,1.0,1.0,1.0,2.0,1.0,2.0,1.0,2.0,1.0,1.0,2.0,2.0,1.0,1.0,1.0,1.0,1.0,2.0,2.0,2.0,1.0,1.0,1.0,1.0,1.0,2.0,1.0,1.0,1.0,1.0,2.0,1.0,1.0,1.0
1734,5,5,5,5,5,5,5,5,1,2,70.0,,6.0,,,,,5.0,4.0,2.0,6.0,,,,1.0,,2.0,,,,2.0,5.0,5.0,,,,15.0,,,1.0,,4.0,,1.0,,5.0,,,,,,,,,,,,1.0,1.0,1.0,1.0,1.0,1.0,6.0,3.0,2.0,2.0,3.0,5.0,6.0,6.0,4.0,,,,,,,,,,,,1.0,1.0,2.0,2.0,1.0,1.0,2.0,1.0,2.0,1.0,1.0,2.0,2.0,2.0,2.0,1.0,2.0,1.0,1.0,1.0,1.0,2.0,1.0,1.0,1.0,1.0,2.0,2.0,1.0,1.0,1.0,1.0,1.0,1.0,1.0,1.0,1.0,1.0,1.0,1.0
1647,5,4,5,5,4,5,5,4,2,3,,20.0,5.0,,5.0,4.0,2.0,,,,,6.0,,,1.0,,2.0,,,,3.0,5.0,5.0,,,,,15.0,1.0,,,4.0,,1.0,,5.0,,,,,,,,,,,,1.0,1.0,1.0,1.0,1.0,1.0,6.0,3.0,2.0,3.0,3.0,5.0,6.0,5.0,4.0,2.0,70.0,65.0,75.0,70.0,65.0,75.0,70.0,65.0,40.0,50.0,1.0,1.0,1.0,2.0,2.0,1.0,1.0,1.0,1.0,1.0,2.0,2.0,1.0,2.0,1.0,2.0,1.0,2.0,2.0,2.0,1.0,1.0,2.0,2.0,1.0,1.0,1.0,1.0,1.0,2.0,1.0,2.0,1.0,1.0,1.0,1.0,1.0,1.0,1.0,1.0
1128,5,5,5,5,5,5,5,5,2,2,,30.0,5.0,,,,,,,,6.0,,1.0,54.0,,1.0,,3.0,5.0,5.0,,,,,,,,15.0,1.0,,,4.0,,1.0,,5.0,,,,,,,,,,,,1.0,1.0,1.0,1.0,1.0,1.0,6.0,3.0,3.0,3.0,3.0,5.0,6.0,6.0,4.0,2.0,80.0,85.0,90.0,90.0,90.0,90.0,90.0,85.0,40.0,40.0,1.0,2.0,1.0,2.0,2.0,1.0,1.0,1.0,1.0,2.0,2.0,1.0,2.0,2.0,1.0,1.0,2.0,2.0,1.0,2.0,,,,,,,,,,,,,,,,,,,,
334,4,4,4,3,4,4,4,3,2,2,70.0,,2.0,,5.0,4.0,2.0,,,,,6.0,1.0,54.0,,1.0,,,,,3.0,4.0,5.0,,,,15.0,,,1.0,,,2.0,,1.0,4.0,,,,,,,,,,,,1.0,1.0,1.0,1.0,1.0,1.0,6.0,3.0,3.0,3.0,3.0,5.0,5.0,5.0,4.0,2.0,65.0,60.0,60.0,50.0,55.0,60.0,60.0,50.0,40.0,40.0,1.0,1.0,2.0,2.0,1.0,1.0,1.0,1.0,1.0,2.0,1.0,1.0,1.0,1.0,1.0,1.0,2.0,1.0,2.0,1.0,1.0,2.0,2.0,2.0,2.0,1.0,1.0,1.0,1.0,1.0,2.0,1.0,1.0,1.0,2.0,1.0,1.0,1.0,2.0,1.0
247,5,5,5,4,4,5,5,5,2,2,,30.0,5.0,,5.0,4.0,3.0,,,,6.0,,,,1.0,,2.0,3.0,5.0,5.0,,,,,,,15.0,,1.0,,,,3.0,,1.0,,5.0,1.0,1.0,1.0,1.0,1.0,1.0,1.0,1.0,1.0,1.0,,,,,,,7.0,3.0,4.0,4.0,3.0,5.0,6.0,6.0,3.0,2.0,75.0,70.0,75.0,65.0,65.0,75.0,70.0,70.0,40.0,40.0,1.0,1.0,1.0,2.0,1.0,1.0,2.0,1.0,2.0,1.0,1.0,1.0,1.0,1.0,1.0,2.0,1.0,1.0,2.0,2.0,1.0,1.0,1.0,1.0,1.0,1.0,1.0,2.0,1.0,2.0,1.0,1.0,1.0,2.0,1.0,1.0,1.0,1.0,1.0,1.0
528,5,5,5,5,5,5,5,5,1,2,,30.0,,2.0,,,,,,,6.0,,1.0,54.0,,1.0,,,,,2.0,5.0,5.0,,,,,15.0,,1.0,,,3.0,1.0,,,5.0,1.0,1.0,1.0,1.0,1.0,1.0,1.0,1.0,1.0,1.0,,,,,,,6.0,3.0,3.0,3.0,3.0,5.0,6.0,6.0,3.0,2.0,75.0,70.0,75.0,70.0,70.0,75.0,70.0,65.0,30.0,40.0,1.0,1.0,1.0,2.0,2.0,2.0,2.0,1.0,2.0,1.0,1.0,2.0,1.0,2.0,1.0,2.0,2.0,1.0,1.0,1.0,1.0,1.0,1.0,1.0,1.0,1.0,1.0,1.0,1.0,1.0,1.0,1.0,1.0,1.0,1.0,2.0,1.0,1.0,1.0,1.0
45,2,3,3,1,2,3,3,1,1,1,70.0,,,2.0,,,,,,,6.0,,,,1.0,,2.0,,,,2.0,4.0,5.0,,,,15.0,,,1.0,,3.0,,1.0,,5.0,,1.0,1.0,1.0,1.0,1.0,1.0,1.0,1.0,1.0,1.0,,,,,,,7.0,3.0,3.0,3.0,3.0,5.0,6.0,6.0,4.0,2.0,40.0,50.0,50.0,20.0,30.0,50.0,50.0,20.0,20.0,20.0,1.0,2.0,1.0,1.0,2.0,2.0,2.0,2.0,1.0,2.0,2.0,1.0,1.0,1.0,1.0,1.0,2.0,2.0,1.0,1.0,1.0,1.0,1.0,1.0,2.0,1.0,2.0,1.0,1.0,1.0,1.0,1.0,1.0,1.0,1.0,1.0,2.0,2.0,2.0,2.0
2034,5,5,5,5,5,5,5,5,2,2,40.0,,5.0,,,,,5.0,4.0,2.0,6.0,,,,1.0,,2.0,,,,3.0,5.0,5.0,,,,,15.0,1.0,,,,3.0,,1.0,,5.0,,,,,,,,,,,1.0,1.0,1.0,1.0,1.0,1.0,6.0,3.0,3.0,3.0,4.0,6.0,6.0,6.0,4.0,2.0,70.0,70.0,70.0,70.0,70.0,70.0,70.0,70.0,40.0,40.0,1.0,2.0,1.0,2.0,2.0,1.0,1.0,2.0,1.0,1.0,1.0,2.0,1.0,1.0,1.0,1.0,1.0,1.0,1.0,1.0,1.0,1.0,1.0,2.0,1.0,1.0,1.0,1.0,2.0,1.0,1.0,1.0,2.0,2.0,2.0,1.0,1.0,1.0,1.0,1.0
1829,5,5,5,5,5,5,5,5,1,1,,30.0,6.0,,,,,5.0,4.0,2.0,6.0,,1.0,54.0,,,2.0,3.0,5.0,5.0,,,,,,,15.0,,1.0,,,,2.0,,1.0,,5.0,1.0,1.0,1.0,1.0,1.0,1.0,1.0,1.0,1.0,1.0,,,,,,,6.0,3.0,3.0,3.0,3.0,5.0,6.0,6.0,4.0,2.0,85.0,85.0,85.0,85.0,85.0,85.0,85.0,85.0,15.0,15.0,1.0,1.0,2.0,1.0,2.0,1.0,1.0,2.0,2.0,1.0,2.0,2.0,2.0,1.0,2.0,1.0,2.0,1.0,1.0,1.0,2.0,1.0,2.0,1.0,1.0,2.0,2.0,1.0,2.0,1.0,1.0,2.0,2.0,1.0,1.0,1.0,2.0,1.0,2.0,1.0
1513,4,5,5,3,4,5,5,4,2,2,,30.0,,2.0,,,,,,,,6.0,1.0,54.0,,1.0,,3.0,4.0,5.0,,,,,,,,15.0,,1.0,4.0,,,,1.0,,5.0,,,,,,,,,,,1.0,1.0,1.0,1.0,1.0,1.0,7.0,3.0,3.0,3.0,3.0,5.0,6.0,6.0,4.0,2.0,65.0,70.0,75.0,50.0,60.0,70.0,70.0,60.0,40.0,40.0,2.0,2.0,2.0,1.0,2.0,1.0,1.0,1.0,2.0,1.0,1.0,1.0,1.0,1.0,1.0,1.0,1.0,1.0,1.0,1.0,2.0,1.0,2.0,1.0,2.0,1.0,2.0,1.0,1.0,2.0,1.0,1.0,1.0,2.0,1.0,1.0,1.0,1.0,1.0,1.0
1460,2,4,4,2,3,4,4,2,2,2,70.0,,2.0,,,,,5.0,4.0,2.0,,6.0,,,1.0,1.0,,2.0,4.0,5.0,,,,,,,,10.0,1.0,,,3.0,,,1.0,5.0,,1.0,1.0,1.0,1.0,1.0,1.0,1.0,1.0,1.0,1.0,,,,,,,6.0,3.0,3.0,3.0,3.0,5.0,5.0,5.0,3.0,2.0,40.0,50.0,50.0,30.0,40.0,50.0,50.0,30.0,30.0,30.0,2.0,2.0,1.0,1.0,1.0,2.0,1.0,1.0,2.0,1.0,2.0,1.0,1.0,1.0,1.0,1.0,2.0,1.0,2.0,1.0,1.0,1.0,1.0,1.0,2.0,2.0,1.0,1.0,1.0,2.0,1.0,1.0,1.0,1.0,1.0,1.0,1.0,1.0,1.0,2.0
1686,2,4,4,1,2,1,3,1,4,3,,30.0,2.0,,,,,5.0,4.0,2.0,6.0,,,,1.0,,2.0,3.0,4.0,5.0,,,,,,,15.0,,,1.0,4.0,,,1.0,,,5.0,,,,,,,,,,,1.0,1.0,1.0,1.0,1.0,1.0,6.0,3.0,2.0,3.0,3.0,5.0,6.0,6.0,,,,,,,,,,,,,1.0,2.0,1.0,2.0,1.0,2.0,2.0,2.0,1.0,1.0,1.0,2.0,2.0,2.0,1.0,1.0,2.0,1.0,2.0,1.0,1.0,1.0,1.0,1.0,2.0,1.0,2.0,1.0,2.0,1.0,1.0,1.0,1.0,2.0,1.0,1.0,1.0,1.0,1.0,1.0
113,5,5,5,5,5,5,5,5,1,1,,30.0,5.0,,5.0,4.0,2.0,,,,,6.0,,,1.0,,2.0,,,,,,,2.0,5.0,5.0,,15.0,1.0,,4.0,,,,1.0,5.0,,,,,,,,,,,,1.0,1.0,1.0,1.0,1.0,1.0,7.0,3.0,3.0,3.0,3.0,5.0,6.0,6.0,4.0,2.0,80.0,75.0,85.0,70.0,70.0,75.0,80.0,70.0,30.0,30.0,2.0,1.0,2.0,2.0,2.0,1.0,2.0,2.0,2.0,1.0,1.0,2.0,1.0,1.0,1.0,1.0,1.0,1.0,2.0,1.0,1.0,1.0,2.0,2.0,2.0,1.0,1.0,1.0,1.0,1.0,1.0,1.0,1.0,2.0,2.0,1.0,1.0,1.0,1.0,1.0
286,2,3,3,1,2,3,3,1,1,1,70.0,,2.0,,5.0,4.0,2.0,,,,6.0,,,,1.0,,2.0,,,,2.0,5.0,5.0,,,,,15.0,,1.0,4.0,,,1.0,,,5.0,1.0,1.0,1.0,1.0,1.0,1.0,1.0,1.0,1.0,1.0,,,,,,,7.0,3.0,3.0,3.0,3.0,6.0,6.0,6.0,4.0,2.0,40.0,50.0,50.0,20.0,30.0,50.0,50.0,20.0,20.0,20.0,1.0,2.0,2.0,2.0,1.0,1.0,2.0,2.0,2.0,1.0,1.0,1.0,1.0,1.0,1.0,1.0,1.0,1.0,1.0,1.0,1.0,1.0,1.0,2.0,1.0,1.0,1.0,2.0,1.0,1.0,1.0,1.0,2.0,1.0,2.0,1.0,1.0,1.0,1.0,1.0
812,5,5,5,4,4,5,5,4,2,2,,20.0,,2.0,,,,,,,,6.0,,,1.0,,2.0,,,,2.0,5.0,5.0,,,,15.0,,,1.0,3.0,,,1.0,,5.0,,,,,,,,,,,,1.0,1.0,1.0,1.0,1.0,1.0,6.0,3.0,3.0,3.0,3.0,5.0,6.0,6.0,4.0,,,,,,,,,,,,1.0,1.0,1.0,2.0,1.0,1.0,2.0,2.0,1.0,1.0,1.0,1.0,1.0,1.0,1.0,1.0,1.0,1.0,1.0,2.0,1.0,1.0,1.0,2.0,2.0,1.0,2.0,1.0,1.0,1.0,1.0,1.0,1.0,1.0,1.0,1.0,1.0,1.0,1.0,1.0
84,5,5,5,4,4,5,5,4,2,2,70.0,,5.0,,5.0,4.0,2.0,,,,,6.0,,,1.0,,2.0,,,,2.0,5.0,5.0,,,,,15.0,,1.0,,,3.0,,1.0,5.0,,,,,,,,,,,,1.0,1.0,1.0,1.0,1.0,1.0,7.0,3.0,3.0,3.0,3.0,5.0,6.0,6.0,4.0,2.0,75.0,75.0,80.0,65.0,65.0,75.0,70.0,60.0,40.0,40.0,1.0,2.0,2.0,2.0,1.0,1.0,2.0,2.0,1.0,1.0,2.0,1.0,2.0,1.0,2.0,1.0,1.0,1.0,1.0,1.0,1.0,1.0,1.0,1.0,2.0,1.0,2.0,2.0,1.0,1.0,1.0,1.0,2.0,1.0,1.0,2.0,1.0,1.0,1.0,1.0
961,5,5,5,4,5,5,5,4,2,2,30.0,,5.0,,5.0,4.0,2.0,,,,,6.0,1.0,54.0,,1.0,,3.0,5.0,5.0,,,,,,,15.0,,,1.0,,,3.0,1.0,,,5.0,,,,,,,,,,,1.0,1.0,1.0,1.0,1.0,1.0,6.0,3.0,2.0,2.0,3.0,5.0,6.0,6.0,3.0,2.0,70.0,65.0,75.0,60.0,70.0,70.0,65.0,55.0,30.0,30.0,1.0,2.0,1.0,2.0,2.0,1.0,1.0,1.0,1.0,2.0,2.0,2.0,1.0,1.0,1.0,1.0,1.0,1.0,2.0,1.0,1.0,2.0,1.0,1.0,1.0,1.0,1.0,1.0,1.0,2.0,1.0,1.0,2.0,2.0,2.0,2.0,1.0,1.0,1.0,1.0
302,4,4,4,2,3,4,4,3,2,3,,30.0,,2.0,5.0,4.0,2.0,,,,,6.0,,,1.0,,2.0,,,,,,,3.0,4.0,5.0,,15.0,,1.0,,,4.0,1.0,,,5.0,1.0,1.0,1.0,1.0,1.0,1.0,1.0,1.0,1.0,1.0,,,,,,,7.0,3.0,3.0,3.0,3.0,5.0,6.0,6.0,4.0,,,,,,,,,,,,2.0,1.0,1.0,1.0,1.0,2.0,1.0,2.0,1.0,2.0,2.0,1.0,1.0,1.0,1.0,1.0,1.0,1.0,1.0,1.0,1.0,1.0,1.0,1.0,1.0,1.0,1.0,1.0,2.0,2.0,2.0,1.0,1.0,1.0,2.0,1.0,2.0,2.0,2.0,1.0
271,5,5,5,4,4,5,5,5,1,2,70.0,,,2.0,4.0,3.0,2.0,,,,,6.0,,,1.0,1.0,,,,,2.0,5.0,5.0,,,,15.0,,1.0,,4.0,,,,1.0,,5.0,1.0,1.0,1.0,1.0,1.0,1.0,1.0,1.0,1.0,1.0,,,,,,,6.0,3.0,2.0,2.0,3.0,5.0,6.0,6.0,4.0,,,,,,,,,,,,,,,,,,,,,,,,,,,,,,,,,,,,,,,,,,,,,,,,,,,
1702,3,3,3,2,3,4,4,2,2,2,70.0,,5.0,,4.0,4.0,2.0,,,,6.0,,,,1.0,,2.0,,,,,,,3.0,4.0,5.0,15.0,,,1.0,,,2.0,,1.0,,5.0,1.0,1.0,1.0,1.0,1.0,1.0,1.0,1.0,1.0,1.0,,,,,,,6.0,3.0,3.0,3.0,3.0,5.0,6.0,6.0,3.0,,,,,,,,,,,,1.0,1.0,2.0,2.0,2.0,1.0,1.0,2.0,1.0,1.0,1.0,1.0,2.0,2.0,1.0,2.0,1.0,1.0,2.0,2.0,1.0,1.0,1.0,2.0,2.0,1.0,1.0,1.0,1.0,2.0,2.0,2.0,1.0,2.0,1.0,1.0,1.0,2.0,2.0,2.0
1671,5,4,5,2,3,4,5,4,2,2,,30.0,5.0,,,,,5.0,4.0,2.0,6.0,,1.0,54.0,,,2.0,,,,,,,3.0,5.0,5.0,15.0,,1.0,,3.0,,,,1.0,,5.0,1.0,1.0,1.0,1.0,1.0,1.0,1.0,1.0,1.0,1.0,,,,,,,6.0,3.0,3.0,3.0,3.0,5.0,6.0,6.0,4.0,2.0,80.0,70.0,85.0,40.0,50.0,65.0,80.0,70.0,40.0,40.0,2.0,1.0,1.0,2.0,2.0,2.0,1.0,1.0,1.0,2.0,1.0,2.0,1.0,1.0,1.0,1.0,1.0,1.0,1.0,1.0,1.0,1.0,1.0,1.0,1.0,1.0,1.0,1.0,1.0,1.0,1.0,2.0,1.0,1.0,1.0,2.0,1.0,1.0,1.0,1.0
1497,5,5,5,4,4,5,5,5,1,2,70.0,,,2.0,,,,,,,6.0,,,,1.0,,2.0,3.0,5.0,5.0,,,,,,,,15.0,,1.0,4.0,,,,1.0,5.0,,,,,,,,,,,,1.0,1.0,1.0,1.0,1.0,1.0,6.0,3.0,3.0,3.0,3.0,5.0,6.0,6.0,4.0,2.0,70.0,70.0,70.0,60.0,60.0,70.0,70.0,70.0,30.0,40.0,1.0,2.0,1.0,1.0,1.0,2.0,1.0,2.0,2.0,1.0,1.0,1.0,1.0,1.0,1.0,1.0,1.0,1.0,1.0,1.0,1.0,1.0,2.0,1.0,1.0,1.0,1.0,1.0,1.0,1.0,2.0,1.0,1.0,1.0,1.0,2.0,1.0,1.0,1.0,2.0
73,5,5,5,5,5,5,5,5,1,1,70.0,,,2.0,,,,,,,6.0,,1.0,54.0,,,2.0,3.0,5.0,5.0,,,,,,,,15.0,1.0,,4.0,,,,1.0,,5.0,1.0,1.0,1.0,1.0,1.0,1.0,1.0,1.0,1.0,1.0,,,,,,,6.0,3.0,3.0,3.0,3.0,5.0,6.0,6.0,4.0,2.0,75.0,75.0,75.0,75.0,75.0,75.0,75.0,75.0,25.0,25.0,1.0,2.0,1.0,1.0,1.0,2.0,2.0,1.0,1.0,1.0,1.0,2.0,2.0,1.0,2.0,1.0,1.0,1.0,1.0,1.0,1.0,1.0,1.0,2.0,2.0,1.0,2.0,2.0,1.0,1.0,1.0,1.0,1.0,1.0,1.0,1.0,1.0,1.0,1.0,1.0
996,3,4,4,2,3,4,4,3,2,2,70.0,,,2.0,,,,,,,,6.0,,,1.0,,2.0,3.0,4.0,5.0,,,,,,,15.0,,,1.0,,,3.0,1.0,,5.0,,1.0,1.0,1.0,1.0,1.0,1.0,1.0,1.0,1.0,1.0,,,,,,,6.0,3.0,3.0,3.0,3.0,5.0,6.0,6.0,3.0,,,,,,,,,,,,1.0,2.0,1.0,2.0,1.0,1.0,1.0,1.0,1.0,1.0,1.0,1.0,1.0,1.0,2.0,1.0,1.0,1.0,1.0,2.0,1.0,1.0,1.0,1.0,1.0,1.0,1.0,1.0,1.0,1.0,1.0,1.0,1.0,1.0,1.0,2.0,1.0,1.0,1.0,1.0
2002,2,3,3,2,3,3,3,2,4,3,70.0,,2.0,,5.0,4.0,2.0,,,,6.0,,1.0,54.0,,,2.0,3.0,4.0,5.0,,,,,,,12.0,,,1.0,,3.0,,,1.0,,5.0,1.0,1.0,1.0,1.0,1.0,1.0,1.0,1.0,1.0,1.0,,,,,,,6.0,3.0,3.0,3.0,3.0,4.0,5.0,5.0,3.0,2.0,40.0,50.0,50.0,40.0,50.0,50.0,50.0,40.0,60.0,50.0,1.0,2.0,1.0,1.0,1.0,1.0,2.0,2.0,1.0,1.0,2.0,2.0,1.0,1.0,1.0,1.0,2.0,1.0,2.0,1.0,1.0,1.0,1.0,1.0,1.0,2.0,1.0,2.0,1.0,2.0,2.0,1.0,1.0,2.0,1.0,1.0,1.0,1.0,1.0,2.0
125,2,3,3,1,2,2,3,1,1,1,70.0,,,2.0,,,,,,,,6.0,1.0,54.0,,1.0,,,,,2.0,4.0,5.0,,,,15.0,,,1.0,,4.0,,1.0,,,5.0,,,,,,,,,,,1.0,1.0,1.0,1.0,1.0,1.0,7.0,3.0,3.0,3.0,3.0,5.0,6.0,6.0,4.0,2.0,30.0,40.0,40.0,20.0,30.0,30.0,40.0,20.0,20.0,20.0,1.0,2.0,2.0,1.0,1.0,2.0,1.0,2.0,2.0,1.0,1.0,1.0,1.0,2.0,1.0,1.0,1.0,2.0,1.0,2.0,1.0,1.0,2.0,1.0,1.0,2.0,1.0,1.0,1.0,1.0,2.0,1.0,1.0,2.0,1.0,1.0,1.0,1.0,1.0,2.0
739,5,5,5,5,5,5,5,5,2,3,70.0,,,2.0,,,,,,,6.0,,,,1.0,1.0,,,,,,,,2.0,5.0,,,15.0,,1.0,,3.0,,1.0,,5.0,,1.0,1.0,1.0,1.0,1.0,1.0,1.0,1.0,1.0,1.0,,,,,,,7.0,3.0,3.0,3.0,3.0,5.0,6.0,6.0,4.0,2.0,80.0,80.0,85.0,85.0,80.0,85.0,85.0,80.0,30.0,50.0,1.0,1.0,2.0,2.0,1.0,1.0,2.0,2.0,2.0,2.0,2.0,2.0,1.0,2.0,1.0,1.0,1.0,2.0,2.0,2.0,1.0,1.0,1.0,1.0,1.0,1.0,1.0,1.0,1.0,1.0,1.0,1.0,2.0,1.0,1.0,1.0,1.0,1.0,2.0,2.0
1525,5,5,5,4,4,5,5,5,2,2,,30.0,,2.0,,,,,,,,6.0,1.0,54.0,,,2.0,,,,,,,2.0,5.0,5.0,,15.0,1.0,,,3.0,,,1.0,,5.0,,,,,,,,,,,1.0,1.0,1.0,1.0,1.0,1.0,7.0,3.0,2.0,3.0,3.0,5.0,6.0,6.0,4.0,2.0,70.0,70.0,70.0,60.0,60.0,70.0,70.0,70.0,40.0,40.0,1.0,2.0,2.0,2.0,1.0,2.0,2.0,1.0,1.0,1.0,2.0,1.0,1.0,1.0,2.0,1.0,1.0,1.0,2.0,1.0,1.0,1.0,1.0,1.0,1.0,1.0,1.0,1.0,1.0,1.0,1.0,1.0,1.0,1.0,1.0,2.0,2.0,1.0,1.0,1.0
1456,1,2,2,1,2,2,3,1,1,1,,30.0,2.0,,5.0,4.0,2.0,,,,6.0,,1.0,54.0,,1.0,,,,,2.0,4.0,5.0,,,,15.0,,,1.0,4.0,,,1.0,,,5.0,1.0,1.0,1.0,1.0,1.0,1.0,1.0,1.0,1.0,1.0,,,,,,,6.0,2.0,3.0,3.0,3.0,5.0,6.0,6.0,4.0,,,,,,,,,,,,1.0,1.0,2.0,1.0,1.0,2.0,2.0,1.0,1.0,1.0,1.0,1.0,2.0,1.0,2.0,1.0,1.0,2.0,1.0,1.0,1.0,1.0,2.0,2.0,1.0,1.0,2.0,2.0,2.0,1.0,1.0,1.0,2.0,1.0,1.0,1.0,1.0,1.0,2.0,1.0
1339,5,5,5,4,4,5,5,4,2,2,70.0,,,2.0,,,,,,,,6.0,1.0,54.0,,1.0,,3.0,5.0,5.0,,,,,,,,,,,,,3.0,1.0,,,5.0,1.0,1.0,1.0,1.0,1.0,1.0,1.0,1.0,1.0,1.0,,,,,,,6.0,3.0,3.0,3.0,3.0,5.0,6.0,6.0,3.0,,,,,,,,,,,,1.0,2.0,1.0,1.0,2.0,2.0,1.0,2.0,1.0,1.0,1.0,2.0,2.0,1.0,1.0,1.0,2.0,1.0,2.0,2.0,1.0,1.0,2.0,1.0,2.0,2.0,1.0,1.0,1.0,1.0,1.0,1.0,1.0,1.0,1.0,1.0,1.0,1.0,1.0,1.0
824,5,5,5,4,4,5,5,4,2,2,,30.0,5.0,,,,,,,,,6.0,,,1.0,1.0,,,,,2.0,5.0,5.0,,,,,15.0,1.0,,,,3.0,,,,,,,,,,,,,,,,,,,,,,,,,,,,,,2.0,70.0,70.0,75.0,60.0,60.0,75.0,70.0,60.0,40.0,40.0,2.0,2.0,1.0,2.0,1.0,2.0,1.0,1.0,1.0,1.0,2.0,1.0,1.0,1.0,1.0,1.0,1.0,1.0,1.0,1.0,1.0,1.0,1.0,1.0,1.0,1.0,1.0,1.0,1.0,1.0,1.0,1.0,1.0,2.0,1.0,1.0,1.0,2.0,1.0,1.0
957,4,4,4,3,3,5,5,3,2,2,,30.0,5.0,,4.0,4.0,2.0,,,,,6.0,1.0,54.0,,1.0,,3.0,4.0,5.0,,,,,,,15.0,,1.0,,,,3.0,,1.0,5.0,,1.0,1.0,1.0,1.0,1.0,1.0,1.0,1.0,1.0,1.0,,,,,,,6.0,3.0,3.0,3.0,3.0,5.0,5.0,5.0,3.0,2.0,65.0,60.0,60.0,50.0,50.0,75.0,70.0,50.0,40.0,40.0,2.0,1.0,1.0,1.0,1.0,1.0,1.0,2.0,1.0,2.0,1.0,1.0,1.0,1.0,1.0,2.0,1.0,2.0,2.0,1.0,1.0,1.0,1.0,1.0,1.0,1.0,2.0,1.0,1.0,2.0,2.0,1.0,1.0,2.0,2.0,2.0,1.0,1.0,1.0,1.0
150,5,5,5,5,5,5,5,5,2,2,,20.0,,2.0,,,,,,,,6.0,,,1.0,,2.0,,,,2.0,5.0,5.0,,,,,10.0,1.0,,4.0,,,1.0,,,5.0,1.0,1.0,1.0,1.0,1.0,1.0,1.0,1.0,1.0,1.0,,,,,,,6.0,3.0,3.0,3.0,3.0,5.0,6.0,6.0,,,,,,,,,,,,,,,,,,,,,,,,,,,,,,,,,,,,,,,,,,,,,,,,,,,,
1550,5,5,5,5,5,5,5,4,2,2,70.0,,5.0,,5.0,4.0,2.0,,,,,6.0,1.0,54.0,,,2.0,,,,,,,3.0,5.0,5.0,15.0,,,1.0,,3.0,,,1.0,,5.0,,,,,,,,,,,1.0,1.0,1.0,1.0,1.0,1.0,7.0,3.0,3.0,3.0,3.0,5.0,6.0,6.0,4.0,2.0,75.0,75.0,80.0,80.0,75.0,80.0,80.0,65.0,40.0,40.0,1.0,1.0,1.0,2.0,1.0,2.0,1.0,1.0,1.0,1.0,1.0,2.0,2.0,2.0,1.0,1.0,1.0,2.0,2.0,1.0,1.0,1.0,1.0,1.0,1.0,1.0,1.0,1.0,2.0,1.0,1.0,1.0,1.0,1.0,1.0,1.0,2.0,1.0,1.0,1.0
1423,1,2,2,1,2,2,3,1,1,1,70.0,,,2.0,,,,,,,6.0,,,,1.0,,2.0,,,,2.0,4.0,5.0,,,,,10.0,,1.0,,,3.0,1.0,,5.0,,,,,,,,,,,,1.0,1.0,1.0,1.0,1.0,1.0,7.0,2.0,3.0,3.0,3.0,5.0,6.0,6.0,4.0,2.0,20.0,30.0,30.0,20.0,30.0,30.0,40.0,20.0,20.0,20.0,2.0,1.0,1.0,2.0,1.0,1.0,2.0,1.0,1.0,2.0,1.0,1.0,1.0,2.0,1.0,1.0,1.0,1.0,1.0,1.0,1.0,1.0,1.0,1.0,1.0,1.0,1.0,1.0,2.0,1.0,1.0,1.0,2.0,1.0,1.0,1.0,1.0,1.0,1.0,1.0
851,4,4,4,2,3,4,4,3,2,2,,30.0,,2.0,,,,,,,6.0,,,,1.0,1.0,,3.0,4.0,5.0,,,,,,,15.0,,1.0,,4.0,,,,1.0,4.0,,,,,,,,,,,,1.0,1.0,1.0,1.0,1.0,1.0,6.0,3.0,2.0,3.0,4.0,5.0,6.0,6.0,3.0,,,,,,,,,,,,1.0,1.0,2.0,1.0,1.0,2.0,2.0,1.0,2.0,1.0,1.0,2.0,2.0,1.0,2.0,1.0,1.0,1.0,2.0,1.0,1.0,1.0,1.0,1.0,2.0,1.0,2.0,2.0,2.0,1.0,1.0,1.0,1.0,1.0,1.0,1.0,2.0,1.0,2.0,1.0
922,5,5,5,4,4,5,5,5,2,2,,30.0,5.0,,,,,5.0,4.0,2.0,6.0,,,,1.0,,2.0,3.0,5.0,,,,,,,,,,,,,,,,,,,,,,,,,,,,,,,,,,,,,,,,,,,,,,,,,,,,,,,,,,,,,,,,,,,,,,,,,,,,,,,,,,,,,,,,,,,,,,
418,4,4,4,2,3,4,4,3,2,2,70.0,,,2.0,,,,,,,,6.0,,,1.0,1.0,,3.0,4.0,5.0,,,,,,,15.0,,1.0,,,3.0,,1.0,,,5.0,1.0,1.0,1.0,1.0,1.0,1.0,1.0,1.0,1.0,1.0,,,,,,,6.0,3.0,3.0,3.0,3.0,5.0,6.0,6.0,4.0,2.0,65.0,60.0,60.0,40.0,50.0,60.0,60.0,50.0,40.0,40.0,2.0,2.0,2.0,1.0,1.0,2.0,2.0,2.0,1.0,1.0,1.0,2.0,1.0,2.0,1.0,1.0,1.0,2.0,1.0,2.0,1.0,1.0,1.0,1.0,2.0,1.0,1.0,2.0,2.0,1.0,1.0,1.0,2.0,1.0,1.0,2.0,1.0,1.0,1.0,1.0
191,4,4,4,2,3,4,4,3,2,2,70.0,,,2.0,,,,,,,6.0,,,,1.0,,2.0,,,,,,,3.0,4.0,5.0,,12.0,,1.0,,3.0,,,,,,,,,,,,,,,,,,,,,,,,,,,,,,,,,,,,,,,,,,,,,,,,,,,,,,,,,,,,,,,,,,,,,,,,,,,,,,,,,
377,2,3,3,2,3,3,3,2,4,4,,30.0,,2.0,,,,,,,6.0,,,,1.0,,2.0,2.0,4.0,3.0,,,,,,,15.0,,,1.0,,3.0,,,1.0,5.0,,,,,,,,,,,,1.0,1.0,1.0,1.0,1.0,1.0,6.0,3.0,3.0,3.0,3.0,5.0,6.0,6.0,3.0,2.0,55.0,50.0,50.0,45.0,50.0,50.0,50.0,45.0,40.0,40.0,2.0,1.0,2.0,1.0,2.0,2.0,2.0,1.0,1.0,1.0,1.0,1.0,2.0,1.0,1.0,1.0,1.0,2.0,1.0,2.0,1.0,2.0,1.0,1.0,1.0,1.0,2.0,2.0,1.0,1.0,1.0,2.0,2.0,1.0,1.0,1.0,2.0,1.0,1.0,1.0
204,5,5,5,4,4,5,5,4,2,2,70.0,,5.0,,,,,5.0,4.0,2.0,6.0,,,,1.0,1.0,,,,,,,,3.0,5.0,5.0,15.0,,1.0,,,3.0,,1.0,,,5.0,1.0,1.0,1.0,1.0,1.0,1.0,1.0,1.0,1.0,1.0,,,,,,,6.0,3.0,3.0,3.0,3.0,5.0,6.0,6.0,3.0,2.0,75.0,70.0,75.0,65.0,65.0,75.0,75.0,65.0,40.0,40.0,1.0,2.0,2.0,1.0,2.0,2.0,1.0,1.0,1.0,2.0,2.0,1.0,1.0,1.0,1.0,2.0,2.0,1.0,1.0,1.0,1.0,1.0,1.0,1.0,1.0,2.0,1.0,1.0,1.0,1.0,2.0,1.0,1.0,1.0,2.0,1.0,2.0,1.0,2.0,1.0
1018,5,5,5,5,5,5,5,5,1,2,70.0,,,2.0,,,,,,,,6.0,1.0,54.0,,,2.0,,,,2.0,5.0,6.0,,,,,10.0,1.0,,,4.0,,1.0,,5.0,,,,,,,,,,,,1.0,1.0,1.0,1.0,1.0,1.0,7.0,3.0,3.0,3.0,3.0,5.0,6.0,6.0,4.0,2.0,85.0,80.0,85.0,80.0,80.0,85.0,80.0,75.0,30.0,40.0,2.0,2.0,1.0,1.0,1.0,2.0,1.0,2.0,1.0,1.0,2.0,1.0,1.0,1.0,1.0,2.0,2.0,1.0,1.0,2.0,1.0,1.0,2.0,1.0,1.0,1.0,1.0,1.0,1.0,1.0,2.0,1.0,1.0,1.0,1.0,1.0,1.0,1.0,1.0,1.0
1591,5,5,5,5,5,5,5,4,2,2,70.0,,5.0,,4.0,4.0,3.0,,,,6.0,,,,1.0,1.0,,,,,,,,3.0,5.0,5.0,15.0,,1.0,,4.0,,,,1.0,,5.0,1.0,1.0,1.0,1.0,1.0,1.0,1.0,1.0,1.0,1.0,,,,,,,6.0,3.0,3.0,3.0,3.0,5.0,6.0,6.0,4.0,2.0,75.0,75.0,80.0,80.0,80.0,80.0,80.0,70.0,40.0,40.0,1.0,1.0,1.0,2.0,2.0,1.0,1.0,2.0,1.0,1.0,1.0,1.0,2.0,1.0,1.0,2.0,1.0,1.0,1.0,2.0,1.0,1.0,1.0,1.0,1.0,2.0,2.0,1.0,1.0,1.0,2.0,1.0,1.0,1.0,1.0,1.0,1.0,1.0,1.0,2.0
1777,5,5,5,5,5,5,5,4,2,2,,30.0,,2.0,,,,,,,6.0,,,,1.0,,2.0,,,,3.0,5.0,5.0,,,,,10.0,1.0,,,4.0,,,1.0,5.0,,1.0,1.0,1.0,1.0,1.0,1.0,1.0,1.0,1.0,1.0,,,,,,,7.0,3.0,3.0,3.0,3.0,5.0,6.0,6.0,4.0,2.0,75.0,75.0,75.0,75.0,75.0,75.0,75.0,65.0,35.0,35.0,1.0,2.0,2.0,2.0,1.0,1.0,1.0,2.0,1.0,1.0,2.0,1.0,2.0,2.0,1.0,2.0,2.0,1.0,2.0,1.0,2.0,2.0,1.0,2.0,1.0,1.0,2.0,1.0,1.0,2.0,2.0,1.0,2.0,1.0,1.0,1.0,1.0,1.0,2.0,1.0
1604,5,5,5,4,4,5,5,5,2,2,,30.0,5.0,,5.0,4.0,2.0,,,,,6.0,1.0,54.0,,1.0,,2.0,5.0,5.0,,,,,,,15.0,,1.0,,,,2.0,1.0,,,5.0,1.0,1.0,1.0,1.0,1.0,1.0,1.0,1.0,1.0,1.0,,,,,,,6.0,3.0,3.0,3.0,3.0,5.0,6.0,6.0,4.0,,,,,,,,,,,,1.0,2.0,2.0,1.0,1.0,2.0,1.0,1.0,2.0,1.0,1.0,2.0,1.0,1.0,2.0,1.0,1.0,1.0,2.0,1.0,1.0,1.0,1.0,1.0,2.0,1.0,1.0,1.0,1.0,2.0,1.0,2.0,1.0,1.0,1.0,2.0,1.0,1.0,1.0,2.0
1919,2,3,3,2,3,3,4,2,4,2,70.0,,5.0,,,,,5.0,4.0,2.0,,6.0,1.0,54.0,,,2.0,,,,2.0,4.0,5.0,,,,,12.0,,1.0,,4.0,,1.0,,4.0,,,,,,,,,,,,1.0,1.0,1.0,1.0,1.0,1.0,6.0,3.0,3.0,3.0,3.0,5.0,6.0,6.0,4.0,2.0,40.0,50.0,50.0,30.0,40.0,50.0,60.0,30.0,40.0,30.0,1.0,2.0,1.0,2.0,1.0,1.0,2.0,1.0,1.0,2.0,1.0,2.0,1.0,1.0,2.0,1.0,1.0,1.0,1.0,1.0,1.0,1.0,1.0,2.0,1.0,1.0,1.0,1.0,1.0,1.0,1.0,1.0,1.0,1.0,1.0,2.0,1.0,1.0,1.0,1.0
890,2,3,3,1,2,2,3,1,4,1,,30.0,2.0,,,,,5.0,4.0,2.0,,6.0,,,1.0,,2.0,,,,2.0,5.0,5.0,,,,,12.0,,1.0,,4.0,,,1.0,,5.0,1.0,1.0,1.0,1.0,1.0,1.0,1.0,1.0,1.0,1.0,,,,,,,6.0,3.0,2.0,3.0,3.0,5.0,6.0,6.0,3.0,2.0,30.0,40.0,40.0,20.0,30.0,30.0,40.0,20.0,50.0,20.0,1.0,2.0,1.0,1.0,1.0,1.0,1.0,1.0,2.0,1.0,1.0,1.0,2.0,1.0,1.0,1.0,1.0,2.0,1.0,1.0,,,,,,,,,,,,,,,,,,,,
928,5,5,5,4,4,5,5,4,2,2,,30.0,,2.0,5.0,4.0,2.0,,,,,6.0,,,1.0,,2.0,2.0,5.0,5.0,,,,,,,15.0,,,1.0,,,3.0,,1.0,5.0,,,,,,,,,,,,1.0,1.0,1.0,1.0,1.0,1.0,7.0,3.0,3.0,3.0,3.0,5.0,6.0,6.0,3.0,2.0,75.0,75.0,80.0,65.0,65.0,75.0,75.0,65.0,40.0,40.0,2.0,1.0,2.0,1.0,1.0,2.0,1.0,2.0,1.0,1.0,2.0,1.0,1.0,1.0,1.0,1.0,1.0,2.0,1.0,1.0,2.0,1.0,1.0,1.0,2.0,2.0,1.0,1.0,1.0,2.0,1.0,2.0,1.0,1.0,1.0,1.0,2.0,1.0,2.0,1.0
746,5,5,5,4,4,5,5,5,2,2,,30.0,,2.0,,,,,,,6.0,,,,1.0,1.0,,,,,2.0,5.0,5.0,,,,,15.0,1.0,,,4.0,,,1.0,5.0,,,,,,,,,,,,1.0,1.0,1.0,1.0,1.0,1.0,7.0,3.0,3.0,3.0,3.0,5.0,6.0,6.0,4.0,2.0,75.0,75.0,80.0,65.0,65.0,75.0,75.0,70.0,40.0,40.0,2.0,1.0,2.0,2.0,1.0,1.0,1.0,1.0,1.0,1.0,1.0,2.0,2.0,1.0,1.0,1.0,1.0,2.0,1.0,1.0,,,,,,,,,,,,,,,,,,,,
635,2,4,4,1,3,4,4,2,1,1,70.0,,,2.0,,,,,,,6.0,,1.0,54.0,,,2.0,2.0,4.0,5.0,,,,,,,,12.0,,1.0,4.0,,,1.0,,,5.0,1.0,1.0,1.0,1.0,1.0,1.0,1.0,1.0,1.0,1.0,,,,,,,7.0,3.0,2.0,2.0,3.0,5.0,6.0,6.0,4.0,2.0,40.0,60.0,60.0,20.0,40.0,60.0,60.0,40.0,20.0,20.0,1.0,2.0,2.0,1.0,2.0,1.0,1.0,2.0,2.0,1.0,1.0,1.0,1.0,1.0,1.0,1.0,1.0,2.0,2.0,1.0,1.0,1.0,1.0,1.0,2.0,2.0,1.0,1.0,1.0,1.0,2.0,2.0,1.0,1.0,1.0,1.0,1.0,1.0,1.0,1.0
1346,4,4,4,2,3,4,4,3,2,2,,30.0,2.0,,,,,5.0,4.0,2.0,6.0,,1.0,54.0,,,2.0,2.0,4.0,5.0,,,,,,,,12.0,,1.0,4.0,,,1.0,,,5.0,,,,,,,,,,,1.0,1.0,1.0,1.0,1.0,1.0,7.0,3.0,3.0,3.0,3.0,5.0,6.0,6.0,4.0,2.0,65.0,60.0,60.0,40.0,45.0,60.0,60.0,45.0,35.0,35.0,2.0,1.0,1.0,2.0,2.0,1.0,1.0,2.0,1.0,1.0,2.0,2.0,2.0,1.0,2.0,1.0,1.0,1.0,2.0,1.0,1.0,2.0,1.0,1.0,1.0,1.0,1.0,1.0,2.0,1.0,1.0,1.0,2.0,1.0,2.0,1.0,2.0,1.0,1.0,1.0
1235,5,5,5,5,5,5,5,5,1,2,70.0,,5.0,,,,,5.0,4.0,2.0,,6.0,,,1.0,1.0,,,,,2.0,5.0,5.0,,,,15.0,,,1.0,3.0,,,1.0,,,5.0,1.0,1.0,1.0,1.0,1.0,1.0,1.0,1.0,1.0,1.0,,,,,,,7.0,3.0,2.0,2.0,3.0,5.0,6.0,6.0,4.0,2.0,75.0,70.0,80.0,85.0,80.0,75.0,80.0,70.0,30.0,40.0,2.0,2.0,1.0,1.0,1.0,1.0,1.0,2.0,1.0,1.0,2.0,1.0,2.0,1.0,1.0,1.0,2.0,2.0,1.0,1.0,,,,,,,,,,,,,,,,,,,,
1429,2,3,3,1,2,3,3,1,2,2,,30.0,2.0,,,,,5.0,4.0,2.0,,6.0,1.0,54.0,,,2.0,,,,2.0,4.0,5.0,,,,15.0,,1.0,,,4.0,,,1.0,5.0,,1.0,1.0,1.0,1.0,1.0,1.0,1.0,1.0,1.0,1.0,,,,,,,6.0,3.0,3.0,3.0,3.0,5.0,6.0,6.0,4.0,2.0,40.0,50.0,50.0,20.0,30.0,50.0,50.0,20.0,30.0,30.0,1.0,2.0,1.0,1.0,1.0,1.0,1.0,1.0,1.0,1.0,2.0,1.0,1.0,1.0,1.0,1.0,1.0,1.0,1.0,1.0,1.0,1.0,1.0,1.0,1.0,1.0,1.0,2.0,2.0,1.0,1.0,1.0,1.0,1.0,1.0,1.0,1.0,1.0,2.0,1.0
1860,5,5,5,5,5,5,5,5,2,3,,30.0,,2.0,,,,,,,6.0,,1.0,54.0,,,2.0,,,,2.0,5.0,5.0,,,,,15.0,,1.0,,,3.0,1.0,,,5.0,,,,,,,,,,,1.0,1.0,1.0,1.0,1.0,1.0,7.0,3.0,3.0,3.0,4.0,5.0,6.0,6.0,4.0,2.0,,,,,,,,,,,1.0,1.0,1.0,1.0,1.0,1.0,2.0,1.0,2.0,1.0,2.0,1.0,1.0,1.0,2.0,1.0,2.0,1.0,1.0,1.0,1.0,1.0,1.0,1.0,1.0,1.0,1.0,1.0,2.0,1.0,1.0,2.0,1.0,2.0,1.0,1.0,1.0,1.0,2.0,1.0
1913,5,5,5,5,5,5,5,5,1,1,30.0,,5.0,,,,,5.0,4.0,2.0,,6.0,,,1.0,1.0,,2.0,5.0,5.0,,,,,,,15.0,,1.0,,,4.0,,,1.0,5.0,,,,,,,,,,,,1.0,1.0,1.0,1.0,1.0,1.0,7.0,3.0,3.0,3.0,3.0,5.0,6.0,6.0,4.0,2.0,80.0,75.0,80.0,75.0,75.0,80.0,75.0,70.0,30.0,30.0,2.0,1.0,1.0,2.0,1.0,1.0,2.0,2.0,2.0,1.0,1.0,1.0,2.0,1.0,2.0,2.0,2.0,2.0,2.0,1.0,1.0,2.0,1.0,2.0,2.0,1.0,1.0,1.0,1.0,1.0,1.0,2.0,1.0,2.0,2.0,2.0,1.0,1.0,1.0,1.0
561,5,5,5,4,4,5,5,5,2,2,,30.0,5.0,,5.0,4.0,3.0,,,,,6.0,,,1.0,1.0,,,,,,,,2.0,5.0,5.0,,15.0,1.0,,,3.0,,,1.0,5.0,,1.0,1.0,1.0,1.0,1.0,1.0,1.0,1.0,1.0,1.0,,,,,,,6.0,3.0,3.0,3.0,3.0,5.0,6.0,6.0,4.0,2.0,75.0,70.0,75.0,65.0,65.0,75.0,75.0,70.0,40.0,40.0,2.0,1.0,1.0,2.0,1.0,2.0,2.0,1.0,2.0,1.0,1.0,1.0,1.0,2.0,1.0,1.0,2.0,1.0,1.0,1.0,1.0,1.0,1.0,1.0,1.0,1.0,2.0,2.0,1.0,1.0,2.0,1.0,1.0,1.0,1.0,1.0,1.0,1.0,2.0,1.0
412,5,5,5,1,2,4,5,4,1,2,70.0,,1.0,,5.0,4.0,2.0,,,,6.0,,1.0,54.0,,,2.0,,,,,,,2.0,5.0,5.0,15.0,,,1.0,,4.0,,,1.0,5.0,,1.0,1.0,1.0,1.0,1.0,1.0,1.0,1.0,1.0,1.0,,,,,,,7.0,3.0,3.0,3.0,3.0,5.0,6.0,6.0,4.0,2.0,,,,,,,,,,,,,,,,,,,,,,,,,,,,,,,,,,,,,,,,,,,,,,,,,,
787,4,4,4,2,3,4,4,3,2,2,,40.0,,2.0,,,,,,,,6.0,,,1.0,,2.0,,,,,,,2.0,4.0,5.0,15.0,,,1.0,,3.0,,1.0,,,5.0,,,,,,,,,,,1.0,1.0,1.0,1.0,1.0,1.0,6.0,2.0,3.0,3.0,3.0,5.0,6.0,6.0,3.0,2.0,65.0,60.0,60.0,40.0,45.0,60.0,60.0,45.0,35.0,35.0,1.0,2.0,1.0,2.0,2.0,1.0,1.0,2.0,1.0,2.0,1.0,1.0,1.0,1.0,1.0,1.0,2.0,1.0,1.0,2.0,1.0,1.0,1.0,2.0,1.0,1.0,2.0,1.0,1.0,1.0,2.0,1.0,1.0,2.0,1.0,2.0,1.0,1.0,1.0,1.0
1161,5,5,5,4,5,5,5,4,2,3,,30.0,5.0,,5.0,4.0,2.0,,,,6.0,,,,1.0,,2.0,,,,,,,3.0,5.0,5.0,15.0,,1.0,,,3.0,,,1.0,,5.0,,,,,,,,,,,1.0,1.0,1.0,1.0,1.0,1.0,7.0,3.0,3.0,3.0,3.0,5.0,6.0,6.0,4.0,2.0,75.0,75.0,80.0,70.0,75.0,80.0,75.0,70.0,40.0,50.0,1.0,2.0,1.0,2.0,1.0,1.0,1.0,1.0,2.0,1.0,2.0,2.0,1.0,1.0,2.0,1.0,1.0,1.0,2.0,2.0,1.0,1.0,1.0,2.0,1.0,1.0,2.0,2.0,1.0,1.0,1.0,1.0,2.0,1.0,1.0,1.0,1.0,1.0,1.0,1.0
1012,5,5,5,5,5,5,5,5,2,2,,30.0,5.0,,5.0,4.0,3.0,,,,,6.0,1.0,54.0,,1.0,,,,,3.0,5.0,5.0,,,,15.0,,,1.0,4.0,,,,1.0,5.0,,,,,,,,,,,,1.0,1.0,1.0,1.0,1.0,1.0,6.0,3.0,3.0,3.0,3.0,5.0,6.0,6.0,4.0,2.0,75.0,75.0,80.0,80.0,80.0,80.0,80.0,75.0,40.0,40.0,2.0,1.0,1.0,1.0,1.0,2.0,1.0,2.0,1.0,1.0,1.0,1.0,2.0,1.0,1.0,1.0,1.0,2.0,2.0,1.0,1.0,2.0,1.0,1.0,2.0,1.0,2.0,1.0,1.0,1.0,1.0,1.0,2.0,2.0,1.0,1.0,1.0,2.0,1.0,1.0
1387,4,4,4,3,3,4,4,3,2,2,70.0,,,2.0,5.0,4.0,3.0,,,,,6.0,,,1.0,,2.0,,,,2.0,4.0,5.0,,,,15.0,,1.0,,,3.0,,,1.0,5.0,,1.0,1.0,1.0,1.0,1.0,1.0,1.0,1.0,1.0,1.0,,,,,,,6.0,3.0,3.0,3.0,3.0,5.0,5.0,5.0,4.0,2.0,65.0,60.0,60.0,50.0,50.0,60.0,60.0,50.0,40.0,40.0,1.0,1.0,1.0,2.0,1.0,2.0,2.0,2.0,1.0,1.0,1.0,2.0,1.0,2.0,2.0,2.0,1.0,1.0,1.0,2.0,1.0,1.0,1.0,1.0,1.0,1.0,2.0,1.0,1.0,1.0,2.0,1.0,1.0,1.0,2.0,1.0,1.0,1.0,1.0,1.0
1815,5,5,5,5,5,5,5,5,1,1,,30.0,6.0,,,,,5.0,4.0,2.0,6.0,,,,1.0,,2.0,,,,,,,2.0,5.0,5.0,,15.0,1.0,,,3.0,,,1.0,,5.0,,,,,,,,,,,1.0,1.0,1.0,1.0,1.0,1.0,6.0,3.0,2.0,2.0,3.0,5.0,6.0,6.0,4.0,2.0,85.0,85.0,90.0,90.0,90.0,90.0,90.0,85.0,20.0,20.0,2.0,1.0,2.0,2.0,1.0,2.0,1.0,1.0,1.0,2.0,1.0,2.0,1.0,2.0,1.0,2.0,1.0,2.0,1.0,2.0,1.0,2.0,1.0,2.0,2.0,1.0,1.0,1.0,2.0,1.0,2.0,1.0,1.0,2.0,2.0,1.0,2.0,1.0,2.0,1.0
1966,5,5,5,5,4,5,5,5,2,2,,30.0,,2.0,,,,,,,,6.0,,,1.0,,2.0,,,,,,,3.0,5.0,5.0,,15.0,1.0,,5.0,,,,1.0,,5.0,1.0,1.0,1.0,1.0,1.0,1.0,1.0,1.0,1.0,1.0,,,,,,,6.0,3.0,3.0,3.0,3.0,5.0,6.0,6.0,3.0,2.0,75.0,75.0,75.0,75.0,70.0,80.0,75.0,75.0,40.0,40.0,1.0,1.0,2.0,1.0,2.0,2.0,1.0,2.0,2.0,2.0,1.0,2.0,1.0,1.0,1.0,2.0,1.0,2.0,2.0,1.0,2.0,1.0,2.0,1.0,2.0,1.0,1.0,1.0,1.0,1.0,1.0,1.0,1.0,1.0,2.0,1.0,2.0,1.0,2.0,2.0
79,2,3,3,2,3,3,3,2,4,4,40.0,,,2.0,,,,,,,6.0,,1.0,54.0,,1.0,,,,,,,,3.0,4.0,5.0,15.0,,1.0,,,4.0,,1.0,,,5.0,,,,,,,,,,,1.0,1.0,1.0,1.0,1.0,1.0,6.0,3.0,3.0,3.0,3.0,5.0,6.0,6.0,3.0,2.0,55.0,50.0,50.0,45.0,50.0,50.0,50.0,45.0,40.0,40.0,2.0,2.0,1.0,1.0,1.0,2.0,1.0,1.0,2.0,2.0,2.0,1.0,1.0,2.0,1.0,2.0,1.0,1.0,1.0,1.0,1.0,1.0,2.0,1.0,1.0,1.0,1.0,1.0,2.0,2.0,1.0,2.0,1.0,2.0,1.0,2.0,1.0,1.0,1.0,2.0
2008,4,4,4,3,3,4,4,3,2,2,70.0,,,2.0,5.0,4.0,2.0,,,,,6.0,,,1.0,,2.0,,,,,,,2.0,5.0,5.0,15.0,,1.0,,4.0,,,,1.0,,5.0,,,,,,,,,,,1.0,1.0,1.0,1.0,1.0,1.0,7.0,3.0,3.0,3.0,3.0,5.0,6.0,6.0,3.0,,,,,,,,,,,,1.0,1.0,1.0,1.0,2.0,2.0,1.0,2.0,1.0,1.0,2.0,1.0,2.0,1.0,1.0,2.0,1.0,1.0,2.0,1.0,2.0,1.0,1.0,2.0,1.0,1.0,1.0,2.0,1.0,1.0,1.0,2.0,1.0,2.0,2.0,2.0,1.0,1.0,1.0,1.0
308,5,5,5,4,4,5,5,5,1,2,70.0,,5.0,,5.0,4.0,2.0,,,,,6.0,1.0,54.0,,1.0,,,,,2.0,5.0,5.0,,,,15.0,,1.0,,4.0,,,1.0,,,5.0,1.0,1.0,1.0,1.0,1.0,1.0,1.0,1.0,1.0,1.0,,,,,,,6.0,3.0,3.0,3.0,3.0,5.0,6.0,6.0,4.0,,,,,,,,,,,,1.0,2.0,1.0,2.0,1.0,1.0,2.0,2.0,2.0,1.0,1.0,1.0,1.0,1.0,1.0,1.0,2.0,1.0,1.0,1.0,1.0,1.0,1.0,1.0,2.0,1.0,1.0,1.0,2.0,1.0,1.0,2.0,1.0,1.0,1.0,2.0,1.0,1.0,1.0,2.0
681,4,4,4,2,3,4,4,3,2,2,70.0,,5.0,,5.0,4.0,2.0,,,,6.0,,,,1.0,,2.0,3.0,4.0,5.0,,,,,,,15.0,,1.0,,,,,,,,,,,,,,,,,,,,,,,,,,,,,,,,,,,,,,,,,,,,,,,,,,,,,,,,,,,,,,,,,,,,,,,,,,,,,,,,,,,,
514,5,5,5,4,4,5,5,4,2,2,,30.0,5.0,,4.0,3.0,2.0,,,,6.0,,1.0,54.0,,,2.0,,,,2.0,5.0,5.0,,,,,15.0,,1.0,4.0,,,,1.0,,5.0,1.0,1.0,1.0,1.0,1.0,1.0,1.0,1.0,1.0,1.0,,,,,,,6.0,2.0,3.0,3.0,3.0,5.0,6.0,6.0,4.0,2.0,75.0,75.0,75.0,65.0,65.0,75.0,75.0,65.0,40.0,40.0,2.0,1.0,1.0,1.0,1.0,2.0,2.0,1.0,2.0,1.0,2.0,2.0,1.0,2.0,2.0,1.0,1.0,1.0,2.0,1.0,2.0,2.0,2.0,1.0,1.0,1.0,2.0,1.0,1.0,2.0,2.0,1.0,1.0,1.0,2.0,2.0,2.0,2.0,2.0,1.0
467,5,5,5,5,5,5,5,5,2,3,70.0,,,2.0,,,,,,,6.0,,,,1.0,,2.0,,,,2.0,5.0,5.0,,,,,15.0,,1.0,4.0,,,,1.0,,5.0,,,,,,,,,,,1.0,1.0,1.0,1.0,1.0,1.0,7.0,3.0,3.0,3.0,3.0,5.0,6.0,6.0,4.0,2.0,80.0,80.0,80.0,80.0,80.0,80.0,80.0,80.0,30.0,50.0,2.0,1.0,1.0,2.0,1.0,1.0,2.0,1.0,2.0,1.0,1.0,2.0,1.0,2.0,1.0,2.0,1.0,1.0,1.0,1.0,2.0,1.0,2.0,1.0,1.0,1.0,1.0,1.0,1.0,1.0,2.0,1.0,1.0,2.0,1.0,1.0,2.0,1.0,1.0,2.0
1708,2,3,3,2,3,3,3,2,2,2,70.0,,2.0,,5.0,4.0,2.0,,,,6.0,,1.0,54.0,,1.0,,,,,2.0,4.0,5.0,,,,,15.0,1.0,,,,3.0,,1.0,,5.0,1.0,1.0,1.0,1.0,1.0,1.0,1.0,1.0,1.0,1.0,,,,,,,6.0,3.0,3.0,3.0,3.0,5.0,6.0,6.0,4.0,2.0,40.0,50.0,50.0,40.0,50.0,50.0,50.0,40.0,40.0,40.0,1.0,1.0,1.0,2.0,1.0,2.0,1.0,2.0,1.0,1.0,1.0,2.0,2.0,2.0,1.0,1.0,1.0,1.0,1.0,2.0,2.0,1.0,1.0,1.0,2.0,1.0,1.0,2.0,1.0,1.0,1.0,1.0,1.0,1.0,2.0,2.0,2.0,1.0,1.0,1.0
1281,5,5,5,4,4,5,5,4,1,2,70.0,,,2.0,5.0,4.0,3.0,,,,6.0,,,,1.0,1.0,,,,,,,,2.0,5.0,5.0,,15.0,1.0,,4.0,,,1.0,,5.0,,1.0,1.0,1.0,1.0,1.0,1.0,1.0,1.0,1.0,1.0,,,,,,,6.0,3.0,3.0,3.0,3.0,5.0,6.0,6.0,4.0,2.0,75.0,75.0,75.0,65.0,65.0,75.0,75.0,65.0,25.0,35.0,1.0,2.0,1.0,1.0,2.0,1.0,1.0,2.0,1.0,1.0,1.0,1.0,1.0,1.0,1.0,1.0,2.0,1.0,1.0,1.0,2.0,1.0,1.0,1.0,1.0,1.0,1.0,2.0,2.0,1.0,1.0,1.0,1.0,2.0,1.0,1.0,1.0,1.0,2.0,1.0
1114,5,4,5,2,3,4,4,3,2,2,,30.0,2.0,,,,,5.0,4.0,2.0,,6.0,1.0,54.0,,1.0,,3.0,4.0,5.0,,,,,,,,15.0,,1.0,,,3.0,,1.0,,5.0,,,,,,,,,,,1.0,1.0,1.0,1.0,1.0,1.0,6.0,3.0,2.0,3.0,3.0,5.0,6.0,5.0,3.0,2.0,70.0,60.0,75.0,40.0,50.0,60.0,60.0,50.0,40.0,40.0,2.0,1.0,1.0,1.0,2.0,2.0,1.0,1.0,1.0,2.0,1.0,1.0,1.0,2.0,1.0,1.0,2.0,1.0,1.0,1.0,1.0,1.0,1.0,2.0,2.0,1.0,1.0,1.0,2.0,1.0,1.0,1.0,1.0,2.0,1.0,1.0,1.0,1.0,2.0,1.0
1067,2,3,3,1,2,3,3,1,1,1,70.0,,,2.0,,,,,,,6.0,,,,1.0,1.0,,2.0,4.0,5.0,,,,,,,15.0,,,1.0,,,2.0,1.0,,5.0,,1.0,1.0,1.0,1.0,1.0,1.0,1.0,1.0,1.0,1.0,,,,,,,6.0,3.0,2.0,2.0,3.0,5.0,6.0,6.0,3.0,,,,,,,,,,,,1.0,2.0,1.0,1.0,1.0,2.0,1.0,2.0,2.0,1.0,1.0,1.0,1.0,1.0,1.0,1.0,2.0,1.0,1.0,1.0,1.0,1.0,1.0,1.0,2.0,1.0,1.0,1.0,1.0,1.0,1.0,1.0,1.0,2.0,1.0,1.0,1.0,1.0,1.0,1.0
733,5,5,5,4,4,5,5,5,2,2,70.0,,,,5.0,5.0,3.0,,,,6.0,,1.0,54.0,,,2.0,,,,,,,3.0,5.0,5.0,15.0,,1.0,,,,,,,,,,,,,,,,,,,,,,,,,,,,,,,,,,,,,,,,,,,,,,,,,,,,,,,,,,,,,,,,,,,,,,,,,,,,,,,,,,,,
640,4,4,4,2,3,4,4,3,2,2,,30.0,5.0,,5.0,4.0,2.0,,,,6.0,,,,1.0,1.0,,,,,,,,2.0,4.0,5.0,,15.0,,1.0,4.0,,,1.0,,,5.0,1.0,1.0,1.0,1.0,1.0,1.0,1.0,1.0,1.0,1.0,,,,,,,6.0,3.0,3.0,3.0,3.0,5.0,6.0,6.0,3.0,,,,,,,,,,,,2.0,1.0,2.0,1.0,1.0,2.0,1.0,1.0,2.0,2.0,2.0,1.0,1.0,2.0,1.0,2.0,1.0,1.0,2.0,2.0,,,,,,,,,,,,,,,,,,,,
1333,5,5,5,5,5,5,5,4,2,2,,30.0,5.0,,5.0,4.0,2.0,,,,,6.0,1.0,54.0,,1.0,,3.0,5.0,5.0,,,,,,,15.0,,1.0,,,,3.0,,1.0,5.0,,,,,,,,,,,,1.0,1.0,1.0,1.0,1.0,1.0,7.0,3.0,3.0,3.0,3.0,5.0,6.0,6.0,4.0,2.0,75.0,75.0,80.0,80.0,80.0,85.0,80.0,70.0,40.0,40.0,1.0,2.0,1.0,2.0,1.0,2.0,1.0,1.0,2.0,1.0,1.0,1.0,2.0,1.0,1.0,1.0,1.0,1.0,2.0,1.0,2.0,1.0,2.0,1.0,1.0,1.0,1.0,1.0,2.0,2.0,1.0,1.0,2.0,1.0,1.0,2.0,1.0,2.0,1.0,1.0
1240,5,5,5,5,5,5,5,5,2,2,,30.0,5.0,,,,,5.0,4.0,2.0,6.0,,,,1.0,1.0,,3.0,5.0,5.0,,,,,,,15.0,,1.0,,,,3.0,,,,,,,,,,,,,,,,,,,,,,,,,,,,,,2.0,75.0,80.0,85.0,80.0,75.0,85.0,80.0,70.0,40.0,45.0,2.0,1.0,2.0,1.0,1.0,2.0,1.0,2.0,2.0,1.0,2.0,1.0,1.0,2.0,1.0,1.0,1.0,1.0,1.0,2.0,1.0,1.0,2.0,1.0,2.0,1.0,1.0,1.0,1.0,1.0,1.0,1.0,1.0,2.0,1.0,1.0,1.0,2.0,1.0,1.0
48,2,3,3,2,3,3,3,2,4,3,40.0,,,2.0,,,,,,,,6.0,,,1.0,1.0,,,,,3.0,4.0,5.0,,,,,12.0,1.0,,,4.0,,,1.0,,5.0,,,,,,,,,,,1.0,1.0,1.0,1.0,1.0,1.0,6.0,3.0,3.0,3.0,3.0,5.0,6.0,6.0,3.0,2.0,55.0,50.0,50.0,45.0,50.0,50.0,50.0,45.0,40.0,50.0,1.0,1.0,1.0,1.0,1.0,2.0,1.0,1.0,2.0,1.0,1.0,1.0,1.0,2.0,2.0,2.0,1.0,2.0,1.0,1.0,1.0,1.0,1.0,2.0,2.0,2.0,2.0,2.0,1.0,1.0,1.0,2.0,2.0,2.0,1.0,1.0,1.0,1.0,1.0,1.0
2039,2,3,3,1,2,2,3,1,4,2,70.0,,2.0,,,,,5.0,4.0,2.0,6.0,,1.0,54.0,,1.0,,,,,,,,2.0,4.0,5.0,15.0,,,1.0,4.0,,,,1.0,5.0,,1.0,1.0,1.0,1.0,1.0,1.0,1.0,1.0,1.0,1.0,,,,,,,6.0,3.0,2.0,3.0,3.0,5.0,6.0,5.0,4.0,2.0,40.0,50.0,50.0,30.0,40.0,40.0,50.0,30.0,60.0,40.0,1.0,1.0,1.0,1.0,2.0,1.0,1.0,1.0,1.0,1.0,1.0,1.0,1.0,1.0,1.0,1.0,1.0,1.0,1.0,1.0,1.0,1.0,1.0,1.0,1.0,1.0,1.0,1.0,1.0,1.0,1.0,1.0,1.0,1.0,1.0,1.0,1.0,1.0,1.0,1.0
1824,4,4,4,2,3,5,4,3,2,2,,30.0,5.0,,,,,5.0,4.0,2.0,,6.0,,,1.0,,2.0,,,,2.0,5.0,5.0,,,,,12.0,,1.0,,3.0,,,1.0,,5.0,1.0,1.0,1.0,1.0,1.0,1.0,1.0,1.0,1.0,1.0,,,,,,,6.0,3.0,3.0,3.0,3.0,5.0,6.0,6.0,4.0,2.0,65.0,60.0,60.0,40.0,50.0,75.0,60.0,50.0,40.0,40.0,1.0,1.0,1.0,2.0,1.0,1.0,1.0,2.0,1.0,1.0,1.0,1.0,1.0,1.0,1.0,2.0,1.0,2.0,1.0,1.0,1.0,1.0,2.0,1.0,1.0,1.0,2.0,2.0,1.0,1.0,1.0,1.0,1.0,1.0,1.0,2.0,1.0,1.0,1.0,2.0
1957,4,4,4,2,3,4,4,3,2,3,70.0,,,2.0,,,,,,,,6.0,1.0,54.0,,1.0,,2.0,4.0,5.0,,,,,,,15.0,,,1.0,4.0,,,,1.0,5.0,,,,,,,,,,,,1.0,1.0,1.0,1.0,1.0,1.0,6.0,3.0,3.0,3.0,3.0,5.0,6.0,6.0,3.0,2.0,65.0,60.0,60.0,40.0,50.0,60.0,60.0,45.0,35.0,45.0,2.0,1.0,1.0,2.0,2.0,1.0,2.0,1.0,1.0,1.0,2.0,1.0,1.0,1.0,1.0,1.0,2.0,1.0,1.0,1.0,1.0,2.0,1.0,2.0,2.0,1.0,2.0,2.0,1.0,1.0,2.0,2.0,2.0,1.0,1.0,1.0,2.0,1.0,1.0,2.0
1739,5,5,5,5,5,5,5,5,2,2,,30.0,,2.0,5.0,4.0,2.0,,,,,6.0,1.0,54.0,,,2.0,,,,,,,2.0,5.0,5.0,,15.0,,1.0,4.0,,,,1.0,,5.0,1.0,1.0,1.0,1.0,1.0,1.0,1.0,1.0,1.0,1.0,,,,,,,7.0,3.0,2.0,2.0,3.0,6.0,6.0,5.0,4.0,2.0,80.0,80.0,85.0,85.0,80.0,85.0,80.0,75.0,40.0,40.0,2.0,1.0,2.0,2.0,2.0,2.0,1.0,1.0,1.0,2.0,1.0,2.0,2.0,1.0,1.0,1.0,1.0,2.0,1.0,1.0,2.0,1.0,1.0,2.0,1.0,1.0,1.0,1.0,1.0,1.0,1.0,1.0,2.0,1.0,2.0,1.0,2.0,1.0,2.0,1.0
1125,5,5,5,5,5,5,5,5,2,2,40.0,,,1.0,5.0,4.0,2.0,,,,,6.0,,,1.0,1.0,,,,,,,,2.0,5.0,5.0,,12.0,1.0,,4.0,,,1.0,,5.0,,1.0,1.0,1.0,1.0,1.0,1.0,1.0,1.0,1.0,1.0,,,,,,,7.0,3.0,3.0,3.0,3.0,5.0,6.0,6.0,4.0,2.0,75.0,70.0,80.0,75.0,70.0,80.0,75.0,70.0,40.0,40.0,2.0,2.0,1.0,1.0,1.0,2.0,1.0,1.0,1.0,1.0,1.0,1.0,1.0,2.0,1.0,1.0,1.0,1.0,1.0,2.0,1.0,1.0,1.0,1.0,1.0,1.0,1.0,1.0,1.0,1.0,2.0,1.0,1.0,2.0,1.0,1.0,1.0,1.0,2.0,2.0
1056,5,5,5,5,5,5,5,5,2,2,70.0,,5.0,,5.0,4.0,2.0,,,,6.0,,,,1.0,1.0,,4.0,5.0,5.0,,,,,,,,15.0,1.0,,,,3.0,1.0,,5.0,,,,,,,,,,,,1.0,1.0,1.0,1.0,1.0,1.0,7.0,3.0,3.0,3.0,3.0,5.0,6.0,6.0,4.0,2.0,80.0,80.0,85.0,85.0,80.0,85.0,85.0,80.0,40.0,40.0,1.0,2.0,2.0,1.0,1.0,2.0,1.0,1.0,1.0,1.0,2.0,1.0,1.0,1.0,2.0,1.0,2.0,2.0,1.0,1.0,2.0,1.0,1.0,1.0,1.0,2.0,1.0,1.0,2.0,1.0,1.0,2.0,2.0,2.0,2.0,1.0,1.0,1.0,1.0,1.0
339,5,5,5,5,5,5,5,5,1,1,70.0,,5.0,,,,,,,,,6.0,,,1.0,,2.0,,,,3.0,5.0,5.0,,,,,15.0,,1.0,,4.0,,1.0,,,5.0,,,,,,,,,,,1.0,1.0,1.0,1.0,1.0,1.0,7.0,3.0,3.0,3.0,3.0,5.0,6.0,6.0,4.0,2.0,80.0,80.0,85.0,85.0,85.0,85.0,85.0,80.0,20.0,20.0,1.0,1.0,1.0,2.0,1.0,1.0,2.0,1.0,1.0,1.0,1.0,1.0,1.0,1.0,2.0,2.0,1.0,1.0,2.0,1.0,,,,,,,,,,,,,,,,,,,,
525,2,3,3,2,3,3,4,2,1,2,,30.0,2.0,,,,,5.0,4.0,2.0,,6.0,1.0,54.0,,,2.0,3.0,4.0,5.0,,,,,,,,10.0,,1.0,,,3.0,,1.0,5.0,,1.0,1.0,1.0,1.0,1.0,1.0,1.0,1.0,1.0,1.0,,,,,,,6.0,3.0,3.0,3.0,3.0,5.0,6.0,6.0,4.0,2.0,40.0,50.0,50.0,40.0,50.0,50.0,60.0,40.0,20.0,30.0,1.0,2.0,1.0,1.0,2.0,1.0,1.0,2.0,1.0,1.0,2.0,2.0,1.0,2.0,2.0,1.0,1.0,1.0,2.0,1.0,1.0,1.0,2.0,2.0,1.0,1.0,2.0,1.0,1.0,1.0,1.0,1.0,1.0,2.0,1.0,2.0,1.0,1.0,2.0,1.0
456,5,5,5,4,4,5,5,5,2,3,,30.0,5.0,,5.0,4.0,2.0,,,,,6.0,1.0,54.0,,,2.0,3.0,5.0,5.0,,,,,,,15.0,,,1.0,,,3.0,,1.0,5.0,,,,,,,,,,,,1.0,1.0,1.0,1.0,1.0,1.0,7.0,3.0,3.0,3.0,3.0,5.0,6.0,6.0,4.0,2.0,75.0,75.0,80.0,65.0,65.0,80.0,75.0,75.0,40.0,50.0,1.0,2.0,1.0,2.0,2.0,1.0,1.0,1.0,1.0,1.0,2.0,1.0,1.0,1.0,2.0,1.0,1.0,1.0,1.0,1.0,2.0,2.0,2.0,1.0,1.0,1.0,1.0,1.0,1.0,1.0,1.0,1.0,1.0,2.0,1.0,1.0,2.0,1.0,1.0,1.0
89,5,5,5,5,5,5,5,5,2,2,70.0,,5.0,,,,,5.0,4.0,2.0,,6.0,,,1.0,,2.0,3.0,5.0,5.0,,,,,,,,15.0,,1.0,,3.0,,,1.0,,5.0,1.0,1.0,1.0,1.0,1.0,1.0,1.0,1.0,1.0,1.0,,,,,,,7.0,3.0,3.0,3.0,3.0,5.0,6.0,6.0,4.0,,,,,,,,,,,,1.0,2.0,2.0,2.0,1.0,2.0,2.0,1.0,1.0,2.0,2.0,1.0,1.0,2.0,2.0,2.0,1.0,1.0,2.0,1.0,1.0,1.0,1.0,1.0,1.0,1.0,2.0,2.0,1.0,2.0,1.0,2.0,2.0,1.0,1.0,2.0,1.0,1.0,1.0,1.0
1996,4,4,4,3,3,4,4,3,2,3,70.0,,5.0,,,,,5.0,4.0,2.0,6.0,,1.0,54.0,,1.0,,,,,2.0,4.0,5.0,,,,15.0,,,1.0,4.0,,,1.0,,,5.0,1.0,1.0,1.0,1.0,1.0,1.0,1.0,1.0,1.0,1.0,,,,,,,6.0,3.0,2.0,3.0,3.0,5.0,6.0,6.0,3.0,,,,,,,,,,,,1.0,1.0,2.0,1.0,2.0,1.0,1.0,1.0,1.0,2.0,2.0,1.0,1.0,2.0,1.0,1.0,2.0,1.0,1.0,2.0,1.0,1.0,2.0,1.0,1.0,2.0,1.0,2.0,1.0,1.0,1.0,1.0,1.0,1.0,1.0,2.0,1.0,1.0,1.0,2.0
1097,4,4,4,3,4,5,5,3,2,2,,30.0,,,,,,,,,,6.0,,,1.0,1.0,,,,,,,,2.0,4.0,,,,,1.0,,,,,,,,,,,,,,,,,,,,,,,,6.0,3.0,3.0,3.0,3.0,5.0,6.0,6.0,,,,,,,,,,,,,,,,,,,,,,,,,,,,,,,,,,,,,,,,,,,,,,,,,,,,
1302,5,5,5,5,5,5,5,5,2,2,30.0,,,2.0,,,,,,,,6.0,,,1.0,,2.0,,,,,,,2.0,5.0,5.0,15.0,,,1.0,4.0,,,1.0,,5.0,,,,,,,,,,,,1.0,1.0,1.0,1.0,1.0,1.0,,,,,,,,,,,,,,,,,,,,,1.0,1.0,2.0,1.0,2.0,1.0,2.0,2.0,1.0,1.0,1.0,1.0,1.0,1.0,1.0,1.0,2.0,2.0,1.0,2.0,1.0,1.0,1.0,1.0,1.0,1.0,1.0,2.0,1.0,1.0,1.0,1.0,1.0,1.0,1.0,1.0,1.0,1.0,1.0,1.0
1271,2,3,2,1,2,3,3,1,1,1,70.0,,5.0,,,,,,,,,6.0,1.0,54.0,,1.0,,,,,2.0,4.0,5.0,,,,,12.0,,1.0,,3.0,,,1.0,4.0,,1.0,1.0,1.0,1.0,1.0,1.0,1.0,1.0,1.0,1.0,,,,,,,7.0,3.0,2.0,3.0,3.0,5.0,6.0,6.0,3.0,2.0,40.0,50.0,40.0,20.0,30.0,50.0,50.0,20.0,20.0,20.0,2.0,2.0,2.0,1.0,2.0,1.0,2.0,2.0,2.0,1.0,2.0,2.0,1.0,1.0,2.0,1.0,1.0,1.0,1.0,1.0,1.0,1.0,2.0,2.0,1.0,2.0,1.0,1.0,1.0,2.0,1.0,1.0,1.0,2.0,1.0,2.0,2.0,1.0,1.0,1.0
497,5,5,5,5,5,5,5,5,2,2,,30.0,6.0,,5.0,4.0,2.0,,,,,6.0,1.0,54.0,,,2.0,,,,3.0,5.0,6.0,,,,,15.0,1.0,,,,4.0,,1.0,,5.0,,,,,,,,,,,1.0,1.0,1.0,1.0,1.0,1.0,7.0,3.0,3.0,3.0,3.0,5.0,6.0,6.0,4.0,2.0,80.0,80.0,85.0,85.0,80.0,85.0,80.0,75.0,40.0,40.0,1.0,2.0,2.0,2.0,1.0,2.0,1.0,1.0,1.0,1.0,2.0,1.0,2.0,1.0,1.0,2.0,1.0,2.0,1.0,1.0,1.0,1.0,1.0,1.0,1.0,2.0,1.0,1.0,2.0,1.0,2.0,2.0,2.0,1.0,1.0,1.0,1.0,1.0,1.0,1.0
702,4,4,5,3,4,5,5,4,2,3,70.0,,5.0,,,,,5.0,4.0,2.0,,6.0,1.0,54.0,,,2.0,3.0,4.0,5.0,,,,,,,,15.0,1.0,,4.0,,,,1.0,,5.0,,,,,,,,,,,1.0,1.0,1.0,1.0,1.0,1.0,7.0,3.0,3.0,3.0,3.0,5.0,6.0,6.0,4.0,2.0,65.0,60.0,70.0,50.0,60.0,70.0,70.0,60.0,40.0,50.0,1.0,1.0,2.0,1.0,2.0,1.0,1.0,2.0,1.0,1.0,1.0,1.0,1.0,1.0,1.0,1.0,2.0,1.0,2.0,2.0,1.0,1.0,2.0,1.0,1.0,1.0,1.0,1.0,2.0,1.0,1.0,1.0,1.0,1.0,2.0,2.0,1.0,1.0,1.0,1.0
671,2,3,3,2,3,3,3,2,4,3,70.0,,2.0,,5.0,4.0,2.0,,,,,6.0,,,1.0,1.0,,,,,,,,2.0,4.0,4.0,,15.0,1.0,,,,2.0,1.0,,4.0,,,,,,,,,,,,1.0,1.0,1.0,1.0,1.0,1.0,6.0,2.0,3.0,3.0,3.0,5.0,6.0,6.0,,,,,,,,,,,,,,,,,,,,,,,,,,,,,,,,,,,,,,,,,,,,,,,,,,,,
919,2,4,4,2,3,3,4,2,2,2,70.0,,5.0,,5.0,4.0,3.0,,,,6.0,,,,1.0,1.0,,,,,,,,2.0,4.0,5.0,,15.0,1.0,,,,2.0,1.0,,,5.0,1.0,1.0,1.0,1.0,1.0,1.0,1.0,1.0,1.0,1.0,,,,,,,6.0,3.0,3.0,3.0,3.0,5.0,6.0,6.0,3.0,,,,,,,,,,,,2.0,1.0,1.0,2.0,1.0,1.0,2.0,2.0,2.0,1.0,2.0,2.0,1.0,1.0,2.0,1.0,1.0,1.0,2.0,1.0,1.0,2.0,1.0,2.0,2.0,1.0,2.0,1.0,2.0,2.0,2.0,2.0,1.0,2.0,1.0,1.0,1.0,2.0,1.0,1.0
1890,2,3,3,1,2,2,3,1,4,2,,30.0,2.0,,5.0,4.0,2.0,,,,,6.0,,,1.0,1.0,,3.0,4.0,5.0,,,,,,,15.0,,1.0,,4.0,,,1.0,,,5.0,,,,,,,,,,,1.0,1.0,1.0,1.0,1.0,1.0,6.0,3.0,2.0,3.0,3.0,5.0,6.0,5.0,4.0,2.0,40.0,35.0,35.0,20.0,25.0,25.0,35.0,20.0,45.0,25.0,2.0,1.0,1.0,2.0,1.0,2.0,1.0,2.0,1.0,1.0,1.0,1.0,2.0,1.0,2.0,2.0,2.0,2.0,1.0,1.0,2.0,1.0,1.0,2.0,1.0,1.0,2.0,1.0,1.0,1.0,1.0,2.0,2.0,2.0,1.0,1.0,2.0,1.0,1.0,1.0
1377,5,5,5,5,5,5,5,4,1,2,70.0,,5.0,,,,,5.0,4.0,2.0,6.0,,,,1.0,,2.0,3.0,5.0,5.0,,,,,,,,15.0,,1.0,,,3.0,,1.0,,5.0,1.0,1.0,1.0,1.0,1.0,1.0,1.0,1.0,1.0,1.0,,,,,,,7.0,3.0,3.0,3.0,3.0,5.0,6.0,6.0,3.0,2.0,75.0,75.0,75.0,75.0,75.0,75.0,75.0,65.0,20.0,30.0,1.0,1.0,2.0,1.0,1.0,1.0,1.0,1.0,1.0,2.0,1.0,1.0,2.0,1.0,1.0,1.0,1.0,1.0,1.0,1.0,,,,,,,,,,,,,,,,,,,,
1204,5,5,5,5,5,5,5,5,2,2,,30.0,6.0,,5.0,4.0,2.0,,,,6.0,,1.0,54.0,,1.0,,,,,3.0,5.0,5.0,,,,,15.0,1.0,,4.0,,,1.0,,5.0,,,,,,,,,,,,1.0,1.0,1.0,1.0,1.0,1.0,7.0,3.0,3.0,3.0,3.0,5.0,6.0,6.0,4.0,2.0,75.0,75.0,80.0,80.0,75.0,80.0,75.0,70.0,40.0,40.0,2.0,1.0,2.0,1.0,2.0,1.0,2.0,1.0,1.0,2.0,1.0,2.0,1.0,1.0,1.0,1.0,2.0,2.0,1.0,1.0,1.0,2.0,1.0,2.0,1.0,1.0,2.0,1.0,1.0,1.0,1.0,2.0,1.0,1.0,1.0,1.0,1.0,1.0,2.0,1.0
1418,5,5,5,2,3,5,5,4,2,2,,30.0,,2.0,,,,,,,6.0,,1.0,54.0,,1.0,,,,,2.0,5.0,5.0,,,,,12.0,1.0,,,,3.0,1.0,,,5.0,1.0,1.0,1.0,1.0,1.0,1.0,1.0,1.0,1.0,1.0,,,,,,,6.0,3.0,3.0,3.0,3.0,5.0,6.0,6.0,4.0,,,,,,,,,,,,1.0,1.0,1.0,2.0,2.0,1.0,2.0,1.0,1.0,2.0,1.0,2.0,1.0,1.0,2.0,1.0,1.0,2.0,1.0,2.0,1.0,1.0,1.0,1.0,1.0,1.0,1.0,1.0,1.0,2.0,1.0,2.0,2.0,1.0,2.0,1.0,1.0,1.0,1.0,1.0
1191,5,4,5,4,4,5,5,4,2,2,,30.0,,2.0,,,,,,,,6.0,1.0,54.0,,1.0,,,,,3.0,5.0,5.0,,,,,15.0,,1.0,,,3.0,,1.0,,5.0,1.0,1.0,1.0,1.0,1.0,1.0,1.0,1.0,1.0,1.0,,,,,,,7.0,3.0,4.0,3.0,3.0,5.0,6.0,6.0,3.0,2.0,75.0,65.0,80.0,60.0,60.0,75.0,75.0,65.0,40.0,40.0,1.0,2.0,1.0,1.0,1.0,2.0,1.0,2.0,2.0,1.0,1.0,2.0,2.0,1.0,1.0,2.0,2.0,1.0,1.0,1.0,1.0,1.0,2.0,1.0,1.0,1.0,1.0,2.0,1.0,2.0,2.0,2.0,1.0,1.0,2.0,1.0,1.0,2.0,1.0,1.0
777,5,5,5,5,5,5,5,5,1,1,,30.0,6.0,,,,,5.0,4.0,2.0,6.0,,1.0,54.0,,1.0,,4.0,5.0,6.0,,,,,,,,15.0,1.0,,,,3.0,1.0,,,5.0,1.0,1.0,1.0,1.0,1.0,1.0,1.0,1.0,1.0,1.0,,,,,,,6.0,3.0,2.0,2.0,3.0,5.0,6.0,6.0,4.0,2.0,75.0,75.0,80.0,80.0,80.0,80.0,80.0,70.0,30.0,30.0,1.0,2.0,2.0,1.0,1.0,1.0,2.0,2.0,2.0,1.0,1.0,1.0,1.0,1.0,1.0,2.0,1.0,1.0,1.0,1.0,1.0,1.0,1.0,2.0,2.0,1.0,1.0,1.0,1.0,1.0,1.0,1.0,1.0,1.0,1.0,1.0,1.0,2.0,1.0,1.0
604,2,3,3,2,3,3,3,2,4,3,,40.0,2.0,,,,,5.0,4.0,2.0,6.0,,,,1.0,,2.0,2.0,4.0,5.0,,,,,,,,12.0,,1.0,4.0,,,,1.0,,5.0,1.0,1.0,1.0,1.0,1.0,1.0,1.0,1.0,1.0,1.0,,,,,,,6.0,3.0,3.0,3.0,3.0,5.0,6.0,6.0,4.0,2.0,40.0,50.0,50.0,40.0,50.0,50.0,50.0,40.0,60.0,50.0,1.0,2.0,1.0,1.0,2.0,1.0,1.0,1.0,1.0,2.0,2.0,1.0,2.0,1.0,1.0,2.0,1.0,2.0,1.0,2.0,1.0,1.0,1.0,1.0,2.0,1.0,1.0,2.0,1.0,1.0,2.0,1.0,2.0,1.0,1.0,1.0,1.0,1.0,1.0,1.0
591,3,3,4,2,3,4,4,2,2,2,70.0,,2.0,,,,,,,,,6.0,1.0,54.0,,,2.0,,,,3.0,4.0,5.0,,,,15.0,,,1.0,4.0,,,,1.0,,5.0,,,,,,,,,,,1.0,1.0,1.0,1.0,1.0,1.0,6.0,3.0,3.0,3.0,3.0,5.0,6.0,6.0,4.0,2.0,50.0,45.0,55.0,35.0,40.0,50.0,50.0,30.0,30.0,30.0,2.0,1.0,1.0,2.0,1.0,2.0,2.0,1.0,1.0,1.0,1.0,1.0,2.0,1.0,1.0,1.0,1.0,2.0,2.0,1.0,,,,,,,,,,,,,,,,,,,,
9,5,5,5,4,4,5,5,4,2,2,,30.0,5.0,,5.0,4.0,2.0,,,,6.0,,1.0,54.0,,1.0,,,,,2.0,5.0,5.0,,,,,15.0,,1.0,5.0,,,,1.0,5.0,,1.0,1.0,1.0,1.0,1.0,1.0,1.0,1.0,1.0,1.0,,,,,,,6.0,3.0,3.0,3.0,3.0,5.0,6.0,6.0,3.0,2.0,75.0,75.0,80.0,65.0,65.0,80.0,75.0,65.0,40.0,40.0,1.0,1.0,1.0,1.0,1.0,1.0,1.0,1.0,1.0,1.0,1.0,1.0,1.0,1.0,2.0,1.0,1.0,1.0,1.0,1.0,,,,,,,,,,,,,,,,,,,,
1851,5,5,5,5,5,5,5,4,2,3,70.0,,,2.0,,,,,,,6.0,,1.0,54.0,,1.0,,3.0,5.0,5.0,,,,,,,,15.0,,1.0,4.0,,,,1.0,,5.0,1.0,1.0,1.0,1.0,1.0,1.0,1.0,1.0,1.0,1.0,,,,,,,6.0,3.0,3.0,3.0,3.0,5.0,6.0,6.0,4.0,2.0,75.0,75.0,75.0,75.0,75.0,75.0,75.0,65.0,40.0,50.0,2.0,1.0,1.0,2.0,2.0,2.0,1.0,1.0,1.0,2.0,1.0,2.0,1.0,2.0,1.0,2.0,1.0,2.0,2.0,1.0,1.0,1.0,1.0,1.0,2.0,2.0,1.0,2.0,2.0,1.0,1.0,2.0,1.0,1.0,2.0,2.0,1.0,1.0,1.0,1.0
1922,4,4,4,3,3,4,4,3,2,3,70.0,,,2.0,,,,,,,6.0,,,,1.0,1.0,,,,,3.0,4.0,5.0,,,,,15.0,,1.0,,,2.0,,1.0,,5.0,1.0,1.0,1.0,1.0,1.0,1.0,1.0,1.0,1.0,1.0,,,,,,,6.0,3.0,3.0,3.0,3.0,5.0,5.0,5.0,3.0,2.0,60.0,60.0,60.0,50.0,50.0,60.0,60.0,50.0,40.0,50.0,1.0,1.0,2.0,1.0,2.0,1.0,1.0,2.0,2.0,2.0,1.0,2.0,1.0,2.0,1.0,2.0,1.0,2.0,1.0,2.0,1.0,1.0,1.0,1.0,1.0,2.0,1.0,1.0,1.0,1.0,2.0,1.0,1.0,2.0,1.0,1.0,2.0,2.0,1.0,1.0
1150,5,5,5,4,4,5,5,5,2,3,,30.0,5.0,,,,,5.0,4.0,2.0,,6.0,,,1.0,,2.0,,,,3.0,5.0,5.0,,,,15.0,,1.0,,,,3.0,1.0,,,5.0,1.0,1.0,1.0,1.0,1.0,1.0,1.0,1.0,1.0,1.0,,,,,,,6.0,3.0,3.0,3.0,3.0,5.0,6.0,6.0,3.0,,,,,,,,,,,,2.0,1.0,1.0,1.0,1.0,2.0,1.0,2.0,1.0,1.0,1.0,2.0,1.0,1.0,1.0,2.0,2.0,1.0,1.0,1.0,2.0,1.0,1.0,1.0,1.0,1.0,1.0,1.0,1.0,1.0,1.0,2.0,2.0,1.0,1.0,2.0,2.0,1.0,2.0,1.0
1023,3,4,4,2,3,3,4,2,2,3,,30.0,5.0,,5.0,4.0,2.0,,,,,6.0,,,1.0,,2.0,,,,,,,2.0,4.0,5.0,,15.0,,1.0,4.0,,,,1.0,5.0,,,,,,,,,,,,1.0,1.0,1.0,1.0,1.0,1.0,7.0,3.0,2.0,3.0,3.0,5.0,6.0,5.0,4.0,2.0,55.0,65.0,65.0,40.0,50.0,50.0,60.0,40.0,40.0,50.0,1.0,1.0,2.0,2.0,1.0,1.0,1.0,1.0,2.0,2.0,2.0,1.0,1.0,1.0,2.0,1.0,1.0,1.0,1.0,2.0,2.0,2.0,1.0,1.0,1.0,1.0,1.0,2.0,2.0,1.0,1.0,1.0,1.0,1.0,1.0,1.0,1.0,2.0,2.0,1.0
550,4,4,4,2,3,4,4,3,2,2,,30.0,2.0,,5.0,4.0,2.0,,,,6.0,,1.0,54.0,,1.0,,3.0,4.0,5.0,,,,,,,,15.0,1.0,,,4.0,,,1.0,5.0,,1.0,1.0,1.0,1.0,1.0,1.0,1.0,1.0,1.0,1.0,,,,,,,6.0,3.0,3.0,3.0,3.0,5.0,6.0,6.0,4.0,,,,,,,,,,,,1.0,2.0,1.0,1.0,1.0,1.0,1.0,1.0,1.0,1.0,1.0,1.0,1.0,1.0,2.0,2.0,1.0,1.0,1.0,2.0,1.0,1.0,1.0,1.0,1.0,1.0,1.0,1.0,2.0,1.0,1.0,1.0,2.0,2.0,2.0,1.0,1.0,1.0,2.0,1.0
423,5,5,5,1,2,5,5,5,1,1,70.0,,5.0,,5.0,4.0,2.0,,,,6.0,,,,1.0,,2.0,2.0,5.0,5.0,,,,,,,15.0,,1.0,,,,3.0,,1.0,,5.0,,,,,,,,,,,1.0,1.0,1.0,1.0,1.0,1.0,7.0,3.0,3.0,3.0,3.0,5.0,6.0,6.0,3.0,2.0,75.0,75.0,75.0,30.0,40.0,75.0,75.0,75.0,30.0,30.0,1.0,2.0,1.0,1.0,1.0,1.0,2.0,1.0,2.0,2.0,1.0,1.0,1.0,1.0,1.0,1.0,2.0,1.0,1.0,2.0,1.0,1.0,1.0,1.0,2.0,1.0,1.0,1.0,2.0,1.0,1.0,1.0,1.0,1.0,,,,,,
1787,5,5,5,5,5,5,5,5,2,2,,30.0,6.0,,,,,5.0,4.0,2.0,,6.0,1.0,54.0,,1.0,,,,,,,,2.0,5.0,5.0,,15.0,,1.0,,4.0,,1.0,,,5.0,1.0,1.0,1.0,1.0,1.0,1.0,1.0,1.0,1.0,1.0,,,,,,,7.0,3.0,2.0,3.0,3.0,5.0,6.0,6.0,4.0,2.0,75.0,80.0,85.0,85.0,80.0,90.0,85.0,80.0,40.0,40.0,2.0,1.0,2.0,1.0,2.0,1.0,1.0,1.0,1.0,1.0,1.0,1.0,1.0,2.0,2.0,1.0,2.0,2.0,2.0,1.0,1.0,1.0,1.0,2.0,2.0,1.0,1.0,1.0,2.0,2.0,2.0,1.0,1.0,2.0,1.0,1.0,2.0,1.0,2.0,1.0
1561,5,5,5,5,5,5,5,5,1,1,,30.0,5.0,,5.0,4.0,2.0,,,,6.0,,,,1.0,,2.0,,,,,,,2.0,5.0,5.0,,15.0,1.0,,,,3.0,,1.0,,5.0,1.0,1.0,1.0,1.0,1.0,1.0,1.0,1.0,1.0,1.0,,,,,,,7.0,3.0,4.0,3.0,3.0,5.0,6.0,6.0,4.0,2.0,75.0,75.0,75.0,75.0,75.0,75.0,75.0,75.0,25.0,25.0,1.0,1.0,2.0,1.0,1.0,2.0,1.0,2.0,2.0,1.0,1.0,2.0,2.0,1.0,1.0,1.0,1.0,2.0,1.0,2.0,,,,,,,,,,,,,,,,,,,,
1412,5,5,5,5,5,5,5,5,2,2,70.0,,5.0,,5.0,4.0,2.0,,,,6.0,,,,1.0,1.0,,,,,2.0,5.0,5.0,,,,,15.0,,1.0,4.0,,,2.0,,5.0,,,,,,,,,,,,,,,,,,,,,,,,,,,,70.0,70.0,70.0,70.0,70.0,70.0,70.0,70.0,30.0,30.0,1.0,2.0,1.0,1.0,1.0,2.0,1.0,2.0,2.0,1.0,1.0,1.0,1.0,2.0,1.0,1.0,1.0,2.0,2.0,2.0,1.0,2.0,1.0,1.0,1.0,1.0,1.0,1.0,1.0,1.0,1.0,1.0,1.0,1.0,1.0,1.0,1.0,1.0,1.0,1.0
387,4,4,4,2,3,4,4,3,2,3,,30.0,,2.0,5.0,4.0,2.0,,,,,6.0,1.0,54.0,,,2.0,2.0,4.0,5.0,,,,,,,15.0,,,1.0,,4.0,,1.0,,,5.0,1.0,1.0,1.0,1.0,1.0,1.0,1.0,1.0,1.0,1.0,,,,,,,6.0,3.0,3.0,3.0,3.0,5.0,6.0,6.0,4.0,,,,,,,,,,,,1.0,1.0,2.0,2.0,1.0,2.0,1.0,1.0,1.0,1.0,1.0,1.0,2.0,1.0,1.0,2.0,1.0,1.0,1.0,1.0,1.0,1.0,2.0,2.0,1.0,1.0,1.0,1.0,2.0,1.0,1.0,1.0,1.0,2.0,1.0,1.0,2.0,1.0,1.0,1.0
161,2,3,3,2,3,2,3,2,4,2,70.0,,,2.0,,,,,,,,6.0,,,1.0,,2.0,3.0,4.0,5.0,,,,,,,,10.0,1.0,,4.0,,,1.0,,4.0,,,,,,,,,,,,1.0,1.0,1.0,1.0,1.0,1.0,7.0,3.0,3.0,3.0,3.0,5.0,5.0,5.0,4.0,2.0,40.0,50.0,50.0,40.0,50.0,40.0,50.0,40.0,60.0,40.0,2.0,1.0,2.0,1.0,2.0,2.0,2.0,1.0,1.0,1.0,1.0,2.0,1.0,2.0,1.0,1.0,2.0,1.0,1.0,1.0,1.0,1.0,1.0,1.0,1.0,1.0,1.0,1.0,1.0,1.0,1.0,2.0,1.0,1.0,1.0,1.0,2.0,1.0,1.0,1.0
860,5,5,5,4,4,5,5,4,2,2,70.0,,,,,,,,,,,6.0,1.0,54.0,,1.0,,,,,2.0,5.0,5.0,,,,,15.0,,1.0,,,3.0,,1.0,,5.0,1.0,1.0,1.0,1.0,1.0,1.0,1.0,1.0,1.0,1.0,,,,,,,7.0,3.0,3.0,3.0,3.0,6.0,6.0,6.0,4.0,2.0,75.0,75.0,75.0,60.0,60.0,75.0,75.0,60.0,40.0,40.0,1.0,1.0,2.0,2.0,1.0,2.0,1.0,2.0,2.0,1.0,2.0,2.0,2.0,1.0,1.0,1.0,1.0,2.0,2.0,1.0,2.0,1.0,2.0,2.0,1.0,1.0,1.0,1.0,1.0,1.0,1.0,1.0,1.0,2.0,1.0,1.0,2.0,2.0,1.0,1.0
913,5,5,5,5,5,5,5,5,1,1,70.0,,6.0,,,,,5.0,4.0,2.0,,6.0,,,1.0,1.0,,3.0,5.0,5.0,,,,,,,,15.0,1.0,,,3.0,,1.0,,5.0,,,,,,,,,,,,1.0,1.0,1.0,1.0,1.0,1.0,7.0,3.0,3.0,3.0,3.0,5.0,6.0,6.0,4.0,2.0,80.0,75.0,85.0,80.0,75.0,80.0,75.0,70.0,30.0,25.0,1.0,2.0,1.0,2.0,1.0,1.0,2.0,1.0,1.0,2.0,2.0,2.0,2.0,2.0,2.0,2.0,2.0,2.0,1.0,1.0,1.0,1.0,2.0,1.0,2.0,1.0,2.0,2.0,2.0,2.0,1.0,1.0,1.0,1.0,1.0,1.0,1.0,1.0,1.0,1.0
1029,5,5,5,5,5,5,5,5,2,2,70.0,,,2.0,,,,,,,,6.0,,,1.0,1.0,,3.0,5.0,5.0,,,,,,,,15.0,,1.0,,,3.0,,1.0,5.0,,,,,,,,,,,,1.0,1.0,1.0,1.0,1.0,1.0,6.0,3.0,3.0,3.0,3.0,5.0,6.0,6.0,3.0,2.0,75.0,75.0,80.0,80.0,75.0,80.0,80.0,70.0,40.0,40.0,2.0,2.0,2.0,1.0,1.0,1.0,1.0,1.0,2.0,1.0,1.0,1.0,1.0,1.0,2.0,2.0,1.0,1.0,1.0,1.0,1.0,1.0,1.0,1.0,1.0,1.0,1.0,1.0,1.0,1.0,1.0,1.0,1.0,1.0,1.0,1.0,1.0,1.0,1.0,1.0
1746,5,5,5,5,5,5,5,5,1,1,70.0,,,1.0,,,,,,,6.0,,,,1.0,1.0,,3.0,5.0,5.0,,,,,,,,10.0,1.0,,,,3.0,1.0,,5.0,,,,,,,,,,,,1.0,1.0,1.0,1.0,1.0,1.0,7.0,3.0,3.0,3.0,3.0,5.0,6.0,6.0,4.0,2.0,80.0,80.0,85.0,85.0,80.0,85.0,85.0,80.0,20.0,20.0,1.0,1.0,1.0,1.0,1.0,1.0,1.0,1.0,1.0,2.0,1.0,2.0,1.0,1.0,1.0,1.0,1.0,1.0,1.0,1.0,1.0,1.0,1.0,2.0,1.0,1.0,1.0,1.0,1.0,1.0,1.0,1.0,1.0,1.0,1.0,1.0,1.0,1.0,2.0,1.0
1635,4,4,4,2,3,4,4,3,2,3,,30.0,5.0,,5.0,4.0,2.0,,,,,6.0,1.0,54.0,,,2.0,3.0,4.0,5.0,,,,,,,15.0,,1.0,,,,3.0,1.0,,5.0,,1.0,1.0,1.0,1.0,1.0,1.0,1.0,1.0,1.0,1.0,,,,,,,6.0,3.0,3.0,3.0,3.0,5.0,6.0,6.0,4.0,,,,,,,,,,,,2.0,1.0,1.0,2.0,2.0,2.0,1.0,1.0,2.0,1.0,2.0,2.0,2.0,1.0,1.0,1.0,1.0,1.0,2.0,1.0,1.0,1.0,1.0,2.0,2.0,1.0,1.0,1.0,2.0,1.0,1.0,1.0,1.0,1.0,1.0,1.0,1.0,1.0,1.0,1.0
429,5,5,5,5,5,5,5,5,1,2,70.0,,5.0,,,,,5.0,4.0,2.0,6.0,,,,1.0,,2.0,3.0,5.0,5.0,,,,,,,15.0,,,1.0,4.0,,,1.0,,5.0,,,,,,,,,,,,1.0,1.0,1.0,1.0,1.0,1.0,7.0,3.0,3.0,3.0,3.0,5.0,6.0,6.0,4.0,,,,,,,,,,,,2.0,1.0,2.0,1.0,1.0,2.0,1.0,1.0,1.0,1.0,2.0,1.0,2.0,1.0,2.0,1.0,2.0,1.0,1.0,2.0,1.0,2.0,1.0,1.0,1.0,1.0,1.0,2.0,1.0,2.0,1.0,1.0,1.0,1.0,1.0,1.0,2.0,2.0,1.0,1.0
346,5,5,5,3,4,5,5,4,2,2,,30.0,5.0,,5.0,4.0,3.0,,,,6.0,,1.0,54.0,,1.0,,3.0,5.0,5.0,,,,,,,15.0,,,1.0,4.0,,,,1.0,,5.0,,,,,,,,,,,1.0,1.0,1.0,1.0,1.0,1.0,7.0,3.0,3.0,3.0,3.0,5.0,6.0,6.0,4.0,2.0,75.0,70.0,75.0,50.0,60.0,75.0,75.0,60.0,40.0,40.0,2.0,1.0,2.0,2.0,1.0,1.0,1.0,2.0,1.0,1.0,2.0,1.0,1.0,1.0,1.0,2.0,1.0,1.0,2.0,1.0,2.0,1.0,1.0,2.0,1.0,1.0,1.0,1.0,2.0,2.0,1.0,1.0,1.0,2.0,1.0,1.0,2.0,1.0,1.0,2.0
235,4,4,4,2,3,4,4,3,2,2,70.0,,,2.0,,,,,,,,6.0,,,1.0,1.0,,,,,,,,2.0,4.0,5.0,15.0,,,1.0,,3.0,,,1.0,,5.0,,,,,,,,,,,1.0,1.0,1.0,1.0,1.0,1.0,6.0,3.0,3.0,3.0,3.0,5.0,6.0,6.0,4.0,2.0,65.0,60.0,65.0,40.0,50.0,60.0,60.0,50.0,40.0,40.0,1.0,2.0,2.0,1.0,1.0,1.0,1.0,1.0,1.0,2.0,1.0,1.0,1.0,1.0,1.0,1.0,2.0,1.0,1.0,2.0,1.0,1.0,1.0,2.0,1.0,1.0,2.0,2.0,1.0,1.0,1.0,1.0,1.0,1.0,1.0,1.0,1.0,1.0,1.0,1.0
3,3,4,4,2,3,4,4,2,2,3,70.0,,,2.0,5.0,4.0,2.0,,,,,6.0,1.0,54.0,,1.0,,,,,2.0,4.0,5.0,,,,15.0,,1.0,,,3.0,,,1.0,,5.0,,,,,,,,,,,1.0,1.0,1.0,1.0,1.0,1.0,6.0,3.0,3.0,3.0,3.0,5.0,6.0,6.0,3.0,2.0,50.0,60.0,60.0,40.0,50.0,60.0,60.0,40.0,40.0,50.0,1.0,2.0,1.0,1.0,2.0,1.0,1.0,2.0,1.0,1.0,1.0,1.0,2.0,1.0,1.0,1.0,1.0,1.0,1.0,2.0,,,,,,,,,,,,,,,,,,,,
2046,5,5,5,5,5,5,5,5,2,2,,30.0,5.0,,5.0,4.0,2.0,,,,,6.0,1.0,54.0,,1.0,,3.0,5.0,5.0,,,,,,,15.0,,,1.0,4.0,,,,1.0,,5.0,,,,,,,,,,,1.0,1.0,1.0,1.0,1.0,1.0,7.0,3.0,3.0,3.0,3.0,5.0,6.0,6.0,4.0,2.0,80.0,75.0,85.0,80.0,75.0,80.0,80.0,70.0,40.0,40.0,1.0,1.0,1.0,1.0,1.0,1.0,1.0,1.0,2.0,2.0,1.0,1.0,1.0,1.0,1.0,2.0,1.0,1.0,1.0,1.0,1.0,1.0,1.0,1.0,1.0,1.0,1.0,1.0,1.0,2.0,1.0,1.0,1.0,1.0,1.0,1.0,1.0,1.0,1.0,1.0
37,5,5,5,5,5,5,5,5,1,1,,30.0,6.0,,,,,,,,,6.0,1.0,54.0,,1.0,,3.0,5.0,5.0,,,,,,,,,,,,4.0,,1.0,,,5.0,1.0,1.0,1.0,1.0,1.0,1.0,1.0,1.0,1.0,1.0,,,,,,,7.0,3.0,3.0,3.0,3.0,5.0,6.0,6.0,4.0,2.0,75.0,75.0,75.0,75.0,75.0,75.0,75.0,75.0,25.0,25.0,2.0,1.0,2.0,2.0,2.0,2.0,1.0,1.0,2.0,1.0,1.0,1.0,1.0,2.0,1.0,1.0,1.0,1.0,1.0,2.0,1.0,1.0,2.0,1.0,1.0,1.0,1.0,1.0,2.0,2.0,1.0,1.0,1.0,1.0,1.0,1.0,1.0,1.0,1.0,1.0
1928,5,5,5,5,5,5,5,5,2,2,70.0,,,2.0,,,,,,,,6.0,,,1.0,,2.0,,,,,,,2.0,5.0,5.0,15.0,,,1.0,4.0,,,,1.0,5.0,,1.0,1.0,1.0,1.0,1.0,1.0,1.0,1.0,1.0,1.0,,,,,,,6.0,3.0,3.0,3.0,3.0,5.0,5.0,5.0,4.0,2.0,75.0,75.0,80.0,80.0,80.0,85.0,85.0,70.0,40.0,40.0,1.0,2.0,2.0,1.0,1.0,2.0,2.0,2.0,1.0,2.0,1.0,1.0,1.0,1.0,1.0,2.0,1.0,2.0,1.0,1.0,1.0,1.0,1.0,1.0,1.0,1.0,1.0,1.0,1.0,1.0,2.0,1.0,1.0,2.0,2.0,2.0,2.0,2.0,2.0,2.0
1733,2,3,3,2,3,2,3,2,4,3,,30.0,,2.0,,,,,,,6.0,,1.0,54.0,,,2.0,,,,,,,2.0,4.0,5.0,,15.0,,1.0,3.0,,,1.0,,,5.0,1.0,1.0,1.0,1.0,1.0,1.0,1.0,1.0,1.0,1.0,,,,,,,6.0,2.0,3.0,3.0,3.0,5.0,6.0,6.0,4.0,2.0,40.0,50.0,50.0,40.0,50.0,40.0,50.0,40.0,60.0,50.0,2.0,2.0,2.0,2.0,1.0,1.0,1.0,2.0,2.0,2.0,2.0,1.0,1.0,2.0,1.0,1.0,1.0,1.0,1.0,1.0,1.0,1.0,2.0,1.0,2.0,2.0,2.0,1.0,1.0,1.0,2.0,2.0,2.0,2.0,2.0,2.0,2.0,2.0,2.0,2.0
1640,5,5,5,4,4,5,5,5,2,2,,30.0,5.0,,,,,5.0,4.0,2.0,6.0,,1.0,54.0,,,2.0,,,,,,,2.0,5.0,5.0,,12.0,1.0,,,4.0,,1.0,,5.0,,1.0,1.0,1.0,1.0,1.0,1.0,1.0,1.0,1.0,1.0,,,,,,,7.0,3.0,3.0,3.0,3.0,5.0,6.0,6.0,4.0,2.0,75.0,75.0,75.0,65.0,65.0,75.0,75.0,75.0,40.0,40.0,1.0,1.0,2.0,2.0,1.0,1.0,1.0,1.0,1.0,1.0,1.0,2.0,1.0,1.0,1.0,2.0,1.0,1.0,1.0,2.0,1.0,1.0,2.0,1.0,1.0,1.0,2.0,1.0,1.0,2.0,1.0,2.0,1.0,2.0,1.0,1.0,1.0,1.0,1.0,1.0
333,5,5,5,2,3,4,5,4,2,3,30.0,,2.0,,,,,5.0,4.0,2.0,6.0,,,,1.0,,2.0,3.0,5.0,5.0,,,,,,,15.0,,,1.0,,,3.0,1.0,,,5.0,,,,,,,,,,,1.0,1.0,1.0,1.0,1.0,1.0,7.0,3.0,2.0,3.0,2.0,5.0,6.0,6.0,4.0,2.0,75.0,75.0,80.0,40.0,50.0,60.0,75.0,60.0,40.0,50.0,1.0,2.0,2.0,2.0,1.0,1.0,1.0,2.0,2.0,2.0,2.0,1.0,1.0,2.0,2.0,1.0,2.0,1.0,1.0,1.0,,,,,,,,,,,,,,,,,,,,
240,3,4,4,2,3,4,4,3,2,2,,30.0,2.0,,,,,5.0,4.0,2.0,,6.0,,,1.0,1.0,,,,,,,,2.0,4.0,5.0,,12.0,1.0,,,3.0,,1.0,,,5.0,1.0,1.0,1.0,1.0,1.0,1.0,1.0,1.0,1.0,1.0,,,,,,,6.0,3.0,3.0,3.0,3.0,5.0,6.0,6.0,4.0,2.0,50.0,60.0,60.0,40.0,50.0,60.0,60.0,50.0,40.0,40.0,1.0,2.0,1.0,2.0,1.0,2.0,1.0,1.0,2.0,1.0,1.0,1.0,2.0,2.0,1.0,2.0,1.0,1.0,1.0,1.0,1.0,1.0,1.0,1.0,2.0,1.0,1.0,2.0,1.0,1.0,1.0,1.0,2.0,1.0,2.0,1.0,1.0,1.0,2.0,1.0
42,3,4,4,2,3,4,4,3,2,2,,30.0,,2.0,,,,,,,6.0,,1.0,54.0,,1.0,,3.0,4.0,5.0,,,,,,,15.0,,1.0,,4.0,,,,1.0,4.0,,,,,,,,,,,,1.0,1.0,1.0,1.0,1.0,1.0,6.0,3.0,3.0,3.0,3.0,5.0,6.0,6.0,4.0,,,,,,,,,,,,2.0,1.0,1.0,1.0,2.0,1.0,1.0,1.0,1.0,2.0,2.0,1.0,2.0,1.0,1.0,1.0,2.0,2.0,2.0,1.0,1.0,1.0,2.0,1.0,1.0,2.0,2.0,2.0,1.0,2.0,1.0,1.0,1.0,1.0,2.0,2.0,2.0,1.0,1.0,1.0
2033,5,5,5,5,5,5,5,5,2,2,70.0,,5.0,,5.0,4.0,2.0,,,,,6.0,,,1.0,1.0,,,,,,,,2.0,5.0,5.0,15.0,,1.0,,,3.0,,1.0,,5.0,,,,,,,,,,,,1.0,1.0,1.0,1.0,1.0,1.0,6.0,3.0,3.0,3.0,3.0,5.0,6.0,6.0,3.0,,,,,,,,,,,,2.0,1.0,1.0,1.0,2.0,1.0,2.0,1.0,1.0,1.0,2.0,1.0,2.0,1.0,1.0,2.0,1.0,2.0,1.0,1.0,1.0,2.0,1.0,1.0,1.0,1.0,1.0,1.0,2.0,1.0,2.0,1.0,1.0,1.0,1.0,1.0,1.0,1.0,2.0,1.0
1514,2,3,3,2,3,3,4,2,2,3,70.0,,,2.0,,,,,,,6.0,,1.0,54.0,,1.0,,3.0,4.0,5.0,,,,,,,15.0,,1.0,,,,,,,,,,,,,,,,,,,,,,,,,,,,,,,,,,,,,,,,,,,,,,,,,,,,,,,,,,,,,,,,,,,,,,,,,,,,,,,,,,,,
1467,2,3,3,2,3,3,3,2,4,3,,30.0,2.0,,4.0,3.0,2.0,,,,6.0,,,,1.0,,2.0,2.0,4.0,5.0,,,,,,,,10.0,,1.0,,,3.0,,,,,,,,,,,,,,,,,,,,,,,,,,,,,,2.0,50.0,40.0,40.0,35.0,40.0,40.0,40.0,35.0,45.0,40.0,2.0,1.0,2.0,1.0,1.0,1.0,2.0,2.0,2.0,1.0,1.0,2.0,2.0,2.0,1.0,1.0,2.0,1.0,2.0,1.0,1.0,2.0,1.0,2.0,1.0,1.0,1.0,2.0,2.0,2.0,2.0,1.0,2.0,1.0,1.0,1.0,2.0,1.0,1.0,1.0
1308,5,5,5,4,4,5,5,4,2,2,70.0,,,2.0,,,,,,,,6.0,,,1.0,,2.0,,,,,,,3.0,5.0,5.0,,15.0,,1.0,,,3.0,,1.0,,5.0,,,,,,,,,,,1.0,1.0,1.0,1.0,1.0,1.0,6.0,3.0,3.0,3.0,3.0,5.0,6.0,6.0,4.0,2.0,75.0,75.0,75.0,60.0,60.0,75.0,75.0,60.0,40.0,40.0,2.0,1.0,1.0,1.0,1.0,2.0,2.0,1.0,1.0,2.0,1.0,2.0,1.0,1.0,1.0,1.0,1.0,1.0,1.0,2.0,1.0,1.0,2.0,2.0,2.0,1.0,2.0,1.0,2.0,1.0,2.0,1.0,1.0,1.0,2.0,2.0,2.0,2.0,1.0,1.0
1681,5,5,5,4,4,5,5,4,2,2,,30.0,5.0,,,,,,,,6.0,,1.0,54.0,,1.0,,,,,2.0,5.0,5.0,,,,,10.0,1.0,,,,2.0,,1.0,5.0,,1.0,1.0,1.0,1.0,1.0,1.0,1.0,1.0,1.0,1.0,,,,,,,6.0,3.0,2.0,2.0,3.0,5.0,6.0,6.0,4.0,2.0,75.0,75.0,75.0,65.0,65.0,75.0,75.0,65.0,35.0,35.0,1.0,2.0,1.0,1.0,2.0,2.0,1.0,2.0,1.0,2.0,1.0,1.0,1.0,1.0,1.0,2.0,1.0,1.0,2.0,1.0,1.0,1.0,1.0,1.0,2.0,1.0,1.0,2.0,2.0,1.0,1.0,2.0,1.0,2.0,1.0,1.0,2.0,1.0,1.0,2.0
114,5,4,5,5,5,5,5,4,2,3,,30.0,5.0,,5.0,4.0,2.0,,,,,6.0,1.0,54.0,,1.0,,3.0,5.0,5.0,,,,,,,,15.0,,1.0,,4.0,,,1.0,5.0,,,,,,,,,,,,1.0,1.0,1.0,1.0,1.0,1.0,6.0,3.0,3.0,3.0,3.0,5.0,6.0,6.0,4.0,2.0,75.0,65.0,75.0,75.0,75.0,75.0,75.0,65.0,40.0,50.0,1.0,2.0,2.0,1.0,1.0,1.0,2.0,1.0,1.0,1.0,2.0,1.0,2.0,2.0,1.0,1.0,1.0,1.0,1.0,2.0,1.0,1.0,2.0,1.0,1.0,1.0,1.0,2.0,1.0,1.0,1.0,2.0,1.0,2.0,2.0,1.0,1.0,1.0,2.0,1.0
708,4,4,4,1,2,1,3,2,1,2,70.0,,1.0,,,,,5.0,4.0,2.0,,6.0,1.0,54.0,,,2.0,2.0,4.0,5.0,,,,,,,15.0,,,1.0,,,2.0,,1.0,5.0,,1.0,1.0,1.0,1.0,1.0,1.0,1.0,1.0,1.0,1.0,,,,,,,6.0,3.0,2.0,2.0,3.0,5.0,6.0,6.0,4.0,,,,,,,,,,,,,,,,,,,,,,,,,,,,,,,,,,,,,,,,,,,,,,,,,,,
281,4,4,4,2,3,4,4,3,2,3,,30.0,2.0,,,,,5.0,4.0,2.0,6.0,,1.0,54.0,,,2.0,,,,,,,2.0,4.0,5.0,15.0,,,1.0,3.0,,,1.0,,,5.0,,,,,,,,,,,1.0,1.0,1.0,1.0,1.0,1.0,6.0,3.0,2.0,3.0,3.0,5.0,6.0,5.0,3.0,,,,,,,,,,,,2.0,1.0,1.0,1.0,2.0,2.0,1.0,1.0,1.0,2.0,1.0,1.0,1.0,2.0,2.0,2.0,1.0,1.0,1.0,2.0,2.0,1.0,1.0,1.0,1.0,1.0,1.0,2.0,2.0,2.0,1.0,2.0,1.0,1.0,2.0,2.0,1.0,1.0,2.0,1.0
815,5,5,5,4,4,5,5,4,2,3,70.0,,,2.0,,,,,,,,6.0,,,1.0,,2.0,,,,,,,3.0,5.0,5.0,15.0,,,1.0,,3.0,,,1.0,5.0,,1.0,1.0,1.0,1.0,1.0,1.0,1.0,1.0,1.0,1.0,,,,,,,7.0,3.0,3.0,3.0,3.0,5.0,6.0,6.0,4.0,2.0,75.0,70.0,75.0,60.0,60.0,75.0,70.0,60.0,40.0,50.0,2.0,2.0,2.0,1.0,1.0,1.0,2.0,2.0,1.0,1.0,1.0,2.0,2.0,1.0,2.0,1.0,1.0,2.0,1.0,1.0,1.0,1.0,2.0,1.0,1.0,2.0,1.0,1.0,1.0,1.0,2.0,1.0,1.0,1.0,2.0,1.0,1.0,2.0,2.0,1.0
966,2,3,3,1,2,3,4,1,1,2,,30.0,,2.0,5.0,4.0,2.0,,,,,6.0,,,1.0,1.0,,,,,,,,3.0,4.0,5.0,15.0,,1.0,,4.0,,,1.0,,,5.0,1.0,1.0,1.0,1.0,1.0,1.0,1.0,1.0,1.0,1.0,,,,,,,7.0,3.0,3.0,3.0,3.0,5.0,6.0,6.0,3.0,,,,,,,,,,,,2.0,2.0,1.0,2.0,1.0,1.0,2.0,1.0,1.0,1.0,1.0,1.0,1.0,1.0,1.0,1.0,1.0,2.0,2.0,1.0,2.0,1.0,1.0,1.0,1.0,1.0,1.0,1.0,1.0,1.0,1.0,1.0,2.0,1.0,1.0,1.0,1.0,2.0,1.0,1.0
83,4,4,4,2,3,4,4,3,2,2,,30.0,,2.0,,,,,,,6.0,,,,1.0,,2.0,,,,,,,3.0,4.0,5.0,15.0,,1.0,,,,,,,,,,,,,,,,,,,,,,,,,,,,,,,,,,,,,,,,,,,,,,,,,,,,,,,,,,,,,,,,,,,,,,,,,,,,,,,,,,,,
1173,5,5,5,5,5,5,5,4,2,2,70.0,,,2.0,,,,,,,6.0,,,,1.0,1.0,,,,,,,,3.0,5.0,5.0,15.0,,,1.0,,4.0,,1.0,,5.0,,1.0,1.0,1.0,1.0,1.0,1.0,1.0,1.0,1.0,1.0,,,,,,,6.0,3.0,3.0,3.0,3.0,5.0,6.0,6.0,3.0,,,,,,,,,,,,2.0,2.0,1.0,1.0,2.0,2.0,2.0,1.0,1.0,1.0,2.0,2.0,1.0,1.0,1.0,2.0,1.0,1.0,1.0,2.0,1.0,1.0,1.0,2.0,1.0,1.0,1.0,1.0,2.0,2.0,1.0,1.0,1.0,2.0,1.0,1.0,1.0,2.0,1.0,1.0
1000,2,3,3,2,3,4,3,2,4,3,,40.0,,,,,,,,,,6.0,1.0,54.0,,1.0,,,,,3.0,4.0,5.0,,,,,15.0,,1.0,4.0,,,,1.0,,5.0,,,,,,,,,,,1.0,1.0,1.0,1.0,1.0,1.0,6.0,3.0,2.0,2.0,3.0,5.0,6.0,6.0,4.0,2.0,50.0,55.0,55.0,40.0,50.0,60.0,50.0,40.0,60.0,50.0,1.0,2.0,2.0,2.0,2.0,1.0,2.0,1.0,2.0,1.0,1.0,1.0,1.0,1.0,1.0,1.0,2.0,1.0,1.0,2.0,2.0,2.0,2.0,2.0,2.0,1.0,1.0,1.0,1.0,2.0,1.0,2.0,1.0,1.0,1.0,1.0,1.0,1.0,1.0,1.0
1589,3,4,4,2,3,4,4,2,2,2,,30.0,2.0,,5.0,4.0,2.0,,,,6.0,,,,1.0,1.0,,3.0,4.0,5.0,,,,,,,15.0,,1.0,,4.0,,,1.0,,5.0,,,,,,,,,,,,1.0,1.0,1.0,1.0,1.0,1.0,6.0,3.0,2.0,3.0,3.0,5.0,6.0,6.0,3.0,2.0,55.0,60.0,60.0,40.0,45.0,60.0,60.0,40.0,35.0,35.0,1.0,1.0,1.0,1.0,2.0,2.0,1.0,2.0,1.0,1.0,1.0,1.0,1.0,1.0,2.0,1.0,2.0,1.0,2.0,1.0,1.0,1.0,2.0,2.0,2.0,1.0,2.0,1.0,1.0,1.0,1.0,1.0,1.0,2.0,1.0,1.0,2.0,1.0,1.0,1.0
1395,4,4,5,2,3,4,4,3,2,2,,30.0,5.0,,5.0,4.0,2.0,,,,6.0,,1.0,54.0,,,2.0,,,,3.0,5.0,5.0,,,,,15.0,,1.0,,,3.0,1.0,,,5.0,,,,,,,,,,,1.0,1.0,1.0,1.0,1.0,1.0,6.0,3.0,2.0,3.0,3.0,5.0,6.0,6.0,3.0,2.0,65.0,60.0,70.0,40.0,50.0,60.0,60.0,50.0,40.0,40.0,2.0,1.0,2.0,2.0,1.0,1.0,1.0,2.0,1.0,1.0,2.0,1.0,1.0,2.0,1.0,1.0,1.0,2.0,1.0,1.0,1.0,1.0,2.0,2.0,1.0,1.0,1.0,1.0,2.0,2.0,1.0,1.0,2.0,1.0,1.0,1.0,1.0,1.0,1.0,1.0
573,5,5,5,4,4,5,5,4,2,2,70.0,,2.0,,5.0,4.0,2.0,,,,,6.0,1.0,54.0,,,2.0,2.0,5.0,5.0,,,,,,,,10.0,,1.0,,,2.0,1.0,,,5.0,1.0,1.0,1.0,1.0,1.0,1.0,1.0,1.0,1.0,1.0,,,,,,,6.0,3.0,3.0,3.0,3.0,5.0,6.0,6.0,4.0,,,,,,,,,,,,1.0,2.0,2.0,1.0,2.0,1.0,1.0,1.0,2.0,1.0,2.0,1.0,1.0,1.0,2.0,2.0,1.0,1.0,2.0,2.0,1.0,1.0,1.0,1.0,1.0,1.0,1.0,2.0,2.0,1.0,1.0,1.0,1.0,1.0,1.0,1.0,1.0,1.0,1.0,2.0
400,5,5,5,5,5,5,5,5,2,2,,30.0,,2.0,,,,,,,6.0,,1.0,54.0,,,2.0,,,,3.0,5.0,5.0,,,,,15.0,,1.0,4.0,,,,1.0,5.0,,1.0,1.0,1.0,1.0,1.0,1.0,1.0,1.0,1.0,1.0,,,,,,,7.0,3.0,3.0,3.0,3.0,5.0,6.0,6.0,4.0,,,,,,,,,,,,1.0,1.0,2.0,2.0,2.0,1.0,1.0,1.0,2.0,1.0,2.0,1.0,2.0,1.0,2.0,1.0,2.0,1.0,1.0,1.0,2.0,1.0,2.0,2.0,2.0,1.0,1.0,1.0,1.0,1.0,2.0,1.0,1.0,1.0,1.0,1.0,1.0,1.0,1.0,2.0
189,5,5,5,4,4,5,5,4,2,2,70.0,,,,5.0,4.0,3.0,,,,6.0,,1.0,54.0,,1.0,,3.0,5.0,5.0,,,,,,,,15.0,,1.0,4.0,,,1.0,,,5.0,1.0,1.0,1.0,1.0,1.0,1.0,1.0,1.0,1.0,1.0,,,,,,,6.0,3.0,3.0,3.0,3.0,5.0,6.0,6.0,4.0,2.0,75.0,75.0,75.0,65.0,65.0,75.0,75.0,65.0,40.0,40.0,1.0,1.0,2.0,2.0,1.0,1.0,2.0,1.0,1.0,2.0,2.0,1.0,2.0,2.0,1.0,1.0,2.0,1.0,1.0,2.0,1.0,1.0,2.0,2.0,1.0,1.0,1.0,1.0,1.0,1.0,1.0,1.0,1.0,1.0,1.0,1.0,1.0,1.0,1.0,1.0
795,5,4,5,5,4,5,5,5,2,3,70.0,,,2.0,,,,,,,6.0,,,,1.0,1.0,,3.0,5.0,5.0,,,,,,,15.0,,,1.0,,,2.0,,1.0,,5.0,,,,,,,,,,,1.0,1.0,1.0,1.0,1.0,1.0,6.0,3.0,2.0,3.0,3.0,5.0,6.0,6.0,4.0,2.0,75.0,70.0,80.0,75.0,70.0,80.0,75.0,70.0,40.0,50.0,1.0,2.0,2.0,2.0,1.0,1.0,2.0,1.0,1.0,1.0,2.0,1.0,1.0,1.0,1.0,2.0,1.0,1.0,1.0,1.0,,,,,,,,,,,,,,,,,,,,
888,5,5,5,5,5,5,5,5,1,2,70.0,,6.0,,5.0,4.0,2.0,,,,,6.0,,,1.0,1.0,,,,,2.0,5.0,5.0,,,,10.0,,,1.0,4.0,,,2.0,,5.0,,1.0,1.0,1.0,1.0,1.0,1.0,1.0,1.0,1.0,1.0,,,,,,,7.0,3.0,4.0,3.0,3.0,5.0,6.0,6.0,4.0,,,,,,,,,,,,2.0,1.0,1.0,2.0,2.0,1.0,1.0,2.0,2.0,1.0,1.0,1.0,1.0,2.0,2.0,1.0,1.0,2.0,1.0,2.0,1.0,1.0,2.0,1.0,1.0,1.0,1.0,2.0,2.0,1.0,2.0,1.0,2.0,2.0,1.0,1.0,1.0,1.0,2.0,2.0
1872,4,4,4,2,3,4,4,3,2,2,,30.0,,2.0,4.0,4.0,3.0,,,,,6.0,,,1.0,,2.0,,,,,,,3.0,4.0,5.0,,15.0,,1.0,4.0,,,1.0,,,5.0,,,,,,,,,,,1.0,1.0,1.0,1.0,1.0,1.0,6.0,3.0,3.0,3.0,3.0,5.0,6.0,6.0,3.0,,,,,,,,,,,,1.0,1.0,2.0,2.0,1.0,2.0,2.0,2.0,1.0,1.0,1.0,1.0,1.0,2.0,1.0,1.0,1.0,2.0,1.0,2.0,1.0,1.0,1.0,2.0,1.0,1.0,1.0,2.0,2.0,1.0,1.0,1.0,1.0,1.0,1.0,1.0,1.0,2.0,1.0,2.0
1901,2,3,3,2,3,3,3,2,4,3,70.0,,,2.0,,,,,,,,6.0,,,1.0,1.0,,,,,,,,2.0,4.0,5.0,5.0,,1.0,,4.0,,,1.0,,5.0,,,,,,,,,,,,1.0,1.0,1.0,1.0,1.0,1.0,6.0,2.0,3.0,3.0,3.0,5.0,5.0,5.0,3.0,,,,,,,,,,,,1.0,2.0,1.0,2.0,2.0,1.0,1.0,2.0,1.0,2.0,2.0,1.0,1.0,2.0,2.0,2.0,1.0,1.0,1.0,1.0,1.0,1.0,2.0,2.0,2.0,1.0,2.0,2.0,2.0,1.0,1.0,2.0,1.0,2.0,1.0,1.0,1.0,1.0,1.0,1.0
1354,4,4,4,2,3,3,4,2,2,2,,30.0,,2.0,5.0,4.0,3.0,,,,,6.0,,,1.0,1.0,,,,,,,,2.0,4.0,5.0,15.0,,1.0,,,,2.0,,1.0,5.0,,1.0,1.0,1.0,1.0,1.0,1.0,1.0,1.0,1.0,1.0,,,,,,,6.0,3.0,3.0,3.0,3.0,5.0,6.0,6.0,3.0,2.0,60.0,60.0,60.0,40.0,45.0,45.0,60.0,40.0,40.0,40.0,1.0,2.0,2.0,1.0,2.0,2.0,1.0,2.0,1.0,2.0,2.0,1.0,1.0,1.0,2.0,2.0,1.0,1.0,2.0,2.0,2.0,1.0,1.0,2.0,2.0,1.0,1.0,2.0,1.0,2.0,1.0,2.0,1.0,2.0,1.0,2.0,1.0,1.0,2.0,1.0
1227,2,4,4,1,2,4,4,1,1,2,70.0,,2.0,,,,,5.0,4.0,2.0,,6.0,,,1.0,,2.0,2.0,4.0,5.0,,,,,,,,15.0,,1.0,,,2.0,1.0,,4.0,,1.0,1.0,1.0,1.0,1.0,1.0,1.0,1.0,1.0,1.0,,,,,,,6.0,3.0,2.0,3.0,3.0,5.0,6.0,5.0,3.0,,,,,,,,,,,,1.0,2.0,1.0,2.0,1.0,1.0,2.0,2.0,2.0,1.0,2.0,1.0,1.0,1.0,1.0,1.0,1.0,1.0,2.0,1.0,1.0,2.0,1.0,1.0,1.0,1.0,1.0,2.0,2.0,1.0,1.0,1.0,1.0,2.0,1.0,1.0,2.0,1.0,2.0,2.0
1548,5,5,5,5,5,5,5,5,2,2,,30.0,5.0,,5.0,4.0,3.0,,,,,6.0,,,1.0,1.0,,,,,,,,3.0,5.0,5.0,,10.0,,1.0,,3.0,,1.0,,,5.0,,,,,,,,,,,1.0,1.0,1.0,1.0,1.0,1.0,7.0,3.0,3.0,3.0,3.0,5.0,6.0,6.0,4.0,2.0,75.0,75.0,80.0,80.0,80.0,85.0,85.0,75.0,40.0,40.0,1.0,1.0,1.0,1.0,1.0,1.0,1.0,1.0,2.0,1.0,1.0,2.0,1.0,1.0,1.0,1.0,1.0,1.0,1.0,1.0,1.0,1.0,1.0,1.0,1.0,1.0,1.0,1.0,1.0,1.0,1.0,1.0,1.0,1.0,1.0,1.0,1.0,1.0,1.0,1.0
754,5,5,5,4,4,5,5,4,2,2,,30.0,5.0,,,,,5.0,4.0,2.0,6.0,,,,1.0,,2.0,,,,2.0,5.0,5.0,,,,15.0,,,1.0,4.0,,,,1.0,5.0,,1.0,1.0,1.0,1.0,1.0,1.0,1.0,1.0,1.0,1.0,,,,,,,6.0,3.0,3.0,3.0,3.0,5.0,6.0,6.0,4.0,2.0,75.0,70.0,75.0,60.0,60.0,75.0,70.0,60.0,40.0,40.0,1.0,1.0,1.0,2.0,1.0,1.0,1.0,1.0,1.0,1.0,1.0,1.0,1.0,1.0,1.0,1.0,1.0,1.0,1.0,1.0,1.0,1.0,1.0,1.0,1.0,1.0,1.0,1.0,1.0,1.0,1.0,1.0,1.0,1.0,1.0,1.0,1.0,1.0,1.0,1.0
627,1,2,2,1,1,1,1,1,5,5,,30.0,,1.0,,,,,,,,6.0,,,1.0,,2.0,2.0,4.0,3.0,,,,,,,,15.0,,2.0,,,3.0,,,,,,,,,,,,,,,,,,,,,,,,,,,,,,2.0,30.0,40.0,40.0,20.0,20.0,20.0,20.0,20.0,70.0,70.0,2.0,2.0,1.0,1.0,2.0,2.0,2.0,2.0,2.0,2.0,2.0,1.0,2.0,1.0,2.0,1.0,1.0,1.0,2.0,2.0,1.0,2.0,1.0,1.0,2.0,1.0,1.0,1.0,2.0,2.0,1.0,1.0,2.0,1.0,2.0,2.0,2.0,2.0,2.0,2.0
148,2,3,3,2,3,2,3,2,4,4,70.0,,2.0,,,,,5.0,4.0,2.0,,6.0,1.0,54.0,,,2.0,3.0,4.0,5.0,,,,,,,15.0,,1.0,,,4.0,,1.0,,4.0,,,,,,,,,,,,1.0,1.0,1.0,1.0,1.0,1.0,6.0,3.0,3.0,3.0,3.0,5.0,6.0,6.0,3.0,2.0,40.0,50.0,50.0,40.0,50.0,40.0,50.0,40.0,60.0,60.0,2.0,1.0,1.0,1.0,2.0,1.0,2.0,1.0,1.0,2.0,1.0,1.0,1.0,1.0,1.0,1.0,1.0,1.0,1.0,1.0,1.0,2.0,1.0,2.0,1.0,1.0,1.0,1.0,1.0,1.0,2.0,1.0,1.0,2.0,,,,,,
849,5,5,5,4,4,5,5,4,2,2,70.0,,2.0,,,,,,,,6.0,,1.0,54.0,,1.0,,,,,3.0,5.0,5.0,,,,15.0,,,1.0,,,3.0,,,,,,,,,,,,,,,,,,,,,,,,,,,,,,,75.0,75.0,80.0,65.0,65.0,75.0,75.0,65.0,40.0,40.0,2.0,1.0,2.0,1.0,2.0,2.0,2.0,2.0,1.0,1.0,2.0,2.0,1.0,2.0,2.0,1.0,2.0,1.0,2.0,1.0,1.0,1.0,2.0,1.0,2.0,1.0,2.0,1.0,1.0,2.0,2.0,1.0,2.0,2.0,1.0,2.0,1.0,1.0,2.0,1.0
1321,2,3,3,1,2,2,3,1,1,2,70.0,,5.0,,5.0,4.0,2.0,,,,6.0,,1.0,54.0,,,2.0,,,,,,,2.0,4.0,5.0,15.0,,,1.0,,3.0,,1.0,,,5.0,,,,,,,,,,,1.0,1.0,1.0,1.0,1.0,1.0,6.0,2.0,3.0,3.0,3.0,5.0,6.0,6.0,3.0,2.0,40.0,50.0,50.0,20.0,30.0,30.0,50.0,20.0,20.0,30.0,2.0,1.0,1.0,1.0,1.0,1.0,1.0,1.0,2.0,1.0,1.0,1.0,2.0,1.0,2.0,2.0,1.0,2.0,2.0,2.0,1.0,1.0,1.0,1.0,1.0,1.0,1.0,1.0,2.0,1.0,2.0,1.0,2.0,1.0,1.0,1.0,1.0,1.0,1.0,2.0
1252,1,2,2,1,2,2,3,1,1,1,,30.0,1.0,,5.0,4.0,2.0,,,,6.0,,1.0,54.0,,,2.0,,,,2.0,4.0,5.0,,,,,15.0,1.0,,,3.0,,1.0,,5.0,,1.0,1.0,1.0,1.0,1.0,1.0,1.0,1.0,1.0,1.0,,,,,,,6.0,3.0,3.0,3.0,3.0,5.0,5.0,5.0,4.0,2.0,30.0,40.0,40.0,25.0,30.0,30.0,35.0,20.0,15.0,15.0,1.0,1.0,2.0,1.0,1.0,1.0,1.0,1.0,2.0,2.0,1.0,2.0,1.0,2.0,2.0,1.0,1.0,1.0,1.0,1.0,1.0,1.0,2.0,1.0,2.0,2.0,1.0,1.0,2.0,1.0,1.0,1.0,2.0,1.0,1.0,2.0,1.0,1.0,1.0,1.0
721,5,5,5,5,5,5,5,5,2,2,,30.0,,1.0,,,,,,,,6.0,,,1.0,,2.0,,,,,,,2.0,5.0,5.0,,15.0,1.0,,4.0,,,1.0,,5.0,,,,,,,,,,,,1.0,1.0,1.0,1.0,1.0,1.0,7.0,3.0,2.0,3.0,3.0,6.0,6.0,6.0,4.0,2.0,75.0,75.0,80.0,80.0,80.0,80.0,80.0,75.0,40.0,40.0,1.0,2.0,2.0,2.0,2.0,1.0,1.0,2.0,2.0,1.0,1.0,1.0,1.0,1.0,1.0,2.0,1.0,1.0,1.0,1.0,2.0,1.0,2.0,2.0,1.0,1.0,1.0,1.0,2.0,1.0,1.0,1.0,2.0,2.0,1.0,1.0,1.0,1.0,2.0,1.0
652,5,5,5,5,5,5,5,5,1,1,70.0,,5.0,,,,,,,,6.0,,1.0,54.0,,,2.0,,,,2.0,5.0,5.0,,,,,10.0,1.0,,,3.0,,,1.0,,5.0,1.0,1.0,1.0,1.0,1.0,1.0,1.0,1.0,1.0,1.0,,,,,,,7.0,3.0,3.0,3.0,3.0,5.0,6.0,6.0,4.0,2.0,80.0,80.0,85.0,85.0,85.0,85.0,85.0,80.0,20.0,20.0,2.0,1.0,2.0,1.0,1.0,1.0,1.0,1.0,1.0,1.0,1.0,1.0,1.0,1.0,2.0,1.0,2.0,1.0,1.0,1.0,1.0,1.0,1.0,1.0,1.0,1.0,1.0,1.0,1.0,1.0,1.0,1.0,1.0,1.0,1.0,1.0,1.0,1.0,1.0,1.0
1669,4,4,4,3,4,4,4,3,2,3,70.0,,,2.0,,,,,,,6.0,,1.0,54.0,,,2.0,3.0,4.0,5.0,,,,,,,,15.0,1.0,,,,3.0,,1.0,5.0,,1.0,1.0,1.0,1.0,1.0,1.0,1.0,1.0,1.0,1.0,,,,,,,6.0,3.0,3.0,3.0,3.0,5.0,6.0,6.0,3.0,2.0,70.0,65.0,65.0,50.0,60.0,65.0,60.0,50.0,40.0,50.0,2.0,1.0,1.0,2.0,2.0,2.0,1.0,2.0,1.0,1.0,1.0,2.0,2.0,2.0,1.0,1.0,1.0,2.0,2.0,2.0,2.0,2.0,1.0,1.0,1.0,1.0,1.0,2.0,2.0,1.0,1.0,2.0,1.0,1.0,1.0,1.0,1.0,2.0,2.0,2.0
1293,4,4,4,2,3,4,4,3,2,2,,30.0,5.0,,,,,5.0,4.0,2.0,6.0,,1.0,54.0,,1.0,,3.0,4.0,5.0,,,,,,,15.0,,,1.0,4.0,,,,1.0,,5.0,,,,,,,,,,,1.0,1.0,1.0,1.0,1.0,1.0,6.0,3.0,3.0,3.0,3.0,5.0,6.0,6.0,4.0,2.0,65.0,60.0,60.0,40.0,50.0,60.0,60.0,45.0,35.0,35.0,2.0,2.0,1.0,1.0,1.0,2.0,1.0,2.0,1.0,1.0,2.0,2.0,1.0,1.0,2.0,1.0,1.0,1.0,1.0,1.0,1.0,2.0,1.0,2.0,1.0,1.0,1.0,2.0,1.0,2.0,1.0,2.0,1.0,2.0,1.0,2.0,1.0,2.0,2.0,2.0
1106,2,2,2,2,2,2,2,2,4,4,,30.0,2.0,,,,,5.0,4.0,2.0,,6.0,1.0,54.0,,1.0,,,,,,,,2.0,4.0,5.0,,15.0,1.0,,,,2.0,1.0,,,5.0,1.0,1.0,1.0,1.0,1.0,1.0,1.0,1.0,1.0,1.0,,,,,,,6.0,3.0,3.0,3.0,3.0,5.0,6.0,6.0,4.0,,,,,,,,,,,,1.0,2.0,1.0,1.0,2.0,1.0,2.0,1.0,1.0,1.0,1.0,1.0,1.0,2.0,1.0,2.0,2.0,1.0,2.0,1.0,1.0,1.0,1.0,2.0,1.0,1.0,1.0,1.0,1.0,2.0,1.0,1.0,1.0,2.0,1.0,1.0,1.0,1.0,1.0,2.0
1075,4,4,4,2,3,4,4,3,2,2,70.0,,,2.0,,,,,,,,6.0,1.0,54.0,,1.0,,,,,3.0,5.0,5.0,,,,15.0,,,1.0,,4.0,,,1.0,5.0,,,,,,,,,,,,1.0,1.0,1.0,1.0,1.0,1.0,6.0,3.0,3.0,3.0,3.0,5.0,6.0,6.0,3.0,2.0,65.0,65.0,65.0,40.0,50.0,65.0,65.0,50.0,40.0,40.0,1.0,2.0,1.0,2.0,2.0,2.0,1.0,1.0,2.0,1.0,1.0,2.0,2.0,1.0,1.0,1.0,1.0,2.0,2.0,1.0,1.0,1.0,1.0,1.0,1.0,2.0,1.0,2.0,1.0,1.0,1.0,1.0,1.0,1.0,1.0,2.0,1.0,1.0,2.0,1.0
269,5,5,5,5,5,5,5,5,2,2,70.0,,5.0,,,,,,,,6.0,,1.0,54.0,,1.0,,2.0,5.0,5.0,,,,,,,,15.0,1.0,,,3.0,,1.0,,5.0,,,,,,,,,,,,1.0,1.0,1.0,1.0,1.0,1.0,7.0,3.0,3.0,3.0,3.0,5.0,6.0,6.0,4.0,2.0,75.0,75.0,75.0,75.0,75.0,75.0,75.0,75.0,30.0,30.0,2.0,2.0,1.0,1.0,1.0,1.0,1.0,1.0,1.0,1.0,2.0,1.0,1.0,2.0,2.0,2.0,1.0,1.0,1.0,2.0,2.0,2.0,2.0,2.0,1.0,1.0,1.0,1.0,1.0,1.0,1.0,1.0,2.0,1.0,1.0,1.0,1.0,1.0,2.0,1.0
693,5,5,5,4,4,5,5,5,2,2,70.0,,,2.0,,,,,,,,6.0,1.0,54.0,,1.0,,2.0,5.0,5.0,,,,,,,,15.0,1.0,,4.0,,,,1.0,5.0,,,,,,,,,,,,1.0,1.0,1.0,1.0,1.0,1.0,7.0,3.0,3.0,3.0,3.0,5.0,6.0,6.0,4.0,2.0,75.0,75.0,75.0,65.0,65.0,75.0,75.0,75.0,40.0,40.0,2.0,2.0,1.0,1.0,1.0,2.0,2.0,2.0,1.0,1.0,1.0,1.0,1.0,1.0,2.0,1.0,1.0,1.0,1.0,2.0,1.0,1.0,1.0,1.0,1.0,1.0,1.0,1.0,2.0,2.0,1.0,1.0,1.0,1.0,2.0,2.0,2.0,1.0,1.0,1.0
506,1,2,2,1,2,2,2,1,1,1,70.0,,,2.0,,,,,,,,6.0,,,1.0,,2.0,,,,1.0,1.0,1.0,,,,,15.0,,2.0,,,2.0,1.0,,,1.0,,,,,,,,,,,1.0,1.0,1.0,1.0,1.0,1.0,6.0,2.0,2.0,2.0,3.0,5.0,6.0,6.0,3.0,2.0,20.0,30.0,30.0,20.0,30.0,30.0,30.0,20.0,20.0,20.0,2.0,2.0,1.0,2.0,2.0,1.0,1.0,2.0,2.0,1.0,2.0,2.0,1.0,1.0,2.0,1.0,1.0,1.0,2.0,2.0,1.0,2.0,1.0,1.0,2.0,1.0,1.0,2.0,1.0,2.0,1.0,2.0,1.0,1.0,1.0,1.0,1.0,2.0,2.0,1.0
475,5,5,5,3,4,5,5,4,2,2,,30.0,,2.0,,,,,,,,6.0,,,1.0,,2.0,3.0,5.0,5.0,,,,,,,,15.0,1.0,,4.0,,,,1.0,,5.0,,,,,,,,,,,1.0,1.0,1.0,1.0,1.0,1.0,6.0,3.0,3.0,3.0,3.0,5.0,6.0,6.0,4.0,2.0,75.0,75.0,80.0,50.0,60.0,75.0,75.0,60.0,40.0,40.0,1.0,2.0,1.0,2.0,2.0,2.0,1.0,1.0,1.0,1.0,1.0,1.0,1.0,1.0,1.0,1.0,1.0,1.0,1.0,1.0,,,,,,,,,,,,,,,,,,,,
1807,4,4,4,3,4,5,4,3,2,3,70.0,,5.0,,5.0,4.0,2.0,,,,,6.0,,,1.0,,2.0,,,,2.0,4.0,5.0,,,,15.0,,1.0,,,,,,,,,,,,,,,,,,,,,,,,,,,,,,,,,,,,,,,,,,,,,,,,,,,,,,,,,,,,,,,,,,,,,,,,,,,,,,,,,,,,
1974,5,5,5,3,4,5,5,4,2,2,70.0,,,2.0,5.0,4.0,2.0,,,,,6.0,1.0,54.0,,1.0,,,,,,,,2.0,5.0,5.0,,15.0,1.0,,,3.0,,,1.0,,5.0,,,,,,,,,,,1.0,1.0,1.0,1.0,1.0,1.0,6.0,3.0,3.0,3.0,3.0,5.0,6.0,6.0,4.0,2.0,75.0,70.0,75.0,50.0,60.0,75.0,70.0,60.0,40.0,40.0,2.0,1.0,1.0,1.0,1.0,1.0,2.0,1.0,2.0,2.0,1.0,1.0,2.0,1.0,1.0,1.0,2.0,1.0,1.0,2.0,1.0,2.0,2.0,1.0,1.0,1.0,1.0,1.0,2.0,1.0,1.0,1.0,1.0,1.0,1.0,1.0,1.0,2.0,1.0,1.0
836,5,5,5,5,5,5,5,5,1,1,,30.0,,2.0,5.0,4.0,2.0,,,,6.0,,1.0,54.0,,,2.0,,,,,,,2.0,5.0,5.0,,15.0,1.0,,,,2.0,1.0,,,5.0,1.0,1.0,1.0,1.0,1.0,1.0,1.0,1.0,1.0,1.0,,,,,,,7.0,3.0,3.0,3.0,3.0,5.0,6.0,6.0,4.0,2.0,75.0,75.0,80.0,80.0,75.0,80.0,80.0,75.0,25.0,25.0,1.0,1.0,2.0,2.0,2.0,1.0,1.0,1.0,1.0,1.0,1.0,2.0,2.0,1.0,2.0,1.0,1.0,1.0,2.0,1.0,1.0,1.0,1.0,1.0,1.0,2.0,1.0,1.0,2.0,1.0,1.0,2.0,1.0,1.0,1.0,1.0,1.0,1.0,2.0,1.0
945,5,4,5,2,4,5,5,4,2,3,,30.0,,2.0,,,,,,,,6.0,1.0,54.0,,1.0,,,,,2.0,5.0,5.0,,,,15.0,,1.0,,,4.0,,,1.0,,5.0,1.0,1.0,1.0,1.0,1.0,1.0,1.0,1.0,1.0,1.0,,,,,,,6.0,3.0,2.0,3.0,3.0,5.0,6.0,6.0,4.0,,,,,,,,,,,,2.0,1.0,1.0,2.0,1.0,1.0,2.0,2.0,1.0,1.0,1.0,1.0,1.0,2.0,1.0,1.0,1.0,2.0,1.0,1.0,1.0,1.0,2.0,2.0,1.0,2.0,1.0,1.0,1.0,1.0,1.0,1.0,2.0,2.0,1.0,1.0,1.0,1.0,2.0,1.0
1537,5,5,5,5,5,5,5,5,2,2,,30.0,5.0,,5.0,4.0,2.0,,,,,6.0,1.0,54.0,,,2.0,,,,2.0,5.0,5.0,,,,15.0,,1.0,,,4.0,,1.0,,5.0,,1.0,1.0,1.0,1.0,1.0,1.0,1.0,1.0,1.0,1.0,,,,,,,7.0,3.0,3.0,3.0,3.0,6.0,6.0,6.0,3.0,,,,,,,,,,,,2.0,1.0,2.0,1.0,2.0,1.0,2.0,2.0,1.0,2.0,1.0,1.0,1.0,1.0,1.0,2.0,1.0,2.0,1.0,1.0,1.0,2.0,1.0,2.0,2.0,1.0,1.0,1.0,2.0,1.0,1.0,1.0,1.0,2.0,1.0,1.0,1.0,1.0,2.0,1.0
1444,4,4,4,2,3,4,4,3,2,2,,30.0,,2.0,,,,,,,6.0,,1.0,54.0,,1.0,,,,,3.0,4.0,5.0,,,,15.0,,,1.0,,,3.0,,1.0,5.0,,,,,,,,,,,,1.0,1.0,1.0,1.0,1.0,1.0,6.0,3.0,3.0,3.0,3.0,5.0,6.0,6.0,4.0,2.0,65.0,60.0,60.0,40.0,50.0,60.0,60.0,50.0,40.0,40.0,1.0,2.0,1.0,2.0,1.0,2.0,1.0,1.0,1.0,2.0,1.0,1.0,1.0,2.0,1.0,2.0,1.0,1.0,2.0,2.0,1.0,1.0,1.0,1.0,1.0,2.0,1.0,1.0,1.0,2.0,1.0,1.0,1.0,1.0,1.0,1.0,1.0,1.0,1.0,1.0
1258,2,3,3,2,3,4,3,2,2,3,,30.0,5.0,,5.0,4.0,2.0,,,,,6.0,1.0,54.0,,1.0,,,,,,,,2.0,4.0,5.0,15.0,,,1.0,,,2.0,1.0,,,5.0,1.0,1.0,1.0,1.0,1.0,1.0,1.0,1.0,1.0,1.0,,,,,,,6.0,3.0,3.0,3.0,3.0,5.0,5.0,5.0,3.0,,,,,,,,,,,,1.0,2.0,2.0,2.0,1.0,1.0,1.0,2.0,1.0,1.0,1.0,2.0,1.0,2.0,2.0,1.0,1.0,2.0,1.0,1.0,1.0,1.0,1.0,2.0,1.0,1.0,1.0,1.0,2.0,1.0,1.0,2.0,1.0,2.0,1.0,1.0,2.0,1.0,2.0,1.0
137,5,5,5,4,4,5,5,5,2,2,70.0,,5.0,,5.0,4.0,2.0,,,,,6.0,1.0,54.0,,,2.0,3.0,5.0,5.0,,,,,,,15.0,,1.0,,,,3.0,,1.0,5.0,,1.0,1.0,1.0,1.0,1.0,1.0,1.0,1.0,1.0,1.0,,,,,,,6.0,3.0,3.0,3.0,3.0,5.0,6.0,6.0,4.0,2.0,75.0,70.0,75.0,60.0,60.0,75.0,70.0,70.0,40.0,40.0,1.0,1.0,1.0,2.0,2.0,1.0,1.0,2.0,1.0,2.0,1.0,1.0,1.0,1.0,2.0,2.0,1.0,2.0,1.0,1.0,2.0,2.0,1.0,1.0,1.0,1.0,2.0,2.0,1.0,1.0,1.0,1.0,1.0,1.0,2.0,2.0,2.0,1.0,1.0,1.0
658,5,5,5,4,4,5,5,5,2,3,,40.0,,2.0,5.0,4.0,2.0,,,,,6.0,,,1.0,1.0,,3.0,5.0,5.0,,,,,,,15.0,,1.0,,,,3.0,1.0,,5.0,,1.0,1.0,1.0,1.0,1.0,1.0,1.0,1.0,1.0,1.0,,,,,,,6.0,3.0,3.0,3.0,3.0,5.0,6.0,6.0,3.0,,,,,,,,,,,,1.0,2.0,2.0,1.0,1.0,2.0,1.0,1.0,1.0,1.0,2.0,2.0,1.0,2.0,1.0,1.0,1.0,2.0,1.0,2.0,1.0,1.0,1.0,2.0,1.0,1.0,1.0,2.0,1.0,1.0,1.0,2.0,1.0,1.0,1.0,1.0,1.0,1.0,2.0,1.0
984,5,5,5,5,5,5,5,5,1,1,70.0,,5.0,,,,,5.0,4.0,2.0,,6.0,,,1.0,1.0,,,,,2.0,5.0,5.0,,,,,15.0,,1.0,4.0,,,,1.0,,5.0,1.0,1.0,1.0,1.0,1.0,1.0,1.0,1.0,1.0,1.0,,,,,,,7.0,3.0,3.0,3.0,3.0,5.0,6.0,6.0,4.0,2.0,80.0,80.0,85.0,85.0,80.0,85.0,85.0,80.0,20.0,20.0,2.0,2.0,1.0,2.0,2.0,1.0,1.0,1.0,2.0,2.0,2.0,2.0,2.0,1.0,1.0,1.0,1.0,1.0,1.0,1.0,1.0,1.0,2.0,2.0,2.0,1.0,2.0,2.0,1.0,1.0,1.0,2.0,2.0,2.0,1.0,1.0,1.0,2.0,2.0,2.0
61,2,3,3,1,2,2,3,1,1,1,,30.0,,2.0,,,,,,,6.0,,1.0,54.0,,1.0,,,,,,,,2.0,4.0,5.0,,15.0,,1.0,,,3.0,1.0,,,5.0,1.0,1.0,1.0,1.0,1.0,1.0,1.0,1.0,1.0,1.0,,,,,,,6.0,3.0,3.0,3.0,3.0,5.0,6.0,6.0,3.0,,,,,,,,,,,,1.0,2.0,2.0,1.0,2.0,1.0,2.0,1.0,2.0,1.0,1.0,2.0,1.0,1.0,1.0,1.0,1.0,1.0,2.0,1.0,2.0,1.0,1.0,1.0,2.0,1.0,1.0,1.0,2.0,1.0,1.0,1.0,1.0,1.0,1.0,1.0,1.0,1.0,1.0,1.0
2010,5,5,5,5,5,5,5,5,2,2,70.0,,,,,,,5.0,4.0,2.0,,6.0,1.0,54.0,,,2.0,,,,2.0,5.0,5.0,,,,15.0,,1.0,,,4.0,,1.0,,5.0,,,,,,,,,,,,1.0,1.0,1.0,1.0,1.0,1.0,6.0,3.0,3.0,3.0,3.0,5.0,6.0,6.0,4.0,,,,,,,,,,,,1.0,2.0,1.0,2.0,1.0,2.0,1.0,1.0,1.0,1.0,1.0,2.0,2.0,1.0,1.0,1.0,1.0,1.0,1.0,2.0,,,,,,,,,,,,,,,,,,,,
1710,4,4,4,2,3,4,4,3,2,2,70.0,,2.0,,,,,5.0,4.0,2.0,,6.0,,,1.0,1.0,,,,,,,,3.0,4.0,5.0,,10.0,1.0,,,3.0,,1.0,,5.0,,1.0,1.0,1.0,1.0,1.0,1.0,1.0,1.0,1.0,1.0,,,,,,,6.0,3.0,3.0,3.0,3.0,5.0,5.0,5.0,3.0,2.0,65.0,60.0,60.0,40.0,45.0,60.0,60.0,50.0,40.0,40.0,1.0,1.0,2.0,1.0,1.0,1.0,1.0,2.0,1.0,1.0,1.0,1.0,2.0,2.0,2.0,1.0,1.0,1.0,2.0,2.0,1.0,1.0,1.0,1.0,1.0,1.0,2.0,1.0,2.0,1.0,1.0,1.0,1.0,2.0,1.0,1.0,1.0,1.0,1.0,1.0
1299,5,5,5,5,5,5,5,5,2,2,30.0,,5.0,,4.0,4.0,2.0,,,,,6.0,,,1.0,,2.0,,,,2.0,5.0,5.0,,,,15.0,,1.0,,4.0,,,,1.0,,5.0,1.0,1.0,1.0,1.0,1.0,1.0,1.0,1.0,1.0,1.0,,,,,,,6.0,3.0,3.0,3.0,3.0,5.0,6.0,6.0,4.0,2.0,75.0,75.0,75.0,75.0,75.0,75.0,75.0,75.0,40.0,40.0,1.0,1.0,1.0,1.0,1.0,1.0,1.0,1.0,1.0,1.0,1.0,1.0,1.0,2.0,1.0,1.0,1.0,1.0,1.0,1.0,1.0,1.0,1.0,1.0,1.0,1.0,1.0,1.0,1.0,1.0,1.0,1.0,1.0,1.0,1.0,1.0,2.0,1.0,1.0,1.0
1663,5,5,5,5,5,5,5,4,1,2,,30.0,,2.0,,,,,,,,6.0,1.0,54.0,,,2.0,3.0,5.0,5.0,,,,,,,,15.0,1.0,,4.0,,,1.0,,,5.0,,,,,,,,,,,1.0,1.0,1.0,1.0,1.0,1.0,6.0,3.0,3.0,3.0,3.0,5.0,6.0,6.0,4.0,,,,,,,,,,,,1.0,1.0,2.0,1.0,1.0,1.0,2.0,2.0,1.0,1.0,1.0,1.0,2.0,1.0,2.0,1.0,1.0,1.0,2.0,1.0,1.0,1.0,2.0,1.0,1.0,2.0,1.0,1.0,2.0,2.0,1.0,2.0,2.0,1.0,1.0,1.0,1.0,1.0,1.0,2.0
1485,1,2,2,1,2,2,3,1,1,1,70.0,,,2.0,,,,,,,,6.0,1.0,54.0,,,2.0,3.0,4.0,5.0,,,,,,,,15.0,1.0,,4.0,,,,1.0,,5.0,1.0,1.0,1.0,1.0,1.0,1.0,1.0,1.0,1.0,1.0,,,,,,,6.0,3.0,2.0,2.0,3.0,5.0,6.0,6.0,4.0,2.0,20.0,30.0,30.0,15.0,25.0,25.0,40.0,15.0,15.0,15.0,2.0,2.0,1.0,2.0,1.0,2.0,2.0,1.0,1.0,2.0,1.0,1.0,2.0,2.0,1.0,1.0,1.0,1.0,2.0,2.0,1.0,1.0,1.0,2.0,1.0,1.0,2.0,1.0,2.0,2.0,1.0,1.0,2.0,1.0,2.0,1.0,1.0,2.0,1.0,2.0
310,5,5,5,5,5,5,5,5,2,2,,30.0,5.0,,5.0,4.0,2.0,,,,6.0,,,,1.0,1.0,,,,,2.0,5.0,5.0,,,,,15.0,1.0,,,,3.0,1.0,,,5.0,1.0,1.0,1.0,1.0,1.0,1.0,1.0,1.0,1.0,1.0,,,,,,,7.0,3.0,3.0,3.0,3.0,5.0,6.0,6.0,4.0,,,,,,,,,,,,2.0,1.0,1.0,2.0,1.0,2.0,1.0,1.0,2.0,2.0,1.0,1.0,1.0,1.0,1.0,1.0,1.0,2.0,1.0,2.0,2.0,1.0,1.0,1.0,1.0,1.0,1.0,1.0,2.0,1.0,1.0,2.0,1.0,1.0,1.0,2.0,1.0,1.0,1.0,2.0
699,5,5,5,5,5,5,5,5,1,1,,30.0,6.0,,,,,,,,,,,,1.0,,2.0,3.0,,,,,,,,,15.0,,1.0,,,,,1.0,,,5.0,,,,,,,,,,,,,,,,,7.0,2.0,3.0,3.0,3.0,6.0,6.0,6.0,4.0,2.0,,,,,,,,,,,1.0,1.0,2.0,2.0,1.0,2.0,1.0,1.0,1.0,2.0,2.0,1.0,2.0,1.0,2.0,1.0,2.0,1.0,1.0,1.0,2.0,2.0,1.0,1.0,1.0,1.0,1.0,2.0,2.0,1.0,2.0,1.0,1.0,2.0,1.0,2.0,1.0,2.0,2.0,2.0
263,2,3,3,2,3,3,3,2,2,2,70.0,,5.0,,5.0,4.0,3.0,,,,,6.0,,,1.0,1.0,,,,,3.0,4.0,5.0,,,,15.0,,1.0,,,4.0,,,1.0,4.0,,1.0,1.0,1.0,1.0,1.0,1.0,1.0,1.0,1.0,1.0,,,,,,,6.0,3.0,3.0,3.0,3.0,5.0,5.0,5.0,3.0,2.0,40.0,50.0,50.0,40.0,50.0,50.0,50.0,40.0,40.0,40.0,1.0,2.0,1.0,2.0,1.0,1.0,1.0,1.0,1.0,2.0,2.0,1.0,1.0,2.0,1.0,1.0,1.0,1.0,1.0,2.0,1.0,2.0,2.0,1.0,1.0,1.0,2.0,1.0,1.0,1.0,1.0,1.0,1.0,1.0,1.0,1.0,1.0,1.0,1.0,1.0
882,5,5,5,5,4,5,5,5,1,1,40.0,,,2.0,5.0,4.0,2.0,,,,,6.0,1.0,54.0,,,2.0,2.0,5.0,5.0,,,,,,,,15.0,,1.0,,,3.0,,1.0,5.0,,1.0,1.0,1.0,1.0,1.0,1.0,1.0,1.0,1.0,1.0,,,,,,,6.0,3.0,3.0,3.0,3.0,5.0,6.0,6.0,4.0,2.0,75.0,70.0,75.0,70.0,65.0,75.0,70.0,70.0,30.0,30.0,1.0,2.0,1.0,2.0,1.0,2.0,1.0,1.0,1.0,2.0,2.0,1.0,1.0,2.0,1.0,2.0,1.0,1.0,1.0,1.0,1.0,1.0,1.0,1.0,1.0,2.0,1.0,1.0,2.0,1.0,2.0,1.0,2.0,1.0,1.0,1.0,1.0,1.0,1.0,1.0
14,5,4,5,5,4,5,5,4,2,2,70.0,,5.0,,,,,,,,,6.0,,,1.0,1.0,,3.0,5.0,5.0,,,,,,,15.0,,,1.0,4.0,,,1.0,,,5.0,1.0,1.0,1.0,1.0,1.0,1.0,1.0,1.0,1.0,1.0,,,,,,,7.0,3.0,2.0,2.0,3.0,5.0,6.0,6.0,4.0,2.0,75.0,65.0,80.0,80.0,70.0,85.0,80.0,65.0,40.0,40.0,1.0,2.0,2.0,1.0,2.0,1.0,1.0,2.0,1.0,1.0,1.0,2.0,1.0,2.0,2.0,1.0,1.0,1.0,2.0,1.0,1.0,2.0,2.0,2.0,2.0,2.0,1.0,2.0,2.0,2.0,2.0,1.0,2.0,2.0,1.0,1.0,1.0,1.0,1.0,1.0
1878,2,3,3,1,2,2,3,1,1,1,,30.0,,2.0,,,,,,,6.0,,,,1.0,,2.0,,,,2.0,4.0,5.0,,,,,15.0,1.0,,,3.0,,,1.0,,5.0,,,,,,,,,,,1.0,1.0,1.0,1.0,1.0,1.0,7.0,3.0,2.0,2.0,3.0,5.0,6.0,6.0,,,,,,,,,,,,,1.0,2.0,1.0,2.0,1.0,2.0,2.0,1.0,1.0,2.0,1.0,1.0,2.0,1.0,1.0,2.0,2.0,1.0,1.0,2.0,2.0,1.0,1.0,1.0,1.0,1.0,2.0,1.0,2.0,1.0,2.0,2.0,1.0,1.0,1.0,2.0,2.0,1.0,1.0,1.0
1583,5,4,5,5,4,5,5,4,2,2,,30.0,,2.0,,,,,,,,6.0,1.0,54.0,,,2.0,3.0,5.0,5.0,,,,,,,15.0,,,1.0,,3.0,,,1.0,5.0,,,,,,,,,,,,1.0,1.0,1.0,1.0,1.0,1.0,7.0,3.0,3.0,3.0,3.0,5.0,6.0,6.0,4.0,2.0,75.0,65.0,80.0,80.0,70.0,85.0,80.0,65.0,40.0,40.0,1.0,1.0,1.0,1.0,1.0,2.0,2.0,1.0,1.0,1.0,1.0,1.0,2.0,2.0,1.0,2.0,1.0,1.0,1.0,1.0,1.0,1.0,1.0,2.0,1.0,2.0,2.0,1.0,1.0,1.0,1.0,1.0,2.0,1.0,2.0,1.0,1.0,2.0,1.0,1.0
1179,5,5,5,5,5,5,5,5,1,2,70.0,,,2.0,,,,,,,6.0,,1.0,54.0,,1.0,,,,,2.0,5.0,5.0,,,,,15.0,,1.0,,,3.0,,1.0,,5.0,,,,,,,,,,,1.0,1.0,1.0,1.0,1.0,1.0,7.0,3.0,2.0,3.0,3.0,5.0,6.0,6.0,3.0,2.0,75.0,75.0,80.0,80.0,75.0,75.0,75.0,70.0,30.0,40.0,2.0,2.0,2.0,2.0,1.0,1.0,2.0,2.0,2.0,1.0,2.0,1.0,2.0,2.0,2.0,2.0,1.0,2.0,1.0,1.0,,,,,,,,,,,,,,,,,,,,
1765,2,4,4,3,4,4,4,3,2,3,70.0,,2.0,,5.0,4.0,2.0,,,,6.0,,,,1.0,,,3.0,4.0,5.0,,,,,,,15.0,,,1.0,3.0,,,,1.0,,5.0,,,,,,,,,,,1.0,1.0,1.0,1.0,1.0,1.0,6.0,3.0,3.0,3.0,3.0,5.0,6.0,6.0,3.0,2.0,55.0,60.0,60.0,50.0,60.0,60.0,60.0,50.0,40.0,50.0,1.0,2.0,1.0,2.0,2.0,1.0,2.0,1.0,1.0,1.0,2.0,1.0,2.0,1.0,1.0,2.0,1.0,1.0,2.0,1.0,1.0,1.0,2.0,2.0,2.0,1.0,1.0,2.0,2.0,1.0,1.0,2.0,1.0,1.0,1.0,1.0,1.0,2.0,2.0,2.0
1616,1,2,2,1,2,3,3,1,1,1,70.0,,,2.0,5.0,4.0,2.0,,,,,6.0,,,1.0,1.0,,,,,2.0,4.0,5.0,,,,15.0,,,1.0,4.0,,,1.0,,,5.0,,,,,,,,,,,1.0,1.0,1.0,1.0,1.0,1.0,7.0,3.0,2.0,3.0,3.0,5.0,6.0,6.0,3.0,,,,,,,,,,,,2.0,1.0,2.0,1.0,2.0,2.0,1.0,1.0,2.0,1.0,1.0,2.0,2.0,1.0,2.0,1.0,1.0,1.0,1.0,1.0,1.0,1.0,1.0,2.0,2.0,1.0,2.0,2.0,2.0,2.0,1.0,2.0,2.0,1.0,1.0,1.0,2.0,2.0,2.0,1.0
183,2,3,3,2,3,3,3,2,4,4,,30.0,,2.0,,,,,,,,6.0,1.0,54.0,,,2.0,,,,2.0,4.0,5.0,,,,,10.0,,1.0,,3.0,,,1.0,,5.0,,,,,,,,,,,1.0,1.0,1.0,1.0,1.0,1.0,6.0,3.0,2.0,3.0,3.0,5.0,6.0,6.0,3.0,2.0,40.0,50.0,50.0,40.0,50.0,50.0,50.0,40.0,60.0,60.0,1.0,2.0,1.0,1.0,2.0,2.0,1.0,1.0,1.0,2.0,1.0,2.0,2.0,2.0,1.0,1.0,1.0,2.0,2.0,1.0,2.0,1.0,1.0,2.0,1.0,1.0,1.0,1.0,1.0,1.0,1.0,1.0,2.0,1.0,1.0,2.0,2.0,1.0,1.0,1.0
579,5,5,5,5,5,5,5,5,1,1,,30.0,5.0,,,,,5.0,4.0,2.0,,6.0,,,1.0,,2.0,3.0,5.0,5.0,,,,,,,,15.0,1.0,,,,3.0,,1.0,,5.0,,,,,,,,,,,1.0,1.0,1.0,1.0,1.0,1.0,7.0,3.0,2.0,2.0,3.0,5.0,6.0,6.0,4.0,2.0,70.0,70.0,75.0,75.0,75.0,75.0,75.0,70.0,30.0,30.0,1.0,1.0,2.0,2.0,1.0,1.0,1.0,2.0,2.0,1.0,1.0,2.0,1.0,2.0,1.0,1.0,2.0,1.0,1.0,1.0,1.0,2.0,1.0,1.0,1.0,1.0,2.0,1.0,2.0,1.0,2.0,1.0,1.0,1.0,2.0,2.0,1.0,1.0,2.0,1.0
365,4,4,4,2,3,4,4,3,2,2,,30.0,2.0,,5.0,4.0,2.0,,,,,6.0,,,1.0,1.0,,,,,,,,3.0,4.0,5.0,15.0,,,1.0,4.0,,,1.0,,5.0,,,,,,,,,,,,1.0,1.0,1.0,1.0,1.0,1.0,6.0,3.0,3.0,3.0,3.0,5.0,6.0,6.0,3.0,2.0,65.0,60.0,60.0,40.0,50.0,60.0,60.0,50.0,40.0,40.0,1.0,1.0,1.0,2.0,1.0,1.0,1.0,1.0,1.0,1.0,1.0,1.0,1.0,1.0,2.0,1.0,1.0,2.0,1.0,1.0,1.0,2.0,1.0,2.0,1.0,1.0,1.0,1.0,1.0,1.0,1.0,1.0,2.0,1.0,1.0,1.0,1.0,1.0,1.0,1.0
216,4,4,4,2,3,4,4,3,2,2,70.0,,,2.0,,,,,,,6.0,,,,1.0,,2.0,,,,3.0,4.0,5.0,,,,15.0,,,1.0,4.0,,,1.0,,,5.0,1.0,1.0,1.0,1.0,1.0,1.0,1.0,1.0,1.0,1.0,,,,,,,6.0,3.0,3.0,3.0,3.0,5.0,6.0,6.0,4.0,2.0,65.0,60.0,60.0,40.0,50.0,60.0,60.0,50.0,40.0,40.0,1.0,2.0,1.0,2.0,1.0,1.0,2.0,1.0,1.0,1.0,1.0,1.0,1.0,1.0,2.0,1.0,1.0,1.0,1.0,2.0,1.0,1.0,1.0,1.0,1.0,2.0,1.0,1.0,1.0,2.0,1.0,1.0,1.0,1.0,1.0,1.0,1.0,1.0,1.0,1.0
843,5,5,5,5,5,5,5,5,1,1,70.0,,,2.0,,,,,,,,6.0,1.0,54.0,,,2.0,3.0,5.0,5.0,,,,,,,,15.0,,1.0,4.0,,,,1.0,5.0,,1.0,1.0,1.0,1.0,1.0,1.0,1.0,1.0,1.0,1.0,,,,,,,7.0,3.0,3.0,3.0,3.0,5.0,6.0,6.0,4.0,2.0,75.0,75.0,75.0,75.0,75.0,75.0,75.0,75.0,25.0,25.0,1.0,2.0,2.0,1.0,2.0,1.0,2.0,1.0,1.0,2.0,2.0,1.0,1.0,2.0,1.0,1.0,1.0,1.0,1.0,2.0,1.0,2.0,1.0,1.0,1.0,1.0,1.0,2.0,2.0,1.0,1.0,2.0,2.0,2.0,2.0,1.0,2.0,1.0,2.0,2.0
930,4,4,4,2,3,4,4,3,2,2,,30.0,2.0,,,,,,,,,6.0,1.0,54.0,,,2.0,,,,2.0,4.0,5.0,,,,,15.0,1.0,,,,3.0,,1.0,5.0,,,,,,,,,,,,1.0,1.0,1.0,1.0,1.0,1.0,6.0,3.0,3.0,3.0,3.0,5.0,6.0,6.0,4.0,2.0,65.0,60.0,60.0,40.0,50.0,60.0,60.0,45.0,35.0,35.0,1.0,2.0,1.0,2.0,1.0,1.0,1.0,2.0,1.0,2.0,2.0,1.0,1.0,1.0,2.0,1.0,1.0,1.0,1.0,1.0,2.0,1.0,2.0,1.0,1.0,1.0,1.0,1.0,1.0,2.0,1.0,2.0,1.0,2.0,1.0,2.0,1.0,1.0,2.0,1.0
1542,2,3,3,2,3,3,3,2,4,3,,30.0,2.0,,5.0,4.0,2.0,,,,,6.0,,,1.0,1.0,,,,,,,,3.0,4.0,5.0,15.0,,,1.0,,3.0,,,1.0,,5.0,,,,,,,,,,,1.0,1.0,1.0,1.0,1.0,1.0,6.0,3.0,3.0,3.0,3.0,5.0,6.0,6.0,3.0,2.0,40.0,50.0,50.0,40.0,50.0,50.0,50.0,40.0,60.0,50.0,1.0,1.0,1.0,1.0,2.0,2.0,2.0,2.0,1.0,1.0,1.0,1.0,1.0,1.0,1.0,1.0,1.0,2.0,1.0,1.0,2.0,1.0,1.0,1.0,1.0,1.0,1.0,1.0,1.0,1.0,,,,,,,,,,
1431,5,5,5,3,4,5,5,4,2,3,,30.0,,2.0,,,,,,,,6.0,1.0,54.0,,1.0,,3.0,5.0,5.0,,,,,,,15.0,,,1.0,,4.0,,,1.0,,5.0,,,,,,,,,,,1.0,1.0,1.0,1.0,1.0,1.0,7.0,3.0,3.0,3.0,3.0,5.0,6.0,6.0,4.0,2.0,75.0,70.0,75.0,50.0,60.0,75.0,75.0,60.0,40.0,50.0,1.0,1.0,1.0,2.0,1.0,1.0,2.0,1.0,2.0,1.0,1.0,1.0,1.0,1.0,2.0,1.0,2.0,2.0,1.0,1.0,1.0,2.0,1.0,1.0,1.0,1.0,1.0,2.0,1.0,1.0,1.0,1.0,1.0,1.0,1.0,1.0,1.0,2.0,1.0,1.0
142,2,3,3,2,3,3,3,2,2,3,40.0,,,2.0,,,,,,,6.0,,,,1.0,1.0,,,,,2.0,4.0,5.0,,,,15.0,,1.0,,4.0,,,1.0,,5.0,,,,,,,,,,,,1.0,1.0,1.0,1.0,1.0,1.0,6.0,3.0,3.0,3.0,3.0,5.0,6.0,6.0,4.0,,,,,,,,,,,,1.0,2.0,1.0,2.0,1.0,1.0,2.0,1.0,1.0,2.0,1.0,1.0,2.0,1.0,1.0,2.0,2.0,1.0,1.0,1.0,1.0,2.0,1.0,1.0,2.0,2.0,1.0,1.0,1.0,1.0,1.0,2.0,2.0,1.0,1.0,1.0,1.0,1.0,2.0,1.0
1849,5,5,5,4,4,5,5,4,2,3,70.0,,5.0,,5.0,4.0,3.0,,,,6.0,,1.0,54.0,,1.0,,3.0,5.0,5.0,,,,,,,15.0,,,1.0,4.0,,,1.0,,5.0,,,,,,,,,,,,1.0,1.0,1.0,1.0,1.0,1.0,7.0,3.0,2.0,2.0,3.0,5.0,6.0,6.0,4.0,2.0,75.0,75.0,75.0,65.0,65.0,75.0,75.0,65.0,35.0,50.0,1.0,1.0,1.0,1.0,2.0,1.0,1.0,1.0,2.0,2.0,1.0,1.0,2.0,1.0,1.0,2.0,1.0,1.0,2.0,1.0,1.0,1.0,1.0,1.0,1.0,1.0,1.0,1.0,2.0,1.0,1.0,1.0,1.0,1.0,1.0,2.0,1.0,1.0,1.0,2.0
2054,5,5,5,5,5,5,5,5,1,2,70.0,,,2.0,,,,,,,6.0,,1.0,54.0,,1.0,,,,,3.0,5.0,5.0,,,,15.0,,1.0,,4.0,,,,1.0,,5.0,,,,,,,,,,,1.0,1.0,1.0,1.0,1.0,1.0,7.0,3.0,3.0,3.0,3.0,6.0,6.0,6.0,4.0,2.0,80.0,80.0,85.0,85.0,80.0,85.0,85.0,80.0,20.0,30.0,2.0,1.0,2.0,1.0,1.0,1.0,1.0,1.0,1.0,1.0,2.0,1.0,1.0,2.0,1.0,1.0,1.0,1.0,1.0,2.0,1.0,1.0,2.0,1.0,2.0,1.0,1.0,1.0,2.0,1.0,1.0,1.0,2.0,1.0,1.0,1.0,2.0,1.0,1.0,1.0
25,1,2,2,1,2,2,2,1,1,1,70.0,,2.0,,,,,,,,6.0,,1.0,54.0,,,2.0,,,,2.0,4.0,5.0,,,,15.0,,,1.0,3.0,,,1.0,,5.0,,,,,,,,,,,,1.0,1.0,1.0,1.0,1.0,1.0,7.0,3.0,2.0,3.0,3.0,5.0,6.0,6.0,3.0,2.0,20.0,30.0,30.0,15.0,25.0,25.0,30.0,15.0,15.0,15.0,2.0,2.0,1.0,2.0,2.0,1.0,2.0,1.0,1.0,2.0,2.0,2.0,1.0,1.0,1.0,2.0,1.0,2.0,2.0,1.0,2.0,1.0,2.0,1.0,2.0,2.0,2.0,2.0,1.0,1.0,1.0,2.0,1.0,1.0,2.0,1.0,1.0,1.0,1.0,1.0
548,2,3,3,2,3,3,3,2,4,3,,30.0,,2.0,5.0,4.0,3.0,,,,,6.0,1.0,54.0,,1.0,,,,,,,,2.0,4.0,5.0,15.0,,,1.0,,4.0,,1.0,,5.0,,1.0,1.0,1.0,1.0,1.0,1.0,1.0,1.0,1.0,1.0,,,,,,,6.0,3.0,2.0,3.0,3.0,5.0,6.0,6.0,3.0,2.0,40.0,50.0,50.0,40.0,50.0,50.0,50.0,40.0,60.0,50.0,1.0,1.0,2.0,2.0,2.0,1.0,1.0,2.0,1.0,2.0,1.0,1.0,2.0,1.0,1.0,1.0,2.0,1.0,1.0,1.0,2.0,2.0,2.0,1.0,1.0,1.0,1.0,1.0,1.0,1.0,1.0,1.0,1.0,1.0,2.0,1.0,2.0,1.0,1.0,1.0
354,5,5,5,4,4,5,5,5,2,2,70.0,,5.0,,5.0,4.0,3.0,,,,,6.0,1.0,54.0,,,2.0,,,,3.0,5.0,5.0,,,,,10.0,1.0,,,,3.0,1.0,,5.0,,1.0,1.0,1.0,1.0,1.0,1.0,1.0,1.0,1.0,1.0,,,,,,,6.0,3.0,3.0,3.0,3.0,5.0,6.0,6.0,4.0,2.0,75.0,75.0,75.0,65.0,65.0,75.0,75.0,75.0,40.0,40.0,2.0,1.0,1.0,1.0,2.0,1.0,2.0,1.0,1.0,1.0,2.0,2.0,1.0,2.0,1.0,1.0,1.0,1.0,1.0,1.0,1.0,1.0,1.0,1.0,1.0,1.0,1.0,2.0,1.0,1.0,2.0,1.0,1.0,1.0,1.0,1.0,1.0,2.0,1.0,1.0
227,5,5,5,5,5,5,5,5,1,2,70.0,,,2.0,,,,,,,6.0,,1.0,54.0,,1.0,,3.0,5.0,5.0,,,,,,,15.0,,,1.0,4.0,,,,1.0,,5.0,1.0,1.0,1.0,1.0,1.0,1.0,1.0,1.0,1.0,1.0,,,,,,,6.0,3.0,2.0,2.0,3.0,5.0,6.0,6.0,4.0,2.0,75.0,75.0,80.0,80.0,75.0,80.0,80.0,70.0,30.0,40.0,2.0,1.0,1.0,1.0,2.0,2.0,2.0,1.0,2.0,2.0,1.0,1.0,2.0,1.0,1.0,1.0,1.0,1.0,2.0,1.0,1.0,2.0,1.0,2.0,1.0,1.0,1.0,1.0,1.0,1.0,1.0,1.0,1.0,1.0,1.0,1.0,2.0,1.0,1.0,1.0
1148,2,4,4,2,3,4,4,2,1,2,70.0,,5.0,,,,,5.0,4.0,2.0,6.0,,1.0,54.0,,1.0,,,,,,,,2.0,4.0,5.0,15.0,,,1.0,3.0,,,1.0,,,5.0,,,,,,,,,,,1.0,1.0,1.0,1.0,1.0,1.0,6.0,3.0,2.0,3.0,3.0,5.0,6.0,6.0,3.0,2.0,40.0,60.0,60.0,40.0,50.0,60.0,60.0,40.0,30.0,40.0,1.0,1.0,2.0,1.0,2.0,1.0,2.0,1.0,1.0,1.0,2.0,1.0,1.0,2.0,1.0,1.0,2.0,1.0,1.0,2.0,2.0,2.0,1.0,1.0,1.0,1.0,1.0,1.0,1.0,1.0,1.0,1.0,2.0,1.0,2.0,2.0,1.0,1.0,2.0,1.0
1754,4,4,4,2,3,3,4,2,2,3,70.0,,5.0,,,,,5.0,4.0,2.0,6.0,,1.0,54.0,,,2.0,,,,,,,2.0,5.0,5.0,15.0,,1.0,,4.0,,,1.0,,5.0,,,,,,,,,,,,1.0,1.0,1.0,1.0,1.0,1.0,7.0,3.0,3.0,3.0,3.0,5.0,6.0,6.0,4.0,,,,,,,,,,,,2.0,1.0,1.0,2.0,1.0,1.0,2.0,2.0,1.0,2.0,2.0,1.0,1.0,1.0,1.0,1.0,1.0,2.0,2.0,2.0,1.0,2.0,1.0,1.0,1.0,1.0,1.0,1.0,1.0,1.0,1.0,2.0,1.0,1.0,1.0,2.0,1.0,1.0,1.0,1.0
1627,5,5,5,5,5,5,5,4,1,2,,30.0,,2.0,,,,,,,,6.0,,,1.0,,2.0,3.0,5.0,5.0,,,,,,,15.0,,,1.0,4.0,,,,1.0,5.0,,1.0,1.0,1.0,1.0,1.0,1.0,1.0,1.0,1.0,1.0,,,,,,,6.0,3.0,3.0,3.0,3.0,5.0,6.0,6.0,4.0,2.0,75.0,70.0,75.0,70.0,70.0,75.0,70.0,60.0,30.0,40.0,2.0,1.0,2.0,1.0,1.0,2.0,1.0,1.0,2.0,1.0,1.0,1.0,2.0,2.0,1.0,2.0,2.0,1.0,1.0,2.0,2.0,1.0,1.0,2.0,1.0,1.0,1.0,2.0,1.0,1.0,1.0,1.0,1.0,2.0,1.0,1.0,1.0,1.0,2.0,1.0
1888,5,5,5,5,5,5,5,5,1,2,,20.0,5.0,,5.0,4.0,2.0,,,,,6.0,1.0,54.0,,,2.0,2.0,5.0,5.0,,,,,,,15.0,,,1.0,4.0,,,1.0,,5.0,,,,,,,,,,,,1.0,1.0,1.0,1.0,1.0,1.0,7.0,3.0,3.0,3.0,3.0,5.0,6.0,6.0,4.0,2.0,75.0,75.0,75.0,75.0,75.0,75.0,75.0,75.0,25.0,30.0,2.0,1.0,2.0,1.0,2.0,1.0,2.0,2.0,1.0,1.0,1.0,2.0,1.0,1.0,1.0,2.0,1.0,1.0,1.0,1.0,1.0,1.0,1.0,1.0,2.0,2.0,1.0,1.0,2.0,1.0,1.0,1.0,1.0,1.0,1.0,2.0,1.0,2.0,2.0,1.0
872,5,5,5,5,5,5,5,4,2,3,,30.0,5.0,,,,,5.0,4.0,2.0,6.0,,,,1.0,1.0,,,,,2.0,5.0,5.0,,,,,15.0,1.0,,,,,,,,,,,,,,,,,,,,,,,,,,,,,,,,,,,,,,,,,,,,,,,,,,,,,,,,,,,,,,,,,,,,,,,,,,,,,,,,,,,,
901,5,5,5,3,4,5,5,4,2,2,,30.0,5.0,,,,,5.0,4.0,2.0,6.0,,,,1.0,,2.0,,,,2.0,5.0,5.0,,,,,15.0,1.0,,,3.0,,1.0,,,5.0,,,,,,,,,,,1.0,1.0,1.0,1.0,1.0,1.0,7.0,3.0,3.0,3.0,3.0,5.0,6.0,6.0,3.0,2.0,75.0,70.0,75.0,50.0,60.0,75.0,75.0,60.0,40.0,40.0,2.0,1.0,2.0,1.0,2.0,1.0,1.0,2.0,1.0,1.0,2.0,1.0,2.0,1.0,2.0,1.0,2.0,1.0,1.0,1.0,2.0,1.0,1.0,1.0,1.0,1.0,1.0,2.0,1.0,2.0,1.0,1.0,2.0,2.0,2.0,1.0,1.0,1.0,2.0,1.0
395,1,1,1,1,1,1,1,1,5,5,70.0,,1.0,,,,,,,,6.0,,1.0,54.0,,1.0,,,,,,,,1.0,5.0,5.0,15.0,,1.0,,,3.0,,,1.0,,5.0,1.0,1.0,1.0,1.0,1.0,1.0,1.0,1.0,1.0,1.0,,,,,,,7.0,3.0,2.0,2.0,3.0,6.0,6.0,6.0,4.0,2.0,20.0,20.0,20.0,20.0,20.0,20.0,20.0,20.0,80.0,80.0,2.0,2.0,1.0,2.0,1.0,1.0,1.0,1.0,1.0,1.0,1.0,1.0,1.0,2.0,2.0,1.0,1.0,1.0,1.0,1.0,1.0,1.0,1.0,1.0,1.0,1.0,1.0,1.0,1.0,1.0,2.0,2.0,1.0,1.0,1.0,1.0,1.0,1.0,1.0,1.0
173,5,5,5,5,5,5,5,5,2,2,,30.0,,2.0,,,,,,,,6.0,,,1.0,,2.0,,,,2.0,5.0,5.0,,,,15.0,,,,,,,,,,,,,,,,,,,,,,,,,,,,,,,,,,,,,,,,,,,,,,,1.0,2.0,1.0,2.0,1.0,1.0,1.0,1.0,2.0,1.0,1.0,2.0,1.0,1.0,1.0,1.0,1.0,1.0,1.0,1.0,1.0,1.0,1.0,1.0,1.0,2.0,1.0,2.0,1.0,1.0,1.0,1.0,1.0,1.0,2.0,1.0,1.0,1.0,1.0,1.0
589,5,5,5,5,5,5,5,5,2,2,70.0,,,2.0,,,,,,,,6.0,1.0,54.0,,,2.0,,,,,,,3.0,5.0,5.0,15.0,,1.0,,,,3.0,,1.0,5.0,,1.0,1.0,1.0,1.0,1.0,1.0,1.0,1.0,1.0,1.0,,,,,,,7.0,3.0,3.0,3.0,3.0,5.0,6.0,6.0,4.0,,,,,,,,,,,,1.0,2.0,2.0,2.0,1.0,2.0,1.0,2.0,1.0,1.0,1.0,2.0,1.0,1.0,2.0,2.0,2.0,1.0,1.0,1.0,2.0,1.0,1.0,1.0,1.0,1.0,2.0,2.0,1.0,1.0,1.0,1.0,1.0,1.0,2.0,1.0,1.0,2.0,2.0,2.0
1795,5,5,5,5,5,5,5,5,1,1,,30.0,,1.0,,,,,,,,6.0,1.0,54.0,,,2.0,,,,2.0,5.0,5.0,,,,,15.0,1.0,,,,4.0,,,,,,,,,,,,,,,,,,,,,,,,,,,,,,2.0,70.0,70.0,70.0,70.0,70.0,70.0,70.0,70.0,30.0,30.0,2.0,2.0,2.0,2.0,1.0,2.0,1.0,2.0,2.0,2.0,1.0,1.0,2.0,1.0,2.0,1.0,1.0,2.0,1.0,2.0,,,,,,,,,,,,,,,,,,,,
1573,5,5,5,5,5,5,5,5,2,2,70.0,,6.0,,,,,,,,,,,,1.0,,2.0,,,,,,,3.0,5.0,,,15.0,1.0,,,3.0,,1.0,,,5.0,,,,,,,,,,,1.0,1.0,1.0,1.0,1.0,1.0,6.0,3.0,3.0,3.0,3.0,5.0,5.0,5.0,4.0,,,,,,,,,,,,1.0,1.0,2.0,2.0,1.0,1.0,1.0,1.0,1.0,1.0,2.0,1.0,2.0,1.0,2.0,1.0,1.0,2.0,1.0,1.0,1.0,1.0,1.0,2.0,1.0,2.0,1.0,1.0,1.0,2.0,1.0,1.0,1.0,1.0,1.0,1.0,1.0,1.0,1.0,2.0
1400,5,5,5,4,4,5,5,5,2,3,70.0,,,2.0,5.0,4.0,3.0,,,,,6.0,,,1.0,1.0,,,,,2.0,5.0,5.0,,,,15.0,,1.0,,4.0,,,,1.0,,5.0,1.0,1.0,1.0,1.0,1.0,1.0,1.0,1.0,1.0,1.0,,,,,,,6.0,3.0,3.0,3.0,3.0,5.0,6.0,6.0,4.0,2.0,80.0,80.0,85.0,70.0,70.0,85.0,80.0,80.0,40.0,50.0,1.0,2.0,1.0,2.0,1.0,2.0,1.0,1.0,1.0,2.0,1.0,1.0,1.0,1.0,2.0,1.0,2.0,2.0,1.0,1.0,1.0,1.0,1.0,1.0,1.0,1.0,1.0,1.0,2.0,1.0,1.0,1.0,1.0,1.0,1.0,1.0,1.0,1.0,2.0,1.0
1189,5,5,5,5,5,5,5,5,2,2,70.0,,,2.0,,,,,,,6.0,,,,1.0,,2.0,,,,2.0,5.0,5.0,,,,15.0,,1.0,,4.0,,,,1.0,,5.0,1.0,1.0,1.0,1.0,1.0,1.0,1.0,1.0,1.0,1.0,,,,,,,6.0,3.0,3.0,3.0,3.0,5.0,6.0,6.0,4.0,2.0,80.0,80.0,80.0,80.0,80.0,80.0,80.0,80.0,40.0,40.0,1.0,2.0,2.0,1.0,1.0,2.0,1.0,1.0,1.0,2.0,1.0,1.0,1.0,1.0,2.0,1.0,1.0,2.0,1.0,1.0,1.0,1.0,1.0,1.0,2.0,2.0,1.0,1.0,1.0,1.0,2.0,2.0,2.0,1.0,1.0,1.0,2.0,1.0,1.0,1.0
807,2,3,3,2,3,3,3,2,4,4,,30.0,,2.0,,,,,,,,6.0,1.0,54.0,,,2.0,,,,,,,3.0,4.0,5.0,,15.0,1.0,,,,3.0,,1.0,5.0,,1.0,1.0,1.0,1.0,1.0,1.0,1.0,1.0,1.0,1.0,,,,,,,6.0,3.0,2.0,2.0,3.0,5.0,6.0,6.0,3.0,2.0,40.0,50.0,50.0,40.0,50.0,50.0,50.0,40.0,60.0,60.0,1.0,1.0,2.0,1.0,2.0,1.0,2.0,1.0,2.0,1.0,2.0,1.0,2.0,1.0,1.0,1.0,1.0,2.0,1.0,1.0,1.0,1.0,2.0,1.0,1.0,1.0,1.0,1.0,1.0,1.0,1.0,1.0,1.0,1.0,1.0,1.0,1.0,1.0,1.0,2.0
91,5,5,5,5,5,5,5,5,2,2,70.0,,5.0,,5.0,4.0,2.0,,,,,6.0,,,1.0,1.0,,,,,,,,2.0,5.0,5.0,,15.0,,1.0,,4.0,,,1.0,5.0,,1.0,1.0,1.0,1.0,1.0,1.0,1.0,1.0,1.0,1.0,,,,,,,7.0,3.0,3.0,3.0,3.0,5.0,6.0,6.0,4.0,2.0,80.0,80.0,80.0,80.0,80.0,80.0,80.0,80.0,40.0,40.0,1.0,1.0,2.0,1.0,1.0,1.0,1.0,1.0,1.0,1.0,1.0,2.0,1.0,2.0,1.0,2.0,1.0,2.0,1.0,1.0,1.0,2.0,1.0,2.0,2.0,1.0,1.0,1.0,1.0,1.0,1.0,1.0,2.0,1.0,1.0,1.0,2.0,1.0,2.0,1.0
974,5,5,5,5,5,5,5,5,2,2,70.0,,,2.0,,,,,,,,6.0,,,1.0,,2.0,,,,,,,2.0,5.0,5.0,,15.0,,1.0,,,2.0,1.0,,5.0,,,,,,,,,,,,1.0,1.0,1.0,1.0,1.0,1.0,,,,,,,,,,,,,,,,,,,,,1.0,1.0,2.0,1.0,2.0,1.0,2.0,1.0,2.0,1.0,2.0,2.0,2.0,2.0,2.0,1.0,1.0,1.0,1.0,1.0,1.0,1.0,2.0,2.0,1.0,2.0,2.0,1.0,2.0,1.0,1.0,2.0,1.0,2.0,1.0,1.0,1.0,1.0,1.0,1.0
106,5,5,5,5,5,5,5,4,1,2,70.0,,5.0,,5.0,4.0,2.0,,,,6.0,,,,1.0,1.0,,3.0,5.0,5.0,,,,,,,15.0,,,1.0,4.0,,,1.0,,5.0,,,,,,,,,,,,1.0,1.0,1.0,1.0,1.0,1.0,6.0,3.0,3.0,3.0,3.0,5.0,6.0,6.0,4.0,2.0,75.0,75.0,80.0,80.0,80.0,75.0,75.0,65.0,25.0,35.0,2.0,1.0,2.0,1.0,1.0,2.0,2.0,1.0,2.0,1.0,2.0,1.0,1.0,1.0,1.0,1.0,1.0,1.0,2.0,1.0,1.0,1.0,1.0,2.0,2.0,1.0,1.0,1.0,1.0,1.0,2.0,1.0,1.0,2.0,1.0,2.0,1.0,1.0,1.0,1.0
669,2,3,3,2,3,3,3,2,4,3,,30.0,,2.0,4.0,3.0,2.0,,,,,6.0,1.0,54.0,,,2.0,,,,2.0,4.0,5.0,,,,,15.0,,1.0,,3.0,,1.0,,5.0,,,,,,,,,,,,1.0,1.0,1.0,1.0,1.0,1.0,6.0,3.0,3.0,3.0,3.0,5.0,6.0,6.0,3.0,2.0,40.0,50.0,50.0,40.0,50.0,50.0,50.0,40.0,60.0,50.0,2.0,1.0,1.0,2.0,2.0,1.0,1.0,2.0,2.0,1.0,2.0,1.0,1.0,1.0,1.0,2.0,1.0,1.0,1.0,2.0,1.0,1.0,1.0,1.0,1.0,2.0,1.0,1.0,2.0,1.0,1.0,1.0,2.0,2.0,1.0,1.0,1.0,2.0,1.0,1.0
293,5,5,5,2,3,5,5,2,2,2,70.0,,5.0,,,,,5.0,4.0,2.0,,6.0,1.0,54.0,,,2.0,,,,2.0,5.0,5.0,,,,,15.0,,1.0,,4.0,,1.0,,5.0,,1.0,1.0,1.0,1.0,1.0,1.0,1.0,1.0,1.0,1.0,,,,,,,7.0,3.0,3.0,3.0,3.0,5.0,6.0,6.0,4.0,2.0,75.0,75.0,80.0,40.0,50.0,75.0,75.0,40.0,40.0,40.0,1.0,2.0,1.0,1.0,2.0,1.0,2.0,2.0,2.0,1.0,1.0,2.0,1.0,1.0,1.0,1.0,1.0,1.0,1.0,2.0,1.0,2.0,2.0,1.0,1.0,1.0,1.0,1.0,2.0,1.0,1.0,2.0,1.0,2.0,2.0,1.0,1.0,1.0,2.0,1.0
1506,2,3,3,2,3,2,3,2,4,3,,30.0,2.0,,5.0,4.0,3.0,,,,6.0,,,,1.0,,2.0,3.0,4.0,5.0,,,,,,,,12.0,,1.0,,3.0,,,1.0,,5.0,,,,,,,,,,,1.0,1.0,1.0,1.0,1.0,1.0,7.0,3.0,2.0,2.0,3.0,5.0,6.0,6.0,3.0,2.0,40.0,50.0,50.0,40.0,50.0,40.0,50.0,40.0,60.0,50.0,1.0,1.0,2.0,2.0,1.0,1.0,1.0,1.0,1.0,2.0,1.0,2.0,1.0,1.0,1.0,1.0,1.0,2.0,1.0,1.0,1.0,1.0,2.0,1.0,1.0,1.0,1.0,1.0,1.0,1.0,1.0,2.0,2.0,2.0,1.0,1.0,1.0,1.0,1.0,1.0
1475,5,5,5,5,5,5,5,5,1,1,70.0,,5.0,,,,,5.0,4.0,2.0,,7.0,1.0,54.0,,1.0,,,,,,,,2.0,5.0,5.0,15.0,,1.0,,,3.0,,1.0,,5.0,,,,,,,,,,,,1.0,1.0,1.0,1.0,1.0,1.0,6.0,3.0,3.0,3.0,3.0,5.0,6.0,6.0,3.0,2.0,75.0,70.0,80.0,85.0,80.0,85.0,80.0,75.0,20.0,20.0,1.0,2.0,2.0,2.0,1.0,1.0,2.0,1.0,1.0,1.0,2.0,1.0,1.0,1.0,1.0,2.0,1.0,1.0,1.0,1.0,1.0,1.0,2.0,1.0,1.0,1.0,1.0,1.0,1.0,2.0,2.0,1.0,1.0,1.0,1.0,1.0,2.0,1.0,1.0,1.0
1269,2,4,4,2,3,4,4,2,3,2,70.0,,2.0,,5.0,4.0,2.0,,,,6.0,,,,1.0,,2.0,,,,,,,3.0,4.0,5.0,15.0,,1.0,,,,,,,,,,,,,,,,,,,,,,,,,,,,,,,,,,,,,,,,,,,,,,,,,,,,,,,,,,,,,,,,,,,,,,,,,,,,,,,,,,,,
1693,5,5,5,4,4,5,5,4,2,2,,40.0,2.0,,5.0,4.0,2.0,,,,,6.0,,,1.0,1.0,,,,,2.0,5.0,5.0,,,,,12.0,,1.0,,3.0,,1.0,,,5.0,1.0,1.0,1.0,1.0,1.0,1.0,1.0,1.0,1.0,1.0,,,,,,,7.0,3.0,3.0,3.0,3.0,5.0,6.0,6.0,4.0,2.0,75.0,75.0,75.0,65.0,65.0,75.0,75.0,65.0,40.0,40.0,1.0,1.0,2.0,2.0,2.0,2.0,1.0,2.0,1.0,2.0,2.0,1.0,1.0,1.0,2.0,2.0,2.0,1.0,1.0,2.0,1.0,2.0,1.0,2.0,1.0,1.0,2.0,2.0,2.0,1.0,1.0,2.0,1.0,2.0,2.0,1.0,1.0,1.0,1.0,2.0
50,5,5,5,5,5,5,5,5,2,3,70.0,,5.0,,5.0,4.0,2.0,,,,,6.0,,,1.0,1.0,,,,,2.0,5.0,5.0,,,,,15.0,1.0,,4.0,,,1.0,,,5.0,1.0,1.0,1.0,1.0,1.0,1.0,1.0,1.0,1.0,1.0,,,,,,,7.0,3.0,4.0,3.0,3.0,5.0,6.0,6.0,4.0,2.0,75.0,75.0,75.0,80.0,80.0,80.0,80.0,75.0,30.0,50.0,2.0,1.0,2.0,1.0,2.0,2.0,1.0,2.0,2.0,2.0,1.0,1.0,2.0,2.0,2.0,1.0,2.0,1.0,2.0,2.0,1.0,1.0,2.0,1.0,1.0,2.0,2.0,2.0,2.0,1.0,1.0,2.0,1.0,2.0,1.0,2.0,1.0,2.0,2.0,1.0
2021,2,3,3,1,2,3,3,1,2,2,70.0,,2.0,,,,,5.0,4.0,2.0,,6.0,1.0,54.0,,,2.0,,,,2.0,4.0,5.0,,,,,15.0,1.0,,4.0,,,,1.0,5.0,,1.0,1.0,1.0,1.0,1.0,1.0,1.0,1.0,1.0,1.0,,,,,,,6.0,3.0,3.0,3.0,3.0,5.0,6.0,6.0,4.0,2.0,40.0,50.0,50.0,20.0,30.0,50.0,50.0,20.0,30.0,30.0,2.0,1.0,1.0,1.0,2.0,1.0,1.0,1.0,2.0,1.0,1.0,2.0,1.0,2.0,1.0,1.0,2.0,1.0,1.0,1.0,1.0,1.0,1.0,2.0,1.0,1.0,1.0,1.0,1.0,2.0,1.0,1.0,1.0,1.0,1.0,2.0,1.0,1.0,1.0,1.0
321,2,3,3,2,3,3,3,2,4,4,70.0,,,2.0,,,,,,,,6.0,,,1.0,,2.0,3.0,4.0,5.0,,,,,,,,10.0,,1.0,4.0,,,1.0,,4.0,,,,,,,,,,,,1.0,1.0,1.0,1.0,1.0,1.0,6.0,3.0,3.0,3.0,3.0,5.0,6.0,6.0,4.0,2.0,40.0,50.0,50.0,40.0,50.0,50.0,50.0,40.0,60.0,60.0,1.0,2.0,2.0,2.0,1.0,1.0,1.0,2.0,1.0,1.0,1.0,1.0,1.0,1.0,1.0,2.0,1.0,1.0,1.0,1.0,1.0,2.0,1.0,2.0,2.0,1.0,1.0,1.0,1.0,1.0,2.0,2.0,1.0,1.0,1.0,2.0,2.0,1.0,1.0,2.0
252,5,5,5,4,4,5,5,4,2,2,70.0,,5.0,,5.0,4.0,2.0,,,,,6.0,1.0,54.0,,1.0,,,,,,,,2.0,5.0,5.0,15.0,,1.0,,4.0,,,1.0,,,5.0,1.0,1.0,1.0,1.0,1.0,1.0,1.0,1.0,1.0,1.0,,,,,,,6.0,3.0,3.0,3.0,3.0,5.0,6.0,6.0,4.0,2.0,75.0,75.0,80.0,65.0,65.0,80.0,75.0,65.0,40.0,40.0,1.0,2.0,1.0,2.0,1.0,1.0,1.0,1.0,1.0,1.0,1.0,1.0,2.0,2.0,1.0,2.0,1.0,1.0,1.0,1.0,1.0,2.0,1.0,1.0,1.0,1.0,2.0,1.0,2.0,1.0,1.0,1.0,1.0,2.0,2.0,1.0,1.0,1.0,2.0,2.0
1721,2,4,4,2,3,4,4,3,2,2,70.0,,5.0,,5.0,4.0,2.0,,,,6.0,,1.0,54.0,,1.0,,,,,,,,2.0,4.0,5.0,15.0,,,1.0,4.0,,,1.0,,,5.0,,,,,,,,,,,1.0,1.0,1.0,1.0,1.0,1.0,6.0,3.0,2.0,3.0,3.0,5.0,6.0,6.0,4.0,,,,,,,,,,,,2.0,1.0,1.0,1.0,2.0,1.0,1.0,1.0,2.0,2.0,1.0,1.0,1.0,1.0,2.0,1.0,1.0,1.0,1.0,1.0,1.0,1.0,1.0,1.0,1.0,2.0,1.0,2.0,2.0,2.0,1.0,1.0,2.0,2.0,2.0,2.0,1.0,1.0,1.0,1.0
1652,4,4,4,2,3,4,4,3,2,2,,30.0,,2.0,5.0,4.0,2.0,,,,,6.0,1.0,54.0,,,2.0,3.0,4.0,5.0,,,,,,,15.0,,,1.0,,3.0,,,1.0,,5.0,,,,,,,,,,,1.0,1.0,1.0,1.0,1.0,1.0,6.0,3.0,2.0,2.0,3.0,5.0,6.0,6.0,3.0,2.0,65.0,60.0,60.0,40.0,50.0,60.0,60.0,45.0,35.0,35.0,2.0,1.0,1.0,1.0,1.0,2.0,2.0,1.0,1.0,1.0,1.0,2.0,1.0,2.0,1.0,2.0,1.0,1.0,1.0,2.0,1.0,1.0,1.0,1.0,1.0,1.0,2.0,2.0,1.0,1.0,1.0,2.0,2.0,2.0,2.0,1.0,1.0,1.0,1.0,1.0
485,5,5,5,5,5,5,5,5,1,1,70.0,,,2.0,5.0,4.0,3.0,,,,6.0,,,,1.0,,2.0,3.0,5.0,5.0,,,,,,,15.0,,1.0,,,4.0,,1.0,,,5.0,1.0,1.0,1.0,1.0,1.0,1.0,1.0,1.0,1.0,1.0,,,,,,,7.0,3.0,2.0,2.0,3.0,5.0,6.0,6.0,4.0,2.0,80.0,80.0,85.0,85.0,85.0,85.0,85.0,80.0,20.0,20.0,2.0,1.0,1.0,2.0,2.0,2.0,1.0,2.0,2.0,1.0,1.0,1.0,2.0,1.0,2.0,1.0,1.0,1.0,1.0,1.0,2.0,2.0,1.0,1.0,1.0,2.0,1.0,1.0,1.0,1.0,2.0,2.0,1.0,2.0,2.0,1.0,2.0,2.0,2.0,1.0
710,5,5,5,4,4,5,5,4,2,2,,30.0,5.0,,5.0,4.0,2.0,,,,,6.0,,,1.0,,2.0,3.0,5.0,5.0,,,,,,,15.0,,1.0,,,4.0,,,1.0,5.0,,1.0,1.0,1.0,1.0,1.0,1.0,1.0,1.0,1.0,1.0,,,,,,,7.0,3.0,3.0,3.0,3.0,5.0,6.0,6.0,4.0,2.0,75.0,75.0,75.0,65.0,65.0,75.0,75.0,65.0,40.0,40.0,2.0,1.0,1.0,1.0,1.0,2.0,1.0,2.0,1.0,1.0,1.0,1.0,1.0,1.0,1.0,1.0,1.0,1.0,2.0,1.0,1.0,1.0,1.0,1.0,1.0,1.0,1.0,1.0,1.0,1.0,2.0,1.0,2.0,1.0,1.0,1.0,1.0,1.0,1.0,1.0
299,5,5,5,5,5,5,5,5,1,1,70.0,,5.0,,,,,5.0,4.0,2.0,,6.0,1.0,54.0,,,2.0,,,,,,,2.0,5.0,5.0,15.0,,1.0,,,,,,,,,,,,,,,,,,,,,,,,,,,,,,,,,,,,,,,,,,,,,,,,,,,,,,,,,,,,,,,,,,,,,,,,,,,,,,,,,,,,
663,2,3,3,1,2,2,3,1,1,1,70.0,,2.0,,5.0,4.0,2.0,,,,,6.0,,,1.0,1.0,,,,,2.0,4.0,5.0,,,,15.0,,1.0,,4.0,,,,1.0,,5.0,,,,,,,,,,,1.0,1.0,1.0,1.0,1.0,1.0,7.0,2.0,3.0,3.0,3.0,5.0,6.0,6.0,4.0,2.0,40.0,50.0,50.0,20.0,30.0,30.0,50.0,20.0,20.0,20.0,1.0,2.0,1.0,1.0,2.0,2.0,2.0,1.0,2.0,2.0,2.0,1.0,1.0,2.0,2.0,1.0,2.0,2.0,1.0,1.0,1.0,1.0,2.0,1.0,1.0,2.0,1.0,2.0,1.0,1.0,2.0,2.0,1.0,2.0,1.0,1.0,1.0,1.0,1.0,1.0
1085,5,5,5,5,5,5,5,5,2,2,,30.0,5.0,,,,,5.0,4.0,2.0,,6.0,,,1.0,,2.0,,,,2.0,5.0,5.0,,,,15.0,,,1.0,,,2.0,1.0,,,5.0,,,,,,,,,,,1.0,1.0,1.0,1.0,1.0,1.0,7.0,3.0,3.0,3.0,3.0,5.0,6.0,6.0,4.0,,,,,,,,,,,,1.0,2.0,1.0,2.0,1.0,2.0,2.0,1.0,1.0,2.0,2.0,1.0,1.0,2.0,2.0,2.0,1.0,1.0,2.0,1.0,2.0,1.0,1.0,1.0,1.0,1.0,1.0,1.0,1.0,1.0,1.0,2.0,2.0,2.0,1.0,1.0,1.0,1.0,1.0,1.0
1310,4,4,5,4,4,5,5,4,2,2,,30.0,,2.0,,,,,,,,6.0,,,1.0,1.0,,,,,2.0,5.0,5.0,,,,,15.0,,1.0,4.0,,,,1.0,,5.0,,,,,,,,,,,1.0,1.0,1.0,1.0,1.0,1.0,6.0,3.0,2.0,3.0,3.0,5.0,6.0,6.0,4.0,2.0,65.0,60.0,70.0,60.0,60.0,70.0,70.0,60.0,40.0,40.0,1.0,2.0,1.0,1.0,1.0,2.0,1.0,1.0,1.0,1.0,1.0,1.0,2.0,1.0,2.0,1.0,2.0,1.0,1.0,1.0,2.0,1.0,1.0,2.0,1.0,1.0,1.0,1.0,2.0,1.0,1.0,2.0,2.0,2.0,1.0,1.0,1.0,2.0,1.0,2.0
1699,5,5,5,5,5,5,5,5,2,3,,30.0,2.0,,5.0,4.0,2.0,,,,6.0,,1.0,54.0,,,2.0,,,,3.0,5.0,5.0,,,,15.0,,1.0,,4.0,,,1.0,,,5.0,1.0,1.0,1.0,1.0,1.0,1.0,1.0,1.0,1.0,1.0,,,,,,,6.0,3.0,3.0,3.0,3.0,5.0,6.0,6.0,3.0,,,,,,,,,,,,1.0,1.0,2.0,1.0,2.0,1.0,1.0,1.0,1.0,1.0,1.0,2.0,1.0,1.0,2.0,1.0,2.0,1.0,1.0,1.0,1.0,1.0,1.0,1.0,1.0,1.0,1.0,1.0,2.0,2.0,1.0,1.0,2.0,1.0,1.0,1.0,1.0,1.0,1.0,1.0
1263,5,5,5,5,5,5,5,5,2,2,70.0,,,2.0,,,,,,,,6.0,1.0,54.0,,1.0,,,,,,,,2.0,5.0,5.0,,10.0,,1.0,4.0,,,1.0,,,5.0,,,,,,,,,,,1.0,1.0,1.0,1.0,1.0,1.0,7.0,3.0,3.0,3.0,3.0,5.0,6.0,6.0,4.0,2.0,75.0,75.0,80.0,80.0,75.0,80.0,80.0,70.0,40.0,40.0,2.0,1.0,2.0,1.0,1.0,2.0,2.0,1.0,1.0,1.0,1.0,1.0,2.0,1.0,2.0,2.0,1.0,1.0,2.0,1.0,1.0,2.0,1.0,1.0,2.0,1.0,1.0,1.0,2.0,1.0,1.0,1.0,2.0,1.0,2.0,2.0,1.0,1.0,2.0,1.0
1984,2,4,4,2,3,3,4,2,2,2,70.0,,5.0,,,,,5.0,4.0,2.0,,6.0,1.0,54.0,,,2.0,,,,2.0,5.0,5.0,,,,15.0,,,1.0,,4.0,,,1.0,,5.0,1.0,1.0,1.0,1.0,1.0,1.0,1.0,1.0,1.0,1.0,,,,,,,6.0,3.0,3.0,3.0,3.0,5.0,5.0,5.0,4.0,,,,,,,,,,,,1.0,1.0,2.0,1.0,1.0,1.0,2.0,1.0,1.0,1.0,1.0,1.0,2.0,2.0,1.0,1.0,1.0,1.0,2.0,2.0,1.0,1.0,1.0,1.0,1.0,1.0,1.0,2.0,1.0,1.0,1.0,1.0,1.0,2.0,1.0,1.0,1.0,1.0,1.0,2.0
258,1,1,1,1,1,2,2,1,4,4,70.0,,1.0,,5.0,4.0,2.0,,,,,6.0,,,1.0,1.0,,,,,1.0,5.0,5.0,,,,15.0,,1.0,,4.0,,,,1.0,,,,,,,,,,,,,,,,,,,,,,,,,,,,,,,,,,,,,,,,,,,,,,,,,,,,,,,,,,,,,,,,,,,,,,,,,,,,,,
537,5,5,5,5,5,5,5,5,1,1,70.0,,6.0,,5.0,4.0,2.0,,,,6.0,,,,1.0,1.0,,3.0,5.0,5.0,,,,,,,,15.0,1.0,,,,2.0,,1.0,,5.0,1.0,1.0,1.0,1.0,1.0,1.0,1.0,1.0,1.0,1.0,,,,,,,7.0,3.0,3.0,3.0,3.0,5.0,6.0,6.0,4.0,2.0,75.0,75.0,75.0,80.0,80.0,85.0,80.0,70.0,30.0,30.0,2.0,1.0,2.0,2.0,1.0,2.0,1.0,1.0,2.0,2.0,1.0,2.0,1.0,2.0,1.0,2.0,1.0,1.0,1.0,2.0,2.0,1.0,1.0,2.0,1.0,1.0,2.0,1.0,2.0,2.0,1.0,1.0,1.0,2.0,1.0,2.0,1.0,2.0,1.0,2.0
444,2,4,4,1,3,2,4,2,1,1,,30.0,5.0,,5.0,4.0,2.0,,,,6.0,,1.0,54.0,,1.0,,,,,2.0,4.0,5.0,,,,,15.0,1.0,,,,3.0,1.0,,5.0,,,,,,,,,,,,1.0,1.0,1.0,1.0,1.0,1.0,6.0,3.0,2.0,3.0,3.0,5.0,6.0,6.0,4.0,2.0,40.0,60.0,60.0,20.0,40.0,40.0,60.0,30.0,20.0,20.0,1.0,2.0,1.0,1.0,2.0,1.0,2.0,1.0,1.0,1.0,2.0,1.0,1.0,1.0,2.0,2.0,1.0,1.0,1.0,2.0,1.0,2.0,1.0,1.0,1.0,1.0,1.0,1.0,1.0,1.0,1.0,1.0,1.0,2.0,1.0,1.0,2.0,1.0,1.0,2.0
1658,4,4,4,2,3,5,4,3,2,2,70.0,,,2.0,,,,,,,,6.0,,,1.0,1.0,,,,,3.0,4.0,5.0,,,,15.0,,,1.0,4.0,,,1.0,,5.0,,1.0,1.0,1.0,1.0,1.0,1.0,1.0,1.0,1.0,1.0,,,,,,,6.0,3.0,3.0,3.0,3.0,5.0,6.0,6.0,4.0,2.0,65.0,60.0,60.0,40.0,50.0,70.0,60.0,50.0,40.0,40.0,1.0,2.0,1.0,1.0,2.0,2.0,2.0,1.0,2.0,2.0,1.0,1.0,1.0,2.0,1.0,1.0,2.0,1.0,1.0,2.0,2.0,2.0,1.0,2.0,1.0,1.0,1.0,2.0,1.0,2.0,1.0,1.0,1.0,1.0,1.0,1.0,1.0,1.0,2.0,1.0
1137,5,5,5,4,4,5,5,5,2,2,40.0,,5.0,,,,,4.0,3.0,2.0,6.0,,,,1.0,1.0,,,,,,,,2.0,5.0,5.0,,15.0,,1.0,,4.0,,,1.0,,5.0,1.0,1.0,1.0,1.0,1.0,1.0,1.0,1.0,1.0,1.0,,,,,,,7.0,3.0,3.0,3.0,3.0,5.0,6.0,6.0,4.0,2.0,75.0,75.0,75.0,65.0,65.0,75.0,75.0,75.0,40.0,40.0,1.0,2.0,2.0,1.0,2.0,2.0,1.0,1.0,1.0,1.0,1.0,2.0,2.0,1.0,1.0,2.0,1.0,1.0,1.0,1.0,1.0,1.0,1.0,1.0,2.0,1.0,1.0,1.0,1.0,1.0,1.0,2.0,1.0,1.0,1.0,1.0,2.0,1.0,1.0,1.0
1044,4,4,4,2,3,4,4,3,2,2,70.0,,,2.0,,,,,,,,6.0,1.0,54.0,,,2.0,3.0,4.0,5.0,,,,,,,15.0,,1.0,,4.0,,,,1.0,4.0,,1.0,1.0,1.0,1.0,1.0,1.0,1.0,1.0,1.0,1.0,,,,,,,6.0,3.0,3.0,3.0,3.0,5.0,5.0,5.0,4.0,2.0,65.0,60.0,60.0,40.0,45.0,60.0,60.0,40.0,35.0,35.0,1.0,2.0,1.0,1.0,2.0,1.0,2.0,1.0,2.0,1.0,2.0,1.0,1.0,1.0,2.0,2.0,2.0,1.0,2.0,1.0,2.0,2.0,2.0,2.0,2.0,1.0,1.0,1.0,1.0,1.0,2.0,2.0,1.0,1.0,1.0,2.0,1.0,1.0,1.0,1.0
1836,2,3,3,2,3,3,3,2,2,2,,30.0,,2.0,5.0,4.0,2.0,,,,,6.0,,,1.0,,2.0,,,,,,,3.0,4.0,5.0,15.0,,,1.0,,,3.0,,,,,,,,,,,,,,,,,,,,,,,,,,,,,,2.0,40.0,50.0,50.0,40.0,50.0,50.0,50.0,40.0,40.0,40.0,1.0,1.0,1.0,1.0,1.0,2.0,1.0,2.0,1.0,2.0,1.0,1.0,1.0,1.0,1.0,1.0,1.0,1.0,1.0,1.0,2.0,1.0,1.0,1.0,1.0,1.0,1.0,1.0,1.0,1.0,1.0,1.0,2.0,1.0,2.0,2.0,1.0,1.0,1.0,1.0
1945,4,4,4,2,3,4,4,3,2,3,,30.0,4.0,,5.0,4.0,2.0,,,,6.0,,1.0,54.0,,1.0,,,,,3.0,4.0,5.0,,,,,15.0,,1.0,,3.0,,1.0,,5.0,,,,,,,,,,,,1.0,1.0,1.0,1.0,1.0,1.0,6.0,3.0,3.0,3.0,3.0,5.0,6.0,6.0,3.0,2.0,65.0,60.0,60.0,40.0,50.0,60.0,60.0,45.0,35.0,45.0,2.0,1.0,2.0,1.0,1.0,1.0,2.0,2.0,2.0,2.0,1.0,2.0,2.0,1.0,1.0,1.0,2.0,1.0,1.0,1.0,1.0,1.0,1.0,1.0,1.0,1.0,1.0,2.0,1.0,1.0,1.0,1.0,1.0,1.0,2.0,1.0,1.0,1.0,2.0,1.0
542,4,4,4,2,3,4,4,3,2,2,,30.0,,2.0,,,,,,,6.0,,1.0,54.0,,1.0,,,,,2.0,4.0,5.0,,,,,10.0,,1.0,,3.0,,1.0,,,5.0,,,,,,,,,,,1.0,1.0,1.0,1.0,1.0,1.0,6.0,3.0,2.0,3.0,3.0,5.0,6.0,6.0,3.0,2.0,65.0,60.0,60.0,40.0,50.0,60.0,60.0,45.0,35.0,35.0,1.0,2.0,1.0,2.0,1.0,2.0,2.0,1.0,2.0,1.0,1.0,2.0,2.0,1.0,1.0,2.0,2.0,1.0,2.0,2.0,1.0,1.0,2.0,2.0,1.0,2.0,1.0,1.0,1.0,2.0,1.0,2.0,2.0,1.0,2.0,2.0,1.0,1.0,2.0,1.0
431,4,4,4,2,3,3,4,2,2,3,70.0,,,2.0,,,,,,,,,,,1.0,1.0,,,,,2.0,4.0,5.0,,,,15.0,,,1.0,,3.0,,1.0,,4.0,,,,,,,,,,,,1.0,1.0,1.0,1.0,1.0,1.0,7.0,3.0,3.0,3.0,3.0,5.0,6.0,6.0,3.0,2.0,60.0,60.0,60.0,40.0,50.0,50.0,60.0,40.0,40.0,50.0,1.0,1.0,1.0,2.0,2.0,2.0,2.0,1.0,2.0,2.0,1.0,1.0,2.0,1.0,1.0,1.0,2.0,1.0,2.0,1.0,1.0,1.0,1.0,1.0,1.0,1.0,1.0,1.0,2.0,1.0,1.0,1.0,1.0,2.0,1.0,1.0,2.0,1.0,1.0,2.0
1142,4,4,4,2,3,4,4,3,2,2,,30.0,,2.0,,,,,,,6.0,,1.0,54.0,,,2.0,,,,,,,3.0,4.0,5.0,15.0,,1.0,,4.0,,,,1.0,,5.0,1.0,1.0,1.0,1.0,1.0,1.0,1.0,1.0,1.0,1.0,,,,,,,6.0,3.0,2.0,2.0,3.0,5.0,6.0,6.0,3.0,2.0,60.0,60.0,60.0,40.0,50.0,60.0,60.0,50.0,40.0,40.0,1.0,2.0,2.0,2.0,2.0,1.0,1.0,2.0,1.0,1.0,2.0,1.0,1.0,2.0,1.0,1.0,1.0,1.0,2.0,1.0,1.0,1.0,1.0,2.0,1.0,1.0,2.0,1.0,2.0,2.0,1.0,1.0,1.0,1.0,2.0,2.0,2.0,2.0,2.0,1.0
1031,5,5,5,4,4,5,5,5,2,2,70.0,,,2.0,,,,,,,6.0,,,,1.0,,2.0,2.0,5.0,5.0,,,,,,,,15.0,,1.0,,4.0,,,1.0,,5.0,1.0,1.0,1.0,1.0,1.0,1.0,1.0,1.0,1.0,1.0,,,,,,,6.0,3.0,3.0,3.0,3.0,5.0,6.0,6.0,4.0,2.0,75.0,70.0,75.0,60.0,60.0,75.0,75.0,70.0,40.0,40.0,2.0,2.0,1.0,1.0,2.0,1.0,2.0,1.0,2.0,2.0,1.0,1.0,1.0,1.0,2.0,1.0,1.0,1.0,1.0,1.0,1.0,1.0,1.0,1.0,2.0,1.0,1.0,2.0,1.0,2.0,,,,,,,,,,
1843,2,3,3,1,2,2,3,1,4,1,,20.0,2.0,,,,,5.0,4.0,2.0,6.0,,1.0,54.0,,,2.0,2.0,4.0,5.0,,,,,,,15.0,,,1.0,4.0,,,,1.0,,5.0,1.0,1.0,1.0,1.0,1.0,1.0,1.0,1.0,1.0,1.0,,,,,,,6.0,3.0,2.0,3.0,3.0,5.0,6.0,5.0,4.0,2.0,40.0,50.0,50.0,20.0,30.0,30.0,50.0,20.0,60.0,20.0,2.0,1.0,2.0,1.0,1.0,1.0,2.0,2.0,1.0,2.0,1.0,1.0,2.0,1.0,1.0,2.0,2.0,1.0,1.0,2.0,1.0,1.0,1.0,1.0,1.0,2.0,1.0,2.0,2.0,1.0,1.0,2.0,1.0,1.0,1.0,1.0,2.0,1.0,1.0,1.0
1930,5,4,5,4,4,5,5,4,2,3,70.0,,5.0,,,,,5.0,4.0,2.0,,6.0,1.0,54.0,,,2.0,3.0,5.0,5.0,,,,,,,15.0,,,1.0,4.0,,,,1.0,5.0,,1.0,1.0,1.0,1.0,1.0,1.0,1.0,1.0,1.0,1.0,,,,,,,6.0,3.0,3.0,3.0,3.0,5.0,6.0,6.0,4.0,2.0,75.0,70.0,80.0,65.0,65.0,80.0,75.0,70.0,40.0,50.0,1.0,1.0,2.0,2.0,1.0,1.0,1.0,2.0,1.0,1.0,1.0,2.0,2.0,1.0,1.0,1.0,2.0,1.0,1.0,1.0,1.0,1.0,1.0,1.0,1.0,1.0,1.0,1.0,2.0,1.0,2.0,2.0,2.0,1.0,1.0,1.0,1.0,2.0,1.0,1.0
765,5,5,5,2,4,5,5,4,2,2,,30.0,2.0,,,,,,,,,6.0,,,1.0,1.0,,3.0,5.0,5.0,,,,,,,15.0,,1.0,,4.0,,,,1.0,5.0,,,,,,,,,,,,1.0,1.0,1.0,1.0,1.0,1.0,6.0,3.0,3.0,3.0,3.0,5.0,6.0,6.0,3.0,,,,,,,,,,,,,,,,,,,,,,,,,,,,,,,,,,,,,,,,,,,,,,,,,,,
616,5,5,5,5,5,5,5,5,2,2,70.0,,,1.0,,,,,,,6.0,,,,1.0,1.0,,,,,,,,2.0,5.0,5.0,,15.0,1.0,,4.0,,,1.0,,,5.0,1.0,1.0,1.0,1.0,1.0,1.0,1.0,1.0,1.0,1.0,,,,,,,6.0,3.0,3.0,3.0,3.0,5.0,6.0,6.0,4.0,2.0,80.0,80.0,85.0,85.0,85.0,85.0,85.0,80.0,40.0,40.0,2.0,2.0,1.0,1.0,2.0,1.0,1.0,1.0,1.0,2.0,1.0,2.0,1.0,1.0,1.0,2.0,2.0,1.0,1.0,1.0,1.0,1.0,1.0,1.0,1.0,1.0,1.0,2.0,1.0,1.0,1.0,2.0,1.0,1.0,1.0,2.0,1.0,1.0,1.0,1.0
583,4,4,4,2,3,4,4,2,2,3,,30.0,,2.0,,,,5.0,4.0,2.0,,6.0,,,1.0,,2.0,,,,,,,2.0,4.0,5.0,,15.0,1.0,,,4.0,,,1.0,5.0,,,,,,,,,,,,1.0,1.0,1.0,1.0,1.0,1.0,6.0,3.0,3.0,3.0,3.0,5.0,6.0,6.0,3.0,2.0,65.0,60.0,60.0,40.0,50.0,60.0,60.0,40.0,40.0,50.0,1.0,2.0,2.0,1.0,1.0,1.0,2.0,1.0,2.0,1.0,2.0,1.0,1.0,1.0,1.0,1.0,2.0,1.0,1.0,2.0,,,,,,,,,,,,,,,,,,,,
179,5,5,5,5,5,5,5,5,1,1,70.0,,6.0,,,,,5.0,4.0,2.0,,6.0,1.0,54.0,,,2.0,,,,2.0,5.0,5.0,,,,,15.0,,1.0,,,3.0,,1.0,5.0,,,,,,,,,,,,1.0,1.0,1.0,1.0,1.0,1.0,7.0,3.0,3.0,3.0,3.0,5.0,6.0,6.0,4.0,2.0,80.0,75.0,85.0,80.0,75.0,80.0,75.0,70.0,30.0,25.0,2.0,1.0,1.0,2.0,2.0,1.0,1.0,2.0,1.0,2.0,2.0,1.0,1.0,1.0,2.0,1.0,1.0,1.0,1.0,1.0,1.0,1.0,1.0,1.0,1.0,2.0,1.0,1.0,1.0,1.0,1.0,2.0,1.0,1.0,1.0,1.0,1.0,1.0,2.0,2.0
1365,5,5,5,5,5,5,5,5,2,2,,30.0,,2.0,,,,,,,,6.0,1.0,54.0,,1.0,,,,,2.0,5.0,5.0,,,,15.0,,,1.0,,,3.0,,1.0,5.0,,,,,,,,,,,,1.0,1.0,1.0,1.0,1.0,1.0,7.0,3.0,3.0,3.0,3.0,5.0,6.0,6.0,4.0,,,,,,,,,,,,1.0,1.0,1.0,1.0,2.0,2.0,2.0,1.0,2.0,1.0,1.0,2.0,2.0,2.0,2.0,1.0,1.0,2.0,1.0,1.0,2.0,1.0,1.0,1.0,1.0,1.0,1.0,1.0,1.0,1.0,1.0,2.0,1.0,1.0,1.0,1.0,1.0,1.0,1.0,1.0
1216,2,3,3,1,2,3,3,1,1,1,70.0,,,2.0,,,,,,,,6.0,,,1.0,,2.0,,,,2.0,4.0,5.0,,,,,15.0,,1.0,,4.0,,1.0,,5.0,,,,,,,,,,,,1.0,1.0,1.0,1.0,1.0,1.0,7.0,3.0,3.0,3.0,3.0,5.0,6.0,6.0,4.0,2.0,40.0,50.0,50.0,20.0,30.0,50.0,50.0,20.0,20.0,20.0,2.0,2.0,1.0,2.0,2.0,2.0,1.0,2.0,1.0,1.0,1.0,1.0,1.0,1.0,1.0,2.0,2.0,1.0,1.0,1.0,1.0,1.0,1.0,1.0,1.0,1.0,1.0,2.0,1.0,1.0,1.0,1.0,1.0,1.0,1.0,1.0,1.0,1.0,1.0,1.0
1183,2,3,3,2,3,3,3,2,4,4,,30.0,2.0,,,,,5.0,4.0,2.0,6.0,,1.0,54.0,,,2.0,,,,,,,3.0,4.0,5.0,15.0,,,1.0,3.0,,,1.0,,5.0,,,,,,,,,,,,1.0,1.0,1.0,1.0,1.0,1.0,6.0,3.0,2.0,3.0,3.0,5.0,6.0,6.0,4.0,2.0,40.0,50.0,50.0,40.0,50.0,50.0,50.0,40.0,60.0,60.0,1.0,1.0,1.0,1.0,2.0,2.0,1.0,1.0,2.0,1.0,1.0,2.0,1.0,1.0,2.0,1.0,2.0,2.0,1.0,1.0,1.0,1.0,1.0,2.0,1.0,1.0,1.0,1.0,2.0,2.0,1.0,1.0,1.0,1.0,1.0,1.0,1.0,1.0,1.0,2.0
1579,2,3,3,2,3,3,3,2,4,3,70.0,,2.0,,,,,5.0,4.0,2.0,,6.0,1.0,54.0,,1.0,,3.0,4.0,5.0,,,,,,,,15.0,1.0,,,,3.0,,1.0,5.0,,1.0,1.0,1.0,1.0,1.0,1.0,1.0,1.0,1.0,1.0,,,,,,,6.0,3.0,3.0,3.0,3.0,5.0,6.0,6.0,3.0,2.0,45.0,50.0,50.0,40.0,45.0,50.0,50.0,40.0,35.0,45.0,2.0,1.0,1.0,2.0,2.0,1.0,1.0,1.0,2.0,1.0,1.0,1.0,1.0,2.0,1.0,2.0,1.0,2.0,1.0,2.0,,,,,,,,,,,,,,,,,,,,
1882,2,3,3,1,2,3,3,1,1,1,,30.0,2.0,,,,,5.0,4.0,2.0,6.0,,1.0,54.0,,1.0,,2.0,4.0,5.0,,,,,,,15.0,,1.0,,,3.0,,1.0,,5.0,,,,,,,,,,,,1.0,1.0,1.0,1.0,1.0,1.0,7.0,3.0,3.0,3.0,3.0,5.0,6.0,6.0,3.0,2.0,40.0,50.0,50.0,20.0,30.0,50.0,50.0,20.0,20.0,20.0,1.0,2.0,1.0,2.0,1.0,2.0,1.0,1.0,2.0,1.0,2.0,2.0,1.0,2.0,1.0,2.0,1.0,1.0,2.0,1.0,1.0,2.0,1.0,1.0,1.0,1.0,1.0,2.0,1.0,2.0,1.0,1.0,1.0,2.0,1.0,2.0,1.0,1.0,1.0,1.0
878,2,3,3,1,2,2,3,1,4,4,30.0,,,2.0,,,,,,,,6.0,1.0,54.0,,1.0,,,,,,,,2.0,4.0,5.0,,15.0,,1.0,,4.0,,1.0,,,5.0,,,,,,,,,,,1.0,1.0,1.0,1.0,1.0,1.0,6.0,3.0,2.0,3.0,3.0,5.0,6.0,6.0,3.0,,,,,,,,,,,,2.0,2.0,2.0,2.0,1.0,1.0,1.0,1.0,1.0,1.0,1.0,1.0,2.0,1.0,1.0,2.0,2.0,1.0,1.0,1.0,1.0,1.0,1.0,1.0,1.0,1.0,2.0,1.0,1.0,2.0,1.0,1.0,1.0,1.0,2.0,,,,,
1174,5,5,5,3,4,5,5,4,2,2,70.0,,,2.0,,,,,,,6.0,,1.0,54.0,,1.0,,,,,,,,3.0,5.0,5.0,,15.0,,1.0,4.0,,,,1.0,,5.0,1.0,1.0,1.0,1.0,1.0,1.0,1.0,1.0,1.0,1.0,,,,,,,6.0,3.0,3.0,3.0,3.0,5.0,6.0,6.0,4.0,2.0,75.0,75.0,75.0,50.0,60.0,75.0,75.0,60.0,40.0,40.0,1.0,1.0,2.0,1.0,1.0,1.0,1.0,2.0,1.0,1.0,2.0,1.0,2.0,2.0,1.0,1.0,2.0,2.0,1.0,1.0,1.0,1.0,1.0,1.0,1.0,1.0,1.0,1.0,1.0,1.0,1.0,1.0,1.0,1.0,1.0,1.0,2.0,1.0,2.0,1.0
1007,5,5,5,4,4,5,5,5,2,2,,30.0,5.0,,5.0,4.0,2.0,,,,6.0,,,,1.0,,2.0,,,,,,,2.0,5.0,5.0,15.0,,1.0,,,3.0,,,1.0,,5.0,1.0,1.0,1.0,1.0,1.0,1.0,1.0,1.0,1.0,1.0,,,,,,,7.0,3.0,3.0,3.0,3.0,5.0,6.0,6.0,3.0,2.0,75.0,75.0,75.0,65.0,65.0,75.0,75.0,75.0,40.0,40.0,1.0,2.0,1.0,1.0,2.0,1.0,2.0,2.0,1.0,1.0,1.0,1.0,1.0,2.0,1.0,1.0,1.0,1.0,2.0,1.0,1.0,1.0,1.0,1.0,1.0,1.0,1.0,2.0,1.0,1.0,1.0,2.0,1.0,1.0,1.0,2.0,1.0,1.0,1.0,2.0
1392,5,4,5,3,4,5,5,4,2,2,,30.0,,2.0,,,,,,,6.0,,1.0,54.0,,,2.0,3.0,5.0,5.0,,,,,,,15.0,,1.0,,5.0,,,1.0,,5.0,,,,,,,,,,,,1.0,1.0,1.0,1.0,1.0,1.0,7.0,3.0,3.0,3.0,3.0,5.0,6.0,6.0,3.0,,,,,,,,,,,,2.0,1.0,2.0,1.0,1.0,2.0,1.0,2.0,2.0,1.0,2.0,2.0,1.0,1.0,1.0,2.0,1.0,1.0,2.0,1.0,1.0,2.0,2.0,1.0,2.0,1.0,2.0,1.0,2.0,1.0,2.0,2.0,1.0,1.0,1.0,2.0,2.0,1.0,1.0,1.0
1768,5,5,5,5,5,5,5,5,1,2,,30.0,,1.0,,,,,,,6.0,,1.0,54.0,,1.0,,,,,,,,2.0,5.0,5.0,,15.0,1.0,,6.0,,,1.0,,,5.0,,,,,,,,,,,1.0,1.0,1.0,1.0,1.0,1.0,7.0,3.0,2.0,3.0,3.0,5.0,6.0,6.0,4.0,2.0,75.0,75.0,75.0,75.0,75.0,75.0,75.0,75.0,25.0,35.0,1.0,1.0,2.0,2.0,1.0,2.0,1.0,1.0,1.0,2.0,2.0,1.0,2.0,1.0,1.0,1.0,1.0,2.0,1.0,1.0,2.0,1.0,1.0,1.0,1.0,1.0,1.0,1.0,1.0,1.0,1.0,1.0,1.0,2.0,1.0,1.0,1.0,2.0,1.0,1.0
574,2,3,3,1,2,2,3,1,1,1,70.0,,2.0,,5.0,4.0,2.0,,,,,6.0,1.0,54.0,,1.0,,,,,,,,2.0,4.0,5.0,,10.0,,1.0,,3.0,,1.0,,,5.0,1.0,1.0,1.0,1.0,1.0,1.0,1.0,1.0,1.0,1.0,,,,,,,6.0,3.0,3.0,3.0,3.0,5.0,6.0,6.0,4.0,2.0,40.0,50.0,50.0,20.0,30.0,30.0,50.0,20.0,20.0,20.0,2.0,1.0,2.0,1.0,1.0,1.0,2.0,1.0,1.0,1.0,1.0,2.0,2.0,1.0,1.0,1.0,1.0,1.0,1.0,2.0,1.0,1.0,1.0,1.0,1.0,1.0,2.0,1.0,2.0,1.0,1.0,1.0,1.0,1.0,1.0,1.0,1.0,2.0,1.0,1.0
407,5,4,5,5,5,5,5,4,2,2,70.0,,,,,,,5.0,4.0,2.0,6.0,,,,1.0,,2.0,2.0,5.0,5.0,,,,,,,,15.0,,1.0,,4.0,,1.0,,5.0,,1.0,1.0,1.0,1.0,1.0,1.0,1.0,1.0,1.0,1.0,,,,,,,7.0,3.0,2.0,2.0,3.0,5.0,6.0,6.0,4.0,2.0,75.0,65.0,75.0,80.0,80.0,80.0,80.0,65.0,40.0,40.0,1.0,1.0,1.0,1.0,2.0,2.0,1.0,1.0,1.0,1.0,1.0,1.0,1.0,1.0,1.0,1.0,2.0,1.0,1.0,2.0,1.0,1.0,1.0,1.0,1.0,1.0,1.0,1.0,1.0,1.0,1.0,2.0,1.0,2.0,1.0,1.0,1.0,1.0,1.0,1.0
792,2,3,3,1,2,3,3,1,1,1,,30.0,2.0,,,,,,,,6.0,,,,1.0,,2.0,2.0,3.0,4.0,,,,,,,,15.0,1.0,,,,2.0,1.0,,4.0,,1.0,1.0,1.0,1.0,1.0,1.0,1.0,1.0,1.0,1.0,,,,,,,6.0,3.0,3.0,3.0,3.0,5.0,5.0,5.0,3.0,,,,,,,,,,,,1.0,2.0,2.0,2.0,1.0,2.0,1.0,1.0,1.0,1.0,2.0,2.0,1.0,2.0,1.0,2.0,1.0,1.0,2.0,1.0,1.0,1.0,2.0,2.0,1.0,1.0,1.0,1.0,2.0,1.0,1.0,1.0,1.0,1.0,2.0,2.0,1.0,2.0,1.0,1.0
368,5,5,5,5,5,5,5,4,2,2,70.0,,,2.0,,,,,,,6.0,,,,1.0,,2.0,,,,2.0,5.0,5.0,,,,15.0,,1.0,,,3.0,,,1.0,,5.0,1.0,1.0,1.0,1.0,1.0,1.0,1.0,1.0,1.0,1.0,,,,,,,7.0,3.0,3.0,3.0,3.0,5.0,6.0,6.0,4.0,2.0,75.0,75.0,80.0,80.0,80.0,80.0,80.0,70.0,40.0,40.0,1.0,2.0,1.0,1.0,2.0,2.0,2.0,1.0,1.0,1.0,1.0,1.0,2.0,1.0,1.0,2.0,1.0,1.0,1.0,2.0,2.0,1.0,1.0,1.0,1.0,1.0,1.0,2.0,1.0,2.0,1.0,1.0,1.0,1.0,1.0,1.0,2.0,1.0,1.0,2.0
19,5,5,5,5,5,5,5,5,2,2,,30.0,,2.0,,,,,,,,6.0,,,1.0,,2.0,,,,2.0,5.0,5.0,,,,15.0,,1.0,,,,3.0,,1.0,,5.0,1.0,1.0,1.0,1.0,1.0,1.0,1.0,1.0,1.0,1.0,,,,,,,7.0,3.0,3.0,3.0,3.0,6.0,6.0,6.0,4.0,2.0,75.0,80.0,80.0,75.0,75.0,80.0,80.0,70.0,40.0,40.0,1.0,2.0,1.0,2.0,1.0,2.0,1.0,1.0,1.0,2.0,1.0,1.0,2.0,2.0,1.0,1.0,1.0,2.0,1.0,1.0,1.0,2.0,1.0,1.0,1.0,1.0,1.0,1.0,1.0,2.0,1.0,2.0,2.0,2.0,2.0,1.0,1.0,1.0,2.0,2.0
1875,5,5,5,5,5,5,5,5,1,1,70.0,,,,4.0,3.0,2.0,,,,6.0,,,,1.0,1.0,,3.0,5.0,5.0,,,,,,,15.0,,1.0,,4.0,,,,1.0,,5.0,,,,,,,,,,,1.0,1.0,1.0,1.0,1.0,1.0,7.0,3.0,3.0,3.0,3.0,5.0,6.0,6.0,4.0,2.0,,,,,,,,,,,2.0,2.0,2.0,1.0,1.0,1.0,1.0,2.0,1.0,1.0,2.0,1.0,1.0,2.0,1.0,2.0,1.0,1.0,1.0,2.0,2.0,1.0,1.0,1.0,1.0,1.0,2.0,1.0,1.0,1.0,1.0,2.0,1.0,1.0,1.0,1.0,1.0,1.0,2.0,2.0
1906,5,5,5,4,4,5,5,4,2,2,70.0,,,2.0,,,,,,,6.0,,,,1.0,1.0,,,,,,,,3.0,5.0,5.0,,12.0,1.0,,,3.0,,1.0,,5.0,,,,,,,,,,,,1.0,1.0,1.0,1.0,1.0,1.0,6.0,3.0,3.0,3.0,3.0,5.0,6.0,6.0,3.0,2.0,75.0,75.0,75.0,65.0,65.0,75.0,75.0,65.0,40.0,40.0,1.0,2.0,2.0,1.0,2.0,1.0,1.0,2.0,1.0,1.0,1.0,1.0,2.0,2.0,1.0,2.0,1.0,1.0,2.0,1.0,1.0,1.0,1.0,1.0,1.0,1.0,1.0,1.0,2.0,1.0,1.0,1.0,1.0,2.0,1.0,1.0,2.0,2.0,2.0,2.0
1353,5,5,5,5,5,5,5,5,1,1,,30.0,,2.0,,,,,,,6.0,,1.0,54.0,,,2.0,,,,,,,2.0,5.0,5.0,15.0,,1.0,,4.0,,,1.0,,,5.0,1.0,1.0,1.0,1.0,1.0,1.0,1.0,1.0,1.0,1.0,,,,,,,6.0,3.0,3.0,3.0,3.0,5.0,6.0,6.0,4.0,2.0,75.0,75.0,80.0,80.0,80.0,80.0,80.0,75.0,30.0,30.0,2.0,2.0,1.0,1.0,1.0,2.0,1.0,2.0,1.0,2.0,1.0,1.0,2.0,2.0,1.0,1.0,1.0,1.0,2.0,1.0,2.0,1.0,1.0,2.0,2.0,2.0,2.0,2.0,2.0,2.0,1.0,1.0,1.0,1.0,1.0,1.0,2.0,1.0,2.0,2.0
1220,4,4,4,2,3,5,4,2,1,2,70.0,,,2.0,,,,,,,6.0,,,,1.0,,2.0,2.0,4.0,5.0,,,,,,,15.0,,,1.0,3.0,,,1.0,,,5.0,1.0,1.0,1.0,1.0,1.0,1.0,1.0,1.0,1.0,1.0,,,,,,,6.0,3.0,2.0,2.0,3.0,5.0,6.0,6.0,3.0,,,,,,,,,,,,1.0,1.0,1.0,1.0,2.0,1.0,2.0,1.0,1.0,2.0,1.0,1.0,1.0,2.0,1.0,2.0,1.0,1.0,1.0,1.0,1.0,1.0,1.0,2.0,2.0,1.0,2.0,1.0,1.0,2.0,1.0,1.0,2.0,1.0,2.0,1.0,1.0,1.0,2.0,2.0
753,3,4,4,2,3,4,4,3,2,2,70.0,,2.0,,5.0,4.0,3.0,,,,6.0,,,,1.0,1.0,,,,,3.0,5.0,5.0,,,,15.0,,1.0,,4.0,,,1.0,,5.0,,1.0,1.0,1.0,1.0,1.0,1.0,1.0,1.0,1.0,1.0,,,,,,,6.0,3.0,3.0,3.0,3.0,5.0,6.0,6.0,3.0,,,,,,,,,,,,,,,,,,,,,,,,,,,,,,,,,,,,,,,,,,,,,,,,,,,
620,2,3,3,2,3,2,3,2,4,3,,30.0,,2.0,,,,,,,,6.0,,,1.0,1.0,,,,,,,,2.0,4.0,5.0,15.0,,,1.0,,,2.0,,1.0,5.0,,1.0,1.0,1.0,1.0,1.0,1.0,1.0,1.0,1.0,1.0,,,,,,,6.0,3.0,2.0,2.0,3.0,5.0,6.0,6.0,3.0,2.0,40.0,50.0,50.0,40.0,50.0,40.0,50.0,40.0,60.0,50.0,1.0,2.0,1.0,2.0,1.0,2.0,2.0,2.0,1.0,2.0,1.0,1.0,1.0,1.0,2.0,1.0,1.0,1.0,1.0,2.0,2.0,1.0,2.0,1.0,2.0,2.0,2.0,1.0,2.0,2.0,2.0,2.0,2.0,2.0,1.0,1.0,1.0,1.0,2.0,2.0
1449,5,5,5,5,5,5,5,5,2,2,70.0,,,,,,,,,,,6.0,,,1.0,1.0,,3.0,5.0,5.0,,,,,,,15.0,,,1.0,,4.0,,1.0,,,5.0,,,,,,,,,,,1.0,1.0,1.0,1.0,1.0,1.0,6.0,3.0,3.0,3.0,3.0,5.0,5.0,5.0,4.0,2.0,85.0,80.0,85.0,85.0,85.0,85.0,85.0,80.0,30.0,30.0,1.0,2.0,1.0,1.0,2.0,2.0,2.0,2.0,1.0,1.0,1.0,1.0,1.0,1.0,1.0,1.0,2.0,2.0,1.0,1.0,1.0,1.0,1.0,2.0,1.0,1.0,2.0,2.0,2.0,2.0,2.0,2.0,1.0,1.0,2.0,1.0,1.0,2.0,2.0,2.0
1326,5,5,5,5,5,5,5,5,2,3,40.0,,,2.0,,,,,,,6.0,,,,1.0,,2.0,,,,,,,2.0,5.0,5.0,,15.0,1.0,,,4.0,,1.0,,,5.0,,,,,,,,,,,1.0,1.0,1.0,1.0,1.0,1.0,6.0,3.0,2.0,2.0,3.0,5.0,6.0,6.0,4.0,,,,,,,,,,,,1.0,2.0,1.0,2.0,1.0,1.0,2.0,1.0,1.0,1.0,2.0,2.0,1.0,1.0,2.0,1.0,2.0,1.0,1.0,1.0,1.0,2.0,1.0,1.0,2.0,1.0,1.0,1.0,2.0,1.0,2.0,2.0,1.0,1.0,2.0,1.0,1.0,1.0,1.0,1.0
1255,5,5,5,5,5,5,5,4,2,3,,30.0,5.0,,5.0,4.0,2.0,,,,,6.0,,,1.0,,2.0,,,,3.0,5.0,5.0,,,,15.0,,1.0,,4.0,,,1.0,,,5.0,,,,,,,,,,,1.0,1.0,1.0,1.0,1.0,1.0,7.0,3.0,3.0,3.0,3.0,5.0,6.0,6.0,4.0,2.0,75.0,75.0,80.0,80.0,80.0,85.0,80.0,70.0,40.0,50.0,1.0,1.0,2.0,2.0,1.0,1.0,1.0,1.0,1.0,2.0,2.0,2.0,1.0,2.0,1.0,1.0,2.0,1.0,1.0,1.0,1.0,1.0,1.0,1.0,1.0,1.0,1.0,1.0,1.0,2.0,1.0,1.0,1.0,1.0,1.0,1.0,1.0,2.0,1.0,1.0
726,2,3,3,2,3,3,3,2,4,2,,30.0,,2.0,,,,,,,6.0,,,,1.0,1.0,,,,,2.0,4.0,5.0,,,,,15.0,1.0,,,,2.0,,1.0,5.0,,1.0,1.0,1.0,1.0,1.0,1.0,1.0,1.0,1.0,1.0,,,,,,,6.0,3.0,2.0,3.0,3.0,5.0,6.0,5.0,3.0,2.0,40.0,50.0,50.0,30.0,40.0,50.0,50.0,30.0,60.0,30.0,1.0,1.0,1.0,2.0,1.0,2.0,2.0,1.0,2.0,1.0,1.0,2.0,1.0,1.0,1.0,2.0,2.0,2.0,1.0,2.0,2.0,2.0,2.0,2.0,1.0,1.0,2.0,2.0,1.0,1.0,2.0,1.0,2.0,2.0,1.0,2.0,1.0,1.0,2.0,1.0
655,5,5,5,4,4,5,5,5,2,2,,30.0,,2.0,,,,,,,6.0,,1.0,54.0,,,2.0,2.0,5.0,5.0,,,,,,,15.0,,1.0,,,,,,,,,,,,,,,,,,,,,,,,,,,,,,,,,,,,,,,,,,,,,,,,,,,,,,,,,,,,,,,,,,,,,,,,,,,,,,,,,,,,
948,2,3,3,2,3,3,3,2,2,2,,30.0,2.0,,5.0,4.0,2.0,,,,6.0,,1.0,54.0,,,2.0,3.0,4.0,5.0,,,,,,,,12.0,1.0,,4.0,,,1.0,,5.0,,,,,,,,,,,,,,,,,,,,,,,,,,,,,,,,,,,,,,2.0,1.0,2.0,2.0,1.0,2.0,1.0,2.0,1.0,1.0,1.0,1.0,1.0,2.0,1.0,1.0,1.0,1.0,1.0,1.0,1.0,1.0,1.0,1.0,1.0,1.0,1.0,1.0,1.0,1.0,1.0,1.0,1.0,1.0,2.0,1.0,1.0,1.0,1.0,1.0
1294,4,4,4,3,3,5,4,3,2,2,,40.0,,2.0,5.0,4.0,2.0,,,,6.0,,1.0,54.0,,,2.0,,,,2.0,4.0,5.0,,,,,12.0,,1.0,4.0,,,,1.0,5.0,,,,,,,,,,,,1.0,1.0,1.0,1.0,1.0,1.0,7.0,3.0,3.0,3.0,3.0,5.0,6.0,6.0,3.0,2.0,65.0,60.0,60.0,50.0,50.0,70.0,60.0,50.0,40.0,40.0,1.0,2.0,2.0,2.0,2.0,2.0,1.0,1.0,2.0,1.0,1.0,2.0,1.0,2.0,2.0,1.0,2.0,2.0,2.0,2.0,2.0,1.0,1.0,1.0,1.0,2.0,1.0,2.0,1.0,1.0,2.0,1.0,1.0,1.0,1.0,1.0,1.0,1.0,1.0,1.0
1101,5,5,5,4,4,5,5,5,1,2,,30.0,,2.0,,,,,,,6.0,,,,1.0,1.0,,2.0,5.0,5.0,,,,,,,15.0,,,1.0,,,3.0,1.0,,,5.0,,,,,,,,,,,1.0,1.0,1.0,1.0,1.0,1.0,7.0,3.0,3.0,3.0,3.0,5.0,6.0,6.0,3.0,,,,,,,,,,,,1.0,1.0,1.0,2.0,2.0,1.0,2.0,2.0,1.0,2.0,2.0,1.0,1.0,2.0,1.0,2.0,1.0,1.0,1.0,1.0,1.0,1.0,1.0,1.0,2.0,1.0,2.0,1.0,2.0,1.0,1.0,1.0,1.0,1.0,1.0,1.0,1.0,1.0,1.0,1.0
1488,5,5,5,4,4,5,5,4,2,2,,30.0,5.0,,5.0,4.0,2.0,,,,,6.0,1.0,54.0,,1.0,,3.0,5.0,5.0,,,,,,,,15.0,1.0,,,3.0,,,1.0,,5.0,1.0,1.0,1.0,1.0,1.0,1.0,1.0,1.0,1.0,1.0,,,,,,,6.0,3.0,3.0,3.0,3.0,5.0,6.0,6.0,3.0,2.0,70.0,70.0,70.0,60.0,60.0,70.0,70.0,60.0,40.0,40.0,2.0,1.0,2.0,1.0,1.0,2.0,2.0,1.0,2.0,2.0,1.0,1.0,2.0,1.0,2.0,1.0,2.0,1.0,2.0,1.0,2.0,1.0,2.0,1.0,1.0,1.0,2.0,1.0,1.0,2.0,2.0,1.0,1.0,1.0,1.0,1.0,1.0,1.0,1.0,1.0
1072,5,5,5,5,5,5,5,5,2,2,70.0,,,1.0,,,,,,,,6.0,,,1.0,1.0,,3.0,5.0,5.0,,,,,,,,15.0,1.0,,,3.0,,1.0,,,5.0,1.0,1.0,1.0,1.0,1.0,1.0,1.0,1.0,1.0,1.0,,,,,,,6.0,3.0,3.0,3.0,3.0,5.0,6.0,6.0,4.0,,,,,,,,,,,,1.0,2.0,1.0,2.0,1.0,1.0,2.0,2.0,2.0,2.0,2.0,1.0,1.0,1.0,2.0,2.0,1.0,2.0,1.0,1.0,,,,,,,,,,,,,,,,,,,,
694,5,5,5,5,5,5,5,5,1,2,,30.0,5.0,,5.0,4.0,2.0,,,,,6.0,1.0,54.0,,,2.0,,,,2.0,5.0,5.0,,,,15.0,,1.0,,4.0,,,1.0,,5.0,,1.0,1.0,1.0,1.0,1.0,1.0,1.0,1.0,1.0,1.0,,,,,,,7.0,3.0,3.0,3.0,3.0,5.0,6.0,6.0,4.0,2.0,80.0,80.0,80.0,80.0,80.0,80.0,80.0,80.0,20.0,30.0,2.0,1.0,2.0,2.0,2.0,2.0,1.0,1.0,1.0,1.0,1.0,1.0,1.0,1.0,2.0,2.0,1.0,2.0,1.0,1.0,1.0,1.0,1.0,1.0,1.0,1.0,2.0,1.0,2.0,1.0,2.0,1.0,2.0,1.0,1.0,1.0,1.0,1.0,1.0,1.0
501,5,5,5,4,4,5,5,4,2,2,70.0,,,2.0,,,,,,,,6.0,1.0,54.0,,1.0,,3.0,5.0,5.0,,,,,,,15.0,,1.0,,,3.0,,1.0,,5.0,,,,,,,,,,,,1.0,1.0,1.0,1.0,1.0,1.0,7.0,3.0,3.0,3.0,3.0,5.0,6.0,6.0,4.0,2.0,75.0,70.0,75.0,65.0,65.0,75.0,75.0,65.0,40.0,40.0,1.0,2.0,1.0,2.0,1.0,1.0,1.0,1.0,1.0,1.0,1.0,2.0,2.0,1.0,2.0,2.0,1.0,1.0,1.0,1.0,1.0,1.0,1.0,1.0,2.0,2.0,1.0,1.0,1.0,1.0,1.0,1.0,1.0,2.0,2.0,1.0,2.0,1.0,1.0,1.0
472,2,3,3,1,2,2,3,2,1,1,,30.0,,2.0,,,,,,,6.0,,1.0,54.0,,,2.0,,,,3.0,4.0,5.0,,,,15.0,,1.0,,,4.0,,,1.0,5.0,,,,,,,,,,,,1.0,1.0,1.0,1.0,1.0,1.0,6.0,3.0,2.0,3.0,3.0,5.0,6.0,6.0,4.0,,,,,,,,,,,,1.0,2.0,2.0,1.0,2.0,2.0,1.0,1.0,1.0,2.0,1.0,2.0,2.0,1.0,1.0,1.0,1.0,1.0,2.0,1.0,2.0,1.0,2.0,1.0,2.0,1.0,2.0,1.0,1.0,2.0,1.0,1.0,1.0,1.0,2.0,1.0,1.0,2.0,1.0,1.0
989,4,4,4,3,4,4,4,3,2,2,70.0,,,2.0,,,,,,,6.0,,,,1.0,,2.0,3.0,4.0,5.0,,,,,,,15.0,,1.0,,4.0,,,,1.0,,5.0,,,,,,,,,,,1.0,1.0,1.0,1.0,1.0,1.0,6.0,3.0,3.0,3.0,3.0,5.0,6.0,6.0,4.0,2.0,70.0,65.0,65.0,50.0,60.0,65.0,65.0,50.0,40.0,40.0,1.0,1.0,2.0,1.0,2.0,2.0,1.0,2.0,1.0,1.0,1.0,2.0,2.0,1.0,2.0,1.0,1.0,2.0,2.0,2.0,1.0,1.0,1.0,1.0,2.0,2.0,1.0,1.0,1.0,1.0,2.0,1.0,1.0,1.0,1.0,1.0,1.0,2.0,2.0,2.0
1800,5,5,5,4,4,5,5,5,2,2,70.0,,,,,,,,,,,6.0,1.0,54.0,,1.0,,,,,,,,3.0,5.0,5.0,,15.0,,1.0,,,2.0,1.0,,5.0,,1.0,1.0,1.0,1.0,1.0,1.0,1.0,1.0,1.0,1.0,,,,,,,6.0,3.0,3.0,3.0,3.0,5.0,6.0,6.0,3.0,,,,,,,,,,,,2.0,1.0,2.0,1.0,1.0,1.0,2.0,1.0,2.0,2.0,1.0,1.0,1.0,1.0,1.0,2.0,1.0,2.0,1.0,1.0,,,,,,,,,,,,,,,,,,,,
1973,5,5,5,4,4,5,5,4,2,3,70.0,,5.0,,,,,,,,6.0,,1.0,54.0,,,2.0,,,,,,,3.0,5.0,5.0,,15.0,1.0,,,,,,,,,,,,,,,,,,,,,,,,,,,,,,,,,,,,,,,,,,,,,1.0,1.0,2.0,2.0,1.0,1.0,1.0,2.0,2.0,1.0,1.0,2.0,2.0,1.0,1.0,1.0,1.0,1.0,1.0,1.0,1.0,1.0,1.0,1.0,2.0,1.0,1.0,1.0,1.0,2.0,1.0,1.0,1.0,2.0,1.0,1.0,1.0,1.0,1.0,1.0
831,2,3,3,1,2,2,3,1,4,2,70.0,,2.0,,5.0,4.0,2.0,,,,,6.0,,,1.0,1.0,,,,,,,,2.0,4.0,5.0,,12.0,,1.0,,4.0,,1.0,,5.0,,1.0,1.0,1.0,1.0,1.0,1.0,1.0,1.0,1.0,1.0,,,,,,,6.0,3.0,2.0,2.0,3.0,5.0,6.0,6.0,3.0,2.0,40.0,50.0,50.0,30.0,40.0,40.0,50.0,30.0,60.0,40.0,2.0,1.0,2.0,1.0,1.0,1.0,2.0,1.0,1.0,1.0,2.0,2.0,1.0,2.0,1.0,1.0,2.0,1.0,1.0,2.0,2.0,1.0,1.0,2.0,1.0,2.0,1.0,1.0,2.0,1.0,1.0,2.0,2.0,1.0,1.0,2.0,2.0,1.0,1.0,1.0
942,5,5,5,5,5,5,5,5,2,3,,30.0,,2.0,,,,,,,,6.0,,,1.0,1.0,,,,,2.0,5.0,5.0,,,,15.0,,1.0,,,,,,,,,,,,,,,,,,,,,,,,,,,,,,,,,,,,,,,,,,,,,,,,,,,,,,,,,,,,,,,,,,,,,,,,,,,,,,,,,,,,
1530,4,4,4,2,3,4,4,3,2,2,,30.0,5.0,,,,,5.0,4.0,2.0,,6.0,1.0,54.0,,1.0,,,,,2.0,5.0,5.0,,,,15.0,,,1.0,,,3.0,1.0,,,5.0,1.0,1.0,1.0,1.0,1.0,1.0,1.0,1.0,1.0,1.0,,,,,,,6.0,3.0,2.0,2.0,3.0,5.0,6.0,6.0,4.0,,,,,,,,,,,,2.0,1.0,2.0,2.0,2.0,1.0,1.0,1.0,2.0,1.0,1.0,1.0,1.0,2.0,1.0,2.0,1.0,1.0,1.0,1.0,1.0,2.0,1.0,1.0,1.0,1.0,1.0,1.0,1.0,2.0,1.0,1.0,1.0,2.0,2.0,1.0,1.0,1.0,1.0,1.0
1443,5,5,5,5,5,5,5,5,2,2,,30.0,,2.0,,,,,,,6.0,,,,1.0,1.0,,3.0,5.0,5.0,,,,,,,15.0,,,1.0,,,3.0,,1.0,,5.0,,,,,,,,,,,1.0,1.0,1.0,1.0,1.0,1.0,7.0,3.0,3.0,3.0,3.0,5.0,6.0,6.0,4.0,2.0,80.0,80.0,85.0,85.0,80.0,85.0,85.0,80.0,30.0,30.0,1.0,1.0,1.0,1.0,2.0,2.0,1.0,1.0,1.0,1.0,2.0,1.0,2.0,2.0,1.0,1.0,2.0,1.0,2.0,1.0,1.0,2.0,1.0,2.0,1.0,1.0,2.0,1.0,1.0,2.0,1.0,2.0,1.0,2.0,2.0,1.0,2.0,1.0,2.0,1.0
130,4,4,4,2,3,4,4,3,2,2,70.0,,2.0,,,,,5.0,4.0,2.0,,6.0,,,1.0,1.0,,,,,,,,3.0,4.0,5.0,,15.0,,1.0,,3.0,,1.0,,,5.0,1.0,1.0,1.0,1.0,1.0,1.0,1.0,1.0,1.0,1.0,,,,,,,6.0,3.0,3.0,3.0,3.0,5.0,6.0,6.0,3.0,2.0,65.0,60.0,60.0,40.0,45.0,60.0,60.0,45.0,35.0,35.0,1.0,2.0,1.0,1.0,2.0,1.0,1.0,1.0,1.0,1.0,1.0,1.0,1.0,1.0,1.0,1.0,1.0,1.0,1.0,1.0,2.0,1.0,1.0,1.0,1.0,1.0,1.0,1.0,2.0,1.0,1.0,1.0,1.0,1.0,1.0,1.0,1.0,1.0,1.0,1.0
66,4,4,4,2,3,4,4,3,2,2,70.0,,5.0,,5.0,4.0,3.0,,,,6.0,,,,1.0,,2.0,3.0,4.0,5.0,,,,,,,15.0,,,1.0,4.0,,,1.0,,5.0,,,,,,,,,,,,1.0,1.0,1.0,1.0,1.0,1.0,6.0,3.0,3.0,3.0,3.0,5.0,6.0,6.0,4.0,,,,,,,,,,,,1.0,2.0,2.0,1.0,1.0,1.0,1.0,2.0,2.0,1.0,1.0,1.0,1.0,1.0,1.0,1.0,1.0,2.0,1.0,1.0,1.0,2.0,1.0,1.0,2.0,2.0,2.0,1.0,2.0,2.0,2.0,1.0,1.0,1.0,1.0,1.0,1.0,1.0,2.0,1.0
983,2,3,3,1,2,2,3,1,1,1,,30.0,5.0,,,,,5.0,4.0,2.0,6.0,,1.0,54.0,,1.0,,,,,2.0,4.0,5.0,,,,,15.0,1.0,,,4.0,,,1.0,5.0,,,,,,,,,,,,1.0,1.0,1.0,1.0,1.0,1.0,6.0,3.0,3.0,3.0,3.0,5.0,6.0,6.0,4.0,2.0,40.0,50.0,50.0,20.0,30.0,30.0,50.0,20.0,20.0,20.0,1.0,1.0,2.0,2.0,1.0,2.0,1.0,1.0,2.0,1.0,1.0,1.0,1.0,2.0,1.0,1.0,1.0,1.0,1.0,1.0,1.0,1.0,1.0,2.0,1.0,1.0,1.0,1.0,2.0,1.0,1.0,1.0,1.0,2.0,1.0,1.0,1.0,2.0,1.0,1.0
2017,5,5,5,5,5,5,5,4,2,2,,30.0,5.0,,5.0,4.0,2.0,,,,6.0,,,,1.0,1.0,,3.0,5.0,5.0,,,,,,,15.0,,,1.0,,3.0,,1.0,,,5.0,1.0,1.0,1.0,1.0,1.0,1.0,1.0,1.0,1.0,1.0,,,,,,,6.0,3.0,3.0,3.0,3.0,5.0,6.0,6.0,4.0,,,,,,,,,,,,2.0,1.0,2.0,2.0,1.0,1.0,2.0,2.0,2.0,1.0,1.0,2.0,1.0,2.0,2.0,1.0,1.0,1.0,2.0,2.0,1.0,2.0,2.0,1.0,1.0,1.0,1.0,2.0,1.0,2.0,1.0,1.0,1.0,1.0,1.0,1.0,1.0,1.0,1.0,1.0
1979,5,5,5,5,5,5,5,5,1,2,70.0,,,2.0,,,,,,,,6.0,1.0,54.0,,,2.0,,,,,,,2.0,5.0,5.0,15.0,,,1.0,,,3.0,,1.0,5.0,,,,,,,,,,,,1.0,1.0,1.0,1.0,1.0,1.0,6.0,3.0,2.0,2.0,3.0,5.0,6.0,6.0,4.0,2.0,80.0,75.0,85.0,80.0,75.0,80.0,80.0,70.0,30.0,40.0,1.0,1.0,1.0,1.0,2.0,2.0,2.0,2.0,2.0,1.0,1.0,1.0,2.0,1.0,2.0,1.0,1.0,2.0,1.0,1.0,2.0,1.0,1.0,2.0,1.0,2.0,1.0,2.0,1.0,1.0,1.0,2.0,2.0,1.0,1.0,1.0,1.0,1.0,1.0,2.0
1717,4,4,4,2,3,4,4,2,2,3,70.0,,2.0,,5.0,4.0,2.0,,,,6.0,,1.0,54.0,,1.0,,,,,2.0,4.0,5.0,,,,,15.0,,1.0,,,3.0,,1.0,5.0,,1.0,1.0,1.0,1.0,1.0,1.0,1.0,1.0,1.0,1.0,,,,,,,6.0,3.0,3.0,3.0,3.0,5.0,6.0,6.0,3.0,2.0,65.0,60.0,60.0,40.0,50.0,60.0,60.0,40.0,40.0,50.0,1.0,1.0,2.0,1.0,2.0,2.0,1.0,1.0,2.0,1.0,2.0,1.0,2.0,1.0,1.0,1.0,1.0,1.0,1.0,1.0,2.0,2.0,1.0,2.0,1.0,1.0,2.0,2.0,2.0,2.0,1.0,2.0,1.0,1.0,1.0,1.0,1.0,2.0,2.0,1.0
1664,5,5,5,4,4,5,5,5,2,2,,30.0,5.0,,,,,5.0,4.0,2.0,6.0,,1.0,54.0,,,2.0,,,,,,,2.0,5.0,5.0,,10.0,1.0,,,,3.0,1.0,,5.0,,,,,,,,,,,,1.0,1.0,1.0,1.0,1.0,1.0,6.0,3.0,3.0,3.0,3.0,5.0,6.0,6.0,4.0,2.0,75.0,75.0,75.0,65.0,65.0,75.0,75.0,75.0,40.0,40.0,2.0,1.0,1.0,2.0,2.0,2.0,1.0,1.0,1.0,1.0,1.0,2.0,2.0,1.0,1.0,1.0,1.0,2.0,2.0,1.0,1.0,1.0,1.0,1.0,1.0,2.0,1.0,2.0,1.0,1.0,1.0,1.0,2.0,2.0,2.0,1.0,1.0,1.0,1.0,1.0
1078,5,5,5,5,5,5,5,5,2,2,70.0,,5.0,,5.0,4.0,2.0,,,,,6.0,1.0,54.0,,,2.0,3.0,5.0,5.0,,,,,,,,15.0,1.0,,,,3.0,,1.0,5.0,,,,,,,,,,,,1.0,1.0,1.0,1.0,1.0,1.0,7.0,3.0,3.0,3.0,3.0,5.0,6.0,6.0,4.0,2.0,80.0,80.0,85.0,85.0,85.0,85.0,85.0,80.0,40.0,40.0,1.0,1.0,2.0,1.0,2.0,2.0,1.0,1.0,1.0,2.0,1.0,1.0,2.0,1.0,1.0,2.0,2.0,1.0,1.0,1.0,1.0,2.0,2.0,1.0,2.0,1.0,1.0,2.0,2.0,1.0,1.0,1.0,1.0,1.0,1.0,1.0,1.0,1.0,2.0,1.0
1482,3,4,4,2,3,4,4,2,2,3,70.0,,5.0,,,,,5.0,4.0,2.0,6.0,,1.0,54.0,,,2.0,,,,,,,3.0,4.0,5.0,15.0,,1.0,,,4.0,,1.0,,5.0,,,,,,,,,,,,1.0,1.0,1.0,1.0,1.0,1.0,6.0,3.0,3.0,3.0,3.0,5.0,6.0,6.0,3.0,,,,,,,,,,,,1.0,2.0,2.0,1.0,1.0,2.0,2.0,1.0,2.0,1.0,1.0,1.0,2.0,1.0,1.0,1.0,1.0,1.0,2.0,1.0,2.0,1.0,1.0,1.0,2.0,1.0,2.0,1.0,1.0,1.0,2.0,1.0,2.0,1.0,1.0,1.0,1.0,1.0,2.0,1.0
317,5,5,5,4,4,5,5,5,1,2,70.0,,,2.0,,,,,,,6.0,,1.0,54.0,,1.0,,,,,,,,2.0,5.0,5.0,,15.0,1.0,,,,3.0,1.0,,,5.0,1.0,1.0,1.0,1.0,1.0,1.0,1.0,1.0,1.0,1.0,,,,,,,7.0,3.0,2.0,2.0,3.0,5.0,6.0,6.0,4.0,,,,,,,,,,,,,,,,,,,,,,,,,,,,,,,,,,,,,,,,,,,,,,,,,,,
264,5,5,5,4,4,5,5,4,2,2,70.0,,,2.0,,,,,,,,6.0,1.0,54.0,,1.0,,,,,2.0,5.0,5.0,,,,,15.0,1.0,,,3.0,,1.0,,5.0,,,,,,,,,,,,1.0,1.0,1.0,1.0,1.0,1.0,7.0,3.0,3.0,3.0,4.0,5.0,6.0,6.0,4.0,2.0,75.0,70.0,75.0,65.0,65.0,75.0,75.0,60.0,40.0,40.0,1.0,2.0,2.0,1.0,1.0,1.0,1.0,2.0,1.0,1.0,1.0,1.0,2.0,2.0,2.0,1.0,2.0,2.0,1.0,1.0,,,,,,,,,,,,,,,,,,,,
478,5,5,5,4,4,5,5,5,1,2,,30.0,5.0,,5.0,4.0,2.0,,,,6.0,,1.0,54.0,,1.0,,,,,,,,2.0,5.0,5.0,,12.0,1.0,,,,,,,,,,,,,,,,,,,,,,,,,,,,,,,,,,,,,,,,,,,,,1.0,2.0,2.0,2.0,1.0,1.0,1.0,1.0,1.0,2.0,2.0,1.0,1.0,2.0,1.0,1.0,2.0,1.0,1.0,2.0,2.0,1.0,1.0,1.0,1.0,1.0,1.0,1.0,2.0,1.0,1.0,1.0,2.0,1.0,1.0,1.0,1.0,2.0,1.0,1.0
885,5,5,5,4,4,5,5,4,1,2,70.0,,5.0,,5.0,4.0,2.0,,,,6.0,,,,1.0,,2.0,2.0,5.0,5.0,,,,,,,15.0,,,1.0,,,3.0,,1.0,,5.0,1.0,1.0,1.0,1.0,1.0,1.0,1.0,1.0,1.0,1.0,,,,,,,6.0,3.0,2.0,2.0,3.0,5.0,6.0,6.0,4.0,2.0,75.0,70.0,75.0,60.0,60.0,75.0,70.0,60.0,30.0,40.0,1.0,1.0,1.0,1.0,1.0,2.0,2.0,1.0,1.0,1.0,1.0,1.0,1.0,2.0,1.0,1.0,1.0,1.0,1.0,2.0,2.0,1.0,1.0,1.0,2.0,2.0,1.0,1.0,1.0,1.0,2.0,1.0,1.0,1.0,1.0,1.0,1.0,1.0,1.0,1.0
13,5,5,5,2,3,4,5,3,2,2,70.0,,,2.0,,,,,,,,6.0,1.0,54.0,,1.0,,,,,2.0,5.0,5.0,,,,15.0,,1.0,,4.0,,,,1.0,5.0,,1.0,1.0,1.0,1.0,1.0,1.0,1.0,1.0,1.0,1.0,,,,,,,6.0,3.0,2.0,2.0,3.0,5.0,6.0,6.0,4.0,2.0,75.0,75.0,75.0,40.0,50.0,60.0,75.0,50.0,40.0,40.0,1.0,1.0,2.0,1.0,2.0,2.0,1.0,1.0,2.0,1.0,1.0,1.0,1.0,1.0,1.0,1.0,1.0,1.0,1.0,2.0,2.0,1.0,2.0,1.0,2.0,1.0,1.0,2.0,1.0,1.0,1.0,2.0,1.0,2.0,1.0,2.0,1.0,1.0,1.0,1.0
1584,5,5,5,5,5,5,5,5,1,1,,30.0,,2.0,,,,,,,,6.0,,,1.0,1.0,,,,,,,,3.0,5.0,,,15.0,1.0,,4.0,,,,1.0,,5.0,1.0,1.0,1.0,1.0,1.0,1.0,1.0,1.0,1.0,1.0,,,,,,,7.0,3.0,4.0,3.0,3.0,5.0,6.0,6.0,4.0,,,,,,,,,,,,1.0,1.0,1.0,1.0,2.0,1.0,2.0,1.0,1.0,2.0,2.0,2.0,2.0,1.0,1.0,2.0,1.0,1.0,1.0,2.0,1.0,2.0,2.0,1.0,1.0,1.0,2.0,1.0,2.0,1.0,1.0,2.0,2.0,1.0,1.0,1.0,1.0,1.0,1.0,1.0
1762,2,3,3,2,3,4,4,2,4,2,,30.0,,2.0,,,,,,,6.0,,,,1.0,,2.0,3.0,4.0,5.0,,,,,,,15.0,,,1.0,,,3.0,1.0,,4.0,,,,,,,,,,,,1.0,1.0,1.0,1.0,1.0,1.0,7.0,3.0,3.0,3.0,3.0,5.0,6.0,6.0,4.0,2.0,40.0,50.0,50.0,40.0,50.0,60.0,60.0,40.0,60.0,40.0,2.0,2.0,1.0,1.0,1.0,1.0,2.0,1.0,2.0,1.0,1.0,1.0,1.0,1.0,2.0,2.0,1.0,1.0,1.0,1.0,1.0,1.0,1.0,1.0,1.0,1.0,1.0,1.0,1.0,1.0,1.0,1.0,1.0,2.0,1.0,1.0,1.0,1.0,2.0,1.0
1611,5,5,5,4,4,5,5,5,2,3,,30.0,,2.0,5.0,4.0,3.0,,,,,6.0,1.0,54.0,,1.0,,3.0,5.0,5.0,,,,,,,15.0,,,1.0,4.0,,,1.0,,5.0,,1.0,1.0,1.0,1.0,1.0,1.0,1.0,1.0,1.0,1.0,,,,,,,6.0,3.0,3.0,3.0,3.0,5.0,6.0,6.0,4.0,2.0,75.0,75.0,75.0,65.0,65.0,75.0,75.0,75.0,40.0,50.0,1.0,1.0,1.0,1.0,1.0,1.0,1.0,1.0,1.0,1.0,1.0,1.0,1.0,1.0,1.0,1.0,1.0,1.0,1.0,1.0,1.0,1.0,1.0,1.0,1.0,1.0,1.0,1.0,1.0,1.0,1.0,1.0,1.0,1.0,1.0,1.0,1.0,1.0,1.0,1.0
1398,4,4,4,3,3,4,4,3,2,2,,30.0,5.0,,,,,5.0,4.0,2.0,6.0,,1.0,54.0,,1.0,,3.0,4.0,5.0,,,,,,,,12.0,,1.0,4.0,,,,1.0,,5.0,1.0,1.0,1.0,1.0,1.0,1.0,1.0,1.0,1.0,1.0,,,,,,,6.0,3.0,3.0,3.0,3.0,5.0,6.0,6.0,4.0,2.0,65.0,60.0,60.0,50.0,50.0,60.0,60.0,50.0,40.0,40.0,2.0,2.0,1.0,1.0,1.0,2.0,1.0,1.0,1.0,1.0,1.0,1.0,1.0,1.0,1.0,2.0,1.0,2.0,1.0,1.0,1.0,1.0,2.0,1.0,1.0,1.0,1.0,1.0,1.0,1.0,1.0,1.0,2.0,1.0,1.0,1.0,1.0,1.0,1.0,1.0
184,2,3,3,1,2,3,3,2,1,1,70.0,,2.0,,,,,5.0,4.0,2.0,6.0,,1.0,54.0,,1.0,,,,,2.0,4.0,5.0,,,,15.0,,,1.0,4.0,,,1.0,,,5.0,1.0,1.0,1.0,1.0,1.0,1.0,1.0,1.0,1.0,1.0,,,,,,,6.0,3.0,3.0,3.0,3.0,5.0,6.0,6.0,4.0,,,,,,,,,,,,2.0,2.0,2.0,2.0,1.0,1.0,2.0,2.0,1.0,1.0,2.0,1.0,1.0,1.0,1.0,2.0,1.0,2.0,1.0,1.0,1.0,1.0,2.0,1.0,1.0,1.0,1.0,2.0,2.0,1.0,1.0,1.0,1.0,2.0,1.0,2.0,1.0,1.0,1.0,1.0
362,5,5,5,5,5,5,5,5,2,2,,30.0,5.0,,,,,5.0,4.0,2.0,6.0,,,,1.0,1.0,,,,,2.0,5.0,5.0,,,,,15.0,1.0,,4.0,,,1.0,,,5.0,1.0,1.0,1.0,1.0,1.0,1.0,1.0,1.0,1.0,1.0,,,,,,,7.0,3.0,3.0,3.0,3.0,5.0,6.0,6.0,4.0,,,,,,,,,,,,,,,,,,,,,,,,,,,,,,,,,,,,,,,,,,,,,,,,,,,
211,2,3,3,2,3,3,3,2,4,2,,30.0,,2.0,,,,,,,,6.0,,,1.0,1.0,,3.0,4.0,5.0,,,,,,,,15.0,1.0,,,,3.0,1.0,,,5.0,1.0,1.0,1.0,1.0,1.0,1.0,1.0,1.0,1.0,1.0,,,,,,,6.0,3.0,3.0,3.0,3.0,5.0,6.0,6.0,3.0,,,,,,,,,,,,1.0,1.0,2.0,1.0,2.0,1.0,2.0,2.0,2.0,1.0,1.0,1.0,2.0,2.0,1.0,1.0,2.0,1.0,2.0,1.0,2.0,1.0,2.0,1.0,2.0,1.0,1.0,2.0,1.0,1.0,2.0,1.0,2.0,1.0,2.0,2.0,1.0,1.0,1.0,1.0
798,5,5,5,5,5,5,5,5,2,2,70.0,,,2.0,,,,,,,,6.0,,,1.0,1.0,,,,,3.0,5.0,5.0,,,,,15.0,,1.0,4.0,,,,1.0,,5.0,1.0,1.0,1.0,1.0,1.0,1.0,1.0,1.0,1.0,1.0,,,,,,,7.0,3.0,3.0,3.0,3.0,5.0,6.0,6.0,4.0,2.0,75.0,75.0,80.0,80.0,75.0,80.0,80.0,70.0,40.0,40.0,2.0,1.0,2.0,1.0,2.0,1.0,2.0,1.0,1.0,1.0,1.0,1.0,1.0,1.0,2.0,1.0,2.0,1.0,1.0,1.0,1.0,2.0,2.0,1.0,2.0,1.0,1.0,2.0,1.0,1.0,1.0,1.0,1.0,1.0,1.0,1.0,1.0,1.0,2.0,2.0
844,5,5,5,4,4,5,5,4,2,3,70.0,,,2.0,,,,,,,,6.0,,,1.0,1.0,,,,,,,,3.0,5.0,5.0,15.0,,1.0,,,,,,,,,,,,,,,,,,,,,,,,,,,,,,,,,,,,,,,,,,,,,,,,,,,,,,,,,,,,,,,,,,,,,,,,,,,,,,,,,,,,
937,5,5,5,5,5,5,5,4,2,2,,30.0,,2.0,5.0,4.0,3.0,,,,,6.0,,,1.0,1.0,,,,,3.0,5.0,5.0,,,,15.0,,,1.0,,,3.0,,1.0,,5.0,1.0,1.0,1.0,1.0,1.0,1.0,1.0,1.0,1.0,1.0,,,,,,,6.0,3.0,3.0,3.0,3.0,5.0,6.0,6.0,3.0,,,,,,,,,,,,2.0,1.0,2.0,2.0,1.0,2.0,2.0,1.0,2.0,1.0,1.0,1.0,1.0,1.0,1.0,1.0,2.0,2.0,2.0,1.0,2.0,1.0,1.0,2.0,1.0,1.0,1.0,1.0,1.0,1.0,1.0,1.0,1.0,1.0,2.0,2.0,2.0,1.0,1.0,1.0
1359,2,3,3,2,3,3,4,2,2,2,70.0,,2.0,,5.0,4.0,3.0,,,,6.0,,1.0,54.0,,1.0,,,,,3.0,4.0,5.0,,,,15.0,,1.0,,,,3.0,,1.0,,5.0,1.0,1.0,1.0,1.0,1.0,1.0,1.0,1.0,1.0,1.0,,,,,,,6.0,3.0,3.0,3.0,3.0,5.0,6.0,6.0,3.0,2.0,45.0,50.0,50.0,40.0,50.0,50.0,55.0,40.0,40.0,40.0,1.0,1.0,1.0,1.0,1.0,1.0,1.0,1.0,1.0,1.0,1.0,1.0,1.0,1.0,1.0,1.0,1.0,1.0,1.0,1.0,,,,,,,,,,,,,,,,,,,,
1545,2,3,3,2,3,3,3,2,4,4,70.0,,2.0,,,,,5.0,4.0,2.0,6.0,,1.0,54.0,,,2.0,3.0,4.0,5.0,,,,,,,15.0,,,1.0,,,3.0,,1.0,,5.0,,,,,,,,,,,1.0,1.0,1.0,1.0,1.0,1.0,6.0,3.0,3.0,3.0,3.0,5.0,6.0,6.0,3.0,,,,,,,,,,,,2.0,2.0,1.0,1.0,1.0,1.0,1.0,2.0,2.0,2.0,1.0,1.0,1.0,2.0,1.0,1.0,1.0,2.0,2.0,1.0,2.0,1.0,1.0,1.0,1.0,2.0,1.0,1.0,2.0,1.0,1.0,1.0,2.0,2.0,1.0,1.0,1.0,2.0,1.0,1.0
1436,2,3,3,2,3,3,3,2,4,3,70.0,,4.0,,5.0,4.0,2.0,,,,,6.0,1.0,54.0,,,2.0,,,,2.0,4.0,4.0,,,,,15.0,1.0,,3.0,,,1.0,,,5.0,,,,,,,,,,,1.0,1.0,1.0,1.0,1.0,1.0,6.0,3.0,2.0,3.0,3.0,5.0,6.0,5.0,3.0,2.0,45.0,50.0,50.0,40.0,50.0,50.0,50.0,40.0,55.0,50.0,2.0,2.0,2.0,1.0,1.0,2.0,2.0,1.0,1.0,2.0,1.0,2.0,1.0,1.0,1.0,1.0,1.0,2.0,1.0,1.0,2.0,1.0,1.0,1.0,1.0,1.0,1.0,2.0,1.0,1.0,1.0,1.0,2.0,1.0,2.0,2.0,1.0,1.0,2.0,1.0
759,5,5,5,5,5,5,5,5,2,3,70.0,,5.0,,5.0,4.0,2.0,,,,,6.0,,,1.0,1.0,,,,,2.0,5.0,5.0,,,,15.0,,,1.0,,,2.0,,1.0,,5.0,,,,,,,,,,,1.0,1.0,1.0,1.0,1.0,1.0,7.0,3.0,3.0,3.0,3.0,5.0,6.0,6.0,4.0,2.0,75.0,70.0,75.0,70.0,70.0,75.0,70.0,65.0,40.0,50.0,1.0,1.0,1.0,1.0,1.0,2.0,1.0,1.0,2.0,1.0,1.0,1.0,2.0,1.0,2.0,1.0,2.0,1.0,1.0,1.0,1.0,2.0,2.0,1.0,1.0,1.0,1.0,1.0,2.0,1.0,1.0,1.0,1.0,1.0,1.0,1.0,1.0,1.0,1.0,1.0
145,5,5,5,4,4,5,5,4,2,2,,30.0,,2.0,,,,,,,,6.0,1.0,54.0,,,2.0,3.0,5.0,5.0,,,,,,,15.0,,,1.0,,,2.0,1.0,,,5.0,,,,,,,,,,,1.0,1.0,1.0,1.0,1.0,1.0,6.0,3.0,2.0,3.0,3.0,5.0,6.0,6.0,4.0,2.0,75.0,70.0,75.0,60.0,60.0,75.0,70.0,65.0,40.0,40.0,1.0,1.0,1.0,1.0,1.0,2.0,2.0,1.0,1.0,1.0,1.0,2.0,1.0,1.0,2.0,1.0,1.0,1.0,2.0,1.0,1.0,1.0,1.0,1.0,1.0,1.0,1.0,2.0,1.0,1.0,1.0,1.0,2.0,2.0,2.0,1.0,1.0,1.0,2.0,2.0
2053,1,2,2,1,2,2,2,1,1,1,,30.0,5.0,,,,,5.0,4.0,2.0,6.0,,,,1.0,1.0,,,,,2.0,5.0,5.0,,,,15.0,,1.0,,4.0,,,,1.0,,5.0,,,,,,,,,,,1.0,1.0,1.0,1.0,1.0,1.0,7.0,3.0,2.0,3.0,3.0,5.0,6.0,6.0,4.0,2.0,20.0,30.0,30.0,15.0,25.0,25.0,25.0,15.0,15.0,15.0,1.0,2.0,1.0,1.0,2.0,1.0,1.0,2.0,1.0,1.0,1.0,2.0,1.0,1.0,2.0,1.0,2.0,2.0,2.0,1.0,1.0,1.0,2.0,1.0,2.0,1.0,1.0,1.0,1.0,1.0,1.0,2.0,1.0,1.0,1.0,1.0,1.0,1.0,2.0,1.0
22,5,5,5,5,5,5,5,5,2,3,,30.0,,1.0,,,,,,,6.0,,1.0,54.0,,1.0,,,,,,,,2.0,5.0,5.0,15.0,,,1.0,4.0,,,1.0,,5.0,,1.0,1.0,1.0,1.0,1.0,1.0,1.0,1.0,1.0,1.0,,,,,,,7.0,3.0,3.0,3.0,3.0,5.0,6.0,6.0,4.0,2.0,75.0,75.0,80.0,80.0,80.0,85.0,85.0,75.0,40.0,50.0,2.0,1.0,1.0,1.0,1.0,1.0,2.0,2.0,2.0,1.0,1.0,2.0,1.0,1.0,1.0,2.0,1.0,1.0,2.0,2.0,1.0,1.0,2.0,1.0,1.0,2.0,1.0,1.0,1.0,2.0,2.0,1.0,1.0,1.0,1.0,1.0,1.0,2.0,2.0,2.0
353,1,2,2,1,2,4,4,1,1,1,,30.0,,1.0,5.0,4.0,2.0,,,,,6.0,1.0,54.0,,1.0,,,,,2.0,4.0,5.0,,,,,15.0,1.0,,,,3.0,1.0,,,5.0,,,,,,,,,,,1.0,1.0,1.0,1.0,1.0,1.0,6.0,2.0,2.0,2.0,3.0,5.0,6.0,6.0,4.0,2.0,20.0,30.0,30.0,15.0,25.0,50.0,50.0,15.0,15.0,15.0,1.0,2.0,1.0,2.0,2.0,1.0,2.0,1.0,2.0,2.0,1.0,1.0,1.0,1.0,2.0,1.0,1.0,2.0,1.0,1.0,2.0,1.0,1.0,1.0,1.0,1.0,2.0,1.0,1.0,1.0,1.0,1.0,1.0,1.0,1.0,1.0,2.0,1.0,1.0,1.0
220,2,3,3,1,2,3,3,1,1,1,70.0,,,2.0,5.0,4.0,2.0,,,,,6.0,,,1.0,1.0,,,,,,,,2.0,4.0,5.0,,12.0,,1.0,,,3.0,1.0,,5.0,,1.0,1.0,1.0,1.0,1.0,1.0,1.0,1.0,1.0,1.0,,,,,,,6.0,3.0,3.0,3.0,3.0,5.0,6.0,6.0,3.0,,,,,,,,,,,,1.0,1.0,1.0,1.0,1.0,1.0,1.0,1.0,1.0,1.0,1.0,1.0,1.0,1.0,1.0,1.0,1.0,1.0,1.0,1.0,1.0,1.0,1.0,1.0,1.0,1.0,1.0,1.0,1.0,1.0,1.0,1.0,1.0,1.0,1.0,1.0,1.0,1.0,1.0,1.0
1753,2,3,3,1,2,2,3,1,4,4,70.0,,,2.0,,,,,,,6.0,,,,1.0,1.0,,,,,,,,2.0,4.0,5.0,15.0,,1.0,,,,2.0,,1.0,,5.0,,,,,,,,,,,1.0,1.0,1.0,1.0,1.0,1.0,7.0,3.0,2.0,2.0,2.0,5.0,6.0,6.0,3.0,2.0,40.0,50.0,50.0,20.0,30.0,30.0,50.0,20.0,60.0,60.0,1.0,2.0,1.0,1.0,1.0,1.0,2.0,1.0,2.0,2.0,1.0,1.0,1.0,2.0,2.0,1.0,1.0,2.0,1.0,2.0,2.0,1.0,1.0,1.0,1.0,1.0,1.0,2.0,1.0,1.0,1.0,1.0,1.0,2.0,1.0,1.0,1.0,2.0,1.0,2.0
1620,2,4,4,1,3,3,4,2,1,2,,30.0,,2.0,5.0,4.0,2.0,,,,6.0,,,,1.0,,2.0,,,,2.0,5.0,5.0,,,,,10.0,1.0,,4.0,,,1.0,,5.0,,1.0,1.0,1.0,1.0,1.0,1.0,1.0,1.0,1.0,1.0,,,,,,,7.0,3.0,3.0,3.0,3.0,5.0,6.0,6.0,4.0,2.0,40.0,60.0,60.0,30.0,40.0,40.0,60.0,40.0,20.0,30.0,1.0,2.0,1.0,2.0,2.0,2.0,1.0,2.0,1.0,1.0,2.0,2.0,1.0,1.0,1.0,2.0,1.0,2.0,1.0,2.0,2.0,1.0,1.0,2.0,2.0,1.0,1.0,2.0,1.0,2.0,1.0,1.0,2.0,2.0,1.0,1.0,1.0,1.0,1.0,2.0
875,4,4,4,2,3,4,4,3,2,2,,30.0,2.0,,5.0,4.0,3.0,,,,6.0,,,,1.0,1.0,,,,,2.0,4.0,5.0,,,,15.0,,,1.0,3.0,,,1.0,,,5.0,,,,,,,,,,,1.0,1.0,1.0,1.0,1.0,1.0,7.0,3.0,2.0,3.0,3.0,5.0,6.0,6.0,3.0,2.0,65.0,60.0,60.0,40.0,50.0,60.0,60.0,50.0,40.0,40.0,2.0,2.0,2.0,1.0,1.0,2.0,2.0,1.0,1.0,2.0,1.0,2.0,1.0,2.0,1.0,1.0,2.0,1.0,1.0,2.0,1.0,2.0,1.0,1.0,2.0,1.0,2.0,2.0,2.0,1.0,1.0,2.0,1.0,2.0,2.0,1.0,1.0,1.0,2.0,1.0
906,2,3,3,2,3,3,4,2,1,2,,30.0,,2.0,5.0,4.0,2.0,,,,,6.0,,,1.0,1.0,,,,,,,,2.0,4.0,5.0,,10.0,,1.0,,3.0,,1.0,,5.0,,1.0,1.0,1.0,1.0,1.0,1.0,1.0,1.0,1.0,1.0,,,,,,,6.0,3.0,3.0,3.0,3.0,5.0,5.0,5.0,3.0,2.0,40.0,50.0,50.0,40.0,50.0,50.0,60.0,40.0,20.0,40.0,1.0,2.0,2.0,1.0,2.0,2.0,1.0,1.0,2.0,1.0,1.0,2.0,1.0,1.0,1.0,1.0,1.0,2.0,2.0,2.0,1.0,1.0,2.0,1.0,1.0,2.0,1.0,2.0,2.0,1.0,1.0,1.0,2.0,1.0,1.0,1.0,1.0,1.0,1.0,2.0
392,5,5,5,5,5,5,5,5,2,2,70.0,,,1.0,5.0,4.0,2.0,,,,,6.0,,,1.0,1.0,,,,,3.0,5.0,5.0,,,,,15.0,,1.0,,3.0,,1.0,,,5.0,1.0,1.0,1.0,1.0,1.0,1.0,1.0,1.0,1.0,1.0,,,,,,,6.0,3.0,3.0,3.0,3.0,5.0,6.0,6.0,3.0,2.0,80.0,85.0,85.0,80.0,75.0,80.0,80.0,75.0,40.0,40.0,1.0,1.0,2.0,2.0,1.0,1.0,1.0,1.0,1.0,2.0,2.0,1.0,2.0,2.0,1.0,1.0,1.0,1.0,2.0,1.0,1.0,1.0,1.0,1.0,1.0,1.0,1.0,1.0,2.0,1.0,1.0,1.0,1.0,1.0,1.0,1.0,1.0,1.0,1.0,1.0
768,1,1,1,2,2,2,2,1,1,1,,30.0,1.0,,5.0,4.0,2.0,,,,,6.0,1.0,54.0,,1.0,,,,,,,,3.0,4.0,5.0,15.0,,1.0,,,4.0,,,1.0,,5.0,1.0,1.0,1.0,1.0,1.0,1.0,1.0,1.0,1.0,1.0,,,,,,,7.0,3.0,3.0,3.0,3.0,5.0,6.0,6.0,4.0,2.0,20.0,20.0,20.0,40.0,40.0,40.0,40.0,20.0,20.0,20.0,1.0,1.0,2.0,2.0,1.0,1.0,1.0,2.0,2.0,1.0,2.0,1.0,1.0,1.0,1.0,1.0,1.0,2.0,1.0,1.0,2.0,1.0,1.0,2.0,1.0,1.0,2.0,1.0,1.0,2.0,1.0,2.0,1.0,1.0,2.0,1.0,1.0,1.0,2.0,1.0
174,2,3,3,2,3,3,3,2,4,2,70.0,,,2.0,5.0,4.0,2.0,,,,,6.0,,,1.0,1.0,,,,,,,,2.0,4.0,4.0,,10.0,,1.0,4.0,,,,1.0,4.0,,,,,,,,,,,,1.0,1.0,1.0,1.0,1.0,1.0,6.0,3.0,2.0,3.0,3.0,5.0,6.0,6.0,,,,,,,,,,,,,,,,,,,,,,,,,,,,,,,,,,,,,,,,,,,,,,,,,,,,
1792,5,5,5,4,4,5,5,4,2,2,,30.0,,2.0,,,,,,,6.0,,1.0,54.0,,,2.0,3.0,5.0,5.0,,,,,,,,15.0,,1.0,,,3.0,1.0,,5.0,,,,,,,,,,,,1.0,1.0,1.0,1.0,1.0,1.0,7.0,3.0,3.0,3.0,3.0,5.0,6.0,6.0,4.0,,,,,,,,,,,,1.0,2.0,1.0,2.0,1.0,1.0,2.0,2.0,2.0,1.0,2.0,2.0,2.0,1.0,2.0,1.0,1.0,1.0,1.0,2.0,2.0,2.0,1.0,2.0,1.0,1.0,2.0,2.0,1.0,1.0,1.0,1.0,1.0,2.0,1.0,2.0,2.0,2.0,1.0,2.0
1368,3,3,3,2,3,3,3,3,2,2,,30.0,,2.0,5.0,4.0,2.0,,,,,6.0,,,1.0,1.0,,,,,,,,2.0,4.0,5.0,,15.0,,1.0,,,3.0,,1.0,4.0,,1.0,1.0,1.0,1.0,1.0,1.0,1.0,1.0,1.0,1.0,,,,,,,6.0,3.0,3.0,3.0,4.0,5.0,6.0,6.0,3.0,2.0,55.0,50.0,50.0,35.0,45.0,50.0,50.0,45.0,35.0,35.0,2.0,1.0,1.0,1.0,2.0,2.0,1.0,1.0,1.0,2.0,2.0,1.0,1.0,1.0,1.0,2.0,1.0,1.0,1.0,1.0,1.0,2.0,2.0,2.0,1.0,1.0,1.0,1.0,1.0,1.0,1.0,1.0,1.0,1.0,1.0,1.0,1.0,1.0,1.0,1.0
1574,2,4,4,1,2,3,4,1,1,1,,30.0,2.0,,,,,5.0,4.0,2.0,,6.0,1.0,54.0,,,2.0,,,,2.0,4.0,5.0,,,,,10.0,,1.0,,,3.0,1.0,,,5.0,1.0,1.0,1.0,1.0,1.0,1.0,1.0,1.0,1.0,1.0,,,,,,,6.0,3.0,2.0,3.0,3.0,5.0,6.0,6.0,4.0,2.0,55.0,65.0,60.0,30.0,40.0,50.0,60.0,25.0,20.0,15.0,2.0,1.0,1.0,2.0,1.0,1.0,2.0,1.0,1.0,2.0,1.0,1.0,2.0,1.0,1.0,2.0,1.0,2.0,2.0,1.0,1.0,2.0,1.0,2.0,1.0,1.0,2.0,2.0,1.0,1.0,2.0,2.0,1.0,1.0,2.0,1.0,1.0,2.0,1.0,1.0
1407,4,4,5,4,4,5,5,4,2,2,30.0,,,2.0,,,,,,,,6.0,,,1.0,1.0,,2.0,4.0,5.0,,,,,,,,15.0,1.0,,,,2.0,,1.0,5.0,,1.0,1.0,1.0,1.0,1.0,1.0,1.0,1.0,1.0,1.0,,,,,,,6.0,3.0,3.0,3.0,3.0,5.0,6.0,6.0,4.0,2.0,65.0,65.0,70.0,60.0,60.0,70.0,70.0,60.0,40.0,40.0,2.0,2.0,2.0,1.0,2.0,1.0,1.0,2.0,1.0,1.0,1.0,1.0,1.0,2.0,1.0,1.0,2.0,1.0,1.0,2.0,1.0,2.0,1.0,2.0,1.0,1.0,2.0,1.0,2.0,1.0,1.0,2.0,1.0,1.0,1.0,1.0,1.0,1.0,1.0,1.0
1989,4,4,4,2,3,4,4,3,2,2,70.0,,,2.0,,,,,,,,6.0,1.0,54.0,,1.0,,,,,,,,2.0,4.0,5.0,,10.0,,1.0,,,3.0,,1.0,,5.0,,,,,,,,,,,1.0,1.0,1.0,1.0,1.0,1.0,6.0,3.0,3.0,3.0,3.0,5.0,6.0,6.0,4.0,2.0,65.0,60.0,60.0,40.0,50.0,60.0,60.0,50.0,40.0,40.0,1.0,1.0,1.0,2.0,1.0,1.0,1.0,1.0,1.0,1.0,1.0,1.0,1.0,1.0,1.0,1.0,1.0,1.0,2.0,1.0,,,,,,,,,,,,,,,,,,,,
800,2,3,3,2,3,4,4,2,2,2,70.0,,2.0,,,,,5.0,4.0,2.0,,6.0,,,1.0,,2.0,,,,2.0,5.0,5.0,,,,,15.0,,1.0,4.0,,,1.0,,5.0,,1.0,1.0,1.0,1.0,1.0,1.0,1.0,1.0,1.0,1.0,,,,,,,6.0,3.0,2.0,2.0,3.0,5.0,6.0,6.0,3.0,2.0,40.0,50.0,50.0,40.0,50.0,60.0,60.0,40.0,40.0,40.0,2.0,1.0,1.0,2.0,1.0,2.0,1.0,2.0,1.0,2.0,1.0,2.0,2.0,1.0,1.0,2.0,1.0,1.0,1.0,2.0,,,,,,,,,,,,,,,,,,,,
973,5,5,5,4,4,5,5,5,2,2,70.0,,,,,,,,,,,6.0,,,1.0,1.0,,3.0,5.0,6.0,,,,,,,,15.0,1.0,,6.0,,,1.0,,,5.0,,,,,,,,,,,,,,,,,,,,,,,,,,,,,,,,,,,,,1.0,1.0,2.0,1.0,1.0,1.0,1.0,1.0,2.0,1.0,1.0,1.0,1.0,1.0,1.0,2.0,1.0,1.0,1.0,1.0,1.0,2.0,2.0,1.0,2.0,1.0,2.0,1.0,1.0,2.0,1.0,1.0,1.0,1.0,2.0,1.0,1.0,2.0,1.0,1.0
96,4,4,5,4,4,5,5,4,2,3,,30.0,2.0,,5.0,4.0,3.0,,,,,6.0,,,1.0,1.0,,,,,3.0,5.0,5.0,,,,,15.0,,1.0,4.0,,,1.0,,5.0,,,,,,,,,,,,1.0,1.0,1.0,1.0,1.0,1.0,6.0,3.0,2.0,3.0,3.0,5.0,6.0,6.0,4.0,,,,,,,,,,,,,,,,,,,,,,,,,,,,,,,,,,,,,,,,,,,,,,,,,,,
101,5,5,5,5,5,5,5,5,1,1,70.0,,5.0,,,,,,,,6.0,,1.0,54.0,,,2.0,3.0,5.0,5.0,,,,,,,,15.0,,1.0,4.0,,,,1.0,5.0,,,,,,,,,,,,1.0,1.0,1.0,1.0,1.0,1.0,6.0,3.0,3.0,3.0,3.0,5.0,6.0,6.0,4.0,2.0,75.0,75.0,75.0,75.0,75.0,75.0,75.0,75.0,25.0,25.0,1.0,2.0,1.0,1.0,1.0,2.0,1.0,1.0,1.0,1.0,1.0,1.0,1.0,2.0,2.0,1.0,1.0,2.0,1.0,2.0,1.0,1.0,1.0,1.0,1.0,1.0,1.0,1.0,1.0,1.0,1.0,1.0,1.0,1.0,1.0,1.0,1.0,1.0,2.0,2.0
488,4,4,4,2,3,4,4,3,2,2,70.0,,,2.0,,,,,,,6.0,,,,1.0,1.0,,,,,,,,2.0,4.0,5.0,,10.0,1.0,,4.0,,,,1.0,5.0,,,,,,,,,,,,1.0,1.0,1.0,1.0,1.0,1.0,7.0,3.0,3.0,3.0,3.0,5.0,6.0,6.0,4.0,2.0,60.0,60.0,60.0,40.0,45.0,60.0,60.0,45.0,35.0,35.0,2.0,1.0,2.0,1.0,2.0,1.0,2.0,2.0,2.0,1.0,1.0,2.0,2.0,2.0,1.0,1.0,1.0,1.0,1.0,2.0,1.0,1.0,1.0,2.0,2.0,1.0,2.0,1.0,1.0,1.0,1.0,2.0,1.0,2.0,2.0,1.0,1.0,1.0,2.0,2.0
294,5,5,5,5,5,5,5,5,2,2,,30.0,5.0,,,,,,,,,6.0,1.0,54.0,,,2.0,,,,2.0,5.0,5.0,,,,,15.0,,1.0,,,3.0,,1.0,5.0,,1.0,1.0,1.0,1.0,1.0,1.0,1.0,1.0,1.0,1.0,,,,,,,7.0,3.0,3.0,3.0,3.0,5.0,6.0,6.0,4.0,,,,,,,,,,,,1.0,1.0,1.0,1.0,1.0,1.0,1.0,1.0,1.0,1.0,1.0,1.0,1.0,1.0,1.0,1.0,1.0,1.0,1.0,1.0,1.0,1.0,1.0,1.0,1.0,1.0,1.0,1.0,1.0,1.0,1.0,1.0,1.0,1.0,1.0,1.0,1.0,1.0,1.0,1.0
1501,2,3,3,1,2,3,3,1,1,1,70.0,,5.0,,5.0,4.0,2.0,,,,6.0,,1.0,54.0,,,2.0,,,,2.0,4.0,4.0,,,,15.0,,1.0,,,,,,,,,,,,,,,,,,,,,,,,,,,,,,,,,,,,,,,,,,,,,,,,,,,,,,,,,,,,,,,,,,,,,,,,,,,,,,,,,,,,
1088,5,5,5,5,5,5,5,5,2,2,70.0,,5.0,,5.0,4.0,2.0,,,,,6.0,1.0,54.0,,,2.0,,,,,,,3.0,5.0,5.0,,15.0,,1.0,,4.0,,1.0,,5.0,,,,,,,,,,,,1.0,1.0,1.0,1.0,1.0,1.0,7.0,3.0,3.0,3.0,3.0,5.0,6.0,6.0,4.0,,,,,,,,,,,,2.0,1.0,1.0,1.0,2.0,1.0,2.0,1.0,1.0,2.0,2.0,1.0,1.0,2.0,1.0,2.0,2.0,1.0,1.0,1.0,1.0,1.0,1.0,1.0,1.0,1.0,1.0,1.0,2.0,1.0,1.0,1.0,1.0,1.0,1.0,1.0,1.0,1.0,1.0,1.0
1472,5,5,5,4,4,5,5,5,1,2,70.0,,5.0,,5.0,4.0,2.0,,,,,6.0,1.0,54.0,,1.0,,,,,,,,3.0,5.0,5.0,,10.0,,1.0,,,3.0,,1.0,5.0,,,,,,,,,,,,1.0,1.0,1.0,1.0,1.0,1.0,7.0,3.0,3.0,3.0,3.0,5.0,6.0,6.0,4.0,2.0,,,,,,,,,,,1.0,1.0,1.0,1.0,2.0,1.0,1.0,2.0,2.0,1.0,1.0,2.0,1.0,1.0,1.0,1.0,1.0,1.0,1.0,2.0,1.0,1.0,2.0,1.0,1.0,1.0,1.0,1.0,1.0,1.0,2.0,1.0,1.0,1.0,1.0,1.0,1.0,2.0,1.0,1.0
1694,4,4,4,2,3,4,4,3,2,3,30.0,,,2.0,,,,,,,,6.0,,,1.0,,2.0,,,,2.0,4.0,5.0,,,,,15.0,,1.0,4.0,,,1.0,,,5.0,1.0,1.0,1.0,1.0,1.0,1.0,1.0,1.0,1.0,1.0,,,,,,,6.0,3.0,3.0,3.0,3.0,5.0,6.0,6.0,3.0,2.0,65.0,60.0,60.0,40.0,50.0,60.0,60.0,50.0,40.0,50.0,1.0,2.0,1.0,1.0,1.0,1.0,2.0,1.0,1.0,1.0,1.0,1.0,1.0,2.0,2.0,2.0,1.0,2.0,1.0,1.0,1.0,2.0,2.0,1.0,1.0,1.0,1.0,1.0,2.0,1.0,2.0,1.0,1.0,1.0,1.0,2.0,1.0,1.0,1.0,1.0
1948,5,5,5,5,5,5,5,5,2,2,,30.0,5.0,,5.0,4.0,2.0,,,,6.0,,,,1.0,,2.0,,,,,,,2.0,5.0,5.0,,15.0,,1.0,,4.0,,,1.0,,5.0,1.0,1.0,1.0,1.0,1.0,1.0,1.0,1.0,1.0,1.0,,,,,,,6.0,3.0,3.0,3.0,3.0,5.0,6.0,6.0,4.0,2.0,75.0,75.0,80.0,80.0,75.0,80.0,80.0,75.0,40.0,40.0,2.0,1.0,1.0,2.0,1.0,1.0,1.0,2.0,1.0,1.0,1.0,1.0,1.0,2.0,2.0,1.0,1.0,1.0,1.0,1.0,1.0,1.0,1.0,2.0,1.0,1.0,1.0,1.0,2.0,2.0,1.0,1.0,1.0,2.0,1.0,1.0,1.0,1.0,1.0,1.0
57,5,5,5,4,5,5,5,4,2,2,70.0,,,2.0,,,,,,,6.0,,1.0,54.0,,,2.0,,,,,,,3.0,5.0,5.0,,10.0,1.0,,4.0,,,,1.0,5.0,,1.0,1.0,1.0,1.0,1.0,1.0,1.0,1.0,1.0,1.0,,,,,,,7.0,3.0,3.0,3.0,3.0,5.0,6.0,6.0,4.0,2.0,80.0,75.0,80.0,70.0,75.0,80.0,75.0,70.0,40.0,40.0,1.0,1.0,1.0,2.0,2.0,1.0,2.0,1.0,1.0,1.0,1.0,2.0,1.0,1.0,1.0,2.0,1.0,1.0,1.0,1.0,1.0,1.0,1.0,1.0,2.0,1.0,1.0,1.0,2.0,1.0,1.0,1.0,1.0,2.0,1.0,1.0,2.0,1.0,1.0,1.0
2026,5,5,5,5,5,5,5,5,1,2,70.0,,5.0,,5.0,4.0,2.0,,,,,6.0,,,1.0,1.0,,,,,2.0,5.0,5.0,,,,15.0,,1.0,,4.0,,,,1.0,,5.0,,,,,,,,,,,1.0,1.0,1.0,1.0,1.0,1.0,7.0,3.0,3.0,3.0,3.0,5.0,6.0,6.0,3.0,2.0,,,,,,,,,,,1.0,1.0,2.0,1.0,1.0,2.0,1.0,1.0,1.0,2.0,2.0,1.0,1.0,1.0,1.0,1.0,2.0,1.0,1.0,1.0,1.0,1.0,1.0,1.0,1.0,1.0,1.0,2.0,2.0,2.0,1.0,1.0,2.0,1.0,1.0,1.0,2.0,2.0,1.0,1.0
326,2,3,3,2,3,2,3,2,4,3,,30.0,,2.0,,,,,,,,6.0,1.0,54.0,,1.0,,,,,2.0,4.0,5.0,,,,,15.0,,1.0,4.0,,,,1.0,5.0,,1.0,1.0,1.0,1.0,1.0,1.0,1.0,1.0,1.0,1.0,,,,,,,6.0,3.0,3.0,3.0,4.0,5.0,6.0,6.0,4.0,2.0,40.0,50.0,50.0,40.0,50.0,40.0,50.0,40.0,60.0,50.0,1.0,1.0,2.0,1.0,1.0,2.0,1.0,2.0,1.0,2.0,2.0,1.0,1.0,1.0,2.0,1.0,2.0,1.0,2.0,1.0,2.0,2.0,1.0,1.0,1.0,1.0,1.0,2.0,2.0,1.0,2.0,1.0,2.0,1.0,1.0,1.0,1.0,1.0,1.0,1.0
255,5,5,5,4,4,5,5,4,2,2,,30.0,,2.0,,,,,,,6.0,,,,1.0,1.0,,3.0,5.0,5.0,,,,,,,,12.0,,1.0,,,3.0,1.0,,,5.0,1.0,1.0,1.0,1.0,1.0,1.0,1.0,1.0,1.0,1.0,,,,,,,6.0,3.0,3.0,3.0,3.0,5.0,6.0,6.0,3.0,,,,,,,,,,,,1.0,2.0,2.0,1.0,2.0,1.0,1.0,2.0,1.0,2.0,1.0,1.0,2.0,2.0,2.0,1.0,1.0,2.0,1.0,1.0,2.0,1.0,1.0,2.0,2.0,2.0,1.0,1.0,1.0,1.0,1.0,2.0,1.0,2.0,1.0,1.0,1.0,1.0,1.0,1.0
449,4,4,4,2,3,4,4,3,2,2,70.0,,,,,,,,,,,6.0,,,1.0,1.0,,3.0,4.0,5.0,,,,,,,15.0,,1.0,,4.0,,,1.0,,5.0,,,,,,,,,,,,1.0,1.0,1.0,1.0,1.0,1.0,6.0,3.0,3.0,3.0,3.0,5.0,6.0,6.0,4.0,,,,,,,,,,,,1.0,1.0,1.0,2.0,2.0,1.0,1.0,1.0,1.0,2.0,1.0,2.0,1.0,2.0,1.0,2.0,1.0,1.0,1.0,1.0,1.0,1.0,2.0,1.0,1.0,2.0,1.0,1.0,1.0,1.0,1.0,2.0,2.0,1.0,2.0,1.0,2.0,1.0,1.0,1.0
1726,4,4,4,3,3,4,4,3,2,2,70.0,,,2.0,,,,,,,6.0,,1.0,54.0,,1.0,,,,,,,,3.0,4.0,5.0,15.0,,,1.0,4.0,,,1.0,,5.0,,1.0,1.0,1.0,1.0,1.0,1.0,1.0,1.0,1.0,1.0,,,,,,,6.0,3.0,3.0,3.0,3.0,5.0,6.0,6.0,4.0,,,,,,,,,,,,2.0,2.0,2.0,1.0,1.0,1.0,1.0,2.0,1.0,1.0,1.0,2.0,2.0,1.0,1.0,1.0,1.0,1.0,1.0,1.0,1.0,1.0,1.0,1.0,1.0,2.0,1.0,1.0,1.0,1.0,1.0,1.0,1.0,1.0,1.0,1.0,1.0,1.0,1.0,2.0
1655,5,5,5,5,5,5,5,5,2,2,,30.0,,1.0,,,,,,,6.0,,,,1.0,1.0,,,,,,,,2.0,5.0,5.0,15.0,,1.0,,,3.0,,,,,,,,,,,,,,,,,,,,,,,,,,,,,,,,,,,,,,,,,,,,,,,,,,,,,,,,,,,,,,,,,,,,,,,,,,,,,,,,,
1049,5,5,5,5,5,5,5,5,1,2,30.0,,,2.0,5.0,4.0,3.0,,,,,6.0,1.0,54.0,,,2.0,,,,,,,3.0,5.0,5.0,15.0,,,1.0,,,3.0,,1.0,5.0,,1.0,1.0,1.0,1.0,1.0,1.0,1.0,1.0,1.0,1.0,,,,,,,7.0,3.0,4.0,3.0,3.0,5.0,6.0,6.0,4.0,2.0,80.0,75.0,85.0,90.0,85.0,80.0,85.0,70.0,30.0,40.0,1.0,1.0,1.0,1.0,1.0,1.0,2.0,1.0,1.0,1.0,2.0,2.0,1.0,1.0,1.0,2.0,1.0,1.0,1.0,2.0,,,,,,,,,,,,,,,,,,,,
482,5,5,5,5,5,5,5,4,2,2,,30.0,,2.0,5.0,4.0,2.0,,,,,6.0,,,1.0,1.0,,,,,3.0,5.0,5.0,,,,,15.0,,1.0,4.0,,,1.0,,5.0,,1.0,1.0,1.0,1.0,1.0,1.0,1.0,1.0,1.0,1.0,,,,,,,6.0,3.0,3.0,3.0,3.0,5.0,6.0,6.0,4.0,2.0,,,,,,,,,,,1.0,1.0,1.0,1.0,1.0,1.0,1.0,1.0,2.0,1.0,1.0,1.0,2.0,1.0,1.0,1.0,1.0,1.0,1.0,1.0,,,,,,,,,,,,,,,,,,,,
717,4,4,4,2,3,3,4,3,2,3,70.0,,2.0,,5.0,4.0,2.0,,,,6.0,,,,1.0,1.0,,,,,2.0,5.0,5.0,,,,15.0,,1.0,,,4.0,,1.0,,5.0,,1.0,1.0,1.0,1.0,1.0,1.0,1.0,1.0,1.0,1.0,,,,,,,7.0,3.0,2.0,3.0,3.0,5.0,6.0,6.0,3.0,2.0,65.0,60.0,60.0,40.0,45.0,50.0,60.0,45.0,35.0,40.0,2.0,2.0,1.0,2.0,1.0,1.0,1.0,2.0,1.0,2.0,1.0,2.0,2.0,1.0,1.0,2.0,1.0,2.0,1.0,1.0,1.0,1.0,1.0,1.0,1.0,1.0,1.0,2.0,2.0,1.0,1.0,1.0,2.0,1.0,1.0,1.0,1.0,2.0,1.0,1.0
664,4,4,4,2,3,4,4,3,2,2,70.0,,5.0,,5.0,4.0,2.0,,,,,6.0,1.0,54.0,,1.0,,,,,3.0,4.0,5.0,,,,,15.0,1.0,,,,2.0,1.0,,,5.0,1.0,1.0,1.0,1.0,1.0,1.0,1.0,1.0,1.0,1.0,,,,,,,6.0,3.0,2.0,3.0,3.0,5.0,6.0,6.0,4.0,2.0,65.0,60.0,60.0,40.0,50.0,60.0,60.0,50.0,40.0,40.0,1.0,2.0,2.0,1.0,1.0,2.0,1.0,1.0,2.0,1.0,1.0,1.0,2.0,2.0,2.0,1.0,1.0,1.0,1.0,1.0,1.0,2.0,2.0,1.0,2.0,1.0,1.0,2.0,1.0,2.0,1.0,1.0,2.0,1.0,2.0,2.0,2.0,1.0,2.0,2.0
1478,5,5,5,4,4,5,5,4,2,2,70.0,,2.0,,,,,5.0,4.0,2.0,6.0,,,,1.0,,2.0,3.0,5.0,5.0,,,,,,,,15.0,1.0,,4.0,,,,1.0,5.0,,1.0,1.0,1.0,1.0,1.0,1.0,1.0,1.0,1.0,1.0,,,,,,,7.0,3.0,4.0,3.0,2.0,5.0,6.0,6.0,4.0,2.0,70.0,70.0,70.0,60.0,60.0,70.0,70.0,60.0,40.0,40.0,2.0,1.0,2.0,1.0,1.0,2.0,1.0,1.0,2.0,1.0,2.0,1.0,1.0,1.0,1.0,1.0,1.0,1.0,1.0,1.0,,,,,,,,,,,,,,,,,,,,
1082,2,3,3,2,3,4,4,2,2,2,,30.0,2.0,,,,,,,,6.0,,,,1.0,1.0,,,,,2.0,4.0,4.0,,,,15.0,,1.0,,,,2.0,,1.0,,5.0,1.0,1.0,1.0,1.0,1.0,1.0,1.0,1.0,1.0,1.0,,,,,,,6.0,3.0,3.0,3.0,3.0,5.0,6.0,6.0,3.0,2.0,40.0,50.0,50.0,40.0,50.0,60.0,60.0,40.0,40.0,40.0,2.0,1.0,2.0,1.0,2.0,1.0,2.0,1.0,2.0,1.0,1.0,1.0,2.0,1.0,2.0,1.0,1.0,1.0,1.0,2.0,2.0,1.0,1.0,1.0,1.0,1.0,2.0,1.0,1.0,2.0,1.0,2.0,2.0,1.0,1.0,1.0,2.0,2.0,1.0,1.0
1317,5,5,5,5,5,5,5,5,2,3,70.0,,,2.0,5.0,4.0,2.0,,,,,6.0,1.0,54.0,,1.0,,,,,3.0,5.0,5.0,,,,,10.0,1.0,,,4.0,,1.0,,,5.0,,,,,,,,,,,1.0,1.0,1.0,1.0,1.0,1.0,7.0,3.0,3.0,3.0,3.0,5.0,6.0,6.0,4.0,2.0,80.0,75.0,80.0,75.0,70.0,80.0,75.0,70.0,40.0,50.0,1.0,2.0,1.0,1.0,2.0,1.0,2.0,1.0,2.0,1.0,1.0,1.0,1.0,2.0,2.0,1.0,1.0,1.0,1.0,2.0,1.0,1.0,1.0,2.0,1.0,1.0,1.0,2.0,1.0,1.0,1.0,1.0,1.0,2.0,2.0,1.0,1.0,1.0,1.0,1.0
1264,1,1,1,1,1,1,1,1,1,1,,30.0,,2.0,5.0,4.0,2.0,,,,,6.0,,,1.0,,2.0,,,,1.0,5.0,5.0,,,,,15.0,,1.0,3.0,,,,1.0,,5.0,1.0,1.0,1.0,1.0,1.0,1.0,1.0,1.0,1.0,1.0,,,,,,,7.0,3.0,2.0,2.0,3.0,5.0,6.0,6.0,4.0,2.0,10.0,10.0,10.0,10.0,10.0,10.0,10.0,10.0,10.0,10.0,2.0,2.0,1.0,2.0,1.0,2.0,1.0,2.0,1.0,2.0,1.0,1.0,1.0,2.0,1.0,1.0,2.0,2.0,1.0,1.0,1.0,1.0,1.0,2.0,1.0,2.0,1.0,1.0,1.0,2.0,2.0,1.0,1.0,1.0,2.0,1.0,1.0,1.0,1.0,1.0
1983,2,3,3,1,2,2,3,1,1,1,,30.0,2.0,,,,,5.0,4.0,2.0,,6.0,,,1.0,1.0,,,,,,,,2.0,4.0,5.0,,12.0,1.0,,,4.0,,,1.0,5.0,,1.0,1.0,1.0,1.0,1.0,1.0,1.0,1.0,1.0,1.0,,,,,,,6.0,3.0,2.0,3.0,3.0,5.0,6.0,6.0,3.0,2.0,40.0,50.0,50.0,20.0,30.0,30.0,50.0,20.0,20.0,20.0,1.0,1.0,2.0,2.0,1.0,1.0,2.0,1.0,2.0,1.0,2.0,2.0,1.0,1.0,1.0,2.0,1.0,2.0,2.0,1.0,1.0,1.0,2.0,1.0,1.0,1.0,1.0,1.0,1.0,2.0,1.0,1.0,1.0,1.0,1.0,1.0,1.0,1.0,2.0,1.0
979,4,4,5,5,4,5,5,4,2,2,,30.0,5.0,,5.0,4.0,3.0,,,,,6.0,1.0,54.0,,,2.0,,,,,,,2.0,5.0,5.0,,15.0,1.0,,,4.0,,1.0,,,5.0,1.0,1.0,1.0,1.0,1.0,1.0,1.0,1.0,1.0,1.0,,,,,,,6.0,3.0,2.0,2.0,3.0,5.0,6.0,6.0,3.0,2.0,70.0,65.0,75.0,80.0,70.0,85.0,80.0,65.0,40.0,40.0,2.0,1.0,2.0,1.0,1.0,2.0,2.0,1.0,2.0,2.0,1.0,2.0,1.0,1.0,2.0,1.0,1.0,1.0,1.0,2.0,1.0,1.0,1.0,2.0,1.0,1.0,1.0,1.0,1.0,2.0,1.0,1.0,2.0,2.0,2.0,1.0,1.0,2.0,2.0,1.0
530,4,4,4,2,3,4,4,3,2,3,,30.0,5.0,,,,,,,,6.0,,,,1.0,1.0,,,,,,,,3.0,4.0,5.0,,12.0,,1.0,4.0,,,,1.0,,5.0,,,,,,,,,,,1.0,1.0,1.0,1.0,1.0,1.0,6.0,3.0,3.0,3.0,3.0,5.0,6.0,6.0,4.0,2.0,65.0,60.0,60.0,40.0,45.0,60.0,60.0,45.0,35.0,45.0,1.0,2.0,1.0,2.0,1.0,2.0,1.0,2.0,1.0,1.0,2.0,1.0,1.0,2.0,1.0,2.0,1.0,2.0,2.0,1.0,1.0,2.0,1.0,1.0,1.0,1.0,1.0,1.0,2.0,1.0,2.0,1.0,1.0,1.0,1.0,1.0,2.0,2.0,1.0,1.0
443,5,5,5,5,5,5,5,5,1,1,,30.0,5.0,,,,,5.0,4.0,2.0,6.0,,,,1.0,,2.0,,,,2.0,5.0,5.0,,,,,15.0,1.0,,,4.0,,1.0,,,5.0,,,,,,,,,,,1.0,1.0,1.0,1.0,1.0,1.0,7.0,3.0,3.0,3.0,3.0,5.0,6.0,6.0,4.0,2.0,80.0,80.0,85.0,85.0,85.0,85.0,85.0,80.0,20.0,20.0,1.0,1.0,2.0,1.0,1.0,2.0,2.0,1.0,1.0,2.0,2.0,1.0,2.0,2.0,2.0,1.0,1.0,1.0,1.0,1.0,2.0,2.0,1.0,2.0,1.0,1.0,1.0,1.0,1.0,1.0,1.0,2.0,1.0,1.0,2.0,1.0,2.0,1.0,1.0,2.0
1130,5,5,5,5,5,5,5,5,2,2,70.0,,6.0,,,,,,,,6.0,,1.0,54.0,,1.0,,,,,,,,2.0,5.0,5.0,,10.0,,1.0,,,3.0,1.0,,,5.0,1.0,1.0,1.0,1.0,1.0,1.0,1.0,1.0,1.0,1.0,,,,,,,7.0,3.0,3.0,3.0,3.0,5.0,6.0,6.0,4.0,,,,,,,,,,,,1.0,1.0,1.0,1.0,1.0,1.0,1.0,1.0,1.0,1.0,1.0,1.0,1.0,1.0,1.0,1.0,1.0,1.0,1.0,1.0,1.0,1.0,1.0,1.0,1.0,1.0,1.0,1.0,1.0,1.0,1.0,1.0,1.0,1.0,1.0,1.0,1.0,1.0,1.0,1.0
1043,2,4,4,1,3,3,4,2,1,1,,30.0,,2.0,,,,,,,,6.0,1.0,54.0,,1.0,,,,,,,,2.0,4.0,5.0,15.0,,,1.0,4.0,,,1.0,,4.0,,1.0,1.0,1.0,1.0,1.0,1.0,1.0,1.0,1.0,1.0,,,,,,,6.0,3.0,3.0,3.0,3.0,5.0,6.0,6.0,3.0,,,,,,,,,,,,1.0,1.0,1.0,2.0,2.0,2.0,1.0,1.0,1.0,1.0,1.0,2.0,2.0,1.0,1.0,2.0,2.0,2.0,1.0,1.0,2.0,1.0,2.0,1.0,1.0,1.0,1.0,1.0,1.0,1.0,1.0,1.0,1.0,1.0,1.0,2.0,2.0,1.0,1.0,1.0
1831,4,4,4,3,3,4,4,3,2,2,,30.0,5.0,,5.0,4.0,2.0,,,,,6.0,1.0,54.0,,,2.0,,,,3.0,4.0,5.0,,,,15.0,,,1.0,,4.0,,1.0,,4.0,,,,,,,,,,,,1.0,1.0,1.0,1.0,1.0,1.0,7.0,3.0,3.0,3.0,3.0,5.0,6.0,6.0,3.0,2.0,65.0,60.0,60.0,50.0,50.0,60.0,60.0,50.0,40.0,40.0,1.0,1.0,2.0,1.0,1.0,1.0,1.0,1.0,1.0,1.0,2.0,1.0,1.0,1.0,1.0,1.0,2.0,2.0,1.0,1.0,1.0,1.0,2.0,1.0,1.0,1.0,1.0,1.0,1.0,1.0,1.0,1.0,1.0,2.0,1.0,1.0,1.0,1.0,2.0,1.0
1942,2,3,3,2,3,3,3,2,4,3,,30.0,2.0,,,,,5.0,4.0,2.0,,6.0,,,1.0,1.0,,2.0,4.0,5.0,,,,,,,,10.0,1.0,,,3.0,,,1.0,5.0,,,,,,,,,,,,1.0,1.0,1.0,1.0,1.0,1.0,6.0,3.0,3.0,3.0,3.0,5.0,6.0,6.0,3.0,2.0,40.0,50.0,50.0,40.0,50.0,50.0,50.0,40.0,60.0,50.0,2.0,2.0,1.0,1.0,2.0,1.0,1.0,1.0,1.0,1.0,1.0,1.0,2.0,1.0,2.0,1.0,2.0,1.0,2.0,2.0,1.0,1.0,1.0,1.0,1.0,1.0,2.0,1.0,2.0,1.0,2.0,1.0,1.0,1.0,1.0,1.0,2.0,1.0,1.0,1.0
545,5,5,5,4,4,5,5,5,1,2,,30.0,5.0,,,,,,,,6.0,,,,1.0,1.0,,,,,2.0,5.0,5.0,,,,15.0,,1.0,,4.0,,,1.0,,5.0,,,,,,,,,,,,1.0,1.0,1.0,1.0,1.0,1.0,7.0,3.0,3.0,3.0,3.0,5.0,6.0,6.0,4.0,2.0,75.0,75.0,75.0,65.0,65.0,75.0,75.0,75.0,25.0,35.0,1.0,2.0,1.0,1.0,2.0,2.0,1.0,2.0,1.0,2.0,1.0,1.0,1.0,1.0,1.0,1.0,1.0,1.0,1.0,1.0,1.0,1.0,1.0,1.0,2.0,1.0,1.0,1.0,1.0,1.0,1.0,1.0,1.0,1.0,2.0,1.0,1.0,1.0,1.0,1.0
436,5,5,5,4,4,5,5,4,2,2,70.0,,,,,,,,,,,6.0,1.0,54.0,,1.0,,3.0,5.0,5.0,,,,,,,,10.0,1.0,,4.0,,,,1.0,,,,,,,,,,,,,,,,,,,,,,,,,,,,,,,,,,,,,,,,,,,,,,,,,,,,,,,,,,,,,,,,,,,,,,,,,,,,,,
359,2,3,3,2,3,3,4,2,2,2,,30.0,2.0,,,,,5.0,4.0,2.0,6.0,,,,1.0,1.0,,,,,,,,2.0,4.0,5.0,15.0,,1.0,,,,3.0,,,,,,,,,,,,,,,,,,,,,,,,,,,,,,2.0,40.0,50.0,50.0,40.0,50.0,50.0,60.0,40.0,40.0,40.0,1.0,2.0,2.0,1.0,1.0,2.0,2.0,1.0,2.0,1.0,1.0,1.0,2.0,1.0,2.0,1.0,1.0,1.0,2.0,1.0,1.0,1.0,1.0,2.0,1.0,1.0,1.0,1.0,1.0,2.0,1.0,2.0,1.0,1.0,1.0,1.0,1.0,1.0,1.0,1.0
1145,5,5,5,4,4,5,5,5,2,2,,40.0,5.0,,5.0,4.0,2.0,,,,,6.0,,,1.0,,2.0,3.0,5.0,5.0,,,,,,,,15.0,1.0,,,3.0,,1.0,,5.0,,1.0,1.0,1.0,1.0,1.0,1.0,1.0,1.0,1.0,1.0,,,,,,,6.0,3.0,3.0,3.0,3.0,5.0,6.0,6.0,4.0,2.0,75.0,75.0,80.0,65.0,65.0,75.0,75.0,75.0,40.0,40.0,1.0,1.0,1.0,1.0,2.0,1.0,2.0,1.0,1.0,1.0,1.0,2.0,1.0,2.0,1.0,1.0,1.0,1.0,1.0,2.0,1.0,1.0,1.0,1.0,1.0,1.0,1.0,2.0,1.0,1.0,1.0,1.0,1.0,1.0,1.0,1.0,1.0,1.0,1.0,1.0
1036,5,5,5,5,5,5,5,5,2,2,,30.0,6.0,,5.0,4.0,2.0,,,,,6.0,1.0,54.0,,1.0,,,,,,,,2.0,5.0,5.0,15.0,,,1.0,,,2.0,1.0,,5.0,,,,,,,,,,,,1.0,1.0,1.0,1.0,1.0,1.0,7.0,3.0,3.0,3.0,3.0,5.0,6.0,6.0,4.0,2.0,80.0,75.0,80.0,80.0,75.0,80.0,80.0,75.0,40.0,40.0,1.0,1.0,1.0,1.0,2.0,1.0,1.0,2.0,2.0,1.0,1.0,1.0,1.0,2.0,2.0,1.0,1.0,1.0,1.0,2.0,1.0,1.0,1.0,1.0,1.0,1.0,1.0,1.0,1.0,1.0,2.0,2.0,2.0,1.0,1.0,1.0,1.0,2.0,1.0,1.0
1759,5,5,5,5,5,5,5,5,1,1,,30.0,,2.0,5.0,4.0,2.0,,,,,6.0,1.0,54.0,,1.0,,,,,,,,3.0,5.0,5.0,,10.0,,1.0,,,3.0,1.0,,5.0,,1.0,1.0,1.0,1.0,1.0,1.0,1.0,1.0,1.0,1.0,,,,,,,6.0,3.0,3.0,3.0,3.0,5.0,6.0,6.0,4.0,,,,,,,,,,,,1.0,1.0,1.0,1.0,1.0,1.0,1.0,1.0,1.0,1.0,1.0,1.0,1.0,1.0,1.0,1.0,1.0,1.0,1.0,1.0,1.0,1.0,1.0,1.0,1.0,1.0,2.0,1.0,1.0,1.0,1.0,1.0,1.0,1.0,1.0,1.0,1.0,1.0,1.0,1.0
1844,3,4,4,2,3,4,4,3,2,2,,30.0,5.0,,,,,5.0,4.0,2.0,6.0,,,,1.0,,2.0,,,,3.0,4.0,5.0,,,,,10.0,,1.0,,4.0,,1.0,,4.0,,,,,,,,,,,,1.0,1.0,1.0,1.0,1.0,1.0,6.0,3.0,3.0,3.0,4.0,5.0,5.0,5.0,3.0,2.0,50.0,60.0,60.0,40.0,50.0,60.0,60.0,50.0,40.0,40.0,2.0,2.0,1.0,2.0,1.0,1.0,2.0,1.0,1.0,1.0,2.0,2.0,2.0,1.0,2.0,1.0,1.0,1.0,2.0,1.0,2.0,2.0,1.0,1.0,1.0,1.0,1.0,2.0,1.0,1.0,1.0,1.0,1.0,1.0,2.0,1.0,2.0,1.0,2.0,1.0
1937,5,5,5,4,4,5,5,4,2,2,70.0,,5.0,,,,,5.0,4.0,2.0,,6.0,1.0,54.0,,1.0,,,,,2.0,5.0,5.0,,,,,15.0,,1.0,,,3.0,,1.0,,5.0,,,,,,,,,,,1.0,1.0,1.0,1.0,1.0,1.0,6.0,3.0,3.0,3.0,3.0,5.0,6.0,6.0,3.0,2.0,70.0,70.0,70.0,60.0,60.0,70.0,70.0,60.0,40.0,40.0,1.0,1.0,2.0,1.0,2.0,1.0,1.0,1.0,2.0,1.0,2.0,1.0,1.0,2.0,1.0,1.0,1.0,1.0,1.0,1.0,1.0,1.0,2.0,2.0,1.0,1.0,1.0,1.0,2.0,1.0,1.0,2.0,1.0,2.0,1.0,2.0,1.0,1.0,1.0,1.0
28,5,5,5,4,4,5,5,5,2,2,,30.0,5.0,,,,,5.0,4.0,2.0,6.0,,,,1.0,1.0,,3.0,5.0,5.0,,,,,,,,15.0,1.0,,,3.0,,,1.0,,5.0,1.0,1.0,1.0,1.0,1.0,1.0,1.0,1.0,1.0,1.0,,,,,,,6.0,3.0,3.0,3.0,3.0,5.0,6.0,6.0,3.0,2.0,75.0,75.0,75.0,65.0,65.0,75.0,75.0,75.0,40.0,40.0,1.0,1.0,2.0,1.0,1.0,2.0,1.0,1.0,1.0,2.0,1.0,1.0,1.0,2.0,1.0,2.0,1.0,1.0,1.0,1.0,1.0,1.0,1.0,1.0,1.0,1.0,1.0,1.0,1.0,1.0,1.0,1.0,2.0,2.0,1.0,1.0,1.0,1.0,2.0,1.0
762,4,4,4,4,4,4,4,4,2,2,70.0,,,2.0,5.0,4.0,2.0,,,,6.0,,1.0,54.0,,1.0,,,,,,,,3.0,5.0,5.0,,15.0,,1.0,4.0,,,,1.0,5.0,,1.0,1.0,1.0,1.0,1.0,1.0,1.0,1.0,1.0,1.0,,,,,,,6.0,3.0,3.0,3.0,3.0,5.0,6.0,6.0,4.0,2.0,70.0,65.0,65.0,65.0,65.0,65.0,65.0,65.0,40.0,40.0,1.0,1.0,2.0,2.0,1.0,1.0,2.0,2.0,1.0,2.0,1.0,1.0,2.0,1.0,2.0,1.0,2.0,1.0,1.0,1.0,1.0,1.0,2.0,1.0,2.0,1.0,1.0,2.0,2.0,1.0,1.0,1.0,2.0,2.0,1.0,1.0,1.0,1.0,1.0,1.0
611,4,4,4,4,4,5,5,4,2,2,70.0,,,2.0,,,,,,,,6.0,1.0,54.0,,1.0,,,,,2.0,5.0,5.0,,,,15.0,,1.0,,,3.0,,1.0,,5.0,,,,,,,,,,,,1.0,1.0,1.0,1.0,1.0,1.0,7.0,3.0,3.0,3.0,3.0,5.0,6.0,6.0,4.0,2.0,65.0,60.0,60.0,60.0,60.0,70.0,70.0,60.0,40.0,40.0,2.0,1.0,1.0,1.0,2.0,2.0,1.0,1.0,1.0,2.0,1.0,1.0,1.0,1.0,1.0,1.0,1.0,1.0,2.0,2.0,1.0,1.0,1.0,1.0,1.0,2.0,1.0,1.0,1.0,1.0,1.0,1.0,1.0,1.0,1.0,2.0,1.0,2.0,2.0,1.0
398,4,5,5,3,4,5,5,3,2,2,70.0,,5.0,,5.0,4.0,2.0,,,,,6.0,,,1.0,,2.0,,,,,,,3.0,4.0,5.0,,12.0,1.0,,4.0,,,,1.0,5.0,,1.0,1.0,1.0,1.0,1.0,1.0,1.0,1.0,1.0,1.0,,,,,,,6.0,3.0,2.0,2.0,3.0,5.0,6.0,6.0,3.0,2.0,70.0,75.0,80.0,50.0,60.0,75.0,75.0,50.0,40.0,40.0,2.0,1.0,2.0,1.0,2.0,1.0,1.0,1.0,1.0,1.0,1.0,2.0,2.0,1.0,1.0,1.0,1.0,2.0,1.0,1.0,1.0,2.0,1.0,1.0,1.0,2.0,1.0,2.0,2.0,2.0,1.0,1.0,2.0,2.0,1.0,1.0,1.0,1.0,1.0,1.0
584,2,3,3,2,3,4,4,2,4,3,70.0,,,2.0,,,,,,,6.0,,1.0,54.0,,,2.0,,,,3.0,4.0,5.0,,,,15.0,,1.0,,,,2.0,,1.0,,5.0,1.0,1.0,1.0,1.0,1.0,1.0,1.0,1.0,1.0,1.0,,,,,,,6.0,3.0,3.0,3.0,3.0,5.0,6.0,6.0,3.0,2.0,40.0,50.0,50.0,40.0,50.0,60.0,60.0,40.0,60.0,50.0,2.0,1.0,1.0,2.0,2.0,2.0,2.0,2.0,1.0,2.0,2.0,1.0,1.0,2.0,1.0,1.0,1.0,2.0,2.0,1.0,2.0,1.0,1.0,1.0,2.0,2.0,1.0,2.0,1.0,1.0,1.0,2.0,1.0,1.0,1.0,2.0,1.0,1.0,1.0,1.0
1362,5,5,5,5,5,5,5,5,1,1,70.0,,,,,,,,,,6.0,,1.0,54.0,,1.0,,,,,,,,2.0,5.0,5.0,15.0,,1.0,,4.0,,,,1.0,5.0,,1.0,1.0,1.0,1.0,1.0,1.0,1.0,1.0,1.0,1.0,,,,,,,6.0,3.0,3.0,3.0,3.0,5.0,6.0,6.0,4.0,2.0,85.0,85.0,85.0,85.0,85.0,85.0,85.0,85.0,20.0,20.0,1.0,1.0,1.0,1.0,1.0,1.0,1.0,1.0,2.0,1.0,1.0,1.0,1.0,1.0,1.0,1.0,1.0,2.0,1.0,1.0,1.0,1.0,1.0,1.0,1.0,1.0,2.0,1.0,1.0,1.0,1.0,1.0,1.0,1.0,1.0,1.0,1.0,1.0,1.0,1.0
1211,5,5,5,5,5,5,5,5,1,1,70.0,,5.0,,,,,,,,,6.0,1.0,54.0,,,2.0,2.0,5.0,5.0,,,,,,,15.0,,1.0,,,,2.0,,1.0,5.0,,,,,,,,,,,,1.0,1.0,1.0,1.0,1.0,1.0,7.0,3.0,3.0,3.0,3.0,5.0,6.0,6.0,4.0,2.0,80.0,80.0,85.0,85.0,85.0,85.0,85.0,80.0,20.0,20.0,2.0,2.0,1.0,1.0,1.0,2.0,1.0,2.0,1.0,1.0,2.0,2.0,1.0,1.0,1.0,2.0,1.0,1.0,1.0,2.0,,,,,,,,,,,,,,,,,,,,
1798,2,3,3,1,2,3,3,1,1,1,70.0,,,2.0,,,,,,,6.0,,,,1.0,,2.0,,,,2.0,4.0,5.0,,,,,10.0,1.0,,,,3.0,,,,,,,,,,,,,,,,,,,,,,,,,,,,,,2.0,40.0,50.0,50.0,20.0,30.0,50.0,50.0,20.0,20.0,20.0,1.0,1.0,1.0,2.0,1.0,2.0,1.0,2.0,2.0,1.0,1.0,2.0,2.0,1.0,1.0,1.0,1.0,1.0,1.0,2.0,,,,,,,,,,,,,,,,,,,,
1184,5,5,5,5,5,5,5,5,2,2,,30.0,5.0,,,,,5.0,4.0,2.0,,6.0,1.0,54.0,,,2.0,3.0,5.0,5.0,,,,,,,,15.0,1.0,,,,3.0,,1.0,5.0,,,,,,,,,,,,1.0,1.0,1.0,1.0,1.0,1.0,7.0,3.0,3.0,3.0,3.0,5.0,6.0,6.0,4.0,,,,,,,,,,,,1.0,1.0,2.0,1.0,2.0,2.0,2.0,1.0,2.0,1.0,1.0,1.0,1.0,2.0,1.0,1.0,1.0,2.0,1.0,1.0,1.0,1.0,1.0,1.0,1.0,2.0,2.0,1.0,1.0,1.0,1.0,1.0,1.0,2.0,1.0,1.0,1.0,1.0,1.0,1.0
1885,5,5,5,5,5,5,5,4,1,2,70.0,,,,,,,,,,6.0,,1.0,54.0,,1.0,,,,,,,,2.0,5.0,5.0,15.0,,,1.0,,4.0,,1.0,,5.0,,1.0,1.0,1.0,1.0,1.0,1.0,1.0,1.0,1.0,1.0,,,,,,,7.0,3.0,2.0,2.0,3.0,6.0,6.0,6.0,4.0,,,,,,,,,,,,1.0,2.0,1.0,2.0,2.0,1.0,1.0,2.0,2.0,1.0,1.0,2.0,2.0,1.0,2.0,1.0,2.0,2.0,1.0,2.0,2.0,2.0,1.0,2.0,1.0,1.0,1.0,2.0,2.0,2.0,1.0,1.0,1.0,2.0,1.0,1.0,2.0,2.0,1.0,1.0
1587,5,5,5,2,3,4,5,4,2,3,70.0,,,,,,,,,,6.0,,1.0,54.0,,1.0,,,,,,,,3.0,5.0,5.0,,12.0,1.0,,5.0,,,1.0,,5.0,,,,,,,,,,,,1.0,1.0,1.0,1.0,1.0,1.0,7.0,3.0,4.0,3.0,3.0,5.0,6.0,6.0,4.0,2.0,80.0,80.0,85.0,40.0,50.0,60.0,80.0,65.0,40.0,50.0,1.0,1.0,2.0,1.0,2.0,1.0,2.0,1.0,1.0,2.0,1.0,1.0,1.0,2.0,1.0,1.0,2.0,2.0,1.0,1.0,1.0,1.0,2.0,1.0,2.0,1.0,1.0,2.0,2.0,1.0,1.0,1.0,1.0,1.0,2.0,1.0,1.0,1.0,1.0,1.0
1612,3,4,4,3,4,4,4,3,2,3,,30.0,,2.0,,,,,,,6.0,,,,1.0,,2.0,,,,3.0,4.0,5.0,,,,,12.0,1.0,,,4.0,,,1.0,4.0,,,,,,,,,,,,1.0,1.0,1.0,1.0,1.0,1.0,6.0,3.0,3.0,3.0,3.0,5.0,5.0,5.0,3.0,2.0,55.0,60.0,60.0,50.0,60.0,60.0,60.0,50.0,40.0,50.0,2.0,1.0,2.0,1.0,2.0,1.0,2.0,2.0,1.0,1.0,1.0,2.0,1.0,1.0,1.0,1.0,2.0,1.0,1.0,2.0,1.0,2.0,2.0,2.0,2.0,1.0,1.0,1.0,1.0,1.0,1.0,1.0,1.0,1.0,2.0,2.0,1.0,1.0,2.0,1.0
1761,5,5,5,3,4,5,5,4,2,2,70.0,,,2.0,5.0,4.0,2.0,,,,6.0,,1.0,54.0,,,2.0,3.0,5.0,5.0,,,,,,,,12.0,1.0,,4.0,,,,1.0,,5.0,,,,,,,,,,,1.0,1.0,1.0,1.0,1.0,1.0,6.0,3.0,2.0,2.0,3.0,5.0,6.0,6.0,4.0,2.0,75.0,75.0,80.0,50.0,60.0,75.0,75.0,60.0,40.0,40.0,1.0,2.0,1.0,2.0,1.0,1.0,1.0,1.0,2.0,1.0,1.0,1.0,1.0,2.0,1.0,2.0,1.0,1.0,1.0,1.0,1.0,1.0,1.0,1.0,1.0,1.0,1.0,1.0,1.0,2.0,1.0,2.0,2.0,1.0,1.0,1.0,1.0,1.0,1.0,1.0
187,5,5,5,5,5,5,5,5,2,2,70.0,,6.0,,5.0,4.0,2.0,,,,,6.0,,,1.0,1.0,,3.0,5.0,5.0,,,,,,,,15.0,,1.0,,,3.0,,1.0,5.0,,,,,,,,,,,,1.0,1.0,1.0,1.0,1.0,1.0,7.0,3.0,4.0,3.0,3.0,5.0,6.0,6.0,,,,,,,,,,,,,2.0,1.0,1.0,2.0,2.0,1.0,1.0,2.0,1.0,1.0,1.0,1.0,1.0,2.0,2.0,1.0,1.0,1.0,2.0,2.0,1.0,1.0,1.0,2.0,1.0,1.0,1.0,1.0,1.0,1.0,1.0,1.0,1.0,1.0,2.0,1.0,1.0,1.0,1.0,1.0
212,2,3,3,2,3,3,3,2,4,3,,40.0,,2.0,,,,,,,6.0,,,,1.0,,2.0,,,,,,,2.0,4.0,5.0,,15.0,1.0,,,3.0,,1.0,,,5.0,,,,,,,,,,,1.0,1.0,1.0,1.0,1.0,1.0,6.0,3.0,3.0,3.0,3.0,5.0,6.0,6.0,3.0,2.0,40.0,50.0,50.0,40.0,50.0,50.0,50.0,40.0,60.0,50.0,1.0,1.0,1.0,2.0,2.0,1.0,1.0,2.0,1.0,2.0,1.0,1.0,2.0,2.0,1.0,2.0,1.0,1.0,1.0,1.0,2.0,1.0,1.0,2.0,2.0,1.0,1.0,1.0,1.0,1.0,1.0,1.0,1.0,1.0,2.0,2.0,1.0,2.0,1.0,2.0
361,5,4,5,4,4,5,5,4,2,2,70.0,,,2.0,,,,,,,,6.0,,,1.0,,2.0,3.0,4.0,5.0,,,,,,,,15.0,,1.0,4.0,,,1.0,,,5.0,,,,,,,,,,,1.0,1.0,1.0,1.0,1.0,1.0,6.0,3.0,3.0,3.0,4.0,5.0,6.0,6.0,4.0,2.0,75.0,65.0,80.0,60.0,60.0,75.0,75.0,65.0,40.0,40.0,1.0,2.0,2.0,1.0,1.0,2.0,1.0,1.0,1.0,1.0,1.0,1.0,1.0,1.0,1.0,1.0,1.0,2.0,2.0,1.0,1.0,1.0,1.0,2.0,2.0,1.0,2.0,1.0,2.0,1.0,1.0,1.0,1.0,1.0,1.0,1.0,1.0,2.0,2.0,2.0
10,5,5,5,5,5,5,5,5,1,1,70.0,,,2.0,5.0,4.0,2.0,,,,,7.0,,,1.0,1.0,,,,,2.0,5.0,5.0,,,,15.0,,1.0,,4.0,,,1.0,,,5.0,,,,,,,,,,,1.0,1.0,1.0,1.0,1.0,1.0,7.0,3.0,2.0,2.0,2.0,5.0,6.0,6.0,4.0,2.0,80.0,80.0,85.0,85.0,80.0,85.0,85.0,80.0,20.0,20.0,1.0,1.0,1.0,2.0,2.0,1.0,1.0,2.0,2.0,1.0,1.0,2.0,1.0,2.0,1.0,1.0,1.0,2.0,2.0,1.0,2.0,2.0,1.0,2.0,2.0,2.0,1.0,1.0,2.0,1.0,2.0,1.0,1.0,1.0,1.0,1.0,2.0,2.0,1.0,1.0
886,4,4,4,2,3,4,4,3,2,2,,30.0,,2.0,5.0,4.0,2.0,,,,6.0,,,,1.0,,2.0,,,,3.0,4.0,5.0,,,,,10.0,,1.0,4.0,,,1.0,,,5.0,,,,,,,,,,,1.0,1.0,1.0,1.0,1.0,1.0,7.0,3.0,3.0,3.0,3.0,5.0,6.0,6.0,,,,,,,,,,,,,2.0,1.0,2.0,2.0,1.0,1.0,2.0,1.0,2.0,1.0,1.0,1.0,1.0,1.0,1.0,1.0,1.0,2.0,1.0,2.0,,,,,,,,,,,,,,,,,,,,
1229,3,4,4,2,3,4,4,2,2,3,,30.0,2.0,,5.0,4.0,3.0,,,,6.0,,1.0,54.0,,1.0,,3.0,4.0,5.0,,,,,,,15.0,,,1.0,4.0,,,1.0,,,5.0,1.0,1.0,1.0,1.0,1.0,1.0,1.0,1.0,1.0,1.0,,,,,,,6.0,3.0,3.0,3.0,3.0,5.0,6.0,6.0,3.0,,,,,,,,,,,,1.0,1.0,2.0,1.0,2.0,2.0,1.0,1.0,1.0,2.0,1.0,1.0,1.0,2.0,1.0,1.0,1.0,1.0,2.0,1.0,1.0,1.0,2.0,2.0,1.0,1.0,2.0,1.0,2.0,1.0,1.0,2.0,1.0,1.0,1.0,1.0,1.0,2.0,1.0,1.0
1435,5,5,5,4,4,5,5,5,2,2,,30.0,,2.0,,,,,,,,6.0,,,1.0,1.0,,3.0,5.0,5.0,,,,,,,15.0,,1.0,,,,3.0,1.0,,,5.0,,,,,,,,,,,1.0,1.0,1.0,1.0,1.0,1.0,7.0,3.0,2.0,3.0,3.0,5.0,6.0,6.0,,,,,,,,,,,,,2.0,2.0,1.0,1.0,1.0,1.0,1.0,2.0,2.0,1.0,1.0,1.0,1.0,1.0,1.0,1.0,1.0,1.0,1.0,1.0,2.0,1.0,2.0,1.0,1.0,1.0,1.0,2.0,1.0,2.0,1.0,2.0,1.0,1.0,2.0,1.0,1.0,1.0,1.0,2.0
1546,5,5,5,5,5,5,5,5,2,2,70.0,,6.0,,5.0,4.0,3.0,,,,6.0,,,,1.0,,2.0,,,,2.0,5.0,5.0,,,,15.0,,,1.0,4.0,,,,1.0,,5.0,,,,,,,,,,,1.0,1.0,1.0,1.0,1.0,1.0,7.0,3.0,3.0,3.0,3.0,5.0,6.0,6.0,4.0,2.0,75.0,75.0,80.0,70.0,70.0,80.0,75.0,70.0,40.0,40.0,2.0,1.0,2.0,1.0,1.0,1.0,1.0,1.0,2.0,1.0,1.0,2.0,1.0,1.0,1.0,1.0,2.0,1.0,1.0,1.0,1.0,1.0,2.0,1.0,1.0,1.0,2.0,1.0,2.0,1.0,1.0,1.0,1.0,1.0,1.0,1.0,1.0,1.0,1.0,1.0
629,5,5,5,4,4,5,5,4,2,2,70.0,,5.0,,,,,5.0,4.0,2.0,,6.0,1.0,54.0,,,2.0,,,,,,,2.0,5.0,5.0,15.0,,1.0,,4.0,,,1.0,,5.0,,1.0,1.0,1.0,1.0,1.0,1.0,1.0,1.0,1.0,1.0,,,,,,,6.0,3.0,2.0,3.0,3.0,5.0,6.0,6.0,4.0,,,,,,,,,,,,2.0,1.0,1.0,2.0,1.0,2.0,1.0,1.0,1.0,2.0,2.0,1.0,2.0,1.0,1.0,2.0,1.0,1.0,2.0,2.0,,,,,,,,,,,,,,,,,,,,
146,4,4,4,3,3,4,4,3,2,2,70.0,,,2.0,,,,,,,6.0,,1.0,54.0,,,2.0,,,,,,,3.0,4.0,5.0,,12.0,,1.0,,,3.0,1.0,,5.0,,,,,,,,,,,,1.0,1.0,1.0,1.0,1.0,1.0,6.0,3.0,3.0,3.0,3.0,5.0,5.0,5.0,3.0,2.0,65.0,65.0,65.0,50.0,50.0,65.0,65.0,50.0,35.0,35.0,2.0,1.0,2.0,2.0,2.0,2.0,1.0,1.0,1.0,1.0,2.0,1.0,1.0,1.0,1.0,1.0,1.0,2.0,1.0,2.0,1.0,1.0,1.0,1.0,2.0,1.0,1.0,2.0,1.0,1.0,2.0,1.0,1.0,1.0,1.0,1.0,1.0,2.0,1.0,2.0
934,4,4,4,2,3,4,4,3,2,2,70.0,,,2.0,,,,,,,,6.0,,,1.0,,2.0,,,,,,,2.0,4.0,5.0,15.0,,1.0,,,,,,,,,,,,,,,,,,,,,,,,,,,,,,,,,,,,,,,,,,,,,,,,,,,,,,,,,,,,,,,,,,,,,,,,,,,,,,,,,,,,
847,5,5,5,5,5,5,5,5,2,2,,30.0,,2.0,,,,,,,6.0,,,,1.0,,2.0,,,,3.0,5.0,5.0,,,,15.0,,1.0,,,,3.0,,1.0,5.0,,1.0,1.0,1.0,1.0,1.0,1.0,1.0,1.0,1.0,1.0,,,,,,,7.0,3.0,3.0,3.0,3.0,5.0,6.0,6.0,3.0,2.0,80.0,80.0,85.0,85.0,85.0,85.0,85.0,80.0,40.0,40.0,2.0,2.0,2.0,2.0,2.0,1.0,1.0,1.0,2.0,2.0,1.0,1.0,2.0,1.0,1.0,2.0,1.0,2.0,1.0,1.0,,,,,,,,,,,,,,,,,,,,
1440,4,4,4,2,3,4,4,3,2,3,,30.0,5.0,,4.0,4.0,2.0,,,,6.0,,1.0,54.0,,1.0,,,,,2.0,4.0,5.0,,,,15.0,,,1.0,4.0,,,,1.0,5.0,,1.0,1.0,1.0,1.0,1.0,1.0,1.0,1.0,1.0,1.0,,,,,,,6.0,3.0,3.0,3.0,3.0,5.0,6.0,6.0,4.0,2.0,65.0,60.0,60.0,40.0,45.0,60.0,60.0,40.0,35.0,45.0,1.0,2.0,2.0,1.0,2.0,1.0,1.0,1.0,1.0,1.0,2.0,1.0,1.0,1.0,1.0,1.0,1.0,1.0,1.0,1.0,,,,,,,,,,,,,,,,,,,,
1533,2,3,3,2,3,4,4,2,2,2,,30.0,2.0,,,,,5.0,4.0,2.0,6.0,,,,1.0,,2.0,3.0,4.0,5.0,,,,,,,15.0,,,1.0,,3.0,,,1.0,5.0,,,,,,,,,,,,1.0,1.0,1.0,1.0,1.0,1.0,6.0,3.0,3.0,3.0,3.0,5.0,6.0,6.0,4.0,2.0,40.0,50.0,50.0,40.0,50.0,60.0,60.0,40.0,40.0,40.0,1.0,2.0,2.0,1.0,1.0,1.0,1.0,1.0,1.0,2.0,1.0,1.0,2.0,2.0,2.0,1.0,1.0,1.0,1.0,2.0,,,,,,,,,,,,,,,,,,,,
133,5,5,5,3,4,5,5,4,2,2,70.0,,,2.0,,,,,,,6.0,,1.0,54.0,,,2.0,3.0,5.0,5.0,,,,,,,15.0,,,1.0,4.0,,,1.0,,5.0,,,,,,,,,,,,1.0,1.0,1.0,1.0,1.0,1.0,7.0,3.0,2.0,2.0,3.0,5.0,6.0,6.0,4.0,2.0,80.0,75.0,85.0,50.0,60.0,80.0,80.0,60.0,40.0,40.0,1.0,2.0,2.0,1.0,1.0,1.0,2.0,1.0,2.0,1.0,1.0,2.0,2.0,2.0,1.0,1.0,1.0,1.0,1.0,2.0,1.0,1.0,2.0,1.0,1.0,2.0,1.0,1.0,1.0,1.0,1.0,1.0,1.0,2.0,2.0,1.0,2.0,1.0,2.0,2.0
941,5,5,5,4,4,5,5,4,2,2,,30.0,2.0,,,,,5.0,4.0,2.0,,6.0,1.0,54.0,,1.0,,,,,,,,2.0,5.0,5.0,,15.0,1.0,,,4.0,,1.0,,5.0,,,,,,,,,,,,1.0,1.0,1.0,1.0,1.0,1.0,7.0,3.0,3.0,3.0,3.0,5.0,6.0,6.0,3.0,,,,,,,,,,,,2.0,1.0,2.0,1.0,1.0,1.0,2.0,1.0,1.0,2.0,1.0,1.0,1.0,2.0,2.0,1.0,1.0,1.0,1.0,1.0,1.0,1.0,2.0,1.0,1.0,1.0,1.0,2.0,1.0,2.0,2.0,2.0,1.0,1.0,2.0,1.0,2.0,1.0,2.0,1.0
832,5,5,5,5,4,5,5,5,2,2,70.0,,,,5.0,4.0,2.0,,,,6.0,,,,1.0,1.0,,,,,,,,2.0,5.0,5.0,15.0,,1.0,,,,,,,,,,,,,,,,,,,,,,,,,,,,,,,,,,,,,,,,,,,,,,,,,,,,,,,,,,,,,,,,,,,,,,,,,,,,,,,,,,,,
1667,5,5,5,5,5,5,5,5,2,2,70.0,,,2.0,,,,,,,,6.0,1.0,54.0,,,2.0,,,,2.0,5.0,5.0,,,,,15.0,,1.0,,,3.0,1.0,,,5.0,,,,,,,,,,,1.0,1.0,1.0,1.0,1.0,1.0,7.0,3.0,3.0,3.0,5.0,5.0,6.0,6.0,4.0,2.0,80.0,80.0,85.0,80.0,80.0,85.0,80.0,75.0,40.0,40.0,2.0,2.0,1.0,2.0,2.0,1.0,1.0,1.0,1.0,1.0,1.0,1.0,1.0,2.0,1.0,1.0,1.0,1.0,1.0,1.0,,,,,,,,,,,,,,,,,,,,
1714,2,3,3,1,2,3,4,2,1,1,70.0,,2.0,,5.0,4.0,2.0,,,,6.0,,,,1.0,,2.0,,,,,,,2.0,4.0,5.0,15.0,,,1.0,,3.0,,1.0,,,5.0,,,,,,,,,,,1.0,1.0,1.0,1.0,1.0,1.0,6.0,3.0,2.0,3.0,3.0,5.0,6.0,6.0,3.0,2.0,40.0,35.0,35.0,20.0,25.0,35.0,45.0,30.0,20.0,20.0,1.0,1.0,1.0,2.0,2.0,2.0,2.0,2.0,1.0,2.0,1.0,2.0,2.0,2.0,1.0,2.0,1.0,1.0,1.0,1.0,,,,,,,,,,,,,,,,,,,,
1108,2,3,3,2,3,3,4,2,2,3,70.0,,2.0,,,,,5.0,4.0,2.0,6.0,,1.0,54.0,,1.0,,3.0,4.0,5.0,,,,,,,15.0,,,1.0,,,2.0,1.0,,,5.0,1.0,1.0,1.0,1.0,1.0,1.0,1.0,1.0,1.0,1.0,,,,,,,6.0,3.0,3.0,3.0,3.0,5.0,6.0,6.0,4.0,2.0,50.0,55.0,55.0,40.0,50.0,50.0,60.0,40.0,40.0,50.0,1.0,2.0,1.0,1.0,1.0,2.0,2.0,2.0,1.0,1.0,2.0,2.0,2.0,1.0,2.0,1.0,2.0,1.0,1.0,2.0,1.0,1.0,1.0,1.0,1.0,2.0,2.0,2.0,2.0,1.0,1.0,2.0,1.0,2.0,1.0,1.0,2.0,2.0,1.0,1.0
1481,2,3,3,1,2,2,3,1,1,1,,30.0,,2.0,,,,,,,6.0,,,,1.0,,2.0,,,,2.0,5.0,5.0,,,,,10.0,,1.0,4.0,,,1.0,,,5.0,1.0,1.0,1.0,1.0,1.0,1.0,1.0,1.0,1.0,1.0,,,,,,,7.0,3.0,2.0,3.0,3.0,5.0,6.0,6.0,4.0,,,,,,,,,,,,2.0,2.0,1.0,1.0,2.0,1.0,1.0,1.0,1.0,1.0,1.0,1.0,1.0,1.0,1.0,1.0,1.0,1.0,2.0,1.0,1.0,2.0,1.0,1.0,1.0,1.0,1.0,1.0,2.0,2.0,1.0,1.0,1.0,1.0,1.0,1.0,1.0,1.0,1.0,1.0
267,5,5,5,2,3,5,5,4,2,2,,30.0,5.0,,5.0,4.0,3.0,,,,6.0,,1.0,54.0,,,2.0,,,,,,,2.0,5.0,5.0,15.0,,1.0,,4.0,,,1.0,,,5.0,1.0,1.0,1.0,1.0,1.0,1.0,1.0,1.0,1.0,1.0,,,,,,,7.0,4.0,3.0,3.0,3.0,5.0,6.0,6.0,4.0,2.0,75.0,70.0,80.0,40.0,50.0,75.0,75.0,65.0,40.0,40.0,1.0,1.0,1.0,2.0,1.0,1.0,1.0,1.0,1.0,1.0,1.0,1.0,2.0,2.0,1.0,1.0,1.0,2.0,1.0,1.0,,,,,,,,,,,,,,,,,,,,
314,1,2,2,1,2,2,3,1,1,1,30.0,,,2.0,,,,,,,,6.0,1.0,54.0,,,2.0,,,,,,,2.0,2.0,2.0,,15.0,1.0,,4.0,,,1.0,,,5.0,,,,,,,,,,,1.0,1.0,1.0,1.0,1.0,1.0,7.0,3.0,2.0,3.0,3.0,6.0,6.0,6.0,3.0,2.0,15.0,25.0,25.0,15.0,25.0,25.0,35.0,15.0,15.0,15.0,1.0,1.0,2.0,2.0,1.0,1.0,1.0,1.0,2.0,2.0,1.0,2.0,2.0,1.0,1.0,1.0,1.0,1.0,1.0,1.0,1.0,1.0,1.0,1.0,1.0,1.0,2.0,2.0,1.0,1.0,2.0,1.0,1.0,2.0,1.0,1.0,1.0,1.0,1.0,1.0
508,4,4,5,5,4,5,5,4,2,3,70.0,,,2.0,,,,,,,,6.0,1.0,54.0,,1.0,,,,,,,,3.0,5.0,5.0,,15.0,,1.0,4.0,,,1.0,,5.0,,,,,,,,,,,,1.0,1.0,1.0,1.0,1.0,1.0,6.0,3.0,3.0,3.0,3.0,5.0,6.0,6.0,4.0,2.0,70.0,65.0,75.0,80.0,70.0,80.0,75.0,65.0,40.0,50.0,1.0,2.0,1.0,1.0,1.0,1.0,1.0,2.0,1.0,2.0,2.0,2.0,1.0,2.0,2.0,1.0,1.0,1.0,1.0,2.0,1.0,1.0,2.0,1.0,1.0,2.0,1.0,2.0,1.0,1.0,1.0,1.0,1.0,2.0,1.0,2.0,1.0,1.0,1.0,1.0
980,4,4,4,1,3,4,4,3,1,2,,30.0,,2.0,,,,,,,6.0,,,,1.0,1.0,,,,,3.0,4.0,5.0,,,,,12.0,1.0,,,,3.0,1.0,,,5.0,,,,,,,,,,,1.0,1.0,1.0,1.0,1.0,1.0,6.0,3.0,2.0,3.0,3.0,5.0,6.0,6.0,4.0,2.0,60.0,60.0,60.0,30.0,45.0,60.0,60.0,45.0,30.0,35.0,1.0,1.0,2.0,1.0,2.0,2.0,2.0,1.0,2.0,1.0,1.0,2.0,1.0,1.0,1.0,1.0,2.0,1.0,2.0,1.0,1.0,1.0,1.0,2.0,1.0,1.0,1.0,2.0,1.0,2.0,1.0,2.0,1.0,1.0,1.0,1.0,1.0,1.0,1.0,1.0
65,5,5,5,5,5,5,5,5,1,1,70.0,,6.0,,5.0,4.0,2.0,,,,6.0,,1.0,54.0,,,2.0,3.0,5.0,5.0,,,,,,,,15.0,,1.0,,,3.0,1.0,,5.0,,,,,,,,,,,,1.0,1.0,1.0,1.0,1.0,1.0,7.0,3.0,2.0,2.0,3.0,5.0,6.0,6.0,4.0,,,,,,,,,,,,1.0,1.0,1.0,2.0,1.0,2.0,2.0,2.0,1.0,2.0,1.0,2.0,2.0,1.0,1.0,1.0,1.0,1.0,2.0,1.0,1.0,1.0,1.0,2.0,1.0,1.0,2.0,2.0,1.0,1.0,1.0,1.0,1.0,1.0,1.0,1.0,2.0,1.0,1.0,2.0
2014,5,5,5,4,4,5,5,4,2,2,,30.0,,2.0,,,,,,,6.0,,,,1.0,,2.0,2.0,5.0,5.0,,,,,,,,15.0,,1.0,,,3.0,,1.0,5.0,,,,,,,,,,,,1.0,1.0,1.0,1.0,1.0,1.0,6.0,3.0,3.0,3.0,3.0,5.0,6.0,6.0,4.0,2.0,75.0,75.0,75.0,65.0,65.0,75.0,75.0,65.0,35.0,35.0,2.0,1.0,2.0,1.0,2.0,1.0,1.0,2.0,1.0,1.0,2.0,1.0,2.0,1.0,2.0,2.0,2.0,1.0,1.0,1.0,,,,,,,,,,,,,,,,,,,,
1809,5,5,5,4,4,5,5,4,2,2,70.0,,,2.0,,,,,,,6.0,,1.0,54.0,,1.0,,,,,2.0,5.0,5.0,,,,15.0,,1.0,,4.0,,,1.0,,5.0,,,,,,,,,,,,1.0,1.0,1.0,1.0,1.0,1.0,6.0,3.0,3.0,3.0,3.0,5.0,6.0,6.0,4.0,,,,,,,,,,,,1.0,2.0,2.0,2.0,1.0,2.0,1.0,1.0,2.0,1.0,,,,,,,,,,,,,,,,,,,,,,,,,,,,,,
838,5,5,5,4,4,5,5,5,2,3,70.0,,5.0,,,,,5.0,4.0,2.0,,6.0,,,1.0,,2.0,,,,2.0,5.0,5.0,,,,,15.0,,1.0,,,4.0,1.0,,,5.0,,,,,,,,,,,1.0,1.0,1.0,1.0,1.0,1.0,7.0,3.0,4.0,3.0,3.0,5.0,6.0,5.0,4.0,2.0,75.0,80.0,85.0,70.0,70.0,80.0,85.0,75.0,40.0,50.0,1.0,2.0,2.0,2.0,1.0,1.0,2.0,1.0,1.0,1.0,1.0,1.0,1.0,1.0,1.0,1.0,1.0,2.0,1.0,1.0,1.0,2.0,2.0,1.0,2.0,1.0,1.0,1.0,1.0,1.0,1.0,1.0,2.0,2.0,1.0,1.0,2.0,1.0,1.0,1.0
1539,5,5,5,4,4,5,5,4,2,2,,30.0,5.0,,5.0,4.0,2.0,,,,6.0,,,,1.0,,2.0,2.0,5.0,5.0,,,,,,,,15.0,,1.0,4.0,,,1.0,,5.0,,1.0,1.0,1.0,1.0,1.0,1.0,1.0,1.0,1.0,1.0,,,,,,,7.0,3.0,3.0,3.0,3.0,5.0,6.0,6.0,4.0,2.0,75.0,75.0,75.0,65.0,65.0,75.0,75.0,65.0,40.0,40.0,1.0,2.0,1.0,1.0,2.0,2.0,1.0,1.0,2.0,2.0,1.0,2.0,1.0,2.0,1.0,2.0,1.0,1.0,1.0,1.0,1.0,1.0,2.0,1.0,1.0,2.0,1.0,2.0,1.0,1.0,2.0,1.0,2.0,1.0,1.0,1.0,1.0,1.0,2.0,1.0
1256,4,4,4,3,4,5,4,3,2,3,70.0,,,2.0,,,,,,,6.0,,,,1.0,,2.0,,,,2.0,4.0,5.0,,,,,15.0,1.0,,,,2.0,1.0,,5.0,,1.0,1.0,1.0,1.0,1.0,1.0,1.0,1.0,1.0,1.0,,,,,,,6.0,3.0,2.0,2.0,3.0,5.0,6.0,6.0,3.0,2.0,70.0,65.0,65.0,50.0,60.0,75.0,65.0,50.0,40.0,50.0,2.0,1.0,2.0,1.0,1.0,2.0,1.0,1.0,1.0,2.0,1.0,2.0,2.0,1.0,1.0,2.0,1.0,1.0,2.0,1.0,2.0,1.0,1.0,1.0,1.0,2.0,1.0,1.0,1.0,2.0,2.0,1.0,1.0,2.0,1.0,1.0,2.0,1.0,2.0,1.0
1325,5,5,5,1,2,1,5,1,1,1,,30.0,,1.0,,,,,,,,6.0,1.0,54.0,,1.0,,,,,2.0,5.0,5.0,,,,15.0,,,1.0,,3.0,,,1.0,5.0,,1.0,1.0,1.0,1.0,1.0,1.0,1.0,1.0,1.0,1.0,,,,,,,7.0,3.0,3.0,3.0,3.0,5.0,6.0,6.0,4.0,2.0,70.0,70.0,70.0,30.0,30.0,30.0,70.0,30.0,30.0,30.0,1.0,1.0,2.0,1.0,2.0,1.0,1.0,2.0,1.0,2.0,1.0,2.0,1.0,1.0,1.0,1.0,1.0,1.0,1.0,1.0,2.0,2.0,2.0,1.0,1.0,2.0,1.0,2.0,1.0,1.0,1.0,1.0,1.0,1.0,1.0,1.0,2.0,1.0,1.0,1.0
139,2,3,3,1,2,2,3,2,1,1,,30.0,,2.0,,,,,,,,6.0,1.0,54.0,,,2.0,2.0,4.0,5.0,,,,,,,,15.0,,1.0,,,3.0,1.0,,,5.0,1.0,1.0,1.0,1.0,1.0,1.0,1.0,1.0,1.0,1.0,,,,,,,6.0,3.0,3.0,3.0,3.0,5.0,6.0,6.0,4.0,2.0,,,,,,,,,,,1.0,1.0,2.0,2.0,1.0,2.0,2.0,1.0,1.0,2.0,1.0,1.0,1.0,1.0,2.0,1.0,1.0,1.0,2.0,2.0,2.0,1.0,1.0,1.0,1.0,1.0,2.0,1.0,2.0,1.0,1.0,1.0,1.0,2.0,1.0,1.0,1.0,1.0,1.0,2.0
656,4,4,4,2,3,4,4,3,2,2,,30.0,,2.0,5.0,4.0,2.0,,,,6.0,,,,1.0,1.0,,2.0,4.0,5.0,,,,,,,15.0,,1.0,,,4.0,,1.0,,,5.0,1.0,1.0,1.0,1.0,1.0,1.0,1.0,1.0,1.0,1.0,,,,,,,7.0,3.0,2.0,2.0,3.0,5.0,6.0,6.0,3.0,2.0,60.0,55.0,60.0,40.0,45.0,55.0,55.0,40.0,35.0,35.0,2.0,1.0,1.0,2.0,1.0,2.0,1.0,2.0,1.0,2.0,1.0,2.0,1.0,2.0,1.0,2.0,1.0,1.0,1.0,2.0,,,,,,,,,,,,,,,,,,,,
725,4,4,4,3,3,4,4,3,2,2,70.0,,,2.0,,,,,,,,6.0,1.0,54.0,,,2.0,3.0,4.0,5.0,,,,,,,15.0,,,1.0,,,3.0,1.0,,,5.0,1.0,1.0,1.0,1.0,1.0,1.0,1.0,1.0,1.0,1.0,,,,,,,6.0,3.0,2.0,2.0,3.0,5.0,6.0,6.0,4.0,,,,,,,,,,,,2.0,2.0,1.0,1.0,2.0,1.0,1.0,1.0,1.0,1.0,1.0,2.0,1.0,1.0,2.0,1.0,1.0,1.0,2.0,1.0,1.0,1.0,1.0,1.0,1.0,1.0,1.0,1.0,1.0,1.0,1.0,1.0,1.0,1.0,1.0,1.0,1.0,1.0,1.0,1.0
1970,5,5,5,5,5,5,5,5,1,1,70.0,,5.0,,,,,5.0,4.0,2.0,,6.0,,,1.0,,2.0,,,,2.0,5.0,5.0,,,,,15.0,,1.0,,3.0,,1.0,,5.0,,1.0,1.0,1.0,1.0,1.0,1.0,1.0,1.0,1.0,1.0,,,,,,,7.0,3.0,3.0,3.0,3.0,5.0,6.0,6.0,4.0,2.0,75.0,70.0,75.0,70.0,70.0,75.0,75.0,70.0,30.0,30.0,2.0,2.0,2.0,1.0,2.0,1.0,1.0,1.0,1.0,1.0,1.0,2.0,1.0,2.0,1.0,1.0,1.0,1.0,1.0,2.0,1.0,2.0,1.0,2.0,2.0,1.0,2.0,1.0,1.0,1.0,1.0,2.0,1.0,2.0,1.0,1.0,1.0,2.0,1.0,1.0
1803,5,5,5,5,5,5,5,5,2,2,70.0,,,2.0,5.0,4.0,2.0,,,,,6.0,,,1.0,,2.0,,,,,,,3.0,5.0,5.0,,15.0,1.0,,4.0,,,1.0,,,5.0,,,,,,,,,,,1.0,1.0,1.0,1.0,1.0,1.0,7.0,3.0,3.0,3.0,3.0,5.0,6.0,6.0,4.0,2.0,75.0,70.0,80.0,70.0,65.0,75.0,70.0,60.0,40.0,40.0,1.0,2.0,2.0,1.0,1.0,2.0,1.0,2.0,2.0,1.0,2.0,2.0,1.0,1.0,2.0,1.0,1.0,2.0,2.0,2.0,1.0,2.0,2.0,2.0,2.0,1.0,1.0,1.0,1.0,1.0,1.0,2.0,1.0,1.0,1.0,1.0,2.0,2.0,1.0,1.0
1297,2,3,3,1,2,3,3,2,1,2,40.0,,2.0,,5.0,4.0,2.0,,,,6.0,,1.0,54.0,,1.0,,,,,,,,2.0,4.0,4.0,15.0,,,1.0,,,2.0,1.0,,,5.0,1.0,1.0,1.0,1.0,1.0,1.0,1.0,1.0,1.0,1.0,,,,,,,6.0,3.0,3.0,3.0,3.0,5.0,5.0,5.0,4.0,,,,,,,,,,,,2.0,1.0,1.0,2.0,1.0,1.0,2.0,1.0,2.0,1.0,2.0,2.0,2.0,1.0,1.0,2.0,1.0,1.0,1.0,2.0,1.0,1.0,1.0,1.0,2.0,2.0,1.0,1.0,1.0,2.0,1.0,1.0,1.0,2.0,1.0,1.0,2.0,1.0,1.0,1.0
1071,5,5,5,5,5,5,5,5,1,1,70.0,,5.0,,,,,5.0,4.0,2.0,,6.0,,,1.0,1.0,,3.0,5.0,5.0,,,,,,,15.0,,1.0,,,3.0,,1.0,,5.0,,,,,,,,,,,,1.0,1.0,1.0,1.0,1.0,1.0,7.0,3.0,3.0,3.0,3.0,5.0,6.0,6.0,3.0,2.0,75.0,75.0,80.0,80.0,80.0,80.0,80.0,75.0,25.0,25.0,1.0,2.0,1.0,2.0,1.0,2.0,1.0,2.0,2.0,1.0,1.0,1.0,2.0,1.0,2.0,1.0,2.0,1.0,1.0,2.0,,,,,,,,,,,,,,,,,,,,
1102,5,4,5,5,4,5,5,5,2,3,,20.0,6.0,,5.0,4.0,3.0,,,,6.0,,,,1.0,1.0,,,,,,,,2.0,5.0,5.0,15.0,,,1.0,4.0,,,1.0,,,5.0,1.0,1.0,1.0,1.0,1.0,1.0,1.0,1.0,1.0,1.0,,,,,,,6.0,3.0,3.0,3.0,3.0,5.0,6.0,6.0,4.0,2.0,75.0,65.0,75.0,75.0,65.0,75.0,75.0,75.0,40.0,50.0,1.0,2.0,2.0,1.0,2.0,2.0,1.0,1.0,2.0,1.0,1.0,2.0,2.0,1.0,2.0,1.0,1.0,1.0,2.0,2.0,2.0,1.0,1.0,1.0,1.0,2.0,2.0,2.0,1.0,1.0,1.0,2.0,1.0,1.0,1.0,2.0,1.0,2.0,1.0,2.0
697,5,5,5,4,4,5,5,4,2,2,,30.0,5.0,,5.0,4.0,2.0,,,,6.0,,,,1.0,1.0,,,,,,,,2.0,5.0,5.0,15.0,,1.0,,,3.0,,1.0,,5.0,,,,,,,,,,,,1.0,1.0,1.0,1.0,1.0,1.0,6.0,3.0,3.0,3.0,3.0,5.0,6.0,6.0,4.0,2.0,75.0,75.0,75.0,65.0,65.0,75.0,75.0,65.0,40.0,40.0,1.0,1.0,2.0,2.0,1.0,2.0,1.0,1.0,2.0,1.0,1.0,1.0,1.0,1.0,1.0,1.0,1.0,2.0,1.0,1.0,1.0,1.0,2.0,1.0,1.0,1.0,1.0,2.0,2.0,1.0,1.0,1.0,1.0,2.0,1.0,1.0,2.0,1.0,1.0,1.0
471,5,5,5,3,4,5,5,4,2,2,70.0,,,2.0,,,,,,,6.0,,1.0,54.0,,1.0,,3.0,5.0,5.0,,,,,,,,10.0,,1.0,,,3.0,1.0,,5.0,,1.0,1.0,1.0,1.0,1.0,1.0,1.0,1.0,1.0,1.0,,,,,,,6.0,3.0,3.0,3.0,3.0,5.0,6.0,6.0,3.0,,,,,,,,,,,,1.0,1.0,1.0,1.0,1.0,2.0,1.0,1.0,1.0,2.0,1.0,2.0,2.0,2.0,2.0,1.0,1.0,2.0,1.0,1.0,2.0,1.0,1.0,1.0,1.0,1.0,1.0,2.0,1.0,2.0,1.0,2.0,1.0,2.0,2.0,1.0,1.0,1.0,2.0,1.0
502,5,5,5,5,5,5,5,5,1,1,70.0,,5.0,,,,,,,,6.0,,1.0,54.0,,1.0,,,,,,,,3.0,5.0,5.0,15.0,,1.0,,,4.0,,1.0,,,5.0,1.0,1.0,1.0,1.0,1.0,1.0,1.0,1.0,1.0,1.0,,,,,,,7.0,3.0,3.0,3.0,3.0,5.0,6.0,6.0,4.0,,,,,,,,,,,,2.0,1.0,2.0,2.0,1.0,1.0,1.0,2.0,2.0,1.0,1.0,2.0,2.0,1.0,1.0,1.0,2.0,1.0,1.0,2.0,1.0,1.0,2.0,1.0,2.0,1.0,1.0,2.0,2.0,1.0,1.0,1.0,2.0,2.0,2.0,1.0,1.0,2.0,1.0,1.0
1905,1,2,2,1,2,2,3,1,1,1,70.0,,1.0,,,,,5.0,4.0,2.0,,6.0,,,1.0,1.0,,2.0,1.0,2.0,,,,,,,5.0,,1.0,,3.0,,,,1.0,5.0,,,,,,,,,,,,1.0,1.0,1.0,1.0,1.0,1.0,6.0,2.0,2.0,2.0,3.0,5.0,6.0,6.0,3.0,2.0,20.0,30.0,30.0,20.0,30.0,30.0,40.0,20.0,20.0,20.0,2.0,1.0,2.0,1.0,2.0,2.0,1.0,1.0,2.0,1.0,1.0,1.0,1.0,2.0,2.0,1.0,1.0,1.0,1.0,2.0,2.0,2.0,2.0,1.0,1.0,1.0,1.0,2.0,2.0,2.0,1.0,2.0,1.0,1.0,2.0,1.0,1.0,2.0,2.0,1.0
1876,5,5,5,4,5,5,5,5,1,2,,30.0,,2.0,,,,,,,6.0,,1.0,54.0,,1.0,,,,,,,,3.0,5.0,5.0,15.0,,,1.0,4.0,,,1.0,,5.0,,,,,,,,,,,,1.0,1.0,1.0,1.0,1.0,1.0,7.0,3.0,3.0,3.0,3.0,5.0,6.0,6.0,4.0,,,,,,,,,,,,1.0,1.0,1.0,1.0,2.0,2.0,1.0,1.0,1.0,1.0,2.0,1.0,1.0,1.0,1.0,1.0,1.0,1.0,1.0,2.0,1.0,2.0,1.0,1.0,2.0,1.0,1.0,1.0,2.0,1.0,2.0,1.0,1.0,1.0,1.0,1.0,2.0,1.0,1.0,1.0
1004,4,4,4,3,3,4,4,3,2,2,70.0,,2.0,,5.0,4.0,2.0,,,,,6.0,,,1.0,,2.0,,,,,,,2.0,4.0,5.0,,10.0,,1.0,4.0,,,,1.0,5.0,,1.0,1.0,1.0,1.0,1.0,1.0,1.0,1.0,1.0,1.0,,,,,,,6.0,3.0,3.0,3.0,3.0,5.0,6.0,6.0,4.0,2.0,65.0,60.0,60.0,50.0,50.0,60.0,60.0,50.0,40.0,40.0,2.0,2.0,1.0,1.0,1.0,1.0,2.0,1.0,1.0,1.0,1.0,1.0,1.0,1.0,2.0,1.0,1.0,1.0,2.0,1.0,2.0,1.0,1.0,1.0,1.0,1.0,2.0,2.0,2.0,1.0,1.0,1.0,1.0,1.0,2.0,2.0,1.0,1.0,2.0,1.0
1177,2,3,3,2,3,3,3,2,4,4,70.0,,2.0,,5.0,4.0,2.0,,,,,6.0,,,1.0,,2.0,,,,,,,3.0,4.0,5.0,15.0,,,1.0,4.0,,,1.0,,,5.0,1.0,1.0,1.0,1.0,1.0,1.0,1.0,1.0,1.0,1.0,,,,,,,6.0,3.0,2.0,2.0,3.0,5.0,6.0,6.0,4.0,2.0,45.0,50.0,50.0,40.0,50.0,50.0,50.0,40.0,55.0,55.0,1.0,2.0,2.0,1.0,1.0,1.0,1.0,1.0,1.0,1.0,1.0,1.0,1.0,2.0,2.0,2.0,1.0,2.0,1.0,1.0,1.0,1.0,1.0,1.0,2.0,1.0,2.0,1.0,1.0,2.0,1.0,1.0,2.0,2.0,2.0,1.0,1.0,1.0,1.0,2.0
1618,5,5,5,5,5,5,5,5,2,2,70.0,,5.0,,,,,5.0,4.0,2.0,6.0,,,,1.0,1.0,,,,,,,,2.0,5.0,5.0,15.0,,,1.0,,,3.0,1.0,,5.0,,1.0,1.0,1.0,1.0,1.0,1.0,1.0,1.0,1.0,1.0,,,,,,,7.0,3.0,3.0,3.0,3.0,5.0,6.0,6.0,3.0,,,,,,,,,,,,1.0,1.0,2.0,1.0,2.0,1.0,1.0,1.0,2.0,1.0,1.0,1.0,1.0,2.0,1.0,1.0,1.0,1.0,1.0,2.0,2.0,2.0,1.0,2.0,2.0,1.0,1.0,1.0,1.0,2.0,1.0,1.0,2.0,1.0,2.0,1.0,1.0,1.0,1.0,2.0
1391,3,3,3,2,2,3,3,2,4,4,,30.0,2.0,,,,,5.0,4.0,2.0,,6.0,,,1.0,1.0,,,,,,,,2.0,4.0,5.0,15.0,,1.0,,,,3.0,,1.0,5.0,,1.0,1.0,1.0,1.0,1.0,1.0,1.0,1.0,1.0,1.0,,,,,,,7.0,3.0,3.0,3.0,3.0,5.0,6.0,6.0,3.0,2.0,50.0,50.0,50.0,40.0,40.0,50.0,50.0,40.0,60.0,60.0,1.0,1.0,2.0,2.0,1.0,1.0,1.0,2.0,1.0,1.0,2.0,1.0,1.0,1.0,1.0,1.0,2.0,1.0,2.0,1.0,1.0,1.0,1.0,1.0,1.0,1.0,1.0,1.0,2.0,1.0,1.0,1.0,1.0,1.0,1.0,1.0,1.0,1.0,1.0,1.0
404,2,3,3,1,2,3,3,1,1,2,70.0,,,,,,,,,,,6.0,,,1.0,,2.0,,,,2.0,4.0,5.0,,,,,10.0,,1.0,,4.0,,,1.0,,5.0,,,,,,,,,,,1.0,1.0,1.0,1.0,1.0,1.0,6.0,3.0,2.0,3.0,3.0,5.0,6.0,6.0,3.0,2.0,,,,,,,,,,,1.0,1.0,2.0,1.0,2.0,1.0,2.0,2.0,1.0,1.0,1.0,1.0,2.0,1.0,1.0,2.0,2.0,2.0,1.0,1.0,2.0,2.0,1.0,1.0,2.0,1.0,1.0,2.0,2.0,1.0,1.0,1.0,2.0,2.0,1.0,1.0,2.0,2.0,1.0,1.0
577,4,4,4,3,3,4,4,3,2,2,,30.0,5.0,,5.0,4.0,2.0,,,,6.0,,,,1.0,1.0,,,,,2.0,4.0,5.0,,,,15.0,,,1.0,3.0,,,1.0,,5.0,,1.0,1.0,1.0,1.0,1.0,1.0,1.0,1.0,1.0,1.0,,,,,,,6.0,3.0,2.0,3.0,3.0,5.0,6.0,6.0,3.0,2.0,65.0,60.0,60.0,50.0,50.0,60.0,60.0,50.0,40.0,40.0,2.0,1.0,1.0,2.0,2.0,1.0,2.0,2.0,2.0,1.0,1.0,1.0,1.0,1.0,1.0,2.0,2.0,1.0,1.0,1.0,1.0,2.0,1.0,1.0,1.0,2.0,2.0,1.0,1.0,2.0,1.0,1.0,2.0,1.0,1.0,2.0,2.0,1.0,2.0,2.0
218,2,3,3,2,3,2,3,2,4,3,,30.0,5.0,,,,,5.0,4.0,2.0,,6.0,,,1.0,,2.0,3.0,4.0,5.0,,,,,,,15.0,,,1.0,,3.0,,1.0,,,5.0,1.0,1.0,1.0,1.0,1.0,1.0,1.0,1.0,1.0,1.0,,,,,,,7.0,3.0,4.0,4.0,3.0,5.0,6.0,6.0,3.0,2.0,40.0,50.0,50.0,40.0,50.0,40.0,50.0,40.0,30.0,50.0,1.0,2.0,2.0,1.0,1.0,1.0,1.0,2.0,1.0,2.0,1.0,1.0,1.0,2.0,1.0,2.0,2.0,1.0,1.0,1.0,2.0,2.0,1.0,1.0,1.0,1.0,1.0,1.0,2.0,1.0,1.0,2.0,2.0,2.0,2.0,1.0,2.0,2.0,1.0,1.0
791,1,2,2,1,2,2,2,1,1,2,70.0,,,2.0,5.0,4.0,2.0,,,,6.0,,1.0,54.0,,1.0,,,,,2.0,4.0,5.0,,,,15.0,,1.0,,3.0,,,,1.0,,5.0,1.0,1.0,1.0,1.0,1.0,1.0,1.0,1.0,1.0,1.0,,,,,,,6.0,3.0,3.0,3.0,3.0,5.0,6.0,6.0,4.0,2.0,20.0,30.0,30.0,15.0,25.0,25.0,25.0,15.0,15.0,25.0,2.0,1.0,2.0,2.0,1.0,2.0,2.0,1.0,1.0,1.0,1.0,1.0,1.0,2.0,1.0,1.0,2.0,1.0,2.0,1.0,,,,,,,,,,,,,,,,,,,,
1223,5,5,5,5,5,5,5,5,2,2,,30.0,,2.0,,,,,,,6.0,,,,1.0,1.0,,,,,,,,3.0,5.0,5.0,,10.0,,1.0,,4.0,,,1.0,5.0,,1.0,1.0,1.0,1.0,1.0,1.0,1.0,1.0,1.0,1.0,,,,,,,7.0,3.0,3.0,3.0,3.0,5.0,6.0,6.0,4.0,2.0,70.0,70.0,70.0,70.0,70.0,70.0,70.0,70.0,40.0,40.0,2.0,1.0,2.0,2.0,1.0,2.0,2.0,1.0,1.0,2.0,1.0,1.0,1.0,2.0,1.0,1.0,2.0,1.0,1.0,1.0,1.0,1.0,1.0,1.0,1.0,1.0,1.0,1.0,2.0,2.0,1.0,1.0,1.0,2.0,1.0,2.0,1.0,1.0,1.0,2.0
1350,5,5,5,5,5,5,5,5,2,3,70.0,,6.0,,5.0,4.0,2.0,,,,,6.0,1.0,54.0,,1.0,,,,,,,,3.0,5.0,5.0,15.0,,,1.0,,,3.0,,1.0,,5.0,1.0,1.0,1.0,1.0,1.0,1.0,1.0,1.0,1.0,1.0,,,,,,,7.0,3.0,3.0,3.0,3.0,5.0,6.0,6.0,4.0,2.0,75.0,75.0,80.0,80.0,80.0,80.0,80.0,75.0,40.0,50.0,1.0,1.0,2.0,1.0,2.0,1.0,1.0,1.0,2.0,1.0,,,,,,,,,,,,,,,,,,,,,,,,,,,,,,
623,2,3,3,1,2,3,3,2,1,1,70.0,,,2.0,,,,,,,6.0,,,,1.0,,2.0,,,,2.0,5.0,5.0,,,,,10.0,1.0,,,,3.0,1.0,,4.0,,,,,,,,,,,,1.0,1.0,1.0,1.0,1.0,1.0,6.0,3.0,2.0,2.0,3.0,5.0,6.0,6.0,4.0,2.0,40.0,50.0,50.0,20.0,30.0,50.0,50.0,40.0,20.0,20.0,2.0,2.0,2.0,2.0,2.0,2.0,2.0,2.0,2.0,1.0,2.0,2.0,2.0,1.0,2.0,2.0,2.0,2.0,2.0,2.0,2.0,2.0,2.0,2.0,1.0,1.0,1.0,2.0,2.0,2.0,2.0,2.0,2.0,2.0,2.0,2.0,2.0,2.0,2.0,1.0
750,5,5,5,5,5,5,5,5,2,2,,30.0,5.0,,5.0,4.0,2.0,,,,,6.0,1.0,54.0,,,2.0,,,,,,,2.0,5.0,5.0,,10.0,,1.0,4.0,,,,1.0,,5.0,1.0,1.0,1.0,1.0,1.0,1.0,1.0,1.0,1.0,1.0,,,,,,,6.0,3.0,3.0,3.0,3.0,5.0,6.0,6.0,4.0,2.0,75.0,75.0,80.0,80.0,80.0,80.0,80.0,75.0,40.0,40.0,1.0,2.0,1.0,2.0,2.0,1.0,2.0,2.0,1.0,1.0,2.0,1.0,1.0,1.0,1.0,1.0,2.0,2.0,1.0,1.0,1.0,1.0,1.0,1.0,1.0,1.0,2.0,2.0,2.0,2.0,1.0,1.0,1.0,1.0,2.0,2.0,2.0,1.0,2.0,2.0
1934,5,5,5,4,4,5,5,5,2,2,70.0,,,,,,,,,,,6.0,1.0,54.0,,1.0,,3.0,5.0,5.0,,,,,,,15.0,,1.0,,,,,,,,,,,,,,,,,,,,,,,,,,,,,,,,,,,,,,,,,,,,,,,,,,,,,,,,,,,,,,,,,,,,,,,,,,,,,,,,,,,,
1847,2,3,3,1,2,3,3,1,1,2,,30.0,2.0,,,,,5.0,4.0,2.0,6.0,,,,1.0,1.0,,,,,2.0,5.0,5.0,,,,15.0,,,1.0,,,3.0,,1.0,,5.0,1.0,1.0,1.0,1.0,1.0,1.0,1.0,1.0,1.0,1.0,,,,,,,6.0,3.0,2.0,2.0,3.0,5.0,6.0,6.0,3.0,,,,,,,,,,,,1.0,1.0,2.0,1.0,2.0,1.0,2.0,1.0,2.0,2.0,1.0,1.0,1.0,1.0,1.0,1.0,2.0,1.0,2.0,2.0,,,,,,,,,,,,,,,,,,,,
435,2,3,3,1,2,3,3,1,1,1,,30.0,2.0,,5.0,4.0,2.0,,,,,6.0,1.0,54.0,,1.0,,3.0,4.0,5.0,,,,,,,15.0,,,1.0,4.0,,,,1.0,,5.0,1.0,1.0,1.0,1.0,1.0,1.0,1.0,1.0,1.0,1.0,,,,,,,6.0,3.0,2.0,2.0,3.0,5.0,6.0,6.0,4.0,2.0,40.0,50.0,50.0,20.0,30.0,50.0,50.0,20.0,20.0,20.0,2.0,1.0,2.0,2.0,2.0,1.0,1.0,1.0,2.0,1.0,2.0,1.0,1.0,1.0,1.0,2.0,1.0,1.0,1.0,2.0,2.0,1.0,1.0,2.0,2.0,1.0,2.0,2.0,1.0,1.0,2.0,1.0,1.0,1.0,1.0,1.0,2.0,1.0,1.0,1.0
546,2,3,3,1,2,3,3,2,4,3,,30.0,,2.0,,,,,,,6.0,,,,1.0,1.0,,,,,2.0,4.0,5.0,,,,,15.0,1.0,,4.0,,,1.0,,,5.0,,,,,,,,,,,1.0,1.0,1.0,1.0,1.0,1.0,6.0,3.0,2.0,3.0,3.0,5.0,6.0,5.0,3.0,2.0,45.0,50.0,50.0,25.0,30.0,50.0,50.0,40.0,55.0,50.0,2.0,1.0,1.0,2.0,1.0,2.0,2.0,1.0,1.0,1.0,1.0,1.0,1.0,1.0,1.0,1.0,1.0,1.0,1.0,1.0,1.0,1.0,1.0,1.0,1.0,2.0,1.0,1.0,1.0,2.0,1.0,1.0,1.0,1.0,1.0,1.0,1.0,1.0,1.0,1.0
229,5,5,5,5,5,5,5,5,1,2,70.0,,,2.0,,,,,,,6.0,,,,1.0,,2.0,3.0,5.0,5.0,,,,,,,,15.0,,1.0,4.0,,,,1.0,5.0,,1.0,1.0,1.0,1.0,1.0,1.0,1.0,1.0,1.0,1.0,,,,,,,7.0,3.0,3.0,3.0,3.0,6.0,6.0,6.0,4.0,2.0,80.0,80.0,85.0,85.0,85.0,85.0,85.0,80.0,30.0,40.0,1.0,1.0,2.0,1.0,2.0,1.0,2.0,1.0,2.0,1.0,2.0,1.0,1.0,2.0,1.0,1.0,1.0,1.0,2.0,1.0,1.0,1.0,2.0,1.0,1.0,1.0,1.0,1.0,1.0,2.0,1.0,1.0,2.0,1.0,1.0,1.0,2.0,1.0,2.0,1.0
1035,2,3,3,1,2,2,3,2,1,1,,30.0,,2.0,,,,,,,6.0,,1.0,54.0,,,2.0,,,,,,,2.0,4.0,5.0,,15.0,1.0,,,3.0,,1.0,,5.0,,,,,,,,,,,,1.0,1.0,1.0,1.0,1.0,1.0,6.0,3.0,3.0,3.0,4.0,5.0,6.0,6.0,3.0,2.0,40.0,50.0,50.0,20.0,30.0,30.0,50.0,30.0,20.0,20.0,1.0,1.0,1.0,2.0,1.0,1.0,2.0,2.0,2.0,1.0,1.0,2.0,1.0,1.0,1.0,1.0,1.0,1.0,1.0,1.0,2.0,1.0,2.0,1.0,2.0,2.0,1.0,1.0,1.0,1.0,2.0,1.0,1.0,1.0,1.0,2.0,1.0,1.0,1.0,1.0
1146,4,4,4,2,3,4,4,3,2,2,70.0,,5.0,,5.0,4.0,2.0,,,,6.0,,,,1.0,1.0,,3.0,5.0,5.0,,,,,,,,15.0,,1.0,4.0,,,1.0,,,5.0,,,,,,,,,,,1.0,1.0,1.0,1.0,1.0,1.0,7.0,3.0,2.0,3.0,3.0,5.0,6.0,6.0,4.0,2.0,65.0,60.0,60.0,40.0,50.0,60.0,60.0,50.0,40.0,40.0,1.0,2.0,1.0,2.0,2.0,2.0,1.0,2.0,1.0,1.0,1.0,2.0,1.0,2.0,1.0,1.0,1.0,1.0,2.0,1.0,,,,,,,,,,,,,,,,,,,,
1629,5,5,5,4,4,5,5,4,2,2,70.0,,,2.0,,,,,,,6.0,,,,1.0,1.0,,3.0,5.0,5.0,,,,,,,,10.0,,1.0,,,3.0,,1.0,5.0,,1.0,1.0,1.0,1.0,1.0,1.0,1.0,1.0,1.0,1.0,,,,,,,6.0,3.0,3.0,3.0,3.0,5.0,6.0,6.0,4.0,,,,,,,,,,,,1.0,1.0,2.0,1.0,2.0,1.0,1.0,1.0,1.0,1.0,1.0,1.0,1.0,1.0,1.0,1.0,2.0,1.0,1.0,1.0,1.0,2.0,2.0,2.0,1.0,2.0,1.0,1.0,1.0,1.0,2.0,1.0,1.0,1.0,1.0,1.0,1.0,1.0,1.0,1.0
1886,2,4,4,1,2,3,4,1,1,2,70.0,,,2.0,,,,,,,6.0,,,,1.0,,2.0,3.0,4.0,5.0,,,,,,,,12.0,,1.0,,3.0,,1.0,,4.0,,1.0,1.0,1.0,1.0,1.0,1.0,1.0,1.0,1.0,1.0,,,,,,,6.0,3.0,2.0,2.0,3.0,5.0,6.0,6.0,3.0,2.0,40.0,60.0,60.0,20.0,30.0,40.0,60.0,20.0,20.0,30.0,2.0,1.0,2.0,1.0,1.0,1.0,1.0,2.0,1.0,1.0,1.0,1.0,1.0,2.0,1.0,1.0,1.0,2.0,1.0,2.0,1.0,1.0,1.0,1.0,2.0,1.0,1.0,2.0,1.0,2.0,1.0,1.0,1.0,2.0,1.0,1.0,1.0,1.0,1.0,2.0
612,2,3,3,2,3,3,3,2,4,2,,30.0,5.0,,,,,5.0,4.0,2.0,,6.0,,,1.0,,2.0,3.0,4.0,5.0,,,,,,,,10.0,,1.0,4.0,,,1.0,,4.0,,1.0,1.0,1.0,1.0,1.0,1.0,1.0,1.0,1.0,1.0,,,,,,,6.0,3.0,3.0,3.0,3.0,5.0,5.0,5.0,4.0,2.0,40.0,50.0,50.0,40.0,50.0,50.0,50.0,40.0,30.0,40.0,1.0,1.0,1.0,1.0,1.0,1.0,1.0,1.0,1.0,1.0,1.0,1.0,1.0,1.0,1.0,1.0,1.0,1.0,2.0,1.0,,,,,,,,,,,,,,,,,,,,
761,5,5,5,5,5,5,5,5,2,2,70.0,,,2.0,5.0,4.0,2.0,,,,,6.0,,,1.0,,2.0,,,,,,,3.0,5.0,5.0,,15.0,1.0,,,,3.0,,1.0,,5.0,,,,,,,,,,,1.0,1.0,1.0,1.0,1.0,1.0,7.0,3.0,3.0,3.0,3.0,5.0,6.0,6.0,4.0,2.0,75.0,75.0,80.0,80.0,80.0,80.0,80.0,75.0,40.0,40.0,1.0,1.0,1.0,2.0,2.0,1.0,2.0,2.0,1.0,2.0,1.0,1.0,1.0,1.0,1.0,2.0,1.0,1.0,1.0,2.0,1.0,2.0,2.0,2.0,1.0,1.0,1.0,2.0,1.0,1.0,1.0,1.0,1.0,1.0,2.0,2.0,1.0,2.0,2.0,1.0
587,4,4,4,2,3,4,4,2,2,3,,30.0,2.0,,5.0,4.0,2.0,,,,,6.0,1.0,54.0,,1.0,,,,,2.0,4.0,5.0,,,,,10.0,,1.0,3.0,,,,1.0,,5.0,1.0,1.0,1.0,1.0,1.0,1.0,1.0,1.0,1.0,1.0,,,,,,,6.0,3.0,2.0,3.0,3.0,5.0,6.0,6.0,3.0,,,,,,,,,,,,2.0,2.0,1.0,1.0,1.0,1.0,2.0,2.0,1.0,1.0,1.0,1.0,1.0,1.0,1.0,1.0,2.0,1.0,2.0,1.0,1.0,1.0,1.0,2.0,1.0,1.0,1.0,2.0,2.0,1.0,1.0,2.0,1.0,1.0,2.0,2.0,1.0,1.0,2.0,1.0
1212,2,3,3,1,2,3,3,1,1,1,,30.0,5.0,,,,,5.0,4.0,2.0,6.0,,1.0,54.0,,1.0,,,,,2.0,5.0,5.0,,,,,15.0,1.0,,,,3.0,,1.0,,5.0,,,,,,,,,,,1.0,1.0,1.0,1.0,1.0,1.0,7.0,3.0,2.0,3.0,3.0,5.0,6.0,6.0,3.0,2.0,40.0,50.0,50.0,20.0,30.0,50.0,50.0,20.0,20.0,20.0,1.0,1.0,2.0,2.0,2.0,1.0,2.0,1.0,1.0,1.0,1.0,1.0,1.0,1.0,1.0,1.0,1.0,2.0,1.0,2.0,1.0,2.0,1.0,1.0,1.0,1.0,1.0,1.0,2.0,2.0,1.0,1.0,1.0,1.0,1.0,1.0,1.0,1.0,2.0,2.0
1361,5,5,5,5,5,5,5,5,1,1,70.0,,,1.0,,,,,,,,6.0,1.0,54.0,,1.0,,3.0,5.0,5.0,,,,,,,15.0,,1.0,,,,,,,,,,,,,,,,,,,,,,,,,,,,,,,,,,,,,,,,,,,,,,,,,,,,,,,,,,,,,,,,,,,,,,,,,,,,,,,,,,,,
1187,5,4,5,4,4,5,5,4,2,2,70.0,,5.0,,5.0,4.0,2.0,,,,,6.0,,,1.0,,2.0,,,,,,,2.0,5.0,5.0,,15.0,1.0,,,,3.0,,,,,,,,,,,,,,,,,,,,,,,,,,,,,,,70.0,65.0,70.0,60.0,60.0,70.0,70.0,60.0,40.0,40.0,1.0,1.0,1.0,1.0,1.0,1.0,1.0,1.0,1.0,1.0,1.0,1.0,1.0,1.0,1.0,1.0,1.0,1.0,1.0,1.0,1.0,1.0,1.0,1.0,1.0,1.0,1.0,1.0,1.0,1.0,1.0,1.0,1.0,1.0,1.0,1.0,1.0,1.0,1.0,1.0
1980,5,5,5,5,5,5,5,5,1,2,70.0,,,2.0,,,,,,,6.0,,1.0,54.0,,,2.0,2.0,5.0,5.0,,,,,,,15.0,,,1.0,,,3.0,1.0,,,5.0,,,,,,,,,,,1.0,1.0,1.0,1.0,1.0,1.0,7.0,3.0,4.0,4.0,3.0,5.0,6.0,6.0,4.0,,,,,,,,,,,,1.0,2.0,2.0,1.0,1.0,2.0,2.0,2.0,1.0,1.0,1.0,2.0,2.0,1.0,2.0,1.0,1.0,1.0,2.0,1.0,1.0,1.0,2.0,1.0,2.0,1.0,1.0,1.0,1.0,2.0,1.0,1.0,1.0,1.0,1.0,1.0,1.0,2.0,2.0,2.0
809,5,5,5,3,4,5,5,4,2,2,,30.0,5.0,,5.0,4.0,2.0,,,,,6.0,,,1.0,1.0,,,,,2.0,5.0,5.0,,,,15.0,,1.0,,4.0,,,1.0,,,5.0,,,,,,,,,,,1.0,1.0,1.0,1.0,1.0,1.0,7.0,3.0,3.0,3.0,3.0,5.0,6.0,6.0,4.0,,,,,,,,,,,,1.0,2.0,1.0,2.0,1.0,1.0,1.0,2.0,2.0,2.0,1.0,1.0,1.0,1.0,1.0,1.0,1.0,1.0,1.0,1.0,1.0,1.0,1.0,1.0,1.0,1.0,1.0,1.0,2.0,2.0,1.0,1.0,1.0,1.0,1.0,1.0,1.0,1.0,1.0,1.0
108,5,5,5,4,4,5,5,4,2,2,70.0,,,,,,,,,,,6.0,1.0,54.0,,,2.0,,,,2.0,5.0,5.0,,,,15.0,,1.0,,,,,,,,,,,,,,,,,,,,,,,,,,,,,,,,,,,,,,,,,,,,,,,,,,,,,,,,,,,,,,,,,,,,,,,,,,,,,,,,,,,,
481,2,3,3,1,2,3,3,2,1,2,70.0,,,,,,,,,,6.0,,,,1.0,,2.0,3.0,4.0,5.0,,,,,,,15.0,,1.0,,,,3.0,,1.0,5.0,,,,,,,,,,,,1.0,1.0,1.0,1.0,1.0,1.0,6.0,3.0,2.0,3.0,3.0,5.0,6.0,6.0,3.0,2.0,40.0,50.0,50.0,30.0,40.0,50.0,50.0,40.0,30.0,40.0,1.0,2.0,1.0,1.0,1.0,2.0,1.0,1.0,2.0,2.0,1.0,1.0,2.0,1.0,1.0,2.0,1.0,1.0,1.0,2.0,2.0,2.0,2.0,1.0,1.0,1.0,1.0,2.0,1.0,1.0,1.0,1.0,2.0,1.0,1.0,1.0,1.0,1.0,1.0,1.0
667,2,3,3,2,3,3,3,2,4,2,70.0,,,2.0,,,,,,,,6.0,1.0,54.0,,1.0,,3.0,4.0,5.0,,,,,,,15.0,,,1.0,4.0,,,,1.0,,5.0,,,,,,,,,,,1.0,1.0,1.0,1.0,1.0,1.0,6.0,3.0,3.0,3.0,3.0,5.0,6.0,6.0,3.0,,,,,,,,,,,,2.0,1.0,2.0,1.0,2.0,2.0,2.0,1.0,2.0,1.0,2.0,1.0,1.0,2.0,2.0,1.0,1.0,1.0,2.0,2.0,2.0,1.0,2.0,1.0,1.0,1.0,1.0,2.0,2.0,1.0,1.0,1.0,1.0,1.0,1.0,2.0,1.0,1.0,1.0,1.0
714,5,5,5,5,5,5,5,5,2,2,70.0,,,2.0,5.0,4.0,3.0,,,,6.0,,1.0,54.0,,1.0,,3.0,5.0,6.0,,,,,,,15.0,,,1.0,4.0,,,1.0,,,5.0,1.0,1.0,1.0,1.0,1.0,1.0,1.0,1.0,1.0,1.0,,,,,,,7.0,3.0,3.0,3.0,3.0,5.0,6.0,6.0,4.0,2.0,75.0,75.0,75.0,75.0,75.0,75.0,75.0,75.0,40.0,40.0,1.0,1.0,1.0,1.0,2.0,2.0,1.0,2.0,1.0,1.0,2.0,1.0,1.0,2.0,1.0,1.0,1.0,1.0,1.0,1.0,1.0,2.0,2.0,1.0,1.0,1.0,1.0,1.0,1.0,1.0,1.0,1.0,1.0,1.0,2.0,1.0,1.0,1.0,1.0,1.0
1508,3,4,4,2,3,4,4,2,2,3,70.0,,5.0,,,,,5.0,4.0,2.0,6.0,,1.0,54.0,,1.0,,3.0,4.0,5.0,,,,,,,,12.0,,1.0,,3.0,,1.0,,4.0,,,,,,,,,,,,1.0,1.0,1.0,1.0,1.0,1.0,6.0,3.0,3.0,3.0,3.0,5.0,6.0,6.0,3.0,2.0,55.0,60.0,60.0,40.0,50.0,60.0,60.0,40.0,40.0,50.0,1.0,2.0,1.0,2.0,1.0,2.0,1.0,1.0,1.0,1.0,1.0,2.0,1.0,1.0,1.0,2.0,1.0,2.0,1.0,1.0,2.0,1.0,1.0,1.0,2.0,1.0,2.0,1.0,1.0,1.0,2.0,1.0,1.0,1.0,1.0,2.0,1.0,1.0,1.0,2.0
1081,5,5,5,5,5,5,5,5,2,3,70.0,,,1.0,,,,,,,,6.0,,,1.0,,2.0,,,,2.0,5.0,5.0,,,,15.0,,1.0,,,,,,,,,,,,,,,,,,,,,,,,,,,,,,,,,,,,,,,,,,,,,,,,,,,,,,,,,,,,,,,,,,,,,,,,,,,,,,,,,,,,
1267,4,4,4,2,3,4,4,3,2,2,,30.0,,2.0,5.0,4.0,3.0,,,,,6.0,,,1.0,,2.0,3.0,4.0,5.0,,,,,,,15.0,,1.0,,4.0,,,,1.0,,5.0,1.0,1.0,1.0,1.0,1.0,1.0,1.0,1.0,1.0,1.0,,,,,,,6.0,3.0,3.0,3.0,3.0,5.0,5.0,5.0,,,,,,,,,,,,,1.0,2.0,2.0,1.0,2.0,2.0,1.0,1.0,1.0,1.0,2.0,1.0,1.0,1.0,2.0,1.0,2.0,2.0,1.0,2.0,2.0,1.0,1.0,1.0,1.0,1.0,1.0,1.0,1.0,1.0,1.0,1.0,1.0,1.0,2.0,1.0,1.0,1.0,1.0,1.0
1314,2,3,3,1,2,3,3,1,1,1,,30.0,2.0,,5.0,4.0,2.0,,,,,6.0,1.0,54.0,,1.0,,2.0,4.0,4.0,,,,,,,15.0,,1.0,,,3.0,,,1.0,,5.0,,,,,,,,,,,1.0,1.0,1.0,1.0,1.0,1.0,6.0,3.0,3.0,3.0,3.0,5.0,5.0,5.0,3.0,2.0,40.0,50.0,50.0,20.0,30.0,50.0,50.0,20.0,20.0,20.0,1.0,2.0,2.0,2.0,2.0,1.0,2.0,2.0,1.0,2.0,2.0,1.0,2.0,1.0,1.0,1.0,1.0,2.0,1.0,2.0,2.0,1.0,1.0,1.0,1.0,2.0,1.0,2.0,2.0,1.0,1.0,1.0,2.0,2.0,1.0,1.0,1.0,1.0,1.0,2.0
1941,4,4,4,2,3,3,4,2,2,2,,30.0,,2.0,5.0,4.0,3.0,,,,,6.0,1.0,54.0,,1.0,,3.0,4.0,5.0,,,,,,,15.0,,1.0,,4.0,,,,1.0,,5.0,,,,,,,,,,,1.0,1.0,1.0,1.0,1.0,1.0,6.0,3.0,2.0,3.0,3.0,5.0,6.0,6.0,4.0,2.0,65.0,60.0,60.0,40.0,45.0,50.0,55.0,35.0,30.0,30.0,1.0,2.0,1.0,1.0,1.0,2.0,2.0,1.0,1.0,1.0,1.0,1.0,2.0,2.0,1.0,1.0,1.0,1.0,2.0,2.0,1.0,1.0,1.0,1.0,1.0,2.0,1.0,1.0,2.0,1.0,2.0,1.0,1.0,1.0,1.0,1.0,1.0,1.0,2.0,1.0
1832,4,4,4,3,4,4,4,3,2,2,70.0,,5.0,,,,,5.0,4.0,2.0,,6.0,1.0,54.0,,1.0,,3.0,4.0,5.0,,,,,,,15.0,,,1.0,4.0,,,1.0,,5.0,,,,,,,,,,,,1.0,1.0,1.0,1.0,1.0,1.0,6.0,3.0,3.0,3.0,3.0,5.0,6.0,6.0,4.0,2.0,65.0,60.0,60.0,50.0,60.0,60.0,60.0,50.0,40.0,40.0,1.0,1.0,2.0,1.0,2.0,1.0,2.0,1.0,1.0,1.0,1.0,1.0,1.0,1.0,1.0,2.0,1.0,1.0,2.0,1.0,1.0,1.0,1.0,1.0,1.0,2.0,2.0,1.0,1.0,2.0,1.0,1.0,1.0,1.0,1.0,1.0,2.0,1.0,2.0,2.0
440,4,4,5,3,4,5,5,4,2,2,70.0,,,2.0,,,,,,,6.0,,1.0,54.0,,,2.0,3.0,4.0,5.0,,,,,,,15.0,,,1.0,,,3.0,,1.0,,5.0,1.0,1.0,1.0,1.0,1.0,1.0,1.0,1.0,1.0,1.0,,,,,,,6.0,3.0,2.0,3.0,3.0,5.0,6.0,6.0,4.0,2.0,70.0,65.0,75.0,50.0,60.0,70.0,70.0,60.0,40.0,40.0,1.0,1.0,2.0,1.0,2.0,1.0,1.0,2.0,1.0,1.0,2.0,1.0,1.0,1.0,1.0,2.0,1.0,1.0,1.0,2.0,2.0,1.0,2.0,1.0,1.0,2.0,2.0,1.0,1.0,1.0,1.0,1.0,2.0,1.0,1.0,1.0,2.0,2.0,1.0,1.0
533,5,5,5,5,4,5,5,5,1,2,40.0,,,2.0,,,,,,,,6.0,,,1.0,1.0,,,,,2.0,5.0,5.0,,,,,12.0,,1.0,,,3.0,,1.0,5.0,,1.0,1.0,1.0,1.0,1.0,1.0,1.0,1.0,1.0,1.0,,,,,,,6.0,3.0,2.0,2.0,3.0,5.0,6.0,6.0,3.0,2.0,75.0,75.0,80.0,80.0,70.0,85.0,80.0,75.0,30.0,40.0,1.0,1.0,2.0,2.0,1.0,2.0,2.0,1.0,1.0,1.0,2.0,1.0,1.0,1.0,2.0,1.0,1.0,1.0,2.0,1.0,1.0,2.0,1.0,1.0,2.0,1.0,1.0,1.0,2.0,2.0,2.0,1.0,2.0,1.0,1.0,1.0,2.0,1.0,1.0,2.0
1040,5,5,5,5,5,5,5,5,2,2,,30.0,6.0,,,,,,,,,6.0,,,1.0,,2.0,,,,3.0,5.0,5.0,,,,,15.0,1.0,,4.0,,,1.0,,,5.0,1.0,1.0,1.0,1.0,1.0,1.0,1.0,1.0,1.0,1.0,,,,,,,6.0,2.0,3.0,3.0,3.0,5.0,6.0,6.0,,,,,,,,,,,,,,,,,,,,,,,,,,,,,,,,,,,,,,,,,,,,,,,,,,,,
1133,4,4,4,2,3,4,4,3,2,2,70.0,,5.0,,5.0,4.0,2.0,,,,,6.0,,,1.0,1.0,,,,,,,,2.0,4.0,5.0,,10.0,1.0,,,,2.0,,1.0,,5.0,,,,,,,,,,,1.0,1.0,1.0,1.0,1.0,1.0,6.0,3.0,3.0,3.0,3.0,5.0,6.0,6.0,3.0,2.0,65.0,60.0,60.0,40.0,50.0,60.0,60.0,45.0,35.0,35.0,2.0,2.0,1.0,1.0,1.0,1.0,1.0,2.0,1.0,1.0,2.0,1.0,2.0,1.0,1.0,2.0,1.0,1.0,1.0,2.0,,,,,,,,,,,,,,,,,,,,
102,2,3,3,1,2,3,3,2,1,1,70.0,,2.0,,5.0,4.0,2.0,,,,6.0,,,,1.0,1.0,,3.0,4.0,5.0,,,,,,,,10.0,1.0,,,4.0,,1.0,,,5.0,,,,,,,,,,,1.0,1.0,1.0,1.0,1.0,1.0,6.0,3.0,2.0,2.0,3.0,5.0,6.0,6.0,3.0,2.0,55.0,50.0,50.0,30.0,35.0,50.0,50.0,40.0,25.0,25.0,2.0,1.0,1.0,1.0,1.0,1.0,1.0,1.0,1.0,1.0,1.0,1.0,1.0,1.0,1.0,1.0,1.0,1.0,1.0,1.0,1.0,1.0,1.0,1.0,1.0,1.0,1.0,2.0,1.0,1.0,1.0,1.0,1.0,1.0,1.0,1.0,1.0,1.0,1.0,1.0
297,2,3,3,2,3,3,3,2,4,4,,30.0,2.0,,5.0,4.0,2.0,,,,,6.0,,,1.0,1.0,,3.0,4.0,5.0,,,,,,,15.0,,,1.0,,,3.0,,1.0,,5.0,1.0,1.0,1.0,1.0,1.0,1.0,1.0,1.0,1.0,1.0,,,,,,,6.0,3.0,3.0,3.0,3.0,5.0,6.0,6.0,3.0,,,,,,,,,,,,2.0,1.0,2.0,2.0,1.0,1.0,1.0,1.0,1.0,1.0,2.0,1.0,2.0,1.0,1.0,1.0,1.0,1.0,2.0,1.0,1.0,1.0,2.0,1.0,1.0,1.0,1.0,1.0,1.0,2.0,1.0,1.0,2.0,2.0,2.0,1.0,1.0,2.0,2.0,2.0
1471,5,5,5,5,5,5,5,5,2,2,,30.0,,1.0,5.0,4.0,2.0,,,,6.0,,,,1.0,,2.0,2.0,5.0,5.0,,,,,,,,15.0,1.0,,,4.0,,,1.0,,5.0,,,,,,,,,,,1.0,1.0,1.0,1.0,1.0,1.0,7.0,3.0,3.0,3.0,3.0,5.0,6.0,6.0,4.0,2.0,75.0,75.0,75.0,75.0,75.0,75.0,75.0,75.0,40.0,40.0,1.0,1.0,1.0,2.0,2.0,2.0,1.0,1.0,1.0,2.0,1.0,1.0,1.0,1.0,1.0,1.0,1.0,1.0,1.0,1.0,1.0,1.0,1.0,1.0,1.0,2.0,2.0,2.0,1.0,1.0,1.0,2.0,1.0,2.0,1.0,2.0,1.0,1.0,1.0,1.0
1502,4,4,4,2,3,5,4,3,2,2,70.0,,,,,,,,,,,6.0,1.0,54.0,,,2.0,3.0,4.0,5.0,,,,,,,,12.0,,1.0,,4.0,,,1.0,5.0,,,,,,,,,,,,1.0,1.0,1.0,1.0,1.0,1.0,7.0,3.0,3.0,3.0,3.0,5.0,6.0,6.0,4.0,2.0,65.0,60.0,60.0,40.0,50.0,75.0,60.0,50.0,40.0,40.0,1.0,2.0,1.0,1.0,2.0,1.0,2.0,1.0,2.0,1.0,2.0,1.0,1.0,2.0,1.0,1.0,1.0,1.0,2.0,1.0,1.0,1.0,2.0,2.0,1.0,1.0,1.0,1.0,1.0,2.0,1.0,1.0,1.0,1.0,2.0,1.0,2.0,1.0,2.0,1.0
1697,5,5,5,5,5,5,5,5,2,2,,30.0,5.0,,5.0,4.0,3.0,,,,,6.0,1.0,54.0,,1.0,,,,,,,,3.0,5.0,5.0,15.0,,1.0,,4.0,,,2.0,,5.0,,1.0,1.0,1.0,1.0,1.0,1.0,1.0,1.0,1.0,1.0,,,,,,,6.0,3.0,4.0,3.0,3.0,5.0,6.0,6.0,4.0,2.0,75.0,70.0,75.0,70.0,70.0,75.0,70.0,65.0,40.0,40.0,1.0,2.0,2.0,2.0,1.0,2.0,1.0,1.0,1.0,1.0,1.0,1.0,1.0,1.0,1.0,1.0,1.0,2.0,1.0,1.0,1.0,1.0,1.0,1.0,1.0,1.0,1.0,1.0,1.0,1.0,1.0,1.0,2.0,1.0,1.0,2.0,1.0,1.0,1.0,1.0
95,4,4,4,2,3,4,4,3,2,2,,30.0,2.0,,5.0,4.0,2.0,,,,6.0,,1.0,54.0,,,2.0,3.0,4.0,5.0,,,,,,,15.0,,,1.0,,,3.0,1.0,,,5.0,,,,,,,,,,,1.0,1.0,1.0,1.0,1.0,1.0,6.0,3.0,3.0,3.0,3.0,5.0,6.0,6.0,4.0,2.0,65.0,60.0,60.0,40.0,45.0,60.0,60.0,45.0,40.0,40.0,1.0,1.0,2.0,2.0,1.0,1.0,1.0,1.0,1.0,2.0,2.0,1.0,1.0,1.0,2.0,1.0,1.0,1.0,2.0,1.0,1.0,2.0,1.0,1.0,1.0,1.0,2.0,2.0,1.0,1.0,1.0,1.0,2.0,1.0,1.0,1.0,1.0,1.0,1.0,2.0
970,5,5,5,5,5,5,5,5,1,3,,30.0,5.0,,,,,5.0,4.0,2.0,,6.0,1.0,54.0,,,2.0,,,,,,,2.0,5.0,5.0,,15.0,1.0,,,3.0,,,1.0,5.0,,,,,,,,,,,,1.0,1.0,1.0,1.0,1.0,1.0,7.0,3.0,3.0,3.0,3.0,5.0,6.0,6.0,4.0,,,,,,,,,,,,1.0,2.0,1.0,2.0,1.0,2.0,1.0,1.0,2.0,1.0,1.0,1.0,1.0,1.0,1.0,1.0,1.0,2.0,2.0,1.0,1.0,2.0,1.0,1.0,2.0,1.0,1.0,2.0,2.0,2.0,1.0,1.0,2.0,1.0,1.0,1.0,1.0,2.0,1.0,1.0
803,4,4,4,3,3,4,4,3,2,2,,30.0,5.0,,,,,5.0,4.0,2.0,6.0,,1.0,54.0,,,2.0,,,,,,,2.0,4.0,4.0,,12.0,1.0,,,3.0,,,1.0,,5.0,,,,,,,,,,,1.0,1.0,1.0,1.0,1.0,1.0,6.0,3.0,2.0,3.0,3.0,5.0,6.0,6.0,3.0,,,,,,,,,,,,,,,,,,,,,,,,,,,,,,,,,,,,,,,,,,,,,,,,,,,
256,2,3,3,2,3,3,3,2,1,1,70.0,,2.0,,,,,5.0,4.0,2.0,6.0,,1.0,54.0,,1.0,,,,,2.0,4.0,5.0,,,,,15.0,1.0,,,3.0,,,1.0,5.0,,1.0,1.0,1.0,1.0,1.0,1.0,1.0,1.0,1.0,1.0,,,,,,,6.0,3.0,3.0,3.0,3.0,5.0,6.0,6.0,3.0,2.0,40.0,50.0,50.0,40.0,50.0,50.0,50.0,40.0,20.0,20.0,1.0,1.0,1.0,2.0,2.0,2.0,1.0,1.0,2.0,1.0,2.0,1.0,2.0,1.0,1.0,2.0,1.0,2.0,2.0,1.0,1.0,1.0,1.0,1.0,1.0,2.0,1.0,1.0,1.0,1.0,2.0,1.0,2.0,2.0,1.0,1.0,1.0,1.0,1.0,1.0
325,1,2,2,1,2,3,3,1,1,1,70.0,,2.0,,,,,5.0,4.0,2.0,,6.0,1.0,54.0,,1.0,,,,,2.0,4.0,4.0,,,,15.0,,1.0,,3.0,,,1.0,,,5.0,,,,,,,,,,,1.0,1.0,1.0,1.0,1.0,1.0,7.0,2.0,2.0,2.0,3.0,6.0,6.0,6.0,3.0,,,,,,,,,,,,1.0,1.0,1.0,2.0,1.0,2.0,1.0,2.0,2.0,1.0,1.0,1.0,1.0,2.0,1.0,2.0,1.0,2.0,2.0,1.0,,,,,,,,,,,,,,,,,,,,
539,5,5,5,5,5,5,5,5,2,2,30.0,,,2.0,,,,,,,6.0,,,,1.0,,2.0,,,,2.0,5.0,5.0,,,,15.0,,1.0,,,3.0,,1.0,,5.0,,,,,,,,,,,,1.0,1.0,1.0,1.0,1.0,1.0,6.0,3.0,3.0,3.0,3.0,5.0,6.0,6.0,4.0,,,,,,,,,,,,1.0,1.0,1.0,1.0,1.0,1.0,1.0,1.0,1.0,2.0,1.0,1.0,1.0,1.0,2.0,1.0,1.0,1.0,1.0,1.0,1.0,1.0,1.0,1.0,1.0,1.0,1.0,1.0,1.0,1.0,1.0,1.0,1.0,1.0,1.0,1.0,1.0,1.0,1.0,1.0
1656,2,3,3,2,3,3,4,2,4,3,70.0,,,2.0,5.0,4.0,3.0,,,,,6.0,1.0,54.0,,,2.0,,,,,,,2.0,4.0,5.0,,15.0,,1.0,4.0,,,,1.0,,5.0,,,,,,,,,,,1.0,1.0,1.0,1.0,1.0,1.0,7.0,3.0,3.0,3.0,3.0,5.0,6.0,6.0,4.0,,,,,,,,,,,,2.0,1.0,2.0,1.0,1.0,2.0,1.0,2.0,1.0,2.0,1.0,1.0,2.0,1.0,1.0,2.0,1.0,1.0,1.0,1.0,1.0,2.0,1.0,1.0,1.0,1.0,2.0,1.0,1.0,1.0,1.0,2.0,1.0,1.0,1.0,1.0,1.0,1.0,1.0,2.0
1725,5,5,5,4,4,5,5,4,2,2,,30.0,5.0,,,,,5.0,4.0,2.0,,6.0,,,1.0,1.0,,,,,,,,3.0,5.0,5.0,,10.0,,1.0,4.0,,,1.0,,5.0,,,,,,,,,,,,1.0,1.0,1.0,1.0,1.0,1.0,7.0,3.0,3.0,3.0,4.0,6.0,6.0,6.0,4.0,2.0,75.0,75.0,80.0,65.0,65.0,80.0,75.0,65.0,40.0,40.0,1.0,1.0,2.0,2.0,1.0,2.0,1.0,1.0,1.0,2.0,1.0,2.0,1.0,1.0,1.0,1.0,1.0,1.0,1.0,1.0,1.0,1.0,2.0,1.0,1.0,1.0,1.0,1.0,1.0,1.0,1.0,1.0,1.0,1.0,1.0,2.0,1.0,1.0,2.0,1.0
1139,5,5,5,5,5,5,5,5,1,2,,30.0,6.0,,,,,5.0,4.0,2.0,,6.0,1.0,54.0,,,2.0,2.0,5.0,5.0,,,,,,,15.0,,,1.0,4.0,,,1.0,,,5.0,1.0,1.0,1.0,1.0,1.0,1.0,1.0,1.0,1.0,1.0,,,,,,,7.0,3.0,3.0,3.0,3.0,5.0,6.0,6.0,4.0,2.0,80.0,75.0,85.0,80.0,80.0,85.0,80.0,75.0,30.0,40.0,1.0,1.0,2.0,2.0,2.0,2.0,1.0,1.0,1.0,2.0,2.0,1.0,1.0,1.0,1.0,1.0,1.0,1.0,1.0,2.0,2.0,1.0,1.0,2.0,1.0,2.0,2.0,2.0,1.0,1.0,1.0,2.0,2.0,2.0,2.0,1.0,2.0,1.0,1.0,2.0
1838,5,5,5,4,4,5,5,4,2,2,,30.0,,2.0,,,,,,,6.0,,1.0,54.0,,,2.0,,,,,,,2.0,5.0,5.0,,15.0,1.0,,,,3.0,1.0,,5.0,,,,,,,,,,,,1.0,1.0,1.0,1.0,1.0,1.0,6.0,3.0,2.0,2.0,3.0,5.0,6.0,6.0,3.0,,,,,,,,,,,,2.0,1.0,1.0,2.0,1.0,2.0,1.0,2.0,1.0,1.0,1.0,2.0,1.0,1.0,1.0,2.0,1.0,1.0,1.0,1.0,1.0,2.0,1.0,1.0,2.0,1.0,1.0,1.0,1.0,2.0,1.0,1.0,1.0,2.0,1.0,2.0,1.0,1.0,1.0,2.0
54,2,3,3,2,3,3,3,2,4,3,,30.0,,2.0,,,,,,,,6.0,,,1.0,,2.0,,,,3.0,4.0,5.0,,,,15.0,,,1.0,,3.0,,1.0,,,5.0,,,,,,,,,,,1.0,1.0,1.0,1.0,1.0,1.0,6.0,3.0,3.0,3.0,3.0,5.0,6.0,6.0,3.0,,,,,,,,,,,,2.0,1.0,2.0,1.0,1.0,2.0,1.0,1.0,1.0,2.0,2.0,1.0,1.0,1.0,2.0,1.0,1.0,1.0,2.0,1.0,2.0,1.0,1.0,1.0,1.0,1.0,2.0,1.0,2.0,2.0,1.0,1.0,1.0,1.0,1.0,2.0,1.0,1.0,1.0,1.0
2025,5,5,5,5,5,5,5,5,2,2,70.0,,,2.0,,,,,,,,6.0,1.0,54.0,,1.0,,2.0,5.0,5.0,,,,,,,15.0,,1.0,,,,3.0,1.0,,,5.0,,,,,,,,,,,1.0,1.0,1.0,1.0,1.0,1.0,7.0,3.0,3.0,3.0,3.0,5.0,6.0,6.0,,,,,,,,,,,,,,,,,,,,,,,,,,,,,,,,,,,,,,,,,,,,,,,,,,,,
223,1,2,2,1,2,2,3,1,4,4,,30.0,,1.0,5.0,4.0,2.0,,,,,6.0,1.0,54.0,,,2.0,,,,2.0,5.0,5.0,,,,15.0,,1.0,,,,,,,,,,,,,,,,,,,,,,,,,,,,,,,,,,,,,,,,,,,,,,,,,,,,,,,,,,,,,,,,,,,,,,,,,,,,,,,,,,,,
350,2,3,3,1,2,4,4,1,1,1,,30.0,2.0,,,,,5.0,4.0,2.0,,6.0,,,1.0,1.0,,,,,,,,2.0,4.0,5.0,15.0,,1.0,,,4.0,,1.0,,,5.0,,,,,,,,,,,1.0,1.0,1.0,1.0,1.0,1.0,6.0,3.0,2.0,2.0,3.0,5.0,6.0,6.0,3.0,2.0,40.0,50.0,50.0,20.0,30.0,60.0,60.0,20.0,20.0,20.0,2.0,1.0,1.0,1.0,1.0,1.0,2.0,1.0,1.0,2.0,1.0,2.0,1.0,2.0,1.0,1.0,1.0,2.0,2.0,1.0,,,,,,,,,,,,,,,,,,,,
1623,5,5,5,5,5,5,5,5,1,2,70.0,,,1.0,,,,,,,,7.0,,,1.0,1.0,,,,,,,,2.0,5.0,5.0,,15.0,1.0,,,,3.0,,1.0,5.0,,1.0,1.0,1.0,1.0,1.0,1.0,1.0,1.0,1.0,1.0,,,,,,,6.0,3.0,2.0,2.0,3.0,5.0,6.0,6.0,4.0,2.0,75.0,75.0,80.0,80.0,80.0,80.0,80.0,75.0,30.0,40.0,1.0,1.0,1.0,1.0,1.0,1.0,2.0,1.0,1.0,2.0,2.0,1.0,2.0,1.0,1.0,2.0,1.0,1.0,2.0,1.0,1.0,1.0,1.0,1.0,1.0,1.0,1.0,1.0,1.0,1.0,2.0,1.0,2.0,2.0,1.0,1.0,1.0,1.0,1.0,1.0
1750,5,5,5,4,4,5,5,4,2,2,70.0,,5.0,,,,,5.0,4.0,2.0,,6.0,1.0,54.0,,1.0,,,,,,,,2.0,5.0,5.0,,15.0,,1.0,,4.0,,,1.0,5.0,,,,,,,,,,,,1.0,1.0,1.0,1.0,1.0,1.0,6.0,3.0,3.0,3.0,3.0,5.0,6.0,6.0,4.0,2.0,75.0,75.0,80.0,65.0,65.0,75.0,75.0,60.0,40.0,40.0,2.0,1.0,2.0,1.0,1.0,2.0,1.0,1.0,1.0,1.0,2.0,1.0,1.0,2.0,1.0,2.0,1.0,2.0,2.0,2.0,2.0,2.0,2.0,2.0,2.0,1.0,1.0,1.0,2.0,1.0,1.0,2.0,1.0,1.0,1.0,1.0,1.0,2.0,1.0,2.0
2050,1,2,2,1,2,2,3,1,4,3,,30.0,1.0,,,,,5.0,4.0,2.0,,6.0,1.0,54.0,,,2.0,,,,,,,2.0,4.0,5.0,,12.0,1.0,,6.0,,,,1.0,,5.0,1.0,1.0,1.0,1.0,1.0,1.0,1.0,1.0,1.0,1.0,,,,,,,6.0,3.0,2.0,3.0,3.0,5.0,6.0,6.0,4.0,2.0,20.0,30.0,30.0,20.0,30.0,30.0,40.0,20.0,50.0,40.0,1.0,2.0,1.0,1.0,1.0,2.0,2.0,1.0,1.0,1.0,1.0,2.0,1.0,1.0,2.0,1.0,1.0,2.0,1.0,2.0,1.0,1.0,1.0,1.0,1.0,1.0,1.0,2.0,1.0,1.0,1.0,1.0,1.0,1.0,2.0,2.0,1.0,2.0,2.0,1.0
21,4,4,4,2,3,4,4,3,2,3,70.0,,,2.0,,,,,,,6.0,,1.0,54.0,,1.0,,,,,,,,3.0,4.0,5.0,,12.0,1.0,,,3.0,,1.0,,,5.0,,,,,,,,,,,1.0,1.0,1.0,1.0,1.0,1.0,6.0,3.0,3.0,3.0,3.0,5.0,6.0,6.0,4.0,2.0,65.0,60.0,60.0,40.0,50.0,60.0,60.0,45.0,35.0,45.0,1.0,2.0,1.0,1.0,1.0,2.0,1.0,1.0,2.0,1.0,1.0,1.0,2.0,2.0,1.0,1.0,1.0,1.0,1.0,1.0,1.0,1.0,2.0,1.0,1.0,1.0,2.0,1.0,1.0,1.0,1.0,2.0,1.0,1.0,1.0,1.0,1.0,1.0,1.0,1.0
618,5,5,5,5,5,5,5,5,2,2,,30.0,,2.0,,,,,,,6.0,,1.0,54.0,,,2.0,,,,2.0,5.0,5.0,,,,15.0,,1.0,,,,,,,,,,,,,,,,,,,,,,,,,,,,,,,,,,,,,,,,,,,,,,,,,,,,,,,,,,,,,,,,,,,,,,,,,,,,,,,,,,,,
391,4,4,4,2,3,4,4,3,2,3,70.0,,2.0,,,,,,,,,6.0,1.0,54.0,,,2.0,,,,3.0,4.0,5.0,,,,,10.0,1.0,,,,3.0,,1.0,,5.0,1.0,1.0,1.0,1.0,1.0,1.0,1.0,1.0,1.0,1.0,,,,,,,6.0,3.0,3.0,3.0,3.0,5.0,6.0,6.0,4.0,2.0,70.0,65.0,65.0,40.0,50.0,65.0,65.0,50.0,40.0,50.0,1.0,1.0,1.0,2.0,1.0,1.0,1.0,1.0,1.0,2.0,2.0,1.0,1.0,1.0,1.0,2.0,2.0,1.0,1.0,1.0,1.0,1.0,1.0,1.0,1.0,1.0,1.0,2.0,1.0,1.0,1.0,1.0,1.0,1.0,1.0,1.0,1.0,1.0,1.0,1.0
177,3,3,3,2,3,3,3,2,2,2,,30.0,2.0,,,,,5.0,4.0,2.0,6.0,,,,1.0,1.0,,,,,,,,2.0,4.0,4.0,15.0,,,1.0,3.0,,,,1.0,,,,,,,,,,,,,,,,,,,,,,,,,,,,,,,,,,,,,,,,,,,,,,,,,,,,,,,,,,,,,,,,,,,,,,,,,,,,,,
1218,4,4,4,2,3,5,4,3,2,2,70.0,,2.0,,5.0,4.0,2.0,,,,6.0,,1.0,54.0,,1.0,,3.0,5.0,5.0,,,,,,,,15.0,1.0,,,4.0,,,1.0,5.0,,1.0,1.0,1.0,1.0,1.0,1.0,1.0,1.0,1.0,1.0,,,,,,,6.0,3.0,3.0,3.0,3.0,5.0,6.0,6.0,4.0,2.0,65.0,60.0,60.0,40.0,50.0,70.0,60.0,50.0,40.0,40.0,1.0,1.0,1.0,1.0,2.0,1.0,1.0,2.0,2.0,1.0,2.0,1.0,1.0,1.0,1.0,2.0,1.0,1.0,1.0,1.0,2.0,1.0,1.0,1.0,1.0,1.0,1.0,1.0,1.0,1.0,2.0,1.0,2.0,2.0,1.0,1.0,1.0,1.0,1.0,1.0
1791,4,4,4,2,3,4,4,3,2,2,70.0,,5.0,,5.0,4.0,2.0,,,,6.0,,1.0,54.0,,,2.0,,,,,,,3.0,4.0,5.0,,12.0,,1.0,,,3.0,1.0,,5.0,,1.0,1.0,1.0,1.0,1.0,1.0,1.0,1.0,1.0,1.0,,,,,,,6.0,3.0,2.0,3.0,3.0,5.0,6.0,5.0,3.0,2.0,65.0,60.0,60.0,40.0,45.0,60.0,60.0,45.0,35.0,35.0,1.0,1.0,1.0,2.0,1.0,1.0,1.0,1.0,1.0,1.0,1.0,1.0,1.0,1.0,1.0,2.0,1.0,1.0,1.0,1.0,2.0,1.0,1.0,1.0,1.0,1.0,1.0,1.0,1.0,1.0,1.0,1.0,1.0,1.0,1.0,1.0,1.0,2.0,2.0,1.0
1404,4,4,4,2,3,4,4,3,2,2,70.0,,,2.0,,,,,,,6.0,,,,1.0,1.0,,2.0,4.0,5.0,,,,,,,,15.0,,1.0,,3.0,,,1.0,,5.0,,,,,,,,,,,1.0,1.0,1.0,1.0,1.0,1.0,6.0,3.0,3.0,3.0,3.0,5.0,5.0,5.0,3.0,2.0,60.0,60.0,60.0,40.0,45.0,60.0,60.0,45.0,35.0,35.0,1.0,1.0,2.0,1.0,2.0,1.0,1.0,1.0,2.0,1.0,1.0,1.0,2.0,1.0,2.0,1.0,2.0,1.0,1.0,2.0,1.0,2.0,1.0,1.0,1.0,1.0,1.0,1.0,1.0,1.0,1.0,2.0,1.0,1.0,1.0,2.0,2.0,1.0,1.0,1.0
1577,5,4,5,5,4,5,5,4,2,3,70.0,,5.0,,5.0,4.0,2.0,,,,6.0,,1.0,54.0,,1.0,,,,,,,,3.0,5.0,5.0,15.0,,1.0,,,4.0,,,1.0,,5.0,1.0,1.0,1.0,1.0,1.0,1.0,1.0,1.0,1.0,1.0,,,,,,,7.0,3.0,4.0,3.0,3.0,5.0,6.0,6.0,4.0,2.0,75.0,65.0,75.0,75.0,65.0,75.0,75.0,65.0,40.0,50.0,1.0,1.0,2.0,2.0,1.0,2.0,2.0,1.0,1.0,1.0,2.0,1.0,2.0,1.0,1.0,1.0,1.0,2.0,2.0,2.0,1.0,1.0,1.0,2.0,2.0,2.0,1.0,1.0,2.0,1.0,2.0,2.0,1.0,1.0,2.0,1.0,1.0,1.0,1.0,1.0
905,3,3,3,2,3,3,3,2,2,2,70.0,,5.0,,,,,5.0,4.0,2.0,,6.0,1.0,54.0,,,2.0,,,,,,,3.0,4.0,5.0,15.0,,1.0,,4.0,,,,1.0,5.0,,,,,,,,,,,,1.0,1.0,1.0,1.0,1.0,1.0,6.0,3.0,3.0,3.0,3.0,5.0,6.0,6.0,4.0,,,,,,,,,,,,2.0,1.0,1.0,1.0,2.0,2.0,1.0,1.0,2.0,1.0,2.0,2.0,1.0,1.0,2.0,1.0,2.0,1.0,1.0,2.0,1.0,2.0,1.0,2.0,2.0,2.0,1.0,1.0,2.0,1.0,1.0,2.0,1.0,1.0,1.0,1.0,1.0,1.0,1.0,1.0
876,2,4,4,3,3,4,4,3,2,2,,30.0,,2.0,5.0,4.0,2.0,,,,,6.0,1.0,54.0,,,2.0,,,,,,,2.0,4.0,5.0,15.0,,1.0,,4.0,,,1.0,,5.0,,1.0,1.0,1.0,1.0,1.0,1.0,1.0,1.0,1.0,1.0,,,,,,,6.0,3.0,3.0,3.0,3.0,5.0,6.0,6.0,3.0,2.0,55.0,60.0,60.0,50.0,50.0,60.0,60.0,50.0,40.0,40.0,1.0,2.0,2.0,1.0,2.0,1.0,2.0,1.0,2.0,1.0,2.0,1.0,2.0,1.0,1.0,1.0,1.0,1.0,2.0,1.0,1.0,1.0,1.0,1.0,2.0,1.0,2.0,1.0,1.0,2.0,2.0,1.0,2.0,1.0,2.0,2.0,1.0,1.0,2.0,1.0
1009,5,5,5,5,5,5,5,4,1,1,70.0,,,2.0,,,,,,,6.0,,1.0,54.0,,,2.0,,,,,,,2.0,5.0,5.0,,15.0,1.0,,,3.0,,,1.0,5.0,,,,,,,,,,,,1.0,1.0,1.0,1.0,1.0,1.0,6.0,3.0,3.0,3.0,3.0,5.0,6.0,6.0,4.0,,,,,,,,,,,,2.0,2.0,1.0,2.0,1.0,2.0,2.0,2.0,2.0,2.0,2.0,1.0,1.0,1.0,2.0,2.0,1.0,1.0,1.0,1.0,2.0,1.0,1.0,1.0,1.0,1.0,2.0,2.0,2.0,2.0,1.0,1.0,1.0,1.0,1.0,2.0,2.0,2.0,1.0,2.0
1580,5,5,5,5,5,5,5,5,2,2,,30.0,,2.0,,,,,,,6.0,,,,1.0,1.0,,3.0,5.0,5.0,,,,,,,15.0,,,1.0,,,2.0,,1.0,,5.0,,,,,,,,,,,1.0,1.0,1.0,1.0,1.0,1.0,7.0,3.0,3.0,3.0,3.0,5.0,6.0,6.0,4.0,2.0,75.0,75.0,80.0,80.0,80.0,80.0,80.0,75.0,40.0,40.0,2.0,2.0,1.0,1.0,1.0,1.0,2.0,2.0,1.0,1.0,1.0,1.0,1.0,1.0,1.0,1.0,1.0,1.0,2.0,1.0,,,,,,,,,,,,,,,,,,,,
1615,5,4,5,4,4,5,5,4,2,2,,30.0,5.0,,,,,,,,6.0,,1.0,54.0,,1.0,,,,,2.0,5.0,5.0,,,,15.0,,,1.0,,,3.0,,1.0,5.0,,1.0,1.0,1.0,1.0,1.0,1.0,1.0,1.0,1.0,1.0,,,,,,,7.0,3.0,3.0,3.0,3.0,5.0,6.0,6.0,4.0,2.0,75.0,70.0,80.0,65.0,65.0,80.0,75.0,70.0,40.0,40.0,1.0,2.0,2.0,1.0,2.0,1.0,1.0,2.0,1.0,1.0,2.0,2.0,2.0,1.0,1.0,1.0,1.0,2.0,1.0,2.0,1.0,1.0,2.0,1.0,2.0,1.0,1.0,2.0,1.0,1.0,1.0,1.0,1.0,1.0,1.0,1.0,2.0,1.0,2.0,1.0
1766,5,5,5,4,4,5,5,4,2,2,70.0,,5.0,,,,,5.0,4.0,2.0,6.0,,,,1.0,,2.0,3.0,5.0,5.0,,,,,,,,10.0,1.0,,,,3.0,,1.0,,5.0,,,,,,,,,,,1.0,1.0,1.0,1.0,1.0,1.0,6.0,3.0,3.0,3.0,3.0,5.0,6.0,6.0,4.0,2.0,75.0,75.0,75.0,65.0,65.0,75.0,75.0,65.0,35.0,35.0,2.0,2.0,2.0,1.0,1.0,2.0,2.0,1.0,2.0,1.0,1.0,2.0,1.0,1.0,1.0,2.0,1.0,1.0,1.0,2.0,1.0,1.0,2.0,1.0,2.0,1.0,1.0,1.0,1.0,2.0,2.0,1.0,1.0,1.0,2.0,1.0,1.0,2.0,2.0,1.0
409,4,4,4,2,3,4,4,2,1,1,70.0,,5.0,,,,,5.0,4.0,2.0,,6.0,1.0,54.0,,,2.0,,,,3.0,5.0,5.0,,,,5.0,,,1.0,,,3.0,2.0,,4.0,,1.0,1.0,1.0,1.0,1.0,1.0,1.0,1.0,1.0,1.0,,,,,,,7.0,3.0,3.0,3.0,3.0,5.0,6.0,6.0,3.0,,,,,,,,,,,,1.0,1.0,2.0,2.0,1.0,2.0,2.0,1.0,1.0,1.0,1.0,1.0,1.0,2.0,1.0,1.0,2.0,1.0,2.0,1.0,,,,,,,,,,,,,,,,,,,,
180,5,5,5,5,5,5,5,5,2,3,,30.0,,2.0,,,,,,,,6.0,,,1.0,,2.0,3.0,5.0,5.0,,,,,,,,15.0,,1.0,3.0,,,1.0,,5.0,,,,,,,,,,,,,,,,,,,,,,,,,,,,80.0,85.0,85.0,80.0,80.0,85.0,85.0,80.0,40.0,50.0,1.0,1.0,1.0,1.0,2.0,1.0,2.0,2.0,1.0,1.0,1.0,2.0,1.0,1.0,1.0,2.0,1.0,1.0,2.0,2.0,1.0,1.0,2.0,1.0,1.0,2.0,1.0,1.0,1.0,2.0,1.0,1.0,1.0,2.0,1.0,1.0,2.0,1.0,1.0,1.0
215,5,5,5,5,5,5,5,4,2,2,,30.0,5.0,,,,,,,,6.0,,1.0,54.0,,1.0,,,,,2.0,5.0,5.0,,,,15.0,,,1.0,3.0,,,1.0,,,5.0,,,,,,,,,,,1.0,1.0,1.0,1.0,1.0,1.0,7.0,3.0,3.0,3.0,3.0,5.0,6.0,6.0,4.0,,,,,,,,,,,,2.0,2.0,1.0,1.0,2.0,2.0,1.0,2.0,2.0,1.0,2.0,2.0,2.0,1.0,2.0,1.0,1.0,1.0,1.0,2.0,2.0,1.0,2.0,1.0,1.0,1.0,2.0,1.0,1.0,1.0,2.0,1.0,1.0,1.0,1.0,1.0,1.0,1.0,2.0,1.0
366,5,4,5,2,3,4,5,3,2,2,,30.0,,2.0,5.0,4.0,3.0,,,,,6.0,1.0,54.0,,1.0,,3.0,4.0,5.0,,,,,,,15.0,,,1.0,4.0,,,1.0,,5.0,,,,,,,,,,,,1.0,1.0,1.0,1.0,1.0,1.0,7.0,3.0,3.0,3.0,3.0,5.0,6.0,6.0,4.0,2.0,75.0,70.0,80.0,40.0,50.0,65.0,75.0,50.0,35.0,35.0,2.0,2.0,1.0,1.0,2.0,1.0,1.0,2.0,1.0,2.0,1.0,2.0,2.0,1.0,1.0,1.0,1.0,2.0,2.0,2.0,1.0,1.0,1.0,1.0,1.0,1.0,2.0,1.0,1.0,1.0,1.0,1.0,1.0,,,,,,,
17,5,5,5,5,5,5,5,5,2,2,,30.0,,2.0,,,,,,,,6.0,1.0,54.0,,1.0,,3.0,5.0,5.0,,,,,,,15.0,,1.0,,4.0,,,1.0,,5.0,,,,,,,,,,,,1.0,1.0,1.0,1.0,1.0,1.0,7.0,3.0,2.0,2.0,3.0,5.0,6.0,6.0,4.0,2.0,80.0,75.0,85.0,80.0,80.0,85.0,80.0,75.0,40.0,40.0,2.0,1.0,2.0,1.0,1.0,1.0,1.0,2.0,1.0,2.0,1.0,1.0,1.0,2.0,1.0,1.0,2.0,1.0,2.0,1.0,1.0,1.0,1.0,2.0,1.0,1.0,1.0,1.0,2.0,1.0,1.0,1.0,1.0,1.0,2.0,1.0,1.0,1.0,1.0,1.0
881,2,3,3,1,2,2,3,1,4,1,,20.0,,2.0,,,,,,,6.0,,1.0,54.0,,1.0,,,,,,,,2.0,4.0,5.0,,15.0,,1.0,,3.0,,,1.0,5.0,,,,,,,,,,,,1.0,1.0,1.0,1.0,1.0,1.0,6.0,3.0,3.0,3.0,3.0,5.0,6.0,6.0,3.0,,,,,,,,,,,,2.0,2.0,1.0,1.0,2.0,2.0,2.0,1.0,1.0,2.0,1.0,2.0,1.0,2.0,1.0,1.0,1.0,1.0,1.0,1.0,2.0,1.0,1.0,2.0,1.0,2.0,2.0,2.0,2.0,1.0,1.0,1.0,1.0,1.0,1.0,1.0,2.0,2.0,1.0,2.0
1908,2,4,4,2,3,4,4,2,3,2,,30.0,5.0,,,,,5.0,4.0,2.0,6.0,,,,1.0,1.0,,,,,,,,2.0,4.0,5.0,15.0,,,1.0,4.0,,,,1.0,5.0,,,,,,,,,,,,1.0,1.0,1.0,1.0,1.0,1.0,6.0,3.0,3.0,3.0,3.0,5.0,6.0,6.0,3.0,2.0,45.0,60.0,60.0,40.0,50.0,60.0,60.0,40.0,50.0,40.0,2.0,1.0,2.0,2.0,2.0,1.0,1.0,1.0,2.0,1.0,2.0,1.0,1.0,2.0,1.0,1.0,2.0,2.0,1.0,2.0,2.0,2.0,1.0,2.0,1.0,1.0,1.0,1.0,2.0,2.0,2.0,1.0,1.0,1.0,1.0,1.0,1.0,1.0,1.0,1.0
1432,5,5,5,5,5,5,5,5,1,1,70.0,,5.0,,5.0,4.0,2.0,,,,6.0,,,,1.0,1.0,,,,,2.0,5.0,5.0,,,,15.0,,,1.0,4.0,,,,1.0,5.0,,1.0,1.0,1.0,1.0,1.0,1.0,1.0,1.0,1.0,1.0,,,,,,,7.0,3.0,3.0,3.0,3.0,5.0,6.0,6.0,4.0,2.0,80.0,80.0,85.0,85.0,80.0,85.0,80.0,75.0,20.0,20.0,1.0,1.0,2.0,2.0,1.0,2.0,1.0,2.0,2.0,1.0,2.0,1.0,1.0,2.0,2.0,1.0,1.0,2.0,1.0,1.0,1.0,2.0,1.0,1.0,1.0,1.0,1.0,1.0,2.0,2.0,1.0,2.0,2.0,1.0,1.0,1.0,1.0,1.0,1.0,1.0
1541,2,3,3,1,2,3,3,2,1,1,,30.0,,2.0,,,,,,,6.0,,,,1.0,,2.0,,,,,,,2.0,4.0,5.0,,15.0,,1.0,,3.0,,,1.0,5.0,,,,,,,,,,,,1.0,1.0,1.0,1.0,1.0,1.0,7.0,3.0,3.0,2.0,3.0,5.0,6.0,6.0,3.0,2.0,40.0,50.0,50.0,20.0,30.0,50.0,50.0,40.0,20.0,20.0,1.0,2.0,1.0,2.0,1.0,1.0,2.0,1.0,1.0,1.0,1.0,1.0,1.0,1.0,1.0,1.0,1.0,2.0,1.0,1.0,1.0,1.0,1.0,1.0,1.0,1.0,2.0,2.0,1.0,1.0,2.0,1.0,1.0,1.0,1.0,1.0,2.0,1.0,1.0,1.0
141,4,4,5,3,4,4,5,3,2,2,70.0,,5.0,,,,,5.0,4.0,2.0,6.0,,1.0,54.0,,1.0,,,,,3.0,5.0,5.0,,,,,15.0,,1.0,,3.0,,1.0,,4.0,,,,,,,,,,,,1.0,1.0,1.0,1.0,1.0,1.0,7.0,3.0,3.0,3.0,3.0,5.0,6.0,6.0,4.0,2.0,65.0,60.0,70.0,50.0,60.0,60.0,70.0,50.0,40.0,40.0,1.0,1.0,1.0,1.0,1.0,2.0,1.0,2.0,1.0,2.0,2.0,1.0,1.0,1.0,1.0,1.0,2.0,1.0,2.0,1.0,1.0,1.0,2.0,1.0,1.0,2.0,2.0,1.0,1.0,1.0,1.0,1.0,1.0,1.0,1.0,1.0,1.0,1.0,1.0,2.0
933,2,3,3,1,2,2,3,1,1,1,,30.0,2.0,,,,,5.0,4.0,2.0,6.0,,1.0,54.0,,,2.0,,,,,,,3.0,4.0,5.0,15.0,,,1.0,,2.0,,1.0,,,5.0,1.0,1.0,1.0,1.0,1.0,1.0,1.0,1.0,1.0,1.0,,,,,,,6.0,3.0,2.0,3.0,3.0,5.0,6.0,6.0,3.0,,,,,,,,,,,,2.0,1.0,2.0,2.0,1.0,2.0,1.0,1.0,1.0,2.0,1.0,2.0,1.0,1.0,2.0,2.0,1.0,1.0,2.0,2.0,1.0,1.0,1.0,2.0,1.0,1.0,2.0,2.0,1.0,2.0,1.0,1.0,2.0,2.0,1.0,1.0,1.0,2.0,1.0,2.0
840,2,3,3,2,3,3,3,2,4,4,70.0,,2.0,,,,,,,,6.0,,,,1.0,1.0,,,,,,,,3.0,4.0,5.0,,10.0,1.0,,,3.0,,1.0,,,5.0,,,,,,,,,,,1.0,1.0,1.0,1.0,1.0,1.0,6.0,3.0,3.0,3.0,3.0,5.0,6.0,6.0,3.0,2.0,45.0,50.0,50.0,40.0,50.0,50.0,50.0,40.0,55.0,55.0,1.0,1.0,2.0,1.0,2.0,1.0,1.0,2.0,1.0,2.0,1.0,1.0,2.0,1.0,2.0,1.0,1.0,1.0,1.0,1.0,1.0,1.0,2.0,1.0,1.0,2.0,1.0,1.0,2.0,1.0,1.0,1.0,1.0,2.0,1.0,1.0,1.0,1.0,1.0,2.0
1447,5,5,5,5,5,5,5,5,2,3,,30.0,5.0,,5.0,4.0,2.0,,,,,6.0,,,1.0,1.0,,4.0,5.0,5.0,,,,,,,,10.0,,1.0,,4.0,,,1.0,5.0,,,,,,,,,,,,1.0,1.0,1.0,1.0,1.0,1.0,6.0,3.0,3.0,3.0,3.0,5.0,6.0,6.0,3.0,2.0,70.0,70.0,75.0,75.0,75.0,75.0,75.0,70.0,40.0,50.0,1.0,1.0,1.0,1.0,1.0,1.0,1.0,1.0,2.0,1.0,1.0,2.0,2.0,1.0,1.0,1.0,1.0,1.0,1.0,1.0,1.0,1.0,1.0,1.0,1.0,1.0,1.0,1.0,1.0,1.0,1.0,1.0,1.0,1.0,1.0,1.0,1.0,1.0,1.0,1.0
1534,5,5,5,4,4,5,5,4,2,2,,30.0,6.0,,5.0,4.0,2.0,,,,,7.0,1.0,54.0,,,2.0,,,,2.0,5.0,5.0,,,,15.0,,1.0,,,3.0,,,1.0,,5.0,1.0,1.0,1.0,1.0,1.0,1.0,1.0,1.0,1.0,1.0,,,,,,,6.0,3.0,2.0,3.0,3.0,5.0,6.0,6.0,4.0,2.0,75.0,70.0,75.0,60.0,60.0,75.0,75.0,60.0,40.0,40.0,2.0,2.0,1.0,1.0,2.0,1.0,2.0,1.0,2.0,1.0,1.0,1.0,2.0,2.0,1.0,1.0,1.0,1.0,1.0,1.0,1.0,2.0,1.0,1.0,2.0,1.0,1.0,1.0,1.0,1.0,1.0,2.0,1.0,1.0,1.0,1.0,1.0,1.0,1.0,1.0
1328,5,5,5,5,5,5,5,5,2,2,70.0,,5.0,,5.0,4.0,2.0,,,,6.0,,,,1.0,,2.0,,,,,,,3.0,5.0,5.0,,15.0,,1.0,,4.0,,,1.0,,5.0,,,,,,,,,,,1.0,1.0,1.0,1.0,1.0,1.0,7.0,3.0,3.0,3.0,3.0,5.0,6.0,6.0,4.0,2.0,,,,,,,,,,,2.0,1.0,1.0,1.0,2.0,1.0,2.0,1.0,1.0,1.0,2.0,1.0,1.0,1.0,1.0,2.0,1.0,1.0,1.0,1.0,2.0,1.0,1.0,1.0,1.0,1.0,1.0,1.0,1.0,2.0,2.0,1.0,2.0,2.0,1.0,1.0,1.0,1.0,1.0,1.0
134,5,5,5,4,4,5,5,4,2,2,70.0,,5.0,,5.0,4.0,3.0,,,,,6.0,1.0,54.0,,1.0,,,,,2.0,5.0,5.0,,,,,15.0,,1.0,4.0,,,,1.0,,5.0,,,,,,,,,,,1.0,1.0,1.0,1.0,1.0,1.0,7.0,3.0,3.0,3.0,3.0,5.0,6.0,6.0,4.0,2.0,75.0,75.0,80.0,65.0,65.0,80.0,75.0,65.0,40.0,40.0,1.0,2.0,1.0,2.0,2.0,2.0,2.0,1.0,2.0,1.0,1.0,1.0,2.0,1.0,2.0,1.0,2.0,1.0,1.0,1.0,1.0,1.0,1.0,1.0,1.0,1.0,1.0,1.0,1.0,2.0,1.0,1.0,1.0,1.0,2.0,1.0,1.0,1.0,1.0,1.0
728,4,4,4,3,3,4,4,3,2,2,,30.0,,2.0,,,,,,,,6.0,1.0,54.0,,,2.0,,,,,,,3.0,4.0,5.0,15.0,,1.0,,,4.0,,,1.0,4.0,,,,,,,,,,,,1.0,1.0,1.0,1.0,1.0,1.0,6.0,3.0,3.0,3.0,3.0,5.0,6.0,6.0,3.0,2.0,65.0,60.0,60.0,50.0,50.0,60.0,60.0,50.0,40.0,40.0,2.0,2.0,1.0,1.0,2.0,1.0,1.0,2.0,1.0,1.0,1.0,2.0,1.0,2.0,2.0,1.0,1.0,2.0,1.0,1.0,1.0,1.0,1.0,2.0,1.0,1.0,1.0,1.0,1.0,1.0,1.0,1.0,1.0,2.0,1.0,2.0,1.0,1.0,1.0,1.0
946,4,4,4,2,3,4,4,3,2,2,,30.0,,2.0,5.0,4.0,2.0,,,,,6.0,1.0,54.0,,,2.0,,,,,,,3.0,4.0,5.0,15.0,,1.0,,4.0,,,1.0,,,5.0,1.0,1.0,1.0,1.0,1.0,1.0,1.0,1.0,1.0,1.0,,,,,,,6.0,3.0,3.0,3.0,3.0,5.0,6.0,6.0,,,,,,,,,,,,,,,,,,,,,,,,,,,,,,,,,,,,,,,,,,,,,,,,,,,,
835,5,5,5,5,5,5,5,5,1,1,70.0,,5.0,,5.0,4.0,2.0,,,,6.0,,,,1.0,,2.0,,,,3.0,5.0,5.0,,,,15.0,,,1.0,4.0,,,1.0,,,5.0,,,,,,,,,,,1.0,1.0,1.0,1.0,1.0,1.0,7.0,3.0,3.0,3.0,3.0,5.0,6.0,6.0,4.0,,,,,,,,,,,,1.0,1.0,2.0,2.0,1.0,1.0,2.0,2.0,1.0,1.0,1.0,2.0,2.0,1.0,1.0,2.0,1.0,1.0,1.0,1.0,,,,,,,,,,,,,,,,,,,,
1660,5,5,5,4,4,5,5,5,1,1,70.0,,5.0,,5.0,4.0,2.0,,,,,6.0,1.0,54.0,,,2.0,,,,,,,2.0,5.0,5.0,,15.0,1.0,,,,2.0,1.0,,,5.0,1.0,1.0,1.0,1.0,1.0,1.0,1.0,1.0,1.0,1.0,,,,,,,7.0,3.0,3.0,3.0,3.0,5.0,6.0,6.0,4.0,2.0,80.0,80.0,80.0,70.0,70.0,80.0,80.0,80.0,20.0,20.0,1.0,2.0,1.0,2.0,2.0,2.0,2.0,1.0,1.0,2.0,1.0,1.0,1.0,1.0,1.0,1.0,1.0,1.0,1.0,1.0,1.0,1.0,2.0,1.0,1.0,1.0,2.0,1.0,1.0,2.0,1.0,1.0,2.0,1.0,1.0,1.0,1.0,2.0,1.0,1.0
1713,2,4,4,2,3,4,4,2,2,3,70.0,,,2.0,,,,,,,,6.0,1.0,54.0,,,2.0,3.0,4.0,5.0,,,,,,,15.0,,1.0,,,4.0,,1.0,,5.0,,,,,,,,,,,,1.0,1.0,1.0,1.0,1.0,1.0,6.0,3.0,3.0,3.0,3.0,5.0,6.0,6.0,3.0,,,,,,,,,,,,1.0,1.0,2.0,1.0,2.0,2.0,1.0,2.0,2.0,2.0,1.0,2.0,1.0,2.0,1.0,1.0,1.0,1.0,1.0,2.0,1.0,1.0,2.0,1.0,2.0,1.0,2.0,1.0,1.0,1.0,1.0,1.0,1.0,2.0,1.0,1.0,1.0,2.0,1.0,1.0
1486,5,4,5,5,5,5,5,5,2,2,70.0,,,2.0,,,,,,,6.0,,,,1.0,1.0,,,,,2.0,5.0,5.0,,,,15.0,,1.0,,4.0,,,,1.0,,5.0,,,,,,,,,,,1.0,1.0,1.0,1.0,1.0,1.0,6.0,3.0,3.0,3.0,3.0,5.0,6.0,6.0,4.0,2.0,80.0,70.0,80.0,80.0,80.0,80.0,80.0,80.0,40.0,40.0,2.0,1.0,1.0,1.0,1.0,1.0,1.0,1.0,1.0,1.0,1.0,1.0,2.0,1.0,1.0,1.0,1.0,1.0,1.0,1.0,1.0,1.0,1.0,1.0,2.0,1.0,1.0,2.0,1.0,1.0,1.0,1.0,1.0,1.0,1.0,1.0,1.0,1.0,1.0,2.0
260,1,2,2,1,2,2,3,1,1,1,70.0,,,1.0,,,,,,,6.0,,1.0,54.0,,1.0,,2.0,4.0,5.0,,,,,,,15.0,,1.0,,,3.0,,,1.0,5.0,,1.0,1.0,1.0,1.0,1.0,1.0,1.0,1.0,1.0,1.0,,,,,,,7.0,3.0,3.0,3.0,3.0,5.0,6.0,6.0,4.0,2.0,20.0,30.0,30.0,20.0,30.0,30.0,40.0,20.0,20.0,20.0,2.0,1.0,2.0,2.0,1.0,1.0,2.0,2.0,1.0,2.0,1.0,1.0,2.0,2.0,1.0,1.0,1.0,2.0,2.0,2.0,,,,,,,,,,,,,,,,,,,,
313,5,5,5,4,4,5,5,5,1,1,70.0,,,1.0,5.0,4.0,2.0,,,,,6.0,1.0,54.0,,,2.0,,,,2.0,5.0,5.0,,,,15.0,,1.0,,,,,,,,,,,,,,,,,,,,,,,,,,,,,,,,,,,,,,,,,,,,,,,,,,,,,,,,,,,,,,,,,,,,,,,,,,,,,,,,,,,,
62,5,5,5,2,3,4,5,3,2,2,70.0,,5.0,,4.0,4.0,3.0,,,,6.0,,,,1.0,,2.0,,,,3.0,5.0,5.0,,,,,15.0,,1.0,,4.0,,1.0,,,5.0,,,,,,,,,,,1.0,1.0,1.0,1.0,1.0,1.0,7.0,3.0,3.0,3.0,3.0,5.0,6.0,6.0,3.0,,,,,,,,,,,,1.0,2.0,1.0,2.0,1.0,1.0,1.0,2.0,1.0,1.0,2.0,1.0,2.0,1.0,1.0,1.0,2.0,1.0,2.0,2.0,1.0,1.0,1.0,1.0,2.0,1.0,2.0,1.0,2.0,2.0,1.0,1.0,1.0,1.0,1.0,1.0,2.0,1.0,1.0,1.0
987,5,4,5,4,4,5,5,4,2,3,70.0,,,2.0,5.0,4.0,2.0,,,,,6.0,1.0,54.0,,,2.0,,,,,,,3.0,5.0,5.0,15.0,,1.0,,,,3.0,1.0,,,5.0,1.0,1.0,1.0,1.0,1.0,1.0,1.0,1.0,1.0,1.0,,,,,,,7.0,3.0,2.0,3.0,3.0,6.0,6.0,5.0,4.0,2.0,75.0,65.0,80.0,70.0,70.0,85.0,80.0,70.0,40.0,50.0,2.0,1.0,1.0,1.0,1.0,1.0,1.0,1.0,1.0,1.0,2.0,1.0,2.0,1.0,1.0,2.0,1.0,1.0,1.0,1.0,1.0,1.0,1.0,1.0,2.0,2.0,1.0,1.0,2.0,1.0,1.0,1.0,1.0,2.0,1.0,1.0,1.0,2.0,1.0,1.0
2013,5,5,5,5,5,5,5,4,2,3,,30.0,,2.0,,,,,,,6.0,,,,1.0,1.0,,3.0,5.0,5.0,,,,,,,,,1.0,,4.0,,,,1.0,,5.0,,,,,,,,,,,1.0,1.0,1.0,1.0,1.0,1.0,7.0,3.0,3.0,3.0,3.0,5.0,6.0,6.0,4.0,2.0,75.0,75.0,80.0,80.0,80.0,80.0,80.0,70.0,40.0,50.0,1.0,2.0,2.0,2.0,1.0,1.0,2.0,2.0,1.0,1.0,1.0,2.0,1.0,1.0,1.0,1.0,1.0,1.0,2.0,2.0,1.0,1.0,1.0,1.0,1.0,1.0,2.0,1.0,2.0,1.0,1.0,1.0,1.0,1.0,1.0,1.0,1.0,2.0,2.0,2.0
1251,5,5,5,5,5,5,5,5,2,3,70.0,,5.0,,,,,5.0,4.0,2.0,6.0,,,,1.0,,2.0,,,,,,,2.0,5.0,5.0,15.0,,,1.0,4.0,,,,1.0,5.0,,1.0,1.0,1.0,1.0,1.0,1.0,1.0,1.0,1.0,1.0,,,,,,,7.0,3.0,3.0,3.0,3.0,5.0,6.0,6.0,4.0,2.0,75.0,75.0,80.0,80.0,80.0,80.0,80.0,75.0,40.0,50.0,1.0,2.0,1.0,2.0,2.0,1.0,1.0,2.0,1.0,1.0,1.0,1.0,1.0,2.0,1.0,1.0,1.0,1.0,1.0,1.0,1.0,1.0,1.0,1.0,1.0,2.0,1.0,1.0,2.0,1.0,1.0,1.0,1.0,1.0,1.0,1.0,1.0,1.0,1.0,1.0
1322,5,5,5,5,5,5,5,5,2,2,,30.0,2.0,,,,,5.0,4.0,2.0,6.0,,,,1.0,1.0,,3.0,5.0,5.0,,,,,,,15.0,,1.0,,,3.0,,,1.0,5.0,,1.0,1.0,1.0,1.0,1.0,1.0,1.0,1.0,1.0,1.0,,,,,,,7.0,3.0,3.0,3.0,3.0,5.0,6.0,6.0,4.0,2.0,70.0,70.0,70.0,70.0,70.0,70.0,70.0,70.0,40.0,40.0,1.0,1.0,2.0,2.0,1.0,1.0,1.0,2.0,1.0,2.0,1.0,1.0,1.0,2.0,1.0,1.0,1.0,1.0,1.0,2.0,2.0,1.0,1.0,1.0,1.0,2.0,1.0,1.0,2.0,1.0,1.0,2.0,1.0,1.0,1.0,2.0,1.0,1.0,1.0,1.0
651,3,4,4,2,3,4,4,3,2,2,60.0,,5.0,,,,,5.0,4.0,2.0,6.0,,1.0,54.0,,1.0,,3.0,4.0,5.0,,,,,,,15.0,,1.0,,,4.0,,,1.0,5.0,,,,,,,,,,,,1.0,1.0,1.0,1.0,1.0,1.0,6.0,3.0,3.0,3.0,3.0,5.0,6.0,6.0,4.0,,,,,,,,,,,,1.0,2.0,1.0,1.0,2.0,2.0,1.0,1.0,2.0,1.0,2.0,2.0,2.0,1.0,2.0,1.0,1.0,2.0,1.0,1.0,1.0,1.0,1.0,2.0,1.0,1.0,1.0,1.0,1.0,2.0,1.0,2.0,1.0,2.0,1.0,2.0,1.0,1.0,2.0,1.0
722,4,5,5,3,4,5,5,4,2,2,,30.0,,2.0,,,,,,,6.0,,1.0,54.0,,1.0,,3.0,5.0,5.0,,,,,,,15.0,,,1.0,,4.0,,1.0,,5.0,,,,,,,,,,,,1.0,1.0,1.0,1.0,1.0,1.0,7.0,3.0,3.0,3.0,3.0,5.0,6.0,6.0,4.0,,,,,,,,,,,,,,,,,,,,,,,,,,,,,,,,,,,,,,,,,,,,,,,,,,,
68,5,5,5,5,5,5,5,5,1,3,,30.0,,6.0,,,,,,,6.0,,1.0,54.0,,,2.0,,,,3.0,5.0,6.0,,,,,15.0,,1.0,,,3.0,1.0,,5.0,,,,,,,,,,,,1.0,1.0,1.0,1.0,1.0,1.0,7.0,3.0,3.0,3.0,3.0,5.0,6.0,6.0,4.0,2.0,85.0,80.0,85.0,85.0,85.0,85.0,85.0,80.0,20.0,50.0,1.0,1.0,1.0,1.0,1.0,2.0,1.0,1.0,2.0,1.0,1.0,1.0,2.0,1.0,1.0,1.0,1.0,1.0,2.0,1.0,1.0,1.0,1.0,1.0,1.0,1.0,2.0,1.0,2.0,1.0,1.0,1.0,1.0,1.0,1.0,1.0,1.0,1.0,1.0,1.0
2019,5,5,5,5,5,5,5,5,2,2,70.0,,,2.0,,,,,,,6.0,,,,1.0,1.0,,,,,3.0,5.0,6.0,,,,,15.0,1.0,,,,3.0,,1.0,5.0,,,,,,,,,,,,1.0,1.0,1.0,1.0,1.0,1.0,7.0,3.0,3.0,3.0,3.0,5.0,6.0,6.0,4.0,2.0,80.0,80.0,85.0,85.0,85.0,85.0,85.0,80.0,40.0,40.0,1.0,2.0,1.0,2.0,1.0,1.0,1.0,1.0,1.0,1.0,2.0,1.0,1.0,1.0,2.0,1.0,1.0,1.0,1.0,1.0,1.0,1.0,1.0,1.0,1.0,2.0,2.0,1.0,1.0,1.0,2.0,1.0,1.0,2.0,1.0,1.0,1.0,2.0,1.0,2.0
1977,4,4,4,2,3,4,4,3,2,2,70.0,,,,5.0,4.0,3.0,,,,,6.0,1.0,54.0,,,2.0,,,,2.0,4.0,5.0,,,,15.0,,,1.0,,3.0,,,1.0,,5.0,,,,,,,,,,,1.0,1.0,1.0,1.0,1.0,1.0,6.0,3.0,3.0,3.0,3.0,5.0,5.0,5.0,3.0,,,,,,,,,,,,1.0,2.0,1.0,1.0,2.0,1.0,2.0,2.0,1.0,1.0,1.0,1.0,2.0,1.0,1.0,1.0,2.0,1.0,1.0,1.0,1.0,1.0,1.0,1.0,2.0,2.0,1.0,2.0,1.0,1.0,1.0,2.0,1.0,1.0,2.0,2.0,1.0,1.0,2.0,1.0
1804,4,4,5,2,3,5,5,3,2,2,70.0,,2.0,,5.0,4.0,2.0,,,,,6.0,1.0,54.0,,,2.0,,,,,,,2.0,5.0,5.0,15.0,,1.0,,,4.0,,1.0,,,5.0,1.0,1.0,1.0,1.0,1.0,1.0,1.0,1.0,1.0,1.0,,,,,,,6.0,3.0,3.0,3.0,3.0,5.0,6.0,6.0,3.0,2.0,65.0,60.0,70.0,40.0,50.0,70.0,70.0,50.0,40.0,40.0,1.0,2.0,2.0,1.0,2.0,1.0,2.0,1.0,1.0,1.0,2.0,2.0,1.0,1.0,2.0,1.0,1.0,2.0,1.0,1.0,1.0,1.0,2.0,2.0,1.0,1.0,2.0,1.0,1.0,2.0,2.0,2.0,2.0,2.0,1.0,1.0,2.0,1.0,2.0,1.0
1719,4,4,4,2,3,4,4,3,2,2,,30.0,,2.0,,,,,,,6.0,,,,1.0,1.0,,3.0,4.0,5.0,,,,,,,15.0,,,1.0,4.0,,,1.0,,,5.0,1.0,1.0,1.0,1.0,1.0,1.0,1.0,1.0,1.0,1.0,,,,,,,6.0,3.0,2.0,2.0,3.0,5.0,6.0,6.0,4.0,,,,,,,,,,,,1.0,1.0,1.0,1.0,1.0,2.0,2.0,1.0,1.0,1.0,1.0,2.0,2.0,2.0,1.0,1.0,2.0,1.0,1.0,2.0,1.0,1.0,1.0,1.0,2.0,2.0,1.0,1.0,1.0,2.0,1.0,1.0,1.0,2.0,1.0,1.0,1.0,1.0,1.0,2.0
1290,5,5,5,5,5,5,5,5,2,2,,30.0,,2.0,,,,,,,,6.0,1.0,54.0,,1.0,,,,,3.0,5.0,5.0,,,,,15.0,,1.0,,,4.0,,1.0,,5.0,1.0,1.0,1.0,1.0,1.0,1.0,1.0,1.0,1.0,1.0,,,,,,,7.0,3.0,3.0,3.0,3.0,5.0,6.0,6.0,4.0,2.0,75.0,75.0,80.0,80.0,80.0,80.0,80.0,75.0,40.0,40.0,1.0,1.0,2.0,2.0,2.0,1.0,1.0,1.0,2.0,2.0,1.0,1.0,1.0,2.0,1.0,1.0,1.0,1.0,1.0,1.0,1.0,2.0,1.0,2.0,1.0,1.0,1.0,1.0,1.0,1.0,1.0,1.0,2.0,1.0,1.0,1.0,1.0,1.0,1.0,1.0
1076,5,5,5,5,5,5,5,5,2,2,,30.0,,2.0,5.0,4.0,3.0,,,,6.0,,,,1.0,,2.0,,,,,,,2.0,5.0,5.0,15.0,,,1.0,4.0,,,,1.0,,5.0,1.0,1.0,1.0,1.0,1.0,1.0,1.0,1.0,1.0,1.0,,,,,,,7.0,3.0,3.0,3.0,3.0,5.0,6.0,6.0,4.0,,,,,,,,,,,,,,,,,,,,,,,,,,,,,,,,,,,,,,,,,,,,,,,,,,,
1105,5,5,5,4,4,5,5,5,2,2,,30.0,,2.0,,,,,,,6.0,,1.0,54.0,,,2.0,2.0,5.0,5.0,,,,,,,,15.0,,1.0,,3.0,,,1.0,5.0,,1.0,1.0,1.0,1.0,1.0,1.0,1.0,1.0,1.0,1.0,,,,,,,6.0,3.0,3.0,3.0,3.0,5.0,6.0,6.0,4.0,2.0,70.0,70.0,70.0,60.0,60.0,70.0,70.0,70.0,40.0,40.0,2.0,1.0,1.0,1.0,1.0,2.0,1.0,1.0,1.0,1.0,1.0,1.0,2.0,1.0,1.0,1.0,2.0,1.0,1.0,1.0,1.0,1.0,1.0,1.0,1.0,1.0,2.0,1.0,1.0,1.0,1.0,1.0,1.0,1.0,1.0,1.0,1.0,2.0,1.0,1.0
319,4,4,4,3,3,4,4,3,2,2,70.0,,5.0,,4.0,3.0,2.0,,,,,6.0,,,1.0,1.0,,3.0,4.0,5.0,,,,,,,,15.0,,1.0,,3.0,,,1.0,5.0,,,,,,,,,,,,1.0,1.0,1.0,1.0,1.0,1.0,6.0,3.0,3.0,3.0,3.0,5.0,6.0,6.0,3.0,2.0,65.0,65.0,65.0,50.0,50.0,65.0,65.0,50.0,35.0,35.0,1.0,1.0,1.0,1.0,1.0,1.0,1.0,1.0,1.0,1.0,1.0,1.0,1.0,1.0,1.0,1.0,1.0,1.0,1.0,1.0,1.0,1.0,1.0,1.0,1.0,1.0,1.0,1.0,1.0,1.0,1.0,1.0,1.0,1.0,1.0,1.0,1.0,1.0,1.0,1.0
690,5,5,5,5,5,5,5,5,1,1,,30.0,,1.0,,,,,,,,7.0,1.0,54.0,,,2.0,,,,,,,2.0,5.0,5.0,15.0,,1.0,,4.0,,,1.0,,5.0,,,,,,,,,,,,1.0,1.0,1.0,1.0,1.0,1.0,7.0,3.0,3.0,3.0,3.0,5.0,6.0,6.0,4.0,,,,,,,,,,,,1.0,2.0,1.0,2.0,2.0,1.0,2.0,2.0,2.0,2.0,1.0,1.0,1.0,1.0,1.0,1.0,2.0,1.0,1.0,1.0,1.0,1.0,2.0,1.0,1.0,1.0,1.0,1.0,2.0,1.0,1.0,1.0,1.0,1.0,2.0,1.0,1.0,1.0,1.0,1.0
476,2,3,3,1,2,3,3,2,1,1,70.0,,5.0,,,,,5.0,4.0,2.0,6.0,,,,1.0,,2.0,,,,2.0,4.0,5.0,,,,15.0,,1.0,,4.0,,,1.0,,5.0,,,,,,,,,,,,1.0,1.0,1.0,1.0,1.0,1.0,6.0,3.0,2.0,2.0,3.0,5.0,6.0,6.0,4.0,2.0,40.0,50.0,50.0,20.0,30.0,50.0,50.0,40.0,20.0,20.0,1.0,2.0,2.0,1.0,1.0,2.0,1.0,1.0,1.0,2.0,2.0,1.0,1.0,2.0,1.0,1.0,2.0,1.0,1.0,2.0,1.0,1.0,1.0,1.0,2.0,1.0,2.0,2.0,1.0,2.0,1.0,1.0,2.0,1.0,1.0,1.0,1.0,1.0,1.0,1.0
505,4,4,4,2,3,4,4,3,2,3,,30.0,,2.0,,,,,,,6.0,,1.0,54.0,,1.0,,3.0,4.0,5.0,,,,,,,,10.0,,1.0,,,3.0,1.0,,5.0,,,,,,,,,,,,1.0,1.0,1.0,1.0,1.0,1.0,7.0,3.0,3.0,3.0,3.0,5.0,6.0,6.0,4.0,2.0,60.0,60.0,60.0,40.0,45.0,60.0,60.0,45.0,35.0,45.0,1.0,1.0,1.0,2.0,1.0,2.0,1.0,1.0,1.0,2.0,1.0,1.0,1.0,1.0,2.0,1.0,2.0,2.0,2.0,1.0,1.0,2.0,1.0,2.0,1.0,1.0,2.0,1.0,2.0,1.0,1.0,1.0,1.0,1.0,1.0,1.0,1.0,1.0,1.0,1.0
1902,4,4,4,2,3,4,4,3,2,2,,30.0,5.0,,5.0,4.0,2.0,,,,6.0,,,,1.0,,2.0,3.0,4.0,5.0,,,,,,,15.0,,1.0,,,4.0,,,1.0,,5.0,,,,,,,,,,,1.0,1.0,1.0,1.0,1.0,1.0,6.0,3.0,3.0,3.0,3.0,5.0,6.0,6.0,3.0,,,,,,,,,,,,,,,,,,,,,,,,,,,,,,,,,,,,,,,,,,,,,,,,,,,
1871,5,5,5,4,4,5,5,4,2,2,,30.0,,2.0,,,,,,,6.0,,1.0,54.0,,1.0,,,,,,,,2.0,5.0,5.0,15.0,,,1.0,,,3.0,,1.0,,5.0,1.0,1.0,1.0,1.0,1.0,1.0,1.0,1.0,1.0,1.0,,,,,,,6.0,3.0,3.0,3.0,3.0,5.0,6.0,6.0,4.0,,,,,,,,,,,,1.0,2.0,1.0,2.0,1.0,1.0,1.0,1.0,1.0,2.0,2.0,1.0,1.0,1.0,2.0,2.0,1.0,1.0,1.0,1.0,1.0,1.0,2.0,1.0,1.0,1.0,2.0,1.0,1.0,2.0,2.0,1.0,2.0,1.0,1.0,1.0,1.0,1.0,1.0,1.0
1003,2,3,3,2,3,3,3,2,2,2,,30.0,,2.0,,,,,,,6.0,,1.0,54.0,,,2.0,,,,2.0,4.0,5.0,,,,15.0,,,1.0,,,2.0,1.0,,4.0,,,,,,,,,,,,1.0,1.0,1.0,1.0,1.0,1.0,6.0,3.0,2.0,3.0,3.0,5.0,6.0,6.0,3.0,2.0,40.0,45.0,45.0,35.0,40.0,40.0,40.0,35.0,30.0,30.0,1.0,2.0,2.0,1.0,2.0,1.0,2.0,1.0,1.0,1.0,2.0,2.0,2.0,2.0,1.0,2.0,2.0,2.0,2.0,1.0,2.0,1.0,2.0,2.0,2.0,1.0,1.0,1.0,2.0,1.0,2.0,2.0,1.0,2.0,2.0,1.0,1.0,2.0,2.0,1.0
1170,5,5,5,4,4,5,5,4,2,3,,30.0,2.0,,5.0,4.0,2.0,,,,,6.0,,,1.0,1.0,,3.0,5.0,5.0,,,,,,,15.0,,1.0,,,4.0,,1.0,,5.0,,1.0,1.0,1.0,1.0,1.0,1.0,1.0,1.0,1.0,1.0,,,,,,,7.0,3.0,3.0,3.0,3.0,5.0,6.0,6.0,4.0,2.0,75.0,70.0,75.0,60.0,60.0,75.0,70.0,65.0,40.0,50.0,2.0,1.0,1.0,1.0,2.0,2.0,1.0,2.0,1.0,1.0,1.0,2.0,2.0,1.0,1.0,1.0,2.0,2.0,1.0,1.0,1.0,1.0,1.0,1.0,2.0,2.0,2.0,1.0,1.0,1.0,1.0,1.0,1.0,1.0,1.0,2.0,1.0,1.0,1.0,1.0
1396,2,3,3,2,3,3,3,2,4,2,70.0,,,2.0,5.0,4.0,2.0,,,,,6.0,1.0,54.0,,,2.0,,,,3.0,4.0,5.0,,,,10.0,,,1.0,3.0,,,1.0,,5.0,,,,,,,,,,,,1.0,1.0,1.0,1.0,1.0,1.0,6.0,3.0,3.0,3.0,3.0,5.0,5.0,5.0,3.0,,,,,,,,,,,,1.0,1.0,1.0,2.0,1.0,2.0,2.0,1.0,1.0,1.0,1.0,1.0,2.0,2.0,1.0,1.0,1.0,1.0,1.0,2.0,1.0,2.0,2.0,1.0,1.0,1.0,1.0,1.0,1.0,1.0,1.0,2.0,1.0,1.0,1.0,1.0,2.0,1.0,1.0,1.0
403,5,5,5,5,5,5,5,5,2,2,,30.0,,2.0,,,,,,,6.0,,1.0,54.0,,1.0,,3.0,5.0,5.0,,,,,,,15.0,,1.0,,,,3.0,1.0,,,5.0,,,,,,,,,,,1.0,1.0,1.0,1.0,1.0,1.0,6.0,3.0,3.0,3.0,3.0,5.0,5.0,5.0,3.0,2.0,75.0,75.0,75.0,75.0,75.0,75.0,75.0,75.0,25.0,25.0,1.0,2.0,1.0,1.0,1.0,1.0,2.0,1.0,1.0,1.0,2.0,1.0,2.0,1.0,2.0,2.0,1.0,2.0,2.0,1.0,1.0,2.0,2.0,2.0,1.0,1.0,1.0,1.0,1.0,1.0,1.0,1.0,1.0,1.0,1.0,1.0,1.0,2.0,2.0,1.0
570,5,5,5,5,5,5,5,5,1,1,,20.0,5.0,,,,,,,,,6.0,1.0,54.0,,,2.0,,,,3.0,5.0,5.0,,,,,10.0,1.0,,4.0,,,,1.0,5.0,,1.0,1.0,1.0,1.0,1.0,1.0,1.0,1.0,1.0,1.0,,,,,,,7.0,3.0,3.0,3.0,3.0,5.0,6.0,6.0,4.0,2.0,80.0,75.0,85.0,80.0,75.0,80.0,75.0,70.0,30.0,30.0,1.0,1.0,1.0,2.0,1.0,1.0,2.0,2.0,1.0,1.0,1.0,1.0,1.0,1.0,2.0,2.0,1.0,1.0,1.0,1.0,,,,,,,,,,,,,,,,,,,,
796,5,5,5,5,5,5,5,4,1,2,70.0,,,,5.0,4.0,2.0,,,,6.0,,1.0,54.0,,,2.0,3.0,5.0,5.0,,,,,,,15.0,,,1.0,4.0,,,,1.0,,5.0,1.0,1.0,1.0,1.0,1.0,1.0,1.0,1.0,1.0,1.0,,,,,,,6.0,3.0,2.0,2.0,3.0,5.0,6.0,6.0,4.0,2.0,75.0,75.0,75.0,75.0,75.0,75.0,75.0,60.0,20.0,30.0,1.0,2.0,1.0,2.0,1.0,1.0,2.0,1.0,1.0,1.0,2.0,1.0,1.0,1.0,2.0,1.0,1.0,2.0,1.0,1.0,2.0,1.0,1.0,2.0,1.0,1.0,1.0,1.0,1.0,2.0,1.0,2.0,1.0,2.0,1.0,2.0,1.0,1.0,2.0,1.0
939,4,4,4,2,3,5,4,3,2,2,70.0,,2.0,,,,,,,,,,,,1.0,1.0,,,,,,,,3.0,4.0,5.0,,15.0,1.0,,4.0,,,,1.0,5.0,,,,,,,,,,,,1.0,1.0,1.0,1.0,1.0,1.0,6.0,3.0,3.0,3.0,3.0,5.0,6.0,6.0,4.0,2.0,70.0,65.0,65.0,40.0,50.0,75.0,65.0,50.0,40.0,40.0,1.0,1.0,1.0,2.0,2.0,2.0,1.0,2.0,1.0,2.0,2.0,1.0,1.0,2.0,1.0,2.0,1.0,1.0,1.0,2.0,1.0,1.0,1.0,1.0,1.0,1.0,1.0,1.0,1.0,1.0,2.0,1.0,2.0,2.0,1.0,1.0,1.0,1.0,1.0,1.0
1224,2,3,3,2,3,3,3,2,4,3,70.0,,5.0,,,,,5.0,4.0,2.0,6.0,,,,1.0,1.0,,3.0,4.0,5.0,,,,,,,,15.0,,1.0,4.0,,,1.0,,,5.0,,,,,,,,,,,1.0,1.0,1.0,1.0,1.0,1.0,6.0,3.0,2.0,3.0,3.0,5.0,6.0,5.0,4.0,,,,,,,,,,,,1.0,1.0,1.0,2.0,2.0,2.0,1.0,1.0,2.0,1.0,1.0,2.0,2.0,2.0,1.0,1.0,2.0,2.0,1.0,1.0,1.0,1.0,2.0,2.0,2.0,2.0,2.0,1.0,1.0,1.0,1.0,1.0,1.0,1.0,2.0,1.0,1.0,1.0,1.0,1.0
1357,5,5,5,5,5,5,5,5,2,2,70.0,,5.0,,,,,5.0,4.0,2.0,6.0,,1.0,54.0,,1.0,,3.0,5.0,5.0,,,,,,,15.0,,1.0,,,,2.0,1.0,,,5.0,,,,,,,,,,,1.0,1.0,1.0,1.0,1.0,1.0,7.0,3.0,3.0,3.0,3.0,5.0,6.0,6.0,4.0,2.0,75.0,75.0,80.0,70.0,70.0,75.0,75.0,70.0,40.0,40.0,1.0,2.0,2.0,1.0,2.0,1.0,1.0,2.0,2.0,1.0,1.0,1.0,1.0,1.0,1.0,1.0,1.0,1.0,2.0,2.0,1.0,1.0,2.0,1.0,2.0,,,,,,,,,,,,,,,
1438,5,5,5,5,5,5,5,5,2,3,,30.0,,1.0,,,,,,,6.0,,1.0,54.0,,,2.0,3.0,5.0,5.0,,,,,,,,15.0,1.0,,,,3.0,,1.0,,5.0,,,,,,,,,,,1.0,1.0,1.0,1.0,1.0,1.0,7.0,3.0,3.0,3.0,3.0,5.0,6.0,6.0,4.0,2.0,75.0,75.0,80.0,80.0,80.0,80.0,80.0,75.0,40.0,50.0,2.0,2.0,2.0,2.0,1.0,2.0,1.0,1.0,1.0,2.0,1.0,1.0,2.0,1.0,2.0,2.0,1.0,1.0,2.0,1.0,1.0,1.0,2.0,1.0,2.0,1.0,1.0,2.0,2.0,1.0,1.0,1.0,2.0,2.0,1.0,1.0,1.0,1.0,1.0,2.0
624,5,5,5,5,5,5,5,5,1,1,,30.0,,2.0,5.0,4.0,2.0,,,,,6.0,,,1.0,1.0,,,,,2.0,5.0,5.0,,,,,15.0,1.0,,,,3.0,1.0,,5.0,,,,,,,,,,,,1.0,1.0,1.0,1.0,1.0,1.0,7.0,3.0,3.0,3.0,3.0,5.0,6.0,6.0,4.0,2.0,80.0,80.0,80.0,80.0,80.0,80.0,80.0,80.0,20.0,20.0,1.0,1.0,2.0,1.0,2.0,1.0,2.0,2.0,1.0,1.0,1.0,2.0,2.0,1.0,1.0,1.0,2.0,1.0,1.0,1.0,2.0,1.0,1.0,2.0,1.0,1.0,1.0,2.0,1.0,2.0,2.0,1.0,1.0,1.0,1.0,1.0,2.0,1.0,1.0,1.0
757,5,5,5,5,5,5,5,5,2,2,,30.0,,2.0,,,,,,,6.0,,1.0,54.0,,,2.0,,,,,,,3.0,5.0,5.0,15.0,,1.0,,,3.0,,,1.0,5.0,,1.0,1.0,1.0,1.0,1.0,1.0,1.0,1.0,1.0,1.0,,,,,,,6.0,3.0,3.0,3.0,3.0,5.0,5.0,5.0,3.0,2.0,75.0,75.0,75.0,75.0,75.0,75.0,75.0,75.0,40.0,40.0,2.0,2.0,1.0,1.0,1.0,2.0,1.0,2.0,2.0,2.0,2.0,1.0,2.0,1.0,1.0,2.0,2.0,1.0,1.0,2.0,1.0,2.0,1.0,1.0,1.0,2.0,2.0,1.0,2.0,1.0,1.0,1.0,1.0,1.0,1.0,1.0,1.0,1.0,1.0,1.0
1933,5,5,5,4,4,5,5,4,2,2,70.0,,,,,,,,,,6.0,,1.0,54.0,,,2.0,3.0,5.0,5.0,,,,,,,15.0,,1.0,,,,3.0,,1.0,,5.0,1.0,1.0,1.0,1.0,1.0,1.0,1.0,1.0,1.0,1.0,,,,,,,6.0,3.0,3.0,3.0,3.0,5.0,6.0,6.0,4.0,2.0,75.0,75.0,75.0,65.0,65.0,75.0,75.0,65.0,35.0,35.0,2.0,1.0,1.0,2.0,2.0,1.0,1.0,2.0,2.0,1.0,1.0,1.0,2.0,2.0,1.0,1.0,2.0,1.0,1.0,1.0,2.0,1.0,2.0,1.0,2.0,1.0,2.0,2.0,1.0,1.0,1.0,1.0,1.0,1.0,1.0,2.0,1.0,1.0,1.0,1.0
1840,5,5,5,4,4,5,5,4,2,3,70.0,,5.0,,,,,,,,,6.0,,,1.0,,2.0,3.0,5.0,5.0,,,,,,,15.0,,1.0,,,4.0,,,1.0,5.0,,,,,,,,,,,,1.0,1.0,1.0,1.0,1.0,1.0,6.0,3.0,3.0,3.0,3.0,5.0,6.0,6.0,,,,,,,,,,,,,2.0,2.0,2.0,1.0,1.0,1.0,2.0,2.0,1.0,1.0,1.0,2.0,1.0,1.0,1.0,1.0,1.0,1.0,1.0,1.0,1.0,1.0,1.0,1.0,1.0,2.0,1.0,1.0,2.0,1.0,1.0,1.0,1.0,1.0,2.0,1.0,1.0,2.0,2.0,2.0
432,4,4,4,2,3,4,4,3,2,2,,30.0,5.0,,5.0,4.0,2.0,,,,,6.0,,,1.0,,2.0,,,,,,,3.0,4.0,5.0,,10.0,,1.0,,,3.0,,1.0,,5.0,,,,,,,,,,,1.0,1.0,1.0,1.0,1.0,1.0,7.0,3.0,3.0,3.0,3.0,5.0,6.0,6.0,4.0,2.0,65.0,60.0,60.0,40.0,50.0,60.0,60.0,45.0,35.0,35.0,2.0,1.0,2.0,2.0,1.0,2.0,1.0,2.0,2.0,1.0,1.0,2.0,2.0,1.0,1.0,1.0,2.0,2.0,1.0,2.0,1.0,1.0,1.0,1.0,1.0,1.0,2.0,2.0,2.0,2.0,1.0,2.0,1.0,2.0,2.0,2.0,1.0,1.0,2.0,1.0
541,5,5,5,5,5,5,5,5,2,2,,30.0,,2.0,5.0,4.0,2.0,,,,6.0,,,,1.0,,2.0,3.0,5.0,5.0,,,,,,,15.0,,,1.0,,,2.0,1.0,,,5.0,1.0,1.0,1.0,1.0,1.0,1.0,1.0,1.0,1.0,1.0,,,,,,,6.0,3.0,3.0,3.0,3.0,5.0,6.0,6.0,4.0,,,,,,,,,,,,1.0,2.0,1.0,1.0,1.0,1.0,2.0,1.0,1.0,1.0,1.0,2.0,1.0,1.0,1.0,1.0,1.0,2.0,1.0,1.0,2.0,1.0,1.0,1.0,2.0,1.0,2.0,2.0,1.0,1.0,1.0,2.0,1.0,1.0,2.0,1.0,1.0,1.0,1.0,1.0
1032,5,5,5,4,4,5,5,4,2,2,,30.0,5.0,,4.0,3.0,2.0,,,,6.0,,1.0,54.0,,1.0,,3.0,5.0,5.0,,,,,,,,10.0,,1.0,4.0,,,1.0,,5.0,,,,,,,,,,,,1.0,1.0,1.0,1.0,1.0,1.0,7.0,3.0,2.0,3.0,3.0,5.0,6.0,5.0,4.0,2.0,75.0,75.0,75.0,65.0,65.0,75.0,75.0,65.0,40.0,40.0,2.0,1.0,2.0,1.0,2.0,2.0,1.0,1.0,2.0,2.0,2.0,1.0,2.0,2.0,2.0,1.0,2.0,2.0,1.0,1.0,2.0,1.0,1.0,2.0,1.0,1.0,2.0,2.0,2.0,1.0,1.0,1.0,1.0,1.0,2.0,1.0,2.0,1.0,1.0,1.0
1141,4,4,5,2,3,4,4,3,2,2,70.0,,,2.0,,,,,,,,6.0,1.0,54.0,,,2.0,,,,2.0,5.0,5.0,,,,,15.0,,1.0,4.0,,,,1.0,,5.0,,,,,,,,,,,1.0,1.0,1.0,1.0,1.0,1.0,6.0,3.0,3.0,3.0,3.0,5.0,6.0,6.0,3.0,2.0,65.0,60.0,70.0,40.0,50.0,60.0,60.0,45.0,35.0,35.0,1.0,2.0,1.0,2.0,1.0,2.0,1.0,2.0,1.0,2.0,1.0,1.0,1.0,1.0,2.0,1.0,2.0,1.0,1.0,1.0,2.0,1.0,1.0,2.0,1.0,1.0,1.0,1.0,1.0,2.0,1.0,2.0,1.0,1.0,1.0,1.0,1.0,1.0,2.0,1.0
1881,5,5,5,4,4,5,5,5,2,2,,30.0,5.0,,,,,,,,,6.0,,,1.0,1.0,,,,,2.0,5.0,5.0,,,,15.0,,,1.0,4.0,,,,1.0,5.0,,,,,,,,,,,,,,,,,,,,,,,,,,,,70.0,70.0,70.0,60.0,60.0,70.0,70.0,70.0,40.0,40.0,1.0,2.0,1.0,2.0,1.0,2.0,1.0,1.0,1.0,1.0,1.0,1.0,1.0,1.0,2.0,2.0,1.0,2.0,2.0,1.0,1.0,1.0,1.0,1.0,1.0,1.0,2.0,2.0,1.0,1.0,2.0,1.0,1.0,2.0,1.0,1.0,1.0,2.0,1.0,1.0
908,5,5,5,5,5,5,5,5,2,2,70.0,,5.0,,,,,5.0,4.0,2.0,6.0,,,,1.0,,2.0,,,,2.0,5.0,5.0,,,,,15.0,1.0,,,3.0,,1.0,,,5.0,,,,,,,,,,,1.0,1.0,1.0,1.0,1.0,1.0,6.0,3.0,3.0,3.0,3.0,5.0,6.0,6.0,4.0,2.0,80.0,80.0,85.0,85.0,85.0,85.0,85.0,80.0,40.0,40.0,1.0,2.0,2.0,1.0,1.0,1.0,1.0,1.0,1.0,1.0,1.0,2.0,2.0,1.0,2.0,1.0,1.0,2.0,2.0,1.0,1.0,1.0,1.0,2.0,1.0,2.0,2.0,1.0,1.0,2.0,1.0,1.0,2.0,2.0,2.0,1.0,2.0,1.0,1.0,1.0
615,5,5,5,5,5,5,5,5,2,3,,30.0,,2.0,5.0,4.0,2.0,,,,,6.0,1.0,54.0,,1.0,,,,,,,,3.0,5.0,5.0,,15.0,1.0,,4.0,,,,1.0,5.0,,1.0,1.0,1.0,1.0,1.0,1.0,1.0,1.0,1.0,1.0,,,,,,,7.0,3.0,3.0,3.0,3.0,5.0,6.0,6.0,4.0,2.0,80.0,80.0,85.0,85.0,85.0,85.0,85.0,80.0,30.0,50.0,2.0,2.0,1.0,1.0,1.0,1.0,1.0,1.0,2.0,1.0,1.0,2.0,2.0,2.0,1.0,1.0,1.0,1.0,1.0,1.0,1.0,1.0,1.0,1.0,2.0,1.0,1.0,2.0,1.0,2.0,1.0,1.0,1.0,2.0,1.0,1.0,1.0,1.0,1.0,1.0
766,4,4,4,2,3,3,4,3,2,2,70.0,,2.0,,5.0,4.0,2.0,,,,6.0,,1.0,54.0,,1.0,,3.0,5.0,5.0,,,,,,,,15.0,,1.0,4.0,,,1.0,,,5.0,,,,,,,,,,,1.0,1.0,1.0,1.0,1.0,1.0,7.0,3.0,3.0,3.0,3.0,5.0,6.0,6.0,4.0,2.0,65.0,65.0,65.0,40.0,50.0,50.0,65.0,50.0,35.0,35.0,1.0,2.0,1.0,2.0,1.0,1.0,2.0,1.0,1.0,2.0,2.0,2.0,1.0,1.0,2.0,1.0,1.0,1.0,1.0,2.0,1.0,1.0,1.0,1.0,1.0,2.0,1.0,1.0,1.0,1.0,1.0,1.0,2.0,2.0,1.0,2.0,1.0,2.0,1.0,1.0
580,4,4,4,2,3,4,4,3,2,2,,30.0,,2.0,,,,,,,6.0,,1.0,54.0,,,2.0,3.0,4.0,5.0,,,,,,,,12.0,,1.0,4.0,,,1.0,,5.0,,,,,,,,,,,,1.0,1.0,1.0,1.0,1.0,1.0,,,,,,,,,,,,,,,,,,,,,1.0,2.0,2.0,1.0,1.0,2.0,1.0,1.0,1.0,1.0,1.0,1.0,2.0,1.0,1.0,1.0,1.0,1.0,1.0,1.0,1.0,1.0,1.0,1.0,1.0,1.0,1.0,2.0,1.0,1.0,1.0,1.0,1.0,1.0,1.0,1.0,1.0,1.0,2.0,2.0
1215,4,4,4,2,3,4,4,3,2,2,70.0,,,2.0,,,,,,,6.0,,1.0,54.0,,1.0,,,,,,,,3.0,4.0,5.0,15.0,,,1.0,,3.0,,,1.0,5.0,,,,,,,,,,,,1.0,1.0,1.0,1.0,1.0,1.0,6.0,3.0,3.0,3.0,3.0,5.0,6.0,6.0,3.0,2.0,70.0,65.0,65.0,40.0,50.0,65.0,65.0,50.0,40.0,40.0,2.0,1.0,2.0,2.0,1.0,1.0,1.0,2.0,1.0,1.0,1.0,1.0,2.0,2.0,2.0,1.0,1.0,1.0,1.0,1.0,1.0,1.0,1.0,1.0,1.0,1.0,1.0,2.0,1.0,2.0,1.0,2.0,1.0,1.0,2.0,1.0,1.0,2.0,2.0,1.0
1366,2,3,3,2,2,2,3,2,4,2,70.0,,,2.0,,,,,,,6.0,,1.0,54.0,,,2.0,2.0,4.0,5.0,,,,,,,,15.0,1.0,,,,3.0,1.0,,,5.0,,,,,,,,,,,1.0,1.0,1.0,1.0,1.0,1.0,6.0,3.0,2.0,3.0,3.0,5.0,6.0,6.0,3.0,2.0,40.0,50.0,50.0,40.0,40.0,40.0,50.0,40.0,30.0,40.0,1.0,1.0,2.0,2.0,2.0,1.0,1.0,2.0,1.0,2.0,1.0,2.0,1.0,1.0,1.0,2.0,1.0,1.0,2.0,1.0,2.0,1.0,2.0,1.0,1.0,2.0,1.0,1.0,1.0,1.0,1.0,1.0,1.0,1.0,2.0,1.0,2.0,2.0,1.0,1.0
1409,5,5,5,5,5,5,5,5,1,1,70.0,,,2.0,,,,,,,,6.0,,,1.0,,2.0,,,,,,,2.0,5.0,,15.0,,,1.0,4.0,,,1.0,,5.0,,,,,,,,,,,,1.0,1.0,1.0,1.0,1.0,1.0,7.0,3.0,3.0,3.0,3.0,5.0,6.0,6.0,4.0,2.0,75.0,70.0,75.0,70.0,70.0,75.0,70.0,65.0,30.0,30.0,1.0,1.0,1.0,2.0,2.0,2.0,1.0,2.0,2.0,1.0,1.0,1.0,2.0,1.0,1.0,2.0,1.0,1.0,1.0,1.0,1.0,1.0,1.0,1.0,1.0,1.0,1.0,1.0,1.0,2.0,1.0,1.0,1.0,1.0,1.0,1.0,1.0,1.0,1.0,1.0
1180,5,5,5,5,5,5,5,5,1,1,70.0,,,2.0,5.0,4.0,2.0,,,,6.0,,1.0,54.0,,1.0,,2.0,5.0,5.0,,,,,,,15.0,,1.0,,,,,,,,,,,,,,,,,,,,,,,,,,,,,,,,,,,,,,,,,,,,,,,,,,,,,,,,,,,,,,,,,,,,,,,,,,,,,,,,,,,,
1987,4,4,4,2,3,4,4,3,2,3,70.0,,5.0,,,,,5.0,4.0,2.0,6.0,,,,1.0,,2.0,,,,,,,2.0,4.0,5.0,15.0,,,1.0,4.0,,,,1.0,,5.0,1.0,1.0,1.0,1.0,1.0,1.0,1.0,1.0,1.0,1.0,,,,,,,6.0,3.0,4.0,4.0,3.0,5.0,6.0,6.0,4.0,2.0,65.0,60.0,60.0,40.0,50.0,60.0,60.0,50.0,40.0,45.0,2.0,1.0,2.0,2.0,1.0,2.0,1.0,2.0,2.0,1.0,2.0,1.0,1.0,1.0,2.0,1.0,2.0,1.0,2.0,1.0,1.0,2.0,1.0,1.0,2.0,1.0,1.0,1.0,2.0,1.0,1.0,1.0,2.0,1.0,1.0,1.0,2.0,1.0,1.0,1.0
98,5,5,5,3,4,5,5,4,2,2,,30.0,,2.0,,,,,,,6.0,,,,1.0,1.0,,3.0,5.0,5.0,,,,,,,,15.0,1.0,,,3.0,,,1.0,,5.0,1.0,1.0,1.0,1.0,1.0,1.0,1.0,1.0,1.0,1.0,,,,,,,7.0,3.0,3.0,3.0,4.0,5.0,6.0,6.0,4.0,2.0,70.0,70.0,70.0,50.0,60.0,70.0,70.0,60.0,40.0,40.0,1.0,1.0,2.0,1.0,1.0,2.0,1.0,1.0,1.0,1.0,1.0,2.0,1.0,1.0,2.0,1.0,1.0,1.0,2.0,2.0,,,,,,,,,,,,,,,,,,,,
486,5,5,5,4,4,5,5,5,2,2,70.0,,5.0,,5.0,4.0,2.0,,,,,6.0,1.0,54.0,,,2.0,3.0,5.0,5.0,,,,,,,,15.0,1.0,,,,3.0,1.0,,,5.0,,,,,,,,,,,1.0,1.0,1.0,1.0,1.0,1.0,7.0,3.0,2.0,2.0,3.0,5.0,6.0,6.0,4.0,2.0,75.0,70.0,80.0,65.0,65.0,75.0,70.0,70.0,40.0,40.0,1.0,2.0,1.0,1.0,2.0,1.0,2.0,1.0,1.0,1.0,2.0,1.0,1.0,1.0,2.0,1.0,2.0,1.0,2.0,2.0,1.0,1.0,1.0,1.0,1.0,1.0,1.0,1.0,2.0,1.0,1.0,2.0,1.0,1.0,1.0,1.0,2.0,1.0,1.0,2.0
660,5,4,5,5,4,5,4,5,2,3,,30.0,,2.0,,,,,,,6.0,,1.0,54.0,,,2.0,3.0,5.0,5.0,,,,,,,,15.0,,1.0,,3.0,,,1.0,5.0,,,,,,,,,,,,1.0,1.0,1.0,1.0,1.0,1.0,7.0,3.0,3.0,3.0,3.0,5.0,6.0,6.0,4.0,,,,,,,,,,,,,,,,,,,,,,,,,,,,,,,,,,,,,,,,,,,,,,,,,,,
713,5,5,5,5,5,5,5,5,2,2,70.0,,,2.0,,,,,,,6.0,,1.0,54.0,,,2.0,,,,3.0,5.0,5.0,,,,,15.0,,1.0,4.0,,,1.0,,,5.0,1.0,1.0,1.0,1.0,1.0,1.0,1.0,1.0,1.0,1.0,,,,,,,6.0,3.0,3.0,3.0,3.0,5.0,6.0,6.0,4.0,2.0,75.0,75.0,75.0,75.0,75.0,75.0,75.0,75.0,40.0,40.0,1.0,2.0,1.0,1.0,2.0,1.0,2.0,1.0,2.0,1.0,1.0,2.0,2.0,1.0,1.0,1.0,1.0,1.0,1.0,1.0,1.0,1.0,2.0,1.0,1.0,1.0,2.0,1.0,1.0,1.0,2.0,1.0,1.0,2.0,1.0,1.0,1.0,2.0,1.0,1.0
1086,5,5,5,5,5,5,5,5,2,2,,30.0,2.0,,4.0,4.0,2.0,,,,6.0,,,,1.0,,2.0,,,,,,,2.0,5.0,5.0,5.0,,1.0,,3.0,,,,1.0,5.0,,1.0,1.0,1.0,1.0,1.0,1.0,1.0,1.0,1.0,1.0,,,,,,,7.0,3.0,3.0,3.0,3.0,5.0,6.0,6.0,3.0,2.0,75.0,75.0,80.0,80.0,80.0,80.0,80.0,75.0,40.0,40.0,2.0,2.0,2.0,1.0,1.0,1.0,2.0,2.0,2.0,2.0,1.0,1.0,1.0,2.0,2.0,2.0,1.0,2.0,1.0,1.0,1.0,2.0,2.0,1.0,2.0,2.0,2.0,2.0,2.0,2.0,1.0,1.0,1.0,2.0,2.0,1.0,1.0,1.0,2.0,1.0
1260,5,5,5,5,5,5,5,5,1,1,30.0,,,2.0,,,,5.0,4.0,2.0,,6.0,,,1.0,,2.0,,,,,,,2.0,5.0,5.0,,15.0,,1.0,4.0,,,1.0,,,5.0,1.0,1.0,1.0,1.0,1.0,1.0,1.0,1.0,1.0,1.0,,,,,,,6.0,3.0,3.0,3.0,3.0,5.0,6.0,6.0,4.0,2.0,80.0,80.0,85.0,85.0,85.0,85.0,85.0,80.0,20.0,20.0,2.0,2.0,1.0,1.0,2.0,1.0,2.0,1.0,2.0,2.0,2.0,1.0,1.0,1.0,2.0,2.0,1.0,1.0,1.0,1.0,1.0,1.0,1.0,1.0,1.0,1.0,1.0,1.0,1.0,1.0,2.0,1.0,2.0,1.0,1.0,1.0,1.0,1.0,1.0,1.0
1313,2,3,3,2,3,3,3,2,4,4,,30.0,,2.0,,,,,,,,6.0,,,1.0,,2.0,,,,3.0,4.0,5.0,,,,,15.0,1.0,,,,,,,,,,,,,,,,,,,,,,,,,,,,,,,,,,,,,,,,,,,,,,,,,,,,,,,,,,,,,,,,,,,,,,,,,,,,,,,,,,,,
1946,5,5,5,5,5,5,5,5,2,3,,20.0,6.0,,5.0,4.0,2.0,,,,,6.0,,,1.0,,2.0,3.0,5.0,5.0,,,,,,,15.0,,,1.0,4.0,,,1.0,,,5.0,,,,,,,,,,,1.0,1.0,1.0,1.0,1.0,1.0,7.0,3.0,3.0,3.0,3.0,5.0,6.0,6.0,4.0,,,,,,,,,,,,,,,,,,,,,,,,,,,,,,,,,,,,,,,,,,,,,,,,,,,
1835,1,2,2,1,2,1,2,1,4,3,70.0,,,2.0,,,,,,,,6.0,1.0,54.0,,,2.0,,,,,,,2.0,4.0,5.0,,15.0,1.0,,,3.0,,,1.0,,5.0,1.0,1.0,1.0,1.0,1.0,1.0,1.0,1.0,1.0,1.0,,,,,,,6.0,3.0,2.0,2.0,3.0,5.0,6.0,6.0,3.0,2.0,30.0,40.0,40.0,20.0,30.0,20.0,40.0,20.0,50.0,35.0,2.0,1.0,1.0,2.0,2.0,1.0,1.0,2.0,1.0,1.0,1.0,2.0,1.0,1.0,1.0,1.0,1.0,1.0,1.0,1.0,2.0,2.0,2.0,1.0,2.0,1.0,1.0,1.0,2.0,2.0,1.0,1.0,2.0,1.0,2.0,1.0,1.0,1.0,1.0,2.0
59,4,4,4,2,3,3,4,3,2,2,70.0,,,2.0,,,,,,,,6.0,,,1.0,,2.0,,,,2.0,4.0,5.0,,,,15.0,,1.0,,4.0,,,,1.0,,5.0,,,,,,,,,,,1.0,1.0,1.0,1.0,1.0,1.0,7.0,3.0,3.0,3.0,3.0,5.0,6.0,6.0,3.0,2.0,60.0,60.0,60.0,40.0,50.0,50.0,60.0,50.0,40.0,40.0,1.0,2.0,1.0,1.0,1.0,1.0,2.0,1.0,2.0,1.0,2.0,1.0,1.0,2.0,1.0,1.0,2.0,1.0,1.0,2.0,1.0,1.0,2.0,1.0,1.0,1.0,1.0,2.0,1.0,1.0,1.0,1.0,1.0,2.0,1.0,1.0,1.0,1.0,2.0,1.0
2028,5,5,5,4,4,5,5,4,2,2,70.0,,5.0,,5.0,4.0,2.0,,,,6.0,,,,1.0,1.0,,3.0,5.0,5.0,,,,,,,,10.0,1.0,,,,3.0,1.0,,5.0,,1.0,1.0,1.0,1.0,1.0,1.0,1.0,1.0,1.0,1.0,,,,,,,6.0,3.0,3.0,3.0,3.0,5.0,6.0,6.0,3.0,,,,,,,,,,,,2.0,1.0,1.0,2.0,1.0,1.0,1.0,1.0,1.0,1.0,1.0,1.0,1.0,1.0,1.0,1.0,1.0,2.0,2.0,1.0,1.0,1.0,2.0,1.0,1.0,1.0,2.0,1.0,1.0,1.0,1.0,1.0,1.0,1.0,1.0,1.0,1.0,2.0,1.0,1.0
328,5,5,5,3,4,5,5,4,2,2,70.0,,5.0,,5.0,4.0,2.0,,,,6.0,,1.0,54.0,,,2.0,,,,2.0,5.0,5.0,,,,15.0,,,1.0,4.0,,,1.0,,,5.0,1.0,1.0,1.0,1.0,1.0,1.0,1.0,1.0,1.0,1.0,,,,,,,7.0,3.0,3.0,3.0,3.0,5.0,6.0,6.0,4.0,2.0,75.0,75.0,75.0,50.0,60.0,75.0,75.0,60.0,40.0,40.0,2.0,2.0,1.0,2.0,1.0,1.0,2.0,1.0,2.0,1.0,2.0,1.0,1.0,1.0,2.0,2.0,1.0,1.0,2.0,1.0,1.0,1.0,1.0,2.0,1.0,1.0,2.0,1.0,2.0,2.0,2.0,1.0,1.0,1.0,2.0,1.0,1.0,2.0,2.0,1.0
447,2,3,3,2,3,3,3,2,4,4,70.0,,,2.0,5.0,4.0,2.0,,,,,6.0,1.0,54.0,,1.0,,3.0,4.0,5.0,,,,,,,,15.0,,1.0,,3.0,,,1.0,,5.0,,,,,,,,,,,1.0,1.0,1.0,1.0,1.0,1.0,6.0,3.0,2.0,3.0,3.0,5.0,6.0,5.0,3.0,2.0,55.0,50.0,50.0,40.0,50.0,50.0,50.0,40.0,45.0,45.0,2.0,1.0,1.0,2.0,1.0,1.0,2.0,2.0,1.0,1.0,1.0,1.0,2.0,1.0,1.0,2.0,1.0,2.0,1.0,1.0,1.0,1.0,1.0,1.0,1.0,1.0,1.0,2.0,2.0,1.0,1.0,1.0,2.0,1.0,1.0,2.0,2.0,1.0,2.0,1.0
534,4,4,4,3,3,4,4,3,2,2,70.0,,5.0,,,,,5.0,4.0,2.0,,6.0,1.0,54.0,,1.0,,,,,,,,3.0,4.0,5.0,,15.0,1.0,,,,2.0,,1.0,5.0,,1.0,1.0,1.0,1.0,1.0,1.0,1.0,1.0,1.0,1.0,,,,,,,6.0,3.0,3.0,3.0,3.0,5.0,6.0,6.0,4.0,2.0,65.0,60.0,60.0,50.0,50.0,60.0,60.0,50.0,40.0,40.0,2.0,1.0,1.0,2.0,2.0,1.0,2.0,1.0,2.0,1.0,1.0,2.0,2.0,2.0,2.0,1.0,2.0,1.0,1.0,1.0,2.0,1.0,2.0,1.0,1.0,2.0,1.0,1.0,1.0,1.0,1.0,1.0,2.0,2.0,2.0,1.0,2.0,1.0,2.0,2.0
1728,5,5,5,4,4,5,5,4,2,2,,30.0,,2.0,,,,,,,6.0,,,,1.0,1.0,,,,,,,,2.0,4.0,5.0,,15.0,,1.0,,3.0,,1.0,,,5.0,1.0,1.0,1.0,1.0,1.0,1.0,1.0,1.0,1.0,1.0,,,,,,,6.0,3.0,3.0,3.0,3.0,5.0,5.0,5.0,4.0,2.0,75.0,75.0,75.0,65.0,65.0,75.0,75.0,65.0,40.0,40.0,1.0,2.0,2.0,1.0,2.0,1.0,1.0,1.0,2.0,1.0,2.0,2.0,2.0,1.0,1.0,2.0,1.0,1.0,1.0,2.0,2.0,1.0,1.0,2.0,2.0,1.0,1.0,2.0,2.0,1.0,1.0,2.0,2.0,1.0,2.0,1.0,2.0,1.0,1.0,2.0
1047,2,3,3,2,3,3,3,2,4,3,,30.0,2.0,,5.0,4.0,2.0,,,,,6.0,,,1.0,,2.0,3.0,4.0,5.0,,,,,,,15.0,,1.0,,4.0,,,1.0,,,5.0,1.0,1.0,1.0,1.0,1.0,1.0,1.0,1.0,1.0,1.0,,,,,,,6.0,3.0,2.0,3.0,3.0,5.0,6.0,6.0,4.0,2.0,40.0,50.0,50.0,40.0,50.0,50.0,50.0,40.0,30.0,50.0,2.0,1.0,2.0,2.0,1.0,2.0,2.0,1.0,1.0,2.0,1.0,1.0,2.0,2.0,1.0,1.0,1.0,1.0,1.0,1.0,1.0,1.0,1.0,2.0,1.0,1.0,1.0,2.0,1.0,2.0,2.0,1.0,2.0,2.0,1.0,1.0,1.0,1.0,2.0,2.0
1134,5,5,5,5,5,5,5,5,2,2,,30.0,,2.0,,,,,,,6.0,,1.0,54.0,,1.0,,,,,2.0,5.0,5.0,,,,,10.0,,1.0,4.0,,,1.0,,5.0,,1.0,1.0,1.0,1.0,1.0,1.0,1.0,1.0,1.0,1.0,,,,,,,6.0,3.0,3.0,3.0,3.0,5.0,6.0,6.0,4.0,2.0,70.0,70.0,70.0,70.0,70.0,70.0,70.0,70.0,30.0,30.0,1.0,1.0,1.0,1.0,2.0,2.0,2.0,1.0,2.0,1.0,2.0,2.0,1.0,1.0,1.0,1.0,2.0,1.0,2.0,1.0,1.0,2.0,1.0,1.0,2.0,2.0,2.0,1.0,1.0,1.0,2.0,1.0,1.0,1.0,2.0,1.0,1.0,2.0,1.0,1.0
105,4,4,4,2,3,4,4,3,2,2,,30.0,,2.0,,,,,,,6.0,,,,1.0,,2.0,3.0,4.0,5.0,,,,,,,,12.0,,1.0,4.0,,,1.0,,5.0,,1.0,1.0,1.0,1.0,1.0,1.0,1.0,1.0,1.0,1.0,,,,,,,6.0,3.0,2.0,3.0,3.0,5.0,6.0,5.0,4.0,,,,,,,,,,,,1.0,1.0,2.0,1.0,2.0,1.0,1.0,2.0,2.0,1.0,1.0,2.0,1.0,1.0,1.0,2.0,1.0,1.0,1.0,2.0,1.0,1.0,1.0,2.0,1.0,2.0,1.0,1.0,2.0,2.0,1.0,2.0,1.0,1.0,1.0,1.0,1.0,1.0,2.0,1.0
719,5,5,5,5,5,5,5,5,1,1,,20.0,6.0,,,,,5.0,4.0,2.0,,6.0,,,1.0,1.0,,,,,2.0,5.0,6.0,,,,15.0,,1.0,,,,,,,,,,,,,,,,,,,,,,,,,,,,,,,,,,,,,,,,,,,,,,,,,,,,,,,,,,,,,,,,,,,,,,,,,,,,,,,,,,,,
290,5,5,5,5,5,5,5,5,1,1,,30.0,6.0,,,,,,,,,6.0,1.0,54.0,,,2.0,,,,2.0,5.0,5.0,,,,15.0,,,1.0,,4.0,,,1.0,,5.0,,,,,,,,,,,1.0,1.0,1.0,1.0,1.0,1.0,7.0,3.0,3.0,3.0,3.0,5.0,6.0,6.0,3.0,2.0,75.0,75.0,80.0,80.0,80.0,85.0,85.0,75.0,25.0,25.0,1.0,2.0,2.0,2.0,1.0,1.0,1.0,2.0,2.0,1.0,1.0,2.0,1.0,1.0,2.0,2.0,1.0,1.0,2.0,1.0,1.0,1.0,1.0,1.0,1.0,1.0,1.0,1.0,1.0,2.0,2.0,1.0,2.0,1.0,1.0,1.0,1.0,1.0,2.0,1.0
1476,5,5,5,5,5,5,5,4,2,3,70.0,,5.0,,,,,5.0,4.0,2.0,,6.0,,,1.0,1.0,,3.0,5.0,5.0,,,,,,,15.0,,,1.0,4.0,,,1.0,,,5.0,,,,,,,,,,,1.0,1.0,1.0,1.0,1.0,1.0,7.0,3.0,2.0,3.0,3.0,5.0,6.0,6.0,4.0,2.0,75.0,70.0,80.0,85.0,80.0,75.0,80.0,65.0,40.0,50.0,1.0,1.0,1.0,2.0,1.0,2.0,1.0,1.0,2.0,1.0,1.0,1.0,1.0,2.0,1.0,1.0,1.0,1.0,1.0,1.0,1.0,1.0,1.0,1.0,1.0,2.0,1.0,2.0,1.0,2.0,1.0,1.0,2.0,1.0,1.0,2.0,1.0,2.0,2.0,1.0
1505,5,5,5,5,5,5,5,5,2,2,,30.0,5.0,,,,,,,,6.0,,1.0,54.0,,,2.0,3.0,5.0,5.0,,,,,,,15.0,,1.0,,,3.0,,1.0,,,5.0,,,,,,,,,,,1.0,1.0,1.0,1.0,1.0,1.0,6.0,3.0,3.0,3.0,3.0,5.0,6.0,6.0,4.0,2.0,75.0,75.0,80.0,80.0,75.0,80.0,80.0,70.0,40.0,40.0,1.0,2.0,2.0,2.0,1.0,2.0,1.0,2.0,1.0,1.0,1.0,1.0,2.0,1.0,1.0,1.0,1.0,1.0,2.0,1.0,1.0,1.0,1.0,1.0,1.0,2.0,1.0,2.0,1.0,2.0,1.0,1.0,1.0,2.0,1.0,1.0,2.0,2.0,1.0,1.0
1319,2,3,3,2,3,3,4,2,4,3,70.0,,,2.0,5.0,4.0,2.0,,,,,6.0,,,1.0,,2.0,2.0,4.0,5.0,,,,,,,15.0,,1.0,,,,2.0,,1.0,,,,,,,,,,,,,,,,,,,,,,,,,,,,,,,,,,,,,,,,,,,,,,,,,,,,,,,,,,,,,,,,,,,,,,,,,,,,,,
1690,2,3,3,2,3,2,3,2,4,3,,30.0,,2.0,5.0,4.0,2.0,,,,,6.0,1.0,54.0,,1.0,,,,,2.0,4.0,5.0,,,,15.0,,1.0,,4.0,,,,1.0,5.0,,1.0,1.0,1.0,1.0,1.0,1.0,1.0,1.0,1.0,1.0,,,,,,,7.0,3.0,3.0,3.0,3.0,5.0,6.0,6.0,4.0,2.0,40.0,50.0,50.0,40.0,50.0,40.0,50.0,40.0,60.0,50.0,1.0,1.0,2.0,1.0,1.0,2.0,1.0,2.0,2.0,1.0,1.0,1.0,2.0,1.0,1.0,2.0,1.0,1.0,2.0,1.0,1.0,1.0,1.0,1.0,1.0,1.0,2.0,1.0,1.0,2.0,1.0,1.0,1.0,1.0,1.0,1.0,1.0,1.0,1.0,1.0
977,5,5,5,5,5,5,5,5,1,1,70.0,,6.0,,,,,5.0,4.0,2.0,,6.0,,,1.0,,2.0,4.0,5.0,6.0,,,,,,,15.0,,1.0,,5.0,,,,1.0,5.0,,1.0,1.0,1.0,1.0,1.0,1.0,1.0,1.0,1.0,1.0,,,,,,,7.0,3.0,3.0,3.0,3.0,5.0,6.0,6.0,4.0,2.0,80.0,80.0,85.0,85.0,80.0,85.0,80.0,75.0,20.0,20.0,1.0,2.0,1.0,2.0,2.0,1.0,2.0,1.0,2.0,1.0,1.0,1.0,2.0,2.0,1.0,2.0,1.0,2.0,1.0,1.0,1.0,1.0,2.0,2.0,2.0,1.0,1.0,1.0,2.0,1.0,2.0,1.0,1.0,1.0,1.0,1.0,1.0,1.0,1.0,2.0
92,2,4,4,1,2,3,4,2,1,1,70.0,,2.0,,,,,5.0,4.0,2.0,,6.0,,,1.0,1.0,,2.0,4.0,5.0,,,,,,,,15.0,1.0,,,,3.0,,1.0,,5.0,,,,,,,,,,,1.0,1.0,1.0,1.0,1.0,1.0,6.0,3.0,3.0,3.0,3.0,5.0,6.0,6.0,4.0,2.0,40.0,60.0,60.0,20.0,30.0,40.0,60.0,30.0,20.0,20.0,1.0,2.0,2.0,1.0,2.0,2.0,2.0,1.0,2.0,2.0,2.0,1.0,1.0,2.0,1.0,1.0,2.0,1.0,1.0,1.0,1.0,1.0,1.0,2.0,2.0,2.0,1.0,1.0,2.0,1.0,2.0,2.0,2.0,1.0,1.0,1.0,1.0,2.0,2.0,1.0
804,4,4,5,2,3,4,5,3,2,2,,30.0,5.0,,5.0,4.0,2.0,,,,,6.0,1.0,54.0,,1.0,,2.0,4.0,5.0,,,,,,,15.0,,1.0,,4.0,,,,1.0,,5.0,,,,,,,,,,,1.0,1.0,1.0,1.0,1.0,1.0,6.0,3.0,2.0,3.0,3.0,5.0,6.0,6.0,4.0,,,,,,,,,,,,1.0,1.0,1.0,1.0,1.0,1.0,1.0,2.0,1.0,1.0,1.0,1.0,1.0,1.0,1.0,1.0,2.0,1.0,1.0,2.0,1.0,1.0,1.0,1.0,1.0,2.0,1.0,1.0,1.0,1.0,1.0,2.0,1.0,1.0,1.0,1.0,1.0,1.0,1.0,1.0
251,5,5,5,4,4,5,5,4,2,2,,30.0,6.0,,,,,5.0,4.0,2.0,6.0,,1.0,54.0,,,2.0,,,,,,,2.0,5.0,5.0,,15.0,1.0,,,,4.0,,,,,,,,,,,,,,,,,,,,,,,,,,,,,,2.0,70.0,70.0,75.0,60.0,60.0,70.0,70.0,60.0,40.0,40.0,1.0,1.0,1.0,1.0,2.0,1.0,2.0,1.0,1.0,1.0,1.0,1.0,2.0,1.0,2.0,1.0,1.0,1.0,1.0,1.0,2.0,1.0,1.0,1.0,1.0,1.0,1.0,1.0,1.0,1.0,1.0,1.0,1.0,1.0,1.0,1.0,1.0,1.0,1.0,1.0
322,5,5,5,5,5,5,5,4,1,2,70.0,,5.0,,,,,3.0,4.0,2.0,,6.0,1.0,54.0,,1.0,,,,,,,,2.0,5.0,5.0,,15.0,1.0,,,3.0,,,1.0,,5.0,1.0,1.0,1.0,1.0,1.0,1.0,1.0,1.0,1.0,1.0,,,,,,,7.0,3.0,3.0,3.0,3.0,5.0,6.0,6.0,4.0,2.0,75.0,75.0,75.0,75.0,75.0,75.0,75.0,65.0,25.0,35.0,1.0,1.0,1.0,2.0,2.0,1.0,1.0,2.0,1.0,1.0,1.0,1.0,2.0,1.0,1.0,1.0,1.0,1.0,2.0,1.0,1.0,1.0,1.0,1.0,1.0,2.0,1.0,2.0,1.0,1.0,2.0,1.0,1.0,1.0,1.0,1.0,1.0,1.0,2.0,1.0
1651,5,5,5,4,4,5,5,4,2,2,70.0,,,2.0,,,,,,,,6.0,,,1.0,1.0,,,,,3.0,5.0,5.0,,,,15.0,,1.0,,,4.0,,1.0,,,5.0,,,,,,,,,,,1.0,1.0,1.0,1.0,1.0,1.0,6.0,3.0,2.0,3.0,3.0,5.0,6.0,6.0,3.0,2.0,75.0,75.0,75.0,65.0,65.0,75.0,75.0,65.0,40.0,40.0,1.0,2.0,1.0,1.0,2.0,1.0,1.0,1.0,2.0,1.0,1.0,2.0,1.0,2.0,1.0,1.0,1.0,2.0,2.0,1.0,1.0,2.0,1.0,1.0,1.0,1.0,2.0,1.0,2.0,2.0,1.0,1.0,1.0,1.0,1.0,1.0,1.0,1.0,1.0,1.0
1722,5,5,5,4,4,5,5,5,1,2,70.0,,5.0,,5.0,4.0,2.0,,,,,6.0,,,1.0,1.0,,,,,,,,3.0,5.0,5.0,15.0,,,1.0,,3.0,,,1.0,,5.0,,,,,,,,,,,1.0,1.0,1.0,1.0,1.0,1.0,7.0,3.0,3.0,3.0,3.0,5.0,6.0,6.0,4.0,2.0,,,,,,,,,,,1.0,1.0,2.0,2.0,2.0,1.0,2.0,2.0,2.0,2.0,1.0,1.0,1.0,2.0,2.0,1.0,1.0,1.0,1.0,2.0,1.0,1.0,2.0,1.0,1.0,1.0,1.0,1.0,2.0,1.0,2.0,1.0,1.0,1.0,2.0,1.0,1.0,1.0,2.0,2.0
53,4,4,4,2,3,4,4,3,2,2,70.0,,5.0,,5.0,4.0,3.0,,,,6.0,,1.0,54.0,,1.0,,3.0,4.0,5.0,,,,,,,,12.0,1.0,,,4.0,,1.0,,,5.0,,,,,,,,,,,1.0,1.0,1.0,1.0,1.0,1.0,6.0,3.0,3.0,3.0,3.0,5.0,6.0,6.0,3.0,,,,,,,,,,,,1.0,2.0,2.0,2.0,2.0,1.0,2.0,2.0,2.0,2.0,1.0,1.0,2.0,1.0,1.0,2.0,1.0,1.0,1.0,1.0,2.0,1.0,1.0,1.0,2.0,2.0,2.0,1.0,1.0,2.0,1.0,1.0,2.0,1.0,2.0,1.0,2.0,2.0,1.0,1.0
2022,5,5,5,4,4,5,5,5,2,2,70.0,,,2.0,,,,,,,,6.0,,,1.0,1.0,,3.0,5.0,5.0,,,,,,,,15.0,1.0,,,4.0,,1.0,,,5.0,,,,,,,,,,,1.0,1.0,1.0,1.0,1.0,1.0,7.0,3.0,3.0,3.0,3.0,5.0,6.0,6.0,4.0,2.0,80.0,75.0,80.0,65.0,65.0,80.0,80.0,80.0,40.0,40.0,2.0,1.0,1.0,1.0,1.0,1.0,1.0,1.0,2.0,1.0,1.0,1.0,1.0,1.0,2.0,1.0,1.0,1.0,1.0,1.0,1.0,1.0,1.0,1.0,1.0,1.0,1.0,1.0,1.0,1.0,1.0,1.0,1.0,1.0,1.0,1.0,1.0,1.0,2.0,1.0
438,5,5,5,5,5,5,5,5,1,1,70.0,,5.0,,5.0,4.0,2.0,,,,,6.0,1.0,54.0,,,2.0,3.0,5.0,5.0,,,,,,,15.0,,1.0,,,,3.0,,1.0,,5.0,1.0,1.0,1.0,1.0,1.0,1.0,1.0,1.0,1.0,1.0,,,,,,,7.0,3.0,3.0,3.0,3.0,6.0,6.0,6.0,4.0,,,,,,,,,,,,1.0,1.0,1.0,2.0,2.0,2.0,1.0,1.0,1.0,1.0,2.0,1.0,1.0,1.0,1.0,1.0,1.0,2.0,1.0,1.0,1.0,1.0,1.0,1.0,1.0,1.0,1.0,2.0,1.0,1.0,1.0,2.0,2.0,1.0,2.0,2.0,1.0,1.0,1.0,1.0
224,5,4,5,5,4,5,5,4,2,3,30.0,,,2.0,,,,,,,,6.0,1.0,54.0,,,2.0,,,,3.0,5.0,5.0,,,,15.0,,,1.0,4.0,,,,1.0,5.0,,,,,,,,,,,,1.0,1.0,1.0,1.0,1.0,1.0,6.0,3.0,3.0,3.0,3.0,5.0,5.0,5.0,4.0,,,,,,,,,,,,1.0,2.0,1.0,1.0,1.0,2.0,2.0,1.0,2.0,2.0,1.0,1.0,2.0,2.0,2.0,1.0,2.0,1.0,2.0,1.0,1.0,1.0,1.0,1.0,2.0,1.0,2.0,1.0,2.0,2.0,1.0,2.0,1.0,1.0,2.0,1.0,2.0,1.0,2.0,2.0
357,2,3,3,1,2,2,3,2,1,1,70.0,,,2.0,,,,,,,6.0,,,,1.0,,2.0,,,,,,,2.0,4.0,5.0,,15.0,1.0,,4.0,,,1.0,,5.0,,1.0,1.0,1.0,1.0,1.0,1.0,1.0,1.0,1.0,1.0,,,,,,,6.0,3.0,3.0,3.0,3.0,5.0,6.0,6.0,3.0,,,,,,,,,,,,1.0,1.0,2.0,1.0,1.0,2.0,1.0,2.0,2.0,1.0,2.0,2.0,1.0,1.0,1.0,2.0,2.0,2.0,1.0,1.0,1.0,2.0,1.0,1.0,1.0,1.0,1.0,2.0,2.0,1.0,1.0,1.0,2.0,2.0,2.0,2.0,1.0,1.0,1.0,1.0
1038,5,5,5,4,4,5,5,4,2,2,70.0,,,2.0,,,,,,,,6.0,1.0,54.0,,1.0,,3.0,5.0,5.0,,,,,,,15.0,,,1.0,,,3.0,,1.0,5.0,,1.0,1.0,1.0,1.0,1.0,1.0,1.0,1.0,1.0,1.0,,,,,,,7.0,3.0,3.0,3.0,3.0,5.0,6.0,6.0,4.0,2.0,75.0,75.0,75.0,65.0,65.0,75.0,75.0,65.0,35.0,35.0,1.0,1.0,1.0,1.0,1.0,1.0,1.0,1.0,1.0,1.0,1.0,1.0,1.0,1.0,1.0,1.0,1.0,1.0,1.0,1.0,1.0,1.0,1.0,1.0,1.0,1.0,1.0,1.0,1.0,1.0,1.0,1.0,1.0,1.0,1.0,1.0,1.0,1.0,1.0,1.0
1624,5,5,5,4,4,5,5,4,2,2,70.0,,5.0,,,,,5.0,4.0,2.0,,7.0,1.0,54.0,,1.0,,,,,2.0,5.0,5.0,,,,,15.0,1.0,,,,3.0,1.0,,5.0,,1.0,1.0,1.0,1.0,1.0,1.0,1.0,1.0,1.0,1.0,,,,,,,6.0,3.0,3.0,3.0,3.0,5.0,6.0,6.0,3.0,2.0,75.0,70.0,75.0,60.0,60.0,75.0,75.0,65.0,40.0,40.0,1.0,2.0,1.0,1.0,1.0,2.0,2.0,2.0,1.0,1.0,1.0,2.0,1.0,2.0,2.0,1.0,2.0,2.0,1.0,1.0,1.0,1.0,1.0,1.0,1.0,1.0,1.0,1.0,2.0,1.0,1.0,1.0,2.0,1.0,1.0,1.0,1.0,2.0,1.0,1.0
1757,2,3,3,1,2,3,3,2,1,1,70.0,,5.0,,,,,,,,6.0,,1.0,54.0,,1.0,,,,,,,,2.0,4.0,5.0,15.0,,,1.0,,4.0,,,1.0,5.0,,,,,,,,,,,,1.0,1.0,1.0,1.0,1.0,1.0,6.0,3.0,3.0,3.0,3.0,5.0,6.0,6.0,3.0,2.0,40.0,50.0,50.0,20.0,30.0,50.0,50.0,40.0,20.0,20.0,1.0,1.0,2.0,1.0,1.0,2.0,2.0,1.0,2.0,1.0,1.0,1.0,1.0,1.0,1.0,1.0,1.0,2.0,2.0,1.0,2.0,1.0,1.0,2.0,1.0,1.0,2.0,2.0,2.0,1.0,1.0,1.0,1.0,2.0,2.0,2.0,2.0,2.0,1.0,2.0
1939,2,3,3,2,3,3,3,2,4,4,,30.0,5.0,,,,,4.0,3.0,2.0,,6.0,,,1.0,1.0,,,,,,,,2.0,4.0,5.0,15.0,,,1.0,,,2.0,1.0,,,5.0,1.0,1.0,1.0,1.0,1.0,1.0,1.0,1.0,1.0,1.0,,,,,,,6.0,3.0,3.0,3.0,3.0,5.0,6.0,6.0,3.0,,,,,,,,,,,,1.0,1.0,1.0,1.0,1.0,1.0,1.0,1.0,1.0,1.0,1.0,1.0,1.0,1.0,1.0,2.0,1.0,2.0,1.0,2.0,2.0,2.0,1.0,1.0,1.0,1.0,1.0,1.0,1.0,1.0,1.0,1.0,1.0,1.0,1.0,1.0,1.0,1.0,1.0,1.0
2057,5,5,5,5,5,5,5,5,1,2,70.0,,,1.0,,,,,,,,6.0,,,1.0,1.0,,,,,,,,4.0,5.0,5.0,15.0,,1.0,,4.0,,,,1.0,5.0,,,,,,,,,,,,1.0,1.0,1.0,1.0,1.0,1.0,,,,,,,,,,,,,,,,,,,,,1.0,1.0,1.0,1.0,1.0,1.0,1.0,1.0,2.0,1.0,2.0,1.0,1.0,1.0,1.0,2.0,1.0,1.0,2.0,1.0,1.0,1.0,1.0,1.0,1.0,1.0,1.0,1.0,1.0,1.0,1.0,1.0,2.0,1.0,2.0,1.0,1.0,1.0,2.0,1.0
26,5,5,5,5,5,5,5,5,1,1,,30.0,,2.0,,,,,,,6.0,,1.0,54.0,,,2.0,,,,,,,2.0,5.0,5.0,,15.0,,1.0,,,3.0,,,,,,,,,,,,,,,,,,,,,,,,,,,,,,2.0,75.0,75.0,80.0,80.0,75.0,80.0,75.0,70.0,30.0,30.0,,,,,,,,,,,,,,,,,,,,,,,,,,,,,,,,,,,,,,,,
396,5,5,5,4,4,5,5,4,2,2,,30.0,,2.0,,,,,,,,6.0,,,1.0,,2.0,,,,2.0,5.0,5.0,,,,,15.0,,1.0,4.0,,,,1.0,,5.0,1.0,1.0,1.0,1.0,1.0,1.0,1.0,1.0,1.0,1.0,,,,,,,6.0,3.0,3.0,3.0,3.0,5.0,5.0,5.0,4.0,2.0,75.0,75.0,75.0,65.0,65.0,75.0,75.0,65.0,35.0,35.0,1.0,1.0,1.0,2.0,1.0,2.0,2.0,1.0,1.0,2.0,1.0,1.0,2.0,2.0,2.0,1.0,1.0,1.0,1.0,1.0,2.0,1.0,1.0,2.0,1.0,1.0,2.0,1.0,1.0,1.0,1.0,1.0,1.0,2.0,1.0,1.0,2.0,2.0,1.0,1.0
170,2,4,4,2,3,3,4,2,2,3,,30.0,5.0,,,,,5.0,4.0,2.0,,6.0,1.0,54.0,,,2.0,3.0,4.0,5.0,,,,,,,,12.0,,1.0,,,3.0,1.0,,4.0,,1.0,1.0,1.0,1.0,1.0,1.0,1.0,1.0,1.0,1.0,,,,,,,6.0,3.0,3.0,3.0,3.0,5.0,6.0,6.0,3.0,,,,,,,,,,,,1.0,2.0,1.0,2.0,1.0,1.0,1.0,2.0,2.0,1.0,2.0,1.0,2.0,2.0,1.0,2.0,1.0,2.0,1.0,1.0,2.0,1.0,1.0,1.0,2.0,1.0,2.0,2.0,1.0,1.0,1.0,2.0,1.0,2.0,1.0,1.0,1.0,1.0,2.0,1.0
1796,2,4,4,1,2,3,4,1,1,1,70.0,,5.0,,,,,5.0,4.0,2.0,6.0,,1.0,54.0,,1.0,,3.0,4.0,5.0,,,,,,,,10.0,1.0,,,,3.0,1.0,,5.0,,,,,,,,,,,,1.0,1.0,1.0,1.0,1.0,1.0,7.0,3.0,3.0,3.0,3.0,5.0,6.0,6.0,4.0,2.0,40.0,60.0,60.0,20.0,30.0,40.0,60.0,20.0,20.0,20.0,2.0,1.0,1.0,2.0,2.0,1.0,2.0,1.0,1.0,1.0,1.0,2.0,1.0,1.0,2.0,1.0,1.0,1.0,1.0,1.0,1.0,2.0,1.0,1.0,1.0,2.0,2.0,1.0,2.0,1.0,1.0,2.0,1.0,2.0,2.0,1.0,1.0,1.0,1.0,1.0
1403,5,5,5,5,5,5,5,5,2,2,30.0,,,2.0,5.0,4.0,2.0,,,,6.0,,,,1.0,,2.0,,,,2.0,5.0,5.0,,,,15.0,,1.0,,4.0,,,,1.0,,5.0,1.0,1.0,1.0,1.0,1.0,1.0,1.0,1.0,1.0,1.0,,,,,,,6.0,3.0,3.0,3.0,3.0,5.0,6.0,6.0,4.0,2.0,75.0,75.0,80.0,70.0,70.0,75.0,80.0,70.0,40.0,40.0,1.0,1.0,2.0,1.0,1.0,1.0,2.0,1.0,1.0,2.0,2.0,1.0,2.0,2.0,1.0,1.0,2.0,1.0,2.0,1.0,,,,,,,,,,,,,,,,,,,,
1570,5,5,5,5,5,5,5,5,2,2,70.0,,5.0,,5.0,4.0,2.0,,,,,6.0,,,1.0,1.0,,,,,2.0,5.0,5.0,,,,,12.0,1.0,,,,3.0,,1.0,5.0,,1.0,1.0,1.0,1.0,1.0,1.0,1.0,1.0,1.0,1.0,,,,,,,7.0,3.0,3.0,3.0,3.0,5.0,6.0,6.0,4.0,2.0,75.0,75.0,75.0,75.0,75.0,75.0,75.0,75.0,40.0,40.0,2.0,2.0,1.0,1.0,1.0,2.0,1.0,1.0,1.0,2.0,1.0,2.0,1.0,1.0,1.0,1.0,1.0,1.0,1.0,1.0,2.0,1.0,1.0,1.0,1.0,1.0,1.0,1.0,1.0,1.0,1.0,1.0,1.0,1.0,2.0,1.0,1.0,1.0,1.0,1.0
902,4,4,4,3,3,4,4,3,2,2,70.0,,,2.0,,,,,,,6.0,,1.0,54.0,,,2.0,,,,,,,2.0,4.0,5.0,,15.0,1.0,,,3.0,,,1.0,,5.0,1.0,1.0,1.0,1.0,1.0,1.0,1.0,1.0,1.0,1.0,,,,,,,6.0,3.0,3.0,3.0,3.0,5.0,6.0,6.0,4.0,2.0,60.0,60.0,60.0,50.0,50.0,60.0,60.0,50.0,40.0,40.0,2.0,2.0,1.0,1.0,2.0,1.0,1.0,1.0,1.0,1.0,2.0,2.0,1.0,1.0,2.0,1.0,2.0,2.0,1.0,2.0,2.0,1.0,2.0,1.0,1.0,1.0,1.0,2.0,2.0,1.0,1.0,1.0,2.0,1.0,1.0,2.0,2.0,2.0,1.0,1.0
871,2,3,3,1,2,3,3,1,1,2,70.0,,2.0,,,,,5.0,4.0,2.0,6.0,,,,1.0,,2.0,2.0,4.0,5.0,,,,,,,15.0,,1.0,,,4.0,,,1.0,5.0,,,,,,,,,,,,1.0,1.0,1.0,1.0,1.0,1.0,7.0,3.0,3.0,3.0,3.0,5.0,6.0,6.0,4.0,,,,,,,,,,,,1.0,1.0,2.0,2.0,1.0,1.0,2.0,1.0,2.0,1.0,1.0,1.0,2.0,1.0,1.0,1.0,1.0,1.0,1.0,1.0,2.0,1.0,2.0,2.0,1.0,2.0,2.0,1.0,2.0,1.0,2.0,1.0,1.0,2.0,1.0,1.0,2.0,1.0,1.0,2.0
323,5,5,5,5,5,5,5,5,2,2,70.0,,5.0,,5.0,4.0,2.0,,,,6.0,,1.0,54.0,,1.0,,3.0,5.0,5.0,,,,,,,,15.0,,1.0,4.0,,,1.0,,,5.0,1.0,1.0,1.0,1.0,1.0,1.0,1.0,1.0,1.0,1.0,,,,,,,7.0,3.0,2.0,2.0,3.0,5.0,6.0,6.0,4.0,2.0,80.0,80.0,85.0,85.0,80.0,85.0,80.0,75.0,40.0,40.0,1.0,2.0,1.0,1.0,2.0,1.0,2.0,1.0,1.0,1.0,1.0,1.0,1.0,2.0,1.0,1.0,1.0,1.0,1.0,1.0,1.0,2.0,1.0,1.0,1.0,2.0,2.0,1.0,1.0,1.0,1.0,2.0,2.0,1.0,2.0,1.0,1.0,1.0,1.0,2.0
250,2,3,3,1,2,2,3,1,1,1,,30.0,2.0,,5.0,4.0,2.0,,,,,6.0,1.0,54.0,,1.0,,,,,,,,2.0,4.0,5.0,,15.0,1.0,,,,3.0,,1.0,5.0,,,,,,,,,,,,1.0,1.0,1.0,1.0,1.0,1.0,6.0,3.0,3.0,3.0,3.0,5.0,6.0,6.0,3.0,2.0,40.0,50.0,50.0,20.0,30.0,30.0,50.0,20.0,20.0,20.0,1.0,1.0,1.0,2.0,1.0,1.0,1.0,1.0,2.0,1.0,1.0,1.0,1.0,1.0,2.0,1.0,1.0,1.0,1.0,1.0,1.0,1.0,1.0,1.0,1.0,1.0,1.0,1.0,1.0,1.0,1.0,1.0,1.0,1.0,1.0,1.0,1.0,1.0,1.0,1.0
1723,5,4,5,4,4,5,5,4,2,2,70.0,,5.0,,,,,,,,6.0,,1.0,54.0,,1.0,,,,,,,,2.0,5.0,5.0,15.0,,1.0,,4.0,,,,1.0,,5.0,,,,,,,,,,,1.0,1.0,1.0,1.0,1.0,1.0,6.0,3.0,3.0,3.0,3.0,5.0,6.0,6.0,4.0,,,,,,,,,,,,2.0,1.0,1.0,2.0,1.0,2.0,1.0,2.0,2.0,1.0,1.0,2.0,2.0,1.0,1.0,1.0,2.0,2.0,1.0,1.0,1.0,2.0,1.0,1.0,1.0,1.0,1.0,2.0,1.0,1.0,1.0,1.0,1.0,1.0,2.0,1.0,1.0,1.0,1.0,2.0
1650,5,5,5,5,5,5,5,5,1,2,70.0,,,2.0,5.0,4.0,2.0,,,,,6.0,1.0,54.0,,,2.0,,,,2.0,5.0,5.0,,,,,15.0,,1.0,4.0,,,,1.0,,5.0,,,,,,,,,,,1.0,1.0,1.0,1.0,1.0,1.0,7.0,3.0,2.0,3.0,3.0,5.0,6.0,6.0,4.0,2.0,75.0,75.0,80.0,80.0,75.0,80.0,80.0,70.0,30.0,40.0,1.0,2.0,2.0,2.0,2.0,2.0,1.0,2.0,1.0,2.0,1.0,1.0,1.0,1.0,1.0,1.0,1.0,2.0,1.0,2.0,1.0,1.0,1.0,1.0,1.0,2.0,1.0,1.0,1.0,1.0,1.0,2.0,1.0,2.0,1.0,1.0,2.0,2.0,2.0,2.0
2023,5,5,5,4,4,5,5,5,2,2,40.0,,5.0,,4.0,3.0,2.0,,,,,6.0,1.0,54.0,,,2.0,3.0,5.0,5.0,,,,,,,,15.0,1.0,,,3.0,,,1.0,5.0,,,,,,,,,,,,1.0,1.0,1.0,1.0,1.0,1.0,6.0,3.0,3.0,3.0,3.0,5.0,6.0,6.0,4.0,2.0,75.0,75.0,75.0,65.0,65.0,75.0,75.0,75.0,40.0,40.0,1.0,1.0,2.0,2.0,2.0,2.0,1.0,1.0,1.0,2.0,2.0,2.0,1.0,1.0,1.0,2.0,2.0,2.0,2.0,1.0,1.0,1.0,2.0,2.0,1.0,1.0,1.0,1.0,1.0,1.0,2.0,2.0,2.0,1.0,2.0,1.0,1.0,1.0,1.0,1.0
52,5,5,5,4,4,5,5,5,2,2,,30.0,5.0,,,,,5.0,4.0,2.0,,6.0,,,1.0,,2.0,,,,3.0,5.0,5.0,,,,,15.0,,1.0,,3.0,,,1.0,5.0,,1.0,1.0,1.0,1.0,1.0,1.0,1.0,1.0,1.0,1.0,,,,,,,7.0,3.0,3.0,3.0,3.0,5.0,6.0,6.0,4.0,2.0,75.0,75.0,80.0,65.0,65.0,75.0,75.0,75.0,40.0,40.0,1.0,1.0,2.0,1.0,2.0,2.0,1.0,2.0,1.0,2.0,1.0,1.0,2.0,1.0,1.0,1.0,2.0,2.0,1.0,2.0,2.0,1.0,1.0,2.0,1.0,1.0,1.0,1.0,1.0,1.0,2.0,1.0,2.0,1.0,1.0,1.0,2.0,1.0,1.0,1.0
291,1,2,2,1,2,2,3,1,1,1,,30.0,2.0,,,,,5.0,4.0,2.0,6.0,,,,1.0,1.0,,2.0,2.0,2.0,,,,,,,,15.0,1.0,,4.0,,,,1.0,,5.0,,,,,,,,,,,1.0,1.0,1.0,1.0,1.0,1.0,6.0,3.0,2.0,3.0,3.0,5.0,6.0,6.0,3.0,2.0,20.0,30.0,30.0,20.0,30.0,30.0,40.0,20.0,20.0,20.0,2.0,2.0,2.0,1.0,1.0,1.0,1.0,1.0,2.0,1.0,1.0,1.0,2.0,1.0,2.0,1.0,2.0,1.0,1.0,1.0,2.0,1.0,1.0,1.0,1.0,1.0,1.0,1.0,1.0,2.0,1.0,1.0,1.0,2.0,1.0,1.0,1.0,2.0,1.0,1.0
718,5,5,5,4,4,5,5,4,2,2,,30.0,5.0,,,,,,,,,6.0,,,1.0,1.0,,3.0,5.0,5.0,,,,,,,15.0,,,1.0,4.0,,,1.0,,,5.0,1.0,1.0,1.0,1.0,1.0,1.0,1.0,1.0,1.0,1.0,,,,,,,7.0,3.0,3.0,3.0,3.0,5.0,6.0,6.0,4.0,,,,,,,,,,,,,,,,,,,,,,,,,,,,,,,,,,,,,,,,,,,,,,,,,,,
104,2,3,3,2,3,2,3,2,4,4,,20.0,2.0,,,,,5.0,4.0,2.0,6.0,,,,1.0,,2.0,,,,,,,2.0,4.0,5.0,15.0,,1.0,,4.0,,,,1.0,5.0,,1.0,1.0,1.0,1.0,1.0,1.0,1.0,1.0,1.0,1.0,,,,,,,6.0,3.0,2.0,3.0,3.0,5.0,6.0,5.0,3.0,2.0,40.0,50.0,50.0,40.0,50.0,40.0,50.0,40.0,30.0,30.0,1.0,2.0,2.0,2.0,2.0,1.0,2.0,2.0,2.0,2.0,1.0,2.0,1.0,1.0,1.0,1.0,1.0,1.0,1.0,2.0,1.0,1.0,1.0,1.0,2.0,2.0,2.0,2.0,2.0,2.0,1.0,1.0,2.0,1.0,1.0,2.0,1.0,1.0,2.0,1.0
1691,5,5,5,5,5,5,5,5,2,3,70.0,,,2.0,,,,,,,6.0,,1.0,54.0,,1.0,,,,,,,,2.0,5.0,5.0,15.0,,1.0,,4.0,,,1.0,,5.0,,,,,,,,,,,,1.0,1.0,1.0,1.0,1.0,1.0,,,,,,,,,,,,,,,,,,,,,1.0,2.0,2.0,2.0,2.0,2.0,2.0,1.0,2.0,2.0,1.0,2.0,2.0,1.0,2.0,2.0,1.0,1.0,2.0,1.0,1.0,2.0,1.0,1.0,2.0,1.0,1.0,1.0,1.0,2.0,1.0,1.0,1.0,2.0,1.0,1.0,2.0,1.0,2.0,1.0
1318,5,5,5,4,4,5,5,4,2,2,,30.0,,,,,,,,,6.0,,,,1.0,,2.0,,,,,,,2.0,5.0,5.0,,15.0,1.0,,,,3.0,1.0,,,5.0,,,,,,,,,,,1.0,1.0,1.0,1.0,1.0,1.0,7.0,3.0,2.0,2.0,3.0,5.0,6.0,6.0,4.0,,,,,,,,,,,,1.0,2.0,1.0,1.0,2.0,1.0,1.0,1.0,1.0,1.0,2.0,1.0,1.0,2.0,1.0,1.0,2.0,2.0,2.0,1.0,1.0,1.0,1.0,2.0,1.0,1.0,1.0,2.0,1.0,2.0,1.0,1.0,1.0,1.0,1.0,2.0,2.0,2.0,2.0,2.0
1504,5,5,5,5,5,5,5,5,2,2,,30.0,,1.0,,,,,,,,,,,1.0,1.0,,3.0,5.0,,,,,,,,,,,,,,,,,,,,,,,,,,,,,,,,,,,,,,,,,,,,,,,,,,,,,,,,,,,,,,,,,,,,,,,,,,,,,,,,,,,,,,,,,,,,,,
1477,4,4,4,3,4,5,4,3,2,2,70.0,,,,,,,,,,,6.0,1.0,54.0,,1.0,,,,,,,,3.0,4.0,5.0,15.0,,1.0,,,,3.0,1.0,,5.0,,,,,,,,,,,,1.0,1.0,1.0,1.0,1.0,1.0,6.0,3.0,2.0,3.0,3.0,5.0,6.0,6.0,3.0,,,,,,,,,,,,1.0,1.0,2.0,2.0,1.0,1.0,1.0,1.0,1.0,2.0,1.0,2.0,1.0,1.0,2.0,1.0,1.0,1.0,1.0,2.0,1.0,2.0,2.0,1.0,2.0,1.0,2.0,2.0,1.0,2.0,1.0,2.0,1.0,1.0,1.0,1.0,2.0,2.0,1.0,1.0
805,2,3,3,2,3,3,3,2,4,3,70.0,,2.0,,,,,5.0,4.0,2.0,,6.0,1.0,54.0,,,2.0,3.0,4.0,5.0,,,,,,,15.0,,1.0,,,4.0,,,1.0,,5.0,,,,,,,,,,,1.0,1.0,1.0,1.0,1.0,1.0,6.0,3.0,3.0,3.0,3.0,5.0,6.0,6.0,3.0,2.0,40.0,50.0,50.0,40.0,50.0,50.0,50.0,40.0,60.0,50.0,1.0,2.0,1.0,1.0,1.0,2.0,2.0,1.0,2.0,2.0,1.0,1.0,1.0,1.0,1.0,1.0,1.0,2.0,1.0,2.0,2.0,2.0,1.0,1.0,1.0,1.0,1.0,1.0,1.0,1.0,2.0,1.0,1.0,1.0,1.0,1.0,1.0,1.0,1.0,1.0
93,5,5,5,4,4,5,5,5,2,3,,30.0,,2.0,,,,,,,6.0,,1.0,54.0,,1.0,,3.0,5.0,5.0,,,,,,,15.0,,1.0,,,4.0,,1.0,,,5.0,1.0,1.0,1.0,1.0,1.0,1.0,1.0,1.0,1.0,1.0,,,,,,,6.0,3.0,3.0,3.0,3.0,5.0,6.0,6.0,3.0,,,,,,,,,,,,2.0,2.0,1.0,1.0,1.0,1.0,1.0,1.0,1.0,1.0,1.0,1.0,2.0,1.0,1.0,1.0,1.0,2.0,1.0,1.0,1.0,1.0,2.0,1.0,1.0,1.0,1.0,1.0,2.0,1.0,1.0,1.0,1.0,1.0,1.0,1.0,1.0,1.0,1.0,1.0
976,2,3,3,1,2,3,4,1,1,1,70.0,,2.0,,,,,5.0,4.0,2.0,6.0,,1.0,54.0,,,2.0,,,,2.0,4.0,5.0,,,,15.0,,1.0,,,,3.0,,1.0,5.0,,1.0,1.0,1.0,1.0,1.0,1.0,1.0,1.0,1.0,1.0,,,,,,,6.0,2.0,2.0,2.0,3.0,6.0,6.0,6.0,4.0,,,,,,,,,,,,1.0,1.0,2.0,1.0,1.0,1.0,2.0,1.0,2.0,1.0,1.0,1.0,2.0,1.0,1.0,1.0,1.0,2.0,1.0,1.0,1.0,1.0,1.0,1.0,1.0,2.0,1.0,1.0,1.0,1.0,1.0,1.0,2.0,1.0,1.0,1.0,1.0,1.0,1.0,1.0
171,4,4,4,3,3,4,4,3,2,2,70.0,,5.0,,5.0,4.0,2.0,,,,,6.0,,,1.0,,2.0,3.0,4.0,5.0,,,,,,,,12.0,1.0,,,,3.0,,,,,,,,,,,,,,,,,,,,,,,,,,,,,,2.0,60.0,60.0,60.0,50.0,50.0,60.0,60.0,50.0,40.0,40.0,2.0,1.0,2.0,1.0,1.0,2.0,2.0,1.0,1.0,2.0,1.0,1.0,1.0,2.0,1.0,1.0,1.0,1.0,1.0,1.0,1.0,1.0,1.0,1.0,1.0,1.0,1.0,1.0,1.0,1.0,1.0,1.0,1.0,1.0,1.0,1.0,1.0,1.0,1.0,1.0
397,5,5,5,2,4,5,5,5,2,2,,30.0,5.0,,5.0,4.0,2.0,,,,,6.0,,,1.0,,2.0,3.0,5.0,5.0,,,,,,,,15.0,,1.0,,4.0,,1.0,,5.0,,,,,,,,,,,,1.0,1.0,1.0,1.0,1.0,1.0,7.0,3.0,3.0,3.0,3.0,5.0,6.0,6.0,4.0,2.0,75.0,70.0,80.0,40.0,60.0,75.0,80.0,70.0,40.0,40.0,1.0,1.0,2.0,1.0,1.0,2.0,1.0,1.0,1.0,2.0,1.0,1.0,1.0,2.0,1.0,1.0,1.0,2.0,1.0,2.0,1.0,1.0,1.0,2.0,1.0,1.0,2.0,1.0,1.0,2.0,1.0,1.0,2.0,2.0,1.0,2.0,1.0,1.0,1.0,1.0
1571,4,4,4,2,3,4,4,3,2,2,,30.0,5.0,,5.0,4.0,2.0,,,,,6.0,,,1.0,,2.0,3.0,4.0,5.0,,,,,,,15.0,,,1.0,,,3.0,,1.0,,5.0,1.0,1.0,1.0,1.0,1.0,1.0,1.0,1.0,1.0,1.0,,,,,,,6.0,3.0,3.0,3.0,3.0,5.0,5.0,5.0,4.0,2.0,70.0,65.0,65.0,40.0,50.0,65.0,65.0,50.0,40.0,40.0,1.0,2.0,2.0,2.0,1.0,2.0,1.0,1.0,1.0,1.0,1.0,1.0,1.0,1.0,1.0,1.0,1.0,1.0,1.0,1.0,2.0,1.0,2.0,1.0,1.0,1.0,1.0,1.0,1.0,2.0,1.0,1.0,1.0,1.0,1.0,1.0,1.0,1.0,1.0,1.0
1402,2,3,3,2,3,3,3,2,4,3,,30.0,,2.0,,,,,,,6.0,,,,1.0,,2.0,3.0,3.0,4.0,,,,,,,15.0,,,1.0,,3.0,,,1.0,5.0,,,,,,,,,,,,1.0,1.0,1.0,1.0,1.0,1.0,6.0,3.0,3.0,3.0,3.0,5.0,5.0,5.0,3.0,,,,,,,,,,,,1.0,1.0,1.0,2.0,1.0,2.0,2.0,2.0,2.0,1.0,2.0,2.0,1.0,2.0,1.0,1.0,2.0,2.0,1.0,2.0,1.0,2.0,1.0,1.0,1.0,1.0,1.0,1.0,1.0,1.0,1.0,1.0,2.0,2.0,2.0,1.0,1.0,1.0,1.0,2.0
1797,4,4,4,2,3,4,4,3,2,2,70.0,,5.0,,,,,5.0,4.0,2.0,,6.0,,,1.0,1.0,,,,,3.0,5.0,5.0,,,,,15.0,1.0,,4.0,,,2.0,,,5.0,1.0,1.0,1.0,1.0,1.0,1.0,1.0,1.0,1.0,1.0,,,,,,,6.0,3.0,3.0,3.0,3.0,5.0,6.0,6.0,4.0,,,,,,,,,,,,2.0,1.0,2.0,1.0,1.0,1.0,2.0,2.0,1.0,2.0,1.0,1.0,2.0,1.0,1.0,2.0,2.0,1.0,2.0,2.0,1.0,1.0,1.0,2.0,2.0,1.0,1.0,1.0,1.0,1.0,1.0,1.0,2.0,2.0,1.0,1.0,1.0,1.0,2.0,1.0
870,2,4,4,1,3,3,4,2,1,2,,30.0,5.0,,,,,,,,6.0,,,,1.0,,2.0,,,,,,,3.0,4.0,5.0,15.0,,,1.0,,4.0,,1.0,,,5.0,1.0,1.0,1.0,1.0,1.0,1.0,1.0,1.0,1.0,1.0,,,,,,,6.0,3.0,3.0,3.0,3.0,5.0,6.0,6.0,3.0,2.0,50.0,60.0,60.0,30.0,45.0,45.0,60.0,40.0,30.0,40.0,1.0,2.0,1.0,2.0,1.0,1.0,1.0,2.0,1.0,1.0,1.0,1.0,1.0,1.0,2.0,1.0,1.0,1.0,2.0,1.0,1.0,1.0,2.0,1.0,1.0,1.0,1.0,1.0,2.0,1.0,1.0,1.0,2.0,1.0,1.0,1.0,1.0,2.0,1.0,2.0
903,4,4,4,2,3,4,4,3,2,2,,30.0,5.0,,,,,5.0,4.0,2.0,6.0,,,,1.0,1.0,,,,,2.0,5.0,5.0,,,,,10.0,1.0,,,4.0,,2.0,,,5.0,,,,,,,,,,,1.0,1.0,1.0,1.0,1.0,1.0,6.0,3.0,3.0,3.0,3.0,5.0,6.0,6.0,4.0,2.0,60.0,60.0,60.0,40.0,50.0,60.0,60.0,50.0,40.0,40.0,1.0,2.0,1.0,2.0,2.0,2.0,1.0,1.0,1.0,1.0,2.0,2.0,2.0,2.0,2.0,1.0,2.0,1.0,1.0,1.0,2.0,1.0,1.0,1.0,1.0,2.0,1.0,1.0,2.0,1.0,1.0,2.0,1.0,1.0,1.0,1.0,1.0,1.0,1.0,1.0
356,2,3,3,2,3,4,4,2,1,1,70.0,,5.0,,,,,5.0,4.0,2.0,6.0,,,,1.0,1.0,,2.0,4.0,5.0,,,,,,,15.0,,1.0,,3.0,,,,1.0,4.0,,1.0,1.0,1.0,1.0,1.0,1.0,1.0,1.0,1.0,1.0,,,,,,,6.0,3.0,2.0,2.0,3.0,5.0,6.0,6.0,3.0,2.0,40.0,50.0,50.0,40.0,50.0,60.0,60.0,40.0,20.0,20.0,2.0,1.0,2.0,1.0,2.0,2.0,1.0,1.0,2.0,1.0,2.0,1.0,1.0,2.0,1.0,1.0,2.0,2.0,2.0,1.0,1.0,2.0,2.0,2.0,1.0,2.0,2.0,2.0,2.0,1.0,2.0,1.0,1.0,2.0,2.0,1.0,2.0,1.0,2.0,1.0
225,5,5,5,4,4,5,5,5,1,2,,30.0,,2.0,,,,,,,,6.0,,,1.0,1.0,,,,,2.0,5.0,5.0,,,,,10.0,1.0,,,4.0,,1.0,,5.0,,1.0,1.0,1.0,1.0,1.0,1.0,1.0,1.0,1.0,1.0,,,,,,,7.0,3.0,3.0,3.0,3.0,5.0,6.0,6.0,4.0,2.0,75.0,75.0,80.0,65.0,65.0,75.0,75.0,70.0,30.0,40.0,1.0,1.0,2.0,1.0,2.0,1.0,2.0,1.0,1.0,2.0,2.0,1.0,2.0,1.0,1.0,2.0,1.0,1.0,2.0,1.0,1.0,2.0,1.0,1.0,1.0,2.0,1.0,1.0,1.0,2.0,1.0,1.0,2.0,2.0,2.0,2.0,2.0,1.0,2.0,1.0
439,4,4,4,2,3,4,4,3,2,2,,30.0,,2.0,,,,,,,6.0,,1.0,54.0,,,2.0,,,,3.0,5.0,5.0,,,,15.0,,1.0,,4.0,,,,1.0,5.0,,1.0,1.0,1.0,1.0,1.0,1.0,1.0,1.0,1.0,1.0,,,,,,,6.0,3.0,3.0,3.0,3.0,5.0,6.0,6.0,4.0,,,,,,,,,,,,2.0,2.0,1.0,1.0,2.0,1.0,2.0,1.0,1.0,2.0,1.0,1.0,2.0,1.0,1.0,1.0,1.0,2.0,1.0,1.0,1.0,1.0,2.0,2.0,1.0,1.0,1.0,2.0,1.0,1.0,2.0,2.0,1.0,2.0,1.0,1.0,1.0,1.0,1.0,2.0
1756,2,3,3,2,3,2,3,2,4,3,,30.0,,2.0,,,,,,,6.0,,1.0,54.0,,,2.0,2.0,4.0,5.0,,,,,,,,12.0,,1.0,,4.0,,1.0,,5.0,,1.0,1.0,1.0,1.0,1.0,1.0,1.0,1.0,1.0,1.0,,,,,,,6.0,3.0,2.0,2.0,3.0,5.0,6.0,6.0,4.0,2.0,40.0,35.0,35.0,30.0,35.0,30.0,35.0,30.0,40.0,35.0,2.0,1.0,2.0,1.0,2.0,1.0,2.0,1.0,1.0,2.0,1.0,1.0,1.0,2.0,1.0,2.0,1.0,2.0,2.0,1.0,2.0,1.0,1.0,1.0,2.0,2.0,1.0,1.0,1.0,1.0,1.0,2.0,1.0,2.0,1.0,2.0,1.0,1.0,2.0,1.0
1625,5,5,5,5,5,5,5,5,1,2,70.0,,,2.0,,,,,,,,6.0,1.0,54.0,,1.0,,,,,2.0,5.0,5.0,,,,15.0,,,1.0,4.0,,,1.0,,,5.0,1.0,1.0,1.0,1.0,1.0,1.0,1.0,1.0,1.0,1.0,,,,,,,6.0,3.0,3.0,3.0,3.0,5.0,6.0,6.0,4.0,,,,,,,,,,,,1.0,1.0,2.0,2.0,2.0,1.0,1.0,1.0,1.0,1.0,2.0,2.0,1.0,1.0,2.0,1.0,1.0,1.0,1.0,1.0,1.0,1.0,1.0,1.0,1.0,1.0,1.0,1.0,1.0,1.0,1.0,1.0,1.0,1.0,1.0,1.0,1.0,1.0,1.0,1.0
1039,5,5,5,5,5,5,5,5,1,1,70.0,,,,,,,,,,6.0,,,,1.0,,2.0,,,,2.0,5.0,5.0,,,,,15.0,,1.0,4.0,,,,1.0,,5.0,1.0,1.0,1.0,1.0,1.0,1.0,1.0,1.0,1.0,1.0,,,,,,,6.0,3.0,3.0,3.0,3.0,5.0,6.0,6.0,4.0,2.0,75.0,75.0,75.0,75.0,75.0,75.0,75.0,75.0,25.0,25.0,2.0,2.0,2.0,1.0,1.0,1.0,1.0,1.0,2.0,1.0,1.0,1.0,1.0,1.0,2.0,2.0,1.0,1.0,1.0,1.0,2.0,1.0,1.0,1.0,1.0,1.0,1.0,1.0,1.0,1.0,1.0,1.0,1.0,1.0,1.0,1.0,1.0,1.0,1.0,1.0
1938,5,5,5,5,5,5,5,5,2,2,70.0,,5.0,,,,,5.0,4.0,2.0,6.0,,,,1.0,,2.0,,,,2.0,5.0,5.0,,,,15.0,,,1.0,,,3.0,,1.0,5.0,,1.0,1.0,1.0,1.0,1.0,1.0,1.0,1.0,1.0,1.0,,,,,,,7.0,3.0,2.0,2.0,3.0,5.0,6.0,6.0,4.0,2.0,75.0,80.0,80.0,75.0,75.0,80.0,80.0,75.0,40.0,40.0,1.0,1.0,2.0,2.0,2.0,1.0,1.0,1.0,1.0,1.0,2.0,1.0,2.0,1.0,1.0,1.0,1.0,1.0,2.0,2.0,1.0,1.0,1.0,1.0,1.0,1.0,1.0,1.0,1.0,1.0,1.0,1.0,1.0,1.0,1.0,1.0,2.0,1.0,1.0,1.0
27,4,4,4,3,4,4,4,4,2,3,,30.0,5.0,,5.0,4.0,3.0,,,,,6.0,1.0,54.0,,,2.0,,,,2.0,5.0,5.0,,,,15.0,,,1.0,,4.0,,1.0,,,5.0,1.0,1.0,1.0,1.0,1.0,1.0,1.0,1.0,1.0,1.0,,,,,,,6.0,3.0,3.0,3.0,3.0,5.0,6.0,6.0,3.0,,,,,,,,,,,,1.0,2.0,1.0,2.0,1.0,2.0,1.0,1.0,2.0,1.0,1.0,1.0,1.0,1.0,2.0,1.0,2.0,1.0,2.0,1.0,2.0,1.0,1.0,2.0,2.0,1.0,2.0,1.0,2.0,1.0,1.0,1.0,2.0,1.0,2.0,1.0,1.0,1.0,2.0,1.0
2056,4,4,4,2,3,4,4,3,2,2,70.0,,5.0,,,,,5.0,4.0,2.0,6.0,,1.0,54.0,,1.0,,,,,2.0,4.0,5.0,,,,,15.0,,1.0,,,3.0,,1.0,,5.0,,,,,,,,,,,1.0,1.0,1.0,1.0,1.0,1.0,7.0,3.0,3.0,3.0,3.0,5.0,6.0,6.0,3.0,2.0,65.0,60.0,65.0,40.0,50.0,60.0,60.0,50.0,40.0,40.0,1.0,1.0,2.0,1.0,1.0,2.0,1.0,1.0,1.0,1.0,1.0,2.0,1.0,2.0,1.0,1.0,1.0,1.0,1.0,2.0,1.0,2.0,1.0,2.0,1.0,2.0,1.0,1.0,1.0,1.0,2.0,1.0,1.0,1.0,2.0,1.0,1.0,1.0,1.0,1.0
1880,5,5,5,5,5,5,5,5,1,2,,30.0,,2.0,,,,,,,,6.0,1.0,54.0,,1.0,,,,,,,,2.0,5.0,5.0,15.0,,1.0,,4.0,,,,1.0,5.0,,,,,,,,,,,,1.0,1.0,1.0,1.0,1.0,1.0,7.0,3.0,3.0,3.0,3.0,5.0,6.0,6.0,4.0,2.0,75.0,75.0,75.0,75.0,75.0,75.0,75.0,75.0,25.0,35.0,1.0,1.0,2.0,2.0,1.0,2.0,1.0,1.0,2.0,2.0,2.0,1.0,1.0,2.0,2.0,1.0,2.0,1.0,1.0,1.0,1.0,2.0,1.0,1.0,2.0,1.0,1.0,2.0,2.0,1.0,2.0,1.0,1.0,2.0,1.0,2.0,1.0,1.0,1.0,1.0
909,4,4,4,3,3,4,4,3,2,2,40.0,,,2.0,,,,,,,,,,,1.0,1.0,,3.0,4.0,5.0,,,,,,,15.0,,1.0,,4.0,,,,1.0,5.0,,,,,,,,,,,,1.0,1.0,1.0,1.0,1.0,1.0,6.0,3.0,2.0,2.0,3.0,5.0,6.0,6.0,4.0,2.0,65.0,60.0,60.0,50.0,50.0,60.0,60.0,50.0,40.0,40.0,1.0,2.0,2.0,1.0,1.0,1.0,2.0,2.0,2.0,1.0,1.0,1.0,1.0,2.0,1.0,2.0,1.0,1.0,1.0,2.0,1.0,2.0,1.0,2.0,1.0,2.0,1.0,1.0,2.0,1.0,1.0,1.0,2.0,1.0,1.0,1.0,2.0,2.0,1.0,1.0
581,2,4,4,2,3,3,4,3,2,2,70.0,,2.0,,,,,5.0,4.0,2.0,6.0,,1.0,54.0,,1.0,,,,,,,,2.0,4.0,5.0,15.0,,,1.0,,4.0,,1.0,,,5.0,1.0,1.0,1.0,1.0,1.0,1.0,1.0,1.0,1.0,1.0,,,,,,,6.0,3.0,2.0,3.0,3.0,5.0,6.0,6.0,3.0,2.0,55.0,65.0,60.0,40.0,45.0,50.0,60.0,40.0,35.0,30.0,1.0,2.0,1.0,2.0,1.0,1.0,2.0,1.0,2.0,1.0,1.0,2.0,1.0,1.0,2.0,2.0,1.0,2.0,1.0,2.0,,,,,,,,,,,,,,,,,,,,
767,2,3,3,1,2,3,4,2,1,2,,30.0,,2.0,5.0,4.0,2.0,,,,,6.0,,,1.0,1.0,,,,,2.0,4.0,5.0,,,,10.0,,1.0,,,3.0,,1.0,,,5.0,1.0,1.0,1.0,1.0,1.0,1.0,1.0,1.0,1.0,1.0,,,,,,,7.0,3.0,2.0,3.0,3.0,5.0,6.0,6.0,4.0,2.0,,,,,,,,,,,,,,,,,,,,,,,,,,,,,,,,,,,,,,,,,,,,,,,,,,
614,5,5,5,4,4,5,5,5,2,3,,30.0,5.0,,,,,,,,,6.0,,,1.0,1.0,,,,,2.0,5.0,5.0,,,,15.0,,,1.0,,,3.0,,1.0,,5.0,1.0,1.0,1.0,1.0,1.0,1.0,1.0,1.0,1.0,1.0,,,,,,,6.0,3.0,3.0,3.0,3.0,5.0,6.0,6.0,4.0,2.0,75.0,75.0,75.0,65.0,65.0,75.0,75.0,75.0,40.0,50.0,1.0,2.0,2.0,1.0,1.0,2.0,1.0,1.0,1.0,2.0,1.0,1.0,1.0,2.0,1.0,2.0,2.0,2.0,1.0,1.0,1.0,1.0,1.0,2.0,1.0,1.0,2.0,2.0,1.0,1.0,1.0,2.0,1.0,1.0,1.0,2.0,2.0,1.0,1.0,2.0
1181,5,5,5,5,5,5,5,5,1,1,,30.0,,1.0,,,,,,,6.0,,1.0,54.0,,,2.0,3.0,5.0,5.0,,,,,,,,15.0,,1.0,,3.0,,1.0,,,5.0,,,,,,,,,,,1.0,1.0,1.0,1.0,1.0,1.0,7.0,3.0,3.0,3.0,3.0,5.0,6.0,6.0,4.0,2.0,80.0,80.0,85.0,85.0,85.0,85.0,85.0,80.0,20.0,20.0,1.0,1.0,2.0,2.0,2.0,1.0,2.0,2.0,2.0,2.0,2.0,1.0,1.0,2.0,1.0,1.0,1.0,1.0,2.0,1.0,1.0,1.0,2.0,1.0,1.0,1.0,1.0,2.0,2.0,1.0,2.0,1.0,1.0,1.0,2.0,1.0,1.0,1.0,1.0,1.0
1408,5,5,5,4,4,5,5,5,1,1,,30.0,,2.0,4.0,4.0,2.0,,,,,6.0,1.0,54.0,,1.0,,,,,2.0,5.0,5.0,,,,15.0,,,1.0,,3.0,,,1.0,,5.0,1.0,1.0,1.0,1.0,1.0,1.0,1.0,1.0,1.0,1.0,,,,,,,7.0,3.0,3.0,3.0,3.0,5.0,6.0,6.0,4.0,2.0,80.0,80.0,85.0,70.0,70.0,85.0,80.0,80.0,20.0,20.0,1.0,1.0,2.0,2.0,1.0,1.0,1.0,1.0,2.0,1.0,1.0,1.0,1.0,1.0,2.0,2.0,1.0,1.0,1.0,1.0,1.0,2.0,1.0,1.0,1.0,1.0,1.0,1.0,1.0,1.0,1.0,1.0,1.0,1.0,2.0,2.0,1.0,1.0,1.0,1.0
1367,5,5,5,5,5,5,5,5,2,2,,20.0,6.0,,,,,5.0,4.0,2.0,,6.0,,,1.0,1.0,,,,,2.0,5.0,5.0,,,,,10.0,,1.0,,4.0,,,1.0,5.0,,1.0,1.0,1.0,1.0,1.0,1.0,1.0,1.0,1.0,1.0,,,,,,,7.0,3.0,3.0,3.0,3.0,5.0,6.0,6.0,4.0,2.0,75.0,75.0,80.0,80.0,75.0,80.0,80.0,75.0,40.0,40.0,1.0,1.0,1.0,2.0,1.0,1.0,1.0,1.0,2.0,2.0,1.0,1.0,1.0,2.0,1.0,2.0,2.0,1.0,1.0,1.0,2.0,1.0,1.0,2.0,2.0,2.0,1.0,1.0,1.0,1.0,1.0,2.0,1.0,1.0,1.0,1.0,2.0,2.0,1.0,1.0
1214,2,3,3,1,2,3,3,1,1,1,,30.0,2.0,,5.0,4.0,2.0,,,,,6.0,1.0,54.0,,1.0,,,,,2.0,4.0,5.0,,,,15.0,,,1.0,4.0,,,1.0,,,5.0,1.0,1.0,1.0,1.0,1.0,1.0,1.0,1.0,1.0,1.0,,,,,,,6.0,3.0,3.0,3.0,3.0,5.0,6.0,6.0,3.0,,,,,,,,,,,,1.0,1.0,2.0,1.0,2.0,2.0,1.0,1.0,1.0,2.0,1.0,1.0,2.0,1.0,1.0,1.0,1.0,1.0,2.0,1.0,1.0,1.0,2.0,1.0,1.0,1.0,1.0,1.0,1.0,1.0,1.0,1.0,1.0,1.0,1.0,1.0,1.0,2.0,1.0,1.0
1841,5,5,5,5,5,5,5,5,2,2,,30.0,6.0,,,,,6.0,5.0,2.0,,6.0,1.0,54.0,,1.0,,,,,,,,2.0,5.0,5.0,,15.0,,1.0,,3.0,,,1.0,5.0,,,,,,,,,,,,1.0,1.0,1.0,1.0,1.0,1.0,7.0,3.0,3.0,3.0,3.0,6.0,6.0,6.0,4.0,2.0,80.0,80.0,85.0,85.0,85.0,85.0,85.0,80.0,30.0,30.0,2.0,1.0,1.0,2.0,2.0,2.0,2.0,1.0,1.0,2.0,1.0,1.0,1.0,1.0,2.0,1.0,1.0,2.0,2.0,2.0,1.0,1.0,2.0,2.0,2.0,1.0,2.0,1.0,1.0,1.0,1.0,1.0,2.0,2.0,1.0,1.0,2.0,1.0,1.0,1.0
1932,2,3,3,1,2,3,3,2,1,2,70.0,,,,,,,,,,,6.0,,,1.0,1.0,,,,,3.0,5.0,5.0,,,,15.0,,,1.0,,,2.0,,1.0,,5.0,1.0,1.0,1.0,1.0,1.0,1.0,1.0,1.0,1.0,1.0,,,,,,,6.0,3.0,2.0,2.0,3.0,5.0,6.0,6.0,3.0,,,,,,,,,,,,2.0,1.0,2.0,2.0,2.0,1.0,1.0,1.0,1.0,2.0,2.0,2.0,1.0,1.0,2.0,1.0,1.0,2.0,2.0,2.0,1.0,1.0,1.0,2.0,1.0,2.0,1.0,1.0,2.0,2.0,2.0,1.0,2.0,2.0,1.0,1.0,1.0,1.0,1.0,1.0
540,4,4,4,3,3,4,4,3,2,2,,30.0,,2.0,5.0,4.0,2.0,,,,,6.0,,,1.0,,2.0,,,,3.0,4.0,5.0,,,,,12.0,1.0,,,,3.0,,,,,,,,,,,,,,,,,,,,,,,,,,,,,,2.0,60.0,60.0,60.0,50.0,50.0,60.0,60.0,50.0,40.0,40.0,1.0,1.0,2.0,1.0,2.0,1.0,2.0,2.0,2.0,1.0,1.0,1.0,2.0,1.0,1.0,1.0,1.0,2.0,1.0,1.0,1.0,1.0,1.0,2.0,1.0,2.0,1.0,2.0,1.0,1.0,1.0,1.0,1.0,2.0,2.0,1.0,1.0,1.0,2.0,1.0
433,4,4,4,2,3,4,4,3,2,3,70.0,,,2.0,,,,,,,,6.0,1.0,54.0,,1.0,,,,,2.0,4.0,5.0,,,,,12.0,1.0,,,3.0,,,1.0,5.0,,1.0,1.0,1.0,1.0,1.0,1.0,1.0,1.0,1.0,1.0,,,,,,,6.0,3.0,3.0,3.0,3.0,5.0,5.0,5.0,3.0,2.0,65.0,60.0,60.0,40.0,45.0,60.0,60.0,45.0,35.0,45.0,2.0,2.0,1.0,2.0,1.0,2.0,2.0,1.0,2.0,1.0,1.0,2.0,1.0,1.0,1.0,2.0,1.0,1.0,1.0,1.0,1.0,2.0,1.0,2.0,1.0,1.0,1.0,1.0,1.0,1.0,2.0,1.0,2.0,1.0,1.0,1.0,1.0,1.0,1.0,1.0
1140,5,5,5,3,4,5,5,4,2,2,70.0,,5.0,,,,,5.0,4.0,2.0,6.0,,,,1.0,1.0,,3.0,5.0,5.0,,,,,,,,10.0,1.0,,4.0,,,,1.0,,5.0,1.0,1.0,1.0,1.0,1.0,1.0,1.0,1.0,1.0,1.0,,,,,,,6.0,3.0,2.0,2.0,3.0,5.0,6.0,6.0,4.0,2.0,75.0,70.0,75.0,50.0,60.0,75.0,70.0,60.0,40.0,40.0,1.0,1.0,2.0,2.0,1.0,1.0,2.0,1.0,2.0,2.0,1.0,1.0,1.0,1.0,2.0,2.0,2.0,1.0,1.0,1.0,1.0,2.0,2.0,1.0,1.0,1.0,2.0,1.0,2.0,1.0,1.0,1.0,2.0,2.0,2.0,1.0,1.0,1.0,2.0,1.0
1033,5,5,5,4,4,5,5,5,2,3,,30.0,5.0,,5.0,4.0,2.0,,,,6.0,,,,1.0,1.0,,,,,2.0,5.0,5.0,,,,15.0,,1.0,,,,3.0,1.0,,5.0,,,,,,,,,,,,1.0,1.0,1.0,1.0,1.0,1.0,7.0,3.0,2.0,2.0,3.0,5.0,6.0,6.0,4.0,,,,,,,,,,,,1.0,2.0,1.0,2.0,1.0,2.0,1.0,1.0,1.0,2.0,2.0,1.0,1.0,2.0,1.0,1.0,1.0,2.0,2.0,2.0,1.0,1.0,1.0,1.0,1.0,2.0,1.0,1.0,1.0,1.0,2.0,2.0,1.0,2.0,1.0,1.0,1.0,1.0,2.0,2.0
1834,4,4,4,2,3,4,4,3,2,2,,30.0,,2.0,5.0,4.0,2.0,,,,6.0,,,,1.0,1.0,,,,,2.0,4.0,5.0,,,,,12.0,1.0,,4.0,,,,1.0,5.0,,1.0,1.0,1.0,1.0,1.0,1.0,1.0,1.0,1.0,1.0,,,,,,,6.0,3.0,3.0,3.0,3.0,5.0,6.0,6.0,4.0,2.0,65.0,65.0,65.0,40.0,50.0,65.0,65.0,50.0,40.0,40.0,2.0,2.0,1.0,1.0,2.0,1.0,1.0,2.0,2.0,1.0,1.0,2.0,2.0,1.0,1.0,1.0,2.0,1.0,2.0,2.0,2.0,1.0,1.0,2.0,2.0,1.0,2.0,1.0,1.0,1.0,1.0,2.0,1.0,1.0,2.0,1.0,1.0,1.0,2.0,2.0
1947,3,4,4,2,3,3,4,2,2,2,,30.0,2.0,,,,,5.0,4.0,2.0,6.0,,,,1.0,,2.0,3.0,4.0,4.0,,,,,,,15.0,,1.0,,,3.0,,1.0,,,5.0,1.0,1.0,1.0,1.0,1.0,1.0,1.0,1.0,1.0,1.0,,,,,,,6.0,3.0,3.0,3.0,3.0,5.0,6.0,6.0,4.0,2.0,50.0,60.0,60.0,40.0,50.0,50.0,60.0,40.0,40.0,40.0,1.0,2.0,1.0,1.0,1.0,2.0,1.0,2.0,1.0,1.0,1.0,2.0,1.0,1.0,2.0,1.0,2.0,1.0,2.0,1.0,1.0,1.0,1.0,2.0,1.0,1.0,1.0,1.0,2.0,2.0,1.0,2.0,2.0,1.0,2.0,1.0,1.0,1.0,2.0,2.0
2029,5,5,5,5,5,5,5,4,2,3,70.0,,,2.0,,,,,,,,6.0,,,1.0,1.0,,3.0,5.0,5.0,,,,,,,15.0,,,1.0,4.0,,,,1.0,,5.0,1.0,1.0,1.0,1.0,1.0,1.0,1.0,1.0,1.0,1.0,,,,,,,6.0,3.0,3.0,3.0,3.0,5.0,6.0,6.0,4.0,2.0,75.0,70.0,80.0,85.0,80.0,85.0,80.0,65.0,40.0,50.0,1.0,2.0,1.0,1.0,2.0,2.0,1.0,1.0,1.0,1.0,1.0,1.0,1.0,2.0,1.0,1.0,1.0,2.0,1.0,2.0,1.0,2.0,2.0,1.0,1.0,1.0,1.0,1.0,1.0,1.0,2.0,1.0,1.0,2.0,1.0,1.0,1.0,2.0,2.0,1.0
58,5,5,5,4,4,5,5,5,2,2,,30.0,5.0,,5.0,4.0,2.0,,,,6.0,,1.0,54.0,,1.0,,,,,2.0,5.0,5.0,,,,,12.0,1.0,,4.0,,,1.0,,5.0,,1.0,1.0,1.0,1.0,1.0,1.0,1.0,1.0,1.0,1.0,,,,,,,7.0,3.0,3.0,3.0,3.0,5.0,6.0,6.0,4.0,2.0,75.0,75.0,80.0,65.0,65.0,75.0,75.0,70.0,40.0,40.0,1.0,2.0,2.0,2.0,1.0,1.0,2.0,2.0,1.0,2.0,2.0,1.0,2.0,1.0,1.0,1.0,1.0,1.0,1.0,1.0,1.0,1.0,1.0,1.0,1.0,1.0,1.0,2.0,1.0,1.0,2.0,1.0,1.0,1.0,1.0,1.0,2.0,1.0,1.0,1.0
535,5,5,5,5,5,5,5,5,2,2,,30.0,,1.0,,,,,,,6.0,,,,1.0,1.0,,4.0,5.0,6.0,,,,,,,15.0,,1.0,,,4.0,,,1.0,,5.0,,,,,,,,,,,1.0,1.0,1.0,1.0,1.0,1.0,7.0,3.0,3.0,3.0,3.0,5.0,6.0,6.0,4.0,2.0,75.0,70.0,80.0,85.0,80.0,85.0,80.0,75.0,40.0,40.0,1.0,1.0,2.0,2.0,1.0,1.0,2.0,1.0,1.0,1.0,2.0,2.0,1.0,1.0,1.0,1.0,1.0,2.0,1.0,1.0,1.0,1.0,2.0,1.0,1.0,1.0,1.0,1.0,2.0,1.0,1.0,1.0,2.0,1.0,1.0,1.0,1.0,2.0,1.0,1.0
446,5,5,5,4,4,5,5,4,2,2,,30.0,,2.0,,,,,,,6.0,,,,1.0,,2.0,,,,2.0,5.0,5.0,,,,15.0,,1.0,,,3.0,,1.0,,,5.0,1.0,1.0,1.0,1.0,1.0,1.0,1.0,1.0,1.0,1.0,,,,,,,6.0,3.0,3.0,3.0,3.0,5.0,6.0,6.0,4.0,,,,,,,,,,,,2.0,1.0,1.0,2.0,1.0,2.0,2.0,1.0,1.0,2.0,1.0,1.0,1.0,1.0,2.0,2.0,1.0,2.0,1.0,2.0,,,,,,,,,,,,,,,,,,,,
329,5,5,5,4,4,5,5,4,2,2,,30.0,2.0,,,,,5.0,4.0,2.0,6.0,,1.0,54.0,,1.0,,3.0,5.0,5.0,,,,,,,15.0,,,1.0,4.0,,,1.0,,5.0,,1.0,1.0,1.0,1.0,1.0,1.0,1.0,1.0,1.0,1.0,,,,,,,6.0,3.0,3.0,3.0,3.0,5.0,6.0,6.0,4.0,2.0,75.0,75.0,75.0,65.0,65.0,75.0,75.0,65.0,35.0,35.0,1.0,2.0,1.0,1.0,1.0,1.0,1.0,1.0,1.0,1.0,1.0,1.0,2.0,1.0,1.0,1.0,1.0,1.0,1.0,1.0,1.0,1.0,1.0,1.0,1.0,1.0,1.0,1.0,1.0,1.0,1.0,1.0,1.0,2.0,2.0,1.0,1.0,1.0,1.0,1.0
1135,2,4,4,1,2,3,4,2,1,1,70.0,,,2.0,,,,,,,6.0,,,,1.0,1.0,,3.0,4.0,5.0,,,,,,,15.0,,1.0,,4.0,,,1.0,,,5.0,1.0,1.0,1.0,1.0,1.0,1.0,1.0,1.0,1.0,1.0,,,,,,,6.0,3.0,2.0,3.0,3.0,5.0,6.0,5.0,4.0,2.0,40.0,60.0,60.0,20.0,30.0,50.0,60.0,30.0,20.0,20.0,1.0,2.0,2.0,1.0,1.0,1.0,2.0,1.0,2.0,2.0,1.0,2.0,1.0,2.0,2.0,1.0,1.0,1.0,1.0,1.0,1.0,1.0,1.0,1.0,1.0,2.0,2.0,2.0,2.0,2.0,2.0,1.0,2.0,2.0,1.0,1.0,1.0,1.0,1.0,2.0
1046,2,3,3,2,3,3,4,2,2,2,,30.0,2.0,,,,,,,,6.0,,1.0,54.0,,1.0,,,,,2.0,4.0,5.0,,,,,10.0,,1.0,4.0,,,,1.0,,5.0,1.0,1.0,1.0,1.0,1.0,1.0,1.0,1.0,1.0,1.0,,,,,,,6.0,3.0,3.0,3.0,4.0,5.0,6.0,6.0,3.0,2.0,40.0,50.0,50.0,40.0,50.0,50.0,60.0,40.0,40.0,40.0,2.0,2.0,2.0,1.0,1.0,1.0,2.0,1.0,1.0,1.0,1.0,2.0,1.0,1.0,2.0,1.0,1.0,2.0,1.0,2.0,,,,,,,,,,,,,,,,,,,,
1729,5,5,5,3,4,5,5,5,2,2,70.0,,5.0,,5.0,4.0,3.0,,,,,6.0,1.0,54.0,,1.0,,,,,,,,3.0,5.0,5.0,15.0,,1.0,,,4.0,,1.0,,5.0,,,,,,,,,,,,1.0,1.0,1.0,1.0,1.0,1.0,7.0,4.0,3.0,3.0,3.0,5.0,6.0,6.0,4.0,2.0,75.0,70.0,80.0,50.0,60.0,75.0,80.0,70.0,40.0,40.0,1.0,2.0,1.0,2.0,1.0,2.0,1.0,2.0,1.0,1.0,2.0,1.0,1.0,2.0,2.0,1.0,1.0,2.0,1.0,2.0,1.0,2.0,1.0,1.0,2.0,1.0,1.0,2.0,1.0,1.0,1.0,1.0,2.0,1.0,2.0,1.0,1.0,2.0,2.0,1.0
1986,2,3,3,1,2,2,3,2,1,1,,30.0,,2.0,5.0,4.0,2.0,,,,,6.0,,,1.0,,2.0,,,,,,,2.0,4.0,5.0,,15.0,1.0,,,,3.0,,,,,,,,,,,,,,,,,,,,,6.0,3.0,3.0,3.0,3.0,5.0,6.0,6.0,,2.0,,,,,,,,,,,1.0,1.0,1.0,1.0,1.0,2.0,1.0,1.0,1.0,2.0,1.0,2.0,2.0,1.0,1.0,1.0,1.0,2.0,1.0,1.0,1.0,1.0,1.0,2.0,1.0,1.0,1.0,2.0,1.0,2.0,1.0,1.0,1.0,2.0,2.0,2.0,1.0,2.0,1.0,1.0
99,2,3,3,2,3,4,4,2,2,2,70.0,,5.0,,5.0,4.0,2.0,,,,,6.0,,,1.0,1.0,,,,,,,,2.0,4.0,5.0,,12.0,,1.0,4.0,,,1.0,,4.0,,1.0,1.0,1.0,1.0,1.0,1.0,1.0,1.0,1.0,1.0,,,,,,,6.0,3.0,3.0,3.0,3.0,5.0,6.0,6.0,4.0,2.0,40.0,50.0,50.0,40.0,50.0,60.0,60.0,40.0,40.0,40.0,1.0,2.0,1.0,2.0,2.0,1.0,2.0,2.0,1.0,2.0,2.0,1.0,1.0,1.0,1.0,2.0,2.0,2.0,1.0,1.0,2.0,2.0,1.0,1.0,1.0,2.0,1.0,1.0,1.0,2.0,1.0,1.0,1.0,1.0,1.0,2.0,1.0,1.0,1.0,1.0
712,2,3,3,2,3,3,3,2,4,3,,30.0,,2.0,,,,,,,6.0,,1.0,54.0,,1.0,,,,,,,,2.0,4.0,5.0,,12.0,1.0,,4.0,,,,1.0,,5.0,,,,,,,,,,,1.0,1.0,1.0,1.0,1.0,1.0,6.0,3.0,3.0,3.0,3.0,5.0,5.0,5.0,3.0,2.0,40.0,50.0,50.0,40.0,50.0,50.0,50.0,40.0,60.0,50.0,2.0,1.0,1.0,2.0,1.0,1.0,1.0,1.0,2.0,1.0,1.0,1.0,1.0,1.0,1.0,1.0,2.0,1.0,1.0,1.0,1.0,1.0,1.0,1.0,1.0,1.0,1.0,1.0,1.0,1.0,1.0,1.0,2.0,1.0,1.0,2.0,1.0,1.0,1.0,1.0
661,5,5,5,5,5,5,5,5,1,1,70.0,,,2.0,,,,,,,,6.0,1.0,54.0,,1.0,,3.0,5.0,5.0,,,,,,,15.0,,,1.0,4.0,,,,1.0,,5.0,,,,,,,,,,,1.0,1.0,1.0,1.0,1.0,1.0,7.0,3.0,3.0,3.0,3.0,5.0,6.0,6.0,4.0,2.0,75.0,75.0,80.0,80.0,80.0,80.0,80.0,75.0,20.0,20.0,1.0,2.0,2.0,2.0,1.0,2.0,1.0,1.0,1.0,2.0,2.0,1.0,2.0,2.0,1.0,1.0,1.0,2.0,2.0,1.0,1.0,2.0,2.0,1.0,2.0,1.0,2.0,1.0,2.0,1.0,2.0,1.0,2.0,1.0,1.0,1.0,1.0,1.0,1.0,1.0
487,2,3,3,2,3,3,3,2,2,2,,30.0,,2.0,,,,,,,6.0,,,,1.0,,2.0,,,,,,,3.0,4.0,5.0,,10.0,,1.0,3.0,,,,1.0,,5.0,,,,,,,,,,,1.0,1.0,1.0,1.0,1.0,1.0,7.0,3.0,3.0,3.0,3.0,5.0,6.0,6.0,4.0,2.0,40.0,50.0,50.0,40.0,50.0,50.0,50.0,40.0,40.0,40.0,1.0,1.0,2.0,2.0,1.0,1.0,1.0,2.0,2.0,1.0,1.0,1.0,2.0,1.0,1.0,2.0,1.0,1.0,2.0,2.0,,,,,,,,,,,,,,,,,,,,
1312,5,4,5,5,4,5,5,5,2,2,70.0,,5.0,,,,,5.0,4.0,2.0,,6.0,1.0,54.0,,,2.0,,,,,,,3.0,5.0,5.0,,12.0,1.0,,4.0,,,,1.0,5.0,,1.0,1.0,1.0,1.0,1.0,1.0,1.0,1.0,1.0,1.0,,,,,,,6.0,3.0,3.0,3.0,3.0,5.0,6.0,6.0,4.0,2.0,75.0,70.0,80.0,75.0,70.0,80.0,75.0,70.0,40.0,40.0,1.0,1.0,2.0,2.0,1.0,1.0,2.0,1.0,1.0,1.0,1.0,2.0,2.0,1.0,1.0,1.0,1.0,1.0,1.0,1.0,2.0,1.0,1.0,1.0,1.0,1.0,1.0,2.0,1.0,1.0,1.0,1.0,1.0,2.0,1.0,1.0,1.0,2.0,1.0,1.0
1261,2,4,4,1,3,3,4,2,1,2,,30.0,,2.0,,,,,,,6.0,,1.0,54.0,,,2.0,3.0,4.0,5.0,,,,,,,,15.0,,1.0,6.0,,,1.0,,,5.0,1.0,1.0,1.0,1.0,1.0,1.0,1.0,1.0,1.0,1.0,,,,,,,6.0,3.0,3.0,3.0,3.0,5.0,6.0,6.0,3.0,2.0,40.0,60.0,60.0,25.0,40.0,40.0,60.0,35.0,20.0,30.0,1.0,2.0,1.0,1.0,2.0,1.0,1.0,1.0,2.0,1.0,1.0,1.0,2.0,1.0,1.0,1.0,2.0,1.0,1.0,1.0,1.0,1.0,1.0,1.0,1.0,1.0,1.0,1.0,1.0,1.0,1.0,1.0,2.0,1.0,1.0,1.0,1.0,1.0,1.0,1.0
1087,5,5,5,4,4,5,5,4,2,2,,30.0,5.0,,5.0,4.0,2.0,,,,6.0,,1.0,54.0,,1.0,,,,,3.0,5.0,5.0,,,,,10.0,,1.0,4.0,,,1.0,,5.0,,,,,,,,,,,,1.0,1.0,1.0,1.0,1.0,1.0,7.0,3.0,3.0,3.0,3.0,5.0,6.0,6.0,4.0,2.0,75.0,75.0,80.0,70.0,70.0,80.0,75.0,70.0,40.0,40.0,1.0,1.0,2.0,1.0,1.0,1.0,1.0,2.0,1.0,2.0,2.0,2.0,1.0,1.0,1.0,1.0,1.0,1.0,2.0,1.0,1.0,1.0,1.0,1.0,1.0,2.0,1.0,1.0,1.0,1.0,1.0,1.0,1.0,1.0,1.0,1.0,1.0,1.0,1.0,1.0
2018,4,4,4,3,3,4,4,3,2,2,,30.0,,2.0,,,,,,,6.0,,,,1.0,,2.0,3.0,4.0,5.0,,,,,,,15.0,,,1.0,,,2.0,,1.0,5.0,,1.0,1.0,1.0,1.0,1.0,1.0,1.0,1.0,1.0,1.0,,,,,,,6.0,3.0,3.0,3.0,3.0,5.0,6.0,6.0,4.0,2.0,65.0,60.0,60.0,50.0,50.0,60.0,60.0,50.0,40.0,40.0,1.0,1.0,1.0,1.0,2.0,1.0,1.0,1.0,1.0,1.0,2.0,1.0,1.0,1.0,1.0,2.0,1.0,1.0,1.0,1.0,2.0,1.0,1.0,2.0,1.0,1.0,1.0,2.0,1.0,1.0,2.0,1.0,1.0,1.0,1.0,1.0,2.0,1.0,2.0,2.0
69,2,3,3,2,3,3,3,2,4,2,,30.0,,2.0,5.0,4.0,3.0,,,,,6.0,1.0,54.0,,,2.0,,,,2.0,4.0,5.0,,,,,15.0,1.0,,4.0,,,1.0,,,5.0,1.0,1.0,1.0,1.0,1.0,1.0,1.0,1.0,1.0,1.0,,,,,,,6.0,3.0,3.0,3.0,3.0,5.0,6.0,6.0,3.0,2.0,50.0,45.0,45.0,40.0,45.0,45.0,45.0,40.0,50.0,40.0,1.0,2.0,1.0,2.0,1.0,2.0,1.0,1.0,2.0,1.0,2.0,1.0,1.0,2.0,1.0,2.0,1.0,1.0,1.0,1.0,1.0,2.0,1.0,1.0,1.0,1.0,2.0,1.0,1.0,2.0,2.0,1.0,1.0,1.0,2.0,1.0,1.0,1.0,1.0,1.0
1805,4,4,4,2,3,4,4,3,2,3,70.0,,2.0,,5.0,4.0,3.0,,,,6.0,,1.0,54.0,,,2.0,,,,,,,3.0,4.0,5.0,,10.0,1.0,,4.0,,,,1.0,,5.0,,,,,,,,,,,1.0,1.0,1.0,1.0,1.0,1.0,6.0,3.0,3.0,3.0,3.0,5.0,6.0,6.0,3.0,2.0,65.0,60.0,60.0,40.0,45.0,60.0,60.0,45.0,40.0,45.0,1.0,1.0,2.0,2.0,1.0,1.0,2.0,2.0,1.0,2.0,1.0,1.0,2.0,2.0,1.0,1.0,2.0,1.0,1.0,1.0,1.0,1.0,1.0,1.0,1.0,1.0,1.0,2.0,1.0,2.0,2.0,1.0,1.0,1.0,1.0,1.0,1.0,1.0,2.0,1.0
1976,2,3,3,2,3,3,3,2,4,3,70.0,,,2.0,,,,,,,6.0,,1.0,54.0,,,2.0,,,,,,,3.0,4.0,5.0,15.0,,,1.0,,4.0,,,1.0,5.0,,1.0,1.0,1.0,1.0,1.0,1.0,1.0,1.0,1.0,1.0,,,,,,,6.0,3.0,2.0,2.0,3.0,5.0,6.0,6.0,3.0,,,,,,,,,,,,2.0,1.0,2.0,1.0,1.0,2.0,1.0,2.0,2.0,1.0,2.0,1.0,1.0,1.0,2.0,2.0,1.0,2.0,2.0,1.0,1.0,1.0,2.0,2.0,1.0,1.0,1.0,1.0,1.0,1.0,1.0,1.0,1.0,1.0,1.0,1.0,1.0,1.0,1.0,1.0
1104,2,3,3,2,3,3,3,2,4,3,,30.0,5.0,,5.0,4.0,2.0,,,,,6.0,1.0,54.0,,1.0,,,,,,,,2.0,4.0,5.0,,10.0,,1.0,4.0,,,1.0,,5.0,,,,,,,,,,,,1.0,1.0,1.0,1.0,1.0,1.0,6.0,3.0,2.0,3.0,3.0,5.0,6.0,6.0,3.0,2.0,40.0,50.0,50.0,40.0,50.0,50.0,50.0,40.0,60.0,50.0,1.0,2.0,1.0,2.0,1.0,2.0,2.0,2.0,1.0,1.0,1.0,1.0,1.0,2.0,1.0,2.0,1.0,2.0,1.0,2.0,1.0,1.0,1.0,2.0,1.0,1.0,1.0,1.0,1.0,2.0,1.0,1.0,1.0,1.0,1.0,2.0,2.0,2.0,1.0,1.0
1077,2,3,3,1,2,3,3,1,1,1,,40.0,,2.0,,,,,,,,6.0,1.0,54.0,,,2.0,,,,2.0,4.0,5.0,,,,15.0,,1.0,,,4.0,,1.0,,5.0,,,,,,,,,,,,1.0,1.0,1.0,1.0,1.0,1.0,7.0,3.0,3.0,3.0,3.0,5.0,6.0,6.0,4.0,2.0,35.0,40.0,40.0,20.0,25.0,40.0,40.0,20.0,20.0,20.0,1.0,2.0,1.0,2.0,2.0,2.0,1.0,2.0,1.0,1.0,2.0,1.0,2.0,1.0,1.0,2.0,1.0,1.0,1.0,1.0,1.0,2.0,2.0,1.0,1.0,1.0,2.0,2.0,2.0,1.0,1.0,1.0,1.0,1.0,2.0,2.0,1.0,2.0,1.0,1.0
1291,5,4,5,5,4,5,5,4,2,3,,30.0,,2.0,,,,,,,,6.0,1.0,54.0,,1.0,,3.0,5.0,5.0,,,,,,,15.0,,,1.0,,,2.0,,1.0,,5.0,1.0,1.0,1.0,1.0,1.0,1.0,1.0,1.0,1.0,1.0,,,,,,,6.0,3.0,3.0,3.0,3.0,5.0,6.0,6.0,4.0,2.0,75.0,70.0,80.0,85.0,70.0,80.0,85.0,70.0,40.0,55.0,1.0,2.0,2.0,1.0,1.0,2.0,2.0,1.0,1.0,2.0,1.0,2.0,1.0,1.0,2.0,1.0,1.0,1.0,2.0,1.0,1.0,1.0,1.0,1.0,1.0,2.0,2.0,2.0,2.0,1.0,1.0,1.0,1.0,1.0,2.0,2.0,1.0,1.0,1.0,1.0
1718,2,3,3,1,2,3,3,2,1,1,70.0,,2.0,,5.0,4.0,2.0,,,,,6.0,1.0,54.0,,,2.0,,,,,,,3.0,4.0,5.0,15.0,,,1.0,,4.0,,,1.0,,5.0,,,,,,,,,,,1.0,1.0,1.0,1.0,1.0,1.0,6.0,2.0,3.0,3.0,3.0,5.0,6.0,6.0,3.0,,,,,,,,,,,,1.0,2.0,2.0,1.0,1.0,2.0,1.0,1.0,1.0,2.0,1.0,1.0,1.0,1.0,1.0,2.0,1.0,1.0,1.0,1.0,,,,,,,,,,,,,,,,,,,,
504,5,5,5,2,3,5,5,4,2,2,,30.0,5.0,,,,,5.0,4.0,2.0,6.0,,,,1.0,1.0,,,,,,,,2.0,5.0,5.0,,10.0,1.0,,4.0,,,1.0,,,5.0,1.0,1.0,1.0,1.0,1.0,1.0,1.0,1.0,1.0,1.0,,,,,,,6.0,3.0,2.0,2.0,3.0,5.0,6.0,6.0,4.0,2.0,80.0,80.0,80.0,40.0,50.0,80.0,80.0,60.0,40.0,40.0,1.0,1.0,2.0,2.0,1.0,1.0,1.0,1.0,2.0,1.0,2.0,2.0,2.0,1.0,1.0,2.0,1.0,1.0,2.0,1.0,1.0,1.0,2.0,1.0,2.0,1.0,2.0,2.0,1.0,1.0,1.0,1.0,2.0,2.0,2.0,1.0,1.0,1.0,2.0,1.0
477,2,3,3,1,2,2,3,1,4,4,,30.0,2.0,,,,,5.0,4.0,2.0,6.0,,,,1.0,,2.0,,,,2.0,5.0,5.0,,,,,15.0,,1.0,4.0,,,1.0,,5.0,,,,,,,,,,,,1.0,1.0,1.0,1.0,1.0,1.0,7.0,3.0,3.0,3.0,3.0,5.0,6.0,6.0,3.0,2.0,40.0,50.0,50.0,30.0,40.0,40.0,50.0,30.0,60.0,60.0,1.0,2.0,1.0,1.0,1.0,2.0,1.0,2.0,2.0,1.0,2.0,1.0,2.0,1.0,1.0,2.0,1.0,1.0,1.0,2.0,1.0,1.0,2.0,1.0,1.0,2.0,1.0,1.0,1.0,2.0,1.0,1.0,1.0,2.0,1.0,2.0,2.0,1.0,2.0,1.0
691,5,5,5,4,4,5,5,4,2,2,,30.0,5.0,,,,,5.0,4.0,2.0,,6.0,,,1.0,1.0,,2.0,5.0,5.0,,,,,,,15.0,,,1.0,4.0,,,1.0,,5.0,,,,,,,,,,,,1.0,1.0,1.0,1.0,1.0,1.0,7.0,3.0,3.0,3.0,3.0,5.0,6.0,6.0,4.0,2.0,75.0,70.0,75.0,60.0,60.0,75.0,70.0,60.0,40.0,40.0,1.0,1.0,2.0,2.0,1.0,1.0,1.0,2.0,1.0,1.0,1.0,1.0,1.0,1.0,1.0,1.0,1.0,2.0,1.0,1.0,2.0,2.0,1.0,1.0,1.0,1.0,1.0,1.0,1.0,1.0,1.0,1.0,1.0,1.0,1.0,1.0,1.0,1.0,1.0,1.0
318,2,3,3,2,3,3,3,2,2,2,,30.0,,2.0,,,,,,,,6.0,1.0,54.0,,,2.0,3.0,4.0,5.0,,,,,,,,15.0,,1.0,,3.0,,1.0,,4.0,,1.0,1.0,1.0,1.0,1.0,1.0,1.0,1.0,1.0,1.0,,,,,,,6.0,3.0,3.0,3.0,3.0,5.0,6.0,6.0,3.0,2.0,40.0,50.0,50.0,40.0,50.0,50.0,50.0,40.0,40.0,40.0,1.0,1.0,1.0,1.0,1.0,2.0,2.0,1.0,1.0,1.0,1.0,2.0,2.0,2.0,1.0,1.0,2.0,1.0,2.0,1.0,1.0,1.0,1.0,1.0,1.0,1.0,1.0,1.0,1.0,1.0,1.0,1.0,1.0,1.0,2.0,2.0,1.0,1.0,1.0,1.0
1323,5,5,5,4,4,5,5,4,2,2,,30.0,,2.0,,,,,,,,6.0,,,1.0,,2.0,3.0,5.0,,,,,,,,,,,,,,,,,,,,,,,,,,,,,,,,,,,,,,,,,,,,,,,,,,,,,,,,,,,,,,,,,,,,,,,,,,,,,,,,,,,,,,,,,,,,,,
1250,2,3,3,2,3,3,3,2,4,3,70.0,,2.0,,5.0,4.0,2.0,,,,,6.0,1.0,54.0,,1.0,,3.0,4.0,5.0,,,,,,,15.0,,,1.0,,3.0,,,1.0,,5.0,1.0,1.0,1.0,1.0,1.0,1.0,1.0,1.0,1.0,1.0,,,,,,,6.0,3.0,3.0,3.0,3.0,5.0,6.0,6.0,3.0,2.0,40.0,50.0,50.0,40.0,50.0,50.0,50.0,40.0,60.0,50.0,1.0,1.0,1.0,2.0,1.0,1.0,2.0,1.0,1.0,2.0,1.0,2.0,2.0,1.0,1.0,2.0,1.0,1.0,2.0,2.0,1.0,1.0,2.0,1.0,1.0,1.0,1.0,1.0,2.0,2.0,1.0,1.0,2.0,1.0,1.0,1.0,1.0,2.0,1.0,2.0
723,4,4,4,2,3,4,4,3,2,3,70.0,,,2.0,,,,,,,6.0,,,,1.0,1.0,,3.0,4.0,5.0,,,,,,,,12.0,1.0,,,,3.0,1.0,,,5.0,,,,,,,,,,,1.0,1.0,1.0,1.0,1.0,1.0,6.0,3.0,3.0,3.0,3.0,5.0,6.0,6.0,3.0,,,,,,,,,,,,2.0,2.0,1.0,2.0,2.0,2.0,1.0,1.0,1.0,1.0,2.0,1.0,1.0,1.0,1.0,2.0,1.0,1.0,1.0,1.0,2.0,2.0,1.0,1.0,1.0,1.0,1.0,2.0,1.0,1.0,1.0,1.0,1.0,1.0,2.0,1.0,2.0,2.0,1.0,1.0
650,4,4,4,2,3,4,4,3,2,2,,30.0,2.0,,,,,5.0,4.0,2.0,,6.0,,,1.0,,2.0,3.0,4.0,5.0,,,,,,,,15.0,,1.0,4.0,,,,1.0,5.0,,,,,,,,,,,,1.0,1.0,1.0,1.0,1.0,1.0,6.0,3.0,3.0,3.0,3.0,5.0,6.0,6.0,4.0,2.0,65.0,60.0,60.0,40.0,45.0,60.0,60.0,40.0,35.0,35.0,2.0,1.0,1.0,2.0,1.0,2.0,1.0,2.0,1.0,1.0,2.0,1.0,2.0,1.0,1.0,1.0,2.0,1.0,1.0,2.0,2.0,2.0,1.0,2.0,1.0,1.0,2.0,2.0,1.0,2.0,1.0,1.0,1.0,1.0,2.0,1.0,2.0,1.0,1.0,2.0
938,5,4,5,4,4,5,5,4,2,3,,30.0,,,,,,,,,6.0,,1.0,54.0,,,2.0,,,,2.0,5.0,5.0,,,,15.0,,,1.0,,,3.0,1.0,,5.0,,,,,,,,,,,,1.0,1.0,1.0,1.0,1.0,1.0,6.0,3.0,3.0,3.0,3.0,5.0,6.0,6.0,3.0,,,,,,,,,,,,2.0,2.0,1.0,2.0,2.0,2.0,1.0,2.0,2.0,1.0,1.0,1.0,2.0,1.0,2.0,2.0,1.0,1.0,1.0,1.0,1.0,1.0,1.0,2.0,1.0,2.0,1.0,1.0,1.0,2.0,1.0,1.0,1.0,1.0,2.0,2.0,1.0,1.0,1.0,1.0
1439,5,5,5,5,5,5,5,5,2,2,70.0,,5.0,,,,,5.0,4.0,2.0,6.0,,1.0,54.0,,1.0,,,,,,,,2.0,5.0,5.0,,15.0,1.0,,4.0,,,,1.0,,5.0,1.0,1.0,1.0,1.0,1.0,1.0,1.0,1.0,1.0,1.0,,,,,,,6.0,3.0,3.0,3.0,3.0,5.0,6.0,6.0,4.0,2.0,75.0,75.0,80.0,80.0,80.0,85.0,85.0,70.0,40.0,40.0,1.0,1.0,2.0,1.0,1.0,1.0,2.0,1.0,2.0,1.0,1.0,2.0,1.0,1.0,1.0,1.0,1.0,1.0,2.0,1.0,2.0,1.0,1.0,1.0,2.0,1.0,2.0,1.0,1.0,1.0,2.0,2.0,1.0,1.0,1.0,1.0,1.0,2.0,1.0,1.0
1356,5,5,5,4,4,5,5,5,2,3,,30.0,5.0,,,,,5.0,4.0,2.0,,6.0,1.0,54.0,,,2.0,3.0,5.0,5.0,,,,,,,,10.0,,2.0,,,3.0,,1.0,,5.0,,,,,,,,,,,1.0,1.0,1.0,1.0,1.0,1.0,6.0,3.0,3.0,3.0,3.0,5.0,6.0,6.0,3.0,2.0,75.0,75.0,75.0,65.0,65.0,75.0,75.0,75.0,40.0,50.0,2.0,2.0,1.0,1.0,1.0,2.0,2.0,1.0,2.0,1.0,1.0,1.0,2.0,1.0,2.0,2.0,1.0,1.0,2.0,2.0,1.0,1.0,1.0,2.0,1.0,1.0,1.0,1.0,1.0,2.0,1.0,2.0,1.0,2.0,1.0,2.0,1.0,1.0,1.0,1.0
1225,2,3,3,1,2,1,2,1,4,4,,30.0,5.0,,,,,5.0,4.0,2.0,,6.0,1.0,54.0,,1.0,,2.0,4.0,4.0,,,,,,,,10.0,1.0,,3.0,,,,1.0,4.0,,1.0,1.0,1.0,1.0,1.0,1.0,1.0,1.0,1.0,1.0,,,,,,,6.0,3.0,2.0,2.0,3.0,5.0,6.0,6.0,4.0,2.0,40.0,50.0,50.0,20.0,30.0,20.0,30.0,20.0,60.0,60.0,2.0,2.0,2.0,2.0,2.0,2.0,2.0,2.0,2.0,2.0,1.0,1.0,1.0,2.0,1.0,2.0,1.0,1.0,1.0,1.0,2.0,1.0,1.0,1.0,2.0,2.0,2.0,2.0,2.0,2.0,2.0,1.0,1.0,1.0,2.0,2.0,1.0,2.0,2.0,2.0
756,2,4,4,2,3,4,4,2,1,2,,30.0,2.0,,5.0,4.0,2.0,,,,,6.0,,,1.0,,2.0,,,,3.0,4.0,5.0,,,,15.0,,,1.0,,3.0,,1.0,,,5.0,,,,,,,,,,,1.0,1.0,1.0,1.0,1.0,1.0,7.0,3.0,2.0,3.0,3.0,5.0,6.0,6.0,3.0,2.0,40.0,50.0,50.0,30.0,40.0,50.0,50.0,30.0,20.0,30.0,1.0,1.0,2.0,1.0,2.0,1.0,1.0,2.0,1.0,1.0,1.0,1.0,2.0,1.0,1.0,2.0,2.0,1.0,1.0,1.0,1.0,1.0,1.0,2.0,1.0,1.0,1.0,1.0,1.0,2.0,1.0,2.0,1.0,2.0,1.0,1.0,2.0,2.0,1.0,2.0
625,5,5,5,4,4,5,5,4,2,2,70.0,,5.0,,,,,,,,,6.0,1.0,54.0,,1.0,,3.0,5.0,5.0,,,,,,,,15.0,,1.0,,,3.0,,1.0,5.0,,,,,,,,,,,,1.0,1.0,1.0,1.0,1.0,1.0,7.0,3.0,2.0,3.0,3.0,5.0,6.0,6.0,4.0,2.0,75.0,75.0,80.0,65.0,65.0,80.0,75.0,65.0,40.0,40.0,1.0,2.0,1.0,2.0,2.0,1.0,1.0,1.0,2.0,2.0,1.0,1.0,2.0,1.0,1.0,1.0,1.0,2.0,2.0,1.0,1.0,2.0,2.0,2.0,1.0,2.0,1.0,2.0,2.0,2.0,2.0,1.0,1.0,1.0,1.0,1.0,1.0,1.0,1.0,1.0
1870,2,3,3,2,3,2,3,2,4,3,70.0,,2.0,,5.0,4.0,2.0,,,,6.0,,,,1.0,,2.0,3.0,4.0,5.0,,,,,,,15.0,,,1.0,4.0,,,,1.0,5.0,,1.0,1.0,1.0,1.0,1.0,1.0,1.0,1.0,1.0,1.0,,,,,,,6.0,3.0,3.0,3.0,3.0,5.0,6.0,6.0,4.0,,,,,,,,,,,,,,,,,,,,,,,,,,,,,,,,,,,,,,,,,,,,,,,,,,,
1903,4,4,4,2,3,4,4,3,2,3,,30.0,2.0,,,,,5.0,4.0,2.0,,6.0,1.0,54.0,,,2.0,3.0,4.0,5.0,,,,,,,,12.0,1.0,,4.0,,,1.0,,5.0,,1.0,1.0,1.0,1.0,1.0,1.0,1.0,1.0,1.0,1.0,,,,,,,6.0,3.0,3.0,3.0,3.0,5.0,6.0,6.0,4.0,2.0,65.0,60.0,60.0,40.0,50.0,60.0,60.0,50.0,40.0,50.0,2.0,1.0,2.0,2.0,2.0,1.0,1.0,2.0,2.0,1.0,1.0,1.0,2.0,2.0,1.0,2.0,1.0,1.0,1.0,2.0,1.0,1.0,1.0,1.0,1.0,2.0,2.0,1.0,2.0,1.0,1.0,2.0,2.0,1.0,1.0,2.0,1.0,2.0,2.0,1.0
1397,5,5,5,4,4,5,5,4,2,3,70.0,,,2.0,,,,,,,,6.0,,,1.0,1.0,,,,,2.0,5.0,5.0,,,,,15.0,1.0,,,4.0,,,1.0,5.0,,,,,,,,,,,,1.0,1.0,1.0,1.0,1.0,1.0,7.0,3.0,3.0,3.0,3.0,5.0,6.0,6.0,4.0,2.0,75.0,70.0,80.0,65.0,65.0,75.0,70.0,60.0,40.0,50.0,1.0,1.0,1.0,2.0,1.0,2.0,2.0,1.0,1.0,1.0,2.0,1.0,1.0,2.0,1.0,1.0,1.0,1.0,2.0,1.0,1.0,1.0,1.0,2.0,1.0,1.0,2.0,1.0,1.0,1.0,1.0,1.0,2.0,1.0,1.0,2.0,1.0,1.0,1.0,1.0
1171,4,4,4,2,3,4,4,3,2,2,,40.0,2.0,,,,,5.0,4.0,2.0,,6.0,1.0,54.0,,1.0,,,,,2.0,5.0,5.0,,,,,15.0,,1.0,,3.0,,1.0,,,5.0,1.0,1.0,1.0,1.0,1.0,1.0,1.0,1.0,1.0,1.0,,,,,,,6.0,3.0,3.0,3.0,3.0,5.0,6.0,6.0,3.0,2.0,65.0,60.0,60.0,40.0,45.0,60.0,60.0,45.0,35.0,35.0,1.0,2.0,1.0,1.0,2.0,2.0,2.0,1.0,1.0,1.0,2.0,1.0,1.0,1.0,2.0,1.0,1.0,1.0,2.0,1.0,1.0,1.0,2.0,1.0,1.0,1.0,1.0,1.0,1.0,1.0,1.0,1.0,1.0,1.0,1.0,1.0,2.0,1.0,1.0,1.0
1002,2,3,3,2,3,3,3,2,4,3,,30.0,,2.0,,,,,,,,6.0,,,1.0,1.0,,3.0,4.0,5.0,,,,,,,,15.0,1.0,,,,3.0,1.0,,5.0,,,,,,,,,,,,1.0,1.0,1.0,1.0,1.0,1.0,6.0,3.0,3.0,3.0,3.0,5.0,6.0,6.0,3.0,,,,,,,,,,,,1.0,2.0,1.0,1.0,1.0,2.0,1.0,2.0,1.0,2.0,1.0,1.0,1.0,2.0,1.0,1.0,1.0,1.0,2.0,1.0,1.0,2.0,2.0,1.0,2.0,2.0,1.0,1.0,2.0,2.0,2.0,2.0,1.0,1.0,1.0,1.0,2.0,1.0,1.0,1.0
797,5,5,5,5,5,5,5,5,2,2,,30.0,,2.0,5.0,4.0,2.0,,,,,6.0,1.0,54.0,,1.0,,2.0,5.0,5.0,,,,,,,,15.0,1.0,,,4.0,,,1.0,5.0,,1.0,1.0,1.0,1.0,1.0,1.0,1.0,1.0,1.0,1.0,,,,,,,7.0,3.0,2.0,2.0,3.0,5.0,6.0,6.0,4.0,2.0,75.0,75.0,80.0,80.0,75.0,80.0,75.0,70.0,40.0,40.0,1.0,1.0,1.0,2.0,2.0,1.0,2.0,2.0,1.0,1.0,1.0,1.0,2.0,1.0,1.0,2.0,2.0,2.0,2.0,2.0,2.0,1.0,2.0,2.0,2.0,2.0,1.0,2.0,2.0,1.0,1.0,1.0,1.0,1.0,2.0,1.0,1.0,2.0,1.0,2.0
571,4,4,4,2,3,4,4,3,2,2,70.0,,5.0,,,,,,,,6.0,,1.0,54.0,,1.0,,3.0,4.0,5.0,,,,,,,,15.0,1.0,,,4.0,,,1.0,,5.0,,,,,,,,,,,1.0,1.0,1.0,1.0,1.0,1.0,7.0,3.0,3.0,3.0,3.0,5.0,6.0,6.0,4.0,2.0,65.0,60.0,60.0,40.0,50.0,60.0,60.0,50.0,40.0,40.0,1.0,1.0,1.0,2.0,2.0,1.0,1.0,2.0,1.0,2.0,1.0,1.0,2.0,1.0,1.0,2.0,1.0,1.0,2.0,2.0,,,,,,,,,,,,,,,,,,,,
402,4,4,4,2,3,4,4,3,2,2,,30.0,2.0,,,,,5.0,4.0,2.0,,6.0,,,1.0,1.0,,,,,3.0,5.0,5.0,,,,,15.0,1.0,,,3.0,,1.0,,,5.0,,,,,,,,,,,1.0,1.0,1.0,1.0,1.0,1.0,7.0,3.0,4.0,3.0,3.0,5.0,6.0,6.0,4.0,2.0,65.0,60.0,60.0,40.0,45.0,60.0,60.0,45.0,35.0,35.0,1.0,1.0,2.0,1.0,2.0,2.0,1.0,1.0,1.0,1.0,2.0,1.0,1.0,1.0,1.0,2.0,2.0,2.0,1.0,1.0,1.0,1.0,1.0,1.0,2.0,2.0,2.0,1.0,1.0,1.0,2.0,1.0,1.0,1.0,1.0,1.0,2.0,1.0,1.0,1.0
1540,2,4,4,2,3,3,4,2,2,2,,30.0,2.0,,5.0,4.0,2.0,,,,,6.0,1.0,54.0,,1.0,,3.0,4.0,5.0,,,,,,,,15.0,1.0,,,4.0,,1.0,,,5.0,1.0,1.0,1.0,1.0,1.0,1.0,1.0,1.0,1.0,1.0,,,,,,,6.0,3.0,3.0,3.0,3.0,5.0,6.0,6.0,4.0,2.0,40.0,60.0,60.0,40.0,50.0,50.0,60.0,40.0,40.0,40.0,1.0,2.0,2.0,2.0,1.0,1.0,2.0,1.0,1.0,1.0,1.0,2.0,1.0,1.0,2.0,1.0,1.0,2.0,1.0,1.0,1.0,2.0,2.0,1.0,1.0,1.0,1.0,2.0,1.0,1.0,1.0,1.0,1.0,1.0,1.0,1.0,2.0,1.0,2.0,1.0
1433,4,4,4,2,3,4,4,3,2,3,70.0,,,2.0,,,,,,,6.0,,1.0,54.0,,,2.0,,,,2.0,4.0,5.0,,,,,15.0,,1.0,4.0,,,,1.0,,5.0,,,,,,,,,,,1.0,1.0,1.0,1.0,1.0,1.0,7.0,3.0,3.0,3.0,3.0,5.0,6.0,6.0,4.0,2.0,70.0,65.0,65.0,40.0,50.0,65.0,65.0,50.0,35.0,50.0,1.0,1.0,2.0,2.0,2.0,2.0,1.0,2.0,2.0,1.0,2.0,2.0,1.0,1.0,2.0,1.0,1.0,1.0,1.0,1.0,1.0,2.0,1.0,2.0,1.0,1.0,1.0,1.0,1.0,1.0,1.0,1.0,2.0,1.0,1.0,1.0,1.0,1.0,1.0,1.0
140,2,4,4,1,3,3,4,2,1,2,,30.0,,2.0,5.0,4.0,2.0,,,,,6.0,1.0,54.0,,1.0,,,,,,,,2.0,4.0,5.0,,15.0,1.0,,,,3.0,1.0,,,5.0,1.0,1.0,1.0,1.0,1.0,1.0,1.0,1.0,1.0,1.0,,,,,,,6.0,3.0,4.0,4.0,3.0,5.0,6.0,6.0,4.0,2.0,,,,,,,,,,,,,,,,,,,,,,,,,,,,,,,,,,,,,,,,,,,,,,,,,,
841,4,4,4,2,3,4,4,3,2,2,,40.0,2.0,,,,,,,,,6.0,,,1.0,1.0,,,,,3.0,4.0,5.0,,,,15.0,,,1.0,,3.0,,,1.0,,5.0,1.0,1.0,1.0,1.0,1.0,1.0,1.0,1.0,1.0,1.0,,,,,,,6.0,3.0,3.0,3.0,3.0,5.0,6.0,6.0,3.0,2.0,60.0,60.0,60.0,40.0,50.0,60.0,60.0,50.0,40.0,40.0,2.0,1.0,2.0,1.0,1.0,1.0,2.0,1.0,1.0,2.0,1.0,1.0,2.0,1.0,1.0,2.0,1.0,1.0,2.0,2.0,,,,,,,,,,,,,,,,,,,,
932,5,5,5,5,5,5,5,5,2,2,70.0,,5.0,,5.0,4.0,2.0,,,,,6.0,1.0,54.0,,,2.0,3.0,5.0,5.0,,,,,,,15.0,,1.0,,,4.0,,,1.0,5.0,,1.0,1.0,1.0,1.0,1.0,1.0,1.0,1.0,1.0,1.0,,,,,,,6.0,3.0,3.0,3.0,3.0,5.0,5.0,5.0,4.0,2.0,75.0,70.0,80.0,85.0,80.0,85.0,80.0,70.0,40.0,40.0,1.0,2.0,1.0,2.0,1.0,1.0,1.0,2.0,1.0,2.0,1.0,2.0,1.0,2.0,1.0,1.0,1.0,1.0,1.0,1.0,1.0,1.0,1.0,2.0,1.0,1.0,1.0,1.0,1.0,2.0,2.0,1.0,1.0,1.0,1.0,1.0,1.0,1.0,1.0,1.0
1767,4,4,4,2,3,4,4,3,2,2,,30.0,4.0,,5.0,4.0,2.0,,,,6.0,,,,1.0,,2.0,,,,2.0,5.0,5.0,,,,,10.0,,2.0,,,3.0,1.0,,,5.0,1.0,1.0,1.0,1.0,1.0,1.0,1.0,1.0,1.0,1.0,,,,,,,6.0,3.0,3.0,3.0,3.0,5.0,6.0,6.0,4.0,,,,,,,,,,,,1.0,1.0,1.0,2.0,1.0,1.0,1.0,1.0,1.0,1.0,2.0,1.0,2.0,2.0,1.0,1.0,1.0,1.0,2.0,1.0,1.0,2.0,1.0,2.0,1.0,1.0,1.0,2.0,2.0,1.0,1.0,1.0,1.0,1.0,1.0,1.0,1.0,1.0,1.0,1.0
1614,2,4,4,1,3,3,4,2,1,2,,30.0,2.0,,,,,5.0,4.0,2.0,,6.0,,,1.0,1.0,,3.0,4.0,5.0,,,,,,,15.0,,,1.0,,,3.0,1.0,,,5.0,1.0,1.0,1.0,1.0,1.0,1.0,1.0,1.0,1.0,1.0,,,,,,,6.0,3.0,2.0,3.0,3.0,5.0,6.0,6.0,3.0,2.0,40.0,60.0,60.0,30.0,45.0,45.0,60.0,40.0,25.0,30.0,1.0,1.0,1.0,1.0,2.0,1.0,1.0,1.0,2.0,1.0,1.0,1.0,1.0,2.0,1.0,1.0,1.0,2.0,1.0,1.0,1.0,1.0,1.0,2.0,1.0,2.0,2.0,1.0,2.0,1.0,1.0,2.0,1.0,2.0,1.0,1.0,2.0,1.0,1.0,1.0
1581,5,5,5,4,4,5,5,5,2,2,70.0,,5.0,,,,,5.0,4.0,2.0,,6.0,,,1.0,,2.0,,,,,,,2.0,5.0,5.0,15.0,,,1.0,,3.0,,,1.0,,5.0,1.0,1.0,1.0,1.0,1.0,1.0,1.0,1.0,1.0,1.0,,,,,,,6.0,3.0,2.0,2.0,3.0,5.0,6.0,6.0,4.0,,,,,,,,,,,,2.0,1.0,2.0,1.0,1.0,1.0,2.0,2.0,1.0,2.0,1.0,2.0,2.0,1.0,2.0,2.0,1.0,1.0,1.0,1.0,2.0,1.0,1.0,1.0,1.0,2.0,1.0,1.0,1.0,1.0,1.0,2.0,2.0,1.0,1.0,1.0,2.0,1.0,1.0,1.0
1008,4,4,4,2,3,4,4,3,2,2,70.0,,,2.0,,,,,,,,6.0,,,1.0,1.0,,,,,,,,2.0,4.0,5.0,15.0,,,1.0,,,2.0,1.0,,,5.0,,,,,,,,,,,1.0,1.0,1.0,1.0,1.0,1.0,6.0,3.0,2.0,3.0,3.0,5.0,6.0,5.0,3.0,,,,,,,,,,,,2.0,1.0,2.0,1.0,2.0,2.0,1.0,2.0,2.0,1.0,1.0,1.0,1.0,2.0,1.0,1.0,1.0,1.0,1.0,1.0,1.0,1.0,1.0,1.0,1.0,1.0,1.0,1.0,2.0,2.0,2.0,1.0,1.0,2.0,2.0,1.0,1.0,1.0,1.0,1.0
367,4,4,4,2,3,4,4,2,2,2,,30.0,5.0,,4.0,3.0,2.0,,,,6.0,,,,1.0,,2.0,3.0,4.0,5.0,,,,,,,,12.0,,1.0,,3.0,,1.0,,5.0,,1.0,1.0,1.0,1.0,1.0,1.0,1.0,1.0,1.0,1.0,,,,,,,6.0,3.0,2.0,3.0,3.0,5.0,6.0,6.0,3.0,2.0,65.0,60.0,60.0,40.0,50.0,60.0,60.0,40.0,40.0,40.0,1.0,1.0,2.0,1.0,1.0,2.0,1.0,1.0,2.0,1.0,1.0,1.0,1.0,2.0,1.0,1.0,1.0,1.0,2.0,2.0,1.0,1.0,1.0,1.0,1.0,1.0,1.0,2.0,2.0,2.0,1.0,1.0,1.0,1.0,1.0,1.0,2.0,1.0,1.0,2.0
214,2,3,3,2,3,3,3,2,2,2,70.0,,5.0,,5.0,4.0,3.0,,,,,6.0,,,1.0,,2.0,3.0,4.0,5.0,,,,,,,,15.0,,1.0,4.0,,,,1.0,,5.0,,,,,,,,,,,1.0,1.0,1.0,1.0,1.0,1.0,7.0,3.0,3.0,3.0,3.0,5.0,6.0,6.0,3.0,2.0,40.0,50.0,50.0,40.0,50.0,50.0,50.0,40.0,40.0,40.0,2.0,1.0,1.0,2.0,1.0,1.0,2.0,1.0,2.0,1.0,1.0,2.0,2.0,1.0,2.0,1.0,1.0,1.0,1.0,2.0,1.0,2.0,1.0,2.0,1.0,1.0,2.0,1.0,2.0,1.0,1.0,1.0,1.0,2.0,2.0,1.0,1.0,2.0,1.0,2.0
181,5,5,5,4,4,5,5,4,2,2,,30.0,,2.0,,,,,,,,6.0,,,1.0,1.0,,,,,,,,2.0,5.0,5.0,15.0,,1.0,,,,,,,,,,,,,,,,,,,,,,,,,,,,,,,,,,,,,,,,,,,,,,,,,,,,,,,,,,,,,,,,,,,,,,,,,,,,,,,,,,,,
408,5,5,5,5,5,5,5,5,1,1,,30.0,6.0,,5.0,4.0,2.0,,,,,6.0,1.0,54.0,,,2.0,3.0,5.0,5.0,,,,,,,15.0,,1.0,,4.0,,,1.0,,5.0,,,,,,,,,,,,1.0,1.0,1.0,1.0,1.0,1.0,7.0,3.0,3.0,3.0,3.0,5.0,6.0,6.0,4.0,2.0,75.0,75.0,75.0,75.0,75.0,75.0,75.0,75.0,25.0,25.0,2.0,1.0,1.0,2.0,2.0,1.0,1.0,2.0,1.0,1.0,2.0,1.0,2.0,2.0,1.0,1.0,1.0,1.0,1.0,2.0,2.0,2.0,2.0,2.0,2.0,1.0,2.0,1.0,2.0,2.0,2.0,1.0,1.0,2.0,2.0,1.0,1.0,2.0,1.0,1.0
880,5,5,5,5,5,5,5,5,1,3,30.0,,5.0,,,,,5.0,4.0,2.0,6.0,,,,1.0,,2.0,,,,2.0,5.0,5.0,,,,10.0,,1.0,,,,3.0,,1.0,5.0,,1.0,1.0,1.0,1.0,1.0,1.0,1.0,1.0,1.0,1.0,,,,,,,7.0,3.0,4.0,3.0,3.0,5.0,6.0,6.0,,,,,,,,,,,,,1.0,2.0,2.0,1.0,1.0,1.0,2.0,1.0,2.0,2.0,1.0,2.0,1.0,1.0,2.0,1.0,1.0,1.0,1.0,1.0,1.0,1.0,2.0,2.0,1.0,1.0,1.0,1.0,1.0,1.0,2.0,1.0,1.0,1.0,1.0,1.0,1.0,1.0,1.0,1.0
16,2,3,3,2,3,3,3,2,4,2,70.0,,2.0,,4.0,4.0,3.0,,,,,6.0,1.0,54.0,,,2.0,,,,,,,3.0,4.0,5.0,15.0,,1.0,,,,3.0,1.0,,,5.0,1.0,1.0,1.0,1.0,1.0,1.0,1.0,1.0,1.0,1.0,,,,,,,6.0,3.0,3.0,3.0,3.0,5.0,6.0,6.0,3.0,,,,,,,,,,,,1.0,1.0,2.0,2.0,1.0,2.0,2.0,1.0,2.0,1.0,1.0,2.0,1.0,1.0,1.0,1.0,1.0,1.0,1.0,2.0,2.0,2.0,1.0,1.0,1.0,1.0,1.0,1.0,1.0,1.0,1.0,1.0,2.0,1.0,2.0,1.0,2.0,1.0,1.0,1.0
1909,5,4,5,4,4,5,5,4,2,3,70.0,,,2.0,,,,,,,,6.0,1.0,54.0,,,2.0,,,,2.0,5.0,5.0,,,,,15.0,,1.0,4.0,,,,1.0,5.0,,,,,,,,,,,,1.0,1.0,1.0,1.0,1.0,1.0,7.0,3.0,3.0,3.0,3.0,5.0,6.0,6.0,4.0,2.0,75.0,70.0,80.0,65.0,65.0,80.0,75.0,70.0,40.0,50.0,1.0,2.0,1.0,1.0,2.0,2.0,1.0,1.0,1.0,1.0,2.0,1.0,1.0,2.0,1.0,2.0,1.0,1.0,2.0,1.0,2.0,2.0,1.0,2.0,1.0,1.0,1.0,1.0,1.0,1.0,1.0,1.0,1.0,2.0,1.0,2.0,1.0,1.0,1.0,1.0
1487,2,3,3,1,2,3,3,1,1,1,70.0,,5.0,,,,,5.0,4.0,2.0,6.0,,1.0,54.0,,,2.0,,,,,,,2.0,4.0,5.0,15.0,,1.0,,4.0,,,1.0,,,5.0,,,,,,,,,,,1.0,1.0,1.0,1.0,1.0,1.0,7.0,3.0,2.0,2.0,3.0,5.0,6.0,6.0,4.0,2.0,40.0,50.0,50.0,20.0,30.0,50.0,50.0,20.0,20.0,20.0,1.0,2.0,2.0,1.0,2.0,1.0,1.0,1.0,2.0,1.0,1.0,2.0,2.0,1.0,1.0,1.0,2.0,1.0,2.0,2.0,1.0,2.0,1.0,1.0,2.0,2.0,2.0,1.0,1.0,2.0,1.0,2.0,1.0,1.0,1.0,2.0,1.0,1.0,2.0,2.0
1712,5,5,5,5,5,5,5,5,1,2,,30.0,6.0,,5.0,4.0,2.0,,,,,6.0,1.0,54.0,,,2.0,2.0,5.0,5.0,,,,,,,,15.0,,1.0,4.0,,,,1.0,,5.0,1.0,1.0,1.0,1.0,1.0,1.0,1.0,1.0,1.0,1.0,,,,,,,7.0,3.0,3.0,3.0,3.0,5.0,6.0,6.0,4.0,2.0,75.0,75.0,80.0,80.0,80.0,80.0,80.0,75.0,30.0,40.0,2.0,1.0,1.0,1.0,1.0,1.0,2.0,1.0,2.0,2.0,1.0,1.0,1.0,1.0,1.0,1.0,1.0,2.0,2.0,2.0,1.0,2.0,2.0,1.0,1.0,2.0,1.0,1.0,1.0,1.0,2.0,1.0,1.0,1.0,1.0,2.0,1.0,1.0,1.0,2.0
1661,5,5,5,4,4,5,5,5,2,3,,30.0,5.0,,5.0,4.0,2.0,,,,6.0,,1.0,54.0,,1.0,,,,,,,,2.0,5.0,5.0,,15.0,1.0,,,4.0,,1.0,,,5.0,,,,,,,,,,,1.0,1.0,1.0,1.0,1.0,1.0,6.0,3.0,3.0,3.0,4.0,5.0,5.0,5.0,4.0,2.0,75.0,75.0,75.0,65.0,65.0,75.0,75.0,75.0,40.0,50.0,1.0,2.0,1.0,1.0,2.0,1.0,2.0,1.0,2.0,1.0,1.0,1.0,1.0,1.0,1.0,2.0,2.0,1.0,2.0,1.0,1.0,2.0,1.0,1.0,1.0,1.0,1.0,2.0,1.0,1.0,1.0,1.0,1.0,1.0,2.0,2.0,1.0,1.0,2.0,2.0
312,4,4,4,2,3,4,4,2,2,2,,30.0,,2.0,,,,,,,6.0,,1.0,54.0,,,2.0,,,,2.0,4.0,5.0,,,,15.0,,,1.0,,,,,,,,,,,,,,,,,,,,,,,,,,,,,,,,,,,,,,,,,,,,,,,,,,,,,,,,,,,,,,,,,,,,,,,,,,,,,,,,,,,
261,2,3,3,1,2,2,3,2,1,1,70.0,,,2.0,,,,,,,,6.0,1.0,54.0,,,2.0,3.0,4.0,5.0,,,,,,,15.0,,,1.0,4.0,,,1.0,,,5.0,,,,,,,,,,,1.0,1.0,1.0,1.0,1.0,1.0,6.0,3.0,3.0,3.0,3.0,5.0,6.0,6.0,,,,,,,,,,,,,,,,,,,,,,,,,,,,,,,,,,,,,,,,,,,,,,,,,,,,
2012,2,3,3,1,2,3,3,2,1,2,,30.0,5.0,,5.0,4.0,2.0,,,,,6.0,1.0,54.0,,,2.0,,,,2.0,4.0,5.0,,,,,15.0,1.0,,4.0,,,1.0,,5.0,,,,,,,,,,,,1.0,1.0,1.0,1.0,1.0,1.0,6.0,3.0,3.0,3.0,4.0,5.0,5.0,5.0,,,,,,,,,,,,,2.0,2.0,2.0,1.0,2.0,2.0,1.0,2.0,2.0,1.0,2.0,1.0,1.0,1.0,2.0,1.0,2.0,1.0,1.0,1.0,,,,,,,,,,,,,,,,,,,,
986,4,4,4,2,3,4,4,3,2,2,70.0,,2.0,,5.0,4.0,2.0,,,,,6.0,,,1.0,1.0,,,,,3.0,4.0,5.0,,,,,10.0,1.0,,,,3.0,,1.0,,5.0,,,,,,,,,,,1.0,1.0,1.0,1.0,1.0,1.0,6.0,3.0,3.0,3.0,3.0,5.0,5.0,5.0,4.0,2.0,65.0,60.0,60.0,40.0,50.0,60.0,60.0,50.0,40.0,40.0,1.0,1.0,1.0,2.0,1.0,1.0,2.0,1.0,2.0,2.0,1.0,2.0,1.0,1.0,1.0,2.0,1.0,1.0,1.0,1.0,1.0,2.0,1.0,1.0,1.0,1.0,1.0,2.0,1.0,1.0,1.0,1.0,2.0,1.0,1.0,1.0,1.0,1.0,1.0,2.0
63,1,2,2,1,2,1,2,1,1,1,70.0,,2.0,,5.0,4.0,2.0,,,,6.0,,,,1.0,,2.0,,,,2.0,4.0,5.0,,,,,15.0,1.0,,,,2.0,,1.0,,5.0,1.0,1.0,1.0,1.0,1.0,1.0,1.0,1.0,1.0,1.0,,,,,,,6.0,3.0,2.0,2.0,3.0,5.0,6.0,6.0,3.0,2.0,20.0,30.0,30.0,15.0,25.0,15.0,30.0,10.0,10.0,10.0,2.0,2.0,1.0,1.0,2.0,1.0,2.0,1.0,2.0,1.0,2.0,1.0,1.0,2.0,1.0,2.0,2.0,1.0,2.0,2.0,1.0,1.0,1.0,1.0,1.0,1.0,2.0,1.0,1.0,2.0,1.0,2.0,2.0,1.0,1.0,1.0,2.0,2.0,1.0,1.0
1329,5,4,5,5,4,5,5,5,2,2,,30.0,5.0,,,,,5.0,4.0,2.0,,6.0,1.0,54.0,,1.0,,3.0,5.0,5.0,,,,,,,,15.0,1.0,,4.0,,,,1.0,5.0,,,,,,,,,,,,1.0,1.0,1.0,1.0,1.0,1.0,7.0,3.0,3.0,3.0,3.0,5.0,6.0,6.0,4.0,2.0,75.0,65.0,80.0,75.0,65.0,80.0,75.0,75.0,40.0,40.0,2.0,1.0,1.0,1.0,1.0,1.0,1.0,2.0,1.0,1.0,1.0,2.0,1.0,2.0,1.0,2.0,2.0,2.0,1.0,2.0,2.0,1.0,2.0,1.0,2.0,2.0,1.0,1.0,1.0,1.0,2.0,1.0,1.0,1.0,1.0,1.0,1.0,1.0,1.0,1.0
1535,2,3,3,1,2,3,3,2,1,1,,30.0,,2.0,,,,,,,6.0,,,,1.0,,2.0,2.0,4.0,5.0,,,,,,,15.0,,1.0,,4.0,,,1.0,,,5.0,,,,,,,,,,,1.0,1.0,1.0,1.0,1.0,1.0,7.0,3.0,2.0,2.0,3.0,5.0,6.0,6.0,3.0,,,,,,,,,,,,2.0,2.0,1.0,1.0,2.0,1.0,1.0,2.0,1.0,2.0,1.0,1.0,2.0,2.0,2.0,1.0,1.0,1.0,1.0,1.0,1.0,1.0,2.0,2.0,1.0,1.0,1.0,1.0,1.0,1.0,2.0,1.0,1.0,1.0,1.0,1.0,1.0,2.0,1.0,1.0
1446,5,5,5,5,5,5,5,5,2,2,,30.0,5.0,,5.0,4.0,2.0,,,,,6.0,,,1.0,1.0,,3.0,5.0,5.0,,,,,,,15.0,,,1.0,,,3.0,1.0,,,5.0,1.0,1.0,1.0,1.0,1.0,1.0,1.0,1.0,1.0,1.0,,,,,,,6.0,3.0,3.0,3.0,3.0,5.0,6.0,6.0,4.0,,,,,,,,,,,,2.0,1.0,1.0,1.0,2.0,1.0,2.0,1.0,1.0,1.0,1.0,2.0,1.0,1.0,1.0,1.0,1.0,1.0,1.0,1.0,1.0,1.0,1.0,1.0,1.0,2.0,1.0,1.0,2.0,1.0,2.0,1.0,1.0,1.0,1.0,1.0,1.0,1.0,1.0,1.0
729,4,4,5,5,4,5,5,4,2,3,,30.0,5.0,,,,,5.0,4.0,2.0,,6.0,1.0,54.0,,,2.0,,,,2.0,5.0,5.0,,,,,15.0,1.0,,,3.0,,,1.0,5.0,,1.0,1.0,1.0,1.0,1.0,1.0,1.0,1.0,1.0,1.0,,,,,,,6.0,3.0,3.0,3.0,3.0,5.0,6.0,6.0,3.0,2.0,70.0,65.0,75.0,70.0,65.0,75.0,70.0,65.0,40.0,50.0,1.0,1.0,1.0,2.0,2.0,1.0,1.0,2.0,2.0,1.0,1.0,1.0,1.0,1.0,2.0,1.0,1.0,1.0,2.0,1.0,1.0,2.0,2.0,1.0,2.0,1.0,1.0,2.0,1.0,1.0,1.0,1.0,1.0,2.0,,,,,,
135,5,5,5,5,4,5,5,5,1,2,,30.0,5.0,,5.0,4.0,2.0,,,,6.0,,,,1.0,1.0,,3.0,5.0,5.0,,,,,,,,15.0,1.0,,4.0,,,,1.0,,5.0,,,,,,,,,,,1.0,1.0,1.0,1.0,1.0,1.0,7.0,3.0,3.0,3.0,3.0,5.0,6.0,6.0,4.0,2.0,75.0,70.0,80.0,75.0,65.0,80.0,75.0,70.0,30.0,40.0,1.0,2.0,2.0,1.0,1.0,2.0,2.0,2.0,2.0,1.0,1.0,2.0,2.0,2.0,1.0,2.0,2.0,2.0,1.0,1.0,2.0,1.0,1.0,1.0,2.0,2.0,2.0,2.0,2.0,2.0,2.0,2.0,2.0,2.0,1.0,2.0,1.0,1.0,2.0,2.0
834,3,4,4,2,3,4,4,3,2,2,70.0,,,2.0,4.0,5.0,2.0,,,,6.0,,1.0,54.0,,,2.0,3.0,4.0,5.0,,,,,,,,15.0,,1.0,,,3.0,,1.0,,5.0,1.0,1.0,1.0,1.0,1.0,1.0,1.0,1.0,1.0,1.0,,,,,,,6.0,3.0,3.0,3.0,3.0,5.0,6.0,6.0,3.0,2.0,50.0,60.0,60.0,40.0,50.0,60.0,60.0,50.0,40.0,40.0,1.0,1.0,2.0,2.0,2.0,1.0,2.0,1.0,2.0,1.0,1.0,1.0,1.0,1.0,2.0,2.0,1.0,1.0,1.0,2.0,2.0,1.0,1.0,1.0,2.0,1.0,1.0,2.0,2.0,2.0,1.0,2.0,1.0,2.0,2.0,1.0,1.0,2.0,1.0,1.0
947,5,5,5,3,4,5,5,4,2,2,70.0,,5.0,,,,,5.0,4.0,2.0,6.0,,,,1.0,,2.0,,,,,,,3.0,5.0,5.0,15.0,,1.0,,,4.0,,1.0,,,5.0,1.0,1.0,1.0,1.0,1.0,1.0,1.0,1.0,1.0,1.0,,,,,,,7.0,3.0,3.0,3.0,3.0,5.0,6.0,6.0,3.0,,,,,,,,,,,,2.0,2.0,2.0,2.0,2.0,1.0,1.0,1.0,1.0,1.0,1.0,1.0,1.0,1.0,1.0,1.0,2.0,1.0,1.0,1.0,2.0,1.0,1.0,1.0,1.0,1.0,1.0,1.0,2.0,1.0,1.0,1.0,1.0,1.0,1.0,1.0,1.0,1.0,2.0,1.0
538,1,2,2,1,2,2,2,1,1,1,70.0,,2.0,,5.0,4.0,2.0,,,,,6.0,,,1.0,1.0,,2.0,4.0,5.0,,,,,,,,15.0,,1.0,,,3.0,1.0,,,5.0,1.0,1.0,1.0,1.0,1.0,1.0,1.0,1.0,1.0,1.0,,,,,,,6.0,2.0,3.0,3.0,3.0,5.0,6.0,6.0,4.0,,,,,,,,,,,,2.0,1.0,1.0,2.0,2.0,2.0,1.0,2.0,1.0,1.0,1.0,2.0,1.0,2.0,1.0,1.0,1.0,1.0,1.0,2.0,,,,,,,,,,,,,,,,,,,,
324,5,5,5,4,4,5,5,5,2,2,70.0,,5.0,,,,,5.0,4.0,2.0,,6.0,,,1.0,1.0,,3.0,5.0,5.0,,,,,,,15.0,,1.0,,4.0,,,,,,,,,,,,,,,,,,,,,,,,,,,,,,,,,,,,,,,,,,,,,,,,,,,,,,,,,,,,,,,,,,,,,,,,,,,,,,,,,,
257,2,3,3,1,2,2,3,1,1,1,,30.0,,2.0,5.0,4.0,2.0,,,,,6.0,,,1.0,,2.0,,,,2.0,4.0,5.0,,,,15.0,,1.0,,4.0,,,,1.0,,5.0,1.0,1.0,1.0,1.0,1.0,1.0,1.0,1.0,1.0,1.0,,,,,,,6.0,3.0,2.0,3.0,3.0,5.0,6.0,5.0,3.0,2.0,40.0,50.0,50.0,20.0,30.0,30.0,50.0,20.0,20.0,20.0,2.0,2.0,2.0,1.0,2.0,1.0,2.0,2.0,2.0,1.0,1.0,1.0,1.0,2.0,1.0,1.0,1.0,1.0,1.0,1.0,2.0,1.0,1.0,1.0,1.0,1.0,1.0,1.0,1.0,1.0,1.0,2.0,2.0,1.0,1.0,1.0,1.0,1.0,2.0,1.0
1138,1,2,2,1,2,1,2,1,4,4,70.0,,,1.0,5.0,4.0,3.0,,,,,7.0,1.0,54.0,,1.0,,,,,2.0,5.0,5.0,,,,,15.0,,1.0,4.0,,,,1.0,,5.0,,,,,,,,,,,1.0,1.0,1.0,1.0,1.0,1.0,6.0,2.0,3.0,3.0,3.0,5.0,6.0,6.0,4.0,2.0,20.0,30.0,30.0,15.0,25.0,15.0,25.0,15.0,50.0,50.0,1.0,2.0,2.0,2.0,1.0,1.0,1.0,1.0,2.0,2.0,2.0,2.0,1.0,2.0,2.0,1.0,2.0,1.0,2.0,2.0,1.0,2.0,1.0,1.0,1.0,1.0,1.0,2.0,2.0,1.0,2.0,1.0,1.0,1.0,1.0,1.0,1.0,1.0,1.0,1.0
1724,4,4,4,3,3,4,4,3,2,3,70.0,,5.0,,5.0,4.0,2.0,,,,6.0,,,,1.0,1.0,,,,,2.0,4.0,5.0,,,,,15.0,,1.0,3.0,,,1.0,,,5.0,1.0,1.0,1.0,1.0,1.0,1.0,1.0,1.0,1.0,1.0,,,,,,,6.0,3.0,3.0,3.0,3.0,5.0,6.0,6.0,3.0,2.0,70.0,65.0,65.0,50.0,50.0,65.0,65.0,50.0,40.0,50.0,1.0,2.0,1.0,1.0,2.0,1.0,1.0,1.0,1.0,1.0,1.0,1.0,2.0,1.0,2.0,2.0,1.0,1.0,1.0,1.0,1.0,1.0,1.0,2.0,1.0,1.0,1.0,1.0,2.0,2.0,1.0,2.0,2.0,1.0,1.0,1.0,1.0,1.0,1.0,1.0
1657,5,5,5,4,4,5,5,4,2,2,,30.0,5.0,,5.0,4.0,2.0,,,,,6.0,,,1.0,,2.0,,,,,,,2.0,5.0,5.0,15.0,,,1.0,,4.0,,,1.0,,5.0,,,,,,,,,,,1.0,1.0,1.0,1.0,1.0,1.0,7.0,3.0,3.0,3.0,3.0,5.0,6.0,6.0,4.0,2.0,70.0,70.0,70.0,60.0,60.0,70.0,70.0,60.0,40.0,40.0,1.0,1.0,1.0,2.0,2.0,2.0,1.0,1.0,1.0,1.0,2.0,1.0,1.0,2.0,1.0,1.0,1.0,1.0,1.0,1.0,1.0,2.0,1.0,1.0,1.0,1.0,2.0,2.0,1.0,1.0,2.0,2.0,1.0,2.0,1.0,2.0,1.0,1.0,2.0,1.0
1839,5,5,5,4,4,5,5,5,2,2,,30.0,6.0,,5.0,4.0,2.0,,,,6.0,,1.0,54.0,,1.0,,3.0,5.0,5.0,,,,,,,15.0,,,1.0,,3.0,,1.0,,5.0,,,,,,,,,,,,1.0,1.0,1.0,1.0,1.0,1.0,7.0,3.0,4.0,3.0,3.0,5.0,6.0,6.0,4.0,2.0,75.0,70.0,80.0,65.0,60.0,75.0,70.0,70.0,40.0,40.0,1.0,1.0,1.0,1.0,2.0,2.0,1.0,2.0,1.0,2.0,1.0,1.0,2.0,2.0,2.0,2.0,1.0,1.0,1.0,1.0,1.0,1.0,1.0,1.0,1.0,1.0,1.0,1.0,2.0,1.0,1.0,1.0,1.0,2.0,1.0,2.0,2.0,1.0,1.0,1.0
2024,5,5,5,5,5,5,5,5,1,1,30.0,,5.0,,,,,5.0,4.0,2.0,,6.0,,,1.0,,2.0,3.0,5.0,5.0,,,,,,,,15.0,1.0,,4.0,,,2.0,,5.0,,1.0,1.0,1.0,1.0,1.0,1.0,1.0,1.0,1.0,1.0,,,,,,,7.0,3.0,3.0,3.0,3.0,5.0,6.0,6.0,4.0,2.0,85.0,85.0,85.0,85.0,85.0,85.0,85.0,85.0,20.0,20.0,1.0,1.0,1.0,1.0,2.0,1.0,1.0,1.0,1.0,1.0,1.0,1.0,1.0,1.0,1.0,1.0,1.0,1.0,1.0,1.0,1.0,1.0,1.0,1.0,2.0,1.0,1.0,1.0,1.0,2.0,2.0,1.0,1.0,1.0,1.0,1.0,1.0,1.0,1.0,1.0
55,5,5,5,5,5,5,5,5,1,2,,30.0,5.0,,5.0,4.0,2.0,,,,,6.0,1.0,54.0,,1.0,,,,,2.0,5.0,5.0,,,,,10.0,,1.0,,4.0,,1.0,,,5.0,,,,,,,,,,,1.0,1.0,1.0,1.0,1.0,1.0,7.0,3.0,3.0,3.0,3.0,5.0,6.0,6.0,4.0,2.0,75.0,70.0,75.0,70.0,70.0,75.0,70.0,65.0,30.0,40.0,1.0,2.0,1.0,2.0,1.0,1.0,1.0,1.0,1.0,1.0,1.0,1.0,2.0,1.0,1.0,1.0,2.0,2.0,1.0,2.0,1.0,1.0,1.0,1.0,1.0,1.0,1.0,2.0,2.0,2.0,2.0,1.0,1.0,1.0,1.0,1.0,1.0,1.0,2.0,1.0
296,4,4,4,2,3,4,4,2,2,3,,30.0,5.0,,5.0,4.0,2.0,,,,6.0,,,,1.0,,2.0,,,,,,,2.0,5.0,5.0,15.0,,1.0,,4.0,,,1.0,,,5.0,,,,,,,,,,,1.0,1.0,1.0,1.0,1.0,1.0,6.0,3.0,3.0,3.0,3.0,5.0,6.0,6.0,4.0,2.0,65.0,60.0,60.0,40.0,50.0,60.0,60.0,40.0,40.0,50.0,1.0,1.0,2.0,2.0,1.0,1.0,2.0,2.0,1.0,2.0,2.0,2.0,1.0,1.0,1.0,1.0,1.0,1.0,1.0,1.0,1.0,1.0,1.0,2.0,1.0,1.0,1.0,2.0,1.0,2.0,1.0,1.0,1.0,1.0,1.0,1.0,1.0,2.0,1.0,1.0
103,5,5,5,1,3,4,5,4,1,2,,30.0,5.0,,,,,,,,7.0,,,,1.0,1.0,,,,,3.0,5.0,5.0,,,,,15.0,,1.0,,4.0,,1.0,,5.0,,,,,,,,,,,,1.0,1.0,1.0,1.0,1.0,1.0,7.0,3.0,4.0,4.0,3.0,5.0,6.0,6.0,4.0,2.0,75.0,75.0,75.0,30.0,50.0,60.0,75.0,60.0,30.0,40.0,1.0,1.0,1.0,1.0,1.0,2.0,1.0,2.0,1.0,1.0,2.0,2.0,1.0,1.0,1.0,1.0,1.0,1.0,2.0,1.0,1.0,1.0,1.0,1.0,1.0,1.0,1.0,1.0,2.0,1.0,1.0,1.0,2.0,1.0,1.0,1.0,1.0,1.0,1.0,1.0
1696,5,5,5,4,4,5,5,5,2,2,,30.0,5.0,,,,,5.0,4.0,2.0,,6.0,,,1.0,,2.0,,,,2.0,5.0,5.0,,,,,12.0,,1.0,,,3.0,1.0,,,5.0,,,,,,,,,,,1.0,1.0,1.0,1.0,1.0,1.0,7.0,3.0,3.0,3.0,3.0,5.0,6.0,6.0,3.0,2.0,75.0,70.0,75.0,60.0,60.0,75.0,75.0,70.0,40.0,40.0,1.0,1.0,1.0,2.0,1.0,1.0,1.0,2.0,1.0,1.0,1.0,1.0,1.0,2.0,1.0,1.0,1.0,1.0,1.0,1.0,1.0,1.0,1.0,1.0,1.0,1.0,1.0,2.0,2.0,1.0,1.0,1.0,1.0,1.0,2.0,1.0,1.0,1.0,1.0,1.0
1503,2,4,4,2,3,4,4,2,3,3,,30.0,5.0,,5.0,4.0,2.0,,,,,6.0,,,1.0,,2.0,,,,,,,3.0,4.0,5.0,15.0,,,1.0,4.0,,,1.0,,5.0,,1.0,1.0,1.0,1.0,1.0,1.0,1.0,1.0,1.0,1.0,,,,,,,6.0,3.0,3.0,3.0,3.0,5.0,6.0,6.0,3.0,,,,,,,,,,,,1.0,2.0,1.0,2.0,2.0,1.0,2.0,1.0,1.0,1.0,2.0,1.0,1.0,2.0,1.0,1.0,2.0,1.0,1.0,1.0,1.0,1.0,1.0,1.0,2.0,2.0,1.0,2.0,2.0,2.0,1.0,1.0,1.0,1.0,2.0,2.0,1.0,1.0,1.0,1.0
1470,5,5,5,5,5,5,5,5,2,2,70.0,,,2.0,5.0,4.0,2.0,,,,6.0,,1.0,54.0,,1.0,,,,,3.0,5.0,6.0,,,,,15.0,,1.0,,4.0,,,1.0,,5.0,,,,,,,,,,,1.0,1.0,1.0,1.0,1.0,1.0,7.0,3.0,3.0,3.0,3.0,5.0,6.0,6.0,4.0,2.0,75.0,75.0,80.0,70.0,70.0,75.0,80.0,70.0,40.0,40.0,1.0,1.0,2.0,1.0,2.0,1.0,1.0,2.0,2.0,1.0,1.0,2.0,1.0,1.0,2.0,1.0,2.0,2.0,2.0,1.0,1.0,2.0,2.0,2.0,2.0,1.0,1.0,1.0,2.0,2.0,1.0,1.0,1.0,1.0,2.0,2.0,1.0,1.0,2.0,2.0
802,2,4,4,1,3,3,4,2,1,2,,30.0,2.0,,,,,5.0,4.0,2.0,6.0,,,,1.0,1.0,,,,,2.0,5.0,5.0,,,,,15.0,1.0,,,,3.0,1.0,,5.0,,1.0,1.0,1.0,1.0,1.0,1.0,1.0,1.0,1.0,1.0,,,,,,,6.0,3.0,3.0,3.0,3.0,5.0,5.0,5.0,3.0,2.0,40.0,60.0,60.0,20.0,40.0,40.0,60.0,30.0,20.0,30.0,1.0,2.0,1.0,1.0,2.0,1.0,1.0,2.0,1.0,1.0,1.0,1.0,2.0,2.0,1.0,1.0,1.0,2.0,2.0,1.0,1.0,2.0,2.0,1.0,1.0,1.0,1.0,1.0,1.0,1.0,1.0,1.0,1.0,1.0,2.0,2.0,1.0,1.0,1.0,1.0
971,5,5,5,4,4,5,5,4,2,2,,30.0,5.0,,5.0,4.0,3.0,,,,,6.0,1.0,54.0,,1.0,,3.0,5.0,5.0,,,,,,,,15.0,,1.0,4.0,,,,1.0,5.0,,,,,,,,,,,,1.0,1.0,1.0,1.0,1.0,1.0,7.0,3.0,3.0,3.0,3.0,5.0,6.0,6.0,4.0,2.0,75.0,70.0,75.0,60.0,60.0,75.0,75.0,65.0,40.0,40.0,1.0,1.0,1.0,1.0,2.0,1.0,1.0,1.0,1.0,1.0,1.0,1.0,2.0,1.0,1.0,1.0,1.0,1.0,1.0,1.0,1.0,1.0,1.0,1.0,1.0,2.0,1.0,1.0,2.0,1.0,1.0,1.0,1.0,1.0,1.0,1.0,1.0,1.0,1.0,1.0
94,5,5,5,4,4,5,5,5,2,3,70.0,,,2.0,,,,,,,6.0,,,,1.0,1.0,,3.0,5.0,5.0,,,,,,,,12.0,1.0,,5.0,,,,1.0,,5.0,1.0,1.0,1.0,1.0,1.0,1.0,1.0,1.0,1.0,1.0,,,,,,,6.0,3.0,3.0,3.0,3.0,5.0,6.0,6.0,4.0,2.0,75.0,75.0,75.0,65.0,65.0,75.0,75.0,75.0,40.0,50.0,2.0,1.0,1.0,2.0,1.0,1.0,2.0,2.0,2.0,1.0,1.0,1.0,2.0,1.0,1.0,1.0,1.0,2.0,1.0,1.0,1.0,2.0,1.0,1.0,1.0,2.0,1.0,2.0,1.0,2.0,1.0,1.0,1.0,1.0,1.0,2.0,1.0,1.0,1.0,1.0
176,5,5,5,5,5,5,5,5,2,2,70.0,,5.0,,,,,4.0,4.0,2.0,6.0,,1.0,54.0,,,2.0,2.0,5.0,5.0,,,,,,,15.0,,,1.0,,3.0,,1.0,,5.0,,1.0,1.0,1.0,1.0,1.0,1.0,1.0,1.0,1.0,1.0,,,,,,,6.0,3.0,3.0,3.0,3.0,5.0,6.0,6.0,4.0,2.0,75.0,75.0,80.0,80.0,80.0,75.0,80.0,70.0,40.0,40.0,2.0,1.0,1.0,1.0,2.0,1.0,1.0,1.0,1.0,2.0,1.0,2.0,1.0,1.0,1.0,2.0,2.0,1.0,1.0,1.0,1.0,1.0,1.0,2.0,2.0,1.0,1.0,1.0,2.0,1.0,1.0,1.0,1.0,1.0,1.0,1.0,1.0,1.0,1.0,1.0
390,2,3,3,1,2,2,3,1,4,2,,30.0,,2.0,,,,,,,6.0,,1.0,54.0,,,2.0,,,,,,,2.0,4.0,5.0,,15.0,1.0,,4.0,,,1.0,,5.0,,1.0,1.0,1.0,1.0,1.0,1.0,1.0,1.0,1.0,1.0,,,,,,,6.0,3.0,3.0,3.0,3.0,5.0,6.0,6.0,3.0,2.0,40.0,50.0,50.0,30.0,35.0,35.0,50.0,30.0,60.0,35.0,1.0,2.0,1.0,1.0,2.0,2.0,1.0,1.0,2.0,1.0,1.0,2.0,1.0,1.0,2.0,1.0,1.0,2.0,1.0,2.0,1.0,1.0,1.0,2.0,1.0,2.0,1.0,2.0,2.0,1.0,1.0,1.0,2.0,1.0,2.0,2.0,1.0,1.0,1.0,2.0
619,2,3,3,2,3,3,3,2,4,2,70.0,,,2.0,,,,,,,6.0,,1.0,54.0,,1.0,,,,,,,,2.0,4.0,5.0,,15.0,,1.0,,3.0,,,1.0,5.0,,1.0,1.0,1.0,1.0,1.0,1.0,1.0,1.0,1.0,1.0,,,,,,,6.0,3.0,3.0,3.0,3.0,5.0,5.0,5.0,3.0,2.0,40.0,45.0,45.0,40.0,45.0,45.0,45.0,40.0,50.0,40.0,2.0,1.0,2.0,2.0,2.0,2.0,1.0,1.0,1.0,1.0,1.0,2.0,2.0,1.0,1.0,1.0,2.0,1.0,1.0,2.0,2.0,1.0,1.0,2.0,2.0,1.0,1.0,2.0,2.0,1.0,1.0,2.0,1.0,2.0,1.0,1.0,2.0,1.0,2.0,1.0
1576,5,5,5,4,4,5,5,4,2,2,70.0,,,2.0,,,,,,,,6.0,,,1.0,,2.0,,,,,,,2.0,5.0,5.0,,15.0,,1.0,4.0,,,,1.0,5.0,,1.0,1.0,1.0,1.0,1.0,1.0,1.0,1.0,1.0,1.0,,,,,,,7.0,3.0,2.0,2.0,2.0,5.0,6.0,6.0,4.0,,,,,,,,,,,,1.0,2.0,2.0,1.0,1.0,2.0,1.0,1.0,2.0,2.0,2.0,1.0,2.0,1.0,1.0,1.0,1.0,1.0,1.0,2.0,1.0,2.0,2.0,2.0,1.0,1.0,1.0,1.0,2.0,1.0,1.0,1.0,2.0,2.0,1.0,1.0,1.0,1.0,1.0,2.0
1405,5,5,5,5,5,5,5,5,1,2,70.0,,5.0,,,,,5.0,4.0,2.0,6.0,,1.0,54.0,,1.0,,3.0,5.0,5.0,,,,,,,15.0,,,1.0,,4.0,,1.0,,,5.0,,,,,,,,,,,1.0,1.0,1.0,1.0,1.0,1.0,7.0,3.0,3.0,3.0,3.0,5.0,6.0,6.0,4.0,2.0,70.0,70.0,70.0,70.0,70.0,70.0,70.0,70.0,30.0,40.0,1.0,1.0,2.0,1.0,2.0,2.0,1.0,1.0,1.0,1.0,1.0,1.0,1.0,2.0,1.0,1.0,2.0,2.0,1.0,1.0,1.0,2.0,2.0,1.0,1.0,1.0,1.0,1.0,1.0,2.0,1.0,1.0,1.0,1.0,1.0,1.0,1.0,1.0,1.0,2.0
1790,5,5,5,4,4,5,5,5,2,2,,30.0,,2.0,5.0,4.0,2.0,,,,6.0,,,,1.0,1.0,,,,,2.0,5.0,5.0,,,,,15.0,,1.0,,,4.0,,,,,,,,,,,,,,,,,,,,,,,,,,,,,,2.0,60.0,65.0,70.0,55.0,55.0,70.0,70.0,65.0,40.0,40.0,1.0,2.0,2.0,2.0,1.0,1.0,1.0,2.0,1.0,2.0,1.0,1.0,1.0,1.0,1.0,1.0,2.0,2.0,2.0,1.0,1.0,1.0,1.0,1.0,1.0,1.0,1.0,1.0,1.0,1.0,1.0,1.0,1.0,1.0,1.0,1.0,1.0,1.0,1.0,1.0
1219,4,4,4,2,3,3,4,3,2,3,60.0,,,2.0,5.0,4.0,3.0,,,,,6.0,,,1.0,,2.0,,,,2.0,5.0,5.0,,,,15.0,,,1.0,,3.0,,,1.0,5.0,,1.0,1.0,1.0,1.0,1.0,1.0,1.0,1.0,1.0,1.0,,,,,,,6.0,3.0,3.0,3.0,3.0,5.0,6.0,6.0,3.0,2.0,65.0,60.0,60.0,40.0,50.0,50.0,60.0,50.0,40.0,50.0,2.0,1.0,2.0,2.0,1.0,1.0,1.0,2.0,2.0,1.0,2.0,1.0,2.0,1.0,1.0,1.0,1.0,1.0,1.0,1.0,1.0,1.0,1.0,1.0,1.0,2.0,1.0,1.0,1.0,1.0,1.0,1.0,2.0,2.0,1.0,2.0,2.0,1.0,1.0,2.0
877,5,5,5,5,5,5,5,5,1,1,70.0,,,,,,,5.0,4.0,2.0,6.0,,1.0,54.0,,,2.0,,,,,,,2.0,5.0,5.0,,15.0,1.0,,,,3.0,,1.0,5.0,,,,,,,,,,,,1.0,1.0,1.0,1.0,1.0,1.0,7.0,3.0,3.0,3.0,2.0,5.0,6.0,6.0,4.0,,,,,,,,,,,,2.0,1.0,1.0,2.0,2.0,1.0,1.0,1.0,1.0,1.0,1.0,1.0,1.0,2.0,1.0,2.0,1.0,1.0,2.0,1.0,1.0,1.0,1.0,1.0,1.0,1.0,2.0,1.0,1.0,1.0,2.0,1.0,1.0,1.0,2.0,1.0,1.0,1.0,1.0,1.0
904,4,4,4,4,4,4,4,4,2,2,70.0,,,2.0,,,,,,,6.0,,,,1.0,1.0,,3.0,4.0,5.0,,,,,,,15.0,,,1.0,,,,,,,,,,,,,,,,,,,,,,,,,,,,,,,,,,,,,,,,,,,,,,,,,,,,,,,,,,,,,,,,,,,,,,,,,,,,,,,,,,,
351,5,5,5,4,4,5,5,4,2,2,,30.0,,2.0,,,,,,,6.0,,,,1.0,1.0,,,,,,,,3.0,5.0,5.0,,10.0,,1.0,,,3.0,1.0,,5.0,,,,,,,,,,,,1.0,1.0,1.0,1.0,1.0,1.0,7.0,3.0,3.0,3.0,4.0,5.0,6.0,6.0,4.0,2.0,75.0,75.0,80.0,65.0,65.0,80.0,75.0,65.0,40.0,40.0,2.0,1.0,1.0,2.0,1.0,1.0,2.0,1.0,1.0,1.0,2.0,1.0,1.0,1.0,2.0,1.0,1.0,1.0,1.0,1.0,1.0,2.0,1.0,1.0,1.0,1.0,2.0,1.0,1.0,1.0,1.0,1.0,1.0,2.0,1.0,1.0,1.0,1.0,1.0,1.0
222,2,3,3,1,2,1,3,2,1,2,70.0,,2.0,,5.0,4.0,2.0,,,,,6.0,1.0,54.0,,,2.0,2.0,4.0,5.0,,,,,,,15.0,,1.0,,4.0,,,1.0,,,5.0,1.0,1.0,1.0,1.0,1.0,1.0,1.0,1.0,1.0,1.0,,,,,,,6.0,2.0,3.0,3.0,3.0,5.0,6.0,6.0,3.0,,,,,,,,,,,,1.0,1.0,2.0,1.0,2.0,1.0,2.0,1.0,2.0,2.0,1.0,2.0,1.0,1.0,1.0,1.0,1.0,1.0,1.0,1.0,1.0,1.0,2.0,2.0,1.0,1.0,1.0,1.0,1.0,1.0,1.0,1.0,1.0,1.0,1.0,1.0,1.0,1.0,2.0,1.0
1751,2,3,3,1,2,3,3,1,1,1,70.0,,,1.0,,,,,,,6.0,,1.0,54.0,,1.0,,,,,2.0,5.0,5.0,,,,,15.0,,1.0,,,3.0,1.0,,,5.0,,,,,,,,,,,1.0,1.0,1.0,1.0,1.0,1.0,6.0,3.0,2.0,3.0,3.0,5.0,6.0,5.0,3.0,2.0,40.0,50.0,50.0,20.0,30.0,50.0,50.0,20.0,20.0,20.0,1.0,1.0,2.0,2.0,1.0,2.0,1.0,1.0,1.0,1.0,2.0,1.0,1.0,1.0,2.0,2.0,1.0,2.0,1.0,1.0,1.0,1.0,1.0,2.0,1.0,1.0,2.0,1.0,1.0,1.0,1.0,1.0,1.0,1.0,1.0,1.0,1.0,1.0,1.0,2.0
1622,5,5,5,5,5,5,5,5,2,2,70.0,,,2.0,,,,,,,6.0,,,,1.0,,2.0,,,,,,,3.0,5.0,5.0,15.0,,,1.0,4.0,,,,1.0,5.0,,1.0,1.0,1.0,1.0,1.0,1.0,1.0,1.0,1.0,1.0,,,,,,,7.0,3.0,3.0,3.0,3.0,5.0,6.0,6.0,4.0,2.0,75.0,75.0,75.0,75.0,75.0,75.0,75.0,75.0,40.0,40.0,2.0,1.0,2.0,1.0,2.0,1.0,1.0,2.0,1.0,1.0,1.0,1.0,1.0,2.0,1.0,1.0,1.0,2.0,2.0,1.0,1.0,1.0,1.0,1.0,2.0,2.0,2.0,1.0,1.0,2.0,2.0,2.0,2.0,1.0,1.0,1.0,1.0,1.0,2.0,1.0
20,2,4,4,2,3,4,4,3,2,2,,30.0,5.0,,,,,4.0,3.0,2.0,,6.0,,,1.0,,2.0,,,,,,,3.0,4.0,5.0,15.0,,1.0,,4.0,,,,1.0,,5.0,,,,,,,,,,,1.0,1.0,1.0,1.0,1.0,1.0,6.0,3.0,3.0,3.0,3.0,5.0,6.0,6.0,3.0,2.0,50.0,60.0,60.0,40.0,50.0,60.0,60.0,50.0,40.0,40.0,2.0,1.0,1.0,2.0,2.0,1.0,2.0,2.0,2.0,1.0,1.0,2.0,1.0,1.0,1.0,1.0,1.0,2.0,2.0,1.0,2.0,1.0,1.0,1.0,1.0,1.0,1.0,2.0,1.0,1.0,1.0,2.0,1.0,2.0,1.0,2.0,1.0,1.0,1.0,1.0
2051,2,3,3,1,2,3,3,2,1,1,70.0,,,2.0,,,,,,,6.0,,,,1.0,1.0,,2.0,4.0,5.0,,,,,,,15.0,,,1.0,,,3.0,,1.0,,5.0,1.0,1.0,1.0,1.0,1.0,1.0,1.0,1.0,1.0,1.0,,,,,,,6.0,3.0,3.0,3.0,3.0,5.0,6.0,6.0,4.0,2.0,40.0,50.0,50.0,20.0,30.0,50.0,50.0,40.0,20.0,20.0,2.0,1.0,2.0,1.0,2.0,2.0,1.0,2.0,2.0,1.0,1.0,1.0,1.0,1.0,2.0,2.0,1.0,1.0,1.0,1.0,2.0,2.0,1.0,2.0,2.0,2.0,1.0,1.0,1.0,1.0,2.0,2.0,2.0,2.0,2.0,1.0,2.0,2.0,2.0,2.0
1887,4,4,4,2,3,5,4,3,2,2,70.0,,,2.0,4.0,3.0,2.0,,,,,6.0,1.0,54.0,,,2.0,,,,,,,2.0,4.0,5.0,15.0,,,1.0,,,2.0,1.0,,,5.0,1.0,1.0,1.0,1.0,1.0,1.0,1.0,1.0,1.0,1.0,,,,,,,6.0,3.0,2.0,2.0,3.0,5.0,6.0,6.0,3.0,,,,,,,,,,,,2.0,1.0,1.0,2.0,2.0,1.0,2.0,1.0,1.0,1.0,1.0,1.0,1.0,2.0,2.0,1.0,1.0,1.0,2.0,1.0,,,,,,,,,,,,,,,,,,,,
586,4,4,4,2,3,4,4,3,2,2,,30.0,,2.0,,,,,,,6.0,,1.0,54.0,,,2.0,3.0,4.0,5.0,,,,,,,15.0,,1.0,,,,,,,,,,,,,,,,,,,,,,,,,,,,,,,,,,,,,,,,,,,,,,,,,,,,,,,,,,,,,,,,,,,,,,,,,,,,,,,,,,,,
760,4,4,4,2,3,4,4,3,2,2,,30.0,,2.0,5.0,4.0,2.0,,,,6.0,,,,1.0,1.0,,,,,3.0,5.0,5.0,,,,,10.0,1.0,,,,3.0,1.0,,5.0,,1.0,1.0,1.0,1.0,1.0,1.0,1.0,1.0,1.0,1.0,,,,,,,6.0,3.0,3.0,3.0,3.0,5.0,6.0,6.0,4.0,2.0,65.0,60.0,60.0,40.0,45.0,60.0,60.0,45.0,35.0,35.0,1.0,1.0,2.0,1.0,2.0,1.0,2.0,2.0,1.0,1.0,1.0,1.0,1.0,2.0,1.0,1.0,1.0,2.0,1.0,1.0,1.0,1.0,1.0,1.0,1.0,2.0,1.0,2.0,1.0,2.0,1.0,1.0,1.0,2.0,1.0,2.0,1.0,1.0,1.0,2.0
613,5,5,5,5,5,5,5,5,2,2,,20.0,5.0,,5.0,4.0,2.0,,,,,6.0,,,1.0,,2.0,,,,,,,2.0,5.0,5.0,15.0,,,1.0,,3.0,,,1.0,,5.0,1.0,1.0,1.0,1.0,1.0,1.0,1.0,1.0,1.0,1.0,,,,,,,7.0,3.0,3.0,3.0,4.0,6.0,6.0,6.0,4.0,2.0,75.0,75.0,80.0,80.0,80.0,80.0,80.0,75.0,40.0,40.0,1.0,1.0,1.0,2.0,2.0,1.0,1.0,1.0,1.0,1.0,1.0,1.0,1.0,2.0,2.0,1.0,1.0,1.0,2.0,1.0,1.0,1.0,1.0,1.0,1.0,1.0,2.0,1.0,1.0,2.0,1.0,1.0,1.0,1.0,2.0,1.0,2.0,2.0,1.0,1.0
1186,4,4,4,3,3,4,4,3,2,2,70.0,,5.0,,,,,5.0,4.0,2.0,6.0,,1.0,54.0,,,2.0,3.0,4.0,5.0,,,,,,,15.0,,1.0,,,3.0,,1.0,,5.0,,1.0,1.0,1.0,1.0,1.0,1.0,1.0,1.0,1.0,1.0,,,,,,,6.0,3.0,3.0,3.0,3.0,5.0,6.0,6.0,4.0,2.0,65.0,60.0,60.0,50.0,50.0,60.0,60.0,50.0,40.0,40.0,1.0,2.0,1.0,2.0,1.0,2.0,1.0,1.0,1.0,1.0,2.0,2.0,1.0,2.0,1.0,1.0,1.0,1.0,1.0,1.0,,,,,,,,,,,,,,,,,,,,
1360,3,3,3,2,3,4,4,3,2,2,,30.0,5.0,,5.0,4.0,3.0,,,,6.0,,1.0,54.0,,,2.0,2.0,4.0,5.0,,,,,,,15.0,,1.0,,,,3.0,1.0,,4.0,,1.0,1.0,1.0,1.0,1.0,1.0,1.0,1.0,1.0,1.0,,,,,,,6.0,3.0,3.0,3.0,3.0,5.0,5.0,5.0,3.0,2.0,50.0,45.0,50.0,30.0,40.0,55.0,55.0,40.0,30.0,30.0,2.0,1.0,1.0,1.0,1.0,2.0,1.0,2.0,1.0,1.0,2.0,1.0,1.0,1.0,1.0,2.0,2.0,1.0,1.0,1.0,1.0,1.0,2.0,1.0,1.0,1.0,2.0,2.0,1.0,1.0,1.0,1.0,1.0,1.0,2.0,2.0,2.0,1.0,1.0,1.0
1213,5,5,5,5,5,5,5,5,2,2,70.0,,,1.0,5.0,4.0,2.0,,,,,6.0,,,1.0,,2.0,,,,2.0,5.0,5.0,,,,,15.0,,1.0,,4.0,,,1.0,5.0,,,,,,,,,,,,1.0,1.0,1.0,1.0,1.0,1.0,7.0,3.0,3.0,3.0,3.0,5.0,6.0,6.0,4.0,2.0,75.0,70.0,75.0,70.0,70.0,75.0,75.0,70.0,40.0,40.0,2.0,1.0,2.0,1.0,1.0,2.0,1.0,1.0,1.0,1.0,1.0,2.0,1.0,1.0,2.0,1.0,2.0,1.0,2.0,1.0,1.0,1.0,2.0,1.0,1.0,2.0,1.0,1.0,1.0,1.0,1.0,1.0,1.0,1.0,1.0,1.0,2.0,1.0,1.0,1.0
1846,5,5,5,5,5,5,5,5,2,2,70.0,,5.0,,,,,5.0,4.0,2.0,,6.0,1.0,54.0,,,2.0,2.0,5.0,5.0,,,,,,,15.0,,1.0,,3.0,,,,1.0,5.0,,1.0,1.0,1.0,1.0,1.0,1.0,1.0,1.0,1.0,1.0,,,,,,,6.0,3.0,2.0,3.0,3.0,5.0,6.0,6.0,4.0,2.0,75.0,75.0,80.0,80.0,80.0,80.0,80.0,75.0,40.0,40.0,1.0,1.0,2.0,1.0,2.0,1.0,1.0,1.0,1.0,1.0,2.0,2.0,2.0,1.0,1.0,1.0,1.0,2.0,1.0,1.0,1.0,1.0,1.0,2.0,1.0,1.0,2.0,2.0,2.0,1.0,1.0,2.0,1.0,1.0,1.0,1.0,2.0,1.0,1.0,1.0
1935,2,3,3,2,3,3,4,2,4,3,40.0,,,2.0,,,,,,,6.0,,,,1.0,1.0,,,,,2.0,4.0,5.0,,,,,10.0,1.0,,,3.0,,,1.0,,5.0,1.0,1.0,1.0,1.0,1.0,1.0,1.0,1.0,1.0,1.0,,,,,,,6.0,3.0,2.0,3.0,3.0,5.0,6.0,5.0,4.0,2.0,50.0,45.0,45.0,40.0,45.0,45.0,50.0,40.0,50.0,45.0,2.0,1.0,1.0,2.0,1.0,1.0,1.0,1.0,1.0,1.0,2.0,2.0,2.0,2.0,1.0,2.0,2.0,1.0,2.0,1.0,2.0,1.0,1.0,2.0,1.0,1.0,1.0,1.0,1.0,1.0,1.0,1.0,1.0,1.0,1.0,1.0,2.0,1.0,1.0,1.0
228,2,3,3,2,3,3,3,2,4,2,70.0,,2.0,,,,,,,,,6.0,,,1.0,,2.0,,,,2.0,4.0,5.0,,,,15.0,,1.0,,,4.0,,,1.0,5.0,,1.0,1.0,1.0,1.0,1.0,1.0,1.0,1.0,1.0,1.0,,,,,,,6.0,3.0,2.0,2.0,3.0,5.0,6.0,6.0,3.0,2.0,40.0,50.0,50.0,40.0,50.0,50.0,50.0,40.0,60.0,40.0,1.0,2.0,2.0,1.0,2.0,2.0,1.0,2.0,2.0,2.0,1.0,1.0,2.0,2.0,1.0,1.0,2.0,1.0,1.0,2.0,1.0,1.0,1.0,1.0,2.0,1.0,2.0,2.0,1.0,2.0,2.0,1.0,2.0,1.0,1.0,1.0,2.0,1.0,2.0,1.0
547,4,4,4,2,3,4,4,3,2,2,,30.0,5.0,,5.0,4.0,2.0,,,,,6.0,1.0,54.0,,1.0,,,,,2.0,4.0,5.0,,,,15.0,,,1.0,4.0,,,,1.0,,5.0,,,,,,,,,,,1.0,1.0,1.0,1.0,1.0,1.0,7.0,3.0,3.0,3.0,3.0,5.0,6.0,6.0,4.0,2.0,65.0,60.0,60.0,35.0,45.0,60.0,60.0,40.0,30.0,30.0,2.0,1.0,2.0,1.0,2.0,1.0,1.0,2.0,2.0,2.0,1.0,2.0,1.0,1.0,1.0,2.0,1.0,2.0,1.0,2.0,1.0,2.0,,,,,,,,,,,,,,,,,,
434,5,4,5,4,4,5,5,4,2,2,70.0,,,2.0,,,,,,,6.0,,1.0,54.0,,1.0,,,,,2.0,5.0,5.0,,,,15.0,,1.0,,,,3.0,1.0,,5.0,,1.0,1.0,1.0,1.0,1.0,1.0,1.0,1.0,1.0,1.0,,,,,,,7.0,3.0,3.0,3.0,3.0,5.0,6.0,6.0,4.0,2.0,75.0,65.0,70.0,60.0,60.0,75.0,70.0,65.0,40.0,40.0,2.0,1.0,2.0,2.0,2.0,2.0,1.0,2.0,2.0,1.0,1.0,1.0,2.0,2.0,1.0,1.0,1.0,1.0,1.0,2.0,1.0,1.0,2.0,2.0,1.0,1.0,2.0,1.0,1.0,2.0,1.0,1.0,2.0,2.0,1.0,1.0,1.0,1.0,2.0,1.0
1628,2,3,3,2,3,3,3,2,4,4,70.0,,2.0,,,,,,,,6.0,,1.0,54.0,,1.0,,,,,3.0,4.0,4.0,,,,15.0,,,1.0,,3.0,,1.0,,,5.0,1.0,1.0,1.0,1.0,1.0,1.0,1.0,1.0,1.0,1.0,,,,,,,6.0,3.0,2.0,3.0,3.0,5.0,6.0,6.0,3.0,,,,,,,,,,,,,,,,,,,,,,,,,,,,,,,,,,,,,,,,,,,,,,,,,,,
1147,5,5,5,4,4,5,5,4,2,2,,30.0,,2.0,5.0,4.0,2.0,,,,,6.0,,,1.0,1.0,,,,,,,,3.0,5.0,5.0,,10.0,,1.0,,3.0,,,1.0,,5.0,1.0,1.0,1.0,1.0,1.0,1.0,1.0,1.0,1.0,1.0,,,,,,,6.0,3.0,3.0,3.0,3.0,5.0,6.0,6.0,3.0,2.0,75.0,70.0,80.0,65.0,65.0,75.0,70.0,60.0,40.0,40.0,1.0,1.0,1.0,2.0,1.0,1.0,1.0,1.0,2.0,1.0,2.0,1.0,1.0,1.0,1.0,1.0,1.0,1.0,1.0,1.0,,,,,,,,,,,,,,,,,,,,
1034,5,5,5,5,5,5,5,5,1,1,70.0,,,2.0,,,,,,,,6.0,,,1.0,1.0,,3.0,5.0,5.0,,,,,,,15.0,,1.0,,4.0,,,1.0,,5.0,,,,,,,,,,,,,,,,,,,,,,,,,,,,75.0,75.0,80.0,80.0,80.0,85.0,85.0,70.0,20.0,20.0,1.0,2.0,1.0,2.0,1.0,1.0,2.0,1.0,1.0,1.0,1.0,1.0,2.0,1.0,2.0,1.0,1.0,2.0,2.0,1.0,1.0,1.0,2.0,1.0,1.0,1.0,1.0,1.0,2.0,1.0,2.0,1.0,2.0,1.0,1.0,1.0,1.0,1.0,1.0,1.0
1833,5,5,5,5,5,5,5,5,1,3,,30.0,,2.0,,,,,,,,,,,1.0,1.0,,3.0,5.0,5.0,,,,,,,15.0,,1.0,,,,3.0,1.0,,5.0,,1.0,1.0,1.0,1.0,1.0,1.0,1.0,1.0,1.0,1.0,,,,,,,7.0,3.0,3.0,3.0,3.0,5.0,6.0,6.0,4.0,,,,,,,,,,,,1.0,1.0,1.0,1.0,1.0,1.0,1.0,1.0,1.0,1.0,1.0,1.0,1.0,1.0,1.0,1.0,1.0,1.0,1.0,1.0,1.0,1.0,1.0,1.0,1.0,1.0,1.0,1.0,1.0,1.0,1.0,1.0,1.0,1.0,1.0,1.0,2.0,2.0,1.0,1.0
1940,2,3,3,1,2,2,3,2,4,4,,30.0,2.0,,5.0,4.0,2.0,,,,,6.0,1.0,54.0,,,2.0,3.0,4.0,5.0,,,,,,,15.0,,,1.0,,,2.0,,1.0,5.0,,1.0,1.0,1.0,1.0,1.0,1.0,1.0,1.0,1.0,1.0,,,,,,,6.0,3.0,3.0,3.0,3.0,5.0,5.0,5.0,4.0,2.0,40.0,50.0,50.0,20.0,30.0,30.0,50.0,30.0,40.0,40.0,1.0,2.0,2.0,1.0,1.0,2.0,1.0,1.0,1.0,2.0,1.0,1.0,2.0,2.0,1.0,1.0,1.0,1.0,2.0,1.0,2.0,2.0,1.0,1.0,2.0,2.0,1.0,1.0,2.0,1.0,1.0,1.0,1.0,2.0,2.0,1.0,1.0,1.0,1.0,1.0
532,5,5,5,5,5,5,5,4,2,3,70.0,,5.0,,5.0,4.0,2.0,,,,,6.0,,,1.0,1.0,,,,,,,,2.0,5.0,5.0,15.0,,,1.0,,,3.0,,1.0,5.0,,1.0,1.0,1.0,1.0,1.0,1.0,1.0,1.0,1.0,1.0,,,,,,,6.0,3.0,3.0,3.0,3.0,5.0,6.0,6.0,3.0,,,,,,,,,,,,1.0,1.0,2.0,2.0,1.0,1.0,2.0,2.0,1.0,1.0,1.0,2.0,1.0,2.0,1.0,2.0,2.0,2.0,1.0,1.0,1.0,2.0,1.0,2.0,1.0,1.0,2.0,2.0,1.0,2.0,1.0,1.0,1.0,1.0,2.0,2.0,1.0,1.0,1.0,1.0
441,2,3,3,2,3,3,3,2,4,3,,30.0,,2.0,,,,,,,6.0,,,,1.0,,2.0,3.0,4.0,5.0,,,,,,,,,1.0,,,,,,,,,,,,,,,,,,,,,,,,,,,,,,,,,,,,,,,,,,,,,,,,,,,,,,,,,,,,,,,,,,,,,,,,,,,,,,,,,,,,
1132,4,4,4,2,3,5,4,3,2,2,,30.0,5.0,,,,,5.0,4.0,2.0,,6.0,,,1.0,1.0,,2.0,4.0,5.0,,,,,,,15.0,,1.0,,,4.0,,,1.0,,5.0,,,,,,,,,,,1.0,1.0,1.0,1.0,1.0,1.0,6.0,3.0,3.0,3.0,3.0,5.0,6.0,6.0,3.0,2.0,65.0,60.0,60.0,40.0,50.0,70.0,60.0,50.0,40.0,40.0,2.0,2.0,2.0,1.0,1.0,1.0,2.0,2.0,2.0,2.0,1.0,1.0,1.0,2.0,1.0,2.0,2.0,2.0,1.0,2.0,1.0,2.0,1.0,1.0,1.0,2.0,2.0,1.0,1.0,1.0,1.0,1.0,1.0,2.0,2.0,1.0,1.0,1.0,1.0,1.0
1041,5,5,5,4,4,5,5,5,2,2,70.0,,5.0,,,,,5.0,4.0,2.0,,6.0,,,1.0,1.0,,3.0,5.0,5.0,,,,,,,15.0,,,1.0,,4.0,,1.0,,5.0,,1.0,1.0,1.0,1.0,1.0,1.0,1.0,1.0,1.0,1.0,,,,,,,7.0,3.0,3.0,3.0,3.0,5.0,6.0,6.0,3.0,2.0,75.0,75.0,75.0,65.0,65.0,75.0,75.0,75.0,40.0,40.0,2.0,1.0,1.0,2.0,1.0,1.0,2.0,1.0,1.0,1.0,2.0,1.0,1.0,1.0,2.0,1.0,1.0,2.0,1.0,2.0,1.0,1.0,1.0,1.0,1.0,2.0,1.0,2.0,1.0,1.0,1.0,1.0,1.0,1.0,1.0,1.0,1.0,2.0,1.0,1.0
1981,5,5,5,5,5,5,5,5,1,1,70.0,,,2.0,,,,,,,6.0,,1.0,54.0,,,2.0,3.0,5.0,5.0,,,,,,,15.0,,1.0,,,,3.0,,,,,,,,,,,,,,,,,,,,,,,,,,,,,,2.0,75.0,75.0,80.0,80.0,80.0,80.0,80.0,75.0,25.0,25.0,1.0,2.0,1.0,2.0,1.0,2.0,1.0,1.0,2.0,1.0,1.0,2.0,1.0,2.0,1.0,2.0,1.0,1.0,2.0,2.0,1.0,1.0,2.0,1.0,1.0,1.0,2.0,2.0,1.0,1.0,1.0,2.0,2.0,1.0,2.0,1.0,1.0,1.0,2.0,1.0
808,4,4,4,2,3,4,4,3,2,2,70.0,,5.0,,,,,5.0,4.0,2.0,,6.0,1.0,54.0,,,2.0,,,,3.0,5.0,5.0,,,,,15.0,1.0,,,4.0,,,1.0,5.0,,,,,,,,,,,,1.0,1.0,1.0,1.0,1.0,1.0,6.0,3.0,3.0,3.0,3.0,5.0,6.0,6.0,3.0,2.0,70.0,65.0,70.0,40.0,50.0,65.0,65.0,50.0,40.0,40.0,2.0,1.0,2.0,2.0,1.0,2.0,1.0,1.0,2.0,2.0,1.0,2.0,1.0,2.0,1.0,1.0,1.0,1.0,1.0,1.0,1.0,1.0,1.0,2.0,2.0,1.0,1.0,1.0,1.0,1.0,1.0,2.0,1.0,2.0,1.0,1.0,1.0,2.0,1.0,2.0
715,5,5,5,5,5,5,5,5,2,2,,30.0,,2.0,,,,,,,6.0,,1.0,54.0,,,2.0,2.0,5.0,5.0,,,,,,,15.0,,1.0,,,,,,,,,,,,,,,,,,,,,,,,,,,,,,,,,,,,,,,,,,,,,,,,,,,,,,,,,,,,,,,,,,,,,,,,,,,,,,,,,,,,
666,5,5,5,5,5,5,5,5,2,2,,30.0,,2.0,,,,,,,,6.0,1.0,54.0,,,2.0,,,,2.0,5.0,5.0,,,,,15.0,1.0,,,,3.0,,,,,,,,,,,,,,,,,,,,,,,,,,,,,,2.0,70.0,70.0,70.0,70.0,70.0,70.0,70.0,70.0,40.0,40.0,1.0,2.0,1.0,2.0,1.0,1.0,2.0,1.0,2.0,2.0,1.0,1.0,2.0,2.0,1.0,1.0,1.0,1.0,1.0,1.0,2.0,1.0,1.0,1.0,2.0,2.0,1.0,2.0,2.0,1.0,2.0,2.0,1.0,2.0,1.0,1.0,1.0,2.0,1.0,1.0
480,2,3,3,2,3,3,3,2,4,3,70.0,,,2.0,5.0,4.0,3.0,,,,,6.0,1.0,54.0,,1.0,,3.0,4.0,5.0,,,,,,,,12.0,1.0,,,,3.0,,1.0,,5.0,,,,,,,,,,,1.0,1.0,1.0,1.0,1.0,1.0,6.0,3.0,3.0,3.0,3.0,5.0,5.0,5.0,3.0,2.0,40.0,50.0,50.0,40.0,50.0,50.0,50.0,40.0,60.0,50.0,2.0,1.0,2.0,1.0,2.0,2.0,1.0,1.0,1.0,1.0,2.0,2.0,1.0,2.0,2.0,1.0,1.0,2.0,2.0,1.0,2.0,1.0,2.0,1.0,2.0,1.0,2.0,2.0,1.0,1.0,1.0,2.0,1.0,1.0,1.0,1.0,2.0,2.0,1.0,1.0
109,4,4,4,2,3,3,4,3,2,2,70.0,,,2.0,,,,,,,6.0,,1.0,54.0,,,2.0,,,,2.0,5.0,5.0,,,,,15.0,1.0,,,,3.0,,1.0,5.0,,,,,,,,,,,,1.0,1.0,1.0,1.0,1.0,1.0,6.0,3.0,3.0,3.0,3.0,5.0,6.0,6.0,3.0,2.0,65.0,65.0,65.0,40.0,50.0,50.0,65.0,50.0,40.0,40.0,2.0,1.0,1.0,2.0,2.0,1.0,2.0,1.0,1.0,1.0,1.0,1.0,1.0,2.0,1.0,1.0,1.0,1.0,1.0,2.0,2.0,1.0,1.0,1.0,1.0,2.0,1.0,2.0,1.0,1.0,1.0,2.0,1.0,1.0,2.0,1.0,1.0,1.0,1.0,1.0
1315,4,4,4,3,4,4,4,3,2,2,70.0,,,2.0,,,,,,,6.0,,,,1.0,,2.0,,,,,,,3.0,4.0,5.0,,15.0,,1.0,4.0,,,1.0,,,5.0,,,,,,,,,,,1.0,1.0,1.0,1.0,1.0,1.0,6.0,3.0,3.0,3.0,3.0,5.0,6.0,6.0,3.0,2.0,65.0,60.0,60.0,50.0,60.0,60.0,60.0,50.0,40.0,40.0,1.0,1.0,1.0,2.0,1.0,1.0,1.0,1.0,1.0,2.0,1.0,1.0,2.0,1.0,2.0,1.0,1.0,2.0,1.0,1.0,1.0,2.0,1.0,1.0,1.0,1.0,1.0,1.0,1.0,2.0,1.0,1.0,2.0,1.0,1.0,1.0,2.0,2.0,1.0,1.0
1266,5,4,5,4,4,5,5,4,2,2,,30.0,,2.0,5.0,4.0,2.0,,,,,6.0,,,1.0,,2.0,3.0,5.0,5.0,,,,,,,15.0,,1.0,,,3.0,,1.0,,,5.0,1.0,1.0,1.0,1.0,1.0,1.0,1.0,1.0,1.0,1.0,,,,,,,6.0,3.0,2.0,2.0,3.0,5.0,6.0,6.0,4.0,,,,,,,,,,,,1.0,1.0,2.0,1.0,2.0,2.0,2.0,1.0,1.0,1.0,1.0,1.0,1.0,1.0,2.0,1.0,1.0,1.0,1.0,2.0,2.0,1.0,1.0,1.0,1.0,1.0,2.0,2.0,2.0,1.0,1.0,1.0,1.0,2.0,1.0,1.0,1.0,2.0,1.0,1.0
1080,5,5,5,5,5,5,5,5,2,2,70.0,,5.0,,5.0,4.0,2.0,,,,,6.0,,,1.0,1.0,,,,,2.0,5.0,5.0,,,,10.0,,1.0,,,3.0,,,1.0,5.0,,,,,,,,,,,,1.0,1.0,1.0,1.0,1.0,1.0,7.0,3.0,3.0,3.0,3.0,5.0,6.0,6.0,4.0,2.0,80.0,80.0,85.0,85.0,80.0,85.0,85.0,80.0,30.0,30.0,1.0,2.0,1.0,1.0,2.0,1.0,1.0,2.0,2.0,2.0,1.0,2.0,1.0,1.0,2.0,1.0,2.0,2.0,1.0,1.0,2.0,1.0,1.0,1.0,1.0,1.0,1.0,1.0,2.0,1.0,1.0,1.0,1.0,1.0,2.0,1.0,1.0,1.0,1.0,1.0
1509,5,5,5,4,4,5,5,5,2,2,,30.0,,2.0,4.0,5.0,2.0,,,,6.0,,1.0,54.0,,,2.0,,,,2.0,5.0,5.0,,,,,10.0,,1.0,4.0,,,,1.0,,5.0,,,,,,,,,,,1.0,1.0,1.0,1.0,1.0,1.0,6.0,3.0,3.0,3.0,3.0,5.0,6.0,6.0,3.0,2.0,70.0,70.0,75.0,60.0,60.0,70.0,70.0,70.0,40.0,40.0,1.0,2.0,2.0,1.0,1.0,2.0,1.0,1.0,1.0,1.0,2.0,2.0,1.0,1.0,1.0,1.0,2.0,1.0,1.0,2.0,1.0,2.0,1.0,1.0,1.0,1.0,1.0,1.0,2.0,2.0,1.0,1.0,1.0,1.0,1.0,1.0,2.0,2.0,2.0,1.0
1802,5,5,5,4,4,5,5,4,1,1,,30.0,5.0,,,,,5.0,4.0,2.0,,6.0,,,1.0,,2.0,,,,,,,2.0,5.0,5.0,15.0,,1.0,,4.0,,,1.0,,,5.0,,,,,,,,,,,1.0,1.0,1.0,1.0,1.0,1.0,7.0,3.0,2.0,3.0,3.0,5.0,6.0,6.0,4.0,2.0,70.0,70.0,70.0,60.0,60.0,70.0,70.0,60.0,30.0,30.0,1.0,1.0,2.0,2.0,2.0,2.0,2.0,1.0,2.0,1.0,2.0,2.0,1.0,2.0,2.0,1.0,1.0,2.0,2.0,1.0,1.0,1.0,2.0,1.0,1.0,2.0,2.0,2.0,2.0,1.0,2.0,2.0,1.0,2.0,1.0,1.0,1.0,1.0,1.0,1.0
1971,2,3,3,2,3,3,3,2,4,2,70.0,,2.0,,5.0,4.0,3.0,,,,6.0,,1.0,54.0,,1.0,,,,,3.0,4.0,5.0,,,,15.0,,,1.0,4.0,,,,1.0,5.0,,1.0,1.0,1.0,1.0,1.0,1.0,1.0,1.0,1.0,1.0,,,,,,,6.0,3.0,3.0,3.0,3.0,5.0,6.0,6.0,3.0,,,,,,,,,,,,2.0,1.0,1.0,2.0,2.0,1.0,1.0,2.0,1.0,1.0,2.0,1.0,1.0,1.0,2.0,2.0,1.0,1.0,1.0,1.0,2.0,2.0,1.0,2.0,1.0,1.0,1.0,2.0,1.0,1.0,1.0,1.0,1.0,1.0,1.0,1.0,1.0,2.0,1.0,1.0
1103,5,5,5,4,4,5,5,5,2,3,70.0,,5.0,,,,,5.0,4.0,2.0,6.0,,,,1.0,,2.0,,,,2.0,5.0,5.0,,,,,15.0,1.0,,4.0,,,,1.0,,5.0,1.0,1.0,1.0,1.0,1.0,1.0,1.0,1.0,1.0,1.0,,,,,,,6.0,3.0,3.0,3.0,3.0,5.0,6.0,6.0,4.0,2.0,75.0,75.0,80.0,65.0,65.0,80.0,75.0,70.0,40.0,50.0,1.0,1.0,1.0,2.0,2.0,2.0,1.0,1.0,1.0,1.0,1.0,1.0,1.0,2.0,1.0,1.0,1.0,1.0,1.0,1.0,2.0,1.0,1.0,1.0,1.0,1.0,1.0,1.0,1.0,1.0,1.0,1.0,1.0,1.0,1.0,1.0,1.0,1.0,1.0,1.0
1070,4,4,4,2,3,4,4,3,2,2,70.0,,5.0,,,,,5.0,4.0,2.0,,6.0,1.0,54.0,,,2.0,,,,,,,3.0,4.0,4.0,15.0,,,1.0,,4.0,,1.0,,,5.0,,,,,,,,,,,1.0,1.0,1.0,1.0,1.0,1.0,6.0,3.0,3.0,3.0,3.0,5.0,6.0,6.0,3.0,,,,,,,,,,,,2.0,1.0,1.0,2.0,1.0,1.0,2.0,2.0,1.0,1.0,2.0,2.0,1.0,1.0,2.0,1.0,2.0,1.0,2.0,1.0,1.0,1.0,1.0,1.0,1.0,1.0,1.0,1.0,2.0,2.0,1.0,2.0,1.0,1.0,2.0,1.0,2.0,2.0,2.0,2.0
1296,5,5,5,4,4,5,5,5,2,2,,30.0,5.0,,4.0,4.0,2.0,,,,,6.0,1.0,54.0,,,2.0,3.0,5.0,5.0,,,,,,,,15.0,,1.0,,,3.0,1.0,,,5.0,1.0,1.0,1.0,1.0,1.0,1.0,1.0,1.0,1.0,1.0,,,,,,,6.0,3.0,3.0,3.0,3.0,5.0,6.0,6.0,3.0,,,,,,,,,,,,1.0,2.0,1.0,2.0,1.0,2.0,1.0,1.0,2.0,2.0,2.0,1.0,1.0,1.0,1.0,1.0,1.0,1.0,2.0,2.0,2.0,1.0,1.0,2.0,1.0,2.0,2.0,1.0,2.0,1.0,1.0,1.0,2.0,1.0,1.0,1.0,1.0,1.0,1.0,1.0
503,4,4,4,3,3,4,4,3,2,2,,30.0,5.0,,5.0,4.0,2.0,,,,6.0,,1.0,54.0,,1.0,,,,,2.0,4.0,4.0,,,,15.0,,,1.0,,,2.0,,1.0,5.0,,,,,,,,,,,,1.0,1.0,1.0,1.0,1.0,1.0,7.0,3.0,2.0,3.0,3.0,5.0,6.0,5.0,3.0,,,,,,,,,,,,2.0,1.0,2.0,2.0,2.0,1.0,1.0,1.0,1.0,1.0,2.0,2.0,1.0,2.0,1.0,2.0,2.0,1.0,1.0,2.0,2.0,1.0,1.0,2.0,1.0,2.0,1.0,1.0,2.0,2.0,1.0,2.0,1.0,1.0,1.0,1.0,1.0,1.0,2.0,1.0
470,5,5,5,3,4,5,5,4,2,2,,30.0,5.0,,5.0,4.0,2.0,,,,6.0,,1.0,54.0,,,2.0,3.0,5.0,5.0,,,,,,,15.0,,,1.0,,,2.0,1.0,,5.0,,1.0,1.0,1.0,1.0,1.0,1.0,1.0,1.0,1.0,1.0,,,,,,,6.0,3.0,3.0,3.0,3.0,5.0,6.0,6.0,3.0,,,,,,,,,,,,2.0,1.0,2.0,1.0,1.0,1.0,1.0,2.0,1.0,2.0,1.0,1.0,1.0,1.0,1.0,2.0,1.0,1.0,1.0,2.0,2.0,1.0,1.0,1.0,1.0,1.0,1.0,1.0,2.0,2.0,2.0,1.0,1.0,2.0,1.0,1.0,1.0,1.0,1.0,1.0
696,2,3,3,2,3,3,4,2,2,2,70.0,,,2.0,,,,,,,6.0,,,,1.0,,2.0,3.0,4.0,5.0,,,,,,,15.0,,1.0,,,4.0,,1.0,,5.0,,1.0,1.0,1.0,1.0,1.0,1.0,1.0,1.0,1.0,1.0,,,,,,,6.0,3.0,3.0,3.0,3.0,5.0,6.0,6.0,3.0,,,,,,,,,,,,1.0,2.0,1.0,1.0,1.0,2.0,1.0,2.0,1.0,2.0,2.0,1.0,1.0,1.0,1.0,2.0,1.0,2.0,1.0,1.0,2.0,1.0,2.0,1.0,2.0,1.0,2.0,2.0,1.0,1.0,2.0,1.0,1.0,2.0,2.0,1.0,1.0,2.0,1.0,1.0
839,5,5,5,5,5,5,5,4,2,2,,30.0,5.0,,5.0,4.0,2.0,,,,,6.0,1.0,54.0,,,2.0,,,,,,,2.0,5.0,5.0,15.0,,1.0,,4.0,,,,1.0,,5.0,1.0,1.0,1.0,1.0,1.0,1.0,1.0,1.0,1.0,1.0,,,,,,,7.0,3.0,3.0,3.0,3.0,5.0,6.0,6.0,4.0,2.0,75.0,70.0,75.0,70.0,70.0,75.0,70.0,60.0,40.0,40.0,1.0,2.0,2.0,1.0,1.0,2.0,1.0,2.0,1.0,1.0,2.0,1.0,1.0,2.0,1.0,1.0,1.0,1.0,2.0,2.0,1.0,1.0,1.0,1.0,1.0,1.0,2.0,2.0,2.0,1.0,1.0,1.0,2.0,2.0,1.0,2.0,1.0,1.0,1.0,2.0
1324,5,5,5,5,5,5,5,4,2,3,70.0,,,2.0,,,,,,,6.0,,,,1.0,,2.0,,,,,,,3.0,5.0,5.0,15.0,,1.0,,,,3.0,1.0,,,5.0,1.0,1.0,1.0,1.0,1.0,1.0,1.0,1.0,1.0,1.0,,,,,,,6.0,3.0,3.0,3.0,3.0,5.0,6.0,6.0,4.0,,,,,,,,,,,,1.0,1.0,1.0,2.0,2.0,1.0,2.0,1.0,1.0,1.0,2.0,1.0,1.0,2.0,1.0,1.0,2.0,1.0,1.0,1.0,1.0,1.0,1.0,2.0,1.0,2.0,1.0,1.0,1.0,1.0,1.0,2.0,1.0,1.0,1.0,1.0,1.0,1.0,1.0,1.0
1257,5,5,5,4,4,5,5,4,1,1,,30.0,2.0,,,,,,,,6.0,,1.0,54.0,,1.0,,,,,2.0,5.0,5.0,,,,15.0,,1.0,,,3.0,,1.0,,5.0,,1.0,1.0,1.0,1.0,1.0,1.0,1.0,1.0,1.0,1.0,,,,,,,6.0,3.0,2.0,3.0,3.0,5.0,6.0,6.0,3.0,2.0,70.0,65.0,70.0,60.0,60.0,70.0,65.0,60.0,30.0,30.0,2.0,1.0,2.0,1.0,1.0,2.0,1.0,2.0,2.0,1.0,2.0,2.0,1.0,1.0,2.0,1.0,1.0,1.0,1.0,2.0,1.0,1.0,2.0,1.0,1.0,2.0,1.0,1.0,2.0,2.0,1.0,2.0,1.0,2.0,1.0,2.0,2.0,1.0,1.0,1.0
1538,5,5,5,5,5,5,5,5,1,1,70.0,,,2.0,5.0,4.0,2.0,,,,6.0,,,,1.0,1.0,,,,,2.0,5.0,5.0,,,,15.0,,1.0,,,,3.0,,1.0,5.0,,,,,,,,,,,,1.0,1.0,1.0,1.0,1.0,1.0,7.0,3.0,3.0,3.0,3.0,5.0,6.0,6.0,4.0,2.0,75.0,75.0,75.0,75.0,75.0,75.0,75.0,75.0,25.0,25.0,2.0,1.0,1.0,2.0,1.0,1.0,2.0,1.0,1.0,2.0,1.0,1.0,2.0,1.0,1.0,2.0,1.0,1.0,1.0,2.0,2.0,1.0,1.0,1.0,1.0,1.0,1.0,1.0,2.0,2.0,1.0,1.0,2.0,2.0,1.0,1.0,2.0,1.0,2.0,2.0
724,2,3,3,3,3,3,3,2,4,3,,30.0,,2.0,,,,,,,,6.0,,,1.0,,2.0,,,,,,,3.0,4.0,5.0,15.0,,1.0,,4.0,,,1.0,,,5.0,,,,,,,,,,,1.0,1.0,1.0,1.0,1.0,1.0,6.0,3.0,2.0,3.0,3.0,5.0,6.0,5.0,4.0,2.0,40.0,50.0,50.0,50.0,50.0,50.0,50.0,40.0,30.0,50.0,1.0,1.0,2.0,1.0,1.0,2.0,1.0,1.0,1.0,2.0,1.0,2.0,1.0,2.0,1.0,1.0,1.0,1.0,1.0,2.0,1.0,2.0,1.0,1.0,1.0,1.0,1.0,1.0,1.0,1.0,1.0,1.0,2.0,1.0,1.0,1.0,1.0,1.0,1.0,1.0
657,2,3,3,2,3,3,4,2,2,2,70.0,,,2.0,5.0,4.0,2.0,,,,6.0,,1.0,54.0,,1.0,,,,,,,,3.0,4.0,5.0,,15.0,,1.0,,4.0,,1.0,,4.0,,1.0,1.0,1.0,1.0,1.0,1.0,1.0,1.0,1.0,1.0,,,,,,,6.0,3.0,3.0,3.0,3.0,5.0,6.0,6.0,3.0,,,,,,,,,,,,1.0,1.0,2.0,1.0,1.0,1.0,2.0,2.0,2.0,2.0,1.0,1.0,2.0,1.0,1.0,2.0,1.0,1.0,1.0,1.0,1.0,1.0,1.0,2.0,1.0,1.0,2.0,2.0,1.0,1.0,1.0,1.0,2.0,1.0,1.0,1.0,1.0,1.0,1.0,1.0
138,5,5,5,4,4,5,5,4,2,2,,20.0,5.0,,,,,5.0,4.0,2.0,6.0,,,,1.0,,2.0,,,,,,,3.0,5.0,5.0,10.0,,,1.0,,,3.0,,,5.0,,1.0,1.0,1.0,1.0,1.0,1.0,1.0,1.0,1.0,1.0,,,,,,,7.0,3.0,3.0,3.0,3.0,5.0,6.0,6.0,3.0,,,,,,,,,,,,,,,,,,,,,,,,,,,,,,,,,,,,,,,,,,,,,,,,,,,
1351,2,3,3,2,3,3,3,2,4,3,,30.0,,2.0,,,,,,,6.0,,,,1.0,1.0,,3.0,4.0,5.0,,,,,,,15.0,,,1.0,4.0,,,,1.0,,5.0,1.0,1.0,1.0,1.0,1.0,1.0,1.0,1.0,1.0,1.0,,,,,,,6.0,3.0,3.0,3.0,3.0,5.0,6.0,6.0,3.0,2.0,55.0,50.0,50.0,40.0,45.0,50.0,50.0,40.0,35.0,45.0,1.0,2.0,1.0,2.0,1.0,2.0,1.0,1.0,2.0,2.0,1.0,1.0,1.0,2.0,1.0,1.0,1.0,1.0,1.0,2.0,2.0,1.0,1.0,2.0,1.0,1.0,2.0,1.0,1.0,1.0,2.0,1.0,1.0,1.0,1.0,2.0,1.0,1.0,1.0,1.0
1222,5,5,5,5,4,5,5,5,1,1,,30.0,,2.0,5.0,4.0,2.0,,,,6.0,,1.0,54.0,,,2.0,,,,2.0,5.0,5.0,,,,,15.0,,1.0,4.0,,,,1.0,,5.0,1.0,1.0,1.0,1.0,1.0,1.0,1.0,1.0,1.0,1.0,,,,,,,7.0,3.0,3.0,3.0,3.0,5.0,6.0,6.0,4.0,2.0,75.0,75.0,80.0,80.0,70.0,85.0,80.0,75.0,30.0,30.0,1.0,2.0,1.0,1.0,2.0,1.0,2.0,1.0,1.0,1.0,2.0,1.0,1.0,1.0,1.0,1.0,2.0,1.0,1.0,2.0,1.0,2.0,1.0,1.0,2.0,1.0,1.0,2.0,2.0,2.0,1.0,1.0,2.0,1.0,1.0,1.0,1.0,1.0,2.0,1.0
751,5,5,5,4,4,5,5,4,1,2,,30.0,,2.0,,,,,,,6.0,,,,1.0,1.0,,,,,2.0,5.0,5.0,,,,,10.0,,1.0,4.0,,,1.0,,5.0,,,,,,,,,,,,1.0,1.0,1.0,1.0,1.0,1.0,6.0,3.0,3.0,3.0,3.0,5.0,6.0,6.0,4.0,2.0,75.0,70.0,75.0,60.0,60.0,75.0,70.0,65.0,30.0,40.0,1.0,1.0,2.0,1.0,1.0,2.0,1.0,2.0,2.0,1.0,1.0,1.0,2.0,1.0,2.0,2.0,1.0,1.0,1.0,1.0,2.0,2.0,1.0,1.0,2.0,1.0,1.0,1.0,1.0,2.0,1.0,2.0,1.0,1.0,1.0,1.0,1.0,1.0,1.0,1.0
622,4,4,4,2,3,4,4,3,2,3,70.0,,5.0,,,,,5.0,4.0,2.0,,6.0,,,1.0,,2.0,,,,,,,3.0,5.0,5.0,,12.0,,1.0,4.0,,,1.0,,5.0,,,,,,,,,,,,1.0,1.0,1.0,1.0,1.0,1.0,7.0,3.0,3.0,3.0,3.0,5.0,6.0,6.0,4.0,2.0,65.0,60.0,60.0,40.0,50.0,60.0,60.0,50.0,40.0,50.0,2.0,2.0,2.0,1.0,1.0,1.0,1.0,1.0,1.0,1.0,1.0,2.0,1.0,1.0,2.0,2.0,1.0,1.0,1.0,1.0,1.0,1.0,1.0,1.0,1.0,2.0,1.0,2.0,1.0,2.0,1.0,1.0,1.0,1.0,1.0,1.0,1.0,1.0,1.0,1.0
1877,5,5,5,5,5,5,5,5,2,3,70.0,,,2.0,5.0,4.0,3.0,,,,6.0,,,,1.0,,2.0,,,,2.0,5.0,5.0,,,,,15.0,1.0,,4.0,,,,1.0,,5.0,1.0,1.0,1.0,1.0,1.0,1.0,1.0,1.0,1.0,1.0,,,,,,,6.0,3.0,3.0,3.0,3.0,5.0,6.0,6.0,4.0,2.0,75.0,75.0,80.0,80.0,80.0,80.0,80.0,75.0,40.0,50.0,2.0,2.0,2.0,1.0,1.0,1.0,1.0,1.0,1.0,1.0,1.0,1.0,2.0,1.0,1.0,2.0,1.0,1.0,1.0,1.0,,,,,,,,,,,,,,,,,,,,
1904,5,5,5,4,4,5,5,5,2,3,,30.0,5.0,,,,,5.0,4.0,2.0,,6.0,,,1.0,,2.0,,,,,,,2.0,5.0,5.0,,12.0,,1.0,,4.0,,1.0,,5.0,,1.0,1.0,1.0,1.0,1.0,1.0,1.0,1.0,1.0,1.0,,,,,,,7.0,3.0,3.0,3.0,3.0,5.0,6.0,6.0,3.0,2.0,75.0,70.0,75.0,60.0,60.0,75.0,75.0,70.0,40.0,50.0,1.0,1.0,1.0,2.0,1.0,2.0,1.0,1.0,2.0,1.0,1.0,1.0,1.0,2.0,1.0,1.0,1.0,1.0,2.0,1.0,2.0,1.0,1.0,1.0,1.0,1.0,1.0,1.0,1.0,1.0,1.0,1.0,1.0,1.0,1.0,1.0,1.0,1.0,1.0,1.0
1390,5,5,5,4,4,5,5,4,2,2,70.0,,,2.0,5.0,4.0,3.0,,,,,6.0,1.0,54.0,,1.0,,3.0,5.0,5.0,,,,,,,,15.0,1.0,,,4.0,,1.0,,,5.0,,,,,,,,,,,1.0,1.0,1.0,1.0,1.0,1.0,7.0,3.0,3.0,3.0,3.0,5.0,6.0,6.0,3.0,2.0,75.0,70.0,75.0,60.0,60.0,75.0,70.0,65.0,40.0,40.0,1.0,2.0,1.0,1.0,1.0,2.0,1.0,1.0,1.0,2.0,2.0,1.0,1.0,1.0,2.0,1.0,1.0,2.0,1.0,1.0,2.0,1.0,1.0,1.0,2.0,1.0,1.0,1.0,2.0,1.0,2.0,1.0,2.0,1.0,1.0,1.0,2.0,1.0,1.0,1.0
1619,5,5,5,5,5,5,5,4,2,2,,20.0,5.0,,,,,5.0,4.0,2.0,,6.0,,,1.0,1.0,,,,,2.0,5.0,5.0,,,,,12.0,,1.0,,,2.0,1.0,,5.0,,1.0,1.0,1.0,1.0,1.0,1.0,1.0,1.0,1.0,1.0,,,,,,,6.0,3.0,3.0,3.0,3.0,5.0,6.0,6.0,4.0,,,,,,,,,,,,1.0,1.0,1.0,2.0,2.0,1.0,2.0,1.0,2.0,1.0,1.0,1.0,1.0,1.0,1.0,1.0,1.0,2.0,2.0,1.0,1.0,1.0,1.0,1.0,1.0,2.0,1.0,1.0,1.0,1.0,1.0,2.0,1.0,1.0,1.0,1.0,2.0,1.0,1.0,1.0
1176,4,4,4,3,4,4,4,3,2,2,,30.0,5.0,,,,,,,,6.0,,,,1.0,1.0,,,,,3.0,4.0,5.0,,,,,15.0,,1.0,,4.0,,1.0,,4.0,,1.0,1.0,1.0,1.0,1.0,1.0,1.0,1.0,1.0,1.0,,,,,,,6.0,3.0,3.0,3.0,3.0,5.0,6.0,6.0,3.0,2.0,65.0,60.0,60.0,50.0,60.0,60.0,60.0,50.0,40.0,40.0,2.0,1.0,2.0,2.0,1.0,2.0,1.0,1.0,1.0,2.0,1.0,1.0,1.0,2.0,1.0,1.0,1.0,1.0,2.0,1.0,1.0,1.0,1.0,1.0,1.0,1.0,2.0,2.0,2.0,1.0,1.0,1.0,2.0,1.0,1.0,1.0,1.0,1.0,2.0,1.0
1005,5,5,5,5,5,5,5,5,2,2,70.0,,,1.0,,,,,,,6.0,,1.0,54.0,,,2.0,,,,,,,2.0,5.0,5.0,15.0,,,1.0,,3.0,,,1.0,5.0,,,,,,,,,,,,1.0,1.0,1.0,1.0,1.0,1.0,6.0,3.0,3.0,3.0,3.0,5.0,6.0,6.0,4.0,2.0,80.0,80.0,85.0,85.0,85.0,85.0,85.0,80.0,30.0,30.0,1.0,1.0,2.0,1.0,2.0,1.0,1.0,2.0,2.0,1.0,1.0,1.0,1.0,2.0,2.0,1.0,1.0,2.0,2.0,1.0,1.0,1.0,1.0,1.0,1.0,2.0,2.0,1.0,1.0,2.0,1.0,2.0,1.0,1.0,1.0,1.0,2.0,1.0,1.0,1.0
790,5,5,5,4,4,5,5,4,2,2,,30.0,5.0,,,,,5.0,4.0,2.0,6.0,,1.0,54.0,,,2.0,,,,,,,3.0,5.0,5.0,,10.0,,1.0,,4.0,,1.0,,5.0,,1.0,1.0,1.0,1.0,1.0,1.0,1.0,1.0,1.0,1.0,,,,,,,7.0,3.0,3.0,3.0,3.0,5.0,6.0,6.0,4.0,2.0,80.0,80.0,80.0,70.0,70.0,80.0,80.0,70.0,40.0,40.0,1.0,2.0,2.0,2.0,1.0,1.0,1.0,2.0,1.0,2.0,1.0,1.0,1.0,2.0,1.0,1.0,1.0,2.0,2.0,2.0,1.0,1.0,1.0,1.0,2.0,2.0,1.0,1.0,1.0,1.0,1.0,1.0,1.0,1.0,1.0,1.0,1.0,1.0,1.0,1.0
219,5,5,5,5,5,5,5,4,2,3,70.0,,5.0,,5.0,4.0,2.0,,,,6.0,,1.0,54.0,,,2.0,3.0,5.0,5.0,,,,,,,,15.0,1.0,,,4.0,,1.0,,5.0,,,,,,,,,,,,1.0,1.0,1.0,1.0,1.0,1.0,6.0,3.0,3.0,3.0,3.0,5.0,6.0,6.0,4.0,2.0,75.0,70.0,75.0,70.0,70.0,75.0,70.0,60.0,40.0,50.0,2.0,1.0,1.0,2.0,1.0,1.0,1.0,2.0,1.0,1.0,1.0,2.0,2.0,2.0,1.0,1.0,2.0,1.0,1.0,1.0,1.0,1.0,1.0,1.0,2.0,2.0,1.0,1.0,1.0,1.0,1.0,1.0,2.0,1.0,1.0,1.0,2.0,2.0,1.0,2.0
576,5,5,5,5,5,5,5,5,1,1,,20.0,,2.0,5.0,4.0,2.0,,,,6.0,,,,1.0,1.0,,4.0,5.0,5.0,,,,,,,15.0,,,1.0,4.0,,,,,,,,,,,,,,,,,,,,,,,,,,,,,,,,,,,,,,,,,,,,,,,,,,,,,,,,,,,,,,,,,,,,,,,,,,,,,,,,,,
405,5,5,5,4,4,5,5,5,2,2,,30.0,5.0,,4.0,4.0,2.0,,,,,6.0,,,1.0,,2.0,,,,2.0,5.0,5.0,,,,15.0,,,1.0,,4.0,,1.0,,5.0,,1.0,1.0,1.0,1.0,1.0,1.0,1.0,1.0,1.0,1.0,,,,,,,7.0,3.0,3.0,3.0,3.0,5.0,6.0,6.0,3.0,,,,,,,,,,,,1.0,2.0,1.0,1.0,1.0,2.0,1.0,1.0,1.0,2.0,1.0,2.0,1.0,1.0,1.0,2.0,1.0,1.0,1.0,2.0,1.0,1.0,1.0,1.0,2.0,2.0,1.0,1.0,2.0,1.0,2.0,1.0,1.0,2.0,1.0,1.0,1.0,2.0,1.0,1.0
1547,1,2,2,1,2,3,3,1,1,1,,30.0,,1.0,,,,,,,6.0,,1.0,54.0,,,2.0,2.0,4.0,5.0,,,,,,,15.0,,1.0,,3.0,,,1.0,,,5.0,,,,,,,,,,,1.0,1.0,1.0,1.0,1.0,1.0,7.0,3.0,2.0,2.0,3.0,5.0,6.0,6.0,4.0,2.0,30.0,40.0,40.0,25.0,30.0,50.0,50.0,25.0,20.0,20.0,1.0,2.0,2.0,1.0,2.0,1.0,2.0,2.0,1.0,2.0,1.0,2.0,1.0,1.0,1.0,1.0,1.0,2.0,2.0,2.0,2.0,1.0,2.0,1.0,2.0,1.0,1.0,2.0,1.0,1.0,2.0,1.0,2.0,2.0,2.0,1.0,1.0,1.0,1.0,1.0
1434,5,5,5,3,4,5,5,4,2,2,,30.0,5.0,,5.0,4.0,3.0,,,,,6.0,1.0,54.0,,,2.0,,,,,,,3.0,5.0,5.0,,10.0,,1.0,4.0,,,,1.0,,5.0,,,,,,,,,,,1.0,1.0,1.0,1.0,1.0,1.0,7.0,3.0,3.0,3.0,3.0,5.0,6.0,6.0,4.0,2.0,80.0,75.0,80.0,50.0,60.0,80.0,80.0,60.0,40.0,40.0,2.0,1.0,1.0,2.0,1.0,2.0,1.0,2.0,2.0,1.0,2.0,1.0,1.0,2.0,1.0,1.0,2.0,1.0,2.0,1.0,1.0,1.0,2.0,1.0,2.0,1.0,1.0,1.0,1.0,1.0,1.0,1.0,1.0,1.0,1.0,2.0,1.0,1.0,1.0,1.0
1228,5,5,5,5,5,5,5,5,1,1,,30.0,6.0,,5.0,4.0,2.0,,,,6.0,,1.0,54.0,,,2.0,3.0,5.0,5.0,,,,,,,15.0,,1.0,,,4.0,,1.0,,,6.0,1.0,1.0,1.0,1.0,1.0,1.0,1.0,1.0,1.0,1.0,,,,,,,7.0,3.0,4.0,3.0,3.0,5.0,6.0,6.0,4.0,,,,,,,,,,,,2.0,2.0,1.0,1.0,1.0,1.0,1.0,2.0,1.0,1.0,1.0,2.0,2.0,1.0,1.0,2.0,1.0,1.0,2.0,2.0,1.0,1.0,2.0,1.0,1.0,2.0,1.0,2.0,1.0,2.0,2.0,1.0,1.0,1.0,1.0,1.0,2.0,2.0,1.0,1.0
147,5,5,5,2,3,5,5,4,2,2,70.0,,5.0,,,,,5.0,4.0,2.0,,6.0,,,1.0,,2.0,,,,3.0,5.0,5.0,,,,,15.0,,1.0,,,3.0,1.0,,4.0,,,,,,,,,,,,1.0,1.0,1.0,1.0,1.0,1.0,7.0,3.0,3.0,3.0,3.0,5.0,6.0,6.0,4.0,2.0,80.0,80.0,80.0,50.0,60.0,80.0,80.0,70.0,40.0,40.0,1.0,1.0,1.0,2.0,2.0,1.0,1.0,2.0,2.0,1.0,2.0,1.0,1.0,1.0,1.0,1.0,1.0,1.0,1.0,1.0,1.0,1.0,1.0,2.0,2.0,2.0,1.0,1.0,2.0,1.0,1.0,1.0,1.0,1.0,2.0,1.0,1.0,2.0,2.0,2.0
628,4,4,4,2,3,4,4,3,2,2,70.0,,,2.0,,,,,,,6.0,,1.0,54.0,,1.0,,,,,2.0,4.0,5.0,,,,,12.0,1.0,,4.0,,,,1.0,5.0,,,,,,,,,,,,1.0,1.0,1.0,1.0,1.0,1.0,6.0,3.0,3.0,3.0,3.0,5.0,6.0,6.0,4.0,,,,,,,,,,,,2.0,1.0,2.0,1.0,2.0,1.0,1.0,2.0,1.0,1.0,2.0,1.0,2.0,1.0,1.0,1.0,2.0,1.0,1.0,1.0,1.0,2.0,1.0,1.0,1.0,1.0,1.0,1.0,1.0,1.0,1.0,2.0,1.0,1.0,1.0,1.0,2.0,1.0,1.0,1.0
846,5,5,5,5,5,5,5,5,2,3,,30.0,,2.0,,,,,,,6.0,,1.0,54.0,,,2.0,,,,2.0,5.0,5.0,,,,,10.0,,1.0,,,3.0,1.0,,5.0,,1.0,1.0,1.0,1.0,1.0,1.0,1.0,1.0,1.0,1.0,,,,,,,7.0,3.0,3.0,3.0,3.0,5.0,6.0,6.0,4.0,2.0,80.0,75.0,85.0,80.0,80.0,85.0,80.0,75.0,40.0,50.0,1.0,1.0,1.0,1.0,1.0,2.0,1.0,1.0,1.0,1.0,1.0,2.0,2.0,1.0,1.0,1.0,1.0,2.0,1.0,1.0,1.0,1.0,1.0,1.0,2.0,1.0,1.0,1.0,2.0,1.0,1.0,1.0,1.0,1.0,1.0,1.0,1.0,1.0,2.0,1.0
935,3,4,4,2,3,3,4,2,2,2,70.0,,2.0,,,,,5.0,4.0,2.0,6.0,,,,1.0,,2.0,2.0,4.0,5.0,,,,,,,,10.0,1.0,,,,3.0,1.0,,5.0,,,,,,,,,,,,1.0,1.0,1.0,1.0,1.0,1.0,6.0,3.0,3.0,3.0,3.0,5.0,5.0,5.0,3.0,,,,,,,,,,,,2.0,1.0,1.0,1.0,2.0,2.0,2.0,2.0,2.0,1.0,1.0,1.0,1.0,1.0,1.0,1.0,1.0,1.0,1.0,1.0,1.0,1.0,2.0,1.0,2.0,1.0,1.0,1.0,2.0,1.0,1.0,1.0,1.0,1.0,1.0,2.0,1.0,2.0,1.0,1.0
1760,5,5,5,5,5,5,5,5,2,3,70.0,,5.0,,5.0,4.0,2.0,,,,,6.0,,,1.0,,2.0,,,,3.0,5.0,5.0,,,,,10.0,,1.0,,3.0,,,1.0,5.0,,,,,,,,,,,,1.0,1.0,1.0,1.0,1.0,1.0,6.0,3.0,3.0,3.0,4.0,5.0,6.0,6.0,4.0,2.0,75.0,75.0,80.0,85.0,85.0,85.0,80.0,75.0,40.0,50.0,1.0,1.0,2.0,1.0,2.0,2.0,1.0,1.0,1.0,1.0,1.0,2.0,1.0,2.0,2.0,1.0,1.0,1.0,2.0,1.0,,,,,,,,,,,,,,,,,,,,
1613,5,5,5,5,5,5,5,5,2,3,70.0,,5.0,,,,,5.0,4.0,2.0,6.0,,,,1.0,,2.0,3.0,5.0,5.0,,,,,,,,12.0,,1.0,,,3.0,1.0,,5.0,,1.0,1.0,1.0,1.0,1.0,1.0,1.0,1.0,1.0,1.0,,,,,,,6.0,3.0,3.0,3.0,3.0,5.0,6.0,6.0,4.0,2.0,75.0,75.0,75.0,75.0,75.0,75.0,75.0,75.0,25.0,50.0,1.0,2.0,1.0,1.0,1.0,1.0,2.0,1.0,1.0,1.0,1.0,1.0,2.0,2.0,1.0,1.0,2.0,1.0,1.0,2.0,1.0,1.0,1.0,2.0,1.0,1.0,1.0,1.0,1.0,1.0,1.0,1.0,2.0,1.0,2.0,1.0,1.0,1.0,1.0,1.0
1586,5,5,5,4,4,5,5,4,2,3,,30.0,5.0,,,,,5.0,4.0,2.0,,6.0,,,1.0,1.0,,,,,,,,3.0,5.0,5.0,15.0,,1.0,,,4.0,,1.0,,,5.0,1.0,1.0,1.0,1.0,1.0,1.0,1.0,1.0,1.0,1.0,,,,,,,6.0,3.0,3.0,3.0,3.0,5.0,5.0,5.0,4.0,,,,,,,,,,,,2.0,2.0,1.0,1.0,2.0,1.0,1.0,1.0,1.0,1.0,1.0,1.0,2.0,1.0,2.0,1.0,1.0,1.0,2.0,1.0,1.0,1.0,1.0,1.0,1.0,1.0,1.0,1.0,1.0,2.0,2.0,1.0,2.0,1.0,1.0,1.0,1.0,2.0,1.0,1.0
360,2,3,3,1,2,3,3,2,1,1,,30.0,,2.0,,,,,,,6.0,,,,1.0,,2.0,,,,2.0,5.0,5.0,,,,5.0,,1.0,,4.0,,,,1.0,5.0,,,,,,,,,,,,1.0,1.0,1.0,1.0,1.0,1.0,7.0,3.0,3.0,3.0,3.0,5.0,6.0,6.0,4.0,2.0,40.0,50.0,50.0,20.0,30.0,50.0,50.0,40.0,20.0,20.0,1.0,1.0,1.0,2.0,2.0,1.0,2.0,2.0,2.0,1.0,1.0,1.0,2.0,1.0,1.0,2.0,1.0,1.0,1.0,1.0,2.0,2.0,2.0,2.0,2.0,1.0,1.0,1.0,1.0,1.0,1.0,2.0,1.0,2.0,2.0,2.0,2.0,1.0,1.0,1.0
213,5,5,5,4,4,5,5,4,2,2,,30.0,,2.0,,,,,,,,6.0,,,1.0,1.0,,,,,,,,2.0,5.0,5.0,15.0,,1.0,,,3.0,,,1.0,5.0,,1.0,1.0,1.0,1.0,1.0,1.0,1.0,1.0,1.0,1.0,,,,,,,7.0,3.0,3.0,3.0,3.0,5.0,6.0,6.0,4.0,2.0,75.0,75.0,80.0,65.0,65.0,80.0,75.0,65.0,40.0,40.0,2.0,2.0,1.0,2.0,2.0,1.0,1.0,2.0,1.0,1.0,2.0,1.0,2.0,2.0,1.0,2.0,1.0,1.0,2.0,1.0,1.0,2.0,2.0,1.0,2.0,1.0,1.0,1.0,1.0,2.0,1.0,1.0,2.0,2.0,1.0,2.0,2.0,1.0,2.0,1.0
186,5,5,5,5,5,5,5,5,2,3,70.0,,,1.0,,,,,,,,,,,1.0,,2.0,3.0,5.0,5.0,,,,,,,,12.0,1.0,,,4.0,,,1.0,,5.0,1.0,1.0,1.0,1.0,1.0,1.0,1.0,1.0,1.0,1.0,,,,,,,7.0,3.0,3.0,3.0,3.0,5.0,6.0,6.0,4.0,2.0,75.0,75.0,75.0,75.0,75.0,75.0,75.0,75.0,40.0,50.0,1.0,1.0,1.0,1.0,2.0,1.0,1.0,1.0,1.0,1.0,1.0,2.0,1.0,1.0,1.0,2.0,1.0,1.0,1.0,1.0,1.0,2.0,2.0,1.0,1.0,1.0,1.0,1.0,2.0,1.0,1.0,1.0,1.0,2.0,2.0,1.0,1.0,1.0,1.0,1.0
887,5,5,5,4,4,5,5,5,2,2,,30.0,5.0,,5.0,4.0,2.0,,,,,6.0,,,1.0,1.0,,,,,,,,3.0,5.0,5.0,,10.0,,1.0,,4.0,,,1.0,,5.0,1.0,1.0,1.0,1.0,1.0,1.0,1.0,1.0,1.0,1.0,,,,,,,7.0,3.0,3.0,3.0,3.0,5.0,6.0,6.0,4.0,2.0,75.0,75.0,80.0,65.0,65.0,75.0,75.0,70.0,40.0,40.0,1.0,2.0,1.0,2.0,1.0,2.0,1.0,1.0,2.0,2.0,1.0,1.0,2.0,1.0,2.0,1.0,1.0,1.0,2.0,1.0,1.0,1.0,1.0,1.0,2.0,2.0,2.0,1.0,1.0,1.0,2.0,1.0,1.0,1.0,1.0,1.0,2.0,1.0,1.0,1.0
11,2,4,4,2,3,4,4,2,2,3,70.0,,2.0,,,,,,,,,6.0,,,1.0,1.0,,3.0,4.0,5.0,,,,,,,15.0,,,1.0,,3.0,,,1.0,4.0,,,,,,,,,,,,1.0,1.0,1.0,1.0,1.0,1.0,7.0,3.0,3.0,3.0,3.0,5.0,6.0,6.0,3.0,,,,,,,,,,,,1.0,2.0,1.0,2.0,1.0,2.0,1.0,1.0,1.0,2.0,1.0,1.0,2.0,1.0,1.0,2.0,1.0,1.0,2.0,2.0,1.0,1.0,2.0,1.0,2.0,1.0,1.0,1.0,1.0,2.0,2.0,1.0,1.0,1.0,2.0,2.0,1.0,2.0,2.0,2.0
1480,5,5,5,5,5,5,5,5,1,2,70.0,,,,5.0,4.0,2.0,,,,,6.0,1.0,54.0,,1.0,,3.0,5.0,5.0,,,,,,,,15.0,,1.0,4.0,,,1.0,,5.0,,1.0,1.0,1.0,1.0,1.0,1.0,1.0,1.0,1.0,1.0,,,,,,,7.0,3.0,3.0,3.0,3.0,6.0,6.0,6.0,4.0,2.0,80.0,85.0,90.0,85.0,80.0,90.0,85.0,80.0,30.0,40.0,1.0,2.0,2.0,2.0,1.0,2.0,1.0,1.0,1.0,1.0,2.0,2.0,2.0,2.0,2.0,2.0,1.0,1.0,1.0,1.0,2.0,1.0,1.0,1.0,1.0,1.0,1.0,1.0,1.0,1.0,2.0,2.0,2.0,1.0,2.0,2.0,2.0,1.0,2.0,1.0
1109,2,3,3,2,3,3,3,2,4,4,70.0,,2.0,,,,,5.0,4.0,2.0,,6.0,1.0,54.0,,1.0,,,,,,,,2.0,4.0,5.0,15.0,,,1.0,,,3.0,,1.0,,5.0,1.0,1.0,1.0,1.0,1.0,1.0,1.0,1.0,1.0,1.0,,,,,,,6.0,3.0,2.0,3.0,3.0,5.0,6.0,6.0,3.0,,,,,,,,,,,,1.0,1.0,2.0,1.0,2.0,1.0,1.0,1.0,2.0,1.0,2.0,1.0,1.0,2.0,1.0,1.0,1.0,1.0,1.0,2.0,2.0,1.0,2.0,1.0,1.0,1.0,1.0,1.0,1.0,2.0,2.0,1.0,1.0,1.0,1.0,2.0,1.0,1.0,1.0,1.0
1715,4,4,4,2,3,4,4,3,2,3,,30.0,5.0,,,,,5.0,4.0,2.0,6.0,,,,1.0,,2.0,,,,,,,2.0,4.0,5.0,,15.0,1.0,,,3.0,,,1.0,4.0,,,,,,,,,,,,1.0,1.0,1.0,1.0,1.0,1.0,6.0,3.0,3.0,3.0,3.0,5.0,6.0,6.0,3.0,2.0,65.0,60.0,60.0,40.0,50.0,60.0,60.0,50.0,40.0,50.0,2.0,1.0,2.0,2.0,1.0,1.0,1.0,1.0,2.0,1.0,2.0,1.0,1.0,2.0,2.0,1.0,1.0,1.0,1.0,2.0,1.0,1.0,1.0,2.0,1.0,1.0,2.0,1.0,1.0,2.0,1.0,1.0,1.0,1.0,2.0,2.0,2.0,1.0,2.0,1.0
1666,4,4,4,3,3,4,4,3,2,2,70.0,,,2.0,,,,,,,,6.0,,,1.0,1.0,,,,,3.0,5.0,5.0,,,,,15.0,,1.0,,3.0,,1.0,,5.0,,,,,,,,,,,,1.0,1.0,1.0,1.0,1.0,1.0,6.0,3.0,3.0,3.0,3.0,5.0,6.0,6.0,3.0,2.0,65.0,60.0,60.0,50.0,50.0,60.0,60.0,50.0,40.0,40.0,1.0,2.0,2.0,1.0,1.0,2.0,1.0,1.0,2.0,1.0,1.0,1.0,1.0,1.0,1.0,2.0,1.0,2.0,1.0,1.0,2.0,1.0,1.0,2.0,1.0,2.0,1.0,1.0,2.0,1.0,1.0,1.0,1.0,1.0,1.0,1.0,1.0,1.0,1.0,1.0
509,2,3,3,1,2,3,3,2,1,2,70.0,,2.0,,,,,5.0,4.0,2.0,6.0,,1.0,54.0,,,2.0,3.0,4.0,5.0,,,,,,,15.0,,1.0,,4.0,,,1.0,,,5.0,1.0,1.0,1.0,1.0,1.0,1.0,1.0,1.0,1.0,1.0,,,,,,,6.0,3.0,3.0,3.0,3.0,5.0,6.0,6.0,4.0,2.0,40.0,35.0,35.0,20.0,25.0,35.0,35.0,40.0,20.0,25.0,1.0,1.0,2.0,2.0,1.0,2.0,1.0,1.0,1.0,2.0,1.0,1.0,2.0,1.0,2.0,1.0,2.0,2.0,1.0,1.0,2.0,2.0,2.0,1.0,1.0,1.0,2.0,1.0,2.0,1.0,1.0,1.0,2.0,1.0,2.0,2.0,1.0,1.0,1.0,1.0
315,5,5,5,5,5,5,5,5,2,2,70.0,,,2.0,,,,,,,6.0,,,,1.0,1.0,,3.0,5.0,5.0,,,,,,,,15.0,,1.0,,,3.0,1.0,,5.0,,1.0,1.0,1.0,1.0,1.0,1.0,1.0,1.0,1.0,1.0,,,,,,,6.0,3.0,3.0,3.0,3.0,5.0,6.0,6.0,4.0,2.0,80.0,80.0,85.0,85.0,85.0,85.0,85.0,80.0,40.0,40.0,2.0,1.0,1.0,2.0,2.0,1.0,1.0,1.0,2.0,1.0,1.0,2.0,2.0,1.0,1.0,1.0,1.0,1.0,2.0,1.0,2.0,1.0,1.0,1.0,1.0,1.0,1.0,2.0,2.0,1.0,1.0,1.0,1.0,1.0,1.0,1.0,1.0,1.0,2.0,2.0
266,2,3,3,2,3,3,3,2,4,3,70.0,,,2.0,,,,,,,6.0,,,,1.0,1.0,,,,,3.0,4.0,5.0,,,,15.0,,1.0,,,4.0,,,1.0,5.0,,1.0,1.0,1.0,1.0,1.0,1.0,1.0,1.0,1.0,1.0,,,,,,,6.0,3.0,3.0,3.0,3.0,5.0,6.0,6.0,3.0,,,,,,,,,,,,1.0,2.0,1.0,1.0,1.0,2.0,1.0,2.0,1.0,2.0,1.0,2.0,2.0,1.0,1.0,1.0,2.0,2.0,1.0,1.0,2.0,1.0,1.0,1.0,1.0,1.0,1.0,2.0,1.0,1.0,1.0,2.0,1.0,1.0,2.0,2.0,1.0,1.0,1.0,1.0
2015,5,5,5,2,4,5,5,5,2,2,70.0,,,2.0,,,,,,,,6.0,,,1.0,,2.0,,,,,,,3.0,5.0,5.0,15.0,,1.0,,,4.0,,1.0,,,5.0,,,,,,,,,,,1.0,1.0,1.0,1.0,1.0,1.0,6.0,3.0,3.0,3.0,3.0,5.0,6.0,6.0,4.0,2.0,75.0,75.0,75.0,40.0,60.0,75.0,75.0,75.0,40.0,40.0,1.0,2.0,1.0,1.0,2.0,2.0,1.0,2.0,2.0,1.0,1.0,1.0,1.0,1.0,2.0,2.0,1.0,1.0,1.0,1.0,1.0,1.0,1.0,1.0,1.0,2.0,1.0,1.0,1.0,2.0,1.0,1.0,1.0,1.0,1.0,1.0,1.0,1.0,1.0,1.0
64,5,5,5,4,4,5,5,5,2,2,70.0,,,2.0,,,,,,,6.0,,1.0,54.0,,1.0,,2.0,5.0,5.0,,,,,,,5.0,,1.0,,,4.0,,,1.0,5.0,,,,,,,,,,,,1.0,1.0,1.0,1.0,1.0,1.0,6.0,3.0,3.0,3.0,3.0,5.0,6.0,6.0,4.0,2.0,80.0,80.0,85.0,70.0,70.0,85.0,80.0,80.0,40.0,40.0,1.0,2.0,1.0,2.0,1.0,1.0,1.0,2.0,2.0,1.0,1.0,2.0,1.0,1.0,1.0,1.0,1.0,2.0,1.0,2.0,1.0,1.0,2.0,1.0,1.0,2.0,1.0,2.0,1.0,1.0,1.0,2.0,2.0,1.0,1.0,1.0,2.0,2.0,1.0,1.0
981,5,5,5,4,4,5,5,4,2,2,,30.0,5.0,,,,,5.0,4.0,2.0,,6.0,,,1.0,1.0,,3.0,5.0,5.0,,,,,,,,15.0,1.0,,4.0,,,1.0,,5.0,,,,,,,,,,,,,,,,,,,,,,,,,,,,70.0,70.0,75.0,60.0,60.0,75.0,70.0,60.0,40.0,40.0,2.0,1.0,2.0,1.0,1.0,2.0,1.0,1.0,2.0,2.0,1.0,1.0,1.0,1.0,1.0,1.0,1.0,1.0,1.0,2.0,1.0,1.0,1.0,2.0,1.0,1.0,1.0,1.0,1.0,2.0,1.0,1.0,1.0,1.0,1.0,1.0,1.0,1.0,2.0,2.0
1808,5,5,5,5,5,5,5,5,2,2,,30.0,,,5.0,4.0,2.0,,,,6.0,,1.0,54.0,,,2.0,,,,3.0,5.0,5.0,,,,15.0,,1.0,,,,,,,,,,,,,,,,,,,,,,,,,,,,,,,,,,,,,,,,,,,,,,,,,,,,,,,,,,,,,,,,,,,,,,,,,,,,,,,,,,,,
1532,2,3,3,2,3,4,4,2,2,3,,30.0,,2.0,,,,,,,6.0,,,,1.0,,2.0,,,,2.0,4.0,5.0,,,,,12.0,1.0,,4.0,,,,1.0,,5.0,1.0,1.0,1.0,1.0,1.0,1.0,1.0,1.0,1.0,1.0,,,,,,,6.0,3.0,2.0,3.0,3.0,5.0,6.0,6.0,3.0,2.0,40.0,50.0,50.0,30.0,40.0,60.0,60.0,30.0,30.0,40.0,1.0,1.0,1.0,2.0,2.0,2.0,1.0,1.0,1.0,2.0,1.0,1.0,2.0,2.0,2.0,1.0,1.0,2.0,1.0,1.0,2.0,1.0,1.0,2.0,1.0,1.0,1.0,1.0,1.0,1.0,2.0,1.0,1.0,2.0,2.0,1.0,1.0,1.0,1.0,1.0
1441,5,5,5,5,5,5,5,4,2,2,70.0,,,2.0,,,,,,,6.0,,,,1.0,1.0,,,,,,,,2.0,5.0,5.0,,10.0,,1.0,4.0,,,,1.0,,5.0,,,,,,,,,,,1.0,1.0,1.0,1.0,1.0,1.0,7.0,3.0,3.0,3.0,3.0,5.0,6.0,6.0,3.0,2.0,75.0,75.0,80.0,80.0,80.0,80.0,80.0,70.0,30.0,30.0,1.0,1.0,2.0,2.0,1.0,2.0,2.0,2.0,1.0,1.0,1.0,2.0,1.0,2.0,1.0,2.0,1.0,2.0,1.0,1.0,1.0,1.0,2.0,1.0,1.0,1.0,1.0,1.0,2.0,1.0,2.0,1.0,1.0,2.0,1.0,2.0,2.0,1.0,1.0,1.0
132,2,3,3,2,3,3,3,2,2,3,70.0,,,2.0,,,,,,,,6.0,1.0,54.0,,1.0,,,,,,,,2.0,4.0,5.0,,15.0,,2.0,3.0,,,1.0,,,5.0,1.0,1.0,1.0,1.0,1.0,1.0,1.0,1.0,1.0,1.0,,,,,,,6.0,3.0,2.0,3.0,3.0,5.0,6.0,6.0,3.0,2.0,40.0,50.0,50.0,40.0,50.0,50.0,50.0,40.0,40.0,50.0,2.0,1.0,2.0,2.0,2.0,1.0,2.0,2.0,2.0,1.0,1.0,2.0,2.0,1.0,2.0,2.0,1.0,2.0,2.0,1.0,,,,,,,,,,,,,,,,,,,,
833,5,5,5,4,4,5,5,4,2,2,70.0,,,2.0,5.0,4.0,2.0,,,,,6.0,,,1.0,1.0,,,,,3.0,5.0,5.0,,,,15.0,,,1.0,,3.0,,,1.0,,5.0,,,,,,,,,,,1.0,1.0,1.0,1.0,1.0,1.0,6.0,3.0,3.0,3.0,3.0,5.0,6.0,6.0,3.0,2.0,70.0,70.0,70.0,60.0,60.0,70.0,70.0,60.0,40.0,40.0,1.0,2.0,1.0,2.0,1.0,1.0,2.0,1.0,1.0,1.0,1.0,1.0,1.0,1.0,1.0,2.0,2.0,1.0,1.0,1.0,,,,,,,,,,,,,,,,,,,,
940,5,5,5,5,5,5,5,5,1,2,70.0,,,2.0,,,,,,,,6.0,1.0,54.0,,1.0,,2.0,5.0,5.0,,,,,,,15.0,,1.0,,4.0,,,1.0,,,5.0,1.0,1.0,1.0,1.0,1.0,1.0,1.0,1.0,1.0,1.0,,,,,,,6.0,3.0,2.0,2.0,3.0,5.0,6.0,6.0,4.0,,,,,,,,,,,,1.0,1.0,1.0,2.0,2.0,1.0,1.0,1.0,2.0,2.0,1.0,1.0,2.0,2.0,2.0,1.0,2.0,2.0,2.0,1.0,2.0,2.0,2.0,1.0,1.0,1.0,1.0,1.0,1.0,2.0,2.0,2.0,1.0,2.0,1.0,1.0,1.0,1.0,1.0,2.0
442,5,4,5,2,3,5,5,4,2,3,70.0,,,2.0,,,,,,,,6.0,1.0,54.0,,1.0,,3.0,5.0,5.0,,,,,,,15.0,,,1.0,,,3.0,1.0,,5.0,,,,,,,,,,,,1.0,1.0,1.0,1.0,1.0,1.0,6.0,3.0,3.0,3.0,3.0,5.0,6.0,6.0,4.0,2.0,75.0,65.0,75.0,40.0,50.0,75.0,75.0,65.0,40.0,50.0,1.0,2.0,1.0,1.0,2.0,1.0,2.0,2.0,1.0,2.0,1.0,2.0,1.0,2.0,2.0,1.0,2.0,1.0,1.0,2.0,1.0,1.0,2.0,2.0,1.0,1.0,2.0,2.0,1.0,1.0,2.0,1.0,1.0,2.0,2.0,1.0,1.0,1.0,1.0,1.0
531,5,5,5,4,4,5,5,5,2,2,70.0,,5.0,,,,,,,,,6.0,1.0,54.0,,,2.0,3.0,5.0,5.0,,,,,,,15.0,,,1.0,4.0,,,1.0,,,5.0,,,,,,,,,,,1.0,1.0,1.0,1.0,1.0,1.0,7.0,3.0,3.0,3.0,3.0,5.0,6.0,6.0,4.0,2.0,,,,,,,,,,,1.0,2.0,1.0,1.0,1.0,2.0,2.0,1.0,1.0,2.0,1.0,1.0,2.0,1.0,2.0,1.0,2.0,1.0,1.0,1.0,1.0,1.0,2.0,1.0,1.0,1.0,1.0,1.0,1.0,1.0,1.0,2.0,1.0,1.0,2.0,1.0,1.0,1.0,1.0,1.0
1042,2,3,3,2,3,3,3,2,4,2,60.0,,2.0,,,,,5.0,4.0,2.0,6.0,,1.0,54.0,,,2.0,3.0,4.0,5.0,,,,,,,,10.0,1.0,,4.0,,,,1.0,5.0,,,,,,,,,,,,1.0,1.0,1.0,1.0,1.0,1.0,6.0,3.0,3.0,3.0,3.0,5.0,6.0,6.0,3.0,2.0,40.0,50.0,50.0,40.0,50.0,50.0,50.0,40.0,60.0,40.0,2.0,2.0,1.0,1.0,1.0,1.0,1.0,2.0,2.0,2.0,2.0,2.0,1.0,1.0,1.0,1.0,2.0,1.0,2.0,1.0,1.0,2.0,1.0,2.0,2.0,1.0,1.0,2.0,1.0,1.0,2.0,1.0,1.0,2.0,1.0,1.0,1.0,2.0,1.0,1.0
1131,2,3,3,2,3,3,3,2,4,3,,30.0,,2.0,,,,,,,6.0,,,,1.0,,2.0,3.0,4.0,5.0,,,,,,,,10.0,,1.0,,4.0,,1.0,,,5.0,,,,,,,,,,,1.0,1.0,1.0,1.0,1.0,1.0,6.0,3.0,3.0,3.0,3.0,5.0,5.0,5.0,4.0,2.0,40.0,50.0,50.0,40.0,50.0,50.0,50.0,40.0,60.0,50.0,2.0,1.0,2.0,1.0,1.0,1.0,2.0,2.0,1.0,1.0,1.0,1.0,1.0,1.0,2.0,1.0,1.0,1.0,2.0,1.0,1.0,1.0,1.0,1.0,2.0,1.0,1.0,1.0,1.0,1.0,2.0,2.0,1.0,1.0,2.0,1.0,2.0,2.0,1.0,1.0
1943,5,5,5,5,5,5,5,5,2,2,,30.0,,2.0,,,,,,,6.0,,1.0,54.0,,,2.0,3.0,5.0,5.0,,,,,,,15.0,,,1.0,,4.0,,1.0,,5.0,,,,,,,,,,,,1.0,1.0,1.0,1.0,1.0,1.0,7.0,3.0,3.0,3.0,3.0,5.0,6.0,6.0,4.0,2.0,75.0,75.0,80.0,80.0,80.0,80.0,80.0,75.0,40.0,40.0,2.0,1.0,1.0,1.0,1.0,1.0,2.0,1.0,1.0,1.0,2.0,2.0,1.0,1.0,1.0,1.0,1.0,1.0,2.0,1.0,2.0,1.0,2.0,2.0,1.0,1.0,1.0,2.0,2.0,2.0,1.0,1.0,1.0,2.0,1.0,1.0,1.0,1.0,1.0,2.0
1830,4,4,4,2,3,4,4,3,2,2,,30.0,5.0,,,,,5.0,4.0,2.0,6.0,,,,1.0,,2.0,3.0,4.0,5.0,,,,,,,,12.0,1.0,,,3.0,,1.0,,5.0,,,,,,,,,,,,1.0,1.0,1.0,1.0,1.0,1.0,6.0,3.0,3.0,3.0,3.0,5.0,5.0,5.0,3.0,2.0,65.0,60.0,60.0,40.0,50.0,60.0,60.0,50.0,40.0,40.0,2.0,2.0,1.0,2.0,1.0,1.0,2.0,1.0,2.0,1.0,2.0,1.0,1.0,1.0,1.0,2.0,1.0,1.0,1.0,1.0,1.0,2.0,2.0,1.0,1.0,2.0,1.0,1.0,1.0,1.0,2.0,1.0,1.0,2.0,1.0,1.0,2.0,1.0,1.0,1.0
665,5,5,5,5,5,5,5,5,2,2,70.0,,,2.0,5.0,4.0,2.0,,,,6.0,,,,1.0,,2.0,,,,,,,2.0,5.0,5.0,,15.0,1.0,,,,3.0,,1.0,5.0,,,,,,,,,,,,1.0,1.0,1.0,1.0,1.0,1.0,7.0,3.0,3.0,3.0,3.0,5.0,6.0,6.0,4.0,2.0,80.0,80.0,85.0,85.0,80.0,85.0,85.0,80.0,40.0,40.0,1.0,1.0,2.0,2.0,2.0,1.0,1.0,1.0,1.0,1.0,1.0,1.0,2.0,1.0,2.0,1.0,1.0,1.0,1.0,1.0,1.0,1.0,1.0,1.0,1.0,1.0,1.0,1.0,1.0,1.0,1.0,1.0,1.0,1.0,1.0,1.0,1.0,1.0,1.0,2.0
716,5,5,5,4,4,5,5,4,2,2,70.0,,,2.0,,,,,,,6.0,,1.0,54.0,,1.0,,,,,2.0,5.0,5.0,,,,,10.0,1.0,,,,3.0,1.0,,5.0,,1.0,1.0,1.0,1.0,1.0,1.0,1.0,1.0,1.0,1.0,,,,,,,6.0,3.0,3.0,3.0,3.0,5.0,6.0,6.0,4.0,2.0,75.0,75.0,75.0,65.0,65.0,75.0,75.0,65.0,40.0,40.0,1.0,1.0,1.0,1.0,1.0,1.0,1.0,1.0,1.0,1.0,1.0,1.0,1.0,1.0,1.0,1.0,1.0,1.0,1.0,1.0,1.0,1.0,1.0,1.0,1.0,1.0,1.0,1.0,1.0,1.0,1.0,1.0,1.0,1.0,1.0,1.0,1.0,1.0,1.0,1.0
483,2,3,3,1,3,3,3,2,1,2,,30.0,5.0,,4.0,4.0,3.0,,,,6.0,,,,1.0,1.0,,,,,2.0,4.0,5.0,,,,,15.0,,1.0,4.0,,,,1.0,,5.0,,,,,,,,,,,1.0,1.0,1.0,1.0,1.0,1.0,6.0,3.0,2.0,2.0,3.0,5.0,6.0,6.0,4.0,2.0,40.0,50.0,50.0,20.0,50.0,50.0,50.0,40.0,20.0,40.0,2.0,1.0,2.0,1.0,1.0,1.0,1.0,1.0,1.0,2.0,1.0,2.0,2.0,1.0,1.0,1.0,2.0,1.0,1.0,1.0,,,,,,,,,,,,,,,,,,,,
1265,2,3,3,2,3,3,3,2,4,4,70.0,,,2.0,,,,,,,6.0,,1.0,54.0,,1.0,,,,,,,,3.0,4.0,5.0,,15.0,1.0,,4.0,,,1.0,,,4.0,1.0,1.0,1.0,1.0,1.0,1.0,1.0,1.0,1.0,1.0,,,,,,,6.0,3.0,3.0,3.0,3.0,5.0,6.0,6.0,3.0,2.0,40.0,50.0,50.0,40.0,50.0,50.0,50.0,40.0,60.0,60.0,2.0,2.0,2.0,2.0,1.0,2.0,2.0,1.0,2.0,2.0,1.0,1.0,2.0,2.0,1.0,2.0,1.0,2.0,1.0,2.0,1.0,2.0,1.0,2.0,1.0,1.0,1.0,1.0,2.0,1.0,1.0,2.0,1.0,1.0,1.0,1.0,1.0,1.0,1.0,1.0
1316,5,5,5,4,4,5,5,4,2,3,70.0,,5.0,,5.0,4.0,2.0,,,,6.0,,,,1.0,1.0,,3.0,5.0,5.0,,,,,,,,15.0,1.0,,,,3.0,,1.0,,5.0,1.0,1.0,1.0,1.0,1.0,1.0,1.0,1.0,1.0,1.0,,,,,,,7.0,3.0,3.0,3.0,3.0,5.0,6.0,6.0,4.0,2.0,75.0,70.0,80.0,65.0,65.0,75.0,70.0,60.0,40.0,50.0,2.0,2.0,1.0,1.0,2.0,2.0,1.0,1.0,1.0,2.0,2.0,2.0,1.0,1.0,1.0,1.0,1.0,1.0,2.0,1.0,,,,,,,,,,,,,,,,,,,,
1083,4,4,4,2,3,4,4,3,2,2,,30.0,,2.0,,,,,,,6.0,,,,1.0,1.0,,,,,,,,3.0,4.0,5.0,15.0,,,1.0,4.0,,,1.0,,5.0,,1.0,1.0,1.0,1.0,1.0,1.0,1.0,1.0,1.0,1.0,,,,,,,7.0,3.0,4.0,3.0,3.0,5.0,6.0,6.0,4.0,,,,,,,,,,,,1.0,2.0,1.0,2.0,1.0,1.0,1.0,1.0,2.0,2.0,1.0,1.0,1.0,1.0,2.0,1.0,2.0,1.0,2.0,1.0,1.0,1.0,1.0,1.0,1.0,2.0,1.0,1.0,1.0,1.0,2.0,2.0,1.0,1.0,2.0,1.0,2.0,1.0,1.0,1.0
1479,5,5,5,2,3,4,5,4,2,3,70.0,,,2.0,,,,,,,6.0,,,,1.0,1.0,,3.0,5.0,5.0,,,,,,,15.0,,1.0,,,4.0,,1.0,,,5.0,,,,,,,,,,,1.0,1.0,1.0,1.0,1.0,1.0,7.0,3.0,4.0,3.0,3.0,5.0,6.0,6.0,4.0,2.0,75.0,75.0,75.0,40.0,50.0,60.0,75.0,60.0,40.0,50.0,2.0,2.0,1.0,2.0,1.0,1.0,1.0,1.0,1.0,2.0,1.0,2.0,2.0,1.0,1.0,1.0,2.0,1.0,1.0,1.0,1.0,1.0,1.0,1.0,1.0,1.0,1.0,1.0,2.0,1.0,1.0,1.0,2.0,2.0,1.0,2.0,1.0,1.0,2.0,1.0
1982,3,4,4,2,3,4,4,3,2,2,,30.0,,2.0,,,,,,,6.0,,1.0,54.0,,,2.0,,,,3.0,4.0,5.0,,,,,15.0,1.0,,,,3.0,1.0,,5.0,,,,,,,,,,,,1.0,1.0,1.0,1.0,1.0,1.0,6.0,3.0,3.0,3.0,3.0,5.0,6.0,6.0,3.0,,,,,,,,,,,,1.0,2.0,1.0,1.0,2.0,1.0,1.0,1.0,1.0,2.0,2.0,1.0,2.0,1.0,1.0,1.0,2.0,2.0,1.0,2.0,1.0,2.0,1.0,1.0,1.0,1.0,1.0,2.0,1.0,1.0,1.0,1.0,1.0,1.0,1.0,1.0,1.0,1.0,1.0,1.0
978,5,4,5,3,4,5,5,4,2,2,,30.0,,2.0,,,,,,,,6.0,,,1.0,,2.0,3.0,4.0,5.0,,,,,,,,15.0,1.0,,4.0,,,,1.0,5.0,,,,,,,,,,,,1.0,1.0,1.0,1.0,1.0,1.0,6.0,3.0,2.0,3.0,3.0,5.0,6.0,6.0,3.0,2.0,70.0,65.0,70.0,50.0,60.0,70.0,70.0,60.0,40.0,40.0,1.0,1.0,1.0,1.0,2.0,1.0,2.0,1.0,1.0,1.0,1.0,2.0,1.0,2.0,2.0,1.0,1.0,1.0,1.0,1.0,1.0,1.0,1.0,1.0,1.0,1.0,1.0,1.0,1.0,1.0,1.0,1.0,1.0,1.0,1.0,1.0,1.0,2.0,1.0,1.0
585,2,4,4,2,3,3,4,2,1,1,,30.0,,2.0,,,,,,,,6.0,1.0,54.0,,1.0,,3.0,4.0,5.0,,,,,,,15.0,,1.0,,,4.0,,,1.0,5.0,,,,,,,,,,,,1.0,1.0,1.0,1.0,1.0,1.0,6.0,3.0,3.0,3.0,3.0,5.0,6.0,6.0,3.0,1.0,40.0,60.0,60.0,40.0,50.0,50.0,60.0,40.0,20.0,20.0,1.0,2.0,1.0,2.0,1.0,1.0,2.0,1.0,2.0,1.0,1.0,1.0,1.0,1.0,1.0,1.0,2.0,1.0,1.0,1.0,1.0,1.0,2.0,2.0,1.0,1.0,1.0,1.0,2.0,1.0,1.0,2.0,1.0,2.0,1.0,2.0,1.0,1.0,1.0,1.0
399,5,5,5,5,5,5,5,5,2,2,70.0,,,2.0,,,,,,,6.0,,1.0,54.0,,,2.0,3.0,5.0,5.0,,,,,,,15.0,,,1.0,,,,,,,,,,,,,,,,,,,,,,,,,,,,,,,,,,,,,,,,,,,,,,,,,,,,,,,,,,,,,,,,,,,,,,,,,,,,,,,,,,,
610,5,5,5,4,4,5,5,4,2,2,70.0,,5.0,,,,,,,,6.0,,,,1.0,,2.0,,,,2.0,5.0,5.0,,,,15.0,,,1.0,,,2.0,,1.0,,5.0,,,,,,,,,,,1.0,1.0,1.0,1.0,1.0,1.0,6.0,3.0,3.0,3.0,4.0,5.0,6.0,6.0,3.0,2.0,,,,,,,,,,,2.0,2.0,1.0,1.0,1.0,1.0,1.0,1.0,2.0,1.0,1.0,2.0,1.0,1.0,2.0,1.0,1.0,2.0,2.0,1.0,1.0,1.0,1.0,1.0,1.0,1.0,1.0,1.0,1.0,2.0,1.0,2.0,2.0,2.0,1.0,2.0,1.0,1.0,2.0,2.0
763,5,5,5,5,5,5,5,5,2,3,70.0,,,2.0,,,,,,,,6.0,1.0,54.0,,1.0,,,,,,,,2.0,5.0,5.0,15.0,,,1.0,4.0,,,,1.0,,5.0,,,,,,,,,,,1.0,1.0,1.0,1.0,1.0,1.0,7.0,3.0,3.0,3.0,3.0,5.0,6.0,6.0,4.0,2.0,75.0,70.0,75.0,70.0,70.0,75.0,70.0,65.0,30.0,50.0,2.0,1.0,1.0,1.0,1.0,1.0,1.0,1.0,1.0,1.0,1.0,1.0,1.0,1.0,1.0,1.0,1.0,1.0,1.0,1.0,1.0,1.0,1.0,1.0,1.0,1.0,1.0,1.0,1.0,1.0,1.0,1.0,1.0,1.0,1.0,1.0,1.0,1.0,1.0,1.0
1185,5,5,5,4,4,5,5,5,2,3,70.0,,5.0,,,,,5.0,4.0,2.0,6.0,,1.0,54.0,,,2.0,3.0,5.0,5.0,,,,,,,15.0,,,1.0,4.0,,,,1.0,5.0,,,,,,,,,,,,1.0,1.0,1.0,1.0,1.0,1.0,7.0,3.0,4.0,3.0,3.0,5.0,6.0,5.0,3.0,2.0,70.0,70.0,70.0,60.0,60.0,70.0,70.0,70.0,40.0,50.0,1.0,2.0,1.0,1.0,1.0,2.0,2.0,1.0,1.0,1.0,1.0,2.0,1.0,2.0,1.0,1.0,1.0,1.0,1.0,2.0,,,,,,,,,,,,,,,,,,,,
1799,5,5,5,5,5,5,5,5,2,2,,30.0,,2.0,,,,,,,6.0,,1.0,54.0,,1.0,,3.0,5.0,5.0,,,,,,,,10.0,,1.0,,4.0,,,1.0,5.0,,,,,,,,,,,,,,,,,,,,,,,,,,,,,,,,,,,,,,2.0,1.0,1.0,2.0,1.0,1.0,1.0,1.0,1.0,2.0,1.0,1.0,1.0,1.0,1.0,1.0,1.0,1.0,1.0,1.0,1.0,1.0,1.0,1.0,1.0,1.0,1.0,2.0,1.0,2.0,1.0,2.0,2.0,1.0,1.0,2.0,1.0,1.0,1.0,1.0
1210,2,3,3,2,3,3,3,2,4,2,,30.0,5.0,,,,,5.0,4.0,2.0,,6.0,1.0,54.0,,,2.0,,,,,,,2.0,4.0,5.0,,10.0,,1.0,4.0,,,1.0,,4.0,,,,,,,,,,,,1.0,1.0,1.0,1.0,1.0,1.0,6.0,3.0,3.0,3.0,4.0,5.0,6.0,6.0,4.0,2.0,40.0,50.0,50.0,40.0,50.0,50.0,50.0,40.0,60.0,40.0,1.0,1.0,1.0,1.0,1.0,1.0,2.0,1.0,1.0,2.0,1.0,2.0,2.0,1.0,2.0,1.0,1.0,1.0,1.0,1.0,1.0,1.0,1.0,1.0,1.0,1.0,2.0,1.0,1.0,1.0,1.0,1.0,1.0,1.0,1.0,1.0,1.0,2.0,2.0,1.0
1363,5,5,5,4,4,5,5,5,2,2,70.0,,5.0,,5.0,4.0,2.0,,,,6.0,,,,1.0,1.0,,,,,,,,3.0,5.0,5.0,,15.0,1.0,,4.0,,,1.0,,,5.0,1.0,1.0,1.0,1.0,1.0,1.0,1.0,1.0,1.0,1.0,,,,,,,6.0,3.0,3.0,3.0,3.0,5.0,6.0,6.0,4.0,2.0,75.0,75.0,75.0,65.0,65.0,75.0,75.0,75.0,40.0,40.0,1.0,2.0,2.0,1.0,1.0,1.0,2.0,1.0,2.0,2.0,1.0,2.0,2.0,2.0,1.0,1.0,1.0,1.0,2.0,1.0,1.0,1.0,1.0,1.0,1.0,1.0,1.0,1.0,1.0,1.0,1.0,1.0,1.0,1.0,1.0,1.0,1.0,1.0,1.0,1.0
1884,3,3,3,2,3,2,3,2,4,3,70.0,,2.0,,,,,,,,6.0,,1.0,54.0,,,2.0,,,,2.0,4.0,5.0,,,,15.0,,1.0,,4.0,,,,1.0,,5.0,1.0,1.0,1.0,1.0,1.0,1.0,1.0,1.0,1.0,1.0,,,,,,,6.0,3.0,2.0,3.0,3.0,5.0,6.0,6.0,4.0,2.0,50.0,50.0,50.0,40.0,50.0,40.0,50.0,40.0,60.0,50.0,2.0,1.0,1.0,1.0,1.0,1.0,2.0,1.0,1.0,2.0,1.0,1.0,2.0,1.0,2.0,1.0,1.0,1.0,1.0,1.0,1.0,1.0,1.0,1.0,2.0,1.0,1.0,1.0,1.0,1.0,1.0,1.0,1.0,1.0,1.0,1.0,1.0,2.0,1.0,1.0
358,5,5,5,5,5,5,5,5,2,2,,30.0,5.0,,,,,5.0,4.0,2.0,,6.0,1.0,54.0,,,2.0,,,,,,,2.0,5.0,5.0,,10.0,,1.0,,,3.0,,1.0,5.0,,,,,,,,,,,,1.0,1.0,1.0,1.0,1.0,1.0,6.0,3.0,3.0,3.0,3.0,5.0,6.0,6.0,4.0,2.0,75.0,75.0,80.0,80.0,80.0,80.0,80.0,75.0,40.0,40.0,2.0,1.0,1.0,1.0,1.0,1.0,1.0,1.0,1.0,1.0,1.0,1.0,1.0,2.0,1.0,1.0,2.0,1.0,1.0,1.0,2.0,1.0,1.0,2.0,2.0,1.0,1.0,1.0,1.0,1.0,1.0,1.0,1.0,1.0,1.0,1.0,1.0,1.0,1.0,1.0
437,5,5,5,4,4,5,5,5,1,2,,30.0,,2.0,,,,,,,6.0,,,,1.0,1.0,,,,,,,,3.0,5.0,5.0,,12.0,,1.0,,,3.0,1.0,,5.0,,,,,,,,,,,,1.0,1.0,1.0,1.0,1.0,1.0,7.0,3.0,3.0,3.0,3.0,5.0,6.0,6.0,4.0,2.0,75.0,75.0,75.0,65.0,65.0,75.0,75.0,75.0,25.0,35.0,1.0,1.0,1.0,1.0,2.0,1.0,1.0,1.0,1.0,1.0,1.0,1.0,2.0,1.0,1.0,1.0,1.0,1.0,1.0,1.0,,,,,,,,,,,,,,,,,,,,
544,5,5,5,5,5,5,5,5,1,1,,30.0,5.0,,,,,5.0,4.0,2.0,6.0,,1.0,54.0,,,2.0,,,,,,,2.0,5.0,5.0,15.0,,,1.0,4.0,,,,1.0,,5.0,,,,,,,,,,,1.0,1.0,1.0,1.0,1.0,1.0,6.0,3.0,2.0,2.0,3.0,5.0,6.0,6.0,4.0,2.0,75.0,70.0,75.0,75.0,75.0,80.0,80.0,70.0,30.0,30.0,2.0,2.0,1.0,1.0,1.0,1.0,2.0,2.0,1.0,1.0,1.0,1.0,1.0,1.0,2.0,1.0,1.0,1.0,2.0,1.0,,,,,,,,,,,,,,,,,,,,
1758,4,4,4,2,3,4,4,3,2,2,,30.0,,2.0,,,,,,,,6.0,,,1.0,1.0,,3.0,4.0,5.0,,,,,,,,15.0,,1.0,4.0,,,,1.0,,5.0,1.0,1.0,1.0,1.0,1.0,1.0,1.0,1.0,1.0,1.0,,,,,,,6.0,3.0,3.0,3.0,3.0,5.0,6.0,6.0,4.0,2.0,60.0,60.0,60.0,40.0,50.0,60.0,60.0,50.0,40.0,40.0,1.0,2.0,1.0,1.0,2.0,1.0,1.0,1.0,1.0,1.0,1.0,2.0,2.0,1.0,1.0,2.0,1.0,2.0,2.0,1.0,1.0,1.0,2.0,1.0,1.0,1.0,2.0,1.0,1.0,2.0,2.0,1.0,1.0,2.0,1.0,1.0,2.0,2.0,1.0,1.0
1037,2,3,3,2,3,3,4,2,4,2,70.0,,5.0,,,,,,,,6.0,,1.0,54.0,,1.0,,,,,,,,2.0,4.0,5.0,,15.0,,1.0,,3.0,,1.0,,4.0,,1.0,1.0,1.0,1.0,1.0,1.0,1.0,1.0,1.0,1.0,,,,,,,6.0,3.0,3.0,3.0,3.0,5.0,6.0,6.0,4.0,2.0,40.0,50.0,50.0,40.0,50.0,50.0,60.0,40.0,60.0,40.0,2.0,1.0,1.0,1.0,2.0,2.0,2.0,1.0,1.0,1.0,2.0,1.0,1.0,1.0,2.0,1.0,1.0,1.0,1.0,1.0,2.0,1.0,1.0,1.0,1.0,1.0,1.0,1.0,1.0,1.0,1.0,1.0,1.0,1.0,1.0,1.0,1.0,1.0,1.0,2.0
1144,2,3,3,2,3,2,3,2,4,4,,30.0,,2.0,,,,,,,6.0,,1.0,54.0,,,2.0,,,,2.0,4.0,5.0,,,,15.0,,,1.0,4.0,,,,1.0,5.0,,,,,,,,,,,,1.0,1.0,1.0,1.0,1.0,1.0,6.0,3.0,2.0,3.0,3.0,5.0,6.0,5.0,4.0,2.0,40.0,35.0,35.0,30.0,35.0,30.0,35.0,30.0,45.0,45.0,2.0,1.0,2.0,2.0,2.0,1.0,2.0,1.0,2.0,2.0,1.0,1.0,1.0,2.0,2.0,2.0,1.0,1.0,1.0,2.0,,,,,,,,,,,,,,,,,,,,
1936,2,3,3,2,3,3,3,2,4,2,,30.0,2.0,,5.0,4.0,2.0,,,,6.0,,,,1.0,1.0,,,,,2.0,4.0,5.0,,,,,15.0,,1.0,4.0,,,1.0,,5.0,,,,,,,,,,,,1.0,1.0,1.0,1.0,1.0,1.0,6.0,3.0,2.0,3.0,3.0,5.0,6.0,6.0,3.0,2.0,55.0,50.0,50.0,45.0,50.0,50.0,50.0,45.0,40.0,45.0,1.0,2.0,2.0,1.0,1.0,1.0,1.0,2.0,1.0,1.0,1.0,2.0,1.0,2.0,2.0,2.0,1.0,1.0,2.0,1.0,2.0,1.0,1.0,1.0,1.0,2.0,1.0,2.0,1.0,2.0,1.0,1.0,1.0,2.0,1.0,2.0,2.0,2.0,1.0,2.0
1845,4,4,4,3,4,4,4,3,2,2,70.0,,5.0,,5.0,4.0,2.0,,,,6.0,,1.0,54.0,,1.0,,,,,3.0,4.0,5.0,,,,,15.0,1.0,,,3.0,,,1.0,5.0,,1.0,1.0,1.0,1.0,1.0,1.0,1.0,1.0,1.0,1.0,,,,,,,6.0,3.0,3.0,3.0,3.0,5.0,6.0,6.0,3.0,,,,,,,,,,,,1.0,2.0,2.0,2.0,1.0,1.0,1.0,1.0,1.0,2.0,1.0,1.0,1.0,1.0,2.0,1.0,1.0,1.0,2.0,2.0,1.0,1.0,1.0,1.0,1.0,1.0,1.0,1.0,1.0,1.0,2.0,2.0,2.0,1.0,2.0,1.0,2.0,1.0,1.0,1.0
29,4,4,4,3,4,4,4,3,2,2,70.0,,,2.0,,,,,,,6.0,,,,1.0,1.0,,,,,,,,2.0,4.0,5.0,15.0,,1.0,,4.0,,,,1.0,5.0,,1.0,1.0,1.0,1.0,1.0,1.0,1.0,1.0,1.0,1.0,,,,,,,6.0,3.0,3.0,3.0,3.0,5.0,6.0,6.0,4.0,2.0,65.0,60.0,60.0,50.0,60.0,60.0,60.0,50.0,40.0,40.0,2.0,1.0,2.0,1.0,1.0,1.0,1.0,2.0,1.0,1.0,2.0,1.0,2.0,1.0,1.0,1.0,2.0,2.0,1.0,2.0,1.0,1.0,2.0,1.0,1.0,2.0,2.0,1.0,1.0,2.0,1.0,2.0,1.0,1.0,1.0,2.0,1.0,2.0,1.0,2.0
2058,5,5,5,5,5,5,5,5,1,1,,30.0,,2.0,5.0,4.0,2.0,,,,,6.0,,,1.0,,2.0,,,,,,,2.0,5.0,5.0,,15.0,1.0,,,,3.0,1.0,,5.0,,,,,,,,,,,,1.0,1.0,1.0,1.0,1.0,1.0,7.0,3.0,3.0,3.0,3.0,5.0,6.0,6.0,4.0,2.0,80.0,80.0,85.0,80.0,75.0,80.0,80.0,75.0,30.0,30.0,1.0,2.0,1.0,2.0,2.0,1.0,2.0,2.0,2.0,1.0,1.0,2.0,1.0,1.0,2.0,1.0,1.0,2.0,1.0,2.0,,,,,,,,,,,,,,,,,,,,
907,5,5,5,5,5,5,5,4,1,2,70.0,,,2.0,,,,,,,,6.0,1.0,54.0,,,2.0,,,,,,,2.0,5.0,5.0,15.0,,,1.0,4.0,,,,1.0,5.0,,,,,,,,,,,,,,,,,,7.0,3.0,3.0,3.0,3.0,5.0,6.0,6.0,4.0,,,,,,,,,,,,1.0,1.0,1.0,1.0,2.0,2.0,1.0,1.0,2.0,1.0,1.0,1.0,2.0,1.0,2.0,1.0,1.0,2.0,1.0,1.0,2.0,1.0,1.0,2.0,1.0,1.0,1.0,2.0,2.0,2.0,1.0,2.0,2.0,1.0,1.0,2.0,1.0,1.0,1.0,1.0
874,5,5,5,4,4,5,5,5,1,2,70.0,,5.0,,5.0,4.0,2.0,,,,6.0,,,,1.0,,2.0,,,,,,,2.0,5.0,5.0,,10.0,1.0,,4.0,,,1.0,,,5.0,,,,,,,,,,,1.0,1.0,1.0,1.0,1.0,1.0,7.0,3.0,3.0,3.0,3.0,5.0,6.0,6.0,4.0,,,,,,,,,,,,2.0,2.0,1.0,2.0,2.0,2.0,1.0,1.0,1.0,1.0,1.0,1.0,2.0,1.0,2.0,1.0,2.0,2.0,1.0,1.0,2.0,1.0,1.0,1.0,2.0,2.0,1.0,2.0,1.0,1.0,2.0,1.0,2.0,2.0,1.0,1.0,2.0,2.0,1.0,1.0
175,4,4,4,2,3,4,4,3,2,2,70.0,,2.0,,,,,5.0,4.0,2.0,6.0,,,,1.0,1.0,,,,,,,,3.0,4.0,5.0,15.0,,1.0,,4.0,,,,1.0,,,,,,,,,,,,,,,,,,,,,,,,,,,,,,,,,,,,,,,,,,,,,,,,,,,,,,,,,,,,,,,,,,,,,,,,,,,,,,
769,5,5,5,4,4,5,5,4,2,3,70.0,,5.0,,,,,5.0,4.0,2.0,,6.0,1.0,54.0,,1.0,,3.0,5.0,5.0,,,,,,,,10.0,1.0,,,,3.0,1.0,,5.0,,1.0,1.0,1.0,1.0,1.0,1.0,1.0,1.0,1.0,1.0,,,,,,,7.0,3.0,4.0,4.0,3.0,5.0,6.0,6.0,4.0,,,,,,,,,,,,1.0,2.0,1.0,1.0,2.0,2.0,1.0,2.0,1.0,1.0,1.0,1.0,2.0,1.0,2.0,1.0,2.0,1.0,1.0,1.0,,,,,,,,,,,,,,,,,,,,
393,5,5,5,5,5,5,5,5,2,2,,30.0,5.0,,,,,5.0,4.0,2.0,,6.0,1.0,54.0,,,2.0,,,,,,,2.0,5.0,5.0,15.0,,,1.0,,,2.0,,1.0,,5.0,,,,,,,,,,,1.0,1.0,1.0,1.0,1.0,1.0,7.0,3.0,3.0,3.0,3.0,5.0,6.0,6.0,,,,,,,,,,,,,1.0,1.0,2.0,1.0,1.0,2.0,1.0,2.0,1.0,1.0,2.0,1.0,1.0,1.0,1.0,1.0,1.0,2.0,2.0,1.0,1.0,1.0,1.0,2.0,1.0,1.0,1.0,1.0,1.0,1.0,1.0,1.0,1.0,2.0,1.0,1.0,1.0,1.0,1.0,1.0
1406,5,5,5,2,3,5,5,4,2,3,,30.0,,2.0,,,,,,,6.0,,1.0,54.0,,1.0,,3.0,5.0,5.0,,,,,,,15.0,,1.0,,4.0,,,,1.0,5.0,,1.0,1.0,1.0,1.0,1.0,1.0,1.0,1.0,1.0,1.0,,,,,,,6.0,3.0,2.0,3.0,3.0,5.0,6.0,5.0,4.0,2.0,70.0,70.0,75.0,40.0,50.0,70.0,70.0,60.0,40.0,50.0,2.0,2.0,2.0,2.0,1.0,2.0,1.0,2.0,2.0,1.0,1.0,1.0,1.0,1.0,1.0,2.0,1.0,2.0,2.0,2.0,1.0,1.0,1.0,2.0,1.0,2.0,1.0,2.0,1.0,1.0,2.0,1.0,1.0,1.0,1.0,1.0,1.0,2.0,1.0,1.0
1575,1,2,2,1,2,3,3,1,1,1,,20.0,2.0,,,,,5.0,4.0,2.0,6.0,,,,1.0,1.0,,,,,2.0,4.0,5.0,,,,15.0,,1.0,,,3.0,,1.0,,5.0,,1.0,1.0,1.0,1.0,1.0,1.0,1.0,1.0,1.0,1.0,,,,,,,6.0,3.0,2.0,2.0,3.0,5.0,6.0,6.0,3.0,,,,,,,,,,,,2.0,1.0,2.0,2.0,1.0,1.0,1.0,1.0,1.0,1.0,1.0,1.0,1.0,1.0,2.0,2.0,2.0,1.0,1.0,1.0,1.0,1.0,1.0,1.0,2.0,1.0,1.0,1.0,1.0,2.0,2.0,1.0,1.0,2.0,1.0,1.0,1.0,1.0,1.0,1.0
1369,2,3,3,2,3,3,3,2,1,2,,30.0,2.0,,,,,5.0,4.0,2.0,6.0,,1.0,54.0,,,2.0,,,,2.0,4.0,5.0,,,,,15.0,1.0,,4.0,,,1.0,,,5.0,,,,,,,,,,,1.0,1.0,1.0,1.0,1.0,1.0,6.0,3.0,2.0,3.0,3.0,5.0,6.0,6.0,4.0,2.0,40.0,50.0,50.0,40.0,50.0,50.0,50.0,40.0,20.0,30.0,2.0,1.0,2.0,2.0,1.0,1.0,1.0,1.0,1.0,1.0,1.0,1.0,2.0,2.0,1.0,1.0,1.0,1.0,2.0,2.0,1.0,1.0,1.0,1.0,2.0,2.0,1.0,1.0,2.0,2.0,1.0,1.0,2.0,2.0,1.0,1.0,1.0,1.0,2.0,1.0
1793,3,4,4,2,3,4,4,3,2,2,,30.0,,2.0,5.0,4.0,2.0,,,,,6.0,1.0,54.0,,,2.0,,,,,,,2.0,4.0,5.0,15.0,,1.0,,,3.0,,1.0,,,5.0,,,,,,,,,,,1.0,1.0,1.0,1.0,1.0,1.0,6.0,3.0,2.0,2.0,3.0,5.0,6.0,6.0,3.0,2.0,50.0,60.0,60.0,40.0,50.0,60.0,60.0,50.0,40.0,40.0,1.0,1.0,2.0,2.0,1.0,1.0,1.0,2.0,1.0,1.0,2.0,1.0,2.0,1.0,2.0,1.0,1.0,1.0,2.0,1.0,1.0,2.0,1.0,2.0,2.0,2.0,2.0,2.0,2.0,1.0,1.0,1.0,1.0,1.0,1.0,1.0,1.0,1.0,1.0,1.0
23,5,5,5,4,4,5,5,4,2,2,70.0,,5.0,,,,,5.0,4.0,2.0,6.0,,1.0,54.0,,,2.0,,,,3.0,5.0,5.0,,,,15.0,,1.0,,4.0,,,,1.0,5.0,,,,,,,,,,,,1.0,1.0,1.0,1.0,1.0,1.0,7.0,3.0,3.0,3.0,3.0,5.0,6.0,6.0,4.0,2.0,70.0,70.0,70.0,60.0,60.0,70.0,70.0,60.0,40.0,40.0,2.0,2.0,2.0,1.0,1.0,1.0,2.0,1.0,1.0,1.0,1.0,1.0,1.0,1.0,1.0,1.0,1.0,1.0,1.0,1.0,1.0,1.0,1.0,1.0,1.0,1.0,1.0,1.0,2.0,1.0,1.0,2.0,1.0,1.0,1.0,1.0,1.0,1.0,1.0,1.0
2052,5,5,5,5,5,5,5,5,1,1,,30.0,5.0,,5.0,4.0,2.0,,,,6.0,,,,1.0,1.0,,,,,,,,3.0,5.0,5.0,,10.0,1.0,,,,4.0,,,,,,,,,,,,,,,,,,,,,,,,,,,,,,,80.0,75.0,85.0,80.0,75.0,80.0,80.0,70.0,30.0,25.0,2.0,1.0,1.0,1.0,2.0,2.0,1.0,1.0,2.0,2.0,1.0,2.0,1.0,1.0,2.0,1.0,1.0,1.0,1.0,2.0,2.0,1.0,1.0,1.0,2.0,2.0,2.0,1.0,1.0,1.0,2.0,2.0,1.0,1.0,1.0,1.0,1.0,2.0,2.0,1.0
221,2,3,3,1,2,3,3,1,4,2,70.0,,,1.0,,,,,,,6.0,,1.0,54.0,,1.0,,2.0,4.0,5.0,,,,,,,15.0,,,1.0,4.0,,,,1.0,,5.0,,,,,,,,,,,1.0,1.0,1.0,1.0,1.0,1.0,6.0,3.0,2.0,3.0,3.0,5.0,6.0,6.0,4.0,2.0,40.0,50.0,50.0,20.0,30.0,50.0,50.0,20.0,60.0,30.0,2.0,2.0,2.0,1.0,1.0,2.0,2.0,1.0,2.0,1.0,2.0,2.0,1.0,2.0,1.0,1.0,1.0,1.0,1.0,2.0,2.0,1.0,1.0,2.0,1.0,1.0,2.0,1.0,2.0,2.0,2.0,1.0,2.0,1.0,1.0,2.0,1.0,1.0,2.0,1.0
352,5,5,5,3,4,5,5,4,2,3,70.0,,,2.0,,,,,,,,6.0,,,1.0,,2.0,2.0,5.0,5.0,,,,,,,15.0,,,1.0,,4.0,,,1.0,5.0,,,,,,,,,,,,1.0,1.0,1.0,1.0,1.0,1.0,7.0,3.0,4.0,3.0,3.0,5.0,6.0,6.0,4.0,,75.0,80.0,85.0,50.0,60.0,80.0,75.0,65.0,40.0,50.0,2.0,1.0,2.0,1.0,1.0,2.0,2.0,1.0,1.0,2.0,1.0,1.0,1.0,1.0,2.0,2.0,2.0,1.0,2.0,1.0,2.0,2.0,1.0,1.0,2.0,1.0,1.0,2.0,1.0,2.0,1.0,1.0,2.0,2.0,1.0,1.0,1.0,1.0,1.0,2.0
1621,5,5,5,5,5,5,5,5,1,2,70.0,,,,,,,,,,,6.0,,,1.0,1.0,,3.0,5.0,5.0,,,,,,,15.0,,,,,,,,,,,,,,,,,,,,,,,,,,,,,,,,,,,,,,,,,,,,,,,1.0,2.0,1.0,1.0,2.0,1.0,1.0,1.0,1.0,2.0,2.0,1.0,1.0,2.0,2.0,1.0,2.0,1.0,1.0,1.0,1.0,1.0,1.0,1.0,1.0,2.0,2.0,1.0,2.0,1.0,1.0,2.0,1.0,1.0,1.0,1.0,2.0,1.0,1.0,1.0
1752,1,2,2,1,2,1,2,1,1,1,70.0,,1.0,,5.0,4.0,2.0,,,,,6.0,1.0,54.0,,1.0,,,,,2.0,4.0,5.0,,,,,15.0,,1.0,,4.0,,1.0,,4.0,,,,,,,,,,,,1.0,1.0,1.0,1.0,1.0,1.0,7.0,3.0,2.0,2.0,3.0,6.0,6.0,6.0,4.0,2.0,20.0,30.0,30.0,20.0,30.0,20.0,30.0,20.0,20.0,20.0,1.0,2.0,1.0,2.0,2.0,1.0,2.0,2.0,1.0,1.0,2.0,1.0,2.0,1.0,2.0,2.0,1.0,1.0,2.0,1.0,2.0,1.0,2.0,1.0,2.0,1.0,1.0,1.0,1.0,2.0,1.0,1.0,1.0,1.0,1.0,1.0,2.0,2.0,1.0,1.0
1949,5,5,5,5,5,5,5,5,1,1,,30.0,,1.0,,,,,,,6.0,,,,1.0,,2.0,2.0,5.0,5.0,,,,,,,15.0,,,1.0,4.0,,,,1.0,,5.0,,,,,,,,,,,1.0,1.0,1.0,1.0,1.0,1.0,6.0,3.0,3.0,3.0,3.0,5.0,6.0,6.0,4.0,2.0,75.0,75.0,80.0,80.0,75.0,80.0,75.0,70.0,30.0,30.0,1.0,1.0,2.0,1.0,1.0,2.0,1.0,1.0,2.0,1.0,1.0,1.0,1.0,1.0,1.0,2.0,1.0,1.0,2.0,1.0,1.0,1.0,2.0,1.0,1.0,2.0,2.0,1.0,2.0,2.0,1.0,1.0,1.0,1.0,1.0,1.0,1.0,2.0,1.0,1.0
2027,4,4,4,2,3,4,4,3,2,2,,30.0,5.0,,5.0,4.0,2.0,,,,6.0,,1.0,54.0,,1.0,,,,,2.0,4.0,5.0,,,,15.0,,,1.0,,,3.0,1.0,,,5.0,,,,,,,,,,,1.0,1.0,1.0,1.0,1.0,1.0,7.0,3.0,2.0,2.0,3.0,5.0,6.0,6.0,3.0,,,,,,,,,,,,1.0,1.0,2.0,2.0,2.0,1.0,2.0,1.0,1.0,2.0,2.0,1.0,1.0,1.0,1.0,1.0,1.0,2.0,2.0,1.0,2.0,1.0,1.0,1.0,2.0,2.0,1.0,1.0,1.0,1.0,2.0,1.0,2.0,1.0,1.0,1.0,1.0,1.0,1.0,1.0
56,3,4,4,2,3,3,4,2,2,2,,30.0,,2.0,,,,,,,6.0,,1.0,54.0,,1.0,,3.0,4.0,5.0,,,,,,,,15.0,,1.0,,,3.0,1.0,,4.0,,1.0,1.0,1.0,1.0,1.0,1.0,1.0,1.0,1.0,1.0,,,,,,,6.0,3.0,4.0,3.0,3.0,5.0,6.0,5.0,3.0,2.0,55.0,60.0,60.0,40.0,50.0,50.0,60.0,40.0,40.0,40.0,2.0,1.0,1.0,1.0,2.0,2.0,1.0,2.0,1.0,1.0,2.0,2.0,2.0,2.0,1.0,2.0,1.0,2.0,1.0,1.0,1.0,1.0,1.0,1.0,2.0,2.0,1.0,2.0,2.0,1.0,1.0,1.0,1.0,2.0,2.0,2.0,2.0,1.0,1.0,1.0
448,2,3,3,2,3,2,3,2,4,3,,30.0,,,,,,5.0,4.0,2.0,6.0,,,,1.0,,2.0,,,,,,,3.0,4.0,5.0,15.0,,,1.0,4.0,,,1.0,,,4.0,1.0,1.0,1.0,1.0,1.0,1.0,1.0,1.0,1.0,1.0,,,,,,,6.0,3.0,3.0,3.0,3.0,5.0,6.0,6.0,4.0,,,,,,,,,,,,1.0,1.0,2.0,1.0,1.0,1.0,2.0,1.0,2.0,2.0,1.0,1.0,1.0,2.0,2.0,1.0,1.0,1.0,2.0,1.0,1.0,1.0,2.0,2.0,2.0,1.0,1.0,1.0,2.0,2.0,1.0,2.0,1.0,1.0,1.0,1.0,1.0,2.0,1.0,1.0
254,2,3,3,2,3,3,3,2,4,3,,30.0,2.0,,5.0,4.0,2.0,,,,6.0,,,,1.0,1.0,,3.0,4.0,5.0,,,,,,,,10.0,,2.0,3.0,,,1.0,,5.0,,1.0,1.0,1.0,1.0,1.0,1.0,1.0,1.0,1.0,1.0,,,,,,,6.0,3.0,3.0,3.0,3.0,5.0,6.0,6.0,3.0,2.0,40.0,50.0,50.0,40.0,50.0,50.0,50.0,40.0,60.0,50.0,2.0,1.0,1.0,1.0,1.0,1.0,2.0,1.0,2.0,1.0,1.0,1.0,1.0,2.0,2.0,1.0,2.0,1.0,2.0,1.0,1.0,2.0,2.0,1.0,1.0,1.0,1.0,1.0,1.0,1.0,2.0,2.0,1.0,1.0,2.0,1.0,1.0,1.0,2.0,2.0
327,2,3,3,1,2,3,3,1,4,2,70.0,,,1.0,,,,,,,6.0,,1.0,54.0,,1.0,,2.0,4.0,5.0,,,,,,,15.0,,,1.0,,3.0,,1.0,,4.0,,,,,,,,,,,,1.0,1.0,1.0,1.0,1.0,1.0,6.0,3.0,3.0,3.0,3.0,5.0,6.0,6.0,3.0,,,,,,,,,,,,,,,,,,,,,,,,,,,,,,,,,,,,,,,,,,,,,,,,,,,
1048,4,4,4,2,3,4,4,3,2,2,70.0,,5.0,,5.0,4.0,2.0,,,,6.0,,,,1.0,,2.0,,,,2.0,4.0,5.0,,,,15.0,,,1.0,,3.0,,,1.0,5.0,,1.0,1.0,1.0,1.0,1.0,1.0,1.0,1.0,1.0,1.0,,,,,,,7.0,3.0,4.0,3.0,3.0,5.0,6.0,6.0,4.0,2.0,65.0,60.0,60.0,40.0,50.0,60.0,60.0,50.0,40.0,40.0,1.0,1.0,2.0,2.0,2.0,1.0,1.0,2.0,2.0,2.0,1.0,2.0,1.0,1.0,1.0,1.0,1.0,2.0,1.0,1.0,1.0,1.0,2.0,2.0,1.0,1.0,1.0,1.0,1.0,1.0,2.0,2.0,1.0,1.0,1.0,2.0,2.0,2.0,2.0,2.0
1654,5,5,5,5,5,5,5,5,1,2,70.0,,,,,,,,,,,6.0,,,1.0,1.0,,,,,,,,2.0,5.0,5.0,15.0,,,1.0,,,,,,,,,,,,,,,,,,,,,,,,,,,,,,,,,,,,,,,,,,,,,,,,,,,,,,,,,,,,,,,,,,,,,,,,,,,,,,,,,,,
1727,4,4,4,2,3,3,4,3,2,2,70.0,,5.0,,5.0,4.0,2.0,,,,,6.0,,,1.0,,2.0,,,,2.0,5.0,5.0,,,,,15.0,1.0,,,4.0,,1.0,,5.0,,1.0,1.0,1.0,1.0,1.0,1.0,1.0,1.0,1.0,1.0,,,,,,,6.0,3.0,3.0,3.0,3.0,5.0,6.0,6.0,4.0,,65.0,60.0,60.0,40.0,50.0,50.0,60.0,50.0,40.0,40.0,2.0,2.0,1.0,1.0,1.0,2.0,2.0,1.0,1.0,1.0,1.0,1.0,1.0,1.0,1.0,2.0,1.0,1.0,1.0,2.0,1.0,1.0,1.0,1.0,2.0,2.0,1.0,1.0,1.0,1.0,1.0,1.0,1.0,1.0,1.0,1.0,1.0,1.0,1.0,1.0
1988,2,4,4,2,3,4,4,2,2,3,70.0,,,2.0,,,,,,,,6.0,,,1.0,1.0,,2.0,4.0,5.0,,,,,,,,10.0,1.0,,,,2.0,1.0,,5.0,,,,,,,,,,,,1.0,1.0,1.0,1.0,1.0,1.0,6.0,3.0,2.0,2.0,3.0,5.0,6.0,6.0,3.0,,,,,,,,,,,,2.0,2.0,1.0,1.0,1.0,2.0,2.0,1.0,1.0,1.0,1.0,2.0,1.0,2.0,1.0,2.0,1.0,2.0,1.0,1.0,1.0,2.0,2.0,2.0,1.0,1.0,1.0,2.0,2.0,1.0,,,,,,,,,,
97,5,5,5,2,4,4,5,5,2,2,,30.0,,2.0,,,,,,,,6.0,,,1.0,,2.0,,,,,,,2.0,5.0,5.0,,10.0,,2.0,,4.0,,1.0,,,5.0,,,,,,,,,,,1.0,1.0,1.0,1.0,1.0,1.0,6.0,3.0,3.0,3.0,3.0,5.0,6.0,6.0,4.0,2.0,70.0,65.0,70.0,40.0,55.0,55.0,70.0,70.0,40.0,40.0,1.0,1.0,1.0,2.0,2.0,1.0,2.0,2.0,1.0,2.0,1.0,1.0,1.0,1.0,1.0,1.0,1.0,1.0,1.0,1.0,,,,,,,,,,,,,,,,,,,,
972,5,5,5,4,4,5,5,4,2,2,70.0,,,2.0,,,,,,,,6.0,1.0,54.0,,1.0,,3.0,5.0,5.0,,,,,,,15.0,,,1.0,4.0,,,,1.0,,5.0,,,,,,,,,,,1.0,1.0,1.0,1.0,1.0,1.0,7.0,3.0,3.0,3.0,3.0,5.0,6.0,6.0,4.0,2.0,75.0,75.0,75.0,65.0,65.0,75.0,75.0,65.0,35.0,35.0,2.0,1.0,2.0,1.0,2.0,1.0,2.0,1.0,1.0,2.0,2.0,1.0,2.0,2.0,1.0,1.0,2.0,1.0,1.0,1.0,1.0,2.0,1.0,1.0,2.0,1.0,1.0,1.0,2.0,2.0,2.0,1.0,1.0,2.0,1.0,2.0,2.0,2.0,1.0,2.0
801,5,5,5,5,5,5,5,5,1,1,70.0,,6.0,,5.0,4.0,2.0,,,,6.0,,1.0,54.0,,,2.0,,,,1.0,5.0,5.0,,,,15.0,,,1.0,,,3.0,,1.0,5.0,,1.0,1.0,1.0,1.0,1.0,1.0,1.0,1.0,1.0,1.0,,,,,,,7.0,3.0,3.0,3.0,3.0,5.0,6.0,6.0,4.0,2.0,85.0,85.0,85.0,85.0,85.0,85.0,85.0,85.0,15.0,15.0,1.0,1.0,1.0,1.0,1.0,2.0,2.0,1.0,1.0,1.0,2.0,1.0,1.0,2.0,1.0,1.0,2.0,1.0,2.0,1.0,2.0,1.0,1.0,1.0,2.0,1.0,1.0,1.0,2.0,2.0,1.0,1.0,2.0,2.0,2.0,1.0,1.0,1.0,1.0,1.0
295,5,5,5,5,5,5,5,5,1,1,70.0,,5.0,,,,,5.0,4.0,2.0,,6.0,1.0,54.0,,,2.0,,,,,,,2.0,5.0,5.0,,15.0,1.0,,,,2.0,1.0,,,5.0,1.0,1.0,1.0,1.0,1.0,1.0,1.0,1.0,1.0,1.0,,,,,,,6.0,3.0,3.0,3.0,3.0,5.0,6.0,6.0,4.0,,,,,,,,,,,,1.0,2.0,2.0,2.0,2.0,2.0,1.0,1.0,1.0,1.0,1.0,2.0,1.0,1.0,1.0,2.0,1.0,1.0,1.0,1.0,2.0,1.0,2.0,2.0,1.0,1.0,1.0,2.0,1.0,1.0,2.0,1.0,1.0,2.0,2.0,2.0,1.0,1.0,1.0,1.0
489,5,5,5,5,5,5,5,5,1,1,70.0,,6.0,,5.0,4.0,2.0,,,,,6.0,1.0,54.0,,,2.0,,,,,,,2.0,5.0,5.0,,15.0,,1.0,4.0,,,1.0,,,5.0,1.0,1.0,1.0,1.0,1.0,1.0,1.0,1.0,1.0,1.0,,,,,,,7.0,3.0,2.0,2.0,2.0,6.0,6.0,6.0,,,,,,,,,,,,,1.0,2.0,1.0,1.0,2.0,1.0,1.0,1.0,2.0,1.0,1.0,1.0,1.0,2.0,2.0,1.0,1.0,2.0,1.0,2.0,,,,,,,,,,,,,,,,,,,,
100,5,5,5,5,5,5,5,5,1,2,,30.0,6.0,,5.0,4.0,2.0,,,,6.0,,,,1.0,,2.0,,,,3.0,5.0,5.0,,,,,10.0,,1.0,,,3.0,1.0,,5.0,,,,,,,,,,,,1.0,1.0,1.0,1.0,1.0,1.0,7.0,3.0,3.0,3.0,3.0,5.0,6.0,6.0,4.0,,,,,,,,,,,,2.0,1.0,2.0,1.0,1.0,2.0,2.0,1.0,1.0,1.0,1.0,2.0,1.0,1.0,1.0,1.0,1.0,1.0,1.0,1.0,1.0,1.0,2.0,1.0,1.0,1.0,1.0,1.0,1.0,1.0,1.0,1.0,1.0,1.0,1.0,1.0,1.0,1.0,1.0,1.0
1695,5,5,5,5,5,5,5,5,1,1,70.0,,5.0,,,,,5.0,4.0,2.0,6.0,,,,1.0,1.0,,,,,3.0,5.0,5.0,,,,15.0,,1.0,,,,3.0,1.0,,,5.0,1.0,1.0,1.0,1.0,1.0,1.0,1.0,1.0,1.0,1.0,,,,,,,6.0,3.0,3.0,3.0,3.0,5.0,6.0,6.0,4.0,2.0,75.0,75.0,80.0,80.0,75.0,75.0,80.0,70.0,30.0,30.0,1.0,1.0,1.0,2.0,1.0,1.0,1.0,2.0,2.0,1.0,1.0,2.0,1.0,2.0,1.0,1.0,1.0,1.0,2.0,1.0,1.0,1.0,1.0,1.0,1.0,1.0,2.0,1.0,1.0,1.0,1.0,1.0,1.0,1.0,1.0,1.0,1.0,1.0,2.0,1.0
1473,4,4,4,2,3,4,4,3,2,2,70.0,,2.0,,5.0,4.0,3.0,,,,6.0,,,,1.0,1.0,,,,,2.0,5.0,5.0,,,,15.0,,,1.0,4.0,,,,1.0,5.0,,,,,,,,,,,,1.0,1.0,1.0,1.0,1.0,1.0,6.0,3.0,3.0,3.0,3.0,5.0,6.0,6.0,4.0,2.0,70.0,65.0,65.0,40.0,50.0,65.0,65.0,50.0,40.0,40.0,1.0,2.0,2.0,1.0,1.0,2.0,1.0,1.0,2.0,1.0,1.0,1.0,1.0,2.0,1.0,1.0,1.0,1.0,1.0,1.0,1.0,1.0,1.0,1.0,1.0,1.0,1.0,1.0,1.0,1.0,2.0,1.0,1.0,1.0,1.0,2.0,1.0,1.0,2.0,1.0
1089,4,4,4,4,4,4,4,3,2,2,70.0,,,,,,,5.0,4.0,2.0,,6.0,1.0,54.0,,1.0,,,,,3.0,4.0,5.0,,,,,15.0,1.0,,4.0,,,2.0,,5.0,,1.0,1.0,1.0,1.0,1.0,1.0,1.0,1.0,1.0,1.0,,,,,,,6.0,3.0,3.0,3.0,3.0,5.0,6.0,6.0,4.0,2.0,70.0,65.0,65.0,65.0,65.0,65.0,65.0,50.0,40.0,40.0,1.0,1.0,2.0,2.0,2.0,1.0,2.0,2.0,1.0,2.0,1.0,2.0,1.0,1.0,2.0,1.0,1.0,1.0,1.0,1.0,1.0,1.0,1.0,1.0,1.0,1.0,2.0,2.0,2.0,2.0,1.0,1.0,2.0,2.0,1.0,1.0,1.0,1.0,1.0,1.0
1500,5,4,5,5,5,5,5,4,2,3,40.0,,5.0,,,,,5.0,4.0,2.0,6.0,,1.0,54.0,,,2.0,,,,,,,2.0,5.0,5.0,15.0,,1.0,,,,,,,,,,,,,,,,,,,,,,,,,,,,,,,,,,,,,,,,,,,,,,,,,,,,,,,,,,,,,,,,,,,,,,,,,,,,,,,,,,,,
2016,2,4,3,1,3,3,4,2,1,2,,30.0,2.0,,,,,,,,,6.0,,,1.0,1.0,,,,,2.0,4.0,5.0,,,,15.0,,1.0,,,,2.0,,1.0,,5.0,1.0,1.0,1.0,1.0,1.0,1.0,1.0,1.0,1.0,1.0,,,,,,,6.0,3.0,3.0,3.0,3.0,5.0,6.0,6.0,3.0,2.0,40.0,60.0,50.0,20.0,40.0,40.0,60.0,30.0,20.0,30.0,1.0,1.0,2.0,1.0,2.0,1.0,1.0,1.0,2.0,1.0,1.0,2.0,1.0,2.0,2.0,1.0,1.0,1.0,1.0,1.0,1.0,1.0,1.0,2.0,1.0,1.0,1.0,1.0,1.0,1.0,2.0,1.0,1.0,2.0,1.0,1.0,1.0,2.0,1.0,1.0
982,2,3,3,2,3,3,4,2,1,1,70.0,,2.0,,5.0,4.0,2.0,,,,,6.0,1.0,54.0,,1.0,,,,,,,,2.0,4.0,5.0,,15.0,1.0,,,,3.0,1.0,,,5.0,1.0,1.0,1.0,1.0,1.0,1.0,1.0,1.0,1.0,1.0,,,,,,,6.0,3.0,3.0,3.0,3.0,5.0,6.0,6.0,3.0,,,,,,,,,,,,1.0,1.0,2.0,2.0,2.0,1.0,2.0,1.0,2.0,2.0,2.0,1.0,1.0,2.0,1.0,1.0,2.0,2.0,2.0,1.0,1.0,1.0,2.0,1.0,1.0,1.0,2.0,1.0,1.0,1.0,2.0,1.0,1.0,2.0,2.0,1.0,2.0,2.0,1.0,1.0
67,5,5,5,5,4,5,5,5,1,1,70.0,,,2.0,,,,,,,,6.0,,,1.0,1.0,,,,,2.0,5.0,5.0,,,,15.0,,1.0,,4.0,,,,1.0,,5.0,,,,,,,,,,,1.0,1.0,1.0,1.0,1.0,1.0,7.0,3.0,3.0,3.0,3.0,5.0,6.0,6.0,3.0,2.0,70.0,70.0,70.0,70.0,60.0,70.0,70.0,70.0,20.0,20.0,1.0,1.0,2.0,1.0,1.0,1.0,2.0,2.0,1.0,1.0,1.0,1.0,2.0,1.0,1.0,1.0,2.0,1.0,1.0,1.0,1.0,1.0,1.0,2.0,1.0,2.0,1.0,1.0,1.0,1.0,2.0,1.0,1.0,2.0,2.0,1.0,1.0,2.0,2.0,1.0
1978,5,5,5,5,5,5,5,5,2,2,,30.0,,,,,,,,,,6.0,1.0,54.0,,1.0,,,,,,,,2.0,5.0,5.0,15.0,,1.0,,,,3.0,1.0,,5.0,,,,,,,,,,,,1.0,1.0,1.0,1.0,1.0,1.0,6.0,3.0,3.0,3.0,3.0,5.0,6.0,6.0,4.0,,,,,,,,,,,,1.0,1.0,2.0,1.0,2.0,1.0,1.0,2.0,1.0,1.0,1.0,1.0,1.0,2.0,2.0,1.0,1.0,2.0,1.0,2.0,2.0,1.0,1.0,1.0,1.0,1.0,1.0,1.0,1.0,1.0,1.0,1.0,2.0,1.0,2.0,1.0,1.0,1.0,1.0,1.0
1483,4,4,4,2,3,4,4,3,2,2,,30.0,,2.0,,,,,,,6.0,,,,1.0,1.0,,3.0,4.0,5.0,,,,,,,15.0,,,1.0,4.0,,,,1.0,,5.0,1.0,1.0,1.0,1.0,1.0,1.0,1.0,1.0,1.0,1.0,,,,,,,6.0,3.0,2.0,3.0,3.0,5.0,6.0,6.0,4.0,2.0,60.0,60.0,60.0,40.0,45.0,60.0,60.0,45.0,35.0,35.0,2.0,1.0,1.0,2.0,2.0,1.0,1.0,1.0,2.0,1.0,1.0,2.0,2.0,1.0,1.0,1.0,1.0,2.0,2.0,1.0,1.0,1.0,1.0,1.0,2.0,1.0,1.0,2.0,1.0,2.0,1.0,2.0,1.0,1.0,1.0,1.0,1.0,1.0,1.0,1.0
1079,5,5,5,5,5,5,5,5,2,2,,30.0,5.0,,5.0,4.0,3.0,,,,6.0,,1.0,54.0,,,2.0,,,,,,,2.0,5.0,5.0,15.0,,,1.0,4.0,,,,1.0,,5.0,1.0,1.0,1.0,1.0,1.0,1.0,1.0,1.0,1.0,1.0,,,,,,,6.0,3.0,3.0,3.0,3.0,5.0,6.0,6.0,4.0,2.0,75.0,75.0,80.0,80.0,80.0,80.0,80.0,75.0,40.0,40.0,2.0,1.0,2.0,2.0,2.0,2.0,2.0,1.0,1.0,1.0,2.0,2.0,1.0,2.0,2.0,2.0,2.0,1.0,2.0,2.0,2.0,1.0,1.0,1.0,2.0,,,,,,,,,,,,,,,
1665,5,5,5,5,5,5,5,5,1,1,,30.0,,1.0,,,,,,,6.0,,,,1.0,1.0,,3.0,5.0,5.0,,,,,,,15.0,,1.0,,,,3.0,1.0,,,5.0,1.0,1.0,1.0,1.0,1.0,1.0,1.0,1.0,1.0,1.0,,,,,,,7.0,3.0,3.0,3.0,3.0,5.0,6.0,6.0,4.0,,,,,,,,,,,,,,,,,,,,,,,,,,,,,,,,,,,,,,,,,,,,,,,,,,,
1716,5,5,5,5,5,5,5,5,2,2,70.0,,5.0,,4.0,4.0,2.0,,,,,7.0,,,1.0,,2.0,2.0,5.0,5.0,,,,,,,,15.0,,1.0,4.0,,,,1.0,,5.0,1.0,1.0,1.0,1.0,1.0,1.0,1.0,1.0,1.0,1.0,,,,,,,6.0,3.0,3.0,3.0,3.0,5.0,6.0,6.0,4.0,2.0,80.0,80.0,85.0,85.0,80.0,85.0,85.0,80.0,40.0,40.0,1.0,2.0,1.0,2.0,1.0,1.0,1.0,2.0,1.0,1.0,1.0,2.0,1.0,1.0,1.0,1.0,1.0,1.0,1.0,1.0,2.0,2.0,1.0,1.0,1.0,1.0,1.0,1.0,1.0,2.0,1.0,1.0,1.0,2.0,1.0,1.0,1.0,2.0,1.0,1.0
479,2,3,3,1,2,2,3,1,1,1,70.0,,2.0,,,,,5.0,4.0,2.0,,6.0,,,1.0,1.0,,,,,,,,2.0,4.0,5.0,,12.0,,1.0,,4.0,,,1.0,5.0,,1.0,1.0,1.0,1.0,1.0,1.0,1.0,1.0,1.0,1.0,,,,,,,7.0,3.0,3.0,3.0,3.0,5.0,6.0,6.0,3.0,2.0,40.0,50.0,50.0,20.0,30.0,30.0,50.0,20.0,20.0,20.0,1.0,2.0,2.0,1.0,2.0,1.0,1.0,1.0,2.0,1.0,2.0,2.0,1.0,1.0,1.0,2.0,2.0,1.0,2.0,1.0,1.0,2.0,2.0,1.0,1.0,2.0,1.0,1.0,2.0,1.0,2.0,1.0,1.0,1.0,1.0,1.0,2.0,1.0,1.0,1.0
265,5,5,5,3,4,5,5,4,2,2,70.0,,5.0,,,,,5.0,4.0,2.0,,6.0,,,1.0,,2.0,,,,2.0,5.0,5.0,,,,15.0,,,1.0,4.0,,,1.0,,,5.0,1.0,1.0,1.0,1.0,1.0,1.0,1.0,1.0,1.0,1.0,,,,,,,7.0,3.0,2.0,2.0,3.0,5.0,6.0,6.0,3.0,2.0,75.0,70.0,75.0,50.0,60.0,75.0,75.0,60.0,40.0,40.0,1.0,2.0,2.0,1.0,2.0,2.0,2.0,2.0,1.0,1.0,1.0,1.0,1.0,2.0,1.0,2.0,2.0,2.0,1.0,2.0,2.0,1.0,1.0,1.0,1.0,1.0,1.0,1.0,2.0,1.0,2.0,1.0,2.0,1.0,2.0,2.0,2.0,1.0,1.0,1.0
316,2,3,3,2,3,3,3,2,4,3,,30.0,2.0,,,,,5.0,4.0,2.0,6.0,,1.0,54.0,,1.0,,,,,,,,2.0,4.0,5.0,,15.0,1.0,,,,3.0,,1.0,,5.0,,,,,,,,,,,1.0,1.0,1.0,1.0,1.0,1.0,6.0,3.0,3.0,3.0,3.0,5.0,6.0,6.0,3.0,2.0,40.0,45.0,45.0,40.0,45.0,45.0,45.0,40.0,50.0,45.0,2.0,1.0,1.0,1.0,2.0,1.0,2.0,1.0,1.0,2.0,1.0,1.0,1.0,2.0,1.0,2.0,1.0,1.0,1.0,2.0,,,,,,,,,,,,,,,,,,,,
943,5,5,5,4,4,5,5,4,2,2,,30.0,,2.0,,,,,,,6.0,,,,1.0,1.0,,,,,,,,2.0,5.0,5.0,15.0,,1.0,,,4.0,,1.0,,5.0,,1.0,1.0,1.0,1.0,1.0,1.0,1.0,1.0,1.0,1.0,,,,,,,7.0,3.0,3.0,2.0,3.0,5.0,6.0,6.0,4.0,2.0,70.0,70.0,70.0,60.0,60.0,70.0,70.0,60.0,40.0,40.0,1.0,2.0,2.0,2.0,1.0,1.0,1.0,2.0,1.0,2.0,1.0,1.0,1.0,1.0,2.0,1.0,1.0,2.0,1.0,1.0,1.0,2.0,2.0,1.0,1.0,1.0,2.0,1.0,1.0,1.0,2.0,1.0,2.0,1.0,1.0,1.0,1.0,1.0,1.0,1.0
830,5,5,5,3,4,5,5,4,2,2,70.0,,5.0,,5.0,4.0,2.0,,,,6.0,,1.0,54.0,,1.0,,,,,2.0,5.0,5.0,,,,,12.0,1.0,,,4.0,,1.0,,,5.0,,,,,,,,,,,1.0,1.0,1.0,1.0,1.0,1.0,6.0,3.0,3.0,3.0,3.0,5.0,6.0,6.0,4.0,2.0,75.0,70.0,75.0,50.0,60.0,75.0,75.0,60.0,40.0,40.0,1.0,1.0,1.0,1.0,1.0,2.0,1.0,2.0,2.0,1.0,1.0,2.0,1.0,1.0,2.0,2.0,2.0,1.0,1.0,1.0,1.0,1.0,1.0,1.0,1.0,1.0,1.0,1.0,1.0,1.0,1.0,1.0,2.0,1.0,1.0,1.0,1.0,2.0,1.0,1.0
1442,2,3,3,1,2,2,3,1,1,1,70.0,,,2.0,,,,,,,6.0,,,,1.0,1.0,,2.0,4.0,4.0,,,,,,,,15.0,1.0,,4.0,,,,1.0,,5.0,1.0,1.0,1.0,1.0,1.0,1.0,1.0,1.0,1.0,1.0,,,,,,,6.0,3.0,2.0,3.0,3.0,5.0,6.0,6.0,4.0,2.0,40.0,45.0,45.0,20.0,25.0,25.0,40.0,15.0,15.0,15.0,2.0,2.0,1.0,1.0,2.0,1.0,2.0,1.0,1.0,2.0,1.0,2.0,1.0,1.0,2.0,1.0,1.0,2.0,2.0,1.0,2.0,1.0,2.0,1.0,1.0,1.0,2.0,1.0,2.0,1.0,1.0,2.0,1.0,1.0,1.0,1.0,2.0,2.0,1.0,1.0
1531,5,5,5,5,5,5,5,5,2,2,,30.0,,2.0,,,,,,,,6.0,1.0,54.0,,1.0,,3.0,5.0,5.0,,,,,,,15.0,,1.0,,,,3.0,,1.0,,5.0,1.0,1.0,1.0,1.0,1.0,1.0,1.0,1.0,1.0,1.0,,,,,,,6.0,3.0,3.0,3.0,3.0,5.0,6.0,6.0,4.0,2.0,75.0,70.0,80.0,85.0,80.0,85.0,80.0,75.0,40.0,40.0,1.0,1.0,2.0,1.0,2.0,1.0,2.0,1.0,2.0,1.0,1.0,2.0,1.0,1.0,1.0,1.0,2.0,2.0,1.0,1.0,1.0,1.0,2.0,2.0,1.0,2.0,2.0,1.0,1.0,1.0,2.0,2.0,1.0,2.0,1.0,1.0,1.0,1.0,2.0,1.0
131,2,3,3,2,3,3,3,2,4,3,70.0,,2.0,,5.0,4.0,2.0,,,,6.0,,1.0,54.0,,1.0,,3.0,4.0,5.0,,,,,,,,10.0,,1.0,,,3.0,1.0,,,5.0,,,,,,,,,,,1.0,1.0,1.0,1.0,1.0,1.0,7.0,3.0,2.0,3.0,3.0,6.0,6.0,6.0,4.0,2.0,40.0,50.0,50.0,40.0,50.0,50.0,50.0,40.0,60.0,50.0,1.0,2.0,2.0,2.0,1.0,2.0,1.0,1.0,1.0,1.0,1.0,1.0,2.0,1.0,1.0,1.0,2.0,2.0,1.0,2.0,2.0,1.0,2.0,1.0,1.0,1.0,1.0,2.0,2.0,1.0,1.0,1.0,1.0,1.0,1.0,2.0,1.0,2.0,1.0,1.0
936,3,4,4,2,3,4,4,2,2,3,70.0,,,2.0,,,,,,,,6.0,1.0,54.0,,1.0,,3.0,4.0,5.0,,,,,,,,15.0,1.0,,4.0,,,,1.0,5.0,,,,,,,,,,,,,,,,,,,,,,,,,,,,,,,,,,,,,,2.0,1.0,2.0,1.0,2.0,2.0,1.0,1.0,1.0,2.0,1.0,1.0,1.0,2.0,2.0,2.0,1.0,2.0,1.0,2.0,1.0,2.0,1.0,1.0,1.0,2.0,1.0,2.0,1.0,2.0,1.0,1.0,2.0,2.0,1.0,2.0,1.0,1.0,2.0,1.0
845,5,5,5,4,4,5,5,4,2,2,70.0,,5.0,,5.0,4.0,2.0,,,,,6.0,1.0,54.0,,,2.0,3.0,5.0,5.0,,,,,,,15.0,,1.0,,,,3.0,1.0,,,5.0,,,,,,,,,,,1.0,1.0,1.0,1.0,1.0,1.0,7.0,3.0,3.0,3.0,3.0,5.0,6.0,6.0,4.0,2.0,75.0,75.0,80.0,65.0,65.0,75.0,75.0,65.0,40.0,40.0,2.0,2.0,1.0,1.0,2.0,1.0,1.0,2.0,1.0,2.0,2.0,1.0,1.0,1.0,1.0,1.0,1.0,2.0,1.0,1.0,,,,,,,,,,,,,,,,,,,,
1437,5,5,5,5,5,5,5,5,2,2,70.0,,,,,,,,,,,6.0,,,1.0,,2.0,,,,,,,2.0,5.0,5.0,15.0,,,1.0,,,,,,,,,,,,,,,,,,,,,,,,,,,,,,,,,,,,,,,,,,,,,,,,,,,,,,,,,,,,,,,,,,,,,,,,,,,,,,,,,,,
1544,5,5,5,4,4,5,5,4,2,2,,30.0,,2.0,5.0,4.0,2.0,,,,,6.0,,,1.0,,2.0,,,,3.0,5.0,5.0,,,,15.0,,,1.0,,3.0,,,1.0,,5.0,1.0,1.0,1.0,1.0,1.0,1.0,1.0,1.0,1.0,1.0,,,,,,,7.0,3.0,3.0,3.0,3.0,5.0,6.0,6.0,4.0,2.0,75.0,75.0,75.0,65.0,65.0,75.0,75.0,65.0,35.0,35.0,1.0,1.0,2.0,1.0,1.0,1.0,1.0,2.0,2.0,1.0,2.0,1.0,1.0,1.0,1.0,2.0,1.0,1.0,1.0,1.0,,,,,,,,,,,,,,,,,,,,
1358,5,4,5,4,4,5,5,5,2,2,,30.0,5.0,,,,,5.0,4.0,2.0,,6.0,,,1.0,1.0,,,,,,,,2.0,5.0,5.0,15.0,,,1.0,,4.0,,1.0,,,5.0,,,,,,,,,,,1.0,1.0,1.0,1.0,1.0,1.0,7.0,3.0,3.0,3.0,3.0,5.0,6.0,6.0,3.0,2.0,75.0,65.0,75.0,60.0,60.0,75.0,75.0,70.0,40.0,40.0,1.0,1.0,2.0,2.0,1.0,2.0,1.0,1.0,2.0,2.0,1.0,1.0,2.0,1.0,1.0,2.0,2.0,2.0,2.0,1.0,1.0,1.0,1.0,1.0,1.0,1.0,1.0,1.0,1.0,2.0,1.0,1.0,1.0,1.0,1.0,1.0,1.0,1.0,1.0,1.0
144,4,4,4,2,3,3,4,2,2,3,,30.0,2.0,,,,,5.0,4.0,2.0,,6.0,,,1.0,1.0,,,,,,,,3.0,4.0,5.0,15.0,,,1.0,,4.0,,,1.0,5.0,,1.0,1.0,1.0,1.0,1.0,1.0,1.0,1.0,1.0,1.0,,,,,,,6.0,3.0,3.0,3.0,3.0,5.0,5.0,5.0,3.0,,,,,,,,,,,,2.0,1.0,2.0,1.0,1.0,1.0,1.0,2.0,1.0,1.0,2.0,1.0,1.0,1.0,2.0,1.0,1.0,1.0,1.0,1.0,1.0,1.0,1.0,2.0,1.0,1.0,1.0,1.0,2.0,2.0,1.0,1.0,2.0,2.0,1.0,1.0,1.0,1.0,1.0,2.0
758,4,4,4,2,3,4,4,3,2,2,70.0,,,,,,,5.0,4.0,2.0,6.0,,,,1.0,1.0,,,,,2.0,5.0,5.0,,,,,12.0,1.0,,4.0,,,1.0,,,5.0,1.0,1.0,1.0,1.0,1.0,1.0,1.0,1.0,1.0,1.0,,,,,,,6.0,3.0,3.0,3.0,3.0,5.0,6.0,6.0,4.0,2.0,65.0,65.0,65.0,40.0,50.0,65.0,65.0,50.0,40.0,40.0,2.0,1.0,2.0,2.0,1.0,1.0,2.0,1.0,2.0,2.0,1.0,2.0,1.0,1.0,1.0,1.0,2.0,1.0,1.0,1.0,,,,,,,,,,,,,,,,,,,,
12,4,4,4,1,2,4,4,2,1,2,,30.0,,2.0,,,,,,,,6.0,1.0,54.0,,,2.0,2.0,4.0,5.0,,,,,,,15.0,,,1.0,,,2.0,1.0,,5.0,,1.0,1.0,1.0,1.0,1.0,1.0,1.0,1.0,1.0,1.0,,,,,,,7.0,3.0,3.0,3.0,3.0,5.0,6.0,6.0,4.0,,,,,,,,,,,,2.0,1.0,2.0,1.0,1.0,1.0,2.0,1.0,2.0,2.0,1.0,1.0,1.0,2.0,2.0,2.0,2.0,2.0,1.0,1.0,2.0,2.0,1.0,1.0,2.0,1.0,1.0,1.0,1.0,1.0,2.0,1.0,1.0,1.0,1.0,1.0,1.0,2.0,1.0,1.0
884,5,5,5,3,4,5,5,4,2,2,70.0,,5.0,,,,,5.0,4.0,2.0,6.0,,,,1.0,,2.0,,,,2.0,5.0,5.0,,,,15.0,,1.0,,,,3.0,1.0,,5.0,,1.0,1.0,1.0,1.0,1.0,1.0,1.0,1.0,1.0,1.0,,,,,,,6.0,3.0,3.0,3.0,3.0,5.0,6.0,6.0,4.0,2.0,75.0,75.0,75.0,50.0,60.0,75.0,75.0,60.0,40.0,40.0,1.0,1.0,2.0,1.0,2.0,2.0,1.0,1.0,2.0,1.0,1.0,1.0,2.0,1.0,2.0,2.0,1.0,1.0,1.0,1.0,1.0,2.0,1.0,1.0,1.0,1.0,2.0,1.0,2.0,1.0,2.0,1.0,1.0,1.0,1.0,1.0,1.0,1.0,1.0,2.0
1399,5,5,5,3,4,5,5,4,2,2,,30.0,5.0,,,,,,,,,6.0,,,1.0,1.0,,,,,3.0,5.0,5.0,,,,15.0,,1.0,,,4.0,,1.0,,,5.0,,,,,,,,,,,1.0,1.0,1.0,1.0,1.0,1.0,6.0,3.0,2.0,3.0,3.0,5.0,6.0,6.0,4.0,2.0,80.0,75.0,85.0,60.0,70.0,80.0,75.0,65.0,40.0,40.0,2.0,1.0,2.0,2.0,1.0,2.0,2.0,1.0,2.0,1.0,1.0,2.0,1.0,1.0,1.0,2.0,1.0,1.0,2.0,1.0,2.0,1.0,1.0,1.0,1.0,2.0,2.0,1.0,2.0,1.0,1.0,1.0,1.0,1.0,1.0,1.0,1.0,2.0,1.0,2.0
1610,5,5,5,4,4,5,5,4,2,2,,30.0,,2.0,5.0,4.0,2.0,,,,,6.0,1.0,54.0,,1.0,,,,,3.0,5.0,5.0,,,,,15.0,1.0,,,3.0,,1.0,,5.0,,1.0,1.0,1.0,1.0,1.0,1.0,1.0,1.0,1.0,1.0,,,,,,,7.0,3.0,3.0,3.0,3.0,5.0,6.0,6.0,4.0,2.0,75.0,70.0,75.0,60.0,60.0,75.0,70.0,60.0,40.0,40.0,2.0,2.0,1.0,1.0,2.0,1.0,1.0,1.0,1.0,1.0,1.0,2.0,2.0,2.0,1.0,2.0,1.0,1.0,2.0,1.0,1.0,1.0,1.0,1.0,1.0,1.0,2.0,1.0,2.0,1.0,2.0,1.0,2.0,2.0,1.0,1.0,2.0,1.0,1.0,1.0
1763,4,5,5,2,3,5,5,4,2,3,,30.0,,2.0,,,,,,,6.0,,1.0,54.0,,,2.0,3.0,4.0,5.0,,,,,,,15.0,,1.0,,,3.0,,,1.0,,5.0,,,,,,,,,,,1.0,1.0,1.0,1.0,1.0,1.0,6.0,3.0,3.0,3.0,3.0,5.0,6.0,6.0,4.0,2.0,65.0,70.0,75.0,40.0,50.0,75.0,75.0,65.0,40.0,50.0,1.0,1.0,1.0,2.0,2.0,2.0,1.0,1.0,1.0,1.0,1.0,1.0,1.0,1.0,2.0,2.0,1.0,2.0,1.0,1.0,1.0,1.0,1.0,1.0,2.0,1.0,1.0,2.0,1.0,1.0,1.0,1.0,1.0,1.0,1.0,1.0,1.0,1.0,1.0,1.0
1585,2,3,3,1,2,2,3,2,4,3,70.0,,,2.0,,,,,,,6.0,,1.0,54.0,,1.0,,,,,,,,2.0,4.0,5.0,,12.0,,1.0,4.0,,,1.0,,4.0,,,,,,,,,,,,1.0,1.0,1.0,1.0,1.0,1.0,7.0,3.0,2.0,3.0,3.0,5.0,6.0,6.0,4.0,2.0,40.0,50.0,50.0,20.0,30.0,30.0,50.0,40.0,60.0,50.0,1.0,2.0,1.0,2.0,2.0,1.0,2.0,1.0,2.0,2.0,1.0,2.0,1.0,2.0,1.0,1.0,1.0,2.0,2.0,1.0,1.0,1.0,2.0,1.0,1.0,2.0,1.0,1.0,1.0,1.0,1.0,2.0,2.0,1.0,2.0,2.0,1.0,1.0,1.0,1.0
799,5,5,5,5,5,5,5,4,2,2,70.0,,5.0,,,,,5.0,4.0,2.0,,6.0,,,1.0,,2.0,2.0,5.0,5.0,,,,,,,15.0,,1.0,,,,2.0,,1.0,,5.0,1.0,1.0,1.0,1.0,1.0,1.0,1.0,1.0,1.0,1.0,,,,,,,7.0,3.0,2.0,2.0,3.0,5.0,6.0,6.0,3.0,2.0,75.0,75.0,80.0,80.0,80.0,80.0,80.0,70.0,40.0,40.0,1.0,1.0,2.0,1.0,1.0,2.0,1.0,1.0,2.0,2.0,1.0,1.0,1.0,1.0,2.0,1.0,1.0,1.0,1.0,1.0,1.0,2.0,1.0,1.0,1.0,2.0,1.0,1.0,1.0,2.0,1.0,1.0,1.0,1.0,2.0,2.0,2.0,1.0,1.0,1.0
210,4,4,5,2,3,4,4,3,2,2,,30.0,,2.0,,,,,,,,6.0,,,1.0,,2.0,3.0,4.0,5.0,,,,,,,,12.0,1.0,,,,2.0,,1.0,5.0,,1.0,1.0,1.0,1.0,1.0,1.0,1.0,1.0,1.0,1.0,,,,,,,6.0,3.0,3.0,3.0,3.0,5.0,6.0,6.0,3.0,2.0,65.0,60.0,70.0,40.0,50.0,60.0,60.0,50.0,40.0,40.0,1.0,1.0,2.0,1.0,1.0,1.0,2.0,2.0,1.0,1.0,1.0,2.0,1.0,1.0,1.0,1.0,1.0,2.0,1.0,2.0,1.0,2.0,1.0,2.0,1.0,1.0,1.0,1.0,2.0,1.0,2.0,2.0,1.0,1.0,1.0,1.0,1.0,1.0,1.0,2.0
363,5,5,5,4,4,5,5,4,2,2,70.0,,5.0,,,,,5.0,4.0,2.0,6.0,,,,1.0,,2.0,3.0,5.0,5.0,,,,,,,15.0,,1.0,,4.0,,,,1.0,5.0,,,,,,,,,,,,,,,,,,6.0,3.0,3.0,3.0,3.0,5.0,6.0,6.0,4.0,2.0,75.0,70.0,75.0,60.0,60.0,70.0,70.0,60.0,40.0,40.0,1.0,2.0,1.0,2.0,1.0,1.0,1.0,2.0,1.0,1.0,1.0,1.0,1.0,2.0,1.0,2.0,1.0,2.0,2.0,1.0,,,,,,,,,,,,,,,,,,,,
185,5,5,5,4,4,5,5,5,1,2,,30.0,,2.0,,,,,,,,6.0,1.0,54.0,,,2.0,3.0,5.0,5.0,,,,,,,,15.0,,1.0,6.0,,,,1.0,,5.0,1.0,1.0,1.0,1.0,1.0,1.0,1.0,1.0,1.0,1.0,,,,,,,6.0,3.0,4.0,3.0,3.0,5.0,6.0,6.0,4.0,2.0,75.0,70.0,80.0,65.0,65.0,75.0,80.0,70.0,30.0,40.0,2.0,1.0,1.0,1.0,1.0,2.0,2.0,1.0,1.0,1.0,1.0,1.0,1.0,1.0,1.0,1.0,2.0,2.0,2.0,1.0,,,,,,,,,,,,,,,,,,,,
1221,5,5,5,5,5,5,5,5,2,2,70.0,,5.0,,5.0,4.0,2.0,,,,6.0,,,,1.0,,2.0,,,,2.0,5.0,5.0,,,,,15.0,1.0,,,,2.0,,1.0,5.0,,1.0,1.0,1.0,1.0,1.0,1.0,1.0,1.0,1.0,1.0,,,,,,,7.0,3.0,3.0,3.0,3.0,5.0,6.0,6.0,4.0,2.0,75.0,75.0,75.0,80.0,80.0,80.0,80.0,75.0,40.0,40.0,2.0,1.0,1.0,2.0,1.0,1.0,2.0,2.0,1.0,1.0,1.0,1.0,1.0,2.0,1.0,1.0,1.0,1.0,2.0,2.0,1.0,1.0,1.0,2.0,1.0,1.0,1.0,1.0,2.0,2.0,1.0,1.0,1.0,1.0,1.0,1.0,1.0,1.0,1.0,1.0
1352,5,5,5,5,5,5,5,5,1,1,,30.0,,6.0,,,,,,,6.0,,,,1.0,,2.0,,,,,,,2.0,5.0,5.0,,15.0,1.0,,,,3.0,,,,,,,,,,,,,,,,,,,,,,,,,,,,,,2.0,80.0,80.0,80.0,80.0,80.0,80.0,80.0,80.0,20.0,20.0,2.0,2.0,1.0,1.0,2.0,1.0,2.0,1.0,1.0,1.0,1.0,2.0,1.0,1.0,1.0,1.0,1.0,2.0,1.0,1.0,1.0,1.0,2.0,2.0,1.0,2.0,1.0,1.0,2.0,2.0,1.0,1.0,1.0,2.0,2.0,1.0,2.0,1.0,1.0,1.0
621,5,5,5,5,5,5,5,5,1,1,70.0,,5.0,,5.0,4.0,2.0,,,,,6.0,1.0,54.0,,,2.0,,,,,,,2.0,5.0,5.0,15.0,,1.0,,,,3.0,1.0,,5.0,,,,,,,,,,,,1.0,1.0,1.0,1.0,1.0,1.0,7.0,3.0,2.0,3.0,3.0,5.0,6.0,6.0,4.0,2.0,75.0,75.0,80.0,80.0,80.0,80.0,80.0,75.0,20.0,20.0,2.0,1.0,2.0,2.0,1.0,1.0,1.0,2.0,2.0,1.0,1.0,1.0,1.0,1.0,2.0,2.0,1.0,2.0,1.0,2.0,1.0,2.0,2.0,2.0,1.0,1.0,1.0,2.0,1.0,1.0,1.0,1.0,1.0,2.0,2.0,2.0,2.0,1.0,2.0,1.0
752,5,5,5,5,5,5,5,5,2,2,,30.0,6.0,,,,,,,,6.0,,,,1.0,1.0,,2.0,5.0,5.0,,,,,,,15.0,,,1.0,3.0,,,1.0,,,5.0,,,,,,,,,,,1.0,1.0,1.0,1.0,1.0,1.0,7.0,3.0,2.0,2.0,3.0,5.0,6.0,6.0,4.0,2.0,75.0,75.0,80.0,80.0,80.0,85.0,85.0,75.0,40.0,40.0,2.0,2.0,1.0,2.0,1.0,2.0,2.0,1.0,1.0,2.0,1.0,2.0,2.0,2.0,2.0,2.0,1.0,2.0,1.0,1.0,2.0,2.0,2.0,1.0,1.0,2.0,2.0,1.0,1.0,2.0,2.0,1.0,1.0,2.0,1.0,1.0,1.0,2.0,2.0,1.0
1769,5,5,5,5,5,5,5,5,2,2,70.0,,6.0,,,,,5.0,4.0,2.0,,6.0,,,1.0,,2.0,,,,,,,3.0,5.0,5.0,,10.0,1.0,,,4.0,,1.0,,5.0,,,,,,,,,,,,1.0,1.0,1.0,1.0,1.0,1.0,7.0,3.0,2.0,2.0,3.0,5.0,6.0,6.0,4.0,2.0,75.0,75.0,80.0,80.0,80.0,80.0,85.0,75.0,30.0,30.0,1.0,2.0,2.0,1.0,1.0,2.0,1.0,2.0,1.0,1.0,2.0,1.0,1.0,1.0,1.0,1.0,1.0,2.0,1.0,2.0,1.0,2.0,1.0,2.0,1.0,1.0,1.0,1.0,1.0,1.0,1.0,2.0,2.0,1.0,2.0,2.0,1.0,1.0,1.0,1.0
1393,4,4,4,3,3,4,4,3,2,2,,30.0,,2.0,,,,,,,6.0,,1.0,54.0,,1.0,,3.0,4.0,5.0,,,,,,,,15.0,1.0,,,4.0,,,1.0,,5.0,,,,,,,,,,,1.0,1.0,1.0,1.0,1.0,1.0,6.0,3.0,3.0,3.0,3.0,5.0,6.0,6.0,3.0,2.0,65.0,60.0,60.0,50.0,50.0,60.0,60.0,50.0,40.0,40.0,1.0,2.0,2.0,1.0,1.0,1.0,2.0,1.0,1.0,2.0,1.0,2.0,1.0,2.0,1.0,2.0,1.0,1.0,1.0,1.0,1.0,1.0,2.0,2.0,1.0,2.0,1.0,2.0,1.0,2.0,2.0,2.0,2.0,1.0,2.0,1.0,1.0,1.0,2.0,1.0
1006,2,3,3,2,3,3,3,2,4,3,,30.0,,2.0,,,,,,,,6.0,,,1.0,,2.0,,,,,,,2.0,4.0,5.0,,10.0,1.0,,,,2.0,,1.0,,5.0,,,,,,,,,,,1.0,1.0,1.0,1.0,1.0,1.0,6.0,3.0,2.0,2.0,3.0,5.0,6.0,6.0,3.0,2.0,40.0,50.0,50.0,40.0,50.0,50.0,50.0,40.0,60.0,50.0,1.0,2.0,2.0,2.0,2.0,1.0,1.0,1.0,2.0,2.0,1.0,2.0,2.0,2.0,1.0,1.0,2.0,2.0,1.0,1.0,1.0,1.0,1.0,1.0,1.0,2.0,2.0,2.0,1.0,2.0,1.0,2.0,2.0,1.0,2.0,1.0,1.0,2.0,1.0,2.0
1175,5,5,5,4,4,5,5,5,2,2,70.0,,,2.0,,,,,,,6.0,,1.0,54.0,,,2.0,,,,,,,3.0,5.0,5.0,15.0,,1.0,,4.0,,,,1.0,5.0,,,,,,,,,,,,1.0,1.0,1.0,1.0,1.0,1.0,7.0,3.0,4.0,3.0,3.0,5.0,6.0,6.0,4.0,2.0,75.0,75.0,75.0,65.0,65.0,75.0,75.0,75.0,40.0,40.0,1.0,2.0,1.0,2.0,2.0,1.0,1.0,1.0,2.0,1.0,1.0,2.0,1.0,2.0,2.0,1.0,1.0,1.0,1.0,1.0,1.0,2.0,2.0,1.0,1.0,1.0,1.0,2.0,2.0,1.0,1.0,1.0,1.0,2.0,1.0,1.0,1.0,1.0,1.0,1.0
369,2,3,3,2,3,3,4,2,1,1,,30.0,5.0,,,,,,,,6.0,,1.0,54.0,,1.0,,,,,,,,2.0,4.0,5.0,,12.0,1.0,,,,3.0,,1.0,,5.0,,,,,,,,,,,1.0,1.0,1.0,1.0,1.0,1.0,7.0,3.0,2.0,2.0,3.0,6.0,6.0,5.0,3.0,2.0,40.0,50.0,50.0,40.0,50.0,50.0,60.0,40.0,20.0,20.0,1.0,2.0,1.0,2.0,1.0,1.0,2.0,1.0,1.0,1.0,1.0,2.0,1.0,1.0,1.0,1.0,2.0,1.0,1.0,1.0,2.0,1.0,2.0,1.0,1.0,2.0,1.0,1.0,2.0,1.0,1.0,1.0,1.0,2.0,1.0,2.0,1.0,2.0,1.0,1.0
793,5,5,5,5,5,5,5,5,1,3,70.0,,5.0,,4.0,3.0,2.0,,,,,6.0,,,1.0,,2.0,,,,2.0,5.0,5.0,,,,15.0,,1.0,,,3.0,,1.0,,,5.0,1.0,1.0,1.0,1.0,1.0,1.0,1.0,1.0,1.0,1.0,,,,,,,6.0,3.0,2.0,2.0,3.0,5.0,6.0,6.0,4.0,,,,,,,,,,,,1.0,2.0,1.0,2.0,1.0,2.0,1.0,2.0,1.0,2.0,1.0,1.0,2.0,1.0,1.0,1.0,1.0,2.0,1.0,1.0,1.0,2.0,1.0,2.0,1.0,2.0,1.0,1.0,2.0,1.0,2.0,1.0,1.0,1.0,2.0,2.0,1.0,1.0,1.0,2.0
406,2,4,4,2,3,4,4,2,2,3,70.0,,2.0,,,,,5.0,4.0,2.0,6.0,,1.0,54.0,,,2.0,,,,,,,2.0,4.0,4.0,15.0,,1.0,,,3.0,,,1.0,,5.0,1.0,1.0,1.0,1.0,1.0,1.0,1.0,1.0,1.0,1.0,,,,,,,7.0,3.0,2.0,2.0,3.0,5.0,6.0,6.0,3.0,,,,,,,,,,,,1.0,2.0,2.0,1.0,1.0,2.0,1.0,2.0,2.0,1.0,1.0,2.0,1.0,2.0,1.0,1.0,1.0,1.0,1.0,2.0,,,,,,,,,,,,,,,,,,,,
575,2,3,3,1,2,3,3,1,4,2,70.0,,5.0,,,,,5.0,4.0,2.0,,6.0,,,1.0,1.0,,,,,2.0,5.0,5.0,,,,,10.0,,1.0,,,3.0,1.0,,,5.0,,,,,,,,,,,1.0,1.0,1.0,1.0,1.0,1.0,7.0,3.0,2.0,3.0,3.0,5.0,6.0,5.0,4.0,2.0,40.0,50.0,50.0,20.0,30.0,50.0,50.0,20.0,60.0,30.0,2.0,1.0,2.0,1.0,2.0,1.0,1.0,1.0,2.0,1.0,2.0,2.0,1.0,1.0,1.0,1.0,2.0,1.0,1.0,1.0,1.0,2.0,1.0,1.0,2.0,1.0,2.0,1.0,2.0,1.0,2.0,1.0,2.0,1.0,1.0,1.0,2.0,1.0,1.0,1.0
18,5,5,5,5,5,5,5,5,1,2,,30.0,,2.0,,,,,,,6.0,,,,1.0,,2.0,,,,2.0,5.0,5.0,,,,,12.0,,1.0,4.0,,,1.0,,,5.0,,,,,,,,,,,1.0,1.0,1.0,1.0,1.0,1.0,7.0,3.0,3.0,3.0,3.0,5.0,6.0,6.0,4.0,,75.0,70.0,80.0,75.0,70.0,75.0,80.0,70.0,30.0,40.0,1.0,2.0,1.0,1.0,1.0,1.0,2.0,1.0,2.0,2.0,1.0,1.0,2.0,1.0,2.0,1.0,2.0,1.0,1.0,1.0,1.0,1.0,1.0,1.0,1.0,1.0,1.0,1.0,1.0,1.0,1.0,1.0,2.0,2.0,1.0,1.0,1.0,2.0,1.0,1.0
1907,5,5,5,5,5,5,5,5,2,3,,30.0,5.0,,5.0,4.0,2.0,,,,,6.0,,,1.0,1.0,,,,,3.0,5.0,5.0,,,,15.0,,,1.0,4.0,,,2.0,,5.0,,,,,,,,,,,,,,,,,,,,,,,,,,,,70.0,70.0,70.0,70.0,70.0,70.0,70.0,70.0,40.0,50.0,1.0,1.0,2.0,2.0,1.0,1.0,1.0,1.0,1.0,1.0,1.0,2.0,2.0,1.0,1.0,2.0,2.0,2.0,1.0,1.0,1.0,1.0,1.0,2.0,1.0,1.0,1.0,1.0,2.0,1.0,1.0,1.0,1.0,1.0,1.0,1.0,1.0,1.0,1.0,2.0
1874,4,4,4,3,3,4,4,3,2,2,70.0,,5.0,,,,,,,,,6.0,1.0,54.0,,1.0,,,,,,,,2.0,4.0,5.0,15.0,,,1.0,,3.0,,,1.0,,5.0,,,,,,,,,,,1.0,1.0,1.0,1.0,1.0,1.0,6.0,3.0,2.0,3.0,3.0,5.0,6.0,5.0,3.0,2.0,65.0,60.0,60.0,50.0,50.0,60.0,60.0,50.0,40.0,40.0,2.0,2.0,1.0,2.0,1.0,2.0,2.0,2.0,2.0,2.0,1.0,1.0,2.0,1.0,1.0,2.0,2.0,1.0,1.0,1.0,1.0,2.0,1.0,2.0,2.0,2.0,1.0,2.0,2.0,2.0,1.0,1.0,1.0,1.0,1.0,1.0,1.0,1.0,1.0,1.0
1073,5,5,5,4,4,5,5,4,2,2,70.0,,5.0,,,,,5.0,4.0,2.0,6.0,,,,1.0,1.0,,,,,2.0,5.0,5.0,,,,15.0,,,1.0,,,2.0,1.0,,,5.0,,,,,,,,,,,1.0,1.0,1.0,1.0,1.0,1.0,6.0,3.0,2.0,3.0,3.0,5.0,6.0,5.0,3.0,2.0,70.0,70.0,70.0,60.0,60.0,70.0,70.0,60.0,40.0,40.0,2.0,2.0,1.0,1.0,1.0,1.0,1.0,2.0,1.0,1.0,1.0,2.0,1.0,1.0,2.0,1.0,2.0,2.0,1.0,2.0,2.0,2.0,1.0,1.0,2.0,1.0,2.0,1.0,2.0,1.0,1.0,1.0,1.0,1.0,2.0,1.0,1.0,1.0,1.0,1.0
1489,2,3,3,1,2,3,3,2,1,2,,30.0,2.0,,,,,5.0,4.0,2.0,6.0,,1.0,54.0,,,2.0,,,,2.0,4.0,5.0,,,,,15.0,,1.0,4.0,,,,1.0,5.0,,,,,,,,,,,,,,,,,,,,,,,,,,,,,,,,,,,,,,,,,,,,,,,,,,,,,,,,,,,,,,,,,,,,,,,,,,,,,
1100,5,5,5,5,5,5,5,4,1,2,70.0,,5.0,,,,,5.0,4.0,2.0,,6.0,1.0,54.0,,,2.0,,,,2.0,5.0,5.0,,,,15.0,,1.0,,,,3.0,1.0,,,5.0,,,,,,,,,,,1.0,1.0,1.0,1.0,1.0,1.0,6.0,3.0,3.0,3.0,3.0,6.0,6.0,6.0,3.0,,,,,,,,,,,,1.0,2.0,1.0,2.0,2.0,1.0,1.0,1.0,1.0,1.0,1.0,2.0,1.0,1.0,2.0,2.0,1.0,1.0,2.0,2.0,1.0,2.0,2.0,1.0,1.0,1.0,2.0,2.0,1.0,1.0,2.0,2.0,1.0,1.0,1.0,2.0,1.0,1.0,1.0,2.0
1295,5,5,5,4,4,5,5,4,2,2,,30.0,,2.0,,,,,,,6.0,,1.0,54.0,,,2.0,3.0,5.0,5.0,,,,,,,,15.0,1.0,,,4.0,,,1.0,,5.0,1.0,1.0,1.0,1.0,1.0,1.0,1.0,1.0,1.0,1.0,,,,,,,6.0,3.0,3.0,3.0,3.0,5.0,6.0,6.0,4.0,2.0,75.0,75.0,80.0,70.0,70.0,80.0,75.0,70.0,40.0,40.0,2.0,1.0,1.0,2.0,2.0,1.0,2.0,1.0,1.0,2.0,2.0,1.0,2.0,1.0,2.0,2.0,2.0,1.0,1.0,1.0,,,,,,,,,,,,,,,,,,,,
473,5,5,5,5,5,5,5,5,2,2,,30.0,2.0,,5.0,4.0,2.0,,,,6.0,,1.0,54.0,,1.0,,,,,,,,3.0,5.0,5.0,,15.0,,1.0,4.0,,,,1.0,,5.0,1.0,1.0,1.0,1.0,1.0,1.0,1.0,1.0,1.0,1.0,,,,,,,6.0,3.0,3.0,3.0,3.0,5.0,6.0,6.0,4.0,2.0,75.0,75.0,75.0,75.0,75.0,75.0,75.0,75.0,40.0,40.0,1.0,1.0,1.0,2.0,1.0,1.0,2.0,1.0,1.0,1.0,1.0,1.0,1.0,1.0,2.0,1.0,2.0,1.0,1.0,1.0,1.0,1.0,1.0,1.0,1.0,1.0,1.0,1.0,2.0,1.0,1.0,1.0,1.0,1.0,1.0,1.0,1.0,1.0,1.0,1.0
500,5,5,5,5,5,5,5,5,1,1,70.0,,,1.0,,,,,,,6.0,,,,1.0,1.0,,,,,2.0,5.0,5.0,,,,15.0,,,1.0,4.0,,,,1.0,5.0,,,,,,,,,,,,1.0,1.0,1.0,1.0,1.0,1.0,7.0,3.0,2.0,3.0,3.0,5.0,6.0,6.0,4.0,2.0,85.0,85.0,90.0,90.0,90.0,90.0,90.0,85.0,20.0,20.0,1.0,2.0,2.0,1.0,2.0,1.0,2.0,1.0,1.0,1.0,1.0,2.0,1.0,2.0,1.0,1.0,1.0,1.0,1.0,1.0,1.0,1.0,2.0,1.0,2.0,1.0,1.0,1.0,2.0,1.0,1.0,1.0,2.0,2.0,1.0,1.0,1.0,1.0,1.0,1.0
695,5,5,5,4,4,5,5,4,2,2,,30.0,5.0,,,,,5.0,4.0,2.0,,6.0,1.0,54.0,,1.0,,3.0,5.0,5.0,,,,,,,,15.0,,1.0,,4.0,,1.0,,,5.0,,,,,,,,,,,1.0,1.0,1.0,1.0,1.0,1.0,7.0,3.0,3.0,3.0,3.0,5.0,6.0,6.0,4.0,2.0,70.0,70.0,70.0,60.0,60.0,70.0,70.0,60.0,40.0,40.0,1.0,2.0,2.0,1.0,2.0,2.0,1.0,1.0,1.0,1.0,1.0,2.0,1.0,1.0,1.0,1.0,2.0,1.0,2.0,2.0,2.0,1.0,1.0,1.0,1.0,1.0,2.0,1.0,1.0,1.0,2.0,2.0,1.0,1.0,1.0,1.0,1.0,1.0,2.0,2.0
988,5,5,5,4,4,5,5,5,2,2,,30.0,5.0,,,,,5.0,4.0,2.0,6.0,,,,1.0,1.0,,3.0,5.0,5.0,,,,,,,,10.0,,1.0,4.0,,,,1.0,,5.0,1.0,1.0,1.0,1.0,1.0,1.0,1.0,1.0,1.0,1.0,,,,,,,7.0,3.0,4.0,4.0,3.0,5.0,6.0,6.0,4.0,2.0,75.0,70.0,75.0,60.0,60.0,75.0,75.0,70.0,40.0,40.0,1.0,1.0,2.0,2.0,1.0,1.0,2.0,1.0,2.0,1.0,2.0,2.0,1.0,1.0,1.0,1.0,1.0,1.0,1.0,2.0,1.0,1.0,1.0,1.0,1.0,1.0,1.0,1.0,2.0,1.0,1.0,1.0,1.0,2.0,1.0,1.0,1.0,1.0,1.0,1.0
1972,5,5,5,5,5,5,5,4,1,1,70.0,,5.0,,5.0,4.0,2.0,,,,,6.0,1.0,54.0,,1.0,,3.0,5.0,5.0,,,,,,,15.0,,,1.0,,3.0,,,1.0,5.0,,,,,,,,,,,,1.0,1.0,1.0,1.0,1.0,1.0,7.0,3.0,3.0,3.0,3.0,5.0,6.0,6.0,4.0,2.0,80.0,75.0,80.0,75.0,75.0,80.0,75.0,65.0,30.0,30.0,1.0,2.0,1.0,2.0,2.0,2.0,1.0,1.0,1.0,1.0,1.0,1.0,1.0,2.0,1.0,1.0,1.0,1.0,1.0,1.0,1.0,2.0,1.0,1.0,1.0,1.0,1.0,2.0,1.0,1.0,1.0,1.0,1.0,1.0,1.0,1.0,1.0,1.0,1.0,1.0
1801,2,4,4,2,3,4,4,3,2,3,,30.0,,,,,,,,,6.0,,1.0,54.0,,1.0,,,,,3.0,4.0,5.0,,,,15.0,,,1.0,4.0,,,,1.0,5.0,,,,,,,,,,,,1.0,1.0,1.0,1.0,1.0,1.0,6.0,3.0,2.0,3.0,3.0,5.0,6.0,6.0,3.0,,,,,,,,,,,,1.0,1.0,2.0,1.0,2.0,1.0,1.0,2.0,1.0,1.0,2.0,1.0,2.0,2.0,1.0,1.0,2.0,1.0,2.0,1.0,1.0,1.0,1.0,2.0,2.0,1.0,1.0,2.0,1.0,1.0,2.0,1.0,1.0,1.0,1.0,2.0,1.0,2.0,2.0,1.0
1254,2,4,4,2,3,4,4,2,1,1,70.0,,2.0,,,,,5.0,4.0,2.0,6.0,,1.0,54.0,,,2.0,3.0,4.0,5.0,,,,,,,,15.0,1.0,,,3.0,,1.0,,,5.0,1.0,1.0,1.0,1.0,1.0,1.0,1.0,1.0,1.0,1.0,,,,,,,6.0,3.0,3.0,3.0,3.0,5.0,6.0,6.0,3.0,2.0,55.0,65.0,60.0,40.0,50.0,60.0,60.0,40.0,30.0,30.0,1.0,1.0,1.0,2.0,1.0,1.0,1.0,1.0,1.0,2.0,2.0,1.0,2.0,2.0,2.0,2.0,1.0,1.0,2.0,1.0,2.0,1.0,2.0,1.0,1.0,2.0,2.0,2.0,1.0,2.0,1.0,2.0,1.0,1.0,1.0,1.0,2.0,2.0,1.0,1.0
1327,5,5,5,5,5,5,5,5,1,1,70.0,,,2.0,,,,,,,,7.0,1.0,54.0,,1.0,,3.0,5.0,5.0,,,,,,,15.0,,1.0,,,3.0,,1.0,,5.0,,1.0,1.0,1.0,1.0,1.0,1.0,1.0,1.0,1.0,1.0,,,,,,,7.0,3.0,3.0,3.0,3.0,5.0,6.0,6.0,4.0,2.0,80.0,80.0,85.0,85.0,85.0,85.0,85.0,80.0,20.0,20.0,1.0,1.0,1.0,2.0,1.0,2.0,1.0,1.0,1.0,2.0,1.0,1.0,2.0,2.0,2.0,2.0,1.0,1.0,1.0,1.0,1.0,1.0,1.0,1.0,1.0,1.0,1.0,1.0,2.0,1.0,1.0,1.0,1.0,2.0,2.0,1.0,1.0,1.0,1.0,1.0
1448,5,5,5,5,5,5,5,5,2,2,,30.0,,2.0,,,,,,,,6.0,1.0,54.0,,,2.0,,,,,,,2.0,5.0,,,,,,,,,,,,,,,,,,,,,,,,,,,,,7.0,3.0,3.0,3.0,3.0,5.0,6.0,6.0,4.0,,75.0,75.0,75.0,75.0,75.0,75.0,75.0,75.0,40.0,40.0,,,,,,,,,,,,,,,,,,,,,,,,,,,,,,,,,,,,,,,,
654,5,5,5,5,5,5,5,5,2,2,70.0,,5.0,,5.0,4.0,3.0,,,,6.0,,1.0,54.0,,1.0,,3.0,5.0,5.0,,,,,,,,10.0,1.0,,,4.0,,1.0,,,5.0,1.0,1.0,1.0,1.0,1.0,1.0,1.0,1.0,1.0,1.0,,,,,,,7.0,3.0,3.0,3.0,3.0,5.0,6.0,6.0,4.0,2.0,75.0,70.0,80.0,85.0,80.0,75.0,80.0,70.0,40.0,40.0,1.0,1.0,1.0,2.0,1.0,1.0,1.0,2.0,2.0,1.0,1.0,1.0,1.0,1.0,1.0,2.0,2.0,1.0,1.0,1.0,1.0,2.0,1.0,1.0,1.0,1.0,1.0,2.0,2.0,1.0,2.0,1.0,1.0,1.0,1.0,2.0,1.0,2.0,2.0,1.0
727,5,5,5,5,5,5,5,5,1,2,70.0,,5.0,,5.0,4.0,2.0,,,,,6.0,1.0,54.0,,,2.0,,,,2.0,5.0,5.0,,,,,15.0,,1.0,,3.0,,1.0,,,5.0,,,,,,,,,,,1.0,1.0,1.0,1.0,1.0,1.0,7.0,3.0,2.0,2.0,3.0,5.0,6.0,6.0,3.0,2.0,80.0,75.0,85.0,80.0,75.0,80.0,85.0,70.0,30.0,40.0,1.0,2.0,2.0,1.0,1.0,1.0,2.0,2.0,1.0,1.0,1.0,1.0,1.0,2.0,1.0,1.0,2.0,1.0,1.0,1.0,1.0,1.0,2.0,1.0,1.0,1.0,2.0,2.0,1.0,1.0,1.0,1.0,2.0,1.0,1.0,2.0,1.0,2.0,2.0,1.0
949,4,4,4,2,3,4,4,3,2,3,70.0,,,2.0,,,,,,,,6.0,1.0,54.0,,1.0,,,,,3.0,4.0,5.0,,,,15.0,,1.0,,4.0,,,1.0,,,5.0,,,,,,,,,,,1.0,1.0,1.0,1.0,1.0,1.0,6.0,3.0,3.0,3.0,3.0,5.0,6.0,6.0,4.0,,,,,,,,,,,,1.0,2.0,1.0,2.0,1.0,1.0,2.0,1.0,2.0,2.0,1.0,1.0,1.0,1.0,1.0,1.0,1.0,2.0,1.0,1.0,1.0,1.0,2.0,1.0,2.0,1.0,2.0,1.0,1.0,2.0,1.0,1.0,2.0,1.0,1.0,1.0,1.0,2.0,1.0,1.0
445,2,3,3,2,3,3,4,2,1,1,,30.0,,2.0,,,,,,,6.0,,,,1.0,1.0,,2.0,4.0,5.0,,,,,,,,10.0,1.0,,4.0,,,,1.0,5.0,,,,,,,,,,,,1.0,1.0,1.0,1.0,1.0,1.0,6.0,3.0,3.0,3.0,3.0,5.0,6.0,6.0,4.0,2.0,40.0,50.0,50.0,30.0,40.0,50.0,60.0,30.0,20.0,20.0,1.0,2.0,1.0,2.0,1.0,1.0,2.0,2.0,1.0,1.0,1.0,1.0,1.0,2.0,1.0,2.0,1.0,1.0,1.0,2.0,,,,,,,,,,,,,,,,,,,,
536,2,3,3,1,2,3,3,1,1,1,70.0,,,2.0,,,,,,,,6.0,1.0,54.0,,1.0,,2.0,4.0,3.0,,,,,,,15.0,,1.0,,4.0,,,1.0,,4.0,,1.0,1.0,1.0,1.0,1.0,1.0,1.0,1.0,1.0,1.0,,,,,,,6.0,2.0,2.0,2.0,3.0,5.0,5.0,5.0,3.0,2.0,30.0,40.0,40.0,20.0,25.0,40.0,40.0,20.0,20.0,20.0,2.0,1.0,1.0,1.0,2.0,2.0,2.0,1.0,1.0,2.0,1.0,1.0,2.0,2.0,1.0,1.0,2.0,2.0,2.0,2.0,,,,,,,,,,,,,,,,,,,,
259,5,5,5,2,3,5,5,4,2,3,,30.0,2.0,,,,,,,,6.0,,1.0,54.0,,1.0,,3.0,5.0,5.0,,,,,,,,10.0,,1.0,,4.0,,1.0,,5.0,,1.0,1.0,1.0,1.0,1.0,1.0,1.0,1.0,1.0,1.0,,,,,,,6.0,3.0,3.0,3.0,3.0,5.0,6.0,6.0,4.0,2.0,75.0,70.0,75.0,40.0,50.0,75.0,75.0,65.0,40.0,50.0,1.0,1.0,2.0,2.0,1.0,1.0,1.0,1.0,2.0,1.0,1.0,1.0,1.0,1.0,2.0,2.0,1.0,2.0,1.0,1.0,2.0,1.0,1.0,1.0,1.0,1.0,1.0,1.0,2.0,1.0,1.0,1.0,2.0,1.0,1.0,2.0,1.0,2.0,1.0,1.0
1045,5,5,5,5,5,5,5,5,1,1,,30.0,,2.0,,,,,,,6.0,,,,1.0,1.0,,,,,,,,2.0,5.0,5.0,15.0,,1.0,,,4.0,,,1.0,,5.0,,,,,,,,,,,1.0,1.0,1.0,1.0,1.0,1.0,6.0,3.0,3.0,3.0,3.0,5.0,6.0,6.0,4.0,2.0,75.0,80.0,85.0,80.0,75.0,85.0,80.0,75.0,20.0,20.0,1.0,2.0,1.0,2.0,1.0,2.0,1.0,2.0,1.0,1.0,1.0,1.0,1.0,2.0,1.0,1.0,1.0,1.0,1.0,1.0,,,,,,,,,,,,,,,,,,,,
1136,4,4,4,2,3,5,4,3,2,2,70.0,,5.0,,,,,5.0,4.0,2.0,,6.0,,,1.0,,2.0,3.0,4.0,5.0,,,,,,,,12.0,,1.0,,4.0,,,1.0,,5.0,,,,,,,,,,,1.0,1.0,1.0,1.0,1.0,1.0,6.0,3.0,3.0,3.0,4.0,5.0,6.0,6.0,4.0,2.0,65.0,60.0,60.0,40.0,50.0,75.0,60.0,50.0,40.0,40.0,1.0,2.0,1.0,1.0,1.0,1.0,1.0,2.0,1.0,1.0,2.0,2.0,2.0,1.0,1.0,1.0,1.0,1.0,1.0,1.0,,,,,,,,,,,,,,,,,,,,
1659,5,5,5,5,5,5,5,4,2,3,70.0,,5.0,,,,,,,,,6.0,,,1.0,,2.0,,,,2.0,5.0,5.0,,,,15.0,,,1.0,4.0,,,,1.0,,5.0,1.0,1.0,1.0,1.0,1.0,1.0,1.0,1.0,1.0,1.0,,,,,,,6.0,3.0,3.0,3.0,3.0,5.0,5.0,5.0,4.0,2.0,75.0,75.0,75.0,75.0,75.0,75.0,75.0,65.0,40.0,50.0,1.0,2.0,2.0,2.0,1.0,1.0,1.0,1.0,1.0,1.0,1.0,1.0,1.0,2.0,2.0,1.0,1.0,1.0,1.0,1.0,2.0,2.0,1.0,2.0,1.0,1.0,1.0,1.0,1.0,1.0,1.0,1.0,1.0,1.0,1.0,1.0,1.0,1.0,1.0,1.0
1944,5,5,5,5,4,5,5,4,1,1,70.0,,5.0,,5.0,4.0,2.0,,,,6.0,,1.0,54.0,,1.0,,3.0,5.0,5.0,,,,,,,,,,,,3.0,,,1.0,,5.0,1.0,1.0,1.0,1.0,1.0,1.0,1.0,1.0,1.0,1.0,,,,,,,6.0,3.0,2.0,2.0,3.0,5.0,6.0,6.0,4.0,2.0,70.0,70.0,70.0,70.0,60.0,70.0,70.0,60.0,20.0,20.0,1.0,2.0,2.0,1.0,2.0,1.0,1.0,2.0,1.0,1.0,1.0,1.0,1.0,1.0,1.0,1.0,2.0,1.0,1.0,2.0,2.0,1.0,1.0,1.0,2.0,2.0,2.0,2.0,1.0,1.0,1.0,2.0,1.0,1.0,1.0,1.0,1.0,1.0,2.0,2.0
1837,5,5,5,4,4,5,5,5,2,2,,30.0,,2.0,5.0,4.0,2.0,,,,6.0,,,,1.0,1.0,,,,,,,,2.0,5.0,5.0,15.0,,1.0,,4.0,,,,1.0,5.0,,,,,,,,,,,,1.0,1.0,1.0,1.0,1.0,1.0,7.0,3.0,3.0,3.0,3.0,5.0,6.0,6.0,4.0,,,,,,,,,,,,1.0,1.0,1.0,1.0,1.0,1.0,2.0,2.0,1.0,1.0,1.0,1.0,1.0,2.0,1.0,1.0,1.0,1.0,1.0,1.0,1.0,1.0,1.0,1.0,1.0,1.0,1.0,2.0,1.0,1.0,1.0,1.0,1.0,1.0,1.0,1.0,1.0,1.0,1.0,1.0
662,2,3,3,2,3,3,4,2,4,2,,30.0,,2.0,,,,,,,6.0,,1.0,54.0,,1.0,,,,,3.0,4.0,5.0,,,,15.0,,1.0,,4.0,,,1.0,,5.0,,,,,,,,,,,,1.0,1.0,1.0,1.0,1.0,1.0,6.0,3.0,3.0,3.0,3.0,5.0,5.0,5.0,3.0,,,,,,,,,,,,1.0,1.0,2.0,2.0,2.0,1.0,2.0,1.0,1.0,2.0,2.0,1.0,1.0,1.0,1.0,1.0,2.0,2.0,1.0,1.0,,,,,,,,,,,,,,,,,,,,
298,4,4,4,2,3,3,4,3,2,2,,30.0,5.0,,5.0,4.0,3.0,,,,,6.0,,,1.0,1.0,,3.0,4.0,5.0,,,,,,,,12.0,,1.0,4.0,,,,1.0,,5.0,,,,,,,,,,,1.0,1.0,1.0,1.0,1.0,1.0,6.0,3.0,3.0,3.0,3.0,5.0,6.0,6.0,4.0,2.0,65.0,60.0,60.0,40.0,50.0,50.0,60.0,50.0,40.0,40.0,1.0,1.0,2.0,1.0,2.0,1.0,1.0,1.0,2.0,2.0,1.0,2.0,1.0,2.0,1.0,2.0,1.0,1.0,2.0,1.0,1.0,2.0,1.0,1.0,2.0,1.0,2.0,1.0,1.0,2.0,1.0,2.0,1.0,1.0,1.0,1.0,1.0,2.0,2.0,1.0
711,2,3,3,1,2,2,3,1,1,1,,30.0,,2.0,,,,,,,,6.0,,,1.0,,2.0,,,,,,,2.0,4.0,5.0,15.0,,,1.0,,3.0,,1.0,,,5.0,,,,,,,,,,,1.0,1.0,1.0,1.0,1.0,1.0,6.0,2.0,2.0,2.0,3.0,5.0,6.0,6.0,3.0,,,,,,,,,,,,2.0,2.0,2.0,1.0,2.0,2.0,2.0,1.0,2.0,2.0,1.0,2.0,2.0,2.0,1.0,2.0,2.0,1.0,1.0,2.0,2.0,2.0,2.0,2.0,2.0,2.0,2.0,1.0,1.0,1.0,2.0,2.0,2.0,2.0,1.0,2.0,1.0,1.0,2.0,2.0
484,5,5,5,4,4,5,5,4,2,2,,30.0,,2.0,5.0,4.0,3.0,,,,,6.0,,,1.0,1.0,,,,,2.0,5.0,5.0,,,,15.0,,,1.0,,3.0,,,1.0,,5.0,,,,,,,,,,,1.0,1.0,1.0,1.0,1.0,1.0,7.0,3.0,3.0,3.0,3.0,5.0,6.0,6.0,4.0,2.0,,,,,,,,,,,2.0,1.0,1.0,1.0,1.0,2.0,1.0,1.0,2.0,2.0,1.0,1.0,2.0,1.0,1.0,1.0,1.0,1.0,2.0,2.0,1.0,1.0,1.0,2.0,2.0,1.0,2.0,1.0,1.0,1.0,1.0,1.0,1.0,2.0,1.0,1.0,2.0,2.0,2.0,1.0
1262,5,5,5,5,5,5,5,5,2,2,70.0,,,,,,,,,,6.0,,,,1.0,,2.0,3.0,5.0,5.0,,,,,,,15.0,,,1.0,,3.0,,1.0,,,5.0,,,,,,,,,,,1.0,1.0,1.0,1.0,1.0,1.0,7.0,3.0,2.0,2.0,3.0,5.0,6.0,6.0,4.0,2.0,75.0,75.0,75.0,75.0,75.0,75.0,75.0,75.0,40.0,40.0,1.0,1.0,1.0,1.0,2.0,1.0,2.0,1.0,1.0,1.0,1.0,1.0,2.0,1.0,1.0,1.0,1.0,1.0,1.0,2.0,1.0,2.0,1.0,2.0,1.0,1.0,1.0,1.0,1.0,1.0,1.0,2.0,1.0,1.0,1.0,1.0,1.0,1.0,2.0,1.0
1698,4,5,5,3,4,5,5,3,2,2,,30.0,,2.0,,,,,,,,6.0,,,1.0,,2.0,,,,,,,3.0,4.0,5.0,,12.0,1.0,,,,3.0,,1.0,,5.0,,,,,,,,,,,1.0,1.0,1.0,1.0,1.0,1.0,6.0,3.0,2.0,3.0,3.0,5.0,6.0,6.0,4.0,2.0,65.0,70.0,70.0,50.0,60.0,75.0,70.0,50.0,30.0,30.0,1.0,2.0,2.0,2.0,1.0,2.0,1.0,1.0,1.0,2.0,1.0,1.0,1.0,2.0,1.0,1.0,1.0,1.0,1.0,1.0,1.0,1.0,1.0,1.0,2.0,1.0,1.0,1.0,1.0,1.0,1.0,1.0,1.0,1.0,1.0,1.0,1.0,1.0,1.0,2.0
1311,5,5,5,5,5,5,5,5,2,2,,30.0,5.0,,,,,5.0,4.0,2.0,,6.0,1.0,54.0,,,2.0,,,,2.0,5.0,5.0,,,,,15.0,1.0,,,3.0,,,1.0,5.0,,1.0,1.0,1.0,1.0,1.0,1.0,1.0,1.0,1.0,1.0,,,,,,,6.0,3.0,3.0,3.0,3.0,5.0,6.0,6.0,4.0,,,,,,,,,,,,2.0,1.0,2.0,1.0,1.0,1.0,2.0,1.0,1.0,1.0,1.0,1.0,2.0,1.0,1.0,2.0,1.0,1.0,1.0,2.0,2.0,2.0,2.0,1.0,1.0,1.0,1.0,1.0,1.0,2.0,1.0,1.0,1.0,2.0,1.0,2.0,1.0,1.0,1.0,2.0
1084,5,5,5,4,4,5,5,4,2,2,70.0,,5.0,,,,,5.0,4.0,2.0,6.0,,1.0,54.0,,,2.0,,,,2.0,5.0,5.0,,,,,15.0,,1.0,,4.0,,,1.0,,5.0,,,,,,,,,,,1.0,1.0,1.0,1.0,1.0,1.0,6.0,3.0,3.0,3.0,3.0,5.0,6.0,6.0,4.0,2.0,75.0,75.0,80.0,65.0,65.0,75.0,75.0,65.0,40.0,40.0,2.0,1.0,2.0,1.0,2.0,2.0,1.0,1.0,2.0,1.0,2.0,1.0,1.0,1.0,1.0,1.0,1.0,1.0,1.0,2.0,1.0,2.0,1.0,1.0,2.0,1.0,1.0,1.0,1.0,1.0,1.0,1.0,1.0,1.0,2.0,1.0,1.0,1.0,1.0,1.0
1985,5,5,5,5,5,5,5,5,2,2,,30.0,5.0,,5.0,4.0,2.0,,,,6.0,,1.0,54.0,,1.0,,3.0,5.0,5.0,,,,,,,,15.0,1.0,,4.0,,,,1.0,,5.0,,,,,,,,,,,1.0,1.0,1.0,1.0,1.0,1.0,7.0,3.0,3.0,3.0,3.0,5.0,6.0,6.0,4.0,2.0,80.0,80.0,85.0,85.0,85.0,85.0,85.0,80.0,40.0,40.0,1.0,2.0,2.0,1.0,1.0,1.0,2.0,2.0,2.0,2.0,2.0,2.0,1.0,2.0,2.0,2.0,1.0,1.0,1.0,2.0,2.0,1.0,1.0,1.0,1.0,1.0,1.0,2.0,2.0,2.0,2.0,1.0,1.0,1.0,2.0,1.0,1.0,1.0,1.0,2.0
178,2,4,4,2,3,4,4,2,2,3,70.0,,,2.0,,,,,,,,6.0,1.0,54.0,,,2.0,3.0,4.0,5.0,,,,,,,15.0,,1.0,,3.0,,,1.0,,4.0,,,,,,,,,,,,1.0,1.0,1.0,1.0,1.0,1.0,6.0,3.0,3.0,3.0,3.0,5.0,6.0,6.0,4.0,2.0,55.0,65.0,60.0,40.0,50.0,60.0,65.0,40.0,35.0,50.0,2.0,1.0,1.0,2.0,1.0,2.0,1.0,1.0,2.0,1.0,1.0,2.0,1.0,1.0,2.0,2.0,1.0,1.0,1.0,1.0,1.0,1.0,2.0,2.0,1.0,2.0,2.0,2.0,1.0,1.0,2.0,1.0,2.0,1.0,1.0,1.0,1.0,2.0,1.0,1.0
582,4,4,4,2,3,5,4,3,2,3,,30.0,2.0,,5.0,4.0,2.0,,,,,6.0,,,1.0,,2.0,2.0,4.0,5.0,,,,,,,,15.0,,1.0,,,2.0,,1.0,5.0,,1.0,1.0,1.0,1.0,1.0,1.0,1.0,1.0,1.0,1.0,,,,,,,6.0,3.0,2.0,3.0,3.0,5.0,6.0,5.0,3.0,2.0,65.0,60.0,60.0,40.0,50.0,70.0,60.0,50.0,40.0,50.0,1.0,1.0,2.0,1.0,2.0,1.0,1.0,1.0,2.0,1.0,1.0,1.0,2.0,1.0,1.0,2.0,1.0,1.0,1.0,1.0,1.0,1.0,1.0,1.0,2.0,1.0,1.0,1.0,1.0,1.0,2.0,2.0,2.0,1.0,2.0,2.0,1.0,1.0,2.0,1.0
617,5,5,5,4,4,5,5,4,2,2,60.0,,5.0,,,,,5.0,4.0,2.0,6.0,,1.0,54.0,,1.0,,,,,3.0,5.0,5.0,,,,,15.0,1.0,,,4.0,,1.0,,5.0,,1.0,1.0,1.0,1.0,1.0,1.0,1.0,1.0,1.0,1.0,,,,,,,6.0,3.0,3.0,3.0,3.0,5.0,6.0,6.0,3.0,2.0,75.0,75.0,75.0,60.0,60.0,75.0,75.0,60.0,40.0,40.0,2.0,2.0,1.0,1.0,1.0,1.0,1.0,1.0,1.0,1.0,1.0,1.0,2.0,1.0,1.0,1.0,1.0,1.0,1.0,1.0,1.0,1.0,1.0,1.0,1.0,1.0,1.0,1.0,1.0,1.0,1.0,1.0,1.0,1.0,1.0,1.0,1.0,1.0,1.0,1.0
764,2,3,3,2,3,2,3,2,1,1,,30.0,1.0,,,,,5.0,4.0,2.0,6.0,,,,1.0,1.0,,2.0,3.0,4.0,,,,,,,15.0,,1.0,,,,3.0,,1.0,,5.0,,,,,,,,,,,1.0,1.0,1.0,1.0,1.0,1.0,7.0,3.0,2.0,2.0,3.0,5.0,6.0,6.0,3.0,,,,,,,,,,,,1.0,1.0,2.0,2.0,1.0,1.0,1.0,1.0,2.0,1.0,1.0,2.0,1.0,1.0,2.0,2.0,1.0,2.0,2.0,1.0,1.0,1.0,1.0,1.0,1.0,1.0,1.0,1.0,1.0,1.0,1.0,1.0,2.0,2.0,1.0,1.0,1.0,2.0,1.0,1.0
1578,5,5,5,2,4,5,5,4,2,2,,30.0,2.0,,,,,5.0,4.0,2.0,6.0,,1.0,54.0,,,2.0,,,,2.0,5.0,5.0,,,,15.0,,,1.0,,4.0,,,1.0,5.0,,,,,,,,,,,,1.0,1.0,1.0,1.0,1.0,1.0,7.0,3.0,3.0,3.0,3.0,5.0,6.0,6.0,4.0,,,,,,,,,,,,2.0,2.0,1.0,1.0,2.0,1.0,1.0,1.0,1.0,1.0,1.0,2.0,1.0,2.0,1.0,1.0,2.0,1.0,2.0,1.0,1.0,1.0,1.0,1.0,1.0,1.0,1.0,2.0,2.0,2.0,1.0,1.0,1.0,2.0,1.0,1.0,1.0,1.0,2.0,1.0
1182,2,3,3,2,3,2,3,2,4,4,70.0,,2.0,,,,,5.0,4.0,3.0,6.0,,1.0,54.0,,,2.0,2.0,4.0,4.0,,,,,,,,15.0,1.0,,,4.0,,,1.0,,5.0,1.0,1.0,1.0,1.0,1.0,1.0,1.0,1.0,1.0,1.0,,,,,,,6.0,3.0,3.0,3.0,3.0,5.0,6.0,6.0,3.0,2.0,40.0,50.0,50.0,40.0,50.0,40.0,50.0,40.0,60.0,60.0,2.0,1.0,1.0,2.0,1.0,2.0,1.0,1.0,1.0,1.0,1.0,1.0,1.0,1.0,1.0,1.0,1.0,1.0,1.0,2.0,1.0,2.0,2.0,1.0,2.0,2.0,1.0,1.0,1.0,2.0,1.0,1.0,1.0,2.0,2.0,2.0,1.0,1.0,1.0,2.0
1217,5,4,5,4,4,5,5,4,2,2,70.0,,5.0,,,,,5.0,4.0,2.0,,6.0,,,1.0,1.0,,3.0,5.0,5.0,,,,,,,15.0,,,1.0,,3.0,,,1.0,5.0,,1.0,1.0,1.0,1.0,1.0,1.0,1.0,1.0,1.0,1.0,,,,,,,7.0,3.0,4.0,3.0,3.0,5.0,6.0,6.0,4.0,2.0,75.0,65.0,80.0,60.0,60.0,75.0,75.0,65.0,40.0,40.0,1.0,2.0,1.0,2.0,1.0,1.0,2.0,1.0,2.0,1.0,2.0,1.0,2.0,1.0,1.0,1.0,2.0,1.0,1.0,2.0,1.0,1.0,1.0,1.0,2.0,2.0,2.0,1.0,2.0,1.0,1.0,1.0,1.0,1.0,2.0,1.0,2.0,2.0,1.0,2.0
1364,5,5,5,4,4,5,5,4,2,2,,30.0,,2.0,,,,,,,,6.0,1.0,54.0,,,2.0,,,,,,,2.0,5.0,5.0,15.0,,,1.0,4.0,,,1.0,,,5.0,1.0,1.0,1.0,1.0,1.0,1.0,1.0,1.0,1.0,1.0,,,,,,,6.0,3.0,3.0,3.0,3.0,5.0,6.0,6.0,4.0,2.0,75.0,75.0,75.0,65.0,65.0,75.0,75.0,65.0,40.0,40.0,2.0,2.0,2.0,2.0,1.0,2.0,2.0,1.0,2.0,2.0,1.0,1.0,2.0,1.0,2.0,1.0,1.0,1.0,1.0,1.0,1.0,1.0,1.0,1.0,1.0,2.0,1.0,1.0,2.0,2.0,1.0,1.0,2.0,2.0,1.0,2.0,2.0,1.0,2.0,1.0
1883,2,3,3,2,3,3,3,2,4,2,,30.0,,2.0,,,,,,,,6.0,1.0,54.0,,,2.0,,,,3.0,4.0,5.0,,,,,15.0,,1.0,,4.0,,1.0,,5.0,,,,,,,,,,,,1.0,1.0,1.0,1.0,1.0,1.0,6.0,3.0,3.0,3.0,3.0,5.0,5.0,5.0,3.0,,,,,,,,,,,,2.0,1.0,2.0,1.0,2.0,1.0,1.0,2.0,2.0,2.0,1.0,1.0,1.0,1.0,1.0,1.0,1.0,2.0,2.0,1.0,2.0,1.0,1.0,2.0,1.0,1.0,2.0,1.0,1.0,1.0,1.0,1.0,2.0,2.0,1.0,1.0,1.0,1.0,2.0,1.0
879,4,4,4,3,3,4,4,3,2,2,,30.0,,2.0,,,,,,,,6.0,1.0,54.0,,,2.0,,,,2.0,4.0,5.0,,,,15.0,,,1.0,,4.0,,,1.0,,5.0,,,,,,,,,,,1.0,1.0,1.0,1.0,1.0,1.0,6.0,3.0,2.0,3.0,3.0,5.0,6.0,6.0,3.0,2.0,65.0,60.0,60.0,50.0,50.0,60.0,60.0,50.0,40.0,40.0,2.0,1.0,2.0,1.0,2.0,1.0,1.0,2.0,1.0,1.0,2.0,1.0,1.0,1.0,2.0,1.0,2.0,1.0,2.0,1.0,1.0,1.0,2.0,1.0,1.0,1.0,2.0,2.0,1.0,1.0,2.0,2.0,2.0,1.0,1.0,1.0,1.0,1.0,1.0,2.0
430,2,3,3,1,2,3,3,2,1,1,,30.0,5.0,,5.0,4.0,2.0,,,,,6.0,,,1.0,,2.0,,,,,,,2.0,4.0,5.0,15.0,,1.0,,,3.0,,1.0,,5.0,,1.0,1.0,1.0,1.0,1.0,1.0,1.0,1.0,1.0,1.0,,,,,,,6.0,3.0,3.0,3.0,3.0,5.0,6.0,6.0,4.0,2.0,40.0,50.0,50.0,20.0,30.0,50.0,50.0,40.0,20.0,20.0,2.0,1.0,2.0,2.0,1.0,2.0,1.0,1.0,2.0,1.0,2.0,1.0,2.0,1.0,1.0,2.0,1.0,2.0,2.0,1.0,1.0,2.0,1.0,1.0,1.0,2.0,1.0,2.0,1.0,1.0,2.0,1.0,1.0,1.0,1.0,1.0,1.0,2.0,2.0,1.0
543,4,5,5,2,4,5,5,3,2,3,,30.0,,2.0,,,,,,,,6.0,,,1.0,,2.0,,,,,,,3.0,5.0,5.0,15.0,,1.0,,,3.0,,1.0,,5.0,,,,,,,,,,,,,,,,,,,,,,,,,,,,65.0,70.0,75.0,40.0,60.0,80.0,75.0,50.0,35.0,45.0,1.0,1.0,2.0,2.0,1.0,1.0,1.0,1.0,2.0,1.0,1.0,1.0,1.0,2.0,1.0,1.0,2.0,1.0,1.0,1.0,1.0,1.0,1.0,2.0,1.0,1.0,1.0,1.0,1.0,2.0,2.0,1.0,2.0,1.0,1.0,1.0,2.0,2.0,1.0,1.0
1030,4,4,4,2,3,4,4,3,2,2,,30.0,,2.0,,,,,,,6.0,,1.0,54.0,,,2.0,,,,2.0,4.0,5.0,,,,15.0,,1.0,,,,,,,,,,,,,,,,,,,,,,,,,,,,,,,,,,,,,,,,,,,,,,,,,,,,,,,,,,,,,,,,,,,,,,,,,,,,,,,,,,,,
1143,4,4,4,2,3,4,4,3,2,2,70.0,,5.0,,5.0,4.0,2.0,,,,6.0,,,,1.0,,2.0,3.0,4.0,5.0,,,,,,,15.0,,,,,,,,1.0,,,,,,,,,,,,,,,,,,,6.0,3.0,3.0,3.0,3.0,5.0,6.0,6.0,4.0,2.0,65.0,60.0,60.0,40.0,50.0,60.0,60.0,45.0,35.0,35.0,1.0,2.0,1.0,2.0,1.0,1.0,2.0,1.0,1.0,1.0,1.0,1.0,1.0,1.0,1.0,2.0,1.0,1.0,1.0,2.0,1.0,1.0,2.0,2.0,1.0,1.0,2.0,1.0,1.0,1.0,2.0,1.0,1.0,1.0,1.0,1.0,1.0,1.0,1.0,1.0
1931,2,3,3,1,2,2,3,1,4,4,70.0,,,,,,,5.0,4.0,2.0,6.0,,1.0,54.0,,,2.0,,,,2.0,4.0,5.0,,,,,15.0,,1.0,,,3.0,,1.0,,5.0,1.0,1.0,1.0,1.0,1.0,1.0,1.0,1.0,1.0,1.0,,,,,,,6.0,3.0,2.0,2.0,3.0,5.0,6.0,6.0,3.0,2.0,40.0,50.0,50.0,30.0,40.0,40.0,50.0,30.0,60.0,60.0,2.0,2.0,1.0,1.0,2.0,1.0,2.0,2.0,1.0,1.0,2.0,2.0,2.0,2.0,1.0,1.0,1.0,1.0,1.0,2.0,2.0,1.0,1.0,2.0,2.0,1.0,1.0,2.0,1.0,1.0,1.0,1.0,1.0,2.0,1.0,1.0,2.0,1.0,1.0,1.0
1842,2,4,4,2,3,3,4,2,2,2,70.0,,5.0,,5.0,4.0,2.0,,,,,6.0,,,1.0,1.0,,,,,2.0,4.0,5.0,,,,,15.0,,1.0,,3.0,,1.0,,5.0,,1.0,1.0,1.0,1.0,1.0,1.0,1.0,1.0,1.0,1.0,,,,,,,7.0,3.0,2.0,2.0,2.0,5.0,6.0,6.0,3.0,2.0,40.0,60.0,60.0,30.0,40.0,40.0,60.0,30.0,30.0,30.0,2.0,1.0,2.0,1.0,2.0,2.0,1.0,1.0,1.0,2.0,1.0,2.0,1.0,1.0,1.0,1.0,1.0,1.0,2.0,1.0,1.0,1.0,1.0,1.0,1.0,2.0,1.0,1.0,2.0,1.0,1.0,1.0,1.0,1.0,2.0,1.0,2.0,2.0,1.0,2.0
1889,5,4,5,2,3,4,4,4,2,2,70.0,,5.0,,5.0,4.0,2.0,,,,,6.0,1.0,54.0,,,2.0,3.0,4.0,5.0,,,,,,,15.0,,1.0,,,,3.0,,1.0,5.0,,1.0,1.0,1.0,1.0,1.0,1.0,1.0,1.0,1.0,1.0,,,,,,,6.0,3.0,3.0,3.0,3.0,5.0,6.0,6.0,3.0,2.0,75.0,65.0,75.0,40.0,50.0,65.0,65.0,65.0,40.0,40.0,1.0,2.0,1.0,1.0,2.0,2.0,2.0,1.0,1.0,2.0,1.0,1.0,2.0,1.0,1.0,1.0,1.0,1.0,1.0,1.0,1.0,2.0,1.0,1.0,1.0,1.0,1.0,1.0,1.0,1.0,1.0,1.0,1.0,1.0,1.0,1.0,1.0,2.0,1.0,1.0
900,5,5,5,5,5,5,5,5,1,2,,30.0,,2.0,,,,,,,6.0,,,,1.0,1.0,,,,,,,,2.0,5.0,5.0,,15.0,1.0,,,,3.0,,1.0,,5.0,1.0,1.0,1.0,1.0,1.0,1.0,1.0,1.0,1.0,1.0,,,,,,,6.0,3.0,3.0,3.0,3.0,5.0,6.0,6.0,4.0,2.0,75.0,75.0,80.0,80.0,75.0,80.0,85.0,70.0,30.0,40.0,2.0,1.0,1.0,2.0,2.0,2.0,1.0,1.0,1.0,1.0,1.0,1.0,1.0,1.0,1.0,2.0,1.0,2.0,1.0,1.0,1.0,1.0,2.0,1.0,1.0,2.0,2.0,1.0,1.0,2.0,2.0,1.0,2.0,1.0,1.0,1.0,2.0,1.0,2.0,1.0
873,2,3,3,2,3,3,3,2,4,3,70.0,,2.0,,,,,5.0,4.0,2.0,,6.0,,,1.0,1.0,,3.0,4.0,4.0,,,,,,,,15.0,1.0,,,3.0,,,1.0,5.0,,1.0,1.0,1.0,1.0,1.0,1.0,1.0,1.0,1.0,1.0,,,,,,,6.0,3.0,2.0,2.0,3.0,5.0,6.0,6.0,3.0,2.0,40.0,50.0,50.0,40.0,50.0,50.0,50.0,40.0,60.0,50.0,1.0,2.0,2.0,2.0,1.0,1.0,1.0,1.0,2.0,1.0,1.0,2.0,1.0,1.0,2.0,1.0,2.0,1.0,2.0,2.0,1.0,1.0,2.0,1.0,1.0,2.0,2.0,1.0,2.0,1.0,1.0,2.0,2.0,1.0,2.0,2.0,2.0,1.0,1.0,2.0
588,5,5,5,5,5,5,5,5,1,1,,30.0,6.0,,4.0,4.0,2.0,,,,,6.0,,,1.0,,2.0,3.0,5.0,5.0,,,,,,,,15.0,,1.0,,4.0,,1.0,,,5.0,,,,,,,,,,,1.0,1.0,1.0,1.0,1.0,1.0,7.0,3.0,3.0,3.0,3.0,5.0,6.0,6.0,4.0,2.0,80.0,80.0,85.0,85.0,85.0,90.0,85.0,80.0,20.0,20.0,1.0,2.0,2.0,1.0,2.0,2.0,1.0,1.0,1.0,1.0,1.0,1.0,2.0,1.0,1.0,1.0,2.0,1.0,1.0,1.0,1.0,1.0,1.0,1.0,1.0,1.0,2.0,1.0,1.0,1.0,1.0,1.0,1.0,1.0,1.0,2.0,1.0,1.0,1.0,1.0
172,2,3,3,2,3,4,4,2,4,3,,30.0,5.0,,5.0,4.0,2.0,,,,6.0,,,,1.0,1.0,,,,,,,,3.0,4.0,5.0,,15.0,1.0,,,,3.0,1.0,,,5.0,1.0,1.0,1.0,1.0,1.0,1.0,1.0,1.0,1.0,1.0,,,,,,,6.0,3.0,3.0,3.0,3.0,5.0,6.0,6.0,4.0,,,,,,,,,,,,,,,,,,,,,,,,,,,,,,,,,,,,,,,,,,,,,,,,,,,
394,5,5,5,5,5,5,5,5,1,1,70.0,,,2.0,,,,,,,,6.0,,,1.0,1.0,,2.0,5.0,6.0,,,,,,,15.0,,,1.0,,3.0,,1.0,,5.0,,,,,,,,,,,,1.0,1.0,1.0,1.0,1.0,1.0,7.0,3.0,3.0,3.0,3.0,5.0,6.0,6.0,4.0,2.0,80.0,80.0,85.0,85.0,85.0,85.0,85.0,80.0,20.0,20.0,2.0,1.0,2.0,1.0,2.0,1.0,2.0,2.0,1.0,1.0,2.0,1.0,1.0,2.0,2.0,1.0,1.0,2.0,1.0,1.0,,,,,,,,,,,,,,,,,,,,
1188,5,5,5,5,5,5,5,5,2,2,,30.0,5.0,,,,,5.0,4.0,2.0,6.0,,,,1.0,,2.0,,,,,,,3.0,5.0,5.0,15.0,,,1.0,,,3.0,1.0,,,5.0,,,,,,,,,,,1.0,1.0,1.0,1.0,1.0,1.0,7.0,3.0,3.0,3.0,3.0,5.0,6.0,6.0,4.0,,,,,,,,,,,,2.0,1.0,2.0,1.0,1.0,1.0,2.0,1.0,1.0,2.0,1.0,1.0,2.0,2.0,1.0,1.0,2.0,2.0,1.0,1.0,1.0,1.0,1.0,1.0,1.0,2.0,2.0,1.0,1.0,2.0,1.0,1.0,1.0,2.0,2.0,2.0,1.0,1.0,1.0,2.0
1401,2,3,3,2,3,3,3,2,4,3,70.0,,,2.0,,,,,,,6.0,,,,1.0,,2.0,,,,,,,2.0,4.0,4.0,,10.0,,1.0,4.0,,,1.0,,,5.0,,,,,,,,,,,1.0,1.0,1.0,1.0,1.0,1.0,7.0,3.0,3.0,3.0,5.0,6.0,6.0,6.0,3.0,,,,,,,,,,,,2.0,1.0,2.0,1.0,1.0,1.0,1.0,1.0,2.0,1.0,1.0,1.0,2.0,1.0,1.0,2.0,1.0,2.0,1.0,1.0,2.0,1.0,1.0,1.0,1.0,1.0,1.0,1.0,1.0,2.0,1.0,1.0,2.0,2.0,2.0,1.0,1.0,2.0,2.0,1.0
1572,5,5,5,5,5,5,5,5,2,2,,40.0,,2.0,,,,,,,6.0,,1.0,54.0,,,2.0,3.0,5.0,5.0,,,,,,,15.0,,1.0,,4.0,,,1.0,,,5.0,,,,,,,,,,,1.0,1.0,1.0,1.0,1.0,1.0,6.0,3.0,2.0,2.0,3.0,5.0,6.0,6.0,4.0,2.0,75.0,75.0,80.0,80.0,80.0,80.0,80.0,75.0,40.0,40.0,1.0,1.0,2.0,2.0,1.0,1.0,2.0,1.0,2.0,2.0,2.0,1.0,1.0,2.0,1.0,1.0,2.0,2.0,1.0,1.0,1.0,2.0,2.0,1.0,2.0,1.0,1.0,1.0,2.0,2.0,1.0,1.0,2.0,1.0,1.0,2.0,1.0,1.0,1.0,1.0
1794,5,5,5,3,4,5,5,4,2,3,,30.0,2.0,,5.0,4.0,2.0,,,,6.0,,,,1.0,1.0,,,,,3.0,5.0,5.0,,,,,15.0,,1.0,4.0,,,,1.0,5.0,,1.0,1.0,1.0,1.0,1.0,1.0,1.0,1.0,1.0,1.0,,,,,,,6.0,3.0,3.0,3.0,3.0,5.0,6.0,6.0,4.0,2.0,75.0,75.0,75.0,50.0,60.0,75.0,75.0,60.0,40.0,50.0,2.0,1.0,1.0,2.0,1.0,1.0,2.0,2.0,1.0,1.0,2.0,1.0,2.0,1.0,1.0,2.0,1.0,1.0,1.0,2.0,1.0,1.0,2.0,1.0,2.0,1.0,2.0,2.0,1.0,2.0,1.0,2.0,2.0,1.0,1.0,1.0,1.0,2.0,1.0,1.0
1848,4,4,4,2,3,4,4,2,2,2,,30.0,5.0,,,,,,,,,6.0,1.0,54.0,,1.0,,3.0,4.0,5.0,,,,,,,,10.0,,1.0,4.0,,,1.0,,,5.0,,,,,,,,,,,1.0,1.0,1.0,1.0,1.0,1.0,7.0,3.0,3.0,3.0,3.0,5.0,6.0,6.0,4.0,2.0,60.0,60.0,60.0,40.0,50.0,60.0,60.0,40.0,40.0,40.0,1.0,2.0,1.0,2.0,2.0,1.0,2.0,2.0,1.0,1.0,2.0,2.0,1.0,1.0,1.0,1.0,2.0,2.0,2.0,1.0,1.0,1.0,1.0,1.0,1.0,2.0,1.0,1.0,2.0,2.0,1.0,1.0,2.0,2.0,2.0,1.0,2.0,1.0,1.0,1.0
24,1,2,2,1,2,2,2,1,1,1,70.0,,,1.0,,,,,,,6.0,,,,1.0,,2.0,,,,1.0,1.0,1.0,,,,5.0,,1.0,,,,2.0,1.0,,2.0,,,,,,,,,,,,1.0,1.0,1.0,1.0,1.0,1.0,6.0,2.0,2.0,2.0,3.0,5.0,6.0,6.0,2.0,,,,,,,,,,,,2.0,2.0,1.0,2.0,2.0,2.0,2.0,1.0,1.0,2.0,2.0,1.0,2.0,2.0,2.0,1.0,2.0,2.0,1.0,1.0,2.0,2.0,1.0,1.0,1.0,1.0,1.0,1.0,2.0,1.0,2.0,2.0,1.0,1.0,2.0,2.0,2.0,1.0,2.0,2.0
2055,5,5,5,4,4,5,5,4,1,2,40.0,,6.0,,,,,5.0,4.0,2.0,6.0,,1.0,54.0,,1.0,,3.0,5.0,5.0,,,,,,,,12.0,1.0,,,3.0,,1.0,,5.0,,1.0,1.0,1.0,1.0,1.0,1.0,1.0,1.0,1.0,1.0,,,,,,,6.0,3.0,2.0,2.0,3.0,5.0,6.0,6.0,4.0,2.0,75.0,70.0,75.0,60.0,60.0,75.0,70.0,60.0,30.0,40.0,2.0,1.0,1.0,2.0,1.0,1.0,2.0,2.0,1.0,1.0,1.0,1.0,1.0,2.0,2.0,1.0,1.0,2.0,1.0,1.0,1.0,1.0,1.0,1.0,2.0,2.0,1.0,1.0,1.0,1.0,1.0,2.0,1.0,2.0,1.0,1.0,2.0,2.0,2.0,2.0
226,4,4,4,2,3,4,4,3,2,2,70.0,,,2.0,,,,,,,,6.0,,,1.0,1.0,,3.0,4.0,5.0,,,,,,,15.0,,1.0,,,3.0,,,1.0,,5.0,,,,,,,,,,,1.0,1.0,1.0,1.0,1.0,1.0,6.0,3.0,2.0,3.0,3.0,5.0,6.0,6.0,4.0,2.0,65.0,60.0,60.0,40.0,50.0,60.0,60.0,50.0,40.0,40.0,1.0,1.0,1.0,1.0,1.0,1.0,1.0,1.0,1.0,1.0,1.0,1.0,1.0,1.0,1.0,1.0,1.0,1.0,1.0,1.0,1.0,1.0,1.0,1.0,1.0,1.0,2.0,2.0,1.0,1.0,1.0,1.0,1.0,1.0,1.0,1.0,1.0,1.0,1.0,1.0
355,4,4,4,2,3,4,4,3,2,2,,30.0,5.0,,,,,5.0,4.0,2.0,,6.0,1.0,54.0,,1.0,,,,,3.0,4.0,5.0,,,,15.0,,1.0,,,,4.0,,,,,,,,,,,,,,,,,,,,,,,,,,,,,,2.0,60.0,55.0,55.0,40.0,45.0,55.0,55.0,45.0,40.0,40.0,1.0,2.0,2.0,1.0,1.0,2.0,1.0,1.0,1.0,1.0,2.0,2.0,2.0,1.0,1.0,2.0,2.0,1.0,1.0,2.0,1.0,1.0,1.0,1.0,1.0,2.0,1.0,1.0,1.0,1.0,1.0,1.0,1.0,2.0,1.0,1.0,1.0,1.0,1.0,1.0
549,5,5,5,4,4,5,5,4,2,2,70.0,,5.0,,5.0,4.0,2.0,,,,6.0,,,,1.0,,2.0,3.0,5.0,5.0,,,,,,,15.0,,,1.0,,,3.0,,1.0,5.0,,1.0,1.0,1.0,1.0,1.0,1.0,1.0,1.0,1.0,1.0,,,,,,,7.0,3.0,4.0,3.0,3.0,5.0,6.0,6.0,4.0,,,,,,,,,,,,1.0,1.0,2.0,1.0,1.0,1.0,1.0,1.0,2.0,1.0,1.0,1.0,1.0,1.0,2.0,1.0,1.0,1.0,2.0,1.0,1.0,1.0,1.0,1.0,2.0,1.0,2.0,1.0,1.0,2.0,1.0,1.0,1.0,1.0,1.0,2.0,1.0,1.0,1.0,1.0
1626,5,5,5,5,5,5,5,5,1,1,70.0,,5.0,,,,,,,,,6.0,,,1.0,,2.0,2.0,5.0,5.0,,,,,,,15.0,,1.0,,,,2.0,,1.0,,5.0,,,,,,,,,,,1.0,1.0,1.0,1.0,1.0,1.0,7.0,2.0,3.0,3.0,3.0,5.0,6.0,6.0,4.0,2.0,80.0,80.0,85.0,85.0,85.0,85.0,85.0,80.0,20.0,20.0,1.0,2.0,2.0,1.0,1.0,2.0,1.0,2.0,1.0,2.0,1.0,2.0,2.0,2.0,2.0,2.0,2.0,1.0,1.0,1.0,1.0,2.0,2.0,2.0,1.0,1.0,2.0,1.0,2.0,2.0,1.0,1.0,1.0,1.0,1.0,2.0,2.0,1.0,1.0,2.0
1755,4,4,4,1,3,3,4,2,1,2,30.0,,5.0,,5.0,4.0,3.0,,,,,6.0,,,1.0,,2.0,,,,2.0,4.0,5.0,,,,15.0,,1.0,,4.0,,,,1.0,,5.0,1.0,1.0,1.0,1.0,1.0,1.0,1.0,1.0,1.0,1.0,,,,,,,6.0,3.0,2.0,2.0,3.0,5.0,6.0,6.0,3.0,2.0,55.0,55.0,55.0,25.0,40.0,40.0,55.0,35.0,20.0,30.0,2.0,1.0,1.0,2.0,2.0,1.0,1.0,1.0,2.0,1.0,2.0,1.0,1.0,1.0,2.0,1.0,1.0,2.0,1.0,2.0,2.0,1.0,2.0,1.0,1.0,2.0,1.0,2.0,2.0,1.0,2.0,2.0,1.0,1.0,1.0,2.0,1.0,2.0,1.0,2.0
1149,5,5,5,5,5,5,5,5,1,1,,30.0,,2.0,,,,,,,,6.0,,,1.0,,2.0,,,,3.0,5.0,5.0,,,,15.0,,,1.0,4.0,,,,1.0,5.0,,,,,,,,,,,,1.0,1.0,1.0,1.0,1.0,1.0,7.0,3.0,3.0,3.0,3.0,5.0,6.0,6.0,4.0,,,,,,,,,,,,1.0,1.0,1.0,1.0,1.0,1.0,1.0,1.0,1.0,1.0,1.0,1.0,1.0,1.0,1.0,1.0,1.0,1.0,1.0,1.0,1.0,1.0,1.0,1.0,1.0,1.0,1.0,1.0,1.0,1.0,1.0,1.0,1.0,1.0,1.0,1.0,1.0,1.0,1.0,1.0
2020,2,3,3,2,3,3,3,2,4,3,,20.0,2.0,,,,,5.0,4.0,2.0,6.0,,1.0,54.0,,,2.0,,,,2.0,5.0,5.0,,,,,12.0,1.0,,,3.0,,1.0,,,5.0,,,,,,,,,,,1.0,1.0,1.0,1.0,1.0,1.0,7.0,3.0,3.0,3.0,3.0,5.0,6.0,6.0,3.0,2.0,40.0,50.0,50.0,40.0,50.0,50.0,50.0,40.0,30.0,50.0,2.0,2.0,2.0,1.0,2.0,2.0,2.0,2.0,1.0,1.0,2.0,1.0,2.0,1.0,1.0,1.0,2.0,1.0,2.0,2.0,,,,,,,,,,,,,,,,,,,,
51,2,3,3,2,3,3,3,2,4,3,70.0,,,2.0,5.0,4.0,2.0,,,,,6.0,1.0,54.0,,,2.0,,,,,,,3.0,4.0,5.0,15.0,,,1.0,,,3.0,,1.0,5.0,,1.0,1.0,1.0,1.0,1.0,1.0,1.0,1.0,1.0,1.0,,,,,,,6.0,3.0,3.0,3.0,3.0,5.0,6.0,6.0,3.0,2.0,50.0,55.0,55.0,40.0,50.0,50.0,50.0,40.0,60.0,50.0,2.0,1.0,2.0,2.0,1.0,2.0,2.0,1.0,1.0,2.0,2.0,1.0,1.0,1.0,1.0,2.0,1.0,2.0,2.0,1.0,2.0,1.0,1.0,1.0,2.0,1.0,1.0,1.0,2.0,2.0,1.0,1.0,1.0,2.0,1.0,2.0,1.0,1.0,1.0,1.0
253,5,5,5,5,5,5,5,5,2,2,70.0,,6.0,,,,,5.0,4.0,2.0,6.0,,1.0,54.0,,,2.0,,,,,,,3.0,5.0,5.0,15.0,,,1.0,4.0,,,1.0,,5.0,,,,,,,,,,,,1.0,1.0,1.0,1.0,1.0,1.0,7.0,3.0,3.0,3.0,3.0,5.0,6.0,6.0,4.0,2.0,75.0,70.0,80.0,85.0,80.0,85.0,80.0,75.0,40.0,40.0,1.0,2.0,1.0,2.0,1.0,2.0,1.0,2.0,1.0,1.0,1.0,1.0,1.0,2.0,1.0,2.0,1.0,1.0,1.0,2.0,2.0,2.0,1.0,1.0,1.0,2.0,1.0,1.0,1.0,1.0,1.0,1.0,1.0,1.0,1.0,1.0,1.0,1.0,1.0,1.0
320,5,5,5,4,4,5,5,5,1,2,,20.0,,2.0,,,,,,,,6.0,1.0,54.0,,,2.0,,,,,,,2.0,5.0,5.0,15.0,,,1.0,,,3.0,,1.0,,5.0,,,,,,,,,,,1.0,1.0,1.0,1.0,1.0,1.0,7.0,3.0,3.0,3.0,3.0,5.0,6.0,6.0,4.0,2.0,70.0,70.0,75.0,60.0,60.0,75.0,70.0,70.0,30.0,40.0,1.0,2.0,2.0,1.0,2.0,2.0,1.0,1.0,1.0,1.0,1.0,1.0,1.0,1.0,1.0,1.0,1.0,1.0,2.0,1.0,1.0,1.0,2.0,2.0,1.0,1.0,1.0,2.0,2.0,2.0,2.0,1.0,2.0,1.0,1.0,1.0,2.0,2.0,2.0,2.0
1653,2,3,3,2,3,3,3,2,4,3,70.0,,,2.0,,,,,,,,6.0,1.0,54.0,,,2.0,3.0,4.0,5.0,,,,,,,,15.0,1.0,,4.0,,,1.0,,4.0,,,,,,,,,,,,1.0,1.0,1.0,1.0,1.0,1.0,6.0,3.0,3.0,3.0,3.0,5.0,6.0,6.0,3.0,2.0,45.0,50.0,50.0,40.0,50.0,50.0,50.0,45.0,55.0,50.0,2.0,2.0,1.0,2.0,1.0,1.0,1.0,1.0,2.0,1.0,1.0,2.0,1.0,1.0,1.0,2.0,2.0,1.0,1.0,1.0,1.0,2.0,1.0,1.0,1.0,1.0,2.0,1.0,1.0,2.0,1.0,1.0,1.0,1.0,1.0,2.0,1.0,1.0,1.0,2.0
1720,5,5,5,5,5,5,5,5,1,1,70.0,,5.0,,5.0,4.0,2.0,,,,,6.0,1.0,54.0,,,2.0,,,,,,,2.0,5.0,5.0,,10.0,,1.0,3.0,,,,1.0,,5.0,1.0,1.0,1.0,1.0,1.0,1.0,1.0,1.0,1.0,1.0,,,,,,,7.0,3.0,3.0,3.0,3.0,5.0,6.0,6.0,4.0,2.0,80.0,80.0,85.0,85.0,85.0,85.0,85.0,80.0,20.0,20.0,1.0,1.0,1.0,2.0,1.0,1.0,2.0,2.0,2.0,2.0,2.0,1.0,1.0,1.0,1.0,1.0,1.0,1.0,1.0,2.0,,,,,,,,,,,,,,,,,,,,
975,5,5,5,4,4,5,5,4,1,2,,30.0,5.0,,5.0,4.0,2.0,,,,,6.0,1.0,54.0,,,2.0,3.0,5.0,5.0,,,,,,,15.0,,1.0,,,4.0,,1.0,,5.0,,1.0,1.0,1.0,1.0,1.0,1.0,1.0,1.0,1.0,1.0,,,,,,,7.0,3.0,3.0,3.0,3.0,5.0,6.0,6.0,4.0,2.0,75.0,70.0,75.0,60.0,60.0,75.0,75.0,65.0,30.0,40.0,1.0,2.0,1.0,1.0,2.0,1.0,2.0,2.0,1.0,1.0,2.0,2.0,2.0,1.0,1.0,2.0,1.0,1.0,1.0,1.0,1.0,2.0,1.0,1.0,2.0,1.0,2.0,1.0,2.0,2.0,2.0,1.0,1.0,1.0,1.0,2.0,1.0,1.0,1.0,2.0
90,5,4,5,5,4,5,5,4,2,2,,30.0,5.0,,5.0,4.0,3.0,,,,6.0,,,,1.0,,2.0,3.0,5.0,5.0,,,,,,,,15.0,,1.0,,3.0,,1.0,,,5.0,,,,,,,,,,,1.0,1.0,1.0,1.0,1.0,1.0,6.0,3.0,3.0,3.0,3.0,5.0,5.0,5.0,4.0,2.0,,,,,,,,,,,1.0,2.0,2.0,1.0,1.0,1.0,1.0,2.0,1.0,1.0,1.0,1.0,1.0,2.0,2.0,1.0,2.0,1.0,1.0,1.0,,,,,,,,,,,,,,,,,,,,
806,5,5,5,5,5,5,5,5,2,2,,30.0,6.0,,5.0,4.0,3.0,,,,,6.0,1.0,54.0,,1.0,,,,,2.0,5.0,5.0,,,,,15.0,1.0,,,4.0,,,1.0,5.0,,,,,,,,,,,,1.0,1.0,1.0,1.0,1.0,1.0,6.0,3.0,3.0,3.0,3.0,5.0,6.0,6.0,4.0,2.0,80.0,80.0,85.0,85.0,80.0,85.0,80.0,75.0,40.0,40.0,1.0,1.0,1.0,1.0,2.0,1.0,2.0,1.0,1.0,2.0,1.0,1.0,1.0,2.0,1.0,1.0,1.0,1.0,1.0,1.0,,,,,,,,,,,,,,,,,,,,
292,5,5,5,4,4,5,5,4,2,2,70.0,,5.0,,,,,5.0,4.0,2.0,,6.0,,,1.0,1.0,,,,,,,,3.0,5.0,5.0,15.0,,1.0,,,,3.0,1.0,,5.0,,1.0,1.0,1.0,1.0,1.0,1.0,1.0,1.0,1.0,1.0,,,,,,,6.0,3.0,3.0,3.0,3.0,5.0,6.0,6.0,4.0,2.0,75.0,75.0,75.0,65.0,65.0,75.0,75.0,65.0,40.0,40.0,2.0,1.0,1.0,1.0,2.0,1.0,2.0,1.0,2.0,2.0,1.0,1.0,1.0,2.0,1.0,1.0,1.0,1.0,2.0,2.0,1.0,1.0,1.0,1.0,2.0,2.0,1.0,1.0,1.0,2.0,1.0,2.0,1.0,1.0,1.0,1.0,1.0,2.0,2.0,2.0
668,2,3,3,2,3,3,3,2,4,3,,30.0,,2.0,5.0,4.0,2.0,,,,,6.0,,,1.0,,2.0,3.0,4.0,5.0,,,,,,,,15.0,,1.0,,,3.0,1.0,,5.0,,,,,,,,,,,,1.0,1.0,1.0,1.0,1.0,1.0,6.0,3.0,2.0,2.0,3.0,5.0,6.0,6.0,3.0,,,,,,,,,,,,1.0,1.0,2.0,2.0,2.0,1.0,1.0,2.0,1.0,1.0,,,,,,,,,,,,,,,,,,,,,,,,,,,,,,
107,2,3,3,2,3,2,3,2,4,2,,30.0,4.0,,,,,5.0,4.0,2.0,6.0,,1.0,54.0,,1.0,,,,,2.0,4.0,5.0,,,,,15.0,1.0,,4.0,,,,1.0,5.0,,,,,,,,,,,,1.0,1.0,1.0,1.0,1.0,1.0,6.0,3.0,2.0,3.0,3.0,5.0,6.0,6.0,3.0,2.0,40.0,50.0,50.0,40.0,50.0,40.0,50.0,40.0,60.0,40.0,1.0,2.0,1.0,1.0,1.0,1.0,1.0,1.0,2.0,1.0,1.0,2.0,1.0,1.0,2.0,1.0,1.0,1.0,2.0,1.0,2.0,1.0,1.0,1.0,1.0,1.0,1.0,2.0,2.0,1.0,2.0,1.0,2.0,2.0,2.0,1.0,2.0,2.0,2.0,2.0
1692,5,5,5,5,5,5,5,5,2,2,70.0,,,1.0,,,,,,,,6.0,,,1.0,1.0,,,,,,,,2.0,5.0,5.0,15.0,,,1.0,,4.0,,,1.0,,5.0,,,,,,,,,,,1.0,1.0,1.0,1.0,1.0,1.0,7.0,3.0,3.0,3.0,3.0,5.0,6.0,6.0,4.0,2.0,80.0,85.0,90.0,85.0,85.0,90.0,85.0,80.0,40.0,40.0,1.0,1.0,1.0,2.0,1.0,2.0,1.0,1.0,2.0,1.0,2.0,1.0,1.0,2.0,2.0,1.0,1.0,1.0,2.0,1.0,,,,,,,,,,,,,,,,,,,,
1268,4,4,4,2,3,4,4,3,2,2,,30.0,,2.0,,,,,,,6.0,,,,1.0,1.0,,3.0,4.0,5.0,,,,,,,,15.0,1.0,,,,2.0,1.0,,,5.0,,,,,,,,,,,1.0,1.0,1.0,1.0,1.0,1.0,6.0,3.0,3.0,3.0,3.0,5.0,6.0,6.0,,,,,,,,,,,,,2.0,1.0,2.0,1.0,2.0,2.0,1.0,1.0,2.0,2.0,2.0,1.0,2.0,2.0,2.0,2.0,1.0,2.0,2.0,1.0,1.0,1.0,1.0,1.0,1.0,2.0,2.0,1.0,1.0,1.0,1.0,1.0,1.0,1.0,2.0,1.0,2.0,1.0,2.0,2.0
1474,5,5,5,5,5,5,5,5,2,2,70.0,,5.0,,,,,,,,,6.0,1.0,54.0,,1.0,,,,,2.0,5.0,5.0,,,,15.0,,,1.0,4.0,,,1.0,,5.0,,,,,,,,,,,,1.0,1.0,1.0,1.0,1.0,1.0,7.0,3.0,2.0,2.0,3.0,5.0,6.0,6.0,4.0,2.0,80.0,80.0,85.0,85.0,80.0,85.0,85.0,80.0,40.0,40.0,1.0,2.0,2.0,1.0,2.0,1.0,1.0,1.0,2.0,2.0,2.0,2.0,1.0,1.0,1.0,1.0,1.0,1.0,1.0,2.0,2.0,1.0,1.0,1.0,1.0,1.0,2.0,2.0,1.0,1.0,2.0,1.0,1.0,1.0,1.0,1.0,1.0,1.0,1.0,1.0
1507,2,3,3,1,2,3,3,2,1,1,70.0,,,2.0,,,,,,,6.0,,1.0,54.0,,1.0,,,,,2.0,4.0,5.0,,,,,15.0,1.0,,,,3.0,,,,,,,,,,,,,,,,,,,,,,,,,,,,,,2.0,40.0,50.0,50.0,20.0,30.0,50.0,50.0,40.0,20.0,20.0,2.0,2.0,1.0,2.0,1.0,1.0,1.0,2.0,1.0,1.0,1.0,2.0,1.0,1.0,2.0,1.0,2.0,2.0,1.0,2.0,1.0,1.0,1.0,1.0,1.0,1.0,1.0,2.0,2.0,2.0,1.0,1.0,2.0,2.0,1.0,1.0,1.0,1.0,1.0,1.0
2011,5,5,5,3,4,5,5,4,2,2,,30.0,5.0,,4.0,4.0,2.0,,,,6.0,,1.0,54.0,,,2.0,3.0,5.0,5.0,,,,,,,,15.0,,1.0,,,3.0,,1.0,,5.0,1.0,1.0,1.0,1.0,1.0,1.0,1.0,1.0,1.0,1.0,,,,,,,7.0,3.0,3.0,3.0,3.0,5.0,6.0,6.0,4.0,2.0,75.0,70.0,75.0,50.0,60.0,75.0,75.0,60.0,40.0,40.0,1.0,1.0,2.0,1.0,2.0,1.0,1.0,1.0,2.0,2.0,1.0,1.0,1.0,1.0,2.0,1.0,1.0,1.0,2.0,1.0,1.0,1.0,1.0,1.0,1.0,1.0,1.0,1.0,1.0,2.0,1.0,1.0,1.0,2.0,1.0,1.0,1.0,1.0,1.0,1.0
60,2,3,3,1,2,3,4,1,1,1,,30.0,,2.0,,,,,,,6.0,,,,1.0,,2.0,,,,2.0,4.0,5.0,,,,,15.0,1.0,,,,3.0,1.0,,,5.0,,,,,,,,,,,1.0,1.0,1.0,1.0,1.0,1.0,6.0,3.0,3.0,3.0,3.0,5.0,5.0,5.0,3.0,2.0,40.0,50.0,50.0,20.0,30.0,50.0,60.0,20.0,20.0,20.0,1.0,2.0,1.0,2.0,1.0,1.0,2.0,2.0,2.0,1.0,2.0,1.0,1.0,1.0,2.0,1.0,1.0,1.0,1.0,1.0,1.0,1.0,1.0,1.0,1.0,1.0,2.0,1.0,1.0,1.0,2.0,1.0,1.0,1.0,1.0,1.0,1.0,1.0,1.0,1.0
985,5,5,5,4,4,5,5,5,2,2,70.0,,,,,,,,,,,6.0,1.0,54.0,,,2.0,,,,2.0,5.0,5.0,,,,15.0,,1.0,,,4.0,,,1.0,5.0,,,,,,,,,,,,1.0,1.0,1.0,1.0,1.0,1.0,7.0,3.0,3.0,3.0,3.0,5.0,6.0,6.0,4.0,,,,,,,,,,,,1.0,2.0,2.0,1.0,2.0,1.0,1.0,1.0,2.0,1.0,2.0,1.0,1.0,2.0,1.0,1.0,1.0,1.0,1.0,1.0,1.0,1.0,1.0,2.0,1.0,1.0,1.0,1.0,2.0,1.0,1.0,1.0,2.0,1.0,2.0,1.0,1.0,1.0,1.0,1.0
1484,4,4,4,2,3,3,4,2,2,2,70.0,,5.0,,5.0,4.0,2.0,,,,,6.0,1.0,54.0,,,2.0,,,,3.0,4.0,5.0,,,,,12.0,,1.0,,,3.0,1.0,,,5.0,,,,,,,,,,,1.0,1.0,1.0,1.0,1.0,1.0,7.0,3.0,3.0,3.0,3.0,5.0,6.0,6.0,,,,,,,,,,,,,1.0,2.0,1.0,2.0,1.0,2.0,1.0,2.0,2.0,2.0,2.0,1.0,1.0,1.0,2.0,1.0,1.0,1.0,2.0,2.0,1.0,2.0,1.0,1.0,1.0,1.0,1.0,1.0,2.0,1.0,1.0,1.0,1.0,2.0,2.0,1.0,1.0,1.0,1.0,1.0
1662,4,4,4,3,3,3,4,3,2,2,,30.0,2.0,,5.0,4.0,2.0,,,,,6.0,1.0,54.0,,,2.0,3.0,4.0,5.0,,,,,,,15.0,,,1.0,4.0,,,,1.0,,5.0,1.0,1.0,1.0,1.0,1.0,1.0,1.0,1.0,1.0,1.0,,,,,,,6.0,3.0,3.0,3.0,3.0,5.0,6.0,6.0,4.0,2.0,65.0,60.0,60.0,50.0,50.0,50.0,60.0,45.0,35.0,35.0,2.0,1.0,2.0,1.0,1.0,1.0,1.0,2.0,1.0,2.0,1.0,2.0,1.0,1.0,2.0,2.0,1.0,1.0,2.0,1.0,1.0,1.0,2.0,1.0,1.0,1.0,1.0,1.0,2.0,1.0,2.0,1.0,2.0,1.0,2.0,1.0,1.0,1.0,1.0,1.0
1298,5,5,5,5,5,5,5,5,2,2,,30.0,,2.0,,,,,,,,6.0,,,1.0,1.0,,3.0,5.0,5.0,,,,,,,,15.0,,1.0,5.0,,,,1.0,,5.0,1.0,1.0,1.0,1.0,1.0,1.0,1.0,1.0,1.0,1.0,,,,,,,6.0,3.0,3.0,3.0,3.0,5.0,5.0,5.0,4.0,,,,,,,,,,,,1.0,1.0,1.0,1.0,1.0,1.0,1.0,1.0,1.0,1.0,1.0,1.0,1.0,1.0,1.0,1.0,1.0,1.0,1.0,1.0,1.0,1.0,1.0,1.0,1.0,1.0,1.0,1.0,1.0,1.0,1.0,1.0,1.0,1.0,1.0,1.0,1.0,1.0,1.0,1.0
1711,5,5,5,5,5,5,5,5,2,2,70.0,,,1.0,,,,,,,6.0,,,,1.0,,2.0,,,,3.0,5.0,5.0,,,,15.0,,,1.0,4.0,,,,1.0,,5.0,,,,,,,,,,,1.0,1.0,1.0,1.0,1.0,1.0,7.0,3.0,3.0,3.0,3.0,5.0,6.0,6.0,4.0,2.0,,,,,,,,,,,1.0,1.0,2.0,2.0,1.0,1.0,1.0,1.0,1.0,1.0,1.0,2.0,1.0,1.0,2.0,1.0,1.0,1.0,1.0,2.0,1.0,1.0,2.0,1.0,1.0,1.0,1.0,1.0,1.0,1.0,1.0,1.0,1.0,1.0,1.0,2.0,1.0,1.0,1.0,1.0
262,2,3,3,2,3,3,3,2,4,2,,30.0,2.0,,5.0,4.0,2.0,,,,6.0,,1.0,54.0,,,2.0,,,,2.0,4.0,5.0,,,,,12.0,1.0,,4.0,,,1.0,,,5.0,1.0,1.0,1.0,1.0,1.0,1.0,1.0,1.0,1.0,1.0,,,,,,,6.0,3.0,3.0,3.0,3.0,5.0,6.0,6.0,4.0,2.0,40.0,50.0,50.0,40.0,50.0,50.0,50.0,40.0,30.0,40.0,1.0,1.0,1.0,2.0,1.0,2.0,1.0,1.0,2.0,1.0,1.0,1.0,1.0,1.0,2.0,1.0,1.0,1.0,1.0,1.0,,,,,,,,,,,,,,,,,,,,
698,5,5,5,5,5,5,5,5,2,3,,30.0,6.0,,,,,3.0,4.0,1.0,6.0,,,,1.0,1.0,,,,,2.0,5.0,5.0,,,,,15.0,1.0,,,3.0,,,1.0,,5.0,1.0,1.0,1.0,1.0,1.0,1.0,1.0,1.0,1.0,1.0,,,,,,,6.0,3.0,2.0,3.0,3.0,5.0,6.0,6.0,4.0,2.0,75.0,75.0,80.0,80.0,80.0,80.0,80.0,75.0,30.0,50.0,1.0,1.0,1.0,1.0,1.0,1.0,1.0,1.0,1.0,1.0,2.0,1.0,1.0,1.0,1.0,1.0,1.0,1.0,1.0,1.0,1.0,1.0,1.0,1.0,1.0,1.0,1.0,1.0,2.0,1.0,1.0,1.0,2.0,1.0,1.0,1.0,1.0,1.0,1.0,1.0
311,5,5,5,4,4,5,5,4,2,2,70.0,,5.0,,,,,5.0,4.0,2.0,,6.0,1.0,54.0,,,2.0,3.0,5.0,5.0,,,,,,,,10.0,1.0,,,,3.0,1.0,,,5.0,1.0,1.0,1.0,1.0,1.0,1.0,1.0,1.0,1.0,1.0,,,,,,,6.0,3.0,3.0,3.0,3.0,5.0,6.0,6.0,4.0,2.0,75.0,75.0,75.0,65.0,65.0,75.0,75.0,65.0,35.0,35.0,1.0,1.0,1.0,1.0,1.0,1.0,1.0,2.0,2.0,1.0,1.0,1.0,1.0,1.0,1.0,2.0,1.0,1.0,2.0,2.0,2.0,1.0,1.0,1.0,2.0,1.0,2.0,1.0,1.0,1.0,2.0,1.0,1.0,1.0,2.0,1.0,1.0,1.0,1.0,1.0
944,4,4,4,2,3,4,4,3,2,2,70.0,,,2.0,,,,,,,,6.0,,,1.0,1.0,,,,,,,,2.0,4.0,5.0,,15.0,1.0,,4.0,,,1.0,,5.0,,1.0,1.0,1.0,1.0,1.0,1.0,1.0,1.0,1.0,1.0,,,,,,,7.0,3.0,3.0,3.0,3.0,5.0,6.0,6.0,4.0,2.0,65.0,60.0,60.0,40.0,50.0,60.0,60.0,50.0,40.0,40.0,1.0,1.0,2.0,2.0,1.0,1.0,2.0,1.0,1.0,1.0,1.0,1.0,2.0,1.0,2.0,1.0,1.0,1.0,2.0,1.0,1.0,1.0,1.0,1.0,1.0,2.0,2.0,1.0,2.0,1.0,1.0,1.0,1.0,1.0,1.0,2.0,2.0,2.0,1.0,1.0
837,5,5,5,5,5,5,5,5,1,1,,30.0,6.0,,5.0,4.0,2.0,,,,6.0,,1.0,54.0,,,2.0,,,,2.0,5.0,5.0,,,,15.0,,1.0,,,,,,,,,,,,,,,,,,,,,,,,,,,,,,,,,,,,,,,,,,,,,,,,,,,,,,,,,,,,,,,,,,,,,,,,,,,,,,,,,,,,
1259,2,3,3,1,2,2,3,1,1,1,70.0,,1.0,,5.0,4.0,2.0,,,,,6.0,,,1.0,1.0,,,,,2.0,4.0,5.0,,,,15.0,,1.0,,,4.0,,,1.0,,5.0,1.0,1.0,1.0,1.0,1.0,1.0,1.0,1.0,1.0,1.0,,,,,,,6.0,3.0,2.0,2.0,3.0,5.0,6.0,6.0,3.0,2.0,40.0,50.0,50.0,20.0,30.0,30.0,50.0,20.0,20.0,20.0,1.0,1.0,2.0,2.0,2.0,2.0,1.0,1.0,2.0,2.0,1.0,2.0,1.0,2.0,1.0,2.0,1.0,1.0,1.0,1.0,2.0,2.0,2.0,1.0,1.0,1.0,2.0,2.0,1.0,1.0,1.0,1.0,1.0,2.0,1.0,2.0,1.0,2.0,1.0,2.0
1445,2,3,3,2,3,3,4,2,4,3,,40.0,,2.0,5.0,4.0,2.0,,,,6.0,,,,1.0,1.0,,3.0,4.0,5.0,,,,,,,,15.0,,1.0,,3.0,,,1.0,5.0,,,,,,,,,,,,1.0,1.0,1.0,1.0,1.0,1.0,6.0,3.0,3.0,3.0,3.0,5.0,6.0,6.0,4.0,2.0,45.0,50.0,50.0,40.0,50.0,50.0,60.0,40.0,60.0,50.0,1.0,1.0,1.0,2.0,1.0,1.0,2.0,1.0,2.0,1.0,2.0,1.0,2.0,2.0,1.0,1.0,2.0,1.0,1.0,1.0,1.0,1.0,1.0,1.0,1.0,1.0,1.0,1.0,1.0,1.0,1.0,1.0,1.0,1.0,1.0,2.0,1.0,1.0,1.0,1.0
1536,4,4,4,2,3,4,4,3,2,2,,30.0,,2.0,5.0,4.0,2.0,,,,,6.0,1.0,54.0,,1.0,,,,,2.0,5.0,5.0,,,,15.0,,1.0,,,,3.0,,1.0,,5.0,,,,,,,,,,,1.0,1.0,1.0,1.0,1.0,1.0,7.0,3.0,3.0,3.0,3.0,5.0,6.0,6.0,,2.0,,,,,,,,,,,1.0,1.0,2.0,1.0,2.0,1.0,2.0,1.0,2.0,2.0,1.0,1.0,1.0,1.0,1.0,2.0,2.0,1.0,1.0,1.0,1.0,1.0,2.0,2.0,1.0,1.0,2.0,1.0,1.0,1.0,1.0,1.0,1.0,2.0,1.0,1.0,1.0,1.0,2.0,1.0
659,4,4,4,2,3,4,4,3,2,2,,30.0,,2.0,5.0,4.0,2.0,,,,,7.0,,,1.0,,2.0,,,,,,,3.0,4.0,5.0,15.0,,1.0,,,3.0,,1.0,,5.0,,,,,,,,,,,,1.0,1.0,1.0,1.0,1.0,1.0,6.0,3.0,3.0,3.0,3.0,5.0,6.0,6.0,3.0,2.0,65.0,60.0,60.0,40.0,45.0,60.0,60.0,45.0,40.0,40.0,1.0,1.0,2.0,1.0,2.0,2.0,2.0,2.0,2.0,2.0,1.0,2.0,1.0,1.0,1.0,2.0,1.0,1.0,1.0,2.0,1.0,1.0,1.0,1.0,1.0,1.0,1.0,1.0,2.0,1.0,1.0,1.0,1.0,1.0,2.0,1.0,1.0,1.0,1.0,1.0
136,4,4,4,2,3,4,4,3,2,3,70.0,,2.0,,,,,5.0,4.0,2.0,6.0,,1.0,54.0,,,2.0,,,,,,,2.0,4.0,5.0,15.0,,1.0,,,4.0,,1.0,,,5.0,1.0,1.0,1.0,1.0,1.0,1.0,1.0,1.0,1.0,1.0,,,,,,,6.0,3.0,3.0,3.0,3.0,5.0,6.0,6.0,3.0,2.0,65.0,60.0,60.0,45.0,50.0,60.0,60.0,50.0,40.0,50.0,1.0,2.0,1.0,1.0,2.0,1.0,2.0,1.0,1.0,1.0,1.0,1.0,1.0,2.0,1.0,1.0,2.0,1.0,2.0,1.0,1.0,1.0,1.0,1.0,2.0,1.0,1.0,2.0,1.0,1.0,1.0,1.0,1.0,2.0,1.0,1.0,1.0,1.0,1.0,1.0
931,4,4,4,2,3,3,4,3,2,3,,30.0,5.0,,,,,5.0,4.0,2.0,6.0,,,,1.0,,2.0,,,,2.0,4.0,5.0,,,,10.0,,,1.0,3.0,,,,1.0,,5.0,,,,,,,,,,,1.0,1.0,1.0,1.0,1.0,1.0,7.0,3.0,3.0,3.0,3.0,5.0,6.0,6.0,4.0,2.0,65.0,60.0,60.0,40.0,50.0,50.0,60.0,50.0,40.0,50.0,2.0,1.0,2.0,1.0,1.0,2.0,2.0,1.0,2.0,2.0,1.0,2.0,1.0,1.0,1.0,2.0,2.0,2.0,1.0,2.0,1.0,2.0,2.0,2.0,1.0,1.0,1.0,1.0,1.0,2.0,1.0,2.0,1.0,2.0,1.0,1.0,1.0,1.0,2.0,2.0
842,5,5,5,4,4,5,5,4,2,3,40.0,,,2.0,,,,,,,,6.0,1.0,54.0,,,2.0,3.0,5.0,5.0,,,,,,,15.0,,1.0,,4.0,,,1.0,,5.0,,,,,,,,,,,,1.0,1.0,1.0,1.0,1.0,1.0,6.0,3.0,3.0,3.0,3.0,5.0,6.0,6.0,4.0,,,,,,,,,,,,1.0,1.0,1.0,2.0,2.0,1.0,2.0,1.0,2.0,1.0,1.0,1.0,2.0,1.0,1.0,2.0,1.0,1.0,2.0,1.0,1.0,2.0,2.0,1.0,1.0,1.0,1.0,2.0,1.0,1.0,1.0,1.0,1.0,1.0,1.0,2.0,2.0,1.0,2.0,2.0
1430,2,3,3,2,3,3,3,2,4,3,70.0,,2.0,,5.0,4.0,2.0,,,,,6.0,1.0,54.0,,1.0,,3.0,4.0,5.0,,,,,,,,15.0,1.0,,,4.0,,1.0,,5.0,,1.0,1.0,1.0,1.0,1.0,1.0,1.0,1.0,1.0,1.0,,,,,,,6.0,3.0,3.0,3.0,3.0,5.0,5.0,5.0,4.0,,,,,,,,,,,,2.0,1.0,1.0,1.0,2.0,1.0,1.0,2.0,1.0,2.0,1.0,2.0,1.0,1.0,1.0,2.0,2.0,1.0,1.0,1.0,1.0,1.0,2.0,1.0,1.0,2.0,2.0,1.0,1.0,1.0,1.0,1.0,1.0,1.0,2.0,1.0,2.0,1.0,1.0,1.0
1543,4,4,4,4,4,5,5,4,2,2,,30.0,,2.0,,,,,,,6.0,,,,1.0,1.0,,,,,,,,2.0,4.0,,,,,,,,,,,,,,,,,,,,,,,1.0,1.0,1.0,1.0,1.0,1.0,6.0,3.0,3.0,3.0,3.0,5.0,6.0,6.0,4.0,2.0,,,,,,,,,,,1.0,1.0,1.0,1.0,2.0,2.0,1.0,1.0,1.0,1.0,2.0,1.0,2.0,1.0,2.0,1.0,1.0,2.0,1.0,1.0,,,,,,,,,,,,,,,,,,,,
143,5,5,5,5,5,5,5,5,1,2,30.0,,5.0,,5.0,4.0,2.0,,,,,6.0,1.0,54.0,,1.0,,2.0,5.0,5.0,,,,,,,,15.0,1.0,,,4.0,,,1.0,,5.0,1.0,1.0,1.0,1.0,1.0,1.0,1.0,1.0,1.0,1.0,,,,,,,7.0,3.0,3.0,3.0,3.0,5.0,6.0,6.0,4.0,2.0,75.0,75.0,80.0,80.0,80.0,80.0,80.0,70.0,30.0,40.0,2.0,1.0,1.0,2.0,1.0,1.0,2.0,2.0,1.0,1.0,1.0,2.0,1.0,1.0,1.0,2.0,1.0,1.0,2.0,1.0,1.0,2.0,1.0,2.0,2.0,1.0,1.0,1.0,2.0,1.0,1.0,1.0,2.0,1.0,1.0,1.0,1.0,2.0,1.0,1.0
15,4,4,4,2,3,4,4,3,2,2,70.0,,5.0,,5.0,4.0,2.0,,,,6.0,,,,1.0,,2.0,,,,,,,3.0,4.0,5.0,,12.0,,1.0,4.0,,,,1.0,,5.0,1.0,1.0,1.0,1.0,1.0,1.0,1.0,1.0,1.0,1.0,,,,,,,6.0,3.0,3.0,3.0,3.0,5.0,6.0,6.0,4.0,2.0,70.0,65.0,70.0,40.0,50.0,65.0,65.0,50.0,40.0,40.0,2.0,1.0,1.0,2.0,1.0,1.0,2.0,2.0,1.0,1.0,1.0,1.0,1.0,2.0,1.0,1.0,2.0,1.0,2.0,1.0,1.0,1.0,2.0,1.0,1.0,2.0,1.0,1.0,2.0,1.0,1.0,2.0,1.0,1.0,1.0,1.0,2.0,1.0,2.0,1.0
883,5,5,5,4,4,5,5,4,2,2,70.0,,,2.0,,,,,,,6.0,,1.0,54.0,,1.0,,3.0,5.0,5.0,,,,,,,15.0,,,1.0,,,3.0,,1.0,5.0,,1.0,1.0,1.0,1.0,1.0,1.0,1.0,1.0,1.0,1.0,,,,,,,6.0,3.0,3.0,3.0,3.0,5.0,5.0,5.0,4.0,,,,,,,,,,,,1.0,2.0,2.0,2.0,1.0,1.0,1.0,1.0,1.0,2.0,1.0,2.0,1.0,2.0,1.0,2.0,1.0,1.0,1.0,2.0,1.0,1.0,2.0,1.0,1.0,1.0,1.0,1.0,1.0,1.0,1.0,2.0,2.0,1.0,1.0,1.0,2.0,1.0,2.0,1.0
1879,2,3,3,1,2,3,3,1,2,2,70.0,,,2.0,,,,,,,,6.0,1.0,54.0,,,2.0,3.0,4.0,5.0,,,,,,,,15.0,1.0,,4.0,,,1.0,,,5.0,,,,,,,,,,,1.0,1.0,1.0,1.0,1.0,1.0,6.0,3.0,2.0,2.0,3.0,5.0,6.0,6.0,4.0,2.0,40.0,50.0,50.0,20.0,30.0,50.0,50.0,20.0,30.0,30.0,2.0,1.0,1.0,1.0,2.0,1.0,1.0,2.0,1.0,2.0,1.0,1.0,2.0,1.0,2.0,1.0,1.0,2.0,1.0,2.0,1.0,1.0,1.0,1.0,2.0,1.0,2.0,1.0,2.0,1.0,1.0,1.0,1.0,2.0,1.0,2.0,1.0,2.0,1.0,1.0
1617,4,4,4,2,3,4,4,3,2,3,70.0,,2.0,,,,,,,,6.0,,1.0,54.0,,,2.0,3.0,4.0,5.0,,,,,,,15.0,,,1.0,,,3.0,1.0,,,5.0,,,,,,,,,,,1.0,1.0,1.0,1.0,1.0,1.0,6.0,3.0,3.0,3.0,3.0,5.0,6.0,6.0,3.0,,,,,,,,,,,,,,,,,,,,,,,,,,,,,,,,,,,,,,,,,,,,,,,,,,,
1764,5,5,5,5,5,5,5,5,1,1,,30.0,5.0,,5.0,4.0,2.0,,,,6.0,,,,1.0,1.0,,3.0,5.0,5.0,,,,,,,,10.0,1.0,,,3.0,,,1.0,5.0,,1.0,1.0,1.0,1.0,1.0,1.0,1.0,1.0,1.0,1.0,,,,,,,7.0,3.0,3.0,3.0,3.0,5.0,6.0,6.0,4.0,2.0,80.0,80.0,85.0,85.0,80.0,85.0,85.0,80.0,20.0,20.0,2.0,2.0,1.0,2.0,1.0,1.0,2.0,1.0,2.0,2.0,1.0,1.0,1.0,1.0,1.0,1.0,1.0,1.0,2.0,2.0,2.0,1.0,1.0,2.0,1.0,2.0,2.0,1.0,2.0,2.0,2.0,2.0,2.0,1.0,1.0,1.0,1.0,1.0,1.0,1.0
1178,5,5,5,5,5,5,5,5,2,3,70.0,,,2.0,,,,,,,,6.0,1.0,54.0,,,2.0,,,,,,,3.0,5.0,5.0,15.0,,,1.0,,,2.0,1.0,,,5.0,,,,,,,,,,,1.0,1.0,1.0,1.0,1.0,1.0,6.0,3.0,3.0,3.0,3.0,5.0,6.0,6.0,4.0,2.0,75.0,75.0,75.0,75.0,75.0,75.0,75.0,75.0,40.0,50.0,1.0,1.0,1.0,2.0,1.0,1.0,1.0,2.0,1.0,2.0,1.0,1.0,1.0,1.0,2.0,1.0,2.0,1.0,2.0,1.0,2.0,1.0,2.0,1.0,1.0,1.0,2.0,1.0,1.0,1.0,1.0,1.0,2.0,1.0,1.0,1.0,1.0,2.0,1.0,2.0
1582,5,4,5,5,4,5,5,4,2,2,70.0,,,2.0,5.0,4.0,2.0,,,,6.0,,,,1.0,1.0,,3.0,5.0,5.0,,,,,,,,12.0,,1.0,,,3.0,1.0,,5.0,,1.0,1.0,1.0,1.0,1.0,1.0,1.0,1.0,1.0,1.0,,,,,,,7.0,3.0,4.0,3.0,3.0,5.0,6.0,5.0,4.0,2.0,75.0,65.0,80.0,85.0,70.0,80.0,75.0,65.0,40.0,40.0,1.0,1.0,1.0,1.0,1.0,1.0,2.0,2.0,2.0,1.0,1.0,2.0,1.0,1.0,1.0,1.0,1.0,1.0,1.0,2.0,1.0,2.0,1.0,1.0,1.0,1.0,1.0,1.0,1.0,1.0,1.0,1.0,1.0,1.0,2.0,1.0,1.0,1.0,1.0,1.0
217,2,3,3,1,2,2,3,1,1,1,70.0,,2.0,,5.0,4.0,2.0,,,,6.0,,,,1.0,1.0,,,,,,,,2.0,4.0,5.0,15.0,,1.0,,4.0,,,1.0,,5.0,,1.0,1.0,1.0,1.0,1.0,1.0,1.0,1.0,1.0,1.0,,,,,,,6.0,2.0,3.0,3.0,3.0,5.0,5.0,5.0,4.0,2.0,30.0,40.0,40.0,10.0,20.0,20.0,40.0,10.0,10.0,10.0,2.0,2.0,2.0,2.0,1.0,1.0,1.0,1.0,2.0,1.0,2.0,1.0,2.0,2.0,1.0,1.0,1.0,2.0,2.0,2.0,1.0,1.0,2.0,2.0,1.0,1.0,2.0,1.0,1.0,1.0,1.0,1.0,1.0,2.0,1.0,2.0,2.0,1.0,2.0,1.0
364,5,5,5,4,4,5,5,5,2,3,70.0,,5.0,,5.0,4.0,2.0,,,,6.0,,,,1.0,1.0,,,,,,,,2.0,5.0,5.0,,15.0,1.0,,6.0,,,,1.0,,5.0,,,,,,,,,,,1.0,1.0,1.0,1.0,1.0,1.0,7.0,3.0,3.0,3.0,3.0,5.0,6.0,6.0,4.0,2.0,80.0,80.0,80.0,70.0,70.0,80.0,80.0,80.0,40.0,50.0,1.0,1.0,1.0,2.0,1.0,2.0,1.0,1.0,1.0,1.0,2.0,2.0,1.0,1.0,1.0,1.0,1.0,1.0,1.0,1.0,1.0,1.0,1.0,1.0,1.0,1.0,1.0,1.0,1.0,1.0,1.0,1.0,1.0,1.0,1.0,1.0,2.0,1.0,1.0,1.0
578,5,5,5,5,5,5,5,5,2,2,,20.0,,2.0,4.0,4.0,3.0,,,,,6.0,,,1.0,1.0,,,,,2.0,5.0,5.0,,,,15.0,,,1.0,,,3.0,,,,,,,,,,,,,,,,,,,,,,,,,3.0,5.0,6.0,6.0,,,75.0,75.0,80.0,80.0,75.0,80.0,80.0,70.0,30.0,30.0,1.0,2.0,1.0,2.0,2.0,2.0,1.0,1.0,1.0,2.0,2.0,1.0,1.0,1.0,1.0,2.0,2.0,1.0,1.0,1.0,1.0,1.0,2.0,,,,,,,,,,,,,,,,,
182,4,4,4,2,3,4,4,3,2,2,,30.0,2.0,,5.0,4.0,2.0,,,,,6.0,,,1.0,1.0,,,,,,,,2.0,4.0,5.0,15.0,,1.0,,,4.0,,,,,,,,,,,,,,,,,,,,,,,,,,,,,,,,,,,,,,,,,,,,,,,,,,,,,,,,,,,,,,,,,,,,,,,,,,,,,,,,,
1549,5,5,5,4,4,5,5,4,2,2,,30.0,,2.0,,,,,,,6.0,,1.0,54.0,,,2.0,,,,,,,2.0,5.0,5.0,15.0,,,1.0,3.0,,,1.0,,5.0,,1.0,1.0,1.0,1.0,1.0,1.0,1.0,1.0,1.0,1.0,,,,,,,6.0,3.0,3.0,3.0,3.0,5.0,6.0,6.0,3.0,,,,,,,,,,,,1.0,1.0,1.0,2.0,1.0,1.0,2.0,2.0,1.0,1.0,1.0,1.0,1.0,1.0,2.0,1.0,1.0,1.0,2.0,2.0,1.0,1.0,2.0,1.0,2.0,1.0,1.0,1.0,2.0,1.0,2.0,1.0,1.0,1.0,1.0,2.0,1.0,1.0,1.0,2.0
1226,5,5,5,5,5,5,5,5,1,1,,30.0,6.0,,5.0,4.0,2.0,,,,,6.0,1.0,54.0,,,2.0,,,,,,,2.0,5.0,5.0,15.0,,1.0,,4.0,,,1.0,,5.0,,1.0,1.0,1.0,1.0,1.0,1.0,1.0,1.0,1.0,1.0,,,,,,,7.0,3.0,3.0,3.0,3.0,6.0,6.0,6.0,4.0,2.0,75.0,75.0,75.0,75.0,75.0,75.0,75.0,75.0,25.0,25.0,2.0,1.0,1.0,1.0,1.0,2.0,1.0,2.0,2.0,1.0,1.0,2.0,1.0,2.0,1.0,1.0,1.0,2.0,1.0,1.0,1.0,1.0,1.0,1.0,1.0,1.0,2.0,1.0,1.0,1.0,1.0,1.0,1.0,1.0,2.0,1.0,1.0,1.0,2.0,1.0
1355,5,5,5,5,5,5,5,4,2,2,70.0,,5.0,,5.0,4.0,3.0,,,,,6.0,1.0,54.0,,1.0,,,,,3.0,5.0,5.0,,,,,10.0,,1.0,,,3.0,1.0,,5.0,,1.0,1.0,1.0,1.0,1.0,1.0,1.0,1.0,1.0,1.0,,,,,,,7.0,3.0,3.0,3.0,3.0,5.0,6.0,6.0,4.0,2.0,85.0,85.0,85.0,85.0,85.0,85.0,85.0,75.0,30.0,30.0,1.0,1.0,2.0,1.0,2.0,1.0,2.0,1.0,1.0,1.0,1.0,1.0,1.0,1.0,2.0,1.0,1.0,1.0,1.0,2.0,1.0,2.0,1.0,1.0,1.0,1.0,1.0,1.0,1.0,1.0,1.0,2.0,1.0,1.0,1.0,1.0,1.0,2.0,2.0,1.0
149,5,5,5,5,5,5,5,5,2,2,70.0,,5.0,,,,,5.0,4.0,2.0,6.0,,1.0,54.0,,,2.0,3.0,5.0,5.0,,,,,,,15.0,,,1.0,,,3.0,1.0,,5.0,,,,,,,,,,,,1.0,1.0,1.0,1.0,1.0,1.0,6.0,3.0,3.0,3.0,3.0,5.0,6.0,6.0,4.0,2.0,75.0,75.0,75.0,75.0,75.0,75.0,75.0,75.0,40.0,40.0,1.0,2.0,1.0,1.0,1.0,1.0,2.0,1.0,2.0,2.0,2.0,1.0,1.0,2.0,1.0,1.0,1.0,1.0,2.0,1.0,1.0,1.0,1.0,1.0,2.0,2.0,1.0,1.0,1.0,1.0,1.0,1.0,1.0,1.0,1.0,1.0,1.0,1.0,1.0,1.0
626,5,5,5,5,5,5,5,5,2,3,70.0,,5.0,,,,,5.0,4.0,2.0,,6.0,1.0,54.0,,,2.0,,,,,,,3.0,5.0,5.0,,15.0,,1.0,,,3.0,,1.0,,5.0,1.0,1.0,1.0,1.0,1.0,1.0,1.0,1.0,1.0,1.0,,,,,,,6.0,3.0,3.0,3.0,3.0,5.0,6.0,6.0,3.0,2.0,75.0,75.0,75.0,75.0,75.0,75.0,75.0,75.0,40.0,50.0,2.0,1.0,2.0,1.0,1.0,1.0,2.0,2.0,2.0,1.0,1.0,1.0,2.0,1.0,1.0,1.0,1.0,1.0,1.0,1.0,2.0,2.0,1.0,1.0,2.0,1.0,1.0,1.0,1.0,2.0,1.0,1.0,1.0,1.0,1.0,1.0,2.0,1.0,1.0,1.0
755,5,4,5,5,4,5,5,4,2,2,,30.0,,2.0,,,,,,,6.0,,1.0,54.0,,1.0,,,,,2.0,5.0,5.0,,,,15.0,,,1.0,,,3.0,,1.0,5.0,,,,,,,,,,,,1.0,1.0,1.0,1.0,1.0,1.0,6.0,3.0,3.0,3.0,3.0,5.0,6.0,6.0,3.0,2.0,70.0,65.0,70.0,70.0,65.0,70.0,70.0,65.0,40.0,40.0,1.0,2.0,2.0,1.0,1.0,2.0,1.0,2.0,1.0,1.0,2.0,1.0,1.0,1.0,1.0,1.0,2.0,1.0,1.0,1.0,1.0,1.0,2.0,1.0,2.0,2.0,1.0,1.0,1.0,1.0,2.0,1.0,1.0,1.0,1.0,1.0,1.0,1.0,1.0,1.0
848,5,5,5,5,5,5,5,5,2,2,,30.0,2.0,,,,,5.0,4.0,2.0,,6.0,1.0,54.0,,,2.0,3.0,5.0,5.0,,,,,,,,10.0,1.0,,,,3.0,1.0,,5.0,,1.0,1.0,1.0,1.0,1.0,1.0,1.0,1.0,1.0,1.0,,,,,,,7.0,3.0,3.0,3.0,3.0,5.0,6.0,6.0,4.0,2.0,80.0,80.0,80.0,80.0,80.0,80.0,80.0,80.0,40.0,40.0,1.0,1.0,1.0,1.0,1.0,2.0,1.0,2.0,1.0,1.0,1.0,1.0,2.0,1.0,1.0,1.0,1.0,1.0,1.0,2.0,1.0,1.0,2.0,1.0,2.0,1.0,1.0,1.0,1.0,1.0,1.0,1.0,1.0,1.0,1.0,1.0,1.0,1.0,1.0,1.0
1394,1,2,2,1,2,2,3,1,1,1,,30.0,,2.0,5.0,4.0,2.0,,,,,6.0,1.0,54.0,,1.0,,2.0,4.0,5.0,,,,,,,15.0,,1.0,,4.0,,,,1.0,5.0,,1.0,1.0,1.0,1.0,1.0,1.0,1.0,1.0,1.0,1.0,,,,,,,7.0,3.0,3.0,3.0,3.0,5.0,6.0,6.0,3.0,2.0,20.0,30.0,30.0,20.0,30.0,30.0,40.0,20.0,20.0,20.0,2.0,1.0,1.0,2.0,1.0,2.0,1.0,1.0,2.0,1.0,2.0,1.0,1.0,1.0,1.0,1.0,1.0,1.0,1.0,2.0,1.0,1.0,2.0,1.0,2.0,1.0,1.0,1.0,2.0,1.0,1.0,1.0,1.0,1.0,1.0,1.0,2.0,1.0,2.0,1.0
1588,5,5,5,5,5,5,5,5,2,2,70.0,,,2.0,,,,,,,6.0,,,,1.0,,2.0,3.0,5.0,5.0,,,,,,,,10.0,1.0,,,4.0,,,1.0,,5.0,,,,,,,,,,,1.0,1.0,1.0,1.0,1.0,1.0,7.0,3.0,3.0,3.0,3.0,5.0,6.0,6.0,4.0,2.0,75.0,75.0,80.0,70.0,70.0,75.0,75.0,70.0,40.0,40.0,2.0,2.0,1.0,2.0,1.0,1.0,1.0,1.0,2.0,2.0,2.0,2.0,1.0,1.0,1.0,1.0,1.0,1.0,1.0,1.0,1.0,1.0,2.0,2.0,2.0,2.0,1.0,1.0,2.0,1.0,1.0,1.0,1.0,1.0,1.0,1.0,1.0,1.0,1.0,1.0
1001,2,3,4,2,3,4,4,2,2,2,,30.0,2.0,,5.0,4.0,2.0,,,,,6.0,,,1.0,,2.0,,,,,,,3.0,4.0,5.0,,15.0,1.0,,4.0,,,1.0,,,5.0,1.0,1.0,1.0,1.0,1.0,1.0,1.0,1.0,1.0,1.0,,,,,,,6.0,3.0,2.0,3.0,3.0,5.0,6.0,6.0,3.0,2.0,45.0,40.0,50.0,35.0,40.0,50.0,50.0,35.0,30.0,30.0,1.0,2.0,1.0,2.0,2.0,1.0,1.0,1.0,1.0,1.0,1.0,2.0,1.0,2.0,2.0,1.0,1.0,2.0,2.0,1.0,1.0,2.0,2.0,1.0,1.0,1.0,2.0,1.0,1.0,1.0,1.0,1.0,1.0,2.0,1.0,1.0,1.0,2.0,1.0,1.0
1172,2,3,3,2,3,3,4,2,4,3,,30.0,5.0,,5.0,4.0,2.0,,,,6.0,,,,1.0,,2.0,,,,,,,2.0,4.0,5.0,15.0,,1.0,,,3.0,,,1.0,5.0,,,,,,,,,,,,1.0,1.0,1.0,1.0,1.0,1.0,6.0,3.0,3.0,3.0,3.0,5.0,6.0,6.0,3.0,,,,,,,,,,,,1.0,2.0,1.0,2.0,2.0,1.0,1.0,1.0,2.0,1.0,1.0,2.0,2.0,1.0,1.0,1.0,1.0,2.0,1.0,1.0,1.0,1.0,1.0,1.0,1.0,2.0,1.0,2.0,1.0,1.0,1.0,1.0,1.0,1.0,1.0,1.0,2.0,1.0,1.0,1.0
794,5,5,5,4,4,5,5,5,2,3,70.0,,,2.0,,,,,,,6.0,,1.0,54.0,,,2.0,,,,,,,3.0,5.0,5.0,15.0,,1.0,,,4.0,,,1.0,5.0,,,,,,,,,,,,1.0,1.0,1.0,1.0,1.0,1.0,7.0,3.0,3.0,3.0,3.0,5.0,6.0,6.0,4.0,2.0,80.0,75.0,85.0,70.0,70.0,80.0,80.0,75.0,40.0,50.0,1.0,1.0,2.0,1.0,2.0,2.0,1.0,1.0,1.0,2.0,1.0,1.0,1.0,2.0,1.0,1.0,1.0,1.0,2.0,1.0,1.0,1.0,1.0,1.0,1.0,1.0,1.0,1.0,2.0,1.0,2.0,1.0,1.0,1.0,1.0,1.0,1.0,1.0,1.0,2.0
188,4,4,4,3,4,4,4,3,2,2,70.0,,5.0,,,,,,,,,6.0,,,1.0,1.0,,,,,,,,3.0,4.0,5.0,,10.0,1.0,,,4.0,,,1.0,5.0,,,,,,,,,,,,1.0,1.0,1.0,1.0,1.0,1.0,6.0,3.0,3.0,3.0,3.0,5.0,6.0,6.0,4.0,2.0,70.0,65.0,65.0,50.0,65.0,65.0,65.0,50.0,40.0,40.0,2.0,2.0,1.0,2.0,1.0,2.0,1.0,2.0,2.0,1.0,1.0,1.0,1.0,1.0,1.0,1.0,1.0,1.0,1.0,1.0,1.0,1.0,1.0,1.0,1.0,1.0,1.0,2.0,1.0,1.0,1.0,1.0,1.0,2.0,1.0,1.0,1.0,1.0,2.0,1.0
401,4,4,4,2,3,4,4,2,2,2,,30.0,5.0,,,,,5.0,4.0,2.0,6.0,,1.0,54.0,,1.0,,2.0,4.0,4.0,,,,,,,,15.0,1.0,,,3.0,,,1.0,5.0,,,,,,,,,,,,1.0,1.0,1.0,1.0,1.0,1.0,6.0,2.0,3.0,3.0,3.0,5.0,6.0,6.0,3.0,2.0,60.0,60.0,60.0,40.0,50.0,60.0,60.0,40.0,40.0,40.0,1.0,1.0,2.0,2.0,1.0,1.0,2.0,2.0,1.0,1.0,2.0,1.0,1.0,1.0,1.0,2.0,2.0,1.0,2.0,1.0,1.0,2.0,1.0,2.0,1.0,2.0,2.0,2.0,2.0,2.0,1.0,2.0,1.0,2.0,1.0,1.0,1.0,1.0,2.0,1.0
572,2,3,3,1,2,2,3,1,1,1,,30.0,,1.0,,,,,,,,6.0,1.0,54.0,,1.0,,,,,,,,2.0,4.0,5.0,15.0,,,1.0,,,3.0,,,,,,,,,,,,,,,,,,,,,6.0,3.0,3.0,3.0,4.0,5.0,6.0,6.0,,,40.0,50.0,50.0,20.0,30.0,30.0,50.0,20.0,20.0,20.0,2.0,1.0,1.0,2.0,1.0,1.0,1.0,1.0,2.0,1.0,2.0,1.0,1.0,1.0,2.0,1.0,2.0,1.0,1.0,1.0,1.0,1.0,1.0,1.0,1.0,1.0,2.0,1.0,1.0,2.0,2.0,1.0,1.0,1.0,1.0,1.0,1.0,1.0,1.0,1.0
889,5,5,5,4,4,5,5,5,2,2,,30.0,5.0,,,,,5.0,4.0,2.0,,6.0,1.0,54.0,,1.0,,,,,2.0,5.0,5.0,,,,,15.0,1.0,,5.0,,,,1.0,,5.0,1.0,1.0,1.0,1.0,1.0,1.0,1.0,1.0,1.0,1.0,,,,,,,6.0,3.0,3.0,3.0,3.0,5.0,6.0,6.0,4.0,2.0,75.0,75.0,75.0,65.0,65.0,75.0,75.0,75.0,40.0,40.0,2.0,1.0,1.0,2.0,2.0,1.0,2.0,2.0,1.0,2.0,2.0,2.0,1.0,1.0,1.0,1.0,1.0,1.0,1.0,1.0,1.0,1.0,2.0,1.0,1.0,2.0,1.0,2.0,2.0,2.0,1.0,1.0,2.0,1.0,1.0,1.0,1.0,1.0,1.0,1.0
1900,4,4,4,2,3,4,4,3,2,2,,30.0,2.0,,5.0,4.0,2.0,,,,,6.0,1.0,54.0,,,2.0,3.0,4.0,5.0,,,,,,,,15.0,1.0,,,4.0,,,1.0,5.0,,,,,,,,,,,,1.0,1.0,1.0,1.0,1.0,1.0,6.0,3.0,3.0,3.0,3.0,5.0,6.0,6.0,4.0,2.0,65.0,60.0,60.0,40.0,45.0,60.0,60.0,40.0,35.0,35.0,1.0,2.0,2.0,1.0,1.0,1.0,2.0,1.0,2.0,2.0,1.0,2.0,1.0,2.0,2.0,1.0,1.0,1.0,2.0,1.0,1.0,1.0,1.0,1.0,1.0,2.0,2.0,1.0,1.0,2.0,1.0,2.0,1.0,1.0,1.0,1.0,2.0,2.0,2.0,1.0
1873,5,5,5,4,4,5,5,4,2,2,,30.0,,2.0,,,,,,,,6.0,1.0,54.0,,,2.0,,,,3.0,5.0,5.0,,,,,10.0,1.0,,4.0,,,1.0,,5.0,,1.0,1.0,1.0,1.0,1.0,1.0,1.0,1.0,1.0,1.0,,,,,,,6.0,3.0,3.0,3.0,3.0,5.0,6.0,6.0,4.0,2.0,75.0,70.0,75.0,60.0,60.0,75.0,75.0,60.0,40.0,40.0,1.0,1.0,2.0,1.0,1.0,2.0,1.0,2.0,2.0,1.0,1.0,2.0,1.0,1.0,1.0,2.0,1.0,2.0,1.0,1.0,2.0,1.0,1.0,1.0,1.0,1.0,1.0,1.0,2.0,2.0,1.0,1.0,2.0,1.0,1.0,1.0,1.0,1.0,1.0,2.0
1074,2,3,3,1,2,2,3,2,1,1,,30.0,,1.0,,,,,,,6.0,,,,1.0,,2.0,,,,,,,2.0,4.0,5.0,,10.0,1.0,,4.0,,,,1.0,5.0,,1.0,1.0,1.0,1.0,1.0,1.0,1.0,1.0,1.0,1.0,,,,,,,6.0,2.0,2.0,2.0,3.0,5.0,5.0,5.0,4.0,2.0,30.0,40.0,40.0,20.0,30.0,30.0,40.0,30.0,20.0,20.0,2.0,1.0,2.0,1.0,2.0,2.0,2.0,1.0,2.0,1.0,2.0,1.0,2.0,1.0,2.0,1.0,2.0,1.0,2.0,2.0,1.0,2.0,1.0,1.0,2.0,2.0,2.0,1.0,1.0,1.0,1.0,1.0,1.0,1.0,1.0,1.0,2.0,2.0,1.0,2.0
1107,5,5,5,5,5,5,5,5,2,2,70.0,,,2.0,,,,,,,6.0,,,,1.0,,2.0,3.0,5.0,5.0,,,,,,,15.0,,,1.0,,4.0,,,1.0,,5.0,1.0,1.0,1.0,1.0,1.0,1.0,1.0,1.0,1.0,1.0,,,,,,,7.0,3.0,3.0,3.0,3.0,5.0,6.0,6.0,4.0,2.0,80.0,75.0,80.0,75.0,75.0,80.0,75.0,70.0,40.0,40.0,1.0,1.0,2.0,2.0,1.0,1.0,2.0,2.0,2.0,2.0,1.0,1.0,1.0,1.0,1.0,1.0,1.0,1.0,1.0,1.0,,,,,,,,,,,,,,,,,,,,
1292,5,5,5,4,4,5,5,4,2,2,70.0,,,2.0,,,,,,,,6.0,1.0,54.0,,1.0,,,,,2.0,5.0,5.0,,,,15.0,,1.0,,4.0,,,1.0,,5.0,,1.0,1.0,1.0,1.0,1.0,1.0,1.0,1.0,1.0,1.0,,,,,,,6.0,3.0,3.0,3.0,3.0,5.0,6.0,6.0,4.0,2.0,75.0,75.0,80.0,65.0,65.0,80.0,75.0,65.0,40.0,40.0,1.0,2.0,1.0,2.0,2.0,1.0,1.0,1.0,2.0,1.0,1.0,1.0,1.0,2.0,1.0,1.0,1.0,1.0,1.0,1.0,2.0,1.0,2.0,1.0,1.0,2.0,1.0,1.0,1.0,1.0,1.0,1.0,1.0,1.0,2.0,1.0,2.0,1.0,1.0,1.0
1668,4,4,4,3,4,4,4,3,2,2,70.0,,,,5.0,4.0,2.0,,,,,6.0,,,1.0,,2.0,,,,2.0,4.0,5.0,,,,15.0,,,1.0,,,2.0,1.0,,,5.0,,,,,,,,,,,1.0,1.0,1.0,1.0,1.0,1.0,6.0,3.0,2.0,2.0,3.0,5.0,6.0,6.0,3.0,,,,,,,,,,,,1.0,1.0,2.0,2.0,1.0,1.0,1.0,2.0,2.0,1.0,2.0,2.0,1.0,2.0,2.0,1.0,1.0,1.0,2.0,1.0,1.0,1.0,2.0,2.0,1.0,1.0,2.0,1.0,1.0,1.0,1.0,2.0,1.0,1.0,2.0,2.0,2.0,1.0,2.0,1.0
474,4,5,5,3,4,5,5,4,2,2,,30.0,,2.0,,,,,,,,6.0,1.0,54.0,,,2.0,,,,2.0,5.0,5.0,,,,,15.0,,1.0,4.0,,,1.0,,,5.0,,,,,,,,,,,1.0,1.0,1.0,1.0,1.0,1.0,6.0,3.0,2.0,3.0,3.0,5.0,6.0,6.0,4.0,2.0,65.0,70.0,75.0,50.0,55.0,70.0,70.0,60.0,35.0,40.0,2.0,1.0,2.0,1.0,1.0,1.0,2.0,1.0,1.0,2.0,1.0,2.0,1.0,1.0,1.0,2.0,1.0,2.0,1.0,1.0,2.0,1.0,1.0,1.0,1.0,2.0,2.0,1.0,1.0,1.0,1.0,2.0,1.0,1.0,1.0,1.0,1.0,1.0,2.0,1.0
507,2,4,4,2,3,3,4,2,3,2,70.0,,2.0,,,,,,,,6.0,,1.0,54.0,,,2.0,,,,,,,2.0,4.0,5.0,15.0,,,1.0,,4.0,,1.0,,,5.0,,,,,,,,,,,1.0,1.0,1.0,1.0,1.0,1.0,7.0,3.0,3.0,3.0,3.0,5.0,6.0,6.0,3.0,2.0,,,,,,,,,,,,,,,,,,,,,,,,,,,,,,,,,,,,,,,,,,,,,,,,,,
692,4,4,4,2,3,3,4,2,2,3,,30.0,2.0,,,,,5.0,4.0,2.0,6.0,,,,1.0,,2.0,3.0,4.0,5.0,,,,,,,15.0,,1.0,,4.0,,,,1.0,5.0,,1.0,1.0,1.0,1.0,1.0,1.0,1.0,1.0,1.0,1.0,,,,,,,6.0,3.0,3.0,3.0,3.0,5.0,6.0,6.0,4.0,,,,,,,,,,,,,,,,,,,,,,,,,,,,,,,,,,,,,,,,,,,,,,,,,,,
268,5,5,5,4,4,5,5,5,2,2,,30.0,,2.0,,,,,,,6.0,,1.0,54.0,,1.0,,,,,2.0,5.0,5.0,,,,,15.0,,1.0,,,3.0,1.0,,5.0,,,,,,,,,,,,1.0,1.0,1.0,1.0,1.0,1.0,7.0,3.0,3.0,3.0,4.0,6.0,6.0,6.0,4.0,2.0,75.0,75.0,75.0,65.0,65.0,75.0,75.0,75.0,40.0,40.0,2.0,1.0,1.0,2.0,1.0,2.0,1.0,2.0,1.0,1.0,2.0,1.0,1.0,2.0,2.0,1.0,1.0,2.0,1.0,2.0,2.0,2.0,1.0,2.0,1.0,1.0,2.0,1.0,1.0,1.0,1.0,1.0,1.0,1.0,1.0,1.0,1.0,1.0,2.0,2.0
1975,5,5,5,4,4,5,5,4,2,2,,30.0,5.0,,,,,5.0,4.0,2.0,6.0,,1.0,54.0,,,2.0,,,,,,,2.0,5.0,5.0,15.0,,1.0,,,,3.0,,1.0,,5.0,,,,,,,,,,,1.0,1.0,1.0,1.0,1.0,1.0,7.0,3.0,2.0,3.0,3.0,5.0,6.0,6.0,,,,,,,,,,,,,,,,,,,,,,,,,,,,,,,,,,,,,,,,,,,,,,,,,,,,
1806,2,3,3,2,3,3,3,2,4,3,,30.0,5.0,,,,,5.0,4.0,2.0,,6.0,1.0,54.0,,,2.0,,,,2.0,4.0,5.0,,,,,15.0,1.0,,,4.0,,1.0,,5.0,,,,,,,,,,,,1.0,1.0,1.0,1.0,1.0,1.0,6.0,3.0,3.0,3.0,3.0,5.0,6.0,6.0,3.0,2.0,50.0,45.0,45.0,40.0,45.0,45.0,45.0,40.0,55.0,45.0,1.0,2.0,1.0,1.0,2.0,1.0,2.0,1.0,1.0,2.0,1.0,1.0,2.0,1.0,2.0,1.0,2.0,1.0,2.0,1.0,1.0,2.0,1.0,1.0,2.0,1.0,1.0,1.0,1.0,1.0,1.0,1.0,1.0,2.0,1.0,1.0,1.0,1.0,1.0,1.0
1253,5,5,5,4,4,5,5,5,2,2,70.0,,,2.0,,,,,,,6.0,,,,1.0,1.0,,,,,,,,2.0,5.0,5.0,15.0,,,1.0,,,,,,,,,,,,,,,,,,,,,,,,,,,,,,,,,,,,,,,,,,,,,,,,,,,,,,,,,,,,,,,,,,,,,,,,,,,,,,,,,,,
1320,5,5,5,5,5,5,5,4,2,2,70.0,,,2.0,,,,,,,,6.0,,,1.0,,2.0,,,,2.0,5.0,5.0,,,,15.0,,,1.0,,,2.0,1.0,,5.0,,1.0,1.0,1.0,1.0,1.0,1.0,1.0,1.0,1.0,1.0,,,,,,,7.0,3.0,3.0,3.0,3.0,5.0,6.0,6.0,4.0,,,,,,,,,,,,2.0,1.0,2.0,1.0,1.0,1.0,1.0,2.0,1.0,1.0,1.0,2.0,1.0,2.0,1.0,2.0,1.0,1.0,1.0,1.0,1.0,1.0,1.0,2.0,1.0,1.0,1.0,1.0,1.0,2.0,1.0,1.0,1.0,2.0,1.0,2.0,1.0,2.0,2.0,1.0
653,4,4,4,2,3,4,4,3,2,2,65.0,,,2.0,5.0,4.0,2.0,,,,,6.0,1.0,54.0,,1.0,,,,,3.0,4.0,5.0,,,,15.0,,1.0,,4.0,,,,1.0,,5.0,1.0,1.0,1.0,1.0,1.0,1.0,1.0,1.0,1.0,1.0,,,,,,,6.0,3.0,3.0,3.0,3.0,5.0,6.0,6.0,4.0,2.0,65.0,60.0,60.0,40.0,50.0,60.0,60.0,45.0,35.0,35.0,1.0,1.0,1.0,1.0,2.0,2.0,1.0,1.0,1.0,1.0,2.0,2.0,2.0,1.0,1.0,1.0,2.0,2.0,1.0,1.0,1.0,1.0,1.0,1.0,1.0,1.0,2.0,2.0,2.0,1.0,1.0,1.0,1.0,2.0,1.0,2.0,1.0,1.0,1.0,2.0
720,1,2,2,1,2,2,3,1,1,1,,30.0,1.0,,,,,5.0,4.0,2.0,,6.0,,,1.0,,2.0,,,,,,,2.0,2.0,2.0,,15.0,,1.0,,,3.0,,,,,,,,,,,,,,,,,,,,,,,,,,,,,,,20.0,30.0,30.0,15.0,25.0,25.0,40.0,15.0,10.0,10.0,2.0,1.0,2.0,1.0,1.0,2.0,1.0,2.0,2.0,1.0,2.0,2.0,2.0,1.0,1.0,2.0,1.0,2.0,1.0,2.0,2.0,1.0,1.0,1.0,2.0,1.0,1.0,2.0,2.0,1.0,1.0,1.0,1.0,2.0,1.0,2.0,1.0,2.0,2.0,1.0
